1GMH-E-F	Negative	0.902815	0.097185
1DOW-B-A	Negative	0.825556	0.174444
1XMO-V-M	Positive	0.113346	0.886654
1QKA-B-A	Positive	0.324485	0.675515
1UF2-K-A	Positive	0.215793	0.784207
1FZG-M-B	Positive	0.231372	0.768628
1P13-D-A	Negative	0.5	0.5
1YDT-I-E	Negative	0.540359	0.459641
1T7D-C-A	Positive	0.438296	0.561704
1D4P-A-B	Negative	0.756835	0.243165
1D4P-H-B	Negative	0.582526	0.417474
1YPH-B-D	Negative	0.821259	0.178741
1U92-C-A	Positive	0.32649	0.67351
1JAN-I-A	Positive	0.407426	0.592574
1GTJ-3-1	Positive	0.450446	0.549554
1QJ7-A-B	Negative	0.671091	0.328909
1QJ7-I-B	Negative	0.573649	0.426351
1F4V-D-A	Negative	0.911562	0.0884383
1RGJ-B-A	Negative	0.598401	0.401599
1T65-B-A	Negative	0.555708	0.444292
1HR9-O-B	Negative	0.516078	0.483922
1G6R-P-A	Negative	0.687178	0.312822
1N6D-G-A	Positive	0.277075	0.722925
1CQT-I-A	Negative	0.485901	0.514099
1CQT-J-A	Negative	0.475416	0.524584
1EG4-P-A	Positive	0.428349	0.571651
1OYT-L-H	Negative	0.757205	0.242795
1OYT-I-H	Negative	0.563291	0.436709
1AS4-B-A	Negative	0.63814	0.36186
1G1E-A-B	Negative	0.820215	0.179785
1SGI-A-B	Negative	0.708445	0.291555
1SGI-D-E	Negative	0.714891	0.285109
1I1F-C-A	Negative	0.802017	0.197983
1K4U-P-S	Positive	0.340325	0.659675
1BMB-I-A	Negative	0.5	0.5
1THR-I-H	Negative	0.566286	0.433714
1MT1-A-B	Negative	0.874307	0.125693
1MT1-C-B	Negative	0.860084	0.139916
1MT1-E-B	Negative	0.880035	0.119965
1MT1-G-B	Negative	0.856387	0.143613
1MT1-I-H	Negative	0.856448	0.143552
1MT1-K-H	Negative	0.906335	0.093665
1U8P-C-A	Positive	0.278168	0.721832
1Z71-B-A	Negative	0.61163	0.38837
1TVH-C-A	Negative	0.789414	0.210586
1TVH-F-D	Negative	0.789414	0.210586
1FFK-Y-P	Positive	0.311541	0.688459
1H9H-I-E	Negative	0.5	0.5
1IQ5-B-A	Negative	0.695802	0.304198
1X3Z-I-A	Negative	0.485888	0.514112
1NRO-L-H	Negative	0.66474	0.33526
1NRO-R-H	Negative	0.535904	0.464096
1B3G-B-A	Positive	0.345112	0.654888
1OGT-C-A	Positive	0.370452	0.629548
1J4Q-B-A	Negative	0.85045	0.14955
1RBC-S-A	Positive	0.421756	0.578244
1HAJ-B-A	Negative	0.542355	0.457645
1H6E-P-A	Negative	0.697785	0.302215
1KUK-B-A	Positive	0.366901	0.633099
1Z7Z-5-1	Negative	0.541307	0.458693
1Z7Z-4-3	Negative	0.602801	0.397199
1HRI-4-1	Negative	0.666792	0.333208
1TMT-I-H	Positive	0.303327	0.696673
1TMT-J-H	Negative	0.578421	0.421579
1UTI-D-A	Positive	0.16779	0.83221
1YVL-C-A	Positive	0.288787	0.711213
1RH5-C-A	Negative	0.920093	0.0799074
1TJK-I-A	Negative	0.459511	0.540489
1AW8-A-B	Negative	0.855098	0.144902
1ZY1-D-A	Positive	0.380208	0.619792
1Q4Q-O-A	Positive	0.261935	0.738065
1Q4Q-R-A	Positive	0.353708	0.646292
1YM2-X-A	Negative	0.552654	0.447346
1MFG-B-A	Negative	0.913674	0.086326
1CFA-B-A	Negative	0.472638	0.527362
1BQP-B-A	Negative	0.865756	0.134244
1BQP-D-A	Negative	0.865756	0.134244
1I7U-C-A	Negative	0.942488	0.0575125
1FZO-P-A	Negative	0.857124	0.142876
1OEB-D-A	Positive	0.251376	0.748624
1L3E-A-B	Negative	0.761238	0.238762
1PRM-A-C	Negative	0.629304	0.370696
1Z9O-G-A	Positive	0.347134	0.652866
1QUR-I-H	Positive	0.412551	0.587449
1W3C-C-A	Negative	0.906852	0.0931479
1KUJ-B-A	Positive	0.442659	0.557341
1KUJ-D-A	Negative	0.485084	0.514916
1KUJ-F-A	Negative	0.733143	0.266857
1KUJ-H-C	Negative	0.594061	0.405939
1FC2-C-D	Negative	0.681135	0.318865
1AKJ-C-A	Negative	0.837632	0.162368
1YTF-C-A	Negative	0.773501	0.226499
1YTF-B-D	Negative	0.850642	0.149358
1TNO-M-A	Negative	0.582	0.418
1ZVZ-B-A	Negative	0.938675	0.0613253
1AR9-0-1	Positive	0.197429	0.802571
1XXV-C-A	Positive	0.378218	0.621782
1XXV-D-A	Positive	0.435819	0.564181
1BM2-L-A	Negative	0.579421	0.420579
1V54-K-A	Negative	0.82656	0.17344
1V54-L-A	Negative	0.800261	0.199739
1V54-M-A	Negative	0.715638	0.284362
1V54-Y-N	Negative	0.800261	0.199739
1YY6-B-A	Positive	0.208895	0.791105
1D0A-G-A	Positive	0.305319	0.694681
1Z3P-S-E	Positive	0.367839	0.632161
1ZBE-4-1	Negative	0.685834	0.314166
1IDG-B-A	Negative	0.641667	0.358333
1TFC-C-A	Negative	0.655341	0.344659
1TFC-D-B	Negative	0.514312	0.485688
1ID5-L-H	Negative	0.686115	0.313885
1S7U-C-A	Negative	0.845967	0.154033
1OV3-C-A	Positive	0.112194	0.887806
1OW7-D-A	Negative	0.715425	0.284575
1VWL-M-B	Positive	0.125063	0.874937
1PQ1-B-A	Negative	0.777019	0.222981
1JGN-B-A	Negative	0.860943	0.139057
1GNG-X-A	Negative	0.629367	0.370633
1KAT-X-V	Negative	0.666112	0.333888
1T1X-C-A	Negative	0.890076	0.109924
1T37-P-A	Negative	0.680506	0.319494
1OK7-C-B	Negative	0.792429	0.207571
1PTS-P-B	Positive	0.326031	0.673969
1LF8-E-A	Negative	0.587167	0.412833
1IHT-L-H	Negative	0.7129	0.2871
1IHT-I-H	Negative	0.480299	0.519701
1MXE-E-A	Negative	0.489676	0.510324
1I4F-C-A	Negative	0.631744	0.368256
1DD4-C-A	Negative	0.938779	0.0612205
1DD4-D-A	Negative	0.945977	0.0540233
1EFX-C-A	Negative	0.938032	0.0619676
1B05-B-A	Positive	0.319805	0.680195
1OO4-B-A	Negative	0.810223	0.189777
1T5W-C-A	Negative	0.837775	0.162225
1GBQ-B-A	Positive	0.264451	0.735549
1VAC-P-A	Negative	0.5	0.5
1I8I-C-A	Negative	0.464733	0.535267
1YMM-C-A	Negative	0.559873	0.440127
1TSU-P-A	Negative	0.51048	0.48952
1ZTZ-P-A	Negative	0.569838	0.430162
1M43-C-A	Negative	0.513068	0.486932
1B0N-B-A	Negative	0.90908	0.0909202
1NRP-R-H	Negative	0.551036	0.448964
1DUY-C-A	Negative	0.847696	0.152304
1MVK-E-H	Negative	0.808171	0.191829
1MVK-F-H	Negative	0.824086	0.175914
1MVK-G-H	Negative	0.827278	0.172722
1MVK-I-H	Negative	0.820396	0.179604
1MVK-K-H	Negative	0.824086	0.175914
1MVK-L-H	Negative	0.829436	0.170564
1BDT-D-B	Negative	0.769553	0.230447
1BXX-P-A	Positive	0.447081	0.552919
1BCU-L-H	Negative	0.70001	0.29999
1AOU-P-F	Negative	0.603533	0.396467
1WCY-C-A	Negative	0.520709	0.479291
1KTR-P-L	Positive	0.353348	0.646652
1EEY-C-A	Negative	0.928987	0.0710134
1WS5-F-A	Negative	0.458454	0.541546
1DDH-P-A	Negative	0.608977	0.391023
1S7V-C-A	Negative	0.92162	0.0783803
1K2N-P-A	Negative	0.683642	0.316358
1PFG-B-A	Negative	0.64968	0.35032
1TP3-B-A	Positive	0.32393	0.67607
1JGE-C-A	Negative	0.765619	0.234381
1IQ1-A-C	Negative	0.520895	0.479105
1IQ1-B-C	Positive	0.369264	0.630736
1IM9-C-A	Negative	0.765093	0.234907
1Q0W-A-B	Negative	0.491509	0.508491
1JMT-B-A	Negative	0.664982	0.335018
1LOD-B-A	Negative	0.87879	0.12121
1LOD-D-A	Negative	0.880983	0.119017
1ZT1-P-A	Negative	0.820647	0.179353
1HBT-I-H	Positive	0.386065	0.613935
1OZB-I-A	Positive	0.355739	0.644261
1H8B-B-A	Negative	0.758607	0.241393
1ND2-D-A	Negative	0.601707	0.398293
1A6A-C-A	Negative	0.747272	0.252728
1XXP-C-A	Negative	0.466426	0.533574
1BR8-P-I	Negative	0.839008	0.160992
1TG4-I-A	Negative	0.515209	0.484791
1GJ7-A-B	Negative	0.527231	0.472769
1QNZ-P-H	Negative	0.63018	0.36982
1GBD-P-A	Negative	0.511829	0.488171
1GEC-I-E	Negative	0.533641	0.466359
1TN6-C-A	Positive	0.188062	0.811938
1JK8-C-A	Negative	0.952107	0.0478928
1YC5-B-A	Positive	0.245327	0.754673
1J80-A-B	Positive	0.437198	0.562802
1N59-P-A	Negative	0.881956	0.118044
1FV1-C-A	Positive	0.307067	0.692933
1FV1-F-D	Positive	0.373284	0.626716
1QIX-A-B	Negative	0.569875	0.430125
1M1D-B-A	Positive	0.367486	0.632514
1B7X-C-B	Positive	0.369259	0.630741
1AYC-P-A	Negative	0.469037	0.530963
1UEF-C-A	Negative	0.667966	0.332034
1UEF-D-B	Negative	0.469378	0.530622
1PJM-A-B	Positive	0.273194	0.726806
1ZSG-B-A	Positive	0.276475	0.723525
1RK1-P-A	Negative	0.697795	0.302205
1HV2-B-A	Negative	0.721968	0.278032
1ORY-B-A	Negative	0.872781	0.127219
1BA8-A-B	Negative	0.712285	0.287715
1BA8-C-B	Negative	0.5	0.5
1N0W-B-A	Negative	0.644595	0.355405
1ZV8-H-G	Negative	0.846946	0.153054
1ZV8-I-G	Negative	0.639593	0.360407
1ZV8-L-G	Negative	0.876721	0.123279
1ZV8-J-K	Negative	0.893243	0.106757
1D5D-A-B	Negative	0.560001	0.439999
1YCQ-B-A	Negative	0.617698	0.382302
1KUG-B-A	Positive	0.375836	0.624164
1Z8Y-I-B	Negative	0.920935	0.079065
1Z8Y-J-Q	Negative	0.891049	0.108951
1RHK-C-A	Positive	0.375376	0.624624
1JF1-C-A	Negative	0.923499	0.0765007
1SYV-C-A	Positive	0.45194	0.54806
1POP-B-A	Negative	0.52755	0.47245
1PQ8-C-A	Positive	0.357401	0.642599
1OXN-F-E	Negative	0.664626	0.335374
1YF4-B-A	Positive	0.349876	0.650124
1WM0-Y-X	Positive	0.406199	0.593801
1UH0-B-A	Positive	0.356248	0.643752
1I3Q-L-B	Negative	0.739191	0.260809
1T1Z-C-A	Negative	0.947454	0.0525459
1GKT-B-A	Positive	0.432832	0.567168
1R5V-E-A	Negative	0.907917	0.0920831
1GDN-B-A	Positive	0.428034	0.571966
1DPU-B-A	Negative	0.766466	0.233534
1URC-E-B	Positive	0.430796	0.569204
1R5W-E-A	Negative	0.887098	0.112902
1AGF-C-A	Positive	0.308363	0.691637
1GDU-B-A	Positive	0.412958	0.587042
1P7W-B-A	Positive	0.412088	0.587912
1F95-C-A	Positive	0.144131	0.855869
1W80-P-A	Positive	0.437882	0.562118
1W80-Q-A	Positive	0.34546	0.65454
1VRK-B-A	Positive	0.331145	0.668855
1RXZ-B-A	Positive	0.378398	0.621602
1VWN-P-B	Negative	0.5	0.5
1IXS-A-B	Negative	0.93031	0.0696902
1O0D-L-H	Negative	0.652872	0.347128
1O0D-D-H	Positive	0.430975	0.569025
1FPC-L-H	Negative	0.700078	0.299922
1O5B-A-B	Positive	0.404949	0.595051
1AWQ-B-A	Negative	0.729006	0.270994
1PD0-B-A	Positive	0.28166	0.71834
1MK9-A-B	Negative	0.747601	0.252399
1MK9-C-B	Negative	0.711233	0.288767
1MK9-E-F	Negative	0.772605	0.227395
1FCH-C-A	Positive	0.351459	0.648541
1STC-I-E	Positive	0.356394	0.643606
1YU6-D-B	Negative	0.558108	0.441892
1M4P-B-A	Positive	0.0961794	0.903821
1N13-A-B	Negative	0.874307	0.125693
1N13-C-B	Negative	0.860084	0.139916
1N13-G-B	Negative	0.856387	0.143613
1N13-K-H	Negative	0.895102	0.104898
1KJV-P-A	Negative	0.656407	0.343593
1TPS-B-A	Positive	0.437718	0.562282
1KZU-B-A	Negative	0.944275	0.0557248
1KBG-P-H	Negative	0.761273	0.238727
1OGA-C-A	Negative	0.870513	0.129487
1FQJ-C-A	Negative	0.930564	0.0694358
1F93-E-A	Negative	0.926799	0.0732014
1F93-F-A	Negative	0.894338	0.105662
1F93-G-C	Negative	0.908648	0.091352
1F93-H-C	Negative	0.903871	0.0961288
1XDT-R-T	Negative	0.668732	0.331268
1JD6-B-A	Negative	0.59095	0.40905
1T63-B-A	Negative	0.62283	0.37717
1HTM-A-B	Negative	0.683184	0.316816
1HTM-E-B	Negative	0.789644	0.210356
1HTM-C-D	Negative	0.789376	0.210624
1FI8-D-A	Negative	0.912754	0.0872459
1H3O-A-B	Negative	0.813206	0.186794
1H24-E-B	Negative	0.491944	0.508056
1NH2-C-A	Negative	0.793727	0.206273
1NH2-B-D	Negative	0.860121	0.139879
1DUZ-C-A	Negative	0.890065	0.109935
1NOV-D-A	Negative	0.730657	0.269343
1NOV-F-A	Negative	0.780878	0.219122
1Q94-C-A	Negative	0.705135	0.294865
1X7Q-C-A	Positive	0.126908	0.873092
1Q5L-B-A	Negative	0.5	0.5
1F3R-A-B	Negative	0.629939	0.370061
1VBA-0-4	Negative	0.577903	0.422097
1E27-C-A	Negative	0.741676	0.258324
1MV0-A-B	Positive	0.162028	0.837972
1X27-I-A	Positive	0.369005	0.630995
1X27-L-A	Positive	0.379603	0.620397
1X27-M-A	Positive	0.407018	0.592982
1SFI-I-A	Positive	0.274113	0.725887
1Y66-B-A	Negative	0.724172	0.275828
1Y66-C-A	Negative	0.750543	0.249457
1IYJ-A-B	Negative	0.72546	0.27454
1L6X-B-A	Negative	0.575187	0.424813
1KA7-B-A	Negative	0.538053	0.461947
1INQ-C-A	Negative	0.811057	0.188943
1QTN-C-A	Positive	0.385335	0.614665
1TMC-C-A	Positive	0.42172	0.57828
1TK2-B-A	Negative	0.80652	0.19348
1J4X-D-A	Positive	0.279156	0.720844
1B8D-G-B	Positive	0.368132	0.631868
1OM9-P-A	Negative	0.536532	0.463468
1OM9-Q-B	Negative	0.617397	0.382603
1MDJ-B-A	Negative	0.639738	0.360262
1Z8I-A-B	Negative	0.688583	0.311417
1ZY3-B-A	Negative	0.685813	0.314187
1P11-P-E	Negative	0.632095	0.367905
1P11-I-E	Negative	0.511829	0.488171
1IID-O-A	Negative	0.881635	0.118365
1JVQ-C-I	Negative	0.468183	0.531817
1JVQ-D-I	Positive	0.399436	0.600564
1OBY-P-A	Positive	0.368036	0.631964
1OBY-Q-A	Positive	0.365089	0.634911
1M57-D-A	Negative	0.938475	0.0615247
1JJO-A-C	Negative	0.908447	0.091553
1JJO-E-C	Negative	0.847519	0.152481
1UWX-P-H	Negative	0.479496	0.520504
1DKY-C-A	Negative	0.615799	0.384201
1PP9-I-A	Negative	0.816278	0.183722
1T01-B-A	Negative	0.702753	0.297247
1XTC-C-A	Negative	0.609834	0.390166
1MU8-C-B	Negative	0.542299	0.457701
1XU1-R-A	Negative	0.605144	0.394856
1XU1-T-A	Negative	0.606733	0.393267
1XU1-S-B	Negative	0.59765	0.40235
1LJ2-C-A	Positive	0.438996	0.561004
1LJ2-D-A	Positive	0.266662	0.733338
1SY9-B-A	Negative	0.784401	0.215599
1M4H-C-A	Negative	0.453498	0.546502
1QC6-C-A	Positive	0.282583	0.717417
1QC6-D-B	Positive	0.370674	0.629326
1JYR-L-A	Negative	0.469864	0.530136
1TP8-B-A	Negative	0.556428	0.443572
1ZAF-C-A	Negative	0.512434	0.487566
1JYC-P-A	Negative	0.598256	0.401744
1G3F-B-A	Negative	0.576681	0.423319
1M2Z-B-A	Negative	0.626813	0.373187
1O9K-P-A	Negative	0.928508	0.0714923
1SYQ-B-A	Negative	0.742067	0.257933
1Q2D-B-A	Positive	0.250863	0.749137
1F2S-I-E	Negative	0.672134	0.327866
1P93-E-A	Negative	0.813398	0.186602
1JBP-S-E	Positive	0.447269	0.552731
1KYF-P-A	Positive	0.297183	0.702817
1JG3-C-A	Negative	0.546503	0.453497
1LWU-M-B	Positive	0.231372	0.768628
1LWU-N-E	Positive	0.231372	0.768628
1T34-H-A	Negative	0.692744	0.307256
1KJ4-P-A	Negative	0.732722	0.267278
1KJ4-S-A	Negative	0.806997	0.193003
1UKI-B-A	Positive	0.268986	0.731014
1N4S-M-A	Negative	0.573818	0.426182
1N4S-R-K	Negative	0.604869	0.395131
1W0W-C-A	Negative	0.551744	0.448256
1XF5-P-A	Negative	0.644306	0.355694
1XF5-Q-C	Negative	0.940209	0.0597907
1CQH-B-A	Negative	0.579147	0.420853
1UK4-G-A	Positive	0.250854	0.749146
1UK4-K-B	Positive	0.250854	0.749146
1X7E-C-A	Positive	0.447254	0.552746
1CZZ-D-A	Negative	0.587937	0.412063
1CZZ-E-B	Negative	0.678298	0.321702
1OJH-B-A	Negative	0.814376	0.185624
1KBH-A-B	Negative	0.796983	0.203017
1AKH-A-B	Negative	0.744611	0.255389
1KZZ-B-A	Positive	0.23364	0.76636
1UJJ-C-A	Negative	0.464293	0.535707
1T7M-B-A	Positive	0.353787	0.646213
1FIZ-L-A	Negative	0.550991	0.449009
1W72-C-A	Positive	0.346712	0.653288
1Y7L-P-A	Negative	0.558299	0.441701
1ZDT-P-A	Negative	0.695212	0.304788
1ZDT-Q-B	Negative	0.78926	0.21074
1FPH-I-H	Negative	0.613495	0.386505
1FPH-F-H	Negative	0.89278	0.10722
1LHC-I-H	Negative	0.547752	0.452248
1F0C-B-A	Negative	0.783714	0.216286
1RPQ-W-A	Negative	0.815312	0.184688
1RPQ-Z-B	Negative	0.815312	0.184688
1OR8-B-A	Negative	0.600277	0.399723
1OR8-C-A	Negative	0.5	0.5
1OR8-D-A	Negative	0.567323	0.432677
1OR8-E-A	Negative	0.607421	0.392579
1T5Z-B-A	Negative	0.523422	0.476578
1PJP-I-A	Positive	0.450944	0.549056
1ABT-B-A	Positive	0.439379	0.560621
1YWO-P-A	Positive	0.163553	0.836447
1U93-C-A	Positive	0.291505	0.708495
1DE7-A-H	Negative	0.906978	0.0930221
1F96-C-A	Positive	0.445832	0.554168
1DLH-C-A	Negative	0.562971	0.437029
1OCO-L-A	Negative	0.779558	0.220442
1OCO-M-A	Negative	0.715638	0.284362
1UM2-C-A	Positive	0.391433	0.608567
1VJ6-B-A	Negative	0.687338	0.312662
1CLV-I-A	Positive	0.333619	0.666381
1F90-E-L	Negative	0.744386	0.255614
1VQN-2-S	Positive	0.266485	0.733515
1UVQ-C-A	Negative	0.814909	0.185091
1UOQ-B-A	Positive	0.384392	0.615608
1EEN-B-A	Negative	0.830218	0.169782
1TJG-P-L	Positive	0.41389	0.58611
1ZHL-C-A	Negative	0.551865	0.448135
1HSB-C-A	Negative	0.580242	0.419758
1OTR-A-B	Negative	0.729954	0.270046
1LEW-B-A	Negative	0.737439	0.262561
1ED3-C-A	Negative	0.540066	0.459934
1TQ7-A-B	Negative	0.63127	0.36873
1CMK-I-E	Negative	0.540359	0.459641
1FZC-G-C	Positive	0.220199	0.779801
1FZC-J-E	Positive	0.231372	0.768628
1QWE-B-A	Positive	0.227277	0.772723
1N8O-A-B	Negative	0.836039	0.163961
1XQH-B-A	Positive	0.262172	0.737828
1PMX-B-A	Negative	0.732012	0.267988
1RJY-P-A	Negative	0.626655	0.373345
1E0A-B-A	Negative	0.588736	0.411264
1URL-B-A	Positive	0.325505	0.674495
1B0G-C-A	Negative	0.884729	0.115271
1CZY-D-A	Positive	0.14048	0.85952
1CZY-E-C	Positive	0.14048	0.85952
1TN7-C-A	Negative	0.60772	0.39228
1H2K-S-A	Negative	0.895146	0.104854
1UJK-C-A	Negative	0.552815	0.447185
1U8M-C-A	Positive	0.421814	0.578186
1RIN-D-A	Negative	0.855118	0.144882
1AN1-I-E	Negative	0.560628	0.439372
1CFT-C-A	Negative	0.672018	0.327982
1XQY-Q-A	Negative	0.4654	0.5346
1TQ0-A-B	Negative	0.719888	0.280112
1IS0-C-A	Positive	0.379492	0.620508
1LOP-B-A	Negative	0.529894	0.470106
1KUI-B-A	Positive	0.372871	0.627129
1EOJ-B-A	Positive	0.416986	0.583014
1P9D-S-U	Negative	0.826192	0.173808
1T79-B-A	Negative	0.705098	0.294902
1OAU-I-M	Negative	0.856724	0.143276
1OAU-K-O	Negative	0.830587	0.169413
1R2B-C-A	Negative	0.753469	0.246531
1R2B-D-A	Negative	0.843357	0.156643
1GHA-P-F	Negative	0.57205	0.42795
1U8Q-C-A	Positive	0.429549	0.570451
1BTH-L-H	Negative	0.736671	0.263329
1OW6-F-C	Negative	0.803773	0.196227
1CJQ-A-B	Positive	0.437198	0.562802
1D6E-D-A	Positive	0.345847	0.654153
1KY6-P-A	Positive	0.398694	0.601306
1B52-B-A	Positive	0.291385	0.708615
1AZG-A-B	Positive	0.0901998	0.9098
1R64-C-A	Positive	0.3671	0.6329
1OJ5-B-A	Negative	0.678063	0.321937
1T74-B-A	Negative	0.509531	0.490469
1XOC-B-A	Positive	0.263097	0.736903
1JGD-C-A	Negative	0.461439	0.538561
1BLL-I-E	Negative	0.454671	0.545329
1RF3-B-A	Positive	0.206165	0.793835
1D0J-G-A	Positive	0.338679	0.661321
1D0J-I-D	Positive	0.357756	0.642244
1D0J-J-E	Positive	0.357756	0.642244
1I7R-C-A	Negative	0.767169	0.232831
1KLG-C-A	Negative	0.856375	0.143625
1YDP-P-A	Negative	0.580797	0.419203
1JBD-B-A	Negative	0.513574	0.486426
1VWG-P-B	Positive	0.311901	0.688099
1TSQ-P-A	Negative	0.629895	0.370105
1GBR-B-A	Positive	0.330137	0.669863
1CM4-B-A	Negative	0.807237	0.192763
1LGC-D-A	Negative	0.872955	0.127045
1LGC-J-E	Positive	0.292783	0.707217
1HRT-L-H	Negative	0.737655	0.262345
1E28-C-A	Negative	0.679752	0.320248
1K3A-B-A	Negative	0.661381	0.338619
1AI1-P-L	Negative	0.67869	0.32131
1S7T-C-A	Negative	0.877742	0.122258
1K22-L-H	Negative	0.722998	0.277002
1ZBW-D-A	Positive	0.367989	0.632011
1A5H-C-A	Negative	0.474029	0.525971
1D5M-D-A	Negative	0.517477	0.482523
1Q3L-P-A	Positive	0.17822	0.82178
1M7E-D-A	Positive	0.313003	0.686997
1TDV-B-A	Negative	0.507238	0.492762
1JSP-A-B	Positive	0.322927	0.677073
1JMU-A-B	Negative	0.644745	0.355255
1JMU-C-B	Negative	0.644745	0.355255
1BXP-B-A	Negative	0.459989	0.540011
1UEL-B-A	Negative	0.694979	0.305021
1SIO-D-A	Positive	0.445803	0.554197
1MCV-I-A	Negative	0.679612	0.320388
1HR8-O-A	Negative	0.576786	0.423214
1HR8-P-C	Positive	0.444274	0.555726
1HR8-Q-F	Negative	0.514009	0.485991
1HR8-R-H	Positive	0.237141	0.762859
1NAK-P-L	Negative	0.488054	0.511946
1KZP-C-A	Negative	0.561673	0.438327
1FRG-P-L	Negative	0.657288	0.342712
1F8H-B-A	Positive	0.214324	0.785676
1DS5-E-A	Negative	0.866855	0.133145
1DS5-F-A	Negative	0.898142	0.101858
1QJB-Q-A	Negative	0.477122	0.522878
1QJB-S-B	Positive	0.332359	0.667641
1FHR-P-A	Negative	0.560984	0.439016
1RQQ-E-A	Negative	0.795558	0.204442
1RQQ-F-B	Negative	0.795684	0.204316
1TNB-M-A	Negative	0.575827	0.424173
1W9O-T-A	Positive	0.368052	0.631948
1TA2-B-A	Negative	0.766298	0.233702
1ZW2-B-A	Negative	0.903388	0.0966121
1XH5-B-A	Negative	0.540359	0.459641
1JY2-N-O	Negative	0.544592	0.455408
1JY2-P-O	Negative	0.796144	0.203856
1JY2-R-O	Negative	0.549432	0.450568
1JY2-S-O	Negative	0.842987	0.157013
1V6D-B-A	Negative	0.663405	0.336595
1C9I-C-A	Negative	0.911483	0.0885172
1C9I-D-B	Negative	0.782842	0.217158
1FOD-4-1	Negative	0.723973	0.276027
1S7X-C-A	Negative	0.839165	0.160835
1AL0-B-F	Negative	0.778757	0.221243
1CTP-I-E	Negative	0.494375	0.505625
1JEG-B-A	Negative	0.522806	0.477194
1XWJ-B-A	Negative	0.799874	0.200126
1MCT-I-A	Negative	0.618077	0.381923
1AXC-B-A	Positive	0.326337	0.673663
1D5H-A-B	Positive	0.364746	0.635254
1YBO-D-B	Positive	0.368127	0.631873
1NT9-L-B	Negative	0.739191	0.260809
1YY4-C-A	Negative	0.56134	0.43866
1IO6-B-A	Negative	0.487237	0.512763
1TTW-B-A	Negative	0.848609	0.151391
1SV1-C-A	Negative	0.840331	0.159669
1B58-B-A	Positive	0.368296	0.631704
1GMD-E-F	Negative	0.836039	0.163961
1GMD-B-F	Positive	0.421301	0.578699
1UHL-C-A	Negative	0.5	0.5
1UHL-D-B	Negative	0.539754	0.460246
1CN3-F-A	Negative	0.795946	0.204054
1JP5-C-A	Negative	0.574999	0.425001
1YGU-C-A	Positive	0.218951	0.781049
1S5P-B-A	Positive	0.185984	0.814016
1D3E-4-1	Negative	0.601707	0.398293
1Y74-B-A	Negative	0.875768	0.124232
1SSB-B-A	Negative	0.63715	0.36285
1LB6-B-A	Positive	0.426897	0.573103
1YTJ-I-A	Positive	0.348369	0.651631
1VBS-B-A	Positive	0.392323	0.607677
1QS7-B-A	Positive	0.372323	0.627677
1QS7-D-C	Positive	0.446573	0.553427
1X9T-B-A	Negative	0.453867	0.546133
1DDV-B-A	Positive	0.261746	0.738254
1B8H-D-B	Negative	0.471412	0.528588
1D5G-B-A	Negative	0.803888	0.196112
1C5Y-A-B	Positive	0.341615	0.658385
1M46-B-A	Negative	0.471462	0.528538
1W7G-I-H	Negative	0.645514	0.354486
1SZA-Z-B	Positive	0.17438	0.82562
1MT9-P-A	Positive	0.149726	0.850274
1CFF-B-A	Negative	0.73868	0.26132
1SHH-D-E	Negative	0.744264	0.255736
1IAU-B-A	Positive	0.404489	0.595511
1FMD-4-1	Negative	0.720476	0.279524
1T15-B-A	Positive	0.173175	0.826825
1G0V-B-A	Negative	0.661553	0.338447
1H25-E-B	Positive	0.294758	0.705242
1PYW-C-A	Negative	0.765684	0.234316
1UGY-F-A	Positive	0.314516	0.685484
1W2B-5-O	Negative	0.878366	0.121634
1V18-B-A	Negative	0.921913	0.0780867
1UVU-L-H	Negative	0.635453	0.364547
1JK4-B-A	Negative	0.46999	0.53001
1XB7-P-A	Negative	0.808658	0.191342
1YN7-C-A	Negative	0.886981	0.113019
1T8Z-D-C	Negative	0.457904	0.542096
1SGH-B-A	Negative	0.630389	0.369611
1XME-C-A	Negative	0.925645	0.0743549
1IHJ-D-A	Positive	0.4426	0.5574
1UOP-B-A	Positive	0.390638	0.609362
1BH8-A-B	Negative	0.917891	0.082109
1I1Y-C-A	Negative	0.78334	0.21666
1G1X-C-A	Negative	0.812114	0.187886
1G1X-H-F	Negative	0.787488	0.212512
1MIZ-A-B	Positive	0.437193	0.562807
1VGK-C-A	Negative	0.772532	0.227468
1I51-E-A	Negative	0.785024	0.214976
1TZG-P-L	Positive	0.329984	0.670016
1NY2-4-2	Positive	0.184643	0.815357
1RBF-S-A	Positive	0.391097	0.608903
1EBA-C-A	Negative	0.481689	0.518311
1XCT-P-A	Negative	0.616267	0.383733
1XCT-Q-C	Negative	0.77412	0.22588
1NVR-B-A	Negative	0.455714	0.544286
1N5Z-P-A	Positive	0.434205	0.565795
1E6I-P-A	Positive	0.247723	0.752277
1ZHB-C-A	Negative	0.852863	0.147137
1ABI-L-H	Negative	0.660009	0.339991
1ABI-I-H	Positive	0.437467	0.562533
1T22-C-A	Negative	0.86605	0.13395
1YR5-B-A	Positive	0.341128	0.658872
1KJ7-P-A	Negative	0.741379	0.258621
1C1W-L-H	Negative	0.671091	0.328909
1PDQ-B-A	Negative	0.563451	0.436549
1JL4-C-A	Negative	0.565593	0.434407
1TB6-L-H	Negative	0.63348	0.36652
1NB3-P-A	Positive	0.0936278	0.906372
1JPW-D-A	Negative	0.836285	0.163715
1NAN-M-H	Negative	0.479692	0.520308
1JN5-C-B	Positive	0.427905	0.572095
1XOW-B-A	Negative	0.838536	0.161464
1KJG-P-A	Negative	0.751272	0.248728
1MHW-C-A	Negative	0.68739	0.31261
1H28-E-B	Positive	0.396805	0.603195
1H28-F-D	Negative	0.558181	0.441819
1MVU-P-A	Negative	0.787873	0.212127
1U8L-C-A	Positive	0.403452	0.596548
1W85-I-B	Negative	0.916455	0.0835452
1W85-J-F	Negative	0.92827	0.0717296
1UHD-B-A	Negative	0.892706	0.107294
1TWX-C-B	Negative	0.659259	0.340741
1MWA-P-A	Negative	0.48981	0.51019
1MWA-Q-C	Negative	0.48981	0.51019
1TNY-M-A	Negative	0.625228	0.374772
1U9L-C-A	Positive	0.396855	0.603145
1O9A-B-A	Negative	0.5	0.5
1M06-J-F	Negative	0.540206	0.459794
1QEW-C-A	Negative	0.924228	0.0757724
1ND3-D-A	Negative	0.586998	0.413002
1JCS-C-A	Negative	0.583766	0.416234
1NX1-C-A	Negative	0.752896	0.247104
1PZ5-C-A	Negative	0.746829	0.253171
1EOL-B-A	Negative	0.474965	0.525035
1IK9-C-A	Negative	0.757577	0.242423
1N1L-C-A	Negative	0.770496	0.229504
1N1L-D-A	Negative	0.876747	0.123253
1SP4-A-B	Negative	0.63113	0.36887
1AWU-B-A	Negative	0.867469	0.132531
1OAI-B-A	Positive	0.200863	0.799137
1Y3A-E-A	Negative	0.640495	0.359505
1A81-B-A	Positive	0.238413	0.761587
1LTT-C-D	Negative	0.635071	0.364929
1W88-I-B	Negative	0.913894	0.0861063
1W88-J-F	Negative	0.912867	0.0871331
1YK1-E-A	Negative	0.694087	0.305913
1ZLA-K-G	Positive	0.215813	0.784187
1EPM-I-E	Positive	0.451058	0.548942
1K83-M-A	Negative	0.552873	0.447127
1K83-L-B	Negative	0.707017	0.292983
1OL1-F-B	Negative	0.526231	0.473769
1SP5-I-A	Negative	0.564564	0.435436
1EJO-P-L	Negative	0.578985	0.421015
1KL3-E-A	Positive	0.288746	0.711254
1KL3-H-A	Positive	0.332516	0.667484
1A3E-I-H	Negative	0.63942	0.36058
1RKC-B-A	Negative	0.804349	0.195651
1SQZ-B-A	Positive	0.434415	0.565585
1O9S-K-A	Positive	0.317964	0.682036
1O9S-L-B	Positive	0.266104	0.733896
1YGR-C-A	Positive	0.369547	0.630453
1NWD-B-A	Positive	0.425319	0.574681
1QCR-I-A	Negative	0.793269	0.206731
1QCR-K-A	Negative	0.902625	0.0973746
1CKK-B-A	Negative	0.697594	0.302406
1MXL-I-C	Negative	0.861427	0.138573
1QGK-B-A	Negative	0.560675	0.439325
1ZFP-I-E	Positive	0.43164	0.56836
1L2Z-B-A	Positive	0.143158	0.856842
1MCH-P-A	Positive	0.370719	0.629281
1U76-B-A	Negative	0.739353	0.260647
1U76-D-C	Negative	0.692215	0.307785
1H9I-I-E	Negative	0.47311	0.52689
1XN3-I-B	Negative	0.769393	0.230607
1NVP-C-A	Negative	0.790537	0.209463
1NVP-B-D	Negative	0.920068	0.0799324
1RY1-S-B	Negative	0.788525	0.211475
1K7L-B-A	Negative	0.588087	0.411913
1IHS-I-H	Negative	0.579806	0.420194
1M05-E-A	Negative	0.833709	0.166291
1N0X-P-L	Negative	0.658522	0.341478
1N0X-R-L	Negative	0.734385	0.265615
1KZO-C-A	Negative	0.582	0.418
1MKX-L-H	Negative	0.693386	0.306614
1GXC-B-A	Negative	0.630316	0.369684
1GAG-B-A	Negative	0.639026	0.360974
1BW8-P-A	Negative	0.452926	0.547074
1S5L-F-A	Negative	0.911859	0.0881409
1S5L-I-A	Negative	0.897043	0.102957
1S5L-J-A	Negative	0.939819	0.0601809
1S5L-L-A	Negative	0.847426	0.152574
1S5L-M-A	Negative	0.960588	0.0394125
1S5L-T-A	Negative	0.920078	0.0799219
1S5L-K-C	Negative	0.970335	0.0296652
1S5L-f-a	Negative	0.911859	0.0881409
1ZAW-U-A	Negative	0.904857	0.0951428
1ZAW-X-A	Negative	0.892819	0.107181
1ZAW-Z-A	Negative	0.880868	0.119132
1S9W-C-A	Negative	0.880226	0.119774
1ZOQ-C-A	Negative	0.750421	0.249579
1UVT-L-H	Negative	0.697911	0.302089
1AZE-B-A	Positive	0.264451	0.735549
1HHG-C-A	Positive	0.433826	0.566174
1PEK-C-E	Positive	0.369911	0.630089
1Q4K-E-B	Negative	0.506462	0.493538
1IZL-K-C	Negative	0.981462	0.0185378
1IZL-E-D	Negative	0.891973	0.108027
1IZL-P-N	Negative	0.924088	0.0759122
1IZL-Q-N	Negative	0.939954	0.060046
1SRN-B-A	Negative	0.652457	0.347543
1CO7-I-E	Negative	0.576152	0.423848
1WBP-B-A	Positive	0.165941	0.834059
1JH4-B-A	Negative	0.659819	0.340181
1QJA-R-A	Negative	0.62918	0.37082
1MW4-B-A	Positive	0.143751	0.856249
1D8D-P-A	Positive	0.247127	0.752873
1TWB-C-A	Negative	0.518319	0.481681
1CFS-C-A	Negative	0.797819	0.202181
1HLT-R-H	Negative	0.825434	0.174566
1OL2-E-B	Positive	0.345198	0.654802
1GVK-A-B	Positive	0.367855	0.632145
1KJY-B-A	Negative	0.910987	0.0890129
1KJY-D-C	Negative	0.893936	0.106064
1CU4-P-L	Positive	0.346621	0.653379
1JOT-B-A	Positive	0.206614	0.793386
1BMN-I-H	Negative	0.491946	0.508054
1SDZ-B-A	Negative	0.693361	0.306639
1FPT-P-L	Positive	0.0890181	0.910982
1STS-M-B	Positive	0.205705	0.794295
1STS-P-D	Positive	0.300428	0.699572
1YJM-E-A	Positive	0.294293	0.705707
1HH6-C-A	Negative	0.627958	0.372042
1YFN-E-A	Negative	0.484414	0.515586
1YFN-F-B	Positive	0.41128	0.58872
1TNU-M-A	Negative	0.551877	0.448123
1OZS-B-A	Negative	0.5	0.5
1LB5-B-A	Positive	0.30797	0.69203
1HXE-I-H	Negative	0.727678	0.272322
1MZN-B-A	Positive	0.451141	0.548859
1J2J-B-A	Negative	0.683491	0.316509
1F8V-D-A	Negative	0.898343	0.101657
1F8V-E-A	Negative	0.849539	0.150461
1BT6-C-A	Negative	0.672238	0.327762
1SHC-B-A	Negative	0.592442	0.407558
1LK2-P-A	Negative	0.485105	0.514895
1KA6-B-A	Negative	0.5	0.5
1ZGL-C-A	Negative	0.515181	0.484819
1ZGL-F-D	Negative	0.513588	0.486412
1ZGL-I-R	Positive	0.402208	0.597792
1HQQ-E-A	Negative	0.531596	0.468404
1PPE-I-E	Negative	0.760859	0.239141
1T0F-C-A	Negative	0.748019	0.251981
1T0F-D-B	Negative	0.744924	0.255076
1TN8-C-A	Negative	0.565687	0.434313
1M27-B-A	Negative	0.640204	0.359796
1ZY8-K-A	Negative	0.731124	0.268876
1RFF-C-A	Positive	0.373776	0.626224
1D5Z-D-A	Positive	0.40028	0.59972
1XYR-5-1	Positive	0.33535	0.66465
1XYR-6-1	Negative	0.837733	0.162267
1XYR-8-1	Negative	0.687308	0.312692
1XYR-7-3	Negative	0.633021	0.366979
1PY1-G-C	Negative	0.621867	0.378133
1ZAV-U-A	Negative	0.924287	0.0757131
1ZAV-X-A	Negative	0.916048	0.0839524
1A1M-C-A	Negative	0.480526	0.519474
1U8H-C-A	Negative	0.563461	0.436539
1KC4-B-A	Positive	0.294531	0.705469
1QWF-B-A	Negative	0.739925	0.260075
1QD6-A-C	Negative	0.90269	0.09731
1G7Q-P-A	Positive	0.253724	0.746276
1G1S-D-A	Negative	0.537506	0.462494
1G1S-C-B	Negative	0.537506	0.462494
1CF0-C-A	Positive	0.30019	0.69981
1DT7-X-A	Positive	0.306677	0.693323
1RSU-P-B	Positive	0.319347	0.680653
1DVA-X-H	Negative	0.820774	0.179226
1OSZ-C-A	Negative	0.82546	0.17454
1KJH-P-A	Negative	0.840692	0.159308
1FKN-C-A	Negative	0.665462	0.334538
1LOG-B-A	Negative	0.887777	0.112223
1Z3M-S-E	Positive	0.274685	0.725315
1AVG-L-H	Negative	0.702569	0.297431
1FPR-B-A	Negative	0.46856	0.53144
1F3J-P-A	Negative	0.661497	0.338503
1EKB-A-B	Negative	0.559849	0.440151
1EKB-C-B	Positive	0.352335	0.647665
1OPI-B-A	Positive	0.068501	0.931499
1SSE-A-B	Negative	0.514506	0.485494
1TJI-P-L	Negative	0.718882	0.281118
1A9E-C-A	Negative	0.600799	0.399201
1S4V-C-A	Positive	0.401716	0.598284
1EJL-A-I	Positive	0.22928	0.77072
1TCE-B-A	Positive	0.359985	0.640015
1LK6-C-I	Positive	0.431726	0.568274
1LK6-D-I	Negative	0.469873	0.530127
1U00-P-A	Negative	0.738583	0.261417
1QLF-C-A	Negative	0.809519	0.190481
1K2D-P-A	Positive	0.174689	0.825311
1R9N-E-A	Positive	0.288727	0.711273
1R9N-F-B	Positive	0.194834	0.805166
1R9N-H-D	Positive	0.209317	0.790683
1T20-C-A	Negative	0.856618	0.143382
1NZL-C-B	Positive	0.29757	0.70243
1SR5-B-C	Negative	0.740919	0.259081
1AR8-0-4	Positive	0.411238	0.588762
1HLE-B-A	Negative	0.660808	0.339192
1FM9-E-D	Positive	0.441627	0.558373
1T2W-D-A	Positive	0.348951	0.651049
1MHC-C-A	Negative	0.723286	0.276714
1XLS-I-A	Negative	0.694435	0.305565
1XLS-M-E	Negative	0.604321	0.395679
1ZKK-E-A	Positive	0.263779	0.736221
1ZKK-G-A	Positive	0.252615	0.747385
1JLU-S-E	Negative	0.525022	0.474978
1G7P-P-A	Positive	0.171074	0.828926
1OQD-K-A	Positive	0.448558	0.551442
1OQD-N-E	Negative	0.584383	0.415617
1Z8G-L-A	Positive	0.355316	0.644684
1KPR-P-A	Negative	0.926708	0.0732921
1YRN-A-B	Negative	0.732157	0.267843
1GWQ-C-A	Negative	0.537032	0.462968
1B6J-C-A	Negative	0.481313	0.518687
1AWI-P-A	Positive	0.297388	0.702612
1VYT-E-A	Negative	0.717991	0.282009
1VYT-F-B	Negative	0.833276	0.166724
1SB1-I-H	Positive	0.450733	0.549267
1VDN-B-A	Negative	0.632095	0.367905
1PIC-B-A	Negative	0.740044	0.259956
1JPL-E-A	Negative	0.569619	0.430381
1JPL-H-C	Negative	0.482642	0.517358
1KHQ-I-A	Positive	0.429732	0.570268
1YMT-B-A	Negative	0.778159	0.221841
1JY3-N-O	Negative	0.521446	0.478554
1JY3-P-O	Negative	0.826138	0.173862
1FPN-4-1	Negative	0.663059	0.336941
1YTV-M-A	Positive	0.168325	0.831675
1YTV-N-B	Positive	0.171411	0.828589
1DZI-B-A	Positive	0.252041	0.747959
1YCP-L-H	Negative	0.738623	0.261377
1YCP-F-H	Negative	0.628078	0.371922
1DWB-I-H	Negative	0.578421	0.421579
1AGB-C-A	Positive	0.313646	0.686354
1LEM-B-A	Negative	0.828255	0.171745
1GWR-C-A	Negative	0.865619	0.134381
1G1H-B-A	Positive	0.235995	0.764005
1N7F-C-A	Negative	0.512274	0.487726
1QLE-D-A	Negative	0.868299	0.131701
1UTC-P-A	Negative	0.601877	0.398123
1ZZD-B-A	Positive	0.398528	0.601472
1L7Z-B-A	Positive	0.288196	0.711804
1TVB-C-A	Negative	0.650133	0.349867
1F1W-B-A	Positive	0.398027	0.601973
1O6L-C-A	Positive	0.133736	0.866264
1GCT-D-B	Negative	0.514197	0.485803
1CJF-C-A	Positive	0.295788	0.704212
1JD2-8-H	Positive	0.402316	0.597684
1EE4-C-A	Positive	0.429521	0.570479
1EE4-D-A	Positive	0.37925	0.62075
1EE4-F-B	Positive	0.279991	0.720009
1BJR-I-E	Negative	0.899228	0.100772
1R17-C-A	Negative	0.476795	0.523205
1ZT7-P-A	Negative	0.5	0.5
1XR8-C-A	Negative	0.470333	0.529667
1Q5W-A-B	Negative	0.49385	0.50615
1OLN-B-A	Negative	0.476293	0.523707
1DM4-A-B	Negative	0.711728	0.288272
1DM4-C-B	Negative	0.848924	0.151076
1RBE-S-A	Negative	0.513538	0.486462
1TME-4-1	Negative	0.612681	0.387319
1T29-B-A	Positive	0.182424	0.817576
1JUF-C-A	Negative	0.826444	0.173556
1P8J-J-A	Positive	0.353644	0.646356
1B32-B-A	Positive	0.33022	0.66978
1TMB-L-H	Negative	0.747459	0.252541
1LES-B-A	Negative	0.830589	0.169411
1JWG-C-A	Negative	0.587167	0.412833
1JWG-D-B	Negative	0.729173	0.270827
1BMM-L-H	Negative	0.694056	0.305944
1IBC-C-A	Positive	0.368127	0.631873
1HI6-C-A	Negative	0.707704	0.292296
1UMW-E-A	Positive	0.295977	0.704023
1DN2-E-A	Negative	0.919809	0.0801905
1I7A-E-A	Positive	0.370108	0.629892
1YUC-C-A	Negative	0.74481	0.25519
1YUC-D-B	Negative	0.753791	0.246209
1T73-B-A	Positive	0.363487	0.636513
1TZS-P-A	Negative	0.553583	0.446417
1TZS-X-A	Negative	0.605324	0.394676
1A1N-C-A	Negative	0.55418	0.44582
1U8K-C-A	Negative	0.670953	0.329047
1FYR-I-A	Negative	0.56241	0.43759
1G1F-B-A	Positive	0.325867	0.674133
1LQV-C-A	Negative	0.728788	0.271212
1PTT-B-A	Positive	0.378218	0.621782
1ONV-B-A	Negative	0.82592	0.17408
1MK7-A-B	Negative	0.666764	0.333236
1MK7-C-B	Negative	0.606806	0.393194
1QR1-C-A	Negative	0.917325	0.0826754
1JYI-P-A	Negative	0.46154	0.53846
1IWQ-B-A	Positive	0.355191	0.644809
1L4A-E-A	Positive	0.440747	0.559253
1OXQ-F-E	Negative	0.754402	0.245598
1N6E-B-A	Negative	0.65739	0.34261
1R5I-C-A	Negative	0.562971	0.437029
1FG2-C-A	Negative	0.814413	0.185587
1QGC-5-1	Negative	0.751333	0.248667
1E4W-P-H	Positive	0.371564	0.628436
1T08-B-A	Negative	0.691544	0.308456
1T08-C-A	Negative	0.567651	0.432349
1MJE-B-A	Negative	0.730716	0.269284
1QMB-B-A	Negative	0.795561	0.204439
1M45-B-A	Negative	0.764211	0.235789
1GFF-3-1	Negative	0.840457	0.159543
1YK0-E-A	Negative	0.694364	0.305636
1QBQ-P-A	Negative	0.485418	0.514582
1RFI-C-A	Positive	0.402271	0.597729
1RFI-E-B	Positive	0.40261	0.59739
1B3L-B-A	Positive	0.298602	0.701398
1B07-C-A	Positive	0.245149	0.754851
1SUA-C-A	Negative	0.659461	0.340539
1JXQ-E-A	Positive	0.368439	0.631561
1O9F-P-A	Positive	0.37847	0.62153
1ZSD-C-A	Negative	0.468946	0.531054
1OU8-C-A	Positive	0.347625	0.652375
1OU8-D-B	Positive	0.378946	0.621054
1RKH-C-A	Negative	0.520666	0.479334
1RD3-C-D	Negative	0.671842	0.328158
1ER8-I-E	Negative	0.661942	0.338058
1STR-M-B	Positive	0.205705	0.794295
1MOX-C-A	Negative	0.731644	0.268356
1MOX-D-B	Negative	0.689269	0.310731
1OFS-B-A	Negative	0.866324	0.133676
1LOB-B-A	Negative	0.87879	0.12121
1I7T-C-A	Negative	0.943792	0.0562079
1H8E-I-G	Negative	0.88102	0.11898
1XMN-C-D	Negative	0.692317	0.307683
1UXW-C-A	Positive	0.383585	0.616415
1KAP-I-P	Positive	0.221509	0.778491
1SVF-B-A	Negative	0.780846	0.219154
1SVF-D-C	Negative	0.760073	0.239927
1A30-C-A	Positive	0.378081	0.621919
1D00-I-A	Positive	0.278648	0.721352
1H3H-B-A	Positive	0.177155	0.822845
1T3L-B-A	Negative	0.739536	0.260464
1HXL-C-A	Negative	0.475707	0.524293
1XV9-H-A	Positive	0.413213	0.586787
1XV9-F-B	Negative	0.590458	0.409542
1Q3P-C-A	Positive	0.405756	0.594244
1BQH-C-A	Negative	0.8396	0.1604
1S7S-C-A	Negative	0.872221	0.127779
1LGB-B-A	Negative	0.911572	0.0884283
1AGD-C-A	Positive	0.312602	0.687398
1QXA-B-A	Positive	0.389315	0.610685
1P8D-C-A	Negative	0.682065	0.317935
1P8D-D-B	Negative	0.529552	0.470448
1CA9-G-A	Positive	0.364456	0.635544
1CA9-H-B	Positive	0.429003	0.570997
1S5R-A-B	Positive	0.409146	0.590854
1D7Q-B-A	Positive	0.346416	0.653584
1VF5-E-A	Negative	0.957349	0.0426511
1VF5-G-A	Negative	0.939909	0.0600906
1VF5-F-C	Negative	0.961171	0.0388289
1VF5-H-C	Negative	0.941758	0.0582423
1VF5-T-N	Negative	0.949042	0.0509576
1VF5-S-O	Negative	0.948085	0.0519153
1O6O-D-A	Negative	0.539255	0.460745
1O6O-E-C	Negative	0.493964	0.506036
1G0Y-I-R	Negative	0.697616	0.302384
1JPG-C-A	Negative	0.585475	0.414525
1SJE-C-A	Negative	0.727248	0.272752
1Y2A-P-C	Positive	0.417869	0.582131
1HIN-P-L	Negative	0.457316	0.542684
1KMC-C-A	Negative	0.82011	0.17989
1VZQ-I-H	Negative	0.5	0.5
1EJH-E-A	Negative	0.568258	0.431742
1EJH-F-B	Negative	0.684215	0.315785
1EJH-G-C	Negative	0.492302	0.507698
1EJH-H-D	Negative	0.510955	0.489045
1KTS-A-B	Negative	0.699254	0.300746
1FFO-C-A	Negative	0.916885	0.0831154
1A2X-B-A	Negative	0.56027	0.43973
1EPL-I-E	Positive	0.441294	0.558706
1FGL-B-A	Negative	0.663349	0.336651
1HCT-A-B	Positive	0.390752	0.609248
1SKG-B-A	Positive	0.41177	0.58823
1OHH-H-A	Negative	0.617331	0.382669
1MFL-B-A	Negative	0.771932	0.228068
1PD1-B-A	Negative	0.507743	0.492257
1MZW-B-A	Negative	0.862922	0.137078
1Z8J-A-B	Negative	0.616507	0.383493
1S9V-C-A	Negative	0.630419	0.369581
1H15-C-A	Negative	0.713254	0.286746
1DEV-B-A	Negative	0.5	0.5
1DEV-D-C	Negative	0.468134	0.531866
1CKB-B-A	Positive	0.155391	0.844609
1NRQ-L-H	Negative	0.603138	0.396862
1NRQ-R-H	Negative	0.491929	0.508071
1XKH-I-A	Positive	0.210423	0.789577
1QRN-C-A	Negative	0.87655	0.12345
1K3N-B-A	Positive	0.354283	0.645717
1YCR-B-A	Negative	0.545584	0.454416
1JU5-B-A	Positive	0.111332	0.888668
1T1W-C-A	Negative	0.934257	0.0657431
1SM3-P-L	Positive	0.240736	0.759264
1BSX-X-A	Positive	0.379319	0.620681
1KIL-E-A	Negative	0.780363	0.219637
1NKZ-F-C	Negative	0.944275	0.0557248
1B4Z-B-A	Positive	0.36714	0.63286
1KC5-P-L	Negative	0.768038	0.231962
1NH0-I-A	Positive	0.374184	0.625816
1JM4-A-B	Positive	0.137239	0.862761
1MK2-B-A	Negative	0.4928	0.5072
1OW8-D-A	Negative	0.895786	0.104214
1SQK-B-A	Negative	0.633878	0.366122
1JPP-C-A	Negative	0.609656	0.390344
1JPP-D-B	Positive	0.390396	0.609604
1QLS-D-A	Negative	0.911552	0.0884482
1ZDU-Q-A	Negative	0.806525	0.193475
1YM4-X-A	Negative	0.477639	0.522361
1JBU-X-H	Positive	0.40666	0.59334
1G3J-B-A	Negative	0.738253	0.261747
1G3J-D-A	Negative	0.790376	0.209624
1JOU-A-B	Negative	0.622881	0.377119
1JOU-C-B	Negative	0.574532	0.425468
1JOU-E-F	Negative	0.597801	0.402199
1P7V-B-A	Negative	0.615529	0.384471
1TJ9-B-A	Negative	0.453569	0.546431
1Q2C-B-A	Negative	0.515516	0.484484
1QSE-C-A	Negative	0.882851	0.117149
1HES-P-A	Negative	0.83159	0.16841
1I73-B-A	Positive	0.428842	0.571158
1NS3-C-A	Negative	0.871309	0.128691
1KDX-B-A	Positive	0.365731	0.634269
1PEG-P-A	Positive	0.205545	0.794455
1PEG-Q-B	Positive	0.212632	0.787368
1SOZ-D-A	Positive	0.397534	0.602466
1OBX-B-A	Positive	0.417883	0.582117
1UPK-B-A	Positive	0.367198	0.632802
1W7V-E-A	Positive	0.428842	0.571158
1YYL-M-G	Negative	0.67721	0.32279
1G9I-I-E	Positive	0.246594	0.753406
1OHF-E-A	Negative	0.950744	0.0492563
1OHF-F-B	Negative	0.940825	0.0591749
1QZ2-G-A	Negative	0.458833	0.541167
1A37-P-A	Positive	0.178494	0.821506
1H9O-B-A	Negative	0.740044	0.259956
1PCG-E-A	Negative	0.513393	0.486607
1CSY-B-A	Positive	0.375116	0.624884
1TNZ-M-A	Negative	0.634609	0.365391
1NEX-E-B	Positive	0.427479	0.572521
1NEX-F-D	Positive	0.291612	0.708388
1NLP-N-C	Positive	0.439233	0.560767
1NIW-B-A	Negative	0.658353	0.341647
1TL9-B-A	Negative	0.52755	0.47245
1GVX-I-A	Positive	0.342559	0.657441
1FT8-E-A	Negative	0.784374	0.215626
1H26-E-B	Positive	0.313053	0.686947
1AB9-D-B	Negative	0.557815	0.442185
1ISQ-B-A	Negative	0.567894	0.432106
1F59-C-A	Positive	0.410011	0.589989
1F59-D-B	Negative	0.486332	0.513668
1NLO-N-C	Positive	0.439233	0.560767
1TET-P-L	Positive	0.240682	0.759318
1LTA-C-D	Negative	0.68152	0.31848
1ZGX-B-A	Negative	0.490633	0.509367
1NLN-B-A	Positive	0.359329	0.640671
1NPQ-B-A	Negative	0.741835	0.258165
1I8K-C-A	Positive	0.373022	0.626978
1YYM-M-G	Negative	0.722813	0.277187
1YYM-S-P	Negative	0.722813	0.277187
1RBD-S-A	Positive	0.367839	0.632161
1YWT-C-A	Positive	0.387488	0.612512
1YWT-D-B	Negative	0.5983	0.4017
1QKZ-P-H	Positive	0.390539	0.609461
1I5K-C-A	Negative	0.745575	0.254425
1D4W-C-A	Negative	0.636046	0.363954
1HHH-C-A	Positive	0.4164	0.5836
1T3E-P-A	Positive	0.272044	0.727956
1ILQ-C-A	Negative	0.56337	0.43663
1SE0-B-A	Negative	0.689022	0.310978
1ZUB-B-A	Negative	0.671022	0.328978
1CSB-A-B	Negative	0.691945	0.308055
1CSB-D-E	Negative	0.691945	0.308055
1R1A-4-1	Negative	0.534751	0.465249
1ORH-B-A	Negative	0.597143	0.402857
1NU2-B-A	Positive	0.383843	0.616157
1ICF-B-A	Negative	0.642963	0.357037
1E0F-C-E	Negative	0.705885	0.294115
1TU3-F-A	Negative	0.843478	0.156522
1TU3-H-B	Negative	0.833966	0.166034
1TU3-I-C	Negative	0.860842	0.139158
1B5J-B-A	Positive	0.288822	0.711178
1G1G-B-A	Positive	0.326444	0.673556
1EZX-B-A	Negative	0.649954	0.350046
1CP3-C-A	Negative	0.563001	0.436999
1FE6-C-A	Negative	0.897414	0.102586
1OKW-E-B	Positive	0.345198	0.654802
1YWH-B-A	Positive	0.304787	0.695213
1N12-B-A	Negative	0.889853	0.110147
1KO6-B-A	Negative	0.526362	0.473638
1FIW-L-A	Positive	0.335043	0.664957
1U8I-C-A	Negative	0.5	0.5
1JEV-B-A	Positive	0.368226	0.631774
1XH3-C-A	Negative	0.746228	0.253772
1TW6-D-B	Negative	0.784898	0.215102
1OLA-B-A	Positive	0.381697	0.618303
1K8D-P-A	Negative	0.733312	0.266688
1YP1-B-A	Positive	0.366224	0.633776
1EBD-C-A	Negative	0.907386	0.0926138
1LDP-P-H	Negative	0.623121	0.376879
1LDP-Q-H	Negative	0.535106	0.464894
1QVO-C-A	Negative	0.470273	0.529727
1LDK-E-A	Negative	0.827327	0.172673
1W9E-R-A	Positive	0.368127	0.631873
1W9E-T-A	Positive	0.368045	0.631955
1M93-A-B	Negative	0.85614	0.14386
1M93-C-B	Negative	0.738463	0.261537
1NQL-B-A	Negative	0.832612	0.167388
1QSC-D-A	Positive	0.344958	0.655042
1EE5-B-A	Positive	0.391176	0.608824
1HOC-C-A	Positive	0.40135	0.59865
1ZAX-Z-A	Negative	0.904857	0.0951428
1Q90-R-A	Negative	0.911784	0.0882158
1Q90-G-A	Negative	0.97223	0.0277701
1Q90-L-A	Negative	0.967618	0.032382
1Q90-M-A	Negative	0.954731	0.0452687
1Q90-N-A	Negative	0.873824	0.126176
1HC9-C-A	Negative	0.654406	0.345594
1HC9-D-B	Negative	0.726407	0.273593
1OT5-C-A	Positive	0.388305	0.611695
1QTX-B-A	Positive	0.424143	0.575857
1GL0-I-E	Positive	0.447853	0.552147
1QX8-A-B	Negative	0.851385	0.148615
1ZKF-C-A	Positive	0.452337	0.547663
1KU8-B-A	Positive	0.379393	0.620607
1KU8-F-A	Negative	0.64487	0.35513
1L4W-B-A	Negative	0.640894	0.359106
1PYU-A-B	Negative	0.708723	0.291277
1C4Y-3-2	Negative	0.639486	0.360514
1WLP-A-B	Positive	0.0997684	0.900232
1A38-P-A	Negative	0.492159	0.507841
1UOO-B-A	Positive	0.369048	0.630952
1GUW-B-A	Positive	0.311038	0.688962
1E8N-I-A	Negative	0.573894	0.426106
1RDT-E-D	Negative	0.687566	0.312434
1MQS-B-A	Negative	0.541753	0.458247
1EJY-N-I	Positive	0.100605	0.899395
1B8Q-B-A	Negative	0.669668	0.330332
1EFR-Q-A	Negative	0.725726	0.274274
1TG1-C-A	Negative	0.548517	0.451483
1T2V-F-A	Negative	0.790524	0.209476
1T2V-J-A	Negative	0.911127	0.0888734
1T2V-I-D	Negative	0.863592	0.136408
1SPS-D-A	Positive	0.312403	0.687597
1SPS-F-A	Negative	0.638256	0.361744
1SPS-E-B	Positive	0.343668	0.656332
1HIA-I-A	Negative	0.623938	0.376062
1HQW-B-A	Positive	0.368057	0.631943
1SB0-B-A	Negative	0.69167	0.30833
1ICE-T-A	Positive	0.402082	0.597918
1SJH-C-A	Negative	0.730328	0.269672
1T1Y-C-A	Negative	0.927973	0.0720274
1G5J-B-A	Negative	0.667196	0.332804
1GMC-B-F	Negative	0.514197	0.485803
1WBY-C-A	Negative	0.742471	0.257529
1JUQ-E-A	Positive	0.386255	0.613745
1JUQ-F-B	Negative	0.519708	0.480292
1JUQ-H-D	Negative	0.484231	0.515769
1TK4-B-A	Negative	0.482593	0.517407
1EEO-B-A	Negative	0.47492	0.52508
1S6C-B-A	Negative	0.9666	0.0334003
1RGR-B-A	Positive	0.374434	0.625566
1N51-B-A	Positive	0.295718	0.704282
1RTF-A-B	Positive	0.369762	0.630238
1BC5-T-A	Positive	0.394711	0.605289
1JET-B-A	Positive	0.314311	0.685689
1EYX-G-B	Negative	0.5817	0.4183
1EYX-H-L	Negative	0.487849	0.512151
1GJD-A-B	Positive	0.190465	0.809535
1PPG-I-E	Negative	0.511829	0.488171
1EEZ-C-A	Negative	0.929078	0.0709224
1OY7-F-E	Negative	0.717628	0.282372
1JB0-J-A	Negative	0.961736	0.0382641
1JB0-K-A	Negative	0.932054	0.0679464
1JB0-M-B	Negative	0.950312	0.0496878
1JB0-X-B	Negative	0.907999	0.0920014
1B5I-B-A	Positive	0.30045	0.69955
1T76-B-A	Negative	0.540329	0.459671
1E54-B-A	Positive	0.180408	0.819592
1RBH-S-A	Negative	0.523855	0.476145
1M26-D-A	Negative	0.539974	0.460026
1SMR-B-A	Positive	0.390001	0.609999
1NX0-C-A	Negative	0.678697	0.321303
1NX0-E-A	Negative	0.762989	0.237011
1WKW-B-A	Negative	0.453048	0.546952
1AQD-C-A	Negative	0.600226	0.399774
1AQD-F-D	Negative	0.63488	0.36512
1PSB-C-A	Negative	0.635229	0.364771
1CVU-F-B	Positive	0.309133	0.690867
1UJ0-B-A	Positive	0.264926	0.735074
1N3N-I-A	Negative	0.785674	0.214326
1WA7-B-A	Positive	0.362017	0.637983
1H59-B-A	Negative	0.793133	0.206867
1AYA-P-A	Negative	0.81574	0.18426
1AYA-Q-B	Negative	0.869079	0.130921
1TY4-C-A	Negative	0.617564	0.382436
1TY4-D-B	Negative	0.629597	0.370403
1L5G-C-A	Positive	0.379391	0.620609
1APV-I-E	Negative	0.5	0.5
1M72-D-A	Positive	0.380673	0.619327
1APT-I-E	Negative	0.5	0.5
1MQ1-C-A	Negative	0.463415	0.536585
1JEU-B-A	Positive	0.367205	0.632795
1Y19-A-B	Negative	0.704432	0.295568
1QGR-B-A	Positive	0.388186	0.611814
1SVH-B-A	Negative	0.627255	0.372745
1DP5-B-A	Negative	0.655904	0.344096
1U7B-B-A	Positive	0.397166	0.602834
1R1R-D-A	Negative	0.692846	0.307154
1R1R-P-A	Positive	0.408948	0.591052
1GVU-I-A	Negative	0.475282	0.524718
1N86-G-C	Positive	0.315709	0.684291
1XR9-C-A	Negative	0.741301	0.258699
1MPA-P-L	Positive	0.225144	0.774856
1SMF-I-E	Positive	0.332386	0.667614
1B3F-B-A	Positive	0.325193	0.674807
1CMX-D-A	Negative	0.783659	0.216341
1G5Q-M-A	Positive	0.311299	0.688701
1KL5-E-A	Positive	0.251672	0.748328
1KL5-F-B	Positive	0.363609	0.636391
1QSN-B-A	Positive	0.0951255	0.904874
1JRR-P-A	Negative	0.46736	0.53264
1CI6-B-A	Negative	0.713099	0.286901
1F8A-C-B	Positive	0.273064	0.726936
1H2M-S-A	Negative	0.909197	0.0908032
1PIP-B-A	Negative	0.590205	0.409795
1WBZ-P-A	Negative	0.461152	0.538848
1D8T-C-A	Positive	0.396149	0.603851
1AGC-C-A	Positive	0.275769	0.724231
1APU-I-E	Negative	0.5	0.5
1NPO-B-A	Negative	0.654378	0.345622
1B46-B-A	Positive	0.314374	0.685626
1V1T-T-A	Positive	0.372826	0.627174
1OL5-B-A	Negative	0.567706	0.432294
1ZH7-C-A	Negative	0.703666	0.296334
1MA3-B-A	Positive	0.392673	0.607327
1P16-C-A	Positive	0.241418	0.758582
1P16-D-A	Positive	0.241508	0.758492
1EES-B-A	Negative	0.635628	0.364372
1OKX-C-A	Negative	0.654742	0.345258
1BHF-I-A	Positive	0.379492	0.620508
1JW6-B-A	Positive	0.432229	0.567771
1QSF-C-A	Negative	0.938728	0.0612725
1OLC-B-A	Positive	0.309203	0.690797
1HAZ-A-B	Positive	0.415956	0.584044
1KCS-P-L	Negative	0.665804	0.334196
1C4U-3-2	Negative	0.557426	0.442574
1N2D-C-A	Negative	0.84908	0.15092
1YM0-B-A	Negative	0.721575	0.278425
1J2X-B-A	Negative	0.930593	0.0694071
1WRZ-B-A	Negative	0.55058	0.44942
1HTE-C-A	Positive	0.319867	0.680133
1RK8-C-A	Negative	0.594801	0.405199
1PFB-B-A	Negative	0.575323	0.424677
1PU9-B-A	Positive	0.26113	0.73887
1U8N-C-A	Positive	0.430866	0.569134
1G6G-E-A	Negative	0.517299	0.482701
1G6G-F-B	Negative	0.764183	0.235817
1KLQ-B-A	Positive	0.253675	0.746325
1HTR-P-B	Negative	0.873392	0.126608
1T7R-B-A	Negative	0.761129	0.238871
1OXG-B-A	Negative	0.712119	0.287881
1ZUK-C-A	Positive	0.136558	0.863442
1BEV-4-1	Negative	0.567553	0.432447
1MNF-O-A	Negative	0.718904	0.281096
1KJM-P-A	Positive	0.287188	0.712812
1NLT-B-A	Negative	0.666342	0.333658
1B0R-C-A	Negative	0.761054	0.238946
1LQ8-B-A	Negative	0.849502	0.150498
1LQ8-F-E	Negative	0.881867	0.118133
1TOC-A-B	Negative	0.688858	0.311142
1HY2-E-A	Negative	0.658332	0.341668
1H8D-L-H	Negative	0.708407	0.291593
1JAC-B-A	Positive	0.324176	0.675824
1T0J-C-B	Negative	0.793867	0.206133
1FAV-C-A	Negative	0.616852	0.383148
1CWE-B-A	Positive	0.390646	0.609354
1P7I-C-D	Negative	0.795458	0.204542
1XCQ-P-A	Negative	0.677638	0.322362
1XCQ-Q-C	Positive	0.24791	0.75209
1THS-I-H	Positive	0.421853	0.578147
1DLK-A-B	Negative	0.88464	0.11536
1DLK-E-B	Positive	0.365	0.635
1PJN-A-B	Positive	0.0508272	0.949173
1E79-I-G	Negative	0.85476	0.14524
1PD7-B-A	Negative	0.782013	0.217987
1PNB-A-B	Positive	0.427761	0.572239
1QG1-I-E	Positive	0.199654	0.800346
1NRR-R-H	Positive	0.418608	0.581392
1LVM-C-A	Negative	0.513983	0.486017
1LVM-E-A	Negative	0.60132	0.39868
1SVZ-C-A	Negative	0.470111	0.529889
1SSH-B-A	Positive	0.175865	0.824135
1LDT-L-T	Negative	0.60779	0.39221
1MTP-B-A	Negative	0.802574	0.197426
1ABO-C-A	Positive	0.432282	0.567718
1XN2-E-A	Negative	0.756317	0.243683
1P4U-B-A	Negative	0.768358	0.231642
1AQC-C-A	Negative	0.526046	0.473954
1FBV-B-A	Positive	0.205999	0.794001
1FU5-B-A	Negative	0.833367	0.166633
1NZV-C-B	Negative	0.460207	0.539793
1CWD-P-L	Negative	0.518323	0.481677
1IRS-B-A	Negative	0.710975	0.289025
1YYP-B-A	Negative	0.794308	0.205692
1YP0-B-A	Negative	0.670989	0.329011
1RHI-4-1	Negative	0.710403	0.289597
1JCD-A-B	Positive	0.398573	0.601427
1HIM-P-H	Negative	0.457316	0.542684
1HIM-R-J	Negative	0.653325	0.346675
1SYS-C-A	Positive	0.320911	0.679089
1NRL-C-A	Negative	0.597768	0.402232
1PWW-C-A	Positive	0.338285	0.661715
1RLP-R-C	Negative	0.650466	0.349534
1J71-B-A	Positive	0.312195	0.687805
1FLE-I-E	Negative	0.51037	0.48963
1IAK-P-A	Positive	0.353156	0.646844
1C8O-B-A	Negative	0.732976	0.267024
1CF4-B-A	Negative	0.691508	0.308492
1DXP-C-A	Negative	0.910451	0.0895494
1TAB-I-E	Positive	0.190464	0.809536
1LVB-C-A	Negative	0.556595	0.443405
1YOW-B-A	Negative	0.845961	0.154039
1IVO-C-A	Negative	0.854794	0.145206
1XB1-G-A	Negative	0.882526	0.117474
1RST-P-B	Negative	0.479726	0.520274
1OC0-B-A	Positive	0.418289	0.581711
1Y98-B-A	Negative	0.544557	0.455443
1C9P-B-A	Negative	0.746495	0.253505
1BXL-B-A	Negative	0.807995	0.192005
1U91-C-A	Positive	0.291014	0.708986
1YBK-C-A	Negative	0.911758	0.088242
1HSA-C-A	Negative	0.583395	0.416605
1BHX-E-B	Positive	0.414228	0.585772
1CKA-B-A	Positive	0.172047	0.827953
1X7B-C-A	Negative	0.554518	0.445482
1W70-C-A	Positive	0.0795243	0.920476
1W70-D-A	Positive	0.0675095	0.932491
1S8D-C-A	Negative	0.843767	0.156233
1JPF-C-A	Negative	0.874633	0.125367
1TII-C-D	Negative	0.753636	0.246364
1QX7-D-I	Negative	0.569357	0.430643
1KLU-C-A	Negative	0.801991	0.198009
1XU2-R-A	Positive	0.440463	0.559537
1XU2-T-A	Positive	0.432238	0.567762
1XU2-S-B	Positive	0.39076	0.60924
1YTH-I-A	Negative	0.505979	0.494021
1FFP-C-A	Negative	0.862492	0.137508
1DPJ-B-A	Negative	0.646404	0.353596
1GGI-P-L	Negative	0.586008	0.413992
1DDM-B-A	Negative	0.581787	0.418213
1BDV-A-B	Negative	0.810417	0.189583
1BDV-D-B	Negative	0.779311	0.220689
1A3R-P-L	Negative	0.668314	0.331686
1A1O-C-A	Negative	0.4836	0.5164
1U8O-C-A	Positive	0.291738	0.708262
1RXM-B-A	Positive	0.232212	0.767788
1WBX-C-A	Positive	0.450968	0.549032
1QZ7-B-A	Positive	0.448975	0.551025
1HQR-C-A	Negative	0.582824	0.417176
1EJ4-B-A	Negative	0.68864	0.31136
1F7A-P-A	Negative	0.822457	0.177543
1UN0-C-A	Positive	0.43987	0.56013
1SLG-M-B	Positive	0.147458	0.852542
1SLG-P-D	Positive	0.216774	0.783226
1D5E-A-B	Positive	0.403106	0.596894
1OKV-E-B	Negative	0.53144	0.46856
1IR3-B-A	Negative	0.554168	0.445832
1T7F-B-A	Negative	0.850111	0.149889
1U6H-B-A	Negative	0.826243	0.173757
1EB1-A-H	Negative	0.524181	0.475819
1U38-B-A	Negative	0.565421	0.434579
1XJ7-B-A	Negative	0.563031	0.436969
1YTI-I-A	Positive	0.382989	0.617011
1FF1-B-A	Positive	0.362755	0.637245
1Q1T-A-C	Positive	0.296921	0.703079
1Q1T-B-C	Positive	0.225126	0.774874
1FLL-X-A	Positive	0.410892	0.589108
1TJH-P-L	Negative	0.788939	0.211061
1TBZ-L-H	Negative	0.735681	0.264319
1Y43-A-B	Negative	0.759088	0.240912
1BGY-I-A	Negative	0.760012	0.239988
1BGY-K-A	Negative	0.820277	0.179723
1ZVS-C-A	Positive	0.227621	0.772379
1OSG-G-A	Negative	0.838758	0.161242
1R1L-D-I	Negative	0.469873	0.530127
1JDP-H-A	Negative	0.84642	0.15358
1RZX-B-A	Negative	0.656665	0.343335
1HH9-C-A	Negative	0.518705	0.481295
1L0N-K-A	Negative	0.875987	0.124013
1AYB-P-A	Negative	0.687815	0.312185
1T4F-P-M	Positive	0.449142	0.550858
1F58-P-L	Negative	0.73731	0.26269
1XGY-P-L	Negative	0.5425	0.4575
1NOP-C-A	Negative	0.575358	0.424642
1YOK-B-A	Negative	0.709237	0.290763
1KKQ-E-A	Negative	0.884282	0.115718
1S9X-C-A	Negative	0.910488	0.0895117
1EMU-B-A	Negative	0.5	0.5
1YDI-B-A	Negative	0.847473	0.152527
1RBG-S-A	Negative	0.528921	0.471079
1P22-C-A	Negative	0.839013	0.160987
1S9Y-C-A	Negative	0.819347	0.180653
1YVH-B-A	Negative	0.6369	0.3631
1A7C-B-A	Positive	0.311612	0.688388
1XHM-B-A	Negative	0.909805	0.0901949
1XHM-C-A	Negative	0.82158	0.17842
1D01-G-C	Negative	0.746005	0.253995
1KJ2-P-H	Negative	0.812968	0.187032
1R8U-A-B	Negative	0.831582	0.168418
1TBQ-L-H	Negative	0.599717	0.400283
1JCR-C-A	Negative	0.480229	0.519771
1MVF-D-A	Negative	0.8985	0.1015
1RB8-J-F	Negative	0.561029	0.438971
1ELW-C-A	Negative	0.471275	0.528725
1EVH-B-A	Positive	0.370674	0.629326
1TT5-E-B	Positive	0.449864	0.550136
1TT5-F-B	Positive	0.349559	0.650441
1KTL-P-A	Negative	0.890646	0.109354
1LGH-B-A	Negative	0.900519	0.099481
1LGH-E-A	Negative	0.900519	0.099481
1GL1-I-A	Positive	0.28982	0.71018
1GL1-J-B	Positive	0.289467	0.710533
1FM6-V-U	Negative	0.5	0.5
1FM6-Y-X	Positive	0.405028	0.594972
1G37-B-A	Negative	0.912637	0.0873633
1G65-3-K	Positive	0.37387	0.62613
1B40-B-A	Positive	0.368316	0.631684
1NRS-R-H	Positive	0.378265	0.621735
1VYJ-B-A	Positive	0.431657	0.568343
1JD5-B-A	Negative	0.713553	0.286447
1BY5-B-A	Positive	0.389315	0.610685
1O6P-D-A	Negative	0.629344	0.370656
1O6P-E-A	Negative	0.493149	0.506851
1XDK-C-A	Negative	0.465799	0.534201
1XDK-D-B	Negative	0.546495	0.453505
1L6O-D-A	Negative	0.795908	0.204092
1JKY-B-A	Negative	0.828838	0.171162
1GYB-E-A	Positive	0.384382	0.615618
1GYB-F-A	Positive	0.36784	0.63216
1GYB-G-C	Positive	0.372885	0.627115
1JUI-P-A	Negative	0.525554	0.474446
1PWV-C-A	Positive	0.401482	0.598518
1CDL-E-A	Negative	0.474901	0.525099
1CDL-G-C	Negative	0.594839	0.405161
1CDL-H-C	Negative	0.532548	0.467452
1IFH-P-L	Positive	0.445083	0.554917
1EBP-C-A	Negative	0.528927	0.471073
1LEZ-B-A	Positive	0.418975	0.581025
1W9Q-S-B	Positive	0.447415	0.552585
1VPP-X-V	Negative	0.790487	0.209513
1VPP-Y-V	Negative	0.784851	0.215149
1ZUZ-B-A	Negative	0.628889	0.371111
1P9U-G-A	Negative	0.478452	0.521548
1BZ9-C-A	Negative	0.854903	0.145097
1BBZ-B-A	Positive	0.27161	0.72839
1EPT-A-B	Negative	0.730174	0.269826
1JHT-C-A	Negative	0.884212	0.115788
1GUX-E-B	Negative	0.676517	0.323483
1ACY-P-L	Negative	0.756751	0.243249
1DD3-C-A	Negative	0.936317	0.0636826
1GY3-E-A	Positive	0.219054	0.780946
1GHB-E-F	Negative	0.836039	0.163961
1GHB-P-F	Positive	0.351989	0.648011
1EAK-P-A	Positive	0.344525	0.655475
1OQP-B-A	Negative	0.517566	0.482434
1HL3-B-A	Positive	0.208133	0.791867
1MT8-P-A	Negative	0.916047	0.0839532
1RBI-S-A	Negative	0.522136	0.477864
1N6J-G-A	Positive	0.262592	0.737408
1CE1-P-L	Positive	0.177215	0.822785
1BE9-B-A	Positive	0.201506	0.798494
1F47-A-B	Negative	0.548688	0.451312
1S7W-C-A	Negative	0.836806	0.163194
1XR0-A-B	Negative	0.706691	0.293309
1NRN-R-H	Negative	0.565103	0.434897
1N4M-C-A	Negative	0.890157	0.109843
1N4M-E-B	Negative	0.777938	0.222062
1JMO-L-H	Negative	0.663752	0.336248
1RMH-C-A	Negative	0.512329	0.487671
1LQB-D-B	Negative	0.83594	0.16406
1PAD-I-A	Negative	0.545131	0.454869
1R1Q-C-A	Negative	0.471949	0.528051
1YJ9-2-R	Positive	0.311483	0.688517
1VC3-A-B	Negative	0.904911	0.095089
1ZGY-B-A	Negative	0.590361	0.409639
1X11-C-A	Negative	0.46437	0.53563
1C9L-C-A	Negative	0.521888	0.478112
1X8S-B-A	Negative	0.784312	0.215688
1SSA-B-A	Negative	0.731073	0.268927
1PZL-B-A	Negative	0.509852	0.490148
1BK6-C-A	Positive	0.317152	0.682848
1BK6-D-A	Positive	0.402439	0.597561
1OEX-B-A	Negative	0.563875	0.436125
1LKK-B-A	Positive	0.379492	0.620508
1Q1S-A-C	Positive	0.31183	0.68817
1Q1S-B-C	Positive	0.219559	0.780441
1CFN-C-A	Positive	0.361213	0.638787
1HXZ-C-A	Negative	0.517296	0.482704
1AGE-C-A	Positive	0.318155	0.681845
1DML-B-A	Negative	0.891138	0.108862
1P4B-P-L	Negative	0.808407	0.191593
1Q1A-B-A	Positive	0.256637	0.743363
1SEM-C-A	Positive	0.213398	0.786602
1R1S-B-A	Positive	0.294257	0.705743
1OQE-K-A	Negative	0.602292	0.397708
1OQE-N-E	Negative	0.777131	0.222869
1E4X-P-H	Negative	0.607856	0.392144
1NES-I-E	Negative	0.529894	0.470106
1N4Q-M-A	Negative	0.604869	0.395131
1B51-B-A	Positive	0.2753	0.7247
1LTX-P-A	Negative	0.508275	0.491725
1E91-B-A	Negative	0.844046	0.155954
1N4R-M-A	Negative	0.624574	0.375426
1LD9-C-A	Negative	0.547959	0.452041
1XIU-E-A	Negative	0.605263	0.394737
1XIU-F-B	Negative	0.660541	0.339459
1KYD-P-A	Positive	0.289945	0.710055
1ZL1-C-A	Positive	0.368129	0.631871
1OM2-B-A	Negative	0.608397	0.391603
1L0A-B-A	Negative	0.548043	0.451957
1U8T-E-A	Negative	0.910084	0.0899159
1YTG-I-A	Negative	0.510589	0.489411
1QKB-B-A	Positive	0.347873	0.652127
1N7T-B-A	Negative	0.456667	0.543333
1M5N-Q-S	Positive	0.242433	0.757567
1PYO-E-A	Positive	0.354107	0.645893
1SDX-E-A	Negative	0.729222	0.270778
1JQ9-P-A	Positive	0.450739	0.549261
1J19-B-A	Negative	0.630726	0.369274
1SHB-B-A	Negative	0.649873	0.350127
1UHB-P-A	Positive	0.105395	0.894605
1OX1-B-A	Positive	0.235141	0.764859
1BX2-F-D	Negative	0.537757	0.462243
1D5S-B-A	Negative	0.68141	0.31859
1X2R-B-A	Negative	0.74712	0.25288
1YRK-B-A	Negative	0.971754	0.0282457
1TZE-I-E	Positive	0.383599	0.616401
1S2K-B-A	Negative	0.510319	0.489681
1HPG-B-A	Negative	0.493847	0.506153
1RGQ-C-A	Negative	0.715481	0.284519
1RGQ-D-A	Negative	0.919742	0.0802576
1HEF-I-E	Negative	0.54624	0.45376
1DKD-E-A	Negative	0.800308	0.199692
1U95-C-A	Negative	0.458655	0.541345
1DIT-P-H	Positive	0.452237	0.547763
1B9J-B-A	Positive	0.344371	0.655629
1PUA-B-A	Positive	0.171278	0.828722
1H27-E-B	Negative	0.483847	0.516153
1ZW3-B-A	Negative	0.616154	0.383846
1KCR-P-L	Positive	0.416963	0.583037
1U8J-C-A	Negative	0.5	0.5
1FYN-B-A	Positive	0.413236	0.586764
1ELR-B-A	Negative	0.458833	0.541167
1UCY-F-H	Negative	0.764235	0.235765
1UCY-G-E	Negative	0.863868	0.136132
1OX9-I-A	Negative	0.528411	0.471589
1PJ8-I-A	Positive	0.403212	0.596788
1LCK-B-A	Positive	0.186672	0.813328
1KY7-P-A	Negative	0.551601	0.448399
1JOJ-P-A	Positive	0.432229	0.567771
1TQE-X-P	Positive	0.341887	0.658113
1W5C-F-A	Negative	0.879399	0.120601
1W5C-L-G	Negative	0.879399	0.120601
1VF6-D-A	Negative	0.84793	0.15207
1SBW-I-A	Positive	0.288666	0.711334
1FEV-A-B	Negative	0.48683	0.51317
1UXS-C-A	Positive	0.383585	0.616415
1QFN-B-A	Negative	0.641512	0.358488
1VIT-I-H	Negative	0.696319	0.303681
1BOG-C-A	Positive	0.429282	0.570718
1TP5-B-A	Positive	0.347634	0.652366
1CMI-C-A	Negative	0.759154	0.240846
1M0V-B-A	Positive	0.275199	0.724801
1PCX-B-A	Positive	0.40824	0.59176
1V9U-5-1	Negative	0.477437	0.522563
1JDH-B-A	Negative	0.660095	0.339905
1S4Z-C-A	Negative	0.883021	0.116979
1O9U-B-A	Negative	0.906939	0.093061
1R1P-E-A	Negative	0.482708	0.517292
1TMF-4-1	Negative	0.721236	0.278764
1MEY-G-C	Positive	0.113123	0.886877
1KC2-B-A	Positive	0.404004	0.595996
1PPJ-I-A	Negative	0.827722	0.172278
1PPJ-J-D	Negative	0.796932	0.203068
1P3Q-Q-U	Negative	0.664938	0.335062
1P3Q-R-V	Negative	0.742246	0.257754
1LMW-A-B	Positive	0.193608	0.806392
1LMW-C-D	Positive	0.297895	0.702105
1LKL-B-A	Positive	0.371196	0.628804
1AVF-P-A	Negative	0.653789	0.346211
1AVF-Q-A	Negative	0.751203	0.248797
2H6F-P-A	Positive	0.448589	0.551411
2DO2-P-A	Negative	0.589938	0.410062
2E74-G-A	Negative	0.947609	0.052391
2E74-H-A	Negative	0.94779	0.0522103
2E74-F-B	Negative	0.96049	0.0395101
2E74-E-C	Negative	0.957349	0.0426511
2NXL-P-A	Negative	0.885932	0.114068
2HN7-C-A	Negative	0.829188	0.170812
2AOH-C-A	Negative	0.699797	0.300203
2XFX-C-A	Negative	0.849847	0.150153
2LGK-B-A	Positive	0.177584	0.822416
2A25-B-A	Negative	0.796099	0.203901
2AWU-C-B	Positive	0.361152	0.638848
2I0I-D-A	Positive	0.305374	0.694626
2WPV-B-A	Negative	0.684488	0.315512
2WPV-F-E	Negative	0.708472	0.291528
2HRP-P-L	Positive	0.375902	0.624098
2F9J-P-A	Negative	0.888598	0.111402
2F9J-Q-B	Negative	0.773335	0.226665
2V6Q-B-A	Negative	0.904486	0.0955141
2M0K-B-A	Negative	0.591958	0.408042
2CIK-C-A	Negative	0.695216	0.304784
2R0L-B-A	Positive	0.113876	0.886124
2P8M-C-A	Negative	0.629576	0.370424
2F9U-B-A	Negative	0.658594	0.341406
2F9U-D-A	Negative	0.901841	0.0981588
2Y9Q-B-A	Negative	0.488895	0.511105
2AV7-F-D	Negative	0.890065	0.109935
2GPO-C-A	Negative	0.664566	0.335434
2ROR-B-A	Positive	0.248633	0.751367
2FCI-B-A	Positive	0.307315	0.692685
2V88-D-A	Negative	0.522668	0.477332
2PEM-R-A	Positive	0.418954	0.581046
2RDD-B-A	Negative	0.798898	0.201102
2FES-L-H	Negative	0.689825	0.310175
2PHG-B-A	Negative	0.924844	0.0751556
2EQ8-C-A	Negative	0.769719	0.230281
2N1G-B-A	Positive	0.430848	0.569152
2G54-C-A	Negative	0.937902	0.0620976
2G54-D-B	Negative	0.938965	0.0610354
2VGP-D-A	Negative	0.797378	0.202622
2VGP-C-B	Negative	0.869039	0.130961
2XN5-B-A	Negative	0.816962	0.183038
2HFP-B-A	Positive	0.422373	0.577627
2W2P-E-A	Negative	0.804481	0.195519
2NMV-B-A	Negative	0.845512	0.154488
2HBQ-C-A	Negative	0.485888	0.514112
2AST-D-B	Positive	0.268909	0.731091
2PVF-B-A	Positive	0.370534	0.629466
2Q6F-D-A	Negative	0.643346	0.356654
2CZY-B-A	Negative	0.895088	0.104912
2L1C-B-A	Positive	0.382127	0.617873
2A06-I-A	Negative	0.816278	0.183722
2A06-J-D	Negative	0.770834	0.229166
2A06-V-N	Negative	0.816278	0.183722
2QFC-C-A	Positive	0.42695	0.57305
2PMC-E-A	Negative	0.871056	0.128944
2OX0-C-A	Positive	0.26482	0.73518
2FFU-P-A	Positive	0.160002	0.839998
2Y5T-E-A	Positive	0.258334	0.741666
2Y5T-F-A	Positive	0.260629	0.739371
2Y5T-G-A	Positive	0.236834	0.763166
2EMS-B-A	Positive	0.196054	0.803946
2CE8-X-A	Negative	0.93072	0.0692804
2ODB-B-A	Negative	0.707372	0.292628
2R7G-B-A	Negative	0.591868	0.408132
2R7G-E-A	Positive	0.445628	0.554372
2PG1-I-A	Negative	0.660165	0.339835
2PG1-L-A	Negative	0.791975	0.208025
2PG1-J-C	Negative	0.791975	0.208025
2YU7-B-A	Negative	0.720827	0.279173
2M0U-B-A	Positive	0.324552	0.675448
2ODY-A-B	Negative	0.629936	0.370064
2ODY-C-B	Negative	0.639639	0.360361
2XRW-B-A	Positive	0.420494	0.579506
2HLO-G-C	Positive	0.330737	0.669263
2ID4-C-A	Positive	0.367058	0.632942
2XQQ-E-A	Positive	0.164564	0.835436
2K2U-B-A	Negative	0.877766	0.122234
2MC1-B-A	Positive	0.349168	0.650832
2IJO-A-B	Negative	0.780565	0.219435
2JDI-I-G	Negative	0.878539	0.121461
2JMJ-P-A	Positive	0.180701	0.819299
2FX8-P-L	Positive	0.388562	0.611438
2NNU-B-A	Negative	0.884213	0.115787
2H6K-D-B	Positive	0.229076	0.770924
2AXZ-E-A	Negative	0.865012	0.134988
2AXZ-I-B	Positive	0.216054	0.783946
2IPU-Q-L	Positive	0.396668	0.603332
2A4J-B-A	Negative	0.616569	0.383431
2W2Q-E-A	Negative	0.832553	0.167447
2LCS-B-A	Positive	0.143636	0.856364
2W65-E-A	Negative	0.58953	0.41047
2W65-F-A	Positive	0.379327	0.620673
2YNR-B-A	Positive	0.212991	0.787009
2YNR-C-A	Positive	0.214575	0.785425
2J5L-A-B	Negative	0.607867	0.392133
2XCB-C-A	Negative	0.575218	0.424782
2AGG-A-X	Positive	0.450944	0.549056
2WH0-Q-A	Positive	0.440365	0.559635
2WH0-R-C	Negative	0.54096	0.45904
2N8J-B-A	Negative	0.548986	0.451014
2VDA-B-A	Negative	0.859099	0.140901
2GWW-B-A	Negative	0.609325	0.390675
2BVP-C-A	Negative	0.623759	0.376241
2MA9-A-B	Negative	0.672088	0.327912
2N8R-B-A	Positive	0.259517	0.740483
2FO4-P-A	Negative	0.459691	0.540309
2ZDV-I-H	Negative	0.621934	0.378066
2WSC-J-2	Negative	0.897553	0.102447
2WSC-I-B	Negative	0.917484	0.0825163
2BEZ-F-C	Negative	0.840341	0.159659
2RNW-B-A	Positive	0.210838	0.789162
2BNQ-C-A	Negative	0.915029	0.0849715
2PEH-C-A	Positive	0.191476	0.808524
2PEH-D-B	Positive	0.232558	0.767442
2DKO-I-A	Positive	0.380673	0.619327
2JOA-B-A	Negative	0.458625	0.541375
2J37-S-W	Negative	0.839043	0.160957
2QN6-C-A	Negative	0.76212	0.23788
2M3M-B-A	Positive	0.167427	0.832573
2QPY-B-A	Negative	0.599282	0.400718
2CNZ-B-A	Negative	0.5	0.5
2YJA-A-B	Positive	0.305067	0.694933
2XPO-B-A	Negative	0.867224	0.132776
2XPO-D-C	Negative	0.80983	0.19017
2OJX-E-A	Negative	0.467442	0.532558
2R3Y-D-A	Positive	0.376344	0.623656
2OD2-B-A	Positive	0.28161	0.71839
2X4W-B-A	Positive	0.304953	0.695047
2JET-A-B	Negative	0.857235	0.142765
2G30-P-A	Negative	0.52457	0.47543
2G30-S-A	Positive	0.422414	0.577586
2XBY-L-A	Negative	0.562748	0.437252
2IQ6-B-A	Negative	0.558208	0.441792
2Y36-P-H	Negative	0.703542	0.296458
2PC4-H-D	Positive	0.369293	0.630707
2HT9-X-A	Negative	0.765471	0.234529
2ZP9-C-A	Negative	0.88574	0.11426
2ZP9-E-A	Negative	0.86736	0.13264
2ZP9-H-F	Negative	0.905876	0.0941245
2ZP9-J-F	Negative	0.908435	0.0915649
2ZP9-O-K	Negative	0.908435	0.0915649
2GHQ-C-A	Positive	0.266274	0.733726
2GHQ-D-B	Positive	0.21299	0.78701
2OY2-W-A	Negative	0.57584	0.42416
2WZR-4-1	Negative	0.709095	0.290905
2O1N-P-A	Negative	0.577074	0.422926
2ARQ-P-A	Negative	0.560203	0.439797
2DEW-A-X	Positive	0.168625	0.831375
2PL9-D-A	Negative	0.930928	0.0690725
2PL9-E-B	Negative	0.892753	0.107247
2FP7-A-B	Negative	0.809599	0.190401
2FP7-C-B	Positive	0.283147	0.716853
2UUD-S-H	Positive	0.171736	0.828264
2UUD-T-J	Positive	0.179008	0.820992
2F8E-A-X	Negative	0.552411	0.447589
2D3G-P-A	Negative	0.617007	0.382993
2M41-A-B	Negative	0.715054	0.284946
2OI3-B-A	Positive	0.445593	0.554407
2D7S-B-A	Negative	0.552411	0.447589
2E76-H-A	Negative	0.94779	0.0522103
2HBH-B-A	Positive	0.397551	0.602449
2YQ7-B-A	Negative	0.935342	0.064658
2MX6-B-A	Positive	0.416447	0.583553
2JND-B-A	Negative	0.881808	0.118192
2LQC-B-A	Negative	0.80811	0.19189
2QLF-E-A	Positive	0.374011	0.625989
2QLF-G-A	Positive	0.31856	0.68144
2ZOK-I-A	Negative	0.783613	0.216387
2ZOK-J-C	Negative	0.783613	0.216387
2Q8E-F-A	Negative	0.457547	0.542453
2Q8E-G-B	Negative	0.485443	0.514557
2VOH-B-A	Negative	0.726999	0.273001
2QQS-C-A	Positive	0.319353	0.680647
2QQS-D-A	Positive	0.376839	0.623161
2OS2-C-A	Positive	0.307993	0.692007
2BNZ-A-C	Negative	0.872456	0.127544
2BNZ-D-C	Negative	0.879567	0.120433
2FSE-E-A	Positive	0.378594	0.621406
2PUX-A-B	Negative	0.683577	0.316423
2PUX-C-B	Negative	0.616269	0.383731
2EU0-B-A	Positive	0.346571	0.653429
2ROC-B-A	Negative	0.757674	0.242326
2CNX-P-A	Positive	0.31222	0.68778
2FMF-B-A	Negative	0.81572	0.18428
2Q8Y-B-A	Negative	0.512764	0.487236
2Z5H-A-B	Negative	0.869945	0.130055
2Z5H-I-B	Negative	0.840082	0.159918
2KRD-I-C	Negative	0.861427	0.138573
2FOM-A-B	Negative	0.813122	0.186878
2V52-M-B	Negative	0.660436	0.339564
2W84-B-A	Negative	0.92455	0.0754503
2MWN-A-B	Negative	0.869087	0.130913
2C5K-P-T	Negative	0.658682	0.341318
2MY3-B-A	Negative	0.697867	0.302133
2ORZ-B-A	Positive	0.305644	0.694356
2N3K-B-A	Negative	0.49059	0.50941
2A9H-E-A	Positive	0.248784	0.751216
2J6F-C-A	Positive	0.118339	0.881661
2B7Y-B-A	Negative	0.907116	0.0928845
2QL9-E-A	Positive	0.358852	0.641148
2PMZ-P-B	Negative	0.734526	0.265474
2BUO-T-A	Negative	0.623748	0.376252
2X4P-C-A	Negative	0.855653	0.144347
2H2F-B-A	Positive	0.243801	0.756199
2H43-I-B	Positive	0.35317	0.64683
2V53-B-A	Positive	0.238662	0.761338
2V53-D-A	Positive	0.238662	0.761338
2WUB-B-A	Positive	0.24657	0.75343
2WUB-D-C	Positive	0.314576	0.685424
2NDF-B-A	Positive	0.360104	0.639896
2WAX-B-A	Negative	0.737329	0.262671
2WAX-D-A	Negative	0.740084	0.259916
2K7W-B-A	Negative	0.936932	0.0630677
2IUI-C-A	Negative	0.707726	0.292274
2MBZ-B-A	Negative	0.652487	0.347513
2PV3-C-A	Negative	0.613053	0.386947
2XCF-C-A	Negative	0.770496	0.229504
2A0T-B-A	Negative	0.541533	0.458467
2LOX-B-A	Negative	0.772624	0.227376
2PR3-B-A	Negative	0.604291	0.395709
2XN6-B-A	Negative	0.816962	0.183038
2H65-E-A	Negative	0.669288	0.330712
2DYR-Z-N	Negative	0.715638	0.284362
2WAY-B-A	Negative	0.729845	0.270155
2WAY-D-A	Negative	0.794613	0.205387
2CII-C-A	Negative	0.552306	0.447694
2V3X-B-A	Negative	0.603336	0.396664
2PW2-C-A	Positive	0.37564	0.62436
2JQ9-B-A	Negative	0.573646	0.426354
2N2H-A-B	Negative	0.711046	0.288954
2QQP-B-A	Negative	0.883823	0.116177
2QQP-D-C	Negative	0.874089	0.125911
2QQP-H-E	Negative	0.879092	0.120908
2KS9-B-A	Positive	0.280251	0.719749
2BZK-A-B	Positive	0.225616	0.774384
2MWO-B-A	Positive	0.168322	0.831678
2LCT-B-A	Positive	0.298543	0.701457
2IFW-C-A	Positive	0.37822	0.62178
2BST-C-A	Positive	0.421801	0.578199
2OOB-A-B	Negative	0.952623	0.047377
2KFF-B-A	Positive	0.30747	0.69253
2OR9-P-L	Negative	0.52525	0.47475
2XXN-B-A	Negative	0.695372	0.304628
2V17-A-H	Positive	0.379202	0.620798
2D1X-P-A	Positive	0.144008	0.855992
2Y8O-B-A	Positive	0.350086	0.649914
2G3Q-A-B	Negative	0.842092	0.157908
2MJF-A-B	Negative	0.885797	0.114203
2NPI-C-A	Negative	0.584441	0.415559
2NPI-D-B	Positive	0.422414	0.577586
2PQK-B-A	Negative	0.883508	0.116492
2KZU-B-A	Positive	0.29128	0.70872
2XJY-B-A	Negative	0.867555	0.132445
2CE9-X-A	Positive	0.377244	0.622756
2WH6-B-A	Negative	0.892589	0.107411
2RFI-P-A	Positive	0.126737	0.873263
2AN6-E-A	Negative	0.778917	0.221083
2A3I-B-A	Negative	0.556619	0.443381
2Q3Z-X-A	Positive	0.440078	0.559922
2A0Q-A-B	Negative	0.720516	0.279484
2WA9-H-A	Positive	0.424683	0.575317
2WA9-N-B	Negative	0.52755	0.47245
2HFG-R-L	Negative	0.731622	0.268378
2YMB-F-C	Negative	0.77937	0.22063
2IAH-I-A	Positive	0.210423	0.789577
2ZPK-P-L	Positive	0.377149	0.622851
2X4T-C-A	Negative	0.799599	0.200401
2HJK-C-A	Negative	0.828032	0.171968
2J0U-T-A	Positive	0.374431	0.625569
2M14-B-A	Negative	0.666479	0.333521
2XC0-L-A	Negative	0.579792	0.420208
2QQC-A-B	Negative	0.874307	0.125693
2QQC-C-B	Negative	0.858229	0.141771
2QQC-G-B	Negative	0.857178	0.142822
2QQC-I-H	Negative	0.857178	0.142822
2QQC-K-H	Negative	0.857178	0.142822
2XBO-4-1	Negative	0.505117	0.494883
2L3R-B-A	Positive	0.185971	0.814029
2X72-B-A	Negative	0.803924	0.196076
2FGE-D-A	Negative	0.72626	0.27374
2YNP-P-A	Positive	0.251646	0.748354
2RKZ-M-A	Negative	0.519112	0.480888
2RKZ-N-A	Negative	0.601032	0.398968
2RKZ-O-A	Negative	0.557405	0.442595
2RQU-B-A	Positive	0.241852	0.758148
2RL0-G-A	Negative	0.512299	0.487701
2RL0-C-A	Negative	0.485091	0.514909
2RL0-E-D	Negative	0.553878	0.446122
2RL0-J-F	Negative	0.689907	0.310093
2ZSV-E-A	Negative	0.743895	0.256105
2A6K-P-L	Positive	0.351214	0.648786
2H4P-B-A	Negative	0.793576	0.206424
2R9Q-X-B	Negative	0.547859	0.452141
2R9Q-Y-B	Negative	0.941897	0.0581034
2Q5Y-B-A	Positive	0.415343	0.584657
2WW9-C-A	Negative	0.970334	0.0296664
2WW9-O-A	Negative	0.621379	0.378621
2YF2-F-A	Negative	0.9066	0.0934003
2YF2-D-B	Negative	0.918171	0.0818293
2KBR-B-A	Negative	0.683157	0.316843
2C5V-F-B	Negative	0.65488	0.34512
2V85-D-A	Positive	0.449806	0.550194
2V85-E-A	Positive	0.280976	0.719024
2V1D-C-A	Positive	0.315006	0.684994
2O9Q-C-A	Positive	0.304167	0.695833
2JTT-C-A	Negative	0.735581	0.264419
2W78-C-B	Positive	0.150609	0.849391
2BWE-C-S	Negative	0.781842	0.218158
2BWE-L-S	Negative	0.739073	0.260927
2BWE-M-S	Negative	0.666566	0.333434
2BWE-D-T	Negative	0.752226	0.247774
2BWE-K-T	Negative	0.716305	0.283695
2BWE-P-U	Negative	0.681703	0.318297
2I60-M-G	Negative	0.752465	0.247535
2OPZ-E-A	Negative	0.61492	0.38508
2FKW-D-A	Negative	0.944275	0.0557248
2R1D-W-H	Negative	0.742365	0.257635
2H9E-L-H	Negative	0.537616	0.462384
2H9E-S-H	Negative	0.5	0.5
2DF6-C-A	Positive	0.257991	0.742009
2DF6-D-A	Positive	0.193291	0.806709
2B1N-B-A	Negative	0.481443	0.518557
2MNU-B-A	Positive	0.320259	0.679741
2VDP-C-A	Negative	0.59378	0.40622
2YPA-D-B	Negative	0.831556	0.168444
2QHO-B-A	Negative	0.806915	0.193085
2QHO-F-A	Negative	0.776965	0.223035
2QHO-D-C	Negative	0.756882	0.243118
2QHO-H-G	Negative	0.780125	0.219875
2FYS-D-B	Negative	0.518397	0.481603
2PGQ-A-B	Negative	0.634408	0.365592
2JKR-P-A	Negative	0.532828	0.467172
2PKL-B-A	Negative	0.56496	0.43504
2Z7F-I-E	Negative	0.462251	0.537749
2V7D-P-A	Positive	0.389865	0.610135
2PQR-C-A	Negative	0.769726	0.230274
2PQR-D-A	Negative	0.8407	0.1593
2V1S-H-A	Negative	0.563116	0.436884
2V1S-K-A	Negative	0.791165	0.208835
2V1S-J-B	Negative	0.590281	0.409719
2V1S-M-F	Negative	0.700712	0.299288
2V1S-N-F	Negative	0.713528	0.286472
2N23-B-A	Positive	0.401874	0.598126
2MKC-C-A	Negative	0.527777	0.472223
2IXP-F-A	Negative	0.5	0.5
2OIN-D-A	Negative	0.854036	0.145964
2V1R-Q-A	Negative	0.664626	0.335374
2V1R-R-A	Positive	0.438503	0.561497
2MY2-B-A	Negative	0.557344	0.442656
2FMI-B-A	Negative	0.832422	0.167578
2QLL-B-A	Positive	0.368791	0.631209
2K04-B-A	Negative	0.692718	0.307282
2HH0-P-L	Positive	0.148751	0.851249
2K1Q-B-A	Positive	0.429898	0.570102
2BBN-B-A	Negative	0.507368	0.492632
2OSL-P-L	Positive	0.336785	0.663215
2OSL-Q-B	Positive	0.317006	0.682994
2C2Z-C-A	Positive	0.388412	0.611588
2W2H-C-A	Negative	0.737839	0.262161
2KC8-B-A	Negative	0.869933	0.130067
2KUP-B-A	Negative	0.666319	0.333681
2YNS-C-A	Positive	0.238495	0.761505
2YGV-E-A	Negative	0.63253	0.36747
2YGV-H-A	Negative	0.530887	0.469113
2YGV-F-B	Negative	0.533846	0.466154
2YGV-G-B	Negative	0.64345	0.35655
2J7X-B-A	Negative	0.774791	0.225209
2RPN-B-A	Positive	0.0984856	0.901514
2YB8-A-B	Negative	0.493648	0.506352
2ABZ-D-A	Negative	0.493668	0.506332
2CO2-B-A	Negative	0.537797	0.462203
2W97-E-A	Negative	0.542022	0.457978
2W97-F-B	Negative	0.562847	0.437153
2M04-B-A	Negative	0.731007	0.268993
2D7C-C-A	Negative	0.918513	0.0814865
2HQH-E-A	Negative	0.578921	0.421079
2JK9-B-A	Positive	0.432216	0.567784
2UXN-E-A	Positive	0.317241	0.682759
2RMX-B-A	Negative	0.777178	0.222822
2Y8T-B-A	Negative	0.824152	0.175848
2Y8T-E-D	Negative	0.824152	0.175848
2DOH-C-X	Negative	0.78388	0.21612
2EJY-B-A	Positive	0.370493	0.629507
2MV7-B-A	Positive	0.402962	0.597038
2OM2-B-A	Negative	0.894786	0.105214
2RR9-C-A	Negative	0.738839	0.261161
2V87-D-A	Positive	0.201789	0.798211
2V87-E-A	Positive	0.18803	0.81197
2Z34-C-A	Negative	0.762987	0.237013
2Z34-D-A	Negative	0.650354	0.349646
2OVM-B-A	Negative	0.902857	0.0971426
2WHX-C-A	Negative	0.856465	0.143535
2RSY-B-A	Positive	0.442581	0.557419
2YKA-B-A	Positive	0.347123	0.652877
2OVQ-C-B	Negative	0.5	0.5
2G5L-X-A	Negative	0.690773	0.309227
2I3T-B-A	Negative	0.858248	0.141752
2I3T-D-C	Negative	0.782742	0.217258
2NPM-X-A	Negative	0.750009	0.249991
2P8X-S-T	Negative	0.793464	0.206536
2B9J-C-A	Positive	0.339095	0.660905
2LSI-B-A	Positive	0.131171	0.868829
2PUY-E-B	Positive	0.14633	0.85367
2C1N-C-A	Positive	0.213005	0.786995
2WP1-P-A	Negative	0.488914	0.511086
2WP1-Q-B	Positive	0.278208	0.721792
2HGT-J-H	Negative	0.469882	0.530118
2JBY-B-A	Negative	0.681639	0.318361
2N13-A-B	Negative	0.771391	0.228609
2YKT-B-A	Negative	0.535515	0.464485
2ZO3-I-H	Negative	0.5	0.5
2WMB-I-B	Positive	0.341721	0.658279
2MUR-A-B	Negative	0.800878	0.199122
2KXH-B-A	Negative	0.863887	0.136113
2FNX-P-A	Negative	0.639729	0.360271
2Q5D-C-A	Positive	0.444549	0.555451
2Q5D-D-B	Negative	0.491586	0.508414
2L1W-B-A	Negative	0.631759	0.368241
2BTP-P-A	Positive	0.294022	0.705978
2Y1R-L-J	Positive	0.43282	0.56718
2Q7J-B-A	Negative	0.671538	0.328462
2IUH-B-A	Positive	0.364952	0.635048
2C3I-A-B	Positive	0.176388	0.823612
2ODD-B-A	Positive	0.252887	0.747113
2FMK-B-A	Negative	0.892753	0.107247
2MRO-B-A	Negative	0.835922	0.164078
2RQW-B-A	Positive	0.145292	0.854708
2WAQ-Q-A	Negative	0.677908	0.322092
2IV8-P-A	Negative	0.603754	0.396246
2IV8-Q-A	Positive	0.413672	0.586328
2M5B-B-A	Negative	0.757121	0.242879
2H4F-D-A	Positive	0.428116	0.571884
2BRQ-C-A	Positive	0.400975	0.599025
2F31-B-A	Negative	0.798858	0.201142
2NB1-B-A	Negative	0.667266	0.332734
2B9H-C-A	Negative	0.592151	0.407849
2BGN-W-A	Negative	0.572116	0.427884
2IHS-C-A	Positive	0.443228	0.556772
2IHS-D-B	Negative	0.522939	0.477061
2V2F-A-F	Negative	0.773817	0.226183
2QNA-B-A	Negative	0.700085	0.299915
2OXZ-Y-A	Positive	0.328192	0.671808
2VPB-B-A	Negative	0.973785	0.0262154
2MBB-A-B	Negative	0.723361	0.276639
2V1T-C-A	Negative	0.556432	0.443568
2H9P-B-A	Positive	0.355922	0.644078
2KXW-B-A	Negative	0.558983	0.441017
2L35-B-A	Negative	0.945158	0.0548422
2G83-C-A	Negative	0.716182	0.283818
2ER9-I-E	Negative	0.465133	0.534867
2LSP-A-B	Positive	0.24896	0.75104
2E30-B-A	Negative	0.867368	0.132632
2D0N-B-A	Positive	0.0645269	0.935473
2KYL-B-A	Positive	0.354263	0.645737
2ARR-P-A	Negative	0.628574	0.371426
2W6T-C-B	Positive	0.179734	0.820266
2ZPP-A-B	Negative	0.740744	0.259256
2KT5-B-A	Positive	0.449549	0.550451
2RHI-B-A	Positive	0.301577	0.698423
2OTW-E-A	Positive	0.281695	0.718305
2CNN-C-A	Positive	0.435931	0.564069
2Q3C-B-A	Positive	0.391127	0.608873
2WZQ-C-A	Negative	0.88586	0.11414
2WFY-E-B	Positive	0.368104	0.631896
2WX0-C-A	Negative	0.64491	0.35509
2WX0-G-B	Negative	0.657054	0.342946
2CNY-B-A	Negative	0.482201	0.517799
2GNS-P-A	Negative	0.55098	0.44902
2B7F-I-A	Negative	0.7486	0.2514
2B7F-J-C	Negative	0.605355	0.394645
2L1L-A-B	Negative	0.855235	0.144765
2OT8-C-A	Positive	0.203184	0.796816
2OT8-D-B	Positive	0.249248	0.750752
2KFT-B-A	Positive	0.227818	0.772182
2M0O-B-A	Negative	0.570738	0.429262
2C23-P-A	Negative	0.851672	0.148328
2ROD-B-A	Negative	0.772513	0.227487
2B2T-D-A	Positive	0.34552	0.65448
2W49-C-4	Negative	0.852171	0.147829
2ZJQ-4-J	Negative	0.55828	0.44172
2QT5-X-A	Negative	0.461894	0.538106
2PVC-D-B	Positive	0.237504	0.762496
2AFF-B-A	Negative	0.706408	0.293592
2R02-B-A	Negative	0.620048	0.379952
2HJL-C-A	Negative	0.886505	0.113495
2G47-C-A	Negative	0.768746	0.231254
2AIJ-P-X	Positive	0.185569	0.814431
2R0Z-Q-L	Positive	0.371823	0.628177
2W2U-C-A	Negative	0.61158	0.38842
2PCU-B-A	Positive	0.449996	0.550004
2CHA-A-B	Negative	0.857017	0.142983
2GPH-B-A	Negative	0.796993	0.203007
2SEM-C-A	Positive	0.229781	0.770219
2SEM-D-B	Positive	0.163515	0.836485
2FFD-J-B	Positive	0.336361	0.663639
2KFH-B-A	Positive	0.319691	0.680309
2DQK-P-A	Negative	0.61927	0.38073
2V6X-B-A	Negative	0.630791	0.369209
2XOK-I-G	Negative	0.718265	0.281735
2DS2-A-B	Negative	0.695741	0.304259
2DS2-C-B	Negative	0.780116	0.219884
2FLU-P-X	Negative	0.919376	0.0806241
2GUO-C-A	Negative	0.864848	0.135152
2LNW-B-A	Negative	0.515235	0.484765
2IV9-P-A	Negative	0.585219	0.414781
2FYY-C-A	Negative	0.601812	0.398188
2L9B-B-A	Negative	0.879412	0.120588
2AXF-C-A	Negative	0.51206	0.48794
2Z4E-I-B	Positive	0.29153	0.70847
2Z4E-J-E	Positive	0.29153	0.70847
2YJD-C-A	Negative	0.598129	0.401871
2RNY-B-A	Positive	0.44394	0.55606
2ISQ-B-A	Negative	0.488974	0.511026
2CLR-C-A	Negative	0.929026	0.0709745
2L8J-B-A	Negative	0.727179	0.272821
2HPL-B-A	Negative	0.5	0.5
2P8Q-B-A	Positive	0.40632	0.59368
2RR3-B-A	Negative	0.490783	0.509217
2X4R-C-A	Negative	0.81273	0.18727
2X4R-F-D	Negative	0.81273	0.18727
2VGO-C-B	Negative	0.833841	0.166159
2W0Z-B-A	Positive	0.181563	0.818437
2K3W-B-A	Negative	0.612965	0.387035
2J28-4-G	Negative	0.624608	0.375392
2JZ3-A-C	Negative	0.805456	0.194544
2K8F-B-A	Negative	0.530435	0.469565
2CLV-C-A	Negative	0.477194	0.522806
2CIO-B-A	Negative	0.531753	0.468247
2DT7-A-B	Negative	0.693524	0.306476
2YBP-C-A	Positive	0.402528	0.597472
2WV4-C-A	Negative	0.65829	0.34171
2KOH-B-A	Negative	0.94673	0.0532698
2GRL-E-A	Negative	0.857363	0.142637
2KJE-B-A	Negative	0.765995	0.234005
2YDR-P-A	Negative	0.566935	0.433065
2HLD-R-P	Negative	0.887949	0.112051
2HLD-1-Y	Negative	0.857924	0.142076
2VU8-I-E	Positive	0.156496	0.843504
2Z8P-B-A	Negative	0.751226	0.248774
2CO1-B-A	Positive	0.441419	0.558581
2BFX-C-B	Negative	0.843287	0.156713
2LXS-B-A	Negative	0.791067	0.208933
2HL3-C-A	Positive	0.368127	0.631873
2YQ6-B-A	Negative	0.960122	0.0398778
2G49-C-A	Negative	0.735017	0.264983
2G49-D-B	Negative	0.646717	0.353283
2X04-C-A	Negative	0.460427	0.539573
2Z23-B-A	Positive	0.335426	0.664574
2H9M-B-A	Positive	0.196921	0.803079
2H9M-D-A	Positive	0.236053	0.763947
2JF9-P-A	Positive	0.334598	0.665402
2JF9-Q-B	Positive	0.334598	0.665402
2MQS-B-A	Positive	0.382327	0.617673
2MQS-D-A	Positive	0.394417	0.605583
2QKH-B-A	Negative	0.794142	0.205858
2A7U-A-B	Negative	0.879662	0.120338
2FOT-C-A	Negative	0.539547	0.460453
2AXT-F-A	Negative	0.918703	0.0812967
2AXT-I-A	Negative	0.856303	0.143697
2AXT-J-A	Negative	0.941568	0.0584318
2AXT-L-A	Negative	0.847426	0.152574
2AXT-M-A	Negative	0.837255	0.162745
2AXT-T-A	Negative	0.923636	0.0763639
2AXT-t-B	Negative	0.923636	0.0763639
2BQZ-B-A	Negative	0.468984	0.531016
2RF9-C-A	Negative	0.486776	0.513224
2RF9-D-A	Negative	0.517774	0.482226
2W0P-C-A	Negative	0.844334	0.155666
2KNE-B-A	Negative	0.777138	0.222862
2MES-B-A	Negative	0.5	0.5
2XNY-M-B	Negative	0.55784	0.44216
2XNY-N-B	Negative	0.636943	0.363057
2A6I-P-A	Positive	0.286482	0.713518
2NCZ-B-A	Negative	0.544722	0.455278
2ACH-B-A	Negative	0.647112	0.352888
2BP5-P-M	Negative	0.599101	0.400899
2QME-I-A	Negative	0.775564	0.224436
2MH0-A-B	Negative	0.663207	0.336793
2XTT-A-B	Positive	0.326255	0.673745
2O9V-B-A	Positive	0.233668	0.766332
2N55-B-A	Negative	0.636455	0.363545
2XN3-B-A	Negative	0.848897	0.151103
2FYM-B-A	Negative	0.797998	0.202002
2H5J-E-A	Positive	0.345837	0.654163
2VP7-B-A	Negative	0.968966	0.0310336
2BBU-B-A	Positive	0.43663	0.56337
2X4O-C-A	Negative	0.793645	0.206355
2F3Z-B-A	Negative	0.464491	0.535509
2QYF-E-A	Positive	0.281786	0.718214
2VM6-B-A	Negative	0.858383	0.141617
2FWO-P-A	Negative	0.548526	0.451474
2XNS-C-A	Negative	0.799392	0.200608
2Y0T-B-A	Negative	0.80821	0.19179
2A40-C-A	Negative	0.792831	0.207169
2DRK-B-A	Positive	0.0751185	0.924881
2KWU-A-B	Negative	0.847354	0.152646
2BNW-A-B	Negative	0.884837	0.115163
2WK3-C-A	Negative	0.767304	0.232696
2GJ6-C-A	Negative	0.906199	0.0938012
2OV2-I-A	Negative	0.640242	0.359758
2OV2-J-A	Negative	0.634617	0.365383
2OV2-N-F	Negative	0.634617	0.365383
2OV2-O-G	Negative	0.640242	0.359758
2OV2-P-E	Negative	0.59824	0.40176
2VXC-C-A	Positive	0.430865	0.569135
2H7E-B-A	Negative	0.71497	0.28503
2FUU-B-A	Positive	0.196248	0.803752
2G2L-C-A	Negative	0.587136	0.412864
2Y06-P-H	Positive	0.268418	0.731582
2I3S-B-A	Negative	0.825481	0.174519
2MP2-C-A	Negative	0.862859	0.137141
2VDQ-C-A	Negative	0.477756	0.522244
2GTW-C-A	Negative	0.889885	0.110115
2XL3-C-A	Negative	0.488181	0.511819
2XL3-E-B	Negative	0.556569	0.443431
2XL3-F-B	Positive	0.281002	0.718998
2EMT-C-A	Positive	0.435686	0.564314
2EMT-E-A	Positive	0.390905	0.609095
2EMT-D-B	Positive	0.40519	0.59481
2X6M-B-A	Positive	0.389728	0.610272
2QLB-E-A	Positive	0.353845	0.646155
2F3C-I-E	Negative	0.644458	0.355542
2XQN-A-T	Negative	0.561813	0.438187
2H1U-P-A	Positive	0.440211	0.559789
2BBA-P-A	Negative	0.665094	0.334906
2JKT-P-A	Negative	0.628168	0.371832
2PW1-C-A	Negative	0.4537	0.5463
2HCJ-A-B	Negative	0.693395	0.306605
2C5W-A-B	Negative	0.649984	0.350016
2VUU-I-A	Negative	0.701588	0.298412
2VUU-O-G	Negative	0.670751	0.329249
2V64-I-C	Positive	0.38837	0.61163
2LY4-B-A	Negative	0.678162	0.321838
2WS9-4-1	Negative	0.525925	0.474075
2G1T-E-A	Negative	0.561021	0.438979
2G1T-H-A	Negative	0.584378	0.415622
2G1T-F-B	Negative	0.584282	0.415718
2G1T-G-C	Negative	0.54305	0.45695
2KXQ-B-A	Positive	0.375116	0.624884
2VR3-C-A	Negative	0.846376	0.153624
2VR3-D-A	Negative	0.765267	0.234733
2F58-P-L	Negative	0.694774	0.305226
2XZQ-P-H	Positive	0.374576	0.625424
2MIP-E-A	Negative	0.602124	0.397876
2KWK-B-A	Positive	0.192901	0.807099
2HQW-B-A	Positive	0.247147	0.752853
2PXJ-I-A	Negative	0.5	0.5
2PXJ-J-B	Positive	0.440072	0.559928
2HDX-G-A	Positive	0.400892	0.599108
2HDX-H-B	Negative	0.583927	0.416073
2IPK-C-A	Negative	0.483262	0.516738
2DYO-B-A	Negative	0.819822	0.180178
2LXM-B-A	Negative	0.740441	0.259559
2A45-J-B	Negative	0.537962	0.462038
2A45-L-B	Negative	0.703146	0.296854
2A45-I-E	Negative	0.634313	0.365687
2AOF-C-A	Positive	0.0914117	0.908588
2LE8-B-A	Negative	0.780677	0.219323
2FZ3-C-A	Negative	0.53462	0.46538
2VOF-B-A	Negative	0.83256	0.16744
2VOF-D-A	Negative	0.856025	0.143975
2PAV-V-A	Positive	0.303022	0.696978
2KGB-I-C	Negative	0.848174	0.151826
2HMH-B-A	Negative	0.458459	0.541541
2PNX-D-A	Positive	0.165141	0.834859
2W3I-B-A	Negative	0.632899	0.367101
2K3U-B-A	Positive	0.316773	0.683227
2A3Z-C-A	Negative	0.685629	0.314371
2DEY-A-X	Positive	0.193411	0.806589
2PV9-C-B	Positive	0.248572	0.751428
2MG5-B-A	Negative	0.899621	0.100379
2XS1-B-A	Negative	0.605883	0.394117
2O01-J-A	Negative	0.897553	0.102447
2V5F-X-A	Positive	0.353487	0.646513
2Z4J-B-A	Negative	0.643566	0.356434
2G46-C-A	Positive	0.291681	0.708319
2B05-K-E	Negative	0.754724	0.245276
2Q6J-C-A	Positive	0.442655	0.557345
2K00-B-A	Negative	0.583935	0.416065
2NLA-B-A	Negative	0.718119	0.281881
2IVZ-E-A	Positive	0.331299	0.668701
2IVZ-F-B	Positive	0.330976	0.669024
2RFD-C-A	Positive	0.444723	0.555277
2RFD-D-B	Negative	0.519245	0.480755
2FOO-B-A	Positive	0.142005	0.857995
2JF1-T-A	Negative	0.687997	0.312003
2AUH-B-A	Negative	0.819702	0.180298
2P1N-C-B	Negative	0.564425	0.435575
2WMA-E-B	Positive	0.414493	0.585507
2PV2-E-A	Negative	0.515147	0.484853
2EGN-B-A	Positive	0.238709	0.761291
2VE6-C-A	Negative	0.888943	0.111057
2NMB-B-A	Negative	0.871291	0.128709
2FFF-A-B	Negative	0.779412	0.220588
2L0Y-B-A	Negative	0.883907	0.116093
2XUM-S-A	Negative	0.870217	0.129783
2I04-C-A	Positive	0.280908	0.719092
2I04-D-A	Positive	0.271931	0.728069
2CNM-D-A	Positive	0.3696	0.6304
2JQL-B-A	Positive	0.133875	0.866125
2C7N-E-C	Negative	0.678405	0.321595
2W85-B-A	Negative	0.459303	0.540697
2W73-K-A	Negative	0.828891	0.171109
2AGH-C-B	Negative	0.532346	0.467654
2FF6-H-G	Positive	0.116383	0.883617
2NUD-C-A	Negative	0.694745	0.305255
2X4S-C-A	Negative	0.859698	0.140302
2AUC-D-A	Negative	0.694174	0.305826
2YCH-B-A	Negative	0.839236	0.160764
2GZD-C-A	Negative	0.768957	0.231043
2ND1-B-A	Positive	0.446175	0.553825
2GIT-C-A	Negative	0.906199	0.0938012
2GIT-F-D	Negative	0.906199	0.0938012
2Q6W-C-A	Negative	0.790482	0.209518
2Q6W-F-D	Negative	0.731753	0.268247
2WA8-B-A	Negative	0.597845	0.402155
2WA8-D-C	Positive	0.332113	0.667887
2Y0N-E-A	Negative	0.799845	0.200155
2Y0N-F-A	Negative	0.818645	0.181355
2Y0N-G-A	Negative	0.784013	0.215987
2VKN-C-A	Negative	0.5	0.5
2B5T-A-B	Negative	0.574532	0.425468
2J9A-D-A	Positive	0.368132	0.631868
2RT5-B-A	Negative	0.488268	0.511732
2FOP-B-A	Positive	0.133672	0.866328
2STB-I-E	Negative	0.756425	0.243575
2H6H-P-A	Negative	0.452887	0.547113
2FKA-B-A	Negative	0.922569	0.0774305
2RUI-B-A	Negative	0.489746	0.510254
2OS6-B-A	Negative	0.726797	0.273203
2YNO-P-A	Negative	0.515798	0.484202
2MWY-B-A	Positive	0.42741	0.57259
2KWF-B-A	Negative	0.691004	0.308996
2PRG-C-A	Negative	0.583976	0.416024
2ZVK-U-A	Positive	0.436202	0.563798
2ZVK-V-B	Negative	0.484073	0.515927
2ZVK-W-C	Negative	0.48468	0.51532
2RFE-F-B	Negative	0.618796	0.381204
2MRK-B-A	Positive	0.219841	0.780159
2WO6-C-B	Negative	0.517834	0.482166
2LGF-B-A	Negative	0.738642	0.261358
2PXY-P-A	Positive	0.210478	0.789522
2H4J-D-A	Positive	0.241082	0.758918
2B0S-P-L	Negative	0.5	0.5
2V7Q-J-A	Negative	0.761243	0.238757
2K03-B-A	Negative	0.647984	0.352016
2LGG-B-A	Positive	0.137225	0.862775
2WWZ-C-A	Negative	0.596388	0.403612
2N77-B-A	Negative	0.584204	0.415796
2H1C-B-A	Negative	0.961344	0.0386561
2D26-B-A	Negative	0.789939	0.210061
2OCV-A-B	Negative	0.656107	0.343893
2J4U-S-Q	Positive	0.382975	0.617025
2K2R-B-A	Negative	0.789485	0.210515
2Q0N-B-A	Positive	0.220914	0.779086
2OD8-B-A	Negative	0.48728	0.51272
2BVQ-C-A	Negative	0.814324	0.185676
2L5E-B-A	Positive	0.276563	0.723437
2ZU0-D-B	Negative	0.851295	0.148705
2L2I-B-A	Negative	0.487837	0.512163
2ZNL-B-A	Negative	0.910612	0.0893881
2GPV-G-A	Negative	0.928481	0.0715194
2CV3-B-A	Positive	0.288404	0.711596
2XAZ-D-A	Negative	0.700715	0.299285
2Z5S-R-N	Negative	0.660944	0.339056
2XC8-C-B	Positive	0.422397	0.577603
2ROZ-A-B	Negative	0.656363	0.343637
2PQ4-B-A	Negative	0.87097	0.12903
2AIN-B-A	Negative	0.749518	0.250482
2LI5-B-A	Negative	0.825992	0.174008
2Y4V-B-A	Negative	0.55771	0.44229
2O60-B-A	Negative	0.897038	0.102962
2Z3N-C-A	Positive	0.447711	0.552289
2LOB-B-A	Negative	0.563783	0.436217
2WHB-E-B	Positive	0.277955	0.722045
2GHT-C-A	Positive	0.271649	0.728351
2GHT-D-B	Positive	0.23848	0.76152
2X70-C-A	Negative	0.887769	0.112231
2J6O-C-A	Positive	0.350885	0.649115
2MFQ-B-A	Negative	0.864503	0.135497
2R28-C-A	Negative	0.796009	0.203991
2R28-D-A	Negative	0.788196	0.211804
2KBW-B-A	Negative	0.699333	0.300667
2V3S-D-A	Positive	0.412866	0.587134
2V3S-C-B	Positive	0.415744	0.584256
2BEV-C-A	Positive	0.368469	0.631531
2ZGH-B-A	Negative	0.517493	0.482507
2WOK-B-A	Positive	0.280957	0.719043
2I6O-B-A	Positive	0.226875	0.773125
2WWB-C-A	Negative	0.8258	0.1742
2CMY-B-A	Negative	0.78298	0.21702
2ZT9-G-A	Negative	0.926019	0.0739814
2ZT9-H-A	Negative	0.955054	0.0449463
2ZT9-F-B	Negative	0.949723	0.0502772
2ZT9-E-C	Negative	0.974888	0.0251125
2DYM-B-A	Negative	0.861847	0.138153
2VZI-A-B	Negative	0.823652	0.176348
2C5I-P-T	Negative	0.628264	0.371736
2ZL4-O-A	Negative	0.508275	0.491725
2CVY-B-A	Positive	0.384227	0.615773
2GDC-B-A	Negative	0.927684	0.0723163
2Y8S-E-D	Negative	0.840372	0.159628
2P6A-E-B	Negative	0.520621	0.479379
2OKR-C-A	Negative	0.644447	0.355553
2MNJ-A-B	Negative	0.726942	0.273058
2C2L-E-A	Positive	0.336518	0.663482
2GPP-C-A	Negative	0.750603	0.249397
2GPP-D-B	Negative	0.814274	0.185726
2D11-E-A	Negative	0.51783	0.48217
2D11-G-C	Negative	0.595501	0.404499
2FOJ-B-A	Positive	0.294992	0.705008
2AO6-B-A	Negative	0.907088	0.0929119
2PLD-B-A	Positive	0.28145	0.71855
2H5D-B-A	Negative	0.511829	0.488171
2MAK-B-A	Negative	0.713565	0.286435
2MSR-A-B	Negative	0.507504	0.492496
2FMH-B-A	Negative	0.896181	0.103819
2ZQP-E-Y	Negative	0.968465	0.0315351
2PW8-L-H	Negative	0.757205	0.242795
2KQS-B-A	Negative	0.525377	0.474623
2A41-C-A	Negative	0.508365	0.491635
2D10-E-A	Positive	0.452262	0.547738
2M8S-B-A	Negative	0.621657	0.378343
2W6I-H-G	Negative	0.839215	0.160785
2W6I-I-G	Negative	0.768681	0.231319
2Z32-B-A	Positive	0.206137	0.793863
2BR8-F-A	Negative	0.539844	0.460156
2BR8-J-A	Negative	0.539844	0.460156
2Y1L-H-A	Positive	0.377207	0.622793
2ESV-P-A	Negative	0.927527	0.0724733
2R1R-D-A	Negative	0.706789	0.293211
2R1R-P-A	Negative	0.545517	0.454483
2LUE-B-A	Negative	0.68271	0.31729
2XJZ-I-A	Negative	0.85315	0.14685
2XJZ-J-A	Negative	0.857219	0.142781
2XJZ-K-B	Negative	0.74909	0.25091
2XJZ-M-E	Negative	0.896152	0.103848
2V8C-C-A	Positive	0.230561	0.769439
2JMX-B-A	Negative	0.78078	0.21922
2LSK-B-A	Positive	0.324712	0.675288
2DRM-E-A	Positive	0.16391	0.83609
2DRM-G-C	Positive	0.177652	0.822348
2P0W-P-A	Positive	0.182496	0.817504
2P0W-Q-B	Positive	0.221837	0.778163
2N9E-A-B	Negative	0.835069	0.164931
2R9B-C-A	Positive	0.315099	0.684901
2KDU-B-A	Negative	0.732004	0.267996
2L4T-B-A	Negative	0.464649	0.535351
2DWX-P-A	Positive	0.298408	0.701592
2DWX-Q-C	Positive	0.335524	0.664476
2RNX-B-A	Positive	0.366201	0.633799
2EEO-A-B	Negative	0.911573	0.0884268
2K9U-B-A	Negative	0.764495	0.235505
2IBF-B-A	Negative	0.600489	0.399511
2IBF-D-A	Negative	0.62191	0.37809
2XB2-G-A	Negative	0.5	0.5
2XB2-F-X	Positive	0.362596	0.637404
2XB2-U-X	Negative	0.470369	0.529631
2IGF-P-L	Positive	0.431012	0.568988
2LVM-B-A	Positive	0.424632	0.575368
2PON-A-B	Negative	0.752211	0.247789
2X4X-B-A	Positive	0.414719	0.585281
2X4X-D-C	Positive	0.434135	0.565865
2X4X-F-E	Positive	0.391567	0.608433
2B0F-B-A	Negative	0.848325	0.151675
2J9J-C-A	Negative	0.617008	0.382992
2MS4-B-A	Positive	0.199181	0.800819
2FNS-P-A	Negative	0.610672	0.389328
2H5K-C-A	Positive	0.448174	0.551826
2ROL-B-A	Positive	0.326757	0.673243
2JM6-A-B	Negative	0.74786	0.25214
2I5Y-M-G	Negative	0.713402	0.286598
2CIA-L-A	Negative	0.826579	0.173421
2KQF-B-A	Positive	0.351849	0.648151
2AIK-P-X	Positive	0.388699	0.611301
2P6B-E-A	Negative	0.525469	0.474531
2KXC-B-A	Positive	0.425421	0.574579
2Y0I-S-A	Negative	0.953081	0.046919
2GKW-B-A	Negative	0.764895	0.235105
2HD4-B-A	Positive	0.267894	0.732106
2G35-B-A	Negative	0.648451	0.351549
2H4M-C-A	Positive	0.19844	0.80156
2H4M-D-B	Positive	0.36562	0.63438
2NXM-P-A	Negative	0.60484	0.39516
2N9P-A-C	Negative	0.801702	0.198298
2QKI-G-A	Negative	0.643973	0.356027
2QKI-H-D	Negative	0.643973	0.356027
2QAS-B-A	Negative	0.603604	0.396396
2ZCK-S-P	Positive	0.262926	0.737074
2RSN-B-A	Positive	0.300512	0.699488
2VWF-B-A	Positive	0.214435	0.785565
2YDQ-T-A	Negative	0.597607	0.402393
2JLD-E-A	Negative	0.569334	0.430666
2HU2-B-A	Positive	0.349448	0.650552
2O5G-B-A	Negative	0.679841	0.320159
2DEX-A-X	Positive	0.174566	0.825434
2RPQ-B-A	Negative	0.639232	0.360768
2HDN-A-B	Negative	0.693395	0.306605
2HKF-P-L	Negative	0.552859	0.447141
2VWL-L-A	Negative	0.524334	0.475666
2C74-P-A	Positive	0.359327	0.640673
2L1B-B-A	Negative	0.470715	0.529285
2KA9-B-A	Negative	0.521912	0.478088
2P8L-C-A	Negative	0.721693	0.278307
2JNW-B-A	Negative	0.88851	0.11149
2X7A-C-D	Negative	0.822803	0.177197
2X7A-K-I	Negative	0.849658	0.150342
2QXV-B-A	Negative	0.582097	0.417903
2IFR-B-A	Negative	0.548849	0.451151
2BVO-C-A	Negative	0.885399	0.114601
2XPG-C-A	Negative	0.563715	0.436285
2WB1-Q-A	Negative	0.694581	0.305419
2WB1-J-W	Negative	0.531839	0.468161
2ZPY-B-A	Positive	0.425806	0.574194
2V2X-C-A	Negative	0.885879	0.114121
2PV1-B-A	Negative	0.624223	0.375777
2M55-B-A	Negative	0.916772	0.0832282
2ZKS-C-A	Negative	0.601298	0.398702
2VWO-L-A	Negative	0.600505	0.399495
2G2I-C-A	Negative	0.584378	0.415622
2G2I-D-B	Negative	0.653354	0.346646
2PLX-B-A	Negative	0.604092	0.395908
2K05-B-A	Negative	0.591851	0.408149
2P8P-C-A	Negative	0.735501	0.264499
2KRI-B-A	Positive	0.377915	0.622085
2YLE-B-A	Negative	0.519171	0.480829
2KHS-B-A	Negative	0.715094	0.284906
2OQ1-B-A	Negative	0.678846	0.321154
2YPT-F-A	Positive	0.363607	0.636393
2YPT-G-B	Negative	0.508751	0.491249
2YEZ-C-A	Negative	0.491297	0.508703
2BSS-C-A	Negative	0.631893	0.368107
2LNK-C-A	Negative	0.739667	0.260333
2G56-C-A	Negative	0.938381	0.0616188
2G56-D-B	Negative	0.93723	0.0627697
2KJ4-B-A	Negative	0.768898	0.231102
2WUH-B-A	Positive	0.271791	0.728209
2WUH-C-A	Positive	0.271791	0.728209
2WUH-D-A	Positive	0.268688	0.731312
2K42-B-A	Negative	0.853976	0.146024
2WV5-E-A	Negative	0.705709	0.294291
2KSP-B-A	Positive	0.346206	0.653794
2XU7-D-A	Positive	0.17556	0.82444
2XU7-C-B	Positive	0.0972384	0.902762
2ND0-B-A	Negative	0.544934	0.455066
2BE6-D-A	Negative	0.710049	0.289951
2BE6-F-C	Negative	0.494777	0.505223
2AZM-C-A	Positive	0.414095	0.585905
2ZVM-U-A	Negative	0.578498	0.421502
2QIY-C-A	Negative	0.85177	0.14823
2PQ2-B-A	Negative	0.660325	0.339675
2ATP-E-A	Positive	0.262877	0.737123
2ATP-F-C	Positive	0.309384	0.690616
2H1P-P-L	Negative	0.809367	0.190633
2V5W-I-A	Positive	0.32584	0.67416
2Q8D-G-B	Positive	0.417291	0.582709
2CNO-C-A	Positive	0.407709	0.592291
2EIN-L-A	Negative	0.800261	0.199739
2BYP-F-A	Positive	0.357575	0.642425
2MHO-B-A	Negative	0.761097	0.238903
2N9X-B-A	Negative	0.617583	0.382417
2QBW-B-A	Positive	0.346492	0.653508
2HWL-A-B	Negative	0.635648	0.364352
2HWL-C-D	Negative	0.703738	0.296262
2HWL-P-D	Positive	0.174947	0.825053
2GSI-W-A	Positive	0.240995	0.759005
2GSI-X-C	Positive	0.201762	0.798238
2GSI-Z-G	Positive	0.24382	0.75618
2GL7-B-A	Negative	0.80518	0.19482
2GL7-C-A	Negative	0.732043	0.267957
2GL7-E-D	Negative	0.834449	0.165551
2GL7-F-D	Negative	0.562546	0.437454
2RKY-B-A	Positive	0.337035	0.662965
2RKY-D-A	Positive	0.40567	0.59433
2O98-Q-A	Negative	0.850857	0.149143
2AZE-C-A	Negative	0.586425	0.413575
2KTB-A-B	Positive	0.191018	0.808982
2VIF-P-A	Positive	0.437926	0.562074
2NS8-H-A	Negative	0.694273	0.305727
2NS8-E-A	Negative	0.770085	0.229915
2NS8-Z-A	Positive	0.36062	0.63938
2RUK-A-B	Negative	0.557722	0.442278
2AP2-P-A	Negative	0.842263	0.157737
2AP2-Q-C	Negative	0.738623	0.261377
2VAY-B-A	Negative	0.534868	0.465132
2OT0-E-A	Positive	0.367952	0.632048
2BGR-Y-A	Positive	0.387904	0.612096
2RFX-C-A	Positive	0.318991	0.681009
2Y69-Z-N	Negative	0.75812	0.24188
2UWJ-F-E	Negative	0.824363	0.175637
2B3G-B-A	Negative	0.646036	0.353964
2YY0-A-B	Negative	0.800078	0.199922
2YY0-C-B	Negative	0.816625	0.183375
2FX9-P-L	Positive	0.390401	0.609599
2VOI-B-A	Negative	0.812232	0.187768
2X7R-A-C	Negative	0.88192	0.11808
2X7R-B-C	Negative	0.617819	0.382181
2X7R-D-E	Negative	0.898089	0.101911
2KA6-B-A	Negative	0.725228	0.274772
2J0S-T-A	Negative	0.601808	0.398192
2CCI-F-A	Negative	0.474879	0.525121
2CCI-I-C	Negative	0.610982	0.389018
2LLQ-B-A	Positive	0.299057	0.700943
2B9I-C-A	Negative	0.604981	0.395019
2GGV-A-B	Negative	0.798258	0.201742
2HV8-F-A	Negative	0.909678	0.0903225
2K2I-B-A	Negative	0.901335	0.098665
2BE1-D-B	Negative	0.546773	0.453227
2KVM-B-A	Positive	0.306381	0.693619
2VZD-C-A	Negative	0.748344	0.251656
2VZD-D-B	Negative	0.874254	0.125746
2ADV-B-A	Negative	0.62846	0.37154
2BB4-P-A	Positive	0.416803	0.583197
2JQK-B-A	Negative	0.776958	0.223042
2A83-C-A	Positive	0.371579	0.628421
2LP8-B-A	Negative	0.876604	0.123396
2FTS-P-A	Negative	0.680004	0.319996
2Q3Y-B-A	Negative	0.79731	0.20269
2QHR-P-H	Positive	0.244864	0.755136
2VUS-M-E	Negative	0.662152	0.337848
2LL6-B-A	Negative	0.867765	0.132235
2LL7-B-A	Negative	0.699397	0.300603
2AOJ-C-A	Negative	0.744194	0.255806
2WPM-L-S	Positive	0.360371	0.639629
2Y48-C-A	Positive	0.183359	0.816641
2QFA-C-A	Negative	0.852077	0.147923
2L14-B-A	Negative	0.627878	0.372122
2YBF-B-A	Negative	0.584457	0.415543
2MKP-I-C	Negative	0.730487	0.269513
2OVH-B-A	Negative	0.888111	0.111889
2XAW-F-C	Negative	0.69948	0.30052
2YJ1-B-A	Negative	0.914591	0.0854093
2YJ1-D-C	Negative	0.914591	0.0854093
2V8F-C-A	Positive	0.310601	0.689399
2L6E-B-A	Negative	0.586311	0.413689
2AQ9-X-A	Negative	0.667479	0.332521
2AK4-C-A	Negative	0.551865	0.448135
2MOW-B-A	Positive	0.375051	0.624949
2B1Z-C-A	Negative	0.511919	0.488081
2KWN-B-A	Negative	0.582818	0.417182
2H59-D-A	Negative	0.506507	0.493493
2LR1-B-A	Negative	0.58269	0.41731
2JKG-P-A	Positive	0.30019	0.69981
2F91-B-A	Positive	0.20468	0.79532
2BOK-L-A	Negative	0.595649	0.404351
2KFG-B-A	Positive	0.281979	0.718021
2ZVV-Y-A	Positive	0.282285	0.717715
2ZVV-X-A	Positive	0.282497	0.717503
2B26-D-A	Negative	0.49278	0.50722
2RVB-A-B	Negative	0.650104	0.349896
2PHK-B-A	Positive	0.433976	0.566024
2JAM-D-A	Negative	0.662634	0.337366
2JAM-E-B	Positive	0.445967	0.554033
2RKL-D-B	Negative	0.877381	0.122619
2RKL-E-C	Negative	0.876785	0.123215
2LXT-C-A	Negative	0.58284	0.41716
2JZI-B-A	Negative	0.883341	0.116659
2JGB-B-A	Negative	0.614646	0.385354
2Y0Q-A-B	Negative	0.808754	0.191246
2Y0Q-C-B	Negative	0.770618	0.229382
2XVC-B-A	Negative	0.636591	0.363409
2ILM-S-A	Positive	0.391926	0.608074
2ASU-A-B	Positive	0.241617	0.758383
2QTV-D-A	Negative	0.668759	0.331241
2MPM-B-A	Negative	0.861876	0.138124
2GS6-B-A	Negative	0.50714	0.49286
2NPH-S-A	Positive	0.410203	0.589797
2NPH-T-A	Negative	0.653552	0.346448
2V5P-D-A	Negative	0.861804	0.138196
2MRE-B-A	Negative	0.5	0.5
2VSL-B-A	Positive	0.367881	0.632119
2OBO-D-A	Negative	0.789146	0.210854
2KNH-B-A	Negative	0.83306	0.16694
2JQI-B-A	Positive	0.141584	0.858416
2AKA-L-A	Positive	0.425774	0.574226
2XE4-B-A	Positive	0.394387	0.605613
2LSR-B-A	Negative	0.743637	0.256363
2RR4-B-A	Positive	0.176107	0.823893
2Q9I-M-B	Positive	0.393807	0.606193
2OFQ-B-A	Positive	0.148523	0.851477
2WBY-C-A	Negative	0.780048	0.219952
2WBY-D-A	Negative	0.963007	0.0369931
2WBY-F-B	Negative	0.957592	0.0424078
2DYH-B-A	Positive	0.408784	0.591216
2BSR-C-A	Negative	0.686762	0.313238
2PQW-B-A	Positive	0.389751	0.610249
2ZLF-B-A	Negative	0.705315	0.294685
2LP0-B-A	Positive	0.311894	0.688106
2Z7X-C-A	Positive	0.23709	0.76291
2X1N-H-D	Negative	0.462546	0.537454
2KPL-B-A	Positive	0.129581	0.870419
2DSQ-I-B	Negative	0.885441	0.114559
2RJF-B-A	Negative	0.537199	0.462801
2CI9-L-A	Negative	0.826579	0.173421
2CI9-M-B	Negative	0.77469	0.22531
2FHO-A-B	Negative	0.847681	0.152319
2PUQ-I-H	Positive	0.374328	0.625672
2BVR-I-H	Negative	0.523031	0.476969
2HPC-M-B	Positive	0.220199	0.779801
2LSV-B-A	Negative	0.578406	0.421594
2F49-C-A	Negative	0.467806	0.532194
2CK0-P-L	Negative	0.522045	0.477955
2Z3F-I-A	Negative	0.63421	0.36579
2Z3F-Q-A	Positive	0.415875	0.584125
2Z3F-K-C	Negative	0.682766	0.317234
2Z3F-L-D	Negative	0.739495	0.260505
2NL9-B-A	Negative	0.824615	0.175385
2XYI-B-A	Negative	0.609441	0.390559
2L7L-B-A	Negative	0.608313	0.391687
2JD5-C-A	Positive	0.28667	0.71333
2FX7-P-L	Positive	0.381719	0.618281
2D5W-C-A	Positive	0.245945	0.754055
2D5W-D-B	Positive	0.228662	0.771338
2VCP-D-A	Negative	0.74483	0.25517
2JDL-C-A	Negative	0.697679	0.302321
2JDL-D-B	Negative	0.777179	0.222821
2K20-B-A	Positive	0.249279	0.750721
2MZP-I-C	Negative	0.85753	0.14247
2GS0-B-A	Negative	0.458455	0.541545
2Z5N-B-A	Positive	0.316456	0.683544
2HAL-I-A	Positive	0.381732	0.618268
2HUG-B-A	Positive	0.136923	0.863077
2R05-B-A	Negative	0.745311	0.254689
2BCX-B-A	Negative	0.654032	0.345968
2LEH-B-A	Negative	0.493745	0.506255
2MZD-B-A	Negative	0.664329	0.335671
2NM1-B-A	Negative	0.6981	0.3019
2XPN-B-A	Negative	0.902548	0.0974518
2I3H-C-A	Negative	0.59823	0.40177
2DOI-C-X	Negative	0.782141	0.217859
2DOI-B-A	Negative	0.7713	0.2287
2P2T-C-A	Positive	0.285785	0.714215
2VDN-C-A	Positive	0.412933	0.587067
2PQN-B-A	Negative	0.871885	0.128115
2D1K-C-A	Positive	0.274068	0.725932
2ZL9-C-A	Negative	0.59497	0.40503
2H6M-I-A	Negative	0.568484	0.431516
2C63-P-A	Negative	0.524496	0.475504
2Q6G-C-A	Negative	0.478939	0.521061
2Q6G-D-A	Negative	0.493783	0.506217
2L6Y-A-B	Negative	0.696247	0.303753
2P5B-I-A	Positive	0.274276	0.725724
2P5B-J-B	Positive	0.20307	0.79693
2O02-P-A	Negative	0.869524	0.130476
2O02-Q-B	Negative	0.904261	0.0957393
2P54-B-A	Negative	0.467874	0.532126
2Y6S-P-C	Negative	0.917412	0.0825883
2LXP-B-A	Negative	0.685754	0.314246
2VOG-B-A	Negative	0.879676	0.120324
2XHS-B-A	Negative	0.726263	0.273737
2K6Q-B-A	Negative	0.59061	0.40939
2WP2-P-A	Negative	0.485239	0.514761
2WP2-Q-B	Positive	0.426997	0.573003
2PBD-V-A	Negative	0.655571	0.344429
2ZNE-C-A	Positive	0.415487	0.584513
2ZNE-D-B	Positive	0.392007	0.607993
2GT9-C-A	Negative	0.901723	0.0982767
2DVQ-P-A	Negative	0.615056	0.384944
2DVQ-Q-A	Positive	0.36821	0.63179
2Q8C-F-A	Positive	0.343846	0.656154
2Q8C-G-B	Positive	0.212877	0.787123
2SEB-E-A	Negative	0.824028	0.175972
2XZE-Q-A	Negative	0.480616	0.519384
2XZE-R-A	Negative	0.649629	0.350371
2DVR-Q-A	Negative	0.605715	0.394285
2KBS-B-A	Negative	0.758737	0.241263
2Y07-P-H	Positive	0.386046	0.613954
2B1J-C-A	Negative	0.805109	0.194891
2CCH-E-B	Negative	0.712113	0.287887
2RQG-A-B	Negative	0.829721	0.170279
2VPD-B-A	Negative	0.971635	0.0283654
2WHY-B-A	Positive	0.292744	0.707256
2C1T-C-A	Negative	0.651265	0.348735
2C1T-D-A	Negative	0.576681	0.423319
2PKU-B-A	Negative	0.493657	0.506343
2IY3-C-A	Negative	0.756129	0.243871
2ACM-B-A	Negative	0.868683	0.131317
2OBQ-B-A	Negative	0.751872	0.248128
2OBQ-D-A	Negative	0.88715	0.11285
2XPX-B-A	Negative	0.731185	0.268815
2LOZ-B-A	Positive	0.282388	0.717612
2L6Z-B-C	Negative	0.782825	0.217175
2X4N-C-A	Negative	0.762682	0.237318
2LNH-C-A	Negative	0.655395	0.344605
2Y65-Y-A	Positive	0.28397	0.71603
2Y65-W-B	Positive	0.272373	0.727627
2HSQ-B-A	Negative	0.821129	0.178871
2EQ7-C-A	Negative	0.908489	0.0915105
2G2F-C-A	Negative	0.925651	0.074349
2P5E-C-A	Negative	0.880226	0.119774
2L27-B-A	Negative	0.872133	0.127867
2KWV-A-B	Negative	0.777036	0.222964
2GV2-B-A	Negative	0.476266	0.523734
2EH8-P-L	Positive	0.301571	0.698429
2W9R-B-A	Negative	0.91515	0.0848504
2G5B-I-A	Positive	0.208726	0.791274
2FNT-P-A	Negative	0.560879	0.439121
2M32-B-A	Positive	0.341417	0.658583
2MJV-A-B	Positive	0.15919	0.84081
2VUM-M-A	Negative	0.521465	0.478535
2ZOL-E-A	Negative	0.554046	0.445954
2ZOL-F-C	Negative	0.554046	0.445954
2NNA-C-A	Positive	0.17361	0.82639
2OQJ-C-A	Negative	0.801195	0.198805
2OQJ-F-D	Negative	0.776246	0.223754
2OQJ-I-G	Negative	0.794905	0.205095
2OQJ-L-J	Negative	0.770375	0.229625
2H2H-B-A	Positive	0.290822	0.709178
2BBV-D-A	Negative	0.728697	0.271303
2AX3-B-A	Positive	0.368127	0.631873
2L53-B-A	Negative	0.694139	0.305861
2FF3-C-A	Positive	0.431554	0.568446
2I32-E-A	Negative	0.729399	0.270601
2I32-F-A	Negative	0.600103	0.399897
2K17-P-A	Positive	0.161847	0.838153
2J4W-D-H	Positive	0.438602	0.561398
2BP3-T-A	Negative	0.613807	0.386193
2BP3-S-B	Negative	0.72581	0.27419
2UUE-E-B	Negative	0.4798	0.5202
2V86-E-A	Positive	0.43186	0.56814
2EQ9-C-A	Negative	0.930758	0.0692422
2B6N-B-A	Positive	0.367767	0.632233
2KWO-B-A	Positive	0.154163	0.845837
2PR9-P-A	Negative	0.515066	0.484934
2XS8-B-A	Negative	0.704123	0.295877
2NWN-B-A	Negative	0.583921	0.416079
2ZTT-B-A	Negative	0.543012	0.456988
2I94-B-A	Negative	0.936791	0.0632094
2MC6-B-A	Negative	0.760799	0.239201
2MPS-B-A	Positive	0.425992	0.574008
2PGB-A-B	Negative	0.702778	0.297222
2K2F-C-A	Negative	0.474618	0.525382
2BD3-P-A	Negative	0.569875	0.430125
2N01-A-B	Negative	0.543508	0.456492
2FYZ-B-A	Negative	0.718742	0.281258
2FYZ-D-A	Negative	0.647589	0.352411
2FYZ-F-C	Negative	0.729508	0.270492
2C9T-K-A	Positive	0.409309	0.590691
2B1H-P-L	Positive	0.390371	0.609629
2DEN-A-B	Negative	0.845201	0.154799
2VWN-L-A	Negative	0.63907	0.36093
2OBH-C-A	Negative	0.684726	0.315274
2OBH-D-A	Negative	0.616569	0.383431
2VPE-B-A	Negative	0.949993	0.0500069
2Y7L-B-A	Negative	0.68029	0.31971
2CO4-B-A	Negative	0.519192	0.480808
2WJG-C-A	Negative	0.522718	0.477282
2ZVL-U-A	Negative	0.66022	0.33978
2ZVL-V-B	Negative	0.575573	0.424427
2ZVL-W-C	Negative	0.591844	0.408156
2ZVL-X-D	Negative	0.569985	0.430015
2ZVL-Z-F	Negative	0.66022	0.33978
2NPA-B-A	Negative	0.768775	0.231225
2NPA-D-C	Negative	0.492226	0.507774
2JXC-B-A	Negative	0.605201	0.394799
2JFA-P-A	Negative	0.8891	0.1109
2XPP-B-A	Negative	0.901278	0.0987216
2MWP-B-A	Positive	0.243956	0.756044
2Y6I-B-A	Positive	0.378103	0.621897
2Z5K-B-A	Positive	0.17507	0.82493
2N0Y-B-A	Negative	0.696399	0.303601
2BZ8-C-A	Positive	0.0829937	0.917006
2JOG-B-A	Negative	0.745776	0.254224
2BEC-B-A	Negative	0.816946	0.183054
2Z8C-B-A	Negative	0.458222	0.541778
2LYD-B-A	Negative	0.589839	0.410161
2MGU-M-A	Negative	0.717245	0.282755
2W77-C-B	Positive	0.123393	0.876607
2YBA-D-A	Positive	0.170265	0.829735
2YBA-C-B	Positive	0.137314	0.862686
2XPI-B-A	Negative	0.814681	0.185319
2N4Q-A-B	Negative	0.592405	0.407595
2MW2-B-A	Negative	0.822489	0.177511
2G48-C-A	Negative	0.553082	0.446918
2G48-D-B	Negative	0.563294	0.436706
2F3Y-B-A	Positive	0.434697	0.565303
2Z5M-B-A	Positive	0.316632	0.683368
2VPG-P-A	Positive	0.413452	0.586548
2QQD-A-B	Negative	0.916789	0.0832106
2YDS-T-A	Positive	0.329685	0.670315
2BZW-B-A	Negative	0.612115	0.387885
2VT1-A-B	Negative	0.74501	0.25499
2LPB-B-A	Negative	0.462046	0.537954
2RQH-A-B	Negative	0.823512	0.176488
2QA9-I-E	Negative	0.631758	0.368242
2VDO-C-A	Negative	0.822229	0.177771
2J7Y-B-A	Negative	0.762653	0.237347
2NXD-P-A	Negative	0.764385	0.235615
2UZ6-K-A	Negative	0.507368	0.492632
2F69-B-A	Positive	0.251555	0.748445
2ZPN-E-A	Negative	0.464317	0.535683
2O8M-C-A	Negative	0.698366	0.301634
2O8M-D-A	Negative	0.871737	0.128263
2RD4-C-A	Positive	0.404651	0.595349
2Y0M-B-A	Negative	0.66507	0.33493
2ASQ-B-A	Negative	0.623718	0.376282
2MKR-B-A	Negative	0.680357	0.319643
2ZFX-C-A	Negative	0.536861	0.463139
2XS3-C-A	Positive	0.445271	0.554729
2LKM-A-B	Negative	0.644748	0.355252
2H2G-B-A	Negative	0.465624	0.534376
2O4J-C-A	Positive	0.399503	0.600497
2E4H-B-A	Positive	0.406029	0.593971
2W5Z-C-A	Positive	0.252245	0.747755
2V51-F-B	Negative	0.625775	0.374225
2VZG-A-B	Negative	0.90817	0.0918296
2ZXE-G-A	Negative	0.813468	0.186532
2WSS-U-C	Negative	0.636781	0.363219
2WSS-Z-O	Negative	0.520566	0.479434
2WSS-X-W	Negative	0.590122	0.409878
2W10-D-A	Positive	0.160992	0.839008
2W10-C-B	Positive	0.0787127	0.921287
2PB8-P-A	Negative	0.561876	0.438124
2VBC-B-A	Negative	0.845534	0.154466
2YMT-B-A	Negative	0.5	0.5
2VOY-B-A	Negative	0.944282	0.0557184
2VOY-E-F	Negative	0.918863	0.0811371
2VOY-G-F	Negative	0.813084	0.186916
2VOY-H-I	Negative	0.898242	0.101758
2VOY-K-I	Negative	0.917198	0.0828021
2ODG-C-A	Negative	0.574953	0.425047
2KRB-B-A	Positive	0.342805	0.657195
2Y0S-Q-A	Negative	0.72217	0.27783
2Y0S-P-B	Negative	0.746073	0.253927
2P1L-B-A	Negative	0.711073	0.288927
2LSJ-B-A	Positive	0.230801	0.769199
2C1J-C-A	Positive	0.310355	0.689645
2PDZ-B-A	Positive	0.395416	0.604584
2YVC-D-A	Negative	0.662514	0.337486
2YVC-F-A	Positive	0.209646	0.790354
2YVC-E-B	Negative	0.544878	0.455122
2KTF-B-A	Negative	0.858841	0.141159
2E3K-R-D	Negative	0.513494	0.486506
2BFY-D-A	Negative	0.829376	0.170624
2BFY-C-B	Negative	0.862602	0.137398
2QSC-P-L	Negative	0.580721	0.419279
2KHW-A-B	Negative	0.783912	0.216088
2ZJP-4-E	Negative	0.55828	0.44172
2DUJ-P-A	Negative	0.507791	0.492209
2CWG-D-A	Positive	0.250162	0.749838
2CWG-E-A	Positive	0.422118	0.577882
2BPA-3-1	Positive	0.293732	0.706268
2QOS-A-C	Negative	0.793545	0.206455
2BRR-P-H	Negative	0.640679	0.359321
2Y21-H-C	Negative	0.8304	0.1696
2Y21-K-I	Negative	0.819575	0.180425
2LAS-B-A	Negative	0.55786	0.44214
2X4Y-B-A	Positive	0.436067	0.563933
2X4Y-P-A	Positive	0.417863	0.582137
2X4Y-D-C	Positive	0.20307	0.79693
2X4Y-F-E	Positive	0.364497	0.635503
2X4Y-L-K	Negative	0.533438	0.466562
2F5Z-K-A	Negative	0.742653	0.257347
2J7I-C-A	Positive	0.265975	0.734025
2J7I-D-B	Positive	0.187019	0.812981
2XS4-B-A	Positive	0.402402	0.597598
2BJ4-C-A	Negative	0.486409	0.513591
2VJ0-Q-A	Negative	0.557178	0.442822
2OVR-C-B	Positive	0.276716	0.723284
2J9U-B-A	Negative	0.656773	0.343227
2C1M-B-A	Negative	0.672499	0.327501
2ZL2-O-A	Negative	0.595493	0.404507
2ZL2-P-B	Positive	0.447747	0.552253
2ZL2-U-H	Negative	0.676709	0.323291
2XXM-T-A	Negative	0.586412	0.413588
2MTP-B-A	Negative	0.460927	0.539073
2MTP-C-A	Negative	0.603243	0.396757
2L00-A-B	Negative	0.460767	0.539233
2RS9-A-B	Positive	0.340079	0.659921
2LTO-B-A	Positive	0.229657	0.770343
2P58-B-A	Negative	0.839445	0.160555
2VUT-M-E	Negative	0.701588	0.298412
2WEV-E-B	Positive	0.277955	0.722045
2K7L-B-A	Negative	0.676792	0.323208
2AXI-B-A	Positive	0.443899	0.556101
2R03-B-A	Negative	0.506489	0.493511
2JW1-B-A	Negative	0.626547	0.373453
2XA0-C-A	Negative	0.811451	0.188549
2L0F-B-A	Negative	0.826502	0.173498
2ZSW-M-A	Negative	0.78169	0.21831
2NP0-B-A	Negative	0.7366	0.2634
2W3O-C-A	Negative	0.459672	0.540328
2F9D-P-A	Negative	0.787028	0.212972
2JGC-B-A	Negative	0.723959	0.276041
2PIE-F-A	Positive	0.364976	0.635024
2HZS-I-B	Positive	0.429783	0.570217
2HZS-J-D	Positive	0.429157	0.570843
2HZS-K-F	Negative	0.509987	0.490013
2HZS-L-H	Negative	0.5	0.5
2L9S-A-B	Negative	0.666389	0.333611
2JOD-B-A	Negative	0.600632	0.399368
2QAC-T-A	Negative	0.763651	0.236349
2N3A-A-B	Positive	0.390829	0.609171
2V89-E-A	Positive	0.424261	0.575739
2IIJ-B-A	Negative	0.715753	0.284247
2P4R-T-A	Positive	0.0774291	0.922571
2ZJD-B-A	Positive	0.353994	0.646006
2ZJD-D-C	Positive	0.366275	0.633725
2QBX-P-A	Positive	0.313176	0.686824
2QBX-D-B	Positive	0.255768	0.744232
2HPZ-B-A	Negative	0.688539	0.311461
2A6D-P-A	Positive	0.438526	0.561474
2WC0-C-A	Negative	0.740744	0.259256
2WC0-D-A	Negative	0.948321	0.0516795
2L7U-B-A	Positive	0.371476	0.628524
2F6A-E-A	Positive	0.17682	0.82318
2F6A-J-B	Positive	0.178602	0.821398
2DZE-X-A	Negative	0.47797	0.52203
2BCK-C-A	Negative	0.914356	0.0856437
2LO6-B-A	Positive	0.242528	0.757472
2RJE-P-A	Positive	0.272531	0.727469
2RJE-Q-A	Negative	0.481487	0.518513
2B1A-P-L	Negative	0.587395	0.412605
2Z9I-D-A	Negative	0.5	0.5
2Z9I-F-A	Negative	0.480858	0.519142
2Z9I-G-A	Negative	0.4684	0.5316
2Z9I-H-B	Positive	0.382551	0.617449
2Z9I-I-C	Negative	0.484766	0.515234
2ZGJ-B-A	Positive	0.393682	0.606318
2BAP-D-B	Negative	0.946257	0.0537432
2IWB-B-A	Positive	0.37677	0.62323
3VB4-E-A	Negative	0.643346	0.356654
3WG5-C-A	Negative	0.758459	0.241541
3HOW-L-B	Negative	0.754319	0.245681
3AP1-S-A	Positive	0.369051	0.630949
3UI2-B-A	Positive	0.093799	0.906201
3UTM-C-A	Negative	0.458765	0.541235
3TL0-B-A	Negative	0.78329	0.21671
3WS3-E-A	Negative	0.684146	0.315854
3V9V-C-A	Negative	0.72802	0.27198
3OGM-Q-B	Negative	0.5	0.5
3QF9-B-A	Positive	0.19842	0.80158
3QGN-A-B	Negative	0.722998	0.277002
3I7H-B-A	Negative	0.649291	0.350709
3W1B-B-A	Negative	0.47862	0.52138
3V2X-B-A	Negative	0.670828	0.329172
3TDI-C-B	Positive	0.258357	0.741643
3QT1-I-A	Negative	0.776602	0.223398
3D9O-Z-B	Positive	0.177265	0.822735
3NIM-X-A	Positive	0.334575	0.665425
3D9T-C-A	Positive	0.375259	0.624741
3D9T-D-A	Positive	0.368381	0.631619
3HPW-C-A	Negative	0.768339	0.231661
3D44-B-A	Positive	0.375376	0.624624
3CDW-H-A	Positive	0.0852116	0.914788
3IYB-2-3	Negative	0.5	0.5
3OUW-B-A	Negative	0.669949	0.330051
3U3W-P-A	Negative	0.680258	0.319742
3RVF-B-A	Negative	0.65586	0.34414
3MQS-D-C	Positive	0.164306	0.835694
3MN7-S-A	Positive	0.335375	0.664625
3C3R-B-A	Negative	0.663695	0.336305
3BEF-A-B	Negative	0.606652	0.393348
3BEF-C-B	Positive	0.343862	0.656138
3BEF-D-E	Negative	0.638321	0.361679
3BEF-F-E	Positive	0.375918	0.624082
3UVX-B-A	Positive	0.411937	0.588063
3GW1-C-A	Positive	0.398994	0.601006
3U3Z-B-A	Positive	0.321305	0.678695
3EBB-E-A	Negative	0.473176	0.526824
3EBB-H-A	Positive	0.370445	0.629555
3EBB-G-C	Positive	0.445164	0.554836
3FP7-I-E	Positive	0.285976	0.714024
3FP7-J-E	Negative	0.715259	0.284741
3EMW-B-A	Positive	0.308762	0.691238
3RM1-B-A	Negative	0.630269	0.369731
3AG2-K-A	Negative	0.82656	0.17344
3AG2-L-A	Negative	0.800261	0.199739
3AG2-Z-N	Negative	0.715638	0.284362
3G7Z-C-A	Negative	0.84133	0.15867
3L73-I-A	Negative	0.647981	0.352019
3L73-V-B	Negative	0.647981	0.352019
3DOX-P-A	Positive	0.344499	0.655501
3DOX-Q-A	Negative	0.510589	0.489411
3DX6-C-A	Negative	0.671823	0.328177
3GYT-B-A	Negative	0.669247	0.330753
3OJ3-I-A	Negative	0.522769	0.477231
3OJ3-N-A	Negative	0.619464	0.380536
3OJ3-K-B	Negative	0.570071	0.429929
3OJ3-O-F	Negative	0.531422	0.468578
3MLR-P-L	Negative	0.630645	0.369355
3LLZ-B-A	Positive	0.285296	0.714704
3CJI-D-A	Negative	0.687846	0.312154
3W1S-B-A	Negative	0.834983	0.165017
3WUU-B-A	Negative	0.802562	0.197438
3WUU-C-A	Negative	0.818158	0.181842
3WUU-D-A	Negative	0.863748	0.136252
3WUU-F-A	Negative	0.850261	0.149739
3WUU-G-A	Negative	0.80613	0.19387
3WUU-H-A	Negative	0.821143	0.178857
3V62-C-A	Negative	0.856671	0.143329
3BKY-P-H	Positive	0.253964	0.746036
3OOF-B-A	Negative	0.579331	0.420669
3OOF-D-C	Negative	0.5	0.5
3C01-A-E	Negative	0.863589	0.136411
3C01-C-G	Negative	0.878671	0.121329
3CCH-C-A	Positive	0.23087	0.76913
3R7G-B-A	Positive	0.41083	0.58917
3BIM-I-A	Negative	0.57634	0.42366
3BIM-N-A	Negative	0.614895	0.385105
3ML4-E-A	Positive	0.340045	0.659955
3Q33-D-A	Positive	0.336168	0.663832
3Q75-G-A	Negative	0.549157	0.450843
3PQZ-L-A	Negative	0.539108	0.460892
3SZS-A-E	Negative	0.480473	0.519527
3SZS-B-E	Positive	0.401653	0.598347
3D2U-C-A	Negative	0.927404	0.0725961
3H5R-E-A	Positive	0.429594	0.570406
3GLT-B-A	Negative	0.50644	0.49356
3L3H-C-A	Negative	0.795017	0.204983
3H1K-V-N	Negative	0.647981	0.352019
3NA1-C-A	Negative	0.826312	0.173688
3NA1-D-B	Negative	0.84945	0.15055
3BL2-C-A	Negative	0.852237	0.147763
3IDM-C-A	Negative	0.479265	0.520735
3UAL-P-A	Positive	0.361597	0.638403
3I7P-B-A	Negative	0.806393	0.193607
3UBW-P-A	Positive	0.365661	0.634339
3BH8-C-A	Negative	0.811979	0.188021
3EAR-B-A	Negative	0.973248	0.0267521
3F9Y-E-A	Positive	0.341415	0.658585
3F9Y-F-A	Positive	0.304275	0.695725
3LUO-B-A	Negative	0.750975	0.249025
3WOO-C-A	Negative	0.571219	0.428781
3M1B-I-A	Negative	0.626703	0.373297
3M1B-J-C	Negative	0.727683	0.272317
3I7N-B-A	Positive	0.427667	0.572333
3U8X-B-A	Negative	0.564439	0.435561
3H6Z-L-A	Negative	0.511745	0.488255
3C00-A-B	Negative	0.539842	0.460158
3MHP-C-A	Positive	0.183667	0.816333
3MRO-P-A	Negative	0.938948	0.0610516
3GSQ-P-A	Negative	0.724328	0.275672
3ER5-I-E	Positive	0.425332	0.574668
3HBU-Z-P	Negative	0.560413	0.439587
3FXX-B-A	Negative	0.516892	0.483108
3FIE-C-A	Negative	0.735858	0.264142
3ZIL-B-A	Positive	0.431884	0.568116
3QW5-B-A	Positive	0.350824	0.649176
3EQS-B-A	Negative	0.508758	0.491242
3U3F-E-A	Negative	0.805082	0.194918
3U3F-G-A	Negative	0.723688	0.276312
3U3F-I-A	Negative	0.711775	0.288225
3U3F-H-B	Negative	0.760414	0.239586
3E2B-C-A	Positive	0.301631	0.698369
3UO8-L-B	Positive	0.364392	0.635608
3S9C-B-A	Negative	0.594716	0.405284
3M17-I-A	Negative	0.65152	0.34848
3BZX-A-B	Negative	0.5	0.5
3GCI-P-A	Negative	0.855463	0.144537
3UAT-B-A	Negative	0.641257	0.358743
3OY5-P-U	Negative	0.67123	0.32877
3GDV-D-A	Positive	0.367968	0.632032
3WWQ-C-A	Negative	0.782332	0.217668
3WWQ-F-D	Negative	0.815502	0.184498
3WWQ-L-E	Negative	0.728727	0.271273
3CWB-V-I	Negative	0.647981	0.352019
3O45-P-L	Positive	0.205704	0.794296
3O45-C-A	Positive	0.246519	0.753481
3OWT-C-A	Negative	0.840034	0.159966
3VXF-L-H	Negative	0.756835	0.243165
3VXF-J-H	Negative	0.597497	0.402503
3VXF-I-H	Positive	0.303327	0.696673
3O6Q-B-A	Negative	0.61643	0.38357
3O6Q-D-A	Negative	0.589507	0.410493
3QZV-C-A	Negative	0.5	0.5
3OUA-P-A	Positive	0.233652	0.766348
3PSL-C-A	Positive	0.281002	0.718998
3Q6S-E-A	Negative	0.75527	0.24473
3Q6S-F-A	Negative	0.798593	0.201407
3VFR-C-A	Negative	0.81705	0.18295
3K24-D-A	Negative	0.464234	0.535766
3D3V-C-A	Negative	0.898073	0.101927
3QF7-C-A	Negative	0.790438	0.209562
3NDF-B-A	Negative	0.573329	0.426671
3FSH-C-A	Negative	0.77202	0.22798
3B3I-C-A	Positive	0.382403	0.617597
3L3I-C-A	Positive	0.440647	0.559353
3V49-B-A	Negative	0.760985	0.239015
3N56-C-A	Positive	0.326104	0.673896
3O42-B-A	Negative	0.883071	0.116929
3H9Q-E-A	Positive	0.255717	0.744283
3H9Q-G-B	Positive	0.242065	0.757935
3SOU-D-A	Positive	0.18919	0.81081
3UEC-B-A	Positive	0.319324	0.680676
3BPS-E-A	Negative	0.746145	0.253855
3JCO-Y-R	Negative	0.65171	0.34829
3IDG-C-A	Positive	0.44608	0.55392
3BRD-D-A	Negative	0.669512	0.330488
3PUK-C-A	Positive	0.429383	0.570617
3PUK-D-B	Positive	0.381535	0.618465
3W11-B-E	Negative	0.950563	0.0494372
3W11-F-E	Negative	0.866015	0.133985
3ULY-B-A	Negative	0.709918	0.290082
3O4L-C-A	Negative	0.86082	0.13918
3T0Y-B-A	Negative	0.869449	0.130551
3T0Y-D-A	Negative	0.882223	0.117777
3EG6-C-A	Negative	0.745402	0.254598
3JQ5-B-A	Positive	0.403603	0.596397
3U5O-I-A	Positive	0.258489	0.741511
3NTH-C-A	Positive	0.387144	0.612856
3QE0-F-A	Positive	0.425153	0.574847
3QE0-G-B	Negative	0.649325	0.350675
3CD3-B-A	Negative	0.471088	0.528912
3GO1-P-L	Negative	0.617187	0.382813
3G2T-C-A	Negative	0.830114	0.169886
3BU8-C-A	Positive	0.424961	0.575039
3BU8-D-B	Positive	0.449831	0.550169
3AGY-C-A	Negative	0.478813	0.521187
3AGY-F-B	Negative	0.481466	0.518534
3MJH-B-A	Negative	0.698841	0.301159
3MJH-D-C	Negative	0.725038	0.274962
3H8K-B-A	Negative	0.708752	0.291248
3JCU-F-A	Negative	0.863988	0.136012
3JCU-I-A	Negative	0.88668	0.11332
3JCU-J-A	Negative	0.891187	0.108813
3JCU-L-A	Negative	0.813293	0.186707
3JCU-T-A	Negative	0.932643	0.0673567
3JCU-M-B	Negative	0.920068	0.0799319
3JCU-U-B	Negative	0.5	0.5
3JCU-X-D	Negative	0.913477	0.086523
3VUY-D-A	Positive	0.438415	0.561585
3VUY-E-A	Negative	0.601581	0.398419
3VUY-F-C	Negative	0.579046	0.420954
3C57-B-A	Negative	0.729174	0.270826
3O8I-B-A	Positive	0.183572	0.816428
3GJO-E-A	Positive	0.0536691	0.946331
3GJO-F-A	Positive	0.0933001	0.9067
3GJO-H-B	Positive	0.255204	0.744796
3GJO-G-C	Positive	0.113654	0.886346
3SEM-C-A	Positive	0.229781	0.770219
3SEM-D-B	Positive	0.304554	0.695446
3FUG-B-A	Negative	0.513046	0.486954
3WSY-C-A	Negative	0.785671	0.214329
3OUX-B-A	Negative	0.757053	0.242947
3N3X-B-A	Positive	0.281536	0.718464
3GOF-C-A	Negative	0.669459	0.330541
3AYU-B-A	Negative	0.862286	0.137714
3UJI-P-L	Negative	0.51035	0.48965
3U8Q-B-A	Negative	0.811424	0.188576
3AU4-B-A	Negative	0.76765	0.23235
3PTL-B-A	Negative	0.6156	0.3844
3RZ9-B-A	Positive	0.133938	0.866062
3UL0-C-B	Positive	0.0861582	0.913842
3D0V-C-A	Negative	0.601424	0.398576
3JQL-B-A	Negative	0.471373	0.528627
3P36-B-A	Positive	0.260201	0.739799
3QJN-I-A	Positive	0.295991	0.704009
3KV4-B-A	Positive	0.184706	0.815294
3P4O-F-A	Negative	0.544842	0.455158
3O35-E-A	Positive	0.352311	0.647689
3Q78-D-A	Positive	0.319881	0.680119
3KTK-O-A	Positive	0.298412	0.701588
3RRJ-B-A	Negative	0.594116	0.405884
3CPL-E-A	Positive	0.373242	0.626758
3PWV-C-A	Negative	0.901247	0.0987531
3ZDL-B-A	Negative	0.918315	0.0816846
3IQH-P-X	Positive	0.368007	0.631993
3BP7-C-A	Negative	0.881183	0.118817
3UU7-F-A	Negative	0.511863	0.488137
3U1J-A-B	Negative	0.749805	0.250195
3FXD-A-B	Negative	0.80274	0.19726
3VFS-C-A	Negative	0.617525	0.382475
3LWW-D-C	Positive	0.413687	0.586313
3Q5U-B-A	Positive	0.336217	0.663783
3MLX-P-L	Negative	0.659559	0.340441
3R2A-F-A	Negative	0.945522	0.0544782
3R2A-E-B	Negative	0.932319	0.0676812
3V2O-B-A	Negative	0.5	0.5
3ZKF-B-A	Positive	0.417851	0.582149
3F2K-C-A	Positive	0.372139	0.627861
3DPC-C-B	Positive	0.35347	0.64653
3P1N-P-A	Positive	0.308181	0.691819
3OFI-C-A	Negative	0.505975	0.494025
3KPM-C-A	Negative	0.533705	0.466295
3M56-B-A	Positive	0.243784	0.756216
3H0T-C-A	Positive	0.37839	0.62161
3V5H-C-A	Negative	0.91176	0.0882399
3RTA-B-A	Negative	0.693171	0.306829
3U9Q-B-A	Negative	0.826547	0.173453
3PXE-E-A	Positive	0.243738	0.756262
3PXE-F-B	Positive	0.30527	0.69473
3MLS-P-L	Negative	0.865491	0.134509
3GJ9-C-A	Positive	0.356173	0.643827
3KPP-C-A	Negative	0.595634	0.404366
3OE7-R-P	Negative	0.87808	0.12192
3OE7-1-Y	Negative	0.895835	0.104165
3QO2-Q-B	Positive	0.133999	0.866001
3QO2-R-B	Positive	0.117044	0.882956
3IVV-D-A	Positive	0.154482	0.845518
3MOA-P-L	Negative	0.776433	0.223567
3LQV-P-A	Negative	0.844265	0.155735
3LQV-Q-B	Negative	0.826641	0.173359
3UPR-P-A	Negative	0.84085	0.15915
3O0E-L-A	Positive	0.212787	0.787213
3O0E-Q-B	Positive	0.198162	0.801838
3O0E-N-C	Positive	0.282938	0.717062
3Q1I-E-A	Positive	0.209767	0.790233
3IVQ-C-A	Positive	0.171387	0.828613
3IVQ-D-B	Positive	0.169475	0.830525
3GJT-E-A	Positive	0.370333	0.629667
3BTR-B-C	Negative	0.765503	0.234497
3HXG-C-A	Negative	0.607138	0.392862
3UVW-B-A	Negative	0.536631	0.463369
3IBC-E-A	Negative	0.526527	0.473473
3NII-B-A	Positive	0.437118	0.562882
3DNO-A-B	Negative	0.766936	0.233064
3JAU-A-H	Negative	0.579822	0.420178
3VA4-C-B	Negative	0.659626	0.340374
3C9C-B-A	Positive	0.3297	0.6703
3IOL-B-A	Negative	0.810742	0.189258
3D32-C-A	Negative	0.656897	0.343103
3DVM-B-A	Negative	0.615593	0.384407
3BUM-A-B	Positive	0.271926	0.728074
3VXE-J-H	Negative	0.597497	0.402503
3V30-B-A	Negative	0.747341	0.252659
3RTC-B-A	Negative	0.759499	0.240501
3INS-A-B	Negative	0.740744	0.259256
3IQU-P-A	Positive	0.152228	0.847772
3PGD-C-A	Negative	0.824767	0.175233
3G7L-P-A	Positive	0.140671	0.859329
3V3V-B-A	Positive	0.268986	0.731014
3UW9-E-A	Negative	0.557379	0.442621
3UW9-F-B	Negative	0.581059	0.418941
3N93-C-B	Negative	0.834164	0.165836
3L0E-B-A	Negative	0.72256	0.27744
3WGV-G-A	Negative	0.925285	0.0747153
3WGV-E-C	Negative	0.910909	0.0890911
3VN2-C-A	Positive	0.412565	0.587435
3TJH-B-A	Negative	0.681568	0.318432
3SQD-C-A	Positive	0.353743	0.646257
3SQD-D-B	Positive	0.367262	0.632738
3CM8-B-A	Negative	0.882916	0.117084
3UJJ-P-L	Negative	0.536239	0.463761
3TFY-D-A	Negative	0.619752	0.380248
3DVU-C-A	Negative	0.732022	0.267978
3DVU-D-A	Negative	0.731435	0.268565
3V56-G-A	Negative	0.838758	0.161242
3V56-I-A	Negative	0.838758	0.161242
3UKW-C-B	Positive	0.201287	0.798713
3CK0-P-L	Negative	0.604517	0.395483
3U4S-C-A	Positive	0.231905	0.768095
3U4S-D-B	Positive	0.293993	0.706007
3GXE-F-B	Negative	0.620686	0.379314
3GXE-E-B	Negative	0.804182	0.195818
3UQ3-C-A	Positive	0.368439	0.631561
3D7V-B-A	Negative	0.763836	0.236164
3C5I-E-C	Positive	0.445621	0.554379
3UED-B-A	Positive	0.225905	0.774095
3QZS-C-A	Positive	0.315236	0.684764
3POB-B-A	Positive	0.209264	0.790736
3I7O-B-A	Negative	0.867444	0.132556
3UE5-B-A	Negative	0.554753	0.445247
3G8I-Z-A	Negative	0.783433	0.216567
3WA4-B-A	Positive	0.379267	0.620733
3NJP-D-B	Negative	0.854794	0.145206
3CH5-B-A	Negative	0.57863	0.42137
3WP0-B-A	Positive	0.449709	0.550291
3S8F-C-A	Negative	0.932071	0.0679291
3T98-A-B	Negative	0.919934	0.0800663
3T98-C-B	Negative	0.892043	0.107957
3U7X-C-A	Negative	0.630464	0.369536
3AVL-F-A	Negative	0.618387	0.381613
3MLZ-P-L	Negative	0.600596	0.399404
3MQR-B-A	Positive	0.28792	0.71208
3T5V-F-B	Negative	0.655555	0.344445
3AVH-E-A	Negative	0.58274	0.41726
3KEE-E-A	Negative	0.901706	0.0982941
3JZQ-P-A	Negative	0.574295	0.425705
3NIJ-B-A	Negative	0.462393	0.537607
3AL3-B-A	Negative	0.704499	0.295501
3RNM-F-C	Negative	0.897246	0.102754
3ZLJ-D-A	Negative	0.876003	0.123997
3ASK-P-A	Positive	0.203892	0.796108
3ASK-Q-B	Positive	0.18919	0.81081
3T5X-B-A	Negative	0.682204	0.317796
3U7D-B-A	Positive	0.366817	0.633183
3U7D-D-C	Positive	0.368088	0.631912
3OTS-P-A	Positive	0.437684	0.562316
3VI1-C-A	Positive	0.120085	0.879915
3PWJ-C-A	Negative	0.898015	0.101985
3EH5-C-A	Negative	0.925645	0.0743549
3RFR-D-C	Negative	0.522209	0.477791
3RFR-H-G	Negative	0.518744	0.481256
3T03-C-A	Negative	0.658724	0.341276
3T03-D-B	Negative	0.579675	0.420325
3RL0-A-B	Negative	0.744779	0.255221
3RL0-g-B	Negative	0.707826	0.292174
3RL0-I-C	Negative	0.710014	0.289986
3RL0-h-F	Negative	0.720311	0.279689
3RL0-j-F	Negative	0.747615	0.252385
3RL0-M-N	Negative	0.701713	0.298287
3CB8-B-A	Negative	0.884052	0.115948
3AVG-D-A	Negative	0.622175	0.377825
3C5L-B-A	Positive	0.202781	0.797219
3E4A-F-A	Negative	0.5	0.5
3U5N-D-A	Positive	0.206788	0.793212
3WIM-B-A	Negative	0.531237	0.468763
3NJN-B-A	Positive	0.293526	0.706474
3NJN-D-C	Positive	0.380349	0.619651
3OQZ-a-A	Positive	0.24671	0.75329
3RWI-C-A	Negative	0.792244	0.207756
3MNW-P-A	Negative	0.576259	0.423741
3N8M-B-A	Negative	0.56241	0.43759
3ZMS-C-A	Positive	0.374673	0.625327
3JVK-C-A	Positive	0.402466	0.597534
3EMH-B-A	Negative	0.619243	0.380757
3BUO-A-B	Positive	0.169755	0.830245
3E2U-E-A	Negative	0.5	0.5
3E2U-G-A	Negative	0.487584	0.512416
3ZWZ-B-A	Negative	0.659023	0.340977
3BZF-P-A	Negative	0.948854	0.0511458
3O34-B-A	Negative	0.4647	0.5353
3LKQ-C-A	Negative	0.469962	0.530038
3NIN-D-A	Negative	0.528237	0.471763
3NIN-E-B	Positive	0.44012	0.55988
3I8C-B-A	Negative	0.582988	0.417012
3L3G-C-A	Negative	0.579309	0.420691
3BTS-E-A	Positive	0.448085	0.551915
3BTS-F-B	Positive	0.299782	0.700218
3C94-B-A	Positive	0.445038	0.554962
3C94-C-A	Positive	0.396062	0.603938
3JTI-B-A	Negative	0.848144	0.151856
3TCG-I-A	Positive	0.367748	0.632252
3IFN-P-H	Positive	0.37737	0.62263
3DIW-C-A	Negative	0.826789	0.173211
3FON-P-A	Negative	0.789118	0.210882
3LN4-C-A	Negative	0.836437	0.163563
3LN5-C-A	Negative	0.836667	0.163333
3PLF-A-B	Positive	0.368211	0.631789
3A7Q-B-A	Positive	0.325445	0.674555
3ET3-P-A	Negative	0.600161	0.399839
3PA7-D-A	Negative	0.599353	0.400647
3GSU-P-A	Negative	0.751743	0.248257
3SSB-C-A	Negative	0.73966	0.26034
3SSB-I-A	Negative	0.531587	0.468413
3SSB-D-B	Negative	0.723188	0.276812
3SSB-J-B	Positive	0.446789	0.553211
3PTH-B-A	Negative	0.897875	0.102125
3RGV-E-A	Negative	0.686868	0.313132
3J9M-2-F	Positive	0.42902	0.57098
3J9M-l-I	Positive	0.374392	0.625608
3J9M-m-8	Negative	0.765627	0.234373
3J9M-4-r	Positive	0.243557	0.756443
3O71-B-A	Negative	0.547919	0.452081
3P6Z-A-B	Negative	0.747071	0.252929
3P6Z-C-B	Negative	0.462778	0.537222
3P6Z-G-H	Negative	0.744264	0.255736
3P6Z-I-H	Positive	0.329894	0.670106
3ASL-B-A	Positive	0.140854	0.859146
3B7S-B-A	Positive	0.267226	0.732774
3DRQ-C-A	Negative	0.523566	0.476434
3ZS6-B-A	Negative	0.487241	0.512759
3CRE-C-A	Negative	0.494415	0.505585
3OGK-Q-B	Positive	0.271339	0.728661
3GJ6-B-A	Negative	0.606597	0.393403
3MLY-P-L	Negative	0.70342	0.29658
3OMK-B-A	Negative	0.568542	0.431458
3OMK-D-C	Negative	0.634886	0.365114
3U1I-A-B	Negative	0.784252	0.215748
3U1I-C-B	Negative	0.784252	0.215748
3U1I-F-B	Positive	0.283147	0.716853
3I6K-C-A	Negative	0.848321	0.151679
3HDI-C-A	Negative	0.520857	0.479143
3HDI-D-A	Negative	0.520601	0.479399
3GJ8-B-A	Negative	0.5	0.5
3GJ8-D-C	Negative	0.533673	0.466327
3ZQI-C-A	Negative	0.818784	0.181216
3VXS-C-A	Negative	0.695679	0.304321
3C2G-C-A	Negative	0.647997	0.352003
3UOT-D-A	Positive	0.391131	0.608869
3RQE-E-C	Negative	0.822203	0.177797
3UNN-B-A	Negative	0.628546	0.371454
3EWV-E-A	Negative	0.861944	0.138056
3NMX-D-A	Negative	0.794209	0.205791
3M3N-W-A	Negative	0.839691	0.160309
3OBX-B-A	Positive	0.195758	0.804242
3WXA-C-A	Positive	0.308373	0.691627
3M57-B-A	Positive	0.223166	0.776834
3BH9-C-A	Positive	0.351896	0.648104
3BTP-B-A	Negative	0.870542	0.129458
3IDI-C-A	Positive	0.422986	0.577014
3L3Q-B-A	Positive	0.33293	0.66707
3L3Q-C-A	Positive	0.32937	0.67063
3JZR-P-A	Negative	0.69506	0.30494
3VXR-C-A	Negative	0.581379	0.418621
3OP0-C-A	Positive	0.142584	0.857416
3VXO-C-A	Negative	0.575612	0.424388
3V52-P-H	Positive	0.267982	0.732018
3CDG-P-A	Negative	0.932241	0.0677594
3A1G-B-A	Negative	0.554791	0.445209
3RC0-P-A	Positive	0.363585	0.636415
3IG6-A-B	Positive	0.370863	0.629137
3IG6-C-D	Positive	0.320035	0.679965
3RQG-E-C	Negative	0.869969	0.130031
3KF9-B-A	Positive	0.404299	0.595701
3KF9-D-C	Positive	0.444875	0.555125
3D24-B-A	Negative	0.571401	0.428599
3A2H-B-A	Negative	0.708604	0.291396
3ZLD-B-A	Negative	0.860177	0.139823
3WLB-C-A	Positive	0.203249	0.796751
3BWA-C-A	Negative	0.740985	0.259015
3D8A-S-A	Negative	0.48335	0.51665
3D8A-U-A	Negative	0.480144	0.519856
3ZG7-A-B	Negative	0.761643	0.238357
3AVM-D-A	Positive	0.353287	0.646713
3KBL-B-A	Negative	0.934706	0.0652942
3DKS-F-A	Positive	0.338936	0.661064
3V4O-B-A	Positive	0.364392	0.635608
3GHB-P-L	Negative	0.631291	0.368709
3GHB-Q-M	Negative	0.532	0.468
3SOV-Z-A	Negative	0.615733	0.384267
3FII-B-A	Negative	0.817511	0.182489
3E8C-G-A	Negative	0.556049	0.443951
3E8C-L-F	Negative	0.557999	0.442001
3U9Z-C-A	Negative	0.563389	0.436611
3V7D-E-B	Positive	0.270939	0.729061
3CAL-B-A	Positive	0.386757	0.613243
3CAL-D-A	Positive	0.386757	0.613243
3JWR-C-A	Negative	0.961724	0.0382756
3G43-F-C	Negative	0.847099	0.152901
3J7O-l-X	Positive	0.396904	0.603096
3S6P-E-A	Negative	0.901299	0.0987011
3S6P-F-B	Negative	0.876242	0.123758
3ZQG-C-A	Negative	0.584191	0.415809
3T1E-E-A	Negative	0.880746	0.119254
3D8C-B-A	Negative	0.783195	0.216805
3SJD-E-A	Positive	0.43621	0.56379
3BU3-B-A	Negative	0.584042	0.415958
3VZA-F-B	Negative	0.81418	0.18582
3VRI-C-A	Negative	0.864793	0.135207
3ZRM-X-A	Negative	0.773889	0.226111
3ZRM-Y-B	Negative	0.833209	0.166791
3K6T-B-A	Negative	0.923697	0.0763027
3K6T-D-A	Negative	0.926123	0.0738766
3ZN0-C-A	Positive	0.29821	0.70179
3TDZ-E-A	Positive	0.365484	0.634516
3C66-C-A	Negative	0.804374	0.195626
3C66-D-B	Negative	0.854718	0.145282
3S3X-D-A	Positive	0.438754	0.561246
3BFW-B-A	Positive	0.44354	0.55646
3BFW-D-C	Negative	0.602162	0.397838
3ZN8-S-M	Negative	0.92354	0.0764599
3ZDI-B-A	Negative	0.810724	0.189276
3WUV-C-A	Positive	0.444255	0.555745
3WUV-D-A	Negative	0.816407	0.183593
3DY0-B-A	Negative	0.881867	0.118133
3AM8-E-A	Negative	0.923227	0.0767731
3DAB-B-A	Negative	0.57815	0.42185
3DAB-F-E	Negative	0.573218	0.426782
3DAB-H-G	Negative	0.629449	0.370551
3KMT-G-A	Negative	0.472943	0.527057
3DVE-B-A	Negative	0.578354	0.421646
3HKZ-Y-A	Negative	0.702054	0.297946
3U3D-B-A	Positive	0.182189	0.817811
3LYV-E-A	Negative	0.901381	0.0986194
3LYV-F-A	Negative	0.912666	0.0873338
3LYV-D-C	Negative	0.900169	0.0998315
3I6G-C-A	Negative	0.805641	0.194359
3M7U-B-A	Negative	0.589832	0.410168
3MK4-B-A	Negative	0.752744	0.247256
3RQF-E-A	Negative	0.835049	0.164951
3JB6-C-A	Negative	0.848636	0.151364
3JB6-D-A	Negative	0.656049	0.343951
3FT4-P-A	Negative	0.810188	0.189812
3DXC-B-A	Negative	0.728183	0.271817
3DXC-D-A	Negative	0.649007	0.350993
3OMH-E-A	Positive	0.26164	0.73836
3BIN-B-A	Positive	0.398088	0.601912
3TSZ-B-A	Negative	0.570859	0.429141
3EG9-C-B	Positive	0.321966	0.678034
3GP2-B-A	Negative	0.756325	0.243675
3Q4L-C-A	Positive	0.427901	0.572099
3CVL-B-A	Negative	0.740343	0.259657
3HA6-B-A	Negative	0.637375	0.362625
3WN7-B-A	Negative	0.92082	0.0791799
3GSX-P-A	Negative	0.86742	0.13258
3ZE2-I-A	Positive	0.285578	0.714422
3ZE2-J-C	Positive	0.285578	0.714422
3BXL-B-A	Negative	0.62737	0.37263
3WYG-D-C	Negative	0.860069	0.139931
3SVM-P-A	Positive	0.317117	0.682883
3MEV-C-A	Positive	0.427124	0.572876
3S3P-B-A	Positive	0.367357	0.632643
3V31-B-A	Negative	0.794081	0.205919
3VDD-D-A	Negative	0.603479	0.396521
3OUB-P-A	Negative	0.591596	0.408404
3BT2-B-U	Positive	0.377896	0.622104
3FHP-A-B	Negative	0.740744	0.259256
3FHP-C-B	Negative	0.740744	0.259256
3GD2-B-A	Negative	0.917329	0.0826714
3ZQH-C-A	Negative	0.86513	0.13487
3DVJ-B-A	Negative	0.625851	0.374149
3UAI-B-A	Negative	0.691358	0.308642
3W3W-B-A	Negative	0.5	0.5
3KND-B-A	Positive	0.265714	0.734286
3QKS-C-A	Negative	0.849525	0.150475
3SRI-B-A	Negative	0.57911	0.42089
3MMG-C-A	Positive	0.401619	0.598381
3MMG-D-A	Positive	0.348619	0.651381
3NJJ-B-A	Positive	0.204607	0.795393
3SYN-E-A	Negative	0.459588	0.540412
3H3P-S-H	Negative	0.570419	0.429581
3H3P-T-I	Positive	0.430107	0.569893
3J7Y-2-F	Positive	0.427001	0.572999
3J7Y-a-K	Negative	0.481423	0.518577
3JZH-B-A	Positive	0.362349	0.637651
3KL8-B-A	Negative	0.464533	0.535467
3KL8-F-A	Positive	0.377221	0.622779
3KL8-D-C	Positive	0.272878	0.727122
3T4P-B-A	Positive	0.379426	0.620574
3GJQ-E-A	Positive	0.368101	0.631899
3OY6-P-U	Negative	0.562866	0.437134
3HDA-Z-P	Negative	0.660687	0.339313
3EGD-D-B	Positive	0.425419	0.574581
3TZW-D-A	Negative	0.471248	0.528752
3I7Z-B-A	Positive	0.434905	0.565095
3KUJ-B-A	Negative	0.934644	0.0653559
3LGE-E-A	Positive	0.381654	0.618346
3LGE-F-B	Positive	0.207909	0.792091
3FTG-C-A	Negative	0.5229	0.4771
3SJH-B-A	Negative	0.511815	0.488185
3B0Z-A-B	Negative	0.649995	0.350005
3SKM-C-A	Negative	0.882359	0.117641
3BYA-B-A	Positive	0.330897	0.669103
3DD7-B-A	Negative	0.809022	0.190978
3DD7-D-C	Negative	0.877611	0.122389
3ZRZ-C-A	Negative	0.537725	0.462275
3ALO-E-A	Negative	0.60357	0.39643
3RWH-C-A	Negative	0.791647	0.208353
3RO2-B-A	Negative	0.787127	0.212873
3VRJ-C-A	Negative	0.606459	0.393541
3DXE-B-A	Negative	0.748155	0.251845
3TEI-B-A	Positive	0.386634	0.613366
3VUW-F-B	Negative	0.470822	0.529178
3PFV-D-B	Positive	0.209743	0.790257
3VFU-C-A	Negative	0.707729	0.292271
3QN7-B-A	Negative	0.728625	0.271375
3DPO-C-A	Positive	0.377678	0.622322
3TWT-E-A	Positive	0.117118	0.882882
3TWT-F-A	Positive	0.277451	0.722549
3TWT-H-A	Positive	0.233105	0.766895
3TWT-G-C	Positive	0.342605	0.657395
3IAX-B-A	Positive	0.216913	0.783087
3A79-C-A	Positive	0.170389	0.829611
3UVO-B-A	Negative	0.706812	0.293188
3QHR-K-A	Positive	0.0981005	0.901899
3QHR-L-B	Positive	0.0981005	0.901899
3MRG-P-A	Negative	0.707969	0.292031
3S1B-A-V	Negative	0.860488	0.139512
3F1I-C-H	Negative	0.755969	0.244031
3PLU-C-A	Negative	0.788958	0.211042
3WU2-F-A	Negative	0.901285	0.0987155
3WU2-I-A	Negative	0.831371	0.168629
3WU2-J-A	Negative	0.941994	0.0580058
3WU2-L-A	Negative	0.847426	0.152574
3WU2-T-A	Negative	0.905067	0.0949326
3WU2-t-B	Negative	0.905067	0.0949326
3WU2-Y-C	Negative	0.949645	0.050355
3WU2-f-a	Negative	0.903681	0.0963187
3WU2-j-a	Negative	0.947744	0.0522558
3WU2-y-c	Negative	0.955665	0.0443347
3D25-C-A	Negative	0.866593	0.133407
3KTI-H-A	Positive	0.397238	0.602762
3RC4-B-A	Positive	0.187012	0.812988
3WKN-E-C	Negative	0.814292	0.185708
3WKN-L-C	Negative	0.765621	0.234379
3WKN-F-B	Negative	0.746347	0.253653
3WKN-H-D	Negative	0.868229	0.131771
3WKN-P-D	Negative	0.716746	0.283254
3IPU-C-A	Negative	0.597768	0.402232
3EYF-E-A	Negative	0.647942	0.352058
3FQW-C-A	Negative	0.604962	0.395038
3J1O-N-I	Negative	0.735749	0.264251
3SI5-X-A	Positive	0.410131	0.589869
3SI5-Y-B	Positive	0.451868	0.548132
3QKR-C-A	Negative	0.759069	0.240931
3JCJ-d-F	Negative	0.624608	0.375392
3JCJ-b-S	Positive	0.413598	0.586402
3JCJ-G-W	Negative	0.858215	0.141785
3JCJ-a-c	Negative	0.718597	0.281403
3V11-C-A	Negative	0.773631	0.226369
3KYO-P-A	Negative	0.724639	0.275361
3L6X-B-A	Positive	0.342309	0.657691
3DV0-I-B	Negative	0.90297	0.0970295
3DV0-J-F	Negative	0.928466	0.0715339
3D36-C-A	Negative	0.83807	0.16193
3DS1-T-A	Negative	0.586412	0.413588
3TVJ-I-B	Positive	0.406398	0.593602
3C5T-B-A	Negative	0.815611	0.184389
3W6K-A-B	Negative	0.781417	0.218583
3W6K-D-B	Negative	0.766619	0.233381
3DRT-C-A	Positive	0.421637	0.578363
3C0T-B-A	Negative	0.668594	0.331406
3BW9-C-A	Negative	0.777333	0.222667
3QFJ-C-A	Negative	0.884421	0.115579
3ZN1-C-A	Negative	0.714957	0.285043
3SZM-I-A	Positive	0.401892	0.598108
3VFT-C-A	Negative	0.734774	0.265226
3M5N-F-B	Positive	0.265551	0.734449
3U86-B-A	Positive	0.315608	0.684392
3LNY-B-A	Negative	0.532143	0.467857
3UVM-B-A	Negative	0.801901	0.198099
3U5P-I-A	Positive	0.238459	0.761541
3U5P-J-B	Positive	0.218592	0.781408
3U5P-M-E	Positive	0.213407	0.786593
3RWE-C-A	Negative	0.724642	0.275358
3KMG-B-A	Positive	0.412343	0.587657
3KMG-E-D	Negative	0.612319	0.387681
3H0A-B-A	Negative	0.584621	0.415379
3H0A-E-D	Negative	0.540138	0.459862
3DRI-B-A	Positive	0.413342	0.586658
3WNF-C-A	Negative	0.506381	0.493619
3AVI-D-A	Negative	0.581955	0.418045
3QJ6-T-A	Positive	0.360534	0.639466
3AVZ-B-A	Negative	0.455097	0.544903
3AVN-G-A	Positive	0.449049	0.550951
3KDP-G-A	Negative	0.937956	0.0620436
3QIW-E-A	Negative	0.914162	0.0858382
3VQG-B-A	Negative	0.760721	0.239279
3KPE-B-A	Negative	0.68113	0.31887
3P72-B-A	Negative	0.855699	0.144301
3ZDY-J-C	Positive	0.293495	0.706505
3R0L-A-D	Negative	0.648666	0.351334
3R0L-B-D	Negative	0.566338	0.433662
3WGU-G-A	Negative	0.925285	0.0747153
3WGU-E-C	Negative	0.910909	0.0890911
3S3J-B-A	Negative	0.603336	0.396664
3BRT-A-B	Negative	0.821376	0.178624
3BRT-C-B	Negative	0.764118	0.235882
3BOO-B-A	Negative	0.5	0.5
3UVN-B-A	Negative	0.516086	0.483914
3UVN-D-C	Positive	0.4277	0.5723
3D9P-Z-B	Positive	0.265741	0.734259
3C89-B-A	Positive	0.315237	0.684763
3G9W-C-A	Negative	0.646786	0.353214
3G9W-D-A	Negative	0.627758	0.372242
3P70-M-B	Negative	0.455153	0.544847
3P70-O-B	Negative	0.454679	0.545321
3P70-G-H	Negative	0.714891	0.285109
3P70-P-H	Positive	0.437667	0.562333
3ZIP-B-A	Positive	0.304409	0.695591
3ZIP-C-A	Positive	0.248356	0.751644
3NY3-B-A	Positive	0.377984	0.622016
3ZMP-C-B	Positive	0.165379	0.834621
3UXG-B-A	Negative	0.740881	0.259119
3K6G-D-A	Negative	0.87706	0.12294
3K6G-E-A	Negative	0.882167	0.117833
3K6G-F-B	Negative	0.833488	0.166512
3T1U-B-A	Positive	0.402734	0.597266
3UTT-C-A	Negative	0.872173	0.127827
3JZ1-A-B	Negative	0.747071	0.252929
3I4N-L-B	Negative	0.702697	0.297303
3D4B-D-A	Positive	0.30452	0.69548
3LV3-C-A	Positive	0.354054	0.645946
3FBI-C-D	Negative	0.509131	0.490869
3I8E-C-A	Negative	0.629174	0.370826
3RDV-E-A	Positive	0.369072	0.630928
3EXB-B-A	Negative	0.493275	0.506725
3D1E-P-A	Negative	0.858292	0.141708
3FMA-L-A	Positive	0.338024	0.661976
3FMA-M-B	Negative	0.660287	0.339713
3FMA-N-B	Positive	0.440061	0.559939
3DNJ-C-A	Positive	0.37085	0.62915
3IXT-P-L	Positive	0.450878	0.549122
3FIV-I-A	Negative	0.622422	0.377578
3LKO-C-A	Negative	0.487681	0.512319
3N57-C-A	Positive	0.353256	0.646744
3SJK-B-A	Positive	0.397897	0.602103
3TWU-B-A	Negative	0.875878	0.124122
3TZY-D-A	Negative	0.471248	0.528752
3QIU-E-A	Negative	0.895139	0.104861
3DD2-L-H	Negative	0.7129	0.2871
3OIQ-B-A	Negative	0.828328	0.171672
3O41-P-L	Positive	0.217348	0.782652
3GSR-P-A	Negative	0.799118	0.200882
3QQ4-C-A	Negative	0.733721	0.266279
3GS2-B-A	Negative	0.680487	0.319513
3GS2-D-A	Negative	0.729009	0.270991
3QQ3-C-A	Positive	0.310283	0.689717
3OU4-C-A	Positive	0.348447	0.651553
3H85-P-A	Negative	0.736738	0.263262
3UKY-C-B	Positive	0.096735	0.903265
3UP3-P-A	Negative	0.658042	0.341958
3GD1-Z-I	Negative	0.745343	0.254657
3AAE-X-A	Positive	0.340618	0.659382
3AAE-Y-C	Positive	0.293158	0.706842
3AAE-W-G	Positive	0.227203	0.772797
3AAE-V-I	Positive	0.294781	0.705219
3QW7-B-A	Positive	0.36232	0.63768
3MRQ-P-A	Negative	0.910369	0.0896307
3G2V-C-A	Positive	0.344548	0.655452
3G2V-D-A	Negative	0.473975	0.526025
3O36-E-A	Positive	0.40412	0.59588
3UL1-A-B	Positive	0.335359	0.664641
3KL4-B-A	Negative	0.939553	0.0604466
3IQI-P-X	Positive	0.389104	0.610896
3BQO-B-A	Negative	0.638101	0.361899
3K23-F-C	Negative	0.84162	0.15838
3TSI-A-D	Negative	0.770993	0.229007
3TSI-B-D	Negative	0.824429	0.175571
3BGM-C-A	Negative	0.606069	0.393931
3F7D-B-A	Negative	0.76948	0.23052
3RJM-E-A	Negative	0.462689	0.537311
3L9K-X-A	Negative	0.866229	0.133771
3L3Z-B-A	Negative	0.653408	0.346592
3PL7-C-A	Negative	0.653661	0.346339
3HUF-E-A	Positive	0.366292	0.633708
3JRV-C-A	Positive	0.242554	0.757446
3JRV-D-B	Positive	0.288391	0.711609
3JRV-E-B	Positive	0.355351	0.644649
3N5U-C-A	Positive	0.422592	0.577408
3UA7-E-A	Positive	0.267638	0.732362
3UA7-F-D	Positive	0.267638	0.732362
3PWN-C-A	Negative	0.891818	0.108182
3ZIQ-B-A	Positive	0.307903	0.692097
3ZIQ-C-A	Positive	0.3128	0.6872
3TWW-C-A	Positive	0.148965	0.851035
3TWW-D-A	Positive	0.157987	0.842013
3WOR-C-A	Negative	0.54838	0.45162
3LKN-C-A	Negative	0.67184	0.32816
3QI2-C-A	Negative	0.915905	0.0840951
3QI2-D-A	Negative	0.914679	0.0853211
3GLU-B-A	Positive	0.427569	0.572431
3TIW-C-A	Negative	0.646765	0.353235
3TIW-D-A	Negative	0.580442	0.419558
3T6J-B-A	Negative	0.5	0.5
3D3T-P-A	Positive	0.207302	0.792698
3ZG8-A-B	Negative	0.78738	0.21262
3PDO-C-A	Negative	0.803789	0.196211
3GJ5-B-A	Negative	0.469403	0.530597
3DL8-C-G	Negative	0.93899	0.0610102
3SFJ-B-A	Positive	0.440353	0.559647
3JCN-H-X	Negative	0.864825	0.135175
3N97-D-A	Negative	0.8438	0.1562
3O2B-D-C	Positive	0.325737	0.674263
3TJV-B-A	Positive	0.203464	0.796536
3JCK-I-A	Negative	0.660316	0.339684
3MAT-I-A	Negative	0.505683	0.494317
3ZIO-B-A	Negative	0.53002	0.46998
3ZIO-C-A	Positive	0.246121	0.753879
3FE7-L-A	Positive	0.438761	0.561239
3IJ0-B-A	Positive	0.298344	0.701656
3IFP-S-E	Positive	0.369068	0.630932
3JUA-B-A	Negative	0.703142	0.296858
3JUA-D-C	Negative	0.777799	0.222201
3JUA-F-E	Negative	0.760618	0.239382
3JUA-H-G	Negative	0.562849	0.437151
3AX5-B-A	Negative	0.797295	0.202705
3PK1-B-A	Negative	0.744667	0.255333
3M4W-E-A	Negative	0.61269	0.38731
3M4W-G-A	Negative	0.668688	0.331312
3M4W-H-B	Negative	0.736438	0.263562
3P9M-F-A	Negative	0.609185	0.390815
3B1K-C-A	Negative	0.693481	0.306519
3B1K-J-A	Negative	0.670823	0.329177
3AZQ-C-A	Positive	0.313137	0.686863
3OB2-A-B	Positive	0.246232	0.753768
3K16-B-A	Positive	0.351872	0.648128
3TG5-B-A	Positive	0.179994	0.820006
3PCS-E-A	Negative	0.942786	0.0572138
3PCS-F-B	Negative	0.922114	0.0778859
3PCS-G-B	Negative	0.78606	0.21394
3PCS-H-D	Negative	0.905454	0.0945459
3RZX-B-A	Positive	0.121479	0.878521
3F58-P-L	Negative	0.530191	0.469809
3P4F-B-A	Negative	0.752555	0.247445
3P4F-C-A	Negative	0.817219	0.182781
3K48-R-A	Negative	0.5429	0.4571
3K48-S-A	Negative	0.634186	0.365814
3TVT-B-A	Negative	0.772336	0.227664
3G2U-C-A	Positive	0.401232	0.598768
3DRK-B-A	Negative	0.523917	0.476083
3GSV-P-A	Negative	0.746033	0.253967
3J7Z-6-5	Negative	0.884472	0.115528
3G03-B-A	Negative	0.711558	0.288442
3FS1-B-A	Negative	0.727379	0.272621
3AVC-D-A	Positive	0.428595	0.571405
3CW2-L-B	Negative	0.692855	0.307145
3CW2-N-F	Negative	0.637712	0.362288
3LW1-P-A	Positive	0.361846	0.638154
3SRN-B-A	Negative	0.624808	0.375192
3TWV-E-A	Positive	0.143917	0.856083
3TWV-H-A	Positive	0.154995	0.845005
3TWV-G-C	Positive	0.26702	0.73298
3BPQ-A-B	Negative	0.838466	0.161534
3BPQ-C-B	Negative	0.862052	0.137948
3TBH-B-A	Positive	0.379449	0.620551
3D1F-P-A	Negative	0.549783	0.450217
3P3N-B-A	Negative	0.704923	0.295077
3QIS-B-A	Negative	0.665607	0.334393
3QUK-C-A	Negative	0.866811	0.133189
3LKR-C-A	Negative	0.6717	0.3283
3NTI-C-A	Positive	0.229944	0.770056
3MHR-P-A	Positive	0.320218	0.679782
3ZRL-Y-B	Negative	0.789372	0.210628
3CH1-C-A	Positive	0.213466	0.786534
3CH1-I-G	Positive	0.213466	0.786534
3ZG6-F-A	Positive	0.348708	0.651292
3AVB-X-A	Negative	0.656203	0.343797
3W5A-C-A	Negative	0.870424	0.129576
3ICI-C-A	Positive	0.371822	0.628178
3T1N-C-A	Positive	0.368127	0.631873
3LL8-E-A	Negative	0.52908	0.47092
3WUT-B-A	Negative	0.863748	0.136252
3WUT-C-A	Negative	0.855883	0.144117
3WUT-F-D	Negative	0.855883	0.144117
3WUT-K-G	Negative	0.83301	0.16699
3FN0-P-L	Positive	0.282401	0.717599
3NDD-B-A	Negative	0.695175	0.304825
3HS9-P-A	Positive	0.312473	0.687527
3F02-C-A	Negative	0.836039	0.163961
3F02-D-B	Negative	0.888957	0.111043
3FIF-Y-F	Positive	0.391033	0.608967
3KJ2-B-A	Negative	0.731314	0.268686
3VXW-B-A	Positive	0.441676	0.558324
3E5A-B-A	Negative	0.476956	0.523044
3HKI-A-B	Negative	0.64244	0.35756
3HKI-C-B	Positive	0.2257	0.7743
3HKI-F-E	Positive	0.399057	0.600943
3SML-P-A	Positive	0.315358	0.684642
3O43-B-A	Negative	0.883071	0.116929
3BU5-B-A	Negative	0.560054	0.439946
3WSR-C-A	Negative	0.780934	0.219066
3WSR-D-A	Negative	0.739924	0.260076
3ZMV-C-A	Negative	0.632242	0.367758
3ZMV-D-A	Negative	0.623363	0.376637
3V3B-D-A	Negative	0.559704	0.440296
3V3B-C-B	Negative	0.668762	0.331238
3GHE-P-L	Negative	0.629452	0.370548
3RTX-C-A	Positive	0.27133	0.72867
3ZMZ-C-A	Positive	0.353017	0.646983
3AJB-B-A	Negative	0.578125	0.421875
3COJ-H-X	Positive	0.19812	0.80188
3COJ-M-B	Positive	0.199417	0.800583
3COJ-K-C	Positive	0.120917	0.879083
3COJ-N-F	Positive	0.299063	0.700937
3B80-C-A	Negative	0.572897	0.427103
3KYT-C-A	Positive	0.376365	0.623635
3RK3-E-B	Negative	0.780352	0.219648
3ZKE-B-A	Positive	0.437465	0.562535
3ZKE-F-C	Positive	0.277331	0.722669
3KUI-B-A	Negative	0.524111	0.475889
3GV4-H-A	Negative	0.521262	0.478738
3DRH-B-A	Negative	0.518853	0.481147
3WMG-B-A	Negative	0.950592	0.0494077
3QGL-F-A	Positive	0.25286	0.74714
3VE6-B-A	Positive	0.156949	0.843051
3EQY-C-A	Negative	0.529983	0.470017
3CWW-E-A	Positive	0.386541	0.613459
3CWW-D-B	Positive	0.44883	0.55117
3HBV-Z-P	Negative	0.543559	0.456441
3BRV-A-B	Negative	0.81877	0.18123
3BRV-C-B	Negative	0.812192	0.187808
3Q47-C-B	Positive	0.360941	0.639059
3AH8-G-B	Negative	0.854999	0.145001
3SM1-J-A	Negative	0.513068	0.486932
3S7K-A-B	Negative	0.719888	0.280112
3S7K-C-B	Negative	0.660009	0.339991
3DXD-B-A	Negative	0.684226	0.315774
3DXD-D-A	Negative	0.635073	0.364927
3FWV-C-A	Negative	0.570627	0.429373
3PUJ-C-A	Positive	0.229103	0.770897
3TJ3-D-A	Negative	0.56984	0.43016
3KJ0-B-A	Negative	0.792403	0.207597
3C9Q-L-A	Positive	0.274966	0.725034
3E90-A-B	Negative	0.806142	0.193858
3E90-C-B	Negative	0.803117	0.196883
3KZE-D-A	Positive	0.36762	0.63238
3KZE-E-C	Positive	0.368107	0.631893
3GIS-A-B	Negative	0.597801	0.402199
3GIS-E-B	Negative	0.597801	0.402199
3IXS-B-A	Negative	0.60302	0.39698
3IXS-D-A	Negative	0.562845	0.437155
3IXS-H-A	Positive	0.407907	0.592093
3IXS-F-C	Negative	0.580492	0.419508
3IXS-J-I	Negative	0.663497	0.336503
3C3O-B-A	Negative	0.740568	0.259432
3O3B-C-A	Negative	0.855316	0.144684
3C2A-P-L	Negative	0.795012	0.204988
3G5Y-E-A	Negative	0.751842	0.248158
3FKS-I-C	Negative	0.766791	0.233209
3FKS-R-P	Negative	0.876653	0.123347
3FKS-1-Y	Negative	0.912449	0.0875506
3TBY-C-A	Negative	0.570654	0.429346
3P37-E-A	Positive	0.40832	0.59168
3P37-D-B	Positive	0.40832	0.59168
3JBV-z-e	Negative	0.745808	0.254192
3R85-E-A	Negative	0.804628	0.195372
3R85-F-B	Negative	0.661679	0.338321
3R85-G-C	Negative	0.841364	0.158636
3R85-H-D	Negative	0.815548	0.184452
3MNZ-P-A	Negative	0.848203	0.151797
3MLW-P-L	Positive	0.425801	0.574199
3MLW-Q-M	Positive	0.393201	0.606799
3BZI-E-A	Negative	0.494732	0.505268
3VU7-Z-C	Negative	0.638388	0.361612
3CXD-P-L	Positive	0.225978	0.774022
3DOW-B-A	Positive	0.423831	0.576169
3AVR-B-A	Positive	0.368338	0.631662
3BG4-D-B	Negative	0.687506	0.312494
3AVA-X-A	Negative	0.802747	0.197253
3MRL-P-A	Negative	0.856317	0.143683
3U23-B-A	Positive	0.0969625	0.903038
3QBR-B-A	Negative	0.7223	0.2777
3QBR-Y-X	Negative	0.750598	0.249402
3KLA-C-A	Negative	0.910211	0.0897891
3HQL-C-A	Positive	0.279	0.721
3HQL-D-A	Positive	0.241863	0.758137
3SNC-H-A	Positive	0.1807	0.8193
3CBM-B-A	Positive	0.149493	0.850507
3TJU-B-A	Positive	0.218951	0.781049
3H9H-C-A	Negative	0.918924	0.0810756
3B23-C-B	Negative	0.651928	0.348072
3H1Z-P-A	Negative	0.608935	0.391065
3QNZ-C-A	Positive	0.372911	0.627089
3QV1-G-A	Positive	0.280937	0.719063
3QV1-I-A	Positive	0.290478	0.709522
3QV1-H-B	Positive	0.273683	0.726317
3S7D-I-A	Positive	0.254805	0.745195
3ZGA-A-B	Negative	0.758535	0.241465
3GXV-C-A	Negative	0.781324	0.218676
3GXV-D-A	Negative	0.842823	0.157177
3WMJ-B-A	Negative	0.666906	0.333094
3PD0-B-A	Positive	0.380673	0.619327
3MGO-C-A	Negative	0.616054	0.383946
3IQG-P-X	Positive	0.399267	0.600733
3I5R-B-A	Positive	0.155112	0.844888
3MLT-P-L	Negative	0.646281	0.353719
3MGT-C-A	Negative	0.592735	0.407265
3UM3-B-A	Negative	0.458512	0.541488
3BRF-D-A	Negative	0.785405	0.214595
3PHD-E-A	Negative	0.719575	0.280425
3PHD-F-B	Positive	0.442705	0.557295
3PHD-G-C	Negative	0.855678	0.144322
3PHD-H-D	Negative	0.841771	0.158229
3WBN-B-A	Negative	0.762844	0.237156
3FQT-C-A	Negative	0.779069	0.220931
3TJ5-B-A	Negative	0.857239	0.142761
3UKX-C-B	Positive	0.166048	0.833952
3M61-P-U	Negative	0.6994	0.3006
3CV0-B-A	Negative	0.524449	0.475551
3VJ6-P-A	Negative	0.890204	0.109796
3MOD-P-L	Negative	0.788939	0.211061
3G2S-C-A	Negative	0.844021	0.155979
3GGZ-E-A	Negative	0.49358	0.50642
3GGZ-G-C	Negative	0.539167	0.460833
3GGZ-H-D	Negative	0.725003	0.274997
3IVB-M-A	Positive	0.346995	0.653005
3OE0-I-A	Positive	0.243848	0.756152
3KIK-E-A	Negative	0.641535	0.358465
3KIK-H-A	Negative	0.602385	0.397615
3KIK-G-B	Negative	0.606351	0.393649
3NIL-X-B	Positive	0.368211	0.631789
3H1C-D-A	Negative	0.469491	0.530509
3IZO-F-A	Positive	0.297882	0.702118
3TPU-J-A	Negative	0.598124	0.401876
3EE0-A-B	Negative	0.747071	0.252929
3D42-B-A	Positive	0.419651	0.580349
3CAA-B-A	Negative	0.677269	0.322731
3IUX-B-A	Negative	0.563142	0.436858
3HTU-B-A	Negative	0.465853	0.534147
3HTU-D-A	Positive	0.434887	0.565113
3HTU-F-E	Negative	0.536417	0.463583
3HQH-M-A	Positive	0.3414	0.6586
3DRO-P-A	Negative	0.518657	0.481343
3CYY-C-A	Positive	0.345956	0.654044
3KZI-F-A	Negative	0.873486	0.126514
3KZI-I-A	Negative	0.856303	0.143697
3KZI-J-A	Negative	0.941568	0.0584318
3KZI-M-A	Negative	0.888344	0.111656
3KZI-T-A	Negative	0.923636	0.0763639
3EGX-D-B	Positive	0.352421	0.647579
3BUA-E-A	Negative	0.922938	0.0770618
3BUA-H-A	Negative	0.939834	0.0601659
3BUA-F-B	Negative	0.922179	0.0778211
3BUA-G-C	Negative	0.87748	0.12252
3VRO-B-A	Positive	0.294741	0.705259
3ZHF-B-A	Positive	0.341554	0.658446
3GQ1-C-A	Positive	0.370388	0.629612
3OKI-D-C	Negative	0.734047	0.265953
3SRJ-C-A	Negative	0.938197	0.0618035
3SRJ-D-A	Negative	0.657594	0.342406
3SRJ-E-B	Negative	0.899895	0.100105
3SRJ-F-B	Negative	0.940104	0.0598958
3P9G-B-A	Positive	0.132091	0.867909
3MET-C-A	Positive	0.229076	0.770924
3HCV-C-A	Positive	0.371603	0.628397
3SWC-P-A	Negative	0.50929	0.49071
3SWC-Q-B	Negative	0.593471	0.406529
3L3X-B-A	Negative	0.5	0.5
3PQR-B-A	Negative	0.901599	0.098401
3MRI-P-A	Negative	0.571847	0.428153
3E50-C-A	Negative	0.656626	0.343374
3E50-D-B	Negative	0.660591	0.339409
3GLW-Z-A	Negative	0.694936	0.305064
3AVK-D-A	Positive	0.411812	0.588188
3J3V-2-E	Positive	0.299998	0.700002
3J81-h-O	Positive	0.270057	0.729943
3J81-l-k	Negative	0.89624	0.10376
3I6L-F-D	Negative	0.752714	0.247286
3BFQ-F-G	Negative	0.521788	0.478212
3G5V-C-A	Negative	0.751842	0.248158
3MUK-D-A	Positive	0.448912	0.551088
3B7T-B-A	Positive	0.319801	0.680199
3SNA-H-A	Positive	0.283799	0.716201
3D9K-Y-A	Positive	0.276079	0.723921
3D9K-Z-B	Positive	0.340144	0.659856
3JCD-x-M	Positive	0.368969	0.631031
3WNG-C-A	Positive	0.31946	0.68054
3OAK-D-A	Negative	0.879946	0.120054
3OAK-C-B	Negative	0.81664	0.18336
3WDZ-B-A	Negative	0.55031	0.44969
3H8A-E-A	Negative	0.796386	0.203614
3H8A-F-B	Negative	0.749944	0.250056
3H44-C-A	Positive	0.45036	0.54964
3H44-D-B	Negative	0.665615	0.334385
3EFO-C-B	Negative	0.873365	0.126635
3TBT-C-A	Negative	0.475106	0.524894
3UVY-B-A	Positive	0.417861	0.582139
3C88-B-A	Positive	0.300683	0.699317
3SNB-H-A	Positive	0.350519	0.649481
3NKX-P-A	Positive	0.185343	0.814657
3O3E-C-A	Negative	0.765655	0.234345
3CFV-E-B	Positive	0.402381	0.597619
3CFV-F-B	Negative	0.5	0.5
3QRX-B-A	Negative	0.938316	0.0616841
3ZRK-X-A	Negative	0.705616	0.294384
3FBN-C-D	Negative	0.679842	0.320158
3DDB-B-A	Positive	0.234828	0.765172
3UIJ-Q-B	Negative	0.574623	0.425377
3P2Z-B-A	Positive	0.335268	0.664732
3LOB-D-A	Positive	0.44287	0.55713
3LOB-E-B	Positive	0.342405	0.657595
3LOB-F-C	Negative	0.782313	0.217687
3ZQF-C-A	Negative	0.69775	0.30225
3I7L-B-A	Negative	0.654301	0.345699
3GM1-E-A	Negative	0.682858	0.317142
3OU1-P-A	Negative	0.715804	0.284196
3DEP-B-A	Negative	0.68985	0.31015
3GZE-X-A	Positive	0.192384	0.807616
3GZE-Y-C	Positive	0.190779	0.809221
3HSV-M-A	Positive	0.166854	0.833146
3ZZZ-C-A	Negative	0.834523	0.165477
3ZZZ-D-A	Negative	0.834523	0.165477
3JCS-l-V	Negative	0.487941	0.512059
3DS9-B-A	Negative	0.538803	0.461197
3R9I-E-A	Negative	0.810265	0.189735
3R9I-G-C	Negative	0.736226	0.263774
3TZ1-B-A	Negative	0.73691	0.26309
3ATW-C-A	Positive	0.382551	0.617449
3L6F-C-A	Negative	0.464818	0.535182
3MUD-C-A	Negative	0.769349	0.230651
3MUD-D-A	Negative	0.81949	0.18051
3HK3-A-B	Negative	0.70318	0.29682
3J47-O-V	Negative	0.657279	0.342721
3J47-P-V	Negative	0.905209	0.0947911
3J47-Q-V	Negative	0.873151	0.126849
3J47-R-V	Negative	0.841351	0.158649
3J47-S-V	Negative	0.695112	0.304888
3J47-T-V	Negative	0.75184	0.24816
3ZWL-E-B	Negative	0.741752	0.258248
3WWS-D-A	Negative	0.761502	0.238498
3VCL-C-A	Negative	0.45386	0.54614
3T70-F-A	Positive	0.36339	0.63661
3UEO-F-A	Positive	0.353911	0.646089
3UEO-E-B	Negative	0.5	0.5
3TU7-L-H	Negative	0.667379	0.332621
3ZDF-D-A	Negative	0.528975	0.471025
3ZDF-C-B	Negative	0.509234	0.490766
3K15-B-A	Positive	0.351872	0.648128
3K05-C-A	Positive	0.367262	0.632738
3VH7-B-A	Negative	0.742184	0.257816
3VH7-D-A	Negative	0.81001	0.18999
3OTP-G-A	Negative	0.945361	0.0546386
3OQY-a-B	Positive	0.270047	0.729953
3T7G-D-A	Negative	0.670246	0.329754
3T7G-C-A	Negative	0.662739	0.337261
3UM0-B-A	Negative	0.68769	0.31231
3BXK-B-A	Negative	0.615482	0.384518
3BXK-D-C	Negative	0.542961	0.457039
3ZNI-F-E	Positive	0.194482	0.805518
3HIK-B-A	Positive	0.279982	0.720018
3B8E-B-A	Negative	0.874871	0.125129
3B8E-G-A	Negative	0.922312	0.0776884
3B8E-D-C	Negative	0.874871	0.125129
3FXE-A-B	Negative	0.785851	0.214149
3HRY-C-A	Negative	0.748996	0.251004
3V1D-A-G	Negative	0.631551	0.368449
3V1D-B-G	Negative	0.631551	0.368449
3V1D-D-G	Negative	0.631551	0.368449
3BQD-B-A	Negative	0.606662	0.393338
3MMY-H-G	Negative	0.466309	0.533691
3ABE-Z-C	Negative	0.854639	0.145361
3FM7-C-A	Negative	0.544309	0.455691
3GDS-B-A	Positive	0.375914	0.624086
3RVD-I-A	Positive	0.288354	0.711646
3RVD-L-Q	Positive	0.300931	0.699069
3KTP-B-A	Positive	0.383884	0.616116
3VB7-E-A	Negative	0.643346	0.356654
3R93-E-A	Positive	0.160047	0.839953
3GJ3-B-A	Negative	0.505214	0.494786
3ZBI-C-A	Positive	0.322684	0.677316
3MBE-P-A	Negative	0.76564	0.23436
3N95-E-C	Negative	0.820012	0.179988
3V4Y-B-A	Negative	0.544593	0.455407
3V4Y-F-A	Negative	0.553429	0.446571
3V4Y-D-C	Negative	0.643489	0.356511
3V4Y-H-E	Negative	0.715559	0.284441
3A9J-C-A	Negative	0.720196	0.279804
3IOZ-B-A	Negative	0.821673	0.178327
3IM4-C-A	Negative	0.785616	0.214384
3QHW-L-B	Positive	0.355845	0.644155
3FEA-L-A	Negative	0.476266	0.523734
3ZYB-I-A	Positive	0.362621	0.637379
3FVH-B-A	Positive	0.431857	0.568143
3CXW-B-A	Positive	0.189108	0.810892
3TIE-C-A	Negative	0.93799	0.0620099
3D9N-Y-A	Positive	0.217679	0.782321
3LNZ-B-A	Negative	0.50895	0.49105
3MRB-P-A	Negative	0.775474	0.224526
3PMK-O-A	Negative	0.786339	0.213661
3PMK-R-A	Negative	0.816781	0.183219
3PMK-Q-B	Negative	0.758015	0.241985
3PMK-N-C	Negative	0.781646	0.218354
3LAE-X-A	Positive	0.418798	0.581202
3E6H-P-A	Negative	0.774383	0.225617
3OMG-C-A	Positive	0.38865	0.61135
3OMG-D-B	Positive	0.370121	0.629879
3NA0-C-A	Negative	0.82754	0.17246
3V5K-C-A	Negative	0.86246	0.13754
3N9Q-C-A	Negative	0.454147	0.545853
3VRP-B-A	Positive	0.146324	0.853676
3N23-G-A	Negative	0.910084	0.0899162
3D3X-C-A	Positive	0.434908	0.565092
3D3X-D-B	Negative	0.472743	0.527257
3EFD-K-L	Negative	0.637429	0.362571
3ZG9-A-B	Negative	0.758535	0.241465
3ONW-C-A	Negative	0.900143	0.0998565
3ONW-D-A	Negative	0.893936	0.106064
3BEV-C-A	Negative	0.692231	0.307769
3UO1-P-H	Positive	0.227286	0.772714
3E0M-E-A	Negative	0.709459	0.290541
3E0M-F-B	Positive	0.423268	0.576732
3J7A-T-D	Negative	0.640278	0.359722
3J7A-6-E	Negative	0.485069	0.514931
3J7A-2-I	Negative	0.888621	0.111379
3EHT-B-A	Negative	0.719987	0.280013
3CVQ-B-A	Positive	0.282307	0.717693
3DUF-I-B	Negative	0.857035	0.142965
3DUF-J-F	Negative	0.851136	0.148864
3C9N-C-A	Negative	0.67838	0.32162
3TZX-D-A	Negative	0.529929	0.470071
3TZX-C-B	Negative	0.550114	0.449886
3RF3-C-A	Negative	0.682964	0.317036
3RF3-D-A	Negative	0.697787	0.302213
3N96-G-A	Negative	0.608776	0.391224
3N96-H-B	Positive	0.444583	0.555417
3N96-E-C	Negative	0.552753	0.447247
3MLQ-E-A	Negative	0.930636	0.0693644
3MLQ-F-A	Negative	0.891009	0.108991
3MLQ-H-A	Negative	0.892335	0.107665
3MLQ-G-C	Negative	0.923024	0.076976
3TBS-C-A	Negative	0.62651	0.37349
3N7Y-D-A	Negative	0.56241	0.43759
3T7K-C-A	Negative	0.559815	0.440185
3TKZ-P-A	Negative	0.796347	0.203653
3TKZ-Q-A	Negative	0.638052	0.361948
3AM7-B-A	Positive	0.387422	0.612578
3AV9-X-A	Negative	0.60893	0.39107
3KJ1-B-A	Negative	0.82413	0.17587
3OX7-P-U	Negative	0.756092	0.243908
3PLV-C-A	Negative	0.851155	0.148845
3M5M-C-B	Negative	0.541975	0.458025
3M5O-C-A	Negative	0.53177	0.46823
3P4M-F-A	Negative	0.657487	0.342513
3DDA-B-A	Positive	0.264072	0.735928
3AX2-B-A	Negative	0.57008	0.42992
3AX2-F-A	Negative	0.57008	0.42992
3ZDM-B-A	Negative	0.915193	0.0848074
3CBO-B-A	Positive	0.193708	0.806292
3MK8-B-A	Negative	0.85319	0.14681
3TPM-B-A	Positive	0.45186	0.54814
3MXY-L-A	Negative	0.53071	0.46929
3PWL-C-A	Negative	0.885525	0.114475
3C8B-B-A	Positive	0.354863	0.645137
3C5J-C-A	Negative	0.708022	0.291978
3LKS-C-A	Negative	0.479501	0.520499
3LCA-Q-A	Positive	0.381509	0.618491
3J79-e-Y	Positive	0.440407	0.559593
3IXZ-B-A	Negative	0.911217	0.0887829
3RWF-C-A	Positive	0.29554	0.70446
3QLP-L-H	Negative	0.682233	0.317767
3HXI-C-A	Negative	0.643566	0.356434
3LRH-B-A	Negative	0.571152	0.428848
3NZI-B-A	Positive	0.383879	0.616121
3QZT-B-A	Positive	0.25332	0.74668
3Q49-C-B	Negative	0.457729	0.542271
3MPJ-Y-B	Positive	0.298247	0.701753
3L3K-C-A	Negative	0.554811	0.445189
3ZZY-C-A	Negative	0.831703	0.168297
3EDX-A-B	Negative	0.666776	0.333224
3H0G-L-B	Negative	0.728728	0.271272
3RC5-B-A	Positive	0.397149	0.602851
3NK4-C-A	Negative	0.844804	0.155196
3NK4-D-A	Negative	0.980539	0.0194609
3FQN-C-A	Negative	0.5	0.5
3DSF-P-L	Positive	0.141325	0.858675
3REW-C-A	Negative	0.900062	0.0999379
3OUD-P-A	Negative	0.635767	0.364233
3S90-C-A	Negative	0.782153	0.217847
3S90-D-B	Negative	0.684177	0.315823
3JZS-P-A	Negative	0.574295	0.425705
3SO6-Q-A	Positive	0.380398	0.619602
3UQP-B-A	Negative	0.547378	0.452622
3H01-B-A	Negative	0.881943	0.118057
3ZHA-E-A	Positive	0.136428	0.863572
3ZHA-F-A	Positive	0.135799	0.864201
3ZHA-G-A	Positive	0.135143	0.864857
3M50-P-A	Negative	0.88715	0.11285
3QW6-B-A	Positive	0.427167	0.572833
3LIY-I-A	Negative	0.7486	0.2514
3LIY-J-C	Negative	0.808394	0.191606
3PLX-A-B	Negative	0.859056	0.140944
3DCG-F-A	Negative	0.889924	0.110076
3DCG-E-D	Negative	0.885092	0.114908
3PP4-P-H	Positive	0.367127	0.632873
3KTR-B-A	Positive	0.355442	0.644558
3C03-B-A	Negative	0.46794	0.53206
3KJL-E-A	Negative	0.568109	0.431891
3KJL-F-A	Negative	0.686995	0.313005
3KJL-G-C	Negative	0.682146	0.317854
3M9D-G-A	Negative	0.75351	0.24649
3TRS-A-B	Negative	0.586021	0.413979
3TRS-C-D	Negative	0.794062	0.205938
3IQJ-P-A	Positive	0.15761	0.84239
3KUS-C-A	Negative	0.561094	0.438906
3AP2-T-A	Positive	0.369051	0.630949
3MRC-P-A	Negative	0.734015	0.265985
3O6L-C-L	Positive	0.378124	0.621876
3EWT-E-A	Negative	0.80027	0.19973
3JQO-C-A	Positive	0.210571	0.789429
3JQO-F-A	Positive	0.234013	0.765987
3JQO-O-J	Positive	0.214299	0.785701
3JQO-R-M	Positive	0.246559	0.753441
3JQO-U-M	Positive	0.200503	0.799497
3JQO-p-k	Positive	0.223999	0.776001
3Q4J-H-B	Negative	0.57979	0.42021
3RO3-B-A	Negative	0.891021	0.108979
3WS6-E-A	Negative	0.891389	0.108611
3N5E-D-A	Negative	0.57834	0.42166
3V9T-C-A	Negative	0.884582	0.115418
3EHU-C-A	Negative	0.841589	0.158411
3E4Z-C-A	Negative	0.857392	0.142608
3E4Z-D-B	Negative	0.857392	0.142608
3MRN-P-A	Negative	0.88976	0.11024
3IK5-D-C	Negative	0.777681	0.222319
3SW9-P-A	Positive	0.320123	0.679877
3SW9-Q-B	Positive	0.431666	0.568334
3P3P-B-A	Negative	0.843693	0.156307
3BZZ-A-B	Negative	0.551769	0.448231
3A9K-C-A	Negative	0.468629	0.531371
3O3D-C-A	Negative	0.855316	0.144684
3QDZ-E-B	Positive	0.239509	0.760491
3QDZ-F-D	Positive	0.274793	0.725207
3PBP-C-A	Negative	0.771415	0.228585
3PBP-I-G	Negative	0.702178	0.297822
3PBP-L-J	Negative	0.765361	0.234639
3DPY-C-A	Negative	0.526214	0.473786
3R7B-F-C	Negative	0.487241	0.512759
3UVL-B-A	Positive	0.363938	0.636062
3GCW-E-A	Negative	0.75138	0.24862
3ZIA-J-A	Positive	0.19093	0.80907
3QXD-C-A	Negative	0.718416	0.281584
3FDM-D-A	Negative	0.750157	0.249843
3FDM-F-C	Negative	0.750157	0.249843
3MRJ-P-A	Negative	0.700711	0.299289
3OLR-E-A	Negative	0.598879	0.401121
3OLR-F-B	Negative	0.455725	0.544275
3GZ1-Q-A	Negative	0.50811	0.49189
3GZ1-P-B	Positive	0.430634	0.569366
3TDU-F-A	Negative	0.476936	0.523064
3BUN-A-B	Positive	0.37704	0.62296
3IYL-A-B	Negative	0.620825	0.379175
3GCM-E-B	Negative	0.478207	0.521793
3ASW-B-A	Positive	0.260907	0.739093
3NFK-D-A	Positive	0.367047	0.632953
3VQM-O-A	Negative	0.51466	0.48534
3VUM-F-A	Positive	0.212206	0.787794
3BBP-D-A	Negative	0.749518	0.250482
3BBP-E-A	Negative	0.784388	0.215612
3BBP-F-C	Negative	0.797104	0.202896
3CC5-C-A	Positive	0.42683	0.57317
3WNH-C-A	Positive	0.355018	0.644982
3FFD-P-A	Negative	0.828304	0.171696
3B1S-A-B	Negative	0.713819	0.286181
3P87-G-A	Positive	0.395448	0.604552
3P87-H-B	Positive	0.321174	0.678826
3P4U-E-A	Negative	0.478474	0.521526
3C9A-C-A	Negative	0.776239	0.223761
3OU3-C-A	Positive	0.399283	0.600717
3KMZ-C-B	Negative	0.845725	0.154275
3SP6-B-A	Negative	0.919711	0.0802894
3S13-B-A	Negative	0.917123	0.0828768
3UVU-B-A	Positive	0.101941	0.898059
3A1Q-C-A	Negative	0.733692	0.266308
3JCA-C-A	Negative	0.858978	0.141022
3J6B-0-F	Positive	0.387809	0.612191
3J6B-Y-P	Positive	0.354397	0.645603
3D18-C-A	Positive	0.383909	0.616091
3T64-F-A	Positive	0.437225	0.562775
3JXT-C-A	Positive	0.249863	0.750137
3MAZ-B-A	Negative	0.5	0.5
3DRF-B-A	Positive	0.423528	0.576472
3JTT-C-A	Negative	0.493805	0.506195
3WL9-C-A	Positive	0.393192	0.606808
3BXM-I-A	Positive	0.344156	0.655844
3RWG-C-A	Positive	0.388195	0.611805
3HGZ-D-A	Negative	0.764476	0.235524
3HGZ-E-B	Negative	0.770471	0.229529
3L81-B-A	Negative	0.462172	0.537828
3N9P-C-A	Positive	0.431931	0.568069
3EAB-G-A	Negative	0.825246	0.174754
3EAB-H-A	Negative	0.7805	0.2195
3EAB-L-A	Negative	0.856019	0.143981
3EAB-I-C	Negative	0.841846	0.158154
3EAB-J-D	Negative	0.803402	0.196598
3EAB-K-E	Negative	0.865265	0.134735
3QXA-C-A	Negative	0.863146	0.136854
3QXA-F-D	Negative	0.67835	0.32165
3FT2-P-A	Negative	0.845574	0.154426
3MRD-P-A	Negative	0.770681	0.229319
3HS8-P-A	Positive	0.244625	0.755375
3JAJ-2-C	Negative	0.953594	0.0464059
3NFL-E-A	Negative	0.481218	0.518782
3OB1-A-B	Positive	0.197219	0.802781
3TBV-I-A	Negative	0.516067	0.483933
3HDS-E-A	Positive	0.362347	0.637653
3HU6-C-A	Positive	0.253331	0.746669
3UQR-D-A	Negative	0.46095	0.53905
3SV1-D-A	Positive	0.433684	0.566316
3SV1-E-B	Negative	0.494272	0.505728
3SV1-F-C	Positive	0.369554	0.630446
3BUY-C-A	Negative	0.902167	0.0978332
3RYA-B-A	Positive	0.220888	0.779112
3RWD-C-A	Negative	0.659987	0.340013
3WNE-C-A	Positive	0.310803	0.689197
3U9D-B-A	Positive	0.423589	0.576411
3EYU-Q-L	Positive	0.373355	0.626645
3BUW-A-B	Positive	0.421769	0.578231
3H11-C-B	Negative	0.619685	0.380315
3MIW-B-C	Negative	0.856313	0.143687
3MIW-E-C	Negative	0.856313	0.143687
3MIW-G-C	Negative	0.859073	0.140927
3MIW-I-C	Negative	0.867683	0.132317
3MIW-A-C	Negative	0.867683	0.132317
3MQP-B-A	Negative	0.896945	0.103055
3ZFW-X-A	Negative	0.514377	0.485623
3ZFW-Y-B	Negative	0.577414	0.422586
3D9L-Y-A	Positive	0.273957	0.726043
3D9L-Z-B	Positive	0.212318	0.787682
3BEJ-F-B	Positive	0.412914	0.587086
3MLU-P-L	Negative	0.599147	0.400853
3HQU-S-A	Negative	0.511047	0.488953
3RWC-C-A	Positive	0.447329	0.552671
3V79-R-C	Negative	0.487784	0.512216
3P9Y-E-A	Positive	0.326756	0.673244
3BHP-B-A	Negative	0.649053	0.350947
3UVK-B-A	Negative	0.604557	0.395443
3EYS-Q-L	Positive	0.368127	0.631873
3O3A-C-A	Negative	0.765655	0.234345
3I74-C-A	Positive	0.368127	0.631873
3QBY-H-A	Positive	0.319856	0.680144
3FDL-B-A	Negative	0.837852	0.162148
3WMM-J-L	Negative	0.938107	0.0618925
3ZMQ-C-A	Positive	0.385418	0.614582
3BEI-A-B	Negative	0.666101	0.333899
3DVK-B-A	Negative	0.651296	0.348704
3LU9-C-B	Negative	0.589473	0.410527
3JAP-r-q	Negative	0.736775	0.263225
3UIG-P-A	Positive	0.220601	0.779399
3W8J-C-A	Negative	0.564859	0.435141
3N00-B-A	Negative	0.76952	0.23048
3FY2-B-A	Negative	0.573429	0.426571
3BZL-A-C	Positive	0.405722	0.594278
3BZL-B-D	Negative	0.613339	0.386661
3P8M-D-A	Negative	0.729443	0.270557
3P8M-C-A	Negative	0.7509	0.2491
3AWR-C-A	Positive	0.423499	0.576501
3ET1-Q-A	Negative	0.563725	0.436275
3O7L-I-B	Negative	0.716958	0.283042
3MN5-S-A	Positive	0.360912	0.639088
3IET-X-A	Positive	0.329148	0.670852
3IET-Q-A	Positive	0.194154	0.805846
3FQU-C-A	Negative	0.846906	0.153094
3JZO-P-A	Negative	0.723159	0.276841
3HAT-T-H	Negative	0.469078	0.530922
3IO9-B-A	Negative	0.772844	0.227156
3DBO-A-B	Negative	0.789874	0.210126
3VVS-B-A	Negative	0.919381	0.0806194
3HYM-A-B	Negative	0.760102	0.239898
3HYM-C-D	Negative	0.748373	0.251627
3HYM-G-H	Negative	0.710294	0.289706
3RYB-B-A	Positive	0.228032	0.771968
3KXY-X-A	Negative	0.634525	0.365475
3KXY-W-E	Negative	0.602104	0.397896
3KXY-Y-I	Negative	0.731982	0.268018
3SJ9-B-A	Negative	0.65116	0.34884
3MLV-P-L	Negative	0.56334	0.43666
3QNJ-C-A	Positive	0.228385	0.771615
3QNJ-D-A	Positive	0.168196	0.831804
3FOL-P-A	Negative	0.600286	0.399714
3PAB-F-A	Negative	0.530241	0.469759
3NIH-B-A	Positive	0.443933	0.556067
3OMC-C-A	Negative	0.461884	0.538116
3URL-B-A	Negative	0.513413	0.486587
3OS5-B-A	Positive	0.0828208	0.917179
3QHE-B-A	Negative	0.53502	0.46498
3QHE-D-A	Negative	0.561295	0.438705
3TFK-B-A	Negative	0.806379	0.193621
3DVP-C-A	Positive	0.205569	0.794431
3RTE-B-A	Negative	0.642494	0.357506
3OEE-I-C	Negative	0.739099	0.260901
3OR0-a-A	Positive	0.397662	0.602338
3OQS-B-A	Negative	0.455854	0.544146
3O2Q-F-E	Positive	0.277083	0.722917
3OUC-P-A	Negative	0.586294	0.413706
3TM7-A-B	Negative	0.802573	0.197427
3I91-C-A	Positive	0.140559	0.859441
3APR-I-E	Positive	0.441087	0.558913
3L3J-C-A	Negative	0.648687	0.351313
3A3Y-G-A	Negative	0.816139	0.183861
3GIV-C-A	Negative	0.907147	0.0928531
3SPV-C-A	Negative	0.461029	0.538971
3JCT-l-X	Negative	0.478682	0.521318
3QUL-C-A	Negative	0.794884	0.205116
3ULR-C-A	Negative	0.834865	0.165135
3C8A-B-A	Positive	0.353532	0.646468
3SF4-D-A	Negative	0.865876	0.134124
3SF4-E-A	Negative	0.873041	0.126959
3SF4-F-A	Negative	0.878917	0.121083
3B95-P-B	Positive	0.256989	0.743011
3N7N-E-A	Negative	0.817754	0.182246
3N7N-F-B	Negative	0.782683	0.217317
3MYJ-C-A	Negative	0.821646	0.178354
3M55-B-A	Positive	0.212006	0.787994
3LKP-C-A	Positive	0.442982	0.557018
3ZIN-B-A	Positive	0.15445	0.84555
3ZIN-C-A	Positive	0.174223	0.825777
3D9M-Y-A	Positive	0.37482	0.62518
3D9M-Z-B	Positive	0.195573	0.804427
3ADE-B-A	Negative	0.543238	0.456762
3SL9-C-A	Negative	0.657409	0.342591
3SL9-F-E	Negative	0.693753	0.306247
3SL9-H-G	Negative	0.492663	0.507337
3R5J-E-A	Negative	0.738174	0.261826
3GLI-O-B	Negative	0.508204	0.491796
3DRG-B-A	Positive	0.326544	0.673456
3BEW-C-A	Negative	0.627889	0.372111
3N9Z-C-A	Negative	0.871587	0.128413
3RBQ-G-A	Negative	0.525126	0.474874
3RBQ-H-B	Negative	0.5	0.5
3RBQ-I-C	Negative	0.469532	0.530468
3RBQ-K-E	Positive	0.40881	0.59119
3QG6-D-A	Negative	0.474107	0.525893
3QG6-C-H	Positive	0.441373	0.558627
3WA0-G-A	Negative	0.750137	0.249863
3WA0-H-A	Negative	0.833302	0.166698
3PCQ-X-B	Negative	0.903167	0.0968328
3ZRJ-X-A	Negative	0.684994	0.315006
3ZRJ-Y-B	Negative	0.902505	0.0974952
3QO0-C-A	Positive	0.381083	0.618917
3P4N-F-A	Negative	0.584332	0.415668
3GWO-B-A	Negative	0.896176	0.103824
3M93-C-A	Negative	0.616601	0.383399
3QW8-B-A	Positive	0.392961	0.607039
3GZ2-P-B	Negative	0.618759	0.381241
3ISW-C-A	Negative	0.705824	0.294176
3G2W-C-A	Negative	0.761001	0.238999
3G2W-D-B	Negative	0.645838	0.354162
3ZED-D-A	Positive	0.39899	0.60101
3ZED-E-B	Positive	0.442454	0.557546
3Q95-D-B	Positive	0.316119	0.683881
3K2U-B-A	Positive	0.328523	0.671477
3I7K-B-A	Negative	0.608509	0.391491
3NF3-C-A	Negative	0.581937	0.418063
3IUR-B-A	Negative	0.546719	0.453281
3IUR-C-A	Negative	0.5	0.5
3ZMT-C-A	Positive	0.380348	0.619652
3MRH-P-A	Negative	0.642806	0.357194
3P34-B-A	Negative	0.506462	0.493538
3BU6-B-A	Negative	0.595208	0.404792
3TKN-B-A	Negative	0.80581	0.19419
3CU8-Q-B	Positive	0.183572	0.816428
3F7O-X-A	Negative	0.651721	0.348279
3AVJ-D-A	Negative	0.747246	0.252754
3AA1-C-A	Positive	0.270456	0.729544
3H52-N-A	Negative	0.824318	0.175682
3H52-M-B	Negative	0.712703	0.287297
3W3Y-B-A	Positive	0.215981	0.784019
3IO8-B-A	Negative	0.766973	0.233027
3IO8-D-C	Negative	0.746379	0.253621
3GLR-B-A	Positive	0.36249	0.63751
3J5Q-A-D	Negative	0.60879	0.39121
3MRF-P-A	Negative	0.892121	0.107879
3TBW-I-A	Positive	0.312637	0.687363
3RQ7-B-A	Positive	0.306413	0.693587
3VVR-B-A	Negative	0.836299	0.163701
3UZD-B-A	Negative	0.566172	0.433828
3VFW-C-A	Negative	0.479659	0.520341
3FQX-C-A	Negative	0.679096	0.320904
3NK3-C-A	Negative	0.861415	0.138585
3KYS-B-A	Negative	0.753569	0.246431
3KYS-D-C	Negative	0.776802	0.223198
3B71-D-A	Negative	0.466489	0.533511
3B71-F-C	Positive	0.352552	0.647448
3WV0-X-A	Positive	0.325187	0.674813
3WV0-Y-B	Positive	0.296273	0.703727
3M4C-E-B	Positive	0.136563	0.863437
3ZPV-0-1	Negative	0.866693	0.133307
3ZPV-P-1	Negative	0.866553	0.133447
3ROL-E-A	Negative	0.879611	0.120389
3TWR-E-A	Positive	0.243623	0.756377
3TWR-H-A	Positive	0.121996	0.878004
3TWR-G-C	Positive	0.130671	0.869329
3R42-B-A	Positive	0.240515	0.759485
3S7F-I-A	Positive	0.17784	0.82216
3KUT-C-A	Negative	0.837131	0.162869
3KUT-D-A	Negative	0.763043	0.236957
3BRH-C-A	Positive	0.266449	0.733551
3BRH-D-B	Positive	0.354588	0.645412
3VUX-G-A	Positive	0.452247	0.547753
3VUX-E-B	Negative	0.5	0.5
3D0L-C-A	Negative	0.735501	0.264499
3U85-B-A	Positive	0.350714	0.649286
3BHB-C-A	Negative	0.689464	0.310536
3ZWH-Q-A	Negative	0.802681	0.197319
3MRM-P-A	Negative	0.948659	0.0513413
3VI4-I-A	Positive	0.367356	0.632644
3VI4-G-C	Positive	0.345271	0.654729
3DKT-K-A	Negative	0.569996	0.430004
3JC2-w-1	Negative	0.882259	0.117741
3ZMU-C-A	Positive	0.36878	0.63122
3TWX-C-A	Positive	0.186564	0.813436
3UKZ-C-B	Positive	0.0910941	0.908906
3KRD-a-C	Positive	0.381053	0.618947
3A0B-F-A	Negative	0.918703	0.0812967
3A0B-I-A	Negative	0.856303	0.143697
3A0B-J-A	Negative	0.941568	0.0584318
3A0B-M-A	Negative	0.841744	0.158256
3WP1-A-B	Positive	0.300495	0.699505
3CVN-B-A	Negative	0.514304	0.485696
3OGI-A-B	Negative	0.911862	0.0881384
3L0L-C-A	Positive	0.368826	0.631174
3AA0-C-A	Positive	0.193468	0.806532
3NGY-E-D	Positive	0.319117	0.680883
3QDR-B-A	Negative	0.644624	0.355376
3OBQ-B-A	Positive	0.32993	0.67007
3KYN-P-A	Negative	0.558852	0.441148
3W3X-B-A	Positive	0.158646	0.841354
3FGA-D-B	Negative	0.739363	0.260637
3MRK-P-A	Negative	0.779759	0.220241
3CQZ-L-B	Negative	0.709276	0.290724
3SUI-B-A	Negative	0.523908	0.476092
3E1K-B-A	Negative	0.813703	0.186297
3WY9-C-A	Negative	0.594201	0.405799
3N84-G-A	Negative	0.579421	0.420579
3N84-K-E	Negative	0.579421	0.420579
3V5D-C-A	Negative	0.914675	0.0853248
3LW5-J-A	Negative	0.941649	0.0583513
3Q4A-C-B	Positive	0.36865	0.63135
3H3G-B-A	Negative	0.861631	0.138369
3POA-B-A	Positive	0.414306	0.585694
3BZV-A-B	Negative	0.649067	0.350933
3MXC-L-A	Positive	0.327838	0.672162
3JBU-z-e	Negative	0.771317	0.228683
3GI0-C-A	Negative	0.617008	0.382992
3CFS-E-B	Positive	0.408815	0.591185
3TO2-C-A	Negative	0.800173	0.199827
3ZIR-B-A	Positive	0.224934	0.775066
3ZIR-C-A	Positive	0.305697	0.694303
3GSW-P-A	Negative	0.867781	0.132219
3GJ4-B-A	Positive	0.225962	0.774038
3GJ4-D-C	Positive	0.242468	0.757532
3F9Z-G-A	Positive	0.301228	0.698772
3MR9-P-A	Negative	0.827217	0.172783
3CY3-B-A	Positive	0.245226	0.754774
3LK2-T-A	Positive	0.374401	0.625599
3RZ2-C-A	Negative	0.643501	0.356499
3O40-B-A	Negative	0.894627	0.105373
3VFV-C-A	Negative	0.685008	0.314992
3RK2-A-B	Negative	0.832936	0.167064
3PZD-B-A	Negative	0.644766	0.355234
3FOM-P-A	Negative	0.46493	0.53507
3IFL-P-L	Positive	0.391447	0.608553
3ROF-B-A	Positive	0.32118	0.67882
3BUX-A-B	Positive	0.232224	0.767776
3ZOQ-B-A	Negative	0.860009	0.139991
3MRR-P-A	Negative	0.905848	0.0941517
3MIA-C-A	Negative	0.571907	0.428093
3ZEV-C-A	Positive	0.405616	0.594384
3ZEV-D-B	Positive	0.422577	0.577423
3L3D-C-A	Negative	0.536769	0.463231
3WGX-C-A	Negative	0.68898	0.31102
3WGX-D-B	Negative	0.644527	0.355473
3WBK-C-A	Negative	0.561468	0.438532
3U0T-E-C	Negative	0.925758	0.0742416
3NTW-B-A	Negative	0.468037	0.531963
3NTW-D-A	Positive	0.44835	0.55165
3SGA-P-E	Positive	0.324307	0.675693
3VEP-X-D	Negative	0.887777	0.112223
3VEP-G-D	Negative	0.877388	0.122612
3VEP-C-A	Negative	0.883456	0.116544
3VEP-J-A	Negative	0.883456	0.116544
3AUW-A-B	Negative	0.581578	0.418422
3ZS9-C-A	Negative	0.56513	0.43487
3ZS9-D-A	Negative	0.465358	0.534642
3NCO-D-A	Positive	0.392071	0.607929
3NCO-E-A	Positive	0.375579	0.624421
3DPP-C-A	Positive	0.219872	0.780128
3NMD-B-A	Negative	0.91653	0.0834696
3VCM-P-A	Negative	0.626553	0.373447
3VCM-Q-A	Negative	0.62982	0.37018
3F6K-N-A	Negative	0.5	0.5
3CS8-B-A	Negative	0.750943	0.249057
3BS4-B-A	Positive	0.417196	0.582804
3PE4-B-A	Positive	0.417492	0.582508
3FHV-C-A	Positive	0.306849	0.693151
3FQR-C-A	Negative	0.786325	0.213675
3DRJ-B-A	Negative	0.457159	0.542841
3O6M-C-L	Positive	0.37216	0.62784
3AT0-B-A	Positive	0.192621	0.807379
3G8F-B-A	Negative	0.453569	0.546431
3CBP-B-A	Positive	0.193708	0.806292
3LEX-P-H	Negative	0.601121	0.398879
3ECH-C-A	Negative	0.728693	0.271307
3NIK-X-A	Positive	0.411293	0.588707
3LLY-B-A	Positive	0.272477	0.727523
3ZGC-C-A	Positive	0.290607	0.709393
3AW0-B-A	Negative	0.661062	0.338938
3KZ0-C-A	Negative	0.728119	0.271881
3F2O-C-A	Negative	0.511751	0.488249
3THK-C-A	Positive	0.286387	0.713613
3C59-B-A	Negative	0.716475	0.283525
3J2W-E-A	Negative	0.87681	0.12319
3R29-C-A	Negative	0.858127	0.141873
3R29-D-B	Negative	0.92697	0.0730301
3HPJ-C-A	Negative	0.749655	0.250345
3HR5-R-L	Positive	0.274779	0.725221
3HR5-S-A	Positive	0.393705	0.606295
3HR5-T-P	Negative	0.618015	0.381985
3HR5-V-I	Negative	0.477155	0.522845
3RCE-B-A	Positive	0.231288	0.768712
3LK3-T-A	Negative	0.534354	0.465646
3RL7-H-B	Negative	0.522679	0.477321
3RL7-G-A	Negative	0.684712	0.315288
3RL7-L-A	Positive	0.424858	0.575142
3RL7-K-E	Negative	0.606243	0.393757
3PVL-B-A	Negative	0.682699	0.317301
3SGE-K-L	Positive	0.439016	0.560984
3DPQ-C-A	Positive	0.239151	0.760849
3AA6-C-A	Negative	0.563165	0.436835
3SOQ-Z-A	Positive	0.224157	0.775843
3TWS-E-A	Negative	0.522296	0.477704
3TWS-F-A	Positive	0.315638	0.684362
3TWS-H-A	Positive	0.351882	0.648118
3LCN-C-A	Negative	0.452885	0.547115
3LCN-D-B	Negative	0.452882	0.547118
3N9N-C-A	Positive	0.137061	0.862939
3AX3-B-A	Negative	0.797295	0.202705
3IEC-E-A	Negative	0.465106	0.534894
3SNE-H-A	Positive	0.33062	0.66938
3TJ6-B-A	Negative	0.896617	0.103383
3HKJ-F-E	Positive	0.3728	0.6272
3J92-1-C	Negative	0.813927	0.186073
3J92-w-H	Negative	0.733877	0.266123
3J92-0-R	Positive	0.347858	0.652142
3LK4-C-A	Negative	0.669265	0.330735
3FDO-B-A	Negative	0.723159	0.276841
3PO3-L-B	Negative	0.739191	0.260809
3HQR-S-A	Negative	0.86266	0.13734
3AVF-D-A	Negative	0.660637	0.339363
3R0H-a-A	Negative	0.740438	0.259562
3EU7-X-A	Negative	0.719417	0.280583
3RWJ-C-A	Negative	0.805653	0.194347
3H8D-E-A	Negative	0.64312	0.35688
3H8D-F-A	Negative	0.664227	0.335773
3H8D-H-A	Negative	0.664227	0.335773
3URI-B-A	Positive	0.385663	0.614337
3P4K-P-A	Negative	0.710801	0.289199
3ABD-X-A	Negative	0.818805	0.181195
3ABD-Y-B	Negative	0.842602	0.157398
3C4M-C-A	Negative	0.767381	0.232619
3E6F-P-A	Negative	0.713521	0.286479
3WOQ-C-A	Negative	0.565524	0.434476
3CVP-B-A	Positive	0.280112	0.719888
3DM1-B-A	Positive	0.24273	0.75727
3DM1-D-A	Positive	0.344553	0.655447
3DM1-F-A	Positive	0.324219	0.675781
3DM1-H-C	Positive	0.275881	0.724119
3SHW-B-A	Negative	0.494978	0.505022
3E8U-P-H	Negative	0.614606	0.385394
3TMH-D-A	Negative	0.855987	0.144013
3TMH-H-E	Negative	0.778453	0.221547
3TMH-L-E	Negative	0.817213	0.182787
3TMH-F-I	Negative	0.849069	0.150931
3DA9-D-B	Negative	0.50744	0.49256
3OA6-G-A	Negative	0.5182	0.4818
3JR3-D-A	Positive	0.435546	0.564454
3S04-J-A	Positive	0.438296	0.561704
3T5I-Q-D	Positive	0.22201	0.77799
3GDU-D-A	Positive	0.36813	0.63187
3U7U-G-A	Negative	0.683776	0.316224
3U7U-K-C	Negative	0.731922	0.268078
3L41-B-A	Positive	0.27567	0.72433
3GGW-E-A	Negative	0.583345	0.416655
3GGW-F-C	Negative	0.546109	0.453891
3M1F-V-A	Negative	0.528431	0.471569
3JTS-C-A	Negative	0.5	0.5
3EJH-E-A	Negative	0.79884	0.20116
3EJH-F-A	Negative	0.848377	0.151623
3PKN-B-A	Negative	0.750716	0.249284
3X23-B-A	Positive	0.328754	0.671246
3IIY-B-A	Negative	0.564442	0.435558
3TZD-T-A	Positive	0.217296	0.782704
3I89-B-A	Negative	0.880327	0.119673
3M94-C-A	Negative	0.616601	0.383399
3RSE-Z-A	Positive	0.368126	0.631874
3UFM-B-A	Negative	0.470349	0.529651
3LM1-B-A	Positive	0.267773	0.732227
3OTY-P-A	Positive	0.429776	0.570224
4QUU-B-A	Positive	0.34469	0.65531
4ZZJ-B-A	Positive	0.383333	0.616667
4TY6-H-A	Positive	0.354548	0.645452
4WM0-D-A	Negative	0.589138	0.410862
4B18-B-A	Positive	0.0666329	0.933367
4V0W-B-A	Negative	0.639857	0.360143
4YPI-G-C	Negative	0.835717	0.164283
4UF2-B-A	Negative	0.614445	0.385555
4PKF-C-A	Negative	0.68914	0.31086
4L0V-C-A	Negative	0.837112	0.162888
4X0W-P-U	Negative	0.643818	0.356182
4Q96-C-A	Positive	0.225508	0.774492
4Q96-F-A	Positive	0.225508	0.774492
4O4Y-A-L	Negative	0.71302	0.28698
4WJN-B-A	Negative	0.789992	0.210008
4TWJ-B-A	Positive	0.245788	0.754212
4TQE-A-L	Negative	0.589533	0.410467
4IB5-D-A	Negative	0.810026	0.189974
4CY2-C-A	Negative	0.681948	0.318052
4CY2-D-A	Positive	0.429567	0.570433
4JOH-C-A	Positive	0.301032	0.698968
4JOH-D-A	Positive	0.405373	0.594627
4P6W-B-A	Negative	0.782714	0.217286
4RFO-N-G	Negative	0.753965	0.246035
4I51-C-A	Positive	0.110253	0.889747
4I51-D-B	Positive	0.141827	0.858173
4WFA-Z-K	Positive	0.307522	0.692478
4BT9-C-A	Positive	0.21784	0.78216
4Y8J-e-H	Negative	0.52755	0.47245
4PS0-C-A	Positive	0.427076	0.572924
4LOQ-M-A	Negative	0.72811	0.27189
4LOQ-K-A	Negative	0.768461	0.231539
4M5T-B-A	Positive	0.215966	0.784034
4M5T-F-A	Positive	0.215966	0.784034
4M5T-H-G	Positive	0.231851	0.768149
4E18-B-A	Negative	0.777388	0.222612
4MZL-C-A	Negative	0.687418	0.312582
4BQD-C-A	Negative	0.843019	0.156981
4APJ-P-A	Positive	0.307528	0.692472
4ES0-C-A	Positive	0.354942	0.645058
4ODP-B-A	Positive	0.428923	0.571077
4JFQ-C-A	Negative	0.909316	0.0906841
4MVB-B-C	Negative	0.699004	0.300996
4IF6-B-A	Negative	0.836138	0.163862
4WFN-2-C	Positive	0.305091	0.694909
4WLB-D-A	Negative	0.667459	0.332541
4QBM-C-A	Negative	0.529468	0.470532
4N7V-C-A	Negative	0.541616	0.458384
4LCY-C-A	Negative	0.884547	0.115453
4J48-B-A	Negative	0.631841	0.368159
4OS6-B-A	Negative	0.683133	0.316867
4J8B-B-A	Negative	0.644179	0.355821
4HUV-C-A	Positive	0.445167	0.554833
4CHB-C-A	Positive	0.261951	0.738049
4C2G-C-A	Negative	0.787268	0.212732
4CE4-6-8	Negative	0.755965	0.244035
4CE4-7-F	Positive	0.347116	0.652884
4V1V-C-A	Negative	0.882492	0.117508
4V1V-D-A	Negative	0.81815	0.18185
4KTS-B-A	Positive	0.33946	0.66054
4J2X-B-A	Negative	0.730418	0.269582
4HLH-C-A	Negative	0.837112	0.162888
4HLH-D-A	Negative	0.837112	0.162888
4JFZ-P-L	Negative	0.563866	0.436134
4H2T-C-A	Negative	0.969009	0.0309912
4LOR-D-A	Positive	0.210859	0.789141
4W50-E-A	Negative	0.5	0.5
4ISR-D-A	Negative	0.613397	0.386603
4ISR-E-A	Negative	0.613397	0.386603
4TT2-P-A	Positive	0.269435	0.730565
4R1E-B-A	Negative	0.715334	0.284666
4GLY-B-A	Negative	0.703984	0.296016
4GUX-D-A	Negative	0.518968	0.481032
4GPK-M-A	Positive	0.386047	0.613953
4V19-7-2	Positive	0.35422	0.64578
4YZH-B-A	Positive	0.227706	0.772294
4ZHB-B-A	Negative	0.839396	0.160604
4YA5-c-H	Positive	0.366659	0.633341
4Q6H-B-A	Negative	0.593594	0.406406
4ETO-P-A	Negative	0.580897	0.419103
4C5G-B-A	Negative	0.836874	0.163126
4YGW-b-B	Negative	0.522616	0.477384
4N5T-B-A	Negative	0.489389	0.510611
4JTD-Y-H	Positive	0.288262	0.711738
4N0C-B-A	Negative	0.557137	0.442863
4HS8-A-H	Negative	0.5	0.5
4CCO-C-A	Positive	0.23563	0.76437
4GDK-C-B	Negative	0.760371	0.239629
4GDK-F-B	Negative	0.777886	0.222114
4FL8-C-A	Negative	0.618187	0.381813
4FL8-D-A	Negative	0.603585	0.396415
4RG9-S-A	Negative	0.927729	0.0722713
4EMZ-D-C	Positive	0.156275	0.843725
4EMZ-E-B	Positive	0.215966	0.784034
4WX4-C-A	Positive	0.334872	0.665128
4YR6-C-A	Negative	0.825024	0.174976
4QRS-C-A	Negative	0.636384	0.363616
4ZNY-B-A	Negative	0.835873	0.164127
4RQI-E-A	Negative	0.632439	0.367561
4RQI-F-A	Negative	0.656764	0.343236
4RQI-G-C	Negative	0.799296	0.200704
4RQI-H-C	Negative	0.839987	0.160013
4JFX-P-L	Negative	0.697191	0.302809
4EN2-D-M	Positive	0.274514	0.725486
4EN2-E-B	Positive	0.176318	0.823682
4B8P-C-A	Positive	0.339788	0.660212
4OI4-U-A	Positive	0.183432	0.816568
4OI4-D-C	Positive	0.451674	0.548326
4ZOZ-Y-A	Positive	0.411261	0.588739
4EZR-B-A	Positive	0.31943	0.68057
4XKH-E-A	Negative	0.718982	0.281018
4XKH-C-F	Negative	0.804765	0.195235
4ZIH-B-A	Negative	0.799364	0.200636
4P6Z-V-G	Negative	0.545468	0.454532
4P6Z-T-M	Positive	0.449937	0.550063
4X6S-L-A	Negative	0.520117	0.479883
4CR4-Y-R	Negative	0.524721	0.475279
4ZKS-P-U	Negative	0.835165	0.164835
4PRD-C-A	Negative	0.523859	0.476141
4JOL-E-A	Negative	0.75986	0.24014
4JOL-H-B	Negative	0.725645	0.274355
4FQX-E-A	Negative	0.557029	0.442971
4V3I-B-A	Positive	0.227707	0.772293
4ZNX-E-A	Positive	0.142985	0.857015
4ZNX-G-B	Positive	0.150396	0.849604
4XNH-F-A	Positive	0.354832	0.645168
4CC7-B-A	Positive	0.167016	0.832984
4CC7-D-A	Positive	0.146898	0.853102
4JS0-B-A	Negative	0.729564	0.270436
4MNY-C-A	Negative	0.728868	0.271132
4JOG-C-A	Negative	0.60091	0.39909
4N3A-B-A	Positive	0.209822	0.790178
4A2A-C-A	Negative	0.949698	0.0503022
4A2A-D-B	Negative	0.947857	0.0521431
4H1L-C-A	Positive	0.420912	0.579088
4M1L-B-A	Negative	0.874017	0.125983
4QO2-B-A	Negative	0.584494	0.415506
4NSK-C-A	Negative	0.555083	0.444917
4K78-B-A	Positive	0.368629	0.631371
4HHA-P-A	Negative	0.619683	0.380317
4FQ3-B-A	Positive	0.190787	0.809213
4O6F-B-A	Positive	0.155519	0.844481
4QSY-B-A	Negative	0.52715	0.47285
4JIZ-B-A	Negative	0.617625	0.382375
4PG9-C-A	Negative	0.857124	0.142876
4YOS-E-A	Negative	0.688394	0.311606
4CCM-C-A	Positive	0.28854	0.71146
4CCM-D-B	Positive	0.275003	0.724997
4ZLX-A-B	Negative	0.814149	0.185851
4F7M-C-A	Negative	0.883471	0.116529
4YYD-Z-A	Negative	0.475095	0.524905
4AFJ-X-A	Negative	0.827798	0.172202
4QPQ-A-D	Negative	0.871052	0.128948
4Q6S-C-A	Negative	0.598432	0.401568
4M5S-B-A	Positive	0.234474	0.765526
4GU0-E-A	Positive	0.355644	0.644356
4A7J-B-A	Positive	0.332739	0.667261
4Y80-c-H	Negative	0.46095	0.53905
4HTC-L-H	Negative	0.68419	0.31581
4OIH-B-A	Positive	0.0929593	0.907041
4WWR-B-A	Negative	0.796705	0.203295
4WWR-H-A	Negative	0.896572	0.103428
4WWR-D-G	Negative	0.906183	0.093817
4I1P-B-A	Negative	0.483708	0.516292
4P3C-M-H	Positive	0.383068	0.616932
4R11-B-A	Negative	0.779557	0.220443
4R11-D-C	Negative	0.731667	0.268333
4R11-F-E	Negative	0.89798	0.10202
4WM7-D-A	Negative	0.738164	0.261836
4MNX-B-A	Positive	0.40048	0.59952
4E81-C-A	Positive	0.432208	0.567792
4ZRO-E-A	Negative	0.524997	0.475003
4XC1-P-L	Positive	0.422507	0.577493
4J84-C-A	Positive	0.385942	0.614058
4J84-D-B	Positive	0.352555	0.647445
4Q0X-E-H	Negative	0.850423	0.149577
4PGD-C-A	Negative	0.837773	0.162227
4O97-B-A	Negative	0.604417	0.395583
4BOS-F-A	Negative	0.483808	0.516192
4GAO-F-A	Positive	0.417638	0.582362
4GAO-H-A	Negative	0.476658	0.523342
4LX2-B-A	Negative	0.509792	0.490208
4CDI-C-A	Negative	0.952298	0.047702
4OH6-B-A	Positive	0.433908	0.566092
4IMY-G-B	Negative	0.828884	0.171116
4OK1-B-A	Negative	0.739152	0.260848
4OGR-G-F	Negative	0.778503	0.221497
4A0K-B-A	Negative	0.841609	0.158391
4X23-U-C	Negative	0.455259	0.544741
4X23-V-E	Negative	0.579922	0.420078
4X23-X-H	Positive	0.444414	0.555586
4X23-W-M	Positive	0.258853	0.741147
4JYI-G-A	Negative	0.514312	0.485688
4R8T-A-B	Negative	0.908984	0.0910159
4BKL-E-A	Negative	0.471131	0.528869
4BKL-F-A	Negative	0.458604	0.541396
4BKL-G-A	Negative	0.458604	0.541396
4LZF-B-A	Positive	0.139405	0.860595
4JOR-C-A	Positive	0.350073	0.649927
4N7Y-C-A	Negative	0.729165	0.270835
4TT3-H-A	Negative	0.776165	0.223835
4TT3-I-B	Negative	0.526739	0.473261
4TT3-J-E	Negative	0.587939	0.412061
4U0B-M-A	Negative	0.630665	0.369335
4U0B-N-A	Negative	0.493391	0.506609
4LNP-B-A	Positive	0.148341	0.851659
4QRR-P-A	Negative	0.618796	0.381204
4U0C-B-A	Positive	0.419769	0.580231
4QY8-Q-A	Negative	0.469495	0.530505
4XEF-B-A	Negative	0.818169	0.181831
4XEF-C-A	Negative	0.780551	0.219449
4XEF-F-D	Negative	0.694947	0.305053
4MZK-T-A	Positive	0.358068	0.641932
4FMN-C-A	Positive	0.413675	0.586325
4ZI1-B-A	Negative	0.874137	0.125863
4XHV-B-A	Positive	0.373252	0.626748
4JO3-P-L	Negative	0.72217	0.27783
4DLQ-B-A	Negative	0.759682	0.240318
4S1Z-G-A	Negative	0.646292	0.353708
4S1Z-J-A	Negative	0.724672	0.275328
4S1Z-I-A	Negative	0.661921	0.338079
4TT4-P-A	Positive	0.266483	0.733517
4XVJ-A-H	Negative	0.53184	0.46816
4GK5-C-A	Negative	0.716435	0.283565
4GK5-G-E	Positive	0.201582	0.798418
4PRB-C-A	Negative	0.550935	0.449065
4PV1-H-A	Negative	0.939299	0.0607006
4PV1-F-B	Negative	0.952945	0.0470554
4B1U-M-B	Negative	0.742617	0.257383
4PDW-D-A	Negative	0.703222	0.296778
4XPM-A-B	Negative	0.605237	0.394763
4BJ6-D-C	Negative	0.865915	0.134085
4JMG-B-A	Negative	0.877997	0.122003
4LN2-B-A	Positive	0.350585	0.649415
4D0G-C-A	Negative	0.892619	0.107381
4GBX-E-A	Positive	0.424914	0.575086
4G5R-E-A	Negative	0.638094	0.361906
4G5R-G-A	Negative	0.583096	0.416904
4PSW-C-A	Negative	0.576462	0.423538
4UTV-C-A	Negative	0.523984	0.476016
4IUT-C-B	Positive	0.119022	0.880978
4B86-A-B	Negative	0.738136	0.261864
4B86-I-C	Negative	0.717492	0.282508
4B86-J-K	Negative	0.67915	0.32085
4AJU-B-A	Negative	0.912953	0.0870472
4MNV-B-A	Positive	0.155087	0.844913
4MNV-C-A	Positive	0.315831	0.684169
4JOJ-C-A	Positive	0.449524	0.550476
4JOJ-D-B	Negative	0.508073	0.491927
4JOF-C-A	Negative	0.61613	0.38387
4JOF-D-B	Negative	0.636599	0.363401
4U7I-B-A	Negative	0.566031	0.433969
4HQJ-G-A	Negative	0.935362	0.0646377
4HQJ-E-C	Negative	0.943899	0.0561014
4OJ9-B-A	Negative	0.585483	0.414517
4CIN-C-A	Negative	0.888044	0.111956
4CIN-D-B	Negative	0.944776	0.0552243
4EDU-T-A	Negative	0.679155	0.320845
4ZKB-B-A	Negative	0.584512	0.415488
4NB3-C-A	Negative	0.838037	0.161963
4RTV-B-A	Positive	0.142985	0.857015
4E05-I-H	Negative	0.621332	0.378668
4M38-E-A	Positive	0.258644	0.741356
4M38-F-B	Positive	0.330623	0.669377
4N84-C-A	Negative	0.768051	0.231949
4CKT-C-A	Positive	0.426173	0.573827
4CKT-D-B	Positive	0.302155	0.697845
4Z96-C-A	Positive	0.160745	0.839255
4RWG-D-A	Negative	0.896374	0.103626
4RWG-F-C	Negative	0.885452	0.114548
4D7Z-A-B	Negative	0.832822	0.167178
4PGB-C-A	Negative	0.838541	0.161459
4H3Q-B-A	Negative	0.456441	0.543559
4BXW-F-A	Negative	0.700122	0.299878
4AM9-B-A	Negative	0.548532	0.451468
4JIJ-P-A	Negative	0.462879	0.537121
4JIJ-Q-B	Negative	0.462879	0.537121
4QJ8-E-A	Positive	0.353777	0.646223
4RG6-S-A	Negative	0.945452	0.0545475
4QOY-E-A	Negative	0.859029	0.140971
4B60-C-A	Negative	0.657878	0.342122
4OEY-B-A	Negative	0.765901	0.234099
4Q94-C-A	Positive	0.216868	0.783132
4JZN-K-I	Negative	0.824812	0.175188
4D0C-C-A	Positive	0.375736	0.624264
4GW1-E-A	Negative	0.478506	0.521494
4J9H-G-A	Positive	0.316079	0.683921
4YEC-C-A	Positive	0.448009	0.551991
4B1Y-M-B	Negative	0.60111	0.39889
4Z1M-H-A	Negative	0.775835	0.224165
4Z1M-J-E	Negative	0.513164	0.486836
4XIB-C-A	Positive	0.286796	0.713204
4QYL-E-A	Positive	0.257064	0.742936
4MDJ-C-A	Negative	0.783004	0.216996
4Z8M-C-A	Positive	0.288658	0.711342
4Z8M-D-A	Positive	0.286058	0.713942
4GVC-B-A	Positive	0.341895	0.658105
4RTW-B-A	Positive	0.295982	0.704018
4RTW-D-A	Positive	0.227277	0.772723
4RTW-E-A	Positive	0.10014	0.89986
4JR0-C-A	Positive	0.375376	0.624624
4LKE-E-A	Positive	0.368274	0.631726
4LKE-F-B	Positive	0.41531	0.58469
4J2J-D-A	Negative	0.862446	0.137554
4J2J-E-A	Negative	0.819174	0.180826
4J2J-F-B	Negative	0.732203	0.267797
4MBQ-A-C	Negative	0.904733	0.0952672
4MBQ-F-C	Negative	0.900923	0.0990771
4B8Y-B-A	Positive	0.389315	0.610685
4N4I-B-A	Positive	0.382878	0.617122
4Y18-I-A	Positive	0.383722	0.616278
4Y18-L-D	Positive	0.348937	0.651063
4Y18-N-F	Positive	0.350895	0.649105
4WDI-C-A	Negative	0.752006	0.247994
4YA9-c-H	Negative	0.46095	0.53905
4ZN8-B-A	Negative	0.556281	0.443719
4ZN8-C-A	Negative	0.591684	0.408316
4ZN8-D-A	Negative	0.576038	0.423962
4WJO-B-A	Negative	0.749606	0.250394
4RT4-E-C	Negative	0.909624	0.0903758
4RT4-A-D	Negative	0.820803	0.179197
4E17-B-A	Negative	0.769857	0.230143
4X01-D-A	Negative	0.85363	0.14637
4I7C-B-A	Negative	0.627237	0.372763
4TKY-E-A	Positive	0.225597	0.774403
4UTQ-Z-A	Negative	0.909305	0.0906948
4X3O-C-A	Positive	0.143298	0.856702
4J78-B-A	Positive	0.362575	0.637425
4IHL-P-A	Positive	0.246259	0.753741
4GMN-B-A	Negative	0.786584	0.213416
4JWC-C-A	Positive	0.0922995	0.9077
4JWC-D-A	Positive	0.0953774	0.904623
4GEQ-F-A	Negative	0.611071	0.388929
4DM9-X-A	Negative	0.464803	0.535197
4YK6-B-A	Negative	0.800661	0.199339
4N3B-B-A	Positive	0.150788	0.849212
4B8L-D-A	Negative	0.810107	0.189893
4PC0-C-A	Negative	0.696083	0.303917
4BLD-E-A	Positive	0.431695	0.568305
4Y8L-d-H	Negative	0.551325	0.448675
4Y8L-c-K	Negative	0.551325	0.448675
4U7E-A-B	Negative	0.525117	0.474883
4K76-E-A	Positive	0.212356	0.787644
4K76-F-B	Positive	0.149622	0.850378
4K76-G-B	Positive	0.253347	0.746653
4K76-H-D	Positive	0.302211	0.697789
4U9W-F-A	Positive	0.193411	0.806589
4U9W-E-B	Positive	0.193411	0.806589
4C0H-C-A	Positive	0.344074	0.655926
4C0H-D-B	Negative	0.476345	0.523655
4D0M-F-A	Negative	0.944221	0.0557786
4NO2-C-A	Negative	0.91452	0.08548
4X1S-P-U	Negative	0.860471	0.139529
4R3P-B-A	Negative	0.647217	0.352783
4D6U-I-A	Negative	0.863864	0.136136
4D6U-V-N	Negative	0.753489	0.246511
4MEX-M-C	Positive	0.252345	0.747655
4HYB-C-A	Negative	0.567094	0.432906
4R6R-D-A	Negative	0.733143	0.266857
4W9M-D-C	Negative	0.784436	0.215564
4W9M-F-E	Negative	0.816733	0.183267
4W9M-L-K	Negative	0.826364	0.173636
4IXR-F-A	Negative	0.918703	0.0812967
4IXR-J-A	Negative	0.941568	0.0584318
4IXR-M-A	Negative	0.888344	0.111656
4IXR-T-A	Negative	0.9064	0.0936004
4IXR-t-B	Negative	0.9064	0.0936004
4IXR-X-D	Negative	0.879757	0.120243
4JOK-C-A	Positive	0.296874	0.703126
4JOK-D-B	Negative	0.516674	0.483326
4YO0-E-A	Negative	0.935382	0.0646177
4YO0-F-C	Negative	0.950152	0.0498484
4Y28-J-A	Negative	0.922797	0.0772032
4Z0X-C-A	Negative	0.824812	0.175188
4H3K-F-E	Positive	0.323925	0.676075
4R6Q-B-A	Negative	0.485084	0.514916
4R6Q-F-A	Negative	0.594061	0.405939
4WRQ-C-A	Negative	0.670128	0.329872
4WRQ-D-B	Negative	0.730984	0.269016
4W2E-9-Q	Negative	0.585371	0.414629
4W2E-u-m	Positive	0.138132	0.861868
4G91-A-B	Negative	0.664425	0.335575
4REY-B-A	Negative	0.66157	0.33843
4K0U-B-A	Positive	0.324175	0.675825
4NMR-C-A	Positive	0.32223	0.67777
4NMR-D-B	Positive	0.405373	0.594627
4ABI-B-A	Negative	0.479934	0.520066
4CSE-C-A	Positive	0.438329	0.561671
4CSE-D-B	Positive	0.352335	0.647665
4PZ6-Q-A	Positive	0.276079	0.723921
4FCM-C-A	Positive	0.376737	0.623263
4ZRI-C-A	Negative	0.775375	0.224625
4ZRI-D-B	Negative	0.801232	0.198768
4PJ0-I-A	Negative	0.903144	0.0968563
4PJ0-L-A	Negative	0.792852	0.207148
4PJ0-M-A	Negative	0.932649	0.0673509
4PJ0-T-A	Negative	0.929782	0.0702183
4PJ0-t-B	Negative	0.929782	0.0702183
4PJ0-Y-C	Negative	0.962136	0.0378638
4PJ0-R-E	Negative	0.931373	0.0686268
4PJ0-j-a	Negative	0.938852	0.0611483
4PJ0-l-a	Negative	0.792852	0.207148
4PJ0-r-e	Negative	0.939435	0.0605655
4ZHM-P-U	Negative	0.825361	0.174639
4WNN-T-C	Negative	0.456932	0.543068
4JWI-C-A	Negative	0.509538	0.490462
4OWW-C-A	Negative	0.882062	0.117938
4A0I-C-A	Positive	0.341226	0.658774
4PN1-E-A	Positive	0.32758	0.67242
4BA3-B-A	Positive	0.364845	0.635155
4ODL-D-A	Negative	0.705643	0.294357
4ODL-C-B	Negative	0.548592	0.451408
4D8I-B-A	Negative	0.468068	0.531932
4QNZ-B-A	Negative	0.547851	0.452149
4NMT-C-A	Positive	0.272122	0.727878
4NMT-D-B	Positive	0.271407	0.728593
4BPJ-D-A	Negative	0.952194	0.0478056
4H2V-C-A	Negative	0.937934	0.0620657
4EAK-B-A	Negative	0.876103	0.123897
4Z63-P-A	Positive	0.362913	0.637087
4UEC-B-A	Negative	0.556651	0.443349
4GKV-P-B	Negative	0.917312	0.0826879
4NXM-U-M	Positive	0.113346	0.886654
4OH9-B-A	Negative	0.808282	0.191718
4F7P-C-A	Negative	0.475821	0.524179
4FJ3-P-A	Positive	0.195795	0.804205
4UWX-C-A	Negative	0.617947	0.382053
4UWX-D-B	Negative	0.729803	0.270197
4KMD-B-A	Negative	0.544493	0.455507
4CRI-C-A	Negative	0.721225	0.278775
4CRI-D-A	Negative	0.617388	0.382612
4AF3-D-A	Negative	0.801654	0.198346
4O42-B-A	Positive	0.310564	0.689436
4N8C-X-H	Negative	0.700122	0.299878
4N8C-Y-I	Negative	0.760317	0.239683
4EHQ-G-A	Negative	0.692921	0.307079
4O27-C-A	Positive	0.436572	0.563428
4QRQ-C-A	Positive	0.271949	0.728051
4Y1C-C-A	Positive	0.325629	0.674371
4BV2-E-A	Positive	0.374698	0.625302
4INH-M-A	Negative	0.505683	0.494317
4Y1D-D-A	Positive	0.365808	0.634192
4GP4-C-A	Negative	0.932071	0.0679291
4EXT-B-C	Negative	0.791538	0.208462
4H62-K-Q	Negative	0.611461	0.388539
4H62-V-Q	Negative	0.613721	0.386279
4TXQ-C-A	Positive	0.431741	0.568259
4TXQ-D-B	Negative	0.686392	0.313608
4ADX-5-E	Positive	0.348201	0.651799
4NMP-C-A	Negative	0.564363	0.435637
4NMP-D-B	Negative	0.470095	0.529905
4MJH-B-A	Negative	0.625665	0.374335
4NQL-C-A	Negative	0.856435	0.143565
4WPI-D-A	Positive	0.0579907	0.942009
4HTV-B-A	Positive	0.362136	0.637864
4ITZ-C-A	Negative	0.599353	0.400647
4J9I-B-A	Positive	0.365314	0.634686
4AR2-P-A	Positive	0.373127	0.626873
4C93-D-A	Negative	0.745981	0.254019
4HFX-C-A	Negative	0.794534	0.205466
4OZG-J-A	Positive	0.343632	0.656368
4OZG-I-C	Positive	0.276555	0.723445
4MVI-B-A	Negative	0.80752	0.19248
4AFX-B-A	Negative	0.890063	0.109937
4TNI-F-A	Negative	0.918703	0.0812967
4TNI-M-A	Negative	0.888344	0.111656
4CH8-C-D	Negative	0.648868	0.351132
4CH8-G-D	Negative	0.646816	0.353184
4CH8-Q-D	Positive	0.368498	0.631502
4UQZ-B-A	Negative	0.879925	0.120075
4D2G-E-A	Negative	0.714001	0.285999
4HUU-C-A	Negative	0.5	0.5
4XAL-B-A	Negative	0.608109	0.391891
4U1L-C-A	Positive	0.356013	0.643987
4U1L-F-D	Positive	0.356013	0.643987
4FT4-Q-B	Positive	0.272929	0.727071
4BXR-C-A	Positive	0.139405	0.860595
4BXR-D-B	Positive	0.217813	0.782187
4EZ1-L-A	Negative	0.758818	0.241182
4DOW-C-A	Positive	0.320965	0.679035
4DOW-D-A	Positive	0.392133	0.607867
4BD2-C-A	Negative	0.621242	0.378758
4IUV-C-A	Positive	0.13419	0.86581
4GKG-F-A	Negative	0.777216	0.222784
4V11-B-A	Positive	0.426037	0.573963
4ZJV-C-A	Negative	0.711477	0.288523
4ZJV-D-B	Negative	0.718422	0.281578
4NQV-M-A	Negative	0.719884	0.280116
4HVU-B-A	Positive	0.142985	0.857015
4OZ1-C-A	Positive	0.281528	0.718472
4EOY-D-A	Negative	0.5	0.5
4EOY-F-C	Negative	0.5	0.5
4LOP-K-A	Negative	0.732492	0.267508
4LOP-N-B	Negative	0.727737	0.272263
4A5X-C-A	Negative	0.77937	0.22063
4A5X-D-A	Negative	0.745195	0.254805
4TWI-B-A	Positive	0.185984	0.814016
4LLG-M-C	Negative	0.877742	0.122258
4LLG-N-I	Negative	0.901174	0.0988259
4O9W-B-A	Negative	0.572079	0.427921
4F27-Q-A	Positive	0.290856	0.709144
4YI0-A-C	Positive	0.212077	0.787923
4BQ8-B-C	Negative	0.741732	0.258268
4YM4-B-A	Negative	0.547163	0.452837
4CVZ-C-A	Negative	0.528737	0.471263
4V0V-B-A	Negative	0.545123	0.454877
4V0V-D-C	Negative	0.61276	0.38724
4RRV-B-A	Positive	0.448652	0.551348
4H3H-F-E	Positive	0.224056	0.775944
4QX7-E-A	Negative	0.510613	0.489387
4QX7-F-C	Negative	0.627776	0.372224
4UEA-B-A	Negative	0.764764	0.235236
4UEA-D-C	Negative	0.774909	0.225091
4F00-B-A	Negative	0.536346	0.463654
4DEX-B-A	Negative	0.808217	0.191783
4R6O-F-A	Negative	0.594061	0.405939
4J81-D-A	Positive	0.200276	0.799724
4Z2P-P-A	Negative	0.7365	0.2635
4Z2P-C-A	Negative	0.820837	0.179163
4HAB-D-A	Positive	0.441685	0.558315
4U1J-C-A	Negative	0.468063	0.531937
4ZIG-B-A	Negative	0.690582	0.309418
4JDH-B-A	Positive	0.284605	0.715395
4ZXL-H-A	Positive	0.201011	0.798989
4MMY-C-A	Negative	0.737353	0.262647
4N78-P-A	Positive	0.202172	0.797828
4YFB-B-A	Negative	0.55149	0.44851
4YFB-E-A	Negative	0.567581	0.432419
4YFB-K-G	Negative	0.542504	0.457496
4EIK-B-A	Negative	0.603298	0.396702
4J1V-E-A	Negative	0.627405	0.372595
4J1V-G-A	Negative	0.822682	0.177318
4AW9-I-A	Negative	0.526527	0.473473
4D0Z-X-B	Positive	0.338169	0.661831
4HH6-Z-A	Negative	0.858098	0.141902
4YIZ-B-A	Negative	0.900016	0.0999843
4THN-I-H	Positive	0.413161	0.586839
4M91-B-A	Positive	0.421087	0.578913
4NM5-B-A	Negative	0.871452	0.128548
4NM5-C-A	Positive	0.229463	0.770537
4QIW-W-A	Negative	0.804502	0.195498
4U1S-C-A	Negative	0.515594	0.484406
4NUT-B-A	Negative	0.524891	0.475109
4EDN-L-A	Negative	0.860192	0.139808
4EDN-O-E	Negative	0.857926	0.142074
4EDN-Q-E	Negative	0.874254	0.125746
4EDN-P-F	Negative	0.775755	0.224245
4LKL-B-A	Positive	0.349671	0.650329
4JZO-J-A	Negative	0.834642	0.165358
4KTX-B-A	Positive	0.411447	0.588553
4BWQ-B-A	Negative	0.455125	0.544875
4BWQ-D-A	Positive	0.364652	0.635348
4BWQ-F-C	Positive	0.37407	0.62593
4D2M-B-A	Negative	0.883374	0.116626
4D2M-D-C	Negative	0.87798	0.12202
4UUB-D-A	Negative	0.523984	0.476016
4UE4-B-C	Negative	0.948441	0.0515593
4KYT-B-A	Negative	0.877801	0.122199
4KYT-C-A	Negative	0.941551	0.0584494
4ZDU-B-A	Positive	0.145616	0.854384
4IZY-B-A	Positive	0.155107	0.844893
4G35-B-A	Negative	0.854776	0.145224
4MZ5-A-E	Positive	0.0718325	0.928168
4MZ5-C-E	Positive	0.307929	0.692071
4N9G-C-A	Negative	0.803392	0.196608
4N9G-Z-A	Negative	0.74421	0.25579
4N9G-D-E	Negative	0.779315	0.220685
4PZ3-C-B	Negative	0.559905	0.440095
4DOR-C-A	Negative	0.75629	0.24371
4YGX-E-D	Positive	0.225632	0.774368
4WHT-a-A	Negative	0.509124	0.490876
4WHT-c-C	Negative	0.596948	0.403052
4WHT-o-O	Negative	0.568302	0.431698
4WHT-q-Q	Negative	0.649619	0.350381
4JG0-P-L	Negative	0.535461	0.464539
4XTR-G-A	Negative	0.806354	0.193646
4OR5-E-B	Negative	0.697937	0.302063
4OR5-J-B	Negative	0.697937	0.302063
4X3E-B-A	Negative	0.575498	0.424502
4G71-C-A	Negative	0.932071	0.0679291
4NO0-C-A	Negative	0.842013	0.157987
4FBY-T-A	Negative	0.9064	0.0936004
4GRV-B-A	Positive	0.41454	0.58546
4HEE-Y-X	Negative	0.5	0.5
4B4S-B-A	Negative	0.773681	0.226319
4ODK-B-A	Positive	0.359627	0.640373
4ODK-C-A	Positive	0.371018	0.628982
4NW2-B-A	Positive	0.0812328	0.918767
4NW2-D-C	Positive	0.0756923	0.924308
4Y6O-C-A	Positive	0.253808	0.746192
4EZT-B-A	Positive	0.215374	0.784626
4I2W-B-A	Negative	0.699559	0.300441
4NF9-C-A	Positive	0.421357	0.578643
4MGX-B-A	Negative	0.545347	0.454653
4OH4-E-A	Negative	0.912266	0.0877343
4CCN-C-A	Positive	0.270723	0.729277
4K7F-C-A	Negative	0.895657	0.104343
4HCZ-C-A	Positive	0.187711	0.812289
4HCZ-D-B	Positive	0.275014	0.724986
4XGQ-B-A	Negative	0.894346	0.105654
4I9C-C-A	Negative	0.510372	0.489628
4L67-B-A	Negative	0.72181	0.27819
4M1Z-C-A	Negative	0.706507	0.293493
4M1Z-D-B	Negative	0.75737	0.24263
4WIH-B-A	Negative	0.823658	0.176342
4Y2G-B-A	Positive	0.268288	0.731712
4SRN-B-A	Negative	0.699243	0.300757
4RTZ-B-A	Positive	0.33712	0.66288
4O45-B-A	Positive	0.323328	0.676672
4OWT-C-A	Negative	0.909686	0.0903142
4USL-D-A	Negative	0.487848	0.512152
4PBZ-B-A	Negative	0.602769	0.397231
4N1A-G-A	Negative	0.857209	0.142791
4N1A-H-B	Negative	0.779547	0.220453
4N1A-J-C	Negative	0.741469	0.258531
4N1A-K-E	Negative	0.910427	0.0895732
4DJZ-H-B	Positive	0.416067	0.583933
4DJZ-I-B	Positive	0.269239	0.730761
4HRG-C-A	Positive	0.401601	0.598399
4TK3-C-A	Negative	0.861611	0.138389
4TK3-D-A	Negative	0.890348	0.109652
4QXH-F-C	Positive	0.404643	0.595357
4OIU-B-A	Positive	0.367584	0.632416
4RWV-B-A	Positive	0.318709	0.681291
4E6K-H-C	Negative	0.776096	0.223904
4DJ9-B-A	Negative	0.933229	0.066771
4TZQ-B-A	Positive	0.415602	0.584398
4GUU-B-A	Negative	0.530507	0.469493
4MS8-B-C	Negative	0.746872	0.253128
4JX7-B-A	Positive	0.330074	0.669926
4R6N-D-A	Negative	0.485084	0.514916
4UM9-E-A	Positive	0.439675	0.560325
4UM9-F-C	Negative	0.488915	0.511085
4Z68-E-A	Positive	0.430773	0.569227
4RET-G-A	Negative	0.904803	0.0951968
4RET-E-C	Negative	0.904803	0.0951968
4HXJ-C-A	Positive	0.325472	0.674528
4B45-B-A	Negative	0.803769	0.196231
4G9F-C-A	Negative	0.605009	0.394991
4FJC-C-A	Negative	0.656897	0.343103
4FJC-G-A	Negative	0.699243	0.300757
4Y3U-B-A	Negative	0.831857	0.168143
4APR-I-E	Positive	0.385984	0.614016
4GPL-A-B	Positive	0.252733	0.747267
4UE8-B-A	Negative	0.651451	0.348549
4N5E-B-C	Negative	0.82635	0.17365
4X3H-B-A	Negative	0.456706	0.543294
4L8C-I-A	Positive	0.40123	0.59877
4M7C-C-A	Negative	0.703249	0.296751
4NNL-C-A	Positive	0.352469	0.647531
4C2D-E-A	Negative	0.550815	0.449185
4C2D-M-A	Negative	0.584241	0.415759
4C2D-N-B	Positive	0.210246	0.789754
4C2D-H-D	Positive	0.34217	0.65783
4C2D-P-D	Positive	0.290416	0.709584
4I80-B-A	Negative	0.452873	0.547127
4OZ6-B-A	Negative	0.5	0.5
4GZF-C-A	Positive	0.416247	0.583753
4O30-C-A	Positive	0.417718	0.582282
4O30-D-B	Negative	0.560068	0.439932
4S0R-O-A	Negative	0.585266	0.414734
4YWC-C-A	Negative	0.628001	0.371999
4JO9-A-B	Negative	0.921391	0.078609
4JO9-C-B	Negative	0.872635	0.127365
4Y8K-d-H	Negative	0.551325	0.448675
4Y8K-c-K	Negative	0.551325	0.448675
4IV1-D-A	Negative	0.723607	0.276393
4TZS-C-A	Positive	0.199644	0.800356
4K7L-A-B	Negative	0.5	0.5
4ESG-D-A	Negative	0.598952	0.401048
4J8G-D-A	Negative	0.588819	0.411181
4J8G-C-B	Negative	0.782307	0.217693
4YXB-C-A	Negative	0.693005	0.306995
4YXB-D-A	Negative	0.857282	0.142718
4B7K-B-A	Negative	0.903509	0.0964907
4NGE-B-A	Negative	0.623495	0.376505
4NGE-E-D	Positive	0.398154	0.601846
4KTY-C-A	Positive	0.387142	0.612858
4ZFZ-C-A	Negative	0.479635	0.520365
4WNG-B-A	Negative	0.540766	0.459234
4ZFO-K-L	Positive	0.43947	0.56053
4ZFO-F-B	Positive	0.433441	0.566559
4OS1-B-A	Negative	0.751057	0.248943
4FTB-D-A	Negative	0.847467	0.152533
4FTB-E-A	Negative	0.669066	0.330934
4FTB-F-C	Negative	0.787801	0.212199
4NRX-P-H	Negative	0.583349	0.416651
4NRX-C-A	Negative	0.47883	0.52117
4JFO-C-A	Negative	0.897062	0.102938
4HAN-C-A	Negative	0.731087	0.268913
4RWD-H-A	Positive	0.374353	0.625647
4WFB-Z-K	Positive	0.307522	0.692478
4ZRK-E-A	Negative	0.739457	0.260543
4ZRK-G-C	Negative	0.696628	0.303372
4NUV-C-A	Negative	0.654763	0.345237
4QQI-X-A	Negative	0.806838	0.193162
4XOA-B-A	Negative	0.879579	0.120421
4XGZ-a-A	Negative	0.830869	0.169131
4XGZ-c-C	Negative	0.876122	0.123878
4XGZ-e-E	Negative	0.805643	0.194357
4XGZ-j-H	Negative	0.843892	0.156108
4XOD-B-A	Negative	0.916695	0.0833049
4OED-B-A	Negative	0.49232	0.50768
4X5W-C-A	Negative	0.894897	0.105103
4MDD-C-A	Negative	0.929188	0.0708118
4MDD-D-A	Negative	0.895124	0.104876
4X3S-D-A	Negative	0.613873	0.386127
4ERZ-E-A	Negative	0.817857	0.182143
4LGD-E-A	Negative	0.75403	0.24597
4LGD-F-A	Negative	0.630868	0.369132
4LGD-G-C	Negative	0.746293	0.253707
4LGD-H-C	Negative	0.669668	0.330332
4SGA-P-E	Positive	0.369911	0.630089
4ZTO-P-L	Negative	0.723593	0.276407
4ZTO-Q-M	Negative	0.723786	0.276214
4TUK-I-H	Negative	0.813257	0.186743
4Z89-a-A	Positive	0.0673954	0.932605
4Z89-e-A	Positive	0.269649	0.730351
4Z89-b-B	Positive	0.109956	0.890044
4Z89-f-B	Positive	0.366105	0.633895
4Z89-i-D	Positive	0.207183	0.792817
4Z0Z-E-A	Negative	0.579812	0.420188
4Z0Z-G-B	Positive	0.446077	0.553923
4Z0Z-H-D	Negative	0.548481	0.451519
4F73-C-A	Negative	0.70231	0.29769
4F73-D-A	Negative	0.480736	0.519264
4K3O-E-A	Negative	0.555887	0.444113
4PO6-B-A	Negative	0.524955	0.475045
4JDD-B-A	Negative	0.617495	0.382505
4WM8-D-A	Negative	0.749338	0.250662
4RFN-M-G	Negative	0.783099	0.216901
4UEB-B-A	Negative	0.830667	0.169333
4I7Z-D-A	Negative	0.903523	0.0964771
4I7Z-G-A	Negative	0.924513	0.0754872
4I7Z-E-C	Negative	0.940531	0.0594686
4WNL-F-C	Negative	0.519668	0.480332
4WNL-H-A	Negative	0.80813	0.19187
4A1X-C-A	Negative	0.929445	0.0705548
4A1X-D-B	Negative	0.950784	0.0492164
4Y8Q-c-K	Positive	0.366659	0.633341
4ZII-C-A	Negative	0.506679	0.493321
4J6S-E-A	Negative	0.681007	0.318993
4J6S-F-B	Negative	0.718268	0.281732
4UD7-F-A	Negative	0.45732	0.54268
4UD7-G-A	Negative	0.45732	0.54268
4UD7-H-C	Positive	0.405809	0.594191
4UD7-I-D	Positive	0.3884	0.6116
4PXM-C-A	Negative	0.73213	0.26787
4PXM-D-B	Negative	0.611234	0.388766
4EZZ-B-A	Negative	0.799154	0.200846
4FZ1-D-A	Positive	0.433763	0.566237
4Y3B-C-A	Positive	0.170861	0.829139
4Y3B-D-B	Positive	0.297476	0.702524
4DS1-B-A	Negative	0.758036	0.241964
4DS1-D-A	Negative	0.59721	0.40279
4NQX-M-A	Negative	0.736432	0.263568
4AOK-A-B	Negative	0.768789	0.231211
4AOK-D-B	Negative	0.822843	0.177157
4XH2-a-A	Negative	0.689525	0.310475
4XH2-c-C	Negative	0.813533	0.186467
4XH2-e-E	Negative	0.662731	0.337269
4LD3-B-A	Positive	0.20425	0.79575
4YZ6-B-A	Negative	0.487346	0.512654
4JO1-P-L	Positive	0.322028	0.677972
4PD1-C-A	Negative	0.531461	0.468539
4BB2-B-A	Negative	0.77316	0.22684
4PZ8-B-A	Negative	0.486302	0.513698
4A1S-C-A	Negative	0.70683	0.29317
4A1S-E-B	Negative	0.650186	0.349814
4Z0Y-E-A	Negative	0.509577	0.490423
4Z0Y-F-B	Negative	0.697318	0.302682
4Z0Y-H-B	Negative	0.492718	0.507282
4ZUH-C-A	Negative	0.822299	0.177701
4GAJ-P-H	Negative	0.639565	0.360435
4APO-E-A	Negative	0.475564	0.524436
4MQV-B-A	Negative	0.642428	0.357572
4LPZ-C-B	Negative	0.916199	0.0838007
4LPZ-D-B	Negative	0.88273	0.11727
4WVI-D-A	Negative	0.573229	0.426771
4IHG-I-A	Negative	0.912184	0.0878162
4IHG-L-D	Negative	0.762286	0.237714
4CQO-B-A	Negative	0.797479	0.202521
4CQO-D-A	Negative	0.832629	0.167371
4Z33-C-A	Positive	0.432813	0.567187
4Z33-D-B	Positive	0.428746	0.571254
4E35-C-A	Positive	0.421396	0.578604
4E35-D-B	Negative	0.492548	0.507452
4JL0-C-A	Negative	0.536913	0.463087
4JL0-D-B	Negative	0.752525	0.247475
4AU2-E-A	Positive	0.134186	0.865814
4AU2-F-A	Positive	0.134186	0.865814
4AU2-G-A	Positive	0.135916	0.864084
4AU2-J-B	Positive	0.129398	0.870602
4IS6-C-A	Negative	0.608588	0.391412
4OJK-C-A	Negative	0.84418	0.15582
4OJK-D-B	Negative	0.862325	0.137675
4MJ5-C-A	Negative	0.892366	0.107634
4XSS-B-E	Negative	0.88778	0.11222
4XSS-F-E	Negative	0.539675	0.460325
4XC2-E-A	Positive	0.379426	0.620574
4E9D-E-A	Positive	0.207967	0.792033
4TZL-C-A	Positive	0.3679	0.6321
4TZL-D-B	Positive	0.256762	0.743238
4AKT-C-A	Positive	0.326545	0.673455
4OS7-B-A	Negative	0.751057	0.248943
4C5E-E-A	Negative	0.827133	0.172867
4FWF-E-A	Positive	0.191465	0.808535
4UB8-I-A	Negative	0.881831	0.118169
4UB8-J-A	Negative	0.939819	0.0601809
4UB8-j-a	Negative	0.939819	0.0601809
4QVE-B-A	Negative	0.515083	0.484917
4XI7-C-A	Positive	0.435023	0.564977
4AIM-C-A	Positive	0.309648	0.690352
4JDK-B-A	Positive	0.28734	0.71266
4GOW-A-D	Negative	0.823992	0.176008
4WQP-P-A	Negative	0.887731	0.112269
4N0Y-A-H	Negative	0.584413	0.415587
4U6G-P-H	Negative	0.614711	0.385289
4BPI-B-A	Negative	0.95666	0.04334
4QRU-C-A	Negative	0.563324	0.436676
4LXL-D-A	Positive	0.225178	0.774822
4M1D-P-L	Negative	0.83034	0.16966
4XW6-B-A	Negative	0.5	0.5
4D6T-I-A	Negative	0.864457	0.135543
4P7I-C-A	Negative	0.921036	0.0789642
4P7I-D-B	Negative	0.790238	0.209762
4MXQ-B-C	Positive	0.352023	0.647977
4MVK-B-A	Negative	0.463569	0.536431
4CPA-I-A	Negative	0.548789	0.451211
4ODQ-B-A	Negative	0.492526	0.507474
4ZKO-P-U	Positive	0.381472	0.618528
4ZKO-Q-U	Negative	0.488584	0.511416
4RWF-B-A	Positive	0.2575	0.7425
4Z8A-B-A	Positive	0.281548	0.718452
4QUT-B-A	Negative	0.581059	0.418941
4XZ1-B-A	Negative	0.782958	0.217042
4NM0-B-A	Negative	0.911439	0.0885607
4M9S-E-A	Positive	0.366364	0.633636
4M9S-F-B	Positive	0.368064	0.631936
4M9S-H-D	Positive	0.355915	0.644085
4WYU-D-A	Negative	0.531419	0.468581
4BZI-F-A	Negative	0.733569	0.266431
4BZI-N-D	Negative	0.688905	0.311095
4CIM-P-A	Negative	0.822467	0.177533
4JK5-B-A	Negative	0.669033	0.330967
4XBE-P-L	Positive	0.416497	0.583503
4MP0-B-A	Negative	0.600805	0.399195
4MP0-D-C	Negative	0.669162	0.330838
4LLB-C-A	Positive	0.197387	0.802613
4F75-C-A	Positive	0.398526	0.601474
4F75-D-A	Negative	0.455308	0.544692
4WB7-I-A	Negative	0.540359	0.459641
4PBU-F-A	Negative	0.901285	0.0987155
4PBU-J-A	Negative	0.939819	0.0601809
4PBU-M-A	Negative	0.888344	0.111656
4PBU-t-B	Negative	0.923636	0.0763639
4PBU-f-a	Negative	0.903681	0.0963187
4PBU-j-a	Negative	0.953122	0.046878
4F56-C-A	Positive	0.130796	0.869204
4N7Z-B-A	Negative	0.9114	0.0885999
4JOP-C-A	Positive	0.261413	0.738587
4N8V-C-G	Negative	0.811031	0.188969
4FTG-C-A	Negative	0.775814	0.224186
4FTG-D-A	Negative	0.721702	0.278298
4FTG-E-A	Positive	0.372379	0.627621
4TMA-I-A	Negative	0.666294	0.333706
4TMA-L-G	Negative	0.639401	0.360599
4JLU-B-A	Negative	0.57019	0.42981
4FM6-C-B	Negative	0.541679	0.458321
4QMG-F-A	Negative	0.543135	0.456865
4QMG-G-B	Positive	0.377589	0.622411
4QMG-H-C	Negative	0.54827	0.45173
4QMG-I-D	Negative	0.532051	0.467949
4ZHL-P-U	Negative	0.776474	0.223526
4K74-C-A	Negative	0.709753	0.290247
4K74-D-B	Negative	0.824974	0.175026
4UX6-A-B	Negative	0.587489	0.412511
4U91-B-A	Negative	0.664557	0.335443
4U91-E-A	Negative	0.664557	0.335443
4IL6-F-A	Negative	0.901285	0.0987155
4IL6-J-A	Negative	0.936036	0.0639645
4IL6-T-A	Negative	0.897044	0.102956
4IL6-Y-C	Negative	0.957046	0.0429537
4IL6-f-a	Negative	0.903681	0.0963187
4IL6-j-a	Negative	0.936036	0.0639645
4IL6-y-c	Negative	0.957046	0.0429537
4MI8-C-A	Negative	0.863352	0.136648
4MI8-D-B	Negative	0.817003	0.182997
4YNL-D-B	Positive	0.180284	0.819716
4GUR-C-A	Positive	0.334862	0.665138
4CYD-F-A	Negative	0.782455	0.217545
4CYD-H-A	Negative	0.735974	0.264026
4U4A-D-A	Positive	0.326381	0.673619
4U4A-E-B	Negative	0.516159	0.483841
4RVY-l-a	Negative	0.847426	0.152574
4PRE-C-A	Negative	0.484386	0.515614
4AYA-B-A	Negative	0.886944	0.113056
4O51-M-L	Negative	0.845156	0.154844
4JMH-B-A	Positive	0.308603	0.691397
4UG3-D-C	Negative	0.853065	0.146935
4EP2-B-A	Negative	0.526479	0.473521
4Z88-M-A	Positive	0.164128	0.835872
4Z88-P-A	Positive	0.366779	0.633221
4Z88-N-B	Negative	0.621687	0.378313
4Z88-O-C	Positive	0.214402	0.785598
4Z88-Q-E	Positive	0.126823	0.873177
4Z88-R-F	Negative	0.469252	0.530748
4Z88-T-H	Positive	0.314104	0.685896
4Z88-W-H	Positive	0.134675	0.865325
4Z88-X-I	Positive	0.398025	0.601975
4J9F-B-A	Positive	0.392728	0.607272
4UZ3-C-A	Negative	0.87439	0.12561
4OGQ-G-A	Negative	0.926019	0.0739814
4OGQ-H-A	Negative	0.955054	0.0449463
4YYK-C-A	Positive	0.389004	0.610996
4TZM-D-B	Positive	0.320954	0.679046
4CC9-C-A	Positive	0.407777	0.592223
4WSI-X-A	Negative	0.707174	0.292826
4UF3-B-A	Negative	0.946331	0.053669
4XXC-B-A	Negative	0.658007	0.341993
4FDD-B-A	Positive	0.19267	0.80733
4F0Z-C-A	Negative	0.625698	0.374302
4QBS-P-A	Positive	0.281482	0.718518
4Z8J-B-A	Positive	0.417152	0.582848
4J7F-B-A	Positive	0.236038	0.763962
4JML-E-A	Positive	0.29003	0.70997
4MDI-C-A	Negative	0.852362	0.147638
4M9Y-C-A	Positive	0.450138	0.549862
4M9Y-D-B	Positive	0.398895	0.601105
4QH8-C-A	Positive	0.429424	0.570576
4QH8-D-A	Positive	0.264497	0.735503
4B1V-M-A	Negative	0.843779	0.156221
4DRW-E-A	Positive	0.25961	0.74039
4N3C-B-A	Positive	0.153349	0.846651
4DJS-B-A	Negative	0.645948	0.354052
4C5A-C-A	Negative	0.569063	0.430937
4B7Y-A-C	Negative	0.70552	0.29448
4B7Y-B-C	Negative	0.739378	0.260622
4FU4-C-A	Negative	0.516057	0.483943
4UU8-D-A	Negative	0.523984	0.476016
4WVS-B-A	Positive	0.378686	0.621314
4GFU-F-A	Negative	0.713516	0.286484
4GF3-B-A	Negative	0.717702	0.282298
4EJE-C-A	Negative	0.5391	0.4609
4GO6-A-B	Negative	0.64471	0.35529
4GO6-C-B	Negative	0.659436	0.340564
4Y3O-C-A	Positive	0.267509	0.732491
4K38-D-A	Positive	0.175599	0.824401
4K38-C-B	Positive	0.263568	0.736432
4H3B-B-A	Negative	0.812863	0.187137
4D69-P-A	Positive	0.327547	0.672453
4D69-R-B	Positive	0.367682	0.632318
4D69-U-E	Positive	0.31008	0.68992
4D69-X-E	Positive	0.32067	0.67933
4V1T-C-A	Negative	0.845567	0.154433
4V1T-D-A	Negative	0.761401	0.238599
4IGK-C-A	Negative	0.57447	0.42553
4IGK-D-B	Positive	0.366634	0.633366
4AK4-B-A	Negative	0.558544	0.441456
4AK4-D-A	Negative	0.655631	0.344369
4AK4-J-E	Negative	0.685272	0.314728
4MJT-J-A	Positive	0.275959	0.724041
4MJT-M-D	Positive	0.312795	0.687205
4WND-B-A	Negative	0.58347	0.41653
4XYN-P-A	Negative	0.635391	0.364609
4QEO-P-A	Positive	0.171757	0.828243
4XEV-C-A	Negative	0.745514	0.254486
4XEV-F-D	Negative	0.798968	0.201032
4U1E-B-I	Negative	0.766727	0.233273
4OKF-A-B	Positive	0.342507	0.657493
4K72-C-A	Positive	0.436612	0.563388
4K72-D-A	Negative	0.548014	0.451986
4MZJ-T-A	Positive	0.450736	0.549264
4O56-B-A	Positive	0.13561	0.86439
4FZ0-N-A	Positive	0.412822	0.587178
4FZ0-O-B	Positive	0.426335	0.573665
4F02-C-A	Negative	0.508766	0.491234
4X8N-B-A	Positive	0.39094	0.60906
4HRE-G-A	Negative	0.465675	0.534325
4PIS-B-A	Positive	0.359548	0.640452
4Z0F-C-A	Negative	0.45327	0.54673
4FJO-B-A	Positive	0.19207	0.80793
4FJO-D-C	Negative	0.706854	0.293146
4UQY-B-A	Negative	0.59071	0.40929
4G0D-W-A	Negative	0.567314	0.432686
4G0D-Y-A	Negative	0.60875	0.39125
4G0D-X-B	Negative	0.516057	0.483943
4NIQ-C-A	Positive	0.41973	0.58027
4NIQ-D-B	Positive	0.439942	0.560058
4C95-D-A	Negative	0.687819	0.312181
4S2T-A-P	Positive	0.295718	0.704282
4GQB-C-A	Positive	0.187354	0.812646
4IEA-P-A	Positive	0.285975	0.714025
4AAZ-B-A	Positive	0.317301	0.682699
4UBF-P-A	Positive	0.308001	0.691999
4MLI-B-A	Negative	0.875585	0.124415
4XBU-B-A	Positive	0.411519	0.588481
4JLQ-B-A	Negative	0.529547	0.470453
4L3O-E-A	Negative	0.548823	0.451177
4L3O-G-C	Negative	0.548823	0.451177
4NNY-C-A	Negative	0.5	0.5
4CW1-C-A	Positive	0.357874	0.642126
4RTY-B-A	Positive	0.227277	0.772723
4GXL-B-A	Negative	0.509434	0.490566
4FZD-C-A	Positive	0.352392	0.647608
4GNF-C-A	Positive	0.140854	0.859146
4QXU-K-L	Negative	0.609617	0.390383
4BD6-C-A	Negative	0.592291	0.407709
4WU7-C-A	Negative	0.518659	0.481341
4BJT-D-A	Negative	0.69215	0.30785
4HD8-F-A	Positive	0.322051	0.677949
4NR1-S-A	Negative	0.942003	0.0579973
4G42-C-A	Positive	0.359468	0.640532
4QC1-D-A	Positive	0.205376	0.794624
4QC1-E-B	Positive	0.204589	0.795411
4P6X-B-A	Negative	0.66765	0.33235
4X3G-C-A	Positive	0.275835	0.724165
4X3G-D-B	Positive	0.38796	0.61204
4HZL-E-H	Negative	0.835104	0.164896
4M6B-C-A	Negative	0.752792	0.247208
4YJE-B-A	Negative	0.910971	0.0890287
4RS9-B-A	Negative	0.531473	0.468527
4UI9-T-A	Negative	0.722115	0.277885
4UI9-U-A	Negative	0.639055	0.360945
4UI9-W-A	Negative	0.745151	0.254849
4UI9-G-J	Negative	0.748291	0.251709
4O1V-B-A	Positive	0.159259	0.840741
4Z77-C-A	Negative	0.848402	0.151598
4Z77-F-D	Negative	0.848402	0.151598
4NE9-D-B	Negative	0.736974	0.263026
4NMX-Z-B	Negative	0.834991	0.165009
4OYK-C-A	Negative	0.608237	0.391763
4OYK-D-B	Negative	0.490458	0.509542
4AYB-Q-A	Negative	0.653281	0.346719
4AYB-P-B	Negative	0.716034	0.283966
4OO6-B-A	Positive	0.299138	0.700862
4YYP-B-A	Negative	0.831711	0.168289
4F88-J-2	Negative	0.784807	0.215193
4UJ4-C-A	Negative	0.943317	0.0566829
4UJ4-F-D	Negative	0.935516	0.0644842
4UJ4-L-J	Negative	0.932516	0.0674836
4HYT-G-A	Negative	0.904803	0.0951968
4WPF-B-A	Negative	0.54453	0.45547
4J8O-B-A	Positive	0.13312	0.86688
4ZUS-C-A	Negative	0.748418	0.251582
4NAW-D-A	Negative	0.814159	0.185841
4NAW-H-E	Negative	0.813301	0.186699
4NU8-A-X	Negative	0.701084	0.298916
4ONG-P-H	Positive	0.440287	0.559713
4H4F-Q-A	Negative	0.60336	0.39664
4FE1-K-A	Negative	0.932054	0.0679464
4FE1-M-B	Negative	0.950312	0.0496878
4FE1-X-B	Negative	0.907999	0.0920014
4G9J-C-A	Negative	0.929136	0.0708635
4ORE-A-X	Negative	0.701084	0.298916
4Y8H-c-H	Negative	0.529894	0.470106
4JO6-Y-A	Negative	0.824208	0.175792
4RIS-P-H	Positive	0.420954	0.579046
4JFE-C-A	Negative	0.912521	0.0874785
4YV8-B-A	Positive	0.359494	0.640506
4N3Y-A-B	Negative	0.809675	0.190325
4GGN-D-A	Negative	0.763473	0.236527
4XGC-F-C	Negative	0.62234	0.37766
4GVD-C-A	Positive	0.347291	0.652709
4W5A-C-A	Positive	0.180058	0.819942
4W5A-D-B	Positive	0.240461	0.759539
4EJF-E-A	Negative	0.74125	0.25875
4EJF-F-A	Negative	0.789221	0.210779
4PGC-C-A	Negative	0.822781	0.177219
4BTB-C-A	Positive	0.296751	0.703249
4OBD-E-A	Positive	0.225341	0.774659
4EZN-C-A	Positive	0.30329	0.69671
4EZN-D-A	Positive	0.199698	0.800302
4XAI-P-A	Negative	0.794217	0.205783
4XAI-Q-B	Negative	0.748783	0.251217
4G5S-E-A	Negative	0.517543	0.482457
4G5S-G-A	Negative	0.562544	0.437456
4G5S-Z-D	Negative	0.668297	0.331703
4LFD-E-A	Positive	0.270281	0.729719
4V1U-C-A	Negative	0.704993	0.295007
4HUW-I-A	Positive	0.260805	0.739195
4D0T-Z-B	Positive	0.237077	0.762923
4D0T-P-C	Positive	0.167387	0.832613
4PL8-H-A	Negative	0.558099	0.441901
4DGB-B-A	Positive	0.325796	0.674204
4I4W-C-A	Negative	0.822947	0.177053
4IN9-B-A	Positive	0.370506	0.629494
4GWQ-H-B	Positive	0.230895	0.769105
4QQ4-C-A	Positive	0.180701	0.819299
4QQ4-D-B	Positive	0.180701	0.819299
4NMQ-C-A	Negative	0.455762	0.544238
4NR2-B-A	Negative	0.803761	0.196239
4NR2-D-C	Negative	0.800182	0.199818
4TJX-B-A	Positive	0.346632	0.653368
4GAG-P-H	Negative	0.568302	0.431698
4GNT-B-A	Negative	0.757805	0.242195
4H36-B-A	Negative	0.58192	0.41808
4JJQ-B-A	Positive	0.228318	0.771682
4EQ0-P-A	Negative	0.613896	0.386104
4EZH-C-A	Negative	0.544112	0.455888
4QFQ-B-A	Negative	0.851232	0.148768
4D2L-B-A	Negative	0.688461	0.311539
4LP9-I-A	Negative	0.462356	0.537644
4XYI-B-A	Negative	0.519069	0.480931
4NXR-B-A	Positive	0.366532	0.633468
4X8W-G-B	Negative	0.900015	0.0999846
4X8W-F-C	Negative	0.866469	0.133531
4OKW-B-A	Negative	0.540332	0.459668
4GKN-C-A	Negative	0.864477	0.135523
4CC2-B-A	Positive	0.146898	0.853102
4CC2-D-A	Positive	0.167016	0.832984
4X3I-B-A	Positive	0.277103	0.722897
4I7B-B-A	Negative	0.676366	0.323634
4J82-C-A	Positive	0.211433	0.788567
4XC3-P-L	Negative	0.488415	0.511585
4NMV-C-A	Positive	0.369399	0.630601
4UZY-B-A	Negative	0.630536	0.369464
4OZI-J-A	Positive	0.378075	0.621925
4B1W-M-B	Negative	0.661835	0.338165
4BH7-P-A	Positive	0.41787	0.58213
4PSX-C-A	Negative	0.530449	0.469551
4PSX-F-D	Negative	0.621806	0.378194
4D11-Z-A	Positive	0.24992	0.75008
4LOO-B-A	Negative	0.786507	0.213493
4GYW-B-A	Positive	0.417492	0.582508
4B6H-C-A	Positive	0.352427	0.647573
4B6H-D-B	Positive	0.408456	0.591544
4DCB-F-A	Negative	0.454718	0.545282
4DZV-B-A	Negative	0.784021	0.215979
4I21-C-A	Negative	0.538692	0.461308
4JHJ-C-A	Negative	0.800832	0.199168
4EZQ-B-A	Positive	0.230405	0.769595
4JOE-C-A	Positive	0.433349	0.566651
4JQV-B-A	Negative	0.547304	0.452696
4OFB-B-A	Positive	0.327878	0.672122
4IIM-C-A	Negative	0.644739	0.355261
4IIM-D-A	Negative	0.644739	0.355261
4IIM-E-B	Negative	0.678202	0.321798
4K45-B-A	Negative	0.662824	0.337176
4YL6-B-A	Negative	0.853722	0.146278
4RKU-J-A	Negative	0.922787	0.0772128
4YGM-D-B	Negative	0.813983	0.186017
4X3K-C-A	Positive	0.335168	0.664832
4J4Q-B-A	Negative	0.901599	0.098401
4NHC-P-L	Positive	0.344459	0.655541
4AY5-I-A	Positive	0.304994	0.695006
4PZ5-B-A	Negative	0.46455	0.53545
4FGX-B-A	Negative	0.547378	0.452622
4M9X-C-A	Negative	0.586774	0.413226
4M9X-D-B	Negative	0.511653	0.488347
4X8P-B-A	Positive	0.397378	0.602622
4ER4-I-E	Positive	0.339616	0.660384
4XAJ-Q-C	Negative	0.779067	0.220933
4J8S-B-A	Negative	0.5	0.5
4GYO-D-A	Positive	0.30356	0.69644
4XZR-A-B	Positive	0.118049	0.881951
4F20-Q-A	Positive	0.25785	0.74215
4F7T-C-A	Negative	0.834477	0.165523
4JQI-V-A	Positive	0.372479	0.627521
4KBB-D-B	Negative	0.704908	0.295092
4BXF-C-A	Positive	0.444826	0.555174
4BXF-D-B	Negative	0.458039	0.541961
4RKJ-A-B	Negative	0.648868	0.351132
4R3S-Q-A	Positive	0.389838	0.610162
4U6Y-P-A	Negative	0.871462	0.128538
4BPK-C-A	Negative	0.911024	0.0889758
4BPK-D-B	Negative	0.911024	0.0889758
4WNE-B-A	Negative	0.508682	0.491318
4WVJ-D-A	Positive	0.347857	0.652143
4LSJ-B-A	Negative	0.629708	0.370292
4IIO-C-B	Negative	0.696343	0.303657
4OBH-E-A	Positive	0.193992	0.806008
4OBH-F-C	Positive	0.193992	0.806008
4EEF-G-A	Negative	0.587059	0.412941
4EEF-H-C	Negative	0.541248	0.458752
4ZQW-A-B	Negative	0.526552	0.473448
4Q0A-D-C	Negative	0.570542	0.429458
4K3M-E-A	Positive	0.370996	0.629004
4N7G-B-A	Negative	0.85236	0.14764
4PK3-B-A	Positive	0.32372	0.67628
4UU5-B-A	Negative	0.817469	0.182531
4XXD-C-A	Negative	0.830765	0.169235
4XXD-F-D	Negative	0.749547	0.250453
4RHG-B-A	Positive	0.314691	0.685309
4CGQ-Q-A	Negative	0.462053	0.537947
4JAA-S-A	Negative	0.925729	0.0742712
4DPG-I-A	Negative	0.810117	0.189883
4DPG-L-E	Negative	0.810117	0.189883
4B4N-B-A	Negative	0.626204	0.373796
4YCW-C-A	Negative	0.55427	0.44573
4OLM-B-A	Negative	0.477324	0.522676
4OBJ-C-A	Positive	0.17574	0.82426
4UWQ-I-G	Negative	0.848366	0.151634
4OFR-B-A	Positive	0.367714	0.632286
4CG6-D-A	Negative	0.92977	0.0702296
4BWS-B-A	Negative	0.541632	0.458368
4K6Y-C-A	Positive	0.447075	0.552925
4K6Y-D-B	Negative	0.475914	0.524086
4L8D-E-A	Positive	0.44455	0.55545
4O3U-P-A	Negative	0.583615	0.416385
4MNW-B-A	Positive	0.258678	0.741322
4MZ6-A-E	Positive	0.213243	0.786757
4MZ6-C-E	Positive	0.0985483	0.901452
4NGH-P-L	Positive	0.39664	0.60336
4N3X-A-B	Negative	0.879592	0.120408
4N3X-C-B	Negative	0.879383	0.120617
4N39-B-A	Positive	0.178638	0.821362
4A62-C-A	Positive	0.299059	0.700941
4U2W-B-A	Positive	0.317532	0.682468
4X6Z-e-E	Positive	0.373172	0.626828
4G5Q-G-A	Negative	0.521722	0.478278
4G5Q-F-B	Negative	0.595994	0.404006
4WPH-D-A	Positive	0.0493265	0.950674
4QYO-Q-A	Positive	0.431203	0.568797
4K75-B-A	Positive	0.3436	0.6564
4E43-C-A	Positive	0.27082	0.72918
4FVL-C-A	Negative	0.568847	0.431153
4FVL-D-B	Negative	0.693409	0.306591
4S15-C-A	Negative	0.853369	0.146631
4G7Q-C-A	Negative	0.928671	0.0713288
4L8B-C-A	Negative	0.492772	0.507228
4DY7-A-B	Negative	0.625517	0.374483
4DY7-D-E	Negative	0.633551	0.366449
4C0B-C-A	Positive	0.36896	0.63104
4C0B-D-B	Positive	0.402967	0.597033
4YYH-Z-A	Positive	0.389315	0.610685
4BUZ-P-A	Negative	0.492706	0.507294
4XE5-G-A	Negative	0.901696	0.098304
4MD4-C-A	Negative	0.821008	0.178992
4RH5-B-A	Positive	0.345118	0.654882
4X34-C-A	Positive	0.39405	0.60595
4X34-D-B	Negative	0.520035	0.479965
4TN7-E-A	Negative	0.505618	0.494382
4LKM-B-A	Positive	0.349671	0.650329
4FI9-B-A	Negative	0.5	0.5
4Y8G-c-H	Positive	0.450944	0.549056
4FGT-D-A	Negative	0.543554	0.456446
4KT0-J-A	Negative	0.940718	0.0592815
4KT0-M-B	Negative	0.934596	0.0654039
4JO8-B-A	Negative	0.735012	0.264988
4R5I-B-A	Negative	0.488455	0.511545
4R3R-B-A	Negative	0.612695	0.387305
4FBW-C-A	Negative	0.459128	0.540872
4FBW-D-B	Negative	0.488864	0.511136
4XST-F-E	Negative	0.618786	0.381214
4Z7O-G-A	Negative	0.611332	0.388668
4UE1-F-A	Negative	0.460962	0.539038
4UE1-G-A	Negative	0.460962	0.539038
4BRU-B-A	Negative	0.746471	0.253529
4E3B-C-A	Positive	0.378527	0.621473
4E3B-D-B	Positive	0.284756	0.715244
4ZBJ-D-B	Negative	0.755245	0.244755
4C78-C-A	Negative	0.661435	0.338565
4NFT-F-C	Negative	0.748255	0.251745
4UED-B-A	Negative	0.604912	0.395088
4Y19-C-A	Positive	0.42156	0.57844
4UQ2-E-A	Negative	0.72017	0.27983
4OIL-B-A	Negative	0.676726	0.323274
4NO3-C-A	Negative	0.627986	0.372014
4HVW-B-A	Negative	0.739925	0.260075
4Z2O-P-A	Negative	0.834722	0.165278
4V4I-Z-R	Positive	0.313695	0.686305
4GFV-F-A	Positive	0.409619	0.590381
4GFV-E-B	Positive	0.375069	0.624931
4H25-C-A	Negative	0.563934	0.436066
4JO2-P-L	Positive	0.303177	0.696823
4LCD-C-A	Positive	0.269736	0.730264
4LCD-D-B	Negative	0.537791	0.462209
4WX8-F-C	Negative	0.803204	0.196796
4A1W-P-A	Negative	0.738451	0.261549
4A1W-Q-A	Negative	0.796929	0.203071
4OEZ-B-A	Negative	0.705132	0.294868
4HX1-C-A	Positive	0.434031	0.565969
4DOQ-B-A	Negative	0.5	0.5
4DOQ-D-C	Negative	0.5	0.5
4QJ7-F-A	Positive	0.276556	0.723444
4QJ7-G-A	Positive	0.189707	0.810293
4WF9-Z-K	Positive	0.297636	0.702364
4TR9-E-A	Negative	0.5938	0.4062
4TR9-G-B	Negative	0.653331	0.346669
4TR9-K-D	Positive	0.369293	0.630707
4HNJ-C-A	Negative	0.827485	0.172515
4CUG-E-A	Negative	0.556511	0.443489
4CUG-F-A	Positive	0.445869	0.554131
4H2S-C-A	Negative	0.928339	0.0716614
4YH1-C-A	Positive	0.2862	0.7138
4HTP-C-A	Negative	0.578418	0.421582
4HTP-E-B	Positive	0.362426	0.637574
4O3T-P-A	Negative	0.686448	0.313552
4EZO-C-A	Positive	0.211985	0.788015
4EZO-D-A	Positive	0.201375	0.798625
4MJ6-C-A	Negative	0.865513	0.134487
4QJR-B-A	Negative	0.750943	0.249057
4LX3-B-A	Negative	0.851232	0.148768
4JBN-C-A	Positive	0.323607	0.676393
4O2F-C-A	Negative	0.939672	0.0603282
4GKS-C-A	Negative	0.803734	0.196266
4JO7-H-E	Negative	0.903129	0.096871
4KG9-B-A	Positive	0.315269	0.684731
4TZO-B-A	Positive	0.396934	0.603066
4EZS-B-A	Positive	0.418362	0.581638
4JMF-A-B	Negative	0.887792	0.112208
4D07-B-A	Positive	0.124222	0.875778
4Y5I-F-A	Positive	0.170861	0.829139
4KV4-B-A	Positive	0.387399	0.612601
4GOE-B-A	Negative	0.917157	0.0828426
4YSI-B-A	Positive	0.215016	0.784984
4AA2-P-A	Positive	0.243042	0.756958
4U6X-P-A	Positive	0.442365	0.557635
4X1N-P-U	Negative	0.800338	0.199662
4G2V-B-A	Negative	0.691512	0.308488
4ZGM-B-A	Negative	0.787424	0.212576
4PSI-D-A	Negative	0.805393	0.194607
4ICG-B-C	Negative	0.811846	0.188154
4U39-J-A	Negative	0.754362	0.245638
4U39-K-B	Negative	0.789702	0.210298
4U39-M-B	Negative	0.833793	0.166207
4U39-L-C	Negative	0.772101	0.227899
4U39-P-C	Negative	0.83573	0.16427
4U39-N-E	Negative	0.798767	0.201233
4U39-O-F	Negative	0.756328	0.243672
4U39-Q-H	Negative	0.757169	0.242831
4U39-R-I	Negative	0.86749	0.13251
4HGC-I-A	Negative	0.5	0.5
4ZJ7-B-A	Positive	0.237359	0.762641
4UJ3-X-V	Negative	0.920253	0.0797471
4X5K-B-A	Positive	0.431712	0.568288
4UI7-D-A	Negative	0.848463	0.151537
4W8P-B-A	Negative	0.748558	0.251442
4NXQ-D-A	Positive	0.367681	0.632319
4NXQ-F-A	Positive	0.368103	0.631897
4CFH-C-A	Negative	0.684232	0.315768
4L0N-J-A	Negative	0.822072	0.177928
4PXF-B-A	Negative	0.822132	0.177868
4CFQ-Q-A	Negative	0.661568	0.338432
4CFQ-R-C	Negative	0.767784	0.232216
4ODM-E-A	Negative	0.560532	0.439468
4ODM-F-A	Negative	0.452592	0.547408
4ODM-G-A	Negative	0.5	0.5
4ODM-M-A	Positive	0.423632	0.576368
4ODM-K-B	Negative	0.757241	0.242759
4ODM-I-C	Negative	0.697828	0.302172
4ODM-J-C	Positive	0.37052	0.62948
4ODM-L-C	Negative	0.469308	0.530692
4EZU-B-A	Negative	0.487838	0.512162
4IGA-B-A	Negative	0.916579	0.083421
4OBF-E-A	Positive	0.17574	0.82426
4OBF-F-B	Positive	0.279502	0.720498
4MD0-C-A	Negative	0.911324	0.0886759
4J24-I-A	Negative	0.47838	0.52162
4J24-J-B	Negative	0.522392	0.477608
4J24-L-D	Negative	0.73235	0.26765
4YDV-P-L	Negative	0.535468	0.464532
4L3C-m-A	Negative	0.813439	0.186561
4L3C-i-C	Negative	0.813439	0.186561
4PKY-C-A	Negative	0.837681	0.162319
4PKY-F-B	Negative	0.843193	0.156807
4PKY-E-D	Negative	0.816701	0.183299
4ERQ-D-A	Positive	0.348506	0.651494
4QE8-C-A	Negative	0.631837	0.368163
4AXG-C-A	Negative	0.766854	0.233146
4AXG-D-B	Positive	0.423698	0.576302
4E9C-B-A	Positive	0.260201	0.739799
4W4Z-E-A	Positive	0.432753	0.567247
4W4Z-H-D	Positive	0.432753	0.567247
4ZEQ-B-A	Negative	0.599885	0.400115
4OMC-H-A	Positive	0.35364	0.64636
4RU2-B-A	Positive	0.390809	0.609191
4RU2-H-A	Negative	0.575356	0.424644
4RU2-F-E	Positive	0.374616	0.625384
4RU2-P-O	Negative	0.600283	0.399717
4TKN-D-A	Negative	0.717224	0.282776
4TKN-E-A	Negative	0.809071	0.190929
4XK8-J-A	Negative	0.951906	0.0480942
4XK8-K-A	Negative	0.947804	0.0521957
4XK8-j-a	Negative	0.951906	0.0480942
4XK8-k-a	Negative	0.947235	0.0527654
4CVX-C-A	Negative	0.552673	0.447327
4PGE-C-A	Negative	0.804061	0.195939
4HKC-B-A	Positive	0.348811	0.651189
4J8R-I-A	Positive	0.217889	0.782111
4J8R-J-C	Positive	0.244787	0.755213
4FIF-C-A	Positive	0.227304	0.772696
4CQK-C-A	Positive	0.317301	0.682699
4RIQ-A-D	Negative	0.832969	0.167031
4RIQ-C-D	Negative	0.950092	0.0499082
4RIQ-E-D	Negative	0.870178	0.129822
4RIQ-S-D	Negative	0.849116	0.150884
4RIQ-U-D	Negative	0.939522	0.0604783
4RIQ-V-H	Negative	0.837896	0.162104
4RIQ-X-H	Negative	0.950092	0.0499082
4BH6-N-E	Negative	0.752612	0.247388
4BH6-M-F	Negative	0.737803	0.262197
4BVG-B-A	Positive	0.221484	0.778516
4ZW2-B-A	Negative	0.702887	0.297113
4B9W-P-A	Negative	0.757232	0.242768
4HDQ-C-A	Positive	0.368126	0.631874
4ZUU-C-A	Negative	0.692312	0.307688
4QUH-D-A	Positive	0.386055	0.613945
4QUM-B-A	Negative	0.728704	0.271296
4P2R-C-A	Negative	0.852115	0.147885
4FLG-C-B	Negative	0.480225	0.519775
4FLG-E-B	Negative	0.533005	0.466995
4FLG-F-B	Negative	0.454212	0.545788
4E06-I-H	Negative	0.718107	0.281893
4MCZ-C-A	Negative	0.846978	0.153022
4XMK-P-L	Negative	0.815335	0.184665
4PBY-C-A	Positive	0.167826	0.832174
4PBY-D-B	Positive	0.153567	0.846433
4WJ7-W-A	Negative	0.748209	0.251791
4WJ7-X-A	Negative	0.862421	0.137579
4WVD-C-A	Negative	0.86542	0.13458
4WVD-D-B	Negative	0.84951	0.15049
4H3P-B-A	Negative	0.732532	0.267468
4H3P-E-D	Negative	0.612985	0.387015
4PV8-E-A	Negative	0.741635	0.258365
4UMN-C-A	Positive	0.413516	0.586484
4HIX-A-H	Positive	0.376408	0.623592
4UFD-I-H	Positive	0.394815	0.605185
4U3F-I-A	Negative	0.696813	0.303187
4U3F-V-N	Negative	0.696813	0.303187
4WZ9-M-A	Negative	0.627547	0.372453
4WZ9-N-B	Negative	0.455496	0.544504
4J45-B-A	Negative	0.536625	0.463375
4MN8-C-A	Negative	0.740012	0.259988
4ODN-B-A	Negative	0.891378	0.108622
4HDA-F-A	Positive	0.328213	0.671787
4DFW-D-A	Positive	0.36963	0.63037
4U7Y-B-A	Negative	0.579295	0.420705
4LEB-B-A	Positive	0.273255	0.726745
4CDR-E-A	Negative	0.659098	0.340902
4CDR-G-C	Negative	0.659098	0.340902
4YV4-A-B	Negative	0.791896	0.208104
4YV4-F-C	Negative	0.752484	0.247516
4Z7W-J-A	Positive	0.136546	0.863454
4V0X-B-A	Negative	0.552137	0.447863
4YOO-X-A	Negative	0.915711	0.0842887
4UF6-C-A	Negative	0.819075	0.180925
4UF6-I-A	Negative	0.828299	0.171701
4EZX-C-A	Negative	0.490045	0.509955
4EZX-D-B	Negative	0.490045	0.509955
4WFD-C-A	Negative	0.761432	0.238568
4WFD-F-D	Negative	0.475706	0.524294
4J83-B-A	Positive	0.145511	0.854489
4WJ5-C-A	Negative	0.792605	0.207395
4U1H-C-A	Negative	0.468063	0.531937
4A1U-B-A	Negative	0.877222	0.122778
4TSF-I-A	Negative	0.715549	0.284451
4TSF-H-E	Negative	0.517032	0.482968
4XXB-B-A	Positive	0.438564	0.561436
4I7D-B-A	Negative	0.724532	0.275468
4BQK-D-A	Positive	0.135594	0.864406
4BQK-C-B	Positive	0.114007	0.885993
4W4U-G-D	Negative	0.685967	0.314033
4HKD-A-B	Negative	0.746227	0.253773
4K39-C-A	Negative	0.529766	0.470234
4OAJ-B-A	Positive	0.365009	0.634991
4KV1-C-A	Negative	0.460783	0.539217
4BWB-C-A	Positive	0.33791	0.66209
4BWB-D-B	Positive	0.390183	0.609817
4A1G-E-A	Negative	0.62298	0.37702
4A1G-F-A	Negative	0.690468	0.309532
4A1G-H-A	Negative	0.617683	0.382317
4DJC-B-A	Negative	0.494094	0.505906
4BJ3-C-A	Positive	0.253063	0.746937
4G6F-P-H	Negative	0.77391	0.22609
4G6F-F-B	Negative	0.829649	0.170351
4NY3-C-A	Positive	0.36804	0.63196
4J73-B-A	Negative	0.525115	0.474885
4CFR-Q-A	Negative	0.802681	0.197319
4BJS-D-A	Negative	0.86361	0.13639
4JWE-C-A	Positive	0.121979	0.878021
4JWE-D-A	Positive	0.11555	0.88445
4WU5-C-A	Negative	0.521495	0.478505
4O36-A-B	Negative	0.600525	0.399475
4AID-F-A	Positive	0.349417	0.650583
4AID-H-C	Positive	0.371829	0.628171
4DX9-D-A	Negative	0.455013	0.544987
4DX9-B-A	Negative	0.611998	0.388002
4DX9-9-0	Negative	0.710889	0.289111
4DX9-l-k	Negative	0.58611	0.41389
4DX9-x-1	Negative	0.458105	0.541895
4DX9-q-1	Negative	0.895812	0.104188
4DX9-r-2	Positive	0.344596	0.655404
4DX9-8-3	Negative	0.628207	0.371793
4DX9-p-o	Negative	0.511858	0.488142
4DX9-t-s	Positive	0.397104	0.602896
4DX9-v-u	Negative	0.81983	0.18017
4DX9-j-g	Positive	0.366747	0.633253
4DX9-w-i	Negative	0.862658	0.137342
4DX9-X-Q	Negative	0.57324	0.42676
4DX9-z-y	Negative	0.622085	0.377915
4Z7Q-G-A	Negative	0.611332	0.388668
4OU3-B-A	Positive	0.275488	0.724512
4L1U-H-A	Positive	0.197832	0.802168
4L1U-G-B	Positive	0.339466	0.660534
4L1U-I-E	Positive	0.436441	0.563559
4L1U-J-F	Positive	0.270166	0.729834
4PPP-C-A	Negative	0.661713	0.338287
4CAA-B-A	Negative	0.624867	0.375133
4H2U-C-A	Negative	0.903727	0.0962728
4C7N-A-B	Negative	0.748281	0.251719
4GGD-C-A	Negative	0.467541	0.532459
4GGD-D-A	Positive	0.447204	0.552796
4ZUW-C-A	Positive	0.2863	0.7137
4QA7-B-A	Positive	0.32584	0.67416
4J47-B-A	Negative	0.556582	0.443418
4K3P-E-A	Negative	0.771231	0.228769
4XIF-E-A	Positive	0.369482	0.630518
4XIF-H-D	Positive	0.369482	0.630518
4GQ6-B-A	Positive	0.383929	0.616071
4X2H-C-A	Negative	0.481837	0.518163
4WJQ-B-A	Negative	0.690252	0.309748
4R32-C-A	Negative	0.8444	0.1556
4TWT-E-A	Negative	0.8178	0.1822
4TWT-F-C	Negative	0.8178	0.1822
4J09-B-A	Negative	0.735267	0.264733
4TRZ-D-A	Positive	0.425495	0.574505
4C5Q-C-A	Negative	0.764716	0.235284
4C5Q-G-E	Negative	0.784142	0.215858
4QX8-F-C	Negative	0.456387	0.543613
4ZTD-E-A	Negative	0.901782	0.0982182
4ZTD-F-C	Negative	0.539256	0.460744
4Y1A-C-A	Negative	0.579462	0.420538
4BRW-B-A	Negative	0.736543	0.263457
4I5B-C-A	Negative	0.689788	0.310212
4I5B-F-D	Negative	0.734195	0.265805
4EQJ-G-A	Positive	0.379823	0.620177
4EWR-C-A	Positive	0.296862	0.703138
4F1Z-Q-A	Positive	0.274316	0.725684
4IMJ-F-D	Positive	0.219051	0.780949
4OKT-B-A	Positive	0.443765	0.556235
4DAT-B-A	Positive	0.449856	0.550144
4QC3-C-A	Negative	0.553501	0.446499
4RAL-D-A	Positive	0.219081	0.780919
4RAL-E-B	Positive	0.184232	0.815768
4XPN-B-A	Negative	0.887715	0.112285
4XPN-D-C	Negative	0.782376	0.217624
4ABJ-B-A	Positive	0.373498	0.626502
4HPY-P-H	Negative	0.5	0.5
4FAS-D-A	Negative	0.846694	0.153306
4TXR-B-A	Negative	0.566099	0.433901
4TXR-C-A	Negative	0.759098	0.240902
4B7E-B-A	Negative	0.934576	0.0654237
4DXR-B-A	Negative	0.704383	0.295617
4B8O-B-A	Positive	0.106983	0.893017
4MIT-E-A	Negative	0.800263	0.199737
4MIT-F-A	Negative	0.85542	0.14458
4MIT-H-A	Negative	0.830069	0.169931
4MIT-G-B	Negative	0.812912	0.187088
4FVD-C-A	Negative	0.48733	0.51267
4CZS-E-A	Positive	0.368132	0.631868
4EZP-C-A	Positive	0.23673	0.76327
4EZP-D-A	Positive	0.107486	0.892514
4D0D-C-A	Negative	0.772202	0.227798
4JQX-B-A	Negative	0.518298	0.481702
4F76-C-A	Positive	0.37893	0.62107
4F76-D-A	Positive	0.320625	0.679375
4WSF-B-A	Negative	0.65882	0.34118
4P2Q-C-A	Negative	0.647405	0.352595
4P2Q-M-K	Negative	0.643604	0.356396
4JHK-C-A	Negative	0.540246	0.459754
4EQY-X-G	Positive	0.353295	0.646705
4YIG-B-A	Negative	0.842797	0.157203
4HR6-A-B	Negative	0.854877	0.145123
4ICZ-F-A	Positive	0.418579	0.581421
4RXH-C-B	Positive	0.195208	0.804792
4CH2-A-B	Negative	0.640661	0.359339
4CH2-P-B	Positive	0.390309	0.609691
4CH2-Q-D	Positive	0.432638	0.567362
4Y7R-B-A	Negative	0.655955	0.344045
4DAU-B-A	Negative	0.646316	0.353684
4P5H-1-A	Negative	0.743015	0.256985
4JXT-B-A	Positive	0.220965	0.779035
4FMO-C-A	Positive	0.339555	0.660445
4YIA-B-A	Negative	0.784114	0.215886
4L6V-M-B	Negative	0.945123	0.054877
4ZOX-B-A	Positive	0.226742	0.773258
4YL8-B-A	Negative	0.588128	0.411872
4Y8I-c-H	Positive	0.428842	0.571158
4JYH-G-A	Positive	0.412565	0.587435
4XI9-E-A	Negative	0.582261	0.417739
4S0G-B-A	Negative	0.474843	0.525157
4FGA-P-A	Positive	0.368455	0.631545
4AUO-C-A	Positive	0.319751	0.680249
4AUO-D-A	Positive	0.330386	0.669614
4AUO-E-A	Positive	0.347049	0.652951
4D0B-C-A	Positive	0.383014	0.616986
4MOY-B-A	Negative	0.641772	0.358228
4X8K-B-A	Negative	0.693743	0.306257
4J2C-B-A	Negative	0.888183	0.111817
4D49-C-A	Positive	0.325433	0.674567
4D49-D-A	Positive	0.325433	0.674567
4UX9-F-A	Negative	0.473316	0.526684
4UX9-G-B	Negative	0.631046	0.368954
4UX9-H-C	Positive	0.355775	0.644225
4UX9-I-D	Positive	0.197628	0.802372
4BEA-B-A	Positive	0.361373	0.638627
4GLR-A-H	Negative	0.748483	0.251517
4GVU-B-A	Positive	0.408187	0.591813
4WVH-C-A	Positive	0.38403	0.61597
4ASU-I-G	Negative	0.858733	0.141267
4GBA-F-A	Negative	0.762477	0.237523
4P1W-G-C	Positive	0.412229	0.587771
4UF1-B-A	Negative	0.765017	0.234983
4BL0-B-A	Negative	0.844729	0.155271
4BL0-C-A	Negative	0.542798	0.457202
4BL0-E-A	Negative	0.856435	0.143565
4BL0-F-D	Negative	0.541484	0.458516
4NND-F-A	Positive	0.270902	0.729098
4NND-E-D	Positive	0.263938	0.736062
4DC2-Z-A	Negative	0.603787	0.396213
4H0H-D-B	Positive	0.386577	0.613423
4XKL-B-A	Negative	0.725068	0.274932
4XKL-D-A	Negative	0.706123	0.293877
4Z78-C-A	Negative	0.845685	0.154315
4JFD-C-A	Negative	0.939931	0.060069
4WV6-B-A	Positive	0.238191	0.761809
4WV6-C-A	Positive	0.316749	0.683251
4O37-A-B	Positive	0.435789	0.564211
4JIF-B-A	Negative	0.741396	0.258604
4EQF-B-A	Negative	0.484453	0.515547
4Z09-C-A	Negative	0.594669	0.405331
4HT6-B-A	Positive	0.350442	0.649558
4JDI-B-A	Positive	0.285568	0.714432
4DNC-D-A	Negative	0.543613	0.456387
4DNC-E-A	Negative	0.606828	0.393172
4A1T-D-B	Negative	0.894226	0.105774
4WYB-B-A	Negative	0.709483	0.290517
4WYB-D-A	Negative	0.703029	0.296971
4WYB-J-A	Negative	0.658154	0.341846
4WYB-P-A	Negative	0.727257	0.272743
4GXB-B-A	Negative	0.6883	0.3117
4F14-B-A	Positive	0.171787	0.828213
4G43-C-A	Positive	0.369051	0.630949
4Z80-C-A	Negative	0.770451	0.229549
4Z80-D-B	Negative	0.741081	0.258919
4C2F-C-A	Negative	0.55681	0.44319
4AUI-D-A	Negative	0.516297	0.483703
4PV9-E-A	Negative	0.854892	0.145108
4WJP-B-A	Negative	0.767403	0.232597
4GHU-B-A	Positive	0.0925319	0.907468
4BU1-C-A	Negative	0.849306	0.150694
4BU1-D-A	Negative	0.849306	0.150694
4Z9V-C-A	Negative	0.94048	0.0595202
4Z9V-E-A	Negative	0.943645	0.0563554
4Z9V-F-A	Negative	0.925321	0.0746785
4Z9V-H-A	Negative	0.943645	0.0563554
4Z9V-D-B	Negative	0.945181	0.0548194
4UY8-7-E	Negative	0.764678	0.235322
4MYZ-A-B	Negative	0.857572	0.142428
4RJF-B-A	Positive	0.238503	0.761497
4RJF-F-A	Positive	0.325886	0.674114
4MNQ-C-A	Negative	0.782973	0.217027
4QYD-B-A	Negative	0.51664	0.48336
4FII-B-A	Positive	0.337079	0.662921
4RV0-H-A	Negative	0.851688	0.148312
4LZX-B-A	Negative	0.836959	0.163041
4IKN-B-A	Positive	0.395477	0.604523
4IFI-B-A	Positive	0.353758	0.646242
4IMI-F-D	Positive	0.225686	0.774314
4ZQ0-E-A	Negative	0.511829	0.488171
4G5O-H-D	Negative	0.537454	0.462546
4ZU6-B-X	Positive	0.378999	0.621001
4ZJX-B-A	Positive	0.434672	0.565328
4CH9-C-A	Positive	0.237969	0.762031
4BU0-B-A	Negative	0.9378	0.0622001
4BU0-C-A	Negative	0.789943	0.210057
4TQ0-B-A	Negative	0.74923	0.25077
4TQ0-D-C	Negative	0.684711	0.315289
4PKC-C-A	Negative	0.71437	0.28563
4AOR-D-A	Negative	0.678852	0.321148
4YYG-B-A	Positive	0.365	0.635
4CAY-C-A	Negative	0.690981	0.309019
4Y49-E-B	Positive	0.354832	0.645168
4C31-A-B	Negative	0.797804	0.202196
4C31-C-B	Negative	0.757669	0.242331
4C31-F-B	Negative	0.780169	0.219831
4C31-X-B	Negative	0.610285	0.389715
4C31-Y-E	Negative	0.514792	0.485208
4UE9-B-A	Negative	0.801445	0.198555
4OKX-B-A	Positive	0.367528	0.632472
4CHG-G-A	Negative	0.821493	0.178507
4CHG-J-A	Negative	0.739072	0.260928
4FZ3-B-A	Positive	0.322051	0.677949
4OGA-B-E	Negative	0.936438	0.0635622
4OGA-F-E	Negative	0.74351	0.25649
4O2C-C-A	Negative	0.926842	0.0731577
4EZY-B-A	Negative	0.656947	0.343053
4B3B-C-A	Positive	0.374257	0.625743
4QUE-E-A	Positive	0.451535	0.548465
4I2Z-B-A	Negative	0.55367	0.44633
4TUJ-E-A	Positive	0.390268	0.609732
4TUJ-F-C	Positive	0.316306	0.683694
4Z0R-D-B	Positive	0.176107	0.823893
4TZN-C-A	Negative	0.536428	0.463572
4DT7-E-B	Positive	0.264914	0.735086
4DT7-F-D	Positive	0.365485	0.634515
4Q5J-E-A	Negative	0.904158	0.0958421
4EST-I-E	Positive	0.450944	0.549056
4FL5-P-A	Positive	0.17441	0.82559
4FL5-Q-B	Positive	0.35135	0.64865
4QVF-B-A	Negative	0.890595	0.109405
4RE1-D-A	Negative	0.788343	0.211657
4RE1-C-B	Negative	0.796607	0.203393
4BOH-M-H	Positive	0.40203	0.59797
4NUF-P-A	Negative	0.963389	0.036611
4PO7-N-A	Negative	0.814487	0.185513
4Z10-G-A	Negative	0.514261	0.485739
4Z10-I-A	Positive	0.221561	0.778439
4Z10-H-B	Negative	0.486775	0.513225
4OHA-B-A	Negative	0.610503	0.389497
4X2V-E-A	Negative	0.479455	0.520545
4X1V-B-A	Positive	0.282111	0.717889
4UQ3-E-A	Negative	0.564207	0.435793
4O2E-C-A	Negative	0.926842	0.0731577
4G1C-D-A	Negative	0.581915	0.418085
4AU3-E-A	Positive	0.147773	0.852227
4AU3-F-A	Positive	0.148328	0.851672
4AU3-G-A	Positive	0.135723	0.864277
4AU3-H-C	Positive	0.141903	0.858097
4AU3-I-C	Positive	0.140141	0.859859
4MN3-B-A	Positive	0.425094	0.574906
4DNN-A-B	Negative	0.713254	0.286746
4WPB-C-A	Negative	0.829562	0.170438
4YJ4-B-A	Negative	0.921389	0.0786113
4B0F-C-A	Negative	0.702229	0.297771
4NM7-C-A	Positive	0.278637	0.721363
4XEK-C-A	Negative	0.768952	0.231048
4AWB-I-A	Negative	0.456448	0.543552
4XGR-B-A	Negative	0.887817	0.112183
4XGR-D-A	Negative	0.85912	0.14088
4XGR-H-G	Negative	0.897209	0.102791
4XGR-F-G	Negative	0.819507	0.180493
4QWN-F-C	Negative	0.492469	0.507531
4WJW-P-B	Negative	0.475346	0.524654
4J26-I-A	Negative	0.5	0.5
4J26-J-B	Negative	0.784578	0.215422
4KTU-B-A	Positive	0.262897	0.737103
4CO6-D-A	Negative	0.724619	0.275381
4CO6-E-A	Negative	0.67896	0.32104
4CO6-F-B	Negative	0.731864	0.268136
4NJC-C-A	Negative	0.871962	0.128038
4NJC-F-A	Negative	0.866104	0.133896
4NJC-G-A	Negative	0.894338	0.105662
4OV5-C-A	Negative	0.822913	0.177087
4OV5-I-G	Negative	0.810466	0.189534
4LKF-C-A	Positive	0.379659	0.620341
4GNG-B-A	Positive	0.203892	0.796108
4IKA-D-A	Negative	0.633944	0.366056
4DAY-C-A	Negative	0.875501	0.124499
4QMF-C-D	Negative	0.65642	0.34358
4CY5-C-A	Negative	0.625727	0.374273
4CY5-D-A	Negative	0.82339	0.17661
4Z0D-C-A	Negative	0.458773	0.541227
4L5N-D-A	Negative	0.87086	0.12914
4L5N-E-B	Negative	0.862656	0.137344
4HY9-C-A	Positive	0.284974	0.715026
4HY9-D-A	Positive	0.284974	0.715026
4BG6-Q-A	Positive	0.269798	0.730202
4ROJ-D-A	Negative	0.541269	0.458731
4ROJ-E-B	Negative	0.541269	0.458731
4ROJ-F-C	Positive	0.366925	0.633075
4J2L-C-A	Negative	0.937067	0.0629326
4PYW-B-A	Positive	0.426471	0.573529
4LK9-B-A	Positive	0.139716	0.860284
4J77-C-A	Positive	0.298458	0.701542
4J77-D-B	Positive	0.262464	0.737536
4MZF-A-B	Positive	0.246051	0.753949
4AA1-P-A	Positive	0.433577	0.566423
4WK4-C-A	Negative	0.701903	0.298097
4O46-G-A	Positive	0.320123	0.679877
4MBE-B-A	Negative	0.759203	0.240797
4MBE-G-A	Negative	0.741211	0.258789
4MBE-X-C	Positive	0.340364	0.659636
4MBE-Y-E	Positive	0.437035	0.562965
4C5H-B-A	Negative	0.725986	0.274014
4QRT-C-A	Negative	0.721332	0.278668
4R3L-B-A	Positive	0.22201	0.77799
4RKO-A-B	Negative	0.616507	0.383493
4KEL-B-A	Negative	0.5	0.5
4RKH-C-E	Positive	0.310007	0.689993
4RKH-F-E	Positive	0.264574	0.735426
4AY6-E-A	Positive	0.354557	0.645443
4X2O-C-A	Negative	0.739987	0.260013
4LKX-R-A	Positive	0.336237	0.663763
4A1V-C-A	Negative	0.93251	0.0674897
4A1V-D-B	Negative	0.882704	0.117296
4BH8-P-A	Negative	0.580529	0.419471
4R7A-A-B	Positive	0.0759096	0.92409
4NO5-C-A	Negative	0.529189	0.470811
4J7B-C-B	Negative	0.842858	0.157142
4B1X-M-B	Negative	0.524251	0.475749
4QUF-U-F	Positive	0.219787	0.780213
4GW5-E-A	Negative	0.637476	0.362524
4JWD-D-A	Positive	0.275305	0.724695
4QJ6-F-B	Positive	0.231511	0.768489
4UQT-B-A	Negative	0.596597	0.403403
4ZUV-C-A	Negative	0.565652	0.434348
4Q1L-D-A	Positive	0.341382	0.658618
4L9P-C-A	Negative	0.542117	0.457883
4IG9-B-A	Negative	0.842861	0.157139
4IG9-D-A	Negative	0.88983	0.11017
4IG9-F-C	Negative	0.837503	0.162497
4IG9-H-G	Negative	0.904123	0.0958772
4FXE-C-A	Negative	0.902845	0.0971551
4K3R-E-A	Negative	0.602283	0.397717
4QLI-B-A	Negative	0.490776	0.509224
4M92-B-A	Negative	0.574045	0.425955
4C3P-B-A	Positive	0.444368	0.555632
4C3P-E-A	Negative	0.565053	0.434947
4WCE-Z-K	Positive	0.345996	0.654004
4FMQ-B-A	Positive	0.397751	0.602249
4ERY-D-A	Positive	0.283088	0.716912
4OD7-D-A	Positive	0.193914	0.806086
4RAV-E-B	Negative	0.766945	0.233055
4Z7U-J-A	Positive	0.188926	0.811074
4X0N-B-A	Negative	0.690092	0.309908
4P1N-C-A	Negative	0.69181	0.30819
4Z7I-C-A	Positive	0.309636	0.690364
4Z7I-D-B	Positive	0.340432	0.659568
4LNR-C-A	Positive	0.343861	0.656139
4WXA-F-C	Negative	0.808137	0.191863
4U90-D-A	Negative	0.623531	0.376469
4WYM-N-A	Negative	0.53376	0.46624
4WYM-S-G	Negative	0.520534	0.479466
4CY1-D-A	Negative	0.717363	0.282637
4CY1-C-B	Negative	0.717363	0.282637
4XCF-P-L	Positive	0.36218	0.63782
4P3D-M-H	Positive	0.383068	0.616932
4AOM-T-A	Negative	0.596759	0.403241
4RXZ-D-A	Negative	0.5	0.5
4PYU-C-A	Negative	0.793155	0.206845
4AZA-B-A	Negative	0.558427	0.441573
4QXT-Q-A	Positive	0.289403	0.710597
4WJV-K-A	Negative	0.577385	0.422615
4WJV-L-B	Negative	0.616355	0.383645
4OWF-G-A	Negative	0.70286	0.29714
4E0R-C-A	Positive	0.364606	0.635394
4AOQ-D-A	Negative	0.668538	0.331462
4AOQ-E-A	Negative	0.633738	0.366262
4C2W-D-A	Negative	0.732364	0.267636
4QH7-C-A	Positive	0.22558	0.77442
4QH7-D-A	Positive	0.410172	0.589828
4QH7-G-E	Positive	0.239985	0.760015
4QH7-H-E	Positive	0.388639	0.611361
4KA3-B-A	Negative	0.71768	0.28232
4GUT-B-A	Negative	0.530507	0.469493
4YJL-G-A	Negative	0.469807	0.530193
4H6S-A-B	Negative	0.754776	0.245224
4FVT-B-A	Positive	0.391608	0.608392
4DXS-B-A	Negative	0.540414	0.459586
4J44-B-A	Negative	0.683283	0.316717
4CU4-B-A	Negative	0.713113	0.286887
4ISQ-E-A	Negative	0.616247	0.383753
4AU7-C-A	Positive	0.391758	0.608242
4HPT-I-E	Negative	0.635354	0.364646
4HPO-P-H	Negative	0.635677	0.364323
4V9F-2-S	Positive	0.311483	0.688517
4M9Z-E-A	Positive	0.433647	0.566353
4M9Z-F-B	Positive	0.392209	0.607791
4M9Z-H-D	Positive	0.39258	0.60742
4NL8-D-B	Negative	0.45423	0.54577
4PVZ-C-A	Positive	0.167664	0.832336
4PVZ-D-A	Positive	0.0690422	0.930958
4QAE-P-A	Positive	0.252261	0.747739
4QAE-R-A	Positive	0.329677	0.670323
4QAE-T-A	Positive	0.331713	0.668287
4QAE-S-C	Positive	0.329677	0.670323
4ZRT-B-A	Positive	0.356061	0.643939
4TUL-I-H	Negative	0.897474	0.102526
4A9Z-A-C	Negative	0.72754	0.27246
4A9Z-B-C	Negative	0.727356	0.272644
4A9Z-D-C	Negative	0.754974	0.245026
4RH9-B-A	Positive	0.245262	0.754738
4J86-C-A	Positive	0.367916	0.632084
4WCI-B-A	Positive	0.100811	0.899189
4WCI-D-C	Positive	0.0932946	0.906705
4WCI-F-E	Positive	0.0782948	0.921705
4DS7-E-A	Negative	0.773985	0.226015
4DS7-F-A	Negative	0.816654	0.183346
4DS7-G-C	Negative	0.782953	0.217047
4DS7-H-C	Negative	0.812534	0.187466
4Z2V-P-A	Negative	0.759749	0.240251
4PG2-D-A	Negative	0.847806	0.152194
4H26-C-A	Negative	0.590082	0.409918
4FSJ-E-B	Negative	0.765032	0.234968
4KP3-E-A	Positive	0.418956	0.581044
4BLB-E-A	Negative	0.571794	0.428206
4BLB-G-C	Negative	0.612327	0.387673
4UTN-D-A	Negative	0.907535	0.0924654
4TK2-C-A	Negative	0.575936	0.424064
4TK2-D-A	Negative	0.616721	0.383279
4Z97-C-A	Positive	0.210689	0.789311
4UPU-B-A	Negative	0.619723	0.380277
4XOJ-B-A	Positive	0.362564	0.637436
4UEH-I-H	Negative	0.620729	0.379271
4LG6-B-A	Positive	0.385591	0.614409
4CXF-B-A	Negative	0.844832	0.155168
4MVL-E-A	Negative	0.859322	0.140678
4MVL-G-C	Negative	0.801957	0.198043
4WVT-C-A	Positive	0.368478	0.631522
4CC3-B-A	Positive	0.315969	0.684031
4HON-F-A	Positive	0.258981	0.741019
4HON-G-B	Positive	0.26482	0.73518
4DEY-B-A	Negative	0.807956	0.192044
4YYM-Z-A	Negative	0.524718	0.475282
4C5I-C-A	Negative	0.45318	0.54682
4DZU-B-A	Negative	0.728898	0.271102
4K8Y-B-A	Positive	0.317757	0.682243
4TVQ-E-C	Negative	0.647602	0.352398
4ONI-C-A	Negative	0.743674	0.256326
4YK9-B-A	Negative	0.92631	0.0736899
4IRV-E-A	Negative	0.720884	0.279116
4J79-B-A	Positive	0.435689	0.564311
4U0G-c-A	Positive	0.283381	0.716619
4U0G-p-O	Positive	0.283381	0.716619
4X1H-C-A	Negative	0.939823	0.0601768
4OBK-C-A	Positive	0.216214	0.783786
4OBG-F-B	Positive	0.167369	0.832631
4LKD-I-A	Positive	0.23259	0.76741
4LKD-M-E	Positive	0.268321	0.731679
4X1Q-P-U	Negative	0.754721	0.245279
4HW4-C-A	Negative	0.846343	0.153657
4TQ1-B-A	Negative	0.767511	0.232489
4M1C-G-A	Negative	0.59437	0.40563
4M1C-H-B	Positive	0.368323	0.631677
4HPU-I-E	Negative	0.635354	0.364646
4QLB-E-A	Negative	0.739156	0.260844
4QLB-G-C	Negative	0.739156	0.260844
4QLB-H-D	Negative	0.775957	0.224043
4QLB-F-B	Negative	0.70407	0.29593
4UN2-B-A	Negative	0.692559	0.307441
4P0B-B-A	Positive	0.3778	0.6222
4LFB-U-M	Positive	0.0991605	0.90084
4JDJ-B-A	Positive	0.295424	0.704576
4QBY-1-H	Negative	0.456448	0.543552
4BXU-B-A	Negative	0.829524	0.170476
4K3Q-E-A	Negative	0.542541	0.457459
4A8X-B-A	Negative	0.891418	0.108582
4P3W-G-A	Negative	0.80513	0.19487
4P3W-L-E	Negative	0.886811	0.113189
4P3W-J-F	Negative	0.877974	0.122026
4P3W-I-D	Negative	0.852338	0.147662
4JMY-E-A	Negative	0.562839	0.437161
4EZV-C-A	Negative	0.561834	0.438166
4EZV-D-A	Negative	0.723799	0.276201
4K1E-B-A	Negative	0.47472	0.52528
4TK1-C-A	Negative	0.617016	0.382984
4JMR-G-A	Negative	0.660068	0.339932
4JMR-F-B	Negative	0.680311	0.319689
4JMR-H-C	Negative	0.644449	0.355551
4JMR-E-D	Negative	0.581826	0.418174
4TRQ-C-B	Negative	0.66888	0.33112
4P2O-P-A	Negative	0.844074	0.155926
4YYN-Z-A	Positive	0.420288	0.579712
5YT0-B-A	Negative	0.800891	0.199109
5K58-N-E	Negative	0.874491	0.125509
5LZT-l-X	Positive	0.430024	0.569976
5JJ0-F-A	Positive	0.165866	0.834134
5JJ0-G-B	Positive	0.136722	0.863278
5EKF-B-A	Positive	0.163402	0.836598
5EKF-C-A	Positive	0.116927	0.883073
5ZFU-I-A	Negative	0.949076	0.0509237
5Z12-J-A	Positive	0.44097	0.55903
5HHN-C-A	Negative	0.873506	0.126494
5DJY-C-A	Negative	0.919809	0.0801905
5IYA-L-B	Negative	0.700808	0.299192
5AXI-E-B	Positive	0.383008	0.616992
5GAF-f-G	Negative	0.624608	0.375392
5GAF-k-V	Negative	0.902123	0.0978772
5LVF-B-A	Positive	0.187919	0.812081
5DF6-B-A	Positive	0.394459	0.605541
5DF6-C-A	Positive	0.423774	0.576226
5WHA-B-A	Negative	0.752601	0.247399
5WHA-C-A	Negative	0.707724	0.292276
5WHA-E-D	Negative	0.778003	0.221997
5WHA-I-G	Negative	0.752601	0.247399
5EYK-D-A	Negative	0.767613	0.232387
5EYK-C-B	Negative	0.816251	0.183749
5HCD-D-B	Negative	0.617968	0.382032
5W7J-B-A	Negative	0.831229	0.168771
5GIJ-D-B	Positive	0.437775	0.562225
5K0U-D-A	Negative	0.57652	0.42348
5WRJ-F-A	Positive	0.380034	0.619966
5FIY-F-A	Negative	0.73145	0.26855
5FIY-G-E	Negative	0.73145	0.26855
5W41-B-A	Positive	0.22376	0.77624
5WQD-H-A	Negative	0.489873	0.510127
5WQD-I-B	Negative	0.623264	0.376736
5WQD-J-C	Positive	0.267753	0.732247
5WQD-M-F	Positive	0.27744	0.72256
5WQD-N-G	Positive	0.136184	0.863816
5GIS-C-H	Positive	0.308653	0.691347
5ADR-B-A	Negative	0.798372	0.201628
5TBN-C-A	Positive	0.165141	0.834859
5OID-B-A	Negative	0.780751	0.219249
5DX3-C-A	Positive	0.285825	0.714175
5X4Z-L-B	Negative	0.596476	0.403524
5F3Y-B-A	Negative	0.875013	0.124987
5UWP-D-C	Negative	0.932101	0.0678993
5IC4-I-A	Positive	0.375376	0.624624
5EX0-D-A	Positive	0.390898	0.609102
5C6H-B-A	Negative	0.763746	0.236254
5C6H-F-A	Negative	0.835735	0.164265
5C6H-J-A	Negative	0.822005	0.177995
5C6H-V-M	Negative	0.875931	0.124069
5BRZ-C-A	Negative	0.889777	0.110223
5EO0-C-A	Negative	0.563291	0.436709
5C44-L-B	Negative	0.754319	0.245681
5VYO-E-A	Negative	0.491897	0.508103
5VFS-e-V	Negative	0.56853	0.43147
5LN3-Y-R	Negative	0.544976	0.455024
5F5U-B-A	Negative	0.801692	0.198308
5F5U-C-A	Negative	0.742818	0.257182
5F5U-F-A	Negative	0.732127	0.267873
5F5U-E-D	Negative	0.783045	0.216955
5F5U-H-D	Negative	0.732451	0.267549
5F5U-I-G	Negative	0.731318	0.268682
5C7F-E-A	Negative	0.844556	0.155444
5C7F-F-B	Negative	0.785322	0.214678
5C7F-G-C	Negative	0.761593	0.238407
5U4I-w-c	Positive	0.40341	0.59659
5KIY-B-A	Negative	0.80577	0.19423
5WNA-B-H	Negative	0.628578	0.371422
5VLP-Z-A	Negative	0.904209	0.0957907
5B6G-B-A	Negative	0.651255	0.348745
5JTH-B-A	Negative	0.489342	0.510658
5DHA-D-C	Negative	0.856541	0.143459
5CVA-E-A	Negative	0.845402	0.154598
5F67-C-A	Positive	0.360137	0.639863
5ND0-C-A	Positive	0.194519	0.805481
5TWA-D-A	Negative	0.892168	0.107832
5ZYS-B-A	Negative	0.829758	0.170242
5IB1-C-A	Positive	0.370452	0.629548
5ADQ-B-A	Negative	0.798372	0.201628
5NJC-E-A	Negative	0.557994	0.442006
5CFA-C-A	Positive	0.126805	0.873195
5C3I-P-N	Negative	0.861231	0.138769
5OUS-B-A	Negative	0.581606	0.418394
5XKN-E-A	Negative	0.477421	0.522579
5W7X-H-D	Positive	0.399884	0.600116
5W7X-G-D	Positive	0.410835	0.589165
5C6V-E-A	Negative	0.847522	0.152478
5AEI-D-A	Positive	0.314375	0.685625
5XHZ-C-A	Negative	0.462021	0.537979
5XHZ-D-A	Negative	0.462021	0.537979
5NFU-C-A	Positive	0.352156	0.647844
5JWE-P-A	Negative	0.677337	0.322663
5YVG-X-A	Positive	0.252534	0.747466
5YVG-Y-B	Positive	0.206229	0.793771
5ZQV-E-A	Negative	0.654621	0.345379
5ZQV-G-D	Negative	0.721807	0.278193
5XJG-B-A	Negative	0.756573	0.243427
5IZ9-B-A	Negative	0.723576	0.276424
5TIS-F-A	Negative	0.901285	0.0987155
5TIS-I-A	Negative	0.885414	0.114586
5TIS-J-A	Negative	0.941994	0.0580058
5TIS-X-B	Negative	0.860884	0.139116
5TIS-y-c	Negative	0.957046	0.0429537
5VWJ-C-A	Negative	0.891146	0.108854
5R4C-D-B	Positive	0.355929	0.644071
5Y2D-F-A	Negative	0.522916	0.477084
5JWD-C-A	Negative	0.842704	0.157296
5YPB-C-A	Negative	0.720603	0.279397
5H24-C-A	Negative	0.633815	0.366185
5IAN-E-A	Positive	0.277579	0.722421
5INW-C-A	Negative	0.804897	0.195103
5INW-D-B	Negative	0.777153	0.222847
5OOL-2-F	Negative	0.459436	0.540564
5OOL-4-r	Positive	0.298333	0.701667
5ID0-E-A	Positive	0.348475	0.651525
5W67-C-A	Negative	0.507815	0.492185
5C7E-G-A	Negative	0.751198	0.248802
5C7E-H-B	Negative	0.703154	0.296846
5C7E-I-C	Negative	0.736755	0.263245
5C7E-K-E	Negative	0.837636	0.162364
5C7E-L-F	Negative	0.788008	0.211992
5JHP-E-A	Negative	0.814991	0.185009
5EAY-F-A	Negative	0.570499	0.429501
5EAY-E-B	Negative	0.51672	0.48328
5VAX-E-A	Negative	0.780803	0.219197
5VAX-F-B	Negative	0.804027	0.195973
5VAX-G-C	Negative	0.77196	0.22804
5OTX-B-A	Negative	0.84415	0.15585
5OTX-D-C	Negative	0.849572	0.150428
5JER-B-A	Negative	0.50786	0.49214
5AFP-D-A	Negative	0.951235	0.0487648
5JME-F-A	Negative	0.628395	0.371605
5MQF-S-A	Negative	0.671889	0.328111
5VS7-P-A	Positive	0.342444	0.657556
5GNV-B-A	Negative	0.561925	0.438075
5VAP-D-A	Negative	0.56044	0.43956
5VAP-C-B	Negative	0.597894	0.402106
5K9S-B-A	Positive	0.160776	0.839224
5L9U-M-C	Negative	0.885658	0.114342
5N39-B-A	Negative	0.523221	0.476779
5O9Z-K-A	Negative	0.563928	0.436072
5O9Z-R-L	Negative	0.714223	0.285777
5BWL-B-A	Negative	0.453536	0.546464
5UPK-A-B	Negative	0.56997	0.43003
5BSA-F-B	Negative	0.62072	0.37928
5CRV-C-A	Negative	0.904648	0.0953517
5CRV-D-B	Negative	0.921588	0.0784119
5UUP-B-A	Negative	0.862006	0.137994
5HKZ-B-A	Negative	0.682932	0.317068
5E2B-D-A	Positive	0.328653	0.671347
5GK9-B-A	Negative	0.939084	0.0609158
5WJN-C-A	Positive	0.179262	0.820738
5GHW-P-H	Negative	0.84936	0.15064
5XCT-C-A	Negative	0.539687	0.460313
5VID-G-D	Negative	0.884187	0.115813
5VID-H-B	Negative	0.889951	0.110049
5VID-F-A	Negative	0.89503	0.10497
5AZF-D-B	Negative	0.464317	0.535683
5KVM-B-A	Negative	0.696949	0.303051
5E1O-D-A	Positive	0.260911	0.739089
5MYC-P-A	Positive	0.357878	0.642122
5MUU-C-A	Positive	0.409509	0.590491
5A2L-P-H	Positive	0.30889	0.69111
5T2S-B-A	Positive	0.25317	0.74683
5T2S-D-C	Positive	0.25317	0.74683
5YVU-A-B	Negative	0.781806	0.218194
5FJX-E-A	Positive	0.382079	0.617921
5FJX-D-B	Positive	0.370007	0.629993
5XJT-M-2	Negative	0.653675	0.346325
5IQM-F-G	Negative	0.717015	0.282985
5IQM-B-G	Negative	0.66936	0.33064
5OL3-D-A	Negative	0.556049	0.443951
5MN9-C-A	Negative	0.707293	0.292707
5KYU-C-A	Positive	0.31188	0.68812
5FOU-C-A	Positive	0.375793	0.624207
5M32-r-j	Negative	0.811732	0.188268
5M32-s-j	Negative	0.664732	0.335268
5CSI-C-A	Negative	0.680105	0.319895
5YIQ-D-A	Positive	0.317778	0.682222
5E7C-J-A	Negative	0.939819	0.0601809
5HTB-B-A	Positive	0.227836	0.772164
5FGC-A-B	Positive	0.256586	0.743414
5AJN-P-A	Positive	0.205888	0.794112
5E1M-D-A	Positive	0.269022	0.730978
5HFF-B-A	Positive	0.313325	0.686675
5SXM-C-A	Negative	0.617142	0.382858
5OY3-B-A	Positive	0.300335	0.699665
5GOW-A-B	Positive	0.324581	0.675419
5VLL-Y-A	Negative	0.852035	0.147965
5HDA-B-A	Negative	0.70311	0.29689
5HDA-D-A	Negative	0.829327	0.170673
5B1Z-C-A	Negative	0.816881	0.183119
5B1Z-D-B	Negative	0.879162	0.120838
5OY9-D-A	Positive	0.386673	0.613327
5U4K-B-A	Negative	0.601041	0.398959
5HHQ-C-A	Negative	0.732957	0.267043
5BS0-C-A	Negative	0.5	0.5
5ITF-E-A	Positive	0.253938	0.746062
5LSW-B-A	Negative	0.851998	0.148002
5I2I-E-A	Positive	0.195588	0.804412
5VT9-C-A	Negative	0.594553	0.405447
5VT9-D-A	Negative	0.70222	0.29778
5OPT-q-r	Negative	0.7811	0.2189
5I3L-C-A	Positive	0.198911	0.801089
5FJ8-I-A	Negative	0.814594	0.185406
5F6K-D-C	Negative	0.617525	0.382475
5F6K-M-C	Positive	0.137097	0.862903
5F6K-F-E	Negative	0.60725	0.39275
5EJC-E-A	Negative	0.893147	0.106853
5EJC-F-A	Negative	0.871661	0.128339
5EJC-C-B	Negative	0.905621	0.094379
5EJC-D-B	Negative	0.87321	0.12679
5YD8-V-Y	Negative	0.744147	0.255853
5YD8-U-X	Negative	0.525352	0.474648
5YD8-W-Z	Negative	0.7558	0.2442
5XTZ-E-A	Positive	0.435403	0.564597
5LUM-F-A	Positive	0.361896	0.638104
5AFU-a-A	Negative	0.80208	0.19792
5AFU-c-B	Negative	0.887226	0.112774
5AFU-d-F	Negative	0.897854	0.102146
5AFZ-I-H	Negative	0.638882	0.361118
5LSP-X-A	Negative	0.5052	0.4948
5LSP-Y-P	Negative	0.460715	0.539285
5GP7-B-A	Positive	0.196707	0.803293
5FOV-E-A	Positive	0.371113	0.628887
5NX1-B-A	Negative	0.489288	0.510712
5NX1-D-A	Negative	0.767064	0.232936
5JPO-E-A	Negative	0.811742	0.188258
5JXT-U-J	Positive	0.259521	0.740479
5JXT-W-H	Positive	0.255912	0.744088
5W6R-M-A	Positive	0.386148	0.613852
5AJP-B-A	Positive	0.176232	0.823768
5K6S-B-A	Positive	0.366392	0.633608
5K4F-D-A	Positive	0.293403	0.706597
5J28-C-A	Negative	0.557806	0.442194
5UWO-D-C	Negative	0.821991	0.178009
5VLK-Z-A	Negative	0.863528	0.136472
5MVW-C-A	Negative	0.875862	0.124138
5MVW-D-A	Negative	0.893155	0.106845
5T6W-C-A	Positive	0.331796	0.668204
5ET0-B-A	Negative	0.728744	0.271256
5N9C-F-A	Positive	0.336225	0.663775
5SXP-F-A	Positive	0.0551873	0.944813
5SXP-G-A	Positive	0.0713111	0.928689
5CDW-f-A	Negative	0.565479	0.434521
5CDW-I-A	Negative	0.47355	0.52645
5F5O-B-A	Negative	0.853625	0.146375
5F5O-D-C	Negative	0.829564	0.170436
5F5O-F-E	Negative	0.889105	0.110895
5O31-s-E	Positive	0.385217	0.614783
5O31-c-O	Negative	0.790192	0.209808
5APR-I-E	Negative	0.508989	0.491011
5LEF-C-A	Negative	0.773364	0.226636
5LEF-D-A	Negative	0.738745	0.261255
5K0Y-M-T	Negative	0.492265	0.507735
5H3J-B-A	Negative	0.828809	0.171191
5VGD-C-A	Negative	0.723617	0.276383
5Z7G-C-A	Negative	0.846953	0.153047
5MHC-P-A	Positive	0.424348	0.575652
5ZWO-Z-X	Negative	0.730039	0.269961
5NIG-C-A	Negative	0.695316	0.304684
5C0D-C-A	Negative	0.702071	0.297929
5A53-B-A	Negative	0.629568	0.370432
5J4X-D-A	Negative	0.64487	0.35513
5IYX-B-A	Positive	0.225391	0.774609
5LQW-L-A	Negative	0.633498	0.366502
5N1W-C-A	Negative	0.529424	0.470576
5N1W-D-A	Negative	0.682012	0.317988
5M5Y-L-B	Negative	0.710089	0.289911
5V1T-B-A	Negative	0.629433	0.370567
5E2V-P-L	Positive	0.185396	0.814604
5FXC-P-H	Positive	0.258584	0.741416
5ZMS-A-B	Negative	0.883025	0.116975
5JWP-B-A	Negative	0.831328	0.168672
5B83-E-D	Negative	0.822999	0.177001
5TZQ-D-A	Negative	0.82831	0.17169
5TZQ-C-B	Negative	0.835964	0.164036
5XCR-C-A	Negative	0.519496	0.480504
5H1X-A-B	Negative	0.783946	0.216054
5H1X-C-B	Negative	0.757145	0.242855
5N85-B-A	Negative	0.805426	0.194574
5LJ3-F-A	Negative	0.549044	0.450956
5LJ3-P-A	Negative	0.75378	0.24622
5HJD-B-A	Positive	0.287175	0.712825
5HJD-F-E	Positive	0.276451	0.723549
5HJD-J-N	Positive	0.35503	0.64497
5WSV-B-A	Negative	0.850621	0.149379
5WSV-D-A	Negative	0.920177	0.0798229
5EN6-D-A	Negative	0.551149	0.448851
5O90-B-A	Negative	0.804453	0.195547
5MDY-6-7	Negative	0.549579	0.450421
5O3V-C-A	Negative	0.961429	0.0385709
5O3V-D-B	Negative	0.939198	0.0608022
5XJU-M-2	Negative	0.643213	0.356787
5FFW-C-A	Positive	0.396226	0.603774
5NPH-A-H	Negative	0.618306	0.381694
5B5V-E-A	Positive	0.451167	0.548833
5R4D-D-B	Positive	0.345505	0.654495
5GU4-C-A	Negative	0.647024	0.352976
5OUC-E-A	Positive	0.384643	0.615357
5ERW-C-A	Negative	0.809934	0.190066
5T0K-P-A	Positive	0.139757	0.860243
5YIP-B-A	Positive	0.282464	0.717536
5IB4-C-A	Positive	0.370452	0.629548
5T1M-E-A	Negative	0.525545	0.474455
5GIM-C-B	Positive	0.359641	0.640359
5GIM-D-B	Negative	0.548158	0.451842
5NX2-B-A	Positive	0.23304	0.76696
5FVD-B-A	Negative	0.865562	0.134438
5FVD-D-A	Negative	0.895111	0.104889
5NCL-D-A	Positive	0.389876	0.610124
5NVN-B-A	Negative	0.54491	0.45509
5MX2-L-A	Negative	0.792852	0.207148
5MX2-T-A	Negative	0.913491	0.0865087
5MX2-Y-C	Negative	0.962949	0.0370511
5MX2-f-a	Negative	0.911859	0.0881409
5MX2-y-c	Negative	0.967384	0.0326156
5MX2-r-e	Negative	0.931316	0.0686838
5BUZ-C-A	Negative	0.859327	0.140673
5BUZ-F-D	Negative	0.842058	0.157942
5FU7-D-A	Negative	0.751718	0.248282
5FU7-H-A	Negative	0.791913	0.208087
5MAV-H-A	Negative	0.484247	0.515753
5MAV-G-C	Positive	0.403261	0.596739
5MAV-K-E	Negative	0.490173	0.509827
5MAV-N-D	Positive	0.406894	0.593106
5MAV-L-F	Positive	0.332487	0.667513
5JEJ-D-A	Negative	0.637882	0.362118
5JEJ-E-A	Positive	0.34702	0.65298
5JEJ-C-B	Negative	0.513062	0.486938
5Y39-F-D	Negative	0.725293	0.274707
5UQ3-C-A	Negative	0.578087	0.421913
5WBY-P-D	Negative	0.578825	0.421175
5OVP-B-A	Negative	0.644709	0.355291
5U5P-C-A	Positive	0.132725	0.867275
5U5P-B-A	Positive	0.161171	0.838829
5ADX-c-B	Negative	0.897854	0.102146
5MRF-Y-P	Positive	0.320652	0.679348
5VWK-E-A	Positive	0.452007	0.547993
5VWK-G-A	Positive	0.452007	0.547993
5A86-D-B	Negative	0.644665	0.355335
5XJ0-Y-C	Negative	0.960027	0.0399733
5TP6-B-A	Negative	0.830428	0.169572
5MP5-K-A	Positive	0.414595	0.585405
5MP5-J-H	Negative	0.556269	0.443731
5T78-F-A	Positive	0.153009	0.846991
5NVM-B-A	Negative	0.915878	0.0841216
5HU3-B-A	Negative	0.872316	0.127684
5BRM-G-A	Positive	0.434721	0.565279
5BRM-I-A	Positive	0.361486	0.638514
5BRM-M-A	Positive	0.305267	0.694733
5BRM-H-B	Positive	0.315447	0.684553
5BRM-N-B	Positive	0.372453	0.627547
5BRM-J-D	Positive	0.362509	0.637491
5BRM-L-D	Positive	0.391041	0.608959
5BRM-O-D	Positive	0.159489	0.840511
5LB7-C-A	Positive	0.389937	0.610063
5XCO-B-A	Positive	0.235193	0.764807
5H7H-B-A	Positive	0.416323	0.583677
5Y5S-J-L	Negative	0.939956	0.0600436
5Y5S-8-L	Negative	0.944608	0.0553917
5Y5S-B-H	Negative	0.939956	0.0600436
5Y5S-T-Q	Negative	0.931337	0.0686629
5Y5S-2-Y	Negative	0.944608	0.0553917
5GGP-C-A	Positive	0.290973	0.709027
5GGP-D-B	Positive	0.449178	0.550822
5NG4-B-A	Negative	0.690919	0.309081
5TQ1-B-A	Positive	0.340081	0.659919
5GWM-B-A	Negative	0.870023	0.129977
5N99-C-A	Positive	0.336677	0.663323
5JJZ-B-A	Positive	0.327916	0.672084
5L04-B-A	Negative	0.712396	0.287604
5WBL-T-A	Negative	0.820371	0.179629
5CJO-a-A	Negative	0.823785	0.176215
5MFK-C-A	Positive	0.314757	0.685243
5XBK-E-B	Positive	0.413935	0.586065
5WJL-C-A	Positive	0.185283	0.814717
5WJL-F-D	Positive	0.185283	0.814717
5GID-C-A	Negative	0.713032	0.286968
5F8X-B-A	Negative	0.878718	0.121282
5XSQ-B-A	Negative	0.891928	0.108072
5WIR-D-B	Negative	0.5	0.5
5WIR-C-A	Positive	0.361449	0.638551
5OW5-E-A	Negative	0.862539	0.137461
5B5E-I-A	Negative	0.833514	0.166486
5B5E-J-A	Negative	0.941994	0.0580058
5B5E-t-B	Negative	0.897044	0.102956
5B5E-f-a	Negative	0.903681	0.0963187
5B5E-j-a	Negative	0.953122	0.046878
5YXL-B-A	Negative	0.830226	0.169774
5YXL-D-C	Negative	0.839284	0.160716
5E3A-B-A	Negative	0.692726	0.307274
5UUM-C-A	Negative	0.833025	0.166975
5OM7-B-A	Negative	0.669617	0.330383
5EM9-B-A	Negative	0.490357	0.509643
5NEU-4-1	Negative	0.741801	0.258199
5Y5A-B-A	Negative	0.665732	0.334268
5F0O-E-A	Negative	0.903412	0.0965879
5HHO-C-A	Negative	0.896911	0.103089
5V22-B-A	Negative	0.5	0.5
5VF3-Z-A	Negative	0.771652	0.228348
5B5U-C-A	Negative	0.631003	0.368997
5B75-B-A	Positive	0.233755	0.766245
5JI0-E-D	Negative	0.507777	0.492223
5IEK-C-A	Positive	0.419795	0.580205
5NPV-B-A	Negative	0.603885	0.396115
5NPV-D-A	Negative	0.677318	0.322682
5T1L-E-A	Negative	0.492244	0.507756
5EX3-D-A	Negative	0.610222	0.389778
5W5C-A-B	Negative	0.710298	0.289702
5W5C-E-B	Negative	0.802544	0.197456
5VAI-P-R	Negative	0.832767	0.167233
5TS1-P-A	Negative	0.755406	0.244594
5L9V-C-A	Negative	0.866739	0.133261
5O66-M-J	Negative	0.983334	0.0166656
5O66-O-K	Negative	0.977364	0.0226358
5XXF-C-A	Negative	0.74393	0.25607
5XXF-E-A	Negative	0.754892	0.245108
5G1D-D-A	Positive	0.367409	0.632591
5EIB-F-C	Negative	0.510304	0.489696
5YC1-I-A	Positive	0.349021	0.650979
5U5S-B-A	Negative	0.579962	0.420038
5FF6-E-A	Positive	0.309542	0.690458
5ABX-B-A	Negative	0.865811	0.134189
5T6P-F-A	Positive	0.215026	0.784974
5MDX-F-A	Negative	0.853522	0.146478
5MDX-L-A	Negative	0.829639	0.170361
5MDX-T-A	Negative	0.943271	0.0567292
5MDX-W-A	Negative	0.838154	0.161846
5MDX-M-B	Negative	0.924284	0.0757158
5MDX-K-C	Negative	0.965455	0.0345451
5MDX-X-D	Negative	0.805971	0.194029
5LCW-D-O	Negative	0.818155	0.181845
5YIS-C-A	Negative	0.867019	0.132981
5YIS-D-B	Negative	0.551659	0.448341
5IQ9-C-A	Negative	0.762947	0.237053
5GQR-C-B	Positive	0.349697	0.650303
5GRD-C-A	Positive	0.184518	0.815482
5BXV-B-A	Negative	0.530093	0.469907
5BXV-D-A	Negative	0.580842	0.419158
5I9E-E-A	Negative	0.708218	0.291782
5I9E-H-B	Negative	0.743433	0.256567
5WA4-M-A	Negative	0.821075	0.178925
5WA4-P-A	Negative	0.64091	0.35909
5WA4-Q-C	Negative	0.714948	0.285052
5O45-B-A	Negative	0.653318	0.346682
5F5J-B-A	Negative	0.488138	0.511862
5OWP-D-H	Positive	0.340077	0.659923
5C08-C-A	Negative	0.534326	0.465674
5C08-H-F	Negative	0.534326	0.465674
5EKG-B-A	Positive	0.286967	0.713033
5EKG-C-A	Positive	0.164001	0.835999
5WS5-T-A	Negative	0.905067	0.0949326
5WS5-f-a	Negative	0.939841	0.0601591
5WS5-j-a	Negative	0.947744	0.0522558
5J6G-F-A	Negative	0.867834	0.132166
5VZ5-C-A	Negative	0.636481	0.363519
5DVV-C-A	Negative	0.609278	0.390722
5XY3-b-D	Positive	0.421973	0.578027
5XY3-l-X	Negative	0.622201	0.377799
5I8C-C-A	Negative	0.909073	0.0909271
5Y4H-B-A	Positive	0.44592	0.55408
5W4E-A-B	Positive	0.0648503	0.93515
5W4E-D-B	Positive	0.306263	0.693737
5HYN-D-A	Negative	0.458161	0.541839
5HYN-E-A	Negative	0.582886	0.417114
5HYN-J-F	Negative	0.61693	0.38307
5HYN-P-K	Negative	0.48918	0.51082
5W6A-E-A	Negative	0.660374	0.339626
5QTX-H-A	Positive	0.314058	0.685942
5NHU-I-H	Negative	0.492467	0.507533
5NHU-J-A	Negative	0.507797	0.492203
5NHU-K-C	Positive	0.239883	0.760117
5L7K-B-A	Positive	0.324069	0.675931
5T70-C-A	Negative	0.637371	0.362629
5CZ2-G-A	Negative	0.844729	0.155271
5CZ2-H-A	Negative	0.821033	0.178967
5CZ2-K-C	Negative	0.762453	0.237547
5CZ2-I-E	Negative	0.750363	0.249637
5OBT-E-A	Negative	0.826987	0.173013
5EPJ-B-A	Positive	0.408932	0.591068
5C0B-C-A	Positive	0.445437	0.554563
5C0B-H-F	Positive	0.445437	0.554563
5JHN-F-A	Positive	0.193032	0.806968
5JHN-G-B	Positive	0.17325	0.82675
5JTM-E-A	Negative	0.711357	0.288643
5G5P-C-B	Negative	0.666196	0.333804
5T0H-e-V	Negative	0.609539	0.390461
5HI3-I-A	Negative	0.852544	0.147456
5IG9-I-A	Negative	0.762906	0.237094
5IG9-M-E	Negative	0.792115	0.207885
5IG9-N-F	Negative	0.713904	0.286096
5WA1-B-A	Negative	0.569614	0.430386
5ZUT-E-A	Negative	0.912356	0.0876439
5HB3-B-A	Negative	0.660698	0.339302
5T0F-B-A	Negative	0.788324	0.211676
5YY4-B-A	Positive	0.183945	0.816055
5ODS-E-A	Negative	0.870089	0.129911
5XOQ-C-A	Negative	0.723224	0.276776
5X8T-5-G	Negative	0.474929	0.525071
5X8T-1-O	Negative	0.562541	0.437459
5X8T-7-R	Positive	0.4348	0.5652
5TP1-P-A	Negative	0.606601	0.393399
5TP1-R-C	Negative	0.72599	0.27401
5TP1-S-D	Negative	0.684075	0.315925
5YQG-E-A	Negative	0.655988	0.344012
5YQG-F-C	Positive	0.445372	0.554628
5LVP-F-A	Positive	0.409704	0.590296
5LVP-E-C	Positive	0.37371	0.62629
5ENW-C-A	Negative	0.898571	0.101429
5M35-C-A	Positive	0.40261	0.59739
5M35-D-B	Positive	0.173461	0.826539
5NMG-C-A	Negative	0.934257	0.0657431
5WB5-B-A	Negative	0.958585	0.0414145
5EPP-B-A	Positive	0.298867	0.701133
5NMI-I-A	Negative	0.860707	0.139293
5L23-B-A	Positive	0.068983	0.931017
5F5G-B-A	Positive	0.362463	0.637537
5VF0-B-A	Negative	0.489268	0.510732
5MFF-E-A	Positive	0.325258	0.674742
5T5L-a-A	Positive	0.293509	0.706491
5T5L-b-B	Positive	0.331356	0.668644
5E6Q-A-B	Positive	0.183526	0.816474
5VWW-C-A	Negative	0.764411	0.235589
5VWW-D-B	Negative	0.783656	0.216344
5XTD-K-A	Negative	0.573086	0.426914
5XTD-f-g	Negative	0.816323	0.183677
5K99-C-A	Positive	0.289378	0.710622
5BN6-A-E	Negative	0.481856	0.518144
5BN6-B-E	Negative	0.656159	0.343841
5WNW-C-A	Negative	0.907207	0.092793
5T5O-a-A	Positive	0.342014	0.657986
5YI8-B-A	Negative	0.670947	0.329053
5WFC-D-A	Negative	0.542929	0.457071
5GIR-C-H	Positive	0.450402	0.549598
5GIR-D-L	Negative	0.565225	0.434775
5OY4-X-A	Negative	0.648395	0.351605
5EO1-C-A	Negative	0.536176	0.463824
5V8K-B-A	Negative	0.901737	0.0982631
5WRV-A-B	Negative	0.918602	0.0813976
5VGE-C-A	Negative	0.648976	0.351024
5WVO-D-A	Positive	0.15889	0.84111
5DX1-F-A	Negative	0.700189	0.299811
5DX1-G-A	Negative	0.64991	0.35009
5DX1-H-C	Negative	0.700189	0.299811
5DX1-I-C	Negative	0.564024	0.435976
5CO5-F-A	Negative	0.585818	0.414182
5X60-C-A	Positive	0.0956308	0.904369
5INC-E-A	Negative	0.467748	0.532252
5T6R-s-H	Negative	0.829666	0.170334
5WEU-P-A	Negative	0.70536	0.29464
5H7Y-B-A	Negative	0.859781	0.140219
5WMO-C-A	Positive	0.448059	0.551941
5DHF-D-C	Negative	0.806365	0.193635
5ZK7-C-A	Negative	0.593614	0.406386
5ZK7-D-A	Negative	0.593614	0.406386
5KLR-A-B	Positive	0.310812	0.689188
5ZU1-D-A	Negative	0.831866	0.168134
5OY0-M-B	Negative	0.945123	0.054877
5OY0-h-l	Negative	0.931057	0.0689433
5ITJ-B-A	Negative	0.911856	0.0881442
5FA3-C-A	Negative	0.885504	0.114496
5LY3-B-A	Negative	0.48484	0.51516
5TSX-M-A	Negative	0.462088	0.537912
5XOG-L-B	Negative	0.600868	0.399132
5T1I-C-A	Negative	0.683044	0.316956
5YPO-C-B	Negative	0.64725	0.35275
5YPO-D-A	Negative	0.64725	0.35275
5H2C-B-A	Negative	0.596236	0.403764
5WUN-B-A	Positive	0.254899	0.745101
5WUN-C-A	Positive	0.16925	0.83075
5D5K-B-C	Positive	0.0608383	0.939162
5D2M-G-A	Negative	0.907426	0.0925741
5KGF-L-A	Negative	0.49445	0.50555
5VX0-B-A	Negative	0.740282	0.259718
5VX0-D-C	Negative	0.740581	0.259419
5N36-B-A	Negative	0.589813	0.410187
5EJV-C-A	Negative	0.743067	0.256933
5EJV-D-B	Negative	0.75439	0.24561
5NU1-P-A	Negative	0.88243	0.11757
5WHB-B-A	Negative	0.694615	0.305385
5WHB-C-A	Negative	0.647636	0.352364
5WHB-I-A	Negative	0.647636	0.352364
5WHB-K-A	Negative	0.715938	0.284062
5TU5-B-A	Positive	0.375227	0.624773
5NPR-E-A	Negative	0.631217	0.368783
5T59-C-A	Negative	0.584492	0.415508
5T59-F-D	Negative	0.623252	0.376748
5MEP-C-A	Negative	0.809585	0.190415
5XKJ-E-C	Negative	0.534468	0.465532
5J6Z-A-B	Positive	0.328623	0.671377
5DA7-B-A	Negative	0.651811	0.348189
5F1N-C-A	Negative	0.575194	0.424806
5C0G-C-A	Negative	0.726042	0.273958
5DH9-D-C	Negative	0.93215	0.0678498
5G05-T-A	Negative	0.773274	0.226726
5G05-W-A	Negative	0.802093	0.197907
5OXW-G-A	Negative	0.747294	0.252706
5VLH-Y-A	Negative	0.765458	0.234542
5KY9-B-A	Negative	0.704012	0.295988
5HB0-E-B	Negative	0.626476	0.373524
5HB0-G-B	Negative	0.566399	0.433601
5VVV-B-A	Positive	0.264745	0.735255
5VVV-D-A	Positive	0.254573	0.745427
5GLF-B-A	Negative	0.5	0.5
5GLF-D-A	Negative	0.55047	0.44953
5GLF-F-C	Negative	0.583527	0.416473
5ONB-B-A	Negative	0.709847	0.290153
5ONB-F-E	Negative	0.686262	0.313738
5ONB-H-G	Negative	0.6815	0.3185
5V3N-B-A	Positive	0.400216	0.599784
5MF9-B-A	Positive	0.382407	0.617593
5YIX-B-A	Negative	0.700217	0.299783
5FKP-C-A	Negative	0.758274	0.241726
5KQ1-C-A	Positive	0.296209	0.703791
5KQ1-F-A	Positive	0.325948	0.674052
5VKL-B-A	Negative	0.944253	0.0557471
5FQ7-P-A	Positive	0.387007	0.612993
5FVK-D-A	Negative	0.572417	0.427583
5Y49-D-A	Negative	0.69388	0.30612
5Y49-E-B	Negative	0.715595	0.284405
5UA4-B-A	Negative	0.936091	0.0639091
5Z62-K-A	Negative	0.722967	0.277033
5Z62-L-A	Negative	0.802351	0.197649
5Z62-M-A	Negative	0.862256	0.137744
5VUF-C-A	Negative	0.911632	0.0883684
5CSZ-D-H	Negative	0.565939	0.434061
5CSZ-E-A	Negative	0.533513	0.466487
5GSV-C-A	Negative	0.697791	0.302209
5AB2-C-A	Positive	0.373479	0.626521
5Y3R-K-C	Negative	0.522552	0.477448
5N7B-I-H	Positive	0.27149	0.72851
5L1Z-C-B	Negative	0.824321	0.175679
5XMM-C-A	Positive	0.287114	0.712886
5VVX-B-A	Positive	0.254394	0.745606
5VVX-D-A	Positive	0.338084	0.661916
5MRW-D-A	Negative	0.967904	0.0320957
5MRW-H-E	Negative	0.967904	0.0320957
5Q0F-H-A	Positive	0.397499	0.602501
5U06-L-A	Positive	0.396964	0.603036
5T6X-C-A	Positive	0.20645	0.79355
5Z38-G-A	Negative	0.890707	0.109293
5Z38-I-D	Negative	0.863658	0.136342
5FN3-G-A	Negative	0.519313	0.480687
5JM4-D-A	Negative	0.634608	0.365392
5XMF-C-A	Positive	0.302247	0.697753
5MK1-E-A	Negative	0.867872	0.132128
5DX0-F-A	Positive	0.199345	0.800655
5DX0-G-A	Positive	0.308684	0.691316
5NQG-B-A	Negative	0.558452	0.441548
5U62-C-A	Negative	0.472069	0.527931
5U62-D-A	Negative	0.671614	0.328386
5NRL-X-A	Negative	0.520684	0.479316
5NWX-B-A	Negative	0.737595	0.262405
5YCO-E-A	Negative	0.805396	0.194604
5OAK-B-A	Negative	0.849899	0.150101
5HYU-A-B	Negative	0.770381	0.229619
5V3G-G-D	Positive	0.254234	0.745766
5H7P-B-A	Negative	0.745996	0.254004
5CX2-B-A	Negative	0.776811	0.223189
5CX2-D-A	Negative	0.68619	0.31381
5HUY-B-C	Positive	0.144368	0.855632
5HUY-A-C	Positive	0.15284	0.84716
5N91-F-A	Positive	0.307641	0.692359
5BXU-B-A	Negative	0.562163	0.437837
5ZGC-G-A	Positive	0.24844	0.75156
5ZGC-H-B	Positive	0.187503	0.812497
5ZGC-I-C	Positive	0.263034	0.736966
5ZGC-J-E	Positive	0.373624	0.626376
5C26-B-A	Positive	0.417559	0.582441
5VNI-D-B	Positive	0.377411	0.622589
5VNF-D-B	Negative	0.659102	0.340898
5YBV-C-A	Negative	0.605366	0.394634
5BTV-P-A	Negative	0.557379	0.442621
5XXU-e-J	Positive	0.402771	0.597229
5XXU-f-M	Negative	0.818594	0.181406
5TDY-A-B	Negative	0.865011	0.134989
5TDY-C-D	Negative	0.895161	0.104839
5U0S-l-b	Negative	0.728728	0.271272
5NEY-E-B	Positive	0.377624	0.622376
5XPU-B-A	Positive	0.26388	0.73612
5VAH-C-A	Negative	0.526351	0.473649
5VAH-D-B	Negative	0.535714	0.464286
5NI9-C-A	Negative	0.490716	0.509284
5OJ5-B-A	Negative	0.708029	0.291971
5DUB-P-H	Positive	0.402466	0.597534
5M37-D-A	Positive	0.359752	0.640248
5J9K-C-A	Negative	0.844497	0.155503
5J9K-D-B	Negative	0.795082	0.204918
5NPW-B-A	Negative	0.671108	0.328892
5NPW-H-A	Negative	0.677578	0.322422
5NPW-D-C	Negative	0.607595	0.392405
5F5K-B-A	Negative	0.488138	0.511862
5AJK-B-A	Negative	0.723614	0.276386
5AJK-J-C	Negative	0.692294	0.307706
5MK0-B-A	Negative	0.67877	0.32123
5MK0-D-A	Negative	0.714931	0.285069
5JR4-B-A	Negative	0.916695	0.0833049
5N5T-P-A	Positive	0.267367	0.732633
5NNF-B-A	Negative	0.653786	0.346214
5WWI-E-A	Negative	0.519364	0.480636
5VZU-E-B	Negative	0.581527	0.418473
5VZU-F-D	Negative	0.606939	0.393061
5OSG-P-h	Negative	0.452788	0.547212
5ZVK-a-A	Negative	0.823645	0.176355
5ZVK-c-A	Negative	0.854627	0.145373
5ZVK-b-B	Negative	0.84105	0.15895
5MO3-A-H	Positive	0.303571	0.696429
5IXD-B-A	Negative	0.694054	0.305946
5T0Q-B-A	Positive	0.304828	0.695172
5XXK-C-A	Negative	0.690299	0.309701
5YTK-G-A	Positive	0.287266	0.712734
5YTK-J-A	Positive	0.380413	0.619587
5HHX-B-A	Negative	0.829711	0.170289
5TTW-B-A	Positive	0.344759	0.655241
5TTW-D-C	Positive	0.344759	0.655241
5ICY-E-A	Positive	0.329198	0.670802
5H5Q-B-A	Negative	0.514342	0.485658
5Q1D-B-A	Negative	0.653457	0.346543
5UQ8-9-Q	Negative	0.585371	0.414629
5DBR-C-A	Negative	0.817342	0.182658
5K2M-K-G	Negative	0.576133	0.423867
5K2M-L-G	Negative	0.904513	0.0954875
5K2M-M-G	Negative	0.571598	0.428402
5K2M-N-H	Negative	0.934964	0.0650362
5I0I-G-A	Negative	0.882305	0.117695
5J9Q-L-E	Positive	0.288548	0.711452
5J9Q-M-E	Positive	0.351355	0.648645
5E0V-C-A	Positive	0.365273	0.634727
5E0V-D-A	Positive	0.355438	0.644562
5YYF-B-A	Positive	0.142625	0.857375
5N70-B-A	Negative	0.669643	0.330357
5ICX-E-A	Negative	0.465584	0.534416
5VIF-B-A	Positive	0.262518	0.737482
5F9J-C-A	Negative	0.71757	0.28243
5V4B-C-B	Positive	0.220997	0.779003
5F85-B-A	Negative	0.596954	0.403046
5II0-D-A	Positive	0.109902	0.890098
5II0-E-B	Positive	0.147476	0.852524
5II0-F-C	Positive	0.109902	0.890098
5OH8-C-A	Negative	0.781258	0.218742
5T47-B-A	Negative	0.588532	0.411468
5EFI-C-A	Negative	0.591634	0.408366
5MLU-M-A	Positive	0.427284	0.572716
5HZ1-A-B	Positive	0.139702	0.860298
5LM5-C-A	Positive	0.311155	0.688845
5LM5-D-B	Negative	0.608407	0.391593
5B3S-M-A	Negative	0.715638	0.284362
5ZGH-J-1	Negative	0.940368	0.0596323
5ZGH-M-B	Negative	0.932155	0.067845
5YIR-C-D	Negative	0.614906	0.385094
5YIR-G-D	Negative	0.730776	0.269224
5YIR-H-D	Negative	0.783289	0.216711
5LX2-B-A	Positive	0.28692	0.71308
5IND-E-A	Positive	0.450173	0.549827
5CFD-D-A	Negative	0.699085	0.300915
5MHM-H-A	Negative	0.538643	0.461357
5HJC-B-A	Positive	0.373247	0.626753
5WJE-B-A	Positive	0.353624	0.646376
5YLZ-R-A	Positive	0.372325	0.627675
5EOF-C-A	Negative	0.86132	0.13868
5EOF-D-A	Negative	0.906922	0.0930783
5YXD-B-A	Negative	0.820743	0.179257
5JEK-C-A	Negative	0.708433	0.291567
5JEK-D-B	Negative	0.888518	0.111482
5LXM-D-A	Positive	0.42684	0.57316
5AER-B-A	Negative	0.663038	0.336962
5EHC-B-A	Negative	0.566073	0.433927
5KKO-F-B	Negative	0.841515	0.158485
5VE8-C-A	Positive	0.359774	0.640226
5VE8-E-B	Positive	0.299225	0.700775
5LY2-E-A	Negative	0.654603	0.345397
5LY2-F-B	Positive	0.289263	0.710737
5OXZ-B-A	Negative	0.790139	0.209861
5QU6-Y-U	Negative	0.829619	0.170381
5QU6-2-X	Negative	0.832216	0.167784
5YE3-C-B	Positive	0.293261	0.706739
5V62-I-A	Positive	0.396241	0.603759
5ETA-D-B	Negative	0.925236	0.0747642
5XV8-A-B	Negative	0.808425	0.191575
5VNB-K-A	Negative	0.582114	0.417886
5GTC-K-G	Positive	0.232043	0.767957
5ACA-4-1	Negative	0.724044	0.275956
5H43-B-A	Positive	0.26129	0.73871
5H43-C-A	Positive	0.334415	0.665585
5VJI-A-C	Negative	0.671707	0.328293
5VJI-B-C	Negative	0.659724	0.340276
5VJI-D-C	Negative	0.694725	0.305275
5VJI-E-C	Negative	0.678733	0.321267
5IP9-Q-B	Negative	0.477577	0.522423
5WBU-R-B	Negative	0.761601	0.238399
5WBU-P-D	Negative	0.571052	0.428948
5Y44-B-A	Negative	0.679448	0.320552
5DLM-X-H	Negative	0.696464	0.303536
5WDF-P-H	Negative	0.677732	0.322268
5WDF-Q-H	Negative	0.660315	0.339685
5BNN-D-A	Negative	0.697165	0.302835
5UWM-C-A	Negative	0.575225	0.424775
5UWM-D-A	Positive	0.339323	0.660677
5MFM-Q-C	Negative	0.770651	0.229349
5N2V-C-A	Negative	0.861429	0.138571
5MFH-E-A	Positive	0.325398	0.674602
5Z56-M-A	Negative	0.691896	0.308104
5Z56-U-A	Negative	0.818201	0.181799
5AJD-B-A	Negative	0.774137	0.225863
5AJD-J-A	Negative	0.756464	0.243536
5AJD-F-C	Negative	0.702267	0.297733
5AJD-L-C	Negative	0.719969	0.280031
5AJD-H-G	Negative	0.738007	0.261993
5OJO-C-A	Negative	0.813332	0.186668
5FRQ-G-A	Negative	0.613237	0.386763
5ZZ9-E-A	Negative	0.5	0.5
5ZZ9-D-B	Positive	0.290385	0.709615
5ZZ9-F-C	Positive	0.316653	0.683347
5V1Z-E-A	Positive	0.352913	0.647087
5JCY-B-A	Negative	0.742544	0.257456
5IGQ-U-A	Positive	0.377695	0.622305
5IGQ-V-B	Negative	0.523531	0.476469
5O60-g-F	Negative	0.5	0.5
5O60-f-G	Positive	0.421067	0.578933
5O60-d-U	Positive	0.390944	0.609056
5D3F-C-A	Negative	0.538314	0.461686
5OTU-B-A	Negative	0.854226	0.145774
5OTU-D-C	Negative	0.840777	0.159223
5IYV-B-A	Positive	0.341629	0.658371
5KLV-I-A	Negative	0.854209	0.145791
5LMX-D-A	Negative	0.750741	0.249259
5HOI-D-A	Negative	0.64751	0.35249
5HOI-F-C	Negative	0.481259	0.518741
5F0L-D-B	Negative	0.592048	0.407952
5ELQ-P-A	Positive	0.311453	0.688547
5ELQ-C-B	Positive	0.311453	0.688547
5NDC-C-A	Negative	0.932071	0.0679291
5WBK-T-A	Negative	0.847793	0.152207
5ZJY-B-A	Positive	0.398198	0.601802
5LMG-D-A	Positive	0.331615	0.668385
5LMG-C-B	Positive	0.387158	0.612842
5MHO-G-A	Negative	0.632211	0.367789
5MHO-H-B	Negative	0.632211	0.367789
5BV0-C-A	Negative	0.684675	0.315325
5MFG-E-A	Positive	0.325258	0.674742
5O0E-C-A	Negative	0.468427	0.531573
5XTC-Q-V	Negative	0.696141	0.303859
5CSN-C-A	Negative	0.642048	0.357952
5MMI-0-F	Negative	0.731571	0.268429
5MMI-5-G	Negative	0.474929	0.525071
5MMI-1-O	Negative	0.578765	0.421235
5MMI-7-R	Positive	0.4348	0.5652
5MMI-H-Y	Negative	0.849246	0.150754
5YBB-C-A	Negative	0.863704	0.136296
5N74-I-A	Positive	0.380564	0.619436
5N74-J-A	Negative	0.54844	0.45156
5N74-K-C	Positive	0.398373	0.601627
5N74-L-C	Positive	0.202303	0.797697
5N74-P-E	Positive	0.194471	0.805529
5N74-O-G	Positive	0.18214	0.81786
5DPW-B-A	Negative	0.50781	0.49219
5F84-B-A	Negative	0.596954	0.403046
5SV1-Y-A	Negative	0.939505	0.0604947
5SV1-Z-F	Negative	0.946748	0.0532516
5LGP-E-A	Negative	0.583882	0.416118
5LGP-F-A	Negative	0.719176	0.280824
5GS4-B-A	Negative	0.573134	0.426866
5Y5W-F-B	Positive	0.366343	0.633657
5D7F-P-A	Negative	0.728127	0.271873
5CZF-B-C	Negative	0.668377	0.331623
5CZF-A-D	Negative	0.558891	0.441109
5WUJ-A-B	Negative	0.882072	0.117928
5AUM-C-H	Positive	0.437331	0.562669
5T7G-P-A	Negative	0.654977	0.345023
5OXX-B-A	Negative	0.862125	0.137875
5H9D-K-A	Negative	0.453456	0.546544
5ND9-u-k	Positive	0.44663	0.55337
5ND9-5-7	Positive	0.377959	0.622041
5NJA-E-A	Positive	0.367964	0.632036
5T1K-E-A	Positive	0.406923	0.593077
5BPU-H-A	Positive	0.356259	0.643741
5BPU-I-C	Positive	0.356899	0.643101
5ZKO-G-A	Negative	0.670062	0.329938
5ZKO-H-A	Negative	0.663884	0.336116
5OIK-L-B	Negative	0.716135	0.283865
5YAX-C-B	Positive	0.417769	0.582231
5JM1-D-A	Negative	0.576112	0.423888
5YMW-C-A	Negative	0.875225	0.124775
5XBO-B-A	Negative	0.888322	0.111678
5CSJ-C-A	Negative	0.709313	0.290687
5IEH-C-A	Positive	0.403741	0.596259
5ZIA-R-G	Positive	0.130329	0.869671
5O2R-z-E	Positive	0.419173	0.580827
5AFG-B-A	Negative	0.540562	0.459438
5WAI-D-B	Positive	0.389725	0.610275
5JIU-C-A	Positive	0.146749	0.853251
5JPQ-1-R	Negative	0.845957	0.154043
5NQ1-C-A	Negative	0.46761	0.53239
5VI6-B-A	Positive	0.374353	0.625647
5U6K-L-A	Negative	0.552951	0.447049
5U6K-N-C	Negative	0.553415	0.446585
5U6K-O-D	Negative	0.726634	0.273366
5DHM-A-C	Negative	0.724838	0.275162
5DHM-B-D	Negative	0.6853	0.3147
5ICV-C-A	Negative	0.633392	0.366608
5LAK-I-A	Positive	0.368553	0.631447
5W6V-B-A	Positive	0.235858	0.764142
5YE4-E-A	Positive	0.346458	0.653542
5WPM-C-A	Negative	0.647636	0.352364
5MGP-w-c	Positive	0.406526	0.593474
5J19-C-A	Positive	0.345234	0.654766
5J19-D-A	Negative	0.589083	0.410917
5VLA-Z-A	Negative	0.929925	0.0700752
5ZOP-A-G	Positive	0.332762	0.667238
5FYQ-D-A	Positive	0.422352	0.577648
5FYQ-C-B	Positive	0.379429	0.620571
5LHZ-D-A	Negative	0.715419	0.284581
5LHZ-E-B	Negative	0.742597	0.257403
5EA0-P-H	Positive	0.277454	0.722546
5WRI-D-A	Positive	0.368524	0.631476
5NCW-B-A	Negative	0.840286	0.159714
5WXQ-P-U	Negative	0.779406	0.220594
5X8P-u-k	Positive	0.448442	0.551558
5X8P-x-m	Positive	0.2561	0.7439
5H4D-D-A	Positive	0.322051	0.677949
5LXY-D-A	Negative	0.834634	0.165366
5LXY-C-A	Negative	0.834634	0.165366
5LXY-J-A	Negative	0.872135	0.127865
5LXY-F-B	Negative	0.822658	0.177342
5LXY-N-I	Negative	0.888238	0.111762
5L2D-C-A	Negative	0.95725	0.0427501
5EEQ-L-A	Negative	0.512385	0.487615
5MG3-G-Y	Negative	0.785198	0.214802
5WG1-P-A	Negative	0.875559	0.124441
5H7L-E-A	Negative	0.912658	0.0873424
5H7L-G-B	Negative	0.920249	0.0797509
5JP2-E-A	Positive	0.394006	0.605994
5FT1-C-A	Positive	0.0564862	0.943514
5FT1-D-B	Positive	0.077293	0.922707
5FT1-F-E	Positive	0.0741726	0.925827
5FT1-H-G	Positive	0.0626642	0.937336
5FT1-J-I	Positive	0.059499	0.940501
5FT1-L-K	Positive	0.0864389	0.913561
5W5U-D-A	Positive	0.366427	0.633573
5C7Z-B-A	Positive	0.445893	0.554107
5GTB-B-A	Negative	0.849846	0.150154
5OVV-B-A	Negative	0.579711	0.420289
5XCS-C-A	Positive	0.401617	0.598383
5IXI-B-A	Negative	0.75144	0.24856
5ULO-C-A	Positive	0.353259	0.646741
5ULO-D-B	Positive	0.256964	0.743036
5IAG-D-A	Positive	0.342515	0.657485
5JTQ-E-A	Negative	0.91419	0.08581
5ZW6-C-A	Positive	0.443336	0.556664
5MEQ-C-A	Negative	0.887259	0.112741
5XZX-B-A	Positive	0.216957	0.783043
5WNB-B-H	Negative	0.763191	0.236809
5XW5-C-A	Positive	0.445967	0.554033
5IZA-B-A	Negative	0.824663	0.175337
5FLM-L-B	Negative	0.763336	0.236664
5H2X-B-A	Positive	0.283555	0.716445
5FGB-F-A	Positive	0.329644	0.670356
5FGB-G-B	Positive	0.370359	0.629641
5V1V-C-A	Negative	0.520438	0.479562
5NND-D-A	Negative	0.5	0.5
5AWU-B-A	Positive	0.382459	0.617541
5V1D-E-A	Positive	0.391328	0.608672
5VUD-C-A	Positive	0.277469	0.722531
5Y18-B-A	Negative	0.723868	0.276132
5T6Z-C-A	Negative	0.648964	0.351036
5LXH-E-A	Positive	0.433265	0.566735
5LF0-c-H	Positive	0.37387	0.62613
5KOA-D-B	Negative	0.701746	0.298254
5JW9-A-B	Negative	0.454148	0.545852
5W4G-A-B	Positive	0.267895	0.732105
5IY4-B-A	Negative	0.494825	0.505175
5IY4-F-E	Negative	0.532464	0.467536
5J8H-B-A	Negative	0.644127	0.355873
5O3U-L-A	Negative	0.606283	0.393717
5O3U-M-B	Negative	0.638845	0.361155
5O3U-N-C	Negative	0.626532	0.373468
5KDS-G-A	Positive	0.41993	0.58007
5DXB-E-B	Positive	0.285825	0.714175
5JF0-D-A	Positive	0.441941	0.558059
5D3E-C-A	Negative	0.80366	0.19634
5D3E-G-E	Negative	0.743911	0.256089
5D3E-K-I	Negative	0.554856	0.445144
5GMV-D-B	Negative	0.603757	0.396243
5M0B-B-A	Negative	0.627255	0.372745
5TU6-B-A	Negative	0.685996	0.314004
5WLI-C-A	Negative	0.763889	0.236111
5XWR-C-A	Positive	0.380311	0.619689
5Q1G-B-A	Negative	0.766033	0.233967
5MT6-B-A	Positive	0.334944	0.665056
5TGI-C-A	Negative	0.803563	0.196437
5TGI-D-A	Negative	0.729802	0.270198
5MYO-E-A	Negative	0.493862	0.506138
5E0M-C-A	Positive	0.141061	0.858939
5W5D-E-B	Negative	0.695613	0.304387
5UIE-K-B	Negative	0.886404	0.113596
5D7G-B-A	Negative	0.745299	0.254701
5D7G-F-E	Negative	0.660693	0.339307
5K18-F-A	Negative	0.677865	0.322135
5K18-E-A	Positive	0.335873	0.664127
5BWD-C-A	Negative	0.739781	0.260219
5NO4-L-H	Positive	0.378088	0.621912
5F88-E-A	Negative	0.468053	0.531947
5LEO-H-A	Positive	0.390637	0.609363
5OU9-C-A	Positive	0.254068	0.745932
5WB7-E-A	Negative	0.842258	0.157742
5WB7-F-B	Negative	0.840378	0.159622
5WB7-H-D	Negative	0.812116	0.187884
5JMO-G-A	Positive	0.353644	0.646356
5OYP-D-A	Negative	0.606818	0.393182
5NCO-k-V	Negative	0.850519	0.149481
5VTB-B-A	Positive	0.081394	0.918606
5X7B-L-A	Negative	0.464875	0.535125
5X7B-N-A	Negative	0.609881	0.390119
5LZ3-B-A	Negative	0.848661	0.151339
5DTF-P-H	Positive	0.402466	0.597534
5CVE-D-A	Positive	0.10396	0.89604
5CVE-E-B	Positive	0.108289	0.891711
5J3V-C-A	Positive	0.214039	0.785961
5EUK-E-A	Negative	0.518947	0.481053
5ITZ-D-A	Negative	0.662843	0.337157
5OCK-A-L	Negative	0.704461	0.295539
5GJY-C-A	Negative	0.818967	0.181033
5YPR-B-A	Negative	0.597614	0.402386
5OKZ-J-G	Negative	0.479857	0.520143
5OKZ-T-Q	Positive	0.229621	0.770379
5OKZ-n-k	Positive	0.320918	0.679082
5XJC-x-u	Negative	0.684032	0.315968
5OK6-D-A	Positive	0.356282	0.643718
5OK6-C-B	Negative	0.474964	0.525036
5EMB-B-A	Positive	0.428908	0.571092
5TMU-C-A	Positive	0.374188	0.625812
5NWK-P-A	Positive	0.383402	0.616598
5NWK-Q-B	Positive	0.39882	0.60118
5GG4-E-A	Positive	0.155745	0.844255
5GG4-F-A	Positive	0.0743604	0.92564
5GG4-G-C	Positive	0.0743503	0.92565
5GG4-H-C	Positive	0.137902	0.862098
5DMS-B-A	Positive	0.250792	0.749208
5DMS-D-A	Positive	0.258514	0.741486
5ANR-C-A	Positive	0.37329	0.62671
5W3P-P-L	Negative	0.629395	0.370605
5EOK-K-A	Positive	0.394652	0.605348
5ZMQ-C-B	Negative	0.903981	0.0960188
5ZMQ-G-B	Negative	0.869953	0.130047
5XAD-C-A	Negative	0.83108	0.16892
5XAD-D-B	Negative	0.815992	0.184008
5WKN-C-A	Negative	0.684603	0.315397
5WKN-D-A	Negative	0.825659	0.174341
5VB9-C-A	Negative	0.904975	0.0950248
5FC8-C-E	Positive	0.416697	0.583303
5TGJ-B-A	Negative	0.689974	0.310026
5TGJ-D-A	Negative	0.685398	0.314602
5Z2W-B-A	Negative	0.601016	0.398984
5N4B-D-A	Negative	0.842245	0.157755
5WTT-P-H	Negative	0.739626	0.260374
5YI7-B-A	Negative	0.672281	0.327719
5TWH-E-A	Negative	0.62574	0.37426
5ZOO-A-G	Positive	0.437554	0.562446
5M5G-E-B	Negative	0.822716	0.177284
5JQY-B-A	Negative	0.734893	0.265107
5HFE-B-A	Positive	0.234686	0.765314
5Z94-D-A	Positive	0.317241	0.682759
5VJX-B-A	Negative	0.67766	0.32234
5VJX-C-A	Negative	0.666838	0.333162
5VJX-b-A	Negative	0.645629	0.354371
5VJX-c-A	Negative	0.648292	0.351708
5VJX-F-D	Negative	0.592393	0.407607
5VJX-K-D	Negative	0.712225	0.287775
5VJX-L-D	Negative	0.691903	0.308097
5VJX-T-D	Negative	0.607523	0.392477
5VJX-I-G	Negative	0.632269	0.367731
5VJX-Z-G	Negative	0.670071	0.329929
5VJX-O-M	Negative	0.689675	0.310325
5VJX-Y-X	Negative	0.644329	0.355671
5VJX-d-X	Negative	0.788061	0.211939
5VJX-e-X	Negative	0.717656	0.282344
5HAW-L-A	Negative	0.831825	0.168175
5NJT-t-a	Positive	0.357949	0.642051
5NJT-q-s	Negative	0.475328	0.524672
5XYV-D-A	Negative	0.578153	0.421847
5D9S-C-A	Negative	0.814105	0.185895
5NKP-D-A	Positive	0.425792	0.574208
5HYC-C-A	Negative	0.688057	0.311943
5D9G-C-A	Positive	0.373367	0.626633
5D9G-D-A	Negative	0.513983	0.486017
5N22-E-A	Negative	0.468554	0.531446
5J3T-C-A	Negative	0.825227	0.174773
5MMM-x-m	Positive	0.22589	0.77411
5B62-B-A	Positive	0.372982	0.627018
5YLG-B-A	Negative	0.644791	0.355209
5YLG-C-A	Negative	0.697559	0.302441
5YLG-D-A	Negative	0.659378	0.340622
5MEO-C-A	Negative	0.845939	0.154061
5TRZ-P-A	Negative	0.792701	0.207299
5V6H-B-A	Negative	0.766476	0.233524
5V6H-H-A	Negative	0.774694	0.225306
5JEO-B-A	Negative	0.487316	0.512684
5AFF-B-A	Negative	0.560061	0.439939
5SVZ-B-A	Positive	0.137697	0.862303
5X6C-E-A	Negative	0.565948	0.434052
5UW7-C-A	Negative	0.481546	0.518454
5HL7-Z-K	Positive	0.345996	0.654004
5SVH-B-A	Negative	0.744915	0.255085
5NPI-E-B	Negative	0.56439	0.43561
5UJT-C-A	Negative	0.916915	0.0830855
5UJT-F-D	Negative	0.922749	0.0772513
5MY4-C-A	Positive	0.368262	0.631738
5KZT-C-A	Positive	0.253839	0.746161
5KZT-D-B	Positive	0.206861	0.793139
5JJA-C-A	Negative	0.6457	0.3543
5N4E-C-A	Negative	0.821593	0.178407
5N4E-D-B	Negative	0.74541	0.25459
5MLW-F-E	Negative	0.646648	0.353352
5F2U-C-A	Positive	0.307672	0.692328
5N8A-X-A	Negative	0.749935	0.250065
5XXB-a-D	Positive	0.192375	0.807625
5XXB-k-O	Positive	0.427908	0.572092
5B16-B-A	Negative	0.710497	0.289503
5B16-C-A	Negative	0.693084	0.306916
5HF1-B-A	Positive	0.339583	0.660417
5XCU-C-A	Positive	0.432927	0.567073
5A2K-P-H	Positive	0.258584	0.741416
5M5T-E-A	Negative	0.705503	0.294497
5M5T-G-A	Negative	0.729297	0.270703
5M5T-I-A	Negative	0.801521	0.198479
5HOG-D-A	Negative	0.777548	0.222452
5HOG-E-B	Negative	0.820681	0.179319
5WXR-P-U	Negative	0.814666	0.185334
5WES-P-A	Positive	0.29934	0.70066
5KKL-D-A	Negative	0.618907	0.381093
5NAF-E-A	Positive	0.31921	0.68079
5NAF-F-B	Positive	0.261995	0.738005
5W89-B-A	Negative	0.86662	0.13338
5D0J-L-A	Positive	0.306761	0.693239
5D0J-M-D	Positive	0.374825	0.625175
5UWS-D-C	Negative	0.950391	0.0496093
5CXV-C-A	Positive	0.335092	0.664908
5KY3-B-A	Positive	0.398797	0.601203
5LSO-C-A	Positive	0.328665	0.671335
5C27-D-A	Positive	0.399088	0.600912
5YD3-B-A	Positive	0.345905	0.654095
5YD3-F-E	Positive	0.35212	0.64788
5YD3-H-G	Positive	0.297096	0.702904
5AJJ-B-A	Negative	0.838992	0.161008
5NPJ-D-A	Negative	0.646037	0.353963
5NPJ-E-B	Negative	0.596256	0.403744
5L3F-C-A	Negative	0.455308	0.544692
5AB0-E-A	Positive	0.338835	0.661165
5ICZ-E-A	Positive	0.299616	0.700384
5D7E-C-A	Positive	0.247025	0.752975
5KY8-B-A	Negative	0.814729	0.185271
5EWZ-C-A	Positive	0.250709	0.749291
5EWZ-D-B	Positive	0.321586	0.678414
5WUM-B-A	Positive	0.124869	0.875131
5ZEB-7-G	Positive	0.421067	0.578933
5ZEB-5-U	Positive	0.332506	0.667494
5ZEB-4-6	Positive	0.417293	0.582707
5NPS-D-A	Negative	0.5	0.5
5SVI-A-B	Negative	0.574717	0.425283
5JTO-E-A	Negative	0.718597	0.281403
5ZZ8-u-q	Negative	0.740755	0.259245
5LNK-x-N	Negative	0.83158	0.16842
5XFR-C-A	Positive	0.340465	0.659535
5ONS-B-A	Negative	0.826145	0.173855
5CNO-X-A	Negative	0.624108	0.375892
5ZZN-I-A	Negative	0.833514	0.166486
5ZZN-L-A	Negative	0.792852	0.207148
5KQV-A-E	Negative	0.78418	0.21582
5KQV-B-E	Negative	0.955921	0.0440792
5OCX-A-L	Positive	0.33726	0.66274
5Q16-B-A	Negative	0.745767	0.254233
5Q16-D-C	Negative	0.709547	0.290453
5JUB-C-A	Negative	0.623983	0.376017
5T1G-B-A	Negative	0.642316	0.357684
5NTJ-B-A	Negative	0.554939	0.445061
5N5R-P-A	Positive	0.22908	0.77092
5WWU-E-A	Negative	0.529232	0.470768
5XOS-C-A	Negative	0.690154	0.309846
5VH0-B-A	Negative	0.902041	0.0979587
5NWJ-P-A	Negative	0.470021	0.529979
5IQN-B-A	Negative	0.626155	0.373845
5Y21-C-A	Positive	0.179374	0.820626
5Y21-D-A	Positive	0.193025	0.806975
5SW9-B-A	Negative	0.605426	0.394574
5NAS-C-A	Positive	0.134302	0.865698
5DOW-B-A	Negative	0.526634	0.473366
5VNG-D-B	Negative	0.471566	0.528434
5ACZ-C-A	Negative	0.622926	0.377074
5VNK-D-B	Negative	0.528677	0.471323
5N4W-V-A	Negative	0.808836	0.191164
5OTV-D-C	Negative	0.840777	0.159223
5OTV-B-A	Negative	0.880064	0.119936
5AWT-B-A	Positive	0.35565	0.64435
5DXA-F-A	Positive	0.257191	0.742809
5DXA-G-B	Positive	0.386305	0.613695
5ZNP-P-A	Positive	0.106043	0.893957
5EN7-B-A	Negative	0.701976	0.298024
5EN7-D-C	Negative	0.780057	0.219943
5EN7-F-C	Negative	0.540054	0.459946
5EN7-H-G	Negative	0.849418	0.150582
5WTB-F-D	Positive	0.351963	0.648037
5WTB-H-D	Positive	0.26495	0.73505
5JFZ-B-A	Negative	0.733284	0.266716
5JFZ-D-C	Negative	0.697568	0.302432
5MHL-K-A	Negative	0.666148	0.333852
5X8Q-B-A	Negative	0.909604	0.0903957
5X8Q-F-A	Negative	0.925777	0.0742226
5EU3-C-A	Negative	0.687066	0.312934
5BS2-R-A	Positive	0.438631	0.561369
5FCG-C-A	Negative	0.927685	0.0723152
5OYL-D-A	Negative	0.5	0.5
5MYX-E-A	Negative	0.574573	0.425427
5MYX-F-C	Negative	0.71352	0.28648
5HPM-E-A	Positive	0.348475	0.651525
5CIL-P-H	Negative	0.506356	0.493644
5XOD-B-A	Negative	0.575073	0.424927
5NIN-D-B	Negative	0.876188	0.123812
5UMZ-E-B	Positive	0.320196	0.679804
5UMZ-D-B	Positive	0.239119	0.760881
5C3G-B-A	Negative	0.96263	0.0373702
5V93-1-3	Negative	0.465626	0.534374
5V93-6-F	Negative	0.660145	0.339855
5V93-4-G	Positive	0.432578	0.567422
5V93-H-X	Negative	0.873797	0.126203
5ZK1-C-A	Negative	0.583162	0.416838
5N8E-F-A	Negative	0.524588	0.475412
5N8E-E-B	Negative	0.473337	0.526663
5WYL-B-A	Negative	0.945936	0.0540637
5WYL-D-A	Negative	0.920744	0.0792564
5CUL-A-B	Negative	0.583271	0.416729
5Y91-C-A	Negative	0.863722	0.136278
5KZP-A-H	Negative	0.507689	0.492311
5KZP-B-H	Negative	0.507689	0.492311
5UN8-E-A	Positive	0.394976	0.605024
5UN8-G-A	Positive	0.354088	0.645912
5UN8-F-B	Positive	0.381793	0.618207
5MLC-2-P	Negative	0.584882	0.415118
5MLC-8-S	Positive	0.415361	0.584639
5MLC-I-Y	Negative	0.886929	0.113071
5Z08-D-B	Negative	0.861723	0.138277
5KY5-B-A	Negative	0.530356	0.469644
5L6N-I-H	Positive	0.118976	0.881024
5I7Z-B-A	Positive	0.337266	0.662734
5VMR-C-A	Negative	0.839648	0.160352
5VMR-D-B	Negative	0.864722	0.135278
5E8J-C-A	Negative	0.724467	0.275533
5E8J-D-B	Negative	0.709367	0.290633
5EXK-B-A	Positive	0.128325	0.871675
5EXK-F-E	Positive	0.186551	0.813449
5EXK-J-I	Positive	0.291437	0.708563
5E2A-D-A	Positive	0.328653	0.671347
5HQ8-I-A	Positive	0.449828	0.550172
5HQ8-J-B	Positive	0.350737	0.649263
5I0Q-A-B	Negative	0.789964	0.210036
5Z2Q-D-A	Negative	0.607027	0.392973
5Z2Q-C-B	Negative	0.642091	0.357909
5XJO-E-A	Negative	0.557309	0.442691
5CQX-C-A	Negative	0.566252	0.433748
5EOD-B-A	Positive	0.38777	0.61223
5W3M-D-A	Negative	0.64014	0.35986
5OL0-C-A	Positive	0.425289	0.574711
5OL0-D-A	Positive	0.360372	0.639628
5NIF-4-E	Positive	0.357103	0.642897
5LF6-c-K	Negative	0.52755	0.47245
5YPZ-D-A	Negative	0.741431	0.258569
5NNC-C-A	Positive	0.344396	0.655604
5C3F-B-A	Negative	0.757121	0.242879
5AZG-C-A	Positive	0.413523	0.586477
5AZG-D-A	Positive	0.420812	0.579188
5U3N-A-H	Negative	0.786511	0.213489
5ZS3-U-A	Negative	0.588444	0.411556
5TDC-B-A	Negative	0.457672	0.542328
5TDC-D-C	Positive	0.378243	0.621757
5MFI-D-A	Positive	0.315826	0.684174
5GM6-n-T	Positive	0.202926	0.797074
5SVE-C-A	Negative	0.714747	0.285253
5VX2-B-A	Negative	0.637155	0.362845
5FWE-D-B	Positive	0.286064	0.713936
5KLT-A-B	Negative	0.544865	0.455135
5FOS-C-A	Negative	0.677671	0.322329
5V6M-P-L	Negative	0.5	0.5
5N7F-C-A	Negative	0.52788	0.47212
5EYZ-E-A	Positive	0.348111	0.651889
5HZ0-A-B	Positive	0.0919994	0.908001
5J7J-B-A	Negative	0.554925	0.445075
5M3J-X-A	Positive	0.305911	0.694089
5EFN-F-B	Positive	0.330623	0.669377
5CRW-B-A	Negative	0.694133	0.305867
5J3H-B-E	Positive	0.375552	0.624448
5MY9-P-A	Positive	0.357235	0.642765
5EOT-C-A	Negative	0.861255	0.138745
5NTW-Q-B	Negative	0.760871	0.239129
5J4T-D-A	Negative	0.576112	0.423888
5HKP-C-A	Positive	0.226487	0.773513
5HKP-D-B	Positive	0.211352	0.788648
5NQF-B-A	Negative	0.619955	0.380045
5GH9-B-A	Positive	0.33414	0.66586
5M5U-E-A	Negative	0.811684	0.188316
5M5U-G-A	Negative	0.742031	0.257969
5YC2-B-A	Negative	0.453563	0.546437
5YC2-D-A	Negative	0.464448	0.535552
5GMJ-D-A	Positive	0.389159	0.610841
5GMJ-C-B	Positive	0.342303	0.657697
5YQ7-T-L	Negative	0.880074	0.119926
5YQ7-V-L	Negative	0.880074	0.119926
5YQ7-R-L	Negative	0.880074	0.119926
5YQ7-2-C	Negative	0.905427	0.0945732
5N89-G-A	Positive	0.342176	0.657824
5BNW-D-A	Positive	0.29981	0.70019
5DXG-C-A	Positive	0.285825	0.714175
5DXG-D-B	Positive	0.354522	0.645478
5VLI-C-A	Negative	0.907152	0.0928484
5CJB-B-A	Positive	0.283509	0.716491
5CJB-C-A	Positive	0.286416	0.713584
5IZ6-B-A	Negative	0.839597	0.160403
5ONA-C-B	Negative	0.709847	0.290153
5ONA-F-E	Negative	0.753429	0.246571
5L9B-C-A	Negative	0.89419	0.10581
5LUZ-C-A	Positive	0.178329	0.821671
5LUZ-P-A	Positive	0.409199	0.590801
5LUZ-D-B	Positive	0.143407	0.856593
5FQ8-Q-C	Positive	0.387208	0.612792
5WSH-C-A	Negative	0.72792	0.27208
5LXI-C-D	Negative	0.464511	0.535489
5LXI-E-B	Negative	0.482476	0.517524
5C56-B-A	Positive	0.110504	0.889496
5C0A-C-A	Negative	0.945802	0.0541982
5C0A-H-F	Negative	0.945802	0.0541982
5MK3-E-A	Negative	0.783237	0.216763
5MK3-G-C	Negative	0.823039	0.176961
5MLO-B-A	Positive	0.422057	0.577943
5MLO-D-C	Positive	0.394301	0.605699
5MLO-F-E	Negative	0.511897	0.488103
5NC7-I-A	Positive	0.246201	0.753799
5NC7-W-A	Positive	0.224372	0.775628
5NC7-X-B	Positive	0.182126	0.817874
5NC7-Y-C	Positive	0.307641	0.692359
5JEM-C-A	Negative	0.702051	0.297949
5YBE-B-A	Positive	0.324652	0.675348
5IMQ-1-e	Negative	0.585371	0.414629
5IMQ-y-p	Positive	0.288808	0.711192
5IMQ-x-z	Negative	0.604266	0.395734
5GN0-E-A	Negative	0.609573	0.390427
5GN0-F-A	Negative	0.63416	0.36584
5GN0-G-B	Negative	0.576693	0.423307
5HYQ-E-A	Positive	0.435835	0.564165
5KN5-C-A	Negative	0.732393	0.267607
5KN5-F-B	Negative	0.765241	0.234759
5HM1-D-A	Negative	0.941346	0.0586542
5W4S-B-A	Negative	0.461477	0.538523
5YY9-C-A	Positive	0.200542	0.799458
5YY9-D-A	Positive	0.0880975	0.911902
5MCO-B-A	Negative	0.739916	0.260084
5ZGB-J-A	Negative	0.940368	0.0596323
5EOC-P-H	Negative	0.731072	0.268928
5E8O-C-A	Negative	0.874328	0.125672
5DRZ-P-L	Negative	0.813313	0.186687
5CZI-B-A	Positive	0.299467	0.700533
5OO6-C-A	Negative	0.591862	0.408138
5OO6-U-D	Positive	0.441935	0.558065
5OO6-I-G	Negative	0.562223	0.437777
5VBC-D-A	Negative	0.508504	0.491496
5VYP-K-U	Positive	0.389151	0.610849
5HFB-B-A	Positive	0.351751	0.648249
5VZY-A-H	Negative	0.786552	0.213448
5ODT-B-A	Negative	0.767195	0.232805
5B66-I-A	Negative	0.833514	0.166486
5B66-J-A	Negative	0.941994	0.0580058
5B66-M-A	Negative	0.918295	0.0817049
5B66-T-A	Negative	0.912135	0.0878653
5B66-j-a	Negative	0.953122	0.046878
5V2C-F-A	Negative	0.901285	0.0987155
5V2C-I-A	Negative	0.881831	0.118169
5V2C-J-A	Negative	0.932329	0.0676707
5V2C-T-A	Negative	0.905067	0.0949326
5V2C-Y-C	Negative	0.962136	0.0378638
5V2C-f-a	Negative	0.903681	0.0963187
5V2C-j-a	Negative	0.932329	0.0676707
5T5P-a-A	Positive	0.312481	0.687519
5T5P-b-B	Positive	0.321557	0.678443
5L0S-B-A	Positive	0.444162	0.555838
5GMK-G-A	Negative	0.570019	0.429981
5FBY-B-A	Negative	0.894112	0.105888
5M5V-E-A	Negative	0.554898	0.445102
5M5V-G-A	Negative	0.637753	0.362247
5M5V-I-A	Negative	0.726678	0.273322
5IJK-X-A	Positive	0.373863	0.626137
5IJK-Y-B	Positive	0.293951	0.706049
5KD7-P-A	Negative	0.789866	0.210134
5GPI-G-H	Negative	0.861807	0.138193
5MB9-D-A	Negative	0.651244	0.348756
5MB9-C-B	Negative	0.562301	0.437699
5GJH-B-A	Positive	0.431055	0.568945
5WMR-C-A	Negative	0.752774	0.247226
5FC3-A-B	Negative	0.534921	0.465079
5VX3-B-A	Negative	0.747125	0.252875
5VX3-D-A	Negative	0.729457	0.270543
5VX3-F-E	Negative	0.729457	0.270543
5VX3-H-G	Negative	0.802878	0.197122
5DI9-D-C	Negative	0.710972	0.289028
5JEL-B-A	Negative	0.696581	0.303419
5AF6-G-A	Negative	0.532853	0.467147
5AF6-H-A	Negative	0.590082	0.409918
5AF6-J-B	Negative	0.587422	0.412578
5DZK-O-A	Negative	0.52755	0.47245
5L9T-M-C	Negative	0.927164	0.072836
5OTT-B-A	Negative	0.733444	0.266556
5FFV-C-A	Positive	0.261998	0.738002
5G5L-L-B	Negative	0.777538	0.222462
5IUE-K-A	Negative	0.47868	0.52132
5IUE-N-I	Negative	0.545514	0.454486
5OSN-D-A	Negative	0.68164	0.31836
5ONQ-B-A	Negative	0.71128	0.28872
5MW0-C-A	Negative	0.891385	0.108615
5UFS-C-A	Negative	0.854939	0.145061
5EU5-C-A	Negative	0.744521	0.255479
5VAQ-C-A	Positive	0.260723	0.739277
5OX2-P-A	Negative	0.696466	0.303534
5YF4-B-A	Positive	0.296824	0.703176
5V6Y-E-A	Negative	0.725163	0.274837
5V6Y-G-C	Negative	0.804834	0.195166
5TDD-B-A	Positive	0.400891	0.599109
5HL0-B-A	Positive	0.368859	0.631141
5V6L-P-L	Negative	0.839772	0.160228
5V6L-Q-M	Negative	0.884924	0.115076
5JJM-M-A	Positive	0.298744	0.701256
5JJM-G-A	Negative	0.752398	0.247602
5JJM-H-B	Negative	0.839186	0.160814
5NQV-E-A	Negative	0.740337	0.259663
5NQV-G-C	Negative	0.52478	0.47522
5NQV-H-D	Negative	0.627759	0.372241
5XCV-C-A	Negative	0.880978	0.119022
5XCV-F-D	Negative	0.819032	0.180968
5J9S-B-A	Negative	0.452769	0.547231
5D13-E-A	Positive	0.339538	0.660462
5T6J-C-A	Negative	0.571764	0.428236
5F1I-C-A	Negative	0.621934	0.378066
5FN4-G-A	Negative	0.520596	0.479404
5WRM-P-A	Negative	0.592507	0.407493
5WJC-B-A	Negative	0.621669	0.378331
5LY1-E-C	Negative	0.620589	0.379411
5W4F-A-B	Positive	0.20036	0.79964
5W4F-D-B	Positive	0.220854	0.779146
5V2P-B-A	Negative	0.787608	0.212392
5Y88-R-A	Negative	0.592348	0.407652
5IZ8-C-A	Negative	0.836425	0.163575
5VWV-B-A	Negative	0.802941	0.197059
5NX3-D-A	Negative	0.860713	0.139287
5WPL-I-A	Negative	0.71886	0.28114
5WPL-L-D	Negative	0.707724	0.292276
5O3W-W-A	Positive	0.436836	0.563164
5O3W-Z-D	Negative	0.774814	0.225186
5EPM-C-A	Positive	0.418758	0.581242
5QU2-D-A	Positive	0.223778	0.776222
5QU2-E-B	Positive	0.223778	0.776222
5IZ0-C-A	Negative	0.737219	0.262781
5IZ0-H-D	Negative	0.685638	0.314362
5MT7-B-A	Positive	0.386471	0.613529
5UWU-D-C	Negative	0.831902	0.168098
5HAX-B-A	Negative	0.792577	0.207423
5EU6-C-A	Negative	0.759776	0.240224
5X08-P-H	Negative	0.474507	0.525493
5M5R-C-A	Negative	0.788999	0.211001
5M5R-D-A	Negative	0.79305	0.20695
5M72-B-A	Negative	0.883217	0.116783
5Y81-E-D	Negative	0.781397	0.218603
5GJI-B-A	Positive	0.431055	0.568945
5HYP-B-A	Negative	0.844356	0.155644
5IBK-B-A	Negative	0.887081	0.112919
5IBK-E-A	Negative	0.891171	0.108829
5H2V-B-A	Positive	0.368701	0.631299
5XGL-F-A	Negative	0.63303	0.36697
5L3G-C-A	Negative	0.52755	0.47245
5GMY-B-A	Negative	0.550265	0.449735
5ONR-B-A	Negative	0.481567	0.518433
5MSM-C-A	Negative	0.824231	0.175769
5MSM-F-A	Negative	0.81023	0.18977
5VNH-D-B	Positive	0.293509	0.706491
5KSV-C-A	Negative	0.897377	0.102623
5GSD-C-A	Positive	0.154553	0.845447
5OOQ-C-A	Negative	0.89965	0.10035
5OOQ-D-B	Negative	0.937207	0.0627933
5KD4-P-A	Negative	0.846065	0.153935
5KY2-B-A	Positive	0.352769	0.647231
5FB0-D-A	Positive	0.166971	0.833029
5M5S-G-A	Negative	0.703535	0.296465
5MW9-C-A	Negative	0.890525	0.109475
5MW9-D-A	Negative	0.870081	0.129919
5NP6-C-c	Negative	0.74409	0.25591
5HCE-D-B	Negative	0.781894	0.218106
5VAO-E-B	Negative	0.597894	0.402106
5V2Q-B-A	Negative	0.839647	0.160353
5KAI-J-A	Negative	0.941994	0.0580058
5KAI-T-A	Negative	0.905067	0.0949326
5KAI-j-a	Negative	0.941994	0.0580058
5A31-T-A	Positive	0.440793	0.559207
5A31-V-L	Negative	0.74165	0.25835
5E33-B-A	Negative	0.611039	0.388961
5WRD-C-A	Negative	0.777879	0.222121
5MTW-E-C	Negative	0.460752	0.539248
5ABY-B-A	Negative	0.869942	0.130058
5ABY-F-C	Negative	0.809719	0.190281
5E79-I-A	Negative	0.897043	0.102957
5OA1-9-U	Negative	0.519809	0.480191
5OA1-1-V	Negative	0.520461	0.479539
5OA1-4-W	Negative	0.521933	0.478067
5XS3-C-A	Negative	0.573079	0.426921
5ZK5-B-A	Positive	0.419272	0.580728
5HIT-B-A	Negative	0.653444	0.346556
5FC2-A-B	Negative	0.585107	0.414893
5WRK-P-A	Negative	0.560388	0.439612
5C0E-C-A	Negative	0.650599	0.349401
5V6E-B-A	Negative	0.727313	0.272687
5SWF-B-A	Negative	0.537881	0.462119
5H7G-C-A	Negative	0.834821	0.165179
5ESQ-E-A	Positive	0.348475	0.651525
5XUP-D-B	Negative	0.589918	0.410082
5JHQ-E-A	Negative	0.479907	0.520093
5JHQ-F-A	Positive	0.326978	0.673022
5JHQ-G-B	Negative	0.458937	0.541063
5JHQ-H-B	Positive	0.302586	0.697414
5JHQ-L-D	Positive	0.435403	0.564597
5X8N-B-A	Positive	0.235088	0.764912
5R4B-A-B	Negative	0.902815	0.097185
5KHU-B-N	Negative	0.795312	0.204688
5KHU-M-P	Negative	0.917479	0.0825211
5KHU-U-S	Negative	0.761719	0.238281
5WE0-B-A	Negative	0.788715	0.211285
5WE0-C-A	Negative	0.827645	0.172355
5WE0-E-D	Negative	0.712075	0.287925
5WE0-F-D	Negative	0.81052	0.18948
5WE0-I-D	Negative	0.883083	0.116917
5Y2F-C-A	Positive	0.162803	0.837197
5BK0-E-A	Positive	0.33839	0.66161
5WN9-A-H	Positive	0.448753	0.551247
5JHF-G-C	Positive	0.314363	0.685637
5JHF-I-C	Positive	0.30517	0.69483
5O5J-g-M	Negative	0.587957	0.412043
5LU1-C-A	Negative	0.454699	0.545301
5AM8-P-A	Positive	0.352712	0.647288
5WOU-V-A	Negative	0.725024	0.274976
5G04-S-L	Negative	0.602243	0.397757
5U1M-B-A	Negative	0.650076	0.349924
5MFJ-C-A	Positive	0.31607	0.68393
5NL1-H-A	Negative	0.704745	0.295255
5NL1-J-A	Negative	0.718645	0.281355
5NL1-K-A	Negative	0.751681	0.248319
5NL1-L-E	Negative	0.722882	0.277118
5F0P-D-B	Positive	0.345777	0.654223
5UUK-B-A	Negative	0.878036	0.121964
5HYT-A-B	Negative	0.671741	0.328259
5HYT-C-B	Negative	0.750802	0.249198
5ZJI-J-2	Negative	0.920461	0.079539
5GLH-B-A	Negative	0.857169	0.142831
5JTP-E-A	Negative	0.902392	0.0976077
5V8Z-B-A	Negative	0.549711	0.450289
5TQC-B-A	Negative	0.779927	0.220073
5WBH-W-C	Negative	0.591988	0.408012
5FOT-C-A	Positive	0.368127	0.631873
5LSK-P-A	Negative	0.724336	0.275664
5OJR-E-A	Negative	0.734029	0.265971
5OJR-F-B	Negative	0.712366	0.287634
5X94-L-A	Negative	0.5	0.5
5X94-N-A	Negative	0.538771	0.461229
5X94-M-B	Negative	0.730429	0.269571
5X94-O-B	Negative	0.465368	0.534632
5LMF-C-A	Negative	0.535666	0.464334
5AJO-B-A	Positive	0.288991	0.711009
5D2D-C-A	Negative	0.704079	0.295921
5XVW-D-A	Negative	0.532285	0.467715
5XVW-F-C	Positive	0.434301	0.565699
5DWQ-F-A	Positive	0.40925	0.59075
5DWQ-G-C	Positive	0.277068	0.722932
5U4J-c-e	Negative	0.730598	0.269402
5GRQ-C-A	Negative	0.707888	0.292112
5GRQ-D-B	Positive	0.399429	0.600571
5M3H-X-A	Positive	0.321102	0.678898
5M3H-Y-A	Positive	0.255241	0.744759
5H17-B-A	Negative	0.534137	0.465863
5KTB-C-A	Negative	0.728695	0.271305
5MU0-Q-A	Negative	0.585195	0.414805
5MU0-V-B	Negative	0.585195	0.414805
5VAY-E-A	Negative	0.779069	0.220931
5VAY-G-A	Negative	0.805586	0.194414
5VAY-H-D	Negative	0.790343	0.209657
5YMV-C-A	Negative	0.931392	0.0686076
5MDW-6-7	Negative	0.470614	0.529386
5WHH-B-A	Negative	0.72567	0.27433
5E8F-D-A	Positive	0.217219	0.782781
5IOH-B-A	Negative	0.624487	0.375513
5IOH-D-A	Negative	0.735366	0.264634
5LV0-C-A	Negative	0.6114	0.3886
5UWI-D-C	Negative	0.837229	0.162771
5FDW-C-A	Negative	0.806063	0.193937
5JY0-B-A	Negative	0.474685	0.525315
5UUL-B-A	Negative	0.773954	0.226046
5FVL-C-A	Negative	0.583483	0.416517
5FVL-D-A	Positive	0.424385	0.575615
5GTI-f-a	Negative	0.939841	0.0601591
5Y1U-D-A	Positive	0.306341	0.693659
5Y1U-C-B	Positive	0.306341	0.693659
5E50-C-A	Positive	0.364774	0.635226
5FW5-C-A	Negative	0.853285	0.146715
5MK2-C-A	Negative	0.645883	0.354117
5CX3-E-A	Negative	0.600467	0.399533
5CX3-F-B	Negative	0.782124	0.217876
5CX3-H-D	Negative	0.828615	0.171385
5LAX-E-A	Negative	0.542502	0.457498
5B78-B-A	Positive	0.209671	0.790329
5KY4-B-A	Negative	0.627767	0.372233
5M9D-B-A	Positive	0.224216	0.775784
5FMK-B-A	Negative	0.785271	0.214729
5DMG-P-H	Negative	0.875785	0.124215
5DMG-Z-C	Negative	0.834908	0.165092
5DMG-X-E	Negative	0.774362	0.225638
5BWN-B-A	Positive	0.339615	0.660385
5E0L-C-A	Negative	0.543464	0.456536
5OHG-C-A	Negative	0.685731	0.314269
5OHG-J-B	Negative	0.653445	0.346555
5HTC-C-A	Positive	0.18418	0.81582
5E3C-B-A	Negative	0.486695	0.513305
5MJY-E-A	Negative	0.757915	0.242085
5BWO-B-A	Positive	0.29052	0.70948
5WLB-B-A	Negative	0.601495	0.398505
5WLB-C-A	Negative	0.760685	0.239315
5WLB-E-D	Negative	0.62014	0.37986
5WLB-F-D	Negative	0.808214	0.191786
5KNM-N-A	Negative	0.481533	0.518467
5MXO-P-A	Positive	0.371021	0.628979
5D94-B-A	Negative	0.844927	0.155073
5C1B-U-A	Negative	0.49112	0.50888
5C1B-V-D	Negative	0.57835	0.42165
5H2W-B-A	Positive	0.23834	0.76166
5N7X-D-A	Negative	0.510269	0.489731
5K8Q-B-A	Negative	0.577115	0.422885
5KXH-B-A	Positive	0.357366	0.642634
5J3Q-B-A	Negative	0.611141	0.388859
5J3Q-D-C	Negative	0.5	0.5
5WXF-P-U	Negative	0.83373	0.16627
5OAQ-L-A	Negative	0.659948	0.340052
5E00-C-A	Negative	0.74912	0.25088
5M9E-E-A	Positive	0.230274	0.769726
5M9E-F-A	Positive	0.308302	0.691698
5M9E-H-A	Positive	0.237894	0.762106
5M9E-G-C	Positive	0.340612	0.659388
5IZ2-Z-B	Positive	0.379153	0.620847
5I22-B-A	Positive	0.24866	0.75134
5XFQ-E-A	Positive	0.442155	0.557845
5TXS-C-A	Negative	0.661299	0.338701
5FMJ-B-A	Negative	0.815986	0.184014
5AX3-B-A	Negative	0.86861	0.13139
5FZT-B-A	Negative	0.694638	0.305362
5AD0-C-A	Negative	0.661586	0.338414
5LM1-B-A	Negative	0.459352	0.540648
5AMB-P-A	Positive	0.450446	0.549554
5L0U-B-A	Negative	0.530356	0.469644
5OT7-b-d	Negative	0.650318	0.349682
5OT7-c-y	Positive	0.313695	0.686305
5YQZ-P-R	Negative	0.600737	0.399263
5EEL-M-A	Positive	0.430989	0.569011
5EEL-P-C	Positive	0.430989	0.569011
5HHG-C-E	Positive	0.416646	0.583354
5IXQ-B-A	Positive	0.0748624	0.925138
5HYX-A-B	Positive	0.0611214	0.938879
5INB-B-A	Negative	0.647282	0.352718
5I25-B-A	Positive	0.26572	0.73428
5UY9-B-A	Positive	0.202342	0.797658
5T5J-b-B	Positive	0.293509	0.706491
5CZH-B-A	Positive	0.356146	0.643854
5WE2-B-A	Negative	0.731985	0.268015
5WE2-D-C	Negative	0.712075	0.287925
5WE2-F-C	Negative	0.600991	0.399009
5XNL-F-A	Negative	0.899462	0.100538
5XNL-I-A	Negative	0.891216	0.108784
5XNL-J-A	Negative	0.908912	0.0910882
5XNL-M-A	Negative	0.935258	0.0647424
5XNL-T-A	Negative	0.9258	0.0742004
5XNL-X-B	Negative	0.843789	0.156211
5OCY-C-H	Positive	0.316962	0.683038
5E2W-P-L	Positive	0.197107	0.802893
5NCT-C-A	Negative	0.820937	0.179063
5MTF-C-A	Positive	0.327831	0.672169
5T48-B-A	Negative	0.576231	0.423769
5FA4-C-A	Negative	0.759019	0.240981
5DAH-D-A	Positive	0.418795	0.581205
5YLX-C-A	Negative	0.717776	0.282224
5KSB-J-A	Positive	0.167452	0.832548
5O76-B-A	Positive	0.201691	0.798309
5E1D-D-A	Negative	0.470512	0.529488
5F5V-C-A	Negative	0.572995	0.427005
5U5F-D-A	Positive	0.40334	0.59666
5EXA-D-A	Positive	0.184395	0.815605
5CSF-C-A	Negative	0.777994	0.222006
5IZU-B-A	Negative	0.87506	0.12494
5XYM-1-3	Negative	0.66732	0.33268
5XYM-H-X	Negative	0.962829	0.0371706
5AGW-C-A	Negative	0.904904	0.0950957
5W8F-B-A	Negative	0.859276	0.140724
5E8P-C-A	Negative	0.840119	0.159881
5K3Y-D-A	Negative	0.764281	0.235719
5TUV-C-A	Negative	0.587256	0.412744
5TUV-F-D	Negative	0.754064	0.245936
5FML-A-B	Negative	0.522588	0.477412
5OAV-D-A	Positive	0.114232	0.885768
5NNG-B-A	Negative	0.47588	0.52412
5JP4-B-A	Negative	0.826594	0.173406
5ZQG-C-A	Negative	0.86549	0.13451
5U5R-B-A	Positive	0.314632	0.685368
5TQS-E-A	Positive	0.418388	0.581612
5TQS-F-A	Negative	0.463375	0.536625
5TQS-G-C	Negative	0.481646	0.518354
5TQS-H-D	Negative	0.477086	0.522914
5JNB-E-A	Negative	0.717046	0.282954
5JNB-G-A	Negative	0.758375	0.241625
5JNB-H-B	Negative	0.793931	0.206069
5IR6-C-A	Negative	0.962082	0.0379177
5EIV-C-A	Positive	0.304417	0.695583
5EIV-D-A	Positive	0.300611	0.699389
5EIV-F-A	Positive	0.304417	0.695583
5EIV-I-A	Positive	0.331393	0.668607
5EIV-K-A	Positive	0.331393	0.668607
5V1A-B-A	Negative	0.464349	0.535651
5F8Z-B-A	Negative	0.892021	0.107979
5ZVM-a-A	Negative	0.877085	0.122915
5ZVM-c-A	Negative	0.86424	0.13576
5ZVM-b-B	Negative	0.836814	0.163186
5W0K-X-A	Negative	0.67064	0.32936
5W0K-Y-C	Negative	0.713408	0.286592
5DDH-C-A	Negative	0.798432	0.201568
5WQL-G-C	Positive	0.226803	0.773197
5OM2-B-A	Negative	0.707533	0.292467
5N32-B-A	Negative	0.7742	0.2258
5VA9-C-A	Negative	0.708947	0.291053
5Q13-B-A	Negative	0.606497	0.393503
5H9B-B-A	Negative	0.827259	0.172741
5GSB-C-A	Negative	0.676886	0.323114
5W2J-F-B	Negative	0.897103	0.102897
5H5S-B-A	Negative	0.604485	0.395515
5M36-C-A	Positive	0.267257	0.732743
5M36-D-A	Positive	0.256373	0.743627
5OWU-B-A	Positive	0.447166	0.552834
5XNM-J-A	Negative	0.892311	0.107689
5YGD-D-A	Positive	0.137843	0.862157
5U5M-D-A	Negative	0.5	0.5
5F5T-D-A	Negative	0.695504	0.304496
5UXX-B-A	Negative	0.892932	0.107068
5UXX-D-A	Negative	0.901549	0.098451
5ZWN-x-R	Negative	0.520426	0.479574
5ZWN-X-T	Negative	0.791301	0.208699
5UML-C-A	Negative	0.578652	0.421348
5ET1-C-A	Positive	0.423598	0.576402
5ET1-D-B	Positive	0.423598	0.576402
5CQ2-B-A	Negative	0.681394	0.318606
5CQ2-C-A	Negative	0.681394	0.318606
5N8W-D-A	Positive	0.389315	0.610685
5FPX-E-A	Positive	0.241469	0.758531
5FPX-F-B	Positive	0.258502	0.741498
5NE4-4-1	Negative	0.727765	0.272235
5A2I-P-H	Positive	0.238041	0.761959
5DMV-D-C	Negative	0.863785	0.136215
5FBZ-E-A	Positive	0.326236	0.673764
5CWS-F-B	Negative	0.872357	0.127643
5FUR-L-I	Negative	0.829027	0.170973
5MOC-P-A	Positive	0.424348	0.575652
5YW1-A-B	Negative	0.800363	0.199637
5HCC-D-B	Negative	0.731841	0.268159
5VWZ-B-A	Negative	0.785354	0.214646
5VWZ-D-A	Negative	0.785354	0.214646
5ZNR-P-A	Negative	0.489107	0.510893
5YV5-B-A	Negative	0.839976	0.160024
5GXW-B-A	Positive	0.271579	0.728421
5LI0-8-H	Positive	0.42088	0.57912
5TED-H-A	Negative	0.825502	0.174498
5BXO-C-A	Negative	0.570839	0.429161
5O9T-C-A	Positive	0.27601	0.72399
5X54-C-A	Positive	0.368127	0.631873
5TZP-B-A	Negative	0.905315	0.0946851
5DIF-D-C	Negative	0.69508	0.30492
5V90-D-C	Negative	0.593043	0.406957
5V90-B-A	Negative	0.717883	0.282117
5OVC-B-A	Positive	0.405756	0.594244
5UA5-B-A	Negative	0.475517	0.524483
5XYW-B-A	Negative	0.918059	0.0819407
5XYW-C-A	Negative	0.704154	0.295846
5XYW-D-A	Negative	0.719858	0.280142
5U1Q-L-A	Positive	0.41571	0.58429
5U1Q-M-B	Positive	0.41571	0.58429
5NC2-I-A	Positive	0.207104	0.792896
5NC2-J-B	Positive	0.194778	0.805222
5H2F-J-A	Negative	0.941994	0.0580058
5H2F-L-A	Negative	0.813356	0.186644
5H2F-f-a	Negative	0.939841	0.0601591
5H2F-j-a	Negative	0.953122	0.046878
5F74-B-A	Negative	0.797855	0.202145
5U3M-A-H	Negative	0.738468	0.261532
5LSJ-P-A	Negative	0.632089	0.367911
5LSJ-Q-C	Negative	0.557026	0.442974
5YVY-A-B	Negative	0.76843	0.23157
5ZT0-G-A	Negative	0.854982	0.145018
5Q0P-D-C	Negative	0.54069	0.45931
5XWJ-C-A	Positive	0.292608	0.707392
5N5W-P-A	Positive	0.174915	0.825085
5DX8-E-A	Negative	0.701599	0.298401
5DX8-H-A	Negative	0.478367	0.521633
5DX8-F-B	Negative	0.699162	0.300838
5DX8-G-C	Negative	0.522841	0.477159
5FOX-C-A	Positive	0.416656	0.583344
5C5R-C-A	Negative	0.811789	0.188211
5ZOB-I-B	Positive	0.328541	0.671459
5BUO-B-A	Negative	0.618384	0.381616
5IOK-C-A	Positive	0.141827	0.858173
5M61-E-A	Negative	0.678433	0.321567
5M61-G-A	Negative	0.645902	0.354098
5JBH-Y-3	Negative	0.649717	0.350283
5JBH-0-M	Positive	0.38312	0.61688
5VA6-C-A	Negative	0.722522	0.277478
5VK0-B-A	Negative	0.493839	0.506161
5VK0-X-E	Negative	0.493839	0.506161
5W93-E-B	Negative	0.841412	0.158588
5IVZ-E-A	Positive	0.384671	0.615329
5T46-B-A	Negative	0.83567	0.16433
5T46-D-A	Negative	0.826927	0.173073
5D6Y-a-A	Positive	0.413522	0.586478
5D6Y-d-A	Negative	0.695255	0.304745
5E8D-A-H	Negative	0.833253	0.166747
5WHE-F-A	Negative	0.707724	0.292276
5YD5-B-A	Negative	0.648462	0.351538
5HEB-B-A	Positive	0.281264	0.718736
5Z8H-B-A	Negative	0.661435	0.338565
5W7Y-D-A	Positive	0.360991	0.639009
5EFW-C-A	Negative	0.790824	0.209176
5TDA-B-A	Positive	0.379417	0.620583
5WWO-C-A	Negative	0.631061	0.368939
5Y53-D-A	Positive	0.108129	0.891871
5Y53-F-C	Positive	0.0952271	0.904773
5WZZ-G-A	Positive	0.350359	0.649641
5WZZ-F-B	Negative	0.531126	0.468874
5WZZ-E-C	Negative	0.573552	0.426448
5XLN-B-A	Negative	0.826647	0.173353
5HKH-B-A	Negative	0.683204	0.316796
5DAI-B-A	Positive	0.337043	0.662957
5NJ9-E-A	Positive	0.391661	0.608339
5O4Y-D-B	Positive	0.282709	0.717291
5FJW-L-A	Positive	0.369595	0.630405
5V1Y-E-A	Positive	0.316894	0.683106
5O5M-C-A	Negative	0.468427	0.531573
5DIY-P-A	Positive	0.329685	0.670315
5SUP-H-A	Negative	0.622346	0.377654
5SUP-I-C	Negative	0.597196	0.402804
5JA5-B-A	Negative	0.742909	0.257091
5R1R-D-A	Negative	0.775621	0.224379
5DK2-D-E	Negative	0.827942	0.172058
5LUP-L-E	Negative	0.819397	0.180603
5D2A-C-A	Negative	0.461979	0.538021
5PAD-I-A	Positive	0.426023	0.573977
5EG2-B-A	Positive	0.243784	0.756216
5G4C-F-A	Positive	0.4101	0.5899
5B76-B-A	Positive	0.233755	0.766245
5SGA-P-E	Positive	0.39169	0.60831
5VVT-B-A	Positive	0.431111	0.568889
5VVT-D-A	Positive	0.40552	0.59448
5T5H-q-X	Negative	0.480839	0.519161
5OSI-C-A	Negative	0.470038	0.529962
5OSI-F-D	Positive	0.288756	0.711244
5F7D-C-A	Negative	0.871225	0.128775
5I8X-E-B	Positive	0.396554	0.603446
5KSA-J-A	Positive	0.148329	0.851671
5GMI-C-A	Negative	0.46337	0.53663
5ZS6-U-A	Negative	0.607463	0.392537
5YPF-C-A	Negative	0.691395	0.308605
5CIU-C-A	Positive	0.410442	0.589558
5TH2-E-A	Positive	0.377507	0.622493
5FRS-C-A	Negative	0.925187	0.0748129
5TBD-I-E	Positive	0.267114	0.732886
5LI1-B-A	Positive	0.434963	0.565037
5OKD-I-A	Negative	0.812545	0.187455
5ND8-u-k	Positive	0.361469	0.638531
5ND8-4-Q	Positive	0.345996	0.654004
5BS7-F-B	Negative	0.656975	0.343025
5JJY-B-A	Positive	0.396204	0.603796
5WMQ-C-A	Negative	0.688022	0.311978
5C0J-C-A	Negative	0.688902	0.311098
5TWG-E-A	Negative	0.569323	0.430677
5WOB-b-B	Negative	0.662153	0.337847
5WOB-d-D	Negative	0.604782	0.395218
5WOB-e-E	Negative	0.87963	0.12037
5WOB-f-F	Negative	0.650543	0.349457
5WOB-g-G	Negative	0.831654	0.168346
5WOB-h-H	Negative	0.71432	0.28568
5LZP-X-0	Negative	0.479725	0.520275
5VHS-e-V	Negative	0.636014	0.363986
5V5O-A-C	Positive	0.130302	0.869698
5V5O-B-C	Positive	0.130696	0.869304
5NNP-C-A	Negative	0.90511	0.0948903
5NNP-I-A	Positive	0.20327	0.79673
5NNP-G-E	Negative	0.90511	0.0948903
5DRV-B-A	Negative	0.546059	0.453941
5IM7-E-A	Negative	0.460645	0.539355
5VQI-A-B	Positive	0.107368	0.892632
5VQI-C-B	Positive	0.133299	0.866701
5BNP-D-A	Negative	0.662249	0.337751
5DN2-G-A	Positive	0.206705	0.793295
5DN2-E-C	Positive	0.197886	0.802114
5UWH-D-C	Negative	0.782922	0.217078
5I4R-C-D	Negative	0.694529	0.305471
5I4R-G-H	Negative	0.715735	0.284265
5ZVW-B-A	Negative	0.779222	0.220778
5VK1-B-A	Positive	0.437702	0.562298
5VK1-F-E	Positive	0.419555	0.580445
5VK1-H-G	Positive	0.419733	0.580267
5EHH-B-A	Positive	0.368164	0.631836
5ZML-B-A	Positive	0.374873	0.625127
5W1W-C-A	Negative	0.931706	0.068294
5N1K-B-A	Negative	0.523221	0.476779
5ZV3-A-H	Positive	0.115032	0.884968
5GJ4-A-B	Negative	0.839732	0.160268
5YT6-F-E	Negative	0.624406	0.375594
5YT6-D-A	Negative	0.558264	0.441736
5YT6-H-G	Negative	0.589362	0.410638
5NWM-B-A	Negative	0.638083	0.361917
5OM3-B-A	Negative	0.649688	0.350312
5M0J-J-D	Positive	0.395464	0.604536
5M0J-I-D	Negative	0.573659	0.426341
5M0J-G-B	Positive	0.303178	0.696822
5M0J-H-B	Positive	0.308224	0.691776
5ZK9-B-A	Negative	0.751805	0.248195
5A0R-D-A	Positive	0.438177	0.561823
5WMN-E-A	Positive	0.429314	0.570686
5DJQ-N-A	Negative	0.97742	0.02258
5SZC-H-A	Positive	0.227559	0.772441
5BTR-D-A	Positive	0.322051	0.677949
5MER-C-A	Negative	0.793691	0.206309
5MER-F-D	Negative	0.793691	0.206309
5XN3-B-A	Negative	0.470698	0.529302
5LYN-D-A	Negative	0.49278	0.50722
5MMJ-0-m	Positive	0.440101	0.559899
5YBA-B-A	Positive	0.338285	0.661715
5YBA-D-C	Positive	0.367129	0.632871
5KHR-M-F	Negative	0.919251	0.0807489
5XIU-A-B	Negative	0.762475	0.237525
5LJN-C-A	Negative	0.543241	0.456759
5LJN-D-A	Negative	0.572894	0.427106
5DE2-C-A	Negative	0.889806	0.110194
5DE2-D-B	Negative	0.58929	0.41071
5B56-C-A	Positive	0.0704338	0.929566
5GSR-P-A	Negative	0.722732	0.277268
5CWW-C-B	Negative	0.801305	0.198695
5IXF-B-A	Positive	0.450027	0.549973
5H1S-a-H	Negative	0.733257	0.266743
5SWQ-C-A	Negative	0.661636	0.338364
5WGG-B-A	Negative	0.732124	0.267876
5MV3-X-A	Positive	0.366506	0.633494
5MV3-E-C	Negative	0.509147	0.490853
5MV3-Q-D	Negative	0.509147	0.490853
5MV3-K-I	Positive	0.363319	0.636681
5VMO-B-A	Negative	0.921289	0.0787111
5EMA-B-A	Negative	0.602005	0.397995
5XJM-B-A	Negative	0.736214	0.263786
5N10-C-A	Negative	0.90602	0.0939796
5H5R-B-A	Negative	0.788194	0.211806
5GJX-C-A	Negative	0.590319	0.409681
5KWN-U-A	Negative	0.639522	0.360478
5T6Y-C-A	Negative	0.874841	0.125159
5WBJ-T-A	Negative	0.487495	0.512505
5V1U-E-A	Negative	0.850488	0.149512
5V1U-G-A	Negative	0.662696	0.337304
5V1U-F-B	Negative	0.595584	0.404416
5V1U-H-B	Negative	0.851383	0.148617
5N7D-C-A	Positive	0.315986	0.684014
5OQT-C-A	Negative	0.963601	0.0363991
5EZ0-E-A	Positive	0.259059	0.740941
5EZ0-G-A	Negative	0.585011	0.414989
5EZ0-H-D	Negative	0.585011	0.414989
5JLZ-E-A	Negative	0.605634	0.394366
5W5S-D-A	Negative	0.473918	0.526082
5XY9-C-A	Positive	0.209254	0.790746
5JLB-B-A	Positive	0.448629	0.551371
5FG8-B-A	Negative	0.890064	0.109936
5V5P-A-C	Positive	0.145948	0.854052
5IQO-B-A	Negative	0.66936	0.33064
5IQO-D-A	Negative	0.665403	0.334597
5VKO-B-A	Negative	0.88388	0.11612
5UWR-D-C	Negative	0.692853	0.307147
5L85-B-A	Negative	0.623145	0.376855
5ME5-B-A	Negative	0.726691	0.273309
5M0I-J-D	Negative	0.736103	0.263897
5M0I-H-B	Positive	0.347736	0.652264
5VNE-D-B	Negative	0.525544	0.474456
5OOB-Z-A	Negative	0.751373	0.248627
5OOB-E-C	Negative	0.631713	0.368287
5OOB-K-I	Negative	0.667299	0.332701
5LZ6-B-A	Negative	0.706172	0.293828
5XXE-C-A	Negative	0.699862	0.300138
5UWQ-D-C	Negative	0.657391	0.342609
5MFE-E-A	Positive	0.325596	0.674404
5YYZ-B-A	Negative	0.604712	0.395288
5GTU-B-A	Negative	0.64937	0.35063
5YZG-4-A	Negative	0.587421	0.412579
5HKY-B-A	Negative	0.628571	0.371429
5F8T-P-A	Negative	0.80115	0.19885
5VNJ-D-B	Positive	0.374353	0.625647
5LUT-I-G	Negative	0.844727	0.155273
5LUT-J-H	Negative	0.819532	0.180468
5L0Y-M-B	Negative	0.465898	0.534102
5L0Y-I-C	Negative	0.545101	0.454899
5N3F-B-A	Positive	0.339445	0.660555
5N8B-E-A	Negative	0.846884	0.153116
5WEZ-B-A	Negative	0.610264	0.389736
5U1G-Z-D	Positive	0.433165	0.566835
5U1G-K-D	Negative	0.561035	0.438965
5U1G-Y-A	Positive	0.275155	0.724845
5U1G-R-A	Negative	0.532119	0.467881
5YYL-C-A	Negative	0.903474	0.0965258
5YYL-D-A	Negative	0.930023	0.0699771
5LGS-E-A	Positive	0.225858	0.774142
5LGS-F-A	Positive	0.147107	0.852893
5H10-D-A	Positive	0.414367	0.585633
5H10-E-B	Positive	0.328517	0.671483
5H10-F-C	Positive	0.354023	0.645977
5WET-P-A	Positive	0.354352	0.645648
5KY0-B-A	Negative	0.736165	0.263835
5XOJ-D-C	Negative	0.850292	0.149708
5XOJ-E-C	Negative	0.871987	0.128013
5XOJ-F-C	Negative	0.796757	0.203243
5XOJ-G-C	Negative	0.518062	0.481938
5C0C-C-A	Negative	0.688902	0.311098
5IG7-C-A	Positive	0.294515	0.705485
5VIE-D-A	Positive	0.262518	0.737482
5WE1-D-A	Negative	0.763481	0.236519
5WAS-B-A	Negative	0.838235	0.161765
5MV4-X-A	Positive	0.307421	0.692579
5MV4-H-F	Positive	0.299089	0.700911
5MV4-K-I	Positive	0.299089	0.700911
5MV4-N-L	Positive	0.307421	0.692579
5IV2-E-A	Positive	0.384671	0.615329
5MGX-C-E	Positive	0.412155	0.587845
5MGX-A-F	Positive	0.452098	0.547902
5MGX-D-H	Positive	0.378275	0.621725
5MZM-C-A	Negative	0.775612	0.224388
5YCA-C-A	Negative	0.635925	0.364075
5VWX-B-A	Negative	0.77034	0.22966
5VWX-D-A	Negative	0.77034	0.22966
5TSV-D-A	Negative	0.5	0.5
5U6A-D-A	Negative	0.470525	0.529475
5VAU-E-A	Negative	0.804027	0.195973
5VAU-G-A	Negative	0.790189	0.209811
5VAU-F-B	Negative	0.759878	0.240122
5BJT-P-A	Negative	0.668642	0.331358
5H6R-C-A	Positive	0.0996068	0.900393
5MBW-B-A	Negative	0.565031	0.434969
5ID1-F-A	Positive	0.442326	0.557674
5UWT-D-C	Negative	0.64793	0.35207
5JZU-B-A	Negative	0.599363	0.400637
5F0M-D-B	Negative	0.512345	0.487655
5WRL-P-A	Positive	0.449278	0.550722
5GRG-C-A	Positive	0.171745	0.828255
5GRG-D-A	Positive	0.226012	0.773988
5N9P-C-B	Positive	0.336225	0.663775
5UWW-D-C	Negative	0.899484	0.100516
5MP3-C-H	Negative	0.532407	0.467593
5W6U-D-A	Positive	0.397149	0.602851
5YKW-B-A	Negative	0.480017	0.519983
5VAB-F-A	Positive	0.226245	0.773755
5DBE-A-X	Negative	0.452645	0.547355
5KEZ-B-A	Positive	0.334044	0.665956
5C5E-G-A	Negative	0.524737	0.475263
5C5E-H-A	Positive	0.431329	0.568671
5XA5-B-A	Negative	0.801946	0.198054
5X3S-C-B	Negative	0.483252	0.516748
5C07-C-A	Negative	0.650599	0.349401
5U3K-P-H	Negative	0.715119	0.284881
5U3K-C-H	Negative	0.691075	0.308925
5O5B-4-1	Positive	0.403159	0.596841
5WWJ-E-A	Negative	0.487037	0.512963
5WWJ-F-C	Positive	0.39778	0.60222
5OKI-I-B	Negative	0.845802	0.154198
5EOQ-A-H	Negative	0.703767	0.296233
5YVW-A-B	Negative	0.770636	0.229364
5OM5-B-A	Negative	0.679163	0.320837
5O9V-C-A	Positive	0.223966	0.776034
5DSC-Q-A	Positive	0.281277	0.718723
5YAH-C-B	Negative	0.626413	0.373587
5E8N-C-A	Negative	0.868145	0.131855
5TX1-1-A	Negative	0.560414	0.439586
5TX1-2-A	Negative	0.476864	0.523136
5TX1-3-D	Negative	0.526342	0.473658
5TX1-O-N	Negative	0.876557	0.123443
5WXC-E-A	Negative	0.585034	0.414966
5V61-I-A	Negative	0.641016	0.358984
5O9S-C-A	Positive	0.114402	0.885598
5A8L-Z-Q	Negative	0.80778	0.19222
5Y59-C-B	Positive	0.241458	0.758542
5YRS-X-A	Positive	0.388768	0.611232
5CTT-B-A	Positive	0.118104	0.881896
5XTB-W-B	Negative	0.475926	0.524074
5C6D-C-A	Positive	0.145963	0.854037
5C6D-D-B	Positive	0.357038	0.642962
5AFW-B-A	Positive	0.136471	0.863529
5JTR-E-A	Negative	0.87424	0.12576
5Y7W-C-A	Negative	0.735916	0.264084
5Y9W-C-B	Negative	0.610365	0.389635
5WGQ-F-A	Positive	0.348738	0.651262
5WGQ-E-B	Positive	0.282269	0.717731
5W6T-F-A	Positive	0.385208	0.614792
5EFT-A-B	Negative	0.794533	0.205467
5YGF-D-A	Positive	0.105238	0.894762
5OKC-I-A	Negative	0.814321	0.185679
5ZJZ-B-A	Negative	0.468391	0.531609
5AZ8-B-A	Negative	0.563116	0.436884
5NWY-s-R	Negative	0.681471	0.318529
5NWY-U-k	Negative	0.865572	0.134428
5CVD-D-A	Positive	0.103902	0.896098
5CVD-E-B	Positive	0.0820511	0.917949
5VVU-B-A	Positive	0.289092	0.710908
5U2J-C-A	Positive	0.261937	0.738063
5LDE-S-A	Negative	0.854549	0.145451
5HSZ-K-A	Negative	0.811028	0.188972
5X8X-B-A	Negative	0.930662	0.0693378
5X8X-F-A	Negative	0.920069	0.0799308
5LGR-E-A	Negative	0.583882	0.416118
5LGR-F-A	Negative	0.719176	0.280824
5LGR-G-C	Negative	0.596891	0.403109
5MDV-6-7	Negative	0.488131	0.511869
5MUB-X-A	Positive	0.38263	0.61737
5UB5-B-A	Negative	0.794246	0.205754
5WXO-P-U	Negative	0.872551	0.127449
5GGI-F-A	Negative	0.6717	0.3283
5GGI-G-B	Positive	0.444844	0.555156
5E1B-D-A	Positive	0.246021	0.753979
5E1B-E-A	Positive	0.246021	0.753979
5KQ4-C-D	Positive	0.276392	0.723608
5L0R-B-A	Negative	0.787289	0.212711
5WMP-C-A	Negative	0.543762	0.456238
5A0X-C-A	Negative	0.559864	0.440136
5WEH-D-A	Negative	0.946232	0.0537679
5L0V-B-A	Negative	0.530356	0.469644
5HZ3-A-B	Positive	0.0636476	0.936352
5B4W-G-A	Negative	0.567363	0.432637
5UWJ-D-C	Negative	0.778378	0.221622
5CGG-g-K	Negative	0.469873	0.530127
5MYK-C-A	Positive	0.347522	0.652478
5EQ0-B-A	Positive	0.408932	0.591068
5T90-F-A	Positive	0.448501	0.551499
5T90-I-B	Positive	0.351198	0.648802
5JZ8-B-A	Negative	0.781341	0.218659
5A29-B-A	Positive	0.331051	0.668949
5U3L-P-H	Positive	0.374478	0.625522
5U98-C-A	Negative	0.817019	0.182981
5IH2-M-A	Positive	0.201576	0.798424
5MWE-C-A	Negative	0.928704	0.0712962
5KY7-B-A	Negative	0.471357	0.528643
5MU3-C-A	Negative	0.665679	0.334321
5MU3-F-B	Negative	0.711395	0.288605
5NPZ-C-A	Negative	0.727901	0.272099
5NQ3-C-A	Negative	0.727901	0.272099
5NNE-C-A	Positive	0.25067	0.74933
5YVV-A-B	Negative	0.793593	0.206407
5IVN-B-A	Positive	0.274563	0.725437
5U3O-A-H	Positive	0.424008	0.575992
5OK3-D-A	Negative	0.582933	0.417067
5GDS-I-H	Negative	0.703641	0.296359
5E5A-K-G	Positive	0.12411	0.87589
5ZUJ-I-A	Positive	0.145475	0.854525
5NRG-Z-K	Positive	0.307522	0.692478
5KGN-C-A	Negative	0.593954	0.406046
5OV3-C-A	Positive	0.175242	0.824758
5JBT-X-A	Negative	0.678341	0.321659
5JBT-Y-A	Negative	0.779413	0.220587
5KIW-C-A	Negative	0.782847	0.217153
5YD4-B-A	Positive	0.368074	0.631926
5YD4-F-E	Positive	0.365814	0.634186
5YD4-H-G	Positive	0.301936	0.698064
5F56-B-A	Negative	0.667576	0.332424
5OM6-B-A	Negative	0.750757	0.249243
5EG6-R-C	Negative	0.761569	0.238431
5G1X-B-A	Negative	0.775953	0.224047
5HUW-A-C	Positive	0.162651	0.837349
5HUW-B-C	Positive	0.155083	0.844917
5HSP-D-A	Negative	0.745319	0.254681
5UMM-B-A	Negative	0.575351	0.424649
5UMM-D-A	Negative	0.578652	0.421348
5FOW-E-A	Positive	0.372791	0.627209
5U8Q-B-A	Negative	0.890446	0.109554
5LIH-F-A	Positive	0.276575	0.723425
5LIH-G-B	Positive	0.286216	0.713784
5WVI-Y-S	Negative	0.678343	0.321657
5EOR-A-H	Positive	0.2879	0.7121
5NXQ-D-A	Negative	0.773237	0.226763
5JR2-E-A	Positive	0.322803	0.677197
5N4C-E-A	Negative	0.669673	0.330327
5N4C-F-B	Negative	0.760645	0.239355
5N4C-G-C	Negative	0.700159	0.299841
5GR8-J-A	Positive	0.114254	0.885746
5GR8-P-D	Positive	0.12206	0.87794
5EU4-C-A	Negative	0.75949	0.24051
5EU4-F-D	Negative	0.75949	0.24051
5IBW-C-A	Negative	0.591435	0.408565
5FJZ-P-A	Positive	0.379798	0.620202
5TXE-C-A	Negative	0.570154	0.429846
5TXE-D-B	Negative	0.548976	0.451024
5W69-I-A	Negative	0.73849	0.26151
5WXP-P-U	Positive	0.287236	0.712764
5VBL-A-B	Positive	0.252005	0.747995
5E24-B-A	Negative	0.606985	0.393015
5E24-D-C	Negative	0.606985	0.393015
5FJA-Q-O	Negative	0.5	0.5
5N6B-C-A	Negative	0.922875	0.0771248
5N6B-F-A	Negative	0.922875	0.0771248
5H94-C-A	Negative	0.671858	0.328142
5XBY-A-B	Negative	0.876534	0.123466
5MU2-X-A	Positive	0.366506	0.633494
5MU2-Q-C	Positive	0.309522	0.690478
5MU2-U-F	Positive	0.452466	0.547534
5MU2-W-O	Negative	0.564179	0.435821
5KC1-C-D	Negative	0.690468	0.309532
5KC1-A-D	Negative	0.729003	0.270997
5KC1-G-H	Negative	0.676953	0.323047
5KC1-K-L	Negative	0.644681	0.355319
5KC1-I-L	Negative	0.671785	0.328215
5O9U-C-A	Positive	0.146461	0.853539
5XXQ-D-A	Positive	0.181415	0.818585
5OTW-B-A	Negative	0.840168	0.159832
5UL6-M-A	Positive	0.0800973	0.919903
5WXN-C-A	Negative	0.791268	0.208732
5WYI-E-B	Negative	0.684962	0.315038
5ETF-B-A	Positive	0.413566	0.586434
5U66-B-A	Negative	0.665471	0.334529
5WXM-U-A	Negative	0.88181	0.11819
5WXM-V-A	Negative	0.877118	0.122882
5NQ2-C-A	Negative	0.79718	0.20282
5E4W-E-B	Positive	0.101613	0.898387
5E4W-F-D	Positive	0.111289	0.888711
5EIO-C-B	Negative	0.925567	0.0744327
5WY2-B-A	Negative	0.736302	0.263698
5W0V-C-A	Positive	0.205725	0.794275
5W0V-D-B	Positive	0.205298	0.794702
5HDT-E-A	Positive	0.295775	0.704225
5EFK-A-B	Positive	0.298744	0.701256
5XYF-C-A	Negative	0.690703	0.309297
5XYF-B-A	Negative	0.962664	0.0373362
5MCQ-D-A	Negative	0.778012	0.221988
5XYI-G-E	Negative	0.598126	0.401874
5XYI-e-J	Negative	0.799282	0.200718
5ETU-E-A	Positive	0.415336	0.584664
5FRP-C-A	Negative	0.929547	0.0704526
5T0M-P-A	Positive	0.114205	0.885795
5W4L-N-G	Negative	0.753965	0.246035
5IAY-B-A	Positive	0.194129	0.805871
5WB8-B-A	Negative	0.647523	0.352477
5WB8-C-A	Negative	0.80405	0.19595
5N4D-C-A	Negative	0.710317	0.289683
5N4D-D-B	Negative	0.710317	0.289683
5YPU-B-A	Negative	0.75942	0.24058
5WGD-E-A	Positive	0.435107	0.564893
5WGD-F-B	Negative	0.753335	0.246665
5YZD-B-C	Positive	0.398994	0.601006
6TRD-J-A	Negative	0.955704	0.0442961
6TRD-X-B	Negative	0.942368	0.0576323
6TRD-j-a	Negative	0.955704	0.0442961
6TRD-8-1	Negative	0.955704	0.0442961
6TRD-z-2	Negative	0.942368	0.0576323
6XXR-F-A	Positive	0.307641	0.692359
6UC5-P-H	Positive	0.200313	0.799687
6GEK-L-A	Negative	0.682334	0.317666
6GEK-M-B	Negative	0.788983	0.211017
6WFX-P-H	Positive	0.174572	0.825428
6WMD-B-A	Negative	0.716512	0.283488
6E5X-B-A	Negative	0.640884	0.359116
6XP6-C-A	Positive	0.41625	0.58375
6EAU-I-A	Positive	0.365166	0.634834
6TYU-B-A	Negative	0.612327	0.387673
6U3N-C-D	Negative	0.617992	0.382008
6WDO-F-C	Negative	0.910409	0.0895905
6Y3S-P-A	Positive	0.380086	0.619914
6WC6-C-A	Positive	0.249321	0.750679
6Y20-C-A	Positive	0.43837	0.56163
6Y20-D-A	Positive	0.40933	0.59067
6P23-C-A	Negative	0.5	0.5
6WTD-8-X	Negative	0.924069	0.0759306
6WTD-J-X	Negative	0.766917	0.233083
6H8P-C-A	Positive	0.41084	0.58916
6VQE-C-A	Negative	0.592642	0.407358
6TE4-C-A	Positive	0.202733	0.797267
6X5Q-B-A	Positive	0.418362	0.581638
6I68-B-A	Positive	0.306509	0.693491
6I68-D-C	Positive	0.271692	0.728308
6AT9-C-A	Negative	0.636481	0.363519
6QTX-B-A	Negative	0.756013	0.243987
6NBQ-P-D	Negative	0.848241	0.151759
6GVK-B-A	Negative	0.600256	0.399744
6I7R-H-V	Negative	0.900291	0.0997088
6GIQ-U-C	Negative	0.873579	0.126421
6GIQ-d-a	Negative	0.791876	0.208124
6GIQ-g-a	Negative	0.938799	0.0612015
6GIQ-h-a	Negative	0.797937	0.202063
6GIQ-i-a	Negative	0.823629	0.176371
6GIQ-k-c	Negative	0.924041	0.0759594
6N87-C-A	Negative	0.5	0.5
6CEN-D-A	Negative	0.69234	0.30766
6EKL-B-A	Positive	0.295274	0.704726
6Q95-c-e	Negative	0.56343	0.43657
6Z3R-E-A	Positive	0.158275	0.841725
6SJ6-4-Q	Positive	0.391485	0.608515
6Q6G-S-R	Negative	0.78384	0.21616
6Q6G-G-R	Negative	0.786263	0.213737
6YI1-C-A	Positive	0.41389	0.58611
6ACO-B-A	Negative	0.538775	0.461225
6ICT-E-A	Negative	0.830155	0.169845
6ICT-G-B	Negative	0.75798	0.24202
6ICT-I-D	Negative	0.641951	0.358049
6CRI-T-M	Negative	0.5	0.5
6SPW-B-A	Positive	0.349035	0.650965
6UK4-C-A	Negative	0.639454	0.360546
6ICV-C-A	Negative	0.759552	0.240448
6BIJ-C-A	Negative	0.70406	0.29594
6SKJ-C-A	Positive	0.124365	0.875635
6SKJ-D-B	Positive	0.124365	0.875635
6PPM-E-A	Positive	0.421378	0.578622
6VR1-P-A	Negative	0.725687	0.274313
6HIP-C-A	Positive	0.245709	0.754291
6Y3R-P-A	Positive	0.194894	0.805106
6O5O-C-A	Positive	0.255846	0.744154
6O5O-D-B	Positive	0.281403	0.718597
6WRU-N-C	Positive	0.330563	0.669437
6WRU-O-Q	Negative	0.481601	0.518399
6CSG-D-A	Negative	0.755432	0.244568
6RMV-C-A	Negative	0.48082	0.51918
6ZKV-a-1	Positive	0.451582	0.548418
6ZKV-V-M	Negative	0.953636	0.0463639
6ZKV-y-M	Negative	0.840627	0.159373
6YWV-Y-D	Positive	0.43413	0.56587
6YWV-0-F	Negative	0.646441	0.353559
6YWV-X-R	Negative	0.782532	0.217468
6JXW-B-A	Positive	0.192455	0.807545
6A3B-D-C	Negative	0.601095	0.398905
6HUA-C-A	Negative	0.562692	0.437308
6HU9-h-a	Negative	0.894817	0.105183
6HU9-l-a	Negative	0.829492	0.170508
6ILE-C-A	Negative	0.722745	0.277255
6URV-A-H	Negative	0.854859	0.145141
6URV-G-H	Negative	0.828441	0.171559
6NVQ-B-C	Negative	0.773259	0.226741
6HC1-C-A	Negative	0.635953	0.364047
6FNZ-F-A	Positive	0.181304	0.818696
6QTS-B-A	Negative	0.724721	0.275279
6FTG-z-x	Negative	0.889594	0.110406
6FTG-4-2	Negative	0.956196	0.0438037
6HK3-N-A	Positive	0.250234	0.749766
6TRN-C-A	Negative	0.750346	0.249654
6PXV-D-A	Negative	0.87023	0.12977
6PXV-F-A	Negative	0.881326	0.118674
6EQV-D-A	Positive	0.424405	0.575595
6LUP-C-A	Negative	0.767328	0.232672
6HMV-B-A	Negative	0.750859	0.249141
6J08-D-A	Negative	0.90245	0.09755
6J08-E-A	Negative	0.926171	0.0738289
6J08-F-B	Negative	0.919682	0.0803177
6Y7C-d-i	Negative	0.586784	0.413216
6Y53-u-z	Negative	0.891806	0.108194
6O4Y-C-A	Negative	0.872772	0.127228
6FF7-S-A	Negative	0.562824	0.437176
6IUR-C-A	Negative	0.879876	0.120124
6IUR-D-A	Negative	0.871812	0.128188
6IUR-G-B	Negative	0.852227	0.147773
6PPH-n-k	Negative	0.776513	0.223487
6PPH-A-4	Negative	0.881745	0.118255
6UCU-C-A	Negative	0.78357	0.21643
6UCU-D-A	Negative	0.933794	0.0662065
6FAV-B-A	Positive	0.201005	0.798995
6FAV-D-C	Positive	0.34014	0.65986
6YOY-P-A	Positive	0.240414	0.759586
6XKB-G-A	Positive	0.260297	0.739703
6XKB-I-A	Positive	0.260297	0.739703
6XKB-F-B	Positive	0.260297	0.739703
6XKB-K-C	Positive	0.260297	0.739703
6L1F-A-B	Positive	0.200459	0.799541
6LRY-B-A	Negative	0.811555	0.188445
6L9K-Q-A	Positive	0.401891	0.598109
6OM2-E-A	Negative	0.60293	0.39707
6OM2-F-C	Negative	0.637448	0.362552
6OG4-C-A	Negative	0.555621	0.444379
6JDX-C-A	Negative	0.600024	0.399976
6WDN-J-A	Negative	0.906284	0.0937162
6WDN-D-C	Negative	0.904728	0.0952718
6WDN-H-C	Negative	0.896511	0.103489
6G86-D-A	Negative	0.663578	0.336422
6G86-C-B	Negative	0.635063	0.364937
6KVF-b-H	Positive	0.36756	0.63244
6KVF-B-A	Positive	0.373007	0.626993
6BQB-P-L	Positive	0.133097	0.866903
6ZRC-P-A	Positive	0.365865	0.634135
6IAW-D-A	Positive	0.436156	0.563844
6ZKM-V-M	Negative	0.958147	0.0418528
6LZ4-C-A	Negative	0.551795	0.448205
6LZ4-F-D	Negative	0.577757	0.422243
6G8Q-P-A	Positive	0.300667	0.699333
6KTO-D-B	Negative	0.843938	0.156062
6B1T-Y-A	Negative	0.586308	0.413692
6B1T-U-D	Negative	0.5	0.5
6B1T-W-D	Negative	0.686147	0.313853
6B1T-X-D	Positive	0.354819	0.645181
6QY3-K-J	Negative	0.77068	0.22932
6YGD-D-A	Negative	0.656005	0.343995
6UVO-D-L	Negative	0.595464	0.404536
6FBB-P-A	Positive	0.202067	0.797933
6WZG-P-R	Negative	0.789973	0.210027
6PJ8-B-A	Negative	0.770429	0.229571
6X8K-E-A	Negative	0.634952	0.365048
6M4X-F-A	Negative	0.735449	0.264551
6Z9X-C-A	Negative	0.572577	0.427423
6S35-C-A	Negative	0.611107	0.388893
6ND4-D-N	Positive	0.39709	0.60291
6ND4-A-O	Negative	0.938326	0.0616735
6ND4-l-O	Positive	0.279215	0.720785
6ZKS-V-L	Negative	0.90085	0.0991499
6VB2-C-A	Negative	0.549712	0.450288
6CPL-C-A	Negative	0.537693	0.462307
6X2P-D-C	Negative	0.728441	0.271559
6HON-B-A	Negative	0.854047	0.145953
6HON-D-C	Negative	0.854047	0.145953
6QTR-B-A	Negative	0.752315	0.247685
6QCG-H-A	Positive	0.353417	0.646583
6Y29-C-A	Negative	0.716494	0.283506
6V39-3-G	Negative	0.603664	0.396336
6V39-u-k	Positive	0.327277	0.672723
6ZQW-C-A	Negative	0.914953	0.0850469
6WF5-C-A	Negative	0.619752	0.380248
6OCP-P-B	Negative	0.780727	0.219273
6OCP-Q-F	Negative	0.76417	0.23583
6XQA-C-A	Negative	0.594282	0.405718
6DO5-C-A	Negative	0.749222	0.250778
6QXP-I-A	Positive	0.417771	0.582229
6QXP-J-B	Negative	0.455608	0.544392
6QXP-K-C	Negative	0.471891	0.528109
6QXP-N-F	Positive	0.428167	0.571833
6R5Q-1-C	Negative	0.540003	0.459997
6X2X-D-C	Negative	0.824115	0.175885
6KK6-A-B	Negative	0.883025	0.116975
6EF1-s-H	Negative	0.824135	0.175865
6DJV-N-A	Negative	0.52074	0.47926
6FKZ-E-A	Negative	0.813332	0.186668
6KR4-G-C	Negative	0.809662	0.190338
6FHH-X-A	Positive	0.257292	0.742708
6WAY-V-A	Negative	0.532632	0.467368
6LDY-C-A	Negative	0.470401	0.529599
6LDY-M-H	Positive	0.409335	0.590665
6D6R-J-C	Negative	0.513153	0.486847
6DCN-D-A	Negative	0.824098	0.175902
6M8W-B-A	Positive	0.450446	0.549554
6DMX-E-D	Negative	0.845842	0.154158
6DMX-C-D	Negative	0.468807	0.531193
6DMX-J-D	Negative	0.869377	0.130623
6DMX-F-D	Negative	0.51793	0.48207
6DMX-A-B	Positive	0.449989	0.550011
6DMX-H-I	Negative	0.5	0.5
6MQM-C-A	Negative	0.86873	0.13127
6WY6-C-B	Negative	0.5842	0.4158
6WY6-D-B	Negative	0.761537	0.238463
6MWZ-M-A	Positive	0.347441	0.652559
6CCU-B-A	Positive	0.312438	0.687562
6DN8-B-A	Negative	0.544352	0.455648
6DN8-F-A	Negative	0.544352	0.455648
6DAF-C-A	Positive	0.435372	0.564628
6DAF-D-B	Negative	0.490685	0.509315
6FYY-r-p	Negative	0.696548	0.303452
6SUR-I-A	Negative	0.686415	0.313585
6SUR-N-E	Negative	0.734783	0.265217
6ZVI-P-r	Negative	0.726056	0.273944
6RML-C-B	Positive	0.352661	0.647339
6HCS-B-A	Negative	0.738333	0.261667
6HCS-D-C	Negative	0.742354	0.257646
6RK1-B-A	Negative	0.466267	0.533733
6U8I-B-A	Negative	0.769262	0.230738
6HLE-B-A	Positive	0.317617	0.682383
6D3X-C-A	Positive	0.232742	0.767258
6O9C-C-A	Positive	0.35537	0.64463
6F55-B-A	Negative	0.458307	0.541693
6SK6-D-B	Negative	0.667226	0.332774
6U8N-I-A	Negative	0.869147	0.130853
6Z7W-I-A	Negative	0.684067	0.315933
6Z7W-J-A	Negative	0.942161	0.0578387
6Z7W-N-A	Negative	0.900264	0.0997364
6Z7W-P-A	Negative	0.894387	0.105613
6YS3-h-0	Negative	0.90952	0.0904796
6YS3-z-e	Negative	0.587578	0.412422
6P6A-A-B	Positive	0.165636	0.834364
6S5S-E-A	Positive	0.362621	0.637379
6OI3-B-A	Positive	0.323802	0.676198
6GNY-B-A	Negative	0.943099	0.0569009
6IFC-B-A	Positive	0.289136	0.710864
6IFC-D-A	Positive	0.418021	0.581979
6HY2-A-X	Negative	0.667479	0.332521
6BW3-B-C	Positive	0.350493	0.649507
6BW3-D-C	Positive	0.350493	0.649507
6TYV-B-A	Positive	0.305321	0.694679
6TJ7-C-A	Negative	0.803733	0.196267
6HQU-I-A	Negative	0.590065	0.409935
6HQU-K-B	Negative	0.466873	0.533127
6HQU-O-D	Positive	0.34738	0.65262
6HQU-M-E	Negative	0.638822	0.361178
6HQU-N-F	Negative	0.459248	0.540752
6ZKZ-C-A	Negative	0.711855	0.288145
6PVK-d-E	Positive	0.252905	0.747095
6ZKO-x-N	Negative	0.827912	0.172088
6LJK-B-A	Negative	0.474139	0.525861
6JJO-G-A	Positive	0.368712	0.631288
6SAD-C-A	Negative	0.595153	0.404847
6ULK-C-A	Negative	0.786723	0.213277
6ZOK-j-C	Negative	0.578563	0.421437
6XTP-C-A	Negative	0.65413	0.34587
6WH0-B-A	Negative	0.759235	0.240765
6UYJ-B-A	Positive	0.260027	0.739973
6XFK-B-A	Negative	0.705763	0.294237
6OX0-Y-A	Negative	0.71608	0.28392
6XY4-B-A	Negative	0.861406	0.138594
6KW3-C-M	Negative	0.90479	0.0952105
6KW3-K-M	Negative	0.835852	0.164148
6YKP-F-A	Negative	0.939485	0.0605145
6YKP-G-A	Negative	0.933376	0.0666238
6I6H-B-A	Positive	0.407839	0.592161
6S3W-B-A	Negative	0.488813	0.511187
6EU2-Q-A	Negative	0.539012	0.460988
6X7W-D-A	Negative	0.912763	0.0872369
6X7W-G-H	Negative	0.912763	0.0872369
6HOI-G-A	Negative	0.758417	0.241583
6HOI-F-B	Negative	0.703956	0.296044
6KX1-C-A	Positive	0.339417	0.660583
6AMT-C-A	Negative	0.794484	0.205516
6PUN-E-A	Negative	0.55659	0.44341
6PUN-F-A	Negative	0.50912	0.49088
6FEY-E-A	Negative	0.553878	0.446122
6FEY-I-A	Negative	0.641479	0.358521
6FEY-J-A	Negative	0.953407	0.0465928
6FEY-F-B	Negative	0.921353	0.0786475
6FEY-G-B	Negative	0.605781	0.394219
6FEY-H-B	Negative	0.899313	0.100687
6FEY-K-B	Negative	0.58931	0.41069
6V18-C-A	Negative	0.62259	0.37741
6J8N-A-B	Negative	0.86355	0.13645
6MYD-B-A	Positive	0.263388	0.736612
6F9S-B-A	Negative	0.67176	0.32824
6O2C-C-A	Positive	0.345888	0.654112
6LUM-E-C	Negative	0.962561	0.0374393
6BVV-B-A	Negative	0.628905	0.371095
6JQ3-P-A	Negative	0.868845	0.131155
6X8U-P-H	Positive	0.11119	0.88881
6QH1-D-C	Negative	0.882618	0.117382
6RU7-C-A	Positive	0.339537	0.660463
6RU7-D-B	Positive	0.253389	0.746611
6UYO-B-A	Negative	0.661176	0.338824
6UYO-D-C	Negative	0.746045	0.253955
6W2D-z-O	Negative	0.888385	0.111615
6DO4-C-A	Positive	0.233932	0.766068
6TWX-D-A	Positive	0.440793	0.559207
6TWX-C-B	Positive	0.375209	0.624791
6MIN-B-A	Positive	0.17822	0.82178
6Z1U-J-A	Negative	0.772058	0.227942
6Z1U-b-A	Negative	0.611975	0.388025
6Z1U-h-A	Positive	0.374525	0.625475
6CGR-n-k	Negative	0.805019	0.194981
6JLE-E-A	Negative	0.493878	0.506122
6PXC-U-A	Positive	0.215167	0.784833
6AVG-P-C	Positive	0.413293	0.586707
6VLN-P-H	Negative	0.45767	0.54233
6GHD-G-D	Negative	0.641352	0.358648
6GHD-H-A	Negative	0.654232	0.345768
6BZU-J-A	Positive	0.413291	0.586709
6BZU-I-C	Negative	0.481222	0.518778
6BZU-K-E	Negative	0.590101	0.409899
6PAU-C-A	Negative	0.655647	0.344353
6R4X-D-A	Negative	0.736865	0.263135
6GJH-I-B	Negative	0.452809	0.547191
6GJH-K-F	Positive	0.372234	0.627766
6GJH-J-D	Negative	0.61881	0.38119
6G72-s-E	Negative	0.479248	0.520752
6G72-c-O	Negative	0.888159	0.111841
6H6H-C-A	Positive	0.237044	0.762956
6I9R-4-l	Positive	0.350947	0.649053
6XBY-r-b	Negative	0.926843	0.0731574
6GNX-B-A	Negative	0.906664	0.0933358
6GNX-D-A	Negative	0.917228	0.0827719
6EIW-D-A	Negative	0.665918	0.334082
6XQN-E-A	Negative	0.905227	0.0947731
6XQN-G-B	Negative	0.934969	0.0650306
6XQN-H-C	Negative	0.937087	0.0629126
6J2J-C-A	Positive	0.369395	0.630605
6G8K-P-A	Positive	0.371529	0.628471
6O29-C-A	Positive	0.174922	0.825078
6O29-D-A	Positive	0.19248	0.80752
6Y8D-B-A	Positive	0.380096	0.619904
6SPG-1-m	Negative	0.641481	0.358519
6SPG-6-G	Negative	0.628446	0.371554
6SPG-3-5	Negative	0.774947	0.225053
6J2I-C-A	Negative	0.471416	0.528584
6RRC-B-C	Negative	0.76827	0.23173
6RRC-D-A	Negative	0.715475	0.284525
6WUD-B-A	Negative	0.651765	0.348235
6M93-C-A	Negative	0.722234	0.277766
6QSZ-B-A	Positive	0.223873	0.776127
6QSZ-H-C	Positive	0.148324	0.851676
6QSZ-L-G	Positive	0.183654	0.816346
6QSZ-J-I	Positive	0.304174	0.695826
6RJP-C-A	Negative	0.957168	0.0428317
6SI7-F-P	Negative	0.582856	0.417144
6BBA-H-A	Positive	0.324307	0.675693
6ADZ-A-B	Negative	0.766029	0.233971
6ADZ-C-B	Negative	0.726261	0.273739
6ADZ-D-B	Negative	0.751454	0.248546
6F0X-Q-Z	Negative	0.530426	0.469574
6MTV-D-A	Positive	0.257374	0.742626
6MTV-E-B	Positive	0.272264	0.727736
6YQ2-P-A	Positive	0.371687	0.628313
6PJU-B-A	Negative	0.577054	0.422946
6HE5-K-A	Negative	0.894699	0.105301
6M7Y-C-A	Negative	0.661082	0.338918
6PYV-C-A	Negative	0.572813	0.427187
6HU7-F-A	Positive	0.335364	0.664636
6HU7-G-C	Positive	0.248707	0.751293
6B4J-C-B	Negative	0.849233	0.150767
6KZ1-B-A	Negative	0.832215	0.167785
6J4U-B-A	Negative	0.749184	0.250816
6ONJ-C-A	Positive	0.330989	0.669011
6IGK-B-A	Negative	0.841089	0.158911
6YBW-F-E	Negative	0.550196	0.449804
6DQL-C-A	Negative	0.681594	0.318406
6ZYM-r-A	Negative	0.690596	0.309404
6ZYM-s-A	Negative	0.737746	0.262254
6ZYM-x-A	Negative	0.689477	0.310523
6A6W-B-A	Negative	0.526433	0.473567
6PVB-A-B	Positive	0.328653	0.671347
6PDQ-G-A	Positive	0.380673	0.619327
6XBF-F-A	Negative	0.461723	0.538277
6KZQ-F-A	Negative	0.618325	0.381675
6L0V-B-A	Negative	0.795244	0.204756
6L0V-H-A	Negative	0.795244	0.204756
6UJ9-C-A	Negative	0.457199	0.542801
6MBD-C-A	Negative	0.831419	0.168581
6RXK-B-A	Positive	0.135772	0.864228
6A0H-C-A	Negative	0.635152	0.364848
6A0H-D-B	Negative	0.488566	0.511434
6Z3M-S-c	Positive	0.307653	0.692347
6PXR-A-L	Negative	0.667054	0.332946
6ROY-D-A	Negative	0.631178	0.368822
6ZVH-e-X	Negative	0.594622	0.405378
6Z00-C-A	Negative	0.857678	0.142322
6G8L-P-A	Positive	0.318815	0.681185
6TRR-B-A	Negative	0.518135	0.481865
6F08-K-A	Positive	0.20972	0.79028
6F08-N-A	Positive	0.278072	0.721928
6F08-Q-A	Positive	0.204283	0.795717
6F08-D-B	Positive	0.243617	0.756383
6GBE-B-A	Negative	0.587794	0.412206
6MJE-B-A	Negative	0.687797	0.312203
6SK2-D-A	Positive	0.112614	0.887386
6SK2-F-B	Positive	0.112614	0.887386
6TKL-I-H	Negative	0.611896	0.388104
6HLT-B-A	Negative	0.659332	0.340668
6K61-J-A	Negative	0.942965	0.0570347
6K61-X-B	Negative	0.876411	0.123589
6K61-M-B	Negative	0.916478	0.0835218
6QW4-P-A	Positive	0.26982	0.73018
6SYI-B-A	Negative	0.656079	0.343921
6X1W-A-H	Negative	0.5	0.5
6BGA-E-A	Negative	0.610406	0.389594
6ISO-C-A	Positive	0.0991271	0.900873
6ISO-L-E	Positive	0.137097	0.862903
6TMI-C-G	Negative	0.828225	0.171775
6TMI-R-A	Negative	0.856826	0.143174
6RDD-T-1	Negative	0.72478	0.27522
6MJL-A-B	Positive	0.413632	0.586368
6JZN-G-C	Negative	0.890434	0.109566
6JZN-H-D	Negative	0.841407	0.158593
6FY3-Z-X	Negative	0.712372	0.287628
6FY3-P-Y	Negative	0.461437	0.538563
6JJK-G-A	Positive	0.370692	0.629308
6JJK-L-F	Positive	0.368177	0.631823
6ENB-B-A	Positive	0.295003	0.704997
6YX2-C-A	Positive	0.354539	0.645461
6OD0-D-A	Negative	0.810801	0.189199
6IUI-D-A	Negative	0.828275	0.171725
6IUI-C-B	Negative	0.814891	0.185109
6CHT-C-A	Negative	0.90354	0.0964599
6CHT-L-J	Negative	0.855932	0.144068
6U8M-C-B	Negative	0.919972	0.0800282
6O7W-b-c	Negative	0.908846	0.0911542
6Z7Z-H-A	Negative	0.856342	0.143658
6Z7Z-F-C	Negative	0.895478	0.104522
6YIF-C-A	Negative	0.869	0.131
6TDW-A-H	Negative	0.878415	0.121585
6TDW-M-H	Negative	0.786839	0.213161
6TDW-N-H	Negative	0.857977	0.142023
6TDW-T-H	Positive	0.291841	0.708159
6C6K-C-A	Negative	0.802558	0.197442
6U2F-B-A	Negative	0.80594	0.19406
6QMQ-A-B	Positive	0.249942	0.750058
6LQH-a-A	Negative	0.577734	0.422266
6YLY-s-O	Positive	0.257612	0.742388
6B77-A-B	Positive	0.128916	0.871084
6PUW-D-A	Negative	0.778258	0.221742
6GB5-E-A	Negative	0.606932	0.393068
6G6X-P-A	Positive	0.445803	0.554197
6Y44-P-A	Positive	0.255398	0.744602
6WHC-C-B	Negative	0.867893	0.132107
6WHC-E-R	Negative	0.76698	0.23302
6V2H-B-A	Negative	0.603101	0.396899
6V2H-F-A	Negative	0.603101	0.396899
6V2H-H-E	Negative	0.61984	0.38016
6SLN-Q-A	Positive	0.19857	0.80143
6JWJ-C-A	Negative	0.923533	0.0764669
6NBF-P-R	Negative	0.935858	0.0641423
6MON-C-A	Positive	0.242995	0.757005
6MON-D-B	Positive	0.177763	0.822237
6F41-I-A	Negative	0.74602	0.25398
6F41-Q-A	Negative	0.602782	0.397218
6AP1-G-A	Negative	0.754585	0.245415
6EJD-B-A	Positive	0.272836	0.727164
6WR2-F-M	Negative	0.776081	0.223919
6VI1-M-D	Negative	0.903185	0.0968149
6J7B-B-A	Negative	0.723457	0.276543
6A0F-C-A	Negative	0.482603	0.517397
6CRP-D-A	Positive	0.211893	0.788107
6H9G-B-A	Positive	0.34942	0.65058
6ROZ-B-A	Negative	0.743469	0.256531
6UAI-B-S	Negative	0.457431	0.542569
6TT7-I-G	Negative	0.848003	0.151997
6TT7-Q-K	Negative	0.748954	0.251046
6TT7-O-1	Negative	0.881636	0.118364
6O8Y-4-E	Positive	0.265058	0.734942
6O8Y-6-G	Negative	0.470846	0.529154
6O8Y-3-5	Positive	0.41843	0.58157
6B0X-a-A	Negative	0.699941	0.300059
6B0X-b-B	Negative	0.552701	0.447299
6B0X-c-B	Negative	0.641766	0.358234
6DFF-L-G	Positive	0.341659	0.658341
6UCV-B-A	Negative	0.807163	0.192837
6UCV-C-A	Negative	0.78357	0.21643
6UCV-D-A	Negative	0.933794	0.0662065
6UCV-E-A	Negative	0.809678	0.190322
6UCV-L-I	Negative	0.938579	0.061421
6GGM-P-A	Negative	0.737856	0.262144
6KU0-B-A	Positive	0.283675	0.716325
6KU0-D-C	Positive	0.283675	0.716325
6I2B-D-A	Negative	0.526357	0.473643
6HM3-B-A	Negative	0.718857	0.281143
6RWY-k-d	Negative	0.955713	0.0442869
6KZG-C-A	Positive	0.22441	0.77559
6VQA-M-A	Negative	0.756043	0.243957
6QG8-B-A	Negative	0.752916	0.247084
6RBD-e-J	Negative	0.715193	0.284807
6RBD-d-i	Negative	0.754642	0.245358
6TIP-P-A	Positive	0.319347	0.680653
6WW9-X-A	Positive	0.263582	0.736418
6WW9-Y-A	Positive	0.267444	0.732556
6Z7N-4-A	Positive	0.308706	0.691294
6Z7N-8-A	Positive	0.421279	0.578721
6Z7N-2-D	Positive	0.267123	0.732877
6Z7N-5-D	Positive	0.263813	0.736187
6Z7N-N-E	Negative	0.671569	0.328431
6Z7N-Q-F	Negative	0.845681	0.154319
6Z7N-R-F	Negative	0.797049	0.202951
6Z7N-0-G	Positive	0.435034	0.564966
6Z7N-3-G	Positive	0.387927	0.612073
6Z7N-7-G	Positive	0.311753	0.688247
6Z7N-1-J	Negative	0.494519	0.505481
6Z7N-X-M	Negative	0.571586	0.428414
6ZP4-T-c	Negative	0.570529	0.429471
6ATZ-E-A	Negative	0.583319	0.416681
6XXS-C-A	Negative	0.560327	0.439673
6XXS-D-A	Negative	0.616214	0.383786
6FVO-H-A	Negative	0.454411	0.545589
6WEG-P-D	Negative	0.6529	0.3471
6FKY-C-A	Positive	0.430427	0.569573
6EXJ-B-A	Negative	0.485259	0.514741
6BW1-C-E	Positive	0.155119	0.844881
6ZIU-8-a	Negative	0.80671	0.19329
6ZIU-j-a	Negative	0.800372	0.199628
6ZIU-e-f	Negative	0.769259	0.230741
6TCJ-C-A	Negative	0.550788	0.449212
6YMY-m-a	Negative	0.866442	0.133558
6QNN-B-A	Negative	0.741988	0.258012
6Y3W-B-A	Positive	0.186149	0.813851
6S0Z-Z-L	Positive	0.334436	0.665564
6S0Z-1-3	Negative	0.57077	0.42923
6AR2-C-A	Positive	0.226754	0.773246
6SBX-B-A	Negative	0.584753	0.415247
6HN5-B-E	Negative	0.888208	0.111792
6VQ6-c-b	Negative	0.905304	0.0946964
6IKG-F-A	Negative	0.509093	0.490907
6BIX-C-A	Positive	0.153001	0.846999
6UYU-B-A	Negative	0.685361	0.314639
6UYU-D-A	Negative	0.69147	0.30853
6G04-B-A	Negative	0.529018	0.470982
6HLN-B-A	Negative	0.80113	0.19887
6RHZ-J-2	Negative	0.917	0.0830001
6Q69-B-A	Negative	0.855861	0.144139
6Q1U-C-A	Negative	0.453916	0.546084
6RXO-C-A	Positive	0.420481	0.579519
6RXO-D-A	Positive	0.223786	0.776214
6F34-C-A	Negative	0.963601	0.0363991
6H41-B-A	Negative	0.760452	0.239548
6DM4-E-A	Positive	0.327504	0.672496
6DM4-G-C	Positive	0.411333	0.588667
6SF6-C-H	Positive	0.282782	0.717218
6BHG-B-A	Positive	0.202313	0.797687
6ZXF-e-J	Negative	0.601573	0.398427
6ATH-C-A	Negative	0.682246	0.317754
6RM9-C-A	Negative	0.797977	0.202023
6Y7V-B-A	Positive	0.376459	0.623541
6QTT-B-A	Negative	0.834355	0.165645
6GK7-A-L	Negative	0.777241	0.222759
6Q01-C-A	Negative	0.8425	0.1575
6Q01-D-A	Negative	0.8425	0.1575
6YEZ-J-A	Negative	0.928393	0.0716074
6SOS-R-A	Positive	0.246035	0.753965
6SOS-P-B	Positive	0.40091	0.59909
6TON-B-A	Negative	0.875866	0.124134
6LYU-C-D	Negative	0.892048	0.107952
6BXG-B-A	Negative	0.507144	0.492856
6OYL-B-A	Negative	0.533573	0.466427
6YB5-C-A	Negative	0.866448	0.133552
6YB5-D-A	Negative	0.875979	0.124021
6R51-E-B	Positive	0.385449	0.614551
6CNL-M-A	Positive	0.3743	0.6257
6CNL-X-A	Positive	0.338036	0.661964
6CNL-P-C	Positive	0.3743	0.6257
6CNL-Q-F	Positive	0.355778	0.644222
6TNN-t-a	Positive	0.357949	0.642051
6TNN-q-s	Negative	0.475328	0.524672
6IDF-E-A	Negative	0.830508	0.169492
6B5O-A-H	Positive	0.204643	0.795357
6J8F-A-B	Negative	0.811766	0.188234
6J8F-C-B	Positive	0.404375	0.595625
6N5W-A-C	Negative	0.715181	0.284819
6N5W-B-C	Negative	0.831171	0.168829
6LSQ-A-B	Positive	0.363795	0.636205
6UYX-D-C	Negative	0.71447	0.28553
6UYX-B-A	Negative	0.792526	0.207474
6A8G-P-A	Negative	0.776474	0.223526
6A8G-E-B	Negative	0.776474	0.223526
6G5F-P-B	Negative	0.686883	0.313117
6HGI-B-A	Negative	0.659774	0.340226
6O23-E-A	Positive	0.248876	0.751124
6ULP-C-A	Negative	0.725766	0.274234
6H5U-H-B	Positive	0.284109	0.715891
6KMJ-C-A	Positive	0.324111	0.675889
6DNQ-C-D	Negative	0.455798	0.544202
6DNQ-A-B	Negative	0.48663	0.51337
6M7B-C-A	Negative	0.611913	0.388087
6VP9-C-A	Negative	0.643279	0.356721
6OX4-Y-A	Negative	0.71608	0.28392
6I2C-B-A	Negative	0.546263	0.453737
6J2E-C-A	Negative	0.489407	0.510593
6G0Y-H-F	Negative	0.522325	0.477675
6G0Y-G-E	Positive	0.396453	0.603547
6TWN-C-A	Negative	0.769307	0.230693
6TDV-B-H	Negative	0.64779	0.35221
6O51-C-A	Negative	0.868996	0.131004
6ILQ-B-A	Negative	0.613397	0.386603
6SMG-D-A	Negative	0.569597	0.430403
6J9J-B-A	Negative	0.456634	0.543366
6B3Q-a-A	Negative	0.656848	0.343152
6B3Q-b-B	Negative	0.749534	0.250466
6MUE-B-A	Negative	0.695835	0.304165
6B5M-A-H	Positive	0.153505	0.846495
6VDB-H-A	Negative	0.512326	0.487674
6XRR-J-E	Negative	0.950732	0.049268
6XRR-G-D	Negative	0.969691	0.030309
6XRR-L-H	Negative	0.958587	0.0414131
6ULI-C-A	Negative	0.564041	0.435959
6C0A-B-A	Negative	0.461285	0.538715
6G85-C-A	Negative	0.775342	0.224658
6K5T-B-A	Negative	0.638385	0.361615
6X5V-B-A	Positive	0.401294	0.598706
6ULQ-D-A	Negative	0.660179	0.339821
6ZIT-8-a	Negative	0.774533	0.225467
6ZIT-k-a	Negative	0.8795	0.1205
6ZIT-L-a	Negative	0.968196	0.0318045
6NDY-G-A	Negative	0.832444	0.167556
6Q36-C-A	Positive	0.262762	0.737238
6YVH-C-A	Negative	0.742399	0.257601
6YVH-G-D	Negative	0.727854	0.272146
6JNF-B-A	Negative	0.888023	0.111977
6JNF-C-A	Negative	0.864458	0.135542
6JNF-D-A	Negative	0.784293	0.215707
6KMF-D-B	Negative	0.912268	0.0877323
6Y9Q-D-B	Negative	0.806194	0.193806
6DSZ-C-A	Negative	0.809614	0.190386
6D2B-C-A	Positive	0.449475	0.550525
6OMM-L-R	Positive	0.442505	0.557495
6A6H-C-A	Negative	0.901916	0.0980838
6L07-I-A	Negative	0.84684	0.15316
6L07-P-C	Negative	0.84684	0.15316
6L07-M-G	Negative	0.861094	0.138906
6E3Y-G-B	Negative	0.866883	0.133117
6E3Y-P-R	Negative	0.839159	0.160841
6WG2-P-H	Positive	0.257153	0.742847
6KF9-P-B	Negative	0.782415	0.217585
6OP8-B-A	Negative	0.454399	0.545601
6FKP-E-A	Positive	0.387272	0.612728
6FKP-G-C	Negative	0.488671	0.511329
6KAD-F-A	Negative	0.932749	0.0672514
6KAD-I-A	Negative	0.871465	0.128535
6KAD-J-A	Negative	0.92833	0.07167
6KAD-L-A	Negative	0.897544	0.102456
6KAD-T-A	Negative	0.943367	0.0566332
6KAD-M-B	Negative	0.908381	0.0916194
6KAD-V-C	Negative	0.909596	0.0904041
6KAD-X-D	Negative	0.866352	0.133648
6BD1-C-A	Positive	0.271893	0.728107
6BD1-D-B	Positive	0.202636	0.797364
6DIG-C-A	Negative	0.798885	0.201115
6HL5-S-A	Negative	0.882814	0.117186
6ZKU-V-M	Negative	0.953636	0.0463639
6J68-C-A	Negative	0.573985	0.426015
6J68-D-B	Positive	0.323483	0.676517
6BXP-C-A	Positive	0.436655	0.563345
6F0H-B-A	Negative	0.813935	0.186065
6F0H-D-A	Negative	0.753963	0.246037
6VRY-G-L	Positive	0.369119	0.630881
6LY9-K-N	Negative	0.724638	0.275362
6LY9-L-N	Negative	0.889863	0.110137
6GY5-U-A	Negative	0.876907	0.123093
6G55-D-A	Negative	0.761768	0.238232
6WMQ-E-A	Negative	0.831504	0.168496
6WMQ-F-A	Negative	0.790878	0.209122
6FMP-C-A	Positive	0.321218	0.678782
6DN5-B-A	Positive	0.383791	0.616209
6U6K-C-A	Negative	0.63403	0.36597
6AU8-C-A	Negative	0.6454	0.3546
6V4H-B-A	Negative	0.592998	0.407002
6V4H-D-A	Negative	0.622757	0.377243
6MF5-C-A	Negative	0.5779	0.4221
6X5L-B-A	Negative	0.558417	0.441583
6Q0M-C-A	Negative	0.5	0.5
6TTU-I-T	Positive	0.35097	0.64903
6PSD-F-E	Negative	0.802022	0.197978
6PSD-D-C	Negative	0.699819	0.300181
6PSD-B-C	Negative	0.772032	0.227968
6PSD-H-G	Negative	0.793356	0.206644
6PSD-J-I	Negative	0.745052	0.254948
6PSD-N-K	Negative	0.72226	0.27774
6GC3-B-A	Positive	0.236981	0.763019
6SJZ-F-A	Positive	0.190646	0.809354
6SJZ-E-B	Positive	0.124365	0.875635
6NXF-V-A	Negative	0.756997	0.243003
6NXF-U-A	Negative	0.784566	0.215434
6FVL-H-A	Negative	0.454411	0.545589
6FVL-I-B	Negative	0.454411	0.545589
6OT3-6-A	Positive	0.374353	0.625647
6XRF-I-G	Negative	0.938736	0.0612641
6WGZ-C-B	Negative	0.741276	0.258724
6HC0-A-B	Positive	0.328759	0.671241
6W1Q-t-B	Negative	0.905067	0.0949326
6W1Q-i-a	Negative	0.831371	0.168629
6W1Q-r-e	Negative	0.924416	0.0755842
6SCS-P-A	Negative	0.727718	0.272282
6SCS-Q-A	Negative	0.783326	0.216674
6SCS-S-D	Negative	0.820591	0.179409
6X2S-D-C	Negative	0.706344	0.293656
6DCW-T-L	Negative	0.573277	0.426723
6QRM-C-A	Positive	0.119942	0.880058
6QRM-D-B	Positive	0.126744	0.873256
6T4C-D-A	Negative	0.681945	0.318055
6O53-C-A	Negative	0.868133	0.131867
6CHG-E-B	Negative	0.816738	0.183262
6CHG-F-B	Negative	0.905881	0.0941189
6CHG-J-C	Positive	0.354972	0.645028
6V7S-D-C	Negative	0.663054	0.336946
6BNH-B-A	Positive	0.393709	0.606291
6CDG-B-A	Positive	0.377041	0.622959
6RW2-B-A	Negative	0.719266	0.280734
6XMN-B-A	Negative	0.646706	0.353294
6D1U-D-A	Positive	0.214313	0.785687
6D1U-E-A	Positive	0.18744	0.81256
6H9J-D-A	Negative	0.942958	0.0570423
6V9Z-C-A	Negative	0.6669	0.3331
6V9Z-D-A	Negative	0.595341	0.404659
6DDD-O-Q	Positive	0.433901	0.566099
6V7R-D-C	Negative	0.659842	0.340158
6LMK-E-R	Negative	0.591771	0.408229
6GBU-E-C	Negative	0.932058	0.0679424
6FKQ-B-A	Negative	0.807408	0.192592
6VQ2-C-A	Negative	0.659345	0.340655
6Y18-B-A	Positive	0.223491	0.776509
6EWW-E-A	Positive	0.261202	0.738798
6EWW-H-A	Positive	0.299065	0.700935
6U3M-F-C	Negative	0.540976	0.459024
6SS7-C-A	Negative	0.94724	0.0527604
6FBW-B-A	Positive	0.201005	0.798995
6Z13-P-V	Negative	0.614741	0.385259
6KO2-B-A	Positive	0.395718	0.604282
6EZI-B-A	Positive	0.330461	0.669539
6DTG-B-A	Negative	0.680244	0.319756
6AM0-C-A	Negative	0.638878	0.361122
6AM0-G-D	Negative	0.652715	0.347285
6FF3-B-A	Negative	0.844764	0.155236
6CQN-C-A	Negative	0.5	0.5
6MJ8-C-A	Positive	0.37388	0.62612
6L4U-J-A	Negative	0.934292	0.0657082
6L4U-M-B	Negative	0.970396	0.0296042
6XFL-B-A	Negative	0.794891	0.205109
6QDT-B-A	Positive	0.144006	0.855994
6TNO-B-A	Positive	0.421607	0.578393
6TNO-F-E	Positive	0.418912	0.581088
6SEO-L-A	Negative	0.533468	0.466532
6LN4-B-A	Negative	0.90067	0.0993295
6ZIQ-O-a	Negative	0.965793	0.0342067
6WSG-S-B	Negative	0.651626	0.348374
6U74-E-A	Positive	0.358952	0.641048
6Y4Q-C-A	Negative	0.579803	0.420197
6G0O-B-A	Negative	0.65105	0.34895
6AZL-E-A	Positive	0.445915	0.554085
6MTM-C-A	Negative	0.79588	0.20412
6UYZ-B-A	Negative	0.71447	0.28553
6LHF-C-A	Positive	0.282403	0.717597
6BZ3-B-A	Negative	0.773468	0.226532
6BZ3-D-A	Negative	0.799986	0.200014
6RFR-c-Q	Negative	0.827733	0.172267
6QNP-H-A	Negative	0.783408	0.216592
6QNP-K-B	Negative	0.834449	0.165551
6QNP-J-C	Negative	0.917973	0.0820273
6ULS-B-A	Positive	0.324073	0.675927
6BRS-F-A	Negative	0.930818	0.0691821
6BRS-C-A	Negative	0.549176	0.450824
6MJB-C-A	Negative	0.644918	0.355082
6OM0-y-C	Negative	0.666444	0.333556
6OM0-n-J	Positive	0.438774	0.561226
6Y8B-P-A	Negative	0.643978	0.356022
6GMZ-B-A	Positive	0.369006	0.630994
6CV5-D-A	Negative	0.525376	0.474624
6TOG-B-A	Negative	0.875866	0.124134
6EJA-B-A	Positive	0.383639	0.616361
6EJ7-B-A	Positive	0.331198	0.668802
6J9M-F-B	Positive	0.451025	0.548975
6J9M-A-C	Negative	0.5	0.5
6GQN-C-A	Positive	0.305636	0.694364
6GQN-G-A	Positive	0.291517	0.708483
6O7T-b-c	Negative	0.940266	0.0597336
6PGK-J-A	Negative	0.961736	0.0382641
6PGK-K-A	Negative	0.932054	0.0679464
6PGK-X-B	Negative	0.953905	0.0460953
6PGK-V-H	Negative	0.94511	0.0548902
6PGK-g-H	Negative	0.932054	0.0679464
6PGK-j-Z	Negative	0.953905	0.0460953
6UZS-C-A	Positive	0.427272	0.572728
6GEC-L-A	Negative	0.766764	0.233236
6JJX-C-A	Negative	0.582809	0.417191
6JJX-D-B	Negative	0.616148	0.383852
6LDV-P-H	Positive	0.41376	0.58624
6T36-B-A	Positive	0.165072	0.834928
6ZUF-C-A	Positive	0.339613	0.660387
6ZUF-D-B	Positive	0.339613	0.660387
6RQX-B-A	Positive	0.309636	0.690364
6MTT-P-L	Negative	0.783733	0.216267
6TYW-B-A	Negative	0.574615	0.425385
6XAW-B-A	Negative	0.796485	0.203515
6J2F-C-A	Negative	0.649681	0.350319
6XI2-H-A	Negative	0.563505	0.436495
6OX2-Y-A	Negative	0.746073	0.253927
6RU6-C-A	Positive	0.11543	0.88457
6S1R-B-A	Negative	0.752932	0.247068
6YB3-C-A	Negative	0.901172	0.0988282
6YB3-D-A	Negative	0.938942	0.0610575
6FOS-J-2	Negative	0.940368	0.0596323
6FOS-K-3	Negative	0.947968	0.0520321
6HVO-E-A	Negative	0.605964	0.394036
6HVO-D-B	Negative	0.644328	0.355672
6HVO-F-C	Negative	0.547044	0.452956
6NK2-C-A	Negative	0.6364	0.3636
6NK2-D-A	Negative	0.6364	0.3636
6Q67-B-A	Negative	0.82228	0.17772
6GB1-B-A	Negative	0.759805	0.240195
6VDK-M-A	Negative	0.735042	0.264958
6KX9-C-A	Negative	0.559359	0.440641
6T2D-B-A	Negative	0.775281	0.224719
6BB4-P-L	Negative	0.531347	0.468653
6K71-M-P	Negative	0.748656	0.251344
6RD6-T-2	Negative	0.815157	0.184843
6GHN-P-A	Negative	0.830457	0.169543
6BGH-B-A	Negative	0.577438	0.422562
6RH6-B-A	Negative	0.462056	0.537944
6KLR-B-A	Negative	0.72282	0.27718
6YSF-A-E	Negative	0.785463	0.214537
6YSF-B-E	Negative	0.820655	0.179345
6YKM-F-A	Negative	0.933194	0.0668064
6PNJ-J-A	Negative	0.953904	0.0460959
6PNJ-K-A	Negative	0.973388	0.0266117
6PNJ-X-B	Negative	0.883527	0.116473
6IWG-C-A	Negative	0.542604	0.457396
6ZKX-C-A	Negative	0.746762	0.253238
6RKO-H-A	Negative	0.937716	0.0622841
6RKO-X-A	Negative	0.944811	0.0551887
6L66-C-A	Positive	0.218317	0.781683
6NJZ-C-A	Negative	0.642276	0.357724
6NJZ-D-B	Negative	0.642276	0.357724
6AD0-D-A	Negative	0.569398	0.430602
6GYT-C-A	Negative	0.600583	0.399417
6JBK-B-A	Negative	0.786434	0.213566
6XVT-G-A	Positive	0.31188	0.68812
6YN1-J-A	Positive	0.314069	0.685931
6YN1-E-C	Positive	0.334262	0.665738
6YN1-n-C	Positive	0.328083	0.671917
6YN1-O-M	Positive	0.333655	0.666345
6YN1-d-R	Positive	0.338319	0.661681
6LRA-C-H	Negative	0.639741	0.360259
6S3F-B-A	Negative	0.479518	0.520482
6QFI-B-A	Negative	0.824615	0.175385
6SB0-O-A	Negative	0.866352	0.133648
6Y9N-B-A	Negative	0.810024	0.189976
6I2A-D-A	Negative	0.606483	0.393517
6EPF-Y-S	Negative	0.626984	0.373016
6YGC-D-A	Positive	0.38537	0.61463
6DNO-B-A	Negative	0.73367	0.26633
6JY4-L-A	Negative	0.81833	0.18167
6JY4-M-A	Negative	0.817979	0.182021
6VGQ-U-N	Negative	0.465499	0.534501
6VB7-C-A	Positive	0.418505	0.581495
6XSN-C-H	Negative	0.841794	0.158206
6ZBU-C-A	Negative	0.552632	0.447368
6ZBU-D-A	Negative	0.616214	0.383786
6ZBU-G-E	Negative	0.552632	0.447368
6ZBU-H-E	Negative	0.616214	0.383786
6PEN-G-A	Positive	0.367985	0.632015
6HA6-D-A	Negative	0.944447	0.0555531
6V7K-X-A	Negative	0.647972	0.352028
6Q98-6-D	Negative	0.5208	0.4792
6GWS-E-A	Negative	0.505408	0.494592
6GWS-F-A	Negative	0.526003	0.473997
6GWS-D-B	Negative	0.548054	0.451946
6ZC9-E-A	Positive	0.102215	0.897785
6ZC9-F-B	Positive	0.243279	0.756721
6RWK-D-X	Negative	0.799612	0.200388
6M2M-M-A	Positive	0.279537	0.720463
6M2M-N-C	Positive	0.382011	0.617989
6DB7-P-H	Negative	0.660757	0.339243
6M9F-B-A	Negative	0.455224	0.544776
6BW4-B-C	Positive	0.355827	0.644173
6J2G-C-A	Negative	0.632751	0.367249
6PW8-B-A	Negative	0.726597	0.273403
6WG1-C-A	Positive	0.272901	0.727099
6D2T-C-A	Negative	0.931335	0.0686646
6HGN-B-A	Negative	0.705532	0.294468
6B23-a-A	Negative	0.560131	0.439869
6B23-c-B	Negative	0.515038	0.484962
6D3O-C-A	Negative	0.609737	0.390263
6D3O-D-A	Negative	0.716046	0.283954
6YOS-C-A	Negative	0.82186	0.17814
6J8O-A-B	Negative	0.862485	0.137515
6J8O-C-B	Positive	0.396897	0.603103
6IAC-L-A	Negative	0.799036	0.200964
6EI2-C-A	Positive	0.316084	0.683916
6T46-B-A	Negative	0.484821	0.515179
6MIQ-C-A	Positive	0.219787	0.780213
6QSY-P-A	Positive	0.443691	0.556309
6R50-D-A	Negative	0.717805	0.282195
6ZBI-B-A	Negative	0.611597	0.388403
6SPB-4-T	Positive	0.42246	0.57754
6PPO-D-A	Negative	0.471834	0.528166
6IU7-B-A	Positive	0.054883	0.945117
6RJL-P-A	Positive	0.174915	0.825085
6KVA-b-h	Positive	0.364397	0.635603
6IWD-B-A	Negative	0.821859	0.178141
6H2A-H-A	Positive	0.389935	0.610065
6RQH-L-Q	Negative	0.707017	0.292983
6B67-D-A	Negative	0.56724	0.43276
6NIY-P-R	Negative	0.696489	0.303511
6XA6-C-B	Positive	0.193739	0.806261
6XA6-D-B	Positive	0.355329	0.644671
6FQ4-B-A	Negative	0.655383	0.344617
6W00-P-L	Positive	0.206399	0.793601
6GRH-A-1	Negative	0.80286	0.19714
6CQR-C-A	Negative	0.5	0.5
6JX3-A-B	Negative	0.679596	0.320404
6D8C-N-H	Negative	0.5	0.5
6M2J-C-A	Negative	0.941767	0.0582325
6AYN-F-A	Positive	0.445915	0.554085
6X23-B-A	Positive	0.226063	0.773937
6TYX-C-A	Negative	0.714347	0.285653
6TYX-D-B	Negative	0.7377	0.2623
6JOZ-C-A	Negative	0.766394	0.233606
6JUE-A-L	Negative	0.597112	0.402888
6YBU-C-A	Negative	0.839966	0.160034
6YBU-D-A	Negative	0.899062	0.100938
6YBU-I-G	Negative	0.874362	0.125638
6YBU-J-G	Negative	0.903635	0.0963652
6HC8-E-A	Negative	0.934702	0.0652982
6S24-F-A	Negative	0.552925	0.447075
6B4G-B-A	Negative	0.733822	0.266178
6B4G-H-G	Negative	0.759709	0.240291
6P8U-C-B	Negative	0.844936	0.155064
6A3A-D-C	Negative	0.683781	0.316219
6S1U-I-A	Negative	0.533032	0.466968
6P2F-C-A	Negative	0.738927	0.261073
6ZMT-i-D	Negative	0.458205	0.541795
6GCS-c-Q	Negative	0.916844	0.083156
6OA9-K-A	Negative	0.734273	0.265727
6WMS-E-A	Negative	0.884268	0.115732
6ZCJ-P-A	Negative	0.515095	0.484905
6MBE-B-A	Negative	0.869306	0.130694
6S9L-C-A	Positive	0.278114	0.721886
6SND-C-A	Negative	0.791893	0.208107
6ERH-M-A	Positive	0.304811	0.695189
6ERH-T-C	Positive	0.406474	0.593526
6WMF-B-A	Negative	0.748973	0.251027
6ZR5-C-A	Negative	0.5	0.5
6ZR5-D-A	Negative	0.490857	0.509143
6CDM-C-A	Negative	0.80893	0.19107
6QDR-B-A	Positive	0.214292	0.785708
6NPZ-F-A	Positive	0.165096	0.834904
6Z5R-C-D	Negative	0.913808	0.0861919
6Z5R-E-D	Negative	0.913808	0.0861919
6Z5R-A-D	Negative	0.913808	0.0861919
6Z5R-I-F	Negative	0.932662	0.0673384
6Z5R-J-G	Negative	0.909806	0.0901942
6Z5R-K-G	Negative	0.932662	0.0673384
6Z5R-7-H	Negative	0.913808	0.0861919
6Z5R-T-M	Negative	0.907266	0.092734
6Z5R-Y-M	Negative	0.913808	0.0861919
6Z5R-S-Q	Negative	0.923413	0.0765867
6TKG-I-H	Negative	0.611896	0.388104
6X18-P-R	Negative	0.830589	0.169411
6S7L-C-A	Negative	0.811271	0.188729
6CBP-P-A	Positive	0.432804	0.567196
6UUN-P-E	Negative	0.57572	0.42428
6ILG-C-A	Negative	0.818396	0.181604
6VB0-C-A	Negative	0.490987	0.509013
6FCP-P-A	Positive	0.237456	0.762544
6GMG-C-A	Negative	0.50661	0.49339
6GMG-D-B	Positive	0.451351	0.548649
6EOT-F-A	Negative	0.773312	0.226688
6NFJ-C-A	Positive	0.450989	0.549011
6Z0M-B-A	Negative	0.911948	0.0880522
6Z0M-E-A	Negative	0.838705	0.161295
6F0W-S-A	Negative	0.633414	0.366586
6R5B-E-A	Negative	0.61433	0.38567
6VMC-C-A	Negative	0.790999	0.209001
6L35-J-A	Negative	0.957223	0.0427769
6L35-M-B	Negative	0.916735	0.0832651
6B0U-D-A	Positive	0.241148	0.758852
6B0U-E-B	Positive	0.318281	0.681719
6QTQ-B-A	Negative	0.764627	0.235373
6H06-I-H	Negative	0.760048	0.239952
6H06-G-H	Negative	0.657127	0.342873
6H06-K-A	Negative	0.71702	0.28298
6UGF-G-A	Positive	0.355942	0.644058
6BYH-E-A	Negative	0.708683	0.291317
6BYH-I-G	Negative	0.727221	0.272779
6X6Q-B-A	Positive	0.354443	0.645557
6MAK-B-A	Negative	0.911324	0.088676
6SK3-C-A	Positive	0.124365	0.875635
6AY9-B-A	Negative	0.526792	0.473208
6UYR-B-A	Negative	0.722867	0.277133
6Y39-D-E	Negative	0.632014	0.367986
6Y39-G-H	Negative	0.712114	0.287886
6XID-I-B	Positive	0.319177	0.680823
6EF5-P-A	Positive	0.421723	0.578277
6EF5-Q-B	Positive	0.399517	0.600483
6F5P-G-A	Positive	0.264827	0.735173
6YMO-C-A	Negative	0.5	0.5
6YMO-D-B	Positive	0.412318	0.587682
6WNX-C-A	Negative	0.888272	0.111728
6SPF-u-b	Positive	0.25469	0.74531
6KMH-C-A	Negative	0.719726	0.280274
6F4S-B-A	Negative	0.57877	0.42123
6KM7-C-A	Negative	0.860051	0.139949
6KM7-D-A	Negative	0.790223	0.209777
6UJ8-C-A	Positive	0.351532	0.648468
6SMQ-C-A	Positive	0.262829	0.737171
6I42-B-A	Negative	0.774085	0.225915
6MEW-B-A	Negative	0.930375	0.0696251
6MEW-D-A	Negative	0.806838	0.193162
6WK2-Y-A	Negative	0.769179	0.230821
6NK0-C-A	Negative	0.833654	0.166346
6G84-D-A	Negative	0.708982	0.291018
6G84-C-B	Negative	0.894212	0.105788
6Y6B-C-A	Positive	0.356769	0.643231
6ZBT-E-A	Negative	0.534996	0.465004
6ZBT-G-B	Positive	0.223263	0.776737
6JAT-B-A	Negative	0.677026	0.322974
6JAT-D-C	Negative	0.645644	0.354356
6HLB-B-A	Positive	0.32645	0.67355
6TSC-B-A	Negative	0.708069	0.291931
6PJA-B-A	Negative	0.686646	0.313354
6W05-P-H	Positive	0.206399	0.793601
6GVL-B-A	Negative	0.598702	0.401298
6L8G-A-B	Negative	0.7791	0.2209
6YO8-E-A	Negative	0.755268	0.244732
6YO8-G-C	Negative	0.744105	0.255895
6XOV-B-A	Positive	0.368262	0.631738
6N7I-F-A	Negative	0.742239	0.257761
6SEF-V-A	Positive	0.182605	0.817395
6FBX-B-A	Negative	0.651704	0.348296
6F4U-D-A	Negative	0.752851	0.247149
6B8J-C-A	Positive	0.344425	0.655575
6B8H-A-2	Negative	0.894506	0.105494
6B8H-k-a	Negative	0.951744	0.0482564
6B8H-I-G	Negative	0.720999	0.279001
6TWY-C-B	Positive	0.268706	0.731294
6PU3-B-A	Positive	0.197102	0.802898
6QS1-F-B	Positive	0.290719	0.709281
6HKS-H-B	Positive	0.318194	0.681806
6EH2-B-A	Negative	0.554939	0.445061
6TMF-Z-Q	Negative	0.556497	0.443503
6MA4-B-A	Positive	0.278232	0.721768
6HZC-B-A	Positive	0.317617	0.682383
6R8I-B-A	Negative	0.48879	0.51121
6YJ4-k-L	Negative	0.861394	0.138606
6T2F-B-A	Negative	0.726641	0.273359
6C1D-F-B	Positive	0.415453	0.584547
6IZ8-F-C	Positive	0.328558	0.671442
6V3X-B-A	Positive	0.382012	0.617988
6XA8-C-B	Positive	0.355329	0.644671
6Q8I-C-A	Negative	0.899044	0.100956
6Q8I-D-A	Negative	0.920346	0.0796542
6Q8I-G-A	Negative	0.878317	0.121683
6Q8I-H-A	Negative	0.907881	0.0921187
6Q8I-K-B	Negative	0.888222	0.111778
6Q8I-L-B	Negative	0.908857	0.0911426
6Q8I-O-M	Negative	0.904709	0.095291
6WI4-C-B	Negative	0.479558	0.520442
6T80-G-A	Positive	0.390325	0.609675
6T80-H-B	Positive	0.22002	0.77998
6T80-E-C	Positive	0.249234	0.750766
6RXQ-E-A	Positive	0.273514	0.726486
6RXQ-F-A	Positive	0.347906	0.652094
6RXQ-H-D	Positive	0.178773	0.821227
6ZXE-e-J	Negative	0.534652	0.465348
6QDV-Z-A	Negative	0.5	0.5
6QDV-z-F	Negative	0.5	0.5
6HBG-D-A	Negative	0.683499	0.316501
6MGQ-D-A	Positive	0.362876	0.637124
6N7Q-C-A	Negative	0.5	0.5
6SI6-A-B	Negative	0.82609	0.17391
6S8S-B-A	Negative	0.811752	0.188248
6S8S-D-A	Negative	0.811752	0.188248
6UAO-B-S	Positive	0.395149	0.604851
6YGH-E-A	Positive	0.0748942	0.925106
6CEZ-P-L	Negative	0.599708	0.400292
6WNT-A-e	Negative	0.685803	0.314197
6YLD-B-A	Negative	0.473139	0.526861
6YLD-D-C	Negative	0.611479	0.388521
6ZMW-i-Z	Negative	0.635585	0.364415
6GG7-C-B	Negative	0.493223	0.506777
6WK1-Y-A	Negative	0.769179	0.230821
6SQC-B-A	Negative	0.867115	0.132885
6U3O-I-G	Negative	0.749521	0.250479
6WAV-E-A	Negative	0.711238	0.288762
6WAV-G-A	Negative	0.60024	0.39976
6WAV-F-B	Negative	0.711238	0.288762
6WAV-H-B	Negative	0.696381	0.303619
6LSD-C-A	Negative	0.618907	0.381093
6GHJ-B-A	Positive	0.416635	0.583365
6G8P-P-A	Positive	0.362393	0.637607
6KK4-A-B	Negative	0.906691	0.0933086
6R2I-B-A	Negative	0.493351	0.506649
6KWO-C-A	Positive	0.351521	0.648479
6OM4-C-A	Positive	0.219927	0.780073
6E2P-C-A	Negative	0.559224	0.440776
6E2P-D-B	Negative	0.552864	0.447136
6J8Y-D-C	Positive	0.429278	0.570722
6QZS-P-A	Positive	0.344694	0.655306
6QZS-C-B	Positive	0.397479	0.602521
6C23-E-A	Negative	0.551291	0.448709
6C23-O-K	Negative	0.566277	0.433723
6C23-B-L	Positive	0.344572	0.655428
6V86-F-A	Negative	0.832205	0.167795
6H9N-B-A	Negative	0.794259	0.205741
6WJ6-F-A	Negative	0.8961	0.1039
6WJ6-I-A	Negative	0.855145	0.144855
6WJ6-L-A	Negative	0.892461	0.107539
6WJ6-T-A	Negative	0.951231	0.0487691
6IJO-J-A	Negative	0.889835	0.110165
6JUW-Y-N	Negative	0.800261	0.199739
6PX6-C-A	Negative	0.650678	0.349322
6YR5-O-A	Negative	0.687488	0.312512
6YR5-P-B	Negative	0.691044	0.308956
6YR5-Q-C	Negative	0.842203	0.157797
6YR5-R-D	Negative	0.762791	0.237209
6PI7-G-A	Positive	0.310351	0.689649
6ZMR-k-O	Negative	0.900548	0.0994525
6ZMR-8-P	Negative	0.751337	0.248663
6ZMR-d-a	Negative	0.645987	0.354013
6ZMR-j-a	Negative	0.815365	0.184635
6NQB-R-F	Negative	0.697975	0.302025
6R00-B-A	Negative	0.796905	0.203095
6NPW-E-D	Positive	0.219823	0.780177
6OPD-C-A	Negative	0.927753	0.0722472
6ZVF-P-L	Negative	0.54334	0.45666
6TTK-E-A	Positive	0.28109	0.71891
6TTK-F-B	Positive	0.307383	0.692617
6U8G-E-A	Positive	0.386966	0.613034
6G4S-k-Q	Negative	0.521279	0.478721
6YXK-C-A	Positive	0.341222	0.658778
6VB1-C-A	Negative	0.616911	0.383089
6ATK-F-C	Positive	0.164156	0.835844
6TKJ-I-H	Negative	0.53063	0.46937
6VPV-J-A	Negative	0.935708	0.0642916
6ITU-B-A	Negative	0.5	0.5
6F4V-G-A	Negative	0.70404	0.29596
6GKG-I-A	Negative	0.523353	0.476647
6GKG-K-B	Positive	0.411711	0.588289
6GKG-M-C	Negative	0.626847	0.373153
6GKG-N-G	Positive	0.401945	0.598055
6LQJ-a-A	Negative	0.46122	0.53878
6PGQ-B-A	Positive	0.128997	0.871003
6CRR-D-A	Negative	0.522294	0.477706
6TJB-A-B	Negative	0.795046	0.204954
6PVA-A-B	Positive	0.310582	0.689418
6V2E-B-A	Negative	0.602483	0.397517
6VBQ-P-H	Negative	0.801774	0.198226
6VBQ-K-D	Negative	0.629174	0.370826
6H8Q-G-A	Negative	0.558564	0.441436
6H8Q-H-B	Negative	0.719023	0.280977
6F9W-B-A	Negative	0.80679	0.19321
6TME-C-A	Positive	0.417771	0.582229
6TWU-C-B	Positive	0.375209	0.624791
6UEB-B-A	Negative	0.787733	0.212267
6KWL-C-A	Negative	0.856495	0.143505
6UIB-C-A	Positive	0.432683	0.567317
6OKD-D-A	Negative	0.742752	0.257248
6OKD-C-B	Negative	0.731343	0.268657
6QNX-C-A	Negative	0.514697	0.485303
6RR0-H-A	Positive	0.447597	0.552403
6RR0-I-A	Positive	0.332282	0.667718
6RR0-K-B	Positive	0.269897	0.730103
6RR0-L-C	Positive	0.28371	0.71629
6RR0-N-G	Positive	0.270544	0.729456
6V01-C-B	Negative	0.795538	0.204462
6ZXS-J-A	Negative	0.928393	0.0716074
6K08-B-A	Negative	0.624766	0.375234
6L71-C-A	Positive	0.218317	0.781683
6GL1-P-A	Negative	0.65344	0.34656
6RUP-C-A	Positive	0.202819	0.797181
6ML1-G-A	Positive	0.400805	0.599195
6SIG-C-B	Negative	0.91412	0.0858796
6DU2-C-A	Positive	0.399001	0.600999
6DU2-D-A	Positive	0.413222	0.586778
6U6L-B-A	Positive	0.358952	0.641048
6MT5-C-A	Negative	0.759824	0.240176
6G9Q-P-A	Negative	0.573138	0.426862
6EVN-C-A	Positive	0.185496	0.814504
6ZK9-q-4	Negative	0.807734	0.192266
6P1Y-A-B	Negative	0.867058	0.132942
6OWT-T-B	Negative	0.631271	0.368729
6V7X-C-A	Negative	0.860601	0.139399
6LXE-B-A	Negative	0.551205	0.448795
6LXE-C-A	Negative	0.795185	0.204815
6WJ7-A-B	Positive	0.31619	0.68381
6C26-4-A	Negative	0.802662	0.197338
6EJL-C-A	Negative	0.707943	0.292057
6EJL-D-B	Negative	0.661962	0.338038
6RMB-D-A	Negative	0.7695	0.2305
6EVP-C-A	Positive	0.247959	0.752041
6DAE-C-A	Negative	0.557851	0.442149
6DAE-D-B	Negative	0.527067	0.472933
6JI2-X-A	Negative	0.711181	0.288819
6ODM-O-C	Negative	0.789173	0.210827
6PEU-M-A	Negative	0.756767	0.243233
6CS3-D-A	Negative	0.5	0.5
6ZVQ-B-A	Negative	0.599723	0.400277
6G0Q-B-A	Positive	0.212397	0.787603
6H25-I-F	Negative	0.760466	0.239534
6H25-K-G	Negative	0.780585	0.219415
6YNU-B-A	Negative	0.917706	0.0822935
6WJQ-C-A	Negative	0.48525	0.51475
6J4V-B-A	Negative	0.693303	0.306697
6CE7-O-B	Negative	0.904981	0.0950194
6CE7-P-B	Negative	0.752304	0.247696
6U3D-C-A	Negative	0.572806	0.427194
6TA7-G-A	Negative	0.81278	0.18722
6TA7-H-F	Positive	0.387825	0.612175
6QPH-J-2	Negative	0.914636	0.0853639
6YQF-D-A	Negative	0.860621	0.139379
6MI7-C-F	Negative	0.944832	0.0551682
6BHD-B-A	Positive	0.226316	0.773684
6KZH-C-A	Positive	0.352245	0.647755
6VQO-P-A	Negative	0.787472	0.212528
6VEQ-B-E	Negative	0.553361	0.446639
6V3N-C-A	Negative	0.677011	0.322989
6V3N-D-A	Negative	0.551198	0.448802
6YR7-C-A	Negative	0.535779	0.464221
6JWN-B-A	Positive	0.435462	0.564538
6JLP-F-A	Negative	0.901285	0.0987155
6HPG-a-A	Negative	0.466219	0.533781
6HPG-f-B	Negative	0.452499	0.547501
6TUV-L-A	Negative	0.773291	0.226709
6MNQ-P-H	Negative	0.767795	0.232205
6H0B-F-B	Negative	0.542862	0.457138
6XZK-B-A	Positive	0.31341	0.68659
6B4I-C-B	Negative	0.871589	0.128411
6B4I-D-B	Negative	0.869764	0.130236
6R16-H-A	Negative	0.755559	0.244441
6R16-I-A	Negative	0.774596	0.225404
6R16-J-A	Negative	0.752684	0.247316
6R16-K-A	Negative	0.832935	0.167065
6WME-B-A	Negative	0.528289	0.471711
6KPD-B-C	Negative	0.79035	0.20965
6W6O-C-A	Negative	0.465026	0.534974
6WBC-B-A	Positive	0.164308	0.835692
6PUZ-D-A	Negative	0.760979	0.239021
6WDT-D-A	Negative	0.469156	0.530844
6B3X-B-A	Positive	0.293691	0.706309
6M8R-K-G	Negative	0.748042	0.251958
6M8R-L-B	Negative	0.799815	0.200185
6O28-E-A	Positive	0.154636	0.845364
6NUU-C-A	Negative	0.765208	0.234792
6HEP-E-A	Negative	0.711157	0.288843
6DRT-D-A	Negative	0.773943	0.226057
6DRT-E-B	Negative	0.69677	0.30323
6PV9-B-A	Positive	0.381131	0.618869
6XTR-C-A	Negative	0.532542	0.467458
6SIQ-P-A	Positive	0.352525	0.647475
6T7H-L-H	Negative	0.732527	0.267473
6MNR-P-H	Negative	0.696417	0.303583
6O9B-C-A	Positive	0.221489	0.778511
6WZY-C-A	Negative	0.586598	0.413402
6NF7-C-A	Negative	0.836315	0.163685
6NF7-O-A	Negative	0.788738	0.211262
6NF7-F-D	Negative	0.457428	0.542572
6NF7-I-G	Negative	0.805537	0.194463
6L9F-C-A	Positive	0.433631	0.566369
6L9F-D-B	Negative	0.454983	0.545017
6HM4-B-A	Negative	0.698005	0.301995
6QFM-B-A	Negative	0.79791	0.20209
6XSA-B-A	Negative	0.875499	0.124501
6HSN-D-A	Negative	0.623531	0.376469
6TJT-D-A	Positive	0.339424	0.660576
6ACP-B-A	Negative	0.65683	0.34317
6SH9-E-B	Negative	0.850744	0.149256
6SH6-B-A	Negative	0.716556	0.283444
6UYV-B-A	Negative	0.769735	0.230265
6AZT-B-A	Negative	0.456448	0.543552
6JZE-B-A	Negative	0.754731	0.245269
6FY2-P-H	Negative	0.820722	0.179278
6FY2-Z-X	Negative	0.820722	0.179278
6WRF-S-B	Negative	0.66929	0.33071
6YLE-K-B	Negative	0.610085	0.389915
6U3B-B-A	Negative	0.701649	0.298351
6AXK-E-A	Positive	0.200313	0.799687
6LML-C-B	Negative	0.885317	0.114683
6KZA-C-A	Negative	0.821735	0.178265
6KZA-D-B	Negative	0.78192	0.21808
6SEN-L-A	Negative	0.454983	0.545017
6SEN-M-B	Negative	0.454983	0.545017
6TJ1-D-A	Negative	0.645884	0.354116
6YAY-C-A	Negative	0.911927	0.0880729
6YAY-D-A	Negative	0.922806	0.0771938
6NI2-V-A	Positive	0.364879	0.635121
6Q53-B-A	Negative	0.870114	0.129886
6Q53-E-A	Negative	0.870114	0.129886
6H9O-B-A	Negative	0.763836	0.236164
6V7P-D-C	Negative	0.658859	0.341141
6V7P-B-A	Negative	0.641023	0.358977
6FZF-C-A	Negative	0.678104	0.321896
6PU1-B-A	Positive	0.450509	0.549491
6ZH6-B-A	Negative	0.83876	0.16124
6YW3-B-A	Negative	0.774598	0.225402
6C4U-L-F	Negative	0.543729	0.456271
6MTP-P-L	Negative	0.763204	0.236796
6MTP-Q-B	Negative	0.530645	0.469355
6BIZ-C-A	Negative	0.711953	0.288047
6ZHX-L-C	Positive	0.322805	0.677195
6A30-P-A	Positive	0.372374	0.627626
6NYX-B-H	Negative	0.776436	0.223564
6NYX-G-H	Negative	0.73702	0.26298
6NYX-O-H	Negative	0.681292	0.318708
6TMH-i-C	Negative	0.773151	0.226849
6U3A-C-A	Negative	0.540318	0.459682
6U3A-D-B	Negative	0.615557	0.384443
6MHF-C-A	Negative	0.487856	0.512144
6PYQ-B-A	Negative	0.606046	0.393954
6PYQ-C-A	Negative	0.762919	0.237081
6PYQ-E-A	Negative	0.718249	0.281751
6PYQ-F-A	Negative	0.606046	0.393954
6EWO-C-A	Positive	0.411605	0.588395
6HZA-B-A	Positive	0.320194	0.679806
6SZ5-B-A	Negative	0.744034	0.255966
6SZ5-C-A	Negative	0.735135	0.264865
6J0W-C-A	Positive	0.359509	0.640491
6J0W-D-B	Positive	0.383697	0.616303
6YR6-B-A	Positive	0.316321	0.683679
6S07-C-A	Negative	0.532542	0.467458
6B9Y-D-A	Positive	0.302456	0.697544
6IC8-C-A	Positive	0.264618	0.735382
6IC8-D-B	Positive	0.212954	0.787046
6CD9-B-A	Positive	0.282696	0.717304
6N7J-D-A	Negative	0.521497	0.478503
6CCE-J-F	Negative	0.667731	0.332269
6YAR-C-A	Negative	0.873743	0.126257
6YAR-D-A	Negative	0.901358	0.098642
6DTH-B-A	Positive	0.270156	0.729844
6RO1-B-A	Negative	0.5	0.5
6BLI-F-B	Negative	0.688703	0.311297
6BLI-I-G	Negative	0.71212	0.28788
6IUH-C-A	Negative	0.740187	0.259813
6IUH-D-B	Negative	0.732419	0.267581
6F8F-G-D	Positive	0.192946	0.807054
6YSI-W-D	Negative	0.81428	0.18572
6ZHI-H-D	Negative	0.524631	0.475369
6N61-I-C	Negative	0.531241	0.468759
6TDY-N-C	Negative	0.562063	0.437937
6TDY-h-M	Negative	0.8774	0.1226
6V4G-B-A	Positive	0.451725	0.548275
6CTB-B-A	Negative	0.52312	0.47688
6JAU-B-A	Negative	0.611493	0.388507
6FBK-P-A	Negative	0.885091	0.114909
6L7O-P-B	Negative	0.829077	0.170923
6GSN-h-q	Positive	0.270057	0.729943
6ZMP-C-A	Negative	0.49074	0.50926
6RMC-C-A	Negative	0.800975	0.199025
6ALG-N-I	Negative	0.480851	0.519149
6URI-D-A	Positive	0.409	0.591
6CBI-I-A	Positive	0.359923	0.640077
6CBI-J-A	Positive	0.336853	0.663147
6IWA-A-C	Positive	0.371927	0.628073
6SWE-Y-3	Negative	0.687015	0.312985
6V8O-S-G	Negative	0.889626	0.110374
6ZXA-B-A	Negative	0.895144	0.104856
6ZXA-D-A	Negative	0.895144	0.104856
6HBY-C-A	Negative	0.722404	0.277596
6U96-F-A	Negative	0.5	0.5
6DAD-C-A	Negative	0.547404	0.452596
6T5F-G-A	Positive	0.38196	0.61804
6T5F-H-B	Positive	0.286393	0.713607
6T5F-E-C	Negative	0.82682	0.17318
6T5F-F-D	Negative	0.790755	0.209245
6FEL-E-A	Positive	0.417969	0.582031
6URQ-D-A	Positive	0.277162	0.722838
6JXR-a-d	Negative	0.914626	0.0853744
6JXR-b-d	Negative	0.967733	0.0322675
6IGX-A-B	Negative	0.781236	0.218764
6IGX-C-D	Negative	0.773922	0.226078
6I31-B-A	Negative	0.529578	0.470422
6J19-B-A	Positive	0.429079	0.570921
6GD5-B-A	Positive	0.220486	0.779514
6CF6-D-A	Positive	0.422643	0.577357
6CF6-C-B	Negative	0.46481	0.53519
6B3J-P-R	Negative	0.908462	0.0915385
6L65-C-A	Positive	0.186963	0.813037
6MGN-B-A	Negative	0.864286	0.135714
6Y2B-C-A	Negative	0.644009	0.355991
6VJN-G-H	Negative	0.638362	0.361638
6VJN-F-H	Positive	0.316194	0.683806
6N3E-B-A	Positive	0.308559	0.691441
6Q9I-B-A	Negative	0.633572	0.366428
6P9X-P-R	Negative	0.713391	0.286609
6KIG-J-A	Negative	0.956141	0.0438587
6J5J-I-G	Negative	0.843597	0.156403
6J5J-i-8	Negative	0.840664	0.159336
6IVX-D-A	Negative	0.821264	0.178736
6UBE-B-S	Negative	0.510438	0.489562
6YIH-C-A	Negative	0.88218	0.11782
6KEY-B-A	Positive	0.3695	0.6305
6CWP-F-A	Negative	0.5	0.5
6Y26-C-A	Negative	0.77423	0.22577
6Q00-B-A	Negative	0.85813	0.14187
6XOI-C-A	Negative	0.900875	0.0991246
6K81-B-A	Negative	0.745473	0.254527
6XQI-F-A	Negative	0.87623	0.12377
6XQI-I-B	Negative	0.628587	0.371413
6MPZ-M-A	Negative	0.74951	0.25049
6VE5-B-A	Negative	0.663143	0.336857
6D08-C-A	Positive	0.119022	0.880978
6D08-D-B	Positive	0.110253	0.889747
6TYT-B-A	Negative	0.843007	0.156993
6TYT-C-A	Negative	0.649016	0.350984
6Y27-C-A	Negative	0.77423	0.22577
6HIK-L-A	Negative	0.659948	0.340052
6SBA-B-A	Negative	0.891944	0.108056
6X5J-B-A	Negative	0.539902	0.460098
6QEV-D-B	Negative	0.658355	0.341645
6IMM-R-P	Negative	0.906138	0.0938617
6ICR-A-B	Negative	0.830611	0.169389
6ICR-C-B	Negative	0.717654	0.282346
6R5G-B-A	Negative	0.669867	0.330133
6E2Q-M-A	Negative	0.694636	0.305364
6E2Q-P-A	Negative	0.786194	0.213806
6FAI-d-i	Negative	0.754642	0.245358
6M92-C-A	Negative	0.786325	0.213675
6YSL-B-G	Negative	0.94478	0.0552198
6YSL-A-F	Negative	0.966369	0.0336312
6V2O-C-A	Negative	0.806755	0.193245
6P6E-B-A	Positive	0.284087	0.715913
6P6E-C-A	Positive	0.177432	0.822568
6CVJ-D-A	Negative	0.482833	0.517167
6B5P-A-H	Positive	0.156386	0.843614
6G8I-P-A	Positive	0.410146	0.589854
6PFO-C-A	Positive	0.2524	0.7476
6GR9-B-A	Negative	0.847368	0.152632
6J0X-E-A	Negative	0.769637	0.230363
6KPB-B-C	Negative	0.854769	0.145231
6HOL-C-A	Positive	0.344694	0.655306
6HOL-D-B	Positive	0.344694	0.655306
6EAT-I-A	Positive	0.309468	0.690532
6TAS-G-A	Positive	0.130522	0.869478
6OIT-G-A	Negative	0.948957	0.0510426
6FC6-B-A	Positive	0.366103	0.633897
6LPH-B-A	Negative	0.795136	0.204864
6YIE-C-A	Negative	0.893591	0.106409
6TKK-B-A	Positive	0.138604	0.861396
6GWJ-D-B	Negative	0.861611	0.138389
6PTE-C-A	Negative	0.856845	0.143155
6RQJ-D-A	Negative	0.796245	0.203755
6KVM-C-A	Positive	0.143563	0.856437
6TDX-0-S	Negative	0.766891	0.233109
6Z0L-B-A	Negative	0.889508	0.110492
6M4Z-F-A	Negative	0.725967	0.274033
6IGL-B-A	Negative	0.908329	0.0916714
6JO6-J-A	Negative	0.913658	0.0863416
6JO6-K-A	Negative	0.910635	0.0893654
6OZ8-A-B	Negative	0.867058	0.132942
6JZD-B-A	Negative	0.754731	0.245269
6JZD-C-A	Positive	0.381475	0.618525
6BJ8-C-A	Negative	0.761202	0.238798
6KHI-P-B	Negative	0.829077	0.170923
6KHI-Q-D	Negative	0.94688	0.05312
6A9C-E-B	Negative	0.5	0.5
6Q0N-C-A	Negative	0.491122	0.508878
6Q0N-D-B	Negative	0.494528	0.505472
6M4O-E-T	Negative	0.944569	0.0554315
6M4O-B-A	Negative	0.925796	0.0742038
6F4T-B-A	Positive	0.378013	0.621987
6HKP-S-A	Negative	0.90114	0.0988596
6MZB-C-B	Negative	0.72816	0.27184
6MZB-D-B	Negative	0.768197	0.231803
6R15-B-A	Negative	0.632447	0.367553
6VB4-C-A	Negative	0.542739	0.457261
6L7A-J-A	Negative	0.514405	0.485595
6U22-C-A	Negative	0.489882	0.510118
6QZR-N-A	Positive	0.210563	0.789437
6QZR-M-B	Positive	0.315713	0.684287
6QZR-P-D	Positive	0.429514	0.570486
6GK8-I-H	Positive	0.101031	0.898969
6GZJ-B-A	Positive	0.190864	0.809136
6DSL-A-B	Negative	0.909677	0.0903234
6DLC-B-A	Negative	0.785136	0.214864
6O26-C-A	Positive	0.411197	0.588803
6VXY-C-A	Positive	0.359176	0.640824
6ZZX-J-A	Negative	0.936713	0.0632872
6ZZX-M-B	Negative	0.966462	0.0335376
6UZP-C-A	Negative	0.596852	0.403148
6H8C-B-A	Negative	0.919837	0.0801626
6GMR-H-C	Negative	0.876839	0.123161
6XBW-f-a	Negative	0.966653	0.0333467
6XBW-r-b	Negative	0.910642	0.0893576
6DN6-B-A	Positive	0.378105	0.621895
6TQU-C-A	Negative	0.464987	0.535013
6TQU-D-B	Negative	0.472283	0.527717
6G4W-t-u	Negative	0.723776	0.276224
6MLC-E-A	Positive	0.205298	0.794702
6IQG-C-A	Negative	0.767295	0.232705
6IQG-D-B	Negative	0.767295	0.232705
6H0F-C-B	Positive	0.39017	0.60983
6KN8-Y-L	Negative	0.780167	0.219833
6WGN-F-A	Positive	0.42554	0.57446
6NCP-F-B	Positive	0.353269	0.646731
6NCP-E-C	Negative	0.93928	0.06072
6IWH-C-A	Negative	0.491054	0.508946
6OLE-y-C	Negative	0.956506	0.0434943
6R5L-P-A	Negative	0.523387	0.476613
6L03-F-A	Positive	0.384916	0.615084
6HMA-Z-L	Positive	0.334436	0.665564
6PPK-d-E	Positive	0.227871	0.772129
6PDZ-D-A	Negative	0.961773	0.0382275
6AKL-B-A	Negative	0.751345	0.248655
6AKL-C-A	Negative	0.704116	0.295884
6ZR2-s-E	Positive	0.437864	0.562136
6ZR2-c-O	Negative	0.874171	0.125829
6V4E-C-A	Negative	0.523266	0.476734
6R59-E-A	Negative	0.813039	0.186961
6NV2-P-A	Positive	0.266078	0.733922
6N4R-F-B	Negative	0.650041	0.349959
6F0G-C-A	Negative	0.772808	0.227192
6Q0U-C-A	Negative	0.701703	0.298297
6J31-E-A	Negative	0.589107	0.410893
6I5N-K-A	Negative	0.762148	0.237852
6I5N-I-A	Negative	0.635503	0.364497
6I5N-J-D	Negative	0.635503	0.364497
6I5N-L-D	Positive	0.356319	0.643681
6RWL-E-A	Negative	0.796964	0.203036
6J91-A-B	Negative	0.859434	0.140566
6JMU-C-A	Negative	0.649964	0.350036
6JMU-D-B	Negative	0.694188	0.305812
6E5N-A-B	Negative	0.835351	0.164649
6BGG-A-B	Negative	0.879443	0.120557
6YLH-l-X	Positive	0.43158	0.56842
6Z19-C-B	Negative	0.792223	0.207777
6LYQ-O-A	Negative	0.938624	0.061376
6NIX-C-A	Positive	0.396342	0.603658
6ZKB-4-L	Negative	0.667868	0.332132
6IAM-B-A	Negative	0.475405	0.524595
6IAM-C-A	Positive	0.393252	0.606748
6P9Y-P-R	Negative	0.851558	0.148442
6VQP-Q-A	Positive	0.364213	0.635787
6GTQ-C-A	Negative	0.606245	0.393755
6GTQ-D-A	Negative	0.60564	0.39436
6XLZ-P-H	Negative	0.742962	0.257038
6XLZ-A-H	Negative	0.469518	0.530482
6E5U-J-K	Negative	0.841549	0.158451
6G5G-P-B	Negative	0.729295	0.270705
6BWA-B-A	Negative	0.845799	0.154201
6SK8-C-A	Positive	0.18056	0.81944
6SK8-D-B	Positive	0.151643	0.848357
6GOS-A-1	Negative	0.75545	0.24455
6K3A-B-A	Positive	0.223888	0.776112
6W25-B-A	Positive	0.346589	0.653411
6KBM-B-A	Negative	0.505737	0.494263
6XKW-h-n	Negative	0.967307	0.0326929
6XKW-Y-n	Negative	0.954983	0.0450173
6B9L-E-A	Negative	0.517521	0.482479
6W3J-C-B	Negative	0.927465	0.0725355
6J5I-i-8	Negative	0.817673	0.182327
6VIL-I-A	Positive	0.377906	0.622094
6YNS-N-A	Negative	0.904599	0.0954013
6YNS-Q-A	Negative	0.833268	0.166732
6YNS-T-A	Negative	0.860731	0.139269
6YNS-Y-B	Negative	0.87513	0.12487
6YNS-S-D	Negative	0.907622	0.0923775
6YNS-U-F	Negative	0.926776	0.0732238
6XIC-I-B	Positive	0.367495	0.632505
6B5T-A-H	Positive	0.359071	0.640929
6LYR-P-A	Negative	0.697989	0.302011
6A5S-E-A	Negative	0.636504	0.363496
6BVA-E-D	Negative	0.839802	0.160198
6O8C-D-A	Positive	0.434806	0.565194
6O8C-E-A	Positive	0.390266	0.609734
6E3J-B-A	Negative	0.826501	0.173499
6HLW-B-A	Negative	0.804669	0.195331
6HLW-D-C	Negative	0.777092	0.222908
6EQX-D-A	Positive	0.272145	0.727855
6E3D-B-A	Positive	0.274102	0.725898
6MS4-B-A	Negative	0.787426	0.212574
6PXU-C-A	Negative	0.49055	0.50945
6PXU-D-B	Negative	0.612539	0.387461
6RLZ-C-A	Negative	0.68524	0.31476
6QXZ-B-A	Positive	0.401149	0.598851
6SQ2-D-A	Negative	0.670337	0.329663
6SQ2-E-A	Negative	0.636813	0.363187
6BSB-B-A	Negative	0.867086	0.132914
6BCY-C-A	Positive	0.0941502	0.90585
6BCY-D-B	Positive	0.0941502	0.90585
6BCY-H-F	Positive	0.106746	0.893254
6VBP-G-L	Negative	0.926143	0.0738571
6VBP-F-B	Negative	0.934683	0.0653172
6VBP-E-D	Negative	0.935417	0.0645831
6VBP-K-I	Negative	0.91283	0.0871702
6Y9P-C-A	Negative	0.621344	0.378656
6Y9P-H-A	Positive	0.440659	0.559341
6Y9P-J-A	Positive	0.420474	0.579526
6Y9P-D-B	Positive	0.443321	0.556679
6GZL-B-A	Positive	0.303184	0.696816
6IQJ-C-B	Positive	0.367534	0.632466
6JPW-J-B	Positive	0.14761	0.85239
6MBC-B-A	Negative	0.90445	0.0955501
6GB7-P-A	Positive	0.440951	0.559049
6GB7-R-C	Positive	0.3623	0.6377
6VB6-C-A	Positive	0.418505	0.581495
6CIT-D-C	Negative	0.6901	0.3099
6U1X-P-A	Negative	0.849369	0.150631
6BW9-B-A	Negative	0.832645	0.167355
6T2E-B-A	Negative	0.775281	0.224719
6CVN-D-A	Negative	0.584123	0.415877
6Y0V-E-A	Negative	0.580838	0.419162
6VBX-B-A	Negative	0.832067	0.167933
6KKG-C-A	Positive	0.264768	0.735232
6VQY-F-A	Negative	0.541762	0.458238
6X1S-G-H	Negative	0.460629	0.539371
6X78-I-A	Negative	0.777962	0.222038
6ZW0-C-A	Negative	0.848494	0.151506
6OS1-B-A	Positive	0.400182	0.599818
6C4H-N-v	Negative	0.527935	0.472065
6Q9F-B-A	Negative	0.633572	0.366428
6A3E-D-C	Negative	0.612636	0.387364
6V1A-C-A	Negative	0.62259	0.37741
6LZ9-A-B	Positive	0.392236	0.607764
6MRQ-I-A	Negative	0.611032	0.388968
6QC0-B-A	Positive	0.444649	0.555351
6SML-C-B	Positive	0.181353	0.818647
6J4O-B-A	Negative	0.739386	0.260614
6ITC-B-A	Negative	0.806855	0.193145
6TJ6-C-A	Negative	0.825964	0.174036
6RGO-C-A	Negative	0.759717	0.240283
6RGO-D-A	Negative	0.788511	0.211489
6VPZ-C-A	Negative	0.729168	0.270832
6IRL-C-A	Positive	0.401734	0.598266
6SLJ-P-B	Positive	0.196198	0.803802
6SLJ-Q-A	Positive	0.234334	0.765666
6NWA-J-A	Negative	0.950381	0.0496192
6E49-E-A	Negative	0.797479	0.202521
6E49-D-B	Negative	0.494966	0.505034
6AJ0-D-A	Negative	0.585566	0.414434
6QDS-B-A	Positive	0.280127	0.719873
6TJ5-C-A	Negative	0.847778	0.152222
6LJN-B-A	Positive	0.366291	0.633709
6K0T-D-C	Negative	0.645755	0.354245
6JQ2-P-A	Negative	0.87681	0.12319
6HC2-B-A	Negative	0.641144	0.358856
6HC2-F-A	Negative	0.617852	0.382148
6HC2-D-C	Negative	0.707069	0.292931
6HC2-L-C	Negative	0.582491	0.417509
6HC2-H-G	Negative	0.772206	0.227794
6HC2-J-I	Negative	0.657389	0.342611
6HC2-N-K	Negative	0.641389	0.358611
6HC2-R-M	Negative	0.622804	0.377196
6HC2-P-O	Negative	0.564281	0.435719
6HC2-T-S	Negative	0.550107	0.449893
6HC2-X-S	Negative	0.691886	0.308114
6HC2-V-U	Negative	0.656539	0.343461
6MV5-P-H	Negative	0.599731	0.400269
6EM1-s-O	Positive	0.080966	0.919034
6C0Y-I-A	Negative	0.627564	0.372436
6C0Y-M-A	Negative	0.741813	0.258187
6C0Y-L-D	Negative	0.732165	0.267835
6X45-E-C	Negative	0.831569	0.168431
6X45-D-B	Negative	0.856479	0.143521
6S7T-B-A	Negative	0.975585	0.0244149
6S7T-K-A	Negative	0.69248	0.30752
6S7T-I-C	Negative	0.87577	0.12423
6UVA-P-E	Negative	0.716627	0.283373
6IAT-G-A	Negative	0.596314	0.403686
6HOM-D-C	Negative	0.820969	0.179031
6V84-C-A	Positive	0.341329	0.658671
6V84-D-B	Positive	0.412789	0.587211
6UBH-E-A	Positive	0.368107	0.631893
6P3W-E-B	Positive	0.446126	0.553874
6P3W-F-D	Positive	0.445474	0.554526
6LQM-R-I	Positive	0.349442	0.650558
6MBB-B-A	Negative	0.920423	0.0795769
6PBV-G-A	Positive	0.149027	0.850973
6SS9-C-A	Negative	0.903306	0.0966936
6CCT-B-A	Negative	0.492173	0.507827
6XBE-F-A	Negative	0.5	0.5
6SM3-C-A	Positive	0.213618	0.786382
6H0E-I-H	Negative	0.815166	0.184834
6H0E-K-A	Negative	0.851916	0.148084
6DUQ-X-L	Negative	0.892595	0.107405
6B5S-A-H	Positive	0.339627	0.660373
6X2V-D-C	Negative	0.902465	0.0975347
6WFY-P-H	Positive	0.241262	0.758738
6WQU-D-C	Negative	0.660299	0.339701
6EKM-B-A	Negative	0.661297	0.338703
6HV2-B-A	Negative	0.5	0.5
6BYL-G-A	Positive	0.324077	0.675923
6BYL-T-C	Negative	0.46302	0.53698
6BYL-P-D	Negative	0.485885	0.514115
6XIE-I-B	Positive	0.376343	0.623657
6AAF-B-A	Negative	0.810077	0.189923
6IDX-C-A	Negative	0.571422	0.428578
6XS9-C-A	Positive	0.354095	0.645905
6XS9-F-A	Positive	0.354095	0.645905
6SYF-E-A	Negative	0.619999	0.380001
6SYF-F-A	Positive	0.370401	0.629599
6NRO-E-A	Negative	0.763079	0.236921
6NRO-B-A	Negative	0.748714	0.251286
6NRO-F-A	Negative	0.688475	0.311525
6FDT-B-A	Positive	0.417187	0.582813
6AXL-G-C	Positive	0.241262	0.758738
6SW9-0-7	Positive	0.300911	0.699089
6I2G-B-A	Negative	0.621174	0.378826
6YIC-P-A	Positive	0.425655	0.574345
6HM5-B-A	Negative	0.587803	0.412197
6KBB-F-C	Positive	0.345812	0.654188
6KBB-E-A	Positive	0.353057	0.646943
6MAJ-B-A	Negative	0.952928	0.0470715
6X00-C-A	Negative	0.69652	0.30348
6BVB-H-V	Negative	0.824759	0.175241
6LY5-j-A	Negative	0.932022	0.067978
6LY5-i-B	Negative	0.932698	0.0673021
6LY5-m-B	Negative	0.934641	0.0653593
6EAV-I-A	Positive	0.302592	0.697408
6MUO-K-A	Positive	0.172929	0.827071
6MUO-L-A	Positive	0.19993	0.80007
6CYT-C-B	Negative	0.758186	0.241814
6F6D-B-A	Negative	0.474851	0.525149
6D0X-C-A	Positive	0.317382	0.682618
6QMS-A-B	Negative	0.528263	0.471737
6ME1-F-A	Negative	0.937908	0.0620916
6ME1-E-C	Negative	0.816915	0.183085
6BHE-B-A	Positive	0.226316	0.773684
6QBY-D-C	Negative	0.831835	0.168165
6EF2-s-H	Negative	0.751898	0.248102
6CD8-C-A	Positive	0.250874	0.749126
6ZYX-e-J	Negative	0.735959	0.264041
6SLI-P-A	Positive	0.185209	0.814791
6SLI-E-C	Positive	0.241594	0.758406
6WTA-Z-A	Negative	0.741249	0.258751
6WHZ-D-A	Positive	0.284999	0.715001
6TRW-D-A	Negative	0.693004	0.306996
6YZH-D-A	Negative	0.790455	0.209545
6JZC-D-A	Negative	0.747005	0.252995
6EAW-I-A	Positive	0.345329	0.654671
6G07-R-A	Negative	0.939641	0.0603586
6G07-Q-B	Negative	0.889687	0.110313
6A9X-A-D	Positive	0.379866	0.620134
6SPZ-P-A	Positive	0.348595	0.651405
6GTR-C-A	Negative	0.564309	0.435691
6I2D-D-A	Negative	0.546263	0.453737
6JXX-B-A	Positive	0.354765	0.645235
6GH1-P-A	Negative	0.814838	0.185162
6GH1-Q-C	Negative	0.814838	0.185162
6ZRD-P-A	Positive	0.302048	0.697952
6TQ0-B-A	Positive	0.452362	0.547638
6TQ0-D-A	Positive	0.354471	0.645529
6TQ0-P-A	Negative	0.5234	0.4766
6TQ0-F-C	Positive	0.290338	0.709662
6EJB-B-A	Positive	0.248806	0.751194
6VEN-P-O	Negative	0.80598	0.19402
6VEN-Q-O	Negative	0.882814	0.117186
6B27-G-A	Positive	0.149029	0.850971
6B27-H-B	Positive	0.0951218	0.904878
6B27-I-C	Positive	0.108213	0.891787
6B27-L-F	Positive	0.153767	0.846233
6HL6-S-A	Negative	0.768646	0.231354
6MS1-C-A	Negative	0.616167	0.383833
6JLH-B-A	Negative	0.778613	0.221387
6HY7-B-A	Positive	0.320545	0.679455
6QDW-z-e	Negative	0.483384	0.516616
6V3Y-B-A	Negative	0.454654	0.545346
6XS5-B-A	Negative	0.763667	0.236333
6S0Y-C-A	Negative	0.608116	0.391884
6S0Y-D-B	Negative	0.609179	0.390821
6RMM-P-A	Negative	0.564052	0.435948
6BIR-C-A	Negative	0.635745	0.364255
6W0L-P-A	Positive	0.314029	0.685971
6YMX-m-a	Negative	0.866442	0.133558
6I2T-J-B	Positive	0.298179	0.701821
6DRD-L-B	Negative	0.831151	0.168849
6XMI-F-A	Negative	0.889852	0.110148
6XMI-C-A	Negative	0.833125	0.166875
6LU8-1-4	Negative	0.516381	0.483619
6LU8-z-4	Negative	0.577441	0.422559
6OX5-Y-A	Negative	0.737085	0.262915
6D3Y-C-A	Positive	0.166147	0.833853
6T7Y-B-A	Negative	0.517904	0.482096
6V7O-C-A	Positive	0.192302	0.807698
6V7O-D-B	Positive	0.222803	0.777197
6WAU-G-A	Negative	0.603101	0.396899
6WAU-I-A	Negative	0.61984	0.38016
6WAU-L-C	Negative	0.533466	0.466534
6E4D-F-A	Negative	0.529257	0.470743
6QTO-B-A	Negative	0.641606	0.358394
6ERF-Q-B	Negative	0.781243	0.218757
6ERF-R-D	Negative	0.905655	0.0943446
6D3Z-C-A	Positive	0.25121	0.74879
6X0V-E-F	Negative	0.939034	0.0609662
6X0V-H-F	Negative	0.687911	0.312089
6G3J-C-A	Negative	0.934659	0.0653411
6MT4-C-A	Negative	0.686775	0.313225
6G0R-C-A	Negative	0.487202	0.512798
6IYC-E-A	Negative	0.939706	0.0602938
6YP7-l-a	Negative	0.813293	0.186707
6YP7-t-a	Negative	0.9258	0.0742004
6YP7-x-b	Negative	0.843789	0.156211
6YP7-T-b	Negative	0.9258	0.0742004
6YP7-k-c	Negative	0.9526	0.0474004
6YP7-J-A	Negative	0.908912	0.0910882
6A33-I-A	Positive	0.166812	0.833188
6F0Y-B-A	Negative	0.815249	0.184751
6P8S-E-A	Negative	0.719665	0.280335
6P8S-F-B	Negative	0.775413	0.224587
6UCM-A-B	Negative	0.833587	0.166413
6GPZ-E-B	Positive	0.274457	0.725543
6JFO-B-A	Positive	0.340143	0.659857
6RK8-P-A	Positive	0.44361	0.55639
6F0F-B-A	Negative	0.861197	0.138803
6O09-I-C	Negative	0.520129	0.479871
6O09-E-C	Negative	0.527077	0.472923
6O09-G-A	Negative	0.562979	0.437021
6J56-C-A	Negative	0.686163	0.313837
6QTW-B-A	Positive	0.323557	0.676443
6U72-C-B	Positive	0.400329	0.599671
6LOS-F-A	Positive	0.314576	0.685424
6LOS-G-A	Positive	0.218428	0.781572
6LOS-H-A	Positive	0.208887	0.791113
6FI4-B-A	Positive	0.389922	0.610078
6EJC-B-A	Positive	0.258111	0.741889
6QZW-F-C	Positive	0.43217	0.56783
6RIR-C-A	Negative	0.678238	0.321762
6BXQ-A-B	Negative	0.518941	0.481059
6O3W-C-A	Negative	0.596897	0.403103
6O25-H-E	Positive	0.225042	0.774958
6O25-L-I	Positive	0.352094	0.647906
6EIH-P-A	Positive	0.346021	0.653979
6NKP-C-A	Negative	0.741037	0.258963
6NKP-D-B	Negative	0.741037	0.258963
6LJM-B-A	Negative	0.474974	0.525026
6FAD-E-A	Positive	0.141006	0.858994
6FAD-H-B	Positive	0.148596	0.851404
6FAD-F-D	Positive	0.141364	0.858636
6DTN-A-B	Positive	0.269022	0.730978
6YBA-Y-A	Negative	0.568963	0.431037
6YBA-w-A	Negative	0.810136	0.189864
6YBA-Q-D	Negative	0.809524	0.190476
6YBA-W-D	Negative	0.762524	0.237476
6EHT-E-B	Negative	0.67753	0.32247
6EHT-D-C	Negative	0.592126	0.407874
6YPP-B-A	Positive	0.372984	0.627016
6XQB-D-A	Negative	0.840426	0.159574
6J8E-D-A	Positive	0.184488	0.815512
6VQD-C-A	Negative	0.487298	0.512702
6BAE-D-A	Negative	0.478506	0.521494
6OPJ-B-A	Positive	0.25235	0.74765
6RX4-C-A	Negative	0.929479	0.0705209
6YIB-P-A	Positive	0.31408	0.68592
6HGM-B-A	Negative	0.649688	0.350312
6TXB-L-A	Negative	0.77441	0.22559
6XRO-B-A	Positive	0.357993	0.642007
6I85-B-A	Negative	0.483838	0.516162
6TNQ-B-A	Positive	0.282596	0.717404
6TNQ-D-A	Positive	0.218576	0.781424
6TNQ-F-E	Positive	0.15868	0.84132
6ULE-I-A	Positive	0.251388	0.748612
6U3I-B-A	Negative	0.741277	0.258723
6ILD-C-A	Negative	0.834013	0.165987
6B5N-A-H	Positive	0.375408	0.624592
6UCI-C-A	Negative	0.782837	0.217163
6C24-B-L	Negative	0.552542	0.447458
6V7Q-D-C	Negative	0.481565	0.518435
6Q5Y-E-A	Positive	0.240947	0.759053
6XS7-B-A	Negative	0.599977	0.400023
6WI3-F-A	Positive	0.373399	0.626601
6WI3-H-C	Positive	0.367908	0.632092
6S1C-D-B	Negative	0.799932	0.200068
6BGL-l-A	Negative	0.46788	0.53212
6YOO-B-A	Negative	0.740155	0.259845
6K60-C-A	Negative	0.580797	0.419203
6O3Y-D-A	Positive	0.333402	0.666598
6O3Y-E-B	Positive	0.358021	0.641979
6X1T-M-H	Positive	0.401287	0.598713
6X1T-R-H	Negative	0.518088	0.481912
6X1T-O-C	Positive	0.368015	0.631985
6J29-C-A	Negative	0.723194	0.276806
6BYJ-G-A	Positive	0.221517	0.778483
6BYJ-T-C	Positive	0.283812	0.716188
6BYJ-P-D	Positive	0.167553	0.832447
6X2U-D-C	Negative	0.889429	0.110571
6TQR-E-A	Negative	0.521717	0.478283
6TQR-F-B	Positive	0.4195	0.5805
6KAF-l-r	Negative	0.897544	0.102456
6KAF-f-a	Negative	0.92439	0.0756103
6KAF-i-a	Negative	0.882375	0.117625
6KAF-j-a	Negative	0.906714	0.0932864
6KAF-t-a	Negative	0.943367	0.0566332
6KAF-m-d	Negative	0.87084	0.12916
6KAF-x-d	Negative	0.834726	0.165274
6KAF-y-z	Negative	0.917069	0.0829307
6KAF-J-A	Negative	0.906714	0.0932864
6QMP-A-B	Negative	0.619428	0.380572
6XZI-B-A	Positive	0.397693	0.602307
6P25-D-B	Positive	0.353052	0.646948
6RQF-O-I	Negative	0.95433	0.0456696
6RQF-P-I	Negative	0.948846	0.0511538
6RQF-M-K	Negative	0.941616	0.0583837
6RQF-H-A	Negative	0.948846	0.0511538
6U39-D-A	Negative	0.568624	0.431376
6U39-F-E	Negative	0.5	0.5
6U39-L-G	Negative	0.5	0.5
6U39-J-I	Negative	0.565741	0.434259
6U39-P-M	Negative	0.575545	0.424455
6U39-R-Q	Negative	0.605018	0.394982
6U39-T-Q	Negative	0.660817	0.339183
6EWC-C-A	Negative	0.825228	0.174772
6F7T-D-A	Positive	0.224191	0.775809
6WX7-B-A	Positive	0.0854704	0.91453
6MUP-K-E	Positive	0.139068	0.860932
6RM5-P-A	Negative	0.537111	0.462889
6CSU-C-B	Negative	0.838652	0.161348
6CSU-A-B	Negative	0.834833	0.165167
6ACL-B-A	Negative	0.714128	0.285872
6M2K-C-A	Negative	0.537934	0.462066
6H22-C-A	Negative	0.634653	0.365347
6FHI-X-A	Positive	0.295021	0.704979
6BZ9-C-A	Negative	0.5	0.5
6HZD-B-A	Positive	0.320883	0.679117
6RRK-C-B	Negative	0.859256	0.140744
6X2R-D-C	Negative	0.930515	0.069485
6FY0-P-H	Negative	0.696061	0.303939
6UHC-I-A	Negative	0.582816	0.417184
6UHC-H-B	Negative	0.833057	0.166943
6DC8-P-L	Positive	0.218862	0.781138
6K06-A-C	Negative	0.46334	0.53666
6WM3-V-U	Negative	0.924697	0.0753027
6NUF-C-A	Negative	0.730333	0.269667
6WKR-E-T	Negative	0.683962	0.316038
6WKR-B-A	Negative	0.5	0.5
6C5X-G-A	Positive	0.267518	0.732482
6F1U-c-B	Negative	0.874902	0.125098
6F1U-d-F	Negative	0.681998	0.318002
6GDG-C-B	Negative	0.91181	0.08819
6C90-B-A	Negative	0.588109	0.411891
6NJ8-E-B	Negative	0.748246	0.251754
6XZJ-B-A	Positive	0.290477	0.709523
6X2W-D-C	Negative	0.927308	0.0726923
6VO5-C-A	Positive	0.232281	0.767719
6VO5-D-B	Positive	0.277273	0.722727
6TKH-I-H	Negative	0.611656	0.388344
6X1V-D-L	Negative	0.511199	0.488801
6D84-O-B	Positive	0.272539	0.727461
6GX9-C-A	Positive	0.349393	0.650607
6BZV-L-G	Negative	0.558045	0.441955
6HOS-C-A	Positive	0.190061	0.809939
6E21-B-A	Negative	0.525022	0.474978
6RM8-C-A	Negative	0.806938	0.193062
6VWK-X-S	Negative	0.92678	0.0732201
6VWK-Y-a	Negative	0.914227	0.0857729
6Y3Z-B-A	Negative	0.691814	0.308186
6J7W-C-A	Positive	0.372362	0.627638
6RK9-C-A	Negative	0.759526	0.240474
6EJ9-B-A	Positive	0.225438	0.774562
6HLV-B-A	Negative	0.593785	0.406215
6DB5-P-H	Negative	0.791095	0.208905
6OO2-G-A	Negative	0.829426	0.170574
6OO2-H-A	Negative	0.896477	0.103523
6OO2-I-A	Negative	0.862858	0.137142
6NQ3-D-B	Positive	0.353009	0.646991
6G0S-D-A	Negative	0.668228	0.331772
6SH7-B-A	Negative	0.728941	0.271059
6XA7-F-A	Positive	0.267767	0.732233
6XA7-G-C	Positive	0.221949	0.778051
6GP7-D-B	Positive	0.230717	0.769283
6OCX-J-A	Negative	0.647709	0.352291
6X5W-B-A	Positive	0.381685	0.618315
6URG-F-A	Negative	0.830672	0.169328
6EJ8-B-A	Positive	0.270415	0.729585
6ONI-D-B	Negative	0.883245	0.116755
6NSV-C-A	Positive	0.392744	0.607256
6J4S-B-A	Negative	0.733497	0.266503
6TWB-H-A	Positive	0.290819	0.709181
6TWB-B-A	Negative	0.593695	0.406305
6KYU-C-A	Negative	0.649898	0.350102
6AZ3-m-E	Negative	0.591356	0.408644
6Y1J-P-A	Positive	0.309363	0.690637
6F4R-B-A	Negative	0.487815	0.512185
6QTV-B-A	Negative	0.900477	0.0995234
6OCG-B-A	Negative	0.834003	0.165997
6YNC-B-A	Negative	0.662677	0.337323
6SIF-G-A	Negative	0.882519	0.117481
6AZK-E-A	Positive	0.445915	0.554085
6BIY-C-A	Negative	0.607487	0.392513
6WAS-J-H	Negative	0.841513	0.158487
6QNS-S-A	Negative	0.790625	0.209375
6I2H-D-A	Negative	0.546263	0.453737
6CX1-D-A	Negative	0.68433	0.31567
6R2G-C-A	Negative	0.659928	0.340072
6B4E-C-B	Negative	0.912158	0.0878417
6B4E-D-B	Negative	0.942434	0.0575657
6SS8-C-A	Negative	0.919977	0.0800231
6EOP-D-A	Negative	0.773312	0.226688
6XWT-E-A	Negative	0.878141	0.121859
6XWT-F-A	Negative	0.899057	0.100943
6NBY-Q-D	Negative	0.94766	0.0523398
6B9M-D-A	Positive	0.084524	0.915476
6P7E-U-A	Positive	0.347811	0.652189
6P7E-W-C	Positive	0.36554	0.63446
6XZH-B-A	Positive	0.290477	0.709523
6EFK-C-A	Negative	0.460125	0.539875
6TUT-I-A	Negative	0.784867	0.215133
6DZ6-B-A	Negative	0.631787	0.368213
6Z2P-C-A	Positive	0.102147	0.897853
6MSU-C-A	Positive	0.403156	0.596844
6OV7-C-A	Positive	0.298287	0.701713
6OV7-D-B	Positive	0.435426	0.564574
6MJC-B-A	Negative	0.5	0.5
6OCF-B-A	Negative	0.697493	0.302507
6V55-Q-A	Negative	0.801026	0.198974
6OCH-B-A	Negative	0.776926	0.223074
6OCH-D-C	Negative	0.801477	0.198523
6PZA-D-C	Negative	0.853854	0.146146
6CT7-S-L	Negative	0.802129	0.197871
6H1E-S-A	Positive	0.387088	0.612912
6PIT-D-B	Positive	0.242345	0.757655
6WHQ-F-A	Positive	0.256437	0.743563
6WHQ-H-C	Positive	0.325992	0.674008
6EU1-I-A	Negative	0.764225	0.235775
6ND1-D-B	Negative	0.939738	0.0602616
6B7G-B-A	Negative	0.491955	0.508045
6M90-C-A	Negative	0.695597	0.304403
6ASR-B-A	Negative	0.88631	0.11369
6J9H-A-B	Negative	0.812319	0.187681
6J9H-C-D	Negative	0.83137	0.16863
6JJZ-C-A	Positive	0.218304	0.781696
6OI4-E-A	Positive	0.328933	0.671067
6OI4-F-B	Positive	0.263692	0.736308
6CPN-C-A	Negative	0.5	0.5
6MTU-C-A	Positive	0.213909	0.786091
6PWC-B-R	Positive	0.426098	0.573902
6VRO-B-A	Negative	0.68222	0.31778
6R7W-B-A	Negative	0.577494	0.422506
6AE8-C-A	Positive	0.289106	0.710894
6AE8-D-B	Positive	0.309852	0.690148
6G3K-C-A	Negative	0.858563	0.141437
6BVH-I-A	Positive	0.255068	0.744932
6J4Q-B-A	Negative	0.846235	0.153765
6J4Q-K-C	Negative	0.817615	0.182385
6J4Q-G-F	Negative	0.869542	0.130458
6ZON-J-d	Positive	0.441462	0.558538
6MNL-A-B	Positive	0.171399	0.828601
6J9L-E-A	Positive	0.294911	0.705089
6YAC-J-A	Negative	0.928393	0.0716074
6JJW-U-A	Negative	0.591435	0.408565
6LEA-E-A	Negative	0.832505	0.167495
6L7P-Q-D	Negative	0.948816	0.0511838
6L9M-C-A	Positive	0.437178	0.562822
6XRP-B-A	Negative	0.550786	0.449214
6MA3-B-A	Positive	0.283349	0.716651
6DO3-C-A	Positive	0.262228	0.737772
6VJT-P-H	Positive	0.10448	0.89552
6A3C-D-C	Negative	0.663482	0.336518
6BAH-D-A	Positive	0.228896	0.771104
6QLD-C-a	Negative	0.768388	0.231612
6ZFM-C-A	Negative	0.589584	0.410416
6ZFM-F-A	Negative	0.589584	0.410416
6BZD-G-A	Positive	0.131276	0.868724
6BHH-B-A	Positive	0.202313	0.797687
6RPR-G-D	Negative	0.694582	0.305418
6T7Z-B-A	Positive	0.329678	0.670322
6XNJ-B-A	Positive	0.328923	0.671077
6RXP-D-A	Positive	0.348028	0.651972
6J67-C-A	Negative	0.587355	0.412645
6KBN-B-A	Positive	0.404208	0.595792
6T0B-l-a	Negative	0.829492	0.170508
6XS8-B-A	Negative	0.792779	0.207221
6WXK-E-A	Negative	0.625809	0.374191
6NCA-U-A	Negative	0.920462	0.079538
6XWV-E-A	Negative	0.843683	0.156317
6JCU-B-A	Negative	0.77312	0.22688
6OX3-Y-A	Negative	0.686787	0.313213
6OX3-Z-B	Negative	0.686787	0.313213
6M24-C-A	Negative	0.822525	0.177475
6WBV-B-A	Positive	0.252261	0.747739
6J69-B-A	Positive	0.141515	0.858485
6BNT-B-A	Negative	0.558362	0.441638
6SSA-C-A	Negative	0.843221	0.156779
6NF3-A-B	Negative	0.649361	0.350639
6AZM-E-A	Positive	0.304767	0.695233
6BQT-C-A	Positive	0.277821	0.722179
6BQT-I-G	Positive	0.34973	0.65027
6BQT-L-J	Positive	0.34973	0.65027
6HGD-B-A	Negative	0.748085	0.251915
6ZN3-C-A	Negative	0.817605	0.182395
6LYC-B-A	Negative	0.664584	0.335416
6YCR-B-A	Negative	0.692213	0.307787
6JY3-L-A	Negative	0.81833	0.18167
6IAK-G-C	Negative	0.544774	0.455226
6U8H-C-A	Negative	0.769262	0.230738
6HGG-B-A	Negative	0.679163	0.320837
6A2B-C-A	Negative	0.614495	0.385505
6ATF-C-A	Negative	0.787804	0.212196
6ULT-K-A	Negative	0.759919	0.240081
6ULT-J-C	Negative	0.657556	0.342444
6ULT-I-H	Negative	0.726165	0.273835
6UAB-B-A	Negative	0.770888	0.229112
6V63-Y-A	Negative	0.707471	0.292529
6JH9-B-A	Positive	0.439162	0.560838
6SKI-A-F	Negative	0.788013	0.211987
6MYE-B-A	Negative	0.474081	0.525919
6IBO-C-A	Negative	0.691926	0.308074
6PJR-B-A	Negative	0.487258	0.512742
6HA8-4-G	Positive	0.423376	0.576624
6EF3-n-1	Negative	0.560506	0.439494
6EF3-s-A	Negative	0.514045	0.485955
6DCA-P-L	Positive	0.172372	0.827628
6DCA-R-N	Positive	0.172372	0.827628
6E4Z-P-H	Negative	0.660992	0.339008
6D0Y-B-C	Negative	0.661354	0.338646
6UK2-C-A	Negative	0.654601	0.345399
6A5X-B-A	Negative	0.65586	0.34414
6YEF-5-7	Negative	0.476367	0.523633
6H7B-B-A	Negative	0.661696	0.338304
6GY2-C-A	Negative	0.722432	0.277568
6ZZY-J-A	Negative	0.936713	0.0632872
6IN9-D-A	Negative	0.637824	0.362176
6IN9-C-B	Negative	0.593212	0.406788
6DU3-C-A	Positive	0.245592	0.754408
6DU3-D-A	Positive	0.389412	0.610588
6UZM-C-A	Negative	0.596852	0.403148
6YIA-P-A	Positive	0.296779	0.703221
6YLI-B-A	Negative	0.48636	0.51364
6YLI-D-A	Negative	0.515447	0.484553
6VJZ-D-C	Negative	0.910397	0.0896031
6IGZ-J-A	Negative	0.949536	0.0504641
6IGZ-M-B	Negative	0.910213	0.0897867
6BX3-M-K	Negative	0.845795	0.154205
6BX3-N-K	Negative	0.836719	0.163281
6IW8-A-C	Positive	0.346673	0.653327
6MRY-E-A	Positive	0.425307	0.574693
6MRY-G-A	Negative	0.46431	0.53569
6MRY-C-B	Positive	0.425307	0.574693
6EAX-I-A	Negative	0.45465	0.54535
6BUT-B-A	Negative	0.47657	0.52343
6GXC-B-A	Positive	0.313887	0.686113
6UUS-P-R	Negative	0.587138	0.412862
6OBD-E-A	Positive	0.153965	0.846035
6BHI-B-A	Positive	0.202313	0.797687
6RFK-I-S	Positive	0.368828	0.631172
6H9U-B-A	Negative	0.780907	0.219093
6F4Q-B-A	Positive	0.351633	0.648367
6SL5-J-A	Negative	0.914636	0.0853639
6PTB-C-A	Negative	0.933848	0.0661518
6PTB-F-D	Negative	0.933848	0.0661518
6MDO-H-A	Negative	0.730929	0.269071
6UUQ-B-A	Negative	0.613175	0.386825
6KHZ-D-A	Negative	0.706845	0.293155
6ZN2-B-A	Negative	0.80116	0.19884
6SLG-B-A	Negative	0.688785	0.311215
6F09-A-P	Positive	0.402381	0.597619
6F09-B-Q	Positive	0.251911	0.748089
6F09-C-R	Positive	0.292295	0.707705
6F09-D-S	Positive	0.202076	0.797924
6G8J-P-A	Positive	0.371529	0.628471
6GKF-J-B	Negative	0.682948	0.317052
6GKF-L-D	Negative	0.658136	0.341864
6Y58-P-A	Positive	0.39181	0.60819
6YKR-F-A	Negative	0.933564	0.0664358
6YKR-G-A	Negative	0.921599	0.078401
6F38-c-B	Negative	0.8334	0.1666
6NBI-P-R	Negative	0.921852	0.0781476
6WN4-C-A	Positive	0.326338	0.673662
6C1Q-L-B	Positive	0.363834	0.636166
6TED-L-B	Negative	0.686027	0.313973
6TED-X-H	Negative	0.681837	0.318163
6IIW-B-A	Positive	0.370376	0.629624
6I0Y-7-E	Negative	0.452876	0.547124
6K3F-U-A	Negative	0.818025	0.181975
6K3F-Y-A	Negative	0.823145	0.176855
6K3F-W-C	Negative	0.831552	0.168448
6TDZ-h-M	Negative	0.884937	0.115063
6TDZ-c-M	Negative	0.84291	0.15709
6BPI-B-A	Positive	0.264745	0.735255
6HFA-C-A	Positive	0.368656	0.631344
6FI5-B-A	Positive	0.35135	0.64865
6BLH-G-L	Negative	0.5	0.5
6EVO-C-A	Positive	0.123792	0.876208
6HK4-N-A	Positive	0.265955	0.734045
6PW6-G-A	Positive	0.328368	0.671632
6SQK-E-A	Positive	0.276066	0.723934
6PSE-C-A	Negative	0.866383	0.133617
6IY0-I-G	Negative	0.905502	0.0944981
6IY0-J-H	Negative	0.803334	0.196666
6PWV-E-D	Negative	0.83165	0.16835
6N3F-D-A	Positive	0.370686	0.629314
6L7I-H-G	Negative	0.510609	0.489391
6X8Q-P-H	Positive	0.241713	0.758287
6T7V-I-A	Negative	0.757578	0.242422
6B5L-A-H	Positive	0.194417	0.805583
6XVD-P-U	Negative	0.754745	0.245255
6PB1-U-P	Negative	0.71759	0.28241
6PBH-C-A	Negative	0.70355	0.29645
6H6A-E-D	Positive	0.241858	0.758142
6H6A-H-G	Positive	0.374717	0.625283
6ZQS-B-A	Negative	0.546679	0.453321
6J4P-B-A	Negative	0.767463	0.232537
6QIU-P-A	Positive	0.265952	0.734048
6V0O-D-A	Negative	0.79211	0.20789
6PLH-C-A	Positive	0.304302	0.695698
6BI7-B-A	Negative	0.733762	0.266238
6BI7-D-A	Negative	0.648106	0.351894
6BI7-H-C	Negative	0.74232	0.25768
6BI7-F-E	Negative	0.78316	0.21684
6DC9-P-H	Positive	0.232819	0.767181
6Y3M-P-A	Positive	0.384474	0.615526
6GH4-P-A	Negative	0.485177	0.514823
6ZBR-P-V	Negative	0.552429	0.447571
6OS9-L-R	Positive	0.404863	0.595137
6X8S-P-H	Positive	0.120898	0.879102
6F8G-E-A	Positive	0.13147	0.86853
6F8G-F-A	Positive	0.140836	0.859164
6F8G-H-B	Positive	0.214733	0.785267
6AXJ-G-A	Positive	0.446226	0.553774
6B55-B-G	Positive	0.404669	0.595331
6B55-H-G	Positive	0.404669	0.595331
6B55-K-I	Positive	0.404669	0.595331
6O3L-E-B	Positive	0.381719	0.618281
6XZZ-B-A	Negative	0.617598	0.382402
6WZZ-B-A	Negative	0.526941	0.473059
6RHC-P-A	Positive	0.309388	0.690612
6Z3F-P-V	Negative	0.5135	0.4865
6Z1R-h-B	Negative	0.78417	0.21583
6B4F-C-B	Negative	0.871589	0.128411
6WLY-B-A	Positive	0.375715	0.624285
6AAW-B-A	Negative	0.765093	0.234907
6NT9-C-A	Positive	0.18295	0.81705
6G90-J-E	Negative	0.770592	0.229408
6V00-C-A	Negative	0.780145	0.219855
6UM2-B-A	Negative	0.852497	0.147503
6M6H-P-G	Negative	0.74129	0.25871
6MF6-C-A	Negative	0.693259	0.306741
6MF6-D-B	Negative	0.9034	0.0965996
6TMS-Q-D	Positive	0.427472	0.572528
6KYW-C-A	Positive	0.277332	0.722668
6EW9-P-A	Negative	0.5	0.5
6TS3-C-A	Negative	0.637503	0.362497
6TS3-D-A	Negative	0.712748	0.287252
6QK8-E-A	Positive	0.296525	0.703475
6QK8-G-A	Positive	0.355785	0.644215
6DQT-B-A	Negative	0.5436	0.4564
6IXP-B-A	Negative	0.78271	0.21729
6IXP-C-A	Negative	0.793901	0.206099
6D01-I-A	Positive	0.32354	0.67646
6D01-J-E	Positive	0.32354	0.67646
6BSC-B-A	Negative	0.872886	0.127114
6OVF-C-A	Positive	0.29814	0.70186
6FC3-B-A	Negative	0.848257	0.151743
6UOE-P-H	Negative	0.523804	0.476196
6JWM-B-A	Positive	0.348574	0.651426
6YN0-B-A	Positive	0.43329	0.56671
6CGV-W-A	Negative	0.569694	0.430306
6PFY-f-Y	Negative	0.961736	0.0382641
6QJ4-B-A	Negative	0.89217	0.10783
6LPB-P-R	Negative	0.848003	0.151997
6BJC-T-A	Negative	0.516805	0.483195
6WHO-H-C	Positive	0.256437	0.743563
6UA3-B-A	Negative	0.756742	0.243258
6YPC-H-K	Negative	0.851633	0.148367
6L63-B-A	Negative	0.5	0.5
6BIN-C-A	Negative	0.827954	0.172046
6S8R-B-A	Negative	0.610946	0.389054
6MM5-C-E	Positive	0.220531	0.779469
6O20-E-F	Negative	0.5	0.5
6CDC-C-A	Negative	0.583203	0.416797
6RYF-G-A	Negative	0.794669	0.205331
6JMT-L-A	Negative	0.954304	0.0456963
6PB0-U-R	Negative	0.744079	0.255921
6CV2-D-A	Negative	0.701064	0.298936
6G0P-B-A	Positive	0.255739	0.744261
6HWH-M-A	Negative	0.909073	0.0909274
6HWH-K-B	Negative	0.909073	0.0909274
6DZK-g-M	Positive	0.433665	0.566335
6TQS-G-A	Positive	0.354481	0.645519
6TQS-H-B	Positive	0.364816	0.635184
6ACE-B-A	Negative	0.716191	0.283809
6KDR-D-A	Positive	0.0978416	0.902158
6KDR-E-A	Positive	0.173692	0.826308
6F1Z-o-s	Negative	0.692639	0.307361
6F1Z-p-s	Negative	0.719926	0.280074
6FTP-B-A	Negative	0.712156	0.287844
6PZV-D-A	Positive	0.124605	0.875395
6PZV-H-E	Positive	0.173893	0.826107
6LP3-C-A	Negative	0.866796	0.133204
6CZO-B-A	Negative	0.623557	0.376443
6CZO-D-A	Negative	0.601149	0.398851
6UYS-B-A	Negative	0.732321	0.267679
6GRG-A-1	Negative	0.807625	0.192375
6WBA-C-A	Positive	0.139448	0.860552
6WBA-B-A	Positive	0.185773	0.814227
6D94-B-A	Positive	0.34279	0.65721
6E3I-B-A	Negative	0.882405	0.117595
6E8R-C-A	Negative	0.789902	0.210098
6E8R-D-B	Negative	0.803295	0.196705
6ESB-7-6	Negative	0.919875	0.0801251
6VME-D-B	Negative	0.875535	0.124465
6VME-P-F	Negative	0.837342	0.162658
6VME-Q-G	Negative	0.933118	0.0668818
6VME-R-H	Negative	0.816717	0.183283
6VME-A-I	Negative	0.849032	0.150968
6VME-T-J	Negative	0.883283	0.116717
6WBB-C-I	Positive	0.103656	0.896344
6WBB-B-I	Positive	0.0958579	0.904142
6D29-C-A	Positive	0.354599	0.645401
6WHN-F-A	Positive	0.19549	0.80451
6IXR-B-A	Negative	0.797917	0.202083
6RU8-E-A	Negative	0.476426	0.523574
6RU8-F-A	Negative	0.6219	0.3781
6RU8-G-C	Negative	0.601581	0.398419
6TDB-F-A	Positive	0.211554	0.788446
6TDB-J-C	Positive	0.277955	0.722045
6TDB-K-D	Positive	0.342068	0.657932
6QTM-F-A	Positive	0.198061	0.801939
6Z5S-A-W	Negative	0.93896	0.0610401
6Z5S-6-M	Negative	0.939779	0.0602214
6Z5S-4-M	Negative	0.925866	0.074134
6WZX-C-A	Negative	0.559305	0.440695
6WZX-D-B	Negative	0.486706	0.513294
6J5A-d-f	Negative	0.612317	0.387683
6J5A-8-a	Negative	0.636207	0.363793
6Z9V-C-A	Negative	0.894004	0.105996
6Z9V-F-D	Negative	0.894004	0.105996
6MNS-P-H	Negative	0.649946	0.350054
6MNS-Q-A	Negative	0.700052	0.299948
6KC4-B-A	Positive	0.313995	0.686005
6KC4-D-C	Positive	0.276553	0.723447
6M91-C-A	Negative	0.834997	0.165003
6FIK-C-A	Negative	0.776828	0.223172
6IC9-C-A	Positive	0.250418	0.749582
6IC9-D-B	Positive	0.237341	0.762659
6P5L-D-A	Positive	0.317587	0.682413
6TYI-Y-A	Negative	0.939901	0.0600988
6TYI-Z-B	Negative	0.950815	0.0491851
6BCR-C-A	Positive	0.359965	0.640035
6BCR-G-E	Positive	0.282357	0.717643
6PAV-D-B	Negative	0.655647	0.344353
6PAV-C-A	Negative	0.720827	0.279173
6QU1-D-A	Negative	0.920766	0.0792344
6RHE-D-A	Positive	0.445182	0.554818
6JH8-B-A	Positive	0.432742	0.567258
6HZB-B-A	Positive	0.322516	0.677484
6BJ5-F-B	Negative	0.861105	0.138895
6BJ5-H-B	Negative	0.874022	0.125978
6BJ5-G-A	Negative	0.879711	0.120289
6IFG-E-A	Positive	0.373939	0.626061
6TYZ-B-A	Negative	0.620569	0.379431
6RMA-B-A	Negative	0.821769	0.178231
6Q6H-S-L	Negative	0.507347	0.492653
6DQU-B-A	Negative	0.720208	0.279792
6D40-C-A	Positive	0.339569	0.660431
6ULF-P-A	Positive	0.388346	0.611654
6WA9-S-A	Negative	0.826086	0.173914
6TWC-C-A	Negative	0.536037	0.463963
6QNO-G-B	Negative	0.683427	0.316573
6VBO-C-L	Negative	0.87385	0.12615
6C48-F-A	Negative	0.787086	0.212914
6DQR-B-A	Negative	0.453674	0.546326
6I4X-D-A	Negative	0.713169	0.286831
6ADO-A-C	Negative	0.793879	0.206121
6ADO-B-C	Negative	0.778237	0.221763
6ADO-D-C	Negative	0.740828	0.259172
6R2L-C-A	Negative	0.853408	0.146592
6UUD-A-H	Positive	0.108463	0.891537
6Y9O-C-A	Negative	0.713126	0.286874
6YBB-C-A	Negative	0.825543	0.174457
6LU1-F-A	Negative	0.961289	0.0387109
6LU1-J-A	Negative	0.670049	0.329951
6LU1-M-B	Negative	0.950312	0.0496878
6EU0-I-A	Negative	0.842524	0.157476
6Y40-P-A	Positive	0.32187	0.67813
6XYX-D-A	Negative	0.552632	0.447368
6N3Q-B-A	Negative	0.959424	0.0405763
6WX9-B-A	Positive	0.281213	0.718787
6FHU-F-A	Positive	0.381472	0.618528
6OS2-B-A	Positive	0.390146	0.609854
6YAN-l-Q	Positive	0.197095	0.802905
6M94-C-A	Negative	0.720118	0.279882
6AK2-D-A	Positive	0.409949	0.590051
6FRK-t-x	Negative	0.585335	0.414665
6F9I-X-A	Negative	0.513748	0.486252
6F9I-C-B	Negative	0.5	0.5
6U0O-D-B	Positive	0.362031	0.637969
6A5E-E-A	Negative	0.73862	0.26138
6TGX-C-A	Negative	0.620619	0.379381
6BD2-C-A	Positive	0.35016	0.64984
6UML-E-C	Negative	0.467304	0.532696
6ULV-E-A	Negative	0.549659	0.450341
6SNE-O-A	Negative	0.911716	0.0882844
6SNE-N-E	Negative	0.894732	0.105268
6SNE-P-E	Negative	0.934088	0.0659122
6SNE-J-C	Negative	0.945061	0.0549386
6DUB-E-A	Positive	0.267731	0.732269
6DUB-F-B	Positive	0.267731	0.732269
6KAC-J-A	Negative	0.922457	0.0775433
6KAC-L-A	Negative	0.878065	0.121935
6KAC-U-B	Negative	0.783216	0.216784
6KAC-V-C	Negative	0.896205	0.103795
6KAC-4-C	Negative	0.943285	0.0567154
6KAC-X-D	Negative	0.834726	0.165274
6KAC-1-E	Negative	0.56141	0.43859
6MPP-B-A	Negative	0.691797	0.308203
6X8P-P-H	Positive	0.188135	0.811865
6XIB-I-B	Positive	0.395727	0.604273
6OSW-B-A	Negative	0.739585	0.260415
6HUM-P-D	Negative	0.887249	0.112751
6HUM-Q-D	Negative	0.965194	0.0348065
6NSX-B-A	Positive	0.387792	0.612208
6P07-G-A	Positive	0.35597	0.64403
6BFC-a-A	Negative	0.827329	0.172671
6BFC-b-B	Negative	0.899017	0.100983
6IWW-B-A	Negative	0.956951	0.0430487
6MSL-C-A	Negative	0.520399	0.479601
6P8B-L-A	Negative	0.667291	0.332709
6QTU-B-A	Negative	0.784444	0.215556
6YA7-C-A	Negative	0.477787	0.522213
6WH8-C-B	Positive	0.304709	0.695291
6TQP-B-A	Negative	0.680557	0.319443
6HGF-B-A	Negative	0.633821	0.366179
6UGD-G-A	Positive	0.355977	0.644023
6X6M-B-A	Positive	0.218094	0.781906
6EX9-B-A	Positive	0.401266	0.598734
6Q97-6-D	Negative	0.519453	0.480547
6Q97-f-F	Negative	0.605909	0.394091
6NJG-B-C	Negative	0.740445	0.259555
6IUA-B-A	Positive	0.07657	0.92343
6HGT-E-A	Positive	0.211021	0.788979
6HGT-F-B	Positive	0.1954	0.8046
6EDS-C-A	Negative	0.593514	0.406486
6BRA-S-A	Negative	0.678495	0.321505
6TRA-J-A	Negative	0.955704	0.0442961
6Y4P-B-A	Negative	0.632281	0.367719
6YLU-B-A	Negative	0.811983	0.188017
6CV1-D-A	Negative	0.481661	0.518339
6CXG-A-L	Negative	0.593647	0.406353
6CXG-C-H	Negative	0.669275	0.330725
6XAR-C-A	Negative	0.759568	0.240432
6VPX-G-H	Negative	0.746182	0.253818
6WPW-P-R	Negative	0.587787	0.412213
6AF0-C-A	Negative	0.770705	0.229295
6M64-B-A	Negative	0.635316	0.364684
6M64-D-C	Negative	0.598395	0.401605
6M64-F-E	Negative	0.588854	0.411146
6C16-C-A	Negative	0.800437	0.199563
6C16-F-B	Negative	0.763935	0.236065
6HLD-B-A	Positive	0.325378	0.674622
6RBE-O-B	Positive	0.117014	0.882986
6UZV-J-A	Negative	0.950381	0.0496192
6UZV-M-B	Negative	0.934596	0.0654039
6SNC-C-A	Negative	0.791893	0.208107
6IIJ-D-A	Negative	0.571736	0.428264
6WSL-D-C	Negative	0.787136	0.212864
6IEU-C-A	Positive	0.14633	0.85367
6KZJ-B-A	Negative	0.802702	0.197298
6KZJ-C-A	Negative	0.76158	0.23842
6S8X-D-A	Negative	0.903086	0.0969141
6S8X-E-B	Negative	0.914599	0.0854005
6Q68-B-A	Negative	0.740491	0.259509
6QZY-B-A	Negative	0.659762	0.340238
6LDW-C-L	Negative	0.473604	0.526396
6CBZ-C-A	Negative	0.72367	0.27633
6EJE-B-A	Positive	0.428586	0.571414
6N4I-E-A	Negative	0.650041	0.349959
6ZXR-B-A	Positive	0.368131	0.631869
6W6W-B-A	Negative	0.925137	0.0748628
6N9T-E-A	Negative	0.875848	0.124152
6D07-C-A	Positive	0.122574	0.877426
6DEI-C-A	Negative	0.823717	0.176283
6DEI-D-A	Negative	0.88801	0.11199
6D2R-C-A	Negative	0.730087	0.269913
6Z9W-C-A	Negative	0.93724	0.0627603
6HIL-L-A	Negative	0.778226	0.221774
6V4F-B-A	Negative	0.48244	0.51756
6Z7Y-H-A	Negative	0.81841	0.18159
6Z7Y-F-C	Negative	0.861976	0.138024
6C0H-C-A	Negative	0.737995	0.262005
6X1U-D-H	Positive	0.40881	0.59119
6TBT-C-A	Negative	0.593849	0.406151
6F3A-c-B	Negative	0.812585	0.187415
6F3A-j-f	Negative	0.610441	0.389559
6FHS-H-C	Negative	0.879094	0.120906
6WJN-e-V	Negative	0.5	0.5
6AM5-C-A	Negative	0.925783	0.0742167
6ZCD-P-V	Negative	0.695362	0.304638
6O2A-F-A	Positive	0.288561	0.711439
6O2A-G-C	Positive	0.288561	0.711439
6OLF-y-C	Negative	0.956506	0.0434943
6XWD-P-A	Positive	0.283372	0.716628
6K68-E-A	Negative	0.71329	0.28671
6ILF-C-A	Negative	0.653694	0.346306
6S6Q-C-A	Positive	0.330381	0.669619
6O8B-D-A	Negative	0.514273	0.485727
6O8B-E-A	Negative	0.658084	0.341916
6A5Q-E-B	Negative	0.559804	0.440196
6A5Q-F-A	Negative	0.583887	0.416113
6T9J-B-I	Negative	0.642862	0.357138
6Y4O-B-A	Negative	0.587218	0.412782
6BYK-K-A	Positive	0.318073	0.681927
6BYK-G-B	Positive	0.121752	0.878248
6BYK-R-C	Positive	0.307776	0.692224
6O3X-D-A	Positive	0.343811	0.656189
6FJ3-B-A	Negative	0.879903	0.120097
6FO2-V-N	Negative	0.65408	0.34592
6S9K-B-A	Negative	0.64235	0.35765
6EF0-s-I	Negative	0.873778	0.126222
6O4Z-C-A	Negative	0.832359	0.167641
6IXQ-B-A	Negative	0.536089	0.463911
6M71-D-A	Negative	0.928701	0.0712986
6NID-D-A	Positive	0.368111	0.631889
6NID-E-A	Positive	0.368126	0.631874
6IEX-C-A	Negative	0.847638	0.152362
6VTW-A-L	Negative	0.692405	0.307595
6V6A-B-A	Negative	0.465859	0.534141
6V6A-D-A	Negative	0.465859	0.534141
6RD2-C-B	Positive	0.329579	0.670421
6QTC-B-A	Positive	0.177075	0.822925
6Z2Q-D-A	Positive	0.258793	0.741207
6SOF-H-A	Negative	0.874274	0.125726
6JJY-U-A	Positive	0.255647	0.744353
6FMQ-D-A	Positive	0.438385	0.561615
6O21-B-A	Negative	0.5	0.5
6E4Y-P-H	Negative	0.769626	0.230374
6D11-E-A	Positive	0.306333	0.693667
6SAT-P-A	Negative	0.75809	0.24191
6L7C-S-A	Negative	0.616391	0.383609
6PJ4-B-A	Negative	0.488138	0.511862
6O2B-F-A	Positive	0.361109	0.638891
6XLI-E-A	Positive	0.0710268	0.928973
6RXM-K-C	Positive	0.319134	0.680866
6XY6-B-A	Negative	0.57616	0.42384
6XY6-F-A	Negative	0.654394	0.345606
6XY6-D-C	Negative	0.600482	0.399518
6XY6-H-G	Negative	0.687304	0.312696
6XY6-N-M	Negative	0.620958	0.379042
6XY6-P-O	Negative	0.551985	0.448015
6VEP-B-E	Negative	0.920359	0.0796415
6VEP-F-E	Negative	0.744802	0.255198
6VEP-N-Q	Negative	0.918196	0.0818045
6NBH-P-R	Negative	0.962679	0.0373206
6SK7-D-A	Positive	0.380732	0.619268
6JP3-C-A	Negative	0.517181	0.482819
6JP3-D-A	Positive	0.407184	0.592816
6FGP-A-B	Negative	0.649434	0.350566
6S22-F-A	Positive	0.0470844	0.952916
6WLX-B-A	Positive	0.357823	0.642177
6TM5-S-I	Positive	0.387018	0.612982
6TM5-Q-P	Positive	0.403756	0.596244
6X5G-B-A	Negative	0.524355	0.475645
6LNM-B-A	Negative	0.731206	0.268794
6LNM-F-E	Negative	0.668529	0.331471
6V0N-C-A	Negative	0.711064	0.288936
7ZAI-Y-3	Negative	0.648956	0.351044
7JJC-G-C	Positive	0.0844787	0.915521
7ZXY-F-A	Negative	0.939863	0.0601368
7ZXY-G-A	Negative	0.933567	0.0664329
7ZXY-H-A	Negative	0.903914	0.0960859
7ZXY-E-C	Negative	0.979145	0.0208552
7ZXY-N-I	Negative	0.947699	0.0523014
7ZXY-M-K	Negative	0.979145	0.0208552
7NMF-C-A	Negative	0.820709	0.179291
7BGI-J-A	Negative	0.913658	0.0863416
7VAB-P-R	Negative	0.82075	0.17925
7YKG-B-A	Negative	0.649812	0.350188
7JFM-C-A	Negative	0.735493	0.264507
7JFM-D-A	Negative	0.750899	0.249101
7V2K-K-A	Positive	0.418666	0.581334
7V2K-f-g	Negative	0.845903	0.154097
7M55-A-H	Positive	0.385112	0.614888
7ORH-P-A	Positive	0.274325	0.725675
7VYA-W-B	Negative	0.648793	0.351207
7FDL-B-A	Negative	0.596179	0.403821
7FDL-J-A	Negative	0.702526	0.297474
7FDL-D-C	Negative	0.604803	0.395197
7FDL-F-C	Negative	0.647565	0.352435
7FDL-L-C	Negative	0.577144	0.422856
7RD1-U-A	Positive	0.33452	0.66548
7RD1-V-A	Negative	0.5	0.5
7RD1-W-A	Negative	0.461948	0.538052
7RD1-1-D	Positive	0.337765	0.662235
7RD1-2-D	Positive	0.308297	0.691703
7RD1-3-D	Positive	0.370701	0.629299
7RD1-Z-H	Negative	0.455617	0.544383
7RD1-4-J	Positive	0.272457	0.727543
7RD1-8-J	Positive	0.438779	0.561221
7BA3-B-A	Negative	0.691372	0.308628
7CFP-B-A	Positive	0.350081	0.649919
7QP4-P-A	Negative	0.922528	0.0774718
7QOX-C-A	Positive	0.315235	0.684765
7QOX-D-B	Positive	0.424225	0.575775
7W0A-B-A	Negative	0.633467	0.366533
7EZW-B-A	Negative	0.88031	0.11969
7RZV-D-A	Negative	0.871334	0.128666
7LDG-B-A	Negative	0.612261	0.387739
7LDG-D-A	Negative	0.704848	0.295152
7F4W-E-A	Negative	0.561156	0.438844
7TAY-K-A	Negative	0.911571	0.0884294
7WTS-z-W	Negative	0.668921	0.331079
7WTS-e-J	Positive	0.22991	0.77009
7SXH-B-A	Negative	0.835332	0.164668
7JQ8-B-A	Negative	0.563453	0.436547
7MD2-H-G	Negative	0.770126	0.229874
7THX-4-1	Negative	0.691055	0.308945
7N5C-C-A	Negative	0.778531	0.221469
7XJL-A-F	Negative	0.627826	0.372174
7EID-C-A	Negative	0.507415	0.492585
7GVV-D-A	Negative	0.703197	0.296803
7VHC-G-A	Positive	0.310328	0.689672
7OJ9-B-A	Negative	0.580855	0.419145
7WYW-G-A	Negative	0.823431	0.176569
7UO8-B-A	Positive	0.353269	0.646731
7MT7-1-3	Negative	0.465626	0.534374
7MT7-4-G	Positive	0.432578	0.567422
7UIW-S-A	Negative	0.557699	0.442301
7YAE-D-E	Positive	0.36428	0.63572
7E9L-C-A	Positive	0.13086	0.86914
7LC9-F-A	Negative	0.829289	0.170711
7LC9-L-E	Negative	0.933631	0.0663691
7K2P-P-A	Positive	0.243781	0.756219
7Q98-C-A	Negative	0.750952	0.249048
7D0S-B-A	Negative	0.937425	0.062575
7ELL-A-a	Negative	0.643745	0.356255
7ELL-I-g	Negative	0.669346	0.330654
7LRC-A-B	Negative	0.930851	0.0691495
7Z8O-B-A	Negative	0.729894	0.270106
7YCA-J-2	Negative	0.941103	0.0588968
7YCA-I-6	Negative	0.947088	0.0529125
7YCA-M-6	Negative	0.905228	0.0947715
7K95-B-A	Negative	0.481491	0.518509
7K95-C-A	Positive	0.414142	0.585858
7OBY-B-A	Negative	0.577236	0.422764
7UIF-M-A	Negative	0.835819	0.164181
7UIF-L-B	Negative	0.710089	0.289911
7YKH-B-A	Negative	0.521536	0.478464
7YKH-D-A	Negative	0.565174	0.434826
7YCX-h-f	Negative	0.579042	0.420958
7V31-K-A	Negative	0.488567	0.511433
7V31-f-g	Negative	0.829376	0.170624
7D3Y-E-A	Negative	0.81562	0.18438
7M8T-C-A	Positive	0.202792	0.797208
7H1O-A-B	Negative	0.869953	0.130047
7Y7H-h-w	Negative	0.878671	0.121329
7SIF-C-A	Negative	0.666623	0.333377
7XNO-A-Y	Negative	0.783143	0.216857
7KGT-C-A	Positive	0.406798	0.593202
7BWN-L-F	Negative	0.784534	0.215466
7BWN-B-F	Negative	0.813601	0.186399
7BWN-D-A	Negative	0.750663	0.249337
7BWN-N-C	Negative	0.741039	0.258961
7BWN-G-E	Negative	0.786593	0.213407
7BWN-P-H	Negative	0.767266	0.232734
7M6T-D-A	Negative	0.728813	0.271187
7Y7I-K-A	Negative	0.708504	0.291496
7VVL-P-R	Negative	0.81538	0.18462
7SMC-B-A	Negative	0.794471	0.205529
7SMC-D-C	Negative	0.699412	0.300588
7FJE-a-d	Negative	0.947202	0.0527983
7FJE-b-d	Negative	0.967831	0.032169
7JYN-B-A	Negative	0.700635	0.299365
7S8A-C-A	Positive	0.130769	0.869231
7T8W-D-L	Negative	0.606789	0.393211
7K75-E-A	Positive	0.169064	0.830936
7U0E-D-A	Negative	0.650064	0.349936
7PIA-z-1	Negative	0.637963	0.362037
7PIA-0-c	Negative	0.458377	0.541623
7PIA-x-d	Negative	0.620902	0.379098
7PIA-2-l	Negative	0.477895	0.522105
7NXT-P-A	Positive	0.240414	0.759586
7RDV-H-A	Negative	0.61193	0.38807
7YBF-C-A	Positive	0.375369	0.624631
7ADP-D-A	Negative	0.930696	0.0693041
7W40-E-A	Negative	0.640286	0.359714
7W40-D-C	Negative	0.824782	0.175218
7KI1-P-R	Negative	0.78334	0.21666
7N2N-C-A	Negative	0.811796	0.188204
7OS4-E-A	Positive	0.285687	0.714313
7WZ6-B-A	Negative	0.804424	0.195576
7RMI-S-R	Negative	0.480541	0.519459
7RMI-G-B	Negative	0.874849	0.125151
7UXO-B-A	Negative	0.79398	0.20602
7DJQ-C-A	Positive	0.39999	0.60001
7TT7-C-E	Negative	0.927511	0.0724888
7DC6-E-A	Positive	0.452228	0.547772
7VXS-Q-V	Negative	0.7336	0.2664
7VXS-f-g	Negative	0.829376	0.170624
7O54-B-A	Negative	0.620254	0.379746
7QS6-B-A	Positive	0.361646	0.638354
7RDA-C-H	Positive	0.178079	0.821921
7N2Q-C-D	Negative	0.897962	0.102038
7WX4-E-A	Negative	0.768247	0.231753
7RRG-C-A	Negative	0.659682	0.340318
7VAY-I-F	Negative	0.943439	0.0565612
7PG1-A-B	Negative	0.895614	0.104386
7PG1-D-B	Positive	0.276563	0.723437
7RF1-R-E	Negative	0.943907	0.0560934
7MNS-B-A	Negative	0.660882	0.339118
7ASO-g-Q	Positive	0.294417	0.705583
7JI0-C-A	Negative	0.739896	0.260104
7DVP-C-A	Negative	0.58894	0.41106
7MEX-D-C	Positive	0.222485	0.777515
7Z8I-r-L	Negative	0.667871	0.332129
7Z8I-j-X	Negative	0.845421	0.154579
7FGL-C-H	Negative	0.645644	0.354356
7YOD-B-A	Negative	0.624987	0.375013
7TDZ-t-r	Negative	0.722197	0.277803
7TDZ-s-r	Negative	0.742117	0.257883
7W0P-D-R	Negative	0.616021	0.383979
7YJK-C-B	Negative	0.933003	0.0669971
7BZ2-G-B	Negative	0.919876	0.0801236
7LHY-B-A	Positive	0.3432	0.6568
7S7E-C-A	Negative	0.601561	0.398439
7VHF-G-A	Positive	0.333926	0.666074
7RZQ-D-A	Negative	0.895735	0.104265
7RZQ-F-A	Negative	0.915104	0.0848959
7NAF-c-5	Negative	0.937615	0.0623851
7NAF-q-5	Negative	0.837316	0.162684
7NAF-d-b	Negative	0.759129	0.240871
7NAF-U-b	Negative	0.581207	0.418793
7T1Y-C-B	Positive	0.348502	0.651498
7ZP8-z-e	Negative	0.730127	0.269873
7SL4-C-A	Negative	0.901565	0.0984349
7SL4-D-A	Negative	0.91889	0.0811103
7JL7-F-A	Positive	0.380673	0.619327
7W36-B-A	Positive	0.412042	0.587958
7RK7-C-A	Negative	0.687748	0.312252
7PC8-C-A	Positive	0.341583	0.658417
7PC8-D-B	Negative	0.48278	0.51722
7CG0-7-f	Negative	0.646637	0.353363
7AYF-P-A	Positive	0.253896	0.746104
7E1T-C-A	Negative	0.742569	0.257431
7E1T-D-A	Negative	0.841525	0.158475
7SVU-a-A	Negative	0.746527	0.253473
7TMW-C-B	Positive	0.368509	0.631491
7SKZ-A-H	Negative	0.632797	0.367203
7E12-B-A	Negative	0.469847	0.530153
7RNB-F-A	Negative	0.47541	0.52459
7ZRT-B-A	Negative	0.584923	0.415077
7F6I-L-A	Positive	0.177591	0.822409
7F6I-D-C	Negative	0.879382	0.120618
7BIN-K-D	Negative	0.90205	0.0979497
7LBO-F-B	Positive	0.323444	0.676556
7YI2-E-A	Positive	0.34816	0.65184
7A18-1-3	Negative	0.667207	0.332793
7UM2-C-A	Negative	0.728684	0.271316
7Y6C-U-A	Negative	0.815155	0.184845
7C06-Z-M	Negative	0.729722	0.270278
7C06-T-S	Negative	0.742223	0.257777
7AQQ-b-A	Negative	0.943369	0.0566306
7AQQ-L-M	Negative	0.731182	0.268818
7AQQ-v-N	Negative	0.825329	0.174671
7F1R-C-B	Negative	0.891898	0.108102
7AZX-C-A	Negative	0.941199	0.0588013
7JYX-C-A	Positive	0.436657	0.563343
7UDL-B-A	Negative	0.565204	0.434796
7UDL-D-A	Negative	0.531333	0.468667
7YK8-I-L	Negative	0.563474	0.436526
7WQ4-L-R	Negative	0.870393	0.129607
7OBT-B-A	Positive	0.264456	0.735544
7R44-s-E	Positive	0.412129	0.587871
7R44-c-O	Negative	0.834234	0.165766
7BG7-4-1	Negative	0.638528	0.361472
7OZK-D-A	Negative	0.737084	0.262916
7BMC-B-A	Negative	0.787889	0.212111
7VCL-B-A	Positive	0.137511	0.862489
7NAB-C-H	Negative	0.538062	0.461938
7OWN-D-A	Positive	0.183375	0.816625
7SL2-C-A	Negative	0.920137	0.0798631
7SL2-D-A	Negative	0.919036	0.0809639
7SL2-E-A	Negative	0.855459	0.144541
7SL2-G-A	Negative	0.602767	0.397233
7UQJ-G-A	Positive	0.103107	0.896893
7RBT-P-R	Negative	0.79338	0.20662
7TMX-A-I	Positive	0.21093	0.78907
7TMX-B-I	Positive	0.225971	0.774029
7RJQ-B-A	Negative	0.802754	0.197246
7NTK-C-A	Negative	0.906079	0.0939211
7NTK-H-D	Negative	0.907898	0.0921016
7AZ5-H-A	Negative	0.616667	0.383333
7UI8-B-A	Negative	0.556553	0.443447
7F87-F-A	Negative	0.5	0.5
7DYN-C-A	Positive	0.353906	0.646094
7ZGQ-C-A	Negative	0.812613	0.187387
7ZX4-C-A	Negative	0.650712	0.349288
7ZX4-E-A	Negative	0.606343	0.393657
7OEU-1-A	Negative	0.575108	0.424892
7VNY-7-L	Negative	0.939461	0.060539
7VNY-8-L	Negative	0.928565	0.0714354
7VNY-B-H	Negative	0.921235	0.0787654
7VNY-E-A	Negative	0.936512	0.0634878
7VNY-G-D	Negative	0.936512	0.0634878
7VNY-J-F	Negative	0.936512	0.0634878
7VNY-Z-W	Negative	0.922414	0.0775858
7VNY-2-3	Negative	0.919205	0.0807946
7FBP-B-A	Negative	0.520547	0.479453
7X8B-B-A	Positive	0.444587	0.555413
7PMX-B-A	Positive	0.443827	0.556173
7WUN-X-A	Positive	0.316597	0.683403
7PB4-H-I	Negative	0.863993	0.136007
7Q0B-E-A	Negative	0.531818	0.468182
7XMA-Y-N	Negative	0.847152	0.152848
7XMA-Z-N	Negative	0.766854	0.233146
7DPZ-4-1	Negative	0.669104	0.330896
7M4R-C-A	Negative	0.845709	0.154291
7S8Q-C-A	Positive	0.398897	0.601103
7QUX-D-A	Negative	0.657836	0.342164
7K17-C-A	Negative	0.841601	0.158399
7NRF-B-A	Positive	0.217071	0.782929
7Y67-L-D	Positive	0.367867	0.632133
7E6J-B-A	Negative	0.734893	0.265107
7OVX-Q-A	Positive	0.421746	0.578254
7OXJ-D-A	Negative	0.835224	0.164776
7TT1-P-A	Negative	0.873951	0.126049
7TT1-C-E	Negative	0.875012	0.124988
7JZO-C-A	Positive	0.362422	0.637578
7JZO-D-B	Positive	0.363452	0.636548
7ZE3-D-A	Negative	0.897046	0.102954
7ZE3-Q-A	Negative	0.841998	0.158002
7ZE3-N-S	Negative	0.897046	0.102954
7PBT-G-C	Negative	0.881164	0.118836
7TA6-L-A	Negative	0.830935	0.169065
7A8T-B-A	Negative	0.577688	0.422312
7KOR-Y-L	Negative	0.766577	0.233423
7RJM-C-A	Negative	0.77032	0.22968
7FB5-B-A	Negative	0.790132	0.209868
7AXN-P-A	Positive	0.200328	0.799672
7K2F-C-A	Positive	0.372835	0.627165
7WJ3-C-A	Negative	0.599291	0.400709
7S48-B-A	Positive	0.401656	0.598344
7QHO-M-A	Positive	0.253179	0.746821
7WWQ-B-A	Negative	0.639608	0.360392
7FJF-b-g	Negative	0.967831	0.032169
7ZE8-B-A	Negative	0.934082	0.0659185
7ZE8-R-A	Negative	0.934082	0.0659185
7OIU-D-C	Negative	0.857885	0.142115
7OIU-F-B	Negative	0.889437	0.110563
7XHO-c-H	Negative	0.48581	0.51419
7XHO-C-L	Negative	0.542485	0.457515
7SG0-C-A	Positive	0.227338	0.772662
7WYY-G-A	Negative	0.823431	0.176569
7AZ6-H-A	Positive	0.356644	0.643356
7P4B-P-A	Negative	0.832861	0.167139
7YJ4-A-R	Negative	0.699428	0.300572
7YJ4-B-R	Negative	0.881833	0.118167
7ZVW-H-B	Negative	0.872531	0.127469
7FJ1-Y-B	Negative	0.916795	0.0832051
7FJ1-Z-B	Negative	0.910966	0.0890343
7M5N-D-A	Negative	0.454441	0.545559
7M5N-E-B	Negative	0.485562	0.514438
7XAM-c-e	Positive	0.437127	0.562873
7YYH-k-E	Positive	0.24822	0.75178
7V1L-V-B	Negative	0.59931	0.40069
7V0K-W-H	Negative	0.592886	0.407114
7V0K-N-O	Negative	0.930671	0.0693288
7AA7-P-A	Negative	0.616142	0.383858
7ZMB-e-5	Negative	0.868683	0.131317
7ZMB-o-B	Negative	0.81697	0.18303
7CEC-D-A	Negative	0.845003	0.154997
7CEC-E-A	Negative	0.74325	0.25675
7XXF-Q-C	Negative	0.930874	0.0691265
7XXF-Y-C	Negative	0.930874	0.0691265
7XXF-A-L	Negative	0.930874	0.0691265
7XXF-a-B	Negative	0.951488	0.0485116
7R1W-G-A	Positive	0.432732	0.567268
7WT5-C-A	Negative	0.864738	0.135262
7WT5-F-D	Negative	0.864738	0.135262
7Y1Q-B-A	Negative	0.906938	0.0930616
7WVV-L-R	Negative	0.513312	0.486688
7VD2-A-H	Negative	0.939052	0.0609476
7VD2-F-C	Negative	0.939052	0.0609476
7VD2-E-B	Negative	0.818033	0.181967
7QPB-H-A	Negative	0.551489	0.448511
7CIZ-H-A	Negative	0.634539	0.365461
7CIZ-D-E	Negative	0.541834	0.458166
7NEF-I-A	Negative	0.643442	0.356558
7KPU-E-D	Positive	0.193411	0.806589
7N8J-B-A	Positive	0.167019	0.832981
7D0P-B-A	Negative	0.937425	0.062575
7F8W-E-R	Negative	0.691366	0.308634
7UVE-B-A	Positive	0.344396	0.655604
7SR9-A-B	Negative	0.705885	0.294115
7EVP-C-A	Negative	0.8158	0.1842
7YJO-E-B	Negative	0.731587	0.268413
7YJO-C-B	Negative	0.923297	0.0767027
7VZE-F-B	Positive	0.298525	0.701475
7K7R-C-A	Positive	0.071516	0.928484
7K7R-F-D	Positive	0.0971928	0.902807
7YUE-C-A	Negative	0.834024	0.165976
7CI2-C-A	Negative	0.799215	0.200785
7Y8D-B-A	Negative	0.591617	0.408383
7MU2-B-A	Positive	0.325722	0.674278
7MU2-D-C	Negative	0.590913	0.409087
7OY2-X-C	Negative	0.937693	0.0623066
7QBS-B-A	Negative	0.453451	0.546549
7V9B-B-A	Positive	0.322332	0.677668
7SMK-C-A	Negative	0.743905	0.256095
7XZR-C-A	Positive	0.442667	0.557333
7JHX-C-A	Negative	0.700203	0.299797
7JHX-D-B	Negative	0.593172	0.406828
7S4G-K-A	Negative	0.741793	0.258207
7AU3-D-A	Negative	0.9006	0.0993997
7X14-B-A	Negative	0.453188	0.546812
7BL4-d-F	Negative	0.63647	0.36353
7SJS-C-H	Negative	0.512094	0.487906
7Q42-B-A	Positive	0.222206	0.777794
7Q42-F-E	Positive	0.305386	0.694614
7QKW-D-B	Negative	0.670207	0.329793
7XZQ-B-A	Negative	0.670212	0.329788
7T8R-B-A	Negative	0.70509	0.29491
7LFI-C-A	Negative	0.612909	0.387091
7EMD-C-A	Positive	0.404593	0.595407
7Q51-B-A	Negative	0.755956	0.244044
7NEW-G-A	Positive	0.333878	0.666122
7QI5-t-I	Negative	0.869731	0.130269
7QI5-u-I	Negative	0.799433	0.200567
7QI5-w-I	Negative	0.76575	0.23425
7N08-F-H	Negative	0.714365	0.285635
7X9C-P-R	Negative	0.764686	0.235314
7UNC-L-B	Negative	0.686027	0.313973
7AR7-r-C	Positive	0.358714	0.641286
7AR7-k-L	Negative	0.794549	0.205451
7AR7-l-L	Negative	0.944364	0.0556363
7AR7-v-N	Negative	0.825329	0.174671
7D0E-B-A	Positive	0.444422	0.555578
7ZTL-B-A	Negative	0.656762	0.343238
7ML4-V-O	Negative	0.696852	0.303148
7RQR-C-A	Positive	0.4196	0.5804
7T2A-C-A	Negative	0.5	0.5
7EV8-B-A	Positive	0.444211	0.555789
7R51-C-A	Positive	0.353481	0.646519
7NW3-A-H	Positive	0.432007	0.567993
7RTR-C-A	Negative	0.698593	0.301407
7XV1-B-A	Positive	0.427591	0.572409
7TV4-K-B	Negative	0.780234	0.219766
7NP2-P-A	Negative	0.632346	0.367654
7RG3-B-A	Positive	0.157834	0.842166
7RG3-C-A	Positive	0.177967	0.822033
7LG3-C-A	Negative	0.716943	0.283057
7UDC-C-A	Negative	0.794238	0.205762
7Z2Z-W-C	Positive	0.164841	0.835159
7N40-C-A	Negative	0.8291	0.1709
7T8Z-B-A	Negative	0.600894	0.399106
7TIT-G-A	Negative	0.806063	0.193937
7DRM-E-A	Negative	0.923947	0.0760528
7DRM-F-C	Negative	0.942035	0.0579653
7O3E-J-D	Negative	0.825415	0.174585
7O3E-l-F	Negative	0.795146	0.204854
7O3E-m-F	Negative	0.834277	0.165723
7O3E-P-L	Negative	0.476512	0.523488
7O3E-k-a	Negative	0.754754	0.245246
7ETJ-P-M	Negative	0.934539	0.0654612
7BV4-C-A	Negative	0.898945	0.101055
7BV4-F-A	Negative	0.793585	0.206415
7KPK-B-A	Positive	0.18122	0.81878
7DOH-I-L	Positive	0.348942	0.651058
7QKF-B-A	Negative	0.63588	0.36412
7PVT-B-A	Negative	0.696654	0.303346
7VP7-B-A	Negative	0.744414	0.255586
7Q4O-1-A	Negative	0.54086	0.45914
7XQT-C-A	Negative	0.879354	0.120646
7N27-G-A	Positive	0.446348	0.553652
7T6A-C-A	Negative	0.560505	0.439495
7T6A-D-B	Negative	0.647363	0.352637
7RMH-S-R	Positive	0.280251	0.719749
7OYM-B-A	Positive	0.367994	0.632006
7RG1-B-A	Positive	0.313591	0.686409
7PG4-J-B	Negative	0.935856	0.0641444
7V64-C-A	Positive	0.338937	0.661063
7NHO-F-A	Negative	0.873486	0.126514
7BP6-A-C	Positive	0.349306	0.650694
7YXP-B-A	Negative	0.643665	0.356335
7QOJ-N-B	Negative	0.81355	0.18645
7QOJ-K-G	Negative	0.803401	0.196599
7QOJ-L-G	Negative	0.71857	0.28143
7UGB-I-A	Negative	0.777667	0.222333
7W6J-F-A	Negative	0.590535	0.409465
7W5C-Q-A	Negative	0.778314	0.221686
7MNT-B-A	Negative	0.691074	0.308926
7AZG-I-A	Negative	0.586642	0.413358
7K3L-B-A	Negative	0.567766	0.432234
7UKN-B-A	Negative	0.505552	0.494448
7VY1-Q-V	Negative	0.65858	0.34142
7LMK-F-A	Positive	0.415302	0.584698
7LMK-G-B	Positive	0.336175	0.663825
7QRS-C-A	Negative	0.475091	0.524909
7W3C-e-Y	Negative	0.694075	0.305925
7A1O-B-A	Negative	0.912185	0.0878152
7Z6F-A-E	Negative	0.864597	0.135403
7Y8J-A-H	Positive	0.372388	0.627612
7WT3-C-A	Positive	0.437498	0.562502
7ZWK-C-B	Positive	0.288791	0.711209
7DVX-C-A	Negative	0.466555	0.533445
7Z0G-P-A	Negative	0.784401	0.215599
7Z0G-U-R	Negative	0.83849	0.16151
7JP3-D-A	Negative	0.874835	0.125165
7Z0F-P-A	Negative	0.729257	0.270743
7K3J-B-A	Positive	0.353511	0.646489
7K3J-H-A	Negative	0.591573	0.408427
7K3J-D-C	Positive	0.364576	0.635424
7CWH-A-B	Positive	0.196358	0.803642
7Z0Q-G-C	Negative	0.721751	0.278249
7Z8Y-D-A	Negative	0.701658	0.298342
7Z8Y-E-A	Positive	0.42553	0.57447
7O34-P-A	Positive	0.114068	0.885932
7ROY-G-A	Positive	0.189664	0.810336
7ROY-H-B	Negative	0.553918	0.446082
7QQL-F-C	Positive	0.310676	0.689324
7X1T-E-A	Positive	0.354402	0.645598
7X1T-F-C	Negative	0.866459	0.133541
7EV6-S-A	Negative	0.660668	0.339332
7YRR-C-A	Negative	0.86528	0.13472
7VYG-Q-c	Negative	0.7336	0.2664
7SG2-C-A	Positive	0.14599	0.85401
7B13-P-A	Negative	0.699299	0.300701
7WYI-J-A	Negative	0.913658	0.0863416
7MSZ-4-G	Positive	0.432578	0.567422
7SIG-C-A	Negative	0.666623	0.333377
7OQA-P-A	Positive	0.24367	0.75633
7YNK-B-A	Negative	0.942731	0.0572691
7UIV-S-A	Positive	0.399186	0.600814
7P7Q-5-0	Positive	0.442733	0.557267
7R5V-R-O	Negative	0.754326	0.245674
7MOP-B-A	Positive	0.352746	0.647254
7ABT-B-A	Positive	0.171586	0.828414
7JTS-E-a	Negative	0.746864	0.253136
7JTS-F-c	Negative	0.914798	0.0852022
7UE2-B-A	Negative	0.5	0.5
7XF3-C-A	Negative	0.866847	0.133153
7OQ4-F-A	Negative	0.799691	0.200309
7OQ4-Q-A	Negative	0.763734	0.236266
7OQ4-P-B	Negative	0.813869	0.186131
7JLS-B-A	Negative	0.468352	0.531648
7N05-E-H	Negative	0.591264	0.408736
7F4N-F-B	Negative	0.866713	0.133287
7F4N-E-D	Negative	0.889814	0.110186
7RNE-F-A	Positive	0.417234	0.582766
7WB4-O-A	Negative	0.822371	0.177629
7RTB-P-R	Negative	0.84844	0.15156
7AQR-r-C	Negative	0.581499	0.418501
7AQR-Z-D	Negative	0.508071	0.491929
7U6D-A-C	Negative	0.611101	0.388899
7SL1-E-A	Negative	0.601159	0.398841
7OXH-B-A	Negative	0.858885	0.141115
7XBD-F-A	Negative	0.91806	0.0819396
7RUA-E-C	Negative	0.780394	0.219606
7V9M-P-R	Negative	0.870482	0.129518
7Z4A-O-A	Negative	0.806312	0.193688
7Z4A-S-A	Negative	0.622345	0.377655
7Z4A-R-N	Negative	0.838849	0.161151
7KJR-C-A	Negative	0.632729	0.367271
7EIC-C-A	Negative	0.466123	0.533877
7E82-v-o	Negative	0.89146	0.10854
7OHR-s-O	Positive	0.115192	0.884808
7NHK-5-0	Positive	0.442733	0.557267
7NHK-6-I	Positive	0.249812	0.750188
7QIW-d-G	Positive	0.220856	0.779144
7QIW-n-R	Positive	0.417833	0.582167
7Q13-E-A	Negative	0.569868	0.430132
7B4T-B-A	Negative	0.730382	0.269618
7R45-s-E	Negative	0.486021	0.513979
7JI2-C-A	Negative	0.552148	0.447852
7JI2-F-D	Negative	0.552148	0.447852
7RJF-B-A	Negative	0.758303	0.241697
7BN3-D-A	Negative	0.650189	0.349811
7BN3-E-A	Negative	0.566359	0.433641
7FIM-P-R	Negative	0.834625	0.165375
7Q45-B-A	Positive	0.303302	0.696698
7Q45-D-C	Positive	0.276273	0.723727
7Q45-F-E	Positive	0.353106	0.646894
7UIH-C-A	Negative	0.696219	0.303781
7UIH-D-A	Negative	0.570186	0.429814
7UIH-E-A	Negative	0.624984	0.375016
7UIH-F-A	Negative	0.528545	0.471455
7V8L-A-E	Positive	0.440994	0.559006
7O55-C-B	Positive	0.329932	0.670068
7ZM7-e-5	Negative	0.889119	0.110881
7S3M-A-H	Positive	0.416486	0.583514
7OE0-R-F	Negative	0.762008	0.237992
7MN5-H-A	Negative	0.681349	0.318651
7WMV-B-A	Negative	0.949799	0.050201
7T9Y-C-A	Negative	0.6359	0.3641
7T9Y-D-A	Negative	0.782834	0.217166
7S5H-C-B	Positive	0.365887	0.634113
7TUW-B-A	Negative	0.904418	0.0955819
7TUW-N-M	Negative	0.900519	0.099481
7F9O-J-A	Negative	0.917986	0.0820141
7F9O-m-e	Negative	0.917986	0.0820141
7YEH-D-B	Negative	0.804468	0.195532
7AOE-D-B	Negative	0.742128	0.257872
7EF0-P-A	Positive	0.189074	0.810926
7F90-E-A	Positive	0.411403	0.588597
7F90-B-A	Negative	0.473447	0.526553
7F90-D-A	Positive	0.446844	0.553156
7F90-F-C	Negative	0.696092	0.303908
7EA1-B-A	Positive	0.259247	0.740753
7EA1-D-C	Positive	0.284192	0.715808
7R84-B-A	Positive	0.417341	0.582659
7R84-D-A	Negative	0.482032	0.517968
7NKB-C-G	Negative	0.754236	0.245764
7ZYH-B-A	Negative	0.487156	0.512844
7ZYH-D-A	Negative	0.59886	0.40114
7ZYH-E-F	Positive	0.430065	0.569935
7ZYH-H-G	Negative	0.46018	0.53982
7SNX-B-A	Negative	0.849615	0.150385
7T0Y-B-A	Negative	0.681805	0.318195
7XQP-J-A	Negative	0.957223	0.0427769
7XQP-M-B	Negative	0.895878	0.104122
7EZK-P-D	Positive	0.405399	0.594601
7CIO-B-A	Negative	0.766462	0.233538
7MB5-D-B	Positive	0.437667	0.562333
7ARH-V-C	Negative	0.639542	0.360458
7CNX-B-A	Negative	0.81203	0.18797
7CNX-F-A	Negative	0.82795	0.17205
7CNX-D-C	Negative	0.861094	0.138906
7CNX-H-G	Negative	0.794799	0.205201
7EVS-C-A	Negative	0.453171	0.546829
7EVS-D-A	Positive	0.408072	0.591928
7MB7-B-A	Positive	0.346835	0.653165
7BXT-L-A	Positive	0.422568	0.577432
7OK0-F-A	Negative	0.5	0.5
7OK0-Q-A	Negative	0.801009	0.198991
7RG0-B-A	Positive	0.212781	0.787219
7V4W-C-A	Positive	0.409652	0.590348
7PHX-I-H	Negative	0.713664	0.286336
7MO1-B-A	Negative	0.741191	0.258809
7E0B-B-A	Positive	0.426112	0.573888
7ADT-U-A	Negative	0.57616	0.42384
7ADT-C-B	Negative	0.657599	0.342401
7FGR-C-H	Negative	0.643928	0.356072
7RJL-C-A	Positive	0.349684	0.650316
7SKM-B-A	Negative	0.799928	0.200072
7MQO-A-F	Negative	0.723075	0.276925
7MQO-B-F	Negative	0.950084	0.0499157
7DZ9-F-A	Negative	0.671061	0.328939
7DZ9-E-B	Negative	0.651313	0.348687
7M2W-X-E	Negative	0.708022	0.291978
7RFY-B-A	Positive	0.148875	0.851125
7PP2-B-A	Positive	0.432959	0.567041
7RLW-P-B	Positive	0.298087	0.701913
7RLW-R-B	Positive	0.340869	0.659131
7ARD-q-G	Negative	0.575906	0.424094
7ARD-k-L	Negative	0.907037	0.0929626
7OWM-C-A	Positive	0.129709	0.870291
7OHQ-z-B	Negative	0.740788	0.259212
7ZNK-L-P	Negative	0.883319	0.116681
7BU5-B-A	Negative	0.790541	0.209459
7KZP-W-S	Negative	0.476222	0.523778
7TCQ-C-H	Negative	0.48066	0.51934
7TCQ-D-A	Negative	0.48066	0.51934
7XVY-C-A	Negative	0.648748	0.351252
7QHM-M-A	Positive	0.266283	0.733717
7QHM-Z-N	Positive	0.271783	0.728217
7RZF-a-A	Negative	0.710439	0.289561
7RZF-b-A	Negative	0.56247	0.43753
7OQJ-P-A	Positive	0.224364	0.775636
7VCR-C-A	Negative	0.478076	0.521924
7T6F-C-A	Negative	0.757854	0.242146
7YAA-B-A	Positive	0.432948	0.567052
7LFS-E-A	Negative	0.864527	0.135473
7LFS-G-C	Negative	0.854225	0.145775
7W56-C-R	Positive	0.442345	0.557655
7PXA-A-0	Negative	0.751458	0.248542
7PXA-E-6	Negative	0.703908	0.296092
7PXA-F-8	Negative	0.712311	0.287689
7MDZ-l-X	Positive	0.376908	0.623092
7NHQ-F-A	Negative	0.873486	0.126514
7NHQ-I-A	Negative	0.941059	0.0589409
7NHQ-T-A	Negative	0.913491	0.0865087
7OWP-D-A	Positive	0.16475	0.83525
7OWP-E-B	Positive	0.16475	0.83525
7OIF-B-E	Negative	0.693123	0.306877
7E2Z-G-B	Negative	0.844049	0.155951
7CQP-C-B	Negative	0.707717	0.292283
7LC6-D-A	Negative	0.962596	0.0374036
7DRO-G-A	Negative	0.68773	0.31227
7DRO-H-A	Negative	0.537816	0.462184
7Y7B-J-2	Negative	0.937445	0.0625547
7Y7B-I-8	Negative	0.951358	0.0486417
7Y7B-M-8	Negative	0.947687	0.0523127
7X1C-C-A	Negative	0.79369	0.20631
7KNF-C-A	Negative	0.571077	0.428923
7T10-P-R	Positive	0.369413	0.630587
7PNT-3-L	Negative	0.647605	0.352395
7BOC-B-A	Positive	0.450187	0.549813
7XMR-C-B	Negative	0.90794	0.0920598
7QI1-F-A	Negative	0.704261	0.295739
7QI1-E-B	Negative	0.650536	0.349464
7DU4-Q-A	Negative	0.70124	0.29876
7OBX-B-A	Negative	0.601988	0.398012
7T6U-L-R	Positive	0.326293	0.673707
7TT5-C-E	Negative	0.938254	0.0617458
7UCX-B-H	Negative	0.453279	0.546721
7CO2-C-A	Positive	0.370014	0.629986
7SQ0-C-A	Negative	0.933113	0.0668869
7BGT-F-A	Negative	0.648669	0.351331
7BGT-G-C	Negative	0.648669	0.351331
7M8S-C-A	Negative	0.655473	0.344527
7TT3-P-A	Negative	0.909779	0.0902214
7NKQ-D-A	Negative	0.896843	0.103157
7NKQ-E-A	Negative	0.926857	0.0731428
7NKQ-b-A	Negative	0.747643	0.252357
7NKQ-F-B	Negative	0.939811	0.0601889
7NKQ-C-d	Negative	0.902745	0.0972545
7O01-J-A	Negative	0.913658	0.0863416
7O01-I-B	Negative	0.858363	0.141637
7CNZ-B-A	Negative	0.81203	0.18797
7CNZ-H-G	Negative	0.794799	0.205201
7OWU-C-A	Positive	0.186499	0.813501
7VAC-G-A	Positive	0.33329	0.66671
7VAC-I-E	Positive	0.338937	0.661063
7A4D-E-A	Negative	0.70937	0.29063
7A4D-F-A	Negative	0.70937	0.29063
7A4D-K-G	Negative	0.70937	0.29063
7OW6-C-A	Negative	0.896161	0.103839
7XVA-B-A	Negative	0.600853	0.399147
7RNG-F-A	Positive	0.433487	0.566513
7NK9-G-H	Negative	0.850473	0.149527
7UIY-S-B	Negative	0.47763	0.52237
7NMG-C-A	Negative	0.920155	0.0798451
7ZQJ-F-A	Negative	0.671268	0.328732
7NIX-B-A	Positive	0.250394	0.749606
7WJ2-C-A	Negative	0.87578	0.12422
7KGP-C-A	Negative	0.867234	0.132766
7UXJ-E-A	Negative	0.780924	0.219076
7TSZ-P-A	Negative	0.739237	0.260763
7DXA-B-A	Negative	0.900308	0.099692
7DXA-f-a	Negative	0.938915	0.0610852
7DXA-i-a	Negative	0.943987	0.0560134
7DXA-m-b	Negative	0.910318	0.089682
7DNF-B-A	Negative	0.654509	0.345491
7DWQ-J-A	Negative	0.953765	0.0462349
7DWQ-M-B	Negative	0.949228	0.0507717
7Z7C-B-A	Negative	0.903945	0.0960553
7TLJ-H-B	Negative	0.923755	0.0762453
7PFQ-D-B	Positive	0.28553	0.71447
7A0S-2-C	Positive	0.305091	0.694909
7RND-F-A	Negative	0.567675	0.432325
7YQK-K-F	Negative	0.5	0.5
7T1U-D-A	Positive	0.323282	0.676718
7T1U-E-B	Positive	0.323282	0.676718
7T2B-C-A	Negative	0.570886	0.429114
7T2B-M-K	Negative	0.5	0.5
7ECA-B-A	Negative	0.769987	0.230013
7DA6-C-A	Positive	0.340142	0.659858
7CQV-B-E	Negative	0.873938	0.126062
7RJB-M-A	Negative	0.553532	0.446468
7RJB-I-K	Negative	0.921703	0.0782973
7RF5-R-E	Negative	0.943907	0.0560934
7NXV-C-A	Negative	0.772433	0.227567
7NXV-E-B	Negative	0.671364	0.328636
7CO1-B-A	Positive	0.444988	0.555012
7CO1-F-E	Negative	0.547271	0.452729
7PPL-B-A	Positive	0.310351	0.689649
7DVD-E-B	Negative	0.830953	0.169047
7C5D-C-A	Positive	0.413515	0.586485
7C5D-D-B	Negative	0.46532	0.53468
7UV5-C-A	Negative	0.889019	0.110981
7ZVI-E-A	Negative	0.854867	0.145133
7OYF-B-A	Negative	0.869878	0.130122
7VFX-C-R	Positive	0.4459	0.5541
7F9Y-C-R	Positive	0.239553	0.760447
7DUU-C-A	Negative	0.777634	0.222366
7LIO-C-A	Positive	0.139226	0.860774
7LIO-D-B	Positive	0.123672	0.876328
7RG2-B-A	Positive	0.399119	0.600881
7QU8-C-A	Negative	0.81442	0.18558
7UX3-Y-N	Positive	0.146863	0.853137
7XAU-F-A	Positive	0.36428	0.63572
7UX5-B-A	Negative	0.793133	0.206867
7L1K-D-A	Negative	0.619752	0.380248
7X3X-V-C	Positive	0.20254	0.79746
7RJO-B-A	Negative	0.761165	0.238835
7LG0-C-A	Negative	0.5	0.5
7DS8-C-A	Negative	0.562502	0.437498
7ON1-D-b	Negative	0.724225	0.275775
7ZQI-F-A	Negative	0.846077	0.153923
7OPO-B-A	Negative	0.610206	0.389794
7OPO-H-A	Negative	0.585283	0.414717
7OPO-J-A	Negative	0.591981	0.408019
7OPO-F-C	Negative	0.590894	0.409106
7Y6M-A-C	Negative	0.735602	0.264398
7TO9-C-A	Negative	0.740805	0.259195
7MW1-C-A	Negative	0.636787	0.363213
7BP4-L-G	Positive	0.357639	0.642361
7EI2-B-A	Positive	0.33315	0.66685
7OBH-B-A	Positive	0.368417	0.631583
7JX7-B-A	Positive	0.391962	0.608038
7WVW-L-R	Negative	0.636434	0.363566
7OXN-A-H	Negative	0.617479	0.382521
7M5B-B-A	Negative	0.626287	0.373713
7M5B-D-A	Negative	0.616856	0.383144
7E0Z-B-A	Positive	0.320231	0.679769
7QWV-B-A	Negative	0.815615	0.184385
7BGV-P-A	Positive	0.215161	0.784839
7K7F-B-A	Negative	0.697839	0.302161
7UO3-B-A	Positive	0.353348	0.646652
7W53-C-R	Positive	0.407047	0.592953
7SMF-B-A	Negative	0.463587	0.536413
7SGR-K-J	Negative	0.913567	0.0864333
7WEG-D-A	Negative	0.829223	0.170777
7QFB-B-A	Negative	0.836477	0.163523
7T1Z-C-B	Negative	0.645487	0.354513
7MJ6-C-A	Negative	0.786202	0.213798
7P0S-U-A	Negative	0.720076	0.279924
7P0S-C-B	Negative	0.744285	0.255715
7YF6-C-A	Negative	0.863847	0.136153
7TD5-D-A	Positive	0.374536	0.625464
7U09-A-H	Negative	0.729791	0.270209
7B15-P-A	Positive	0.178993	0.821007
7EUY-S-A	Negative	0.759591	0.240409
7EM9-C-A	Negative	0.5	0.5
7YKI-B-A	Negative	0.708637	0.291363
7JNE-B-A	Negative	0.625732	0.374268
7TIK-D-A	Negative	0.868933	0.131067
7BQZ-B-A	Positive	0.199564	0.800436
7BQZ-D-C	Positive	0.237279	0.762721
7ZKR-B-A	Negative	0.774363	0.225637
7SIH-C-A	Negative	0.601503	0.398497
7ZFR-C-A	Negative	0.699439	0.300561
7N9J-C-A	Negative	0.803787	0.196213
7LBQ-E-A	Positive	0.381472	0.618528
7T86-G-C	Positive	0.262058	0.737942
7NTJ-G-B	Negative	0.685198	0.314802
7NTJ-C-A	Negative	0.917827	0.0821725
7F0L-A-L	Negative	0.925922	0.0740783
7F0L-B-L	Negative	0.928565	0.0714354
7F0L-G-H	Negative	0.921235	0.0787654
7F0L-8-5	Negative	0.932609	0.0673913
7M10-B-A	Negative	0.526947	0.473053
7K2I-P-B	Positive	0.345839	0.654161
7HP2-A-B	Negative	0.869953	0.130047
7S46-B-A	Positive	0.438751	0.561249
7O3C-k-a	Negative	0.754754	0.245246
7LFZ-C-A	Negative	0.573338	0.426662
7DXS-A-C	Negative	0.875349	0.124651
7DXS-B-C	Negative	0.894912	0.105088
7DR1-J-A	Negative	0.939223	0.0607772
7DR1-M-B	Negative	0.966552	0.0334476
7QSD-f-M	Negative	0.830457	0.169543
7QSD-c-N	Negative	0.834234	0.165766
7TSQ-D-A	Positive	0.440029	0.559971
7TSQ-C-B	Positive	0.424648	0.575352
7D35-B-A	Positive	0.104844	0.895156
7Z8Z-B-A	Negative	0.865292	0.134708
7Z8Z-D-A	Negative	0.849633	0.150367
7TXZ-D-A	Positive	0.443799	0.556201
7PX9-G-A	Positive	0.197197	0.802803
7TV0-E-A	Negative	0.481325	0.518675
7EF1-P-A	Positive	0.1013	0.8987
7EF1-Q-B	Positive	0.125216	0.874784
7PHR-Z-A	Negative	0.951519	0.0484812
7PHR-z-A	Negative	0.963079	0.0369207
7VBP-Q-V	Negative	0.65858	0.34142
7WUL-X-A	Positive	0.367268	0.632732
7Y36-P-R	Negative	0.81538	0.18462
7PKT-A-r	Positive	0.38749	0.61251
7YXO-B-A	Negative	0.811426	0.188574
7YXO-D-C	Negative	0.838019	0.161981
7X9A-P-R	Negative	0.58426	0.41574
7DXH-B-A	Negative	0.90538	0.0946201
7DXH-f-a	Negative	0.938915	0.0610852
7DXH-t-a	Negative	0.925705	0.0742953
7DXH-m-b	Negative	0.910318	0.089682
7DXH-x-d	Negative	0.880844	0.119156
7DXH-k-c	Negative	0.97168	0.0283199
7RZI-a-A	Negative	0.512103	0.487897
7RZI-c-B	Negative	0.548351	0.451649
7TUD-P-A	Positive	0.392433	0.607567
7LIN-B-A	Positive	0.127614	0.872386
7BFW-P-A	Positive	0.203571	0.796429
7X2E-B-A	Negative	0.663707	0.336293
7MO4-B-A	Positive	0.306475	0.693525
7FFL-D-G	Positive	0.394278	0.605722
7FFL-I-J	Negative	0.852666	0.147334
7T6I-C-A	Negative	0.770858	0.229142
7NA7-L-R	Positive	0.413922	0.586078
7L8V-C-A	Negative	0.5	0.5
7C07-Z-M	Negative	0.724789	0.275211
7C07-T-S	Negative	0.741208	0.258792
7SQS-E-A	Positive	0.306746	0.693254
7SQS-D-A	Positive	0.364647	0.635353
7SQS-C-A	Positive	0.354158	0.645842
7SQS-B-A	Negative	0.623317	0.376683
7XNA-B-A	Positive	0.363696	0.636304
7PC4-C-A	Negative	0.463756	0.536244
7VHE-G-A	Positive	0.30599	0.69401
7N9H-A-C	Positive	0.283597	0.716403
7O2Z-P-L	Negative	0.539743	0.460257
7ONB-F-C	Negative	0.743981	0.256019
7ONB-M-C	Negative	0.478947	0.521053
7SXF-B-A	Negative	0.938856	0.0611435
7OB5-P-A	Positive	0.115824	0.884176
7RG5-B-A	Positive	0.288803	0.711197
7P49-P-A	Negative	0.853874	0.146126
7KAN-B-A	Negative	0.930026	0.0699744
7Y45-E-C	Negative	0.823431	0.176569
7UXP-C-A	Negative	0.747327	0.252673
7E2E-P-A	Negative	0.693469	0.306531
7E2E-Q-B	Negative	0.693469	0.306531
7DGZ-X-4	Negative	0.852052	0.147948
7DGZ-F-8	Positive	0.413196	0.586804
7DGZ-i-Q	Negative	0.814058	0.185942
7HPA-A-B	Negative	0.869953	0.130047
7CK6-E-A	Negative	0.930899	0.0691007
7CK6-H-A	Negative	0.911625	0.0883747
7CK6-J-A	Negative	0.793995	0.206005
7BPH-B-A	Negative	0.93054	0.0694596
7NKN-C-G	Negative	0.629309	0.370691
7ZBW-R-C	Negative	0.787068	0.212932
7VEC-M-A	Negative	0.624342	0.375658
7VEC-P-A	Negative	0.680802	0.319198
7VEC-U-I	Negative	0.46807	0.53193
7VEC-X-L	Negative	0.480292	0.519708
7BG8-D-C	Negative	0.96118	0.03882
7S8R-C-A	Negative	0.643297	0.356703
7BRK-L-A	Negative	0.612702	0.387298
7QSA-C-A	Negative	0.651107	0.348893
7D8P-C-A	Positive	0.244879	0.755121
7D8P-D-B	Positive	0.214331	0.785669
7RXQ-B-A	Negative	0.724906	0.275094
7MNR-B-A	Positive	0.445748	0.554252
7NFB-C-A	Negative	0.539754	0.460246
7NFB-D-B	Positive	0.451141	0.548859
7F7X-B-A	Negative	0.869457	0.130543
7XNM-D-A	Negative	0.45694	0.54306
7R5I-E-A	Positive	0.17657	0.82343
7Q41-B-A	Positive	0.35994	0.64006
7Q41-D-C	Positive	0.351807	0.648193
7BTE-M-A	Negative	0.862621	0.137379
7BTE-L-C	Negative	0.90031	0.0996905
7P4A-E-A	Negative	0.813757	0.186243
7P4A-D-A	Negative	0.648532	0.351468
7CUJ-C-A	Negative	0.733604	0.266396
7CUJ-D-A	Negative	0.621597	0.378403
7NUS-D-A	Positive	0.157505	0.842495
7NUS-E-B	Positive	0.157505	0.842495
7WX3-E-A	Negative	0.739838	0.260162
7E1S-D-C	Negative	0.945808	0.054192
7YI8-C-B	Negative	0.861104	0.138896
7BK4-B-A	Negative	0.646614	0.353386
7JWP-Q-A	Positive	0.412998	0.587002
7JWP-W-M	Positive	0.351713	0.648287
7P3E-C-A	Negative	0.760546	0.239454
7P3E-F-D	Negative	0.760546	0.239454
7B2B-B-A	Negative	0.711462	0.288538
7CZ5-P-R	Negative	0.868034	0.131966
7RYF-0-2	Negative	0.757269	0.242731
7CL0-D-A	Positive	0.130796	0.869204
7O50-H-A	Positive	0.300233	0.699767
7JJM-A-B	Positive	0.26663	0.73337
7RM3-Q-A	Positive	0.406624	0.593376
7RM3-P-C	Positive	0.377753	0.622247
7LEU-B-E	Positive	0.286131	0.713869
7LEU-C-E	Positive	0.319816	0.680184
7RUQ-D-A	Positive	0.125751	0.874249
7RUQ-B-A	Positive	0.147531	0.852469
7RM1-P-A	Positive	0.366764	0.633236
7EU0-L-B	Negative	0.721703	0.278297
7BRE-C-A	Negative	0.609943	0.390057
7BRE-F-E	Negative	0.608	0.392
7DS3-C-B	Negative	0.492967	0.507033
7N1E-C-A	Negative	0.752657	0.247343
7MB4-E-A	Negative	0.602449	0.397551
7D1U-I-A	Negative	0.831371	0.168629
7BRH-L-A	Negative	0.597066	0.402934
7VBY-F-B	Negative	0.939052	0.0609476
7VBY-A-I	Negative	0.939052	0.0609476
7VBY-D-I	Negative	0.818033	0.181967
7AK6-s-E	Negative	0.479494	0.520506
7AK6-c-N	Negative	0.860071	0.139929
7AGD-J-B	Negative	0.513068	0.486932
7N6M-B-A	Negative	0.517566	0.482434
7ALO-C-A	Positive	0.371352	0.628648
7WVY-L-R	Negative	0.889564	0.110436
7KLD-Q-A	Negative	0.595994	0.404006
7KLD-E-B	Negative	0.615961	0.384039
7KDT-B-A	Negative	0.832699	0.167301
7W2Z-L-R	Positive	0.223232	0.776768
7JYV-C-A	Negative	0.718857	0.281143
7B1J-C-B	Negative	0.900813	0.0991865
7NA5-C-A	Negative	0.803787	0.196213
7BGY-D-A	Negative	0.9751	0.0249005
7ZMG-e-5	Negative	0.851707	0.148293
7XEB-C-A	Positive	0.375727	0.624273
7CDF-C-A	Positive	0.16151	0.83849
7WJ5-S-R	Positive	0.287966	0.712034
7VPW-B-A	Positive	0.18601	0.81399
7VVM-P-R	Negative	0.826644	0.173356
7RZE-a-A	Negative	0.71765	0.28235
7RZE-b-A	Positive	0.429448	0.570552
7NFX-z-B	Negative	0.569118	0.430882
7NLA-P-A	Negative	0.5	0.5
7XAV-F-A	Positive	0.443919	0.556081
7MB9-C-A	Positive	0.352469	0.647531
7EC5-D-A	Negative	0.696844	0.303156
7VTJ-C-H	Negative	0.638511	0.361489
7MT2-4-G	Positive	0.432578	0.567422
7FEJ-4-1	Negative	0.725254	0.274746
7AAM-C-A	Positive	0.0909969	0.909003
7NPB-P-A	Negative	0.745034	0.254966
7P7S-6-I	Positive	0.265058	0.734942
7MO5-B-A	Negative	0.547383	0.452617
7S78-W-A	Negative	0.69859	0.30141
7S78-Z-D	Negative	0.603912	0.396088
7S78-0-D	Positive	0.302151	0.697849
7S78-2-G	Negative	0.54896	0.45104
7S78-4-J	Negative	0.483389	0.516611
7S51-C-A	Negative	0.514128	0.485872
7VF3-B-A	Negative	0.512414	0.487586
7WHU-H-D	Negative	0.509244	0.490756
7UEB-F-A	Negative	0.907566	0.0924342
7QA8-I-A	Negative	0.676951	0.323049
7QA8-K-B	Negative	0.676951	0.323049
7UNW-3-F	Negative	0.684571	0.315429
7UNW-8-G	Negative	0.628446	0.371554
7ZV7-B-A	Positive	0.425268	0.574732
7UR1-C-A	Negative	0.87844	0.12156
7KHR-r-b	Negative	0.910642	0.0893576
7TLT-E-A	Negative	0.686233	0.313767
7TLT-F-C	Negative	0.686233	0.313767
7MNQ-B-A	Negative	0.653803	0.346197
7S7J-B-A	Negative	0.614624	0.385376
7OW2-E-A	Negative	0.759187	0.240813
7XHG-F-B	Positive	0.449712	0.550288
7XHG-G-C	Positive	0.310076	0.689924
7AL2-B-A	Negative	0.781307	0.218693
7KI0-P-R	Negative	0.790861	0.209139
7EBK-B-A	Positive	0.18919	0.81081
7N1H-P-H	Positive	0.377407	0.622593
7B5F-D-C	Negative	0.705106	0.294894
7B5F-H-G	Negative	0.633813	0.366187
7UT1-c-a	Negative	0.877956	0.122044
7XL3-G-C	Negative	0.880184	0.119816
7KGC-D-A	Negative	0.875836	0.124164
7NDG-N-F	Negative	0.729936	0.270064
7NMX-P-A	Positive	0.381784	0.618216
7NL9-G-H	Negative	0.935036	0.0649642
7NL9-C-Q	Negative	0.54949	0.45051
7X6Y-B-A	Negative	0.545967	0.454033
7JZR-C-A	Positive	0.310812	0.689188
7TO8-C-A	Negative	0.775723	0.224277
7Q5V-B-A	Negative	0.848892	0.151108
7M5C-B-A	Negative	0.745306	0.254694
7M5C-F-A	Negative	0.82432	0.17568
7M5C-D-C	Negative	0.8805	0.1195
7M5C-J-C	Negative	0.735195	0.264805
7M5C-H-G	Negative	0.745306	0.254694
7M5C-N-M	Negative	0.860523	0.139477
7M5C-P-O	Negative	0.745306	0.254694
7ZR2-B-A	Negative	0.876646	0.123354
7QOO-C-L	Negative	0.471546	0.528454
7N6D-C-A	Negative	0.698593	0.301407
7N6D-O-E	Negative	0.698593	0.301407
7PUL-P-A	Negative	0.513727	0.486273
7THM-C-A	Negative	0.891626	0.108374
7DU2-I-A	Negative	0.613763	0.386237
7CMZ-B-A	Negative	0.848896	0.151104
7OBG-B-A	Positive	0.369761	0.630239
7KFA-D-A	Negative	0.651396	0.348604
7M98-B-A	Positive	0.286476	0.713524
7YTQ-E-A	Positive	0.345038	0.654962
7OPM-B-A	Positive	0.246979	0.753021
7OPM-C-A	Negative	0.730764	0.269236
7KDF-E-A	Positive	0.386931	0.613069
7LFD-A-H	Negative	0.770996	0.229004
7K29-P-A	Negative	0.661657	0.338343
7OBL-B-A	Positive	0.332832	0.667168
7MJA-C-A	Positive	0.259231	0.740769
7MP3-L-A	Negative	0.534525	0.465475
7VLY-A-Y	Negative	0.550954	0.449046
7E34-C-A	Negative	0.509871	0.490129
7AS4-4-3	Negative	0.9538	0.0462002
7F4E-C-A	Positive	0.18439	0.81561
7ZDD-D-A	Positive	0.140854	0.859146
7E1Z-C-A	Negative	0.899348	0.100652
7W0Q-B-A	Negative	0.938418	0.0615822
7F0R-G-C	Negative	0.910867	0.0891327
7MVV-C-A	Negative	0.557715	0.442285
7AD3-K-B	Negative	0.806995	0.193005
7AD3-H-B	Negative	0.939328	0.0606715
7AD3-G-F	Negative	0.660954	0.339046
7CNU-C-A	Positive	0.299796	0.700204
7X1U-E-A	Positive	0.380423	0.619577
7U21-C-A	Negative	0.88466	0.11534
7Y61-K-L	Negative	0.931406	0.0685938
7S4O-C-A	Positive	0.282376	0.717624
7UY2-C-A	Negative	0.80163	0.19837
7BQV-B-A	Negative	0.646104	0.353896
7ZQP-j-d	Negative	0.700844	0.299156
7PC5-B-A	Positive	0.323957	0.676043
7XPK-B-A	Positive	0.225027	0.774973
7XPK-D-C	Positive	0.244912	0.755088
7OA6-X-B	Negative	0.553729	0.446271
7OUI-F-A	Negative	0.853522	0.146478
7OUI-I-A	Negative	0.88668	0.11332
7OUI-L-A	Negative	0.829639	0.170361
7OUI-M-A	Negative	0.945029	0.0549707
7OUI-T-A	Negative	0.943271	0.0567292
7OUI-U-B	Negative	0.663885	0.336115
7CIQ-C-A	Positive	0.179842	0.820158
7OY8-E-H	Negative	0.898769	0.101231
7OY8-F-H	Negative	0.88327	0.11673
7OY8-J-H	Negative	0.898769	0.101231
7OY8-S-H	Negative	0.92644	0.0735602
7OY8-8-M	Negative	0.879904	0.120096
7MD4-P-B	Negative	0.945111	0.0548889
7MD4-N-A	Negative	0.82393	0.17607
7MD4-T-A	Negative	0.86972	0.13028
7BZN-D-A	Negative	0.563755	0.436245
7CRU-B-A	Positive	0.379808	0.620192
7CRU-D-C	Positive	0.379808	0.620192
7XJJ-C-E	Negative	0.904099	0.0959012
7VFI-C-A	Positive	0.311438	0.688562
7APO-C-A	Negative	0.796186	0.203814
7APO-D-B	Negative	0.796186	0.203814
7N8O-F-A	Negative	0.914479	0.0855209
7N8O-I-A	Negative	0.855145	0.144855
7N8O-J-A	Negative	0.944294	0.0557059
7N8O-L-A	Negative	0.814081	0.185919
7N8O-T-A	Negative	0.951231	0.0487691
7N8O-K-C	Negative	0.95788	0.0421205
7N8O-Y-C	Negative	0.938247	0.0617527
7N8O-R-E	Negative	0.929897	0.0701034
7DW0-C-A	Negative	0.548367	0.451633
7N43-F-A	Negative	0.577241	0.422759
7Z31-I-A	Negative	0.762888	0.237112
7Z31-W-C	Positive	0.38212	0.61788
7AK9-C-A	Negative	0.868108	0.131892
7DKZ-J-2	Negative	0.934465	0.0655348
7S7F-C-A	Negative	0.626011	0.373989
7UDK-B-A	Negative	0.5	0.5
7X1B-C-A	Negative	0.740707	0.259293
7O3T-A-B	Negative	0.611487	0.388513
7OXI-B-A	Negative	0.901288	0.098712
7OXI-C-A	Negative	0.743564	0.256436
7O37-l-F	Negative	0.795146	0.204854
7R72-G-I	Negative	0.609065	0.390935
7R72-t-Z	Negative	0.559824	0.440176
7R72-B-u	Negative	0.785702	0.214298
7OF3-m-8	Negative	0.792881	0.207119
7K0Q-C-B	Negative	0.938993	0.0610069
7XZJ-3-4	Negative	0.852655	0.147345
7XZJ-X-4	Negative	0.826709	0.173291
7XZJ-E-7	Negative	0.694249	0.305751
7NHP-F-A	Negative	0.873486	0.126514
7RNC-F-A	Negative	0.691885	0.308115
7JIL-4-F	Negative	0.857711	0.142289
7JIL-f-F	Negative	0.619831	0.380169
7JIL-G-X	Negative	0.870691	0.129309
7MO2-B-A	Negative	0.552178	0.447822
7Y1F-F-R	Negative	0.634548	0.365452
7CJB-D-A	Negative	0.810451	0.189549
7CJB-H-E	Negative	0.491533	0.508467
7CJB-L-I	Negative	0.686094	0.313906
7VFU-E-A	Positive	0.285441	0.714559
7WLP-B-A	Positive	0.245406	0.754594
7WLP-C-A	Positive	0.353035	0.646965
7LWH-B-A	Negative	0.688131	0.311869
7O33-P-L	Positive	0.344833	0.655167
7ESI-B-A	Negative	0.453556	0.546444
7ESI-C-A	Positive	0.37543	0.62457
7EU2-C-A	Negative	0.718321	0.281679
7COH-M-A	Negative	0.817979	0.182021
7A4T-B-A	Negative	0.762289	0.237711
7A4T-C-A	Negative	0.824471	0.175529
7SZI-D-A	Positive	0.321598	0.678402
7Q72-C-A	Negative	0.507295	0.492705
7Q72-D-B	Negative	0.620682	0.379318
7X70-B-A	Negative	0.679661	0.320339
7WEK-C-A	Negative	0.585981	0.414019
7WEK-D-A	Negative	0.565121	0.434879
7Y9N-B-A	Negative	0.837198	0.162802
7R0W-G-X	Negative	0.933372	0.0666276
7R0W-N-I	Negative	0.947699	0.0523014
7R0W-P-I	Negative	0.903914	0.0960859
7V1A-B-A	Negative	0.840248	0.159752
7ABF-R-A	Positive	0.393427	0.606573
7ABF-X-A	Negative	0.581959	0.418041
7ZPD-A-B	Negative	0.88555	0.11445
7RT9-Y-A	Negative	0.725642	0.274358
7RT9-Z-C	Negative	0.659158	0.340842
7UXN-B-A	Negative	0.720608	0.279392
7VZR-E-A	Negative	0.963908	0.0360916
7VZR-F-A	Negative	0.897918	0.102082
7VZR-G-A	Negative	0.953451	0.0465494
7VZR-e-A	Negative	0.963908	0.0360916
7A1S-B-A	Negative	0.954396	0.0456039
7ST8-S-H	Negative	0.831217	0.168783
7RJR-B-A	Negative	0.539455	0.460545
7C94-C-A	Negative	0.782173	0.217827
7S4A-B-A	Negative	0.83554	0.16446
7S4A-D-A	Negative	0.697592	0.302408
7KL5-B-A	Negative	0.688847	0.311153
7QPJ-E-C	Negative	0.857428	0.142572
7SN6-C-A	Positive	0.216613	0.783387
7SN6-D-B	Positive	0.276261	0.723739
7O5D-P-A	Negative	0.5	0.5
7EMF-B-A	Negative	0.5191	0.4809
7F4I-U-R	Positive	0.346589	0.653411
7JVO-B-A	Positive	0.220852	0.779148
7PBN-H-D	Negative	0.892871	0.107129
7L1D-C-A	Negative	0.659682	0.340318
7LEN-C-A	Negative	0.853681	0.146319
7OBK-B-A	Positive	0.343236	0.656764
7SSC-P-H	Negative	0.634044	0.365956
7T8M-C-A	Negative	0.709824	0.290176
7T8M-D-A	Negative	0.561405	0.438595
7AD6-C-A	Negative	0.748085	0.251915
7OR7-B-A	Negative	0.5	0.5
7BEE-C-A	Positive	0.133052	0.866948
7BEE-D-A	Positive	0.134463	0.865537
7BEE-F-A	Positive	0.13114	0.86886
7BEE-H-A	Positive	0.129563	0.870437
7M5U-B-A	Positive	0.411049	0.588951
7ZDI-D-A	Negative	0.898497	0.101503
7KL1-C-A	Positive	0.375493	0.624507
7KL1-D-A	Positive	0.333164	0.666836
7TYL-P-R	Negative	0.646514	0.353486
7DDQ-N-o	Negative	0.92678	0.07322
7DDQ-O-o	Negative	0.92678	0.07322
7DDQ-U-t	Negative	0.916831	0.0831692
7DDQ-F-e	Negative	0.92678	0.07322
7DDQ-a-b	Negative	0.93591	0.0640899
7DDQ-J-k	Negative	0.92678	0.07322
7DD1-B-A	Positive	0.207331	0.792669
7PNK-F-A	Negative	0.938723	0.0612768
7PNK-I-A	Negative	0.849117	0.150883
7PNK-J-A	Negative	0.939575	0.0604247
7PNK-L-A	Negative	0.916789	0.083211
7PNK-T-A	Negative	0.942268	0.0577317
7PNK-W-A	Negative	0.932495	0.0675048
7PNK-M-B	Negative	0.901133	0.0988674
7PNK-U-B	Negative	0.740364	0.259636
7PNK-V-C	Negative	0.94933	0.05067
7OHT-e-C	Negative	0.846564	0.153436
7RNW-Y-A	Negative	0.552837	0.447163
7RNW-Z-A	Negative	0.508441	0.491559
7RNW-X-C	Negative	0.719388	0.280612
7RNW-W-C	Positive	0.312921	0.687079
7OBR-z-B	Positive	0.300409	0.699591
7FC0-D-E	Negative	0.686791	0.313209
7LLY-P-R	Negative	0.632889	0.367111
7DW6-C-A	Positive	0.198291	0.801709
7JPN-H-A	Negative	0.589305	0.410695
7M51-A-H	Negative	0.482335	0.517665
7OHS-V-B	Negative	0.856537	0.143463
7TA3-A-B	Negative	0.765947	0.234053
7S4Q-F-A	Positive	0.241573	0.758427
7W0D-G-F	Negative	0.560544	0.439456
7OYR-B-A	Positive	0.388695	0.611305
7N6J-B-A	Negative	0.874969	0.125031
7RN9-F-A	Negative	0.456432	0.543568
7N6N-C-A	Negative	0.685307	0.314693
7DS2-C-A	Negative	0.536508	0.463492
7Q9A-C-A	Negative	0.843846	0.156154
7W0T-A-F	Negative	0.875115	0.124885
7W0T-E-C	Negative	0.738358	0.261642
7W0T-D-B	Negative	0.874737	0.125263
7QQY-B-A	Positive	0.179986	0.820014
7XWO-D-B	Negative	0.73315	0.26685
7BOS-B-A	Positive	0.323129	0.676871
7KL2-B-A	Negative	0.5	0.5
7RUP-B-A	Positive	0.148539	0.851461
7KSQ-M-B	Negative	0.906565	0.0934351
7X7P-C-M	Negative	0.913911	0.0860891
7ATR-B-A	Negative	0.771336	0.228664
7WAE-L-A	Positive	0.355425	0.644575
7KEV-C-A	Positive	0.324906	0.675094
7CDG-C-A	Positive	0.183607	0.816393
7SSD-A-e	Negative	0.679019	0.320981
7MLA-B-A	Negative	0.468771	0.531229
7UVA-C-A	Negative	0.4927	0.5073
7UVA-F-D	Positive	0.394398	0.605602
7UXM-D-A	Positive	0.447395	0.552605
7X6Z-B-A	Positive	0.40974	0.59026
7M2X-U-C	Negative	0.688712	0.311288
7TSX-D-A	Positive	0.440029	0.559971
7TSX-C-B	Positive	0.424648	0.575352
7NVO-N-E	Negative	0.732187	0.267813
7P9W-B-A	Negative	0.780492	0.219508
7AM6-P-C	Positive	0.357335	0.642665
7PRX-B-A	Negative	0.564172	0.435828
7SJQ-D-A	Negative	0.778979	0.221021
7SU9-C-A	Negative	0.718937	0.281063
7DOC-E-B	Negative	0.885322	0.114678
7DOC-I-B	Positive	0.204355	0.795645
7ZLG-P-A	Positive	0.278848	0.721152
7AR8-b-A	Negative	0.96257	0.0374296
7AR8-r-C	Positive	0.393422	0.606578
7AR8-l-L	Negative	0.939782	0.0602184
7U60-M-A	Positive	0.395064	0.604936
7TOW-E-H	Negative	0.54452	0.45548
7TOW-D-A	Negative	0.773332	0.226668
7QWQ-t-x	Negative	0.901995	0.0980047
7QWQ-u-d	Negative	0.650378	0.349622
7XOW-L-R	Negative	0.749466	0.250534
7UIR-C-A	Negative	0.547436	0.452564
7UIR-D-A	Negative	0.520759	0.479241
7PI5-I-A	Negative	0.849117	0.150883
7PI5-T-A	Negative	0.942268	0.0577317
7PI5-W-A	Negative	0.932495	0.0675048
7PI5-M-B	Negative	0.899996	0.100004
7QTT-L-N	Negative	0.544102	0.455898
7QTX-B-A	Negative	0.706432	0.293568
7R7C-w-7	Positive	0.3507	0.6493
7NKL-D-A	Negative	0.894406	0.105594
7NKL-E-A	Negative	0.938757	0.0612431
7NKL-b-A	Negative	0.775688	0.224312
7NKL-B-d	Negative	0.878213	0.121787
7NKL-C-d	Negative	0.883856	0.116144
7NKL-F-d	Negative	0.750336	0.249664
7W64-G-A	Positive	0.277403	0.722597
7W64-H-A	Positive	0.277403	0.722597
7RNF-F-A	Negative	0.463318	0.536682
7QCS-C-A	Negative	0.704589	0.295411
7ABI-8-v	Negative	0.596505	0.403495
7ABI-R-r	Negative	0.693201	0.306799
7Y35-P-R	Negative	0.839282	0.160718
7P1C-B-A	Positive	0.312506	0.687494
7UBU-P-A	Positive	0.138934	0.861066
7UBU-Q-A	Positive	0.126248	0.873752
7A1P-B-A	Negative	0.890318	0.109682
7WD8-A-E	Negative	0.737143	0.262857
7A2X-B-A	Negative	0.739925	0.260075
7YJ1-C-B	Negative	0.947195	0.0528052
7YJ1-E-D	Negative	0.966625	0.0333752
7VVU-Y-V	Negative	0.681815	0.318185
7VVU-X-N	Positive	0.385678	0.614322
7UVV-0-2	Negative	0.747778	0.252222
7UVV-H-W	Negative	0.845987	0.154013
7VLJ-B-A	Negative	0.694285	0.305715
7PGC-C-B	Positive	0.29836	0.70164
7UC5-C-A	Negative	0.736858	0.263142
7UJR-B-A	Negative	0.730338	0.269662
7MX1-C-A	Positive	0.32053	0.67947
7KUI-G-A	Negative	0.753532	0.246468
7RTE-D-C	Negative	0.521174	0.478826
7OF0-V-5	Negative	0.787408	0.212592
7NVW-W-2	Negative	0.534871	0.465129
7KSO-F-C	Positive	0.346317	0.653683
7RUC-D-A	Negative	0.603407	0.396593
7YI6-A-B	Positive	0.366249	0.633751
7YI6-C-E	Positive	0.355143	0.644857
7XQU-C-A	Negative	0.640179	0.359821
7FJ3-C-2	Negative	0.886517	0.113483
7FJ3-d-S	Negative	0.940783	0.0592166
7BRL-L-A	Negative	0.594507	0.405493
7RE8-C-A	Negative	0.743277	0.256723
7RE8-F-D	Negative	0.743277	0.256723
7WBI-C-A	Negative	0.742223	0.257777
7Y3F-J-A	Negative	0.932771	0.0672293
7Y3F-M-B	Negative	0.925854	0.0741458
7Y3F-X-B	Negative	0.874136	0.125864
7JRG-K-A	Negative	0.949558	0.0504419
7CZM-C-A	Negative	0.56697	0.43303
7CZM-D-B	Negative	0.643963	0.356037
7A6Y-J-A	Positive	0.128704	0.871296
7A6Y-K-B	Positive	0.127283	0.872717
7A6Y-M-D	Positive	0.141705	0.858295
7QQN-B-A	Positive	0.203582	0.796418
7QQN-D-C	Positive	0.311557	0.688443
7EQZ-I-A	Negative	0.555637	0.444363
7R4H-L-G	Negative	0.625385	0.374615
7URD-B-A	Negative	0.548693	0.451307
7XJO-C-A	Positive	0.378081	0.621919
7F4D-M-R	Negative	0.729814	0.270186
7ZV8-C-A	Positive	0.425268	0.574732
7DS4-C-B	Positive	0.315185	0.684815
7EO0-4-1	Negative	0.791485	0.208515
7JTV-E-B	Positive	0.365516	0.634484
7JTV-H-A	Positive	0.323365	0.676635
7RYC-L-O	Negative	0.654378	0.345622
7CFD-I-B	Positive	0.35484	0.64516
7CFD-K-B	Positive	0.192158	0.807842
7CFD-J-C	Positive	0.228746	0.771254
7CFD-L-E	Positive	0.357401	0.642599
7CFD-M-F	Positive	0.216536	0.783464
7CFD-N-G	Positive	0.287128	0.712872
7CFD-Z-H	Positive	0.313851	0.686149
7JK4-F-C	Negative	0.551245	0.448755
7D68-P-R	Negative	0.835144	0.164856
7A8U-B-A	Negative	0.453299	0.546701
7Y04-E-A	Positive	0.428873	0.571127
7CE4-B-A	Negative	0.780959	0.219041
7Q46-B-A	Positive	0.344037	0.655963
7Q46-D-C	Positive	0.35884	0.64116
7Q46-F-E	Positive	0.352338	0.647662
7YF2-C-A	Positive	0.386996	0.613004
7WK8-B-C	Negative	0.757421	0.242579
7BRJ-L-A	Negative	0.781924	0.218076
7ENO-4-1	Negative	0.71662	0.28338
7OF5-m-8	Negative	0.828232	0.171768
7BYD-C-A	Negative	0.542604	0.457396
7D3D-a-A	Negative	0.5	0.5
7ZQB-f-b	Negative	0.77701	0.22299
7QIP-C-A	Positive	0.243344	0.756656
7QIP-D-B	Positive	0.159791	0.840209
7U8F-C-A	Positive	0.414966	0.585034
7XV0-B-A	Negative	0.532963	0.467037
7A23-n-I	Negative	0.879627	0.120373
7A23-g-M	Negative	0.810387	0.189613
7A23-l-M	Negative	0.88457	0.11543
7A23-h-a	Negative	0.660549	0.339451
7A23-t-a	Negative	0.888859	0.111141
7L4Z-S-B	Negative	0.929956	0.0700436
7JRP-W-M	Negative	0.95657	0.0434302
7JRP-h-T	Negative	0.867633	0.132367
7JRP-j-a	Negative	0.889109	0.110891
7BRG-L-A	Negative	0.611706	0.388294
7N6K-B-A	Negative	0.824349	0.175651
7OPX-D-A	Negative	0.539343	0.460657
7CP9-A-I	Negative	0.852947	0.147053
7CP9-B-J	Negative	0.831096	0.168904
7CP9-D-J	Negative	0.871257	0.128743
7ETV-B-A	Positive	0.403815	0.596185
7BN1-E-A	Negative	0.804746	0.195254
7BN1-F-B	Negative	0.892483	0.107517
7LO0-I-A	Negative	0.634711	0.365289
7LO0-M-A	Negative	0.83722	0.16278
7LO0-Q-A	Positive	0.431788	0.568212
7LO0-N-B	Negative	0.834613	0.165387
7LO0-R-B	Negative	0.455125	0.544875
7LO0-O-G	Negative	0.45541	0.54459
7UXI-B-A	Negative	0.848126	0.151874
7Y66-E-D	Negative	0.54835	0.45165
7URE-B-A	Negative	0.599134	0.400866
7OP0-C-A	Negative	0.7164	0.2836
7N0W-G-A	Positive	0.440571	0.559429
7OY3-B-A	Negative	0.876843	0.123157
7UWO-B-A	Negative	0.943551	0.056449
7OWO-D-A	Positive	0.15406	0.84594
7OWO-F-B	Positive	0.15406	0.84594
7RNJ-B-L	Negative	0.547708	0.452292
7LKY-J-A	Negative	0.655725	0.344275
7LKY-P-G	Negative	0.571483	0.428517
7UNU-8-G	Negative	0.628446	0.371554
7VPG-X-A	Negative	0.65237	0.34763
7VPG-D-C	Positive	0.451479	0.548521
7WJH-B-A	Negative	0.821073	0.178927
7TYH-P-E	Negative	0.718066	0.281934
7YIY-E-D	Negative	0.968297	0.0317034
7ZX8-d-M	Negative	0.774765	0.225235
7RZD-C-A	Positive	0.107437	0.892563
7R6Q-L-D	Negative	0.834214	0.165786
7R6Q-g-n	Positive	0.400595	0.599405
7R6Q-Z-t	Positive	0.39348	0.60652
7R6Q-h-X	Positive	0.267051	0.732949
7M8U-C-A	Negative	0.8063	0.1937
7OWQ-D-A	Positive	0.132604	0.867396
7LLL-P-R	Negative	0.808577	0.191423
7EHZ-B-A	Positive	0.332791	0.667209
7QIO-L-N	Negative	0.898453	0.101547
7FDM-C-A	Negative	0.550979	0.449021
7FDM-D-B	Positive	0.401039	0.598961
7Y0S-C-B	Positive	0.374049	0.625951
7E9M-B-A	Negative	0.922453	0.0775474
7JVS-C-B	Positive	0.393524	0.606476
7ZB0-F-B	Positive	0.384693	0.615307
7ZB0-H-D	Negative	0.454799	0.545201
7FDO-B-A	Negative	0.838793	0.161207
7TFC-U-A	Positive	0.435678	0.564322
7XTG-A-B	Negative	0.819096	0.180904
7VVJ-P-R	Negative	0.882608	0.117392
7Q43-D-C	Positive	0.367673	0.632327
7Q43-B-A	Positive	0.319027	0.680973
7Q43-F-E	Positive	0.354852	0.645148
7UMS-V-T	Negative	0.910028	0.089972
7O6N-C-A	Negative	0.727345	0.272655
7O6N-D-A	Negative	0.660256	0.339744
7RNA-F-A	Negative	0.469645	0.530355
7JK5-F-C	Negative	0.627399	0.372601
7YF4-C-A	Positive	0.316891	0.683109
7YF4-D-B	Positive	0.32047	0.67953
7CDB-C-A	Negative	0.544513	0.455487
7UDB-C-A	Negative	0.813205	0.186795
7F54-L-R	Positive	0.383714	0.616286
7Z50-T-A	Negative	0.859825	0.140175
7Z50-W-A	Negative	0.84152	0.15848
7YOT-C-D	Negative	0.825602	0.174398
7YOT-B-D	Negative	0.878123	0.121877
7L0S-G-A	Negative	0.740909	0.259091
7P93-B-A	Negative	0.482391	0.517609
7P93-M-A	Positive	0.296272	0.703728
7P0L-D-B	Positive	0.380191	0.619809
7M5A-B-A	Negative	0.5	0.5
7NLC-B-A	Positive	0.205451	0.794549
7U5V-C-A	Positive	0.4022	0.5978
7YKD-L-A	Negative	0.665516	0.334484
7T5M-E-A	Negative	0.460073	0.539927
7T5M-F-C	Negative	0.558509	0.441491
7LET-B-E	Positive	0.19472	0.80528
7F2D-B-A	Negative	0.643859	0.356141
7PPM-B-A	Positive	0.353429	0.646571
7ZPY-B-A	Negative	0.639343	0.360657
7K2L-P-A	Positive	0.205148	0.794852
7XZI-X-9	Negative	0.818273	0.181727
7CZL-F-A	Negative	0.922522	0.0774783
7CZL-I-A	Negative	0.878633	0.121367
7CZL-M-A	Negative	0.918295	0.0817049
7CZL-X-D	Negative	0.892747	0.107253
7CZL-k-c	Negative	0.97168	0.0283199
7TFA-A-B	Negative	0.7464	0.2536
7E87-J-B	Negative	0.914639	0.0853614
7BCY-P-A	Positive	0.120167	0.879833
7QTO-C-A	Negative	0.700121	0.299879
7QTO-D-A	Negative	0.5	0.5
7DRP-E-A	Negative	0.934452	0.0655478
7DRP-F-C	Negative	0.904698	0.0953023
7LGT-F-A	Negative	0.601905	0.398095
7LGT-E-C	Negative	0.601905	0.398095
7EMB-C-A	Negative	0.752277	0.247723
7X00-C-A	Negative	0.896039	0.103961
7QOT-C-A	Negative	0.5	0.5
7QOT-D-B	Positive	0.354544	0.645456
7YZX-B-A	Negative	0.614418	0.385582
7Q3L-p-A	Positive	0.346655	0.653345
7XXG-D-A	Negative	0.718895	0.281105
7F3S-B-A	Positive	0.232887	0.767113
7VPH-X-A	Positive	0.310652	0.689348
7VPH-D-C	Negative	0.480968	0.519032
7VPH-J-E	Positive	0.371977	0.628023
7VPH-H-G	Negative	0.476525	0.523475
7ZAK-C-A	Negative	0.542311	0.457689
7EJM-C-A	Positive	0.434791	0.565209
7OII-B-R	Negative	0.868	0.132
7RAQ-P-H	Negative	0.633438	0.366562
7S8M-A-R	Positive	0.361954	0.638046
7FGJ-C-H	Negative	0.676488	0.323512
7WUI-L-R	Negative	0.749385	0.250615
7WMC-C-A	Negative	0.5	0.5
7Y8W-E-A	Negative	0.690585	0.309415
7Y8W-F-A	Negative	0.759415	0.240585
7Y8W-O-M	Negative	0.622381	0.377619
7Y8W-P-M	Negative	0.699439	0.300561
7Y8W-S-Q	Negative	0.457124	0.542876
7W3Z-L-A	Negative	0.734482	0.265518
7RNU-B-A	Positive	0.357489	0.642511
7RNU-D-A	Positive	0.427893	0.572107
7RNU-F-C	Positive	0.288245	0.711755
7RNU-H-G	Positive	0.323456	0.676544
7TXF-F-A	Positive	0.416917	0.583083
7JMM-B-A	Negative	0.609906	0.390094
7TYY-P-E	Negative	0.456876	0.543124
7Q4Q-E-A	Negative	0.741599	0.258401
7VBH-P-R	Negative	0.731869	0.268131
7OYH-B-A	Negative	0.869878	0.130122
7VDD-F-C	Negative	0.938727	0.0612728
7VDD-D-G	Negative	0.881732	0.118268
7B1G-E-A	Negative	0.893166	0.106834
7N2P-C-A	Negative	0.781401	0.218599
7NND-P-A	Positive	0.423766	0.576234
7QGN-B-1	Positive	0.377703	0.622297
7F4H-F-R	Negative	0.458159	0.541841
7JTK-M-E	Negative	0.811383	0.188617
7JTK-U-E	Negative	0.917222	0.0827783
7JTK-N-F	Negative	0.814723	0.185277
7JTK-s-F	Negative	0.602796	0.397204
7JTK-u-F	Negative	0.714028	0.285972
7DVY-C-A	Negative	0.864638	0.135362
7CUI-B-A	Negative	0.665146	0.334854
7TTC-P-A	Negative	0.90112	0.0988801
7Y9C-C-A	Positive	0.427737	0.572263
7PWG-l-X	Negative	0.466792	0.533208
7W57-C-R	Positive	0.256181	0.743819
7SAX-E-A	Negative	0.964617	0.0353831
7SAX-G-A	Negative	0.961112	0.0388884
7YQ7-I-A	Negative	0.885414	0.114586
7YQ7-J-A	Negative	0.936036	0.0639645
7T1L-C-A	Negative	0.507964	0.492036
7B4V-B-C	Negative	0.730382	0.269618
7ZW4-B-A	Negative	0.857115	0.142885
7VGA-A-B	Negative	0.886226	0.113774
7UQC-C-A	Positive	0.101259	0.898741
7UQC-F-D	Positive	0.101259	0.898741
7TM3-B-C	Negative	0.470149	0.529851
7E9K-C-A	Positive	0.35325	0.64675
7E9K-F-D	Negative	0.505816	0.494184
7ZJS-E-A	Negative	0.509219	0.490781
7VGX-L-R	Positive	0.440345	0.559655
7QS8-C-A	Negative	0.536509	0.463491
7MJ8-C-A	Negative	0.481493	0.518507
7EIB-D-A	Positive	0.207942	0.792058
7LPS-C-B	Positive	0.412871	0.587129
7LPS-F-E	Positive	0.407369	0.592631
7NDX-B-A	Negative	0.623713	0.376287
7R4F-Y-M	Negative	0.96759	0.0324097
7YOO-L-R	Negative	0.564515	0.435485
7JFL-C-A	Negative	0.661993	0.338007
7JFL-D-A	Negative	0.762984	0.237016
7AM7-P-C	Positive	0.385475	0.614525
7SJP-E-H	Positive	0.355736	0.644264
7SQV-C-A	Negative	0.800303	0.199697
7SQV-B-A	Positive	0.173543	0.826457
7SQV-D-A	Negative	0.803801	0.196199
7R2T-B-A	Positive	0.334059	0.665941
7BJN-B-A	Negative	0.705813	0.294187
7JQD-B-A	Negative	0.586102	0.413898
7NQC-B-A	Positive	0.128857	0.871143
7V35-P-R	Negative	0.700222	0.299778
7SSO-A-e	Negative	0.671672	0.328328
7LFL-C-A	Negative	0.630654	0.369346
7BYE-A-B	Negative	0.678848	0.321152
7QSO-s-E	Positive	0.444821	0.555179
7QSO-Y-M	Negative	0.891662	0.108338
7UJP-C-A	Positive	0.315988	0.684012
7UJP-D-A	Positive	0.135971	0.864029
7SAY-E-A	Negative	0.624641	0.375359
7SAY-F-C	Negative	0.537219	0.462781
7AGB-I-A	Negative	0.590205	0.409795
7K2J-P-B	Positive	0.400372	0.599628
7USQ-F-A	Positive	0.396639	0.603361
7SL7-I-A	Negative	0.930667	0.069333
7S02-C-A	Negative	0.513131	0.486869
7EKK-P-H	Negative	0.474507	0.525493
7RG4-B-E	Positive	0.217207	0.782793
7QSL-c-N	Negative	0.830113	0.169887
7LV0-A-e	Negative	0.63647	0.36353
7KGS-C-A	Negative	0.643072	0.356928
7K2C-P-A	Negative	0.570153	0.429847
7S8L-A-R	Positive	0.361359	0.638641
7C9O-A-B	Negative	0.68138	0.31862
7ACW-B-A	Negative	0.702326	0.297674
7ACW-D-A	Negative	0.757585	0.242415
7DDM-E-A	Negative	0.769484	0.230516
7VV4-L-R	Positive	0.309987	0.690013
7QXW-e-V	Negative	0.596398	0.403602
7S8S-C-A	Negative	0.760468	0.239532
7SZ5-C-A	Negative	0.776206	0.223794
7MSC-1-3	Positive	0.437377	0.562623
7PFZ-C-B	Positive	0.29836	0.70164
7AE7-b-A	Negative	0.704847	0.295153
7K2D-P-B	Positive	0.290607	0.709393
7QTW-B-A	Negative	0.515083	0.484917
7T0V-G-A	Negative	0.550515	0.449485
7F7O-B-A	Negative	0.511147	0.488853
7Z73-B-E	Negative	0.76581	0.23419
7Z73-C-E	Negative	0.743759	0.256241
7Z73-D-E	Negative	0.753969	0.246031
7Z73-A-F	Negative	0.710712	0.289288
7AQW-i-g	Negative	0.945498	0.054502
7TZK-C-A	Positive	0.44996	0.55004
7E9H-C-B	Negative	0.800405	0.199595
7VD7-B-A	Negative	0.817346	0.182654
7O5S-P-A	Positive	0.371687	0.628313
7W0S-A-B	Negative	0.547805	0.452195
7MBX-P-R	Negative	0.704049	0.295951
7O4K-F-A	Negative	0.816715	0.183285
7NAD-V-w	Negative	0.808212	0.191788
7QUV-C-B	Negative	0.565099	0.434901
7VRJ-A-L	Negative	0.913293	0.0867066
7VRJ-7-L	Negative	0.913293	0.0867066
7VRJ-9-L	Negative	0.925496	0.0745037
7VRJ-P-M	Negative	0.92753	0.0724703
7VRJ-E-H	Negative	0.906934	0.0930659
7VRJ-G-D	Negative	0.920835	0.0791653
7VRJ-J-F	Negative	0.927013	0.0729873
7VRJ-T-S	Negative	0.920835	0.0791653
7VRJ-Z-W	Negative	0.930729	0.0692707
7VRJ-4-3	Negative	0.92753	0.0724703
7V8Q-H-C	Positive	0.33329	0.66671
7BZU-D-A	Negative	0.608569	0.391431
7T56-C-A	Negative	0.750137	0.249863
7TL7-a-A	Negative	0.481409	0.518591
7CLV-C-A	Negative	0.806733	0.193267
7MSO-E-A	Positive	0.249116	0.750884
7PLL-B-A	Positive	0.198418	0.801582
7ABH-L-F	Negative	0.677393	0.322607
7ABH-7-T	Negative	0.6026	0.3974
7DRN-E-A	Negative	0.933824	0.066176
7Q5X-B-A	Negative	0.877575	0.122425
7X9E-E-A	Negative	0.584918	0.415082
7NM9-P-A	Negative	0.630822	0.369178
7MFR-P-A	Positive	0.394207	0.605793
7O31-P-L	Negative	0.46494	0.53506
7JK7-A-B	Positive	0.210408	0.789592
7ZYV-G-A	Negative	0.938151	0.0618487
7ZYV-Q-A	Negative	0.762031	0.237969
7ZYV-O-I	Negative	0.944148	0.0558519
7ZYV-P-I	Negative	0.948846	0.0511538
7X7N-H-B	Negative	0.836077	0.163923
7EU1-L-B	Negative	0.693781	0.306219
7Y99-B-A	Negative	0.623394	0.376606
7S3D-J-A	Negative	0.936981	0.0630191
7D2Q-D-A	Negative	0.864182	0.135818
7KLZ-C-A	Positive	0.115799	0.884201
7E6P-A-L	Negative	0.779625	0.220375
7ZL7-D-A	Negative	0.78761	0.21239
7E5E-E-A	Negative	0.820919	0.179081
7MB8-E-A	Negative	0.691279	0.308721
7UIQ-D-A	Negative	0.603464	0.396536
7P33-J-A	Negative	0.545276	0.454724
7P33-H-B	Negative	0.70677	0.29323
7P33-F-B	Negative	0.690582	0.309418
7P33-I-D	Negative	0.612133	0.387867
7Q50-B-A	Positive	0.442998	0.557002
7VVO-P-R	Negative	0.635477	0.364523
7LWB-D-A	Negative	0.684494	0.315506
7XFG-B-A	Negative	0.905156	0.0948438
7W5R-H-E	Negative	0.547305	0.452695
7RJE-I-K	Negative	0.905424	0.0945764
7CIS-C-A	Positive	0.383441	0.616559
7RUG-L-A	Negative	0.459717	0.540283
7LUL-B-A	Positive	0.411645	0.588355
7RTI-D-C	Negative	0.548896	0.451104
7C52-8-L	Negative	0.944608	0.0553917
7C52-E-H	Negative	0.945009	0.0549911
7C52-R-O	Negative	0.944608	0.0553917
7ZIT-C-A	Positive	0.142959	0.857041
7AD9-A-B	Negative	0.828749	0.171251
7A4Y-D-B	Negative	0.67234	0.32766
7A4Y-E-B	Negative	0.621981	0.378019
7EMA-C-A	Negative	0.714511	0.285489
7EGT-D-A	Negative	0.88485	0.11515
7UDM-C-A	Negative	0.5	0.5
7PKQ-u-B	Positive	0.227335	0.772665
7KQ1-B-A	Positive	0.147111	0.852889
7KQ1-F-E	Positive	0.211496	0.788504
7RG6-C-A	Positive	0.327832	0.672168
7RG6-D-A	Positive	0.230793	0.769207
7JSX-x-A	Negative	0.555926	0.444074
7F7G-C-A	Negative	0.613307	0.386693
7AA9-B-A	Negative	0.603226	0.396774
7AA9-F-A	Negative	0.588072	0.411928
7TT6-C-D	Negative	0.924167	0.0758334
7W5M-B-A	Negative	0.683746	0.316254
7JQC-F-D	Negative	0.660054	0.339946
7F16-P-R	Negative	0.939958	0.0600425
7OIE-4-r	Positive	0.243557	0.756443
7ZRR-B-A	Negative	0.544914	0.455086
7UFG-C-A	Negative	0.632061	0.367939
7UFG-D-B	Positive	0.335848	0.664152
7RGP-P-R	Negative	0.828114	0.171886
7YXR-R-A	Negative	0.668504	0.331496
7YXR-S-A	Negative	0.668504	0.331496
7OUP-F-A	Positive	0.39567	0.60433
7ANK-C-A	Negative	0.649788	0.350212
7ATN-D-A	Negative	0.904477	0.095523
7BR7-B-K	Negative	0.915939	0.0840615
7BR7-O-K	Negative	0.91053	0.0894705
7XK8-P-R	Negative	0.669141	0.330859
7EDO-C-A	Negative	0.622242	0.377758
7VV0-L-R	Positive	0.368215	0.631785
7Y60-K-L	Negative	0.84968	0.15032
7YC2-F-A	Negative	0.849305	0.150695
7R0J-A-C	Negative	0.529489	0.470511
7XHN-o-I	Negative	0.798739	0.201261
7CPO-C-A	Negative	0.818631	0.181369
7MVZ-C-A	Negative	0.540212	0.459788
7F8X-C-A	Positive	0.368863	0.631137
7K48-E-A	Positive	0.377502	0.622498
7QOH-j-A	Negative	0.812876	0.187124
7QOH-l-B	Negative	0.566813	0.433187
7QOH-m-C	Negative	0.866022	0.133978
7AUE-C-R	Positive	0.335388	0.664612
7E32-G-B	Negative	0.847631	0.152369
7Q4P-1-A	Positive	0.44662	0.55338
7M76-K-A	Negative	0.937095	0.0629048
7LBM-w-A	Negative	0.791092	0.208908
7BRI-L-A	Negative	0.654044	0.345956
7P0T-C-A	Negative	0.863206	0.136794
7SHL-R-A	Negative	0.837482	0.162518
7VCQ-K-A	Positive	0.286779	0.713221
7XXJ-D-A	Negative	0.698588	0.301412
7U0A-A-H	Negative	0.474188	0.525812
7TZ6-I-A	Negative	0.772613	0.227387
7YX8-F-A	Positive	0.347226	0.652774
7YX8-H-A	Positive	0.310032	0.689968
7QRM-G-A	Negative	0.949488	0.0505116
7SQA-C-B	Negative	0.882544	0.117456
7RM0-P-A	Positive	0.39936	0.60064
7RM0-Q-C	Positive	0.308204	0.691796
7RM0-R-E	Positive	0.413215	0.586785
7XHB-B-A	Negative	0.937313	0.0626866
7RJK-C-A	Negative	0.818556	0.181444
7TS0-U-P	Negative	0.740026	0.259974
7CTT-D-A	Negative	0.83292	0.16708
7C1M-B-A	Positive	0.418632	0.581368
7ZVC-C-A	Positive	0.389004	0.610996
7LX0-T-G	Negative	0.969285	0.0307151
7QY5-F-B	Negative	0.454662	0.545338
7QY5-G-D	Positive	0.426498	0.573502
7E11-B-A	Negative	0.48547	0.51453
7JWQ-V-A	Negative	0.473511	0.526489
7CDD-C-A	Positive	0.23116	0.76884
7FIN-P-R	Negative	0.736329	0.263671
7X6V-B-A	Negative	0.710483	0.289517
7K2M-P-A	Positive	0.29876	0.70124
7O5H-U-K	Negative	0.59672	0.40328
7D9V-C-A	Negative	0.720153	0.279847
7D9V-D-B	Negative	0.690791	0.309209
7XHA-B-A	Negative	0.914666	0.0853344
7A0R-2-C	Positive	0.303816	0.696184
7FB9-N-B	Positive	0.376063	0.623937
7EMC-C-A	Negative	0.875416	0.124584
7JYA-D-A	Positive	0.208286	0.791714
7JYA-F-A	Positive	0.282984	0.717016
7JYA-E-B	Positive	0.255936	0.744064
7F6H-L-A	Positive	0.228099	0.771901
7F6H-D-C	Negative	0.891752	0.108248
7UJS-B-A	Positive	0.427125	0.572875
7JGB-b-a	Negative	0.869084	0.130916
7JGB-d-a	Negative	0.940031	0.0599688
7VSI-B-A	Negative	0.952492	0.0475085
7YXW-D-A	Positive	0.101515	0.898485
7K28-P-B	Negative	0.597659	0.402341
7CIR-C-A	Positive	0.278341	0.721659
7NKP-G-L	Negative	0.824227	0.175773
7NKP-H-L	Negative	0.925925	0.074075
7P02-P-R	Positive	0.426408	0.573592
7EGR-K-A	Positive	0.265912	0.734088
7EGR-N-F	Positive	0.265912	0.734088
7LG2-C-A	Negative	0.793085	0.206915
7UZO-B-A	Negative	0.88705	0.11295
7V7K-C-A	Positive	0.316163	0.683837
7M60-C-A	Positive	0.172412	0.827588
7M60-B-A	Positive	0.213797	0.786203
7NKK-C-G	Negative	0.578112	0.421888
7DEG-C-A	Negative	0.852506	0.147494
7KGQ-C-A	Negative	0.792184	0.207816
7CO7-C-D	Negative	0.640207	0.359793
7PWF-e-J	Negative	0.717904	0.282096
7PWF-d-D	Negative	0.831602	0.168398
7Q1E-P-A	Negative	0.684423	0.315577
7C41-D-A	Negative	0.623598	0.376402
7EWJ-C-A	Negative	0.697741	0.302259
7EWJ-F-D	Negative	0.734063	0.265937
7STX-C-A	Negative	0.643279	0.356721
7DF9-V-A	Positive	0.260426	0.739574
7T0L-C-A	Negative	0.722864	0.277136
7KGR-C-A	Negative	0.585431	0.414569
7RLX-P-B	Positive	0.355287	0.644713
7BY2-A-B	Negative	0.917583	0.0824168
7EBZ-D-A	Negative	0.639704	0.360296
7ML1-U-O	Negative	0.829043	0.170957
7ML1-V-O	Negative	0.670272	0.329728
7YF3-C-A	Positive	0.227251	0.772749
7YF3-D-B	Positive	0.232147	0.767853
7K76-P-A	Positive	0.162325	0.837675
7RMA-C-A	Negative	0.521734	0.478266
7XGJ-D-A	Negative	0.530563	0.469437
7XMT-C-S	Negative	0.836831	0.163169
7Q1F-P-A	Negative	0.744044	0.255956
7Q1F-V-R	Negative	0.734941	0.265059
7WFY-A-C	Positive	0.260714	0.739286
7Y65-L-D	Positive	0.340465	0.659535
7RJP-B-A	Positive	0.349684	0.650316
7Z42-Y-A	Positive	0.291311	0.708689
7Z42-G-A	Positive	0.253187	0.746813
7Z42-I-D	Positive	0.269876	0.730124
7E9S-B-A	Negative	0.597587	0.402413
7SWL-G-A	Negative	0.58466	0.41534
7X5Q-H-B	Positive	0.179588	0.820412
7MD5-M-A	Negative	0.80658	0.19342
7QV8-D-A	Negative	0.646859	0.353141
7PIU-P-R	Positive	0.331564	0.668436
7BDU-C-A	Positive	0.134701	0.865299
7BDU-D-A	Positive	0.122294	0.877706
7BDU-E-A	Positive	0.123158	0.876842
7B1H-C-B	Negative	0.916852	0.0831484
7B1H-D-B	Negative	0.888103	0.111897
7B1H-H-E	Negative	0.835583	0.164417
7W91-D-B	Negative	0.826501	0.173499
7T2U-E-A	Negative	0.854054	0.145946
7T2U-F-C	Negative	0.844546	0.155454
7SKL-B-A	Negative	0.799928	0.200072
7SKL-E-A	Negative	0.521175	0.478825
7RLV-P-B	Positive	0.353765	0.646235
7RLV-Q-F	Positive	0.351891	0.648109
7ZKY-A-B	Negative	0.760893	0.239107
7NNE-P-A	Negative	0.629549	0.370451
7M5L-E-A	Positive	0.253611	0.746389
7M5L-F-C	Positive	0.253611	0.746389
7QS9-C-A	Negative	0.549079	0.450921
7YOU-C-A	Negative	0.792412	0.207588
7YOU-B-A	Negative	0.832948	0.167052
7UDJ-G-H	Negative	0.648667	0.351333
7EDA-I-A	Negative	0.903326	0.0966737
7EDA-L-A	Negative	0.907286	0.0927135
7EDA-T-A	Negative	0.899962	0.100038
7EDA-M-B	Negative	0.922287	0.0777134
7CNC-B-A	Negative	0.576973	0.423027
7DFA-V-A	Positive	0.268248	0.731752
7SXG-B-A	Negative	0.916855	0.0831449
7K2A-P-A	Negative	0.624115	0.375885
7N0X-G-H	Negative	0.849442	0.150558
7QRU-e-B	Negative	0.97146	0.0285403
7OQW-P-A	Positive	0.324914	0.675086
7PRV-F-A	Negative	0.647596	0.352404
7M52-A-H	Positive	0.39456	0.60544
7OBD-B-A	Positive	0.277397	0.722603
7AEF-u-M	Negative	0.618258	0.381742
7BM9-B-A	Negative	0.787889	0.212111
7RFZ-B-A	Positive	0.268438	0.731562
7NHN-6-0	Negative	0.571702	0.428298
7NHN-7-I	Positive	0.173904	0.826096
7NHN-9-K	Positive	0.393789	0.606211
7KL0-C-A	Positive	0.289838	0.710162
7FIY-P-R	Negative	0.831217	0.168783
7OXK-B-A	Negative	0.803171	0.196829
7OXK-C-A	Negative	0.562283	0.437717
7WZN-J-A	Negative	0.913658	0.0863416
7D0J-J-A	Negative	0.889835	0.110165
7XUV-B-A	Negative	0.523901	0.476099
7QCO-J-A	Negative	0.958791	0.0412093
7QCO-M-B	Negative	0.941736	0.0582635
7QCO-Q-E	Negative	0.958791	0.0412093
7CDC-C-A	Positive	0.186087	0.813913
7YOM-B-A	Negative	0.628225	0.371775
7VNM-1-L	Negative	0.894847	0.105153
7VNM-B-H	Negative	0.921235	0.0787654
7VNM-V-S	Negative	0.92032	0.0796798
7VNM-C-U	Negative	0.932609	0.0673913
7VNM-2-W	Negative	0.945843	0.0541571
7EU4-O-A	Negative	0.454869	0.545131
7EU4-P-A	Positive	0.447788	0.552212
7ZCU-B-A	Negative	0.930771	0.0692288
7ZCU-R-A	Negative	0.930771	0.0692288
7ACV-C-A	Negative	0.720241	0.279759
7C8E-C-A	Positive	0.228255	0.771745
7C8E-D-B	Positive	0.135394	0.864606
7OXG-C-A	Negative	0.845987	0.154013
7OXG-D-B	Negative	0.845423	0.154577
7P71-C-A	Positive	0.309661	0.690339
7P71-D-B	Positive	0.373329	0.626671
7MB6-C-A	Negative	0.62405	0.37595
7BW2-J-A	Negative	0.961736	0.0382641
7BW2-K-A	Negative	0.937095	0.0629048
7BW2-I-B	Negative	0.935603	0.0643973
7BW2-M-B	Negative	0.950312	0.0496878
7BW2-X-B	Negative	0.903167	0.0968328
7RLY-Q-B	Positive	0.340121	0.659879
7RLY-P-D	Positive	0.352106	0.647894
7RLY-R-F	Positive	0.337117	0.662883
7F53-L-R	Negative	0.668727	0.331273
7SMD-B-A	Negative	0.665026	0.334974
7TT4-P-A	Negative	0.907821	0.0921785
7TO7-C-A	Negative	0.827697	0.172303
7PC3-C-A	Negative	0.536509	0.463491
7QGU-2-E	Negative	0.624557	0.375443
7QGU-3-F	Negative	0.615918	0.384082
7DK7-e-f	Negative	0.796883	0.203117
7NHL-6-0	Positive	0.43722	0.56278
7NHL-9-P	Positive	0.39061	0.60939
7XSJ-C-A	Negative	0.461499	0.538501
7JZZ-J-A	Negative	0.855706	0.144294
7R8X-C-A	Negative	0.576516	0.423484
7SID-B-A	Negative	0.746628	0.253372
7K5I-1-D	Negative	0.568494	0.431506
7K5I-e-J	Negative	0.475841	0.524159
7X5C-B-A	Negative	0.665262	0.334738
7VXX-A-B	Negative	0.899703	0.100297
7AK8-G-A	Negative	0.74676	0.25324
7AK8-H-A	Negative	0.74089	0.25911
7AK8-K-A	Negative	0.705185	0.294815
7AK8-J-C	Negative	0.698368	0.301632
7F6M-B-A	Negative	0.661435	0.338565
7K2B-P-B	Negative	0.578194	0.421806
7NAM-B-A	Negative	0.573838	0.426162
7Y26-C-E	Positive	0.332569	0.667431
7KEI-C-A	Negative	0.664454	0.335546
7OW3-C-A	Negative	0.831988	0.168012
7OW3-F-D	Negative	0.791694	0.208306
7OW3-I-G	Negative	0.692998	0.307002
7CDE-C-A	Positive	0.158666	0.841334
7MNV-B-A	Negative	0.510626	0.489374
7O1F-J-A	Positive	0.338641	0.661359
7O1F-O-F	Negative	0.467508	0.532492
7QTU-D-B	Positive	0.390451	0.609549
7BXV-A-L	Negative	0.464184	0.535816
7SA2-C-A	Negative	0.831556	0.168444
7AKO-C-A	Negative	0.559324	0.440676
7AKO-D-B	Negative	0.688264	0.311736
7MKK-C-B	Negative	0.726638	0.273362
7MKK-D-B	Negative	0.738152	0.261848
7MKK-F-B	Negative	0.809216	0.190784
7ZQC-J-A	Negative	0.876699	0.123301
7USO-F-A	Positive	0.446188	0.553812
7YK5-b-A	Negative	0.706756	0.293244
7YK5-i-J	Positive	0.14517	0.85483
7M53-A-H	Negative	0.567173	0.432827
7OUN-B-A	Negative	0.892981	0.107019
7YQ2-I-A	Negative	0.885414	0.114586
7YQ2-j-a	Negative	0.947744	0.0522558
7YQ2-y-c	Negative	0.957046	0.0429537
7F6G-L-A	Negative	0.608218	0.391782
7SME-B-A	Positive	0.441679	0.558321
7RPU-P-A	Negative	0.564506	0.435494
7EVR-B-A	Negative	0.708136	0.291864
7U0H-m-b	Negative	0.668159	0.331841
7MEY-F-A	Positive	0.317499	0.682501
7MNP-B-A	Negative	0.525281	0.474719
7OVC-B-A	Negative	0.814144	0.185856
7XL7-B-A	Negative	0.913025	0.0869747
7CFC-F-A	Negative	0.580158	0.419842
7CFC-I-D	Negative	0.68429	0.31571
7EGU-B-A	Positive	0.447691	0.552309
7FAX-B-A	Negative	0.870102	0.129898
7UY7-D-A	Negative	0.625347	0.374653
7QP6-F-D	Negative	0.608211	0.391789
7MLE-C-A	Negative	0.60475	0.39525
7PIK-E-D	Negative	0.695264	0.304736
7DSB-D-B	Negative	0.588338	0.411662
7Y3J-A-L	Negative	0.823021	0.176979
7Y8R-R-B	Negative	0.761139	0.238861
7Y8R-U-I	Negative	0.872816	0.127184
7Y46-E-C	Negative	0.823431	0.176569
7F60-F-B	Positive	0.399267	0.600733
7ETT-B-A	Positive	0.407504	0.592496
7DEE-B-A	Positive	0.423312	0.576688
7LJ0-A-B	Negative	0.911275	0.0887254
7U6E-G-E	Negative	0.808594	0.191406
7MGV-V-A	Negative	0.510747	0.489253
7MGV-T-A	Positive	0.236163	0.763837
7QYR-K-A	Positive	0.356414	0.643586
7QYR-T-B	Positive	0.355928	0.644072
7QYR-N-D	Positive	0.356899	0.643101
7YVB-P-A	Positive	0.371646	0.628354
7RLE-B-A	Negative	0.755874	0.244126
7RLE-D-C	Negative	0.471534	0.528466
7F4L-E-D	Negative	0.868366	0.131634
7BBL-F-A	Negative	0.597323	0.402677
7BBL-E-C	Negative	0.720224	0.279776
7R5R-L-A	Positive	0.238397	0.761603
7UYK-D-A	Negative	0.728901	0.271099
7L04-C-E	Positive	0.25633	0.74367
7D0Q-B-A	Negative	0.899791	0.100209
7ROV-E-A	Negative	0.84067	0.15933
7JN8-B-A	Negative	0.696081	0.303919
7USY-D-A	Negative	0.920672	0.079328
7KCL-C-A	Negative	0.860121	0.139879
7QH7-I-N	Negative	0.806541	0.193459
7QH7-V-U	Negative	0.752769	0.247231
7QH7-f-W	Negative	0.521442	0.478558
7QH7-1-3	Negative	0.815149	0.184851
7X5V-E-A	Negative	0.681898	0.318102
7SA3-E-A	Negative	0.829507	0.170493
7SA3-F-A	Negative	0.911125	0.0888745
7SA3-I-A	Negative	0.945036	0.0549638
7SA3-K-C	Negative	0.953299	0.0467006
7OH3-z-B	Negative	0.744397	0.255603
7A00-C-A	Positive	0.366085	0.633915
7YMI-I-A	Negative	0.892889	0.107111
7YMI-L-A	Negative	0.850506	0.149494
7YMI-T-A	Negative	0.935693	0.0643066
7YMI-M-B	Negative	0.932148	0.0678518
7YMI-K-C	Negative	0.955641	0.0443588
7YMI-F-D	Negative	0.952756	0.0472439
7YMI-X-D	Negative	0.841202	0.158798
7YMI-Y-Z	Negative	0.962212	0.037788
7S5J-B-A	Negative	0.738224	0.261776
7AST-A-N	Negative	0.74339	0.25661
7AST-C-B	Negative	0.700808	0.299192
7CQI-E-T	Negative	0.935338	0.0646623
7CQI-C-A	Negative	0.953597	0.0464028
7XHF-C-A	Negative	0.558046	0.441954
7XHF-D-B	Negative	0.566357	0.433643
7FAD-B-A	Negative	0.937606	0.0623939
7K2G-P-B	Positive	0.428425	0.571575
7DHG-B-C	Negative	0.824806	0.175194
7YOL-B-A	Positive	0.443449	0.556551
7S82-C-A	Negative	0.613115	0.386885
7LMM-G-B	Positive	0.312616	0.687384
7VFL-D-A	Positive	0.272687	0.727313
7VFL-G-C	Positive	0.280637	0.719363
7BQU-B-A	Negative	0.646104	0.353896
7OHI-B-A	Negative	0.623962	0.376038
7SG1-C-A	Positive	0.207781	0.792219
7USP-F-A	Negative	0.5	0.5
7VAZ-G-C	Positive	0.24489	0.75511
7VAZ-E-A	Positive	0.24489	0.75511
7A1I-B-A	Negative	0.687599	0.312401
7EG6-M-G	Positive	0.180374	0.819626
7NMD-F-D	Negative	0.820709	0.179291
7Z52-A-B	Negative	0.639675	0.360325
7SLW-G-A	Negative	0.5	0.5
7M78-K-A	Negative	0.937095	0.0629048
7STJ-D-A	Negative	0.883013	0.116987
7RAF-D-A	Negative	0.698028	0.301972
7Q4I-F-A	Positive	0.324673	0.675327
7Q4I-G-B	Positive	0.324673	0.675327
7F69-C-A	Positive	0.300395	0.699605
7S1M-P-R	Negative	0.825673	0.174327
7K2K-P-B	Positive	0.274963	0.725037
7YKF-B-A	Negative	0.516043	0.483957
7YKF-D-A	Positive	0.432002	0.567998
7MJ7-C-A	Negative	0.525082	0.474918
7PKS-M-b	Positive	0.228139	0.771861
7RN8-F-A	Negative	0.462689	0.537311
7L1B-C-A	Positive	0.413215	0.586785
7EV4-S-A	Negative	0.580242	0.419758
7OYE-B-A	Positive	0.424604	0.575396
7MSH-6-F	Negative	0.631879	0.368121
7MSH-H-X	Negative	0.873797	0.126203
7TF6-J-A	Negative	0.611707	0.388293
7ARM-V-C	Negative	0.639542	0.360458
7W29-P-A	Negative	0.727787	0.272213
7MQR-H-E	Negative	0.977482	0.0225179
7OXE-B-A	Positive	0.387373	0.612627
7ZWA-C-A	Negative	0.557234	0.442766
7F5M-C-A	Negative	0.599395	0.400605
7UMI-A-E	Positive	0.0572461	0.942754
7STK-D-A	Negative	0.876271	0.123729
7JU4-U-3	Negative	0.908188	0.0918122
7JU4-M-E	Negative	0.788062	0.211938
7NHT-c-A	Negative	0.792495	0.207505
7NHT-d-A	Negative	0.788201	0.211799
7PFY-D-B	Positive	0.381884	0.618116
7BAG-C-A	Negative	0.555904	0.444096
7CQH-A-B	Negative	0.799349	0.200651
7R86-C-A	Negative	0.533288	0.466712
7R86-D-A	Positive	0.421958	0.578042
7JN9-B-A	Negative	0.755463	0.244537
7SIS-C-A	Negative	0.861238	0.138762
7YIU-E-B	Negative	0.951342	0.0486578
7YXB-G-A	Negative	0.846019	0.153981
7YXB-H-C	Negative	0.90409	0.0959104
7OR5-B-A	Negative	0.490688	0.509312
7RCV-T-A	Negative	0.951231	0.0487691
7UJD-Z-A	Negative	0.69941	0.30059
7RTA-N-H	Negative	0.812128	0.187872
7TAU-1-A	Negative	0.56896	0.43104
7TAU-2-A	Negative	0.663983	0.336017
7TAU-3-D	Negative	0.5664	0.4336
7TAU-4-D	Negative	0.555419	0.444581
7TAU-5-G	Negative	0.592012	0.407988
7TAU-O-N	Negative	0.834112	0.165888
7EQD-A-L	Negative	0.88327	0.11673
7EQD-K-L	Negative	0.88327	0.11673
7O5B-h-g	Negative	0.85435	0.14565
7SFX-F-C	Positive	0.165722	0.834278
7VWO-D-A	Negative	0.794758	0.205242
7VWO-J-B	Negative	0.72699	0.27301
7OW4-C-A	Negative	0.803259	0.196741
7XXA-D-A	Negative	0.668822	0.331178
7S47-B-A	Positive	0.408369	0.591631
7AJQ-F-A	Negative	0.955313	0.0446871
7AJQ-G-A	Negative	0.960363	0.0396369
7XV4-B-A	Negative	0.665329	0.334671
7PPN-B-A	Positive	0.353638	0.646362
7URF-B-A	Negative	0.45594	0.54406
7RN7-F-A	Positive	0.412282	0.587718
7B1F-C-B	Negative	0.856568	0.143432
7C4J-G-B	Negative	0.711983	0.288017
7B93-s-E	Positive	0.397348	0.602652
7B93-c-O	Negative	0.865165	0.134835
7WZZ-C-A	Negative	0.776781	0.223219
7OS1-F-B	Positive	0.166673	0.833327
7LFJ-C-A	Negative	0.623812	0.376188
7S5G-C-B	Negative	0.5	0.5
7SL5-C-A	Positive	0.419128	0.580872
7KGO-C-A	Negative	0.694585	0.305415
7YCJ-B-A	Positive	0.411326	0.588674
7KD6-B-E	Negative	0.85346	0.14654
7KD6-F-E	Negative	0.802592	0.197408
7KD6-H-K	Negative	0.852863	0.147137
7KD6-T-W	Negative	0.879047	0.120953
7KD6-X-W	Negative	0.806908	0.193092
7U1R-C-A	Negative	0.781351	0.218649
7OYQ-C-A	Positive	0.388695	0.611305
7R8W-B-A	Negative	0.560446	0.439554
7UNF-r-k	Negative	0.908072	0.091928
7STF-C-H	Negative	0.856427	0.143573
7A5P-u-M	Negative	0.581681	0.418319
7T7T-W-A	Positive	0.285023	0.714977
7T7T-X-B	Positive	0.353709	0.646291
7KQ0-B-A	Positive	0.220556	0.779444
7KQ0-F-A	Positive	0.206206	0.793794
7KQ0-D-C	Positive	0.177763	0.822237
7TB1-C-A	Negative	0.671486	0.328514
7ZGP-F-A	Negative	0.462152	0.537848
7K7H-G-A	Negative	0.898672	0.101328
7UOA-B-A	Negative	0.482032	0.517968
7OE1-U-K	Positive	0.354626	0.645374
7OWR-E-B	Positive	0.194547	0.805453
7M2Y-U-D	Negative	0.613438	0.386562
7NPG-P-A	Negative	0.523743	0.476257
7UWI-F-A	Negative	0.833859	0.166141
7DVQ-y-3	Positive	0.167619	0.832381
7DNE-C-A	Negative	0.654509	0.345491
7TBT-B-A	Negative	0.778872	0.221128
7RNV-B-A	Negative	0.518548	0.481452
7OXY-B-A	Negative	0.860182	0.139818
7S2T-F-A	Positive	0.308514	0.691486
7S2T-H-C	Positive	0.353096	0.646904
7D6F-B-A	Negative	0.53196	0.46804
7UXK-B-A	Negative	0.742737	0.257263
7UJQ-C-A	Positive	0.315988	0.684012
7OHX-i-D	Negative	0.631083	0.368917
7L1U-L-R	Negative	0.764866	0.235134
7PO4-v-I	Negative	0.817533	0.182467
7CG4-f-b	Negative	0.888371	0.111629
7AZ8-H-A	Negative	0.60661	0.39339
7RSW-C-B	Negative	0.460302	0.539698
7BZO-D-A	Negative	0.627946	0.372054
7P9U-A-B	Negative	0.93388	0.0661201
7ETU-B-A	Positive	0.35054	0.64946
7PC7-E-A	Positive	0.353251	0.646749
7PC7-F-B	Negative	0.469645	0.530355
7ZL4-D-B	Negative	0.871421	0.128579
7VCF-N-A	Negative	0.928272	0.0717281
7YG3-B-A	Negative	0.820445	0.179555
7D8H-B-A	Negative	0.472148	0.527852
7QDW-B-A	Negative	0.596157	0.403843
7ULO-C-A	Negative	0.643828	0.356172
7TF9-J-A	Negative	0.483195	0.516805
7WXX-B-A	Negative	0.651254	0.348746
7SEO-F-A	Positive	0.412282	0.587718
7YON-L-R	Negative	0.7557	0.2443
7ABG-F-L	Negative	0.596173	0.403827
7ZY4-C-A	Positive	0.42517	0.57483
7ZY4-D-B	Positive	0.441069	0.558931
7Z4S-C-A	Negative	0.748121	0.251879
7ARX-C-B	Negative	0.654391	0.345609
7SUO-C-A	Positive	0.24449	0.75551
7SUO-D-B	Positive	0.305958	0.694042
7DNO-C-A	Negative	0.566006	0.433994
7ZGR-C-A	Negative	0.736189	0.263811
7AD0-H-A	Negative	0.688559	0.311441
7EP7-B-A	Positive	0.403331	0.596669
7QBI-I-A	Negative	0.806995	0.193005
7CJQ-C-A	Positive	0.346904	0.653096
7K2H-P-B	Positive	0.282696	0.717304
7VMW-C-A	Negative	0.482969	0.517031
7KME-L-H	Negative	0.645728	0.354272
7P0U-U-A	Negative	0.771343	0.228657
7P0U-E-A	Negative	0.848521	0.151479
7P0U-G-F	Negative	0.814811	0.185189
7ZZQ-U-A	Negative	0.773687	0.226313
7ZZQ-V-A	Negative	0.509672	0.490328
7ZZQ-W-B	Positive	0.334068	0.665932
7ZZQ-X-B	Negative	0.7741	0.2259
7ZZQ-Y-C	Positive	0.392324	0.607676
7ZZQ-Q-E	Negative	0.747337	0.252663
7ZZQ-R-E	Negative	0.715958	0.284042
7ZZQ-T-F	Negative	0.712664	0.287336
7ZZQ-S-G	Negative	0.735515	0.264485
7ZZQ-b-N	Negative	0.845402	0.154598
7ZZQ-a-O	Negative	0.536349	0.463651
7DFB-V-A	Positive	0.169155	0.830845
7VRC-B-A	Negative	0.752437	0.247563
7ZUC-C-A	Negative	0.827769	0.172231
7Z8E-B-A	Negative	0.567941	0.432059
7KNG-C-A	Negative	0.688957	0.311043
7C9R-6-L	Negative	0.887742	0.112258
7C9R-P-M	Negative	0.885039	0.114961
7C9R-B-H	Negative	0.867395	0.132605
7C9R-2-H	Negative	0.920307	0.0796932
7C9R-4-H	Negative	0.856709	0.143291
7C9R-0-H	Negative	0.920307	0.0796932
7C9R-G-D	Negative	0.920307	0.0796932
7C9R-N-I	Negative	0.908027	0.0919725
7C9R-R-O	Negative	0.87344	0.12656
7E8E-K-C	Negative	0.946361	0.053639
7E8E-L-D	Negative	0.926769	0.0732306
7UYJ-C-A	Negative	0.835268	0.164732
7RZZ-C-A	Negative	0.654559	0.345441
7QPH-E-A	Positive	0.444587	0.555413
7WCY-C-A	Negative	0.841313	0.158687
7N19-C-A	Positive	0.264559	0.735441
7N19-F-D	Positive	0.264559	0.735441
7N19-L-J	Positive	0.264559	0.735441
7QRD-M-A	Positive	0.23436	0.76564
7QRD-L-C	Positive	0.23436	0.76564
7LEW-B-A	Positive	0.414735	0.585265
7Y8A-I-8	Negative	0.951358	0.0486417
7YNJ-B-A	Negative	0.945866	0.0541338
7NMI-A-B	Negative	0.764851	0.235149
7Q44-B-A	Positive	0.352114	0.647886
7Q44-D-C	Positive	0.349488	0.650512
7Z36-C-A	Negative	0.895139	0.104861
7Z36-D-A	Negative	0.940691	0.0593086
7Z36-S-A	Negative	0.907023	0.0929771
7DU5-C-A	Negative	0.694063	0.305937
7CNA-B-A	Negative	0.82115	0.17885
7CNA-C-A	Positive	0.212948	0.787052
7CNA-E-D	Negative	0.850638	0.149362
7CNA-F-D	Positive	0.231769	0.768231
7TBH-a-A	Negative	0.535541	0.464459
7QTP-B-A	Negative	0.461405	0.538595
7CYL-B-A	Positive	0.373728	0.626272
7YOH-P-A	Negative	0.681459	0.318541
7P72-B-A	Positive	0.335077	0.664923
7OOD-2-e	Negative	0.477895	0.522105
7UHE-B-A	Negative	0.462091	0.537909
7UHE-D-A	Positive	0.408755	0.591245
7TB2-B-A	Negative	0.711494	0.288506
7RK3-B-A	Negative	0.720827	0.279173
7P0A-C-A	Negative	0.48771	0.51229
7YNI-B-A	Negative	0.956942	0.0430579
7JGC-b-a	Negative	0.90671	0.0932904
7WVX-L-R	Negative	0.676497	0.323503
7K3K-B-A	Positive	0.25825	0.74175
7S1B-C-A	Negative	0.596757	0.403243
7UM3-B-I	Positive	0.264691	0.735309
7UM3-A-H	Positive	0.220917	0.779083
7JYW-C-A	Positive	0.405266	0.594734
7DFC-V-A	Positive	0.220783	0.779217
7UGW-E-A	Positive	0.320982	0.679018
7M5M-D-A	Positive	0.330782	0.669218
7OKP-E-A	Positive	0.374639	0.625361
7NVR-s-c	Negative	0.768369	0.231631
7UJV-A-B	Negative	0.848892	0.151108
7R4G-Y-M	Negative	0.96759	0.0324097
7MJ9-C-A	Negative	0.812422	0.187578
7EJN-C-A	Negative	0.614542	0.385458
7R6K-g-I	Negative	0.508037	0.491963
7R6K-r-l	Negative	0.510655	0.489345
7EXE-C-A	Positive	0.0630948	0.936905
7T70-C-A	Negative	0.544168	0.455832
7VY3-A-L	Negative	0.925922	0.0740783
7VY3-B-L	Negative	0.928565	0.0714354
7VY3-1-M	Negative	0.929034	0.0709661
7VY3-Z-V	Negative	0.944901	0.0550988
7VCN-C-A	Negative	0.478076	0.521924
7BP5-C-A	Positive	0.320871	0.679129
7NDY-G-A	Negative	0.671595	0.328405
7KQK-C-A	Negative	0.740196	0.259804
7JFO-x-A	Negative	0.606311	0.393689
7N89-C-A	Negative	0.822299	0.177701
7DTY-P-R	Negative	0.825954	0.174046
7CO5-G-H	Negative	0.594626	0.405374
7CO5-K-D	Negative	0.785779	0.214221
7UXQ-C-A	Negative	0.765055	0.234945
7UXQ-D-A	Negative	0.765055	0.234945
7R5A-C-A	Negative	0.754868	0.245132
7R5A-D-B	Negative	0.746287	0.253713
7OQY-Q-A	Negative	0.804735	0.195265
7XL4-G-C	Negative	0.832798	0.167202
7Z10-h-a	Negative	0.894817	0.105183
7EYC-P-L	Negative	0.517995	0.482005
7EYC-Q-H	Negative	0.702676	0.297324
7VFM-E-A	Positive	0.291331	0.708669
7VFM-G-C	Positive	0.298744	0.701256
7VDM-L-R	Positive	0.303888	0.696112
7BED-B-A	Negative	0.549765	0.450235
7BPY-B-A	Negative	0.607424	0.392576
7TAN-K-C	Positive	0.212744	0.787256
7ASE-D-t	Positive	0.164932	0.835068
7TMY-A-I	Positive	0.082951	0.917049
7UML-D-A	Negative	0.698779	0.301221
7UML-E-A	Negative	0.645615	0.354385
7UML-F-B	Negative	0.611701	0.388299
7UZP-B-A	Negative	0.816897	0.183103
7UZP-D-A	Negative	0.816897	0.183103
7UZP-F-A	Negative	0.77567	0.22433
7TC4-C-A	Positive	0.344234	0.655766
7Z8M-X-V	Negative	0.579057	0.420943
7AU6-D-A	Negative	0.919621	0.0803791
7NKD-D-A	Negative	0.87884	0.12116
7NKD-E-A	Negative	0.903589	0.0964105
7NKD-B-d	Negative	0.896842	0.103158
7NKD-C-d	Negative	0.889695	0.110305
7D8D-D-A	Positive	0.159151	0.840849
7NXE-C-A	Negative	0.6464	0.3536
7MDX-E-A	Negative	0.456448	0.543552
7VOY-2-Y	Negative	0.92032	0.0796798
7VOY-5-4	Negative	0.921235	0.0787654
7DVW-C-A	Negative	0.710732	0.289268
7OBS-B-A	Positive	0.435117	0.564883
7EJL-C-A	Negative	0.470484	0.529516
7KNU-P-E	Negative	0.719737	0.280263
7XVZ-C-A	Negative	0.707385	0.292615
7QIK-F-A	Positive	0.167503	0.832497
7QIK-E-B	Positive	0.14057	0.85943
7D2G-B-A	Negative	0.832116	0.167884
7D2G-C-A	Negative	0.879378	0.120622
7UTS-D-E	Negative	0.730355	0.269645
7Z1K-B-A	Positive	0.315923	0.684077
7MHZ-B-A	Negative	0.472699	0.527301
7RLZ-P-B	Positive	0.353092	0.646908
7LFK-C-A	Negative	0.545667	0.454333
7TZF-P-E	Negative	0.646514	0.353486
7OKN-B-A	Negative	0.493236	0.506764
7E20-C-A	Negative	0.873789	0.126211
7TA7-C-A	Positive	0.329737	0.670263
7TA7-D-A	Positive	0.351248	0.648752
7R6H-C-A	Negative	0.915383	0.084617
7XQS-C-A	Negative	0.707502	0.292498
7UKG-I-A	Negative	0.89814	0.10186
7JYU-C-A	Negative	0.788662	0.211338
7W55-C-R	Positive	0.433225	0.566775
7MJ5-A-H	Negative	0.919219	0.0807812
7MJ5-Q-H	Negative	0.90151	0.0984899
7MJ5-P-C	Negative	0.918748	0.0812519
7NW0-3-0	Negative	0.885012	0.114988
7B9V-c-A	Negative	0.670882	0.329118
7TL8-B-A	Negative	0.764753	0.235247
7LFC-B-A	Negative	0.526331	0.473669
7QIX-K-E	Negative	0.810082	0.189918
7QIX-X-H	Positive	0.239459	0.760541
7QIX-W-M	Positive	0.431054	0.568946
7MNU-B-A	Negative	0.664975	0.335025
7O07-P-A	Positive	0.396659	0.603341
7NUF-C-A	Negative	0.477201	0.522799
7YML-A-L	Negative	0.948786	0.0512144
7YML-W-M	Negative	0.926884	0.0731163
7YML-Y-M	Negative	0.911965	0.0880345
7YML-B-H	Negative	0.913415	0.0865852
7YML-G-H	Negative	0.92562	0.0743798
7YML-Z-V	Negative	0.954936	0.0450639
7RJN-C-A	Positive	0.386382	0.613618
7LF4-B-A	Negative	0.529973	0.470027
7LF4-E-A	Positive	0.196131	0.803869
7LF4-D-C	Positive	0.305436	0.694564
7ZRP-B-A	Negative	0.636177	0.363823
7EA7-C-B	Negative	0.595257	0.404743
7O3J-C-A	Negative	0.518384	0.481616
8KDE-L-B	Negative	0.919949	0.0800508
8KDE-M-B	Negative	0.905969	0.0940315
8KDE-F-D	Negative	0.920996	0.0790037
8KDE-K-D	Negative	0.942702	0.057298
8KDE-T-D	Negative	0.937382	0.0626179
8KDE-1-D	Negative	0.858354	0.141646
8YDS-A-B	Negative	0.839165	0.160835
8WRZ-V-A	Negative	0.584592	0.415408
8VLW-F-A	Negative	0.860558	0.139442
8VLW-G-A	Negative	0.872698	0.127302
8RYN-C-A	Negative	0.586839	0.413161
8SG8-N-B	Negative	0.605874	0.394126
8GOO-G-A	Negative	0.467775	0.532225
8P6P-x-B	Negative	0.621479	0.378521
8TUV-B-A	Positive	0.257923	0.742077
8TUV-C-A	Positive	0.220752	0.779248
8VJV-D-A	Positive	0.374503	0.625497
8TTL-D-A	Negative	0.746837	0.253163
8PR3-E-B	Negative	0.580481	0.419519
8VRL-c-e	Positive	0.437127	0.562873
8GWS-C-A	Negative	0.796259	0.203741
8XI5-R-A	Positive	0.405127	0.594873
8XI5-M-B	Positive	0.341744	0.658256
8W8X-L-R	Negative	0.566626	0.433374
8E8I-C-A	Negative	0.5	0.5
8PFE-B-A	Positive	0.290335	0.709665
8QDV-C-A	Positive	0.449864	0.550136
8QDV-F-E	Positive	0.200696	0.799304
8A19-B-A	Negative	0.663598	0.336402
8HR0-D-B	Positive	0.368131	0.631869
8Q24-C-A	Positive	0.206334	0.793666
8AFE-G-B	Negative	0.754089	0.245911
8AFE-H-I	Negative	0.773495	0.226505
8YM2-B-A	Negative	0.685204	0.314796
8IYK-O-J	Negative	0.825602	0.174398
8I0N-V-A	Positive	0.379937	0.620063
8TEW-A-E	Negative	0.933841	0.0661587
8TEW-C-E	Negative	0.945811	0.054189
8EQM-E-A	Negative	0.883055	0.116945
8EQM-F-A	Negative	0.911125	0.0888745
8EQM-I-A	Negative	0.895692	0.104308
8EQM-L-A	Negative	0.906839	0.0931606
8EQM-M-A	Negative	0.945654	0.0543459
8EQM-T-A	Negative	0.957268	0.0427316
8EQM-X-D	Negative	0.852502	0.147498
8YYT-C-A	Negative	0.857961	0.142039
8JZW-F-C	Negative	0.601302	0.398698
8JZW-E-C	Negative	0.607343	0.392657
8G8D-P-H	Negative	0.798071	0.201929
8HKW-C-A	Positive	0.0547354	0.945265
8W5K-E-F	Negative	0.883823	0.116177
8F9W-O-A	Positive	0.126153	0.873847
8F9W-R-G	Positive	0.129773	0.870227
8KET-H-F	Negative	0.533032	0.466968
8C2Y-P-A	Positive	0.410669	0.589331
8WKK-K-E	Negative	0.899169	0.100831
8WKK-b-P	Negative	0.556077	0.443923
8WKK-c-Q	Positive	0.385548	0.614452
8WKK-d-Q	Negative	0.667108	0.332892
8EI5-E-A	Negative	0.774726	0.225274
8EI5-G-C	Negative	0.899855	0.100145
8G4I-e-J	Negative	0.505657	0.494343
8G4I-f-d	Negative	0.531886	0.468114
8RUV-B-A	Negative	0.877575	0.122425
8RJC-2-1	Negative	0.881111	0.118889
8RJC-9-6	Negative	0.853954	0.146046
8RJC-4-R	Negative	0.46159	0.53841
8X2X-L-N	Positive	0.386089	0.613911
8IBP-C-A	Negative	0.697589	0.302411
8ZIA-J-I	Negative	0.938529	0.0614713
8VIS-A-B	Positive	0.392262	0.607738
8VIS-C-D	Negative	0.603214	0.396786
8VIS-E-F	Positive	0.43374	0.56626
8VIS-G-H	Negative	0.54388	0.45612
8EW3-F-C	Negative	0.954028	0.0459718
8P2Z-A-C	Negative	0.944468	0.0555321
8CMJ-5-g	Negative	0.591655	0.408345
8CMJ-n-g	Negative	0.567465	0.432535
8C3H-D-A	Negative	0.454165	0.545835
8W2O-I-M	Negative	0.767761	0.232239
8GHM-J-A	Negative	0.773816	0.226184
8GHM-F-A	Negative	0.927176	0.0728235
8D8I-B-A	Negative	0.873462	0.126538
8Z58-B-A	Positive	0.373955	0.626045
8OIO-E-A	Positive	0.288782	0.711218
8ALM-P-B	Negative	0.828766	0.171234
8BQ8-E-B	Positive	0.172481	0.827519
8XQX-U-D	Positive	0.394292	0.605708
8U5G-C-A	Positive	0.224453	0.775547
8B8V-B-A	Negative	0.899792	0.100208
8BEA-P-R	Positive	0.332514	0.667486
8BFC-B-A	Positive	0.224561	0.775439
8HXQ-C-A	Negative	0.589025	0.410975
8HXQ-D-A	Negative	0.630235	0.369765
8YDV-A-B	Negative	0.899358	0.100642
8YDV-C-B	Negative	0.899358	0.100642
8TG9-C-A	Negative	0.721191	0.278809
8QM0-E-A	Positive	0.28164	0.71836
8F7R-P-R	Positive	0.366874	0.633126
8F7R-F-M	Negative	0.922944	0.0770558
8HE3-B-A	Positive	0.433862	0.566138
8KH4-D-C	Negative	0.915954	0.0840458
8WFN-F-E	Negative	0.94881	0.0511901
8WFN-H-E	Negative	0.871774	0.128226
8EYX-F-A	Negative	0.86736	0.13264
8JGF-L-R	Positive	0.323942	0.676058
8JBL-G-A	Negative	0.870477	0.129523
8JBL-E-A	Negative	0.93237	0.0676296
8K5O-2-C	Negative	0.936233	0.063767
8K5O-v-w	Negative	0.886776	0.113224
8K5O-5-6	Negative	0.903412	0.096588
8K5O-8-F	Negative	0.886776	0.113224
8T33-B-A	Negative	0.893063	0.106937
8QHU-U-Q	Negative	0.798051	0.201949
8ZDO-S-m	Negative	0.666461	0.333539
8VJX-C-A	Positive	0.431843	0.568157
8BRH-B-A	Negative	0.595312	0.404688
8VDV-L-A	Negative	0.494918	0.505082
8RN7-D-A	Negative	0.612824	0.387176
8RN7-E-A	Negative	0.804377	0.195623
8OZH-F-A	Negative	0.68352	0.31648
8K9I-R-C	Negative	0.867551	0.132449
8XGU-E-A	Negative	0.506504	0.493496
8ZWB-J-A	Negative	0.940718	0.0592815
8U4N-C-B	Negative	0.878963	0.121037
8SHI-C-A	Negative	0.507815	0.492185
8JG4-C-A	Positive	0.418322	0.581678
8OPS-B-A	Negative	0.458152	0.541848
8ZKQ-F-A	Negative	0.876126	0.123874
8ZKQ-C-B	Negative	0.876126	0.123874
8DPG-D-C	Negative	0.899757	0.100243
8Q7V-B-A	Negative	0.537697	0.462303
8Q7V-F-A	Negative	0.473063	0.526937
8Q7V-H-A	Positive	0.388537	0.611463
8D6Z-H-A	Negative	0.576744	0.423256
8D6Z-J-E	Negative	0.517524	0.482476
8SWI-B-A	Positive	0.142221	0.857779
8D5K-C-A	Negative	0.542678	0.457322
8ANB-P-A	Positive	0.255368	0.744632
8ENX-C-A	Negative	0.707166	0.292834
8USC-O-H	Negative	0.783847	0.216153
8USC-e-Y	Negative	0.708016	0.291984
8F7Q-P-R	Negative	0.751983	0.248017
8F7Q-F-M	Negative	0.906596	0.093404
8P9C-B-A	Negative	0.750309	0.249691
8SQZ-E-A	Negative	0.819592	0.180408
8IR3-r-b	Positive	0.445332	0.554668
8HDH-B-A	Negative	0.929481	0.0705189
8ZXR-B-A	Negative	0.531549	0.468451
8FY5-C-A	Negative	0.921058	0.0789421
8B1C-C-A	Negative	0.598191	0.401809
8UST-F-E	Negative	0.770084	0.229916
8H3M-D-A	Negative	0.5	0.5
8H3M-H-C	Negative	0.578032	0.421968
8T4H-C-A	Positive	0.344027	0.655973
8JGG-L-R	Positive	0.339626	0.660374
8XKV-O-A	Negative	0.887461	0.112539
8XKV-M-B	Negative	0.754292	0.245708
8XKV-L-C	Negative	0.890896	0.109104
8XKV-N-C	Negative	0.941374	0.0586263
8TXF-B-A	Negative	0.741471	0.258529
8FA6-P-H	Negative	0.539684	0.460316
8FA6-Q-A	Positive	0.149728	0.850272
8U8E-C-B	Negative	0.621877	0.378123
8IOD-L-R	Positive	0.350275	0.649725
8XQF-D-R	Positive	0.28859	0.71141
8EUI-8-X	Positive	0.383426	0.616574
8FU4-C-A	Negative	0.648082	0.351918
8CIR-C-A	Negative	0.558914	0.441086
8ANV-C-A	Negative	0.882055	0.117945
8ANV-F-A	Negative	0.834667	0.165333
8P9E-B-A	Negative	0.759793	0.240207
8EJS-C-B	Positive	0.243781	0.756219
8EXM-D-A	Positive	0.368127	0.631873
8V83-7-l	Negative	0.803662	0.196338
8YVU-A-B	Negative	0.878332	0.121668
8YVU-D-B	Negative	0.89338	0.10662
8YVU-E-F	Negative	0.878332	0.121668
8UIH-D-H	Negative	0.539256	0.460744
8H9L-J-A	Negative	0.798455	0.201545
8UHN-D-H	Positive	0.452367	0.547633
8KCV-C-A	Negative	0.772373	0.227627
8XKR-D-A	Negative	0.874304	0.125696
8XKR-E-A	Negative	0.878008	0.121992
8XKR-C-A	Negative	0.898789	0.101211
8XKR-F-B	Negative	0.876251	0.123749
8CBV-A-B	Negative	0.761843	0.238157
8FHU-C-A	Negative	0.938895	0.0611048
8WHX-J-1	Negative	0.927493	0.0725075
8RGR-s-2	Positive	0.424121	0.575879
8YT8-I-B	Negative	0.66832	0.33168
8W9P-r-R	Negative	0.747444	0.252556
8QPA-B-G	Negative	0.649383	0.350617
8DZ5-I-H	Positive	0.279713	0.720287
8VMG-C-A	Negative	0.78057	0.21943
8VMG-D-B	Negative	0.767479	0.232521
8GCW-P-A	Positive	0.369548	0.630452
8D52-B-A	Negative	0.82243	0.17757
8FVL-L-A	Negative	0.5	0.5
8RHH-T-K	Negative	0.685346	0.314654
8YAL-I-B	Negative	0.662807	0.337193
8Q1G-C-A	Positive	0.344141	0.655859
8FPQ-L-A	Negative	0.636475	0.363525
8YZ2-q-P	Negative	0.88743	0.11257
8YZ2-p-P	Negative	0.88743	0.11257
8YZ2-j-K	Negative	0.903991	0.0960085
8F1F-1-A	Negative	0.519202	0.480798
8D3Y-G-A	Negative	0.932586	0.0674135
8ON7-D-A	Positive	0.413986	0.586014
8TNQ-C-B	Negative	0.874448	0.125552
8PX6-M-B	Negative	0.585538	0.414462
8DJQ-E-A	Negative	0.546167	0.453833
8HGP-C-A	Negative	0.832988	0.167012
8UHG-X-V	Negative	0.553693	0.446307
8ES8-Z-D	Negative	0.936748	0.063252
8ES8-Y-D	Negative	0.965304	0.0346963
8F2B-P-E	Negative	0.603403	0.396597
8UO7-C-A	Positive	0.262897	0.737103
8YTH-B-A	Positive	0.243113	0.756887
8VJW-C-A	Negative	0.456409	0.543591
8VJW-D-A	Positive	0.387144	0.612856
8H9H-F-G	Negative	0.632804	0.367196
8WST-L-R	Negative	0.798186	0.201814
8JZV-B-A	Negative	0.832526	0.167474
8WXE-a-d	Negative	0.962307	0.0376927
8WXE-m-d	Negative	0.937239	0.0627608
8WXE-n-d	Negative	0.902669	0.0973307
8IOC-L-R	Negative	0.649438	0.350562
8CSU-3-5	Negative	0.751153	0.248847
8Q2Z-C-A	Positive	0.434346	0.565654
8TBP-E-A	Negative	0.940206	0.0597939
8Q3T-C-A	Positive	0.22807	0.77193
8I0Q-V-A	Positive	0.369652	0.630348
8CB5-C-A	Positive	0.370554	0.629446
8HLY-B-A	Positive	0.451852	0.548148
8V5U-B-A	Positive	0.294154	0.705846
8E1D-B-A	Negative	0.846432	0.153568
8QS3-K-A	Positive	0.165993	0.834007
8GCK-E-B	Negative	0.659927	0.340073
8TOW-I-A	Negative	0.886311	0.113689
8KB1-C-A	Negative	0.910619	0.0893814
8SO0-D-B	Negative	0.757167	0.242833
8FAX-L-A	Positive	0.408618	0.591382
8U9P-G-A	Negative	0.65411	0.34589
8YFO-P-R	Negative	0.935858	0.0641423
8K0G-y-A	Positive	0.249323	0.750677
8K0G-e-V	Negative	0.587603	0.412397
8TGC-C-B	Negative	0.627588	0.372412
8JRV-G-R	Negative	0.5572	0.4428
8C24-F-C	Negative	0.896926	0.103074
8WT0-B-A	Negative	0.739655	0.260345
8RTC-C-A	Positive	0.166472	0.833528
8HXY-P-K	Positive	0.419319	0.580681
8JLY-B-A	Negative	0.910769	0.0892307
8BE8-P-R	Positive	0.329821	0.670179
8OOP-H-C	Negative	0.846088	0.153912
8WFS-a-B	Negative	0.9086	0.0913997
8AI2-C-A	Negative	0.472754	0.527246
8XLI-p-a	Negative	0.925313	0.0746875
8FZJ-3-F	Negative	0.615595	0.384405
8S8E-l-k	Negative	0.869925	0.130075
8R0T-A-B	Negative	0.601372	0.398628
8I0H-F-A	Positive	0.362562	0.637438
8I0H-H-A	Negative	0.835789	0.164211
8YGU-A-B	Negative	0.66796	0.33204
8YGU-C-B	Negative	0.76668	0.23332
8ZCJ-D-C	Negative	0.860446	0.139554
8ZCJ-A-G	Positive	0.374069	0.625931
8IAP-s-E	Negative	0.616481	0.383519
8IGD-D-A	Negative	0.851272	0.148728
8IGD-C-B	Negative	0.868282	0.131718
8A5O-X-G	Negative	0.716902	0.283098
8WC8-Y-B	Negative	0.873433	0.126567
8AHS-C-A	Negative	0.794521	0.205479
8K7T-G-A	Negative	0.913986	0.0860135
8K7T-H-A	Negative	0.879469	0.120531
8AB0-C-D	Negative	0.890039	0.109961
8X01-D-B	Negative	0.862132	0.137868
8HXX-E-K	Positive	0.282412	0.717588
8YFM-B-A	Positive	0.449427	0.550573
8T2C-D-A	Positive	0.372261	0.627739
8S9I-G-A	Negative	0.852275	0.147725
8T4J-C-B	Negative	0.70994	0.29006
8SDX-C-A	Positive	0.358314	0.641686
8FBW-E-C	Negative	0.519674	0.480326
8FBW-F-A	Negative	0.534348	0.465652
8E2Z-C-A	Negative	0.612579	0.387421
8VMI-F-T	Positive	0.422953	0.577047
8VMI-I-C	Positive	0.276394	0.723606
8B64-E-e	Negative	0.913415	0.0865852
8B64-F-e	Negative	0.914706	0.0852938
8B64-a-b	Negative	0.954669	0.0453307
8B64-u-X	Negative	0.94166	0.0583396
8B64-r-L	Negative	0.927327	0.0726735
8B64-t-H	Negative	0.927327	0.0726735
8B64-R-o	Negative	0.933871	0.0661294
8B64-K-n	Negative	0.92562	0.0743798
8S6K-M-A	Positive	0.334477	0.665523
8EU9-Z-Q	Negative	0.741911	0.258089
8INE-T-4	Negative	0.514782	0.485218
8INE-s-4	Positive	0.328753	0.671247
8B19-C-A	Positive	0.446348	0.553652
8WDU-A-L	Negative	0.925496	0.0745037
8WDU-7-L	Negative	0.932193	0.0678066
8WDU-E-H	Negative	0.932171	0.0678293
8WDU-0-H	Negative	0.91835	0.0816503
8WDU-G-D	Negative	0.92346	0.0765396
8WDU-J-F	Negative	0.934891	0.065109
8WDU-X-U	Negative	0.932171	0.0678293
8CRT-P-L	Negative	0.907727	0.092273
8H4X-B-A	Negative	0.576551	0.423449
8V15-B-A	Positive	0.294154	0.705846
8ZPT-L-R	Negative	0.659277	0.340723
8GJF-E-B	Positive	0.236615	0.763385
8GJF-F-C	Positive	0.170551	0.829449
8P6I-A-H	Positive	0.265657	0.734343
8ZFI-z-e	Negative	0.745541	0.254459
8QPE-K-I	Negative	0.458728	0.541272
8RBV-C-A	Negative	0.938911	0.0610886
8RV1-B-A	Negative	0.887425	0.112575
8U9Z-G-A	Negative	0.650741	0.349259
8BSS-B-A	Negative	0.653247	0.346753
8XP1-C-Z	Negative	0.709675	0.290325
8FDD-P-A	Positive	0.205092	0.794908
8FA2-D-A	Negative	0.867085	0.132915
8YXM-B-A	Negative	0.853479	0.146521
8ZEJ-z-e	Negative	0.862463	0.137537
8XK1-C-A	Negative	0.899315	0.100685
8XK1-D-A	Negative	0.910163	0.0898366
8QXX-B-A	Positive	0.326733	0.673267
8CGU-U-K	Negative	0.585986	0.414014
8SGC-N-B	Negative	0.822075	0.177925
8TRL-C-A	Negative	0.465935	0.534065
8ZE8-E-A	Positive	0.340163	0.659837
8JZY-B-A	Negative	0.852676	0.147324
8PNF-4-1	Negative	0.580024	0.419976
8VSM-P-A	Positive	0.358582	0.641418
8P9D-A-E	Negative	0.77024	0.22976
8P9D-B-E	Negative	0.701868	0.298132
8P9D-D-F	Negative	0.744064	0.255936
8DVL-B-A	Negative	0.543562	0.456438
8TXW-K-H	Positive	0.18553	0.81447
8URQ-F-B	Negative	0.623649	0.376351
8OR4-B-A	Negative	0.824373	0.175627
8OR4-H-E	Negative	0.824867	0.175133
8B4I-E-A	Negative	0.958425	0.0415745
8B4I-G-A	Negative	0.834359	0.165641
8CA4-s-E	Negative	0.704977	0.295023
8CZK-C-A	Negative	0.58478	0.41522
8SIY-B-A	Negative	0.902042	0.0979584
8PBD-S-A	Negative	0.608402	0.391598
8JRJ-E-A	Negative	0.606812	0.393188
8B1T-A-C	Negative	0.720182	0.279818
8QP9-7-D	Positive	0.363044	0.636956
8QP9-L-D	Negative	0.635693	0.364307
8QP9-J-R	Negative	0.718797	0.281203
8QP9-X-S	Negative	0.70671	0.29329
8QU1-2-F	Positive	0.386786	0.613214
8QU1-6-P	Positive	0.438457	0.561543
8QU1-1-3	Negative	0.790536	0.209464
8BCV-J-A	Negative	0.907264	0.0927362
8GWH-E-A	Positive	0.243214	0.756786
8EQS-C-A	Negative	0.660994	0.339006
8VIO-g-F	Negative	0.5	0.5
8GQA-B-A	Negative	0.828378	0.171622
8T6M-G-C	Negative	0.80383	0.19617
8ESB-C-A	Negative	0.665439	0.334561
8EQ5-B-A	Positive	0.393273	0.606727
8TRR-C-A	Negative	0.894998	0.105002
8JOQ-B-A	Positive	0.289354	0.710646
8JMJ-M-A	Negative	0.777425	0.222575
8JMJ-N-B	Positive	0.35515	0.64485
8QFZ-B-A	Negative	0.739094	0.260906
8DZV-C-A	Negative	0.5	0.5
8P2I-P-B	Negative	0.812818	0.187182
8TBV-C-A	Negative	0.821689	0.178311
8GJ2-F-B	Negative	0.799781	0.200219
8VJC-C-A	Negative	0.890928	0.109072
8VJC-E-A	Negative	0.882083	0.117917
8UHL-B-A	Positive	0.329834	0.670166
8UHL-C-A	Positive	0.302945	0.697055
8SG7-C-B	Positive	0.31729	0.68271
8AM9-A-e	Positive	0.151652	0.848348
8XAG-C-A	Positive	0.3309	0.6691
8SE8-I-A	Positive	0.428123	0.571877
8SE8-X-A	Negative	0.548764	0.451236
8SE8-Y-B	Negative	0.523489	0.476511
8SE8-T-C	Negative	0.491661	0.508339
8SE8-G-D	Negative	0.479338	0.520662
8SE8-H-D	Negative	0.628465	0.371535
8SE8-J-E	Negative	0.524152	0.475848
8SE8-N-K	Negative	0.594348	0.405652
8SE8-O-K	Negative	0.514086	0.485914
8SE8-P-L	Positive	0.410882	0.589118
8SE8-U-Q	Negative	0.581638	0.418362
8SE8-V-R	Positive	0.410882	0.589118
8HJV-7-0	Negative	0.879777	0.120223
8HJV-9-0	Negative	0.879777	0.120223
8HJV-1-2	Negative	0.911372	0.0886281
8HJV-V-L	Negative	0.881929	0.118071
8HJV-Y-L	Negative	0.938433	0.0615666
8HJV-Z-L	Negative	0.847263	0.152737
8JFI-I-C	Negative	0.901425	0.0985748
8JFI-H-D	Negative	0.96832	0.0316804
8FUQ-C-A	Negative	0.792781	0.207219
8FUQ-D-A	Negative	0.817339	0.182661
8FUQ-F-A	Negative	0.807396	0.192604
8RSV-C-A	Positive	0.236634	0.763366
8RSV-E-B	Positive	0.213861	0.786139
8C2P-B-A	Positive	0.206054	0.793946
8JQT-C-A	Negative	0.518776	0.481224
8UDR-C-A	Negative	0.838552	0.161448
8ANO-E-A	Negative	0.603525	0.396475
8VID-F-G	Negative	0.650085	0.349915
8QLK-B-A	Positive	0.34397	0.65603
8X52-E-A	Negative	0.928877	0.0711234
8SUD-B-A	Positive	0.168107	0.831893
8TW6-Y-A	Negative	0.98545	0.0145503
8TW6-X-A	Negative	0.980499	0.0195015
8A5M-C-A	Negative	0.671115	0.328885
8A5M-E-B	Negative	0.785532	0.214468
8YFK-B-A	Positive	0.441019	0.558981
8ITG-B-A	Negative	0.539456	0.460544
8BFT-B-A	Positive	0.341491	0.658509
8AFI-B-A	Negative	0.81852	0.18148
8AFI-D-C	Negative	0.834785	0.165215
8AFI-F-E	Negative	0.880664	0.119336
8AFI-H-G	Negative	0.590291	0.409709
8AFI-J-I	Negative	0.866898	0.133102
8AFI-N-M	Negative	0.606408	0.393592
8AFI-P-O	Negative	0.506024	0.493976
8VSO-P-B	Positive	0.192472	0.807528
8P8W-Z-c	Positive	0.422324	0.577676
8P8W-X-s	Negative	0.628009	0.371991
8XNW-r-C	Negative	0.647682	0.352318
8XNW-s-E	Negative	0.549192	0.450808
8DGU-A-H	Negative	0.645515	0.354485
8CV4-D-A	Negative	0.620541	0.379459
8R8R-D-A	Negative	0.70674	0.29326
8FL8-8-X	Negative	0.913083	0.0869168
8RQC-B-A	Positive	0.428716	0.571284
8YG4-P-R	Negative	0.911181	0.0888186
8X95-D-A	Negative	0.535156	0.464844
8YW0-R-A	Positive	0.407246	0.592754
8F2A-P-E	Negative	0.626953	0.373047
8EZA-T-J	Negative	0.538939	0.461061
8Q1J-C-A	Positive	0.27172	0.72828
8KHF-I-3	Negative	0.834242	0.165758
8KHF-Q-3	Negative	0.773687	0.226313
8KHF-M-K	Negative	0.71219	0.28781
8KHF-T-K	Negative	0.839382	0.160618
8KHF-P-N	Negative	0.90421	0.0957897
8RHL-e-H	Negative	0.473176	0.526824
8EBM-C-A	Positive	0.152893	0.847107
8TO2-p-J	Negative	0.611027	0.388973
8QZM-K-A	Positive	0.426347	0.573653
8YGD-2-1	Negative	0.923426	0.0765743
8YGD-Z-1	Negative	0.938142	0.0618581
8YGD-a-1	Negative	0.919284	0.080716
8YGD-b-1	Negative	0.929956	0.0700442
8YGD-C-3	Negative	0.938516	0.0614841
8YGD-0-9	Negative	0.926637	0.0733631
8YGD-7-9	Negative	0.938213	0.0617872
8YGD-8-9	Negative	0.938516	0.0614841
8YGD-G-D	Negative	0.938516	0.0614841
8FA8-P-H	Positive	0.321236	0.678764
8K4D-C-A	Negative	0.525103	0.474897
8B9T-B-A	Positive	0.216451	0.783549
8CL0-H-A	Positive	0.3918	0.6082
8CSL-W-A	Negative	0.609307	0.390693
8CSL-R-V	Negative	0.923798	0.0762016
8CSL-a-e	Negative	0.93805	0.0619505
8CSL-S-Y	Negative	0.905591	0.0944087
8CSL-b-f	Negative	0.938789	0.0612106
8TQA-P-A	Positive	0.40135	0.59865
8S60-B-A	Negative	0.848159	0.151841
8GWJ-C-A	Negative	0.804664	0.195336
8IUN-V-W	Negative	0.879777	0.120223
8IUN-H-K	Negative	0.864198	0.135802
8IUN-7-0	Negative	0.864198	0.135802
8IUN-3-6	Negative	0.864198	0.135802
8IUN-1-4	Negative	0.879777	0.120223
8IUN-Y-M	Negative	0.938433	0.0615666
8IUN-Z-M	Negative	0.715351	0.284649
8HT9-C-A	Positive	0.230299	0.769701
8CS9-c-Y	Negative	0.905591	0.0944087
8ZDK-7-2	Negative	0.793865	0.206135
8P7Y-0-c	Positive	0.431969	0.568031
8ZJW-B-A	Negative	0.927972	0.0720277
8CGV-n-v	Negative	0.598167	0.401833
8CGV-h-w	Negative	0.916643	0.0833573
8EUY-T-C	Negative	0.807416	0.192584
8EUY-t-G	Negative	0.505325	0.494675
8EUY-r-H	Positive	0.41386	0.58614
8AGZ-d-T	Positive	0.293714	0.706286
8FHN-C-A	Negative	0.726881	0.273119
8SGF-Z-A	Positive	0.154869	0.845131
8S6A-P-A	Positive	0.388274	0.611726
8X8A-B-A	Positive	0.299717	0.700283
8T8R-B-A	Negative	0.873251	0.126749
8D51-B-A	Negative	0.853152	0.146848
8UUI-D-B	Negative	0.5	0.5
8J3S-E-A	Negative	0.830722	0.169278
8OVC-Y-M	Positive	0.388824	0.611176
8OVC-c-G	Positive	0.352544	0.647456
8BEP-D-B	Negative	0.793627	0.206373
8DGK-B-A	Negative	0.708025	0.291975
8WEC-C-A	Positive	0.102955	0.897045
8BI7-B-A	Positive	0.305499	0.694501
8AQN-C-A	Negative	0.829294	0.170706
8J7A-J-2	Negative	0.915236	0.084764
8GW4-C-A	Negative	0.668331	0.331669
8DO8-E-A	Negative	0.526812	0.473188
8DO8-F-C	Negative	0.603204	0.396796
8C42-B-A	Positive	0.371412	0.628588
8ZEH-i-E	Negative	0.92764	0.0723601
8ZEH-m-E	Negative	0.965249	0.0347509
8R60-X-A	Positive	0.273267	0.726733
8AI4-C-A	Positive	0.379933	0.620067
8OG0-P-L	Positive	0.420075	0.579925
8W9Q-r-R	Negative	0.705491	0.294509
8UH1-B-A	Negative	0.737899	0.262101
8PMP-D-A	Negative	0.740608	0.259392
8DAU-I-B	Negative	0.778077	0.221923
8AEL-B-A	Positive	0.30574	0.69426
8R58-B-A	Negative	0.626609	0.373391
8K6O-E-D	Negative	0.634298	0.365702
8EIC-C-A	Negative	0.594076	0.405924
8WEY-J-A	Negative	0.939121	0.0608794
8WEY-M-B	Negative	0.952468	0.0475322
8ALX-B-A	Negative	0.75483	0.24517
8QP6-A-B	Negative	0.899758	0.100242
8QP6-D-B	Negative	0.94445	0.0555496
8QP6-G-H	Negative	0.939381	0.0606193
8QP6-J-K	Negative	0.909548	0.0904518
8OU0-D-B	Negative	0.787941	0.212059
8GN2-f-a	Negative	0.939841	0.0601591
8UCK-h-a	Negative	0.822903	0.177097
8XV8-B-A	Negative	0.90644	0.0935603
8XV8-D-C	Negative	0.847716	0.152284
8XV8-F-E	Negative	0.904698	0.0953024
8XV8-H-G	Negative	0.88327	0.11673
8B1I-C-A	Positive	0.342346	0.657654
8OUW-H-A	Positive	0.179001	0.820999
8B5B-E-B	Positive	0.396226	0.603774
8IBV-C-R	Negative	0.54059	0.45941
8WQD-G-D	Negative	0.756055	0.243945
8GN1-T-A	Negative	0.905067	0.0949326
8GN1-j-a	Negative	0.947744	0.0522558
8ZOS-J-C	Negative	0.921129	0.0788707
8YDP-A-B	Negative	0.814902	0.185098
8YDP-C-D	Negative	0.814902	0.185098
8SMO-B-A	Negative	0.542978	0.457022
8SMO-H-A	Negative	0.595696	0.404304
8SMO-L-A	Negative	0.478804	0.521196
8SMO-N-A	Negative	0.532592	0.467408
8SMO-J-C	Positive	0.443684	0.556316
8JGB-L-R	Negative	0.5	0.5
8ZWS-I-A	Negative	0.91767	0.0823298
8ZWS-D-A	Negative	0.883347	0.116653
8YD1-a-A	Negative	0.961091	0.0389088
8RLU-C-A	Negative	0.873271	0.126729
8R7Z-K-G	Negative	0.536488	0.463512
8BON-E-B	Negative	0.733215	0.266785
8QFX-G-A	Positive	0.418109	0.581891
8X0L-D-C	Negative	0.481361	0.518639
8ASI-D-A	Negative	0.918642	0.0813581
8ASI-H-E	Negative	0.889789	0.110211
8A6F-P-A	Positive	0.165993	0.834007
8PJF-C-A	Negative	0.526143	0.473857
8PDQ-B-A	Negative	0.718497	0.281503
8ZV9-C-A	Negative	0.565081	0.434919
8RRI-2-F	Positive	0.42902	0.57098
8RRI-4-r	Positive	0.350947	0.649053
8DTL-C-A	Negative	0.650071	0.349929
8B1K-C-A	Positive	0.416796	0.583204
8Y0Q-4-1	Negative	0.745936	0.254064
8CMF-C-A	Negative	0.548662	0.451338
8JC8-8-5	Negative	0.938107	0.0618925
8JC8-E-A	Negative	0.945009	0.0549911
8TMU-E-A	Negative	0.840205	0.159795
8Y0R-4-1	Negative	0.715486	0.284514
8Q9R-X-A	Negative	0.671154	0.328846
8Q9R-C-E	Negative	0.601595	0.398405
8DWG-A-R	Positive	0.321331	0.678669
8Q5S-B-A	Negative	0.848892	0.151108
8S32-O-A	Negative	0.711085	0.288915
8XV6-B-A	Negative	0.670566	0.329434
8XV6-D-A	Negative	0.670566	0.329434
8XY7-C-A	Negative	0.913943	0.0860571
8FA9-P-H	Positive	0.175171	0.824829
8GAI-B-A	Positive	0.169119	0.830881
8GAI-D-A	Positive	0.147684	0.852316
8HZ8-C-A	Negative	0.820615	0.179385
8TES-A-E	Negative	0.950132	0.0498684
8B9A-P-2	Negative	0.724775	0.275225
8S7V-L-I	Negative	0.911529	0.0884706
8B4J-P-O	Positive	0.431787	0.568213
8YJB-0-B	Negative	0.775873	0.224127
8B6L-B-A	Negative	0.929556	0.0704438
8B6L-K-I	Negative	0.932645	0.0673553
8XWT-B-A	Negative	0.61684	0.38316
8JRK-E-A	Negative	0.5	0.5
8JRK-F-B	Positive	0.382533	0.617467
8G8C-C-H	Negative	0.661901	0.338099
8G8C-P-A	Negative	0.623127	0.376873
8JV0-C-A	Negative	0.593528	0.406472
8BF9-l-X	Negative	0.489621	0.510379
8EBB-C-A	Negative	0.866373	0.133627
8FKF-D-A	Negative	0.873602	0.126398
8XC5-A-B	Negative	0.854917	0.145083
8GHO-C-A	Negative	0.644463	0.355537
8GHO-G-H	Negative	0.697788	0.302212
8EMK-C-A	Negative	0.481409	0.518591
8YGT-A-B	Positive	0.36241	0.63759
8U51-B-A	Positive	0.396985	0.603015
8R3K-G-A	Positive	0.280181	0.719819
8YC0-a-d	Negative	0.974413	0.0255874
8YC0-b-g	Negative	0.948986	0.0510142
8QBT-b-d	Negative	0.708614	0.291386
8QBT-3-s	Negative	0.633043	0.366957
8PEG-p-d	Negative	0.5	0.5
8SHW-Q-L	Positive	0.175412	0.824588
8YHT-B-A	Negative	0.91741	0.0825901
8IMZ-D-A	Negative	0.656735	0.343265
8VDD-C-A	Negative	0.633307	0.366693
8J5U-B-A	Positive	0.207479	0.792521
8B87-C-A	Positive	0.190938	0.809062
8B87-D-A	Positive	0.190938	0.809062
8Q9Q-X-A	Negative	0.851166	0.148834
8BQ3-B-A	Positive	0.389922	0.610078
8ATI-a-A	Negative	0.818427	0.181573
8YB4-C-B	Negative	0.770857	0.229143
8WO9-C-A	Negative	0.755647	0.244353
8D47-C-L	Negative	0.806009	0.193991
8CP6-A-B	Negative	0.919111	0.0808885
8CP6-C-B	Negative	0.958358	0.0416424
8T4I-C-A	Positive	0.295661	0.704339
8T4I-D-A	Negative	0.5	0.5
8GJ1-F-B	Negative	0.662816	0.337184
8W7L-C-A	Negative	0.868985	0.131015
8W7L-D-B	Negative	0.945316	0.0546837
8BEF-b-A	Negative	0.920225	0.0797755
8BEF-v-N	Negative	0.871048	0.128952
8J6S-K-L	Negative	0.85047	0.14953
8F8Y-E-A	Positive	0.426239	0.573761
8F8Y-F-A	Negative	0.526947	0.473053
8ANC-P-A	Negative	0.591424	0.408576
8DO2-C-B	Negative	0.902719	0.0972813
8JHW-C-A	Negative	0.51539	0.48461
8DTT-G-A	Negative	0.534278	0.465722
8DTT-J-E	Negative	0.48066	0.51934
8AGY-B-A	Positive	0.324297	0.675703
8ELH-C-A	Negative	0.476118	0.523882
8WI2-B-A	Negative	0.90127	0.0987296
8BWE-B-A	Negative	0.780121	0.219879
8HJ2-G-B	Negative	0.833436	0.166564
8VTI-B-A	Negative	0.842059	0.157941
8USB-O-G	Positive	0.446226	0.553774
8WYI-a-d	Negative	0.969299	0.0307005
8WYI-m-d	Negative	0.933973	0.0660271
8WYI-n-d	Negative	0.925638	0.0743622
8XR6-f-a	Negative	0.89143	0.10857
8XR6-i-a	Negative	0.782587	0.217413
8XR6-j-a	Negative	0.897586	0.102414
8XR6-l-a	Negative	0.812156	0.187844
8XR6-m-a	Negative	0.860122	0.139878
8XR6-t-a	Negative	0.948051	0.0519493
8XR6-w-a	Negative	0.757784	0.242216
8XR6-L-A	Negative	0.812156	0.187844
8XR6-M-A	Negative	0.860122	0.139878
8XR6-x-6	Negative	0.865169	0.134831
8XR6-K-C	Negative	0.961866	0.0381344
8XR6-Y-C	Negative	0.919033	0.0809674
8OVD-Y-M	Positive	0.352544	0.647456
8FIT-B-A	Negative	0.954588	0.0454124
8FIT-D-C	Negative	0.940741	0.0592585
8VGC-P-A	Negative	0.490195	0.509805
8F1T-a-A	Negative	0.610841	0.389159
8CB7-C-A	Negative	0.472877	0.527123
8EYB-D-A	Positive	0.368127	0.631873
8EYB-E-A	Positive	0.367754	0.632246
8DTR-G-A	Negative	0.665811	0.334189
8Q86-A-B	Negative	0.844146	0.155854
8BW1-e-H	Positive	0.350733	0.649267
8ACK-P-B	Positive	0.402652	0.597348
8K9T-B-A	Positive	0.218572	0.781428
8GQW-C-A	Negative	0.735335	0.264665
8PDE-C-A	Negative	0.799934	0.200066
8PDE-X-A	Negative	0.748453	0.251547
8PKU-P-B	Positive	0.379591	0.620409
8T70-P-A	Negative	0.558463	0.441537
8EAT-b-c	Negative	0.890003	0.109997
8QSF-H-A	Positive	0.210081	0.789919
8IQL-D-C	Negative	0.835241	0.164759
8DK9-E-A	Negative	0.553738	0.446262
8WQE-L-D	Negative	0.605954	0.394046
8WQE-K-B	Negative	0.614539	0.385461
8UA8-R-I	Positive	0.419859	0.580141
8CN6-G-A	Positive	0.383043	0.616957
8WF6-R-A	Positive	0.446629	0.553371
8WF6-Q-B	Negative	0.549106	0.450894
8WF6-F-C	Negative	0.454304	0.545696
8XYX-C-A	Negative	0.874834	0.125166
8Q1B-h-a	Negative	0.700193	0.299807
8VY8-D-B	Negative	0.726407	0.273593
8JAR-S-A	Positive	0.426536	0.573464
8BTY-B-A	Negative	0.453553	0.546447
8JCB-A-D	Negative	0.958246	0.0417542
8ZA6-m-d	Negative	0.94717	0.0528302
8ZA6-n-d	Negative	0.855415	0.144585
8UCS-A-C	Negative	0.739764	0.260236
8UCS-B-C	Negative	0.75034	0.24966
8FB7-Q-A	Positive	0.232087	0.767913
8FB7-P-H	Positive	0.203716	0.796284
8RUP-M-K	Negative	0.88737	0.11263
8BUU-4-G	Positive	0.423376	0.576624
8BUU-1-3	Positive	0.448753	0.551247
8EAS-b-a	Negative	0.861539	0.138461
8T32-B-A	Negative	0.93419	0.0658101
8OST-B-A	Negative	0.458152	0.541848
8X30-P-Q	Negative	0.548733	0.451267
8JWX-P-R	Negative	0.854447	0.145553
8JWX-S-R	Negative	0.89585	0.10415
8Q84-e-I	Negative	0.559536	0.440464
8JIP-P-R	Negative	0.70352	0.29648
8QU9-B-A	Negative	0.733762	0.266238
8K6Q-D-B	Negative	0.863142	0.136858
8K6Q-C-B	Negative	0.857377	0.142623
8S3W-C-A	Positive	0.283147	0.716853
8S30-B-A	Positive	0.418342	0.581658
8I1V-N-G	Negative	0.699642	0.300358
8SMR-L-J	Negative	0.919095	0.0809052
8FN2-i-E	Negative	0.631712	0.368288
8FN2-f-F	Positive	0.35865	0.64135
8FN2-h-H	Negative	0.585313	0.414687
8BBH-A-H	Negative	0.655996	0.344004
8V50-C-A	Positive	0.449228	0.550772
8WWM-L-R	Negative	0.749127	0.250873
8ZNO-K-B	Negative	0.933083	0.0669168
8RQ2-z-E	Positive	0.275987	0.724013
8RQ2-6-F	Negative	0.686161	0.313839
8RQ2-y-S	Positive	0.419173	0.580827
8RQ2-x-T	Positive	0.27386	0.72614
8P10-c-L	Negative	0.582359	0.417641
8ZYV-A-C	Negative	0.904091	0.0959088
8ZYV-B-C	Negative	0.919611	0.0803886
8Z3F-B-A	Negative	0.713137	0.286863
8KAB-c-e	Negative	0.456223	0.543777
8BWN-C-A	Negative	0.73905	0.26095
8ARN-C-A	Positive	0.198683	0.801317
8VS6-E-A	Positive	0.439675	0.560325
8QCQ-1-3	Positive	0.398942	0.601058
8QCQ-6-F	Negative	0.74388	0.25612
8ZTU-W-e	Negative	0.910754	0.0892456
8FK3-B-A	Positive	0.369749	0.630251
8SG2-B-A	Negative	0.788397	0.211603
8CBT-A-B	Negative	0.828628	0.171372
8YDM-A-C	Negative	0.862323	0.137677
8YDM-B-C	Negative	0.883868	0.116132
8YDM-D-E	Negative	0.888735	0.111265
8YDM-F-E	Negative	0.831852	0.168148
8YDM-H-G	Negative	0.88435	0.11565
8YDM-J-I	Negative	0.888735	0.111265
8YDM-O-K	Negative	0.894411	0.105589
8YDM-Q-M	Negative	0.888735	0.111265
8K6M-E-D	Negative	0.625587	0.374413
8K6N-D-E	Negative	0.617585	0.382415
8G8Q-B-A	Positive	0.202965	0.797035
8G8Q-C-A	Positive	0.226802	0.773198
8GAJ-B-A	Positive	0.241183	0.758817
8CSR-K-C	Negative	0.803188	0.196812
8R2G-L-A	Negative	0.457677	0.542323
8R2G-O-B	Negative	0.553415	0.446585
8R2G-I-C	Positive	0.429398	0.570602
8R2G-M-D	Negative	0.610751	0.389249
8R2G-N-E	Negative	0.735913	0.264087
8SRU-E-A	Positive	0.450626	0.549374
8P8B-x-d	Negative	0.593193	0.406807
8T59-E-A	Negative	0.761256	0.238744
8T59-F-C	Negative	0.698574	0.301426
8IDY-T-b	Negative	0.54766	0.45234
8T5Q-G-A	Positive	0.250905	0.749095
8ZGS-C-A	Negative	0.906358	0.0936422
8ZGS-G-A	Negative	0.958313	0.0416869
8IHO-D-A	Positive	0.365	0.635
8C17-B-A	Negative	0.606677	0.393323
8JAL-S-A	Positive	0.222366	0.777634
8RNF-P-A	Negative	0.732419	0.267581
8UJF-E-B	Positive	0.233953	0.766047
8J0E-F-B	Negative	0.59165	0.40835
8J0E-A-B	Negative	0.668294	0.331706
8J0E-E-B	Negative	0.608981	0.391019
8AGC-B-A	Negative	0.890823	0.109177
8AGC-P-A	Negative	0.544398	0.455602
8TW4-X-A	Negative	0.979587	0.0204126
8TW4-Y-A	Negative	0.982828	0.0171717
8YW5-P-R	Negative	0.827071	0.172929
8V3W-B-C	Negative	0.93765	0.0623496
8EI0-B-A	Negative	0.762742	0.237258
8GJG-B-A	Negative	0.689596	0.310404
8U2Y-A-B	Negative	0.782004	0.217996
8WTE-J-A	Negative	0.85354	0.14646
8GT7-F-C	Positive	0.265826	0.734174
8QLG-E-A	Positive	0.299381	0.700619
8TII-R-A	Positive	0.39398	0.60602
8DYE-B-A	Negative	0.475634	0.524366
8RTE-D-A	Positive	0.247436	0.752564
8F0S-B-A	Negative	0.652331	0.347669
8J5K-F-A	Negative	0.914718	0.0852816
8J5K-I-A	Negative	0.866454	0.133546
8J5K-J-A	Negative	0.910511	0.0894886
8J5K-L-A	Negative	0.857698	0.142302
8J5K-M-A	Negative	0.879105	0.120895
8J5K-T-A	Negative	0.947211	0.0527895
8J5K-Y-C	Negative	0.914083	0.0859172
8J5K-X-D	Negative	0.876556	0.123444
8EI8-B-A	Negative	0.790973	0.209027
8FH3-I-B	Negative	0.776986	0.223014
8WLS-B-A	Negative	0.752171	0.247829
8H0Q-L-R	Negative	0.844908	0.155092
8UKO-C-E	Negative	0.646954	0.353046
8CZF-B-A	Negative	0.902518	0.0974821
8TQZ-I-A	Negative	0.880857	0.119143
8UIT-D-B	Negative	0.528121	0.471879
8JIR-P-R	Negative	0.599948	0.400052
8EHV-P-B	Positive	0.313714	0.686286
8CJ3-B-A	Negative	0.489648	0.510352
8U77-B-A	Negative	0.5	0.5
8U77-F-E	Negative	0.678328	0.321672
8PNT-C-A	Negative	0.741732	0.258268
8PNT-D-A	Negative	0.579325	0.420675
8WEJ-C-D	Negative	0.885902	0.114098
8ZQE-L-R	Negative	0.889265	0.110735
8Z81-A-C	Negative	0.922262	0.0777378
8Z81-B-C	Negative	0.928376	0.0716239
8Z81-D-C	Negative	0.91944	0.0805604
8Z81-Z-W	Negative	0.928376	0.0716239
8Z81-2-1	Negative	0.91944	0.0805604
8GEJ-G-B	Negative	0.868766	0.131234
8BV7-B-A	Positive	0.200443	0.799557
8YTG-B-A	Negative	0.528266	0.471734
8WU8-D-A	Positive	0.379287	0.620713
8H8S-L-A	Negative	0.81833	0.18167
8H8S-M-A	Negative	0.817979	0.182021
8EO8-C-A	Negative	0.647651	0.352349
8C3N-B-A	Negative	0.64461	0.35539
8Q3D-C-A	Positive	0.190646	0.809354
8RBX-r-b	Negative	0.802716	0.197284
8CCW-B-A	Positive	0.134361	0.865639
8AXH-A-H	Positive	0.27149	0.72851
8HR1-S-C	Negative	0.55012	0.44988
8ADG-F-A	Positive	0.301146	0.698854
8VDU-C-A	Negative	0.87334	0.12666
8VDU-I-G	Negative	0.842496	0.157504
8VDU-L-J	Negative	0.929995	0.0700047
8JAU-S-A	Positive	0.155618	0.844382
8AKN-A-W	Positive	0.151652	0.848348
8QKG-C-A	Positive	0.36452	0.63548
8HTU-M-B	Negative	0.867277	0.132723
8QCI-A-B	Negative	0.654814	0.345186
8CMO-J-A	Negative	0.91092	0.0890804
8RHQ-G-A	Negative	0.866372	0.133628
8JZU-B-A	Negative	0.766893	0.233107
8FZ2-P-L	Negative	0.79005	0.20995
8DTN-B-A	Positive	0.427917	0.572083
8DTN-F-E	Positive	0.419145	0.580855
8UGS-C-A	Negative	0.626413	0.373587
8UGS-D-A	Negative	0.592694	0.407306
8COY-C-A	Negative	0.453958	0.546042
8P65-X-A	Negative	0.919304	0.0806957
8ZH8-Q-R	Negative	0.724041	0.275959
8YY9-k-N	Negative	0.903991	0.0960085
8BEH-k-L	Negative	0.811809	0.188191
8Q5P-B-A	Negative	0.617954	0.382046
8UO5-D-B	Negative	0.827318	0.172682
8TH1-E-A	Negative	0.5	0.5
8TH1-F-B	Positive	0.388552	0.611448
8TH1-G-C	Positive	0.349437	0.650563
8TH1-H-D	Positive	0.220928	0.779072
8CIS-B-A	Negative	0.554995	0.445005
8CIS-C-A	Negative	0.567625	0.432375
8CIS-D-A	Negative	0.556686	0.443314
8YPB-b-F	Negative	0.92753	0.0724703
8E3Z-P-R	Negative	0.814213	0.185787
8CMK-C-A	Positive	0.400625	0.599375
8B5A-B-A	Negative	0.57651	0.42349
8UK5-B-A	Positive	0.342444	0.657556
8ESA-C-A	Negative	0.715273	0.284727
8GVD-B-A	Negative	0.493493	0.506507
8FNE-E-A	Negative	0.66488	0.33512
8WY0-b-d	Negative	0.950377	0.0496233
8WY0-m-d	Negative	0.925011	0.0749891
8VJU-C-A	Positive	0.411408	0.588592
8AHT-F-A	Negative	0.752783	0.247217
8AHT-G-B	Negative	0.784698	0.215302
8AHT-H-C	Negative	0.693719	0.306281
8I7P-B-A	Positive	0.444891	0.555109
8XPF-C-A	Negative	0.924589	0.0754107
8B82-C-A	Positive	0.238762	0.761238
8UUQ-M-C	Positive	0.368209	0.631791
8INK-A-o	Negative	0.760522	0.239478
8IQK-B-A	Negative	0.820316	0.179684
8RNG-C-A	Negative	0.770066	0.229934
8K17-E-B	Positive	0.169043	0.830957
8XO0-s-E	Positive	0.401892	0.598108
8R3X-C-A	Positive	0.282771	0.717229
8R3X-D-A	Positive	0.317297	0.682703
8CGI-4-M	Positive	0.451517	0.548483
8DJI-B-A	Negative	0.749606	0.250394
8S6V-M-A	Positive	0.360566	0.639434
8YFL-B-A	Positive	0.449317	0.550683
8YFL-D-C	Positive	0.449317	0.550683
8EXN-D-A	Positive	0.368126	0.631874
8PQW-I-A	Positive	0.296743	0.703257
8PQW-H-C	Positive	0.290745	0.709255
8RKG-L-A	Negative	0.515672	0.484328
8RKG-M-A	Negative	0.607802	0.392198
8RKG-O-C	Negative	0.61047	0.38953
8RKG-P-E	Negative	0.539693	0.460307
8RKG-Q-E	Negative	0.606161	0.393839
8RKG-R-G	Negative	0.695943	0.304057
8RKG-S-G	Negative	0.61047	0.38953
8IPM-C-D	Negative	0.642099	0.357901
8DNQ-C-A	Negative	0.774383	0.225617
8DNQ-D-A	Negative	0.774383	0.225617
8FAN-P-B	Positive	0.193417	0.806583
8FAN-Q-D	Positive	0.161332	0.838668
8FAN-R-F	Positive	0.147882	0.852118
8S3E-E-A	Negative	0.660505	0.339495
8U5H-A-D	Negative	0.709505	0.290495
8U5H-B-I	Negative	0.774824	0.225176
8VCY-C-A	Negative	0.677505	0.322495
8EUP-T-C	Negative	0.880262	0.119738
8EUP-t-G	Negative	0.518409	0.481591
8H9F-Q-3	Negative	0.773687	0.226313
8WI5-B-A	Negative	0.841784	0.158216
8TUH-F-A	Positive	0.441383	0.558617
8FJB-C-A	Negative	0.785755	0.214245
8VD8-B-A	Negative	0.696517	0.303483
8SDP-I-A	Negative	0.525607	0.474393
8SDP-X-A	Negative	0.583906	0.416094
8SDP-Y-B	Negative	0.522831	0.477169
8AP4-4-f	Negative	0.615595	0.384405
8C1J-B-A	Positive	0.368073	0.631927
8JR4-E-A	Positive	0.295127	0.704873
8TLX-B-A	Negative	0.661966	0.338034
8ZVY-C-A	Negative	0.467328	0.532672
8ZVY-D-B	Positive	0.345037	0.654963
8C29-F-A	Negative	0.877251	0.122749
8C29-I-A	Negative	0.876593	0.123407
8C29-L-A	Negative	0.88995	0.11005
8C29-T-A	Negative	0.92793	0.0720695
8C29-M-B	Negative	0.949546	0.0504541
8C29-U-B	Positive	0.430477	0.569523
8C29-t-B	Negative	0.92793	0.0720695
8C29-l-a	Negative	0.88995	0.11005
8C29-m-b	Negative	0.949546	0.0504541
8B1J-C-A	Positive	0.388695	0.611305
8CBP-C-A	Positive	0.372408	0.627592
8FCN-L-F	Negative	0.634357	0.365643
8RTB-H-C	Negative	0.855326	0.144674
8JVV-A-B	Negative	0.948408	0.0515921
8JVV-I-B	Negative	0.953455	0.0465449
8BZL-h-A	Positive	0.362963	0.637037
8BZL-d-B	Positive	0.348715	0.651285
8BZL-f-D	Positive	0.368337	0.631663
8HEP-A-B	Negative	0.876216	0.123784
8HQY-S-C	Negative	0.761962	0.238038
8JBG-A-B	Positive	0.38241	0.61759
8ZBJ-S-R	Positive	0.331531	0.668469
8KD2-G-B	Positive	0.440509	0.559491
8KD2-F-E	Positive	0.372016	0.627984
8OXM-E-A	Positive	0.143949	0.856051
8DES-E-A	Negative	0.803774	0.196226
8CLS-C-A	Negative	0.5	0.5
8CLS-D-A	Negative	0.883376	0.116624
8CLS-F-A	Negative	0.80209	0.19791
8CLS-G-A	Positive	0.443829	0.556171
8CLS-H-A	Negative	0.927639	0.072361
8ATS-P-A	Positive	0.172105	0.827895
8Q05-Z-A	Negative	0.540342	0.459658
8CM9-E-A	Negative	0.494259	0.505741
8IC4-D-K	Negative	0.726821	0.273179
8IC4-X-M	Negative	0.736939	0.263061
8QNS-M-A	Negative	0.686475	0.313525
8QNS-N-A	Negative	0.645017	0.354983
8QNS-O-D	Negative	0.748983	0.251017
8QNS-P-J	Negative	0.733253	0.266747
8ROO-B-A	Negative	0.667241	0.332759
8CCZ-C-A	Positive	0.0950072	0.904993
8R64-G-B	Negative	0.819757	0.180243
8WXT-C-A	Negative	0.64719	0.35281
8U8C-D-A	Negative	0.543839	0.456161
8U8C-C-B	Negative	0.617282	0.382718
8XNT-r-B	Negative	0.7046	0.2954
8XNT-R-D	Negative	0.772262	0.227738
8XNT-s-E	Negative	0.755494	0.244506
8XNT-q-I	Positive	0.326869	0.673131
8T8S-C-A	Negative	0.658961	0.341039
8T8S-D-B	Negative	0.658961	0.341039
8FLS-P-R	Negative	0.844308	0.155692
8RRL-C-A	Negative	0.526467	0.473533
8IGC-B-A	Negative	0.846904	0.153096
8VY4-C-A	Positive	0.292532	0.707468
8DWL-D-C	Positive	0.358439	0.641561
8DWL-B-C	Positive	0.415798	0.584202
8F7X-P-R	Negative	0.562878	0.437122
8Z9V-e-b	Negative	0.940619	0.0593808
8ARI-a-A	Negative	0.931097	0.0689026
8JSU-A-B	Negative	0.939795	0.0602055
8JSU-C-D	Negative	0.887451	0.112549
8TEG-B-A	Negative	0.711403	0.288597
8YFN-B-A	Negative	0.555357	0.444643
8EFL-F-M	Negative	0.939661	0.0603388
8CMB-C-A	Negative	0.576906	0.423094
8CV6-B-A	Negative	0.909544	0.0904559
8VMF-C-A	Negative	0.52998	0.47002
8ZK2-Z-C	Negative	0.9337	0.0662997
8VCX-C-D	Negative	0.633307	0.366693
8Q7K-C-A	Positive	0.447208	0.552792
8Z0H-C-A	Negative	0.758637	0.241363
8QN8-J-F	Negative	0.881353	0.118647
8D7P-D-A	Negative	0.83449	0.16551
8D7P-C-A	Negative	0.860245	0.139755
8Y0P-L-A	Negative	0.754513	0.245487
8DEW-D-A	Negative	0.684127	0.315873
8GOC-G-A	Negative	0.539802	0.460198
8H7G-B-A	Negative	0.823688	0.176312
8H7G-L-D	Negative	0.724358	0.275642
8C1T-E-D	Positive	0.146877	0.853123
8QU3-A-B	Positive	0.118817	0.881183
8ZCS-C-A	Negative	0.80538	0.19462
8D80-C-B	Positive	0.376938	0.623062
8TUU-B-A	Positive	0.0656912	0.934309
8PAY-H-A	Positive	0.42189	0.57811
8Q9P-X-A	Negative	0.843921	0.156079
8VGD-P-A	Negative	0.484188	0.515812
8USD-A-f	Negative	0.696066	0.303934
8USD-U-f	Negative	0.790414	0.209586
8USD-B-f	Negative	0.699382	0.300618
8B1H-C-A	Positive	0.383861	0.616139
8TEC-C-A	Negative	0.835784	0.164216
8YZW-F-D	Positive	0.370092	0.629908
8K9F-I-A	Negative	0.94811	0.0518895
8PKW-P-B	Positive	0.358063	0.641937
8CMG-C-A	Negative	0.939989	0.0600112
8AGB-B-A	Negative	0.890975	0.109025
8ATF-H-G	Negative	0.461458	0.538542
8ESR-z-B	Positive	0.160189	0.839811
8ESR-s-O	Positive	0.278379	0.721621
8ESR-8-X	Positive	0.342834	0.657166
8CA7-E-C	Negative	0.715105	0.284895
8WM0-B-A	Positive	0.383239	0.616761
8T9A-C-B	Positive	0.365619	0.634381
8FXQ-W-A	Negative	0.510465	0.489535
8V8Q-C-A	Positive	0.436795	0.563205
8B1B-C-A	Negative	0.505683	0.494317
8RS8-E-A	Positive	0.131079	0.868921
8RS8-G-B	Positive	0.131079	0.868921
8D5Q-E-A	Positive	0.441714	0.558286
8WKZ-B-A	Positive	0.367839	0.632161
8VLF-T-A	Positive	0.159007	0.840993
8DGV-A-H	Negative	0.480227	0.519773
8T9D-9-C	Negative	0.5	0.5
8UJH-C-A	Positive	0.217444	0.782556
8U2M-D-A	Negative	0.5	0.5
8E13-C-A	Negative	0.509247	0.490753
8VJH-Q-A	Negative	0.815281	0.184719
8VJH-U-A	Negative	0.917442	0.082558
8XFZ-C-A	Negative	0.833425	0.166575
8OZ0-9-H	Positive	0.215855	0.784145
8EBU-H-A	Negative	0.650164	0.349836
8H8H-G-A	Negative	0.852652	0.147348
8UTL-C-A	Positive	0.29757	0.70243
8WHK-B-A	Negative	0.812231	0.187769
8ETJ-T-C	Negative	0.804347	0.195653
8ETJ-s-O	Positive	0.125393	0.874607
8QEP-G-A	Negative	0.90778	0.0922201
8ET3-S-A	Negative	0.766968	0.233032
8H8Q-A-L	Negative	0.744837	0.255163
8C07-J-B	Negative	0.79976	0.20024
8B46-D-A	Negative	0.545294	0.454706
8B46-F-B	Positive	0.355268	0.644732
8Q9N-X-A	Negative	0.68578	0.31422
8RIZ-T-K	Negative	0.745315	0.254685
8ZKM-A-B	Positive	0.25199	0.74801
8WM6-J-A	Negative	0.928357	0.0716425
8WM6-M-B	Negative	0.946652	0.0533485
8W5Z-B-A	Positive	0.384516	0.615484
8TTE-C-A	Negative	0.635097	0.364903
8FLT-P-R	Negative	0.666682	0.333318
8J9S-C-B	Negative	0.905915	0.0940852
8DA0-F-A	Negative	0.570048	0.429952
8XLS-J-A	Negative	0.947685	0.052315
8XLS-M-B	Negative	0.953264	0.0467355
8KEA-H-A	Negative	0.782084	0.217916
8I0U-K-A	Negative	0.583312	0.416688
8EI2-C-A	Negative	0.880766	0.119234
8AC1-E-C	Negative	0.89367	0.10633
8YVI-X-D	Negative	0.644695	0.355305
8BFW-B-A	Negative	0.833943	0.166057
8Q1R-E-A	Negative	0.477319	0.522681
8U1Z-B-A	Negative	0.690555	0.309445
8D3W-G-A	Negative	0.945301	0.0546989
8K4V-C-A	Negative	0.86467	0.13533
8Y6V-N-D	Negative	0.857969	0.142031
8Y6V-I-G	Negative	0.692668	0.307332
8TWI-D-C	Negative	0.771538	0.228462
8XI2-U-A	Negative	0.741832	0.258168
8ZKK-p-O	Negative	0.826819	0.173181
8ZKK-u-O	Negative	0.82102	0.17898
8HSM-C-A	Negative	0.520711	0.479289
8XZJ-L-R	Positive	0.305355	0.694645
8D5E-P-A	Negative	0.543884	0.456116
8CDU-N-E	Negative	0.629281	0.370719
8C97-0-N	Negative	0.677369	0.322631
8IBO-C-A	Negative	0.744441	0.255559
8A65-B-A	Positive	0.370919	0.629081
8FUF-B-A	Negative	0.901076	0.0989245
8SE7-X-A	Negative	0.587639	0.412361
8SE7-H-A	Negative	0.537955	0.462045
8SE7-Y-B	Positive	0.446649	0.553351
8SE7-P-M	Positive	0.273991	0.726009
8SE7-T-Q	Positive	0.443086	0.556914
8ZZ0-A-C	Negative	0.89386	0.10614
8ZZ0-B-C	Negative	0.912197	0.0878025
8ETC-T-C	Negative	0.588687	0.411313
8ETC-s-O	Positive	0.18926	0.81074
8ETC-8-P	Positive	0.353958	0.646042
8W8E-X-A	Negative	0.622171	0.377829
8SUV-F-A	Positive	0.368068	0.631932
8SUV-H-C	Positive	0.356605	0.643395
8SUV-I-D	Positive	0.221601	0.778399
8GN0-I-A	Negative	0.903326	0.0966737
8GN0-f-a	Negative	0.903681	0.0963187
8H1R-C-A	Negative	0.783131	0.216869
8IB6-D-K	Negative	0.767503	0.232497
8IB6-X-M	Negative	0.736939	0.263061
8IMY-D-G	Negative	0.859708	0.140292
8CBI-C-A	Positive	0.303327	0.696673
8DTM-C-B	Negative	0.845061	0.154939
8QTU-B-A	Positive	0.206171	0.793829
8X7X-F-C	Negative	0.832047	0.167953
8WED-C-A	Positive	0.138614	0.861386
8YPJ-A-B	Negative	0.905577	0.0944232
8VPR-B-A	Positive	0.19123	0.80877
8JJ6-E-A	Negative	0.764466	0.235534
8T4S-n-C	Negative	0.759948	0.240052
8RJI-C-A	Negative	0.469295	0.530705
8HZ4-E-A	Negative	0.769503	0.230497
8HZ4-F-A	Negative	0.811909	0.188091
8HZ4-H-A	Negative	0.854869	0.145131
8HZ4-G-B	Negative	0.763641	0.236359
8WDA-E-A	Negative	0.632517	0.367483
8QAU-E-A	Negative	0.738219	0.261781
8JAF-V-A	Negative	0.55315	0.44685
8UB4-H-B	Negative	0.682405	0.317595
8UB4-J-D	Negative	0.718814	0.281186
8UU8-6-E	Positive	0.238173	0.761827
8UU8-5-7	Negative	0.614338	0.385662
8I9A-D-C	Positive	0.441386	0.558614
8TZX-C-A	Negative	0.521768	0.478232
8Q7E-C-A	Negative	0.865999	0.134001
8VJY-B-A	Positive	0.34886	0.65114
8J0G-F-B	Negative	0.706785	0.293215
8WXW-P-A	Positive	0.355249	0.644751
8HSW-C-A	Positive	0.251334	0.748666
8UI6-B-A	Positive	0.253078	0.746922
8GON-C-A	Negative	0.842653	0.157347
8YV6-B-A	Negative	0.85868	0.14132
8RTA-I-E	Negative	0.595571	0.404429
8RTA-H-F	Negative	0.549819	0.450181
8J5P-X-C	Negative	0.923525	0.0764746
8J8Z-V-A	Negative	0.665147	0.334853
8WDV-7-L	Negative	0.932193	0.0678066
8WDV-G-D	Negative	0.921842	0.0781584
8WDV-J-F	Negative	0.927013	0.0729873
8WDV-T-S	Negative	0.921842	0.0781584
8WDV-6-3	Negative	0.938574	0.0614256
8UW1-K-A	Negative	0.606567	0.393433
8FEG-A-B	Positive	0.375749	0.624251
8VYQ-C-A	Positive	0.267224	0.732776
8HN9-C-A	Negative	0.5	0.5
8C5L-C-A	Negative	0.541349	0.458651
8ROP-C-A	Positive	0.370056	0.629944
8UBU-B-A	Negative	0.817177	0.182823
8TUQ-B-A	Positive	0.050451	0.949549
8G8S-B-A	Positive	0.250042	0.749958
8CAV-D-A	Negative	0.870273	0.129727
8CAV-G-B	Negative	0.911641	0.0883585
8ENS-C-A	Negative	0.47775	0.52225
8RBZ-r-b	Negative	0.781597	0.218403
8RBZ-m-i	Negative	0.745388	0.254612
8TTT-B-A	Negative	0.526073	0.473927
8QT0-B-A	Positive	0.209753	0.790247
8HLO-C-A	Positive	0.0791765	0.920823
8G94-F-A	Negative	0.940039	0.0599614
8HCO-E-A	Negative	0.871943	0.128057
8U36-B-A	Positive	0.305109	0.694891
8U36-C-A	Positive	0.323129	0.676871
8EJM-B-A	Negative	0.823611	0.176389
8DGX-C-H	Negative	0.509706	0.490294
8RDY-B-A	Negative	0.900442	0.0995576
8U4K-C-A	Negative	0.76119	0.23881
8UKP-C-E	Negative	0.735851	0.264149
8QSH-H-A	Negative	0.5	0.5
8HER-A-B	Negative	0.921572	0.078428
8RU3-P-A	Negative	0.716038	0.283962
8RST-B-A	Positive	0.113731	0.886269
8A44-B-A	Negative	0.788119	0.211881
8A9G-D-B	Negative	0.67714	0.32286
8W6A-C-A	Negative	0.834156	0.165844
8BOX-C-A	Positive	0.313791	0.686209
8QQF-B-A	Positive	0.400868	0.599132
8A93-D-A	Negative	0.888224	0.111776
8HRY-B-A	Negative	0.613623	0.386377
8FUB-B-A	Positive	0.319615	0.680385
8QYB-A-L	Negative	0.680656	0.319344
8ZX5-G-B	Negative	0.879217	0.120783
8K00-B-A	Negative	0.611452	0.388548
8RXB-F-E	Negative	0.839125	0.160875
8T8G-B-A	Negative	0.725454	0.274546
8T0P-C-B	Positive	0.363301	0.636699
8F9E-P-H	Positive	0.144242	0.855758
8VU3-J-A	Negative	0.952267	0.0477331
8VU3-X-B	Negative	0.920957	0.0790433
8VU3-S-G	Negative	0.952267	0.0477331
8CRX-3-g	Negative	0.463088	0.536912
8ETG-T-C	Negative	0.819263	0.180737
8OEP-B-A	Positive	0.354976	0.645024
8B1R-P-B	Negative	0.852609	0.147391
8F4B-B-A	Negative	0.690549	0.309451
8X2U-A-B	Negative	0.910383	0.089617
8X2U-D-E	Negative	0.851021	0.148979
8SRW-E-A	Positive	0.426389	0.573611
8ALH-P-B	Negative	0.828766	0.171234
8P2H-6-8	Negative	0.603205	0.396795
8C2E-P-A	Positive	0.36057	0.63943
8Z08-F-C	Positive	0.399793	0.600207
8CB8-C-A	Negative	0.573228	0.426772
8ARE-B-A	Positive	0.204945	0.795055
8SR6-B-A	Positive	0.132313	0.867687
8FUC-A-B	Positive	0.276255	0.723745
8FUC-F-B	Positive	0.257641	0.742359
8GMT-B-A	Negative	0.888985	0.111015
8EIB-C-A	Negative	0.875008	0.124992
8AB5-C-A	Positive	0.379644	0.620356
8CBG-C-A	Negative	0.596917	0.403083
8EMG-C-A	Negative	0.473119	0.526881
8WI0-B-A	Negative	0.8901	0.1099
8RK3-B-g	Negative	0.80015	0.19985
8WGH-J-2	Negative	0.926355	0.073645
8FE7-B-A	Positive	0.329352	0.670648
8WTW-B-A	Negative	0.599553	0.400447
8A43-I-A	Negative	0.804734	0.195266
8VYA-D-A	Negative	0.898802	0.101198
8VYA-F-A	Negative	0.861022	0.138978
8J8P-A-C	Negative	0.839517	0.160483
8Y8B-C-T	Negative	0.854672	0.145328
8IAQ-D-K	Negative	0.814456	0.185544
8QOA-0-2	Negative	0.7513	0.2487
8QOA-6-e	Negative	0.615314	0.384686
8X91-X-A	Positive	0.172031	0.827969
8UJI-C-A	Negative	0.469532	0.530468
8SAO-A-B	Negative	0.876899	0.123101
8JE1-R-A	Negative	0.755135	0.244865
8JE1-G-H	Negative	0.740005	0.259995
8WE2-R-A	Negative	0.482726	0.517274
8EGR-M-G	Negative	0.781605	0.218395
8DNT-D-A	Negative	0.792184	0.207816
8SKJ-E-A	Positive	0.427039	0.572961
8UTJ-f-F	Negative	0.624608	0.375392
8FCT-G-F	Negative	0.769428	0.230572
8S8O-C-A	Negative	0.828042	0.171958
8IBB-D-K	Negative	0.814456	0.185544
8ES9-Y-A	Negative	0.965304	0.0346963
8IUG-D-B	Negative	0.864198	0.135802
8IUG-V-C	Negative	0.879777	0.120223
8IUG-X-C	Negative	0.89172	0.10828
8IUG-Y-C	Negative	0.938433	0.0615666
8IUG-H-G	Negative	0.864198	0.135802
8IUG-h-L	Negative	0.847263	0.152737
8CMD-C-A	Negative	0.775808	0.224192
8S4Y-A-B	Positive	0.345303	0.654697
8UX6-F-C	Negative	0.790082	0.209918
8JYS-A-B	Negative	0.732031	0.267969
8JYS-C-D	Negative	0.74972	0.25028
8UUA-6-E	Positive	0.238173	0.761827
8UUA-5-7	Negative	0.571702	0.428298
8BN1-D-A	Negative	0.845368	0.154632
8DVN-B-A	Negative	0.713764	0.286236
8J8R-G-A	Negative	0.489122	0.510878
8UHD-X-V	Negative	0.5	0.5
8ZLZ-D-B	Positive	0.404569	0.595431
8K8J-G-B	Negative	0.903808	0.0961922
8VJO-F-A	Negative	0.726984	0.273016
8C06-F-A	Negative	0.5	0.5
8JRT-e-V	Negative	0.664475	0.335525
8PJG-C-A	Negative	0.526143	0.473857
8GCN-B-A	Negative	0.584372	0.415628
8RUQ-L-G	Positive	0.205191	0.794809
8RDU-r-G	Negative	0.682921	0.317079
8TTA-E-A	Negative	0.469763	0.530237
8TTA-F-C	Positive	0.272158	0.727842
8E2C-C-A	Positive	0.366844	0.633156
8PR7-F-D	Negative	0.599066	0.400934
8AP8-M-h	Negative	0.854202	0.145798
8AP8-c-g	Negative	0.860657	0.139343
8B1E-C-A	Positive	0.40263	0.59737
8VAZ-E-A	Negative	0.876012	0.123988
8CGD-0-2	Negative	0.771795	0.228205
8DJH-B-A	Negative	0.740186	0.259814
8EAU-b-a	Negative	0.875206	0.124794
8UU4-6-E	Positive	0.2442	0.7558
8XJS-E-B	Negative	0.940995	0.0590051
8XJS-D-A	Negative	0.938075	0.0619246
8B9V-A-L	Negative	0.899699	0.100301
8RAL-C-A	Negative	0.958192	0.0418077
8AAA-B-A	Negative	0.941256	0.058744
8BIA-C-A	Positive	0.398603	0.601397
8QSC-H-A	Negative	0.582058	0.417942
8KDX-B-A	Positive	0.112746	0.887254
8QP8-X-S	Positive	0.372719	0.627281
8EYY-D-A	Negative	0.874091	0.125909
8WEF-C-A	Positive	0.162167	0.837833
8Y9Z-B-A	Negative	0.890928	0.109072
8FVO-C-A	Positive	0.405963	0.594037
8VR9-C-A	Negative	0.825121	0.174879
8ZLW-R-A	Negative	0.695833	0.304167
8J6Z-J-2	Negative	0.915236	0.084764
8JOY-B-A	Positive	0.076315	0.923685
8FG1-B-A	Negative	0.607985	0.392015
8OP0-B-A	Negative	0.540103	0.459897
8RPY-z-E	Positive	0.275987	0.724013
8YDT-A-B	Negative	0.83738	0.16262
8QXW-B-A	Positive	0.0746858	0.925314
8ZYW-A-C	Negative	0.904091	0.0959088
8F2M-C-D	Negative	0.649125	0.350875
8BTQ-B-A	Negative	0.830889	0.169111
8C92-2-T	Positive	0.436705	0.563295
8CAM-h-w	Negative	0.878314	0.121686
8A40-L-B	Negative	0.763336	0.236664
8P7L-H-J	Negative	0.815374	0.184626
8CMI-C-A	Negative	0.773935	0.226065
8CMI-F-D	Negative	0.773935	0.226065
8JBM-G-A	Negative	0.870477	0.129523
8R2I-F-A	Negative	0.904275	0.0957247
8R2I-I-A	Negative	0.924519	0.0754814
8R2I-1-A	Negative	0.890375	0.109625
8XVE-P-R	Negative	0.921477	0.0785231
8OLT-s-E	Positive	0.432679	0.567321
8EMX-D-C	Negative	0.902082	0.0979184
8RH6-G-A	Negative	0.88035	0.11965
8U9O-A-B	Negative	0.752988	0.247012
8SDQ-B-A	Positive	0.339716	0.660284
8J8Q-A-C	Negative	0.86159	0.13841
8RQF-B-A	Negative	0.605714	0.394286
8SRV-D-A	Negative	0.483828	0.516172
8X54-E-A	Negative	0.923298	0.0767019
8SOU-B-A	Negative	0.5907	0.4093
8AED-C-A	Negative	0.885296	0.114704
8AED-D-A	Negative	0.832954	0.167046
8BY5-B-A	Negative	0.919878	0.080122
8YHZ-P-L	Positive	0.328465	0.671535
8TQ2-D-C	Positive	0.445825	0.554175
8VYW-C-A	Positive	0.178415	0.821585
8C2F-P-A	Negative	0.5	0.5
8Q1S-P-A	Negative	0.5	0.5
8Q1S-C-B	Positive	0.342215	0.657785
8G1U-C-A	Positive	0.374894	0.625106
8G1U-D-A	Positive	0.243433	0.756567
8G1U-K-I	Positive	0.402442	0.597558
8WQH-G-D	Negative	0.632467	0.367533
8WQH-L-H	Negative	0.541844	0.458156
8KDC-C-A	Negative	0.699417	0.300583
8KDC-D-A	Negative	0.602865	0.397135
8KDC-E-A	Negative	0.698452	0.301548
8JA3-U-B	Positive	0.446996	0.553004
8C98-2-T	Negative	0.51683	0.48317
8ZBI-E-C	Negative	0.874988	0.125012
8TLW-B-A	Positive	0.417234	0.582766
8DGW-G-H	Negative	0.561147	0.438853
8ZOM-K-B	Negative	0.933083	0.0669168
8P43-P-A	Negative	0.517509	0.482491
8T42-N-A	Negative	0.558649	0.441351
8HEW-B-A	Positive	0.228127	0.771873
8J27-F-B	Negative	0.745182	0.254818
8J27-A-B	Negative	0.716493	0.283507
8TOS-E-A	Positive	0.320649	0.679351
8ONI-B-H	Negative	0.926537	0.0734634
8G2M-F-H	Negative	0.73818	0.26182
8G8R-B-A	Positive	0.107221	0.892779
8HXR-D-B	Positive	0.403329	0.596671
8HXR-C-A	Positive	0.379294	0.620706
8P0A-C-A	Negative	0.779253	0.220747
8PN4-M-A	Negative	0.519336	0.480664
8K35-S-I	Negative	0.842292	0.157708
8ENW-D-B	Negative	0.528191	0.471809
8JUT-K-A	Positive	0.353738	0.646262
8I0P-P-A	Negative	0.71449	0.28551
8QPW-X-F	Positive	0.345272	0.654728
8R7L-D-H	Negative	0.735681	0.264319
8RNH-C-A	Negative	0.619263	0.380737
8XNY-r-C	Negative	0.663894	0.336106
8XNY-R-D	Negative	0.801081	0.198919
8BCT-H-D	Negative	0.869928	0.130072
8X2M-C-A	Negative	0.899355	0.100645
8X2M-D-A	Negative	0.931136	0.0688643
8X2M-F-A	Negative	0.908175	0.0918251
8TH6-H-A	Negative	0.624756	0.375244
8TH6-G-B	Negative	0.624756	0.375244
8TH6-F-C	Negative	0.662448	0.337552
8GJ5-D-A	Positive	0.357883	0.642117
8GJ5-E-B	Positive	0.29876	0.70124
8GJ5-F-C	Positive	0.306289	0.693711
8P0Q-C-A	Positive	0.429123	0.570877
8P0Q-D-B	Positive	0.358741	0.641259
8B0P-B-A	Positive	0.23709	0.76291
8RX1-i-A	Negative	0.739084	0.260916
8RX1-G-B	Negative	0.750063	0.249937
8RX1-s-D	Negative	0.68899	0.31101
8XGC-K-I	Negative	0.466207	0.533793
8RRK-C-A	Negative	0.704338	0.295662
8S6T-C-A	Positive	0.264745	0.735255
8HEY-O-a	Negative	0.909201	0.0907986
8HEY-T-D	Negative	0.773696	0.226304
8HEY-Q-A	Negative	0.770029	0.229971
8J48-D-B	Negative	0.465654	0.534346
8J48-A-B	Positive	0.404818	0.595182
8X53-E-A	Negative	0.897997	0.102003
8XLP-f-a	Negative	0.854735	0.145265
8XLP-i-a	Negative	0.826122	0.173878
8XLP-t-a	Negative	0.939114	0.0608859
8XLP-w-a	Negative	0.822397	0.177603
8XLP-m-b	Negative	0.883116	0.116884
8XLP-x-b	Negative	0.862027	0.137973
8XLP-y-c	Negative	0.887662	0.112338
8XES-C-A	Negative	0.742865	0.257135
8J7H-E-A	Negative	0.594403	0.405597
8ADI-F-A	Positive	0.222926	0.777074
8GJI-B-A	Negative	0.727115	0.272885
8PEF-B-A	Positive	0.274574	0.725426
8TUT-B-A	Positive	0.13806	0.86194
8I10-G-A	Negative	0.636213	0.363787
8C3Z-B-A	Positive	0.358344	0.641656
8I0R-W-A	Negative	0.595603	0.404397
8QSJ-m-8	Negative	0.863727	0.136273
8CME-C-A	Negative	0.706864	0.293136
8GO9-G-A	Negative	0.778658	0.221342
8XZG-L-R	Positive	0.30233	0.69767
8Z11-j-A	Negative	0.893961	0.106039
8Z11-i-B	Negative	0.925743	0.0742568
8Z11-m-B	Negative	0.950995	0.0490048
8RBH-C-A	Positive	0.355881	0.644119
8RBH-D-B	Positive	0.378469	0.621531
8VME-B-A	Negative	0.904689	0.0953106
8VME-C-A	Positive	0.407186	0.592814
8I0S-K-A	Negative	0.681576	0.318424
8ZEB-C-A	Positive	0.227054	0.772946
8C3J-C-A	Negative	0.704689	0.295311
8C3J-J-A	Negative	0.704689	0.295311
8JXV-D-C	Negative	0.844492	0.155508
8D5N-E-C	Positive	0.449024	0.550976
8D5N-B-A	Negative	0.545158	0.454842
8P5R-P-A	Negative	0.816603	0.183397
8EYA-D-A	Positive	0.358919	0.641081
8FVY-f-d	Negative	0.564698	0.435302
8B1F-C-A	Negative	0.490734	0.509266
8DZQ-D-C	Negative	0.905798	0.0942016
8IIY-C-A	Positive	0.265919	0.734081
8FG0-P-C	Positive	0.136218	0.863782
8FG0-Q-C	Positive	0.223897	0.776103
8AGE-B-A	Negative	0.890823	0.109177
8AGE-P-A	Negative	0.555232	0.444768
8QT4-B-A	Positive	0.312662	0.687338
8F2Q-B-A	Positive	0.228867	0.771133
8F2Q-C-A	Negative	0.484975	0.515025
8TOR-E-A	Negative	0.82903	0.17097
8YOR-E-A	Negative	0.930506	0.0694939
8YOR-F-C	Negative	0.927234	0.0727658
8IHM-M-C	Positive	0.289689	0.710311
8C26-B-A	Negative	0.714721	0.285279
8BY6-C-A	Positive	0.352077	0.647923
8XNQ-s-E	Negative	0.644516	0.355484
8ZGT-C-A	Negative	0.906358	0.0936422
8IMX-P-G	Positive	0.255608	0.744392
8BE6-P-R	Positive	0.397893	0.602107
8EXJ-D-A	Positive	0.367961	0.632039
8WXQ-C-A	Negative	0.645493	0.354507
8VP5-C-A	Negative	0.650023	0.349977
8KME-4-2	Negative	0.467347	0.532653
8DUZ-F-A	Negative	0.786325	0.213675
8DUZ-E-C	Negative	0.893865	0.106135
8WV1-Z-F	Negative	0.751381	0.248619
8WV1-9-g	Negative	0.585371	0.414629
8QY9-A-L	Negative	0.642969	0.357031
8QPK-7-D	Negative	0.892057	0.107943
8QPK-X-A	Negative	0.486743	0.513257
8UU5-6-E	Positive	0.2442	0.7558
8HE0-B-A	Positive	0.306494	0.693506
8WXV-B-A	Negative	0.578985	0.421015
8B6J-L-C	Negative	0.908822	0.0911785
8B6J-l-c	Negative	0.908822	0.0911785
8YVZ-E-A	Positive	0.399525	0.600475
8SH9-N-B	Negative	0.827975	0.172025
8R8U-C-A	Positive	0.422337	0.577663
8F7S-P-R	Negative	0.693822	0.306178
8T31-B-A	Negative	0.888727	0.111273
8T31-F-A	Negative	0.916894	0.0831062
8T31-D-C	Negative	0.890443	0.109557
8T31-H-G	Negative	0.768274	0.231726
8T31-J-I	Negative	0.574315	0.425685
8QOO-B-A	Positive	0.209753	0.790247
8TWE-C-A	Positive	0.363416	0.636584
8TWE-D-B	Positive	0.259763	0.740237
8PKV-P-B	Positive	0.394526	0.605474
8IW4-C-B	Negative	0.889812	0.110188
8HC0-C-A	Negative	0.537862	0.462138
8PO2-D-A	Negative	0.845561	0.154439
8W6L-C-A	Negative	0.892506	0.107494
8S73-M-A	Positive	0.312727	0.687273
8F9S-P-H	Positive	0.408912	0.591088
8QTT-K-A	Negative	0.602345	0.397655
8QTT-N-D	Negative	0.609894	0.390106
8IB5-s-E	Negative	0.5	0.5
8B8W-D-B	Negative	0.958041	0.0419588
8EI3-G-C	Negative	0.655034	0.344966
8Y47-B-A	Negative	0.69832	0.30168
8BC6-D-A	Positive	0.320562	0.679438
8IYA-D-B	Negative	0.469099	0.530901
8EMJ-C-A	Negative	0.818416	0.181584
8B5R-X-B	Negative	0.62214	0.37786
8GKV-B-A	Negative	0.906114	0.0938861
8WXR-C-A	Negative	0.580842	0.419158
8WXR-D-B	Negative	0.662053	0.337947
8TPJ-Q-B	Negative	0.649494	0.350506
8TPJ-P-E	Negative	0.689494	0.310506
8TPJ-S-F	Negative	0.49496	0.50504
8TPJ-R-N	Positive	0.374326	0.625674
8TTC-E-D	Positive	0.404297	0.595703
8EKA-P-H	Positive	0.437966	0.562034
8X4Q-B-A	Negative	0.91549	0.0845097
8X4Q-J-I	Negative	0.918731	0.0812694
8DEU-D-B	Positive	0.299236	0.700764
8A5A-X-G	Negative	0.566579	0.433421
8S1U-1-3	Positive	0.448753	0.551247
8S1U-6-F	Negative	0.74388	0.25612
8FHL-C-A	Negative	0.938992	0.0610082
8C40-B-A	Positive	0.394726	0.605274
8Z0A-E-A	Negative	0.643297	0.356703
8QHL-D-B	Positive	0.448208	0.551792
8BJ0-B-A	Positive	0.398603	0.601397
8TRH-d-4	Negative	0.732636	0.267364
8HBD-L-R	Negative	0.908329	0.0916714
8R5I-B-A	Positive	0.444469	0.555531
8QSB-H-A	Positive	0.415035	0.584965
8ASC-J-E	Positive	0.396587	0.603413
8RN3-D-A	Negative	0.734757	0.265243
8RN3-E-A	Negative	0.542979	0.457021
8RU4-C-A	Negative	0.820429	0.179571
8SXE-F-B	Negative	0.758931	0.241069
8DUJ-M-G	Positive	0.218649	0.781351
8A8R-L-A	Negative	0.830836	0.169164
8A8R-M-B	Negative	0.837849	0.162151
8FAT-E-A	Positive	0.330266	0.669734
8FAT-F-C	Positive	0.221397	0.778603
8F7Z-K-E	Negative	0.877235	0.122765
8IA8-L-A	Negative	0.813798	0.186202
8OSL-P-O	Negative	0.724747	0.275253
8DGH-B-A	Negative	0.619842	0.380158
8JYQ-C-A	Positive	0.4383	0.5617
8JYQ-F-D	Positive	0.36971	0.63029
8DYD-C-A	Positive	0.416174	0.583826
8FJK-m-C	Negative	0.52726	0.47274
8GQV-C-A	Negative	0.765343	0.234657
8B1G-C-A	Positive	0.42563	0.57437
8W6B-D-A	Negative	0.5871	0.4129
8S6N-E-A	Positive	0.43832	0.56168
8TMY-S-H	Negative	0.542274	0.457726
8TMY-N-B	Negative	0.642959	0.357041
8UXZ-I-C	Positive	0.327831	0.672169
8TL6-E-A	Negative	0.603557	0.396443
8T5E-B-A	Negative	0.8495	0.1505
8JC0-m-d	Negative	0.937239	0.0627608
8WXU-D-B	Negative	0.484411	0.515589
8IA4-Q-A	Negative	0.605155	0.394845
8RNE-P-A	Negative	0.766751	0.233249
8INF-T-f	Negative	0.525706	0.474294
8Y1U-B-A	Negative	0.717335	0.282665
8Y1U-C-A	Negative	0.734441	0.265559
8T56-C-A	Negative	0.727384	0.272616
8T56-D-A	Negative	0.759552	0.240448
8T56-E-A	Negative	0.759552	0.240448
8T56-F-A	Negative	0.781563	0.218437
8JIT-P-R	Negative	0.676821	0.323179
8PPR-Z-N	Negative	0.813264	0.186736
8XVA-F-B	Negative	0.939485	0.0605146
8C5G-D-A	Negative	0.462961	0.537039
8DGP-F-A	Positive	0.107152	0.892848
8DGP-E-B	Positive	0.203188	0.796812
8DGP-G-C	Positive	0.171407	0.828593
8UY3-E-A	Positive	0.314513	0.685487
8UY3-H-B	Positive	0.145659	0.854341
8UY3-I-D	Positive	0.143304	0.856696
8Y84-A-B	Negative	0.927063	0.0729374
8RWG-6-8	Negative	0.815872	0.184128
8OFG-C-A	Negative	0.672073	0.327927
8CSP-Q-B	Positive	0.26963	0.73037
8CSP-K-C	Negative	0.747086	0.252914
8G8A-C-A	Negative	0.5	0.5
8G8A-P-H	Negative	0.647243	0.352757
8EGS-I-Y	Negative	0.790234	0.209766
8JAS-O-K	Positive	0.311039	0.688961
8IJ0-C-A	Positive	0.185971	0.814029
8IJ0-D-A	Positive	0.185971	0.814029
8Q8K-C-A	Positive	0.0981862	0.901814
8COB-B-A	Negative	0.664452	0.335548
8COB-F-E	Negative	0.547524	0.452476
8REF-C-A	Negative	0.947058	0.0529424
8AI5-C-A	Positive	0.399123	0.600877
8AI5-D-A	Positive	0.399123	0.600877
8I17-C-A	Positive	0.321265	0.678735
8I17-F-B	Positive	0.355175	0.644825
8I17-I-E	Positive	0.180787	0.819213
8JUD-B-A	Negative	0.488584	0.511416
8GY7-M-P	Positive	0.386247	0.613753
8EIK-F-E	Negative	0.703448	0.296552
8X06-D-B	Negative	0.944693	0.0553068
8WB4-w-3	Negative	0.792772	0.207228
8WB4-F-A	Negative	0.890393	0.109607
8WB4-J-A	Negative	0.900897	0.0991031
8WB4-T-A	Negative	0.936321	0.0636785
8WB4-L-A	Negative	0.863512	0.136488
8WB4-m-D	Negative	0.885738	0.114262
8WB4-M-S	Negative	0.885738	0.114262
8WB4-Y-Z	Negative	0.919033	0.0809674
8WB4-f-d	Negative	0.890393	0.109607
8A62-B-A	Positive	0.218729	0.781271
8US8-R-H	Positive	0.402979	0.597021
8YWF-P-R	Negative	0.753525	0.246475
8DGO-C-B	Positive	0.357235	0.642765
8ZUJ-A-D	Negative	0.794295	0.205705
8HK5-G-D	Negative	0.860701	0.139299
8RTD-e-J	Negative	0.904133	0.095867
8RTD-d-b	Negative	0.936836	0.0631635
8RTD-i-f	Negative	0.713401	0.286599
8RTD-D-h	Negative	0.57604	0.42396
8RTD-F-h	Negative	0.758694	0.241306
8YJ2-C-A	Negative	0.670312	0.329688
8C43-B-A	Positive	0.398356	0.601644
8QU4-A-B	Positive	0.118817	0.881183
8PM0-P-A	Positive	0.269723	0.730277
8YTF-B-A	Positive	0.248394	0.751606
8YWA-D-A	Negative	0.914195	0.0858053
8D35-C-A	Positive	0.352656	0.647344
8TH5-K-A	Negative	0.829042	0.170958
8TH5-Q-A	Negative	0.670118	0.329882
8TH5-P-F	Negative	0.776699	0.223301
8RKS-L-C	Positive	0.444212	0.555788
8FY3-C-A	Negative	0.61611	0.38389
8D5F-P-A	Negative	0.586886	0.413114
8FVQ-L-A	Negative	0.487599	0.512401
8J6F-B-I	Negative	0.523495	0.476505
8FG6-A-B	Negative	0.518933	0.481067
8QU2-A-B	Positive	0.13184	0.86816
8Q91-B-A	Negative	0.458622	0.541378
8B2F-H-A	Positive	0.389315	0.610685
8B2F-T-A	Positive	0.389315	0.610685
8FAS-C-A	Positive	0.273552	0.726448
8SM5-B-A	Negative	0.734955	0.265045
8SM5-D-C	Negative	0.792904	0.207096
8SM5-J-I	Negative	0.737665	0.262335
8DGM-B-A	Negative	0.484977	0.515023
8XV7-B-A	Negative	0.832981	0.167019
8XV7-F-A	Negative	0.839053	0.160947
8XV7-H-A	Negative	0.932533	0.0674667
8R7N-E-j	Negative	0.547643	0.452357
8D5J-C-A	Negative	0.772641	0.227359
8IQ4-G-B	Negative	0.910749	0.0892512
8ZDB-e-J	Negative	0.5	0.5
8ZDB-f-M	Positive	0.211007	0.788993
8WKY-B-A	Positive	0.29767	0.70233
8PM5-N-G	Positive	0.167018	0.832982
8XKM-F-A	Negative	0.896582	0.103418
8JSL-E-A	Negative	0.840956	0.159044
8JSL-D-B	Negative	0.842333	0.157667
8CVZ-F-B	Negative	0.67231	0.32769
8CVZ-G-C	Negative	0.700096	0.299904
8Q23-E-A	Positive	0.206334	0.793666
8EGT-E-A	Positive	0.358288	0.641712
8WJX-G-B	Negative	0.870595	0.129405
8TUR-B-A	Positive	0.0715169	0.928483
8FPJ-D-A	Negative	0.901651	0.098349
8FPJ-E-A	Negative	0.936371	0.0636295
8AN9-E-A	Negative	0.643811	0.356189
8TAR-B-L	Negative	0.714922	0.285078
8CV7-D-A	Negative	0.53645	0.46355
8IHN-A-K	Positive	0.200114	0.799886
8BYL-D-B	Positive	0.0962319	0.903768
8FUD-C-A	Negative	0.5222	0.4778
8FUD-D-B	Positive	0.422518	0.577482
8CMH-C-A	Positive	0.316876	0.683124
8WSS-L-R	Negative	0.766435	0.233565
8WEE-B-A	Positive	0.109712	0.890288
8HEO-G-B	Negative	0.606207	0.393793
8PXX-B-A	Positive	0.248625	0.751375
8SDM-I-A	Negative	0.543961	0.456039
8SDM-X-A	Negative	0.534679	0.465321
8SDM-Y-B	Negative	0.514007	0.485993
8HIL-L-B	Negative	0.684871	0.315129
8ZLX-b-B	Negative	0.682119	0.317881
8ZLX-d-D	Negative	0.766604	0.233396
8ELG-C-A	Negative	0.679291	0.320709
8B1A-C-A	Negative	0.493493	0.506507
8CMC-C-A	Negative	0.955179	0.0448206
8AFZ-C-B	Negative	0.819895	0.180105
8IWH-J-A	Negative	0.908496	0.091504
8IWH-L-A	Negative	0.857698	0.142302
8IWH-M-A	Negative	0.881853	0.118147
8IWH-T-A	Negative	0.930983	0.069017
8IWH-t-B	Negative	0.930983	0.069017
8IWH-K-C	Negative	0.965545	0.0344551
8IWH-Y-C	Negative	0.918929	0.0810714
8IWH-X-D	Negative	0.895565	0.104435
8IWH-f-d	Negative	0.914718	0.0852816
8HVP-I-A	Negative	0.821181	0.178819
8IN0-B-A	Positive	0.359367	0.640633
8F7W-P-R	Negative	0.712368	0.287632
8EF5-F-M	Negative	0.894698	0.105302
8R8V-C-A	Negative	0.671938	0.328062
8Z05-C-A	Negative	0.809709	0.190291
8XV4-C-A	Negative	0.737514	0.262486
8EQI-F-A	Positive	0.405078	0.594922
8AS9-D-A	Negative	0.787955	0.212045
8ASL-I-b	Negative	0.955385	0.0446148
8ASL-E-l	Negative	0.882815	0.117185
8ASL-F-l	Negative	0.940453	0.0595471
8VWE-C-H	Negative	0.859617	0.140383
8PK6-B-A	Negative	0.62259	0.37741
8PK6-D-C	Negative	0.653584	0.346416
8PK6-F-E	Negative	0.773958	0.226042
8AS3-B-A	Positive	0.414437	0.585563
8AM5-E-A	Negative	0.877488	0.122512
8AM5-I-A	Negative	0.92293	0.07707
8AM5-F-D	Negative	0.940453	0.0595471
8FYU-E-B	Positive	0.408881	0.591119
8OIJ-C-A	Negative	0.77442	0.22558
8OIJ-D-A	Negative	0.77442	0.22558
8CJ1-I-A	Positive	0.382611	0.617389
8CJ1-K-E	Positive	0.382611	0.617389
8TH7-C-A	Negative	0.850789	0.149211
8TH7-D-B	Negative	0.864084	0.135916
8TKT-D-C	Negative	0.61553	0.38447
8RZU-B-A	Positive	0.444055	0.555945
8SBK-C-A	Negative	0.939355	0.0606448
8DKN-C-A	Negative	0.883245	0.116755
8RBU-C-A	Negative	0.947058	0.0529424
8B2K-B-A	Positive	0.304165	0.695835
8BVF-D-A	Negative	0.494211	0.505789
8A61-G-J	Negative	0.791334	0.208666
8A61-W-K	Negative	0.74473	0.25527
8D4T-X-N	Negative	0.839773	0.160227
8VML-I-C	Positive	0.376373	0.623627
8FYH-E-B	Negative	0.60495	0.39505
8RLV-C-A	Negative	0.864558	0.135442
8PN5-I-A	Negative	0.511055	0.488945
8PN5-N-F	Positive	0.433253	0.566747
8TXR-a-C	Negative	0.842735	0.157265
8EOI-D-A	Negative	0.933373	0.0666274
8AOQ-C-A	Negative	0.747916	0.252084
8I0T-K-A	Negative	0.750273	0.249727
8G7R-8-G	Negative	0.624608	0.375392
8FYM-P-L	Negative	0.592517	0.407483
8FYM-C-A	Negative	0.693063	0.306937
8FYM-J-G	Negative	0.693063	0.306937
8YW4-P-R	Negative	0.816419	0.183581
8PR0-D-F	Negative	0.822135	0.177865
8JOW-B-A	Positive	0.264725	0.735275
8JOW-D-A	Positive	0.325858	0.674142
8G8N-C-A	Positive	0.360769	0.639231
8XGS-F-A	Negative	0.608248	0.391752
8UMX-A-B	Negative	0.694339	0.305661
8IVZ-C-A	Negative	0.848176	0.151824
8CF1-E-B	Negative	0.795051	0.204949
8VP9-C-A	Negative	0.747153	0.252847
8VP9-D-A	Negative	0.623873	0.376127
8EI6-C-A	Negative	0.657918	0.342082
8JBF-A-B	Positive	0.377763	0.622237
8RMO-F-H	Positive	0.35228	0.64772
8RMY-J-A	Negative	0.468918	0.531082
8GAL-B-A	Positive	0.263971	0.736029
8V5Y-C-B	Positive	0.300102	0.699898
8JJV-B-A	Negative	0.900869	0.0991314
8YPF-B-A	Negative	0.716358	0.283642
8PKX-P-B	Positive	0.302789	0.697211
8DVM-B-A	Negative	0.615758	0.384242
8PJE-C-A	Negative	0.562971	0.437029
8Q6P-L-3	Negative	0.672048	0.327952
8Z82-S-C	Negative	0.926683	0.0733174
8Z82-U-C	Negative	0.922262	0.0777378
8Z82-D-L	Negative	0.926683	0.0733174
8Z82-7-L	Negative	0.922262	0.0777378
8Z82-0-B	Negative	0.91944	0.0805604
8EH5-G-H	Negative	0.456491	0.543509
8BBK-G-A	Positive	0.322222	0.677778
8B4Q-B-A	Positive	0.223491	0.776509
8WGO-C-A	Negative	0.926634	0.0733659
8IR2-C-A	Negative	0.538319	0.461681
8FE6-B-A	Negative	0.886222	0.113778
8GNN-D-C	Positive	0.346059	0.653941
8FRU-l-X	Negative	0.510571	0.489429
8GJ0-F-B	Negative	0.517113	0.482887
8W8G-E-A	Positive	0.193953	0.806047
8W8G-F-B	Positive	0.245797	0.754203
8W8G-G-C	Positive	0.151254	0.848746
8CZG-E-A	Negative	0.897861	0.102139
8CZG-H-A	Negative	0.903368	0.0966322
8CZG-G-B	Negative	0.897861	0.102139
8QQE-C-A	Positive	0.217724	0.782276
8QQE-D-A	Negative	0.678608	0.321392
8YZR-E-A	Negative	0.574513	0.425487
8TBW-C-A	Negative	0.82216	0.17784
8CZH-B-A	Negative	0.88744	0.11256
8GSV-B-A	Negative	0.883805	0.116195
8GSV-L-A	Negative	0.852278	0.147722
8GSV-P-O	Negative	0.886473	0.113527
8GSV-V-S	Negative	0.88794	0.11206
8GSV-N-W	Negative	0.907646	0.0923545
8ZPU-D-B	Positive	0.383269	0.616731
8DS7-M-L	Negative	0.914268	0.0857317
8DL7-F-A	Positive	0.174258	0.825742
8S6U-C-A	Positive	0.229181	0.770819
8S6U-D-A	Positive	0.286268	0.713732
8V8F-E-B	Positive	0.232209	0.767791
8V8F-H-A	Positive	0.442842	0.557158
8XKW-E-A	Negative	0.864765	0.135235
8X3S-B-A	Positive	0.0799068	0.920093
8JZD-B-A	Positive	0.448583	0.551417
8JZD-D-A	Negative	0.477786	0.522214
8IHP-M-B	Positive	0.405483	0.594517
8QT8-B-A	Positive	0.161135	0.838865
8HYJ-W-B	Negative	0.795019	0.204981
8RYK-C-A	Negative	0.580698	0.419302
8RYK-D-B	Negative	0.459362	0.540638
8JTI-e-V	Negative	0.737199	0.262801
8JBH-A-B	Negative	0.5	0.5
8ZTZ-E-C	Negative	0.744483	0.255517
8QYZ-I-C	Negative	0.898447	0.101553
8DYT-I-L	Positive	0.273221	0.726779
8Q1N-a-A	Negative	0.577417	0.422583
8B8O-C-B	Positive	0.182105	0.817895
8B8O-D-A	Positive	0.431854	0.568146
8TTU-B-A	Negative	0.545262	0.454738
8UGB-D-A	Positive	0.328091	0.671909
8UGB-C-B	Positive	0.267913	0.732087
8J8V-G-A	Negative	0.778658	0.221342
8CD8-B-A	Positive	0.237215	0.762785
8PNQ-G-A	Positive	0.265901	0.734099
8CSS-K-C	Negative	0.783324	0.216676
8EBK-B-A	Negative	0.588818	0.411182
8RHB-T-K	Negative	0.729632	0.270368
8RHB-t-K	Positive	0.35978	0.64022
8F9U-P-A	Positive	0.189271	0.810729
8WKD-C-A	Negative	0.842728	0.157272
8DGQ-U-A	Negative	0.651613	0.348387
8DGQ-V-A	Negative	0.542668	0.457332
8PNP-G-A	Positive	0.26673	0.73327
8C7H-A-B	Negative	0.81287	0.18713
8EC5-C-A	Negative	0.578973	0.421027
8CD3-A-B	Positive	0.336416	0.663584
8BVA-B-A	Positive	0.347653	0.652347
8H2U-K-A	Negative	0.954433	0.0455672
8SDO-B-A	Positive	0.356523	0.643477
8P0D-B-A	Negative	0.473804	0.526196
8EI1-E-A	Negative	0.549619	0.450381
8EI1-G-C	Negative	0.524325	0.475675
8EI1-H-D	Negative	0.552932	0.447068
8TXX-K-H	Negative	0.648392	0.351608
8Q3S-C-A	Positive	0.176508	0.823492
8VOD-B-A	Negative	0.854024	0.145976
8V3O-I-A	Positive	0.378823	0.621177
8R1T-D-A	Positive	0.203939	0.796061
8WA2-H-A	Negative	0.721203	0.278797
8WA2-I-B	Negative	0.570118	0.429882
8UC6-G-C	Negative	0.781434	0.218566
8FR8-c-x	Negative	0.657578	0.342422
8IPL-B-A	Negative	0.601763	0.398237
8TTD-B-A	Positive	0.338825	0.661175
8SKV-a-A	Negative	0.680237	0.319763
8YTD-B-A	Negative	0.824299	0.175701
8YTD-C-A	Negative	0.664912	0.335088
8DJ6-E-A	Negative	0.697815	0.302185
8AJM-C-B	Positive	0.297143	0.702857
8TEE-C-A	Negative	0.814448	0.185552
8TEE-D-B	Negative	0.811266	0.188734
8QLV-B-A	Negative	0.600902	0.399098
8VPU-B-A	Positive	0.294937	0.705063
8DTU-B-A	Negative	0.567661	0.432339
8DTU-C-A	Negative	0.566137	0.433863
8GTX-B-A	Negative	0.898196	0.101804
8V8E-C-A	Positive	0.271327	0.728673
8TGF-B-A	Negative	0.571171	0.428829
8XKE-M-A	Negative	0.869995	0.130005
8FUA-B-A	Positive	0.204355	0.795645
8FUA-C-A	Positive	0.118965	0.881035
8PP6-K-G	Negative	0.473472	0.526528
8EHZ-C-A	Negative	0.818047	0.181953
8B8I-I-A	Negative	0.7669	0.2331
8B8I-K-A	Negative	0.484414	0.515586
8B8I-L-B	Negative	0.619819	0.380181
8B8I-O-G	Negative	0.639621	0.360379
8J64-B-A	Negative	0.719403	0.280597
8SW6-C-A	Negative	0.65638	0.34362
8SW6-D-B	Negative	0.624245	0.375755
8H3C-F-B	Negative	0.827841	0.172159
8QLM-C-A	Negative	0.815107	0.184893
8B1D-C-A	Positive	0.392323	0.607677
8Z06-E-A	Positive	0.349119	0.650881
8I3G-D-A	Negative	0.813105	0.186895
8I3G-C-B	Negative	0.818048	0.181952
8YR4-D-A	Positive	0.385063	0.614937
8A5Y-G-J	Negative	0.77497	0.22503
8R6F-e-X	Negative	0.453633	0.546367
8R6F-h-k	Negative	0.917203	0.0827969
8BR9-B-A	Negative	0.484677	0.515323
8GIZ-F-B	Negative	0.76208	0.23792
8DWK-C-A	Positive	0.408733	0.591267
8DWK-D-A	Positive	0.414951	0.585049
8C00-g-W	Positive	0.371556	0.628444
8X2Z-L-M	Negative	0.533288	0.466712
8RN4-E-A	Negative	0.624385	0.375615
8RN4-D-A	Negative	0.714595	0.285405
8TK7-E-B	Negative	0.467475	0.532525
8CTA-C-A	Negative	0.77443	0.22557
8CTA-G-E	Negative	0.75748	0.24252
8CTA-K-I	Negative	0.800737	0.199263
8CTA-O-M	Negative	0.773851	0.226149
8I4O-B-A	Negative	0.628952	0.371048
8I4O-D-C	Negative	0.671397	0.328603
8I4O-L-K	Negative	0.606773	0.393227
8GJS-B-A	Negative	0.663301	0.336699
8TUS-C-A	Positive	0.0915591	0.908441
8CQY-B-A	Positive	0.283082	0.716918
8K2X-L-R	Negative	0.5	0.5
8VDC-B-A	Positive	0.356984	0.643016
8EI9-C-A	Negative	0.821363	0.178637
8QSZ-G-A	Negative	0.836591	0.163409
8QSZ-X-B	Negative	0.641954	0.358046
8URE-B-A	Negative	0.684683	0.315317
8QTC-C-A	Positive	0.271012	0.728988
8G4Y-B-A	Negative	0.633636	0.366364
8ZBE-P-A	Positive	0.36428	0.63572
8RIK-T-K	Positive	0.360304	0.639696
8RIK-t-K	Negative	0.491508	0.508492
8RAJ-B-A	Negative	0.751279	0.248721
8IQM-B-A	Negative	0.753176	0.246824
8CGR-U-K	Negative	0.547571	0.452429
8YDQ-A-B	Negative	0.890656	0.109344
8AQB-C-B	Positive	0.369184	0.630816
8TGP-B-A	Positive	0.259521	0.740479
8DZR-D-C	Negative	0.907148	0.0928516
8T19-B-A	Negative	0.69342	0.30658
8WMV-J-A	Negative	0.928357	0.0716425
8BED-I-G	Positive	0.328735	0.671265
8BED-W-G	Positive	0.380707	0.619293
8GZE-D-A	Positive	0.355176	0.644824
8VNV-I-C	Positive	0.451618	0.548382
8T51-E-A	Negative	0.698574	0.301426
8ODT-F-A	Negative	0.93335	0.06665
8ODT-G-A	Negative	0.914913	0.0850866
8TUB-Q-F	Positive	0.451846	0.548154
8TUB-K-F	Positive	0.451846	0.548154
8DGN-B-A	Positive	0.308597	0.691403
8K31-A-B	Negative	0.77811	0.22189
8FZM-B-A	Positive	0.181362	0.818638
8CAS-n-m	Positive	0.208498	0.791502
8V9Q-D-A	Positive	0.155236	0.844764
8V9Q-H-A	Positive	0.24621	0.75379
8V9Q-F-B	Positive	0.157949	0.842051
8Y1Y-B-A	Negative	0.722613	0.277387
8FIQ-B-A	Negative	0.853807	0.146193
8WQB-K-J	Negative	0.670611	0.329389
8I0W-4-A	Positive	0.318788	0.681212
8WK4-n-A	Negative	0.920711	0.0792892
8WK4-o-A	Negative	0.807697	0.192303
8WK4-s-F	Negative	0.878678	0.121322
8WK4-p-Y	Negative	0.886332	0.113668
8XZF-L-R	Positive	0.315585	0.684415
8RC4-r-b	Negative	0.830485	0.169515
8ISN-C-A	Negative	0.490438	0.509562
8ESE-X-Z	Negative	0.855514	0.144486
8HEQ-A-B	Negative	0.884471	0.115529
8BFJ-B-A	Negative	0.568817	0.431183
8F9V-N-C	Positive	0.129773	0.870227
8ECH-C-E	Positive	0.12965	0.87035
8EI7-C-A	Negative	0.821873	0.178127
8BEL-T-C	Negative	0.931454	0.0685461
8RBM-B-A	Negative	0.922588	0.0774116
8RBM-b-C	Positive	0.44266	0.55734
8Q0Q-Y-M	Negative	0.891662	0.108338
8TX8-D-A	Positive	0.160167	0.839833
8C01-g-W	Positive	0.389828	0.610172
8A3T-W-K	Negative	0.741944	0.258056
8A3T-S-A	Negative	0.606125	0.393875
8VWO-B-A	Positive	0.193071	0.806929
8JE2-H-D	Negative	0.692155	0.307845
8WZ2-L-R	Negative	0.61219	0.38781
8WG8-E-R	Positive	0.237844	0.762156
8PVX-H-C	Negative	0.926697	0.0733026
8SGH-B-A	Positive	0.28601	0.71399
8HQV-B-A	Positive	0.322824	0.677176
8EFO-F-M	Negative	0.936353	0.0636467
8T1L-9-C	Positive	0.365914	0.634086
8WQA-L-D	Negative	0.569264	0.430736
8D7M-C-A	Negative	0.65433	0.34567
8WXZ-P-A	Positive	0.40522	0.59478
8P9O-P-A	Positive	0.2511	0.7489
8TAU-E-I	Negative	0.466807	0.533193
8F5Q-B-A	Positive	0.375125	0.624875
8F5Q-F-E	Positive	0.36679	0.63321
8ZEE-1-D	Negative	0.907889	0.0921105
8A8X-B-A	Negative	0.485558	0.514442
8A8X-D-C	Negative	0.573424	0.426576
8XKC-C-A	Negative	0.931711	0.0682893
8QCB-E-B	Negative	0.782556	0.217444
8CH6-t-w	Negative	0.854958	0.145042
8X98-D-A	Positive	0.402531	0.597469
8HQZ-k-A	Negative	0.835946	0.164054
8HQZ-e-L	Negative	0.767615	0.232385
8HQZ-d-Q	Negative	0.765696	0.234304
8HQZ-f-Q	Negative	0.731507	0.268493
8C3C-B-A	Positive	0.233386	0.766614
8TNP-C-B	Negative	0.836118	0.163882
8PKL-p-d	Negative	0.535627	0.464373
8BP4-F-B	Positive	0.309508	0.690492
8BP4-E-C	Positive	0.309508	0.690492
8U12-C-D	Negative	0.895031	0.104969
8U12-H-D	Negative	0.895031	0.104969
8U12-A-F	Negative	0.895031	0.104969
8C1Y-B-A	Negative	0.780121	0.219879
8A8Q-C-A	Negative	0.764184	0.235816
8A8Q-D-A	Negative	0.743806	0.256194
8Q7I-P-A	Negative	0.811538	0.188462
8PR2-j-f	Negative	0.787813	0.212187
8SV0-C-B	Positive	0.367961	0.632039
8SV0-E-B	Positive	0.36954	0.63046
8BWF-a-A	Negative	0.483113	0.516887
8BWF-i-F	Negative	0.483113	0.516887
8UA4-R-G	Negative	0.5	0.5
8RTN-I-H	Negative	0.765439	0.234561
8YGL-2-1	Negative	0.923426	0.0765743
8YGL-Z-1	Negative	0.928479	0.071521
8YGL-a-1	Negative	0.922008	0.0779917
8YGL-b-1	Negative	0.943492	0.0565078
8YGL-7-9	Negative	0.926811	0.0731886
8AZW-O-G	Positive	0.231171	0.768829
8AZW-X-T	Positive	0.402373	0.597627
8HDJ-A-B	Negative	0.866806	0.133194
8HDJ-E-F	Negative	0.850363	0.149637
8RLT-C-A	Negative	0.868009	0.131991
8J97-V-A	Negative	0.5	0.5
8HEX-O-o	Negative	0.91276	0.08724
8F3B-C-A	Negative	0.85226	0.14774
8UAU-S-A	Negative	0.81011	0.18989
8CVY-E-A	Negative	0.648976	0.351024
8YSZ-C-A	Negative	0.829976	0.170024
8YSZ-E-A	Negative	0.879198	0.120802
8YSZ-D-B	Negative	0.926238	0.0737624
8EBL-D-A	Positive	0.187773	0.812227
8I5E-P-H	Negative	0.810907	0.189093
8QCA-E-B	Negative	0.837423	0.162577
8F88-E-A	Positive	0.368281	0.631719
8F88-F-B	Positive	0.365531	0.634469
8F88-G-B	Positive	0.378136	0.621864
8XG2-C-A	Negative	0.891405	0.108595
8PN3-C-A	Negative	0.557383	0.442617
8PN3-D-B	Negative	0.597963	0.402037
8QZZ-C-A	Negative	0.848503	0.151497
8S6O-H-D	Negative	0.464284	0.535716
8XDN-C-A	Negative	0.89282	0.10718
8XDN-D-A	Negative	0.89282	0.10718
8XDN-E-A	Negative	0.857757	0.142243
8XDN-J-A	Negative	0.863657	0.136343
8J5O-7-0	Negative	0.874185	0.125815
8J5O-9-0	Negative	0.874185	0.125815
8J5O-1-2	Negative	0.904563	0.0954366
8J5O-X-C	Negative	0.923525	0.0764746
8J5O-J-I	Negative	0.874185	0.125815
8UFB-U-A	Negative	0.5	0.5
8YCX-U-A	Negative	0.950958	0.0490418
8S31-C-A	Negative	0.599894	0.400106
8S31-D-B	Negative	0.549816	0.450184
8CZ9-C-A	Positive	0.424477	0.575523
8WXX-D-A	Negative	0.681634	0.318366
8FA7-P-H	Positive	0.144242	0.855758
8K8E-G-A	Negative	0.917811	0.0821892
8OKF-B-A	Negative	0.885667	0.114333
8ZJD-L-R	Negative	0.617404	0.382596
8WQI-G-D	Negative	0.882627	0.117373
8ETI-T-C	Positive	0.448401	0.551599
8X8L-C-R	Positive	0.285421	0.714579
8Q1Q-D-A	Negative	0.687934	0.312066
8BV1-N-A	Negative	0.619384	0.380616
8HIB-D-V	Negative	0.681663	0.318337
8DP5-E-C	Positive	0.119181	0.880819
8TET-A-E	Negative	0.945819	0.0541808
8CJ2-E-A	Positive	0.382284	0.617716
8CJ2-F-A	Positive	0.382284	0.617716
8CJ2-H-D	Negative	0.492681	0.507319
8PHE-C-A	Negative	0.697311	0.302689
8IBF-D-K	Negative	0.721333	0.278667
8D7Z-C-B	Positive	0.426089	0.573911
8T2N-B-A	Negative	0.561415	0.438585
8T2N-D-C	Negative	0.534636	0.465364
8Y74-C-A	Negative	0.550883	0.449117
8GAK-B-A	Positive	0.251535	0.748465
8VD2-C-A	Negative	0.727401	0.272599
8UTC-E-A	Negative	0.5	0.5
8PHR-G-A	Negative	0.599006	0.400994
8PHR-I-A	Negative	0.707	0.293
8TAH-H-A	Positive	0.365941	0.634059
8QSD-H-A	Positive	0.288066	0.711934
8DCK-C-A	Negative	0.86623	0.13377
8RG0-M-O	Negative	0.694378	0.305622
8CVX-E-A	Negative	0.545356	0.454644
8RGH-E-A	Negative	0.638684	0.361316
8RGH-D-C	Negative	0.792635	0.207365
8EJR-C-B	Positive	0.282696	0.717304
8SW5-C-A	Negative	0.647701	0.352299
8SW5-D-B	Negative	0.653438	0.346562
8ESQ-x-3	Negative	0.545849	0.454151
8ESQ-T-C	Negative	0.580153	0.419847
8ESQ-s-O	Positive	0.199267	0.800733
8ESQ-8-X	Positive	0.418218	0.581782
8HSV-E-A	Negative	0.641285	0.358715
8HSV-F-B	Negative	0.481048	0.518952
8ADM-P-A	Positive	0.285867	0.714133
8GCH-C-F	Positive	0.420149	0.579851
8HJU-V-L	Negative	0.879777	0.120223
8HJU-Y-L	Negative	0.938433	0.0615666
8HJU-Z-L	Negative	0.847263	0.152737
8EIA-C-A	Negative	0.781886	0.218114
8CHE-C-H	Negative	0.719427	0.280573
8B17-C-A	Positive	0.433511	0.566489
8IB1-C-A	Negative	0.883368	0.116632
8R3L-G-A	Positive	0.272537	0.727463
8TOQ-E-A	Negative	0.862535	0.137465
8H0P-L-R	Negative	0.794483	0.205517
8JBK-G-A	Negative	0.903026	0.0969739
8XZH-L-R	Positive	0.395085	0.604915
8ETH-V-u	Negative	0.843397	0.156603
8IA5-B-A	Negative	0.712662	0.287338
8QTF-K-A	Positive	0.345112	0.654888
8QTF-L-B	Positive	0.345112	0.654888
8Q7R-F-H	Negative	0.713884	0.286116
8ON9-D-A	Negative	0.52191	0.47809
8A5D-X-G	Negative	0.493985	0.506015
8EI4-B-A	Negative	0.659461	0.340539
8UFI-C-A	Negative	0.79358	0.20642
8UFI-D-A	Negative	0.767539	0.232461
8XS1-A-H	Negative	0.474901	0.525099
8JKB-A-B	Negative	0.843463	0.156537
8JKB-H-B	Negative	0.836661	0.163339
8JJ9-C-A	Negative	0.642419	0.357581
8JJ9-D-B	Negative	0.718691	0.281309
8HAF-P-R	Negative	0.893792	0.106208
8EXK-B-A	Positive	0.368099	0.631901
8IR4-C-A	Negative	0.491914	0.508086
8U8D-D-A	Negative	0.453067	0.546933
8U8D-C-B	Negative	0.639838	0.360162
8C1N-C-A	Negative	0.457933	0.542067
8J6D-D-C	Negative	0.742871	0.257129
8JIU-P-R	Negative	0.640765	0.359235
8B9P-C-A	Negative	0.780189	0.219811
8TQ1-H-A	Positive	0.435371	0.564629
9GBI-J-2	Negative	0.942875	0.0571249
9GBI-N-2	Negative	0.663095	0.336905
9C8G-D-A	Positive	0.442327	0.557673
9F45-G-E	Negative	0.626568	0.373432
9O52-I-A	Positive	0.227215	0.772785
9BUX-B-A	Negative	0.940469	0.0595314
9BLC-P-R	Negative	0.509303	0.490697
9AT8-E-F	Negative	0.782124	0.217876
9D89-T-H	Positive	0.150802	0.849198
9D89-h-w	Negative	0.908732	0.091268
9N82-G-A	Negative	0.563446	0.436554
9KGN-D-B	Negative	0.522523	0.477477
9BS0-Z-W	Positive	0.425426	0.574574
9LKT-V-A	Negative	0.60509	0.39491
9E7R-G-B	Negative	0.831473	0.168527
9E6L-H-C	Negative	0.602919	0.397081
9BX5-P-H	Positive	0.310638	0.689362
9K0X-G-B	Negative	0.893307	0.106693
9J20-D-B	Positive	0.22056	0.77944
9BAQ-D-A	Positive	0.242414	0.757586
9BAQ-F-A	Positive	0.125374	0.874626
9FXA-B-C	Negative	0.858364	0.141636
9J8A-P-H	Positive	0.263969	0.736031
9CFT-B-A	Positive	0.441888	0.558112
9CDW-E-A	Negative	0.680617	0.319383
9HBY-E-D	Negative	0.843541	0.156459
9D0A-G-B	Negative	0.902206	0.097794
9CKC-C-A	Negative	0.659651	0.340349
9CKC-E-A	Positive	0.413561	0.586439
9CKC-D-B	Negative	0.468839	0.531161
9CKC-F-B	Negative	0.574124	0.425876
9DZQ-E-A	Negative	0.767673	0.232327
9E9C-2-U	Positive	0.441792	0.558208
9E9C-m-e	Negative	0.771634	0.228366
9E9C-4-r	Positive	0.28936	0.71064
9DXU-B-A	Negative	0.571364	0.428636
9BT6-a-A	Negative	0.76789	0.23211
9BT6-g-C	Negative	0.76789	0.23211
9IVQ-L-A	Negative	0.683751	0.316249
9IVQ-U-A	Negative	0.69489	0.30511
9K27-F-A	Negative	0.735734	0.264266
9LU9-F-A	Negative	0.841071	0.158929
9LU9-G-A	Negative	0.867139	0.132861
9EYS-J-A	Negative	0.921771	0.0782289
9EYS-Y-A	Negative	0.934594	0.0654056
9IP4-E-A	Negative	0.923312	0.0766883
9IP4-D-B	Negative	0.850269	0.149731
9LK5-F-A	Negative	0.862478	0.137522
9LK5-I-A	Negative	0.894282	0.105718
9LK5-J-A	Negative	0.916378	0.0836223
9LK5-L-A	Negative	0.808144	0.191856
9LK5-M-B	Negative	0.928996	0.071004
9LK5-U-B	Negative	0.781766	0.218234
9LK5-X-D	Negative	0.818154	0.181846
9BVL-P-A	Negative	0.835089	0.164911
9FAQ-H-C	Negative	0.913008	0.0869924
9CLG-B-A	Positive	0.308838	0.691162
9CLG-C-A	Positive	0.38669	0.61331
9QG8-K-A	Negative	0.602656	0.397344
9FIX-A-M	Positive	0.390697	0.609303
9B8O-L-H	Positive	0.162904	0.837096
9AS2-D-C	Negative	0.860834	0.139166
9CS0-C-A	Negative	0.594262	0.405738
9GXE-D-A	Negative	0.792452	0.207548
9BTN-L-A	Negative	0.535763	0.464237
9BXC-C-A	Negative	0.459662	0.540338
9EGN-A-B	Negative	0.879051	0.120949
9DDM-Y-A	Negative	0.915511	0.0844886
9DDM-F-B	Negative	0.883981	0.116019
9DDM-Z-B	Negative	0.951827	0.0481728
9DDM-G-D	Negative	0.892523	0.107477
9FP0-F-D	Negative	0.928034	0.0719661
9FP0-V-E	Negative	0.924677	0.075323
9FP0-S-E	Negative	0.919804	0.0801964
9FP0-B-A	Negative	0.896073	0.103927
9C6B-D-B	Positive	0.382797	0.617203
9GQZ-A-B	Negative	0.690726	0.309274
9GQZ-F-C	Negative	0.606706	0.393294
9M8M-S-C	Negative	0.915968	0.0840321
9M8M-U-C	Negative	0.915968	0.0840321
9M8M-K-L	Negative	0.915968	0.0840321
9M8M-Y-L	Negative	0.92093	0.0790704
9M8M-2-H	Negative	0.887251	0.112749
9FVG-P-A	Positive	0.170332	0.829668
9JFY-L-R	Negative	0.728689	0.271311
9BXU-J-D	Negative	0.714188	0.285812
9BXU-U-T	Negative	0.815545	0.184455
9GFM-H-O	Negative	0.728702	0.271298
9H9Q-E-C	Negative	0.660588	0.339412
9H9Q-F-C	Negative	0.590893	0.409107
9ASM-C-A	Negative	0.548179	0.451821
9CMW-C-D	Negative	0.630425	0.369575
9CXI-C-A	Negative	0.728639	0.271361
9CXI-D-A	Negative	0.778153	0.221847
9HZ5-C-B	Negative	0.945843	0.0541574
9BVK-P-A	Negative	0.767193	0.232807
9FL8-F-B	Negative	0.815251	0.184749
9FL8-G-C	Negative	0.815251	0.184749
9C4S-B-A	Positive	0.383929	0.616071
9R8R-B-A	Negative	0.632235	0.367765
9KNT-B-A	Negative	0.711082	0.288918
9KNT-D-A	Negative	0.687575	0.312425
9DDO-Y-A	Negative	0.933154	0.0668457
9DDO-Z-B	Negative	0.944522	0.0554778
9DDO-F-C	Negative	0.867062	0.132938
9KDF-A-R	Positive	0.393135	0.606865
9C0K-P-R	Negative	0.805157	0.194843
9IVG-P-R	Negative	0.629099	0.370901
9RU5-P-A	Positive	0.41771	0.58229
9ARR-C-A	Negative	0.567504	0.432496
9J1K-J-K	Negative	0.835209	0.164791
9J1K-M-L	Negative	0.845575	0.154425
9IVD-E-B	Negative	0.676443	0.323557
9GJW-F-B	Negative	0.707473	0.292527
9LZW-D-A	Positive	0.435313	0.564687
9LZW-F-C	Negative	0.727684	0.272316
9LZW-J-G	Negative	0.597606	0.402394
9ME8-B-A	Negative	0.881168	0.118832
9CPN-H-A	Negative	0.785271	0.214729
9HE1-G-A	Negative	0.558302	0.441698
9M2F-L-R	Negative	0.610783	0.389217
9I6A-B-A	Positive	0.423883	0.576117
9NEI-G-A	Negative	0.915926	0.084074
9FS8-Y-3	Negative	0.669944	0.330056
9FS8-e-D	Positive	0.427758	0.572242
9GAS-B-A	Negative	0.582452	0.417548
9E2Y-X-4	Negative	0.610998	0.389002
9MXC-E-A	Negative	0.712287	0.287713
9J6K-B-A	Negative	0.809508	0.190492
9CFC-V-0	Negative	0.908072	0.091928
9FNN-V-A	Negative	0.895973	0.104027
9FNN-Z-A	Negative	0.889159	0.110841
9KPY-H-A	Negative	0.485892	0.514108
9DBY-M-G	Negative	0.599164	0.400836
9DCY-B-A	Negative	0.743213	0.256787
9IM6-B-A	Positive	0.240759	0.759241
9FIY-A-M	Positive	0.373582	0.626418
9FJC-4-1	Positive	0.340578	0.659422
9IJX-B-A	Negative	0.840199	0.159801
9IJX-D-C	Negative	0.814165	0.185835
9IJX-F-C	Negative	0.820096	0.179904
9DDP-Y-A	Negative	0.953773	0.0462275
9DDP-Z-B	Negative	0.938525	0.061475
9DDP-F-E	Negative	0.791952	0.208048
9FVI-P-A	Positive	0.17441	0.82559
9D34-C-A	Positive	0.407593	0.592407
9H1Y-C-A	Negative	0.851177	0.148823
9MGZ-J-7	Negative	0.914636	0.0853639
9F1I-P-H	Negative	0.784509	0.215491
9F1I-Q-I	Negative	0.779469	0.220531
9GMZ-H-A	Negative	0.598512	0.401488
9OLQ-C-A	Negative	0.740127	0.259873
9OLQ-F-B	Negative	0.746727	0.253273
9OLQ-I-G	Negative	0.682382	0.317618
9OLQ-L-G	Negative	0.852142	0.147858
9OLQ-O-M	Negative	0.796169	0.203831
9ITV-X-H	Negative	0.912929	0.087071
9ITV-U-T	Negative	0.865126	0.134874
9ITV-V-Z	Negative	0.873086	0.126914
9ITV-Y-Z	Negative	0.911863	0.0881374
9I5R-B-A	Negative	0.564064	0.435936
9ILR-B-A	Negative	0.814891	0.185109
9H91-9-E	Positive	0.376857	0.623143
9H91-4-G	Negative	0.551373	0.448627
9H91-H-X	Negative	0.878383	0.121617
9DNP-C-A	Positive	0.368376	0.631624
9KQP-J-A	Negative	0.920454	0.0795463
9KQP-M-B	Negative	0.953148	0.0468516
9K49-F-A	Negative	0.943037	0.0569626
9K49-G-A	Negative	0.958319	0.0416806
9K49-H-A	Negative	0.852927	0.147073
9GFC-E-A	Positive	0.409618	0.590382
9GFC-F-B	Positive	0.409618	0.590382
9GFC-G-C	Positive	0.419428	0.580572
9LDS-B-A	Negative	0.556026	0.443974
9F5Y-v-V	Negative	0.832649	0.167351
9MUW-B-A	Negative	0.796476	0.203524
9MUW-F-A	Negative	0.77245	0.22755
9MUW-D-C	Negative	0.828117	0.171883
9MUW-E-C	Negative	0.851628	0.148372
9IKI-Z-N	Negative	0.817979	0.182021
9CWN-B-A	Negative	0.66534	0.33466
9L9P-B-S	Negative	0.680415	0.319585
9AU7-D-A	Negative	0.839784	0.160216
9H3D-B-D	Negative	0.558458	0.441542
9H3D-C-D	Negative	0.658643	0.341357
9H3D-A-E	Negative	0.720169	0.279831
9H3D-H-J	Positive	0.365375	0.634625
9H3D-I-J	Negative	0.7438	0.2562
9H3D-G-K	Negative	0.470315	0.529685
9DEN-D-B	Positive	0.343504	0.656496
9DEN-C-A	Positive	0.30873	0.69127
9G8H-Q-A	Positive	0.213285	0.786715
9QNI-P-A	Negative	0.572707	0.427293
9CDU-B-A	Negative	0.716356	0.283644
9F5W-M-G	Positive	0.368096	0.631904
9DNQ-C-A	Positive	0.368356	0.631644
9CC6-B-A	Negative	0.750348	0.249652
9J7B-G-A	Negative	0.632715	0.367285
9CQ4-A-K	Negative	0.954422	0.0455776
9CQ4-B-K	Negative	0.854928	0.145072
9CQ4-Y-K	Negative	0.945838	0.0541622
9CQ4-Z-K	Negative	0.911429	0.0885714
9HDH-C-A	Negative	0.737525	0.262475
9H8T-h-A	Negative	0.903035	0.0969654
9HIU-C-A	Positive	0.417593	0.582407
9E03-B-A	Negative	0.974184	0.0258164
9F3F-3-1	Negative	0.845065	0.154935
9BPB-J-A	Negative	0.898862	0.101138
9BPB-i-a	Negative	0.869572	0.130428
9BPB-l-a	Negative	0.909691	0.0903086
9JF5-E-A	Negative	0.883634	0.116366
9JF5-F-A	Negative	0.861715	0.138285
9JF5-H-A	Negative	0.861715	0.138285
9JF5-G-C	Negative	0.883634	0.116366
9CKU-H-G	Negative	0.813279	0.186721
9IWK-B-A	Negative	0.905558	0.0944422
9IWK-D-C	Negative	0.931653	0.0683467
9G13-B-A	Positive	0.391007	0.608993
9G13-H-E	Negative	0.472489	0.527511
9D95-C-A	Negative	0.76277	0.23723
9J0A-C-A	Negative	0.544431	0.455569
9BYK-J-A	Negative	0.73627	0.26373
9BYK-I-G	Negative	0.844116	0.155884
9BYK-8-M	Negative	0.656828	0.343172
9BYK-i-M	Negative	0.909021	0.090979
9BYK-T-b	Negative	0.825824	0.174176
9BYK-e-b	Negative	0.869274	0.130726
9J1P-P-R	Negative	0.745135	0.254865
9E04-B-A	Negative	0.931019	0.0689808
9E04-G-A	Negative	0.863154	0.136846
9IOL-M-A	Positive	0.360402	0.639598
9DWZ-B-A	Negative	0.951001	0.048999
9C57-H-E	Negative	0.830454	0.169546
9D4Z-G-B	Negative	0.92609	0.0739096
9NKI-e-V	Negative	0.656891	0.343109
9GD3-T-C	Negative	0.479271	0.520729
9BBC-X-A	Negative	0.964738	0.0352617
9BBC-Y-A	Negative	0.952328	0.0476722
9B45-a-d	Negative	0.823075	0.176925
9C7X-C-A	Negative	0.768151	0.231849
9MU2-F-E	Negative	0.66456	0.33544
9MU2-M-P	Negative	0.71402	0.28598
9MU2-N-P	Negative	0.722315	0.277685
9DHK-C-A	Negative	0.745857	0.254143
9IVM-P-R	Negative	0.748639	0.251361
9HN4-A-B	Negative	0.636196	0.363804
9DI4-C-A	Negative	0.731152	0.268848
9CK0-B-A	Negative	0.693742	0.306258
9BCT-P-B	Negative	0.838585	0.161415
9HJ1-C-A	Positive	0.30426	0.69574
9CLF-B-A	Positive	0.191503	0.808497
9CLF-C-A	Positive	0.190913	0.809087
9ISZ-E-A	Positive	0.13679	0.86321
9ISZ-F-B	Positive	0.118945	0.881055
9BRR-p-b	Negative	0.934081	0.0659193
9CDT-B-A	Negative	0.875609	0.124391
9DEL-C-A	Negative	0.790829	0.209171
9GGP-B-A	Negative	0.656483	0.343517
9FD2-c-b	Negative	0.766335	0.233665
9QA1-B-A	Positive	0.4287	0.5713
9ITX-Y-Z	Negative	0.831832	0.168168
9ITX-V-Z	Negative	0.881801	0.118199
9ITX-X-T	Negative	0.90605	0.0939497
9ITX-U-T	Negative	0.870683	0.129317
9E6N-G-A	Negative	0.562047	0.437953
9E6N-I-C	Negative	0.536731	0.463269
9DSO-C-B	Positive	0.41864	0.58136
9DEO-D-A	Negative	0.536934	0.463066
9B85-q-A	Negative	0.698118	0.301882
9B85-p-B	Negative	0.867598	0.132402
9CI8-b-d	Negative	0.932277	0.0677232
9CI8-n-d	Negative	0.907916	0.0920838
9EZN-B-A	Positive	0.205424	0.794576
9QA4-B-A	Positive	0.369298	0.630702
9KC5-J-A	Negative	0.966022	0.0339778
9KC5-M-B	Negative	0.922794	0.0772064
9KND-B-A	Negative	0.615088	0.384912
9MZH-B-E	Negative	0.744654	0.255346
9MZH-C-E	Negative	0.615224	0.384776
9MZH-D-E	Negative	0.813545	0.186455
9F82-B-A	Negative	0.798736	0.201264
9QNJ-P-A	Positive	0.236998	0.763002
9H1P-B-A	Positive	0.221804	0.778196
9AZ6-I-A	Negative	0.828899	0.171101
9AZ6-G-B	Negative	0.849897	0.150103
9EOU-P-A	Positive	0.421712	0.578288
9BLT-D-A	Negative	0.804939	0.195061
9LUB-F-A	Negative	0.811114	0.188886
9LUB-G-A	Negative	0.802668	0.197332
9IJM-A-C	Negative	0.904091	0.0959088
9FGQ-L-C	Positive	0.0956312	0.904369
9QWZ-D-B	Negative	0.663926	0.336074
9B3J-I-3	Negative	0.694136	0.305864
9B3J-Q-K	Negative	0.879419	0.120581
9KR6-C-A	Negative	0.5	0.5
9GG8-P-A	Positive	0.233907	0.766093
9QWO-E-A	Negative	0.852324	0.147676
9QWO-G-A	Negative	0.841412	0.158588
9QWO-F-C	Negative	0.893222	0.106778
9GAG-B-A	Negative	0.524154	0.475846
9NK9-B-A	Positive	0.360373	0.639627
9CNU-B-A	Negative	0.619521	0.380479
9ASF-C-A	Positive	0.302977	0.697023
9G05-C-A	Negative	0.651594	0.348406
9CKN-E-A	Negative	0.774067	0.225933
9E8N-e-Y	Negative	0.647697	0.352303
9G4A-B-A	Positive	0.409846	0.590154
9FVL-E-A	Negative	0.469476	0.530524
9CMT-C-A	Positive	0.321685	0.678315
9ETM-G-A	Negative	0.899543	0.100457
9ETM-I-A	Negative	0.875848	0.124152
9ETM-E-A	Negative	0.953309	0.0466906
9ETM-C-A	Negative	0.828819	0.171181
9MH0-I-2	Negative	0.830683	0.169317
9IS4-t-1	Negative	0.931758	0.068242
9IS4-L-A	Negative	0.858775	0.141225
9IS4-V-C	Negative	0.896205	0.103795
9IS4-X-D	Negative	0.894158	0.105842
9I68-B-A	Positive	0.194939	0.805061
9NEC-G-A	Negative	0.919443	0.0805569
9NEC-H-B	Positive	0.11395	0.88605
9F58-P-S	Positive	0.28675	0.71325
9CH0-D-A	Negative	0.771162	0.228838
9KFI-B-C	Negative	0.81645	0.18355
9KFI-A-C	Negative	0.62463	0.37537
9G43-Q-A	Positive	0.291502	0.708498
9G3Z-w-M	Negative	0.667938	0.332062
9G3Z-x-M	Negative	0.751887	0.248113
9ILT-I-A	Negative	0.958567	0.0414331
9CYY-A-B	Negative	0.687432	0.312568
9CYY-D-B	Negative	0.702022	0.297978
9HGG-B-A	Negative	0.458389	0.541611
9DNY-D-C	Negative	0.925319	0.0746812
9J2F-J-H	Negative	0.92174	0.0782599
9J2F-G-A	Negative	0.880651	0.119349
9J2F-F-B	Negative	0.951694	0.0483058
9J2F-2-X	Negative	0.951694	0.0483058
9D82-P-A	Negative	0.947981	0.0520194
9D82-M-E	Negative	0.951897	0.0481032
9D82-J-F	Negative	0.956277	0.0437226
9HCG-z-L	Negative	0.774913	0.225087
9EIJ-L-F	Negative	0.909034	0.0909664
9EIJ-P-I	Negative	0.919138	0.0808621
9AX9-C-A	Negative	0.68244	0.31756
9GF9-G-A	Negative	0.599795	0.400205
9GF9-I-A	Negative	0.599795	0.400205
9GF9-L-D	Negative	0.651574	0.348426
9C4V-B-A	Positive	0.330954	0.669046
9GG7-P-A	Negative	0.817369	0.182631
9GC0-E-j	Negative	0.622833	0.377167
9EJG-C-A	Positive	0.240484	0.759516
9HGD-B-A	Negative	0.728481	0.271519
9ITO-V-P	Negative	0.874037	0.125963
9BAN-C-B	Negative	0.746935	0.253065
9ES9-F-C	Negative	0.966061	0.0339387
9BWD-R-B	Negative	0.522869	0.477131
9BWD-f-U	Negative	0.8127	0.1873
9G0A-X-Z	Negative	0.642616	0.357384
9IMP-G-A	Negative	0.509438	0.490562
9IMP-H-B	Negative	0.561643	0.438357
9IMP-I-C	Positive	0.352099	0.647901
9IMP-L-F	Positive	0.380343	0.619657
9CLE-B-A	Positive	0.349133	0.650867
9CLE-C-A	Positive	0.399924	0.600076
9BYH-C-A	Negative	0.510747	0.489253
9F0O-L-C	Negative	0.522016	0.477984
9AVT-C-A	Negative	0.657054	0.342946
9E07-F-A	Negative	0.918717	0.0812826
9FNO-C-D	Positive	0.261348	0.738652
9EZ4-C-A	Negative	0.798546	0.201454
9B0B-G-A	Negative	0.70286	0.29714
9HLJ-C-D	Negative	0.800457	0.199543
9JYY-a-M	Positive	0.284132	0.715868
9JYY-b-M	Positive	0.289585	0.710415
9HN0-A-B	Positive	0.287695	0.712305
9QEH-1-3	Negative	0.612045	0.387955
9QEH-Z-L	Positive	0.293093	0.706907
9EJH-C-A	Negative	0.854871	0.145129
9MVY-P-A	Positive	0.192369	0.807631
9MVY-G-D	Positive	0.166586	0.833414
9D3K-L-C	Positive	0.0872191	0.912781
9D3K-K-G	Positive	0.0606287	0.939371
9KQQ-J-A	Negative	0.894233	0.105767
9KQQ-G-B	Negative	0.679988	0.320012
9KQQ-M-B	Negative	0.953148	0.0468516
9U4W-F-R	Negative	0.479214	0.520786
9CXG-C-A	Negative	0.711959	0.288041
9CXG-D-A	Negative	0.733537	0.266463
9QM9-D-A	Negative	0.593517	0.406483
9BW1-y-M	Negative	0.463074	0.536926
9BW1-a-T	Negative	0.723009	0.276991
9N7Y-E-A	Negative	0.58117	0.41883
9BX7-P-H	Negative	0.507436	0.492564
9L49-C-A	Negative	0.88313	0.11687
9EG6-C-B	Negative	0.857129	0.142871
9EG6-E-D	Negative	0.870927	0.129073
9PAI-B-A	Negative	0.89632	0.10368
9G0B-D-A	Negative	0.568439	0.431561
9EPR-G-B	Negative	0.611456	0.388544
9ISK-I-G	Negative	0.764427	0.235573
9DD1-B-A	Negative	0.953395	0.0466049
9ES7-G-A	Negative	0.938151	0.0618487
9KQB-F-A	Negative	0.83495	0.16505
9KQB-I-A	Negative	0.776878	0.223122
9KQB-L-A	Negative	0.871693	0.128307
9KQB-T-A	Negative	0.948788	0.0512116
9KQB-W-A	Negative	0.761559	0.238441
9KQB-N-B	Negative	0.918567	0.0814326
9KQB-f-a	Negative	0.83495	0.16505
9KQB-w-a	Negative	0.761559	0.238441
9KQB-n-b	Negative	0.918567	0.0814326
9KQB-K-C	Negative	0.945799	0.0542012
9J64-J-A	Negative	0.538969	0.461031
9D9S-D-A	Negative	0.742656	0.257344
9C7D-B-H	Positive	0.213537	0.786463
9E02-F-E	Negative	0.946915	0.0530845
9EYA-C-A	Negative	0.536547	0.463453
9DG3-M-G	Negative	0.486913	0.513087
9GFE-B-A	Negative	0.811294	0.188706
9JER-F-A	Negative	0.883634	0.116366
9CQB-D-A	Negative	0.665609	0.334391
9E5E-B-A	Positive	0.355221	0.644779
9GCX-I-A	Negative	0.832347	0.167653
9GCX-K-A	Negative	0.864565	0.135435
9UL1-C-A	Negative	0.68087	0.31913
9ED0-h-C	Negative	0.792946	0.207054
9BI6-G-B	Negative	0.939726	0.0602742
9OJR-H-A	Negative	0.787854	0.212146
9E8L-e-V	Negative	0.692005	0.307995
9BUI-e-V	Negative	0.640737	0.359263
9VD9-m-B	Positive	0.220678	0.779322
9VD9-n-B	Positive	0.228283	0.771717
9VD9-p-D	Positive	0.225632	0.774368
9VD9-o-Q	Positive	0.12928	0.87072
9LZL-D-A	Negative	0.676934	0.323066
9LZL-E-B	Negative	0.574049	0.425951
9I8G-Q-U	Negative	0.849948	0.150052
9K2V-O-V	Negative	0.770966	0.229034
9ITQ-X-T	Negative	0.937156	0.062844
9ITQ-U-T	Negative	0.91008	0.0899196
9ITQ-Y-Z	Negative	0.874246	0.125754
9ITQ-V-Z	Negative	0.865469	0.134531
9DZN-C-A	Positive	0.230243	0.769757
9J5S-C-A	Negative	0.525704	0.474296
9J5S-D-B	Negative	0.699582	0.300418
9KNF-C-A	Negative	0.459439	0.540561
9IRC-B-A	Negative	0.852787	0.147213
9J0O-X-A	Negative	0.677155	0.322845
9O91-B-A	Positive	0.398385	0.601615
9LGU-B-A	Negative	0.891131	0.108869
9LGU-H-A	Negative	0.873574	0.126426
9LGU-M-A	Negative	0.891131	0.108869
9KNC-C-A	Negative	0.522701	0.477299
9JAO-K-C	Negative	0.769762	0.230238
9QAJ-K-C	Positive	0.168054	0.831946
9QAJ-N-C	Negative	0.577619	0.422381
9IXU-E-A	Negative	0.775886	0.224114
9IXU-F-A	Negative	0.7813	0.2187
9LXG-B-A	Negative	0.725523	0.274477
9QNH-P-A	Positive	0.163434	0.836566
9DDE-M-G	Negative	0.56663	0.43337
9J7I-B-A	Positive	0.444211	0.555789
9VM1-D-C	Negative	0.826237	0.173763
9CNX-G-A	Positive	0.287593	0.712407
9IWM-B-A	Positive	0.406202	0.593798
9DJT-F-D	Negative	0.482102	0.517898
9EH5-J-A	Negative	0.944294	0.0557059
9EH5-Y-C	Negative	0.938247	0.0617527
9CQD-T-B	Negative	0.628747	0.371253
9CQD-A-G	Negative	0.586551	0.413449
9CQD-j-I	Negative	0.530748	0.469252
9CQD-M-J	Negative	0.721183	0.278817
9CQD-N-Q	Negative	0.591462	0.408538
9EJI-C-A	Positive	0.296753	0.703247
9OUW-H-D	Negative	0.536427	0.463573
9UGP-B-A	Negative	0.825294	0.174706
9VXG-B-A	Positive	0.184424	0.815576
9CB3-C-A	Positive	0.42184	0.57816
9HBV-E-D	Negative	0.78971	0.21029
9LKX-K-J	Positive	0.23283	0.76717
9IOX-T-A	Negative	0.918442	0.0815576
9IOX-M-B	Negative	0.913849	0.0861513
9IOX-V-C	Negative	0.929459	0.0705408
9IOX-f-a	Negative	0.932749	0.0672514
9BKD-U-L	Negative	0.662014	0.337986
9B9Q-F-A	Positive	0.30779	0.69221
9GAP-B-A	Negative	0.589603	0.410397
9QLM-B-A	Positive	0.208333	0.791667
9MIY-b-A	Negative	0.882934	0.117066
9EAF-C-A	Negative	0.5	0.5
9EAF-D-A	Negative	0.553655	0.446345
9FQL-C-A	Positive	0.400843	0.599157
9FQL-G-E	Positive	0.400843	0.599157
9FQL-H-E	Positive	0.385128	0.614872
9C59-Y-M	Negative	0.608673	0.391327
9I7T-G-C	Negative	0.935321	0.0646786
9I7T-E-A	Negative	0.879459	0.120541
9C3E-X-A	Negative	0.957063	0.0429374
9G6V-A-1	Negative	0.523803	0.476197
9J78-E-B	Negative	0.893058	0.106942
9J78-I-J	Negative	0.865318	0.134682
9JU1-C-A	Negative	0.968152	0.0318476
9DNZ-D-C	Negative	0.934614	0.0653863
9RGB-A-D	Negative	0.889882	0.110118
9FH9-L-C	Negative	0.645612	0.354388
9QX0-C-A	Negative	0.709384	0.290616
9FXV-B-A	Negative	0.482269	0.517731
9GAV-G-B	Negative	0.662705	0.337295
9NZH-B-A	Negative	0.644597	0.355403
9E3B-N-A	Positive	0.241427	0.758573
9GC2-N-A	Negative	0.770895	0.229105
9B2U-E-K	Positive	0.197987	0.802013
9B40-G-A	Negative	0.938281	0.061719
9FM5-D-A	Positive	0.448161	0.551839
9GR0-F-B	Negative	0.790101	0.209899
9EB6-C-A	Negative	0.623361	0.376639
9GE3-G-B	Negative	0.889905	0.110095
9QNG-B-A	Positive	0.205826	0.794174
9ILD-B-A	Negative	0.709132	0.290868
9GF6-H-O	Negative	0.707338	0.292662
9FP2-V-E	Negative	0.897461	0.102539
9G8R-E-B	Negative	0.877684	0.122316
9FVH-P-A	Positive	0.265838	0.734162
9CDZ-B-A	Negative	0.630679	0.369321
9MU9-L-B	Negative	0.726559	0.273441
9D3L-L-C	Positive	0.0716973	0.928303
9AST-L-R	Positive	0.405156	0.594844
9BNS-C-H	Negative	0.796351	0.203649
9BNS-D-H	Negative	0.731688	0.268312
9CWT-K-A	Negative	0.619441	0.380559
9FVN-P-A	Positive	0.28284	0.71716
9BJZ-C-A	Negative	0.659541	0.340459
9FZA-D-A	Negative	0.774656	0.225344
9JNI-B-A	Positive	0.323418	0.676582
9FUM-F-A	Negative	0.589352	0.410648
9FUM-E-B	Positive	0.439204	0.560796
9C96-D-A	Negative	0.84958	0.15042
9G40-X-F	Negative	0.942158	0.057842
9G40-u-F	Negative	0.659041	0.340959
9N49-F-G	Negative	0.658563	0.341437
9F6S-B-A	Negative	0.72356	0.27644
9IMN-F-A	Negative	0.932749	0.0672514
9IMN-V-C	Negative	0.929459	0.0705408
9C1C-D-B	Negative	0.702482	0.297518
9JJ7-C-A	Negative	0.509971	0.490029
9CYM-P-A	Negative	0.75129	0.24871
9GFA-P-A	Positive	0.170861	0.829139
9HFW-B-A	Positive	0.225654	0.774346
9UGC-B-A	Negative	0.811609	0.188391
9ESI-n-m	Negative	0.708276	0.291724
9MNW-F-D	Negative	0.563751	0.436249
9KN3-C-A	Negative	0.843104	0.156896
9K3Q-E-H	Negative	0.898769	0.101231
9ERV-B-A	Negative	0.847166	0.152834
9HM9-F-C	Negative	0.778348	0.221652
9OJ3-B-A	Negative	0.778111	0.221889
9QA3-B-A	Positive	0.372473	0.627527
9DY8-C-A	Negative	0.457189	0.542811
9ILS-B-A	Negative	0.797761	0.202239
9JO6-B-A	Negative	0.579522	0.420478
9GMC-B-A	Negative	0.615437	0.384563
9GMC-D-A	Negative	0.467047	0.532953
9L4A-C-A	Negative	0.783521	0.216479
9KNG-C-A	Negative	0.723003	0.276997
9DJ8-G-A	Positive	0.338215	0.661785
9FE6-E-B	Negative	0.574345	0.425655
9OP5-A-a	Positive	0.388184	0.611816
9F6H-L-B	Negative	0.811732	0.188268
9CGC-Y-R	Negative	0.705962	0.294038
9FCM-D-A	Negative	0.876063	0.123937
9FCM-E-A	Negative	0.897496	0.102504
9FCM-F-B	Negative	0.887749	0.112251
9HN5-B-A	Negative	0.773619	0.226381
9LH0-A-B	Positive	0.391587	0.608413
9QNL-B-A	Negative	0.570316	0.429684
9CCE-D-A	Negative	0.570531	0.429469
9CCE-C-B	Negative	0.591091	0.408909
9KD5-C-A	Positive	0.288529	0.711471
9QWU-C-A	Negative	0.771207	0.228793
9BUR-B-A	Negative	0.924481	0.0755191
9NO7-z-5	Negative	0.525869	0.474131
9G6G-J-A	Negative	0.939768	0.0602325
9EIH-U-G	Negative	0.940386	0.0596145
9EIH-T-I	Negative	0.856145	0.143855
9EIH-V-J	Negative	0.938727	0.0612728
9GD2-T-C	Negative	0.533319	0.466681
9GD2-S-Q	Positive	0.20377	0.79623
9D3M-K-C	Positive	0.168054	0.831946
9D3M-L-G	Positive	0.276173	0.723827
9ASG-C-A	Negative	0.555907	0.444093
9BVM-P-A	Negative	0.762212	0.237788
9DPL-D-A	Negative	0.817054	0.182946
9DNR-C-A	Positive	0.368349	0.631651
9FIW-A-M	Positive	0.376335	0.623665
9HGH-B-A	Negative	0.521188	0.478812
9H9P-C-M	Negative	0.948207	0.0517926
9BP1-I-A	Negative	0.765308	0.234692
9GAQ-B-A	Negative	0.524736	0.475264
9BT7-C-A	Negative	0.717506	0.282494
9G5J-E-A	Positive	0.300836	0.699164
9G5J-G-A	Positive	0.300836	0.699164
9DHZ-C-A	Negative	0.678422	0.321578
9QH3-D-A	Negative	0.464951	0.535049
9ITF-B-C	Negative	0.848401	0.151599
9VWT-B-A	Negative	0.643818	0.356182
9PMW-C-A	Negative	0.851365	0.148635
9PMW-D-A	Negative	0.775945	0.224055
9PMW-E-A	Negative	0.835195	0.164805
9MH1-J-7	Negative	0.914636	0.0853639
9MH1-H-B	Negative	0.881914	0.118086
9C9I-B-A	Negative	0.648184	0.351816
9C9I-D-C	Negative	0.592234	0.407766
9C9I-H-G	Negative	0.567626	0.432374
9I8V-B-C	Negative	0.925556	0.0744442
9GRX-j-a	Negative	0.897553	0.102447
9KI1-h-G	Negative	0.865959	0.134041
9CNZ-H-A	Negative	0.688845	0.311155
9FJ3-C-A	Negative	0.687571	0.312429
9B9L-C-A	Positive	0.239606	0.760394
9QA0-B-A	Positive	0.432866	0.567134
9EX5-E-A	Negative	0.779667	0.220333
9EX5-G-A	Negative	0.878526	0.121474
9EX5-D-B	Negative	0.810032	0.189968
9GMO-0-F	Negative	0.725464	0.274536
9RPD-I-J	Negative	0.767659	0.232341
9RPD-K-J	Negative	0.903948	0.0960522
9AUC-P-E	Negative	0.73312	0.26688
9C79-D-H	Positive	0.266426	0.733574
9VEI-C-A	Negative	0.9372	0.0628004
9DEK-C-A	Negative	0.743233	0.256767
9B5Y-L-R	Negative	0.874035	0.125965
9JJ8-j-a	Negative	0.901091	0.0989085
9JJ8-m-b	Negative	0.94339	0.0566099
9G8S-x-r	Negative	0.885457	0.114543
9GJP-F-B	Negative	0.83879	0.16121
9DLX-I-A	Negative	0.545699	0.454301
9DLX-H-B	Negative	0.5	0.5
9NIG-P-A	Negative	0.565315	0.434685
9NIG-G-C	Negative	0.565397	0.434603
9F6Y-B-A	Negative	0.572168	0.427832
9UGB-C-B	Negative	0.585689	0.414311
9QWP-D-C	Negative	0.803087	0.196913
9VN5-C-A	Negative	0.635885	0.364115
9HGC-B-A	Negative	0.592158	0.407842
9GHK-Q-A	Positive	0.265733	0.734267
9J1M-4-G	Positive	0.420702	0.579298
9BYO-P-R	Negative	0.822152	0.177848
9JA1-D-G	Negative	0.885665	0.114335
9GTU-A-C	Negative	0.518895	0.481105
9IZ2-C-A	Negative	0.835789	0.164211
9GOB-F-C	Negative	0.884642	0.115358
9C9O-C-B	Negative	0.680207	0.319793
9LR9-b-A	Negative	0.65139	0.34861
9LR9-d-A	Negative	0.61529	0.38471
9LR9-L-D	Negative	0.792071	0.207929
9LR9-S-D	Negative	0.707432	0.292568
9LR9-T-D	Negative	0.642757	0.357243
9LR9-U-D	Negative	0.752232	0.247768
9LR9-E-F	Negative	0.905054	0.094946
9LR9-a-G	Negative	0.692356	0.307644
9LR9-c-G	Negative	0.696545	0.303455
9LR9-B-H	Negative	0.647842	0.352158
9LR9-Z-H	Negative	0.82305	0.17695
9HFU-D-A	Negative	0.58713	0.41287
9OCF-D-A	Negative	0.842941	0.157059
9DOM-H-G	Negative	0.485788	0.514212
9GY6-L-A	Negative	0.546119	0.453881
9M4F-I-1	Negative	0.941387	0.0586132
9M4F-M-1	Negative	0.962104	0.0378957
9ASO-B-A	Negative	0.462115	0.537885
9CIA-m-e	Negative	0.938516	0.0614836
9CIA-n-f	Negative	0.913256	0.0867439
9CIA-b-d	Negative	0.963079	0.0369207
9B8P-O-C	Negative	0.795936	0.204064
9BTW-P-R	Negative	0.591071	0.408929
9I5X-5-7	Negative	0.678236	0.321764
9I5X-8-P	Negative	0.594262	0.405738
9I5X-6-W	Positive	0.436716	0.563284
9JHJ-C-B	Negative	0.889296	0.110704
9MGW-I-2	Negative	0.830683	0.169317
9EXT-D-A	Negative	0.769153	0.230847
9EXT-G-A	Negative	0.623641	0.376359
9NEG-I-A	Negative	0.930228	0.0697721
9NEG-J-B	Negative	0.94542	0.05458
9CJK-H-D	Negative	0.822048	0.177952
9FT9-B-A	Positive	0.415156	0.584844
9HB3-A-R	Negative	0.589709	0.410291
9FMS-D-A	Negative	0.534642	0.465358
9CB7-Z-Q	Positive	0.382751	0.617249
9M1O-L-R	Negative	0.667916	0.332084
9DUN-E-A	Negative	0.882021	0.117979
9DUN-F-B	Negative	0.87177	0.12823
9CQA-A-E	Negative	0.545149	0.454851
9NWE-E-A	Negative	0.651304	0.348696
9NWE-F-B	Negative	0.648302	0.351698
9J54-B-A	Negative	0.618468	0.381532
9J54-D-C	Negative	0.71786	0.28214
9DUJ-B-A	Positive	0.412105	0.587895
9CF8-V-0	Negative	0.925135	0.0748648
9MQ5-B-A	Negative	0.616259	0.383741
9D97-C-A	Negative	0.714209	0.285791
9IWJ-E-A	Negative	0.916168	0.0838316
9IWJ-G-B	Negative	0.89551	0.10449
9IWJ-H-D	Negative	0.951753	0.0482472
9G1V-D-A	Negative	0.846473	0.153527
9ITM-U-T	Negative	0.921391	0.078609
9IF9-C-B	Negative	0.460753	0.539247
9BLI-C-A	Negative	0.788408	0.211592
9N0Z-D-B	Negative	0.820976	0.179024
9UGQ-E-B	Negative	0.822386	0.177614
9CS1-C-A	Positive	0.425431	0.574569
9C8D-M-A	Negative	0.947248	0.0527523
9ARO-F-A	Positive	0.43471	0.56529
9HFV-B-A	Negative	0.515205	0.484795
9HFL-N-A	Negative	0.470711	0.529289
9DEM-G-A	Negative	0.612711	0.387289
9KKU-C-A	Negative	0.952262	0.0477383
9LK4-M-A	Negative	0.928996	0.071004
9LK4-F-D	Negative	0.887369	0.112631
9LK4-f-d	Negative	0.887369	0.112631
9RFU-C-E	Negative	0.889882	0.110118
9CFD-P-H	Positive	0.368252	0.631748
9D80-F-D	Negative	0.934025	0.0659755
9E0J-R-G	Negative	0.93718	0.0628198
9E0J-M-G	Negative	0.940361	0.0596388
9E0J-I-S	Negative	0.907324	0.0926764
9E0J-j-a	Negative	0.93718	0.0628198
9BLX-I-H	Negative	0.66922	0.33078
9BV2-y-f	Positive	0.408275	0.591725
9F79-C-A	Negative	0.639	0.361
9CUY-W-X	Negative	0.811445	0.188555
9QA2-B-A	Positive	0.37229	0.62771
9B0A-C-A	Negative	0.873762	0.126238
9E82-B-R	Negative	0.608208	0.391792
9E2P-B-A	Negative	0.787659	0.212341
9AVF-B-A	Negative	0.61726	0.38274
9AVF-D-C	Negative	0.758204	0.241796
9CC5-B-A	Negative	0.603141	0.396859
9M0R-L-R	Negative	0.599806	0.400194
9GM3-B-A	Negative	0.731145	0.268855
9GM3-D-A	Negative	0.511582	0.488418
9IKQ-C-A	Negative	0.873292	0.126708
9IKQ-D-A	Negative	0.848414	0.151586
9RV5-B-A	Negative	0.602622	0.397378
9EW5-C-A	Positive	0.242678	0.757322
9G9T-L-A	Negative	0.955776	0.0442238
9G9T-l-C	Negative	0.955776	0.0442238
9CL8-C-A	Positive	0.423486	0.576514
9DLZ-H-C	Positive	0.369001	0.630999
9D2F-Y-L	Negative	0.792006	0.207994
9D2F-Z-M	Negative	0.727473	0.272527
9ES8-Q-A	Negative	0.762031	0.237969
9GV6-C-A	Negative	0.736502	0.263498
9M54-L-R	Positive	0.29616	0.70384
9IP3-E-A	Negative	0.90555	0.0944502
9IP3-D-B	Negative	0.868954	0.131046
9QT5-7-M	Negative	0.512409	0.487591
9QT5-5-D	Positive	0.302206	0.697794
9QT5-3-Q	Positive	0.330925	0.669075
9QT5-G-X	Negative	0.916963	0.0830368
9QT5-4-6	Positive	0.431547	0.568453
9B1P-F-A	Positive	0.34962	0.65038
9BVP-P-A	Negative	0.671792	0.328208
9IUZ-C-B	Negative	0.783518	0.216482
9C19-F-C	Positive	0.345334	0.654666
9QDI-I-C	Positive	0.281684	0.718316
9QDI-J-D	Positive	0.284538	0.715462
9C50-E-B	Positive	0.401356	0.598644
9GMB-J-C	Negative	0.83656	0.16344
9GMB-I-E	Negative	0.843059	0.156941
9ATN-B-A	Negative	0.797931	0.202069
9UPZ-D-A	Positive	0.329109	0.670891
9QEG-Z-L	Positive	0.35294	0.64706
9GVH-A-B	Positive	0.408664	0.591336
9J8U-C-A	Negative	0.639878	0.360122
9BKX-d-D	Negative	0.5	0.5
9BKX-g-G	Negative	0.666941	0.333059
9BKX-h-H	Negative	0.487751	0.512249
9BKX-i-I	Negative	0.727454	0.272546
9BKX-p-P	Negative	0.649162	0.350838
9BKX-r-R	Negative	0.544882	0.455118
9BKX-t-T	Negative	0.569878	0.430122
9HIW-C-A	Positive	0.419945	0.580055
9NPX-j-A	Negative	0.584375	0.415625
9NPX-B-A	Negative	0.904079	0.0959215
9NPX-e-I	Negative	0.471954	0.528046
9EH2-l-M	Positive	0.231978	0.768022
9J5E-B-A	Negative	0.811485	0.188515
9H1G-C-A	Negative	0.794569	0.205431
9LKY-K-J	Positive	0.28178	0.71822
9EBO-P-R	Negative	0.876805	0.123195
9V6Z-A-B	Negative	0.456855	0.543145
9BV3-e-V	Negative	0.611069	0.388931
9FEB-E-A	Negative	0.580755	0.419245
9NED-G-A	Positive	0.28553	0.71447
9NED-H-A	Negative	0.564118	0.435882
9L6B-C-A	Positive	0.327816	0.672184
9B0X-J-B	Negative	0.685491	0.314509
9HDK-C-A	Negative	0.728911	0.271089
9BLW-P-E	Negative	0.591071	0.408929
9JLB-B-A	Negative	0.81055	0.18945
9EYT-E-A	Negative	0.849748	0.150252
9EYT-G-A	Negative	0.865539	0.134461
9EXU-D-A	Negative	0.738176	0.261824
9GLQ-A-C	Negative	0.744064	0.255936
9GLQ-B-C	Negative	0.77587	0.22413
9CXH-D-A	Negative	0.72995	0.27005
9CXH-C-A	Negative	0.728815	0.271185
9AVW-C-A	Negative	0.64491	0.35509
9AU4-S-G	Negative	0.927792	0.0722076
9GC4-D-A	Negative	0.797873	0.202127
9E01-G-B	Negative	0.728463	0.271537
9BUE-P-R	Negative	0.463727	0.536273
9DBN-B-A	Negative	0.534414	0.465586
9OA2-U-A	Negative	0.796789	0.203211
9OA2-X-D	Negative	0.85746	0.14254
9B12-J-E	Negative	0.70286	0.29714
9FNH-X-A	Negative	0.758637	0.241363
9VEC-C-J	Negative	0.972417	0.0275826
9KFK-B-R	Negative	0.787115	0.212885
9CPF-E-A	Negative	0.717357	0.282643
9LAF-A-C	Negative	0.890848	0.109152
9FOF-r-q	Negative	0.862884	0.137116
9PN0-C-A	Negative	0.598325	0.401675
9IIU-J-A	Negative	0.919602	0.0803982
9IIU-T-A	Negative	0.954236	0.045764
9IUE-2-5	Negative	0.878715	0.121285
9P1C-A-B	Negative	0.5063	0.4937
9L1X-L-A	Negative	0.691109	0.308891
9QWS-C-A	Negative	0.765195	0.234805
9GXG-F-A	Negative	0.843724	0.156276
9GXG-G-A	Negative	0.774566	0.225434
9E06-B-A	Negative	0.945672	0.0543278
9GMD-D-C	Negative	0.885891	0.114109
9DTR-G-T	Negative	0.854447	0.145553
9MUX-D-A	Positive	0.372468	0.627532
9G3Y-o-A	Negative	0.694025	0.305975
9G3Y-s-D	Negative	0.697123	0.302877
9C66-B-A	Positive	0.360218	0.639782
9EB5-D-A	Positive	0.421729	0.578271
9Q8Y-G-D	Negative	0.699724	0.300276
9BCQ-C-A	Negative	0.5	0.5
9BVQ-P-A	Negative	0.686993	0.313007
9ITZ-U-T	Negative	0.903372	0.0966276
9ITZ-X-T	Negative	0.84962	0.15038
9QNK-P-A	Negative	0.640924	0.359076
9IRK-B-C	Negative	0.797001	0.202999
9C1D-C-B	Negative	0.714498	0.285502
9GY8-B-A	Negative	0.558839	0.441161
9EXF-E-A	Negative	0.646609	0.353391
9EXF-F-B	Negative	0.748504	0.251496
9EXF-J-B	Negative	0.582938	0.417062
9EXF-O-B	Negative	0.701699	0.298301
9EXF-N-D	Negative	0.61219	0.38781
9DEP-C-A	Negative	0.625831	0.374169
9DEP-D-A	Negative	0.660562	0.339438
9DD3-B-A	Negative	0.871886	0.128114
9D2B-G-F	Negative	0.78753	0.21247
9D2B-H-F	Negative	0.831998	0.168002
9N0Y-D-B	Negative	0.612574	0.387426
9C7T-D-B	Negative	0.697437	0.302563
9LBT-C-A	Negative	0.739448	0.260552
9GV7-C-A	Negative	0.838389	0.161611
9KD4-C-A	Positive	0.294204	0.705796
9IZ0-F-A	Negative	0.698724	0.301276
9D45-C-A	Negative	0.867528	0.132472
9EII-P-I	Negative	0.919138	0.0808621
9NO1-X-J	Negative	0.941201	0.0587986
9HEJ-G-F	Negative	0.794926	0.205074
9QT9-C-A	Negative	0.573532	0.426468
9BD3-B-A	Negative	0.733089	0.266911
9FJ4-B-A	Negative	0.807324	0.192676
9FTM-D-G	Negative	0.891552	0.108448
9FTM-K-G	Negative	0.863514	0.136486
9FTM-B-A	Negative	0.833828	0.166172
9C4T-B-A	Positive	0.343585	0.656415
9DPF-B-A	Negative	0.666172	0.333828
9DPF-D-C	Negative	0.487208	0.512792
9KNQ-E-B	Negative	0.812031	0.187969
9I4X-L-A	Negative	0.955975	0.0440247
9CXJ-D-A	Negative	0.789025	0.210975
9CXJ-C-B	Negative	0.827238	0.172762
9HCE-8-6	Negative	0.72478	0.27522
9EXG-D-A	Negative	0.893712	0.106288
9EXG-J-B	Negative	0.802231	0.197769
9DDN-Y-A	Negative	0.943108	0.0568917
9DDN-F-B	Negative	0.874728	0.125272
9DDN-Z-B	Negative	0.939377	0.060623
9BF9-G-A	Negative	0.590935	0.409065
9EZ6-C-A	Negative	0.542225	0.457775
