1GMH-E-F	Positive	0.0715269	0.928473
1DOW-B-A	Negative	0.990608	0.00939232
1XMO-V-M	Positive	0.000840157	0.99916
1QKA-B-A	Positive	0.00284573	0.997154
1UF2-K-A	Negative	0.982061	0.0179392
1FZG-M-B	Positive	0.00643198	0.993568
1P13-D-A	Positive	0.264659	0.735341
1YDT-I-E	Positive	0.264494	0.735506
1T7D-C-A	Negative	0.557836	0.442164
1D4P-A-B	Negative	0.989838	0.0101617
1D4P-H-B	Negative	0.646504	0.353496
1YPH-B-D	Positive	0.227615	0.772385
1U92-C-A	Positive	0.191042	0.808958
1JAN-I-A	Positive	0.241673	0.758327
1GTJ-3-1	Positive	0.0838433	0.916157
1QJ7-A-B	Negative	0.615564	0.384436
1QJ7-I-B	Negative	0.738948	0.261052
1F4V-D-A	Negative	0.73987	0.26013
1RGJ-B-A	Negative	0.973582	0.0264183
1T65-B-A	Positive	0.000346377	0.999654
1HR9-O-B	Positive	0.000374008	0.999626
1G6R-P-A	Positive	0.0482223	0.951778
1N6D-G-A	Positive	0.000663778	0.999336
1CQT-I-A	Positive	0.00530673	0.994693
1CQT-J-A	Positive	0.00351097	0.996489
1EG4-P-A	Positive	0.188044	0.811956
1OYT-L-H	Negative	0.99106	0.00893955
1OYT-I-H	Negative	0.600021	0.399979
1AS4-B-A	Positive	0.192889	0.807111
1G1E-A-B	Negative	0.948299	0.0517008
1SGI-A-B	Negative	0.962832	0.0371684
1SGI-D-E	Negative	0.99139	0.0086104
1I1F-C-A	Positive	0.0127276	0.987272
1K4U-P-S	Negative	0.820004	0.179996
1BMB-I-A	Negative	0.616105	0.383895
1THR-I-H	Negative	0.944249	0.0557506
1MT1-A-B	Positive	0.300177	0.699823
1MT1-C-B	Positive	0.0778966	0.922103
1MT1-E-B	Positive	0.0669378	0.933062
1MT1-G-B	Positive	0.140691	0.859309
1MT1-I-H	Positive	0.106736	0.893264
1MT1-K-H	Positive	0.12076	0.87924
1U8P-C-A	Positive	0.0450745	0.954925
1Z71-B-A	Negative	0.559757	0.440243
1TVH-C-A	Negative	0.833792	0.166208
1TVH-F-D	Negative	0.833792	0.166208
1FFK-Y-P	Positive	0.0333348	0.966665
1H9H-I-E	Positive	0.0108704	0.98913
1IQ5-B-A	Positive	0.00097222	0.999028
1X3Z-I-A	Negative	0.902904	0.0970965
1NRO-L-H	Negative	0.95338	0.0466202
1NRO-R-H	Positive	0.155436	0.844564
1B3G-B-A	Positive	4.26807e-05	0.999957
1OGT-C-A	Positive	0.00133184	0.998668
1J4Q-B-A	Negative	0.836626	0.163374
1RBC-S-A	Negative	0.826047	0.173953
1HAJ-B-A	Negative	0.978522	0.0214782
1H6E-P-A	Positive	0.0583284	0.941672
1KUK-B-A	Positive	0.000378073	0.999622
1Z7Z-5-1	Positive	0.310223	0.689777
1Z7Z-4-3	Positive	0.283754	0.716246
1HRI-4-1	Negative	0.876312	0.123688
1TMT-I-H	Positive	0.00213906	0.997861
1TMT-J-H	Negative	0.678779	0.321221
1UTI-D-A	Positive	0.00385403	0.996146
1YVL-C-A	Positive	0.000208767	0.999791
1RH5-C-A	Positive	0.401845	0.598155
1TJK-I-A	Positive	0.0160124	0.983988
1AW8-A-B	Positive	0.0614885	0.938512
1ZY1-D-A	Positive	0.0550732	0.944927
1Q4Q-O-A	Positive	0.337145	0.662855
1Q4Q-R-A	Positive	0.155651	0.844349
1YM2-X-A	Positive	0.185577	0.814423
1MFG-B-A	Negative	0.920502	0.0794984
1CFA-B-A	Positive	0.182146	0.817854
1BQP-B-A	Negative	0.755416	0.244584
1BQP-D-A	Negative	0.755416	0.244584
1I7U-C-A	Positive	0.444771	0.555229
1FZO-P-A	Positive	0.305427	0.694573
1OEB-D-A	Negative	0.574632	0.425368
1L3E-A-B	Negative	0.91682	0.0831796
1PRM-A-C	Positive	0.431157	0.568843
1Z9O-G-A	Negative	0.847889	0.152111
1QUR-I-H	Negative	0.978017	0.021983
1W3C-C-A	Positive	0.00927398	0.990726
1KUJ-B-A	Positive	0.00521825	0.994782
1KUJ-D-A	Positive	0.0291338	0.970866
1KUJ-F-A	Positive	0.0537647	0.946235
1KUJ-H-C	Positive	0.0234379	0.976562
1FC2-C-D	Negative	0.627247	0.372753
1AKJ-C-A	Positive	0.0083961	0.991604
1YTF-C-A	Positive	0.287215	0.712785
1YTF-B-D	Negative	0.971173	0.0288268
1TNO-M-A	Positive	0.0068157	0.993184
1ZVZ-B-A	Positive	0.375594	0.624406
1AR9-0-1	Positive	0.0653859	0.934614
1XXV-C-A	Negative	0.785302	0.214698
1XXV-D-A	Negative	0.718066	0.281934
1BM2-L-A	Positive	0.0581566	0.941843
1V54-K-A	Positive	0.160275	0.839725
1V54-L-A	Positive	0.0628464	0.937154
1V54-M-A	Positive	0.217177	0.782823
1V54-Y-N	Positive	0.0628464	0.937154
1YY6-B-A	Negative	0.823607	0.176393
1D0A-G-A	Negative	0.707758	0.292242
1Z3P-S-E	Negative	0.689204	0.310796
1ZBE-4-1	Positive	0.0124982	0.987502
1IDG-B-A	Positive	0.141343	0.858657
1TFC-C-A	Negative	0.668678	0.331322
1TFC-D-B	Positive	0.142368	0.857632
1ID5-L-H	Negative	0.953739	0.0462608
1S7U-C-A	Positive	0.255825	0.744175
1OV3-C-A	Positive	0.0128547	0.987145
1OW7-D-A	Negative	0.969115	0.0308855
1VWL-M-B	Positive	0.00337013	0.99663
1PQ1-B-A	Positive	0.218619	0.781381
1JGN-B-A	Positive	0.132674	0.867326
1GNG-X-A	Positive	0.397814	0.602186
1KAT-X-V	Positive	0.123978	0.876022
1T1X-C-A	Negative	0.528198	0.471802
1T37-P-A	Negative	0.92248	0.0775197
1OK7-C-B	Positive	0.225518	0.774482
1PTS-P-B	Positive	0.0432797	0.95672
1LF8-E-A	Positive	0.0430276	0.956972
1IHT-L-H	Negative	0.983168	0.0168322
1IHT-I-H	Positive	0.237445	0.762555
1MXE-E-A	Positive	0.000648444	0.999352
1I4F-C-A	Negative	0.992281	0.00771867
1DD4-C-A	Positive	0.156367	0.843633
1DD4-D-A	Positive	0.404132	0.595868
1EFX-C-A	Positive	0.473438	0.526562
1B05-B-A	Positive	9.65031e-05	0.999903
1OO4-B-A	Negative	0.860468	0.139532
1T5W-C-A	Negative	0.993672	0.00632776
1GBQ-B-A	Positive	0.0188803	0.98112
1VAC-P-A	Positive	0.00878914	0.991211
1I8I-C-A	Positive	0.327999	0.672001
1YMM-C-A	Positive	0.0710496	0.92895
1TSU-P-A	Positive	0.0269787	0.973021
1ZTZ-P-A	Positive	0.0487832	0.951217
1M43-C-A	Positive	0.100315	0.899685
1B0N-B-A	Negative	0.540313	0.459687
1NRP-R-H	Positive	0.461898	0.538102
1DUY-C-A	Positive	0.115243	0.884757
1MVK-E-H	Negative	0.917433	0.0825673
1MVK-F-H	Negative	0.946495	0.0535048
1MVK-G-H	Negative	0.719075	0.280925
1MVK-I-H	Negative	0.856985	0.143015
1MVK-K-H	Negative	0.946495	0.0535048
1MVK-L-H	Negative	0.87421	0.12579
1BDT-D-B	Positive	0.447058	0.552942
1BXX-P-A	Positive	0.0375991	0.962401
1BCU-L-H	Negative	0.993242	0.00675803
1AOU-P-F	Positive	0.351497	0.648503
1WCY-C-A	Positive	0.164525	0.835475
1KTR-P-L	Positive	0.0028638	0.997136
1EEY-C-A	Positive	0.0445589	0.955441
1WS5-F-A	Positive	0.00721558	0.992784
1DDH-P-A	Positive	0.17754	0.82246
1S7V-C-A	Positive	0.146341	0.853659
1K2N-P-A	Negative	0.715193	0.284807
1PFG-B-A	Positive	0.347036	0.652964
1TP3-B-A	Positive	0.399042	0.600958
1JGE-C-A	Positive	0.00495177	0.995048
1IQ1-A-C	Positive	0.0382418	0.961758
1IQ1-B-C	Positive	0.0203037	0.979696
1IM9-C-A	Positive	0.0937424	0.906258
1Q0W-A-B	Negative	0.617677	0.382323
1JMT-B-A	Positive	0.464853	0.535147
1LOD-B-A	Negative	0.758009	0.241991
1LOD-D-A	Negative	0.861117	0.138883
1ZT1-P-A	Negative	0.549515	0.450485
1HBT-I-H	Negative	0.902209	0.0977915
1OZB-I-A	Positive	0.000109606	0.99989
1H8B-B-A	Negative	0.980446	0.019554
1ND2-D-A	Positive	0.177751	0.822249
1A6A-C-A	Positive	0.0248292	0.975171
1XXP-C-A	Negative	0.943526	0.0564742
1BR8-P-I	Negative	0.681132	0.318868
1TG4-I-A	Positive	0.0243723	0.975628
1GJ7-A-B	Positive	0.00721115	0.992789
1QNZ-P-H	Positive	0.00882468	0.991175
1GBD-P-A	Negative	0.595461	0.404539
1GEC-I-E	Positive	0.466967	0.533033
1TN6-C-A	Positive	0.029313	0.970687
1JK8-C-A	Negative	0.959948	0.0400517
1YC5-B-A	Positive	0.0105722	0.989428
1J80-A-B	Negative	0.838713	0.161287
1N59-P-A	Positive	0.359266	0.640734
1FV1-C-A	Positive	0.492056	0.507944
1FV1-F-D	Negative	0.818465	0.181535
1QIX-A-B	Positive	0.243345	0.756655
1M1D-B-A	Positive	0.0735066	0.926493
1B7X-C-B	Positive	0.00186734	0.998133
1AYC-P-A	Positive	0.152213	0.847787
1UEF-C-A	Positive	0.0213184	0.978682
1UEF-D-B	Positive	0.149296	0.850704
1PJM-A-B	Positive	0.156862	0.843138
1ZSG-B-A	Positive	0.24673	0.75327
1RK1-P-A	Positive	0.167157	0.832843
1HV2-B-A	Positive	0.00758556	0.992414
1ORY-B-A	Positive	0.473206	0.526794
1BA8-A-B	Negative	0.967232	0.0327676
1BA8-C-B	Negative	0.573557	0.426443
1N0W-B-A	Positive	0.0659416	0.934058
1ZV8-H-G	Negative	0.793406	0.206594
1ZV8-I-G	Positive	0.14346	0.85654
1ZV8-L-G	Negative	0.963991	0.0360092
1ZV8-J-K	Negative	0.941342	0.0586577
1D5D-A-B	Negative	0.590228	0.409772
1YCQ-B-A	Positive	0.315834	0.684166
1KUG-B-A	Positive	0.028372	0.971628
1Z8Y-I-B	Positive	0.0925302	0.90747
1Z8Y-J-Q	Positive	0.063845	0.936155
1RHK-C-A	Positive	0.349637	0.650363
1JF1-C-A	Positive	0.258274	0.741726
1SYV-C-A	Positive	0.35943	0.64057
1POP-B-A	Positive	0.265908	0.734092
1PQ8-C-A	Positive	0.000526394	0.999474
1OXN-F-E	Negative	0.969771	0.0302291
1YF4-B-A	Positive	0.00780372	0.992196
1WM0-Y-X	Positive	0.00351224	0.996488
1UH0-B-A	Positive	0.0073447	0.992655
1I3Q-L-B	Positive	0.0110464	0.988954
1T1Z-C-A	Negative	0.900147	0.0998529
1GKT-B-A	Positive	0.00581442	0.994186
1R5V-E-A	Positive	0.0302693	0.969731
1GDN-B-A	Positive	0.000167808	0.999832
1DPU-B-A	Positive	0.0064186	0.993581
1URC-E-B	Positive	0.00521193	0.994788
1R5W-E-A	Positive	0.0302198	0.96978
1AGF-C-A	Positive	6.29723e-05	0.999937
1GDU-B-A	Positive	0.00253543	0.997465
1P7W-B-A	Positive	0.341635	0.658365
1F95-C-A	Positive	0.204253	0.795747
1W80-P-A	Positive	0.0448808	0.955119
1W80-Q-A	Positive	0.0385808	0.961419
1VRK-B-A	Positive	0.0116039	0.988396
1RXZ-B-A	Negative	0.911663	0.0883371
1VWN-P-B	Positive	0.0186918	0.981308
1IXS-A-B	Negative	0.986334	0.0136663
1O0D-L-H	Negative	0.709289	0.290711
1O0D-D-H	Negative	0.935259	0.0647409
1FPC-L-H	Negative	0.982719	0.0172811
1O5B-A-B	Positive	0.00179289	0.998207
1AWQ-B-A	Positive	0.0826106	0.917389
1PD0-B-A	Positive	0.102187	0.897813
1MK9-A-B	Negative	0.981941	0.0180592
1MK9-C-B	Negative	0.95182	0.0481802
1MK9-E-F	Negative	0.990278	0.00972197
1FCH-C-A	Positive	0.0221369	0.977863
1STC-I-E	Positive	0.217275	0.782725
1YU6-D-B	Positive	0.0209453	0.979055
1M4P-B-A	Negative	0.663111	0.336889
1N13-A-B	Positive	0.300177	0.699823
1N13-C-B	Positive	0.0778966	0.922103
1N13-G-B	Positive	0.140691	0.859309
1N13-K-H	Positive	0.371955	0.628045
1KJV-P-A	Positive	0.10029	0.89971
1TPS-B-A	Negative	0.966194	0.0338057
1KZU-B-A	Negative	0.667512	0.332488
1KBG-P-H	Positive	0.166885	0.833115
1OGA-C-A	Positive	0.288859	0.711141
1FQJ-C-A	Positive	0.430284	0.569716
1F93-E-A	Negative	0.904596	0.0954042
1F93-F-A	Positive	0.303506	0.696494
1F93-G-C	Negative	0.886414	0.113586
1F93-H-C	Negative	0.576233	0.423767
1XDT-R-T	Positive	0.000450726	0.999549
1JD6-B-A	Negative	0.922228	0.0777725
1T63-B-A	Negative	0.85858	0.14142
1HTM-A-B	Positive	0.0674279	0.932572
1HTM-E-B	Positive	0.0347562	0.965244
1HTM-C-D	Positive	0.341088	0.658912
1FI8-D-A	Positive	0.453504	0.546496
1H3O-A-B	Negative	0.85595	0.14405
1H24-E-B	Positive	0.296839	0.703161
1NH2-C-A	Positive	0.435247	0.564753
1NH2-B-D	Negative	0.97945	0.0205501
1DUZ-C-A	Positive	0.170357	0.829643
1NOV-D-A	Positive	0.259136	0.740864
1NOV-F-A	Positive	0.245792	0.754208
1Q94-C-A	Negative	0.533365	0.466635
1X7Q-C-A	Positive	0.253932	0.746068
1Q5L-B-A	Positive	0.0621581	0.937842
1F3R-A-B	Negative	0.881769	0.118231
1VBA-0-4	Negative	0.987693	0.0123073
1E27-C-A	Positive	0.0322334	0.967767
1MV0-A-B	Negative	0.627086	0.372914
1X27-I-A	Positive	0.475166	0.524834
1X27-L-A	Positive	0.118825	0.881175
1X27-M-A	Positive	0.106067	0.893933
1SFI-I-A	Positive	0.0146315	0.985368
1Y66-B-A	Negative	0.563287	0.436713
1Y66-C-A	Positive	0.2263	0.7737
1IYJ-A-B	Negative	0.814012	0.185988
1L6X-B-A	Positive	0.163711	0.836289
1KA7-B-A	Positive	0.219751	0.780249
1INQ-C-A	Positive	0.438893	0.561107
1QTN-C-A	Negative	0.927762	0.0722383
1TMC-C-A	Negative	0.583327	0.416673
1TK2-B-A	Positive	0.426322	0.573678
1J4X-D-A	Positive	0.497516	0.502484
1B8D-G-B	Positive	0.388878	0.611122
1OM9-P-A	Negative	0.911317	0.0886834
1OM9-Q-B	Negative	0.95397	0.0460299
1MDJ-B-A	Positive	0.0454119	0.954588
1Z8I-A-B	Negative	0.966135	0.0338653
1ZY3-B-A	Positive	0.180893	0.819107
1P11-P-E	Negative	0.513231	0.486769
1P11-I-E	Negative	0.595461	0.404539
1IID-O-A	Positive	0.000487831	0.999512
1JVQ-C-I	Negative	0.884371	0.115629
1JVQ-D-I	Negative	0.947133	0.0528666
1OBY-P-A	Negative	0.642449	0.357551
1OBY-Q-A	Negative	0.698269	0.301731
1M57-D-A	Positive	0.201239	0.798761
1JJO-A-C	Positive	0.299557	0.700443
1JJO-E-C	Positive	0.00918738	0.990813
1UWX-P-H	Negative	0.72092	0.27908
1DKY-C-A	Positive	0.071834	0.928166
1PP9-I-A	Negative	0.877639	0.122361
1T01-B-A	Positive	0.0424726	0.957527
1XTC-C-A	Negative	0.752248	0.247752
1MU8-C-B	Negative	0.79573	0.20427
1XU1-R-A	Positive	0.0196656	0.980334
1XU1-T-A	Positive	0.00589099	0.994109
1XU1-S-B	Positive	0.0270159	0.972984
1LJ2-C-A	Negative	0.828025	0.171975
1LJ2-D-A	Positive	0.244842	0.755158
1SY9-B-A	Positive	0.000663654	0.999336
1M4H-C-A	Negative	0.757226	0.242774
1QC6-C-A	Positive	0.271661	0.728339
1QC6-D-B	Positive	0.0236673	0.976333
1JYR-L-A	Negative	0.600309	0.399691
1TP8-B-A	Positive	0.014848	0.985152
1ZAF-C-A	Positive	0.0869471	0.913053
1JYC-P-A	Negative	0.652952	0.347048
1G3F-B-A	Negative	0.865257	0.134743
1M2Z-B-A	Negative	0.930086	0.0699137
1O9K-P-A	Negative	0.909262	0.0907385
1SYQ-B-A	Positive	0.14172	0.85828
1Q2D-B-A	Positive	0.0539728	0.946027
1F2S-I-E	Positive	0.0078204	0.99218
1P93-E-A	Negative	0.506053	0.493947
1JBP-S-E	Positive	0.142747	0.857253
1KYF-P-A	Positive	0.0072959	0.992704
1JG3-C-A	Positive	0.204565	0.795435
1LWU-M-B	Positive	0.00643198	0.993568
1LWU-N-E	Positive	0.00643198	0.993568
1T34-H-A	Positive	0.00310904	0.996891
1KJ4-P-A	Positive	0.104049	0.895951
1KJ4-S-A	Negative	0.591413	0.408587
1UKI-B-A	Positive	0.100548	0.899452
1N4S-M-A	Positive	0.213371	0.786629
1N4S-R-K	Positive	0.050197	0.949803
1W0W-C-A	Positive	0.00527764	0.994722
1XF5-P-A	Positive	0.331688	0.668312
1XF5-Q-C	Positive	0.0205892	0.979411
1CQH-B-A	Positive	0.472607	0.527393
1UK4-G-A	Negative	0.669282	0.330718
1UK4-K-B	Negative	0.669282	0.330718
1X7E-C-A	Positive	0.411327	0.588673
1CZZ-D-A	Negative	0.888087	0.111913
1CZZ-E-B	Positive	0.419488	0.580512
1OJH-B-A	Negative	0.90266	0.0973403
1KBH-A-B	Negative	0.933368	0.0666321
1AKH-A-B	Positive	0.0445495	0.95545
1KZZ-B-A	Positive	0.187059	0.812941
1UJJ-C-A	Positive	0.00182184	0.998178
1T7M-B-A	Positive	0.0862721	0.913728
1FIZ-L-A	Positive	0.271624	0.728376
1W72-C-A	Negative	0.947896	0.0521036
1Y7L-P-A	Positive	0.0968088	0.903191
1ZDT-P-A	Positive	0.498987	0.501013
1ZDT-Q-B	Positive	0.092527	0.907473
1FPH-I-H	Negative	0.734098	0.265902
1FPH-F-H	Negative	0.850392	0.149608
1LHC-I-H	Negative	0.683133	0.316867
1F0C-B-A	Positive	0.182676	0.817324
1RPQ-W-A	Positive	0.47309	0.52691
1RPQ-Z-B	Positive	0.47309	0.52691
1OR8-B-A	Positive	0.0565689	0.943431
1OR8-C-A	Positive	0.00687757	0.993122
1OR8-D-A	Positive	0.098071	0.901929
1OR8-E-A	Positive	0.0521456	0.947854
1T5Z-B-A	Positive	0.00314736	0.996853
1PJP-I-A	Negative	0.624542	0.375458
1ABT-B-A	Positive	0.0101945	0.989806
1YWO-P-A	Positive	0.0528691	0.947131
1U93-C-A	Positive	0.0124239	0.987576
1DE7-A-H	Negative	0.812828	0.187172
1F96-C-A	Negative	0.900487	0.0995128
1DLH-C-A	Positive	0.15518	0.84482
1OCO-L-A	Positive	0.0767787	0.923221
1OCO-M-A	Positive	0.217177	0.782823
1UM2-C-A	Negative	0.810611	0.189389
1VJ6-B-A	Negative	0.835811	0.164189
1CLV-I-A	Positive	0.0369909	0.963009
1F90-E-L	Positive	0.417418	0.582582
1VQN-2-S	Positive	0.00591621	0.994084
1UVQ-C-A	Positive	0.063759	0.936241
1UOQ-B-A	Negative	0.548975	0.451025
1EEN-B-A	Negative	0.890515	0.109485
1TJG-P-L	Positive	0.302821	0.697179
1ZHL-C-A	Negative	0.874159	0.125841
1HSB-C-A	Positive	0.0657129	0.934287
1OTR-A-B	Negative	0.946064	0.0539356
1LEW-B-A	Negative	0.643982	0.356018
1ED3-C-A	Positive	0.0598704	0.94013
1TQ7-A-B	Positive	0.376309	0.623691
1CMK-I-E	Positive	0.264494	0.735506
1FZC-G-C	Positive	0.00802596	0.991974
1FZC-J-E	Positive	0.00643198	0.993568
1QWE-B-A	Positive	0.0294765	0.970524
1N8O-A-B	Positive	0.111472	0.888528
1XQH-B-A	Positive	0.00933891	0.990661
1PMX-B-A	Positive	0.303192	0.696808
1RJY-P-A	Positive	0.178927	0.821073
1E0A-B-A	Positive	0.202552	0.797448
1URL-B-A	Positive	0.0170126	0.982987
1B0G-C-A	Positive	0.444027	0.555973
1CZY-D-A	Negative	0.671231	0.328769
1CZY-E-C	Negative	0.671231	0.328769
1TN7-C-A	Positive	0.00817152	0.991828
1H2K-S-A	Negative	0.951997	0.0480035
1UJK-C-A	Positive	0.000830195	0.99917
1U8M-C-A	Negative	0.719351	0.280649
1RIN-D-A	Negative	0.722124	0.277876
1AN1-I-E	Positive	0.00175398	0.998246
1CFT-C-A	Positive	0.0084603	0.99154
1XQY-Q-A	Positive	0.215298	0.784702
1TQ0-A-B	Negative	0.962115	0.0378845
1IS0-C-A	Negative	0.575127	0.424873
1LOP-B-A	Positive	0.486266	0.513734
1KUI-B-A	Positive	0.0486519	0.951348
1EOJ-B-A	Negative	0.943372	0.0566279
1P9D-S-U	Negative	0.915455	0.0845448
1T79-B-A	Positive	0.0607485	0.939251
1OAU-I-M	Positive	0.180719	0.819281
1OAU-K-O	Positive	0.386827	0.613173
1R2B-C-A	Positive	0.40339	0.59661
1R2B-D-A	Negative	0.757247	0.242753
1GHA-P-F	Positive	0.144299	0.855701
1U8Q-C-A	Positive	0.323946	0.676054
1BTH-L-H	Negative	0.980324	0.0196763
1OW6-F-C	Negative	0.934341	0.0656593
1CJQ-A-B	Negative	0.838713	0.161287
1D6E-D-A	Positive	0.0131929	0.986807
1KY6-P-A	Positive	0.427122	0.572878
1B52-B-A	Positive	0.000800691	0.999199
1AZG-A-B	Positive	0.10414	0.89586
1R64-C-A	Positive	0.00556839	0.994432
1OJ5-B-A	Negative	0.679124	0.320876
1T74-B-A	Negative	0.597225	0.402775
1XOC-B-A	Negative	0.515606	0.484394
1JGD-C-A	Positive	0.0282176	0.971782
1BLL-I-E	Negative	0.924794	0.0752065
1RF3-B-A	Positive	0.226961	0.773039
1D0J-G-A	Negative	0.966406	0.0335936
1D0J-I-D	Negative	0.785868	0.214132
1D0J-J-E	Negative	0.785868	0.214132
1I7R-C-A	Positive	0.0355267	0.964473
1KLG-C-A	Positive	0.072469	0.927531
1YDP-P-A	Positive	0.00749184	0.992508
1JBD-B-A	Negative	0.971191	0.0288088
1VWG-P-B	Positive	0.0255955	0.974405
1TSQ-P-A	Positive	0.0872244	0.912776
1GBR-B-A	Positive	0.10292	0.89708
1CM4-B-A	Positive	0.00469436	0.995306
1LGC-D-A	Negative	0.901442	0.0985584
1LGC-J-E	Positive	0.0122786	0.987721
1HRT-L-H	Negative	0.503967	0.496033
1E28-C-A	Positive	0.169504	0.830496
1K3A-B-A	Negative	0.592745	0.407255
1AI1-P-L	Positive	0.477429	0.522571
1S7T-C-A	Positive	0.163377	0.836623
1K22-L-H	Negative	0.979398	0.0206017
1ZBW-D-A	Positive	0.0635888	0.936411
1A5H-C-A	Positive	0.00657868	0.993421
1D5M-D-A	Positive	0.0128666	0.987133
1Q3L-P-A	Positive	0.227235	0.772765
1M7E-D-A	Negative	0.772617	0.227383
1TDV-B-A	Positive	0.153705	0.846295
1JSP-A-B	Positive	0.00336931	0.996631
1JMU-A-B	Positive	0.13158	0.86842
1JMU-C-B	Positive	0.13158	0.86842
1BXP-B-A	Negative	0.963655	0.0363452
1UEL-B-A	Negative	0.971112	0.0288885
1SIO-D-A	Positive	0.157551	0.842449
1MCV-I-A	Positive	0.00506761	0.994932
1HR8-O-A	Positive	0.00385749	0.996143
1HR8-P-C	Positive	0.0722504	0.92775
1HR8-Q-F	Positive	0.00160674	0.998393
1HR8-R-H	Positive	0.0972541	0.902746
1NAK-P-L	Positive	0.000755808	0.999244
1KZP-C-A	Positive	0.00881174	0.991188
1FRG-P-L	Negative	0.863456	0.136544
1F8H-B-A	Positive	0.017961	0.982039
1DS5-E-A	Positive	0.130856	0.869144
1DS5-F-A	Positive	0.280627	0.719373
1QJB-Q-A	Positive	0.0605758	0.939424
1QJB-S-B	Positive	0.135568	0.864432
1FHR-P-A	Negative	0.699975	0.300025
1RQQ-E-A	Negative	0.803417	0.196583
1RQQ-F-B	Negative	0.62084	0.37916
1TNB-M-A	Positive	0.0204871	0.979513
1W9O-T-A	Negative	0.609385	0.390615
1TA2-B-A	Negative	0.561557	0.438443
1ZW2-B-A	Positive	0.00464577	0.995354
1XH5-B-A	Positive	0.264494	0.735506
1JY2-N-O	Positive	0.209963	0.790037
1JY2-P-O	Positive	0.363769	0.636231
1JY2-R-O	Negative	0.969627	0.0303731
1JY2-S-O	Positive	0.354447	0.645553
1V6D-B-A	Negative	0.592958	0.407042
1C9I-C-A	Negative	0.642853	0.357147
1C9I-D-B	Negative	0.906517	0.0934834
1FOD-4-1	Positive	0.0504208	0.949579
1S7X-C-A	Positive	0.101052	0.898948
1AL0-B-F	Negative	0.550866	0.449134
1CTP-I-E	Positive	0.308351	0.691649
1JEG-B-A	Negative	0.717572	0.282428
1XWJ-B-A	Negative	0.64863	0.35137
1MCT-I-A	Positive	0.000950731	0.999049
1AXC-B-A	Negative	0.587487	0.412513
1D5H-A-B	Positive	0.422836	0.577164
1YBO-D-B	Negative	0.588262	0.411738
1NT9-L-B	Positive	0.0110464	0.988954
1YY4-C-A	Positive	0.493843	0.506157
1IO6-B-A	Positive	0.0184481	0.981552
1TTW-B-A	Negative	0.968313	0.0316869
1SV1-C-A	Negative	0.981963	0.0180368
1B58-B-A	Positive	0.000547193	0.999453
1GMD-E-F	Positive	0.111472	0.888528
1GMD-B-F	Negative	0.913611	0.0863886
1UHL-C-A	Positive	0.00165755	0.998342
1UHL-D-B	Positive	0.188589	0.811411
1CN3-F-A	Positive	0.222708	0.777292
1JP5-C-A	Positive	0.425063	0.574937
1YGU-C-A	Positive	0.0981257	0.901874
1S5P-B-A	Positive	0.00172843	0.998272
1D3E-4-1	Positive	0.177751	0.822249
1Y74-B-A	Negative	0.984202	0.0157984
1SSB-B-A	Negative	0.885538	0.114462
1LB6-B-A	Positive	0.439587	0.560413
1YTJ-I-A	Negative	0.853798	0.146202
1VBS-B-A	Positive	0.268772	0.731228
1QS7-B-A	Positive	0.00235158	0.997648
1QS7-D-C	Positive	0.0124329	0.987567
1X9T-B-A	Negative	0.929887	0.0701126
1DDV-B-A	Positive	0.0438684	0.956132
1B8H-D-B	Negative	0.761465	0.238535
1D5G-B-A	Negative	0.882912	0.117088
1C5Y-A-B	Positive	0.0228188	0.977181
1M46-B-A	Positive	0.0868178	0.913182
1W7G-I-H	Negative	0.673785	0.326215
1SZA-Z-B	Positive	0.136521	0.863479
1MT9-P-A	Positive	0.377201	0.622799
1CFF-B-A	Positive	0.0132372	0.986763
1SHH-D-E	Negative	0.990874	0.00912573
1IAU-B-A	Negative	0.545207	0.454793
1FMD-4-1	Positive	0.0277804	0.97222
1T15-B-A	Positive	0.00184931	0.998151
1G0V-B-A	Negative	0.515626	0.484374
1H25-E-B	Positive	0.018489	0.981511
1PYW-C-A	Positive	0.0153473	0.984653
1UGY-F-A	Positive	0.00908153	0.990918
1W2B-5-O	Positive	0.081017	0.918983
1V18-B-A	Negative	0.996264	0.00373645
1UVU-L-H	Negative	0.939708	0.0602924
1JK4-B-A	Positive	0.0498152	0.950185
1XB7-P-A	Negative	0.788893	0.211107
1YN7-C-A	Negative	0.933373	0.0666275
1T8Z-D-C	Positive	0.0829215	0.917078
1SGH-B-A	Positive	0.30667	0.69333
1XME-C-A	Negative	0.69978	0.30022
1IHJ-D-A	Negative	0.58976	0.41024
1UOP-B-A	Negative	0.834155	0.165845
1BH8-A-B	Negative	0.746643	0.253357
1I1Y-C-A	Positive	0.0872374	0.912763
1G1X-C-A	Positive	0.0504657	0.949534
1G1X-H-F	Positive	0.00638393	0.993616
1MIZ-A-B	Positive	0.206777	0.793223
1VGK-C-A	Positive	0.362649	0.637351
1I51-E-A	Negative	0.980396	0.0196041
1TZG-P-L	Positive	0.0140194	0.985981
1NY2-4-2	Positive	0.0302312	0.969769
1RBF-S-A	Negative	0.867174	0.132826
1EBA-C-A	Positive	0.0102931	0.989707
1XCT-P-A	Positive	0.176978	0.823022
1XCT-Q-C	Positive	0.0191136	0.980886
1NVR-B-A	Positive	0.319196	0.680804
1N5Z-P-A	Negative	0.503092	0.496908
1E6I-P-A	Positive	0.0186621	0.981338
1ZHB-C-A	Positive	0.23047	0.76953
1ABI-L-H	Negative	0.716788	0.283212
1ABI-I-H	Negative	0.954002	0.0459978
1T22-C-A	Negative	0.551905	0.448095
1YR5-B-A	Positive	0.0005864	0.999414
1KJ7-P-A	Positive	0.0738717	0.926128
1C1W-L-H	Negative	0.615564	0.384436
1PDQ-B-A	Positive	0.0186533	0.981347
1JL4-C-A	Negative	0.740728	0.259272
1TB6-L-H	Negative	0.622048	0.377952
1NB3-P-A	Positive	0.252522	0.747478
1JPW-D-A	Negative	0.851812	0.148188
1NAN-M-H	Positive	0.0718601	0.92814
1JN5-C-B	Positive	0.0999183	0.900082
1XOW-B-A	Positive	0.165416	0.834584
1KJG-P-A	Negative	0.885811	0.114189
1MHW-C-A	Positive	0.0217573	0.978243
1H28-E-B	Positive	0.114075	0.885925
1H28-F-D	Positive	0.217722	0.782278
1MVU-P-A	Negative	0.994994	0.00500588
1U8L-C-A	Negative	0.501544	0.498456
1W85-I-B	Positive	0.0240972	0.975903
1W85-J-F	Negative	0.581557	0.418443
1UHD-B-A	Negative	0.902916	0.0970836
1TWX-C-B	Negative	0.933841	0.0661585
1MWA-P-A	Positive	0.0791597	0.92084
1MWA-Q-C	Positive	0.0791597	0.92084
1TNY-M-A	Positive	0.110189	0.889811
1U9L-C-A	Positive	0.0873941	0.912606
1O9A-B-A	Positive	0.199708	0.800292
1M06-J-F	Positive	0.0239375	0.976062
1QEW-C-A	Positive	0.0243704	0.97563
1ND3-D-A	Positive	0.0524051	0.947595
1JCS-C-A	Positive	0.00373194	0.996268
1NX1-C-A	Negative	0.591058	0.408942
1PZ5-C-A	Positive	0.135448	0.864552
1EOL-B-A	Negative	0.924463	0.0755371
1IK9-C-A	Negative	0.889324	0.110676
1N1L-C-A	Positive	0.00523971	0.99476
1N1L-D-A	Positive	0.02788	0.97212
1SP4-A-B	Positive	0.0293484	0.970652
1AWU-B-A	Positive	0.0666415	0.933359
1OAI-B-A	Positive	0.0173703	0.98263
1Y3A-E-A	Negative	0.972638	0.0273621
1A81-B-A	Negative	0.869161	0.130839
1LTT-C-D	Positive	0.459912	0.540088
1W88-I-B	Positive	0.100769	0.899231
1W88-J-F	Positive	0.0208929	0.979107
1YK1-E-A	Positive	0.00114403	0.998856
1ZLA-K-G	Positive	0.0777784	0.922222
1EPM-I-E	Negative	0.703735	0.296265
1K83-M-A	Positive	0.0575617	0.942438
1K83-L-B	Positive	0.000760038	0.99924
1OL1-F-B	Positive	0.297417	0.702583
1SP5-I-A	Negative	0.735908	0.264092
1EJO-P-L	Negative	0.583032	0.416968
1KL3-E-A	Positive	0.393404	0.606596
1KL3-H-A	Positive	0.288077	0.711923
1A3E-I-H	Negative	0.775462	0.224538
1RKC-B-A	Negative	0.502744	0.497256
1SQZ-B-A	Positive	0.330021	0.669979
1O9S-K-A	Positive	0.0251577	0.974842
1O9S-L-B	Positive	0.327092	0.672908
1YGR-C-A	Negative	0.81513	0.18487
1NWD-B-A	Negative	0.791013	0.208987
1QCR-I-A	Negative	0.70433	0.29567
1QCR-K-A	Negative	0.578602	0.421398
1CKK-B-A	Positive	0.110149	0.889851
1MXL-I-C	Positive	0.266182	0.733818
1QGK-B-A	Positive	0.193381	0.806619
1ZFP-I-E	Positive	0.117783	0.882217
1L2Z-B-A	Positive	0.0607143	0.939286
1MCH-P-A	Positive	0.0049932	0.995007
1U76-B-A	Positive	0.223192	0.776808
1U76-D-C	Positive	0.354577	0.645423
1H9I-I-E	Positive	0.000727699	0.999272
1XN3-I-B	Negative	0.989663	0.0103373
1NVP-C-A	Positive	0.109413	0.890587
1NVP-B-D	Negative	0.963432	0.0365683
1RY1-S-B	Positive	0.297673	0.702327
1K7L-B-A	Positive	0.103055	0.896945
1IHS-I-H	Negative	0.740457	0.259543
1M05-E-A	Positive	0.0154093	0.984591
1N0X-P-L	Negative	0.992396	0.00760393
1N0X-R-L	Negative	0.990936	0.00906408
1KZO-C-A	Positive	0.0068157	0.993184
1MKX-L-H	Negative	0.908697	0.0913032
1GXC-B-A	Positive	0.105152	0.894848
1GAG-B-A	Negative	0.538055	0.461945
1BW8-P-A	Positive	0.023489	0.976511
1S5L-F-A	Positive	0.132712	0.867288
1S5L-I-A	Negative	0.985563	0.0144367
1S5L-J-A	Positive	0.0188153	0.981185
1S5L-L-A	Negative	0.981065	0.018935
1S5L-M-A	Negative	0.559299	0.440701
1S5L-T-A	Negative	0.950094	0.0499058
1S5L-K-C	Negative	0.930311	0.0696889
1S5L-f-a	Positive	0.132712	0.867288
1ZAW-U-A	Positive	0.256329	0.743671
1ZAW-X-A	Positive	0.239587	0.760413
1ZAW-Z-A	Positive	0.144766	0.855234
1S9W-C-A	Positive	0.49313	0.50687
1ZOQ-C-A	Negative	0.787967	0.212033
1UVT-L-H	Negative	0.970205	0.0297953
1AZE-B-A	Positive	0.0188803	0.98112
1HHG-C-A	Positive	0.0692308	0.930769
1PEK-C-E	Positive	0.164815	0.835185
1Q4K-E-B	Negative	0.553554	0.446446
1IZL-K-C	Positive	0.42917	0.57083
1IZL-E-D	Positive	0.292683	0.707317
1IZL-P-N	Positive	0.0654573	0.934543
1IZL-Q-N	Positive	0.26085	0.73915
1SRN-B-A	Negative	0.852213	0.147787
1CO7-I-E	Positive	0.00421722	0.995783
1WBP-B-A	Positive	0.0483345	0.951666
1JH4-B-A	Negative	0.891797	0.108203
1QJA-R-A	Positive	0.0288298	0.97117
1MW4-B-A	Negative	0.754362	0.245638
1D8D-P-A	Positive	0.0025879	0.997412
1TWB-C-A	Negative	0.855134	0.144866
1CFS-C-A	Negative	0.82735	0.17265
1HLT-R-H	Positive	0.325247	0.674753
1OL2-E-B	Positive	0.0168695	0.98313
1GVK-A-B	Positive	0.0250056	0.974994
1KJY-B-A	Negative	0.750449	0.249551
1KJY-D-C	Negative	0.853511	0.146489
1CU4-P-L	Positive	0.00922032	0.99078
1JOT-B-A	Positive	0.469593	0.530407
1BMN-I-H	Negative	0.914249	0.0857508
1SDZ-B-A	Negative	0.966942	0.0330575
1FPT-P-L	Positive	0.0572883	0.942712
1STS-M-B	Positive	0.168206	0.831794
1STS-P-D	Positive	0.0165275	0.983473
1YJM-E-A	Negative	0.963125	0.0368752
1HH6-C-A	Negative	0.828754	0.171246
1YFN-E-A	Positive	0.0551292	0.944871
1YFN-F-B	Positive	0.0376767	0.962323
1TNU-M-A	Positive	0.000738837	0.999261
1OZS-B-A	Positive	0.000572287	0.999428
1LB5-B-A	Negative	0.942735	0.057265
1HXE-I-H	Negative	0.95311	0.0468897
1MZN-B-A	Positive	0.0300898	0.96991
1J2J-B-A	Positive	0.0774532	0.922547
1F8V-D-A	Positive	0.154317	0.845683
1F8V-E-A	Negative	0.544155	0.455845
1BT6-C-A	Negative	0.597316	0.402684
1SHC-B-A	Negative	0.970493	0.0295075
1LK2-P-A	Positive	0.182628	0.817372
1KA6-B-A	Positive	0.11579	0.88421
1ZGL-C-A	Negative	0.579017	0.420983
1ZGL-F-D	Negative	0.617122	0.382878
1ZGL-I-R	Negative	0.770487	0.229513
1HQQ-E-A	Negative	0.544662	0.455338
1PPE-I-E	Positive	0.0258008	0.974199
1T0F-C-A	Positive	0.262004	0.737996
1T0F-D-B	Negative	0.656379	0.343621
1TN8-C-A	Positive	0.0780631	0.921937
1M27-B-A	Negative	0.549428	0.450572
1ZY8-K-A	Positive	0.278526	0.721474
1RFF-C-A	Positive	0.354122	0.645878
1D5Z-D-A	Positive	0.0414428	0.958557
1XYR-5-1	Positive	0.0326395	0.967361
1XYR-6-1	Negative	0.721389	0.278611
1XYR-8-1	Negative	0.819412	0.180588
1XYR-7-3	Negative	0.534874	0.465126
1PY1-G-C	Positive	0.0022565	0.997743
1ZAV-U-A	Negative	0.633674	0.366326
1ZAV-X-A	Negative	0.752123	0.247877
1A1M-C-A	Positive	0.281181	0.718819
1U8H-C-A	Negative	0.600816	0.399184
1KC4-B-A	Positive	0.068052	0.931948
1QWF-B-A	Negative	0.654529	0.345471
1QD6-A-C	Positive	0.345573	0.654427
1G7Q-P-A	Negative	0.715205	0.284795
1G1S-D-A	Negative	0.960803	0.0391969
1G1S-C-B	Negative	0.960803	0.0391969
1CF0-C-A	Positive	0.00782197	0.992178
1DT7-X-A	Positive	0.0639422	0.936058
1RSU-P-B	Positive	0.0937214	0.906279
1DVA-X-H	Positive	0.396958	0.603042
1OSZ-C-A	Positive	0.223935	0.776065
1KJH-P-A	Positive	0.232096	0.767904
1FKN-C-A	Negative	0.762312	0.237688
1LOG-B-A	Negative	0.832249	0.167751
1Z3M-S-E	Negative	0.529351	0.470649
1AVG-L-H	Positive	0.395093	0.604907
1FPR-B-A	Negative	0.952773	0.0472272
1F3J-P-A	Positive	0.155981	0.844019
1EKB-A-B	Positive	0.00230619	0.997694
1EKB-C-B	Positive	0.0435951	0.956405
1OPI-B-A	Positive	0.0591536	0.940846
1SSE-A-B	Positive	0.135295	0.864705
1TJI-P-L	Negative	0.619349	0.380651
1A9E-C-A	Negative	0.503403	0.496597
1S4V-C-A	Positive	0.000823565	0.999176
1EJL-A-I	Positive	0.000845338	0.999155
1TCE-B-A	Positive	0.360011	0.639989
1LK6-C-I	Negative	0.704877	0.295123
1LK6-D-I	Positive	0.10236	0.89764
1U00-P-A	Positive	0.0321801	0.96782
1QLF-C-A	Negative	0.526327	0.473673
1K2D-P-A	Positive	0.129454	0.870546
1R9N-E-A	Positive	0.0127768	0.987223
1R9N-F-B	Positive	0.236794	0.763206
1R9N-H-D	Positive	0.0340636	0.965936
1T20-C-A	Positive	0.358196	0.641804
1NZL-C-B	Positive	0.0706024	0.929398
1SR5-B-C	Negative	0.884252	0.115748
1AR8-0-4	Negative	0.875224	0.124776
1HLE-B-A	Positive	0.160231	0.839769
1FM9-E-D	Negative	0.675734	0.324266
1T2W-D-A	Negative	0.980061	0.0199387
1MHC-C-A	Positive	0.0834339	0.916566
1XLS-I-A	Negative	0.987921	0.0120789
1XLS-M-E	Negative	0.990175	0.00982462
1ZKK-E-A	Positive	0.00671121	0.993289
1ZKK-G-A	Positive	0.0782227	0.921777
1JLU-S-E	Positive	0.158167	0.841833
1G7P-P-A	Positive	0.0124825	0.987518
1OQD-K-A	Positive	0.00352661	0.996473
1OQD-N-E	Positive	0.0174229	0.982577
1Z8G-L-A	Positive	0.000305363	0.999695
1KPR-P-A	Negative	0.832479	0.167521
1YRN-A-B	Positive	0.0338687	0.966131
1GWQ-C-A	Positive	0.0918968	0.908103
1B6J-C-A	Positive	0.0213713	0.978629
1AWI-P-A	Positive	0.0219631	0.978037
1VYT-E-A	Negative	0.882675	0.117325
1VYT-F-B	Negative	0.616386	0.383614
1SB1-I-H	Negative	0.502987	0.497013
1VDN-B-A	Negative	0.513231	0.486769
1PIC-B-A	Positive	0.253933	0.746067
1JPL-E-A	Positive	0.297368	0.702632
1JPL-H-C	Positive	0.312158	0.687842
1KHQ-I-A	Positive	0.490039	0.509961
1YMT-B-A	Negative	0.842399	0.157601
1JY3-N-O	Positive	0.143685	0.856315
1JY3-P-O	Positive	0.43586	0.56414
1FPN-4-1	Positive	0.079337	0.920663
1YTV-M-A	Positive	0.0939611	0.906039
1YTV-N-B	Positive	0.087877	0.912123
1DZI-B-A	Positive	0.366656	0.633344
1YCP-L-H	Negative	0.947953	0.0520467
1YCP-F-H	Positive	0.400963	0.599037
1DWB-I-H	Negative	0.678779	0.321221
1AGB-C-A	Positive	6.29723e-05	0.999937
1LEM-B-A	Negative	0.745803	0.254197
1GWR-C-A	Positive	0.435885	0.564115
1G1H-B-A	Positive	0.0352293	0.964771
1N7F-C-A	Positive	0.0252437	0.974756
1QLE-D-A	Positive	0.276571	0.723429
1UTC-P-A	Negative	0.908785	0.0912148
1ZZD-B-A	Positive	0.296216	0.703784
1L7Z-B-A	Positive	9.01139e-05	0.99991
1TVB-C-A	Negative	0.687776	0.312224
1F1W-B-A	Positive	0.337676	0.662324
1O6L-C-A	Positive	0.297161	0.702839
1GCT-D-B	Positive	0.301822	0.698178
1CJF-C-A	Positive	0.0201419	0.979858
1JD2-8-H	Negative	0.717184	0.282816
1EE4-C-A	Positive	0.0366173	0.963383
1EE4-D-A	Positive	0.000500752	0.999499
1EE4-F-B	Positive	0.000515044	0.999485
1BJR-I-E	Positive	0.0428959	0.957104
1R17-C-A	Positive	0.00067636	0.999324
1ZT7-P-A	Positive	0.139348	0.860652
1XR8-C-A	Positive	0.222642	0.777358
1Q5W-A-B	Positive	0.00729731	0.992703
1OLN-B-A	Positive	0.299463	0.700537
1DM4-A-B	Negative	0.765043	0.234957
1DM4-C-B	Negative	0.644066	0.355934
1RBE-S-A	Negative	0.671069	0.328931
1TME-4-1	Positive	0.494613	0.505387
1T29-B-A	Positive	0.0159322	0.984068
1JUF-C-A	Positive	0.438513	0.561487
1P8J-J-A	Positive	0.000963634	0.999036
1B32-B-A	Positive	0.000161733	0.999838
1TMB-L-H	Negative	0.977667	0.0223335
1LES-B-A	Negative	0.648335	0.351665
1JWG-C-A	Positive	0.0430276	0.956972
1JWG-D-B	Positive	0.0520145	0.947986
1BMM-L-H	Negative	0.899529	0.100471
1IBC-C-A	Positive	0.490895	0.509105
1HI6-C-A	Negative	0.780911	0.219089
1UMW-E-A	Positive	0.0478108	0.952189
1DN2-E-A	Negative	0.672526	0.327474
1I7A-E-A	Positive	0.165786	0.834214
1YUC-C-A	Negative	0.860769	0.139231
1YUC-D-B	Negative	0.835736	0.164264
1T73-B-A	Positive	0.0674134	0.932587
1TZS-P-A	Positive	0.00242935	0.997571
1TZS-X-A	Positive	0.0118893	0.988111
1A1N-C-A	Positive	0.302687	0.697313
1U8K-C-A	Positive	0.173729	0.826271
1FYR-I-A	Positive	0.461292	0.538708
1G1F-B-A	Positive	0.364366	0.635634
1LQV-C-A	Positive	0.121706	0.878294
1PTT-B-A	Negative	0.785302	0.214698
1ONV-B-A	Negative	0.925125	0.0748752
1MK7-A-B	Negative	0.98233	0.0176697
1MK7-C-B	Negative	0.963966	0.0360339
1QR1-C-A	Positive	0.0533816	0.946618
1JYI-P-A	Negative	0.734129	0.265871
1IWQ-B-A	Positive	0.000935362	0.999065
1L4A-E-A	Positive	0.0217532	0.978247
1OXQ-F-E	Negative	0.511477	0.488523
1N6E-B-A	Negative	0.600274	0.399726
1R5I-C-A	Positive	0.15518	0.84482
1FG2-C-A	Positive	0.0225522	0.977448
1QGC-5-1	Positive	0.18813	0.81187
1E4W-P-H	Negative	0.547475	0.452525
1T08-B-A	Negative	0.583829	0.416171
1T08-C-A	Negative	0.984799	0.0152012
1MJE-B-A	Negative	0.751597	0.248403
1QMB-B-A	Positive	0.249769	0.750231
1M45-B-A	Positive	0.0705885	0.929411
1GFF-3-1	Negative	0.813563	0.186437
1YK0-E-A	Positive	0.0144374	0.985563
1QBQ-P-A	Positive	0.0307812	0.969219
1RFI-C-A	Positive	0.00274327	0.997257
1RFI-E-B	Negative	0.691017	0.308983
1B3L-B-A	Positive	0.000267978	0.999732
1B07-C-A	Positive	0.456074	0.543926
1SUA-C-A	Positive	0.410698	0.589302
1JXQ-E-A	Negative	0.579033	0.420967
1O9F-P-A	Positive	0.396177	0.603823
1ZSD-C-A	Negative	0.549556	0.450444
1OU8-C-A	Negative	0.82363	0.17637
1OU8-D-B	Negative	0.861096	0.138904
1RKH-C-A	Positive	0.0105771	0.989423
1RD3-C-D	Negative	0.97407	0.0259296
1ER8-I-E	Positive	0.0233989	0.976601
1STR-M-B	Positive	0.168206	0.831794
1MOX-C-A	Positive	0.0164038	0.983596
1MOX-D-B	Positive	0.0315757	0.968424
1OFS-B-A	Negative	0.705423	0.294577
1LOB-B-A	Negative	0.758009	0.241991
1I7T-C-A	Negative	0.52914	0.47086
1H8E-I-G	Positive	0.128533	0.871467
1XMN-C-D	Negative	0.960739	0.0392605
1UXW-C-A	Positive	0.0502884	0.949712
1KAP-I-P	Positive	0.0682454	0.931755
1SVF-B-A	Positive	0.110041	0.889959
1SVF-D-C	Positive	0.321339	0.678661
1A30-C-A	Negative	0.767648	0.232352
1D00-I-A	Negative	0.895194	0.104806
1H3H-B-A	Positive	0.18111	0.81889
1T3L-B-A	Negative	0.518235	0.481765
1HXL-C-A	Positive	0.417477	0.582523
1XV9-H-A	Positive	0.0531088	0.946891
1XV9-F-B	Positive	0.341523	0.658477
1Q3P-C-A	Negative	0.610261	0.389739
1BQH-C-A	Positive	0.261419	0.738581
1S7S-C-A	Negative	0.503571	0.496429
1LGB-B-A	Negative	0.840045	0.159955
1AGD-C-A	Positive	4.55545e-05	0.999954
1QXA-B-A	Positive	0.0280671	0.971933
1P8D-C-A	Positive	0.0860165	0.913984
1P8D-D-B	Negative	0.720945	0.279055
1CA9-G-A	Positive	0.188253	0.811747
1CA9-H-B	Positive	0.0958929	0.904107
1S5R-A-B	Positive	0.174352	0.825648
1D7Q-B-A	Positive	0.381659	0.618341
1VF5-E-A	Positive	0.0452391	0.954761
1VF5-G-A	Negative	0.886115	0.113885
1VF5-F-C	Positive	0.379827	0.620173
1VF5-H-C	Positive	0.00584435	0.994156
1VF5-T-N	Negative	0.95725	0.0427499
1VF5-S-O	Positive	0.248297	0.751703
1O6O-D-A	Positive	0.167275	0.832725
1O6O-E-C	Positive	0.068915	0.931085
1G0Y-I-R	Negative	0.833913	0.166087
1JPG-C-A	Positive	0.0346656	0.965334
1SJE-C-A	Negative	0.897519	0.102481
1Y2A-P-C	Positive	0.000124786	0.999875
1HIN-P-L	Negative	0.827648	0.172352
1KMC-C-A	Negative	0.99461	0.00539001
1VZQ-I-H	Negative	0.618329	0.381671
1EJH-E-A	Negative	0.537417	0.462583
1EJH-F-B	Negative	0.731265	0.268735
1EJH-G-C	Negative	0.611067	0.388933
1EJH-H-D	Negative	0.819977	0.180023
1KTS-A-B	Negative	0.988321	0.0116795
1FFO-C-A	Negative	0.645599	0.354401
1A2X-B-A	Negative	0.677841	0.322159
1EPL-I-E	Negative	0.530367	0.469633
1FGL-B-A	Positive	0.125695	0.874305
1HCT-A-B	Positive	0.346755	0.653245
1SKG-B-A	Positive	0.400541	0.599459
1OHH-H-A	Positive	0.483988	0.516012
1MFL-B-A	Negative	0.82252	0.17748
1PD1-B-A	Negative	0.708485	0.291515
1MZW-B-A	Negative	0.964594	0.0354057
1Z8J-A-B	Positive	0.426997	0.573003
1S9V-C-A	Negative	0.763612	0.236388
1H15-C-A	Positive	0.10887	0.89113
1DEV-B-A	Positive	0.199842	0.800158
1DEV-D-C	Positive	0.228519	0.771481
1CKB-B-A	Positive	0.0383616	0.961638
1NRQ-L-H	Negative	0.983823	0.0161765
1NRQ-R-H	Positive	0.0670308	0.932969
1XKH-I-A	Positive	0.00638545	0.993615
1QRN-C-A	Positive	0.193302	0.806698
1K3N-B-A	Negative	0.987737	0.0122629
1YCR-B-A	Negative	0.654525	0.345475
1JU5-B-A	Positive	0.267233	0.732767
1T1W-C-A	Positive	0.494615	0.505385
1SM3-P-L	Negative	0.872683	0.127317
1BSX-X-A	Negative	0.844054	0.155946
1KIL-E-A	Positive	0.0836702	0.91633
1NKZ-F-C	Negative	0.667512	0.332488
1B4Z-B-A	Positive	0.00105827	0.998942
1KC5-P-L	Negative	0.864585	0.135415
1NH0-I-A	Negative	0.763356	0.236644
1JM4-A-B	Positive	0.00161079	0.998389
1MK2-B-A	Positive	0.174499	0.825501
1OW8-D-A	Positive	0.461854	0.538146
1SQK-B-A	Negative	0.796319	0.203681
1JPP-C-A	Positive	0.429284	0.570716
1JPP-D-B	Negative	0.964662	0.035338
1QLS-D-A	Positive	0.38368	0.61632
1ZDU-Q-A	Positive	0.0514816	0.948518
1YM4-X-A	Positive	0.363858	0.636142
1JBU-X-H	Positive	0.19181	0.80819
1G3J-B-A	Negative	0.793388	0.206612
1G3J-D-A	Negative	0.915885	0.0841155
1JOU-A-B	Negative	0.751298	0.248702
1JOU-C-B	Negative	0.535991	0.464009
1JOU-E-F	Negative	0.591253	0.408747
1P7V-B-A	Positive	0.226322	0.773678
1TJ9-B-A	Positive	0.38973	0.61027
1Q2C-B-A	Positive	0.00550981	0.99449
1QSE-C-A	Positive	0.0557748	0.944225
1HES-P-A	Negative	0.697312	0.302688
1I73-B-A	Positive	0.335599	0.664401
1NS3-C-A	Positive	0.0280862	0.971914
1KDX-B-A	Negative	0.608055	0.391945
1PEG-P-A	Positive	0.0774091	0.922591
1PEG-Q-B	Positive	0.0289864	0.971014
1SOZ-D-A	Positive	0.24547	0.75453
1OBX-B-A	Positive	0.265647	0.734353
1UPK-B-A	Negative	0.677145	0.322855
1W7V-E-A	Positive	0.335599	0.664401
1YYL-M-G	Positive	0.00388117	0.996119
1G9I-I-E	Positive	0.006283	0.993717
1OHF-E-A	Negative	0.599828	0.400172
1OHF-F-B	Positive	0.206738	0.793262
1QZ2-G-A	Negative	0.916559	0.0834414
1A37-P-A	Positive	0.408403	0.591597
1H9O-B-A	Positive	0.253933	0.746067
1PCG-E-A	Positive	0.000487606	0.999512
1CSY-B-A	Negative	0.970108	0.0298918
1TNZ-M-A	Positive	0.0963156	0.903684
1NEX-E-B	Positive	0.218936	0.781064
1NEX-F-D	Positive	0.398387	0.601613
1NLP-N-C	Positive	0.0336777	0.966322
1NIW-B-A	Positive	0.10151	0.89849
1TL9-B-A	Positive	0.265908	0.734092
1GVX-I-A	Negative	0.732284	0.267716
1FT8-E-A	Positive	0.033433	0.966567
1H26-E-B	Positive	0.000472498	0.999528
1AB9-D-B	Negative	0.564936	0.435064
1ISQ-B-A	Negative	0.863218	0.136782
1F59-C-A	Positive	0.0983599	0.90164
1F59-D-B	Positive	0.183745	0.816255
1NLO-N-C	Positive	0.0336777	0.966322
1TET-P-L	Negative	0.701284	0.298716
1LTA-C-D	Negative	0.785218	0.214782
1ZGX-B-A	Negative	0.645898	0.354102
1NLN-B-A	Positive	0.0051365	0.994863
1NPQ-B-A	Positive	0.00842464	0.991575
1I8K-C-A	Negative	0.634549	0.365451
1YYM-M-G	Positive	0.00295407	0.997046
1YYM-S-P	Positive	0.00295407	0.997046
1RBD-S-A	Negative	0.689204	0.310796
1YWT-C-A	Positive	0.163833	0.836167
1YWT-D-B	Positive	0.169053	0.830947
1QKZ-P-H	Positive	0.131992	0.868008
1I5K-C-A	Positive	0.443811	0.556189
1D4W-C-A	Positive	0.020317	0.979683
1HHH-C-A	Negative	0.671195	0.328805
1T3E-P-A	Positive	0.000311965	0.999688
1ILQ-C-A	Negative	0.903553	0.0964469
1SE0-B-A	Negative	0.974778	0.0252216
1ZUB-B-A	Negative	0.545412	0.454588
1CSB-A-B	Positive	0.0249422	0.975058
1CSB-D-E	Positive	0.0249422	0.975058
1R1A-4-1	Positive	0.0125832	0.987417
1ORH-B-A	Positive	0.0734222	0.926578
1NU2-B-A	Positive	0.236822	0.763178
1ICF-B-A	Positive	0.0425059	0.957494
1E0F-C-E	Negative	0.573166	0.426834
1TU3-F-A	Negative	0.854737	0.145263
1TU3-H-B	Negative	0.833897	0.166103
1TU3-I-C	Negative	0.883225	0.116775
1B5J-B-A	Positive	0.000171905	0.999828
1G1G-B-A	Positive	0.110377	0.889623
1EZX-B-A	Positive	0.00275614	0.997244
1CP3-C-A	Positive	0.477883	0.522117
1FE6-C-A	Negative	0.723502	0.276498
1OKW-E-B	Positive	0.0168695	0.98313
1YWH-B-A	Negative	0.714696	0.285304
1N12-B-A	Negative	0.720463	0.279537
1KO6-B-A	Positive	0.359663	0.640337
1FIW-L-A	Positive	0.00726952	0.99273
1U8I-C-A	Positive	0.199906	0.800094
1JEV-B-A	Positive	0.000188567	0.999811
1XH3-C-A	Negative	0.979567	0.020433
1TW6-D-B	Positive	0.166296	0.833704
1OLA-B-A	Positive	0.0170689	0.982931
1K8D-P-A	Positive	0.0132782	0.986722
1YP1-B-A	Positive	0.000843179	0.999157
1EBD-C-A	Positive	0.022215	0.977785
1LDP-P-H	Positive	0.045884	0.954116
1LDP-Q-H	Negative	0.620668	0.379332
1QVO-C-A	Positive	0.133581	0.866419
1LDK-E-A	Negative	0.636972	0.363028
1W9E-R-A	Negative	0.565886	0.434114
1W9E-T-A	Negative	0.72846	0.27154
1M93-A-B	Negative	0.653306	0.346694
1M93-C-B	Positive	0.279732	0.720268
1NQL-B-A	Positive	0.134645	0.865355
1QSC-D-A	Negative	0.987793	0.0122073
1EE5-B-A	Positive	0.0204876	0.979512
1HOC-C-A	Negative	0.966099	0.0339007
1ZAX-Z-A	Positive	0.256329	0.743671
1Q90-R-A	Positive	0.0782096	0.92179
1Q90-G-A	Positive	0.181701	0.818299
1Q90-L-A	Positive	0.0592323	0.940768
1Q90-M-A	Negative	0.647267	0.352733
1Q90-N-A	Positive	0.233814	0.766186
1HC9-C-A	Negative	0.878268	0.121732
1HC9-D-B	Negative	0.535403	0.464597
1OT5-C-A	Positive	0.00213739	0.997863
1QTX-B-A	Positive	0.0028223	0.997178
1GL0-I-E	Positive	0.000850366	0.99915
1QX8-A-B	Negative	0.993837	0.00616322
1ZKF-C-A	Positive	0.180333	0.819667
1KU8-B-A	Positive	0.0136312	0.986369
1KU8-F-A	Positive	0.0173527	0.982647
1L4W-B-A	Positive	0.445276	0.554724
1PYU-A-B	Positive	0.0878522	0.912148
1C4Y-3-2	Negative	0.962733	0.0372665
1WLP-A-B	Positive	0.137661	0.862339
1A38-P-A	Negative	0.94832	0.0516795
1UOO-B-A	Positive	0.0126067	0.987393
1GUW-B-A	Positive	0.244747	0.755253
1E8N-I-A	Positive	0.0117706	0.988229
1RDT-E-D	Negative	0.812107	0.187893
1MQS-B-A	Negative	0.717464	0.282536
1EJY-N-I	Positive	0.00109798	0.998902
1B8Q-B-A	Positive	0.0797644	0.920236
1EFR-Q-A	Positive	0.220734	0.779266
1TG1-C-A	Positive	0.197541	0.802459
1T2V-F-A	Positive	0.31413	0.68587
1T2V-J-A	Negative	0.881658	0.118342
1T2V-I-D	Negative	0.719588	0.280412
1SPS-D-A	Positive	0.071759	0.928241
1SPS-F-A	Positive	0.341521	0.658479
1SPS-E-B	Positive	0.455512	0.544488
1HIA-I-A	Positive	0.00474008	0.99526
1HQW-B-A	Positive	0.343687	0.656313
1SB0-B-A	Negative	0.971122	0.0288777
1ICE-T-A	Positive	0.115825	0.884175
1SJH-C-A	Negative	0.952884	0.0471156
1T1Y-C-A	Positive	0.422747	0.577253
1G5J-B-A	Negative	0.537062	0.462938
1GMC-B-F	Positive	0.301822	0.698178
1WBY-C-A	Negative	0.560484	0.439516
1JUQ-E-A	Positive	0.0862268	0.913773
1JUQ-F-B	Positive	0.116246	0.883754
1JUQ-H-D	Positive	0.247256	0.752744
1TK4-B-A	Positive	0.449914	0.550086
1EEO-B-A	Positive	0.457694	0.542306
1S6C-B-A	Positive	0.202011	0.797989
1RGR-B-A	Positive	0.230173	0.769827
1N51-B-A	Positive	0.0984443	0.901556
1RTF-A-B	Positive	0.0543543	0.945646
1BC5-T-A	Negative	0.90605	0.0939502
1JET-B-A	Positive	0.000641665	0.999358
1EYX-G-B	Negative	0.736946	0.263054
1EYX-H-L	Positive	0.0331365	0.966863
1GJD-A-B	Positive	0.0483866	0.951613
1PPG-I-E	Negative	0.595461	0.404539
1EEZ-C-A	Positive	0.0315403	0.96846
1OY7-F-E	Negative	0.96513	0.0348698
1JB0-J-A	Positive	0.296432	0.703568
1JB0-K-A	Positive	0.223918	0.776082
1JB0-M-B	Negative	0.838474	0.161526
1JB0-X-B	Positive	0.364854	0.635146
1B5I-B-A	Positive	0.000323868	0.999676
1T76-B-A	Negative	0.931072	0.0689284
1E54-B-A	Positive	0.189806	0.810194
1RBH-S-A	Negative	0.888354	0.111646
1M26-D-A	Positive	0.0204098	0.97959
1SMR-B-A	Positive	0.287639	0.712361
1NX0-C-A	Negative	0.96743	0.0325703
1NX0-E-A	Positive	0.00152539	0.998475
1WKW-B-A	Positive	0.0643562	0.935644
1AQD-C-A	Positive	0.0784888	0.921511
1AQD-F-D	Positive	0.0559389	0.944061
1PSB-C-A	Positive	0.0486635	0.951336
1CVU-F-B	Positive	0.0621438	0.937856
1UJ0-B-A	Positive	0.170855	0.829145
1N3N-I-A	Positive	0.112875	0.887125
1WA7-B-A	Negative	0.506195	0.493805
1H59-B-A	Positive	0.0904288	0.909571
1AYA-P-A	Positive	0.25762	0.74238
1AYA-Q-B	Negative	0.685545	0.314455
1TY4-C-A	Negative	0.732812	0.267188
1TY4-D-B	Negative	0.7061	0.2939
1L5G-C-A	Positive	0.0434117	0.956588
1APV-I-E	Positive	0.0301194	0.969881
1M72-D-A	Positive	0.153454	0.846546
1APT-I-E	Positive	0.0301194	0.969881
1MQ1-C-A	Positive	0.0262533	0.973747
1JEU-B-A	Positive	0.00130826	0.998692
1Y19-A-B	Positive	0.186709	0.813291
1QGR-B-A	Negative	0.567319	0.432681
1SVH-B-A	Positive	0.0555195	0.94448
1DP5-B-A	Positive	0.445091	0.554909
1U7B-B-A	Positive	0.135378	0.864622
1R1R-D-A	Negative	0.881675	0.118325
1R1R-P-A	Positive	0.363849	0.636151
1GVU-I-A	Positive	0.0160542	0.983946
1N86-G-C	Positive	0.00115412	0.998846
1XR9-C-A	Positive	0.380362	0.619638
1MPA-P-L	Negative	0.656414	0.343586
1SMF-I-E	Positive	0.420233	0.579767
1B3F-B-A	Positive	0.000412132	0.999588
1CMX-D-A	Positive	0.161831	0.838169
1G5Q-M-A	Positive	0.273748	0.726252
1KL5-E-A	Positive	0.117786	0.882214
1KL5-F-B	Positive	0.406907	0.593093
1QSN-B-A	Positive	0.0101567	0.989843
1JRR-P-A	Negative	0.688351	0.311649
1CI6-B-A	Positive	0.484183	0.515817
1F8A-C-B	Negative	0.529414	0.470586
1H2M-S-A	Negative	0.913086	0.0869138
1PIP-B-A	Positive	0.0388739	0.961126
1WBZ-P-A	Positive	0.063659	0.936341
1D8T-C-A	Positive	0.054564	0.945436
1AGC-C-A	Positive	5.00557e-05	0.99995
1APU-I-E	Positive	0.0301194	0.969881
1NPO-B-A	Positive	0.0267879	0.973212
1B46-B-A	Positive	0.000764459	0.999236
1V1T-T-A	Positive	0.011351	0.988649
1OL5-B-A	Negative	0.886977	0.113023
1ZH7-C-A	Negative	0.645668	0.354332
1MA3-B-A	Positive	0.00221465	0.997785
1P16-C-A	Positive	0.345739	0.654261
1P16-D-A	Positive	0.264058	0.735942
1EES-B-A	Negative	0.662983	0.337017
1OKX-C-A	Negative	0.694434	0.305566
1BHF-I-A	Negative	0.575127	0.424873
1JW6-B-A	Positive	0.33821	0.66179
1QSF-C-A	Positive	0.135291	0.864709
1OLC-B-A	Positive	0.00067339	0.999327
1HAZ-A-B	Negative	0.829685	0.170315
1KCS-P-L	Negative	0.892583	0.107417
1C4U-3-2	Negative	0.685382	0.314618
1N2D-C-A	Positive	0.0216405	0.97836
1YM0-B-A	Negative	0.850195	0.149805
1J2X-B-A	Negative	0.850684	0.149316
1WRZ-B-A	Positive	0.00213893	0.997861
1HTE-C-A	Negative	0.972764	0.0272356
1RK8-C-A	Positive	0.0641335	0.935867
1PFB-B-A	Positive	0.143316	0.856684
1PU9-B-A	Positive	0.0165679	0.983432
1U8N-C-A	Positive	0.342691	0.657309
1G6G-E-A	Negative	0.83708	0.16292
1G6G-F-B	Negative	0.502332	0.497668
1KLQ-B-A	Positive	0.403794	0.596206
1HTR-P-B	Positive	0.021207	0.978793
1T7R-B-A	Negative	0.845128	0.154872
1OXG-B-A	Positive	0.403602	0.596398
1ZUK-C-A	Positive	0.0060166	0.993983
1BEV-4-1	Positive	0.395449	0.604551
1MNF-O-A	Positive	0.01215	0.98785
1KJM-P-A	Negative	0.569553	0.430447
1NLT-B-A	Negative	0.975124	0.0248762
1B0R-C-A	Positive	0.215425	0.784575
1LQ8-B-A	Positive	0.138016	0.861984
1LQ8-F-E	Positive	0.149095	0.850905
1TOC-A-B	Negative	0.941939	0.058061
1HY2-E-A	Positive	0.0809484	0.919052
1H8D-L-H	Negative	0.988043	0.0119569
1JAC-B-A	Positive	0.00396066	0.996039
1T0J-C-B	Negative	0.550752	0.449248
1FAV-C-A	Negative	0.941973	0.0580272
1CWE-B-A	Positive	0.13366	0.86634
1P7I-C-D	Negative	0.781626	0.218374
1XCQ-P-A	Positive	0.230321	0.769679
1XCQ-Q-C	Positive	0.0125706	0.987429
1THS-I-H	Negative	0.894899	0.105101
1DLK-A-B	Positive	0.0139114	0.986089
1DLK-E-B	Positive	0.0287452	0.971255
1PJN-A-B	Positive	0.0122294	0.987771
1E79-I-G	Positive	0.00688011	0.99312
1PD7-B-A	Negative	0.982719	0.0172813
1PNB-A-B	Positive	0.0748466	0.925153
1QG1-I-E	Positive	0.190565	0.809435
1NRR-R-H	Positive	0.0560549	0.943945
1LVM-C-A	Positive	0.266726	0.733274
1LVM-E-A	Negative	0.85397	0.14603
1SVZ-C-A	Positive	0.138899	0.861101
1SSH-B-A	Positive	0.287446	0.712554
1LDT-L-T	Positive	0.000868714	0.999131
1MTP-B-A	Positive	0.213661	0.786339
1ABO-C-A	Positive	0.275956	0.724044
1XN2-E-A	Negative	0.752372	0.247628
1P4U-B-A	Positive	0.193771	0.806229
1AQC-C-A	Positive	0.275529	0.724471
1FBV-B-A	Negative	0.712776	0.287224
1FU5-B-A	Positive	0.433993	0.566007
1NZV-C-B	Positive	0.328919	0.671081
1CWD-P-L	Positive	0.479979	0.520021
1IRS-B-A	Negative	0.510806	0.489194
1YYP-B-A	Positive	0.26055	0.73945
1YP0-B-A	Negative	0.793928	0.206072
1RHI-4-1	Negative	0.709921	0.290079
1JCD-A-B	Negative	0.83145	0.16855
1HIM-P-H	Negative	0.827648	0.172352
1HIM-R-J	Negative	0.863978	0.136022
1SYS-C-A	Positive	0.00610578	0.993894
1NRL-C-A	Positive	0.155168	0.844832
1PWW-C-A	Negative	0.957595	0.0424054
1RLP-R-C	Positive	0.227294	0.772706
1J71-B-A	Positive	0.0907442	0.909256
1FLE-I-E	Positive	0.00154089	0.998459
1IAK-P-A	Positive	0.452518	0.547482
1C8O-B-A	Positive	0.384741	0.615259
1CF4-B-A	Negative	0.813711	0.186289
1DXP-C-A	Positive	0.00848904	0.991511
1TAB-I-E	Positive	0.0216118	0.978388
1LVB-C-A	Negative	0.985829	0.0141713
1YOW-B-A	Positive	0.0692575	0.930742
1IVO-C-A	Positive	0.170264	0.829736
1XB1-G-A	Positive	0.214754	0.785246
1RST-P-B	Positive	0.359522	0.640478
1OC0-B-A	Positive	0.32982	0.67018
1Y98-B-A	Positive	0.173116	0.826884
1C9P-B-A	Positive	0.0593678	0.940632
1BXL-B-A	Positive	0.177516	0.822484
1U91-C-A	Positive	0.0157998	0.9842
1YBK-C-A	Negative	0.66149	0.33851
1HSA-C-A	Positive	0.0624984	0.937502
1BHX-E-B	Negative	0.675264	0.324736
1CKA-B-A	Positive	0.00671108	0.993289
1X7B-C-A	Negative	0.601496	0.398504
1W70-C-A	Positive	0.366074	0.633926
1W70-D-A	Positive	0.245039	0.754961
1S8D-C-A	Positive	0.159696	0.840304
1JPF-C-A	Positive	0.373885	0.626115
1TII-C-D	Positive	0.0739039	0.926096
1QX7-D-I	Positive	0.0169695	0.983031
1KLU-C-A	Negative	0.52542	0.47458
1XU2-R-A	Positive	0.0280266	0.971973
1XU2-T-A	Positive	0.0161718	0.983828
1XU2-S-B	Positive	0.0146884	0.985312
1YTH-I-A	Negative	0.584093	0.415907
1FFP-C-A	Positive	0.204429	0.795571
1DPJ-B-A	Positive	0.424358	0.575642
1GGI-P-L	Positive	0.000609842	0.99939
1DDM-B-A	Negative	0.590673	0.409327
1BDV-A-B	Positive	0.40187	0.59813
1BDV-D-B	Positive	0.434962	0.565038
1A3R-P-L	Negative	0.992357	0.00764327
1A1O-C-A	Negative	0.64455	0.35545
1U8O-C-A	Positive	0.379451	0.620549
1RXM-B-A	Negative	0.914582	0.0854176
1WBX-C-A	Positive	0.155979	0.844021
1QZ7-B-A	Positive	0.31449	0.68551
1HQR-C-A	Positive	0.172444	0.827556
1EJ4-B-A	Positive	0.255307	0.744693
1F7A-P-A	Positive	0.142821	0.857179
1UN0-C-A	Positive	0.00162735	0.998373
1SLG-M-B	Positive	0.486692	0.513308
1SLG-P-D	Positive	0.164902	0.835098
1D5E-A-B	Negative	0.726548	0.273452
1OKV-E-B	Positive	0.0059641	0.994036
1IR3-B-A	Positive	0.0631372	0.936863
1T7F-B-A	Negative	0.787825	0.212175
1U6H-B-A	Positive	0.0246157	0.975384
1EB1-A-H	Negative	0.878885	0.121115
1U38-B-A	Positive	0.0148995	0.9851
1XJ7-B-A	Positive	0.00761551	0.992384
1YTI-I-A	Positive	0.197243	0.802757
1FF1-B-A	Positive	0.283998	0.716002
1Q1T-A-C	Positive	0.316983	0.683017
1Q1T-B-C	Positive	0.100833	0.899167
1FLL-X-A	Negative	0.981899	0.018101
1TJH-P-L	Positive	0.244289	0.755711
1TBZ-L-H	Negative	0.985999	0.0140012
1Y43-A-B	Positive	0.0934101	0.90659
1BGY-I-A	Positive	0.488433	0.511567
1BGY-K-A	Positive	0.136844	0.863156
1ZVS-C-A	Negative	0.591677	0.408323
1OSG-G-A	Positive	0.195382	0.804618
1R1L-D-I	Positive	0.10236	0.89764
1JDP-H-A	Positive	0.00252365	0.997476
1RZX-B-A	Negative	0.566276	0.433724
1HH9-C-A	Negative	0.876235	0.123765
1L0N-K-A	Negative	0.533427	0.466573
1AYB-P-A	Positive	0.398279	0.601721
1T4F-P-M	Negative	0.854404	0.145596
1F58-P-L	Positive	0.00953443	0.990466
1XGY-P-L	Positive	0.355615	0.644385
1NOP-C-A	Positive	0.0222012	0.977799
1YOK-B-A	Positive	0.214782	0.785218
1KKQ-E-A	Positive	0.187033	0.812967
1S9X-C-A	Positive	0.242983	0.757017
1EMU-B-A	Negative	0.595611	0.404389
1YDI-B-A	Negative	0.95642	0.0435804
1RBG-S-A	Negative	0.5975	0.4025
1P22-C-A	Positive	0.0784721	0.921528
1S9Y-C-A	Negative	0.91035	0.0896503
1YVH-B-A	Negative	0.91755	0.0824497
1A7C-B-A	Positive	0.20626	0.79374
1XHM-B-A	Negative	0.934872	0.0651278
1XHM-C-A	Positive	0.000551296	0.999449
1D01-G-C	Negative	0.950419	0.0495806
1KJ2-P-H	Positive	0.0458831	0.954117
1R8U-A-B	Negative	0.896325	0.103675
1TBQ-L-H	Negative	0.617549	0.382451
1JCR-C-A	Positive	0.0106773	0.989323
1MVF-D-A	Negative	0.931332	0.068668
1RB8-J-F	Positive	0.123207	0.876793
1ELW-C-A	Negative	0.708692	0.291308
1EVH-B-A	Positive	0.0236673	0.976333
1TT5-E-B	Positive	0.273834	0.726166
1TT5-F-B	Positive	0.0163964	0.983604
1KTL-P-A	Negative	0.914377	0.085623
1LGH-B-A	Positive	0.344897	0.655103
1LGH-E-A	Positive	0.344897	0.655103
1GL1-I-A	Positive	0.000127959	0.999872
1GL1-J-B	Positive	8.91179e-05	0.999911
1FM6-V-U	Positive	0.413382	0.586618
1FM6-Y-X	Positive	0.0158613	0.984139
1G37-B-A	Negative	0.588715	0.411285
1G65-3-K	Positive	0.236444	0.763556
1B40-B-A	Positive	0.000155461	0.999845
1NRS-R-H	Positive	0.412679	0.587321
1VYJ-B-A	Positive	0.265988	0.734012
1JD5-B-A	Negative	0.990738	0.009262
1BY5-B-A	Positive	0.0280671	0.971933
1O6P-D-A	Negative	0.529848	0.470152
1O6P-E-A	Negative	0.787514	0.212486
1XDK-C-A	Positive	0.0361405	0.963859
1XDK-D-B	Positive	0.160066	0.839934
1L6O-D-A	Positive	0.0631589	0.936841
1JKY-B-A	Negative	0.972662	0.0273378
1GYB-E-A	Positive	0.0487136	0.951286
1GYB-F-A	Positive	0.188306	0.811694
1GYB-G-C	Positive	0.0242693	0.975731
1JUI-P-A	Negative	0.64936	0.35064
1PWV-C-A	Negative	0.942661	0.0573393
1CDL-E-A	Positive	0.00327002	0.99673
1CDL-G-C	Positive	0.00633993	0.99366
1CDL-H-C	Positive	0.00095643	0.999044
1IFH-P-L	Negative	0.9002	0.0997996
1EBP-C-A	Positive	0.0039684	0.996032
1LEZ-B-A	Positive	0.029668	0.970332
1W9Q-S-B	Positive	0.440273	0.559727
1VPP-X-V	Positive	0.361604	0.638396
1VPP-Y-V	Positive	0.495224	0.504776
1ZUZ-B-A	Positive	0.00803882	0.991961
1P9U-G-A	Negative	0.80485	0.19515
1BZ9-C-A	Positive	0.0379977	0.962002
1BBZ-B-A	Negative	0.623523	0.376477
1EPT-A-B	Positive	0.0165352	0.983465
1JHT-C-A	Positive	0.298509	0.701491
1GUX-E-B	Negative	0.740508	0.259492
1ACY-P-L	Positive	0.393036	0.606964
1DD3-C-A	Negative	0.68004	0.31996
1GY3-E-A	Positive	0.191929	0.808071
1GHB-E-F	Positive	0.111472	0.888528
1GHB-P-F	Positive	0.0410327	0.958967
1EAK-P-A	Positive	0.00834761	0.991652
1OQP-B-A	Positive	0.279569	0.720431
1HL3-B-A	Positive	0.0896964	0.910304
1MT8-P-A	Positive	0.252326	0.747674
1RBI-S-A	Negative	0.642392	0.357608
1N6J-G-A	Positive	0.0973244	0.902676
1CE1-P-L	Negative	0.61736	0.38264
1BE9-B-A	Positive	0.123215	0.876785
1F47-A-B	Negative	0.747355	0.252645
1S7W-C-A	Positive	0.0779243	0.922076
1XR0-A-B	Negative	0.5203	0.4797
1NRN-R-H	Negative	0.654893	0.345107
1N4M-C-A	Negative	0.943997	0.0560034
1N4M-E-B	Negative	0.968295	0.0317054
1JMO-L-H	Negative	0.967514	0.0324858
1RMH-C-A	Negative	0.649189	0.350811
1LQB-D-B	Negative	0.979663	0.020337
1PAD-I-A	Positive	0.187453	0.812547
1R1Q-C-A	Negative	0.736834	0.263166
1YJ9-2-R	Positive	0.0226564	0.977344
1VC3-A-B	Negative	0.56088	0.43912
1ZGY-B-A	Positive	0.0117122	0.988288
1X11-C-A	Positive	0.133627	0.866373
1C9L-C-A	Negative	0.947126	0.0528744
1X8S-B-A	Negative	0.573494	0.426506
1SSA-B-A	Negative	0.887713	0.112287
1PZL-B-A	Negative	0.949139	0.0508607
1BK6-C-A	Positive	0.00228001	0.99772
1BK6-D-A	Positive	0.00231891	0.997681
1OEX-B-A	Positive	0.0195592	0.980441
1LKK-B-A	Negative	0.575127	0.424873
1Q1S-A-C	Positive	0.00106729	0.998933
1Q1S-B-C	Positive	0.268344	0.731656
1CFN-C-A	Negative	0.978672	0.0213279
1HXZ-C-A	Positive	0.22906	0.77094
1AGE-C-A	Positive	4.27337e-05	0.999957
1DML-B-A	Negative	0.657758	0.342242
1P4B-P-L	Positive	0.466918	0.533082
1Q1A-B-A	Positive	0.00218671	0.997813
1SEM-C-A	Positive	0.0730336	0.926966
1R1S-B-A	Negative	0.699795	0.300205
1OQE-K-A	Positive	0.0132788	0.986721
1OQE-N-E	Positive	0.0864429	0.913557
1E4X-P-H	Negative	0.71024	0.28976
1NES-I-E	Positive	0.486266	0.513734
1N4Q-M-A	Positive	0.050197	0.949803
1B51-B-A	Positive	0.000583852	0.999416
1LTX-P-A	Positive	0.0435345	0.956465
1E91-B-A	Negative	0.805157	0.194843
1N4R-M-A	Positive	0.0160507	0.983949
1LD9-C-A	Positive	0.0256873	0.974313
1XIU-E-A	Negative	0.877084	0.122916
1XIU-F-B	Negative	0.616899	0.383101
1KYD-P-A	Positive	0.00738795	0.992612
1ZL1-C-A	Positive	0.0468694	0.953131
1OM2-B-A	Positive	0.0128094	0.987191
1L0A-B-A	Negative	0.560037	0.439963
1U8T-E-A	Positive	0.454753	0.545247
1YTG-I-A	Positive	0.100482	0.899518
1QKB-B-A	Positive	0.000135815	0.999864
1N7T-B-A	Negative	0.762563	0.237437
1M5N-Q-S	Positive	0.0122659	0.987734
1PYO-E-A	Negative	0.913775	0.0862253
1SDX-E-A	Negative	0.755198	0.244802
1JQ9-P-A	Positive	0.0144411	0.985559
1J19-B-A	Positive	0.0241978	0.975802
1SHB-B-A	Positive	0.0220813	0.977919
1UHB-P-A	Positive	0.0856597	0.91434
1OX1-B-A	Positive	0.0095444	0.990456
1BX2-F-D	Positive	0.0312672	0.968733
1D5S-B-A	Positive	0.00872893	0.991271
1X2R-B-A	Negative	0.935926	0.064074
1YRK-B-A	Negative	0.78592	0.21408
1TZE-I-E	Positive	0.0467612	0.953239
1S2K-B-A	Positive	0.00856149	0.991439
1HPG-B-A	Negative	0.778669	0.221331
1RGQ-C-A	Positive	0.00465466	0.995345
1RGQ-D-A	Positive	0.0415855	0.958414
1HEF-I-E	Positive	0.146671	0.853329
1DKD-E-A	Positive	0.0306613	0.969339
1U95-C-A	Negative	0.61294	0.38706
1DIT-P-H	Negative	0.726839	0.273161
1B9J-B-A	Positive	0.00017439	0.999826
1PUA-B-A	Positive	0.00327464	0.996725
1H27-E-B	Positive	0.105218	0.894782
1ZW3-B-A	Positive	0.238407	0.761593
1KCR-P-L	Negative	0.993318	0.00668159
1U8J-C-A	Positive	0.267208	0.732792
1FYN-B-A	Positive	0.416902	0.583098
1ELR-B-A	Negative	0.916559	0.0834414
1UCY-F-H	Positive	0.376262	0.623738
1UCY-G-E	Positive	0.407538	0.592462
1OX9-I-A	Negative	0.978109	0.0218908
1PJ8-I-A	Positive	0.18881	0.81119
1LCK-B-A	Positive	0.415738	0.584262
1KY7-P-A	Negative	0.729369	0.270631
1JOJ-P-A	Positive	0.33821	0.66179
1TQE-X-P	Positive	0.0610926	0.938907
1W5C-F-A	Positive	0.17428	0.82572
1W5C-L-G	Positive	0.17428	0.82572
1VF6-D-A	Positive	0.397644	0.602356
1SBW-I-A	Positive	0.000234627	0.999765
1FEV-A-B	Negative	0.857841	0.142159
1UXS-C-A	Positive	0.0502884	0.949712
1QFN-B-A	Negative	0.781793	0.218207
1VIT-I-H	Negative	0.974512	0.025488
1BOG-C-A	Negative	0.755401	0.244599
1TP5-B-A	Positive	0.192081	0.807919
1CMI-C-A	Negative	0.964814	0.0351859
1M0V-B-A	Positive	0.24281	0.75719
1PCX-B-A	Negative	0.959286	0.040714
1V9U-5-1	Positive	0.466982	0.533018
1JDH-B-A	Negative	0.953645	0.0463549
1S4Z-C-A	Negative	0.767544	0.232456
1O9U-B-A	Negative	0.978061	0.0219386
1R1P-E-A	Positive	0.221224	0.778776
1TMF-4-1	Negative	0.813861	0.186139
1MEY-G-C	Positive	0.0249593	0.975041
1KC2-B-A	Positive	0.147421	0.852579
1PPJ-I-A	Negative	0.873472	0.126528
1PPJ-J-D	Positive	0.00147437	0.998526
1P3Q-Q-U	Negative	0.676792	0.323208
1P3Q-R-V	Negative	0.863377	0.136623
1LMW-A-B	Positive	0.00150854	0.998491
1LMW-C-D	Positive	0.0214925	0.978508
1LKL-B-A	Negative	0.664617	0.335383
1AVF-P-A	Positive	0.102375	0.897625
1AVF-Q-A	Positive	0.17611	0.82389
2H6F-P-A	Positive	0.244766	0.755234
2DO2-P-A	Positive	0.036352	0.963648
2E74-G-A	Negative	0.931062	0.0689378
2E74-H-A	Positive	0.253959	0.746041
2E74-F-B	Positive	0.26542	0.73458
2E74-E-C	Positive	0.0452391	0.954761
2NXL-P-A	Negative	0.74623	0.25377
2HN7-C-A	Positive	0.350856	0.649144
2AOH-C-A	Negative	0.520081	0.479919
2XFX-C-A	Positive	0.321236	0.678764
2LGK-B-A	Positive	0.403483	0.596517
2A25-B-A	Positive	0.136652	0.863348
2AWU-C-B	Positive	0.0115787	0.988421
2I0I-D-A	Negative	0.647912	0.352088
2WPV-B-A	Negative	0.641062	0.358938
2WPV-F-E	Positive	0.410823	0.589177
2HRP-P-L	Positive	0.0757214	0.924279
2F9J-P-A	Negative	0.62355	0.37645
2F9J-Q-B	Negative	0.955002	0.0449977
2V6Q-B-A	Negative	0.918611	0.0813886
2M0K-B-A	Positive	0.00234205	0.997658
2CIK-C-A	Positive	0.108521	0.891479
2R0L-B-A	Positive	0.000189483	0.999811
2P8M-C-A	Negative	0.720873	0.279127
2F9U-B-A	Positive	0.00953785	0.990462
2F9U-D-A	Positive	0.0334473	0.966553
2Y9Q-B-A	Positive	0.117145	0.882855
2AV7-F-D	Positive	0.170357	0.829643
2GPO-C-A	Positive	0.0677705	0.932229
2ROR-B-A	Negative	0.824492	0.175508
2FCI-B-A	Negative	0.919625	0.0803746
2V88-D-A	Negative	0.838309	0.161691
2PEM-R-A	Positive	0.0128353	0.987165
2RDD-B-A	Negative	0.767363	0.232637
2FES-L-H	Negative	0.936292	0.0637085
2PHG-B-A	Negative	0.909223	0.0907769
2EQ8-C-A	Positive	0.044863	0.955137
2N1G-B-A	Positive	0.000362482	0.999638
2G54-C-A	Positive	0.479677	0.520323
2G54-D-B	Positive	0.115771	0.884229
2VGP-D-A	Negative	0.728571	0.271429
2VGP-C-B	Negative	0.890187	0.109813
2XN5-B-A	Positive	0.283587	0.716413
2HFP-B-A	Negative	0.531964	0.468036
2W2P-E-A	Positive	0.0267104	0.97329
2NMV-B-A	Negative	0.773639	0.226361
2HBQ-C-A	Negative	0.902904	0.0970965
2AST-D-B	Negative	0.514375	0.485625
2PVF-B-A	Negative	0.823368	0.176632
2Q6F-D-A	Positive	0.295457	0.704543
2CZY-B-A	Positive	0.179032	0.820968
2L1C-B-A	Positive	0.341135	0.658865
2A06-I-A	Negative	0.877639	0.122361
2A06-J-D	Positive	0.0146446	0.985355
2A06-V-N	Negative	0.877639	0.122361
2QFC-C-A	Negative	0.907862	0.092138
2PMC-E-A	Negative	0.914584	0.0854163
2OX0-C-A	Negative	0.51695	0.48305
2FFU-P-A	Positive	0.0523773	0.947623
2Y5T-E-A	Positive	0.118479	0.881521
2Y5T-F-A	Positive	0.39473	0.60527
2Y5T-G-A	Positive	0.265193	0.734807
2EMS-B-A	Positive	0.0316165	0.968383
2CE8-X-A	Negative	0.614155	0.385845
2ODB-B-A	Positive	0.39272	0.60728
2R7G-B-A	Negative	0.858619	0.141381
2R7G-E-A	Negative	0.945388	0.0546121
2PG1-I-A	Negative	0.958016	0.0419845
2PG1-L-A	Negative	0.732287	0.267713
2PG1-J-C	Negative	0.732287	0.267713
2YU7-B-A	Negative	0.995845	0.00415504
2M0U-B-A	Positive	0.112077	0.887923
2ODY-A-B	Positive	0.462527	0.537473
2ODY-C-B	Positive	0.473787	0.526213
2XRW-B-A	Negative	0.761564	0.238436
2HLO-G-C	Positive	0.00566086	0.994339
2ID4-C-A	Positive	0.0123426	0.987657
2XQQ-E-A	Negative	0.891924	0.108076
2K2U-B-A	Negative	0.935912	0.0640882
2MC1-B-A	Negative	0.84363	0.15637
2IJO-A-B	Negative	0.866637	0.133363
2JDI-I-G	Negative	0.708285	0.291715
2JMJ-P-A	Positive	0.0153947	0.984605
2FX8-P-L	Positive	0.306463	0.693537
2NNU-B-A	Negative	0.983095	0.0169054
2H6K-D-B	Positive	0.159936	0.840064
2AXZ-E-A	Positive	0.133757	0.866243
2AXZ-I-B	Positive	0.319113	0.680887
2IPU-Q-L	Negative	0.682199	0.317801
2A4J-B-A	Positive	0.0015885	0.998412
2W2Q-E-A	Positive	0.0478698	0.95213
2LCS-B-A	Positive	0.0109617	0.989038
2W65-E-A	Positive	0.461634	0.538366
2W65-F-A	Positive	0.140646	0.859354
2YNR-B-A	Positive	0.000646089	0.999354
2YNR-C-A	Positive	0.000680675	0.999319
2J5L-A-B	Positive	0.046876	0.953124
2XCB-C-A	Positive	0.485398	0.514602
2AGG-A-X	Negative	0.624542	0.375458
2WH0-Q-A	Positive	0.056608	0.943392
2WH0-R-C	Positive	0.00826385	0.991736
2N8J-B-A	Positive	0.17037	0.82963
2VDA-B-A	Positive	0.190602	0.809398
2GWW-B-A	Positive	0.00749266	0.992507
2BVP-C-A	Negative	0.680091	0.319909
2MA9-A-B	Negative	0.61551	0.38449
2N8R-B-A	Negative	0.815012	0.184988
2FO4-P-A	Negative	0.604139	0.395861
2ZDV-I-H	Negative	0.883919	0.116081
2WSC-J-2	Negative	0.776682	0.223318
2WSC-I-B	Positive	0.0371396	0.96286
2BEZ-F-C	Negative	0.933213	0.0667871
2RNW-B-A	Positive	0.00408883	0.995911
2BNQ-C-A	Negative	0.686276	0.313724
2PEH-C-A	Positive	0.0308395	0.969161
2PEH-D-B	Positive	0.0469135	0.953086
2DKO-I-A	Positive	0.153454	0.846546
2JOA-B-A	Positive	0.0434658	0.956534
2J37-S-W	Positive	0.404561	0.595439
2QN6-C-A	Negative	0.773484	0.226516
2M3M-B-A	Negative	0.777402	0.222598
2QPY-B-A	Positive	0.468488	0.531512
2CNZ-B-A	Negative	0.623858	0.376142
2YJA-A-B	Positive	0.454671	0.545329
2XPO-B-A	Negative	0.564793	0.435207
2XPO-D-C	Negative	0.92019	0.0798097
2OJX-E-A	Positive	0.210633	0.789367
2R3Y-D-A	Positive	0.282282	0.717718
2OD2-B-A	Positive	0.00153603	0.998464
2X4W-B-A	Positive	0.146106	0.853894
2JET-A-B	Positive	0.125097	0.874903
2G30-P-A	Negative	0.923817	0.0761835
2G30-S-A	Positive	0.318329	0.681671
2XBY-L-A	Positive	0.0046256	0.995374
2IQ6-B-A	Negative	0.511186	0.488814
2Y36-P-H	Positive	0.370166	0.629834
2PC4-H-D	Positive	0.206662	0.793338
2HT9-X-A	Negative	0.86125	0.13875
2ZP9-C-A	Positive	0.0273908	0.972609
2ZP9-E-A	Positive	0.0389871	0.961013
2ZP9-H-F	Positive	0.0634379	0.936562
2ZP9-J-F	Positive	0.0210832	0.978917
2ZP9-O-K	Positive	0.0210832	0.978917
2GHQ-C-A	Positive	0.0442042	0.955796
2GHQ-D-B	Positive	0.17122	0.82878
2OY2-W-A	Positive	0.137148	0.862852
2WZR-4-1	Positive	0.0813339	0.918666
2O1N-P-A	Positive	0.3323	0.6677
2ARQ-P-A	Negative	0.885475	0.114525
2DEW-A-X	Positive	0.00872639	0.991274
2PL9-D-A	Negative	0.993962	0.00603813
2PL9-E-B	Negative	0.974556	0.0254443
2FP7-A-B	Negative	0.896119	0.103881
2FP7-C-B	Positive	0.00343988	0.99656
2UUD-S-H	Positive	0.0374366	0.962563
2UUD-T-J	Positive	0.0388689	0.961131
2F8E-A-X	Positive	0.151836	0.848164
2D3G-P-A	Negative	0.71362	0.28638
2M41-A-B	Positive	0.198023	0.801977
2OI3-B-A	Negative	0.587992	0.412008
2D7S-B-A	Positive	0.151836	0.848164
2E76-H-A	Positive	0.253959	0.746041
2HBH-B-A	Positive	0.0114129	0.988587
2YQ7-B-A	Positive	0.458906	0.541094
2MX6-B-A	Positive	0.0291912	0.970809
2JND-B-A	Positive	0.379923	0.620077
2LQC-B-A	Positive	0.10967	0.89033
2QLF-E-A	Negative	0.644421	0.355579
2QLF-G-A	Positive	0.125507	0.874493
2ZOK-I-A	Positive	0.0950843	0.904916
2ZOK-J-C	Positive	0.0950843	0.904916
2Q8E-F-A	Positive	0.064639	0.935361
2Q8E-G-B	Positive	0.00124992	0.99875
2VOH-B-A	Positive	0.0275562	0.972444
2QQS-C-A	Positive	0.00315171	0.996848
2QQS-D-A	Positive	0.00289339	0.997107
2OS2-C-A	Positive	0.00287207	0.997128
2BNZ-A-C	Positive	0.359475	0.640525
2BNZ-D-C	Positive	0.464248	0.535752
2FSE-E-A	Negative	0.603902	0.396098
2PUX-A-B	Negative	0.851128	0.148872
2PUX-C-B	Negative	0.990072	0.00992775
2EU0-B-A	Negative	0.863329	0.136671
2ROC-B-A	Negative	0.772807	0.227193
2CNX-P-A	Positive	0.158157	0.841843
2FMF-B-A	Negative	0.723957	0.276043
2Q8Y-B-A	Negative	0.802894	0.197106
2Z5H-A-B	Positive	0.221251	0.778749
2Z5H-I-B	Negative	0.712909	0.287091
2KRD-I-C	Positive	0.266182	0.733818
2FOM-A-B	Negative	0.995189	0.00481145
2V52-M-B	Positive	0.424901	0.575099
2W84-B-A	Negative	0.834099	0.165901
2MWN-A-B	Negative	0.706453	0.293547
2C5K-P-T	Positive	0.219656	0.780344
2MY3-B-A	Negative	0.971975	0.0280252
2ORZ-B-A	Positive	0.00194785	0.998052
2N3K-B-A	Positive	0.0205443	0.979456
2A9H-E-A	Positive	0.00014434	0.999856
2J6F-C-A	Positive	0.000918864	0.999081
2B7Y-B-A	Negative	0.814929	0.185071
2QL9-E-A	Positive	0.0572245	0.942776
2PMZ-P-B	Positive	0.000107105	0.999893
2BUO-T-A	Negative	0.956593	0.0434068
2X4P-C-A	Positive	0.0275338	0.972466
2H2F-B-A	Positive	0.00161386	0.998386
2H43-I-B	Positive	0.0670313	0.932969
2V53-B-A	Positive	0.0380616	0.961938
2V53-D-A	Positive	0.0380616	0.961938
2WUB-B-A	Positive	0.00264456	0.997355
2WUB-D-C	Positive	0.000803077	0.999197
2NDF-B-A	Positive	0.00512393	0.994876
2WAX-B-A	Negative	0.678068	0.321932
2WAX-D-A	Negative	0.54757	0.45243
2K7W-B-A	Negative	0.786141	0.213859
2IUI-C-A	Negative	0.547994	0.452006
2MBZ-B-A	Positive	0.0194872	0.980513
2PV3-C-A	Positive	0.238633	0.761367
2XCF-C-A	Positive	0.00523971	0.99476
2A0T-B-A	Negative	0.973859	0.0261407
2LOX-B-A	Negative	0.995365	0.00463537
2PR3-B-A	Positive	0.0307413	0.969259
2XN6-B-A	Positive	0.283587	0.716413
2H65-E-A	Negative	0.644598	0.355402
2DYR-Z-N	Positive	0.217177	0.782823
2WAY-B-A	Positive	0.333743	0.666257
2WAY-D-A	Negative	0.659736	0.340264
2CII-C-A	Positive	0.483301	0.516699
2V3X-B-A	Positive	0.446456	0.553544
2PW2-C-A	Positive	0.21311	0.78689
2JQ9-B-A	Positive	0.383061	0.616939
2N2H-A-B	Negative	0.981621	0.0183786
2QQP-B-A	Positive	0.0137175	0.986282
2QQP-D-C	Positive	0.0287387	0.971261
2QQP-H-E	Positive	0.0214199	0.97858
2KS9-B-A	Positive	0.00424136	0.995759
2BZK-A-B	Positive	0.0225812	0.977419
2MWO-B-A	Positive	0.161282	0.838718
2LCT-B-A	Negative	0.788276	0.211724
2IFW-C-A	Positive	0.00820717	0.991793
2BST-C-A	Positive	0.0107405	0.989259
2OOB-A-B	Negative	0.63781	0.36219
2KFF-B-A	Positive	0.337512	0.662488
2OR9-P-L	Positive	0.191283	0.808717
2XXN-B-A	Negative	0.885398	0.114602
2V17-A-H	Negative	0.593618	0.406382
2D1X-P-A	Positive	0.0666757	0.933324
2Y8O-B-A	Positive	0.000721397	0.999279
2G3Q-A-B	Negative	0.960741	0.0392586
2MJF-A-B	Negative	0.973355	0.0266448
2NPI-C-A	Negative	0.625796	0.374204
2NPI-D-B	Negative	0.753038	0.246962
2PQK-B-A	Negative	0.885769	0.114231
2KZU-B-A	Negative	0.639961	0.360039
2XJY-B-A	Negative	0.985552	0.0144484
2CE9-X-A	Positive	0.0604724	0.939528
2WH6-B-A	Negative	0.881091	0.118909
2RFI-P-A	Positive	0.133484	0.866516
2AN6-E-A	Negative	0.568158	0.431842
2A3I-B-A	Positive	0.35004	0.64996
2Q3Z-X-A	Positive	0.0523799	0.94762
2A0Q-A-B	Negative	0.987964	0.0120357
2WA9-H-A	Negative	0.949505	0.0504952
2WA9-N-B	Positive	0.265908	0.734092
2HFG-R-L	Positive	0.0793653	0.920635
2YMB-F-C	Negative	0.777687	0.222313
2IAH-I-A	Positive	0.00638545	0.993615
2ZPK-P-L	Positive	0.0697758	0.930224
2X4T-C-A	Positive	0.245652	0.754348
2HJK-C-A	Positive	0.472832	0.527168
2J0U-T-A	Positive	0.0218977	0.978102
2M14-B-A	Negative	0.862751	0.137249
2XC0-L-A	Positive	0.00753198	0.992468
2QQC-A-B	Positive	0.300177	0.699823
2QQC-C-B	Positive	0.237564	0.762436
2QQC-G-B	Positive	0.419391	0.580609
2QQC-I-H	Positive	0.419391	0.580609
2QQC-K-H	Positive	0.419391	0.580609
2XBO-4-1	Positive	0.190115	0.809885
2L3R-B-A	Positive	0.409515	0.590485
2X72-B-A	Positive	0.00991853	0.990081
2FGE-D-A	Negative	0.708196	0.291804
2YNP-P-A	Positive	0.0188965	0.981103
2RKZ-M-A	Negative	0.900271	0.0997294
2RKZ-N-A	Negative	0.954624	0.0453756
2RKZ-O-A	Negative	0.961939	0.0380607
2RQU-B-A	Positive	0.103648	0.896352
2RL0-G-A	Negative	0.985001	0.0149987
2RL0-C-A	Negative	0.96999	0.0300101
2RL0-E-D	Negative	0.986268	0.0137323
2RL0-J-F	Negative	0.983404	0.016596
2ZSV-E-A	Positive	0.238661	0.761339
2A6K-P-L	Positive	0.415907	0.584093
2H4P-B-A	Positive	0.00624311	0.993757
2R9Q-X-B	Positive	0.242713	0.757287
2R9Q-Y-B	Positive	0.327205	0.672795
2Q5Y-B-A	Positive	0.197966	0.802034
2WW9-C-A	Positive	0.272587	0.727413
2WW9-O-A	Positive	0.0022488	0.997751
2YF2-F-A	Negative	0.943013	0.0569868
2YF2-D-B	Negative	0.967154	0.032846
2KBR-B-A	Negative	0.500724	0.499276
2C5V-F-B	Negative	0.703699	0.296301
2V85-D-A	Positive	0.38081	0.61919
2V85-E-A	Positive	0.181022	0.818978
2V1D-C-A	Positive	0.434859	0.565141
2O9Q-C-A	Positive	0.00187271	0.998127
2JTT-C-A	Positive	0.379082	0.620918
2W78-C-B	Positive	0.00220747	0.997793
2BWE-C-S	Negative	0.958776	0.0412237
2BWE-L-S	Negative	0.882468	0.117532
2BWE-M-S	Negative	0.686479	0.313521
2BWE-D-T	Negative	0.63477	0.36523
2BWE-K-T	Negative	0.718824	0.281176
2BWE-P-U	Negative	0.82467	0.17533
2I60-M-G	Positive	0.00727485	0.992725
2OPZ-E-A	Negative	0.576022	0.423978
2FKW-D-A	Negative	0.667512	0.332488
2R1D-W-H	Positive	0.00170903	0.998291
2H9E-L-H	Positive	0.00454892	0.995451
2H9E-S-H	Positive	0.0121823	0.987818
2DF6-C-A	Negative	0.795876	0.204124
2DF6-D-A	Negative	0.736688	0.263312
2B1N-B-A	Positive	0.0662216	0.933778
2MNU-B-A	Positive	0.204941	0.795059
2VDP-C-A	Positive	0.0195385	0.980461
2YPA-D-B	Negative	0.997249	0.00275068
2QHO-B-A	Negative	0.727098	0.272902
2QHO-F-A	Negative	0.660825	0.339175
2QHO-D-C	Positive	0.360173	0.639827
2QHO-H-G	Negative	0.606918	0.393082
2FYS-D-B	Positive	0.0709388	0.929061
2PGQ-A-B	Negative	0.757976	0.242024
2JKR-P-A	Positive	0.00374454	0.996255
2PKL-B-A	Positive	0.00246409	0.997536
2Z7F-I-E	Positive	0.000416946	0.999583
2V7D-P-A	Positive	0.239364	0.760636
2PQR-C-A	Negative	0.673186	0.326814
2PQR-D-A	Negative	0.622832	0.377168
2V1S-H-A	Positive	0.0699164	0.930084
2V1S-K-A	Positive	0.0890523	0.910948
2V1S-J-B	Positive	0.0576864	0.942314
2V1S-M-F	Positive	0.219687	0.780313
2V1S-N-F	Positive	0.0332771	0.966723
2N23-B-A	Negative	0.810336	0.189664
2MKC-C-A	Positive	0.489088	0.510912
2IXP-F-A	Positive	0.00824779	0.991752
2OIN-D-A	Positive	0.0170678	0.982932
2V1R-Q-A	Negative	0.801163	0.198837
2V1R-R-A	Positive	0.293903	0.706097
2MY2-B-A	Negative	0.77289	0.22711
2FMI-B-A	Negative	0.878257	0.121743
2QLL-B-A	Positive	0.200459	0.799541
2K04-B-A	Negative	0.626547	0.373453
2HH0-P-L	Positive	0.00629077	0.993709
2K1Q-B-A	Negative	0.890801	0.109199
2BBN-B-A	Positive	0.00465291	0.995347
2OSL-P-L	Positive	0.142315	0.857685
2OSL-Q-B	Positive	0.206422	0.793578
2C2Z-C-A	Negative	0.990148	0.00985172
2W2H-C-A	Positive	0.173049	0.826951
2KC8-B-A	Negative	0.925293	0.0747073
2KUP-B-A	Positive	0.143921	0.856079
2YNS-C-A	Positive	0.00261288	0.997387
2YGV-E-A	Negative	0.970156	0.0298441
2YGV-H-A	Positive	0.3109	0.6891
2YGV-F-B	Negative	0.911354	0.0886462
2YGV-G-B	Negative	0.649837	0.350163
2J7X-B-A	Positive	0.191374	0.808626
2RPN-B-A	Positive	0.00154371	0.998456
2YB8-A-B	Positive	0.104068	0.895932
2ABZ-D-A	Positive	0.0113199	0.98868
2CO2-B-A	Negative	0.772493	0.227507
2W97-E-A	Positive	0.277633	0.722367
2W97-F-B	Negative	0.504088	0.495912
2M04-B-A	Negative	0.807506	0.192494
2D7C-C-A	Negative	0.828358	0.171642
2HQH-E-A	Negative	0.558981	0.441019
2JK9-B-A	Negative	0.542576	0.457424
2UXN-E-A	Negative	0.595276	0.404724
2RMX-B-A	Negative	0.922107	0.077893
2Y8T-B-A	Positive	0.0625246	0.937475
2Y8T-E-D	Positive	0.0625246	0.937475
2DOH-C-X	Negative	0.951304	0.0486963
2EJY-B-A	Positive	0.0401367	0.959863
2MV7-B-A	Negative	0.570074	0.429926
2OM2-B-A	Negative	0.703708	0.296292
2RR9-C-A	Negative	0.985723	0.0142769
2V87-D-A	Positive	0.223758	0.776242
2V87-E-A	Positive	0.181778	0.818222
2Z34-C-A	Negative	0.593256	0.406744
2Z34-D-A	Positive	0.285007	0.714993
2OVM-B-A	Positive	0.0133797	0.98662
2WHX-C-A	Negative	0.965309	0.0346915
2RSY-B-A	Positive	0.416269	0.583731
2YKA-B-A	Positive	0.121604	0.878396
2OVQ-C-B	Positive	0.325084	0.674916
2G5L-X-A	Positive	0.134178	0.865822
2I3T-B-A	Negative	0.662362	0.337638
2I3T-D-C	Positive	0.238113	0.761887
2NPM-X-A	Positive	0.206671	0.793329
2P8X-S-T	Negative	0.946727	0.0532729
2B9J-C-A	Positive	0.108287	0.891713
2LSI-B-A	Positive	0.00336554	0.996634
2PUY-E-B	Positive	0.0591743	0.940826
2C1N-C-A	Positive	0.00243673	0.997563
2WP1-P-A	Negative	0.865685	0.134315
2WP1-Q-B	Positive	0.0340995	0.965901
2HGT-J-H	Positive	0.249033	0.750967
2JBY-B-A	Positive	0.483328	0.516672
2N13-A-B	Positive	0.0897285	0.910271
2YKT-B-A	Negative	0.502645	0.497355
2ZO3-I-H	Negative	0.783547	0.216453
2WMB-I-B	Positive	0.0270352	0.972965
2MUR-A-B	Negative	0.993157	0.00684337
2KXH-B-A	Positive	0.23538	0.76462
2FNX-P-A	Positive	0.0246802	0.97532
2Q5D-C-A	Positive	0.125824	0.874176
2Q5D-D-B	Positive	0.373935	0.626065
2L1W-B-A	Positive	0.0633384	0.936662
2BTP-P-A	Positive	0.0176237	0.982376
2Y1R-L-J	Positive	0.361521	0.638479
2Q7J-B-A	Negative	0.537424	0.462576
2IUH-B-A	Positive	0.0753102	0.92469
2C3I-A-B	Positive	0.00444854	0.995551
2ODD-B-A	Positive	0.0323971	0.967603
2FMK-B-A	Negative	0.974556	0.0254443
2MRO-B-A	Positive	0.286291	0.713709
2RQW-B-A	Positive	0.0671632	0.932837
2WAQ-Q-A	Negative	0.51256	0.48744
2IV8-P-A	Positive	0.0688335	0.931167
2IV8-Q-A	Positive	0.0318607	0.968139
2M5B-B-A	Positive	0.171696	0.828304
2H4F-D-A	Positive	0.000390694	0.999609
2BRQ-C-A	Positive	0.0648642	0.935136
2F31-B-A	Negative	0.733642	0.266358
2NB1-B-A	Negative	0.625148	0.374852
2B9H-C-A	Positive	0.016342	0.983658
2BGN-W-A	Negative	0.91341	0.0865899
2IHS-C-A	Positive	0.215517	0.784483
2IHS-D-B	Positive	0.168588	0.831412
2V2F-A-F	Negative	0.563521	0.436479
2QNA-B-A	Positive	0.288752	0.711248
2OXZ-Y-A	Positive	0.111464	0.888536
2VPB-B-A	Negative	0.907851	0.0921494
2MBB-A-B	Negative	0.764273	0.235727
2V1T-C-A	Positive	0.0253971	0.974603
2H9P-B-A	Positive	0.285504	0.714496
2KXW-B-A	Positive	0.0226909	0.977309
2L35-B-A	Positive	0.0472538	0.952746
2G83-C-A	Negative	0.545051	0.454949
2ER9-I-E	Positive	0.0554616	0.944538
2LSP-A-B	Positive	0.232414	0.767586
2E30-B-A	Negative	0.617291	0.382709
2D0N-B-A	Positive	0.0137166	0.986283
2KYL-B-A	Positive	0.182225	0.817775
2ARR-P-A	Negative	0.669273	0.330727
2W6T-C-B	Positive	0.0057689	0.994231
2ZPP-A-B	Positive	0.113387	0.886613
2KT5-B-A	Positive	0.0244368	0.975563
2RHI-B-A	Positive	0.00102951	0.99897
2OTW-E-A	Positive	0.109301	0.890699
2CNN-C-A	Negative	0.761087	0.238913
2Q3C-B-A	Positive	0.370939	0.629061
2WZQ-C-A	Negative	0.931714	0.0682856
2WFY-E-B	Positive	0.00409757	0.995902
2WX0-C-A	Positive	0.0404744	0.959526
2WX0-G-B	Positive	0.135626	0.864374
2CNY-B-A	Negative	0.771988	0.228012
2GNS-P-A	Positive	0.2389	0.7611
2B7F-I-A	Positive	0.125217	0.874783
2B7F-J-C	Positive	0.072707	0.927293
2L1L-A-B	Negative	0.894934	0.105066
2OT8-C-A	Positive	0.0287091	0.971291
2OT8-D-B	Positive	0.00243653	0.997563
2KFT-B-A	Positive	0.00332418	0.996676
2M0O-B-A	Positive	0.016589	0.983411
2C23-P-A	Positive	0.0423201	0.95768
2ROD-B-A	Negative	0.96691	0.0330903
2B2T-D-A	Positive	0.0817446	0.918255
2W49-C-4	Negative	0.963331	0.0366693
2ZJQ-4-J	Positive	0.000888174	0.999112
2QT5-X-A	Negative	0.943472	0.0565285
2PVC-D-B	Positive	0.0844258	0.915574
2AFF-B-A	Positive	0.412196	0.587804
2R02-B-A	Negative	0.740497	0.259503
2HJL-C-A	Negative	0.542013	0.457987
2G47-C-A	Negative	0.869753	0.130247
2AIJ-P-X	Positive	0.00406374	0.995936
2R0Z-Q-L	Positive	0.041603	0.958397
2W2U-C-A	Negative	0.862436	0.137564
2PCU-B-A	Positive	0.00847393	0.991526
2CHA-A-B	Positive	0.0414726	0.958527
2GPH-B-A	Negative	0.965233	0.0347669
2SEM-C-A	Positive	0.056919	0.943081
2SEM-D-B	Positive	0.0432285	0.956772
2FFD-J-B	Positive	0.0704234	0.929577
2KFH-B-A	Positive	0.246792	0.753208
2DQK-P-A	Positive	0.0813122	0.918688
2V6X-B-A	Negative	0.905458	0.0945416
2XOK-I-G	Negative	0.690744	0.309256
2DS2-A-B	Positive	0.00153071	0.998469
2DS2-C-B	Positive	0.00225937	0.997741
2FLU-P-X	Negative	0.988559	0.011441
2GUO-C-A	Positive	0.364894	0.635106
2LNW-B-A	Negative	0.586853	0.413147
2IV9-P-A	Negative	0.501815	0.498185
2FYY-C-A	Negative	0.904666	0.0953342
2L9B-B-A	Negative	0.935872	0.0641275
2AXF-C-A	Negative	0.977479	0.0225212
2Z4E-I-B	Positive	0.000763385	0.999237
2Z4E-J-E	Positive	0.000763385	0.999237
2YJD-C-A	Negative	0.658121	0.341879
2RNY-B-A	Positive	0.0133608	0.986639
2ISQ-B-A	Negative	0.960556	0.0394437
2CLR-C-A	Negative	0.536592	0.463408
2L8J-B-A	Negative	0.772507	0.227493
2HPL-B-A	Negative	0.875174	0.124826
2P8Q-B-A	Positive	0.169731	0.830269
2RR3-B-A	Positive	0.173305	0.826695
2X4R-C-A	Positive	0.17758	0.82242
2X4R-F-D	Positive	0.17758	0.82242
2VGO-C-B	Negative	0.896159	0.103841
2W0Z-B-A	Positive	0.0240903	0.97591
2K3W-B-A	Negative	0.547198	0.452802
2J28-4-G	Positive	0.00115359	0.998846
2JZ3-A-C	Positive	0.463746	0.536254
2K8F-B-A	Negative	0.967963	0.0320368
2CLV-C-A	Negative	0.777059	0.222941
2CIO-B-A	Positive	0.106831	0.893169
2DT7-A-B	Positive	0.12029	0.87971
2YBP-C-A	Positive	0.0190028	0.980997
2WV4-C-A	Positive	0.091312	0.908688
2KOH-B-A	Negative	0.999341	0.000659205
2GRL-E-A	Negative	0.774229	0.225771
2KJE-B-A	Negative	0.997986	0.00201368
2YDR-P-A	Negative	0.828162	0.171838
2HLD-R-P	Negative	0.896741	0.103259
2HLD-1-Y	Negative	0.981286	0.0187136
2VU8-I-E	Positive	0.000181128	0.999819
2Z8P-B-A	Positive	0.480594	0.519406
2CO1-B-A	Negative	0.740971	0.259029
2BFX-C-B	Negative	0.851271	0.148729
2LXS-B-A	Negative	0.814637	0.185363
2HL3-C-A	Negative	0.807808	0.192192
2YQ6-B-A	Positive	0.256441	0.743559
2G49-C-A	Positive	0.0446253	0.955375
2G49-D-B	Positive	0.118302	0.881698
2X04-C-A	Positive	0.0399935	0.960007
2Z23-B-A	Positive	0.000437553	0.999562
2H9M-B-A	Positive	0.131698	0.868302
2H9M-D-A	Positive	0.020836	0.979164
2JF9-P-A	Positive	0.412616	0.587384
2JF9-Q-B	Positive	0.412616	0.587384
2MQS-B-A	Positive	0.455444	0.544556
2MQS-D-A	Positive	0.39151	0.60849
2QKH-B-A	Positive	0.443788	0.556212
2A7U-A-B	Negative	0.847348	0.152652
2FOT-C-A	Positive	0.371518	0.628482
2AXT-F-A	Positive	0.27267	0.72733
2AXT-I-A	Negative	0.817285	0.182715
2AXT-J-A	Positive	0.0147974	0.985203
2AXT-L-A	Negative	0.981065	0.018935
2AXT-M-A	Negative	0.855335	0.144665
2AXT-T-A	Negative	0.948101	0.0518991
2AXT-t-B	Negative	0.948101	0.0518991
2BQZ-B-A	Positive	0.0581657	0.941834
2RF9-C-A	Negative	0.694164	0.305836
2RF9-D-A	Positive	0.330286	0.669714
2W0P-C-A	Positive	0.414662	0.585338
2KNE-B-A	Positive	0.0268919	0.973108
2MES-B-A	Negative	0.948536	0.0514641
2XNY-M-B	Negative	0.900948	0.0990518
2XNY-N-B	Negative	0.803611	0.196389
2A6I-P-A	Positive	0.253597	0.746403
2NCZ-B-A	Positive	0.0113169	0.988683
2ACH-B-A	Positive	0.083971	0.916029
2BP5-P-M	Negative	0.945353	0.0546475
2QME-I-A	Positive	0.267829	0.732171
2MH0-A-B	Positive	0.238275	0.761725
2XTT-A-B	Positive	0.00412159	0.995878
2O9V-B-A	Positive	0.1483	0.8517
2N55-B-A	Positive	0.498031	0.501969
2XN3-B-A	Positive	0.485762	0.514238
2FYM-B-A	Negative	0.772082	0.227918
2H5J-E-A	Positive	0.113079	0.886921
2VP7-B-A	Negative	0.852444	0.147556
2BBU-B-A	Positive	0.490828	0.509172
2X4O-C-A	Positive	0.082001	0.917999
2F3Z-B-A	Positive	0.0320754	0.967925
2QYF-E-A	Positive	0.16552	0.83448
2VM6-B-A	Negative	0.891948	0.108052
2FWO-P-A	Positive	0.109064	0.890936
2XNS-C-A	Negative	0.558786	0.441214
2Y0T-B-A	Negative	0.670927	0.329073
2A40-C-A	Negative	0.978286	0.0217136
2DRK-B-A	Positive	0.00329935	0.996701
2KWU-A-B	Negative	0.993039	0.00696103
2BNW-A-B	Positive	0.265264	0.734736
2WK3-C-A	Negative	0.676717	0.323283
2GJ6-C-A	Positive	0.0152573	0.984743
2OV2-I-A	Positive	0.170864	0.829136
2OV2-J-A	Positive	0.359868	0.640132
2OV2-N-F	Positive	0.359868	0.640132
2OV2-O-G	Positive	0.170864	0.829136
2OV2-P-E	Positive	0.244536	0.755464
2VXC-C-A	Negative	0.822287	0.177713
2H7E-B-A	Positive	0.00359857	0.996401
2FUU-B-A	Positive	0.0131325	0.986868
2G2L-C-A	Positive	0.342003	0.657997
2Y06-P-H	Positive	0.0427835	0.957217
2I3S-B-A	Negative	0.6183	0.3817
2MP2-C-A	Negative	0.980042	0.0199581
2VDQ-C-A	Negative	0.872748	0.127252
2GTW-C-A	Positive	0.13777	0.86223
2XL3-C-A	Negative	0.8464	0.1536
2XL3-E-B	Negative	0.850038	0.149962
2XL3-F-B	Positive	0.00643509	0.993565
2EMT-C-A	Positive	0.110353	0.889647
2EMT-E-A	Positive	0.0536837	0.946316
2EMT-D-B	Positive	0.124786	0.875214
2X6M-B-A	Negative	0.661591	0.338409
2QLB-E-A	Positive	0.100909	0.899091
2F3C-I-E	Positive	0.194099	0.805901
2XQN-A-T	Positive	0.350294	0.649706
2H1U-P-A	Positive	0.0223251	0.977675
2BBA-P-A	Positive	0.121339	0.878661
2JKT-P-A	Positive	0.00637313	0.993627
2PW1-C-A	Positive	0.254685	0.745315
2HCJ-A-B	Positive	0.0427898	0.95721
2C5W-A-B	Positive	0.45456	0.54544
2VUU-I-A	Positive	0.00378868	0.996211
2VUU-O-G	Positive	0.00209906	0.997901
2V64-I-C	Positive	0.17616	0.82384
2LY4-B-A	Negative	0.877396	0.122604
2WS9-4-1	Positive	0.0784944	0.921506
2G1T-E-A	Negative	0.815283	0.184717
2G1T-H-A	Negative	0.781023	0.218977
2G1T-F-B	Positive	0.201637	0.798363
2G1T-G-C	Negative	0.860431	0.139569
2KXQ-B-A	Negative	0.803192	0.196808
2VR3-C-A	Positive	0.155191	0.844809
2VR3-D-A	Positive	0.0449164	0.955084
2F58-P-L	Positive	0.202607	0.797393
2XZQ-P-H	Negative	0.985308	0.0146918
2MIP-E-A	Negative	0.868236	0.131764
2KWK-B-A	Positive	0.0127969	0.987203
2HQW-B-A	Positive	0.0132128	0.986787
2PXJ-I-A	Positive	0.000636938	0.999363
2PXJ-J-B	Positive	0.00217405	0.997826
2HDX-G-A	Negative	0.966261	0.0337393
2HDX-H-B	Negative	0.962403	0.0375974
2IPK-C-A	Positive	0.0961903	0.90381
2DYO-B-A	Negative	0.978044	0.0219562
2LXM-B-A	Negative	0.82979	0.17021
2A45-J-B	Positive	0.100691	0.899309
2A45-L-B	Positive	0.383139	0.616861
2A45-I-E	Negative	0.508517	0.491483
2AOF-C-A	Positive	0.43663	0.56337
2LE8-B-A	Negative	0.522386	0.477614
2FZ3-C-A	Negative	0.954948	0.0450523
2VOF-B-A	Negative	0.852099	0.147901
2VOF-D-A	Negative	0.842017	0.157983
2PAV-V-A	Positive	0.160435	0.839565
2KGB-I-C	Positive	0.159446	0.840554
2HMH-B-A	Negative	0.853687	0.146313
2PNX-D-A	Positive	0.361193	0.638807
2W3I-B-A	Positive	0.127609	0.872391
2K3U-B-A	Positive	0.290146	0.709854
2A3Z-C-A	Negative	0.726536	0.273464
2DEY-A-X	Positive	0.000727986	0.999272
2PV9-C-B	Negative	0.930467	0.0695329
2MG5-B-A	Positive	0.00309972	0.9969
2XS1-B-A	Negative	0.895658	0.104342
2O01-J-A	Negative	0.776682	0.223318
2V5F-X-A	Positive	0.00320128	0.996799
2Z4J-B-A	Positive	0.00193694	0.998063
2G46-C-A	Positive	0.176295	0.823705
2B05-K-E	Negative	0.837512	0.162488
2Q6J-C-A	Negative	0.680643	0.319357
2K00-B-A	Negative	0.713258	0.286742
2NLA-B-A	Positive	0.140915	0.859085
2IVZ-E-A	Negative	0.943865	0.0561349
2IVZ-F-B	Negative	0.878731	0.121269
2RFD-C-A	Negative	0.933848	0.0661517
2RFD-D-B	Negative	0.939094	0.0609055
2FOO-B-A	Positive	0.4738	0.5262
2JF1-T-A	Positive	0.187895	0.812105
2AUH-B-A	Negative	0.662015	0.337985
2P1N-C-B	Negative	0.617663	0.382337
2WMA-E-B	Positive	0.00208882	0.997911
2PV2-E-A	Positive	0.0294788	0.970521
2EGN-B-A	Positive	0.209512	0.790488
2VE6-C-A	Negative	0.514819	0.485181
2NMB-B-A	Negative	0.686914	0.313086
2FFF-A-B	Negative	0.587132	0.412868
2L0Y-B-A	Negative	0.536968	0.463032
2XUM-S-A	Negative	0.888418	0.111582
2I04-C-A	Negative	0.891874	0.108126
2I04-D-A	Positive	0.440248	0.559752
2CNM-D-A	Positive	0.0354882	0.964512
2JQL-B-A	Positive	0.100583	0.899417
2C7N-E-C	Positive	0.0671171	0.932883
2W85-B-A	Negative	0.788789	0.211211
2W73-K-A	Positive	0.00147628	0.998524
2AGH-C-B	Negative	0.890317	0.109683
2FF6-H-G	Negative	0.570097	0.429903
2NUD-C-A	Positive	0.3136	0.6864
2X4S-C-A	Negative	0.989734	0.0102664
2AUC-D-A	Positive	0.0122326	0.987767
2YCH-B-A	Positive	0.10781	0.89219
2GZD-C-A	Negative	0.911423	0.0885768
2ND1-B-A	Negative	0.794496	0.205504
2GIT-C-A	Positive	0.0152573	0.984743
2GIT-F-D	Positive	0.0152573	0.984743
2Q6W-C-A	Negative	0.942859	0.0571406
2Q6W-F-D	Negative	0.968115	0.0318854
2WA8-B-A	Positive	0.314576	0.685424
2WA8-D-C	Positive	0.0870386	0.912961
2Y0N-E-A	Negative	0.802994	0.197006
2Y0N-F-A	Negative	0.892498	0.107502
2Y0N-G-A	Negative	0.727559	0.272441
2VKN-C-A	Positive	0.419816	0.580184
2B5T-A-B	Negative	0.535991	0.464009
2J9A-D-A	Positive	0.400255	0.599745
2RT5-B-A	Negative	0.975957	0.024043
2FOP-B-A	Positive	0.0470887	0.952911
2STB-I-E	Positive	0.0080948	0.991905
2H6H-P-A	Positive	0.190527	0.809473
2FKA-B-A	Negative	0.82289	0.17711
2RUI-B-A	Negative	0.5963	0.4037
2OS6-B-A	Negative	0.787664	0.212336
2YNO-P-A	Positive	0.0425659	0.957434
2MWY-B-A	Negative	0.907472	0.0925276
2KWF-B-A	Negative	0.790888	0.209112
2PRG-C-A	Negative	0.978965	0.0210347
2ZVK-U-A	Negative	0.846495	0.153505
2ZVK-V-B	Negative	0.872047	0.127953
2ZVK-W-C	Negative	0.746682	0.253318
2RFE-F-B	Negative	0.578983	0.421017
2MRK-B-A	Negative	0.542918	0.457082
2WO6-C-B	Negative	0.62793	0.37207
2LGF-B-A	Positive	0.00511816	0.994882
2PXY-P-A	Positive	0.10269	0.89731
2H4J-D-A	Positive	0.00167754	0.998322
2B0S-P-L	Positive	0.00263537	0.997365
2V7Q-J-A	Positive	0.396581	0.603419
2K03-B-A	Negative	0.586039	0.413961
2LGG-B-A	Positive	0.0502536	0.949746
2WWZ-C-A	Positive	0.0389552	0.961045
2N77-B-A	Positive	0.166457	0.833543
2H1C-B-A	Negative	0.73149	0.26851
2D26-B-A	Positive	0.407996	0.592004
2OCV-A-B	Negative	0.501771	0.498229
2J4U-S-Q	Positive	0.000151249	0.999849
2K2R-B-A	Negative	0.906106	0.0938942
2Q0N-B-A	Positive	0.442726	0.557274
2OD8-B-A	Positive	0.117593	0.882407
2BVQ-C-A	Negative	0.779547	0.220453
2L5E-B-A	Positive	2.385e-05	0.999976
2ZU0-D-B	Negative	0.543632	0.456368
2L2I-B-A	Negative	0.898013	0.101987
2ZNL-B-A	Negative	0.786154	0.213846
2GPV-G-A	Positive	0.00696732	0.993033
2CV3-B-A	Negative	0.883872	0.116128
2XAZ-D-A	Negative	0.808142	0.191858
2Z5S-R-N	Positive	0.152061	0.847939
2XC8-C-B	Negative	0.938444	0.0615557
2ROZ-A-B	Negative	0.976848	0.023152
2PQ4-B-A	Positive	0.109356	0.890644
2AIN-B-A	Negative	0.993391	0.00660887
2LI5-B-A	Negative	0.946813	0.0531871
2Y4V-B-A	Positive	0.0528907	0.947109
2O60-B-A	Positive	0.000148561	0.999851
2Z3N-C-A	Positive	0.0340015	0.965998
2LOB-B-A	Negative	0.827757	0.172243
2WHB-E-B	Positive	0.00556689	0.994433
2GHT-C-A	Positive	0.105998	0.894002
2GHT-D-B	Positive	0.224216	0.775784
2X70-C-A	Positive	0.0284529	0.971547
2J6O-C-A	Positive	0.0655962	0.934404
2MFQ-B-A	Positive	0.400836	0.599164
2R28-C-A	Positive	2.30659e-05	0.999977
2R28-D-A	Positive	0.0155277	0.984472
2KBW-B-A	Negative	0.743735	0.256265
2V3S-D-A	Positive	0.0353149	0.964685
2V3S-C-B	Positive	0.0330968	0.966903
2BEV-C-A	Positive	0.0185554	0.981445
2ZGH-B-A	Positive	0.00523854	0.994761
2WOK-B-A	Positive	0.00243086	0.997569
2I6O-B-A	Positive	0.00286863	0.997131
2WWB-C-A	Positive	0.357195	0.642805
2CMY-B-A	Positive	0.396693	0.603307
2ZT9-G-A	Negative	0.658898	0.341102
2ZT9-H-A	Positive	0.069867	0.930133
2ZT9-F-B	Positive	0.0219871	0.978013
2ZT9-E-C	Positive	0.166041	0.833959
2DYM-B-A	Negative	0.98599	0.0140096
2VZI-A-B	Negative	0.983456	0.0165438
2C5I-P-T	Positive	0.250585	0.749415
2ZL4-O-A	Positive	0.0435345	0.956465
2CVY-B-A	Negative	0.704914	0.295086
2GDC-B-A	Positive	0.000263601	0.999736
2Y8S-E-D	Positive	0.0457	0.9543
2P6A-E-B	Positive	0.0458795	0.95412
2OKR-C-A	Positive	0.00390747	0.996093
2MNJ-A-B	Negative	0.940781	0.0592188
2C2L-E-A	Negative	0.556973	0.443027
2GPP-C-A	Positive	0.403398	0.596602
2GPP-D-B	Positive	0.280835	0.719165
2D11-E-A	Negative	0.725559	0.274441
2D11-G-C	Negative	0.543379	0.456621
2FOJ-B-A	Positive	0.00666937	0.993331
2AO6-B-A	Positive	0.00746072	0.992539
2PLD-B-A	Positive	0.135651	0.864349
2H5D-B-A	Negative	0.595461	0.404539
2MAK-B-A	Negative	0.852748	0.147252
2MSR-A-B	Negative	0.939219	0.0607812
2FMH-B-A	Negative	0.836118	0.163882
2ZQP-E-Y	Negative	0.955392	0.0446078
2PW8-L-H	Negative	0.99106	0.00893955
2KQS-B-A	Negative	0.980398	0.0196024
2A41-C-A	Positive	0.339048	0.660952
2D10-E-A	Negative	0.560443	0.439557
2M8S-B-A	Negative	0.814766	0.185234
2W6I-H-G	Negative	0.618997	0.381003
2W6I-I-G	Positive	0.00493839	0.995062
2Z32-B-A	Negative	0.674991	0.325009
2BR8-F-A	Positive	0.00204197	0.997958
2BR8-J-A	Positive	0.00204197	0.997958
2Y1L-H-A	Negative	0.930516	0.0694842
2ESV-P-A	Negative	0.664678	0.335322
2R1R-D-A	Negative	0.944573	0.0554266
2R1R-P-A	Positive	0.49859	0.50141
2LUE-B-A	Positive	0.349612	0.650388
2XJZ-I-A	Negative	0.986287	0.0137125
2XJZ-J-A	Negative	0.988924	0.0110764
2XJZ-K-B	Negative	0.992083	0.00791749
2XJZ-M-E	Negative	0.971222	0.028778
2V8C-C-A	Positive	0.0256788	0.974321
2JMX-B-A	Negative	0.990476	0.00952418
2LSK-B-A	Positive	0.457252	0.542748
2DRM-E-A	Positive	0.0955506	0.904449
2DRM-G-C	Positive	0.0309818	0.969018
2P0W-P-A	Positive	0.00090731	0.999093
2P0W-Q-B	Positive	0.000102942	0.999897
2N9E-A-B	Negative	0.586189	0.413811
2R9B-C-A	Positive	0.175287	0.824713
2KDU-B-A	Positive	0.370048	0.629952
2L4T-B-A	Negative	0.820943	0.179057
2DWX-P-A	Positive	0.121511	0.878489
2DWX-Q-C	Positive	0.080144	0.919856
2RNX-B-A	Positive	0.000210416	0.99979
2EEO-A-B	Positive	0.390981	0.609019
2K9U-B-A	Negative	0.652641	0.347359
2IBF-B-A	Negative	0.796416	0.203584
2IBF-D-A	Positive	0.112252	0.887748
2XB2-G-A	Positive	0.0783075	0.921692
2XB2-F-X	Negative	0.81474	0.18526
2XB2-U-X	Positive	0.0467864	0.953214
2IGF-P-L	Positive	0.0031364	0.996864
2LVM-B-A	Positive	0.0380555	0.961945
2PON-A-B	Negative	0.554179	0.445821
2X4X-B-A	Positive	0.0638766	0.936123
2X4X-D-C	Positive	0.0286212	0.971379
2X4X-F-E	Positive	0.0347578	0.965242
2B0F-B-A	Negative	0.967578	0.0324217
2J9J-C-A	Negative	0.536459	0.463541
2MS4-B-A	Negative	0.82	0.18
2FNS-P-A	Negative	0.564372	0.435628
2H5K-C-A	Positive	0.308878	0.691122
2ROL-B-A	Negative	0.579056	0.420944
2JM6-A-B	Positive	0.16187	0.83813
2I5Y-M-G	Positive	0.00453824	0.995462
2CIA-L-A	Negative	0.910166	0.0898339
2KQF-B-A	Positive	0.359121	0.640879
2AIK-P-X	Positive	0.00333823	0.996662
2P6B-E-A	Positive	0.170877	0.829123
2KXC-B-A	Positive	0.112375	0.887625
2Y0I-S-A	Negative	0.753322	0.246678
2GKW-B-A	Negative	0.980656	0.0193438
2HD4-B-A	Positive	0.0564935	0.943506
2G35-B-A	Positive	0.24844	0.75156
2H4M-C-A	Positive	0.0695622	0.930438
2H4M-D-B	Positive	0.026964	0.973036
2NXM-P-A	Negative	0.903725	0.0962751
2N9P-A-C	Positive	0.287781	0.712219
2QKI-G-A	Positive	0.085505	0.914495
2QKI-H-D	Positive	0.085505	0.914495
2QAS-B-A	Negative	0.809118	0.190882
2ZCK-S-P	Positive	0.1678	0.8322
2RSN-B-A	Positive	0.0114647	0.988535
2VWF-B-A	Positive	0.181168	0.818832
2YDQ-T-A	Positive	0.00375634	0.996244
2JLD-E-A	Positive	0.0233098	0.97669
2HU2-B-A	Positive	0.492317	0.507683
2O5G-B-A	Positive	0.00279308	0.997207
2DEX-A-X	Positive	0.0164707	0.983529
2RPQ-B-A	Negative	0.973899	0.0261008
2HDN-A-B	Positive	0.0427898	0.95721
2HKF-P-L	Negative	0.891117	0.108883
2VWL-L-A	Positive	0.00366384	0.996336
2C74-P-A	Positive	0.093942	0.906058
2L1B-B-A	Positive	0.0929499	0.90705
2KA9-B-A	Positive	0.417037	0.582963
2P8L-C-A	Negative	0.530814	0.469186
2JNW-B-A	Positive	0.404736	0.595264
2X7A-C-D	Negative	0.988718	0.0112825
2X7A-K-I	Negative	0.972925	0.027075
2QXV-B-A	Positive	0.480272	0.519728
2IFR-B-A	Positive	0.000546971	0.999453
2BVO-C-A	Negative	0.819435	0.180565
2XPG-C-A	Negative	0.744004	0.255996
2WB1-Q-A	Negative	0.801687	0.198313
2WB1-J-W	Positive	0.310684	0.689316
2ZPY-B-A	Positive	0.000663132	0.999337
2V2X-C-A	Positive	0.1267	0.8733
2PV1-B-A	Positive	0.459783	0.540217
2M55-B-A	Positive	0.0399956	0.960004
2ZKS-C-A	Positive	0.0169233	0.983077
2VWO-L-A	Positive	0.0154843	0.984516
2G2I-C-A	Negative	0.781023	0.218977
2G2I-D-B	Negative	0.830737	0.169263
2PLX-B-A	Positive	0.158943	0.841057
2K05-B-A	Positive	0.28917	0.71083
2P8P-C-A	Positive	0.134969	0.865031
2KRI-B-A	Positive	0.403473	0.596527
2YLE-B-A	Positive	0.00022153	0.999778
2KHS-B-A	Negative	0.918699	0.0813007
2OQ1-B-A	Negative	0.929923	0.0700769
2YPT-F-A	Positive	0.0330861	0.966914
2YPT-G-B	Positive	0.0337724	0.966228
2YEZ-C-A	Negative	0.540737	0.459263
2BSS-C-A	Positive	0.00923094	0.990769
2LNK-C-A	Negative	0.896145	0.103855
2G56-C-A	Positive	0.356978	0.643022
2G56-D-B	Negative	0.575687	0.424313
2KJ4-B-A	Negative	0.913645	0.0863551
2WUH-B-A	Positive	0.313954	0.686046
2WUH-C-A	Positive	0.313954	0.686046
2WUH-D-A	Positive	0.449386	0.550614
2K42-B-A	Negative	0.779428	0.220572
2WV5-E-A	Positive	0.487725	0.512275
2KSP-B-A	Negative	0.730307	0.269693
2XU7-D-A	Positive	0.0527832	0.947217
2XU7-C-B	Positive	0.00398065	0.996019
2ND0-B-A	Positive	0.117886	0.882114
2BE6-D-A	Positive	0.21154	0.78846
2BE6-F-C	Positive	0.0487969	0.951203
2AZM-C-A	Negative	0.986566	0.0134341
2ZVM-U-A	Negative	0.761793	0.238207
2QIY-C-A	Negative	0.934327	0.065673
2PQ2-B-A	Positive	0.123779	0.876221
2ATP-E-A	Positive	0.0922095	0.90779
2ATP-F-C	Positive	0.080817	0.919183
2H1P-P-L	Positive	0.48336	0.51664
2V5W-I-A	Positive	0.00505946	0.994941
2Q8D-G-B	Positive	0.0572398	0.94276
2CNO-C-A	Negative	0.635851	0.364149
2EIN-L-A	Positive	0.0628464	0.937154
2BYP-F-A	Positive	0.00609658	0.993903
2MHO-B-A	Negative	0.876369	0.123631
2N9X-B-A	Negative	0.974339	0.0256614
2QBW-B-A	Negative	0.879069	0.120931
2HWL-A-B	Negative	0.839473	0.160527
2HWL-C-D	Negative	0.888245	0.111755
2HWL-P-D	Negative	0.948864	0.051136
2GSI-W-A	Positive	0.1184	0.8816
2GSI-X-C	Positive	0.0670466	0.932953
2GSI-Z-G	Positive	0.00108445	0.998916
2GL7-B-A	Negative	0.969134	0.0308658
2GL7-C-A	Negative	0.878195	0.121805
2GL7-E-D	Negative	0.911217	0.0887831
2GL7-F-D	Negative	0.55903	0.44097
2RKY-B-A	Positive	0.289471	0.710529
2RKY-D-A	Negative	0.747528	0.252472
2O98-Q-A	Negative	0.741585	0.258415
2AZE-C-A	Negative	0.841486	0.158514
2KTB-A-B	Positive	0.0194333	0.980567
2VIF-P-A	Negative	0.804756	0.195244
2NS8-H-A	Positive	0.371488	0.628512
2NS8-E-A	Positive	0.127134	0.872866
2NS8-Z-A	Positive	0.082682	0.917318
2RUK-A-B	Negative	0.97165	0.0283498
2AP2-P-A	Negative	0.994721	0.00527937
2AP2-Q-C	Negative	0.977241	0.0227592
2VAY-B-A	Positive	0.117707	0.882293
2OT0-E-A	Negative	0.53766	0.46234
2BGR-Y-A	Negative	0.614114	0.385886
2RFX-C-A	Positive	0.0359372	0.964063
2Y69-Z-N	Positive	0.16405	0.83595
2UWJ-F-E	Positive	0.246631	0.753369
2B3G-B-A	Negative	0.95196	0.0480404
2YY0-A-B	Positive	0.406886	0.593114
2YY0-C-B	Positive	0.313589	0.686411
2FX9-P-L	Positive	0.00965718	0.990343
2VOI-B-A	Negative	0.863923	0.136077
2X7R-A-C	Positive	0.15504	0.84496
2X7R-B-C	Negative	0.974213	0.0257874
2X7R-D-E	Negative	0.90231	0.0976903
2KA6-B-A	Negative	0.976537	0.0234632
2J0S-T-A	Positive	0.242186	0.757814
2CCI-F-A	Positive	0.351871	0.648129
2CCI-I-C	Positive	0.00665844	0.993342
2LLQ-B-A	Negative	0.867665	0.132335
2B9I-C-A	Negative	0.676765	0.323235
2GGV-A-B	Negative	0.771728	0.228272
2HV8-F-A	Negative	0.827734	0.172266
2K2I-B-A	Negative	0.620201	0.379799
2BE1-D-B	Positive	0.0604735	0.939527
2KVM-B-A	Positive	0.053606	0.946394
2VZD-C-A	Negative	0.929426	0.0705741
2VZD-D-B	Negative	0.981996	0.0180038
2ADV-B-A	Positive	0.454142	0.545858
2BB4-P-A	Positive	0.0963384	0.903662
2JQK-B-A	Negative	0.625869	0.374131
2A83-C-A	Positive	0.00242716	0.997573
2LP8-B-A	Positive	0.0275932	0.972407
2FTS-P-A	Negative	0.726093	0.273907
2Q3Y-B-A	Negative	0.91669	0.0833095
2QHR-P-H	Negative	0.976007	0.0239933
2VUS-M-E	Positive	0.00602052	0.993979
2LL6-B-A	Positive	0.00233081	0.997669
2LL7-B-A	Negative	0.525831	0.474169
2AOJ-C-A	Negative	0.549197	0.450803
2WPM-L-S	Positive	0.00893447	0.991066
2Y48-C-A	Positive	0.0104064	0.989594
2QFA-C-A	Negative	0.955073	0.0449274
2L14-B-A	Negative	0.876042	0.123958
2YBF-B-A	Positive	0.139245	0.860755
2MKP-I-C	Positive	0.00673335	0.993267
2OVH-B-A	Positive	0.000317525	0.999682
2XAW-F-C	Negative	0.978843	0.0211566
2YJ1-B-A	Negative	0.535214	0.464786
2YJ1-D-C	Negative	0.535214	0.464786
2V8F-C-A	Positive	0.0294316	0.970568
2L6E-B-A	Positive	0.0306428	0.969357
2AQ9-X-A	Positive	0.0901576	0.909842
2AK4-C-A	Negative	0.874159	0.125841
2MOW-B-A	Negative	0.567909	0.432091
2B1Z-C-A	Positive	0.000894183	0.999106
2KWN-B-A	Positive	0.000104633	0.999895
2H59-D-A	Positive	0.000640376	0.99936
2LR1-B-A	Positive	0.0128944	0.987106
2JKG-P-A	Positive	0.00782197	0.992178
2F91-B-A	Positive	0.000299874	0.9997
2BOK-L-A	Positive	0.0117845	0.988215
2KFG-B-A	Positive	0.490384	0.509616
2ZVV-Y-A	Positive	0.0843264	0.915674
2ZVV-X-A	Negative	0.870366	0.129634
2B26-D-A	Negative	0.888562	0.111438
2RVB-A-B	Negative	0.986151	0.013849
2PHK-B-A	Positive	0.0756827	0.924317
2JAM-D-A	Positive	0.000444663	0.999555
2JAM-E-B	Positive	0.00901149	0.990989
2RKL-D-B	Negative	0.867569	0.132431
2RKL-E-C	Negative	0.683026	0.316974
2LXT-C-A	Negative	0.988018	0.0119824
2JZI-B-A	Positive	0.00212962	0.99787
2JGB-B-A	Positive	0.193881	0.806119
2Y0Q-A-B	Negative	0.683798	0.316202
2Y0Q-C-B	Negative	0.867004	0.132996
2XVC-B-A	Positive	0.00205806	0.997942
2ILM-S-A	Negative	0.989956	0.0100441
2ASU-A-B	Positive	5.9064e-05	0.999941
2QTV-D-A	Positive	0.124785	0.875215
2MPM-B-A	Negative	0.905742	0.0942584
2GS6-B-A	Negative	0.88567	0.11433
2NPH-S-A	Negative	0.93777	0.0622297
2NPH-T-A	Negative	0.648066	0.351934
2V5P-D-A	Positive	0.0673115	0.932688
2MRE-B-A	Positive	0.237647	0.762353
2VSL-B-A	Positive	0.000794003	0.999206
2OBO-D-A	Positive	0.00841442	0.991586
2KNH-B-A	Negative	0.508266	0.491734
2JQI-B-A	Positive	0.455545	0.544455
2AKA-L-A	Positive	0.00214036	0.99786
2XE4-B-A	Positive	0.0101785	0.989821
2LSR-B-A	Positive	0.0299646	0.970035
2RR4-B-A	Positive	0.0828565	0.917144
2Q9I-M-B	Positive	0.00818159	0.991818
2OFQ-B-A	Negative	0.551849	0.448151
2WBY-C-A	Positive	0.2297	0.7703
2WBY-D-A	Positive	0.125046	0.874954
2WBY-F-B	Positive	0.041528	0.958472
2DYH-B-A	Positive	0.313273	0.686727
2BSR-C-A	Negative	0.740897	0.259103
2PQW-B-A	Positive	0.346475	0.653525
2ZLF-B-A	Negative	0.693927	0.306073
2LP0-B-A	Negative	0.837787	0.162213
2Z7X-C-A	Positive	0.000387315	0.999613
2X1N-H-D	Negative	0.738829	0.261171
2KPL-B-A	Positive	0.231944	0.768056
2DSQ-I-B	Positive	0.169673	0.830327
2RJF-B-A	Positive	0.0693929	0.930607
2CI9-L-A	Negative	0.910166	0.0898339
2CI9-M-B	Negative	0.739967	0.260033
2FHO-A-B	Negative	0.831575	0.168425
2PUQ-I-H	Negative	0.698579	0.301421
2BVR-I-H	Negative	0.682042	0.317958
2HPC-M-B	Positive	0.00802596	0.991974
2LSV-B-A	Negative	0.938759	0.061241
2F49-C-A	Negative	0.620084	0.379916
2CK0-P-L	Positive	0.00670909	0.993291
2Z3F-I-A	Positive	0.30971	0.69029
2Z3F-Q-A	Positive	0.118035	0.881965
2Z3F-K-C	Positive	0.477442	0.522558
2Z3F-L-D	Positive	0.487755	0.512245
2NL9-B-A	Negative	0.886982	0.113018
2XYI-B-A	Positive	0.00177519	0.998225
2L7L-B-A	Positive	0.0542369	0.945763
2JD5-C-A	Positive	0.0271641	0.972836
2FX7-P-L	Positive	0.00112728	0.998873
2D5W-C-A	Positive	0.00431868	0.995681
2D5W-D-B	Positive	0.0178694	0.982131
2VCP-D-A	Negative	0.646864	0.353136
2JDL-C-A	Positive	0.464434	0.535566
2JDL-D-B	Positive	0.482375	0.517625
2K20-B-A	Positive	0.0637734	0.936227
2MZP-I-C	Positive	0.494431	0.505569
2GS0-B-A	Negative	0.92445	0.0755496
2Z5N-B-A	Positive	0.0360027	0.963997
2HAL-I-A	Negative	0.943397	0.0566025
2HUG-B-A	Positive	0.152735	0.847265
2R05-B-A	Positive	0.299327	0.700673
2BCX-B-A	Positive	0.00422359	0.995776
2LEH-B-A	Positive	0.0052369	0.994763
2MZD-B-A	Negative	0.963576	0.0364242
2NM1-B-A	Positive	0.0388997	0.9611
2XPN-B-A	Negative	0.978517	0.0214826
2I3H-C-A	Negative	0.567808	0.432192
2DOI-C-X	Negative	0.959284	0.0407158
2DOI-B-A	Negative	0.710094	0.289906
2P2T-C-A	Negative	0.729783	0.270217
2VDN-C-A	Positive	0.0793839	0.920616
2PQN-B-A	Negative	0.917569	0.0824306
2D1K-C-A	Positive	0.168562	0.831438
2ZL9-C-A	Positive	0.0138367	0.986163
2H6M-I-A	Positive	0.0836926	0.916307
2C63-P-A	Negative	0.648538	0.351462
2Q6G-C-A	Positive	0.0971918	0.902808
2Q6G-D-A	Positive	0.136309	0.863691
2L6Y-A-B	Positive	0.0145946	0.985405
2P5B-I-A	Positive	0.0122477	0.987752
2P5B-J-B	Positive	0.00655226	0.993448
2O02-P-A	Negative	0.669559	0.330441
2O02-Q-B	Positive	0.315849	0.684151
2P54-B-A	Positive	0.101556	0.898444
2Y6S-P-C	Positive	0.0371231	0.962877
2LXP-B-A	Positive	0.0461323	0.953868
2VOG-B-A	Negative	0.558568	0.441432
2XHS-B-A	Positive	0.28879	0.71121
2K6Q-B-A	Negative	0.982946	0.0170535
2WP2-P-A	Positive	0.00156899	0.998431
2WP2-Q-B	Positive	0.0316881	0.968312
2PBD-V-A	Positive	0.106448	0.893552
2ZNE-C-A	Positive	0.273521	0.726479
2ZNE-D-B	Positive	0.0742442	0.925756
2GT9-C-A	Positive	0.301415	0.698585
2DVQ-P-A	Positive	0.016158	0.983842
2DVQ-Q-A	Positive	0.000789388	0.999211
2Q8C-F-A	Positive	0.142613	0.857387
2Q8C-G-B	Positive	0.221852	0.778148
2SEB-E-A	Positive	0.208346	0.791654
2XZE-Q-A	Negative	0.914484	0.0855165
2XZE-R-A	Negative	0.864384	0.135616
2DVR-Q-A	Positive	0.000652899	0.999347
2KBS-B-A	Negative	0.978638	0.0213623
2Y07-P-H	Positive	0.0405761	0.959424
2B1J-C-A	Positive	0.486465	0.513535
2CCH-E-B	Positive	0.451153	0.548847
2RQG-A-B	Positive	0.0725862	0.927414
2VPD-B-A	Negative	0.915538	0.0844617
2WHY-B-A	Positive	0.0966242	0.903376
2C1T-C-A	Positive	0.188478	0.811522
2C1T-D-A	Positive	0.0933448	0.906655
2PKU-B-A	Positive	0.00794679	0.992053
2IY3-C-A	Positive	0.348515	0.651485
2ACM-B-A	Negative	0.980425	0.0195753
2OBQ-B-A	Positive	0.0358482	0.964152
2OBQ-D-A	Positive	0.0680783	0.931922
2XPX-B-A	Positive	0.207485	0.792515
2LOZ-B-A	Positive	0.0204339	0.979566
2L6Z-B-C	Positive	0.0321489	0.967851
2X4N-C-A	Positive	0.00296371	0.997036
2LNH-C-A	Negative	0.923551	0.0764494
2Y65-Y-A	Positive	0.0254402	0.97456
2Y65-W-B	Positive	0.0216679	0.978332
2HSQ-B-A	Positive	0.460027	0.539973
2EQ7-C-A	Positive	0.287346	0.712654
2G2F-C-A	Negative	0.871112	0.128888
2P5E-C-A	Positive	0.49313	0.50687
2L27-B-A	Negative	0.80608	0.19392
2KWV-A-B	Negative	0.963168	0.0368316
2GV2-B-A	Negative	0.884447	0.115553
2EH8-P-L	Negative	0.879357	0.120643
2W9R-B-A	Positive	0.203942	0.796058
2G5B-I-A	Negative	0.566088	0.433912
2FNT-P-A	Positive	0.149193	0.850807
2M32-B-A	Negative	0.703024	0.296976
2MJV-A-B	Positive	0.018648	0.981352
2VUM-M-A	Positive	0.0454332	0.954567
2ZOL-E-A	Positive	0.271053	0.728947
2ZOL-F-C	Positive	0.271053	0.728947
2NNA-C-A	Negative	0.818801	0.181199
2OQJ-C-A	Positive	0.0635588	0.936441
2OQJ-F-D	Negative	0.51379	0.48621
2OQJ-I-G	Positive	0.0256195	0.974381
2OQJ-L-J	Negative	0.798548	0.201452
2H2H-B-A	Positive	0.275288	0.724712
2BBV-D-A	Positive	0.119802	0.880198
2AX3-B-A	Positive	0.036734	0.963266
2L53-B-A	Negative	0.653811	0.346189
2FF3-C-A	Negative	0.67589	0.32411
2I32-E-A	Positive	0.279355	0.720645
2I32-F-A	Negative	0.864304	0.135696
2K17-P-A	Positive	0.113068	0.886932
2J4W-D-H	Positive	0.0643755	0.935625
2BP3-T-A	Negative	0.543299	0.456701
2BP3-S-B	Positive	0.118153	0.881847
2UUE-E-B	Positive	0.0111343	0.988866
2V86-E-A	Negative	0.724744	0.275256
2EQ9-C-A	Negative	0.983204	0.0167956
2B6N-B-A	Positive	0.448447	0.551553
2KWO-B-A	Positive	6.45491e-05	0.999935
2PR9-P-A	Positive	0.333527	0.666473
2XS8-B-A	Negative	0.594612	0.405388
2NWN-B-A	Positive	0.00906335	0.990937
2ZTT-B-A	Positive	0.0647892	0.935211
2I94-B-A	Negative	0.793412	0.206588
2MC6-B-A	Positive	0.222265	0.777735
2MPS-B-A	Negative	0.866169	0.133831
2PGB-A-B	Negative	0.754962	0.245038
2K2F-C-A	Positive	0.00325469	0.996745
2BD3-P-A	Positive	0.243345	0.756655
2N01-A-B	Negative	0.81292	0.18708
2FYZ-B-A	Positive	0.388504	0.611496
2FYZ-D-A	Positive	0.276666	0.723334
2FYZ-F-C	Negative	0.749548	0.250452
2C9T-K-A	Positive	0.0241188	0.975881
2B1H-P-L	Positive	0.00092919	0.999071
2DEN-A-B	Positive	0.30055	0.69945
2VWN-L-A	Positive	0.0342139	0.965786
2OBH-C-A	Positive	0.0045176	0.995482
2OBH-D-A	Positive	0.0015885	0.998412
2VPE-B-A	Negative	0.928923	0.0710773
2Y7L-B-A	Positive	0.435629	0.564371
2CO4-B-A	Negative	0.756751	0.243249
2WJG-C-A	Positive	0.0823896	0.91761
2ZVL-U-A	Positive	0.0573284	0.942672
2ZVL-V-B	Positive	0.282825	0.717175
2ZVL-W-C	Positive	0.0265975	0.973402
2ZVL-X-D	Positive	0.140926	0.859074
2ZVL-Z-F	Positive	0.0573284	0.942672
2NPA-B-A	Positive	0.0231036	0.976896
2NPA-D-C	Positive	0.0067272	0.993273
2JXC-B-A	Negative	0.964086	0.0359136
2JFA-P-A	Negative	0.732395	0.267605
2XPP-B-A	Positive	0.314349	0.685651
2MWP-B-A	Positive	0.0011656	0.998834
2Y6I-B-A	Positive	0.149994	0.850006
2Z5K-B-A	Positive	0.0644122	0.935588
2N0Y-B-A	Negative	0.821	0.179
2BZ8-C-A	Positive	0.00239792	0.997602
2JOG-B-A	Positive	0.381418	0.618582
2BEC-B-A	Negative	0.967369	0.0326309
2Z8C-B-A	Positive	0.29236	0.70764
2LYD-B-A	Negative	0.698423	0.301577
2MGU-M-A	Positive	0.00647159	0.993528
2W77-C-B	Positive	0.0113489	0.988651
2YBA-D-A	Positive	0.00362735	0.996373
2YBA-C-B	Positive	0.0604972	0.939503
2XPI-B-A	Negative	0.958722	0.0412783
2N4Q-A-B	Positive	0.32525	0.67475
2MW2-B-A	Negative	0.977778	0.0222217
2G48-C-A	Negative	0.521318	0.478682
2G48-D-B	Positive	0.226625	0.773375
2F3Y-B-A	Positive	0.0244345	0.975565
2Z5M-B-A	Positive	0.192434	0.807566
2VPG-P-A	Negative	0.772018	0.227982
2QQD-A-B	Positive	0.161813	0.838187
2YDS-T-A	Negative	0.595504	0.404496
2BZW-B-A	Negative	0.837442	0.162558
2VT1-A-B	Negative	0.531047	0.468953
2LPB-B-A	Negative	0.836428	0.163572
2RQH-A-B	Positive	0.163818	0.836182
2QA9-I-E	Negative	0.619455	0.380545
2VDO-C-A	Negative	0.940275	0.0597248
2J7Y-B-A	Positive	0.288355	0.711645
2NXD-P-A	Negative	0.891007	0.108993
2UZ6-K-A	Positive	0.0153185	0.984682
2F69-B-A	Positive	0.00133937	0.998661
2ZPN-E-A	Negative	0.981571	0.0184293
2O8M-C-A	Positive	0.0194868	0.980513
2O8M-D-A	Positive	0.124359	0.875641
2RD4-C-A	Positive	0.0952445	0.904755
2Y0M-B-A	Positive	0.0162651	0.983735
2ASQ-B-A	Negative	0.994605	0.0053952
2MKR-B-A	Negative	0.98481	0.0151901
2ZFX-C-A	Positive	0.0707823	0.929218
2XS3-C-A	Negative	0.821359	0.178641
2LKM-A-B	Negative	0.872818	0.127182
2H2G-B-A	Positive	0.0416597	0.95834
2O4J-C-A	Positive	0.304937	0.695063
2E4H-B-A	Negative	0.856981	0.143019
2W5Z-C-A	Positive	0.134339	0.865661
2V51-F-B	Positive	0.0958303	0.90417
2VZG-A-B	Negative	0.890958	0.109042
2ZXE-G-A	Positive	0.23548	0.76452
2WSS-U-C	Negative	0.597874	0.402126
2WSS-Z-O	Positive	0.0634197	0.93658
2WSS-X-W	Positive	0.0212377	0.978762
2W10-D-A	Positive	0.38222	0.61778
2W10-C-B	Positive	0.0757585	0.924242
2PB8-P-A	Negative	0.923165	0.0768348
2VBC-B-A	Negative	0.985361	0.0146387
2YMT-B-A	Positive	0.238225	0.761775
2VOY-B-A	Negative	0.983083	0.0169171
2VOY-E-F	Negative	0.964393	0.0356066
2VOY-G-F	Positive	0.0589494	0.941051
2VOY-H-I	Positive	0.111539	0.888461
2VOY-K-I	Positive	0.391905	0.608095
2ODG-C-A	Negative	0.817512	0.182488
2KRB-B-A	Negative	0.618112	0.381888
2Y0S-Q-A	Positive	0.11419	0.88581
2Y0S-P-B	Positive	0.000505812	0.999494
2P1L-B-A	Negative	0.514238	0.485762
2LSJ-B-A	Negative	0.632018	0.367982
2C1J-C-A	Positive	0.00376863	0.996231
2PDZ-B-A	Positive	0.425621	0.574379
2YVC-D-A	Negative	0.869592	0.130408
2YVC-F-A	Positive	0.176877	0.823123
2YVC-E-B	Negative	0.833795	0.166205
2KTF-B-A	Negative	0.990821	0.00917947
2E3K-R-D	Positive	0.0117243	0.988276
2BFY-D-A	Negative	0.547158	0.452842
2BFY-C-B	Negative	0.951425	0.048575
2QSC-P-L	Positive	0.0139512	0.986049
2KHW-A-B	Negative	0.968177	0.0318229
2ZJP-4-E	Positive	0.000888174	0.999112
2DUJ-P-A	Negative	0.990185	0.00981462
2CWG-D-A	Negative	0.508978	0.491022
2CWG-E-A	Positive	0.341821	0.658179
2BPA-3-1	Positive	0.00209526	0.997905
2QOS-A-C	Negative	0.950033	0.0499668
2BRR-P-H	Positive	0.0461075	0.953892
2Y21-H-C	Negative	0.764107	0.235893
2Y21-K-I	Negative	0.770116	0.229884
2LAS-B-A	Positive	0.110637	0.889363
2X4Y-B-A	Positive	0.00169334	0.998307
2X4Y-P-A	Positive	0.057229	0.942771
2X4Y-D-C	Positive	0.00655226	0.993448
2X4Y-F-E	Positive	0.0366386	0.963361
2X4Y-L-K	Positive	0.0865437	0.913456
2F5Z-K-A	Positive	0.291754	0.708246
2J7I-C-A	Positive	0.185055	0.814945
2J7I-D-B	Positive	0.115234	0.884766
2XS4-B-A	Negative	0.807596	0.192404
2BJ4-C-A	Positive	0.0316442	0.968356
2VJ0-Q-A	Positive	0.169248	0.830752
2OVR-C-B	Positive	0.170396	0.829604
2J9U-B-A	Positive	0.0930838	0.906916
2C1M-B-A	Positive	0.400799	0.599201
2ZL2-O-A	Positive	0.0564194	0.943581
2ZL2-P-B	Positive	0.115976	0.884024
2ZL2-U-H	Positive	0.465721	0.534279
2XXM-T-A	Negative	0.876826	0.123174
2MTP-B-A	Positive	0.409787	0.590213
2MTP-C-A	Positive	0.0745196	0.92548
2L00-A-B	Positive	0.0173728	0.982627
2RS9-A-B	Positive	0.0108893	0.989111
2LTO-B-A	Positive	0.194887	0.805113
2P58-B-A	Positive	0.0671994	0.932801
2VUT-M-E	Positive	0.00378868	0.996211
2WEV-E-B	Positive	0.00556689	0.994433
2K7L-B-A	Positive	0.356367	0.643633
2AXI-B-A	Negative	0.921209	0.0787908
2R03-B-A	Negative	0.989163	0.0108366
2JW1-B-A	Negative	0.952968	0.0470323
2XA0-C-A	Negative	0.986733	0.0132667
2L0F-B-A	Negative	0.93601	0.0639904
2ZSW-M-A	Positive	0.347853	0.652147
2NP0-B-A	Negative	0.671069	0.328931
2W3O-C-A	Negative	0.991242	0.00875769
2F9D-P-A	Negative	0.959056	0.040944
2JGC-B-A	Positive	0.341795	0.658205
2PIE-F-A	Positive	0.0027426	0.997257
2HZS-I-B	Positive	0.0831083	0.916892
2HZS-J-D	Negative	0.715686	0.284314
2HZS-K-F	Positive	0.132059	0.867941
2HZS-L-H	Positive	0.0988389	0.901161
2L9S-A-B	Negative	0.804952	0.195048
2JOD-B-A	Positive	0.0140905	0.98591
2QAC-T-A	Positive	0.0193131	0.980687
2N3A-A-B	Negative	0.862719	0.137281
2V89-E-A	Positive	0.255874	0.744126
2IIJ-B-A	Positive	0.070677	0.929323
2P4R-T-A	Positive	0.0164717	0.983528
2ZJD-B-A	Negative	0.509133	0.490867
2ZJD-D-C	Positive	0.327697	0.672303
2QBX-P-A	Positive	0.167619	0.832381
2QBX-D-B	Positive	0.131808	0.868192
2HPZ-B-A	Positive	0.0189105	0.98109
2A6D-P-A	Negative	0.987949	0.0120509
2WC0-C-A	Positive	0.113387	0.886613
2WC0-D-A	Positive	0.0127577	0.987242
2L7U-B-A	Positive	0.384244	0.615756
2F6A-E-A	Positive	0.068965	0.931035
2F6A-J-B	Positive	0.0686728	0.931327
2DZE-X-A	Positive	0.0896818	0.910318
2BCK-C-A	Positive	0.021525	0.978475
2LO6-B-A	Positive	0.0930916	0.906908
2RJE-P-A	Positive	0.0280282	0.971972
2RJE-Q-A	Negative	0.598658	0.401342
2B1A-P-L	Positive	0.0239005	0.976099
2Z9I-D-A	Negative	0.951378	0.0486215
2Z9I-F-A	Negative	0.967035	0.0329655
2Z9I-G-A	Positive	0.0291954	0.970805
2Z9I-H-B	Positive	0.230451	0.769549
2Z9I-I-C	Positive	0.488334	0.511666
2ZGJ-B-A	Positive	0.0413288	0.958671
2BAP-D-B	Negative	0.683464	0.316536
2IWB-B-A	Positive	0.0243789	0.975621
3VB4-E-A	Positive	0.295457	0.704543
3WG5-C-A	Positive	0.0136045	0.986395
3HOW-L-B	Positive	0.000717083	0.999283
3AP1-S-A	Negative	0.638336	0.361664
3UI2-B-A	Positive	0.0126946	0.987305
3UTM-C-A	Negative	0.858474	0.141526
3TL0-B-A	Positive	0.12041	0.87959
3WS3-E-A	Positive	0.148241	0.851759
3V9V-C-A	Positive	0.00313361	0.996866
3OGM-Q-B	Positive	0.0643172	0.935683
3QF9-B-A	Positive	0.0226317	0.977368
3QGN-A-B	Negative	0.979398	0.0206017
3I7H-B-A	Positive	0.000400751	0.999599
3W1B-B-A	Positive	0.189376	0.810624
3V2X-B-A	Positive	0.134221	0.865779
3TDI-C-B	Positive	0.0251272	0.974873
3QT1-I-A	Positive	0.140556	0.859444
3D9O-Z-B	Positive	0.328031	0.671969
3NIM-X-A	Positive	0.00701235	0.992988
3D9T-C-A	Positive	0.441224	0.558776
3D9T-D-A	Negative	0.951229	0.0487708
3HPW-C-A	Negative	0.878105	0.121895
3D44-B-A	Positive	0.349637	0.650363
3CDW-H-A	Positive	0.00880501	0.991195
3IYB-2-3	Negative	0.583164	0.416836
3OUW-B-A	Negative	0.7647	0.2353
3U3W-P-A	Negative	0.69328	0.30672
3RVF-B-A	Positive	0.153708	0.846292
3MQS-D-C	Positive	0.48199	0.51801
3MN7-S-A	Positive	0.203149	0.796851
3C3R-B-A	Positive	0.0940428	0.905957
3BEF-A-B	Negative	0.816754	0.183246
3BEF-C-B	Positive	0.123278	0.876722
3BEF-D-E	Negative	0.784087	0.215913
3BEF-F-E	Positive	0.0653426	0.934657
3UVX-B-A	Positive	0.00980297	0.990197
3GW1-C-A	Positive	0.107783	0.892217
3U3Z-B-A	Negative	0.653633	0.346367
3EBB-E-A	Positive	0.290213	0.709787
3EBB-H-A	Negative	0.71508	0.28492
3EBB-G-C	Positive	0.31363	0.68637
3FP7-I-E	Positive	0.0455203	0.95448
3FP7-J-E	Positive	0.00123876	0.998761
3EMW-B-A	Positive	0.155325	0.844675
3RM1-B-A	Positive	0.00124076	0.998759
3AG2-K-A	Positive	0.160275	0.839725
3AG2-L-A	Positive	0.0628464	0.937154
3AG2-Z-N	Positive	0.217177	0.782823
3G7Z-C-A	Negative	0.842575	0.157425
3L73-I-A	Positive	0.269179	0.730821
3L73-V-B	Positive	0.269179	0.730821
3DOX-P-A	Negative	0.778642	0.221358
3DOX-Q-A	Positive	0.100482	0.899518
3DX6-C-A	Negative	0.596855	0.403145
3GYT-B-A	Negative	0.941413	0.0585868
3OJ3-I-A	Positive	0.00252252	0.997477
3OJ3-N-A	Positive	0.013733	0.986267
3OJ3-K-B	Positive	0.00991576	0.990084
3OJ3-O-F	Positive	0.00755335	0.992447
3MLR-P-L	Positive	0.0242378	0.975762
3LLZ-B-A	Positive	0.217652	0.782348
3CJI-D-A	Positive	0.177388	0.822612
3W1S-B-A	Negative	0.969579	0.0304209
3WUU-B-A	Positive	0.10623	0.89377
3WUU-C-A	Negative	0.726493	0.273507
3WUU-D-A	Negative	0.660831	0.339169
3WUU-F-A	Negative	0.841995	0.158005
3WUU-G-A	Positive	0.118466	0.881534
3WUU-H-A	Positive	0.0537725	0.946228
3V62-C-A	Negative	0.806217	0.193783
3BKY-P-H	Positive	0.120066	0.879934
3OOF-B-A	Negative	0.69963	0.30037
3OOF-D-C	Negative	0.596154	0.403846
3C01-A-E	Negative	0.668033	0.331967
3C01-C-G	Negative	0.610711	0.389289
3CCH-C-A	Negative	0.702703	0.297297
3R7G-B-A	Positive	0.000260132	0.99974
3BIM-I-A	Positive	0.318607	0.681393
3BIM-N-A	Positive	0.259503	0.740497
3ML4-E-A	Positive	0.0993506	0.900649
3Q33-D-A	Positive	0.000312172	0.999688
3Q75-G-A	Positive	0.00560918	0.994391
3PQZ-L-A	Negative	0.951933	0.0480669
3SZS-A-E	Positive	0.00322878	0.996771
3SZS-B-E	Positive	0.00085379	0.999146
3D2U-C-A	Positive	0.0866863	0.913314
3H5R-E-A	Positive	0.10801	0.89199
3GLT-B-A	Positive	0.0405858	0.959414
3L3H-C-A	Negative	0.894967	0.105033
3H1K-V-N	Positive	0.269179	0.730821
3NA1-C-A	Positive	0.437818	0.562182
3NA1-D-B	Negative	0.628195	0.371805
3BL2-C-A	Negative	0.940339	0.0596608
3IDM-C-A	Negative	0.825207	0.174793
3UAL-P-A	Negative	0.551358	0.448642
3I7P-B-A	Positive	0.097684	0.902316
3UBW-P-A	Positive	0.304077	0.695923
3BH8-C-A	Negative	0.921486	0.078514
3EAR-B-A	Negative	0.720757	0.279243
3F9Y-E-A	Positive	0.0018831	0.998117
3F9Y-F-A	Positive	0.00526084	0.994739
3LUO-B-A	Negative	0.783322	0.216678
3WOO-C-A	Positive	0.433845	0.566155
3M1B-I-A	Positive	0.00620349	0.993797
3M1B-J-C	Positive	0.00256082	0.997439
3I7N-B-A	Positive	0.0134245	0.986575
3U8X-B-A	Positive	0.491888	0.508112
3H6Z-L-A	Positive	0.00213237	0.997868
3C00-A-B	Positive	0.00485998	0.99514
3MHP-C-A	Negative	0.74886	0.25114
3MRO-P-A	Positive	0.394252	0.605748
3GSQ-P-A	Positive	0.152462	0.847538
3ER5-I-E	Positive	0.010454	0.989546
3HBU-Z-P	Positive	0.00709596	0.992904
3FXX-B-A	Negative	0.948659	0.0513414
3FIE-C-A	Negative	0.939049	0.060951
3ZIL-B-A	Positive	0.263519	0.736481
3QW5-B-A	Positive	0.00547617	0.994524
3EQS-B-A	Negative	0.588076	0.411924
3U3F-E-A	Negative	0.976946	0.0230536
3U3F-G-A	Negative	0.975797	0.0242033
3U3F-I-A	Negative	0.620914	0.379086
3U3F-H-B	Negative	0.971547	0.0284534
3E2B-C-A	Negative	0.708061	0.291939
3UO8-L-B	Positive	0.00245892	0.997541
3S9C-B-A	Positive	0.0974624	0.902538
3M17-I-A	Positive	0.0138269	0.986173
3BZX-A-B	Positive	0.0022024	0.997798
3GCI-P-A	Positive	0.0314539	0.968546
3UAT-B-A	Negative	0.671675	0.328325
3OY5-P-U	Positive	0.00250125	0.997499
3GDV-D-A	Positive	0.141461	0.858539
3WWQ-C-A	Negative	0.902955	0.0970447
3WWQ-F-D	Negative	0.980332	0.0196676
3WWQ-L-E	Negative	0.828223	0.171777
3CWB-V-I	Positive	0.269179	0.730821
3O45-P-L	Positive	0.0117489	0.988251
3O45-C-A	Positive	0.0157348	0.984265
3OWT-C-A	Positive	0.498009	0.501991
3VXF-L-H	Negative	0.989838	0.0101617
3VXF-J-H	Negative	0.840086	0.159914
3VXF-I-H	Positive	0.00213906	0.997861
3O6Q-B-A	Positive	0.171984	0.828016
3O6Q-D-A	Positive	0.115805	0.884195
3QZV-C-A	Positive	0.00154519	0.998455
3OUA-P-A	Positive	0.0117282	0.988272
3PSL-C-A	Positive	0.00643509	0.993565
3Q6S-E-A	Positive	0.0737054	0.926295
3Q6S-F-A	Positive	0.323409	0.676591
3VFR-C-A	Negative	0.864205	0.135795
3K24-D-A	Positive	0.126596	0.873404
3D3V-C-A	Positive	0.270025	0.729975
3QF7-C-A	Positive	0.32472	0.67528
3NDF-B-A	Positive	0.0086111	0.991389
3FSH-C-A	Positive	0.0125797	0.98742
3B3I-C-A	Positive	0.00120071	0.998799
3L3I-C-A	Positive	0.0671778	0.932822
3V49-B-A	Positive	0.162865	0.837135
3N56-C-A	Positive	0.193946	0.806054
3O42-B-A	Positive	0.309564	0.690436
3H9Q-E-A	Positive	0.158501	0.841499
3H9Q-G-B	Positive	0.41637	0.58363
3SOU-D-A	Positive	0.0322799	0.96772
3UEC-B-A	Positive	0.00603562	0.993964
3BPS-E-A	Positive	0.072483	0.927517
3JCO-Y-R	Negative	0.618365	0.381635
3IDG-C-A	Negative	0.862529	0.137471
3BRD-D-A	Positive	0.441138	0.558862
3PUK-C-A	Positive	0.281279	0.718721
3PUK-D-B	Negative	0.591896	0.408104
3W11-B-E	Positive	0.300682	0.699318
3W11-F-E	Positive	0.238163	0.761837
3ULY-B-A	Negative	0.612749	0.387251
3O4L-C-A	Positive	0.0678854	0.932115
3T0Y-B-A	Negative	0.796093	0.203907
3T0Y-D-A	Negative	0.797617	0.202383
3EG6-C-A	Positive	0.458197	0.541803
3JQ5-B-A	Negative	0.585472	0.414528
3U5O-I-A	Positive	0.422178	0.577822
3NTH-C-A	Positive	0.000575012	0.999425
3QE0-F-A	Negative	0.8847	0.1153
3QE0-G-B	Negative	0.918099	0.0819007
3CD3-B-A	Negative	0.966942	0.0330577
3GO1-P-L	Positive	0.00457114	0.995429
3G2T-C-A	Positive	0.165585	0.834415
3BU8-C-A	Positive	0.323798	0.676202
3BU8-D-B	Positive	0.0568298	0.94317
3AGY-C-A	Negative	0.704584	0.295416
3AGY-F-B	Negative	0.846352	0.153648
3MJH-B-A	Positive	0.367316	0.632684
3MJH-D-C	Positive	0.438753	0.561247
3H8K-B-A	Positive	0.0173423	0.982658
3JCU-F-A	Positive	0.264427	0.735573
3JCU-I-A	Negative	0.826781	0.173219
3JCU-J-A	Positive	0.0142731	0.985727
3JCU-L-A	Negative	0.711146	0.288854
3JCU-T-A	Negative	0.917188	0.0828122
3JCU-M-B	Negative	0.562667	0.437333
3JCU-U-B	Positive	0.00382095	0.996179
3JCU-X-D	Positive	0.103213	0.896787
3VUY-D-A	Positive	0.0112092	0.988791
3VUY-E-A	Positive	0.00264457	0.997355
3VUY-F-C	Positive	0.00473417	0.995266
3C57-B-A	Negative	0.830986	0.169014
3O8I-B-A	Negative	0.802675	0.197325
3GJO-E-A	Positive	0.00576115	0.994239
3GJO-F-A	Positive	0.0466853	0.953315
3GJO-H-B	Positive	0.00215987	0.99784
3GJO-G-C	Positive	0.00388033	0.99612
3SEM-C-A	Positive	0.056919	0.943081
3SEM-D-B	Positive	0.0386815	0.961319
3FUG-B-A	Positive	0.0149636	0.985036
3WSY-C-A	Positive	0.0335738	0.966426
3OUX-B-A	Negative	0.796184	0.203816
3N3X-B-A	Positive	0.0486597	0.95134
3GOF-C-A	Positive	0.0813301	0.91867
3AYU-B-A	Negative	0.551275	0.448725
3UJI-P-L	Positive	0.00218781	0.997812
3U8Q-B-A	Negative	0.570871	0.429129
3AU4-B-A	Negative	0.975302	0.0246979
3PTL-B-A	Negative	0.874588	0.125412
3RZ9-B-A	Positive	0.111648	0.888352
3UL0-C-B	Negative	0.629449	0.370551
3D0V-C-A	Negative	0.631667	0.368333
3JQL-B-A	Positive	0.00695556	0.993044
3P36-B-A	Positive	0.0826432	0.917357
3QJN-I-A	Negative	0.888131	0.111869
3KV4-B-A	Positive	0.049152	0.950848
3P4O-F-A	Positive	0.00728745	0.992713
3O35-E-A	Positive	0.0774406	0.922559
3Q78-D-A	Positive	0.0544393	0.945561
3KTK-O-A	Positive	0.198123	0.801877
3RRJ-B-A	Negative	0.991083	0.00891737
3CPL-E-A	Negative	0.979534	0.0204664
3PWV-C-A	Positive	0.2916	0.7084
3ZDL-B-A	Negative	0.565377	0.434623
3IQH-P-X	Negative	0.838746	0.161254
3BP7-C-A	Positive	0.193845	0.806155
3UU7-F-A	Positive	0.0603231	0.939677
3U1J-A-B	Negative	0.980629	0.0193715
3FXD-A-B	Positive	0.0600803	0.93992
3VFS-C-A	Negative	0.878427	0.121573
3LWW-D-C	Positive	0.115454	0.884546
3Q5U-B-A	Positive	0.000170049	0.99983
3MLX-P-L	Positive	0.0127741	0.987226
3R2A-F-A	Negative	0.808068	0.191932
3R2A-E-B	Positive	0.25124	0.74876
3V2O-B-A	Positive	0.13715	0.86285
3ZKF-B-A	Positive	0.248494	0.751506
3F2K-C-A	Positive	0.285321	0.714679
3DPC-C-B	Negative	0.948051	0.0519487
3P1N-P-A	Positive	0.00154803	0.998452
3OFI-C-A	Positive	0.0568778	0.943122
3KPM-C-A	Positive	0.413194	0.586806
3M56-B-A	Positive	0.00838096	0.991619
3H0T-C-A	Positive	3.52634e-05	0.999965
3V5H-C-A	Positive	0.281323	0.718677
3RTA-B-A	Negative	0.995455	0.0045452
3U9Q-B-A	Positive	0.00340997	0.99659
3PXE-E-A	Positive	0.14174	0.85826
3PXE-F-B	Positive	0.00991835	0.990082
3MLS-P-L	Positive	0.0595862	0.940414
3GJ9-C-A	Negative	0.503619	0.496381
3KPP-C-A	Negative	0.939203	0.0607965
3OE7-R-P	Negative	0.941769	0.0582306
3OE7-1-Y	Negative	0.966517	0.0334828
3QO2-Q-B	Positive	0.00470826	0.995292
3QO2-R-B	Positive	0.0016234	0.998377
3IVV-D-A	Negative	0.755335	0.244665
3MOA-P-L	Positive	0.427054	0.572946
3LQV-P-A	Negative	0.972918	0.0270825
3LQV-Q-B	Negative	0.923594	0.0764062
3UPR-P-A	Negative	0.798022	0.201978
3O0E-L-A	Positive	0.129019	0.870981
3O0E-Q-B	Positive	0.305379	0.694621
3O0E-N-C	Positive	0.0428219	0.957178
3Q1I-E-A	Positive	0.0509547	0.949045
3IVQ-C-A	Negative	0.518825	0.481175
3IVQ-D-B	Negative	0.542062	0.457938
3GJT-E-A	Positive	0.466595	0.533405
3BTR-B-C	Positive	0.0201131	0.979887
3HXG-C-A	Positive	0.0246821	0.975318
3UVW-B-A	Positive	0.103954	0.896046
3IBC-E-A	Negative	0.982526	0.0174745
3NII-B-A	Positive	0.000143634	0.999856
3DNO-A-B	Positive	0.407151	0.592849
3JAU-A-H	Negative	0.630286	0.369714
3VA4-C-B	Negative	0.987989	0.0120111
3C9C-B-A	Positive	0.0218565	0.978144
3IOL-B-A	Positive	0.100379	0.899621
3D32-C-A	Negative	0.789325	0.210675
3DVM-B-A	Positive	0.153987	0.846013
3BUM-A-B	Negative	0.843384	0.156616
3VXE-J-H	Negative	0.840086	0.159914
3V30-B-A	Negative	0.670755	0.329245
3RTC-B-A	Negative	0.866645	0.133355
3INS-A-B	Positive	0.113387	0.886613
3IQU-P-A	Positive	0.161272	0.838728
3PGD-C-A	Positive	0.172556	0.827444
3G7L-P-A	Positive	0.0581254	0.941875
3V3V-B-A	Positive	0.100548	0.899452
3UW9-E-A	Positive	0.289173	0.710827
3UW9-F-B	Positive	0.144681	0.855319
3N93-C-B	Positive	0.0182947	0.981705
3L0E-B-A	Negative	0.699814	0.300186
3WGV-G-A	Negative	0.507076	0.492924
3WGV-E-C	Positive	0.334153	0.665847
3VN2-C-A	Positive	0.0259754	0.974025
3TJH-B-A	Negative	0.827884	0.172116
3SQD-C-A	Negative	0.928203	0.0717972
3SQD-D-B	Negative	0.794379	0.205621
3CM8-B-A	Negative	0.776374	0.223626
3UJJ-P-L	Positive	0.143479	0.856521
3TFY-D-A	Positive	0.262946	0.737054
3DVU-C-A	Negative	0.617729	0.382271
3DVU-D-A	Negative	0.679589	0.320411
3V56-G-A	Positive	0.195382	0.804618
3V56-I-A	Positive	0.195382	0.804618
3UKW-C-B	Positive	0.0796363	0.920364
3CK0-P-L	Positive	0.00812043	0.99188
3U4S-C-A	Positive	0.00347025	0.99653
3U4S-D-B	Positive	0.0172814	0.982719
3GXE-F-B	Positive	0.0101179	0.989882
3GXE-E-B	Positive	0.0240783	0.975922
3UQ3-C-A	Negative	0.579033	0.420967
3D7V-B-A	Negative	0.855224	0.144776
3C5I-E-C	Positive	0.0205876	0.979412
3UED-B-A	Positive	0.02409	0.97591
3QZS-C-A	Positive	0.00988007	0.99012
3POB-B-A	Positive	0.0519813	0.948019
3I7O-B-A	Negative	0.80955	0.19045
3UE5-B-A	Negative	0.625145	0.374855
3G8I-Z-A	Positive	0.0351867	0.964813
3WA4-B-A	Positive	0.108339	0.891661
3NJP-D-B	Positive	0.170264	0.829736
3CH5-B-A	Positive	0.00849872	0.991501
3WP0-B-A	Positive	0.0315033	0.968497
3S8F-C-A	Negative	0.671707	0.328293
3T98-A-B	Negative	0.545537	0.454463
3T98-C-B	Negative	0.595025	0.404975
3U7X-C-A	Positive	0.0489015	0.951098
3AVL-F-A	Positive	0.319836	0.680164
3MLZ-P-L	Positive	0.108885	0.891115
3MQR-B-A	Positive	0.254501	0.745499
3T5V-F-B	Negative	0.604226	0.395774
3AVH-E-A	Positive	0.350057	0.649943
3KEE-E-A	Positive	0.019903	0.980097
3JZQ-P-A	Negative	0.882793	0.117207
3NIJ-B-A	Positive	0.00297403	0.997026
3AL3-B-A	Negative	0.994806	0.00519366
3RNM-F-C	Negative	0.990708	0.00929172
3ZLJ-D-A	Negative	0.995049	0.00495106
3ASK-P-A	Positive	0.182669	0.817331
3ASK-Q-B	Positive	0.0322799	0.96772
3T5X-B-A	Negative	0.733554	0.266446
3U7D-B-A	Positive	0.106903	0.893097
3U7D-D-C	Positive	0.321011	0.678989
3OTS-P-A	Positive	0.0109201	0.98908
3VI1-C-A	Positive	0.00356553	0.996434
3PWJ-C-A	Positive	0.0226272	0.977373
3EH5-C-A	Negative	0.69978	0.30022
3RFR-D-C	Positive	0.032678	0.967322
3RFR-H-G	Positive	0.0287447	0.971255
3T03-C-A	Positive	0.000343744	0.999656
3T03-D-B	Negative	0.882997	0.117003
3RL0-A-B	Negative	0.839103	0.160897
3RL0-g-B	Positive	0.196461	0.803539
3RL0-I-C	Negative	0.660953	0.339047
3RL0-h-F	Positive	0.181721	0.818279
3RL0-j-F	Positive	0.328679	0.671321
3RL0-M-N	Negative	0.727385	0.272615
3CB8-B-A	Positive	0.312501	0.687499
3AVG-D-A	Negative	0.630686	0.369314
3C5L-B-A	Positive	0.0583029	0.941697
3E4A-F-A	Positive	0.0684372	0.931563
3U5N-D-A	Positive	0.112797	0.887203
3WIM-B-A	Positive	0.0765471	0.923453
3NJN-B-A	Positive	0.172138	0.827862
3NJN-D-C	Positive	0.271978	0.728022
3OQZ-a-A	Negative	0.778205	0.221795
3RWI-C-A	Negative	0.723074	0.276926
3MNW-P-A	Negative	0.960374	0.0396257
3N8M-B-A	Positive	0.461292	0.538708
3ZMS-C-A	Positive	0.000574526	0.999425
3JVK-C-A	Positive	0.0386969	0.961303
3EMH-B-A	Positive	0.150756	0.849244
3BUO-A-B	Negative	0.972427	0.0275732
3E2U-E-A	Positive	0.456541	0.543459
3E2U-G-A	Negative	0.534245	0.465755
3ZWZ-B-A	Positive	0.115887	0.884113
3BZF-P-A	Positive	0.217645	0.782355
3O34-B-A	Negative	0.523291	0.476709
3LKQ-C-A	Positive	0.0102984	0.989702
3NIN-D-A	Positive	0.360085	0.639915
3NIN-E-B	Positive	0.00371934	0.996281
3I8C-B-A	Positive	0.247014	0.752986
3L3G-C-A	Positive	0.358495	0.641505
3BTS-E-A	Negative	0.836406	0.163594
3BTS-F-B	Negative	0.716831	0.283169
3C94-B-A	Positive	0.131369	0.868631
3C94-C-A	Positive	0.0294195	0.970581
3JTI-B-A	Positive	0.00155183	0.998448
3TCG-I-A	Positive	0.0319827	0.968017
3IFN-P-H	Positive	0.493041	0.506959
3DIW-C-A	Negative	0.96315	0.0368501
3FON-P-A	Negative	0.743679	0.256321
3LN4-C-A	Negative	0.967209	0.0327908
3LN5-C-A	Negative	0.828876	0.171124
3PLF-A-B	Positive	0.165716	0.834284
3A7Q-B-A	Positive	0.147049	0.852951
3ET3-P-A	Negative	0.518529	0.481471
3PA7-D-A	Negative	0.845977	0.154023
3GSU-P-A	Positive	0.22797	0.77203
3SSB-C-A	Positive	0.059643	0.940357
3SSB-I-A	Positive	0.000625356	0.999375
3SSB-D-B	Positive	0.0572308	0.942769
3SSB-J-B	Positive	0.000318241	0.999682
3PTH-B-A	Negative	0.602081	0.397919
3RGV-E-A	Positive	0.0501214	0.949879
3J9M-2-F	Positive	0.00703162	0.992968
3J9M-l-I	Positive	0.0012177	0.998782
3J9M-m-8	Positive	0.461006	0.538994
3J9M-4-r	Positive	8.13412e-05	0.999919
3O71-B-A	Positive	0.173179	0.826821
3P6Z-A-B	Negative	0.979263	0.0207368
3P6Z-C-B	Negative	0.601282	0.398718
3P6Z-G-H	Negative	0.990874	0.00912573
3P6Z-I-H	Negative	0.670863	0.329137
3ASL-B-A	Positive	0.0107901	0.98921
3B7S-B-A	Positive	0.00152103	0.998479
3DRQ-C-A	Positive	0.0578193	0.942181
3ZS6-B-A	Positive	0.203788	0.796212
3CRE-C-A	Negative	0.636844	0.363156
3OGK-Q-B	Positive	0.112772	0.887228
3GJ6-B-A	Positive	0.00354478	0.996455
3MLY-P-L	Positive	0.00262167	0.997378
3OMK-B-A	Positive	0.0784574	0.921543
3OMK-D-C	Positive	0.352885	0.647115
3U1I-A-B	Negative	0.965493	0.0345075
3U1I-C-B	Negative	0.965493	0.0345075
3U1I-F-B	Positive	0.00343988	0.99656
3I6K-C-A	Positive	0.128302	0.871698
3HDI-C-A	Positive	0.027801	0.972199
3HDI-D-A	Positive	0.0293351	0.970665
3GJ8-B-A	Positive	0.0802402	0.91976
3GJ8-D-C	Positive	0.0131108	0.986889
3ZQI-C-A	Positive	0.0380637	0.961936
3VXS-C-A	Positive	0.154638	0.845362
3C2G-C-A	Positive	0.00321999	0.99678
3UOT-D-A	Positive	0.373261	0.626739
3RQE-E-C	Negative	0.982999	0.0170012
3UNN-B-A	Negative	0.709498	0.290502
3EWV-E-A	Negative	0.882418	0.117582
3NMX-D-A	Positive	0.390261	0.609739
3M3N-W-A	Positive	0.0599166	0.940083
3OBX-B-A	Negative	0.822316	0.177684
3WXA-C-A	Positive	0.0149621	0.985038
3M57-B-A	Positive	0.00180212	0.998198
3BH9-C-A	Positive	0.0856032	0.914397
3BTP-B-A	Negative	0.973089	0.0269111
3IDI-C-A	Negative	0.642373	0.357627
3L3Q-B-A	Positive	0.0697598	0.93024
3L3Q-C-A	Positive	0.321483	0.678517
3JZR-P-A	Positive	0.465709	0.534291
3VXR-C-A	Positive	0.050403	0.949597
3OP0-C-A	Negative	0.909417	0.0905831
3VXO-C-A	Positive	0.0254603	0.97454
3V52-P-H	Positive	0.427678	0.572322
3CDG-P-A	Positive	0.476135	0.523865
3A1G-B-A	Positive	0.0298983	0.970102
3RC0-P-A	Positive	0.0176451	0.982355
3IG6-A-B	Positive	0.0672107	0.932789
3IG6-C-D	Positive	0.0195117	0.980488
3RQG-E-C	Negative	0.979667	0.0203327
3KF9-B-A	Positive	0.00297286	0.997027
3KF9-D-C	Positive	0.00105553	0.998944
3D24-B-A	Negative	0.922542	0.0774584
3A2H-B-A	Positive	0.0332634	0.966737
3ZLD-B-A	Positive	0.387689	0.612311
3WLB-C-A	Positive	0.113742	0.886258
3BWA-C-A	Positive	0.070265	0.929735
3D8A-S-A	Negative	0.785575	0.214425
3D8A-U-A	Negative	0.908301	0.0916994
3ZG7-A-B	Negative	0.723003	0.276997
3AVM-D-A	Positive	0.052032	0.947968
3KBL-B-A	Negative	0.975374	0.024626
3DKS-F-A	Positive	0.00463949	0.995361
3V4O-B-A	Positive	0.00245892	0.997541
3GHB-P-L	Positive	0.0312649	0.968735
3GHB-Q-M	Positive	0.0366087	0.963391
3SOV-Z-A	Positive	0.0133977	0.986602
3FII-B-A	Negative	0.909087	0.0909134
3E8C-G-A	Positive	0.0890539	0.910946
3E8C-L-F	Positive	0.41736	0.58264
3U9Z-C-A	Negative	0.93303	0.0669701
3V7D-E-B	Positive	0.0986054	0.901395
3CAL-B-A	Negative	0.939973	0.0600271
3CAL-D-A	Negative	0.939973	0.0600271
3JWR-C-A	Negative	0.752149	0.247851
3G43-F-C	Positive	0.213541	0.786459
3J7O-l-X	Positive	0.000719551	0.99928
3S6P-E-A	Positive	0.39461	0.60539
3S6P-F-B	Negative	0.779926	0.220074
3ZQG-C-A	Positive	0.0407108	0.959289
3T1E-E-A	Negative	0.916873	0.0831274
3D8C-B-A	Negative	0.640426	0.359574
3SJD-E-A	Positive	0.0271606	0.972839
3BU3-B-A	Negative	0.946385	0.0536145
3VZA-F-B	Negative	0.715473	0.284527
3VRI-C-A	Negative	0.587704	0.412296
3ZRM-X-A	Positive	0.450269	0.549731
3ZRM-Y-B	Positive	0.119141	0.880859
3K6T-B-A	Negative	0.976132	0.0238684
3K6T-D-A	Negative	0.976257	0.0237429
3ZN0-C-A	Positive	0.0681399	0.93186
3TDZ-E-A	Positive	0.00348569	0.996514
3C66-C-A	Negative	0.992721	0.00727949
3C66-D-B	Negative	0.98926	0.0107397
3S3X-D-A	Positive	0.000519075	0.999481
3BFW-B-A	Positive	0.0600465	0.939954
3BFW-D-C	Negative	0.924898	0.0751023
3ZN8-S-M	Positive	0.0389163	0.961084
3ZDI-B-A	Negative	0.822653	0.177347
3WUV-C-A	Positive	0.243612	0.756388
3WUV-D-A	Positive	0.038802	0.961198
3DY0-B-A	Positive	0.149095	0.850905
3AM8-E-A	Negative	0.645439	0.354561
3DAB-B-A	Negative	0.636563	0.363437
3DAB-F-E	Negative	0.55883	0.44117
3DAB-H-G	Positive	0.294625	0.705375
3KMT-G-A	Negative	0.902497	0.097503
3DVE-B-A	Negative	0.754505	0.245495
3HKZ-Y-A	Positive	0.391703	0.608297
3U3D-B-A	Positive	0.368385	0.631615
3LYV-E-A	Negative	0.99716	0.00283953
3LYV-F-A	Negative	0.993928	0.00607196
3LYV-D-C	Negative	0.946155	0.053845
3I6G-C-A	Positive	0.299774	0.700226
3M7U-B-A	Positive	0.0786997	0.9213
3MK4-B-A	Negative	0.993702	0.00629836
3RQF-E-A	Negative	0.523366	0.476634
3JB6-C-A	Negative	0.985765	0.014235
3JB6-D-A	Negative	0.940447	0.0595526
3FT4-P-A	Negative	0.971513	0.0284875
3DXC-B-A	Negative	0.881159	0.118841
3DXC-D-A	Negative	0.689228	0.310772
3OMH-E-A	Negative	0.702959	0.297041
3BIN-B-A	Negative	0.786383	0.213617
3TSZ-B-A	Positive	0.429082	0.570918
3EG9-C-B	Negative	0.748646	0.251354
3GP2-B-A	Positive	0.0410058	0.958994
3Q4L-C-A	Negative	0.714608	0.285392
3CVL-B-A	Positive	0.00523455	0.994765
3HA6-B-A	Negative	0.951028	0.0489723
3WN7-B-A	Negative	0.988019	0.0119809
3GSX-P-A	Positive	0.0797911	0.920209
3ZE2-I-A	Positive	0.15378	0.84622
3ZE2-J-C	Positive	0.15378	0.84622
3BXL-B-A	Positive	0.144714	0.855286
3WYG-D-C	Positive	0.236244	0.763756
3SVM-P-A	Positive	0.0403237	0.959676
3MEV-C-A	Negative	0.791353	0.208647
3S3P-B-A	Positive	0.0993461	0.900654
3V31-B-A	Negative	0.868644	0.131356
3VDD-D-A	Positive	0.332132	0.667868
3OUB-P-A	Positive	0.0053318	0.994668
3BT2-B-U	Positive	0.0738059	0.926194
3FHP-A-B	Positive	0.113387	0.886613
3FHP-C-B	Positive	0.113387	0.886613
3GD2-B-A	Negative	0.790642	0.209358
3ZQH-C-A	Positive	0.128254	0.871746
3DVJ-B-A	Positive	0.331509	0.668491
3UAI-B-A	Positive	0.231438	0.768562
3W3W-B-A	Positive	0.00317063	0.996829
3KND-B-A	Positive	0.00102486	0.998975
3QKS-C-A	Positive	0.125401	0.874599
3SRI-B-A	Positive	0.00312909	0.996871
3MMG-C-A	Positive	0.289652	0.710348
3MMG-D-A	Negative	0.562769	0.437231
3NJJ-B-A	Positive	0.00617721	0.993823
3SYN-E-A	Positive	0.222801	0.777199
3H3P-S-H	Negative	0.816162	0.183838
3H3P-T-I	Negative	0.876003	0.123997
3J7Y-2-F	Positive	0.00553826	0.994462
3J7Y-a-K	Positive	0.00265492	0.997345
3JZH-B-A	Negative	0.557976	0.442024
3KL8-B-A	Positive	0.0133346	0.986665
3KL8-F-A	Positive	0.00568932	0.994311
3KL8-D-C	Positive	0.00869581	0.991304
3T4P-B-A	Positive	0.380049	0.619951
3GJQ-E-A	Negative	0.612419	0.387581
3OY6-P-U	Positive	0.000623576	0.999376
3HDA-Z-P	Negative	0.811164	0.188836
3EGD-D-B	Positive	0.235872	0.764128
3TZW-D-A	Positive	0.0928029	0.907197
3I7Z-B-A	Negative	0.671673	0.328327
3KUJ-B-A	Positive	0.443196	0.556804
3LGE-E-A	Negative	0.566492	0.433508
3LGE-F-B	Positive	0.115612	0.884388
3FTG-C-A	Negative	0.960804	0.039196
3SJH-B-A	Negative	0.695703	0.304297
3B0Z-A-B	Positive	0.362236	0.637764
3SKM-C-A	Positive	0.00141237	0.998588
3BYA-B-A	Positive	0.00238648	0.997614
3DD7-B-A	Negative	0.99084	0.00915962
3DD7-D-C	Negative	0.995586	0.00441402
3ZRZ-C-A	Negative	0.894038	0.105962
3ALO-E-A	Negative	0.689507	0.310493
3RWH-C-A	Positive	0.220826	0.779174
3RO2-B-A	Negative	0.926051	0.0739486
3VRJ-C-A	Positive	0.160286	0.839714
3DXE-B-A	Negative	0.881428	0.118572
3TEI-B-A	Positive	0.270897	0.729103
3VUW-F-B	Positive	0.00521597	0.994784
3PFV-D-B	Negative	0.93364	0.0663597
3VFU-C-A	Negative	0.924272	0.0757283
3QN7-B-A	Positive	0.0124728	0.987527
3DPO-C-A	Positive	0.192953	0.807047
3TWT-E-A	Positive	0.00760613	0.992394
3TWT-F-A	Positive	0.0492226	0.950777
3TWT-H-A	Positive	0.0446082	0.955392
3TWT-G-C	Positive	0.0708926	0.929107
3IAX-B-A	Negative	0.554724	0.445276
3A79-C-A	Positive	0.000414446	0.999586
3UVO-B-A	Negative	0.543595	0.456405
3QHR-K-A	Positive	0.000611982	0.999388
3QHR-L-B	Positive	0.000611982	0.999388
3MRG-P-A	Positive	0.0272409	0.972759
3S1B-A-V	Negative	0.970368	0.0296317
3F1I-C-H	Negative	0.965937	0.0340627
3PLU-C-A	Positive	0.332781	0.667219
3WU2-F-A	Positive	0.147588	0.852412
3WU2-I-A	Negative	0.78496	0.21504
3WU2-J-A	Positive	0.00635424	0.993646
3WU2-L-A	Negative	0.981065	0.018935
3WU2-T-A	Negative	0.898613	0.101387
3WU2-t-B	Negative	0.898613	0.101387
3WU2-Y-C	Positive	0.123108	0.876892
3WU2-f-a	Positive	0.290114	0.709886
3WU2-j-a	Positive	0.0444629	0.955537
3WU2-y-c	Positive	0.115476	0.884524
3D25-C-A	Negative	0.851725	0.148275
3KTI-H-A	Positive	0.123114	0.876886
3RC4-B-A	Positive	0.00485405	0.995146
3WKN-E-C	Negative	0.992172	0.00782821
3WKN-L-C	Negative	0.66627	0.33373
3WKN-F-B	Negative	0.618353	0.381647
3WKN-H-D	Negative	0.990655	0.00934465
3WKN-P-D	Negative	0.650506	0.349494
3IPU-C-A	Positive	0.155168	0.844832
3EYF-E-A	Positive	0.025943	0.974057
3FQW-C-A	Positive	0.420083	0.579917
3J1O-N-I	Negative	0.712649	0.287351
3SI5-X-A	Positive	0.0183509	0.981649
3SI5-Y-B	Positive	0.0430649	0.956935
3QKR-C-A	Positive	0.269658	0.730342
3JCJ-d-F	Positive	0.00115359	0.998846
3JCJ-b-S	Positive	0.00180134	0.998199
3JCJ-G-W	Positive	0.195127	0.804873
3JCJ-a-c	Positive	0.0140047	0.985995
3V11-C-A	Negative	0.729846	0.270154
3KYO-P-A	Positive	0.100024	0.899976
3L6X-B-A	Negative	0.746118	0.253882
3DV0-I-B	Positive	0.0379343	0.962066
3DV0-J-F	Positive	0.0941002	0.9059
3D36-C-A	Negative	0.918967	0.0810325
3DS1-T-A	Negative	0.876826	0.123174
3TVJ-I-B	Positive	0.00023523	0.999765
3C5T-B-A	Negative	0.825372	0.174628
3W6K-A-B	Negative	0.941472	0.0585277
3W6K-D-B	Negative	0.863527	0.136473
3DRT-C-A	Positive	0.0414982	0.958502
3C0T-B-A	Negative	0.587011	0.412989
3BW9-C-A	Negative	0.56508	0.43492
3QFJ-C-A	Positive	0.247641	0.752359
3ZN1-C-A	Positive	0.0100393	0.989961
3SZM-I-A	Negative	0.937504	0.0624958
3VFT-C-A	Negative	0.913148	0.0868517
3M5N-F-B	Positive	0.142045	0.857955
3U86-B-A	Positive	0.181808	0.818192
3LNY-B-A	Negative	0.520007	0.479993
3UVM-B-A	Positive	0.263236	0.736764
3U5P-I-A	Positive	0.23183	0.76817
3U5P-J-B	Positive	0.112457	0.887543
3U5P-M-E	Positive	0.417538	0.582462
3RWE-C-A	Positive	0.232555	0.767445
3KMG-B-A	Positive	0.00628597	0.993714
3KMG-E-D	Negative	0.579238	0.420762
3H0A-B-A	Positive	0.073279	0.926721
3H0A-E-D	Positive	0.141959	0.858041
3DRI-B-A	Positive	0.363888	0.636112
3WNF-C-A	Positive	0.0967475	0.903253
3AVI-D-A	Positive	0.123246	0.876754
3QJ6-T-A	Positive	0.254149	0.745851
3AVZ-B-A	Positive	0.124309	0.875691
3AVN-G-A	Positive	0.0823295	0.917671
3KDP-G-A	Positive	0.335009	0.664991
3QIW-E-A	Negative	0.995584	0.00441635
3VQG-B-A	Negative	0.760236	0.239764
3KPE-B-A	Negative	0.804908	0.195092
3P72-B-A	Positive	0.0363713	0.963629
3ZDY-J-C	Positive	0.0673641	0.932636
3R0L-A-D	Positive	0.0173209	0.982679
3R0L-B-D	Positive	0.050607	0.949393
3WGU-G-A	Negative	0.507076	0.492924
3WGU-E-C	Positive	0.334153	0.665847
3S3J-B-A	Positive	0.446456	0.553544
3BRT-A-B	Negative	0.98308	0.0169195
3BRT-C-B	Negative	0.99121	0.00879049
3BOO-B-A	Positive	0.00157335	0.998427
3UVN-B-A	Negative	0.884286	0.115714
3UVN-D-C	Negative	0.778159	0.221841
3D9P-Z-B	Positive	0.134896	0.865104
3C89-B-A	Positive	0.000170117	0.99983
3G9W-C-A	Positive	0.122596	0.877404
3G9W-D-A	Positive	0.144359	0.855641
3P70-M-B	Negative	0.583133	0.416867
3P70-O-B	Positive	0.3313	0.6687
3P70-G-H	Negative	0.99139	0.0086104
3P70-P-H	Positive	0.275783	0.724217
3ZIP-B-A	Positive	0.238164	0.761836
3ZIP-C-A	Positive	0.000724968	0.999275
3NY3-B-A	Positive	0.0501709	0.949829
3ZMP-C-B	Negative	0.783069	0.216931
3UXG-B-A	Negative	0.611529	0.388471
3K6G-D-A	Positive	0.0216091	0.978391
3K6G-E-A	Positive	0.0394519	0.960548
3K6G-F-B	Positive	0.0493187	0.950681
3T1U-B-A	Positive	0.25173	0.74827
3UTT-C-A	Negative	0.911497	0.0885027
3JZ1-A-B	Negative	0.979263	0.0207368
3I4N-L-B	Positive	0.00678346	0.993217
3D4B-D-A	Positive	0.00155161	0.998448
3LV3-C-A	Positive	0.00299742	0.997003
3FBI-C-D	Positive	0.0146337	0.985366
3I8E-C-A	Negative	0.908691	0.0913092
3RDV-E-A	Positive	0.0515048	0.948495
3EXB-B-A	Positive	0.0325995	0.967401
3D1E-P-A	Positive	0.235893	0.764107
3FMA-L-A	Negative	0.503545	0.496455
3FMA-M-B	Positive	0.0236032	0.976397
3FMA-N-B	Positive	0.456646	0.543354
3DNJ-C-A	Positive	0.333824	0.666176
3IXT-P-L	Negative	0.830603	0.169397
3FIV-I-A	Negative	0.964433	0.0355667
3LKO-C-A	Positive	0.077401	0.922599
3N57-C-A	Positive	0.0186246	0.981375
3SJK-B-A	Positive	0.263748	0.736252
3TWU-B-A	Negative	0.978364	0.0216363
3TZY-D-A	Positive	0.0928029	0.907197
3QIU-E-A	Negative	0.797307	0.202693
3DD2-L-H	Negative	0.983168	0.0168322
3OIQ-B-A	Negative	0.893659	0.106341
3O41-P-L	Positive	0.00369558	0.996304
3GSR-P-A	Positive	0.158907	0.841093
3QQ4-C-A	Negative	0.968313	0.0316867
3GS2-B-A	Negative	0.910214	0.0897859
3GS2-D-A	Negative	0.947085	0.0529151
3QQ3-C-A	Positive	0.396164	0.603836
3OU4-C-A	Positive	0.210902	0.789098
3H85-P-A	Positive	0.331032	0.668968
3UKY-C-B	Positive	0.000950064	0.99905
3UP3-P-A	Negative	0.965326	0.0346739
3GD1-Z-I	Negative	0.757205	0.242795
3AAE-X-A	Positive	0.206631	0.793369
3AAE-Y-C	Positive	0.128606	0.871394
3AAE-W-G	Positive	0.0466793	0.953321
3AAE-V-I	Positive	0.0127552	0.987245
3QW7-B-A	Positive	0.000778713	0.999221
3MRQ-P-A	Negative	0.621271	0.378729
3G2V-C-A	Negative	0.941125	0.0588746
3G2V-D-A	Negative	0.88802	0.11198
3O36-E-A	Positive	0.0381732	0.961827
3UL1-A-B	Positive	0.0229352	0.977065
3KL4-B-A	Positive	0.0175872	0.982413
3IQI-P-X	Positive	0.0817304	0.91827
3BQO-B-A	Positive	0.0745456	0.925454
3K23-F-C	Negative	0.732523	0.267477
3TSI-A-D	Positive	0.224231	0.775769
3TSI-B-D	Positive	0.233623	0.766377
3BGM-C-A	Negative	0.856312	0.143688
3F7D-B-A	Positive	0.00135683	0.998643
3RJM-E-A	Negative	0.854102	0.145898
3L9K-X-A	Negative	0.70333	0.29667
3L3Z-B-A	Negative	0.835243	0.164757
3PL7-C-A	Negative	0.987068	0.0129318
3HUF-E-A	Negative	0.930205	0.0697949
3JRV-C-A	Positive	0.0357014	0.964299
3JRV-D-B	Positive	0.280288	0.719712
3JRV-E-B	Positive	0.036164	0.963836
3N5U-C-A	Positive	0.0402634	0.959737
3UA7-E-A	Positive	0.0563691	0.943631
3UA7-F-D	Positive	0.0563691	0.943631
3PWN-C-A	Positive	0.0727734	0.927227
3ZIQ-B-A	Positive	0.00684566	0.993154
3ZIQ-C-A	Positive	0.132424	0.867576
3TWW-C-A	Positive	0.0155588	0.984441
3TWW-D-A	Positive	0.200829	0.799171
3WOR-C-A	Positive	0.000330635	0.999669
3LKN-C-A	Positive	0.236593	0.763407
3QI2-C-A	Negative	0.818022	0.181978
3QI2-D-A	Negative	0.956855	0.0431446
3GLU-B-A	Positive	0.000237373	0.999763
3TIW-C-A	Positive	0.253738	0.746262
3TIW-D-A	Positive	0.206629	0.793371
3T6J-B-A	Positive	0.463893	0.536107
3D3T-P-A	Positive	0.0262005	0.9738
3ZG8-A-B	Negative	0.547223	0.452777
3PDO-C-A	Positive	0.130274	0.869726
3GJ5-B-A	Positive	0.0346854	0.965315
3DL8-C-G	Negative	0.831287	0.168713
3SFJ-B-A	Positive	0.42976	0.57024
3JCN-H-X	Positive	0.00537812	0.994622
3N97-D-A	Positive	0.304311	0.695689
3O2B-D-C	Positive	0.00122381	0.998776
3TJV-B-A	Negative	0.922522	0.077478
3JCK-I-A	Negative	0.541498	0.458502
3MAT-I-A	Positive	0.112182	0.887818
3ZIO-B-A	Positive	0.0385341	0.961466
3ZIO-C-A	Positive	0.0140807	0.985919
3FE7-L-A	Negative	0.911673	0.0883268
3IJ0-B-A	Positive	0.294903	0.705097
3IFP-S-E	Positive	0.0650898	0.93491
3JUA-B-A	Negative	0.685128	0.314872
3JUA-D-C	Negative	0.736863	0.263137
3JUA-F-E	Negative	0.754268	0.245732
3JUA-H-G	Positive	0.161199	0.838801
3AX5-B-A	Positive	0.001808	0.998192
3PK1-B-A	Negative	0.97304	0.0269601
3M4W-E-A	Negative	0.981892	0.0181077
3M4W-G-A	Negative	0.884242	0.115758
3M4W-H-B	Positive	0.364024	0.635976
3P9M-F-A	Positive	0.00888704	0.991113
3B1K-C-A	Positive	0.412808	0.587192
3B1K-J-A	Positive	0.464246	0.535754
3AZQ-C-A	Positive	0.0640491	0.935951
3OB2-A-B	Negative	0.945138	0.0548619
3K16-B-A	Positive	0.00896996	0.99103
3TG5-B-A	Positive	0.0407995	0.9592
3PCS-E-A	Negative	0.99753	0.00246959
3PCS-F-B	Negative	0.990823	0.0091769
3PCS-G-B	Negative	0.954005	0.0459949
3PCS-H-D	Negative	0.99847	0.00153011
3RZX-B-A	Positive	0.346581	0.653419
3F58-P-L	Positive	0.0178572	0.982143
3P4F-B-A	Negative	0.906443	0.0935566
3P4F-C-A	Positive	0.325788	0.674212
3K48-R-A	Positive	0.306271	0.693729
3K48-S-A	Positive	0.0187849	0.981215
3TVT-B-A	Negative	0.549517	0.450483
3G2U-C-A	Negative	0.974859	0.0251406
3DRK-B-A	Positive	0.0878487	0.912151
3GSV-P-A	Positive	0.220265	0.779735
3J7Z-6-5	Positive	0.415819	0.584181
3G03-B-A	Negative	0.825497	0.174503
3FS1-B-A	Positive	0.156978	0.843022
3AVC-D-A	Positive	0.167456	0.832544
3CW2-L-B	Positive	0.318225	0.681775
3CW2-N-F	Negative	0.787162	0.212838
3LW1-P-A	Positive	0.116073	0.883927
3SRN-B-A	Positive	0.34371	0.65629
3TWV-E-A	Positive	0.0158186	0.984181
3TWV-H-A	Positive	0.169007	0.830993
3TWV-G-C	Negative	0.551205	0.448795
3BPQ-A-B	Negative	0.759905	0.240095
3BPQ-C-B	Negative	0.659428	0.340572
3TBH-B-A	Negative	0.824487	0.175513
3D1F-P-A	Negative	0.901146	0.0988535
3P3N-B-A	Negative	0.983826	0.0161744
3QIS-B-A	Negative	0.844578	0.155422
3QUK-C-A	Positive	0.0278052	0.972195
3LKR-C-A	Positive	0.321861	0.678139
3NTI-C-A	Positive	0.000832691	0.999167
3MHR-P-A	Negative	0.734415	0.265585
3ZRL-Y-B	Positive	0.129505	0.870495
3CH1-C-A	Negative	0.696816	0.303184
3CH1-I-G	Negative	0.696816	0.303184
3ZG6-F-A	Positive	0.253621	0.746379
3AVB-X-A	Positive	0.201997	0.798003
3W5A-C-A	Negative	0.898829	0.101171
3ICI-C-A	Negative	0.503209	0.496791
3T1N-C-A	Positive	0.247256	0.752744
3LL8-E-A	Negative	0.667735	0.332265
3WUT-B-A	Negative	0.660831	0.339169
3WUT-C-A	Negative	0.905541	0.094459
3WUT-F-D	Negative	0.905541	0.094459
3WUT-K-G	Positive	0.0656262	0.934374
3FN0-P-L	Positive	0.0128197	0.98718
3NDD-B-A	Positive	0.00508321	0.994917
3HS9-P-A	Positive	0.131735	0.868265
3F02-C-A	Positive	0.367609	0.632391
3F02-D-B	Negative	0.693041	0.306959
3FIF-Y-F	Positive	0.0214258	0.978574
3KJ2-B-A	Negative	0.968765	0.0312346
3VXW-B-A	Positive	0.0241703	0.97583
3E5A-B-A	Negative	0.895145	0.104855
3HKI-A-B	Negative	0.727144	0.272856
3HKI-C-B	Negative	0.693773	0.306227
3HKI-F-E	Negative	0.86885	0.13115
3SML-P-A	Positive	0.000582063	0.999418
3O43-B-A	Positive	0.309564	0.690436
3BU5-B-A	Negative	0.935129	0.0648708
3WSR-C-A	Positive	0.0724697	0.92753
3WSR-D-A	Positive	0.0771462	0.922854
3ZMV-C-A	Positive	0.321677	0.678323
3ZMV-D-A	Positive	0.401004	0.598996
3V3B-D-A	Positive	0.0286239	0.971376
3V3B-C-B	Positive	0.0967619	0.903238
3GHE-P-L	Positive	0.00216226	0.997838
3RTX-C-A	Positive	0.192965	0.807035
3ZMZ-C-A	Positive	0.0623213	0.937679
3AJB-B-A	Negative	0.983021	0.0169788
3COJ-H-X	Negative	0.853051	0.146949
3COJ-M-B	Positive	0.0241925	0.975808
3COJ-K-C	Positive	0.191908	0.808092
3COJ-N-F	Positive	0.0713205	0.928679
3B80-C-A	Positive	0.0704796	0.92952
3KYT-C-A	Positive	0.179721	0.820279
3RK3-E-B	Positive	0.222755	0.777245
3ZKE-B-A	Positive	0.49342	0.50658
3ZKE-F-C	Positive	0.0725273	0.927473
3KUI-B-A	Positive	0.248171	0.751829
3GV4-H-A	Positive	0.00810624	0.991894
3DRH-B-A	Positive	0.0823896	0.91761
3WMG-B-A	Positive	0.108007	0.891993
3QGL-F-A	Positive	0.0051051	0.994895
3VE6-B-A	Positive	0.0742376	0.925762
3EQY-C-A	Negative	0.913966	0.0860338
3CWW-E-A	Positive	0.316894	0.683106
3CWW-D-B	Positive	0.259141	0.740859
3HBV-Z-P	Positive	0.017117	0.982883
3BRV-A-B	Negative	0.912608	0.0873925
3BRV-C-B	Negative	0.988189	0.0118112
3Q47-C-B	Negative	0.921835	0.0781645
3AH8-G-B	Negative	0.922502	0.0774975
3SM1-J-A	Positive	0.100315	0.899685
3S7K-A-B	Negative	0.962115	0.0378845
3S7K-C-B	Negative	0.716788	0.283212
3DXD-B-A	Negative	0.643468	0.356532
3DXD-D-A	Negative	0.581222	0.418778
3FWV-C-A	Negative	0.944094	0.0559057
3PUJ-C-A	Positive	0.398079	0.601921
3TJ3-D-A	Positive	0.263361	0.736639
3KJ0-B-A	Negative	0.920603	0.079397
3C9Q-L-A	Positive	0.399726	0.600274
3E90-A-B	Negative	0.799348	0.200652
3E90-C-B	Negative	0.814714	0.185286
3KZE-D-A	Positive	0.151631	0.848369
3KZE-E-C	Positive	0.129448	0.870552
3GIS-A-B	Negative	0.591253	0.408747
3GIS-E-B	Negative	0.591253	0.408747
3IXS-B-A	Positive	0.355849	0.644151
3IXS-D-A	Positive	0.308287	0.691713
3IXS-H-A	Positive	0.23357	0.76643
3IXS-F-C	Negative	0.724978	0.275022
3IXS-J-I	Negative	0.58042	0.41958
3C3O-B-A	Negative	0.579338	0.420662
3O3B-C-A	Negative	0.51829	0.48171
3C2A-P-L	Positive	0.0302187	0.969781
3G5Y-E-A	Negative	0.782731	0.217269
3FKS-I-C	Negative	0.880254	0.119746
3FKS-R-P	Negative	0.888741	0.111259
3FKS-1-Y	Negative	0.69162	0.30838
3TBY-C-A	Positive	0.0495565	0.950444
3P37-E-A	Positive	0.268914	0.731086
3P37-D-B	Positive	0.268914	0.731086
3JBV-z-e	Negative	0.605678	0.394322
3R85-E-A	Negative	0.846625	0.153375
3R85-F-B	Negative	0.962871	0.0371294
3R85-G-C	Negative	0.836071	0.163929
3R85-H-D	Negative	0.935008	0.0649925
3MNZ-P-A	Negative	0.930029	0.0699706
3MLW-P-L	Positive	0.00125575	0.998744
3MLW-Q-M	Positive	0.00190536	0.998095
3BZI-E-A	Positive	0.385543	0.614457
3VU7-Z-C	Negative	0.604885	0.395115
3CXD-P-L	Negative	0.938874	0.0611261
3DOW-B-A	Positive	0.445164	0.554836
3AVR-B-A	Positive	0.274809	0.725191
3BG4-D-B	Positive	0.0150136	0.984986
3AVA-X-A	Positive	0.427015	0.572985
3MRL-P-A	Positive	0.0478652	0.952135
3U23-B-A	Positive	0.0392503	0.96075
3QBR-B-A	Negative	0.50663	0.49337
3QBR-Y-X	Negative	0.712684	0.287316
3KLA-C-A	Positive	0.472004	0.527996
3HQL-C-A	Positive	0.42052	0.57948
3HQL-D-A	Negative	0.757618	0.242382
3SNC-H-A	Positive	0.117116	0.882884
3CBM-B-A	Positive	0.00137203	0.998628
3TJU-B-A	Positive	0.0981257	0.901874
3H9H-C-A	Positive	0.236129	0.763871
3B23-C-B	Negative	0.984327	0.0156726
3H1Z-P-A	Negative	0.630465	0.369535
3QNZ-C-A	Negative	0.771199	0.228801
3QV1-G-A	Positive	0.487283	0.512717
3QV1-I-A	Positive	0.394223	0.605777
3QV1-H-B	Positive	0.231763	0.768237
3S7D-I-A	Positive	0.00121025	0.99879
3ZGA-A-B	Negative	0.709318	0.290682
3GXV-C-A	Positive	0.134216	0.865784
3GXV-D-A	Positive	0.285311	0.714689
3WMJ-B-A	Negative	0.667634	0.332366
3PD0-B-A	Positive	0.153454	0.846546
3MGO-C-A	Negative	0.631609	0.368391
3IQG-P-X	Positive	0.0312523	0.968748
3I5R-B-A	Negative	0.692741	0.307259
3MLT-P-L	Positive	0.0115667	0.988433
3MGT-C-A	Negative	0.7578	0.2422
3UM3-B-A	Negative	0.945201	0.054799
3BRF-D-A	Positive	0.0985104	0.90149
3PHD-E-A	Positive	0.00379987	0.9962
3PHD-F-B	Positive	0.00212289	0.997877
3PHD-G-C	Positive	0.489685	0.510315
3PHD-H-D	Positive	0.00753626	0.992464
3WBN-B-A	Positive	0.433277	0.566723
3FQT-C-A	Positive	0.0868074	0.913193
3TJ5-B-A	Positive	0.179733	0.820267
3UKX-C-B	Positive	0.0968466	0.903153
3M61-P-U	Positive	0.0218954	0.978105
3CV0-B-A	Positive	0.324413	0.675587
3VJ6-P-A	Negative	0.912722	0.0872782
3MOD-P-L	Positive	0.244289	0.755711
3G2S-C-A	Negative	0.531394	0.468606
3GGZ-E-A	Positive	0.00269505	0.997305
3GGZ-G-C	Positive	0.00368907	0.996311
3GGZ-H-D	Positive	0.12993	0.87007
3IVB-M-A	Negative	0.960661	0.0393388
3OE0-I-A	Positive	0.000209891	0.99979
3KIK-E-A	Negative	0.857442	0.142558
3KIK-H-A	Negative	0.729746	0.270254
3KIK-G-B	Negative	0.917492	0.0825085
3NIL-X-B	Positive	0.165716	0.834284
3H1C-D-A	Negative	0.691384	0.308616
3IZO-F-A	Negative	0.967685	0.0323146
3TPU-J-A	Negative	0.894182	0.105818
3EE0-A-B	Negative	0.979263	0.0207368
3D42-B-A	Negative	0.952928	0.0470723
3CAA-B-A	Positive	0.183071	0.816929
3IUX-B-A	Positive	0.00863136	0.991369
3HTU-B-A	Positive	0.139219	0.860781
3HTU-D-A	Positive	0.292867	0.707133
3HTU-F-E	Positive	0.0337401	0.96626
3HQH-M-A	Negative	0.968317	0.0316826
3DRO-P-A	Positive	0.0962937	0.903706
3CYY-C-A	Negative	0.544646	0.455354
3KZI-F-A	Positive	0.294653	0.705347
3KZI-I-A	Negative	0.817285	0.182715
3KZI-J-A	Positive	0.0147974	0.985203
3KZI-M-A	Negative	0.867155	0.132845
3KZI-T-A	Negative	0.948101	0.0518991
3EGX-D-B	Negative	0.91086	0.08914
3BUA-E-A	Positive	0.118384	0.881616
3BUA-H-A	Positive	0.326031	0.673969
3BUA-F-B	Negative	0.640284	0.359716
3BUA-G-C	Negative	0.870897	0.129103
3VRO-B-A	Negative	0.683169	0.316831
3ZHF-B-A	Positive	0.397048	0.602952
3GQ1-C-A	Positive	0.428905	0.571095
3OKI-D-C	Positive	0.128237	0.871763
3SRJ-C-A	Positive	0.312415	0.687585
3SRJ-D-A	Positive	0.455264	0.544736
3SRJ-E-B	Positive	0.283794	0.716206
3SRJ-F-B	Negative	0.957417	0.0425832
3P9G-B-A	Positive	0.378254	0.621746
3MET-C-A	Positive	0.159936	0.840064
3HCV-C-A	Positive	0.00142087	0.998579
3SWC-P-A	Positive	0.0192191	0.980781
3SWC-Q-B	Positive	0.00811383	0.991886
3L3X-B-A	Positive	0.218283	0.781717
3PQR-B-A	Positive	0.050097	0.949903
3MRI-P-A	Positive	0.138489	0.861511
3E50-C-A	Positive	0.269856	0.730144
3E50-D-B	Negative	0.989656	0.0103443
3GLW-Z-A	Negative	0.932961	0.0670388
3AVK-D-A	Positive	0.280647	0.719353
3J3V-2-E	Positive	0.000872632	0.999127
3J81-h-O	Positive	0.00501112	0.994989
3J81-l-k	Positive	0.0680461	0.931954
3I6L-F-D	Positive	0.0812043	0.918796
3BFQ-F-G	Negative	0.874439	0.125561
3G5V-C-A	Negative	0.782731	0.217269
3MUK-D-A	Positive	0.0757403	0.92426
3B7T-B-A	Positive	0.00441134	0.995589
3SNA-H-A	Positive	0.0450595	0.954941
3D9K-Y-A	Positive	0.285257	0.714743
3D9K-Z-B	Negative	0.532311	0.467689
3JCD-x-M	Positive	0.00224608	0.997754
3WNG-C-A	Positive	0.00706465	0.992935
3OAK-D-A	Negative	0.796177	0.203823
3OAK-C-B	Negative	0.846006	0.153994
3WDZ-B-A	Negative	0.995206	0.00479409
3H8A-E-A	Negative	0.69692	0.30308
3H8A-F-B	Negative	0.906605	0.093395
3H44-C-A	Negative	0.875843	0.124157
3H44-D-B	Positive	0.454865	0.545135
3EFO-C-B	Positive	0.1157	0.8843
3TBT-C-A	Positive	0.161759	0.838241
3UVY-B-A	Positive	0.0796918	0.920308
3C88-B-A	Positive	0.000407107	0.999593
3SNB-H-A	Negative	0.672185	0.327815
3NKX-P-A	Positive	0.134391	0.865609
3O3E-C-A	Negative	0.657263	0.342737
3CFV-E-B	Positive	0.00290115	0.997099
3CFV-F-B	Positive	0.000187746	0.999812
3QRX-B-A	Positive	0.0203762	0.979624
3ZRK-X-A	Negative	0.514022	0.485978
3FBN-C-D	Positive	0.0050923	0.994908
3DDB-B-A	Positive	0.0017619	0.998238
3UIJ-Q-B	Negative	0.697981	0.302019
3P2Z-B-A	Positive	0.0735181	0.926482
3LOB-D-A	Positive	0.0242249	0.975775
3LOB-E-B	Positive	0.000202481	0.999798
3LOB-F-C	Positive	0.0691916	0.930808
3ZQF-C-A	Positive	0.0847177	0.915282
3I7L-B-A	Positive	0.0426778	0.957322
3GM1-E-A	Negative	0.929622	0.0703777
3OU1-P-A	Negative	0.789137	0.210863
3DEP-B-A	Negative	0.544748	0.455252
3GZE-X-A	Positive	0.0376845	0.962316
3GZE-Y-C	Positive	0.0354793	0.964521
3HSV-M-A	Negative	0.717708	0.282292
3ZZZ-C-A	Negative	0.793997	0.206003
3ZZZ-D-A	Negative	0.793997	0.206003
3JCS-l-V	Positive	0.0011105	0.998889
3DS9-B-A	Positive	0.28628	0.71372
3R9I-E-A	Negative	0.700474	0.299526
3R9I-G-C	Negative	0.511534	0.488466
3TZ1-B-A	Positive	0.0178143	0.982186
3ATW-C-A	Positive	0.230451	0.769549
3L6F-C-A	Negative	0.992905	0.00709548
3MUD-C-A	Negative	0.511959	0.488041
3MUD-D-A	Negative	0.83791	0.16209
3HK3-A-B	Negative	0.934149	0.0658511
3J47-O-V	Positive	0.0669246	0.933075
3J47-P-V	Negative	0.849619	0.150381
3J47-Q-V	Negative	0.959519	0.0404806
3J47-R-V	Positive	0.0236441	0.976356
3J47-S-V	Negative	0.579366	0.420634
3J47-T-V	Negative	0.852756	0.147244
3ZWL-E-B	Positive	0.399579	0.600421
3WWS-D-A	Positive	0.311905	0.688095
3VCL-C-A	Positive	0.236346	0.763654
3T70-F-A	Positive	0.00222087	0.997779
3UEO-F-A	Positive	0.0964954	0.903505
3UEO-E-B	Negative	0.55277	0.44723
3TU7-L-H	Negative	0.811243	0.188757
3ZDF-D-A	Negative	0.827473	0.172527
3ZDF-C-B	Positive	0.394226	0.605774
3K15-B-A	Positive	0.00896996	0.99103
3K05-C-A	Negative	0.794379	0.205621
3VH7-B-A	Positive	0.426959	0.573041
3VH7-D-A	Negative	0.767237	0.232763
3OTP-G-A	Positive	0.10873	0.89127
3OQY-a-B	Negative	0.883287	0.116713
3T7G-D-A	Positive	0.182749	0.817251
3T7G-C-A	Positive	0.165885	0.834115
3UM0-B-A	Negative	0.5986	0.4014
3BXK-B-A	Positive	0.216983	0.783017
3BXK-D-C	Positive	0.186806	0.813194
3ZNI-F-E	Negative	0.579292	0.420708
3HIK-B-A	Positive	0.124142	0.875858
3B8E-B-A	Positive	0.217124	0.782876
3B8E-G-A	Positive	0.330377	0.669623
3B8E-D-C	Positive	0.217124	0.782876
3FXE-A-B	Positive	0.0541503	0.94585
3HRY-C-A	Positive	0.486044	0.513956
3V1D-A-G	Negative	0.842452	0.157548
3V1D-B-G	Negative	0.842452	0.157548
3V1D-D-G	Negative	0.842452	0.157548
3BQD-B-A	Negative	0.674916	0.325084
3MMY-H-G	Negative	0.808565	0.191435
3ABE-Z-C	Negative	0.579479	0.420521
3FM7-C-A	Negative	0.943405	0.0565954
3GDS-B-A	Positive	0.0901064	0.909894
3RVD-I-A	Positive	0.461806	0.538194
3RVD-L-Q	Negative	0.87293	0.12707
3KTP-B-A	Positive	0.0266914	0.973309
3VB7-E-A	Positive	0.295457	0.704543
3R93-E-A	Positive	0.0142813	0.985719
3GJ3-B-A	Positive	0.159643	0.840357
3ZBI-C-A	Negative	0.890478	0.109522
3MBE-P-A	Positive	0.0853123	0.914688
3N95-E-C	Negative	0.549812	0.450188
3V4Y-B-A	Negative	0.863631	0.136369
3V4Y-F-A	Negative	0.866317	0.133683
3V4Y-D-C	Negative	0.975983	0.0240173
3V4Y-H-E	Negative	0.976404	0.0235958
3A9J-C-A	Positive	0.0258089	0.974191
3IOZ-B-A	Negative	0.677915	0.322085
3IM4-C-A	Positive	0.397541	0.602459
3QHW-L-B	Positive	0.00485527	0.995145
3FEA-L-A	Negative	0.884447	0.115553
3ZYB-I-A	Positive	0.00372986	0.99627
3FVH-B-A	Positive	0.0726845	0.927315
3CXW-B-A	Positive	0.0240221	0.975978
3TIE-C-A	Positive	0.335595	0.664405
3D9N-Y-A	Positive	0.0812546	0.918745
3LNZ-B-A	Negative	0.784947	0.215053
3MRB-P-A	Positive	0.0936932	0.906307
3PMK-O-A	Negative	0.974596	0.0254038
3PMK-R-A	Negative	0.94469	0.0553095
3PMK-Q-B	Negative	0.984348	0.015652
3PMK-N-C	Negative	0.94615	0.0538502
3LAE-X-A	Positive	0.12307	0.87693
3E6H-P-A	Positive	0.0104395	0.989561
3OMG-C-A	Positive	0.00805728	0.991943
3OMG-D-B	Positive	0.0148754	0.985125
3NA0-C-A	Positive	0.412207	0.587793
3V5K-C-A	Negative	0.534642	0.465358
3N9Q-C-A	Positive	0.0994276	0.900572
3VRP-B-A	Negative	0.639856	0.360144
3N23-G-A	Negative	0.506195	0.493805
3D3X-C-A	Positive	0.0031341	0.996866
3D3X-D-B	Positive	0.120932	0.879068
3EFD-K-L	Negative	0.984255	0.0157447
3ZG9-A-B	Negative	0.709318	0.290682
3ONW-C-A	Negative	0.7134	0.2866
3ONW-D-A	Negative	0.853511	0.146489
3BEV-C-A	Negative	0.971861	0.0281393
3UO1-P-H	Positive	0.339943	0.660057
3E0M-E-A	Negative	0.515872	0.484128
3E0M-F-B	Positive	0.00840412	0.991596
3J7A-T-D	Positive	0.000446586	0.999553
3J7A-6-E	Positive	0.00830911	0.991691
3J7A-2-I	Positive	0.428644	0.571356
3EHT-B-A	Negative	0.802095	0.197905
3CVQ-B-A	Positive	0.000495227	0.999505
3DUF-I-B	Positive	0.117684	0.882316
3DUF-J-F	Positive	0.0610938	0.938906
3C9N-C-A	Negative	0.582459	0.417541
3TZX-D-A	Positive	0.351362	0.648638
3TZX-C-B	Negative	0.514079	0.485921
3RF3-C-A	Negative	0.644646	0.355354
3RF3-D-A	Negative	0.795562	0.204438
3N96-G-A	Negative	0.664076	0.335924
3N96-H-B	Positive	0.19701	0.80299
3N96-E-C	Negative	0.730999	0.269001
3MLQ-E-A	Positive	0.41662	0.58338
3MLQ-F-A	Negative	0.735549	0.264451
3MLQ-H-A	Positive	0.30176	0.69824
3MLQ-G-C	Negative	0.823021	0.176979
3TBS-C-A	Positive	0.209315	0.790685
3N7Y-D-A	Positive	0.461292	0.538708
3T7K-C-A	Negative	0.962679	0.0373215
3TKZ-P-A	Positive	0.0971963	0.902804
3TKZ-Q-A	Positive	0.34618	0.65382
3AM7-B-A	Positive	0.00489717	0.995103
3AV9-X-A	Positive	0.167992	0.832008
3KJ1-B-A	Negative	0.94179	0.0582104
3OX7-P-U	Positive	0.0665564	0.933444
3PLV-C-A	Negative	0.896546	0.103454
3M5M-C-B	Positive	0.476591	0.523409
3M5O-C-A	Positive	0.312275	0.687725
3P4M-F-A	Positive	0.0148368	0.985163
3DDA-B-A	Positive	0.00097436	0.999026
3AX2-B-A	Positive	0.0367654	0.963235
3AX2-F-A	Positive	0.0367654	0.963235
3ZDM-B-A	Negative	0.892412	0.107588
3CBO-B-A	Positive	0.00457455	0.995425
3MK8-B-A	Negative	0.506591	0.493409
3TPM-B-A	Positive	0.00269525	0.997305
3MXY-L-A	Positive	0.12525	0.87475
3PWL-C-A	Positive	0.0288154	0.971185
3C8B-B-A	Positive	0.00529367	0.994706
3C5J-C-A	Positive	0.027255	0.972745
3LKS-C-A	Positive	0.150687	0.849313
3LCA-Q-A	Positive	0.329705	0.670295
3J79-e-Y	Positive	0.000271965	0.999728
3IXZ-B-A	Negative	0.960023	0.0399768
3RWF-C-A	Negative	0.610418	0.389582
3QLP-L-H	Negative	0.778723	0.221277
3HXI-C-A	Positive	0.0268708	0.973129
3LRH-B-A	Positive	0.176424	0.823576
3NZI-B-A	Positive	0.0185909	0.981409
3QZT-B-A	Positive	0.003087	0.996913
3Q49-C-B	Negative	0.700931	0.299069
3MPJ-Y-B	Positive	0.00275524	0.997245
3L3K-C-A	Positive	0.220595	0.779405
3ZZY-C-A	Positive	0.186865	0.813135
3EDX-A-B	Negative	0.899148	0.100852
3H0G-L-B	Positive	0.0299892	0.970011
3RC5-B-A	Positive	0.0319779	0.968022
3NK4-C-A	Positive	0.244344	0.755656
3NK4-D-A	Positive	0.25889	0.74111
3FQN-C-A	Negative	0.71116	0.28884
3DSF-P-L	Negative	0.811158	0.188842
3REW-C-A	Positive	0.121648	0.878352
3OUD-P-A	Negative	0.514624	0.485376
3S90-C-A	Positive	0.122658	0.877342
3S90-D-B	Positive	0.112157	0.887843
3JZS-P-A	Negative	0.882793	0.117207
3SO6-Q-A	Positive	0.339138	0.660862
3UQP-B-A	Positive	0.129425	0.870575
3H01-B-A	Negative	0.925269	0.0747311
3ZHA-E-A	Positive	0.0834858	0.916514
3ZHA-F-A	Positive	0.0686951	0.931305
3ZHA-G-A	Positive	0.083456	0.916544
3M50-P-A	Negative	0.989068	0.0109319
3QW6-B-A	Positive	0.00391618	0.996084
3LIY-I-A	Positive	0.125217	0.874783
3LIY-J-C	Positive	0.0401848	0.959815
3PLX-A-B	Negative	0.872884	0.127116
3DCG-F-A	Positive	0.152088	0.847912
3DCG-E-D	Positive	0.0922477	0.907752
3PP4-P-H	Positive	0.268841	0.731159
3KTR-B-A	Positive	0.0888096	0.91119
3C03-B-A	Positive	0.0151344	0.984866
3KJL-E-A	Negative	0.889717	0.110283
3KJL-F-A	Negative	0.813567	0.186433
3KJL-G-C	Negative	0.603809	0.396191
3M9D-G-A	Negative	0.993391	0.00660883
3TRS-A-B	Positive	0.287728	0.712272
3TRS-C-D	Positive	0.22207	0.77793
3IQJ-P-A	Positive	0.317959	0.682041
3KUS-C-A	Positive	0.0814117	0.918588
3AP2-T-A	Negative	0.638336	0.361664
3MRC-P-A	Positive	0.0339357	0.966064
3O6L-C-L	Positive	0.293042	0.706958
3EWT-E-A	Positive	0.472841	0.527159
3JQO-C-A	Negative	0.873637	0.126363
3JQO-F-A	Negative	0.824043	0.175957
3JQO-O-J	Negative	0.80181	0.19819
3JQO-R-M	Negative	0.592478	0.407522
3JQO-U-M	Negative	0.864883	0.135117
3JQO-p-k	Negative	0.768769	0.231231
3Q4J-H-B	Negative	0.863375	0.136625
3RO3-B-A	Negative	0.929312	0.0706881
3WS6-E-A	Negative	0.945205	0.054795
3N5E-D-A	Positive	0.00634582	0.993654
3V9T-C-A	Positive	0.00240599	0.997594
3EHU-C-A	Negative	0.698606	0.301394
3E4Z-C-A	Negative	0.987253	0.0127467
3E4Z-D-B	Negative	0.987253	0.0127467
3MRN-P-A	Positive	0.0356231	0.964377
3IK5-D-C	Negative	0.674592	0.325408
3SW9-P-A	Positive	0.00681001	0.99319
3SW9-Q-B	Positive	0.000655213	0.999345
3P3P-B-A	Positive	0.429477	0.570523
3BZZ-A-B	Positive	0.00541495	0.994585
3A9K-C-A	Positive	0.0985588	0.901441
3O3D-C-A	Negative	0.51829	0.48171
3QDZ-E-B	Negative	0.715676	0.284324
3QDZ-F-D	Positive	0.0985057	0.901494
3PBP-C-A	Positive	0.0332106	0.966789
3PBP-I-G	Positive	0.272805	0.727195
3PBP-L-J	Positive	0.327811	0.672189
3DPY-C-A	Positive	0.0175319	0.982468
3R7B-F-C	Positive	0.203788	0.796212
3UVL-B-A	Positive	0.0866657	0.913334
3GCW-E-A	Positive	0.0962933	0.903707
3ZIA-J-A	Positive	0.277758	0.722242
3QXD-C-A	Positive	0.26757	0.73243
3FDM-D-A	Positive	0.371349	0.628651
3FDM-F-C	Positive	0.371349	0.628651
3MRJ-P-A	Positive	0.0153664	0.984634
3OLR-E-A	Negative	0.97775	0.0222498
3OLR-F-B	Negative	0.987626	0.0123745
3GZ1-Q-A	Positive	0.138032	0.861968
3GZ1-P-B	Positive	0.0220514	0.977949
3TDU-F-A	Negative	0.584767	0.415233
3BUN-A-B	Positive	0.188283	0.811717
3IYL-A-B	Positive	0.247655	0.752345
3GCM-E-B	Negative	0.870092	0.129908
3ASW-B-A	Positive	0.00151555	0.998484
3NFK-D-A	Negative	0.560843	0.439157
3VQM-O-A	Positive	0.0414374	0.958563
3VUM-F-A	Positive	0.173305	0.826695
3BBP-D-A	Negative	0.963023	0.0369774
3BBP-E-A	Negative	0.958869	0.0411312
3BBP-F-C	Negative	0.816107	0.183893
3CC5-C-A	Positive	0.318922	0.681078
3WNH-C-A	Positive	0.0754855	0.924514
3FFD-P-A	Positive	0.216036	0.783964
3B1S-A-B	Positive	0.0749582	0.925042
3P87-G-A	Positive	0.215058	0.784942
3P87-H-B	Positive	0.437062	0.562938
3P4U-E-A	Negative	0.930357	0.0696428
3C9A-C-A	Positive	0.365768	0.634232
3OU3-C-A	Positive	0.136401	0.863599
3KMZ-C-B	Positive	0.367292	0.632708
3SP6-B-A	Positive	0.0264581	0.973542
3S13-B-A	Negative	0.962457	0.0375434
3UVU-B-A	Positive	0.0764484	0.923552
3A1Q-C-A	Negative	0.945993	0.0540069
3JCA-C-A	Negative	0.593756	0.406244
3J6B-0-F	Positive	0.000168721	0.999831
3J6B-Y-P	Positive	0.00208429	0.997916
3D18-C-A	Positive	0.0129519	0.987048
3T64-F-A	Positive	0.00686496	0.993135
3JXT-C-A	Negative	0.509971	0.490029
3MAZ-B-A	Positive	0.0673335	0.932667
3DRF-B-A	Positive	0.278411	0.721589
3JTT-C-A	Positive	0.0206793	0.979321
3WL9-C-A	Positive	0.0719536	0.928046
3BXM-I-A	Positive	0.0889614	0.911039
3RWG-C-A	Negative	0.603406	0.396594
3HGZ-D-A	Positive	0.00733134	0.992669
3HGZ-E-B	Positive	0.0489804	0.95102
3L81-B-A	Positive	0.168614	0.831386
3N9P-C-A	Positive	0.341504	0.658496
3EAB-G-A	Negative	0.95435	0.0456502
3EAB-H-A	Negative	0.991259	0.00874148
3EAB-L-A	Negative	0.920893	0.0791065
3EAB-I-C	Negative	0.915655	0.0843452
3EAB-J-D	Negative	0.981802	0.0181983
3EAB-K-E	Negative	0.93934	0.0606599
3QXA-C-A	Positive	0.142051	0.857949
3QXA-F-D	Positive	0.142897	0.857103
3FT2-P-A	Negative	0.935668	0.0643321
3MRD-P-A	Positive	0.0787796	0.92122
3HS8-P-A	Positive	0.239549	0.760451
3JAJ-2-C	Positive	0.115108	0.884892
3NFL-E-A	Negative	0.984192	0.0158078
3OB1-A-B	Negative	0.863428	0.136572
3TBV-I-A	Positive	0.0773753	0.922625
3HDS-E-A	Positive	0.19137	0.80863
3HU6-C-A	Negative	0.725718	0.274282
3UQR-D-A	Positive	0.0905185	0.909481
3SV1-D-A	Positive	0.40623	0.59377
3SV1-E-B	Positive	0.0866812	0.913319
3SV1-F-C	Negative	0.973166	0.0268336
3BUY-C-A	Positive	0.0678826	0.932117
3RYA-B-A	Negative	0.879667	0.120333
3RWD-C-A	Positive	0.0254649	0.974535
3WNE-C-A	Positive	0.00587016	0.99413
3U9D-B-A	Negative	0.707612	0.292388
3EYU-Q-L	Positive	0.0297641	0.970236
3BUW-A-B	Negative	0.986092	0.0139075
3H11-C-B	Negative	0.981618	0.018382
3MIW-B-C	Negative	0.720175	0.279825
3MIW-E-C	Negative	0.720175	0.279825
3MIW-G-C	Negative	0.626574	0.373426
3MIW-I-C	Negative	0.796613	0.203387
3MIW-A-C	Negative	0.796613	0.203387
3MQP-B-A	Negative	0.767513	0.232487
3ZFW-X-A	Negative	0.667126	0.332874
3ZFW-Y-B	Negative	0.893544	0.106456
3D9L-Y-A	Positive	0.0979735	0.902027
3D9L-Z-B	Positive	0.0942027	0.905797
3BEJ-F-B	Positive	0.00482238	0.995178
3MLU-P-L	Positive	0.0378433	0.962157
3HQU-S-A	Negative	0.773961	0.226039
3RWC-C-A	Positive	0.0468368	0.953163
3V79-R-C	Positive	0.307362	0.692638
3P9Y-E-A	Negative	0.661994	0.338006
3BHP-B-A	Positive	0.367667	0.632333
3UVK-B-A	Positive	0.0320186	0.967981
3EYS-Q-L	Positive	0.0535768	0.946423
3O3A-C-A	Negative	0.657263	0.342737
3I74-C-A	Positive	0.00620943	0.993791
3QBY-H-A	Positive	0.00655976	0.99344
3FDL-B-A	Negative	0.873097	0.126903
3WMM-J-L	Positive	0.314747	0.685253
3ZMQ-C-A	Negative	0.62379	0.37621
3BEI-A-B	Negative	0.551353	0.448647
3DVK-B-A	Positive	0.0120146	0.987985
3LU9-C-B	Negative	0.965603	0.0343968
3JAP-r-q	Negative	0.7858	0.2142
3UIG-P-A	Positive	0.00744573	0.992554
3W8J-C-A	Positive	0.35466	0.64534
3N00-B-A	Negative	0.710307	0.289693
3FY2-B-A	Negative	0.638764	0.361236
3BZL-A-C	Positive	0.0212346	0.978765
3BZL-B-D	Positive	0.0761448	0.923855
3P8M-D-A	Negative	0.564738	0.435262
3P8M-C-A	Negative	0.657425	0.342575
3AWR-C-A	Positive	0.0247286	0.975271
3ET1-Q-A	Positive	0.295359	0.704641
3O7L-I-B	Negative	0.801645	0.198355
3MN5-S-A	Positive	0.0263565	0.973643
3IET-X-A	Positive	0.208665	0.791335
3IET-Q-A	Positive	0.0107304	0.98927
3FQU-C-A	Positive	0.00850054	0.991499
3JZO-P-A	Negative	0.748682	0.251318
3HAT-T-H	Positive	0.0039364	0.996064
3IO9-B-A	Negative	0.912212	0.0877881
3DBO-A-B	Negative	0.91665	0.0833497
3VVS-B-A	Positive	0.0504312	0.949569
3HYM-A-B	Positive	0.358626	0.641374
3HYM-C-D	Positive	0.2343	0.7657
3HYM-G-H	Positive	0.0970417	0.902958
3RYB-B-A	Negative	0.8171	0.1829
3KXY-X-A	Positive	0.493743	0.506257
3KXY-W-E	Negative	0.829673	0.170327
3KXY-Y-I	Negative	0.892471	0.107529
3SJ9-B-A	Positive	0.0253125	0.974687
3MLV-P-L	Positive	0.101898	0.898102
3QNJ-C-A	Positive	0.0128972	0.987103
3QNJ-D-A	Positive	0.021753	0.978247
3FOL-P-A	Negative	0.619937	0.380063
3PAB-F-A	Positive	0.0141378	0.985862
3NIH-B-A	Positive	0.00316673	0.996833
3OMC-C-A	Positive	0.0022314	0.997769
3URL-B-A	Positive	0.134914	0.865086
3OS5-B-A	Positive	0.0617741	0.938226
3QHE-B-A	Negative	0.946198	0.0538024
3QHE-D-A	Negative	0.957435	0.0425652
3TFK-B-A	Negative	0.784439	0.215561
3DVP-C-A	Negative	0.650375	0.349625
3RTE-B-A	Negative	0.89342	0.10658
3OEE-I-C	Negative	0.705317	0.294683
3OR0-a-A	Negative	0.873298	0.126702
3OQS-B-A	Positive	0.0406215	0.959378
3O2Q-F-E	Negative	0.547785	0.452215
3OUC-P-A	Positive	0.0182488	0.981751
3TM7-A-B	Positive	0.0340426	0.965957
3I91-C-A	Positive	0.184375	0.815625
3APR-I-E	Positive	0.108919	0.891081
3L3J-C-A	Negative	0.568076	0.431924
3A3Y-G-A	Positive	0.0841964	0.915804
3GIV-C-A	Negative	0.801663	0.198337
3SPV-C-A	Positive	0.00496921	0.995031
3JCT-l-X	Positive	0.00404683	0.995953
3QUL-C-A	Positive	0.0664688	0.933531
3ULR-C-A	Positive	0.349354	0.650646
3C8A-B-A	Positive	0.0033198	0.99668
3SF4-D-A	Negative	0.807192	0.192808
3SF4-E-A	Positive	0.146417	0.853583
3SF4-F-A	Positive	0.49631	0.50369
3B95-P-B	Negative	0.633217	0.366783
3N7N-E-A	Negative	0.737532	0.262468
3N7N-F-B	Negative	0.634286	0.365714
3MYJ-C-A	Positive	0.16048	0.83952
3M55-B-A	Positive	0.00376355	0.996236
3LKP-C-A	Positive	0.0204016	0.979598
3ZIN-B-A	Positive	0.000766368	0.999234
3ZIN-C-A	Positive	0.00148765	0.998512
3D9M-Y-A	Negative	0.529431	0.470569
3D9M-Z-B	Positive	0.151929	0.848071
3ADE-B-A	Negative	0.990604	0.00939629
3SL9-C-A	Negative	0.868709	0.131291
3SL9-F-E	Negative	0.9611	0.0388997
3SL9-H-G	Negative	0.912507	0.0874929
3R5J-E-A	Negative	0.768646	0.231354
3GLI-O-B	Positive	0.233085	0.766915
3DRG-B-A	Positive	0.0883604	0.91164
3BEW-C-A	Negative	0.876493	0.123507
3N9Z-C-A	Positive	0.207534	0.792466
3RBQ-G-A	Positive	0.497558	0.502442
3RBQ-H-B	Negative	0.551949	0.448051
3RBQ-I-C	Positive	0.0146814	0.985319
3RBQ-K-E	Positive	0.11024	0.88976
3QG6-D-A	Positive	0.105262	0.894738
3QG6-C-H	Positive	0.183559	0.816441
3WA0-G-A	Negative	0.7233	0.2767
3WA0-H-A	Negative	0.794697	0.205303
3PCQ-X-B	Positive	0.458339	0.541661
3ZRJ-X-A	Negative	0.518341	0.481659
3ZRJ-Y-B	Negative	0.91481	0.0851904
3QO0-C-A	Negative	0.692533	0.307467
3P4N-F-A	Positive	0.00189485	0.998105
3GWO-B-A	Negative	0.786481	0.213519
3M93-C-A	Positive	0.463435	0.536565
3QW8-B-A	Positive	0.00184181	0.998158
3GZ2-P-B	Positive	0.174385	0.825615
3ISW-C-A	Positive	0.0797281	0.920272
3G2W-C-A	Positive	0.371563	0.628437
3G2W-D-B	Negative	0.767654	0.232346
3ZED-D-A	Negative	0.974642	0.0253585
3ZED-E-B	Negative	0.858967	0.141033
3Q95-D-B	Positive	0.499453	0.500547
3K2U-B-A	Positive	0.000775665	0.999224
3I7K-B-A	Positive	0.0536796	0.94632
3NF3-C-A	Positive	0.0340686	0.965931
3IUR-B-A	Negative	0.739886	0.260114
3IUR-C-A	Positive	0.0376618	0.962338
3ZMT-C-A	Positive	0.0585209	0.941479
3MRH-P-A	Positive	0.0194371	0.980563
3P34-B-A	Negative	0.553554	0.446446
3BU6-B-A	Negative	0.920529	0.0794711
3TKN-B-A	Positive	0.0423481	0.957652
3CU8-Q-B	Negative	0.802675	0.197325
3F7O-X-A	Negative	0.605674	0.394326
3AVJ-D-A	Positive	0.328672	0.671328
3AA1-C-A	Positive	0.0360708	0.963929
3H52-N-A	Positive	0.0287789	0.971221
3H52-M-B	Positive	0.00264108	0.997359
3W3Y-B-A	Positive	0.0198662	0.980134
3IO8-B-A	Negative	0.79129	0.20871
3IO8-D-C	Negative	0.934149	0.0658511
3GLR-B-A	Positive	0.00810969	0.99189
3J5Q-A-D	Positive	0.00474177	0.995258
3MRF-P-A	Positive	0.111949	0.888051
3TBW-I-A	Positive	0.0511531	0.948847
3RQ7-B-A	Positive	0.198218	0.801782
3VVR-B-A	Positive	0.0373857	0.962614
3UZD-B-A	Positive	0.376752	0.623248
3VFW-C-A	Negative	0.869824	0.130176
3FQX-C-A	Positive	0.278679	0.721321
3NK3-C-A	Positive	0.363385	0.636615
3KYS-B-A	Negative	0.841388	0.158612
3KYS-D-C	Negative	0.819967	0.180033
3B71-D-A	Positive	0.0622557	0.937744
3B71-F-C	Positive	0.277209	0.722791
3WV0-X-A	Positive	0.146188	0.853812
3WV0-Y-B	Positive	0.1764	0.8236
3M4C-E-B	Positive	0.011549	0.988451
3ZPV-0-1	Negative	0.700668	0.299332
3ZPV-P-1	Positive	0.322362	0.677638
3ROL-E-A	Positive	0.0873497	0.91265
3TWR-E-A	Negative	0.529818	0.470182
3TWR-H-A	Positive	0.0151526	0.984847
3TWR-G-C	Positive	0.154547	0.845453
3R42-B-A	Negative	0.960475	0.0395254
3S7F-I-A	Positive	0.0040344	0.995966
3KUT-C-A	Positive	0.409013	0.590987
3KUT-D-A	Positive	0.326543	0.673457
3BRH-C-A	Negative	0.707205	0.292795
3BRH-D-B	Negative	0.883349	0.116651
3VUX-G-A	Positive	0.00341183	0.996588
3VUX-E-B	Positive	0.00564441	0.994356
3D0L-C-A	Positive	0.134969	0.865031
3U85-B-A	Positive	0.00254736	0.997453
3BHB-C-A	Positive	0.336578	0.663422
3ZWH-Q-A	Negative	0.747507	0.252493
3MRM-P-A	Positive	0.165092	0.834908
3VI4-I-A	Positive	0.0213539	0.978646
3VI4-G-C	Positive	0.166138	0.833862
3DKT-K-A	Positive	0.0060626	0.993937
3JC2-w-1	Negative	0.605562	0.394438
3ZMU-C-A	Positive	0.00522278	0.994777
3TWX-C-A	Positive	0.200718	0.799282
3UKZ-C-B	Negative	0.584269	0.415731
3KRD-a-C	Positive	0.0464624	0.953538
3A0B-F-A	Positive	0.27267	0.72733
3A0B-I-A	Negative	0.817285	0.182715
3A0B-J-A	Positive	0.0147974	0.985203
3A0B-M-A	Negative	0.826791	0.173209
3WP1-A-B	Positive	0.00808106	0.991919
3CVN-B-A	Positive	0.000569511	0.99943
3OGI-A-B	Negative	0.924075	0.0759248
3L0L-C-A	Positive	0.0464068	0.953593
3AA0-C-A	Positive	0.0536267	0.946373
3NGY-E-D	Positive	0.0082407	0.991759
3QDR-B-A	Positive	0.0937758	0.906224
3OBQ-B-A	Positive	0.132197	0.867803
3KYN-P-A	Positive	0.266316	0.733684
3W3X-B-A	Positive	0.27305	0.72695
3FGA-D-B	Positive	0.0614041	0.938596
3MRK-P-A	Negative	0.826475	0.173525
3CQZ-L-B	Positive	0.00599692	0.994003
3SUI-B-A	Positive	0.177582	0.822418
3E1K-B-A	Negative	0.713601	0.286399
3WY9-C-A	Negative	0.687546	0.312454
3N84-G-A	Positive	0.0581566	0.941843
3N84-K-E	Positive	0.0581566	0.941843
3V5D-C-A	Positive	0.193256	0.806744
3LW5-J-A	Negative	0.894549	0.105451
3Q4A-C-B	Positive	0.29524	0.70476
3H3G-B-A	Positive	0.303566	0.696434
3POA-B-A	Negative	0.508871	0.491129
3BZV-A-B	Positive	0.446119	0.553881
3MXC-L-A	Negative	0.898344	0.101656
3JBU-z-e	Negative	0.621108	0.378892
3GI0-C-A	Negative	0.536459	0.463541
3CFS-E-B	Positive	0.000543368	0.999457
3TO2-C-A	Positive	0.190483	0.809517
3ZIR-B-A	Positive	0.0851003	0.9149
3ZIR-C-A	Positive	0.00684619	0.993154
3GSW-P-A	Positive	0.0549525	0.945048
3GJ4-B-A	Positive	0.0432595	0.956741
3GJ4-D-C	Positive	0.0402098	0.95979
3F9Z-G-A	Positive	0.0052778	0.994722
3MR9-P-A	Positive	0.0466777	0.953322
3CY3-B-A	Positive	0.0144257	0.985574
3LK2-T-A	Positive	0.0495005	0.9505
3RZ2-C-A	Positive	0.311236	0.688764
3O40-B-A	Positive	0.315526	0.684474
3VFV-C-A	Negative	0.950542	0.0494578
3RK2-A-B	Negative	0.828611	0.171389
3PZD-B-A	Negative	0.992892	0.007108
3FOM-P-A	Negative	0.526387	0.473613
3IFL-P-L	Positive	0.086304	0.913696
3ROF-B-A	Positive	0.0562326	0.943767
3BUX-A-B	Negative	0.510555	0.489445
3ZOQ-B-A	Negative	0.957251	0.0427488
3MRR-P-A	Positive	0.158485	0.841515
3MIA-C-A	Positive	0.000306543	0.999693
3ZEV-C-A	Positive	0.00299272	0.997007
3ZEV-D-B	Positive	0.0105617	0.989438
3L3D-C-A	Positive	0.303401	0.696599
3WGX-C-A	Negative	0.831654	0.168346
3WGX-D-B	Positive	0.432587	0.567413
3WBK-C-A	Negative	0.701898	0.298102
3U0T-E-C	Positive	0.158523	0.841477
3NTW-B-A	Negative	0.978993	0.0210073
3NTW-D-A	Negative	0.938212	0.0617876
3SGA-P-E	Positive	0.382339	0.617661
3VEP-X-D	Negative	0.936712	0.0632881
3VEP-G-D	Negative	0.959851	0.0401493
3VEP-C-A	Negative	0.87688	0.12312
3VEP-J-A	Negative	0.87688	0.12312
3AUW-A-B	Positive	0.00241288	0.997587
3ZS9-C-A	Positive	0.0316793	0.968321
3ZS9-D-A	Positive	0.0373174	0.962683
3NCO-D-A	Negative	0.720887	0.279113
3NCO-E-A	Negative	0.710568	0.289432
3DPP-C-A	Positive	0.131176	0.868824
3NMD-B-A	Negative	0.908662	0.0913381
3VCM-P-A	Positive	0.0424404	0.95756
3VCM-Q-A	Positive	0.027547	0.972453
3F6K-N-A	Positive	0.0768903	0.92311
3CS8-B-A	Positive	0.00312846	0.996872
3BS4-B-A	Positive	0.0201438	0.979856
3PE4-B-A	Positive	0.0207414	0.979259
3FHV-C-A	Positive	0.0670494	0.932951
3FQR-C-A	Positive	0.0390634	0.960937
3DRJ-B-A	Positive	0.00122447	0.998776
3O6M-C-L	Positive	0.0020001	0.998
3AT0-B-A	Positive	0.0218788	0.978121
3G8F-B-A	Positive	0.38973	0.61027
3CBP-B-A	Positive	0.00457455	0.995425
3LEX-P-H	Negative	0.733631	0.266369
3ECH-C-A	Negative	0.904946	0.0950544
3NIK-X-A	Negative	0.697367	0.302633
3LLY-B-A	Positive	0.327184	0.672816
3ZGC-C-A	Negative	0.743864	0.256136
3AW0-B-A	Positive	0.0416314	0.958369
3KZ0-C-A	Negative	0.832408	0.167592
3F2O-C-A	Positive	0.240302	0.759698
3THK-C-A	Positive	0.0140661	0.985934
3C59-B-A	Negative	0.713699	0.286301
3J2W-E-A	Positive	0.05898	0.94102
3R29-C-A	Positive	0.0108906	0.989109
3R29-D-B	Positive	0.0126335	0.987367
3HPJ-C-A	Positive	0.0857342	0.914266
3HR5-R-L	Negative	0.847639	0.152361
3HR5-S-A	Negative	0.94428	0.0557198
3HR5-T-P	Positive	0.432091	0.567909
3HR5-V-I	Negative	0.942677	0.0573234
3RCE-B-A	Negative	0.783708	0.216292
3LK3-T-A	Positive	0.0702699	0.92973
3RL7-H-B	Negative	0.777705	0.222295
3RL7-G-A	Negative	0.722597	0.277403
3RL7-L-A	Negative	0.51489	0.48511
3RL7-K-E	Positive	0.41979	0.58021
3PVL-B-A	Positive	0.0485497	0.95145
3SGE-K-L	Positive	0.234974	0.765026
3DPQ-C-A	Positive	0.0153778	0.984622
3AA6-C-A	Positive	0.111042	0.888958
3SOQ-Z-A	Positive	0.00114432	0.998856
3TWS-E-A	Negative	0.645184	0.354816
3TWS-F-A	Positive	0.00749385	0.992506
3TWS-H-A	Positive	0.050712	0.949288
3LCN-C-A	Positive	0.11471	0.88529
3LCN-D-B	Positive	0.00633987	0.99366
3N9N-C-A	Positive	0.0179554	0.982045
3AX3-B-A	Positive	0.001808	0.998192
3IEC-E-A	Positive	0.0539366	0.946063
3SNE-H-A	Negative	0.954108	0.0458918
3TJ6-B-A	Positive	0.198187	0.801813
3HKJ-F-E	Positive	0.189262	0.810738
3J92-1-C	Positive	0.448299	0.551701
3J92-w-H	Negative	0.553252	0.446748
3J92-0-R	Positive	0.00033641	0.999664
3LK4-C-A	Positive	0.298632	0.701368
3FDO-B-A	Negative	0.748682	0.251318
3PO3-L-B	Positive	0.0110464	0.988954
3HQR-S-A	Negative	0.850079	0.149921
3AVF-D-A	Positive	0.0810684	0.918932
3R0H-a-A	Negative	0.648137	0.351863
3EU7-X-A	Negative	0.853985	0.146015
3RWJ-C-A	Negative	0.979362	0.0206384
3H8D-E-A	Positive	0.476505	0.523495
3H8D-F-A	Positive	0.494511	0.505489
3H8D-H-A	Positive	0.494511	0.505489
3URI-B-A	Positive	0.0146995	0.985301
3P4K-P-A	Positive	0.245851	0.754149
3ABD-X-A	Negative	0.709301	0.290699
3ABD-Y-B	Negative	0.77106	0.22894
3C4M-C-A	Positive	0.449286	0.550714
3E6F-P-A	Positive	0.00485085	0.995149
3WOQ-C-A	Positive	0.371911	0.628089
3CVP-B-A	Positive	0.000820662	0.999179
3DM1-B-A	Positive	0.0678054	0.932195
3DM1-D-A	Positive	0.0555531	0.944447
3DM1-F-A	Positive	0.0173243	0.982676
3DM1-H-C	Positive	0.00219521	0.997805
3SHW-B-A	Positive	0.00468319	0.995317
3E8U-P-H	Negative	0.502786	0.497214
3TMH-D-A	Negative	0.94579	0.0542103
3TMH-H-E	Negative	0.974589	0.0254109
3TMH-L-E	Negative	0.584084	0.415916
3TMH-F-I	Negative	0.84676	0.15324
3DA9-D-B	Negative	0.757866	0.242134
3OA6-G-A	Positive	0.00617592	0.993824
3JR3-D-A	Positive	0.00577287	0.994227
3S04-J-A	Negative	0.557836	0.442164
3T5I-Q-D	Positive	0.0445156	0.955484
3GDU-D-A	Positive	0.0236207	0.976379
3U7U-G-A	Positive	0.00595232	0.994048
3U7U-K-C	Positive	0.00886162	0.991138
3L41-B-A	Positive	0.404293	0.595707
3GGW-E-A	Positive	0.23017	0.76983
3GGW-F-C	Positive	0.0218806	0.978119
3M1F-V-A	Positive	0.0430884	0.956912
3JTS-C-A	Positive	0.30603	0.69397
3EJH-E-A	Negative	0.648733	0.351267
3EJH-F-A	Negative	0.744926	0.255074
3PKN-B-A	Positive	0.145	0.855
3X23-B-A	Positive	0.00086968	0.99913
3IIY-B-A	Positive	0.182339	0.817661
3TZD-T-A	Positive	0.0016949	0.998305
3I89-B-A	Positive	0.0948268	0.905173
3M94-C-A	Positive	0.463435	0.536565
3RSE-Z-A	Negative	0.617112	0.382888
3UFM-B-A	Positive	0.330611	0.669389
3LM1-B-A	Positive	0.323103	0.676897
3OTY-P-A	Negative	0.83642	0.16358
4QUU-B-A	Positive	0.00182856	0.998171
4ZZJ-B-A	Positive	0.00311485	0.996885
4TY6-H-A	Positive	0.0110514	0.988949
4WM0-D-A	Positive	0.132777	0.867223
4B18-B-A	Positive	0.0149868	0.985013
4V0W-B-A	Negative	0.958453	0.0415473
4YPI-G-C	Negative	0.980184	0.0198158
4UF2-B-A	Negative	0.945287	0.0547127
4PKF-C-A	Positive	0.0457943	0.954206
4L0V-C-A	Negative	0.984397	0.0156031
4X0W-P-U	Negative	0.515325	0.484675
4Q96-C-A	Positive	0.481297	0.518703
4Q96-F-A	Positive	0.481297	0.518703
4O4Y-A-L	Negative	0.943538	0.0564619
4WJN-B-A	Negative	0.625124	0.374876
4TWJ-B-A	Positive	0.000749072	0.999251
4TQE-A-L	Positive	0.0557752	0.944225
4IB5-D-A	Positive	0.00338895	0.996611
4CY2-C-A	Negative	0.774944	0.225056
4CY2-D-A	Positive	0.0329386	0.967061
4JOH-C-A	Positive	0.44146	0.55854
4JOH-D-A	Positive	0.0552134	0.944787
4P6W-B-A	Negative	0.654517	0.345483
4RFO-N-G	Positive	0.00677285	0.993227
4I51-C-A	Positive	0.0485491	0.951451
4I51-D-B	Positive	0.129646	0.870354
4WFA-Z-K	Positive	0.00238763	0.997612
4BT9-C-A	Positive	0.0198943	0.980106
4Y8J-e-H	Positive	0.265908	0.734092
4PS0-C-A	Positive	0.374252	0.625748
4LOQ-M-A	Negative	0.925545	0.0744545
4LOQ-K-A	Negative	0.529044	0.470956
4M5T-B-A	Positive	0.175076	0.824924
4M5T-F-A	Positive	0.175076	0.824924
4M5T-H-G	Positive	0.114385	0.885615
4E18-B-A	Negative	0.816106	0.183894
4MZL-C-A	Positive	0.00208276	0.997917
4BQD-C-A	Positive	0.287609	0.712391
4APJ-P-A	Positive	0.146692	0.853308
4ES0-C-A	Positive	0.32122	0.67878
4ODP-B-A	Positive	0.0448162	0.955184
4JFQ-C-A	Positive	0.138466	0.861534
4MVB-B-C	Negative	0.964217	0.0357832
4IF6-B-A	Negative	0.601411	0.398589
4WFN-2-C	Positive	0.00257134	0.997429
4WLB-D-A	Positive	0.00398009	0.99602
4QBM-C-A	Positive	0.00450631	0.995494
4N7V-C-A	Negative	0.890436	0.109564
4LCY-C-A	Positive	0.196805	0.803195
4J48-B-A	Positive	0.327373	0.672627
4OS6-B-A	Positive	0.00268553	0.997314
4J8B-B-A	Positive	0.00164104	0.998359
4HUV-C-A	Negative	0.971528	0.0284718
4CHB-C-A	Negative	0.791152	0.208848
4C2G-C-A	Positive	0.440596	0.559404
4CE4-6-8	Positive	0.165398	0.834602
4CE4-7-F	Positive	0.00201899	0.997981
4V1V-C-A	Negative	0.694961	0.305039
4V1V-D-A	Negative	0.844871	0.155129
4KTS-B-A	Positive	0.314294	0.685706
4J2X-B-A	Positive	0.122384	0.877616
4HLH-C-A	Negative	0.984397	0.0156031
4HLH-D-A	Negative	0.984397	0.0156031
4JFZ-P-L	Positive	0.00733653	0.992663
4H2T-C-A	Negative	0.85273	0.14727
4LOR-D-A	Positive	0.0270473	0.972953
4W50-E-A	Positive	0.0300221	0.969978
4ISR-D-A	Positive	0.0301698	0.96983
4ISR-E-A	Positive	0.0301698	0.96983
4TT2-P-A	Positive	0.00168823	0.998312
4R1E-B-A	Positive	0.00397324	0.996027
4GLY-B-A	Positive	0.0550856	0.944914
4GUX-D-A	Positive	0.0097673	0.990233
4GPK-M-A	Positive	0.0668838	0.933116
4V19-7-2	Positive	0.000945812	0.999054
4YZH-B-A	Positive	0.00129603	0.998704
4ZHB-B-A	Negative	0.749105	0.250895
4YA5-c-H	Positive	0.23952	0.76048
4Q6H-B-A	Negative	0.904218	0.0957822
4ETO-P-A	Negative	0.892622	0.107378
4C5G-B-A	Negative	0.878896	0.121104
4YGW-b-B	Negative	0.801185	0.198815
4N5T-B-A	Negative	0.897843	0.102157
4JTD-Y-H	Positive	0.00102329	0.998977
4N0C-B-A	Negative	0.923447	0.0765533
4HS8-A-H	Positive	0.062006	0.937994
4CCO-C-A	Positive	0.0260677	0.973932
4GDK-C-B	Positive	0.122342	0.877658
4GDK-F-B	Positive	0.449793	0.550207
4FL8-C-A	Negative	0.774936	0.225064
4FL8-D-A	Negative	0.713975	0.286025
4RG9-S-A	Negative	0.962008	0.0379925
4EMZ-D-C	Negative	0.635037	0.364963
4EMZ-E-B	Positive	0.358623	0.641377
4WX4-C-A	Positive	0.00170567	0.998294
4YR6-C-A	Positive	0.0267916	0.973208
4QRS-C-A	Positive	0.000692948	0.999307
4ZNY-B-A	Negative	0.978908	0.0210921
4RQI-E-A	Negative	0.700333	0.299667
4RQI-F-A	Negative	0.727753	0.272247
4RQI-G-C	Negative	0.520957	0.479043
4RQI-H-C	Negative	0.884955	0.115045
4JFX-P-L	Positive	0.0755172	0.924483
4EN2-D-M	Negative	0.949542	0.0504585
4EN2-E-B	Negative	0.709064	0.290936
4B8P-C-A	Positive	0.000660861	0.999339
4OI4-U-A	Negative	0.714266	0.285734
4OI4-D-C	Positive	0.351608	0.648392
4ZOZ-Y-A	Positive	6.14835e-05	0.999939
4EZR-B-A	Positive	0.011103	0.988897
4XKH-E-A	Negative	0.62631	0.37369
4XKH-C-F	Negative	0.892197	0.107803
4ZIH-B-A	Negative	0.981736	0.0182636
4P6Z-V-G	Negative	0.66952	0.33048
4P6Z-T-M	Positive	0.241905	0.758095
4X6S-L-A	Negative	0.653003	0.346997
4CR4-Y-R	Negative	0.617774	0.382226
4ZKS-P-U	Positive	0.317639	0.682361
4PRD-C-A	Negative	0.944184	0.0558162
4JOL-E-A	Positive	0.117797	0.882203
4JOL-H-B	Positive	0.371526	0.628474
4FQX-E-A	Positive	0.00116354	0.998836
4V3I-B-A	Positive	0.369966	0.630034
4ZNX-E-A	Negative	0.531723	0.468277
4ZNX-G-B	Positive	0.219466	0.780534
4XNH-F-A	Negative	0.841366	0.158634
4CC7-B-A	Positive	0.313532	0.686468
4CC7-D-A	Positive	0.269523	0.730477
4JS0-B-A	Positive	0.459919	0.540081
4MNY-C-A	Positive	0.00866964	0.99133
4JOG-C-A	Positive	0.117945	0.882055
4N3A-B-A	Positive	0.266726	0.733274
4A2A-C-A	Negative	0.504068	0.495932
4A2A-D-B	Positive	0.498396	0.501604
4H1L-C-A	Positive	0.0029127	0.997087
4M1L-B-A	Positive	0.064539	0.935461
4QO2-B-A	Positive	0.184312	0.815688
4NSK-C-A	Positive	0.0986978	0.901302
4K78-B-A	Negative	0.845494	0.154506
4HHA-P-A	Positive	0.317972	0.682028
4FQ3-B-A	Positive	0.271402	0.728598
4O6F-B-A	Positive	0.00223633	0.997764
4QSY-B-A	Negative	0.969472	0.0305282
4JIZ-B-A	Positive	0.00515991	0.99484
4PG9-C-A	Positive	0.305427	0.694573
4YOS-E-A	Negative	0.798162	0.201838
4CCM-C-A	Positive	0.000354976	0.999645
4CCM-D-B	Positive	0.00938711	0.990613
4ZLX-A-B	Negative	0.589849	0.410151
4F7M-C-A	Negative	0.976481	0.0235192
4YYD-Z-A	Positive	0.0405254	0.959475
4AFJ-X-A	Negative	0.611243	0.388757
4QPQ-A-D	Negative	0.919923	0.0800775
4Q6S-C-A	Positive	0.0120622	0.987938
4M5S-B-A	Positive	0.493093	0.506907
4GU0-E-A	Positive	0.0325391	0.967461
4A7J-B-A	Positive	0.236783	0.763217
4Y80-c-H	Positive	0.0905185	0.909481
4HTC-L-H	Negative	0.90471	0.0952901
4OIH-B-A	Positive	0.00249808	0.997502
4WWR-B-A	Negative	0.985775	0.0142249
4WWR-H-A	Negative	0.981535	0.0184648
4WWR-D-G	Negative	0.943344	0.0566557
4I1P-B-A	Negative	0.644185	0.355815
4P3C-M-H	Negative	0.894068	0.105932
4R11-B-A	Negative	0.962455	0.0375451
4R11-D-C	Negative	0.963768	0.0362318
4R11-F-E	Negative	0.857749	0.142251
4WM7-D-A	Negative	0.621306	0.378694
4MNX-B-A	Positive	0.0802082	0.919792
4E81-C-A	Positive	0.0425492	0.957451
4ZRO-E-A	Positive	0.302955	0.697045
4XC1-P-L	Positive	0.00838297	0.991617
4J84-C-A	Positive	0.104518	0.895482
4J84-D-B	Positive	0.0231279	0.976872
4Q0X-E-H	Positive	0.241217	0.758783
4PGD-C-A	Positive	0.213239	0.786761
4O97-B-A	Positive	0.00184459	0.998155
4BOS-F-A	Positive	0.0497046	0.950295
4GAO-F-A	Positive	0.0102064	0.989794
4GAO-H-A	Positive	0.00181031	0.99819
4LX2-B-A	Positive	0.257386	0.742614
4CDI-C-A	Positive	0.113482	0.886518
4OH6-B-A	Positive	0.0491628	0.950837
4IMY-G-B	Positive	0.492608	0.507392
4OK1-B-A	Positive	0.0607498	0.93925
4OGR-G-F	Positive	0.456994	0.543006
4A0K-B-A	Negative	0.701778	0.298222
4X23-U-C	Positive	0.000214677	0.999785
4X23-V-E	Positive	0.249572	0.750428
4X23-X-H	Positive	0.212362	0.787638
4X23-W-M	Positive	0.00532105	0.994679
4JYI-G-A	Positive	0.142368	0.857632
4R8T-A-B	Negative	0.651015	0.348985
4BKL-E-A	Positive	0.228511	0.771489
4BKL-F-A	Positive	0.0478018	0.952198
4BKL-G-A	Positive	0.0478018	0.952198
4LZF-B-A	Positive	0.15174	0.84826
4JOR-C-A	Negative	0.73544	0.26456
4N7Y-C-A	Positive	0.296491	0.703509
4TT3-H-A	Positive	0.466611	0.533389
4TT3-I-B	Positive	0.304934	0.695066
4TT3-J-E	Positive	0.0183752	0.981625
4U0B-M-A	Positive	0.197532	0.802468
4U0B-N-A	Negative	0.529103	0.470897
4LNP-B-A	Positive	0.213164	0.786836
4QRR-P-A	Positive	0.00970168	0.990298
4U0C-B-A	Positive	0.137979	0.862021
4QY8-Q-A	Negative	0.980224	0.0197756
4XEF-B-A	Negative	0.9939	0.00609973
4XEF-C-A	Negative	0.914868	0.0851316
4XEF-F-D	Negative	0.962173	0.037827
4MZK-T-A	Positive	0.0117595	0.988241
4FMN-C-A	Positive	0.013122	0.986878
4ZI1-B-A	Negative	0.788725	0.211275
4XHV-B-A	Positive	0.294068	0.705932
4JO3-P-L	Negative	0.846427	0.153573
4DLQ-B-A	Positive	0.26988	0.73012
4S1Z-G-A	Positive	0.00257485	0.997425
4S1Z-J-A	Positive	0.0107344	0.989266
4S1Z-I-A	Positive	0.00551348	0.994487
4TT4-P-A	Positive	0.0839651	0.916035
4XVJ-A-H	Positive	0.339775	0.660225
4GK5-C-A	Negative	0.621835	0.378165
4GK5-G-E	Positive	0.0511171	0.948883
4PRB-C-A	Negative	0.973286	0.0267141
4PV1-H-A	Positive	0.0126826	0.987317
4PV1-F-B	Positive	0.155807	0.844193
4B1U-M-B	Positive	0.050506	0.949494
4PDW-D-A	Positive	0.280169	0.719831
4XPM-A-B	Positive	0.346735	0.653265
4BJ6-D-C	Positive	0.0114005	0.9886
4JMG-B-A	Positive	0.332078	0.667922
4LN2-B-A	Negative	0.696484	0.303516
4D0G-C-A	Positive	0.202805	0.797195
4GBX-E-A	Positive	0.00341413	0.996586
4G5R-E-A	Negative	0.563125	0.436875
4G5R-G-A	Positive	0.443972	0.556028
4PSW-C-A	Positive	7.57032e-05	0.999924
4UTV-C-A	Positive	0.212715	0.787285
4IUT-C-B	Positive	0.0133509	0.986649
4B86-A-B	Negative	0.998452	0.00154841
4B86-I-C	Negative	0.964509	0.0354909
4B86-J-K	Negative	0.966399	0.0336007
4AJU-B-A	Positive	0.487233	0.512767
4MNV-B-A	Positive	0.000645929	0.999354
4MNV-C-A	Positive	0.0110818	0.988918
4JOJ-C-A	Positive	0.197724	0.802276
4JOJ-D-B	Positive	0.472339	0.527661
4JOF-C-A	Negative	0.626568	0.373432
4JOF-D-B	Negative	0.654441	0.345559
4U7I-B-A	Positive	0.158444	0.841556
4HQJ-G-A	Negative	0.642133	0.357867
4HQJ-E-C	Positive	0.365476	0.634524
4OJ9-B-A	Positive	0.288568	0.711432
4CIN-C-A	Negative	0.94459	0.0554097
4CIN-D-B	Negative	0.992701	0.00729933
4EDU-T-A	Positive	0.00293163	0.997068
4ZKB-B-A	Negative	0.770066	0.229934
4NB3-C-A	Negative	0.740392	0.259608
4RTV-B-A	Negative	0.531723	0.468277
4E05-I-H	Negative	0.968831	0.0311686
4M38-E-A	Positive	0.00390904	0.996091
4M38-F-B	Positive	0.00161828	0.998382
4N84-C-A	Negative	0.545997	0.454003
4CKT-C-A	Negative	0.910221	0.0897788
4CKT-D-B	Negative	0.877901	0.122099
4Z96-C-A	Positive	0.000271303	0.999729
4RWG-D-A	Positive	0.126145	0.873855
4RWG-F-C	Positive	0.458162	0.541838
4D7Z-A-B	Positive	0.0670209	0.932979
4PGB-C-A	Positive	0.125816	0.874184
4H3Q-B-A	Negative	0.855384	0.144616
4BXW-F-A	Positive	0.254252	0.745748
4AM9-B-A	Negative	0.673683	0.326317
4JIJ-P-A	Positive	0.0967506	0.903249
4JIJ-Q-B	Positive	0.0967506	0.903249
4QJ8-E-A	Positive	0.27777	0.72223
4RG6-S-A	Negative	0.991479	0.00852095
4QOY-E-A	Positive	0.0395934	0.960407
4B60-C-A	Positive	0.0818851	0.918115
4OEY-B-A	Positive	0.0232651	0.976735
4Q94-C-A	Positive	0.369446	0.630554
4JZN-K-I	Positive	0.055944	0.944056
4D0C-C-A	Negative	0.791113	0.208887
4GW1-E-A	Positive	0.013538	0.986462
4J9H-G-A	Positive	0.435201	0.564799
4YEC-C-A	Negative	0.763012	0.236988
4B1Y-M-B	Positive	0.0517673	0.948233
4Z1M-H-A	Positive	0.417935	0.582065
4Z1M-J-E	Positive	0.125098	0.874902
4XIB-C-A	Positive	0.00160634	0.998394
4QYL-E-A	Positive	0.000361265	0.999639
4MDJ-C-A	Positive	0.477182	0.522818
4Z8M-C-A	Negative	0.851493	0.148507
4Z8M-D-A	Negative	0.968264	0.0317364
4GVC-B-A	Positive	0.00279348	0.997207
4RTW-B-A	Positive	0.165104	0.834896
4RTW-D-A	Positive	0.0294765	0.970524
4RTW-E-A	Positive	0.0874208	0.912579
4JR0-C-A	Positive	0.349637	0.650363
4LKE-E-A	Positive	0.0274333	0.972567
4LKE-F-B	Positive	0.0538448	0.946155
4J2J-D-A	Negative	0.717048	0.282952
4J2J-E-A	Negative	0.789854	0.210146
4J2J-F-B	Negative	0.698127	0.301873
4MBQ-A-C	Negative	0.987925	0.012075
4MBQ-F-C	Negative	0.987223	0.0127767
4B8Y-B-A	Positive	0.0280671	0.971933
4N4I-B-A	Positive	0.0330206	0.966979
4Y18-I-A	Negative	0.579465	0.420535
4Y18-L-D	Positive	0.0645298	0.93547
4Y18-N-F	Positive	0.0184829	0.981517
4WDI-C-A	Positive	0.293473	0.706527
4YA9-c-H	Positive	0.0905185	0.909481
4ZN8-B-A	Negative	0.544137	0.455863
4ZN8-C-A	Positive	0.496874	0.503126
4ZN8-D-A	Positive	0.265585	0.734415
4WJO-B-A	Negative	0.765954	0.234046
4RT4-E-C	Negative	0.832314	0.167686
4RT4-A-D	Negative	0.881594	0.118406
4E17-B-A	Negative	0.962599	0.0374008
4X01-D-A	Negative	0.947225	0.0527751
4I7C-B-A	Positive	0.0269833	0.973017
4TKY-E-A	Positive	0.364458	0.635542
4UTQ-Z-A	Positive	0.21895	0.78105
4X3O-C-A	Positive	0.00211834	0.997882
4J78-B-A	Positive	0.0023168	0.997683
4IHL-P-A	Positive	0.342238	0.657762
4GMN-B-A	Positive	0.115897	0.884103
4JWC-C-A	Positive	0.00184876	0.998151
4JWC-D-A	Positive	0.00245575	0.997544
4GEQ-F-A	Negative	0.97921	0.0207905
4DM9-X-A	Positive	0.0334744	0.966526
4YK6-B-A	Negative	0.753894	0.246106
4N3B-B-A	Positive	0.0849153	0.915085
4B8L-D-A	Negative	0.856653	0.143347
4PC0-C-A	Positive	0.255226	0.744774
4BLD-E-A	Positive	0.105716	0.894284
4Y8L-d-H	Negative	0.658639	0.341361
4Y8L-c-K	Negative	0.658639	0.341361
4U7E-A-B	Positive	0.0440808	0.955919
4K76-E-A	Positive	0.187745	0.812255
4K76-F-B	Positive	0.145869	0.854131
4K76-G-B	Positive	0.167387	0.832613
4K76-H-D	Positive	0.0819074	0.918093
4U9W-F-A	Positive	0.000727986	0.999272
4U9W-E-B	Positive	0.000727986	0.999272
4C0H-C-A	Positive	0.485354	0.514646
4C0H-D-B	Positive	0.253923	0.746077
4D0M-F-A	Negative	0.908012	0.0919878
4NO2-C-A	Negative	0.880768	0.119232
4X1S-P-U	Positive	0.0444267	0.955573
4R3P-B-A	Positive	0.147451	0.852549
4D6U-I-A	Positive	0.261331	0.738669
4D6U-V-N	Positive	0.222213	0.777787
4MEX-M-C	Positive	0.128796	0.871204
4HYB-C-A	Positive	0.0525068	0.947493
4R6R-D-A	Positive	0.0537647	0.946235
4W9M-D-C	Positive	0.168034	0.831966
4W9M-F-E	Positive	0.175412	0.824588
4W9M-L-K	Positive	0.262429	0.737571
4IXR-F-A	Positive	0.27267	0.72733
4IXR-J-A	Positive	0.0147974	0.985203
4IXR-M-A	Negative	0.867155	0.132845
4IXR-T-A	Negative	0.887576	0.112424
4IXR-t-B	Negative	0.887576	0.112424
4IXR-X-D	Positive	0.0350316	0.964968
4JOK-C-A	Positive	0.296459	0.703541
4JOK-D-B	Positive	0.435971	0.564029
4YO0-E-A	Negative	0.95008	0.0499196
4YO0-F-C	Negative	0.91773	0.0822703
4Y28-J-A	Negative	0.705328	0.294672
4Z0X-C-A	Positive	0.055944	0.944056
4H3K-F-E	Positive	0.248371	0.751629
4R6Q-B-A	Positive	0.0291338	0.970866
4R6Q-F-A	Positive	0.0234379	0.976562
4WRQ-C-A	Positive	0.131576	0.868424
4WRQ-D-B	Positive	0.0576706	0.942329
4W2E-9-Q	Positive	0.000715864	0.999284
4W2E-u-m	Positive	0.000420717	0.999579
4G91-A-B	Positive	0.0693824	0.930618
4REY-B-A	Negative	0.893936	0.106064
4K0U-B-A	Negative	0.852841	0.147159
4NMR-C-A	Negative	0.557177	0.442823
4NMR-D-B	Positive	0.0552134	0.944787
4ABI-B-A	Positive	0.00138546	0.998615
4CSE-C-A	Negative	0.92297	0.0770299
4CSE-D-B	Positive	0.0435951	0.956405
4PZ6-Q-A	Positive	0.285257	0.714743
4FCM-C-A	Positive	0.0526877	0.947312
4ZRI-C-A	Positive	0.347867	0.652133
4ZRI-D-B	Positive	0.0953727	0.904627
4PJ0-I-A	Negative	0.863885	0.136115
4PJ0-L-A	Negative	0.952201	0.0477989
4PJ0-M-A	Negative	0.831006	0.168994
4PJ0-T-A	Negative	0.945558	0.0544417
4PJ0-t-B	Negative	0.945558	0.0544417
4PJ0-Y-C	Negative	0.564597	0.435403
4PJ0-R-E	Positive	0.18743	0.81257
4PJ0-j-a	Positive	0.013263	0.986737
4PJ0-l-a	Negative	0.952201	0.0477989
4PJ0-r-e	Positive	0.231415	0.768585
4ZHM-P-U	Positive	0.0223519	0.977648
4WNN-T-C	Negative	0.926457	0.0735435
4JWI-C-A	Positive	0.0366862	0.963314
4OWW-C-A	Positive	0.281794	0.718206
4A0I-C-A	Positive	0.0274204	0.97258
4PN1-E-A	Negative	0.504754	0.495246
4BA3-B-A	Positive	0.000840445	0.99916
4ODL-D-A	Positive	0.00731325	0.992687
4ODL-C-B	Positive	0.0172716	0.982728
4D8I-B-A	Negative	0.967671	0.0323285
4QNZ-B-A	Negative	0.550971	0.449029
4NMT-C-A	Positive	0.260217	0.739783
4NMT-D-B	Positive	0.428537	0.571463
4BPJ-D-A	Negative	0.974584	0.0254162
4H2V-C-A	Negative	0.940515	0.0594852
4EAK-B-A	Positive	0.0759166	0.924083
4Z63-P-A	Positive	0.258301	0.741699
4UEC-B-A	Negative	0.708989	0.291011
4GKV-P-B	Positive	0.161255	0.838745
4NXM-U-M	Positive	0.000840157	0.99916
4OH9-B-A	Negative	0.665218	0.334782
4F7P-C-A	Positive	0.048817	0.951183
4FJ3-P-A	Positive	0.130463	0.869537
4UWX-C-A	Positive	0.196509	0.803491
4UWX-D-B	Positive	0.360848	0.639152
4KMD-B-A	Positive	0.0564679	0.943532
4CRI-C-A	Negative	0.539933	0.460067
4CRI-D-A	Positive	0.299042	0.700958
4AF3-D-A	Negative	0.88974	0.11026
4O42-B-A	Positive	0.284724	0.715276
4N8C-X-H	Negative	0.989309	0.0106908
4N8C-Y-I	Negative	0.966893	0.0331065
4EHQ-G-A	Positive	0.0167099	0.98329
4O27-C-A	Negative	0.635889	0.364111
4QRQ-C-A	Negative	0.683018	0.316982
4Y1C-C-A	Positive	0.175835	0.824165
4BV2-E-A	Positive	0.000550204	0.99945
4INH-M-A	Positive	0.112182	0.887818
4Y1D-D-A	Positive	0.0845144	0.915486
4GP4-C-A	Negative	0.671707	0.328293
4EXT-B-C	Negative	0.892777	0.107223
4H62-K-Q	Negative	0.600462	0.399538
4H62-V-Q	Negative	0.760687	0.239313
4TXQ-C-A	Positive	0.272194	0.727806
4TXQ-D-B	Negative	0.692353	0.307647
4ADX-5-E	Positive	0.000267955	0.999732
4NMP-C-A	Positive	0.411867	0.588133
4NMP-D-B	Negative	0.633254	0.366746
4MJH-B-A	Positive	0.107465	0.892535
4NQL-C-A	Negative	0.862697	0.137303
4WPI-D-A	Positive	0.000111399	0.999889
4HTV-B-A	Positive	0.00131988	0.99868
4ITZ-C-A	Negative	0.845977	0.154023
4J9I-B-A	Positive	0.436397	0.563603
4AR2-P-A	Negative	0.603237	0.396763
4C93-D-A	Negative	0.813034	0.186966
4HFX-C-A	Negative	0.720967	0.279033
4OZG-J-A	Negative	0.904684	0.095316
4OZG-I-C	Negative	0.921293	0.0787074
4MVI-B-A	Negative	0.528622	0.471378
4AFX-B-A	Positive	0.482415	0.517585
4TNI-F-A	Positive	0.27267	0.72733
4TNI-M-A	Negative	0.867155	0.132845
4CH8-C-D	Negative	0.972106	0.0278938
4CH8-G-D	Negative	0.963581	0.0364193
4CH8-Q-D	Negative	0.865491	0.134509
4UQZ-B-A	Negative	0.747136	0.252864
4D2G-E-A	Negative	0.532381	0.467619
4HUU-C-A	Negative	0.937294	0.0627059
4XAL-B-A	Positive	0.299161	0.700839
4U1L-C-A	Positive	0.0664179	0.933582
4U1L-F-D	Positive	0.0664179	0.933582
4FT4-Q-B	Positive	0.32088	0.67912
4BXR-C-A	Positive	0.15174	0.84826
4BXR-D-B	Positive	0.430796	0.569204
4EZ1-L-A	Positive	0.199105	0.800895
4DOW-C-A	Positive	0.0211492	0.978851
4DOW-D-A	Positive	0.000269088	0.999731
4BD2-C-A	Negative	0.660195	0.339805
4IUV-C-A	Positive	0.289811	0.710189
4GKG-F-A	Negative	0.936282	0.0637179
4V11-B-A	Negative	0.513286	0.486714
4ZJV-C-A	Positive	0.0838975	0.916102
4ZJV-D-B	Positive	0.282774	0.717226
4NQV-M-A	Negative	0.817286	0.182714
4HVU-B-A	Negative	0.531723	0.468277
4OZ1-C-A	Positive	0.277268	0.722732
4EOY-D-A	Negative	0.795369	0.204631
4EOY-F-C	Negative	0.795369	0.204631
4LOP-K-A	Negative	0.547626	0.452374
4LOP-N-B	Negative	0.732394	0.267606
4A5X-C-A	Negative	0.777687	0.222313
4A5X-D-A	Negative	0.694299	0.305701
4TWI-B-A	Positive	0.00172843	0.998272
4LLG-M-C	Negative	0.821024	0.178976
4LLG-N-I	Negative	0.869981	0.130019
4O9W-B-A	Positive	0.362761	0.637239
4F27-Q-A	Positive	0.268455	0.731545
4YI0-A-C	Negative	0.78795	0.21205
4BQ8-B-C	Positive	0.212767	0.787233
4YM4-B-A	Negative	0.983868	0.0161322
4CVZ-C-A	Positive	0.362559	0.637441
4V0V-B-A	Negative	0.957868	0.0421318
4V0V-D-C	Negative	0.992952	0.0070481
4RRV-B-A	Positive	0.388974	0.611026
4H3H-F-E	Positive	0.232711	0.767289
4QX7-E-A	Positive	0.14949	0.85051
4QX7-F-C	Positive	0.0179743	0.982026
4UEA-B-A	Negative	0.843995	0.156005
4UEA-D-C	Negative	0.953814	0.046186
4F00-B-A	Positive	0.0403251	0.959675
4DEX-B-A	Negative	0.764266	0.235734
4R6O-F-A	Positive	0.0234379	0.976562
4J81-D-A	Positive	0.089658	0.910342
4Z2P-P-A	Negative	0.990748	0.00925186
4Z2P-C-A	Negative	0.951808	0.0481921
4HAB-D-A	Positive	0.110927	0.889073
4U1J-C-A	Negative	0.561297	0.438703
4ZIG-B-A	Negative	0.658568	0.341432
4JDH-B-A	Positive	0.0677089	0.932291
4ZXL-H-A	Positive	0.134974	0.865026
4MMY-C-A	Negative	0.503383	0.496617
4N78-P-A	Positive	0.00675098	0.993249
4YFB-B-A	Positive	0.344028	0.655972
4YFB-E-A	Positive	0.444625	0.555375
4YFB-K-G	Positive	0.414192	0.585808
4EIK-B-A	Negative	0.765855	0.234145
4J1V-E-A	Negative	0.99415	0.00585036
4J1V-G-A	Negative	0.952441	0.0475592
4AW9-I-A	Negative	0.982526	0.0174745
4D0Z-X-B	Positive	0.252908	0.747092
4HH6-Z-A	Negative	0.799602	0.200398
4YIZ-B-A	Negative	0.639905	0.360095
4THN-I-H	Positive	0.447181	0.552819
4M91-B-A	Positive	0.00462075	0.995379
4NM5-B-A	Negative	0.809488	0.190512
4NM5-C-A	Positive	0.0267805	0.973219
4QIW-W-A	Positive	0.00194137	0.998059
4U1S-C-A	Positive	0.0214439	0.978556
4NUT-B-A	Positive	0.00137434	0.998626
4EDN-L-A	Negative	0.994452	0.00554818
4EDN-O-E	Negative	0.676913	0.323087
4EDN-Q-E	Negative	0.981996	0.0180038
4EDN-P-F	Negative	0.826007	0.173993
4LKL-B-A	Positive	0.033316	0.966684
4JZO-J-A	Positive	0.0140579	0.985942
4KTX-B-A	Positive	0.00634514	0.993655
4BWQ-B-A	Positive	0.47477	0.52523
4BWQ-D-A	Positive	0.205005	0.794995
4BWQ-F-C	Positive	0.235286	0.764714
4D2M-B-A	Negative	0.922714	0.0772861
4D2M-D-C	Negative	0.957218	0.0427821
4UUB-D-A	Positive	0.212715	0.787285
4UE4-B-C	Positive	0.124787	0.875213
4KYT-B-A	Positive	0.23372	0.76628
4KYT-C-A	Positive	0.135138	0.864862
4ZDU-B-A	Positive	0.439746	0.560254
4IZY-B-A	Positive	0.259327	0.740673
4G35-B-A	Negative	0.867042	0.132958
4MZ5-A-E	Positive	0.00326126	0.996739
4MZ5-C-E	Negative	0.738501	0.261499
4N9G-C-A	Negative	0.784579	0.215421
4N9G-Z-A	Negative	0.574378	0.425622
4N9G-D-E	Negative	0.597912	0.402088
4PZ3-C-B	Positive	0.191204	0.808796
4DOR-C-A	Negative	0.859445	0.140555
4YGX-E-D	Positive	0.146996	0.853004
4WHT-a-A	Positive	0.108325	0.891675
4WHT-c-C	Positive	0.0432432	0.956757
4WHT-o-O	Positive	0.144735	0.855265
4WHT-q-Q	Positive	0.0390683	0.960932
4JG0-P-L	Positive	0.265678	0.734322
4XTR-G-A	Positive	0.280492	0.719508
4OR5-E-B	Negative	0.576163	0.423837
4OR5-J-B	Negative	0.576163	0.423837
4X3E-B-A	Positive	0.398629	0.601371
4G71-C-A	Negative	0.671707	0.328293
4NO0-C-A	Negative	0.992055	0.00794524
4FBY-T-A	Negative	0.887576	0.112424
4GRV-B-A	Positive	0.0129035	0.987096
4HEE-Y-X	Positive	0.158969	0.841031
4B4S-B-A	Negative	0.786315	0.213685
4ODK-B-A	Positive	0.206271	0.793729
4ODK-C-A	Positive	0.0157797	0.98422
4NW2-B-A	Positive	0.014673	0.985327
4NW2-D-C	Positive	0.0022482	0.997752
4Y6O-C-A	Positive	0.00450183	0.995498
4EZT-B-A	Positive	0.0048485	0.995151
4I2W-B-A	Negative	0.910258	0.0897424
4NF9-C-A	Positive	0.000311811	0.999688
4MGX-B-A	Positive	0.0398487	0.960151
4OH4-E-A	Positive	0.215316	0.784684
4CCN-C-A	Positive	0.0100125	0.989988
4K7F-C-A	Positive	0.189203	0.810797
4HCZ-C-A	Positive	0.00217987	0.99782
4HCZ-D-B	Positive	0.00199037	0.99801
4XGQ-B-A	Negative	0.832261	0.167739
4I9C-C-A	Positive	0.00165933	0.998341
4L67-B-A	Negative	0.82527	0.17473
4M1Z-C-A	Positive	0.445129	0.554871
4M1Z-D-B	Positive	0.307438	0.692562
4WIH-B-A	Positive	0.222056	0.777944
4Y2G-B-A	Positive	0.0158274	0.984173
4SRN-B-A	Positive	0.457023	0.542977
4RTZ-B-A	Positive	0.072303	0.927697
4O45-B-A	Positive	0.0629552	0.937045
4OWT-C-A	Negative	0.560358	0.439642
4USL-D-A	Negative	0.66981	0.33019
4PBZ-B-A	Positive	0.0132169	0.986783
4N1A-G-A	Negative	0.581852	0.418148
4N1A-H-B	Positive	0.290234	0.709766
4N1A-J-C	Positive	0.0899679	0.910032
4N1A-K-E	Positive	0.298617	0.701383
4DJZ-H-B	Positive	3.55896e-05	0.999964
4DJZ-I-B	Positive	3.68828e-05	0.999963
4HRG-C-A	Positive	0.00267751	0.997322
4TK3-C-A	Positive	0.26033	0.73967
4TK3-D-A	Positive	0.123569	0.876431
4QXH-F-C	Positive	0.00683786	0.993162
4OIU-B-A	Positive	0.226495	0.773505
4RWV-B-A	Negative	0.516199	0.483801
4E6K-H-C	Positive	0.0286687	0.971331
4DJ9-B-A	Positive	0.0798393	0.920161
4TZQ-B-A	Positive	0.442281	0.557719
4GUU-B-A	Positive	0.217579	0.782421
4MS8-B-C	Negative	0.73503	0.26497
4JX7-B-A	Positive	0.00264541	0.997355
4R6N-D-A	Positive	0.0291338	0.970866
4UM9-E-A	Positive	0.000661386	0.999339
4UM9-F-C	Positive	0.0161458	0.983854
4Z68-E-A	Negative	0.951273	0.0487266
4RET-G-A	Positive	0.495582	0.504418
4RET-E-C	Positive	0.495582	0.504418
4HXJ-C-A	Positive	0.00742502	0.992575
4B45-B-A	Negative	0.93581	0.0641897
4G9F-C-A	Positive	0.0055265	0.994474
4FJC-C-A	Negative	0.965117	0.0348834
4FJC-G-A	Negative	0.860862	0.139138
4Y3U-B-A	Positive	0.225625	0.774375
4APR-I-E	Positive	0.0082221	0.991778
4GPL-A-B	Negative	0.809458	0.190542
4UE8-B-A	Negative	0.675562	0.324438
4N5E-B-C	Negative	0.809036	0.190964
4X3H-B-A	Positive	0.0102411	0.989759
4L8C-I-A	Negative	0.984138	0.0158616
4M7C-C-A	Negative	0.681114	0.318886
4NNL-C-A	Positive	0.486834	0.513166
4C2D-E-A	Positive	0.412228	0.587772
4C2D-M-A	Positive	0.485097	0.514903
4C2D-N-B	Positive	0.294864	0.705136
4C2D-H-D	Positive	0.0834189	0.916581
4C2D-P-D	Negative	0.632636	0.367364
4I80-B-A	Positive	0.0246324	0.975368
4OZ6-B-A	Positive	0.383639	0.616361
4GZF-C-A	Positive	0.279773	0.720227
4O30-C-A	Positive	0.036874	0.963126
4O30-D-B	Negative	0.689799	0.310201
4S0R-O-A	Positive	0.0545554	0.945445
4YWC-C-A	Positive	0.0396706	0.960329
4JO9-A-B	Positive	0.415193	0.584807
4JO9-C-B	Positive	0.420273	0.579727
4Y8K-d-H	Negative	0.658639	0.341361
4Y8K-c-K	Negative	0.658639	0.341361
4IV1-D-A	Positive	0.0473682	0.952632
4TZS-C-A	Positive	0.178116	0.821884
4K7L-A-B	Positive	0.409528	0.590472
4ESG-D-A	Negative	0.837747	0.162253
4J8G-D-A	Positive	0.0148967	0.985103
4J8G-C-B	Positive	0.162483	0.837517
4YXB-C-A	Positive	0.419187	0.580813
4YXB-D-A	Negative	0.866348	0.133652
4B7K-B-A	Negative	0.784724	0.215276
4NGE-B-A	Positive	0.271258	0.728742
4NGE-E-D	Negative	0.929112	0.0708878
4KTY-C-A	Positive	0.13679	0.86321
4ZFZ-C-A	Positive	0.172418	0.827582
4WNG-B-A	Negative	0.993593	0.00640685
4ZFO-K-L	Positive	0.0150656	0.984934
4ZFO-F-B	Positive	0.00881486	0.991185
4OS1-B-A	Positive	0.0355218	0.964478
4FTB-D-A	Negative	0.573147	0.426853
4FTB-E-A	Positive	0.0688643	0.931136
4FTB-F-C	Positive	0.348748	0.651252
4NRX-P-H	Negative	0.640621	0.359379
4NRX-C-A	Positive	0.437846	0.562154
4JFO-C-A	Positive	0.353236	0.646764
4HAN-C-A	Positive	0.497819	0.502181
4RWD-H-A	Positive	0.0205846	0.979415
4WFB-Z-K	Positive	0.00238763	0.997612
4ZRK-E-A	Negative	0.797595	0.202405
4ZRK-G-C	Positive	0.407699	0.592301
4NUV-C-A	Negative	0.949738	0.0502619
4QQI-X-A	Negative	0.798249	0.201751
4XOA-B-A	Negative	0.574388	0.425612
4XGZ-a-A	Negative	0.637748	0.362252
4XGZ-c-C	Negative	0.776697	0.223303
4XGZ-e-E	Negative	0.634866	0.365134
4XGZ-j-H	Negative	0.932311	0.0676895
4XOD-B-A	Negative	0.51436	0.48564
4OED-B-A	Positive	0.0224334	0.977567
4X5W-C-A	Negative	0.716755	0.283245
4MDD-C-A	Positive	0.00973989	0.99026
4MDD-D-A	Positive	0.00632242	0.993678
4X3S-D-A	Positive	0.0115376	0.988462
4ERZ-E-A	Positive	0.0221956	0.977804
4LGD-E-A	Negative	0.657773	0.342227
4LGD-F-A	Positive	0.414029	0.585971
4LGD-G-C	Positive	0.487472	0.512528
4LGD-H-C	Positive	0.35046	0.64954
4SGA-P-E	Positive	0.164815	0.835185
4ZTO-P-L	Positive	0.0720187	0.927981
4ZTO-Q-M	Positive	0.0503646	0.949635
4TUK-I-H	Positive	0.195048	0.804952
4Z89-a-A	Positive	0.18624	0.81376
4Z89-e-A	Positive	0.460364	0.539636
4Z89-b-B	Positive	0.00725692	0.992743
4Z89-f-B	Positive	0.107088	0.892912
4Z89-i-D	Positive	0.0314698	0.96853
4Z0Z-E-A	Negative	0.750597	0.249403
4Z0Z-G-B	Negative	0.717702	0.282298
4Z0Z-H-D	Positive	0.347675	0.652325
4F73-C-A	Positive	0.138066	0.861934
4F73-D-A	Positive	0.00700897	0.992991
4K3O-E-A	Negative	0.710415	0.289585
4PO6-B-A	Positive	0.431296	0.568704
4JDD-B-A	Negative	0.565763	0.434237
4WM8-D-A	Positive	0.188307	0.811693
4RFN-M-G	Positive	0.0046624	0.995338
4UEB-B-A	Negative	0.98289	0.0171104
4I7Z-D-A	Positive	0.454439	0.545561
4I7Z-G-A	Negative	0.685598	0.314402
4I7Z-E-C	Positive	0.0677277	0.932272
4WNL-F-C	Positive	0.0442098	0.95579
4WNL-H-A	Positive	0.00523221	0.994768
4A1X-C-A	Negative	0.535111	0.464889
4A1X-D-B	Negative	0.835719	0.164281
4Y8Q-c-K	Positive	0.23952	0.76048
4ZII-C-A	Negative	0.572001	0.427999
4J6S-E-A	Negative	0.981252	0.0187476
4J6S-F-B	Negative	0.903951	0.0960494
4UD7-F-A	Negative	0.966529	0.0334709
4UD7-G-A	Negative	0.966529	0.0334709
4UD7-H-C	Negative	0.972537	0.0274633
4UD7-I-D	Negative	0.990951	0.0090485
4PXM-C-A	Positive	0.0737326	0.926267
4PXM-D-B	Positive	0.00384836	0.996152
4EZZ-B-A	Positive	0.0122612	0.987739
4FZ1-D-A	Positive	0.00150755	0.998492
4Y3B-C-A	Positive	0.457379	0.542621
4Y3B-D-B	Negative	0.638662	0.361338
4DS1-B-A	Negative	0.930318	0.0696818
4DS1-D-A	Negative	0.806185	0.193815
4NQX-M-A	Negative	0.687546	0.312454
4AOK-A-B	Positive	0.0471353	0.952865
4AOK-D-B	Positive	0.087189	0.912811
4XH2-a-A	Negative	0.93905	0.0609503
4XH2-c-C	Negative	0.938698	0.061302
4XH2-e-E	Negative	0.838256	0.161744
4LD3-B-A	Positive	0.353035	0.646965
4YZ6-B-A	Positive	0.239675	0.760325
4JO1-P-L	Positive	0.00340082	0.996599
4PD1-C-A	Positive	0.287805	0.712195
4BB2-B-A	Positive	0.115658	0.884342
4PZ8-B-A	Negative	0.752428	0.247572
4A1S-C-A	Negative	0.984366	0.0156339
4A1S-E-B	Negative	0.941069	0.0589311
4Z0Y-E-A	Positive	0.308581	0.691419
4Z0Y-F-B	Negative	0.918765	0.0812353
4Z0Y-H-B	Negative	0.754789	0.245211
4ZUH-C-A	Positive	0.0949358	0.905064
4GAJ-P-H	Positive	0.0705654	0.929435
4APO-E-A	Negative	0.951328	0.0486723
4MQV-B-A	Positive	0.0467269	0.953273
4LPZ-C-B	Negative	0.864456	0.135544
4LPZ-D-B	Negative	0.583365	0.416635
4WVI-D-A	Positive	0.00508189	0.994918
4IHG-I-A	Negative	0.99028	0.00971987
4IHG-L-D	Negative	0.879567	0.120433
4CQO-B-A	Positive	0.461171	0.538829
4CQO-D-A	Negative	0.541282	0.458718
4Z33-C-A	Negative	0.644462	0.355538
4Z33-D-B	Negative	0.805874	0.194126
4E35-C-A	Negative	0.69092	0.30908
4E35-D-B	Positive	0.384802	0.615198
4JL0-C-A	Positive	0.471865	0.528135
4JL0-D-B	Negative	0.856357	0.143643
4AU2-E-A	Positive	0.0415077	0.958492
4AU2-F-A	Positive	0.0415077	0.958492
4AU2-G-A	Positive	0.0374991	0.962501
4AU2-J-B	Positive	0.0383913	0.961609
4IS6-C-A	Negative	0.982563	0.017437
4OJK-C-A	Negative	0.853335	0.146665
4OJK-D-B	Negative	0.730315	0.269685
4MJ5-C-A	Positive	0.00342168	0.996578
4XSS-B-E	Positive	0.1881	0.8119
4XSS-F-E	Positive	0.0548504	0.94515
4XC2-E-A	Positive	0.166309	0.833691
4E9D-E-A	Negative	0.540161	0.459839
4TZL-C-A	Negative	0.6745	0.3255
4TZL-D-B	Positive	0.0445602	0.95544
4AKT-C-A	Negative	0.756936	0.243064
4OS7-B-A	Positive	0.0355218	0.964478
4C5E-E-A	Negative	0.840289	0.159711
4FWF-E-A	Positive	0.297805	0.702195
4UB8-I-A	Negative	0.958796	0.0412044
4UB8-J-A	Positive	0.0188153	0.981185
4UB8-j-a	Positive	0.0188153	0.981185
4QVE-B-A	Negative	0.777212	0.222788
4XI7-C-A	Positive	0.000262624	0.999737
4AIM-C-A	Positive	0.00020412	0.999796
4JDK-B-A	Positive	0.111084	0.888916
4GOW-A-D	Positive	0.000108704	0.999891
4WQP-P-A	Positive	0.0119518	0.988048
4N0Y-A-H	Positive	0.0956651	0.904335
4U6G-P-H	Positive	0.00507981	0.99492
4BPI-B-A	Negative	0.684339	0.315661
4QRU-C-A	Positive	0.00419288	0.995807
4LXL-D-A	Positive	0.00887511	0.991125
4M1D-P-L	Positive	0.0023728	0.997627
4XW6-B-A	Positive	0.0927555	0.907245
4D6T-I-A	Negative	0.509126	0.490874
4P7I-C-A	Negative	0.616777	0.383223
4P7I-D-B	Negative	0.794499	0.205501
4MXQ-B-C	Negative	0.964145	0.035855
4MVK-B-A	Negative	0.982899	0.0171014
4CPA-I-A	Positive	0.000574475	0.999426
4ODQ-B-A	Positive	0.000570922	0.999429
4ZKO-P-U	Positive	0.0182075	0.981792
4ZKO-Q-U	Positive	0.194562	0.805438
4RWF-B-A	Positive	0.0469135	0.953086
4Z8A-B-A	Positive	0.09519	0.90481
4QUT-B-A	Positive	0.144681	0.855319
4XZ1-B-A	Negative	0.849966	0.150034
4NM0-B-A	Positive	0.262409	0.737591
4M9S-E-A	Positive	0.0599628	0.940037
4M9S-F-B	Positive	0.0673923	0.932608
4M9S-H-D	Positive	0.00627844	0.993722
4WYU-D-A	Negative	0.995192	0.00480774
4BZI-F-A	Positive	0.372169	0.627831
4BZI-N-D	Positive	0.308356	0.691644
4CIM-P-A	Negative	0.982213	0.0177872
4JK5-B-A	Positive	0.0242565	0.975743
4XBE-P-L	Positive	0.0157579	0.984242
4MP0-B-A	Negative	0.972483	0.0275169
4MP0-D-C	Negative	0.986907	0.0130926
4LLB-C-A	Positive	0.00465588	0.995344
4F75-C-A	Positive	0.000348615	0.999651
4F75-D-A	Positive	0.0368907	0.963109
4WB7-I-A	Positive	0.264494	0.735506
4PBU-F-A	Positive	0.147588	0.852412
4PBU-J-A	Positive	0.0188153	0.981185
4PBU-M-A	Negative	0.867155	0.132845
4PBU-t-B	Negative	0.948101	0.0518991
4PBU-f-a	Positive	0.290114	0.709886
4PBU-j-a	Positive	0.0306954	0.969305
4F56-C-A	Positive	0.0850818	0.914918
4N7Z-B-A	Negative	0.722462	0.277538
4JOP-C-A	Negative	0.866761	0.133239
4N8V-C-G	Positive	0.123686	0.876314
4FTG-C-A	Negative	0.634166	0.365834
4FTG-D-A	Negative	0.742117	0.257883
4FTG-E-A	Positive	0.00334759	0.996652
4TMA-I-A	Positive	0.0283689	0.971631
4TMA-L-G	Positive	0.0993894	0.900611
4JLU-B-A	Negative	0.583298	0.416702
4FM6-C-B	Negative	0.874065	0.125935
4QMG-F-A	Negative	0.86793	0.13207
4QMG-G-B	Negative	0.743743	0.256257
4QMG-H-C	Negative	0.587616	0.412384
4QMG-I-D	Negative	0.848376	0.151624
4ZHL-P-U	Positive	0.0196267	0.980373
4K74-C-A	Positive	0.0673926	0.932607
4K74-D-B	Positive	0.405827	0.594173
4UX6-A-B	Positive	0.259488	0.740512
4U91-B-A	Positive	0.0287246	0.971275
4U91-E-A	Positive	0.0287246	0.971275
4IL6-F-A	Positive	0.147588	0.852412
4IL6-J-A	Positive	0.0112969	0.988703
4IL6-T-A	Negative	0.919949	0.0800512
4IL6-Y-C	Positive	0.382747	0.617253
4IL6-f-a	Positive	0.290114	0.709886
4IL6-j-a	Positive	0.0112969	0.988703
4IL6-y-c	Positive	0.382747	0.617253
4MI8-C-A	Negative	0.986446	0.0135536
4MI8-D-B	Negative	0.971648	0.0283516
4YNL-D-B	Positive	0.00223335	0.997767
4GUR-C-A	Positive	0.0568238	0.943176
4CYD-F-A	Negative	0.970547	0.0294526
4CYD-H-A	Negative	0.985433	0.014567
4U4A-D-A	Negative	0.522085	0.477915
4U4A-E-B	Negative	0.731754	0.268246
4RVY-l-a	Negative	0.981065	0.018935
4PRE-C-A	Negative	0.928574	0.0714259
4AYA-B-A	Positive	0.287975	0.712025
4O51-M-L	Negative	0.957693	0.0423067
4JMH-B-A	Negative	0.781204	0.218796
4UG3-D-C	Negative	0.865762	0.134238
4EP2-B-A	Negative	0.971881	0.0281191
4Z88-M-A	Positive	0.09218	0.90782
4Z88-P-A	Positive	0.294686	0.705314
4Z88-N-B	Negative	0.761299	0.238701
4Z88-O-C	Positive	0.405317	0.594683
4Z88-Q-E	Positive	0.0338123	0.966188
4Z88-R-F	Positive	0.395893	0.604107
4Z88-T-H	Positive	0.00299604	0.997004
4Z88-W-H	Positive	0.0499104	0.95009
4Z88-X-I	Positive	0.268225	0.731775
4J9F-B-A	Positive	0.3378	0.6622
4UZ3-C-A	Negative	0.887244	0.112756
4OGQ-G-A	Negative	0.658898	0.341102
4OGQ-H-A	Positive	0.069867	0.930133
4YYK-C-A	Positive	0.0206832	0.979317
4TZM-D-B	Positive	0.0551075	0.944893
4CC9-C-A	Positive	0.191779	0.808221
4WSI-X-A	Negative	0.719873	0.280127
4UF3-B-A	Negative	0.682536	0.317464
4XXC-B-A	Positive	0.0202639	0.979736
4FDD-B-A	Positive	0.371837	0.628163
4F0Z-C-A	Positive	0.413455	0.586545
4QBS-P-A	Positive	0.114981	0.885019
4Z8J-B-A	Negative	0.521476	0.478524
4J7F-B-A	Positive	0.00895271	0.991047
4JML-E-A	Negative	0.62324	0.37676
4MDI-C-A	Positive	0.475592	0.524408
4M9Y-C-A	Positive	0.0827004	0.9173
4M9Y-D-B	Negative	0.520356	0.479644
4QH8-C-A	Positive	0.0448349	0.955165
4QH8-D-A	Positive	0.126064	0.873936
4B1V-M-A	Positive	0.265832	0.734168
4DRW-E-A	Positive	0.000885605	0.999114
4N3C-B-A	Positive	0.432937	0.567063
4DJS-B-A	Positive	0.19318	0.80682
4C5A-C-A	Negative	0.595708	0.404292
4B7Y-A-C	Negative	0.98722	0.01278
4B7Y-B-C	Negative	0.990282	0.00971775
4FU4-C-A	Negative	0.862052	0.137948
4UU8-D-A	Positive	0.212715	0.787285
4WVS-B-A	Positive	0.0238144	0.976186
4GFU-F-A	Negative	0.885273	0.114727
4GF3-B-A	Negative	0.717398	0.282602
4EJE-C-A	Negative	0.959315	0.0406851
4GO6-A-B	Negative	0.937938	0.0620616
4GO6-C-B	Negative	0.764454	0.235546
4Y3O-C-A	Positive	0.0128541	0.987146
4K38-D-A	Positive	0.0349385	0.965061
4K38-C-B	Positive	0.00830029	0.9917
4H3B-B-A	Negative	0.904978	0.0950215
4D69-P-A	Negative	0.751759	0.248241
4D69-R-B	Positive	0.0219749	0.978025
4D69-U-E	Negative	0.663347	0.336653
4D69-X-E	Positive	0.213948	0.786052
4V1T-C-A	Negative	0.679882	0.320118
4V1T-D-A	Negative	0.869911	0.130089
4IGK-C-A	Positive	0.232826	0.767174
4IGK-D-B	Positive	0.0327351	0.967265
4AK4-B-A	Positive	0.0197664	0.980234
4AK4-D-A	Positive	0.0275384	0.972462
4AK4-J-E	Positive	0.0140995	0.9859
4MJT-J-A	Negative	0.566654	0.433346
4MJT-M-D	Positive	0.359284	0.640716
4WND-B-A	Negative	0.948311	0.0516893
4XYN-P-A	Positive	0.216538	0.783462
4QEO-P-A	Positive	0.00911626	0.990884
4XEV-C-A	Negative	0.995875	0.0041252
4XEV-F-D	Negative	0.990018	0.0099819
4U1E-B-I	Negative	0.972999	0.0270005
4OKF-A-B	Negative	0.616867	0.383133
4K72-C-A	Negative	0.627956	0.372044
4K72-D-A	Negative	0.819368	0.180632
4MZJ-T-A	Positive	0.00763813	0.992362
4O56-B-A	Positive	0.00869614	0.991304
4FZ0-N-A	Positive	0.000918815	0.999081
4FZ0-O-B	Positive	0.000812762	0.999187
4F02-C-A	Negative	0.875835	0.124165
4X8N-B-A	Negative	0.673431	0.326569
4HRE-G-A	Positive	0.34773	0.65227
4PIS-B-A	Positive	0.00213699	0.997863
4Z0F-C-A	Positive	0.014021	0.985979
4FJO-B-A	Positive	0.396419	0.603581
4FJO-D-C	Negative	0.721919	0.278081
4UQY-B-A	Positive	0.0279872	0.972013
4G0D-W-A	Negative	0.866635	0.133365
4G0D-Y-A	Negative	0.914517	0.0854828
4G0D-X-B	Negative	0.862052	0.137948
4NIQ-C-A	Negative	0.614439	0.385561
4NIQ-D-B	Negative	0.630071	0.369929
4C95-D-A	Positive	0.122813	0.877187
4S2T-A-P	Positive	0.0984443	0.901556
4GQB-C-A	Positive	5.97845e-05	0.99994
4IEA-P-A	Negative	0.934362	0.0656379
4AAZ-B-A	Positive	0.000614595	0.999385
4UBF-P-A	Negative	0.774921	0.225079
4MLI-B-A	Negative	0.984218	0.0157821
4XBU-B-A	Negative	0.896405	0.103595
4JLQ-B-A	Positive	0.325036	0.674964
4L3O-E-A	Positive	0.135686	0.864314
4L3O-G-C	Positive	0.135686	0.864314
4NNY-C-A	Negative	0.871363	0.128637
4CW1-C-A	Positive	0.00153697	0.998463
4RTY-B-A	Positive	0.0294765	0.970524
4GXL-B-A	Positive	0.397881	0.602119
4FZD-C-A	Positive	0.396146	0.603854
4GNF-C-A	Positive	0.0107901	0.98921
4QXU-K-L	Negative	0.990065	0.00993498
4BD6-C-A	Negative	0.987113	0.0128867
4WU7-C-A	Positive	0.41908	0.58092
4BJT-D-A	Positive	0.0154557	0.984544
4HD8-F-A	Positive	0.00239281	0.997607
4NR1-S-A	Positive	0.142779	0.857221
4G42-C-A	Positive	0.0336367	0.966363
4QC1-D-A	Positive	0.00128569	0.998714
4QC1-E-B	Positive	0.00134926	0.998651
4P6X-B-A	Negative	0.746163	0.253837
4X3G-C-A	Positive	0.0166212	0.983379
4X3G-D-B	Positive	0.0639209	0.936079
4HZL-E-H	Negative	0.521885	0.478115
4M6B-C-A	Negative	0.977632	0.0223681
4YJE-B-A	Positive	0.163785	0.836215
4RS9-B-A	Positive	0.0862458	0.913754
4UI9-T-A	Positive	0.183462	0.816538
4UI9-U-A	Positive	0.0929452	0.907055
4UI9-W-A	Positive	0.191648	0.808352
4UI9-G-J	Positive	0.191648	0.808352
4O1V-B-A	Negative	0.856284	0.143716
4Z77-C-A	Positive	0.202579	0.797421
4Z77-F-D	Positive	0.202579	0.797421
4NE9-D-B	Positive	0.160765	0.839235
4NMX-Z-B	Negative	0.983085	0.0169154
4OYK-C-A	Negative	0.648892	0.351108
4OYK-D-B	Negative	0.824208	0.175792
4AYB-Q-A	Positive	0.36751	0.63249
4AYB-P-B	Positive	7.08866e-05	0.999929
4OO6-B-A	Positive	0.0150257	0.984974
4YYP-B-A	Negative	0.915568	0.0844322
4F88-J-2	Positive	0.216942	0.783058
4UJ4-C-A	Negative	0.930227	0.0697729
4UJ4-F-D	Negative	0.851857	0.148143
4UJ4-L-J	Negative	0.788498	0.211502
4HYT-G-A	Positive	0.495582	0.504418
4WPF-B-A	Positive	0.0380237	0.961976
4J8O-B-A	Positive	0.00432511	0.995675
4ZUS-C-A	Negative	0.981889	0.0181108
4NAW-D-A	Negative	0.98826	0.0117396
4NAW-H-E	Negative	0.992036	0.00796389
4NU8-A-X	Negative	0.994727	0.00527278
4ONG-P-H	Positive	0.419823	0.580177
4H4F-Q-A	Positive	0.0536301	0.94637
4FE1-K-A	Positive	0.223918	0.776082
4FE1-M-B	Negative	0.838474	0.161526
4FE1-X-B	Positive	0.364854	0.635146
4G9J-C-A	Negative	0.975745	0.024255
4ORE-A-X	Negative	0.994727	0.00527278
4Y8H-c-H	Positive	0.486266	0.513734
4JO6-Y-A	Negative	0.916416	0.083584
4RIS-P-H	Positive	0.00141745	0.998583
4JFE-C-A	Positive	0.233168	0.766832
4YV8-B-A	Positive	0.353951	0.646049
4N3Y-A-B	Negative	0.791243	0.208757
4GGN-D-A	Positive	0.0265568	0.973443
4XGC-F-C	Positive	0.0120488	0.987951
4GVD-C-A	Positive	0.0289281	0.971072
4W5A-C-A	Positive	0.157128	0.842872
4W5A-D-B	Positive	0.231289	0.768711
4EJF-E-A	Negative	0.760945	0.239055
4EJF-F-A	Negative	0.695117	0.304883
4PGC-C-A	Positive	0.210525	0.789475
4BTB-C-A	Positive	0.0214711	0.978529
4OBD-E-A	Positive	0.00353066	0.996469
4EZN-C-A	Positive	0.27554	0.72446
4EZN-D-A	Positive	0.364422	0.635578
4XAI-P-A	Negative	0.900684	0.0993164
4XAI-Q-B	Negative	0.986532	0.0134677
4G5S-E-A	Positive	0.0340589	0.965941
4G5S-G-A	Positive	0.0710562	0.928944
4G5S-Z-D	Positive	0.214562	0.785438
4LFD-E-A	Positive	0.0851081	0.914892
4V1U-C-A	Negative	0.965055	0.0349445
4HUW-I-A	Negative	0.957722	0.042278
4D0T-Z-B	Positive	0.265304	0.734696
4D0T-P-C	Positive	0.335754	0.664246
4PL8-H-A	Negative	0.975002	0.0249982
4DGB-B-A	Positive	0.200478	0.799522
4I4W-C-A	Positive	0.00281764	0.997182
4IN9-B-A	Positive	0.0311615	0.968839
4GWQ-H-B	Positive	0.221561	0.778439
4QQ4-C-A	Positive	0.0153947	0.984605
4QQ4-D-B	Positive	0.0153947	0.984605
4NMQ-C-A	Negative	0.582997	0.417003
4NR2-B-A	Positive	0.320047	0.679953
4NR2-D-C	Positive	0.479153	0.520847
4TJX-B-A	Negative	0.843993	0.156007
4GAG-P-H	Positive	0.144735	0.855265
4GNT-B-A	Positive	0.00296368	0.997036
4H36-B-A	Positive	0.0523524	0.947648
4JJQ-B-A	Positive	0.436689	0.563311
4EQ0-P-A	Positive	0.0464891	0.953511
4EZH-C-A	Negative	0.769969	0.230031
4QFQ-B-A	Positive	0.0110664	0.988934
4D2L-B-A	Negative	0.621664	0.378336
4LP9-I-A	Positive	0.233476	0.766524
4XYI-B-A	Positive	0.00052816	0.999472
4NXR-B-A	Negative	0.502174	0.497826
4X8W-G-B	Negative	0.540258	0.459742
4X8W-F-C	Negative	0.697379	0.302621
4OKW-B-A	Negative	0.858514	0.141486
4GKN-C-A	Positive	0.12857	0.87143
4CC2-B-A	Positive	0.269523	0.730477
4CC2-D-A	Positive	0.313532	0.686468
4X3I-B-A	Negative	0.536769	0.463231
4I7B-B-A	Negative	0.659958	0.340042
4J82-C-A	Positive	0.311685	0.688315
4XC3-P-L	Positive	0.0119764	0.988024
4NMV-C-A	Positive	0.177425	0.822575
4UZY-B-A	Positive	0.466964	0.533036
4OZI-J-A	Negative	0.86828	0.13172
4B1W-M-B	Negative	0.845258	0.154742
4BH7-P-A	Positive	0.0653738	0.934626
4PSX-C-A	Positive	3.94848e-05	0.999961
4PSX-F-D	Positive	0.000116944	0.999883
4D11-Z-A	Positive	0.119134	0.880866
4LOO-B-A	Negative	0.546337	0.453663
4GYW-B-A	Positive	0.0207414	0.979259
4B6H-C-A	Positive	0.291583	0.708417
4B6H-D-B	Positive	0.212775	0.787225
4DCB-F-A	Positive	4.37341e-05	0.999956
4DZV-B-A	Positive	0.472933	0.527067
4I21-C-A	Negative	0.708597	0.291403
4JHJ-C-A	Negative	0.993115	0.00688479
4EZQ-B-A	Positive	0.00290847	0.997092
4JOE-C-A	Positive	0.257235	0.742765
4JQV-B-A	Positive	0.0252695	0.974731
4OFB-B-A	Positive	0.270897	0.729103
4IIM-C-A	Positive	0.196268	0.803732
4IIM-D-A	Positive	0.196268	0.803732
4IIM-E-B	Positive	0.0789355	0.921065
4K45-B-A	Negative	0.741846	0.258154
4YL6-B-A	Negative	0.668695	0.331305
4RKU-J-A	Negative	0.703205	0.296795
4YGM-D-B	Positive	0.38555	0.61445
4X3K-C-A	Positive	0.00542902	0.994571
4J4Q-B-A	Positive	0.050097	0.949903
4NHC-P-L	Positive	0.00110316	0.998897
4AY5-I-A	Negative	0.805547	0.194453
4PZ5-B-A	Negative	0.972064	0.0279362
4FGX-B-A	Positive	0.129425	0.870575
4M9X-C-A	Positive	0.017519	0.982481
4M9X-D-B	Positive	0.129655	0.870345
4X8P-B-A	Positive	0.283408	0.716592
4ER4-I-E	Positive	0.00259567	0.997404
4XAJ-Q-C	Negative	0.990304	0.00969558
4J8S-B-A	Positive	0.196663	0.803337
4GYO-D-A	Positive	0.0121842	0.987816
4XZR-A-B	Positive	0.12962	0.87038
4F20-Q-A	Positive	0.145614	0.854386
4F7T-C-A	Positive	0.293958	0.706042
4JQI-V-A	Negative	0.890834	0.109166
4KBB-D-B	Positive	0.0208179	0.979182
4BXF-C-A	Positive	0.000679652	0.99932
4BXF-D-B	Positive	0.000289522	0.99971
4RKJ-A-B	Negative	0.972106	0.0278938
4R3S-Q-A	Positive	0.0518787	0.948121
4U6Y-P-A	Positive	0.148538	0.851462
4BPK-C-A	Positive	0.313489	0.686511
4BPK-D-B	Positive	0.313489	0.686511
4WNE-B-A	Negative	0.988126	0.011874
4WVJ-D-A	Positive	0.00468838	0.995312
4LSJ-B-A	Negative	0.802145	0.197855
4IIO-C-B	Positive	0.11809	0.88191
4OBH-E-A	Positive	0.0590792	0.940921
4OBH-F-C	Positive	0.0590792	0.940921
4EEF-G-A	Negative	0.731962	0.268038
4EEF-H-C	Positive	0.12274	0.87726
4ZQW-A-B	Negative	0.982378	0.0176225
4Q0A-D-C	Positive	0.00214341	0.997857
4K3M-E-A	Negative	0.740134	0.259866
4N7G-B-A	Positive	0.167112	0.832888
4PK3-B-A	Negative	0.799058	0.200942
4UU5-B-A	Positive	0.17777	0.82223
4XXD-C-A	Negative	0.739508	0.260492
4XXD-F-D	Negative	0.723577	0.276423
4RHG-B-A	Negative	0.892119	0.107881
4CGQ-Q-A	Positive	0.144283	0.855717
4JAA-S-A	Negative	0.900622	0.0993775
4DPG-I-A	Positive	0.0633267	0.936673
4DPG-L-E	Positive	0.0633267	0.936673
4B4N-B-A	Positive	0.136308	0.863692
4YCW-C-A	Positive	0.0321206	0.967879
4OLM-B-A	Positive	0.165562	0.834438
4OBJ-C-A	Positive	0.131061	0.868939
4UWQ-I-G	Negative	0.652918	0.347082
4OFR-B-A	Negative	0.51059	0.48941
4CG6-D-A	Positive	0.230373	0.769627
4BWS-B-A	Negative	0.578176	0.421824
4K6Y-C-A	Positive	0.346439	0.653561
4K6Y-D-B	Positive	0.263424	0.736576
4L8D-E-A	Negative	0.983609	0.0163914
4O3U-P-A	Positive	0.0103701	0.98963
4MNW-B-A	Positive	0.134778	0.865222
4MZ6-A-E	Positive	0.00179907	0.998201
4MZ6-C-E	Positive	0.151749	0.848251
4NGH-P-L	Positive	0.000969549	0.99903
4N3X-A-B	Negative	0.97983	0.0201697
4N3X-C-B	Negative	0.984047	0.0159531
4N39-B-A	Negative	0.643423	0.356577
4A62-C-A	Positive	0.00521618	0.994784
4U2W-B-A	Positive	7.62646e-05	0.999924
4X6Z-e-E	Positive	0.00277038	0.99723
4G5Q-G-A	Positive	0.326512	0.673488
4G5Q-F-B	Positive	0.244298	0.755702
4WPH-D-A	Positive	8.47665e-05	0.999915
4QYO-Q-A	Positive	0.156244	0.843756
4K75-B-A	Negative	0.554746	0.445254
4E43-C-A	Positive	0.000355879	0.999644
4FVL-C-A	Positive	0.301865	0.698135
4FVL-D-B	Negative	0.930254	0.0697455
4S15-C-A	Positive	0.017267	0.982733
4G7Q-C-A	Negative	0.845279	0.154721
4L8B-C-A	Negative	0.952589	0.0474108
4DY7-A-B	Positive	0.475213	0.524787
4DY7-D-E	Negative	0.551333	0.448667
4C0B-C-A	Negative	0.687053	0.312947
4C0B-D-B	Positive	0.298319	0.701681
4YYH-Z-A	Positive	0.0280671	0.971933
4BUZ-P-A	Positive	0.000478543	0.999521
4XE5-G-A	Negative	0.512032	0.487968
4MD4-C-A	Negative	0.956892	0.0431084
4RH5-B-A	Positive	0.184119	0.815881
4X34-C-A	Positive	0.000127788	0.999872
4X34-D-B	Positive	0.000861034	0.999139
4TN7-E-A	Positive	0.0600472	0.939953
4LKM-B-A	Positive	0.033316	0.966684
4FI9-B-A	Positive	0.179176	0.820824
4Y8G-c-H	Negative	0.624542	0.375458
4FGT-D-A	Positive	0.0505067	0.949493
4KT0-J-A	Negative	0.90742	0.0925798
4KT0-M-B	Negative	0.822112	0.177888
4JO8-B-A	Negative	0.997218	0.00278189
4R5I-B-A	Positive	0.0363979	0.963602
4R3R-B-A	Positive	0.102906	0.897094
4FBW-C-A	Positive	0.00172682	0.998273
4FBW-D-B	Positive	0.130547	0.869453
4XST-F-E	Negative	0.714419	0.285581
4Z7O-G-A	Negative	0.921564	0.0784356
4UE1-F-A	Negative	0.963487	0.0365133
4UE1-G-A	Negative	0.963487	0.0365133
4BRU-B-A	Positive	0.371523	0.628477
4E3B-C-A	Negative	0.54614	0.45386
4E3B-D-B	Negative	0.658132	0.341868
4ZBJ-D-B	Negative	0.685028	0.314972
4C78-C-A	Positive	0.00532794	0.994672
4NFT-F-C	Positive	0.104573	0.895427
4UED-B-A	Positive	0.387674	0.612326
4Y19-C-A	Positive	0.450737	0.549263
4UQ2-E-A	Positive	0.0612257	0.938774
4OIL-B-A	Negative	0.596252	0.403748
4NO3-C-A	Positive	0.0338397	0.96616
4HVW-B-A	Negative	0.654529	0.345471
4Z2O-P-A	Negative	0.905582	0.0944177
4V4I-Z-R	Positive	0.000352239	0.999648
4GFV-F-A	Negative	0.560653	0.439347
4GFV-E-B	Negative	0.901102	0.0988979
4H25-C-A	Positive	0.107156	0.892844
4JO2-P-L	Positive	0.00115831	0.998842
4LCD-C-A	Negative	0.744366	0.255634
4LCD-D-B	Negative	0.94415	0.0558496
4WX8-F-C	Negative	0.935482	0.0645183
4A1W-P-A	Negative	0.976972	0.0230282
4A1W-Q-A	Negative	0.841683	0.158317
4OEZ-B-A	Positive	0.229003	0.770997
4HX1-C-A	Positive	0.308629	0.691371
4DOQ-B-A	Positive	0.000237378	0.999763
4DOQ-D-C	Positive	0.000237378	0.999763
4QJ7-F-A	Positive	0.247025	0.752975
4QJ7-G-A	Negative	0.757042	0.242958
4WF9-Z-K	Positive	0.00235872	0.997641
4TR9-E-A	Positive	0.261762	0.738238
4TR9-G-B	Positive	0.266077	0.733923
4TR9-K-D	Positive	0.206662	0.793338
4HNJ-C-A	Negative	0.836012	0.163988
4CUG-E-A	Positive	0.0126793	0.987321
4CUG-F-A	Positive	0.00940475	0.990595
4H2S-C-A	Negative	0.94376	0.0562397
4YH1-C-A	Positive	0.215433	0.784567
4HTP-C-A	Positive	0.333345	0.666655
4HTP-E-B	Positive	0.426441	0.573559
4O3T-P-A	Positive	0.140987	0.859013
4EZO-C-A	Positive	0.00466923	0.995331
4EZO-D-A	Positive	0.0127032	0.987297
4MJ6-C-A	Positive	0.0551752	0.944825
4QJR-B-A	Positive	0.00312846	0.996872
4LX3-B-A	Positive	0.0110664	0.988934
4JBN-C-A	Positive	0.0564295	0.943571
4O2F-C-A	Positive	0.368491	0.631509
4GKS-C-A	Positive	0.0487396	0.95126
4JO7-H-E	Negative	0.665773	0.334227
4KG9-B-A	Negative	0.773273	0.226727
4TZO-B-A	Positive	0.22079	0.77921
4EZS-B-A	Positive	0.0548427	0.945157
4JMF-A-B	Negative	0.798135	0.201865
4D07-B-A	Positive	0.424724	0.575276
4Y5I-F-A	Positive	0.457379	0.542621
4KV4-B-A	Positive	0.0784823	0.921518
4GOE-B-A	Negative	0.991879	0.0081212
4YSI-B-A	Negative	0.782076	0.217924
4AA2-P-A	Positive	0.00127915	0.998721
4U6X-P-A	Negative	0.979071	0.0209291
4X1N-P-U	Positive	0.478876	0.521124
4G2V-B-A	Negative	0.988534	0.0114662
4ZGM-B-A	Positive	0.317018	0.682982
4PSI-D-A	Negative	0.996831	0.00316908
4ICG-B-C	Negative	0.97115	0.0288497
4U39-J-A	Positive	0.154351	0.845649
4U39-K-B	Positive	0.163304	0.836696
4U39-M-B	Negative	0.709599	0.290401
4U39-L-C	Positive	0.285898	0.714102
4U39-P-C	Positive	0.373911	0.626089
4U39-N-E	Negative	0.794592	0.205408
4U39-O-F	Positive	0.157384	0.842616
4U39-Q-H	Positive	0.339648	0.660352
4U39-R-I	Positive	0.410165	0.589835
4HGC-I-A	Positive	0.0112112	0.988789
4ZJ7-B-A	Positive	2.52435e-05	0.999975
4UJ3-X-V	Negative	0.69801	0.30199
4X5K-B-A	Positive	0.147599	0.852401
4UI7-D-A	Negative	0.978931	0.021069
4W8P-B-A	Negative	0.842656	0.157344
4NXQ-D-A	Positive	0.00473897	0.995261
4NXQ-F-A	Positive	0.00418594	0.995814
4CFH-C-A	Negative	0.601784	0.398216
4L0N-J-A	Negative	0.800883	0.199117
4PXF-B-A	Positive	0.0467762	0.953224
4CFQ-Q-A	Negative	0.983726	0.0162743
4CFQ-R-C	Negative	0.988386	0.0116136
4ODM-E-A	Positive	0.00159091	0.998409
4ODM-F-A	Positive	0.00197528	0.998025
4ODM-G-A	Positive	0.0426959	0.957304
4ODM-M-A	Positive	0.018861	0.981139
4ODM-K-B	Positive	0.013008	0.986992
4ODM-I-C	Positive	0.00920591	0.990794
4ODM-J-C	Positive	0.00117111	0.998829
4ODM-L-C	Positive	0.000585115	0.999415
4EZU-B-A	Positive	0.0663518	0.933648
4IGA-B-A	Negative	0.696732	0.303268
4OBF-E-A	Positive	0.131061	0.868939
4OBF-F-B	Positive	0.00376025	0.99624
4MD0-C-A	Positive	0.148838	0.851162
4J24-I-A	Positive	0.0441355	0.955865
4J24-J-B	Positive	0.00643993	0.99356
4J24-L-D	Positive	0.0116474	0.988353
4YDV-P-L	Positive	0.00131055	0.998689
4L3C-m-A	Negative	0.768894	0.231106
4L3C-i-C	Negative	0.768894	0.231106
4PKY-C-A	Negative	0.743163	0.256837
4PKY-F-B	Negative	0.664454	0.335546
4PKY-E-D	Negative	0.698434	0.301566
4ERQ-D-A	Positive	0.0379674	0.962033
4QE8-C-A	Negative	0.892174	0.107826
4AXG-C-A	Negative	0.784403	0.215597
4AXG-D-B	Positive	0.256581	0.743419
4E9C-B-A	Positive	0.0826432	0.917357
4W4Z-E-A	Positive	0.0226933	0.977307
4W4Z-H-D	Positive	0.0226933	0.977307
4ZEQ-B-A	Positive	0.199906	0.800094
4OMC-H-A	Positive	0.00159004	0.99841
4RU2-B-A	Positive	0.397833	0.602167
4RU2-H-A	Positive	0.461806	0.538194
4RU2-F-E	Negative	0.768316	0.231684
4RU2-P-O	Positive	0.294989	0.705011
4TKN-D-A	Positive	0.0780698	0.92193
4TKN-E-A	Positive	0.167449	0.832551
4XK8-J-A	Negative	0.853038	0.146962
4XK8-K-A	Positive	0.0145256	0.985474
4XK8-j-a	Negative	0.853038	0.146962
4XK8-k-a	Positive	0.00445339	0.995547
4CVX-C-A	Positive	0.455276	0.544724
4PGE-C-A	Positive	0.237204	0.762796
4HKC-B-A	Positive	0.00093601	0.999064
4J8R-I-A	Positive	0.0586366	0.941363
4J8R-J-C	Positive	0.0378878	0.962112
4FIF-C-A	Positive	0.212548	0.787452
4CQK-C-A	Positive	0.000614595	0.999385
4RIQ-A-D	Negative	0.890965	0.109035
4RIQ-C-D	Negative	0.992273	0.0077268
4RIQ-E-D	Negative	0.822681	0.177319
4RIQ-S-D	Negative	0.854439	0.145561
4RIQ-U-D	Negative	0.992875	0.00712479
4RIQ-V-H	Negative	0.789694	0.210306
4RIQ-X-H	Negative	0.992273	0.0077268
4BH6-N-E	Negative	0.561911	0.438089
4BH6-M-F	Negative	0.841129	0.158871
4BVG-B-A	Positive	0.000426505	0.999573
4ZW2-B-A	Negative	0.581606	0.418394
4B9W-P-A	Positive	0.126581	0.873419
4HDQ-C-A	Positive	0.242729	0.757271
4ZUU-C-A	Negative	0.754249	0.245751
4QUH-D-A	Positive	0.431872	0.568128
4QUM-B-A	Positive	0.158391	0.841609
4P2R-C-A	Positive	0.222306	0.777694
4FLG-C-B	Positive	0.376369	0.623631
4FLG-E-B	Positive	0.188222	0.811778
4FLG-F-B	Negative	0.974322	0.0256777
4E06-I-H	Negative	0.983662	0.0163384
4MCZ-C-A	Positive	0.312672	0.687328
4XMK-P-L	Positive	0.0693497	0.93065
4PBY-C-A	Positive	0.00271801	0.997282
4PBY-D-B	Positive	0.00663564	0.993364
4WJ7-W-A	Positive	0.016982	0.983018
4WJ7-X-A	Positive	0.0464846	0.953515
4WVD-C-A	Positive	0.0456253	0.954375
4WVD-D-B	Positive	0.0617204	0.93828
4H3P-B-A	Positive	0.344192	0.655808
4H3P-E-D	Positive	0.171902	0.828098
4PV8-E-A	Positive	0.309129	0.690871
4UMN-C-A	Negative	0.939105	0.0608946
4HIX-A-H	Positive	0.0135339	0.986466
4UFD-I-H	Negative	0.876035	0.123965
4U3F-I-A	Positive	0.493811	0.506189
4U3F-V-N	Positive	0.493811	0.506189
4WZ9-M-A	Positive	0.00461517	0.995385
4WZ9-N-B	Positive	0.00262211	0.997378
4J45-B-A	Positive	0.491435	0.508565
4MN8-C-A	Negative	0.544359	0.455641
4ODN-B-A	Positive	0.00260202	0.997398
4HDA-F-A	Positive	0.00246816	0.997532
4DFW-D-A	Positive	0.0897845	0.910215
4U7Y-B-A	Positive	0.104136	0.895864
4LEB-B-A	Positive	0.0477064	0.952294
4CDR-E-A	Positive	0.429232	0.570768
4CDR-G-C	Positive	0.429232	0.570768
4YV4-A-B	Negative	0.991345	0.00865536
4YV4-F-C	Negative	0.991659	0.00834067
4Z7W-J-A	Negative	0.924785	0.0752147
4V0X-B-A	Negative	0.819891	0.180109
4YOO-X-A	Negative	0.989826	0.0101737
4UF6-C-A	Negative	0.945916	0.0540841
4UF6-I-A	Negative	0.926665	0.073335
4EZX-C-A	Positive	0.020531	0.979469
4EZX-D-B	Positive	0.020531	0.979469
4WFD-C-A	Negative	0.920856	0.0791442
4WFD-F-D	Negative	0.755846	0.244154
4J83-B-A	Positive	0.00917247	0.990828
4WJ5-C-A	Positive	0.277763	0.722237
4U1H-C-A	Negative	0.561297	0.438703
4A1U-B-A	Positive	0.0903628	0.909637
4TSF-I-A	Positive	0.221725	0.778275
4TSF-H-E	Positive	0.0035108	0.996489
4XXB-B-A	Positive	0.27904	0.72096
4I7D-B-A	Positive	0.027417	0.972583
4BQK-D-A	Positive	0.392725	0.607275
4BQK-C-B	Positive	0.0745964	0.925404
4W4U-G-D	Negative	0.974609	0.0253909
4HKD-A-B	Positive	0.195521	0.804479
4K39-C-A	Positive	0.0638794	0.936121
4OAJ-B-A	Positive	0.0203747	0.979625
4KV1-C-A	Positive	0.00149912	0.998501
4BWB-C-A	Positive	0.0041112	0.995889
4BWB-D-B	Positive	0.0256628	0.974337
4A1G-E-A	Positive	0.456474	0.543526
4A1G-F-A	Positive	0.0847473	0.915253
4A1G-H-A	Positive	0.0752722	0.924728
4DJC-B-A	Positive	0.00465574	0.995344
4BJ3-C-A	Negative	0.592208	0.407792
4G6F-P-H	Negative	0.642915	0.357085
4G6F-F-B	Positive	0.45366	0.54634
4NY3-C-A	Positive	0.404625	0.595375
4J73-B-A	Positive	0.00588841	0.994112
4CFR-Q-A	Negative	0.747507	0.252493
4BJS-D-A	Negative	0.955499	0.0445012
4JWE-C-A	Positive	0.00365643	0.996344
4JWE-D-A	Positive	0.00173597	0.998264
4WU5-C-A	Negative	0.516337	0.483663
4O36-A-B	Negative	0.814234	0.185766
4AID-F-A	Positive	0.000467062	0.999533
4AID-H-C	Positive	0.000534599	0.999465
4DX9-D-A	Positive	0.0856852	0.914315
4DX9-B-A	Negative	0.578779	0.421221
4DX9-9-0	Positive	0.253671	0.746329
4DX9-l-k	Positive	0.0220148	0.977985
4DX9-x-1	Positive	0.351583	0.648417
4DX9-q-1	Positive	0.0463631	0.953637
4DX9-r-2	Positive	0.0466525	0.953347
4DX9-8-3	Positive	0.13174	0.86826
4DX9-p-o	Positive	0.0266712	0.973329
4DX9-t-s	Positive	0.0582671	0.941733
4DX9-v-u	Negative	0.623888	0.376112
4DX9-j-g	Positive	0.0268225	0.973178
4DX9-w-i	Positive	0.151865	0.848135
4DX9-X-Q	Positive	0.293382	0.706618
4DX9-z-y	Positive	0.188638	0.811362
4Z7Q-G-A	Negative	0.921564	0.0784356
4OU3-B-A	Positive	0.0402373	0.959763
4L1U-H-A	Positive	0.247587	0.752413
4L1U-G-B	Positive	0.0518953	0.948105
4L1U-I-E	Positive	0.00210136	0.997899
4L1U-J-F	Positive	0.013226	0.986774
4PPP-C-A	Positive	0.000856828	0.999143
4CAA-B-A	Positive	0.111562	0.888438
4H2U-C-A	Negative	0.966189	0.033811
4C7N-A-B	Positive	0.217632	0.782368
4GGD-C-A	Positive	0.352628	0.647372
4GGD-D-A	Negative	0.568411	0.431589
4ZUW-C-A	Positive	0.00915939	0.990841
4QA7-B-A	Positive	0.00505946	0.994941
4J47-B-A	Positive	0.323257	0.676743
4K3P-E-A	Negative	0.500028	0.499972
4XIF-E-A	Positive	0.0532628	0.946737
4XIF-H-D	Positive	0.0532628	0.946737
4GQ6-B-A	Positive	0.262832	0.737168
4X2H-C-A	Positive	0.00446843	0.995532
4WJQ-B-A	Negative	0.560635	0.439365
4R32-C-A	Negative	0.897987	0.102013
4TWT-E-A	Positive	0.0353934	0.964607
4TWT-F-C	Positive	0.0353934	0.964607
4J09-B-A	Positive	0.18729	0.81271
4TRZ-D-A	Negative	0.71876	0.28124
4C5Q-C-A	Positive	0.0224495	0.97755
4C5Q-G-E	Positive	0.125391	0.874609
4QX8-F-C	Positive	0.0124559	0.987544
4ZTD-E-A	Negative	0.809393	0.190607
4ZTD-F-C	Positive	0.0454305	0.95457
4Y1A-C-A	Negative	0.698599	0.301401
4BRW-B-A	Negative	0.935534	0.0644664
4I5B-C-A	Positive	0.0321539	0.967846
4I5B-F-D	Positive	0.0453078	0.954692
4EQJ-G-A	Negative	0.884719	0.115281
4EWR-C-A	Negative	0.98265	0.0173503
4F1Z-Q-A	Positive	0.170687	0.829313
4IMJ-F-D	Positive	0.378846	0.621154
4OKT-B-A	Positive	0.04684	0.95316
4DAT-B-A	Negative	0.91415	0.0858504
4QC3-C-A	Positive	0.170513	0.829487
4RAL-D-A	Positive	0.150401	0.849599
4RAL-E-B	Positive	0.139958	0.860042
4XPN-B-A	Positive	0.0722712	0.927729
4XPN-D-C	Positive	0.0128151	0.987185
4ABJ-B-A	Positive	0.00668314	0.993317
4HPY-P-H	Positive	0.00511361	0.994886
4FAS-D-A	Positive	0.228263	0.771737
4TXR-B-A	Positive	0.40184	0.59816
4TXR-C-A	Negative	0.955557	0.0444428
4B7E-B-A	Negative	0.789542	0.210458
4DXR-B-A	Positive	0.423558	0.576442
4B8O-B-A	Positive	0.00146566	0.998534
4MIT-E-A	Positive	0.44042	0.55958
4MIT-F-A	Negative	0.614789	0.385211
4MIT-H-A	Negative	0.890501	0.109499
4MIT-G-B	Negative	0.843094	0.156906
4FVD-C-A	Positive	0.000379719	0.99962
4CZS-E-A	Positive	0.380698	0.619302
4EZP-C-A	Positive	0.0024999	0.9975
4EZP-D-A	Positive	0.00147162	0.998528
4D0D-C-A	Positive	0.100306	0.899694
4JQX-B-A	Positive	0.191417	0.808583
4F76-C-A	Positive	0.0300937	0.969906
4F76-D-A	Negative	0.523878	0.476122
4WSF-B-A	Positive	0.351456	0.648544
4P2Q-C-A	Positive	0.139321	0.860679
4P2Q-M-K	Positive	0.311924	0.688076
4JHK-C-A	Negative	0.874749	0.125251
4EQY-X-G	Positive	0.0028998	0.9971
4YIG-B-A	Negative	0.897329	0.102671
4HR6-A-B	Negative	0.791939	0.208061
4ICZ-F-A	Positive	0.348083	0.651917
4RXH-C-B	Positive	0.00134341	0.998657
4CH2-A-B	Negative	0.849072	0.150928
4CH2-P-B	Negative	0.552396	0.447604
4CH2-Q-D	Negative	0.926453	0.0735466
4Y7R-B-A	Positive	0.294433	0.705567
4DAU-B-A	Negative	0.687791	0.312209
4P5H-1-A	Negative	0.835377	0.164623
4JXT-B-A	Positive	0.218152	0.781848
4FMO-C-A	Positive	0.00883977	0.99116
4YIA-B-A	Positive	0.175379	0.824621
4L6V-M-B	Negative	0.96686	0.0331403
4ZOX-B-A	Positive	0.01282	0.98718
4YL8-B-A	Negative	0.784808	0.215192
4Y8I-c-H	Positive	0.335599	0.664401
4JYH-G-A	Positive	0.0259754	0.974025
4XI9-E-A	Positive	0.167964	0.832036
4S0G-B-A	Positive	0.351127	0.648873
4FGA-P-A	Positive	0.0100692	0.989931
4AUO-C-A	Positive	0.310685	0.689315
4AUO-D-A	Positive	0.204875	0.795125
4AUO-E-A	Positive	0.115669	0.884331
4D0B-C-A	Negative	0.94282	0.0571799
4MOY-B-A	Negative	0.95565	0.0443496
4X8K-B-A	Negative	0.967359	0.0326412
4J2C-B-A	Positive	0.0827346	0.917265
4D49-C-A	Positive	0.0031719	0.996828
4D49-D-A	Positive	0.0031719	0.996828
4UX9-F-A	Negative	0.826027	0.173973
4UX9-G-B	Positive	0.378839	0.621161
4UX9-H-C	Positive	0.416641	0.583359
4UX9-I-D	Positive	0.227992	0.772008
4BEA-B-A	Positive	0.00888863	0.991111
4GLR-A-H	Positive	0.0215208	0.978479
4GVU-B-A	Positive	0.14472	0.85528
4WVH-C-A	Positive	0.0460999	0.9539
4ASU-I-G	Positive	0.00675535	0.993245
4GBA-F-A	Positive	0.00142243	0.998578
4P1W-G-C	Positive	0.0103805	0.989619
4UF1-B-A	Positive	0.262122	0.737878
4BL0-B-A	Negative	0.643231	0.356769
4BL0-C-A	Positive	0.353837	0.646163
4BL0-E-A	Positive	0.453878	0.546122
4BL0-F-D	Negative	0.521873	0.478127
4NND-F-A	Negative	0.803346	0.196654
4NND-E-D	Positive	0.37636	0.62364
4DC2-Z-A	Negative	0.544113	0.455887
4H0H-D-B	Positive	0.070763	0.929237
4XKL-B-A	Positive	0.0372107	0.962789
4XKL-D-A	Positive	0.0308088	0.969191
4Z78-C-A	Positive	0.143363	0.856637
4JFD-C-A	Positive	0.284886	0.715114
4WV6-B-A	Positive	0.00120021	0.9988
4WV6-C-A	Positive	0.000656427	0.999344
4O37-A-B	Negative	0.991431	0.00856909
4JIF-B-A	Positive	0.0739485	0.926051
4EQF-B-A	Positive	0.340593	0.659407
4Z09-C-A	Positive	0.0147982	0.985202
4HT6-B-A	Positive	0.219493	0.780507
4JDI-B-A	Positive	0.108602	0.891398
4DNC-D-A	Negative	0.943088	0.0569122
4DNC-E-A	Negative	0.938053	0.0619475
4A1T-D-B	Negative	0.885835	0.114165
4WYB-B-A	Negative	0.712205	0.287795
4WYB-D-A	Negative	0.814954	0.185046
4WYB-J-A	Negative	0.729361	0.270639
4WYB-P-A	Negative	0.839789	0.160211
4GXB-B-A	Negative	0.915125	0.0848746
4F14-B-A	Positive	0.0305342	0.969466
4G43-C-A	Positive	0.0694432	0.930557
4Z80-C-A	Positive	0.108256	0.891744
4Z80-D-B	Positive	0.230402	0.769598
4C2F-C-A	Positive	0.143048	0.856952
4AUI-D-A	Positive	0.0435345	0.956465
4PV9-E-A	Positive	0.389462	0.610538
4WJP-B-A	Negative	0.913896	0.086104
4GHU-B-A	Negative	0.898176	0.101824
4BU1-C-A	Negative	0.553939	0.446061
4BU1-D-A	Negative	0.553939	0.446061
4Z9V-C-A	Positive	0.37204	0.62796
4Z9V-E-A	Negative	0.886007	0.113993
4Z9V-F-A	Negative	0.930863	0.0691366
4Z9V-H-A	Negative	0.886007	0.113993
4Z9V-D-B	Positive	0.183364	0.816636
4UY8-7-E	Negative	0.87823	0.12177
4MYZ-A-B	Negative	0.84494	0.15506
4RJF-B-A	Positive	0.459363	0.540637
4RJF-F-A	Negative	0.619042	0.380958
4MNQ-C-A	Positive	0.0101519	0.989848
4QYD-B-A	Positive	0.000829003	0.999171
4FII-B-A	Positive	0.0172283	0.982772
4RV0-H-A	Positive	0.401838	0.598162
4LZX-B-A	Positive	0.00743655	0.992563
4IKN-B-A	Positive	0.0106659	0.989334
4IFI-B-A	Positive	0.289108	0.710892
4IMI-F-D	Positive	0.492099	0.507901
4ZQ0-E-A	Negative	0.595461	0.404539
4G5O-H-D	Positive	0.422311	0.577689
4ZU6-B-X	Negative	0.975	0.025
4ZJX-B-A	Positive	0.000205807	0.999794
4CH9-C-A	Negative	0.657144	0.342856
4BU0-B-A	Negative	0.72854	0.27146
4BU0-C-A	Negative	0.869613	0.130387
4TQ0-B-A	Positive	0.222611	0.777389
4TQ0-D-C	Positive	0.0594717	0.940528
4PKC-C-A	Positive	0.257663	0.742337
4AOR-D-A	Positive	0.00324807	0.996752
4YYG-B-A	Positive	0.0287452	0.971255
4CAY-C-A	Negative	0.98823	0.0117703
4Y49-E-B	Negative	0.841366	0.158634
4C31-A-B	Negative	0.963526	0.0364737
4C31-C-B	Positive	0.326341	0.673659
4C31-F-B	Positive	0.240379	0.759621
4C31-X-B	Negative	0.671488	0.328512
4C31-Y-E	Positive	0.16964	0.83036
4UE9-B-A	Negative	0.94671	0.0532898
4OKX-B-A	Negative	0.638253	0.361747
4CHG-G-A	Negative	0.973338	0.0266621
4CHG-J-A	Negative	0.942197	0.0578034
4FZ3-B-A	Positive	0.00239281	0.997607
4OGA-B-E	Negative	0.693383	0.306617
4OGA-F-E	Positive	0.238048	0.761952
4O2C-C-A	Negative	0.51739	0.48261
4EZY-B-A	Positive	0.00780695	0.992193
4B3B-C-A	Positive	0.1241	0.8759
4QUE-E-A	Negative	0.868616	0.131384
4I2Z-B-A	Negative	0.805343	0.194657
4TUJ-E-A	Positive	0.0492332	0.950767
4TUJ-F-C	Positive	0.0314672	0.968533
4Z0R-D-B	Positive	0.0828565	0.917144
4TZN-C-A	Positive	0.406826	0.593174
4DT7-E-B	Negative	0.651152	0.348848
4DT7-F-D	Negative	0.772912	0.227088
4Q5J-E-A	Negative	0.581484	0.418516
4EST-I-E	Negative	0.624542	0.375458
4FL5-P-A	Negative	0.534865	0.465135
4FL5-Q-B	Positive	0.407462	0.592538
4QVF-B-A	Negative	0.735005	0.264995
4RE1-D-A	Positive	0.393856	0.606144
4RE1-C-B	Negative	0.67228	0.32772
4BOH-M-H	Positive	0.0397243	0.960276
4NUF-P-A	Negative	0.946857	0.0531428
4PO7-N-A	Negative	0.919762	0.0802379
4Z10-G-A	Negative	0.919299	0.0807012
4Z10-I-A	Positive	0.0658212	0.934179
4Z10-H-B	Positive	0.157929	0.842071
4OHA-B-A	Positive	0.0801467	0.919853
4X2V-E-A	Negative	0.985332	0.0146684
4X1V-B-A	Positive	0.000748839	0.999251
4UQ3-E-A	Positive	0.0344187	0.965581
4O2E-C-A	Negative	0.51739	0.48261
4G1C-D-A	Positive	0.0251381	0.974862
4AU3-E-A	Positive	0.0584697	0.94153
4AU3-F-A	Positive	0.0442419	0.955758
4AU3-G-A	Positive	0.0465938	0.953406
4AU3-H-C	Positive	0.0664599	0.93354
4AU3-I-C	Positive	0.0474799	0.95252
4MN3-B-A	Negative	0.713891	0.286109
4DNN-A-B	Negative	0.817233	0.182767
4WPB-C-A	Negative	0.900055	0.0999445
4YJ4-B-A	Negative	0.888963	0.111037
4B0F-C-A	Negative	0.940414	0.0595863
4NM7-C-A	Positive	0.001263	0.998737
4XEK-C-A	Negative	0.939525	0.0604745
4AWB-I-A	Positive	0.0264386	0.973561
4XGR-B-A	Negative	0.880904	0.119096
4XGR-D-A	Negative	0.921771	0.078229
4XGR-H-G	Positive	0.415029	0.584971
4XGR-F-G	Negative	0.895896	0.104104
4QWN-F-C	Positive	0.262259	0.737741
4WJW-P-B	Positive	0.432458	0.567542
4J26-I-A	Positive	0.0573889	0.942611
4J26-J-B	Positive	0.00836087	0.991639
4KTU-B-A	Positive	0.457885	0.542115
4CO6-D-A	Negative	0.9212	0.0788002
4CO6-E-A	Negative	0.762601	0.237399
4CO6-F-B	Negative	0.94188	0.0581199
4NJC-C-A	Negative	0.64505	0.35495
4NJC-F-A	Positive	0.405162	0.594838
4NJC-G-A	Positive	0.49065	0.50935
4OV5-C-A	Positive	0.100809	0.899191
4OV5-I-G	Positive	0.00498412	0.995016
4LKF-C-A	Positive	0.0231516	0.976848
4GNG-B-A	Positive	0.182669	0.817331
4IKA-D-A	Positive	0.00588456	0.994115
4DAY-C-A	Positive	0.24388	0.75612
4QMF-C-D	Negative	0.767691	0.232309
4CY5-C-A	Positive	0.126175	0.873825
4CY5-D-A	Positive	0.073679	0.926321
4Z0D-C-A	Positive	0.0321226	0.967877
4L5N-D-A	Negative	0.95255	0.0474499
4L5N-E-B	Negative	0.973495	0.0265053
4HY9-C-A	Positive	0.267863	0.732137
4HY9-D-A	Positive	0.267863	0.732137
4BG6-Q-A	Positive	0.000967289	0.999033
4ROJ-D-A	Positive	0.0945511	0.905449
4ROJ-E-B	Positive	0.0945511	0.905449
4ROJ-F-C	Positive	0.163071	0.836929
4J2L-C-A	Positive	0.407405	0.592595
4PYW-B-A	Positive	0.161904	0.838096
4LK9-B-A	Positive	0.00886759	0.991132
4J77-C-A	Positive	0.0747729	0.925227
4J77-D-B	Positive	0.06696	0.93304
4MZF-A-B	Positive	0.0318255	0.968174
4AA1-P-A	Positive	0.118798	0.881202
4WK4-C-A	Positive	0.19641	0.80359
4O46-G-A	Positive	0.00681001	0.99319
4MBE-B-A	Negative	0.66542	0.33458
4MBE-G-A	Positive	0.119372	0.880628
4MBE-X-C	Positive	0.0473795	0.952621
4MBE-Y-E	Negative	0.553291	0.446709
4C5H-B-A	Negative	0.777186	0.222814
4QRT-C-A	Positive	0.00227315	0.997727
4R3L-B-A	Positive	0.0445156	0.955484
4RKO-A-B	Positive	0.426997	0.573003
4KEL-B-A	Positive	0.00972318	0.990277
4RKH-C-E	Positive	0.00186902	0.998131
4RKH-F-E	Positive	0.00162053	0.998379
4AY6-E-A	Negative	0.786718	0.213282
4X2O-C-A	Positive	0.0476222	0.952378
4LKX-R-A	Negative	0.752998	0.247002
4A1V-C-A	Negative	0.879254	0.120746
4A1V-D-B	Negative	0.876325	0.123675
4BH8-P-A	Positive	0.0575075	0.942492
4R7A-A-B	Positive	0.00206048	0.99794
4NO5-C-A	Positive	0.333225	0.666775
4J7B-C-B	Negative	0.904158	0.0958416
4B1X-M-B	Positive	0.368418	0.631582
4QUF-U-F	Positive	0.0435826	0.956417
4GW5-E-A	Positive	0.00125279	0.998747
4JWD-D-A	Positive	0.0730181	0.926982
4QJ6-F-B	Positive	0.0223155	0.977685
4UQT-B-A	Positive	0.0702056	0.929794
4ZUV-C-A	Negative	0.964868	0.0351325
4Q1L-D-A	Positive	0.0323406	0.967659
4L9P-C-A	Positive	0.00733389	0.992666
4IG9-B-A	Positive	0.256802	0.743198
4IG9-D-A	Positive	0.0997522	0.900248
4IG9-F-C	Positive	0.146792	0.853208
4IG9-H-G	Negative	0.749646	0.250354
4FXE-C-A	Negative	0.938404	0.0615957
4K3R-E-A	Negative	0.607777	0.392223
4QLI-B-A	Positive	0.0730617	0.926938
4M92-B-A	Positive	0.373672	0.626328
4C3P-B-A	Positive	0.300426	0.699574
4C3P-E-A	Negative	0.536784	0.463216
4WCE-Z-K	Positive	0.0117726	0.988227
4FMQ-B-A	Positive	0.372557	0.627443
4ERY-D-A	Negative	0.595803	0.404197
4OD7-D-A	Positive	0.364458	0.635542
4RAV-E-B	Positive	0.0113944	0.988606
4Z7U-J-A	Negative	0.916184	0.0838161
4X0N-B-A	Positive	0.002834	0.997166
4P1N-C-A	Negative	0.784278	0.215722
4Z7I-C-A	Positive	0.0031415	0.996858
4Z7I-D-B	Positive	0.000557494	0.999443
4LNR-C-A	Positive	0.18725	0.81275
4WXA-F-C	Negative	0.919026	0.0809741
4U90-D-A	Positive	0.00494453	0.995055
4WYM-N-A	Positive	0.100016	0.899984
4WYM-S-G	Positive	0.0626043	0.937396
4CY1-D-A	Negative	0.62149	0.37851
4CY1-C-B	Negative	0.62149	0.37851
4XCF-P-L	Positive	0.000876497	0.999124
4P3D-M-H	Negative	0.894068	0.105932
4AOM-T-A	Positive	0.00488983	0.99511
4RXZ-D-A	Negative	0.911328	0.0886722
4PYU-C-A	Positive	0.237214	0.762786
4AZA-B-A	Positive	0.0688233	0.931177
4QXT-Q-A	Positive	0.230124	0.769876
4WJV-K-A	Negative	0.98835	0.0116496
4WJV-L-B	Negative	0.956197	0.0438027
4OWF-G-A	Positive	0.099044	0.900956
4E0R-C-A	Positive	0.0923129	0.907687
4AOQ-D-A	Positive	0.00407881	0.995921
4AOQ-E-A	Positive	0.00224537	0.997755
4C2W-D-A	Positive	0.168166	0.831834
4QH7-C-A	Negative	0.534517	0.465483
4QH7-D-A	Positive	0.195201	0.804799
4QH7-G-E	Positive	0.0393316	0.960668
4QH7-H-E	Positive	0.120026	0.879974
4KA3-B-A	Positive	0.409651	0.590349
4GUT-B-A	Positive	0.217579	0.782421
4YJL-G-A	Negative	0.984474	0.0155256
4H6S-A-B	Negative	0.973398	0.0266021
4FVT-B-A	Positive	0.0754773	0.924523
4DXS-B-A	Negative	0.79258	0.20742
4J44-B-A	Positive	0.100513	0.899487
4CU4-B-A	Negative	0.772419	0.227581
4ISQ-E-A	Positive	0.26677	0.73323
4AU7-C-A	Positive	0.0504831	0.949517
4HPT-I-E	Positive	0.0543984	0.945602
4HPO-P-H	Positive	0.0106334	0.989367
4V9F-2-S	Positive	0.0226564	0.977344
4M9Z-E-A	Positive	0.230262	0.769738
4M9Z-F-B	Positive	0.114146	0.885854
4M9Z-H-D	Positive	0.0135124	0.986488
4NL8-D-B	Positive	0.112892	0.887108
4PVZ-C-A	Positive	0.0975253	0.902475
4PVZ-D-A	Positive	0.000817393	0.999183
4QAE-P-A	Positive	3.09677e-05	0.999969
4QAE-R-A	Positive	2.56962e-05	0.999974
4QAE-T-A	Positive	0.000298882	0.999701
4QAE-S-C	Positive	2.56962e-05	0.999974
4ZRT-B-A	Negative	0.920415	0.0795853
4TUL-I-H	Positive	0.0190188	0.980981
4A9Z-A-C	Negative	0.569312	0.430688
4A9Z-B-C	Negative	0.686632	0.313368
4A9Z-D-C	Negative	0.682365	0.317635
4RH9-B-A	Negative	0.682619	0.317381
4J86-C-A	Positive	0.00185769	0.998142
4WCI-B-A	Positive	0.21623	0.78377
4WCI-D-C	Positive	0.0769569	0.923043
4WCI-F-E	Positive	0.0363983	0.963602
4DS7-E-A	Positive	0.0345649	0.965435
4DS7-F-A	Positive	0.245209	0.754791
4DS7-G-C	Positive	0.4904	0.5096
4DS7-H-C	Positive	0.0988745	0.901125
4Z2V-P-A	Negative	0.961818	0.0381822
4PG2-D-A	Positive	0.0277507	0.972249
4H26-C-A	Positive	0.0121894	0.987811
4FSJ-E-B	Positive	0.0362287	0.963771
4KP3-E-A	Negative	0.744745	0.255255
4BLB-E-A	Positive	0.0454602	0.95454
4BLB-G-C	Positive	0.0506323	0.949368
4UTN-D-A	Negative	0.791302	0.208698
4TK2-C-A	Positive	0.107656	0.892344
4TK2-D-A	Positive	0.04656	0.95344
4Z97-C-A	Positive	0.000255103	0.999745
4UPU-B-A	Positive	0.046906	0.953094
4XOJ-B-A	Positive	0.00327313	0.996727
4UEH-I-H	Negative	0.548653	0.451347
4LG6-B-A	Positive	0.060831	0.939169
4CXF-B-A	Negative	0.803275	0.196725
4MVL-E-A	Negative	0.704375	0.295625
4MVL-G-C	Negative	0.896447	0.103553
4WVT-C-A	Positive	0.0424938	0.957506
4CC3-B-A	Positive	0.0973337	0.902666
4HON-F-A	Positive	0.00380264	0.996197
4HON-G-B	Negative	0.51695	0.48305
4DEY-B-A	Negative	0.781093	0.218907
4YYM-Z-A	Positive	0.148388	0.851612
4C5I-C-A	Positive	0.0866255	0.913374
4DZU-B-A	Negative	0.758658	0.241342
4K8Y-B-A	Positive	0.0048696	0.99513
4TVQ-E-C	Negative	0.530773	0.469227
4ONI-C-A	Negative	0.570137	0.429863
4YK9-B-A	Negative	0.56275	0.43725
4IRV-E-A	Negative	0.505013	0.494987
4J79-B-A	Positive	0.000558086	0.999442
4U0G-c-A	Positive	0.305722	0.694278
4U0G-p-O	Positive	0.305722	0.694278
4X1H-C-A	Negative	0.542348	0.457652
4OBK-C-A	Positive	0.00921357	0.990786
4OBG-F-B	Positive	0.312058	0.687942
4LKD-I-A	Positive	0.0434635	0.956536
4LKD-M-E	Positive	0.00559962	0.9944
4X1Q-P-U	Positive	0.425132	0.574868
4HW4-C-A	Negative	0.978405	0.0215951
4TQ1-B-A	Negative	0.931147	0.0688526
4M1C-G-A	Positive	0.467348	0.532652
4M1C-H-B	Negative	0.683271	0.316729
4HPU-I-E	Positive	0.0543984	0.945602
4QLB-E-A	Negative	0.926597	0.0734027
4QLB-G-C	Negative	0.926597	0.0734027
4QLB-H-D	Negative	0.92713	0.0728701
4QLB-F-B	Negative	0.946008	0.0539924
4UN2-B-A	Negative	0.85085	0.14915
4P0B-B-A	Positive	0.00751955	0.99248
4LFB-U-M	Positive	0.000536447	0.999464
4JDJ-B-A	Positive	0.0792483	0.920752
4QBY-1-H	Positive	0.0264386	0.973561
4BXU-B-A	Negative	0.993401	0.00659905
4K3Q-E-A	Negative	0.658084	0.341916
4A8X-B-A	Negative	0.686008	0.313992
4P3W-G-A	Positive	0.37666	0.62334
4P3W-L-E	Positive	0.443123	0.556877
4P3W-J-F	Positive	0.208374	0.791626
4P3W-I-D	Positive	0.389818	0.610182
4JMY-E-A	Positive	0.0255263	0.974474
4EZV-C-A	Positive	0.121431	0.878569
4EZV-D-A	Positive	0.0266878	0.973312
4K1E-B-A	Positive	0.0161931	0.983807
4TK1-C-A	Positive	0.134755	0.865245
4JMR-G-A	Positive	0.37502	0.62498
4JMR-F-B	Positive	0.0304145	0.969585
4JMR-H-C	Positive	0.0317417	0.968258
4JMR-E-D	Positive	0.0136869	0.986313
4TRQ-C-B	Negative	0.710254	0.289746
4P2O-P-A	Positive	0.0377146	0.962285
4YYN-Z-A	Positive	0.151606	0.848394
5YT0-B-A	Positive	0.168256	0.831744
5K58-N-E	Positive	0.0901088	0.909891
5LZT-l-X	Positive	0.000740827	0.999259
5JJ0-F-A	Positive	0.0952405	0.90476
5JJ0-G-B	Positive	0.064492	0.935508
5EKF-B-A	Positive	0.00290062	0.997099
5EKF-C-A	Positive	0.0282799	0.97172
5ZFU-I-A	Positive	0.140562	0.859438
5Z12-J-A	Positive	0.000485816	0.999514
5HHN-C-A	Positive	0.269878	0.730122
5DJY-C-A	Negative	0.672526	0.327474
5IYA-L-B	Positive	0.0138893	0.986111
5AXI-E-B	Positive	0.0597722	0.940228
5GAF-f-G	Positive	0.00115359	0.998846
5GAF-k-V	Negative	0.8642	0.1358
5LVF-B-A	Positive	0.433128	0.566872
5DF6-B-A	Negative	0.852507	0.147493
5DF6-C-A	Negative	0.958694	0.041306
5WHA-B-A	Negative	0.870774	0.129226
5WHA-C-A	Negative	0.82233	0.17767
5WHA-E-D	Negative	0.745583	0.254417
5WHA-I-G	Negative	0.870774	0.129226
5EYK-D-A	Positive	0.365663	0.634337
5EYK-C-B	Negative	0.679875	0.320125
5HCD-D-B	Positive	0.00461513	0.995385
5W7J-B-A	Negative	0.556463	0.443537
5GIJ-D-B	Negative	0.943508	0.0564919
5K0U-D-A	Negative	0.75191	0.24809
5WRJ-F-A	Negative	0.927492	0.072508
5FIY-F-A	Negative	0.835453	0.164547
5FIY-G-E	Negative	0.835453	0.164547
5W41-B-A	Positive	0.00276002	0.99724
5WQD-H-A	Positive	0.115785	0.884215
5WQD-I-B	Positive	0.44686	0.55314
5WQD-J-C	Positive	0.374269	0.625731
5WQD-M-F	Positive	0.177631	0.822369
5WQD-N-G	Positive	0.203998	0.796002
5GIS-C-H	Positive	0.00583996	0.99416
5ADR-B-A	Negative	0.974365	0.0256354
5TBN-C-A	Positive	0.361193	0.638807
5OID-B-A	Negative	0.970612	0.0293878
5DX3-C-A	Positive	0.263676	0.736324
5X4Z-L-B	Positive	0.00135805	0.998642
5F3Y-B-A	Positive	0.035867	0.964133
5UWP-D-C	Negative	0.65439	0.34561
5IC4-I-A	Positive	0.349637	0.650363
5EX0-D-A	Positive	0.0140521	0.985948
5C6H-B-A	Negative	0.53421	0.46579
5C6H-F-A	Negative	0.773535	0.226465
5C6H-J-A	Negative	0.72841	0.27159
5C6H-V-M	Negative	0.963119	0.0368807
5BRZ-C-A	Negative	0.713277	0.286723
5EO0-C-A	Positive	0.0144028	0.985597
5C44-L-B	Positive	0.000717083	0.999283
5VYO-E-A	Positive	0.00704051	0.992959
5VFS-e-V	Negative	0.842153	0.157847
5LN3-Y-R	Negative	0.838391	0.161609
5F5U-B-A	Negative	0.966154	0.0338458
5F5U-C-A	Negative	0.892422	0.107578
5F5U-F-A	Negative	0.581804	0.418196
5F5U-E-D	Negative	0.88344	0.11656
5F5U-H-D	Negative	0.79869	0.20131
5F5U-I-G	Positive	0.356181	0.643819
5C7F-E-A	Positive	0.229872	0.770128
5C7F-F-B	Positive	0.104802	0.895198
5C7F-G-C	Positive	0.485888	0.514112
5U4I-w-c	Positive	0.00369874	0.996301
5KIY-B-A	Positive	0.435327	0.564673
5WNA-B-H	Positive	0.000901474	0.999099
5VLP-Z-A	Negative	0.758097	0.241903
5B6G-B-A	Negative	0.95302	0.0469805
5JTH-B-A	Positive	0.00363354	0.996366
5DHA-D-C	Negative	0.849082	0.150918
5CVA-E-A	Negative	0.956851	0.0431487
5F67-C-A	Positive	0.0358832	0.964117
5ND0-C-A	Negative	0.824783	0.175217
5TWA-D-A	Negative	0.989099	0.0109006
5ZYS-B-A	Positive	0.0193745	0.980626
5IB1-C-A	Positive	0.00133184	0.998668
5ADQ-B-A	Negative	0.974365	0.0256354
5NJC-E-A	Negative	0.948979	0.0510211
5CFA-C-A	Negative	0.628642	0.371358
5C3I-P-N	Negative	0.815941	0.184059
5OUS-B-A	Positive	0.0417672	0.958233
5XKN-E-A	Positive	0.00742003	0.99258
5W7X-H-D	Negative	0.921876	0.0781239
5W7X-G-D	Negative	0.967013	0.0329868
5C6V-E-A	Negative	0.946192	0.0538083
5AEI-D-A	Positive	0.00189906	0.998101
5XHZ-C-A	Positive	0.00323722	0.996763
5XHZ-D-A	Positive	0.00323722	0.996763
5NFU-C-A	Positive	0.0270317	0.972968
5JWE-P-A	Positive	0.0189198	0.98108
5YVG-X-A	Positive	0.479086	0.520914
5YVG-Y-B	Positive	0.283252	0.716748
5ZQV-E-A	Negative	0.956931	0.0430689
5ZQV-G-D	Negative	0.958233	0.0417665
5XJG-B-A	Negative	0.851199	0.148801
5IZ9-B-A	Negative	0.819002	0.180998
5TIS-F-A	Positive	0.147588	0.852412
5TIS-I-A	Negative	0.861756	0.138244
5TIS-J-A	Positive	0.00635424	0.993646
5TIS-X-B	Positive	0.101197	0.898803
5TIS-y-c	Positive	0.382747	0.617253
5VWJ-C-A	Positive	0.220585	0.779415
5R4C-D-B	Positive	0.0330672	0.966933
5Y2D-F-A	Positive	0.0561177	0.943882
5JWD-C-A	Positive	0.305823	0.694177
5YPB-C-A	Positive	0.00412067	0.995879
5H24-C-A	Positive	0.390073	0.609927
5IAN-E-A	Positive	0.175428	0.824572
5INW-C-A	Negative	0.70167	0.29833
5INW-D-B	Negative	0.558438	0.441562
5OOL-2-F	Positive	0.0154562	0.984544
5OOL-4-r	Positive	1.61657e-05	0.999984
5ID0-E-A	Positive	0.0976958	0.902304
5W67-C-A	Positive	0.00964761	0.990352
5C7E-G-A	Negative	0.869648	0.130352
5C7E-H-B	Negative	0.56174	0.43826
5C7E-I-C	Negative	0.858295	0.141705
5C7E-K-E	Negative	0.836514	0.163486
5C7E-L-F	Negative	0.923963	0.0760365
5JHP-E-A	Negative	0.898085	0.101915
5EAY-F-A	Negative	0.678638	0.321362
5EAY-E-B	Negative	0.885912	0.114088
5VAX-E-A	Negative	0.967354	0.0326457
5VAX-F-B	Negative	0.968739	0.0312607
5VAX-G-C	Negative	0.920229	0.0797709
5OTX-B-A	Positive	0.136495	0.863505
5OTX-D-C	Negative	0.507758	0.492242
5JER-B-A	Negative	0.923923	0.0760771
5AFP-D-A	Positive	0.170542	0.829458
5JME-F-A	Positive	0.0379176	0.962082
5MQF-S-A	Positive	0.152564	0.847436
5VS7-P-A	Positive	0.00140649	0.998594
5GNV-B-A	Positive	0.336241	0.663759
5VAP-D-A	Positive	0.470655	0.529345
5VAP-C-B	Positive	0.304585	0.695415
5K9S-B-A	Positive	0.00252791	0.997472
5L9U-M-C	Negative	0.97118	0.02882
5N39-B-A	Positive	0.0489458	0.951054
5O9Z-K-A	Positive	0.146081	0.853919
5O9Z-R-L	Positive	0.000604722	0.999395
5BWL-B-A	Negative	0.535906	0.464094
5UPK-A-B	Negative	0.580584	0.419416
5BSA-F-B	Positive	0.302854	0.697146
5CRV-C-A	Positive	0.232671	0.767329
5CRV-D-B	Positive	0.385107	0.614893
5UUP-B-A	Negative	0.9076	0.0923999
5HKZ-B-A	Negative	0.994168	0.00583176
5E2B-D-A	Positive	0.000112848	0.999887
5GK9-B-A	Negative	0.895936	0.104064
5WJN-C-A	Positive	0.015509	0.984491
5GHW-P-H	Positive	0.0253556	0.974644
5XCT-C-A	Positive	0.385654	0.614346
5VID-G-D	Negative	0.502779	0.497221
5VID-H-B	Negative	0.613903	0.386097
5VID-F-A	Negative	0.84678	0.15322
5AZF-D-B	Negative	0.981571	0.0184293
5KVM-B-A	Positive	0.269324	0.730676
5E1O-D-A	Positive	0.000293603	0.999706
5MYC-P-A	Negative	0.889446	0.110554
5MUU-C-A	Negative	0.923517	0.0764833
5A2L-P-H	Positive	0.23604	0.76396
5T2S-B-A	Negative	0.580816	0.419184
5T2S-D-C	Negative	0.580816	0.419184
5YVU-A-B	Negative	0.828495	0.171505
5FJX-E-A	Positive	0.0427646	0.957235
5FJX-D-B	Positive	0.012813	0.987187
5XJT-M-2	Positive	0.00494748	0.995053
5IQM-F-G	Positive	0.261432	0.738568
5IQM-B-G	Positive	0.239434	0.760566
5OL3-D-A	Positive	0.0890539	0.910946
5MN9-C-A	Negative	0.974364	0.0256356
5KYU-C-A	Positive	0.0423791	0.957621
5FOU-C-A	Positive	0.0705891	0.929411
5M32-r-j	Positive	0.451571	0.548429
5M32-s-j	Negative	0.697028	0.302972
5CSI-C-A	Positive	0.175168	0.824832
5YIQ-D-A	Negative	0.726232	0.273768
5E7C-J-A	Positive	0.0188153	0.981185
5HTB-B-A	Positive	0.0549847	0.945015
5FGC-A-B	Positive	0.105814	0.894186
5AJN-P-A	Positive	0.0148796	0.98512
5E1M-D-A	Positive	0.000411356	0.999589
5HFF-B-A	Positive	0.0732903	0.92671
5SXM-C-A	Negative	0.925502	0.0744984
5OY3-B-A	Positive	0.0127753	0.987225
5GOW-A-B	Negative	0.767681	0.232319
5VLL-Y-A	Positive	0.000680799	0.999319
5HDA-B-A	Negative	0.980133	0.0198672
5HDA-D-A	Negative	0.90436	0.0956404
5B1Z-C-A	Negative	0.794498	0.205502
5B1Z-D-B	Negative	0.643659	0.356341
5OY9-D-A	Positive	0.0893698	0.91063
5U4K-B-A	Positive	0.416571	0.583429
5HHQ-C-A	Positive	0.25949	0.74051
5BS0-C-A	Negative	0.567326	0.432674
5ITF-E-A	Positive	0.0383686	0.961631
5LSW-B-A	Negative	0.654613	0.345387
5I2I-E-A	Positive	0.0630803	0.93692
5VT9-C-A	Positive	0.218863	0.781137
5VT9-D-A	Positive	0.443654	0.556346
5OPT-q-r	Positive	0.00584072	0.994159
5I3L-C-A	Positive	0.0331017	0.966898
5FJ8-I-A	Positive	0.498542	0.501458
5F6K-D-C	Negative	0.838597	0.161403
5F6K-M-C	Positive	0.0199067	0.980093
5F6K-F-E	Positive	0.336068	0.663932
5EJC-E-A	Negative	0.902147	0.0978527
5EJC-F-A	Negative	0.692327	0.307673
5EJC-C-B	Negative	0.781085	0.218915
5EJC-D-B	Negative	0.676141	0.323859
5YD8-V-Y	Positive	0.292953	0.707047
5YD8-U-X	Positive	0.00138176	0.998618
5YD8-W-Z	Negative	0.817045	0.182955
5XTZ-E-A	Positive	0.0670987	0.932901
5LUM-F-A	Negative	0.664495	0.335505
5AFU-a-A	Negative	0.969213	0.0307868
5AFU-c-B	Negative	0.781389	0.218611
5AFU-d-F	Negative	0.996334	0.00366617
5AFZ-I-H	Negative	0.724899	0.275101
5LSP-X-A	Positive	0.105115	0.894885
5LSP-Y-P	Positive	0.00223689	0.997763
5GP7-B-A	Negative	0.800647	0.199353
5FOV-E-A	Positive	0.0707048	0.929295
5NX1-B-A	Positive	0.177729	0.822271
5NX1-D-A	Positive	0.0233667	0.976633
5JPO-E-A	Negative	0.95666	0.0433396
5JXT-U-J	Positive	0.000333186	0.999667
5JXT-W-H	Positive	0.011456	0.988544
5W6R-M-A	Negative	0.954632	0.0453682
5AJP-B-A	Positive	0.0302218	0.969778
5K6S-B-A	Positive	0.264427	0.735573
5K4F-D-A	Negative	0.686397	0.313603
5J28-C-A	Negative	0.811562	0.188438
5UWO-D-C	Negative	0.842598	0.157402
5VLK-Z-A	Positive	0.0115624	0.988438
5MVW-C-A	Negative	0.964121	0.0358788
5MVW-D-A	Negative	0.741451	0.258549
5T6W-C-A	Positive	0.102297	0.897703
5ET0-B-A	Positive	0.085684	0.914316
5N9C-F-A	Positive	0.0485351	0.951465
5SXP-F-A	Positive	0.170676	0.829324
5SXP-G-A	Positive	0.00992149	0.990079
5CDW-f-A	Positive	0.446547	0.553453
5CDW-I-A	Positive	0.185207	0.814793
5F5O-B-A	Positive	0.0161283	0.983872
5F5O-D-C	Positive	0.0349928	0.965007
5F5O-F-E	Positive	0.0739081	0.926092
5O31-s-E	Positive	0.196127	0.803873
5O31-c-O	Negative	0.570807	0.429193
5APR-I-E	Positive	0.0423495	0.957651
5LEF-C-A	Negative	0.863549	0.136451
5LEF-D-A	Negative	0.886405	0.113595
5K0Y-M-T	Negative	0.50524	0.49476
5H3J-B-A	Positive	0.233719	0.766281
5VGD-C-A	Negative	0.759946	0.240054
5Z7G-C-A	Negative	0.790231	0.209769
5MHC-P-A	Negative	0.938616	0.0613844
5ZWO-Z-X	Negative	0.991548	0.00845226
5NIG-C-A	Positive	0.00179006	0.99821
5C0D-C-A	Negative	0.915167	0.0848328
5A53-B-A	Negative	0.977363	0.0226368
5J4X-D-A	Positive	0.0173527	0.982647
5IYX-B-A	Positive	0.221898	0.778102
5LQW-L-A	Positive	0.150322	0.849678
5N1W-C-A	Positive	0.000407301	0.999593
5N1W-D-A	Positive	0.00143618	0.998564
5M5Y-L-B	Positive	0.00109423	0.998906
5V1T-B-A	Positive	0.336134	0.663866
5E2V-P-L	Positive	0.0429965	0.957003
5FXC-P-H	Negative	0.7913	0.2087
5ZMS-A-B	Negative	0.966519	0.0334806
5JWP-B-A	Negative	0.920107	0.0798932
5B83-E-D	Negative	0.933377	0.0666233
5TZQ-D-A	Positive	0.184073	0.815927
5TZQ-C-B	Negative	0.543968	0.456032
5XCR-C-A	Positive	0.248052	0.751948
5H1X-A-B	Negative	0.640852	0.359148
5H1X-C-B	Negative	0.645687	0.354313
5N85-B-A	Negative	0.84573	0.15427
5LJ3-F-A	Positive	0.105424	0.894576
5LJ3-P-A	Positive	0.248162	0.751838
5HJD-B-A	Positive	0.00624405	0.993756
5HJD-F-E	Positive	0.156657	0.843343
5HJD-J-N	Negative	0.574635	0.425365
5WSV-B-A	Positive	0.00563278	0.994367
5WSV-D-A	Positive	0.0348299	0.96517
5EN6-D-A	Positive	0.0319479	0.968052
5O90-B-A	Negative	0.642281	0.357719
5MDY-6-7	Positive	0.0611139	0.938886
5O3V-C-A	Negative	0.626861	0.373139
5O3V-D-B	Positive	0.327341	0.672659
5XJU-M-2	Positive	0.0210723	0.978928
5FFW-C-A	Positive	0.0679693	0.932031
5NPH-A-H	Negative	0.817631	0.182369
5B5V-E-A	Positive	0.026718	0.973282
5R4D-D-B	Positive	0.0193442	0.980656
5GU4-C-A	Negative	0.936928	0.0630722
5OUC-E-A	Positive	0.147292	0.852708
5ERW-C-A	Positive	0.0462033	0.953797
5T0K-P-A	Positive	0.0621664	0.937834
5YIP-B-A	Negative	0.625511	0.374489
5IB4-C-A	Positive	0.00133184	0.998668
5T1M-E-A	Positive	0.0193917	0.980608
5GIM-C-B	Positive	0.00507484	0.994925
5GIM-D-B	Negative	0.793517	0.206483
5NX2-B-A	Negative	0.584473	0.415527
5FVD-B-A	Negative	0.663625	0.336375
5FVD-D-A	Positive	0.436284	0.563716
5NCL-D-A	Positive	0.00027791	0.999722
5NVN-B-A	Positive	0.0775088	0.922491
5MX2-L-A	Negative	0.952201	0.0477989
5MX2-T-A	Negative	0.974857	0.0251426
5MX2-Y-C	Positive	0.0759492	0.924051
5MX2-f-a	Positive	0.132712	0.867288
5MX2-y-c	Positive	0.163918	0.836082
5MX2-r-e	Positive	0.244609	0.755391
5BUZ-C-A	Negative	0.868979	0.131021
5BUZ-F-D	Negative	0.543101	0.456899
5FU7-D-A	Negative	0.910834	0.0891663
5FU7-H-A	Negative	0.910991	0.0890086
5MAV-H-A	Positive	0.0650384	0.934962
5MAV-G-C	Positive	0.0193739	0.980626
5MAV-K-E	Positive	0.0200655	0.979934
5MAV-N-D	Positive	0.193584	0.806416
5MAV-L-F	Positive	0.0208498	0.97915
5JEJ-D-A	Positive	0.124974	0.875026
5JEJ-E-A	Positive	0.231757	0.768243
5JEJ-C-B	Negative	0.974453	0.0255475
5Y39-F-D	Negative	0.798273	0.201727
5UQ3-C-A	Negative	0.509355	0.490645
5WBY-P-D	Positive	0.0708101	0.92919
5OVP-B-A	Positive	0.217839	0.782161
5U5P-C-A	Positive	0.0147161	0.985284
5U5P-B-A	Positive	0.0904322	0.909568
5ADX-c-B	Negative	0.996334	0.00366617
5MRF-Y-P	Positive	0.0038037	0.996196
5VWK-E-A	Negative	0.923288	0.0767118
5VWK-G-A	Negative	0.923288	0.0767118
5A86-D-B	Positive	0.262182	0.737818
5XJ0-Y-C	Negative	0.996332	0.0036679
5TP6-B-A	Positive	0.0713563	0.928644
5MP5-K-A	Positive	0.143875	0.856125
5MP5-J-H	Positive	0.403872	0.596128
5T78-F-A	Negative	0.521487	0.478513
5NVM-B-A	Negative	0.965425	0.0345751
5HU3-B-A	Negative	0.989865	0.0101351
5BRM-G-A	Negative	0.847826	0.152174
5BRM-I-A	Positive	0.420006	0.579994
5BRM-M-A	Negative	0.894791	0.105209
5BRM-H-B	Positive	0.0380841	0.961916
5BRM-N-B	Negative	0.656062	0.343938
5BRM-J-D	Negative	0.536393	0.463607
5BRM-L-D	Positive	0.425317	0.574683
5BRM-O-D	Positive	0.185478	0.814522
5LB7-C-A	Positive	0.226621	0.773379
5XCO-B-A	Positive	0.00233831	0.997662
5H7H-B-A	Positive	0.0905391	0.909461
5Y5S-J-L	Positive	0.40293	0.59707
5Y5S-8-L	Positive	0.324392	0.675608
5Y5S-B-H	Positive	0.40293	0.59707
5Y5S-T-Q	Positive	0.316714	0.683286
5Y5S-2-Y	Positive	0.324392	0.675608
5GGP-C-A	Positive	0.194928	0.805072
5GGP-D-B	Positive	0.41694	0.58306
5NG4-B-A	Positive	0.136412	0.863588
5TQ1-B-A	Negative	0.905886	0.0941139
5GWM-B-A	Negative	0.753858	0.246142
5N99-C-A	Positive	0.00793039	0.99207
5JJZ-B-A	Positive	0.0235261	0.976474
5L04-B-A	Negative	0.941412	0.058588
5WBL-T-A	Negative	0.592273	0.407727
5CJO-a-A	Positive	0.481885	0.518115
5MFK-C-A	Positive	0.00196294	0.998037
5XBK-E-B	Positive	0.000384304	0.999616
5WJL-C-A	Positive	0.0619216	0.938078
5WJL-F-D	Positive	0.0619216	0.938078
5GID-C-A	Positive	0.0578059	0.942194
5F8X-B-A	Positive	0.0553855	0.944615
5XSQ-B-A	Negative	0.501299	0.498701
5WIR-D-B	Positive	0.348982	0.651018
5WIR-C-A	Positive	0.0902251	0.909775
5OW5-E-A	Positive	0.142969	0.857031
5B5E-I-A	Negative	0.705131	0.294869
5B5E-J-A	Positive	0.00635424	0.993646
5B5E-t-B	Negative	0.919949	0.0800512
5B5E-f-a	Positive	0.290114	0.709886
5B5E-j-a	Positive	0.0306954	0.969305
5YXL-B-A	Negative	0.620881	0.379119
5YXL-D-C	Negative	0.908672	0.0913281
5E3A-B-A	Positive	0.107967	0.892033
5UUM-C-A	Negative	0.895494	0.104506
5OM7-B-A	Positive	0.0593998	0.9406
5EM9-B-A	Negative	0.764872	0.235128
5NEU-4-1	Positive	0.0277804	0.97222
5Y5A-B-A	Negative	0.858811	0.141189
5F0O-E-A	Negative	0.972226	0.027774
5HHO-C-A	Negative	0.548455	0.451545
5V22-B-A	Positive	0.0371847	0.962815
5VF3-Z-A	Negative	0.607331	0.392669
5B5U-C-A	Negative	0.705436	0.294564
5B75-B-A	Positive	0.00832434	0.991676
5JI0-E-D	Negative	0.81444	0.18556
5IEK-C-A	Negative	0.745956	0.254044
5NPV-B-A	Positive	0.407168	0.592832
5NPV-D-A	Negative	0.562268	0.437732
5T1L-E-A	Positive	0.00594625	0.994054
5EX3-D-A	Positive	0.00248112	0.997519
5W5C-A-B	Negative	0.786078	0.213922
5W5C-E-B	Positive	0.121757	0.878243
5VAI-P-R	Negative	0.888924	0.111076
5TS1-P-A	Negative	0.57669	0.42331
5L9V-C-A	Negative	0.544595	0.455405
5O66-M-J	Positive	0.0799746	0.920025
5O66-O-K	Positive	0.125079	0.874921
5XXF-C-A	Negative	0.778247	0.221753
5XXF-E-A	Positive	0.343975	0.656025
5G1D-D-A	Negative	0.761807	0.238193
5EIB-F-C	Positive	0.36225	0.63775
5YC1-I-A	Positive	0.0042819	0.995718
5U5S-B-A	Positive	0.0650647	0.934935
5FF6-E-A	Positive	0.0343819	0.965618
5ABX-B-A	Negative	0.963656	0.0363444
5T6P-F-A	Positive	0.293201	0.706799
5MDX-F-A	Positive	0.0954682	0.904532
5MDX-L-A	Negative	0.895838	0.104162
5MDX-T-A	Negative	0.846506	0.153494
5MDX-W-A	Negative	0.753547	0.246453
5MDX-M-B	Positive	0.161952	0.838048
5MDX-K-C	Negative	0.70072	0.29928
5MDX-X-D	Positive	0.0195715	0.980428
5LCW-D-O	Negative	0.939766	0.0602344
5YIS-C-A	Negative	0.908686	0.0913138
5YIS-D-B	Negative	0.67604	0.32396
5IQ9-C-A	Positive	0.056331	0.943669
5GQR-C-B	Negative	0.976139	0.023861
5GRD-C-A	Positive	0.0809919	0.919008
5BXV-B-A	Positive	0.0742711	0.925729
5BXV-D-A	Positive	0.311111	0.688889
5I9E-E-A	Positive	0.00176592	0.998234
5I9E-H-B	Positive	0.00449476	0.995505
5WA4-M-A	Negative	0.513902	0.486098
5WA4-P-A	Positive	0.323037	0.676963
5WA4-Q-C	Negative	0.518022	0.481978
5O45-B-A	Positive	0.0960427	0.903957
5F5J-B-A	Positive	0.0106438	0.989356
5OWP-D-H	Negative	0.694011	0.305989
5C08-C-A	Negative	0.964182	0.0358184
5C08-H-F	Negative	0.964182	0.0358184
5EKG-B-A	Positive	0.00750334	0.992497
5EKG-C-A	Positive	0.000131463	0.999869
5WS5-T-A	Negative	0.898613	0.101387
5WS5-f-a	Positive	0.185163	0.814837
5WS5-j-a	Positive	0.0444629	0.955537
5J6G-F-A	Positive	0.207259	0.792741
5VZ5-C-A	Negative	0.865636	0.134364
5DVV-C-A	Positive	0.0424451	0.957555
5XY3-b-D	Positive	0.00493252	0.995067
5XY3-l-X	Positive	0.0171777	0.982822
5I8C-C-A	Positive	0.221858	0.778142
5Y4H-B-A	Positive	0.00492169	0.995078
5W4E-A-B	Positive	0.0163493	0.983651
5W4E-D-B	Positive	0.00344586	0.996554
5HYN-D-A	Positive	0.0535061	0.946494
5HYN-E-A	Positive	0.397495	0.602505
5HYN-J-F	Positive	0.167975	0.832025
5HYN-P-K	Positive	0.192697	0.807303
5W6A-E-A	Negative	0.745895	0.254105
5QTX-H-A	Positive	0.00153781	0.998462
5NHU-I-H	Negative	0.527864	0.472136
5NHU-J-A	Negative	0.629908	0.370092
5NHU-K-C	Negative	0.77228	0.22772
5L7K-B-A	Positive	0.0668863	0.933114
5T70-C-A	Negative	0.859661	0.140339
5CZ2-G-A	Negative	0.92291	0.0770903
5CZ2-H-A	Negative	0.884968	0.115032
5CZ2-K-C	Negative	0.687048	0.312952
5CZ2-I-E	Positive	0.476293	0.523707
5OBT-E-A	Positive	0.177918	0.822082
5EPJ-B-A	Positive	0.211876	0.788124
5C0B-C-A	Negative	0.781594	0.218406
5C0B-H-F	Negative	0.781594	0.218406
5JHN-F-A	Positive	0.0615827	0.938417
5JHN-G-B	Positive	0.0705285	0.929472
5JTM-E-A	Negative	0.911411	0.0885893
5G5P-C-B	Negative	0.743846	0.256154
5T0H-e-V	Negative	0.672212	0.327788
5HI3-I-A	Negative	0.876646	0.123354
5IG9-I-A	Positive	0.226939	0.773061
5IG9-M-E	Positive	0.295211	0.704789
5IG9-N-F	Positive	0.398802	0.601198
5WA1-B-A	Positive	0.126884	0.873116
5ZUT-E-A	Negative	0.803645	0.196355
5HB3-B-A	Positive	0.0276146	0.972385
5T0F-B-A	Positive	0.234214	0.765786
5YY4-B-A	Negative	0.712612	0.287388
5ODS-E-A	Negative	0.671481	0.328519
5XOQ-C-A	Negative	0.938179	0.0618207
5X8T-5-G	Positive	0.000387611	0.999612
5X8T-1-O	Positive	0.00383691	0.996163
5X8T-7-R	Positive	0.0128075	0.987192
5TP1-P-A	Positive	0.0476959	0.952304
5TP1-R-C	Positive	0.0254015	0.974599
5TP1-S-D	Positive	0.0192368	0.980763
5YQG-E-A	Positive	0.0321489	0.967851
5YQG-F-C	Positive	0.00430814	0.995692
5LVP-F-A	Positive	0.18437	0.81563
5LVP-E-C	Negative	0.538606	0.461394
5ENW-C-A	Positive	0.00621273	0.993787
5M35-C-A	Negative	0.92563	0.0743701
5M35-D-B	Negative	0.701605	0.298395
5NMG-C-A	Positive	0.494615	0.505385
5WB5-B-A	Negative	0.988763	0.0112369
5EPP-B-A	Positive	0.186586	0.813414
5NMI-I-A	Positive	0.455332	0.544668
5L23-B-A	Positive	0.367656	0.632344
5F5G-B-A	Positive	0.0080519	0.991948
5VF0-B-A	Positive	0.153154	0.846846
5MFF-E-A	Positive	0.00352455	0.996475
5T5L-a-A	Positive	0.120233	0.879767
5T5L-b-B	Positive	0.0941021	0.905898
5E6Q-A-B	Positive	0.00367872	0.996321
5VWW-C-A	Negative	0.758962	0.241038
5VWW-D-B	Negative	0.896503	0.103497
5XTD-K-A	Negative	0.919791	0.0802095
5XTD-f-g	Negative	0.751668	0.248332
5K99-C-A	Positive	0.14808	0.85192
5BN6-A-E	Positive	0.0528384	0.947162
5BN6-B-E	Positive	0.216145	0.783855
5WNW-C-A	Negative	0.703227	0.296773
5T5O-a-A	Positive	0.0420536	0.957946
5YI8-B-A	Negative	0.97037	0.0296303
5WFC-D-A	Negative	0.962898	0.0371017
5GIR-C-H	Positive	0.346942	0.653058
5GIR-D-L	Positive	0.267944	0.732056
5OY4-X-A	Positive	0.448584	0.551416
5EO1-C-A	Positive	0.00586459	0.994135
5V8K-B-A	Positive	0.39253	0.60747
5WRV-A-B	Positive	0.0126105	0.987389
5VGE-C-A	Positive	0.442845	0.557155
5WVO-D-A	Positive	0.00399651	0.996003
5DX1-F-A	Positive	0.0369167	0.963083
5DX1-G-A	Positive	0.132147	0.867853
5DX1-H-C	Positive	0.0369167	0.963083
5DX1-I-C	Positive	0.23364	0.76636
5CO5-F-A	Positive	0.014059	0.985941
5X60-C-A	Positive	0.0096541	0.990346
5INC-E-A	Negative	0.670386	0.329614
5T6R-s-H	Positive	0.227593	0.772407
5WEU-P-A	Positive	0.0735345	0.926466
5H7Y-B-A	Positive	0.0589681	0.941032
5WMO-C-A	Positive	0.0026429	0.997357
5DHF-D-C	Negative	0.656535	0.343465
5ZK7-C-A	Positive	0.0401806	0.959819
5ZK7-D-A	Positive	0.0401806	0.959819
5KLR-A-B	Positive	0.00164702	0.998353
5ZU1-D-A	Positive	0.00262935	0.997371
5OY0-M-B	Negative	0.96686	0.0331403
5OY0-h-l	Negative	0.704461	0.295539
5ITJ-B-A	Positive	0.370988	0.629012
5FA3-C-A	Negative	0.963547	0.0364532
5LY3-B-A	Positive	0.0018633	0.998137
5TSX-M-A	Positive	0.0760755	0.923925
5XOG-L-B	Positive	0.000582757	0.999417
5T1I-C-A	Positive	0.415829	0.584171
5YPO-C-B	Negative	0.910809	0.0891914
5YPO-D-A	Negative	0.910809	0.0891914
5H2C-B-A	Negative	0.87327	0.12673
5WUN-B-A	Positive	0.000432756	0.999567
5WUN-C-A	Positive	0.00158864	0.998411
5D5K-B-C	Positive	0.0584819	0.941518
5D2M-G-A	Negative	0.971212	0.0287877
5KGF-L-A	Negative	0.713813	0.286187
5VX0-B-A	Negative	0.736157	0.263843
5VX0-D-C	Negative	0.920858	0.0791422
5N36-B-A	Positive	0.141285	0.858715
5EJV-C-A	Negative	0.869442	0.130558
5EJV-D-B	Negative	0.588002	0.411998
5NU1-P-A	Positive	0.259858	0.740142
5WHB-B-A	Negative	0.886544	0.113456
5WHB-C-A	Negative	0.869691	0.130309
5WHB-I-A	Negative	0.869691	0.130309
5WHB-K-A	Negative	0.784525	0.215475
5TU5-B-A	Positive	0.261928	0.738072
5NPR-E-A	Positive	0.0635364	0.936464
5T59-C-A	Negative	0.645937	0.354063
5T59-F-D	Negative	0.844973	0.155027
5MEP-C-A	Positive	0.00377837	0.996222
5XKJ-E-C	Positive	0.000316276	0.999684
5J6Z-A-B	Negative	0.837475	0.162525
5DA7-B-A	Positive	0.344567	0.655433
5F1N-C-A	Positive	0.465633	0.534367
5C0G-C-A	Negative	0.976047	0.023953
5DH9-D-C	Positive	0.0970692	0.902931
5G05-T-A	Negative	0.518651	0.481349
5G05-W-A	Negative	0.728844	0.271156
5OXW-G-A	Positive	0.379698	0.620302
5VLH-Y-A	Positive	0.00440337	0.995597
5KY9-B-A	Positive	0.0521008	0.947899
5HB0-E-B	Negative	0.880672	0.119328
5HB0-G-B	Negative	0.955022	0.0449785
5VVV-B-A	Positive	0.226601	0.773399
5VVV-D-A	Positive	0.396778	0.603222
5GLF-B-A	Positive	0.100266	0.899734
5GLF-D-A	Positive	0.167145	0.832855
5GLF-F-C	Positive	0.11019	0.88981
5ONB-B-A	Negative	0.602306	0.397694
5ONB-F-E	Negative	0.650822	0.349178
5ONB-H-G	Negative	0.664741	0.335259
5V3N-B-A	Positive	0.302551	0.697449
5MF9-B-A	Positive	0.0785721	0.921428
5YIX-B-A	Positive	0.432558	0.567442
5FKP-C-A	Positive	0.0277806	0.972219
5KQ1-C-A	Positive	0.203257	0.796743
5KQ1-F-A	Positive	0.110693	0.889307
5VKL-B-A	Negative	0.888707	0.111293
5FQ7-P-A	Positive	0.0184478	0.981552
5FVK-D-A	Negative	0.917232	0.0827677
5Y49-D-A	Positive	0.0744634	0.925537
5Y49-E-B	Negative	0.543064	0.456936
5UA4-B-A	Negative	0.735291	0.264709
5Z62-K-A	Positive	0.0442967	0.955703
5Z62-L-A	Positive	0.446297	0.553703
5Z62-M-A	Negative	0.787597	0.212403
5VUF-C-A	Positive	0.238585	0.761415
5CSZ-D-H	Negative	0.959246	0.0407543
5CSZ-E-A	Negative	0.858061	0.141939
5GSV-C-A	Negative	0.820053	0.179947
5AB2-C-A	Positive	0.0157816	0.984218
5Y3R-K-C	Positive	0.0309747	0.969025
5N7B-I-H	Negative	0.882978	0.117022
5L1Z-C-B	Positive	0.407315	0.592685
5XMM-C-A	Negative	0.627673	0.372327
5VVX-B-A	Positive	0.134916	0.865084
5VVX-D-A	Positive	0.0384115	0.961588
5MRW-D-A	Positive	0.446496	0.553504
5MRW-H-E	Positive	0.446496	0.553504
5Q0F-H-A	Positive	0.0241747	0.975825
5U06-L-A	Positive	0.475939	0.524061
5T6X-C-A	Positive	0.272503	0.727497
5Z38-G-A	Positive	0.11697	0.88303
5Z38-I-D	Positive	0.0360893	0.963911
5FN3-G-A	Positive	0.0367485	0.963252
5JM4-D-A	Negative	0.758344	0.241656
5XMF-C-A	Positive	0.468501	0.531499
5MK1-E-A	Negative	0.881279	0.118721
5DX0-F-A	Positive	0.000546131	0.999454
5DX0-G-A	Positive	0.00208152	0.997918
5NQG-B-A	Positive	0.109679	0.890321
5U62-C-A	Positive	0.164633	0.835367
5U62-D-A	Positive	0.126473	0.873527
5NRL-X-A	Positive	0.0374969	0.962503
5NWX-B-A	Negative	0.684741	0.315259
5YCO-E-A	Negative	0.980094	0.0199059
5OAK-B-A	Positive	0.0274261	0.972574
5HYU-A-B	Negative	0.552703	0.447297
5V3G-G-D	Positive	0.00962721	0.990373
5H7P-B-A	Positive	0.195303	0.804697
5CX2-B-A	Positive	0.251796	0.748204
5CX2-D-A	Negative	0.638894	0.361106
5HUY-B-C	Positive	0.0103466	0.989653
5HUY-A-C	Positive	0.0106101	0.98939
5N91-F-A	Positive	0.00782197	0.992178
5BXU-B-A	Negative	0.841082	0.158918
5ZGC-G-A	Positive	0.000342377	0.999658
5ZGC-H-B	Positive	0.000173463	0.999827
5ZGC-I-C	Positive	0.00183305	0.998167
5ZGC-J-E	Positive	0.00172888	0.998271
5C26-B-A	Negative	0.657961	0.342039
5VNI-D-B	Positive	0.136744	0.863256
5VNF-D-B	Negative	0.560779	0.439221
5YBV-C-A	Negative	0.940796	0.0592044
5BTV-P-A	Positive	0.289173	0.710827
5XXU-e-J	Positive	0.00875162	0.991248
5XXU-f-M	Positive	0.00881451	0.991185
5TDY-A-B	Negative	0.93131	0.0686895
5TDY-C-D	Negative	0.950439	0.0495608
5U0S-l-b	Positive	0.0299892	0.970011
5NEY-E-B	Positive	0.00188116	0.998119
5XPU-B-A	Positive	0.0117626	0.988237
5VAH-C-A	Negative	0.576852	0.423148
5VAH-D-B	Positive	0.0123628	0.987637
5NI9-C-A	Positive	0.0110074	0.988993
5OJ5-B-A	Negative	0.627408	0.372592
5DUB-P-H	Positive	0.0386969	0.961303
5M37-D-A	Negative	0.879602	0.120398
5J9K-C-A	Positive	0.389114	0.610886
5J9K-D-B	Negative	0.762327	0.237673
5NPW-B-A	Negative	0.623895	0.376105
5NPW-H-A	Negative	0.667934	0.332066
5NPW-D-C	Positive	0.430806	0.569194
5F5K-B-A	Positive	0.0106438	0.989356
5AJK-B-A	Positive	0.098979	0.901021
5AJK-J-C	Positive	0.252835	0.747165
5MK0-B-A	Negative	0.6951	0.3049
5MK0-D-A	Negative	0.950348	0.0496522
5JR4-B-A	Negative	0.51436	0.48564
5N5T-P-A	Positive	0.24732	0.75268
5NNF-B-A	Negative	0.80439	0.19561
5WWI-E-A	Positive	0.0687657	0.931234
5VZU-E-B	Negative	0.785512	0.214488
5VZU-F-D	Negative	0.97608	0.0239197
5OSG-P-h	Positive	0.00374968	0.99625
5ZVK-a-A	Positive	0.0702763	0.929724
5ZVK-c-A	Positive	0.135071	0.864929
5ZVK-b-B	Positive	0.08415	0.91585
5MO3-A-H	Positive	0.0765191	0.923481
5IXD-B-A	Positive	0.185442	0.814558
5T0Q-B-A	Positive	0.154504	0.845496
5XXK-C-A	Negative	0.847209	0.152791
5YTK-G-A	Positive	0.00165616	0.998344
5YTK-J-A	Positive	0.00107996	0.99892
5HHX-B-A	Positive	0.283385	0.716615
5TTW-B-A	Positive	0.0219083	0.978092
5TTW-D-C	Positive	0.0219083	0.978092
5ICY-E-A	Positive	0.109304	0.890696
5H5Q-B-A	Positive	0.00197129	0.998029
5Q1D-B-A	Negative	0.673015	0.326985
5UQ8-9-Q	Positive	0.000715864	0.999284
5DBR-C-A	Positive	0.08732	0.91268
5K2M-K-G	Negative	0.966377	0.0336232
5K2M-L-G	Negative	0.986689	0.0133114
5K2M-M-G	Negative	0.872891	0.127109
5K2M-N-H	Negative	0.994692	0.0053078
5I0I-G-A	Negative	0.868432	0.131568
5J9Q-L-E	Positive	0.000460984	0.999539
5J9Q-M-E	Positive	0.000879963	0.99912
5E0V-C-A	Positive	0.253504	0.746496
5E0V-D-A	Positive	0.385778	0.614222
5YYF-B-A	Positive	0.00321001	0.99679
5N70-B-A	Negative	0.576991	0.423009
5ICX-E-A	Positive	0.00668305	0.993317
5VIF-B-A	Positive	0.0807705	0.919229
5F9J-C-A	Positive	0.320818	0.679182
5V4B-C-B	Negative	0.585492	0.414508
5F85-B-A	Positive	0.198762	0.801238
5II0-D-A	Positive	0.282323	0.717677
5II0-E-B	Positive	0.226419	0.773581
5II0-F-C	Positive	0.282323	0.717677
5OH8-C-A	Positive	0.0068529	0.993147
5T47-B-A	Negative	0.606473	0.393527
5EFI-C-A	Positive	0.0101144	0.989886
5MLU-M-A	Positive	0.146752	0.853248
5HZ1-A-B	Positive	0.000697523	0.999302
5LM5-C-A	Positive	0.337154	0.662846
5LM5-D-B	Negative	0.970339	0.0296606
5B3S-M-A	Positive	0.217177	0.782823
5ZGH-J-1	Negative	0.544128	0.455872
5ZGH-M-B	Positive	0.343485	0.656515
5YIR-C-D	Negative	0.736763	0.263237
5YIR-G-D	Negative	0.642157	0.357843
5YIR-H-D	Negative	0.598765	0.401235
5LX2-B-A	Positive	0.0073597	0.99264
5IND-E-A	Positive	0.436394	0.563606
5CFD-D-A	Negative	0.59318	0.40682
5MHM-H-A	Negative	0.752302	0.247698
5HJC-B-A	Positive	0.0535196	0.94648
5WJE-B-A	Positive	0.238275	0.761725
5YLZ-R-A	Positive	0.0385725	0.961427
5EOF-C-A	Negative	0.813674	0.186326
5EOF-D-A	Negative	0.765627	0.234373
5YXD-B-A	Positive	0.172202	0.827798
5JEK-C-A	Negative	0.675462	0.324538
5JEK-D-B	Negative	0.569198	0.430802
5LXM-D-A	Negative	0.791932	0.208068
5AER-B-A	Positive	0.000185909	0.999814
5EHC-B-A	Positive	0.143157	0.856843
5KKO-F-B	Negative	0.785602	0.214398
5VE8-C-A	Positive	0.000157832	0.999842
5VE8-E-B	Positive	0.000130094	0.99987
5LY2-E-A	Positive	0.336632	0.663368
5LY2-F-B	Positive	0.169887	0.830113
5OXZ-B-A	Negative	0.924087	0.0759127
5QU6-Y-U	Negative	0.87221	0.12779
5QU6-2-X	Negative	0.826175	0.173825
5YE3-C-B	Positive	0.00329754	0.996702
5V62-I-A	Positive	0.31108	0.68892
5ETA-D-B	Positive	0.489267	0.510733
5XV8-A-B	Negative	0.944055	0.0559445
5VNB-K-A	Negative	0.86656	0.13344
5GTC-K-G	Positive	0.27414	0.72586
5ACA-4-1	Positive	0.0526427	0.947357
5H43-B-A	Positive	0.246537	0.753463
5H43-C-A	Negative	0.946646	0.0533539
5VJI-A-C	Negative	0.951262	0.0487383
5VJI-B-C	Negative	0.896729	0.103271
5VJI-D-C	Negative	0.903822	0.0961779
5VJI-E-C	Negative	0.914244	0.0857557
5IP9-Q-B	Positive	0.0001951	0.999805
5WBU-R-B	Negative	0.877458	0.122542
5WBU-P-D	Positive	0.0182727	0.981727
5Y44-B-A	Positive	0.282443	0.717557
5DLM-X-H	Negative	0.996028	0.00397239
5WDF-P-H	Positive	0.00348089	0.996519
5WDF-Q-H	Positive	0.000650422	0.99935
5BNN-D-A	Positive	0.162711	0.837289
5UWM-C-A	Negative	0.747316	0.252684
5UWM-D-A	Negative	0.645336	0.354664
5MFM-Q-C	Positive	0.137966	0.862034
5N2V-C-A	Positive	0.0584865	0.941513
5MFH-E-A	Positive	0.00339698	0.996603
5Z56-M-A	Positive	0.255368	0.744632
5Z56-U-A	Negative	0.687104	0.312896
5AJD-B-A	Negative	0.857717	0.142283
5AJD-J-A	Negative	0.947544	0.0524561
5AJD-F-C	Negative	0.868667	0.131333
5AJD-L-C	Positive	0.318135	0.681865
5AJD-H-G	Negative	0.88454	0.11546
5OJO-C-A	Negative	0.946993	0.0530071
5FRQ-G-A	Positive	0.0112276	0.988772
5ZZ9-E-A	Negative	0.791682	0.208318
5ZZ9-D-B	Negative	0.762211	0.237789
5ZZ9-F-C	Negative	0.775017	0.224983
5V1Z-E-A	Negative	0.635079	0.364921
5JCY-B-A	Negative	0.778134	0.221866
5IGQ-U-A	Negative	0.933934	0.0660664
5IGQ-V-B	Negative	0.774695	0.225305
5O60-g-F	Positive	0.00148156	0.998518
5O60-f-G	Positive	0.000868858	0.999131
5O60-d-U	Positive	0.0043246	0.995675
5D3F-C-A	Positive	0.260964	0.739036
5OTU-B-A	Negative	0.788835	0.211165
5OTU-D-C	Positive	0.151713	0.848287
5IYV-B-A	Negative	0.662034	0.337966
5KLV-I-A	Positive	0.296952	0.703048
5LMX-D-A	Negative	0.790985	0.209015
5HOI-D-A	Positive	0.0506447	0.949355
5HOI-F-C	Positive	0.0132971	0.986703
5F0L-D-B	Negative	0.913304	0.0866963
5ELQ-P-A	Positive	0.466476	0.533524
5ELQ-C-B	Positive	0.466476	0.533524
5NDC-C-A	Negative	0.671707	0.328293
5WBK-T-A	Negative	0.635313	0.364687
5ZJY-B-A	Positive	0.0307411	0.969259
5LMG-D-A	Positive	0.422744	0.577256
5LMG-C-B	Negative	0.706914	0.293086
5MHO-G-A	Negative	0.603508	0.396492
5MHO-H-B	Negative	0.603508	0.396492
5BV0-C-A	Negative	0.964607	0.0353932
5MFG-E-A	Positive	0.00352455	0.996475
5O0E-C-A	Positive	0.0668366	0.933163
5XTC-Q-V	Negative	0.575971	0.424029
5CSN-C-A	Negative	0.8893	0.1107
5MMI-0-F	Negative	0.804718	0.195282
5MMI-5-G	Positive	0.000387611	0.999612
5MMI-1-O	Positive	0.00946326	0.990537
5MMI-7-R	Positive	0.0128075	0.987192
5MMI-H-Y	Positive	0.115144	0.884856
5YBB-C-A	Negative	0.98973	0.0102697
5N74-I-A	Positive	0.3144	0.6856
5N74-J-A	Negative	0.553398	0.446602
5N74-K-C	Positive	0.341463	0.658537
5N74-L-C	Negative	0.622815	0.377185
5N74-P-E	Positive	0.26089	0.73911
5N74-O-G	Positive	0.00644464	0.993555
5DPW-B-A	Positive	0.170021	0.829979
5F84-B-A	Positive	0.198762	0.801238
5SV1-Y-A	Positive	0.120314	0.879686
5SV1-Z-F	Positive	0.0804569	0.919543
5LGP-E-A	Positive	0.115895	0.884105
5LGP-F-A	Positive	0.0923081	0.907692
5GS4-B-A	Positive	0.0259666	0.974033
5Y5W-F-B	Positive	0.0116813	0.988319
5D7F-P-A	Positive	0.0332987	0.966701
5CZF-B-C	Positive	0.296399	0.703601
5CZF-A-D	Negative	0.643109	0.356891
5WUJ-A-B	Positive	0.301775	0.698225
5AUM-C-H	Negative	0.906962	0.0930377
5T7G-P-A	Positive	0.0272801	0.97272
5OXX-B-A	Positive	0.320636	0.679364
5H9D-K-A	Positive	0.165497	0.834503
5ND9-u-k	Positive	0.0449308	0.955069
5ND9-5-7	Positive	0.130938	0.869062
5NJA-E-A	Positive	0.00539579	0.994604
5T1K-E-A	Positive	0.0117071	0.988293
5BPU-H-A	Positive	0.0370589	0.962941
5BPU-I-C	Positive	0.0890133	0.910987
5ZKO-G-A	Negative	0.595627	0.404373
5ZKO-H-A	Negative	0.644572	0.355428
5OIK-L-B	Positive	0.00579691	0.994203
5YAX-C-B	Negative	0.826751	0.173249
5JM1-D-A	Positive	0.0964746	0.903525
5YMW-C-A	Positive	0.105683	0.894317
5XBO-B-A	Negative	0.946393	0.0536067
5CSJ-C-A	Negative	0.898715	0.101285
5IEH-C-A	Positive	0.170984	0.829016
5ZIA-R-G	Positive	0.0755647	0.924435
5O2R-z-E	Positive	0.01384	0.98616
5AFG-B-A	Negative	0.864795	0.135205
5WAI-D-B	Positive	0.0202298	0.97977
5JIU-C-A	Negative	0.63586	0.36414
5JPQ-1-R	Positive	0.313791	0.686209
5NQ1-C-A	Negative	0.783238	0.216762
5VI6-B-A	Positive	0.0205846	0.979415
5U6K-L-A	Positive	0.0268988	0.973101
5U6K-N-C	Positive	0.0601652	0.939835
5U6K-O-D	Negative	0.767157	0.232843
5DHM-A-C	Negative	0.921145	0.0788553
5DHM-B-D	Negative	0.693747	0.306253
5ICV-C-A	Positive	0.0169253	0.983075
5LAK-I-A	Negative	0.797093	0.202907
5W6V-B-A	Positive	0.0593073	0.940693
5YE4-E-A	Positive	0.00240083	0.997599
5WPM-C-A	Negative	0.869691	0.130309
5MGP-w-c	Positive	0.0110245	0.988976
5J19-C-A	Positive	0.0641169	0.935883
5J19-D-A	Positive	0.415044	0.584956
5VLA-Z-A	Negative	0.906549	0.0934513
5ZOP-A-G	Positive	0.16654	0.83346
5FYQ-D-A	Positive	0.100846	0.899154
5FYQ-C-B	Positive	0.0382407	0.961759
5LHZ-D-A	Negative	0.609041	0.390959
5LHZ-E-B	Positive	0.172842	0.827158
5EA0-P-H	Negative	0.722184	0.277816
5WRI-D-A	Negative	0.772554	0.227446
5NCW-B-A	Positive	0.149652	0.850348
5WXQ-P-U	Positive	0.137222	0.862778
5X8P-u-k	Positive	0.0281664	0.971834
5X8P-x-m	Positive	4.68444e-05	0.999953
5H4D-D-A	Positive	0.00239281	0.997607
5LXY-D-A	Negative	0.507322	0.492678
5LXY-C-A	Negative	0.507322	0.492678
5LXY-J-A	Negative	0.523967	0.476033
5LXY-F-B	Negative	0.561153	0.438847
5LXY-N-I	Negative	0.53653	0.46347
5L2D-C-A	Positive	0.143971	0.856029
5EEQ-L-A	Negative	0.886892	0.113108
5MG3-G-Y	Positive	0.49945	0.50055
5WG1-P-A	Positive	0.354604	0.645396
5H7L-E-A	Positive	0.250652	0.749348
5H7L-G-B	Positive	0.362271	0.637729
5JP2-E-A	Positive	0.46989	0.53011
5FT1-C-A	Positive	0.224215	0.775785
5FT1-D-B	Positive	0.0572826	0.942717
5FT1-F-E	Positive	0.0161692	0.983831
5FT1-H-G	Positive	0.0331148	0.966885
5FT1-J-I	Positive	0.0539738	0.946026
5FT1-L-K	Positive	0.00118781	0.998812
5W5U-D-A	Negative	0.941057	0.0589426
5C7Z-B-A	Positive	0.00400216	0.995998
5GTB-B-A	Negative	0.942637	0.0573632
5OVV-B-A	Negative	0.986423	0.0135766
5XCS-C-A	Negative	0.777094	0.222906
5IXI-B-A	Positive	0.035744	0.964256
5ULO-C-A	Positive	0.0832328	0.916767
5ULO-D-B	Positive	0.0152248	0.984775
5IAG-D-A	Positive	0.0586779	0.941322
5JTQ-E-A	Positive	0.336184	0.663816
5ZW6-C-A	Positive	0.00118186	0.998818
5MEQ-C-A	Positive	0.0171077	0.982892
5XZX-B-A	Negative	0.620588	0.379412
5WNB-B-H	Positive	0.0956339	0.904366
5XW5-C-A	Positive	0.0635441	0.936456
5IZA-B-A	Negative	0.915689	0.0843107
5FLM-L-B	Positive	0.00548164	0.994518
5H2X-B-A	Positive	0.00816517	0.991835
5FGB-F-A	Positive	0.00281458	0.997185
5FGB-G-B	Positive	0.0127342	0.987266
5V1V-C-A	Negative	0.680077	0.319923
5NND-D-A	Positive	0.344848	0.655152
5AWU-B-A	Positive	0.0934749	0.906525
5V1D-E-A	Positive	0.0730037	0.926996
5VUD-C-A	Positive	0.0482541	0.951746
5Y18-B-A	Positive	0.0444512	0.955549
5T6Z-C-A	Negative	0.948385	0.0516155
5LXH-E-A	Negative	0.747343	0.252657
5LF0-c-H	Positive	0.236444	0.763556
5KOA-D-B	Positive	0.0400414	0.959959
5JW9-A-B	Negative	0.68894	0.31106
5W4G-A-B	Positive	0.136596	0.863404
5IY4-B-A	Positive	0.336316	0.663684
5IY4-F-E	Negative	0.557255	0.442745
5J8H-B-A	Positive	0.00528045	0.99472
5O3U-L-A	Positive	0.380798	0.619202
5O3U-M-B	Negative	0.880598	0.119402
5O3U-N-C	Positive	0.280282	0.719718
5KDS-G-A	Positive	0.25199	0.74801
5DXB-E-B	Positive	0.263676	0.736324
5JF0-D-A	Positive	0.012132	0.987868
5D3E-C-A	Positive	0.0974927	0.902507
5D3E-G-E	Positive	0.00254731	0.997453
5D3E-K-I	Positive	0.219637	0.780363
5GMV-D-B	Negative	0.730882	0.269118
5M0B-B-A	Positive	0.0555195	0.94448
5TU6-B-A	Positive	0.0626929	0.937307
5WLI-C-A	Positive	0.141667	0.858333
5XWR-C-A	Positive	0.018893	0.981107
5Q1G-B-A	Positive	0.381093	0.618907
5MT6-B-A	Positive	0.00172251	0.998277
5TGI-C-A	Positive	0.0735663	0.926434
5TGI-D-A	Positive	0.0874495	0.91255
5MYO-E-A	Negative	0.910042	0.0899577
5E0M-C-A	Negative	0.903057	0.0969433
5W5D-E-B	Positive	0.00572475	0.994275
5UIE-K-B	Negative	0.888502	0.111498
5D7G-B-A	Positive	0.28342	0.71658
5D7G-F-E	Positive	0.399593	0.600407
5K18-F-A	Negative	0.911299	0.0887013
5K18-E-A	Negative	0.584765	0.415235
5BWD-C-A	Positive	0.21242	0.78758
5NO4-L-H	Positive	0.0265226	0.973477
5F88-E-A	Positive	0.00609027	0.99391
5LEO-H-A	Positive	0.0211575	0.978842
5OU9-C-A	Positive	0.0254685	0.974532
5WB7-E-A	Positive	0.0818256	0.918174
5WB7-F-B	Positive	0.0813679	0.918632
5WB7-H-D	Positive	0.0733444	0.926656
5JMO-G-A	Positive	0.000963634	0.999036
5OYP-D-A	Positive	0.260403	0.739597
5NCO-k-V	Positive	0.183185	0.816815
5VTB-B-A	Positive	0.0192576	0.980742
5X7B-L-A	Negative	0.929576	0.0704243
5X7B-N-A	Negative	0.915259	0.0847407
5LZ3-B-A	Negative	0.966753	0.033247
5DTF-P-H	Positive	0.0386969	0.961303
5CVE-D-A	Positive	0.00221814	0.997782
5CVE-E-B	Positive	0.00588821	0.994112
5J3V-C-A	Positive	0.000217863	0.999782
5EUK-E-A	Positive	0.0083288	0.991671
5ITZ-D-A	Positive	0.0213769	0.978623
5OCK-A-L	Positive	0.275356	0.724644
5GJY-C-A	Positive	0.285536	0.714464
5YPR-B-A	Positive	0.0283102	0.97169
5OKZ-J-G	Positive	0.215522	0.784478
5OKZ-T-Q	Positive	0.0026672	0.997333
5OKZ-n-k	Negative	0.768216	0.231784
5XJC-x-u	Positive	0.154457	0.845543
5OK6-D-A	Positive	0.00345116	0.996549
5OK6-C-B	Positive	0.29867	0.70133
5EMB-B-A	Positive	0.193199	0.806801
5TMU-C-A	Negative	0.850474	0.149526
5NWK-P-A	Positive	0.240856	0.759144
5NWK-Q-B	Negative	0.741447	0.258553
5GG4-E-A	Positive	6.33559e-05	0.999937
5GG4-F-A	Positive	4.95765e-05	0.99995
5GG4-G-C	Positive	4.1597e-05	0.999958
5GG4-H-C	Positive	0.000335203	0.999665
5DMS-B-A	Positive	0.0188051	0.981195
5DMS-D-A	Positive	0.0285326	0.971467
5ANR-C-A	Negative	0.535006	0.464994
5W3P-P-L	Negative	0.892198	0.107802
5EOK-K-A	Negative	0.968892	0.0311084
5ZMQ-C-B	Negative	0.940395	0.0596051
5ZMQ-G-B	Negative	0.971047	0.0289528
5XAD-C-A	Negative	0.857297	0.142703
5XAD-D-B	Negative	0.810399	0.189601
5WKN-C-A	Negative	0.856491	0.143509
5WKN-D-A	Negative	0.885823	0.114177
5VB9-C-A	Positive	0.16412	0.83588
5FC8-C-E	Positive	0.0717867	0.928213
5TGJ-B-A	Positive	0.0301589	0.969841
5TGJ-D-A	Positive	0.149707	0.850293
5Z2W-B-A	Negative	0.756542	0.243458
5N4B-D-A	Negative	0.926682	0.0733185
5WTT-P-H	Positive	0.100744	0.899256
5YI7-B-A	Positive	0.316892	0.683108
5TWH-E-A	Positive	0.158109	0.841891
5ZOO-A-G	Positive	0.279822	0.720178
5M5G-E-B	Positive	0.266821	0.733179
5JQY-B-A	Negative	0.544949	0.455051
5HFE-B-A	Positive	0.25589	0.74411
5Z94-D-A	Negative	0.595276	0.404724
5VJX-B-A	Negative	0.981827	0.0181732
5VJX-C-A	Negative	0.816121	0.183879
5VJX-b-A	Negative	0.66825	0.33175
5VJX-c-A	Negative	0.816641	0.183359
5VJX-F-D	Negative	0.64683	0.35317
5VJX-K-D	Negative	0.826067	0.173933
5VJX-L-D	Negative	0.947911	0.0520894
5VJX-T-D	Negative	0.599779	0.400221
5VJX-I-G	Negative	0.927216	0.0727839
5VJX-Z-G	Negative	0.917572	0.0824281
5VJX-O-M	Negative	0.915021	0.0849788
5VJX-Y-X	Negative	0.922862	0.0771381
5VJX-d-X	Negative	0.957002	0.0429976
5VJX-e-X	Negative	0.850528	0.149472
5HAW-L-A	Positive	0.184298	0.815702
5NJT-t-a	Positive	0.00805547	0.991945
5NJT-q-s	Positive	0.0991823	0.900818
5XYV-D-A	Negative	0.857663	0.142337
5D9S-C-A	Negative	0.948583	0.0514165
5NKP-D-A	Negative	0.692076	0.307924
5HYC-C-A	Negative	0.898482	0.101518
5D9G-C-A	Positive	0.202078	0.797922
5D9G-D-A	Positive	0.266726	0.733274
5N22-E-A	Positive	0.00339847	0.996602
5J3T-C-A	Positive	0.0320137	0.967986
5MMM-x-m	Positive	3.21371e-05	0.999968
5B62-B-A	Negative	0.602872	0.397128
5YLG-B-A	Positive	0.084554	0.915446
5YLG-C-A	Positive	0.197997	0.802003
5YLG-D-A	Positive	0.0420132	0.957987
5MEO-C-A	Positive	0.000906051	0.999094
5TRZ-P-A	Positive	0.0519177	0.948082
5V6H-B-A	Positive	0.0399019	0.960098
5V6H-H-A	Positive	0.1633	0.8367
5JEO-B-A	Negative	0.786607	0.213393
5AFF-B-A	Positive	0.239014	0.760986
5SVZ-B-A	Positive	0.00109166	0.998908
5X6C-E-A	Positive	0.0133003	0.9867
5UW7-C-A	Positive	0.334873	0.665127
5HL7-Z-K	Positive	0.0117726	0.988227
5SVH-B-A	Negative	0.727028	0.272972
5NPI-E-B	Positive	0.440519	0.559481
5UJT-C-A	Negative	0.985156	0.0148439
5UJT-F-D	Negative	0.958387	0.0416132
5MY4-C-A	Positive	0.0793951	0.920605
5KZT-C-A	Positive	0.141073	0.858927
5KZT-D-B	Negative	0.680371	0.319629
5JJA-C-A	Negative	0.590297	0.409703
5N4E-C-A	Negative	0.945819	0.0541808
5N4E-D-B	Negative	0.884539	0.115461
5MLW-F-E	Positive	0.0952736	0.904726
5F2U-C-A	Positive	0.111839	0.888161
5N8A-X-A	Negative	0.773486	0.226514
5XXB-a-D	Positive	0.0114089	0.988591
5XXB-k-O	Positive	0.000192068	0.999808
5B16-B-A	Negative	0.999053	0.000946588
5B16-C-A	Negative	0.997208	0.00279228
5HF1-B-A	Positive	0.0168422	0.983158
5XCU-C-A	Negative	0.553783	0.446217
5A2K-P-H	Negative	0.7913	0.2087
5M5T-E-A	Negative	0.990855	0.00914489
5M5T-G-A	Negative	0.922322	0.0776781
5M5T-I-A	Negative	0.983581	0.0164189
5HOG-D-A	Negative	0.821854	0.178146
5HOG-E-B	Negative	0.863203	0.136797
5WXR-P-U	Positive	0.12037	0.87963
5WES-P-A	Positive	0.0085985	0.991402
5KKL-D-A	Negative	0.8194	0.1806
5NAF-E-A	Positive	0.281074	0.718926
5NAF-F-B	Positive	0.0755015	0.924499
5W89-B-A	Positive	0.0172545	0.982746
5D0J-L-A	Negative	0.557809	0.442191
5D0J-M-D	Negative	0.983939	0.0160611
5UWS-D-C	Negative	0.732231	0.267769
5CXV-C-A	Positive	0.134863	0.865137
5KY3-B-A	Positive	0.0374193	0.962581
5LSO-C-A	Positive	0.0576405	0.94236
5C27-D-A	Negative	0.926482	0.0735183
5YD3-B-A	Negative	0.948402	0.051598
5YD3-F-E	Negative	0.990317	0.00968273
5YD3-H-G	Negative	0.94313	0.0568703
5AJJ-B-A	Positive	0.058116	0.941884
5NPJ-D-A	Negative	0.567912	0.432088
5NPJ-E-B	Positive	0.48036	0.51964
5L3F-C-A	Positive	0.0368907	0.963109
5AB0-E-A	Positive	0.0155251	0.984475
5ICZ-E-A	Positive	0.0482551	0.951745
5D7E-C-A	Negative	0.700758	0.299242
5KY8-B-A	Positive	0.0617842	0.938216
5EWZ-C-A	Positive	0.17498	0.82502
5EWZ-D-B	Positive	0.276959	0.723041
5WUM-B-A	Positive	0.00308143	0.996919
5ZEB-7-G	Positive	0.000868858	0.999131
5ZEB-5-U	Positive	0.00225039	0.99775
5ZEB-4-6	Positive	0.00484237	0.995158
5NPS-D-A	Negative	0.514657	0.485343
5SVI-A-B	Positive	0.467274	0.532726
5JTO-E-A	Positive	0.0468441	0.953156
5ZZ8-u-q	Positive	0.281506	0.718494
5LNK-x-N	Positive	0.486233	0.513767
5XFR-C-A	Positive	0.000698155	0.999302
5ONS-B-A	Positive	0.423372	0.576628
5CNO-X-A	Negative	0.990946	0.00905399
5ZZN-I-A	Negative	0.705131	0.294869
5ZZN-L-A	Negative	0.952201	0.0477989
5KQV-A-E	Positive	0.169612	0.830388
5KQV-B-E	Negative	0.536801	0.463199
5OCX-A-L	Positive	0.00807145	0.991929
5Q16-B-A	Negative	0.643593	0.356407
5Q16-D-C	Positive	0.0448729	0.955127
5JUB-C-A	Positive	0.0245634	0.975437
5T1G-B-A	Positive	0.144964	0.855036
5NTJ-B-A	Positive	0.174333	0.825667
5N5R-P-A	Positive	0.292986	0.707014
5WWU-E-A	Positive	0.0280811	0.971919
5XOS-C-A	Negative	0.874329	0.125671
5VH0-B-A	Negative	0.894731	0.105269
5NWJ-P-A	Negative	0.707871	0.292129
5IQN-B-A	Positive	0.00128841	0.998712
5Y21-C-A	Positive	0.00402743	0.995973
5Y21-D-A	Positive	0.0189201	0.98108
5SW9-B-A	Negative	0.967141	0.0328589
5NAS-C-A	Positive	0.0212461	0.978754
5DOW-B-A	Positive	0.00256002	0.99744
5VNG-D-B	Positive	0.179884	0.820116
5ACZ-C-A	Negative	0.961225	0.0387745
5VNK-D-B	Negative	0.549106	0.450894
5N4W-V-A	Negative	0.806797	0.193203
5OTV-D-C	Positive	0.151713	0.848287
5OTV-B-A	Negative	0.564174	0.435826
5AWT-B-A	Positive	0.123269	0.876731
5DXA-F-A	Negative	0.674163	0.325837
5DXA-G-B	Positive	0.231145	0.768855
5ZNP-P-A	Positive	0.018398	0.981602
5EN7-B-A	Positive	0.0595649	0.940435
5EN7-D-C	Positive	0.0288477	0.971152
5EN7-F-C	Positive	0.164222	0.835778
5EN7-H-G	Negative	0.823812	0.176188
5WTB-F-D	Positive	0.0365852	0.963415
5WTB-H-D	Positive	0.0519668	0.948033
5JFZ-B-A	Negative	0.806615	0.193385
5JFZ-D-C	Negative	0.942009	0.0579909
5MHL-K-A	Positive	0.000733599	0.999266
5X8Q-B-A	Positive	0.093032	0.906968
5X8Q-F-A	Positive	0.0706737	0.929326
5EU3-C-A	Negative	0.893016	0.106984
5BS2-R-A	Positive	0.000313771	0.999686
5FCG-C-A	Positive	0.037923	0.962077
5OYL-D-A	Positive	0.0104194	0.989581
5MYX-E-A	Positive	0.364798	0.635202
5MYX-F-C	Positive	0.0603785	0.939622
5HPM-E-A	Positive	0.0976958	0.902304
5CIL-P-H	Positive	0.026858	0.973142
5XOD-B-A	Positive	0.0349377	0.965062
5NIN-D-B	Positive	0.249287	0.750713
5UMZ-E-B	Positive	0.042891	0.957109
5UMZ-D-B	Positive	0.00544495	0.994555
5C3G-B-A	Positive	0.330429	0.669571
5V93-1-3	Positive	0.000578482	0.999422
5V93-6-F	Positive	0.00182271	0.998177
5V93-4-G	Positive	0.00124781	0.998752
5V93-H-X	Positive	0.28103	0.71897
5ZK1-C-A	Negative	0.840541	0.159459
5N8E-F-A	Positive	0.0460771	0.953923
5N8E-E-B	Positive	0.188215	0.811785
5WYL-B-A	Negative	0.584862	0.415138
5WYL-D-A	Negative	0.612561	0.387439
5CUL-A-B	Negative	0.674237	0.325763
5Y91-C-A	Positive	0.0852755	0.914725
5KZP-A-H	Positive	0.0074524	0.992548
5KZP-B-H	Positive	0.0074524	0.992548
5UN8-E-A	Negative	0.723241	0.276759
5UN8-G-A	Negative	0.617066	0.382934
5UN8-F-B	Negative	0.763583	0.236417
5MLC-2-P	Positive	0.010363	0.989637
5MLC-8-S	Positive	0.00998458	0.990015
5MLC-I-Y	Positive	0.0537525	0.946248
5Z08-D-B	Negative	0.80729	0.19271
5KY5-B-A	Positive	0.0100463	0.989954
5L6N-I-H	Negative	0.549347	0.450653
5I7Z-B-A	Positive	0.0480394	0.951961
5VMR-C-A	Negative	0.718732	0.281268
5VMR-D-B	Negative	0.86743	0.13257
5E8J-C-A	Negative	0.883067	0.116933
5E8J-D-B	Negative	0.883551	0.116449
5EXK-B-A	Negative	0.864601	0.135399
5EXK-F-E	Positive	0.0746809	0.925319
5EXK-J-I	Negative	0.845003	0.154997
5E2A-D-A	Positive	0.000112848	0.999887
5HQ8-I-A	Positive	0.016531	0.983469
5HQ8-J-B	Positive	0.00277755	0.997222
5I0Q-A-B	Negative	0.66725	0.33275
5Z2Q-D-A	Negative	0.758013	0.241987
5Z2Q-C-B	Negative	0.71567	0.28433
5XJO-E-A	Positive	0.00147156	0.998528
5CQX-C-A	Negative	0.936331	0.0636691
5EOD-B-A	Positive	0.220096	0.779904
5W3M-D-A	Negative	0.922661	0.0773385
5OL0-C-A	Positive	0.000341809	0.999658
5OL0-D-A	Positive	0.000626602	0.999373
5NIF-4-E	Positive	0.0508568	0.949143
5LF6-c-K	Positive	0.265908	0.734092
5YPZ-D-A	Negative	0.827167	0.172833
5NNC-C-A	Positive	0.114104	0.885896
5C3F-B-A	Positive	0.171696	0.828304
5AZG-C-A	Positive	0.203665	0.796335
5AZG-D-A	Positive	0.482577	0.517423
5U3N-A-H	Positive	0.0996573	0.900343
5ZS3-U-A	Positive	0.0235176	0.976482
5TDC-B-A	Positive	0.00822593	0.991774
5TDC-D-C	Positive	0.329063	0.670937
5MFI-D-A	Positive	0.00144581	0.998554
5GM6-n-T	Positive	0.0312168	0.968783
5SVE-C-A	Negative	0.611505	0.388495
5VX2-B-A	Negative	0.664805	0.335195
5FWE-D-B	Positive	0.0691092	0.930891
5KLT-A-B	Positive	0.000289052	0.999711
5FOS-C-A	Positive	0.0276838	0.972316
5V6M-P-L	Positive	0.00261752	0.997382
5N7F-C-A	Negative	0.711685	0.288315
5EYZ-E-A	Negative	0.810155	0.189845
5HZ0-A-B	Positive	0.00180234	0.998198
5J7J-B-A	Negative	0.734441	0.265559
5M3J-X-A	Positive	0.217825	0.782175
5EFN-F-B	Positive	0.00161828	0.998382
5CRW-B-A	Positive	0.234439	0.765561
5J3H-B-E	Negative	0.86089	0.13911
5MY9-P-A	Negative	0.554584	0.445416
5EOT-C-A	Negative	0.838993	0.161007
5NTW-Q-B	Positive	0.00963297	0.990367
5J4T-D-A	Positive	0.0964746	0.903525
5HKP-C-A	Positive	0.315196	0.684804
5HKP-D-B	Positive	0.0154999	0.9845
5NQF-B-A	Positive	0.0325091	0.967491
5GH9-B-A	Positive	0.0256486	0.974351
5M5U-E-A	Negative	0.903592	0.0964085
5M5U-G-A	Positive	0.492685	0.507315
5YC2-B-A	Negative	0.894615	0.105385
5YC2-D-A	Negative	0.92982	0.0701801
5GMJ-D-A	Positive	0.0063463	0.993654
5GMJ-C-B	Positive	0.0189391	0.981061
5YQ7-T-L	Positive	0.194197	0.805803
5YQ7-V-L	Positive	0.194197	0.805803
5YQ7-R-L	Positive	0.194197	0.805803
5YQ7-2-C	Positive	0.130893	0.869107
5N89-G-A	Positive	0.0264019	0.973598
5BNW-D-A	Positive	0.379355	0.620645
5DXG-C-A	Positive	0.263676	0.736324
5DXG-D-B	Positive	0.149238	0.850762
5VLI-C-A	Positive	0.0242671	0.975733
5CJB-B-A	Positive	0.341332	0.658668
5CJB-C-A	Negative	0.515525	0.484475
5IZ6-B-A	Negative	0.963072	0.0369281
5ONA-C-B	Negative	0.602306	0.397694
5ONA-F-E	Negative	0.715841	0.284159
5L9B-C-A	Negative	0.784579	0.215421
5LUZ-C-A	Positive	0.000848574	0.999151
5LUZ-P-A	Positive	0.246084	0.753916
5LUZ-D-B	Positive	0.0028339	0.997166
5FQ8-Q-C	Positive	0.018033	0.981967
5WSH-C-A	Positive	0.244928	0.755072
5LXI-C-D	Negative	0.836427	0.163573
5LXI-E-B	Negative	0.633241	0.366759
5C56-B-A	Positive	0.00223105	0.997769
5C0A-C-A	Negative	0.984	0.0159997
5C0A-H-F	Negative	0.984	0.0159997
5MK3-E-A	Positive	0.0987762	0.901224
5MK3-G-C	Positive	0.108072	0.891928
5MLO-B-A	Positive	0.324238	0.675762
5MLO-D-C	Positive	0.30588	0.69412
5MLO-F-E	Positive	0.230764	0.769236
5NC7-I-A	Negative	0.986031	0.0139694
5NC7-W-A	Negative	0.897489	0.102511
5NC7-X-B	Negative	0.797677	0.202323
5NC7-Y-C	Positive	0.00782197	0.992178
5JEM-C-A	Positive	0.455792	0.544208
5YBE-B-A	Positive	0.0982861	0.901714
5IMQ-1-e	Positive	0.000715864	0.999284
5IMQ-y-p	Positive	0.000247024	0.999753
5IMQ-x-z	Positive	0.000293185	0.999707
5GN0-E-A	Negative	0.505814	0.494186
5GN0-F-A	Negative	0.64195	0.35805
5GN0-G-B	Negative	0.551026	0.448974
5HYQ-E-A	Positive	0.0555144	0.944486
5KN5-C-A	Positive	0.0212992	0.978701
5KN5-F-B	Positive	0.033338	0.966662
5HM1-D-A	Negative	0.984606	0.015394
5W4S-B-A	Negative	0.953117	0.0468832
5YY9-C-A	Positive	0.0886071	0.911393
5YY9-D-A	Positive	0.00188172	0.998118
5MCO-B-A	Negative	0.92716	0.0728396
5ZGB-J-A	Negative	0.544128	0.455872
5EOC-P-H	Positive	0.0061067	0.993893
5E8O-C-A	Positive	0.351443	0.648557
5DRZ-P-L	Positive	0.0035807	0.996419
5CZI-B-A	Negative	0.765512	0.234488
5OO6-C-A	Positive	0.453979	0.546021
5OO6-U-D	Positive	0.172897	0.827103
5OO6-I-G	Positive	0.148506	0.851494
5VBC-D-A	Positive	0.243576	0.756424
5VYP-K-U	Positive	0.000508602	0.999491
5HFB-B-A	Positive	0.239635	0.760365
5VZY-A-H	Negative	0.903875	0.0961248
5ODT-B-A	Negative	0.772916	0.227084
5B66-I-A	Negative	0.705131	0.294869
5B66-J-A	Positive	0.00635424	0.993646
5B66-M-A	Negative	0.903976	0.0960238
5B66-T-A	Negative	0.930292	0.0697082
5B66-j-a	Positive	0.0306954	0.969305
5V2C-F-A	Positive	0.147588	0.852412
5V2C-I-A	Negative	0.958796	0.0412044
5V2C-J-A	Positive	0.0638266	0.936173
5V2C-T-A	Negative	0.898613	0.101387
5V2C-Y-C	Negative	0.564597	0.435403
5V2C-f-a	Positive	0.290114	0.709886
5V2C-j-a	Positive	0.0638266	0.936173
5T5P-a-A	Positive	0.171226	0.828774
5T5P-b-B	Positive	0.0485585	0.951441
5L0S-B-A	Positive	0.00642072	0.993579
5GMK-G-A	Positive	0.0473842	0.952616
5FBY-B-A	Negative	0.975026	0.0249745
5M5V-E-A	Negative	0.982526	0.0174743
5M5V-G-A	Positive	0.0907392	0.909261
5M5V-I-A	Positive	0.490484	0.509516
5IJK-X-A	Positive	0.388628	0.611372
5IJK-Y-B	Negative	0.713312	0.286688
5KD7-P-A	Positive	0.011532	0.988468
5GPI-G-H	Negative	0.975942	0.0240576
5MB9-D-A	Positive	0.0776889	0.922311
5MB9-C-B	Positive	0.262521	0.737479
5GJH-B-A	Negative	0.579765	0.420235
5WMR-C-A	Positive	0.0243757	0.975624
5FC3-A-B	Positive	0.00687432	0.993126
5VX3-B-A	Negative	0.980995	0.0190048
5VX3-D-A	Negative	0.968398	0.031602
5VX3-F-E	Negative	0.968398	0.031602
5VX3-H-G	Negative	0.920593	0.0794069
5DI9-D-C	Negative	0.880459	0.119541
5JEL-B-A	Negative	0.939187	0.0608128
5AF6-G-A	Positive	0.0020469	0.997953
5AF6-H-A	Positive	0.00469655	0.995303
5AF6-J-B	Positive	0.00207048	0.99793
5DZK-O-A	Positive	0.265908	0.734092
5L9T-M-C	Negative	0.988694	0.0113056
5OTT-B-A	Positive	0.227504	0.772496
5FFV-C-A	Positive	0.0854577	0.914542
5G5L-L-B	Positive	0.00447743	0.995523
5IUE-K-A	Negative	0.567065	0.432935
5IUE-N-I	Negative	0.70468	0.29532
5OSN-D-A	Negative	0.662633	0.337367
5ONQ-B-A	Positive	0.0890474	0.910953
5MW0-C-A	Negative	0.729392	0.270608
5UFS-C-A	Negative	0.892066	0.107934
5EU5-C-A	Negative	0.940251	0.0597495
5VAQ-C-A	Negative	0.639449	0.360551
5OX2-P-A	Positive	0.27062	0.72938
5YF4-B-A	Positive	0.0183008	0.981699
5V6Y-E-A	Negative	0.559633	0.440367
5V6Y-G-C	Positive	0.398535	0.601465
5TDD-B-A	Positive	0.43455	0.56545
5HL0-B-A	Negative	0.780341	0.219659
5V6L-P-L	Positive	0.429462	0.570538
5V6L-Q-M	Positive	0.491553	0.508447
5JJM-M-A	Negative	0.660449	0.339551
5JJM-G-A	Negative	0.95911	0.0408905
5JJM-H-B	Negative	0.995647	0.00435262
5NQV-E-A	Positive	0.459276	0.540724
5NQV-G-C	Positive	0.0296156	0.970384
5NQV-H-D	Positive	0.209706	0.790294
5XCV-C-A	Negative	0.893931	0.106069
5XCV-F-D	Negative	0.962901	0.0370991
5J9S-B-A	Positive	0.30335	0.69665
5D13-E-A	Positive	0.204911	0.795089
5T6J-C-A	Positive	0.024994	0.975006
5F1I-C-A	Negative	0.868935	0.131065
5FN4-G-A	Positive	0.0367485	0.963252
5WRM-P-A	Positive	0.106755	0.893245
5WJC-B-A	Positive	0.0169247	0.983075
5LY1-E-C	Positive	0.0887429	0.911257
5W4F-A-B	Positive	0.00320034	0.9968
5W4F-D-B	Positive	0.00072832	0.999272
5V2P-B-A	Negative	0.720109	0.279891
5Y88-R-A	Positive	0.273462	0.726538
5IZ8-C-A	Negative	0.929286	0.0707137
5VWV-B-A	Negative	0.732031	0.267969
5NX3-D-A	Positive	0.0305243	0.969476
5WPL-I-A	Negative	0.825279	0.174721
5WPL-L-D	Negative	0.82233	0.17767
5O3W-W-A	Negative	0.755219	0.244781
5O3W-Z-D	Negative	0.520705	0.479295
5EPM-C-A	Positive	0.000129956	0.99987
5QU2-D-A	Negative	0.915484	0.0845159
5QU2-E-B	Negative	0.915484	0.0845159
5IZ0-C-A	Negative	0.873818	0.126182
5IZ0-H-D	Positive	0.320411	0.679589
5MT7-B-A	Positive	0.00705053	0.992949
5UWU-D-C	Positive	0.480315	0.519685
5HAX-B-A	Positive	0.432653	0.567347
5EU6-C-A	Negative	0.950974	0.0490256
5X08-P-H	Positive	0.0225504	0.97745
5M5R-C-A	Negative	0.628391	0.371609
5M5R-D-A	Positive	0.462266	0.537734
5M72-B-A	Positive	0.306565	0.693435
5Y81-E-D	Positive	0.220408	0.779592
5GJI-B-A	Negative	0.579765	0.420235
5HYP-B-A	Negative	0.918933	0.081067
5IBK-B-A	Positive	0.402569	0.597431
5IBK-E-A	Positive	0.198578	0.801422
5H2V-B-A	Positive	0.000285446	0.999715
5XGL-F-A	Positive	0.0865313	0.913469
5L3G-C-A	Positive	0.265908	0.734092
5GMY-B-A	Positive	0.0260052	0.973995
5ONR-B-A	Positive	0.457623	0.542377
5MSM-C-A	Positive	0.285189	0.714811
5MSM-F-A	Positive	0.159015	0.840985
5VNH-D-B	Positive	0.120233	0.879767
5KSV-C-A	Positive	0.0702845	0.929715
5GSD-C-A	Positive	0.00985969	0.99014
5OOQ-C-A	Negative	0.948737	0.0512633
5OOQ-D-B	Negative	0.666347	0.333653
5KD4-P-A	Positive	0.00726177	0.992738
5KY2-B-A	Positive	0.0361212	0.963879
5FB0-D-A	Positive	0.0557281	0.944272
5M5S-G-A	Negative	0.995754	0.00424638
5MW9-C-A	Negative	0.908911	0.0910895
5MW9-D-A	Negative	0.864232	0.135768
5NP6-C-c	Positive	0.209112	0.790888
5HCE-D-B	Positive	0.00149038	0.99851
5VAO-E-B	Positive	0.304585	0.695415
5V2Q-B-A	Negative	0.831623	0.168377
5KAI-J-A	Positive	0.00635424	0.993646
5KAI-T-A	Negative	0.898613	0.101387
5KAI-j-a	Positive	0.00635424	0.993646
5A31-T-A	Positive	0.234543	0.765457
5A31-V-L	Positive	0.161268	0.838732
5E33-B-A	Positive	0.0217437	0.978256
5WRD-C-A	Negative	0.957153	0.042847
5MTW-E-C	Negative	0.672653	0.327347
5ABY-B-A	Negative	0.972219	0.0277809
5ABY-F-C	Negative	0.978905	0.0210947
5E79-I-A	Negative	0.985563	0.0144367
5OA1-9-U	Positive	0.0578959	0.942104
5OA1-1-V	Positive	0.027801	0.972199
5OA1-4-W	Positive	0.0374969	0.962503
5XS3-C-A	Positive	0.000690353	0.99931
5ZK5-B-A	Positive	0.117904	0.882096
5HIT-B-A	Negative	0.663707	0.336293
5FC2-A-B	Positive	0.000489151	0.999511
5WRK-P-A	Positive	0.065153	0.934847
5C0E-C-A	Negative	0.634259	0.365741
5V6E-B-A	Positive	0.319543	0.680457
5SWF-B-A	Negative	0.520437	0.479563
5H7G-C-A	Positive	0.24057	0.75943
5ESQ-E-A	Positive	0.0976958	0.902304
5XUP-D-B	Positive	0.497211	0.502789
5JHQ-E-A	Positive	0.357477	0.642523
5JHQ-F-A	Positive	0.144448	0.855552
5JHQ-G-B	Positive	0.482013	0.517987
5JHQ-H-B	Positive	0.230656	0.769344
5JHQ-L-D	Positive	0.346811	0.653189
5X8N-B-A	Positive	0.00122142	0.998779
5R4B-A-B	Positive	0.0715269	0.928473
5KHU-B-N	Positive	0.0412283	0.958772
5KHU-M-P	Negative	0.984556	0.0154444
5KHU-U-S	Positive	0.126834	0.873166
5WE0-B-A	Negative	0.885279	0.114721
5WE0-C-A	Positive	0.132657	0.867343
5WE0-E-D	Positive	0.313881	0.686119
5WE0-F-D	Negative	0.922709	0.077291
5WE0-I-D	Positive	0.442298	0.557702
5Y2F-C-A	Positive	0.018807	0.981193
5BK0-E-A	Positive	0.456428	0.543572
5WN9-A-H	Positive	0.000453209	0.999547
5JHF-G-C	Positive	0.0156555	0.984345
5JHF-I-C	Positive	0.00336304	0.996637
5O5J-g-M	Positive	0.00154387	0.998456
5LU1-C-A	Positive	0.322624	0.677376
5AM8-P-A	Negative	0.667583	0.332417
5WOU-V-A	Negative	0.798604	0.201396
5G04-S-L	Negative	0.985047	0.0149531
5U1M-B-A	Negative	0.577407	0.422593
5MFJ-C-A	Positive	0.00123002	0.99877
5NL1-H-A	Positive	0.464504	0.535496
5NL1-J-A	Negative	0.882527	0.117473
5NL1-K-A	Negative	0.929597	0.0704026
5NL1-L-E	Positive	0.103308	0.896692
5F0P-D-B	Positive	0.350258	0.649742
5UUK-B-A	Negative	0.950018	0.0499815
5HYT-A-B	Negative	0.962298	0.0377025
5HYT-C-B	Negative	0.942549	0.0574511
5ZJI-J-2	Negative	0.777804	0.222196
5GLH-B-A	Negative	0.563775	0.436225
5JTP-E-A	Negative	0.817168	0.182832
5V8Z-B-A	Negative	0.720094	0.279906
5TQC-B-A	Positive	0.220297	0.779703
5WBH-W-C	Negative	0.893639	0.106361
5FOT-C-A	Positive	0.0511512	0.948849
5LSK-P-A	Negative	0.944071	0.0559291
5OJR-E-A	Negative	0.932749	0.0672513
5OJR-F-B	Negative	0.956413	0.0435872
5X94-L-A	Negative	0.784523	0.215477
5X94-N-A	Negative	0.518939	0.481061
5X94-M-B	Negative	0.815722	0.184278
5X94-O-B	Negative	0.90249	0.0975098
5LMF-C-A	Negative	0.766252	0.233748
5AJO-B-A	Positive	0.131572	0.868428
5D2D-C-A	Positive	0.311619	0.688381
5XVW-D-A	Positive	0.0224721	0.977528
5XVW-F-C	Positive	0.0600424	0.939958
5DWQ-F-A	Positive	0.00108253	0.998917
5DWQ-G-C	Positive	0.00141108	0.998589
5U4J-c-e	Negative	0.93856	0.0614397
5GRQ-C-A	Negative	0.872062	0.127938
5GRQ-D-B	Positive	0.103734	0.896266
5M3H-X-A	Positive	0.415609	0.584391
5M3H-Y-A	Positive	0.367719	0.632281
5H17-B-A	Positive	0.372207	0.627793
5KTB-C-A	Negative	0.915673	0.0843268
5MU0-Q-A	Positive	0.0210656	0.978934
5MU0-V-B	Positive	0.0210656	0.978934
5VAY-E-A	Negative	0.974959	0.0250414
5VAY-G-A	Negative	0.893711	0.106289
5VAY-H-D	Negative	0.972435	0.0275648
5YMV-C-A	Positive	0.00916933	0.990831
5MDW-6-7	Positive	0.0782449	0.921755
5WHH-B-A	Negative	0.545961	0.454039
5E8F-D-A	Positive	0.00739141	0.992609
5IOH-B-A	Negative	0.773885	0.226115
5IOH-D-A	Negative	0.947784	0.0522164
5LV0-C-A	Positive	0.111296	0.888704
5UWI-D-C	Negative	0.875217	0.124783
5FDW-C-A	Positive	0.193701	0.806299
5JY0-B-A	Negative	0.950998	0.0490015
5UUL-B-A	Negative	0.836894	0.163106
5FVL-C-A	Negative	0.619454	0.380546
5FVL-D-A	Negative	0.897451	0.102549
5GTI-f-a	Positive	0.185163	0.814837
5Y1U-D-A	Positive	0.00140301	0.998597
5Y1U-C-B	Positive	0.00140301	0.998597
5E50-C-A	Negative	0.933572	0.0664275
5FW5-C-A	Positive	0.164165	0.835835
5MK2-C-A	Positive	0.269204	0.730796
5CX3-E-A	Negative	0.950102	0.0498979
5CX3-F-B	Negative	0.983173	0.016827
5CX3-H-D	Negative	0.984745	0.0152551
5LAX-E-A	Positive	0.0131998	0.9868
5B78-B-A	Positive	0.0376311	0.962369
5KY4-B-A	Positive	0.0228023	0.977198
5M9D-B-A	Positive	0.33072	0.66928
5FMK-B-A	Positive	0.109168	0.890832
5DMG-P-H	Negative	0.800699	0.199301
5DMG-Z-C	Negative	0.615595	0.384405
5DMG-X-E	Negative	0.918529	0.0814709
5BWN-B-A	Positive	0.150924	0.849076
5E0L-C-A	Negative	0.939213	0.0607868
5OHG-C-A	Positive	0.290276	0.709724
5OHG-J-B	Positive	0.230976	0.769024
5HTC-C-A	Positive	0.0370845	0.962915
5E3C-B-A	Positive	0.375127	0.624873
5MJY-E-A	Positive	0.404546	0.595454
5BWO-B-A	Positive	0.0633784	0.936622
5WLB-B-A	Negative	0.909387	0.0906127
5WLB-C-A	Positive	0.12858	0.87142
5WLB-E-D	Negative	0.942624	0.0573755
5WLB-F-D	Positive	0.465514	0.534486
5KNM-N-A	Negative	0.638491	0.361509
5MXO-P-A	Positive	0.000203746	0.999796
5D94-B-A	Negative	0.994581	0.00541948
5C1B-U-A	Positive	0.356582	0.643418
5C1B-V-D	Positive	0.00918133	0.990819
5H2W-B-A	Positive	0.00330238	0.996698
5N7X-D-A	Positive	0.0861869	0.913813
5K8Q-B-A	Negative	0.76376	0.23624
5KXH-B-A	Positive	0.0323916	0.967608
5J3Q-B-A	Positive	0.280301	0.719699
5J3Q-D-C	Positive	0.195528	0.804472
5WXF-P-U	Positive	0.0862562	0.913744
5OAQ-L-A	Positive	0.392102	0.607898
5E00-C-A	Positive	0.242515	0.757485
5M9E-E-A	Negative	0.599703	0.400297
5M9E-F-A	Negative	0.507941	0.492059
5M9E-H-A	Positive	0.342607	0.657393
5M9E-G-C	Negative	0.604785	0.395215
5IZ2-Z-B	Negative	0.527017	0.472983
5I22-B-A	Positive	0.145437	0.854563
5XFQ-E-A	Positive	0.00697562	0.993024
5TXS-C-A	Negative	0.765415	0.234585
5FMJ-B-A	Positive	0.0802419	0.919758
5AX3-B-A	Positive	0.0172339	0.982766
5FZT-B-A	Positive	0.135329	0.864671
5AD0-C-A	Negative	0.968956	0.0310438
5LM1-B-A	Positive	0.00387448	0.996126
5AMB-P-A	Positive	0.0838433	0.916157
5L0U-B-A	Positive	0.0100463	0.989954
5OT7-b-d	Positive	0.000337208	0.999663
5OT7-c-y	Positive	0.000352239	0.999648
5YQZ-P-R	Negative	0.683874	0.316126
5EEL-M-A	Negative	0.955534	0.0444659
5EEL-P-C	Negative	0.955534	0.0444659
5HHG-C-E	Positive	0.0573576	0.942642
5IXQ-B-A	Positive	0.150125	0.849875
5HYX-A-B	Positive	0.0305814	0.969419
5INB-B-A	Negative	0.924333	0.0756673
5I25-B-A	Negative	0.672057	0.327943
5UY9-B-A	Positive	0.257957	0.742043
5T5J-b-B	Positive	0.120233	0.879767
5CZH-B-A	Negative	0.65031	0.34969
5WE2-B-A	Negative	0.888992	0.111008
5WE2-D-C	Positive	0.313881	0.686119
5WE2-F-C	Negative	0.88228	0.11772
5XNL-F-A	Positive	0.0441497	0.95585
5XNL-I-A	Negative	0.744811	0.255189
5XNL-J-A	Positive	0.00206868	0.997931
5XNL-M-A	Positive	0.493208	0.506792
5XNL-T-A	Negative	0.987077	0.0129233
5XNL-X-B	Positive	0.0342945	0.965705
5OCY-C-H	Positive	0.00836129	0.991639
5E2W-P-L	Positive	0.0662241	0.933776
5NCT-C-A	Negative	0.603102	0.396898
5MTF-C-A	Positive	0.000771461	0.999229
5T48-B-A	Negative	0.95052	0.0494799
5FA4-C-A	Positive	0.47631	0.52369
5DAH-D-A	Positive	0.00481132	0.995189
5YLX-C-A	Negative	0.885014	0.114986
5KSB-J-A	Positive	0.487656	0.512344
5O76-B-A	Negative	0.523612	0.476388
5E1D-D-A	Positive	0.00229009	0.99771
5F5V-C-A	Positive	0.181178	0.818822
5U5F-D-A	Positive	0.0892031	0.910797
5EXA-D-A	Negative	0.868807	0.131193
5CSF-C-A	Negative	0.806829	0.193171
5IZU-B-A	Negative	0.986199	0.0138013
5XYM-1-3	Positive	0.0582154	0.941785
5XYM-H-X	Negative	0.906899	0.093101
5AGW-C-A	Positive	0.16505	0.83495
5W8F-B-A	Positive	0.0677447	0.932255
5E8P-C-A	Positive	0.0436091	0.956391
5K3Y-D-A	Positive	0.307646	0.692354
5TUV-C-A	Negative	0.522235	0.477765
5TUV-F-D	Positive	0.28244	0.71756
5FML-A-B	Negative	0.882179	0.117821
5OAV-D-A	Positive	0.0148001	0.9852
5NNG-B-A	Negative	0.963831	0.0361691
5JP4-B-A	Positive	0.220415	0.779585
5ZQG-C-A	Positive	0.225185	0.774815
5U5R-B-A	Positive	0.00225971	0.99774
5TQS-E-A	Negative	0.95162	0.0483796
5TQS-F-A	Negative	0.881483	0.118517
5TQS-G-C	Negative	0.871063	0.128937
5TQS-H-D	Negative	0.911692	0.088308
5JNB-E-A	Positive	0.136132	0.863868
5JNB-G-A	Negative	0.637692	0.362308
5JNB-H-B	Positive	0.0711635	0.928836
5IR6-C-A	Positive	0.0182956	0.981704
5EIV-C-A	Positive	0.498383	0.501617
5EIV-D-A	Negative	0.664252	0.335748
5EIV-F-A	Positive	0.498383	0.501617
5EIV-I-A	Positive	0.0716625	0.928337
5EIV-K-A	Positive	0.0716625	0.928337
5V1A-B-A	Positive	0.374969	0.625031
5F8Z-B-A	Positive	0.03916	0.96084
5ZVM-a-A	Negative	0.532038	0.467962
5ZVM-c-A	Positive	0.22035	0.77965
5ZVM-b-B	Positive	0.128176	0.871824
5W0K-X-A	Negative	0.847661	0.152339
5W0K-Y-C	Negative	0.816216	0.183784
5DDH-C-A	Negative	0.789439	0.210561
5WQL-G-C	Positive	0.199521	0.800479
5OM2-B-A	Positive	0.0412459	0.958754
5N32-B-A	Positive	0.35343	0.64657
5VA9-C-A	Positive	0.281014	0.718986
5Q13-B-A	Positive	0.219296	0.780704
5H9B-B-A	Negative	0.996865	0.00313464
5GSB-C-A	Positive	0.337548	0.662452
5W2J-F-B	Negative	0.668474	0.331526
5H5S-B-A	Positive	0.0117207	0.988279
5M36-C-A	Negative	0.805667	0.194333
5M36-D-A	Negative	0.68669	0.31331
5OWU-B-A	Positive	0.360108	0.639892
5XNM-J-A	Positive	0.0142731	0.985727
5YGD-D-A	Positive	0.115626	0.884374
5U5M-D-A	Positive	0.00734726	0.992653
5F5T-D-A	Negative	0.734418	0.265582
5UXX-B-A	Negative	0.828289	0.171711
5UXX-D-A	Negative	0.809807	0.190193
5ZWN-x-R	Positive	0.0333297	0.96667
5ZWN-X-T	Positive	0.206541	0.793459
5UML-C-A	Negative	0.608837	0.391163
5ET1-C-A	Negative	0.551854	0.448146
5ET1-D-B	Negative	0.551854	0.448146
5CQ2-B-A	Positive	0.489643	0.510357
5CQ2-C-A	Positive	0.489643	0.510357
5N8W-D-A	Positive	0.0280671	0.971933
5FPX-E-A	Positive	0.00507848	0.994922
5FPX-F-B	Positive	0.00375075	0.996249
5NE4-4-1	Positive	0.0312661	0.968734
5A2I-P-H	Negative	0.861618	0.138382
5DMV-D-C	Negative	0.979139	0.0208611
5FBZ-E-A	Positive	0.0241415	0.975858
5CWS-F-B	Negative	0.57899	0.42101
5FUR-L-I	Positive	0.279957	0.720043
5MOC-P-A	Negative	0.938616	0.0613844
5YW1-A-B	Negative	0.878509	0.121491
5HCC-D-B	Positive	0.0710398	0.92896
5VWZ-B-A	Negative	0.945526	0.0544744
5VWZ-D-A	Negative	0.945526	0.0544744
5ZNR-P-A	Positive	0.0111696	0.98883
5YV5-B-A	Negative	0.837475	0.162525
5GXW-B-A	Negative	0.552063	0.447937
5LI0-8-H	Positive	0.00510255	0.994897
5TED-H-A	Positive	0.0142202	0.98578
5BXO-C-A	Negative	0.898589	0.101411
5O9T-C-A	Positive	0.000869398	0.999131
5X54-C-A	Positive	0.450926	0.549074
5TZP-B-A	Positive	0.163787	0.836213
5DIF-D-C	Negative	0.936515	0.063485
5V90-D-C	Negative	0.513159	0.486841
5V90-B-A	Negative	0.851041	0.148959
5OVC-B-A	Negative	0.610261	0.389739
5UA5-B-A	Negative	0.968216	0.0317844
5XYW-B-A	Negative	0.608394	0.391606
5XYW-C-A	Negative	0.788869	0.211131
5XYW-D-A	Negative	0.779499	0.220501
5U1Q-L-A	Negative	0.707458	0.292542
5U1Q-M-B	Negative	0.707458	0.292542
5NC2-I-A	Negative	0.891864	0.108136
5NC2-J-B	Negative	0.849946	0.150054
5H2F-J-A	Positive	0.00635424	0.993646
5H2F-L-A	Negative	0.943913	0.0560872
5H2F-f-a	Positive	0.185163	0.814837
5H2F-j-a	Positive	0.0306954	0.969305
5F74-B-A	Positive	0.0185066	0.981493
5U3M-A-H	Positive	0.285135	0.714865
5LSJ-P-A	Positive	0.00378039	0.99622
5LSJ-Q-C	Positive	0.0135521	0.986448
5YVY-A-B	Negative	0.861557	0.138443
5ZT0-G-A	Negative	0.654701	0.345299
5Q0P-D-C	Negative	0.556838	0.443162
5XWJ-C-A	Positive	0.0110569	0.988943
5N5W-P-A	Negative	0.619092	0.380908
5DX8-E-A	Positive	0.0607767	0.939223
5DX8-H-A	Positive	0.332987	0.667013
5DX8-F-B	Negative	0.673198	0.326802
5DX8-G-C	Positive	0.444389	0.555611
5FOX-C-A	Positive	0.012188	0.987812
5C5R-C-A	Negative	0.98686	0.0131405
5ZOB-I-B	Positive	0.00276753	0.997232
5BUO-B-A	Positive	0.181854	0.818146
5IOK-C-A	Positive	0.129646	0.870354
5M61-E-A	Negative	0.988679	0.0113213
5M61-G-A	Negative	0.628043	0.371957
5JBH-Y-3	Positive	0.000416197	0.999584
5JBH-0-M	Positive	0.0164142	0.983586
5VA6-C-A	Positive	0.000487639	0.999512
5VK0-B-A	Positive	0.113741	0.886259
5VK0-X-E	Positive	0.113741	0.886259
5W93-E-B	Negative	0.949875	0.0501247
5IVZ-E-A	Positive	0.0288587	0.971141
5T46-B-A	Negative	0.897641	0.102359
5T46-D-A	Negative	0.898592	0.101408
5D6Y-a-A	Positive	0.00836635	0.991634
5D6Y-d-A	Positive	0.12491	0.87509
5E8D-A-H	Positive	0.0912983	0.908702
5WHE-F-A	Negative	0.82233	0.17767
5YD5-B-A	Negative	0.983542	0.0164584
5HEB-B-A	Positive	0.156337	0.843663
5Z8H-B-A	Negative	0.971836	0.0281637
5W7Y-D-A	Negative	0.910192	0.0898082
5EFW-C-A	Negative	0.882364	0.117636
5TDA-B-A	Positive	0.107227	0.892773
5WWO-C-A	Positive	0.23418	0.76582
5Y53-D-A	Positive	0.0208624	0.979138
5Y53-F-C	Positive	0.00748698	0.992513
5WZZ-G-A	Positive	0.015413	0.984587
5WZZ-F-B	Positive	0.00661388	0.993386
5WZZ-E-C	Positive	0.302428	0.697572
5XLN-B-A	Negative	0.578803	0.421197
5HKH-B-A	Negative	0.631868	0.368132
5DAI-B-A	Negative	0.941892	0.0581081
5NJ9-E-A	Positive	0.00208636	0.997914
5O4Y-D-B	Positive	0.0101024	0.989898
5FJW-L-A	Negative	0.627342	0.372658
5V1Y-E-A	Positive	0.408784	0.591216
5O5M-C-A	Positive	0.0668366	0.933163
5DIY-P-A	Negative	0.595504	0.404496
5SUP-H-A	Negative	0.923904	0.0760956
5SUP-I-C	Negative	0.987665	0.0123346
5JA5-B-A	Negative	0.836998	0.163002
5R1R-D-A	Negative	0.960917	0.0390833
5DK2-D-E	Positive	0.103559	0.896441
5LUP-L-E	Negative	0.67679	0.32321
5D2A-C-A	Positive	0.00853596	0.991464
5PAD-I-A	Positive	0.0591288	0.940871
5EG2-B-A	Positive	0.00838096	0.991619
5G4C-F-A	Positive	0.298429	0.701571
5B76-B-A	Positive	0.00832434	0.991676
5SGA-P-E	Positive	0.309502	0.690498
5VVT-B-A	Negative	0.63963	0.36037
5VVT-D-A	Positive	0.208651	0.791349
5T5H-q-X	Positive	0.000574959	0.999425
5OSI-C-A	Positive	0.043416	0.956584
5OSI-F-D	Positive	0.0732631	0.926737
5F7D-C-A	Positive	0.0490713	0.950929
5I8X-E-B	Positive	0.000328353	0.999672
5KSA-J-A	Positive	0.294902	0.705098
5GMI-C-A	Positive	0.148184	0.851816
5ZS6-U-A	Positive	0.0261843	0.973816
5YPF-C-A	Positive	0.00248357	0.997516
5CIU-C-A	Positive	0.00734625	0.992654
5TH2-E-A	Positive	0.023559	0.976441
5FRS-C-A	Negative	0.907781	0.0922186
5TBD-I-E	Positive	0.0950833	0.904917
5LI1-B-A	Negative	0.842581	0.157419
5OKD-I-A	Negative	0.611761	0.388239
5ND8-u-k	Positive	0.0397669	0.960233
5ND8-4-Q	Positive	0.0117726	0.988227
5BS7-F-B	Positive	0.314638	0.685362
5JJY-B-A	Positive	0.0563332	0.943667
5WMQ-C-A	Positive	0.388018	0.611982
5C0J-C-A	Negative	0.515712	0.484288
5TWG-E-A	Positive	0.33694	0.66306
5WOB-b-B	Negative	0.505234	0.494766
5WOB-d-D	Positive	0.0991037	0.900896
5WOB-e-E	Positive	0.371866	0.628134
5WOB-f-F	Positive	0.160363	0.839637
5WOB-g-G	Positive	0.359128	0.640872
5WOB-h-H	Negative	0.579555	0.420445
5LZP-X-0	Positive	0.29472	0.70528
5VHS-e-V	Negative	0.779446	0.220554
5V5O-A-C	Positive	0.0324893	0.967511
5V5O-B-C	Positive	0.000996602	0.999003
5NNP-C-A	Positive	0.261359	0.738641
5NNP-I-A	Positive	0.344778	0.655222
5NNP-G-E	Positive	0.261359	0.738641
5DRV-B-A	Negative	0.917655	0.0823446
5IM7-E-A	Negative	0.577058	0.422942
5VQI-A-B	Positive	0.00299067	0.997009
5VQI-C-B	Positive	0.00113512	0.998865
5BNP-D-A	Positive	0.24449	0.75551
5DN2-G-A	Positive	0.00312861	0.996871
5DN2-E-C	Positive	0.000490825	0.999509
5UWH-D-C	Negative	0.652928	0.347072
5I4R-C-D	Positive	0.0552255	0.944775
5I4R-G-H	Positive	0.129304	0.870696
5ZVW-B-A	Positive	0.00751079	0.992489
5VK1-B-A	Negative	0.550666	0.449334
5VK1-F-E	Negative	0.807025	0.192975
5VK1-H-G	Negative	0.590939	0.409061
5EHH-B-A	Positive	0.0527467	0.947253
5ZML-B-A	Positive	0.0122867	0.987713
5W1W-C-A	Negative	0.79569	0.20431
5N1K-B-A	Positive	0.0489458	0.951054
5ZV3-A-H	Positive	0.468971	0.531029
5GJ4-A-B	Negative	0.922138	0.0778622
5YT6-F-E	Negative	0.683428	0.316572
5YT6-D-A	Positive	0.292163	0.707837
5YT6-H-G	Negative	0.502877	0.497123
5NWM-B-A	Negative	0.804174	0.195826
5OM3-B-A	Positive	0.0315807	0.968419
5M0J-J-D	Negative	0.516788	0.483212
5M0J-I-D	Negative	0.538197	0.461803
5M0J-G-B	Positive	0.134851	0.865149
5M0J-H-B	Positive	0.446179	0.553821
5ZK9-B-A	Positive	0.0103258	0.989674
5A0R-D-A	Positive	0.282782	0.717218
5WMN-E-A	Negative	0.519461	0.480539
5DJQ-N-A	Positive	0.0345875	0.965413
5SZC-H-A	Positive	0.118828	0.881172
5BTR-D-A	Positive	0.00239281	0.997607
5MER-C-A	Positive	0.0253554	0.974645
5MER-F-D	Positive	0.0253554	0.974645
5XN3-B-A	Negative	0.587222	0.412778
5LYN-D-A	Negative	0.888562	0.111438
5MMJ-0-m	Positive	0.000888954	0.999111
5YBA-B-A	Positive	0.0138665	0.986134
5YBA-D-C	Positive	0.0447827	0.955217
5KHR-M-F	Negative	0.989738	0.0102622
5XIU-A-B	Negative	0.956263	0.0437373
5LJN-C-A	Negative	0.956232	0.0437677
5LJN-D-A	Negative	0.948527	0.0514729
5DE2-C-A	Positive	0.243764	0.756236
5DE2-D-B	Positive	0.46359	0.53641
5B56-C-A	Positive	0.00932934	0.990671
5GSR-P-A	Positive	0.141238	0.858762
5CWW-C-B	Positive	0.306168	0.693832
5IXF-B-A	Positive	0.197334	0.802666
5H1S-a-H	Negative	0.915323	0.0846766
5SWQ-C-A	Positive	0.0713025	0.928698
5WGG-B-A	Positive	0.00279596	0.997204
5MV3-X-A	Positive	0.118844	0.881156
5MV3-E-C	Positive	0.223422	0.776578
5MV3-Q-D	Positive	0.223422	0.776578
5MV3-K-I	Positive	0.315983	0.684017
5VMO-B-A	Negative	0.67889	0.32111
5EMA-B-A	Positive	0.200601	0.799399
5XJM-B-A	Positive	0.0571964	0.942804
5N10-C-A	Positive	0.183376	0.816624
5H5R-B-A	Positive	0.0516934	0.948307
5GJX-C-A	Negative	0.724372	0.275628
5KWN-U-A	Positive	0.320388	0.679612
5T6Y-C-A	Positive	0.321034	0.678966
5WBJ-T-A	Negative	0.625198	0.374802
5V1U-E-A	Negative	0.976992	0.0230079
5V1U-G-A	Negative	0.985274	0.0147258
5V1U-F-B	Negative	0.907678	0.0923223
5V1U-H-B	Negative	0.864482	0.135518
5N7D-C-A	Positive	0.34946	0.65054
5OQT-C-A	Positive	0.20472	0.79528
5EZ0-E-A	Positive	0.279414	0.720586
5EZ0-G-A	Positive	0.433089	0.566911
5EZ0-H-D	Positive	0.433089	0.566911
5JLZ-E-A	Positive	0.025766	0.974234
5W5S-D-A	Negative	0.944671	0.0553291
5XY9-C-A	Positive	0.482039	0.517961
5JLB-B-A	Positive	0.0114729	0.988527
5FG8-B-A	Negative	0.998096	0.00190424
5V5P-A-C	Positive	0.0018094	0.998191
5IQO-B-A	Positive	0.239434	0.760566
5IQO-D-A	Positive	0.166051	0.833949
5VKO-B-A	Negative	0.941436	0.0585636
5UWR-D-C	Positive	0.00199579	0.998004
5L85-B-A	Positive	0.349966	0.650034
5ME5-B-A	Negative	0.961195	0.0388052
5M0I-J-D	Positive	0.0649214	0.935079
5M0I-H-B	Positive	0.290937	0.709063
5VNE-D-B	Positive	0.200055	0.799945
5OOB-Z-A	Negative	0.978531	0.0214691
5OOB-E-C	Negative	0.984484	0.0155155
5OOB-K-I	Negative	0.960524	0.0394762
5LZ6-B-A	Negative	0.953744	0.0462559
5XXE-C-A	Negative	0.677524	0.322476
5UWQ-D-C	Positive	0.0385387	0.961461
5MFE-E-A	Positive	0.00284417	0.997156
5YYZ-B-A	Positive	0.00981496	0.990185
5GTU-B-A	Positive	0.412134	0.587866
5YZG-4-A	Positive	0.0291861	0.970814
5HKY-B-A	Negative	0.99511	0.00489027
5F8T-P-A	Positive	0.027118	0.972882
5VNJ-D-B	Positive	0.0205846	0.979415
5LUT-I-G	Negative	0.937506	0.0624936
5LUT-J-H	Negative	0.960782	0.0392182
5L0Y-M-B	Negative	0.965995	0.0340049
5L0Y-I-C	Negative	0.943451	0.0565485
5N3F-B-A	Positive	0.0257154	0.974285
5N8B-E-A	Negative	0.928509	0.0714915
5WEZ-B-A	Positive	0.423548	0.576452
5U1G-Z-D	Negative	0.939494	0.0605058
5U1G-K-D	Negative	0.774156	0.225844
5U1G-Y-A	Positive	0.081141	0.918859
5U1G-R-A	Negative	0.560282	0.439718
5YYL-C-A	Positive	0.0725975	0.927402
5YYL-D-A	Positive	0.0487433	0.951257
5LGS-E-A	Positive	0.375111	0.624889
5LGS-F-A	Positive	0.391639	0.608361
5H10-D-A	Positive	0.0612013	0.938799
5H10-E-B	Positive	0.479146	0.520854
5H10-F-C	Positive	0.251267	0.748733
5WET-P-A	Positive	0.0449	0.9551
5KY0-B-A	Positive	0.037972	0.962028
5XOJ-D-C	Positive	0.17344	0.82656
5XOJ-E-C	Positive	0.226525	0.773475
5XOJ-F-C	Positive	0.0773926	0.922607
5XOJ-G-C	Positive	0.10048	0.89952
5C0C-C-A	Negative	0.515712	0.484288
5IG7-C-A	Positive	0.100543	0.899457
5VIE-D-A	Positive	0.0807705	0.919229
5WE1-D-A	Negative	0.88937	0.11063
5WAS-B-A	Negative	0.675121	0.324879
5MV4-X-A	Negative	0.856693	0.143307
5MV4-H-F	Negative	0.752199	0.247801
5MV4-K-I	Negative	0.752199	0.247801
5MV4-N-L	Negative	0.856693	0.143307
5IV2-E-A	Positive	0.0288587	0.971141
5MGX-C-E	Positive	0.363787	0.636213
5MGX-A-F	Negative	0.667553	0.332447
5MGX-D-H	Positive	0.118891	0.881109
5MZM-C-A	Positive	0.0422253	0.957775
5YCA-C-A	Negative	0.80558	0.19442
5VWX-B-A	Positive	0.433765	0.566235
5VWX-D-A	Positive	0.433765	0.566235
5TSV-D-A	Positive	0.162841	0.837159
5U6A-D-A	Positive	0.0177041	0.982296
5VAU-E-A	Negative	0.968739	0.0312607
5VAU-G-A	Negative	0.969028	0.0309717
5VAU-F-B	Negative	0.976868	0.0231316
5BJT-P-A	Positive	0.0352306	0.964769
5H6R-C-A	Positive	0.00662956	0.99337
5MBW-B-A	Positive	0.0774829	0.922517
5ID1-F-A	Positive	0.0049183	0.995082
5UWT-D-C	Positive	0.384103	0.615897
5JZU-B-A	Positive	0.300125	0.699875
5F0M-D-B	Negative	0.998553	0.00144669
5WRL-P-A	Positive	0.330513	0.669487
5GRG-C-A	Positive	0.00563016	0.99437
5GRG-D-A	Positive	0.00763726	0.992363
5N9P-C-B	Positive	0.0485351	0.951465
5UWW-D-C	Negative	0.624486	0.375514
5MP3-C-H	Positive	0.117777	0.882223
5W6U-D-A	Negative	0.951602	0.0483981
5YKW-B-A	Negative	0.674745	0.325255
5VAB-F-A	Positive	0.018892	0.981108
5DBE-A-X	Negative	0.970715	0.0292846
5KEZ-B-A	Positive	0.00669071	0.993309
5C5E-G-A	Positive	0.08229	0.91771
5C5E-H-A	Positive	0.331755	0.668245
5XA5-B-A	Negative	0.99269	0.00731039
5X3S-C-B	Positive	0.37259	0.62741
5C07-C-A	Negative	0.634259	0.365741
5U3K-P-H	Positive	0.0206812	0.979319
5U3K-C-H	Positive	0.0194843	0.980516
5O5B-4-1	Positive	0.246386	0.753614
5WWJ-E-A	Positive	0.0104768	0.989523
5WWJ-F-C	Positive	0.0212204	0.97878
5OKI-I-B	Positive	0.129282	0.870718
5EOQ-A-H	Positive	0.38547	0.61453
5YVW-A-B	Negative	0.892956	0.107044
5OM5-B-A	Positive	0.0869106	0.913089
5O9V-C-A	Positive	0.000699433	0.999301
5DSC-Q-A	Positive	0.0347405	0.96526
5YAH-C-B	Positive	0.00039992	0.9996
5E8N-C-A	Positive	0.0977113	0.902289
5TX1-1-A	Positive	0.134853	0.865147
5TX1-2-A	Positive	0.0793189	0.920681
5TX1-3-D	Positive	0.0650658	0.934934
5TX1-O-N	Positive	0.244599	0.755401
5WXC-E-A	Negative	0.625624	0.374376
5V61-I-A	Negative	0.810605	0.189395
5O9S-C-A	Positive	0.000821219	0.999179
5A8L-Z-Q	Positive	0.182511	0.817489
5Y59-C-B	Positive	0.0287357	0.971264
5YRS-X-A	Negative	0.950921	0.0490794
5CTT-B-A	Positive	0.0993943	0.900606
5XTB-W-B	Negative	0.676694	0.323306
5C6D-C-A	Positive	9.53629e-05	0.999905
5C6D-D-B	Positive	0.000118448	0.999882
5AFW-B-A	Positive	0.016678	0.983322
5JTR-E-A	Negative	0.538524	0.461476
5Y7W-C-A	Negative	0.664084	0.335916
5Y9W-C-B	Positive	0.00104897	0.998951
5WGQ-F-A	Positive	0.075348	0.924652
5WGQ-E-B	Positive	0.049417	0.950583
5W6T-F-A	Negative	0.892306	0.107694
5EFT-A-B	Negative	0.941273	0.0587274
5YGF-D-A	Positive	0.00383164	0.996168
5OKC-I-A	Positive	0.257832	0.742168
5ZJZ-B-A	Positive	0.0278173	0.972183
5AZ8-B-A	Positive	0.0699164	0.930084
5NWY-s-R	Positive	0.168963	0.831037
5NWY-U-k	Positive	0.0114313	0.988569
5CVD-D-A	Positive	0.00345483	0.996545
5CVD-E-B	Positive	0.00388367	0.996116
5VVU-B-A	Positive	0.142744	0.857256
5U2J-C-A	Positive	0.0332661	0.966734
5LDE-S-A	Negative	0.941645	0.0583549
5HSZ-K-A	Positive	0.0683277	0.931672
5X8X-B-A	Positive	0.0377057	0.962294
5X8X-F-A	Positive	0.0760149	0.923985
5LGR-E-A	Positive	0.115895	0.884105
5LGR-F-A	Positive	0.0923081	0.907692
5LGR-G-C	Positive	0.0577949	0.942205
5MDV-6-7	Positive	0.00355657	0.996443
5MUB-X-A	Positive	0.106899	0.893101
5UB5-B-A	Positive	0.135585	0.864415
5WXO-P-U	Positive	0.107692	0.892308
5GGI-F-A	Negative	0.749577	0.250423
5GGI-G-B	Positive	0.470718	0.529282
5E1B-D-A	Positive	0.000212991	0.999787
5E1B-E-A	Positive	0.000212991	0.999787
5KQ4-C-D	Positive	0.201184	0.798816
5L0R-B-A	Positive	0.135585	0.864415
5WMP-C-A	Positive	0.0385971	0.961403
5A0X-C-A	Positive	0.367895	0.632105
5WEH-D-A	Positive	0.435848	0.564152
5L0V-B-A	Positive	0.0100463	0.989954
5HZ3-A-B	Positive	0.0128378	0.987162
5B4W-G-A	Positive	0.112204	0.887796
5UWJ-D-C	Negative	0.651905	0.348095
5CGG-g-K	Positive	0.10236	0.89764
5MYK-C-A	Negative	0.504656	0.495344
5EQ0-B-A	Positive	0.211876	0.788124
5T90-F-A	Positive	0.00426459	0.995735
5T90-I-B	Positive	0.00561219	0.994388
5JZ8-B-A	Positive	0.43804	0.56196
5A29-B-A	Positive	0.0770329	0.922967
5U3L-P-H	Positive	0.00496808	0.995032
5U98-C-A	Positive	0.48539	0.51461
5IH2-M-A	Positive	0.00738189	0.992618
5MWE-C-A	Negative	0.928633	0.0713666
5KY7-B-A	Positive	0.00452079	0.995479
5MU3-C-A	Positive	0.00177106	0.998229
5MU3-F-B	Positive	0.00562038	0.99438
5NPZ-C-A	Negative	0.526034	0.473966
5NQ3-C-A	Negative	0.526034	0.473966
5NNE-C-A	Positive	0.00168731	0.998313
5YVV-A-B	Negative	0.949405	0.0505949
5IVN-B-A	Positive	0.00811091	0.991889
5U3O-A-H	Positive	0.00874429	0.991256
5OK3-D-A	Positive	0.180732	0.819268
5GDS-I-H	Negative	0.897649	0.102351
5E5A-K-G	Positive	0.0280469	0.971953
5ZUJ-I-A	Negative	0.960364	0.0396359
5NRG-Z-K	Positive	0.00238763	0.997612
5KGN-C-A	Positive	0.137572	0.862428
5OV3-C-A	Positive	0.182123	0.817877
5JBT-X-A	Positive	0.0874804	0.91252
5JBT-Y-A	Positive	0.0054125	0.994588
5KIW-C-A	Negative	0.777926	0.222074
5YD4-B-A	Negative	0.804574	0.195426
5YD4-F-E	Negative	0.727101	0.272899
5YD4-H-G	Negative	0.938705	0.0612946
5F56-B-A	Negative	0.85933	0.14067
5OM6-B-A	Positive	0.0953921	0.904608
5EG6-R-C	Negative	0.854367	0.145633
5G1X-B-A	Negative	0.92504	0.0749598
5HUW-A-C	Positive	0.00806943	0.991931
5HUW-B-C	Positive	0.00162604	0.998374
5HSP-D-A	Negative	0.535662	0.464338
5UMM-B-A	Positive	0.389383	0.610617
5UMM-D-A	Negative	0.608837	0.391163
5FOW-E-A	Positive	0.150839	0.849161
5U8Q-B-A	Positive	0.202243	0.797757
5LIH-F-A	Positive	0.0451389	0.954861
5LIH-G-B	Positive	0.00762364	0.992376
5WVI-Y-S	Negative	0.666188	0.333812
5EOR-A-H	Negative	0.818621	0.181379
5NXQ-D-A	Negative	0.953338	0.0466623
5JR2-E-A	Positive	0.00530652	0.994693
5N4C-E-A	Negative	0.827598	0.172402
5N4C-F-B	Negative	0.856948	0.143052
5N4C-G-C	Negative	0.838898	0.161102
5GR8-J-A	Positive	0.0164299	0.98357
5GR8-P-D	Positive	0.012348	0.987652
5EU4-C-A	Positive	0.326099	0.673901
5EU4-F-D	Positive	0.326099	0.673901
5IBW-C-A	Positive	0.00603606	0.993964
5FJZ-P-A	Negative	0.811222	0.188778
5TXE-C-A	Positive	0.494211	0.505789
5TXE-D-B	Positive	0.274288	0.725712
5W69-I-A	Negative	0.536989	0.463011
5WXP-P-U	Positive	0.0191704	0.98083
5VBL-A-B	Positive	0.0420152	0.957985
5E24-B-A	Positive	0.00235172	0.997648
5E24-D-C	Positive	0.00235172	0.997648
5FJA-Q-O	Positive	0.0112404	0.98876
5N6B-C-A	Positive	0.0240011	0.975999
5N6B-F-A	Positive	0.0240011	0.975999
5H94-C-A	Positive	0.424894	0.575106
5XBY-A-B	Negative	0.887295	0.112705
5MU2-X-A	Positive	0.118844	0.881156
5MU2-Q-C	Positive	0.0854423	0.914558
5MU2-U-F	Positive	0.228188	0.771812
5MU2-W-O	Positive	0.0637146	0.936285
5KC1-C-D	Negative	0.918155	0.0818449
5KC1-A-D	Negative	0.82363	0.17637
5KC1-G-H	Negative	0.883574	0.116426
5KC1-K-L	Negative	0.502473	0.497527
5KC1-I-L	Negative	0.753196	0.246804
5O9U-C-A	Positive	0.00352308	0.996477
5XXQ-D-A	Positive	0.0168049	0.983195
5OTW-B-A	Negative	0.746403	0.253597
5UL6-M-A	Positive	0.00360017	0.9964
5WXN-C-A	Positive	0.0729096	0.92709
5WYI-E-B	Positive	0.147737	0.852263
5ETF-B-A	Positive	0.0220057	0.977994
5U66-B-A	Positive	0.00243097	0.997569
5WXM-U-A	Negative	0.918134	0.0818659
5WXM-V-A	Negative	0.894603	0.105397
5NQ2-C-A	Positive	0.0209518	0.979048
5E4W-E-B	Positive	0.0118359	0.988164
5E4W-F-D	Positive	0.0446547	0.955345
5EIO-C-B	Negative	0.674032	0.325968
5WY2-B-A	Positive	0.0361518	0.963848
5W0V-C-A	Positive	0.000238034	0.999762
5W0V-D-B	Positive	0.000294607	0.999705
5HDT-E-A	Positive	0.00262273	0.997377
5EFK-A-B	Negative	0.660449	0.339551
5XYF-C-A	Negative	0.672022	0.327978
5XYF-B-A	Positive	0.370923	0.629077
5MCQ-D-A	Negative	0.528765	0.471235
5XYI-G-E	Positive	0.0331381	0.966862
5XYI-e-J	Positive	0.0337822	0.966218
5ETU-E-A	Positive	0.0633211	0.936679
5FRP-C-A	Negative	0.888272	0.111728
5T0M-P-A	Positive	0.063479	0.936521
5W4L-N-G	Positive	0.00677285	0.993227
5IAY-B-A	Positive	0.000700071	0.9993
5WB8-B-A	Positive	0.0549059	0.945094
5WB8-C-A	Positive	0.0587649	0.941235
5N4D-C-A	Negative	0.94404	0.05596
5N4D-D-B	Negative	0.94404	0.05596
5YPU-B-A	Positive	0.187532	0.812468
5WGD-E-A	Positive	0.0525836	0.947416
5WGD-F-B	Negative	0.92302	0.0769795
5YZD-B-C	Positive	0.107783	0.892217
6TRD-J-A	Positive	0.387895	0.612105
6TRD-X-B	Positive	0.445734	0.554266
6TRD-j-a	Positive	0.387895	0.612105
6TRD-8-1	Positive	0.387895	0.612105
6TRD-z-2	Positive	0.445734	0.554266
6XXR-F-A	Positive	0.00782197	0.992178
6UC5-P-H	Positive	0.0718087	0.928191
6GEK-L-A	Negative	0.90533	0.0946701
6GEK-M-B	Negative	0.652303	0.347697
6WFX-P-H	Positive	0.0839472	0.916053
6WMD-B-A	Negative	0.693903	0.306097
6E5X-B-A	Positive	0.231715	0.768285
6XP6-C-A	Negative	0.988315	0.0116846
6EAU-I-A	Positive	0.00561087	0.994389
6TYU-B-A	Positive	0.236346	0.763654
6U3N-C-D	Negative	0.93624	0.0637604
6WDO-F-C	Negative	0.586654	0.413346
6Y3S-P-A	Positive	0.0894269	0.910573
6WC6-C-A	Positive	0.0138205	0.986179
6Y20-C-A	Positive	0.145557	0.854443
6Y20-D-A	Positive	0.241285	0.758715
6P23-C-A	Positive	0.00521605	0.994784
6WTD-8-X	Negative	0.680466	0.319534
6WTD-J-X	Positive	0.456208	0.543792
6H8P-C-A	Positive	0.0951992	0.904801
6VQE-C-A	Positive	0.00130043	0.9987
6TE4-C-A	Positive	0.00703356	0.992966
6X5Q-B-A	Positive	0.267473	0.732527
6I68-B-A	Negative	0.907888	0.0921122
6I68-D-C	Negative	0.66542	0.33458
6AT9-C-A	Negative	0.865636	0.134364
6QTX-B-A	Positive	0.0407497	0.95925
6NBQ-P-D	Negative	0.543857	0.456143
6GVK-B-A	Positive	0.408396	0.591604
6I7R-H-V	Negative	0.966649	0.0333506
6GIQ-U-C	Positive	0.230163	0.769837
6GIQ-d-a	Negative	0.71132	0.28868
6GIQ-g-a	Positive	0.182568	0.817432
6GIQ-h-a	Positive	0.263908	0.736092
6GIQ-i-a	Positive	0.243066	0.756934
6GIQ-k-c	Positive	0.194956	0.805044
6N87-C-A	Positive	0.19229	0.80771
6CEN-D-A	Positive	0.0167315	0.983268
6EKL-B-A	Positive	0.00141203	0.998588
6Q95-c-e	Positive	0.00228544	0.997715
6Z3R-E-A	Negative	0.92973	0.0702696
6SJ6-4-Q	Positive	0.20485	0.79515
6Q6G-S-R	Positive	0.386274	0.613726
6Q6G-G-R	Negative	0.874246	0.125754
6YI1-C-A	Positive	0.054382	0.945618
6ACO-B-A	Negative	0.868349	0.131651
6ICT-E-A	Negative	0.834015	0.165985
6ICT-G-B	Negative	0.863774	0.136226
6ICT-I-D	Negative	0.9168	0.0831999
6CRI-T-M	Negative	0.888261	0.111739
6SPW-B-A	Positive	0.00198231	0.998018
6UK4-C-A	Positive	0.193324	0.806676
6ICV-C-A	Negative	0.874207	0.125793
6BIJ-C-A	Positive	0.0674599	0.93254
6SKJ-C-A	Positive	0.000454547	0.999545
6SKJ-D-B	Positive	0.000454547	0.999545
6PPM-E-A	Negative	0.893056	0.106944
6VR1-P-A	Positive	0.381109	0.618891
6HIP-C-A	Positive	0.0109837	0.989016
6Y3R-P-A	Negative	0.831578	0.168422
6O5O-C-A	Negative	0.979247	0.0207532
6O5O-D-B	Negative	0.700138	0.299862
6WRU-N-C	Positive	0.00219548	0.997805
6WRU-O-Q	Positive	0.206602	0.793398
6CSG-D-A	Positive	0.182865	0.817135
6RMV-C-A	Positive	0.168947	0.831053
6ZKV-a-1	Positive	0.124733	0.875267
6ZKV-V-M	Positive	0.266159	0.733841
6ZKV-y-M	Negative	0.627149	0.372851
6YWV-Y-D	Positive	0.00249591	0.997504
6YWV-0-F	Positive	0.000998469	0.999002
6YWV-X-R	Positive	0.205739	0.794261
6JXW-B-A	Negative	0.823632	0.176368
6A3B-D-C	Negative	0.531166	0.468834
6HUA-C-A	Positive	0.180367	0.819633
6HU9-h-a	Positive	0.00536864	0.994631
6HU9-l-a	Positive	0.0177482	0.982252
6ILE-C-A	Positive	0.361427	0.638573
6URV-A-H	Negative	0.947899	0.0521008
6URV-G-H	Negative	0.829352	0.170648
6NVQ-B-C	Negative	0.939727	0.0602728
6HC1-C-A	Negative	0.90285	0.0971504
6FNZ-F-A	Negative	0.745347	0.254653
6QTS-B-A	Negative	0.979559	0.0204414
6FTG-z-x	Positive	0.286857	0.713143
6FTG-4-2	Positive	0.171876	0.828124
6HK3-N-A	Positive	0.00395178	0.996048
6TRN-C-A	Negative	0.998814	0.00118649
6PXV-D-A	Positive	0.108756	0.891244
6PXV-F-A	Positive	0.302336	0.697664
6EQV-D-A	Positive	0.00396493	0.996035
6LUP-C-A	Positive	0.0241953	0.975805
6HMV-B-A	Negative	0.891488	0.108512
6J08-D-A	Positive	0.190889	0.809111
6J08-E-A	Positive	0.196018	0.803982
6J08-F-B	Positive	0.280319	0.719681
6Y7C-d-i	Positive	0.000729007	0.999271
6Y53-u-z	Negative	0.512595	0.487405
6O4Y-C-A	Positive	0.0477249	0.952275
6FF7-S-A	Positive	0.368163	0.631837
6IUR-C-A	Positive	0.428774	0.571226
6IUR-D-A	Positive	0.0850955	0.914905
6IUR-G-B	Negative	0.601651	0.398349
6PPH-n-k	Positive	0.0120024	0.987998
6PPH-A-4	Negative	0.850219	0.149781
6UCU-C-A	Positive	0.360057	0.639943
6UCU-D-A	Positive	0.0967013	0.903299
6FAV-B-A	Positive	0.452972	0.547028
6FAV-D-C	Negative	0.730533	0.269467
6YOY-P-A	Positive	0.171658	0.828342
6XKB-G-A	Positive	0.296456	0.703544
6XKB-I-A	Positive	0.296456	0.703544
6XKB-F-B	Positive	0.296456	0.703544
6XKB-K-C	Positive	0.296456	0.703544
6L1F-A-B	Positive	0.478595	0.521405
6LRY-B-A	Negative	0.708632	0.291368
6L9K-Q-A	Positive	0.275512	0.724488
6OM2-E-A	Positive	0.0428154	0.957185
6OM2-F-C	Positive	0.120719	0.879281
6OG4-C-A	Negative	0.612331	0.387669
6JDX-C-A	Positive	0.198835	0.801165
6WDN-J-A	Positive	0.473958	0.526042
6WDN-D-C	Positive	0.355826	0.644174
6WDN-H-C	Negative	0.523257	0.476743
6G86-D-A	Positive	0.100798	0.899202
6G86-C-B	Positive	0.251705	0.748295
6KVF-b-H	Positive	0.01027	0.98973
6KVF-B-A	Positive	0.0516581	0.948342
6BQB-P-L	Positive	0.314394	0.685606
6ZRC-P-A	Positive	0.000209121	0.999791
6IAW-D-A	Negative	0.845396	0.154604
6ZKM-V-M	Positive	0.238367	0.761633
6LZ4-C-A	Positive	0.336833	0.663167
6LZ4-F-D	Positive	0.240312	0.759688
6G8Q-P-A	Positive	0.217033	0.782967
6KTO-D-B	Negative	0.596848	0.403152
6B1T-Y-A	Positive	0.392396	0.607604
6B1T-U-D	Positive	0.301256	0.698744
6B1T-W-D	Positive	0.0231552	0.976845
6B1T-X-D	Negative	0.953027	0.0469728
6QY3-K-J	Positive	0.310046	0.689954
6YGD-D-A	Positive	0.0649043	0.935096
6UVO-D-L	Positive	0.0018586	0.998141
6FBB-P-A	Positive	0.0646536	0.935346
6WZG-P-R	Negative	0.973154	0.0268459
6PJ8-B-A	Positive	0.0747236	0.925276
6X8K-E-A	Positive	0.263163	0.736837
6M4X-F-A	Positive	0.0833742	0.916626
6Z9X-C-A	Positive	0.222868	0.777132
6S35-C-A	Negative	0.952814	0.0471856
6ND4-D-N	Positive	0.00507199	0.994928
6ND4-A-O	Negative	0.985172	0.0148278
6ND4-l-O	Positive	0.295143	0.704857
6ZKS-V-L	Positive	0.0172317	0.982768
6VB2-C-A	Positive	0.369228	0.630772
6CPL-C-A	Negative	0.948125	0.0518746
6X2P-D-C	Positive	0.15858	0.84142
6HON-B-A	Negative	0.864807	0.135193
6HON-D-C	Negative	0.864807	0.135193
6QTR-B-A	Negative	0.789032	0.210968
6QCG-H-A	Positive	0.0322105	0.96779
6Y29-C-A	Positive	0.0270753	0.972925
6V39-3-G	Positive	0.00137189	0.998628
6V39-u-k	Positive	0.108124	0.891876
6ZQW-C-A	Positive	0.0525913	0.947409
6WF5-C-A	Positive	0.262946	0.737054
6OCP-P-B	Positive	0.177168	0.822832
6OCP-Q-F	Positive	0.0405006	0.959499
6XQA-C-A	Positive	0.147217	0.852783
6DO5-C-A	Negative	0.540474	0.459526
6QXP-I-A	Positive	0.000253833	0.999746
6QXP-J-B	Positive	0.000138169	0.999862
6QXP-K-C	Positive	0.000272252	0.999728
6QXP-N-F	Positive	0.000410113	0.99959
6R5Q-1-C	Positive	0.0454304	0.95457
6X2X-D-C	Negative	0.863306	0.136694
6KK6-A-B	Negative	0.966519	0.0334806
6EF1-s-H	Positive	0.399953	0.600047
6DJV-N-A	Positive	0.0374969	0.962503
6FKZ-E-A	Negative	0.946993	0.0530071
6KR4-G-C	Positive	0.045843	0.954157
6FHH-X-A	Positive	0.286995	0.713005
6WAY-V-A	Negative	0.59192	0.40808
6LDY-C-A	Positive	0.181505	0.818495
6LDY-M-H	Positive	0.188091	0.811909
6D6R-J-C	Positive	0.359651	0.640349
6DCN-D-A	Negative	0.904187	0.0958127
6M8W-B-A	Positive	0.0838433	0.916157
6DMX-E-D	Negative	0.984508	0.0154921
6DMX-C-D	Negative	0.690516	0.309484
6DMX-J-D	Negative	0.877468	0.122532
6DMX-F-D	Negative	0.714787	0.285213
6DMX-A-B	Negative	0.762099	0.237901
6DMX-H-I	Negative	0.50027	0.49973
6MQM-C-A	Positive	0.188852	0.811148
6WY6-C-B	Negative	0.549075	0.450925
6WY6-D-B	Positive	0.466747	0.533253
6MWZ-M-A	Positive	0.0168118	0.983188
6CCU-B-A	Positive	0.00279204	0.997208
6DN8-B-A	Negative	0.778612	0.221388
6DN8-F-A	Negative	0.778612	0.221388
6DAF-C-A	Positive	0.00438061	0.995619
6DAF-D-B	Positive	0.0483727	0.951627
6FYY-r-p	Negative	0.751999	0.248001
6SUR-I-A	Negative	0.858514	0.141486
6SUR-N-E	Negative	0.819002	0.180998
6ZVI-P-r	Positive	0.0141362	0.985864
6RML-C-B	Positive	0.212222	0.787778
6HCS-B-A	Positive	0.00212666	0.997873
6HCS-D-C	Positive	0.0115282	0.988472
6RK1-B-A	Positive	0.0234246	0.976575
6U8I-B-A	Positive	0.00813916	0.991861
6HLE-B-A	Positive	0.00325659	0.996743
6D3X-C-A	Positive	0.00503277	0.994967
6O9C-C-A	Positive	0.0845126	0.915487
6F55-B-A	Positive	0.0339174	0.966083
6SK6-D-B	Positive	0.407095	0.592905
6U8N-I-A	Negative	0.909865	0.090135
6Z7W-I-A	Positive	0.103436	0.896564
6Z7W-J-A	Negative	0.770201	0.229799
6Z7W-N-A	Negative	0.913734	0.086266
6Z7W-P-A	Negative	0.859856	0.140144
6YS3-h-0	Positive	0.00524603	0.994754
6YS3-z-e	Positive	0.00483634	0.995164
6P6A-A-B	Positive	0.00111512	0.998885
6S5S-E-A	Positive	0.00372986	0.99627
6OI3-B-A	Positive	0.0232968	0.976703
6GNY-B-A	Positive	0.0441058	0.955894
6IFC-B-A	Negative	0.517133	0.482867
6IFC-D-A	Positive	0.458179	0.541821
6HY2-A-X	Positive	0.0901576	0.909842
6BW3-B-C	Positive	0.0196939	0.980306
6BW3-D-C	Positive	0.0196939	0.980306
6TYV-B-A	Positive	0.250929	0.749071
6TJ7-C-A	Positive	0.0726108	0.927389
6HQU-I-A	Positive	0.0960497	0.90395
6HQU-K-B	Positive	0.32236	0.67764
6HQU-O-D	Positive	0.144789	0.855211
6HQU-M-E	Positive	0.0682378	0.931762
6HQU-N-F	Positive	0.120536	0.879464
6ZKZ-C-A	Positive	0.0233356	0.976664
6PVK-d-E	Positive	0.00183767	0.998162
6ZKO-x-N	Negative	0.603149	0.396851
6LJK-B-A	Positive	0.00526919	0.994731
6JJO-G-A	Positive	0.00427628	0.995724
6SAD-C-A	Negative	0.795057	0.204943
6ULK-C-A	Positive	0.0298267	0.970173
6ZOK-j-C	Negative	0.962967	0.0370331
6XTP-C-A	Positive	0.0640104	0.93599
6WH0-B-A	Negative	0.642594	0.357406
6UYJ-B-A	Negative	0.698277	0.301723
6XFK-B-A	Positive	0.0494472	0.950553
6OX0-Y-A	Negative	0.795291	0.204709
6XY4-B-A	Negative	0.891281	0.108719
6KW3-C-M	Negative	0.978198	0.0218016
6KW3-K-M	Negative	0.818773	0.181227
6YKP-F-A	Positive	0.149909	0.850091
6YKP-G-A	Positive	0.213531	0.786469
6I6H-B-A	Negative	0.86383	0.13617
6S3W-B-A	Negative	0.956338	0.043662
6EU2-Q-A	Positive	0.0187234	0.981277
6X7W-D-A	Positive	0.200187	0.799813
6X7W-G-H	Positive	0.200187	0.799813
6HOI-G-A	Positive	0.443675	0.556325
6HOI-F-B	Negative	0.911398	0.0886025
6KX1-C-A	Negative	0.944264	0.0557359
6AMT-C-A	Positive	0.136779	0.863221
6PUN-E-A	Positive	0.026984	0.973016
6PUN-F-A	Positive	0.0027021	0.997298
6FEY-E-A	Positive	0.0427344	0.957266
6FEY-I-A	Positive	0.0143696	0.98563
6FEY-J-A	Positive	0.0366214	0.963379
6FEY-F-B	Positive	0.0338827	0.966117
6FEY-G-B	Positive	0.118689	0.881311
6FEY-H-B	Positive	0.0720445	0.927956
6FEY-K-B	Positive	0.000645688	0.999354
6V18-C-A	Positive	0.0224807	0.977519
6J8N-A-B	Negative	0.804478	0.195522
6MYD-B-A	Negative	0.958263	0.0417375
6F9S-B-A	Positive	0.299795	0.700205
6O2C-C-A	Positive	0.333553	0.666447
6LUM-E-C	Negative	0.632138	0.367862
6BVV-B-A	Positive	0.110089	0.889911
6JQ3-P-A	Positive	0.212932	0.787068
6X8U-P-H	Positive	0.324393	0.675607
6QH1-D-C	Positive	0.203367	0.796633
6RU7-C-A	Positive	0.187917	0.812083
6RU7-D-B	Positive	0.220865	0.779135
6UYO-B-A	Negative	0.944681	0.0553194
6UYO-D-C	Positive	0.286631	0.713369
6W2D-z-O	Negative	0.557706	0.442294
6DO4-C-A	Positive	0.0291097	0.97089
6TWX-D-A	Positive	0.234543	0.765457
6TWX-C-B	Negative	0.599315	0.400685
6MIN-B-A	Positive	0.227235	0.772765
6Z1U-J-A	Negative	0.866148	0.133852
6Z1U-b-A	Positive	0.0277791	0.972221
6Z1U-h-A	Positive	0.154362	0.845638
6CGR-n-k	Negative	0.588257	0.411743
6JLE-E-A	Negative	0.743985	0.256015
6PXC-U-A	Negative	0.831988	0.168012
6AVG-P-C	Positive	0.142162	0.857838
6VLN-P-H	Negative	0.885939	0.114061
6GHD-G-D	Negative	0.579215	0.420785
6GHD-H-A	Negative	0.79548	0.20452
6BZU-J-A	Positive	0.0182453	0.981755
6BZU-I-C	Positive	0.0369748	0.963025
6BZU-K-E	Positive	0.0221728	0.977827
6PAU-C-A	Positive	0.00767067	0.992329
6R4X-D-A	Negative	0.788784	0.211216
6GJH-I-B	Positive	0.0832803	0.91672
6GJH-K-F	Positive	0.257448	0.742552
6GJH-J-D	Positive	0.132239	0.867761
6G72-s-E	Positive	0.469092	0.530908
6G72-c-O	Negative	0.631808	0.368192
6H6H-C-A	Negative	0.968113	0.031887
6I9R-4-l	Positive	7.08751e-05	0.999929
6XBY-r-b	Positive	0.466276	0.533724
6GNX-B-A	Positive	0.126036	0.873964
6GNX-D-A	Positive	0.175444	0.824556
6EIW-D-A	Positive	0.282579	0.717421
6XQN-E-A	Positive	0.116468	0.883532
6XQN-G-B	Positive	0.0235094	0.976491
6XQN-H-C	Positive	0.0336244	0.966376
6J2J-C-A	Positive	0.0443551	0.955645
6G8K-P-A	Positive	0.251423	0.748577
6O29-C-A	Negative	0.514334	0.485666
6O29-D-A	Positive	0.453951	0.546049
6Y8D-B-A	Positive	0.0603578	0.939642
6SPG-1-m	Positive	0.0143688	0.985631
6SPG-6-G	Positive	0.00163415	0.998366
6SPG-3-5	Positive	0.0113529	0.988647
6J2I-C-A	Negative	0.742367	0.257633
6RRC-B-C	Negative	0.6859	0.3141
6RRC-D-A	Negative	0.975953	0.0240475
6WUD-B-A	Positive	0.217109	0.782891
6M93-C-A	Positive	0.147833	0.852167
6QSZ-B-A	Negative	0.874845	0.125155
6QSZ-H-C	Negative	0.983839	0.0161611
6QSZ-L-G	Negative	0.988057	0.0119426
6QSZ-J-I	Negative	0.647463	0.352537
6RJP-C-A	Positive	0.144472	0.855528
6SI7-F-P	Positive	0.217596	0.782404
6BBA-H-A	Positive	0.382339	0.617661
6ADZ-A-B	Negative	0.546206	0.453794
6ADZ-C-B	Positive	0.494867	0.505133
6ADZ-D-B	Negative	0.66152	0.33848
6F0X-Q-Z	Positive	0.18147	0.81853
6MTV-D-A	Negative	0.938688	0.0613121
6MTV-E-B	Negative	0.952865	0.0471353
6YQ2-P-A	Positive	0.0446249	0.955375
6PJU-B-A	Positive	0.0122489	0.987751
6HE5-K-A	Positive	0.00243374	0.997566
6M7Y-C-A	Negative	0.534323	0.465677
6PYV-C-A	Positive	0.0391567	0.960843
6HU7-F-A	Positive	0.00120756	0.998792
6HU7-G-C	Positive	0.00764178	0.992358
6B4J-C-B	Negative	0.586958	0.413042
6KZ1-B-A	Negative	0.978281	0.0217193
6J4U-B-A	Negative	0.944612	0.055388
6ONJ-C-A	Positive	0.0193002	0.9807
6IGK-B-A	Negative	0.598328	0.401672
6YBW-F-E	Positive	0.0181338	0.981866
6DQL-C-A	Positive	0.294359	0.705641
6ZYM-r-A	Negative	0.887069	0.112931
6ZYM-s-A	Negative	0.94356	0.0564395
6ZYM-x-A	Positive	0.020105	0.979895
6A6W-B-A	Positive	0.127441	0.872559
6PVB-A-B	Positive	0.000112848	0.999887
6PDQ-G-A	Positive	0.153454	0.846546
6XBF-F-A	Negative	0.85488	0.14512
6KZQ-F-A	Negative	0.993227	0.00677267
6L0V-B-A	Positive	0.380049	0.619951
6L0V-H-A	Positive	0.380049	0.619951
6UJ9-C-A	Positive	0.278447	0.721553
6MBD-C-A	Negative	0.951826	0.0481736
6RXK-B-A	Positive	0.00152952	0.99847
6A0H-C-A	Positive	0.0581842	0.941816
6A0H-D-B	Positive	0.162103	0.837897
6Z3M-S-c	Positive	0.00674249	0.993258
6PXR-A-L	Negative	0.864758	0.135242
6ROY-D-A	Negative	0.850755	0.149245
6ZVH-e-X	Positive	0.00627644	0.993724
6Z00-C-A	Positive	0.0826062	0.917394
6G8L-P-A	Negative	0.532668	0.467332
6TRR-B-A	Negative	0.93796	0.0620397
6F08-K-A	Negative	0.774612	0.225388
6F08-N-A	Negative	0.822072	0.177928
6F08-Q-A	Negative	0.966572	0.0334276
6F08-D-B	Negative	0.876664	0.123336
6GBE-B-A	Positive	0.207526	0.792474
6MJE-B-A	Positive	0.446299	0.553701
6SK2-D-A	Positive	0.000661921	0.999338
6SK2-F-B	Positive	0.000661921	0.999338
6TKL-I-H	Positive	0.180269	0.819731
6HLT-B-A	Positive	0.0403437	0.959656
6K61-J-A	Positive	0.298828	0.701172
6K61-X-B	Negative	0.597849	0.402151
6K61-M-B	Negative	0.830481	0.169519
6QW4-P-A	Positive	0.104126	0.895874
6SYI-B-A	Positive	0.340668	0.659332
6X1W-A-H	Positive	0.0964659	0.903534
6BGA-E-A	Negative	0.884044	0.115956
6ISO-C-A	Positive	0.00500719	0.994993
6ISO-L-E	Positive	0.0199067	0.980093
6TMI-C-G	Negative	0.552962	0.447038
6TMI-R-A	Negative	0.817901	0.182099
6RDD-T-1	Positive	0.304123	0.695877
6MJL-A-B	Positive	0.237211	0.762789
6JZN-G-C	Negative	0.580115	0.419885
6JZN-H-D	Positive	0.128727	0.871273
6FY3-Z-X	Positive	0.194618	0.805382
6FY3-P-Y	Positive	0.0591437	0.940856
6JJK-G-A	Positive	0.0101453	0.989855
6JJK-L-F	Positive	0.00284901	0.997151
6ENB-B-A	Positive	0.0589212	0.941079
6YX2-C-A	Positive	0.059327	0.940673
6OD0-D-A	Positive	0.00827596	0.991724
6IUI-D-A	Negative	0.985077	0.0149233
6IUI-C-B	Negative	0.984041	0.0159592
6CHT-C-A	Positive	0.140374	0.859626
6CHT-L-J	Positive	0.0186832	0.981317
6U8M-C-B	Positive	0.0244229	0.975577
6O7W-b-c	Positive	0.322493	0.677507
6Z7Z-H-A	Negative	0.509734	0.490266
6Z7Z-F-C	Positive	0.474732	0.525268
6YIF-C-A	Negative	0.844765	0.155235
6TDW-A-H	Positive	0.197784	0.802216
6TDW-M-H	Negative	0.970234	0.0297657
6TDW-N-H	Positive	0.358137	0.641863
6TDW-T-H	Negative	0.669334	0.330666
6C6K-C-A	Positive	0.0311551	0.968845
6U2F-B-A	Positive	0.00233367	0.997666
6QMQ-A-B	Positive	0.0288479	0.971152
6LQH-a-A	Positive	0.445884	0.554116
6YLY-s-O	Positive	0.0178862	0.982114
6B77-A-B	Positive	0.00584083	0.994159
6PUW-D-A	Positive	0.00188359	0.998116
6GB5-E-A	Positive	0.457463	0.542537
6G6X-P-A	Positive	0.395604	0.604396
6Y44-P-A	Negative	0.913526	0.0864738
6WHC-C-B	Negative	0.784247	0.215753
6WHC-E-R	Negative	0.982116	0.0178838
6V2H-B-A	Positive	0.0285925	0.971408
6V2H-F-A	Positive	0.0285925	0.971408
6V2H-H-E	Positive	0.27674	0.72326
6SLN-Q-A	Positive	0.0868414	0.913159
6JWJ-C-A	Negative	0.907018	0.0929816
6NBF-P-R	Positive	0.489616	0.510384
6MON-C-A	Positive	0.00597034	0.99403
6MON-D-B	Positive	0.00167148	0.998329
6F41-I-A	Positive	0.00730204	0.992698
6F41-Q-A	Positive	0.0125133	0.987487
6AP1-G-A	Positive	0.00330515	0.996695
6EJD-B-A	Positive	0.457904	0.542096
6WR2-F-M	Positive	0.00428993	0.99571
6VI1-M-D	Negative	0.991001	0.00899882
6J7B-B-A	Negative	0.815816	0.184184
6A0F-C-A	Positive	0.148768	0.851232
6CRP-D-A	Positive	0.0971629	0.902837
6H9G-B-A	Positive	0.164766	0.835234
6ROZ-B-A	Negative	0.930751	0.0692494
6UAI-B-S	Positive	0.0436511	0.956349
6TT7-I-G	Positive	0.00468715	0.995313
6TT7-Q-K	Positive	0.112748	0.887252
6TT7-O-1	Positive	0.0209494	0.979051
6O8Y-4-E	Positive	0.000220312	0.99978
6O8Y-6-G	Positive	0.000140631	0.999859
6O8Y-3-5	Positive	0.00957843	0.990422
6B0X-a-A	Positive	0.00767003	0.99233
6B0X-b-B	Positive	0.00401954	0.99598
6B0X-c-B	Positive	0.00298898	0.997011
6DFF-L-G	Negative	0.869126	0.130874
6UCV-B-A	Negative	0.92043	0.0795701
6UCV-C-A	Positive	0.360057	0.639943
6UCV-D-A	Positive	0.0967013	0.903299
6UCV-E-A	Positive	0.243409	0.756591
6UCV-L-I	Positive	0.310442	0.689558
6GGM-P-A	Positive	0.342298	0.657702
6KU0-B-A	Negative	0.745694	0.254306
6KU0-D-C	Negative	0.745694	0.254306
6I2B-D-A	Positive	0.391272	0.608728
6HM3-B-A	Negative	0.98823	0.0117701
6RWY-k-d	Negative	0.604175	0.395825
6KZG-C-A	Negative	0.570626	0.429374
6VQA-M-A	Negative	0.667376	0.332624
6QG8-B-A	Negative	0.634091	0.365909
6RBD-e-J	Positive	0.0242861	0.975714
6RBD-d-i	Positive	0.00190236	0.998098
6TIP-P-A	Positive	0.0937214	0.906279
6WW9-X-A	Positive	0.132033	0.867967
6WW9-Y-A	Positive	0.068402	0.931598
6Z7N-4-A	Negative	0.667203	0.332797
6Z7N-8-A	Positive	0.172326	0.827674
6Z7N-2-D	Positive	0.089061	0.910939
6Z7N-5-D	Negative	0.56389	0.43611
6Z7N-N-E	Negative	0.740696	0.259304
6Z7N-Q-F	Positive	0.360459	0.639541
6Z7N-R-F	Negative	0.521518	0.478482
6Z7N-0-G	Positive	0.147421	0.852579
6Z7N-3-G	Negative	0.906677	0.0933226
6Z7N-7-G	Positive	0.00277739	0.997223
6Z7N-1-J	Positive	0.463531	0.536469
6Z7N-X-M	Positive	0.057901	0.942099
6ZP4-T-c	Positive	0.00348727	0.996513
6ATZ-E-A	Positive	0.0112818	0.988718
6XXS-C-A	Positive	0.0317455	0.968254
6XXS-D-A	Positive	0.0721496	0.92785
6FVO-H-A	Negative	0.614801	0.385199
6WEG-P-D	Positive	0.143589	0.856411
6FKY-C-A	Negative	0.702611	0.297389
6EXJ-B-A	Negative	0.887435	0.112565
6BW1-C-E	Positive	0.00383478	0.996165
6ZIU-8-a	Positive	0.264873	0.735127
6ZIU-j-a	Positive	0.0373415	0.962658
6ZIU-e-f	Negative	0.530082	0.469918
6TCJ-C-A	Positive	0.196838	0.803162
6YMY-m-a	Negative	0.514177	0.485823
6QNN-B-A	Negative	0.753675	0.246325
6Y3W-B-A	Positive	0.000237251	0.999763
6S0Z-Z-L	Positive	0.00162528	0.998375
6S0Z-1-3	Positive	0.0363804	0.96362
6AR2-C-A	Positive	0.000339046	0.999661
6SBX-B-A	Positive	0.235345	0.764655
6HN5-B-E	Positive	0.362343	0.637657
6VQ6-c-b	Positive	0.0884985	0.911502
6IKG-F-A	Positive	0.0129575	0.987042
6BIX-C-A	Negative	0.823663	0.176337
6UYU-B-A	Negative	0.703464	0.296536
6UYU-D-A	Negative	0.663862	0.336138
6G04-B-A	Positive	0.0112848	0.988715
6HLN-B-A	Negative	0.974504	0.0254963
6RHZ-J-2	Positive	0.469962	0.530038
6Q69-B-A	Negative	0.932146	0.0678539
6Q1U-C-A	Positive	0.0467684	0.953232
6RXO-C-A	Positive	0.00014316	0.999857
6RXO-D-A	Positive	0.000454953	0.999545
6F34-C-A	Positive	0.20472	0.79528
6H41-B-A	Negative	0.699268	0.300732
6DM4-E-A	Positive	0.183699	0.816301
6DM4-G-C	Positive	0.256028	0.743972
6SF6-C-H	Negative	0.897763	0.102237
6BHG-B-A	Positive	0.00770599	0.992294
6ZXF-e-J	Positive	0.000419143	0.999581
6ATH-C-A	Negative	0.873269	0.126731
6RM9-C-A	Positive	0.0314315	0.968569
6Y7V-B-A	Positive	0.459951	0.540049
6QTT-B-A	Negative	0.773161	0.226839
6GK7-A-L	Positive	0.187425	0.812575
6Q01-C-A	Negative	0.955461	0.0445392
6Q01-D-A	Negative	0.955461	0.0445392
6YEZ-J-A	Negative	0.846952	0.153048
6SOS-R-A	Positive	0.12651	0.87349
6SOS-P-B	Positive	0.0296864	0.970314
6TON-B-A	Negative	0.615693	0.384307
6LYU-C-D	Negative	0.792804	0.207196
6BXG-B-A	Positive	0.15326	0.84674
6OYL-B-A	Negative	0.740796	0.259204
6YB5-C-A	Negative	0.511648	0.488352
6YB5-D-A	Negative	0.828609	0.171391
6R51-E-B	Negative	0.669847	0.330153
6CNL-M-A	Negative	0.950805	0.0491949
6CNL-X-A	Negative	0.661347	0.338653
6CNL-P-C	Negative	0.950805	0.0491949
6CNL-Q-F	Negative	0.887178	0.112822
6TNN-t-a	Positive	0.00805547	0.991945
6TNN-q-s	Positive	0.0991823	0.900818
6IDF-E-A	Positive	0.368108	0.631892
6B5O-A-H	Positive	0.1345	0.8655
6J8F-A-B	Negative	0.695155	0.304845
6J8F-C-B	Positive	0.239831	0.760169
6N5W-A-C	Positive	0.413617	0.586383
6N5W-B-C	Positive	5.3421e-05	0.999947
6LSQ-A-B	Positive	0.00844274	0.991557
6UYX-D-C	Positive	0.344355	0.655645
6UYX-B-A	Negative	0.823322	0.176678
6A8G-P-A	Positive	0.0196267	0.980373
6A8G-E-B	Positive	0.0196267	0.980373
6G5F-P-B	Positive	0.00892182	0.991078
6HGI-B-A	Positive	0.0236614	0.976339
6O23-E-A	Positive	0.0868088	0.913191
6ULP-C-A	Positive	0.00026305	0.999737
6H5U-H-B	Negative	0.973044	0.0269562
6KMJ-C-A	Positive	0.0502459	0.949754
6DNQ-C-D	Positive	0.247342	0.752658
6DNQ-A-B	Positive	0.117616	0.882384
6M7B-C-A	Negative	0.775593	0.224407
6VP9-C-A	Positive	0.234958	0.765042
6OX4-Y-A	Negative	0.795291	0.204709
6I2C-B-A	Negative	0.642915	0.357085
6J2E-C-A	Negative	0.686185	0.313815
6G0Y-H-F	Negative	0.797965	0.202035
6G0Y-G-E	Positive	0.469668	0.530332
6TWN-C-A	Negative	0.728014	0.271986
6TDV-B-H	Negative	0.547679	0.452321
6O51-C-A	Positive	0.0316067	0.968393
6ILQ-B-A	Positive	0.0441265	0.955873
6SMG-D-A	Positive	0.253683	0.746317
6J9J-B-A	Positive	0.013607	0.986393
6B3Q-a-A	Positive	0.0782731	0.921727
6B3Q-b-B	Positive	0.0863384	0.913662
6MUE-B-A	Positive	0.0153767	0.984623
6B5M-A-H	Negative	0.688973	0.311027
6VDB-H-A	Positive	0.0313285	0.968671
6XRR-J-E	Positive	0.0493943	0.950606
6XRR-G-D	Positive	0.0571661	0.942834
6XRR-L-H	Positive	0.109559	0.890441
6ULI-C-A	Positive	0.0193988	0.980601
6C0A-B-A	Positive	0.0248038	0.975196
6G85-C-A	Negative	0.937841	0.0621587
6K5T-B-A	Positive	0.233174	0.766826
6X5V-B-A	Positive	0.278749	0.721251
6ULQ-D-A	Positive	0.00886283	0.991137
6ZIT-8-a	Positive	0.147223	0.852777
6ZIT-k-a	Positive	0.0962549	0.903745
6ZIT-L-a	Positive	0.144845	0.855155
6NDY-G-A	Positive	0.391705	0.608295
6Q36-C-A	Positive	0.128982	0.871018
6YVH-C-A	Negative	0.975321	0.0246791
6YVH-G-D	Negative	0.858439	0.141561
6JNF-B-A	Positive	0.291228	0.708772
6JNF-C-A	Negative	0.891989	0.108011
6JNF-D-A	Positive	0.0837202	0.91628
6KMF-D-B	Positive	0.457881	0.542119
6Y9Q-D-B	Negative	0.836546	0.163454
6DSZ-C-A	Negative	0.516942	0.483058
6D2B-C-A	Negative	0.982733	0.0172666
6OMM-L-R	Positive	0.014505	0.985495
6A6H-C-A	Positive	0.139777	0.860223
6L07-I-A	Negative	0.62962	0.37038
6L07-P-C	Negative	0.62962	0.37038
6L07-M-G	Negative	0.818568	0.181432
6E3Y-G-B	Negative	0.50193	0.49807
6E3Y-P-R	Positive	0.114197	0.885803
6WG2-P-H	Positive	0.0445581	0.955442
6KF9-P-B	Positive	0.00328303	0.996717
6OP8-B-A	Positive	0.0134697	0.98653
6FKP-E-A	Positive	0.201519	0.798481
6FKP-G-C	Negative	0.676589	0.323411
6KAD-F-A	Positive	0.126233	0.873767
6KAD-I-A	Negative	0.690563	0.309437
6KAD-J-A	Positive	0.00375751	0.996242
6KAD-L-A	Negative	0.890397	0.109603
6KAD-T-A	Negative	0.715308	0.284692
6KAD-M-B	Negative	0.667499	0.332501
6KAD-V-C	Positive	0.0482193	0.951781
6KAD-X-D	Positive	0.0352132	0.964787
6BD1-C-A	Positive	0.0736157	0.926384
6BD1-D-B	Positive	0.0574532	0.942547
6DIG-C-A	Positive	0.00953811	0.990462
6HL5-S-A	Negative	0.729923	0.270077
6ZKU-V-M	Positive	0.266159	0.733841
6J68-C-A	Negative	0.748927	0.251073
6J68-D-B	Positive	0.26596	0.73404
6BXP-C-A	Positive	0.000625934	0.999374
6F0H-B-A	Positive	0.11285	0.88715
6F0H-D-A	Positive	0.0411919	0.958808
6VRY-G-L	Positive	0.0357043	0.964296
6LY9-K-N	Positive	0.125891	0.874109
6LY9-L-N	Negative	0.902027	0.0979731
6GY5-U-A	Positive	0.108023	0.891977
6G55-D-A	Negative	0.543937	0.456063
6WMQ-E-A	Negative	0.665874	0.334126
6WMQ-F-A	Negative	0.810126	0.189874
6FMP-C-A	Negative	0.713701	0.286299
6DN5-B-A	Negative	0.698099	0.301901
6U6K-C-A	Positive	0.000761615	0.999238
6AU8-C-A	Negative	0.776734	0.223266
6V4H-B-A	Positive	0.425684	0.574316
6V4H-D-A	Positive	0.444335	0.555665
6MF5-C-A	Positive	0.339976	0.660024
6X5L-B-A	Positive	0.0139438	0.986056
6Q0M-C-A	Negative	0.977574	0.0224257
6TTU-I-T	Positive	0.00396852	0.996031
6PSD-F-E	Positive	0.270892	0.729108
6PSD-D-C	Positive	0.209597	0.790403
6PSD-B-C	Positive	0.0306808	0.969319
6PSD-H-G	Positive	0.403131	0.596869
6PSD-J-I	Negative	0.531637	0.468363
6PSD-N-K	Positive	0.0358729	0.964127
6GC3-B-A	Negative	0.765845	0.234155
6SJZ-F-A	Positive	0.00361612	0.996384
6SJZ-E-B	Positive	0.000454547	0.999545
6NXF-V-A	Negative	0.504147	0.495853
6NXF-U-A	Positive	0.342089	0.657911
6FVL-H-A	Negative	0.614801	0.385199
6FVL-I-B	Negative	0.614801	0.385199
6OT3-6-A	Positive	0.0205846	0.979415
6XRF-I-G	Positive	0.0280575	0.971942
6WGZ-C-B	Negative	0.937008	0.0629924
6HC0-A-B	Positive	0.13101	0.86899
6W1Q-t-B	Negative	0.898613	0.101387
6W1Q-i-a	Negative	0.78496	0.21504
6W1Q-r-e	Positive	0.0943051	0.905695
6SCS-P-A	Positive	0.446898	0.553102
6SCS-Q-A	Positive	0.355161	0.644839
6SCS-S-D	Positive	0.124706	0.875294
6X2S-D-C	Positive	0.251743	0.748257
6DCW-T-L	Positive	0.0288187	0.971181
6QRM-C-A	Positive	4.36245e-05	0.999956
6QRM-D-B	Positive	3.97483e-05	0.99996
6T4C-D-A	Positive	0.457465	0.542535
6O53-C-A	Positive	0.1128	0.8872
6CHG-E-B	Negative	0.620094	0.379906
6CHG-F-B	Negative	0.905649	0.0943509
6CHG-J-C	Positive	0.171565	0.828435
6V7S-D-C	Positive	0.288233	0.711767
6BNH-B-A	Positive	0.180042	0.819958
6CDG-B-A	Positive	0.000595399	0.999405
6RW2-B-A	Positive	0.0326851	0.967315
6XMN-B-A	Negative	0.798566	0.201434
6D1U-D-A	Negative	0.592957	0.407043
6D1U-E-A	Negative	0.907551	0.092449
6H9J-D-A	Positive	0.0144996	0.9855
6V9Z-C-A	Positive	0.467017	0.532983
6V9Z-D-A	Negative	0.901521	0.0984792
6DDD-O-Q	Positive	0.135316	0.864684
6V7R-D-C	Positive	0.120523	0.879477
6LMK-E-R	Negative	0.905837	0.094163
6GBU-E-C	Negative	0.840527	0.159473
6FKQ-B-A	Negative	0.994898	0.00510206
6VQ2-C-A	Positive	0.0123253	0.987675
6Y18-B-A	Positive	0.000153512	0.999846
6EWW-E-A	Positive	0.0347655	0.965235
6EWW-H-A	Positive	0.0165981	0.983402
6U3M-F-C	Negative	0.816063	0.183937
6SS7-C-A	Positive	0.0510787	0.948921
6FBW-B-A	Positive	0.452972	0.547028
6Z13-P-V	Positive	0.201353	0.798647
6KO2-B-A	Positive	0.38717	0.61283
6EZI-B-A	Positive	0.00947729	0.990523
6DTG-B-A	Positive	0.291136	0.708864
6AM0-C-A	Positive	0.337529	0.662471
6AM0-G-D	Positive	0.306602	0.693398
6FF3-B-A	Positive	0.3527	0.6473
6CQN-C-A	Negative	0.863617	0.136383
6MJ8-C-A	Positive	0.186486	0.813514
6L4U-J-A	Positive	0.366054	0.633946
6L4U-M-B	Positive	0.0686891	0.931311
6XFL-B-A	Negative	0.707975	0.292025
6QDT-B-A	Positive	0.000356599	0.999643
6TNO-B-A	Positive	0.00937005	0.99063
6TNO-F-E	Positive	0.00796444	0.992036
6SEO-L-A	Negative	0.563434	0.436566
6LN4-B-A	Negative	0.982956	0.0170442
6ZIQ-O-a	Positive	0.216808	0.783192
6WSG-S-B	Negative	0.900309	0.0996914
6U74-E-A	Positive	0.00119804	0.998802
6Y4Q-C-A	Negative	0.742027	0.257973
6G0O-B-A	Positive	0.0919233	0.908077
6AZL-E-A	Positive	0.0530727	0.946927
6MTM-C-A	Positive	0.0476513	0.952349
6UYZ-B-A	Positive	0.344355	0.655645
6LHF-C-A	Positive	0.280143	0.719857
6BZ3-B-A	Negative	0.761155	0.238845
6BZ3-D-A	Negative	0.766291	0.233709
6RFR-c-Q	Positive	0.0858976	0.914102
6QNP-H-A	Negative	0.957023	0.0429772
6QNP-K-B	Positive	0.441316	0.558684
6QNP-J-C	Negative	0.745136	0.254864
6ULS-B-A	Positive	0.0861058	0.913894
6BRS-F-A	Negative	0.965315	0.0346845
6BRS-C-A	Negative	0.767079	0.232921
6MJB-C-A	Positive	0.327711	0.672289
6OM0-y-C	Negative	0.824286	0.175714
6OM0-n-J	Positive	6.86375e-05	0.999931
6Y8B-P-A	Negative	0.649766	0.350234
6GMZ-B-A	Positive	0.00454217	0.995458
6CV5-D-A	Negative	0.712267	0.287733
6TOG-B-A	Negative	0.615693	0.384307
6EJA-B-A	Negative	0.907108	0.0928919
6EJ7-B-A	Positive	0.414364	0.585636
6J9M-F-B	Positive	0.170282	0.829718
6J9M-A-C	Positive	0.216444	0.783556
6GQN-C-A	Positive	0.00580743	0.994193
6GQN-G-A	Positive	0.00799949	0.992001
6O7T-b-c	Positive	0.210547	0.789453
6PGK-J-A	Positive	0.296432	0.703568
6PGK-K-A	Positive	0.223918	0.776082
6PGK-X-B	Negative	0.703262	0.296738
6PGK-V-H	Negative	0.766064	0.233936
6PGK-g-H	Positive	0.223918	0.776082
6PGK-j-Z	Negative	0.703262	0.296738
6UZS-C-A	Negative	0.513441	0.486559
6GEC-L-A	Positive	0.444549	0.555451
6JJX-C-A	Negative	0.709082	0.290918
6JJX-D-B	Negative	0.770852	0.229148
6LDV-P-H	Positive	0.24815	0.75185
6T36-B-A	Positive	0.0323682	0.967632
6ZUF-C-A	Positive	0.000520701	0.999479
6ZUF-D-B	Positive	0.000520701	0.999479
6RQX-B-A	Positive	0.0031415	0.996858
6MTT-P-L	Positive	0.0540671	0.945933
6TYW-B-A	Positive	0.305444	0.694556
6XAW-B-A	Positive	0.175008	0.824992
6J2F-C-A	Positive	0.26116	0.73884
6XI2-H-A	Positive	0.00861319	0.991387
6OX2-Y-A	Negative	0.917678	0.0823216
6RU6-C-A	Positive	0.448217	0.551783
6S1R-B-A	Positive	0.000628103	0.999372
6YB3-C-A	Positive	0.408267	0.591733
6YB3-D-A	Positive	0.362564	0.637436
6FOS-J-2	Negative	0.544128	0.455872
6FOS-K-3	Positive	0.0191058	0.980894
6HVO-E-A	Negative	0.864233	0.135767
6HVO-D-B	Positive	0.153227	0.846773
6HVO-F-C	Positive	0.0507149	0.949285
6NK2-C-A	Positive	0.42954	0.57046
6NK2-D-A	Positive	0.42954	0.57046
6Q67-B-A	Negative	0.97385	0.0261504
6GB1-B-A	Negative	0.713884	0.286116
6VDK-M-A	Positive	0.0028106	0.997189
6KX9-C-A	Positive	0.125391	0.874609
6T2D-B-A	Negative	0.877128	0.122872
6BB4-P-L	Positive	0.00336711	0.996633
6K71-M-P	Positive	0.0980206	0.901979
6RD6-T-2	Positive	0.256807	0.743193
6GHN-P-A	Positive	0.188225	0.811775
6BGH-B-A	Positive	0.00293578	0.997064
6RH6-B-A	Positive	0.0341255	0.965874
6KLR-B-A	Negative	0.686892	0.313108
6YSF-A-E	Negative	0.86828	0.13172
6YSF-B-E	Negative	0.941535	0.0584654
6YKM-F-A	Positive	0.190925	0.809075
6PNJ-J-A	Negative	0.816267	0.183733
6PNJ-K-A	Positive	0.141399	0.858601
6PNJ-X-B	Positive	0.222928	0.777072
6IWG-C-A	Positive	0.0858545	0.914146
6ZKX-C-A	Positive	0.415701	0.584299
6RKO-H-A	Positive	0.0503332	0.949667
6RKO-X-A	Positive	0.0907295	0.909271
6L66-C-A	Positive	0.00285497	0.997145
6NJZ-C-A	Negative	0.686025	0.313975
6NJZ-D-B	Negative	0.686025	0.313975
6AD0-D-A	Positive	0.250432	0.749568
6GYT-C-A	Positive	0.0511792	0.948821
6JBK-B-A	Positive	0.442201	0.557799
6XVT-G-A	Positive	0.0423791	0.957621
6YN1-J-A	Negative	0.929619	0.0703805
6YN1-E-C	Negative	0.938227	0.0617729
6YN1-n-C	Negative	0.969634	0.0303664
6YN1-O-M	Negative	0.936765	0.0632354
6YN1-d-R	Negative	0.966845	0.0331546
6LRA-C-H	Positive	0.0190495	0.98095
6S3F-B-A	Positive	0.00373875	0.996261
6QFI-B-A	Negative	0.886982	0.113018
6SB0-O-A	Negative	0.823367	0.176633
6Y9N-B-A	Negative	0.96608	0.0339201
6I2A-D-A	Positive	0.441353	0.558647
6EPF-Y-S	Negative	0.937788	0.0622121
6YGC-D-A	Positive	0.0445799	0.95542
6DNO-B-A	Negative	0.94014	0.0598604
6JY4-L-A	Positive	0.0529818	0.947018
6JY4-M-A	Negative	0.852445	0.147555
6VGQ-U-N	Positive	0.40285	0.59715
6VB7-C-A	Positive	0.0709713	0.929029
6XSN-C-H	Positive	0.0370558	0.962944
6ZBU-C-A	Positive	0.00992745	0.990073
6ZBU-D-A	Positive	0.0721496	0.92785
6ZBU-G-E	Positive	0.00992745	0.990073
6ZBU-H-E	Positive	0.0721496	0.92785
6PEN-G-A	Negative	0.870007	0.129993
6HA6-D-A	Negative	0.788851	0.211149
6V7K-X-A	Positive	0.0202642	0.979736
6Q98-6-D	Positive	0.0374969	0.962503
6GWS-E-A	Positive	0.308197	0.691803
6GWS-F-A	Positive	0.19206	0.80794
6GWS-D-B	Positive	0.391311	0.608689
6ZC9-E-A	Positive	0.0790279	0.920972
6ZC9-F-B	Positive	0.191887	0.808113
6RWK-D-X	Positive	0.0121408	0.987859
6M2M-M-A	Positive	0.281457	0.718543
6M2M-N-C	Negative	0.582599	0.417401
6DB7-P-H	Positive	0.00161948	0.998381
6M9F-B-A	Positive	0.179318	0.820682
6BW4-B-C	Positive	0.00507795	0.994922
6J2G-C-A	Negative	0.7056	0.2944
6PW8-B-A	Negative	0.573467	0.426533
6WG1-C-A	Positive	0.245529	0.754471
6D2T-C-A	Positive	0.13565	0.86435
6HGN-B-A	Positive	0.0411366	0.958863
6B23-a-A	Positive	0.00381097	0.996189
6B23-c-B	Positive	0.261639	0.738361
6D3O-C-A	Positive	0.0665513	0.933449
6D3O-D-A	Positive	0.162558	0.837442
6YOS-C-A	Positive	0.149889	0.850111
6J8O-A-B	Negative	0.813264	0.186736
6J8O-C-B	Negative	0.842021	0.157979
6IAC-L-A	Negative	0.987908	0.0120924
6EI2-C-A	Negative	0.784819	0.215181
6T46-B-A	Positive	0.00208645	0.997914
6MIQ-C-A	Positive	0.0435826	0.956417
6QSY-P-A	Negative	0.739075	0.260925
6R50-D-A	Positive	0.487551	0.512449
6ZBI-B-A	Positive	0.371548	0.628452
6SPB-4-T	Positive	0.00103492	0.998965
6PPO-D-A	Positive	0.108197	0.891803
6IU7-B-A	Positive	0.0363636	0.963636
6RJL-P-A	Negative	0.619092	0.380908
6KVA-b-h	Positive	0.0143335	0.985667
6IWD-B-A	Positive	0.123464	0.876536
6H2A-H-A	Positive	0.0214258	0.978574
6RQH-L-Q	Positive	0.000760038	0.99924
6B67-D-A	Positive	0.0667563	0.933244
6NIY-P-R	Positive	0.224793	0.775207
6XA6-C-B	Negative	0.847334	0.152666
6XA6-D-B	Negative	0.991551	0.00844917
6FQ4-B-A	Negative	0.885493	0.114507
6W00-P-L	Positive	0.062923	0.937077
6GRH-A-1	Negative	0.988635	0.0113654
6CQR-C-A	Negative	0.863617	0.136383
6JX3-A-B	Negative	0.885825	0.114175
6D8C-N-H	Positive	0.0409626	0.959037
6M2J-C-A	Negative	0.998051	0.00194933
6AYN-F-A	Positive	0.0530727	0.946927
6X23-B-A	Positive	0.0291655	0.970835
6TYX-C-A	Positive	0.000954546	0.999045
6TYX-D-B	Positive	0.0003812	0.999619
6JOZ-C-A	Positive	0.0284717	0.971528
6JUE-A-L	Negative	0.559346	0.440654
6YBU-C-A	Positive	0.447067	0.552933
6YBU-D-A	Positive	0.336004	0.663996
6YBU-I-G	Positive	0.42668	0.57332
6YBU-J-G	Negative	0.670347	0.329653
6HC8-E-A	Negative	0.582565	0.417435
6S24-F-A	Positive	0.489431	0.510569
6B4G-B-A	Negative	0.813731	0.186269
6B4G-H-G	Negative	0.886107	0.113893
6P8U-C-B	Negative	0.793299	0.206701
6A3A-D-C	Positive	0.275261	0.724739
6S1U-I-A	Positive	0.342286	0.657714
6P2F-C-A	Positive	0.0222917	0.977708
6ZMT-i-D	Negative	0.940879	0.0591207
6GCS-c-Q	Positive	0.106998	0.893002
6OA9-K-A	Positive	0.433542	0.566458
6WMS-E-A	Positive	0.0121164	0.987884
6ZCJ-P-A	Negative	0.686137	0.313863
6MBE-B-A	Negative	0.709715	0.290285
6S9L-C-A	Positive	0.0626877	0.937312
6SND-C-A	Positive	0.0352984	0.964702
6ERH-M-A	Positive	0.00658229	0.993418
6ERH-T-C	Positive	0.0136148	0.986385
6WMF-B-A	Positive	0.162711	0.837289
6ZR5-C-A	Positive	0.0222354	0.977765
6ZR5-D-A	Positive	0.0113343	0.988666
6CDM-C-A	Positive	0.0573483	0.942652
6QDR-B-A	Positive	0.210216	0.789784
6NPZ-F-A	Negative	0.520387	0.479613
6Z5R-C-D	Positive	0.0843997	0.9156
6Z5R-E-D	Positive	0.0843997	0.9156
6Z5R-A-D	Positive	0.0843997	0.9156
6Z5R-I-F	Positive	0.439052	0.560948
6Z5R-J-G	Positive	0.118585	0.881415
6Z5R-K-G	Positive	0.439052	0.560948
6Z5R-7-H	Positive	0.0843997	0.9156
6Z5R-T-M	Positive	0.170717	0.829283
6Z5R-Y-M	Positive	0.0843997	0.9156
6Z5R-S-Q	Positive	0.329128	0.670872
6TKG-I-H	Positive	0.180269	0.819731
6X18-P-R	Negative	0.943161	0.0568394
6S7L-C-A	Positive	0.00586034	0.99414
6CBP-P-A	Positive	0.0538534	0.946147
6UUN-P-E	Positive	0.00916724	0.990833
6ILG-C-A	Negative	0.558487	0.441513
6VB0-C-A	Negative	0.755474	0.244526
6FCP-P-A	Positive	0.4028	0.5972
6GMG-C-A	Positive	0.000786108	0.999214
6GMG-D-B	Positive	0.00450579	0.995494
6EOT-F-A	Positive	0.444112	0.555888
6NFJ-C-A	Negative	0.948127	0.0518732
6Z0M-B-A	Negative	0.957848	0.0421521
6Z0M-E-A	Negative	0.692126	0.307874
6F0W-S-A	Negative	0.695809	0.304191
6R5B-E-A	Positive	0.374441	0.625559
6VMC-C-A	Negative	0.668468	0.331532
6L35-J-A	Negative	0.841683	0.158317
6L35-M-B	Negative	0.564007	0.435993
6B0U-D-A	Positive	0.000732148	0.999268
6B0U-E-B	Positive	0.000963721	0.999036
6QTQ-B-A	Positive	0.483646	0.516354
6H06-I-H	Negative	0.702842	0.297158
6H06-G-H	Negative	0.939227	0.0607726
6H06-K-A	Negative	0.870478	0.129522
6UGF-G-A	Positive	0.0651408	0.934859
6BYH-E-A	Positive	0.0214541	0.978546
6BYH-I-G	Positive	0.0535125	0.946488
6X6Q-B-A	Negative	0.588167	0.411833
6MAK-B-A	Negative	0.932224	0.0677763
6SK3-C-A	Positive	0.000454547	0.999545
6AY9-B-A	Negative	0.507816	0.492184
6UYR-B-A	Negative	0.769632	0.230368
6Y39-D-E	Positive	0.0478931	0.952107
6Y39-G-H	Positive	0.121884	0.878116
6XID-I-B	Positive	0.0168505	0.983149
6EF5-P-A	Positive	0.000898706	0.999101
6EF5-Q-B	Positive	0.407871	0.592129
6F5P-G-A	Positive	0.336385	0.663615
6YMO-C-A	Positive	0.158221	0.841779
6YMO-D-B	Positive	0.124246	0.875754
6WNX-C-A	Positive	0.0104311	0.989569
6SPF-u-b	Positive	0.0155615	0.984438
6KMH-C-A	Positive	0.0750606	0.924939
6F4S-B-A	Positive	0.00757161	0.992428
6KM7-C-A	Negative	0.981887	0.0181131
6KM7-D-A	Negative	0.513657	0.486343
6UJ8-C-A	Positive	0.286474	0.713526
6SMQ-C-A	Negative	0.604907	0.395093
6I42-B-A	Positive	0.476485	0.523515
6MEW-B-A	Negative	0.639093	0.360907
6MEW-D-A	Negative	0.798249	0.201751
6WK2-Y-A	Negative	0.922212	0.0777876
6NK0-C-A	Negative	0.983364	0.0166355
6G84-D-A	Negative	0.814307	0.185693
6G84-C-B	Negative	0.976416	0.0235839
6Y6B-C-A	Positive	0.0764188	0.923581
6ZBT-E-A	Positive	0.0162505	0.98375
6ZBT-G-B	Positive	0.0405623	0.959438
6JAT-B-A	Negative	0.843512	0.156488
6JAT-D-C	Negative	0.848559	0.151441
6HLB-B-A	Positive	0.00381759	0.996182
6TSC-B-A	Positive	0.0810179	0.918982
6PJA-B-A	Positive	0.0318568	0.968143
6W05-P-H	Positive	0.062923	0.937077
6GVL-B-A	Positive	0.0994485	0.900551
6L8G-A-B	Negative	0.985892	0.0141083
6YO8-E-A	Negative	0.619091	0.380909
6YO8-G-C	Negative	0.729204	0.270796
6XOV-B-A	Positive	0.0629964	0.937004
6N7I-F-A	Negative	0.746407	0.253593
6SEF-V-A	Positive	0.190173	0.809827
6FBX-B-A	Negative	0.852477	0.147523
6F4U-D-A	Negative	0.783055	0.216945
6B8J-C-A	Positive	0.00511451	0.994885
6B8H-A-2	Negative	0.715783	0.284217
6B8H-k-a	Positive	0.140596	0.859404
6B8H-I-G	Negative	0.690471	0.309529
6TWY-C-B	Negative	0.854372	0.145628
6PU3-B-A	Positive	0.107663	0.892337
6QS1-F-B	Positive	0.000197727	0.999802
6HKS-H-B	Positive	0.421862	0.578138
6EH2-B-A	Positive	0.174333	0.825667
6TMF-Z-Q	Positive	0.000251523	0.999748
6MA4-B-A	Negative	0.905992	0.0940076
6HZC-B-A	Positive	0.00325659	0.996743
6R8I-B-A	Positive	0.176195	0.823805
6YJ4-k-L	Positive	0.0562684	0.943732
6T2F-B-A	Negative	0.741825	0.258175
6C1D-F-B	Positive	0.217141	0.782859
6IZ8-F-C	Positive	0.190825	0.809175
6V3X-B-A	Positive	0.00233002	0.99767
6XA8-C-B	Negative	0.991551	0.00844917
6Q8I-C-A	Negative	0.881264	0.118736
6Q8I-D-A	Negative	0.881443	0.118557
6Q8I-G-A	Negative	0.923039	0.0769612
6Q8I-H-A	Negative	0.846459	0.153541
6Q8I-K-B	Positive	0.386417	0.613583
6Q8I-L-B	Negative	0.709162	0.290838
6Q8I-O-M	Negative	0.803075	0.196925
6WI4-C-B	Positive	0.0636969	0.936303
6T80-G-A	Positive	0.00201388	0.997986
6T80-H-B	Positive	0.0422703	0.95773
6T80-E-C	Positive	0.00167286	0.998327
6RXQ-E-A	Positive	0.000106701	0.999893
6RXQ-F-A	Positive	0.00016998	0.99983
6RXQ-H-D	Positive	0.000125788	0.999874
6ZXE-e-J	Positive	0.0016656	0.998334
6QDV-Z-A	Positive	0.415065	0.584935
6QDV-z-F	Negative	0.596298	0.403702
6HBG-D-A	Negative	0.756116	0.243884
6MGQ-D-A	Positive	0.0172153	0.982785
6N7Q-C-A	Positive	0.19229	0.80771
6SI6-A-B	Negative	0.649434	0.350566
6S8S-B-A	Negative	0.73483	0.26517
6S8S-D-A	Negative	0.73483	0.26517
6UAO-B-S	Negative	0.60081	0.39919
6YGH-E-A	Positive	0.0372596	0.96274
6CEZ-P-L	Positive	0.0116821	0.988318
6WNT-A-e	Positive	0.060021	0.939979
6YLD-B-A	Negative	0.547276	0.452724
6YLD-D-C	Negative	0.596034	0.403966
6ZMW-i-Z	Positive	0.000673975	0.999326
6GG7-C-B	Negative	0.560034	0.439966
6WK1-Y-A	Negative	0.922212	0.0777876
6SQC-B-A	Negative	0.96876	0.0312397
6U3O-I-G	Negative	0.998626	0.00137412
6WAV-E-A	Positive	0.0401497	0.95985
6WAV-G-A	Positive	0.00344779	0.996552
6WAV-F-B	Positive	0.0401497	0.95985
6WAV-H-B	Positive	0.0143544	0.985646
6LSD-C-A	Negative	0.8194	0.1806
6GHJ-B-A	Positive	0.278755	0.721245
6G8P-P-A	Positive	0.1035	0.8965
6KK4-A-B	Negative	0.951308	0.0486916
6R2I-B-A	Negative	0.524313	0.475687
6KWO-C-A	Negative	0.56786	0.43214
6OM4-C-A	Negative	0.850447	0.149553
6E2P-C-A	Positive	0.0393376	0.960662
6E2P-D-B	Positive	0.157172	0.842828
6J8Y-D-C	Negative	0.752963	0.247037
6QZS-P-A	Positive	0.385998	0.614002
6QZS-C-B	Negative	0.690778	0.309222
6C23-E-A	Negative	0.553309	0.446691
6C23-O-K	Positive	0.0587568	0.941243
6C23-B-L	Positive	0.0927098	0.90729
6V86-F-A	Positive	0.0228806	0.977119
6H9N-B-A	Negative	0.944478	0.0555222
6WJ6-F-A	Positive	0.189891	0.810109
6WJ6-I-A	Negative	0.925116	0.0748838
6WJ6-L-A	Negative	0.853959	0.146041
6WJ6-T-A	Negative	0.936787	0.0632128
6IJO-J-A	Negative	0.552279	0.447721
6JUW-Y-N	Positive	0.0628464	0.937154
6PX6-C-A	Negative	0.985281	0.0147187
6YR5-O-A	Positive	0.0862462	0.913754
6YR5-P-B	Positive	0.140856	0.859144
6YR5-Q-C	Positive	0.18086	0.81914
6YR5-R-D	Positive	0.440721	0.559279
6PI7-G-A	Positive	0.00141963	0.99858
6ZMR-k-O	Positive	0.0474943	0.952506
6ZMR-8-P	Negative	0.926104	0.0738958
6ZMR-d-a	Positive	0.0821913	0.917809
6ZMR-j-a	Positive	0.0160295	0.983971
6NQB-R-F	Positive	0.162662	0.837338
6R00-B-A	Positive	0.00450159	0.995498
6NPW-E-D	Positive	0.0639427	0.936057
6OPD-C-A	Positive	0.0075301	0.99247
6ZVF-P-L	Negative	0.723396	0.276604
6TTK-E-A	Positive	0.20354	0.79646
6TTK-F-B	Positive	0.0419395	0.95806
6U8G-E-A	Positive	0.0151938	0.984806
6G4S-k-Q	Positive	0.0374969	0.962503
6YXK-C-A	Positive	0.182306	0.817694
6VB1-C-A	Negative	0.50169	0.49831
6ATK-F-C	Positive	0.000634823	0.999365
6TKJ-I-H	Positive	0.321088	0.678912
6VPV-J-A	Positive	0.343767	0.656233
6ITU-B-A	Positive	0.241569	0.758431
6F4V-G-A	Negative	0.792973	0.207027
6GKG-I-A	Negative	0.851989	0.148011
6GKG-K-B	Negative	0.98725	0.0127502
6GKG-M-C	Negative	0.906176	0.0938243
6GKG-N-G	Positive	0.44188	0.55812
6LQJ-a-A	Negative	0.536235	0.463765
6PGQ-B-A	Positive	0.229652	0.770348
6CRR-D-A	Positive	0.44526	0.55474
6TJB-A-B	Positive	0.487213	0.512787
6PVA-A-B	Positive	0.000613392	0.999387
6V2E-B-A	Positive	0.13301	0.86699
6VBQ-P-H	Positive	0.0188753	0.981125
6VBQ-K-D	Positive	0.0152589	0.984741
6H8Q-G-A	Negative	0.667155	0.332845
6H8Q-H-B	Negative	0.855577	0.144423
6F9W-B-A	Negative	0.988253	0.0117471
6TME-C-A	Positive	0.000253833	0.999746
6TWU-C-B	Negative	0.599315	0.400685
6UEB-B-A	Negative	0.554403	0.445597
6KWL-C-A	Positive	0.355244	0.644756
6UIB-C-A	Positive	0.00379312	0.996207
6OKD-D-A	Negative	0.672466	0.327534
6OKD-C-B	Negative	0.715535	0.284465
6QNX-C-A	Negative	0.980626	0.0193741
6RR0-H-A	Negative	0.953041	0.046959
6RR0-I-A	Negative	0.974594	0.0254056
6RR0-K-B	Negative	0.985778	0.0142223
6RR0-L-C	Negative	0.977304	0.0226964
6RR0-N-G	Negative	0.953031	0.0469685
6V01-C-B	Negative	0.654663	0.345337
6ZXS-J-A	Negative	0.846952	0.153048
6K08-B-A	Negative	0.954268	0.0457317
6L71-C-A	Positive	0.00285497	0.997145
6GL1-P-A	Positive	0.348868	0.651132
6RUP-C-A	Positive	0.0280518	0.971948
6ML1-G-A	Positive	0.0114655	0.988534
6SIG-C-B	Positive	0.00580606	0.994194
6DU2-C-A	Positive	0.0772445	0.922756
6DU2-D-A	Positive	0.462475	0.537525
6U6L-B-A	Positive	0.00119804	0.998802
6MT5-C-A	Positive	0.102218	0.897782
6G9Q-P-A	Negative	0.62977	0.37023
6EVN-C-A	Positive	0.123787	0.876213
6ZK9-q-4	Positive	0.108404	0.891596
6P1Y-A-B	Positive	0.174308	0.825692
6OWT-T-B	Negative	0.875151	0.124849
6V7X-C-A	Negative	0.870693	0.129307
6LXE-B-A	Negative	0.917769	0.0822314
6LXE-C-A	Negative	0.992299	0.00770081
6WJ7-A-B	Positive	2.3346e-05	0.999977
6C26-4-A	Positive	0.266859	0.733141
6EJL-C-A	Positive	0.420852	0.579148
6EJL-D-B	Negative	0.555169	0.444831
6RMB-D-A	Positive	0.00306687	0.996933
6EVP-C-A	Negative	0.647652	0.352348
6DAE-C-A	Positive	0.0886972	0.911303
6DAE-D-B	Positive	0.0771513	0.922849
6JI2-X-A	Positive	0.0694649	0.930535
6ODM-O-C	Negative	0.760826	0.239174
6PEU-M-A	Negative	0.933219	0.0667812
6CS3-D-A	Negative	0.526644	0.473356
6ZVQ-B-A	Positive	0.155984	0.844016
6G0Q-B-A	Positive	0.000270537	0.999729
6H25-I-F	Positive	0.129901	0.870099
6H25-K-G	Positive	0.44904	0.55096
6YNU-B-A	Positive	0.0153946	0.984605
6WJQ-C-A	Negative	0.975929	0.024071
6J4V-B-A	Negative	0.957857	0.0421432
6CE7-O-B	Positive	0.233474	0.766526
6CE7-P-B	Positive	0.187882	0.812118
6U3D-C-A	Positive	0.393084	0.606916
6TA7-G-A	Negative	0.979662	0.0203378
6TA7-H-F	Positive	0.123419	0.876581
6QPH-J-2	Positive	0.440008	0.559992
6YQF-D-A	Negative	0.950724	0.0492763
6MI7-C-F	Positive	0.0978082	0.902192
6BHD-B-A	Positive	0.0401251	0.959875
6KZH-C-A	Positive	0.437701	0.562299
6VQO-P-A	Positive	0.381562	0.618438
6VEQ-B-E	Positive	0.0921166	0.907883
6V3N-C-A	Positive	0.386949	0.613051
6V3N-D-A	Positive	0.251891	0.748109
6YR7-C-A	Negative	0.992523	0.00747745
6JWN-B-A	Negative	0.687597	0.312403
6JLP-F-A	Positive	0.147588	0.852412
6HPG-a-A	Positive	0.1203	0.8797
6HPG-f-B	Positive	0.0122265	0.987773
6TUV-L-A	Negative	0.693371	0.306629
6MNQ-P-H	Positive	0.0961087	0.903891
6H0B-F-B	Positive	0.195621	0.804379
6XZK-B-A	Positive	0.00459579	0.995404
6B4I-C-B	Negative	0.775797	0.224203
6B4I-D-B	Negative	0.603112	0.396888
6R16-H-A	Positive	0.172255	0.827745
6R16-I-A	Positive	0.292749	0.707251
6R16-J-A	Positive	0.0494483	0.950552
6R16-K-A	Negative	0.88	0.12
6WME-B-A	Negative	0.861751	0.138249
6KPD-B-C	Positive	0.051842	0.948158
6W6O-C-A	Positive	0.000556599	0.999443
6WBC-B-A	Positive	0.0196821	0.980318
6PUZ-D-A	Positive	0.00159294	0.998407
6WDT-D-A	Negative	0.865891	0.134109
6B3X-B-A	Positive	0.0593278	0.940672
6M8R-K-G	Positive	0.135732	0.864268
6M8R-L-B	Positive	0.249072	0.750928
6O28-E-A	Negative	0.523563	0.476437
6NUU-C-A	Positive	0.459602	0.540398
6HEP-E-A	Positive	0.0596802	0.94032
6DRT-D-A	Negative	0.886341	0.113659
6DRT-E-B	Negative	0.733383	0.266617
6PV9-B-A	Positive	0.00347788	0.996522
6XTR-C-A	Positive	0.143427	0.856573
6SIQ-P-A	Negative	0.813284	0.186716
6T7H-L-H	Negative	0.840892	0.159108
6MNR-P-H	Positive	0.139851	0.860149
6O9B-C-A	Positive	0.0773716	0.922628
6WZY-C-A	Negative	0.768837	0.231163
6NF7-C-A	Negative	0.52449	0.47551
6NF7-O-A	Positive	0.278378	0.721622
6NF7-F-D	Negative	0.652132	0.347868
6NF7-I-G	Positive	0.42332	0.57668
6L9F-C-A	Positive	0.465007	0.534993
6L9F-D-B	Negative	0.678293	0.321707
6HM4-B-A	Positive	0.160613	0.839387
6QFM-B-A	Negative	0.926729	0.0732708
6XSA-B-A	Positive	0.0290554	0.970945
6HSN-D-A	Positive	0.00494453	0.995055
6TJT-D-A	Positive	0.00148592	0.998514
6ACP-B-A	Positive	0.491638	0.508362
6SH9-E-B	Positive	0.033491	0.966509
6SH6-B-A	Positive	0.0914232	0.908577
6UYV-B-A	Negative	0.895211	0.104789
6AZT-B-A	Positive	0.0264386	0.973561
6JZE-B-A	Negative	0.58376	0.41624
6FY2-P-H	Positive	0.00247093	0.997529
6FY2-Z-X	Positive	0.00247093	0.997529
6WRF-S-B	Negative	0.885825	0.114175
6YLE-K-B	Negative	0.913711	0.0862892
6U3B-B-A	Positive	0.184674	0.815326
6AXK-E-A	Positive	0.0718087	0.928191
6LML-C-B	Negative	0.94845	0.0515499
6KZA-C-A	Positive	0.323773	0.676227
6KZA-D-B	Positive	0.101933	0.898067
6SEN-L-A	Negative	0.678293	0.321707
6SEN-M-B	Negative	0.678293	0.321707
6TJ1-D-A	Positive	0.183588	0.816412
6YAY-C-A	Positive	0.392982	0.607018
6YAY-D-A	Negative	0.563602	0.436398
6NI2-V-A	Positive	0.107483	0.892517
6Q53-B-A	Negative	0.590599	0.409401
6Q53-E-A	Negative	0.590599	0.409401
6H9O-B-A	Negative	0.922506	0.0774942
6V7P-D-C	Negative	0.569371	0.430629
6V7P-B-A	Positive	0.431856	0.568144
6FZF-C-A	Positive	0.0221001	0.9779
6PU1-B-A	Positive	0.347702	0.652298
6ZH6-B-A	Negative	0.710531	0.289469
6YW3-B-A	Negative	0.968116	0.0318838
6C4U-L-F	Positive	0.262236	0.737764
6MTP-P-L	Positive	0.0134284	0.986572
6MTP-Q-B	Positive	0.00160325	0.998397
6BIZ-C-A	Negative	0.772135	0.227865
6ZHX-L-C	Positive	0.0738909	0.926109
6A30-P-A	Positive	0.00907438	0.990926
6NYX-B-H	Positive	0.326512	0.673488
6NYX-G-H	Negative	0.965057	0.0349429
6NYX-O-H	Negative	0.910026	0.0899741
6TMH-i-C	Negative	0.935901	0.0640993
6U3A-C-A	Positive	0.375782	0.624218
6U3A-D-B	Positive	0.294303	0.705697
6MHF-C-A	Negative	0.596886	0.403114
6PYQ-B-A	Positive	0.10757	0.89243
6PYQ-C-A	Positive	0.158461	0.841539
6PYQ-E-A	Positive	0.117192	0.882808
6PYQ-F-A	Positive	0.10757	0.89243
6EWO-C-A	Positive	0.46244	0.53756
6HZA-B-A	Positive	0.00141856	0.998581
6SZ5-B-A	Positive	0.00212657	0.997873
6SZ5-C-A	Positive	0.000163846	0.999836
6J0W-C-A	Negative	0.969686	0.030314
6J0W-D-B	Negative	0.964935	0.035065
6YR6-B-A	Positive	0.00790573	0.992094
6S07-C-A	Positive	0.143427	0.856573
6B9Y-D-A	Positive	0.154113	0.845887
6IC8-C-A	Positive	0.156691	0.843309
6IC8-D-B	Positive	0.285116	0.714884
6CD9-B-A	Positive	0.00362328	0.996377
6N7J-D-A	Positive	0.0752176	0.924782
6CCE-J-F	Negative	0.84447	0.15553
6YAR-C-A	Positive	0.488526	0.511474
6YAR-D-A	Positive	0.291383	0.708617
6DTH-B-A	Positive	0.0589804	0.94102
6RO1-B-A	Positive	0.0177758	0.982224
6BLI-F-B	Positive	0.00156214	0.998438
6BLI-I-G	Positive	0.000617746	0.999382
6IUH-C-A	Negative	0.775654	0.224346
6IUH-D-B	Negative	0.87136	0.12864
6F8F-G-D	Positive	0.499878	0.500122
6YSI-W-D	Positive	0.049336	0.950664
6ZHI-H-D	Negative	0.754405	0.245595
6N61-I-C	Positive	0.0471637	0.952836
6TDY-N-C	Negative	0.950284	0.0497155
6TDY-h-M	Negative	0.978644	0.0213561
6V4G-B-A	Negative	0.797826	0.202174
6CTB-B-A	Positive	0.0406931	0.959307
6JAU-B-A	Negative	0.635893	0.364107
6FBK-P-A	Positive	0.0898654	0.910135
6L7O-P-B	Positive	0.492585	0.507415
6GSN-h-q	Positive	0.00501112	0.994989
6ZMP-C-A	Negative	0.72651	0.27349
6RMC-C-A	Positive	0.0136392	0.986361
6ALG-N-I	Positive	0.0146095	0.985391
6URI-D-A	Positive	0.0710791	0.928921
6CBI-I-A	Negative	0.937814	0.0621859
6CBI-J-A	Negative	0.778357	0.221643
6IWA-A-C	Positive	0.0151479	0.984852
6SWE-Y-3	Positive	0.000121583	0.999878
6V8O-S-G	Negative	0.981219	0.0187806
6ZXA-B-A	Positive	0.299169	0.700831
6ZXA-D-A	Positive	0.299169	0.700831
6HBY-C-A	Negative	0.881471	0.118529
6U96-F-A	Positive	0.0928573	0.907143
6DAD-C-A	Positive	0.21055	0.78945
6T5F-G-A	Positive	0.00127575	0.998724
6T5F-H-B	Positive	0.00267539	0.997325
6T5F-E-C	Positive	0.0199788	0.980021
6T5F-F-D	Positive	0.00873065	0.991269
6FEL-E-A	Negative	0.736097	0.263903
6URQ-D-A	Negative	0.710516	0.289484
6JXR-a-d	Positive	0.127872	0.872128
6JXR-b-d	Positive	0.0394652	0.960535
6IGX-A-B	Positive	0.401282	0.598718
6IGX-C-D	Positive	0.428106	0.571894
6I31-B-A	Positive	0.0240438	0.975956
6J19-B-A	Positive	0.183217	0.816783
6GD5-B-A	Positive	0.000107766	0.999892
6CF6-D-A	Negative	0.919455	0.0805447
6CF6-C-B	Negative	0.968226	0.0317738
6B3J-P-R	Negative	0.888798	0.111202
6L65-C-A	Positive	0.00226204	0.997738
6MGN-B-A	Negative	0.84761	0.15239
6Y2B-C-A	Positive	0.00253387	0.997466
6VJN-G-H	Negative	0.852854	0.147146
6VJN-F-H	Positive	0.00308454	0.996915
6N3E-B-A	Positive	0.178243	0.821757
6Q9I-B-A	Negative	0.576801	0.423199
6P9X-P-R	Negative	0.97312	0.02688
6KIG-J-A	Negative	0.712056	0.287944
6J5J-I-G	Positive	0.0409468	0.959053
6J5J-i-8	Positive	0.0149115	0.985089
6IVX-D-A	Positive	0.0105009	0.989499
6UBE-B-S	Positive	0.0225413	0.977459
6YIH-C-A	Negative	0.845054	0.154946
6KEY-B-A	Positive	0.218086	0.781914
6CWP-F-A	Positive	0.138216	0.861784
6Y26-C-A	Positive	0.00594585	0.994054
6Q00-B-A	Negative	0.961523	0.0384775
6XOI-C-A	Negative	0.602621	0.397379
6K81-B-A	Negative	0.972342	0.0276578
6XQI-F-A	Negative	0.912854	0.0871457
6XQI-I-B	Positive	0.480457	0.519543
6MPZ-M-A	Negative	0.742396	0.257604
6VE5-B-A	Negative	0.984856	0.0151441
6D08-C-A	Positive	0.0133509	0.986649
6D08-D-B	Positive	0.0485491	0.951451
6TYT-B-A	Positive	0.000188482	0.999812
6TYT-C-A	Positive	0.0212582	0.978742
6Y27-C-A	Positive	0.00594585	0.994054
6HIK-L-A	Positive	0.392102	0.607898
6SBA-B-A	Positive	0.313616	0.686384
6X5J-B-A	Positive	0.00848704	0.991513
6QEV-D-B	Positive	0.0500142	0.949986
6IMM-R-P	Negative	0.947314	0.0526858
6ICR-A-B	Negative	0.93788	0.0621198
6ICR-C-B	Negative	0.753123	0.246877
6R5G-B-A	Negative	0.825952	0.174048
6E2Q-M-A	Positive	0.346423	0.653577
6E2Q-P-A	Negative	0.829345	0.170655
6FAI-d-i	Positive	0.00190236	0.998098
6M92-C-A	Positive	0.0390634	0.960937
6YSL-B-G	Negative	0.724783	0.275217
6YSL-A-F	Negative	0.871158	0.128842
6V2O-C-A	Negative	0.607794	0.392206
6P6E-B-A	Positive	0.00147849	0.998522
6P6E-C-A	Positive	0.00269876	0.997301
6CVJ-D-A	Negative	0.766471	0.233529
6B5P-A-H	Negative	0.539172	0.460828
6G8I-P-A	Negative	0.625461	0.374539
6PFO-C-A	Negative	0.82249	0.17751
6GR9-B-A	Negative	0.713255	0.286745
6J0X-E-A	Negative	0.704396	0.295604
6KPB-B-C	Positive	0.163344	0.836656
6HOL-C-A	Negative	0.585794	0.414206
6HOL-D-B	Negative	0.585794	0.414206
6EAT-I-A	Positive	0.0484434	0.951557
6TAS-G-A	Positive	0.0902401	0.90976
6OIT-G-A	Negative	0.923939	0.0760608
6FC6-B-A	Negative	0.652636	0.347364
6LPH-B-A	Positive	0.181958	0.818042
6YIE-C-A	Negative	0.879221	0.120779
6TKK-B-A	Positive	0.000900123	0.9991
6GWJ-D-B	Negative	0.626196	0.373804
6PTE-C-A	Positive	0.00691317	0.993087
6RQJ-D-A	Positive	0.00212333	0.997877
6KVM-C-A	Negative	0.980247	0.0197532
6TDX-0-S	Negative	0.744514	0.255486
6Z0L-B-A	Negative	0.883505	0.116495
6M4Z-F-A	Positive	0.0633635	0.936637
6IGL-B-A	Negative	0.935075	0.0649248
6JO6-J-A	Positive	0.394802	0.605198
6JO6-K-A	Positive	0.00295673	0.997043
6OZ8-A-B	Positive	0.174308	0.825692
6JZD-B-A	Negative	0.58376	0.41624
6JZD-C-A	Negative	0.907798	0.0922016
6BJ8-C-A	Negative	0.970308	0.029692
6KHI-P-B	Positive	0.492585	0.507415
6KHI-Q-D	Positive	0.171458	0.828542
6A9C-E-B	Positive	0.00610902	0.993891
6Q0N-C-A	Negative	0.94296	0.0570402
6Q0N-D-B	Negative	0.914452	0.0855476
6M4O-E-T	Positive	0.394695	0.605305
6M4O-B-A	Negative	0.689276	0.310724
6F4T-B-A	Positive	0.000691065	0.999309
6HKP-S-A	Positive	0.0255161	0.974484
6MZB-C-B	Positive	0.0955657	0.904434
6MZB-D-B	Positive	0.413977	0.586023
6R15-B-A	Positive	0.462366	0.537634
6VB4-C-A	Positive	0.166377	0.833623
6L7A-J-A	Positive	0.476752	0.523248
6U22-C-A	Positive	0.347095	0.652905
6QZR-N-A	Positive	0.0127335	0.987267
6QZR-M-B	Positive	0.194715	0.805285
6QZR-P-D	Positive	0.10552	0.89448
6GK8-I-H	Negative	0.521774	0.478226
6GZJ-B-A	Negative	0.951631	0.0483687
6DSL-A-B	Negative	0.703296	0.296704
6DLC-B-A	Positive	0.0280233	0.971977
6O26-C-A	Negative	0.720593	0.279407
6VXY-C-A	Positive	0.253712	0.746288
6ZZX-J-A	Negative	0.628688	0.371312
6ZZX-M-B	Positive	0.39224	0.60776
6UZP-C-A	Positive	0.156516	0.843484
6H8C-B-A	Negative	0.675229	0.324771
6GMR-H-C	Negative	0.984925	0.0150747
6XBW-f-a	Positive	0.168459	0.831541
6XBW-r-b	Negative	0.769527	0.230473
6DN6-B-A	Positive	0.0186168	0.981383
6TQU-C-A	Positive	0.318461	0.681539
6TQU-D-B	Negative	0.862003	0.137997
6G4W-t-u	Negative	0.725901	0.274099
6MLC-E-A	Positive	0.000294607	0.999705
6IQG-C-A	Positive	0.191668	0.808332
6IQG-D-B	Positive	0.191668	0.808332
6H0F-C-B	Positive	0.0054361	0.994564
6KN8-Y-L	Negative	0.824385	0.175615
6WGN-F-A	Positive	0.00524408	0.994756
6NCP-F-B	Positive	0.00308113	0.996919
6NCP-E-C	Positive	0.188955	0.811045
6IWH-C-A	Positive	0.113389	0.886611
6OLE-y-C	Positive	0.16633	0.83367
6R5L-P-A	Positive	0.202184	0.797816
6L03-F-A	Negative	0.915543	0.0844567
6HMA-Z-L	Positive	0.00162528	0.998375
6PPK-d-E	Positive	0.00163944	0.998361
6PDZ-D-A	Positive	0.101233	0.898767
6AKL-B-A	Negative	0.755666	0.244334
6AKL-C-A	Negative	0.806718	0.193282
6ZR2-s-E	Positive	0.408304	0.591696
6ZR2-c-O	Negative	0.58105	0.41895
6V4E-C-A	Positive	0.0458125	0.954188
6R59-E-A	Negative	0.638703	0.361297
6NV2-P-A	Positive	0.0301265	0.969874
6N4R-F-B	Positive	0.00485061	0.995149
6F0G-C-A	Positive	0.13497	0.86503
6Q0U-C-A	Negative	0.93123	0.06877
6J31-E-A	Positive	0.284504	0.715496
6I5N-K-A	Negative	0.85614	0.14386
6I5N-I-A	Negative	0.605776	0.394224
6I5N-J-D	Negative	0.605776	0.394224
6I5N-L-D	Positive	0.105158	0.894842
6RWL-E-A	Positive	0.0156808	0.984319
6J91-A-B	Negative	0.869676	0.130324
6JMU-C-A	Negative	0.92973	0.0702702
6JMU-D-B	Negative	0.994872	0.00512847
6E5N-A-B	Positive	0.265581	0.734419
6BGG-A-B	Positive	0.0315232	0.968477
6YLH-l-X	Positive	0.00272676	0.997273
6Z19-C-B	Positive	0.0028345	0.997165
6LYQ-O-A	Negative	0.753788	0.246212
6NIX-C-A	Negative	0.742813	0.257187
6ZKB-4-L	Negative	0.594462	0.405538
6IAM-B-A	Positive	0.00523666	0.994763
6IAM-C-A	Positive	0.0468254	0.953175
6P9Y-P-R	Positive	0.495083	0.504917
6VQP-Q-A	Positive	0.196531	0.803469
6GTQ-C-A	Negative	0.717981	0.282019
6GTQ-D-A	Negative	0.766972	0.233028
6XLZ-P-H	Negative	0.675275	0.324725
6XLZ-A-H	Positive	0.000124852	0.999875
6E5U-J-K	Positive	0.461107	0.538893
6G5G-P-B	Positive	0.00376448	0.996236
6BWA-B-A	Positive	0.0192043	0.980796
6SK8-C-A	Positive	0.000266142	0.999734
6SK8-D-B	Positive	0.00120414	0.998796
6GOS-A-1	Negative	0.874868	0.125132
6K3A-B-A	Positive	0.0859959	0.914004
6W25-B-A	Positive	0.000302545	0.999697
6KBM-B-A	Positive	0.00750824	0.992492
6XKW-h-n	Positive	0.128037	0.871963
6XKW-Y-n	Positive	0.415985	0.584015
6B9L-E-A	Negative	0.800143	0.199857
6W3J-C-B	Negative	0.646665	0.353335
6J5I-i-8	Positive	0.0256074	0.974393
6VIL-I-A	Positive	0.303273	0.696727
6YNS-N-A	Positive	0.0380849	0.961915
6YNS-Q-A	Positive	0.010889	0.989111
6YNS-T-A	Positive	0.0238493	0.976151
6YNS-Y-B	Positive	0.0177273	0.982273
6YNS-S-D	Positive	0.0272551	0.972745
6YNS-U-F	Positive	0.0268623	0.973138
6XIC-I-B	Positive	0.0537069	0.946293
6B5T-A-H	Positive	0.24106	0.75894
6LYR-P-A	Positive	0.0159116	0.984088
6A5S-E-A	Negative	0.789299	0.210701
6BVA-E-D	Positive	0.0143912	0.985609
6O8C-D-A	Negative	0.831543	0.168457
6O8C-E-A	Negative	0.917142	0.0828579
6E3J-B-A	Negative	0.88391	0.11609
6HLW-B-A	Negative	0.997733	0.00226733
6HLW-D-C	Negative	0.996027	0.00397256
6EQX-D-A	Positive	0.00133549	0.998665
6E3D-B-A	Positive	0.0849218	0.915078
6MS4-B-A	Positive	0.0657241	0.934276
6PXU-C-A	Positive	0.0243523	0.975648
6PXU-D-B	Positive	0.453008	0.546992
6RLZ-C-A	Negative	0.875038	0.124962
6QXZ-B-A	Negative	0.533034	0.466966
6SQ2-D-A	Negative	0.945763	0.0542366
6SQ2-E-A	Negative	0.95489	0.04511
6BSB-B-A	Negative	0.955771	0.0442285
6BCY-C-A	Positive	0.284161	0.715839
6BCY-D-B	Positive	0.284161	0.715839
6BCY-H-F	Positive	0.0978851	0.902115
6VBP-G-L	Positive	0.387699	0.612301
6VBP-F-B	Negative	0.771444	0.228556
6VBP-E-D	Negative	0.641103	0.358897
6VBP-K-I	Negative	0.948305	0.0516949
6Y9P-C-A	Negative	0.884785	0.115215
6Y9P-H-A	Negative	0.870394	0.129606
6Y9P-J-A	Negative	0.936491	0.0635085
6Y9P-D-B	Negative	0.699367	0.300633
6GZL-B-A	Negative	0.946602	0.0533979
6IQJ-C-B	Positive	0.0265986	0.973401
6JPW-J-B	Positive	0.00167931	0.998321
6MBC-B-A	Positive	0.456487	0.543513
6GB7-P-A	Positive	0.149288	0.850712
6GB7-R-C	Positive	0.00171522	0.998285
6VB6-C-A	Positive	0.0709713	0.929029
6CIT-D-C	Positive	0.289518	0.710482
6U1X-P-A	Negative	0.967952	0.0320477
6BW9-B-A	Positive	0.0695464	0.930454
6T2E-B-A	Negative	0.877128	0.122872
6CVN-D-A	Positive	0.0277501	0.97225
6Y0V-E-A	Positive	0.118703	0.881297
6VBX-B-A	Negative	0.661552	0.338448
6KKG-C-A	Positive	0.150588	0.849412
6VQY-F-A	Positive	0.0171032	0.982897
6X1S-G-H	Positive	0.464749	0.535251
6X78-I-A	Positive	0.201398	0.798602
6ZW0-C-A	Negative	0.567232	0.432768
6OS1-B-A	Positive	0.000437656	0.999562
6C4H-N-v	Positive	0.0283249	0.971675
6Q9F-B-A	Negative	0.576801	0.423199
6A3E-D-C	Negative	0.870383	0.129617
6V1A-C-A	Positive	0.0224807	0.977519
6LZ9-A-B	Positive	0.000879815	0.99912
6MRQ-I-A	Positive	1.96689e-05	0.99998
6QC0-B-A	Positive	0.000418921	0.999581
6SML-C-B	Positive	0.0625616	0.937438
6J4O-B-A	Negative	0.617004	0.382996
6ITC-B-A	Negative	0.838364	0.161636
6TJ6-C-A	Positive	0.142869	0.857131
6RGO-C-A	Negative	0.967975	0.0320245
6RGO-D-A	Negative	0.977213	0.0227871
6VPZ-C-A	Positive	0.0104272	0.989573
6IRL-C-A	Positive	0.10731	0.89269
6SLJ-P-B	Positive	0.432738	0.567262
6SLJ-Q-A	Negative	0.559816	0.440184
6NWA-J-A	Negative	0.864616	0.135384
6E49-E-A	Positive	0.0145293	0.985471
6E49-D-B	Positive	0.00717767	0.992822
6AJ0-D-A	Negative	0.618083	0.381917
6QDS-B-A	Positive	0.0606165	0.939384
6TJ5-C-A	Positive	0.222318	0.777682
6LJN-B-A	Positive	0.24428	0.75572
6K0T-D-C	Positive	0.00892524	0.991075
6JQ2-P-A	Positive	0.127181	0.872819
6HC2-B-A	Negative	0.899654	0.100346
6HC2-F-A	Negative	0.819209	0.180791
6HC2-D-C	Negative	0.960112	0.0398879
6HC2-L-C	Negative	0.765382	0.234618
6HC2-H-G	Negative	0.968939	0.0310605
6HC2-J-I	Negative	0.932691	0.0673094
6HC2-N-K	Negative	0.965185	0.0348152
6HC2-R-M	Negative	0.955459	0.0445405
6HC2-P-O	Negative	0.873466	0.126534
6HC2-T-S	Negative	0.844435	0.155565
6HC2-X-S	Negative	0.921853	0.078147
6HC2-V-U	Negative	0.954765	0.0452354
6MV5-P-H	Negative	0.984887	0.0151134
6EM1-s-O	Positive	0.0109811	0.989019
6C0Y-I-A	Positive	0.00229599	0.997704
6C0Y-M-A	Positive	0.0577556	0.942244
6C0Y-L-D	Positive	0.0163264	0.983674
6X45-E-C	Positive	0.0834531	0.916547
6X45-D-B	Positive	0.434134	0.565866
6S7T-B-A	Positive	0.14354	0.85646
6S7T-K-A	Positive	0.438353	0.561647
6S7T-I-C	Negative	0.689236	0.310764
6UVA-P-E	Negative	0.861094	0.138906
6IAT-G-A	Negative	0.870751	0.129249
6HOM-D-C	Negative	0.855417	0.144583
6V84-C-A	Positive	0.201148	0.798852
6V84-D-B	Negative	0.546565	0.453435
6UBH-E-A	Positive	0.437789	0.562211
6P3W-E-B	Positive	0.214452	0.785548
6P3W-F-D	Positive	0.316477	0.683523
6LQM-R-I	Positive	9.67539e-05	0.999903
6MBB-B-A	Negative	0.93293	0.0670696
6PBV-G-A	Positive	0.471106	0.528894
6SS9-C-A	Positive	0.0176241	0.982376
6CCT-B-A	Positive	0.265996	0.734004
6XBE-F-A	Negative	0.890027	0.109973
6SM3-C-A	Positive	0.192015	0.807985
6H0E-I-H	Negative	0.893196	0.106804
6H0E-K-A	Negative	0.836047	0.163953
6DUQ-X-L	Negative	0.829058	0.170942
6B5S-A-H	Negative	0.897081	0.102919
6X2V-D-C	Negative	0.567994	0.432006
6WFY-P-H	Positive	0.0771649	0.922835
6WQU-D-C	Negative	0.962297	0.0377027
6EKM-B-A	Positive	0.0057417	0.994258
6HV2-B-A	Positive	0.241822	0.758178
6BYL-G-A	Positive	0.225647	0.774353
6BYL-T-C	Positive	0.341295	0.658705
6BYL-P-D	Negative	0.573774	0.426226
6XIE-I-B	Negative	0.701931	0.298069
6AAF-B-A	Positive	0.205838	0.794162
6IDX-C-A	Negative	0.550558	0.449442
6XS9-C-A	Positive	0.0125028	0.987497
6XS9-F-A	Positive	0.0125028	0.987497
6SYF-E-A	Positive	0.00322159	0.996778
6SYF-F-A	Positive	0.00431177	0.995688
6NRO-E-A	Positive	0.18165	0.81835
6NRO-B-A	Negative	0.90887	0.0911301
6NRO-F-A	Negative	0.803451	0.196549
6FDT-B-A	Negative	0.889396	0.110604
6AXL-G-C	Positive	0.0771649	0.922835
6SW9-0-7	Positive	0.00387958	0.99612
6I2G-B-A	Negative	0.732335	0.267665
6YIC-P-A	Negative	0.612049	0.387951
6HM5-B-A	Negative	0.934749	0.0652515
6KBB-F-C	Positive	0.489602	0.510398
6KBB-E-A	Positive	0.0792404	0.92076
6MAJ-B-A	Negative	0.881114	0.118886
6X00-C-A	Negative	0.706228	0.293772
6BVB-H-V	Negative	0.984613	0.0153869
6LY5-j-A	Negative	0.841261	0.158739
6LY5-i-B	Positive	0.156614	0.843386
6LY5-m-B	Positive	0.369584	0.630416
6EAV-I-A	Positive	0.000232955	0.999767
6MUO-K-A	Positive	0.429776	0.570224
6MUO-L-A	Positive	0.380262	0.619738
6CYT-C-B	Negative	0.790359	0.209641
6F6D-B-A	Positive	0.0281233	0.971877
6D0X-C-A	Positive	0.420785	0.579215
6QMS-A-B	Positive	0.0320661	0.967934
6ME1-F-A	Negative	0.602706	0.397294
6ME1-E-C	Positive	0.0200792	0.979921
6BHE-B-A	Positive	0.0401251	0.959875
6QBY-D-C	Negative	0.580425	0.419575
6EF2-s-H	Positive	0.302799	0.697201
6CD8-C-A	Positive	0.0270601	0.97294
6ZYX-e-J	Negative	0.719948	0.280052
6SLI-P-A	Positive	0.359881	0.640119
6SLI-E-C	Positive	0.102602	0.897398
6WTA-Z-A	Negative	0.971007	0.0289934
6WHZ-D-A	Positive	0.000356721	0.999643
6TRW-D-A	Positive	0.404658	0.595342
6YZH-D-A	Positive	0.0373622	0.962638
6JZC-D-A	Positive	0.165634	0.834366
6EAW-I-A	Positive	0.0119783	0.988022
6G07-R-A	Positive	0.0207523	0.979248
6G07-Q-B	Positive	0.0200469	0.979953
6A9X-A-D	Negative	0.558548	0.441452
6SPZ-P-A	Negative	0.540967	0.459033
6GTR-C-A	Negative	0.732525	0.267475
6I2D-D-A	Negative	0.642915	0.357085
6JXX-B-A	Positive	0.300336	0.699664
6GH1-P-A	Positive	0.201362	0.798638
6GH1-Q-C	Positive	0.201362	0.798638
6ZRD-P-A	Positive	0.000146874	0.999853
6TQ0-B-A	Positive	0.000173256	0.999827
6TQ0-D-A	Positive	0.000377032	0.999623
6TQ0-P-A	Positive	0.000437972	0.999562
6TQ0-F-C	Positive	0.000337016	0.999663
6EJB-B-A	Positive	0.116267	0.883733
6VEN-P-O	Negative	0.870934	0.129066
6VEN-Q-O	Negative	0.973476	0.0265243
6B27-G-A	Negative	0.904149	0.0958514
6B27-H-B	Positive	0.256476	0.743524
6B27-I-C	Positive	0.204152	0.795848
6B27-L-F	Negative	0.886205	0.113795
6HL6-S-A	Positive	0.399003	0.600997
6MS1-C-A	Positive	0.224257	0.775743
6JLH-B-A	Positive	0.441993	0.558007
6HY7-B-A	Positive	0.0218823	0.978118
6QDW-z-e	Positive	0.0237877	0.976212
6V3Y-B-A	Negative	0.552957	0.447043
6XS5-B-A	Positive	0.160466	0.839534
6S0Y-C-A	Positive	0.0771215	0.922879
6S0Y-D-B	Positive	0.0277931	0.972207
6RMM-P-A	Negative	0.864684	0.135316
6BIR-C-A	Negative	0.995289	0.00471118
6W0L-P-A	Positive	0.0139222	0.986078
6YMX-m-a	Negative	0.514177	0.485823
6I2T-J-B	Positive	0.0214711	0.978529
6DRD-L-B	Positive	0.113531	0.886469
6XMI-F-A	Negative	0.965428	0.0345716
6XMI-C-A	Negative	0.976557	0.0234429
6LU8-1-4	Negative	0.9955	0.00450012
6LU8-z-4	Positive	0.00551798	0.994482
6OX5-Y-A	Negative	0.857589	0.142411
6D3Y-C-A	Positive	0.00340648	0.996594
6T7Y-B-A	Positive	0.457278	0.542722
6V7O-C-A	Positive	0.040069	0.959931
6V7O-D-B	Positive	0.0493693	0.950631
6WAU-G-A	Positive	0.0285925	0.971408
6WAU-I-A	Positive	0.27674	0.72326
6WAU-L-C	Positive	0.0420766	0.957923
6E4D-F-A	Positive	0.0808732	0.919127
6QTO-B-A	Positive	0.14324	0.85676
6ERF-Q-B	Positive	0.0509223	0.949078
6ERF-R-D	Positive	0.115563	0.884437
6D3Z-C-A	Positive	0.00171669	0.998283
6X0V-E-F	Negative	0.915798	0.0842024
6X0V-H-F	Positive	0.40705	0.59295
6G3J-C-A	Positive	0.1379	0.8621
6MT4-C-A	Positive	0.263208	0.736792
6G0R-C-A	Positive	0.147955	0.852045
6IYC-E-A	Positive	0.000657911	0.999342
6YP7-l-a	Negative	0.711146	0.288854
6YP7-t-a	Negative	0.987077	0.0129233
6YP7-x-b	Positive	0.0342945	0.965705
6YP7-T-b	Negative	0.987077	0.0129233
6YP7-k-c	Negative	0.792608	0.207392
6YP7-J-A	Positive	0.00206868	0.997931
6A33-I-A	Negative	0.94637	0.0536299
6F0Y-B-A	Positive	0.00470327	0.995297
6P8S-E-A	Positive	0.232997	0.767003
6P8S-F-B	Positive	0.37037	0.62963
6UCM-A-B	Negative	0.980138	0.0198618
6GPZ-E-B	Positive	0.0132444	0.986756
6JFO-B-A	Positive	0.27715	0.72285
6RK8-P-A	Negative	0.509095	0.490905
6F0F-B-A	Positive	0.244789	0.755211
6O09-I-C	Positive	0.051157	0.948843
6O09-E-C	Positive	0.0496438	0.950356
6O09-G-A	Positive	0.0700077	0.929992
6J56-C-A	Negative	0.665302	0.334698
6QTW-B-A	Positive	0.414652	0.585348
6U72-C-B	Positive	0.0122574	0.987743
6LOS-F-A	Positive	0.082572	0.917428
6LOS-G-A	Positive	0.0881905	0.911809
6LOS-H-A	Positive	0.0669589	0.933041
6FI4-B-A	Positive	0.145552	0.854448
6EJC-B-A	Positive	0.131794	0.868206
6QZW-F-C	Positive	0.0842659	0.915734
6RIR-C-A	Negative	0.978522	0.0214783
6BXQ-A-B	Positive	0.0526549	0.947345
6O3W-C-A	Negative	0.72595	0.27405
6O25-H-E	Positive	0.12826	0.87174
6O25-L-I	Positive	0.422967	0.577033
6EIH-P-A	Positive	0.00270335	0.997297
6NKP-C-A	Negative	0.955895	0.0441053
6NKP-D-B	Negative	0.955895	0.0441053
6LJM-B-A	Positive	0.208805	0.791195
6FAD-E-A	Positive	0.000665162	0.999335
6FAD-H-B	Positive	0.00305041	0.99695
6FAD-F-D	Positive	0.00107387	0.998926
6DTN-A-B	Positive	0.000411356	0.999589
6YBA-Y-A	Positive	0.485213	0.514787
6YBA-w-A	Positive	0.0938095	0.906191
6YBA-Q-D	Positive	0.10011	0.89989
6YBA-W-D	Negative	0.61512	0.38488
6EHT-E-B	Positive	0.212971	0.787029
6EHT-D-C	Negative	0.54857	0.45143
6YPP-B-A	Positive	0.235653	0.764347
6XQB-D-A	Negative	0.982926	0.0170737
6J8E-D-A	Positive	0.00098604	0.999014
6VQD-C-A	Positive	0.00301187	0.996988
6BAE-D-A	Positive	0.013538	0.986462
6OPJ-B-A	Positive	0.00262326	0.997377
6RX4-C-A	Negative	0.62204	0.37796
6YIB-P-A	Positive	0.0229218	0.977078
6HGM-B-A	Positive	0.0315807	0.968419
6TXB-L-A	Negative	0.741045	0.258955
6XRO-B-A	Negative	0.506924	0.493076
6I85-B-A	Positive	0.460525	0.539475
6TNQ-B-A	Positive	0.000691411	0.999309
6TNQ-D-A	Positive	0.00356291	0.996437
6TNQ-F-E	Positive	0.000660827	0.999339
6ULE-I-A	Positive	0.0969703	0.90303
6U3I-B-A	Positive	0.000274299	0.999726
6ILD-C-A	Positive	0.0638879	0.936112
6B5N-A-H	Negative	0.842162	0.157838
6UCI-C-A	Negative	0.972331	0.0276688
6C24-B-L	Positive	0.160987	0.839013
6V7Q-D-C	Positive	0.297273	0.702727
6Q5Y-E-A	Positive	0.337664	0.662336
6XS7-B-A	Positive	0.0643359	0.935664
6WI3-F-A	Positive	0.00415488	0.995845
6WI3-H-C	Positive	0.000290198	0.99971
6S1C-D-B	Negative	0.517424	0.482576
6BGL-l-A	Positive	0.225646	0.774354
6YOO-B-A	Positive	0.199339	0.800661
6K60-C-A	Positive	0.00749184	0.992508
6O3Y-D-A	Negative	0.982209	0.0177915
6O3Y-E-B	Negative	0.943401	0.0565988
6X1T-M-H	Positive	0.163159	0.836841
6X1T-R-H	Negative	0.717674	0.282326
6X1T-O-C	Negative	0.803487	0.196513
6J29-C-A	Positive	0.026714	0.973286
6BYJ-G-A	Positive	0.412213	0.587787
6BYJ-T-C	Negative	0.631884	0.368116
6BYJ-P-D	Positive	0.196622	0.803378
6X2U-D-C	Positive	0.0481443	0.951856
6TQR-E-A	Negative	0.583741	0.416259
6TQR-F-B	Positive	0.0458545	0.954146
6KAF-l-r	Negative	0.890397	0.109603
6KAF-f-a	Positive	0.0428018	0.957198
6KAF-i-a	Negative	0.561859	0.438141
6KAF-j-a	Positive	0.328674	0.671326
6KAF-t-a	Negative	0.715308	0.284692
6KAF-m-d	Negative	0.775433	0.224567
6KAF-x-d	Positive	0.0189918	0.981008
6KAF-y-z	Positive	0.0806816	0.919318
6KAF-J-A	Positive	0.328674	0.671326
6QMP-A-B	Positive	0.02887	0.97113
6XZI-B-A	Positive	0.00060629	0.999394
6P25-D-B	Positive	0.12545	0.87455
6RQF-O-I	Negative	0.980781	0.0192186
6RQF-P-I	Positive	0.465264	0.534736
6RQF-M-K	Positive	0.361248	0.638752
6RQF-H-A	Positive	0.465264	0.534736
6U39-D-A	Positive	0.219895	0.780105
6U39-F-E	Positive	0.0607632	0.939237
6U39-L-G	Positive	0.0459438	0.954056
6U39-J-I	Positive	0.41018	0.58982
6U39-P-M	Positive	0.106469	0.893531
6U39-R-Q	Positive	0.239592	0.760408
6U39-T-Q	Positive	0.494321	0.505679
6EWC-C-A	Positive	0.258643	0.741357
6F7T-D-A	Positive	0.0258831	0.974117
6WX7-B-A	Positive	0.0353196	0.96468
6MUP-K-E	Positive	0.0627417	0.937258
6RM5-P-A	Positive	0.0752633	0.924737
6CSU-C-B	Negative	0.966283	0.0337173
6CSU-A-B	Negative	0.860883	0.139117
6ACL-B-A	Positive	0.291332	0.708668
6M2K-C-A	Positive	0.369337	0.630663
6H22-C-A	Negative	0.857528	0.142472
6FHI-X-A	Positive	0.163899	0.836101
6BZ9-C-A	Negative	0.984707	0.0152929
6HZD-B-A	Positive	0.00139757	0.998602
6RRK-C-B	Positive	0.421591	0.578409
6X2R-D-C	Positive	0.0127178	0.987282
6FY0-P-H	Positive	0.0874851	0.912515
6UHC-I-A	Negative	0.846553	0.153447
6UHC-H-B	Negative	0.64039	0.35961
6DC8-P-L	Positive	0.0231624	0.976838
6K06-A-C	Positive	0.0996466	0.900353
6WM3-V-U	Negative	0.505736	0.494264
6NUF-C-A	Negative	0.605452	0.394548
6WKR-E-T	Positive	0.0484729	0.951527
6WKR-B-A	Positive	0.340703	0.659297
6C5X-G-A	Negative	0.734394	0.265606
6F1U-c-B	Negative	0.924996	0.075004
6F1U-d-F	Negative	0.967382	0.032618
6GDG-C-B	Negative	0.807382	0.192618
6C90-B-A	Negative	0.509703	0.490297
6NJ8-E-B	Positive	0.0336926	0.966307
6XZJ-B-A	Positive	0.000766748	0.999233
6X2W-D-C	Positive	0.02877	0.97123
6VO5-C-A	Positive	0.00103262	0.998967
6VO5-D-B	Positive	0.000636395	0.999364
6TKH-I-H	Positive	0.298891	0.701109
6X1V-D-L	Positive	0.151456	0.848544
6D84-O-B	Negative	0.754116	0.245884
6GX9-C-A	Positive	0.0192386	0.980761
6BZV-L-G	Positive	0.0726139	0.927386
6HOS-C-A	Positive	0.0239272	0.976073
6E21-B-A	Positive	0.158167	0.841833
6RM8-C-A	Positive	0.0118791	0.988121
6VWK-X-S	Positive	0.271721	0.728279
6VWK-Y-a	Negative	0.722283	0.277717
6Y3Z-B-A	Positive	0.394159	0.605841
6J7W-C-A	Positive	0.00741988	0.99258
6RK9-C-A	Negative	0.965843	0.0341567
6EJ9-B-A	Negative	0.810223	0.189777
6HLV-B-A	Negative	0.928292	0.0717076
6DB5-P-H	Positive	0.0100569	0.989943
6OO2-G-A	Positive	0.478767	0.521233
6OO2-H-A	Negative	0.963764	0.0362359
6OO2-I-A	Negative	0.859849	0.140151
6NQ3-D-B	Positive	0.0601786	0.939821
6G0S-D-A	Positive	0.054234	0.945766
6SH7-B-A	Positive	0.271903	0.728097
6XA7-F-A	Negative	0.736369	0.263631
6XA7-G-C	Negative	0.87711	0.12289
6GP7-D-B	Positive	0.0473042	0.952696
6OCX-J-A	Positive	0.0185016	0.981498
6X5W-B-A	Negative	0.784412	0.215588
6URG-F-A	Negative	0.875131	0.124869
6EJ8-B-A	Positive	0.263062	0.736938
6ONI-D-B	Positive	0.0166771	0.983323
6NSV-C-A	Negative	0.955807	0.0441932
6J4S-B-A	Negative	0.972419	0.027581
6TWB-H-A	Positive	0.0237242	0.976276
6TWB-B-A	Positive	0.00187508	0.998125
6KYU-C-A	Positive	0.0252087	0.974791
6AZ3-m-E	Positive	9.34445e-05	0.999907
6Y1J-P-A	Positive	0.00103387	0.998966
6F4R-B-A	Positive	0.00765556	0.992344
6QTV-B-A	Negative	0.938124	0.0618761
6OCG-B-A	Negative	0.947001	0.0529989
6YNC-B-A	Positive	0.140334	0.859666
6SIF-G-A	Positive	0.0111382	0.988862
6AZK-E-A	Positive	0.0530727	0.946927
6BIY-C-A	Positive	0.328605	0.671395
6WAS-J-H	Positive	0.155304	0.844696
6QNS-S-A	Positive	0.434253	0.565747
6I2H-D-A	Negative	0.642915	0.357085
6CX1-D-A	Positive	0.243716	0.756284
6R2G-C-A	Negative	0.961229	0.0387713
6B4E-C-B	Negative	0.94072	0.05928
6B4E-D-B	Negative	0.950429	0.0495707
6SS8-C-A	Positive	0.0761151	0.923885
6EOP-D-A	Positive	0.444112	0.555888
6XWT-E-A	Negative	0.925834	0.0741656
6XWT-F-A	Negative	0.918635	0.0813653
6NBY-Q-D	Positive	0.120229	0.879771
6B9M-D-A	Positive	0.00852644	0.991474
6P7E-U-A	Negative	0.662638	0.337362
6P7E-W-C	Negative	0.778162	0.221838
6XZH-B-A	Positive	0.000766748	0.999233
6EFK-C-A	Negative	0.892105	0.107895
6TUT-I-A	Negative	0.581113	0.418887
6DZ6-B-A	Positive	0.155691	0.844309
6Z2P-C-A	Positive	0.00828311	0.991717
6MSU-C-A	Positive	0.00671155	0.993288
6OV7-C-A	Positive	0.0714457	0.928554
6OV7-D-B	Positive	0.218274	0.781726
6MJC-B-A	Negative	0.912167	0.0878325
6OCF-B-A	Positive	0.409264	0.590736
6V55-Q-A	Positive	0.0142785	0.985721
6OCH-B-A	Negative	0.970971	0.0290291
6OCH-D-C	Negative	0.964715	0.0352846
6PZA-D-C	Negative	0.912945	0.0870546
6CT7-S-L	Positive	0.0350777	0.964922
6H1E-S-A	Positive	0.0168327	0.983167
6PIT-D-B	Positive	0.0020164	0.997984
6WHQ-F-A	Positive	0.188435	0.811565
6WHQ-H-C	Positive	0.0214589	0.978541
6EU1-I-A	Positive	0.398126	0.601874
6ND1-D-B	Positive	0.128013	0.871987
6B7G-B-A	Negative	0.515279	0.484721
6M90-C-A	Positive	0.0138847	0.986115
6ASR-B-A	Negative	0.988205	0.0117953
6J9H-A-B	Negative	0.948204	0.0517959
6J9H-C-D	Negative	0.980225	0.0197753
6JJZ-C-A	Negative	0.634653	0.365347
6OI4-E-A	Negative	0.620083	0.379917
6OI4-F-B	Positive	0.278315	0.721685
6CPN-C-A	Negative	0.863617	0.136383
6MTU-C-A	Negative	0.645753	0.354247
6PWC-B-R	Positive	0.0793019	0.920698
6VRO-B-A	Positive	0.311674	0.688326
6R7W-B-A	Positive	0.00364364	0.996356
6AE8-C-A	Positive	0.016095	0.983905
6AE8-D-B	Positive	0.0141567	0.985843
6G3K-C-A	Positive	0.0778202	0.92218
6BVH-I-A	Positive	0.00913424	0.990866
6J4Q-B-A	Negative	0.721134	0.278866
6J4Q-K-C	Negative	0.535445	0.464555
6J4Q-G-F	Negative	0.905545	0.094455
6ZON-J-d	Negative	0.94813	0.0518705
6MNL-A-B	Positive	0.486348	0.513652
6J9L-E-A	Positive	0.254396	0.745604
6YAC-J-A	Negative	0.846952	0.153048
6JJW-U-A	Negative	0.967382	0.0326179
6LEA-E-A	Positive	0.172231	0.827769
6L7P-Q-D	Positive	0.144626	0.855374
6L9M-C-A	Positive	0.114649	0.885351
6XRP-B-A	Positive	0.0115162	0.988484
6MA3-B-A	Negative	0.948575	0.0514246
6DO3-C-A	Positive	0.0158534	0.984147
6VJT-P-H	Positive	0.388119	0.611881
6A3C-D-C	Negative	0.651672	0.348328
6BAH-D-A	Positive	0.119354	0.880646
6QLD-C-a	Positive	0.0517647	0.948235
6ZFM-C-A	Positive	0.0961077	0.903892
6ZFM-F-A	Positive	0.0961077	0.903892
6BZD-G-A	Positive	0.117581	0.882419
6BHH-B-A	Positive	0.00770599	0.992294
6RPR-G-D	Negative	0.921959	0.0780413
6T7Z-B-A	Positive	0.331794	0.668206
6XNJ-B-A	Positive	0.00630652	0.993693
6RXP-D-A	Positive	0.0144987	0.985501
6J67-C-A	Negative	0.885949	0.114051
6KBN-B-A	Positive	0.11819	0.88181
6T0B-l-a	Positive	0.0177482	0.982252
6XS8-B-A	Positive	0.0201146	0.979885
6WXK-E-A	Positive	0.00189043	0.99811
6NCA-U-A	Positive	0.42469	0.57531
6XWV-E-A	Positive	0.00646957	0.99353
6JCU-B-A	Positive	0.336445	0.663555
6OX3-Y-A	Negative	0.900039	0.0999611
6OX3-Z-B	Negative	0.900039	0.0999611
6M24-C-A	Negative	0.524614	0.475386
6WBV-B-A	Positive	3.09677e-05	0.999969
6J69-B-A	Positive	0.34913	0.65087
6BNT-B-A	Positive	0.0550939	0.944906
6SSA-C-A	Positive	0.0372623	0.962738
6NF3-A-B	Positive	0.0502345	0.949765
6AZM-E-A	Positive	0.346856	0.653144
6BQT-C-A	Positive	0.497429	0.502571
6BQT-I-G	Positive	0.0994372	0.900563
6BQT-L-J	Positive	0.0994372	0.900563
6HGD-B-A	Positive	0.122012	0.877988
6ZN3-C-A	Positive	0.0208675	0.979133
6LYC-B-A	Positive	0.465239	0.534761
6YCR-B-A	Positive	0.00319323	0.996807
6JY3-L-A	Positive	0.0529818	0.947018
6IAK-G-C	Positive	0.0801584	0.919842
6U8H-C-A	Positive	0.00813916	0.991861
6HGG-B-A	Positive	0.0869106	0.913089
6A2B-C-A	Positive	0.0156524	0.984348
6ATF-C-A	Positive	0.293627	0.706373
6ULT-K-A	Positive	0.00110753	0.998892
6ULT-J-C	Positive	0.00136453	0.998635
6ULT-I-H	Positive	0.00298111	0.997019
6UAB-B-A	Positive	0.0118011	0.988199
6V63-Y-A	Negative	0.935157	0.0648432
6JH9-B-A	Negative	0.975748	0.0242524
6SKI-A-F	Positive	0.114288	0.885712
6MYE-B-A	Negative	0.840009	0.159991
6IBO-C-A	Positive	0.135319	0.864681
6PJR-B-A	Positive	0.000287877	0.999712
6HA8-4-G	Positive	0.00510255	0.994897
6EF3-n-1	Positive	0.068305	0.931695
6EF3-s-A	Positive	0.0414816	0.958518
6DCA-P-L	Positive	0.046332	0.953668
6DCA-R-N	Positive	0.046332	0.953668
6E4Z-P-H	Negative	0.802452	0.197548
6D0Y-B-C	Negative	0.964633	0.0353669
6UK2-C-A	Positive	0.153705	0.846295
6A5X-B-A	Positive	0.153708	0.846292
6YEF-5-7	Positive	0.0570848	0.942915
6H7B-B-A	Negative	0.954868	0.0451321
6GY2-C-A	Negative	0.611989	0.388011
6ZZY-J-A	Negative	0.628688	0.371312
6IN9-D-A	Negative	0.689818	0.310182
6IN9-C-B	Negative	0.814089	0.185911
6DU3-C-A	Positive	0.339555	0.660445
6DU3-D-A	Positive	0.415838	0.584162
6UZM-C-A	Positive	0.156516	0.843484
6YIA-P-A	Positive	0.0684189	0.931581
6YLI-B-A	Negative	0.850078	0.149922
6YLI-D-A	Negative	0.921004	0.0789956
6VJZ-D-C	Negative	0.75867	0.24133
6IGZ-J-A	Negative	0.699287	0.300713
6IGZ-M-B	Negative	0.50273	0.49727
6BX3-M-K	Negative	0.9792	0.0207997
6BX3-N-K	Negative	0.974719	0.0252807
6IW8-A-C	Positive	0.0489171	0.951083
6MRY-E-A	Positive	0.000324539	0.999675
6MRY-G-A	Positive	0.000298838	0.999701
6MRY-C-B	Positive	0.000324539	0.999675
6EAX-I-A	Positive	0.0198574	0.980143
6BUT-B-A	Positive	0.00532332	0.994677
6GXC-B-A	Negative	0.634385	0.365615
6UUS-P-R	Positive	0.060236	0.939764
6OBD-E-A	Negative	0.804617	0.195383
6BHI-B-A	Positive	0.00770599	0.992294
6RFK-I-S	Negative	0.713014	0.286986
6H9U-B-A	Positive	0.0694947	0.930505
6F4Q-B-A	Positive	0.00131685	0.998683
6SL5-J-A	Positive	0.440008	0.559992
6PTB-C-A	Positive	0.00468615	0.995314
6PTB-F-D	Positive	0.00468615	0.995314
6MDO-H-A	Negative	0.925456	0.074544
6UUQ-B-A	Positive	0.0563348	0.943665
6KHZ-D-A	Positive	0.00145116	0.998549
6ZN2-B-A	Positive	0.394458	0.605542
6SLG-B-A	Positive	0.358686	0.641314
6F09-A-P	Negative	0.950461	0.0495387
6F09-B-Q	Positive	0.473645	0.526355
6F09-C-R	Positive	0.0883028	0.911697
6F09-D-S	Negative	0.538608	0.461392
6G8J-P-A	Positive	0.251423	0.748577
6GKF-J-B	Negative	0.847483	0.152517
6GKF-L-D	Positive	0.387796	0.612204
6Y58-P-A	Negative	0.578537	0.421463
6YKR-F-A	Positive	0.130834	0.869166
6YKR-G-A	Positive	0.188153	0.811847
6F38-c-B	Negative	0.930166	0.0698337
6NBI-P-R	Negative	0.641324	0.358676
6WN4-C-A	Negative	0.811421	0.188579
6C1Q-L-B	Positive	0.0420517	0.957948
6TED-L-B	Positive	0.0215593	0.978441
6TED-X-H	Positive	0.176575	0.823425
6IIW-B-A	Positive	0.405279	0.594721
6I0Y-7-E	Positive	0.0120057	0.987994
6K3F-U-A	Positive	0.3977	0.6023
6K3F-Y-A	Positive	0.0162302	0.98377
6K3F-W-C	Positive	0.00125055	0.998749
6TDZ-h-M	Negative	0.992117	0.00788317
6TDZ-c-M	Positive	0.148296	0.851704
6BPI-B-A	Positive	0.226601	0.773399
6HFA-C-A	Negative	0.939311	0.0606893
6FI5-B-A	Positive	0.407462	0.592538
6BLH-G-L	Positive	0.000135502	0.999864
6EVO-C-A	Positive	0.0314029	0.968597
6HK4-N-A	Positive	0.00116278	0.998837
6PW6-G-A	Positive	0.0173202	0.98268
6SQK-E-A	Positive	0.000257574	0.999742
6PSE-C-A	Positive	0.0864731	0.913527
6IY0-I-G	Negative	0.642921	0.357079
6IY0-J-H	Positive	0.448154	0.551846
6PWV-E-D	Negative	0.925018	0.0749817
6N3F-D-A	Positive	0.055262	0.944738
6L7I-H-G	Negative	0.661734	0.338266
6X8Q-P-H	Negative	0.886879	0.113121
6T7V-I-A	Negative	0.95431	0.04569
6B5L-A-H	Negative	0.663887	0.336113
6XVD-P-U	Positive	0.0440902	0.95591
6PB1-U-P	Negative	0.962492	0.0375077
6PBH-C-A	Negative	0.503383	0.496617
6H6A-E-D	Positive	0.00369393	0.996306
6H6A-H-G	Positive	0.00865261	0.991347
6ZQS-B-A	Negative	0.857125	0.142875
6J4P-B-A	Positive	0.341205	0.658795
6QIU-P-A	Positive	0.131541	0.868459
6V0O-D-A	Negative	0.878346	0.121654
6PLH-C-A	Negative	0.8726	0.1274
6BI7-B-A	Positive	0.00411505	0.995885
6BI7-D-A	Positive	0.0201459	0.979854
6BI7-H-C	Positive	0.0473176	0.952682
6BI7-F-E	Positive	0.0120376	0.987962
6DC9-P-H	Positive	0.0134324	0.986568
6Y3M-P-A	Positive	0.434065	0.565935
6GH4-P-A	Positive	0.351081	0.648919
6ZBR-P-V	Positive	0.0926617	0.907338
6OS9-L-R	Positive	0.00600084	0.993999
6X8S-P-H	Negative	0.536276	0.463724
6F8G-E-A	Positive	0.338271	0.661729
6F8G-F-A	Negative	0.828881	0.171119
6F8G-H-B	Negative	0.679566	0.320434
6AXJ-G-A	Positive	0.162083	0.837917
6B55-B-G	Positive	0.00044119	0.999559
6B55-H-G	Positive	0.00044119	0.999559
6B55-K-I	Positive	0.00044119	0.999559
6O3L-E-B	Positive	0.00112728	0.998873
6XZZ-B-A	Negative	0.724506	0.275494
6WZZ-B-A	Positive	0.0625859	0.937414
6RHC-P-A	Negative	0.841673	0.158327
6Z3F-P-V	Positive	0.0987238	0.901276
6Z1R-h-B	Negative	0.525746	0.474254
6B4F-C-B	Negative	0.775797	0.224203
6WLY-B-A	Positive	0.0417644	0.958236
6AAW-B-A	Negative	0.96679	0.0332096
6NT9-C-A	Negative	0.965874	0.0341262
6G90-J-E	Negative	0.806886	0.193114
6V00-C-A	Positive	0.156466	0.843534
6UM2-B-A	Positive	0.113557	0.886443
6M6H-P-G	Positive	0.183885	0.816115
6MF6-C-A	Positive	0.237337	0.762663
6MF6-D-B	Negative	0.841929	0.158071
6TMS-Q-D	Positive	0.147157	0.852843
6KYW-C-A	Positive	0.000315468	0.999685
6EW9-P-A	Positive	0.459559	0.540441
6TS3-C-A	Positive	0.263945	0.736055
6TS3-D-A	Positive	0.0137163	0.986284
6QK8-E-A	Positive	0.00463921	0.995361
6QK8-G-A	Positive	0.0102925	0.989708
6DQT-B-A	Positive	0.266271	0.733729
6IXP-B-A	Positive	0.137462	0.862538
6IXP-C-A	Negative	0.814716	0.185284
6D01-I-A	Positive	0.184182	0.815818
6D01-J-E	Positive	0.184182	0.815818
6BSC-B-A	Negative	0.971322	0.0286781
6OVF-C-A	Negative	0.629157	0.370843
6FC3-B-A	Negative	0.830415	0.169585
6UOE-P-H	Negative	0.513127	0.486873
6JWM-B-A	Positive	0.301411	0.698589
6YN0-B-A	Positive	0.115482	0.884518
6CGV-W-A	Positive	0.451822	0.548178
6PFY-f-Y	Positive	0.296432	0.703568
6QJ4-B-A	Negative	0.963181	0.0368187
6LPB-P-R	Negative	0.522798	0.477202
6BJC-T-A	Negative	0.529922	0.470078
6WHO-H-C	Positive	0.188435	0.811565
6UA3-B-A	Positive	0.037809	0.962191
6YPC-H-K	Negative	0.984538	0.0154616
6L63-B-A	Positive	0.399801	0.600199
6BIN-C-A	Positive	0.283419	0.716581
6S8R-B-A	Positive	0.152953	0.847047
6MM5-C-E	Positive	0.409072	0.590928
6O20-E-F	Positive	0.0618456	0.938154
6CDC-C-A	Positive	0.113568	0.886432
6RYF-G-A	Positive	0.365314	0.634686
6JMT-L-A	Negative	0.940529	0.0594712
6PB0-U-R	Negative	0.972892	0.0271076
6CV2-D-A	Positive	0.120595	0.879405
6G0P-B-A	Positive	0.0757057	0.924294
6HWH-M-A	Positive	0.043978	0.956022
6HWH-K-B	Positive	0.043978	0.956022
6DZK-g-M	Positive	0.00143242	0.998568
6TQS-G-A	Negative	0.927144	0.0728558
6TQS-H-B	Negative	0.950324	0.0496765
6ACE-B-A	Positive	0.488057	0.511943
6KDR-D-A	Positive	0.000715069	0.999285
6KDR-E-A	Positive	0.00213735	0.997863
6F1Z-o-s	Negative	0.954109	0.0458911
6F1Z-p-s	Negative	0.780066	0.219934
6FTP-B-A	Positive	0.115465	0.884535
6PZV-D-A	Positive	0.00363146	0.996369
6PZV-H-E	Positive	0.0901703	0.90983
6LP3-C-A	Positive	0.313681	0.686319
6CZO-B-A	Positive	0.0596978	0.940302
6CZO-D-A	Positive	0.417701	0.582299
6UYS-B-A	Positive	0.369214	0.630786
6GRG-A-1	Negative	0.809083	0.190917
6WBA-C-A	Positive	0.0292317	0.970768
6WBA-B-A	Positive	0.311645	0.688355
6D94-B-A	Positive	0.00754316	0.992457
6E3I-B-A	Negative	0.883053	0.116947
6E8R-C-A	Positive	0.0504987	0.949501
6E8R-D-B	Positive	0.0559834	0.944017
6ESB-7-6	Negative	0.566012	0.433988
6VME-D-B	Positive	0.209199	0.790801
6VME-P-F	Positive	0.0799896	0.92001
6VME-Q-G	Positive	0.398615	0.601385
6VME-R-H	Positive	0.316853	0.683147
6VME-A-I	Positive	0.137127	0.862873
6VME-T-J	Positive	0.152732	0.847268
6WBB-C-I	Positive	0.00105676	0.998943
6WBB-B-I	Positive	0.0826238	0.917376
6D29-C-A	Positive	0.0415588	0.958441
6WHN-F-A	Positive	0.000294274	0.999706
6IXR-B-A	Positive	0.0102644	0.989736
6RU8-E-A	Positive	0.160255	0.839745
6RU8-F-A	Positive	0.196487	0.803513
6RU8-G-C	Positive	0.178393	0.821607
6TDB-F-A	Positive	0.000181584	0.999818
6TDB-J-C	Positive	0.00556689	0.994433
6TDB-K-D	Positive	0.00480508	0.995195
6QTM-F-A	Negative	0.995502	0.00449831
6Z5S-A-W	Positive	0.0424336	0.957566
6Z5S-6-M	Positive	0.412139	0.587861
6Z5S-4-M	Negative	0.68822	0.31178
6WZX-C-A	Positive	0.00283445	0.997166
6WZX-D-B	Positive	0.00148381	0.998516
6J5A-d-f	Positive	0.309079	0.690921
6J5A-8-a	Positive	0.300081	0.699919
6Z9V-C-A	Positive	0.129478	0.870522
6Z9V-F-D	Positive	0.129478	0.870522
6MNS-P-H	Positive	0.035818	0.964182
6MNS-Q-A	Positive	0.00627804	0.993722
6KC4-B-A	Positive	0.23191	0.76809
6KC4-D-C	Positive	0.122483	0.877517
6M91-C-A	Positive	0.102991	0.897009
6FIK-C-A	Negative	0.94914	0.0508603
6IC9-C-A	Positive	0.188608	0.811392
6IC9-D-B	Positive	0.294157	0.705843
6P5L-D-A	Positive	0.000981654	0.999018
6TYI-Y-A	Negative	0.641884	0.358116
6TYI-Z-B	Negative	0.751071	0.248929
6BCR-C-A	Positive	0.170941	0.829059
6BCR-G-E	Positive	0.184935	0.815065
6PAV-D-B	Positive	0.00767067	0.992329
6PAV-C-A	Positive	0.00166447	0.998336
6QU1-D-A	Negative	0.918596	0.0814038
6RHE-D-A	Positive	0.0643958	0.935604
6JH8-B-A	Negative	0.937915	0.0620849
6HZB-B-A	Positive	0.00152943	0.998471
6BJ5-F-B	Positive	0.264368	0.735632
6BJ5-H-B	Negative	0.58527	0.41473
6BJ5-G-A	Positive	0.376734	0.623266
6IFG-E-A	Positive	0.130201	0.869799
6TYZ-B-A	Positive	0.137818	0.862182
6RMA-B-A	Positive	0.000687226	0.999313
6Q6H-S-L	Negative	0.532195	0.467805
6DQU-B-A	Positive	0.16112	0.83888
6D40-C-A	Positive	0.00767762	0.992322
6ULF-P-A	Negative	0.896324	0.103676
6WA9-S-A	Positive	0.24164	0.75836
6TWC-C-A	Positive	0.00934997	0.99065
6QNO-G-B	Negative	0.824998	0.175002
6VBO-C-L	Positive	0.137424	0.862576
6C48-F-A	Positive	0.473564	0.526436
6DQR-B-A	Positive	0.0104525	0.989548
6I4X-D-A	Negative	0.992117	0.00788297
6ADO-A-C	Negative	0.583421	0.416579
6ADO-B-C	Negative	0.583421	0.416579
6ADO-D-C	Negative	0.930296	0.0697037
6R2L-C-A	Positive	0.420928	0.579072
6UUD-A-H	Positive	0.000743907	0.999256
6Y9O-C-A	Positive	0.457019	0.542981
6YBB-C-A	Negative	0.506127	0.493873
6LU1-F-A	Positive	0.161471	0.838529
6LU1-J-A	Negative	0.552951	0.447049
6LU1-M-B	Negative	0.838474	0.161526
6EU0-I-A	Positive	0.418533	0.581467
6Y40-P-A	Positive	0.0115846	0.988415
6XYX-D-A	Positive	0.00992745	0.990073
6N3Q-B-A	Positive	0.105573	0.894427
6WX9-B-A	Positive	0.00453717	0.995463
6FHU-F-A	Positive	0.0182075	0.981792
6OS2-B-A	Positive	0.00948755	0.990512
6YAN-l-Q	Positive	0.0229161	0.977084
6M94-C-A	Positive	0.226863	0.773137
6AK2-D-A	Negative	0.620581	0.379419
6FRK-t-x	Positive	0.365787	0.634213
6F9I-X-A	Negative	0.95337	0.0466302
6F9I-C-B	Negative	0.997732	0.00226841
6U0O-D-B	Positive	0.02073	0.97927
6A5E-E-A	Positive	0.250776	0.749224
6TGX-C-A	Positive	0.224248	0.775752
6BD2-C-A	Positive	0.374384	0.625616
6UML-E-C	Positive	0.000126796	0.999873
6ULV-E-A	Positive	0.000765086	0.999235
6SNE-O-A	Positive	0.00297606	0.997024
6SNE-N-E	Positive	0.00382663	0.996173
6SNE-P-E	Positive	0.00484804	0.995152
6SNE-J-C	Positive	0.109651	0.890349
6DUB-E-A	Positive	0.000502214	0.999498
6DUB-F-B	Positive	0.000502214	0.999498
6KAC-J-A	Positive	0.0115182	0.988482
6KAC-L-A	Negative	0.943543	0.0564567
6KAC-U-B	Negative	0.936829	0.0631711
6KAC-V-C	Positive	0.0628348	0.937165
6KAC-4-C	Positive	0.0803371	0.919663
6KAC-X-D	Positive	0.0189918	0.981008
6KAC-1-E	Positive	0.00709639	0.992904
6MPP-B-A	Negative	0.771158	0.228842
6X8P-P-H	Positive	0.195536	0.804464
6XIB-I-B	Positive	0.0451693	0.954831
6OSW-B-A	Negative	0.971965	0.0280346
6HUM-P-D	Positive	0.383173	0.616827
6HUM-Q-D	Negative	0.683706	0.316294
6NSX-B-A	Positive	0.00303471	0.996965
6P07-G-A	Positive	0.0596214	0.940379
6BFC-a-A	Positive	0.0749691	0.925031
6BFC-b-B	Positive	0.0150234	0.984977
6IWW-B-A	Positive	0.038699	0.961301
6MSL-C-A	Positive	0.0218689	0.978131
6P8B-L-A	Positive	0.438556	0.561444
6QTU-B-A	Negative	0.598178	0.401822
6YA7-C-A	Negative	0.940788	0.0592117
6WH8-C-B	Positive	0.00193642	0.998064
6TQP-B-A	Negative	0.880355	0.119645
6HGF-B-A	Positive	0.0378745	0.962126
6UGD-G-A	Positive	0.0596077	0.940392
6X6M-B-A	Negative	0.866567	0.133433
6EX9-B-A	Negative	0.623097	0.376903
6Q97-6-D	Positive	0.0367485	0.963252
6Q97-f-F	Positive	0.000513503	0.999486
6NJG-B-C	Positive	0.450118	0.549882
6IUA-B-A	Positive	0.0339546	0.966045
6HGT-E-A	Positive	0.403876	0.596124
6HGT-F-B	Positive	0.358164	0.641836
6EDS-C-A	Positive	0.156647	0.843353
6BRA-S-A	Negative	0.985403	0.0145972
6TRA-J-A	Positive	0.387895	0.612105
6Y4P-B-A	Positive	0.00362055	0.996379
6YLU-B-A	Positive	0.487239	0.512761
6CV1-D-A	Negative	0.683274	0.316726
6CXG-A-L	Positive	0.0960408	0.903959
6CXG-C-H	Positive	0.167275	0.832725
6XAR-C-A	Negative	0.967832	0.0321685
6VPX-G-H	Positive	0.00565042	0.99435
6WPW-P-R	Negative	0.953494	0.0465056
6AF0-C-A	Positive	0.0388644	0.961136
6M64-B-A	Positive	0.346295	0.653705
6M64-D-C	Positive	0.43411	0.56589
6M64-F-E	Negative	0.989962	0.0100381
6C16-C-A	Positive	0.0111861	0.988814
6C16-F-B	Positive	0.00732367	0.992676
6HLD-B-A	Positive	0.00243657	0.997563
6RBE-O-B	Positive	0.00850572	0.991494
6UZV-J-A	Negative	0.864616	0.135384
6UZV-M-B	Negative	0.822112	0.177888
6SNC-C-A	Positive	0.0352984	0.964702
6IIJ-D-A	Positive	0.242026	0.757974
6WSL-D-C	Negative	0.9868	0.0132001
6IEU-C-A	Positive	0.0591743	0.940826
6KZJ-B-A	Positive	0.00591003	0.99409
6KZJ-C-A	Positive	0.0174135	0.982587
6S8X-D-A	Negative	0.822008	0.177992
6S8X-E-B	Negative	0.752443	0.247557
6Q68-B-A	Negative	0.997199	0.00280124
6QZY-B-A	Positive	0.0367185	0.963282
6LDW-C-L	Positive	0.023042	0.976958
6CBZ-C-A	Positive	0.0529213	0.947079
6EJE-B-A	Negative	0.980039	0.0199611
6N4I-E-A	Positive	0.00485061	0.995149
6ZXR-B-A	Negative	0.779127	0.220873
6W6W-B-A	Negative	0.630566	0.369434
6N9T-E-A	Positive	0.311546	0.688454
6D07-C-A	Positive	0.100842	0.899158
6DEI-C-A	Negative	0.748029	0.251971
6DEI-D-A	Positive	0.0375255	0.962475
6D2R-C-A	Positive	0.241333	0.758667
6Z9W-C-A	Positive	0.127032	0.872968
6HIL-L-A	Negative	0.706847	0.293153
6V4F-B-A	Negative	0.604295	0.395705
6Z7Y-H-A	Negative	0.557395	0.442605
6Z7Y-F-C	Negative	0.522287	0.477713
6C0H-C-A	Positive	0.0110766	0.988923
6X1U-D-H	Positive	0.11024	0.88976
6TBT-C-A	Positive	0.0994925	0.900507
6F3A-c-B	Negative	0.984005	0.015995
6F3A-j-f	Positive	0.0386801	0.96132
6FHS-H-C	Positive	0.387887	0.612113
6WJN-e-V	Negative	0.845037	0.154963
6AM5-C-A	Positive	0.0747422	0.925258
6ZCD-P-V	Positive	0.228398	0.771602
6O2A-F-A	Negative	0.887966	0.112034
6O2A-G-C	Negative	0.887966	0.112034
6OLF-y-C	Positive	0.16633	0.83367
6XWD-P-A	Negative	0.524978	0.475022
6K68-E-A	Negative	0.981628	0.0183722
6ILF-C-A	Positive	0.265719	0.734281
6S6Q-C-A	Positive	0.0138795	0.986121
6O8B-D-A	Negative	0.632094	0.367906
6O8B-E-A	Negative	0.814938	0.185062
6A5Q-E-B	Negative	0.967892	0.0321078
6A5Q-F-A	Negative	0.84517	0.15483
6T9J-B-I	Positive	0.373543	0.626457
6Y4O-B-A	Positive	0.00399924	0.996001
6BYK-K-A	Positive	0.150668	0.849332
6BYK-G-B	Positive	0.289779	0.710221
6BYK-R-C	Positive	0.332963	0.667037
6O3X-D-A	Negative	0.873302	0.126698
6FJ3-B-A	Positive	0.385309	0.614691
6FO2-V-N	Negative	0.510352	0.489648
6S9K-B-A	Positive	0.0257695	0.97423
6EF0-s-I	Positive	0.0709913	0.929009
6O4Z-C-A	Positive	0.163624	0.836376
6IXQ-B-A	Positive	0.0222199	0.97778
6M71-D-A	Negative	0.588019	0.411981
6NID-D-A	Positive	0.149184	0.850816
6NID-E-A	Negative	0.659597	0.340403
6IEX-C-A	Negative	0.647281	0.352719
6VTW-A-L	Positive	0.00519399	0.994806
6V6A-B-A	Negative	0.524397	0.475603
6V6A-D-A	Negative	0.524397	0.475603
6RD2-C-B	Negative	0.774489	0.225511
6QTC-B-A	Positive	0.0983949	0.901605
6Z2Q-D-A	Positive	0.143509	0.856491
6SOF-H-A	Positive	0.364811	0.635189
6JJY-U-A	Positive	0.0832573	0.916743
6FMQ-D-A	Negative	0.968107	0.0318927
6O21-B-A	Positive	0.00370735	0.996293
6E4Y-P-H	Negative	0.921987	0.0780135
6D11-E-A	Positive	0.484186	0.515814
6SAT-P-A	Positive	0.235636	0.764364
6L7C-S-A	Negative	0.502574	0.497426
6PJ4-B-A	Positive	0.0106438	0.989356
6O2B-F-A	Negative	0.756771	0.243229
6XLI-E-A	Negative	0.569936	0.430064
6RXM-K-C	Positive	0.000383232	0.999617
6XY6-B-A	Negative	0.991535	0.00846542
6XY6-F-A	Negative	0.992854	0.00714555
6XY6-D-C	Negative	0.921156	0.0788437
6XY6-H-G	Negative	0.98327	0.0167296
6XY6-N-M	Negative	0.972376	0.0276241
6XY6-P-O	Negative	0.985995	0.0140053
6VEP-B-E	Positive	0.4641	0.5359
6VEP-F-E	Positive	0.115151	0.884849
6VEP-N-Q	Negative	0.619303	0.380697
6NBH-P-R	Positive	0.427087	0.572913
6SK7-D-A	Positive	0.00603478	0.993965
6JP3-C-A	Negative	0.533545	0.466455
6JP3-D-A	Positive	0.0909101	0.90909
6FGP-A-B	Negative	0.883104	0.116896
6S22-F-A	Positive	0.0853925	0.914608
6WLX-B-A	Positive	0.00732958	0.99267
6TM5-S-I	Positive	0.00574426	0.994256
6TM5-Q-P	Positive	0.00177101	0.998229
6X5G-B-A	Positive	0.0713615	0.928639
6LNM-B-A	Positive	0.213457	0.786543
6LNM-F-E	Positive	0.408933	0.591067
6V0N-C-A	Negative	0.710628	0.289372
7ZAI-Y-3	Positive	2.45333e-05	0.999975
7JJC-G-C	Positive	0.00340837	0.996592
7ZXY-F-A	Positive	0.348477	0.651523
7ZXY-G-A	Positive	0.113066	0.886934
7ZXY-H-A	Positive	0.209885	0.790115
7ZXY-E-C	Positive	0.208914	0.791086
7ZXY-N-I	Positive	0.277107	0.722893
7ZXY-M-K	Positive	0.208914	0.791086
7NMF-C-A	Positive	0.190424	0.809576
7BGI-J-A	Positive	0.394802	0.605198
7VAB-P-R	Positive	0.44246	0.55754
7YKG-B-A	Positive	0.0371765	0.962823
7JFM-C-A	Negative	0.881264	0.118736
7JFM-D-A	Positive	0.434583	0.565417
7V2K-K-A	Positive	0.304017	0.695983
7V2K-f-g	Negative	0.875809	0.124191
7M55-A-H	Positive	0.0506099	0.94939
7ORH-P-A	Positive	0.00586147	0.994139
7VYA-W-B	Negative	0.531521	0.468479
7FDL-B-A	Negative	0.612663	0.387337
7FDL-J-A	Positive	0.417316	0.582684
7FDL-D-C	Positive	0.458651	0.541349
7FDL-F-C	Negative	0.69012	0.30988
7FDL-L-C	Positive	0.0500873	0.949913
7RD1-U-A	Positive	0.0183902	0.98161
7RD1-V-A	Positive	0.164815	0.835185
7RD1-W-A	Positive	0.0192198	0.98078
7RD1-1-D	Positive	0.146558	0.853442
7RD1-2-D	Positive	0.0028696	0.99713
7RD1-3-D	Positive	0.013457	0.986543
7RD1-Z-H	Negative	0.877721	0.122279
7RD1-4-J	Positive	0.0122275	0.987773
7RD1-8-J	Positive	0.0309167	0.969083
7BA3-B-A	Positive	0.362627	0.637373
7CFP-B-A	Negative	0.603674	0.396326
7QP4-P-A	Positive	0.214641	0.785359
7QOX-C-A	Negative	0.86031	0.13969
7QOX-D-B	Negative	0.759596	0.240404
7W0A-B-A	Positive	0.0453053	0.954695
7EZW-B-A	Negative	0.507753	0.492247
7RZV-D-A	Negative	0.995125	0.00487481
7LDG-B-A	Negative	0.504494	0.495506
7LDG-D-A	Positive	0.135509	0.864491
7F4W-E-A	Positive	0.0132051	0.986795
7TAY-K-A	Positive	0.219545	0.780455
7WTS-z-W	Positive	0.0269919	0.973008
7WTS-e-J	Positive	0.0110354	0.988965
7SXH-B-A	Negative	0.912274	0.0877259
7JQ8-B-A	Positive	0.136507	0.863493
7MD2-H-G	Negative	0.957228	0.0427721
7THX-4-1	Positive	0.450901	0.549099
7N5C-C-A	Positive	0.00437495	0.995625
7XJL-A-F	Positive	0.0751361	0.924864
7EID-C-A	Positive	0.0242407	0.975759
7GVV-D-A	Positive	0.22623	0.77377
7VHC-G-A	Positive	0.013812	0.986188
7OJ9-B-A	Positive	0.114866	0.885134
7WYW-G-A	Positive	0.202739	0.797261
7UO8-B-A	Positive	0.00308113	0.996919
7MT7-1-3	Positive	0.000578482	0.999422
7MT7-4-G	Positive	0.00124781	0.998752
7UIW-S-A	Negative	0.686692	0.313308
7YAE-D-E	Positive	0.0162792	0.983721
7E9L-C-A	Positive	0.290175	0.709825
7LC9-F-A	Positive	0.0162496	0.98375
7LC9-L-E	Positive	0.0106419	0.989358
7K2P-P-A	Negative	0.858569	0.141431
7Q98-C-A	Positive	0.469162	0.530838
7D0S-B-A	Negative	0.933279	0.0667206
7ELL-A-a	Positive	0.0740884	0.925912
7ELL-I-g	Positive	0.203264	0.796736
7LRC-A-B	Negative	0.905357	0.0946431
7Z8O-B-A	Positive	0.0312627	0.968737
7YCA-J-2	Negative	0.680581	0.319419
7YCA-I-6	Positive	0.40353	0.59647
7YCA-M-6	Negative	0.900254	0.0997461
7K95-B-A	Negative	0.604571	0.395429
7K95-C-A	Negative	0.509662	0.490338
7OBY-B-A	Positive	0.212235	0.787765
7UIF-M-A	Positive	0.202541	0.797459
7UIF-L-B	Positive	0.00109423	0.998906
7YKH-B-A	Negative	0.853716	0.146284
7YKH-D-A	Positive	0.300753	0.699247
7YCX-h-f	Positive	0.0922131	0.907787
7V31-K-A	Positive	0.242407	0.757593
7V31-f-g	Positive	0.41428	0.58572
7D3Y-E-A	Negative	0.795767	0.204233
7M8T-C-A	Positive	0.0318226	0.968177
7H1O-A-B	Negative	0.971047	0.0289528
7Y7H-h-w	Positive	0.00863991	0.99136
7SIF-C-A	Positive	0.257402	0.742598
7XNO-A-Y	Positive	0.00328969	0.99671
7KGT-C-A	Positive	0.0105656	0.989434
7BWN-L-F	Negative	0.761339	0.238661
7BWN-B-F	Negative	0.97093	0.0290697
7BWN-D-A	Negative	0.73346	0.26654
7BWN-N-C	Positive	0.391879	0.608121
7BWN-G-E	Negative	0.558021	0.441979
7BWN-P-H	Negative	0.819942	0.180058
7M6T-D-A	Positive	0.0267124	0.973288
7Y7I-K-A	Positive	0.343717	0.656283
7VVL-P-R	Negative	0.824501	0.175499
7SMC-B-A	Positive	0.332373	0.667627
7SMC-D-C	Negative	0.613875	0.386125
7FJE-a-d	Positive	0.154206	0.845794
7FJE-b-d	Negative	0.591509	0.408491
7JYN-B-A	Positive	0.490901	0.509099
7S8A-C-A	Positive	0.0811454	0.918855
7T8W-D-L	Positive	0.00294974	0.99705
7K75-E-A	Positive	0.00233548	0.997665
7U0E-D-A	Positive	0.482522	0.517478
7PIA-z-1	Positive	0.031331	0.968669
7PIA-0-c	Positive	0.0156917	0.984308
7PIA-x-d	Positive	0.00957294	0.990427
7PIA-2-l	Positive	0.000230047	0.99977
7NXT-P-A	Positive	0.171658	0.828342
7RDV-H-A	Positive	0.110417	0.889583
7YBF-C-A	Negative	0.759772	0.240228
7ADP-D-A	Negative	0.948652	0.0513477
7W40-E-A	Positive	0.0893427	0.910657
7W40-D-C	Negative	0.856292	0.143708
7KI1-P-R	Negative	0.972964	0.0270355
7N2N-C-A	Positive	0.00697017	0.99303
7OS4-E-A	Positive	0.012709	0.987291
7WZ6-B-A	Negative	0.810334	0.189666
7RMI-S-R	Positive	0.00366594	0.996334
7RMI-G-B	Negative	0.728481	0.271519
7UXO-B-A	Positive	0.252847	0.747153
7DJQ-C-A	Negative	0.661788	0.338212
7TT7-C-E	Positive	0.46578	0.53422
7DC6-E-A	Positive	0.201819	0.798181
7VXS-Q-V	Negative	0.9058	0.0941999
7VXS-f-g	Positive	0.41428	0.58572
7O54-B-A	Negative	0.717365	0.282635
7QS6-B-A	Positive	0.000338768	0.999661
7RDA-C-H	Positive	0.402323	0.597677
7N2Q-C-D	Positive	0.0253894	0.974611
7WX4-E-A	Negative	0.995537	0.00446262
7RRG-C-A	Positive	0.0683393	0.931661
7VAY-I-F	Negative	0.74841	0.25159
7PG1-A-B	Negative	0.953192	0.0468085
7PG1-D-B	Positive	2.385e-05	0.999976
7RF1-R-E	Positive	0.151017	0.848983
7MNS-B-A	Positive	0.0913595	0.90864
7ASO-g-Q	Positive	0.00213814	0.997862
7JI0-C-A	Positive	0.168582	0.831418
7DVP-C-A	Positive	0.0631461	0.936854
7MEX-D-C	Positive	0.0017868	0.998213
7Z8I-r-L	Positive	0.0650067	0.934993
7Z8I-j-X	Negative	0.977278	0.0227222
7FGL-C-H	Positive	0.0185341	0.981466
7YOD-B-A	Negative	0.927313	0.0726874
7TDZ-t-r	Positive	0.252786	0.747214
7TDZ-s-r	Negative	0.894169	0.105831
7W0P-D-R	Positive	0.00207351	0.997926
7YJK-C-B	Positive	0.148026	0.851974
7BZ2-G-B	Negative	0.50898	0.49102
7LHY-B-A	Positive	0.0348896	0.96511
7S7E-C-A	Positive	0.148695	0.851305
7VHF-G-A	Positive	0.00419694	0.995803
7RZQ-D-A	Negative	0.873465	0.126535
7RZQ-F-A	Negative	0.960887	0.0391127
7NAF-c-5	Positive	0.059456	0.940544
7NAF-q-5	Negative	0.753473	0.246527
7NAF-d-b	Positive	0.00231587	0.997684
7NAF-U-b	Positive	0.0371614	0.962839
7T1Y-C-B	Negative	0.929885	0.0701148
7ZP8-z-e	Positive	0.0942231	0.905777
7SL4-C-A	Negative	0.62008	0.37992
7SL4-D-A	Positive	0.337817	0.662183
7JL7-F-A	Positive	0.153454	0.846546
7W36-B-A	Positive	0.262393	0.737607
7RK7-C-A	Negative	0.920468	0.0795323
7PC8-C-A	Negative	0.951878	0.0481225
7PC8-D-B	Negative	0.970215	0.0297852
7CG0-7-f	Negative	0.510918	0.489082
7AYF-P-A	Positive	0.00428552	0.995714
7E1T-C-A	Positive	0.344433	0.655567
7E1T-D-A	Negative	0.637311	0.362689
7SVU-a-A	Negative	0.895591	0.104409
7TMW-C-B	Negative	0.898676	0.101324
7SKZ-A-H	Negative	0.875839	0.124161
7E12-B-A	Negative	0.54587	0.45413
7RNB-F-A	Negative	0.615014	0.384986
7ZRT-B-A	Positive	0.0038232	0.996177
7F6I-L-A	Positive	0.00679156	0.993208
7F6I-D-C	Negative	0.802035	0.197965
7BIN-K-D	Positive	0.446578	0.553422
7LBO-F-B	Positive	0.320621	0.679379
7YI2-E-A	Positive	0.000998334	0.999002
7A18-1-3	Positive	0.0402745	0.959726
7UM2-C-A	Positive	0.0817372	0.918263
7Y6C-U-A	Positive	0.00647773	0.993522
7C06-Z-M	Negative	0.562639	0.437361
7C06-T-S	Positive	0.277205	0.722795
7AQQ-b-A	Negative	0.586466	0.413534
7AQQ-L-M	Positive	0.134622	0.865378
7AQQ-v-N	Positive	0.224601	0.775399
7F1R-C-B	Negative	0.938042	0.061958
7AZX-C-A	Negative	0.995742	0.00425848
7JYX-C-A	Positive	0.424649	0.575351
7UDL-B-A	Positive	0.104399	0.895601
7UDL-D-A	Positive	0.0306787	0.969321
7YK8-I-L	Negative	0.532915	0.467085
7WQ4-L-R	Positive	0.250148	0.749852
7OBT-B-A	Positive	0.000484014	0.999516
7R44-s-E	Positive	0.313963	0.686037
7R44-c-O	Positive	0.426083	0.573917
7BG7-4-1	Negative	0.600277	0.399723
7OZK-D-A	Positive	0.297187	0.702813
7BMC-B-A	Negative	0.581047	0.418953
7VCL-B-A	Positive	0.379652	0.620348
7NAB-C-H	Positive	0.342641	0.657359
7OWN-D-A	Positive	0.0190616	0.980938
7SL2-C-A	Negative	0.651477	0.348523
7SL2-D-A	Negative	0.82333	0.17667
7SL2-E-A	Negative	0.668866	0.331134
7SL2-G-A	Positive	0.0477642	0.952236
7UQJ-G-A	Positive	0.0210176	0.978982
7RBT-P-R	Positive	0.0625489	0.937451
7TMX-A-I	Positive	0.00852505	0.991475
7TMX-B-I	Positive	0.000503004	0.999497
7RJQ-B-A	Positive	0.39103	0.60897
7NTK-C-A	Negative	0.935735	0.0642651
7NTK-H-D	Negative	0.866247	0.133753
7AZ5-H-A	Negative	0.701456	0.298544
7UI8-B-A	Negative	0.905908	0.0940916
7F87-F-A	Negative	0.69884	0.30116
7DYN-C-A	Positive	0.000644566	0.999355
7ZGQ-C-A	Positive	0.00240874	0.997591
7ZX4-C-A	Positive	0.118	0.882
7ZX4-E-A	Positive	0.280003	0.719997
7OEU-1-A	Positive	0.0311176	0.968882
7VNY-7-L	Negative	0.524867	0.475133
7VNY-8-L	Negative	0.674501	0.325499
7VNY-B-H	Negative	0.567363	0.432637
7VNY-E-A	Negative	0.761545	0.238455
7VNY-G-D	Negative	0.761545	0.238455
7VNY-J-F	Negative	0.761545	0.238455
7VNY-Z-W	Positive	0.382486	0.617514
7VNY-2-3	Negative	0.698194	0.301806
7FBP-B-A	Positive	0.000263674	0.999736
7X8B-B-A	Positive	0.0463952	0.953605
7PMX-B-A	Positive	0.153438	0.846562
7WUN-X-A	Positive	0.00828408	0.991716
7PB4-H-I	Positive	0.0625933	0.937407
7Q0B-E-A	Negative	0.903859	0.0961406
7XMA-Y-N	Positive	0.0651382	0.934862
7XMA-Z-N	Negative	0.76439	0.23561
7DPZ-4-1	Positive	0.0871683	0.912832
7M4R-C-A	Negative	0.933881	0.0661187
7S8Q-C-A	Positive	0.0449029	0.955097
7QUX-D-A	Positive	0.00137767	0.998622
7K17-C-A	Negative	0.543409	0.456591
7NRF-B-A	Positive	0.0093716	0.990628
7Y67-L-D	Positive	0.000708492	0.999292
7E6J-B-A	Negative	0.544949	0.455051
7OVX-Q-A	Positive	0.0989589	0.901041
7OXJ-D-A	Positive	0.00874065	0.991259
7TT1-P-A	Negative	0.838977	0.161023
7TT1-C-E	Negative	0.693579	0.306421
7JZO-C-A	Positive	0.0822642	0.917736
7JZO-D-B	Positive	0.0346711	0.965329
7ZE3-D-A	Negative	0.781313	0.218687
7ZE3-Q-A	Positive	0.205352	0.794648
7ZE3-N-S	Negative	0.781313	0.218687
7PBT-G-C	Negative	0.983186	0.0168136
7TA6-L-A	Positive	0.328799	0.671201
7A8T-B-A	Positive	0.00525145	0.994749
7KOR-Y-L	Negative	0.909957	0.0900431
7RJM-C-A	Positive	0.112082	0.887918
7FB5-B-A	Negative	0.989428	0.0105716
7AXN-P-A	Positive	0.11997	0.88003
7K2F-C-A	Negative	0.786922	0.213078
7WJ3-C-A	Positive	0.0398347	0.960165
7S48-B-A	Positive	0.10316	0.89684
7QHO-M-A	Negative	0.943407	0.0565929
7WWQ-B-A	Positive	0.000679197	0.999321
7FJF-b-g	Negative	0.591509	0.408491
7ZE8-B-A	Positive	0.229307	0.770693
7ZE8-R-A	Positive	0.229307	0.770693
7OIU-D-C	Positive	0.0719089	0.928091
7OIU-F-B	Positive	0.0208739	0.979126
7XHO-c-H	Negative	0.9702	0.0298003
7XHO-C-L	Negative	0.774194	0.225806
7SG0-C-A	Positive	0.243231	0.756769
7WYY-G-A	Positive	0.202739	0.797261
7AZ6-H-A	Positive	0.00495556	0.995044
7P4B-P-A	Positive	0.0918403	0.90816
7YJ4-A-R	Positive	0.199334	0.800666
7YJ4-B-R	Positive	0.043456	0.956544
7ZVW-H-B	Negative	0.970696	0.029304
7FJ1-Y-B	Positive	0.095389	0.904611
7FJ1-Z-B	Positive	0.171523	0.828477
7M5N-D-A	Positive	0.0331649	0.966835
7M5N-E-B	Positive	0.023992	0.976008
7XAM-c-e	Positive	0.00435961	0.99564
7YYH-k-E	Positive	0.0252379	0.974762
7V1L-V-B	Positive	0.351318	0.648682
7V0K-W-H	Negative	0.781102	0.218898
7V0K-N-O	Positive	0.143498	0.856502
7AA7-P-A	Negative	0.592945	0.407055
7ZMB-e-5	Positive	0.0372709	0.962729
7ZMB-o-B	Negative	0.929498	0.0705022
7CEC-D-A	Negative	0.901831	0.098169
7CEC-E-A	Negative	0.793521	0.206479
7XXF-Q-C	Negative	0.736128	0.263872
7XXF-Y-C	Negative	0.736128	0.263872
7XXF-A-L	Negative	0.736128	0.263872
7XXF-a-B	Negative	0.591494	0.408506
7R1W-G-A	Positive	0.00774271	0.992257
7WT5-C-A	Positive	0.172697	0.827303
7WT5-F-D	Positive	0.172697	0.827303
7Y1Q-B-A	Negative	0.997268	0.00273228
7WVV-L-R	Positive	0.191836	0.808164
7VD2-A-H	Positive	0.193765	0.806235
7VD2-F-C	Positive	0.193765	0.806235
7VD2-E-B	Positive	0.291412	0.708588
7QPB-H-A	Positive	0.00797169	0.992028
7CIZ-H-A	Negative	0.572942	0.427058
7CIZ-D-E	Positive	0.398264	0.601736
7NEF-I-A	Positive	0.0103148	0.989685
7KPU-E-D	Positive	0.000727986	0.999272
7N8J-B-A	Positive	0.0379848	0.962015
7D0P-B-A	Negative	0.933279	0.0667206
7F8W-E-R	Negative	0.691776	0.308224
7UVE-B-A	Positive	0.114104	0.885896
7SR9-A-B	Negative	0.573166	0.426834
7EVP-C-A	Negative	0.97177	0.0282296
7YJO-E-B	Positive	0.329489	0.670511
7YJO-C-B	Positive	0.199526	0.800474
7VZE-F-B	Negative	0.845212	0.154788
7K7R-C-A	Positive	0.139966	0.860034
7K7R-F-D	Positive	0.118552	0.881448
7YUE-C-A	Negative	0.973795	0.0262048
7CI2-C-A	Positive	0.00775233	0.992248
7Y8D-B-A	Positive	0.188428	0.811572
7MU2-B-A	Positive	0.189114	0.810886
7MU2-D-C	Positive	0.458283	0.541717
7OY2-X-C	Negative	0.670008	0.329992
7QBS-B-A	Positive	0.0489031	0.951097
7V9B-B-A	Negative	0.710761	0.289239
7SMK-C-A	Negative	0.815623	0.184377
7XZR-C-A	Positive	0.0122578	0.987742
7JHX-C-A	Positive	0.0812633	0.918737
7JHX-D-B	Negative	0.880522	0.119478
7S4G-K-A	Positive	0.25793	0.74207
7AU3-D-A	Positive	0.318914	0.681086
7X14-B-A	Negative	0.88386	0.11614
7BL4-d-F	Positive	0.00293894	0.997061
7SJS-C-H	Positive	0.176203	0.823797
7Q42-B-A	Positive	0.313824	0.686176
7Q42-F-E	Positive	0.044061	0.955939
7QKW-D-B	Positive	0.000233653	0.999766
7XZQ-B-A	Positive	0.00684166	0.993158
7T8R-B-A	Positive	0.474377	0.525623
7LFI-C-A	Positive	0.138528	0.861472
7EMD-C-A	Negative	0.523471	0.476529
7Q51-B-A	Positive	0.0968248	0.903175
7NEW-G-A	Positive	0.000305614	0.999694
7QI5-t-I	Negative	0.990375	0.00962513
7QI5-u-I	Negative	0.765713	0.234287
7QI5-w-I	Negative	0.930895	0.0691049
7N08-F-H	Positive	0.157563	0.842437
7X9C-P-R	Negative	0.90862	0.0913804
7UNC-L-B	Positive	0.0215593	0.978441
7AR7-r-C	Positive	0.00481061	0.995189
7AR7-k-L	Positive	0.269449	0.730551
7AR7-l-L	Negative	0.523321	0.476679
7AR7-v-N	Positive	0.224601	0.775399
7D0E-B-A	Positive	0.421089	0.578911
7ZTL-B-A	Negative	0.889575	0.110425
7ML4-V-O	Positive	0.089615	0.910385
7RQR-C-A	Negative	0.963103	0.0368971
7T2A-C-A	Positive	0.335029	0.664971
7EV8-B-A	Negative	0.83671	0.16329
7R51-C-A	Positive	0.109938	0.890062
7NW3-A-H	Negative	0.889554	0.110446
7RTR-C-A	Positive	0.376071	0.623929
7XV1-B-A	Negative	0.915057	0.0849428
7TV4-K-B	Positive	0.251565	0.748435
7NP2-P-A	Negative	0.541657	0.458343
7RG3-B-A	Positive	0.0113919	0.988608
7RG3-C-A	Positive	0.00223129	0.997769
7LG3-C-A	Positive	0.105996	0.894004
7UDC-C-A	Negative	0.801324	0.198676
7Z2Z-W-C	Negative	0.668676	0.331324
7N40-C-A	Negative	0.635729	0.364271
7T8Z-B-A	Positive	0.456363	0.543637
7TIT-G-A	Positive	0.484211	0.515789
7DRM-E-A	Positive	0.220556	0.779444
7DRM-F-C	Positive	0.245513	0.754487
7O3E-J-D	Positive	0.0254522	0.974548
7O3E-l-F	Positive	0.165781	0.834219
7O3E-m-F	Positive	0.396041	0.603959
7O3E-P-L	Negative	0.802758	0.197242
7O3E-k-a	Positive	0.0598907	0.940109
7ETJ-P-M	Negative	0.736906	0.263094
7BV4-C-A	Negative	0.988813	0.0111874
7BV4-F-A	Negative	0.726484	0.273516
7KPK-B-A	Negative	0.575925	0.424075
7DOH-I-L	Negative	0.582282	0.417718
7QKF-B-A	Positive	0.005503	0.994497
7PVT-B-A	Negative	0.792517	0.207483
7VP7-B-A	Positive	0.256877	0.743123
7Q4O-1-A	Positive	0.434231	0.565769
7XQT-C-A	Negative	0.962051	0.0379493
7N27-G-A	Positive	0.0413607	0.958639
7T6A-C-A	Positive	0.114246	0.885754
7T6A-D-B	Positive	0.393596	0.606404
7RMH-S-R	Positive	0.00424136	0.995759
7OYM-B-A	Positive	0.0233543	0.976646
7RG1-B-A	Positive	0.000394044	0.999606
7PG4-J-B	Positive	0.22129	0.77871
7V64-C-A	Positive	0.055075	0.944925
7NHO-F-A	Positive	0.294653	0.705347
7BP6-A-C	Negative	0.826343	0.173657
7YXP-B-A	Negative	0.844496	0.155504
7QOJ-N-B	Negative	0.559429	0.440571
7QOJ-K-G	Negative	0.84938	0.15062
7QOJ-L-G	Negative	0.555321	0.444679
7UGB-I-A	Positive	0.0486737	0.951326
7W6J-F-A	Negative	0.855447	0.144553
7W5C-Q-A	Positive	0.122453	0.877547
7MNT-B-A	Positive	0.00149597	0.998504
7AZG-I-A	Positive	0.215733	0.784267
7K3L-B-A	Negative	0.638023	0.361977
7UKN-B-A	Negative	0.800176	0.199824
7VY1-Q-V	Negative	0.63839	0.36161
7LMK-F-A	Positive	0.298811	0.701189
7LMK-G-B	Positive	0.203864	0.796136
7QRS-C-A	Positive	0.200182	0.799818
7W3C-e-Y	Positive	0.325516	0.674484
7A1O-B-A	Negative	0.810618	0.189382
7Z6F-A-E	Negative	0.589738	0.410262
7Y8J-A-H	Positive	0.386855	0.613145
7WT3-C-A	Positive	0.0993119	0.900688
7ZWK-C-B	Positive	0.000103559	0.999896
7DVX-C-A	Positive	0.414741	0.585259
7Z0G-P-A	Negative	0.924176	0.075824
7Z0G-U-R	Negative	0.96612	0.0338802
7JP3-D-A	Positive	0.0686789	0.931321
7Z0F-P-A	Positive	0.406556	0.593444
7K3J-B-A	Negative	0.600484	0.399516
7K3J-H-A	Negative	0.822155	0.177845
7K3J-D-C	Negative	0.52926	0.47074
7CWH-A-B	Positive	0.000346838	0.999653
7Z0Q-G-C	Positive	0.0706462	0.929354
7Z8Y-D-A	Negative	0.945262	0.0547375
7Z8Y-E-A	Positive	0.14547	0.85453
7O34-P-A	Positive	0.00986324	0.990137
7ROY-G-A	Positive	0.00368683	0.996313
7ROY-H-B	Positive	0.00838013	0.99162
7QQL-F-C	Positive	0.20403	0.79597
7X1T-E-A	Positive	0.292058	0.707942
7X1T-F-C	Negative	0.890882	0.109118
7EV6-S-A	Positive	0.402224	0.597776
7YRR-C-A	Positive	0.236605	0.763395
7VYG-Q-c	Negative	0.9058	0.0941999
7SG2-C-A	Positive	0.48053	0.51947
7B13-P-A	Positive	0.0243651	0.975635
7WYI-J-A	Positive	0.394802	0.605198
7MSZ-4-G	Positive	0.00124781	0.998752
7SIG-C-A	Positive	0.257402	0.742598
7OQA-P-A	Positive	0.001335	0.998665
7YNK-B-A	Positive	0.075429	0.924571
7UIV-S-A	Negative	0.861515	0.138485
7P7Q-5-0	Positive	0.0157161	0.984284
7R5V-R-O	Positive	0.0765105	0.92349
7MOP-B-A	Negative	0.642547	0.357453
7ABT-B-A	Positive	0.0013387	0.998661
7JTS-E-a	Negative	0.914162	0.0858377
7JTS-F-c	Negative	0.90796	0.09204
7UE2-B-A	Positive	0.143799	0.856201
7XF3-C-A	Positive	0.270926	0.729074
7OQ4-F-A	Positive	0.354853	0.645147
7OQ4-Q-A	Positive	0.267507	0.732493
7OQ4-P-B	Positive	0.000513374	0.999487
7JLS-B-A	Positive	0.0747958	0.925204
7N05-E-H	Positive	0.0491963	0.950804
7F4N-F-B	Negative	0.802697	0.197303
7F4N-E-D	Negative	0.888186	0.111814
7RNE-F-A	Positive	0.249462	0.750538
7WB4-O-A	Negative	0.768993	0.231007
7RTB-P-R	Negative	0.815038	0.184962
7AQR-r-C	Positive	0.125269	0.874731
7AQR-Z-D	Positive	0.2478	0.7522
7U6D-A-C	Positive	0.102898	0.897102
7SL1-E-A	Positive	0.162629	0.837371
7OXH-B-A	Positive	0.00837402	0.991626
7XBD-F-A	Positive	0.0717848	0.928215
7RUA-E-C	Negative	0.987605	0.0123948
7V9M-P-R	Negative	0.78396	0.21604
7Z4A-O-A	Positive	0.117006	0.882994
7Z4A-S-A	Positive	0.00313835	0.996862
7Z4A-R-N	Positive	0.390947	0.609053
7KJR-C-A	Negative	0.984127	0.0158729
7EIC-C-A	Positive	0.00177268	0.998227
7E82-v-o	Negative	0.660419	0.339581
7OHR-s-O	Positive	0.0139694	0.986031
7NHK-5-0	Positive	0.0157161	0.984284
7NHK-6-I	Positive	0.000343655	0.999656
7QIW-d-G	Positive	0.0373907	0.962609
7QIW-n-R	Positive	0.0088923	0.991108
7Q13-E-A	Negative	0.933063	0.0669367
7B4T-B-A	Positive	0.132296	0.867704
7R45-s-E	Positive	0.203804	0.796196
7JI2-C-A	Positive	0.369043	0.630957
7JI2-F-D	Positive	0.369043	0.630957
7RJF-B-A	Positive	0.00296931	0.997031
7BN3-D-A	Negative	0.975573	0.024427
7BN3-E-A	Negative	0.973169	0.0268312
7FIM-P-R	Positive	0.141156	0.858844
7Q45-B-A	Positive	0.131137	0.868863
7Q45-D-C	Negative	0.658066	0.341934
7Q45-F-E	Positive	0.0222758	0.977724
7UIH-C-A	Negative	0.768462	0.231538
7UIH-D-A	Positive	0.355322	0.644678
7UIH-E-A	Negative	0.692473	0.307527
7UIH-F-A	Positive	0.204392	0.795608
7V8L-A-E	Negative	0.984727	0.0152728
7O55-C-B	Positive	0.00070612	0.999294
7ZM7-e-5	Positive	0.0734218	0.926578
7S3M-A-H	Positive	0.279893	0.720107
7OE0-R-F	Positive	0.0475722	0.952428
7MN5-H-A	Positive	0.00293037	0.99707
7WMV-B-A	Positive	0.194667	0.805333
7T9Y-C-A	Positive	0.332311	0.667689
7T9Y-D-A	Negative	0.73919	0.26081
7S5H-C-B	Positive	0.038254	0.961746
7TUW-B-A	Positive	0.381091	0.618909
7TUW-N-M	Positive	0.344897	0.655103
7F9O-J-A	Negative	0.778822	0.221178
7F9O-m-e	Negative	0.778822	0.221178
7YEH-D-B	Positive	0.371056	0.628944
7AOE-D-B	Positive	0.416121	0.583879
7EF0-P-A	Positive	0.0119125	0.988087
7F90-E-A	Negative	0.920127	0.0798729
7F90-B-A	Positive	0.337031	0.662969
7F90-D-A	Positive	0.184005	0.815995
7F90-F-C	Negative	0.688014	0.311986
7EA1-B-A	Positive	0.00752811	0.992472
7EA1-D-C	Positive	0.00776504	0.992235
7R84-B-A	Positive	0.00432341	0.995677
7R84-D-A	Positive	0.00144225	0.998558
7NKB-C-G	Negative	0.98144	0.0185597
7ZYH-B-A	Positive	0.304938	0.695062
7ZYH-D-A	Positive	0.000294589	0.999705
7ZYH-E-F	Positive	0.121232	0.878768
7ZYH-H-G	Positive	0.0672536	0.932746
7SNX-B-A	Negative	0.962515	0.0374853
7T0Y-B-A	Positive	0.109175	0.890825
7XQP-J-A	Negative	0.841683	0.158317
7XQP-M-B	Negative	0.640254	0.359746
7EZK-P-D	Negative	0.501111	0.498889
7CIO-B-A	Positive	0.00718298	0.992817
7MB5-D-B	Positive	0.0203271	0.979673
7ARH-V-C	Negative	0.628736	0.371264
7CNX-B-A	Positive	0.0154763	0.984524
7CNX-F-A	Positive	0.0191828	0.980817
7CNX-D-C	Negative	0.818568	0.181432
7CNX-H-G	Positive	0.0184073	0.981593
7EVS-C-A	Positive	0.0458305	0.954169
7EVS-D-A	Positive	0.0636924	0.936308
7MB7-B-A	Positive	0.234784	0.765216
7BXT-L-A	Positive	0.0230407	0.976959
7OK0-F-A	Negative	0.624916	0.375084
7OK0-Q-A	Positive	0.480777	0.519223
7RG0-B-A	Positive	0.000263713	0.999736
7V4W-C-A	Positive	0.0540652	0.945935
7PHX-I-H	Positive	0.392051	0.607949
7MO1-B-A	Positive	0.159289	0.840711
7E0B-B-A	Positive	0.439295	0.560705
7ADT-U-A	Negative	0.991535	0.00846542
7ADT-C-B	Negative	0.979282	0.0207176
7FGR-C-H	Positive	0.0137617	0.986238
7RJL-C-A	Positive	0.00609266	0.993907
7SKM-B-A	Positive	0.0160608	0.983939
7MQO-A-F	Positive	0.152421	0.847579
7MQO-B-F	Negative	0.753883	0.246117
7DZ9-F-A	Positive	0.00401141	0.995989
7DZ9-E-B	Positive	0.00125696	0.998743
7M2W-X-E	Negative	0.818271	0.181729
7RFY-B-A	Positive	0.00208786	0.997912
7PP2-B-A	Positive	0.104465	0.895535
7RLW-P-B	Positive	0.364008	0.635992
7RLW-R-B	Positive	0.2081	0.7919
7ARD-q-G	Positive	0.00898916	0.991011
7ARD-k-L	Positive	0.0173724	0.982628
7OWM-C-A	Positive	0.000316094	0.999684
7OHQ-z-B	Positive	0.0970072	0.902993
7ZNK-L-P	Negative	0.974425	0.0255752
7BU5-B-A	Positive	0.356863	0.643137
7KZP-W-S	Negative	0.535716	0.464284
7TCQ-C-H	Positive	0.0154888	0.984511
7TCQ-D-A	Positive	0.0154888	0.984511
7XVY-C-A	Negative	0.541126	0.458874
7QHM-M-A	Negative	0.96084	0.0391597
7QHM-Z-N	Negative	0.929019	0.070981
7RZF-a-A	Positive	0.465939	0.534061
7RZF-b-A	Positive	0.050932	0.949068
7OQJ-P-A	Positive	0.380036	0.619964
7VCR-C-A	Negative	0.909406	0.0905939
7T6F-C-A	Negative	0.895171	0.104829
7YAA-B-A	Positive	0.191252	0.808748
7LFS-E-A	Positive	0.108475	0.891525
7LFS-G-C	Positive	0.119094	0.880906
7W56-C-R	Positive	0.0137785	0.986222
7PXA-A-0	Positive	0.325731	0.674269
7PXA-E-6	Positive	0.469278	0.530722
7PXA-F-8	Positive	0.0985041	0.901496
7MDZ-l-X	Positive	0.00136436	0.998636
7NHQ-F-A	Positive	0.294653	0.705347
7NHQ-I-A	Negative	0.509028	0.490972
7NHQ-T-A	Negative	0.974857	0.0251426
7OWP-D-A	Positive	0.00149525	0.998505
7OWP-E-B	Positive	0.00149525	0.998505
7OIF-B-E	Positive	0.0279882	0.972012
7E2Z-G-B	Negative	0.800036	0.199964
7CQP-C-B	Positive	0.128308	0.871692
7LC6-D-A	Positive	0.198197	0.801803
7DRO-G-A	Negative	0.847502	0.152498
7DRO-H-A	Negative	0.961664	0.0383358
7Y7B-J-2	Negative	0.916682	0.0833178
7Y7B-I-8	Negative	0.781414	0.218586
7Y7B-M-8	Positive	0.207728	0.792272
7X1C-C-A	Negative	0.564092	0.435908
7KNF-C-A	Positive	0.370824	0.629176
7T10-P-R	Positive	0.00360725	0.996393
7PNT-3-L	Positive	0.00496969	0.99503
7BOC-B-A	Negative	0.985298	0.0147019
7XMR-C-B	Negative	0.905934	0.0940659
7QI1-F-A	Positive	0.235263	0.764737
7QI1-E-B	Positive	0.0143631	0.985637
7DU4-Q-A	Negative	0.743061	0.256939
7OBX-B-A	Positive	0.031816	0.968184
7T6U-L-R	Positive	0.00412661	0.995873
7TT5-C-E	Negative	0.955599	0.0444005
7UCX-B-H	Positive	0.0944111	0.905589
7CO2-C-A	Positive	0.0770336	0.922966
7SQ0-C-A	Positive	0.333467	0.666533
7BGT-F-A	Positive	0.0295669	0.970433
7BGT-G-C	Positive	0.0295669	0.970433
7M8S-C-A	Positive	0.328629	0.671371
7TT3-P-A	Positive	0.4043	0.5957
7NKQ-D-A	Negative	0.764488	0.235512
7NKQ-E-A	Negative	0.878373	0.121627
7NKQ-b-A	Positive	0.263109	0.736891
7NKQ-F-B	Negative	0.514053	0.485947
7NKQ-C-d	Positive	0.133287	0.866713
7O01-J-A	Positive	0.394802	0.605198
7O01-I-B	Negative	0.68449	0.31551
7CNZ-B-A	Positive	0.0154763	0.984524
7CNZ-H-G	Positive	0.0184073	0.981593
7OWU-C-A	Positive	0.00246892	0.997531
7VAC-G-A	Positive	0.045638	0.954362
7VAC-I-E	Positive	0.055075	0.944925
7A4D-E-A	Positive	0.277558	0.722442
7A4D-F-A	Positive	0.277558	0.722442
7A4D-K-G	Positive	0.277558	0.722442
7OW6-C-A	Positive	0.447163	0.552837
7XVA-B-A	Negative	0.819132	0.180868
7RNG-F-A	Positive	0.00256211	0.997438
7NK9-G-H	Negative	0.992038	0.00796181
7UIY-S-B	Positive	0.494227	0.505773
7NMG-C-A	Positive	0.0692848	0.930715
7ZQJ-F-A	Positive	0.0210797	0.97892
7NIX-B-A	Positive	0.0142685	0.985732
7WJ2-C-A	Negative	0.624037	0.375963
7KGP-C-A	Positive	0.114206	0.885794
7UXJ-E-A	Positive	0.401489	0.598511
7TSZ-P-A	Positive	0.0857248	0.914275
7DXA-B-A	Positive	0.0409305	0.95907
7DXA-f-a	Positive	0.305728	0.694272
7DXA-i-a	Negative	0.78791	0.21209
7DXA-m-b	Positive	0.438373	0.561627
7DNF-B-A	Positive	0.0223383	0.977662
7DWQ-J-A	Negative	0.727525	0.272475
7DWQ-M-B	Positive	0.179822	0.820178
7Z7C-B-A	Negative	0.75239	0.24761
7TLJ-H-B	Positive	0.138231	0.861769
7PFQ-D-B	Positive	0.000123462	0.999877
7A0S-2-C	Positive	0.00257134	0.997429
7RND-F-A	Negative	0.813912	0.186088
7YQK-K-F	Negative	0.992989	0.00701109
7T1U-D-A	Positive	0.358486	0.641514
7T1U-E-B	Positive	0.358486	0.641514
7T2B-C-A	Negative	0.89506	0.10494
7T2B-M-K	Negative	0.529189	0.470811
7ECA-B-A	Negative	0.928328	0.0716721
7DA6-C-A	Positive	0.000876945	0.999123
7CQV-B-E	Positive	0.36258	0.63742
7RJB-M-A	Positive	0.120258	0.879742
7RJB-I-K	Positive	0.0014075	0.998593
7RF5-R-E	Positive	0.151017	0.848983
7NXV-C-A	Positive	0.112316	0.887684
7NXV-E-B	Positive	0.178303	0.821697
7CO1-B-A	Negative	0.991948	0.00805157
7CO1-F-E	Negative	0.994016	0.00598362
7PPL-B-A	Positive	0.253584	0.746416
7DVD-E-B	Negative	0.66823	0.33177
7C5D-C-A	Negative	0.842489	0.157511
7C5D-D-B	Positive	0.367911	0.632089
7UV5-C-A	Positive	0.423387	0.576613
7ZVI-E-A	Positive	0.40106	0.59894
7OYF-B-A	Negative	0.908839	0.0911614
7VFX-C-R	Positive	0.0340337	0.965966
7F9Y-C-R	Negative	0.94378	0.0562201
7DUU-C-A	Positive	0.0590234	0.940977
7LIO-C-A	Positive	0.259031	0.740969
7LIO-D-B	Positive	0.174158	0.825842
7RG2-B-A	Positive	0.0026413	0.997359
7QU8-C-A	Negative	0.5564	0.4436
7UX3-Y-N	Negative	0.728778	0.271222
7XAU-F-A	Positive	0.0162792	0.983721
7UX5-B-A	Negative	0.666146	0.333854
7L1K-D-A	Positive	0.262946	0.737054
7X3X-V-C	Positive	0.00985162	0.990148
7RJO-B-A	Positive	0.0100853	0.989915
7LG0-C-A	Positive	0.21342	0.78658
7DS8-C-A	Positive	0.311836	0.688164
7ON1-D-b	Positive	0.0706509	0.929349
7ZQI-F-A	Negative	0.819616	0.180384
7OPO-B-A	Positive	0.131346	0.868654
7OPO-H-A	Positive	0.0937523	0.906248
7OPO-J-A	Positive	0.371244	0.628756
7OPO-F-C	Positive	0.374951	0.625049
7Y6M-A-C	Positive	0.10578	0.89422
7TO9-C-A	Positive	0.0188595	0.981141
7MW1-C-A	Positive	0.234736	0.765264
7BP4-L-G	Negative	0.771336	0.228664
7EI2-B-A	Positive	0.0012508	0.998749
7OBH-B-A	Positive	0.000140488	0.99986
7JX7-B-A	Positive	0.0472916	0.952708
7WVW-L-R	Positive	0.176995	0.823005
7OXN-A-H	Negative	0.687258	0.312742
7M5B-B-A	Positive	0.0862819	0.913718
7M5B-D-A	Positive	0.0191318	0.980868
7E0Z-B-A	Positive	0.182688	0.817312
7QWV-B-A	Negative	0.854109	0.145891
7BGV-P-A	Positive	0.0150587	0.984941
7K7F-B-A	Negative	0.982058	0.0179416
7UO3-B-A	Positive	0.0028638	0.997136
7W53-C-R	Positive	0.00357188	0.996428
7SMF-B-A	Negative	0.784273	0.215727
7SGR-K-J	Negative	0.725577	0.274423
7WEG-D-A	Negative	0.553628	0.446372
7QFB-B-A	Negative	0.692128	0.307872
7T1Z-C-B	Positive	0.394154	0.605846
7MJ6-C-A	Positive	0.178355	0.821645
7P0S-U-A	Negative	0.858585	0.141415
7P0S-C-B	Negative	0.952095	0.0479048
7YF6-C-A	Positive	0.263723	0.736277
7TD5-D-A	Positive	0.0853705	0.91463
7U09-A-H	Positive	0.496373	0.503627
7B15-P-A	Negative	0.561381	0.438619
7EUY-S-A	Negative	0.993962	0.00603784
7EM9-C-A	Negative	0.997499	0.0025009
7YKI-B-A	Positive	0.114501	0.885499
7JNE-B-A	Positive	0.0437283	0.956272
7TIK-D-A	Negative	0.997337	0.00266324
7BQZ-B-A	Positive	0.336756	0.663244
7BQZ-D-C	Positive	0.433464	0.566536
7ZKR-B-A	Negative	0.704286	0.295714
7SIH-C-A	Positive	0.255675	0.744325
7ZFR-C-A	Positive	0.00205388	0.997946
7N9J-C-A	Positive	0.00588435	0.994116
7LBQ-E-A	Positive	0.0182075	0.981792
7T86-G-C	Positive	0.298528	0.701472
7NTJ-G-B	Positive	0.426932	0.573068
7NTJ-C-A	Negative	0.794303	0.205697
7F0L-A-L	Positive	0.293588	0.706412
7F0L-B-L	Negative	0.674501	0.325499
7F0L-G-H	Negative	0.567363	0.432637
7F0L-8-5	Negative	0.770801	0.229199
7M10-B-A	Positive	0.0442337	0.955766
7K2I-P-B	Negative	0.891878	0.108122
7HP2-A-B	Negative	0.971047	0.0289528
7S46-B-A	Positive	0.281475	0.718525
7O3C-k-a	Positive	0.0598907	0.940109
7LFZ-C-A	Positive	0.0827625	0.917237
7DXS-A-C	Negative	0.702341	0.297659
7DXS-B-C	Positive	0.453515	0.546485
7DR1-J-A	Negative	0.734922	0.265078
7DR1-M-B	Negative	0.653571	0.346429
7QSD-f-M	Negative	0.872585	0.127415
7QSD-c-N	Positive	0.426083	0.573917
7TSQ-D-A	Positive	0.0250494	0.974951
7TSQ-C-B	Positive	0.011458	0.988542
7D35-B-A	Negative	0.505928	0.494072
7Z8Z-B-A	Negative	0.995662	0.00433766
7Z8Z-D-A	Negative	0.981144	0.0188565
7TXZ-D-A	Positive	0.15631	0.84369
7PX9-G-A	Negative	0.851001	0.148999
7TV0-E-A	Positive	0.24458	0.75542
7EF1-P-A	Positive	0.0226123	0.977388
7EF1-Q-B	Positive	0.00226938	0.997731
7PHR-Z-A	Positive	0.129492	0.870508
7PHR-z-A	Negative	0.569486	0.430514
7VBP-Q-V	Negative	0.63839	0.36161
7WUL-X-A	Positive	0.0501885	0.949811
7Y36-P-R	Negative	0.824501	0.175499
7PKT-A-r	Positive	0.0188009	0.981199
7YXO-B-A	Negative	0.680999	0.319001
7YXO-D-C	Negative	0.622291	0.377709
7X9A-P-R	Positive	0.373789	0.626211
7DXH-B-A	Positive	0.0163015	0.983698
7DXH-f-a	Positive	0.305728	0.694272
7DXH-t-a	Negative	0.967353	0.0326465
7DXH-m-b	Positive	0.438373	0.561627
7DXH-x-d	Positive	0.0275035	0.972496
7DXH-k-c	Negative	0.793222	0.206778
7RZI-a-A	Positive	0.0677613	0.932239
7RZI-c-B	Negative	0.576565	0.423435
7TUD-P-A	Positive	0.0297525	0.970247
7LIN-B-A	Positive	0.181357	0.818643
7BFW-P-A	Positive	0.00836441	0.991636
7X2E-B-A	Negative	0.985308	0.0146916
7MO4-B-A	Positive	0.00474974	0.99525
7FFL-D-G	Positive	0.0300251	0.969975
7FFL-I-J	Negative	0.828653	0.171347
7T6I-C-A	Positive	0.23283	0.76717
7NA7-L-R	Negative	0.928507	0.0714926
7L8V-C-A	Positive	0.0340379	0.965962
7C07-Z-M	Positive	0.321618	0.678382
7C07-T-S	Negative	0.557961	0.442039
7SQS-E-A	Positive	0.0644	0.9356
7SQS-D-A	Positive	0.266139	0.733861
7SQS-C-A	Negative	0.666658	0.333342
7SQS-B-A	Positive	0.035038	0.964962
7XNA-B-A	Positive	0.000590082	0.99941
7PC4-C-A	Negative	0.948572	0.0514285
7VHE-G-A	Positive	0.00424151	0.995758
7N9H-A-C	Positive	0.0215034	0.978497
7O2Z-P-L	Positive	0.150483	0.849517
7ONB-F-C	Positive	0.319673	0.680327
7ONB-M-C	Positive	0.349254	0.650746
7SXF-B-A	Positive	0.411839	0.588161
7OB5-P-A	Negative	0.561319	0.438681
7RG5-B-A	Positive	0.00457377	0.995426
7P49-P-A	Negative	0.565761	0.434239
7KAN-B-A	Positive	0.264522	0.735478
7Y45-E-C	Positive	0.202739	0.797261
7UXP-C-A	Negative	0.711293	0.288707
7E2E-P-A	Negative	0.852914	0.147086
7E2E-Q-B	Negative	0.852914	0.147086
7DGZ-X-4	Negative	0.919686	0.0803136
7DGZ-F-8	Negative	0.769011	0.230989
7DGZ-i-Q	Negative	0.505265	0.494735
7HPA-A-B	Negative	0.971047	0.0289528
7CK6-E-A	Negative	0.668798	0.331202
7CK6-H-A	Positive	0.396786	0.603214
7CK6-J-A	Positive	0.301075	0.698925
7BPH-B-A	Positive	0.136881	0.863119
7NKN-C-G	Negative	0.79199	0.20801
7ZBW-R-C	Positive	0.0503232	0.949677
7VEC-M-A	Negative	0.854752	0.145248
7VEC-P-A	Negative	0.70948	0.29052
7VEC-U-I	Negative	0.970664	0.0293357
7VEC-X-L	Negative	0.963669	0.0363313
7BG8-D-C	Positive	0.17422	0.82578
7S8R-C-A	Positive	0.00840935	0.991591
7BRK-L-A	Positive	0.00175299	0.998247
7QSA-C-A	Negative	0.953048	0.0469519
7D8P-C-A	Negative	0.772274	0.227726
7D8P-D-B	Negative	0.984458	0.0155416
7RXQ-B-A	Positive	0.379617	0.620383
7MNR-B-A	Positive	0.0047884	0.995212
7NFB-C-A	Positive	0.188589	0.811411
7NFB-D-B	Positive	0.0300898	0.96991
7F7X-B-A	Negative	0.780445	0.219555
7XNM-D-A	Negative	0.899969	0.100031
7R5I-E-A	Negative	0.822486	0.177514
7Q41-B-A	Positive	0.0673071	0.932693
7Q41-D-C	Positive	0.00888461	0.991115
7BTE-M-A	Negative	0.879956	0.120044
7BTE-L-C	Negative	0.934122	0.065878
7P4A-E-A	Positive	0.140975	0.859025
7P4A-D-A	Positive	0.233199	0.766801
7CUJ-C-A	Negative	0.62017	0.37983
7CUJ-D-A	Positive	0.217005	0.782995
7NUS-D-A	Negative	0.837775	0.162225
7NUS-E-B	Negative	0.837775	0.162225
7WX3-E-A	Negative	0.995972	0.00402794
7E1S-D-C	Negative	0.841956	0.158044
7YI8-C-B	Negative	0.636039	0.363961
7BK4-B-A	Negative	0.728418	0.271582
7JWP-Q-A	Negative	0.87073	0.12927
7JWP-W-M	Negative	0.8735	0.1265
7P3E-C-A	Positive	0.412415	0.587585
7P3E-F-D	Positive	0.412415	0.587585
7B2B-B-A	Negative	0.699285	0.300715
7CZ5-P-R	Negative	0.897069	0.102931
7RYF-0-2	Positive	0.0163176	0.983682
7CL0-D-A	Positive	0.0850818	0.914918
7O50-H-A	Positive	0.0840197	0.91598
7JJM-A-B	Positive	0.00673835	0.993262
7RM3-Q-A	Positive	0.360016	0.639984
7RM3-P-C	Positive	0.0274143	0.972586
7LEU-B-E	Positive	0.00368173	0.996318
7LEU-C-E	Positive	0.00142747	0.998573
7RUQ-D-A	Positive	0.496805	0.503195
7RUQ-B-A	Positive	0.471421	0.528579
7RM1-P-A	Positive	0.0582954	0.941705
7EU0-L-B	Positive	0.116671	0.883329
7BRE-C-A	Negative	0.791878	0.208122
7BRE-F-E	Negative	0.936362	0.0636375
7DS3-C-B	Positive	0.00333582	0.996664
7N1E-C-A	Negative	0.904566	0.0954337
7MB4-E-A	Positive	0.0599506	0.940049
7D1U-I-A	Negative	0.78496	0.21504
7BRH-L-A	Positive	0.0134979	0.986502
7VBY-F-B	Positive	0.193765	0.806235
7VBY-A-I	Positive	0.193765	0.806235
7VBY-D-I	Positive	0.291412	0.708588
7AK6-s-E	Negative	0.676338	0.323662
7AK6-c-N	Negative	0.636191	0.363809
7AGD-J-B	Positive	0.100315	0.899685
7N6M-B-A	Positive	0.295074	0.704926
7ALO-C-A	Positive	0.000827787	0.999172
7WVY-L-R	Negative	0.625145	0.374855
7KLD-Q-A	Positive	0.021068	0.978932
7KLD-E-B	Positive	0.249306	0.750694
7KDT-B-A	Negative	0.932518	0.0674821
7W2Z-L-R	Negative	0.755989	0.244011
7JYV-C-A	Positive	0.107081	0.892919
7B1J-C-B	Negative	0.621306	0.378694
7NA5-C-A	Positive	0.00588435	0.994116
7BGY-D-A	Negative	0.732827	0.267173
7ZMG-e-5	Positive	0.220018	0.779982
7XEB-C-A	Positive	0.120173	0.879827
7CDF-C-A	Positive	0.00619428	0.993806
7WJ5-S-R	Positive	0.00450214	0.995498
7VPW-B-A	Positive	0.00563305	0.994367
7VVM-P-R	Negative	0.716702	0.283298
7RZE-a-A	Negative	0.8573	0.1427
7RZE-b-A	Positive	0.272815	0.727185
7NFX-z-B	Positive	0.0997459	0.900254
7NLA-P-A	Positive	0.214375	0.785625
7XAV-F-A	Positive	0.00298852	0.997011
7MB9-C-A	Positive	0.170514	0.829486
7EC5-D-A	Positive	0.131565	0.868435
7VTJ-C-H	Positive	0.0239849	0.976015
7MT2-4-G	Positive	0.00124781	0.998752
7FEJ-4-1	Positive	0.0236902	0.97631
7AAM-C-A	Positive	0.0665535	0.933446
7NPB-P-A	Positive	0.0997861	0.900214
7P7S-6-I	Positive	0.000220312	0.99978
7MO5-B-A	Positive	0.047042	0.952958
7S78-W-A	Positive	0.0551194	0.944881
7S78-Z-D	Positive	0.180016	0.819984
7S78-0-D	Positive	0.37322	0.62678
7S78-2-G	Positive	0.0602631	0.939737
7S78-4-J	Negative	0.841471	0.158529
7S51-C-A	Positive	0.438303	0.561697
7VF3-B-A	Positive	0.112015	0.887985
7WHU-H-D	Positive	0.390378	0.609622
7UEB-F-A	Positive	0.0416716	0.958328
7QA8-I-A	Negative	0.770515	0.229485
7QA8-K-B	Negative	0.770515	0.229485
7UNW-3-F	Positive	0.0184268	0.981573
7UNW-8-G	Positive	0.00163415	0.998366
7ZV7-B-A	Positive	0.105722	0.894278
7UR1-C-A	Positive	0.119322	0.880678
7KHR-r-b	Negative	0.769527	0.230473
7TLT-E-A	Negative	0.685752	0.314248
7TLT-F-C	Negative	0.685752	0.314248
7MNQ-B-A	Positive	0.0230254	0.976975
7S7J-B-A	Positive	0.172582	0.827418
7OW2-E-A	Positive	0.0148716	0.985128
7XHG-F-B	Negative	0.804613	0.195387
7XHG-G-C	Negative	0.581604	0.418396
7AL2-B-A	Negative	0.910394	0.089606
7KI0-P-R	Negative	0.88136	0.11864
7EBK-B-A	Positive	0.0322799	0.96772
7N1H-P-H	Positive	0.0738074	0.926193
7B5F-D-C	Positive	0.188239	0.811761
7B5F-H-G	Negative	0.537769	0.462231
7UT1-c-a	Negative	0.549931	0.450069
7XL3-G-C	Negative	0.881236	0.118764
7KGC-D-A	Positive	0.0113497	0.98865
7NDG-N-F	Positive	0.259706	0.740294
7NMX-P-A	Positive	0.26087	0.73913
7NL9-G-H	Negative	0.96128	0.0387203
7NL9-C-Q	Positive	0.00981534	0.990185
7X6Y-B-A	Positive	0.0698606	0.930139
7JZR-C-A	Positive	0.013828	0.986172
7TO8-C-A	Positive	0.146301	0.853699
7Q5V-B-A	Negative	0.861904	0.138096
7M5C-B-A	Positive	0.0467336	0.953266
7M5C-F-A	Positive	0.0495763	0.950424
7M5C-D-C	Negative	0.665296	0.334704
7M5C-J-C	Positive	0.241835	0.758165
7M5C-H-G	Positive	0.0467336	0.953266
7M5C-N-M	Positive	0.370551	0.629449
7M5C-P-O	Positive	0.0467336	0.953266
7ZR2-B-A	Negative	0.972179	0.0278206
7QOO-C-L	Negative	0.9569	0.0430998
7N6D-C-A	Positive	0.376071	0.623929
7N6D-O-E	Positive	0.376071	0.623929
7PUL-P-A	Positive	0.0195208	0.980479
7THM-C-A	Negative	0.762088	0.237912
7DU2-I-A	Positive	0.00592512	0.994075
7CMZ-B-A	Negative	0.798584	0.201416
7OBG-B-A	Positive	0.000226031	0.999774
7KFA-D-A	Negative	0.585207	0.414793
7M98-B-A	Positive	0.00231352	0.997686
7YTQ-E-A	Positive	0.0834543	0.916546
7OPM-B-A	Positive	0.277228	0.722772
7OPM-C-A	Positive	0.242248	0.757752
7KDF-E-A	Positive	0.366426	0.633574
7LFD-A-H	Positive	0.0858905	0.91411
7K29-P-A	Negative	0.791317	0.208683
7OBL-B-A	Positive	0.00139658	0.998603
7MJA-C-A	Positive	0.230245	0.769755
7MP3-L-A	Negative	0.813981	0.186019
7VLY-A-Y	Positive	0.00143666	0.998563
7E34-C-A	Negative	0.978041	0.0219593
7AS4-4-3	Negative	0.966751	0.0332488
7F4E-C-A	Positive	0.00730282	0.992697
7ZDD-D-A	Positive	0.0107901	0.98921
7E1Z-C-A	Negative	0.57967	0.42033
7W0Q-B-A	Negative	0.619893	0.380107
7F0R-G-C	Negative	0.839112	0.160888
7MVV-C-A	Positive	0.0834723	0.916528
7AD3-K-B	Positive	0.0596916	0.940308
7AD3-H-B	Positive	0.0334849	0.966515
7AD3-G-F	Positive	0.34837	0.65163
7CNU-C-A	Positive	0.302774	0.697226
7X1U-E-A	Positive	0.0351944	0.964806
7U21-C-A	Negative	0.647925	0.352075
7Y61-K-L	Positive	0.0191745	0.980825
7S4O-C-A	Negative	0.521789	0.478211
7UY2-C-A	Positive	0.143769	0.856231
7BQV-B-A	Positive	0.000123702	0.999876
7ZQP-j-d	Positive	0.246518	0.753482
7PC5-B-A	Positive	0.0428099	0.95719
7XPK-B-A	Positive	0.00980226	0.990198
7XPK-D-C	Positive	0.0134755	0.986524
7OA6-X-B	Negative	0.910913	0.089087
7OUI-F-A	Positive	0.0954682	0.904532
7OUI-I-A	Negative	0.826781	0.173219
7OUI-L-A	Negative	0.895838	0.104162
7OUI-M-A	Negative	0.662193	0.337807
7OUI-T-A	Negative	0.846506	0.153494
7OUI-U-B	Positive	0.0054298	0.99457
7CIQ-C-A	Positive	0.00386352	0.996136
7OY8-E-H	Positive	0.21769	0.78231
7OY8-F-H	Positive	0.411095	0.588905
7OY8-J-H	Positive	0.21769	0.78231
7OY8-S-H	Positive	0.129826	0.870174
7OY8-8-M	Negative	0.533373	0.466627
7MD4-P-B	Negative	0.667364	0.332636
7MD4-N-A	Negative	0.843218	0.156782
7MD4-T-A	Negative	0.777204	0.222796
7BZN-D-A	Positive	0.161343	0.838657
7CRU-B-A	Positive	0.213223	0.786777
7CRU-D-C	Positive	0.213223	0.786777
7XJJ-C-E	Positive	0.0624736	0.937526
7VFI-C-A	Positive	0.194412	0.805588
7APO-C-A	Negative	0.993886	0.00611361
7APO-D-B	Negative	0.993886	0.00611361
7N8O-F-A	Positive	0.168667	0.831333
7N8O-I-A	Negative	0.925116	0.0748838
7N8O-J-A	Positive	0.00730559	0.992694
7N8O-L-A	Negative	0.917571	0.0824293
7N8O-T-A	Negative	0.936787	0.0632128
7N8O-K-C	Negative	0.657474	0.342526
7N8O-Y-C	Positive	0.126529	0.873471
7N8O-R-E	Positive	0.0723305	0.92767
7DW0-C-A	Positive	0.139107	0.860893
7N43-F-A	Positive	0.00325933	0.996741
7Z31-I-A	Negative	0.541563	0.458437
7Z31-W-C	Negative	0.856342	0.143658
7AK9-C-A	Negative	0.654726	0.345274
7DKZ-J-2	Negative	0.759262	0.240738
7S7F-C-A	Positive	0.0632936	0.936706
7UDK-B-A	Positive	0.00742801	0.992572
7X1B-C-A	Positive	0.0193667	0.980633
7O3T-A-B	Positive	0.234206	0.765794
7OXI-B-A	Positive	0.113237	0.886763
7OXI-C-A	Positive	0.039505	0.960495
7O37-l-F	Positive	0.165781	0.834219
7R72-G-I	Positive	0.00649759	0.993502
7R72-t-Z	Negative	0.956809	0.043191
7R72-B-u	Positive	0.467429	0.532571
7OF3-m-8	Positive	0.240597	0.759403
7K0Q-C-B	Positive	0.300503	0.699497
7XZJ-3-4	Negative	0.71836	0.28164
7XZJ-X-4	Positive	0.192341	0.807659
7XZJ-E-7	Negative	0.605855	0.394145
7NHP-F-A	Positive	0.294653	0.705347
7RNC-F-A	Negative	0.8922	0.1078
7JIL-4-F	Negative	0.643795	0.356205
7JIL-f-F	Positive	0.00364889	0.996351
7JIL-G-X	Positive	0.0229617	0.977038
7MO2-B-A	Positive	0.0125895	0.987411
7Y1F-F-R	Positive	0.000355434	0.999645
7CJB-D-A	Negative	0.805079	0.194921
7CJB-H-E	Negative	0.876448	0.123552
7CJB-L-I	Negative	0.698885	0.301115
7VFU-E-A	Positive	0.000562588	0.999437
7WLP-B-A	Positive	0.198277	0.801723
7WLP-C-A	Positive	0.00338507	0.996615
7LWH-B-A	Negative	0.600768	0.399232
7O33-P-L	Positive	0.0585893	0.941411
7ESI-B-A	Negative	0.823456	0.176544
7ESI-C-A	Positive	0.200194	0.799806
7EU2-C-A	Positive	0.0237029	0.976297
7COH-M-A	Negative	0.852445	0.147555
7A4T-B-A	Positive	0.475828	0.524172
7A4T-C-A	Positive	0.474213	0.525787
7SZI-D-A	Positive	0.0193818	0.980618
7Q72-C-A	Negative	0.682927	0.317073
7Q72-D-B	Positive	0.0186574	0.981343
7X70-B-A	Positive	0.0407296	0.95927
7WEK-C-A	Positive	0.181121	0.818879
7WEK-D-A	Positive	0.0689134	0.931087
7Y9N-B-A	Negative	0.809925	0.190075
7R0W-G-X	Positive	0.0609282	0.939072
7R0W-N-I	Positive	0.277107	0.722893
7R0W-P-I	Positive	0.209885	0.790115
7V1A-B-A	Positive	0.42326	0.57674
7ABF-R-A	Positive	0.0112803	0.98872
7ABF-X-A	Positive	0.02748	0.97252
7ZPD-A-B	Negative	0.950659	0.049341
7RT9-Y-A	Positive	0.234691	0.765309
7RT9-Z-C	Negative	0.585183	0.414817
7UXN-B-A	Positive	0.00383364	0.996166
7VZR-E-A	Positive	0.0843922	0.915608
7VZR-F-A	Positive	0.0249331	0.975067
7VZR-G-A	Positive	0.0501357	0.949864
7VZR-e-A	Positive	0.0843922	0.915608
7A1S-B-A	Negative	0.720489	0.279511
7ST8-S-H	Negative	0.980792	0.0192078
7RJR-B-A	Positive	0.0526434	0.947357
7C94-C-A	Positive	0.444739	0.555261
7S4A-B-A	Negative	0.796678	0.203322
7S4A-D-A	Negative	0.815885	0.184115
7KL5-B-A	Positive	0.00650608	0.993494
7QPJ-E-C	Negative	0.900198	0.0998017
7SN6-C-A	Negative	0.960312	0.0396875
7SN6-D-B	Positive	0.474372	0.525628
7O5D-P-A	Positive	0.214375	0.785625
7EMF-B-A	Positive	0.0287447	0.971255
7F4I-U-R	Positive	0.000302545	0.999697
7JVO-B-A	Positive	0.00121944	0.998781
7PBN-H-D	Negative	0.943499	0.0565006
7L1D-C-A	Positive	0.0683393	0.931661
7LEN-C-A	Positive	0.155933	0.844067
7OBK-B-A	Positive	0.00448351	0.995516
7SSC-P-H	Positive	0.13121	0.86879
7T8M-C-A	Positive	0.00921131	0.990789
7T8M-D-A	Positive	0.146393	0.853607
7AD6-C-A	Positive	0.00126459	0.998735
7OR7-B-A	Positive	0.00105839	0.998942
7BEE-C-A	Positive	0.0902674	0.909733
7BEE-D-A	Positive	0.0869933	0.913007
7BEE-F-A	Positive	0.12128	0.87872
7BEE-H-A	Positive	0.0893632	0.910637
7M5U-B-A	Negative	0.631547	0.368453
7ZDI-D-A	Negative	0.564508	0.435492
7KL1-C-A	Negative	0.513744	0.486256
7KL1-D-A	Negative	0.59908	0.40092
7TYL-P-R	Negative	0.948872	0.051128
7DDQ-N-o	Negative	0.603871	0.396129
7DDQ-O-o	Negative	0.603871	0.396129
7DDQ-U-t	Negative	0.564093	0.435907
7DDQ-F-e	Negative	0.603871	0.396129
7DDQ-a-b	Positive	0.295543	0.704457
7DDQ-J-k	Negative	0.603871	0.396129
7DD1-B-A	Positive	0.0100644	0.989936
7PNK-F-A	Positive	0.216636	0.783364
7PNK-I-A	Negative	0.581474	0.418526
7PNK-J-A	Positive	0.0130031	0.986997
7PNK-L-A	Negative	0.927224	0.0727757
7PNK-T-A	Negative	0.695721	0.304279
7PNK-W-A	Positive	0.117574	0.882426
7PNK-M-B	Negative	0.518568	0.481432
7PNK-U-B	Negative	0.954453	0.045547
7PNK-V-C	Positive	0.0483465	0.951654
7OHT-e-C	Positive	0.0198587	0.980141
7RNW-Y-A	Positive	0.455876	0.544124
7RNW-Z-A	Positive	0.0341407	0.965859
7RNW-X-C	Negative	0.91599	0.0840104
7RNW-W-C	Positive	0.0368764	0.963124
7OBR-z-B	Positive	0.00477627	0.995224
7FC0-D-E	Positive	8.09191e-05	0.999919
7LLY-P-R	Negative	0.883073	0.116927
7DW6-C-A	Positive	0.022027	0.977973
7JPN-H-A	Negative	0.916524	0.0834757
7M51-A-H	Positive	0.0116931	0.988307
7OHS-V-B	Positive	0.0625938	0.937406
7TA3-A-B	Negative	0.565165	0.434835
7S4Q-F-A	Positive	0.0174674	0.982533
7W0D-G-F	Positive	0.0137893	0.986211
7OYR-B-A	Positive	0.309632	0.690368
7N6J-B-A	Negative	0.769437	0.230563
7RN9-F-A	Positive	0.491024	0.508976
7N6N-C-A	Positive	0.0799868	0.920013
7DS2-C-A	Positive	0.00864613	0.991354
7Q9A-C-A	Positive	0.0254226	0.974577
7W0T-A-F	Negative	0.841107	0.158893
7W0T-E-C	Negative	0.627277	0.372723
7W0T-D-B	Negative	0.712027	0.287973
7QQY-B-A	Positive	0.00622441	0.993776
7XWO-D-B	Negative	0.733646	0.266354
7BOS-B-A	Positive	0.00190415	0.998096
7KL2-B-A	Negative	0.621877	0.378123
7RUP-B-A	Negative	0.778742	0.221258
7KSQ-M-B	Positive	0.475476	0.524524
7X7P-C-M	Negative	0.990133	0.00986673
7ATR-B-A	Positive	0.080464	0.919536
7WAE-L-A	Positive	0.0239948	0.976005
7KEV-C-A	Positive	0.0140987	0.985901
7CDG-C-A	Positive	0.0339809	0.966019
7SSD-A-e	Positive	0.0160034	0.983997
7MLA-B-A	Positive	0.0714013	0.928599
7UVA-C-A	Positive	0.127937	0.872063
7UVA-F-D	Positive	0.000245555	0.999754
7UXM-D-A	Positive	0.123731	0.876269
7X6Z-B-A	Positive	0.046837	0.953163
7M2X-U-C	Negative	0.696872	0.303128
7TSX-D-A	Positive	0.0250494	0.974951
7TSX-C-B	Positive	0.011458	0.988542
7NVO-N-E	Negative	0.916219	0.0837812
7P9W-B-A	Negative	0.857963	0.142037
7AM6-P-C	Negative	0.799736	0.200264
7PRX-B-A	Positive	0.200699	0.799301
7SJQ-D-A	Positive	0.00451587	0.995484
7SU9-C-A	Positive	0.0210284	0.978972
7DOC-E-B	Negative	0.973014	0.0269856
7DOC-I-B	Positive	0.000601355	0.999399
7ZLG-P-A	Positive	0.00086654	0.999133
7AR8-b-A	Negative	0.632771	0.367229
7AR8-r-C	Positive	0.0114087	0.988591
7AR8-l-L	Negative	0.841515	0.158485
7U60-M-A	Positive	0.102979	0.897021
7TOW-E-H	Positive	0.0917388	0.908261
7TOW-D-A	Negative	0.77634	0.22366
7QWQ-t-x	Negative	0.896475	0.103525
7QWQ-u-d	Positive	0.000879441	0.999121
7XOW-L-R	Negative	0.715247	0.284753
7UIR-C-A	Positive	0.483363	0.516637
7UIR-D-A	Positive	0.0671334	0.932867
7PI5-I-A	Negative	0.581474	0.418526
7PI5-T-A	Negative	0.695721	0.304279
7PI5-W-A	Positive	0.117574	0.882426
7PI5-M-B	Negative	0.588108	0.411892
7QTT-L-N	Positive	0.340337	0.659663
7QTX-B-A	Negative	0.875132	0.124868
7R7C-w-7	Positive	0.00129499	0.998705
7NKL-D-A	Negative	0.558474	0.441526
7NKL-E-A	Positive	0.112333	0.887667
7NKL-b-A	Negative	0.925404	0.0745959
7NKL-B-d	Positive	0.304834	0.695166
7NKL-C-d	Negative	0.964161	0.035839
7NKL-F-d	Negative	0.759928	0.240072
7W64-G-A	Negative	0.856148	0.143852
7W64-H-A	Negative	0.856148	0.143852
7RNF-F-A	Positive	0.158038	0.841962
7QCS-C-A	Negative	0.603142	0.396858
7ABI-8-v	Negative	0.92535	0.0746498
7ABI-R-r	Positive	0.045023	0.954977
7Y35-P-R	Negative	0.815794	0.184206
7P1C-B-A	Positive	0.0003314	0.999669
7UBU-P-A	Positive	0.00283034	0.99717
7UBU-Q-A	Positive	0.214669	0.785331
7A1P-B-A	Negative	0.909336	0.0906636
7WD8-A-E	Positive	0.478088	0.521912
7A2X-B-A	Negative	0.654529	0.345471
7YJ1-C-B	Positive	0.309559	0.690441
7YJ1-E-D	Negative	0.754346	0.245654
7VVU-Y-V	Negative	0.978082	0.0219176
7VVU-X-N	Positive	0.00121602	0.998784
7UVV-0-2	Positive	0.00298253	0.997017
7UVV-H-W	Positive	0.016307	0.983693
7VLJ-B-A	Positive	0.0412181	0.958782
7PGC-C-B	Positive	0.000532113	0.999468
7UC5-C-A	Positive	0.00065948	0.999341
7UJR-B-A	Negative	0.941345	0.0586552
7MX1-C-A	Positive	0.166951	0.833049
7KUI-G-A	Positive	0.00178129	0.998219
7RTE-D-C	Positive	0.350236	0.649764
7OF0-V-5	Positive	0.244251	0.755749
7NVW-W-2	Negative	0.927234	0.0727662
7KSO-F-C	Negative	0.691271	0.308729
7RUC-D-A	Negative	0.828289	0.171711
7YI6-A-B	Positive	0.230462	0.769538
7YI6-C-E	Positive	0.225915	0.774085
7XQU-C-A	Positive	0.259754	0.740246
7FJ3-C-2	Positive	0.0628657	0.937134
7FJ3-d-S	Positive	0.201461	0.798539
7BRL-L-A	Positive	0.00255595	0.997444
7RE8-C-A	Positive	0.393096	0.606904
7RE8-F-D	Positive	0.393096	0.606904
7WBI-C-A	Positive	0.018457	0.981543
7Y3F-J-A	Positive	0.394579	0.605421
7Y3F-M-B	Negative	0.677674	0.322326
7Y3F-X-B	Positive	0.324351	0.675649
7JRG-K-A	Positive	0.191406	0.808594
7CZM-C-A	Positive	0.0418179	0.958182
7CZM-D-B	Positive	0.121852	0.878148
7A6Y-J-A	Positive	0.0265986	0.973401
7A6Y-K-B	Positive	0.0524483	0.947552
7A6Y-M-D	Positive	0.0245374	0.975463
7QQN-B-A	Negative	0.833422	0.166578
7QQN-D-C	Negative	0.956197	0.0438028
7EQZ-I-A	Positive	0.000772279	0.999228
7R4H-L-G	Negative	0.851392	0.148608
7URD-B-A	Positive	0.018524	0.981476
7XJO-C-A	Negative	0.767648	0.232352
7F4D-M-R	Positive	0.0263722	0.973628
7ZV8-C-A	Positive	0.105722	0.894278
7DS4-C-B	Positive	0.00122036	0.99878
7EO0-4-1	Positive	0.0214634	0.978537
7JTV-E-B	Negative	0.527049	0.472951
7JTV-H-A	Negative	0.723281	0.276719
7RYC-L-O	Positive	0.0267879	0.973212
7CFD-I-B	Positive	0.00068448	0.999316
7CFD-K-B	Positive	0.000271	0.999729
7CFD-J-C	Positive	4.19989e-05	0.999958
7CFD-L-E	Positive	0.000526394	0.999474
7CFD-M-F	Positive	8.69632e-05	0.999913
7CFD-N-G	Positive	0.000191448	0.999809
7CFD-Z-H	Positive	0.000602089	0.999398
7JK4-F-C	Positive	0.00523157	0.994768
7D68-P-R	Negative	0.911602	0.088398
7A8U-B-A	Positive	0.146982	0.853018
7Y04-E-A	Positive	0.138609	0.861391
7CE4-B-A	Negative	0.991559	0.0084407
7Q46-B-A	Positive	0.102458	0.897542
7Q46-D-C	Positive	0.00321249	0.996788
7Q46-F-E	Positive	0.000608288	0.999392
7YF2-C-A	Positive	0.05409	0.94591
7WK8-B-C	Negative	0.521933	0.478067
7BRJ-L-A	Positive	0.00637127	0.993629
7ENO-4-1	Positive	0.0236902	0.97631
7OF5-m-8	Negative	0.605283	0.394717
7BYD-C-A	Positive	0.0858545	0.914146
7D3D-a-A	Negative	0.876458	0.123542
7ZQB-f-b	Negative	0.932496	0.0675036
7QIP-C-A	Positive	0.00198852	0.998011
7QIP-D-B	Positive	0.0121654	0.987835
7U8F-C-A	Positive	0.00362996	0.99637
7XV0-B-A	Negative	0.823524	0.176476
7A23-n-I	Positive	0.0629232	0.937077
7A23-g-M	Negative	0.531265	0.468735
7A23-l-M	Positive	0.0191237	0.980876
7A23-h-a	Positive	0.108601	0.891399
7A23-t-a	Positive	0.452154	0.547846
7L4Z-S-B	Positive	0.15111	0.84889
7JRP-W-M	Positive	0.0796261	0.920374
7JRP-h-T	Negative	0.736918	0.263082
7JRP-j-a	Positive	0.0463429	0.953657
7BRG-L-A	Positive	0.00806302	0.991937
7N6K-B-A	Negative	0.893272	0.106728
7OPX-D-A	Positive	0.314205	0.685795
7CP9-A-I	Positive	0.211191	0.788809
7CP9-B-J	Positive	0.163735	0.836265
7CP9-D-J	Positive	0.375511	0.624489
7ETV-B-A	Positive	0.0793019	0.920698
7BN1-E-A	Negative	0.986376	0.0136241
7BN1-F-B	Negative	0.978487	0.0215133
7LO0-I-A	Negative	0.90476	0.09524
7LO0-M-A	Negative	0.976371	0.0236292
7LO0-Q-A	Negative	0.895796	0.104204
7LO0-N-B	Negative	0.999594	0.000406349
7LO0-R-B	Negative	0.909134	0.0908662
7LO0-O-G	Negative	0.828821	0.171179
7UXI-B-A	Negative	0.558034	0.441966
7Y66-E-D	Positive	0.000543971	0.999456
7URE-B-A	Positive	0.00422319	0.995777
7OP0-C-A	Positive	0.00249937	0.997501
7N0W-G-A	Positive	0.00730757	0.992692
7OY3-B-A	Negative	0.956597	0.0434033
7UWO-B-A	Negative	0.592524	0.407476
7OWO-D-A	Positive	0.0017196	0.99828
7OWO-F-B	Positive	0.0017196	0.99828
7RNJ-B-L	Positive	0.00870083	0.991299
7LKY-J-A	Positive	0.00265027	0.99735
7LKY-P-G	Positive	0.00212057	0.997879
7UNU-8-G	Positive	0.00163415	0.998366
7VPG-X-A	Negative	0.868865	0.131135
7VPG-D-C	Positive	0.421047	0.578953
7WJH-B-A	Positive	0.13144	0.86856
7TYH-P-E	Positive	0.019521	0.980479
7YIY-E-D	Negative	0.851698	0.148302
7ZX8-d-M	Negative	0.77654	0.22346
7RZD-C-A	Positive	0.164548	0.835452
7R6Q-L-D	Negative	0.859235	0.140765
7R6Q-g-n	Positive	0.0231613	0.976839
7R6Q-Z-t	Positive	0.000470208	0.99953
7R6Q-h-X	Positive	0.00333214	0.996668
7M8U-C-A	Positive	0.0658884	0.934112
7OWQ-D-A	Positive	0.000119335	0.999881
7LLL-P-R	Negative	0.978933	0.0210672
7EHZ-B-A	Positive	0.00271259	0.997287
7QIO-L-N	Positive	0.0177544	0.982246
7FDM-C-A	Positive	0.0387052	0.961295
7FDM-D-B	Positive	0.021353	0.978647
7Y0S-C-B	Positive	0.292231	0.707769
7E9M-B-A	Positive	0.280116	0.719884
7JVS-C-B	Positive	0.0161845	0.983815
7ZB0-F-B	Positive	0.180262	0.819738
7ZB0-H-D	Positive	0.0500833	0.949917
7FDO-B-A	Negative	0.794379	0.205621
7TFC-U-A	Positive	0.377978	0.622022
7XTG-A-B	Positive	0.0109854	0.989015
7VVJ-P-R	Negative	0.861914	0.138086
7Q43-D-C	Positive	0.146698	0.853302
7Q43-B-A	Negative	0.881279	0.118721
7Q43-F-E	Positive	0.370163	0.629837
7UMS-V-T	Negative	0.996237	0.00376269
7O6N-C-A	Positive	0.0155563	0.984444
7O6N-D-A	Positive	0.111933	0.888067
7RNA-F-A	Positive	0.403896	0.596104
7JK5-F-C	Positive	0.00811618	0.991884
7YF4-C-A	Positive	0.000488529	0.999511
7YF4-D-B	Positive	0.00147738	0.998523
7CDB-C-A	Positive	0.193513	0.806487
7UDB-C-A	Negative	0.764924	0.235076
7F54-L-R	Positive	0.0168783	0.983122
7Z50-T-A	Negative	0.983201	0.0167989
7Z50-W-A	Negative	0.933816	0.0661839
7YOT-C-D	Positive	0.353592	0.646408
7YOT-B-D	Negative	0.693537	0.306463
7L0S-G-A	Negative	0.862384	0.137616
7P93-B-A	Negative	0.502888	0.497112
7P93-M-A	Positive	0.428059	0.571941
7P0L-D-B	Negative	0.755884	0.244116
7M5A-B-A	Positive	0.231248	0.768752
7NLC-B-A	Positive	0.277652	0.722348
7U5V-C-A	Positive	0.00486456	0.995135
7YKD-L-A	Positive	0.270506	0.729494
7T5M-E-A	Negative	0.672849	0.327151
7T5M-F-C	Negative	0.523141	0.476859
7LET-B-E	Positive	0.00101271	0.998987
7F2D-B-A	Positive	0.0194558	0.980544
7PPM-B-A	Negative	0.783989	0.216011
7ZPY-B-A	Positive	0.362103	0.637897
7K2L-P-A	Negative	0.824376	0.175624
7XZI-X-9	Positive	0.0476602	0.95234
7CZL-F-A	Positive	0.236423	0.763577
7CZL-I-A	Negative	0.901521	0.0984791
7CZL-M-A	Negative	0.903976	0.0960238
7CZL-X-D	Positive	0.0336906	0.966309
7CZL-k-c	Negative	0.793222	0.206778
7TFA-A-B	Positive	0.394602	0.605398
7E87-J-B	Positive	0.0222113	0.977789
7BCY-P-A	Positive	0.00175384	0.998246
7QTO-C-A	Negative	0.965617	0.0343831
7QTO-D-A	Negative	0.979943	0.0200566
7DRP-E-A	Positive	0.0266696	0.97333
7DRP-F-C	Positive	0.188221	0.811779
7LGT-F-A	Positive	0.00912176	0.990878
7LGT-E-C	Positive	0.00912176	0.990878
7EMB-C-A	Negative	0.9928	0.00719956
7X00-C-A	Negative	0.795713	0.204287
7QOT-C-A	Negative	0.715452	0.284548
7QOT-D-B	Negative	0.830872	0.169128
7YZX-B-A	Negative	0.515631	0.484369
7Q3L-p-A	Positive	0.0424388	0.957561
7XXG-D-A	Positive	0.305865	0.694135
7F3S-B-A	Positive	0.0937849	0.906215
7VPH-X-A	Positive	0.396097	0.603903
7VPH-D-C	Positive	0.470209	0.529791
7VPH-J-E	Negative	0.54182	0.45818
7VPH-H-G	Positive	0.487107	0.512893
7ZAK-C-A	Positive	0.174168	0.825832
7EJM-C-A	Positive	0.0222989	0.977701
7OII-B-R	Positive	0.0173727	0.982627
7RAQ-P-H	Negative	0.608799	0.391201
7S8M-A-R	Positive	0.00749498	0.992505
7FGJ-C-H	Positive	0.0349779	0.965022
7WUI-L-R	Positive	0.360612	0.639388
7WMC-C-A	Positive	0.00220341	0.997797
7Y8W-E-A	Negative	0.921638	0.0783618
7Y8W-F-A	Negative	0.984092	0.0159081
7Y8W-O-M	Negative	0.946788	0.0532122
7Y8W-P-M	Negative	0.990309	0.00969143
7Y8W-S-Q	Negative	0.888964	0.111036
7W3Z-L-A	Positive	0.0240865	0.975913
7RNU-B-A	Negative	0.554662	0.445338
7RNU-D-A	Negative	0.624979	0.375021
7RNU-F-C	Negative	0.561353	0.438647
7RNU-H-G	Positive	0.314065	0.685935
7TXF-F-A	Positive	0.000263996	0.999736
7JMM-B-A	Positive	0.0167377	0.983262
7TYY-P-E	Negative	0.867867	0.132133
7Q4Q-E-A	Positive	0.00714151	0.992858
7VBH-P-R	Negative	0.973231	0.0267692
7OYH-B-A	Negative	0.908839	0.0911614
7VDD-F-C	Positive	0.18779	0.81221
7VDD-D-G	Positive	0.0745823	0.925418
7B1G-E-A	Negative	0.935866	0.0641339
7N2P-C-A	Positive	0.0258282	0.974172
7NND-P-A	Positive	0.0934795	0.906521
7QGN-B-1	Positive	0.0122362	0.987764
7F4H-F-R	Positive	0.0226392	0.977361
7JTK-M-E	Negative	0.762527	0.237473
7JTK-U-E	Positive	0.313157	0.686843
7JTK-N-F	Positive	0.143817	0.856183
7JTK-s-F	Negative	0.738332	0.261668
7JTK-u-F	Negative	0.557785	0.442215
7DVY-C-A	Negative	0.61062	0.38938
7CUI-B-A	Positive	0.340928	0.659072
7TTC-P-A	Negative	0.801068	0.198932
7Y9C-C-A	Positive	0.481038	0.518962
7PWG-l-X	Positive	0.00444454	0.995555
7W57-C-R	Positive	0.00688454	0.993115
7SAX-E-A	Positive	0.00217844	0.997822
7SAX-G-A	Positive	0.00413236	0.995868
7YQ7-I-A	Negative	0.861756	0.138244
7YQ7-J-A	Positive	0.0112969	0.988703
7T1L-C-A	Negative	0.664828	0.335172
7B4V-B-C	Positive	0.132296	0.867704
7ZW4-B-A	Negative	0.752065	0.247935
7VGA-A-B	Positive	0.437565	0.562435
7UQC-C-A	Positive	0.0185414	0.981459
7UQC-F-D	Positive	0.0185414	0.981459
7TM3-B-C	Positive	0.191867	0.808133
7E9K-C-A	Positive	0.421754	0.578246
7E9K-F-D	Positive	0.433977	0.566023
7ZJS-E-A	Negative	0.957986	0.0420144
7VGX-L-R	Positive	0.0302625	0.969737
7QS8-C-A	Negative	0.982105	0.0178946
7MJ8-C-A	Positive	0.493519	0.506481
7EIB-D-A	Positive	0.0954693	0.904531
7LPS-C-B	Positive	0.00116796	0.998832
7LPS-F-E	Positive	0.00908955	0.99091
7NDX-B-A	Negative	0.935861	0.0641393
7R4F-Y-M	Negative	0.926131	0.073869
7YOO-L-R	Positive	0.132069	0.867931
7JFL-C-A	Negative	0.513925	0.486075
7JFL-D-A	Negative	0.892791	0.107209
7AM7-P-C	Negative	0.96373	0.0362705
7SJP-E-H	Negative	0.82726	0.17274
7SQV-C-A	Positive	0.459394	0.540606
7SQV-B-A	Positive	0.438492	0.561508
7SQV-D-A	Positive	0.0478424	0.952158
7R2T-B-A	Negative	0.797698	0.202302
7BJN-B-A	Negative	0.982748	0.0172517
7JQD-B-A	Positive	0.000103652	0.999896
7NQC-B-A	Positive	0.0327258	0.967274
7V35-P-R	Negative	0.931803	0.0681973
7SSO-A-e	Positive	0.0277238	0.972276
7LFL-C-A	Positive	0.209341	0.790659
7BYE-A-B	Negative	0.949624	0.0503756
7QSO-s-E	Positive	0.16425	0.83575
7QSO-Y-M	Positive	0.389099	0.610901
7UJP-C-A	Positive	0.38189	0.61811
7UJP-D-A	Positive	0.415975	0.584025
7SAY-E-A	Positive	0.00142546	0.998575
7SAY-F-C	Positive	0.00139635	0.998604
7AGB-I-A	Positive	0.0388739	0.961126
7K2J-P-B	Negative	0.706781	0.293219
7USQ-F-A	Negative	0.653989	0.346011
7SL7-I-A	Positive	0.473182	0.526818
7S02-C-A	Negative	0.58613	0.41387
7EKK-P-H	Positive	0.0225504	0.97745
7RG4-B-E	Positive	0.000792878	0.999207
7QSL-c-N	Negative	0.550251	0.449749
7LV0-A-e	Positive	0.00293894	0.997061
7KGS-C-A	Positive	0.489513	0.510487
7K2C-P-A	Negative	0.953405	0.046595
7S8L-A-R	Positive	0.000651034	0.999349
7C9O-A-B	Positive	0.00131184	0.998688
7ACW-B-A	Positive	0.0910607	0.908939
7ACW-D-A	Positive	0.312902	0.687098
7DDM-E-A	Negative	0.800682	0.199318
7VV4-L-R	Positive	6.92976e-05	0.999931
7QXW-e-V	Negative	0.912096	0.0879042
7S8S-C-A	Positive	0.201157	0.798843
7SZ5-C-A	Positive	0.0518129	0.948187
7MSC-1-3	Positive	0.00132671	0.998673
7PFZ-C-B	Positive	0.000532113	0.999468
7AE7-b-A	Negative	0.74606	0.25394
7K2D-P-B	Negative	0.743864	0.256136
7QTW-B-A	Negative	0.777212	0.222788
7T0V-G-A	Positive	0.0772602	0.92274
7F7O-B-A	Negative	0.661049	0.338951
7Z73-B-E	Negative	0.838593	0.161407
7Z73-C-E	Positive	0.48729	0.51271
7Z73-D-E	Negative	0.860742	0.139258
7Z73-A-F	Negative	0.794433	0.205567
7AQW-i-g	Positive	0.128877	0.871123
7TZK-C-A	Negative	0.978891	0.0211089
7E9H-C-B	Negative	0.833814	0.166186
7VD7-B-A	Negative	0.931888	0.0681123
7O5S-P-A	Positive	0.0446249	0.955375
7W0S-A-B	Negative	0.54542	0.45458
7MBX-P-R	Positive	0.430223	0.569777
7O4K-F-A	Negative	0.554938	0.445062
7NAD-V-w	Positive	0.347274	0.652726
7QUV-C-B	Negative	0.762833	0.237167
7VRJ-A-L	Negative	0.701992	0.298008
7VRJ-7-L	Negative	0.701992	0.298008
7VRJ-9-L	Negative	0.562721	0.437279
7VRJ-P-M	Negative	0.84291	0.15709
7VRJ-E-H	Positive	0.196269	0.803731
7VRJ-G-D	Positive	0.283046	0.716954
7VRJ-J-F	Negative	0.667532	0.332468
7VRJ-T-S	Positive	0.283046	0.716954
7VRJ-Z-W	Positive	0.423179	0.576821
7VRJ-4-3	Negative	0.84291	0.15709
7V8Q-H-C	Positive	0.045638	0.954362
7BZU-D-A	Positive	0.258567	0.741433
7T56-C-A	Negative	0.867908	0.132092
7TL7-a-A	Positive	0.00392229	0.996078
7CLV-C-A	Positive	0.0624431	0.937557
7MSO-E-A	Positive	0.0617576	0.938242
7PLL-B-A	Positive	0.202243	0.797757
7ABH-L-F	Positive	0.00327794	0.996722
7ABH-7-T	Positive	0.0358832	0.964117
7DRN-E-A	Positive	0.271987	0.728013
7Q5X-B-A	Negative	0.95656	0.0434399
7X9E-E-A	Positive	0.463319	0.536681
7NM9-P-A	Positive	0.451929	0.548071
7MFR-P-A	Positive	0.00238067	0.997619
7O31-P-L	Positive	0.274376	0.725624
7JK7-A-B	Positive	0.00380555	0.996194
7ZYV-G-A	Negative	0.573865	0.426135
7ZYV-Q-A	Negative	0.903959	0.0960415
7ZYV-O-I	Negative	0.635383	0.364617
7ZYV-P-I	Positive	0.465264	0.534736
7X7N-H-B	Positive	0.492718	0.507282
7EU1-L-B	Positive	0.0388469	0.961153
7Y99-B-A	Negative	0.62434	0.37566
7S3D-J-A	Negative	0.881399	0.118601
7D2Q-D-A	Negative	0.994085	0.00591487
7KLZ-C-A	Negative	0.737355	0.262645
7E6P-A-L	Positive	0.484056	0.515944
7ZL7-D-A	Positive	0.494159	0.505841
7E5E-E-A	Positive	0.0424417	0.957558
7MB8-E-A	Positive	0.00489019	0.99511
7UIQ-D-A	Positive	0.0437898	0.95621
7P33-J-A	Positive	0.491759	0.508241
7P33-H-B	Positive	0.264795	0.735205
7P33-F-B	Negative	0.658568	0.341432
7P33-I-D	Positive	0.372883	0.627117
7Q50-B-A	Positive	0.0628224	0.937178
7VVO-P-R	Negative	0.958557	0.0414427
7LWB-D-A	Negative	0.769266	0.230734
7XFG-B-A	Negative	0.821437	0.178563
7W5R-H-E	Negative	0.895132	0.104868
7RJE-I-K	Positive	0.000558336	0.999442
7CIS-C-A	Positive	0.000585611	0.999414
7RUG-L-A	Positive	0.0341752	0.965825
7LUL-B-A	Negative	0.527521	0.472479
7RTI-D-C	Positive	0.273319	0.726681
7C52-8-L	Positive	0.324392	0.675608
7C52-E-H	Positive	0.460256	0.539744
7C52-R-O	Positive	0.324392	0.675608
7ZIT-C-A	Positive	0.20432	0.79568
7AD9-A-B	Negative	0.969869	0.0301313
7A4Y-D-B	Negative	0.681244	0.318756
7A4Y-E-B	Positive	0.0755602	0.92444
7EMA-C-A	Negative	0.638279	0.361721
7EGT-D-A	Negative	0.711242	0.288758
7UDM-C-A	Positive	0.129054	0.870946
7PKQ-u-B	Positive	0.0363654	0.963635
7KQ1-B-A	Positive	0.200525	0.799475
7KQ1-F-E	Negative	0.69163	0.30837
7RG6-C-A	Positive	0.0011229	0.998877
7RG6-D-A	Positive	0.00259021	0.99741
7JSX-x-A	Negative	0.927575	0.0724248
7F7G-C-A	Positive	0.0104798	0.98952
7AA9-B-A	Negative	0.641169	0.358831
7AA9-F-A	Negative	0.920793	0.0792066
7TT6-C-D	Negative	0.824116	0.175884
7W5M-B-A	Positive	0.00371721	0.996283
7JQC-F-D	Negative	0.947297	0.0527028
7F16-P-R	Negative	0.535579	0.464421
7OIE-4-r	Positive	8.13412e-05	0.999919
7ZRR-B-A	Positive	0.0207931	0.979207
7UFG-C-A	Positive	0.445487	0.554513
7UFG-D-B	Positive	0.147833	0.852167
7RGP-P-R	Positive	0.163952	0.836048
7YXR-R-A	Negative	0.924475	0.0755252
7YXR-S-A	Negative	0.924475	0.0755252
7OUP-F-A	Positive	0.117947	0.882053
7ANK-C-A	Positive	0.171387	0.828613
7ATN-D-A	Positive	0.216117	0.783883
7BR7-B-K	Negative	0.798601	0.201399
7BR7-O-K	Positive	0.314499	0.685501
7XK8-P-R	Positive	0.00356372	0.996436
7EDO-C-A	Positive	0.0147126	0.985287
7VV0-L-R	Positive	0.00167747	0.998323
7Y60-K-L	Positive	0.410505	0.589495
7YC2-F-A	Positive	0.0236924	0.976308
7R0J-A-C	Positive	0.0870483	0.912952
7XHN-o-I	Negative	0.970913	0.0290869
7CPO-C-A	Negative	0.71067	0.28933
7MVZ-C-A	Positive	0.338356	0.661644
7F8X-C-A	Positive	0.132296	0.867704
7K48-E-A	Positive	0.000330361	0.99967
7QOH-j-A	Negative	0.747522	0.252478
7QOH-l-B	Negative	0.951296	0.0487042
7QOH-m-C	Negative	0.890178	0.109822
7AUE-C-R	Positive	0.000192816	0.999807
7E32-G-B	Negative	0.928989	0.0710106
7Q4P-1-A	Positive	0.495968	0.504032
7M76-K-A	Positive	0.215444	0.784556
7LBM-w-A	Positive	0.157003	0.842997
7BRI-L-A	Positive	0.122119	0.877881
7P0T-C-A	Positive	0.233448	0.766552
7SHL-R-A	Positive	0.445065	0.554935
7VCQ-K-A	Negative	0.986076	0.0139242
7XXJ-D-A	Positive	0.153916	0.846084
7U0A-A-H	Negative	0.683225	0.316775
7TZ6-I-A	Positive	0.484383	0.515617
7YX8-F-A	Negative	0.886171	0.113829
7YX8-H-A	Negative	0.918849	0.0811505
7QRM-G-A	Positive	0.199204	0.800796
7SQA-C-B	Positive	0.0127942	0.987206
7RM0-P-A	Positive	0.171416	0.828584
7RM0-Q-C	Positive	0.0443282	0.955672
7RM0-R-E	Positive	0.326996	0.673004
7XHB-B-A	Negative	0.894545	0.105455
7RJK-C-A	Positive	0.350319	0.649681
7TS0-U-P	Negative	0.963026	0.0369743
7CTT-D-A	Negative	0.881037	0.118963
7C1M-B-A	Negative	0.866328	0.133672
7ZVC-C-A	Positive	0.0206832	0.979317
7LX0-T-G	Positive	0.156217	0.843783
7QY5-F-B	Negative	0.640976	0.359024
7QY5-G-D	Positive	0.251228	0.748772
7E11-B-A	Positive	0.214534	0.785466
7JWQ-V-A	Negative	0.874882	0.125118
7CDD-C-A	Positive	0.0128004	0.9872
7FIN-P-R	Negative	0.97284	0.0271605
7X6V-B-A	Positive	0.00790911	0.992091
7K2M-P-A	Negative	0.928014	0.0719862
7O5H-U-K	Positive	0.0218674	0.978133
7D9V-C-A	Negative	0.90176	0.0982397
7D9V-D-B	Negative	0.978748	0.0212521
7XHA-B-A	Negative	0.940234	0.059766
7A0R-2-C	Positive	0.00133705	0.998663
7FB9-N-B	Negative	0.737307	0.262693
7EMC-C-A	Negative	0.969215	0.0307846
7JYA-D-A	Positive	0.0220153	0.977985
7JYA-F-A	Positive	0.0162284	0.983772
7JYA-E-B	Positive	0.0140432	0.985957
7F6H-L-A	Positive	0.00853486	0.991465
7F6H-D-C	Negative	0.669078	0.330922
7UJS-B-A	Negative	0.547581	0.452419
7JGB-b-a	Positive	0.204547	0.795453
7JGB-d-a	Positive	0.156265	0.843735
7VSI-B-A	Positive	0.360655	0.639345
7YXW-D-A	Positive	0.203789	0.796211
7K28-P-B	Negative	0.969444	0.0305563
7CIR-C-A	Positive	0.001602	0.998398
7NKP-G-L	Negative	0.957266	0.0427344
7NKP-H-L	Negative	0.944702	0.0552976
7P02-P-R	Positive	0.0240674	0.975933
7EGR-K-A	Positive	0.00662993	0.99337
7EGR-N-F	Positive	0.00662993	0.99337
7LG2-C-A	Negative	0.983966	0.0160344
7UZO-B-A	Positive	0.456859	0.543141
7V7K-C-A	Positive	0.127663	0.872337
7M60-C-A	Positive	0.0276742	0.972326
7M60-B-A	Positive	0.159546	0.840454
7NKK-C-G	Positive	0.0622315	0.937768
7DEG-C-A	Positive	0.259831	0.740169
7KGQ-C-A	Negative	0.79435	0.20565
7CO7-C-D	Positive	0.12563	0.87437
7PWF-e-J	Positive	0.0660427	0.933957
7PWF-d-D	Positive	0.00120088	0.998799
7Q1E-P-A	Positive	0.0618152	0.938185
7C41-D-A	Negative	0.898736	0.101264
7EWJ-C-A	Negative	0.949518	0.0504823
7EWJ-F-D	Negative	0.759452	0.240548
7STX-C-A	Positive	0.234958	0.765042
7DF9-V-A	Positive	0.475275	0.524725
7T0L-C-A	Positive	0.00501621	0.994984
7KGR-C-A	Negative	0.508281	0.491719
7RLX-P-B	Negative	0.762825	0.237175
7BY2-A-B	Negative	0.989665	0.0103346
7EBZ-D-A	Positive	0.332086	0.667914
7ML1-U-O	Positive	0.209758	0.790242
7ML1-V-O	Positive	0.14193	0.85807
7YF3-C-A	Positive	0.0753586	0.924641
7YF3-D-B	Positive	0.0054841	0.994516
7K76-P-A	Positive	0.00568439	0.994316
7RMA-C-A	Negative	0.929692	0.0703075
7XGJ-D-A	Positive	0.13314	0.86686
7XMT-C-S	Negative	0.962683	0.0373167
7Q1F-P-A	Negative	0.85586	0.14414
7Q1F-V-R	Positive	0.23281	0.76719
7WFY-A-C	Negative	0.741502	0.258498
7Y65-L-D	Positive	0.000698155	0.999302
7RJP-B-A	Positive	0.00609266	0.993907
7Z42-Y-A	Positive	0.107636	0.892364
7Z42-G-A	Positive	0.0906893	0.909311
7Z42-I-D	Positive	0.043068	0.956932
7E9S-B-A	Positive	0.0602544	0.939746
7SWL-G-A	Positive	0.444793	0.555207
7X5Q-H-B	Positive	0.433748	0.566252
7MD5-M-A	Negative	0.955018	0.0449818
7QV8-D-A	Negative	0.851532	0.148468
7PIU-P-R	Positive	0.00100501	0.998995
7BDU-C-A	Positive	0.317345	0.682655
7BDU-D-A	Positive	0.232337	0.767663
7BDU-E-A	Positive	0.191608	0.808392
7B1H-C-B	Negative	0.541529	0.458471
7B1H-D-B	Negative	0.775124	0.224876
7B1H-H-E	Negative	0.617937	0.382063
7W91-D-B	Positive	0.104721	0.895279
7T2U-E-A	Positive	0.053932	0.946068
7T2U-F-C	Positive	0.231154	0.768846
7SKL-B-A	Positive	0.0160608	0.983939
7SKL-E-A	Positive	0.000498508	0.999501
7RLV-P-B	Negative	0.898525	0.101475
7RLV-Q-F	Negative	0.946909	0.0530907
7ZKY-A-B	Positive	0.0790373	0.920963
7NNE-P-A	Positive	0.244044	0.755956
7M5L-E-A	Positive	0.00222512	0.997775
7M5L-F-C	Positive	0.00222512	0.997775
7QS9-C-A	Positive	0.441975	0.558025
7YOU-C-A	Negative	0.650246	0.349754
7YOU-B-A	Negative	0.846021	0.153979
7UDJ-G-H	Positive	0.0598486	0.940151
7EDA-I-A	Negative	0.820523	0.179477
7EDA-L-A	Negative	0.945937	0.0540626
7EDA-T-A	Negative	0.813772	0.186228
7EDA-M-B	Positive	0.460503	0.539497
7CNC-B-A	Positive	0.286523	0.713477
7DFA-V-A	Negative	0.769541	0.230459
7SXG-B-A	Positive	0.281854	0.718146
7K2A-P-A	Negative	0.612481	0.387519
7N0X-G-H	Positive	0.0720866	0.927913
7QRU-e-B	Positive	0.263653	0.736347
7OQW-P-A	Negative	0.851309	0.148691
7PRV-F-A	Positive	0.00951654	0.990483
7M52-A-H	Positive	0.00649081	0.993509
7OBD-B-A	Positive	0.000754959	0.999245
7AEF-u-M	Positive	0.340502	0.659498
7BM9-B-A	Negative	0.581047	0.418953
7RFZ-B-A	Positive	0.000763443	0.999237
7NHN-6-0	Positive	0.0304151	0.969585
7NHN-7-I	Positive	0.00100327	0.998997
7NHN-9-K	Positive	0.00211876	0.997881
7KL0-C-A	Positive	0.332154	0.667846
7FIY-P-R	Positive	0.121132	0.878868
7OXK-B-A	Positive	0.0272801	0.97272
7OXK-C-A	Positive	0.0027875	0.997213
7WZN-J-A	Positive	0.394802	0.605198
7D0J-J-A	Negative	0.552279	0.447721
7XUV-B-A	Negative	0.968574	0.0314255
7QCO-J-A	Negative	0.656105	0.343895
7QCO-M-B	Negative	0.831729	0.168271
7QCO-Q-E	Negative	0.656105	0.343895
7CDC-C-A	Positive	0.0301898	0.96981
7YOM-B-A	Negative	0.979137	0.020863
7VNM-1-L	Negative	0.875684	0.124316
7VNM-B-H	Negative	0.567363	0.432637
7VNM-V-S	Negative	0.702722	0.297278
7VNM-C-U	Negative	0.770801	0.229199
7VNM-2-W	Negative	0.623034	0.376966
7EU4-O-A	Negative	0.834501	0.165499
7EU4-P-A	Negative	0.619848	0.380152
7ZCU-B-A	Negative	0.713466	0.286534
7ZCU-R-A	Negative	0.713466	0.286534
7ACV-C-A	Negative	0.854249	0.145751
7C8E-C-A	Positive	0.00730919	0.992691
7C8E-D-B	Positive	0.0016591	0.998341
7OXG-C-A	Positive	0.0427348	0.957265
7OXG-D-B	Positive	0.0613017	0.938698
7P71-C-A	Negative	0.885265	0.114735
7P71-D-B	Negative	0.806246	0.193754
7MB6-C-A	Positive	0.0622844	0.937716
7BW2-J-A	Positive	0.296432	0.703568
7BW2-K-A	Positive	0.215444	0.784556
7BW2-I-B	Negative	0.772489	0.227511
7BW2-M-B	Negative	0.838474	0.161526
7BW2-X-B	Positive	0.458339	0.541661
7RLY-Q-B	Negative	0.800211	0.199789
7RLY-P-D	Negative	0.935296	0.0647041
7RLY-R-F	Negative	0.946964	0.0530357
7F53-L-R	Positive	0.0108229	0.989177
7SMD-B-A	Negative	0.878309	0.121691
7TT4-P-A	Positive	0.365084	0.634916
7TO7-C-A	Negative	0.92457	0.0754298
7PC3-C-A	Negative	0.982105	0.0178946
7QGU-2-E	Negative	0.855426	0.144574
7QGU-3-F	Positive	0.0806339	0.919366
7DK7-e-f	Positive	0.254697	0.745303
7NHL-6-0	Positive	0.168452	0.831548
7NHL-9-P	Positive	0.00479091	0.995209
7XSJ-C-A	Positive	0.407313	0.592687
7JZZ-J-A	Positive	0.354814	0.645186
7R8X-C-A	Negative	0.534883	0.465117
7SID-B-A	Negative	0.906551	0.0934493
7K5I-1-D	Negative	0.971046	0.0289535
7K5I-e-J	Positive	0.00226956	0.99773
7X5C-B-A	Positive	0.389188	0.610812
7VXX-A-B	Negative	0.944567	0.0554333
7AK8-G-A	Negative	0.848358	0.151642
7AK8-H-A	Negative	0.835204	0.164796
7AK8-K-A	Negative	0.704091	0.295909
7AK8-J-C	Negative	0.737143	0.262857
7F6M-B-A	Negative	0.971836	0.0281637
7K2B-P-B	Negative	0.884769	0.115231
7NAM-B-A	Positive	0.00128495	0.998715
7Y26-C-E	Positive	0.031798	0.968202
7KEI-C-A	Positive	0.16467	0.83533
7OW3-C-A	Positive	0.109864	0.890136
7OW3-F-D	Positive	0.00793263	0.992067
7OW3-I-G	Positive	0.0216264	0.978374
7CDE-C-A	Positive	0.00613664	0.993863
7MNV-B-A	Positive	0.00611202	0.993888
7O1F-J-A	Positive	0.49394	0.50606
7O1F-O-F	Negative	0.624948	0.375052
7QTU-D-B	Positive	0.122234	0.877766
7BXV-A-L	Positive	0.49809	0.50191
7SA2-C-A	Negative	0.870797	0.129203
7AKO-C-A	Positive	0.0158564	0.984144
7AKO-D-B	Positive	0.00724382	0.992756
7MKK-C-B	Negative	0.692741	0.307259
7MKK-D-B	Negative	0.661797	0.338203
7MKK-F-B	Negative	0.896427	0.103573
7ZQC-J-A	Positive	0.342937	0.657063
7USO-F-A	Positive	0.257057	0.742943
7YK5-b-A	Negative	0.90903	0.0909696
7YK5-i-J	Positive	0.0227204	0.97728
7M53-A-H	Positive	0.322422	0.677578
7OUN-B-A	Positive	0.115856	0.884144
7YQ2-I-A	Negative	0.861756	0.138244
7YQ2-j-a	Positive	0.0444629	0.955537
7YQ2-y-c	Positive	0.382747	0.617253
7F6G-L-A	Positive	0.0570487	0.942951
7SME-B-A	Negative	0.580236	0.419764
7RPU-P-A	Negative	0.779142	0.220858
7EVR-B-A	Negative	0.676558	0.323442
7U0H-m-b	Positive	0.16544	0.83456
7MEY-F-A	Positive	0.00540039	0.9946
7MNP-B-A	Positive	0.0020764	0.997924
7OVC-B-A	Negative	0.963854	0.0361456
7XL7-B-A	Negative	0.580725	0.419275
7CFC-F-A	Positive	0.0363752	0.963625
7CFC-I-D	Positive	0.0124363	0.987564
7EGU-B-A	Positive	0.00174129	0.998259
7FAX-B-A	Negative	0.898507	0.101493
7UY7-D-A	Positive	0.101377	0.898623
7QP6-F-D	Positive	0.00473976	0.99526
7MLE-C-A	Positive	0.159661	0.840339
7PIK-E-D	Positive	0.223968	0.776032
7DSB-D-B	Positive	4.43515e-05	0.999956
7Y3J-A-L	Negative	0.726619	0.273381
7Y8R-R-B	Positive	0.0253944	0.974606
7Y8R-U-I	Negative	0.940143	0.0598566
7Y46-E-C	Positive	0.202739	0.797261
7F60-F-B	Positive	0.438467	0.561533
7ETT-B-A	Positive	0.0182269	0.981773
7DEE-B-A	Positive	0.114624	0.885376
7LJ0-A-B	Positive	0.23334	0.76666
7U6E-G-E	Positive	0.266554	0.733446
7MGV-V-A	Negative	0.833175	0.166825
7MGV-T-A	Negative	0.867621	0.132379
7QYR-K-A	Positive	0.0370589	0.962941
7QYR-T-B	Positive	0.117648	0.882352
7QYR-N-D	Positive	0.0890133	0.910987
7YVB-P-A	Positive	0.00825455	0.991745
7RLE-B-A	Negative	0.862396	0.137604
7RLE-D-C	Positive	0.300937	0.699063
7F4L-E-D	Negative	0.914479	0.0855209
7BBL-F-A	Negative	0.678865	0.321135
7BBL-E-C	Negative	0.961444	0.0385563
7R5R-L-A	Positive	0.0197962	0.980204
7UYK-D-A	Positive	0.068187	0.931813
7L04-C-E	Positive	0.00545002	0.99455
7D0Q-B-A	Negative	0.924299	0.0757011
7ROV-E-A	Negative	0.863062	0.136938
7JN8-B-A	Positive	0.28725	0.71275
7USY-D-A	Positive	0.437574	0.562426
7KCL-C-A	Negative	0.929986	0.0700136
7QH7-I-N	Positive	0.151204	0.848796
7QH7-V-U	Positive	0.219469	0.780531
7QH7-f-W	Positive	0.000868753	0.999131
7QH7-1-3	Positive	0.0681968	0.931803
7X5V-E-A	Positive	0.233049	0.766951
7SA3-E-A	Positive	0.473	0.527
7SA3-F-A	Positive	0.0430465	0.956953
7SA3-I-A	Positive	0.33214	0.66786
7SA3-K-C	Negative	0.884779	0.115221
7OH3-z-B	Positive	0.0869889	0.913011
7A00-C-A	Positive	0.328913	0.671087
7YMI-I-A	Negative	0.70536	0.29464
7YMI-L-A	Negative	0.907995	0.0920049
7YMI-T-A	Negative	0.875033	0.124967
7YMI-M-B	Negative	0.583769	0.416231
7YMI-K-C	Positive	0.168334	0.831666
7YMI-F-D	Positive	0.469352	0.530648
7YMI-X-D	Positive	0.0141766	0.985823
7YMI-Y-Z	Positive	0.381676	0.618324
7S5J-B-A	Positive	0.469559	0.530441
7AST-A-N	Positive	0.000931265	0.999069
7AST-C-B	Positive	0.0138893	0.986111
7CQI-E-T	Positive	0.346739	0.653261
7CQI-C-A	Negative	0.610513	0.389487
7XHF-C-A	Negative	0.991856	0.00814378
7XHF-D-B	Negative	0.985979	0.0140213
7FAD-B-A	Negative	0.836469	0.163531
7K2G-P-B	Positive	0.481659	0.518341
7DHG-B-C	Positive	0.429631	0.570369
7YOL-B-A	Positive	0.0335245	0.966476
7S82-C-A	Positive	0.280533	0.719467
7LMM-G-B	Positive	0.282423	0.717577
7VFL-D-A	Positive	0.319127	0.680873
7VFL-G-C	Positive	0.496182	0.503818
7BQU-B-A	Positive	0.000123702	0.999876
7OHI-B-A	Negative	0.630415	0.369585
7SG1-C-A	Negative	0.946062	0.053938
7USP-F-A	Negative	0.86374	0.13626
7VAZ-G-C	Positive	0.010144	0.989856
7VAZ-E-A	Positive	0.010144	0.989856
7A1I-B-A	Negative	0.559513	0.440487
7EG6-M-G	Positive	0.0212076	0.978792
7NMD-F-D	Positive	0.190424	0.809576
7Z52-A-B	Negative	0.510164	0.489836
7SLW-G-A	Negative	0.530466	0.469534
7M78-K-A	Positive	0.215444	0.784556
7STJ-D-A	Negative	0.591105	0.408895
7RAF-D-A	Negative	0.915879	0.0841213
7Q4I-F-A	Negative	0.879806	0.120194
7Q4I-G-B	Negative	0.879806	0.120194
7F69-C-A	Positive	0.31908	0.68092
7S1M-P-R	Negative	0.904168	0.0958321
7K2K-P-B	Negative	0.840545	0.159455
7YKF-B-A	Positive	0.0204472	0.979553
7YKF-D-A	Positive	0.0107297	0.98927
7MJ7-C-A	Positive	0.409367	0.590633
7PKS-M-b	Positive	0.229521	0.770479
7RN8-F-A	Negative	0.854102	0.145898
7L1B-C-A	Positive	0.0118734	0.988127
7EV4-S-A	Positive	0.0657129	0.934287
7OYE-B-A	Negative	0.967645	0.0323554
7MSH-6-F	Positive	0.00546288	0.994537
7MSH-H-X	Positive	0.28103	0.71897
7TF6-J-A	Positive	0.0581865	0.941813
7ARM-V-C	Negative	0.628736	0.371264
7W29-P-A	Negative	0.943524	0.0564762
7MQR-H-E	Negative	0.758488	0.241512
7OXE-B-A	Negative	0.912997	0.0870028
7ZWA-C-A	Positive	0.073496	0.926504
7F5M-C-A	Positive	0.0193102	0.98069
7UMI-A-E	Positive	0.0390765	0.960924
7STK-D-A	Positive	0.320206	0.679794
7JU4-U-3	Negative	0.584872	0.415128
7JU4-M-E	Positive	0.347674	0.652326
7NHT-c-A	Negative	0.797381	0.202619
7NHT-d-A	Negative	0.854537	0.145463
7PFY-D-B	Positive	4.71849e-05	0.999953
7BAG-C-A	Positive	0.0445307	0.955469
7CQH-A-B	Positive	0.120567	0.879433
7R86-C-A	Positive	0.00121951	0.99878
7R86-D-A	Positive	0.000652953	0.999347
7JN9-B-A	Positive	0.00869555	0.991304
7SIS-C-A	Positive	0.392392	0.607608
7YIU-E-B	Negative	0.961895	0.0381048
7YXB-G-A	Positive	0.136464	0.863536
7YXB-H-C	Positive	0.258895	0.741105
7OR5-B-A	Positive	0.00344295	0.996557
7RCV-T-A	Negative	0.936787	0.0632128
7UJD-Z-A	Positive	0.0601338	0.939866
7RTA-N-H	Positive	0.0335704	0.96643
7TAU-1-A	Positive	0.439044	0.560956
7TAU-2-A	Negative	0.622498	0.377502
7TAU-3-D	Positive	0.495658	0.504342
7TAU-4-D	Positive	0.242643	0.757357
7TAU-5-G	Negative	0.647984	0.352016
7TAU-O-N	Negative	0.543279	0.456721
7EQD-A-L	Positive	0.411095	0.588905
7EQD-K-L	Positive	0.411095	0.588905
7O5B-h-g	Negative	0.741742	0.258258
7SFX-F-C	Positive	0.00140322	0.998597
7VWO-D-A	Negative	0.890204	0.109796
7VWO-J-B	Negative	0.793622	0.206378
7OW4-C-A	Positive	0.0284274	0.971573
7XXA-D-A	Positive	0.155145	0.844855
7S47-B-A	Positive	0.166987	0.833013
7AJQ-F-A	Positive	0.174127	0.825873
7AJQ-G-A	Negative	0.886772	0.113228
7XV4-B-A	Negative	0.865043	0.134957
7PPN-B-A	Negative	0.680707	0.319293
7URF-B-A	Positive	0.00684627	0.993154
7RN7-F-A	Negative	0.795438	0.204562
7B1F-C-B	Positive	0.481669	0.518331
7C4J-G-B	Positive	0.0935096	0.90649
7B93-s-E	Positive	0.364003	0.635997
7B93-c-O	Negative	0.645769	0.354231
7WZZ-C-A	Positive	0.0492561	0.950744
7OS1-F-B	Positive	0.216	0.784
7LFJ-C-A	Positive	0.354773	0.645227
7S5G-C-B	Negative	0.785073	0.214927
7SL5-C-A	Positive	0.374029	0.625971
7KGO-C-A	Positive	0.00846006	0.99154
7YCJ-B-A	Positive	0.117508	0.882492
7KD6-B-E	Positive	0.0758793	0.924121
7KD6-F-E	Positive	0.24854	0.75146
7KD6-H-K	Positive	0.0364292	0.963571
7KD6-T-W	Positive	0.049195	0.950805
7KD6-X-W	Positive	0.261262	0.738738
7U1R-C-A	Negative	0.714892	0.285108
7OYQ-C-A	Positive	0.309632	0.690368
7R8W-B-A	Negative	0.933208	0.0667916
7UNF-r-k	Negative	0.616712	0.383288
7STF-C-H	Positive	0.122108	0.877892
7A5P-u-M	Negative	0.958969	0.0410311
7T7T-W-A	Positive	0.0102558	0.989744
7T7T-X-B	Positive	0.0113019	0.988698
7KQ0-B-A	Negative	0.736106	0.263894
7KQ0-F-A	Negative	0.649923	0.350077
7KQ0-D-C	Negative	0.507223	0.492777
7TB1-C-A	Negative	0.576837	0.423163
7ZGP-F-A	Positive	0.0175873	0.982413
7K7H-G-A	Positive	0.116828	0.883172
7UOA-B-A	Positive	0.491684	0.508316
7OE1-U-K	Positive	0.00535061	0.994649
7OWR-E-B	Positive	0.00010391	0.999896
7M2Y-U-D	Positive	0.435931	0.564069
7NPG-P-A	Positive	0.0979697	0.90203
7UWI-F-A	Negative	0.810225	0.189775
7DVQ-y-3	Positive	0.139302	0.860698
7DNE-C-A	Positive	0.0223383	0.977662
7TBT-B-A	Negative	0.920948	0.0790523
7RNV-B-A	Negative	0.502527	0.497473
7OXY-B-A	Negative	0.869145	0.130855
7S2T-F-A	Negative	0.547463	0.452537
7S2T-H-C	Positive	0.306434	0.693566
7D6F-B-A	Positive	0.495495	0.504505
7UXK-B-A	Positive	0.295881	0.704119
7UJQ-C-A	Positive	0.38189	0.61811
7OHX-i-D	Negative	0.568329	0.431671
7L1U-L-R	Positive	0.00782669	0.992173
7PO4-v-I	Negative	0.7072	0.2928
7CG4-f-b	Positive	0.421492	0.578508
7AZ8-H-A	Negative	0.503682	0.496318
7RSW-C-B	Positive	0.0388889	0.961111
7BZO-D-A	Positive	0.186873	0.813127
7P9U-A-B	Positive	0.173573	0.826427
7ETU-B-A	Positive	0.0526372	0.947363
7PC7-E-A	Negative	0.653401	0.346599
7PC7-F-B	Positive	0.403896	0.596104
7ZL4-D-B	Negative	0.942839	0.0571605
7VCF-N-A	Negative	0.911354	0.0886465
7YG3-B-A	Negative	0.89827	0.10173
7D8H-B-A	Negative	0.529244	0.470756
7QDW-B-A	Positive	0.0197967	0.980203
7ULO-C-A	Positive	0.0330931	0.966907
7TF9-J-A	Positive	0.0148779	0.985122
7WXX-B-A	Positive	0.0826822	0.917318
7SEO-F-A	Negative	0.795438	0.204562
7YON-L-R	Positive	0.0352135	0.964787
7ABG-F-L	Positive	0.0505447	0.949455
7ZY4-C-A	Negative	0.830775	0.169225
7ZY4-D-B	Negative	0.805102	0.194898
7Z4S-C-A	Positive	0.0827625	0.917237
7ARX-C-B	Positive	0.0217226	0.978277
7SUO-C-A	Positive	0.168568	0.831432
7SUO-D-B	Positive	0.440145	0.559855
7DNO-C-A	Positive	0.0634541	0.936546
7ZGR-C-A	Positive	0.053084	0.946916
7AD0-H-A	Negative	0.946	0.0540001
7EP7-B-A	Negative	0.929837	0.0701632
7QBI-I-A	Positive	0.0596916	0.940308
7CJQ-C-A	Positive	0.289167	0.710833
7K2H-P-B	Negative	0.891592	0.108408
7VMW-C-A	Positive	0.0362307	0.963769
7KME-L-H	Negative	0.97747	0.0225296
7P0U-U-A	Positive	0.340146	0.659854
7P0U-E-A	Negative	0.896171	0.103829
7P0U-G-F	Negative	0.912889	0.0871111
7ZZQ-U-A	Negative	0.829081	0.170919
7ZZQ-V-A	Positive	0.0893138	0.910686
7ZZQ-W-B	Negative	0.883951	0.116049
7ZZQ-X-B	Negative	0.858764	0.141236
7ZZQ-Y-C	Negative	0.618724	0.381276
7ZZQ-Q-E	Negative	0.888912	0.111088
7ZZQ-R-E	Negative	0.951283	0.0487174
7ZZQ-T-F	Negative	0.790754	0.209246
7ZZQ-S-G	Positive	0.482452	0.517548
7ZZQ-b-N	Negative	0.92472	0.0752796
7ZZQ-a-O	Negative	0.677861	0.322139
7DFB-V-A	Negative	0.509805	0.490195
7VRC-B-A	Positive	0.274257	0.725743
7ZUC-C-A	Positive	0.0656184	0.934382
7Z8E-B-A	Positive	0.495333	0.504667
7KNG-C-A	Positive	0.151786	0.848214
7C9R-6-L	Positive	0.308362	0.691638
7C9R-P-M	Positive	0.441551	0.558449
7C9R-B-H	Positive	0.157594	0.842406
7C9R-2-H	Negative	0.513201	0.486799
7C9R-4-H	Positive	0.289174	0.710826
7C9R-0-H	Negative	0.513201	0.486799
7C9R-G-D	Negative	0.513201	0.486799
7C9R-N-I	Positive	0.465559	0.534441
7C9R-R-O	Positive	0.302562	0.697438
7E8E-K-C	Positive	0.0808272	0.919173
7E8E-L-D	Positive	0.0504048	0.949595
7UYJ-C-A	Positive	0.446485	0.553515
7RZZ-C-A	Negative	0.7255	0.2745
7QPH-E-A	Positive	0.0463952	0.953605
7WCY-C-A	Positive	0.222586	0.777414
7N19-C-A	Positive	0.426779	0.573221
7N19-F-D	Positive	0.426779	0.573221
7N19-L-J	Positive	0.426779	0.573221
7QRD-M-A	Positive	0.00736258	0.992637
7QRD-L-C	Positive	0.00736258	0.992637
7LEW-B-A	Negative	0.610184	0.389816
7Y8A-I-8	Negative	0.781414	0.218586
7YNJ-B-A	Positive	0.425003	0.574997
7NMI-A-B	Negative	0.939784	0.0602161
7Q44-B-A	Positive	0.0984244	0.901576
7Q44-D-C	Positive	0.0378202	0.96218
7Z36-C-A	Negative	0.858493	0.141507
7Z36-D-A	Negative	0.835248	0.164752
7Z36-S-A	Negative	0.932316	0.0676837
7DU5-C-A	Negative	0.73285	0.26715
7CNA-B-A	Negative	0.677038	0.322962
7CNA-C-A	Negative	0.723185	0.276815
7CNA-E-D	Positive	0.4757	0.5243
7CNA-F-D	Negative	0.72818	0.27182
7TBH-a-A	Negative	0.636588	0.363412
7QTP-B-A	Positive	0.0708661	0.929134
7CYL-B-A	Positive	0.362517	0.637483
7YOH-P-A	Positive	0.124259	0.875741
7P72-B-A	Positive	0.158254	0.841746
7OOD-2-e	Positive	0.000230047	0.99977
7UHE-B-A	Positive	0.0139819	0.986018
7UHE-D-A	Positive	0.00834304	0.991657
7TB2-B-A	Positive	0.298567	0.701433
7RK3-B-A	Positive	0.00166447	0.998336
7P0A-C-A	Positive	0.294081	0.705919
7YNI-B-A	Positive	0.270358	0.729642
7JGC-b-a	Positive	0.10534	0.89466
7WVX-L-R	Positive	0.435668	0.564332
7K3K-B-A	Negative	0.54265	0.45735
7S1B-C-A	Negative	0.799748	0.200252
7UM3-B-I	Positive	0.0191097	0.98089
7UM3-A-H	Positive	0.0157055	0.984294
7JYW-C-A	Positive	0.167829	0.832171
7DFC-V-A	Positive	0.0364199	0.96358
7UGW-E-A	Positive	0.0491088	0.950891
7M5M-D-A	Positive	0.0391738	0.960826
7OKP-E-A	Positive	0.039153	0.960847
7NVR-s-c	Positive	0.106726	0.893274
7UJV-A-B	Negative	0.861904	0.138096
7R4G-Y-M	Negative	0.926131	0.073869
7MJ9-C-A	Positive	0.342883	0.657117
7EJN-C-A	Positive	0.116366	0.883634
7R6K-g-I	Positive	0.0090303	0.99097
7R6K-r-l	Positive	0.00564088	0.994359
7EXE-C-A	Positive	0.0273986	0.972601
7T70-C-A	Positive	0.150801	0.849199
7VY3-A-L	Positive	0.293588	0.706412
7VY3-B-L	Negative	0.674501	0.325499
7VY3-1-M	Negative	0.878714	0.121286
7VY3-Z-V	Negative	0.585136	0.414864
7VCN-C-A	Negative	0.909406	0.0905939
7BP5-C-A	Negative	0.954016	0.0459838
7NDY-G-A	Negative	0.758435	0.241565
7KQK-C-A	Positive	0.0199672	0.980033
7JFO-x-A	Negative	0.970653	0.0293473
7N89-C-A	Positive	0.0949358	0.905064
7DTY-P-R	Negative	0.843832	0.156168
7CO5-G-H	Positive	0.221518	0.778482
7CO5-K-D	Negative	0.521232	0.478768
7UXQ-C-A	Negative	0.85948	0.14052
7UXQ-D-A	Negative	0.85948	0.14052
7R5A-C-A	Negative	0.586824	0.413176
7R5A-D-B	Negative	0.500148	0.499852
7OQY-Q-A	Negative	0.961989	0.0380114
7XL4-G-C	Negative	0.721364	0.278636
7Z10-h-a	Positive	0.00536864	0.994631
7EYC-P-L	Positive	0.0136062	0.986394
7EYC-Q-H	Positive	0.0192426	0.980757
7VFM-E-A	Negative	0.567342	0.432658
7VFM-G-C	Negative	0.660449	0.339551
7VDM-L-R	Positive	0.00174044	0.99826
7BED-B-A	Negative	0.938404	0.061596
7BPY-B-A	Positive	0.0572368	0.942763
7TAN-K-C	Positive	0.0177254	0.982275
7ASE-D-t	Positive	0.00214781	0.997852
7TMY-A-I	Positive	0.0104156	0.989584
7UML-D-A	Negative	0.646623	0.353377
7UML-E-A	Negative	0.929268	0.0707323
7UML-F-B	Negative	0.998539	0.0014613
7UZP-B-A	Positive	0.368071	0.631929
7UZP-D-A	Positive	0.368071	0.631929
7UZP-F-A	Positive	0.315724	0.684276
7TC4-C-A	Positive	0.0895926	0.910407
7Z8M-X-V	Negative	0.984208	0.0157919
7AU6-D-A	Positive	0.486724	0.513276
7NKD-D-A	Negative	0.793416	0.206584
7NKD-E-A	Negative	0.562581	0.437419
7NKD-B-d	Positive	0.0943233	0.905677
7NKD-C-d	Negative	0.870791	0.129209
7D8D-D-A	Positive	0.00221371	0.997786
7NXE-C-A	Negative	0.61908	0.38092
7MDX-E-A	Positive	0.0264386	0.973561
7VOY-2-Y	Negative	0.702722	0.297278
7VOY-5-4	Negative	0.567363	0.432637
7DVW-C-A	Positive	0.184773	0.815227
7OBS-B-A	Positive	0.0118869	0.988113
7EJL-C-A	Positive	0.0415474	0.958453
7KNU-P-E	Positive	0.0324099	0.96759
7XVZ-C-A	Positive	0.190674	0.809326
7QIK-F-A	Positive	0.178449	0.821551
7QIK-E-B	Positive	0.206542	0.793458
7D2G-B-A	Negative	0.954062	0.0459385
7D2G-C-A	Negative	0.885514	0.114486
7UTS-D-E	Positive	0.265282	0.734718
7Z1K-B-A	Positive	0.466048	0.533952
7MHZ-B-A	Positive	0.0097206	0.990279
7RLZ-P-B	Positive	0.109401	0.890599
7LFK-C-A	Positive	0.346967	0.653033
7TZF-P-E	Negative	0.948872	0.051128
7OKN-B-A	Positive	0.0118134	0.988187
7E20-C-A	Positive	0.344338	0.655662
7TA7-C-A	Negative	0.842016	0.157984
7TA7-D-A	Negative	0.835533	0.164467
7R6H-C-A	Negative	0.643943	0.356057
7XQS-C-A	Negative	0.870071	0.129929
7UKG-I-A	Positive	0.0644696	0.93553
7JYU-C-A	Positive	0.106261	0.893739
7W55-C-R	Positive	0.0233227	0.976677
7MJ5-A-H	Negative	0.967137	0.0328628
7MJ5-Q-H	Negative	0.938587	0.0614128
7MJ5-P-C	Negative	0.90326	0.0967404
7NW0-3-0	Negative	0.557933	0.442067
7B9V-c-A	Positive	0.134038	0.865962
7TL8-B-A	Positive	0.370318	0.629682
7LFC-B-A	Positive	0.00140756	0.998592
7QIX-K-E	Negative	0.984377	0.0156227
7QIX-X-H	Positive	0.0270267	0.972973
7QIX-W-M	Positive	0.00214457	0.997855
7MNU-B-A	Positive	0.000582851	0.999417
7O07-P-A	Positive	0.178565	0.821435
7NUF-C-A	Positive	0.454965	0.545035
7YML-A-L	Positive	0.199592	0.800408
7YML-W-M	Positive	0.426438	0.573562
7YML-Y-M	Negative	0.6427	0.3573
7YML-B-H	Negative	0.704814	0.295186
7YML-G-H	Negative	0.667831	0.332169
7YML-Z-V	Negative	0.597495	0.402505
7RJN-C-A	Positive	0.054124	0.945876
7LF4-B-A	Positive	0.00173316	0.998267
7LF4-E-A	Positive	0.0292303	0.97077
7LF4-D-C	Positive	0.0242696	0.97573
7ZRP-B-A	Positive	0.0465363	0.953464
7EA7-C-B	Positive	0.0204193	0.979581
7O3J-C-A	Negative	0.570389	0.429611
8KDE-L-B	Negative	0.928041	0.0719587
8KDE-M-B	Negative	0.728217	0.271783
8KDE-F-D	Positive	0.174042	0.825958
8KDE-K-D	Negative	0.854463	0.145537
8KDE-T-D	Negative	0.801884	0.198116
8KDE-1-D	Positive	0.189846	0.810154
8YDS-A-B	Negative	0.668977	0.331023
8WRZ-V-A	Positive	0.00152066	0.998479
8VLW-F-A	Positive	0.267227	0.732773
8VLW-G-A	Positive	0.339072	0.660928
8RYN-C-A	Positive	0.461558	0.538442
8SG8-N-B	Positive	0.0733455	0.926654
8GOO-G-A	Positive	0.374238	0.625762
8P6P-x-B	Positive	0.101539	0.898461
8TUV-B-A	Positive	0.000324986	0.999675
8TUV-C-A	Positive	0.00581447	0.994186
8VJV-D-A	Positive	0.0346552	0.965345
8TTL-D-A	Positive	0.00326728	0.996733
8PR3-E-B	Positive	0.141116	0.858884
8VRL-c-e	Positive	0.00435961	0.99564
8GWS-C-A	Positive	0.00110015	0.9989
8XI5-R-A	Positive	0.23832	0.76168
8XI5-M-B	Positive	0.44204	0.55796
8W8X-L-R	Positive	0.120814	0.879186
8E8I-C-A	Positive	0.000746058	0.999254
8PFE-B-A	Positive	0.00191466	0.998085
8QDV-C-A	Positive	0.036016	0.963984
8QDV-F-E	Positive	0.305954	0.694046
8A19-B-A	Positive	0.352287	0.647713
8HR0-D-B	Positive	0.204042	0.795958
8Q24-C-A	Positive	0.000546968	0.999453
8AFE-G-B	Negative	0.982549	0.0174513
8AFE-H-I	Negative	0.984268	0.0157319
8YM2-B-A	Positive	0.219032	0.780968
8IYK-O-J	Positive	0.0877406	0.912259
8I0N-V-A	Positive	0.297905	0.702095
8TEW-A-E	Negative	0.666142	0.333858
8TEW-C-E	Negative	0.980088	0.0199122
8EQM-E-A	Positive	0.44399	0.55601
8EQM-F-A	Positive	0.0430465	0.956953
8EQM-I-A	Negative	0.943458	0.0565422
8EQM-L-A	Negative	0.894643	0.105357
8EQM-M-A	Negative	0.5363	0.4637
8EQM-T-A	Negative	0.98746	0.0125396
8EQM-X-D	Negative	0.972552	0.0274475
8YYT-C-A	Positive	0.256375	0.743625
8JZW-F-C	Positive	0.00998952	0.99001
8JZW-E-C	Positive	0.0572203	0.94278
8G8D-P-H	Negative	0.952963	0.0470374
8HKW-C-A	Positive	0.0260787	0.973921
8W5K-E-F	Negative	0.600508	0.399492
8F9W-O-A	Positive	0.477724	0.522276
8F9W-R-G	Positive	0.321305	0.678695
8KET-H-F	Positive	0.430644	0.569356
8C2Y-P-A	Positive	0.178142	0.821858
8WKK-K-E	Positive	0.355646	0.644354
8WKK-b-P	Positive	0.171011	0.828989
8WKK-c-Q	Positive	0.414894	0.585106
8WKK-d-Q	Positive	0.167975	0.832025
8EI5-E-A	Positive	0.0493516	0.950648
8EI5-G-C	Positive	0.0251491	0.974851
8G4I-e-J	Positive	0.056128	0.943872
8G4I-f-d	Positive	0.00631424	0.993686
8RUV-B-A	Negative	0.95656	0.0434399
8RJC-2-1	Positive	0.278059	0.721941
8RJC-9-6	Negative	0.849345	0.150655
8RJC-4-R	Positive	0.319363	0.680637
8X2X-L-N	Positive	0.46078	0.53922
8IBP-C-A	Positive	0.0170813	0.982919
8ZIA-J-I	Negative	0.621432	0.378568
8VIS-A-B	Negative	0.858392	0.141608
8VIS-C-D	Negative	0.892797	0.107203
8VIS-E-F	Positive	0.416687	0.583313
8VIS-G-H	Negative	0.875556	0.124444
8EW3-F-C	Positive	0.287481	0.712519
8P2Z-A-C	Positive	0.0307117	0.969288
8CMJ-5-g	Positive	5.08288e-05	0.999949
8CMJ-n-g	Negative	0.791787	0.208213
8C3H-D-A	Positive	0.0975678	0.902432
8W2O-I-M	Negative	0.973937	0.026063
8GHM-J-A	Positive	0.35735	0.64265
8GHM-F-A	Negative	0.892565	0.107435
8D8I-B-A	Positive	0.388525	0.611475
8Z58-B-A	Positive	0.125033	0.874967
8OIO-E-A	Positive	0.0377472	0.962253
8ALM-P-B	Positive	0.100935	0.899065
8BQ8-E-B	Negative	0.817912	0.182088
8XQX-U-D	Positive	0.0272359	0.972764
8U5G-C-A	Negative	0.589825	0.410175
8B8V-B-A	Negative	0.918502	0.0814976
8BEA-P-R	Positive	0.419735	0.580265
8BFC-B-A	Positive	0.000490426	0.99951
8HXQ-C-A	Positive	0.00983192	0.990168
8HXQ-D-A	Positive	0.0179507	0.982049
8YDV-A-B	Positive	0.446985	0.553015
8YDV-C-B	Positive	0.446985	0.553015
8TG9-C-A	Positive	0.00439831	0.995602
8QM0-E-A	Positive	0.033544	0.966456
8F7R-P-R	Positive	0.189014	0.810986
8F7R-F-M	Positive	0.466943	0.533057
8HE3-B-A	Positive	0.0391427	0.960857
8KH4-D-C	Negative	0.582401	0.417599
8WFN-F-E	Negative	0.833095	0.166905
8WFN-H-E	Negative	0.551013	0.448987
8EYX-F-A	Positive	0.4251	0.5749
8JGF-L-R	Negative	0.897002	0.102998
8JBL-G-A	Positive	0.344262	0.655738
8JBL-E-A	Negative	0.541306	0.458694
8K5O-2-C	Positive	0.0403087	0.959691
8K5O-v-w	Positive	0.0408281	0.959172
8K5O-5-6	Positive	0.0362139	0.963786
8K5O-8-F	Positive	0.0408281	0.959172
8T33-B-A	Negative	0.772801	0.227199
8QHU-U-Q	Negative	0.623932	0.376068
8ZDO-S-m	Positive	0.461798	0.538202
8VJX-C-A	Positive	0.00859862	0.991401
8BRH-B-A	Positive	0.0211206	0.978879
8VDV-L-A	Positive	0.0269852	0.973015
8RN7-D-A	Positive	0.0782024	0.921798
8RN7-E-A	Positive	0.426748	0.573252
8OZH-F-A	Positive	0.00407438	0.995926
8K9I-R-C	Positive	0.0299157	0.970084
8XGU-E-A	Negative	0.501074	0.498926
8ZWB-J-A	Negative	0.90742	0.0925798
8U4N-C-B	Negative	0.925196	0.0748039
8SHI-C-A	Positive	0.00964761	0.990352
8JG4-C-A	Negative	0.524239	0.475761
8OPS-B-A	Positive	6.39704e-05	0.999936
8ZKQ-F-A	Positive	0.366547	0.633453
8ZKQ-C-B	Positive	0.366547	0.633453
8DPG-D-C	Negative	0.797751	0.202249
8Q7V-B-A	Positive	0.319018	0.680982
8Q7V-F-A	Negative	0.857994	0.142006
8Q7V-H-A	Negative	0.791339	0.208661
8D6Z-H-A	Negative	0.934787	0.0652127
8D6Z-J-E	Negative	0.76306	0.23694
8SWI-B-A	Positive	0.0793598	0.92064
8D5K-C-A	Positive	0.0187393	0.981261
8ANB-P-A	Positive	0.0974676	0.902532
8ENX-C-A	Positive	0.00137608	0.998624
8USC-O-H	Negative	0.63821	0.36179
8USC-e-Y	Positive	0.21595	0.78405
8F7Q-P-R	Positive	0.107222	0.892778
8F7Q-F-M	Positive	0.415744	0.584256
8P9C-B-A	Positive	0.482197	0.517803
8SQZ-E-A	Negative	0.911538	0.0884616
8IR3-r-b	Positive	0.0192173	0.980783
8HDH-B-A	Positive	0.402968	0.597032
8ZXR-B-A	Positive	0.0129252	0.987075
8FY5-C-A	Positive	0.0189789	0.981021
8B1C-C-A	Positive	0.151497	0.848503
8UST-F-E	Negative	0.737226	0.262774
8H3M-D-A	Positive	0.198038	0.801962
8H3M-H-C	Positive	0.08594	0.91406
8T4H-C-A	Negative	0.852687	0.147313
8JGG-L-R	Positive	0.456864	0.543136
8XKV-O-A	Positive	0.00137054	0.998629
8XKV-M-B	Positive	0.0211072	0.978893
8XKV-L-C	Positive	0.00421936	0.995781
8XKV-N-C	Positive	0.0245898	0.97541
8TXF-B-A	Negative	0.641676	0.358324
8FA6-P-H	Negative	0.804738	0.195262
8FA6-Q-A	Positive	0.360121	0.639879
8U8E-C-B	Negative	0.544628	0.455372
8IOD-L-R	Positive	0.000265652	0.999734
8XQF-D-R	Positive	0.0146906	0.985309
8EUI-8-X	Positive	0.00175584	0.998244
8FU4-C-A	Negative	0.947975	0.0520253
8CIR-C-A	Negative	0.884317	0.115683
8ANV-C-A	Positive	0.169268	0.830732
8ANV-F-A	Positive	0.207438	0.792562
8P9E-B-A	Negative	0.596995	0.403005
8EJS-C-B	Negative	0.858569	0.141431
8EXM-D-A	Positive	0.348589	0.651411
8V83-7-l	Positive	0.120725	0.879275
8YVU-A-B	Positive	0.161961	0.838039
8YVU-D-B	Negative	0.705258	0.294742
8YVU-E-F	Positive	0.161961	0.838039
8UIH-D-H	Positive	0.0454305	0.95457
8H9L-J-A	Positive	0.423015	0.576985
8UHN-D-H	Positive	0.0527822	0.947218
8KCV-C-A	Negative	0.924703	0.0752965
8XKR-D-A	Positive	0.344378	0.655622
8XKR-E-A	Positive	0.349097	0.650903
8XKR-C-A	Positive	0.257898	0.742102
8XKR-F-B	Positive	0.285241	0.714759
8CBV-A-B	Positive	0.00470807	0.995292
8FHU-C-A	Positive	0.00574963	0.99425
8WHX-J-1	Negative	0.716726	0.283274
8RGR-s-2	Positive	0.467308	0.532692
8YT8-I-B	Positive	0.00624354	0.993756
8W9P-r-R	Positive	0.221126	0.778874
8QPA-B-G	Positive	0.423317	0.576683
8DZ5-I-H	Positive	0.154591	0.845409
8VMG-C-A	Negative	0.767027	0.232973
8VMG-D-B	Negative	0.792474	0.207526
8GCW-P-A	Negative	0.97296	0.02704
8D52-B-A	Positive	0.295412	0.704588
8FVL-L-A	Positive	0.0412473	0.958753
8RHH-T-K	Positive	0.133713	0.866287
8YAL-I-B	Positive	0.0698878	0.930112
8Q1G-C-A	Negative	0.604655	0.395345
8FPQ-L-A	Negative	0.750627	0.249373
8YZ2-q-P	Negative	0.661917	0.338083
8YZ2-p-P	Negative	0.661917	0.338083
8YZ2-j-K	Negative	0.659084	0.340916
8F1F-1-A	Positive	0.0184841	0.981516
8D3Y-G-A	Negative	0.515191	0.484809
8ON7-D-A	Positive	0.0588145	0.941186
8TNQ-C-B	Positive	0.0206445	0.979355
8PX6-M-B	Positive	0.0655315	0.934468
8DJQ-E-A	Negative	0.793265	0.206735
8HGP-C-A	Positive	0.0500528	0.949947
8UHG-X-V	Positive	0.00115878	0.998841
8ES8-Z-D	Positive	0.108441	0.891559
8ES8-Y-D	Positive	0.0647035	0.935297
8F2B-P-E	Negative	0.678661	0.321339
8UO7-C-A	Positive	0.457885	0.542115
8YTH-B-A	Positive	0.496737	0.503263
8VJW-C-A	Positive	0.0513383	0.948662
8VJW-D-A	Positive	0.0271007	0.972899
8H9H-F-G	Positive	0.0360248	0.963975
8WST-L-R	Positive	0.0029511	0.997049
8JZV-B-A	Negative	0.899975	0.100025
8WXE-a-d	Negative	0.681626	0.318374
8WXE-m-d	Negative	0.540765	0.459235
8WXE-n-d	Positive	0.37779	0.62221
8IOC-L-R	Positive	0.154348	0.845652
8CSU-3-5	Positive	0.00849704	0.991503
8Q2Z-C-A	Positive	0.000330998	0.999669
8TBP-E-A	Negative	0.722573	0.277427
8Q3T-C-A	Positive	0.00155479	0.998445
8I0Q-V-A	Positive	0.0290864	0.970914
8CB5-C-A	Negative	0.531379	0.468621
8HLY-B-A	Positive	0.00515945	0.994841
8V5U-B-A	Positive	0.00128331	0.998717
8E1D-B-A	Negative	0.978649	0.0213514
8QS3-K-A	Positive	0.230571	0.769429
8GCK-E-B	Negative	0.78813	0.21187
8TOW-I-A	Negative	0.922899	0.0771006
8KB1-C-A	Negative	0.727499	0.272501
8SO0-D-B	Negative	0.982314	0.0176861
8FAX-L-A	Positive	0.0772921	0.922708
8U9P-G-A	Positive	0.0442434	0.955757
8YFO-P-R	Positive	0.489616	0.510384
8K0G-y-A	Negative	0.525117	0.474883
8K0G-e-V	Negative	0.916836	0.0831645
8TGC-C-B	Negative	0.668989	0.331011
8JRV-G-R	Negative	0.79297	0.20703
8C24-F-C	Negative	0.943173	0.0568268
8WT0-B-A	Negative	0.543105	0.456895
8RTC-C-A	Positive	0.0229927	0.977007
8HXY-P-K	Positive	0.00152918	0.998471
8JLY-B-A	Positive	0.0127909	0.987209
8BE8-P-R	Positive	0.0392139	0.960786
8OOP-H-C	Positive	0.228007	0.771993
8WFS-a-B	Positive	0.0818292	0.918171
8AI2-C-A	Positive	0.0813204	0.91868
8XLI-p-a	Negative	0.88935	0.11065
8FZJ-3-F	Positive	0.00973281	0.990267
8S8E-l-k	Negative	0.931279	0.0687215
8R0T-A-B	Negative	0.509021	0.490979
8I0H-F-A	Negative	0.572764	0.427236
8I0H-H-A	Negative	0.776692	0.223308
8YGU-A-B	Negative	0.533621	0.466379
8YGU-C-B	Positive	0.0821079	0.917892
8ZCJ-D-C	Negative	0.630882	0.369118
8ZCJ-A-G	Positive	0.00213669	0.997863
8IAP-s-E	Positive	0.432585	0.567415
8IGD-D-A	Negative	0.68029	0.31971
8IGD-C-B	Negative	0.693765	0.306235
8A5O-X-G	Positive	0.0118197	0.98818
8WC8-Y-B	Negative	0.650262	0.349738
8AHS-C-A	Positive	0.00363787	0.996362
8K7T-G-A	Positive	0.435251	0.564749
8K7T-H-A	Positive	0.35728	0.64272
8AB0-C-D	Negative	0.850006	0.149994
8X01-D-B	Negative	0.900619	0.0993807
8HXX-E-K	Positive	0.00660422	0.993396
8YFM-B-A	Negative	0.918255	0.0817446
8T2C-D-A	Positive	0.0985138	0.901486
8S9I-G-A	Negative	0.79732	0.20268
8T4J-C-B	Negative	0.916912	0.0830875
8SDX-C-A	Positive	0.00630837	0.993692
8FBW-E-C	Positive	0.16589	0.83411
8FBW-F-A	Negative	0.695837	0.304163
8E2Z-C-A	Positive	0.0018187	0.998181
8VMI-F-T	Positive	0.478034	0.521966
8VMI-I-C	Positive	0.00168453	0.998315
8B64-E-e	Negative	0.704814	0.295186
8B64-F-e	Positive	0.433285	0.566715
8B64-a-b	Positive	0.340083	0.659917
8B64-u-X	Negative	0.61607	0.38393
8B64-r-L	Negative	0.579824	0.420176
8B64-t-H	Negative	0.579824	0.420176
8B64-R-o	Negative	0.529952	0.470048
8B64-K-n	Negative	0.667831	0.332169
8S6K-M-A	Positive	0.422177	0.577823
8EU9-Z-Q	Positive	0.325196	0.674804
8INE-T-4	Positive	0.00245073	0.997549
8INE-s-4	Negative	0.528057	0.471943
8B19-C-A	Positive	0.0413607	0.958639
8WDU-A-L	Negative	0.562721	0.437279
8WDU-7-L	Negative	0.673647	0.326353
8WDU-E-H	Positive	0.447097	0.552903
8WDU-0-H	Negative	0.778322	0.221678
8WDU-G-D	Positive	0.344035	0.655965
8WDU-J-F	Negative	0.673311	0.326689
8WDU-X-U	Positive	0.447097	0.552903
8CRT-P-L	Positive	0.145972	0.854028
8H4X-B-A	Positive	0.00984992	0.99015
8V15-B-A	Positive	0.00128331	0.998717
8ZPT-L-R	Positive	0.00934493	0.990655
8GJF-E-B	Negative	0.712932	0.287068
8GJF-F-C	Negative	0.560663	0.439337
8P6I-A-H	Negative	0.88436	0.11564
8ZFI-z-e	Positive	0.246986	0.753014
8QPE-K-I	Positive	0.0774204	0.92258
8RBV-C-A	Positive	0.310344	0.689656
8RV1-B-A	Negative	0.956767	0.0432328
8U9Z-G-A	Positive	0.0544002	0.9456
8BSS-B-A	Positive	0.171569	0.828431
8XP1-C-Z	Negative	0.982562	0.0174375
8FDD-P-A	Positive	0.443855	0.556145
8FA2-D-A	Negative	0.994539	0.00546091
8YXM-B-A	Positive	0.406727	0.593273
8ZEJ-z-e	Positive	0.393688	0.606312
8XK1-C-A	Positive	0.185764	0.814236
8XK1-D-A	Positive	0.310022	0.689978
8QXX-B-A	Positive	0.00682322	0.993177
8CGU-U-K	Positive	0.008799	0.991201
8SGC-N-B	Positive	0.200307	0.799693
8TRL-C-A	Negative	0.838351	0.161649
8ZE8-E-A	Positive	0.000151306	0.999849
8JZY-B-A	Negative	0.743365	0.256635
8PNF-4-1	Positive	0.245939	0.754061
8VSM-P-A	Positive	0.223285	0.776715
8P9D-A-E	Negative	0.808029	0.191971
8P9D-B-E	Negative	0.712264	0.287736
8P9D-D-F	Negative	0.525795	0.474205
8DVL-B-A	Positive	0.000598134	0.999402
8TXW-K-H	Positive	0.12878	0.87122
8URQ-F-B	Positive	0.0635623	0.936438
8OR4-B-A	Positive	0.0844701	0.91553
8OR4-H-E	Positive	0.143977	0.856023
8B4I-E-A	Negative	0.984162	0.0158381
8B4I-G-A	Negative	0.787721	0.212279
8CA4-s-E	Positive	0.341766	0.658234
8CZK-C-A	Negative	0.946523	0.0534771
8SIY-B-A	Negative	0.740259	0.259741
8PBD-S-A	Positive	0.29363	0.70637
8JRJ-E-A	Negative	0.973021	0.0269795
8B1T-A-C	Negative	0.926907	0.073093
8QP9-7-D	Negative	0.643071	0.356929
8QP9-L-D	Positive	0.421519	0.578481
8QP9-J-R	Positive	0.0692162	0.930784
8QP9-X-S	Positive	0.0373724	0.962628
8QU1-2-F	Positive	0.00166552	0.998334
8QU1-6-P	Negative	0.933817	0.0661831
8QU1-1-3	Positive	0.0714804	0.92852
8BCV-J-A	Negative	0.831479	0.168521
8GWH-E-A	Positive	0.0940731	0.905927
8EQS-C-A	Negative	0.914754	0.0852456
8VIO-g-F	Positive	0.00148156	0.998518
8GQA-B-A	Positive	0.0466568	0.953343
8T6M-G-C	Negative	0.96007	0.0399304
8ESB-C-A	Negative	0.935447	0.0645534
8EQ5-B-A	Positive	0.190965	0.809035
8TRR-C-A	Positive	0.367489	0.632511
8JOQ-B-A	Positive	0.115587	0.884413
8JMJ-M-A	Positive	0.0130569	0.986943
8JMJ-N-B	Positive	0.0128193	0.987181
8QFZ-B-A	Positive	0.0584954	0.941505
8DZV-C-A	Positive	0.0940894	0.905911
8P2I-P-B	Positive	0.00033918	0.999661
8TBV-C-A	Positive	0.177693	0.822307
8GJ2-F-B	Positive	0.460076	0.539924
8VJC-C-A	Positive	0.332628	0.667372
8VJC-E-A	Positive	0.0280577	0.971942
8UHL-B-A	Positive	0.00037968	0.99962
8UHL-C-A	Positive	0.000110393	0.99989
8SG7-C-B	Positive	0.203807	0.796193
8AM9-A-e	Positive	0.00162321	0.998377
8XAG-C-A	Negative	0.768182	0.231818
8SE8-I-A	Positive	0.00125507	0.998745
8SE8-X-A	Positive	0.00239353	0.997606
8SE8-Y-B	Positive	0.00118393	0.998816
8SE8-T-C	Positive	0.000691859	0.999308
8SE8-G-D	Positive	0.000653401	0.999347
8SE8-H-D	Positive	0.00228405	0.997716
8SE8-J-E	Positive	0.000643376	0.999357
8SE8-N-K	Positive	0.00147587	0.998524
8SE8-O-K	Positive	0.00146977	0.99853
8SE8-P-L	Positive	0.000410125	0.99959
8SE8-U-Q	Positive	0.00152575	0.998474
8SE8-V-R	Positive	0.000410125	0.99959
8HJV-7-0	Positive	0.220235	0.779765
8HJV-9-0	Positive	0.220235	0.779765
8HJV-1-2	Positive	0.138363	0.861637
8HJV-V-L	Positive	0.0869171	0.913083
8HJV-Y-L	Positive	0.216954	0.783046
8HJV-Z-L	Negative	0.635252	0.364748
8JFI-I-C	Positive	0.342058	0.657942
8JFI-H-D	Positive	0.37797	0.62203
8FUQ-C-A	Negative	0.569495	0.430505
8FUQ-D-A	Negative	0.817134	0.182866
8FUQ-F-A	Negative	0.768907	0.231093
8RSV-C-A	Positive	0.0218358	0.978164
8RSV-E-B	Positive	0.0248675	0.975133
8C2P-B-A	Positive	0.00179626	0.998204
8JQT-C-A	Positive	0.122984	0.877016
8UDR-C-A	Positive	0.0564774	0.943523
8ANO-E-A	Positive	0.00519012	0.99481
8VID-F-G	Negative	0.820253	0.179747
8QLK-B-A	Positive	0.0727391	0.927261
8X52-E-A	Positive	0.0193671	0.980633
8SUD-B-A	Positive	0.000374728	0.999625
8TW6-Y-A	Negative	0.57499	0.42501
8TW6-X-A	Negative	0.918727	0.0812733
8A5M-C-A	Negative	0.79234	0.20766
8A5M-E-B	Negative	0.766174	0.233826
8YFK-B-A	Negative	0.76791	0.23209
8ITG-B-A	Positive	0.0101562	0.989844
8BFT-B-A	Negative	0.718646	0.281354
8AFI-B-A	Negative	0.922712	0.0772884
8AFI-D-C	Negative	0.732445	0.267555
8AFI-F-E	Negative	0.948112	0.0518876
8AFI-H-G	Negative	0.630654	0.369346
8AFI-J-I	Negative	0.838965	0.161035
8AFI-N-M	Negative	0.797404	0.202596
8AFI-P-O	Positive	0.388419	0.611581
8VSO-P-B	Positive	0.441999	0.558001
8P8W-Z-c	Positive	0.0134509	0.986549
8P8W-X-s	Positive	0.0559028	0.944097
8XNW-r-C	Positive	0.129414	0.870586
8XNW-s-E	Negative	0.581689	0.418311
8DGU-A-H	Positive	0.0382808	0.961719
8CV4-D-A	Positive	0.0168692	0.983131
8R8R-D-A	Positive	0.0455331	0.954467
8FL8-8-X	Negative	0.60459	0.39541
8RQC-B-A	Positive	0.0180899	0.98191
8YG4-P-R	Positive	0.0474805	0.952519
8X95-D-A	Positive	0.0348382	0.965162
8YW0-R-A	Negative	0.555372	0.444628
8F2A-P-E	Negative	0.726839	0.273161
8EZA-T-J	Positive	0.09306	0.90694
8Q1J-C-A	Positive	0.157574	0.842426
8KHF-I-3	Positive	0.109479	0.890521
8KHF-Q-3	Negative	0.929165	0.0708348
8KHF-M-K	Negative	0.895778	0.104222
8KHF-T-K	Negative	0.586078	0.413922
8KHF-P-N	Positive	0.0141821	0.985818
8RHL-e-H	Positive	0.290213	0.709787
8EBM-C-A	Positive	0.0801885	0.919812
8TO2-p-J	Positive	0.443896	0.556104
8QZM-K-A	Negative	0.500798	0.499202
8YGD-2-1	Negative	0.634995	0.365005
8YGD-Z-1	Positive	0.279687	0.720313
8YGD-a-1	Negative	0.600281	0.399719
8YGD-b-1	Negative	0.609125	0.390875
8YGD-C-3	Negative	0.790156	0.209844
8YGD-0-9	Negative	0.790755	0.209245
8YGD-7-9	Negative	0.716936	0.283064
8YGD-8-9	Negative	0.790156	0.209844
8YGD-G-D	Negative	0.790156	0.209844
8FA8-P-H	Negative	0.722528	0.277472
8K4D-C-A	Positive	0.352011	0.647989
8B9T-B-A	Negative	0.821087	0.178913
8CL0-H-A	Positive	0.0484249	0.951575
8CSL-W-A	Negative	0.856516	0.143484
8CSL-R-V	Positive	0.487582	0.512418
8CSL-a-e	Positive	0.468162	0.531838
8CSL-S-Y	Positive	0.402037	0.597963
8CSL-b-f	Positive	0.365582	0.634418
8TQA-P-A	Negative	0.966099	0.0339007
8S60-B-A	Negative	0.945604	0.0543961
8GWJ-C-A	Positive	0.00148009	0.99852
8IUN-V-W	Positive	0.220235	0.779765
8IUN-H-K	Positive	0.130414	0.869586
8IUN-7-0	Positive	0.130414	0.869586
8IUN-3-6	Positive	0.130414	0.869586
8IUN-1-4	Positive	0.220235	0.779765
8IUN-Y-M	Positive	0.216954	0.783046
8IUN-Z-M	Positive	0.0414385	0.958561
8HT9-C-A	Negative	0.734789	0.265211
8CS9-c-Y	Positive	0.402037	0.597963
8ZDK-7-2	Negative	0.665558	0.334442
8P7Y-0-c	Positive	0.0121316	0.987868
8ZJW-B-A	Negative	0.660948	0.339052
8CGV-n-v	Positive	0.00974355	0.990256
8CGV-h-w	Positive	0.0634658	0.936534
8EUY-T-C	Negative	0.980727	0.0192728
8EUY-t-G	Positive	0.00600333	0.993997
8EUY-r-H	Positive	0.0213022	0.978698
8AGZ-d-T	Positive	0.00761572	0.992384
8FHN-C-A	Negative	0.944795	0.0552053
8SGF-Z-A	Positive	0.144518	0.855482
8S6A-P-A	Negative	0.509801	0.490199
8X8A-B-A	Negative	0.686367	0.313633
8T8R-B-A	Positive	0.0462594	0.953741
8D51-B-A	Positive	0.343833	0.656167
8UUI-D-B	Positive	0.0762497	0.92375
8J3S-E-A	Positive	0.0053773	0.994623
8OVC-Y-M	Positive	0.142654	0.857346
8OVC-c-G	Positive	0.358751	0.641249
8BEP-D-B	Positive	0.230746	0.769254
8DGK-B-A	Positive	0.0281273	0.971873
8WEC-C-A	Positive	0.115461	0.884539
8BI7-B-A	Positive	0.0207589	0.979241
8AQN-C-A	Positive	0.344548	0.655452
8J7A-J-2	Negative	0.882265	0.117735
8GW4-C-A	Positive	0.366178	0.633822
8DO8-E-A	Positive	0.211902	0.788098
8DO8-F-C	Positive	0.00645052	0.993549
8C42-B-A	Positive	0.00677337	0.993227
8ZEH-i-E	Negative	0.553183	0.446817
8ZEH-m-E	Positive	0.108834	0.891166
8R60-X-A	Positive	0.222833	0.777167
8AI4-C-A	Positive	0.0779246	0.922075
8OG0-P-L	Negative	0.858225	0.141775
8W9Q-r-R	Positive	0.280259	0.719741
8UH1-B-A	Positive	0.283233	0.716767
8PMP-D-A	Negative	0.811552	0.188448
8DAU-I-B	Positive	0.277397	0.722603
8AEL-B-A	Positive	0.0707627	0.929237
8R58-B-A	Negative	0.756556	0.243444
8K6O-E-D	Positive	0.0628887	0.937111
8EIC-C-A	Negative	0.603617	0.396383
8WEY-J-A	Negative	0.534923	0.465077
8WEY-M-B	Positive	0.0541641	0.945836
8ALX-B-A	Positive	0.459968	0.540032
8QP6-A-B	Positive	0.174592	0.825408
8QP6-D-B	Negative	0.690642	0.309358
8QP6-G-H	Positive	0.167409	0.832591
8QP6-J-K	Positive	0.0742892	0.925711
8OU0-D-B	Negative	0.934048	0.065952
8GN2-f-a	Positive	0.185163	0.814837
8UCK-h-a	Positive	0.0358313	0.964169
8XV8-B-A	Positive	0.240504	0.759496
8XV8-D-C	Positive	0.0668547	0.933145
8XV8-F-E	Positive	0.0849471	0.915053
8XV8-H-G	Positive	0.301205	0.698795
8B1I-C-A	Positive	0.22235	0.77765
8OUW-H-A	Positive	0.0463617	0.953638
8B5B-E-B	Positive	0.0679693	0.932031
8IBV-C-R	Negative	0.840677	0.159323
8WQD-G-D	Positive	0.167309	0.832691
8GN1-T-A	Negative	0.898613	0.101387
8GN1-j-a	Positive	0.0444629	0.955537
8ZOS-J-C	Negative	0.604634	0.395366
8YDP-A-B	Positive	0.318995	0.681005
8YDP-C-D	Positive	0.318995	0.681005
8SMO-B-A	Positive	0.107987	0.892013
8SMO-H-A	Positive	0.129687	0.870313
8SMO-L-A	Positive	0.0397684	0.960232
8SMO-N-A	Positive	0.0877591	0.912241
8SMO-J-C	Positive	0.035038	0.964962
8JGB-L-R	Positive	0.00435144	0.995649
8ZWS-I-A	Negative	0.842668	0.157332
8ZWS-D-A	Negative	0.955663	0.0443374
8YD1-a-A	Negative	0.974963	0.0250375
8RLU-C-A	Positive	0.0504687	0.949531
8R7Z-K-G	Negative	0.941982	0.058018
8BON-E-B	Negative	0.627274	0.372726
8QFX-G-A	Positive	0.0201003	0.9799
8X0L-D-C	Positive	0.370625	0.629375
8ASI-D-A	Positive	0.27954	0.72046
8ASI-H-E	Positive	0.0815928	0.918407
8A6F-P-A	Positive	0.230571	0.769429
8PJF-C-A	Positive	0.0157798	0.98422
8PDQ-B-A	Negative	0.543823	0.456177
8ZV9-C-A	Positive	0.0148296	0.98517
8RRI-2-F	Positive	0.00703162	0.992968
8RRI-4-r	Positive	7.08751e-05	0.999929
8DTL-C-A	Negative	0.666226	0.333774
8B1K-C-A	Positive	0.0644096	0.93559
8Y0Q-4-1	Positive	0.038923	0.961077
8CMF-C-A	Negative	0.578569	0.421431
8JC8-8-5	Positive	0.314747	0.685253
8JC8-E-A	Positive	0.460256	0.539744
8TMU-E-A	Positive	0.0872981	0.912702
8Y0R-4-1	Positive	0.0212942	0.978706
8Q9R-X-A	Positive	0.00942922	0.990571
8Q9R-C-E	Positive	0.0184933	0.981507
8DWG-A-R	Positive	0.259459	0.740541
8Q5S-B-A	Negative	0.861904	0.138096
8S32-O-A	Positive	0.0163053	0.983695
8XV6-B-A	Positive	0.0655234	0.934477
8XV6-D-A	Positive	0.0655234	0.934477
8XY7-C-A	Positive	0.154127	0.845873
8FA9-P-H	Positive	0.498539	0.501461
8GAI-B-A	Positive	0.0705722	0.929428
8GAI-D-A	Positive	0.0438504	0.95615
8HZ8-C-A	Negative	0.516429	0.483571
8TES-A-E	Negative	0.883588	0.116412
8B9A-P-2	Negative	0.625131	0.374869
8S7V-L-I	Negative	0.944915	0.0550847
8B4J-P-O	Negative	0.936306	0.0636935
8YJB-0-B	Negative	0.957313	0.042687
8B6L-B-A	Positive	0.241053	0.758947
8B6L-K-I	Positive	0.409489	0.590511
8XWT-B-A	Positive	0.0657861	0.934214
8JRK-E-A	Negative	0.953288	0.0467117
8JRK-F-B	Negative	0.976814	0.0231856
8G8C-C-H	Negative	0.937078	0.0629222
8G8C-P-A	Negative	0.854611	0.145389
8JV0-C-A	Positive	0.146996	0.853004
8BF9-l-X	Positive	0.00106772	0.998932
8EBB-C-A	Negative	0.99467	0.00532991
8FKF-D-A	Positive	0.0660225	0.933978
8XC5-A-B	Negative	0.788956	0.211044
8GHO-C-A	Positive	0.22829	0.77171
8GHO-G-H	Positive	0.178176	0.821824
8EMK-C-A	Positive	0.00681125	0.993189
8YGT-A-B	Negative	0.86309	0.13691
8U51-B-A	Positive	0.0798022	0.920198
8R3K-G-A	Positive	0.305883	0.694117
8YC0-a-d	Positive	0.201265	0.798735
8YC0-b-g	Positive	0.456652	0.543348
8QBT-b-d	Positive	0.0138666	0.986133
8QBT-3-s	Positive	0.0435316	0.956468
8PEG-p-d	Positive	0.194745	0.805255
8SHW-Q-L	Positive	0.374405	0.625595
8YHT-B-A	Negative	0.963466	0.0365339
8IMZ-D-A	Positive	0.334527	0.665473
8VDD-C-A	Negative	0.84295	0.15705
8J5U-B-A	Negative	0.89423	0.10577
8B87-C-A	Negative	0.746177	0.253823
8B87-D-A	Negative	0.746177	0.253823
8Q9Q-X-A	Positive	0.00581715	0.994183
8BQ3-B-A	Positive	0.145552	0.854448
8ATI-a-A	Negative	0.742816	0.257184
8YB4-C-B	Negative	0.780192	0.219808
8WO9-C-A	Positive	0.0285538	0.971446
8D47-C-L	Negative	0.897882	0.102118
8CP6-A-B	Positive	0.313902	0.686098
8CP6-C-B	Positive	0.024475	0.975525
8T4I-C-A	Positive	0.286291	0.713709
8T4I-D-A	Negative	0.997374	0.00262581
8GJ1-F-B	Positive	0.360967	0.639033
8W7L-C-A	Negative	0.890813	0.109187
8W7L-D-B	Positive	0.288579	0.711421
8BEF-b-A	Negative	0.935198	0.064802
8BEF-v-N	Positive	0.0435318	0.956468
8J6S-K-L	Positive	0.0373107	0.962689
8F8Y-E-A	Positive	0.0254926	0.974507
8F8Y-F-A	Positive	0.0442337	0.955766
8ANC-P-A	Positive	0.226471	0.773529
8DO2-C-B	Positive	0.167435	0.832565
8JHW-C-A	Negative	0.893998	0.106002
8DTT-G-A	Positive	0.0059752	0.994025
8DTT-J-E	Positive	0.0154888	0.984511
8AGY-B-A	Positive	0.147932	0.852068
8ELH-C-A	Positive	0.000791975	0.999208
8WI2-B-A	Negative	0.968607	0.0313934
8BWE-B-A	Positive	0.0242499	0.97575
8HJ2-G-B	Negative	0.835274	0.164726
8VTI-B-A	Positive	0.154453	0.845547
8USB-O-G	Positive	0.330183	0.669817
8WYI-a-d	Positive	0.327644	0.672356
8WYI-m-d	Negative	0.912594	0.0874058
8WYI-n-d	Negative	0.518106	0.481894
8XR6-f-a	Positive	0.0778722	0.922128
8XR6-i-a	Positive	0.468042	0.531958
8XR6-j-a	Positive	0.0106943	0.989306
8XR6-l-a	Negative	0.602612	0.397388
8XR6-m-a	Negative	0.976653	0.0233472
8XR6-t-a	Negative	0.893659	0.106341
8XR6-w-a	Negative	0.933542	0.0664575
8XR6-L-A	Negative	0.602612	0.397388
8XR6-M-A	Negative	0.976653	0.0233472
8XR6-x-6	Negative	0.950416	0.0495839
8XR6-K-C	Negative	0.614055	0.385945
8XR6-Y-C	Positive	0.290099	0.709901
8OVD-Y-M	Positive	0.358751	0.641249
8FIT-B-A	Negative	0.94902	0.0509798
8FIT-D-C	Negative	0.922096	0.0779044
8VGC-P-A	Negative	0.637085	0.362915
8F1T-a-A	Positive	0.0137013	0.986299
8CB7-C-A	Positive	0.38389	0.61611
8EYB-D-A	Positive	0.00176549	0.998235
8EYB-E-A	Positive	0.00174429	0.998256
8DTR-G-A	Positive	0.0107205	0.989279
8Q86-A-B	Positive	0.0302052	0.969795
8BW1-e-H	Positive	0.121005	0.878995
8ACK-P-B	Positive	0.0342619	0.965738
8K9T-B-A	Positive	0.0629154	0.937085
8GQW-C-A	Negative	0.953983	0.0460171
8PDE-C-A	Positive	0.0318686	0.968131
8PDE-X-A	Positive	0.0405461	0.959454
8PKU-P-B	Positive	0.32272	0.67728
8T70-P-A	Positive	0.0428135	0.957187
8EAT-b-c	Positive	0.127544	0.872456
8QSF-H-A	Positive	0.130881	0.869119
8IQL-D-C	Positive	0.24691	0.75309
8DK9-E-A	Positive	0.22978	0.77022
8WQE-L-D	Positive	0.0771928	0.922807
8WQE-K-B	Positive	0.00653786	0.993462
8UA8-R-I	Negative	0.50854	0.49146
8CN6-G-A	Positive	0.105415	0.894585
8WF6-R-A	Positive	0.0633379	0.936662
8WF6-Q-B	Positive	0.29178	0.70822
8WF6-F-C	Positive	0.454178	0.545822
8XYX-C-A	Negative	0.558569	0.441431
8Q1B-h-a	Positive	0.174767	0.825233
8VY8-D-B	Negative	0.535403	0.464597
8JAR-S-A	Positive	0.0126246	0.987375
8BTY-B-A	Positive	0.393759	0.606241
8JCB-A-D	Positive	0.381064	0.618936
8ZA6-m-d	Negative	0.718976	0.281024
8ZA6-n-d	Negative	0.540912	0.459088
8UCS-A-C	Positive	0.13446	0.86554
8UCS-B-C	Positive	0.424278	0.575722
8FB7-Q-A	Negative	0.578663	0.421337
8FB7-P-H	Positive	0.458872	0.541128
8RUP-M-K	Negative	0.793156	0.206844
8BUU-4-G	Positive	0.00510255	0.994897
8BUU-1-3	Positive	0.045597	0.954403
8EAS-b-a	Positive	0.108342	0.891658
8T32-B-A	Negative	0.934976	0.0650236
8OST-B-A	Positive	6.39704e-05	0.999936
8X30-P-Q	Negative	0.922274	0.0777258
8JWX-P-R	Positive	0.0192062	0.980794
8JWX-S-R	Positive	0.00785436	0.992146
8Q84-e-I	Negative	0.966231	0.0337687
8JIP-P-R	Negative	0.987303	0.0126974
8QU9-B-A	Negative	0.724034	0.275966
8K6Q-D-B	Negative	0.883552	0.116448
8K6Q-C-B	Negative	0.589339	0.410661
8S3W-C-A	Positive	0.00343988	0.99656
8S30-B-A	Positive	0.0577113	0.942289
8I1V-N-G	Positive	0.031806	0.968194
8SMR-L-J	Positive	0.0308899	0.96911
8FN2-i-E	Positive	0.00268788	0.997312
8FN2-f-F	Positive	0.000297805	0.999702
8FN2-h-H	Positive	0.00201257	0.997987
8BBH-A-H	Negative	0.880778	0.119222
8V50-C-A	Positive	0.0993383	0.900662
8WWM-L-R	Positive	0.00461723	0.995383
8ZNO-K-B	Positive	0.109432	0.890568
8RQ2-z-E	Positive	0.00207504	0.997925
8RQ2-6-F	Positive	0.0305424	0.969458
8RQ2-y-S	Positive	0.01384	0.98616
8RQ2-x-T	Positive	0.0026379	0.997362
8P10-c-L	Positive	0.0302362	0.969764
8ZYV-A-C	Positive	0.0695192	0.930481
8ZYV-B-C	Positive	0.0654081	0.934592
8Z3F-B-A	Positive	0.111136	0.888864
8KAB-c-e	Positive	0.00975797	0.990242
8BWN-C-A	Positive	0.052954	0.947046
8ARN-C-A	Positive	0.057102	0.942898
8VS6-E-A	Positive	0.000661386	0.999339
8QCQ-1-3	Positive	0.0106801	0.98932
8QCQ-6-F	Positive	0.00343461	0.996565
8ZTU-W-e	Negative	0.550863	0.449137
8FK3-B-A	Positive	0.0220473	0.977953
8SG2-B-A	Positive	0.446912	0.553088
8CBT-A-B	Positive	0.00112467	0.998875
8YDM-A-C	Negative	0.771264	0.228736
8YDM-B-C	Positive	0.0448379	0.955162
8YDM-D-E	Negative	0.58405	0.41595
8YDM-F-E	Negative	0.599529	0.400471
8YDM-H-G	Negative	0.726872	0.273128
8YDM-J-I	Negative	0.58405	0.41595
8YDM-O-K	Negative	0.740487	0.259513
8YDM-Q-M	Negative	0.58405	0.41595
8K6M-E-D	Positive	0.0727041	0.927296
8K6N-D-E	Positive	0.0887131	0.911287
8G8Q-B-A	Positive	0.00393871	0.996061
8G8Q-C-A	Positive	0.000363969	0.999636
8GAJ-B-A	Positive	0.000395896	0.999604
8CSR-K-C	Positive	0.0169957	0.983004
8R2G-L-A	Positive	0.0914095	0.90859
8R2G-O-B	Positive	0.0601652	0.939835
8R2G-I-C	Positive	0.0730404	0.92696
8R2G-M-D	Positive	0.0148415	0.985158
8R2G-N-E	Positive	0.167061	0.832939
8SRU-E-A	Negative	0.696423	0.303577
8P8B-x-d	Positive	0.00907314	0.990927
8T59-E-A	Positive	0.444812	0.555188
8T59-F-C	Negative	0.862376	0.137624
8IDY-T-b	Positive	0.0050545	0.994946
8T5Q-G-A	Positive	0.172296	0.827704
8ZGS-C-A	Negative	0.663524	0.336476
8ZGS-G-A	Negative	0.675954	0.324046
8IHO-D-A	Positive	0.0287452	0.971255
8C17-B-A	Positive	0.0498565	0.950144
8JAL-S-A	Positive	0.0518726	0.948127
8RNF-P-A	Positive	0.273408	0.726592
8UJF-E-B	Positive	0.0792629	0.920737
8J0E-F-B	Positive	0.487423	0.512577
8J0E-A-B	Negative	0.59524	0.40476
8J0E-E-B	Negative	0.660343	0.339657
8AGC-B-A	Positive	0.256558	0.743442
8AGC-P-A	Negative	0.779595	0.220405
8TW4-X-A	Positive	0.417225	0.582775
8TW4-Y-A	Negative	0.587026	0.412974
8YW5-P-R	Negative	0.797614	0.202386
8V3W-B-C	Positive	0.343214	0.656786
8EI0-B-A	Negative	0.910507	0.0894929
8GJG-B-A	Positive	0.331684	0.668316
8U2Y-A-B	Positive	0.12489	0.87511
8WTE-J-A	Positive	0.127437	0.872563
8GT7-F-C	Negative	0.714952	0.285048
8QLG-E-A	Positive	0.401433	0.598567
8TII-R-A	Negative	0.870325	0.129675
8DYE-B-A	Positive	0.400498	0.599502
8RTE-D-A	Positive	0.0611005	0.938899
8F0S-B-A	Positive	0.00241622	0.997584
8J5K-F-A	Positive	0.0281238	0.971876
8J5K-I-A	Negative	0.956473	0.0435273
8J5K-J-A	Positive	0.0488869	0.951113
8J5K-L-A	Positive	0.398831	0.601169
8J5K-M-A	Negative	0.668532	0.331468
8J5K-T-A	Negative	0.923423	0.0765772
8J5K-Y-C	Positive	0.0647114	0.935289
8J5K-X-D	Positive	0.279503	0.720497
8EI8-B-A	Positive	0.050275	0.949725
8FH3-I-B	Positive	0.0984647	0.901535
8WLS-B-A	Positive	0.446951	0.553049
8H0Q-L-R	Positive	0.00349231	0.996508
8UKO-C-E	Positive	0.0197573	0.980243
8CZF-B-A	Positive	0.072104	0.927896
8TQZ-I-A	Positive	0.0250609	0.974939
8UIT-D-B	Positive	0.0745672	0.925433
8JIR-P-R	Positive	0.427844	0.572156
8EHV-P-B	Negative	0.92145	0.0785499
8CJ3-B-A	Positive	0.000252436	0.999748
8U77-B-A	Positive	0.00159197	0.998408
8U77-F-E	Positive	0.00352664	0.996473
8PNT-C-A	Negative	0.919572	0.0804282
8PNT-D-A	Negative	0.648918	0.351082
8WEJ-C-D	Negative	0.661583	0.338417
8ZQE-L-R	Positive	0.108744	0.891256
8Z81-A-C	Positive	0.0354712	0.964529
8Z81-B-C	Positive	0.434776	0.565224
8Z81-D-C	Positive	0.0846353	0.915365
8Z81-Z-W	Positive	0.434776	0.565224
8Z81-2-1	Positive	0.0846353	0.915365
8GEJ-G-B	Negative	0.811547	0.188453
8BV7-B-A	Negative	0.713553	0.286447
8YTG-B-A	Positive	0.00119601	0.998804
8WU8-D-A	Positive	0.432253	0.567747
8H8S-L-A	Positive	0.0529818	0.947018
8H8S-M-A	Negative	0.852445	0.147555
8EO8-C-A	Positive	0.0214259	0.978574
8C3N-B-A	Positive	0.00131727	0.998683
8Q3D-C-A	Positive	0.00361612	0.996384
8RBX-r-b	Negative	0.886866	0.113134
8CCW-B-A	Positive	0.0029512	0.997049
8AXH-A-H	Negative	0.882978	0.117022
8HR1-S-C	Negative	0.639252	0.360748
8ADG-F-A	Positive	0.000276416	0.999724
8VDU-C-A	Negative	0.697165	0.302835
8VDU-I-G	Negative	0.835121	0.164879
8VDU-L-J	Negative	0.902722	0.0972775
8JAU-S-A	Positive	0.00692831	0.993072
8AKN-A-W	Positive	0.00162321	0.998377
8QKG-C-A	Negative	0.877266	0.122734
8HTU-M-B	Negative	0.65651	0.34349
8QCI-A-B	Positive	0.206809	0.793191
8CMO-J-A	Negative	0.637961	0.362039
8RHQ-G-A	Negative	0.520563	0.479437
8JZU-B-A	Negative	0.987444	0.0125564
8FZ2-P-L	Negative	0.93811	0.0618901
8DTN-B-A	Positive	0.0629789	0.937021
8DTN-F-E	Positive	0.111989	0.888011
8UGS-C-A	Negative	0.757189	0.242811
8UGS-D-A	Negative	0.842661	0.157339
8COY-C-A	Negative	0.855517	0.144483
8P65-X-A	Negative	0.635463	0.364537
8ZH8-Q-R	Positive	0.00687728	0.993123
8YY9-k-N	Negative	0.659084	0.340916
8BEH-k-L	Positive	0.177439	0.822561
8Q5P-B-A	Negative	0.538695	0.461305
8UO5-D-B	Positive	0.0100017	0.989998
8TH1-E-A	Positive	0.226568	0.773432
8TH1-F-B	Positive	0.23961	0.76039
8TH1-G-C	Positive	0.14448	0.85552
8TH1-H-D	Negative	0.762507	0.237493
8CIS-B-A	Negative	0.645808	0.354192
8CIS-C-A	Negative	0.920012	0.0799885
8CIS-D-A	Positive	0.257369	0.742631
8YPB-b-F	Negative	0.84291	0.15709
8E3Z-P-R	Negative	0.779042	0.220958
8CMK-C-A	Negative	0.657443	0.342557
8B5A-B-A	Positive	0.0262101	0.97379
8UK5-B-A	Positive	0.00140649	0.998594
8ESA-C-A	Negative	0.933511	0.0664895
8GVD-B-A	Positive	0.229879	0.770121
8FNE-E-A	Positive	0.250617	0.749383
8WY0-b-d	Positive	0.404359	0.595641
8WY0-m-d	Positive	0.452456	0.547544
8VJU-C-A	Positive	0.000702147	0.999298
8AHT-F-A	Positive	0.000286149	0.999714
8AHT-G-B	Positive	0.000246656	0.999753
8AHT-H-C	Positive	0.124662	0.875338
8I7P-B-A	Positive	0.475464	0.524536
8XPF-C-A	Negative	0.502704	0.497296
8B82-C-A	Negative	0.577882	0.422118
8UUQ-M-C	Positive	0.164389	0.835611
8INK-A-o	Positive	0.00279696	0.997203
8IQK-B-A	Negative	0.700956	0.299044
8RNG-C-A	Negative	0.908793	0.0912066
8K17-E-B	Positive	0.0709961	0.929004
8XO0-s-E	Negative	0.773003	0.226997
8R3X-C-A	Positive	0.0367488	0.963251
8R3X-D-A	Positive	0.0164824	0.983518
8CGI-4-M	Positive	0.00512338	0.994877
8DJI-B-A	Negative	0.765954	0.234046
8S6V-M-A	Positive	0.442175	0.557825
8YFL-B-A	Negative	0.899681	0.100319
8YFL-D-C	Negative	0.899681	0.100319
8EXN-D-A	Positive	0.11983	0.88017
8PQW-I-A	Positive	0.291991	0.708009
8PQW-H-C	Positive	0.431394	0.568606
8RKG-L-A	Positive	0.497725	0.502275
8RKG-M-A	Positive	0.301757	0.698243
8RKG-O-C	Positive	0.359189	0.640811
8RKG-P-E	Negative	0.727068	0.272932
8RKG-Q-E	Negative	0.773857	0.226143
8RKG-R-G	Negative	0.801938	0.198062
8RKG-S-G	Positive	0.359189	0.640811
8IPM-C-D	Positive	0.205584	0.794416
8DNQ-C-A	Positive	0.0499299	0.95007
8DNQ-D-A	Positive	0.0499299	0.95007
8FAN-P-B	Positive	0.209811	0.790189
8FAN-Q-D	Positive	0.135249	0.864751
8FAN-R-F	Positive	0.420518	0.579482
8S3E-E-A	Positive	0.0870546	0.912945
8U5H-A-D	Positive	0.049192	0.950808
8U5H-B-I	Positive	0.329418	0.670582
8VCY-C-A	Negative	0.954843	0.0451569
8EUP-T-C	Negative	0.979935	0.0200653
8EUP-t-G	Positive	0.0359034	0.964097
8H9F-Q-3	Negative	0.929165	0.0708348
8WI5-B-A	Negative	0.993113	0.00688672
8TUH-F-A	Negative	0.716657	0.283343
8FJB-C-A	Positive	0.0318827	0.968117
8VD8-B-A	Positive	0.00562894	0.994371
8SDP-I-A	Positive	0.000807292	0.999193
8SDP-X-A	Positive	0.000907497	0.999093
8SDP-Y-B	Positive	0.000349124	0.999651
8AP4-4-f	Positive	0.00973281	0.990267
8C1J-B-A	Positive	0.00439137	0.995609
8JR4-E-A	Negative	0.889053	0.110947
8TLX-B-A	Positive	0.385862	0.614138
8ZVY-C-A	Negative	0.933153	0.0668473
8ZVY-D-B	Negative	0.765369	0.234631
8C29-F-A	Positive	0.142516	0.857484
8C29-I-A	Negative	0.80527	0.19473
8C29-L-A	Negative	0.656478	0.343522
8C29-T-A	Negative	0.957652	0.0423483
8C29-M-B	Positive	0.200977	0.799023
8C29-U-B	Positive	0.0502556	0.949744
8C29-t-B	Negative	0.957652	0.0423483
8C29-l-a	Negative	0.656478	0.343522
8C29-m-b	Positive	0.200977	0.799023
8B1J-C-A	Positive	0.309632	0.690368
8CBP-C-A	Negative	0.619447	0.380553
8FCN-L-F	Negative	0.97474	0.0252597
8RTB-H-C	Negative	0.737894	0.262106
8JVV-A-B	Negative	0.703037	0.296963
8JVV-I-B	Negative	0.742279	0.257721
8BZL-h-A	Positive	0.0496646	0.950335
8BZL-d-B	Positive	0.295503	0.704497
8BZL-f-D	Negative	0.828368	0.171632
8HEP-A-B	Positive	0.498123	0.501877
8HQY-S-C	Negative	0.990556	0.00944405
8JBG-A-B	Positive	0.375218	0.624782
8ZBJ-S-R	Positive	0.00229137	0.997709
8KD2-G-B	Negative	0.597847	0.402153
8KD2-F-E	Negative	0.579676	0.420324
8OXM-E-A	Negative	0.968475	0.031525
8DES-E-A	Positive	0.0137094	0.986291
8CLS-C-A	Positive	0.00499938	0.995001
8CLS-D-A	Positive	0.0718746	0.928125
8CLS-F-A	Positive	0.0541964	0.945804
8CLS-G-A	Positive	0.00654261	0.993457
8CLS-H-A	Positive	0.0496104	0.95039
8ATS-P-A	Positive	0.235338	0.764662
8Q05-Z-A	Negative	0.672335	0.327665
8CM9-E-A	Positive	0.0142354	0.985765
8IC4-D-K	Negative	0.762677	0.237323
8IC4-X-M	Negative	0.839652	0.160348
8QNS-M-A	Positive	0.470355	0.529645
8QNS-N-A	Negative	0.519317	0.480683
8QNS-O-D	Positive	0.146574	0.853426
8QNS-P-J	Positive	0.0108897	0.98911
8ROO-B-A	Positive	0.161485	0.838515
8CCZ-C-A	Positive	0.00181759	0.998182
8R64-G-B	Negative	0.996084	0.00391555
8WXT-C-A	Positive	0.461626	0.538374
8U8C-D-A	Negative	0.991223	0.00877704
8U8C-C-B	Positive	0.423044	0.576956
8XNT-r-B	Positive	0.387902	0.612098
8XNT-R-D	Positive	0.162906	0.837094
8XNT-s-E	Negative	0.559746	0.440254
8XNT-q-I	Positive	0.354717	0.645283
8T8S-C-A	Negative	0.871414	0.128586
8T8S-D-B	Negative	0.871414	0.128586
8FLS-P-R	Negative	0.826042	0.173958
8RRL-C-A	Positive	0.00219587	0.997804
8IGC-B-A	Negative	0.99157	0.00843007
8VY4-C-A	Positive	0.175565	0.824435
8DWL-D-C	Positive	0.215817	0.784183
8DWL-B-C	Positive	0.0219598	0.97804
8F7X-P-R	Positive	0.00097585	0.999024
8Z9V-e-b	Positive	0.0903071	0.909693
8ARI-a-A	Negative	0.658578	0.341422
8JSU-A-B	Negative	0.979219	0.0207811
8JSU-C-D	Negative	0.983728	0.0162722
8TEG-B-A	Negative	0.540143	0.459857
8YFN-B-A	Negative	0.820776	0.179224
8EFL-F-M	Negative	0.877889	0.122111
8CMB-C-A	Positive	0.0747362	0.925264
8CV6-B-A	Positive	0.00421104	0.995789
8VMF-C-A	Negative	0.973326	0.0266741
8ZK2-Z-C	Negative	0.900103	0.0998972
8VCX-C-D	Negative	0.84295	0.15705
8Q7K-C-A	Negative	0.759998	0.240002
8Z0H-C-A	Negative	0.982163	0.0178368
8QN8-J-F	Positive	0.439761	0.560239
8D7P-D-A	Negative	0.798336	0.201664
8D7P-C-A	Positive	0.112799	0.887201
8Y0P-L-A	Negative	0.950237	0.0497626
8DEW-D-A	Positive	0.000383287	0.999617
8GOC-G-A	Positive	0.230322	0.769678
8H7G-B-A	Positive	0.344778	0.655222
8H7G-L-D	Positive	0.139829	0.860171
8C1T-E-D	Negative	0.885919	0.114081
8QU3-A-B	Positive	0.00135573	0.998644
8ZCS-C-A	Negative	0.510256	0.489744
8D80-C-B	Positive	0.0010799	0.99892
8TUU-B-A	Positive	0.0082893	0.991711
8PAY-H-A	Positive	0.170491	0.829509
8Q9P-X-A	Positive	0.483032	0.516968
8VGD-P-A	Positive	0.305451	0.694549
8USD-A-f	Positive	0.177165	0.822835
8USD-U-f	Positive	0.171068	0.828932
8USD-B-f	Negative	0.798834	0.201166
8B1H-C-A	Positive	0.00139332	0.998607
8TEC-C-A	Negative	0.983824	0.0161759
8YZW-F-D	Positive	0.0902534	0.909747
8K9F-I-A	Negative	0.804915	0.195085
8PKW-P-B	Positive	0.30716	0.69284
8CMG-C-A	Positive	0.296418	0.703582
8AGB-B-A	Positive	0.329275	0.670725
8ATF-H-G	Positive	0.14318	0.85682
8ESR-z-B	Positive	0.000164954	0.999835
8ESR-s-O	Positive	0.0418182	0.958182
8ESR-8-X	Positive	0.00368447	0.996316
8CA7-E-C	Positive	0.0403455	0.959655
8WM0-B-A	Positive	0.144036	0.855964
8T9A-C-B	Negative	0.74078	0.25922
8FXQ-W-A	Positive	0.0216068	0.978393
8V8Q-C-A	Positive	0.132344	0.867656
8B1B-C-A	Positive	0.112182	0.887818
8RS8-E-A	Positive	0.000451272	0.999549
8RS8-G-B	Positive	0.000451272	0.999549
8D5Q-E-A	Negative	0.793721	0.206279
8WKZ-B-A	Positive	0.000298527	0.999701
8VLF-T-A	Positive	0.357397	0.642603
8DGV-A-H	Negative	0.614938	0.385062
8T9D-9-C	Positive	0.0557522	0.944248
8UJH-C-A	Positive	0.00777911	0.992221
8U2M-D-A	Positive	0.00539338	0.994607
8E13-C-A	Positive	0.00117197	0.998828
8VJH-Q-A	Negative	0.866262	0.133738
8VJH-U-A	Positive	0.0743342	0.925666
8XFZ-C-A	Negative	0.58227	0.41773
8OZ0-9-H	Positive	0.0199227	0.980077
8EBU-H-A	Negative	0.609956	0.390044
8H8H-G-A	Negative	0.544656	0.455344
8UTL-C-A	Positive	0.357885	0.642115
8WHK-B-A	Positive	0.439232	0.560768
8ETJ-T-C	Negative	0.966572	0.0334284
8ETJ-s-O	Positive	0.0306398	0.96936
8QEP-G-A	Positive	0.312901	0.687099
8ET3-S-A	Negative	0.921689	0.0783114
8H8Q-A-L	Positive	0.324646	0.675354
8C07-J-B	Negative	0.72082	0.27918
8B46-D-A	Negative	0.887586	0.112414
8B46-F-B	Positive	0.0461554	0.953845
8Q9N-X-A	Positive	0.0103895	0.98961
8RIZ-T-K	Positive	0.0632391	0.936761
8ZKM-A-B	Negative	0.679095	0.320905
8WM6-J-A	Negative	0.830372	0.169628
8WM6-M-B	Positive	0.196383	0.803617
8W5Z-B-A	Negative	0.825768	0.174232
8TTE-C-A	Negative	0.802016	0.197984
8FLT-P-R	Positive	0.329189	0.670811
8J9S-C-B	Negative	0.674618	0.325382
8DA0-F-A	Positive	0.248602	0.751398
8XLS-J-A	Negative	0.72798	0.27202
8XLS-M-B	Positive	0.137747	0.862253
8KEA-H-A	Negative	0.523273	0.476727
8I0U-K-A	Positive	0.00149722	0.998503
8EI2-C-A	Positive	0.458852	0.541148
8AC1-E-C	Negative	0.940819	0.0591812
8YVI-X-D	Positive	0.113523	0.886477
8BFW-B-A	Positive	0.0305771	0.969423
8Q1R-E-A	Negative	0.645617	0.354383
8U1Z-B-A	Positive	0.217415	0.782585
8D3W-G-A	Negative	0.8698	0.1302
8K4V-C-A	Positive	0.0558471	0.944153
8Y6V-N-D	Negative	0.991272	0.00872816
8Y6V-I-G	Negative	0.877241	0.122759
8TWI-D-C	Negative	0.976221	0.0237787
8XI2-U-A	Positive	0.0914389	0.908561
8ZKK-p-O	Negative	0.944489	0.0555109
8ZKK-u-O	Negative	0.890167	0.109833
8HSM-C-A	Positive	0.0644531	0.935547
8XZJ-L-R	Positive	7.84931e-05	0.999922
8D5E-P-A	Negative	0.836817	0.163183
8CDU-N-E	Positive	0.000368479	0.999632
8C97-0-N	Positive	0.00199875	0.998001
8IBO-C-A	Positive	0.0422082	0.957792
8A65-B-A	Positive	0.260244	0.739756
8FUF-B-A	Positive	0.4674	0.5326
8SE7-X-A	Positive	0.00218494	0.997815
8SE7-H-A	Positive	0.00137961	0.99862
8SE7-Y-B	Positive	0.00040531	0.999595
8SE7-P-M	Positive	0.000335885	0.999664
8SE7-T-Q	Positive	0.00265891	0.997341
8ZZ0-A-C	Positive	0.0680207	0.931979
8ZZ0-B-C	Positive	0.0695673	0.930433
8ETC-T-C	Negative	0.831824	0.168176
8ETC-s-O	Positive	0.0106636	0.989336
8ETC-8-P	Positive	0.00441278	0.995587
8W8E-X-A	Positive	0.00456801	0.995432
8SUV-F-A	Positive	0.0563504	0.94365
8SUV-H-C	Positive	0.232219	0.767781
8SUV-I-D	Positive	0.017066	0.982934
8GN0-I-A	Negative	0.820523	0.179477
8GN0-f-a	Positive	0.290114	0.709886
8H1R-C-A	Positive	0.195427	0.804573
8IB6-D-K	Negative	0.935742	0.0642577
8IB6-X-M	Negative	0.839652	0.160348
8IMY-D-G	Positive	0.258531	0.741469
8CBI-C-A	Positive	0.00213906	0.997861
8DTM-C-B	Positive	0.264614	0.735386
8QTU-B-A	Positive	0.00749734	0.992503
8X7X-F-C	Negative	0.934387	0.065613
8WED-C-A	Positive	0.0403778	0.959622
8YPJ-A-B	Negative	0.979864	0.0201363
8VPR-B-A	Positive	0.000227076	0.999773
8JJ6-E-A	Positive	0.0071628	0.992837
8T4S-n-C	Positive	0.188406	0.811594
8RJI-C-A	Positive	0.004105	0.995895
8HZ4-E-A	Positive	0.281697	0.718303
8HZ4-F-A	Positive	0.382959	0.617041
8HZ4-H-A	Positive	0.209727	0.790273
8HZ4-G-B	Positive	0.234328	0.765672
8WDA-E-A	Positive	0.063633	0.936367
8QAU-E-A	Negative	0.744256	0.255744
8JAF-V-A	Positive	0.348605	0.651395
8UB4-H-B	Negative	0.950948	0.0490515
8UB4-J-D	Positive	0.403729	0.596271
8UU8-6-E	Positive	0.00051355	0.999486
8UU8-5-7	Positive	0.351443	0.648557
8I9A-D-C	Positive	0.0251779	0.974822
8TZX-C-A	Positive	0.00578783	0.994212
8Q7E-C-A	Positive	0.0554464	0.944554
8VJY-B-A	Positive	0.00873458	0.991265
8J0G-F-B	Negative	0.733633	0.266367
8WXW-P-A	Positive	0.0355991	0.964401
8HSW-C-A	Positive	0.384971	0.615029
8UI6-B-A	Positive	0.0203274	0.979673
8GON-C-A	Positive	0.252491	0.747509
8YV6-B-A	Negative	0.886715	0.113285
8RTA-I-E	Negative	0.762522	0.237478
8RTA-H-F	Negative	0.832196	0.167804
8J5P-X-C	Positive	0.380311	0.619689
8J8Z-V-A	Negative	0.647911	0.352089
8WDV-7-L	Negative	0.673647	0.326353
8WDV-G-D	Positive	0.303207	0.696793
8WDV-J-F	Negative	0.667532	0.332468
8WDV-T-S	Positive	0.303207	0.696793
8WDV-6-3	Negative	0.55628	0.44372
8UW1-K-A	Negative	0.542149	0.457851
8FEG-A-B	Positive	0.0465978	0.953402
8VYQ-C-A	Negative	0.960893	0.0391069
8HN9-C-A	Positive	0.00137015	0.99863
8C5L-C-A	Negative	0.623372	0.376628
8ROP-C-A	Positive	0.338937	0.661063
8UBU-B-A	Negative	0.726297	0.273703
8TUQ-B-A	Positive	0.073778	0.926222
8G8S-B-A	Positive	0.0248167	0.975183
8CAV-D-A	Negative	0.897791	0.102209
8CAV-G-B	Positive	0.171717	0.828283
8ENS-C-A	Positive	0.0196768	0.980323
8RBZ-r-b	Negative	0.967236	0.0327644
8RBZ-m-i	Negative	0.627593	0.372407
8TTT-B-A	Positive	0.495363	0.504637
8QT0-B-A	Positive	0.000215051	0.999785
8HLO-C-A	Positive	0.186645	0.813355
8G94-F-A	Positive	0.19681	0.80319
8HCO-E-A	Negative	0.779696	0.220304
8U36-B-A	Positive	0.00221826	0.997782
8U36-C-A	Positive	0.00190415	0.998096
8EJM-B-A	Positive	0.107287	0.892713
8DGX-C-H	Positive	0.333643	0.666357
8RDY-B-A	Positive	0.160592	0.839408
8U4K-C-A	Positive	0.00138335	0.998617
8UKP-C-E	Positive	0.0093687	0.990631
8QSH-H-A	Positive	0.0327522	0.967248
8HER-A-B	Negative	0.96324	0.0367598
8RU3-P-A	Negative	0.529917	0.470083
8RST-B-A	Positive	0.0104975	0.989502
8A44-B-A	Negative	0.672124	0.327876
8A9G-D-B	Negative	0.887914	0.112086
8W6A-C-A	Negative	0.929584	0.070416
8BOX-C-A	Positive	0.00688988	0.99311
8QQF-B-A	Negative	0.500274	0.499726
8A93-D-A	Negative	0.75718	0.24282
8HRY-B-A	Positive	0.364293	0.635707
8FUB-B-A	Positive	0.00090893	0.999091
8QYB-A-L	Positive	0.0442862	0.955714
8ZX5-G-B	Negative	0.986074	0.0139257
8K00-B-A	Negative	0.834756	0.165244
8RXB-F-E	Positive	0.139875	0.860125
8T8G-B-A	Positive	0.108444	0.891556
8T0P-C-B	Negative	0.582809	0.417191
8F9E-P-H	Negative	0.577197	0.422803
8VU3-J-A	Negative	0.731178	0.268822
8VU3-X-B	Negative	0.59914	0.40086
8VU3-S-G	Negative	0.731178	0.268822
8CRX-3-g	Positive	0.000305054	0.999695
8ETG-T-C	Negative	0.970182	0.0298179
8OEP-B-A	Positive	0.343513	0.656487
8B1R-P-B	Negative	0.98951	0.01049
8F4B-B-A	Negative	0.894656	0.105344
8X2U-A-B	Negative	0.946528	0.0534723
8X2U-D-E	Negative	0.960157	0.0398426
8SRW-E-A	Positive	0.0038589	0.996141
8ALH-P-B	Positive	0.100935	0.899065
8P2H-6-8	Positive	0.0679345	0.932065
8C2E-P-A	Positive	0.0732499	0.92675
8Z08-F-C	Positive	0.0175761	0.982424
8CB8-C-A	Negative	0.808758	0.191242
8ARE-B-A	Positive	0.0562092	0.943791
8SR6-B-A	Positive	0.0106022	0.989398
8FUC-A-B	Positive	0.000431944	0.999568
8FUC-F-B	Positive	0.00972744	0.990273
8GMT-B-A	Negative	0.600958	0.399042
8EIB-C-A	Negative	0.782977	0.217023
8AB5-C-A	Positive	0.00916295	0.990837
8CBG-C-A	Positive	0.00740671	0.992593
8EMG-C-A	Positive	0.0324158	0.967584
8WI0-B-A	Negative	0.9547	0.0452997
8RK3-B-g	Positive	0.264783	0.735217
8WGH-J-2	Negative	0.739512	0.260488
8FE7-B-A	Positive	0.101647	0.898353
8WTW-B-A	Positive	0.000361196	0.999639
8A43-I-A	Positive	0.00659415	0.993406
8VYA-D-A	Negative	0.93433	0.0656704
8VYA-F-A	Negative	0.956209	0.0437907
8J8P-A-C	Negative	0.8396	0.1604
8Y8B-C-T	Positive	0.0130766	0.986923
8IAQ-D-K	Negative	0.908632	0.0913683
8QOA-0-2	Positive	0.00820139	0.991799
8QOA-6-e	Positive	0.0140111	0.985989
8X91-X-A	Positive	8.58038e-05	0.999914
8UJI-C-A	Positive	0.0146814	0.985319
8SAO-A-B	Negative	0.80626	0.19374
8JE1-R-A	Positive	0.122972	0.877028
8JE1-G-H	Negative	0.983471	0.0165293
8WE2-R-A	Positive	0.00176005	0.99824
8EGR-M-G	Negative	0.983405	0.016595
8DNT-D-A	Negative	0.79435	0.20565
8SKJ-E-A	Negative	0.899285	0.100715
8UTJ-f-F	Positive	0.00115359	0.998846
8FCT-G-F	Negative	0.99379	0.00620954
8S8O-C-A	Negative	0.98091	0.0190905
8IBB-D-K	Negative	0.908632	0.0913683
8ES9-Y-A	Positive	0.0647035	0.935297
8IUG-D-B	Positive	0.130414	0.869586
8IUG-V-C	Positive	0.220235	0.779765
8IUG-X-C	Negative	0.588261	0.411739
8IUG-Y-C	Positive	0.216954	0.783046
8IUG-H-G	Positive	0.130414	0.869586
8IUG-h-L	Negative	0.635252	0.364748
8CMD-C-A	Negative	0.906341	0.0936587
8S4Y-A-B	Positive	0.299333	0.700667
8UX6-F-C	Negative	0.676639	0.323361
8JYS-A-B	Negative	0.748715	0.251285
8JYS-C-D	Negative	0.956327	0.0436735
8UUA-6-E	Positive	0.00051355	0.999486
8UUA-5-7	Positive	0.0304151	0.969585
8BN1-D-A	Positive	0.0486131	0.951387
8DVN-B-A	Positive	0.0242531	0.975747
8J8R-G-A	Positive	0.486334	0.513666
8UHD-X-V	Positive	0.0347638	0.965236
8ZLZ-D-B	Positive	0.0200602	0.97994
8K8J-G-B	Negative	0.881381	0.118619
8VJO-F-A	Positive	0.148536	0.851464
8C06-F-A	Negative	0.597987	0.402013
8JRT-e-V	Negative	0.983023	0.0169773
8PJG-C-A	Positive	0.0157798	0.98422
8GCN-B-A	Positive	0.0899463	0.910054
8RUQ-L-G	Positive	0.0603471	0.939653
8RDU-r-G	Negative	0.960477	0.0395228
8TTA-E-A	Positive	0.265327	0.734673
8TTA-F-C	Positive	0.301837	0.698163
8E2C-C-A	Positive	3.69656e-05	0.999963
8PR7-F-D	Negative	0.630915	0.369085
8AP8-M-h	Negative	0.985038	0.0149617
8AP8-c-g	Negative	0.972798	0.0272023
8B1E-C-A	Positive	0.281144	0.718856
8VAZ-E-A	Positive	0.123669	0.876331
8CGD-0-2	Positive	0.00408553	0.995914
8DJH-B-A	Negative	0.993296	0.00670366
8EAU-b-a	Positive	0.0992592	0.900741
8UU4-6-E	Positive	0.000586768	0.999413
8XJS-E-B	Positive	0.467004	0.532996
8XJS-D-A	Positive	0.251465	0.748535
8B9V-A-L	Negative	0.951974	0.048026
8RAL-C-A	Negative	0.50442	0.49558
8AAA-B-A	Positive	0.0239656	0.976034
8BIA-C-A	Negative	0.558439	0.441561
8QSC-H-A	Positive	0.138588	0.861412
8KDX-B-A	Negative	0.625971	0.374029
8QP8-X-S	Positive	0.00210243	0.997898
8EYY-D-A	Negative	0.515254	0.484746
8WEF-C-A	Negative	0.508712	0.491288
8Y9Z-B-A	Negative	0.641828	0.358172
8FVO-C-A	Positive	0.13163	0.86837
8VR9-C-A	Positive	0.0909549	0.909045
8ZLW-R-A	Positive	0.292616	0.707384
8J6Z-J-2	Negative	0.882265	0.117735
8JOY-B-A	Positive	0.000902505	0.999097
8FG1-B-A	Positive	0.466013	0.533987
8OP0-B-A	Positive	0.00816641	0.991834
8RPY-z-E	Positive	0.00207504	0.997925
8YDT-A-B	Positive	0.404513	0.595487
8QXW-B-A	Positive	0.000184299	0.999816
8ZYW-A-C	Positive	0.0695192	0.930481
8F2M-C-D	Positive	0.375601	0.624399
8BTQ-B-A	Positive	0.0358908	0.964109
8C92-2-T	Positive	0.0487261	0.951274
8CAM-h-w	Positive	0.010903	0.989097
8A40-L-B	Positive	0.00548164	0.994518
8P7L-H-J	Negative	0.604545	0.395455
8CMI-C-A	Negative	0.901732	0.0982676
8CMI-F-D	Negative	0.901732	0.0982676
8JBM-G-A	Positive	0.344262	0.655738
8R2I-F-A	Positive	0.0909204	0.90908
8R2I-I-A	Positive	0.243736	0.756264
8R2I-1-A	Positive	0.090704	0.909296
8XVE-P-R	Negative	0.984376	0.0156244
8OLT-s-E	Positive	0.310499	0.689501
8EMX-D-C	Positive	0.297491	0.702509
8RH6-G-A	Negative	0.750499	0.249501
8U9O-A-B	Negative	0.986952	0.0130485
8SDQ-B-A	Positive	0.00273813	0.997262
8J8Q-A-C	Negative	0.973539	0.0264613
8RQF-B-A	Positive	0.126517	0.873483
8SRV-D-A	Positive	0.0171976	0.982802
8X54-E-A	Positive	0.00129645	0.998704
8SOU-B-A	Positive	0.0940188	0.905981
8AED-C-A	Negative	0.814623	0.185377
8AED-D-A	Negative	0.948872	0.0511284
8BY5-B-A	Positive	0.0322424	0.967758
8YHZ-P-L	Negative	0.947196	0.0528044
8TQ2-D-C	Positive	0.245088	0.754912
8VYW-C-A	Negative	0.883552	0.116448
8C2F-P-A	Positive	0.0159224	0.984078
8Q1S-P-A	Positive	0.116808	0.883192
8Q1S-C-B	Positive	0.0435154	0.956485
8G1U-C-A	Positive	0.272958	0.727042
8G1U-D-A	Positive	0.000417857	0.999582
8G1U-K-I	Positive	0.341232	0.658768
8WQH-G-D	Positive	0.239674	0.760326
8WQH-L-H	Positive	0.219041	0.780959
8KDC-C-A	Negative	0.985816	0.0141842
8KDC-D-A	Negative	0.816396	0.183604
8KDC-E-A	Negative	0.969453	0.0305468
8JA3-U-B	Positive	0.00419224	0.995808
8C98-2-T	Positive	0.0154674	0.984533
8ZBI-E-C	Negative	0.927833	0.0721675
8TLW-B-A	Positive	0.249462	0.750538
8DGW-G-H	Negative	0.864517	0.135483
8ZOM-K-B	Positive	0.109432	0.890568
8P43-P-A	Negative	0.986749	0.0132509
8T42-N-A	Positive	0.00959206	0.990408
8HEW-B-A	Positive	0.33477	0.66523
8J27-F-B	Negative	0.622632	0.377368
8J27-A-B	Negative	0.720782	0.279218
8TOS-E-A	Positive	0.0932284	0.906772
8ONI-B-H	Negative	0.51052	0.48948
8G2M-F-H	Negative	0.835357	0.164643
8G8R-B-A	Positive	0.00252421	0.997476
8HXR-D-B	Positive	0.00903983	0.99096
8HXR-C-A	Positive	0.0228805	0.97712
8P0A-C-A	Negative	0.826593	0.173407
8PN4-M-A	Negative	0.663612	0.336388
8K35-S-I	Positive	0.190497	0.809503
8ENW-D-B	Positive	0.0170552	0.982945
8JUT-K-A	Positive	0.0678401	0.93216
8I0P-P-A	Positive	0.0134005	0.986599
8QPW-X-F	Positive	0.0465147	0.953485
8R7L-D-H	Negative	0.884776	0.115224
8RNH-C-A	Positive	0.39133	0.60867
8XNY-r-C	Positive	0.285046	0.714954
8XNY-R-D	Positive	0.475853	0.524147
8BCT-H-D	Positive	0.0748141	0.925186
8X2M-C-A	Positive	0.457221	0.542779
8X2M-D-A	Negative	0.555229	0.444771
8X2M-F-A	Positive	0.203882	0.796118
8TH6-H-A	Negative	0.836691	0.163309
8TH6-G-B	Negative	0.836691	0.163309
8TH6-F-C	Negative	0.986935	0.013065
8GJ5-D-A	Positive	0.107802	0.892198
8GJ5-E-B	Positive	0.0464016	0.953598
8GJ5-F-C	Positive	0.00861464	0.991385
8P0Q-C-A	Positive	0.0521704	0.94783
8P0Q-D-B	Positive	0.0708179	0.929182
8B0P-B-A	Positive	0.000387315	0.999613
8RX1-i-A	Positive	0.127776	0.872224
8RX1-G-B	Positive	0.394523	0.605477
8RX1-s-D	Positive	0.0970789	0.902921
8XGC-K-I	Negative	0.978692	0.0213077
8RRK-C-A	Positive	0.127046	0.872954
8S6T-C-A	Positive	0.226601	0.773399
8HEY-O-a	Negative	0.922023	0.0779768
8HEY-T-D	Positive	0.0351723	0.964828
8HEY-Q-A	Positive	0.177865	0.822135
8J48-D-B	Positive	0.0100342	0.989966
8J48-A-B	Positive	0.00357039	0.99643
8X53-E-A	Positive	0.00564363	0.994356
8XLP-f-a	Positive	0.113848	0.886152
8XLP-i-a	Negative	0.521255	0.478745
8XLP-t-a	Negative	0.891772	0.108228
8XLP-w-a	Negative	0.995071	0.00492855
8XLP-m-b	Negative	0.976553	0.0234472
8XLP-x-b	Negative	0.841707	0.158293
8XLP-y-c	Positive	0.325576	0.674424
8XES-C-A	Positive	0.105835	0.894165
8J7H-E-A	Positive	0.0100122	0.989988
8ADI-F-A	Positive	0.00237783	0.997622
8GJI-B-A	Negative	0.730169	0.269831
8PEF-B-A	Positive	0.00137894	0.998621
8TUT-B-A	Positive	0.0120493	0.987951
8I10-G-A	Positive	0.0431407	0.956859
8C3Z-B-A	Positive	0.000345991	0.999654
8I0R-W-A	Positive	0.0197665	0.980233
8QSJ-m-8	Negative	0.929111	0.0708886
8CME-C-A	Positive	0.0395276	0.960472
8GO9-G-A	Negative	0.587937	0.412063
8XZG-L-R	Positive	0.0108751	0.989125
8Z11-j-A	Negative	0.949443	0.0505569
8Z11-i-B	Negative	0.572927	0.427073
8Z11-m-B	Positive	0.0973834	0.902617
8RBH-C-A	Positive	0.195051	0.804949
8RBH-D-B	Positive	0.441034	0.558966
8VME-B-A	Negative	0.667132	0.332868
8VME-C-A	Negative	0.665385	0.334615
8I0S-K-A	Positive	0.208703	0.791297
8ZEB-C-A	Negative	0.707832	0.292168
8C3J-C-A	Positive	0.0314014	0.968599
8C3J-J-A	Positive	0.0314014	0.968599
8JXV-D-C	Negative	0.983327	0.0166731
8D5N-E-C	Negative	0.94855	0.0514497
8D5N-B-A	Negative	0.640731	0.359269
8P5R-P-A	Negative	0.522838	0.477162
8EYA-D-A	Positive	0.000247756	0.999752
8FVY-f-d	Positive	0.00241802	0.997582
8B1F-C-A	Positive	0.149969	0.850031
8DZQ-D-C	Negative	0.655268	0.344732
8IIY-C-A	Positive	0.000330987	0.999669
8FG0-P-C	Positive	0.166387	0.833613
8FG0-Q-C	Positive	0.372749	0.627251
8AGE-B-A	Positive	0.256558	0.743442
8AGE-P-A	Positive	0.42153	0.57847
8QT4-B-A	Positive	0.0122713	0.987729
8F2Q-B-A	Positive	0.0228172	0.977183
8F2Q-C-A	Positive	0.000926357	0.999074
8TOR-E-A	Positive	0.0101858	0.989814
8YOR-E-A	Positive	0.101111	0.898889
8YOR-F-C	Positive	0.196467	0.803533
8IHM-M-C	Negative	0.707717	0.292283
8C26-B-A	Positive	0.282012	0.717988
8BY6-C-A	Positive	0.452068	0.547932
8XNQ-s-E	Negative	0.990796	0.00920445
8ZGT-C-A	Negative	0.663524	0.336476
8IMX-P-G	Positive	0.0276472	0.972353
8BE6-P-R	Positive	0.227863	0.772137
8EXJ-D-A	Negative	0.501607	0.498393
8WXQ-C-A	Positive	0.0655319	0.934468
8VP5-C-A	Negative	0.902303	0.0976966
8KME-4-2	Negative	0.657099	0.342901
8DUZ-F-A	Negative	0.554946	0.445054
8DUZ-E-C	Negative	0.851282	0.148718
8WV1-Z-F	Positive	0.0532286	0.946771
8WV1-9-g	Positive	0.000715864	0.999284
8QY9-A-L	Positive	0.0280439	0.971956
8QPK-7-D	Negative	0.787491	0.212509
8QPK-X-A	Positive	0.0033384	0.996662
8UU5-6-E	Positive	0.000586768	0.999413
8HE0-B-A	Positive	0.000291674	0.999708
8WXV-B-A	Negative	0.600551	0.399449
8B6J-L-C	Positive	0.460656	0.539344
8B6J-l-c	Positive	0.460656	0.539344
8YVZ-E-A	Positive	0.352668	0.647332
8SH9-N-B	Positive	0.0668574	0.933143
8R8U-C-A	Positive	0.00735875	0.992641
8F7S-P-R	Negative	0.786318	0.213682
8T31-B-A	Negative	0.941058	0.0589416
8T31-F-A	Negative	0.763299	0.236701
8T31-D-C	Negative	0.900546	0.0994535
8T31-H-G	Negative	0.832953	0.167047
8T31-J-I	Negative	0.988978	0.0110223
8QOO-B-A	Positive	0.000215051	0.999785
8TWE-C-A	Negative	0.973161	0.0268393
8TWE-D-B	Positive	0.338364	0.661636
8PKV-P-B	Positive	0.187203	0.812797
8IW4-C-B	Negative	0.917381	0.0826194
8HC0-C-A	Positive	0.367393	0.632607
8PO2-D-A	Negative	0.930195	0.0698049
8W6L-C-A	Positive	0.25219	0.74781
8S73-M-A	Positive	0.0748827	0.925117
8F9S-P-H	Negative	0.968697	0.0313029
8QTT-K-A	Negative	0.684849	0.315151
8QTT-N-D	Negative	0.866589	0.133411
8IB5-s-E	Negative	0.668197	0.331803
8B8W-D-B	Positive	0.155188	0.844812
8EI3-G-C	Positive	0.230407	0.769593
8Y47-B-A	Positive	0.374686	0.625314
8BC6-D-A	Positive	0.0226585	0.977341
8IYA-D-B	Negative	0.725018	0.274982
8EMJ-C-A	Positive	0.132883	0.867117
8B5R-X-B	Positive	0.0449722	0.955028
8GKV-B-A	Negative	0.945284	0.0547159
8WXR-C-A	Positive	0.034224	0.965776
8WXR-D-B	Positive	0.00441709	0.995583
8TPJ-Q-B	Positive	0.326328	0.673672
8TPJ-P-E	Positive	0.168091	0.831909
8TPJ-S-F	Positive	0.165029	0.834971
8TPJ-R-N	Positive	0.00181923	0.998181
8TTC-E-D	Positive	0.0987439	0.901256
8EKA-P-H	Negative	0.643777	0.356223
8X4Q-B-A	Positive	0.440467	0.559533
8X4Q-J-I	Positive	0.427002	0.572998
8DEU-D-B	Positive	0.402261	0.597739
8A5A-X-G	Positive	0.0252446	0.974755
8S1U-1-3	Positive	0.045597	0.954403
8S1U-6-F	Positive	0.00343461	0.996565
8FHL-C-A	Positive	0.00524788	0.994752
8C40-B-A	Positive	0.00261331	0.997387
8Z0A-E-A	Negative	0.708961	0.291039
8QHL-D-B	Positive	0.0969146	0.903085
8BJ0-B-A	Negative	0.558439	0.441561
8TRH-d-4	Negative	0.858775	0.141225
8HBD-L-R	Negative	0.935075	0.0649248
8R5I-B-A	Negative	0.985815	0.0141855
8QSB-H-A	Positive	0.192385	0.807615
8ASC-J-E	Negative	0.643002	0.356998
8RN3-D-A	Negative	0.794717	0.205283
8RN3-E-A	Negative	0.747514	0.252486
8RU4-C-A	Positive	0.0369358	0.963064
8SXE-F-B	Positive	0.397561	0.602439
8DUJ-M-G	Positive	0.000628021	0.999372
8A8R-L-A	Negative	0.784013	0.215987
8A8R-M-B	Negative	0.876293	0.123707
8FAT-E-A	Negative	0.859865	0.140135
8FAT-F-C	Negative	0.569618	0.430382
8F7Z-K-E	Positive	0.0350322	0.964968
8IA8-L-A	Positive	0.00375137	0.996249
8OSL-P-O	Negative	0.803042	0.196958
8DGH-B-A	Positive	0.126338	0.873662
8JYQ-C-A	Positive	0.0160261	0.983974
8JYQ-F-D	Positive	0.0435251	0.956475
8DYD-C-A	Positive	0.338793	0.661207
8FJK-m-C	Negative	0.650373	0.349627
8GQV-C-A	Negative	0.975108	0.0248924
8B1G-C-A	Positive	0.0995309	0.900469
8W6B-D-A	Negative	0.569269	0.430731
8S6N-E-A	Positive	0.3921	0.6079
8TMY-S-H	Positive	0.00529655	0.994703
8TMY-N-B	Positive	0.132425	0.867575
8UXZ-I-C	Positive	0.413036	0.586964
8TL6-E-A	Positive	0.165006	0.834994
8T5E-B-A	Negative	0.567533	0.432467
8JC0-m-d	Negative	0.540765	0.459235
8WXU-D-B	Negative	0.722693	0.277307
8IA4-Q-A	Negative	0.927217	0.0727828
8RNE-P-A	Positive	0.273808	0.726192
8INF-T-f	Positive	0.00212773	0.997872
8Y1U-B-A	Negative	0.984965	0.0150349
8Y1U-C-A	Negative	0.959164	0.0408365
8T56-C-A	Positive	0.0560167	0.943983
8T56-D-A	Positive	0.0098547	0.990145
8T56-E-A	Positive	0.0098547	0.990145
8T56-F-A	Positive	0.0216547	0.978345
8JIT-P-R	Negative	0.982472	0.0175279
8PPR-Z-N	Negative	0.732528	0.267472
8XVA-F-B	Positive	0.0925455	0.907455
8C5G-D-A	Positive	0.000442836	0.999557
8DGP-F-A	Positive	0.33762	0.66238
8DGP-E-B	Negative	0.691119	0.308881
8DGP-G-C	Negative	0.580014	0.419986
8UY3-E-A	Positive	0.00326144	0.996739
8UY3-H-B	Positive	0.00160722	0.998393
8UY3-I-D	Positive	0.00206081	0.997939
8Y84-A-B	Positive	0.0924588	0.907541
8RWG-6-8	Positive	0.00956649	0.990434
8OFG-C-A	Positive	0.00365674	0.996343
8CSP-Q-B	Positive	0.04333	0.95667
8CSP-K-C	Positive	0.0175033	0.982497
8G8A-C-A	Negative	0.905567	0.094433
8G8A-P-H	Negative	0.513085	0.486915
8EGS-I-Y	Negative	0.785697	0.214303
8JAS-O-K	Positive	0.000171659	0.999828
8IJ0-C-A	Positive	0.409515	0.590485
8IJ0-D-A	Positive	0.409515	0.590485
8Q8K-C-A	Positive	0.00400715	0.995993
8COB-B-A	Positive	0.0197607	0.980239
8COB-F-E	Positive	0.0194019	0.980598
8REF-C-A	Positive	0.465503	0.534497
8AI5-C-A	Positive	0.0108692	0.989131
8AI5-D-A	Positive	0.0108692	0.989131
8I17-C-A	Negative	0.935329	0.0646707
8I17-F-B	Negative	0.955492	0.044508
8I17-I-E	Negative	0.924972	0.0750285
8JUD-B-A	Positive	0.194562	0.805438
8GY7-M-P	Positive	0.0053789	0.994621
8EIK-F-E	Positive	0.443437	0.556563
8X06-D-B	Positive	0.404627	0.595373
8WB4-w-3	Negative	0.981907	0.0180935
8WB4-F-A	Positive	0.062385	0.937615
8WB4-J-A	Positive	0.0267133	0.973287
8WB4-T-A	Negative	0.883298	0.116702
8WB4-L-A	Negative	0.938336	0.0616645
8WB4-m-D	Negative	0.985687	0.0143132
8WB4-M-S	Negative	0.985687	0.0143132
8WB4-Y-Z	Positive	0.290099	0.709901
8WB4-f-d	Positive	0.062385	0.937615
8A62-B-A	Positive	0.00786033	0.99214
8US8-R-H	Positive	0.493668	0.506332
8YWF-P-R	Negative	0.500544	0.499456
8DGO-C-B	Negative	0.554584	0.445416
8ZUJ-A-D	Positive	0.0355519	0.964448
8HK5-G-D	Negative	0.774305	0.225695
8RTD-e-J	Negative	0.913939	0.0860614
8RTD-d-b	Positive	0.0632315	0.936769
8RTD-i-f	Positive	0.204065	0.795935
8RTD-D-h	Positive	0.437496	0.562504
8RTD-F-h	Positive	0.0930958	0.906904
8YJ2-C-A	Negative	0.979821	0.0201793
8C43-B-A	Positive	0.00815948	0.991841
8QU4-A-B	Positive	0.00135573	0.998644
8PM0-P-A	Positive	0.1995	0.8005
8YTF-B-A	Positive	0.210582	0.789418
8YWA-D-A	Positive	0.157419	0.842581
8D35-C-A	Negative	0.562655	0.437345
8TH5-K-A	Negative	0.892587	0.107413
8TH5-Q-A	Positive	0.0781478	0.921852
8TH5-P-F	Positive	0.387042	0.612958
8RKS-L-C	Positive	0.315524	0.684476
8FY3-C-A	Negative	0.847598	0.152402
8D5F-P-A	Negative	0.682331	0.317669
8FVQ-L-A	Positive	0.132344	0.867656
8J6F-B-I	Positive	0.18677	0.81323
8FG6-A-B	Positive	0.00073194	0.999268
8QU2-A-B	Positive	0.00225361	0.997746
8Q91-B-A	Positive	0.233481	0.766519
8B2F-H-A	Positive	0.0280671	0.971933
8B2F-T-A	Positive	0.0280671	0.971933
8FAS-C-A	Positive	0.122458	0.877542
8SM5-B-A	Negative	0.541899	0.458101
8SM5-D-C	Positive	0.0376932	0.962307
8SM5-J-I	Positive	0.424502	0.575498
8DGM-B-A	Negative	0.896365	0.103635
8XV7-B-A	Positive	0.0793372	0.920663
8XV7-F-A	Positive	0.395131	0.604869
8XV7-H-A	Positive	0.415971	0.584029
8R7N-E-j	Positive	0.0358044	0.964196
8D5J-C-A	Positive	0.0547577	0.945242
8IQ4-G-B	Negative	0.513381	0.486619
8ZDB-e-J	Positive	0.00199943	0.998001
8ZDB-f-M	Positive	0.00579626	0.994204
8WKY-B-A	Positive	0.000801118	0.999199
8PM5-N-G	Positive	0.000237593	0.999762
8XKM-F-A	Negative	0.577223	0.422777
8JSL-E-A	Negative	0.900353	0.0996474
8JSL-D-B	Negative	0.879955	0.120045
8CVZ-F-B	Negative	0.960463	0.0395367
8CVZ-G-C	Negative	0.955114	0.0448858
8Q23-E-A	Positive	0.000546968	0.999453
8EGT-E-A	Negative	0.709955	0.290045
8WJX-G-B	Negative	0.797315	0.202685
8TUR-B-A	Positive	0.210596	0.789404
8FPJ-D-A	Positive	0.2484	0.7516
8FPJ-E-A	Positive	0.404466	0.595534
8AN9-E-A	Positive	0.00559212	0.994408
8TAR-B-L	Negative	0.554212	0.445788
8CV7-D-A	Positive	0.00418601	0.995814
8IHN-A-K	Positive	0.0193	0.9807
8BYL-D-B	Positive	0.479582	0.520418
8FUD-C-A	Negative	0.800157	0.199843
8FUD-D-B	Negative	0.645038	0.354962
8CMH-C-A	Positive	0.0134928	0.986507
8WSS-L-R	Positive	0.00162079	0.998379
8WEE-B-A	Positive	0.23024	0.76976
8HEO-G-B	Negative	0.755253	0.244747
8PXX-B-A	Positive	0.0491208	0.950879
8SDM-I-A	Positive	0.00206281	0.997937
8SDM-X-A	Positive	0.0018085	0.998192
8SDM-Y-B	Positive	0.00119252	0.998807
8HIL-L-B	Positive	0.0289118	0.971088
8ZLX-b-B	Positive	0.0539795	0.946021
8ZLX-d-D	Positive	0.0915733	0.908427
8ELG-C-A	Positive	0.00127304	0.998727
8B1A-C-A	Positive	0.229879	0.770121
8CMC-C-A	Positive	0.40643	0.59357
8AFZ-C-B	Negative	0.949237	0.0507628
8IWH-J-A	Positive	0.20706	0.79294
8IWH-L-A	Positive	0.398831	0.601169
8IWH-M-A	Negative	0.990835	0.00916473
8IWH-T-A	Negative	0.922793	0.0772067
8IWH-t-B	Negative	0.922793	0.0772067
8IWH-K-C	Positive	0.450179	0.549821
8IWH-Y-C	Positive	0.00858492	0.991415
8IWH-X-D	Positive	0.352662	0.647338
8IWH-f-d	Positive	0.0281238	0.971876
8HVP-I-A	Negative	0.512146	0.487854
8IN0-B-A	Positive	0.018987	0.981013
8F7W-P-R	Positive	0.00246709	0.997533
8EF5-F-M	Negative	0.847982	0.152018
8R8V-C-A	Positive	0.0323805	0.967619
8Z05-C-A	Positive	0.0870769	0.912923
8XV4-C-A	Positive	0.204441	0.795559
8EQI-F-A	Positive	0.01757	0.98243
8AS9-D-A	Positive	0.20378	0.79622
8ASL-I-b	Negative	0.572585	0.427415
8ASL-E-l	Negative	0.659151	0.340849
8ASL-F-l	Negative	0.6386	0.3614
8VWE-C-H	Positive	0.0749572	0.925043
8PK6-B-A	Positive	0.327688	0.672312
8PK6-D-C	Positive	0.255427	0.744573
8PK6-F-E	Negative	0.602442	0.397558
8AS3-B-A	Positive	0.361502	0.638498
8AM5-E-A	Negative	0.564071	0.435929
8AM5-I-A	Negative	0.752425	0.247575
8AM5-F-D	Negative	0.6386	0.3614
8FYU-E-B	Negative	0.877883	0.122117
8OIJ-C-A	Positive	0.138663	0.861337
8OIJ-D-A	Positive	0.138663	0.861337
8CJ1-I-A	Positive	0.0312744	0.968726
8CJ1-K-E	Positive	0.0312744	0.968726
8TH7-C-A	Negative	0.936716	0.063284
8TH7-D-B	Negative	0.973787	0.026213
8TKT-D-C	Positive	0.0770482	0.922952
8RZU-B-A	Positive	0.0613042	0.938696
8SBK-C-A	Positive	0.0216609	0.978339
8DKN-C-A	Positive	0.0166771	0.983323
8RBU-C-A	Positive	0.465503	0.534497
8B2K-B-A	Positive	0.00913852	0.990861
8BVF-D-A	Negative	0.637748	0.362252
8A61-G-J	Negative	0.902521	0.0974789
8A61-W-K	Negative	0.969733	0.0302667
8D4T-X-N	Positive	0.427836	0.572164
8VML-I-C	Positive	0.0135346	0.986465
8FYH-E-B	Positive	0.288931	0.711069
8RLV-C-A	Positive	0.325989	0.674011
8PN5-I-A	Positive	0.32046	0.67954
8PN5-N-F	Positive	0.216036	0.783964
8TXR-a-C	Negative	0.958891	0.0411087
8EOI-D-A	Negative	0.941234	0.0587659
8AOQ-C-A	Positive	0.00867149	0.991329
8I0T-K-A	Negative	0.646645	0.353355
8G7R-8-G	Positive	0.00115359	0.998846
8FYM-P-L	Positive	0.00363061	0.996369
8FYM-C-A	Positive	0.00601304	0.993987
8FYM-J-G	Positive	0.00601304	0.993987
8YW4-P-R	Negative	0.865938	0.134062
8PR0-D-F	Positive	0.221002	0.778998
8JOW-B-A	Positive	0.115384	0.884616
8JOW-D-A	Positive	0.108319	0.891681
8G8N-C-A	Positive	0.0236274	0.976373
8XGS-F-A	Positive	0.00418948	0.995811
8UMX-A-B	Negative	0.528129	0.471871
8IVZ-C-A	Negative	0.712081	0.287919
8CF1-E-B	Positive	0.00505362	0.994946
8VP9-C-A	Negative	0.987027	0.0129727
8VP9-D-A	Negative	0.966864	0.0331363
8EI6-C-A	Positive	0.0398657	0.960134
8JBF-A-B	Positive	0.311965	0.688035
8RMO-F-H	Positive	0.0830419	0.916958
8RMY-J-A	Positive	0.428595	0.571405
8GAL-B-A	Positive	0.000271835	0.999728
8V5Y-C-B	Positive	0.00617276	0.993827
8JJV-B-A	Positive	0.0072606	0.992739
8YPF-B-A	Positive	0.4136	0.5864
8PKX-P-B	Positive	0.314924	0.685076
8DVM-B-A	Positive	0.00063431	0.999366
8PJE-C-A	Positive	0.15518	0.84482
8Q6P-L-3	Positive	0.0638795	0.936121
8Z82-S-C	Negative	0.920288	0.0797115
8Z82-U-C	Positive	0.0354712	0.964529
8Z82-D-L	Negative	0.920288	0.0797115
8Z82-7-L	Positive	0.0354712	0.964529
8Z82-0-B	Positive	0.0846353	0.915365
8EH5-G-H	Negative	0.582556	0.417444
8BBK-G-A	Positive	0.0019397	0.99806
8B4Q-B-A	Positive	0.000153512	0.999846
8WGO-C-A	Positive	0.14399	0.85601
8IR2-C-A	Negative	0.948617	0.0513827
8FE6-B-A	Positive	0.0637931	0.936207
8GNN-D-C	Negative	0.912545	0.0874548
8FRU-l-X	Positive	0.000282063	0.999718
8GJ0-F-B	Positive	0.443025	0.556975
8W8G-E-A	Positive	0.00198441	0.998016
8W8G-F-B	Positive	0.00785954	0.99214
8W8G-G-C	Positive	0.000567253	0.999433
8CZG-E-A	Negative	0.901561	0.0984392
8CZG-H-A	Positive	0.444954	0.555046
8CZG-G-B	Negative	0.901561	0.0984392
8QQE-C-A	Positive	0.00392525	0.996075
8QQE-D-A	Positive	0.163116	0.836884
8YZR-E-A	Positive	0.0316841	0.968316
8TBW-C-A	Positive	0.455713	0.544287
8CZH-B-A	Negative	0.932951	0.067049
8GSV-B-A	Positive	0.150228	0.849772
8GSV-L-A	Positive	0.0923287	0.907671
8GSV-P-O	Negative	0.733499	0.266501
8GSV-V-S	Positive	0.0609158	0.939084
8GSV-N-W	Positive	0.212365	0.787635
8ZPU-D-B	Negative	0.699772	0.300228
8DS7-M-L	Negative	0.704755	0.295245
8DL7-F-A	Positive	0.000101471	0.999899
8S6U-C-A	Positive	0.411207	0.588793
8S6U-D-A	Positive	0.471037	0.528963
8V8F-E-B	Positive	0.0268228	0.973177
8V8F-H-A	Positive	0.0107019	0.989298
8XKW-E-A	Negative	0.509824	0.490176
8X3S-B-A	Positive	0.0170573	0.982943
8JZD-B-A	Positive	0.00429169	0.995708
8JZD-D-A	Positive	0.0171502	0.98285
8IHP-M-B	Positive	0.317833	0.682167
8QT8-B-A	Positive	0.000101526	0.999898
8HYJ-W-B	Positive	0.0490803	0.95092
8RYK-C-A	Positive	0.31558	0.68442
8RYK-D-B	Positive	0.0852283	0.914772
8JTI-e-V	Negative	0.987549	0.0124511
8JBH-A-B	Positive	0.0130801	0.98692
8ZTZ-E-C	Negative	0.740533	0.259467
8QYZ-I-C	Negative	0.917796	0.0822036
8DYT-I-L	Positive	0.105403	0.894597
8Q1N-a-A	Positive	0.193109	0.806891
8B8O-C-B	Negative	0.965746	0.0342537
8B8O-D-A	Negative	0.988795	0.0112047
8TTU-B-A	Negative	0.50108	0.49892
8UGB-D-A	Positive	0.087721	0.912279
8UGB-C-B	Positive	0.0704411	0.929559
8J8V-G-A	Negative	0.587937	0.412063
8CD8-B-A	Positive	0.027368	0.972632
8PNQ-G-A	Positive	0.162241	0.837759
8CSS-K-C	Positive	0.00199662	0.998003
8EBK-B-A	Negative	0.64839	0.35161
8RHB-T-K	Positive	0.343817	0.656183
8RHB-t-K	Positive	0.0128592	0.987141
8F9U-P-A	Positive	0.389431	0.610569
8WKD-C-A	Negative	0.882077	0.117923
8DGQ-U-A	Negative	0.847337	0.152663
8DGQ-V-A	Negative	0.796076	0.203924
8PNP-G-A	Positive	0.289436	0.710564
8C7H-A-B	Negative	0.597321	0.402679
8EC5-C-A	Positive	0.000165704	0.999834
8CD3-A-B	Negative	0.718143	0.281857
8BVA-B-A	Positive	0.0516481	0.948352
8H2U-K-A	Positive	0.00422254	0.995777
8SDO-B-A	Positive	0.00178762	0.998212
8P0D-B-A	Positive	0.430598	0.569402
8EI1-E-A	Negative	0.64845	0.35155
8EI1-G-C	Positive	0.29141	0.70859
8EI1-H-D	Negative	0.752199	0.247801
8TXX-K-H	Negative	0.947157	0.0528427
8Q3S-C-A	Positive	0.000305351	0.999695
8VOD-B-A	Negative	0.990455	0.00954533
8V3O-I-A	Positive	0.269503	0.730497
8R1T-D-A	Positive	0.0340554	0.965945
8WA2-H-A	Positive	0.00339023	0.99661
8WA2-I-B	Positive	0.314125	0.685875
8UC6-G-C	Negative	0.866983	0.133017
8FR8-c-x	Positive	0.174832	0.825168
8IPL-B-A	Positive	0.225505	0.774495
8TTD-B-A	Positive	0.414222	0.585778
8SKV-a-A	Negative	0.938235	0.061765
8YTD-B-A	Positive	0.119107	0.880893
8YTD-C-A	Positive	0.103341	0.896659
8DJ6-E-A	Positive	0.28342	0.71658
8AJM-C-B	Negative	0.751969	0.248031
8TEE-C-A	Negative	0.996007	0.00399324
8TEE-D-B	Negative	0.702428	0.297572
8QLV-B-A	Positive	0.0521301	0.94787
8VPU-B-A	Positive	0.0235774	0.976423
8DTU-B-A	Positive	0.00259504	0.997405
8DTU-C-A	Positive	0.0424056	0.957594
8GTX-B-A	Negative	0.570221	0.429779
8V8E-C-A	Negative	0.631622	0.368378
8TGF-B-A	Negative	0.988719	0.0112806
8XKE-M-A	Negative	0.909012	0.0909878
8FUA-B-A	Positive	0.000601355	0.999399
8FUA-C-A	Positive	5.77321e-05	0.999942
8PP6-K-G	Positive	0.00219536	0.997805
8EHZ-C-A	Negative	0.843457	0.156543
8B8I-I-A	Positive	0.339458	0.660542
8B8I-K-A	Positive	0.0266113	0.973389
8B8I-L-B	Positive	0.0713123	0.928688
8B8I-O-G	Positive	0.0351005	0.964899
8J64-B-A	Positive	0.00468619	0.995314
8SW6-C-A	Positive	0.426656	0.573344
8SW6-D-B	Positive	0.0763654	0.923635
8H3C-F-B	Negative	0.991007	0.00899272
8QLM-C-A	Positive	0.355857	0.644143
8B1D-C-A	Positive	0.268772	0.731228
8Z06-E-A	Positive	0.329856	0.670144
8I3G-D-A	Positive	0.197894	0.802106
8I3G-C-B	Positive	0.493322	0.506678
8YR4-D-A	Positive	0.370713	0.629287
8A5Y-G-J	Negative	0.959691	0.0403091
8R6F-e-X	Positive	0.00441166	0.995588
8R6F-h-k	Negative	0.811703	0.188297
8BR9-B-A	Positive	0.0462363	0.953764
8GIZ-F-B	Positive	0.0470149	0.952985
8DWK-C-A	Positive	0.02352	0.97648
8DWK-D-A	Positive	0.136721	0.863279
8C00-g-W	Positive	0.00181747	0.998183
8X2Z-L-M	Negative	0.738319	0.261681
8RN4-E-A	Positive	0.0299262	0.970074
8RN4-D-A	Negative	0.569173	0.430827
8TK7-E-B	Positive	0.0384616	0.961538
8CTA-C-A	Positive	0.0021007	0.997899
8CTA-G-E	Positive	0.00482945	0.995171
8CTA-K-I	Positive	0.00415892	0.995841
8CTA-O-M	Positive	0.00379837	0.996202
8I4O-B-A	Positive	0.234912	0.765088
8I4O-D-C	Negative	0.932821	0.0671786
8I4O-L-K	Positive	0.00543221	0.994568
8GJS-B-A	Negative	0.838706	0.161294
8TUS-C-A	Positive	0.0282087	0.971791
8CQY-B-A	Positive	0.0195531	0.980447
8K2X-L-R	Positive	0.324256	0.675744
8VDC-B-A	Positive	0.0048493	0.995151
8EI9-C-A	Positive	0.0285571	0.971443
8QSZ-G-A	Positive	0.479538	0.520462
8QSZ-X-B	Positive	0.381412	0.618588
8URE-B-A	Positive	0.0334605	0.966539
8QTC-C-A	Positive	0.49472	0.50528
8G4Y-B-A	Positive	0.00155859	0.998441
8ZBE-P-A	Positive	0.0162792	0.983721
8RIK-T-K	Positive	0.00143704	0.998563
8RIK-t-K	Positive	0.00113626	0.998864
8RAJ-B-A	Positive	0.381821	0.618179
8IQM-B-A	Positive	0.177518	0.822482
8CGR-U-K	Positive	0.00161602	0.998384
8YDQ-A-B	Negative	0.685955	0.314045
8AQB-C-B	Positive	0.000247978	0.999752
8TGP-B-A	Positive	0.000333186	0.999667
8DZR-D-C	Positive	0.474673	0.525327
8T19-B-A	Positive	0.128475	0.871525
8WMV-J-A	Negative	0.830372	0.169628
8BED-I-G	Positive	0.24502	0.75498
8BED-W-G	Positive	0.145627	0.854373
8GZE-D-A	Negative	0.517001	0.482999
8VNV-I-C	Positive	0.0072612	0.992739
8T51-E-A	Negative	0.862376	0.137624
8ODT-F-A	Positive	0.0157774	0.984223
8ODT-G-A	Positive	0.218643	0.781357
8TUB-Q-F	Negative	0.654627	0.345373
8TUB-K-F	Negative	0.654627	0.345373
8DGN-B-A	Negative	0.927863	0.0721375
8K31-A-B	Negative	0.992299	0.00770098
8FZM-B-A	Positive	0.0707963	0.929204
8CAS-n-m	Positive	0.0130708	0.986929
8V9Q-D-A	Positive	0.0168226	0.983177
8V9Q-H-A	Positive	0.0981707	0.901829
8V9Q-F-B	Positive	0.0221046	0.977895
8Y1Y-B-A	Negative	0.96815	0.0318501
8FIQ-B-A	Negative	0.847707	0.152293
8WQB-K-J	Positive	0.170204	0.829796
8I0W-4-A	Positive	0.0971365	0.902863
8WK4-n-A	Positive	0.01348	0.98652
8WK4-o-A	Positive	0.0683084	0.931692
8WK4-s-F	Positive	0.0610131	0.938987
8WK4-p-Y	Positive	0.170818	0.829182
8XZF-L-R	Positive	0.00184918	0.998151
8RC4-r-b	Negative	0.997535	0.00246465
8ISN-C-A	Positive	0.0992849	0.900715
8ESE-X-Z	Negative	0.868252	0.131748
8HEQ-A-B	Negative	0.944503	0.0554969
8BFJ-B-A	Positive	0.0948338	0.905166
8F9V-N-C	Positive	0.321305	0.678695
8ECH-C-E	Positive	0.00190013	0.9981
8EI7-C-A	Positive	0.0685412	0.931459
8BEL-T-C	Positive	0.0128604	0.98714
8RBM-B-A	Positive	0.00289723	0.997103
8RBM-b-C	Positive	0.0948648	0.905135
8Q0Q-Y-M	Positive	0.389099	0.610901
8TX8-D-A	Positive	0.00697373	0.993026
8C01-g-W	Positive	0.000255993	0.999744
8A3T-W-K	Negative	0.948299	0.0517013
8A3T-S-A	Negative	0.977177	0.022823
8VWO-B-A	Positive	0.087043	0.912957
8JE2-H-D	Positive	0.0440803	0.95592
8WZ2-L-R	Positive	0.0161712	0.983829
8WG8-E-R	Positive	0.0585702	0.94143
8PVX-H-C	Negative	0.900805	0.0991947
8SGH-B-A	Positive	0.233082	0.766918
8HQV-B-A	Positive	0.0201394	0.979861
8EFO-F-M	Negative	0.930495	0.0695046
8T1L-9-C	Positive	0.0735597	0.92644
8WQA-L-D	Negative	0.687126	0.312874
8D7M-C-A	Negative	0.580706	0.419294
8WXZ-P-A	Positive	0.127482	0.872518
8P9O-P-A	Positive	0.000790902	0.999209
8TAU-E-I	Positive	0.0277419	0.972258
8F5Q-B-A	Positive	0.0355415	0.964458
8F5Q-F-E	Positive	0.266706	0.733294
8ZEE-1-D	Positive	0.0473769	0.952623
8A8X-B-A	Positive	0.100621	0.899379
8A8X-D-C	Positive	0.121106	0.878894
8XKC-C-A	Negative	0.878446	0.121554
8QCB-E-B	Positive	0.370886	0.629114
8CH6-t-w	Negative	0.953043	0.046957
8X98-D-A	Negative	0.636691	0.363309
8HQZ-k-A	Negative	0.909694	0.0903055
8HQZ-e-L	Positive	0.082503	0.917497
8HQZ-d-Q	Positive	0.0841563	0.915844
8HQZ-f-Q	Positive	0.153724	0.846276
8C3C-B-A	Positive	0.029401	0.970599
8TNP-C-B	Positive	0.00375872	0.996241
8PKL-p-d	Positive	0.0180386	0.981961
8BP4-F-B	Positive	0.164856	0.835144
8BP4-E-C	Positive	0.164856	0.835144
8U12-C-D	Negative	0.992709	0.00729067
8U12-H-D	Negative	0.992709	0.00729067
8U12-A-F	Negative	0.992709	0.00729067
8C1Y-B-A	Positive	0.0242499	0.97575
8A8Q-C-A	Negative	0.906104	0.0938955
8A8Q-D-A	Negative	0.812818	0.187182
8Q7I-P-A	Positive	0.0127824	0.987218
8PR2-j-f	Negative	0.896928	0.103072
8SV0-C-B	Positive	0.00226198	0.997738
8SV0-E-B	Positive	0.000359918	0.99964
8BWF-a-A	Positive	0.269006	0.730994
8BWF-i-F	Positive	0.269006	0.730994
8UA4-R-G	Positive	0.214415	0.785585
8RTN-I-H	Negative	0.873431	0.126569
8YGL-2-1	Negative	0.634995	0.365005
8YGL-Z-1	Positive	0.44779	0.55221
8YGL-a-1	Positive	0.322726	0.677274
8YGL-b-1	Positive	0.449303	0.550697
8YGL-7-9	Negative	0.932939	0.0670609
8AZW-O-G	Positive	0.0150505	0.98495
8AZW-X-T	Positive	0.00891903	0.991081
8HDJ-A-B	Negative	0.937153	0.0628475
8HDJ-E-F	Negative	0.799387	0.200613
8RLT-C-A	Positive	0.240945	0.759055
8J97-V-A	Negative	0.564972	0.435028
8HEX-O-o	Negative	0.763783	0.236217
8F3B-C-A	Positive	0.0398629	0.960137
8UAU-S-A	Negative	0.926933	0.0730672
8CVY-E-A	Negative	0.956004	0.043996
8YSZ-C-A	Positive	0.141359	0.858641
8YSZ-E-A	Positive	0.181238	0.818762
8YSZ-D-B	Positive	0.339345	0.660655
8EBL-D-A	Positive	0.0251645	0.974835
8I5E-P-H	Positive	0.103397	0.896603
8QCA-E-B	Positive	0.070026	0.929974
8F88-E-A	Positive	0.010962	0.989038
8F88-F-B	Positive	0.0102897	0.98971
8F88-G-B	Negative	0.850015	0.149985
8XG2-C-A	Negative	0.526218	0.473782
8PN3-C-A	Negative	0.640115	0.359885
8PN3-D-B	Positive	0.421122	0.578878
8QZZ-C-A	Positive	0.0450313	0.954969
8S6O-H-D	Positive	0.0585743	0.941426
8XDN-C-A	Negative	0.862255	0.137745
8XDN-D-A	Negative	0.862255	0.137745
8XDN-E-A	Positive	0.265705	0.734295
8XDN-J-A	Positive	0.0524498	0.94755
8J5O-7-0	Positive	0.0676618	0.932338
8J5O-9-0	Positive	0.0676618	0.932338
8J5O-1-2	Positive	0.085267	0.914733
8J5O-X-C	Positive	0.380311	0.619689
8J5O-J-I	Positive	0.0676618	0.932338
8UFB-U-A	Positive	0.30411	0.69589
8YCX-U-A	Negative	0.940518	0.0594823
8S31-C-A	Positive	0.0678993	0.932101
8S31-D-B	Positive	0.103248	0.896752
8CZ9-C-A	Negative	0.976745	0.0232548
8WXX-D-A	Positive	0.0226865	0.977313
8FA7-P-H	Negative	0.577197	0.422803
8K8E-G-A	Positive	0.370333	0.629667
8OKF-B-A	Positive	0.349209	0.650791
8ZJD-L-R	Positive	0.0294887	0.970511
8WQI-G-D	Positive	0.0789696	0.92103
8ETI-T-C	Negative	0.778041	0.221959
8X8L-C-R	Positive	0.00687109	0.993129
8Q1Q-D-A	Positive	0.426905	0.573095
8BV1-N-A	Positive	0.0188766	0.981123
8HIB-D-V	Negative	0.907723	0.0922773
8DP5-E-C	Positive	0.337732	0.662268
8TET-A-E	Negative	0.878539	0.121461
8CJ2-E-A	Positive	0.000616936	0.999383
8CJ2-F-A	Positive	0.000616936	0.999383
8CJ2-H-D	Positive	0.0550278	0.944972
8PHE-C-A	Negative	0.840279	0.159721
8IBF-D-K	Negative	0.765243	0.234757
8D7Z-C-B	Positive	0.00278008	0.99722
8T2N-B-A	Positive	0.0247328	0.975267
8T2N-D-C	Positive	0.387196	0.612804
8Y74-C-A	Negative	0.817677	0.182323
8GAK-B-A	Positive	2.96148e-05	0.99997
8VD2-C-A	Negative	0.905339	0.0946608
8UTC-E-A	Positive	0.169402	0.830598
8PHR-G-A	Negative	0.565805	0.434195
8PHR-I-A	Negative	0.854652	0.145348
8TAH-H-A	Negative	0.873464	0.126536
8QSD-H-A	Positive	0.0466923	0.953308
8DCK-C-A	Negative	0.942715	0.0572852
8RG0-M-O	Positive	0.257918	0.742082
8CVX-E-A	Negative	0.888783	0.111217
8RGH-E-A	Negative	0.781268	0.218732
8RGH-D-C	Negative	0.608429	0.391571
8EJR-C-B	Negative	0.891592	0.108408
8SW5-C-A	Negative	0.7347	0.2653
8SW5-D-B	Negative	0.567384	0.432616
8ESQ-x-3	Positive	0.00410123	0.995899
8ESQ-T-C	Negative	0.865903	0.134097
8ESQ-s-O	Positive	0.00961207	0.990388
8ESQ-8-X	Positive	0.0270964	0.972904
8HSV-E-A	Negative	0.529848	0.470152
8HSV-F-B	Positive	0.450997	0.549003
8ADM-P-A	Negative	0.83693	0.16307
8GCH-C-F	Positive	0.109058	0.890942
8HJU-V-L	Positive	0.220235	0.779765
8HJU-Y-L	Positive	0.216954	0.783046
8HJU-Z-L	Negative	0.635252	0.364748
8EIA-C-A	Negative	0.591896	0.408104
8CHE-C-H	Negative	0.754262	0.245738
8B17-C-A	Positive	0.0290823	0.970918
8IB1-C-A	Negative	0.998631	0.00136868
8R3L-G-A	Positive	0.223005	0.776995
8TOQ-E-A	Negative	0.825358	0.174642
8H0P-L-R	Positive	0.0281051	0.971895
8JBK-G-A	Positive	0.460243	0.539757
8XZH-L-R	Positive	0.000192532	0.999807
8ETH-V-u	Positive	0.0551972	0.944803
8IA5-B-A	Negative	0.679624	0.320376
8QTF-K-A	Negative	0.610675	0.389325
8QTF-L-B	Negative	0.610675	0.389325
8Q7R-F-H	Positive	0.402088	0.597912
8ON9-D-A	Positive	0.0238673	0.976133
8A5D-X-G	Positive	0.0579874	0.942013
8EI4-B-A	Positive	0.0230328	0.976967
8UFI-C-A	Negative	0.936608	0.0633924
8UFI-D-A	Negative	0.91896	0.0810404
8XS1-A-H	Positive	0.0213536	0.978646
8JKB-A-B	Negative	0.56646	0.43354
8JKB-H-B	Negative	0.830967	0.169033
8JJ9-C-A	Positive	0.112019	0.887981
8JJ9-D-B	Positive	0.0734282	0.926572
8HAF-P-R	Negative	0.91243	0.0875699
8EXK-B-A	Positive	0.00549823	0.994502
8IR4-C-A	Negative	0.962364	0.037636
8U8D-D-A	Negative	0.998685	0.00131492
8U8D-C-B	Positive	0.481746	0.518254
8C1N-C-A	Positive	0.000713334	0.999287
8J6D-D-C	Positive	0.0010498	0.99895
8JIU-P-R	Positive	0.253274	0.746726
8B9P-C-A	Positive	0.0229718	0.977028
8TQ1-H-A	Positive	0.0146054	0.985395
9GBI-J-2	Negative	0.8751	0.1249
9GBI-N-2	Positive	0.0312875	0.968713
9C8G-D-A	Positive	0.233632	0.766368
9F45-G-E	Negative	0.880714	0.119286
9O52-I-A	Positive	0.280662	0.719338
9BUX-B-A	Negative	0.94634	0.0536597
9BLC-P-R	Negative	0.628221	0.371779
9AT8-E-F	Positive	0.0290815	0.970918
9D89-T-H	Positive	0.00271837	0.997282
9D89-h-w	Positive	0.0114303	0.98857
9N82-G-A	Positive	0.11074	0.88926
9KGN-D-B	Positive	0.1485	0.8515
9BS0-Z-W	Positive	0.00428503	0.995715
9LKT-V-A	Positive	0.196287	0.803713
9E7R-G-B	Negative	0.915617	0.0843834
9E6L-H-C	Negative	0.501949	0.498051
9BX5-P-H	Positive	0.0207289	0.979271
9K0X-G-B	Negative	0.522265	0.477735
9J20-D-B	Positive	0.0746477	0.925352
9BAQ-D-A	Positive	0.0146031	0.985397
9BAQ-F-A	Positive	0.0731837	0.926816
9FXA-B-C	Positive	0.199934	0.800066
9J8A-P-H	Negative	0.917461	0.082539
9CFT-B-A	Positive	0.0579529	0.942047
9CDW-E-A	Positive	0.297988	0.702012
9HBY-E-D	Negative	0.858196	0.141804
9D0A-G-B	Negative	0.925532	0.0744684
9CKC-C-A	Positive	0.0007077	0.999292
9CKC-E-A	Positive	0.000443993	0.999556
9CKC-D-B	Positive	0.010323	0.989677
9CKC-F-B	Positive	0.00245703	0.997543
9DZQ-E-A	Negative	0.599115	0.400885
9E9C-2-U	Positive	0.0161994	0.983801
9E9C-m-e	Positive	0.388744	0.611256
9E9C-4-r	Positive	2.70293e-05	0.999973
9DXU-B-A	Positive	0.0302907	0.969709
9BT6-a-A	Negative	0.544567	0.455433
9BT6-g-C	Negative	0.544567	0.455433
9IVQ-L-A	Positive	0.485498	0.514502
9IVQ-U-A	Positive	0.391328	0.608672
9K27-F-A	Positive	0.000974815	0.999025
9LU9-F-A	Negative	0.955831	0.0441686
9LU9-G-A	Negative	0.772129	0.227871
9EYS-J-A	Positive	0.424461	0.575539
9EYS-Y-A	Negative	0.841148	0.158852
9IP4-E-A	Positive	0.11593	0.88407
9IP4-D-B	Positive	0.373016	0.626984
9LK5-F-A	Positive	0.0623411	0.937659
9LK5-I-A	Negative	0.823767	0.176233
9LK5-J-A	Positive	0.0150386	0.984961
9LK5-L-A	Negative	0.795495	0.204505
9LK5-M-B	Positive	0.452071	0.547929
9LK5-U-B	Positive	0.00235397	0.997646
9LK5-X-D	Positive	0.00364939	0.996351
9BVL-P-A	Positive	0.316504	0.683496
9FAQ-H-C	Positive	0.477591	0.522409
9CLG-B-A	Positive	0.000762653	0.999237
9CLG-C-A	Positive	0.00894655	0.991053
9QG8-K-A	Positive	0.208541	0.791459
9FIX-A-M	Positive	0.00315335	0.996847
9B8O-L-H	Positive	0.0327917	0.967208
9AS2-D-C	Negative	0.693221	0.306779
9CS0-C-A	Positive	0.0544679	0.945532
9GXE-D-A	Positive	0.01731	0.98269
9BTN-L-A	Positive	0.280887	0.719113
9BXC-C-A	Negative	0.952743	0.0472571
9EGN-A-B	Negative	0.879349	0.120651
9DDM-Y-A	Negative	0.825023	0.174977
9DDM-F-B	Positive	0.363594	0.636406
9DDM-Z-B	Positive	0.398965	0.601035
9DDM-G-D	Negative	0.738633	0.261367
9FP0-F-D	Negative	0.524324	0.475676
9FP0-V-E	Negative	0.863043	0.136957
9FP0-S-E	Positive	0.488626	0.511374
9FP0-B-A	Positive	0.180343	0.819657
9C6B-D-B	Negative	0.857679	0.142321
9GQZ-A-B	Negative	0.588289	0.411711
9GQZ-F-C	Negative	0.86003	0.13997
9M8M-S-C	Negative	0.937026	0.0629738
9M8M-U-C	Negative	0.937026	0.0629738
9M8M-K-L	Negative	0.937026	0.0629738
9M8M-Y-L	Negative	0.647647	0.352353
9M8M-2-H	Negative	0.644086	0.355914
9FVG-P-A	Positive	0.246893	0.753107
9JFY-L-R	Positive	0.0502033	0.949797
9BXU-J-D	Negative	0.502535	0.497465
9BXU-U-T	Negative	0.766109	0.233891
9GFM-H-O	Positive	0.398511	0.601489
9H9Q-E-C	Positive	0.0321334	0.967867
9H9Q-F-C	Positive	0.0458322	0.954168
9ASM-C-A	Negative	0.975058	0.0249419
9CMW-C-D	Negative	0.650663	0.349337
9CXI-C-A	Negative	0.693789	0.306211
9CXI-D-A	Negative	0.931912	0.0680878
9HZ5-C-B	Positive	0.203761	0.796239
9BVK-P-A	Negative	0.817653	0.182347
9FL8-F-B	Positive	0.0747936	0.925206
9FL8-G-C	Positive	0.0747936	0.925206
9C4S-B-A	Positive	0.262832	0.737168
9R8R-B-A	Positive	0.0181736	0.981826
9KNT-B-A	Positive	0.147963	0.852037
9KNT-D-A	Negative	0.683594	0.316406
9DDO-Y-A	Negative	0.844915	0.155085
9DDO-Z-B	Negative	0.698785	0.301215
9DDO-F-C	Positive	0.139521	0.860479
9KDF-A-R	Negative	0.528797	0.471203
9C0K-P-R	Negative	0.801877	0.198123
9IVG-P-R	Negative	0.574292	0.425708
9RU5-P-A	Negative	0.971985	0.028015
9ARR-C-A	Positive	0.00170161	0.998298
9J1K-J-K	Negative	0.821045	0.178955
9J1K-M-L	Negative	0.53314	0.46686
9IVD-E-B	Positive	0.234191	0.765809
9GJW-F-B	Positive	0.419439	0.580561
9LZW-D-A	Positive	0.0422553	0.957745
9LZW-F-C	Positive	0.00209765	0.997902
9LZW-J-G	Positive	0.0253116	0.974688
9ME8-B-A	Negative	0.98556	0.0144396
9CPN-H-A	Positive	0.109168	0.890832
9HE1-G-A	Positive	0.0303734	0.969627
9M2F-L-R	Positive	0.00597269	0.994027
9I6A-B-A	Positive	0.346942	0.653058
9NEI-G-A	Negative	0.570239	0.429761
9FS8-Y-3	Positive	0.00182357	0.998176
9FS8-e-D	Positive	0.106765	0.893235
9GAS-B-A	Positive	0.244828	0.755172
9E2Y-X-4	Negative	0.818133	0.181867
9MXC-E-A	Negative	0.778134	0.221866
9J6K-B-A	Negative	0.683568	0.316432
9CFC-V-0	Negative	0.616712	0.383288
9FNN-V-A	Negative	0.898236	0.101764
9FNN-Z-A	Positive	0.136527	0.863473
9KPY-H-A	Positive	0.303296	0.696704
9DBY-M-G	Positive	0.00199597	0.998004
9DCY-B-A	Positive	0.128836	0.871164
9IM6-B-A	Positive	0.00141407	0.998586
9FIY-A-M	Positive	0.00278845	0.997212
9FJC-4-1	Positive	0.0744236	0.925576
9IJX-B-A	Negative	0.822262	0.177738
9IJX-D-C	Negative	0.752901	0.247099
9IJX-F-C	Negative	0.848923	0.151077
9DDP-Y-A	Negative	0.780944	0.219056
9DDP-Z-B	Negative	0.78818	0.21182
9DDP-F-E	Positive	0.0718757	0.928124
9FVI-P-A	Negative	0.534865	0.465135
9D34-C-A	Negative	0.648875	0.351125
9H1Y-C-A	Positive	0.134972	0.865028
9MGZ-J-7	Positive	0.440008	0.559992
9F1I-P-H	Positive	0.0174651	0.982535
9F1I-Q-I	Positive	0.0105983	0.989402
9GMZ-H-A	Negative	0.845882	0.154118
9OLQ-C-A	Positive	0.0577301	0.94227
9OLQ-F-B	Positive	0.0489363	0.951064
9OLQ-I-G	Positive	0.0146053	0.985395
9OLQ-L-G	Negative	0.72084	0.27916
9OLQ-O-M	Positive	0.0862904	0.91371
9ITV-X-H	Positive	0.181341	0.818659
9ITV-U-T	Negative	0.761847	0.238153
9ITV-V-Z	Positive	0.209923	0.790077
9ITV-Y-Z	Negative	0.590765	0.409235
9I5R-B-A	Negative	0.888242	0.111758
9ILR-B-A	Negative	0.94507	0.0549303
9H91-9-E	Positive	0.00184811	0.998152
9H91-4-G	Positive	0.00147322	0.998527
9H91-H-X	Positive	0.032713	0.967287
9DNP-C-A	Positive	0.0114792	0.988521
9KQP-J-A	Negative	0.74338	0.25662
9KQP-M-B	Negative	0.953761	0.0462385
9K49-F-A	Positive	0.449855	0.550145
9K49-G-A	Positive	0.267754	0.732246
9K49-H-A	Positive	0.244201	0.755799
9GFC-E-A	Negative	0.978627	0.0213732
9GFC-F-B	Negative	0.978627	0.0213732
9GFC-G-C	Negative	0.980886	0.0191142
9LDS-B-A	Negative	0.845714	0.154286
9F5Y-v-V	Positive	0.0680444	0.931956
9MUW-B-A	Positive	0.0720517	0.927948
9MUW-F-A	Negative	0.901877	0.098123
9MUW-D-C	Positive	0.369496	0.630504
9MUW-E-C	Positive	0.11268	0.88732
9IKI-Z-N	Negative	0.852445	0.147555
9CWN-B-A	Negative	0.588937	0.411063
9L9P-B-S	Positive	0.189767	0.810233
9AU7-D-A	Negative	0.895474	0.104526
9H3D-B-D	Positive	0.125691	0.874309
9H3D-C-D	Positive	0.187613	0.812387
9H3D-A-E	Positive	0.276292	0.723708
9H3D-H-J	Positive	0.0524311	0.947569
9H3D-I-J	Positive	0.416664	0.583336
9H3D-G-K	Positive	0.06098	0.93902
9DEN-D-B	Positive	0.0010808	0.998919
9DEN-C-A	Positive	0.000346157	0.999654
9G8H-Q-A	Positive	0.00947197	0.990528
9QNI-P-A	Negative	0.531378	0.468622
9CDU-B-A	Negative	0.986502	0.0134976
9F5W-M-G	Positive	0.495621	0.504379
9DNQ-C-A	Positive	0.0204303	0.97957
9CC6-B-A	Positive	0.0129114	0.987089
9J7B-G-A	Positive	0.0141822	0.985818
9CQ4-A-K	Negative	0.763195	0.236805
9CQ4-B-K	Negative	0.531962	0.468038
9CQ4-Y-K	Positive	0.465233	0.534767
9CQ4-Z-K	Positive	0.447357	0.552643
9HDH-C-A	Negative	0.917667	0.0823332
9H8T-h-A	Positive	0.380175	0.619825
9HIU-C-A	Positive	0.398747	0.601253
9E03-B-A	Positive	0.366955	0.633045
9F3F-3-1	Negative	0.918976	0.0810238
9BPB-J-A	Positive	0.423813	0.576187
9BPB-i-a	Positive	0.073346	0.926654
9BPB-l-a	Positive	0.37387	0.62613
9JF5-E-A	Positive	0.398842	0.601158
9JF5-F-A	Negative	0.569307	0.430693
9JF5-H-A	Negative	0.569307	0.430693
9JF5-G-C	Positive	0.398842	0.601158
9CKU-H-G	Negative	0.892581	0.107419
9IWK-B-A	Positive	0.0159858	0.984014
9IWK-D-C	Positive	0.0294138	0.970586
9G13-B-A	Positive	0.197447	0.802553
9G13-H-E	Positive	0.084028	0.915972
9D95-C-A	Negative	0.957423	0.0425767
9J0A-C-A	Negative	0.794384	0.205616
9BYK-J-A	Positive	0.123058	0.876942
9BYK-I-G	Positive	0.0291276	0.970872
9BYK-8-M	Negative	0.63533	0.36467
9BYK-i-M	Positive	0.0332103	0.96679
9BYK-T-b	Negative	0.540879	0.459121
9BYK-e-b	Positive	0.48017	0.51983
9J1P-P-R	Positive	0.0432127	0.956787
9E04-B-A	Positive	0.417011	0.582989
9E04-G-A	Positive	0.184985	0.815015
9IOL-M-A	Positive	0.00400951	0.99599
9DWZ-B-A	Negative	0.521985	0.478015
9C57-H-E	Positive	0.153899	0.846101
9D4Z-G-B	Negative	0.954351	0.045649
9NKI-e-V	Positive	0.406782	0.593218
9GD3-T-C	Negative	0.947391	0.0526089
9BBC-X-A	Positive	0.13011	0.86989
9BBC-Y-A	Negative	0.52862	0.47138
9B45-a-d	Negative	0.795661	0.204339
9C7X-C-A	Negative	0.897989	0.102011
9MU2-F-E	Negative	0.925479	0.0745207
9MU2-M-P	Positive	0.0700598	0.92994
9MU2-N-P	Positive	0.0867205	0.913279
9DHK-C-A	Positive	0.19779	0.80221
9IVM-P-R	Negative	0.58929	0.41071
9HN4-A-B	Negative	0.505903	0.494097
9DI4-C-A	Positive	0.163001	0.836999
9CK0-B-A	Positive	0.126633	0.873367
9BCT-P-B	Positive	0.0395833	0.960417
9HJ1-C-A	Positive	0.0586764	0.941324
9CLF-B-A	Positive	0.00325284	0.996747
9CLF-C-A	Positive	0.00155153	0.998448
9ISZ-E-A	Positive	0.0805768	0.919423
9ISZ-F-B	Positive	0.0453417	0.954658
9BRR-p-b	Negative	0.783626	0.216374
9CDT-B-A	Negative	0.588738	0.411262
9DEL-C-A	Positive	0.0258271	0.974173
9GGP-B-A	Positive	0.018998	0.981002
9FD2-c-b	Positive	0.418488	0.581512
9QA1-B-A	Positive	0.0280371	0.971963
9ITX-Y-Z	Negative	0.735492	0.264508
9ITX-V-Z	Positive	0.169417	0.830583
9ITX-X-T	Positive	0.0620906	0.937909
9ITX-U-T	Positive	0.1813	0.8187
9E6N-G-A	Positive	0.356184	0.643816
9E6N-I-C	Positive	0.242695	0.757305
9DSO-C-B	Negative	0.674261	0.325739
9DEO-D-A	Positive	0.000847227	0.999153
9B85-q-A	Negative	0.645445	0.354555
9B85-p-B	Negative	0.948872	0.0511275
9CI8-b-d	Positive	0.142483	0.857517
9CI8-n-d	Positive	0.337684	0.662316
9EZN-B-A	Negative	0.743055	0.256945
9QA4-B-A	Positive	0.00816771	0.991832
9KC5-J-A	Negative	0.549131	0.450869
9KC5-M-B	Positive	0.14297	0.85703
9KND-B-A	Positive	0.0147458	0.985254
9MZH-B-E	Positive	0.0296582	0.970342
9MZH-C-E	Positive	0.00258635	0.997414
9MZH-D-E	Positive	0.0378461	0.962154
9F82-B-A	Positive	0.0116736	0.988326
9QNJ-P-A	Positive	0.0354126	0.964587
9H1P-B-A	Positive	0.0213584	0.978642
9AZ6-I-A	Negative	0.812495	0.187505
9AZ6-G-B	Negative	0.776199	0.223801
9EOU-P-A	Positive	0.00518872	0.994811
9BLT-D-A	Negative	0.98031	0.0196902
9LUB-F-A	Negative	0.981585	0.0184151
9LUB-G-A	Negative	0.952917	0.0470831
9IJM-A-C	Positive	0.0695192	0.930481
9FGQ-L-C	Positive	0.0287263	0.971274
9QWZ-D-B	Positive	0.100293	0.899707
9B3J-I-3	Positive	0.401179	0.598821
9B3J-Q-K	Negative	0.67433	0.32567
9KR6-C-A	Positive	0.064836	0.935164
9GG8-P-A	Positive	0.21379	0.78621
9QWO-E-A	Negative	0.966396	0.0336042
9QWO-G-A	Negative	0.949875	0.0501247
9QWO-F-C	Negative	0.93544	0.0645598
9GAG-B-A	Positive	0.239422	0.760578
9NK9-B-A	Positive	0.0482889	0.951711
9CNU-B-A	Positive	0.0983773	0.901623
9ASF-C-A	Positive	0.00798441	0.992016
9G05-C-A	Positive	0.000966188	0.999034
9CKN-E-A	Negative	0.533854	0.466146
9E8N-e-Y	Positive	0.19191	0.80809
9G4A-B-A	Positive	0.0685697	0.93143
9FVL-E-A	Positive	0.00069518	0.999305
9CMT-C-A	Positive	0.00282831	0.997172
9ETM-G-A	Positive	0.179925	0.820075
9ETM-I-A	Negative	0.677406	0.322594
9ETM-E-A	Positive	0.0517707	0.948229
9ETM-C-A	Negative	0.786521	0.213479
9MH0-I-2	Positive	0.146118	0.853882
9IS4-t-1	Negative	0.752611	0.247389
9IS4-L-A	Negative	0.840004	0.159996
9IS4-V-C	Positive	0.0628348	0.937165
9IS4-X-D	Positive	0.0118796	0.98812
9I68-B-A	Negative	0.729354	0.270646
9NEC-G-A	Positive	0.418383	0.581617
9NEC-H-B	Positive	0.00188453	0.998115
9F58-P-S	Positive	0.0175543	0.982446
9CH0-D-A	Negative	0.781979	0.218021
9KFI-B-C	Positive	0.0125468	0.987453
9KFI-A-C	Positive	0.0129112	0.987089
9G43-Q-A	Positive	0.0132362	0.986764
9G3Z-w-M	Positive	0.417079	0.582921
9G3Z-x-M	Positive	0.162973	0.837027
9ILT-I-A	Positive	0.360767	0.639233
9CYY-A-B	Positive	0.246798	0.753202
9CYY-D-B	Positive	0.198073	0.801927
9HGG-B-A	Negative	0.876326	0.123674
9DNY-D-C	Negative	0.85122	0.14878
9J2F-J-H	Positive	0.242453	0.757547
9J2F-G-A	Negative	0.72223	0.27777
9J2F-F-B	Positive	0.173628	0.826372
9J2F-2-X	Positive	0.173628	0.826372
9D82-P-A	Negative	0.562688	0.437312
9D82-M-E	Positive	0.347376	0.652624
9D82-J-F	Negative	0.55976	0.44024
9HCG-z-L	Positive	0.0502528	0.949747
9EIJ-L-F	Positive	0.0600766	0.939923
9EIJ-P-I	Positive	0.053209	0.946791
9AX9-C-A	Positive	0.293839	0.706161
9GF9-G-A	Negative	0.99536	0.00464004
9GF9-I-A	Negative	0.99536	0.00464004
9GF9-L-D	Negative	0.980596	0.0194044
9C4V-B-A	Positive	0.176368	0.823632
9GG7-P-A	Positive	0.0198917	0.980108
9GC0-E-j	Positive	0.0427022	0.957298
9EJG-C-A	Negative	0.581801	0.418199
9HGD-B-A	Positive	0.275043	0.724957
9ITO-V-P	Positive	0.477009	0.522991
9BAN-C-B	Positive	0.402429	0.597571
9ES9-F-C	Negative	0.834721	0.165279
9BWD-R-B	Negative	0.911556	0.0884442
9BWD-f-U	Positive	0.271128	0.728872
9G0A-X-Z	Positive	0.178638	0.821362
9IMP-G-A	Negative	0.595848	0.404152
9IMP-H-B	Negative	0.838263	0.161737
9IMP-I-C	Negative	0.650373	0.349627
9IMP-L-F	Negative	0.572994	0.427006
9CLE-B-A	Positive	0.00240991	0.99759
9CLE-C-A	Positive	0.00534326	0.994657
9BYH-C-A	Negative	0.973056	0.0269444
9F0O-L-C	Negative	0.69745	0.30255
9AVT-C-A	Positive	0.135626	0.864374
9E07-F-A	Positive	0.173987	0.826013
9FNO-C-D	Positive	0.0821993	0.917801
9EZ4-C-A	Positive	0.17872	0.82128
9B0B-G-A	Positive	0.099044	0.900956
9HLJ-C-D	Negative	0.60305	0.39695
9JYY-a-M	Negative	0.948821	0.0511793
9JYY-b-M	Negative	0.945326	0.0546741
9HN0-A-B	Negative	0.86893	0.13107
9QEH-1-3	Positive	0.0874304	0.91257
9QEH-Z-L	Positive	0.00343047	0.99657
9EJH-C-A	Positive	0.205383	0.794617
9MVY-P-A	Positive	0.0299132	0.970087
9MVY-G-D	Positive	0.00622259	0.993777
9D3K-L-C	Positive	0.0474781	0.952522
9D3K-K-G	Positive	0.00364386	0.996356
9KQQ-J-A	Negative	0.852647	0.147353
9KQQ-G-B	Negative	0.638752	0.361248
9KQQ-M-B	Negative	0.953761	0.0462385
9U4W-F-R	Positive	0.382159	0.617841
9CXG-C-A	Negative	0.878201	0.121799
9CXG-D-A	Negative	0.931646	0.0683539
9QM9-D-A	Negative	0.990767	0.00923327
9BW1-y-M	Positive	0.0290932	0.970907
9BW1-a-T	Negative	0.87028	0.12972
9N7Y-E-A	Negative	0.763911	0.236089
9BX7-P-H	Positive	0.00690046	0.9931
9L49-C-A	Positive	0.3759	0.6241
9EG6-C-B	Negative	0.962158	0.0378424
9EG6-E-D	Negative	0.968376	0.0316238
9PAI-B-A	Negative	0.740315	0.259685
9G0B-D-A	Positive	0.161894	0.838106
9EPR-G-B	Negative	0.6445	0.3555
9ISK-I-G	Negative	0.988222	0.0117779
9DD1-B-A	Negative	0.935965	0.0640347
9ES7-G-A	Negative	0.573865	0.426135
9KQB-F-A	Positive	0.258757	0.741243
9KQB-I-A	Negative	0.874179	0.125821
9KQB-L-A	Negative	0.94584	0.0541604
9KQB-T-A	Negative	0.915444	0.0845562
9KQB-W-A	Negative	0.679311	0.320689
9KQB-N-B	Positive	0.0699742	0.930026
9KQB-f-a	Positive	0.258757	0.741243
9KQB-w-a	Negative	0.679311	0.320689
9KQB-n-b	Positive	0.0699742	0.930026
9KQB-K-C	Positive	0.464706	0.535294
9J64-J-A	Positive	0.0162548	0.983745
9D9S-D-A	Positive	0.23805	0.76195
9C7D-B-H	Negative	0.689236	0.310764
9E02-F-E	Positive	0.0969215	0.903079
9EYA-C-A	Positive	0.180611	0.819389
9DG3-M-G	Positive	0.00241989	0.99758
9GFE-B-A	Positive	0.0635756	0.936424
9JER-F-A	Positive	0.398842	0.601158
9CQB-D-A	Positive	0.000252101	0.999748
9E5E-B-A	Positive	0.065965	0.934035
9GCX-I-A	Negative	0.784563	0.215437
9GCX-K-A	Positive	0.0635856	0.936414
9UL1-C-A	Negative	0.58844	0.41156
9ED0-h-C	Negative	0.929121	0.0708792
9BI6-G-B	Negative	0.910074	0.0899259
9OJR-H-A	Negative	0.942929	0.0570709
9E8L-e-V	Positive	0.196756	0.803244
9BUI-e-V	Negative	0.677476	0.322524
9VD9-m-B	Positive	0.183984	0.816016
9VD9-n-B	Positive	0.34057	0.65943
9VD9-p-D	Positive	0.146996	0.853004
9VD9-o-Q	Positive	0.0415806	0.958419
9LZL-D-A	Positive	0.0119303	0.98807
9LZL-E-B	Positive	0.0165198	0.98348
9I8G-Q-U	Negative	0.964395	0.0356049
9K2V-O-V	Positive	0.0186512	0.981349
9ITQ-X-T	Positive	0.34844	0.65156
9ITQ-U-T	Positive	0.261014	0.738986
9ITQ-Y-Z	Negative	0.707574	0.292426
9ITQ-V-Z	Positive	0.400774	0.599226
9DZN-C-A	Positive	0.00338374	0.996616
9J5S-C-A	Negative	0.567775	0.432225
9J5S-D-B	Negative	0.764221	0.235779
9KNF-C-A	Positive	0.0154868	0.984513
9IRC-B-A	Negative	0.976663	0.0233368
9J0O-X-A	Positive	0.0128798	0.98712
9O91-B-A	Positive	0.0106208	0.989379
9LGU-B-A	Negative	0.927362	0.072638
9LGU-H-A	Negative	0.88053	0.11947
9LGU-M-A	Negative	0.927362	0.072638
9KNC-C-A	Positive	0.0156749	0.984325
9JAO-K-C	Positive	0.0144297	0.98557
9QAJ-K-C	Positive	0.427059	0.572941
9QAJ-N-C	Positive	0.0110573	0.988943
9IXU-E-A	Positive	0.0598168	0.940183
9IXU-F-A	Positive	0.0233328	0.976667
9LXG-B-A	Positive	0.00375672	0.996243
9QNH-P-A	Negative	0.735566	0.264434
9DDE-M-G	Positive	0.0027662	0.997234
9J7I-B-A	Positive	0.270727	0.729273
9VM1-D-C	Positive	0.310138	0.689862
9CNX-G-A	Positive	0.00129014	0.99871
9IWM-B-A	Positive	0.0337138	0.966286
9DJT-F-D	Positive	0.00590784	0.994092
9EH5-J-A	Positive	0.00730559	0.992694
9EH5-Y-C	Positive	0.126529	0.873471
9CQD-T-B	Positive	6.34906e-05	0.999937
9CQD-A-G	Positive	0.000104608	0.999895
9CQD-j-I	Positive	0.000679613	0.99932
9CQD-M-J	Positive	0.000560523	0.999439
9CQD-N-Q	Positive	5.55947e-05	0.999944
9EJI-C-A	Negative	0.776468	0.223532
9OUW-H-D	Positive	0.288475	0.711525
9UGP-B-A	Negative	0.807462	0.192538
9VXG-B-A	Positive	0.0004046	0.999595
9CB3-C-A	Positive	0.340197	0.659803
9HBV-E-D	Positive	0.323575	0.676425
9LKX-K-J	Positive	0.00385729	0.996143
9IOX-T-A	Positive	0.403337	0.596663
9IOX-M-B	Positive	0.388716	0.611284
9IOX-V-C	Positive	0.0667379	0.933262
9IOX-f-a	Positive	0.126233	0.873767
9BKD-U-L	Positive	0.436321	0.563679
9B9Q-F-A	Positive	0.0470114	0.952989
9GAP-B-A	Positive	0.327829	0.672171
9QLM-B-A	Negative	0.701284	0.298716
9MIY-b-A	Negative	0.840839	0.159161
9EAF-C-A	Positive	0.205374	0.794626
9EAF-D-A	Negative	0.65506	0.34494
9FQL-C-A	Negative	0.918563	0.0814372
9FQL-G-E	Negative	0.918563	0.0814372
9FQL-H-E	Negative	0.962552	0.0374481
9C59-Y-M	Positive	0.265566	0.734434
9I7T-G-C	Positive	0.13443	0.86557
9I7T-E-A	Negative	0.885682	0.114318
9C3E-X-A	Positive	0.314167	0.685833
9G6V-A-1	Positive	0.00168354	0.998316
9J78-E-B	Negative	0.611174	0.388826
9J78-I-J	Positive	0.0950789	0.904921
9JU1-C-A	Negative	0.985331	0.0146692
9DNZ-D-C	Negative	0.756351	0.243649
9RGB-A-D	Positive	0.11031	0.88969
9FH9-L-C	Positive	0.0254446	0.974555
9QX0-C-A	Negative	0.895772	0.104228
9FXV-B-A	Positive	0.0775555	0.922445
9GAV-G-B	Positive	0.111493	0.888507
9NZH-B-A	Negative	0.670679	0.329321
9E3B-N-A	Positive	0.000528405	0.999472
9GC2-N-A	Positive	0.087649	0.912351
9B2U-E-K	Positive	0.00400361	0.995996
9B40-G-A	Negative	0.988718	0.0112823
9FM5-D-A	Negative	0.864983	0.135017
9GR0-F-B	Positive	0.183581	0.816419
9EB6-C-A	Positive	0.362302	0.637698
9GE3-G-B	Negative	0.935837	0.0641632
9QNG-B-A	Positive	0.348975	0.651025
9ILD-B-A	Negative	0.910351	0.0896486
9GF6-H-O	Positive	0.484084	0.515916
9FP2-V-E	Positive	0.19414	0.80586
9G8R-E-B	Negative	0.951869	0.0481308
9FVH-P-A	Positive	0.127633	0.872367
9CDZ-B-A	Negative	0.783581	0.216419
9MU9-L-B	Positive	0.0246883	0.975312
9D3L-L-C	Positive	0.148421	0.851579
9AST-L-R	Negative	0.923117	0.0768831
9BNS-C-H	Positive	0.16196	0.83804
9BNS-D-H	Positive	0.199836	0.800164
9CWT-K-A	Negative	0.760479	0.239521
9FVN-P-A	Positive	0.196121	0.803879
9BJZ-C-A	Positive	0.0673789	0.932621
9FZA-D-A	Negative	0.798062	0.201938
9JNI-B-A	Positive	0.000717112	0.999283
9FUM-F-A	Positive	0.0168048	0.983195
9FUM-E-B	Negative	0.51867	0.48133
9C96-D-A	Positive	0.0164304	0.98357
9G40-X-F	Negative	0.702544	0.297456
9G40-u-F	Positive	0.471049	0.528951
9N49-F-G	Negative	0.731563	0.268437
9F6S-B-A	Negative	0.785475	0.214525
9IMN-F-A	Positive	0.126233	0.873767
9IMN-V-C	Positive	0.0667379	0.933262
9C1C-D-B	Positive	0.364962	0.635038
9JJ7-C-A	Negative	0.901926	0.0980743
9CYM-P-A	Positive	0.0385706	0.961429
9GFA-P-A	Positive	0.457379	0.542621
9HFW-B-A	Positive	0.347389	0.652611
9UGC-B-A	Positive	0.360575	0.639425
9ESI-n-m	Negative	0.838466	0.161534
9MNW-F-D	Negative	0.52595	0.47405
9KN3-C-A	Positive	0.0702804	0.92972
9K3Q-E-H	Positive	0.21769	0.78231
9ERV-B-A	Positive	0.10566	0.89434
9HM9-F-C	Positive	0.269064	0.730936
9OJ3-B-A	Positive	0.137606	0.862394
9QA3-B-A	Positive	0.462786	0.537214
9DY8-C-A	Positive	0.468611	0.531389
9ILS-B-A	Negative	0.709939	0.290061
9JO6-B-A	Positive	0.00902084	0.990979
9GMC-B-A	Negative	0.696493	0.303507
9GMC-D-A	Positive	0.235576	0.764424
9L4A-C-A	Negative	0.922339	0.0776614
9KNG-C-A	Positive	0.00698524	0.993015
9DJ8-G-A	Negative	0.779785	0.220215
9FE6-E-B	Positive	0.0747994	0.925201
9OP5-A-a	Negative	0.927499	0.0725014
9F6H-L-B	Positive	0.039317	0.960683
9CGC-Y-R	Negative	0.609176	0.390824
9FCM-D-A	Negative	0.763299	0.236701
9FCM-E-A	Negative	0.915585	0.0844145
9FCM-F-B	Negative	0.98907	0.01093
9HN5-B-A	Negative	0.984794	0.0152059
9LH0-A-B	Positive	0.00487315	0.995127
9QNL-B-A	Negative	0.657014	0.342986
9CCE-D-A	Positive	0.000393712	0.999606
9CCE-C-B	Positive	0.000103593	0.999896
9KD5-C-A	Positive	0.0268516	0.973148
9QWU-C-A	Negative	0.933964	0.0660361
9BUR-B-A	Negative	0.982147	0.0178531
9NO7-z-5	Positive	0.0311622	0.968838
9G6G-J-A	Positive	0.00600078	0.993999
9EIH-U-G	Positive	0.222596	0.777404
9EIH-T-I	Negative	0.887548	0.112452
9EIH-V-J	Positive	0.18779	0.81221
9GD2-T-C	Negative	0.953441	0.0465594
9GD2-S-Q	Negative	0.765133	0.234867
9D3M-K-C	Positive	0.00398709	0.996013
9D3M-L-G	Positive	0.0417521	0.958248
9ASG-C-A	Positive	0.00330683	0.996693
9BVM-P-A	Negative	0.907354	0.0926456
9DPL-D-A	Positive	0.217733	0.782267
9DNR-C-A	Positive	0.0236531	0.976347
9FIW-A-M	Positive	0.0256086	0.974391
9HGH-B-A	Negative	0.920404	0.079596
9H9P-C-M	Negative	0.916743	0.083257
9BP1-I-A	Positive	0.205942	0.794058
9GAQ-B-A	Positive	0.294821	0.705179
9BT7-C-A	Positive	0.0126088	0.987391
9G5J-E-A	Positive	0.219403	0.780597
9G5J-G-A	Positive	0.219403	0.780597
9DHZ-C-A	Positive	0.00196232	0.998038
9QH3-D-A	Negative	0.966597	0.0334026
9ITF-B-C	Negative	0.583418	0.416582
9VWT-B-A	Negative	0.515325	0.484675
9PMW-C-A	Negative	0.851205	0.148795
9PMW-D-A	Positive	0.144845	0.855155
9PMW-E-A	Positive	0.0230816	0.976918
9MH1-J-7	Positive	0.440008	0.559992
9MH1-H-B	Positive	0.158504	0.841496
9C9I-B-A	Positive	0.474303	0.525697
9C9I-D-C	Positive	0.47744	0.52256
9C9I-H-G	Negative	0.627444	0.372556
9I8V-B-C	Negative	0.972777	0.0272233
9GRX-j-a	Negative	0.776682	0.223318
9KI1-h-G	Negative	0.535635	0.464365
9CNZ-H-A	Positive	8.7064e-05	0.999913
9FJ3-C-A	Positive	0.00298585	0.997014
9B9L-C-A	Positive	0.248352	0.751648
9QA0-B-A	Positive	0.0210442	0.978956
9EX5-E-A	Negative	0.618916	0.381084
9EX5-G-A	Positive	0.464327	0.535673
9EX5-D-B	Negative	0.791586	0.208414
9GMO-0-F	Positive	0.0325426	0.967457
9RPD-I-J	Positive	0.300438	0.699562
9RPD-K-J	Negative	0.961672	0.0383284
9AUC-P-E	Positive	0.178593	0.821407
9C79-D-H	Negative	0.896887	0.103113
9VEI-C-A	Negative	0.97162	0.0283797
9DEK-C-A	Positive	0.00711619	0.992884
9B5Y-L-R	Positive	0.471976	0.528024
9JJ8-j-a	Negative	0.833509	0.166491
9JJ8-m-b	Positive	0.223645	0.776355
9G8S-x-r	Negative	0.917467	0.0825334
9GJP-F-B	Negative	0.907705	0.092295
9DLX-I-A	Negative	0.941102	0.0588979
9DLX-H-B	Negative	0.944313	0.0556866
9NIG-P-A	Negative	0.936148	0.0638522
9NIG-G-C	Negative	0.913389	0.0866112
9F6Y-B-A	Positive	0.0497702	0.95023
9UGB-C-B	Negative	0.796592	0.203408
9QWP-D-C	Negative	0.898918	0.101082
9VN5-C-A	Positive	0.0328792	0.967121
9HGC-B-A	Negative	0.933869	0.0661308
9GHK-Q-A	Positive	0.299576	0.700424
9J1M-4-G	Positive	0.000760267	0.99924
9BYO-P-R	Negative	0.969604	0.0303959
9JA1-D-G	Negative	0.825662	0.174338
9GTU-A-C	Positive	0.23738	0.76262
9IZ2-C-A	Negative	0.776692	0.223308
9GOB-F-C	Negative	0.961846	0.038154
9C9O-C-B	Negative	0.521595	0.478405
9LR9-b-A	Positive	0.396053	0.603947
9LR9-d-A	Negative	0.954929	0.0450715
9LR9-L-D	Positive	0.478359	0.521641
9LR9-S-D	Negative	0.856399	0.143601
9LR9-T-D	Negative	0.612895	0.387105
9LR9-U-D	Positive	0.000313431	0.999687
9LR9-E-F	Positive	0.0157433	0.984257
9LR9-a-G	Negative	0.589761	0.410239
9LR9-c-G	Positive	0.328777	0.671223
9LR9-B-H	Negative	0.779265	0.220735
9LR9-Z-H	Negative	0.852355	0.147645
9HFU-D-A	Negative	0.988617	0.0113833
9OCF-D-A	Positive	0.243091	0.756909
9DOM-H-G	Positive	0.00411342	0.995887
9GY6-L-A	Negative	0.588878	0.411122
9M4F-I-1	Positive	0.121129	0.878871
9M4F-M-1	Negative	0.721732	0.278268
9ASO-B-A	Negative	0.818981	0.181019
9CIA-m-e	Negative	0.549763	0.450237
9CIA-n-f	Positive	0.4532	0.5468
9CIA-b-d	Negative	0.569486	0.430514
9B8P-O-C	Negative	0.74881	0.25119
9BTW-P-R	Negative	0.719708	0.280292
9I5X-5-7	Positive	0.0224575	0.977542
9I5X-8-P	Positive	0.00646456	0.993535
9I5X-6-W	Positive	0.00269949	0.997301
9JHJ-C-B	Negative	0.965223	0.0347766
9MGW-I-2	Positive	0.146118	0.853882
9EXT-D-A	Negative	0.883585	0.116415
9EXT-G-A	Negative	0.942375	0.057625
9NEG-I-A	Negative	0.553024	0.446976
9NEG-J-B	Negative	0.681395	0.318605
9CJK-H-D	Positive	0.132233	0.867767
9FT9-B-A	Negative	0.937267	0.0627334
9HB3-A-R	Positive	0.000313603	0.999686
9FMS-D-A	Negative	0.917639	0.0823612
9CB7-Z-Q	Positive	0.0284596	0.97154
9M1O-L-R	Positive	0.00653655	0.993463
9DUN-E-A	Negative	0.988207	0.0117929
9DUN-F-B	Negative	0.98905	0.0109498
9CQA-A-E	Positive	0.00147858	0.998521
9NWE-E-A	Negative	0.942407	0.057593
9NWE-F-B	Negative	0.903342	0.0966579
9J54-B-A	Negative	0.619962	0.380038
9J54-D-C	Negative	0.512276	0.487724
9DUJ-B-A	Positive	0.000718203	0.999282
9CF8-V-0	Positive	0.411169	0.588831
9MQ5-B-A	Negative	0.603783	0.396217
9D97-C-A	Positive	0.271099	0.728901
9IWJ-E-A	Positive	9.26629e-05	0.999907
9IWJ-G-B	Positive	0.000344788	0.999655
9IWJ-H-D	Positive	0.000615342	0.999385
9G1V-D-A	Negative	0.668519	0.331481
9ITM-U-T	Negative	0.800494	0.199506
9IF9-C-B	Negative	0.995359	0.0046406
9BLI-C-A	Positive	0.012631	0.987369
9N0Z-D-B	Positive	0.165436	0.834564
9UGQ-E-B	Negative	0.617487	0.382513
9CS1-C-A	Positive	0.0028896	0.99711
9C8D-M-A	Negative	0.7221	0.2779
9ARO-F-A	Negative	0.501802	0.498198
9HFV-B-A	Negative	0.975529	0.0244706
9HFL-N-A	Positive	0.0081634	0.991837
9DEM-G-A	Positive	0.00014551	0.999854
9KKU-C-A	Positive	0.258801	0.741199
9LK4-M-A	Positive	0.452071	0.547929
9LK4-F-D	Positive	0.0686433	0.931357
9LK4-f-d	Positive	0.0686433	0.931357
9RFU-C-E	Positive	0.11031	0.88969
9CFD-P-H	Positive	0.175361	0.824639
9D80-F-D	Positive	0.218001	0.781999
9E0J-R-G	Positive	0.043203	0.956797
9E0J-M-G	Positive	0.0326548	0.967345
9E0J-I-S	Negative	0.681599	0.318401
9E0J-j-a	Positive	0.043203	0.956797
9BLX-I-H	Positive	0.234937	0.765063
9BV2-y-f	Positive	0.0133778	0.986622
9F79-C-A	Positive	0.467606	0.532394
9CUY-W-X	Positive	0.157724	0.842276
9QA2-B-A	Positive	0.0155381	0.984462
9B0A-C-A	Positive	0.0141924	0.985808
9E82-B-R	Positive	0.00128983	0.99871
9E2P-B-A	Positive	0.0712262	0.928774
9AVF-B-A	Positive	0.00082008	0.99918
9AVF-D-C	Positive	0.434256	0.565744
9CC5-B-A	Positive	0.371654	0.628346
9M0R-L-R	Positive	0.0559487	0.944051
9GM3-B-A	Negative	0.7613	0.2387
9GM3-D-A	Positive	0.116238	0.883762
9IKQ-C-A	Negative	0.975603	0.0243967
9IKQ-D-A	Negative	0.987563	0.0124368
9RV5-B-A	Negative	0.564592	0.435408
9EW5-C-A	Positive	0.248365	0.751635
9G9T-L-A	Positive	0.230569	0.769431
9G9T-l-C	Positive	0.230569	0.769431
9CL8-C-A	Positive	0.0112669	0.988733
9DLZ-H-C	Positive	0.457696	0.542304
9D2F-Y-L	Negative	0.940038	0.0599623
9D2F-Z-M	Positive	0.15472	0.84528
9ES8-Q-A	Negative	0.903959	0.0960415
9GV6-C-A	Positive	0.171442	0.828558
9M54-L-R	Positive	0.0243672	0.975633
9IP3-E-A	Negative	0.885962	0.114038
9IP3-D-B	Negative	0.926173	0.0738267
9QT5-7-M	Positive	0.000330172	0.99967
9QT5-5-D	Positive	0.00416361	0.995836
9QT5-3-Q	Positive	0.247438	0.752562
9QT5-G-X	Positive	0.261229	0.738771
9QT5-4-6	Positive	0.00211453	0.997885
9B1P-F-A	Positive	0.181585	0.818415
9BVP-P-A	Negative	0.924122	0.0758776
9IUZ-C-B	Negative	0.731054	0.268946
9C19-F-C	Positive	0.000741784	0.999258
9QDI-I-C	Positive	0.1479	0.8521
9QDI-J-D	Positive	0.0839579	0.916042
9C50-E-B	Positive	0.0235952	0.976405
9GMB-J-C	Negative	0.989629	0.0103712
9GMB-I-E	Negative	0.984767	0.0152334
9ATN-B-A	Positive	0.131212	0.868788
9UPZ-D-A	Positive	0.0167332	0.983267
9QEG-Z-L	Positive	0.00946513	0.990535
9GVH-A-B	Positive	0.186377	0.813623
9J8U-C-A	Positive	0.236722	0.763278
9BKX-d-D	Positive	0.066725	0.933275
9BKX-g-G	Positive	0.151447	0.848553
9BKX-h-H	Positive	0.0195426	0.980457
9BKX-i-I	Positive	0.185618	0.814382
9BKX-p-P	Positive	0.00120937	0.998791
9BKX-r-R	Positive	0.160656	0.839344
9BKX-t-T	Positive	0.0279206	0.972079
9HIW-C-A	Positive	0.00273502	0.997265
9NPX-j-A	Negative	0.968803	0.0311969
9NPX-B-A	Positive	0.131349	0.868651
9NPX-e-I	Positive	0.00128581	0.998714
9EH2-l-M	Negative	0.944372	0.0556278
9J5E-B-A	Negative	0.897535	0.102465
9H1G-C-A	Negative	0.825767	0.174233
9LKY-K-J	Positive	0.00591305	0.994087
9EBO-P-R	Negative	0.972995	0.0270046
9V6Z-A-B	Negative	0.756037	0.243963
9BV3-e-V	Negative	0.742139	0.257861
9FEB-E-A	Positive	0.0243518	0.975648
9NED-G-A	Positive	0.000123462	0.999877
9NED-H-A	Positive	0.278377	0.721623
9L6B-C-A	Positive	3.89774e-05	0.999961
9B0X-J-B	Positive	0.0907634	0.909237
9HDK-C-A	Negative	0.851851	0.148149
9BLW-P-E	Negative	0.719708	0.280292
9JLB-B-A	Negative	0.822243	0.177757
9EYT-E-A	Negative	0.982506	0.0174944
9EYT-G-A	Negative	0.881747	0.118253
9EXU-D-A	Positive	0.159385	0.840615
9GLQ-A-C	Negative	0.525795	0.474205
9GLQ-B-C	Negative	0.677754	0.322246
9CXH-D-A	Negative	0.926024	0.0739763
9CXH-C-A	Negative	0.961169	0.0388307
9AVW-C-A	Positive	0.0404744	0.959526
9AU4-S-G	Positive	0.317193	0.682807
9GC4-D-A	Negative	0.841948	0.158052
9E01-G-B	Positive	0.13982	0.86018
9BUE-P-R	Negative	0.880835	0.119165
9DBN-B-A	Positive	0.00052618	0.999474
9OA2-U-A	Positive	0.00568668	0.994313
9OA2-X-D	Positive	0.00573312	0.994267
9B12-J-E	Positive	0.099044	0.900956
9FNH-X-A	Positive	0.350161	0.649839
9VEC-C-J	Negative	0.61961	0.38039
9KFK-B-R	Positive	0.0351795	0.96482
9CPF-E-A	Positive	0.0379218	0.962078
9LAF-A-C	Positive	0.0107741	0.989226
9FOF-r-q	Positive	0.256415	0.743585
9PN0-C-A	Positive	0.460057	0.539943
9IIU-J-A	Positive	0.0197846	0.980215
9IIU-T-A	Negative	0.502271	0.497729
9IUE-2-5	Positive	0.157944	0.842056
9P1C-A-B	Positive	0.105375	0.894625
9L1X-L-A	Positive	0.150411	0.849589
9QWS-C-A	Negative	0.936948	0.0630524
9GXG-F-A	Positive	0.0909275	0.909072
9GXG-G-A	Positive	0.0146641	0.985336
9E06-B-A	Positive	0.163385	0.836615
9GMD-D-C	Negative	0.897929	0.102071
9DTR-G-T	Negative	0.988606	0.0113944
9MUX-D-A	Positive	0.00541381	0.994586
9G3Y-o-A	Positive	0.137163	0.862837
9G3Y-s-D	Positive	0.391263	0.608737
9C66-B-A	Positive	0.0143237	0.985676
9EB5-D-A	Positive	0.0559188	0.944081
9Q8Y-G-D	Negative	0.577302	0.422698
9BCQ-C-A	Positive	0.00214604	0.997854
9BVQ-P-A	Negative	0.972065	0.0279348
9ITZ-U-T	Positive	0.357955	0.642045
9ITZ-X-T	Positive	0.139162	0.860838
9QNK-P-A	Negative	0.806834	0.193166
9IRK-B-C	Negative	0.562503	0.437497
9C1D-C-B	Negative	0.797617	0.202383
9GY8-B-A	Positive	0.00147996	0.99852
9EXF-E-A	Positive	0.308921	0.691079
9EXF-F-B	Positive	0.338827	0.661173
9EXF-J-B	Negative	0.888111	0.111889
9EXF-O-B	Negative	0.956615	0.0433855
9EXF-N-D	Negative	0.771246	0.228754
9DEP-C-A	Positive	0.00136181	0.998638
9DEP-D-A	Positive	0.00514101	0.994859
9DD3-B-A	Positive	0.286681	0.713319
9D2B-G-F	Negative	0.983431	0.0165689
9D2B-H-F	Negative	0.971896	0.0281043
9N0Y-D-B	Negative	0.678193	0.321807
9C7T-D-B	Positive	0.0613191	0.938681
9LBT-C-A	Positive	0.430728	0.569272
9GV7-C-A	Positive	0.0910731	0.908927
9KD4-C-A	Positive	0.0290255	0.970975
9IZ0-F-A	Negative	0.984625	0.0153754
9D45-C-A	Positive	0.45768	0.54232
9EII-P-I	Positive	0.053209	0.946791
9NO1-X-J	Negative	0.792507	0.207493
9HEJ-G-F	Negative	0.50476	0.49524
9QT9-C-A	Positive	0.0818749	0.918125
9BD3-B-A	Positive	0.116915	0.883085
9FJ4-B-A	Positive	0.498729	0.501271
9FTM-D-G	Negative	0.988699	0.0113005
9FTM-K-G	Negative	0.969983	0.0300167
9FTM-B-A	Negative	0.981869	0.018131
9C4T-B-A	Positive	0.378142	0.621858
9DPF-B-A	Negative	0.788044	0.211956
9DPF-D-C	Negative	0.934496	0.0655039
9KNQ-E-B	Positive	0.213473	0.786527
9I4X-L-A	Positive	0.0972783	0.902722
9CXJ-D-A	Negative	0.911412	0.0885879
9CXJ-C-B	Negative	0.970536	0.0294639
9HCE-8-6	Negative	0.996898	0.00310218
9EXG-D-A	Positive	0.291449	0.708551
9EXG-J-B	Negative	0.892009	0.107991
9DDN-Y-A	Negative	0.679074	0.320926
9DDN-F-B	Positive	0.258787	0.741213
9DDN-Z-B	Negative	0.83712	0.16288
9BF9-G-A	Positive	0.00632625	0.993674
9EZ6-C-A	Negative	0.895423	0.104577
