1GMH-E-F	Positive	0.364371	0.635629
1DOW-B-A	Positive	0.122698	0.877302
1XMO-V-M	Positive	0.354881	0.645119
1QKA-B-A	Positive	0.123486	0.876514
1UF2-K-A	Positive	0.125443	0.874557
1FZG-M-B	Positive	0.205951	0.794049
1P13-D-A	Positive	0.071856	0.928144
1YDT-I-E	Positive	0.0273174	0.972683
1T7D-C-A	Positive	0.0546638	0.945336
1D4P-A-B	Negative	0.588236	0.411764
1D4P-H-B	Positive	0.222016	0.777984
1YPH-B-D	Positive	0.398003	0.601997
1U92-C-A	Positive	0.0311732	0.968827
1JAN-I-A	Positive	0.149268	0.850732
1GTJ-3-1	Positive	0.0277907	0.972209
1QJ7-A-B	Positive	0.499051	0.500949
1QJ7-I-B	Positive	0.161233	0.838767
1F4V-D-A	Positive	0.121513	0.878487
1RGJ-B-A	Positive	0.068356	0.931644
1T65-B-A	Positive	0.0759001	0.9241
1HR9-O-B	Positive	0.0687255	0.931275
1G6R-P-A	Positive	0.142953	0.857047
1N6D-G-A	Positive	0.0883448	0.911655
1CQT-I-A	Negative	0.593539	0.406461
1CQT-J-A	Negative	0.617096	0.382904
1EG4-P-A	Positive	0.138644	0.861356
1OYT-L-H	Negative	0.882461	0.117539
1OYT-I-H	Positive	0.235863	0.764137
1AS4-B-A	Positive	0.495869	0.504131
1G1E-A-B	Positive	0.0834227	0.916577
1SGI-A-B	Positive	0.163795	0.836205
1SGI-D-E	Negative	0.863524	0.136476
1I1F-C-A	Positive	0.0906735	0.909327
1K4U-P-S	Positive	0.119622	0.880378
1BMB-I-A	Positive	0.327883	0.672117
1THR-I-H	Positive	0.0886384	0.911362
1MT1-A-B	Negative	0.626645	0.373355
1MT1-C-B	Negative	0.749657	0.250343
1MT1-E-B	Negative	0.717351	0.282649
1MT1-G-B	Negative	0.640454	0.359546
1MT1-I-H	Negative	0.727094	0.272906
1MT1-K-H	Negative	0.673882	0.326118
1U8P-C-A	Positive	0.0329747	0.967025
1Z71-B-A	Positive	0.0730766	0.926923
1TVH-C-A	Positive	0.296194	0.703806
1TVH-F-D	Positive	0.296194	0.703806
1FFK-Y-P	Positive	0.0741116	0.925888
1H9H-I-E	Positive	0.25414	0.74586
1IQ5-B-A	Positive	0.259366	0.740634
1X3Z-I-A	Positive	0.0373935	0.962607
1NRO-L-H	Positive	0.209776	0.790224
1NRO-R-H	Positive	0.323288	0.676712
1B3G-B-A	Positive	0.0110581	0.988942
1OGT-C-A	Positive	0.0332311	0.966769
1J4Q-B-A	Positive	0.0549147	0.945085
1RBC-S-A	Positive	0.275968	0.724032
1HAJ-B-A	Positive	0.112314	0.887686
1H6E-P-A	Positive	0.419496	0.580504
1KUK-B-A	Positive	0.0171986	0.982801
1Z7Z-5-1	Positive	0.460747	0.539253
1Z7Z-4-3	Positive	0.172368	0.827632
1HRI-4-1	Negative	0.65799	0.34201
1TMT-I-H	Positive	0.204688	0.795312
1TMT-J-H	Positive	0.236913	0.763087
1UTI-D-A	Positive	0.257676	0.742324
1YVL-C-A	Positive	0.20216	0.79784
1RH5-C-A	Positive	0.170405	0.829595
1TJK-I-A	Positive	0.0389707	0.961029
1AW8-A-B	Positive	0.234256	0.765744
1ZY1-D-A	Positive	0.0134115	0.986588
1Q4Q-O-A	Negative	0.596099	0.403901
1Q4Q-R-A	Positive	0.427556	0.572444
1YM2-X-A	Positive	0.393513	0.606487
1MFG-B-A	Positive	0.187591	0.812409
1CFA-B-A	Positive	0.133049	0.866951
1BQP-B-A	Positive	0.398705	0.601295
1BQP-D-A	Positive	0.398705	0.601295
1I7U-C-A	Positive	0.251907	0.748093
1FZO-P-A	Negative	0.695401	0.304599
1OEB-D-A	Positive	0.350802	0.649198
1L3E-A-B	Positive	0.312452	0.687548
1PRM-A-C	Negative	0.676422	0.323578
1Z9O-G-A	Positive	0.115188	0.884812
1QUR-I-H	Positive	0.30522	0.69478
1W3C-C-A	Positive	0.204286	0.795714
1KUJ-B-A	Positive	0.0330643	0.966936
1KUJ-D-A	Positive	0.061842	0.938158
1KUJ-F-A	Positive	0.0243325	0.975668
1KUJ-H-C	Positive	0.050252	0.949748
1FC2-C-D	Positive	0.388289	0.611711
1AKJ-C-A	Positive	0.0508019	0.949198
1YTF-C-A	Positive	0.286081	0.713919
1YTF-B-D	Positive	0.0561046	0.943895
1TNO-M-A	Positive	0.41214	0.58786
1ZVZ-B-A	Positive	0.0759935	0.924006
1AR9-0-1	Positive	0.210442	0.789558
1XXV-C-A	Positive	0.045526	0.954474
1XXV-D-A	Positive	0.0188227	0.981177
1BM2-L-A	Positive	0.334194	0.665806
1V54-K-A	Negative	0.826646	0.173354
1V54-L-A	Positive	0.111861	0.888139
1V54-M-A	Negative	0.722331	0.277669
1V54-Y-N	Positive	0.111861	0.888139
1YY6-B-A	Positive	0.344792	0.655208
1D0A-G-A	Positive	0.409983	0.590017
1Z3P-S-E	Positive	0.260951	0.739049
1ZBE-4-1	Positive	0.0813287	0.918671
1IDG-B-A	Positive	0.0278244	0.972176
1TFC-C-A	Positive	0.0750207	0.924979
1TFC-D-B	Positive	0.025657	0.974343
1ID5-L-H	Positive	0.391896	0.608104
1S7U-C-A	Positive	0.104652	0.895348
1OV3-C-A	Negative	0.864613	0.135387
1OW7-D-A	Positive	0.0810944	0.918906
1VWL-M-B	Negative	0.61574	0.38426
1PQ1-B-A	Positive	0.157053	0.842947
1JGN-B-A	Negative	0.648672	0.351328
1GNG-X-A	Positive	0.0400582	0.959942
1KAT-X-V	Positive	0.0453545	0.954646
1T1X-C-A	Positive	0.12974	0.87026
1T37-P-A	Positive	0.15707	0.84293
1OK7-C-B	Positive	0.209517	0.790483
1PTS-P-B	Negative	0.569404	0.430596
1LF8-E-A	Positive	0.147364	0.852636
1IHT-L-H	Positive	0.420029	0.579971
1IHT-I-H	Positive	0.167564	0.832436
1MXE-E-A	Positive	0.216033	0.783967
1I4F-C-A	Positive	0.255295	0.744705
1DD4-C-A	Positive	0.110457	0.889543
1DD4-D-A	Positive	0.138828	0.861172
1EFX-C-A	Positive	0.0330854	0.966915
1B05-B-A	Positive	0.0106646	0.989335
1OO4-B-A	Positive	0.353203	0.646797
1T5W-C-A	Positive	0.15039	0.84961
1GBQ-B-A	Negative	0.696346	0.303654
1VAC-P-A	Positive	0.159289	0.840711
1I8I-C-A	Positive	0.250434	0.749566
1YMM-C-A	Positive	0.0895266	0.910473
1TSU-P-A	Positive	0.0364817	0.963518
1ZTZ-P-A	Positive	0.0116088	0.988391
1M43-C-A	Positive	0.0485247	0.951475
1B0N-B-A	Negative	0.514573	0.485427
1NRP-R-H	Positive	0.259205	0.740795
1DUY-C-A	Positive	0.246208	0.753792
1MVK-E-H	Positive	0.178471	0.821529
1MVK-F-H	Positive	0.135557	0.864443
1MVK-G-H	Positive	0.178471	0.821529
1MVK-I-H	Positive	0.20054	0.79946
1MVK-K-H	Positive	0.135557	0.864443
1MVK-L-H	Positive	0.231108	0.768892
1BDT-D-B	Negative	0.546586	0.453414
1BXX-P-A	Positive	0.157388	0.842612
1BCU-L-H	Negative	0.888076	0.111924
1AOU-P-F	Positive	0.234348	0.765652
1WCY-C-A	Negative	0.553831	0.446169
1KTR-P-L	Positive	0.266216	0.733784
1EEY-C-A	Positive	0.241499	0.758501
1WS5-F-A	Positive	0.0130416	0.986958
1DDH-P-A	Positive	0.491784	0.508216
1S7V-C-A	Positive	0.193932	0.806068
1K2N-P-A	Positive	0.133173	0.866827
1PFG-B-A	Positive	0.0249081	0.975092
1TP3-B-A	Positive	0.0895077	0.910492
1JGE-C-A	Positive	0.023313	0.976687
1IQ1-A-C	Positive	0.429959	0.570041
1IQ1-B-C	Positive	0.186312	0.813688
1IM9-C-A	Positive	0.0477703	0.95223
1Q0W-A-B	Positive	0.146941	0.853059
1JMT-B-A	Positive	0.103301	0.896699
1LOD-B-A	Positive	0.0517434	0.948257
1LOD-D-A	Positive	0.109394	0.890606
1ZT1-P-A	Positive	0.103571	0.896429
1HBT-I-H	Positive	0.292292	0.707708
1OZB-I-A	Positive	0.392331	0.607669
1H8B-B-A	Positive	0.379364	0.620636
1ND2-D-A	Positive	0.471755	0.528245
1A6A-C-A	Positive	0.0546428	0.945357
1XXP-C-A	Positive	0.0726917	0.927308
1BR8-P-I	Positive	0.0119599	0.98804
1TG4-I-A	Positive	0.00692157	0.993078
1GJ7-A-B	Positive	0.42338	0.57662
1QNZ-P-H	Positive	0.385961	0.614039
1GBD-P-A	Positive	0.0621071	0.937893
1GEC-I-E	Positive	0.147526	0.852474
1TN6-C-A	Positive	0.0311106	0.968889
1JK8-C-A	Positive	0.0729997	0.927
1YC5-B-A	Positive	0.120981	0.879019
1J80-A-B	Positive	0.126785	0.873215
1N59-P-A	Positive	0.305219	0.694781
1FV1-C-A	Positive	0.179494	0.820506
1FV1-F-D	Positive	0.373067	0.626933
1QIX-A-B	Positive	0.382608	0.617392
1M1D-B-A	Positive	0.0420375	0.957962
1B7X-C-B	Positive	0.0459963	0.954004
1AYC-P-A	Positive	0.0928608	0.907139
1UEF-C-A	Positive	0.216236	0.783764
1UEF-D-B	Positive	0.335231	0.664769
1PJM-A-B	Negative	0.925597	0.0744034
1ZSG-B-A	Negative	0.54208	0.45792
1RK1-P-A	Positive	0.0771189	0.922881
1HV2-B-A	Positive	0.12107	0.87893
1ORY-B-A	Negative	0.58846	0.41154
1BA8-A-B	Positive	0.34931	0.65069
1BA8-C-B	Positive	0.28808	0.71192
1N0W-B-A	Positive	0.245427	0.754573
1ZV8-H-G	Positive	0.11346	0.88654
1ZV8-I-G	Positive	0.0433962	0.956604
1ZV8-L-G	Positive	0.020298	0.979702
1ZV8-J-K	Positive	0.128022	0.871978
1D5D-A-B	Positive	0.179949	0.820051
1YCQ-B-A	Positive	0.222478	0.777522
1KUG-B-A	Positive	0.137672	0.862328
1Z8Y-I-B	Negative	0.514856	0.485144
1Z8Y-J-Q	Positive	0.250283	0.749717
1RHK-C-A	Positive	0.0154048	0.984595
1JF1-C-A	Positive	0.0223898	0.97761
1SYV-C-A	Positive	0.0465913	0.953409
1POP-B-A	Positive	0.153192	0.846808
1PQ8-C-A	Positive	0.0220409	0.977959
1OXN-F-E	Positive	0.00726726	0.992733
1YF4-B-A	Positive	0.34284	0.65716
1WM0-Y-X	Positive	0.0202121	0.979788
1UH0-B-A	Positive	0.146385	0.853615
1I3Q-L-B	Negative	0.638613	0.361387
1T1Z-C-A	Positive	0.0788476	0.921152
1GKT-B-A	Positive	0.222806	0.777194
1R5V-E-A	Positive	0.260255	0.739745
1GDN-B-A	Positive	0.00669617	0.993304
1DPU-B-A	Positive	0.0627468	0.937253
1URC-E-B	Positive	0.0268533	0.973147
1R5W-E-A	Positive	0.0455333	0.954467
1AGF-C-A	Positive	0.0771446	0.922855
1GDU-B-A	Positive	0.0157785	0.984221
1P7W-B-A	Positive	0.0656224	0.934378
1F95-C-A	Positive	0.159215	0.840785
1W80-P-A	Positive	0.234963	0.765037
1W80-Q-A	Positive	0.0247856	0.975214
1VRK-B-A	Positive	0.145721	0.854279
1RXZ-B-A	Positive	0.314918	0.685082
1VWN-P-B	Negative	0.567143	0.432857
1IXS-A-B	Positive	0.0521268	0.947873
1O0D-L-H	Positive	0.340367	0.659633
1O0D-D-H	Positive	0.231398	0.768602
1FPC-L-H	Negative	0.650571	0.349429
1O5B-A-B	Positive	0.142273	0.857727
1AWQ-B-A	Positive	0.0628827	0.937117
1PD0-B-A	Negative	0.534769	0.465231
1MK9-A-B	Positive	0.148303	0.851697
1MK9-C-B	Positive	0.0747028	0.925297
1MK9-E-F	Positive	0.106411	0.893589
1FCH-C-A	Positive	0.135064	0.864936
1STC-I-E	Positive	0.102606	0.897394
1YU6-D-B	Negative	0.633271	0.366729
1M4P-B-A	Positive	0.0809471	0.919053
1N13-A-B	Negative	0.626645	0.373355
1N13-C-B	Negative	0.749657	0.250343
1N13-G-B	Negative	0.640454	0.359546
1N13-K-H	Negative	0.778441	0.221559
1KJV-P-A	Positive	0.139764	0.860236
1TPS-B-A	Positive	0.0205057	0.979494
1KZU-B-A	Negative	0.71774	0.28226
1KBG-P-H	Positive	0.0592798	0.94072
1OGA-C-A	Positive	0.243871	0.756129
1FQJ-C-A	Negative	0.814523	0.185477
1F93-E-A	Positive	0.131029	0.868971
1F93-F-A	Positive	0.209075	0.790925
1F93-G-C	Positive	0.0474458	0.952554
1F93-H-C	Positive	0.206741	0.793259
1XDT-R-T	Positive	0.379644	0.620356
1JD6-B-A	Positive	0.11821	0.88179
1T63-B-A	Positive	0.153263	0.846737
1HTM-A-B	Positive	0.303601	0.696399
1HTM-E-B	Positive	0.0248688	0.975131
1HTM-C-D	Positive	0.0578868	0.942113
1FI8-D-A	Negative	0.606746	0.393254
1H3O-A-B	Positive	0.424163	0.575837
1H24-E-B	Positive	0.0165544	0.983446
1NH2-C-A	Negative	0.527177	0.472823
1NH2-B-D	Positive	0.425904	0.574096
1DUZ-C-A	Positive	0.3883	0.6117
1NOV-D-A	Negative	0.860194	0.139806
1NOV-F-A	Negative	0.531511	0.468489
1Q94-C-A	Positive	0.378487	0.621513
1X7Q-C-A	Negative	0.514541	0.485459
1Q5L-B-A	Positive	0.166395	0.833605
1F3R-A-B	Positive	0.134673	0.865327
1VBA-0-4	Positive	0.0630408	0.936959
1E27-C-A	Positive	0.318073	0.681927
1MV0-A-B	Negative	0.696946	0.303054
1X27-I-A	Positive	0.00803875	0.991961
1X27-L-A	Positive	0.0267228	0.973277
1X27-M-A	Positive	0.0231065	0.976893
1SFI-I-A	Positive	0.342286	0.657714
1Y66-B-A	Positive	0.110008	0.889992
1Y66-C-A	Negative	0.579635	0.420365
1IYJ-A-B	Positive	0.115343	0.884657
1L6X-B-A	Negative	0.609414	0.390586
1KA7-B-A	Positive	0.342036	0.657964
1INQ-C-A	Positive	0.0542849	0.945715
1QTN-C-A	Positive	0.168062	0.831938
1TMC-C-A	Positive	0.0692393	0.930761
1TK2-B-A	Positive	0.256304	0.743696
1J4X-D-A	Positive	0.0379362	0.962064
1B8D-G-B	Positive	0.0801234	0.919877
1OM9-P-A	Positive	0.0837902	0.91621
1OM9-Q-B	Positive	0.103685	0.896315
1MDJ-B-A	Positive	0.228789	0.771211
1Z8I-A-B	Negative	0.826253	0.173747
1ZY3-B-A	Positive	0.398613	0.601387
1P11-P-E	Positive	0.067243	0.932757
1P11-I-E	Positive	0.0621071	0.937893
1IID-O-A	Positive	0.338722	0.661278
1JVQ-C-I	Positive	0.0917032	0.908297
1JVQ-D-I	Positive	0.093794	0.906206
1OBY-P-A	Positive	0.0532719	0.946728
1OBY-Q-A	Positive	0.188752	0.811248
1M57-D-A	Positive	0.400752	0.599248
1JJO-A-C	Negative	0.621995	0.378005
1JJO-E-C	Positive	0.406462	0.593538
1UWX-P-H	Negative	0.554734	0.445266
1DKY-C-A	Positive	0.126607	0.873393
1PP9-I-A	Negative	0.669836	0.330164
1T01-B-A	Positive	0.118859	0.881141
1XTC-C-A	Positive	0.122243	0.877757
1MU8-C-B	Positive	0.174763	0.825237
1XU1-R-A	Negative	0.507497	0.492503
1XU1-T-A	Negative	0.793161	0.206839
1XU1-S-B	Negative	0.823467	0.176533
1LJ2-C-A	Positive	0.0573382	0.942662
1LJ2-D-A	Positive	0.0525274	0.947473
1SY9-B-A	Positive	0.0723896	0.92761
1M4H-C-A	Positive	0.0397771	0.960223
1QC6-C-A	Positive	0.145654	0.854346
1QC6-D-B	Positive	0.222354	0.777646
1JYR-L-A	Negative	0.551131	0.448869
1TP8-B-A	Positive	0.138796	0.861204
1ZAF-C-A	Positive	0.137538	0.862462
1JYC-P-A	Positive	0.121078	0.878922
1G3F-B-A	Negative	0.542582	0.457418
1M2Z-B-A	Positive	0.147478	0.852522
1O9K-P-A	Positive	0.161628	0.838372
1SYQ-B-A	Positive	0.00959665	0.990403
1Q2D-B-A	Positive	0.0781293	0.921871
1F2S-I-E	Positive	0.171082	0.828918
1P93-E-A	Positive	0.052564	0.947436
1JBP-S-E	Positive	0.0269748	0.973025
1KYF-P-A	Positive	0.0132524	0.986748
1JG3-C-A	Positive	0.129617	0.870383
1LWU-M-B	Positive	0.205951	0.794049
1LWU-N-E	Positive	0.205951	0.794049
1T34-H-A	Negative	0.8103	0.1897
1KJ4-P-A	Positive	0.0984121	0.901588
1KJ4-S-A	Positive	0.113799	0.886201
1UKI-B-A	Negative	0.539107	0.460893
1N4S-M-A	Positive	0.0425847	0.957415
1N4S-R-K	Positive	0.157886	0.842114
1W0W-C-A	Positive	0.0815632	0.918437
1XF5-P-A	Positive	0.2145	0.7855
1XF5-Q-C	Positive	0.0637569	0.936243
1CQH-B-A	Positive	0.026207	0.973793
1UK4-G-A	Positive	0.0787622	0.921238
1UK4-K-B	Positive	0.0787622	0.921238
1X7E-C-A	Positive	0.103153	0.896847
1CZZ-D-A	Positive	0.148313	0.851687
1CZZ-E-B	Positive	0.0510409	0.948959
1OJH-B-A	Negative	0.51981	0.48019
1KBH-A-B	Positive	0.128471	0.871529
1AKH-A-B	Positive	0.443831	0.556169
1KZZ-B-A	Positive	0.498675	0.501325
1UJJ-C-A	Positive	0.0256915	0.974308
1T7M-B-A	Positive	0.184486	0.815514
1FIZ-L-A	Positive	0.304061	0.695939
1W72-C-A	Positive	0.0385935	0.961407
1Y7L-P-A	Positive	0.305211	0.694789
1ZDT-P-A	Positive	0.0844621	0.915538
1ZDT-Q-B	Positive	0.0290374	0.970963
1FPH-I-H	Positive	0.228051	0.771949
1FPH-F-H	Positive	0.0126901	0.98731
1LHC-I-H	Positive	0.163763	0.836237
1F0C-B-A	Positive	0.103196	0.896804
1RPQ-W-A	Negative	0.652422	0.347578
1RPQ-Z-B	Negative	0.652422	0.347578
1OR8-B-A	Positive	0.011177	0.988823
1OR8-C-A	Positive	0.0115088	0.988491
1OR8-D-A	Positive	0.00885693	0.991143
1OR8-E-A	Positive	0.0553052	0.944695
1T5Z-B-A	Positive	0.0353581	0.964642
1PJP-I-A	Positive	0.06508	0.93492
1ABT-B-A	Positive	0.0597595	0.940241
1YWO-P-A	Positive	0.458165	0.541835
1U93-C-A	Positive	0.0468856	0.953114
1DE7-A-H	Positive	0.0889913	0.911009
1F96-C-A	Positive	0.319779	0.680221
1DLH-C-A	Positive	0.0948109	0.905189
1OCO-L-A	Positive	0.352834	0.647166
1OCO-M-A	Negative	0.722331	0.277669
1UM2-C-A	Positive	0.422937	0.577063
1VJ6-B-A	Positive	0.220822	0.779178
1CLV-I-A	Positive	0.479128	0.520872
1F90-E-L	Positive	0.177303	0.822697
1VQN-2-S	Positive	0.258863	0.741137
1UVQ-C-A	Positive	0.247955	0.752045
1UOQ-B-A	Positive	0.144723	0.855277
1EEN-B-A	Positive	0.140837	0.859163
1TJG-P-L	Positive	0.0250394	0.974961
1ZHL-C-A	Positive	0.166464	0.833536
1HSB-C-A	Positive	0.0146039	0.985396
1OTR-A-B	Positive	0.158694	0.841306
1LEW-B-A	Positive	0.186726	0.813274
1ED3-C-A	Negative	0.547269	0.452731
1TQ7-A-B	Negative	0.574191	0.425809
1CMK-I-E	Positive	0.0273174	0.972683
1FZC-G-C	Negative	0.777855	0.222145
1FZC-J-E	Positive	0.205951	0.794049
1QWE-B-A	Negative	0.833088	0.166912
1N8O-A-B	Positive	0.493585	0.506415
1XQH-B-A	Positive	0.0759958	0.924004
1PMX-B-A	Positive	0.132077	0.867923
1RJY-P-A	Positive	0.183284	0.816716
1E0A-B-A	Positive	0.384417	0.615583
1URL-B-A	Positive	0.0284559	0.971544
1B0G-C-A	Positive	0.38955	0.61045
1CZY-D-A	Positive	0.146085	0.853915
1CZY-E-C	Positive	0.146085	0.853915
1TN7-C-A	Positive	0.345438	0.654562
1H2K-S-A	Positive	0.485375	0.514625
1UJK-C-A	Positive	0.012537	0.987463
1U8M-C-A	Positive	0.0728799	0.92712
1RIN-D-A	Positive	0.439355	0.560645
1AN1-I-E	Negative	0.543311	0.456689
1CFT-C-A	Positive	0.0974441	0.902556
1XQY-Q-A	Positive	0.0567018	0.943298
1TQ0-A-B	Positive	0.350095	0.649905
1IS0-C-A	Positive	0.0371406	0.962859
1LOP-B-A	Positive	0.0366861	0.963314
1KUI-B-A	Positive	0.0665227	0.933477
1EOJ-B-A	Positive	0.0974465	0.902554
1P9D-S-U	Negative	0.868439	0.131561
1T79-B-A	Positive	0.0649034	0.935097
1OAU-I-M	Positive	0.110166	0.889834
1OAU-K-O	Positive	0.122683	0.877317
1R2B-C-A	Positive	0.249686	0.750314
1R2B-D-A	Positive	0.155279	0.844721
1GHA-P-F	Positive	0.201101	0.798899
1U8Q-C-A	Positive	0.0265335	0.973467
1BTH-L-H	Positive	0.248373	0.751627
1OW6-F-C	Positive	0.0824065	0.917593
1CJQ-A-B	Positive	0.126785	0.873215
1D6E-D-A	Positive	0.0239513	0.976049
1KY6-P-A	Positive	0.0461356	0.953864
1B52-B-A	Positive	0.161568	0.838432
1AZG-A-B	Negative	0.609868	0.390132
1R64-C-A	Positive	0.0641203	0.93588
1OJ5-B-A	Positive	0.114291	0.885709
1T74-B-A	Positive	0.157037	0.842963
1XOC-B-A	Positive	0.0619597	0.93804
1JGD-C-A	Positive	0.05825	0.94175
1BLL-I-E	Positive	0.130004	0.869996
1RF3-B-A	Positive	0.105129	0.894871
1D0J-G-A	Positive	0.19287	0.80713
1D0J-I-D	Positive	0.172997	0.827003
1D0J-J-E	Positive	0.172997	0.827003
1I7R-C-A	Positive	0.333272	0.666728
1KLG-C-A	Positive	0.0380051	0.961995
1YDP-P-A	Positive	0.16014	0.83986
1JBD-B-A	Positive	0.0773645	0.922635
1VWG-P-B	Negative	0.641939	0.358061
1TSQ-P-A	Positive	0.123112	0.876888
1GBR-B-A	Positive	0.248394	0.751606
1CM4-B-A	Positive	0.213624	0.786376
1LGC-D-A	Positive	0.0756564	0.924344
1LGC-J-E	Negative	0.684938	0.315062
1HRT-L-H	Positive	0.451445	0.548555
1E28-C-A	Positive	0.0780213	0.921979
1K3A-B-A	Positive	0.153048	0.846952
1AI1-P-L	Positive	0.254669	0.745331
1S7T-C-A	Positive	0.429336	0.570664
1K22-L-H	Positive	0.473285	0.526715
1ZBW-D-A	Positive	0.0301604	0.96984
1A5H-C-A	Positive	0.486323	0.513677
1D5M-D-A	Positive	0.124258	0.875742
1Q3L-P-A	Positive	0.0595413	0.940459
1M7E-D-A	Positive	0.0101837	0.989816
1TDV-B-A	Positive	0.0179286	0.982071
1JSP-A-B	Positive	0.0909058	0.909094
1JMU-A-B	Positive	0.024803	0.975197
1JMU-C-B	Positive	0.024803	0.975197
1BXP-B-A	Positive	0.0396409	0.960359
1UEL-B-A	Positive	0.21273	0.78727
1SIO-D-A	Positive	0.280845	0.719155
1MCV-I-A	Positive	0.266946	0.733054
1HR8-O-A	Positive	0.151299	0.848701
1HR8-P-C	Positive	0.376986	0.623014
1HR8-Q-F	Positive	0.359055	0.640945
1HR8-R-H	Negative	0.544932	0.455068
1NAK-P-L	Positive	0.0244321	0.975568
1KZP-C-A	Positive	0.143782	0.856218
1FRG-P-L	Positive	0.0573017	0.942698
1F8H-B-A	Positive	0.361433	0.638567
1DS5-E-A	Positive	0.174223	0.825777
1DS5-F-A	Positive	0.0620343	0.937966
1QJB-Q-A	Positive	0.192058	0.807942
1QJB-S-B	Positive	0.0878928	0.912107
1FHR-P-A	Positive	0.144858	0.855142
1RQQ-E-A	Positive	0.321205	0.678795
1RQQ-F-B	Positive	0.397656	0.602344
1TNB-M-A	Positive	0.0865711	0.913429
1W9O-T-A	Positive	0.0109274	0.989073
1TA2-B-A	Positive	0.0652016	0.934798
1ZW2-B-A	Positive	0.105194	0.894806
1XH5-B-A	Positive	0.0273174	0.972683
1JY2-N-O	Negative	0.895517	0.104483
1JY2-P-O	Positive	0.216134	0.783866
1JY2-R-O	Positive	0.177037	0.822963
1JY2-S-O	Negative	0.760957	0.239043
1V6D-B-A	Positive	0.120421	0.879579
1C9I-C-A	Positive	0.155852	0.844148
1C9I-D-B	Negative	0.701628	0.298372
1FOD-4-1	Positive	0.118108	0.881892
1S7X-C-A	Positive	0.11317	0.88683
1AL0-B-F	Positive	0.323939	0.676061
1CTP-I-E	Positive	0.142548	0.857452
1JEG-B-A	Positive	0.136189	0.863811
1XWJ-B-A	Positive	0.106543	0.893457
1MCT-I-A	Positive	0.163964	0.836036
1AXC-B-A	Positive	0.0942302	0.90577
1D5H-A-B	Positive	0.229598	0.770402
1YBO-D-B	Positive	0.070222	0.929778
1NT9-L-B	Negative	0.638613	0.361387
1YY4-C-A	Positive	0.102354	0.897646
1IO6-B-A	Positive	0.0901299	0.90987
1TTW-B-A	Positive	0.440815	0.559185
1SV1-C-A	Negative	0.918094	0.0819059
1B58-B-A	Positive	0.0777966	0.922203
1GMD-E-F	Positive	0.493585	0.506415
1GMD-B-F	Positive	0.0283538	0.971646
1UHL-C-A	Positive	0.0140158	0.985984
1UHL-D-B	Positive	0.0578425	0.942157
1CN3-F-A	Positive	0.0309435	0.969057
1JP5-C-A	Positive	0.39094	0.60906
1YGU-C-A	Positive	0.135415	0.864585
1S5P-B-A	Positive	0.0300473	0.969953
1D3E-4-1	Positive	0.471755	0.528245
1Y74-B-A	Negative	0.606514	0.393486
1SSB-B-A	Positive	0.133852	0.866148
1LB6-B-A	Positive	0.276811	0.723189
1YTJ-I-A	Positive	0.01852	0.98148
1VBS-B-A	Positive	0.219935	0.780065
1QS7-B-A	Positive	0.0662496	0.93375
1QS7-D-C	Positive	0.263721	0.736279
1X9T-B-A	Positive	0.203904	0.796096
1DDV-B-A	Positive	0.463883	0.536117
1B8H-D-B	Positive	0.0849866	0.915013
1D5G-B-A	Positive	0.479037	0.520963
1C5Y-A-B	Positive	0.463259	0.536741
1M46-B-A	Positive	0.186126	0.813874
1W7G-I-H	Positive	0.179564	0.820436
1SZA-Z-B	Positive	0.183302	0.816698
1MT9-P-A	Negative	0.773706	0.226294
1CFF-B-A	Positive	0.385681	0.614319
1SHH-D-E	Negative	0.886088	0.113912
1IAU-B-A	Positive	0.334122	0.665878
1FMD-4-1	Positive	0.0768988	0.923101
1T15-B-A	Positive	0.196023	0.803977
1G0V-B-A	Positive	0.175341	0.824659
1H25-E-B	Positive	0.0484741	0.951526
1PYW-C-A	Positive	0.136353	0.863647
1UGY-F-A	Positive	0.0208016	0.979198
1W2B-5-O	Positive	0.131061	0.868939
1V18-B-A	Negative	0.88054	0.11946
1UVU-L-H	Positive	0.453404	0.546596
1JK4-B-A	Negative	0.527673	0.472327
1XB7-P-A	Positive	0.187454	0.812546
1YN7-C-A	Positive	0.0218009	0.978199
1T8Z-D-C	Positive	0.144452	0.855548
1SGH-B-A	Negative	0.691784	0.308216
1XME-C-A	Positive	0.159407	0.840593
1IHJ-D-A	Positive	0.0719471	0.928053
1UOP-B-A	Positive	0.457907	0.542093
1BH8-A-B	Negative	0.729051	0.270949
1I1Y-C-A	Positive	0.086892	0.913108
1G1X-C-A	Negative	0.648616	0.351384
1G1X-H-F	Negative	0.578183	0.421817
1MIZ-A-B	Positive	0.0696502	0.93035
1VGK-C-A	Positive	0.226594	0.773406
1I51-E-A	Positive	0.0457453	0.954255
1TZG-P-L	Positive	0.0244623	0.975538
1NY2-4-2	Positive	0.4649	0.5351
1RBF-S-A	Positive	0.351574	0.648426
1EBA-C-A	Negative	0.744993	0.255007
1XCT-P-A	Positive	0.0559631	0.944037
1XCT-Q-C	Negative	0.782398	0.217602
1NVR-B-A	Positive	0.0368126	0.963187
1N5Z-P-A	Positive	0.129298	0.870702
1E6I-P-A	Positive	0.0374273	0.962573
1ZHB-C-A	Positive	0.35384	0.64616
1ABI-L-H	Positive	0.0730943	0.926906
1ABI-I-H	Positive	0.228706	0.771294
1T22-C-A	Positive	0.058154	0.941846
1YR5-B-A	Positive	0.0447038	0.955296
1KJ7-P-A	Negative	0.5275	0.4725
1C1W-L-H	Positive	0.499051	0.500949
1PDQ-B-A	Positive	0.139658	0.860342
1JL4-C-A	Positive	0.0396902	0.96031
1TB6-L-H	Positive	0.228377	0.771623
1NB3-P-A	Positive	0.0721628	0.927837
1JPW-D-A	Positive	0.142001	0.857999
1NAN-M-H	Positive	0.081025	0.918975
1JN5-C-B	Positive	0.25579	0.74421
1XOW-B-A	Positive	0.0308014	0.969199
1KJG-P-A	Positive	0.0249379	0.975062
1MHW-C-A	Positive	0.0977405	0.90226
1H28-E-B	Positive	0.0132139	0.986786
1H28-F-D	Positive	0.0196413	0.980359
1MVU-P-A	Positive	0.0967663	0.903234
1U8L-C-A	Positive	0.0198712	0.980129
1W85-I-B	Negative	0.607079	0.392921
1W85-J-F	Negative	0.655945	0.344055
1UHD-B-A	Positive	0.453668	0.546332
1TWX-C-B	Positive	0.0907925	0.909207
1MWA-P-A	Positive	0.0424643	0.957536
1MWA-Q-C	Positive	0.0424643	0.957536
1TNY-M-A	Positive	0.107582	0.892418
1U9L-C-A	Positive	0.373617	0.626383
1O9A-B-A	Positive	0.127206	0.872794
1M06-J-F	Positive	0.134339	0.865661
1QEW-C-A	Positive	0.154481	0.845519
1ND3-D-A	Positive	0.440285	0.559715
1JCS-C-A	Positive	0.235491	0.764509
1NX1-C-A	Positive	0.136603	0.863397
1PZ5-C-A	Positive	0.0275129	0.972487
1EOL-B-A	Positive	0.098321	0.901679
1IK9-C-A	Negative	0.866211	0.133789
1N1L-C-A	Positive	0.237867	0.762133
1N1L-D-A	Positive	0.108492	0.891508
1SP4-A-B	Negative	0.507525	0.492475
1AWU-B-A	Positive	0.137437	0.862563
1OAI-B-A	Positive	0.0166005	0.9834
1Y3A-E-A	Positive	0.0459036	0.954096
1A81-B-A	Positive	0.0549253	0.945075
1LTT-C-D	Positive	0.282015	0.717985
1W88-I-B	Negative	0.66023	0.33977
1W88-J-F	Negative	0.528314	0.471686
1YK1-E-A	Positive	0.293133	0.706867
1ZLA-K-G	Positive	0.193987	0.806013
1EPM-I-E	Positive	0.202531	0.797469
1K83-M-A	Positive	0.110552	0.889448
1K83-L-B	Negative	0.555645	0.444355
1OL1-F-B	Positive	0.240977	0.759023
1SP5-I-A	Positive	0.217847	0.782153
1EJO-P-L	Positive	0.185657	0.814343
1KL3-E-A	Positive	0.439121	0.560879
1KL3-H-A	Positive	0.118596	0.881404
1A3E-I-H	Positive	0.159289	0.840711
1RKC-B-A	Positive	0.145596	0.854404
1SQZ-B-A	Positive	0.278599	0.721401
1O9S-K-A	Positive	0.135565	0.864435
1O9S-L-B	Positive	0.196741	0.803259
1YGR-C-A	Positive	0.0235685	0.976432
1NWD-B-A	Positive	0.133887	0.866113
1QCR-I-A	Positive	0.271505	0.728495
1QCR-K-A	Negative	0.5007	0.4993
1CKK-B-A	Negative	0.722308	0.277692
1MXL-I-C	Positive	0.0719293	0.928071
1QGK-B-A	Negative	0.597945	0.402055
1ZFP-I-E	Positive	0.124507	0.875493
1L2Z-B-A	Positive	0.141152	0.858848
1MCH-P-A	Positive	0.138275	0.861725
1U76-B-A	Positive	0.269256	0.730744
1U76-D-C	Positive	0.456288	0.543712
1H9I-I-E	Positive	0.206245	0.793755
1XN3-I-B	Positive	0.193224	0.806776
1NVP-C-A	Positive	0.130214	0.869786
1NVP-B-D	Positive	0.23939	0.76061
1RY1-S-B	Negative	0.732598	0.267402
1K7L-B-A	Positive	0.0445416	0.955458
1IHS-I-H	Positive	0.229356	0.770644
1M05-E-A	Positive	0.0489934	0.951007
1N0X-P-L	Positive	0.310825	0.689175
1N0X-R-L	Negative	0.53203	0.46797
1KZO-C-A	Positive	0.41214	0.58786
1MKX-L-H	Positive	0.499626	0.500374
1GXC-B-A	Positive	0.0595728	0.940427
1GAG-B-A	Positive	0.150275	0.849725
1BW8-P-A	Positive	0.0148996	0.9851
1S5L-F-A	Positive	0.41074	0.58926
1S5L-I-A	Positive	0.480089	0.519911
1S5L-J-A	Positive	0.0637537	0.936246
1S5L-L-A	Negative	0.512605	0.487395
1S5L-M-A	Positive	0.152357	0.847643
1S5L-T-A	Positive	0.0887417	0.911258
1S5L-K-C	Positive	0.447687	0.552313
1S5L-f-a	Positive	0.41074	0.58926
1ZAW-U-A	Positive	0.0820759	0.917924
1ZAW-X-A	Positive	0.0557065	0.944293
1ZAW-Z-A	Positive	0.0564746	0.943525
1S9W-C-A	Positive	0.361202	0.638798
1ZOQ-C-A	Negative	0.606258	0.393742
1UVT-L-H	Negative	0.749426	0.250574
1AZE-B-A	Negative	0.696346	0.303654
1HHG-C-A	Positive	0.19232	0.80768
1PEK-C-E	Positive	0.493018	0.506982
1Q4K-E-B	Positive	0.178558	0.821442
1IZL-K-C	Negative	0.850518	0.149482
1IZL-E-D	Positive	0.13788	0.86212
1IZL-P-N	Positive	0.246897	0.753103
1IZL-Q-N	Positive	0.224149	0.775851
1SRN-B-A	Positive	0.148958	0.851042
1CO7-I-E	Positive	0.286298	0.713702
1WBP-B-A	Negative	0.598062	0.401938
1JH4-B-A	Negative	0.653384	0.346616
1QJA-R-A	Positive	0.0872894	0.912711
1MW4-B-A	Positive	0.176542	0.823458
1D8D-P-A	Positive	0.175165	0.824835
1TWB-C-A	Positive	0.185519	0.814481
1CFS-C-A	Positive	0.0573637	0.942636
1HLT-R-H	Positive	0.180804	0.819196
1OL2-E-B	Positive	0.0893694	0.910631
1GVK-A-B	Positive	0.149941	0.850059
1KJY-B-A	Positive	0.323555	0.676445
1KJY-D-C	Positive	0.282839	0.717161
1CU4-P-L	Positive	0.243549	0.756451
1JOT-B-A	Positive	0.177511	0.822489
1BMN-I-H	Positive	0.183085	0.816915
1SDZ-B-A	Positive	0.322693	0.677307
1FPT-P-L	Positive	0.0539583	0.946042
1STS-M-B	Negative	0.586258	0.413742
1STS-P-D	Negative	0.778455	0.221545
1YJM-E-A	Positive	0.34062	0.65938
1HH6-C-A	Positive	0.0566005	0.943399
1YFN-E-A	Positive	0.0540866	0.945913
1YFN-F-B	Positive	0.109297	0.890703
1TNU-M-A	Positive	0.098311	0.901689
1OZS-B-A	Positive	0.120825	0.879175
1LB5-B-A	Positive	0.303991	0.696009
1HXE-I-H	Positive	0.0956174	0.904383
1MZN-B-A	Positive	0.044758	0.955242
1J2J-B-A	Negative	0.702377	0.297623
1F8V-D-A	Positive	0.0641032	0.935897
1F8V-E-A	Positive	0.0800113	0.919989
1BT6-C-A	Positive	0.0444904	0.95551
1SHC-B-A	Positive	0.0394602	0.96054
1LK2-P-A	Positive	0.19706	0.80294
1KA6-B-A	Positive	0.146161	0.853839
1ZGL-C-A	Positive	0.49587	0.50413
1ZGL-F-D	Positive	0.49587	0.50413
1ZGL-I-R	Positive	0.248913	0.751087
1HQQ-E-A	Positive	0.211995	0.788005
1PPE-I-E	Positive	0.198878	0.801122
1T0F-C-A	Negative	0.778685	0.221315
1T0F-D-B	Negative	0.746933	0.253067
1TN8-C-A	Positive	0.183462	0.816538
1M27-B-A	Positive	0.396859	0.603141
1ZY8-K-A	Negative	0.599815	0.400185
1RFF-C-A	Positive	0.0738077	0.926192
1D5Z-D-A	Positive	0.150729	0.849271
1XYR-5-1	Positive	0.237619	0.762381
1XYR-6-1	Negative	0.738751	0.261249
1XYR-8-1	Positive	0.0961956	0.903804
1XYR-7-3	Positive	0.375705	0.624295
1PY1-G-C	Positive	0.02728	0.97272
1ZAV-U-A	Positive	0.150497	0.849503
1ZAV-X-A	Positive	0.237091	0.762909
1A1M-C-A	Positive	0.181849	0.818151
1U8H-C-A	Positive	0.0332275	0.966772
1KC4-B-A	Negative	0.558551	0.441449
1QWF-B-A	Positive	0.288091	0.711909
1QD6-A-C	Positive	0.403885	0.596115
1G7Q-P-A	Positive	0.229196	0.770804
1G1S-D-A	Positive	0.29148	0.70852
1G1S-C-B	Positive	0.29148	0.70852
1CF0-C-A	Negative	0.762054	0.237946
1DT7-X-A	Positive	0.050913	0.949087
1RSU-P-B	Positive	0.313861	0.686139
1DVA-X-H	Positive	0.15368	0.84632
1OSZ-C-A	Positive	0.155045	0.844955
1KJH-P-A	Positive	0.0961635	0.903836
1FKN-C-A	Positive	0.071007	0.928993
1LOG-B-A	Positive	0.0934588	0.906541
1Z3M-S-E	Positive	0.189595	0.810405
1AVG-L-H	Negative	0.744387	0.255613
1FPR-B-A	Positive	0.040812	0.959188
1F3J-P-A	Positive	0.244813	0.755187
1EKB-A-B	Positive	0.0490708	0.950929
1EKB-C-B	Positive	0.163069	0.836931
1OPI-B-A	Positive	0.161932	0.838068
1SSE-A-B	Positive	0.294516	0.705484
1TJI-P-L	Positive	0.051804	0.948196
1A9E-C-A	Positive	0.346944	0.653056
1S4V-C-A	Positive	0.0112176	0.988782
1EJL-A-I	Positive	0.0723104	0.92769
1TCE-B-A	Positive	0.171287	0.828713
1LK6-C-I	Positive	0.0323858	0.967614
1LK6-D-I	Positive	0.160232	0.839768
1U00-P-A	Positive	0.17856	0.82144
1QLF-C-A	Negative	0.584867	0.415133
1K2D-P-A	Positive	0.236495	0.763505
1R9N-E-A	Positive	0.0635719	0.936428
1R9N-F-B	Negative	0.81036	0.18964
1R9N-H-D	Negative	0.766235	0.233765
1T20-C-A	Positive	0.0996535	0.900346
1NZL-C-B	Positive	0.15299	0.84701
1SR5-B-C	Negative	0.889035	0.110965
1AR8-0-4	Positive	0.0637283	0.936272
1HLE-B-A	Positive	0.102146	0.897854
1FM9-E-D	Positive	0.164729	0.835271
1T2W-D-A	Positive	0.313362	0.686638
1MHC-C-A	Negative	0.784275	0.215725
1XLS-I-A	Negative	0.518242	0.481758
1XLS-M-E	Negative	0.639811	0.360189
1ZKK-E-A	Positive	0.0157855	0.984215
1ZKK-G-A	Positive	0.0410564	0.958944
1JLU-S-E	Positive	0.0280376	0.971962
1G7P-P-A	Positive	0.485283	0.514717
1OQD-K-A	Negative	0.624567	0.375433
1OQD-N-E	Negative	0.744175	0.255825
1Z8G-L-A	Positive	0.0373919	0.962608
1KPR-P-A	Negative	0.818196	0.181804
1YRN-A-B	Positive	0.443831	0.556169
1GWQ-C-A	Positive	0.102851	0.897149
1B6J-C-A	Positive	0.016253	0.983747
1AWI-P-A	Negative	0.768858	0.231142
1VYT-E-A	Positive	0.0474289	0.952571
1VYT-F-B	Positive	0.149699	0.850301
1SB1-I-H	Positive	0.238677	0.761323
1VDN-B-A	Positive	0.067243	0.932757
1PIC-B-A	Negative	0.540474	0.459526
1JPL-E-A	Positive	0.152079	0.847921
1JPL-H-C	Positive	0.147731	0.852269
1KHQ-I-A	Positive	0.189666	0.810334
1YMT-B-A	Positive	0.205925	0.794075
1JY3-N-O	Negative	0.908926	0.0910738
1JY3-P-O	Negative	0.760957	0.239043
1FPN-4-1	Negative	0.623463	0.376537
1YTV-M-A	Negative	0.534409	0.465591
1YTV-N-B	Positive	0.498047	0.501953
1DZI-B-A	Positive	0.200944	0.799056
1YCP-L-H	Negative	0.709932	0.290068
1YCP-F-H	Negative	0.578433	0.421567
1DWB-I-H	Positive	0.236913	0.763087
1AGB-C-A	Positive	0.0771446	0.922855
1LEM-B-A	Positive	0.296087	0.703913
1GWR-C-A	Positive	0.0693284	0.930672
1G1H-B-A	Positive	0.156061	0.843939
1N7F-C-A	Positive	0.42872	0.57128
1QLE-D-A	Positive	0.172071	0.827929
1UTC-P-A	Positive	0.293271	0.706729
1ZZD-B-A	Positive	0.0835555	0.916445
1L7Z-B-A	Positive	0.190559	0.809441
1TVB-C-A	Positive	0.116134	0.883866
1F1W-B-A	Negative	0.50775	0.49225
1O6L-C-A	Positive	0.119876	0.880124
1GCT-D-B	Positive	0.0581513	0.941849
1CJF-C-A	Negative	0.780063	0.219937
1JD2-8-H	Positive	0.164149	0.835851
1EE4-C-A	Positive	0.0184869	0.981513
1EE4-D-A	Positive	0.00895154	0.991048
1EE4-F-B	Positive	0.0116132	0.988387
1BJR-I-E	Positive	0.062018	0.937982
1R17-C-A	Positive	0.329677	0.670323
1ZT7-P-A	Positive	0.154733	0.845267
1XR8-C-A	Positive	0.0574124	0.942588
1Q5W-A-B	Positive	0.392305	0.607695
1OLN-B-A	Positive	0.0695603	0.93044
1DM4-A-B	Positive	0.493297	0.506703
1DM4-C-B	Positive	0.0238736	0.976126
1RBE-S-A	Positive	0.131968	0.868032
1TME-4-1	Positive	0.109907	0.890093
1T29-B-A	Negative	0.656662	0.343338
1JUF-C-A	Positive	0.0542849	0.945715
1P8J-J-A	Positive	0.017174	0.982826
1B32-B-A	Positive	0.0614975	0.938502
1TMB-L-H	Negative	0.555252	0.444748
1LES-B-A	Positive	0.431559	0.568441
1JWG-C-A	Positive	0.147364	0.852636
1JWG-D-B	Positive	0.290913	0.709087
1BMM-L-H	Positive	0.425933	0.574067
1IBC-C-A	Positive	0.0119824	0.988018
1HI6-C-A	Positive	0.115885	0.884115
1UMW-E-A	Positive	0.309248	0.690752
1DN2-E-A	Positive	0.079191	0.920809
1I7A-E-A	Positive	0.0397755	0.960224
1YUC-C-A	Positive	0.134577	0.865423
1YUC-D-B	Positive	0.151273	0.848727
1T73-B-A	Positive	0.0356252	0.964375
1TZS-P-A	Positive	0.118906	0.881094
1TZS-X-A	Positive	0.0499294	0.950071
1A1N-C-A	Negative	0.516455	0.483545
1U8K-C-A	Positive	0.0274617	0.972538
1FYR-I-A	Positive	0.438537	0.561463
1G1F-B-A	Positive	0.450731	0.549269
1LQV-C-A	Positive	0.461087	0.538913
1PTT-B-A	Positive	0.045526	0.954474
1ONV-B-A	Positive	0.0619189	0.938081
1MK7-A-B	Positive	0.110442	0.889558
1MK7-C-B	Positive	0.260653	0.739347
1QR1-C-A	Positive	0.241499	0.758501
1JYI-P-A	Positive	0.0765737	0.923426
1IWQ-B-A	Positive	0.0578233	0.942177
1L4A-E-A	Positive	0.0371656	0.962834
1OXQ-F-E	Positive	0.371891	0.628109
1N6E-B-A	Positive	0.119368	0.880632
1R5I-C-A	Positive	0.0948109	0.905189
1FG2-C-A	Positive	0.328137	0.671863
1QGC-5-1	Positive	0.0437946	0.956205
1E4W-P-H	Positive	0.381336	0.618664
1T08-B-A	Positive	0.15251	0.84749
1T08-C-A	Positive	0.245863	0.754137
1MJE-B-A	Positive	0.19008	0.80992
1QMB-B-A	Negative	0.766446	0.233554
1M45-B-A	Positive	0.0902115	0.909788
1GFF-3-1	Positive	0.199616	0.800384
1YK0-E-A	Positive	0.179177	0.820823
1QBQ-P-A	Positive	0.0652453	0.934755
1RFI-C-A	Positive	0.0865221	0.913478
1RFI-E-B	Negative	0.539745	0.460255
1B3L-B-A	Positive	0.0261184	0.973882
1B07-C-A	Positive	0.232329	0.767671
1SUA-C-A	Positive	0.0146039	0.985396
1JXQ-E-A	Positive	0.0417236	0.958276
1O9F-P-A	Positive	0.035961	0.964039
1ZSD-C-A	Positive	0.218786	0.781214
1OU8-C-A	Positive	0.185898	0.814102
1OU8-D-B	Positive	0.289331	0.710669
1RKH-C-A	Positive	0.114929	0.885071
1RD3-C-D	Positive	0.384222	0.615778
1ER8-I-E	Positive	0.194958	0.805042
1STR-M-B	Negative	0.586258	0.413742
1MOX-C-A	Negative	0.692842	0.307158
1MOX-D-B	Negative	0.553788	0.446212
1OFS-B-A	Positive	0.47342	0.52658
1LOB-B-A	Positive	0.0517434	0.948257
1I7T-C-A	Positive	0.249111	0.750889
1H8E-I-G	Positive	0.302253	0.697747
1XMN-C-D	Positive	0.116552	0.883448
1UXW-C-A	Positive	0.00749756	0.992502
1KAP-I-P	Negative	0.527094	0.472906
1SVF-B-A	Positive	0.482064	0.517936
1SVF-D-C	Positive	0.185599	0.814401
1A30-C-A	Positive	0.045526	0.954474
1D00-I-A	Positive	0.427742	0.572258
1H3H-B-A	Positive	0.217973	0.782027
1T3L-B-A	Positive	0.0297718	0.970228
1HXL-C-A	Positive	0.211995	0.788005
1XV9-H-A	Positive	0.0358751	0.964125
1XV9-F-B	Positive	0.0237669	0.976233
1Q3P-C-A	Positive	0.127387	0.872613
1BQH-C-A	Positive	0.139668	0.860332
1S7S-C-A	Positive	0.123079	0.876921
1LGB-B-A	Positive	0.115403	0.884597
1AGD-C-A	Positive	0.0771446	0.922855
1QXA-B-A	Positive	0.100226	0.899774
1P8D-C-A	Positive	0.0130539	0.986946
1P8D-D-B	Positive	0.0356746	0.964325
1CA9-G-A	Negative	0.513105	0.486895
1CA9-H-B	Positive	0.343201	0.656799
1S5R-A-B	Positive	0.0910591	0.908941
1D7Q-B-A	Positive	0.191228	0.808772
1VF5-E-A	Negative	0.63648	0.36352
1VF5-G-A	Negative	0.586921	0.413079
1VF5-F-C	Positive	0.208286	0.791714
1VF5-H-C	Positive	0.452708	0.547292
1VF5-T-N	Negative	0.737235	0.262765
1VF5-S-O	Positive	0.182785	0.817215
1O6O-D-A	Positive	0.045169	0.954831
1O6O-E-C	Positive	0.0568064	0.943194
1G0Y-I-R	Positive	0.134738	0.865262
1JPG-C-A	Positive	0.230839	0.769161
1SJE-C-A	Positive	0.0577208	0.942279
1Y2A-P-C	Positive	0.0856924	0.914308
1HIN-P-L	Positive	0.103556	0.896444
1KMC-C-A	Positive	0.0684262	0.931574
1VZQ-I-H	Positive	0.171006	0.828994
1EJH-E-A	Positive	0.039461	0.960539
1EJH-F-B	Positive	0.100383	0.899617
1EJH-G-C	Positive	0.0479744	0.952026
1EJH-H-D	Positive	0.066602	0.933398
1KTS-A-B	Positive	0.402548	0.597452
1FFO-C-A	Negative	0.514349	0.485651
1A2X-B-A	Positive	0.181376	0.818624
1EPL-I-E	Positive	0.43413	0.56587
1FGL-B-A	Positive	0.22412	0.77588
1HCT-A-B	Positive	0.0233765	0.976623
1SKG-B-A	Positive	0.245991	0.754009
1OHH-H-A	Positive	0.181512	0.818488
1MFL-B-A	Positive	0.180268	0.819732
1PD1-B-A	Positive	0.0818258	0.918174
1MZW-B-A	Positive	0.381948	0.618052
1Z8J-A-B	Negative	0.833947	0.166053
1S9V-C-A	Positive	0.293454	0.706546
1H15-C-A	Positive	0.149163	0.850837
1DEV-B-A	Positive	0.0668205	0.93318
1DEV-D-C	Positive	0.0215789	0.978421
1CKB-B-A	Negative	0.548647	0.451353
1NRQ-L-H	Negative	0.586013	0.413987
1NRQ-R-H	Positive	0.313962	0.686038
1XKH-I-A	Positive	0.361189	0.638811
1QRN-C-A	Positive	0.284641	0.715359
1K3N-B-A	Positive	0.11045	0.88955
1YCR-B-A	Positive	0.215568	0.784432
1JU5-B-A	Positive	0.167072	0.832928
1T1W-C-A	Positive	0.20351	0.79649
1SM3-P-L	Positive	0.0759247	0.924075
1BSX-X-A	Positive	0.0392846	0.960715
1KIL-E-A	Positive	0.0413149	0.958685
1NKZ-F-C	Negative	0.71774	0.28226
1B4Z-B-A	Positive	0.110208	0.889792
1KC5-P-L	Positive	0.149396	0.850604
1NH0-I-A	Positive	0.204993	0.795007
1JM4-A-B	Positive	0.420084	0.579916
1MK2-B-A	Positive	0.037793	0.962207
1OW8-D-A	Positive	0.0593893	0.940611
1SQK-B-A	Positive	0.169467	0.830533
1JPP-C-A	Positive	0.0935647	0.906435
1JPP-D-B	Positive	0.167224	0.832776
1QLS-D-A	Positive	0.448929	0.551071
1ZDU-Q-A	Positive	0.0157682	0.984232
1YM4-X-A	Positive	0.0682933	0.931707
1JBU-X-H	Positive	0.0150102	0.98499
1G3J-B-A	Positive	0.068052	0.931948
1G3J-D-A	Positive	0.0485867	0.951413
1JOU-A-B	Positive	0.182268	0.817732
1JOU-C-B	Positive	0.123145	0.876855
1JOU-E-F	Positive	0.163831	0.836169
1P7V-B-A	Positive	0.0290103	0.97099
1TJ9-B-A	Positive	0.232379	0.767621
1Q2C-B-A	Positive	0.0236079	0.976392
1QSE-C-A	Positive	0.0906065	0.909394
1HES-P-A	Positive	0.166635	0.833365
1I73-B-A	Positive	0.107161	0.892839
1NS3-C-A	Positive	0.235597	0.764403
1KDX-B-A	Positive	0.0375176	0.962482
1PEG-P-A	Positive	0.0405635	0.959436
1PEG-Q-B	Positive	0.121777	0.878223
1SOZ-D-A	Positive	0.215229	0.784771
1OBX-B-A	Positive	0.050086	0.949914
1UPK-B-A	Positive	0.022145	0.977855
1W7V-E-A	Positive	0.107161	0.892839
1YYL-M-G	Positive	0.158674	0.841326
1G9I-I-E	Positive	0.0805071	0.919493
1OHF-E-A	Negative	0.815448	0.184552
1OHF-F-B	Negative	0.881103	0.118897
1QZ2-G-A	Positive	0.103494	0.896506
1A37-P-A	Negative	0.599741	0.400259
1H9O-B-A	Negative	0.540474	0.459526
1PCG-E-A	Positive	0.145018	0.854982
1CSY-B-A	Positive	0.065886	0.934114
1TNZ-M-A	Positive	0.157886	0.842114
1NEX-E-B	Positive	0.234803	0.765197
1NEX-F-D	Positive	0.407293	0.592707
1NLP-N-C	Positive	0.354086	0.645914
1NIW-B-A	Positive	0.080563	0.919437
1TL9-B-A	Positive	0.153192	0.846808
1GVX-I-A	Negative	0.840027	0.159973
1FT8-E-A	Negative	0.735879	0.264121
1H26-E-B	Positive	0.0292188	0.970781
1AB9-D-B	Positive	0.145417	0.854583
1ISQ-B-A	Positive	0.191496	0.808504
1F59-C-A	Positive	0.0729659	0.927034
1F59-D-B	Positive	0.0287476	0.971252
1NLO-N-C	Positive	0.354086	0.645914
1TET-P-L	Positive	0.246963	0.753037
1LTA-C-D	Positive	0.221483	0.778517
1ZGX-B-A	Positive	0.00979216	0.990208
1NLN-B-A	Positive	0.252201	0.747799
1NPQ-B-A	Positive	0.0617224	0.938278
1I8K-C-A	Positive	0.0482284	0.951772
1YYM-M-G	Positive	0.180378	0.819622
1YYM-S-P	Positive	0.180378	0.819622
1RBD-S-A	Positive	0.260951	0.739049
1YWT-C-A	Positive	0.0646549	0.935345
1YWT-D-B	Positive	0.263655	0.736345
1QKZ-P-H	Positive	0.12444	0.87556
1I5K-C-A	Positive	0.0845322	0.915468
1D4W-C-A	Positive	0.343119	0.656881
1HHH-C-A	Positive	0.183191	0.816809
1T3E-P-A	Positive	0.0334108	0.966589
1ILQ-C-A	Positive	0.238711	0.761289
1SE0-B-A	Positive	0.430395	0.569605
1ZUB-B-A	Positive	0.0448361	0.955164
1CSB-A-B	Negative	0.703639	0.296361
1CSB-D-E	Negative	0.703639	0.296361
1R1A-4-1	Positive	0.229938	0.770062
1ORH-B-A	Positive	0.0389204	0.96108
1NU2-B-A	Positive	0.078872	0.921128
1ICF-B-A	Positive	0.0492579	0.950742
1E0F-C-E	Negative	0.803754	0.196246
1TU3-F-A	Negative	0.631927	0.368073
1TU3-H-B	Negative	0.630839	0.369161
1TU3-I-C	Negative	0.5899	0.4101
1B5J-B-A	Positive	0.233086	0.766914
1G1G-B-A	Positive	0.124005	0.875995
1EZX-B-A	Positive	0.160167	0.839833
1CP3-C-A	Positive	0.0187637	0.981236
1FE6-C-A	Negative	0.647877	0.352123
1OKW-E-B	Positive	0.0893694	0.910631
1YWH-B-A	Positive	0.111023	0.888977
1N12-B-A	Positive	0.0640124	0.935988
1KO6-B-A	Positive	0.272487	0.727513
1FIW-L-A	Positive	0.183111	0.816889
1U8I-C-A	Positive	0.0348297	0.96517
1JEV-B-A	Positive	0.0075698	0.99243
1XH3-C-A	Positive	0.399524	0.600476
1TW6-D-B	Positive	0.0775911	0.922409
1OLA-B-A	Positive	0.283413	0.716587
1K8D-P-A	Positive	0.0802779	0.919722
1YP1-B-A	Positive	0.0701336	0.929866
1EBD-C-A	Positive	0.449874	0.550126
1LDP-P-H	Positive	0.00686928	0.993131
1LDP-Q-H	Positive	0.0947	0.9053
1QVO-C-A	Positive	0.119616	0.880384
1LDK-E-A	Negative	0.519	0.481
1W9E-R-A	Positive	0.211968	0.788032
1W9E-T-A	Positive	0.136579	0.863421
1M93-A-B	Positive	0.498432	0.501568
1M93-C-B	Positive	0.128537	0.871463
1NQL-B-A	Positive	0.118593	0.881407
1QSC-D-A	Positive	0.4333	0.5667
1EE5-B-A	Positive	0.470846	0.529154
1HOC-C-A	Positive	0.173245	0.826755
1ZAX-Z-A	Positive	0.0820759	0.917924
1Q90-R-A	Positive	0.133674	0.866326
1Q90-G-A	Positive	0.296668	0.703332
1Q90-L-A	Negative	0.680125	0.319875
1Q90-M-A	Positive	0.277686	0.722314
1Q90-N-A	Positive	0.0554898	0.94451
1HC9-C-A	Positive	0.0513833	0.948617
1HC9-D-B	Positive	0.0334875	0.966512
1OT5-C-A	Positive	0.00238713	0.997613
1QTX-B-A	Positive	0.0548336	0.945166
1GL0-I-E	Positive	0.100395	0.899605
1QX8-A-B	Positive	0.0865572	0.913443
1ZKF-C-A	Positive	0.268725	0.731275
1KU8-B-A	Positive	0.0178903	0.98211
1KU8-F-A	Positive	0.0705639	0.929436
1L4W-B-A	Positive	0.126693	0.873307
1PYU-A-B	Positive	0.035903	0.964097
1C4Y-3-2	Positive	0.192708	0.807292
1WLP-A-B	Negative	0.777201	0.222799
1A38-P-A	Positive	0.090118	0.909882
1UOO-B-A	Positive	0.233174	0.766826
1GUW-B-A	Positive	0.195495	0.804505
1E8N-I-A	Positive	0.147981	0.852019
1RDT-E-D	Positive	0.123749	0.876251
1MQS-B-A	Negative	0.649432	0.350568
1EJY-N-I	Positive	0.1282	0.8718
1B8Q-B-A	Positive	0.196629	0.803371
1EFR-Q-A	Positive	0.0549606	0.945039
1TG1-C-A	Positive	0.135702	0.864298
1T2V-F-A	Positive	0.0770439	0.922956
1T2V-J-A	Positive	0.199495	0.800505
1T2V-I-D	Positive	0.132763	0.867237
1SPS-D-A	Positive	0.16401	0.83599
1SPS-F-A	Positive	0.152364	0.847636
1SPS-E-B	Positive	0.158392	0.841608
1HIA-I-A	Negative	0.54342	0.45658
1HQW-B-A	Positive	0.240625	0.759375
1SB0-B-A	Positive	0.0495011	0.950499
1ICE-T-A	Positive	0.0538909	0.946109
1SJH-C-A	Positive	0.0401765	0.959823
1T1Y-C-A	Positive	0.0557015	0.944299
1G5J-B-A	Positive	0.0187657	0.981234
1GMC-B-F	Positive	0.0581513	0.941849
1WBY-C-A	Positive	0.0216589	0.978341
1JUQ-E-A	Positive	0.0484289	0.951571
1JUQ-F-B	Positive	0.138681	0.861319
1JUQ-H-D	Positive	0.104363	0.895637
1TK4-B-A	Positive	0.391696	0.608304
1EEO-B-A	Positive	0.0701706	0.929829
1S6C-B-A	Negative	0.837889	0.162111
1RGR-B-A	Positive	0.0651838	0.934816
1N51-B-A	Positive	0.054159	0.945841
1RTF-A-B	Positive	0.491193	0.508807
1BC5-T-A	Positive	0.0276937	0.972306
1JET-B-A	Positive	0.00515048	0.99485
1EYX-G-B	Positive	0.0306344	0.969366
1EYX-H-L	Positive	0.00824379	0.991756
1GJD-A-B	Positive	0.0409589	0.959041
1PPG-I-E	Positive	0.0621071	0.937893
1EEZ-C-A	Positive	0.30792	0.69208
1OY7-F-E	Positive	0.0377655	0.962235
1JB0-J-A	Negative	0.620914	0.379086
1JB0-K-A	Negative	0.562825	0.437175
1JB0-M-B	Positive	0.378866	0.621134
1JB0-X-B	Positive	0.0460962	0.953904
1B5I-B-A	Positive	0.342884	0.657116
1T76-B-A	Positive	0.0912518	0.908748
1E54-B-A	Positive	0.0273239	0.972676
1RBH-S-A	Positive	0.275968	0.724032
1M26-D-A	Positive	0.019329	0.980671
1SMR-B-A	Positive	0.104015	0.895985
1NX0-C-A	Positive	0.119988	0.880012
1NX0-E-A	Positive	0.0239813	0.976019
1WKW-B-A	Positive	0.142368	0.857632
1AQD-C-A	Positive	0.0752194	0.924781
1AQD-F-D	Positive	0.0775417	0.922458
1PSB-C-A	Positive	0.0681073	0.931893
1CVU-F-B	Positive	0.179003	0.820997
1UJ0-B-A	Negative	0.521901	0.478099
1N3N-I-A	Positive	0.0291719	0.970828
1WA7-B-A	Negative	0.849813	0.150187
1H59-B-A	Negative	0.741471	0.258529
1AYA-P-A	Positive	0.313788	0.686212
1AYA-Q-B	Positive	0.382323	0.617677
1TY4-C-A	Positive	0.0136774	0.986323
1TY4-D-B	Positive	0.0165435	0.983457
1L5G-C-A	Positive	0.0373469	0.962653
1APV-I-E	Positive	0.144678	0.855322
1M72-D-A	Positive	0.0156348	0.984365
1APT-I-E	Positive	0.144678	0.855322
1MQ1-C-A	Positive	0.119757	0.880243
1JEU-B-A	Positive	0.197112	0.802888
1Y19-A-B	Positive	0.0855618	0.914438
1QGR-B-A	Positive	0.0227213	0.977279
1SVH-B-A	Positive	0.0502224	0.949778
1DP5-B-A	Positive	0.0814699	0.91853
1U7B-B-A	Positive	0.0478888	0.952111
1R1R-D-A	Positive	0.0739567	0.926043
1R1R-P-A	Positive	0.0511559	0.948844
1GVU-I-A	Positive	0.222241	0.777759
1N86-G-C	Positive	0.105531	0.894469
1XR9-C-A	Positive	0.313115	0.686885
1MPA-P-L	Positive	0.137557	0.862443
1SMF-I-E	Positive	0.47023	0.52977
1B3F-B-A	Positive	0.0949805	0.90502
1CMX-D-A	Positive	0.119944	0.880056
1G5Q-M-A	Positive	0.00777822	0.992222
1KL5-E-A	Positive	0.399362	0.600638
1KL5-F-B	Positive	0.1051	0.8949
1QSN-B-A	Positive	0.390875	0.609125
1JRR-P-A	Positive	0.0179578	0.982042
1CI6-B-A	Positive	0.131504	0.868496
1F8A-C-B	Positive	0.370607	0.629393
1H2M-S-A	Negative	0.556304	0.443696
1PIP-B-A	Positive	0.0144221	0.985578
1WBZ-P-A	Positive	0.142138	0.857862
1D8T-C-A	Positive	0.121471	0.878529
1AGC-C-A	Positive	0.0771446	0.922855
1APU-I-E	Positive	0.144678	0.855322
1NPO-B-A	Positive	0.364402	0.635598
1B46-B-A	Positive	0.358143	0.641857
1V1T-T-A	Positive	0.0417261	0.958274
1OL5-B-A	Positive	0.238328	0.761672
1ZH7-C-A	Positive	0.233531	0.766469
1MA3-B-A	Positive	0.0548534	0.945147
1P16-C-A	Positive	0.152567	0.847433
1P16-D-A	Positive	0.188374	0.811626
1EES-B-A	Positive	0.249862	0.750138
1OKX-C-A	Positive	0.00669424	0.993306
1BHF-I-A	Positive	0.0371406	0.962859
1JW6-B-A	Positive	0.0569569	0.943043
1QSF-C-A	Positive	0.284641	0.715359
1OLC-B-A	Positive	0.00714996	0.99285
1HAZ-A-B	Positive	0.312732	0.687268
1KCS-P-L	Positive	0.0706529	0.929347
1C4U-3-2	Positive	0.184473	0.815527
1N2D-C-A	Negative	0.566337	0.433663
1YM0-B-A	Positive	0.0968524	0.903148
1J2X-B-A	Positive	0.0317317	0.968268
1WRZ-B-A	Positive	0.0805722	0.919428
1HTE-C-A	Positive	0.250052	0.749948
1RK8-C-A	Positive	0.189251	0.810749
1PFB-B-A	Positive	0.154869	0.845131
1PU9-B-A	Positive	0.260967	0.739033
1U8N-C-A	Positive	0.0366462	0.963354
1G6G-E-A	Positive	0.131561	0.868439
1G6G-F-B	Positive	0.0294807	0.970519
1KLQ-B-A	Positive	0.10701	0.89299
1HTR-P-B	Positive	0.343633	0.656367
1T7R-B-A	Positive	0.0628318	0.937168
1OXG-B-A	Positive	0.0873118	0.912688
1ZUK-C-A	Positive	0.260124	0.739876
1BEV-4-1	Positive	0.301185	0.698815
1MNF-O-A	Positive	0.0360922	0.963908
1KJM-P-A	Positive	0.22021	0.77979
1NLT-B-A	Positive	0.162209	0.837791
1B0R-C-A	Positive	0.45564	0.54436
1LQ8-B-A	Positive	0.0410207	0.958979
1LQ8-F-E	Positive	0.0655745	0.934426
1TOC-A-B	Negative	0.79988	0.20012
1HY2-E-A	Positive	0.284013	0.715987
1H8D-L-H	Positive	0.435501	0.564499
1JAC-B-A	Positive	0.060148	0.939852
1T0J-C-B	Positive	0.0263467	0.973653
1FAV-C-A	Positive	0.0686304	0.93137
1CWE-B-A	Positive	0.0794401	0.92056
1P7I-C-D	Positive	0.233682	0.766318
1XCQ-P-A	Positive	0.10121	0.89879
1XCQ-Q-C	Positive	0.164729	0.835271
1THS-I-H	Positive	0.183832	0.816168
1DLK-A-B	Negative	0.545083	0.454917
1DLK-E-B	Positive	0.107396	0.892604
1PJN-A-B	Positive	0.0503806	0.949619
1E79-I-G	Negative	0.652797	0.347203
1PD7-B-A	Positive	0.31213	0.68787
1PNB-A-B	Positive	0.0756876	0.924312
1QG1-I-E	Positive	0.0518642	0.948136
1NRR-R-H	Positive	0.104722	0.895278
1LVM-C-A	Positive	0.2173	0.7827
1LVM-E-A	Positive	0.113845	0.886155
1SVZ-C-A	Positive	0.338651	0.661349
1SSH-B-A	Positive	0.242465	0.757535
1LDT-L-T	Positive	0.124815	0.875185
1MTP-B-A	Positive	0.187373	0.812627
1ABO-C-A	Positive	0.300285	0.699715
1XN2-E-A	Positive	0.182701	0.817299
1P4U-B-A	Positive	0.048781	0.951219
1AQC-C-A	Positive	0.0784516	0.921548
1FBV-B-A	Positive	0.0835356	0.916464
1FU5-B-A	Positive	0.162614	0.837386
1NZV-C-B	Positive	0.209363	0.790637
1CWD-P-L	Positive	0.0399507	0.960049
1IRS-B-A	Positive	0.191468	0.808532
1YYP-B-A	Positive	0.153901	0.846099
1YP0-B-A	Positive	0.230195	0.769805
1RHI-4-1	Negative	0.506665	0.493335
1JCD-A-B	Positive	0.284501	0.715499
1HIM-P-H	Positive	0.103556	0.896444
1HIM-R-J	Positive	0.112576	0.887424
1SYS-C-A	Positive	0.0646614	0.935339
1NRL-C-A	Positive	0.0304871	0.969513
1PWW-C-A	Positive	0.022429	0.977571
1RLP-R-C	Positive	0.328457	0.671543
1J71-B-A	Positive	0.0718746	0.928125
1FLE-I-E	Positive	0.188315	0.811685
1IAK-P-A	Positive	0.333651	0.666349
1C8O-B-A	Positive	0.129399	0.870601
1CF4-B-A	Positive	0.188087	0.811913
1DXP-C-A	Positive	0.185471	0.814529
1TAB-I-E	Positive	0.256611	0.743389
1LVB-C-A	Positive	0.114593	0.885407
1YOW-B-A	Positive	0.0146686	0.985331
1IVO-C-A	Negative	0.560271	0.439729
1XB1-G-A	Positive	0.0962279	0.903772
1RST-P-B	Positive	0.308768	0.691232
1OC0-B-A	Positive	0.173771	0.826229
1Y98-B-A	Positive	0.182467	0.817533
1C9P-B-A	Negative	0.591707	0.408293
1BXL-B-A	Positive	0.08244	0.91756
1U91-C-A	Positive	0.0468856	0.953114
1YBK-C-A	Negative	0.676703	0.323297
1HSA-C-A	Positive	0.0153896	0.98461
1BHX-E-B	Positive	0.137109	0.862891
1CKA-B-A	Positive	0.405618	0.594382
1X7B-C-A	Positive	0.0570281	0.942972
1W70-C-A	Positive	0.340323	0.659677
1W70-D-A	Negative	0.538035	0.461965
1S8D-C-A	Positive	0.0268535	0.973146
1JPF-C-A	Positive	0.0374703	0.96253
1TII-C-D	Positive	0.23254	0.76746
1QX7-D-I	Positive	0.249674	0.750326
1KLU-C-A	Positive	0.0499801	0.95002
1XU2-R-A	Negative	0.636289	0.363711
1XU2-T-A	Negative	0.758131	0.241869
1XU2-S-B	Positive	0.388028	0.611972
1YTH-I-A	Negative	0.636554	0.363446
1FFP-C-A	Positive	0.278408	0.721592
1DPJ-B-A	Positive	0.0991726	0.900827
1GGI-P-L	Positive	0.128952	0.871048
1DDM-B-A	Positive	0.132833	0.867167
1BDV-A-B	Positive	0.163329	0.836671
1BDV-D-B	Negative	0.546586	0.453414
1A3R-P-L	Positive	0.369303	0.630697
1A1O-C-A	Negative	0.509867	0.490133
1U8O-C-A	Positive	0.0652955	0.934704
1RXM-B-A	Positive	0.0502451	0.949755
1WBX-C-A	Positive	0.0605989	0.939401
1QZ7-B-A	Positive	0.0447803	0.95522
1HQR-C-A	Positive	0.38034	0.61966
1EJ4-B-A	Positive	0.169451	0.830549
1F7A-P-A	Positive	0.0891711	0.910829
1UN0-C-A	Positive	0.0335637	0.966436
1SLG-M-B	Negative	0.860204	0.139796
1SLG-P-D	Negative	0.848892	0.151108
1D5E-A-B	Positive	0.244721	0.755279
1OKV-E-B	Positive	0.0402227	0.959777
1IR3-B-A	Positive	0.0655839	0.934416
1T7F-B-A	Positive	0.170636	0.829364
1U6H-B-A	Positive	0.0114816	0.988518
1EB1-A-H	Positive	0.240527	0.759473
1U38-B-A	Positive	0.253069	0.746931
1XJ7-B-A	Positive	0.0545742	0.945426
1YTI-I-A	Positive	0.0317144	0.968286
1FF1-B-A	Positive	0.354308	0.645692
1Q1T-A-C	Positive	0.0186392	0.981361
1Q1T-B-C	Positive	0.100324	0.899676
1FLL-X-A	Positive	0.322156	0.677844
1TJH-P-L	Positive	0.0541511	0.945849
1TBZ-L-H	Negative	0.855264	0.144736
1Y43-A-B	Positive	0.0425318	0.957468
1BGY-I-A	Positive	0.0745143	0.925486
1BGY-K-A	Positive	0.122307	0.877693
1ZVS-C-A	Positive	0.13921	0.86079
1OSG-G-A	Positive	0.0750111	0.924989
1R1L-D-I	Positive	0.160232	0.839768
1JDP-H-A	Positive	0.333635	0.666365
1RZX-B-A	Positive	0.0569748	0.943025
1HH9-C-A	Positive	0.115539	0.884461
1L0N-K-A	Negative	0.565808	0.434192
1AYB-P-A	Positive	0.105451	0.894549
1T4F-P-M	Positive	0.0340738	0.965926
1F58-P-L	Positive	0.114166	0.885834
1XGY-P-L	Positive	0.224731	0.775269
1NOP-C-A	Positive	0.132775	0.867225
1YOK-B-A	Positive	0.087128	0.912872
1KKQ-E-A	Positive	0.0654533	0.934547
1S9X-C-A	Positive	0.138787	0.861213
1EMU-B-A	Positive	0.113351	0.886649
1YDI-B-A	Positive	0.260444	0.739556
1RBG-S-A	Positive	0.255223	0.744777
1P22-C-A	Positive	0.0975329	0.902467
1S9Y-C-A	Positive	0.158273	0.841727
1YVH-B-A	Positive	0.180776	0.819224
1A7C-B-A	Positive	0.051766	0.948234
1XHM-B-A	Positive	0.306029	0.693971
1XHM-C-A	Positive	0.0313009	0.968699
1D01-G-C	Positive	0.307088	0.692912
1KJ2-P-H	Positive	0.121316	0.878684
1R8U-A-B	Positive	0.178357	0.821643
1TBQ-L-H	Positive	0.270294	0.729706
1JCR-C-A	Positive	0.143884	0.856116
1MVF-D-A	Positive	0.128543	0.871457
1RB8-J-F	Negative	0.883848	0.116152
1ELW-C-A	Positive	0.331252	0.668748
1EVH-B-A	Positive	0.222354	0.777646
1TT5-E-B	Positive	0.146579	0.853421
1TT5-F-B	Positive	0.380463	0.619537
1KTL-P-A	Negative	0.565091	0.434909
1LGH-B-A	Positive	0.107467	0.892533
1LGH-E-A	Positive	0.107467	0.892533
1GL1-I-A	Negative	0.698124	0.301876
1GL1-J-B	Positive	0.355014	0.644986
1FM6-V-U	Positive	0.106646	0.893354
1FM6-Y-X	Positive	0.017439	0.982561
1G37-B-A	Positive	0.15805	0.84195
1G65-3-K	Positive	0.117057	0.882943
1B40-B-A	Positive	0.00675758	0.993242
1NRS-R-H	Positive	0.425042	0.574958
1VYJ-B-A	Positive	0.0553722	0.944628
1JD5-B-A	Positive	0.182909	0.817091
1BY5-B-A	Positive	0.100226	0.899774
1O6P-D-A	Positive	0.111176	0.888824
1O6P-E-A	Positive	0.112557	0.887443
1XDK-C-A	Positive	0.0687951	0.931205
1XDK-D-B	Positive	0.164358	0.835642
1L6O-D-A	Positive	0.22631	0.77369
1JKY-B-A	Positive	0.279963	0.720037
1GYB-E-A	Positive	0.0389113	0.961089
1GYB-F-A	Positive	0.214724	0.785276
1GYB-G-C	Positive	0.0763601	0.92364
1JUI-P-A	Positive	0.0738283	0.926172
1PWV-C-A	Positive	0.262122	0.737878
1CDL-E-A	Positive	0.0482093	0.951791
1CDL-G-C	Positive	0.389909	0.610091
1CDL-H-C	Positive	0.0548336	0.945166
1IFH-P-L	Positive	0.053684	0.946316
1EBP-C-A	Negative	0.720626	0.279374
1LEZ-B-A	Positive	0.0622719	0.937728
1W9Q-S-B	Positive	0.0479564	0.952044
1VPP-X-V	Positive	0.0460678	0.953932
1VPP-Y-V	Positive	0.146937	0.853063
1ZUZ-B-A	Positive	0.0529742	0.947026
1P9U-G-A	Positive	0.0920218	0.907978
1BZ9-C-A	Positive	0.251035	0.748965
1BBZ-B-A	Positive	0.257361	0.742639
1EPT-A-B	Negative	0.801533	0.198467
1JHT-C-A	Positive	0.0770425	0.922958
1GUX-E-B	Positive	0.132199	0.867801
1ACY-P-L	Positive	0.248972	0.751028
1DD3-C-A	Positive	0.167211	0.832789
1GY3-E-A	Positive	0.162066	0.837934
1GHB-E-F	Positive	0.493585	0.506415
1GHB-P-F	Positive	0.0157153	0.984285
1EAK-P-A	Positive	0.0594806	0.940519
1OQP-B-A	Positive	0.0436887	0.956311
1HL3-B-A	Positive	0.264715	0.735285
1MT8-P-A	Positive	0.159175	0.840825
1RBI-S-A	Positive	0.279655	0.720345
1N6J-G-A	Positive	0.0817933	0.918207
1CE1-P-L	Positive	0.038732	0.961268
1BE9-B-A	Positive	0.20041	0.79959
1F47-A-B	Positive	0.114401	0.885599
1S7W-C-A	Positive	0.104652	0.895348
1XR0-A-B	Positive	0.473809	0.526191
1NRN-R-H	Negative	0.891067	0.108933
1N4M-C-A	Positive	0.0540902	0.94591
1N4M-E-B	Positive	0.0393644	0.960636
1JMO-L-H	Negative	0.801253	0.198747
1RMH-C-A	Positive	0.263616	0.736384
1LQB-D-B	Positive	0.140325	0.859675
1PAD-I-A	Positive	0.0123322	0.987668
1R1Q-C-A	Positive	0.0645406	0.935459
1YJ9-2-R	Positive	0.235067	0.764933
1VC3-A-B	Positive	0.132582	0.867418
1ZGY-B-A	Positive	0.0291013	0.970899
1X11-C-A	Positive	0.0863677	0.913632
1C9L-C-A	Positive	0.105404	0.894596
1X8S-B-A	Positive	0.0488512	0.951149
1SSA-B-A	Positive	0.133852	0.866148
1PZL-B-A	Positive	0.197325	0.802675
1BK6-C-A	Positive	0.0151985	0.984802
1BK6-D-A	Positive	0.00224173	0.997758
1OEX-B-A	Positive	0.107612	0.892388
1LKK-B-A	Positive	0.0371406	0.962859
1Q1S-A-C	Positive	0.0171835	0.982817
1Q1S-B-C	Positive	0.117543	0.882457
1CFN-C-A	Positive	0.204177	0.795823
1HXZ-C-A	Positive	0.240611	0.759389
1AGE-C-A	Positive	0.0771446	0.922855
1DML-B-A	Positive	0.105271	0.894729
1P4B-P-L	Positive	0.123008	0.876992
1Q1A-B-A	Positive	0.04449	0.95551
1SEM-C-A	Positive	0.167962	0.832038
1R1S-B-A	Positive	0.178765	0.821235
1OQE-K-A	Positive	0.0790813	0.920919
1OQE-N-E	Positive	0.0284727	0.971527
1E4X-P-H	Positive	0.309647	0.690353
1NES-I-E	Positive	0.0366861	0.963314
1N4Q-M-A	Positive	0.157886	0.842114
1B51-B-A	Positive	0.201951	0.798049
1LTX-P-A	Positive	0.00713291	0.992867
1E91-B-A	Positive	0.0231074	0.976893
1N4R-M-A	Positive	0.192792	0.807208
1LD9-C-A	Positive	0.410009	0.589991
1XIU-E-A	Positive	0.0791008	0.920899
1XIU-F-B	Positive	0.0642537	0.935746
1KYD-P-A	Positive	0.00944818	0.990552
1ZL1-C-A	Positive	0.0256203	0.97438
1OM2-B-A	Positive	0.184807	0.815193
1L0A-B-A	Positive	0.141954	0.858046
1U8T-E-A	Positive	0.0340813	0.965919
1YTG-I-A	Positive	0.0436225	0.956377
1QKB-B-A	Positive	0.0110581	0.988942
1N7T-B-A	Positive	0.048896	0.951104
1M5N-Q-S	Positive	0.432886	0.567114
1PYO-E-A	Positive	0.104145	0.895855
1SDX-E-A	Positive	0.0207718	0.979228
1JQ9-P-A	Positive	0.0176312	0.982369
1J19-B-A	Positive	0.0341473	0.965853
1SHB-B-A	Positive	0.0527777	0.947222
1UHB-P-A	Positive	0.0584854	0.941515
1OX1-B-A	Positive	0.178272	0.821728
1BX2-F-D	Positive	0.146805	0.853195
1D5S-B-A	Negative	0.768126	0.231874
1X2R-B-A	Positive	0.0652146	0.934785
1YRK-B-A	Positive	0.315058	0.684942
1TZE-I-E	Positive	0.284824	0.715176
1S2K-B-A	Positive	0.0121104	0.98789
1HPG-B-A	Positive	0.0731072	0.926893
1RGQ-C-A	Positive	0.202466	0.797534
1RGQ-D-A	Positive	0.161032	0.838968
1HEF-I-E	Positive	0.00552831	0.994472
1DKD-E-A	Positive	0.0674005	0.932599
1U95-C-A	Positive	0.0317313	0.968269
1DIT-P-H	Positive	0.227532	0.772468
1B9J-B-A	Positive	0.0110581	0.988942
1PUA-B-A	Positive	0.200953	0.799047
1H27-E-B	Positive	0.215891	0.784109
1ZW3-B-A	Negative	0.658225	0.341775
1KCR-P-L	Positive	0.139198	0.860802
1U8J-C-A	Positive	0.0237376	0.976262
1FYN-B-A	Positive	0.239483	0.760517
1ELR-B-A	Positive	0.103494	0.896506
1UCY-F-H	Positive	0.100773	0.899227
1UCY-G-E	Positive	0.0442188	0.955781
1OX9-I-A	Positive	0.126893	0.873107
1PJ8-I-A	Positive	0.245247	0.754753
1LCK-B-A	Positive	0.225281	0.774719
1KY7-P-A	Positive	0.239519	0.760481
1JOJ-P-A	Positive	0.0569569	0.943043
1TQE-X-P	Positive	0.0995286	0.900471
1W5C-F-A	Positive	0.136118	0.863882
1W5C-L-G	Positive	0.136118	0.863882
1VF6-D-A	Negative	0.743832	0.256168
1SBW-I-A	Positive	0.343698	0.656302
1FEV-A-B	Positive	0.21813	0.78187
1UXS-C-A	Positive	0.00749756	0.992502
1QFN-B-A	Positive	0.0754609	0.924539
1VIT-I-H	Positive	0.2321	0.7679
1BOG-C-A	Positive	0.086868	0.913132
1TP5-B-A	Positive	0.0277916	0.972208
1CMI-C-A	Positive	0.20956	0.79044
1M0V-B-A	Positive	0.105589	0.894411
1PCX-B-A	Positive	0.109809	0.890191
1V9U-5-1	Negative	0.570413	0.429587
1JDH-B-A	Negative	0.528404	0.471596
1S4Z-C-A	Positive	0.213229	0.786771
1O9U-B-A	Positive	0.121522	0.878478
1R1P-E-A	Positive	0.0496949	0.950305
1TMF-4-1	Positive	0.080331	0.919669
1MEY-G-C	Positive	0.45356	0.54644
1KC2-B-A	Positive	0.258409	0.741591
1PPJ-I-A	Negative	0.681209	0.318791
1PPJ-J-D	Negative	0.501238	0.498762
1P3Q-Q-U	Positive	0.156034	0.843966
1P3Q-R-V	Negative	0.556237	0.443763
1LMW-A-B	Positive	0.428785	0.571215
1LMW-C-D	Positive	0.461827	0.538173
1LKL-B-A	Positive	0.218123	0.781877
1AVF-P-A	Negative	0.626399	0.373601
1AVF-Q-A	Negative	0.626399	0.373601
2H6F-P-A	Positive	0.152611	0.847389
2DO2-P-A	Positive	0.0343255	0.965675
2E74-G-A	Positive	0.266219	0.733781
2E74-H-A	Positive	0.122785	0.877215
2E74-F-B	Positive	0.165751	0.834249
2E74-E-C	Negative	0.63648	0.36352
2NXL-P-A	Positive	0.0426567	0.957343
2HN7-C-A	Positive	0.480999	0.519001
2AOH-C-A	Positive	0.15516	0.84484
2XFX-C-A	Positive	0.229111	0.770889
2LGK-B-A	Positive	0.126221	0.873779
2A25-B-A	Positive	0.368439	0.631561
2AWU-C-B	Positive	0.0306716	0.969328
2I0I-D-A	Positive	0.0195029	0.980497
2WPV-B-A	Positive	0.138085	0.861915
2WPV-F-E	Positive	0.138085	0.861915
2HRP-P-L	Positive	0.197782	0.802218
2F9J-P-A	Positive	0.022437	0.977563
2F9J-Q-B	Positive	0.0372282	0.962772
2V6Q-B-A	Positive	0.14716	0.85284
2M0K-B-A	Positive	0.101789	0.898211
2CIK-C-A	Positive	0.400414	0.599586
2R0L-B-A	Positive	0.0541965	0.945804
2P8M-C-A	Positive	0.0193553	0.980645
2F9U-B-A	Positive	0.220862	0.779138
2F9U-D-A	Positive	0.173985	0.826015
2Y9Q-B-A	Positive	0.0523617	0.947638
2AV7-F-D	Positive	0.3883	0.6117
2GPO-C-A	Positive	0.38369	0.61631
2ROR-B-A	Negative	0.681185	0.318815
2FCI-B-A	Positive	0.0652705	0.934729
2V88-D-A	Positive	0.0370988	0.962901
2PEM-R-A	Positive	0.0272801	0.97272
2RDD-B-A	Positive	0.288557	0.711443
2FES-L-H	Positive	0.182703	0.817297
2PHG-B-A	Positive	0.222265	0.777735
2EQ8-C-A	Positive	0.242779	0.757221
2N1G-B-A	Positive	0.131735	0.868265
2G54-C-A	Positive	0.393654	0.606346
2G54-D-B	Positive	0.264822	0.735178
2VGP-D-A	Negative	0.698919	0.301081
2VGP-C-B	Negative	0.808535	0.191465
2XN5-B-A	Negative	0.508936	0.491064
2HFP-B-A	Positive	0.146883	0.853117
2W2P-E-A	Negative	0.647379	0.352621
2NMV-B-A	Positive	0.0403816	0.959618
2HBQ-C-A	Positive	0.0373935	0.962607
2AST-D-B	Positive	0.444925	0.555075
2PVF-B-A	Positive	0.0642868	0.935713
2Q6F-D-A	Positive	0.0364106	0.963589
2CZY-B-A	Positive	0.112797	0.887203
2L1C-B-A	Positive	0.0380318	0.961968
2A06-I-A	Negative	0.669836	0.330164
2A06-J-D	Positive	0.322136	0.677864
2A06-V-N	Negative	0.669836	0.330164
2QFC-C-A	Positive	0.377068	0.622932
2PMC-E-A	Positive	0.0625545	0.937445
2OX0-C-A	Positive	0.0546626	0.945337
2FFU-P-A	Positive	0.0141856	0.985814
2Y5T-E-A	Positive	0.0704235	0.929577
2Y5T-F-A	Positive	0.0737017	0.926298
2Y5T-G-A	Positive	0.111005	0.888995
2EMS-B-A	Positive	0.0572764	0.942724
2CE8-X-A	Positive	0.375564	0.624436
2ODB-B-A	Positive	0.418003	0.581997
2R7G-B-A	Positive	0.112841	0.887159
2R7G-E-A	Positive	0.216073	0.783927
2PG1-I-A	Positive	0.14034	0.85966
2PG1-L-A	Negative	0.632725	0.367275
2PG1-J-C	Negative	0.632725	0.367275
2YU7-B-A	Positive	0.192041	0.807959
2M0U-B-A	Positive	0.140023	0.859977
2ODY-A-B	Negative	0.736081	0.263919
2ODY-C-B	Negative	0.566685	0.433315
2XRW-B-A	Positive	0.270721	0.729279
2HLO-G-C	Positive	0.482476	0.517524
2ID4-C-A	Positive	0.235317	0.764683
2XQQ-E-A	Positive	0.271919	0.728081
2K2U-B-A	Positive	0.232513	0.767487
2MC1-B-A	Positive	0.103743	0.896257
2IJO-A-B	Positive	0.0811986	0.918801
2JDI-I-G	Negative	0.538701	0.461299
2JMJ-P-A	Positive	0.0518821	0.948118
2FX8-P-L	Positive	0.0181642	0.981836
2NNU-B-A	Negative	0.921751	0.0782485
2H6K-D-B	Positive	0.159695	0.840305
2AXZ-E-A	Positive	0.193715	0.806285
2AXZ-I-B	Positive	0.345262	0.654738
2IPU-Q-L	Positive	0.0551715	0.944829
2A4J-B-A	Positive	0.0286199	0.97138
2W2Q-E-A	Positive	0.447656	0.552344
2LCS-B-A	Negative	0.760369	0.239631
2W65-E-A	Positive	0.230718	0.769282
2W65-F-A	Positive	0.049119	0.950881
2YNR-B-A	Positive	0.0384855	0.961514
2YNR-C-A	Positive	0.0287672	0.971233
2J5L-A-B	Negative	0.801793	0.198207
2XCB-C-A	Positive	0.129141	0.870859
2AGG-A-X	Positive	0.06508	0.93492
2WH0-Q-A	Positive	0.117724	0.882276
2WH0-R-C	Positive	0.207193	0.792807
2N8J-B-A	Positive	0.0784602	0.92154
2VDA-B-A	Positive	0.187309	0.812691
2GWW-B-A	Positive	0.0397497	0.96025
2BVP-C-A	Positive	0.474969	0.525031
2MA9-A-B	Positive	0.437179	0.562821
2N8R-B-A	Positive	0.357283	0.642717
2FO4-P-A	Positive	0.272574	0.727426
2ZDV-I-H	Positive	0.0815681	0.918432
2WSC-J-2	Negative	0.684632	0.315368
2WSC-I-B	Positive	0.299261	0.700739
2BEZ-F-C	Positive	0.0582641	0.941736
2RNW-B-A	Positive	0.33608	0.66392
2BNQ-C-A	Positive	0.347763	0.652237
2PEH-C-A	Positive	0.0444276	0.955572
2PEH-D-B	Positive	0.0419053	0.958095
2DKO-I-A	Positive	0.0156348	0.984365
2JOA-B-A	Positive	0.0160974	0.983903
2J37-S-W	Positive	0.311728	0.688272
2QN6-C-A	Positive	0.0573028	0.942697
2M3M-B-A	Positive	0.120559	0.879441
2QPY-B-A	Positive	0.316734	0.683266
2CNZ-B-A	Positive	0.208305	0.791695
2YJA-A-B	Positive	0.152483	0.847517
2XPO-B-A	Positive	0.101935	0.898065
2XPO-D-C	Positive	0.148094	0.851906
2OJX-E-A	Positive	0.125003	0.874997
2R3Y-D-A	Positive	0.0526714	0.947329
2OD2-B-A	Positive	0.0130502	0.98695
2X4W-B-A	Positive	0.19163	0.80837
2JET-A-B	Positive	0.0815369	0.918463
2G30-P-A	Positive	0.360769	0.639231
2G30-S-A	Positive	0.0400026	0.959997
2XBY-L-A	Negative	0.514551	0.485449
2IQ6-B-A	Positive	0.0691936	0.930806
2Y36-P-H	Positive	0.133457	0.866543
2PC4-H-D	Positive	0.0808032	0.919197
2HT9-X-A	Positive	0.168405	0.831595
2ZP9-C-A	Negative	0.52882	0.47118
2ZP9-E-A	Negative	0.532586	0.467414
2ZP9-H-F	Negative	0.550281	0.449719
2ZP9-J-F	Negative	0.590114	0.409886
2ZP9-O-K	Negative	0.590114	0.409886
2GHQ-C-A	Negative	0.575748	0.424252
2GHQ-D-B	Positive	0.44862	0.55138
2OY2-W-A	Positive	0.053286	0.946714
2WZR-4-1	Positive	0.0768988	0.923101
2O1N-P-A	Positive	0.0467583	0.953242
2ARQ-P-A	Positive	0.0167955	0.983204
2DEW-A-X	Positive	0.22624	0.77376
2PL9-D-A	Negative	0.692501	0.307499
2PL9-E-B	Positive	0.119935	0.880065
2FP7-A-B	Positive	0.0883659	0.911634
2FP7-C-B	Positive	0.156592	0.843408
2UUD-S-H	Positive	0.0216317	0.978368
2UUD-T-J	Positive	0.0343251	0.965675
2F8E-A-X	Positive	0.384853	0.615147
2D3G-P-A	Positive	0.0792235	0.920777
2M41-A-B	Positive	0.462578	0.537422
2OI3-B-A	Positive	0.273962	0.726038
2D7S-B-A	Positive	0.384853	0.615147
2E76-H-A	Positive	0.122785	0.877215
2HBH-B-A	Positive	0.0212427	0.978757
2YQ7-B-A	Positive	0.222564	0.777436
2MX6-B-A	Positive	0.00566977	0.99433
2JND-B-A	Positive	0.131554	0.868446
2LQC-B-A	Positive	0.0483102	0.95169
2QLF-E-A	Positive	0.0492554	0.950745
2QLF-G-A	Positive	0.0582033	0.941797
2ZOK-I-A	Positive	0.332562	0.667438
2ZOK-J-C	Positive	0.332562	0.667438
2Q8E-F-A	Positive	0.00860955	0.99139
2Q8E-G-B	Negative	0.594756	0.405244
2VOH-B-A	Positive	0.0183329	0.981667
2QQS-C-A	Positive	0.024631	0.975369
2QQS-D-A	Positive	0.021798	0.978202
2OS2-C-A	Positive	0.262058	0.737942
2BNZ-A-C	Positive	0.149099	0.850901
2BNZ-D-C	Positive	0.485159	0.514841
2FSE-E-A	Negative	0.707654	0.292346
2PUX-A-B	Negative	0.74909	0.25091
2PUX-C-B	Positive	0.1068	0.8932
2EU0-B-A	Positive	0.12365	0.87635
2ROC-B-A	Positive	0.036917	0.963083
2CNX-P-A	Positive	0.325405	0.674595
2FMF-B-A	Positive	0.053342	0.946658
2Q8Y-B-A	Positive	0.0246229	0.975377
2Z5H-A-B	Positive	0.0708406	0.929159
2Z5H-I-B	Negative	0.721097	0.278903
2KRD-I-C	Positive	0.0719293	0.928071
2FOM-A-B	Positive	0.195267	0.804733
2V52-M-B	Positive	0.0945264	0.905474
2W84-B-A	Positive	0.0988973	0.901103
2MWN-A-B	Positive	0.211209	0.788791
2C5K-P-T	Positive	0.0876597	0.91234
2MY3-B-A	Positive	0.285979	0.714021
2ORZ-B-A	Positive	0.268458	0.731542
2N3K-B-A	Positive	0.433543	0.566457
2A9H-E-A	Negative	0.850378	0.149622
2J6F-C-A	Negative	0.662211	0.337789
2B7Y-B-A	Positive	0.464752	0.535248
2QL9-E-A	Positive	0.0877116	0.912288
2PMZ-P-B	Negative	0.796225	0.203775
2BUO-T-A	Positive	0.361813	0.638187
2X4P-C-A	Positive	0.0988448	0.901155
2H2F-B-A	Positive	0.0524814	0.947519
2H43-I-B	Positive	0.264975	0.735025
2V53-B-A	Positive	0.11694	0.88306
2V53-D-A	Positive	0.11694	0.88306
2WUB-B-A	Positive	0.170543	0.829457
2WUB-D-C	Positive	0.130206	0.869794
2NDF-B-A	Positive	0.122644	0.877356
2WAX-B-A	Positive	0.105766	0.894234
2WAX-D-A	Positive	0.467845	0.532155
2K7W-B-A	Positive	0.0603151	0.939685
2IUI-C-A	Positive	0.154122	0.845878
2MBZ-B-A	Positive	0.0202841	0.979716
2PV3-C-A	Positive	0.0429351	0.957065
2XCF-C-A	Positive	0.237867	0.762133
2A0T-B-A	Positive	0.119279	0.880721
2LOX-B-A	Positive	0.170972	0.829028
2PR3-B-A	Negative	0.514551	0.485449
2XN6-B-A	Negative	0.508936	0.491064
2H65-E-A	Positive	0.0252658	0.974734
2DYR-Z-N	Negative	0.722331	0.277669
2WAY-B-A	Positive	0.491896	0.508104
2WAY-D-A	Negative	0.570167	0.429833
2CII-C-A	Positive	0.213739	0.786261
2V3X-B-A	Positive	0.463094	0.536906
2PW2-C-A	Positive	0.0185476	0.981452
2JQ9-B-A	Positive	0.0622079	0.937792
2N2H-A-B	Positive	0.0705756	0.929424
2QQP-B-A	Negative	0.570695	0.429305
2QQP-D-C	Negative	0.569814	0.430186
2QQP-H-E	Negative	0.630688	0.369312
2KS9-B-A	Positive	0.286428	0.713572
2BZK-A-B	Positive	0.27759	0.72241
2MWO-B-A	Positive	0.24058	0.75942
2LCT-B-A	Positive	0.126271	0.873729
2IFW-C-A	Positive	0.0279853	0.972015
2BST-C-A	Positive	0.107817	0.892183
2OOB-A-B	Negative	0.532381	0.467619
2KFF-B-A	Positive	0.0261906	0.973809
2OR9-P-L	Positive	0.153945	0.846055
2XXN-B-A	Positive	0.0971629	0.902837
2V17-A-H	Positive	0.0364437	0.963556
2D1X-P-A	Positive	0.394599	0.605401
2Y8O-B-A	Positive	0.227416	0.772584
2G3Q-A-B	Positive	0.122014	0.877986
2MJF-A-B	Negative	0.531125	0.468875
2NPI-C-A	Negative	0.619484	0.380516
2NPI-D-B	Positive	0.0872737	0.912726
2PQK-B-A	Positive	0.122475	0.877525
2KZU-B-A	Positive	0.173992	0.826008
2XJY-B-A	Positive	0.426414	0.573586
2CE9-X-A	Positive	0.141741	0.858259
2WH6-B-A	Positive	0.121551	0.878449
2RFI-P-A	Positive	0.131585	0.868415
2AN6-E-A	Positive	0.361709	0.638291
2A3I-B-A	Positive	0.0709617	0.929038
2Q3Z-X-A	Negative	0.605818	0.394182
2A0Q-A-B	Negative	0.842617	0.157383
2WA9-H-A	Positive	0.450831	0.549169
2WA9-N-B	Positive	0.153192	0.846808
2HFG-R-L	Negative	0.618275	0.381725
2YMB-F-C	Positive	0.0822791	0.917721
2IAH-I-A	Positive	0.361189	0.638811
2ZPK-P-L	Positive	0.0932924	0.906708
2X4T-C-A	Positive	0.173959	0.826041
2HJK-C-A	Positive	0.220199	0.779801
2J0U-T-A	Positive	0.0276455	0.972354
2M14-B-A	Positive	0.262649	0.737351
2XC0-L-A	Negative	0.514551	0.485449
2QQC-A-B	Negative	0.626645	0.373355
2QQC-C-B	Positive	0.192476	0.807524
2QQC-G-B	Negative	0.600066	0.399934
2QQC-I-H	Negative	0.600066	0.399934
2QQC-K-H	Negative	0.600066	0.399934
2XBO-4-1	Positive	0.494867	0.505133
2L3R-B-A	Positive	0.358741	0.641259
2X72-B-A	Positive	0.0651747	0.934825
2FGE-D-A	Positive	0.266973	0.733027
2YNP-P-A	Negative	0.57453	0.42547
2RKZ-M-A	Positive	0.125891	0.874109
2RKZ-N-A	Positive	0.181169	0.818831
2RKZ-O-A	Positive	0.211007	0.788993
2RQU-B-A	Negative	0.947502	0.0524978
2RL0-G-A	Positive	0.161133	0.838867
2RL0-C-A	Positive	0.120213	0.879787
2RL0-E-D	Positive	0.0853665	0.914634
2RL0-J-F	Positive	0.220543	0.779457
2ZSV-E-A	Positive	0.211629	0.788371
2A6K-P-L	Positive	0.259102	0.740898
2H4P-B-A	Positive	0.245113	0.754887
2R9Q-X-B	Positive	0.136857	0.863143
2R9Q-Y-B	Positive	0.0766114	0.923389
2Q5Y-B-A	Positive	0.21202	0.78798
2WW9-C-A	Positive	0.346685	0.653315
2WW9-O-A	Positive	0.496996	0.503004
2YF2-F-A	Negative	0.517918	0.482082
2YF2-D-B	Negative	0.554003	0.445997
2KBR-B-A	Positive	0.0697566	0.930243
2C5V-F-B	Positive	0.284077	0.715923
2V85-D-A	Positive	0.0338914	0.966109
2V85-E-A	Positive	0.0260356	0.973964
2V1D-C-A	Positive	0.290186	0.709814
2O9Q-C-A	Negative	0.718241	0.281759
2JTT-C-A	Positive	0.0593891	0.940611
2W78-C-B	Positive	0.100784	0.899216
2BWE-C-S	Negative	0.551582	0.448418
2BWE-L-S	Negative	0.537611	0.462389
2BWE-M-S	Positive	0.0651325	0.934868
2BWE-D-T	Negative	0.557443	0.442557
2BWE-K-T	Negative	0.537611	0.462389
2BWE-P-U	Positive	0.0641881	0.935812
2I60-M-G	Positive	0.158674	0.841326
2OPZ-E-A	Positive	0.351528	0.648472
2FKW-D-A	Negative	0.71774	0.28226
2R1D-W-H	Positive	0.0396149	0.960385
2H9E-L-H	Negative	0.514551	0.485449
2H9E-S-H	Positive	0.300535	0.699465
2DF6-C-A	Positive	0.173506	0.826494
2DF6-D-A	Positive	0.28506	0.71494
2B1N-B-A	Positive	0.0450969	0.954903
2MNU-B-A	Positive	0.020077	0.979923
2VDP-C-A	Positive	0.0329786	0.967021
2YPA-D-B	Positive	0.257279	0.742721
2QHO-B-A	Positive	0.19492	0.80508
2QHO-F-A	Positive	0.495231	0.504769
2QHO-D-C	Positive	0.0444927	0.955507
2QHO-H-G	Positive	0.19492	0.80508
2FYS-D-B	Positive	0.0563229	0.943677
2PGQ-A-B	Negative	0.50434	0.49566
2JKR-P-A	Positive	0.0557156	0.944284
2PKL-B-A	Positive	0.0424702	0.95753
2Z7F-I-E	Positive	0.106093	0.893907
2V7D-P-A	Positive	0.19936	0.80064
2PQR-C-A	Negative	0.851591	0.148409
2PQR-D-A	Negative	0.882475	0.117525
2V1S-H-A	Positive	0.205847	0.794153
2V1S-K-A	Positive	0.19096	0.80904
2V1S-J-B	Positive	0.261692	0.738308
2V1S-M-F	Positive	0.0592606	0.940739
2V1S-N-F	Positive	0.136187	0.863813
2N23-B-A	Positive	0.0392298	0.96077
2MKC-C-A	Positive	0.432621	0.567379
2IXP-F-A	Positive	0.0116215	0.988379
2OIN-D-A	Positive	0.0960108	0.903989
2V1R-Q-A	Positive	0.122412	0.877588
2V1R-R-A	Positive	0.185381	0.814619
2MY2-B-A	Negative	0.683407	0.316593
2FMI-B-A	Positive	0.0239196	0.97608
2QLL-B-A	Positive	0.0971308	0.902869
2K04-B-A	Negative	0.678306	0.321694
2HH0-P-L	Positive	0.137016	0.862984
2K1Q-B-A	Positive	0.0454919	0.954508
2BBN-B-A	Positive	0.0427592	0.957241
2OSL-P-L	Negative	0.859131	0.140869
2OSL-Q-B	Positive	0.422607	0.577393
2C2Z-C-A	Positive	0.20073	0.79927
2W2H-C-A	Negative	0.579494	0.420506
2KC8-B-A	Positive	0.0591914	0.940809
2KUP-B-A	Negative	0.650583	0.349417
2YNS-C-A	Positive	0.117803	0.882197
2YGV-E-A	Negative	0.638985	0.361015
2YGV-H-A	Positive	0.0175002	0.9825
2YGV-F-B	Positive	0.114632	0.885368
2YGV-G-B	Positive	0.0797176	0.920282
2J7X-B-A	Positive	0.128248	0.871752
2RPN-B-A	Negative	0.57814	0.42186
2YB8-A-B	Positive	0.0438715	0.956129
2ABZ-D-A	Positive	0.12857	0.87143
2CO2-B-A	Positive	0.0982451	0.901755
2W97-E-A	Positive	0.0599955	0.940005
2W97-F-B	Positive	0.0392024	0.960798
2M04-B-A	Positive	0.1364	0.8636
2D7C-C-A	Negative	0.528499	0.471501
2HQH-E-A	Positive	0.207478	0.792522
2JK9-B-A	Positive	0.0984598	0.90154
2UXN-E-A	Positive	0.137757	0.862243
2RMX-B-A	Positive	0.130863	0.869137
2Y8T-B-A	Positive	0.192971	0.807029
2Y8T-E-D	Positive	0.192971	0.807029
2DOH-C-X	Positive	0.388899	0.611101
2EJY-B-A	Positive	0.0379435	0.962057
2MV7-B-A	Positive	0.11067	0.88933
2OM2-B-A	Positive	0.177389	0.822611
2RR9-C-A	Positive	0.252726	0.747274
2V87-D-A	Positive	0.175665	0.824335
2V87-E-A	Positive	0.044491	0.955509
2Z34-C-A	Positive	0.455025	0.544975
2Z34-D-A	Positive	0.0547411	0.945259
2OVM-B-A	Positive	0.0165165	0.983483
2WHX-C-A	Positive	0.308382	0.691618
2RSY-B-A	Positive	0.303546	0.696454
2YKA-B-A	Positive	0.0299553	0.970045
2OVQ-C-B	Positive	0.462067	0.537933
2G5L-X-A	Positive	0.0225879	0.977412
2I3T-B-A	Positive	0.170545	0.829455
2I3T-D-C	Positive	0.249774	0.750226
2NPM-X-A	Positive	0.2005	0.7995
2P8X-S-T	Positive	0.0817637	0.918236
2B9J-C-A	Positive	0.133237	0.866763
2LSI-B-A	Negative	0.583376	0.416624
2PUY-E-B	Positive	0.240579	0.759421
2C1N-C-A	Positive	0.0320515	0.967948
2WP1-P-A	Positive	0.490538	0.509462
2WP1-Q-B	Positive	0.361833	0.638167
2HGT-J-H	Positive	0.178655	0.821345
2JBY-B-A	Positive	0.223965	0.776035
2N13-A-B	Positive	0.121839	0.878161
2YKT-B-A	Positive	0.0420663	0.957934
2ZO3-I-H	Positive	0.164557	0.835443
2WMB-I-B	Positive	0.0232308	0.976769
2MUR-A-B	Positive	0.499411	0.500589
2KXH-B-A	Positive	0.164143	0.835857
2FNX-P-A	Positive	0.0477813	0.952219
2Q5D-C-A	Positive	0.0466736	0.953326
2Q5D-D-B	Positive	0.0319303	0.96807
2L1W-B-A	Negative	0.622495	0.377505
2BTP-P-A	Positive	0.158877	0.841123
2Y1R-L-J	Positive	0.0671731	0.932827
2Q7J-B-A	Positive	0.1282	0.8718
2IUH-B-A	Positive	0.148774	0.851226
2C3I-A-B	Positive	0.0609782	0.939022
2ODD-B-A	Positive	0.0264227	0.973577
2FMK-B-A	Positive	0.119935	0.880065
2MRO-B-A	Positive	0.45099	0.54901
2RQW-B-A	Positive	0.0846001	0.9154
2WAQ-Q-A	Negative	0.534214	0.465786
2IV8-P-A	Positive	0.0347836	0.965216
2IV8-Q-A	Positive	0.125727	0.874273
2M5B-B-A	Positive	0.111433	0.888567
2H4F-D-A	Positive	0.101719	0.898281
2BRQ-C-A	Positive	0.171959	0.828041
2F31-B-A	Positive	0.0776561	0.922344
2NB1-B-A	Positive	0.132614	0.867386
2B9H-C-A	Positive	0.117968	0.882032
2BGN-W-A	Positive	0.174871	0.825129
2IHS-C-A	Positive	0.0270484	0.972952
2IHS-D-B	Positive	0.0557043	0.944296
2V2F-A-F	Positive	0.153882	0.846118
2QNA-B-A	Positive	0.0716981	0.928302
2OXZ-Y-A	Positive	0.289982	0.710018
2VPB-B-A	Negative	0.901581	0.0984191
2MBB-A-B	Positive	0.105635	0.894365
2V1T-C-A	Positive	0.119333	0.880667
2H9P-B-A	Positive	0.0949225	0.905078
2KXW-B-A	Positive	0.0790836	0.920916
2L35-B-A	Negative	0.795371	0.204629
2G83-C-A	Positive	0.0513059	0.948694
2ER9-I-E	Positive	0.146529	0.853471
2LSP-A-B	Positive	0.209361	0.790639
2E30-B-A	Negative	0.648578	0.351422
2D0N-B-A	Positive	0.324712	0.675288
2KYL-B-A	Positive	0.0670743	0.932926
2ARR-P-A	Positive	0.0221578	0.977842
2W6T-C-B	Positive	0.091281	0.908719
2ZPP-A-B	Positive	0.202106	0.797894
2KT5-B-A	Positive	0.233691	0.766309
2RHI-B-A	Positive	0.0234517	0.976548
2OTW-E-A	Positive	0.246002	0.753998
2CNN-C-A	Positive	0.069852	0.930148
2Q3C-B-A	Positive	0.0987815	0.901218
2WZQ-C-A	Positive	0.233576	0.766424
2WFY-E-B	Positive	0.0210454	0.978955
2WX0-C-A	Positive	0.111815	0.888185
2WX0-G-B	Positive	0.165717	0.834283
2CNY-B-A	Positive	0.208305	0.791695
2GNS-P-A	Positive	0.0152211	0.984779
2B7F-I-A	Positive	0.397222	0.602778
2B7F-J-C	Positive	0.317937	0.682063
2L1L-A-B	Positive	0.177509	0.822491
2OT8-C-A	Positive	0.122603	0.877397
2OT8-D-B	Positive	0.127157	0.872843
2KFT-B-A	Negative	0.918082	0.0819175
2M0O-B-A	Positive	0.38885	0.61115
2C23-P-A	Positive	0.0134084	0.986592
2ROD-B-A	Positive	0.476557	0.523443
2B2T-D-A	Positive	0.300024	0.699976
2W49-C-4	Negative	0.595177	0.404823
2ZJQ-4-J	Positive	0.0520792	0.947921
2QT5-X-A	Positive	0.0357364	0.964264
2PVC-D-B	Positive	0.352059	0.647941
2AFF-B-A	Negative	0.830037	0.169963
2R02-B-A	Positive	0.139434	0.860566
2HJL-C-A	Positive	0.282948	0.717052
2G47-C-A	Positive	0.0306013	0.969399
2AIJ-P-X	Positive	0.106238	0.893762
2R0Z-Q-L	Positive	0.0345463	0.965454
2W2U-C-A	Positive	0.239041	0.760959
2PCU-B-A	Positive	0.132925	0.867075
2CHA-A-B	Positive	0.4855	0.5145
2GPH-B-A	Positive	0.0798641	0.920136
2SEM-C-A	Positive	0.0903649	0.909635
2SEM-D-B	Negative	0.616983	0.383017
2FFD-J-B	Positive	0.182202	0.817798
2KFH-B-A	Positive	0.0270899	0.97291
2DQK-P-A	Positive	0.185911	0.814089
2V6X-B-A	Positive	0.236884	0.763116
2XOK-I-G	Negative	0.615712	0.384288
2DS2-A-B	Positive	0.144977	0.855023
2DS2-C-B	Positive	0.401336	0.598664
2FLU-P-X	Negative	0.673027	0.326973
2GUO-C-A	Positive	0.0186869	0.981313
2LNW-B-A	Positive	0.0722845	0.927716
2IV9-P-A	Positive	0.0148519	0.985148
2FYY-C-A	Positive	0.217778	0.782222
2L9B-B-A	Negative	0.676955	0.323045
2AXF-C-A	Positive	0.252731	0.747269
2Z4E-I-B	Positive	0.288658	0.711342
2Z4E-J-E	Positive	0.288658	0.711342
2YJD-C-A	Positive	0.341924	0.658076
2RNY-B-A	Positive	0.269748	0.730252
2ISQ-B-A	Positive	0.114507	0.885493
2CLR-C-A	Positive	0.416526	0.583474
2L8J-B-A	Positive	0.157438	0.842562
2HPL-B-A	Positive	0.0297745	0.970226
2P8Q-B-A	Positive	0.0482094	0.951791
2RR3-B-A	Negative	0.663312	0.336688
2X4R-C-A	Positive	0.129485	0.870515
2X4R-F-D	Positive	0.129485	0.870515
2VGO-C-B	Negative	0.713853	0.286147
2W0Z-B-A	Negative	0.736173	0.263827
2K3W-B-A	Positive	0.139827	0.860173
2J28-4-G	Positive	0.117879	0.882121
2JZ3-A-C	Negative	0.54108	0.45892
2K8F-B-A	Positive	0.416274	0.583726
2CLV-C-A	Positive	0.174551	0.825449
2CIO-B-A	Positive	0.0683186	0.931681
2DT7-A-B	Positive	0.202267	0.797733
2YBP-C-A	Positive	0.294256	0.705744
2WV4-C-A	Positive	0.353527	0.646473
2KOH-B-A	Positive	0.329903	0.670097
2GRL-E-A	Positive	0.453909	0.546091
2KJE-B-A	Positive	0.490218	0.509782
2YDR-P-A	Positive	0.0665694	0.933431
2HLD-R-P	Negative	0.601524	0.398476
2HLD-1-Y	Positive	0.128256	0.871744
2VU8-I-E	Positive	0.165296	0.834704
2Z8P-B-A	Positive	0.0212878	0.978712
2CO1-B-A	Positive	0.30441	0.69559
2BFX-C-B	Negative	0.823588	0.176412
2LXS-B-A	Positive	0.178965	0.821035
2HL3-C-A	Positive	0.382575	0.617425
2YQ6-B-A	Positive	0.182937	0.817063
2G49-C-A	Positive	0.324172	0.675828
2G49-D-B	Positive	0.0912368	0.908763
2X04-C-A	Positive	0.451175	0.548825
2Z23-B-A	Positive	0.123486	0.876514
2H9M-B-A	Positive	0.263201	0.736799
2H9M-D-A	Positive	0.166365	0.833635
2JF9-P-A	Positive	0.0234678	0.976532
2JF9-Q-B	Positive	0.0234678	0.976532
2MQS-B-A	Positive	0.178573	0.821427
2MQS-D-A	Positive	0.159217	0.840783
2QKH-B-A	Negative	0.542555	0.457445
2A7U-A-B	Positive	0.110627	0.889373
2FOT-C-A	Negative	0.76935	0.23065
2AXT-F-A	Negative	0.61952	0.38048
2AXT-I-A	Positive	0.383899	0.616101
2AXT-J-A	Positive	0.168188	0.831812
2AXT-L-A	Negative	0.512605	0.487395
2AXT-M-A	Positive	0.278839	0.721161
2AXT-T-A	Positive	0.273367	0.726633
2AXT-t-B	Positive	0.273367	0.726633
2BQZ-B-A	Positive	0.12047	0.87953
2RF9-C-A	Positive	0.263457	0.736543
2RF9-D-A	Positive	0.233661	0.766339
2W0P-C-A	Positive	0.16848	0.83152
2KNE-B-A	Positive	0.484755	0.515245
2MES-B-A	Negative	0.511528	0.488472
2XNY-M-B	Negative	0.513754	0.486246
2XNY-N-B	Negative	0.721028	0.278972
2A6I-P-A	Positive	0.383775	0.616225
2NCZ-B-A	Positive	0.097724	0.902276
2ACH-B-A	Positive	0.156089	0.843911
2BP5-P-M	Positive	0.0924402	0.90756
2QME-I-A	Positive	0.15132	0.84868
2MH0-A-B	Positive	0.276328	0.723672
2XTT-A-B	Positive	0.170321	0.829679
2O9V-B-A	Positive	0.12477	0.87523
2N55-B-A	Negative	0.545774	0.454226
2XN3-B-A	Negative	0.68709	0.31291
2FYM-B-A	Positive	0.203512	0.796488
2H5J-E-A	Positive	0.231594	0.768406
2VP7-B-A	Negative	0.905245	0.0947549
2BBU-B-A	Positive	0.0229915	0.977009
2X4O-C-A	Positive	0.294641	0.705359
2F3Z-B-A	Positive	0.174903	0.825097
2QYF-E-A	Positive	0.309584	0.690416
2VM6-B-A	Positive	0.102603	0.897397
2FWO-P-A	Positive	0.0743389	0.925661
2XNS-C-A	Negative	0.640281	0.359719
2Y0T-B-A	Negative	0.566735	0.433265
2A40-C-A	Positive	0.0813741	0.918626
2DRK-B-A	Negative	0.643274	0.356726
2KWU-A-B	Negative	0.592236	0.407764
2BNW-A-B	Negative	0.503369	0.496631
2WK3-C-A	Positive	0.0263617	0.973638
2GJ6-C-A	Negative	0.725239	0.274761
2OV2-I-A	Positive	0.3911	0.6089
2OV2-J-A	Positive	0.449476	0.550524
2OV2-N-F	Positive	0.449476	0.550524
2OV2-O-G	Positive	0.3911	0.6089
2OV2-P-E	Positive	0.353922	0.646078
2VXC-C-A	Positive	0.0276626	0.972337
2H7E-B-A	Positive	0.0412888	0.958711
2FUU-B-A	Positive	0.250486	0.749514
2G2L-C-A	Positive	0.0589721	0.941028
2Y06-P-H	Positive	0.43723	0.56277
2I3S-B-A	Positive	0.14646	0.85354
2MP2-C-A	Positive	0.0751808	0.924819
2VDQ-C-A	Positive	0.127497	0.872503
2GTW-C-A	Positive	0.0746452	0.925355
2XL3-C-A	Positive	0.0169869	0.983013
2XL3-E-B	Positive	0.0469627	0.953037
2XL3-F-B	Positive	0.0239697	0.97603
2EMT-C-A	Positive	0.332955	0.667045
2EMT-E-A	Positive	0.181425	0.818575
2EMT-D-B	Positive	0.23544	0.76456
2X6M-B-A	Positive	0.0990357	0.900964
2QLB-E-A	Positive	0.0721578	0.927842
2F3C-I-E	Negative	0.872346	0.127654
2XQN-A-T	Positive	0.445586	0.554414
2H1U-P-A	Positive	0.0762101	0.92379
2BBA-P-A	Positive	0.072511	0.927489
2JKT-P-A	Positive	0.039992	0.960008
2PW1-C-A	Positive	0.0567698	0.94323
2HCJ-A-B	Positive	0.018148	0.981852
2C5W-A-B	Positive	0.242896	0.757104
2VUU-I-A	Positive	0.209168	0.790832
2VUU-O-G	Positive	0.206597	0.793403
2V64-I-C	Positive	0.0519545	0.948046
2LY4-B-A	Negative	0.635817	0.364183
2WS9-4-1	Negative	0.542444	0.457556
2G1T-E-A	Positive	0.0879529	0.912047
2G1T-H-A	Positive	0.0498487	0.950151
2G1T-F-B	Positive	0.0194732	0.980527
2G1T-G-C	Positive	0.0726962	0.927304
2KXQ-B-A	Positive	0.090638	0.909362
2VR3-C-A	Positive	0.110818	0.889182
2VR3-D-A	Positive	0.0659308	0.934069
2F58-P-L	Positive	0.107938	0.892062
2XZQ-P-H	Positive	0.158048	0.841952
2MIP-E-A	Positive	0.34674	0.65326
2KWK-B-A	Negative	0.868001	0.131999
2HQW-B-A	Positive	0.061399	0.938601
2PXJ-I-A	Positive	0.0574079	0.942592
2PXJ-J-B	Positive	0.0269856	0.973014
2HDX-G-A	Positive	0.144489	0.855511
2HDX-H-B	Positive	0.152522	0.847478
2IPK-C-A	Positive	0.0739592	0.926041
2DYO-B-A	Positive	0.114206	0.885794
2LXM-B-A	Positive	0.0376321	0.962368
2A45-J-B	Negative	0.799197	0.200803
2A45-L-B	Negative	0.635105	0.364895
2A45-I-E	Positive	0.358351	0.641649
2AOF-C-A	Negative	0.562637	0.437363
2LE8-B-A	Positive	0.121247	0.878753
2FZ3-C-A	Positive	0.221735	0.778265
2VOF-B-A	Positive	0.0823253	0.917675
2VOF-D-A	Positive	0.0836697	0.91633
2PAV-V-A	Positive	0.0763248	0.923675
2KGB-I-C	Positive	0.0715456	0.928454
2HMH-B-A	Positive	0.0295483	0.970452
2PNX-D-A	Positive	0.255748	0.744252
2W3I-B-A	Negative	0.587917	0.412083
2K3U-B-A	Positive	0.0585625	0.941438
2A3Z-C-A	Positive	0.056549	0.943451
2DEY-A-X	Positive	0.0392723	0.960728
2PV9-C-B	Positive	0.145215	0.854785
2MG5-B-A	Positive	0.1674	0.8326
2XS1-B-A	Positive	0.214613	0.785387
2O01-J-A	Negative	0.684632	0.315368
2V5F-X-A	Positive	0.266216	0.733784
2Z4J-B-A	Positive	0.0381044	0.961896
2G46-C-A	Positive	0.103533	0.896467
2B05-K-E	Positive	0.33669	0.66331
2Q6J-C-A	Positive	0.0770827	0.922917
2K00-B-A	Positive	0.352279	0.647721
2NLA-B-A	Positive	0.047436	0.952564
2IVZ-E-A	Positive	0.196562	0.803438
2IVZ-F-B	Positive	0.0864152	0.913585
2RFD-C-A	Positive	0.448268	0.551732
2RFD-D-B	Negative	0.503518	0.496482
2FOO-B-A	Positive	0.278643	0.721357
2JF1-T-A	Positive	0.302793	0.697207
2AUH-B-A	Positive	0.0604597	0.93954
2P1N-C-B	Positive	0.0635919	0.936408
2WMA-E-B	Positive	0.0613491	0.938651
2PV2-E-A	Positive	0.0209892	0.979011
2EGN-B-A	Positive	0.0494608	0.950539
2VE6-C-A	Negative	0.610833	0.389167
2NMB-B-A	Positive	0.349136	0.650864
2FFF-A-B	Positive	0.106897	0.893103
2L0Y-B-A	Positive	0.079312	0.920688
2XUM-S-A	Positive	0.0794411	0.920559
2I04-C-A	Positive	0.0204942	0.979506
2I04-D-A	Positive	0.0107635	0.989236
2CNM-D-A	Positive	0.0399552	0.960045
2JQL-B-A	Positive	0.148419	0.851581
2C7N-E-C	Negative	0.567278	0.432722
2W85-B-A	Positive	0.0313614	0.968639
2W73-K-A	Positive	0.043207	0.956793
2AGH-C-B	Positive	0.106063	0.893937
2FF6-H-G	Positive	0.070161	0.929839
2NUD-C-A	Positive	0.050465	0.949535
2X4S-C-A	Positive	0.139268	0.860732
2AUC-D-A	Positive	0.0661054	0.933895
2YCH-B-A	Positive	0.400156	0.599844
2GZD-C-A	Positive	0.0835125	0.916487
2ND1-B-A	Positive	0.152594	0.847406
2GIT-C-A	Negative	0.725239	0.274761
2GIT-F-D	Negative	0.725239	0.274761
2Q6W-C-A	Positive	0.12896	0.87104
2Q6W-F-D	Positive	0.0565988	0.943401
2WA8-B-A	Positive	0.130584	0.869416
2WA8-D-C	Positive	0.136717	0.863283
2Y0N-E-A	Positive	0.338238	0.661762
2Y0N-F-A	Negative	0.789386	0.210614
2Y0N-G-A	Negative	0.775374	0.224626
2VKN-C-A	Positive	0.333676	0.666324
2B5T-A-B	Positive	0.123145	0.876855
2J9A-D-A	Positive	0.0642925	0.935708
2RT5-B-A	Positive	0.150564	0.849436
2FOP-B-A	Positive	0.288803	0.711197
2STB-I-E	Positive	0.198878	0.801122
2H6H-P-A	Positive	0.0255185	0.974482
2FKA-B-A	Positive	0.0435359	0.956464
2RUI-B-A	Positive	0.124607	0.875393
2OS6-B-A	Positive	0.0356454	0.964355
2YNO-P-A	Positive	0.00790868	0.992091
2MWY-B-A	Positive	0.0256022	0.974398
2KWF-B-A	Positive	0.0393136	0.960686
2PRG-C-A	Positive	0.0540942	0.945906
2ZVK-U-A	Negative	0.851883	0.148117
2ZVK-V-B	Positive	0.124185	0.875815
2ZVK-W-C	Positive	0.173917	0.826083
2RFE-F-B	Positive	0.279168	0.720832
2MRK-B-A	Positive	0.191759	0.808241
2WO6-C-B	Positive	0.151333	0.848667
2LGF-B-A	Positive	0.123159	0.876841
2PXY-P-A	Positive	0.269747	0.730253
2H4J-D-A	Positive	0.0956971	0.904303
2B0S-P-L	Positive	0.0376311	0.962369
2V7Q-J-A	Positive	0.217672	0.782328
2K03-B-A	Negative	0.62622	0.37378
2LGG-B-A	Positive	0.15598	0.84402
2WWZ-C-A	Positive	0.154675	0.845325
2N77-B-A	Negative	0.788034	0.211966
2H1C-B-A	Negative	0.582137	0.417863
2D26-B-A	Positive	0.0790752	0.920925
2OCV-A-B	Negative	0.737353	0.262647
2J4U-S-Q	Negative	0.700707	0.299293
2K2R-B-A	Positive	0.00741973	0.99258
2Q0N-B-A	Positive	0.0475235	0.952476
2OD8-B-A	Positive	0.188108	0.811892
2BVQ-C-A	Positive	0.158819	0.841181
2L5E-B-A	Positive	0.0572842	0.942716
2ZU0-D-B	Positive	0.485081	0.514919
2L2I-B-A	Positive	0.0341081	0.965892
2ZNL-B-A	Positive	0.191193	0.808807
2GPV-G-A	Positive	0.0119097	0.98809
2CV3-B-A	Positive	0.0728417	0.927158
2XAZ-D-A	Positive	0.109523	0.890477
2Z5S-R-N	Positive	0.177851	0.822149
2XC8-C-B	Positive	0.0939629	0.906037
2ROZ-A-B	Negative	0.633894	0.366106
2PQ4-B-A	Positive	0.112552	0.887448
2AIN-B-A	Positive	0.0647664	0.935234
2LI5-B-A	Positive	0.258837	0.741163
2Y4V-B-A	Positive	0.100518	0.899482
2O60-B-A	Negative	0.698434	0.301566
2Z3N-C-A	Positive	0.0862872	0.913713
2LOB-B-A	Positive	0.0980793	0.901921
2WHB-E-B	Positive	0.22828	0.77172
2GHT-C-A	Positive	0.430257	0.569743
2GHT-D-B	Positive	0.272615	0.727385
2X70-C-A	Positive	0.103704	0.896296
2J6O-C-A	Positive	0.442581	0.557419
2MFQ-B-A	Positive	0.172797	0.827203
2R28-C-A	Positive	0.0429733	0.957027
2R28-D-A	Positive	0.0335648	0.966435
2KBW-B-A	Positive	0.0676368	0.932363
2V3S-D-A	Positive	0.0128478	0.987152
2V3S-C-B	Positive	0.250335	0.749665
2BEV-C-A	Positive	0.0113303	0.98867
2ZGH-B-A	Positive	0.268924	0.731076
2WOK-B-A	Positive	0.0731293	0.926871
2I6O-B-A	Positive	0.171854	0.828146
2WWB-C-A	Positive	0.0636171	0.936383
2CMY-B-A	Negative	0.798845	0.201155
2ZT9-G-A	Negative	0.586403	0.413597
2ZT9-H-A	Positive	0.471913	0.528087
2ZT9-F-B	Positive	0.0973212	0.902679
2ZT9-E-C	Negative	0.661664	0.338336
2DYM-B-A	Positive	0.10716	0.89284
2VZI-A-B	Positive	0.186183	0.813817
2C5I-P-T	Positive	0.0791425	0.920858
2ZL4-O-A	Positive	0.00713291	0.992867
2CVY-B-A	Positive	0.302195	0.697805
2GDC-B-A	Positive	0.436971	0.563029
2Y8S-E-D	Positive	0.192971	0.807029
2P6A-E-B	Positive	0.00790868	0.992091
2OKR-C-A	Positive	0.177547	0.822453
2MNJ-A-B	Positive	0.411632	0.588368
2C2L-E-A	Positive	0.0590602	0.94094
2GPP-C-A	Positive	0.274402	0.725598
2GPP-D-B	Positive	0.22626	0.77374
2D11-E-A	Positive	0.105238	0.894762
2D11-G-C	Positive	0.127127	0.872873
2FOJ-B-A	Positive	0.0675656	0.932434
2AO6-B-A	Positive	0.0674014	0.932599
2PLD-B-A	Positive	0.026887	0.973113
2H5D-B-A	Positive	0.0621071	0.937893
2MAK-B-A	Positive	0.250919	0.749081
2MSR-A-B	Negative	0.526521	0.473479
2FMH-B-A	Positive	0.066485	0.933515
2ZQP-E-Y	Negative	0.823276	0.176724
2PW8-L-H	Negative	0.882461	0.117539
2KQS-B-A	Positive	0.109072	0.890928
2A41-C-A	Positive	0.127405	0.872595
2D10-E-A	Positive	0.111093	0.888907
2M8S-B-A	Positive	0.0586347	0.941365
2W6I-H-G	Negative	0.823109	0.176891
2W6I-I-G	Positive	0.039589	0.960411
2Z32-B-A	Positive	0.153212	0.846788
2BR8-F-A	Positive	0.495607	0.504393
2BR8-J-A	Positive	0.495607	0.504393
2Y1L-H-A	Positive	0.118484	0.881516
2ESV-P-A	Negative	0.783553	0.216447
2R1R-D-A	Positive	0.0346963	0.965304
2R1R-P-A	Positive	0.153951	0.846049
2LUE-B-A	Positive	0.0296398	0.97036
2XJZ-I-A	Positive	0.182906	0.817094
2XJZ-J-A	Positive	0.0427261	0.957274
2XJZ-K-B	Positive	0.193639	0.806361
2XJZ-M-E	Positive	0.240464	0.759536
2V8C-C-A	Negative	0.607213	0.392787
2JMX-B-A	Positive	0.0272755	0.972724
2LSK-B-A	Positive	0.0714032	0.928597
2DRM-E-A	Negative	0.793266	0.206734
2DRM-G-C	Negative	0.76725	0.23275
2P0W-P-A	Positive	0.0253911	0.974609
2P0W-Q-B	Positive	0.0487069	0.951293
2N9E-A-B	Positive	0.0924415	0.907558
2R9B-C-A	Positive	0.211492	0.788508
2KDU-B-A	Positive	0.104125	0.895875
2L4T-B-A	Positive	0.125834	0.874166
2DWX-P-A	Positive	0.103352	0.896648
2DWX-Q-C	Positive	0.189732	0.810268
2RNX-B-A	Positive	0.105393	0.894607
2EEO-A-B	Positive	0.115405	0.884595
2K9U-B-A	Negative	0.572738	0.427262
2IBF-B-A	Positive	0.043	0.957
2IBF-D-A	Positive	0.383538	0.616462
2XB2-G-A	Positive	0.143307	0.856693
2XB2-F-X	Positive	0.12442	0.87558
2XB2-U-X	Positive	0.165251	0.834749
2IGF-P-L	Positive	0.0580242	0.941976
2LVM-B-A	Positive	0.104425	0.895575
2PON-A-B	Positive	0.138161	0.861839
2X4X-B-A	Positive	0.347419	0.652581
2X4X-D-C	Positive	0.228204	0.771796
2X4X-F-E	Positive	0.129439	0.870561
2B0F-B-A	Positive	0.0435938	0.956406
2J9J-C-A	Negative	0.555715	0.444285
2MS4-B-A	Positive	0.210307	0.789693
2FNS-P-A	Positive	0.141905	0.858095
2H5K-C-A	Positive	0.188156	0.811844
2ROL-B-A	Positive	0.110023	0.889977
2JM6-A-B	Positive	0.172642	0.827358
2I5Y-M-G	Positive	0.158724	0.841276
2CIA-L-A	Positive	0.0172323	0.982768
2KQF-B-A	Positive	0.0796999	0.9203
2AIK-P-X	Positive	0.336857	0.663143
2P6B-E-A	Positive	0.21796	0.78204
2KXC-B-A	Positive	0.236219	0.763781
2Y0I-S-A	Positive	0.0252114	0.974789
2GKW-B-A	Positive	0.0756299	0.92437
2HD4-B-A	Positive	0.102496	0.897504
2G35-B-A	Positive	0.0996771	0.900323
2H4M-C-A	Positive	0.140344	0.859656
2H4M-D-B	Negative	0.865999	0.134001
2NXM-P-A	Positive	0.0263305	0.973669
2N9P-A-C	Negative	0.56711	0.43289
2QKI-G-A	Positive	0.0851509	0.914849
2QKI-H-D	Positive	0.0851509	0.914849
2QAS-B-A	Positive	0.215439	0.784561
2ZCK-S-P	Positive	0.211104	0.788896
2RSN-B-A	Positive	0.410026	0.589974
2VWF-B-A	Positive	0.423245	0.576755
2YDQ-T-A	Positive	0.119084	0.880916
2JLD-E-A	Positive	0.0101931	0.989807
2HU2-B-A	Positive	0.228753	0.771247
2O5G-B-A	Positive	0.462226	0.537774
2DEX-A-X	Negative	0.54395	0.45605
2RPQ-B-A	Positive	0.152253	0.847747
2HDN-A-B	Positive	0.018148	0.981852
2HKF-P-L	Positive	0.141059	0.858941
2VWL-L-A	Negative	0.651719	0.348281
2C74-P-A	Positive	0.245571	0.754429
2L1B-B-A	Positive	0.0191282	0.980872
2KA9-B-A	Positive	0.0894713	0.910529
2P8L-C-A	Positive	0.0258547	0.974145
2JNW-B-A	Positive	0.0899754	0.910025
2X7A-C-D	Negative	0.665266	0.334734
2X7A-K-I	Negative	0.745804	0.254196
2QXV-B-A	Positive	0.334075	0.665925
2IFR-B-A	Positive	0.0135585	0.986442
2BVO-C-A	Positive	0.240296	0.759704
2XPG-C-A	Positive	0.0876314	0.912369
2WB1-Q-A	Positive	0.225443	0.774557
2WB1-J-W	Positive	0.246435	0.753565
2ZPY-B-A	Positive	0.0497214	0.950279
2V2X-C-A	Positive	0.0766874	0.923313
2PV1-B-A	Positive	0.0207835	0.979216
2M55-B-A	Positive	0.385774	0.614226
2ZKS-C-A	Positive	0.216819	0.783181
2VWO-L-A	Negative	0.565061	0.434939
2G2I-C-A	Positive	0.0498487	0.950151
2G2I-D-B	Positive	0.0517288	0.948271
2PLX-B-A	Positive	0.139889	0.860111
2K05-B-A	Negative	0.612807	0.387193
2P8P-C-A	Positive	0.0566604	0.94334
2KRI-B-A	Negative	0.778553	0.221447
2YLE-B-A	Positive	0.0408668	0.959133
2KHS-B-A	Positive	0.159125	0.840875
2OQ1-B-A	Positive	0.0397901	0.96021
2YPT-F-A	Positive	0.209694	0.790306
2YPT-G-B	Positive	0.333916	0.666084
2YEZ-C-A	Positive	0.122477	0.877523
2BSS-C-A	Positive	0.0404877	0.959512
2LNK-C-A	Positive	0.1397	0.8603
2G56-C-A	Positive	0.382493	0.617507
2G56-D-B	Negative	0.801506	0.198494
2KJ4-B-A	Positive	0.284525	0.715475
2WUH-B-A	Positive	0.160823	0.839177
2WUH-C-A	Positive	0.160823	0.839177
2WUH-D-A	Positive	0.34608	0.65392
2K42-B-A	Positive	0.401501	0.598499
2WV5-E-A	Positive	0.154659	0.845341
2KSP-B-A	Negative	0.603314	0.396686
2XU7-D-A	Negative	0.537457	0.462543
2XU7-C-B	Positive	0.219927	0.780073
2ND0-B-A	Positive	0.0534261	0.946574
2BE6-D-A	Positive	0.216714	0.783286
2BE6-F-C	Positive	0.426164	0.573836
2AZM-C-A	Positive	0.255816	0.744184
2ZVM-U-A	Positive	0.052636	0.947364
2QIY-C-A	Positive	0.186988	0.813012
2PQ2-B-A	Positive	0.0313878	0.968612
2ATP-E-A	Positive	0.0393925	0.960607
2ATP-F-C	Positive	0.0155056	0.984494
2H1P-P-L	Positive	0.131053	0.868947
2V5W-I-A	Positive	0.0497925	0.950207
2Q8D-G-B	Positive	0.0193737	0.980626
2CNO-C-A	Positive	0.0165785	0.983421
2EIN-L-A	Positive	0.111861	0.888139
2BYP-F-A	Positive	0.0337472	0.966253
2MHO-B-A	Positive	0.0527988	0.947201
2N9X-B-A	Positive	0.0473051	0.952695
2QBW-B-A	Positive	0.0448829	0.955117
2HWL-A-B	Positive	0.38196	0.61804
2HWL-C-D	Negative	0.881284	0.118716
2HWL-P-D	Positive	0.115602	0.884398
2GSI-W-A	Positive	0.0967908	0.903209
2GSI-X-C	Positive	0.158722	0.841278
2GSI-Z-G	Positive	0.0899484	0.910052
2GL7-B-A	Negative	0.595366	0.404634
2GL7-C-A	Positive	0.0452948	0.954705
2GL7-E-D	Positive	0.380712	0.619288
2GL7-F-D	Positive	0.0599067	0.940093
2RKY-B-A	Positive	0.303785	0.696215
2RKY-D-A	Positive	0.320813	0.679187
2O98-Q-A	Positive	0.32192	0.67808
2AZE-C-A	Positive	0.166948	0.833052
2KTB-A-B	Negative	0.854723	0.145277
2VIF-P-A	Positive	0.0353998	0.9646
2NS8-H-A	Positive	0.0929121	0.907088
2NS8-E-A	Positive	0.280956	0.719044
2NS8-Z-A	Positive	0.0294098	0.97059
2RUK-A-B	Positive	0.187934	0.812066
2AP2-P-A	Positive	0.04546	0.95454
2AP2-Q-C	Positive	0.177787	0.822213
2VAY-B-A	Positive	0.138919	0.861081
2OT0-E-A	Positive	0.0357528	0.964247
2BGR-Y-A	Positive	0.339656	0.660344
2RFX-C-A	Negative	0.681391	0.318609
2Y69-Z-N	Negative	0.759552	0.240448
2UWJ-F-E	Positive	0.4294	0.5706
2B3G-B-A	Positive	0.0323507	0.967649
2YY0-A-B	Positive	0.0313205	0.968679
2YY0-C-B	Positive	0.0438968	0.956103
2FX9-P-L	Positive	0.0218015	0.978199
2VOI-B-A	Positive	0.090179	0.909821
2X7R-A-C	Positive	0.118966	0.881034
2X7R-B-C	Negative	0.657652	0.342348
2X7R-D-E	Positive	0.138283	0.861717
2KA6-B-A	Positive	0.344979	0.655021
2J0S-T-A	Positive	0.290613	0.709387
2CCI-F-A	Positive	0.264717	0.735283
2CCI-I-C	Positive	0.277049	0.722951
2LLQ-B-A	Negative	0.515951	0.484049
2B9I-C-A	Positive	0.215396	0.784604
2GGV-A-B	Positive	0.0677209	0.932279
2HV8-F-A	Positive	0.102846	0.897154
2K2I-B-A	Positive	0.217954	0.782046
2BE1-D-B	Positive	0.0369681	0.963032
2KVM-B-A	Positive	0.284107	0.715893
2VZD-C-A	Positive	0.0101433	0.989857
2VZD-D-B	Positive	0.0543036	0.945696
2ADV-B-A	Positive	0.0850389	0.914961
2BB4-P-A	Positive	0.133518	0.866482
2JQK-B-A	Positive	0.0252091	0.974791
2A83-C-A	Positive	0.0230942	0.976906
2LP8-B-A	Positive	0.0443029	0.955697
2FTS-P-A	Negative	0.747608	0.252392
2Q3Y-B-A	Positive	0.0697308	0.930269
2QHR-P-H	Positive	0.14943	0.85057
2VUS-M-E	Positive	0.110598	0.889402
2LL6-B-A	Positive	0.156889	0.843111
2LL7-B-A	Positive	0.0908698	0.90913
2AOJ-C-A	Positive	0.25061	0.74939
2WPM-L-S	Positive	0.123455	0.876545
2Y48-C-A	Positive	0.398051	0.601949
2QFA-C-A	Positive	0.187111	0.812889
2L14-B-A	Negative	0.544631	0.455369
2YBF-B-A	Positive	0.0342141	0.965786
2MKP-I-C	Positive	0.0617224	0.938278
2OVH-B-A	Positive	0.0173987	0.982601
2XAW-F-C	Positive	0.0966607	0.903339
2YJ1-B-A	Negative	0.545983	0.454017
2YJ1-D-C	Negative	0.545983	0.454017
2V8F-C-A	Negative	0.525992	0.474008
2L6E-B-A	Positive	0.116507	0.883493
2AQ9-X-A	Positive	0.058644	0.941356
2AK4-C-A	Positive	0.166464	0.833536
2MOW-B-A	Positive	0.189314	0.810686
2B1Z-C-A	Positive	0.0282083	0.971792
2KWN-B-A	Positive	0.0515187	0.948481
2H59-D-A	Positive	0.0330693	0.966931
2LR1-B-A	Positive	0.217698	0.782302
2JKG-P-A	Negative	0.762054	0.237946
2F91-B-A	Positive	0.085827	0.914173
2BOK-L-A	Negative	0.524157	0.475843
2KFG-B-A	Positive	0.0273034	0.972697
2ZVV-Y-A	Positive	0.0678309	0.932169
2ZVV-X-A	Positive	0.151423	0.848577
2B26-D-A	Positive	0.212654	0.787346
2RVB-A-B	Negative	0.571111	0.428889
2PHK-B-A	Positive	0.0589979	0.941002
2JAM-D-A	Positive	0.131259	0.868741
2JAM-E-B	Positive	0.202948	0.797052
2RKL-D-B	Positive	0.195699	0.804301
2RKL-E-C	Positive	0.463401	0.536599
2LXT-C-A	Positive	0.12462	0.87538
2JZI-B-A	Positive	0.377719	0.622281
2JGB-B-A	Positive	0.0946761	0.905324
2Y0Q-A-B	Positive	0.472346	0.527654
2Y0Q-C-B	Positive	0.0583294	0.941671
2XVC-B-A	Negative	0.581878	0.418122
2ILM-S-A	Positive	0.0530551	0.946945
2ASU-A-B	Positive	0.0583325	0.941668
2QTV-D-A	Negative	0.648578	0.351422
2MPM-B-A	Positive	0.222953	0.777047
2GS6-B-A	Positive	0.0917011	0.908299
2NPH-S-A	Positive	0.191425	0.808575
2NPH-T-A	Positive	0.112522	0.887478
2V5P-D-A	Positive	0.188524	0.811476
2MRE-B-A	Positive	0.324098	0.675902
2VSL-B-A	Positive	0.0452114	0.954789
2OBO-D-A	Positive	0.172588	0.827412
2KNH-B-A	Positive	0.0455038	0.954496
2JQI-B-A	Positive	0.137073	0.862927
2AKA-L-A	Positive	0.322284	0.677716
2XE4-B-A	Positive	0.0135582	0.986442
2LSR-B-A	Positive	0.228744	0.771256
2RR4-B-A	Positive	0.182518	0.817482
2Q9I-M-B	Negative	0.749151	0.250849
2OFQ-B-A	Positive	0.0179166	0.982083
2WBY-C-A	Positive	0.273851	0.726149
2WBY-D-A	Negative	0.598804	0.401196
2WBY-F-B	Negative	0.827967	0.172033
2DYH-B-A	Positive	0.0970458	0.902954
2BSR-C-A	Positive	0.0600814	0.939919
2PQW-B-A	Positive	0.131512	0.868488
2ZLF-B-A	Positive	0.106015	0.893985
2LP0-B-A	Positive	0.0493533	0.950647
2Z7X-C-A	Positive	0.326536	0.673464
2X1N-H-D	Positive	0.203423	0.796577
2KPL-B-A	Positive	0.157448	0.842552
2DSQ-I-B	Positive	0.116191	0.883809
2RJF-B-A	Positive	0.129466	0.870534
2CI9-L-A	Positive	0.0172323	0.982768
2CI9-M-B	Positive	0.110343	0.889657
2FHO-A-B	Positive	0.144032	0.855968
2PUQ-I-H	Positive	0.135374	0.864626
2BVR-I-H	Positive	0.0815681	0.918432
2HPC-M-B	Negative	0.777855	0.222145
2LSV-B-A	Positive	0.126105	0.873895
2F49-C-A	Positive	0.0752326	0.924767
2CK0-P-L	Positive	0.0748378	0.925162
2Z3F-I-A	Positive	0.149764	0.850236
2Z3F-Q-A	Positive	0.192106	0.807894
2Z3F-K-C	Positive	0.0539647	0.946035
2Z3F-L-D	Positive	0.189947	0.810053
2NL9-B-A	Positive	0.0510825	0.948918
2XYI-B-A	Positive	0.0758446	0.924155
2L7L-B-A	Positive	0.383022	0.616978
2JD5-C-A	Negative	0.551264	0.448736
2FX7-P-L	Positive	0.00755499	0.992445
2D5W-C-A	Positive	0.294969	0.705031
2D5W-D-B	Positive	0.221581	0.778419
2VCP-D-A	Positive	0.107085	0.892915
2JDL-C-A	Positive	0.0537211	0.946279
2JDL-D-B	Positive	0.0385657	0.961434
2K20-B-A	Positive	0.158557	0.841443
2MZP-I-C	Positive	0.0520726	0.947927
2GS0-B-A	Positive	0.399189	0.600811
2Z5N-B-A	Positive	0.0791458	0.920854
2HAL-I-A	Positive	0.0773325	0.922667
2HUG-B-A	Positive	0.153736	0.846264
2R05-B-A	Positive	0.16775	0.83225
2BCX-B-A	Positive	0.0449611	0.955039
2LEH-B-A	Positive	0.054167	0.945833
2MZD-B-A	Negative	0.698995	0.301005
2NM1-B-A	Positive	0.0361839	0.963816
2XPN-B-A	Positive	0.192498	0.807502
2I3H-C-A	Positive	0.152812	0.847188
2DOI-C-X	Positive	0.0466376	0.953362
2DOI-B-A	Positive	0.369446	0.630554
2P2T-C-A	Positive	0.383661	0.616339
2VDN-C-A	Positive	0.0131035	0.986896
2PQN-B-A	Positive	0.105604	0.894396
2D1K-C-A	Positive	0.131309	0.868691
2ZL9-C-A	Positive	0.0951375	0.904863
2H6M-I-A	Positive	0.0175549	0.982445
2C63-P-A	Negative	0.521304	0.478696
2Q6G-C-A	Positive	0.428639	0.571361
2Q6G-D-A	Positive	0.115379	0.884621
2L6Y-A-B	Negative	0.613878	0.386122
2P5B-I-A	Positive	0.450873	0.549127
2P5B-J-B	Negative	0.51005	0.48995
2O02-P-A	Positive	0.0332972	0.966703
2O02-Q-B	Positive	0.009723	0.990277
2P54-B-A	Positive	0.0458867	0.954113
2Y6S-P-C	Positive	0.153144	0.846856
2LXP-B-A	Positive	0.17137	0.82863
2VOG-B-A	Positive	0.0816572	0.918343
2XHS-B-A	Positive	0.100741	0.899259
2K6Q-B-A	Positive	0.251151	0.748849
2WP2-P-A	Positive	0.0919446	0.908055
2WP2-Q-B	Positive	0.0782164	0.921784
2PBD-V-A	Positive	0.041547	0.958453
2ZNE-C-A	Positive	0.107327	0.892673
2ZNE-D-B	Positive	0.22252	0.77748
2GT9-C-A	Positive	0.00978397	0.990216
2DVQ-P-A	Positive	0.0366328	0.963367
2DVQ-Q-A	Positive	0.0410943	0.958906
2Q8C-F-A	Positive	0.161774	0.838226
2Q8C-G-B	Positive	0.058224	0.941776
2SEB-E-A	Positive	0.0278376	0.972162
2XZE-Q-A	Positive	0.0404337	0.959566
2XZE-R-A	Positive	0.0777424	0.922258
2DVR-Q-A	Positive	0.0229701	0.97703
2KBS-B-A	Positive	0.179266	0.820734
2Y07-P-H	Positive	0.18533	0.81467
2B1J-C-A	Positive	0.114782	0.885218
2CCH-E-B	Positive	0.0280918	0.971908
2RQG-A-B	Negative	0.887322	0.112678
2VPD-B-A	Negative	0.78534	0.21466
2WHY-B-A	Positive	0.213924	0.786076
2C1T-C-A	Negative	0.678065	0.321935
2C1T-D-A	Negative	0.761314	0.238686
2PKU-B-A	Positive	0.0556947	0.944305
2IY3-C-A	Positive	0.106312	0.893688
2ACM-B-A	Positive	0.422065	0.577935
2OBQ-B-A	Positive	0.184764	0.815236
2OBQ-D-A	Positive	0.0953297	0.90467
2XPX-B-A	Positive	0.242105	0.757895
2LOZ-B-A	Positive	0.161982	0.838018
2L6Z-B-C	Positive	0.233704	0.766296
2X4N-C-A	Positive	0.156396	0.843604
2LNH-C-A	Negative	0.619692	0.380308
2Y65-Y-A	Positive	0.146953	0.853047
2Y65-W-B	Positive	0.123446	0.876554
2HSQ-B-A	Negative	0.649613	0.350387
2EQ7-C-A	Negative	0.77525	0.22475
2G2F-C-A	Positive	0.203019	0.796981
2P5E-C-A	Positive	0.361202	0.638798
2L27-B-A	Positive	0.0666908	0.933309
2KWV-A-B	Positive	0.458622	0.541378
2GV2-B-A	Positive	0.423163	0.576837
2EH8-P-L	Positive	0.182831	0.817169
2W9R-B-A	Positive	0.284597	0.715403
2G5B-I-A	Positive	0.251865	0.748135
2FNT-P-A	Positive	0.128824	0.871176
2M32-B-A	Positive	0.245891	0.754109
2MJV-A-B	Positive	0.0430315	0.956968
2VUM-M-A	Positive	0.0551594	0.944841
2ZOL-E-A	Positive	0.403871	0.596129
2ZOL-F-C	Positive	0.403871	0.596129
2NNA-C-A	Positive	0.193702	0.806298
2OQJ-C-A	Positive	0.353046	0.646954
2OQJ-F-D	Negative	0.708831	0.291169
2OQJ-I-G	Positive	0.288584	0.711416
2OQJ-L-J	Negative	0.683864	0.316136
2H2H-B-A	Positive	0.0895858	0.910414
2BBV-D-A	Positive	0.499027	0.500973
2AX3-B-A	Positive	0.00332623	0.996674
2L53-B-A	Positive	0.0486887	0.951311
2FF3-C-A	Positive	0.0566743	0.943326
2I32-E-A	Negative	0.546783	0.453217
2I32-F-A	Positive	0.0589141	0.941086
2K17-P-A	Positive	0.119751	0.880249
2J4W-D-H	Negative	0.73829	0.26171
2BP3-T-A	Positive	0.244593	0.755407
2BP3-S-B	Positive	0.157754	0.842246
2UUE-E-B	Positive	0.166958	0.833042
2V86-E-A	Positive	0.0319743	0.968026
2EQ9-C-A	Positive	0.299387	0.700613
2B6N-B-A	Positive	0.0535822	0.946418
2KWO-B-A	Positive	0.136743	0.863257
2PR9-P-A	Positive	0.0549834	0.945017
2XS8-B-A	Positive	0.089971	0.910029
2NWN-B-A	Positive	0.0697333	0.930267
2ZTT-B-A	Positive	0.125983	0.874017
2I94-B-A	Positive	0.40701	0.59299
2MC6-B-A	Positive	0.180715	0.819285
2MPS-B-A	Positive	0.1949	0.8051
2PGB-A-B	Negative	0.507248	0.492752
2K2F-C-A	Positive	0.037264	0.962736
2BD3-P-A	Positive	0.382608	0.617392
2N01-A-B	Positive	0.198841	0.801159
2FYZ-B-A	Positive	0.241413	0.758587
2FYZ-D-A	Positive	0.264954	0.735046
2FYZ-F-C	Positive	0.250862	0.749138
2C9T-K-A	Positive	0.0442855	0.955715
2B1H-P-L	Positive	0.484205	0.515795
2DEN-A-B	Positive	0.0806139	0.919386
2VWN-L-A	Negative	0.576807	0.423193
2OBH-C-A	Positive	0.0490672	0.950933
2OBH-D-A	Positive	0.0286199	0.97138
2VPE-B-A	Negative	0.515518	0.484482
2Y7L-B-A	Positive	0.0550072	0.944993
2CO4-B-A	Positive	0.30441	0.69559
2WJG-C-A	Positive	0.00751841	0.992482
2ZVL-U-A	Positive	0.221634	0.778366
2ZVL-V-B	Positive	0.14212	0.85788
2ZVL-W-C	Positive	0.136038	0.863962
2ZVL-X-D	Positive	0.169273	0.830727
2ZVL-Z-F	Positive	0.221634	0.778366
2NPA-B-A	Positive	0.1406	0.8594
2NPA-D-C	Positive	0.0374578	0.962542
2JXC-B-A	Positive	0.326761	0.673239
2JFA-P-A	Positive	0.0791282	0.920872
2XPP-B-A	Positive	0.264277	0.735723
2MWP-B-A	Positive	0.0504418	0.949558
2Y6I-B-A	Positive	0.0456682	0.954332
2Z5K-B-A	Positive	0.264613	0.735387
2N0Y-B-A	Positive	0.173646	0.826354
2BZ8-C-A	Positive	0.280183	0.719817
2JOG-B-A	Negative	0.574779	0.425221
2BEC-B-A	Positive	0.0697709	0.930229
2Z8C-B-A	Positive	0.113599	0.886401
2LYD-B-A	Positive	0.107658	0.892342
2MGU-M-A	Positive	0.248761	0.751239
2W77-C-B	Positive	0.0581087	0.941891
2YBA-D-A	Positive	0.279265	0.720735
2YBA-C-B	Positive	0.270466	0.729534
2XPI-B-A	Positive	0.299364	0.700636
2N4Q-A-B	Positive	0.0815423	0.918458
2MW2-B-A	Negative	0.585266	0.414734
2G48-C-A	Positive	0.354994	0.645006
2G48-D-B	Positive	0.327283	0.672717
2F3Y-B-A	Positive	0.222421	0.777579
2Z5M-B-A	Positive	0.24522	0.75478
2VPG-P-A	Positive	0.151369	0.848631
2QQD-A-B	Negative	0.682766	0.317234
2YDS-T-A	Positive	0.0945962	0.905404
2BZW-B-A	Negative	0.773608	0.226392
2VT1-A-B	Positive	0.357294	0.642706
2LPB-B-A	Positive	0.0916468	0.908353
2RQH-A-B	Negative	0.852517	0.147483
2QA9-I-E	Positive	0.0748101	0.92519
2VDO-C-A	Positive	0.0576862	0.942314
2J7Y-B-A	Positive	0.0700051	0.929995
2NXD-P-A	Positive	0.0767638	0.923236
2UZ6-K-A	Positive	0.303721	0.696279
2F69-B-A	Positive	0.355502	0.644498
2ZPN-E-A	Positive	0.0646012	0.935399
2O8M-C-A	Positive	0.210271	0.789729
2O8M-D-A	Positive	0.171194	0.828806
2RD4-C-A	Positive	0.0244381	0.975562
2Y0M-B-A	Positive	0.474021	0.525979
2ASQ-B-A	Positive	0.0196433	0.980357
2MKR-B-A	Positive	0.0469184	0.953082
2ZFX-C-A	Positive	0.389125	0.610875
2XS3-C-A	Positive	0.0684671	0.931533
2LKM-A-B	Positive	0.411937	0.588063
2H2G-B-A	Positive	0.140416	0.859584
2O4J-C-A	Positive	0.0935015	0.906499
2E4H-B-A	Positive	0.164286	0.835714
2W5Z-C-A	Positive	0.0677429	0.932257
2V51-F-B	Positive	0.0379449	0.962055
2VZG-A-B	Positive	0.00636372	0.993636
2ZXE-G-A	Positive	0.110928	0.889072
2WSS-U-C	Negative	0.512594	0.487406
2WSS-Z-O	Positive	0.0719348	0.928065
2WSS-X-W	Positive	0.2413	0.7587
2W10-D-A	Positive	0.303468	0.696532
2W10-C-B	Positive	0.185507	0.814493
2PB8-P-A	Positive	0.0770285	0.922972
2VBC-B-A	Positive	0.45539	0.54461
2YMT-B-A	Positive	0.0123165	0.987683
2VOY-B-A	Positive	0.250253	0.749747
2VOY-E-F	Positive	0.39682	0.60318
2VOY-G-F	Positive	0.245224	0.754776
2VOY-H-I	Negative	0.527358	0.472642
2VOY-K-I	Positive	0.0980282	0.901972
2ODG-C-A	Negative	0.654357	0.345643
2KRB-B-A	Positive	0.0164905	0.983509
2Y0S-Q-A	Positive	0.268153	0.731847
2Y0S-P-B	Negative	0.513877	0.486123
2P1L-B-A	Positive	0.176983	0.823017
2LSJ-B-A	Positive	0.288671	0.711329
2C1J-C-A	Positive	0.00788916	0.992111
2PDZ-B-A	Positive	0.0953961	0.904604
2YVC-D-A	Positive	0.227652	0.772348
2YVC-F-A	Positive	0.26647	0.73353
2YVC-E-B	Positive	0.0612393	0.938761
2KTF-B-A	Positive	0.244411	0.755589
2E3K-R-D	Positive	0.0376117	0.962388
2BFY-D-A	Positive	0.37328	0.62672
2BFY-C-B	Negative	0.899264	0.100736
2QSC-P-L	Positive	0.0320226	0.967977
2KHW-A-B	Positive	0.110499	0.889501
2ZJP-4-E	Positive	0.0520792	0.947921
2DUJ-P-A	Positive	0.324359	0.675641
2CWG-D-A	Positive	0.117392	0.882608
2CWG-E-A	Positive	0.0484361	0.951564
2BPA-3-1	Positive	0.257877	0.742123
2QOS-A-C	Positive	0.0378508	0.962149
2BRR-P-H	Positive	0.160922	0.839078
2Y21-H-C	Positive	0.472346	0.527654
2Y21-K-I	Negative	0.532247	0.467753
2LAS-B-A	Positive	0.0113623	0.988638
2X4Y-B-A	Negative	0.525603	0.474397
2X4Y-P-A	Positive	0.0966636	0.903336
2X4Y-D-C	Negative	0.51005	0.48995
2X4Y-F-E	Positive	0.25874	0.74126
2X4Y-L-K	Negative	0.518162	0.481838
2F5Z-K-A	Positive	0.416495	0.583505
2J7I-C-A	Positive	0.357266	0.642734
2J7I-D-B	Negative	0.585694	0.414306
2XS4-B-A	Positive	0.0801379	0.919862
2BJ4-C-A	Positive	0.101294	0.898706
2VJ0-Q-A	Positive	0.163189	0.836811
2OVR-C-B	Positive	0.104173	0.895827
2J9U-B-A	Negative	0.718697	0.281303
2C1M-B-A	Positive	0.258944	0.741056
2ZL2-O-A	Positive	0.102989	0.897011
2ZL2-P-B	Positive	0.080716	0.919284
2ZL2-U-H	Positive	0.157467	0.842533
2XXM-T-A	Positive	0.290798	0.709202
2MTP-B-A	Negative	0.833796	0.166204
2MTP-C-A	Positive	0.0426695	0.957331
2L00-A-B	Negative	0.586007	0.413993
2RS9-A-B	Positive	0.0193842	0.980616
2LTO-B-A	Negative	0.738429	0.261571
2P58-B-A	Negative	0.684385	0.315615
2VUT-M-E	Positive	0.209168	0.790832
2WEV-E-B	Positive	0.22828	0.77172
2K7L-B-A	Positive	0.0309046	0.969095
2AXI-B-A	Positive	0.116306	0.883694
2R03-B-A	Positive	0.172722	0.827278
2JW1-B-A	Positive	0.0932061	0.906794
2XA0-C-A	Positive	0.0382767	0.961723
2L0F-B-A	Negative	0.714036	0.285964
2ZSW-M-A	Positive	0.123185	0.876815
2NP0-B-A	Positive	0.0610537	0.938946
2W3O-C-A	Positive	0.274449	0.725551
2F9D-P-A	Positive	0.0159958	0.984004
2JGC-B-A	Positive	0.0961534	0.903847
2PIE-F-A	Positive	0.0606603	0.93934
2HZS-I-B	Positive	0.110684	0.889316
2HZS-J-D	Positive	0.08507	0.91493
2HZS-K-F	Positive	0.0493639	0.950636
2HZS-L-H	Positive	0.052207	0.947793
2L9S-A-B	Positive	0.0987586	0.901241
2JOD-B-A	Positive	0.473677	0.526323
2QAC-T-A	Positive	0.0653967	0.934603
2N3A-A-B	Positive	0.236026	0.763974
2V89-E-A	Positive	0.0499689	0.950031
2IIJ-B-A	Positive	0.329844	0.670156
2P4R-T-A	Negative	0.912928	0.0870723
2ZJD-B-A	Positive	0.0299876	0.970012
2ZJD-D-C	Positive	0.0279505	0.972049
2QBX-P-A	Positive	0.115279	0.884721
2QBX-D-B	Positive	0.154604	0.845396
2HPZ-B-A	Positive	0.0281108	0.971889
2A6D-P-A	Positive	0.0766698	0.92333
2WC0-C-A	Positive	0.202106	0.797894
2WC0-D-A	Negative	0.799115	0.200885
2L7U-B-A	Positive	0.0542639	0.945736
2F6A-E-A	Positive	0.380215	0.619785
2F6A-J-B	Positive	0.380215	0.619785
2DZE-X-A	Positive	0.0419302	0.95807
2BCK-C-A	Negative	0.678785	0.321215
2LO6-B-A	Positive	0.151859	0.848141
2RJE-P-A	Positive	0.0386597	0.96134
2RJE-Q-A	Positive	0.124081	0.875919
2B1A-P-L	Positive	0.320995	0.679005
2Z9I-D-A	Positive	0.121198	0.878802
2Z9I-F-A	Positive	0.210836	0.789164
2Z9I-G-A	Positive	0.0365234	0.963477
2Z9I-H-B	Positive	0.00879181	0.991208
2Z9I-I-C	Positive	0.0332458	0.966754
2ZGJ-B-A	Positive	0.282906	0.717094
2BAP-D-B	Positive	0.0873571	0.912643
2IWB-B-A	Positive	0.0362749	0.963725
3VB4-E-A	Positive	0.0364106	0.963589
3WG5-C-A	Positive	0.275501	0.724499
3HOW-L-B	Negative	0.642505	0.357495
3AP1-S-A	Positive	0.173769	0.826231
3UI2-B-A	Positive	0.124336	0.875664
3UTM-C-A	Positive	0.182517	0.817483
3TL0-B-A	Positive	0.169322	0.830678
3WS3-E-A	Positive	0.0711442	0.928856
3V9V-C-A	Positive	0.0469564	0.953044
3OGM-Q-B	Positive	0.122451	0.877549
3QF9-B-A	Positive	0.0609782	0.939022
3QGN-A-B	Positive	0.473285	0.526715
3I7H-B-A	Positive	0.420426	0.579574
3W1B-B-A	Positive	0.0779434	0.922057
3V2X-B-A	Positive	0.456275	0.543725
3TDI-C-B	Positive	0.329931	0.670069
3QT1-I-A	Positive	0.17708	0.82292
3D9O-Z-B	Positive	0.147189	0.852811
3NIM-X-A	Positive	0.00450413	0.995496
3D9T-C-A	Positive	0.13787	0.86213
3D9T-D-A	Positive	0.476999	0.523001
3HPW-C-A	Positive	0.248201	0.751799
3D44-B-A	Positive	0.0154048	0.984595
3CDW-H-A	Positive	0.242584	0.757416
3IYB-2-3	Positive	0.329059	0.670941
3OUW-B-A	Positive	0.0862501	0.91375
3U3W-P-A	Positive	0.131195	0.868805
3RVF-B-A	Positive	0.11542	0.88458
3MQS-D-C	Negative	0.743082	0.256918
3MN7-S-A	Positive	0.066653	0.933347
3C3R-B-A	Positive	0.027864	0.972136
3BEF-A-B	Positive	0.314139	0.685861
3BEF-C-B	Positive	0.0315263	0.968474
3BEF-D-E	Negative	0.621148	0.378852
3BEF-F-E	Positive	0.0709507	0.929049
3UVX-B-A	Positive	0.0102438	0.989756
3GW1-C-A	Positive	0.0339306	0.966069
3U3Z-B-A	Negative	0.638407	0.361593
3EBB-E-A	Positive	0.13309	0.86691
3EBB-H-A	Positive	0.136754	0.863246
3EBB-G-C	Positive	0.339739	0.660261
3FP7-I-E	Positive	0.0618098	0.93819
3FP7-J-E	Negative	0.727235	0.272765
3EMW-B-A	Positive	0.11985	0.88015
3RM1-B-A	Positive	0.101914	0.898086
3AG2-K-A	Negative	0.826646	0.173354
3AG2-L-A	Positive	0.111861	0.888139
3AG2-Z-N	Negative	0.722331	0.277669
3G7Z-C-A	Negative	0.542689	0.457311
3L73-I-A	Positive	0.0695261	0.930474
3L73-V-B	Positive	0.0695261	0.930474
3DOX-P-A	Negative	0.664183	0.335817
3DOX-Q-A	Positive	0.0436225	0.956377
3DX6-C-A	Positive	0.0555796	0.94442
3GYT-B-A	Positive	0.245357	0.754643
3OJ3-I-A	Positive	0.387703	0.612297
3OJ3-N-A	Positive	0.109789	0.890211
3OJ3-K-B	Positive	0.137768	0.862232
3OJ3-O-F	Positive	0.175419	0.824581
3MLR-P-L	Positive	0.201643	0.798357
3LLZ-B-A	Positive	0.0756599	0.92434
3CJI-D-A	Positive	0.151297	0.848703
3W1S-B-A	Positive	0.14288	0.85712
3WUU-B-A	Positive	0.110663	0.889337
3WUU-C-A	Positive	0.162464	0.837536
3WUU-D-A	Positive	0.204194	0.795806
3WUU-F-A	Positive	0.356818	0.643182
3WUU-G-A	Positive	0.0936219	0.906378
3WUU-H-A	Positive	0.0604192	0.939581
3V62-C-A	Positive	0.0701212	0.929879
3BKY-P-H	Negative	0.645779	0.354221
3OOF-B-A	Positive	0.0886775	0.911322
3OOF-D-C	Positive	0.0554917	0.944508
3C01-A-E	Positive	0.0272136	0.972786
3C01-C-G	Positive	0.198236	0.801764
3CCH-C-A	Positive	0.431581	0.568419
3R7G-B-A	Positive	0.167527	0.832473
3BIM-I-A	Positive	0.0684003	0.9316
3BIM-N-A	Positive	0.0630993	0.936901
3ML4-E-A	Negative	0.507041	0.492959
3Q33-D-A	Positive	0.0215082	0.978492
3Q75-G-A	Positive	0.41214	0.58786
3PQZ-L-A	Positive	0.0314207	0.968579
3SZS-A-E	Positive	0.141714	0.858286
3SZS-B-E	Positive	0.0862132	0.913787
3D2U-C-A	Positive	0.195527	0.804473
3H5R-E-A	Positive	0.09431	0.90569
3GLT-B-A	Positive	0.0382568	0.961743
3L3H-C-A	Positive	0.0161723	0.983828
3H1K-V-N	Positive	0.0695261	0.930474
3NA1-C-A	Positive	0.444355	0.555645
3NA1-D-B	Negative	0.792671	0.207329
3BL2-C-A	Positive	0.153059	0.846941
3IDM-C-A	Positive	0.0215237	0.978476
3UAL-P-A	Positive	0.109163	0.890837
3I7P-B-A	Positive	0.0818878	0.918112
3UBW-P-A	Positive	0.172152	0.827848
3BH8-C-A	Positive	0.0457665	0.954234
3EAR-B-A	Positive	0.230082	0.769918
3F9Y-E-A	Positive	0.0216822	0.978318
3F9Y-F-A	Positive	0.0199785	0.980021
3LUO-B-A	Positive	0.151142	0.848858
3WOO-C-A	Positive	0.177544	0.822456
3M1B-I-A	Positive	0.131751	0.868249
3M1B-J-C	Positive	0.193293	0.806707
3I7N-B-A	Positive	0.022871	0.977129
3U8X-B-A	Positive	0.0586473	0.941353
3H6Z-L-A	Positive	0.0247852	0.975215
3C00-A-B	Negative	0.677473	0.322527
3MHP-C-A	Positive	0.194089	0.805911
3MRO-P-A	Positive	0.0281772	0.971823
3GSQ-P-A	Positive	0.064817	0.935183
3ER5-I-E	Positive	0.12738	0.87262
3HBU-Z-P	Positive	0.00659451	0.993405
3FXX-B-A	Positive	0.060747	0.939253
3FIE-C-A	Positive	0.173396	0.826604
3ZIL-B-A	Positive	0.077893	0.922107
3QW5-B-A	Positive	0.0610678	0.938932
3EQS-B-A	Positive	0.22565	0.77435
3U3F-E-A	Positive	0.0410612	0.958939
3U3F-G-A	Positive	0.0247649	0.975235
3U3F-I-A	Positive	0.0484387	0.951561
3U3F-H-B	Positive	0.0264484	0.973552
3E2B-C-A	Positive	0.168357	0.831643
3UO8-L-B	Positive	0.345816	0.654184
3S9C-B-A	Positive	0.00953768	0.990462
3M17-I-A	Positive	0.0485105	0.95149
3BZX-A-B	Positive	0.159122	0.840878
3GCI-P-A	Positive	0.0578267	0.942173
3UAT-B-A	Positive	0.0215457	0.978454
3OY5-P-U	Positive	0.0685121	0.931488
3GDV-D-A	Positive	0.163097	0.836903
3WWQ-C-A	Negative	0.751744	0.248256
3WWQ-F-D	Negative	0.731022	0.268978
3WWQ-L-E	Negative	0.739579	0.260421
3CWB-V-I	Positive	0.0695261	0.930474
3O45-P-L	Positive	0.230009	0.769991
3O45-C-A	Positive	0.309596	0.690404
3OWT-C-A	Positive	0.151057	0.848943
3VXF-L-H	Negative	0.588236	0.411764
3VXF-J-H	Positive	0.197968	0.802032
3VXF-I-H	Positive	0.204688	0.795312
3O6Q-B-A	Negative	0.800113	0.199887
3O6Q-D-A	Negative	0.775687	0.224313
3QZV-C-A	Positive	0.0305473	0.969453
3OUA-P-A	Positive	0.495053	0.504947
3PSL-C-A	Positive	0.0239697	0.97603
3Q6S-E-A	Positive	0.0295035	0.970496
3Q6S-F-A	Positive	0.0355459	0.964454
3VFR-C-A	Positive	0.115053	0.884947
3K24-D-A	Positive	0.0381657	0.961834
3D3V-C-A	Negative	0.567858	0.432142
3QF7-C-A	Positive	0.389716	0.610284
3NDF-B-A	Positive	0.0773925	0.922608
3FSH-C-A	Positive	0.0972083	0.902792
3B3I-C-A	Positive	0.0332311	0.966769
3L3I-C-A	Positive	0.103855	0.896145
3V49-B-A	Positive	0.23773	0.76227
3N56-C-A	Positive	0.413679	0.586321
3O42-B-A	Positive	0.199315	0.800685
3H9Q-E-A	Positive	0.25972	0.74028
3H9Q-G-B	Positive	0.189802	0.810198
3SOU-D-A	Positive	0.432287	0.567713
3UEC-B-A	Positive	0.0124195	0.987581
3BPS-E-A	Negative	0.537881	0.462119
3JCO-Y-R	Positive	0.159119	0.840881
3IDG-C-A	Positive	0.0346937	0.965306
3BRD-D-A	Positive	0.0802279	0.919772
3PUK-C-A	Positive	0.0471009	0.952899
3PUK-D-B	Positive	0.0408877	0.959112
3W11-B-E	Positive	0.397725	0.602275
3W11-F-E	Positive	0.329829	0.670171
3ULY-B-A	Positive	0.334358	0.665642
3O4L-C-A	Positive	0.12334	0.87666
3T0Y-B-A	Positive	0.0208927	0.979107
3T0Y-D-A	Positive	0.0329889	0.967011
3EG6-C-A	Positive	0.155555	0.844445
3JQ5-B-A	Positive	0.0528595	0.94714
3U5O-I-A	Positive	0.324186	0.675814
3NTH-C-A	Positive	0.0135041	0.986496
3QE0-F-A	Positive	0.148721	0.851279
3QE0-G-B	Positive	0.0446837	0.955316
3CD3-B-A	Positive	0.328328	0.671672
3GO1-P-L	Positive	0.0337988	0.966201
3G2T-C-A	Positive	0.0547769	0.945223
3BU8-C-A	Positive	0.194371	0.805629
3BU8-D-B	Positive	0.490482	0.509518
3AGY-C-A	Positive	0.0744547	0.925545
3AGY-F-B	Positive	0.0649539	0.935046
3MJH-B-A	Positive	0.0814046	0.918595
3MJH-D-C	Positive	0.148591	0.851409
3H8K-B-A	Positive	0.320843	0.679157
3JCU-F-A	Positive	0.195868	0.804132
3JCU-I-A	Positive	0.479093	0.520907
3JCU-J-A	Positive	0.292592	0.707408
3JCU-L-A	Positive	0.0473496	0.95265
3JCU-T-A	Negative	0.561869	0.438131
3JCU-M-B	Positive	0.143247	0.856753
3JCU-U-B	Positive	0.0772511	0.922749
3JCU-X-D	Positive	0.372903	0.627097
3VUY-D-A	Positive	0.114776	0.885224
3VUY-E-A	Positive	0.108826	0.891174
3VUY-F-C	Positive	0.067578	0.932422
3C57-B-A	Positive	0.114256	0.885744
3O8I-B-A	Positive	0.121163	0.878837
3GJO-E-A	Positive	0.495983	0.504017
3GJO-F-A	Negative	0.575001	0.424999
3GJO-H-B	Positive	0.222039	0.777961
3GJO-G-C	Positive	0.326855	0.673145
3SEM-C-A	Positive	0.0903649	0.909635
3SEM-D-B	Positive	0.213861	0.786139
3FUG-B-A	Positive	0.00968861	0.990311
3WSY-C-A	Positive	0.10385	0.89615
3OUX-B-A	Positive	0.17279	0.82721
3N3X-B-A	Positive	0.0312826	0.968717
3GOF-C-A	Positive	0.0156496	0.98435
3AYU-B-A	Positive	0.444035	0.555965
3UJI-P-L	Positive	0.0637167	0.936283
3U8Q-B-A	Positive	0.0318997	0.9681
3AU4-B-A	Positive	0.07106	0.92894
3PTL-B-A	Positive	0.0378413	0.962159
3RZ9-B-A	Positive	0.0793592	0.920641
3UL0-C-B	Positive	0.428007	0.571993
3D0V-C-A	Positive	0.0302457	0.969754
3JQL-B-A	Positive	0.0224603	0.97754
3P36-B-A	Positive	0.31609	0.68391
3QJN-I-A	Positive	0.107142	0.892858
3KV4-B-A	Positive	0.0382351	0.961765
3P4O-F-A	Negative	0.518748	0.481252
3O35-E-A	Positive	0.18245	0.81755
3Q78-D-A	Positive	0.119611	0.880389
3KTK-O-A	Positive	0.0184571	0.981543
3RRJ-B-A	Positive	0.0581434	0.941857
3CPL-E-A	Positive	0.0785625	0.921437
3PWV-C-A	Positive	0.213296	0.786704
3ZDL-B-A	Positive	0.234894	0.765106
3IQH-P-X	Positive	0.355665	0.644335
3BP7-C-A	Positive	0.37024	0.62976
3UU7-F-A	Positive	0.0310546	0.968945
3U1J-A-B	Positive	0.0363208	0.963679
3FXD-A-B	Negative	0.637414	0.362586
3VFS-C-A	Positive	0.129611	0.870389
3LWW-D-C	Positive	0.038003	0.961997
3Q5U-B-A	Positive	0.163576	0.836424
3MLX-P-L	Positive	0.0698485	0.930152
3R2A-F-A	Positive	0.0972086	0.902791
3R2A-E-B	Positive	0.120457	0.879543
3V2O-B-A	Positive	0.362715	0.637285
3ZKF-B-A	Positive	0.198569	0.801431
3F2K-C-A	Positive	0.0732148	0.926785
3DPC-C-B	Positive	0.376232	0.623768
3P1N-P-A	Positive	0.0180625	0.981937
3OFI-C-A	Positive	0.196328	0.803672
3KPM-C-A	Positive	0.0392633	0.960737
3M56-B-A	Positive	0.205938	0.794062
3H0T-C-A	Negative	0.800128	0.199872
3V5H-C-A	Positive	0.0748012	0.925199
3RTA-B-A	Positive	0.0711875	0.928812
3U9Q-B-A	Positive	0.0326001	0.9674
3PXE-E-A	Positive	0.0865652	0.913435
3PXE-F-B	Positive	0.151386	0.848614
3MLS-P-L	Negative	0.904206	0.0957938
3GJ9-C-A	Positive	0.123754	0.876246
3KPP-C-A	Positive	0.105709	0.894291
3OE7-R-P	Positive	0.483627	0.516373
3OE7-1-Y	Positive	0.370191	0.629809
3QO2-Q-B	Positive	0.0954682	0.904532
3QO2-R-B	Positive	0.0864488	0.913551
3IVV-D-A	Positive	0.0535923	0.946408
3MOA-P-L	Positive	0.0501775	0.949822
3LQV-P-A	Positive	0.141336	0.858664
3LQV-Q-B	Positive	0.0248826	0.975117
3UPR-P-A	Positive	0.310842	0.689158
3O0E-L-A	Positive	0.0715267	0.928473
3O0E-Q-B	Positive	0.0689169	0.931083
3O0E-N-C	Positive	0.0375814	0.962419
3Q1I-E-A	Positive	0.244445	0.755555
3IVQ-C-A	Positive	0.0695953	0.930405
3IVQ-D-B	Positive	0.100723	0.899277
3GJT-E-A	Positive	0.308611	0.691389
3BTR-B-C	Positive	0.0830335	0.916966
3HXG-C-A	Positive	0.154579	0.845421
3UVW-B-A	Positive	0.0530619	0.946938
3IBC-E-A	Positive	0.0430819	0.956918
3NII-B-A	Positive	0.0380812	0.961919
3DNO-A-B	Positive	0.139894	0.860106
3JAU-A-H	Positive	0.492597	0.507403
3VA4-C-B	Positive	0.143014	0.856986
3C9C-B-A	Positive	0.0369208	0.963079
3IOL-B-A	Positive	0.104466	0.895534
3D32-C-A	Positive	0.0700892	0.929911
3DVM-B-A	Positive	0.206666	0.793334
3BUM-A-B	Positive	0.286341	0.713659
3VXE-J-H	Positive	0.197968	0.802032
3V30-B-A	Positive	0.139828	0.860172
3RTC-B-A	Positive	0.144305	0.855695
3INS-A-B	Positive	0.202106	0.797894
3IQU-P-A	Negative	0.720795	0.279205
3PGD-C-A	Positive	0.0554703	0.94453
3G7L-P-A	Positive	0.0578257	0.942174
3V3V-B-A	Negative	0.539107	0.460893
3UW9-E-A	Positive	0.0413534	0.958647
3UW9-F-B	Positive	0.0335697	0.96643
3N93-C-B	Positive	0.0571107	0.942889
3L0E-B-A	Positive	0.0755001	0.9245
3WGV-G-A	Positive	0.159594	0.840406
3WGV-E-C	Positive	0.159594	0.840406
3VN2-C-A	Positive	0.0197009	0.980299
3TJH-B-A	Positive	0.108576	0.891424
3SQD-C-A	Positive	0.0648569	0.935143
3SQD-D-B	Positive	0.402278	0.597722
3CM8-B-A	Positive	0.0735497	0.92645
3UJJ-P-L	Positive	0.380804	0.619196
3TFY-D-A	Positive	0.339489	0.660511
3DVU-C-A	Positive	0.164639	0.835361
3DVU-D-A	Positive	0.160338	0.839662
3V56-G-A	Positive	0.0750111	0.924989
3V56-I-A	Positive	0.0750111	0.924989
3UKW-C-B	Positive	0.0563407	0.943659
3CK0-P-L	Positive	0.12159	0.87841
3U4S-C-A	Positive	0.0487039	0.951296
3U4S-D-B	Positive	0.0578067	0.942193
3GXE-F-B	Positive	0.045628	0.954372
3GXE-E-B	Positive	0.0399219	0.960078
3UQ3-C-A	Positive	0.0417236	0.958276
3D7V-B-A	Positive	0.0398118	0.960188
3C5I-E-C	Positive	0.120454	0.879546
3UED-B-A	Positive	0.128708	0.871292
3QZS-C-A	Positive	0.0523176	0.947682
3POB-B-A	Positive	0.271884	0.728116
3I7O-B-A	Positive	0.0986596	0.90134
3UE5-B-A	Positive	0.131831	0.868169
3G8I-Z-A	Positive	0.12855	0.87145
3WA4-B-A	Positive	0.130029	0.869971
3NJP-D-B	Negative	0.560271	0.439729
3CH5-B-A	Negative	0.677984	0.322016
3WP0-B-A	Negative	0.56142	0.43858
3S8F-C-A	Positive	0.121821	0.878179
3T98-A-B	Positive	0.201211	0.798789
3T98-C-B	Positive	0.257244	0.742756
3U7X-C-A	Positive	0.0553549	0.944645
3AVL-F-A	Positive	0.128897	0.871103
3MLZ-P-L	Positive	0.0567256	0.943274
3MQR-B-A	Positive	0.131077	0.868923
3T5V-F-B	Positive	0.303179	0.696821
3AVH-E-A	Positive	0.0761483	0.923852
3KEE-E-A	Positive	0.39828	0.60172
3JZQ-P-A	Positive	0.114404	0.885596
3NIJ-B-A	Positive	0.0510247	0.948975
3AL3-B-A	Positive	0.32184	0.67816
3RNM-F-C	Negative	0.752216	0.247784
3ZLJ-D-A	Positive	0.0508935	0.949107
3ASK-P-A	Positive	0.314014	0.685986
3ASK-Q-B	Positive	0.432287	0.567713
3T5X-B-A	Negative	0.734347	0.265653
3U7D-B-A	Positive	0.139505	0.860495
3U7D-D-C	Positive	0.0718287	0.928171
3OTS-P-A	Positive	0.0831105	0.916889
3VI1-C-A	Negative	0.900232	0.0997681
3PWJ-C-A	Negative	0.695378	0.304622
3EH5-C-A	Positive	0.159407	0.840593
3RFR-D-C	Positive	0.0174038	0.982596
3RFR-H-G	Positive	0.0143231	0.985677
3T03-C-A	Positive	0.0149935	0.985007
3T03-D-B	Positive	0.164835	0.835165
3RL0-A-B	Negative	0.517532	0.482468
3RL0-g-B	Positive	0.0578085	0.942192
3RL0-I-C	Positive	0.0970704	0.90293
3RL0-h-F	Positive	0.0415184	0.958482
3RL0-j-F	Positive	0.271845	0.728155
3RL0-M-N	Positive	0.0981461	0.901854
3CB8-B-A	Positive	0.0453735	0.954627
3AVG-D-A	Positive	0.0325536	0.967446
3C5L-B-A	Positive	0.489482	0.510518
3E4A-F-A	Positive	0.00750332	0.992497
3U5N-D-A	Positive	0.365513	0.634487
3WIM-B-A	Positive	0.077973	0.922027
3NJN-B-A	Negative	0.705707	0.294293
3NJN-D-C	Negative	0.781607	0.218393
3OQZ-a-A	Positive	0.156124	0.843876
3RWI-C-A	Positive	0.205796	0.794204
3MNW-P-A	Positive	0.0964324	0.903568
3N8M-B-A	Positive	0.438537	0.561463
3ZMS-C-A	Positive	0.0619157	0.938084
3JVK-C-A	Positive	0.0187304	0.98127
3EMH-B-A	Positive	0.0923807	0.907619
3BUO-A-B	Positive	0.361246	0.638754
3E2U-E-A	Positive	0.243312	0.756688
3E2U-G-A	Positive	0.183034	0.816966
3ZWZ-B-A	Positive	0.0523688	0.947631
3BZF-P-A	Negative	0.654606	0.345394
3O34-B-A	Positive	0.0292484	0.970752
3LKQ-C-A	Positive	0.182552	0.817448
3NIN-D-A	Positive	0.123589	0.876411
3NIN-E-B	Positive	0.158479	0.841521
3I8C-B-A	Positive	0.0952099	0.90479
3L3G-C-A	Positive	0.100721	0.899279
3BTS-E-A	Positive	0.0716098	0.92839
3BTS-F-B	Positive	0.106524	0.893476
3C94-B-A	Positive	0.241797	0.758203
3C94-C-A	Negative	0.558199	0.441801
3JTI-B-A	Positive	0.157067	0.842933
3TCG-I-A	Positive	0.138951	0.861049
3IFN-P-H	Positive	0.0655654	0.934435
3DIW-C-A	Positive	0.0418647	0.958135
3FON-P-A	Positive	0.0337955	0.966205
3LN4-C-A	Positive	0.119648	0.880352
3LN5-C-A	Positive	0.0809239	0.919076
3PLF-A-B	Positive	0.0156644	0.984336
3A7Q-B-A	Negative	0.679018	0.320982
3ET3-P-A	Positive	0.0675391	0.932461
3PA7-D-A	Negative	0.536988	0.463012
3GSU-P-A	Positive	0.0603196	0.93968
3SSB-C-A	Negative	0.753306	0.246694
3SSB-I-A	Negative	0.628994	0.371006
3SSB-D-B	Negative	0.77636	0.22364
3SSB-J-B	Positive	0.475113	0.524887
3PTH-B-A	Positive	0.0940236	0.905976
3RGV-E-A	Positive	0.232685	0.767315
3J9M-2-F	Positive	0.367606	0.632394
3J9M-l-I	Positive	0.297317	0.702683
3J9M-m-8	Positive	0.120223	0.879777
3J9M-4-r	Positive	0.134654	0.865346
3O71-B-A	Positive	0.0710593	0.928941
3P6Z-A-B	Positive	0.422344	0.577656
3P6Z-C-B	Positive	0.0982879	0.901712
3P6Z-G-H	Negative	0.886088	0.113912
3P6Z-I-H	Positive	0.136079	0.863921
3ASL-B-A	Positive	0.200267	0.799733
3B7S-B-A	Positive	0.380043	0.619957
3DRQ-C-A	Positive	0.0354229	0.964577
3ZS6-B-A	Positive	0.0187705	0.98123
3CRE-C-A	Positive	0.259226	0.740774
3OGK-Q-B	Positive	0.124514	0.875486
3GJ6-B-A	Positive	0.0539567	0.946043
3MLY-P-L	Positive	0.0742568	0.925743
3OMK-B-A	Positive	0.0427345	0.957266
3OMK-D-C	Positive	0.11873	0.88127
3U1I-A-B	Negative	0.716323	0.283677
3U1I-C-B	Negative	0.716323	0.283677
3U1I-F-B	Positive	0.156592	0.843408
3I6K-C-A	Positive	0.0509231	0.949077
3HDI-C-A	Positive	0.0131941	0.986806
3HDI-D-A	Positive	0.0143231	0.985677
3GJ8-B-A	Positive	0.0509995	0.949001
3GJ8-D-C	Positive	0.0301711	0.969829
3ZQI-C-A	Positive	0.0281008	0.971899
3VXS-C-A	Positive	0.17429	0.82571
3C2G-C-A	Positive	0.0395707	0.960429
3UOT-D-A	Positive	0.0806059	0.919394
3RQE-E-C	Positive	0.0653436	0.934656
3UNN-B-A	Positive	0.0938927	0.906107
3EWV-E-A	Positive	0.230559	0.769441
3NMX-D-A	Positive	0.126111	0.873889
3M3N-W-A	Positive	0.417549	0.582451
3OBX-B-A	Positive	0.124089	0.875911
3WXA-C-A	Positive	0.0990556	0.900944
3M57-B-A	Positive	0.338641	0.661359
3BH9-C-A	Positive	0.460771	0.539229
3BTP-B-A	Positive	0.436343	0.563657
3IDI-C-A	Positive	0.0409999	0.959
3L3Q-B-A	Positive	0.0499591	0.950041
3L3Q-C-A	Positive	0.0132451	0.986755
3JZR-P-A	Positive	0.178391	0.821609
3VXR-C-A	Positive	0.152938	0.847062
3OP0-C-A	Positive	0.123264	0.876736
3VXO-C-A	Positive	0.121327	0.878673
3V52-P-H	Positive	0.0443378	0.955662
3CDG-P-A	Negative	0.805145	0.194855
3A1G-B-A	Positive	0.142909	0.857091
3RC0-P-A	Positive	0.208741	0.791259
3IG6-A-B	Positive	0.0339643	0.966036
3IG6-C-D	Positive	0.435802	0.564198
3RQG-E-C	Positive	0.114706	0.885294
3KF9-B-A	Positive	0.0423013	0.957699
3KF9-D-C	Positive	0.063127	0.936873
3D24-B-A	Positive	0.33697	0.66303
3A2H-B-A	Negative	0.741576	0.258424
3ZLD-B-A	Positive	0.134622	0.865378
3WLB-C-A	Positive	0.169819	0.830181
3BWA-C-A	Positive	0.407485	0.592515
3D8A-S-A	Positive	0.0251361	0.974864
3D8A-U-A	Positive	0.154695	0.845305
3ZG7-A-B	Positive	0.497137	0.502863
3AVM-D-A	Positive	0.182491	0.817509
3KBL-B-A	Positive	0.103731	0.896269
3DKS-F-A	Positive	0.415892	0.584108
3V4O-B-A	Positive	0.345816	0.654184
3GHB-P-L	Positive	0.112909	0.887091
3GHB-Q-M	Positive	0.229234	0.770766
3SOV-Z-A	Positive	0.123099	0.876901
3FII-B-A	Negative	0.513422	0.486578
3E8C-G-A	Positive	0.142548	0.857452
3E8C-L-F	Positive	0.033599	0.966401
3U9Z-C-A	Positive	0.157918	0.842082
3V7D-E-B	Positive	0.307272	0.692728
3CAL-B-A	Positive	0.113296	0.886704
3CAL-D-A	Positive	0.113296	0.886704
3JWR-C-A	Positive	0.146284	0.853716
3G43-F-C	Positive	0.116791	0.883209
3J7O-l-X	Positive	0.12868	0.87132
3S6P-E-A	Negative	0.679985	0.320015
3S6P-F-B	Negative	0.770153	0.229847
3ZQG-C-A	Positive	0.0492931	0.950707
3T1E-E-A	Negative	0.565382	0.434618
3D8C-B-A	Positive	0.0421539	0.957846
3SJD-E-A	Positive	0.148894	0.851106
3BU3-B-A	Positive	0.214218	0.785782
3VZA-F-B	Positive	0.170259	0.829741
3VRI-C-A	Positive	0.118361	0.881639
3ZRM-X-A	Positive	0.0326583	0.967342
3ZRM-Y-B	Positive	0.0495692	0.950431
3K6T-B-A	Positive	0.232882	0.767118
3K6T-D-A	Positive	0.236948	0.763052
3ZN0-C-A	Positive	0.167278	0.832722
3TDZ-E-A	Positive	0.276205	0.723795
3C66-C-A	Positive	0.019481	0.980519
3C66-D-B	Positive	0.0248782	0.975122
3S3X-D-A	Negative	0.545825	0.454175
3BFW-B-A	Positive	0.0629332	0.937067
3BFW-D-C	Positive	0.141333	0.858667
3ZN8-S-M	Positive	0.189508	0.810492
3ZDI-B-A	Positive	0.0325871	0.967413
3WUV-C-A	Positive	0.223308	0.776692
3WUV-D-A	Positive	0.419656	0.580344
3DY0-B-A	Positive	0.0655745	0.934426
3AM8-E-A	Negative	0.783553	0.216447
3DAB-B-A	Positive	0.135078	0.864922
3DAB-F-E	Positive	0.0674456	0.932554
3DAB-H-G	Positive	0.185982	0.814018
3KMT-G-A	Positive	0.108401	0.891599
3DVE-B-A	Positive	0.235465	0.764535
3HKZ-Y-A	Negative	0.653162	0.346838
3U3D-B-A	Positive	0.242985	0.757015
3LYV-E-A	Negative	0.688972	0.311028
3LYV-F-A	Negative	0.644274	0.355726
3LYV-D-C	Positive	0.270835	0.729165
3I6G-C-A	Positive	0.105714	0.894286
3M7U-B-A	Negative	0.554666	0.445334
3MK4-B-A	Positive	0.281624	0.718376
3RQF-E-A	Positive	0.0607593	0.939241
3JB6-C-A	Negative	0.807502	0.192498
3JB6-D-A	Positive	0.0763392	0.923661
3FT4-P-A	Positive	0.0356617	0.964338
3DXC-B-A	Negative	0.863177	0.136823
3DXC-D-A	Negative	0.797392	0.202608
3OMH-E-A	Positive	0.232271	0.767729
3BIN-B-A	Positive	0.158078	0.841922
3TSZ-B-A	Positive	0.212409	0.787591
3EG9-C-B	Positive	0.0760248	0.923975
3GP2-B-A	Positive	0.102256	0.897744
3Q4L-C-A	Positive	0.0492554	0.950745
3CVL-B-A	Positive	0.0167979	0.983202
3HA6-B-A	Positive	0.460809	0.539191
3WN7-B-A	Positive	0.110604	0.889396
3GSX-P-A	Positive	0.209479	0.790521
3ZE2-I-A	Positive	0.13584	0.86416
3ZE2-J-C	Positive	0.13584	0.86416
3BXL-B-A	Positive	0.104601	0.895399
3WYG-D-C	Positive	0.0568161	0.943184
3SVM-P-A	Positive	0.0635873	0.936413
3MEV-C-A	Positive	0.0379486	0.962051
3S3P-B-A	Positive	0.120794	0.879206
3V31-B-A	Negative	0.564119	0.435881
3VDD-D-A	Positive	0.401597	0.598403
3OUB-P-A	Positive	0.0531175	0.946883
3BT2-B-U	Positive	0.124229	0.875771
3FHP-A-B	Positive	0.202106	0.797894
3FHP-C-B	Positive	0.202106	0.797894
3GD2-B-A	Positive	0.106191	0.893809
3ZQH-C-A	Positive	0.173362	0.826638
3DVJ-B-A	Positive	0.248875	0.751125
3UAI-B-A	Positive	0.456773	0.543227
3W3W-B-A	Positive	0.194783	0.805217
3KND-B-A	Positive	0.0485867	0.951413
3QKS-C-A	Positive	0.0446718	0.955328
3SRI-B-A	Positive	0.302525	0.697475
3MMG-C-A	Positive	0.120074	0.879926
3MMG-D-A	Positive	0.15444	0.84556
3NJJ-B-A	Negative	0.721035	0.278965
3SYN-E-A	Positive	0.136589	0.863411
3H3P-S-H	Positive	0.13669	0.86331
3H3P-T-I	Positive	0.21083	0.78917
3J7Y-2-F	Positive	0.0887435	0.911257
3J7Y-a-K	Positive	0.22245	0.77755
3JZH-B-A	Positive	0.0545818	0.945418
3KL8-B-A	Positive	0.307928	0.692072
3KL8-F-A	Positive	0.298713	0.701287
3KL8-D-C	Positive	0.237702	0.762298
3T4P-B-A	Positive	0.030987	0.969013
3GJQ-E-A	Positive	0.0808739	0.919126
3OY6-P-U	Positive	0.0849518	0.915048
3HDA-Z-P	Positive	0.0102471	0.989753
3EGD-D-B	Positive	0.253488	0.746512
3TZW-D-A	Positive	0.04702	0.95298
3I7Z-B-A	Positive	0.0611721	0.938828
3KUJ-B-A	Positive	0.404158	0.595842
3LGE-E-A	Positive	0.0223142	0.977686
3LGE-F-B	Positive	0.0306992	0.969301
3FTG-C-A	Positive	0.182965	0.817035
3SJH-B-A	Positive	0.0479191	0.952081
3B0Z-A-B	Positive	0.31628	0.68372
3SKM-C-A	Positive	0.0508038	0.949196
3BYA-B-A	Positive	0.0495261	0.950474
3DD7-B-A	Negative	0.841416	0.158584
3DD7-D-C	Negative	0.681119	0.318881
3ZRZ-C-A	Positive	0.215209	0.784791
3ALO-E-A	Positive	0.0188655	0.981135
3RWH-C-A	Positive	0.0724174	0.927583
3RO2-B-A	Negative	0.789404	0.210596
3VRJ-C-A	Positive	0.279173	0.720827
3DXE-B-A	Negative	0.692225	0.307775
3TEI-B-A	Positive	0.0133057	0.986694
3VUW-F-B	Positive	0.180479	0.819521
3PFV-D-B	Positive	0.0489898	0.95101
3VFU-C-A	Positive	0.150155	0.849845
3QN7-B-A	Positive	0.354424	0.645576
3DPO-C-A	Positive	0.434981	0.565019
3TWT-E-A	Positive	0.188173	0.811827
3TWT-F-A	Positive	0.113898	0.886102
3TWT-H-A	Positive	0.195068	0.804932
3TWT-G-C	Negative	0.528833	0.471167
3IAX-B-A	Positive	0.0459253	0.954075
3A79-C-A	Positive	0.132576	0.867424
3UVO-B-A	Positive	0.175656	0.824344
3QHR-K-A	Positive	0.0546676	0.945332
3QHR-L-B	Positive	0.0546676	0.945332
3MRG-P-A	Positive	0.228346	0.771654
3S1B-A-V	Negative	0.547502	0.452498
3F1I-C-H	Positive	0.166315	0.833685
3PLU-C-A	Positive	0.123794	0.876206
3WU2-F-A	Positive	0.19996	0.80004
3WU2-I-A	Positive	0.272254	0.727746
3WU2-J-A	Positive	0.144963	0.855037
3WU2-L-A	Negative	0.512605	0.487395
3WU2-T-A	Negative	0.501566	0.498434
3WU2-t-B	Negative	0.501566	0.498434
3WU2-Y-C	Negative	0.639531	0.360469
3WU2-f-a	Positive	0.110703	0.889297
3WU2-j-a	Positive	0.341046	0.658954
3WU2-y-c	Negative	0.549065	0.450935
3D25-C-A	Positive	0.0579422	0.942058
3KTI-H-A	Positive	0.0684015	0.931599
3RC4-B-A	Positive	0.022203	0.977797
3WKN-E-C	Positive	0.193451	0.806549
3WKN-L-C	Negative	0.62276	0.37724
3WKN-F-B	Positive	0.0663548	0.933645
3WKN-H-D	Negative	0.634054	0.365946
3WKN-P-D	Positive	0.167676	0.832324
3IPU-C-A	Positive	0.0304871	0.969513
3EYF-E-A	Positive	0.183489	0.816511
3FQW-C-A	Positive	0.0420049	0.957995
3J1O-N-I	Negative	0.54581	0.45419
3SI5-X-A	Positive	0.0469331	0.953067
3SI5-Y-B	Positive	0.0278839	0.972116
3QKR-C-A	Positive	0.0689554	0.931045
3JCJ-d-F	Positive	0.117879	0.882121
3JCJ-b-S	Positive	0.323125	0.676875
3JCJ-G-W	Positive	0.302192	0.697808
3JCJ-a-c	Negative	0.712904	0.287096
3V11-C-A	Positive	0.079458	0.920542
3KYO-P-A	Positive	0.242869	0.757131
3L6X-B-A	Positive	0.0361246	0.963875
3DV0-I-B	Positive	0.154483	0.845517
3DV0-J-F	Negative	0.619005	0.380995
3D36-C-A	Positive	0.494213	0.505787
3DS1-T-A	Positive	0.290798	0.709202
3TVJ-I-B	Positive	0.422589	0.577411
3C5T-B-A	Positive	0.171441	0.828559
3W6K-A-B	Positive	0.136778	0.863222
3W6K-D-B	Positive	0.127424	0.872576
3DRT-C-A	Positive	0.0324271	0.967573
3C0T-B-A	Positive	0.0444441	0.955556
3BW9-C-A	Positive	0.190575	0.809425
3QFJ-C-A	Positive	0.376304	0.623696
3ZN1-C-A	Positive	0.0801499	0.91985
3SZM-I-A	Positive	0.072859	0.927141
3VFT-C-A	Positive	0.129611	0.870389
3M5N-F-B	Positive	0.232443	0.767557
3U86-B-A	Positive	0.18257	0.81743
3LNY-B-A	Positive	0.102995	0.897005
3UVM-B-A	Positive	0.0722496	0.92775
3U5P-I-A	Positive	0.356165	0.643835
3U5P-J-B	Positive	0.426362	0.573638
3U5P-M-E	Positive	0.434798	0.565202
3RWE-C-A	Positive	0.0349022	0.965098
3KMG-B-A	Positive	0.0357666	0.964233
3KMG-E-D	Positive	0.0250708	0.974929
3H0A-B-A	Positive	0.187554	0.812446
3H0A-E-D	Positive	0.163887	0.836113
3DRI-B-A	Positive	0.0139137	0.986086
3WNF-C-A	Positive	0.135075	0.864925
3AVI-D-A	Positive	0.150177	0.849823
3QJ6-T-A	Positive	0.0589868	0.941013
3AVZ-B-A	Positive	0.00684719	0.993153
3AVN-G-A	Positive	0.207281	0.792719
3KDP-G-A	Positive	0.144847	0.855153
3QIW-E-A	Positive	0.11894	0.88106
3VQG-B-A	Positive	0.207544	0.792456
3KPE-B-A	Negative	0.764237	0.235763
3P72-B-A	Positive	0.189875	0.810125
3ZDY-J-C	Positive	0.149107	0.850893
3R0L-A-D	Negative	0.552188	0.447812
3R0L-B-D	Positive	0.0716488	0.928351
3WGU-G-A	Positive	0.159594	0.840406
3WGU-E-C	Positive	0.159594	0.840406
3S3J-B-A	Positive	0.463094	0.536906
3BRT-A-B	Positive	0.127022	0.872978
3BRT-C-B	Negative	0.711258	0.288742
3BOO-B-A	Positive	0.115579	0.884421
3UVN-B-A	Positive	0.133916	0.866084
3UVN-D-C	Positive	0.379728	0.620272
3D9P-Z-B	Positive	0.359854	0.640146
3C89-B-A	Positive	0.0169337	0.983066
3G9W-C-A	Positive	0.112191	0.887809
3G9W-D-A	Positive	0.0948181	0.905182
3P70-M-B	Positive	0.228113	0.771887
3P70-O-B	Positive	0.228452	0.771548
3P70-G-H	Negative	0.863524	0.136476
3P70-P-H	Positive	0.18027	0.81973
3ZIP-B-A	Positive	0.0618301	0.93817
3ZIP-C-A	Positive	0.0588282	0.941172
3NY3-B-A	Positive	0.0916643	0.908336
3ZMP-C-B	Positive	0.292976	0.707024
3UXG-B-A	Positive	0.352644	0.647356
3K6G-D-A	Positive	0.0364769	0.963523
3K6G-E-A	Positive	0.0514177	0.948582
3K6G-F-B	Positive	0.0886809	0.911319
3T1U-B-A	Positive	0.175985	0.824015
3UTT-C-A	Positive	0.0848459	0.915154
3JZ1-A-B	Positive	0.422344	0.577656
3I4N-L-B	Negative	0.607234	0.392766
3D4B-D-A	Positive	0.0506603	0.94934
3LV3-C-A	Positive	0.064446	0.935554
3FBI-C-D	Positive	0.128004	0.871996
3I8E-C-A	Positive	0.136394	0.863606
3RDV-E-A	Positive	0.0231003	0.9769
3EXB-B-A	Positive	0.0132792	0.986721
3D1E-P-A	Positive	0.268997	0.731003
3FMA-L-A	Positive	0.172393	0.827607
3FMA-M-B	Positive	0.207723	0.792277
3FMA-N-B	Positive	0.241174	0.758826
3DNJ-C-A	Positive	0.23813	0.76187
3IXT-P-L	Positive	0.107771	0.892229
3FIV-I-A	Positive	0.0444218	0.955578
3LKO-C-A	Positive	0.0570631	0.942937
3N57-C-A	Positive	0.0672109	0.932789
3SJK-B-A	Positive	0.271873	0.728127
3TWU-B-A	Positive	0.0934806	0.906519
3TZY-D-A	Positive	0.04702	0.95298
3QIU-E-A	Positive	0.236968	0.763032
3DD2-L-H	Positive	0.420029	0.579971
3OIQ-B-A	Positive	0.0497052	0.950295
3O41-P-L	Positive	0.0760479	0.923952
3GSR-P-A	Positive	0.152903	0.847097
3QQ4-C-A	Positive	0.193578	0.806422
3GS2-B-A	Positive	0.233803	0.766197
3GS2-D-A	Positive	0.259924	0.740076
3QQ3-C-A	Positive	0.0221702	0.97783
3OU4-C-A	Positive	0.366593	0.633407
3H85-P-A	Positive	0.0776207	0.922379
3UKY-C-B	Positive	0.148168	0.851832
3UP3-P-A	Positive	0.0554708	0.944529
3GD1-Z-I	Positive	0.0553848	0.944615
3AAE-X-A	Negative	0.617616	0.382384
3AAE-Y-C	Negative	0.520902	0.479098
3AAE-W-G	Positive	0.19204	0.80796
3AAE-V-I	Positive	0.44743	0.55257
3QW7-B-A	Positive	0.0095349	0.990465
3MRQ-P-A	Positive	0.0245525	0.975448
3G2V-C-A	Positive	0.0246327	0.975367
3G2V-D-A	Positive	0.0411042	0.958896
3O36-E-A	Positive	0.0330503	0.96695
3UL1-A-B	Positive	0.0294005	0.970599
3KL4-B-A	Negative	0.686269	0.313731
3IQI-P-X	Positive	0.164483	0.835517
3BQO-B-A	Positive	0.0522465	0.947753
3K23-F-C	Positive	0.13922	0.86078
3TSI-A-D	Positive	0.0501881	0.949812
3TSI-B-D	Positive	0.0552743	0.944726
3BGM-C-A	Positive	0.0693437	0.930656
3F7D-B-A	Positive	0.0919863	0.908014
3RJM-E-A	Positive	0.200942	0.799058
3L9K-X-A	Negative	0.630089	0.369911
3L3Z-B-A	Positive	0.0740962	0.925904
3PL7-C-A	Negative	0.769499	0.230501
3HUF-E-A	Negative	0.646925	0.353075
3JRV-C-A	Positive	0.0645698	0.93543
3JRV-D-B	Positive	0.132617	0.867383
3JRV-E-B	Positive	0.0262828	0.973717
3N5U-C-A	Positive	0.0219043	0.978096
3UA7-E-A	Positive	0.258549	0.741451
3UA7-F-D	Positive	0.258549	0.741451
3PWN-C-A	Negative	0.823866	0.176134
3ZIQ-B-A	Positive	0.0383276	0.961672
3ZIQ-C-A	Positive	0.0279644	0.972036
3TWW-C-A	Positive	0.195128	0.804872
3TWW-D-A	Positive	0.242751	0.757249
3WOR-C-A	Positive	0.046532	0.953468
3LKN-C-A	Positive	0.0318182	0.968182
3QI2-C-A	Positive	0.307305	0.692695
3QI2-D-A	Positive	0.134103	0.865897
3GLU-B-A	Positive	0.0419251	0.958075
3TIW-C-A	Positive	0.0354748	0.964525
3TIW-D-A	Positive	0.349867	0.650133
3T6J-B-A	Positive	0.0500383	0.949962
3D3T-P-A	Negative	0.660902	0.339098
3ZG8-A-B	Positive	0.496824	0.503176
3PDO-C-A	Positive	0.0930251	0.906975
3GJ5-B-A	Positive	0.0461578	0.953842
3DL8-C-G	Negative	0.577805	0.422195
3SFJ-B-A	Positive	0.227917	0.772083
3JCN-H-X	Positive	0.176922	0.823078
3N97-D-A	Positive	0.308141	0.691859
3O2B-D-C	Positive	0.136797	0.863203
3TJV-B-A	Positive	0.0760022	0.923998
3JCK-I-A	Positive	0.225209	0.774791
3MAT-I-A	Positive	0.0388012	0.961199
3ZIO-B-A	Positive	0.0493277	0.950672
3ZIO-C-A	Positive	0.0249387	0.975061
3FE7-L-A	Positive	0.159979	0.840021
3IJ0-B-A	Positive	0.350992	0.649008
3IFP-S-E	Positive	0.0120561	0.987944
3JUA-B-A	Positive	0.142331	0.857669
3JUA-D-C	Positive	0.226968	0.773032
3JUA-F-E	Positive	0.196632	0.803368
3JUA-H-G	Negative	0.551893	0.448107
3AX5-B-A	Positive	0.107346	0.892654
3PK1-B-A	Negative	0.835798	0.164202
3M4W-E-A	Positive	0.16332	0.83668
3M4W-G-A	Negative	0.790325	0.209675
3M4W-H-B	Positive	0.138361	0.861639
3P9M-F-A	Positive	0.320426	0.679574
3B1K-C-A	Positive	0.0760654	0.923935
3B1K-J-A	Positive	0.071184	0.928816
3AZQ-C-A	Positive	0.0878716	0.912128
3OB2-A-B	Negative	0.535311	0.464689
3K16-B-A	Positive	0.205712	0.794288
3TG5-B-A	Positive	0.0667702	0.93323
3PCS-E-A	Negative	0.502784	0.497216
3PCS-F-B	Positive	0.10527	0.89473
3PCS-G-B	Positive	0.115217	0.884783
3PCS-H-D	Positive	0.22787	0.77213
3RZX-B-A	Positive	0.227812	0.772188
3F58-P-L	Positive	0.0558528	0.944147
3P4F-B-A	Positive	0.0769898	0.92301
3P4F-C-A	Positive	0.0774297	0.92257
3K48-R-A	Positive	0.0597334	0.940267
3K48-S-A	Positive	0.0191537	0.980846
3TVT-B-A	Positive	0.0609311	0.939069
3G2U-C-A	Positive	0.113686	0.886314
3DRK-B-A	Positive	0.233488	0.766512
3GSV-P-A	Positive	0.0618048	0.938195
3J7Z-6-5	Positive	0.091899	0.908101
3G03-B-A	Positive	0.0900585	0.909942
3FS1-B-A	Positive	0.021709	0.978291
3AVC-D-A	Positive	0.0558606	0.944139
3CW2-L-B	Positive	0.0417284	0.958272
3CW2-N-F	Positive	0.0711497	0.92885
3LW1-P-A	Positive	0.139543	0.860457
3SRN-B-A	Positive	0.225113	0.774887
3TWV-E-A	Positive	0.211534	0.788466
3TWV-H-A	Positive	0.262553	0.737447
3TWV-G-C	Positive	0.098375	0.901625
3BPQ-A-B	Positive	0.301577	0.698423
3BPQ-C-B	Negative	0.739632	0.260368
3TBH-B-A	Positive	0.0731137	0.926886
3D1F-P-A	Positive	0.0443271	0.955673
3P3N-B-A	Positive	0.0416969	0.958303
3QIS-B-A	Positive	0.0937709	0.906229
3QUK-C-A	Positive	0.305982	0.694018
3LKR-C-A	Positive	0.120967	0.879033
3NTI-C-A	Positive	0.0289627	0.971037
3MHR-P-A	Positive	0.271799	0.728201
3ZRL-Y-B	Positive	0.08057	0.91943
3CH1-C-A	Positive	0.431581	0.568419
3CH1-I-G	Positive	0.431581	0.568419
3ZG6-F-A	Positive	0.159	0.841
3AVB-X-A	Positive	0.166488	0.833512
3W5A-C-A	Positive	0.332231	0.667769
3ICI-C-A	Positive	0.0833226	0.916677
3T1N-C-A	Positive	0.101491	0.898509
3LL8-E-A	Positive	0.283016	0.716984
3WUT-B-A	Positive	0.204194	0.795806
3WUT-C-A	Positive	0.380782	0.619218
3WUT-F-D	Positive	0.380782	0.619218
3WUT-K-G	Positive	0.263831	0.736169
3FN0-P-L	Positive	0.0345592	0.965441
3NDD-B-A	Positive	0.0889215	0.911079
3HS9-P-A	Positive	0.0470046	0.952995
3F02-C-A	Negative	0.508621	0.491379
3F02-D-B	Negative	0.655347	0.344653
3FIF-Y-F	Positive	0.0797096	0.92029
3KJ2-B-A	Positive	0.0443143	0.955686
3VXW-B-A	Positive	0.239559	0.760441
3E5A-B-A	Positive	0.1355	0.8645
3HKI-A-B	Negative	0.724458	0.275542
3HKI-C-B	Positive	0.147835	0.852165
3HKI-F-E	Positive	0.0290545	0.970946
3SML-P-A	Positive	0.0180241	0.981976
3O43-B-A	Positive	0.199315	0.800685
3BU5-B-A	Positive	0.0715957	0.928404
3WSR-C-A	Positive	0.0521705	0.94783
3WSR-D-A	Positive	0.0467478	0.953252
3ZMV-C-A	Positive	0.157324	0.842676
3ZMV-D-A	Positive	0.100761	0.899239
3V3B-D-A	Positive	0.225835	0.774165
3V3B-C-B	Positive	0.192997	0.807003
3GHE-P-L	Positive	0.0347694	0.965231
3RTX-C-A	Positive	0.381668	0.618332
3ZMZ-C-A	Positive	0.189121	0.810879
3AJB-B-A	Positive	0.161547	0.838453
3COJ-H-X	Positive	0.0795928	0.920407
3COJ-M-B	Positive	0.376813	0.623187
3COJ-K-C	Positive	0.112073	0.887927
3COJ-N-F	Positive	0.286805	0.713195
3B80-C-A	Positive	0.283168	0.716832
3KYT-C-A	Positive	0.0243138	0.975686
3RK3-E-B	Positive	0.0486554	0.951345
3ZKE-B-A	Positive	0.16087	0.83913
3ZKE-F-C	Positive	0.176865	0.823135
3KUI-B-A	Positive	0.27605	0.72395
3GV4-H-A	Positive	0.0923011	0.907699
3DRH-B-A	Positive	0.00790868	0.992091
3WMG-B-A	Positive	0.203136	0.796864
3QGL-F-A	Positive	0.150788	0.849212
3VE6-B-A	Positive	0.0998055	0.900195
3EQY-C-A	Positive	0.21073	0.78927
3CWW-E-A	Positive	0.108841	0.891159
3CWW-D-B	Positive	0.0542266	0.945773
3HBV-Z-P	Positive	0.0308687	0.969131
3BRV-A-B	Positive	0.153202	0.846798
3BRV-C-B	Negative	0.80949	0.19051
3Q47-C-B	Positive	0.129228	0.870772
3AH8-G-B	Positive	0.435944	0.564056
3SM1-J-A	Positive	0.0485247	0.951475
3S7K-A-B	Positive	0.350095	0.649905
3S7K-C-B	Positive	0.0730943	0.926906
3DXD-B-A	Negative	0.738774	0.261226
3DXD-D-A	Negative	0.771333	0.228667
3FWV-C-A	Positive	0.0566429	0.943357
3PUJ-C-A	Positive	0.0540243	0.945976
3TJ3-D-A	Positive	0.448771	0.551229
3KJ0-B-A	Positive	0.0982021	0.901798
3C9Q-L-A	Positive	0.016151	0.983849
3E90-A-B	Positive	0.202991	0.797009
3E90-C-B	Positive	0.226233	0.773767
3KZE-D-A	Positive	0.0809993	0.919001
3KZE-E-C	Positive	0.0204438	0.979556
3GIS-A-B	Positive	0.163831	0.836169
3GIS-E-B	Positive	0.163831	0.836169
3IXS-B-A	Positive	0.0464206	0.953579
3IXS-D-A	Positive	0.280312	0.719688
3IXS-H-A	Positive	0.157641	0.842359
3IXS-F-C	Positive	0.0470641	0.952936
3IXS-J-I	Positive	0.156596	0.843404
3C3O-B-A	Positive	0.0221649	0.977835
3O3B-C-A	Positive	0.0102954	0.989705
3C2A-P-L	Positive	0.0595065	0.940493
3G5Y-E-A	Positive	0.436758	0.563242
3FKS-I-C	Negative	0.719494	0.280506
3FKS-R-P	Negative	0.782467	0.217533
3FKS-1-Y	Negative	0.773881	0.226119
3TBY-C-A	Positive	0.102434	0.897566
3P37-E-A	Positive	0.0971067	0.902893
3P37-D-B	Positive	0.0971067	0.902893
3JBV-z-e	Positive	0.0891001	0.9109
3R85-E-A	Positive	0.198297	0.801703
3R85-F-B	Positive	0.105146	0.894854
3R85-G-C	Positive	0.236465	0.763535
3R85-H-D	Positive	0.209558	0.790442
3MNZ-P-A	Positive	0.0129083	0.987092
3MLW-P-L	Positive	0.0399915	0.960009
3MLW-Q-M	Positive	0.0232243	0.976776
3BZI-E-A	Positive	0.076181	0.923819
3VU7-Z-C	Positive	0.288317	0.711683
3CXD-P-L	Positive	0.126047	0.873953
3DOW-B-A	Positive	0.0570296	0.94297
3AVR-B-A	Positive	0.0481665	0.951833
3BG4-D-B	Negative	0.799035	0.200965
3AVA-X-A	Positive	0.110319	0.889681
3MRL-P-A	Positive	0.228346	0.771654
3U23-B-A	Positive	0.142113	0.857887
3QBR-B-A	Positive	0.257663	0.742337
3QBR-Y-X	Positive	0.257663	0.742337
3KLA-C-A	Positive	0.350181	0.649819
3HQL-C-A	Positive	0.0534839	0.946516
3HQL-D-A	Positive	0.0594804	0.94052
3SNC-H-A	Positive	0.493905	0.506095
3CBM-B-A	Positive	0.192706	0.807294
3TJU-B-A	Positive	0.135415	0.864585
3H9H-C-A	Positive	0.106395	0.893605
3B23-C-B	Positive	0.164848	0.835152
3H1Z-P-A	Positive	0.138158	0.861842
3QNZ-C-A	Positive	0.0744773	0.925523
3QV1-G-A	Positive	0.143161	0.856839
3QV1-I-A	Positive	0.109438	0.890562
3QV1-H-B	Positive	0.108576	0.891424
3S7D-I-A	Positive	0.173435	0.826565
3ZGA-A-B	Negative	0.510004	0.489996
3GXV-C-A	Positive	0.497018	0.502982
3GXV-D-A	Positive	0.492363	0.507637
3WMJ-B-A	Positive	0.145276	0.854724
3PD0-B-A	Positive	0.0156348	0.984365
3MGO-C-A	Positive	0.290927	0.709073
3IQG-P-X	Positive	0.0761228	0.923877
3I5R-B-A	Positive	0.385507	0.614493
3MLT-P-L	Positive	0.213748	0.786252
3MGT-C-A	Positive	0.290927	0.709073
3UM3-B-A	Positive	0.0743975	0.925602
3BRF-D-A	Positive	0.0838266	0.916173
3PHD-E-A	Positive	0.042946	0.957054
3PHD-F-B	Positive	0.0386398	0.96136
3PHD-G-C	Positive	0.487101	0.512899
3PHD-H-D	Negative	0.632662	0.367338
3WBN-B-A	Negative	0.527502	0.472498
3FQT-C-A	Positive	0.242693	0.757307
3TJ5-B-A	Positive	0.190695	0.809305
3UKX-C-B	Positive	0.0337397	0.96626
3M61-P-U	Positive	0.231923	0.768077
3CV0-B-A	Positive	0.184132	0.815868
3VJ6-P-A	Negative	0.670566	0.329434
3MOD-P-L	Positive	0.0541511	0.945849
3G2S-C-A	Positive	0.0934687	0.906531
3GGZ-E-A	Positive	0.036034	0.963966
3GGZ-G-C	Positive	0.0348646	0.965135
3GGZ-H-D	Positive	0.0962818	0.903718
3IVB-M-A	Positive	0.070912	0.929088
3OE0-I-A	Positive	0.170259	0.829741
3KIK-E-A	Positive	0.0750629	0.924937
3KIK-H-A	Positive	0.150587	0.849413
3KIK-G-B	Positive	0.0362469	0.963753
3NIL-X-B	Positive	0.0156644	0.984336
3H1C-D-A	Positive	0.440749	0.559251
3IZO-F-A	Positive	0.0943803	0.90562
3TPU-J-A	Negative	0.529725	0.470275
3EE0-A-B	Positive	0.422344	0.577656
3D42-B-A	Positive	0.0278909	0.972109
3CAA-B-A	Positive	0.0699625	0.930037
3IUX-B-A	Positive	0.208216	0.791784
3HTU-B-A	Positive	0.10559	0.89441
3HTU-D-A	Positive	0.120988	0.879012
3HTU-F-E	Positive	0.111799	0.888201
3HQH-M-A	Positive	0.0591457	0.940854
3DRO-P-A	Positive	0.0318491	0.968151
3CYY-C-A	Positive	0.404964	0.595036
3KZI-F-A	Positive	0.115621	0.884379
3KZI-I-A	Positive	0.383899	0.616101
3KZI-J-A	Positive	0.168188	0.831812
3KZI-M-A	Positive	0.178395	0.821605
3KZI-T-A	Positive	0.273367	0.726633
3EGX-D-B	Positive	0.430809	0.569191
3BUA-E-A	Positive	0.351462	0.648538
3BUA-H-A	Positive	0.0582462	0.941754
3BUA-F-B	Positive	0.135939	0.864061
3BUA-G-C	Positive	0.0915194	0.908481
3VRO-B-A	Positive	0.0286678	0.971332
3ZHF-B-A	Positive	0.1162	0.8838
3GQ1-C-A	Positive	0.0595197	0.94048
3OKI-D-C	Positive	0.0641944	0.935806
3SRJ-C-A	Positive	0.275688	0.724312
3SRJ-D-A	Positive	0.218832	0.781168
3SRJ-E-B	Positive	0.0678134	0.932187
3SRJ-F-B	Positive	0.414088	0.585912
3P9G-B-A	Positive	0.161236	0.838764
3MET-C-A	Positive	0.159695	0.840305
3HCV-C-A	Positive	0.0400198	0.95998
3SWC-P-A	Positive	0.04245	0.95755
3SWC-Q-B	Positive	0.309487	0.690513
3L3X-B-A	Positive	0.0942452	0.905755
3PQR-B-A	Positive	0.0527451	0.947255
3MRI-P-A	Positive	0.287512	0.712488
3E50-C-A	Positive	0.368777	0.631223
3E50-D-B	Negative	0.627054	0.372946
3GLW-Z-A	Negative	0.516395	0.483605
3AVK-D-A	Positive	0.178329	0.821671
3J3V-2-E	Positive	0.322106	0.677894
3J81-h-O	Positive	0.0416609	0.958339
3J81-l-k	Positive	0.252487	0.747513
3I6L-F-D	Positive	0.05111	0.94889
3BFQ-F-G	Positive	0.373862	0.626138
3G5V-C-A	Positive	0.436758	0.563242
3MUK-D-A	Positive	0.0209576	0.979042
3B7T-B-A	Positive	0.0100627	0.989937
3SNA-H-A	Positive	0.0738883	0.926112
3D9K-Y-A	Positive	0.391679	0.608321
3D9K-Z-B	Positive	0.386328	0.613672
3JCD-x-M	Negative	0.575461	0.424539
3WNG-C-A	Positive	0.11378	0.88622
3OAK-D-A	Negative	0.637959	0.362041
3OAK-C-B	Positive	0.130712	0.869288
3WDZ-B-A	Positive	0.0268968	0.973103
3H8A-E-A	Positive	0.0590452	0.940955
3H8A-F-B	Positive	0.0735893	0.926411
3H44-C-A	Negative	0.666777	0.333223
3H44-D-B	Positive	0.264736	0.735264
3EFO-C-B	Positive	0.0943197	0.90568
3TBT-C-A	Positive	0.290093	0.709907
3UVY-B-A	Positive	0.0296325	0.970368
3C88-B-A	Positive	0.0164942	0.983506
3SNB-H-A	Positive	0.0385298	0.96147
3NKX-P-A	Positive	0.399975	0.600025
3O3E-C-A	Positive	0.0381537	0.961846
3CFV-E-B	Positive	0.0256446	0.974355
3CFV-F-B	Positive	0.141235	0.858765
3QRX-B-A	Negative	0.637904	0.362096
3ZRK-X-A	Positive	0.0157547	0.984245
3FBN-C-D	Positive	0.120976	0.879024
3DDB-B-A	Positive	0.0614817	0.938518
3UIJ-Q-B	Positive	0.220312	0.779688
3P2Z-B-A	Positive	0.31609	0.68391
3LOB-D-A	Positive	0.285018	0.714982
3LOB-E-B	Positive	0.0133112	0.986689
3LOB-F-C	Positive	0.22185	0.77815
3ZQF-C-A	Positive	0.0293946	0.970605
3I7L-B-A	Positive	0.101859	0.898141
3GM1-E-A	Positive	0.0481924	0.951808
3OU1-P-A	Positive	0.0901567	0.909843
3DEP-B-A	Positive	0.092216	0.907784
3GZE-X-A	Negative	0.509121	0.490879
3GZE-Y-C	Positive	0.409037	0.590963
3HSV-M-A	Positive	0.0359249	0.964075
3ZZZ-C-A	Positive	0.156155	0.843845
3ZZZ-D-A	Positive	0.156155	0.843845
3JCS-l-V	Positive	0.118016	0.881984
3DS9-B-A	Positive	0.0557493	0.944251
3R9I-E-A	Positive	0.053724	0.946276
3R9I-G-C	Positive	0.0685488	0.931451
3TZ1-B-A	Positive	0.0419827	0.958017
3ATW-C-A	Positive	0.00879181	0.991208
3L6F-C-A	Positive	0.271337	0.728663
3MUD-C-A	Negative	0.640165	0.359835
3MUD-D-A	Negative	0.628377	0.371623
3HK3-A-B	Positive	0.219963	0.780037
3J47-O-V	Positive	0.122376	0.877624
3J47-P-V	Positive	0.034657	0.965343
3J47-Q-V	Negative	0.633944	0.366056
3J47-R-V	Positive	0.0757744	0.924226
3J47-S-V	Positive	0.0243906	0.975609
3J47-T-V	Positive	0.106943	0.893057
3ZWL-E-B	Positive	0.140748	0.859252
3WWS-D-A	Negative	0.643302	0.356698
3VCL-C-A	Positive	0.297846	0.702154
3T70-F-A	Positive	0.046375	0.953625
3UEO-F-A	Positive	0.0114201	0.98858
3UEO-E-B	Positive	0.124896	0.875104
3TU7-L-H	Negative	0.820313	0.179687
3ZDF-D-A	Positive	0.0686177	0.931382
3ZDF-C-B	Positive	0.044797	0.955203
3K15-B-A	Positive	0.205712	0.794288
3K05-C-A	Positive	0.402278	0.597722
3VH7-B-A	Positive	0.138451	0.861549
3VH7-D-A	Positive	0.437003	0.562997
3OTP-G-A	Positive	0.419685	0.580315
3OQY-a-B	Positive	0.0982671	0.901733
3T7G-D-A	Positive	0.0501154	0.949885
3T7G-C-A	Positive	0.0462454	0.953755
3UM0-B-A	Positive	0.218078	0.781922
3BXK-B-A	Positive	0.0952065	0.904793
3BXK-D-C	Positive	0.147076	0.852924
3ZNI-F-E	Positive	0.0725619	0.927438
3HIK-B-A	Positive	0.2608	0.7392
3B8E-B-A	Positive	0.193924	0.806076
3B8E-G-A	Positive	0.0387787	0.961221
3B8E-D-C	Positive	0.193924	0.806076
3FXE-A-B	Negative	0.609172	0.390828
3HRY-C-A	Positive	0.0710008	0.928999
3V1D-A-G	Positive	0.449362	0.550638
3V1D-B-G	Positive	0.449362	0.550638
3V1D-D-G	Positive	0.449362	0.550638
3BQD-B-A	Positive	0.194447	0.805553
3MMY-H-G	Positive	0.257207	0.742793
3ABE-Z-C	Negative	0.596919	0.403081
3FM7-C-A	Positive	0.291232	0.708768
3GDS-B-A	Positive	0.188218	0.811782
3RVD-I-A	Positive	0.071285	0.928715
3RVD-L-Q	Positive	0.31363	0.68637
3KTP-B-A	Positive	0.0538918	0.946108
3VB7-E-A	Positive	0.0364106	0.963589
3R93-E-A	Positive	0.0868999	0.9131
3GJ3-B-A	Positive	0.168485	0.831515
3ZBI-C-A	Negative	0.751911	0.248089
3MBE-P-A	Positive	0.0754016	0.924598
3N95-E-C	Positive	0.0913873	0.908613
3V4Y-B-A	Positive	0.185249	0.814751
3V4Y-F-A	Positive	0.16718	0.83282
3V4Y-D-C	Negative	0.736551	0.263449
3V4Y-H-E	Negative	0.751515	0.248485
3A9J-C-A	Positive	0.358182	0.641818
3IOZ-B-A	Positive	0.286413	0.713587
3IM4-C-A	Positive	0.065771	0.934229
3QHW-L-B	Positive	0.0274426	0.972557
3FEA-L-A	Positive	0.423163	0.576837
3ZYB-I-A	Positive	0.109058	0.890942
3FVH-B-A	Positive	0.175868	0.824132
3CXW-B-A	Positive	0.20376	0.79624
3TIE-C-A	Positive	0.375566	0.624434
3D9N-Y-A	Negative	0.509263	0.490737
3LNZ-B-A	Positive	0.177893	0.822107
3MRB-P-A	Positive	0.170325	0.829675
3PMK-O-A	Positive	0.0594563	0.940544
3PMK-R-A	Positive	0.135337	0.864663
3PMK-Q-B	Positive	0.0594563	0.940544
3PMK-N-C	Positive	0.142064	0.857936
3LAE-X-A	Positive	0.189666	0.810334
3E6H-P-A	Positive	0.463064	0.536936
3OMG-C-A	Positive	0.0707396	0.92926
3OMG-D-B	Positive	0.0904585	0.909542
3NA0-C-A	Negative	0.904495	0.0955052
3V5K-C-A	Positive	0.0210988	0.978901
3N9Q-C-A	Positive	0.0413732	0.958627
3VRP-B-A	Positive	0.486184	0.513816
3N23-G-A	Positive	0.144088	0.855912
3D3X-C-A	Positive	0.0184425	0.981557
3D3X-D-B	Positive	0.118223	0.881777
3EFD-K-L	Positive	0.0543258	0.945674
3ZG9-A-B	Negative	0.510004	0.489996
3ONW-C-A	Negative	0.760484	0.239516
3ONW-D-A	Positive	0.282839	0.717161
3BEV-C-A	Positive	0.0991048	0.900895
3UO1-P-H	Positive	0.0303119	0.969688
3E0M-E-A	Positive	0.213908	0.786092
3E0M-F-B	Positive	0.0289237	0.971076
3J7A-T-D	Positive	0.446121	0.553879
3J7A-6-E	Positive	0.0896727	0.910327
3J7A-2-I	Positive	0.444771	0.555229
3EHT-B-A	Positive	0.133974	0.866026
3CVQ-B-A	Positive	0.0334852	0.966515
3DUF-I-B	Negative	0.571726	0.428274
3DUF-J-F	Negative	0.647306	0.352694
3C9N-C-A	Positive	0.0813717	0.918628
3TZX-D-A	Positive	0.0298417	0.970158
3TZX-C-B	Positive	0.0795687	0.920431
3RF3-C-A	Positive	0.182667	0.817333
3RF3-D-A	Positive	0.190375	0.809625
3N96-G-A	Positive	0.0267019	0.973298
3N96-H-B	Positive	0.0234551	0.976545
3N96-E-C	Positive	0.0313275	0.968673
3MLQ-E-A	Negative	0.551655	0.448345
3MLQ-F-A	Positive	0.0650592	0.934941
3MLQ-H-A	Positive	0.388025	0.611975
3MLQ-G-C	Negative	0.524955	0.475045
3TBS-C-A	Positive	0.252019	0.747981
3N7Y-D-A	Positive	0.438537	0.561463
3T7K-C-A	Positive	0.109217	0.890783
3TKZ-P-A	Negative	0.564584	0.435416
3TKZ-Q-A	Positive	0.337071	0.662929
3AM7-B-A	Positive	0.13284	0.86716
3AV9-X-A	Positive	0.0741078	0.925892
3KJ1-B-A	Positive	0.0496341	0.950366
3OX7-P-U	Positive	0.106644	0.893356
3PLV-C-A	Positive	0.0165064	0.983494
3M5M-C-B	Positive	0.244081	0.755919
3M5O-C-A	Positive	0.162852	0.837148
3P4M-F-A	Positive	0.486127	0.513873
3DDA-B-A	Positive	0.0824782	0.917522
3AX2-B-A	Positive	0.110917	0.889083
3AX2-F-A	Positive	0.110917	0.889083
3ZDM-B-A	Negative	0.616341	0.383659
3CBO-B-A	Positive	0.468528	0.531472
3MK8-B-A	Positive	0.159968	0.840032
3TPM-B-A	Positive	0.025178	0.974822
3MXY-L-A	Positive	0.309119	0.690881
3PWL-C-A	Negative	0.594859	0.405141
3C8B-B-A	Positive	0.0743371	0.925663
3C5J-C-A	Positive	0.0553873	0.944613
3LKS-C-A	Positive	0.21721	0.78279
3LCA-Q-A	Positive	0.0308336	0.969166
3J79-e-Y	Positive	0.142114	0.857886
3IXZ-B-A	Negative	0.828857	0.171143
3RWF-C-A	Positive	0.0795583	0.920442
3QLP-L-H	Positive	0.49042	0.50958
3HXI-C-A	Positive	0.102953	0.897047
3LRH-B-A	Positive	0.0625369	0.937463
3NZI-B-A	Positive	0.404518	0.595482
3QZT-B-A	Positive	0.0797319	0.920268
3Q49-C-B	Positive	0.217648	0.782352
3MPJ-Y-B	Positive	0.0532084	0.946792
3L3K-C-A	Positive	0.0573898	0.94261
3ZZY-C-A	Positive	0.240928	0.759072
3EDX-A-B	Negative	0.756147	0.243853
3H0G-L-B	Positive	0.295751	0.704249
3RC5-B-A	Positive	0.0639856	0.936014
3NK4-C-A	Positive	0.177419	0.822581
3NK4-D-A	Positive	0.107952	0.892048
3FQN-C-A	Positive	0.104756	0.895244
3DSF-P-L	Positive	0.106588	0.893412
3REW-C-A	Positive	0.455139	0.544861
3OUD-P-A	Positive	0.116811	0.883189
3S90-C-A	Positive	0.137343	0.862657
3S90-D-B	Positive	0.207641	0.792359
3JZS-P-A	Positive	0.114404	0.885596
3SO6-Q-A	Positive	0.0536167	0.946383
3UQP-B-A	Positive	0.0485247	0.951475
3H01-B-A	Positive	0.288262	0.711738
3ZHA-E-A	Negative	0.664646	0.335354
3ZHA-F-A	Negative	0.704842	0.295158
3ZHA-G-A	Negative	0.66759	0.33241
3M50-P-A	Positive	0.148735	0.851265
3QW6-B-A	Positive	0.0177393	0.982261
3LIY-I-A	Positive	0.397222	0.602778
3LIY-J-C	Positive	0.275451	0.724549
3PLX-A-B	Negative	0.729612	0.270388
3DCG-F-A	Positive	0.0927514	0.907249
3DCG-E-D	Positive	0.0598717	0.940128
3PP4-P-H	Negative	0.846542	0.153458
3KTR-B-A	Positive	0.200766	0.799234
3C03-B-A	Positive	0.106126	0.893874
3KJL-E-A	Positive	0.0352555	0.964745
3KJL-F-A	Positive	0.125174	0.874826
3KJL-G-C	Positive	0.101313	0.898687
3M9D-G-A	Positive	0.0704182	0.929582
3TRS-A-B	Positive	0.213676	0.786324
3TRS-C-D	Positive	0.0911765	0.908824
3IQJ-P-A	Negative	0.836366	0.163634
3KUS-C-A	Positive	0.118501	0.881499
3AP2-T-A	Positive	0.173769	0.826231
3MRC-P-A	Positive	0.129485	0.870515
3O6L-C-L	Positive	0.0618754	0.938125
3EWT-E-A	Positive	0.0979394	0.902061
3JQO-C-A	Positive	0.0837523	0.916248
3JQO-F-A	Positive	0.194882	0.805118
3JQO-O-J	Positive	0.29049	0.70951
3JQO-R-M	Positive	0.23154	0.76846
3JQO-U-M	Positive	0.0505247	0.949475
3JQO-p-k	Positive	0.41266	0.58734
3Q4J-H-B	Positive	0.162369	0.837631
3RO3-B-A	Positive	0.0557128	0.944287
3WS6-E-A	Positive	0.111339	0.888661
3N5E-D-A	Positive	0.361509	0.638491
3V9T-C-A	Positive	0.0276463	0.972354
3EHU-C-A	Positive	0.0391236	0.960876
3E4Z-C-A	Positive	0.308355	0.691645
3E4Z-D-B	Positive	0.308355	0.691645
3MRN-P-A	Positive	0.0514023	0.948598
3IK5-D-C	Positive	0.37606	0.62394
3SW9-P-A	Positive	0.0662542	0.933746
3SW9-Q-B	Positive	0.100296	0.899704
3P3P-B-A	Positive	0.0633984	0.936602
3BZZ-A-B	Negative	0.566957	0.433043
3A9K-C-A	Negative	0.730185	0.269815
3O3D-C-A	Positive	0.0102954	0.989705
3QDZ-E-B	Positive	0.286215	0.713785
3QDZ-F-D	Positive	0.15695	0.84305
3PBP-C-A	Positive	0.158034	0.841966
3PBP-I-G	Positive	0.083362	0.916638
3PBP-L-J	Negative	0.653448	0.346552
3DPY-C-A	Positive	0.430679	0.569321
3R7B-F-C	Positive	0.0187705	0.98123
3UVL-B-A	Positive	0.226892	0.773108
3GCW-E-A	Negative	0.524541	0.475459
3ZIA-J-A	Positive	0.124058	0.875942
3QXD-C-A	Positive	0.0772582	0.922742
3FDM-D-A	Positive	0.0797311	0.920269
3FDM-F-C	Positive	0.0797311	0.920269
3MRJ-P-A	Positive	0.247632	0.752368
3OLR-E-A	Positive	0.165123	0.834877
3OLR-F-B	Positive	0.199348	0.800652
3GZ1-Q-A	Positive	0.262947	0.737053
3GZ1-P-B	Positive	0.0694768	0.930523
3TDU-F-A	Positive	0.239387	0.760613
3BUN-A-B	Positive	0.0610873	0.938913
3IYL-A-B	Positive	0.0753103	0.92469
3GCM-E-B	Negative	0.687959	0.312041
3ASW-B-A	Positive	0.00284483	0.997155
3NFK-D-A	Positive	0.227311	0.772689
3VQM-O-A	Positive	0.0886619	0.911338
3VUM-F-A	Negative	0.599764	0.400236
3BBP-D-A	Positive	0.165864	0.834136
3BBP-E-A	Positive	0.345912	0.654088
3BBP-F-C	Negative	0.811121	0.188879
3CC5-C-A	Positive	0.227395	0.772605
3WNH-C-A	Negative	0.889344	0.110656
3FFD-P-A	Positive	0.0244117	0.975588
3B1S-A-B	Positive	0.0444115	0.955589
3P87-G-A	Positive	0.173647	0.826353
3P87-H-B	Positive	0.0961193	0.903881
3P4U-E-A	Positive	0.158448	0.841552
3C9A-C-A	Positive	0.223932	0.776068
3OU3-C-A	Positive	0.345199	0.654801
3KMZ-C-B	Positive	0.151268	0.848732
3SP6-B-A	Positive	0.377458	0.622542
3S13-B-A	Positive	0.123944	0.876056
3UVU-B-A	Positive	0.105877	0.894123
3A1Q-C-A	Positive	0.0643905	0.93561
3JCA-C-A	Positive	0.413922	0.586078
3J6B-0-F	Positive	0.435646	0.564354
3J6B-Y-P	Positive	0.0891062	0.910894
3D18-C-A	Positive	0.0197327	0.980267
3T64-F-A	Positive	0.0224696	0.97753
3JXT-C-A	Positive	0.0948594	0.905141
3MAZ-B-A	Positive	0.0320116	0.967988
3DRF-B-A	Positive	0.0785715	0.921428
3JTT-C-A	Positive	0.387716	0.612284
3WL9-C-A	Positive	0.128492	0.871508
3BXM-I-A	Negative	0.53848	0.46152
3RWG-C-A	Positive	0.268989	0.731011
3HGZ-D-A	Positive	0.242075	0.757925
3HGZ-E-B	Positive	0.128824	0.871176
3L81-B-A	Positive	0.120159	0.879841
3N9P-C-A	Positive	0.0352005	0.9648
3EAB-G-A	Positive	0.41842	0.58158
3EAB-H-A	Positive	0.216794	0.783206
3EAB-L-A	Positive	0.434365	0.565635
3EAB-I-C	Positive	0.420925	0.579075
3EAB-J-D	Positive	0.37841	0.62159
3EAB-K-E	Positive	0.451509	0.548491
3QXA-C-A	Positive	0.206075	0.793925
3QXA-F-D	Positive	0.0405692	0.959431
3FT2-P-A	Positive	0.0307025	0.969298
3MRD-P-A	Positive	0.0485177	0.951482
3HS8-P-A	Positive	0.0534521	0.946548
3JAJ-2-C	Positive	0.316631	0.683369
3NFL-E-A	Positive	0.0216536	0.978346
3OB1-A-B	Positive	0.417236	0.582764
3TBV-I-A	Positive	0.252019	0.747981
3HDS-E-A	Positive	0.02982	0.97018
3HU6-C-A	Positive	0.042929	0.957071
3UQR-D-A	Positive	0.0277907	0.972209
3SV1-D-A	Positive	0.0502465	0.949754
3SV1-E-B	Positive	0.0881382	0.911862
3SV1-F-C	Positive	0.0731621	0.926838
3BUY-C-A	Positive	0.264127	0.735873
3RYA-B-A	Positive	0.0526961	0.947304
3RWD-C-A	Positive	0.213139	0.786861
3WNE-C-A	Positive	0.154756	0.845244
3U9D-B-A	Positive	0.0606885	0.939312
3EYU-Q-L	Positive	0.0300822	0.969918
3BUW-A-B	Positive	0.388162	0.611838
3H11-C-B	Positive	0.175017	0.824983
3MIW-B-C	Negative	0.629039	0.370961
3MIW-E-C	Negative	0.629039	0.370961
3MIW-G-C	Positive	0.224195	0.775805
3MIW-I-C	Negative	0.60534	0.39466
3MIW-A-C	Negative	0.60534	0.39466
3MQP-B-A	Negative	0.643026	0.356974
3ZFW-X-A	Positive	0.0346911	0.965309
3ZFW-Y-B	Positive	0.0432312	0.956769
3D9L-Y-A	Positive	0.435912	0.564088
3D9L-Z-B	Positive	0.44862	0.55138
3BEJ-F-B	Positive	0.0237926	0.976207
3MLU-P-L	Positive	0.267203	0.732797
3HQU-S-A	Positive	0.124392	0.875608
3RWC-C-A	Positive	0.287888	0.712112
3V79-R-C	Positive	0.0633965	0.936604
3P9Y-E-A	Positive	0.121813	0.878187
3BHP-B-A	Positive	0.196424	0.803576
3UVK-B-A	Positive	0.110092	0.889908
3EYS-Q-L	Positive	0.220222	0.779778
3O3A-C-A	Positive	0.0381537	0.961846
3I74-C-A	Positive	0.0210505	0.97895
3QBY-H-A	Positive	0.0806671	0.919333
3FDL-B-A	Positive	0.0326693	0.967331
3WMM-J-L	Positive	0.20796	0.79204
3ZMQ-C-A	Positive	0.0843814	0.915619
3BEI-A-B	Negative	0.621148	0.378852
3DVK-B-A	Positive	0.437979	0.562021
3LU9-C-B	Negative	0.794445	0.205555
3JAP-r-q	Positive	0.371848	0.628152
3UIG-P-A	Positive	0.0960714	0.903929
3W8J-C-A	Positive	0.0675723	0.932428
3N00-B-A	Positive	0.0819763	0.918024
3FY2-B-A	Positive	0.0518237	0.948176
3BZL-A-C	Positive	0.106123	0.893877
3BZL-B-D	Negative	0.527952	0.472048
3P8M-D-A	Positive	0.131261	0.868739
3P8M-C-A	Positive	0.487801	0.512199
3AWR-C-A	Positive	0.123102	0.876898
3ET1-Q-A	Positive	0.0228846	0.977115
3O7L-I-B	Positive	0.298038	0.701962
3MN5-S-A	Positive	0.100773	0.899227
3IET-X-A	Positive	0.166784	0.833216
3IET-Q-A	Negative	0.663006	0.336994
3FQU-C-A	Positive	0.298487	0.701513
3JZO-P-A	Positive	0.178391	0.821609
3HAT-T-H	Positive	0.0452359	0.954764
3IO9-B-A	Positive	0.036541	0.963459
3DBO-A-B	Positive	0.180252	0.819748
3VVS-B-A	Positive	0.438494	0.561506
3HYM-A-B	Negative	0.550208	0.449792
3HYM-C-D	Negative	0.635182	0.364818
3HYM-G-H	Negative	0.786696	0.213304
3RYB-B-A	Positive	0.0526961	0.947304
3KXY-X-A	Positive	0.0707474	0.929253
3KXY-W-E	Positive	0.131258	0.868742
3KXY-Y-I	Positive	0.144128	0.855872
3SJ9-B-A	Positive	0.164217	0.835783
3MLV-P-L	Positive	0.0623717	0.937628
3QNJ-C-A	Negative	0.615074	0.384926
3QNJ-D-A	Negative	0.870198	0.129802
3FOL-P-A	Positive	0.0266454	0.973355
3PAB-F-A	Positive	0.0444697	0.95553
3NIH-B-A	Positive	0.0721237	0.927876
3OMC-C-A	Positive	0.027167	0.972833
3URL-B-A	Positive	0.261858	0.738142
3OS5-B-A	Positive	0.142676	0.857324
3QHE-B-A	Positive	0.0932939	0.906706
3QHE-D-A	Positive	0.198528	0.801472
3TFK-B-A	Positive	0.160786	0.839214
3DVP-C-A	Positive	0.0691951	0.930805
3RTE-B-A	Positive	0.149922	0.850078
3OEE-I-C	Negative	0.722635	0.277365
3OR0-a-A	Positive	0.158339	0.841661
3OQS-B-A	Positive	0.0777235	0.922276
3O2Q-F-E	Positive	0.320454	0.679546
3OUC-P-A	Positive	0.241834	0.758166
3TM7-A-B	Positive	0.084851	0.915149
3I91-C-A	Positive	0.116443	0.883557
3APR-I-E	Positive	0.132398	0.867602
3L3J-C-A	Positive	0.0480997	0.9519
3A3Y-G-A	Positive	0.171505	0.828495
3GIV-C-A	Positive	0.132894	0.867106
3SPV-C-A	Positive	0.0123455	0.987654
3JCT-l-X	Negative	0.73114	0.26886
3QUL-C-A	Positive	0.256551	0.743449
3ULR-C-A	Positive	0.123143	0.876857
3C8A-B-A	Positive	0.0410109	0.958989
3SF4-D-A	Positive	0.358008	0.641992
3SF4-E-A	Positive	0.393218	0.606782
3SF4-F-A	Positive	0.200711	0.799289
3B95-P-B	Positive	0.0555725	0.944428
3N7N-E-A	Positive	0.247712	0.752288
3N7N-F-B	Positive	0.459456	0.540544
3MYJ-C-A	Positive	0.182826	0.817174
3M55-B-A	Positive	0.290629	0.709371
3LKP-C-A	Positive	0.182552	0.817448
3ZIN-B-A	Positive	0.178284	0.821716
3ZIN-C-A	Positive	0.182728	0.817272
3D9M-Y-A	Positive	0.487127	0.512873
3D9M-Z-B	Positive	0.157025	0.842975
3ADE-B-A	Positive	0.0250275	0.974972
3SL9-C-A	Positive	0.061278	0.938722
3SL9-F-E	Positive	0.0991207	0.900879
3SL9-H-G	Positive	0.0345641	0.965436
3R5J-E-A	Positive	0.0373037	0.962696
3GLI-O-B	Positive	0.0442022	0.955798
3DRG-B-A	Positive	0.243772	0.756228
3BEW-C-A	Positive	0.0723818	0.927618
3N9Z-C-A	Positive	0.389674	0.610326
3RBQ-G-A	Positive	0.0793564	0.920644
3RBQ-H-B	Positive	0.27636	0.72364
3RBQ-I-C	Positive	0.0202659	0.979734
3RBQ-K-E	Positive	0.0256914	0.974309
3QG6-D-A	Positive	0.142455	0.857545
3QG6-C-H	Positive	0.0976372	0.902363
3WA0-G-A	Positive	0.0342929	0.965707
3WA0-H-A	Positive	0.154243	0.845757
3PCQ-X-B	Positive	0.0866105	0.913389
3ZRJ-X-A	Positive	0.113293	0.886707
3ZRJ-Y-B	Positive	0.0248735	0.975126
3QO0-C-A	Positive	0.0124874	0.987513
3P4N-F-A	Positive	0.297321	0.702679
3GWO-B-A	Negative	0.70918	0.29082
3M93-C-A	Positive	0.0571061	0.942894
3QW8-B-A	Positive	0.158973	0.841027
3GZ2-P-B	Positive	0.0919891	0.908011
3ISW-C-A	Positive	0.0571479	0.942852
3G2W-C-A	Positive	0.130568	0.869432
3G2W-D-B	Positive	0.146744	0.853256
3ZED-D-A	Positive	0.0206841	0.979316
3ZED-E-B	Positive	0.0738457	0.926154
3Q95-D-B	Positive	0.0173394	0.982661
3K2U-B-A	Positive	0.105174	0.894826
3I7K-B-A	Positive	0.372148	0.627852
3NF3-C-A	Positive	0.0213508	0.978649
3IUR-B-A	Positive	0.196	0.804
3IUR-C-A	Positive	0.00839991	0.9916
3ZMT-C-A	Positive	0.174938	0.825062
3MRH-P-A	Positive	0.236993	0.763007
3P34-B-A	Positive	0.178558	0.821442
3BU6-B-A	Positive	0.250884	0.749116
3TKN-B-A	Positive	0.0566593	0.943341
3CU8-Q-B	Positive	0.121163	0.878837
3F7O-X-A	Positive	0.0552643	0.944736
3AVJ-D-A	Positive	0.140913	0.859087
3AA1-C-A	Positive	0.372543	0.627457
3H52-N-A	Positive	0.00933255	0.990667
3H52-M-B	Positive	0.0226089	0.977391
3W3Y-B-A	Negative	0.511634	0.488366
3IO8-B-A	Positive	0.0517567	0.948243
3IO8-D-C	Positive	0.0786594	0.921341
3GLR-B-A	Positive	0.0978841	0.902116
3J5Q-A-D	Positive	0.292564	0.707436
3MRF-P-A	Positive	0.149076	0.850924
3TBW-I-A	Positive	0.290093	0.709907
3RQ7-B-A	Positive	0.0622916	0.937708
3VVR-B-A	Positive	0.0400518	0.959948
3UZD-B-A	Positive	0.352334	0.647666
3VFW-C-A	Positive	0.112246	0.887754
3FQX-C-A	Positive	0.0409649	0.959035
3NK3-C-A	Negative	0.816552	0.183448
3KYS-B-A	Negative	0.568651	0.431349
3KYS-D-C	Negative	0.552523	0.447477
3B71-D-A	Positive	0.0722996	0.9277
3B71-F-C	Positive	0.012345	0.987655
3WV0-X-A	Positive	0.0648704	0.93513
3WV0-Y-B	Positive	0.0547592	0.945241
3M4C-E-B	Positive	0.36639	0.63361
3ZPV-0-1	Negative	0.663852	0.336148
3ZPV-P-1	Negative	0.811335	0.188665
3ROL-E-A	Positive	0.289966	0.710034
3TWR-E-A	Positive	0.0952543	0.904746
3TWR-H-A	Positive	0.211534	0.788466
3TWR-G-C	Positive	0.279225	0.720775
3R42-B-A	Positive	0.0634439	0.936556
3S7F-I-A	Positive	0.0501599	0.94984
3KUT-C-A	Positive	0.0704876	0.929512
3KUT-D-A	Positive	0.0298894	0.970111
3BRH-C-A	Positive	0.0650508	0.934949
3BRH-D-B	Positive	0.384961	0.615039
3VUX-G-A	Positive	0.0924743	0.907526
3VUX-E-B	Positive	0.141609	0.858391
3D0L-C-A	Positive	0.0566604	0.94334
3U85-B-A	Positive	0.0617357	0.938264
3BHB-C-A	Positive	0.156554	0.843446
3ZWH-Q-A	Positive	0.255483	0.744517
3MRM-P-A	Positive	0.106254	0.893746
3VI4-I-A	Positive	0.0658324	0.934168
3VI4-G-C	Positive	0.141833	0.858167
3DKT-K-A	Positive	0.0177252	0.982275
3JC2-w-1	Positive	0.0943888	0.905611
3ZMU-C-A	Positive	0.414378	0.585622
3TWX-C-A	Positive	0.0813044	0.918696
3UKZ-C-B	Positive	0.359561	0.640439
3KRD-a-C	Positive	0.06824	0.93176
3A0B-F-A	Negative	0.61952	0.38048
3A0B-I-A	Positive	0.383899	0.616101
3A0B-J-A	Positive	0.168188	0.831812
3A0B-M-A	Positive	0.278839	0.721161
3WP1-A-B	Positive	0.148001	0.851999
3CVN-B-A	Positive	0.0243869	0.975613
3OGI-A-B	Positive	0.18314	0.81686
3L0L-C-A	Positive	0.0426723	0.957328
3AA0-C-A	Positive	0.294999	0.705001
3NGY-E-D	Positive	0.127426	0.872574
3QDR-B-A	Positive	0.29871	0.70129
3OBQ-B-A	Positive	0.11213	0.88787
3KYN-P-A	Positive	0.154217	0.845783
3W3X-B-A	Negative	0.643969	0.356031
3FGA-D-B	Positive	0.0760452	0.923955
3MRK-P-A	Positive	0.122294	0.877706
3CQZ-L-B	Positive	0.486552	0.513448
3SUI-B-A	Positive	0.130436	0.869564
3E1K-B-A	Positive	0.39914	0.60086
3WY9-C-A	Positive	0.13577	0.86423
3N84-G-A	Positive	0.334194	0.665806
3N84-K-E	Positive	0.334194	0.665806
3V5D-C-A	Positive	0.0748012	0.925199
3LW5-J-A	Negative	0.658981	0.341019
3Q4A-C-B	Positive	0.0791302	0.92087
3H3G-B-A	Positive	0.0250115	0.974988
3POA-B-A	Positive	0.394422	0.605578
3BZV-A-B	Positive	0.160206	0.839794
3MXC-L-A	Positive	0.105354	0.894646
3JBU-z-e	Positive	0.0850621	0.914938
3GI0-C-A	Negative	0.555715	0.444285
3CFS-E-B	Positive	0.0368018	0.963198
3TO2-C-A	Positive	0.0362446	0.963755
3ZIR-B-A	Positive	0.0590592	0.940941
3ZIR-C-A	Positive	0.0295609	0.970439
3GSW-P-A	Positive	0.121958	0.878042
3GJ4-B-A	Positive	0.253011	0.746989
3GJ4-D-C	Positive	0.230779	0.769221
3F9Z-G-A	Positive	0.0157855	0.984215
3MR9-P-A	Positive	0.0603196	0.93968
3CY3-B-A	Positive	0.270959	0.729041
3LK2-T-A	Negative	0.791822	0.208178
3RZ2-C-A	Negative	0.550457	0.449543
3O40-B-A	Positive	0.227247	0.772753
3VFV-C-A	Positive	0.170481	0.829519
3RK2-A-B	Positive	0.179915	0.820085
3PZD-B-A	Negative	0.544826	0.455174
3FOM-P-A	Positive	0.0795792	0.920421
3IFL-P-L	Positive	0.038552	0.961448
3ROF-B-A	Positive	0.0339838	0.966016
3BUX-A-B	Positive	0.0834381	0.916562
3ZOQ-B-A	Positive	0.0902615	0.909738
3MRR-P-A	Positive	0.191112	0.808888
3MIA-C-A	Negative	0.60318	0.39682
3ZEV-C-A	Positive	0.125796	0.874204
3ZEV-D-B	Positive	0.157023	0.842977
3L3D-C-A	Positive	0.0877435	0.912256
3WGX-C-A	Positive	0.0938215	0.906179
3WGX-D-B	Positive	0.0810659	0.918934
3WBK-C-A	Positive	0.0254392	0.974561
3U0T-E-C	Positive	0.259635	0.740365
3NTW-B-A	Positive	0.162973	0.837027
3NTW-D-A	Positive	0.183068	0.816932
3SGA-P-E	Positive	0.0724315	0.927568
3VEP-X-D	Positive	0.0628824	0.937118
3VEP-G-D	Positive	0.0383997	0.9616
3VEP-C-A	Positive	0.0676555	0.932344
3VEP-J-A	Positive	0.0676555	0.932344
3AUW-A-B	Positive	0.0862931	0.913707
3ZS9-C-A	Negative	0.662976	0.337024
3ZS9-D-A	Negative	0.502395	0.497605
3NCO-D-A	Positive	0.0898427	0.910157
3NCO-E-A	Positive	0.0744729	0.925527
3DPP-C-A	Negative	0.638466	0.361534
3NMD-B-A	Positive	0.467771	0.532229
3VCM-P-A	Positive	0.0836838	0.916316
3VCM-Q-A	Positive	0.0359718	0.964028
3F6K-N-A	Positive	0.164818	0.835182
3CS8-B-A	Positive	0.038125	0.961875
3BS4-B-A	Positive	0.217518	0.782482
3PE4-B-A	Positive	0.236808	0.763192
3FHV-C-A	Negative	0.758606	0.241394
3FQR-C-A	Positive	0.116889	0.883111
3DRJ-B-A	Positive	0.0155286	0.984471
3O6M-C-L	Positive	0.099479	0.900521
3AT0-B-A	Positive	0.0646174	0.935383
3G8F-B-A	Positive	0.232379	0.767621
3CBP-B-A	Positive	0.468528	0.531472
3LEX-P-H	Positive	0.0289295	0.97107
3ECH-C-A	Positive	0.0767737	0.923226
3NIK-X-A	Positive	0.0133429	0.986657
3LLY-B-A	Positive	0.238207	0.761793
3ZGC-C-A	Positive	0.350477	0.649523
3AW0-B-A	Positive	0.0250288	0.974971
3KZ0-C-A	Positive	0.0537299	0.94627
3F2O-C-A	Positive	0.153783	0.846217
3THK-C-A	Positive	0.171115	0.828885
3C59-B-A	Positive	0.115257	0.884743
3J2W-E-A	Positive	0.379345	0.620655
3R29-C-A	Positive	0.0454969	0.954503
3R29-D-B	Positive	0.0332658	0.966734
3HPJ-C-A	Positive	0.0854032	0.914597
3HR5-R-L	Positive	0.231581	0.768419
3HR5-S-A	Positive	0.0192659	0.980734
3HR5-T-P	Positive	0.0806434	0.919357
3HR5-V-I	Positive	0.027534	0.972466
3RCE-B-A	Positive	0.0254072	0.974593
3LK3-T-A	Negative	0.523081	0.476919
3RL7-H-B	Positive	0.222657	0.777343
3RL7-G-A	Positive	0.308004	0.691996
3RL7-L-A	Positive	0.0450405	0.954959
3RL7-K-E	Positive	0.149992	0.850008
3PVL-B-A	Negative	0.569652	0.430348
3SGE-K-L	Positive	0.0787183	0.921282
3DPQ-C-A	Negative	0.638466	0.361534
3AA6-C-A	Positive	0.184508	0.815492
3SOQ-Z-A	Positive	0.260211	0.739789
3TWS-E-A	Positive	0.186458	0.813542
3TWS-F-A	Positive	0.198203	0.801797
3TWS-H-A	Positive	0.100547	0.899453
3LCN-C-A	Positive	0.262042	0.737958
3LCN-D-B	Positive	0.0790523	0.920948
3N9N-C-A	Positive	0.0133723	0.986628
3AX3-B-A	Positive	0.107346	0.892654
3IEC-E-A	Positive	0.228301	0.771699
3SNE-H-A	Positive	0.0445794	0.955421
3TJ6-B-A	Positive	0.111373	0.888627
3HKJ-F-E	Positive	0.0551708	0.944829
3J92-1-C	Positive	0.067064	0.932936
3J92-w-H	Positive	0.0579778	0.942022
3J92-0-R	Positive	0.0817876	0.918212
3LK4-C-A	Negative	0.604735	0.395265
3FDO-B-A	Positive	0.178391	0.821609
3PO3-L-B	Negative	0.638613	0.361387
3HQR-S-A	Negative	0.50913	0.49087
3AVF-D-A	Positive	0.106443	0.893557
3R0H-a-A	Positive	0.0526293	0.947371
3EU7-X-A	Negative	0.525904	0.474096
3RWJ-C-A	Positive	0.0983752	0.901625
3H8D-E-A	Positive	0.406893	0.593107
3H8D-F-A	Positive	0.415214	0.584786
3H8D-H-A	Positive	0.415214	0.584786
3URI-B-A	Positive	0.450891	0.549109
3P4K-P-A	Positive	0.148182	0.851818
3ABD-X-A	Positive	0.0848102	0.91519
3ABD-Y-B	Positive	0.0819519	0.918048
3C4M-C-A	Negative	0.526245	0.473755
3E6F-P-A	Positive	0.274719	0.725281
3WOQ-C-A	Positive	0.325051	0.674949
3CVP-B-A	Positive	0.181184	0.818816
3DM1-B-A	Positive	0.0480927	0.951907
3DM1-D-A	Positive	0.100883	0.899117
3DM1-F-A	Positive	0.0480927	0.951907
3DM1-H-C	Positive	0.0291345	0.970866
3SHW-B-A	Positive	0.375102	0.624898
3E8U-P-H	Positive	0.0221714	0.977829
3TMH-D-A	Negative	0.877012	0.122988
3TMH-H-E	Positive	0.152415	0.847585
3TMH-L-E	Negative	0.718144	0.281856
3TMH-F-I	Positive	0.28167	0.71833
3DA9-D-B	Positive	0.129596	0.870404
3OA6-G-A	Positive	0.0531078	0.946892
3JR3-D-A	Positive	0.0317262	0.968274
3S04-J-A	Positive	0.0546638	0.945336
3T5I-Q-D	Positive	0.203953	0.796047
3GDU-D-A	Positive	0.0605686	0.939431
3U7U-G-A	Positive	0.397976	0.602024
3U7U-K-C	Positive	0.199808	0.800192
3L41-B-A	Positive	0.191553	0.808447
3GGW-E-A	Positive	0.142875	0.857125
3GGW-F-C	Positive	0.0742449	0.925755
3M1F-V-A	Positive	0.0623149	0.937685
3JTS-C-A	Positive	0.192122	0.807878
3EJH-E-A	Positive	0.107597	0.892403
3EJH-F-A	Positive	0.114651	0.885349
3PKN-B-A	Positive	0.066965	0.933035
3X23-B-A	Positive	0.148604	0.851396
3IIY-B-A	Positive	0.0548126	0.945187
3TZD-T-A	Positive	0.0378251	0.962175
3I89-B-A	Positive	0.177625	0.822375
3M94-C-A	Positive	0.0571061	0.942894
3RSE-Z-A	Positive	0.0449467	0.955053
3UFM-B-A	Positive	0.33355	0.66645
3LM1-B-A	Positive	0.15571	0.84429
3OTY-P-A	Positive	0.0671688	0.932831
4QUU-B-A	Positive	0.0586182	0.941382
4ZZJ-B-A	Positive	0.0392288	0.960771
4TY6-H-A	Negative	0.580632	0.419368
4WM0-D-A	Positive	0.265626	0.734374
4B18-B-A	Positive	0.202247	0.797753
4V0W-B-A	Positive	0.259643	0.740357
4YPI-G-C	Positive	0.307895	0.692105
4UF2-B-A	Positive	0.083278	0.916722
4PKF-C-A	Negative	0.720596	0.279404
4L0V-C-A	Negative	0.70987	0.29013
4X0W-P-U	Positive	0.22397	0.77603
4Q96-C-A	Positive	0.160235	0.839765
4Q96-F-A	Positive	0.160235	0.839765
4O4Y-A-L	Positive	0.374869	0.625131
4WJN-B-A	Positive	0.399075	0.600925
4TWJ-B-A	Positive	0.0187019	0.981298
4TQE-A-L	Positive	0.122298	0.877702
4IB5-D-A	Positive	0.0913219	0.908678
4CY2-C-A	Positive	0.0197629	0.980237
4CY2-D-A	Positive	0.180195	0.819805
4JOH-C-A	Positive	0.25706	0.74294
4JOH-D-A	Positive	0.209415	0.790585
4P6W-B-A	Positive	0.246345	0.753655
4RFO-N-G	Positive	0.176048	0.823952
4I51-C-A	Positive	0.194731	0.805269
4I51-D-B	Positive	0.121678	0.878322
4WFA-Z-K	Negative	0.734367	0.265633
4BT9-C-A	Positive	0.368564	0.631436
4Y8J-e-H	Positive	0.153192	0.846808
4PS0-C-A	Positive	0.0610527	0.938947
4LOQ-M-A	Positive	0.307423	0.692577
4LOQ-K-A	Positive	0.156446	0.843554
4M5T-B-A	Positive	0.402423	0.597577
4M5T-F-A	Positive	0.402423	0.597577
4M5T-H-G	Positive	0.404867	0.595133
4E18-B-A	Positive	0.48992	0.51008
4MZL-C-A	Positive	0.0691803	0.93082
4BQD-C-A	Negative	0.718182	0.281818
4APJ-P-A	Negative	0.568088	0.431912
4ES0-C-A	Positive	0.190489	0.809511
4ODP-B-A	Positive	0.450079	0.549921
4JFQ-C-A	Positive	0.0124864	0.987514
4MVB-B-C	Positive	0.104275	0.895725
4IF6-B-A	Positive	0.298454	0.701546
4WFN-2-C	Positive	0.233807	0.766193
4WLB-D-A	Positive	0.0647623	0.935238
4QBM-C-A	Positive	0.0173619	0.982638
4N7V-C-A	Positive	0.128947	0.871053
4LCY-C-A	Negative	0.57546	0.42454
4J48-B-A	Positive	0.0854106	0.914589
4OS6-B-A	Positive	0.0459891	0.954011
4J8B-B-A	Positive	0.0487778	0.951222
4HUV-C-A	Positive	0.0229686	0.977031
4CHB-C-A	Positive	0.0377754	0.962225
4C2G-C-A	Positive	0.151142	0.848858
4CE4-6-8	Positive	0.162448	0.837552
4CE4-7-F	Positive	0.0450359	0.954964
4V1V-C-A	Positive	0.391239	0.608761
4V1V-D-A	Positive	0.153616	0.846384
4KTS-B-A	Positive	0.076711	0.923289
4J2X-B-A	Positive	0.0539225	0.946078
4HLH-C-A	Negative	0.70987	0.29013
4HLH-D-A	Negative	0.70987	0.29013
4JFZ-P-L	Positive	0.242529	0.757471
4H2T-C-A	Negative	0.618793	0.381207
4LOR-D-A	Positive	0.213566	0.786434
4W50-E-A	Positive	0.378551	0.621449
4ISR-D-A	Positive	0.0921846	0.907815
4ISR-E-A	Positive	0.0921846	0.907815
4TT2-P-A	Positive	0.248128	0.751872
4R1E-B-A	Positive	0.149811	0.850189
4GLY-B-A	Positive	0.288613	0.711387
4GUX-D-A	Positive	0.331635	0.668365
4GPK-M-A	Positive	0.125796	0.874204
4V19-7-2	Positive	0.281374	0.718626
4YZH-B-A	Positive	0.0577118	0.942288
4ZHB-B-A	Positive	0.0447317	0.955268
4YA5-c-H	Positive	0.0136698	0.98633
4Q6H-B-A	Positive	0.0998472	0.900153
4ETO-P-A	Positive	0.197531	0.802469
4C5G-B-A	Negative	0.714725	0.285275
4YGW-b-B	Positive	0.0914736	0.908526
4N5T-B-A	Positive	0.158904	0.841096
4JTD-Y-H	Negative	0.850378	0.149622
4N0C-B-A	Positive	0.328561	0.671439
4HS8-A-H	Positive	0.0738516	0.926148
4CCO-C-A	Negative	0.552408	0.447592
4GDK-C-B	Positive	0.0764063	0.923594
4GDK-F-B	Positive	0.0486305	0.95137
4FL8-C-A	Positive	0.0126305	0.98737
4FL8-D-A	Positive	0.160795	0.839205
4RG9-S-A	Positive	0.0539375	0.946063
4EMZ-D-C	Positive	0.0486141	0.951386
4EMZ-E-B	Positive	0.0327377	0.967262
4WX4-C-A	Positive	0.198527	0.801473
4YR6-C-A	Positive	0.0863501	0.91365
4QRS-C-A	Positive	0.0360759	0.963924
4ZNY-B-A	Positive	0.0773517	0.922648
4RQI-E-A	Positive	0.0121944	0.987806
4RQI-F-A	Positive	0.0487568	0.951243
4RQI-G-C	Positive	0.0723414	0.927659
4RQI-H-C	Positive	0.0480763	0.951924
4JFX-P-L	Positive	0.12044	0.87956
4EN2-D-M	Positive	0.037249	0.962751
4EN2-E-B	Positive	0.0613304	0.93867
4B8P-C-A	Positive	0.143897	0.856103
4OI4-U-A	Positive	0.307399	0.692601
4OI4-D-C	Positive	0.0772713	0.922729
4ZOZ-Y-A	Positive	0.0809295	0.91907
4EZR-B-A	Negative	0.525426	0.474574
4XKH-E-A	Positive	0.0609642	0.939036
4XKH-C-F	Positive	0.0589292	0.941071
4ZIH-B-A	Positive	0.0351105	0.964889
4P6Z-V-G	Positive	0.0975241	0.902476
4P6Z-T-M	Positive	0.313104	0.686896
4X6S-L-A	Positive	0.0568956	0.943104
4CR4-Y-R	Positive	0.288232	0.711768
4ZKS-P-U	Positive	0.213185	0.786815
4PRD-C-A	Positive	0.221735	0.778265
4JOL-E-A	Positive	0.14789	0.85211
4JOL-H-B	Positive	0.123779	0.876221
4FQX-E-A	Positive	0.0449944	0.955006
4V3I-B-A	Positive	0.401019	0.598981
4ZNX-E-A	Negative	0.862808	0.137192
4ZNX-G-B	Negative	0.846488	0.153512
4XNH-F-A	Positive	0.261802	0.738198
4CC7-B-A	Positive	0.0417015	0.958299
4CC7-D-A	Positive	0.0419235	0.958077
4JS0-B-A	Positive	0.0358407	0.964159
4MNY-C-A	Positive	0.06781	0.93219
4JOG-C-A	Positive	0.294054	0.705946
4N3A-B-A	Positive	0.0297407	0.970259
4A2A-C-A	Positive	0.115182	0.884818
4A2A-D-B	Positive	0.121186	0.878814
4H1L-C-A	Positive	0.0666852	0.933315
4M1L-B-A	Positive	0.03535	0.96465
4QO2-B-A	Positive	0.0917652	0.908235
4NSK-C-A	Positive	0.121582	0.878418
4K78-B-A	Positive	0.102567	0.897433
4HHA-P-A	Positive	0.21468	0.78532
4FQ3-B-A	Positive	0.229648	0.770352
4O6F-B-A	Positive	0.271926	0.728074
4QSY-B-A	Positive	0.0651405	0.934859
4JIZ-B-A	Positive	0.10525	0.89475
4PG9-C-A	Negative	0.695401	0.304599
4YOS-E-A	Positive	0.106133	0.893867
4CCM-C-A	Positive	0.315545	0.684455
4CCM-D-B	Negative	0.550055	0.449945
4ZLX-A-B	Positive	0.382431	0.617569
4F7M-C-A	Positive	0.451244	0.548756
4YYD-Z-A	Positive	0.0616004	0.9384
4AFJ-X-A	Positive	0.0528777	0.947122
4QPQ-A-D	Negative	0.523457	0.476543
4Q6S-C-A	Positive	0.396162	0.603838
4M5S-B-A	Positive	0.350772	0.649228
4GU0-E-A	Positive	0.44204	0.55796
4A7J-B-A	Positive	0.337521	0.662479
4Y80-c-H	Positive	0.0277907	0.972209
4HTC-L-H	Positive	0.463303	0.536697
4OIH-B-A	Positive	0.210792	0.789208
4WWR-B-A	Positive	0.142025	0.857975
4WWR-H-A	Negative	0.617808	0.382192
4WWR-D-G	Negative	0.591575	0.408425
4I1P-B-A	Positive	0.444601	0.555399
4P3C-M-H	Negative	0.531881	0.468119
4R11-B-A	Negative	0.795156	0.204844
4R11-D-C	Negative	0.812463	0.187537
4R11-F-E	Positive	0.428247	0.571753
4WM7-D-A	Negative	0.609202	0.390798
4MNX-B-A	Positive	0.055823	0.944177
4E81-C-A	Negative	0.720289	0.279711
4ZRO-E-A	Positive	0.135004	0.864996
4XC1-P-L	Positive	0.00552193	0.994478
4J84-C-A	Positive	0.0269253	0.973075
4J84-D-B	Positive	0.0256669	0.974333
4Q0X-E-H	Positive	0.185664	0.814336
4PGD-C-A	Negative	0.79281	0.20719
4O97-B-A	Positive	0.0437907	0.956209
4BOS-F-A	Positive	0.377637	0.622363
4GAO-F-A	Positive	0.132613	0.867387
4GAO-H-A	Positive	0.263286	0.736714
4LX2-B-A	Positive	0.0128063	0.987194
4CDI-C-A	Positive	0.403189	0.596811
4OH6-B-A	Positive	0.165663	0.834337
4IMY-G-B	Negative	0.845308	0.154692
4OK1-B-A	Positive	0.238122	0.761878
4OGR-G-F	Negative	0.882862	0.117138
4A0K-B-A	Positive	0.0139529	0.986047
4X23-U-C	Positive	0.0535663	0.946434
4X23-V-E	Positive	0.487011	0.512989
4X23-X-H	Positive	0.0500383	0.949962
4X23-W-M	Negative	0.931555	0.0684446
4JYI-G-A	Positive	0.025657	0.974343
4R8T-A-B	Positive	0.0373437	0.962656
4BKL-E-A	Positive	0.0300629	0.969937
4BKL-F-A	Positive	0.0782452	0.921755
4BKL-G-A	Positive	0.0782452	0.921755
4LZF-B-A	Positive	0.435933	0.564067
4JOR-C-A	Positive	0.0132328	0.986767
4N7Y-C-A	Positive	0.0269696	0.97303
4TT3-H-A	Positive	0.0779306	0.922069
4TT3-I-B	Positive	0.061904	0.938096
4TT3-J-E	Positive	0.00644895	0.993551
4U0B-M-A	Positive	0.339188	0.660812
4U0B-N-A	Positive	0.3043	0.6957
4LNP-B-A	Negative	0.762542	0.237458
4QRR-P-A	Positive	0.401891	0.598109
4U0C-B-A	Positive	0.0585495	0.94145
4QY8-Q-A	Positive	0.084623	0.915377
4XEF-B-A	Positive	0.257306	0.742694
4XEF-C-A	Positive	0.157888	0.842112
4XEF-F-D	Positive	0.0605765	0.939424
4MZK-T-A	Positive	0.078627	0.921373
4FMN-C-A	Positive	0.140935	0.859065
4ZI1-B-A	Positive	0.0334918	0.966508
4XHV-B-A	Positive	0.0599307	0.940069
4JO3-P-L	Positive	0.127593	0.872407
4DLQ-B-A	Positive	0.110129	0.889871
4S1Z-G-A	Negative	0.503349	0.496651
4S1Z-J-A	Negative	0.56126	0.43874
4S1Z-I-A	Negative	0.560024	0.439976
4TT4-P-A	Positive	0.140341	0.859659
4XVJ-A-H	Positive	0.171392	0.828608
4GK5-C-A	Positive	0.26443	0.73557
4GK5-G-E	Positive	0.357031	0.642969
4PRB-C-A	Positive	0.221735	0.778265
4PV1-H-A	Positive	0.155809	0.844191
4PV1-F-B	Positive	0.056994	0.943006
4B1U-M-B	Negative	0.679369	0.320631
4PDW-D-A	Negative	0.56669	0.43331
4XPM-A-B	Positive	0.206433	0.793567
4BJ6-D-C	Negative	0.68056	0.31944
4JMG-B-A	Positive	0.192793	0.807207
4LN2-B-A	Negative	0.544773	0.455227
4D0G-C-A	Positive	0.472799	0.527201
4GBX-E-A	Positive	0.158382	0.841618
4G5R-E-A	Positive	0.360176	0.639824
4G5R-G-A	Positive	0.360176	0.639824
4PSW-C-A	Positive	0.0698227	0.930177
4UTV-C-A	Positive	0.232959	0.767041
4IUT-C-B	Positive	0.200759	0.799241
4B86-A-B	Negative	0.564097	0.435903
4B86-I-C	Positive	0.187218	0.812782
4B86-J-K	Positive	0.309772	0.690228
4AJU-B-A	Positive	0.079192	0.920808
4MNV-B-A	Positive	0.434398	0.565602
4MNV-C-A	Positive	0.070369	0.929631
4JOJ-C-A	Positive	0.306198	0.693802
4JOJ-D-B	Positive	0.278621	0.721379
4JOF-C-A	Positive	0.191375	0.808625
4JOF-D-B	Positive	0.170859	0.829141
4U7I-B-A	Positive	0.0466118	0.953388
4HQJ-G-A	Positive	0.241209	0.758791
4HQJ-E-C	Negative	0.567874	0.432126
4OJ9-B-A	Positive	0.221059	0.778941
4CIN-C-A	Positive	0.465779	0.534221
4CIN-D-B	Negative	0.57352	0.42648
4EDU-T-A	Positive	0.0471994	0.952801
4ZKB-B-A	Negative	0.714416	0.285584
4NB3-C-A	Positive	0.039785	0.960215
4RTV-B-A	Negative	0.862808	0.137192
4E05-I-H	Positive	0.0172628	0.982737
4M38-E-A	Positive	0.212242	0.787758
4M38-F-B	Positive	0.0606464	0.939354
4N84-C-A	Positive	0.0488702	0.95113
4CKT-C-A	Positive	0.14905	0.85095
4CKT-D-B	Positive	0.0288038	0.971196
4Z96-C-A	Positive	0.0711657	0.928834
4RWG-D-A	Positive	0.301728	0.698272
4RWG-F-C	Positive	0.207132	0.792868
4D7Z-A-B	Positive	0.460166	0.539834
4PGB-C-A	Positive	0.439691	0.560309
4H3Q-B-A	Positive	0.140331	0.859669
4BXW-F-A	Positive	0.0997294	0.900271
4AM9-B-A	Positive	0.0768817	0.923118
4JIJ-P-A	Positive	0.0491325	0.950868
4JIJ-Q-B	Positive	0.0491325	0.950868
4QJ8-E-A	Positive	0.38113	0.61887
4RG6-S-A	Positive	0.122843	0.877157
4QOY-E-A	Positive	0.0632452	0.936755
4B60-C-A	Positive	0.0399764	0.960024
4OEY-B-A	Positive	0.39495	0.60505
4Q94-C-A	Positive	0.295582	0.704418
4JZN-K-I	Positive	0.156109	0.843891
4D0C-C-A	Positive	0.123804	0.876196
4GW1-E-A	Positive	0.133826	0.866174
4J9H-G-A	Positive	0.294562	0.705438
4YEC-C-A	Positive	0.374543	0.625457
4B1Y-M-B	Positive	0.0553408	0.944659
4Z1M-H-A	Positive	0.0462801	0.95372
4Z1M-J-E	Positive	0.0248167	0.975183
4XIB-C-A	Positive	0.0928538	0.907146
4QYL-E-A	Positive	0.0182536	0.981746
4MDJ-C-A	Positive	0.063398	0.936602
4Z8M-C-A	Positive	0.113812	0.886188
4Z8M-D-A	Positive	0.30749	0.69251
4GVC-B-A	Positive	0.245898	0.754102
4RTW-B-A	Positive	0.228624	0.771376
4RTW-D-A	Negative	0.833088	0.166912
4RTW-E-A	Negative	0.80068	0.19932
4JR0-C-A	Positive	0.0154048	0.984595
4LKE-E-A	Positive	0.0407523	0.959248
4LKE-F-B	Positive	0.0253632	0.974637
4J2J-D-A	Positive	0.302215	0.697785
4J2J-E-A	Positive	0.25083	0.74917
4J2J-F-B	Positive	0.313099	0.686901
4MBQ-A-C	Positive	0.185063	0.814937
4MBQ-F-C	Negative	0.611257	0.388743
4B8Y-B-A	Positive	0.100226	0.899774
4N4I-B-A	Positive	0.280355	0.719645
4Y18-I-A	Positive	0.30198	0.69802
4Y18-L-D	Positive	0.118354	0.881646
4Y18-N-F	Positive	0.27744	0.72256
4WDI-C-A	Positive	0.351202	0.648798
4YA9-c-H	Positive	0.0277907	0.972209
4ZN8-B-A	Negative	0.501519	0.498481
4ZN8-C-A	Positive	0.32135	0.67865
4ZN8-D-A	Positive	0.443596	0.556404
4WJO-B-A	Positive	0.470647	0.529353
4RT4-E-C	Positive	0.294426	0.705574
4RT4-A-D	Negative	0.774371	0.225629
4E17-B-A	Positive	0.0872311	0.912769
4X01-D-A	Positive	0.473815	0.526185
4I7C-B-A	Positive	0.0540033	0.945997
4TKY-E-A	Positive	0.242322	0.757678
4UTQ-Z-A	Positive	0.146856	0.853144
4X3O-C-A	Positive	0.215111	0.784889
4J78-B-A	Positive	0.0654894	0.934511
4IHL-P-A	Positive	0.498556	0.501444
4GMN-B-A	Negative	0.898102	0.101898
4JWC-C-A	Positive	0.453053	0.546947
4JWC-D-A	Positive	0.453053	0.546947
4GEQ-F-A	Positive	0.156546	0.843454
4DM9-X-A	Positive	0.0292023	0.970798
4YK6-B-A	Positive	0.178593	0.821407
4N3B-B-A	Positive	0.0137165	0.986283
4B8L-D-A	Negative	0.7339	0.2661
4PC0-C-A	Positive	0.478904	0.521096
4BLD-E-A	Positive	0.0727881	0.927212
4Y8L-d-H	Positive	0.267094	0.732906
4Y8L-c-K	Positive	0.267094	0.732906
4U7E-A-B	Positive	0.0153714	0.984629
4K76-E-A	Positive	0.331399	0.668601
4K76-F-B	Positive	0.118299	0.881701
4K76-G-B	Positive	0.080829	0.919171
4K76-H-D	Positive	0.297864	0.702136
4U9W-F-A	Positive	0.0392723	0.960728
4U9W-E-B	Positive	0.0392723	0.960728
4C0H-C-A	Positive	0.0260013	0.973999
4C0H-D-B	Positive	0.313162	0.686838
4D0M-F-A	Negative	0.655969	0.344031
4NO2-C-A	Positive	0.152929	0.847071
4X1S-P-U	Positive	0.214299	0.785701
4R3P-B-A	Positive	0.28512	0.71488
4D6U-I-A	Negative	0.576643	0.423357
4D6U-V-N	Positive	0.164061	0.835939
4MEX-M-C	Positive	0.139699	0.860301
4HYB-C-A	Negative	0.824943	0.175057
4R6R-D-A	Positive	0.0243325	0.975668
4W9M-D-C	Positive	0.0283543	0.971646
4W9M-F-E	Positive	0.044919	0.955081
4W9M-L-K	Positive	0.032454	0.967546
4IXR-F-A	Negative	0.61952	0.38048
4IXR-J-A	Positive	0.168188	0.831812
4IXR-M-A	Positive	0.178395	0.821605
4IXR-T-A	Positive	0.0676986	0.932301
4IXR-t-B	Positive	0.0676986	0.932301
4IXR-X-D	Positive	0.189131	0.810869
4JOK-C-A	Positive	0.183858	0.816142
4JOK-D-B	Positive	0.308089	0.691911
4YO0-E-A	Positive	0.084262	0.915738
4YO0-F-C	Negative	0.567963	0.432037
4Y28-J-A	Positive	0.343439	0.656561
4Z0X-C-A	Positive	0.156109	0.843891
4H3K-F-E	Positive	0.395361	0.604639
4R6Q-B-A	Positive	0.061842	0.938158
4R6Q-F-A	Positive	0.050252	0.949748
4WRQ-C-A	Positive	0.245229	0.754771
4WRQ-D-B	Positive	0.191391	0.808609
4W2E-9-Q	Positive	0.0405966	0.959403
4W2E-u-m	Positive	0.263236	0.736764
4G91-A-B	Positive	0.0237974	0.976203
4REY-B-A	Positive	0.0523808	0.947619
4K0U-B-A	Positive	0.202208	0.797792
4NMR-C-A	Positive	0.442675	0.557325
4NMR-D-B	Positive	0.209415	0.790585
4ABI-B-A	Positive	0.465397	0.534603
4CSE-C-A	Positive	0.137749	0.862251
4CSE-D-B	Positive	0.163069	0.836931
4PZ6-Q-A	Positive	0.391679	0.608321
4FCM-C-A	Positive	0.0343243	0.965676
4ZRI-C-A	Positive	0.272979	0.727021
4ZRI-D-B	Positive	0.262104	0.737896
4PJ0-I-A	Positive	0.399921	0.600079
4PJ0-L-A	Positive	0.149105	0.850895
4PJ0-M-A	Positive	0.079079	0.920921
4PJ0-T-A	Positive	0.217543	0.782457
4PJ0-t-B	Positive	0.217543	0.782457
4PJ0-Y-C	Negative	0.598189	0.401811
4PJ0-R-E	Positive	0.222818	0.777182
4PJ0-j-a	Positive	0.417991	0.582009
4PJ0-l-a	Positive	0.149105	0.850895
4PJ0-r-e	Negative	0.688415	0.311585
4ZHM-P-U	Positive	0.279629	0.720371
4WNN-T-C	Positive	0.0864986	0.913501
4JWI-C-A	Positive	0.22422	0.77578
4OWW-C-A	Positive	0.46904	0.53096
4A0I-C-A	Positive	0.0450052	0.954995
4PN1-E-A	Positive	0.274528	0.725472
4BA3-B-A	Positive	0.0883527	0.911647
4ODL-D-A	Positive	0.145158	0.854842
4ODL-C-B	Positive	0.0881602	0.91184
4D8I-B-A	Positive	0.101717	0.898283
4QNZ-B-A	Positive	0.0760698	0.92393
4NMT-C-A	Positive	0.0816154	0.918385
4NMT-D-B	Positive	0.226958	0.773042
4BPJ-D-A	Positive	0.317585	0.682415
4H2V-C-A	Positive	0.257269	0.742731
4EAK-B-A	Negative	0.786939	0.213061
4Z63-P-A	Positive	0.0276826	0.972317
4UEC-B-A	Negative	0.731075	0.268925
4GKV-P-B	Positive	0.213267	0.786733
4NXM-U-M	Positive	0.354881	0.645119
4OH9-B-A	Positive	0.155329	0.844671
4F7P-C-A	Positive	0.151026	0.848974
4FJ3-P-A	Positive	0.238894	0.761106
4UWX-C-A	Positive	0.0861974	0.913803
4UWX-D-B	Positive	0.101457	0.898543
4KMD-B-A	Positive	0.0827942	0.917206
4CRI-C-A	Positive	0.374227	0.625773
4CRI-D-A	Negative	0.515397	0.484603
4AF3-D-A	Positive	0.260571	0.739429
4O42-B-A	Positive	0.0250419	0.974958
4N8C-X-H	Positive	0.019446	0.980554
4N8C-Y-I	Positive	0.115127	0.884873
4EHQ-G-A	Positive	0.148504	0.851496
4O27-C-A	Positive	0.0239243	0.976076
4QRQ-C-A	Positive	0.0760948	0.923905
4Y1C-C-A	Negative	0.668139	0.331861
4BV2-E-A	Positive	0.0236765	0.976324
4INH-M-A	Positive	0.0388012	0.961199
4Y1D-D-A	Negative	0.594101	0.405899
4GP4-C-A	Positive	0.121821	0.878179
4EXT-B-C	Positive	0.116223	0.883777
4H62-K-Q	Positive	0.0811991	0.918801
4H62-V-Q	Positive	0.0419588	0.958041
4TXQ-C-A	Positive	0.0784825	0.921518
4TXQ-D-B	Positive	0.127781	0.872219
4ADX-5-E	Positive	0.186989	0.813011
4NMP-C-A	Positive	0.22782	0.77218
4NMP-D-B	Positive	0.289585	0.710415
4MJH-B-A	Negative	0.523789	0.476211
4NQL-C-A	Positive	0.399436	0.600564
4WPI-D-A	Positive	0.271329	0.728671
4HTV-B-A	Positive	0.207233	0.792767
4ITZ-C-A	Negative	0.536988	0.463012
4J9I-B-A	Positive	0.377805	0.622195
4AR2-P-A	Positive	0.0843089	0.915691
4C93-D-A	Positive	0.121285	0.878715
4HFX-C-A	Positive	0.236673	0.763327
4OZG-J-A	Positive	0.20843	0.79157
4OZG-I-C	Positive	0.342201	0.657799
4MVI-B-A	Positive	0.14433	0.85567
4AFX-B-A	Positive	0.0358658	0.964134
4TNI-F-A	Negative	0.61952	0.38048
4TNI-M-A	Positive	0.178395	0.821605
4CH8-C-D	Positive	0.336103	0.663897
4CH8-G-D	Negative	0.572052	0.427948
4CH8-Q-D	Positive	0.0206206	0.979379
4UQZ-B-A	Positive	0.0994863	0.900514
4D2G-E-A	Negative	0.722285	0.277715
4HUU-C-A	Positive	0.0589512	0.941049
4XAL-B-A	Positive	0.0643236	0.935676
4U1L-C-A	Positive	0.462938	0.537062
4U1L-F-D	Positive	0.462938	0.537062
4FT4-Q-B	Positive	0.236322	0.763678
4BXR-C-A	Positive	0.435933	0.564067
4BXR-D-B	Positive	0.44753	0.55247
4EZ1-L-A	Positive	0.138157	0.861843
4DOW-C-A	Positive	0.0255083	0.974492
4DOW-D-A	Positive	0.0086791	0.991321
4BD2-C-A	Positive	0.0702658	0.929734
4IUV-C-A	Positive	0.203921	0.796079
4GKG-F-A	Positive	0.432077	0.567923
4V11-B-A	Positive	0.0485468	0.951453
4ZJV-C-A	Positive	0.22424	0.77576
4ZJV-D-B	Negative	0.591025	0.408975
4NQV-M-A	Positive	0.0969028	0.903097
4HVU-B-A	Negative	0.862808	0.137192
4OZ1-C-A	Positive	0.132083	0.867917
4EOY-D-A	Positive	0.0408712	0.959129
4EOY-F-C	Positive	0.0408712	0.959129
4LOP-K-A	Positive	0.139356	0.860644
4LOP-N-B	Positive	0.108413	0.891587
4A5X-C-A	Positive	0.0822791	0.917721
4A5X-D-A	Positive	0.0550721	0.944928
4TWI-B-A	Positive	0.0300473	0.969953
4LLG-M-C	Negative	0.813916	0.186084
4LLG-N-I	Negative	0.832661	0.167339
4O9W-B-A	Positive	0.402619	0.597381
4F27-Q-A	Positive	0.208388	0.791612
4YI0-A-C	Positive	0.229128	0.770872
4BQ8-B-C	Positive	0.0623279	0.937672
4YM4-B-A	Positive	0.157607	0.842393
4CVZ-C-A	Positive	0.0323003	0.9677
4V0V-B-A	Positive	0.470519	0.529481
4V0V-D-C	Positive	0.191847	0.808153
4RRV-B-A	Positive	0.0431817	0.956818
4H3H-F-E	Positive	0.429171	0.570829
4QX7-E-A	Negative	0.551277	0.448723
4QX7-F-C	Negative	0.523162	0.476838
4UEA-B-A	Positive	0.166204	0.833796
4UEA-D-C	Positive	0.356674	0.643326
4F00-B-A	Positive	0.271817	0.728183
4DEX-B-A	Positive	0.0907586	0.909241
4R6O-F-A	Positive	0.050252	0.949748
4J81-D-A	Positive	0.305257	0.694743
4Z2P-P-A	Positive	0.195736	0.804264
4Z2P-C-A	Negative	0.5996	0.4004
4HAB-D-A	Positive	0.148022	0.851978
4U1J-C-A	Positive	0.211794	0.788206
4ZIG-B-A	Positive	0.055077	0.944923
4JDH-B-A	Positive	0.0702654	0.929735
4ZXL-H-A	Positive	0.0406164	0.959384
4MMY-C-A	Positive	0.0540112	0.945989
4N78-P-A	Positive	0.0648343	0.935166
4YFB-B-A	Positive	0.473609	0.526391
4YFB-E-A	Positive	0.235357	0.764643
4YFB-K-G	Negative	0.513315	0.486685
4EIK-B-A	Positive	0.0841347	0.915865
4J1V-E-A	Positive	0.299642	0.700358
4J1V-G-A	Positive	0.214122	0.785878
4AW9-I-A	Positive	0.0430819	0.956918
4D0Z-X-B	Positive	0.018047	0.981953
4HH6-Z-A	Negative	0.690208	0.309792
4YIZ-B-A	Negative	0.566255	0.433745
4THN-I-H	Positive	0.106808	0.893192
4M91-B-A	Positive	0.0996281	0.900372
4NM5-B-A	Positive	0.374164	0.625836
4NM5-C-A	Positive	0.472895	0.527105
4QIW-W-A	Negative	0.666814	0.333186
4U1S-C-A	Positive	0.496258	0.503742
4NUT-B-A	Positive	0.0206918	0.979308
4EDN-L-A	Positive	0.232352	0.767648
4EDN-O-E	Positive	0.0233909	0.976609
4EDN-Q-E	Positive	0.0543036	0.945696
4EDN-P-F	Positive	0.00864274	0.991357
4LKL-B-A	Positive	0.129579	0.870421
4JZO-J-A	Positive	0.110573	0.889427
4KTX-B-A	Positive	0.137391	0.862609
4BWQ-B-A	Positive	0.0820458	0.917954
4BWQ-D-A	Positive	0.242145	0.757855
4BWQ-F-C	Positive	0.0919943	0.908006
4D2M-B-A	Positive	0.0753705	0.924629
4D2M-D-C	Positive	0.0541132	0.945887
4UUB-D-A	Positive	0.232959	0.767041
4UE4-B-C	Positive	0.396638	0.603362
4KYT-B-A	Positive	0.100444	0.899556
4KYT-C-A	Positive	0.0808998	0.9191
4ZDU-B-A	Positive	0.101181	0.898819
4IZY-B-A	Positive	0.399138	0.600862
4G35-B-A	Positive	0.47008	0.52992
4MZ5-A-E	Positive	0.252614	0.747386
4MZ5-C-E	Positive	0.110313	0.889687
4N9G-C-A	Positive	0.205717	0.794283
4N9G-Z-A	Positive	0.0777422	0.922258
4N9G-D-E	Positive	0.0764629	0.923537
4PZ3-C-B	Positive	0.00525488	0.994745
4DOR-C-A	Positive	0.132853	0.867147
4YGX-E-D	Positive	0.430257	0.569743
4WHT-a-A	Positive	0.065899	0.934101
4WHT-c-C	Positive	0.0775594	0.922441
4WHT-o-O	Positive	0.108125	0.891875
4WHT-q-Q	Positive	0.130995	0.869005
4JG0-P-L	Positive	0.154847	0.845153
4XTR-G-A	Positive	0.13585	0.86415
4OR5-E-B	Positive	0.360871	0.639129
4OR5-J-B	Positive	0.360871	0.639129
4X3E-B-A	Positive	0.425892	0.574108
4G71-C-A	Positive	0.121821	0.878179
4NO0-C-A	Positive	0.0700808	0.929919
4FBY-T-A	Positive	0.0676986	0.932301
4GRV-B-A	Positive	0.120814	0.879186
4HEE-Y-X	Positive	0.134259	0.865741
4B4S-B-A	Positive	0.0395334	0.960467
4ODK-B-A	Positive	0.0259869	0.974013
4ODK-C-A	Positive	0.0286983	0.971302
4NW2-B-A	Positive	0.196131	0.803869
4NW2-D-C	Positive	0.101473	0.898527
4Y6O-C-A	Positive	0.26344	0.73656
4EZT-B-A	Positive	0.208819	0.791181
4I2W-B-A	Positive	0.148293	0.851707
4NF9-C-A	Positive	0.0574926	0.942507
4MGX-B-A	Positive	0.264811	0.735189
4OH4-E-A	Positive	0.0278847	0.972115
4CCN-C-A	Positive	0.293788	0.706212
4K7F-C-A	Positive	0.0779036	0.922096
4HCZ-C-A	Negative	0.569033	0.430967
4HCZ-D-B	Positive	0.249795	0.750205
4XGQ-B-A	Positive	0.464433	0.535567
4I9C-C-A	Positive	0.121206	0.878794
4L67-B-A	Negative	0.846371	0.153629
4M1Z-C-A	Positive	0.0824029	0.917597
4M1Z-D-B	Positive	0.0687722	0.931228
4WIH-B-A	Positive	0.182453	0.817547
4Y2G-B-A	Positive	0.494398	0.505602
4SRN-B-A	Positive	0.106348	0.893652
4RTZ-B-A	Positive	0.298808	0.701192
4O45-B-A	Positive	0.0278593	0.972141
4OWT-C-A	Negative	0.558768	0.441232
4USL-D-A	Positive	0.0686456	0.931354
4PBZ-B-A	Positive	0.123138	0.876862
4N1A-G-A	Positive	0.0900255	0.909974
4N1A-H-B	Positive	0.0700958	0.929904
4N1A-J-C	Positive	0.15371	0.84629
4N1A-K-E	Positive	0.0787861	0.921214
4DJZ-H-B	Negative	0.83107	0.16893
4DJZ-I-B	Positive	0.397987	0.602013
4HRG-C-A	Positive	0.119735	0.880265
4TK3-C-A	Positive	0.455897	0.544103
4TK3-D-A	Positive	0.47799	0.52201
4QXH-F-C	Positive	0.493688	0.506312
4OIU-B-A	Positive	0.0995337	0.900466
4RWV-B-A	Positive	0.122688	0.877312
4E6K-H-C	Positive	0.302788	0.697212
4DJ9-B-A	Positive	0.230191	0.769809
4TZQ-B-A	Negative	0.609312	0.390688
4GUU-B-A	Positive	0.0726472	0.927353
4MS8-B-C	Positive	0.0923342	0.907666
4JX7-B-A	Positive	0.195462	0.804538
4R6N-D-A	Positive	0.061842	0.938158
4UM9-E-A	Positive	0.0406382	0.959362
4UM9-F-C	Positive	0.0433367	0.956663
4Z68-E-A	Positive	0.0298107	0.970189
4RET-G-A	Positive	0.108765	0.891235
4RET-E-C	Positive	0.108765	0.891235
4HXJ-C-A	Positive	0.16368	0.83632
4B45-B-A	Positive	0.0796174	0.920383
4G9F-C-A	Positive	0.0363529	0.963647
4FJC-C-A	Positive	0.081674	0.918326
4FJC-G-A	Positive	0.443375	0.556625
4Y3U-B-A	Positive	0.111127	0.888873
4APR-I-E	Positive	0.132398	0.867602
4GPL-A-B	Negative	0.930232	0.0697678
4UE8-B-A	Positive	0.432089	0.567911
4N5E-B-C	Positive	0.108325	0.891675
4X3H-B-A	Positive	0.0712686	0.928731
4L8C-I-A	Positive	0.180228	0.819772
4M7C-C-A	Positive	0.0963472	0.903653
4NNL-C-A	Positive	0.193815	0.806185
4C2D-E-A	Positive	0.0347759	0.965224
4C2D-M-A	Positive	0.141239	0.858761
4C2D-N-B	Positive	0.131034	0.868966
4C2D-H-D	Positive	0.0571956	0.942804
4C2D-P-D	Positive	0.0174511	0.982549
4I80-B-A	Positive	0.0311624	0.968838
4OZ6-B-A	Positive	0.0755712	0.924429
4GZF-C-A	Positive	0.0702635	0.929736
4O30-C-A	Positive	0.0333805	0.96662
4O30-D-B	Positive	0.0782479	0.921752
4S0R-O-A	Positive	0.113082	0.886918
4YWC-C-A	Positive	0.0379139	0.962086
4JO9-A-B	Positive	0.21069	0.78931
4JO9-C-B	Positive	0.244987	0.755013
4Y8K-d-H	Positive	0.267094	0.732906
4Y8K-c-K	Positive	0.267094	0.732906
4IV1-D-A	Positive	0.0875461	0.912454
4TZS-C-A	Positive	0.157641	0.842359
4K7L-A-B	Positive	0.1893	0.8107
4ESG-D-A	Positive	0.106301	0.893699
4J8G-D-A	Positive	0.0589996	0.941
4J8G-C-B	Positive	0.32909	0.67091
4YXB-C-A	Positive	0.112256	0.887744
4YXB-D-A	Positive	0.0165872	0.983413
4B7K-B-A	Positive	0.0706922	0.929308
4NGE-B-A	Positive	0.11793	0.88207
4NGE-E-D	Positive	0.00790231	0.992098
4KTY-C-A	Positive	0.144306	0.855694
4ZFZ-C-A	Positive	0.0227205	0.977279
4WNG-B-A	Positive	0.0979767	0.902023
4ZFO-K-L	Positive	0.392752	0.607248
4ZFO-F-B	Positive	0.127748	0.872252
4OS1-B-A	Positive	0.0837653	0.916235
4FTB-D-A	Negative	0.720546	0.279454
4FTB-E-A	Positive	0.374625	0.625375
4FTB-F-C	Negative	0.63386	0.36614
4NRX-P-H	Positive	0.0157776	0.984222
4NRX-C-A	Positive	0.00894521	0.991055
4JFO-C-A	Positive	0.0177588	0.982241
4HAN-C-A	Negative	0.539882	0.460118
4RWD-H-A	Positive	0.138651	0.861349
4WFB-Z-K	Negative	0.734367	0.265633
4ZRK-E-A	Positive	0.110573	0.889427
4ZRK-G-C	Positive	0.148182	0.851818
4NUV-C-A	Positive	0.0345974	0.965403
4QQI-X-A	Negative	0.766151	0.233849
4XOA-B-A	Positive	0.091665	0.908335
4XGZ-a-A	Positive	0.0251844	0.974816
4XGZ-c-C	Positive	0.00898105	0.991019
4XGZ-e-E	Positive	0.0292417	0.970758
4XGZ-j-H	Positive	0.0205285	0.979472
4XOD-B-A	Positive	0.118868	0.881132
4OED-B-A	Positive	0.0366627	0.963337
4X5W-C-A	Positive	0.206075	0.793925
4MDD-C-A	Positive	0.0384294	0.961571
4MDD-D-A	Positive	0.0119097	0.98809
4X3S-D-A	Positive	0.0952337	0.904766
4ERZ-E-A	Positive	0.0510122	0.948988
4LGD-E-A	Positive	0.468971	0.531029
4LGD-F-A	Negative	0.70854	0.29146
4LGD-G-C	Positive	0.468075	0.531925
4LGD-H-C	Negative	0.813957	0.186043
4SGA-P-E	Positive	0.493018	0.506982
4ZTO-P-L	Positive	0.338125	0.661875
4ZTO-Q-M	Positive	0.0589239	0.941076
4TUK-I-H	Positive	0.115617	0.884383
4Z89-a-A	Positive	0.367594	0.632406
4Z89-e-A	Positive	0.217629	0.782371
4Z89-b-B	Positive	0.128935	0.871065
4Z89-f-B	Positive	0.194667	0.805333
4Z89-i-D	Positive	0.334159	0.665841
4Z0Z-E-A	Positive	0.431922	0.568078
4Z0Z-G-B	Positive	0.386966	0.613034
4Z0Z-H-D	Positive	0.123539	0.876461
4F73-C-A	Positive	0.0607286	0.939271
4F73-D-A	Positive	0.0578551	0.942145
4K3O-E-A	Positive	0.0838558	0.916144
4PO6-B-A	Positive	0.0376625	0.962337
4JDD-B-A	Positive	0.0442049	0.955795
4WM8-D-A	Negative	0.676446	0.323554
4RFN-M-G	Positive	0.199565	0.800435
4UEB-B-A	Positive	0.407681	0.592319
4I7Z-D-A	Negative	0.641851	0.358149
4I7Z-G-A	Positive	0.147547	0.852453
4I7Z-E-C	Positive	0.461949	0.538051
4WNL-F-C	Positive	0.174346	0.825654
4WNL-H-A	Positive	0.0475064	0.952494
4A1X-C-A	Positive	0.141751	0.858249
4A1X-D-B	Positive	0.165168	0.834832
4Y8Q-c-K	Positive	0.0136698	0.98633
4ZII-C-A	Positive	0.0362687	0.963731
4J6S-E-A	Positive	0.0781123	0.921888
4J6S-F-B	Positive	0.0221413	0.977859
4UD7-F-A	Positive	0.268093	0.731907
4UD7-G-A	Positive	0.268093	0.731907
4UD7-H-C	Positive	0.176892	0.823108
4UD7-I-D	Positive	0.208002	0.791998
4PXM-C-A	Positive	0.117982	0.882018
4PXM-D-B	Positive	0.151794	0.848206
4EZZ-B-A	Positive	0.215614	0.784386
4FZ1-D-A	Positive	0.282049	0.717951
4Y3B-C-A	Positive	0.19645	0.80355
4Y3B-D-B	Positive	0.274146	0.725854
4DS1-B-A	Positive	0.051347	0.948653
4DS1-D-A	Positive	0.0605362	0.939464
4NQX-M-A	Positive	0.133307	0.866693
4AOK-A-B	Positive	0.0366533	0.963347
4AOK-D-B	Positive	0.0493875	0.950613
4XH2-a-A	Positive	0.0207225	0.979278
4XH2-c-C	Positive	0.126621	0.873379
4XH2-e-E	Positive	0.022636	0.977364
4LD3-B-A	Positive	0.292234	0.707766
4YZ6-B-A	Positive	0.243436	0.756564
4JO1-P-L	Positive	0.328588	0.671412
4PD1-C-A	Positive	0.406431	0.593569
4BB2-B-A	Positive	0.0879296	0.91207
4PZ8-B-A	Positive	0.110988	0.889012
4A1S-C-A	Positive	0.41372	0.58628
4A1S-E-B	Positive	0.0421712	0.957829
4Z0Y-E-A	Positive	0.20909	0.79091
4Z0Y-F-B	Positive	0.284362	0.715638
4Z0Y-H-B	Positive	0.296436	0.703564
4ZUH-C-A	Positive	0.29209	0.70791
4GAJ-P-H	Positive	0.222979	0.777021
4APO-E-A	Positive	0.0487855	0.951215
4MQV-B-A	Positive	0.214256	0.785744
4LPZ-C-B	Positive	0.173076	0.826924
4LPZ-D-B	Positive	0.327893	0.672107
4WVI-D-A	Positive	0.02183	0.97817
4IHG-I-A	Negative	0.517792	0.482208
4IHG-L-D	Positive	0.0682624	0.931738
4CQO-B-A	Positive	0.486299	0.513701
4CQO-D-A	Negative	0.553476	0.446524
4Z33-C-A	Positive	0.0321919	0.967808
4Z33-D-B	Positive	0.00538015	0.99462
4E35-C-A	Positive	0.110617	0.889383
4E35-D-B	Positive	0.174417	0.825583
4JL0-C-A	Positive	0.111766	0.888234
4JL0-D-B	Positive	0.143853	0.856147
4AU2-E-A	Negative	0.694496	0.305504
4AU2-F-A	Negative	0.694496	0.305504
4AU2-G-A	Negative	0.720504	0.279496
4AU2-J-B	Negative	0.648177	0.351823
4IS6-C-A	Positive	0.0629653	0.937035
4OJK-C-A	Positive	0.0755902	0.92441
4OJK-D-B	Positive	0.228968	0.771032
4MJ5-C-A	Positive	0.24031	0.75969
4XSS-B-E	Positive	0.169643	0.830357
4XSS-F-E	Positive	0.117736	0.882264
4XC2-E-A	Positive	0.0514861	0.948514
4E9D-E-A	Positive	0.119556	0.880444
4TZL-C-A	Positive	0.0156946	0.984305
4TZL-D-B	Negative	0.55458	0.44542
4AKT-C-A	Positive	0.0953762	0.904624
4OS7-B-A	Positive	0.0837653	0.916235
4C5E-E-A	Positive	0.309272	0.690728
4FWF-E-A	Positive	0.211747	0.788253
4UB8-I-A	Positive	0.334416	0.665584
4UB8-J-A	Positive	0.0637537	0.936246
4UB8-j-a	Positive	0.0637537	0.936246
4QVE-B-A	Positive	0.0349294	0.965071
4XI7-C-A	Positive	0.248476	0.751524
4AIM-C-A	Positive	0.0590431	0.940957
4JDK-B-A	Positive	0.0816495	0.91835
4GOW-A-D	Positive	0.0499218	0.950078
4WQP-P-A	Positive	0.339688	0.660312
4N0Y-A-H	Positive	0.0381464	0.961854
4U6G-P-H	Positive	0.0224924	0.977508
4BPI-B-A	Positive	0.390343	0.609657
4QRU-C-A	Positive	0.0360759	0.963924
4LXL-D-A	Positive	0.0139536	0.986046
4M1D-P-L	Positive	0.396949	0.603051
4XW6-B-A	Positive	0.0980345	0.901966
4D6T-I-A	Negative	0.506866	0.493134
4P7I-C-A	Positive	0.0434549	0.956545
4P7I-D-B	Positive	0.30821	0.69179
4MXQ-B-C	Positive	0.365011	0.634989
4MVK-B-A	Positive	0.172093	0.827907
4CPA-I-A	Negative	0.673307	0.326693
4ODQ-B-A	Positive	0.283691	0.716309
4ZKO-P-U	Positive	0.0053841	0.994616
4ZKO-Q-U	Positive	0.0643909	0.935609
4RWF-B-A	Positive	0.164757	0.835243
4Z8A-B-A	Positive	0.363125	0.636875
4QUT-B-A	Positive	0.0335697	0.96643
4XZ1-B-A	Positive	0.233987	0.766013
4NM0-B-A	Positive	0.229538	0.770462
4M9S-E-A	Positive	0.0926859	0.907314
4M9S-F-B	Positive	0.302493	0.697507
4M9S-H-D	Positive	0.402854	0.597146
4WYU-D-A	Positive	0.274596	0.725404
4BZI-F-A	Negative	0.741962	0.258038
4BZI-N-D	Negative	0.865515	0.134485
4CIM-P-A	Negative	0.849336	0.150664
4JK5-B-A	Positive	0.351486	0.648514
4XBE-P-L	Positive	0.00650501	0.993495
4MP0-B-A	Positive	0.120776	0.879224
4MP0-D-C	Positive	0.116446	0.883554
4LLB-C-A	Positive	0.33608	0.66392
4F75-C-A	Positive	0.0140498	0.98595
4F75-D-A	Positive	0.0980608	0.901939
4WB7-I-A	Positive	0.0273174	0.972683
4PBU-F-A	Positive	0.19996	0.80004
4PBU-J-A	Positive	0.0637537	0.936246
4PBU-M-A	Positive	0.178395	0.821605
4PBU-t-B	Positive	0.273367	0.726633
4PBU-f-a	Positive	0.110703	0.889297
4PBU-j-a	Positive	0.417848	0.582152
4F56-C-A	Positive	0.120581	0.879419
4N7Z-B-A	Positive	0.182659	0.817341
4JOP-C-A	Positive	0.138184	0.861816
4N8V-C-G	Positive	0.0410871	0.958913
4FTG-C-A	Positive	0.0314797	0.96852
4FTG-D-A	Positive	0.129086	0.870914
4FTG-E-A	Positive	0.137263	0.862737
4TMA-I-A	Negative	0.652576	0.347424
4TMA-L-G	Negative	0.511935	0.488065
4JLU-B-A	Positive	0.240462	0.759538
4FM6-C-B	Positive	0.268347	0.731653
4QMG-F-A	Positive	0.0961669	0.903833
4QMG-G-B	Positive	0.11527	0.88473
4QMG-H-C	Positive	0.374029	0.625971
4QMG-I-D	Positive	0.0192137	0.980786
4ZHL-P-U	Positive	0.4547	0.5453
4K74-C-A	Positive	0.379948	0.620052
4K74-D-B	Positive	0.214573	0.785427
4UX6-A-B	Positive	0.0995721	0.900428
4U91-B-A	Negative	0.68919	0.31081
4U91-E-A	Negative	0.68919	0.31081
4IL6-F-A	Positive	0.19996	0.80004
4IL6-J-A	Positive	0.0876203	0.91238
4IL6-T-A	Positive	0.165594	0.834406
4IL6-Y-C	Positive	0.272774	0.727226
4IL6-f-a	Positive	0.110703	0.889297
4IL6-j-a	Positive	0.0876203	0.91238
4IL6-y-c	Positive	0.272774	0.727226
4MI8-C-A	Positive	0.0695598	0.93044
4MI8-D-B	Positive	0.0467114	0.953289
4YNL-D-B	Positive	0.123859	0.876141
4GUR-C-A	Negative	0.878705	0.121295
4CYD-F-A	Negative	0.786028	0.213972
4CYD-H-A	Negative	0.781749	0.218251
4U4A-D-A	Negative	0.666664	0.333336
4U4A-E-B	Positive	0.349435	0.650565
4RVY-l-a	Negative	0.512605	0.487395
4PRE-C-A	Positive	0.374938	0.625062
4AYA-B-A	Negative	0.583207	0.416793
4O51-M-L	Positive	0.286498	0.713502
4JMH-B-A	Positive	0.237522	0.762478
4UG3-D-C	Positive	0.403261	0.596739
4EP2-B-A	Positive	0.196156	0.803844
4Z88-M-A	Positive	0.227615	0.772385
4Z88-P-A	Positive	0.127638	0.872362
4Z88-N-B	Positive	0.309173	0.690827
4Z88-O-C	Positive	0.272184	0.727816
4Z88-Q-E	Positive	0.0267231	0.973277
4Z88-R-F	Positive	0.121607	0.878393
4Z88-T-H	Positive	0.0741367	0.925863
4Z88-W-H	Positive	0.110949	0.889051
4Z88-X-I	Positive	0.0768289	0.923171
4J9F-B-A	Positive	0.403914	0.596086
4UZ3-C-A	Negative	0.66514	0.33486
4OGQ-G-A	Negative	0.586403	0.413597
4OGQ-H-A	Positive	0.471913	0.528087
4YYK-C-A	Positive	0.0769729	0.923027
4TZM-D-B	Positive	0.419741	0.580259
4CC9-C-A	Positive	0.111537	0.888463
4WSI-X-A	Positive	0.276605	0.723395
4UF3-B-A	Positive	0.126623	0.873377
4XXC-B-A	Positive	0.0458801	0.95412
4FDD-B-A	Positive	0.456656	0.543344
4F0Z-C-A	Positive	0.146106	0.853894
4QBS-P-A	Positive	0.0772054	0.922795
4Z8J-B-A	Positive	0.0247155	0.975285
4J7F-B-A	Positive	0.301255	0.698745
4JML-E-A	Positive	0.0574732	0.942527
4MDI-C-A	Positive	0.0680033	0.931997
4M9Y-C-A	Positive	0.434166	0.565834
4M9Y-D-B	Positive	0.354077	0.645923
4QH8-C-A	Positive	0.0761934	0.923807
4QH8-D-A	Positive	0.0537513	0.946249
4B1V-M-A	Positive	0.12664	0.87336
4DRW-E-A	Positive	0.0913527	0.908647
4N3C-B-A	Positive	0.0106838	0.989316
4DJS-B-A	Positive	0.0436905	0.956309
4C5A-C-A	Positive	0.123307	0.876693
4B7Y-A-C	Negative	0.845474	0.154526
4B7Y-B-C	Negative	0.823059	0.176941
4FU4-C-A	Positive	0.0919279	0.908072
4UU8-D-A	Positive	0.232959	0.767041
4WVS-B-A	Positive	0.0952862	0.904714
4GFU-F-A	Positive	0.103037	0.896963
4GF3-B-A	Positive	0.199623	0.800377
4EJE-C-A	Positive	0.287536	0.712464
4GO6-A-B	Positive	0.138416	0.861584
4GO6-C-B	Positive	0.0938999	0.9061
4Y3O-C-A	Positive	0.495934	0.504066
4K38-D-A	Positive	0.0703263	0.929674
4K38-C-B	Positive	0.294345	0.705655
4H3B-B-A	Positive	0.266881	0.733119
4D69-P-A	Negative	0.553852	0.446148
4D69-R-B	Positive	0.387107	0.612893
4D69-U-E	Positive	0.494195	0.505805
4D69-X-E	Negative	0.664261	0.335739
4V1T-C-A	Positive	0.0719463	0.928054
4V1T-D-A	Positive	0.0366108	0.963389
4IGK-C-A	Positive	0.253921	0.746079
4IGK-D-B	Positive	0.19525	0.80475
4AK4-B-A	Positive	0.0601078	0.939892
4AK4-D-A	Positive	0.050252	0.949748
4AK4-J-E	Positive	0.0535321	0.946468
4MJT-J-A	Positive	0.206197	0.793803
4MJT-M-D	Positive	0.235471	0.764529
4WND-B-A	Positive	0.139214	0.860786
4XYN-P-A	Positive	0.137107	0.862893
4QEO-P-A	Positive	0.0369769	0.963023
4XEV-C-A	Positive	0.196069	0.803931
4XEV-F-D	Positive	0.113088	0.886912
4U1E-B-I	Positive	0.210156	0.789844
4OKF-A-B	Positive	0.142765	0.857235
4K72-C-A	Positive	0.0354318	0.964568
4K72-D-A	Positive	0.074144	0.925856
4MZJ-T-A	Positive	0.102096	0.897904
4O56-B-A	Positive	0.180466	0.819534
4FZ0-N-A	Positive	0.220282	0.779718
4FZ0-O-B	Positive	0.154104	0.845896
4F02-C-A	Positive	0.0926486	0.907351
4X8N-B-A	Positive	0.121527	0.878473
4HRE-G-A	Positive	0.118849	0.881151
4PIS-B-A	Positive	0.211863	0.788137
4Z0F-C-A	Positive	0.347655	0.652345
4FJO-B-A	Positive	0.207385	0.792615
4FJO-D-C	Positive	0.268283	0.731717
4UQY-B-A	Positive	0.0907289	0.909271
4G0D-W-A	Positive	0.377769	0.622231
4G0D-Y-A	Positive	0.10741	0.89259
4G0D-X-B	Positive	0.0919279	0.908072
4NIQ-C-A	Positive	0.179537	0.820463
4NIQ-D-B	Positive	0.128447	0.871553
4C95-D-A	Positive	0.0611709	0.938829
4S2T-A-P	Positive	0.054159	0.945841
4GQB-C-A	Positive	0.0620305	0.937969
4IEA-P-A	Positive	0.300067	0.699933
4AAZ-B-A	Negative	0.503025	0.496975
4UBF-P-A	Positive	0.190275	0.809725
4MLI-B-A	Positive	0.438838	0.561162
4XBU-B-A	Positive	0.311795	0.688205
4JLQ-B-A	Positive	0.425025	0.574975
4L3O-E-A	Negative	0.541642	0.458358
4L3O-G-C	Negative	0.541642	0.458358
4NNY-C-A	Positive	0.0452071	0.954793
4CW1-C-A	Positive	0.136567	0.863433
4RTY-B-A	Negative	0.833088	0.166912
4GXL-B-A	Positive	0.201421	0.798579
4FZD-C-A	Positive	0.0302807	0.969719
4GNF-C-A	Positive	0.200267	0.799733
4QXU-K-L	Positive	0.129776	0.870224
4BD6-C-A	Positive	0.321014	0.678986
4WU7-C-A	Positive	0.10469	0.89531
4BJT-D-A	Positive	0.471781	0.528219
4HD8-F-A	Positive	0.111904	0.888096
4NR1-S-A	Positive	0.0499925	0.950008
4G42-C-A	Positive	0.0145304	0.98547
4QC1-D-A	Positive	0.46292	0.53708
4QC1-E-B	Positive	0.48914	0.51086
4P6X-B-A	Positive	0.0589986	0.941001
4X3G-C-A	Positive	0.378258	0.621742
4X3G-D-B	Positive	0.406452	0.593548
4HZL-E-H	Positive	0.142264	0.857736
4M6B-C-A	Positive	0.100025	0.899975
4YJE-B-A	Positive	0.0664781	0.933522
4RS9-B-A	Positive	0.146836	0.853164
4UI9-T-A	Positive	0.101819	0.898181
4UI9-U-A	Positive	0.0461938	0.953806
4UI9-W-A	Positive	0.119361	0.880639
4UI9-G-J	Positive	0.119361	0.880639
4O1V-B-A	Positive	0.0984651	0.901535
4Z77-C-A	Negative	0.689936	0.310064
4Z77-F-D	Negative	0.689936	0.310064
4NE9-D-B	Positive	0.180714	0.819286
4NMX-Z-B	Positive	0.20923	0.79077
4OYK-C-A	Positive	0.137312	0.862688
4OYK-D-B	Positive	0.122353	0.877647
4AYB-Q-A	Negative	0.723654	0.276346
4AYB-P-B	Negative	0.740689	0.259311
4OO6-B-A	Positive	0.0915623	0.908438
4YYP-B-A	Positive	0.0333738	0.966626
4F88-J-2	Positive	0.0725561	0.927444
4UJ4-C-A	Negative	0.637983	0.362017
4UJ4-F-D	Negative	0.565089	0.434911
4UJ4-L-J	Negative	0.554013	0.445987
4HYT-G-A	Positive	0.108765	0.891235
4WPF-B-A	Positive	0.113323	0.886677
4J8O-B-A	Positive	0.0860314	0.913969
4ZUS-C-A	Positive	0.0277636	0.972236
4NAW-D-A	Positive	0.0925835	0.907416
4NAW-H-E	Positive	0.0791563	0.920844
4NU8-A-X	Positive	0.0504268	0.949573
4ONG-P-H	Positive	0.0416425	0.958358
4H4F-Q-A	Positive	0.495335	0.504665
4FE1-K-A	Negative	0.562825	0.437175
4FE1-M-B	Positive	0.378866	0.621134
4FE1-X-B	Positive	0.0460962	0.953904
4G9J-C-A	Positive	0.0503136	0.949686
4ORE-A-X	Positive	0.0504268	0.949573
4Y8H-c-H	Positive	0.0366861	0.963314
4JO6-Y-A	Positive	0.384174	0.615826
4RIS-P-H	Positive	0.0471863	0.952814
4JFE-C-A	Positive	0.0131311	0.986869
4YV8-B-A	Positive	0.00908877	0.990911
4N3Y-A-B	Positive	0.0882398	0.91176
4GGN-D-A	Positive	0.0197961	0.980204
4XGC-F-C	Positive	0.0250626	0.974937
4GVD-C-A	Positive	0.25863	0.74137
4W5A-C-A	Positive	0.391745	0.608255
4W5A-D-B	Positive	0.179435	0.820565
4EJF-E-A	Positive	0.0307176	0.969282
4EJF-F-A	Positive	0.0396946	0.960305
4PGC-C-A	Negative	0.583313	0.416687
4BTB-C-A	Negative	0.792097	0.207903
4OBD-E-A	Negative	0.621566	0.378434
4EZN-C-A	Negative	0.898267	0.101733
4EZN-D-A	Negative	0.867566	0.132434
4XAI-P-A	Positive	0.351265	0.648735
4XAI-Q-B	Positive	0.0924055	0.907595
4G5S-E-A	Positive	0.217425	0.782575
4G5S-G-A	Positive	0.370225	0.629775
4G5S-Z-D	Negative	0.676546	0.323454
4LFD-E-A	Negative	0.627912	0.372088
4V1U-C-A	Positive	0.0383969	0.961603
4HUW-I-A	Positive	0.0543016	0.945698
4D0T-Z-B	Positive	0.0399417	0.960058
4D0T-P-C	Positive	0.0205857	0.979414
4PL8-H-A	Positive	0.116044	0.883956
4DGB-B-A	Positive	0.225474	0.774526
4I4W-C-A	Positive	0.0307141	0.969286
4IN9-B-A	Positive	0.0608466	0.939153
4GWQ-H-B	Positive	0.111119	0.888881
4QQ4-C-A	Positive	0.0518821	0.948118
4QQ4-D-B	Positive	0.0518821	0.948118
4NMQ-C-A	Positive	0.252788	0.747212
4NR2-B-A	Negative	0.589179	0.410821
4NR2-D-C	Negative	0.633874	0.366126
4TJX-B-A	Positive	0.123954	0.876046
4GAG-P-H	Positive	0.108125	0.891875
4GNT-B-A	Positive	0.0171319	0.982868
4H36-B-A	Positive	0.0540314	0.945969
4JJQ-B-A	Positive	0.0538279	0.946172
4EQ0-P-A	Positive	0.178353	0.821647
4EZH-C-A	Positive	0.0757595	0.92424
4QFQ-B-A	Negative	0.675	0.325
4D2L-B-A	Positive	0.13839	0.86161
4LP9-I-A	Positive	0.381869	0.618131
4XYI-B-A	Positive	0.0589778	0.941022
4NXR-B-A	Positive	0.0783063	0.921694
4X8W-G-B	Positive	0.204793	0.795207
4X8W-F-C	Negative	0.799909	0.200091
4OKW-B-A	Positive	0.336068	0.663932
4GKN-C-A	Positive	0.0268774	0.973123
4CC2-B-A	Positive	0.0419235	0.958077
4CC2-D-A	Positive	0.0417015	0.958299
4X3I-B-A	Positive	0.322106	0.677894
4I7B-B-A	Positive	0.247593	0.752407
4J82-C-A	Positive	0.446681	0.553319
4XC3-P-L	Positive	0.00470394	0.995296
4NMV-C-A	Positive	0.109614	0.890386
4UZY-B-A	Positive	0.260635	0.739365
4OZI-J-A	Positive	0.256473	0.743527
4B1W-M-B	Positive	0.221879	0.778121
4BH7-P-A	Positive	0.0621253	0.937875
4PSX-C-A	Positive	0.0442854	0.955715
4PSX-F-D	Positive	0.0698227	0.930177
4D11-Z-A	Positive	0.0365111	0.963489
4LOO-B-A	Positive	0.139356	0.860644
4GYW-B-A	Positive	0.236808	0.763192
4B6H-C-A	Negative	0.502171	0.497829
4B6H-D-B	Positive	0.450543	0.549457
4DCB-F-A	Positive	0.164762	0.835238
4DZV-B-A	Positive	0.176013	0.823987
4I21-C-A	Positive	0.210384	0.789616
4JHJ-C-A	Positive	0.481981	0.518019
4EZQ-B-A	Negative	0.634963	0.365037
4JOE-C-A	Positive	0.107422	0.892578
4JQV-B-A	Positive	0.100577	0.899423
4OFB-B-A	Positive	0.207255	0.792745
4IIM-C-A	Positive	0.05573	0.94427
4IIM-D-A	Positive	0.05573	0.94427
4IIM-E-B	Positive	0.0792791	0.920721
4K45-B-A	Positive	0.21875	0.78125
4YL6-B-A	Positive	0.0748638	0.925136
4RKU-J-A	Positive	0.343439	0.656561
4YGM-D-B	Negative	0.626613	0.373387
4X3K-C-A	Positive	0.0273441	0.972656
4J4Q-B-A	Positive	0.0527451	0.947255
4NHC-P-L	Positive	0.00873655	0.991263
4AY5-I-A	Positive	0.0219993	0.978001
4PZ5-B-A	Positive	0.154639	0.845361
4FGX-B-A	Positive	0.0485247	0.951475
4M9X-C-A	Positive	0.350697	0.649303
4M9X-D-B	Positive	0.149029	0.850971
4X8P-B-A	Positive	0.108151	0.891849
4ER4-I-E	Positive	0.340452	0.659548
4XAJ-Q-C	Positive	0.0821508	0.917849
4J8S-B-A	Positive	0.0982058	0.901794
4GYO-D-A	Positive	0.040005	0.959995
4XZR-A-B	Positive	0.085359	0.914641
4F20-Q-A	Negative	0.505797	0.494203
4F7T-C-A	Positive	0.0874575	0.912543
4JQI-V-A	Positive	0.193376	0.806624
4KBB-D-B	Positive	0.0510168	0.948983
4BXF-C-A	Positive	0.10021	0.89979
4BXF-D-B	Positive	0.149559	0.850441
4RKJ-A-B	Positive	0.336103	0.663897
4R3S-Q-A	Positive	0.0865772	0.913423
4U6Y-P-A	Positive	0.2733	0.7267
4BPK-C-A	Positive	0.33712	0.66288
4BPK-D-B	Positive	0.33712	0.66288
4WNE-B-A	Positive	0.132162	0.867838
4WVJ-D-A	Positive	0.123122	0.876878
4LSJ-B-A	Positive	0.107686	0.892314
4IIO-C-B	Positive	0.167542	0.832458
4OBH-E-A	Positive	0.422383	0.577617
4OBH-F-C	Positive	0.422383	0.577617
4EEF-G-A	Negative	0.603291	0.396709
4EEF-H-C	Positive	0.145403	0.854597
4ZQW-A-B	Positive	0.0751764	0.924824
4Q0A-D-C	Positive	0.0708611	0.929139
4K3M-E-A	Positive	0.139992	0.860008
4N7G-B-A	Positive	0.0132048	0.986795
4PK3-B-A	Negative	0.563381	0.436619
4UU5-B-A	Positive	0.201129	0.798871
4XXD-C-A	Positive	0.0991509	0.900849
4XXD-F-D	Positive	0.0862738	0.913726
4RHG-B-A	Positive	0.0783508	0.921649
4CGQ-Q-A	Positive	0.216862	0.783138
4JAA-S-A	Positive	0.095683	0.904317
4DPG-I-A	Positive	0.128494	0.871506
4DPG-L-E	Positive	0.128494	0.871506
4B4N-B-A	Positive	0.443466	0.556534
4YCW-C-A	Positive	0.19736	0.80264
4OLM-B-A	Positive	0.0633986	0.936601
4OBJ-C-A	Negative	0.764687	0.235313
4UWQ-I-G	Negative	0.576408	0.423592
4OFR-B-A	Positive	0.0538011	0.946199
4CG6-D-A	Negative	0.70496	0.29504
4BWS-B-A	Positive	0.0761395	0.923861
4K6Y-C-A	Positive	0.241	0.759
4K6Y-D-B	Positive	0.265744	0.734256
4L8D-E-A	Positive	0.173245	0.826755
4O3U-P-A	Negative	0.515538	0.484462
4MNW-B-A	Positive	0.0667943	0.933206
4MZ6-A-E	Positive	0.14141	0.85859
4MZ6-C-E	Positive	0.0615883	0.938412
4NGH-P-L	Positive	0.00759346	0.992407
4N3X-A-B	Positive	0.216009	0.783991
4N3X-C-B	Positive	0.112508	0.887492
4N39-B-A	Positive	0.0788139	0.921186
4A62-C-A	Positive	0.0776646	0.922335
4U2W-B-A	Negative	0.638087	0.361913
4X6Z-e-E	Positive	0.0213227	0.978677
4G5Q-G-A	Positive	0.175535	0.824465
4G5Q-F-B	Positive	0.18752	0.81248
4WPH-D-A	Positive	0.211588	0.788412
4QYO-Q-A	Positive	0.0940309	0.905969
4K75-B-A	Positive	0.0255819	0.974418
4E43-C-A	Positive	0.206558	0.793442
4FVL-C-A	Positive	0.141042	0.858958
4FVL-D-B	Positive	0.469667	0.530333
4S15-C-A	Positive	0.0834476	0.916552
4G7Q-C-A	Positive	0.120779	0.879221
4L8B-C-A	Positive	0.162614	0.837386
4DY7-A-B	Positive	0.466138	0.533862
4DY7-D-E	Positive	0.358777	0.641223
4C0B-C-A	Positive	0.118351	0.881649
4C0B-D-B	Positive	0.0575639	0.942436
4YYH-Z-A	Positive	0.100226	0.899774
4BUZ-P-A	Positive	0.0416592	0.958341
4XE5-G-A	Positive	0.121463	0.878537
4MD4-C-A	Positive	0.173438	0.826562
4RH5-B-A	Positive	0.0664427	0.933557
4X34-C-A	Positive	0.0698875	0.930112
4X34-D-B	Positive	0.0951026	0.904897
4TN7-E-A	Positive	0.312223	0.687777
4LKM-B-A	Positive	0.129579	0.870421
4FI9-B-A	Negative	0.785414	0.214586
4Y8G-c-H	Positive	0.06508	0.93492
4FGT-D-A	Positive	0.193573	0.806427
4KT0-J-A	Negative	0.709656	0.290344
4KT0-M-B	Positive	0.221417	0.778583
4JO8-B-A	Positive	0.24112	0.75888
4R5I-B-A	Positive	0.159508	0.840492
4R3R-B-A	Positive	0.28512	0.71488
4FBW-C-A	Positive	0.0391688	0.960831
4FBW-D-B	Positive	0.0809783	0.919022
4XST-F-E	Positive	0.087256	0.912744
4Z7O-G-A	Positive	0.0413554	0.958645
4UE1-F-A	Positive	0.31908	0.68092
4UE1-G-A	Positive	0.31908	0.68092
4BRU-B-A	Positive	0.233818	0.766182
4E3B-C-A	Positive	0.211527	0.788473
4E3B-D-B	Positive	0.116219	0.883781
4ZBJ-D-B	Positive	0.371325	0.628675
4C78-C-A	Positive	0.077413	0.922587
4NFT-F-C	Positive	0.0925278	0.907472
4UED-B-A	Positive	0.378802	0.621198
4Y19-C-A	Positive	0.0806097	0.91939
4UQ2-E-A	Positive	0.0616127	0.938387
4OIL-B-A	Positive	0.331666	0.668334
4NO3-C-A	Positive	0.0502478	0.949752
4HVW-B-A	Positive	0.288091	0.711909
4Z2O-P-A	Positive	0.427271	0.572729
4V4I-Z-R	Positive	0.254252	0.745748
4GFV-F-A	Positive	0.307969	0.692031
4GFV-E-B	Positive	0.223868	0.776132
4H25-C-A	Positive	0.10493	0.89507
4JO2-P-L	Positive	0.259628	0.740372
4LCD-C-A	Positive	0.180785	0.819215
4LCD-D-B	Positive	0.155758	0.844242
4WX8-F-C	Negative	0.635335	0.364665
4A1W-P-A	Positive	0.0475195	0.952481
4A1W-Q-A	Positive	0.126362	0.873638
4OEZ-B-A	Positive	0.479163	0.520837
4HX1-C-A	Positive	0.0468439	0.953156
4DOQ-B-A	Positive	0.112452	0.887548
4DOQ-D-C	Positive	0.112452	0.887548
4QJ7-F-A	Positive	0.477615	0.522385
4QJ7-G-A	Negative	0.59973	0.40027
4WF9-Z-K	Negative	0.785422	0.214578
4TR9-E-A	Positive	0.232295	0.767705
4TR9-G-B	Positive	0.250665	0.749335
4TR9-K-D	Positive	0.0808032	0.919197
4HNJ-C-A	Positive	0.150333	0.849667
4CUG-E-A	Positive	0.0985312	0.901469
4CUG-F-A	Positive	0.0898341	0.910166
4H2S-C-A	Positive	0.281756	0.718244
4YH1-C-A	Positive	0.423084	0.576916
4HTP-C-A	Positive	0.0224785	0.977521
4HTP-E-B	Positive	0.197912	0.802088
4O3T-P-A	Positive	0.0315348	0.968465
4EZO-C-A	Negative	0.594843	0.405157
4EZO-D-A	Negative	0.863387	0.136613
4MJ6-C-A	Positive	0.0906922	0.909308
4QJR-B-A	Positive	0.038125	0.961875
4LX3-B-A	Negative	0.675	0.325
4JBN-C-A	Positive	0.174875	0.825125
4O2F-C-A	Positive	0.224393	0.775607
4GKS-C-A	Positive	0.176554	0.823446
4JO7-H-E	Positive	0.170965	0.829035
4KG9-B-A	Positive	0.0685446	0.931455
4TZO-B-A	Positive	0.0624344	0.937566
4EZS-B-A	Negative	0.739337	0.260663
4JMF-A-B	Negative	0.676402	0.323598
4D07-B-A	Positive	0.0820115	0.917989
4Y5I-F-A	Positive	0.19645	0.80355
4KV4-B-A	Positive	0.15356	0.84644
4GOE-B-A	Positive	0.440728	0.559272
4YSI-B-A	Negative	0.545718	0.454282
4AA2-P-A	Positive	0.409751	0.590249
4U6X-P-A	Positive	0.105848	0.894152
4X1N-P-U	Positive	0.261104	0.738896
4G2V-B-A	Positive	0.264721	0.735279
4ZGM-B-A	Positive	0.228568	0.771432
4PSI-D-A	Positive	0.0745727	0.925427
4ICG-B-C	Negative	0.551985	0.448015
4U39-J-A	Positive	0.0658988	0.934101
4U39-K-B	Positive	0.140906	0.859094
4U39-M-B	Positive	0.375611	0.624389
4U39-L-C	Positive	0.132375	0.867625
4U39-P-C	Positive	0.338768	0.661232
4U39-N-E	Positive	0.148905	0.851095
4U39-O-F	Positive	0.289607	0.710393
4U39-Q-H	Positive	0.0484399	0.95156
4U39-R-I	Positive	0.210502	0.789498
4HGC-I-A	Positive	0.287121	0.712879
4ZJ7-B-A	Positive	0.188552	0.811448
4UJ3-X-V	Positive	0.158235	0.841765
4X5K-B-A	Positive	0.0140406	0.985959
4UI7-D-A	Negative	0.742704	0.257296
4W8P-B-A	Positive	0.0514844	0.948516
4NXQ-D-A	Positive	0.13422	0.86578
4NXQ-F-A	Positive	0.059725	0.940275
4CFH-C-A	Positive	0.0489471	0.951053
4L0N-J-A	Negative	0.560756	0.439244
4PXF-B-A	Positive	0.0839275	0.916072
4CFQ-Q-A	Positive	0.257255	0.742745
4CFQ-R-C	Positive	0.406145	0.593855
4ODM-E-A	Positive	0.194463	0.805537
4ODM-F-A	Positive	0.0920568	0.907943
4ODM-G-A	Positive	0.482812	0.517188
4ODM-M-A	Positive	0.326245	0.673755
4ODM-K-B	Positive	0.195013	0.804987
4ODM-I-C	Positive	0.0806952	0.919305
4ODM-J-C	Positive	0.175132	0.824868
4ODM-L-C	Positive	0.105475	0.894525
4EZU-B-A	Positive	0.049119	0.950881
4IGA-B-A	Positive	0.066002	0.933998
4OBF-E-A	Negative	0.764687	0.235313
4OBF-F-B	Negative	0.571247	0.428753
4MD0-C-A	Positive	0.0353912	0.964609
4J24-I-A	Positive	0.309008	0.690992
4J24-J-B	Positive	0.23177	0.76823
4J24-L-D	Positive	0.115546	0.884454
4YDV-P-L	Positive	0.421852	0.578148
4L3C-m-A	Positive	0.229605	0.770395
4L3C-i-C	Positive	0.229605	0.770395
4PKY-C-A	Negative	0.648909	0.351091
4PKY-F-B	Negative	0.690247	0.309753
4PKY-E-D	Positive	0.32803	0.67197
4ERQ-D-A	Positive	0.21524	0.78476
4QE8-C-A	Positive	0.158701	0.841299
4AXG-C-A	Negative	0.585563	0.414437
4AXG-D-B	Positive	0.11139	0.88861
4E9C-B-A	Positive	0.31609	0.68391
4W4Z-E-A	Positive	0.418541	0.581459
4W4Z-H-D	Positive	0.418541	0.581459
4ZEQ-B-A	Positive	0.105784	0.894216
4OMC-H-A	Positive	0.0140133	0.985987
4RU2-B-A	Positive	0.0201789	0.979821
4RU2-H-A	Positive	0.0622117	0.937788
4RU2-F-E	Positive	0.0285151	0.971485
4RU2-P-O	Positive	0.023105	0.976895
4TKN-D-A	Positive	0.324235	0.675765
4TKN-E-A	Positive	0.281041	0.718959
4XK8-J-A	Negative	0.658981	0.341019
4XK8-K-A	Positive	0.461798	0.538202
4XK8-j-a	Negative	0.658981	0.341019
4XK8-k-a	Positive	0.445111	0.554889
4CVX-C-A	Negative	0.558794	0.441206
4PGE-C-A	Positive	0.479935	0.520065
4HKC-B-A	Positive	0.0444982	0.955502
4J8R-I-A	Positive	0.452351	0.547649
4J8R-J-C	Positive	0.194721	0.805279
4FIF-C-A	Positive	0.286154	0.713846
4CQK-C-A	Negative	0.503025	0.496975
4RIQ-A-D	Negative	0.716663	0.283337
4RIQ-C-D	Negative	0.910354	0.0896463
4RIQ-E-D	Negative	0.798096	0.201904
4RIQ-S-D	Negative	0.684734	0.315266
4RIQ-U-D	Negative	0.611799	0.388201
4RIQ-V-H	Negative	0.807721	0.192279
4RIQ-X-H	Negative	0.910354	0.0896463
4BH6-N-E	Positive	0.18231	0.81769
4BH6-M-F	Positive	0.156323	0.843677
4BVG-B-A	Positive	0.245873	0.754127
4ZW2-B-A	Positive	0.0263467	0.973653
4B9W-P-A	Positive	0.0629105	0.937089
4HDQ-C-A	Positive	0.0718287	0.928171
4ZUU-C-A	Positive	0.148367	0.851633
4QUH-D-A	Positive	0.106291	0.893709
4QUM-B-A	Positive	0.151492	0.848508
4P2R-C-A	Positive	0.276942	0.723058
4FLG-C-B	Positive	0.0801091	0.919891
4FLG-E-B	Positive	0.0983174	0.901683
4FLG-F-B	Positive	0.205158	0.794842
4E06-I-H	Positive	0.0794606	0.920539
4MCZ-C-A	Positive	0.1072	0.8928
4XMK-P-L	Positive	0.46779	0.53221
4PBY-C-A	Positive	0.0445418	0.955458
4PBY-D-B	Positive	0.0482765	0.951724
4WJ7-W-A	Positive	0.142589	0.857411
4WJ7-X-A	Positive	0.0826193	0.917381
4WVD-C-A	Positive	0.0165022	0.983498
4WVD-D-B	Positive	0.0224658	0.977534
4H3P-B-A	Positive	0.0276254	0.972375
4H3P-E-D	Positive	0.0289875	0.971013
4PV8-E-A	Positive	0.100433	0.899567
4UMN-C-A	Positive	0.075121	0.924879
4HIX-A-H	Positive	0.0126387	0.987361
4UFD-I-H	Positive	0.0282868	0.971713
4U3F-I-A	Positive	0.11872	0.88128
4U3F-V-N	Positive	0.11872	0.88128
4WZ9-M-A	Positive	0.0326031	0.967397
4WZ9-N-B	Positive	0.00489102	0.995109
4J45-B-A	Positive	0.00814899	0.991851
4MN8-C-A	Positive	0.0403608	0.959639
4ODN-B-A	Positive	0.200444	0.799556
4HDA-F-A	Positive	0.0765405	0.92346
4DFW-D-A	Positive	0.215744	0.784256
4U7Y-B-A	Positive	0.010111	0.989889
4LEB-B-A	Positive	0.425243	0.574757
4CDR-E-A	Positive	0.0382077	0.961792
4CDR-G-C	Positive	0.0382077	0.961792
4YV4-A-B	Negative	0.737405	0.262595
4YV4-F-C	Positive	0.374457	0.625543
4Z7W-J-A	Positive	0.148676	0.851324
4V0X-B-A	Positive	0.132066	0.867934
4YOO-X-A	Positive	0.178083	0.821917
4UF6-C-A	Positive	0.381164	0.618836
4UF6-I-A	Positive	0.353803	0.646197
4EZX-C-A	Positive	0.150092	0.849908
4EZX-D-B	Positive	0.150092	0.849908
4WFD-C-A	Positive	0.180646	0.819354
4WFD-F-D	Positive	0.0532367	0.946763
4J83-B-A	Positive	0.0492271	0.950773
4WJ5-C-A	Positive	0.126752	0.873248
4U1H-C-A	Positive	0.211794	0.788206
4A1U-B-A	Positive	0.255094	0.744906
4TSF-I-A	Positive	0.34582	0.65418
4TSF-H-E	Positive	0.019366	0.980634
4XXB-B-A	Positive	0.154794	0.845206
4I7D-B-A	Positive	0.0927271	0.907273
4BQK-D-A	Positive	0.436185	0.563815
4BQK-C-B	Negative	0.829548	0.170452
4W4U-G-D	Positive	0.369204	0.630796
4HKD-A-B	Positive	0.201262	0.798738
4K39-C-A	Positive	0.337315	0.662685
4OAJ-B-A	Positive	0.0505114	0.949489
4KV1-C-A	Positive	0.0700895	0.929911
4BWB-C-A	Positive	0.219313	0.780687
4BWB-D-B	Positive	0.255165	0.744835
4A1G-E-A	Positive	0.0626873	0.937313
4A1G-F-A	Positive	0.081396	0.918604
4A1G-H-A	Positive	0.0614253	0.938575
4DJC-B-A	Positive	0.00859807	0.991402
4BJ3-C-A	Positive	0.418814	0.581186
4G6F-P-H	Positive	0.0616656	0.938334
4G6F-F-B	Positive	0.0805373	0.919463
4NY3-C-A	Positive	0.12316	0.87684
4J73-B-A	Positive	0.00841692	0.991583
4CFR-Q-A	Positive	0.255483	0.744517
4BJS-D-A	Positive	0.282168	0.717832
4JWE-C-A	Positive	0.375242	0.624758
4JWE-D-A	Positive	0.333947	0.666053
4WU5-C-A	Positive	0.110709	0.889291
4O36-A-B	Positive	0.106025	0.893975
4AID-F-A	Positive	0.0422355	0.957765
4AID-H-C	Positive	0.0144267	0.985573
4DX9-D-A	Positive	0.257561	0.742439
4DX9-B-A	Positive	0.236171	0.763829
4DX9-9-0	Positive	0.0393412	0.960659
4DX9-l-k	Negative	0.636001	0.363999
4DX9-x-1	Positive	0.0950315	0.904968
4DX9-q-1	Negative	0.687308	0.312692
4DX9-r-2	Negative	0.897669	0.102331
4DX9-8-3	Positive	0.104127	0.895873
4DX9-p-o	Positive	0.373646	0.626354
4DX9-t-s	Negative	0.523902	0.476098
4DX9-v-u	Positive	0.324506	0.675494
4DX9-j-g	Positive	0.0434787	0.956521
4DX9-w-i	Negative	0.776099	0.223901
4DX9-X-Q	Positive	0.220981	0.779019
4DX9-z-y	Positive	0.482286	0.517714
4Z7Q-G-A	Positive	0.0413554	0.958645
4OU3-B-A	Positive	0.105774	0.894226
4L1U-H-A	Positive	0.303265	0.696735
4L1U-G-B	Positive	0.188624	0.811376
4L1U-I-E	Positive	0.148787	0.851213
4L1U-J-F	Positive	0.189039	0.810961
4PPP-C-A	Positive	0.0613304	0.93867
4CAA-B-A	Positive	0.1243	0.8757
4H2U-C-A	Positive	0.0737652	0.926235
4C7N-A-B	Positive	0.0554969	0.944503
4GGD-C-A	Positive	0.199333	0.800667
4GGD-D-A	Positive	0.175713	0.824287
4ZUW-C-A	Positive	0.119971	0.880029
4QA7-B-A	Positive	0.0497925	0.950207
4J47-B-A	Positive	0.341854	0.658146
4K3P-E-A	Positive	0.195198	0.804802
4XIF-E-A	Positive	0.0966306	0.903369
4XIF-H-D	Positive	0.0966306	0.903369
4GQ6-B-A	Positive	0.062624	0.937376
4X2H-C-A	Positive	0.215015	0.784985
4WJQ-B-A	Positive	0.0390563	0.960944
4R32-C-A	Positive	0.0304805	0.96952
4TWT-E-A	Positive	0.206368	0.793632
4TWT-F-C	Positive	0.206368	0.793632
4J09-B-A	Positive	0.222721	0.777279
4TRZ-D-A	Positive	0.0534404	0.94656
4C5Q-C-A	Positive	0.285018	0.714982
4C5Q-G-E	Negative	0.56605	0.43395
4QX8-F-C	Negative	0.7001	0.2999
4ZTD-E-A	Positive	0.103425	0.896575
4ZTD-F-C	Positive	0.0242727	0.975727
4Y1A-C-A	Positive	0.197947	0.802053
4BRW-B-A	Negative	0.522775	0.477225
4I5B-C-A	Positive	0.0519597	0.94804
4I5B-F-D	Positive	0.0974623	0.902538
4EQJ-G-A	Positive	0.143255	0.856745
4EWR-C-A	Positive	0.106888	0.893112
4F1Z-Q-A	Positive	0.0381835	0.961817
4IMJ-F-D	Positive	0.12827	0.87173
4OKT-B-A	Positive	0.394326	0.605674
4DAT-B-A	Positive	0.0448996	0.9551
4QC3-C-A	Positive	0.042882	0.957118
4RAL-D-A	Negative	0.739888	0.260112
4RAL-E-B	Negative	0.739888	0.260112
4XPN-B-A	Positive	0.0646791	0.935321
4XPN-D-C	Positive	0.0726872	0.927313
4ABJ-B-A	Negative	0.593497	0.406503
4HPY-P-H	Positive	0.0342241	0.965776
4FAS-D-A	Negative	0.515014	0.484986
4TXR-B-A	Positive	0.0170196	0.98298
4TXR-C-A	Positive	0.0391421	0.960858
4B7E-B-A	Positive	0.0312159	0.968784
4DXR-B-A	Positive	0.321159	0.678841
4B8O-B-A	Positive	0.0191506	0.980849
4MIT-E-A	Negative	0.70872	0.29128
4MIT-F-A	Negative	0.696762	0.303238
4MIT-H-A	Negative	0.7284	0.2716
4MIT-G-B	Positive	0.167975	0.832025
4FVD-C-A	Positive	0.0144022	0.985598
4CZS-E-A	Positive	0.0303202	0.96968
4EZP-C-A	Positive	0.493745	0.506255
4EZP-D-A	Negative	0.526214	0.473786
4D0D-C-A	Positive	0.383251	0.616749
4JQX-B-A	Positive	0.0592762	0.940724
4F76-C-A	Positive	0.35757	0.64243
4F76-D-A	Positive	0.243195	0.756805
4WSF-B-A	Positive	0.149818	0.850182
4P2Q-C-A	Positive	0.0737033	0.926297
4P2Q-M-K	Positive	0.0487615	0.951239
4JHK-C-A	Positive	0.198035	0.801965
4EQY-X-G	Positive	0.227392	0.772608
4YIG-B-A	Negative	0.736908	0.263092
4HR6-A-B	Negative	0.531237	0.468763
4ICZ-F-A	Positive	0.181026	0.818974
4RXH-C-B	Positive	0.0630483	0.936952
4CH2-A-B	Positive	0.452305	0.547695
4CH2-P-B	Positive	0.0606783	0.939322
4CH2-Q-D	Positive	0.0585763	0.941424
4Y7R-B-A	Positive	0.0694894	0.930511
4DAU-B-A	Positive	0.23216	0.76784
4P5H-1-A	Positive	0.129768	0.870232
4JXT-B-A	Positive	0.396051	0.603949
4FMO-C-A	Positive	0.361711	0.638289
4YIA-B-A	Negative	0.597188	0.402812
4L6V-M-B	Positive	0.170866	0.829134
4ZOX-B-A	Negative	0.701352	0.298648
4YL8-B-A	Positive	0.424024	0.575976
4Y8I-c-H	Positive	0.107161	0.892839
4JYH-G-A	Positive	0.0197009	0.980299
4XI9-E-A	Positive	0.0370203	0.96298
4S0G-B-A	Positive	0.0479093	0.952091
4FGA-P-A	Positive	0.00293086	0.997069
4AUO-C-A	Positive	0.116759	0.883241
4AUO-D-A	Positive	0.151677	0.848323
4AUO-E-A	Positive	0.151677	0.848323
4D0B-C-A	Positive	0.0864168	0.913583
4MOY-B-A	Positive	0.43808	0.56192
4X8K-B-A	Positive	0.0507426	0.949257
4J2C-B-A	Positive	0.226217	0.773783
4D49-C-A	Positive	0.152199	0.847801
4D49-D-A	Positive	0.152199	0.847801
4UX9-F-A	Positive	0.391253	0.608747
4UX9-G-B	Positive	0.338432	0.661568
4UX9-H-C	Positive	0.336408	0.663592
4UX9-I-D	Positive	0.433972	0.566028
4BEA-B-A	Positive	0.106546	0.893454
4GLR-A-H	Positive	0.334843	0.665157
4GVU-B-A	Positive	0.0262684	0.973732
4WVH-C-A	Positive	0.0128993	0.987101
4ASU-I-G	Positive	0.0639424	0.936058
4GBA-F-A	Negative	0.502203	0.497797
4P1W-G-C	Positive	0.147398	0.852602
4UF1-B-A	Positive	0.272681	0.727319
4BL0-B-A	Positive	0.0476009	0.952399
4BL0-C-A	Positive	0.0657795	0.93422
4BL0-E-A	Positive	0.126689	0.873311
4BL0-F-D	Positive	0.0621508	0.937849
4NND-F-A	Positive	0.344245	0.655755
4NND-E-D	Negative	0.695294	0.304706
4DC2-Z-A	Positive	0.0539245	0.946076
4H0H-D-B	Positive	0.126784	0.873216
4XKL-B-A	Positive	0.0623476	0.937652
4XKL-D-A	Positive	0.0382433	0.961757
4Z78-C-A	Positive	0.289514	0.710486
4JFD-C-A	Positive	0.0201756	0.979824
4WV6-B-A	Positive	0.0996281	0.900372
4WV6-C-A	Positive	0.263632	0.736368
4O37-A-B	Positive	0.0861723	0.913828
4JIF-B-A	Negative	0.827005	0.172995
4EQF-B-A	Positive	0.180003	0.819997
4Z09-C-A	Negative	0.667489	0.332511
4HT6-B-A	Positive	0.288148	0.711852
4JDI-B-A	Positive	0.173896	0.826104
4DNC-D-A	Negative	0.791744	0.208256
4DNC-E-A	Negative	0.833509	0.166491
4A1T-D-B	Positive	0.446734	0.553266
4WYB-B-A	Positive	0.487612	0.512388
4WYB-D-A	Positive	0.452507	0.547493
4WYB-J-A	Positive	0.483563	0.516437
4WYB-P-A	Positive	0.416187	0.583813
4GXB-B-A	Positive	0.237683	0.762317
4F14-B-A	Positive	0.471821	0.528179
4G43-C-A	Positive	0.027403	0.972597
4Z80-C-A	Negative	0.573317	0.426683
4Z80-D-B	Negative	0.573317	0.426683
4C2F-C-A	Positive	0.0482885	0.951711
4AUI-D-A	Positive	0.00713291	0.992867
4PV9-E-A	Positive	0.278999	0.721001
4WJP-B-A	Positive	0.0411999	0.9588
4GHU-B-A	Positive	0.0554618	0.944538
4BU1-C-A	Positive	0.118695	0.881305
4BU1-D-A	Positive	0.118695	0.881305
4Z9V-C-A	Positive	0.0595859	0.940414
4Z9V-E-A	Positive	0.141347	0.858653
4Z9V-F-A	Positive	0.12687	0.87313
4Z9V-H-A	Positive	0.141347	0.858653
4Z9V-D-B	Positive	0.196156	0.803844
4UY8-7-E	Negative	0.595437	0.404563
4MYZ-A-B	Positive	0.358473	0.641527
4RJF-B-A	Positive	0.112036	0.887964
4RJF-F-A	Positive	0.0899826	0.910017
4MNQ-C-A	Positive	0.118127	0.881873
4QYD-B-A	Positive	0.0403328	0.959667
4FII-B-A	Positive	0.264494	0.735506
4RV0-H-A	Negative	0.569446	0.430554
4LZX-B-A	Positive	0.0442117	0.955788
4IKN-B-A	Positive	0.0684103	0.93159
4IFI-B-A	Positive	0.106479	0.893521
4IMI-F-D	Positive	0.113842	0.886158
4ZQ0-E-A	Positive	0.0621071	0.937893
4G5O-H-D	Positive	0.165901	0.834099
4ZU6-B-X	Positive	0.158424	0.841576
4ZJX-B-A	Positive	0.0784506	0.921549
4CH9-C-A	Positive	0.0895509	0.910449
4BU0-B-A	Positive	0.0719905	0.928009
4BU0-C-A	Positive	0.310685	0.689315
4TQ0-B-A	Positive	0.490742	0.509258
4TQ0-D-C	Positive	0.48677	0.51323
4PKC-C-A	Negative	0.819275	0.180725
4AOR-D-A	Negative	0.850481	0.149519
4YYG-B-A	Positive	0.107396	0.892604
4CAY-C-A	Positive	0.141903	0.858097
4Y49-E-B	Positive	0.261802	0.738198
4C31-A-B	Positive	0.03327	0.96673
4C31-C-B	Positive	0.19991	0.80009
4C31-F-B	Positive	0.0896524	0.910348
4C31-X-B	Positive	0.157997	0.842003
4C31-Y-E	Positive	0.0787477	0.921252
4UE9-B-A	Positive	0.126129	0.873871
4OKX-B-A	Positive	0.034316	0.965684
4CHG-G-A	Negative	0.725923	0.274077
4CHG-J-A	Negative	0.618105	0.381895
4FZ3-B-A	Positive	0.111904	0.888096
4OGA-B-E	Negative	0.738246	0.261754
4OGA-F-E	Negative	0.648874	0.351126
4O2C-C-A	Positive	0.422474	0.577526
4EZY-B-A	Positive	0.314956	0.685044
4B3B-C-A	Positive	0.0865135	0.913486
4QUE-E-A	Positive	0.0565409	0.943459
4I2Z-B-A	Positive	0.290963	0.709037
4TUJ-E-A	Positive	0.1238	0.8762
4TUJ-F-C	Positive	0.148427	0.851573
4Z0R-D-B	Positive	0.182518	0.817482
4TZN-C-A	Positive	0.182366	0.817634
4DT7-E-B	Positive	0.0563247	0.943675
4DT7-F-D	Positive	0.0892117	0.910788
4Q5J-E-A	Positive	0.0659204	0.93408
4EST-I-E	Positive	0.06508	0.93492
4FL5-P-A	Positive	0.397677	0.602323
4FL5-Q-B	Positive	0.294101	0.705899
4QVF-B-A	Positive	0.0334596	0.96654
4RE1-D-A	Negative	0.611855	0.388145
4RE1-C-B	Negative	0.665327	0.334673
4BOH-M-H	Positive	0.113901	0.886099
4NUF-P-A	Positive	0.0764605	0.92354
4PO7-N-A	Positive	0.155163	0.844837
4Z10-G-A	Positive	0.163284	0.836716
4Z10-I-A	Positive	0.010686	0.989314
4Z10-H-B	Positive	0.132556	0.867444
4OHA-B-A	Positive	0.346804	0.653196
4X2V-E-A	Positive	0.0732142	0.926786
4X1V-B-A	Positive	0.11553	0.88447
4UQ3-E-A	Positive	0.15787	0.84213
4O2E-C-A	Positive	0.422474	0.577526
4G1C-D-A	Positive	0.0124413	0.987559
4AU3-E-A	Negative	0.710979	0.289021
4AU3-F-A	Negative	0.788123	0.211877
4AU3-G-A	Negative	0.528636	0.471364
4AU3-H-C	Negative	0.692068	0.307932
4AU3-I-C	Negative	0.704842	0.295158
4MN3-B-A	Positive	0.0316714	0.968329
4DNN-A-B	Positive	0.167065	0.832935
4WPB-C-A	Positive	0.254531	0.745469
4YJ4-B-A	Positive	0.0261297	0.97387
4B0F-C-A	Positive	0.0622396	0.93776
4NM7-C-A	Positive	0.0665155	0.933485
4XEK-C-A	Positive	0.0361593	0.963841
4AWB-I-A	Positive	0.0177512	0.982249
4XGR-B-A	Negative	0.587694	0.412306
4XGR-D-A	Positive	0.152903	0.847097
4XGR-H-G	Positive	0.0961993	0.903801
4XGR-F-G	Positive	0.080107	0.919893
4QWN-F-C	Positive	0.0253524	0.974648
4WJW-P-B	Positive	0.424837	0.575163
4J26-I-A	Positive	0.346237	0.653763
4J26-J-B	Positive	0.215503	0.784497
4KTU-B-A	Positive	0.0945415	0.905458
4CO6-D-A	Negative	0.896275	0.103725
4CO6-E-A	Negative	0.831185	0.168815
4CO6-F-B	Negative	0.869541	0.130459
4NJC-C-A	Positive	0.427291	0.572709
4NJC-F-A	Negative	0.52176	0.47824
4NJC-G-A	Negative	0.581028	0.418972
4OV5-C-A	Positive	0.0197047	0.980295
4OV5-I-G	Positive	0.0590935	0.940907
4LKF-C-A	Positive	0.0518804	0.94812
4GNG-B-A	Positive	0.314014	0.685986
4IKA-D-A	Negative	0.662727	0.337273
4DAY-C-A	Positive	0.312168	0.687832
4QMF-C-D	Positive	0.0201749	0.979825
4CY5-C-A	Positive	0.0556203	0.94438
4CY5-D-A	Positive	0.418308	0.581692
4Z0D-C-A	Negative	0.574131	0.425869
4L5N-D-A	Negative	0.544597	0.455403
4L5N-E-B	Positive	0.436185	0.563815
4HY9-C-A	Negative	0.848134	0.151866
4HY9-D-A	Negative	0.848134	0.151866
4BG6-Q-A	Positive	0.0324656	0.967534
4ROJ-D-A	Positive	0.346814	0.653186
4ROJ-E-B	Positive	0.346814	0.653186
4ROJ-F-C	Positive	0.262401	0.737599
4J2L-C-A	Positive	0.46604	0.53396
4PYW-B-A	Positive	0.0471788	0.952821
4LK9-B-A	Positive	0.198752	0.801248
4J77-C-A	Positive	0.382035	0.617965
4J77-D-B	Positive	0.0803318	0.919668
4MZF-A-B	Positive	0.0608214	0.939179
4AA1-P-A	Positive	0.498451	0.501549
4WK4-C-A	Positive	0.0361221	0.963878
4O46-G-A	Positive	0.0662542	0.933746
4MBE-B-A	Positive	0.480393	0.519607
4MBE-G-A	Negative	0.637236	0.362764
4MBE-X-C	Positive	0.0690348	0.930965
4MBE-Y-E	Positive	0.0147448	0.985255
4C5H-B-A	Positive	0.0274196	0.97258
4QRT-C-A	Positive	0.0789076	0.921092
4R3L-B-A	Positive	0.203953	0.796047
4RKO-A-B	Negative	0.833947	0.166053
4KEL-B-A	Positive	0.307355	0.692645
4RKH-C-E	Positive	0.24229	0.75771
4RKH-F-E	Positive	0.24229	0.75771
4AY6-E-A	Positive	0.081034	0.918966
4X2O-C-A	Positive	0.0637397	0.93626
4LKX-R-A	Positive	0.326747	0.673253
4A1V-C-A	Positive	0.227152	0.772848
4A1V-D-B	Positive	0.188749	0.811251
4BH8-P-A	Positive	0.405178	0.594822
4R7A-A-B	Positive	0.489398	0.510602
4NO5-C-A	Positive	0.0943273	0.905673
4J7B-C-B	Negative	0.762758	0.237242
4B1X-M-B	Positive	0.239361	0.760639
4QUF-U-F	Positive	0.0424138	0.957586
4GW5-E-A	Positive	0.170175	0.829825
4JWD-D-A	Negative	0.838127	0.161873
4QJ6-F-B	Positive	0.451985	0.548015
4UQT-B-A	Positive	0.151237	0.848763
4ZUV-C-A	Positive	0.0584169	0.941583
4Q1L-D-A	Positive	0.193368	0.806632
4L9P-C-A	Positive	0.143782	0.856218
4IG9-B-A	Positive	0.340408	0.659592
4IG9-D-A	Positive	0.323715	0.676285
4IG9-F-C	Positive	0.430851	0.569149
4IG9-H-G	Negative	0.556053	0.443947
4FXE-C-A	Negative	0.570248	0.429752
4K3R-E-A	Positive	0.0271236	0.972876
4QLI-B-A	Positive	0.303689	0.696311
4M92-B-A	Positive	0.0434773	0.956523
4C3P-B-A	Positive	0.115748	0.884252
4C3P-E-A	Positive	0.378005	0.621995
4WCE-Z-K	Negative	0.775423	0.224577
4FMQ-B-A	Positive	0.485169	0.514831
4ERY-D-A	Positive	0.350099	0.649901
4OD7-D-A	Positive	0.0622996	0.9377
4RAV-E-B	Positive	0.0817608	0.918239
4Z7U-J-A	Positive	0.490547	0.509453
4X0N-B-A	Positive	0.0982356	0.901764
4P1N-C-A	Positive	0.465181	0.534819
4Z7I-C-A	Positive	0.0176134	0.982387
4Z7I-D-B	Positive	0.0994382	0.900562
4LNR-C-A	Positive	0.424537	0.575463
4WXA-F-C	Negative	0.565223	0.434777
4U90-D-A	Positive	0.339666	0.660334
4WYM-N-A	Negative	0.521325	0.478675
4WYM-S-G	Negative	0.635941	0.364059
4CY1-D-A	Negative	0.573558	0.426442
4CY1-C-B	Negative	0.573558	0.426442
4XCF-P-L	Positive	0.00537734	0.994623
4P3D-M-H	Negative	0.531881	0.468119
4AOM-T-A	Positive	0.0638706	0.936129
4RXZ-D-A	Positive	0.278225	0.721775
4PYU-C-A	Positive	0.0238768	0.976123
4AZA-B-A	Positive	0.0641985	0.935801
4QXT-Q-A	Positive	0.214578	0.785422
4WJV-K-A	Positive	0.0806174	0.919383
4WJV-L-B	Positive	0.124115	0.875885
4OWF-G-A	Positive	0.0833649	0.916635
4E0R-C-A	Positive	0.027403	0.972597
4AOQ-D-A	Negative	0.831489	0.168511
4AOQ-E-A	Positive	0.434903	0.565097
4C2W-D-A	Negative	0.803303	0.196697
4QH7-C-A	Positive	0.0521213	0.947879
4QH7-D-A	Positive	0.191246	0.808754
4QH7-G-E	Positive	0.0750594	0.924941
4QH7-H-E	Positive	0.248656	0.751344
4KA3-B-A	Positive	0.255598	0.744402
4GUT-B-A	Positive	0.0726472	0.927353
4YJL-G-A	Positive	0.140216	0.859784
4H6S-A-B	Positive	0.199106	0.800894
4FVT-B-A	Positive	0.0105547	0.989445
4DXS-B-A	Negative	0.886364	0.113636
4J44-B-A	Positive	0.0041285	0.995871
4CU4-B-A	Positive	0.283251	0.716749
4ISQ-E-A	Positive	0.0965235	0.903477
4AU7-C-A	Positive	0.103108	0.896892
4HPT-I-E	Positive	0.0274231	0.972577
4HPO-P-H	Positive	0.043666	0.956334
4V9F-2-S	Positive	0.235067	0.764933
4M9Z-E-A	Positive	0.0816291	0.918371
4M9Z-F-B	Positive	0.138886	0.861114
4M9Z-H-D	Positive	0.418878	0.581122
4NL8-D-B	Positive	0.139866	0.860134
4PVZ-C-A	Negative	0.760985	0.239015
4PVZ-D-A	Positive	0.178883	0.821117
4QAE-P-A	Negative	0.787562	0.212438
4QAE-R-A	Negative	0.871041	0.128959
4QAE-T-A	Negative	0.605592	0.394408
4QAE-S-C	Negative	0.871041	0.128959
4ZRT-B-A	Negative	0.55674	0.44326
4TUL-I-H	Positive	0.445469	0.554531
4A9Z-A-C	Positive	0.359954	0.640046
4A9Z-B-C	Positive	0.333804	0.666196
4A9Z-D-C	Positive	0.203857	0.796143
4RH9-B-A	Negative	0.51585	0.48415
4J86-C-A	Positive	0.374151	0.625849
4WCI-B-A	Positive	0.354946	0.645054
4WCI-D-C	Positive	0.357725	0.642275
4WCI-F-E	Positive	0.387449	0.612551
4DS7-E-A	Positive	0.10673	0.89327
4DS7-F-A	Positive	0.270434	0.729566
4DS7-G-C	Positive	0.47246	0.52754
4DS7-H-C	Positive	0.359423	0.640577
4Z2V-P-A	Positive	0.146785	0.853215
4PG2-D-A	Positive	0.288275	0.711725
4H26-C-A	Positive	0.0783301	0.92167
4FSJ-E-B	Positive	0.325702	0.674298
4KP3-E-A	Positive	0.0210659	0.978934
4BLB-E-A	Positive	0.0764572	0.923543
4BLB-G-C	Positive	0.110925	0.889075
4UTN-D-A	Positive	0.18898	0.81102
4TK2-C-A	Positive	0.245181	0.754819
4TK2-D-A	Positive	0.235905	0.764095
4Z97-C-A	Positive	0.107225	0.892775
4UPU-B-A	Positive	0.0954784	0.904522
4XOJ-B-A	Positive	0.399775	0.600225
4UEH-I-H	Positive	0.147857	0.852143
4LG6-B-A	Positive	0.232234	0.767766
4CXF-B-A	Negative	0.594876	0.405124
4MVL-E-A	Positive	0.259265	0.740735
4MVL-G-C	Positive	0.260323	0.739677
4WVT-C-A	Positive	0.159246	0.840754
4CC3-B-A	Positive	0.233522	0.766478
4HON-F-A	Positive	0.0281565	0.971844
4HON-G-B	Positive	0.0546626	0.945337
4DEY-B-A	Positive	0.161106	0.838894
4YYM-Z-A	Positive	0.0505641	0.949436
4C5I-C-A	Positive	0.189586	0.810414
4DZU-B-A	Positive	0.202016	0.797984
4K8Y-B-A	Positive	0.264073	0.735927
4TVQ-E-C	Positive	0.0220464	0.977954
4ONI-C-A	Positive	0.289821	0.710179
4YK9-B-A	Positive	0.101221	0.898779
4IRV-E-A	Positive	0.0989901	0.90101
4J79-B-A	Positive	0.0773796	0.92262
4U0G-c-A	Positive	0.0417891	0.958211
4U0G-p-O	Positive	0.0417891	0.958211
4X1H-C-A	Positive	0.145585	0.854415
4OBK-C-A	Positive	0.41004	0.58996
4OBG-F-B	Negative	0.624357	0.375643
4LKD-I-A	Positive	0.151791	0.848209
4LKD-M-E	Negative	0.876635	0.123365
4X1Q-P-U	Positive	0.29724	0.70276
4HW4-C-A	Positive	0.415548	0.584452
4TQ1-B-A	Positive	0.118544	0.881456
4M1C-G-A	Positive	0.0103367	0.989663
4M1C-H-B	Positive	0.0125771	0.987423
4HPU-I-E	Positive	0.0274231	0.972577
4QLB-E-A	Positive	0.083193	0.916807
4QLB-G-C	Positive	0.083193	0.916807
4QLB-H-D	Positive	0.083193	0.916807
4QLB-F-B	Positive	0.0898637	0.910136
4UN2-B-A	Positive	0.0651325	0.934868
4P0B-B-A	Positive	0.0637206	0.936279
4LFB-U-M	Positive	0.299572	0.700428
4JDJ-B-A	Positive	0.0588282	0.941172
4QBY-1-H	Positive	0.0177512	0.982249
4BXU-B-A	Negative	0.518025	0.481975
4K3Q-E-A	Positive	0.0838558	0.916144
4A8X-B-A	Negative	0.560811	0.439189
4P3W-G-A	Positive	0.104337	0.895663
4P3W-L-E	Positive	0.12537	0.87463
4P3W-J-F	Positive	0.114017	0.885983
4P3W-I-D	Positive	0.144481	0.855519
4JMY-E-A	Positive	0.0827014	0.917299
4EZV-C-A	Positive	0.038565	0.961435
4EZV-D-A	Positive	0.0579006	0.942099
4K1E-B-A	Positive	0.218771	0.781229
4TK1-C-A	Positive	0.270338	0.729662
4JMR-G-A	Positive	0.334598	0.665402
4JMR-F-B	Positive	0.229384	0.770616
4JMR-H-C	Positive	0.0940276	0.905972
4JMR-E-D	Positive	0.397322	0.602678
4TRQ-C-B	Positive	0.191399	0.808601
4P2O-P-A	Positive	0.0228985	0.977101
4YYN-Z-A	Positive	0.036346	0.963654
5YT0-B-A	Positive	0.0585838	0.941416
5K58-N-E	Positive	0.11976	0.88024
5LZT-l-X	Positive	0.119506	0.880494
5JJ0-F-A	Positive	0.113131	0.886869
5JJ0-G-B	Positive	0.423524	0.576476
5EKF-B-A	Positive	0.14463	0.85537
5EKF-C-A	Positive	0.114094	0.885906
5ZFU-I-A	Positive	0.165643	0.834357
5Z12-J-A	Positive	0.104462	0.895538
5HHN-C-A	Positive	0.258625	0.741375
5DJY-C-A	Positive	0.079191	0.920809
5IYA-L-B	Positive	0.122189	0.877811
5AXI-E-B	Positive	0.0341235	0.965877
5GAF-f-G	Positive	0.117879	0.882121
5GAF-k-V	Positive	0.496856	0.503144
5LVF-B-A	Positive	0.151853	0.848147
5DF6-B-A	Positive	0.0704307	0.929569
5DF6-C-A	Positive	0.264563	0.735437
5WHA-B-A	Positive	0.0815891	0.918411
5WHA-C-A	Positive	0.106338	0.893662
5WHA-E-D	Positive	0.0865274	0.913473
5WHA-I-G	Positive	0.0815891	0.918411
5EYK-D-A	Positive	0.02173	0.97827
5EYK-C-B	Positive	0.0943921	0.905608
5HCD-D-B	Positive	0.243194	0.756806
5W7J-B-A	Positive	0.210077	0.789923
5GIJ-D-B	Positive	0.107674	0.892326
5K0U-D-A	Negative	0.635797	0.364203
5WRJ-F-A	Positive	0.0416938	0.958306
5FIY-F-A	Negative	0.801248	0.198752
5FIY-G-E	Negative	0.801248	0.198752
5W41-B-A	Positive	0.136244	0.863756
5WQD-H-A	Positive	0.151703	0.848297
5WQD-I-B	Positive	0.309723	0.690277
5WQD-J-C	Positive	0.283819	0.716181
5WQD-M-F	Positive	0.152399	0.847601
5WQD-N-G	Positive	0.067887	0.932113
5GIS-C-H	Positive	0.0435813	0.956419
5ADR-B-A	Negative	0.785208	0.214792
5TBN-C-A	Positive	0.255748	0.744252
5OID-B-A	Positive	0.291704	0.708296
5DX3-C-A	Positive	0.0473857	0.952614
5X4Z-L-B	Negative	0.561817	0.438183
5F3Y-B-A	Positive	0.0659093	0.934091
5UWP-D-C	Positive	0.0196913	0.980309
5IC4-I-A	Positive	0.0154048	0.984595
5EX0-D-A	Positive	0.0562203	0.94378
5C6H-B-A	Positive	0.132294	0.867706
5C6H-F-A	Positive	0.155483	0.844517
5C6H-J-A	Positive	0.125812	0.874188
5C6H-V-M	Positive	0.183263	0.816737
5BRZ-C-A	Positive	0.0677713	0.932229
5EO0-C-A	Positive	0.187683	0.812317
5C44-L-B	Negative	0.642505	0.357495
5VYO-E-A	Positive	0.0331258	0.966874
5VFS-e-V	Positive	0.380644	0.619356
5LN3-Y-R	Positive	0.238425	0.761575
5F5U-B-A	Negative	0.555188	0.444812
5F5U-C-A	Positive	0.321299	0.678701
5F5U-F-A	Positive	0.259087	0.740913
5F5U-E-D	Positive	0.275135	0.724865
5F5U-H-D	Positive	0.0361358	0.963864
5F5U-I-G	Positive	0.465333	0.534667
5C7F-E-A	Positive	0.0775421	0.922458
5C7F-F-B	Positive	0.0858529	0.914147
5C7F-G-C	Positive	0.115396	0.884604
5U4I-w-c	Positive	0.0427953	0.957205
5KIY-B-A	Negative	0.699037	0.300963
5WNA-B-H	Positive	0.0703296	0.92967
5VLP-Z-A	Positive	0.219734	0.780266
5B6G-B-A	Positive	0.159417	0.840583
5JTH-B-A	Positive	0.0362999	0.9637
5DHA-D-C	Positive	0.336217	0.663783
5CVA-E-A	Negative	0.87456	0.12544
5F67-C-A	Positive	0.153971	0.846029
5ND0-C-A	Negative	0.873317	0.126683
5TWA-D-A	Negative	0.696297	0.303703
5ZYS-B-A	Positive	0.131619	0.868381
5IB1-C-A	Positive	0.0332311	0.966769
5ADQ-B-A	Negative	0.785208	0.214792
5NJC-E-A	Positive	0.167916	0.832084
5CFA-C-A	Negative	0.52058	0.47942
5C3I-P-N	Positive	0.130242	0.869758
5OUS-B-A	Positive	0.142548	0.857452
5XKN-E-A	Positive	0.221301	0.778699
5W7X-H-D	Positive	0.0128088	0.987191
5W7X-G-D	Positive	0.214107	0.785893
5C6V-E-A	Positive	0.172098	0.827902
5AEI-D-A	Positive	0.162793	0.837207
5XHZ-C-A	Positive	0.126154	0.873846
5XHZ-D-A	Positive	0.126154	0.873846
5NFU-C-A	Positive	0.0455376	0.954462
5JWE-P-A	Positive	0.368237	0.631763
5YVG-X-A	Positive	0.468916	0.531084
5YVG-Y-B	Positive	0.192532	0.807468
5ZQV-E-A	Positive	0.182908	0.817092
5ZQV-G-D	Positive	0.229939	0.770061
5XJG-B-A	Negative	0.748009	0.251991
5IZ9-B-A	Positive	0.0382235	0.961777
5TIS-F-A	Positive	0.19996	0.80004
5TIS-I-A	Positive	0.173241	0.826759
5TIS-J-A	Positive	0.144963	0.855037
5TIS-X-B	Positive	0.20515	0.79485
5TIS-y-c	Positive	0.272774	0.727226
5VWJ-C-A	Positive	0.0715494	0.928451
5R4C-D-B	Positive	0.0549095	0.945091
5Y2D-F-A	Positive	0.00751841	0.992482
5JWD-C-A	Positive	0.256835	0.743165
5YPB-C-A	Negative	0.701374	0.298626
5H24-C-A	Positive	0.256522	0.743478
5IAN-E-A	Positive	0.0500165	0.949984
5INW-C-A	Positive	0.0446189	0.955381
5INW-D-B	Positive	0.0494904	0.95051
5OOL-2-F	Negative	0.528803	0.471197
5OOL-4-r	Positive	0.41796	0.58204
5ID0-E-A	Positive	0.0106237	0.989376
5W67-C-A	Positive	0.0449457	0.955054
5C7E-G-A	Positive	0.0240337	0.975966
5C7E-H-B	Positive	0.0250258	0.974974
5C7E-I-C	Positive	0.0334493	0.966551
5C7E-K-E	Positive	0.0739888	0.926011
5C7E-L-F	Positive	0.0727192	0.927281
5JHP-E-A	Positive	0.0683443	0.931656
5EAY-F-A	Positive	0.0409584	0.959042
5EAY-E-B	Positive	0.0380703	0.96193
5VAX-E-A	Positive	0.381895	0.618105
5VAX-F-B	Positive	0.465314	0.534686
5VAX-G-C	Positive	0.32436	0.67564
5OTX-B-A	Positive	0.322243	0.677757
5OTX-D-C	Negative	0.574997	0.425003
5JER-B-A	Positive	0.120364	0.879636
5AFP-D-A	Positive	0.0667272	0.933273
5JME-F-A	Positive	0.417288	0.582712
5MQF-S-A	Negative	0.59657	0.40343
5VS7-P-A	Positive	0.0701684	0.929832
5GNV-B-A	Positive	0.0625784	0.937422
5VAP-D-A	Positive	0.0541669	0.945833
5VAP-C-B	Positive	0.023293	0.976707
5K9S-B-A	Positive	0.168304	0.831696
5L9U-M-C	Positive	0.311817	0.688183
5N39-B-A	Positive	0.383039	0.616961
5O9Z-K-A	Positive	0.0833263	0.916674
5O9Z-R-L	Positive	0.0584433	0.941557
5BWL-B-A	Positive	0.0760863	0.923914
5UPK-A-B	Positive	0.112996	0.887004
5BSA-F-B	Negative	0.595556	0.404444
5CRV-C-A	Positive	0.0347593	0.965241
5CRV-D-B	Positive	0.164765	0.835235
5UUP-B-A	Positive	0.116564	0.883436
5HKZ-B-A	Positive	0.150486	0.849514
5E2B-D-A	Positive	0.0389446	0.961055
5GK9-B-A	Positive	0.0987622	0.901238
5WJN-C-A	Positive	0.114709	0.885291
5GHW-P-H	Positive	0.43374	0.56626
5XCT-C-A	Positive	0.18142	0.81858
5VID-G-D	Positive	0.462837	0.537163
5VID-H-B	Positive	0.2946	0.7054
5VID-F-A	Positive	0.340654	0.659346
5AZF-D-B	Positive	0.0646012	0.935399
5KVM-B-A	Negative	0.517048	0.482952
5E1O-D-A	Positive	0.0613736	0.938626
5MYC-P-A	Positive	0.277225	0.722775
5MUU-C-A	Positive	0.0608247	0.939175
5A2L-P-H	Positive	0.252466	0.747534
5T2S-B-A	Positive	0.195777	0.804223
5T2S-D-C	Positive	0.195777	0.804223
5YVU-A-B	Negative	0.647535	0.352465
5FJX-E-A	Positive	0.0110834	0.988917
5FJX-D-B	Positive	0.00437637	0.995624
5XJT-M-2	Positive	0.0262863	0.973714
5IQM-F-G	Positive	0.120159	0.879841
5IQM-B-G	Positive	0.418972	0.581028
5OL3-D-A	Positive	0.142548	0.857452
5MN9-C-A	Negative	0.836351	0.163649
5KYU-C-A	Negative	0.737275	0.262725
5FOU-C-A	Positive	0.176975	0.823025
5M32-r-j	Positive	0.0512368	0.948763
5M32-s-j	Positive	0.214153	0.785847
5CSI-C-A	Positive	0.340879	0.659121
5YIQ-D-A	Positive	0.0962403	0.90376
5E7C-J-A	Positive	0.0637537	0.936246
5HTB-B-A	Positive	0.126165	0.873835
5FGC-A-B	Positive	0.0594056	0.940594
5AJN-P-A	Positive	0.0739031	0.926097
5E1M-D-A	Positive	0.194622	0.805378
5HFF-B-A	Positive	0.0763676	0.923632
5SXM-C-A	Positive	0.166834	0.833166
5OY3-B-A	Positive	0.134212	0.865788
5GOW-A-B	Positive	0.476708	0.523292
5VLL-Y-A	Negative	0.845715	0.154285
5HDA-B-A	Positive	0.332817	0.667183
5HDA-D-A	Positive	0.114931	0.885069
5B1Z-C-A	Positive	0.0623775	0.937622
5B1Z-D-B	Positive	0.0534157	0.946584
5OY9-D-A	Negative	0.62533	0.37467
5U4K-B-A	Positive	0.105426	0.894574
5HHQ-C-A	Positive	0.210102	0.789898
5BS0-C-A	Positive	0.076433	0.923567
5ITF-E-A	Positive	0.0169375	0.983063
5LSW-B-A	Positive	0.0744405	0.925559
5I2I-E-A	Positive	0.0185873	0.981413
5VT9-C-A	Positive	0.0524309	0.947569
5VT9-D-A	Positive	0.0233149	0.976685
5OPT-q-r	Negative	0.560905	0.439095
5I3L-C-A	Positive	0.418479	0.581521
5FJ8-I-A	Negative	0.682909	0.317091
5F6K-D-C	Negative	0.746675	0.253325
5F6K-M-C	Positive	0.176148	0.823852
5F6K-F-E	Positive	0.252684	0.747316
5EJC-E-A	Positive	0.0718924	0.928108
5EJC-F-A	Positive	0.154593	0.845407
5EJC-C-B	Positive	0.066831	0.933169
5EJC-D-B	Positive	0.11684	0.88316
5YD8-V-Y	Positive	0.100581	0.899419
5YD8-U-X	Positive	0.089616	0.910384
5YD8-W-Z	Positive	0.0442195	0.955781
5XTZ-E-A	Positive	0.0528399	0.94716
5LUM-F-A	Positive	0.122847	0.877153
5AFU-a-A	Negative	0.776909	0.223091
5AFU-c-B	Positive	0.0745637	0.925436
5AFU-d-F	Negative	0.648025	0.351975
5AFZ-I-H	Positive	0.123574	0.876426
5LSP-X-A	Positive	0.0754611	0.924539
5LSP-Y-P	Positive	0.0722196	0.92778
5GP7-B-A	Positive	0.065124	0.934876
5FOV-E-A	Positive	0.11405	0.88595
5NX1-B-A	Positive	0.149856	0.850144
5NX1-D-A	Negative	0.734393	0.265607
5JPO-E-A	Negative	0.524517	0.475483
5JXT-U-J	Positive	0.0651829	0.934817
5JXT-W-H	Positive	0.0471049	0.952895
5W6R-M-A	Positive	0.0721626	0.927837
5AJP-B-A	Positive	0.0511449	0.948855
5K6S-B-A	Positive	0.298518	0.701482
5K4F-D-A	Positive	0.0109527	0.989047
5J28-C-A	Positive	0.115324	0.884676
5UWO-D-C	Positive	0.132007	0.867993
5VLK-Z-A	Positive	0.169201	0.830799
5MVW-C-A	Positive	0.0768703	0.92313
5MVW-D-A	Negative	0.568196	0.431804
5T6W-C-A	Positive	0.110461	0.889539
5ET0-B-A	Positive	0.082772	0.917228
5N9C-F-A	Negative	0.714327	0.285673
5SXP-F-A	Positive	0.358851	0.641149
5SXP-G-A	Negative	0.705441	0.294559
5CDW-f-A	Positive	0.409767	0.590233
5CDW-I-A	Positive	0.490244	0.509756
5F5O-B-A	Negative	0.585089	0.414911
5F5O-D-C	Positive	0.487512	0.512488
5F5O-F-E	Positive	0.381702	0.618298
5O31-s-E	Positive	0.126332	0.873668
5O31-c-O	Negative	0.665049	0.334951
5APR-I-E	Positive	0.212673	0.787327
5LEF-C-A	Negative	0.738177	0.261823
5LEF-D-A	Negative	0.69257	0.30743
5K0Y-M-T	Positive	0.287822	0.712178
5H3J-B-A	Positive	0.0903201	0.90968
5VGD-C-A	Positive	0.0708694	0.929131
5Z7G-C-A	Positive	0.0645977	0.935402
5MHC-P-A	Positive	0.168243	0.831757
5ZWO-Z-X	Positive	0.1362	0.8638
5NIG-C-A	Positive	0.107641	0.892359
5C0D-C-A	Positive	0.0381899	0.96181
5A53-B-A	Positive	0.122929	0.877071
5J4X-D-A	Positive	0.0705639	0.929436
5IYX-B-A	Negative	0.723458	0.276542
5LQW-L-A	Negative	0.616245	0.383755
5N1W-C-A	Positive	0.039557	0.960443
5N1W-D-A	Positive	0.289135	0.710865
5M5Y-L-B	Positive	0.499143	0.500857
5V1T-B-A	Positive	0.0370864	0.962914
5E2V-P-L	Positive	0.206044	0.793956
5FXC-P-H	Positive	0.288933	0.711067
5ZMS-A-B	Negative	0.542406	0.457594
5JWP-B-A	Positive	0.0382488	0.961751
5B83-E-D	Positive	0.0402156	0.959784
5TZQ-D-A	Negative	0.669245	0.330755
5TZQ-C-B	Positive	0.0616215	0.938379
5XCR-C-A	Positive	0.0712809	0.928719
5H1X-A-B	Positive	0.135194	0.864806
5H1X-C-B	Positive	0.449066	0.550934
5N85-B-A	Positive	0.0239044	0.976096
5LJ3-F-A	Positive	0.0994421	0.900558
5LJ3-P-A	Positive	0.0654761	0.934524
5HJD-B-A	Positive	0.322938	0.677062
5HJD-F-E	Negative	0.745036	0.254964
5HJD-J-N	Negative	0.760916	0.239084
5WSV-B-A	Positive	0.0549699	0.94503
5WSV-D-A	Positive	0.296161	0.703839
5EN6-D-A	Positive	0.0964912	0.903509
5O90-B-A	Positive	0.108413	0.891587
5MDY-6-7	Positive	0.294513	0.705487
5O3V-C-A	Negative	0.50517	0.49483
5O3V-D-B	Positive	0.237021	0.762979
5XJU-M-2	Positive	0.0264497	0.97355
5FFW-C-A	Positive	0.0636435	0.936356
5NPH-A-H	Positive	0.0346542	0.965346
5B5V-E-A	Positive	0.415303	0.584697
5R4D-D-B	Positive	0.072165	0.927835
5GU4-C-A	Positive	0.0505437	0.949456
5OUC-E-A	Positive	0.317478	0.682522
5ERW-C-A	Positive	0.246961	0.753039
5T0K-P-A	Positive	0.333493	0.666507
5YIP-B-A	Positive	0.0217248	0.978275
5IB4-C-A	Positive	0.0332311	0.966769
5T1M-E-A	Positive	0.0793129	0.920687
5GIM-C-B	Positive	0.221017	0.778983
5GIM-D-B	Positive	0.172349	0.827651
5NX2-B-A	Positive	0.121365	0.878635
5FVD-B-A	Positive	0.0813111	0.918689
5FVD-D-A	Positive	0.0821739	0.917826
5NCL-D-A	Positive	0.0332295	0.96677
5NVN-B-A	Positive	0.0775633	0.922437
5MX2-L-A	Positive	0.149105	0.850895
5MX2-T-A	Positive	0.0423817	0.957618
5MX2-Y-C	Negative	0.900843	0.0991567
5MX2-f-a	Positive	0.41074	0.58926
5MX2-y-c	Positive	0.49912	0.50088
5MX2-r-e	Negative	0.765098	0.234902
5BUZ-C-A	Negative	0.575162	0.424838
5BUZ-F-D	Positive	0.145665	0.854335
5FU7-D-A	Positive	0.289337	0.710663
5FU7-H-A	Positive	0.268645	0.731355
5MAV-H-A	Positive	0.0656474	0.934353
5MAV-G-C	Positive	0.0830798	0.91692
5MAV-K-E	Positive	0.0506349	0.949365
5MAV-N-D	Positive	0.170211	0.829789
5MAV-L-F	Positive	0.124202	0.875798
5JEJ-D-A	Positive	0.0166809	0.983319
5JEJ-E-A	Positive	0.0792469	0.920753
5JEJ-C-B	Positive	0.104567	0.895433
5Y39-F-D	Positive	0.0709034	0.929097
5UQ3-C-A	Positive	0.406554	0.593446
5WBY-P-D	Positive	0.0999684	0.900032
5OVP-B-A	Positive	0.0788949	0.921105
5U5P-C-A	Positive	0.294164	0.705836
5U5P-B-A	Positive	0.211702	0.788298
5ADX-c-B	Negative	0.648025	0.351975
5MRF-Y-P	Positive	0.0803124	0.919688
5VWK-E-A	Positive	0.129433	0.870567
5VWK-G-A	Positive	0.129433	0.870567
5A86-D-B	Positive	0.0275826	0.972417
5XJ0-Y-C	Positive	0.215131	0.784869
5TP6-B-A	Positive	0.495125	0.504875
5MP5-K-A	Positive	0.0347409	0.965259
5MP5-J-H	Positive	0.0631297	0.93687
5T78-F-A	Positive	0.230008	0.769992
5NVM-B-A	Positive	0.252236	0.747764
5HU3-B-A	Positive	0.120021	0.879979
5BRM-G-A	Positive	0.470332	0.529668
5BRM-I-A	Positive	0.155473	0.844527
5BRM-M-A	Positive	0.377712	0.622288
5BRM-H-B	Positive	0.188927	0.811073
5BRM-N-B	Positive	0.198395	0.801605
5BRM-J-D	Positive	0.0794364	0.920564
5BRM-L-D	Positive	0.128762	0.871238
5BRM-O-D	Positive	0.476487	0.523513
5LB7-C-A	Positive	0.404404	0.595596
5XCO-B-A	Positive	0.0715202	0.92848
5H7H-B-A	Positive	0.0904738	0.909526
5Y5S-J-L	Positive	0.40723	0.59277
5Y5S-8-L	Negative	0.516654	0.483346
5Y5S-B-H	Positive	0.40723	0.59277
5Y5S-T-Q	Positive	0.0853518	0.914648
5Y5S-2-Y	Negative	0.516654	0.483346
5GGP-C-A	Positive	0.0557705	0.944229
5GGP-D-B	Positive	0.0497608	0.950239
5NG4-B-A	Positive	0.104356	0.895644
5TQ1-B-A	Negative	0.540022	0.459978
5GWM-B-A	Positive	0.0987873	0.901213
5N99-C-A	Positive	0.114995	0.885005
5JJZ-B-A	Positive	0.0491273	0.950873
5L04-B-A	Negative	0.87013	0.12987
5WBL-T-A	Positive	0.191337	0.808663
5CJO-a-A	Positive	0.180984	0.819016
5MFK-C-A	Positive	0.162793	0.837207
5XBK-E-B	Positive	0.0338532	0.966147
5WJL-C-A	Positive	0.0824115	0.917588
5WJL-F-D	Positive	0.0824115	0.917588
5GID-C-A	Positive	0.492757	0.507243
5F8X-B-A	Positive	0.284791	0.715209
5XSQ-B-A	Positive	0.0633786	0.936621
5WIR-D-B	Negative	0.567532	0.432468
5WIR-C-A	Positive	0.196618	0.803382
5OW5-E-A	Positive	0.107342	0.892658
5B5E-I-A	Positive	0.16213	0.83787
5B5E-J-A	Positive	0.144963	0.855037
5B5E-t-B	Positive	0.165594	0.834406
5B5E-f-a	Positive	0.110703	0.889297
5B5E-j-a	Positive	0.417848	0.582152
5YXL-B-A	Negative	0.501058	0.498942
5YXL-D-C	Positive	0.413312	0.586688
5E3A-B-A	Positive	0.0842914	0.915709
5UUM-C-A	Positive	0.0543313	0.945669
5OM7-B-A	Positive	0.0836065	0.916393
5EM9-B-A	Positive	0.275789	0.724211
5NEU-4-1	Positive	0.0875461	0.912454
5Y5A-B-A	Positive	0.13329	0.86671
5F0O-E-A	Positive	0.0343096	0.96569
5HHO-C-A	Positive	0.120159	0.879841
5V22-B-A	Positive	0.306652	0.693348
5VF3-Z-A	Positive	0.120732	0.879268
5B5U-C-A	Positive	0.28495	0.71505
5B75-B-A	Positive	0.459681	0.540319
5JI0-E-D	Positive	0.027182	0.972818
5IEK-C-A	Positive	0.237989	0.762011
5NPV-B-A	Positive	0.0445373	0.955463
5NPV-D-A	Positive	0.0445373	0.955463
5T1L-E-A	Positive	0.132315	0.867685
5EX3-D-A	Positive	0.05968	0.94032
5W5C-A-B	Positive	0.122236	0.877764
5W5C-E-B	Positive	0.0616532	0.938347
5VAI-P-R	Positive	0.238015	0.761985
5TS1-P-A	Positive	0.0787624	0.921238
5L9V-C-A	Positive	0.080386	0.919614
5O66-M-J	Positive	0.451107	0.548893
5O66-O-K	Positive	0.429255	0.570745
5XXF-C-A	Negative	0.865016	0.134984
5XXF-E-A	Positive	0.0459805	0.95402
5G1D-D-A	Positive	0.28267	0.71733
5EIB-F-C	Positive	0.0462424	0.953758
5YC1-I-A	Positive	0.0366201	0.96338
5U5S-B-A	Positive	0.290079	0.709921
5FF6-E-A	Positive	0.421575	0.578425
5ABX-B-A	Positive	0.268554	0.731446
5T6P-F-A	Positive	0.09054	0.90946
5MDX-F-A	Positive	0.275942	0.724058
5MDX-L-A	Positive	0.0488023	0.951198
5MDX-T-A	Positive	0.267829	0.732171
5MDX-W-A	Positive	0.238411	0.761589
5MDX-M-B	Positive	0.195164	0.804836
5MDX-K-C	Positive	0.181837	0.818163
5MDX-X-D	Positive	0.0933089	0.906691
5LCW-D-O	Positive	0.123374	0.876626
5YIS-C-A	Positive	0.435876	0.564124
5YIS-D-B	Positive	0.102909	0.897091
5IQ9-C-A	Positive	0.238242	0.761758
5GQR-C-B	Positive	0.119324	0.880676
5GRD-C-A	Positive	0.0252327	0.974767
5BXV-B-A	Positive	0.0815026	0.918497
5BXV-D-A	Positive	0.144065	0.855935
5I9E-E-A	Positive	0.414106	0.585894
5I9E-H-B	Positive	0.423616	0.576384
5WA4-M-A	Positive	0.124555	0.875445
5WA4-P-A	Positive	0.0738995	0.926101
5WA4-Q-C	Positive	0.127148	0.872852
5O45-B-A	Positive	0.0625291	0.937471
5F5J-B-A	Positive	0.141127	0.858873
5OWP-D-H	Positive	0.15759	0.84241
5C08-C-A	Positive	0.0446925	0.955308
5C08-H-F	Positive	0.0446925	0.955308
5EKG-B-A	Positive	0.437861	0.562139
5EKG-C-A	Positive	0.0274981	0.972502
5WS5-T-A	Negative	0.501566	0.498434
5WS5-f-a	Negative	0.662809	0.337191
5WS5-j-a	Positive	0.341046	0.658954
5J6G-F-A	Positive	0.115837	0.884163
5VZ5-C-A	Positive	0.0586213	0.941379
5DVV-C-A	Positive	0.194586	0.805414
5XY3-b-D	Positive	0.427975	0.572025
5XY3-l-X	Negative	0.687467	0.312533
5I8C-C-A	Positive	0.0671212	0.932879
5Y4H-B-A	Positive	0.0982905	0.90171
5W4E-A-B	Negative	0.907266	0.0927343
5W4E-D-B	Positive	0.4689	0.5311
5HYN-D-A	Positive	0.104716	0.895284
5HYN-E-A	Positive	0.0792723	0.920728
5HYN-J-F	Positive	0.134135	0.865865
5HYN-P-K	Positive	0.167122	0.832878
5W6A-E-A	Positive	0.328544	0.671456
5QTX-H-A	Positive	0.307608	0.692392
5NHU-I-H	Positive	0.196445	0.803555
5NHU-J-A	Positive	0.149206	0.850794
5NHU-K-C	Positive	0.302696	0.697304
5L7K-B-A	Positive	0.136442	0.863558
5T70-C-A	Positive	0.212879	0.787121
5CZ2-G-A	Negative	0.723635	0.276365
5CZ2-H-A	Negative	0.710622	0.289378
5CZ2-K-C	Negative	0.686777	0.313223
5CZ2-I-E	Positive	0.28416	0.71584
5OBT-E-A	Negative	0.579049	0.420951
5EPJ-B-A	Positive	0.0884729	0.911527
5C0B-C-A	Positive	0.180159	0.819841
5C0B-H-F	Positive	0.180159	0.819841
5JHN-F-A	Positive	0.107307	0.892693
5JHN-G-B	Positive	0.376726	0.623274
5JTM-E-A	Positive	0.384521	0.615479
5G5P-C-B	Positive	0.0800209	0.919979
5T0H-e-V	Positive	0.344669	0.655331
5HI3-I-A	Positive	0.287312	0.712688
5IG9-I-A	Positive	0.444151	0.555849
5IG9-M-E	Positive	0.327303	0.672697
5IG9-N-F	Positive	0.0778563	0.922144
5WA1-B-A	Positive	0.0210249	0.978975
5ZUT-E-A	Positive	0.200551	0.799449
5HB3-B-A	Positive	0.0260346	0.973965
5T0F-B-A	Positive	0.497225	0.502775
5YY4-B-A	Positive	0.158769	0.841231
5ODS-E-A	Positive	0.192391	0.807609
5XOQ-C-A	Positive	0.163446	0.836554
5X8T-5-G	Positive	0.165713	0.834287
5X8T-1-O	Positive	0.481823	0.518177
5X8T-7-R	Positive	0.0647004	0.9353
5TP1-P-A	Positive	0.0383513	0.961649
5TP1-R-C	Positive	0.104351	0.895649
5TP1-S-D	Positive	0.0989803	0.90102
5YQG-E-A	Positive	0.0445969	0.955403
5YQG-F-C	Positive	0.101055	0.898945
5LVP-F-A	Positive	0.218978	0.781022
5LVP-E-C	Positive	0.277993	0.722007
5ENW-C-A	Positive	0.0276117	0.972388
5M35-C-A	Positive	0.282248	0.717752
5M35-D-B	Positive	0.446859	0.553141
5NMG-C-A	Positive	0.20351	0.79649
5WB5-B-A	Negative	0.675606	0.324394
5EPP-B-A	Positive	0.0431868	0.956813
5NMI-I-A	Negative	0.500065	0.499935
5L23-B-A	Positive	0.0884061	0.911594
5F5G-B-A	Positive	0.0432346	0.956765
5VF0-B-A	Negative	0.54581	0.45419
5MFF-E-A	Positive	0.163417	0.836583
5T5L-a-A	Positive	0.0105547	0.989445
5T5L-b-B	Positive	0.0588105	0.941189
5E6Q-A-B	Positive	0.227169	0.772831
5VWW-C-A	Positive	0.0870821	0.912918
5VWW-D-B	Positive	0.0515691	0.948431
5XTD-K-A	Negative	0.715401	0.284599
5XTD-f-g	Negative	0.630039	0.369961
5K99-C-A	Positive	0.0819026	0.918097
5BN6-A-E	Positive	0.0832721	0.916728
5BN6-B-E	Negative	0.520928	0.479072
5WNW-C-A	Positive	0.119519	0.880481
5T5O-a-A	Positive	0.0468808	0.953119
5YI8-B-A	Positive	0.197134	0.802866
5WFC-D-A	Positive	0.237649	0.762351
5GIR-C-H	Positive	0.120355	0.879645
5GIR-D-L	Positive	0.285101	0.714899
5OY4-X-A	Positive	0.0268311	0.973169
5EO1-C-A	Positive	0.14096	0.85904
5V8K-B-A	Positive	0.336637	0.663363
5WRV-A-B	Positive	0.0431143	0.956886
5VGE-C-A	Positive	0.220311	0.779689
5WVO-D-A	Positive	0.356784	0.643216
5DX1-F-A	Positive	0.417669	0.582331
5DX1-G-A	Positive	0.337851	0.662149
5DX1-H-C	Positive	0.417669	0.582331
5DX1-I-C	Positive	0.400492	0.599508
5CO5-F-A	Negative	0.634293	0.365707
5X60-C-A	Positive	0.112278	0.887722
5INC-E-A	Positive	0.0982995	0.901701
5T6R-s-H	Negative	0.680087	0.319913
5WEU-P-A	Positive	0.370057	0.629943
5H7Y-B-A	Positive	0.123654	0.876346
5WMO-C-A	Positive	0.0736711	0.926329
5DHF-D-C	Positive	0.207694	0.792306
5ZK7-C-A	Positive	0.119764	0.880236
5ZK7-D-A	Positive	0.119764	0.880236
5KLR-A-B	Positive	0.131777	0.868223
5ZU1-D-A	Positive	0.230958	0.769042
5OY0-M-B	Positive	0.170866	0.829134
5OY0-h-l	Negative	0.519709	0.480291
5ITJ-B-A	Negative	0.754668	0.245332
5FA3-C-A	Positive	0.0469372	0.953063
5LY3-B-A	Positive	0.126582	0.873418
5TSX-M-A	Positive	0.023763	0.976237
5XOG-L-B	Negative	0.757733	0.242267
5T1I-C-A	Positive	0.0730424	0.926958
5YPO-C-B	Positive	0.206711	0.793289
5YPO-D-A	Positive	0.206711	0.793289
5H2C-B-A	Positive	0.0729346	0.927065
5WUN-B-A	Negative	0.618201	0.381799
5WUN-C-A	Negative	0.604098	0.395902
5D5K-B-C	Positive	0.121099	0.878901
5D2M-G-A	Positive	0.0927971	0.907203
5KGF-L-A	Negative	0.626579	0.373421
5VX0-B-A	Positive	0.111829	0.888171
5VX0-D-C	Positive	0.124837	0.875163
5N36-B-A	Positive	0.183378	0.816622
5EJV-C-A	Positive	0.254374	0.745626
5EJV-D-B	Negative	0.561191	0.438809
5NU1-P-A	Negative	0.562776	0.437224
5WHB-B-A	Positive	0.0876632	0.912337
5WHB-C-A	Positive	0.0813167	0.918683
5WHB-I-A	Positive	0.0813167	0.918683
5WHB-K-A	Positive	0.104088	0.895912
5TU5-B-A	Positive	0.345913	0.654087
5NPR-E-A	Positive	0.113642	0.886358
5T59-C-A	Positive	0.480565	0.519435
5T59-F-D	Negative	0.66537	0.33463
5MEP-C-A	Positive	0.204184	0.795816
5XKJ-E-C	Positive	0.117211	0.882789
5J6Z-A-B	Positive	0.05277	0.94723
5DA7-B-A	Positive	0.301369	0.698631
5F1N-C-A	Positive	0.0143533	0.985647
5C0G-C-A	Negative	0.569605	0.430395
5DH9-D-C	Positive	0.0483334	0.951667
5G05-T-A	Positive	0.0715544	0.928446
5G05-W-A	Positive	0.12197	0.87803
5OXW-G-A	Positive	0.0763842	0.923616
5VLH-Y-A	Positive	0.347093	0.652907
5KY9-B-A	Positive	0.306716	0.693284
5HB0-E-B	Positive	0.133558	0.866442
5HB0-G-B	Positive	0.320042	0.679958
5VVV-B-A	Positive	0.328427	0.671573
5VVV-D-A	Positive	0.0494608	0.950539
5GLF-B-A	Positive	0.101046	0.898954
5GLF-D-A	Positive	0.142686	0.857314
5GLF-F-C	Positive	0.13457	0.86543
5ONB-B-A	Positive	0.0565151	0.943485
5ONB-F-E	Positive	0.0353513	0.964649
5ONB-H-G	Positive	0.0520449	0.947955
5V3N-B-A	Positive	0.262623	0.737377
5MF9-B-A	Positive	0.165699	0.834301
5YIX-B-A	Positive	0.34507	0.65493
5FKP-C-A	Positive	0.107016	0.892984
5KQ1-C-A	Positive	0.112031	0.887969
5KQ1-F-A	Positive	0.253994	0.746006
5VKL-B-A	Positive	0.337663	0.662337
5FQ7-P-A	Positive	0.0797096	0.92029
5FVK-D-A	Positive	0.474924	0.525076
5Y49-D-A	Positive	0.0336166	0.966383
5Y49-E-B	Positive	0.175355	0.824645
5UA4-B-A	Positive	0.0684321	0.931568
5Z62-K-A	Positive	0.282531	0.717469
5Z62-L-A	Negative	0.524966	0.475034
5Z62-M-A	Negative	0.518853	0.481147
5VUF-C-A	Positive	0.122725	0.877275
5CSZ-D-H	Positive	0.139729	0.860271
5CSZ-E-A	Positive	0.0286454	0.971355
5GSV-C-A	Negative	0.628971	0.371029
5AB2-C-A	Positive	0.19191	0.80809
5Y3R-K-C	Positive	0.014056	0.985944
5N7B-I-H	Positive	0.326792	0.673208
5L1Z-C-B	Negative	0.898151	0.101849
5XMM-C-A	Positive	0.0786021	0.921398
5VVX-B-A	Positive	0.282088	0.717912
5VVX-D-A	Positive	0.24116	0.75884
5MRW-D-A	Positive	0.0808407	0.919159
5MRW-H-E	Positive	0.0808407	0.919159
5Q0F-H-A	Positive	0.350903	0.649097
5U06-L-A	Positive	0.0873492	0.912651
5T6X-C-A	Positive	0.0400109	0.959989
5Z38-G-A	Positive	0.412539	0.587461
5Z38-I-D	Positive	0.109335	0.890665
5FN3-G-A	Positive	0.0235985	0.976401
5JM4-D-A	Positive	0.00848672	0.991513
5XMF-C-A	Positive	0.186633	0.813367
5MK1-E-A	Positive	0.0356514	0.964349
5DX0-F-A	Positive	0.371022	0.628978
5DX0-G-A	Positive	0.172323	0.827677
5NQG-B-A	Positive	0.0841557	0.915844
5U62-C-A	Positive	0.12774	0.87226
5U62-D-A	Positive	0.227259	0.772741
5NRL-X-A	Positive	0.0186441	0.981356
5NWX-B-A	Positive	0.188288	0.811712
5YCO-E-A	Positive	0.404479	0.595521
5OAK-B-A	Positive	0.0766571	0.923343
5HYU-A-B	Negative	0.63509	0.36491
5V3G-G-D	Positive	0.250169	0.749831
5H7P-B-A	Positive	0.0819071	0.918093
5CX2-B-A	Positive	0.117091	0.882909
5CX2-D-A	Positive	0.0436493	0.956351
5HUY-B-C	Positive	0.173342	0.826658
5HUY-A-C	Positive	0.111546	0.888454
5N91-F-A	Negative	0.742915	0.257085
5BXU-B-A	Positive	0.0118299	0.98817
5ZGC-G-A	Positive	0.0635801	0.93642
5ZGC-H-B	Positive	0.0180393	0.981961
5ZGC-I-C	Positive	0.0413636	0.958636
5ZGC-J-E	Positive	0.00974259	0.990257
5C26-B-A	Positive	0.0535008	0.946499
5VNI-D-B	Positive	0.0283128	0.971687
5VNF-D-B	Positive	0.150621	0.849379
5YBV-C-A	Positive	0.049055	0.950945
5BTV-P-A	Positive	0.0413534	0.958647
5XXU-e-J	Positive	0.186693	0.813307
5XXU-f-M	Negative	0.651258	0.348742
5TDY-A-B	Positive	0.0524046	0.947595
5TDY-C-D	Positive	0.155853	0.844147
5U0S-l-b	Positive	0.295751	0.704249
5NEY-E-B	Positive	0.0123047	0.987695
5XPU-B-A	Positive	0.273404	0.726596
5VAH-C-A	Positive	0.0623196	0.93768
5VAH-D-B	Positive	0.161816	0.838184
5NI9-C-A	Positive	0.238476	0.761524
5OJ5-B-A	Positive	0.219855	0.780145
5DUB-P-H	Positive	0.0187304	0.98127
5M37-D-A	Negative	0.650787	0.349213
5J9K-C-A	Positive	0.319103	0.680897
5J9K-D-B	Positive	0.076159	0.923841
5NPW-B-A	Positive	0.169824	0.830176
5NPW-H-A	Positive	0.202304	0.797696
5NPW-D-C	Positive	0.202304	0.797696
5F5K-B-A	Positive	0.141127	0.858873
5AJK-B-A	Positive	0.223965	0.776035
5AJK-J-C	Positive	0.27083	0.72917
5MK0-B-A	Positive	0.0935315	0.906468
5MK0-D-A	Positive	0.226514	0.773486
5JR4-B-A	Positive	0.118868	0.881132
5N5T-P-A	Positive	0.244193	0.755807
5NNF-B-A	Positive	0.374796	0.625204
5WWI-E-A	Positive	0.0496407	0.950359
5VZU-E-B	Positive	0.0406233	0.959377
5VZU-F-D	Positive	0.0479914	0.952009
5OSG-P-h	Positive	0.295325	0.704675
5ZVK-a-A	Positive	0.0470906	0.952909
5ZVK-c-A	Positive	0.177597	0.822403
5ZVK-b-B	Positive	0.0377879	0.962212
5MO3-A-H	Positive	0.0380784	0.961922
5IXD-B-A	Positive	0.0959328	0.904067
5T0Q-B-A	Positive	0.150135	0.849865
5XXK-C-A	Positive	0.147495	0.852505
5YTK-G-A	Positive	0.134449	0.865551
5YTK-J-A	Positive	0.112285	0.887715
5HHX-B-A	Positive	0.406267	0.593733
5TTW-B-A	Positive	0.225786	0.774214
5TTW-D-C	Positive	0.225786	0.774214
5ICY-E-A	Positive	0.0452764	0.954724
5H5Q-B-A	Positive	0.232656	0.767344
5Q1D-B-A	Positive	0.0990851	0.900915
5UQ8-9-Q	Positive	0.0405966	0.959403
5DBR-C-A	Positive	0.183143	0.816857
5K2M-K-G	Positive	0.0763152	0.923685
5K2M-L-G	Positive	0.128467	0.871533
5K2M-M-G	Positive	0.0739023	0.926098
5K2M-N-H	Positive	0.278039	0.721961
5I0I-G-A	Positive	0.199115	0.800885
5J9Q-L-E	Positive	0.0925588	0.907441
5J9Q-M-E	Positive	0.0597812	0.940219
5E0V-C-A	Positive	0.0150811	0.984919
5E0V-D-A	Positive	0.0415585	0.958442
5YYF-B-A	Positive	0.00860009	0.9914
5N70-B-A	Negative	0.641331	0.358669
5ICX-E-A	Positive	0.0336448	0.966355
5VIF-B-A	Positive	0.0466221	0.953378
5F9J-C-A	Positive	0.307021	0.692979
5V4B-C-B	Positive	0.166312	0.833688
5F85-B-A	Positive	0.179741	0.820259
5II0-D-A	Negative	0.561547	0.438453
5II0-E-B	Positive	0.260979	0.739021
5II0-F-C	Negative	0.561547	0.438453
5OH8-C-A	Negative	0.593123	0.406877
5T47-B-A	Negative	0.770042	0.229958
5EFI-C-A	Positive	0.0370915	0.962908
5MLU-M-A	Negative	0.848574	0.151426
5HZ1-A-B	Positive	0.134445	0.865555
5LM5-C-A	Positive	0.09468	0.90532
5LM5-D-B	Positive	0.0789622	0.921038
5B3S-M-A	Negative	0.722331	0.277669
5ZGH-J-1	Positive	0.40185	0.59815
5ZGH-M-B	Positive	0.229792	0.770208
5YIR-C-D	Positive	0.0417757	0.958224
5YIR-G-D	Positive	0.0912164	0.908784
5YIR-H-D	Positive	0.0738997	0.9261
5LX2-B-A	Positive	0.267061	0.732939
5IND-E-A	Positive	0.0940861	0.905914
5CFD-D-A	Positive	0.137937	0.862063
5MHM-H-A	Positive	0.249251	0.750749
5HJC-B-A	Positive	0.157002	0.842998
5WJE-B-A	Positive	0.0308732	0.969127
5YLZ-R-A	Positive	0.0770969	0.922903
5EOF-C-A	Positive	0.0546117	0.945388
5EOF-D-A	Positive	0.0364955	0.963504
5YXD-B-A	Positive	0.0116206	0.988379
5JEK-C-A	Positive	0.0222208	0.977779
5JEK-D-B	Positive	0.0817045	0.918296
5LXM-D-A	Positive	0.174637	0.825363
5AER-B-A	Positive	0.00778309	0.992217
5EHC-B-A	Positive	0.053937	0.946063
5KKO-F-B	Positive	0.0835722	0.916428
5VE8-C-A	Positive	0.0211474	0.978853
5VE8-E-B	Positive	0.0251865	0.974813
5LY2-E-A	Positive	0.0595656	0.940434
5LY2-F-B	Positive	0.0782077	0.921792
5OXZ-B-A	Positive	0.400012	0.599988
5QU6-Y-U	Negative	0.541052	0.458948
5QU6-2-X	Negative	0.536505	0.463495
5YE3-C-B	Positive	0.20734	0.79266
5V62-I-A	Positive	0.0322102	0.96779
5ETA-D-B	Positive	0.0210171	0.978983
5XV8-A-B	Positive	0.0823418	0.917658
5VNB-K-A	Positive	0.245222	0.754778
5GTC-K-G	Positive	0.0747571	0.925243
5ACA-4-1	Positive	0.0768988	0.923101
5H43-B-A	Positive	0.141752	0.858248
5H43-C-A	Positive	0.165699	0.834301
5VJI-A-C	Negative	0.78703	0.21297
5VJI-B-C	Negative	0.877084	0.122916
5VJI-D-C	Positive	0.210805	0.789195
5VJI-E-C	Negative	0.765369	0.234631
5IP9-Q-B	Positive	0.196784	0.803216
5WBU-R-B	Positive	0.0346574	0.965343
5WBU-P-D	Positive	0.106215	0.893785
5Y44-B-A	Positive	0.124579	0.875421
5DLM-X-H	Positive	0.212181	0.787819
5WDF-P-H	Positive	0.0122406	0.987759
5WDF-Q-H	Positive	0.0134639	0.986536
5BNN-D-A	Negative	0.710872	0.289128
5UWM-C-A	Positive	0.0886884	0.911312
5UWM-D-A	Positive	0.118775	0.881225
5MFM-Q-C	Positive	0.0476379	0.952362
5N2V-C-A	Negative	0.875545	0.124455
5MFH-E-A	Positive	0.163417	0.836583
5Z56-M-A	Negative	0.670263	0.329737
5Z56-U-A	Positive	0.49061	0.50939
5AJD-B-A	Negative	0.616232	0.383768
5AJD-J-A	Negative	0.669303	0.330697
5AJD-F-C	Negative	0.772186	0.227814
5AJD-L-C	Positive	0.352782	0.647218
5AJD-H-G	Negative	0.660729	0.339271
5OJO-C-A	Positive	0.0973392	0.902661
5FRQ-G-A	Negative	0.558769	0.441231
5ZZ9-E-A	Negative	0.529294	0.470706
5ZZ9-D-B	Positive	0.0805316	0.919468
5ZZ9-F-C	Positive	0.0635933	0.936407
5V1Z-E-A	Positive	0.213984	0.786016
5JCY-B-A	Positive	0.142288	0.857712
5IGQ-U-A	Positive	0.250932	0.749068
5IGQ-V-B	Positive	0.155577	0.844423
5O60-g-F	Negative	0.517768	0.482232
5O60-f-G	Positive	0.423227	0.576773
5O60-d-U	Positive	0.463	0.537
5D3F-C-A	Positive	0.146287	0.853713
5OTU-B-A	Positive	0.107199	0.892801
5OTU-D-C	Positive	0.0717842	0.928216
5IYV-B-A	Positive	0.422394	0.577606
5KLV-I-A	Positive	0.0860517	0.913948
5LMX-D-A	Positive	0.1432	0.8568
5HOI-D-A	Positive	0.0328217	0.967178
5HOI-F-C	Positive	0.00960355	0.990396
5F0L-D-B	Positive	0.0182196	0.98178
5ELQ-P-A	Positive	0.0238064	0.976194
5ELQ-C-B	Positive	0.0238064	0.976194
5NDC-C-A	Positive	0.121821	0.878179
5WBK-T-A	Positive	0.0874568	0.912543
5ZJY-B-A	Positive	0.190036	0.809964
5LMG-D-A	Positive	0.252978	0.747022
5LMG-C-B	Positive	0.0696138	0.930386
5MHO-G-A	Positive	0.143563	0.856437
5MHO-H-B	Positive	0.143563	0.856437
5BV0-C-A	Positive	0.113608	0.886392
5MFG-E-A	Positive	0.163417	0.836583
5O0E-C-A	Positive	0.163614	0.836386
5XTC-Q-V	Negative	0.656699	0.343301
5CSN-C-A	Negative	0.946619	0.0533806
5MMI-0-F	Positive	0.230058	0.769942
5MMI-5-G	Positive	0.165713	0.834287
5MMI-1-O	Negative	0.513247	0.486753
5MMI-7-R	Positive	0.0647004	0.9353
5MMI-H-Y	Positive	0.0303624	0.969638
5YBB-C-A	Positive	0.149441	0.850559
5N74-I-A	Positive	0.39866	0.60134
5N74-J-A	Positive	0.165983	0.834017
5N74-K-C	Positive	0.128124	0.871876
5N74-L-C	Positive	0.249569	0.750431
5N74-P-E	Positive	0.429349	0.570651
5N74-O-G	Positive	0.220977	0.779023
5DPW-B-A	Positive	0.048431	0.951569
5F84-B-A	Positive	0.179741	0.820259
5SV1-Y-A	Positive	0.191686	0.808314
5SV1-Z-F	Positive	0.164027	0.835973
5LGP-E-A	Positive	0.159656	0.840344
5LGP-F-A	Positive	0.238578	0.761422
5GS4-B-A	Positive	0.0753321	0.924668
5Y5W-F-B	Positive	0.0294032	0.970597
5D7F-P-A	Positive	0.0599454	0.940055
5CZF-B-C	Negative	0.527244	0.472756
5CZF-A-D	Positive	0.151929	0.848071
5WUJ-A-B	Positive	0.482173	0.517827
5AUM-C-H	Positive	0.0994007	0.900599
5T7G-P-A	Negative	0.502528	0.497472
5OXX-B-A	Positive	0.128842	0.871158
5H9D-K-A	Positive	0.101504	0.898496
5ND9-u-k	Positive	0.0933441	0.906656
5ND9-5-7	Negative	0.907277	0.092723
5NJA-E-A	Positive	0.104368	0.895632
5T1K-E-A	Positive	0.143527	0.856473
5BPU-H-A	Positive	0.44884	0.55116
5BPU-I-C	Negative	0.552256	0.447744
5ZKO-G-A	Negative	0.548938	0.451062
5ZKO-H-A	Negative	0.682925	0.317075
5OIK-L-B	Positive	0.41821	0.58179
5YAX-C-B	Positive	0.0653393	0.934661
5JM1-D-A	Positive	0.105845	0.894155
5YMW-C-A	Positive	0.44378	0.55622
5XBO-B-A	Negative	0.535911	0.464089
5CSJ-C-A	Positive	0.108471	0.891529
5IEH-C-A	Positive	0.100671	0.899329
5ZIA-R-G	Positive	0.378434	0.621566
5O2R-z-E	Negative	0.708047	0.291953
5AFG-B-A	Positive	0.162353	0.837647
5WAI-D-B	Positive	0.324918	0.675082
5JIU-C-A	Positive	0.250651	0.749349
5JPQ-1-R	Negative	0.715528	0.284472
5NQ1-C-A	Positive	0.0673855	0.932615
5VI6-B-A	Positive	0.138651	0.861349
5U6K-L-A	Positive	0.317443	0.682557
5U6K-N-C	Positive	0.401025	0.598975
5U6K-O-D	Negative	0.534455	0.465545
5DHM-A-C	Negative	0.684632	0.315368
5DHM-B-D	Positive	0.211358	0.788642
5ICV-C-A	Positive	0.0554641	0.944536
5LAK-I-A	Positive	0.305684	0.694316
5W6V-B-A	Positive	0.0216254	0.978375
5YE4-E-A	Positive	0.0631597	0.93684
5WPM-C-A	Positive	0.0813167	0.918683
5MGP-w-c	Positive	0.0339095	0.96609
5J19-C-A	Positive	0.0577085	0.942291
5J19-D-A	Positive	0.0270737	0.972926
5VLA-Z-A	Positive	0.0944727	0.905527
5ZOP-A-G	Positive	0.102311	0.897689
5FYQ-D-A	Positive	0.0485968	0.951403
5FYQ-C-B	Positive	0.0610368	0.938963
5LHZ-D-A	Positive	0.00731344	0.992687
5LHZ-E-B	Positive	0.0173685	0.982631
5EA0-P-H	Positive	0.117013	0.882987
5WRI-D-A	Positive	0.221223	0.778777
5NCW-B-A	Positive	0.0871373	0.912863
5WXQ-P-U	Positive	0.246967	0.753033
5X8P-u-k	Positive	0.123907	0.876093
5X8P-x-m	Positive	0.399602	0.600398
5H4D-D-A	Positive	0.111904	0.888096
5LXY-D-A	Negative	0.686607	0.313393
5LXY-C-A	Negative	0.686607	0.313393
5LXY-J-A	Negative	0.686607	0.313393
5LXY-F-B	Negative	0.700315	0.299685
5LXY-N-I	Negative	0.686607	0.313393
5L2D-C-A	Positive	0.286863	0.713137
5EEQ-L-A	Positive	0.223472	0.776528
5MG3-G-Y	Positive	0.127728	0.872272
5WG1-P-A	Positive	0.0504785	0.949522
5H7L-E-A	Positive	0.0839407	0.916059
5H7L-G-B	Positive	0.108306	0.891694
5JP2-E-A	Negative	0.54646	0.45354
5FT1-C-A	Positive	0.439644	0.560356
5FT1-D-B	Positive	0.390037	0.609963
5FT1-F-E	Positive	0.481283	0.518717
5FT1-H-G	Negative	0.685485	0.314515
5FT1-J-I	Positive	0.496331	0.503669
5FT1-L-K	Positive	0.405316	0.594684
5W5U-D-A	Positive	0.0568148	0.943185
5C7Z-B-A	Positive	0.148368	0.851632
5GTB-B-A	Positive	0.331046	0.668954
5OVV-B-A	Positive	0.113531	0.886469
5XCS-C-A	Positive	0.194647	0.805353
5IXI-B-A	Positive	0.294657	0.705343
5ULO-C-A	Positive	0.268751	0.731249
5ULO-D-B	Positive	0.218666	0.781334
5IAG-D-A	Positive	0.0173836	0.982616
5JTQ-E-A	Positive	0.405343	0.594657
5ZW6-C-A	Positive	0.0774924	0.922508
5MEQ-C-A	Positive	0.421911	0.578089
5XZX-B-A	Positive	0.0943116	0.905688
5WNB-B-H	Positive	0.212849	0.787151
5XW5-C-A	Positive	0.133577	0.866423
5IZA-B-A	Positive	0.0700927	0.929907
5FLM-L-B	Positive	0.344948	0.655052
5H2X-B-A	Positive	0.0909766	0.909023
5FGB-F-A	Positive	0.00965102	0.990349
5FGB-G-B	Positive	0.00170073	0.998299
5V1V-C-A	Positive	0.0513211	0.948679
5NND-D-A	Positive	0.0626569	0.937343
5AWU-B-A	Positive	0.0558	0.9442
5V1D-E-A	Positive	0.101633	0.898367
5VUD-C-A	Positive	0.366999	0.633001
5Y18-B-A	Positive	0.0342469	0.965753
5T6Z-C-A	Positive	0.284796	0.715204
5LXH-E-A	Positive	0.142981	0.857019
5LF0-c-H	Positive	0.117057	0.882943
5KOA-D-B	Positive	0.124247	0.875753
5JW9-A-B	Positive	0.383691	0.616309
5W4G-A-B	Positive	0.170814	0.829186
5IY4-B-A	Positive	0.215952	0.784048
5IY4-F-E	Negative	0.53362	0.46638
5J8H-B-A	Positive	0.0201298	0.97987
5O3U-L-A	Positive	0.449433	0.550567
5O3U-M-B	Positive	0.31958	0.68042
5O3U-N-C	Negative	0.773112	0.226888
5KDS-G-A	Positive	0.0286662	0.971334
5DXB-E-B	Positive	0.0473857	0.952614
5JF0-D-A	Positive	0.00363985	0.99636
5D3E-C-A	Positive	0.129361	0.870639
5D3E-G-E	Positive	0.0711257	0.928874
5D3E-K-I	Positive	0.0498121	0.950188
5GMV-D-B	Positive	0.0887692	0.911231
5M0B-B-A	Positive	0.0502224	0.949778
5TU6-B-A	Positive	0.275145	0.724855
5WLI-C-A	Positive	0.0750024	0.924998
5XWR-C-A	Positive	0.335276	0.664724
5Q1G-B-A	Positive	0.109397	0.890603
5MT6-B-A	Positive	0.0334149	0.966585
5TGI-C-A	Negative	0.74644	0.25356
5TGI-D-A	Positive	0.0446923	0.955308
5MYO-E-A	Positive	0.0472826	0.952717
5E0M-C-A	Positive	0.112359	0.887641
5W5D-E-B	Positive	0.0488849	0.951115
5UIE-K-B	Negative	0.642153	0.357847
5D7G-B-A	Positive	0.465713	0.534287
5D7G-F-E	Positive	0.13615	0.86385
5K18-F-A	Positive	0.0423931	0.957607
5K18-E-A	Positive	0.327015	0.672985
5BWD-C-A	Negative	0.819275	0.180725
5NO4-L-H	Negative	0.623033	0.376967
5F88-E-A	Positive	0.0471843	0.952816
5LEO-H-A	Positive	0.0797096	0.92029
5OU9-C-A	Negative	0.712772	0.287228
5WB7-E-A	Negative	0.692253	0.307747
5WB7-F-B	Negative	0.72493	0.27507
5WB7-H-D	Negative	0.734944	0.265056
5JMO-G-A	Positive	0.017174	0.982826
5OYP-D-A	Positive	0.221857	0.778143
5NCO-k-V	Positive	0.0737938	0.926206
5VTB-B-A	Positive	0.180507	0.819493
5X7B-L-A	Positive	0.0788968	0.921103
5X7B-N-A	Positive	0.153458	0.846542
5LZ3-B-A	Positive	0.0785209	0.921479
5DTF-P-H	Positive	0.0187304	0.98127
5CVE-D-A	Positive	0.141585	0.858415
5CVE-E-B	Positive	0.172889	0.827111
5J3V-C-A	Positive	0.206398	0.793602
5EUK-E-A	Positive	0.119585	0.880415
5ITZ-D-A	Positive	0.0403891	0.959611
5OCK-A-L	Positive	0.404086	0.595914
5GJY-C-A	Negative	0.568267	0.431733
5YPR-B-A	Positive	0.0310787	0.968921
5OKZ-J-G	Positive	0.0303168	0.969683
5OKZ-T-Q	Positive	0.466713	0.533287
5OKZ-n-k	Positive	0.330657	0.669343
5XJC-x-u	Negative	0.629016	0.370984
5OK6-D-A	Positive	0.17195	0.82805
5OK6-C-B	Positive	0.143837	0.856163
5EMB-B-A	Positive	0.030526	0.969474
5TMU-C-A	Positive	0.0773497	0.92265
5NWK-P-A	Positive	0.152472	0.847528
5NWK-Q-B	Positive	0.13299	0.86701
5GG4-E-A	Positive	0.270193	0.729807
5GG4-F-A	Positive	0.299565	0.700435
5GG4-G-C	Positive	0.286311	0.713689
5GG4-H-C	Positive	0.121983	0.878017
5DMS-B-A	Positive	0.0880082	0.911992
5DMS-D-A	Negative	0.724515	0.275485
5ANR-C-A	Positive	0.155652	0.844348
5W3P-P-L	Positive	0.245088	0.754912
5EOK-K-A	Positive	0.295447	0.704553
5ZMQ-C-B	Positive	0.294909	0.705091
5ZMQ-G-B	Negative	0.505934	0.494066
5XAD-C-A	Positive	0.0798467	0.920153
5XAD-D-B	Positive	0.128343	0.871657
5WKN-C-A	Positive	0.105556	0.894444
5WKN-D-A	Negative	0.649497	0.350503
5VB9-C-A	Positive	0.151922	0.848078
5FC8-C-E	Positive	0.101637	0.898363
5TGJ-B-A	Positive	0.13707	0.86293
5TGJ-D-A	Positive	0.0379196	0.96208
5Z2W-B-A	Positive	0.0509394	0.949061
5N4B-D-A	Positive	0.378574	0.621426
5WTT-P-H	Positive	0.0541851	0.945815
5YI7-B-A	Positive	0.0181572	0.981843
5TWH-E-A	Negative	0.570353	0.429647
5ZOO-A-G	Positive	0.291039	0.708961
5M5G-E-B	Negative	0.540587	0.459413
5JQY-B-A	Positive	0.180784	0.819216
5HFE-B-A	Positive	0.159783	0.840217
5Z94-D-A	Positive	0.137757	0.862243
5VJX-B-A	Positive	0.256373	0.743627
5VJX-C-A	Negative	0.823877	0.176123
5VJX-b-A	Positive	0.108205	0.891795
5VJX-c-A	Positive	0.140676	0.859324
5VJX-F-D	Positive	0.0595155	0.940484
5VJX-K-D	Negative	0.753077	0.246923
5VJX-L-D	Negative	0.755824	0.244176
5VJX-T-D	Positive	0.17053	0.82947
5VJX-I-G	Negative	0.659857	0.340143
5VJX-Z-G	Positive	0.114618	0.885382
5VJX-O-M	Negative	0.776397	0.223603
5VJX-Y-X	Negative	0.707096	0.292904
5VJX-d-X	Positive	0.142306	0.857694
5VJX-e-X	Negative	0.77554	0.22446
5HAW-L-A	Positive	0.133408	0.866592
5NJT-t-a	Positive	0.0351073	0.964893
5NJT-q-s	Positive	0.431382	0.568618
5XYV-D-A	Positive	0.401151	0.598849
5D9S-C-A	Positive	0.1215	0.8785
5NKP-D-A	Positive	0.076363	0.923637
5HYC-C-A	Negative	0.589216	0.410784
5D9G-C-A	Positive	0.078883	0.921117
5D9G-D-A	Positive	0.2173	0.7827
5N22-E-A	Positive	0.0168623	0.983138
5J3T-C-A	Positive	0.356963	0.643037
5MMM-x-m	Positive	0.322396	0.677604
5B62-B-A	Positive	0.0288423	0.971158
5YLG-B-A	Positive	0.0504816	0.949518
5YLG-C-A	Positive	0.12312	0.87688
5YLG-D-A	Negative	0.674576	0.325424
5MEO-C-A	Positive	0.0445891	0.955411
5TRZ-P-A	Positive	0.18622	0.81378
5V6H-B-A	Negative	0.531472	0.468528
5V6H-H-A	Positive	0.407697	0.592303
5JEO-B-A	Positive	0.0900005	0.91
5AFF-B-A	Negative	0.880491	0.119509
5SVZ-B-A	Positive	0.136869	0.863131
5X6C-E-A	Positive	0.0294397	0.97056
5UW7-C-A	Positive	0.0137704	0.98623
5HL7-Z-K	Negative	0.775423	0.224577
5SVH-B-A	Negative	0.634921	0.365079
5NPI-E-B	Positive	0.0388398	0.96116
5UJT-C-A	Positive	0.115596	0.884404
5UJT-F-D	Positive	0.112078	0.887922
5MY4-C-A	Positive	0.0827348	0.917265
5KZT-C-A	Positive	0.343468	0.656532
5KZT-D-B	Positive	0.234591	0.765409
5JJA-C-A	Positive	0.0488682	0.951132
5N4E-C-A	Negative	0.805407	0.194593
5N4E-D-B	Negative	0.831157	0.168843
5MLW-F-E	Positive	0.0623368	0.937663
5F2U-C-A	Positive	0.118169	0.881831
5N8A-X-A	Positive	0.0560262	0.943974
5XXB-a-D	Negative	0.594185	0.405815
5XXB-k-O	Positive	0.356304	0.643696
5B16-B-A	Positive	0.192329	0.807671
5B16-C-A	Negative	0.807027	0.192973
5HF1-B-A	Positive	0.0800928	0.919907
5XCU-C-A	Positive	0.170402	0.829598
5A2K-P-H	Positive	0.288933	0.711067
5M5T-E-A	Positive	0.0838278	0.916172
5M5T-G-A	Positive	0.181958	0.818042
5M5T-I-A	Positive	0.0498015	0.950199
5HOG-D-A	Positive	0.0531645	0.946836
5HOG-E-B	Positive	0.0423597	0.95764
5WXR-P-U	Positive	0.11129	0.88871
5WES-P-A	Positive	0.0546976	0.945302
5KKL-D-A	Positive	0.06519	0.93481
5NAF-E-A	Positive	0.119782	0.880218
5NAF-F-B	Positive	0.098626	0.901374
5W89-B-A	Positive	0.0942231	0.905777
5D0J-L-A	Positive	0.0459287	0.954071
5D0J-M-D	Positive	0.124292	0.875708
5UWS-D-C	Positive	0.0287288	0.971271
5CXV-C-A	Positive	0.178614	0.821386
5KY3-B-A	Negative	0.613735	0.386265
5LSO-C-A	Positive	0.0741419	0.925858
5C27-D-A	Positive	0.0789206	0.921079
5YD3-B-A	Positive	0.126995	0.873005
5YD3-F-E	Positive	0.1585	0.8415
5YD3-H-G	Positive	0.406713	0.593287
5AJJ-B-A	Positive	0.162045	0.837955
5NPJ-D-A	Positive	0.0501721	0.949828
5NPJ-E-B	Positive	0.0561231	0.943877
5L3F-C-A	Positive	0.0980608	0.901939
5AB0-E-A	Positive	0.0305061	0.969494
5ICZ-E-A	Positive	0.108713	0.891287
5D7E-C-A	Positive	0.19394	0.80606
5KY8-B-A	Negative	0.635965	0.364035
5EWZ-C-A	Positive	0.149146	0.850854
5EWZ-D-B	Positive	0.0343785	0.965622
5WUM-B-A	Negative	0.761168	0.238832
5ZEB-7-G	Positive	0.423227	0.576773
5ZEB-5-U	Positive	0.104319	0.895681
5ZEB-4-6	Negative	0.710036	0.289964
5NPS-D-A	Positive	0.073205	0.926795
5SVI-A-B	Positive	0.0798887	0.920111
5JTO-E-A	Negative	0.700331	0.299669
5ZZ8-u-q	Positive	0.0531737	0.946826
5LNK-x-N	Negative	0.630039	0.369961
5XFR-C-A	Negative	0.578237	0.421763
5ONS-B-A	Negative	0.800465	0.199535
5CNO-X-A	Positive	0.140345	0.859655
5ZZN-I-A	Positive	0.16213	0.83787
5ZZN-L-A	Positive	0.149105	0.850895
5KQV-A-E	Positive	0.194544	0.805456
5KQV-B-E	Positive	0.178149	0.821851
5OCX-A-L	Positive	0.0068129	0.993187
5Q16-B-A	Positive	0.134083	0.865917
5Q16-D-C	Positive	0.0137367	0.986263
5JUB-C-A	Positive	0.262498	0.737502
5T1G-B-A	Positive	0.41976	0.58024
5NTJ-B-A	Positive	0.203984	0.796016
5N5R-P-A	Positive	0.29201	0.70799
5WWU-E-A	Positive	0.0213835	0.978616
5XOS-C-A	Positive	0.306766	0.693234
5VH0-B-A	Positive	0.221995	0.778005
5NWJ-P-A	Positive	0.233945	0.766055
5IQN-B-A	Positive	0.050139	0.949861
5Y21-C-A	Positive	0.0938067	0.906193
5Y21-D-A	Negative	0.575689	0.424311
5SW9-B-A	Positive	0.237835	0.762165
5NAS-C-A	Positive	0.267342	0.732658
5DOW-B-A	Positive	0.0140022	0.985998
5VNG-D-B	Positive	0.0618917	0.938108
5ACZ-C-A	Positive	0.0323643	0.967636
5VNK-D-B	Positive	0.196448	0.803552
5N4W-V-A	Negative	0.606494	0.393506
5OTV-D-C	Positive	0.0717842	0.928216
5OTV-B-A	Positive	0.235032	0.764968
5AWT-B-A	Positive	0.0103732	0.989627
5DXA-F-A	Positive	0.157306	0.842694
5DXA-G-B	Positive	0.445843	0.554157
5ZNP-P-A	Positive	0.14072	0.85928
5EN7-B-A	Positive	0.0409953	0.959005
5EN7-D-C	Positive	0.0876652	0.912335
5EN7-F-C	Positive	0.112271	0.887729
5EN7-H-G	Positive	0.118899	0.881101
5WTB-F-D	Negative	0.54732	0.45268
5WTB-H-D	Positive	0.228715	0.771285
5JFZ-B-A	Positive	0.099213	0.900787
5JFZ-D-C	Positive	0.153027	0.846973
5MHL-K-A	Positive	0.192305	0.807695
5X8Q-B-A	Positive	0.0416255	0.958375
5X8Q-F-A	Positive	0.0202979	0.979702
5EU3-C-A	Positive	0.124688	0.875312
5BS2-R-A	Positive	0.0123138	0.987686
5FCG-C-A	Positive	0.115357	0.884643
5OYL-D-A	Positive	0.292236	0.707764
5MYX-E-A	Positive	0.102538	0.897462
5MYX-F-C	Positive	0.182151	0.817849
5HPM-E-A	Positive	0.0106237	0.989376
5CIL-P-H	Positive	0.00728935	0.992711
5XOD-B-A	Positive	0.0365361	0.963464
5NIN-D-B	Positive	0.344151	0.655849
5UMZ-E-B	Positive	0.370658	0.629342
5UMZ-D-B	Positive	0.0760736	0.923926
5C3G-B-A	Positive	0.13515	0.86485
5V93-1-3	Negative	0.689135	0.310865
5V93-6-F	Negative	0.754397	0.245603
5V93-4-G	Negative	0.620165	0.379835
5V93-H-X	Positive	0.417027	0.582973
5ZK1-C-A	Positive	0.0964401	0.90356
5N8E-F-A	Positive	0.0144387	0.985561
5N8E-E-B	Positive	0.0168883	0.983112
5WYL-B-A	Negative	0.592357	0.407643
5WYL-D-A	Positive	0.352324	0.647676
5CUL-A-B	Positive	0.109208	0.890792
5Y91-C-A	Positive	0.483223	0.516777
5KZP-A-H	Positive	0.262968	0.737032
5KZP-B-H	Positive	0.262968	0.737032
5UN8-E-A	Positive	0.050874	0.949126
5UN8-G-A	Positive	0.0468287	0.953171
5UN8-F-B	Positive	0.0468287	0.953171
5MLC-2-P	Positive	0.222865	0.777135
5MLC-8-S	Positive	0.0573219	0.942678
5MLC-I-Y	Positive	0.0475173	0.952483
5Z08-D-B	Positive	0.162749	0.837251
5KY5-B-A	Negative	0.555328	0.444672
5L6N-I-H	Positive	0.0235527	0.976447
5I7Z-B-A	Positive	0.265753	0.734247
5VMR-C-A	Positive	0.462254	0.537746
5VMR-D-B	Positive	0.429579	0.570421
5E8J-C-A	Positive	0.327171	0.672829
5E8J-D-B	Positive	0.327171	0.672829
5EXK-B-A	Positive	0.0221071	0.977893
5EXK-F-E	Positive	0.0436052	0.956395
5EXK-J-I	Positive	0.0356714	0.964329
5E2A-D-A	Positive	0.0389446	0.961055
5HQ8-I-A	Positive	0.0415469	0.958453
5HQ8-J-B	Positive	0.039744	0.960256
5I0Q-A-B	Negative	0.544605	0.455395
5Z2Q-D-A	Positive	0.159646	0.840354
5Z2Q-C-B	Positive	0.135984	0.864016
5XJO-E-A	Negative	0.7679	0.2321
5CQX-C-A	Positive	0.1847	0.8153
5EOD-B-A	Positive	0.186966	0.813034
5W3M-D-A	Positive	0.335699	0.664301
5OL0-C-A	Positive	0.0766747	0.923325
5OL0-D-A	Positive	0.0420725	0.957928
5NIF-4-E	Positive	0.0500463	0.949954
5LF6-c-K	Positive	0.153192	0.846808
5YPZ-D-A	Positive	0.103993	0.896007
5NNC-C-A	Positive	0.0354222	0.964578
5C3F-B-A	Positive	0.111433	0.888567
5AZG-C-A	Positive	0.183469	0.816531
5AZG-D-A	Positive	0.0821316	0.917868
5U3N-A-H	Positive	0.0576228	0.942377
5ZS3-U-A	Positive	0.218097	0.781903
5TDC-B-A	Positive	0.145748	0.854252
5TDC-D-C	Positive	0.415846	0.584154
5MFI-D-A	Positive	0.188314	0.811686
5GM6-n-T	Negative	0.730407	0.269593
5SVE-C-A	Positive	0.0708308	0.929169
5VX2-B-A	Positive	0.0610339	0.938966
5FWE-D-B	Positive	0.117515	0.882485
5KLT-A-B	Positive	0.118145	0.881855
5FOS-C-A	Positive	0.170168	0.829832
5V6M-P-L	Positive	0.219012	0.780988
5N7F-C-A	Positive	0.197081	0.802919
5EYZ-E-A	Positive	0.0404573	0.959543
5HZ0-A-B	Positive	0.288314	0.711686
5J7J-B-A	Positive	0.359652	0.640348
5M3J-X-A	Positive	0.23898	0.76102
5EFN-F-B	Positive	0.0606464	0.939354
5CRW-B-A	Positive	0.112671	0.887329
5J3H-B-E	Positive	0.0839428	0.916057
5MY9-P-A	Positive	0.182202	0.817798
5EOT-C-A	Positive	0.0746969	0.925303
5NTW-Q-B	Positive	0.149817	0.850183
5J4T-D-A	Positive	0.105845	0.894155
5HKP-C-A	Positive	0.0361771	0.963823
5HKP-D-B	Positive	0.0532046	0.946795
5NQF-B-A	Negative	0.720104	0.279896
5GH9-B-A	Positive	0.225624	0.774376
5M5U-E-A	Positive	0.199154	0.800846
5M5U-G-A	Positive	0.112473	0.887527
5YC2-B-A	Positive	0.0667977	0.933202
5YC2-D-A	Positive	0.202687	0.797313
5GMJ-D-A	Positive	0.494452	0.505548
5GMJ-C-B	Positive	0.33052	0.66948
5YQ7-T-L	Positive	0.310189	0.689811
5YQ7-V-L	Positive	0.310189	0.689811
5YQ7-R-L	Positive	0.310189	0.689811
5YQ7-2-C	Positive	0.0678146	0.932185
5N89-G-A	Positive	0.0178855	0.982115
5BNW-D-A	Positive	0.219	0.781
5DXG-C-A	Positive	0.0473857	0.952614
5DXG-D-B	Positive	0.0656388	0.934361
5VLI-C-A	Negative	0.744472	0.255528
5CJB-B-A	Positive	0.111338	0.888662
5CJB-C-A	Positive	0.154098	0.845902
5IZ6-B-A	Positive	0.187871	0.812129
5ONA-C-B	Positive	0.0565151	0.943485
5ONA-F-E	Positive	0.0684234	0.931577
5L9B-C-A	Negative	0.710317	0.289683
5LUZ-C-A	Negative	0.893531	0.106469
5LUZ-P-A	Positive	0.267151	0.732849
5LUZ-D-B	Negative	0.715426	0.284574
5FQ8-Q-C	Positive	0.0797096	0.92029
5WSH-C-A	Positive	0.133418	0.866582
5LXI-C-D	Positive	0.0860452	0.913955
5LXI-E-B	Positive	0.0892896	0.91071
5C56-B-A	Positive	0.233852	0.766148
5C0A-C-A	Positive	0.245649	0.754351
5C0A-H-F	Positive	0.245649	0.754351
5MK3-E-A	Positive	0.0200016	0.979998
5MK3-G-C	Positive	0.0226984	0.977302
5MLO-B-A	Positive	0.100289	0.899711
5MLO-D-C	Positive	0.102727	0.897273
5MLO-F-E	Positive	0.12553	0.87447
5NC7-I-A	Positive	0.251864	0.748136
5NC7-W-A	Positive	0.0489093	0.951091
5NC7-X-B	Positive	0.169984	0.830016
5NC7-Y-C	Negative	0.742915	0.257085
5JEM-C-A	Negative	0.596588	0.403412
5YBE-B-A	Positive	0.0739634	0.926037
5IMQ-1-e	Positive	0.0405966	0.959403
5IMQ-y-p	Positive	0.254252	0.745748
5IMQ-x-z	Positive	0.467852	0.532148
5GN0-E-A	Positive	0.177633	0.822367
5GN0-F-A	Negative	0.724447	0.275553
5GN0-G-B	Positive	0.22525	0.77475
5HYQ-E-A	Positive	0.115155	0.884845
5KN5-C-A	Positive	0.28989	0.71011
5KN5-F-B	Negative	0.50799	0.49201
5HM1-D-A	Positive	0.267502	0.732498
5W4S-B-A	Positive	0.0717961	0.928204
5YY9-C-A	Positive	0.251222	0.748778
5YY9-D-A	Positive	0.203475	0.796525
5MCO-B-A	Positive	0.446147	0.553853
5ZGB-J-A	Positive	0.40185	0.59815
5EOC-P-H	Positive	0.340914	0.659086
5E8O-C-A	Positive	0.212684	0.787316
5DRZ-P-L	Positive	0.420597	0.579403
5CZI-B-A	Negative	0.567954	0.432046
5OO6-C-A	Positive	0.0945761	0.905424
5OO6-U-D	Positive	0.260275	0.739725
5OO6-I-G	Positive	0.036399	0.963601
5VBC-D-A	Positive	0.091286	0.908714
5VYP-K-U	Negative	0.899503	0.100497
5HFB-B-A	Positive	0.269112	0.730888
5VZY-A-H	Positive	0.053986	0.946014
5ODT-B-A	Positive	0.113966	0.886034
5B66-I-A	Positive	0.16213	0.83787
5B66-J-A	Positive	0.144963	0.855037
5B66-M-A	Positive	0.131027	0.868973
5B66-T-A	Positive	0.232029	0.767971
5B66-j-a	Positive	0.417848	0.582152
5V2C-F-A	Positive	0.19996	0.80004
5V2C-I-A	Positive	0.334416	0.665584
5V2C-J-A	Positive	0.133782	0.866218
5V2C-T-A	Negative	0.501566	0.498434
5V2C-Y-C	Negative	0.598189	0.401811
5V2C-f-a	Positive	0.110703	0.889297
5V2C-j-a	Positive	0.133782	0.866218
5T5P-a-A	Positive	0.0105547	0.989445
5T5P-b-B	Positive	0.0588105	0.941189
5L0S-B-A	Positive	0.235323	0.764677
5GMK-G-A	Positive	0.444306	0.555694
5FBY-B-A	Positive	0.135634	0.864366
5M5V-E-A	Positive	0.308132	0.691868
5M5V-G-A	Positive	0.468192	0.531808
5M5V-I-A	Positive	0.378074	0.621926
5IJK-X-A	Positive	0.179771	0.820229
5IJK-Y-B	Positive	0.150494	0.849506
5KD7-P-A	Positive	0.177708	0.822292
5GPI-G-H	Positive	0.419333	0.580667
5MB9-D-A	Positive	0.382473	0.617527
5MB9-C-B	Negative	0.687048	0.312952
5GJH-B-A	Positive	0.390366	0.609634
5WMR-C-A	Positive	0.035059	0.964941
5FC3-A-B	Positive	0.0415353	0.958465
5VX3-B-A	Positive	0.261214	0.738786
5VX3-D-A	Positive	0.0436292	0.956371
5VX3-F-E	Positive	0.0436292	0.956371
5VX3-H-G	Positive	0.314017	0.685983
5DI9-D-C	Positive	0.469208	0.530792
5JEL-B-A	Positive	0.218084	0.781916
5AF6-G-A	Positive	0.100451	0.899549
5AF6-H-A	Negative	0.503349	0.496651
5AF6-J-B	Positive	0.102782	0.897218
5DZK-O-A	Positive	0.153192	0.846808
5L9T-M-C	Positive	0.131327	0.868673
5OTT-B-A	Positive	0.26412	0.73588
5FFV-C-A	Positive	0.0555024	0.944498
5G5L-L-B	Negative	0.722494	0.277506
5IUE-K-A	Positive	0.0838113	0.916189
5IUE-N-I	Positive	0.148199	0.851801
5OSN-D-A	Positive	0.472874	0.527126
5ONQ-B-A	Positive	0.0313878	0.968612
5MW0-C-A	Negative	0.583442	0.416558
5UFS-C-A	Positive	0.0961548	0.903845
5EU5-C-A	Positive	0.105851	0.894149
5VAQ-C-A	Positive	0.0468769	0.953123
5OX2-P-A	Positive	0.0394388	0.960561
5YF4-B-A	Positive	0.112012	0.887988
5V6Y-E-A	Positive	0.182179	0.817821
5V6Y-G-C	Positive	0.0502625	0.949737
5TDD-B-A	Positive	0.0912149	0.908785
5HL0-B-A	Positive	0.388242	0.611758
5V6L-P-L	Positive	0.41709	0.58291
5V6L-Q-M	Positive	0.183672	0.816328
5JJM-M-A	Positive	0.171218	0.828782
5JJM-G-A	Positive	0.417853	0.582147
5JJM-H-B	Positive	0.14691	0.85309
5NQV-E-A	Positive	0.110879	0.889121
5NQV-G-C	Positive	0.0979171	0.902083
5NQV-H-D	Positive	0.0377265	0.962274
5XCV-C-A	Positive	0.177014	0.822986
5XCV-F-D	Positive	0.433066	0.566934
5J9S-B-A	Positive	0.24458	0.75542
5D13-E-A	Positive	0.0664837	0.933516
5T6J-C-A	Positive	0.0512163	0.948784
5F1I-C-A	Positive	0.204782	0.795218
5FN4-G-A	Positive	0.0235985	0.976401
5WRM-P-A	Positive	0.0444118	0.955588
5WJC-B-A	Positive	0.0275069	0.972493
5LY1-E-C	Positive	0.0803583	0.919642
5W4F-A-B	Positive	0.0530508	0.946949
5W4F-D-B	Positive	0.29096	0.70904
5V2P-B-A	Negative	0.53737	0.46263
5Y88-R-A	Negative	0.570739	0.429261
5IZ8-C-A	Positive	0.0382235	0.961777
5VWV-B-A	Positive	0.104851	0.895149
5NX3-D-A	Negative	0.705837	0.294163
5WPL-I-A	Positive	0.189595	0.810405
5WPL-L-D	Positive	0.106338	0.893662
5O3W-W-A	Positive	0.0199439	0.980056
5O3W-Z-D	Positive	0.0795054	0.920495
5EPM-C-A	Positive	0.194202	0.805798
5QU2-D-A	Positive	0.166702	0.833298
5QU2-E-B	Positive	0.166702	0.833298
5IZ0-C-A	Positive	0.249068	0.750932
5IZ0-H-D	Negative	0.648787	0.351213
5MT7-B-A	Positive	0.0580089	0.941991
5UWU-D-C	Positive	0.125843	0.874157
5HAX-B-A	Positive	0.0491216	0.950878
5EU6-C-A	Positive	0.124688	0.875312
5X08-P-H	Positive	0.00873387	0.991266
5M5R-C-A	Positive	0.1728	0.8272
5M5R-D-A	Positive	0.0693428	0.930657
5M72-B-A	Positive	0.104681	0.895319
5Y81-E-D	Positive	0.243451	0.756549
5GJI-B-A	Positive	0.390366	0.609634
5HYP-B-A	Negative	0.773081	0.226919
5IBK-B-A	Positive	0.28637	0.71363
5IBK-E-A	Negative	0.680345	0.319655
5H2V-B-A	Positive	0.118574	0.881426
5XGL-F-A	Positive	0.274797	0.725203
5L3G-C-A	Positive	0.153192	0.846808
5GMY-B-A	Positive	0.213976	0.786024
5ONR-B-A	Positive	0.214665	0.785335
5MSM-C-A	Positive	0.101185	0.898815
5MSM-F-A	Negative	0.524602	0.475398
5VNH-D-B	Positive	0.0105547	0.989445
5KSV-C-A	Negative	0.595303	0.404697
5GSD-C-A	Positive	0.156976	0.843024
5OOQ-C-A	Positive	0.33169	0.66831
5OOQ-D-B	Positive	0.290992	0.709008
5KD4-P-A	Negative	0.602711	0.397289
5KY2-B-A	Positive	0.155641	0.844359
5FB0-D-A	Positive	0.173332	0.826668
5M5S-G-A	Positive	0.173825	0.826175
5MW9-C-A	Positive	0.46952	0.53048
5MW9-D-A	Negative	0.559514	0.440486
5NP6-C-c	Positive	0.329923	0.670077
5HCE-D-B	Negative	0.567212	0.432788
5VAO-E-B	Positive	0.023293	0.976707
5V2Q-B-A	Negative	0.607823	0.392177
5KAI-J-A	Positive	0.144963	0.855037
5KAI-T-A	Negative	0.501566	0.498434
5KAI-j-a	Positive	0.144963	0.855037
5A31-T-A	Positive	0.0597658	0.940234
5A31-V-L	Negative	0.697067	0.302933
5E33-B-A	Positive	0.0165435	0.983457
5WRD-C-A	Positive	0.109065	0.890935
5MTW-E-C	Positive	0.0177397	0.98226
5ABY-B-A	Positive	0.311897	0.688103
5ABY-F-C	Positive	0.426964	0.573036
5E79-I-A	Positive	0.480089	0.519911
5OA1-9-U	Positive	0.00790868	0.992091
5OA1-1-V	Positive	0.0138748	0.986125
5OA1-4-W	Positive	0.0196394	0.980361
5XS3-C-A	Positive	0.135158	0.864842
5ZK5-B-A	Positive	0.0823344	0.917666
5HIT-B-A	Positive	0.47223	0.52777
5FC2-A-B	Positive	0.0466124	0.953388
5WRK-P-A	Positive	0.0323555	0.967644
5C0E-C-A	Positive	0.244072	0.755928
5V6E-B-A	Positive	0.276843	0.723157
5SWF-B-A	Positive	0.277399	0.722601
5H7G-C-A	Positive	0.0774528	0.922547
5ESQ-E-A	Positive	0.0106237	0.989376
5XUP-D-B	Positive	0.162799	0.837201
5JHQ-E-A	Positive	0.0516565	0.948343
5JHQ-F-A	Positive	0.0584523	0.941548
5JHQ-G-B	Positive	0.146958	0.853042
5JHQ-H-B	Positive	0.0572049	0.942795
5JHQ-L-D	Positive	0.0630706	0.936929
5X8N-B-A	Positive	0.068713	0.931287
5R4B-A-B	Positive	0.364371	0.635629
5KHU-B-N	Positive	0.0744666	0.925533
5KHU-M-P	Positive	0.404275	0.595725
5KHU-U-S	Positive	0.037604	0.962396
5WE0-B-A	Negative	0.844675	0.155325
5WE0-C-A	Positive	0.100833	0.899167
5WE0-E-D	Negative	0.691247	0.308753
5WE0-F-D	Positive	0.0950619	0.904938
5WE0-I-D	Positive	0.114315	0.885685
5Y2F-C-A	Positive	0.0371406	0.962859
5BK0-E-A	Positive	0.275019	0.724981
5WN9-A-H	Positive	0.0992124	0.900788
5JHF-G-C	Positive	0.181743	0.818257
5JHF-I-C	Positive	0.134256	0.865744
5O5J-g-M	Positive	0.0880406	0.911959
5LU1-C-A	Positive	0.116948	0.883052
5AM8-P-A	Positive	0.130465	0.869535
5WOU-V-A	Positive	0.188359	0.811641
5G04-S-L	Positive	0.109975	0.890025
5U1M-B-A	Positive	0.426473	0.573527
5MFJ-C-A	Positive	0.188314	0.811686
5NL1-H-A	Positive	0.179743	0.820257
5NL1-J-A	Positive	0.148509	0.851491
5NL1-K-A	Positive	0.18413	0.81587
5NL1-L-E	Positive	0.173904	0.826096
5F0P-D-B	Positive	0.0186398	0.98136
5UUK-B-A	Positive	0.0350435	0.964956
5HYT-A-B	Negative	0.581695	0.418305
5HYT-C-B	Negative	0.575197	0.424803
5ZJI-J-2	Negative	0.670304	0.329696
5GLH-B-A	Negative	0.621873	0.378127
5JTP-E-A	Positive	0.0211137	0.978886
5V8Z-B-A	Negative	0.697216	0.302784
5TQC-B-A	Positive	0.197252	0.802748
5WBH-W-C	Negative	0.726028	0.273972
5FOT-C-A	Positive	0.08889	0.91111
5LSK-P-A	Negative	0.66559	0.33441
5OJR-E-A	Positive	0.0449558	0.955044
5OJR-F-B	Positive	0.041369	0.958631
5X94-L-A	Positive	0.140526	0.859474
5X94-N-A	Positive	0.165159	0.834841
5X94-M-B	Positive	0.145303	0.854697
5X94-O-B	Positive	0.300768	0.699232
5LMF-C-A	Positive	0.228687	0.771313
5AJO-B-A	Positive	0.158973	0.841027
5D2D-C-A	Positive	0.179491	0.820509
5XVW-D-A	Positive	0.176764	0.823236
5XVW-F-C	Positive	0.171416	0.828584
5DWQ-F-A	Positive	0.214902	0.785098
5DWQ-G-C	Positive	0.377286	0.622714
5U4J-c-e	Positive	0.171287	0.828713
5GRQ-C-A	Negative	0.620843	0.379157
5GRQ-D-B	Positive	0.120335	0.879665
5M3H-X-A	Positive	0.440848	0.559152
5M3H-Y-A	Positive	0.338749	0.661251
5H17-B-A	Positive	0.245845	0.754155
5KTB-C-A	Positive	0.131282	0.868718
5MU0-Q-A	Positive	0.0793342	0.920666
5MU0-V-B	Positive	0.0793342	0.920666
5VAY-E-A	Positive	0.184337	0.815663
5VAY-G-A	Positive	0.125779	0.874221
5VAY-H-D	Positive	0.0735416	0.926458
5YMV-C-A	Positive	0.307965	0.692035
5MDW-6-7	Negative	0.525794	0.474206
5WHH-B-A	Positive	0.0662979	0.933702
5E8F-D-A	Positive	0.354629	0.645371
5IOH-B-A	Positive	0.0264881	0.973512
5IOH-D-A	Positive	0.170925	0.829075
5LV0-C-A	Positive	0.0520573	0.947943
5UWI-D-C	Positive	0.0186377	0.981362
5FDW-C-A	Positive	0.371057	0.628943
5JY0-B-A	Positive	0.0644091	0.935591
5UUL-B-A	Positive	0.133565	0.866435
5FVL-C-A	Positive	0.324821	0.675179
5FVL-D-A	Positive	0.136425	0.863575
5GTI-f-a	Negative	0.662809	0.337191
5Y1U-D-A	Positive	0.0143111	0.985689
5Y1U-C-B	Positive	0.0143111	0.985689
5E50-C-A	Positive	0.26656	0.73344
5FW5-C-A	Positive	0.347783	0.652217
5MK2-C-A	Positive	0.107928	0.892072
5CX3-E-A	Positive	0.10213	0.89787
5CX3-F-B	Positive	0.125598	0.874402
5CX3-H-D	Positive	0.127736	0.872264
5LAX-E-A	Positive	0.0617702	0.93823
5B78-B-A	Negative	0.645916	0.354084
5KY4-B-A	Negative	0.655197	0.344803
5M9D-B-A	Positive	0.284725	0.715275
5FMK-B-A	Positive	0.252279	0.747721
5DMG-P-H	Positive	0.0351482	0.964852
5DMG-Z-C	Positive	0.0788386	0.921161
5DMG-X-E	Positive	0.3154	0.6846
5BWN-B-A	Positive	0.126848	0.873152
5E0L-C-A	Positive	0.100241	0.899759
5OHG-C-A	Positive	0.18949	0.81051
5OHG-J-B	Positive	0.142252	0.857748
5HTC-C-A	Positive	0.0794318	0.920568
5E3C-B-A	Positive	0.0600496	0.93995
5MJY-E-A	Positive	0.0582541	0.941746
5BWO-B-A	Positive	0.0777493	0.922251
5WLB-B-A	Positive	0.028045	0.971955
5WLB-C-A	Positive	0.145114	0.854886
5WLB-E-D	Positive	0.189595	0.810405
5WLB-F-D	Positive	0.0919478	0.908052
5KNM-N-A	Positive	0.062343	0.937657
5MXO-P-A	Positive	0.00747033	0.99253
5D94-B-A	Positive	0.0895114	0.910489
5C1B-U-A	Positive	0.214851	0.785149
5C1B-V-D	Positive	0.363128	0.636872
5H2W-B-A	Positive	0.123786	0.876214
5N7X-D-A	Positive	0.0968437	0.903156
5K8Q-B-A	Positive	0.0611141	0.938886
5KXH-B-A	Positive	0.225006	0.774994
5J3Q-B-A	Negative	0.609457	0.390543
5J3Q-D-C	Negative	0.555671	0.444329
5WXF-P-U	Positive	0.356502	0.643498
5OAQ-L-A	Positive	0.217404	0.782596
5E00-C-A	Positive	0.146205	0.853795
5M9E-E-A	Positive	0.436822	0.563178
5M9E-F-A	Negative	0.528557	0.471443
5M9E-H-A	Negative	0.510156	0.489844
5M9E-G-C	Positive	0.411667	0.588333
5IZ2-Z-B	Positive	0.0417937	0.958206
5I22-B-A	Positive	0.199884	0.800116
5XFQ-E-A	Positive	0.12458	0.87542
5TXS-C-A	Positive	0.0960093	0.903991
5FMJ-B-A	Positive	0.310856	0.689144
5AX3-B-A	Positive	0.0635382	0.936462
5FZT-B-A	Positive	0.0280621	0.971938
5AD0-C-A	Positive	0.0471338	0.952866
5LM1-B-A	Positive	0.194058	0.805942
5AMB-P-A	Positive	0.0277907	0.972209
5L0U-B-A	Negative	0.555328	0.444672
5OT7-b-d	Positive	0.488917	0.511083
5OT7-c-y	Positive	0.254252	0.745748
5YQZ-P-R	Positive	0.0568457	0.943154
5EEL-M-A	Positive	0.39126	0.60874
5EEL-P-C	Positive	0.39126	0.60874
5HHG-C-E	Positive	0.101637	0.898363
5IXQ-B-A	Positive	0.146521	0.853479
5HYX-A-B	Positive	0.178381	0.821619
5INB-B-A	Positive	0.0725375	0.927463
5I25-B-A	Positive	0.224382	0.775618
5UY9-B-A	Positive	0.308675	0.691325
5T5J-b-B	Positive	0.0105547	0.989445
5CZH-B-A	Positive	0.0885444	0.911456
5WE2-B-A	Positive	0.0527093	0.947291
5WE2-D-C	Negative	0.691247	0.308753
5WE2-F-C	Positive	0.0512795	0.94872
5XNL-F-A	Negative	0.798944	0.201056
5XNL-I-A	Negative	0.507037	0.492963
5XNL-J-A	Positive	0.248799	0.751201
5XNL-M-A	Positive	0.379364	0.620636
5XNL-T-A	Positive	0.468483	0.531517
5XNL-X-B	Negative	0.736901	0.263099
5OCY-C-H	Positive	0.140053	0.859947
5E2W-P-L	Positive	0.147025	0.852975
5NCT-C-A	Positive	0.0919842	0.908016
5MTF-C-A	Positive	0.104908	0.895092
5T48-B-A	Positive	0.364659	0.635341
5FA4-C-A	Positive	0.259183	0.740817
5DAH-D-A	Positive	0.124543	0.875457
5YLX-C-A	Positive	0.366126	0.633874
5KSB-J-A	Positive	0.29979	0.70021
5O76-B-A	Positive	0.293378	0.706622
5E1D-D-A	Positive	0.120241	0.879759
5F5V-C-A	Positive	0.105429	0.894571
5U5F-D-A	Positive	0.0657565	0.934243
5EXA-D-A	Positive	0.388216	0.611784
5CSF-C-A	Negative	0.529748	0.470252
5IZU-B-A	Negative	0.621989	0.378011
5XYM-1-3	Negative	0.621445	0.378555
5XYM-H-X	Positive	0.221117	0.778883
5AGW-C-A	Positive	0.124223	0.875777
5W8F-B-A	Positive	0.327508	0.672492
5E8P-C-A	Negative	0.592608	0.407392
5K3Y-D-A	Positive	0.200648	0.799352
5TUV-C-A	Negative	0.597894	0.402106
5TUV-F-D	Negative	0.835351	0.164649
5FML-A-B	Negative	0.60325	0.39675
5OAV-D-A	Negative	0.841131	0.158869
5NNG-B-A	Positive	0.12443	0.87557
5JP4-B-A	Negative	0.913757	0.0862434
5ZQG-C-A	Positive	0.0558737	0.944126
5U5R-B-A	Positive	0.0793152	0.920685
5TQS-E-A	Positive	0.109833	0.890167
5TQS-F-A	Positive	0.0749833	0.925017
5TQS-G-C	Positive	0.0771923	0.922808
5TQS-H-D	Positive	0.0626504	0.93735
5JNB-E-A	Negative	0.562759	0.437241
5JNB-G-A	Negative	0.561758	0.438242
5JNB-H-B	Negative	0.64134	0.35866
5IR6-C-A	Negative	0.740168	0.259832
5EIV-C-A	Positive	0.110673	0.889327
5EIV-D-A	Positive	0.0893711	0.910629
5EIV-F-A	Positive	0.110673	0.889327
5EIV-I-A	Positive	0.170439	0.829561
5EIV-K-A	Positive	0.170439	0.829561
5V1A-B-A	Negative	0.667216	0.332784
5F8Z-B-A	Positive	0.284791	0.715209
5ZVM-a-A	Positive	0.19998	0.80002
5ZVM-c-A	Positive	0.241838	0.758162
5ZVM-b-B	Positive	0.0458013	0.954199
5W0K-X-A	Positive	0.215254	0.784746
5W0K-Y-C	Negative	0.504463	0.495537
5DDH-C-A	Positive	0.133455	0.866545
5WQL-G-C	Positive	0.453006	0.546994
5OM2-B-A	Positive	0.105337	0.894663
5N32-B-A	Positive	0.316067	0.683933
5VA9-C-A	Positive	0.105722	0.894278
5Q13-B-A	Positive	0.065064	0.934936
5H9B-B-A	Positive	0.0115413	0.988459
5GSB-C-A	Negative	0.596016	0.403984
5W2J-F-B	Positive	0.0796817	0.920318
5H5S-B-A	Positive	0.338214	0.661786
5M36-C-A	Negative	0.574916	0.425084
5M36-D-A	Positive	0.448944	0.551056
5OWU-B-A	Positive	0.0677806	0.932219
5XNM-J-A	Positive	0.292592	0.707408
5YGD-D-A	Positive	0.213355	0.786645
5U5M-D-A	Positive	0.184797	0.815203
5F5T-D-A	Positive	0.0647571	0.935243
5UXX-B-A	Negative	0.667773	0.332227
5UXX-D-A	Positive	0.27549	0.72451
5ZWN-x-R	Positive	0.0294982	0.970502
5ZWN-X-T	Negative	0.836405	0.163595
5UML-C-A	Positive	0.0524792	0.947521
5ET1-C-A	Positive	0.159074	0.840926
5ET1-D-B	Positive	0.159074	0.840926
5CQ2-B-A	Positive	0.100638	0.899362
5CQ2-C-A	Positive	0.100638	0.899362
5N8W-D-A	Positive	0.100226	0.899774
5FPX-E-A	Positive	0.0923107	0.907689
5FPX-F-B	Positive	0.0972295	0.902771
5NE4-4-1	Positive	0.0768988	0.923101
5A2I-P-H	Positive	0.288933	0.711067
5DMV-D-C	Positive	0.31682	0.68318
5FBZ-E-A	Positive	0.287784	0.712216
5CWS-F-B	Negative	0.611421	0.388579
5FUR-L-I	Positive	0.0792174	0.920783
5MOC-P-A	Positive	0.168243	0.831757
5YW1-A-B	Negative	0.62415	0.37585
5HCC-D-B	Negative	0.620191	0.379809
5VWZ-B-A	Positive	0.0606573	0.939343
5VWZ-D-A	Positive	0.0606573	0.939343
5ZNR-P-A	Positive	0.0788545	0.921146
5YV5-B-A	Positive	0.0286236	0.971376
5GXW-B-A	Positive	0.0890091	0.910991
5LI0-8-H	Positive	0.0540397	0.94596
5TED-H-A	Positive	0.00405916	0.995941
5BXO-C-A	Positive	0.0112384	0.988762
5O9T-C-A	Positive	0.22863	0.77137
5X54-C-A	Positive	0.0398376	0.960162
5TZP-B-A	Positive	0.35647	0.64353
5DIF-D-C	Positive	0.209345	0.790655
5V90-D-C	Negative	0.795666	0.204334
5V90-B-A	Positive	0.155768	0.844232
5OVC-B-A	Positive	0.127387	0.872613
5UA5-B-A	Positive	0.0296846	0.970315
5XYW-B-A	Negative	0.608066	0.391934
5XYW-C-A	Negative	0.704063	0.295937
5XYW-D-A	Negative	0.710456	0.289544
5U1Q-L-A	Positive	0.127789	0.872211
5U1Q-M-B	Positive	0.127789	0.872211
5NC2-I-A	Negative	0.567806	0.432194
5NC2-J-B	Positive	0.146785	0.853215
5H2F-J-A	Positive	0.144963	0.855037
5H2F-L-A	Positive	0.0613448	0.938655
5H2F-f-a	Negative	0.662809	0.337191
5H2F-j-a	Positive	0.417848	0.582152
5F74-B-A	Positive	0.0205433	0.979457
5U3M-A-H	Positive	0.0146672	0.985333
5LSJ-P-A	Positive	0.101282	0.898718
5LSJ-Q-C	Positive	0.305586	0.694414
5YVY-A-B	Positive	0.147263	0.852737
5ZT0-G-A	Positive	0.323321	0.676679
5Q0P-D-C	Positive	0.142688	0.857312
5XWJ-C-A	Positive	0.101052	0.898948
5N5W-P-A	Positive	0.421565	0.578435
5DX8-E-A	Positive	0.103546	0.896454
5DX8-H-A	Positive	0.197818	0.802182
5DX8-F-B	Positive	0.284998	0.715002
5DX8-G-C	Positive	0.109747	0.890253
5FOX-C-A	Positive	0.0116845	0.988316
5C5R-C-A	Negative	0.552345	0.447655
5ZOB-I-B	Positive	0.183312	0.816688
5BUO-B-A	Positive	0.304304	0.695696
5IOK-C-A	Positive	0.121678	0.878322
5M61-E-A	Positive	0.105602	0.894398
5M61-G-A	Positive	0.0619909	0.938009
5JBH-Y-3	Positive	0.295431	0.704569
5JBH-0-M	Positive	0.113381	0.886619
5VA6-C-A	Positive	0.00765499	0.992345
5VK0-B-A	Positive	0.069245	0.930755
5VK0-X-E	Positive	0.069245	0.930755
5W93-E-B	Positive	0.0382515	0.961748
5IVZ-E-A	Positive	0.214385	0.785615
5T46-B-A	Positive	0.118976	0.881024
5T46-D-A	Positive	0.113643	0.886357
5D6Y-a-A	Positive	0.00616381	0.993836
5D6Y-d-A	Positive	0.0129012	0.987099
5E8D-A-H	Negative	0.745946	0.254054
5WHE-F-A	Positive	0.106338	0.893662
5YD5-B-A	Positive	0.334084	0.665916
5HEB-B-A	Positive	0.202246	0.797754
5Z8H-B-A	Positive	0.189058	0.810942
5W7Y-D-A	Positive	0.451715	0.548285
5EFW-C-A	Positive	0.290552	0.709448
5TDA-B-A	Positive	0.0285994	0.971401
5WWO-C-A	Positive	0.413743	0.586257
5Y53-D-A	Positive	0.113999	0.886001
5Y53-F-C	Negative	0.851826	0.148174
5WZZ-G-A	Positive	0.184899	0.815101
5WZZ-F-B	Positive	0.0938359	0.906164
5WZZ-E-C	Positive	0.169553	0.830447
5XLN-B-A	Positive	0.11044	0.88956
5HKH-B-A	Positive	0.0101681	0.989832
5DAI-B-A	Positive	0.216874	0.783126
5NJ9-E-A	Positive	0.0252597	0.97474
5O4Y-D-B	Positive	0.169404	0.830596
5FJW-L-A	Positive	0.0502377	0.949762
5V1Y-E-A	Positive	0.121283	0.878717
5O5M-C-A	Positive	0.163614	0.836386
5DIY-P-A	Positive	0.0945962	0.905404
5SUP-H-A	Negative	0.562309	0.437691
5SUP-I-C	Positive	0.144652	0.855348
5JA5-B-A	Positive	0.164062	0.835938
5R1R-D-A	Positive	0.462337	0.537663
5DK2-D-E	Negative	0.597004	0.402996
5LUP-L-E	Positive	0.117261	0.882739
5D2A-C-A	Positive	0.234143	0.765857
5PAD-I-A	Positive	0.0252188	0.974781
5EG2-B-A	Positive	0.205938	0.794062
5G4C-F-A	Positive	0.0507139	0.949286
5B76-B-A	Positive	0.459681	0.540319
5SGA-P-E	Positive	0.287847	0.712153
5VVT-B-A	Positive	0.0349288	0.965071
5VVT-D-A	Positive	0.140755	0.859245
5T5H-q-X	Positive	0.140629	0.859371
5OSI-C-A	Positive	0.233945	0.766055
5OSI-F-D	Positive	0.146521	0.853479
5F7D-C-A	Positive	0.0538809	0.946119
5I8X-E-B	Positive	0.0398746	0.960125
5KSA-J-A	Positive	0.254606	0.745394
5GMI-C-A	Positive	0.397121	0.602879
5ZS6-U-A	Positive	0.170223	0.829777
5YPF-C-A	Negative	0.62937	0.37063
5CIU-C-A	Positive	0.349706	0.650294
5TH2-E-A	Positive	0.108276	0.891724
5FRS-C-A	Positive	0.163592	0.836408
5TBD-I-E	Positive	0.0434744	0.956526
5LI1-B-A	Negative	0.626705	0.373295
5OKD-I-A	Negative	0.605962	0.394038
5ND8-u-k	Positive	0.0832442	0.916756
5ND8-4-Q	Negative	0.775423	0.224577
5BS7-F-B	Positive	0.402255	0.597745
5JJY-B-A	Positive	0.279438	0.720562
5WMQ-C-A	Positive	0.158012	0.841988
5C0J-C-A	Positive	0.148702	0.851298
5TWG-E-A	Positive	0.494441	0.505559
5WOB-b-B	Positive	0.294494	0.705506
5WOB-d-D	Positive	0.011555	0.988445
5WOB-e-E	Positive	0.0705278	0.929472
5WOB-f-F	Positive	0.237568	0.762432
5WOB-g-G	Positive	0.178129	0.821871
5WOB-h-H	Positive	0.13851	0.86149
5LZP-X-0	Negative	0.549262	0.450738
5VHS-e-V	Negative	0.751975	0.248025
5V5O-A-C	Positive	0.402537	0.597463
5V5O-B-C	Positive	0.206973	0.793027
5NNP-C-A	Positive	0.405167	0.594833
5NNP-I-A	Positive	0.435375	0.564625
5NNP-G-E	Positive	0.405167	0.594833
5DRV-B-A	Positive	0.214256	0.785744
5IM7-E-A	Positive	0.0838122	0.916188
5VQI-A-B	Negative	0.778749	0.221251
5VQI-C-B	Negative	0.680705	0.319295
5BNP-D-A	Negative	0.735828	0.264172
5DN2-G-A	Positive	0.347738	0.652262
5DN2-E-C	Positive	0.133671	0.866329
5UWH-D-C	Positive	0.0456985	0.954302
5I4R-C-D	Positive	0.0287449	0.971255
5I4R-G-H	Positive	0.0272129	0.972787
5ZVW-B-A	Positive	0.101752	0.898248
5VK1-B-A	Positive	0.210461	0.789539
5VK1-F-E	Positive	0.0850303	0.91497
5VK1-H-G	Positive	0.161	0.839
5EHH-B-A	Positive	0.0989853	0.901015
5ZML-B-A	Positive	0.08561	0.91439
5W1W-C-A	Negative	0.818196	0.181804
5N1K-B-A	Positive	0.383039	0.616961
5ZV3-A-H	Positive	0.026418	0.973582
5GJ4-A-B	Negative	0.548923	0.451077
5YT6-F-E	Positive	0.38975	0.61025
5YT6-D-A	Negative	0.653554	0.346446
5YT6-H-G	Positive	0.321921	0.678079
5NWM-B-A	Positive	0.318141	0.681859
5OM3-B-A	Positive	0.0773609	0.922639
5M0J-J-D	Positive	0.114434	0.885566
5M0J-I-D	Positive	0.188317	0.811683
5M0J-G-B	Positive	0.0703745	0.929625
5M0J-H-B	Positive	0.156008	0.843992
5ZK9-B-A	Positive	0.0444362	0.955564
5A0R-D-A	Positive	0.0922523	0.907748
5WMN-E-A	Positive	0.253028	0.746972
5DJQ-N-A	Positive	0.369821	0.630179
5SZC-H-A	Positive	0.12864	0.87136
5BTR-D-A	Positive	0.111904	0.888096
5MER-C-A	Positive	0.0639524	0.936048
5MER-F-D	Positive	0.0639524	0.936048
5XN3-B-A	Positive	0.0265769	0.973423
5LYN-D-A	Positive	0.212654	0.787346
5MMJ-0-m	Positive	0.040954	0.959046
5YBA-B-A	Positive	0.223176	0.776824
5YBA-D-C	Positive	0.0139481	0.986052
5KHR-M-F	Positive	0.313423	0.686577
5XIU-A-B	Positive	0.263822	0.736178
5LJN-C-A	Positive	0.0443451	0.955655
5LJN-D-A	Positive	0.0333678	0.966632
5DE2-C-A	Positive	0.191485	0.808515
5DE2-D-B	Positive	0.0457918	0.954208
5B56-C-A	Positive	0.298562	0.701438
5GSR-P-A	Negative	0.566211	0.433789
5CWW-C-B	Negative	0.514266	0.485734
5IXF-B-A	Positive	0.391573	0.608427
5H1S-a-H	Positive	0.108918	0.891082
5SWQ-C-A	Positive	0.268223	0.731777
5WGG-B-A	Positive	0.0932907	0.906709
5MV3-X-A	Positive	0.0951581	0.904842
5MV3-E-C	Positive	0.0611069	0.938893
5MV3-Q-D	Positive	0.0611069	0.938893
5MV3-K-I	Positive	0.0787201	0.92128
5VMO-B-A	Negative	0.86433	0.13567
5EMA-B-A	Positive	0.045979	0.954021
5XJM-B-A	Positive	0.329011	0.670989
5N10-C-A	Positive	0.0987893	0.901211
5H5R-B-A	Positive	0.122686	0.877314
5GJX-C-A	Positive	0.156664	0.843336
5KWN-U-A	Positive	0.0484569	0.951543
5T6Y-C-A	Positive	0.0918836	0.908116
5WBJ-T-A	Positive	0.20306	0.79694
5V1U-E-A	Positive	0.185369	0.814631
5V1U-G-A	Positive	0.129756	0.870244
5V1U-F-B	Positive	0.158127	0.841873
5V1U-H-B	Positive	0.241964	0.758036
5N7D-C-A	Positive	0.0780741	0.921926
5OQT-C-A	Positive	0.249088	0.750912
5EZ0-E-A	Positive	0.127701	0.872299
5EZ0-G-A	Positive	0.10682	0.89318
5EZ0-H-D	Positive	0.10682	0.89318
5JLZ-E-A	Positive	0.0663306	0.933669
5W5S-D-A	Positive	0.0798169	0.920183
5XY9-C-A	Positive	0.101675	0.898325
5JLB-B-A	Positive	0.479427	0.520573
5FG8-B-A	Positive	0.0776141	0.922386
5V5P-A-C	Positive	0.338358	0.661642
5IQO-B-A	Positive	0.418972	0.581028
5IQO-D-A	Negative	0.551042	0.448958
5VKO-B-A	Positive	0.229637	0.770363
5UWR-D-C	Positive	0.047725	0.952275
5L85-B-A	Positive	0.21223	0.78777
5ME5-B-A	Positive	0.110831	0.889169
5M0I-J-D	Positive	0.140055	0.859945
5M0I-H-B	Positive	0.0630981	0.936902
5VNE-D-B	Positive	0.0322465	0.967753
5OOB-Z-A	Positive	0.157943	0.842057
5OOB-E-C	Positive	0.227022	0.772978
5OOB-K-I	Positive	0.188518	0.811482
5LZ6-B-A	Positive	0.245113	0.754887
5XXE-C-A	Positive	0.481604	0.518396
5UWQ-D-C	Positive	0.0465427	0.953457
5MFE-E-A	Positive	0.136674	0.863326
5YYZ-B-A	Positive	0.0333919	0.966608
5GTU-B-A	Positive	0.182073	0.817927
5YZG-4-A	Positive	0.0642892	0.935711
5HKY-B-A	Positive	0.377703	0.622297
5F8T-P-A	Positive	0.199429	0.800571
5VNJ-D-B	Positive	0.138651	0.861349
5LUT-I-G	Positive	0.314322	0.685678
5LUT-J-H	Positive	0.390291	0.609709
5L0Y-M-B	Positive	0.0618385	0.938161
5L0Y-I-C	Positive	0.267632	0.732368
5N3F-B-A	Positive	0.161341	0.838659
5N8B-E-A	Positive	0.181768	0.818232
5WEZ-B-A	Negative	0.511563	0.488437
5U1G-Z-D	Positive	0.410317	0.589683
5U1G-K-D	Positive	0.0993275	0.900672
5U1G-Y-A	Positive	0.0805288	0.919471
5U1G-R-A	Positive	0.0283336	0.971666
5YYL-C-A	Negative	0.704068	0.295932
5YYL-D-A	Negative	0.704068	0.295932
5LGS-E-A	Negative	0.643058	0.356942
5LGS-F-A	Negative	0.570264	0.429736
5H10-D-A	Positive	0.255143	0.744857
5H10-E-B	Positive	0.310887	0.689113
5H10-F-C	Positive	0.29534	0.70466
5WET-P-A	Positive	0.0243016	0.975698
5KY0-B-A	Positive	0.247362	0.752638
5XOJ-D-C	Positive	0.0237357	0.976264
5XOJ-E-C	Positive	0.188139	0.811861
5XOJ-F-C	Positive	0.0325592	0.967441
5XOJ-G-C	Positive	0.0528129	0.947187
5C0C-C-A	Positive	0.148702	0.851298
5IG7-C-A	Positive	0.357984	0.642016
5VIE-D-A	Positive	0.0466221	0.953378
5WE1-D-A	Negative	0.867181	0.132819
5WAS-B-A	Negative	0.65663	0.34337
5MV4-X-A	Positive	0.240081	0.759919
5MV4-H-F	Positive	0.0267203	0.97328
5MV4-K-I	Positive	0.0267203	0.97328
5MV4-N-L	Positive	0.240081	0.759919
5IV2-E-A	Positive	0.214385	0.785615
5MGX-C-E	Positive	0.0523835	0.947616
5MGX-A-F	Positive	0.0764146	0.923585
5MGX-D-H	Positive	0.179079	0.820921
5MZM-C-A	Positive	0.396798	0.603202
5YCA-C-A	Positive	0.124152	0.875848
5VWX-B-A	Positive	0.0308534	0.969147
5VWX-D-A	Positive	0.0308534	0.969147
5TSV-D-A	Positive	0.0632742	0.936726
5U6A-D-A	Positive	0.0598397	0.94016
5VAU-E-A	Positive	0.465314	0.534686
5VAU-G-A	Positive	0.0874041	0.912596
5VAU-F-B	Positive	0.0772448	0.922755
5BJT-P-A	Positive	0.0374675	0.962533
5H6R-C-A	Positive	0.095304	0.904696
5MBW-B-A	Positive	0.0847413	0.915259
5ID1-F-A	Positive	0.109152	0.890848
5UWT-D-C	Positive	0.371102	0.628898
5JZU-B-A	Positive	0.314443	0.685557
5F0M-D-B	Positive	0.0879916	0.912008
5WRL-P-A	Positive	0.0835481	0.916452
5GRG-C-A	Positive	0.0335324	0.966468
5GRG-D-A	Positive	0.0629467	0.937053
5N9P-C-B	Negative	0.714327	0.285673
5UWW-D-C	Positive	0.277302	0.722698
5MP3-C-H	Positive	0.0646635	0.935336
5W6U-D-A	Positive	0.0265658	0.973434
5YKW-B-A	Positive	0.236941	0.763059
5VAB-F-A	Positive	0.294067	0.705933
5DBE-A-X	Positive	0.0306845	0.969315
5KEZ-B-A	Positive	0.0942132	0.905787
5C5E-G-A	Positive	0.130278	0.869722
5C5E-H-A	Positive	0.0975201	0.90248
5XA5-B-A	Positive	0.050323	0.949677
5X3S-C-B	Positive	0.189519	0.810481
5C07-C-A	Positive	0.244072	0.755928
5U3K-P-H	Negative	0.606821	0.393179
5U3K-C-H	Positive	0.451004	0.548996
5O5B-4-1	Positive	0.22373	0.77627
5WWJ-E-A	Positive	0.107467	0.892533
5WWJ-F-C	Positive	0.0545506	0.945449
5OKI-I-B	Positive	0.163014	0.836986
5EOQ-A-H	Positive	0.0525024	0.947498
5YVW-A-B	Negative	0.603154	0.396846
5OM5-B-A	Positive	0.070309	0.929691
5O9V-C-A	Negative	0.507459	0.492541
5DSC-Q-A	Positive	0.134319	0.865681
5YAH-C-B	Positive	0.38883	0.61117
5E8N-C-A	Positive	0.149027	0.850973
5TX1-1-A	Positive	0.278916	0.721084
5TX1-2-A	Positive	0.154813	0.845187
5TX1-3-D	Positive	0.227486	0.772514
5TX1-O-N	Negative	0.827633	0.172367
5WXC-E-A	Positive	0.464771	0.535229
5V61-I-A	Positive	0.0992708	0.900729
5O9S-C-A	Negative	0.598682	0.401318
5A8L-Z-Q	Negative	0.548427	0.451573
5Y59-C-B	Positive	0.164884	0.835116
5YRS-X-A	Positive	0.0600135	0.939986
5CTT-B-A	Positive	0.0690196	0.93098
5XTB-W-B	Positive	0.342166	0.657834
5C6D-C-A	Positive	0.227139	0.772861
5C6D-D-B	Positive	0.0167861	0.983214
5AFW-B-A	Positive	0.0653911	0.934609
5JTR-E-A	Positive	0.387254	0.612746
5Y7W-C-A	Positive	0.216772	0.783228
5Y9W-C-B	Positive	0.0939121	0.906088
5WGQ-F-A	Positive	0.0656388	0.934361
5WGQ-E-B	Positive	0.0401781	0.959822
5W6T-F-A	Positive	0.0825744	0.917426
5EFT-A-B	Positive	0.227654	0.772346
5YGF-D-A	Positive	0.28356	0.71644
5OKC-I-A	Positive	0.163014	0.836986
5ZJZ-B-A	Positive	0.170223	0.829777
5AZ8-B-A	Positive	0.205847	0.794153
5NWY-s-R	Positive	0.450119	0.549881
5NWY-U-k	Positive	0.259197	0.740803
5CVD-D-A	Negative	0.559706	0.440294
5CVD-E-B	Negative	0.673394	0.326606
5VVU-B-A	Positive	0.125633	0.874367
5U2J-C-A	Positive	0.356521	0.643479
5LDE-S-A	Positive	0.373208	0.626792
5HSZ-K-A	Positive	0.144812	0.855188
5X8X-B-A	Positive	0.0170921	0.982908
5X8X-F-A	Positive	0.0351837	0.964816
5LGR-E-A	Positive	0.159656	0.840344
5LGR-F-A	Positive	0.238578	0.761422
5LGR-G-C	Positive	0.231381	0.768619
5MDV-6-7	Positive	0.0645438	0.935456
5MUB-X-A	Positive	0.10916	0.89084
5UB5-B-A	Negative	0.620016	0.379984
5WXO-P-U	Positive	0.341583	0.658417
5GGI-F-A	Positive	0.0788114	0.921189
5GGI-G-B	Positive	0.0736421	0.926358
5E1B-D-A	Positive	0.208605	0.791395
5E1B-E-A	Positive	0.208605	0.791395
5KQ4-C-D	Positive	0.103611	0.896389
5L0R-B-A	Negative	0.620016	0.379984
5WMP-C-A	Positive	0.141249	0.858751
5A0X-C-A	Positive	0.0912887	0.908711
5WEH-D-A	Negative	0.536424	0.463576
5L0V-B-A	Negative	0.555328	0.444672
5HZ3-A-B	Negative	0.853009	0.146991
5B4W-G-A	Positive	0.132876	0.867124
5UWJ-D-C	Positive	0.218091	0.781909
5CGG-g-K	Positive	0.160232	0.839768
5MYK-C-A	Positive	0.07511	0.92489
5EQ0-B-A	Positive	0.0884729	0.911527
5T90-F-A	Positive	0.143395	0.856605
5T90-I-B	Positive	0.201505	0.798495
5JZ8-B-A	Positive	0.162744	0.837256
5A29-B-A	Positive	0.173976	0.826024
5U3L-P-H	Positive	0.0236489	0.976351
5U98-C-A	Positive	0.115309	0.884691
5IH2-M-A	Positive	0.135434	0.864566
5MWE-C-A	Positive	0.150968	0.849032
5KY7-B-A	Positive	0.243841	0.756159
5MU3-C-A	Positive	0.0618441	0.938156
5MU3-F-B	Positive	0.0949992	0.905001
5NPZ-C-A	Positive	0.0781546	0.921845
5NQ3-C-A	Positive	0.0781546	0.921845
5NNE-C-A	Positive	0.199145	0.800855
5YVV-A-B	Negative	0.627269	0.372731
5IVN-B-A	Positive	0.030451	0.969549
5U3O-A-H	Positive	0.0107336	0.989266
5OK3-D-A	Positive	0.109427	0.890573
5GDS-I-H	Positive	0.138193	0.861807
5E5A-K-G	Positive	0.296686	0.703314
5ZUJ-I-A	Negative	0.699479	0.300521
5NRG-Z-K	Negative	0.734367	0.265633
5KGN-C-A	Positive	0.059144	0.940856
5OV3-C-A	Positive	0.308371	0.691629
5JBT-X-A	Positive	0.265031	0.734969
5JBT-Y-A	Negative	0.648139	0.351861
5KIW-C-A	Negative	0.592306	0.407694
5YD4-B-A	Positive	0.218068	0.781932
5YD4-F-E	Positive	0.207399	0.792601
5YD4-H-G	Positive	0.342834	0.657166
5F56-B-A	Positive	0.162728	0.837272
5OM6-B-A	Negative	0.751252	0.248748
5EG6-R-C	Positive	0.403787	0.596213
5G1X-B-A	Negative	0.665449	0.334551
5HUW-A-C	Positive	0.0217543	0.978246
5HUW-B-C	Positive	0.0613805	0.93862
5HSP-D-A	Positive	0.137845	0.862155
5UMM-B-A	Positive	0.115338	0.884662
5UMM-D-A	Positive	0.0524792	0.947521
5FOW-E-A	Positive	0.0357863	0.964214
5U8Q-B-A	Negative	0.641518	0.358482
5LIH-F-A	Positive	0.204191	0.795809
5LIH-G-B	Positive	0.0983514	0.901649
5WVI-Y-S	Positive	0.05799	0.94201
5EOR-A-H	Positive	0.125648	0.874352
5NXQ-D-A	Positive	0.300585	0.699415
5JR2-E-A	Positive	0.0868681	0.913132
5N4C-E-A	Positive	0.261794	0.738206
5N4C-F-B	Negative	0.799745	0.200255
5N4C-G-C	Positive	0.278436	0.721564
5GR8-J-A	Positive	0.186957	0.813043
5GR8-P-D	Positive	0.165102	0.834898
5EU4-C-A	Positive	0.232182	0.767818
5EU4-F-D	Positive	0.232182	0.767818
5IBW-C-A	Positive	0.106791	0.893209
5FJZ-P-A	Positive	0.0100939	0.989906
5TXE-C-A	Positive	0.159146	0.840854
5TXE-D-B	Positive	0.193359	0.806641
5W69-I-A	Positive	0.00898582	0.991014
5WXP-P-U	Positive	0.0218441	0.978156
5VBL-A-B	Positive	0.193694	0.806306
5E24-B-A	Positive	0.296726	0.703274
5E24-D-C	Positive	0.296726	0.703274
5FJA-Q-O	Positive	0.0354633	0.964537
5N6B-C-A	Positive	0.0639668	0.936033
5N6B-F-A	Positive	0.0639668	0.936033
5H94-C-A	Positive	0.198758	0.801242
5XBY-A-B	Positive	0.322292	0.677708
5MU2-X-A	Positive	0.0951581	0.904842
5MU2-Q-C	Positive	0.093002	0.906998
5MU2-U-F	Positive	0.0911625	0.908837
5MU2-W-O	Positive	0.195504	0.804496
5KC1-C-D	Positive	0.466069	0.533931
5KC1-A-D	Positive	0.310727	0.689273
5KC1-G-H	Positive	0.0884318	0.911568
5KC1-K-L	Positive	0.0478382	0.952162
5KC1-I-L	Positive	0.129451	0.870549
5O9U-C-A	Positive	0.479365	0.520635
5XXQ-D-A	Positive	0.10419	0.89581
5OTW-B-A	Positive	0.107199	0.892801
5UL6-M-A	Positive	0.290835	0.709165
5WXN-C-A	Positive	0.108595	0.891405
5WYI-E-B	Positive	0.349027	0.650973
5ETF-B-A	Positive	0.182463	0.817537
5U66-B-A	Positive	0.117754	0.882246
5WXM-U-A	Positive	0.124191	0.875809
5WXM-V-A	Positive	0.339206	0.660794
5NQ2-C-A	Positive	0.112545	0.887455
5E4W-E-B	Negative	0.69755	0.30245
5E4W-F-D	Negative	0.521323	0.478677
5EIO-C-B	Positive	0.278204	0.721796
5WY2-B-A	Positive	0.14691	0.85309
5W0V-C-A	Positive	0.0651829	0.934817
5W0V-D-B	Positive	0.070428	0.929572
5HDT-E-A	Positive	0.241786	0.758214
5EFK-A-B	Positive	0.171218	0.828782
5XYF-C-A	Positive	0.0700129	0.929987
5XYF-B-A	Positive	0.155398	0.844602
5MCQ-D-A	Positive	0.424795	0.575205
5XYI-G-E	Positive	0.0227429	0.977257
5XYI-e-J	Negative	0.586997	0.413003
5ETU-E-A	Positive	0.108276	0.891724
5FRP-C-A	Positive	0.07942	0.92058
5T0M-P-A	Positive	0.341423	0.658577
5W4L-N-G	Positive	0.176048	0.823952
5IAY-B-A	Positive	0.0303648	0.969635
5WB8-B-A	Negative	0.568992	0.431008
5WB8-C-A	Positive	0.097237	0.902763
5N4D-C-A	Positive	0.146271	0.853729
5N4D-D-B	Positive	0.146271	0.853729
5YPU-B-A	Positive	0.0592427	0.940757
5WGD-E-A	Positive	0.0882489	0.911751
5WGD-F-B	Positive	0.232306	0.767694
5YZD-B-C	Positive	0.0339306	0.966069
6TRD-J-A	Negative	0.718081	0.281919
6TRD-X-B	Positive	0.266349	0.733651
6TRD-j-a	Negative	0.718081	0.281919
6TRD-8-1	Negative	0.718081	0.281919
6TRD-z-2	Positive	0.266349	0.733651
6XXR-F-A	Negative	0.742915	0.257085
6UC5-P-H	Positive	0.186407	0.813593
6GEK-L-A	Positive	0.148949	0.851051
6GEK-M-B	Positive	0.145975	0.854025
6WFX-P-H	Positive	0.0911143	0.908886
6WMD-B-A	Positive	0.226758	0.773242
6E5X-B-A	Positive	0.49272	0.50728
6XP6-C-A	Positive	0.391977	0.608023
6EAU-I-A	Positive	0.356688	0.643312
6TYU-B-A	Positive	0.184213	0.815787
6U3N-C-D	Negative	0.590812	0.409188
6WDO-F-C	Negative	0.768062	0.231938
6Y3S-P-A	Positive	0.0484567	0.951543
6WC6-C-A	Positive	0.03686	0.96314
6Y20-C-A	Positive	0.202288	0.797712
6Y20-D-A	Positive	0.257486	0.742514
6P23-C-A	Positive	0.0437554	0.956245
6WTD-8-X	Negative	0.600587	0.399413
6WTD-J-X	Positive	0.358694	0.641306
6H8P-C-A	Positive	0.0622729	0.937727
6VQE-C-A	Positive	0.0156489	0.984351
6TE4-C-A	Positive	0.047618	0.952382
6X5Q-B-A	Positive	0.287411	0.712589
6I68-B-A	Positive	0.0319716	0.968028
6I68-D-C	Positive	0.0244689	0.975531
6AT9-C-A	Positive	0.0586213	0.941379
6QTX-B-A	Positive	0.312941	0.687059
6NBQ-P-D	Negative	0.578822	0.421178
6GVK-B-A	Positive	0.0409755	0.959024
6I7R-H-V	Positive	0.475333	0.524667
6GIQ-U-C	Positive	0.184374	0.815626
6GIQ-d-a	Negative	0.661915	0.338085
6GIQ-g-a	Positive	0.300602	0.699398
6GIQ-h-a	Positive	0.131671	0.868329
6GIQ-i-a	Positive	0.0839012	0.916099
6GIQ-k-c	Negative	0.514275	0.485725
6N87-C-A	Negative	0.668	0.332
6CEN-D-A	Positive	0.184623	0.815377
6EKL-B-A	Positive	0.290246	0.709754
6Q95-c-e	Negative	0.636754	0.363246
6Z3R-E-A	Positive	0.177883	0.822117
6SJ6-4-Q	Negative	0.521552	0.478448
6Q6G-S-R	Positive	0.125055	0.874945
6Q6G-G-R	Positive	0.190641	0.809359
6YI1-C-A	Positive	0.0165259	0.983474
6ACO-B-A	Positive	0.0617327	0.938267
6ICT-E-A	Positive	0.451555	0.548445
6ICT-G-B	Positive	0.339311	0.660689
6ICT-I-D	Positive	0.144288	0.855712
6CRI-T-M	Positive	0.164221	0.835779
6SPW-B-A	Positive	0.0328936	0.967106
6UK4-C-A	Positive	0.037367	0.962633
6ICV-C-A	Positive	0.359989	0.640011
6BIJ-C-A	Positive	0.0679151	0.932085
6SKJ-C-A	Negative	0.545346	0.454654
6SKJ-D-B	Negative	0.545346	0.454654
6PPM-E-A	Positive	0.137331	0.862669
6VR1-P-A	Positive	0.0987461	0.901254
6HIP-C-A	Positive	0.0375273	0.962473
6Y3R-P-A	Positive	0.443293	0.556707
6O5O-C-A	Positive	0.11938	0.88062
6O5O-D-B	Positive	0.10398	0.89602
6WRU-N-C	Negative	0.700181	0.299819
6WRU-O-Q	Negative	0.582965	0.417035
6CSG-D-A	Negative	0.648073	0.351927
6RMV-C-A	Positive	0.0824817	0.917518
6ZKV-a-1	Negative	0.688025	0.311975
6ZKV-V-M	Negative	0.793887	0.206113
6ZKV-y-M	Positive	0.236786	0.763214
6YWV-Y-D	Positive	0.136918	0.863082
6YWV-0-F	Positive	0.211813	0.788187
6YWV-X-R	Positive	0.0922847	0.907715
6JXW-B-A	Positive	0.0210789	0.978921
6A3B-D-C	Positive	0.0956228	0.904377
6HUA-C-A	Positive	0.234406	0.765594
6HU9-h-a	Positive	0.477649	0.522351
6HU9-l-a	Positive	0.147821	0.852179
6ILE-C-A	Positive	0.217167	0.782833
6URV-A-H	Positive	0.386122	0.613878
6URV-G-H	Positive	0.119097	0.880903
6NVQ-B-C	Positive	0.0451875	0.954813
6HC1-C-A	Positive	0.0287939	0.971206
6FNZ-F-A	Positive	0.226323	0.773677
6QTS-B-A	Positive	0.183934	0.816066
6FTG-z-x	Positive	0.400926	0.599074
6FTG-4-2	Negative	0.545121	0.454879
6HK3-N-A	Positive	0.101391	0.898609
6TRN-C-A	Positive	0.443606	0.556394
6PXV-D-A	Negative	0.708461	0.291539
6PXV-F-A	Negative	0.56491	0.43509
6EQV-D-A	Positive	0.0175606	0.982439
6LUP-C-A	Positive	0.233495	0.766505
6HMV-B-A	Negative	0.692081	0.307919
6J08-D-A	Positive	0.299661	0.700339
6J08-E-A	Negative	0.515	0.485
6J08-F-B	Positive	0.446998	0.553002
6Y7C-d-i	Positive	0.252777	0.747223
6Y53-u-z	Positive	0.33492	0.66508
6O4Y-C-A	Positive	0.186851	0.813149
6FF7-S-A	Negative	0.533758	0.466242
6IUR-C-A	Positive	0.0811479	0.918852
6IUR-D-A	Positive	0.356224	0.643776
6IUR-G-B	Positive	0.315695	0.684305
6PPH-n-k	Positive	0.207426	0.792574
6PPH-A-4	Positive	0.166383	0.833617
6UCU-C-A	Positive	0.239278	0.760722
6UCU-D-A	Negative	0.616796	0.383204
6FAV-B-A	Positive	0.196113	0.803887
6FAV-D-C	Positive	0.247579	0.752421
6YOY-P-A	Positive	0.180367	0.819633
6XKB-G-A	Positive	0.390855	0.609145
6XKB-I-A	Positive	0.390855	0.609145
6XKB-F-B	Positive	0.390855	0.609145
6XKB-K-C	Positive	0.390855	0.609145
6L1F-A-B	Positive	0.153076	0.846924
6LRY-B-A	Negative	0.835749	0.164251
6L9K-Q-A	Positive	0.273072	0.726928
6OM2-E-A	Positive	0.0121689	0.987831
6OM2-F-C	Positive	0.0163213	0.983679
6OG4-C-A	Positive	0.28888	0.71112
6JDX-C-A	Positive	0.0429164	0.957084
6WDN-J-A	Negative	0.697268	0.302732
6WDN-D-C	Negative	0.696613	0.303387
6WDN-H-C	Negative	0.678478	0.321522
6G86-D-A	Positive	0.364524	0.635476
6G86-C-B	Positive	0.225337	0.774663
6KVF-b-H	Positive	0.00886815	0.991132
6KVF-B-A	Positive	0.0409777	0.959022
6BQB-P-L	Positive	0.067209	0.932791
6ZRC-P-A	Positive	0.472819	0.527181
6IAW-D-A	Positive	0.490343	0.509657
6ZKM-V-M	Negative	0.825457	0.174543
6LZ4-C-A	Positive	0.0232696	0.97673
6LZ4-F-D	Positive	0.129205	0.870795
6G8Q-P-A	Positive	0.129747	0.870253
6KTO-D-B	Positive	0.0946674	0.905333
6B1T-Y-A	Negative	0.820641	0.179359
6B1T-U-D	Positive	0.193933	0.806067
6B1T-W-D	Positive	0.0911195	0.908881
6B1T-X-D	Positive	0.12398	0.87602
6QY3-K-J	Positive	0.148357	0.851643
6YGD-D-A	Positive	0.309622	0.690378
6UVO-D-L	Positive	0.0775314	0.922469
6FBB-P-A	Negative	0.735846	0.264154
6WZG-P-R	Positive	0.182382	0.817618
6PJ8-B-A	Positive	0.0877964	0.912204
6X8K-E-A	Positive	0.0166333	0.983367
6M4X-F-A	Negative	0.608013	0.391987
6Z9X-C-A	Positive	0.18028	0.81972
6S35-C-A	Positive	0.0538218	0.946178
6ND4-D-N	Positive	0.400649	0.599351
6ND4-A-O	Positive	0.356633	0.643367
6ND4-l-O	Positive	0.316825	0.683175
6ZKS-V-L	Positive	0.453377	0.546623
6VB2-C-A	Positive	0.116721	0.883279
6CPL-C-A	Negative	0.502126	0.497874
6X2P-D-C	Positive	0.0354194	0.964581
6HON-B-A	Positive	0.127963	0.872037
6HON-D-C	Positive	0.127963	0.872037
6QTR-B-A	Positive	0.0317013	0.968299
6QCG-H-A	Positive	0.0412192	0.958781
6Y29-C-A	Positive	0.0379143	0.962086
6V39-3-G	Positive	0.155057	0.844943
6V39-u-k	Positive	0.0488777	0.951122
6ZQW-C-A	Positive	0.0669134	0.933087
6WF5-C-A	Positive	0.339489	0.660511
6OCP-P-B	Positive	0.0758739	0.924126
6OCP-Q-F	Positive	0.0956012	0.904399
6XQA-C-A	Positive	0.290663	0.709337
6DO5-C-A	Positive	0.0587071	0.941293
6QXP-I-A	Positive	0.0775201	0.92248
6QXP-J-B	Positive	0.0837775	0.916223
6QXP-K-C	Positive	0.355317	0.644683
6QXP-N-F	Positive	0.374885	0.625115
6R5Q-1-C	Positive	0.153334	0.846666
6X2X-D-C	Positive	0.343779	0.656221
6KK6-A-B	Negative	0.542406	0.457594
6EF1-s-H	Positive	0.0304598	0.96954
6DJV-N-A	Positive	0.0196394	0.980361
6FKZ-E-A	Positive	0.0973392	0.902661
6KR4-G-C	Positive	0.1424	0.8576
6FHH-X-A	Positive	0.171836	0.828164
6WAY-V-A	Positive	0.030524	0.969476
6LDY-C-A	Positive	0.0608218	0.939178
6LDY-M-H	Positive	0.209251	0.790749
6D6R-J-C	Positive	0.0348316	0.965168
6DCN-D-A	Positive	0.111106	0.888894
6M8W-B-A	Positive	0.0277907	0.972209
6DMX-E-D	Positive	0.277409	0.722591
6DMX-C-D	Positive	0.0817294	0.918271
6DMX-J-D	Positive	0.100762	0.899238
6DMX-F-D	Positive	0.0974274	0.902573
6DMX-A-B	Positive	0.0979639	0.902036
6DMX-H-I	Positive	0.0687988	0.931201
6MQM-C-A	Positive	0.0463329	0.953667
6WY6-C-B	Positive	0.107607	0.892393
6WY6-D-B	Negative	0.68437	0.31563
6MWZ-M-A	Positive	0.0235367	0.976463
6CCU-B-A	Positive	0.132021	0.867979
6DN8-B-A	Positive	0.166814	0.833186
6DN8-F-A	Positive	0.166814	0.833186
6DAF-C-A	Positive	0.434903	0.565097
6DAF-D-B	Positive	0.395969	0.604031
6FYY-r-p	Negative	0.647942	0.352058
6SUR-I-A	Positive	0.138766	0.861234
6SUR-N-E	Positive	0.154007	0.845993
6ZVI-P-r	Negative	0.588139	0.411861
6RML-C-B	Positive	0.112539	0.887461
6HCS-B-A	Negative	0.618681	0.381319
6HCS-D-C	Negative	0.623383	0.376617
6RK1-B-A	Negative	0.779418	0.220582
6U8I-B-A	Positive	0.240766	0.759234
6HLE-B-A	Positive	0.188314	0.811686
6D3X-C-A	Positive	0.431652	0.568348
6O9C-C-A	Positive	0.033898	0.966102
6F55-B-A	Positive	0.414277	0.585723
6SK6-D-B	Negative	0.685873	0.314127
6U8N-I-A	Positive	0.239784	0.760216
6Z7W-I-A	Negative	0.648595	0.351405
6Z7W-J-A	Positive	0.191827	0.808173
6Z7W-N-A	Positive	0.343282	0.656718
6Z7W-P-A	Positive	0.150511	0.849489
6YS3-h-0	Positive	0.126672	0.873328
6YS3-z-e	Positive	0.391782	0.608218
6P6A-A-B	Positive	0.410959	0.589041
6S5S-E-A	Positive	0.109058	0.890942
6OI3-B-A	Positive	0.25946	0.74054
6GNY-B-A	Positive	0.426542	0.573458
6IFC-B-A	Positive	0.0855497	0.91445
6IFC-D-A	Positive	0.246957	0.753043
6HY2-A-X	Positive	0.058644	0.941356
6BW3-B-C	Positive	0.0299626	0.970037
6BW3-D-C	Positive	0.0299626	0.970037
6TYV-B-A	Positive	0.167765	0.832235
6TJ7-C-A	Positive	0.110768	0.889232
6HQU-I-A	Positive	0.0292846	0.970715
6HQU-K-B	Positive	0.0328254	0.967175
6HQU-O-D	Positive	0.0523767	0.947623
6HQU-M-E	Positive	0.0401196	0.95988
6HQU-N-F	Positive	0.0795627	0.920437
6ZKZ-C-A	Positive	0.119322	0.880678
6PVK-d-E	Positive	0.447973	0.552027
6ZKO-x-N	Negative	0.604883	0.395117
6LJK-B-A	Positive	0.271863	0.728137
6JJO-G-A	Positive	0.0590546	0.940945
6SAD-C-A	Positive	0.0492912	0.950709
6ULK-C-A	Positive	0.030674	0.969326
6ZOK-j-C	Positive	0.332929	0.667071
6XTP-C-A	Positive	0.405771	0.594229
6WH0-B-A	Positive	0.0458707	0.954129
6UYJ-B-A	Positive	0.0692239	0.930776
6XFK-B-A	Positive	0.0336102	0.96639
6OX0-Y-A	Positive	0.156794	0.843206
6XY4-B-A	Positive	0.0483512	0.951649
6KW3-C-M	Negative	0.724629	0.275371
6KW3-K-M	Negative	0.577422	0.422578
6YKP-F-A	Positive	0.106344	0.893656
6YKP-G-A	Positive	0.247549	0.752451
6I6H-B-A	Positive	0.0921778	0.907822
6S3W-B-A	Positive	0.0936024	0.906398
6EU2-Q-A	Negative	0.707748	0.292252
6X7W-D-A	Positive	0.0671212	0.932879
6X7W-G-H	Positive	0.0671212	0.932879
6HOI-G-A	Positive	0.145576	0.854424
6HOI-F-B	Positive	0.164975	0.835025
6KX1-C-A	Positive	0.263215	0.736785
6AMT-C-A	Positive	0.0568301	0.94317
6PUN-E-A	Positive	0.203112	0.796888
6PUN-F-A	Positive	0.485049	0.514951
6FEY-E-A	Positive	0.152153	0.847847
6FEY-I-A	Positive	0.134567	0.865433
6FEY-J-A	Positive	0.371721	0.628279
6FEY-F-B	Negative	0.870219	0.129781
6FEY-G-B	Positive	0.381043	0.618957
6FEY-H-B	Positive	0.230192	0.769808
6FEY-K-B	Positive	0.275827	0.724173
6V18-C-A	Positive	0.0244347	0.975565
6J8N-A-B	Positive	0.0430477	0.956952
6MYD-B-A	Positive	0.065969	0.934031
6F9S-B-A	Positive	0.368479	0.631521
6O2C-C-A	Positive	0.256839	0.743161
6LUM-E-C	Positive	0.191794	0.808206
6BVV-B-A	Negative	0.565764	0.434236
6JQ3-P-A	Negative	0.509524	0.490476
6X8U-P-H	Positive	0.190226	0.809774
6QH1-D-C	Positive	0.132983	0.867017
6RU7-C-A	Positive	0.0753655	0.924634
6RU7-D-B	Positive	0.0184612	0.981539
6UYO-B-A	Positive	0.13532	0.86468
6UYO-D-C	Positive	0.0416345	0.958366
6W2D-z-O	Positive	0.0454528	0.954547
6DO4-C-A	Positive	0.272529	0.727471
6TWX-D-A	Positive	0.0597658	0.940234
6TWX-C-B	Positive	0.0276626	0.972337
6MIN-B-A	Positive	0.0595413	0.940459
6Z1U-J-A	Negative	0.589243	0.410757
6Z1U-b-A	Positive	0.130467	0.869533
6Z1U-h-A	Positive	0.229648	0.770352
6CGR-n-k	Positive	0.0480472	0.951953
6JLE-E-A	Positive	0.0943618	0.905638
6PXC-U-A	Positive	0.119377	0.880623
6AVG-P-C	Positive	0.175474	0.824526
6VLN-P-H	Positive	0.071232	0.928768
6GHD-G-D	Positive	0.174161	0.825839
6GHD-H-A	Positive	0.174408	0.825592
6BZU-J-A	Positive	0.0210738	0.978926
6BZU-I-C	Positive	0.0330243	0.966976
6BZU-K-E	Positive	0.137979	0.862021
6PAU-C-A	Positive	0.157439	0.842561
6R4X-D-A	Positive	0.0362855	0.963714
6GJH-I-B	Positive	0.156051	0.843949
6GJH-K-F	Negative	0.733583	0.266417
6GJH-J-D	Positive	0.0109166	0.989083
6G72-s-E	Positive	0.135233	0.864767
6G72-c-O	Negative	0.511676	0.488324
6H6H-C-A	Positive	0.411308	0.588692
6I9R-4-l	Positive	0.41796	0.58204
6XBY-r-b	Positive	0.410975	0.589025
6GNX-B-A	Positive	0.455151	0.544849
6GNX-D-A	Negative	0.517352	0.482648
6EIW-D-A	Positive	0.278066	0.721934
6XQN-E-A	Negative	0.763965	0.236035
6XQN-G-B	Negative	0.588979	0.411021
6XQN-H-C	Positive	0.476734	0.523266
6J2J-C-A	Positive	0.0718782	0.928122
6G8K-P-A	Positive	0.148489	0.851511
6O29-C-A	Positive	0.0412306	0.958769
6O29-D-A	Positive	0.0602508	0.939749
6Y8D-B-A	Positive	0.0395354	0.960465
6SPG-1-m	Positive	0.418674	0.581326
6SPG-6-G	Positive	0.117879	0.882121
6SPG-3-5	Positive	0.407601	0.592399
6J2I-C-A	Positive	0.0673855	0.932615
6RRC-B-C	Positive	0.0572515	0.942748
6RRC-D-A	Positive	0.0608783	0.939122
6WUD-B-A	Positive	0.197911	0.802089
6M93-C-A	Positive	0.0766868	0.923313
6QSZ-B-A	Positive	0.0740407	0.925959
6QSZ-H-C	Positive	0.0922627	0.907737
6QSZ-L-G	Positive	0.0630294	0.936971
6QSZ-J-I	Positive	0.156745	0.843255
6RJP-C-A	Positive	0.0651131	0.934887
6SI7-F-P	Positive	0.3503	0.6497
6BBA-H-A	Positive	0.0724315	0.927568
6ADZ-A-B	Positive	0.168832	0.831168
6ADZ-C-B	Positive	0.117091	0.882909
6ADZ-D-B	Positive	0.469319	0.530681
6F0X-Q-Z	Positive	0.160518	0.839482
6MTV-D-A	Positive	0.198992	0.801008
6MTV-E-B	Positive	0.069748	0.930252
6YQ2-P-A	Positive	0.361571	0.638429
6PJU-B-A	Positive	0.0918357	0.908164
6HE5-K-A	Positive	0.0878395	0.912161
6M7Y-C-A	Positive	0.314541	0.685459
6PYV-C-A	Positive	0.306392	0.693608
6HU7-F-A	Positive	0.0217933	0.978207
6HU7-G-C	Positive	0.0608155	0.939184
6B4J-C-B	Negative	0.749223	0.250777
6KZ1-B-A	Positive	0.137056	0.862944
6J4U-B-A	Positive	0.0643575	0.935642
6ONJ-C-A	Positive	0.179237	0.820763
6IGK-B-A	Negative	0.723895	0.276105
6YBW-F-E	Positive	0.459116	0.540884
6DQL-C-A	Positive	0.249454	0.750546
6ZYM-r-A	Negative	0.762313	0.237687
6ZYM-s-A	Negative	0.84456	0.15544
6ZYM-x-A	Positive	0.057093	0.942907
6A6W-B-A	Positive	0.0963638	0.903636
6PVB-A-B	Positive	0.0389446	0.961055
6PDQ-G-A	Positive	0.0156348	0.984365
6XBF-F-A	Positive	0.104714	0.895286
6KZQ-F-A	Positive	0.0683723	0.931628
6L0V-B-A	Positive	0.161252	0.838748
6L0V-H-A	Positive	0.161252	0.838748
6UJ9-C-A	Positive	0.102619	0.897381
6MBD-C-A	Negative	0.705539	0.294461
6RXK-B-A	Positive	0.0258343	0.974166
6A0H-C-A	Positive	0.0209693	0.979031
6A0H-D-B	Positive	0.0632516	0.936748
6Z3M-S-c	Positive	0.352226	0.647774
6PXR-A-L	Positive	0.0311821	0.968818
6ROY-D-A	Positive	0.0307814	0.969219
6ZVH-e-X	Positive	0.448818	0.551182
6Z00-C-A	Negative	0.653795	0.346205
6G8L-P-A	Positive	0.374632	0.625368
6TRR-B-A	Positive	0.0847045	0.915295
6F08-K-A	Positive	0.0812502	0.91875
6F08-N-A	Positive	0.0993347	0.900665
6F08-Q-A	Positive	0.15459	0.84541
6F08-D-B	Positive	0.0923829	0.907617
6GBE-B-A	Positive	0.0301564	0.969844
6MJE-B-A	Positive	0.266107	0.733893
6SK2-D-A	Positive	0.404789	0.595211
6SK2-F-B	Positive	0.404789	0.595211
6TKL-I-H	Positive	0.203997	0.796003
6HLT-B-A	Positive	0.0335978	0.966402
6K61-J-A	Negative	0.696688	0.303312
6K61-X-B	Negative	0.709524	0.290476
6K61-M-B	Positive	0.0239617	0.976038
6QW4-P-A	Positive	0.390673	0.609327
6SYI-B-A	Positive	0.0143025	0.985697
6X1W-A-H	Positive	0.0230481	0.976952
6BGA-E-A	Positive	0.16874	0.83126
6ISO-C-A	Positive	0.157533	0.842467
6ISO-L-E	Positive	0.176148	0.823852
6TMI-C-G	Negative	0.838894	0.161106
6TMI-R-A	Negative	0.790892	0.209108
6RDD-T-1	Negative	0.779174	0.220826
6MJL-A-B	Positive	0.0142566	0.985743
6JZN-G-C	Positive	0.0343956	0.965604
6JZN-H-D	Positive	0.0331817	0.966818
6FY3-Z-X	Positive	0.0971394	0.902861
6FY3-P-Y	Positive	0.0827333	0.917267
6JJK-G-A	Positive	0.110158	0.889842
6JJK-L-F	Positive	0.0352735	0.964726
6ENB-B-A	Positive	0.23325	0.76675
6YX2-C-A	Positive	0.221935	0.778065
6OD0-D-A	Positive	0.0659876	0.934012
6IUI-D-A	Positive	0.0648664	0.935134
6IUI-C-B	Positive	0.0592721	0.940728
6CHT-C-A	Positive	0.0181798	0.98182
6CHT-L-J	Positive	0.0166235	0.983376
6U8M-C-B	Positive	0.472512	0.527488
6O7W-b-c	Positive	0.411201	0.588799
6Z7Z-H-A	Positive	0.0561564	0.943844
6Z7Z-F-C	Positive	0.358512	0.641488
6YIF-C-A	Positive	0.0794077	0.920592
6TDW-A-H	Positive	0.414191	0.585809
6TDW-M-H	Negative	0.782108	0.217892
6TDW-N-H	Positive	0.409697	0.590303
6TDW-T-H	Positive	0.375137	0.624863
6C6K-C-A	Positive	0.367404	0.632596
6U2F-B-A	Positive	0.0526161	0.947384
6QMQ-A-B	Positive	0.269802	0.730198
6LQH-a-A	Positive	0.3503	0.6497
6YLY-s-O	Positive	0.184509	0.815491
6B77-A-B	Positive	0.100248	0.899752
6PUW-D-A	Negative	0.736089	0.263911
6GB5-E-A	Negative	0.700806	0.299194
6G6X-P-A	Positive	0.452205	0.547795
6Y44-P-A	Positive	0.236673	0.763327
6WHC-C-B	Positive	0.485007	0.514993
6WHC-E-R	Positive	0.38804	0.61196
6V2H-B-A	Positive	0.0794488	0.920551
6V2H-F-A	Positive	0.0794488	0.920551
6V2H-H-E	Positive	0.302847	0.697153
6SLN-Q-A	Positive	0.0389277	0.961072
6JWJ-C-A	Negative	0.514978	0.485022
6NBF-P-R	Positive	0.418711	0.581289
6MON-C-A	Positive	0.173435	0.826565
6MON-D-B	Positive	0.0725847	0.927415
6F41-I-A	Negative	0.603566	0.396434
6F41-Q-A	Negative	0.868169	0.131831
6AP1-G-A	Positive	0.0520217	0.947978
6EJD-B-A	Positive	0.346783	0.653217
6WR2-F-M	Positive	0.0585268	0.941473
6VI1-M-D	Positive	0.121972	0.878028
6J7B-B-A	Positive	0.196891	0.803109
6A0F-C-A	Positive	0.0339565	0.966044
6CRP-D-A	Positive	0.0533562	0.946644
6H9G-B-A	Positive	0.148395	0.851605
6ROZ-B-A	Positive	0.0631099	0.93689
6UAI-B-S	Positive	0.0100205	0.98998
6TT7-I-G	Negative	0.652797	0.347203
6TT7-Q-K	Negative	0.681718	0.318282
6TT7-O-1	Negative	0.715955	0.284045
6O8Y-4-E	Positive	0.279986	0.720014
6O8Y-6-G	Positive	0.235241	0.764759
6O8Y-3-5	Negative	0.641567	0.358433
6B0X-a-A	Positive	0.0230324	0.976968
6B0X-b-B	Positive	0.0440702	0.95593
6B0X-c-B	Positive	0.0322751	0.967725
6DFF-L-G	Positive	0.147509	0.852491
6UCV-B-A	Negative	0.566904	0.433096
6UCV-C-A	Positive	0.239278	0.760722
6UCV-D-A	Negative	0.616796	0.383204
6UCV-E-A	Positive	0.101819	0.898181
6UCV-L-I	Negative	0.656238	0.343762
6GGM-P-A	Positive	0.185621	0.814379
6KU0-B-A	Positive	0.0540234	0.945977
6KU0-D-C	Positive	0.0540234	0.945977
6I2B-D-A	Positive	0.0836524	0.916348
6HM3-B-A	Positive	0.458429	0.541571
6RWY-k-d	Positive	0.498687	0.501313
6KZG-C-A	Positive	0.096889	0.903111
6VQA-M-A	Negative	0.742239	0.257761
6QG8-B-A	Positive	0.086101	0.913899
6RBD-e-J	Positive	0.373285	0.626715
6RBD-d-i	Negative	0.771342	0.228658
6TIP-P-A	Positive	0.313861	0.686139
6WW9-X-A	Negative	0.695029	0.304971
6WW9-Y-A	Positive	0.194745	0.805255
6Z7N-4-A	Negative	0.740998	0.259002
6Z7N-8-A	Positive	0.159872	0.840128
6Z7N-2-D	Positive	0.160127	0.839873
6Z7N-5-D	Negative	0.679179	0.320821
6Z7N-N-E	Positive	0.0576961	0.942304
6Z7N-Q-F	Negative	0.674298	0.325702
6Z7N-R-F	Negative	0.627496	0.372504
6Z7N-0-G	Positive	0.0471731	0.952827
6Z7N-3-G	Positive	0.127695	0.872305
6Z7N-7-G	Positive	0.11238	0.88762
6Z7N-1-J	Positive	0.497252	0.502748
6Z7N-X-M	Positive	0.190713	0.809287
6ZP4-T-c	Negative	0.544764	0.455236
6ATZ-E-A	Positive	0.0222806	0.977719
6XXS-C-A	Positive	0.153886	0.846114
6XXS-D-A	Positive	0.35693	0.64307
6FVO-H-A	Positive	0.165596	0.834404
6WEG-P-D	Positive	0.159333	0.840667
6FKY-C-A	Positive	0.0418287	0.958171
6EXJ-B-A	Positive	0.0387736	0.961226
6BW1-C-E	Positive	0.200121	0.799879
6ZIU-8-a	Negative	0.633729	0.366271
6ZIU-j-a	Negative	0.546555	0.453445
6ZIU-e-f	Positive	0.132853	0.867147
6TCJ-C-A	Positive	0.451146	0.548854
6YMY-m-a	Positive	0.215506	0.784494
6QNN-B-A	Positive	0.0857087	0.914291
6Y3W-B-A	Positive	0.0433875	0.956613
6S0Z-Z-L	Negative	0.626291	0.373709
6S0Z-1-3	Negative	0.663194	0.336806
6AR2-C-A	Positive	0.0308184	0.969182
6SBX-B-A	Positive	0.216775	0.783225
6HN5-B-E	Positive	0.0631467	0.936853
6VQ6-c-b	Negative	0.725336	0.274664
6IKG-F-A	Positive	0.0101904	0.98981
6BIX-C-A	Positive	0.146702	0.853298
6UYU-B-A	Positive	0.0269602	0.97304
6UYU-D-A	Positive	0.0347307	0.965269
6G04-B-A	Positive	0.0994193	0.900581
6HLN-B-A	Positive	0.300741	0.699259
6RHZ-J-2	Negative	0.737631	0.262369
6Q69-B-A	Positive	0.310281	0.689719
6Q1U-C-A	Positive	0.371045	0.628955
6RXO-C-A	Positive	0.0379213	0.962079
6RXO-D-A	Positive	0.0772505	0.922749
6F34-C-A	Positive	0.249088	0.750912
6H41-B-A	Positive	0.0923485	0.907652
6DM4-E-A	Positive	0.490244	0.509756
6DM4-G-C	Positive	0.295288	0.704712
6SF6-C-H	Positive	0.170007	0.829993
6BHG-B-A	Positive	0.060656	0.939344
6ZXF-e-J	Positive	0.310451	0.689549
6ATH-C-A	Positive	0.217866	0.782134
6RM9-C-A	Positive	0.256108	0.743892
6Y7V-B-A	Positive	0.0711813	0.928819
6QTT-B-A	Negative	0.589733	0.410267
6GK7-A-L	Positive	0.155001	0.844999
6Q01-C-A	Positive	0.0747059	0.925294
6Q01-D-A	Positive	0.0747059	0.925294
6YEZ-J-A	Negative	0.670304	0.329696
6SOS-R-A	Positive	0.381848	0.618152
6SOS-P-B	Positive	0.424315	0.575685
6TON-B-A	Positive	0.107191	0.892809
6LYU-C-D	Positive	0.276079	0.723921
6BXG-B-A	Positive	0.066526	0.933474
6OYL-B-A	Positive	0.441751	0.558249
6YB5-C-A	Negative	0.609072	0.390928
6YB5-D-A	Negative	0.723066	0.276934
6R51-E-B	Negative	0.704547	0.295453
6CNL-M-A	Positive	0.0335969	0.966403
6CNL-X-A	Positive	0.0145289	0.985471
6CNL-P-C	Positive	0.0335969	0.966403
6CNL-Q-F	Positive	0.0208036	0.979196
6TNN-t-a	Positive	0.0351073	0.964893
6TNN-q-s	Positive	0.431382	0.568618
6IDF-E-A	Positive	0.493489	0.506511
6B5O-A-H	Positive	0.139736	0.860264
6J8F-A-B	Positive	0.0250461	0.974954
6J8F-C-B	Positive	0.122417	0.877583
6N5W-A-C	Positive	0.126642	0.873358
6N5W-B-C	Positive	0.053551	0.946449
6LSQ-A-B	Negative	0.628456	0.371544
6UYX-D-C	Positive	0.0276998	0.9723
6UYX-B-A	Positive	0.0292382	0.970762
6A8G-P-A	Positive	0.4547	0.5453
6A8G-E-B	Positive	0.4547	0.5453
6G5F-P-B	Positive	0.103559	0.896441
6HGI-B-A	Positive	0.0998379	0.900162
6O23-E-A	Positive	0.0811925	0.918808
6ULP-C-A	Positive	0.0405914	0.959409
6H5U-H-B	Positive	0.234545	0.765455
6KMJ-C-A	Positive	0.136979	0.863021
6DNQ-C-D	Positive	0.0532001	0.9468
6DNQ-A-B	Positive	0.0636888	0.936311
6M7B-C-A	Negative	0.67031	0.32969
6VP9-C-A	Positive	0.179179	0.820821
6OX4-Y-A	Positive	0.156794	0.843206
6I2C-B-A	Positive	0.196791	0.803209
6J2E-C-A	Positive	0.0466099	0.95339
6G0Y-H-F	Positive	0.0432951	0.956705
6G0Y-G-E	Positive	0.0847193	0.915281
6TWN-C-A	Positive	0.0874161	0.912584
6TDV-B-H	Positive	0.119213	0.880787
6O51-C-A	Positive	0.16948	0.83052
6ILQ-B-A	Positive	0.020827	0.979173
6SMG-D-A	Positive	0.161271	0.838729
6J9J-B-A	Positive	0.345503	0.654497
6B3Q-a-A	Positive	0.0555272	0.944473
6B3Q-b-B	Positive	0.018723	0.981277
6MUE-B-A	Positive	0.0254381	0.974562
6B5M-A-H	Positive	0.0774415	0.922559
6VDB-H-A	Positive	0.419755	0.580245
6XRR-J-E	Positive	0.107022	0.892978
6XRR-G-D	Negative	0.642466	0.357534
6XRR-L-H	Negative	0.515053	0.484947
6ULI-C-A	Positive	0.055738	0.944262
6C0A-B-A	Positive	0.404674	0.595326
6G85-C-A	Positive	0.186899	0.813101
6K5T-B-A	Positive	0.0644651	0.935535
6X5V-B-A	Positive	0.0850631	0.914937
6ULQ-D-A	Positive	0.499999	0.500001
6ZIT-8-a	Negative	0.650476	0.349524
6ZIT-k-a	Positive	0.166569	0.833431
6ZIT-L-a	Positive	0.28377	0.71623
6NDY-G-A	Positive	0.0219648	0.978035
6Q36-C-A	Positive	0.10979	0.89021
6YVH-C-A	Positive	0.363451	0.636549
6YVH-G-D	Positive	0.23227	0.76773
6JNF-B-A	Negative	0.750601	0.249399
6JNF-C-A	Negative	0.742961	0.257039
6JNF-D-A	Positive	0.361619	0.638381
6KMF-D-B	Negative	0.811309	0.188691
6Y9Q-D-B	Positive	0.2662	0.7338
6DSZ-C-A	Positive	0.420173	0.579827
6D2B-C-A	Positive	0.0444101	0.95559
6OMM-L-R	Positive	0.0471545	0.952845
6A6H-C-A	Positive	0.240402	0.759598
6L07-I-A	Positive	0.125712	0.874288
6L07-P-C	Positive	0.125712	0.874288
6L07-M-G	Positive	0.150911	0.849089
6E3Y-G-B	Positive	0.35443	0.64557
6E3Y-P-R	Negative	0.867477	0.132523
6WG2-P-H	Positive	0.0773236	0.922676
6KF9-P-B	Positive	0.414164	0.585836
6OP8-B-A	Positive	0.04771	0.95229
6FKP-E-A	Positive	0.0271018	0.972898
6FKP-G-C	Positive	0.0320821	0.967918
6KAD-F-A	Negative	0.63232	0.36768
6KAD-I-A	Positive	0.479093	0.520907
6KAD-J-A	Positive	0.196177	0.803823
6KAD-L-A	Negative	0.765426	0.234574
6KAD-T-A	Negative	0.612927	0.387073
6KAD-M-B	Positive	0.443043	0.556957
6KAD-V-C	Positive	0.229644	0.770356
6KAD-X-D	Positive	0.467595	0.532405
6BD1-C-A	Positive	0.0436203	0.95638
6BD1-D-B	Positive	0.0444148	0.955585
6DIG-C-A	Positive	0.0628112	0.937189
6HL5-S-A	Positive	0.0670844	0.932916
6ZKU-V-M	Negative	0.793887	0.206113
6J68-C-A	Negative	0.742357	0.257643
6J68-D-B	Positive	0.1513	0.8487
6BXP-C-A	Positive	0.0636451	0.936355
6F0H-B-A	Positive	0.393504	0.606496
6F0H-D-A	Positive	0.0298415	0.970159
6VRY-G-L	Positive	0.112086	0.887914
6LY9-K-N	Positive	0.0817278	0.918272
6LY9-L-N	Positive	0.078323	0.921677
6GY5-U-A	Positive	0.135572	0.864428
6G55-D-A	Positive	0.305137	0.694863
6WMQ-E-A	Positive	0.247954	0.752046
6WMQ-F-A	Positive	0.171303	0.828697
6FMP-C-A	Positive	0.192939	0.807061
6DN5-B-A	Positive	0.0942005	0.9058
6U6K-C-A	Positive	0.443603	0.556397
6AU8-C-A	Positive	0.319989	0.680011
6V4H-B-A	Positive	0.0498344	0.950166
6V4H-D-A	Positive	0.204181	0.795819
6MF5-C-A	Positive	0.17447	0.82553
6X5L-B-A	Negative	0.528868	0.471132
6Q0M-C-A	Positive	0.0574817	0.942518
6TTU-I-T	Positive	0.0772795	0.92272
6PSD-F-E	Positive	0.0674527	0.932547
6PSD-D-C	Positive	0.0485011	0.951499
6PSD-B-C	Positive	0.175116	0.824884
6PSD-H-G	Positive	0.037509	0.962491
6PSD-J-I	Positive	0.0783788	0.921621
6PSD-N-K	Positive	0.0958901	0.90411
6GC3-B-A	Positive	0.0652514	0.934749
6SJZ-F-A	Negative	0.606894	0.393106
6SJZ-E-B	Negative	0.545346	0.454654
6NXF-V-A	Positive	0.141578	0.858422
6NXF-U-A	Positive	0.0568199	0.94318
6FVL-H-A	Positive	0.165596	0.834404
6FVL-I-B	Positive	0.165596	0.834404
6OT3-6-A	Positive	0.138651	0.861349
6XRF-I-G	Positive	0.280555	0.719445
6WGZ-C-B	Positive	0.187928	0.812072
6HC0-A-B	Positive	0.0758065	0.924193
6W1Q-t-B	Negative	0.501566	0.498434
6W1Q-i-a	Positive	0.272254	0.727746
6W1Q-r-e	Positive	0.237188	0.762812
6SCS-P-A	Positive	0.0674567	0.932543
6SCS-Q-A	Positive	0.0717025	0.928298
6SCS-S-D	Positive	0.0764567	0.923543
6X2S-D-C	Positive	0.0187876	0.981212
6DCW-T-L	Positive	0.141516	0.858484
6QRM-C-A	Positive	0.209096	0.790904
6QRM-D-B	Positive	0.0746946	0.925305
6T4C-D-A	Positive	0.185225	0.814775
6O53-C-A	Positive	0.163388	0.836612
6CHG-E-B	Positive	0.118135	0.881865
6CHG-F-B	Negative	0.697724	0.302276
6CHG-J-C	Positive	0.0444554	0.955545
6V7S-D-C	Positive	0.0372123	0.962788
6BNH-B-A	Positive	0.124616	0.875384
6CDG-B-A	Positive	0.337661	0.662339
6RW2-B-A	Positive	0.410891	0.589109
6XMN-B-A	Positive	0.292819	0.707181
6D1U-D-A	Positive	0.0630319	0.936968
6D1U-E-A	Positive	0.104756	0.895244
6H9J-D-A	Positive	0.0459801	0.95402
6V9Z-C-A	Positive	0.0842476	0.915752
6V9Z-D-A	Positive	0.0635918	0.936408
6DDD-O-Q	Negative	0.742422	0.257578
6V7R-D-C	Positive	0.0318458	0.968154
6LMK-E-R	Positive	0.486723	0.513277
6GBU-E-C	Negative	0.601071	0.398929
6FKQ-B-A	Negative	0.533778	0.466222
6VQ2-C-A	Positive	0.0367642	0.963236
6Y18-B-A	Positive	0.0454745	0.954526
6EWW-E-A	Positive	0.0592627	0.940737
6EWW-H-A	Positive	0.134548	0.865452
6U3M-F-C	Positive	0.139198	0.860802
6SS7-C-A	Positive	0.0674086	0.932591
6FBW-B-A	Positive	0.196113	0.803887
6Z13-P-V	Positive	0.179878	0.820122
6KO2-B-A	Positive	0.0815627	0.918437
6EZI-B-A	Positive	0.107802	0.892198
6DTG-B-A	Positive	0.213799	0.786201
6AM0-C-A	Positive	0.343903	0.656097
6AM0-G-D	Negative	0.536578	0.463422
6FF3-B-A	Positive	0.0605596	0.93944
6CQN-C-A	Positive	0.0367943	0.963206
6MJ8-C-A	Negative	0.516394	0.483606
6L4U-J-A	Positive	0.382929	0.617071
6L4U-M-B	Positive	0.11186	0.88814
6XFL-B-A	Negative	0.603004	0.396996
6QDT-B-A	Positive	0.219042	0.780958
6TNO-B-A	Positive	0.202423	0.797577
6TNO-F-E	Positive	0.0523757	0.947624
6SEO-L-A	Positive	0.376121	0.623879
6LN4-B-A	Positive	0.196671	0.803329
6ZIQ-O-a	Negative	0.701852	0.298148
6WSG-S-B	Positive	0.0426808	0.957319
6U74-E-A	Positive	0.202789	0.797211
6Y4Q-C-A	Positive	0.155436	0.844564
6G0O-B-A	Positive	0.227605	0.772395
6AZL-E-A	Positive	0.0511281	0.948872
6MTM-C-A	Positive	0.174577	0.825423
6UYZ-B-A	Positive	0.0276998	0.9723
6LHF-C-A	Positive	0.0920454	0.907955
6BZ3-B-A	Positive	0.105605	0.894395
6BZ3-D-A	Positive	0.0812269	0.918773
6RFR-c-Q	Positive	0.108058	0.891942
6QNP-H-A	Positive	0.0747087	0.925291
6QNP-K-B	Positive	0.0448172	0.955183
6QNP-J-C	Negative	0.657805	0.342195
6ULS-B-A	Positive	0.106312	0.893688
6BRS-F-A	Negative	0.75579	0.24421
6BRS-C-A	Positive	0.138379	0.861621
6MJB-C-A	Positive	0.378571	0.621429
6OM0-y-C	Positive	0.257337	0.742663
6OM0-n-J	Positive	0.301063	0.698937
6Y8B-P-A	Positive	0.360484	0.639516
6GMZ-B-A	Positive	0.013953	0.986047
6CV5-D-A	Negative	0.675317	0.324683
6TOG-B-A	Positive	0.107191	0.892809
6EJA-B-A	Positive	0.0336887	0.966311
6EJ7-B-A	Positive	0.0177983	0.982202
6J9M-F-B	Positive	0.0561848	0.943815
6J9M-A-C	Positive	0.0187217	0.981278
6GQN-C-A	Positive	0.119153	0.880847
6GQN-G-A	Positive	0.140453	0.859547
6O7T-b-c	Negative	0.70292	0.29708
6PGK-J-A	Negative	0.620914	0.379086
6PGK-K-A	Negative	0.562825	0.437175
6PGK-X-B	Positive	0.29229	0.70771
6PGK-V-H	Negative	0.512528	0.487472
6PGK-g-H	Negative	0.562825	0.437175
6PGK-j-Z	Positive	0.29229	0.70771
6UZS-C-A	Positive	0.108653	0.891347
6GEC-L-A	Positive	0.181562	0.818438
6JJX-C-A	Positive	0.0333863	0.966614
6JJX-D-B	Positive	0.382488	0.617512
6LDV-P-H	Positive	0.106293	0.893707
6T36-B-A	Positive	0.0688172	0.931183
6ZUF-C-A	Positive	0.0134088	0.986591
6ZUF-D-B	Positive	0.0134088	0.986591
6RQX-B-A	Positive	0.0176134	0.982387
6MTT-P-L	Positive	0.0733292	0.926671
6TYW-B-A	Positive	0.0415938	0.958406
6XAW-B-A	Positive	0.0461611	0.953839
6J2F-C-A	Positive	0.260141	0.739859
6XI2-H-A	Positive	0.0107422	0.989258
6OX2-Y-A	Positive	0.164888	0.835112
6RU6-C-A	Positive	0.0879748	0.912025
6S1R-B-A	Positive	0.135009	0.864991
6YB3-C-A	Positive	0.263737	0.736263
6YB3-D-A	Negative	0.524677	0.475323
6FOS-J-2	Positive	0.40185	0.59815
6FOS-K-3	Negative	0.682004	0.317996
6HVO-E-A	Positive	0.0446253	0.955375
6HVO-D-B	Positive	0.0310805	0.968919
6HVO-F-C	Positive	0.00582426	0.994176
6NK2-C-A	Positive	0.410691	0.589309
6NK2-D-A	Positive	0.410691	0.589309
6Q67-B-A	Positive	0.0476715	0.952329
6GB1-B-A	Positive	0.252655	0.747345
6VDK-M-A	Negative	0.602006	0.397994
6KX9-C-A	Positive	0.0370826	0.962917
6T2D-B-A	Positive	0.360105	0.639895
6BB4-P-L	Positive	0.431044	0.568956
6K71-M-P	Positive	0.158952	0.841048
6RD6-T-2	Negative	0.819563	0.180437
6GHN-P-A	Positive	0.232416	0.767584
6BGH-B-A	Positive	0.0479057	0.952094
6RH6-B-A	Positive	0.0297551	0.970245
6KLR-B-A	Positive	0.0995195	0.900481
6YSF-A-E	Negative	0.514858	0.485142
6YSF-B-E	Positive	0.0519169	0.948083
6YKM-F-A	Negative	0.865478	0.134522
6PNJ-J-A	Negative	0.72618	0.27382
6PNJ-K-A	Negative	0.566287	0.433713
6PNJ-X-B	Positive	0.0958933	0.904107
6IWG-C-A	Positive	0.0425901	0.95741
6ZKX-C-A	Positive	0.183395	0.816605
6RKO-H-A	Positive	0.134102	0.865898
6RKO-X-A	Positive	0.256374	0.743626
6L66-C-A	Positive	0.195301	0.804699
6NJZ-C-A	Positive	0.412345	0.587655
6NJZ-D-B	Positive	0.412345	0.587655
6AD0-D-A	Negative	0.697489	0.302511
6GYT-C-A	Positive	0.0418948	0.958105
6JBK-B-A	Positive	0.055247	0.944753
6XVT-G-A	Negative	0.737275	0.262725
6YN1-J-A	Positive	0.129858	0.870142
6YN1-E-C	Positive	0.17601	0.82399
6YN1-n-C	Positive	0.128513	0.871487
6YN1-O-M	Positive	0.189598	0.810402
6YN1-d-R	Positive	0.206455	0.793545
6LRA-C-H	Positive	0.266558	0.733442
6S3F-B-A	Positive	0.118467	0.881533
6QFI-B-A	Positive	0.0510825	0.948918
6SB0-O-A	Positive	0.0919446	0.908055
6Y9N-B-A	Positive	0.128941	0.871059
6I2A-D-A	Positive	0.0894589	0.910541
6EPF-Y-S	Positive	0.0866798	0.91332
6YGC-D-A	Positive	0.392357	0.607643
6DNO-B-A	Positive	0.150994	0.849006
6JY4-L-A	Positive	0.486587	0.513413
6JY4-M-A	Negative	0.762982	0.237018
6VGQ-U-N	Positive	0.281986	0.718014
6VB7-C-A	Positive	0.132388	0.867612
6XSN-C-H	Negative	0.779107	0.220893
6ZBU-C-A	Positive	0.138663	0.861337
6ZBU-D-A	Positive	0.35693	0.64307
6ZBU-G-E	Positive	0.138663	0.861337
6ZBU-H-E	Positive	0.35693	0.64307
6PEN-G-A	Positive	0.36675	0.63325
6HA6-D-A	Positive	0.358544	0.641456
6V7K-X-A	Positive	0.0516805	0.948319
6Q98-6-D	Positive	0.0196394	0.980361
6GWS-E-A	Positive	0.0529394	0.947061
6GWS-F-A	Positive	0.0584273	0.941573
6GWS-D-B	Positive	0.0671212	0.932879
6ZC9-E-A	Positive	0.488333	0.511667
6ZC9-F-B	Positive	0.0816885	0.918311
6RWK-D-X	Negative	0.53638	0.46362
6M2M-M-A	Positive	0.026858	0.973142
6M2M-N-C	Positive	0.065821	0.934179
6DB7-P-H	Positive	0.0643967	0.935603
6M9F-B-A	Positive	0.0514006	0.948599
6BW4-B-C	Positive	0.0264861	0.973514
6J2G-C-A	Positive	0.126859	0.873141
6PW8-B-A	Positive	0.031959	0.968041
6WG1-C-A	Positive	0.0835666	0.916433
6D2T-C-A	Positive	0.250058	0.749942
6HGN-B-A	Positive	0.23298	0.76702
6B23-a-A	Positive	0.410761	0.589239
6B23-c-B	Positive	0.177713	0.822287
6D3O-C-A	Positive	0.0246076	0.975392
6D3O-D-A	Positive	0.22123	0.77877
6YOS-C-A	Positive	0.23052	0.76948
6J8O-A-B	Negative	0.70891	0.29109
6J8O-C-B	Positive	0.133744	0.866256
6IAC-L-A	Positive	0.234048	0.765952
6EI2-C-A	Positive	0.136932	0.863068
6T46-B-A	Positive	0.0692654	0.930735
6MIQ-C-A	Positive	0.0424138	0.957586
6QSY-P-A	Positive	0.326415	0.673585
6R50-D-A	Positive	0.062262	0.937738
6ZBI-B-A	Negative	0.591538	0.408462
6SPB-4-T	Positive	0.201308	0.798692
6PPO-D-A	Positive	0.130751	0.869249
6IU7-B-A	Positive	0.159859	0.840141
6RJL-P-A	Positive	0.421565	0.578435
6KVA-b-h	Positive	0.0379254	0.962075
6IWD-B-A	Positive	0.10591	0.89409
6H2A-H-A	Positive	0.0797096	0.92029
6RQH-L-Q	Negative	0.555645	0.444355
6B67-D-A	Positive	0.180404	0.819596
6NIY-P-R	Negative	0.797065	0.202935
6XA6-C-B	Positive	0.00832464	0.991675
6XA6-D-B	Positive	0.0388833	0.961117
6FQ4-B-A	Positive	0.220586	0.779414
6W00-P-L	Positive	0.159966	0.840034
6GRH-A-1	Positive	0.159726	0.840274
6CQR-C-A	Positive	0.0367943	0.963206
6JX3-A-B	Positive	0.0612479	0.938752
6D8C-N-H	Positive	0.0024317	0.997568
6M2J-C-A	Positive	0.387696	0.612304
6AYN-F-A	Positive	0.0511281	0.948872
6X23-B-A	Positive	0.175255	0.824745
6TYX-C-A	Positive	0.131496	0.868504
6TYX-D-B	Positive	0.0347835	0.965217
6JOZ-C-A	Positive	0.0623286	0.937671
6JUE-A-L	Positive	0.32889	0.67111
6YBU-C-A	Positive	0.117705	0.882295
6YBU-D-A	Positive	0.214339	0.785661
6YBU-I-G	Negative	0.538075	0.461925
6YBU-J-G	Negative	0.776138	0.223862
6HC8-E-A	Positive	0.342555	0.657445
6S24-F-A	Positive	0.126708	0.873292
6B4G-B-A	Negative	0.737219	0.262781
6B4G-H-G	Negative	0.77654	0.22346
6P8U-C-B	Positive	0.0984864	0.901514
6A3A-D-C	Positive	0.0751866	0.924813
6S1U-I-A	Positive	0.178331	0.821669
6P2F-C-A	Positive	0.0623337	0.937666
6ZMT-i-D	Positive	0.104439	0.895561
6GCS-c-Q	Negative	0.6149	0.3851
6OA9-K-A	Negative	0.579539	0.420461
6WMS-E-A	Positive	0.0332658	0.966734
6ZCJ-P-A	Negative	0.584996	0.415004
6MBE-B-A	Positive	0.0957943	0.904206
6S9L-C-A	Positive	0.0434935	0.956507
6SND-C-A	Positive	0.0437277	0.956272
6ERH-M-A	Positive	0.191417	0.808583
6ERH-T-C	Positive	0.392883	0.607117
6WMF-B-A	Negative	0.511901	0.488099
6ZR5-C-A	Positive	0.130079	0.869921
6ZR5-D-A	Positive	0.398396	0.601604
6CDM-C-A	Positive	0.0486392	0.951361
6QDR-B-A	Positive	0.314273	0.685727
6NPZ-F-A	Positive	0.353273	0.646727
6Z5R-C-D	Negative	0.512291	0.487709
6Z5R-E-D	Negative	0.512291	0.487709
6Z5R-A-D	Negative	0.512291	0.487709
6Z5R-I-F	Positive	0.493211	0.506789
6Z5R-J-G	Negative	0.512291	0.487709
6Z5R-K-G	Positive	0.493211	0.506789
6Z5R-7-H	Negative	0.512291	0.487709
6Z5R-T-M	Positive	0.396363	0.603637
6Z5R-Y-M	Negative	0.512291	0.487709
6Z5R-S-Q	Positive	0.364272	0.635728
6TKG-I-H	Positive	0.203997	0.796003
6X18-P-R	Positive	0.258889	0.741111
6S7L-C-A	Positive	0.102351	0.897649
6CBP-P-A	Positive	0.32015	0.67985
6UUN-P-E	Negative	0.869416	0.130584
6ILG-C-A	Positive	0.137173	0.862827
6VB0-C-A	Positive	0.101186	0.898814
6FCP-P-A	Positive	0.248376	0.751624
6GMG-C-A	Positive	0.10632	0.89368
6GMG-D-B	Positive	0.105268	0.894732
6EOT-F-A	Positive	0.126413	0.873587
6NFJ-C-A	Positive	0.0802605	0.91974
6Z0M-B-A	Negative	0.6167	0.3833
6Z0M-E-A	Negative	0.596555	0.403445
6F0W-S-A	Positive	0.339443	0.660557
6R5B-E-A	Positive	0.0994438	0.900556
6VMC-C-A	Positive	0.279138	0.720862
6L35-J-A	Positive	0.467261	0.532739
6L35-M-B	Positive	0.0408773	0.959123
6B0U-D-A	Positive	0.111192	0.888808
6B0U-E-B	Positive	0.0228527	0.977147
6QTQ-B-A	Positive	0.165481	0.834519
6H06-I-H	Positive	0.0801746	0.919825
6H06-G-H	Positive	0.045191	0.954809
6H06-K-A	Positive	0.0281959	0.971804
6UGF-G-A	Positive	0.406978	0.593022
6BYH-E-A	Negative	0.555761	0.444239
6BYH-I-G	Positive	0.0676543	0.932346
6X6Q-B-A	Positive	0.27609	0.72391
6MAK-B-A	Positive	0.222595	0.777405
6SK3-C-A	Negative	0.545346	0.454654
6AY9-B-A	Positive	0.270811	0.729189
6UYR-B-A	Positive	0.158556	0.841444
6Y39-D-E	Positive	0.0255833	0.974417
6Y39-G-H	Positive	0.0328965	0.967104
6XID-I-B	Positive	0.136093	0.863907
6EF5-P-A	Positive	0.152711	0.847289
6EF5-Q-B	Positive	0.090934	0.909066
6F5P-G-A	Positive	0.24833	0.75167
6YMO-C-A	Positive	0.252856	0.747144
6YMO-D-B	Positive	0.125162	0.874838
6WNX-C-A	Positive	0.0451458	0.954854
6SPF-u-b	Positive	0.0362854	0.963715
6KMH-C-A	Negative	0.634321	0.365679
6F4S-B-A	Positive	0.0434431	0.956557
6KM7-C-A	Positive	0.162823	0.837177
6KM7-D-A	Positive	0.279432	0.720568
6UJ8-C-A	Positive	0.193436	0.806564
6SMQ-C-A	Positive	0.0523065	0.947694
6I42-B-A	Positive	0.455992	0.544008
6MEW-B-A	Negative	0.819625	0.180375
6MEW-D-A	Negative	0.766151	0.233849
6WK2-Y-A	Positive	0.216978	0.783022
6NK0-C-A	Positive	0.221379	0.778621
6G84-D-A	Positive	0.387839	0.612161
6G84-C-B	Positive	0.326702	0.673298
6Y6B-C-A	Positive	0.245507	0.754493
6ZBT-E-A	Positive	0.144376	0.855624
6ZBT-G-B	Positive	0.227794	0.772206
6JAT-B-A	Positive	0.112802	0.887198
6JAT-D-C	Positive	0.22162	0.77838
6HLB-B-A	Positive	0.164669	0.835331
6TSC-B-A	Positive	0.192368	0.807632
6PJA-B-A	Positive	0.0194052	0.980595
6W05-P-H	Positive	0.159966	0.840034
6GVL-B-A	Positive	0.0522627	0.947737
6L8G-A-B	Positive	0.215572	0.784428
6YO8-E-A	Positive	0.44959	0.55041
6YO8-G-C	Positive	0.469304	0.530696
6XOV-B-A	Positive	0.0257175	0.974282
6N7I-F-A	Positive	0.179174	0.820826
6SEF-V-A	Positive	0.0496711	0.950329
6FBX-B-A	Positive	0.362571	0.637429
6F4U-D-A	Positive	0.109468	0.890532
6B8J-C-A	Positive	0.0956048	0.904395
6B8H-A-2	Negative	0.57466	0.42534
6B8H-k-a	Positive	0.413378	0.586622
6B8H-I-G	Negative	0.59949	0.40051
6TWY-C-B	Positive	0.156189	0.843811
6PU3-B-A	Positive	0.021704	0.978296
6QS1-F-B	Positive	0.237311	0.762689
6HKS-H-B	Positive	0.0613399	0.93866
6EH2-B-A	Positive	0.203984	0.796016
6TMF-Z-Q	Positive	0.272493	0.727507
6MA4-B-A	Positive	0.027551	0.972449
6HZC-B-A	Positive	0.188314	0.811686
6R8I-B-A	Positive	0.434706	0.565294
6YJ4-k-L	Positive	0.270159	0.729841
6T2F-B-A	Positive	0.163537	0.836463
6C1D-F-B	Positive	0.0383653	0.961635
6IZ8-F-C	Positive	0.168942	0.831058
6V3X-B-A	Positive	0.0425439	0.957456
6XA8-C-B	Positive	0.0388833	0.961117
6Q8I-C-A	Negative	0.718676	0.281324
6Q8I-D-A	Negative	0.563823	0.436177
6Q8I-G-A	Negative	0.618783	0.381217
6Q8I-H-A	Positive	0.215815	0.784185
6Q8I-K-B	Negative	0.634069	0.365931
6Q8I-L-B	Positive	0.474565	0.525435
6Q8I-O-M	Negative	0.781035	0.218965
6WI4-C-B	Positive	0.0471555	0.952845
6T80-G-A	Positive	0.0455488	0.954451
6T80-H-B	Negative	0.541866	0.458134
6T80-E-C	Positive	0.066427	0.933573
6RXQ-E-A	Positive	0.0508719	0.949128
6RXQ-F-A	Positive	0.0344896	0.96551
6RXQ-H-D	Positive	0.0682738	0.931726
6ZXE-e-J	Positive	0.344215	0.655785
6QDV-Z-A	Positive	0.0211217	0.978878
6QDV-z-F	Positive	0.0842437	0.915756
6HBG-D-A	Negative	0.665273	0.334727
6MGQ-D-A	Positive	0.19713	0.80287
6N7Q-C-A	Negative	0.668	0.332
6SI6-A-B	Positive	0.104881	0.895119
6S8S-B-A	Negative	0.544366	0.455634
6S8S-D-A	Negative	0.544366	0.455634
6UAO-B-S	Positive	0.0207831	0.979217
6YGH-E-A	Negative	0.521545	0.478455
6CEZ-P-L	Positive	0.0284994	0.971501
6WNT-A-e	Negative	0.602323	0.397677
6YLD-B-A	Positive	0.0421543	0.957846
6YLD-D-C	Positive	0.0781367	0.921863
6ZMW-i-Z	Negative	0.742004	0.257996
6GG7-C-B	Positive	0.0551443	0.944856
6WK1-Y-A	Positive	0.216978	0.783022
6SQC-B-A	Positive	0.0676164	0.932384
6U3O-I-G	Positive	0.267375	0.732625
6WAV-E-A	Negative	0.626445	0.373555
6WAV-G-A	Positive	0.108878	0.891122
6WAV-F-B	Negative	0.626445	0.373555
6WAV-H-B	Positive	0.0764332	0.923567
6LSD-C-A	Positive	0.06519	0.93481
6GHJ-B-A	Positive	0.12654	0.87346
6G8P-P-A	Positive	0.0551591	0.944841
6KK4-A-B	Negative	0.547986	0.452014
6R2I-B-A	Positive	0.146928	0.853072
6KWO-C-A	Positive	0.0474213	0.952579
6OM4-C-A	Positive	0.161709	0.838291
6E2P-C-A	Positive	0.0760507	0.923949
6E2P-D-B	Positive	0.0869898	0.91301
6J8Y-D-C	Positive	0.104862	0.895138
6QZS-P-A	Positive	0.0319263	0.968074
6QZS-C-B	Positive	0.0467816	0.953218
6C23-E-A	Positive	0.139221	0.860779
6C23-O-K	Positive	0.0262207	0.973779
6C23-B-L	Positive	0.235663	0.764337
6V86-F-A	Positive	0.415075	0.584925
6H9N-B-A	Positive	0.147531	0.852469
6WJ6-F-A	Positive	0.15475	0.84525
6WJ6-I-A	Negative	0.739469	0.260531
6WJ6-L-A	Positive	0.118087	0.881913
6WJ6-T-A	Positive	0.126034	0.873966
6IJO-J-A	Negative	0.740641	0.259359
6JUW-Y-N	Positive	0.111861	0.888139
6PX6-C-A	Positive	0.200137	0.799863
6YR5-O-A	Positive	0.182476	0.817524
6YR5-P-B	Positive	0.30237	0.69763
6YR5-Q-C	Positive	0.21235	0.78765
6YR5-R-D	Positive	0.0543453	0.945655
6PI7-G-A	Positive	0.0146276	0.985372
6ZMR-k-O	Positive	0.255349	0.744651
6ZMR-8-P	Negative	0.538717	0.461283
6ZMR-d-a	Negative	0.837449	0.162551
6ZMR-j-a	Negative	0.578103	0.421897
6NQB-R-F	Positive	0.470479	0.529521
6R00-B-A	Positive	0.474953	0.525047
6NPW-E-D	Positive	0.348055	0.651945
6OPD-C-A	Positive	0.317911	0.682089
6ZVF-P-L	Positive	0.113998	0.886002
6TTK-E-A	Positive	0.0632462	0.936754
6TTK-F-B	Positive	0.160227	0.839773
6U8G-E-A	Positive	0.237204	0.762796
6G4S-k-Q	Positive	0.0245742	0.975426
6YXK-C-A	Positive	0.0562014	0.943799
6VB1-C-A	Positive	0.0840571	0.915943
6ATK-F-C	Positive	0.130903	0.869097
6TKJ-I-H	Positive	0.231462	0.768538
6VPV-J-A	Positive	0.351618	0.648382
6ITU-B-A	Positive	0.0242116	0.975788
6F4V-G-A	Positive	0.0697862	0.930214
6GKG-I-A	Positive	0.102677	0.897323
6GKG-K-B	Positive	0.038076	0.961924
6GKG-M-C	Positive	0.121066	0.878934
6GKG-N-G	Positive	0.0491789	0.950821
6LQJ-a-A	Negative	0.553337	0.446663
6PGQ-B-A	Positive	0.0655732	0.934427
6CRR-D-A	Positive	0.198885	0.801115
6TJB-A-B	Positive	0.334232	0.665768
6PVA-A-B	Negative	0.529724	0.470276
6V2E-B-A	Positive	0.0569506	0.943049
6VBQ-P-H	Positive	0.0559358	0.944064
6VBQ-K-D	Positive	0.0475798	0.95242
6H8Q-G-A	Positive	0.11823	0.88177
6H8Q-H-B	Negative	0.810015	0.189985
6F9W-B-A	Positive	0.271651	0.728349
6TME-C-A	Positive	0.0775201	0.92248
6TWU-C-B	Positive	0.0276626	0.972337
6UEB-B-A	Positive	0.186189	0.813811
6KWL-C-A	Positive	0.337756	0.662244
6UIB-C-A	Positive	0.210604	0.789396
6OKD-D-A	Positive	0.2142	0.7858
6OKD-C-B	Positive	0.0919158	0.908084
6QNX-C-A	Positive	0.319289	0.680711
6RR0-H-A	Positive	0.164549	0.835451
6RR0-I-A	Positive	0.166028	0.833972
6RR0-K-B	Positive	0.21304	0.78696
6RR0-L-C	Positive	0.142646	0.857354
6RR0-N-G	Positive	0.150689	0.849311
6V01-C-B	Positive	0.217943	0.782057
6ZXS-J-A	Negative	0.670304	0.329696
6K08-B-A	Positive	0.328998	0.671002
6L71-C-A	Positive	0.195301	0.804699
6GL1-P-A	Positive	0.0886129	0.911387
6RUP-C-A	Positive	0.181235	0.818765
6ML1-G-A	Positive	0.0636403	0.93636
6SIG-C-B	Negative	0.760747	0.239253
6DU2-C-A	Positive	0.230765	0.769235
6DU2-D-A	Positive	0.102708	0.897292
6U6L-B-A	Positive	0.202789	0.797211
6MT5-C-A	Positive	0.25041	0.74959
6G9Q-P-A	Positive	0.243025	0.756975
6EVN-C-A	Positive	0.0948457	0.905154
6ZK9-q-4	Negative	0.752433	0.247567
6P1Y-A-B	Positive	0.358882	0.641118
6OWT-T-B	Positive	0.198268	0.801732
6V7X-C-A	Negative	0.719053	0.280947
6LXE-B-A	Positive	0.122151	0.877849
6LXE-C-A	Negative	0.668656	0.331344
6WJ7-A-B	Positive	0.181	0.819
6C26-4-A	Positive	0.356244	0.643756
6EJL-C-A	Positive	0.156731	0.843269
6EJL-D-B	Positive	0.350783	0.649217
6RMB-D-A	Positive	0.268235	0.731765
6EVP-C-A	Negative	0.746119	0.253881
6DAE-C-A	Positive	0.108499	0.891501
6DAE-D-B	Positive	0.0766829	0.923317
6JI2-X-A	Positive	0.0656003	0.9344
6ODM-O-C	Positive	0.0414048	0.958595
6PEU-M-A	Positive	0.267278	0.732722
6CS3-D-A	Positive	0.211721	0.788279
6ZVQ-B-A	Positive	0.0509995	0.949
6G0Q-B-A	Positive	0.0464111	0.953589
6H25-I-F	Negative	0.524464	0.475536
6H25-K-G	Positive	0.334333	0.665667
6YNU-B-A	Positive	0.391471	0.608529
6WJQ-C-A	Positive	0.0843201	0.91568
6J4V-B-A	Positive	0.0599725	0.940027
6CE7-O-B	Positive	0.33567	0.66433
6CE7-P-B	Positive	0.121683	0.878317
6U3D-C-A	Positive	0.158119	0.841881
6TA7-G-A	Negative	0.781564	0.218436
6TA7-H-F	Positive	0.372246	0.627754
6QPH-J-2	Negative	0.737631	0.262369
6YQF-D-A	Positive	0.18123	0.81877
6MI7-C-F	Positive	0.293977	0.706023
6BHD-B-A	Positive	0.0195835	0.980417
6KZH-C-A	Positive	0.111079	0.888921
6VQO-P-A	Positive	0.0792605	0.92074
6VEQ-B-E	Positive	0.23836	0.76164
6V3N-C-A	Positive	0.0806968	0.919303
6V3N-D-A	Positive	0.0723215	0.927678
6YR7-C-A	Positive	0.263551	0.736449
6JWN-B-A	Positive	0.115516	0.884484
6JLP-F-A	Positive	0.19996	0.80004
6HPG-a-A	Positive	0.290963	0.709037
6HPG-f-B	Positive	0.216862	0.783138
6TUV-L-A	Positive	0.0559356	0.944064
6MNQ-P-H	Positive	0.21986	0.78014
6H0B-F-B	Positive	0.114145	0.885855
6XZK-B-A	Positive	0.011104	0.988896
6B4I-C-B	Negative	0.777419	0.222581
6B4I-D-B	Negative	0.623484	0.376516
6R16-H-A	Positive	0.252356	0.747644
6R16-I-A	Positive	0.213633	0.786367
6R16-J-A	Positive	0.252356	0.747644
6R16-K-A	Negative	0.869081	0.130919
6WME-B-A	Negative	0.660769	0.339231
6KPD-B-C	Positive	0.297389	0.702611
6W6O-C-A	Positive	0.286159	0.713841
6WBC-B-A	Positive	0.211702	0.788298
6PUZ-D-A	Negative	0.689907	0.310093
6WDT-D-A	Positive	0.431159	0.568841
6B3X-B-A	Positive	0.224587	0.775413
6M8R-K-G	Positive	0.159109	0.840891
6M8R-L-B	Positive	0.0876567	0.912343
6O28-E-A	Positive	0.147186	0.852814
6NUU-C-A	Positive	0.047181	0.952819
6HEP-E-A	Positive	0.125919	0.874081
6DRT-D-A	Positive	0.0684764	0.931524
6DRT-E-B	Positive	0.12395	0.87605
6PV9-B-A	Positive	0.186039	0.813961
6XTR-C-A	Positive	0.185162	0.814838
6SIQ-P-A	Positive	0.255729	0.744271
6T7H-L-H	Negative	0.863353	0.136647
6MNR-P-H	Positive	0.40156	0.59844
6O9B-C-A	Positive	0.0103607	0.989639
6WZY-C-A	Positive	0.0233159	0.976684
6NF7-C-A	Positive	0.0337974	0.966203
6NF7-O-A	Positive	0.0978045	0.902195
6NF7-F-D	Positive	0.0685382	0.931462
6NF7-I-G	Positive	0.0462735	0.953726
6L9F-C-A	Positive	0.122645	0.877355
6L9F-D-B	Positive	0.293406	0.706594
6HM4-B-A	Positive	0.41332	0.58668
6QFM-B-A	Positive	0.108531	0.891469
6XSA-B-A	Positive	0.419989	0.580011
6HSN-D-A	Positive	0.339666	0.660334
6TJT-D-A	Positive	0.118832	0.881168
6ACP-B-A	Negative	0.667547	0.332453
6SH9-E-B	Positive	0.240865	0.759135
6SH6-B-A	Positive	0.392878	0.607122
6UYV-B-A	Positive	0.0755701	0.92443
6AZT-B-A	Positive	0.0177512	0.982249
6JZE-B-A	Positive	0.149252	0.850748
6FY2-P-H	Positive	0.0707605	0.92924
6FY2-Z-X	Positive	0.0707605	0.92924
6WRF-S-B	Positive	0.0971617	0.902838
6YLE-K-B	Positive	0.0540674	0.945933
6U3B-B-A	Positive	0.047293	0.952707
6AXK-E-A	Positive	0.186407	0.813593
6LML-C-B	Positive	0.200195	0.799805
6KZA-C-A	Positive	0.397828	0.602172
6KZA-D-B	Positive	0.180617	0.819383
6SEN-L-A	Positive	0.293406	0.706594
6SEN-M-B	Positive	0.293406	0.706594
6TJ1-D-A	Positive	0.015387	0.984613
6YAY-C-A	Negative	0.682597	0.317403
6YAY-D-A	Negative	0.671709	0.328291
6NI2-V-A	Positive	0.0151358	0.984864
6Q53-B-A	Positive	0.0816353	0.918365
6Q53-E-A	Positive	0.0816353	0.918365
6H9O-B-A	Positive	0.154863	0.845137
6V7P-D-C	Positive	0.0960438	0.903956
6V7P-B-A	Positive	0.0511885	0.948811
6FZF-C-A	Positive	0.0314593	0.968541
6PU1-B-A	Positive	0.319588	0.680412
6ZH6-B-A	Positive	0.0534433	0.946557
6YW3-B-A	Positive	0.0665466	0.933453
6C4U-L-F	Positive	0.198201	0.801799
6MTP-P-L	Positive	0.0855107	0.914489
6MTP-Q-B	Positive	0.0193049	0.980695
6BIZ-C-A	Positive	0.126177	0.873823
6ZHX-L-C	Positive	0.349732	0.650268
6A30-P-A	Positive	0.0731243	0.926876
6NYX-B-H	Negative	0.67207	0.32793
6NYX-G-H	Negative	0.780391	0.219609
6NYX-O-H	Negative	0.577051	0.422949
6TMH-i-C	Negative	0.637729	0.362271
6U3A-C-A	Positive	0.251909	0.748091
6U3A-D-B	Positive	0.315943	0.684057
6MHF-C-A	Positive	0.408817	0.591183
6PYQ-B-A	Positive	0.114113	0.885887
6PYQ-C-A	Negative	0.63477	0.36523
6PYQ-E-A	Positive	0.1025	0.8975
6PYQ-F-A	Positive	0.114113	0.885887
6EWO-C-A	Positive	0.325886	0.674114
6HZA-B-A	Positive	0.167663	0.832337
6SZ5-B-A	Positive	0.190692	0.809308
6SZ5-C-A	Positive	0.163214	0.836786
6J0W-C-A	Positive	0.0615901	0.93841
6J0W-D-B	Positive	0.122489	0.877511
6YR6-B-A	Positive	0.133388	0.866612
6S07-C-A	Positive	0.185162	0.814838
6B9Y-D-A	Positive	0.0737766	0.926223
6IC8-C-A	Positive	0.463635	0.536365
6IC8-D-B	Positive	0.171771	0.828229
6CD9-B-A	Positive	0.339823	0.660177
6N7J-D-A	Positive	0.321466	0.678534
6CCE-J-F	Positive	0.0376454	0.962355
6YAR-C-A	Negative	0.651064	0.348936
6YAR-D-A	Positive	0.488105	0.511895
6DTH-B-A	Positive	0.286186	0.713814
6RO1-B-A	Positive	0.100223	0.899777
6BLI-F-B	Positive	0.320811	0.679189
6BLI-I-G	Negative	0.606844	0.393156
6IUH-C-A	Positive	0.10715	0.89285
6IUH-D-B	Positive	0.194355	0.805645
6F8F-G-D	Positive	0.0195669	0.980433
6YSI-W-D	Negative	0.702391	0.297609
6ZHI-H-D	Positive	0.0803413	0.919659
6N61-I-C	Positive	0.195006	0.804994
6TDY-N-C	Positive	0.147337	0.852663
6TDY-h-M	Positive	0.113477	0.886523
6V4G-B-A	Positive	0.0563591	0.943641
6CTB-B-A	Positive	0.174546	0.825454
6JAU-B-A	Positive	0.10313	0.89687
6FBK-P-A	Positive	0.205869	0.794131
6L7O-P-B	Negative	0.553761	0.446239
6GSN-h-q	Positive	0.0416609	0.958339
6ZMP-C-A	Positive	0.263386	0.736614
6RMC-C-A	Negative	0.636092	0.363908
6ALG-N-I	Positive	0.188212	0.811788
6URI-D-A	Positive	0.1787	0.8213
6CBI-I-A	Positive	0.0487775	0.951222
6CBI-J-A	Positive	0.171794	0.828206
6IWA-A-C	Negative	0.752032	0.247968
6SWE-Y-3	Positive	0.220655	0.779345
6V8O-S-G	Negative	0.724629	0.275371
6ZXA-B-A	Negative	0.721206	0.278794
6ZXA-D-A	Negative	0.721206	0.278794
6HBY-C-A	Negative	0.729847	0.270153
6U96-F-A	Positive	0.0144599	0.98554
6DAD-C-A	Positive	0.453226	0.546774
6T5F-G-A	Positive	0.0314575	0.968542
6T5F-H-B	Positive	0.0644408	0.935559
6T5F-E-C	Positive	0.0590397	0.94096
6T5F-F-D	Positive	0.0354932	0.964507
6FEL-E-A	Positive	0.208245	0.791755
6URQ-D-A	Positive	0.095575	0.904425
6JXR-a-d	Positive	0.0810618	0.918938
6JXR-b-d	Negative	0.760416	0.239584
6IGX-A-B	Negative	0.596813	0.403187
6IGX-C-D	Negative	0.642445	0.357555
6I31-B-A	Positive	0.497241	0.502759
6J19-B-A	Positive	0.132267	0.867733
6GD5-B-A	Negative	0.804064	0.195936
6CF6-D-A	Positive	0.0213029	0.978697
6CF6-C-B	Positive	0.020372	0.979628
6B3J-P-R	Positive	0.243662	0.756338
6L65-C-A	Positive	0.186036	0.813964
6MGN-B-A	Negative	0.523965	0.476035
6Y2B-C-A	Positive	0.0729477	0.927052
6VJN-G-H	Positive	0.131215	0.868785
6VJN-F-H	Positive	0.127893	0.872107
6N3E-B-A	Positive	0.0423392	0.957661
6Q9I-B-A	Positive	0.0513642	0.948636
6P9X-P-R	Positive	0.0364973	0.963503
6KIG-J-A	Negative	0.664356	0.335644
6J5J-I-G	Negative	0.735252	0.264748
6J5J-i-8	Negative	0.665783	0.334217
6IVX-D-A	Positive	0.0280846	0.971915
6UBE-B-S	Positive	0.0395581	0.960442
6YIH-C-A	Positive	0.0934878	0.906512
6KEY-B-A	Positive	0.124128	0.875872
6CWP-F-A	Positive	0.0790318	0.920968
6Y26-C-A	Positive	0.279965	0.720035
6Q00-B-A	Positive	0.158929	0.841071
6XOI-C-A	Positive	0.105601	0.894399
6K81-B-A	Positive	0.0355575	0.964442
6XQI-F-A	Positive	0.13436	0.86564
6XQI-I-B	Positive	0.179332	0.820668
6MPZ-M-A	Positive	0.0459466	0.954053
6VE5-B-A	Positive	0.179111	0.820889
6D08-C-A	Positive	0.200759	0.799241
6D08-D-B	Positive	0.194731	0.805269
6TYT-B-A	Positive	0.0283331	0.971667
6TYT-C-A	Positive	0.0291962	0.970804
6Y27-C-A	Positive	0.279965	0.720035
6HIK-L-A	Positive	0.217404	0.782596
6SBA-B-A	Positive	0.061034	0.938966
6X5J-B-A	Negative	0.564739	0.435261
6QEV-D-B	Positive	0.167384	0.832616
6IMM-R-P	Negative	0.665753	0.334247
6ICR-A-B	Positive	0.0363088	0.963691
6ICR-C-B	Positive	0.0357074	0.964293
6R5G-B-A	Positive	0.13312	0.86688
6E2Q-M-A	Positive	0.129507	0.870493
6E2Q-P-A	Negative	0.65723	0.34277
6FAI-d-i	Negative	0.771342	0.228658
6M92-C-A	Positive	0.116889	0.883111
6YSL-B-G	Positive	0.059706	0.940294
6YSL-A-F	Positive	0.374964	0.625036
6V2O-C-A	Positive	0.16248	0.83752
6P6E-B-A	Positive	0.199902	0.800098
6P6E-C-A	Positive	0.148242	0.851758
6CVJ-D-A	Positive	0.123814	0.876186
6B5P-A-H	Positive	0.0915276	0.908472
6G8I-P-A	Positive	0.277402	0.722598
6PFO-C-A	Positive	0.256078	0.743922
6GR9-B-A	Negative	0.74333	0.25667
6J0X-E-A	Positive	0.0606534	0.939347
6KPB-B-C	Positive	0.288236	0.711764
6HOL-C-A	Positive	0.158939	0.841061
6HOL-D-B	Positive	0.158939	0.841061
6EAT-I-A	Negative	0.538599	0.461401
6TAS-G-A	Positive	0.226993	0.773007
6OIT-G-A	Negative	0.617532	0.382468
6FC6-B-A	Positive	0.112058	0.887942
6LPH-B-A	Negative	0.952931	0.0470689
6YIE-C-A	Positive	0.168462	0.831538
6TKK-B-A	Negative	0.768752	0.231248
6GWJ-D-B	Negative	0.601415	0.398585
6PTE-C-A	Positive	0.460861	0.539139
6RQJ-D-A	Negative	0.581749	0.418251
6KVM-C-A	Positive	0.0600407	0.939959
6TDX-0-S	Positive	0.0446491	0.955351
6Z0L-B-A	Negative	0.6167	0.3833
6M4Z-F-A	Positive	0.29145	0.70855
6IGL-B-A	Positive	0.064117	0.935883
6JO6-J-A	Negative	0.740641	0.259359
6JO6-K-A	Positive	0.233384	0.766616
6OZ8-A-B	Positive	0.358882	0.641118
6JZD-B-A	Positive	0.149252	0.850748
6JZD-C-A	Positive	0.13974	0.86026
6BJ8-C-A	Positive	0.281351	0.718649
6KHI-P-B	Negative	0.553761	0.446239
6KHI-Q-D	Negative	0.685972	0.314028
6A9C-E-B	Positive	0.251627	0.748373
6Q0N-C-A	Positive	0.0477158	0.952284
6Q0N-D-B	Positive	0.0510074	0.948993
6M4O-E-T	Negative	0.687444	0.312556
6M4O-B-A	Positive	0.178955	0.821045
6F4T-B-A	Positive	0.00787433	0.992126
6HKP-S-A	Positive	0.100791	0.899209
6MZB-C-B	Negative	0.877687	0.122313
6MZB-D-B	Negative	0.866502	0.133498
6R15-B-A	Positive	0.224268	0.775732
6VB4-C-A	Positive	0.129355	0.870645
6L7A-J-A	Positive	0.292888	0.707112
6U22-C-A	Positive	0.160026	0.839974
6QZR-N-A	Positive	0.321861	0.678139
6QZR-M-B	Positive	0.243772	0.756228
6QZR-P-D	Positive	0.129266	0.870734
6GK8-I-H	Positive	0.0358815	0.964119
6GZJ-B-A	Positive	0.041253	0.958747
6DSL-A-B	Positive	0.187485	0.812515
6DLC-B-A	Positive	0.108526	0.891474
6O26-C-A	Positive	0.0163609	0.983639
6VXY-C-A	Positive	0.21692	0.78308
6ZZX-J-A	Negative	0.712596	0.287404
6ZZX-M-B	Positive	0.0708185	0.929182
6UZP-C-A	Positive	0.0592502	0.94075
6H8C-B-A	Positive	0.191077	0.808923
6GMR-H-C	Positive	0.162065	0.837935
6XBW-f-a	Negative	0.859232	0.140768
6XBW-r-b	Positive	0.302871	0.697129
6DN6-B-A	Positive	0.33973	0.66027
6TQU-C-A	Positive	0.116365	0.883635
6TQU-D-B	Positive	0.272298	0.727702
6G4W-t-u	Positive	0.169394	0.830606
6MLC-E-A	Positive	0.070428	0.929572
6IQG-C-A	Positive	0.0528139	0.947186
6IQG-D-B	Positive	0.0528139	0.947186
6H0F-C-B	Positive	0.218095	0.781905
6KN8-Y-L	Positive	0.423696	0.576304
6WGN-F-A	Positive	0.0916721	0.908328
6NCP-F-B	Positive	0.344517	0.655483
6NCP-E-C	Positive	0.0848635	0.915137
6IWH-C-A	Positive	0.0838806	0.916119
6OLE-y-C	Negative	0.70623	0.29377
6R5L-P-A	Positive	0.0815715	0.918428
6L03-F-A	Positive	0.137293	0.862707
6HMA-Z-L	Negative	0.626291	0.373709
6PPK-d-E	Positive	0.0963179	0.903682
6PDZ-D-A	Positive	0.0497317	0.950268
6AKL-B-A	Positive	0.147732	0.852268
6AKL-C-A	Negative	0.786607	0.213393
6ZR2-s-E	Positive	0.172646	0.827354
6ZR2-c-O	Negative	0.583912	0.416088
6V4E-C-A	Positive	0.145328	0.854672
6R59-E-A	Positive	0.105009	0.894991
6NV2-P-A	Positive	0.227468	0.772532
6N4R-F-B	Positive	0.127266	0.872734
6F0G-C-A	Positive	0.0789981	0.921002
6Q0U-C-A	Positive	0.0629518	0.937048
6J31-E-A	Positive	0.0368537	0.963146
6I5N-K-A	Positive	0.0977088	0.902291
6I5N-I-A	Positive	0.0716408	0.928359
6I5N-J-D	Positive	0.0716408	0.928359
6I5N-L-D	Positive	0.163911	0.836089
6RWL-E-A	Negative	0.586273	0.413727
6J91-A-B	Positive	0.0197134	0.980287
6JMU-C-A	Positive	0.26424	0.73576
6JMU-D-B	Positive	0.16865	0.83135
6E5N-A-B	Positive	0.0446014	0.955399
6BGG-A-B	Positive	0.146944	0.853056
6YLH-l-X	Negative	0.519986	0.480014
6Z19-C-B	Positive	0.133168	0.866832
6LYQ-O-A	Positive	0.344314	0.655686
6NIX-C-A	Negative	0.618149	0.381851
6ZKB-4-L	Negative	0.604486	0.395514
6IAM-B-A	Positive	0.247739	0.752261
6IAM-C-A	Positive	0.0633691	0.936631
6P9Y-P-R	Positive	0.180719	0.819281
6VQP-Q-A	Negative	0.526513	0.473487
6GTQ-C-A	Positive	0.193803	0.806197
6GTQ-D-A	Positive	0.0385327	0.961467
6XLZ-P-H	Negative	0.606279	0.393721
6XLZ-A-H	Positive	0.0677597	0.93224
6E5U-J-K	Positive	0.240223	0.759777
6G5G-P-B	Positive	0.0449555	0.955045
6BWA-B-A	Positive	0.467081	0.532919
6SK8-C-A	Positive	0.0953193	0.904681
6SK8-D-B	Positive	0.272164	0.727836
6GOS-A-1	Positive	0.200376	0.799624
6K3A-B-A	Positive	0.214645	0.785355
6W25-B-A	Positive	0.0183938	0.981606
6KBM-B-A	Positive	0.0599609	0.940039
6XKW-h-n	Negative	0.687358	0.312642
6XKW-Y-n	Positive	0.483111	0.516889
6B9L-E-A	Positive	0.182137	0.817863
6W3J-C-B	Positive	0.464834	0.535166
6J5I-i-8	Negative	0.705514	0.294486
6VIL-I-A	Positive	0.0301073	0.969893
6YNS-N-A	Positive	0.0411417	0.958858
6YNS-Q-A	Positive	0.397687	0.602313
6YNS-T-A	Positive	0.12955	0.87045
6YNS-Y-B	Positive	0.107985	0.892015
6YNS-S-D	Positive	0.0773785	0.922621
6YNS-U-F	Positive	0.0912535	0.908747
6XIC-I-B	Positive	0.16087	0.83913
6B5T-A-H	Positive	0.310898	0.689102
6LYR-P-A	Positive	0.0668764	0.933124
6A5S-E-A	Positive	0.0793984	0.920602
6BVA-E-D	Positive	0.392698	0.607302
6O8C-D-A	Positive	0.23751	0.76249
6O8C-E-A	Positive	0.166493	0.833507
6E3J-B-A	Positive	0.0293772	0.970623
6HLW-B-A	Positive	0.384284	0.615716
6HLW-D-C	Positive	0.391874	0.608126
6EQX-D-A	Positive	0.0166375	0.983363
6E3D-B-A	Positive	0.0679046	0.932095
6MS4-B-A	Positive	0.324648	0.675352
6PXU-C-A	Positive	0.353285	0.646715
6PXU-D-B	Positive	0.139701	0.860299
6RLZ-C-A	Positive	0.0347459	0.965254
6QXZ-B-A	Positive	0.156406	0.843594
6SQ2-D-A	Positive	0.0318648	0.968135
6SQ2-E-A	Positive	0.0245321	0.975468
6BSB-B-A	Negative	0.63573	0.36427
6BCY-C-A	Positive	0.315361	0.684639
6BCY-D-B	Positive	0.315361	0.684639
6BCY-H-F	Positive	0.27137	0.72863
6VBP-G-L	Positive	0.129358	0.870642
6VBP-F-B	Positive	0.277297	0.722703
6VBP-E-D	Negative	0.597406	0.402594
6VBP-K-I	Positive	0.181784	0.818216
6Y9P-C-A	Positive	0.137347	0.862653
6Y9P-H-A	Positive	0.198226	0.801774
6Y9P-J-A	Positive	0.216128	0.783872
6Y9P-D-B	Positive	0.106949	0.893051
6GZL-B-A	Positive	0.0963991	0.903601
6IQJ-C-B	Positive	0.232248	0.767752
6JPW-J-B	Positive	0.288401	0.711599
6MBC-B-A	Positive	0.043414	0.956586
6GB7-P-A	Positive	0.0764279	0.923572
6GB7-R-C	Positive	0.0275739	0.972426
6VB6-C-A	Positive	0.132388	0.867612
6CIT-D-C	Positive	0.0751866	0.924813
6U1X-P-A	Positive	0.125837	0.874163
6BW9-B-A	Negative	0.52972	0.47028
6T2E-B-A	Positive	0.360105	0.639895
6CVN-D-A	Positive	0.0421759	0.957824
6Y0V-E-A	Positive	0.120584	0.879416
6VBX-B-A	Positive	0.0452488	0.954751
6KKG-C-A	Positive	0.219543	0.780457
6VQY-F-A	Positive	0.0478045	0.952196
6X1S-G-H	Positive	0.0506123	0.949388
6X78-I-A	Positive	0.0498639	0.950136
6ZW0-C-A	Positive	0.200225	0.799775
6OS1-B-A	Positive	0.159937	0.840063
6C4H-N-v	Positive	0.158482	0.841518
6Q9F-B-A	Positive	0.0513642	0.948636
6A3E-D-C	Positive	0.0806733	0.919327
6V1A-C-A	Positive	0.0244347	0.975565
6LZ9-A-B	Positive	0.044434	0.955566
6MRQ-I-A	Positive	0.432634	0.567366
6QC0-B-A	Positive	0.0922421	0.907758
6SML-C-B	Positive	0.0207308	0.979269
6J4O-B-A	Positive	0.0711593	0.928841
6ITC-B-A	Negative	0.629209	0.370791
6TJ6-C-A	Negative	0.568133	0.431867
6RGO-C-A	Positive	0.126665	0.873335
6RGO-D-A	Positive	0.0649364	0.935064
6VPZ-C-A	Positive	0.0961101	0.90389
6IRL-C-A	Positive	0.0624314	0.937569
6SLJ-P-B	Positive	0.448915	0.551085
6SLJ-Q-A	Positive	0.44487	0.55513
6NWA-J-A	Negative	0.699078	0.300922
6E49-E-A	Positive	0.309251	0.690749
6E49-D-B	Positive	0.0986701	0.90133
6AJ0-D-A	Positive	0.145553	0.854447
6QDS-B-A	Positive	0.366567	0.633433
6TJ5-C-A	Positive	0.469325	0.530675
6LJN-B-A	Positive	0.0314098	0.96859
6K0T-D-C	Positive	0.0288697	0.97113
6JQ2-P-A	Positive	0.457421	0.542579
6HC2-B-A	Positive	0.490195	0.509805
6HC2-F-A	Negative	0.744813	0.255187
6HC2-D-C	Positive	0.150885	0.849115
6HC2-L-C	Negative	0.533512	0.466488
6HC2-H-G	Negative	0.798404	0.201596
6HC2-J-I	Positive	0.104261	0.895739
6HC2-N-K	Positive	0.289722	0.710278
6HC2-R-M	Positive	0.338096	0.661904
6HC2-P-O	Positive	0.2388	0.7612
6HC2-T-S	Positive	0.312196	0.687804
6HC2-X-S	Positive	0.105876	0.894124
6HC2-V-U	Positive	0.262405	0.737595
6MV5-P-H	Positive	0.0903246	0.909675
6EM1-s-O	Positive	0.0734094	0.926591
6C0Y-I-A	Positive	0.349127	0.650873
6C0Y-M-A	Positive	0.0761209	0.923879
6C0Y-L-D	Positive	0.214952	0.785048
6X45-E-C	Positive	0.0769925	0.923008
6X45-D-B	Positive	0.105708	0.894292
6S7T-B-A	Negative	0.642946	0.357054
6S7T-K-A	Positive	0.0863973	0.913603
6S7T-I-C	Negative	0.735387	0.264613
6UVA-P-E	Negative	0.583726	0.416274
6IAT-G-A	Positive	0.462462	0.537538
6HOM-D-C	Positive	0.121283	0.878717
6V84-C-A	Negative	0.582652	0.417348
6V84-D-B	Positive	0.178906	0.821094
6UBH-E-A	Positive	0.00986074	0.990139
6P3W-E-B	Positive	0.00696131	0.993039
6P3W-F-D	Positive	0.118655	0.881345
6LQM-R-I	Positive	0.0645788	0.935421
6MBB-B-A	Positive	0.0487989	0.951201
6PBV-G-A	Positive	0.123581	0.876419
6SS9-C-A	Positive	0.139413	0.860587
6CCT-B-A	Positive	0.0251802	0.97482
6XBE-F-A	Positive	0.0937743	0.906226
6SM3-C-A	Positive	0.0628163	0.937184
6H0E-I-H	Positive	0.0534738	0.946526
6H0E-K-A	Positive	0.0692077	0.930792
6DUQ-X-L	Positive	0.211142	0.788858
6B5S-A-H	Positive	0.0514104	0.94859
6X2V-D-C	Positive	0.0160704	0.98393
6WFY-P-H	Positive	0.097405	0.902595
6WQU-D-C	Positive	0.0533523	0.946648
6EKM-B-A	Positive	0.0447479	0.955252
6HV2-B-A	Positive	0.184091	0.815909
6BYL-G-A	Positive	0.0781551	0.921845
6BYL-T-C	Positive	0.140532	0.859468
6BYL-P-D	Positive	0.0828172	0.917183
6XIE-I-B	Positive	0.144805	0.855195
6AAF-B-A	Negative	0.607958	0.392042
6IDX-C-A	Positive	0.186222	0.813778
6XS9-C-A	Positive	0.278102	0.721898
6XS9-F-A	Positive	0.278102	0.721898
6SYF-E-A	Positive	0.0290262	0.970974
6SYF-F-A	Positive	0.154385	0.845615
6NRO-E-A	Positive	0.140127	0.859873
6NRO-B-A	Negative	0.665257	0.334743
6NRO-F-A	Positive	0.406694	0.593306
6FDT-B-A	Positive	0.183031	0.816969
6AXL-G-C	Positive	0.097405	0.902595
6SW9-0-7	Positive	0.0498638	0.950136
6I2G-B-A	Positive	0.0460944	0.953906
6YIC-P-A	Positive	0.29654	0.70346
6HM5-B-A	Positive	0.293272	0.706728
6KBB-F-C	Positive	0.202985	0.797015
6KBB-E-A	Positive	0.100616	0.899384
6MAJ-B-A	Positive	0.413768	0.586232
6X00-C-A	Positive	0.0206373	0.979363
6BVB-H-V	Positive	0.321881	0.678119
6LY5-j-A	Negative	0.670304	0.329696
6LY5-i-B	Negative	0.539604	0.460396
6LY5-m-B	Positive	0.255943	0.744057
6EAV-I-A	Positive	0.0237434	0.976257
6MUO-K-A	Positive	0.0464133	0.953587
6MUO-L-A	Positive	0.0493887	0.950611
6CYT-C-B	Negative	0.77841	0.22159
6F6D-B-A	Positive	0.101209	0.898791
6D0X-C-A	Positive	0.186407	0.813593
6QMS-A-B	Positive	0.0592632	0.940737
6ME1-F-A	Positive	0.0550642	0.944936
6ME1-E-C	Positive	0.250421	0.749579
6BHE-B-A	Positive	0.0195835	0.980417
6QBY-D-C	Positive	0.169457	0.830543
6EF2-s-H	Positive	0.0279419	0.972058
6CD8-C-A	Positive	0.214812	0.785188
6ZYX-e-J	Negative	0.706819	0.293181
6SLI-P-A	Positive	0.481617	0.518383
6SLI-E-C	Positive	0.305762	0.694238
6WTA-Z-A	Positive	0.080907	0.919093
6WHZ-D-A	Positive	0.0880049	0.911995
6TRW-D-A	Positive	0.177976	0.822024
6YZH-D-A	Positive	0.0343527	0.965647
6JZC-D-A	Positive	0.192001	0.807999
6EAW-I-A	Negative	0.640706	0.359294
6G07-R-A	Negative	0.555918	0.444082
6G07-Q-B	Positive	0.468611	0.531389
6A9X-A-D	Positive	0.105046	0.894954
6SPZ-P-A	Positive	0.123754	0.876246
6GTR-C-A	Positive	0.114512	0.885488
6I2D-D-A	Positive	0.196791	0.803209
6JXX-B-A	Positive	0.0536206	0.946379
6GH1-P-A	Positive	0.120517	0.879483
6GH1-Q-C	Positive	0.120517	0.879483
6ZRD-P-A	Negative	0.54151	0.45849
6TQ0-B-A	Positive	0.236212	0.763788
6TQ0-D-A	Positive	0.12815	0.87185
6TQ0-P-A	Negative	0.565251	0.434749
6TQ0-F-C	Positive	0.101184	0.898816
6EJB-B-A	Positive	0.0261431	0.973857
6VEN-P-O	Positive	0.0907919	0.909208
6VEN-Q-O	Positive	0.0407976	0.959202
6B27-G-A	Positive	0.423788	0.576212
6B27-H-B	Positive	0.289713	0.710287
6B27-I-C	Positive	0.424485	0.575515
6B27-L-F	Positive	0.348405	0.651595
6HL6-S-A	Positive	0.268079	0.731921
6MS1-C-A	Positive	0.0554676	0.944532
6JLH-B-A	Positive	0.0130293	0.986971
6HY7-B-A	Positive	0.16619	0.83381
6QDW-z-e	Positive	0.0530998	0.9469
6V3Y-B-A	Positive	0.296206	0.703794
6XS5-B-A	Positive	0.127318	0.872682
6S0Y-C-A	Positive	0.180949	0.819051
6S0Y-D-B	Positive	0.245604	0.754396
6RMM-P-A	Positive	0.0805208	0.919479
6BIR-C-A	Positive	0.0510866	0.948913
6W0L-P-A	Positive	0.324666	0.675334
6YMX-m-a	Positive	0.215506	0.784494
6I2T-J-B	Negative	0.762054	0.237946
6DRD-L-B	Positive	0.424367	0.575633
6XMI-F-A	Positive	0.200489	0.799511
6XMI-C-A	Positive	0.263889	0.736111
6LU8-1-4	Negative	0.546302	0.453698
6LU8-z-4	Positive	0.320436	0.679564
6OX5-Y-A	Positive	0.189876	0.810124
6D3Y-C-A	Negative	0.537116	0.462884
6T7Y-B-A	Positive	0.0610889	0.938911
6V7O-C-A	Positive	0.0420119	0.957988
6V7O-D-B	Positive	0.0575527	0.942447
6WAU-G-A	Positive	0.0794488	0.920551
6WAU-I-A	Positive	0.302847	0.697153
6WAU-L-C	Positive	0.178869	0.821131
6E4D-F-A	Positive	0.0421	0.9579
6QTO-B-A	Positive	0.0463172	0.953683
6ERF-Q-B	Positive	0.0558402	0.94416
6ERF-R-D	Positive	0.0297221	0.970278
6D3Z-C-A	Negative	0.582834	0.417166
6X0V-E-F	Positive	0.184153	0.815847
6X0V-H-F	Positive	0.0340513	0.965949
6G3J-C-A	Positive	0.164671	0.835329
6MT4-C-A	Positive	0.0821567	0.917843
6G0R-C-A	Positive	0.0977981	0.902202
6IYC-E-A	Negative	0.670667	0.329333
6YP7-l-a	Positive	0.0473496	0.95265
6YP7-t-a	Positive	0.468483	0.531517
6YP7-x-b	Negative	0.736901	0.263099
6YP7-T-b	Positive	0.468483	0.531517
6YP7-k-c	Positive	0.372867	0.627133
6YP7-J-A	Positive	0.248799	0.751201
6A33-I-A	Positive	0.278599	0.721401
6F0Y-B-A	Positive	0.0555756	0.944424
6P8S-E-A	Positive	0.100719	0.899281
6P8S-F-B	Positive	0.0771711	0.922829
6UCM-A-B	Positive	0.101977	0.898023
6GPZ-E-B	Negative	0.706255	0.293745
6JFO-B-A	Positive	0.0159032	0.984097
6RK8-P-A	Positive	0.0799287	0.920071
6F0F-B-A	Negative	0.863679	0.136321
6O09-I-C	Positive	0.0244006	0.975599
6O09-E-C	Positive	0.0410964	0.958904
6O09-G-A	Positive	0.0708089	0.929191
6J56-C-A	Positive	0.461347	0.538653
6QTW-B-A	Positive	0.0372867	0.962713
6U72-C-B	Positive	0.252552	0.747448
6LOS-F-A	Positive	0.21781	0.78219
6LOS-G-A	Positive	0.207613	0.792387
6LOS-H-A	Positive	0.167544	0.832456
6FI4-B-A	Positive	0.15822	0.84178
6EJC-B-A	Positive	0.127311	0.872689
6QZW-F-C	Positive	0.118721	0.881279
6RIR-C-A	Positive	0.0915503	0.90845
6BXQ-A-B	Positive	0.0657775	0.934222
6O3W-C-A	Positive	0.316791	0.683209
6O25-H-E	Positive	0.146727	0.853273
6O25-L-I	Positive	0.241315	0.758685
6EIH-P-A	Positive	0.0675436	0.932456
6NKP-C-A	Positive	0.3055	0.6945
6NKP-D-B	Positive	0.3055	0.6945
6LJM-B-A	Positive	0.0464334	0.953567
6FAD-E-A	Positive	0.0286722	0.971328
6FAD-H-B	Positive	0.0256372	0.974363
6FAD-F-D	Positive	0.03272	0.96728
6DTN-A-B	Positive	0.194622	0.805378
6YBA-Y-A	Positive	0.201539	0.798461
6YBA-w-A	Positive	0.0789548	0.921045
6YBA-Q-D	Negative	0.588961	0.411039
6YBA-W-D	Positive	0.027601	0.972399
6EHT-E-B	Negative	0.710586	0.289414
6EHT-D-C	Positive	0.0884087	0.911591
6YPP-B-A	Positive	0.125814	0.874186
6XQB-D-A	Positive	0.195133	0.804867
6J8E-D-A	Negative	0.674075	0.325925
6VQD-C-A	Positive	0.0234459	0.976554
6BAE-D-A	Positive	0.133826	0.866174
6OPJ-B-A	Positive	0.0740441	0.925956
6RX4-C-A	Negative	0.526917	0.473083
6YIB-P-A	Positive	0.161146	0.838854
6HGM-B-A	Positive	0.0773609	0.922639
6TXB-L-A	Positive	0.0764632	0.923537
6XRO-B-A	Positive	0.403887	0.596113
6I85-B-A	Positive	0.0285289	0.971471
6TNQ-B-A	Positive	0.224865	0.775135
6TNQ-D-A	Positive	0.236582	0.763418
6TNQ-F-E	Positive	0.233997	0.766003
6ULE-I-A	Positive	0.0773236	0.922676
6U3I-B-A	Positive	0.068354	0.931646
6ILD-C-A	Positive	0.135225	0.864775
6B5N-A-H	Positive	0.0496955	0.950304
6UCI-C-A	Positive	0.456022	0.543978
6C24-B-L	Positive	0.164401	0.835599
6V7Q-D-C	Positive	0.0576003	0.9424
6Q5Y-E-A	Positive	0.448056	0.551944
6XS7-B-A	Positive	0.341147	0.658853
6WI3-F-A	Positive	0.0345995	0.9654
6WI3-H-C	Positive	0.0030178	0.996982
6S1C-D-B	Negative	0.628818	0.371182
6BGL-l-A	Positive	0.482823	0.517177
6YOO-B-A	Positive	0.0668947	0.933105
6K60-C-A	Positive	0.16014	0.83986
6O3Y-D-A	Positive	0.0783378	0.921662
6O3Y-E-B	Positive	0.0858289	0.914171
6X1T-M-H	Positive	0.0629946	0.937005
6X1T-R-H	Positive	0.0469689	0.953031
6X1T-O-C	Positive	0.032698	0.967302
6J29-C-A	Positive	0.0598883	0.940112
6BYJ-G-A	Positive	0.396221	0.603779
6BYJ-T-C	Positive	0.090744	0.909256
6BYJ-P-D	Positive	0.285537	0.714463
6X2U-D-C	Positive	0.0174309	0.982569
6TQR-E-A	Positive	0.0872116	0.912788
6TQR-F-B	Positive	0.380709	0.619291
6KAF-l-r	Negative	0.765426	0.234574
6KAF-f-a	Negative	0.648386	0.351614
6KAF-i-a	Negative	0.507037	0.492963
6KAF-j-a	Positive	0.237278	0.762722
6KAF-t-a	Negative	0.612927	0.387073
6KAF-m-d	Positive	0.139169	0.860831
6KAF-x-d	Positive	0.495528	0.504472
6KAF-y-z	Positive	0.124871	0.875129
6KAF-J-A	Positive	0.237278	0.762722
6QMP-A-B	Positive	0.194191	0.805809
6XZI-B-A	Positive	0.0247563	0.975244
6P25-D-B	Positive	0.382687	0.617313
6RQF-O-I	Positive	0.274113	0.725887
6RQF-P-I	Positive	0.109832	0.890168
6RQF-M-K	Negative	0.8845	0.1155
6RQF-H-A	Positive	0.109832	0.890168
6U39-D-A	Positive	0.108176	0.891824
6U39-F-E	Positive	0.181781	0.818219
6U39-L-G	Positive	0.148068	0.851932
6U39-J-I	Negative	0.55734	0.44266
6U39-P-M	Negative	0.617537	0.382463
6U39-R-Q	Positive	0.0521119	0.947888
6U39-T-Q	Positive	0.475286	0.524714
6EWC-C-A	Positive	0.148352	0.851648
6F7T-D-A	Positive	0.401187	0.598813
6WX7-B-A	Positive	0.309365	0.690635
6MUP-K-E	Positive	0.0924707	0.907529
6RM5-P-A	Positive	0.170879	0.829121
6CSU-C-B	Negative	0.686207	0.313793
6CSU-A-B	Negative	0.747456	0.252544
6ACL-B-A	Positive	0.109947	0.890053
6M2K-C-A	Negative	0.767029	0.232971
6H22-C-A	Positive	0.155436	0.844564
6FHI-X-A	Positive	0.394491	0.605509
6BZ9-C-A	Positive	0.0961066	0.903893
6HZD-B-A	Positive	0.197004	0.802996
6RRK-C-B	Positive	0.337446	0.662554
6X2R-D-C	Positive	0.0200945	0.979906
6FY0-P-H	Positive	0.0573844	0.942616
6UHC-I-A	Positive	0.10257	0.89743
6UHC-H-B	Positive	0.277626	0.722374
6DC8-P-L	Positive	0.146008	0.853992
6K06-A-C	Negative	0.750544	0.249456
6WM3-V-U	Positive	0.441176	0.558824
6NUF-C-A	Positive	0.0754202	0.92458
6WKR-E-T	Positive	0.16797	0.83203
6WKR-B-A	Positive	0.133314	0.866686
6C5X-G-A	Positive	0.0109082	0.989092
6F1U-c-B	Negative	0.818991	0.181009
6F1U-d-F	Positive	0.219301	0.780699
6GDG-C-B	Positive	0.443585	0.556415
6C90-B-A	Negative	0.597206	0.402794
6NJ8-E-B	Positive	0.151144	0.848856
6XZJ-B-A	Positive	0.0236317	0.976368
6X2W-D-C	Positive	0.0404102	0.95959
6VO5-C-A	Positive	0.0292817	0.970718
6VO5-D-B	Positive	0.110492	0.889508
6TKH-I-H	Positive	0.292866	0.707134
6X1V-D-L	Positive	0.0242727	0.975727
6D84-O-B	Positive	0.0535964	0.946404
6GX9-C-A	Positive	0.291496	0.708504
6BZV-L-G	Positive	0.120516	0.879484
6HOS-C-A	Positive	0.154204	0.845796
6E21-B-A	Positive	0.0280376	0.971962
6RM8-C-A	Positive	0.109732	0.890268
6VWK-X-S	Positive	0.202183	0.797817
6VWK-Y-a	Positive	0.218858	0.781142
6Y3Z-B-A	Positive	0.032437	0.967563
6J7W-C-A	Positive	0.25775	0.74225
6RK9-C-A	Positive	0.280591	0.719409
6EJ9-B-A	Positive	0.182592	0.817408
6HLV-B-A	Positive	0.0736292	0.926371
6DB5-P-H	Positive	0.0765759	0.923424
6OO2-G-A	Positive	0.0514373	0.948563
6OO2-H-A	Negative	0.683525	0.316475
6OO2-I-A	Positive	0.163777	0.836223
6NQ3-D-B	Positive	0.162896	0.837104
6G0S-D-A	Positive	0.368189	0.631811
6SH7-B-A	Positive	0.109015	0.890985
6XA7-F-A	Positive	0.00616387	0.993836
6XA7-G-C	Positive	0.011149	0.988851
6GP7-D-B	Positive	0.102608	0.897392
6OCX-J-A	Positive	0.0273241	0.972676
6X5W-B-A	Positive	0.0351096	0.96489
6URG-F-A	Positive	0.227226	0.772774
6EJ8-B-A	Positive	0.159329	0.840671
6ONI-D-B	Positive	0.00647409	0.993526
6NSV-C-A	Positive	0.0143835	0.985616
6J4S-B-A	Positive	0.121108	0.878892
6TWB-H-A	Positive	0.12081	0.87919
6TWB-B-A	Positive	0.335015	0.664985
6KYU-C-A	Positive	0.098716	0.901284
6AZ3-m-E	Positive	0.187254	0.812746
6Y1J-P-A	Positive	0.0951367	0.904863
6F4R-B-A	Positive	0.0203572	0.979643
6QTV-B-A	Positive	0.217974	0.782026
6OCG-B-A	Positive	0.0586942	0.941306
6YNC-B-A	Positive	0.319172	0.680828
6SIF-G-A	Negative	0.744403	0.255597
6AZK-E-A	Positive	0.0511281	0.948872
6BIY-C-A	Positive	0.0795499	0.92045
6WAS-J-H	Negative	0.779107	0.220893
6QNS-S-A	Positive	0.117383	0.882617
6I2H-D-A	Positive	0.196791	0.803209
6CX1-D-A	Positive	0.131403	0.868597
6R2G-C-A	Negative	0.681935	0.318065
6B4E-C-B	Positive	0.075253	0.924747
6B4E-D-B	Positive	0.223841	0.776159
6SS8-C-A	Positive	0.0258509	0.974149
6EOP-D-A	Positive	0.126413	0.873587
6XWT-E-A	Positive	0.101169	0.898831
6XWT-F-A	Positive	0.129086	0.870914
6NBY-Q-D	Negative	0.723286	0.276714
6B9M-D-A	Positive	0.0453771	0.954623
6P7E-U-A	Positive	0.0815514	0.918449
6P7E-W-C	Positive	0.113993	0.886007
6XZH-B-A	Positive	0.0236317	0.976368
6EFK-C-A	Positive	0.0737098	0.92629
6TUT-I-A	Negative	0.654353	0.345647
6DZ6-B-A	Positive	0.0971873	0.902813
6Z2P-C-A	Positive	0.205922	0.794078
6MSU-C-A	Negative	0.864296	0.135704
6OV7-C-A	Positive	0.0817957	0.918204
6OV7-D-B	Positive	0.261901	0.738099
6MJC-B-A	Positive	0.109732	0.890268
6OCF-B-A	Negative	0.654158	0.345842
6V55-Q-A	Positive	0.297836	0.702164
6OCH-B-A	Positive	0.0321876	0.967812
6OCH-D-C	Positive	0.0455843	0.954416
6PZA-D-C	Negative	0.555106	0.444894
6CT7-S-L	Positive	0.0598932	0.940107
6H1E-S-A	Positive	0.0285023	0.971498
6PIT-D-B	Positive	0.0422293	0.957771
6WHQ-F-A	Positive	0.127953	0.872047
6WHQ-H-C	Positive	0.156978	0.843022
6EU1-I-A	Negative	0.594046	0.405954
6ND1-D-B	Positive	0.126764	0.873236
6B7G-B-A	Positive	0.136587	0.863413
6M90-C-A	Positive	0.040973	0.959027
6ASR-B-A	Positive	0.0594319	0.940568
6J9H-A-B	Negative	0.771456	0.228544
6J9H-C-D	Positive	0.0573143	0.942686
6JJZ-C-A	Positive	0.249006	0.750994
6OI4-E-A	Positive	0.256215	0.743785
6OI4-F-B	Positive	0.0867915	0.913209
6CPN-C-A	Positive	0.0367943	0.963206
6MTU-C-A	Negative	0.569507	0.430493
6PWC-B-R	Positive	0.124581	0.875419
6VRO-B-A	Positive	0.215548	0.784452
6R7W-B-A	Positive	0.147115	0.852885
6AE8-C-A	Positive	0.0161015	0.983899
6AE8-D-B	Positive	0.00657374	0.993426
6G3K-C-A	Positive	0.144097	0.855903
6BVH-I-A	Positive	0.346273	0.653727
6J4Q-B-A	Negative	0.733145	0.266855
6J4Q-K-C	Positive	0.124042	0.875958
6J4Q-G-F	Negative	0.745221	0.254779
6ZON-J-d	Positive	0.114349	0.885651
6MNL-A-B	Positive	0.00548681	0.994513
6J9L-E-A	Positive	0.113803	0.886197
6YAC-J-A	Negative	0.670304	0.329696
6JJW-U-A	Negative	0.814387	0.185613
6LEA-E-A	Negative	0.726586	0.273414
6L7P-Q-D	Negative	0.685972	0.314028
6L9M-C-A	Positive	0.247941	0.752059
6XRP-B-A	Positive	0.0168231	0.983177
6MA3-B-A	Positive	0.0497983	0.950202
6DO3-C-A	Positive	0.0588587	0.941141
6VJT-P-H	Positive	0.292556	0.707444
6A3C-D-C	Positive	0.043219	0.956781
6BAH-D-A	Positive	0.0579304	0.94207
6QLD-C-a	Positive	0.475638	0.524362
6ZFM-C-A	Positive	0.0732785	0.926721
6ZFM-F-A	Positive	0.0732785	0.926721
6BZD-G-A	Positive	0.299187	0.700813
6BHH-B-A	Positive	0.060656	0.939344
6RPR-G-D	Positive	0.223156	0.776844
6T7Z-B-A	Positive	0.0795863	0.920414
6XNJ-B-A	Positive	0.189894	0.810106
6RXP-D-A	Positive	0.0362703	0.96373
6J67-C-A	Positive	0.367846	0.632154
6KBN-B-A	Positive	0.175837	0.824163
6T0B-l-a	Positive	0.147821	0.852179
6XS8-B-A	Positive	0.0973944	0.902606
6WXK-E-A	Positive	0.158952	0.841048
6NCA-U-A	Positive	0.249874	0.750126
6XWV-E-A	Positive	0.0421724	0.957828
6JCU-B-A	Positive	0.055247	0.944753
6OX3-Y-A	Positive	0.260482	0.739518
6OX3-Z-B	Positive	0.260482	0.739518
6M24-C-A	Negative	0.622681	0.377319
6WBV-B-A	Negative	0.787562	0.212438
6J69-B-A	Positive	0.382076	0.617924
6BNT-B-A	Positive	0.0417216	0.958278
6SSA-C-A	Positive	0.0567537	0.943246
6NF3-A-B	Negative	0.676293	0.323707
6AZM-E-A	Positive	0.26102	0.73898
6BQT-C-A	Positive	0.404449	0.595551
6BQT-I-G	Positive	0.356135	0.643865
6BQT-L-J	Positive	0.356135	0.643865
6HGD-B-A	Negative	0.718845	0.281155
6ZN3-C-A	Positive	0.396906	0.603094
6LYC-B-A	Positive	0.200234	0.799766
6YCR-B-A	Positive	0.0897554	0.910245
6JY3-L-A	Positive	0.486587	0.513413
6IAK-G-C	Negative	0.68307	0.31693
6U8H-C-A	Positive	0.240766	0.759234
6HGG-B-A	Positive	0.070309	0.929691
6A2B-C-A	Positive	0.251234	0.748766
6ATF-C-A	Positive	0.218931	0.781069
6ULT-K-A	Positive	0.159756	0.840244
6ULT-J-C	Positive	0.0749917	0.925008
6ULT-I-H	Positive	0.120818	0.879182
6UAB-B-A	Positive	0.48586	0.51414
6V63-Y-A	Positive	0.328868	0.671132
6JH9-B-A	Positive	0.194293	0.805707
6SKI-A-F	Positive	0.378816	0.621184
6MYE-B-A	Positive	0.394477	0.605523
6IBO-C-A	Positive	0.125259	0.874741
6PJR-B-A	Positive	0.0550722	0.944928
6HA8-4-G	Positive	0.0540397	0.94596
6EF3-n-1	Positive	0.0490421	0.950958
6EF3-s-A	Positive	0.341439	0.658561
6DCA-P-L	Positive	0.302134	0.697866
6DCA-R-N	Positive	0.302134	0.697866
6E4Z-P-H	Positive	0.0429135	0.957086
6D0Y-B-C	Positive	0.0582418	0.941758
6UK2-C-A	Positive	0.0550347	0.944965
6A5X-B-A	Positive	0.11542	0.88458
6YEF-5-7	Negative	0.610654	0.389346
6H7B-B-A	Positive	0.0602613	0.939739
6GY2-C-A	Positive	0.153741	0.846259
6ZZY-J-A	Negative	0.712596	0.287404
6IN9-D-A	Negative	0.60204	0.39796
6IN9-C-B	Negative	0.596137	0.403863
6DU3-C-A	Positive	0.19592	0.80408
6DU3-D-A	Positive	0.216097	0.783903
6UZM-C-A	Positive	0.0592502	0.94075
6YIA-P-A	Positive	0.151661	0.848339
6YLI-B-A	Positive	0.032801	0.967199
6YLI-D-A	Positive	0.119947	0.880053
6VJZ-D-C	Positive	0.391814	0.608186
6IGZ-J-A	Positive	0.410704	0.589296
6IGZ-M-B	Positive	0.053111	0.946889
6BX3-M-K	Positive	0.138772	0.861228
6BX3-N-K	Positive	0.120299	0.879701
6IW8-A-C	Negative	0.638526	0.361474
6MRY-E-A	Positive	0.466979	0.533021
6MRY-G-A	Negative	0.820409	0.179591
6MRY-C-B	Positive	0.466979	0.533021
6EAX-I-A	Negative	0.579651	0.420349
6BUT-B-A	Positive	0.0302524	0.969748
6GXC-B-A	Positive	0.0313422	0.968658
6UUS-P-R	Negative	0.793586	0.206414
6OBD-E-A	Positive	0.445078	0.554922
6BHI-B-A	Positive	0.060656	0.939344
6RFK-I-S	Positive	0.224209	0.775791
6H9U-B-A	Positive	0.0219224	0.978078
6F4Q-B-A	Positive	0.0147701	0.98523
6SL5-J-A	Negative	0.737631	0.262369
6PTB-C-A	Positive	0.317911	0.682089
6PTB-F-D	Positive	0.317911	0.682089
6MDO-H-A	Positive	0.233011	0.766989
6UUQ-B-A	Positive	0.492314	0.507686
6KHZ-D-A	Negative	0.661878	0.338122
6ZN2-B-A	Positive	0.0126788	0.987321
6SLG-B-A	Positive	0.0532272	0.946773
6F09-A-P	Positive	0.163608	0.836392
6F09-B-Q	Positive	0.0864792	0.913521
6F09-C-R	Positive	0.220456	0.779544
6F09-D-S	Positive	0.214479	0.785521
6G8J-P-A	Positive	0.148489	0.851511
6GKF-J-B	Positive	0.255158	0.744842
6GKF-L-D	Positive	0.430197	0.569803
6Y58-P-A	Positive	0.0735045	0.926495
6YKR-F-A	Positive	0.169722	0.830278
6YKR-G-A	Positive	0.463087	0.536913
6F38-c-B	Negative	0.753477	0.246523
6NBI-P-R	Positive	0.455251	0.544749
6WN4-C-A	Positive	0.0172867	0.982713
6C1Q-L-B	Positive	0.00818935	0.991811
6TED-L-B	Positive	0.0970518	0.902948
6TED-X-H	Negative	0.70335	0.29665
6IIW-B-A	Positive	0.0691506	0.930849
6I0Y-7-E	Positive	0.445418	0.554582
6K3F-U-A	Positive	0.0298642	0.970136
6K3F-Y-A	Positive	0.0229984	0.977002
6K3F-W-C	Positive	0.153767	0.846233
6TDZ-h-M	Positive	0.113477	0.886523
6TDZ-c-M	Negative	0.508758	0.491242
6BPI-B-A	Positive	0.328427	0.671573
6HFA-C-A	Positive	0.135911	0.864089
6FI5-B-A	Positive	0.294101	0.705899
6BLH-G-L	Positive	0.439925	0.560075
6EVO-C-A	Negative	0.698645	0.301355
6HK4-N-A	Positive	0.0755479	0.924452
6PW6-G-A	Positive	0.206906	0.793094
6SQK-E-A	Positive	0.192747	0.807253
6PSE-C-A	Positive	0.0622167	0.937783
6IY0-I-G	Negative	0.712474	0.287526
6IY0-J-H	Positive	0.0454978	0.954502
6PWV-E-D	Negative	0.560963	0.439037
6N3F-D-A	Positive	0.0506823	0.949318
6L7I-H-G	Positive	0.318614	0.681386
6X8Q-P-H	Positive	0.268208	0.731792
6T7V-I-A	Positive	0.109293	0.890707
6B5L-A-H	Positive	0.0270181	0.972982
6XVD-P-U	Positive	0.392774	0.607226
6PB1-U-P	Positive	0.123639	0.876361
6PBH-C-A	Positive	0.0534473	0.946553
6H6A-E-D	Positive	0.0451536	0.954846
6H6A-H-G	Positive	0.0188617	0.981138
6ZQS-B-A	Positive	0.181365	0.818635
6J4P-B-A	Negative	0.711438	0.288562
6QIU-P-A	Positive	0.0199464	0.980054
6V0O-D-A	Positive	0.121254	0.878746
6PLH-C-A	Positive	0.105403	0.894597
6BI7-B-A	Positive	0.131577	0.868423
6BI7-D-A	Positive	0.0270997	0.9729
6BI7-H-C	Negative	0.670623	0.329377
6BI7-F-E	Negative	0.7077	0.2923
6DC9-P-H	Positive	0.155835	0.844165
6Y3M-P-A	Positive	0.0341825	0.965818
6GH4-P-A	Positive	0.283277	0.716723
6ZBR-P-V	Positive	0.139598	0.860402
6OS9-L-R	Positive	0.0777832	0.922217
6X8S-P-H	Positive	0.222434	0.777566
6F8G-E-A	Positive	0.0188366	0.981163
6F8G-F-A	Positive	0.0177548	0.982245
6F8G-H-B	Positive	0.0315262	0.968474
6AXJ-G-A	Positive	0.0542002	0.9458
6B55-B-G	Negative	0.829541	0.170459
6B55-H-G	Negative	0.829541	0.170459
6B55-K-I	Negative	0.829541	0.170459
6O3L-E-B	Positive	0.00755499	0.992445
6XZZ-B-A	Positive	0.141915	0.858085
6WZZ-B-A	Positive	0.162226	0.837774
6RHC-P-A	Positive	0.101363	0.898637
6Z3F-P-V	Positive	0.139598	0.860402
6Z1R-h-B	Negative	0.67968	0.32032
6B4F-C-B	Negative	0.777419	0.222581
6WLY-B-A	Positive	0.0444935	0.955507
6AAW-B-A	Positive	0.105311	0.894689
6NT9-C-A	Positive	0.286467	0.713533
6G90-J-E	Positive	0.341038	0.658962
6V00-C-A	Positive	0.14607	0.85393
6UM2-B-A	Positive	0.054464	0.945536
6M6H-P-G	Positive	0.0653388	0.934661
6MF6-C-A	Positive	0.169374	0.830626
6MF6-D-B	Positive	0.2538	0.7462
6TMS-Q-D	Positive	0.0483968	0.951603
6KYW-C-A	Negative	0.811898	0.188102
6EW9-P-A	Positive	0.446293	0.553707
6TS3-C-A	Positive	0.213939	0.786061
6TS3-D-A	Positive	0.0310463	0.968954
6QK8-E-A	Positive	0.0702243	0.929776
6QK8-G-A	Positive	0.037753	0.962247
6DQT-B-A	Positive	0.0494384	0.950562
6IXP-B-A	Positive	0.183984	0.816016
6IXP-C-A	Positive	0.20039	0.79961
6D01-I-A	Negative	0.883503	0.116497
6D01-J-E	Negative	0.883503	0.116497
6BSC-B-A	Positive	0.434503	0.565497
6OVF-C-A	Positive	0.0933157	0.906684
6FC3-B-A	Positive	0.20589	0.79411
6UOE-P-H	Positive	0.0409486	0.959051
6JWM-B-A	Positive	0.113776	0.886224
6YN0-B-A	Positive	0.0143616	0.985638
6CGV-W-A	Negative	0.813916	0.186084
6PFY-f-Y	Negative	0.620914	0.379086
6QJ4-B-A	Positive	0.285502	0.714498
6LPB-P-R	Positive	0.219703	0.780297
6BJC-T-A	Negative	0.787737	0.212263
6WHO-H-C	Positive	0.127953	0.872047
6UA3-B-A	Positive	0.0303517	0.969648
6YPC-H-K	Positive	0.19726	0.80274
6L63-B-A	Negative	0.507238	0.492762
6BIN-C-A	Positive	0.0205436	0.979456
6S8R-B-A	Positive	0.0715705	0.928429
6MM5-C-E	Positive	0.330983	0.669017
6O20-E-F	Positive	0.0896683	0.910332
6CDC-C-A	Positive	0.268749	0.731251
6RYF-G-A	Positive	0.158576	0.841424
6JMT-L-A	Positive	0.199148	0.800852
6PB0-U-R	Positive	0.0733389	0.926661
6CV2-D-A	Negative	0.655266	0.344734
6G0P-B-A	Positive	0.0966336	0.903366
6HWH-M-A	Positive	0.221794	0.778206
6HWH-K-B	Positive	0.221794	0.778206
6DZK-g-M	Positive	0.0416499	0.95835
6TQS-G-A	Positive	0.0493298	0.95067
6TQS-H-B	Positive	0.0879499	0.91205
6ACE-B-A	Positive	0.342664	0.657336
6KDR-D-A	Negative	0.563875	0.436125
6KDR-E-A	Positive	0.16905	0.83095
6F1Z-o-s	Negative	0.765626	0.234374
6F1Z-p-s	Positive	0.489037	0.510963
6FTP-B-A	Positive	0.0760322	0.923968
6PZV-D-A	Positive	0.388379	0.611621
6PZV-H-E	Positive	0.356784	0.643216
6LP3-C-A	Positive	0.143688	0.856312
6CZO-B-A	Positive	0.0886444	0.911356
6CZO-D-A	Negative	0.501855	0.498145
6UYS-B-A	Positive	0.0151442	0.984856
6GRG-A-1	Negative	0.640494	0.359506
6WBA-C-A	Positive	0.0553059	0.944694
6WBA-B-A	Positive	0.0721934	0.927807
6D94-B-A	Positive	0.275938	0.724062
6E3I-B-A	Positive	0.0408826	0.959117
6E8R-C-A	Positive	0.166559	0.833441
6E8R-D-B	Positive	0.0743311	0.925669
6ESB-7-6	Positive	0.184799	0.815201
6VME-D-B	Positive	0.0440745	0.955925
6VME-P-F	Negative	0.901201	0.0987992
6VME-Q-G	Positive	0.166217	0.833783
6VME-R-H	Positive	0.0263278	0.973672
6VME-A-I	Positive	0.0220495	0.977951
6VME-T-J	Positive	0.0226957	0.977304
6WBB-C-I	Positive	0.390134	0.609866
6WBB-B-I	Positive	0.0207677	0.979232
6D29-C-A	Positive	0.494817	0.505183
6WHN-F-A	Positive	0.366002	0.633998
6IXR-B-A	Positive	0.0934734	0.906527
6RU8-E-A	Positive	0.0590985	0.940902
6RU8-F-A	Positive	0.064055	0.935945
6RU8-G-C	Positive	0.0498652	0.950135
6TDB-F-A	Positive	0.0138488	0.986151
6TDB-J-C	Positive	0.22828	0.77172
6TDB-K-D	Positive	0.143581	0.856419
6QTM-F-A	Positive	0.0570028	0.942997
6Z5S-A-W	Negative	0.616794	0.383206
6Z5S-6-M	Negative	0.530409	0.469591
6Z5S-4-M	Positive	0.134826	0.865174
6WZX-C-A	Positive	0.00665948	0.993341
6WZX-D-B	Positive	0.193941	0.806059
6J5A-d-f	Positive	0.330694	0.669306
6J5A-8-a	Positive	0.132809	0.867191
6Z9V-C-A	Positive	0.254045	0.745955
6Z9V-F-D	Positive	0.254045	0.745955
6MNS-P-H	Positive	0.157831	0.842169
6MNS-Q-A	Positive	0.0446394	0.955361
6KC4-B-A	Positive	0.025747	0.974253
6KC4-D-C	Positive	0.0572309	0.942769
6M91-C-A	Positive	0.0227487	0.977251
6FIK-C-A	Positive	0.308006	0.691994
6IC9-C-A	Positive	0.449426	0.550574
6IC9-D-B	Positive	0.429171	0.570829
6P5L-D-A	Positive	0.188314	0.811686
6TYI-Y-A	Positive	0.212185	0.787815
6TYI-Z-B	Positive	0.289507	0.710493
6BCR-C-A	Positive	0.393009	0.606991
6BCR-G-E	Positive	0.379899	0.620101
6PAV-D-B	Positive	0.157439	0.842561
6PAV-C-A	Positive	0.329566	0.670434
6QU1-D-A	Negative	0.692901	0.307099
6RHE-D-A	Positive	0.0434034	0.956597
6JH8-B-A	Positive	0.194293	0.805707
6HZB-B-A	Positive	0.207773	0.792227
6BJ5-F-B	Negative	0.744503	0.255497
6BJ5-H-B	Negative	0.700733	0.299267
6BJ5-G-A	Negative	0.76359	0.23641
6IFG-E-A	Positive	0.0352781	0.964722
6TYZ-B-A	Positive	0.0372273	0.962773
6RMA-B-A	Positive	0.213606	0.786394
6Q6H-S-L	Positive	0.0434847	0.956515
6DQU-B-A	Positive	0.345969	0.654031
6D40-C-A	Positive	0.248197	0.751803
6ULF-P-A	Positive	0.125505	0.874495
6WA9-S-A	Positive	0.100768	0.899232
6TWC-C-A	Positive	0.368365	0.631635
6QNO-G-B	Positive	0.31892	0.68108
6VBO-C-L	Positive	0.0607664	0.939234
6C48-F-A	Positive	0.103978	0.896022
6DQR-B-A	Positive	0.0260759	0.973924
6I4X-D-A	Positive	0.184695	0.815305
6ADO-A-C	Positive	0.168832	0.831168
6ADO-B-C	Positive	0.134013	0.865987
6ADO-D-C	Positive	0.0912934	0.908707
6R2L-C-A	Positive	0.0573488	0.942651
6UUD-A-H	Positive	0.104198	0.895802
6Y9O-C-A	Positive	0.14826	0.85174
6YBB-C-A	Positive	0.0499468	0.950053
6LU1-F-A	Positive	0.28238	0.71762
6LU1-J-A	Positive	0.390876	0.609124
6LU1-M-B	Positive	0.378866	0.621134
6EU0-I-A	Negative	0.68881	0.31119
6Y40-P-A	Positive	0.0407794	0.959221
6XYX-D-A	Positive	0.138663	0.861337
6N3Q-B-A	Positive	0.283848	0.716152
6WX9-B-A	Positive	0.339113	0.660887
6FHU-F-A	Positive	0.0053841	0.994616
6OS2-B-A	Positive	0.218775	0.781225
6YAN-l-Q	Positive	0.0384273	0.961573
6M94-C-A	Positive	0.0717922	0.928208
6AK2-D-A	Positive	0.100083	0.899917
6FRK-t-x	Positive	0.0332597	0.96674
6F9I-X-A	Positive	0.0110486	0.988951
6F9I-C-B	Positive	0.0104004	0.9896
6U0O-D-B	Positive	0.128305	0.871695
6A5E-E-A	Positive	0.154135	0.845865
6TGX-C-A	Negative	0.531761	0.468239
6BD2-C-A	Positive	0.139934	0.860066
6UML-E-C	Positive	0.0763754	0.923625
6ULV-E-A	Positive	0.0284716	0.971528
6SNE-O-A	Negative	0.577207	0.422793
6SNE-N-E	Negative	0.610245	0.389755
6SNE-P-E	Negative	0.794042	0.205958
6SNE-J-C	Positive	0.145763	0.854237
6DUB-E-A	Positive	0.148511	0.851489
6DUB-F-B	Positive	0.148511	0.851489
6KAC-J-A	Positive	0.244988	0.755012
6KAC-L-A	Positive	0.0565571	0.943443
6KAC-U-B	Negative	0.776007	0.223993
6KAC-V-C	Positive	0.130389	0.869611
6KAC-4-C	Negative	0.661672	0.338328
6KAC-X-D	Positive	0.495528	0.504472
6KAC-1-E	Positive	0.0258565	0.974143
6MPP-B-A	Positive	0.134403	0.865597
6X8P-P-H	Negative	0.828454	0.171546
6XIB-I-B	Positive	0.0287246	0.971275
6OSW-B-A	Positive	0.353953	0.646047
6HUM-P-D	Negative	0.644542	0.355458
6HUM-Q-D	Negative	0.816983	0.183017
6NSX-B-A	Positive	0.0423815	0.957619
6P07-G-A	Positive	0.334133	0.665867
6BFC-a-A	Positive	0.282024	0.717976
6BFC-b-B	Negative	0.760968	0.239032
6IWW-B-A	Positive	0.296697	0.703303
6MSL-C-A	Negative	0.826247	0.173753
6P8B-L-A	Positive	0.274271	0.725729
6QTU-B-A	Negative	0.677955	0.322045
6YA7-C-A	Positive	0.40586	0.59414
6WH8-C-B	Positive	0.425559	0.574441
6TQP-B-A	Positive	0.1519	0.8481
6HGF-B-A	Positive	0.111759	0.888241
6UGD-G-A	Positive	0.312195	0.687805
6X6M-B-A	Positive	0.243876	0.756124
6EX9-B-A	Positive	0.461513	0.538487
6Q97-6-D	Positive	0.0235985	0.976401
6Q97-f-F	Positive	0.140966	0.859034
6NJG-B-C	Positive	0.0559746	0.944025
6IUA-B-A	Positive	0.159859	0.840141
6HGT-E-A	Positive	0.0513746	0.948625
6HGT-F-B	Positive	0.0837633	0.916237
6EDS-C-A	Positive	0.249811	0.750189
6BRA-S-A	Positive	0.221135	0.778865
6TRA-J-A	Negative	0.718081	0.281919
6Y4P-B-A	Positive	0.0529982	0.947002
6YLU-B-A	Positive	0.146975	0.853025
6CV1-D-A	Positive	0.250887	0.749113
6CXG-A-L	Positive	0.115394	0.884606
6CXG-C-H	Positive	0.0936001	0.9064
6XAR-C-A	Negative	0.660583	0.339417
6VPX-G-H	Positive	0.047472	0.952528
6WPW-P-R	Positive	0.349421	0.650579
6AF0-C-A	Negative	0.739958	0.260042
6M64-B-A	Positive	0.292238	0.707762
6M64-D-C	Positive	0.293628	0.706372
6M64-F-E	Positive	0.127381	0.872619
6C16-C-A	Positive	0.345554	0.654446
6C16-F-B	Positive	0.173733	0.826267
6HLD-B-A	Positive	0.066167	0.933833
6RBE-O-B	Positive	0.0193288	0.980671
6UZV-J-A	Negative	0.699078	0.300922
6UZV-M-B	Positive	0.221417	0.778583
6SNC-C-A	Positive	0.0437277	0.956272
6IIJ-D-A	Positive	0.161271	0.838729
6WSL-D-C	Positive	0.221358	0.778642
6IEU-C-A	Positive	0.240579	0.759421
6KZJ-B-A	Negative	0.902437	0.0975632
6KZJ-C-A	Negative	0.854367	0.145633
6S8X-D-A	Positive	0.345277	0.654723
6S8X-E-B	Negative	0.671327	0.328673
6Q68-B-A	Positive	0.45707	0.54293
6QZY-B-A	Positive	0.122499	0.877501
6LDW-C-L	Positive	0.0631185	0.936882
6CBZ-C-A	Positive	0.126436	0.873564
6EJE-B-A	Positive	0.164414	0.835586
6N4I-E-A	Positive	0.127266	0.872734
6ZXR-B-A	Positive	0.0801819	0.919818
6W6W-B-A	Negative	0.592202	0.407798
6N9T-E-A	Positive	0.073061	0.926939
6D07-C-A	Positive	0.109838	0.890162
6DEI-C-A	Positive	0.0338699	0.96613
6DEI-D-A	Positive	0.0498631	0.950137
6D2R-C-A	Positive	0.105735	0.894265
6Z9W-C-A	Positive	0.220279	0.779721
6HIL-L-A	Positive	0.383474	0.616526
6V4F-B-A	Positive	0.0548055	0.945195
6Z7Y-H-A	Positive	0.0473568	0.952643
6Z7Y-F-C	Positive	0.311959	0.688041
6C0H-C-A	Positive	0.283528	0.716472
6X1U-D-H	Positive	0.0256914	0.974309
6TBT-C-A	Positive	0.0331877	0.966812
6F3A-c-B	Positive	0.246511	0.753489
6F3A-j-f	Positive	0.12241	0.87759
6FHS-H-C	Positive	0.103839	0.896161
6WJN-e-V	Positive	0.380644	0.619356
6AM5-C-A	Positive	0.342269	0.657731
6ZCD-P-V	Positive	0.186186	0.813814
6O2A-F-A	Positive	0.0567988	0.943201
6O2A-G-C	Positive	0.0567988	0.943201
6OLF-y-C	Negative	0.70623	0.29377
6XWD-P-A	Positive	0.321952	0.678048
6K68-E-A	Positive	0.0648776	0.935122
6ILF-C-A	Positive	0.284864	0.715136
6S6Q-C-A	Positive	0.325265	0.674735
6O8B-D-A	Positive	0.340408	0.659592
6O8B-E-A	Positive	0.107849	0.892151
6A5Q-E-B	Positive	0.0950256	0.904974
6A5Q-F-A	Positive	0.0759632	0.924037
6T9J-B-I	Negative	0.513047	0.486953
6Y4O-B-A	Positive	0.0424839	0.957516
6BYK-K-A	Positive	0.299152	0.700848
6BYK-G-B	Positive	0.132691	0.867309
6BYK-R-C	Positive	0.0792997	0.9207
6O3X-D-A	Positive	0.0775842	0.922416
6FJ3-B-A	Negative	0.529866	0.470134
6FO2-V-N	Positive	0.191365	0.808635
6S9K-B-A	Positive	0.141829	0.858171
6EF0-s-I	Positive	0.0703296	0.92967
6O4Z-C-A	Positive	0.110046	0.889954
6IXQ-B-A	Positive	0.430565	0.569435
6M71-D-A	Positive	0.299493	0.700507
6NID-D-A	Positive	0.0259274	0.974073
6NID-E-A	Positive	0.0340551	0.965945
6IEX-C-A	Positive	0.0322139	0.967786
6VTW-A-L	Negative	0.655907	0.344093
6V6A-B-A	Positive	0.249197	0.750803
6V6A-D-A	Positive	0.249197	0.750803
6RD2-C-B	Negative	0.704941	0.295059
6QTC-B-A	Positive	0.41823	0.58177
6Z2Q-D-A	Positive	0.128222	0.871778
6SOF-H-A	Positive	0.290739	0.709261
6JJY-U-A	Positive	0.242868	0.757132
6FMQ-D-A	Positive	0.0678238	0.932176
6O21-B-A	Positive	0.277737	0.722263
6E4Y-P-H	Positive	0.0964055	0.903594
6D11-E-A	Positive	0.200151	0.799849
6SAT-P-A	Positive	0.0584814	0.941519
6L7C-S-A	Positive	0.311669	0.688331
6PJ4-B-A	Positive	0.141127	0.858873
6O2B-F-A	Positive	0.043314	0.956686
6XLI-E-A	Negative	0.584458	0.415542
6RXM-K-C	Positive	0.116237	0.883763
6XY6-B-A	Positive	0.0683117	0.931688
6XY6-F-A	Positive	0.0683656	0.931634
6XY6-D-C	Positive	0.0741879	0.925812
6XY6-H-G	Positive	0.479557	0.520443
6XY6-N-M	Positive	0.101682	0.898318
6XY6-P-O	Positive	0.0627452	0.937255
6VEP-B-E	Positive	0.491926	0.508074
6VEP-F-E	Positive	0.352911	0.647089
6VEP-N-Q	Positive	0.435325	0.564675
6NBH-P-R	Negative	0.602427	0.397573
6SK7-D-A	Positive	0.0140786	0.985921
6JP3-C-A	Positive	0.0570447	0.942955
6JP3-D-A	Positive	0.013528	0.986472
6FGP-A-B	Positive	0.477638	0.522362
6S22-F-A	Positive	0.263048	0.736952
6WLX-B-A	Positive	0.044429	0.955571
6TM5-S-I	Positive	0.0203304	0.97967
6TM5-Q-P	Positive	0.013574	0.986426
6X5G-B-A	Positive	0.294962	0.705038
6LNM-B-A	Positive	0.234643	0.765357
6LNM-F-E	Positive	0.352372	0.647628
6V0N-C-A	Positive	0.143577	0.856423
7ZAI-Y-3	Positive	0.0879419	0.912058
7JJC-G-C	Positive	0.0874008	0.912599
7ZXY-F-A	Positive	0.308962	0.691038
7ZXY-G-A	Positive	0.341991	0.658009
7ZXY-H-A	Positive	0.281613	0.718387
7ZXY-E-C	Negative	0.617999	0.382001
7ZXY-N-I	Positive	0.291008	0.708992
7ZXY-M-K	Negative	0.617999	0.382001
7NMF-C-A	Positive	0.481031	0.518969
7BGI-J-A	Negative	0.740641	0.259359
7VAB-P-R	Positive	0.13097	0.86903
7YKG-B-A	Positive	0.0576739	0.942326
7JFM-C-A	Negative	0.767385	0.232615
7JFM-D-A	Negative	0.501931	0.498069
7V2K-K-A	Positive	0.116209	0.883791
7V2K-f-g	Negative	0.67762	0.32238
7M55-A-H	Positive	0.021471	0.978529
7ORH-P-A	Negative	0.601107	0.398893
7VYA-W-B	Negative	0.760788	0.239212
7FDL-B-A	Negative	0.613192	0.386808
7FDL-J-A	Positive	0.499078	0.500922
7FDL-D-C	Positive	0.438492	0.561508
7FDL-F-C	Negative	0.742917	0.257083
7FDL-L-C	Positive	0.0383009	0.961699
7RD1-U-A	Positive	0.016538	0.983462
7RD1-V-A	Positive	0.0744415	0.925559
7RD1-W-A	Positive	0.259056	0.740944
7RD1-1-D	Positive	0.103686	0.896314
7RD1-2-D	Positive	0.264558	0.735442
7RD1-3-D	Positive	0.097194	0.902806
7RD1-Z-H	Positive	0.134076	0.865924
7RD1-4-J	Positive	0.179318	0.820682
7RD1-8-J	Negative	0.552879	0.447121
7BA3-B-A	Positive	0.034336	0.965664
7CFP-B-A	Positive	0.14941	0.85059
7QP4-P-A	Positive	0.152781	0.847219
7QOX-C-A	Positive	0.474483	0.525517
7QOX-D-B	Positive	0.10236	0.89764
7W0A-B-A	Positive	0.35465	0.64535
7EZW-B-A	Positive	0.104461	0.895539
7RZV-D-A	Positive	0.153894	0.846106
7LDG-B-A	Positive	0.149435	0.850565
7LDG-D-A	Positive	0.252197	0.747803
7F4W-E-A	Positive	0.0926914	0.907309
7TAY-K-A	Negative	0.660098	0.339902
7WTS-z-W	Positive	0.200035	0.799965
7WTS-e-J	Positive	0.151573	0.848427
7SXH-B-A	Positive	0.0300941	0.969906
7JQ8-B-A	Positive	0.0913531	0.908647
7MD2-H-G	Negative	0.708829	0.291171
7THX-4-1	Negative	0.725702	0.274298
7N5C-C-A	Positive	0.109503	0.890497
7XJL-A-F	Positive	0.0471804	0.95282
7EID-C-A	Positive	0.0412094	0.958791
7GVV-D-A	Positive	0.169901	0.830099
7VHC-G-A	Positive	0.00953837	0.990462
7OJ9-B-A	Negative	0.637859	0.362141
7WYW-G-A	Positive	0.163737	0.836263
7UO8-B-A	Positive	0.344517	0.655483
7MT7-1-3	Negative	0.689135	0.310865
7MT7-4-G	Negative	0.620165	0.379835
7UIW-S-A	Positive	0.357691	0.642309
7YAE-D-E	Positive	0.191542	0.808458
7E9L-C-A	Positive	0.226221	0.773779
7LC9-F-A	Positive	0.0882282	0.911772
7LC9-L-E	Positive	0.0698544	0.930146
7K2P-P-A	Positive	0.319135	0.680865
7Q98-C-A	Positive	0.071547	0.928453
7D0S-B-A	Positive	0.203845	0.796155
7ELL-A-a	Positive	0.0622145	0.937786
7ELL-I-g	Negative	0.586621	0.413379
7LRC-A-B	Positive	0.128924	0.871076
7Z8O-B-A	Positive	0.141458	0.858542
7YCA-J-2	Positive	0.40693	0.59307
7YCA-I-6	Negative	0.709344	0.290656
7YCA-M-6	Positive	0.204123	0.795877
7K95-B-A	Positive	0.146005	0.853995
7K95-C-A	Positive	0.135418	0.864582
7OBY-B-A	Positive	0.163239	0.836761
7UIF-M-A	Negative	0.602434	0.397566
7UIF-L-B	Positive	0.499143	0.500857
7YKH-B-A	Positive	0.29243	0.70757
7YKH-D-A	Positive	0.26461	0.73539
7YCX-h-f	Negative	0.654002	0.345998
7V31-K-A	Negative	0.755778	0.244222
7V31-f-g	Negative	0.604883	0.395117
7D3Y-E-A	Positive	0.19084	0.80916
7M8T-C-A	Positive	0.0182748	0.981725
7H1O-A-B	Negative	0.505934	0.494066
7Y7H-h-w	Positive	0.0887893	0.911211
7SIF-C-A	Positive	0.0854593	0.914541
7XNO-A-Y	Negative	0.80925	0.19075
7KGT-C-A	Positive	0.177973	0.822027
7BWN-L-F	Negative	0.565786	0.434214
7BWN-B-F	Positive	0.132921	0.867079
7BWN-D-A	Negative	0.65293	0.34707
7BWN-N-C	Positive	0.100197	0.899803
7BWN-G-E	Positive	0.246224	0.753776
7BWN-P-H	Negative	0.606216	0.393784
7M6T-D-A	Positive	0.0414824	0.958518
7Y7I-K-A	Negative	0.741463	0.258537
7VVL-P-R	Positive	0.0940668	0.905933
7SMC-B-A	Positive	0.194633	0.805367
7SMC-D-C	Positive	0.396143	0.603857
7FJE-a-d	Positive	0.123514	0.876486
7FJE-b-d	Negative	0.540602	0.459398
7JYN-B-A	Negative	0.563984	0.436016
7S8A-C-A	Negative	0.555182	0.444818
7T8W-D-L	Positive	0.117873	0.882127
7K75-E-A	Positive	0.0557395	0.944261
7U0E-D-A	Positive	0.111082	0.888918
7PIA-z-1	Negative	0.645456	0.354544
7PIA-0-c	Positive	0.236616	0.763384
7PIA-x-d	Negative	0.757744	0.242256
7PIA-2-l	Positive	0.0763891	0.923611
7NXT-P-A	Positive	0.180367	0.819633
7RDV-H-A	Positive	0.104064	0.895936
7YBF-C-A	Positive	0.100727	0.899273
7ADP-D-A	Negative	0.703976	0.296024
7W40-E-A	Positive	0.0338565	0.966143
7W40-D-C	Positive	0.210653	0.789347
7KI1-P-R	Positive	0.102401	0.897599
7N2N-C-A	Positive	0.198638	0.801362
7OS4-E-A	Positive	0.211894	0.788106
7WZ6-B-A	Positive	0.399391	0.600609
7RMI-S-R	Positive	0.0298994	0.970101
7RMI-G-B	Positive	0.0777687	0.922231
7UXO-B-A	Positive	0.0162666	0.983733
7DJQ-C-A	Positive	0.184432	0.815568
7TT7-C-E	Positive	0.146152	0.853848
7DC6-E-A	Positive	0.0976178	0.902382
7VXS-Q-V	Negative	0.559375	0.440625
7VXS-f-g	Negative	0.604883	0.395117
7O54-B-A	Positive	0.238949	0.761051
7QS6-B-A	Positive	0.386949	0.613051
7RDA-C-H	Positive	0.0308345	0.969165
7N2Q-C-D	Positive	0.374018	0.625982
7WX4-E-A	Positive	0.0783076	0.921692
7RRG-C-A	Positive	0.109292	0.890708
7VAY-I-F	Positive	0.0874332	0.912567
7PG1-A-B	Negative	0.511559	0.488441
7PG1-D-B	Positive	0.0572842	0.942716
7RF1-R-E	Positive	0.181146	0.818854
7MNS-B-A	Negative	0.574104	0.425896
7ASO-g-Q	Negative	0.678221	0.321779
7JI0-C-A	Positive	0.146259	0.853741
7DVP-C-A	Positive	0.20819	0.79181
7MEX-D-C	Positive	0.0267587	0.973241
7Z8I-r-L	Positive	0.122759	0.877241
7Z8I-j-X	Negative	0.552038	0.447962
7FGL-C-H	Positive	0.164536	0.835464
7YOD-B-A	Positive	0.197744	0.802256
7TDZ-t-r	Positive	0.193483	0.806517
7TDZ-s-r	Positive	0.166819	0.833181
7W0P-D-R	Positive	0.460354	0.539646
7YJK-C-B	Positive	0.266125	0.733875
7BZ2-G-B	Positive	0.359636	0.640364
7LHY-B-A	Positive	0.0391729	0.960827
7S7E-C-A	Positive	0.43855	0.56145
7VHF-G-A	Positive	0.00650246	0.993498
7RZQ-D-A	Negative	0.648973	0.351027
7RZQ-F-A	Negative	0.663823	0.336177
7NAF-c-5	Negative	0.770391	0.229609
7NAF-q-5	Positive	0.312333	0.687667
7NAF-d-b	Positive	0.0352356	0.964764
7NAF-U-b	Positive	0.0733083	0.926692
7T1Y-C-B	Positive	0.318269	0.681731
7ZP8-z-e	Negative	0.664495	0.335505
7SL4-C-A	Positive	0.376745	0.623255
7SL4-D-A	Negative	0.76848	0.23152
7JL7-F-A	Positive	0.0156348	0.984365
7W36-B-A	Positive	0.436316	0.563684
7RK7-C-A	Positive	0.221638	0.778362
7PC8-C-A	Positive	0.108783	0.891217
7PC8-D-B	Positive	0.344293	0.655707
7CG0-7-f	Positive	0.253013	0.746987
7AYF-P-A	Positive	0.0759817	0.924018
7E1T-C-A	Positive	0.132464	0.867536
7E1T-D-A	Positive	0.151046	0.848954
7SVU-a-A	Positive	0.342702	0.657298
7TMW-C-B	Positive	0.106491	0.893509
7SKZ-A-H	Positive	0.0813443	0.918656
7E12-B-A	Positive	0.0733349	0.926665
7RNB-F-A	Positive	0.188601	0.811399
7ZRT-B-A	Positive	0.401768	0.598232
7F6I-L-A	Positive	0.20161	0.79839
7F6I-D-C	Positive	0.461275	0.538725
7BIN-K-D	Negative	0.578428	0.421572
7LBO-F-B	Positive	0.367572	0.632428
7YI2-E-A	Positive	0.119222	0.880778
7A18-1-3	Positive	0.166166	0.833834
7UM2-C-A	Positive	0.175847	0.824153
7Y6C-U-A	Positive	0.052082	0.947918
7C06-Z-M	Positive	0.103159	0.896841
7C06-T-S	Negative	0.544233	0.455767
7AQQ-b-A	Positive	0.399998	0.600002
7AQQ-L-M	Positive	0.0984439	0.901556
7AQQ-v-N	Positive	0.0658157	0.934184
7F1R-C-B	Positive	0.225632	0.774368
7AZX-C-A	Positive	0.376442	0.623558
7JYX-C-A	Positive	0.116954	0.883046
7UDL-B-A	Negative	0.706304	0.293696
7UDL-D-A	Positive	0.493135	0.506865
7YK8-I-L	Positive	0.167878	0.832122
7WQ4-L-R	Positive	0.178857	0.821143
7OBT-B-A	Positive	0.273604	0.726396
7R44-s-E	Positive	0.126332	0.873668
7R44-c-O	Negative	0.630039	0.369961
7BG7-4-1	Negative	0.787855	0.212145
7OZK-D-A	Negative	0.626062	0.373938
7BMC-B-A	Positive	0.309771	0.690229
7VCL-B-A	Positive	0.0239876	0.976012
7NAB-C-H	Positive	0.417527	0.582473
7OWN-D-A	Positive	0.42494	0.57506
7SL2-C-A	Positive	0.358512	0.641488
7SL2-D-A	Positive	0.0940683	0.905932
7SL2-E-A	Positive	0.0590339	0.940966
7SL2-G-A	Positive	0.192214	0.807786
7UQJ-G-A	Positive	0.323661	0.676339
7RBT-P-R	Positive	0.434214	0.565786
7TMX-A-I	Positive	0.0630699	0.93693
7TMX-B-I	Positive	0.0370661	0.962934
7RJQ-B-A	Positive	0.0439026	0.956097
7NTK-C-A	Positive	0.263914	0.736086
7NTK-H-D	Positive	0.391907	0.608093
7AZ5-H-A	Positive	0.0507722	0.949228
7UI8-B-A	Positive	0.211453	0.788547
7F87-F-A	Positive	0.116149	0.883851
7DYN-C-A	Positive	0.0660391	0.933961
7ZGQ-C-A	Negative	0.774012	0.225988
7ZX4-C-A	Positive	0.249369	0.750631
7ZX4-E-A	Positive	0.371389	0.628611
7OEU-1-A	Positive	0.160522	0.839478
7VNY-7-L	Negative	0.531364	0.468636
7VNY-8-L	Negative	0.659284	0.340716
7VNY-B-H	Positive	0.178944	0.821056
7VNY-E-A	Negative	0.698052	0.301948
7VNY-G-D	Negative	0.698052	0.301948
7VNY-J-F	Negative	0.698052	0.301948
7VNY-Z-W	Negative	0.579867	0.420133
7VNY-2-3	Positive	0.0714774	0.928523
7FBP-B-A	Positive	0.216111	0.783889
7X8B-B-A	Positive	0.0115534	0.988447
7PMX-B-A	Positive	0.0418619	0.958138
7WUN-X-A	Positive	0.158299	0.841701
7PB4-H-I	Positive	0.248876	0.751124
7Q0B-E-A	Positive	0.0672695	0.932731
7XMA-Y-N	Positive	0.449836	0.550164
7XMA-Z-N	Negative	0.784802	0.215198
7DPZ-4-1	Negative	0.66874	0.33126
7M4R-C-A	Positive	0.0536149	0.946385
7S8Q-C-A	Positive	0.285222	0.714778
7QUX-D-A	Positive	0.0543361	0.945664
7K17-C-A	Positive	0.0435774	0.956423
7NRF-B-A	Positive	0.237643	0.762357
7Y67-L-D	Positive	0.0347376	0.965262
7E6J-B-A	Positive	0.180784	0.819216
7OVX-Q-A	Positive	0.0296398	0.97036
7OXJ-D-A	Positive	0.328935	0.671065
7TT1-P-A	Positive	0.101871	0.898129
7TT1-C-E	Positive	0.250405	0.749595
7JZO-C-A	Positive	0.447792	0.552208
7JZO-D-B	Negative	0.55619	0.44381
7ZE3-D-A	Positive	0.15252	0.84748
7ZE3-Q-A	Positive	0.0852764	0.914724
7ZE3-N-S	Positive	0.15252	0.84748
7PBT-G-C	Positive	0.029903	0.970097
7TA6-L-A	Positive	0.389719	0.610281
7A8T-B-A	Negative	0.560461	0.439539
7KOR-Y-L	Positive	0.111022	0.888978
7RJM-C-A	Positive	0.109266	0.890734
7FB5-B-A	Positive	0.0716802	0.92832
7AXN-P-A	Positive	0.0833616	0.916638
7K2F-C-A	Positive	0.107079	0.892921
7WJ3-C-A	Positive	0.0175576	0.982442
7S48-B-A	Positive	0.0451603	0.95484
7QHO-M-A	Negative	0.798937	0.201063
7WWQ-B-A	Positive	0.266535	0.733465
7FJF-b-g	Negative	0.540602	0.459398
7ZE8-B-A	Positive	0.201044	0.798956
7ZE8-R-A	Positive	0.201044	0.798956
7OIU-D-C	Negative	0.740985	0.259015
7OIU-F-B	Positive	0.263823	0.736177
7XHO-c-H	Positive	0.148356	0.851644
7XHO-C-L	Positive	0.0768532	0.923147
7SG0-C-A	Positive	0.219048	0.780952
7WYY-G-A	Positive	0.163737	0.836263
7AZ6-H-A	Positive	0.0708636	0.929136
7P4B-P-A	Positive	0.118011	0.881989
7YJ4-A-R	Positive	0.0426346	0.957365
7YJ4-B-R	Positive	0.112893	0.887107
7ZVW-H-B	Negative	0.821938	0.178062
7FJ1-Y-B	Positive	0.101433	0.898567
7FJ1-Z-B	Negative	0.806061	0.193939
7M5N-D-A	Positive	0.119594	0.880406
7M5N-E-B	Positive	0.0498945	0.950105
7XAM-c-e	Negative	0.754288	0.245712
7YYH-k-E	Positive	0.0979643	0.902036
7V1L-V-B	Positive	0.10475	0.89525
7V0K-W-H	Positive	0.0863643	0.913636
7V0K-N-O	Positive	0.224815	0.775185
7AA7-P-A	Positive	0.302091	0.697909
7ZMB-e-5	Positive	0.0649366	0.935063
7ZMB-o-B	Positive	0.120858	0.879142
7CEC-D-A	Negative	0.633689	0.366311
7CEC-E-A	Positive	0.148016	0.851984
7XXF-Q-C	Negative	0.563431	0.436569
7XXF-Y-C	Negative	0.563431	0.436569
7XXF-A-L	Negative	0.563431	0.436569
7XXF-a-B	Negative	0.528539	0.471461
7R1W-G-A	Positive	0.0759755	0.924025
7WT5-C-A	Positive	0.126352	0.873648
7WT5-F-D	Positive	0.126352	0.873648
7Y1Q-B-A	Negative	0.574592	0.425408
7WVV-L-R	Positive	0.13123	0.86877
7VD2-A-H	Positive	0.449959	0.550041
7VD2-F-C	Positive	0.449959	0.550041
7VD2-E-B	Positive	0.0836159	0.916384
7QPB-H-A	Positive	0.0614043	0.938596
7CIZ-H-A	Positive	0.205276	0.794724
7CIZ-D-E	Positive	0.153509	0.846491
7NEF-I-A	Positive	0.0203506	0.979649
7KPU-E-D	Positive	0.0392723	0.960728
7N8J-B-A	Positive	0.0248904	0.97511
7D0P-B-A	Positive	0.203845	0.796155
7F8W-E-R	Positive	0.0432578	0.956742
7UVE-B-A	Positive	0.0354222	0.964578
7SR9-A-B	Negative	0.803754	0.196246
7EVP-C-A	Negative	0.616771	0.383229
7YJO-E-B	Negative	0.587562	0.412438
7YJO-C-B	Positive	0.286182	0.713818
7VZE-F-B	Positive	0.0641268	0.935873
7K7R-C-A	Negative	0.826623	0.173377
7K7R-F-D	Negative	0.826623	0.173377
7YUE-C-A	Negative	0.510547	0.489453
7CI2-C-A	Positive	0.320841	0.679159
7Y8D-B-A	Positive	0.161228	0.838772
7MU2-B-A	Positive	0.107769	0.892231
7MU2-D-C	Positive	0.013301	0.986699
7OY2-X-C	Positive	0.343795	0.656205
7QBS-B-A	Positive	0.160678	0.839322
7V9B-B-A	Positive	0.035921	0.964079
7SMK-C-A	Positive	0.066438	0.933562
7XZR-C-A	Positive	0.223992	0.776008
7JHX-C-A	Positive	0.117342	0.882658
7JHX-D-B	Positive	0.08198	0.91802
7S4G-K-A	Positive	0.126954	0.873046
7AU3-D-A	Positive	0.463619	0.536381
7X14-B-A	Positive	0.0428881	0.957112
7BL4-d-F	Negative	0.61779	0.38221
7SJS-C-H	Positive	0.133768	0.866232
7Q42-B-A	Negative	0.565012	0.434988
7Q42-F-E	Positive	0.197655	0.802345
7QKW-D-B	Negative	0.521667	0.478333
7XZQ-B-A	Positive	0.261217	0.738783
7T8R-B-A	Positive	0.226143	0.773857
7LFI-C-A	Negative	0.702017	0.297983
7EMD-C-A	Positive	0.0896489	0.910351
7Q51-B-A	Positive	0.427147	0.572853
7NEW-G-A	Positive	0.188314	0.811686
7QI5-t-I	Negative	0.687061	0.312939
7QI5-u-I	Positive	0.202618	0.797382
7QI5-w-I	Positive	0.0329863	0.967014
7N08-F-H	Positive	0.182137	0.817863
7X9C-P-R	Negative	0.798583	0.201417
7UNC-L-B	Positive	0.0970518	0.902948
7AR7-r-C	Positive	0.0235083	0.976492
7AR7-k-L	Negative	0.5443	0.4557
7AR7-l-L	Negative	0.714673	0.285327
7AR7-v-N	Positive	0.0658157	0.934184
7D0E-B-A	Positive	0.120135	0.879865
7ZTL-B-A	Positive	0.0297185	0.970281
7ML4-V-O	Positive	0.0881353	0.911865
7RQR-C-A	Positive	0.100038	0.899962
7T2A-C-A	Positive	0.0670432	0.932957
7EV8-B-A	Positive	0.150553	0.849447
7R51-C-A	Positive	0.293461	0.706539
7NW3-A-H	Positive	0.406443	0.593557
7RTR-C-A	Negative	0.583354	0.416646
7XV1-B-A	Positive	0.197072	0.802928
7TV4-K-B	Positive	0.278221	0.721779
7NP2-P-A	Positive	0.122888	0.877112
7RG3-B-A	Positive	0.0964413	0.903559
7RG3-C-A	Positive	0.0996759	0.900324
7LG3-C-A	Positive	0.0550219	0.944978
7UDC-C-A	Positive	0.0691162	0.930884
7Z2Z-W-C	Positive	0.460486	0.539514
7N40-C-A	Positive	0.205852	0.794148
7T8Z-B-A	Positive	0.0283361	0.971664
7TIT-G-A	Positive	0.261799	0.738201
7DRM-E-A	Positive	0.106546	0.893454
7DRM-F-C	Positive	0.0995992	0.900401
7O3E-J-D	Positive	0.440499	0.559501
7O3E-l-F	Positive	0.306702	0.693298
7O3E-m-F	Negative	0.648096	0.351904
7O3E-P-L	Positive	0.177201	0.822799
7O3E-k-a	Negative	0.834937	0.165063
7ETJ-P-M	Positive	0.414818	0.585182
7BV4-C-A	Positive	0.258426	0.741574
7BV4-F-A	Positive	0.0700382	0.929962
7KPK-B-A	Positive	0.343172	0.656828
7DOH-I-L	Positive	0.0919011	0.908099
7QKF-B-A	Positive	0.0980745	0.901925
7PVT-B-A	Positive	0.355345	0.644655
7VP7-B-A	Positive	0.179894	0.820106
7Q4O-1-A	Positive	0.226704	0.773296
7XQT-C-A	Positive	0.248773	0.751227
7N27-G-A	Positive	0.0110417	0.988958
7T6A-C-A	Positive	0.143166	0.856834
7T6A-D-B	Positive	0.126249	0.873751
7RMH-S-R	Positive	0.286428	0.713572
7OYM-B-A	Positive	0.27381	0.72619
7RG1-B-A	Negative	0.657206	0.342794
7PG4-J-B	Positive	0.173248	0.826752
7V64-C-A	Positive	0.0271615	0.972839
7NHO-F-A	Positive	0.115621	0.884379
7BP6-A-C	Positive	0.0575041	0.942496
7YXP-B-A	Positive	0.119101	0.880899
7QOJ-N-B	Negative	0.780909	0.219091
7QOJ-K-G	Positive	0.331581	0.668419
7QOJ-L-G	Positive	0.152107	0.847893
7UGB-I-A	Positive	0.036237	0.963763
7W6J-F-A	Positive	0.138041	0.861959
7W5C-Q-A	Positive	0.167918	0.832082
7MNT-B-A	Positive	0.487886	0.512114
7AZG-I-A	Positive	0.430112	0.569888
7K3L-B-A	Positive	0.0357215	0.964278
7UKN-B-A	Positive	0.0283518	0.971648
7VY1-Q-V	Negative	0.550518	0.449482
7LMK-F-A	Positive	0.129548	0.870452
7LMK-G-B	Positive	0.084693	0.915307
7QRS-C-A	Positive	0.0662205	0.93378
7W3C-e-Y	Positive	0.175537	0.824463
7A1O-B-A	Positive	0.19697	0.80303
7Z6F-A-E	Positive	0.101805	0.898195
7Y8J-A-H	Positive	0.0602111	0.939789
7WT3-C-A	Positive	0.349036	0.650964
7ZWK-C-B	Positive	0.0666754	0.933325
7DVX-C-A	Positive	0.160708	0.839292
7Z0G-P-A	Positive	0.255506	0.744494
7Z0G-U-R	Positive	0.0829809	0.917019
7JP3-D-A	Negative	0.681218	0.318782
7Z0F-P-A	Negative	0.712197	0.287803
7K3J-B-A	Positive	0.0208768	0.979123
7K3J-H-A	Negative	0.519959	0.480041
7K3J-D-C	Positive	0.0487075	0.951292
7CWH-A-B	Positive	0.149209	0.850791
7Z0Q-G-C	Positive	0.115977	0.884023
7Z8Y-D-A	Positive	0.242886	0.757114
7Z8Y-E-A	Positive	0.124061	0.875939
7O34-P-A	Positive	0.383432	0.616568
7ROY-G-A	Positive	0.454498	0.545502
7ROY-H-B	Negative	0.719349	0.280651
7QQL-F-C	Positive	0.0777967	0.922203
7X1T-E-A	Positive	0.285264	0.714736
7X1T-F-C	Positive	0.39656	0.60344
7EV6-S-A	Positive	0.0139492	0.986051
7YRR-C-A	Positive	0.320917	0.679083
7VYG-Q-c	Negative	0.559375	0.440625
7SG2-C-A	Positive	0.0789633	0.921037
7B13-P-A	Positive	0.0622335	0.937767
7WYI-J-A	Negative	0.740641	0.259359
7MSZ-4-G	Negative	0.620165	0.379835
7SIG-C-A	Positive	0.0854593	0.914541
7OQA-P-A	Positive	0.0723163	0.927684
7YNK-B-A	Positive	0.0685822	0.931418
7UIV-S-A	Positive	0.267874	0.732126
7P7Q-5-0	Negative	0.595993	0.404007
7R5V-R-O	Positive	0.126159	0.873841
7MOP-B-A	Positive	0.120649	0.879351
7ABT-B-A	Negative	0.79613	0.20387
7JTS-E-a	Positive	0.0492338	0.950766
7JTS-F-c	Positive	0.078904	0.921096
7UE2-B-A	Positive	0.207423	0.792577
7XF3-C-A	Positive	0.473421	0.526579
7OQ4-F-A	Positive	0.106061	0.893939
7OQ4-Q-A	Positive	0.23093	0.76907
7OQ4-P-B	Negative	0.785156	0.214844
7JLS-B-A	Positive	0.0193849	0.980615
7N05-E-H	Positive	0.248679	0.751321
7F4N-F-B	Positive	0.087985	0.912015
7F4N-E-D	Negative	0.571806	0.428194
7RNE-F-A	Positive	0.0264488	0.973551
7WB4-O-A	Positive	0.411522	0.588478
7RTB-P-R	Positive	0.159673	0.840327
7AQR-r-C	Positive	0.109145	0.890855
7AQR-Z-D	Positive	0.041146	0.958854
7U6D-A-C	Positive	0.0614779	0.938522
7SL1-E-A	Positive	0.197693	0.802307
7OXH-B-A	Positive	0.111142	0.888858
7XBD-F-A	Positive	0.19046	0.80954
7RUA-E-C	Positive	0.13039	0.86961
7V9M-P-R	Negative	0.506722	0.493278
7Z4A-O-A	Positive	0.406494	0.593506
7Z4A-S-A	Positive	0.220408	0.779592
7Z4A-R-N	Positive	0.0775722	0.922428
7KJR-C-A	Negative	0.729789	0.270211
7EIC-C-A	Positive	0.0182536	0.981746
7E82-v-o	Negative	0.578428	0.421572
7OHR-s-O	Positive	0.0286835	0.971316
7NHK-5-0	Negative	0.595993	0.404007
7NHK-6-I	Positive	0.279986	0.720014
7QIW-d-G	Positive	0.458967	0.541033
7QIW-n-R	Positive	0.0970424	0.902958
7Q13-E-A	Positive	0.0959811	0.904019
7B4T-B-A	Positive	0.40156	0.59844
7R45-s-E	Negative	0.608172	0.391828
7JI2-C-A	Positive	0.148483	0.851517
7JI2-F-D	Positive	0.148483	0.851517
7RJF-B-A	Negative	0.643833	0.356167
7BN3-D-A	Positive	0.0696747	0.930325
7BN3-E-A	Positive	0.145636	0.854364
7FIM-P-R	Positive	0.167275	0.832725
7Q45-B-A	Positive	0.221966	0.778034
7Q45-D-C	Positive	0.207591	0.792409
7Q45-F-E	Positive	0.197655	0.802345
7UIH-C-A	Positive	0.145059	0.854941
7UIH-D-A	Positive	0.262939	0.737061
7UIH-E-A	Positive	0.0469589	0.953041
7UIH-F-A	Positive	0.0654947	0.934505
7V8L-A-E	Positive	0.240237	0.759763
7O55-C-B	Positive	0.0294108	0.970589
7ZM7-e-5	Negative	0.53371	0.46629
7S3M-A-H	Positive	0.0883098	0.91169
7OE0-R-F	Negative	0.688919	0.311081
7MN5-H-A	Positive	0.422411	0.577589
7WMV-B-A	Positive	0.211602	0.788398
7T9Y-C-A	Positive	0.118696	0.881304
7T9Y-D-A	Positive	0.0966794	0.903321
7S5H-C-B	Positive	0.204622	0.795378
7TUW-B-A	Positive	0.0960722	0.903928
7TUW-N-M	Positive	0.107467	0.892533
7F9O-J-A	Negative	0.658981	0.341019
7F9O-m-e	Negative	0.658981	0.341019
7YEH-D-B	Negative	0.554334	0.445666
7AOE-D-B	Positive	0.277833	0.722167
7EF0-P-A	Positive	0.287374	0.712626
7F90-E-A	Positive	0.0804959	0.919504
7F90-B-A	Positive	0.275594	0.724406
7F90-D-A	Positive	0.275594	0.724406
7F90-F-C	Positive	0.099214	0.900786
7EA1-B-A	Positive	0.0603648	0.939635
7EA1-D-C	Positive	0.0749069	0.925093
7R84-B-A	Negative	0.85157	0.14843
7R84-D-A	Negative	0.869352	0.130648
7NKB-C-G	Negative	0.848807	0.151193
7ZYH-B-A	Positive	0.16226	0.83774
7ZYH-D-A	Negative	0.724029	0.275971
7ZYH-E-F	Positive	0.143013	0.856987
7ZYH-H-G	Positive	0.114525	0.885475
7SNX-B-A	Positive	0.323317	0.676683
7T0Y-B-A	Positive	0.150532	0.849468
7XQP-J-A	Positive	0.467261	0.532739
7XQP-M-B	Positive	0.367851	0.632149
7EZK-P-D	Positive	0.043431	0.956569
7CIO-B-A	Positive	0.392995	0.607005
7MB5-D-B	Positive	0.0799573	0.920043
7ARH-V-C	Positive	0.11534	0.88466
7CNX-B-A	Negative	0.536404	0.463596
7CNX-F-A	Positive	0.46794	0.53206
7CNX-D-C	Positive	0.150911	0.849089
7CNX-H-G	Positive	0.352078	0.647922
7EVS-C-A	Positive	0.0353452	0.964655
7EVS-D-A	Positive	0.0469586	0.953041
7MB7-B-A	Positive	0.301937	0.698063
7BXT-L-A	Positive	0.0305385	0.969462
7OK0-F-A	Positive	0.303212	0.696788
7OK0-Q-A	Positive	0.393695	0.606305
7RG0-B-A	Positive	0.0418176	0.958182
7V4W-C-A	Positive	0.0252289	0.974771
7PHX-I-H	Positive	0.132183	0.867817
7MO1-B-A	Positive	0.337794	0.662206
7E0B-B-A	Positive	0.0477479	0.952252
7ADT-U-A	Positive	0.0683117	0.931688
7ADT-C-B	Positive	0.0472924	0.952708
7FGR-C-H	Positive	0.27728	0.72272
7RJL-C-A	Positive	0.131314	0.868686
7SKM-B-A	Negative	0.767078	0.232922
7MQO-A-F	Positive	0.0926828	0.907317
7MQO-B-F	Positive	0.0803208	0.919679
7DZ9-F-A	Positive	0.167009	0.832991
7DZ9-E-B	Positive	0.0632449	0.936755
7M2W-X-E	Negative	0.599131	0.400869
7RFY-B-A	Positive	0.259513	0.740487
7PP2-B-A	Positive	0.154375	0.845625
7RLW-P-B	Positive	0.127784	0.872216
7RLW-R-B	Positive	0.0610816	0.938918
7ARD-q-G	Positive	0.268965	0.731035
7ARD-k-L	Positive	0.336742	0.663258
7OWM-C-A	Negative	0.515235	0.484765
7OHQ-z-B	Negative	0.581304	0.418696
7ZNK-L-P	Positive	0.169931	0.830069
7BU5-B-A	Negative	0.577024	0.422976
7KZP-W-S	Positive	0.16076	0.83924
7TCQ-C-H	Positive	0.0650943	0.934906
7TCQ-D-A	Positive	0.0650943	0.934906
7XVY-C-A	Positive	0.118135	0.881865
7QHM-M-A	Negative	0.750676	0.249324
7QHM-Z-N	Negative	0.792393	0.207607
7RZF-a-A	Negative	0.506782	0.493218
7RZF-b-A	Positive	0.478459	0.521541
7OQJ-P-A	Positive	0.0411684	0.958832
7VCR-C-A	Positive	0.192262	0.807738
7T6F-C-A	Negative	0.692666	0.307334
7YAA-B-A	Positive	0.0261523	0.973848
7LFS-E-A	Negative	0.717635	0.282365
7LFS-G-C	Negative	0.714783	0.285217
7W56-C-R	Negative	0.646352	0.353648
7PXA-A-0	Positive	0.460754	0.539246
7PXA-E-6	Positive	0.348143	0.651857
7PXA-F-8	Positive	0.208041	0.791959
7MDZ-l-X	Positive	0.128686	0.871314
7NHQ-F-A	Positive	0.115621	0.884379
7NHQ-I-A	Positive	0.149626	0.850374
7NHQ-T-A	Positive	0.0423817	0.957618
7OWP-D-A	Positive	0.434064	0.565936
7OWP-E-B	Positive	0.434064	0.565936
7OIF-B-E	Positive	0.0478517	0.952148
7E2Z-G-B	Negative	0.556458	0.443542
7CQP-C-B	Positive	0.0494307	0.950569
7LC6-D-A	Positive	0.0794302	0.92057
7DRO-G-A	Positive	0.279635	0.720365
7DRO-H-A	Positive	0.26825	0.73175
7Y7B-J-2	Negative	0.513711	0.486289
7Y7B-I-8	Positive	0.384537	0.615463
7Y7B-M-8	Positive	0.0645672	0.935433
7X1C-C-A	Positive	0.359546	0.640454
7KNF-C-A	Positive	0.180701	0.819299
7T10-P-R	Negative	0.508968	0.491032
7PNT-3-L	Positive	0.0315686	0.968431
7BOC-B-A	Positive	0.040485	0.959515
7XMR-C-B	Negative	0.663865	0.336135
7QI1-F-A	Negative	0.656344	0.343656
7QI1-E-B	Positive	0.0783923	0.921608
7DU4-Q-A	Positive	0.0313612	0.968639
7OBX-B-A	Positive	0.275433	0.724567
7T6U-L-R	Positive	0.0837833	0.916217
7TT5-C-E	Negative	0.77921	0.22079
7UCX-B-H	Negative	0.637602	0.362398
7CO2-C-A	Positive	0.0246416	0.975358
7SQ0-C-A	Positive	0.218527	0.781473
7BGT-F-A	Positive	0.0361338	0.963866
7BGT-G-C	Positive	0.0361338	0.963866
7M8S-C-A	Positive	0.0696682	0.930332
7TT3-P-A	Positive	0.391948	0.608052
7NKQ-D-A	Positive	0.107598	0.892402
7NKQ-E-A	Negative	0.722808	0.277192
7NKQ-b-A	Positive	0.01685	0.98315
7NKQ-F-B	Positive	0.20044	0.79956
7NKQ-C-d	Positive	0.423814	0.576186
7O01-J-A	Negative	0.740641	0.259359
7O01-I-B	Negative	0.571038	0.428962
7CNZ-B-A	Negative	0.536404	0.463596
7CNZ-H-G	Positive	0.352078	0.647922
7OWU-C-A	Negative	0.545346	0.454654
7VAC-G-A	Positive	0.0146364	0.985364
7VAC-I-E	Positive	0.0271615	0.972839
7A4D-E-A	Positive	0.149104	0.850896
7A4D-F-A	Positive	0.149104	0.850896
7A4D-K-G	Positive	0.149104	0.850896
7OW6-C-A	Positive	0.106712	0.893288
7XVA-B-A	Positive	0.192537	0.807463
7RNG-F-A	Positive	0.00884737	0.991153
7NK9-G-H	Negative	0.614489	0.385511
7UIY-S-B	Positive	0.154289	0.845711
7NMG-C-A	Negative	0.535644	0.464356
7ZQJ-F-A	Positive	0.485181	0.514819
7NIX-B-A	Positive	0.0942018	0.905798
7WJ2-C-A	Positive	0.190357	0.809643
7KGP-C-A	Positive	0.0901186	0.909881
7UXJ-E-A	Positive	0.0422381	0.957762
7TSZ-P-A	Positive	0.0816196	0.91838
7DXA-B-A	Positive	0.183553	0.816447
7DXA-f-a	Positive	0.192367	0.807633
7DXA-i-a	Positive	0.158551	0.841449
7DXA-m-b	Positive	0.327849	0.672151
7DNF-B-A	Positive	0.0579413	0.942059
7DWQ-J-A	Negative	0.654796	0.345204
7DWQ-M-B	Positive	0.204812	0.795188
7Z7C-B-A	Positive	0.129719	0.870281
7TLJ-H-B	Negative	0.638585	0.361415
7PFQ-D-B	Positive	0.0602789	0.939721
7A0S-2-C	Positive	0.233807	0.766193
7RND-F-A	Positive	0.306227	0.693773
7YQK-K-F	Positive	0.287615	0.712385
7T1U-D-A	Positive	0.150234	0.849766
7T1U-E-B	Positive	0.150234	0.849766
7T2B-C-A	Positive	0.313018	0.686982
7T2B-M-K	Positive	0.058972	0.941028
7ECA-B-A	Positive	0.12019	0.87981
7DA6-C-A	Positive	0.0352157	0.964784
7CQV-B-E	Positive	0.116281	0.883719
7RJB-M-A	Positive	0.458572	0.541428
7RJB-I-K	Negative	0.744552	0.255448
7RF5-R-E	Positive	0.181146	0.818854
7NXV-C-A	Positive	0.489449	0.510551
7NXV-E-B	Positive	0.165906	0.834094
7CO1-B-A	Positive	0.134588	0.865412
7CO1-F-E	Positive	0.166459	0.833541
7PPL-B-A	Positive	0.069137	0.930863
7DVD-E-B	Positive	0.0289988	0.971001
7C5D-C-A	Positive	0.0261191	0.973881
7C5D-D-B	Positive	0.229826	0.770174
7UV5-C-A	Positive	0.351202	0.648798
7ZVI-E-A	Positive	0.280501	0.719499
7OYF-B-A	Positive	0.119858	0.880142
7VFX-C-R	Positive	0.0845347	0.915465
7F9Y-C-R	Negative	0.820919	0.179081
7DUU-C-A	Positive	0.0951197	0.90488
7LIO-C-A	Positive	0.0466147	0.953385
7LIO-D-B	Positive	0.0420659	0.957934
7RG2-B-A	Positive	0.0761214	0.923879
7QU8-C-A	Negative	0.869922	0.130078
7UX3-Y-N	Positive	0.0500811	0.949919
7XAU-F-A	Positive	0.191542	0.808458
7UX5-B-A	Positive	0.218433	0.781567
7L1K-D-A	Positive	0.339489	0.660511
7X3X-V-C	Negative	0.571741	0.428259
7RJO-B-A	Positive	0.2514	0.7486
7LG0-C-A	Positive	0.106958	0.893042
7DS8-C-A	Positive	0.414562	0.585438
7ON1-D-b	Negative	0.512989	0.487011
7ZQI-F-A	Positive	0.243866	0.756134
7OPO-B-A	Negative	0.673381	0.326619
7OPO-H-A	Negative	0.694422	0.305578
7OPO-J-A	Positive	0.105893	0.894107
7OPO-F-C	Positive	0.152868	0.847132
7Y6M-A-C	Positive	0.0435199	0.95648
7TO9-C-A	Positive	0.117154	0.882846
7MW1-C-A	Negative	0.537861	0.462139
7BP4-L-G	Positive	0.103477	0.896523
7EI2-B-A	Positive	0.436	0.564
7OBH-B-A	Positive	0.0125885	0.987411
7JX7-B-A	Positive	0.0285023	0.971498
7WVW-L-R	Negative	0.872858	0.127142
7OXN-A-H	Positive	0.0195285	0.980471
7M5B-B-A	Positive	0.0942862	0.905714
7M5B-D-A	Positive	0.135227	0.864773
7E0Z-B-A	Positive	0.056295	0.943705
7QWV-B-A	Positive	0.0790921	0.920908
7BGV-P-A	Positive	0.0179947	0.982005
7K7F-B-A	Positive	0.283859	0.716141
7UO3-B-A	Positive	0.266216	0.733784
7W53-C-R	Negative	0.505041	0.494959
7SMF-B-A	Positive	0.121236	0.878764
7SGR-K-J	Negative	0.668623	0.331377
7WEG-D-A	Positive	0.123279	0.876721
7QFB-B-A	Positive	0.08574	0.91426
7T1Z-C-B	Positive	0.10402	0.89598
7MJ6-C-A	Positive	0.430206	0.569794
7P0S-U-A	Positive	0.141638	0.858362
7P0S-C-B	Negative	0.789569	0.210431
7YF6-C-A	Positive	0.385786	0.614214
7TD5-D-A	Positive	0.124341	0.875659
7U09-A-H	Positive	0.0724344	0.927566
7B15-P-A	Negative	0.910315	0.0896855
7EUY-S-A	Positive	0.0688777	0.931122
7EM9-C-A	Positive	0.0123203	0.98768
7YKI-B-A	Positive	0.105623	0.894377
7JNE-B-A	Positive	0.0663633	0.933637
7TIK-D-A	Positive	0.164551	0.835449
7BQZ-B-A	Positive	0.0798997	0.9201
7BQZ-D-C	Positive	0.160464	0.839536
7ZKR-B-A	Positive	0.112685	0.887315
7SIH-C-A	Positive	0.113825	0.886175
7ZFR-C-A	Positive	0.0289473	0.971053
7N9J-C-A	Positive	0.109545	0.890455
7LBQ-E-A	Positive	0.0053841	0.994616
7T86-G-C	Positive	0.330702	0.669298
7NTJ-G-B	Positive	0.0159116	0.984088
7NTJ-C-A	Positive	0.368832	0.631168
7F0L-A-L	Positive	0.189849	0.810151
7F0L-B-L	Negative	0.659284	0.340716
7F0L-G-H	Positive	0.178944	0.821056
7F0L-8-5	Negative	0.550089	0.449911
7M10-B-A	Positive	0.147746	0.852254
7K2I-P-B	Positive	0.299132	0.700868
7HP2-A-B	Negative	0.505934	0.494066
7S46-B-A	Positive	0.121676	0.878324
7O3C-k-a	Negative	0.834937	0.165063
7LFZ-C-A	Positive	0.243389	0.756611
7DXS-A-C	Positive	0.436668	0.563332
7DXS-B-C	Positive	0.11701	0.88299
7DR1-J-A	Negative	0.759099	0.240901
7DR1-M-B	Negative	0.579909	0.420091
7QSD-f-M	Positive	0.264508	0.735492
7QSD-c-N	Negative	0.630039	0.369961
7TSQ-D-A	Positive	0.048545	0.951455
7TSQ-C-B	Positive	0.0205371	0.979463
7D35-B-A	Negative	0.647966	0.352034
7Z8Z-B-A	Positive	0.182858	0.817142
7Z8Z-D-A	Positive	0.293049	0.706951
7TXZ-D-A	Positive	0.0245892	0.975411
7PX9-G-A	Positive	0.0429189	0.957081
7TV0-E-A	Positive	0.245995	0.754005
7EF1-P-A	Positive	0.175721	0.824279
7EF1-Q-B	Positive	0.0839423	0.916058
7PHR-Z-A	Positive	0.155282	0.844718
7PHR-z-A	Negative	0.681966	0.318034
7VBP-Q-V	Negative	0.550518	0.449482
7WUL-X-A	Positive	0.0386241	0.961376
7Y36-P-R	Positive	0.0940668	0.905933
7PKT-A-r	Positive	0.0595154	0.940485
7YXO-B-A	Positive	0.205925	0.794075
7YXO-D-C	Positive	0.0819404	0.91806
7X9A-P-R	Negative	0.551399	0.448601
7DXH-B-A	Positive	0.151145	0.848855
7DXH-f-a	Positive	0.192367	0.807633
7DXH-t-a	Positive	0.0724663	0.927534
7DXH-m-b	Positive	0.327849	0.672151
7DXH-x-d	Positive	0.122894	0.877106
7DXH-k-c	Positive	0.0862164	0.913784
7RZI-a-A	Positive	0.109055	0.890945
7RZI-c-B	Positive	0.0805705	0.919429
7TUD-P-A	Positive	0.0264391	0.973561
7LIN-B-A	Positive	0.0471579	0.952842
7BFW-P-A	Positive	0.132135	0.867865
7X2E-B-A	Positive	0.115585	0.884415
7MO4-B-A	Negative	0.623643	0.376357
7FFL-D-G	Positive	0.328956	0.671044
7FFL-I-J	Positive	0.29036	0.70964
7T6I-C-A	Positive	0.120422	0.879578
7NA7-L-R	Positive	0.494735	0.505265
7L8V-C-A	Positive	0.272691	0.727309
7C07-Z-M	Negative	0.576153	0.423847
7C07-T-S	Positive	0.172502	0.827498
7SQS-E-A	Positive	0.272509	0.727491
7SQS-D-A	Positive	0.129687	0.870313
7SQS-C-A	Positive	0.192453	0.807547
7SQS-B-A	Positive	0.129412	0.870588
7XNA-B-A	Positive	0.104193	0.895807
7PC4-C-A	Positive	0.0332559	0.966744
7VHE-G-A	Positive	0.00953837	0.990462
7N9H-A-C	Positive	0.0281044	0.971896
7O2Z-P-L	Positive	0.0244791	0.975521
7ONB-F-C	Positive	0.108293	0.891707
7ONB-M-C	Positive	0.105336	0.894664
7SXF-B-A	Positive	0.0955294	0.904471
7OB5-P-A	Positive	0.0438026	0.956197
7RG5-B-A	Positive	0.163881	0.836119
7P49-P-A	Positive	0.096351	0.903649
7KAN-B-A	Negative	0.781654	0.218346
7Y45-E-C	Positive	0.163737	0.836263
7UXP-C-A	Positive	0.175048	0.824952
7E2E-P-A	Positive	0.241479	0.758521
7E2E-Q-B	Positive	0.241479	0.758521
7DGZ-X-4	Positive	0.264508	0.735492
7DGZ-F-8	Positive	0.410244	0.589756
7DGZ-i-Q	Negative	0.804926	0.195074
7HPA-A-B	Negative	0.505934	0.494066
7CK6-E-A	Negative	0.582969	0.417031
7CK6-H-A	Positive	0.290853	0.709147
7CK6-J-A	Positive	0.109383	0.890617
7BPH-B-A	Positive	0.368799	0.631201
7NKN-C-G	Positive	0.0421075	0.957892
7ZBW-R-C	Positive	0.0339642	0.966036
7VEC-M-A	Positive	0.0528522	0.947148
7VEC-P-A	Positive	0.244225	0.755775
7VEC-U-I	Positive	0.141542	0.858458
7VEC-X-L	Positive	0.169216	0.830784
7BG8-D-C	Positive	0.108594	0.891406
7S8R-C-A	Positive	0.120249	0.879751
7BRK-L-A	Positive	0.0454543	0.954546
7QSA-C-A	Positive	0.0855735	0.914426
7D8P-C-A	Positive	0.0646544	0.935346
7D8P-D-B	Positive	0.0752783	0.924722
7RXQ-B-A	Positive	0.0309735	0.969026
7MNR-B-A	Positive	0.435243	0.564757
7NFB-C-A	Positive	0.0578425	0.942157
7NFB-D-B	Positive	0.044758	0.955242
7F7X-B-A	Positive	0.107544	0.892456
7XNM-D-A	Positive	0.301166	0.698834
7R5I-E-A	Positive	0.0383215	0.961679
7Q41-B-A	Negative	0.566364	0.433636
7Q41-D-C	Positive	0.149735	0.850265
7BTE-M-A	Positive	0.303695	0.696305
7BTE-L-C	Positive	0.317655	0.682345
7P4A-E-A	Positive	0.103318	0.896682
7P4A-D-A	Positive	0.0300919	0.969908
7CUJ-C-A	Positive	0.465935	0.534065
7CUJ-D-A	Positive	0.346251	0.653749
7NUS-D-A	Negative	0.509143	0.490857
7NUS-E-B	Negative	0.509143	0.490857
7WX3-E-A	Positive	0.110825	0.889175
7E1S-D-C	Positive	0.0618863	0.938114
7YI8-C-B	Positive	0.135889	0.864111
7BK4-B-A	Positive	0.0227985	0.977201
7JWP-Q-A	Positive	0.069895	0.930105
7JWP-W-M	Positive	0.0402679	0.959732
7P3E-C-A	Negative	0.50286	0.49714
7P3E-F-D	Negative	0.50286	0.49714
7B2B-B-A	Positive	0.0533093	0.946691
7CZ5-P-R	Positive	0.0593818	0.940618
7RYF-0-2	Negative	0.532101	0.467899
7CL0-D-A	Positive	0.120581	0.879419
7O50-H-A	Positive	0.19478	0.80522
7JJM-A-B	Positive	0.0100794	0.989921
7RM3-Q-A	Positive	0.0490057	0.950994
7RM3-P-C	Positive	0.0161892	0.983811
7LEU-B-E	Positive	0.182428	0.817572
7LEU-C-E	Positive	0.212353	0.787647
7RUQ-D-A	Negative	0.539012	0.460988
7RUQ-B-A	Positive	0.360899	0.639101
7RM1-P-A	Positive	0.0863934	0.913607
7EU0-L-B	Positive	0.452156	0.547844
7BRE-C-A	Negative	0.74047	0.25953
7BRE-F-E	Positive	0.0613283	0.938672
7DS3-C-B	Negative	0.668163	0.331837
7N1E-C-A	Positive	0.0703524	0.929648
7MB4-E-A	Positive	0.0268139	0.973186
7D1U-I-A	Positive	0.272254	0.727746
7BRH-L-A	Positive	0.153236	0.846764
7VBY-F-B	Positive	0.449959	0.550041
7VBY-A-I	Positive	0.449959	0.550041
7VBY-D-I	Positive	0.0836159	0.916384
7AK6-s-E	Positive	0.155758	0.844242
7AK6-c-N	Negative	0.511676	0.488324
7AGD-J-B	Positive	0.0485247	0.951475
7N6M-B-A	Positive	0.206885	0.793115
7ALO-C-A	Positive	0.0156489	0.984351
7WVY-L-R	Positive	0.0612972	0.938703
7KLD-Q-A	Positive	0.216243	0.783757
7KLD-E-B	Positive	0.327008	0.672992
7KDT-B-A	Positive	0.152904	0.847096
7W2Z-L-R	Negative	0.805676	0.194324
7JYV-C-A	Positive	0.221209	0.778791
7B1J-C-B	Positive	0.056477	0.943523
7NA5-C-A	Positive	0.109545	0.890455
7BGY-D-A	Positive	0.225275	0.774725
7ZMG-e-5	Positive	0.0766644	0.923336
7XEB-C-A	Positive	0.231514	0.768486
7CDF-C-A	Positive	0.230547	0.769453
7WJ5-S-R	Positive	0.175134	0.824866
7VPW-B-A	Positive	0.435254	0.564746
7VVM-P-R	Positive	0.0420212	0.957979
7RZE-a-A	Positive	0.266642	0.733358
7RZE-b-A	Positive	0.30846	0.69154
7NFX-z-B	Negative	0.739567	0.260433
7NLA-P-A	Positive	0.0565529	0.943447
7XAV-F-A	Positive	0.157336	0.842664
7MB9-C-A	Positive	0.0687667	0.931233
7EC5-D-A	Positive	0.189753	0.810247
7VTJ-C-H	Positive	0.164536	0.835464
7MT2-4-G	Negative	0.620165	0.379835
7FEJ-4-1	Positive	0.0978374	0.902163
7AAM-C-A	Negative	0.764298	0.235702
7NPB-P-A	Positive	0.127547	0.872453
7P7S-6-I	Positive	0.279986	0.720014
7MO5-B-A	Positive	0.148572	0.851428
7S78-W-A	Negative	0.674422	0.325578
7S78-Z-D	Negative	0.519919	0.480081
7S78-0-D	Positive	0.138389	0.861611
7S78-2-G	Positive	0.0934192	0.906581
7S78-4-J	Negative	0.801169	0.198831
7S51-C-A	Positive	0.0370827	0.962917
7VF3-B-A	Positive	0.202688	0.797312
7WHU-H-D	Positive	0.059192	0.940808
7UEB-F-A	Positive	0.463815	0.536185
7QA8-I-A	Positive	0.316225	0.683775
7QA8-K-B	Positive	0.316225	0.683775
7UNW-3-F	Negative	0.652787	0.347213
7UNW-8-G	Positive	0.117879	0.882121
7ZV7-B-A	Positive	0.0555406	0.944459
7UR1-C-A	Positive	0.222244	0.777756
7KHR-r-b	Positive	0.302871	0.697129
7TLT-E-A	Positive	0.323952	0.676048
7TLT-F-C	Positive	0.323952	0.676048
7MNQ-B-A	Positive	0.126832	0.873168
7S7J-B-A	Positive	0.1752	0.8248
7OW2-E-A	Positive	0.240656	0.759344
7XHG-F-B	Positive	0.377134	0.622866
7XHG-G-C	Positive	0.13548	0.86452
7AL2-B-A	Positive	0.063081	0.936919
7KI0-P-R	Positive	0.107199	0.892801
7EBK-B-A	Positive	0.432287	0.567713
7N1H-P-H	Negative	0.665305	0.334695
7B5F-D-C	Negative	0.558716	0.441284
7B5F-H-G	Positive	0.495611	0.504389
7UT1-c-a	Positive	0.491384	0.508616
7XL3-G-C	Positive	0.379119	0.620881
7KGC-D-A	Positive	0.162857	0.837143
7NDG-N-F	Positive	0.0590049	0.940995
7NMX-P-A	Positive	0.120127	0.879873
7NL9-G-H	Positive	0.423641	0.576359
7NL9-C-Q	Positive	0.168602	0.831398
7X6Y-B-A	Positive	0.141137	0.858863
7JZR-C-A	Negative	0.668026	0.331974
7TO8-C-A	Positive	0.292526	0.707474
7Q5V-B-A	Positive	0.129846	0.870154
7M5C-B-A	Positive	0.0818597	0.91814
7M5C-F-A	Positive	0.128417	0.871583
7M5C-D-C	Positive	0.146318	0.853682
7M5C-J-C	Positive	0.0859637	0.914036
7M5C-H-G	Positive	0.0818597	0.91814
7M5C-N-M	Positive	0.490576	0.509424
7M5C-P-O	Positive	0.0818597	0.91814
7ZR2-B-A	Negative	0.630435	0.369565
7QOO-C-L	Positive	0.181061	0.818939
7N6D-C-A	Negative	0.583354	0.416646
7N6D-O-E	Negative	0.583354	0.416646
7PUL-P-A	Positive	0.0107422	0.989258
7THM-C-A	Negative	0.534268	0.465732
7DU2-I-A	Negative	0.704959	0.295041
7CMZ-B-A	Positive	0.372826	0.627174
7OBG-B-A	Positive	0.0161864	0.983814
7KFA-D-A	Positive	0.456638	0.543362
7M98-B-A	Positive	0.321646	0.678354
7YTQ-E-A	Positive	0.0434154	0.956585
7OPM-B-A	Positive	0.0946971	0.905303
7OPM-C-A	Positive	0.224636	0.775364
7KDF-E-A	Positive	0.160088	0.839912
7LFD-A-H	Positive	0.00986931	0.990131
7K29-P-A	Positive	0.0321297	0.96787
7OBL-B-A	Positive	0.0601688	0.939831
7MJA-C-A	Positive	0.496746	0.503254
7MP3-L-A	Positive	0.0577641	0.942236
7VLY-A-Y	Negative	0.541424	0.458576
7E34-C-A	Positive	0.0533704	0.94663
7AS4-4-3	Positive	0.261219	0.738781
7F4E-C-A	Positive	0.0120392	0.987961
7ZDD-D-A	Positive	0.200267	0.799733
7E1Z-C-A	Positive	0.0983886	0.901611
7W0Q-B-A	Positive	0.245318	0.754682
7F0R-G-C	Negative	0.534709	0.465291
7MVV-C-A	Positive	0.428495	0.571505
7AD3-K-B	Positive	0.16379	0.83621
7AD3-H-B	Negative	0.840757	0.159243
7AD3-G-F	Positive	0.190119	0.809881
7CNU-C-A	Positive	0.0631826	0.936817
7X1U-E-A	Positive	0.267188	0.732812
7U21-C-A	Positive	0.159165	0.840835
7Y61-K-L	Negative	0.773191	0.226809
7S4O-C-A	Positive	0.0766789	0.923321
7UY2-C-A	Positive	0.176909	0.823091
7BQV-B-A	Positive	0.133241	0.866759
7ZQP-j-d	Positive	0.0927432	0.907257
7PC5-B-A	Positive	0.0886245	0.911376
7XPK-B-A	Positive	0.097212	0.902788
7XPK-D-C	Positive	0.0433296	0.95667
7OA6-X-B	Positive	0.149356	0.850644
7OUI-F-A	Positive	0.275942	0.724058
7OUI-I-A	Positive	0.479093	0.520907
7OUI-L-A	Positive	0.0488023	0.951198
7OUI-M-A	Positive	0.0998918	0.900108
7OUI-T-A	Positive	0.267829	0.732171
7OUI-U-B	Positive	0.0618346	0.938165
7CIQ-C-A	Positive	0.200599	0.799401
7OY8-E-H	Positive	0.498778	0.501222
7OY8-F-H	Negative	0.530177	0.469823
7OY8-J-H	Positive	0.498778	0.501222
7OY8-S-H	Negative	0.605215	0.394785
7OY8-8-M	Negative	0.530177	0.469823
7MD4-P-B	Positive	0.152204	0.847796
7MD4-N-A	Positive	0.355151	0.644849
7MD4-T-A	Positive	0.133503	0.866497
7BZN-D-A	Negative	0.720608	0.279392
7CRU-B-A	Negative	0.866299	0.133701
7CRU-D-C	Negative	0.866299	0.133701
7XJJ-C-E	Positive	0.173892	0.826108
7VFI-C-A	Positive	0.0798158	0.920184
7APO-C-A	Positive	0.0498028	0.950197
7APO-D-B	Positive	0.0498028	0.950197
7N8O-F-A	Negative	0.742468	0.257532
7N8O-I-A	Negative	0.739469	0.260531
7N8O-J-A	Negative	0.508026	0.491974
7N8O-L-A	Negative	0.704821	0.295179
7N8O-T-A	Positive	0.126034	0.873966
7N8O-K-C	Positive	0.391376	0.608624
7N8O-Y-C	Positive	0.253026	0.746974
7N8O-R-E	Positive	0.198452	0.801548
7DW0-C-A	Positive	0.442136	0.557864
7N43-F-A	Negative	0.682779	0.317221
7Z31-I-A	Negative	0.594046	0.405954
7Z31-W-C	Positive	0.467521	0.532479
7AK9-C-A	Positive	0.170901	0.829099
7DKZ-J-2	Negative	0.670304	0.329696
7S7F-C-A	Positive	0.355752	0.644248
7UDK-B-A	Positive	0.213258	0.786742
7X1B-C-A	Positive	0.16478	0.83522
7O3T-A-B	Positive	0.143798	0.856202
7OXI-B-A	Positive	0.194448	0.805552
7OXI-C-A	Positive	0.162243	0.837757
7O37-l-F	Positive	0.306702	0.693298
7R72-G-I	Negative	0.530009	0.469991
7R72-t-Z	Positive	0.315319	0.684681
7R72-B-u	Positive	0.306285	0.693715
7OF3-m-8	Positive	0.196868	0.803132
7K0Q-C-B	Negative	0.625437	0.374563
7XZJ-3-4	Negative	0.643627	0.356373
7XZJ-X-4	Positive	0.037818	0.962182
7XZJ-E-7	Negative	0.625592	0.374408
7NHP-F-A	Positive	0.115621	0.884379
7RNC-F-A	Positive	0.103216	0.896784
7JIL-4-F	Positive	0.0770028	0.922997
7JIL-f-F	Positive	0.0656812	0.934319
7JIL-G-X	Positive	0.440538	0.559462
7MO2-B-A	Positive	0.27768	0.72232
7Y1F-F-R	Positive	0.0580401	0.94196
7CJB-D-A	Positive	0.226975	0.773025
7CJB-H-E	Positive	0.065963	0.934037
7CJB-L-I	Positive	0.0810294	0.918971
7VFU-E-A	Negative	0.766195	0.233805
7WLP-B-A	Positive	0.0803776	0.919622
7WLP-C-A	Positive	0.0146761	0.985324
7LWH-B-A	Positive	0.157583	0.842417
7O33-P-L	Positive	0.0339956	0.966004
7ESI-B-A	Positive	0.0466404	0.95336
7ESI-C-A	Positive	0.36602	0.63398
7EU2-C-A	Positive	0.0330074	0.966993
7COH-M-A	Negative	0.762982	0.237018
7A4T-B-A	Positive	0.18766	0.81234
7A4T-C-A	Positive	0.150263	0.849737
7SZI-D-A	Negative	0.811018	0.188982
7Q72-C-A	Negative	0.738331	0.261669
7Q72-D-B	Negative	0.804791	0.195209
7X70-B-A	Positive	0.155055	0.844945
7WEK-C-A	Positive	0.095642	0.904358
7WEK-D-A	Positive	0.0904399	0.90956
7Y9N-B-A	Positive	0.190266	0.809734
7R0W-G-X	Positive	0.157716	0.842284
7R0W-N-I	Positive	0.291008	0.708992
7R0W-P-I	Positive	0.281613	0.718387
7V1A-B-A	Positive	0.0841741	0.915826
7ABF-R-A	Positive	0.128611	0.871389
7ABF-X-A	Positive	0.14224	0.85776
7ZPD-A-B	Positive	0.417807	0.582193
7RT9-Y-A	Negative	0.680446	0.319554
7RT9-Z-C	Positive	0.274723	0.725277
7UXN-B-A	Positive	0.11405	0.88595
7VZR-E-A	Negative	0.504793	0.495207
7VZR-F-A	Negative	0.525963	0.474037
7VZR-G-A	Negative	0.613726	0.386274
7VZR-e-A	Negative	0.504793	0.495207
7A1S-B-A	Positive	0.10265	0.89735
7ST8-S-H	Positive	0.311832	0.688168
7RJR-B-A	Positive	0.101075	0.898925
7C94-C-A	Positive	0.259236	0.740764
7S4A-B-A	Positive	0.117137	0.882863
7S4A-D-A	Positive	0.132974	0.867026
7KL5-B-A	Negative	0.77073	0.22927
7QPJ-E-C	Positive	0.11236	0.88764
7SN6-C-A	Positive	0.110899	0.889101
7SN6-D-B	Positive	0.120762	0.879238
7O5D-P-A	Positive	0.0565529	0.943447
7EMF-B-A	Positive	0.0209219	0.979078
7F4I-U-R	Positive	0.0183938	0.981606
7JVO-B-A	Positive	0.0833674	0.916633
7PBN-H-D	Positive	0.335397	0.664603
7L1D-C-A	Positive	0.109292	0.890708
7LEN-C-A	Negative	0.729917	0.270083
7OBK-B-A	Positive	0.0607425	0.939258
7SSC-P-H	Positive	0.124158	0.875842
7T8M-C-A	Positive	0.370549	0.629451
7T8M-D-A	Positive	0.314028	0.685972
7AD6-C-A	Negative	0.753394	0.246606
7OR7-B-A	Positive	0.0575607	0.942439
7BEE-C-A	Positive	0.236544	0.763456
7BEE-D-A	Positive	0.262225	0.737775
7BEE-F-A	Positive	0.227833	0.772167
7BEE-H-A	Positive	0.304668	0.695332
7M5U-B-A	Positive	0.0236032	0.976397
7ZDI-D-A	Positive	0.207406	0.792594
7KL1-C-A	Positive	0.0997956	0.900204
7KL1-D-A	Positive	0.288193	0.711807
7TYL-P-R	Negative	0.647275	0.352725
7DDQ-N-o	Negative	0.641037	0.358963
7DDQ-O-o	Negative	0.641037	0.358963
7DDQ-U-t	Negative	0.644622	0.355378
7DDQ-F-e	Negative	0.641037	0.358963
7DDQ-a-b	Positive	0.189849	0.810151
7DDQ-J-k	Negative	0.641037	0.358963
7DD1-B-A	Positive	0.113412	0.886588
7PNK-F-A	Negative	0.63232	0.36768
7PNK-I-A	Positive	0.385897	0.614103
7PNK-J-A	Negative	0.634755	0.365245
7PNK-L-A	Negative	0.761979	0.238021
7PNK-T-A	Positive	0.22589	0.77411
7PNK-W-A	Negative	0.691231	0.308769
7PNK-M-B	Positive	0.434709	0.565291
7PNK-U-B	Positive	0.17344	0.82656
7PNK-V-C	Positive	0.249001	0.750999
7OHT-e-C	Positive	0.467857	0.532143
7RNW-Y-A	Positive	0.0617113	0.938289
7RNW-Z-A	Positive	0.0619628	0.938037
7RNW-X-C	Positive	0.0233324	0.976668
7RNW-W-C	Positive	0.0437679	0.956232
7OBR-z-B	Positive	0.268603	0.731397
7FC0-D-E	Positive	0.0802145	0.919785
7LLY-P-R	Positive	0.324315	0.675685
7DW6-C-A	Positive	0.389461	0.610539
7JPN-H-A	Negative	0.689288	0.310712
7M51-A-H	Positive	0.0175531	0.982447
7OHS-V-B	Negative	0.614801	0.385199
7TA3-A-B	Positive	0.249182	0.750818
7S4Q-F-A	Positive	0.054669	0.945331
7W0D-G-F	Positive	0.0704325	0.929567
7OYR-B-A	Positive	0.0430913	0.956909
7N6J-B-A	Positive	0.221173	0.778827
7RN9-F-A	Positive	0.0858164	0.914184
7N6N-C-A	Positive	0.0527618	0.947238
7DS2-C-A	Negative	0.638093	0.361907
7Q9A-C-A	Positive	0.0886638	0.911336
7W0T-A-F	Positive	0.0927177	0.907282
7W0T-E-C	Positive	0.0309067	0.969093
7W0T-D-B	Positive	0.0257149	0.974285
7QQY-B-A	Negative	0.570458	0.429542
7XWO-D-B	Positive	0.147933	0.852067
7BOS-B-A	Positive	0.0976418	0.902358
7KL2-B-A	Positive	0.120878	0.879122
7RUP-B-A	Positive	0.383105	0.616895
7KSQ-M-B	Positive	0.0257236	0.974276
7X7P-C-M	Negative	0.670342	0.329658
7ATR-B-A	Positive	0.120553	0.879447
7WAE-L-A	Positive	0.149418	0.850582
7KEV-C-A	Positive	0.367166	0.632834
7CDG-C-A	Positive	0.230547	0.769453
7SSD-A-e	Negative	0.630458	0.369542
7MLA-B-A	Positive	0.205553	0.794447
7UVA-C-A	Negative	0.673911	0.326089
7UVA-F-D	Positive	0.039667	0.960333
7UXM-D-A	Positive	0.066323	0.933677
7X6Z-B-A	Positive	0.384216	0.615784
7M2X-U-C	Positive	0.235802	0.764198
7TSX-D-A	Positive	0.048545	0.951455
7TSX-C-B	Positive	0.0205371	0.979463
7NVO-N-E	Negative	0.666371	0.333629
7P9W-B-A	Positive	0.140665	0.859335
7AM6-P-C	Positive	0.0995655	0.900435
7PRX-B-A	Positive	0.0180076	0.981992
7SJQ-D-A	Positive	0.0370126	0.962987
7SU9-C-A	Positive	0.0584838	0.941516
7DOC-E-B	Positive	0.304262	0.695738
7DOC-I-B	Positive	0.0994463	0.900554
7ZLG-P-A	Positive	0.0197177	0.980282
7AR8-b-A	Positive	0.444561	0.555439
7AR8-r-C	Positive	0.0392973	0.960703
7AR8-l-L	Negative	0.792873	0.207127
7U60-M-A	Positive	0.0182254	0.981775
7TOW-E-H	Positive	0.0599441	0.940056
7TOW-D-A	Positive	0.163956	0.836044
7QWQ-t-x	Positive	0.183515	0.816485
7QWQ-u-d	Positive	0.0912779	0.908722
7XOW-L-R	Positive	0.0192937	0.980706
7UIR-C-A	Positive	0.192317	0.807683
7UIR-D-A	Positive	0.139073	0.860927
7PI5-I-A	Positive	0.385897	0.614103
7PI5-T-A	Positive	0.22589	0.77411
7PI5-W-A	Negative	0.691231	0.308769
7PI5-M-B	Positive	0.149652	0.850348
7QTT-L-N	Positive	0.248441	0.751559
7QTX-B-A	Positive	0.180448	0.819552
7R7C-w-7	Positive	0.00828562	0.991714
7NKL-D-A	Positive	0.0850061	0.914994
7NKL-E-A	Negative	0.676575	0.323425
7NKL-b-A	Positive	0.0562126	0.943787
7NKL-B-d	Positive	0.347593	0.652407
7NKL-C-d	Positive	0.203892	0.796108
7NKL-F-d	Positive	0.0465882	0.953412
7W64-G-A	Positive	0.0176648	0.982335
7W64-H-A	Positive	0.0176648	0.982335
7RNF-F-A	Positive	0.188601	0.811399
7QCS-C-A	Positive	0.0315233	0.968477
7ABI-8-v	Positive	0.124328	0.875672
7ABI-R-r	Positive	0.103534	0.896466
7Y35-P-R	Negative	0.538368	0.461632
7P1C-B-A	Positive	0.0937634	0.906237
7UBU-P-A	Positive	0.287553	0.712447
7UBU-Q-A	Positive	0.311782	0.688218
7A1P-B-A	Positive	0.114032	0.885968
7WD8-A-E	Negative	0.731572	0.268428
7A2X-B-A	Positive	0.288091	0.711909
7YJ1-C-B	Negative	0.596177	0.403823
7YJ1-E-D	Negative	0.677158	0.322842
7VVU-Y-V	Positive	0.20964	0.79036
7VVU-X-N	Positive	0.0478468	0.952153
7UVV-0-2	Positive	0.238926	0.761074
7UVV-H-W	Positive	0.141358	0.858642
7VLJ-B-A	Positive	0.154012	0.845988
7PGC-C-B	Positive	0.156592	0.843408
7UC5-C-A	Positive	0.230483	0.769517
7UJR-B-A	Positive	0.173972	0.826028
7MX1-C-A	Positive	0.0385647	0.961435
7KUI-G-A	Positive	0.0922887	0.907711
7RTE-D-C	Positive	0.0526706	0.947329
7OF0-V-5	Negative	0.650792	0.349208
7NVW-W-2	Positive	0.300336	0.699664
7KSO-F-C	Positive	0.21585	0.78415
7RUC-D-A	Positive	0.308446	0.691554
7YI6-A-B	Positive	0.0602111	0.939789
7YI6-C-E	Positive	0.258723	0.741277
7XQU-C-A	Positive	0.0338153	0.966185
7FJ3-C-2	Positive	0.333609	0.666391
7FJ3-d-S	Positive	0.236072	0.763928
7BRL-L-A	Positive	0.191511	0.808489
7RE8-C-A	Positive	0.473471	0.526529
7RE8-F-D	Positive	0.473471	0.526529
7WBI-C-A	Positive	0.0896503	0.91035
7Y3F-J-A	Positive	0.123411	0.876589
7Y3F-M-B	Positive	0.038757	0.961243
7Y3F-X-B	Positive	0.0922097	0.90779
7JRG-K-A	Positive	0.0704637	0.929536
7CZM-C-A	Positive	0.105005	0.894995
7CZM-D-B	Positive	0.0586768	0.941323
7A6Y-J-A	Positive	0.400727	0.599273
7A6Y-K-B	Positive	0.414457	0.585543
7A6Y-M-D	Positive	0.338204	0.661796
7QQN-B-A	Positive	0.027687	0.972313
7QQN-D-C	Positive	0.114069	0.885931
7EQZ-I-A	Negative	0.78855	0.21145
7R4H-L-G	Positive	0.0727981	0.927202
7URD-B-A	Positive	0.284421	0.715579
7XJO-C-A	Positive	0.045526	0.954474
7F4D-M-R	Positive	0.085118	0.914882
7ZV8-C-A	Positive	0.0555406	0.944459
7DS4-C-B	Positive	0.141489	0.858511
7EO0-4-1	Positive	0.133635	0.866365
7JTV-E-B	Positive	0.0245609	0.975439
7JTV-H-A	Positive	0.038697	0.961303
7RYC-L-O	Positive	0.364402	0.635598
7CFD-I-B	Positive	0.0628958	0.937104
7CFD-K-B	Positive	0.0134127	0.986587
7CFD-J-C	Positive	0.00841142	0.991589
7CFD-L-E	Positive	0.0220409	0.977959
7CFD-M-F	Positive	0.0144397	0.98556
7CFD-N-G	Positive	0.0194002	0.9806
7CFD-Z-H	Positive	0.00996857	0.990031
7JK4-F-C	Positive	0.017748	0.982252
7D68-P-R	Positive	0.481844	0.518156
7A8U-B-A	Positive	0.240398	0.759602
7Y04-E-A	Positive	0.113867	0.886133
7CE4-B-A	Positive	0.425696	0.574304
7Q46-B-A	Positive	0.414659	0.585341
7Q46-D-C	Positive	0.105302	0.894698
7Q46-F-E	Positive	0.176089	0.823911
7YF2-C-A	Positive	0.104944	0.895056
7WK8-B-C	Positive	0.424837	0.575163
7BRJ-L-A	Negative	0.768231	0.231769
7ENO-4-1	Positive	0.0978374	0.902163
7OF5-m-8	Negative	0.536969	0.463031
7BYD-C-A	Positive	0.0425901	0.95741
7D3D-a-A	Positive	0.0214473	0.978553
7ZQB-f-b	Negative	0.595419	0.404581
7QIP-C-A	Positive	0.0269161	0.973084
7QIP-D-B	Positive	0.0231433	0.976857
7U8F-C-A	Positive	0.200949	0.799051
7XV0-B-A	Positive	0.124949	0.875051
7A23-n-I	Negative	0.576816	0.423184
7A23-g-M	Negative	0.631402	0.368598
7A23-l-M	Positive	0.277611	0.722389
7A23-h-a	Positive	0.0707006	0.929299
7A23-t-a	Positive	0.129329	0.870671
7L4Z-S-B	Positive	0.221842	0.778158
7JRP-W-M	Positive	0.327844	0.672156
7JRP-h-T	Positive	0.0983806	0.901619
7JRP-j-a	Positive	0.175959	0.824041
7BRG-L-A	Positive	0.110119	0.889881
7N6K-B-A	Positive	0.348633	0.651367
7OPX-D-A	Positive	0.148191	0.851809
7CP9-A-I	Negative	0.602836	0.397164
7CP9-B-J	Negative	0.690652	0.309348
7CP9-D-J	Positive	0.0888614	0.911139
7ETV-B-A	Positive	0.0298041	0.970196
7BN1-E-A	Positive	0.104268	0.895732
7BN1-F-B	Positive	0.021926	0.978074
7LO0-I-A	Positive	0.0602298	0.93977
7LO0-M-A	Positive	0.197682	0.802318
7LO0-Q-A	Positive	0.05696	0.94304
7LO0-N-B	Positive	0.133339	0.866661
7LO0-R-B	Positive	0.0254638	0.974536
7LO0-O-G	Positive	0.141005	0.858995
7UXI-B-A	Positive	0.0810953	0.918905
7Y66-E-D	Positive	0.0584466	0.941553
7URE-B-A	Positive	0.318995	0.681005
7OP0-C-A	Positive	0.321993	0.678007
7N0W-G-A	Negative	0.793626	0.206374
7OY3-B-A	Positive	0.0970553	0.902945
7UWO-B-A	Positive	0.0866646	0.913335
7OWO-D-A	Positive	0.296433	0.703567
7OWO-F-B	Positive	0.296433	0.703567
7RNJ-B-L	Positive	0.153525	0.846475
7LKY-J-A	Positive	0.435363	0.564637
7LKY-P-G	Positive	0.390184	0.609816
7UNU-8-G	Positive	0.117879	0.882121
7VPG-X-A	Positive	0.124321	0.875679
7VPG-D-C	Positive	0.275594	0.724406
7WJH-B-A	Positive	0.121155	0.878845
7TYH-P-E	Negative	0.662019	0.337981
7YIY-E-D	Negative	0.571495	0.428505
7ZX8-d-M	Positive	0.0685093	0.931491
7RZD-C-A	Negative	0.555182	0.444818
7R6Q-L-D	Negative	0.88958	0.11042
7R6Q-g-n	Positive	0.283252	0.716748
7R6Q-Z-t	Positive	0.21502	0.78498
7R6Q-h-X	Positive	0.158864	0.841136
7M8U-C-A	Positive	0.170374	0.829626
7OWQ-D-A	Positive	0.193987	0.806013
7LLL-P-R	Positive	0.287235	0.712765
7EHZ-B-A	Positive	0.221129	0.778871
7QIO-L-N	Positive	0.464513	0.535487
7FDM-C-A	Positive	0.142633	0.857367
7FDM-D-B	Positive	0.064789	0.935211
7Y0S-C-B	Positive	0.216064	0.783936
7E9M-B-A	Negative	0.802944	0.197056
7JVS-C-B	Positive	0.101953	0.898047
7ZB0-F-B	Positive	0.107945	0.892055
7ZB0-H-D	Positive	0.112243	0.887757
7FDO-B-A	Negative	0.621621	0.378379
7TFC-U-A	Positive	0.207158	0.792842
7XTG-A-B	Negative	0.737418	0.262582
7VVJ-P-R	Negative	0.513114	0.486886
7Q43-D-C	Positive	0.0243093	0.975691
7Q43-B-A	Positive	0.0301531	0.969847
7Q43-F-E	Positive	0.0305276	0.969472
7UMS-V-T	Negative	0.834698	0.165302
7O6N-C-A	Positive	0.331084	0.668916
7O6N-D-A	Positive	0.0319039	0.968096
7RNA-F-A	Positive	0.0950725	0.904927
7JK5-F-C	Positive	0.0212311	0.978769
7YF4-C-A	Positive	0.0617017	0.938298
7YF4-D-B	Positive	0.0219441	0.978056
7CDB-C-A	Positive	0.0785803	0.92142
7UDB-C-A	Positive	0.0691172	0.930883
7F54-L-R	Positive	0.051647	0.948353
7Z50-T-A	Positive	0.302168	0.697832
7Z50-W-A	Positive	0.0646907	0.935309
7YOT-C-D	Positive	0.123096	0.876904
7YOT-B-D	Positive	0.11529	0.88471
7L0S-G-A	Positive	0.216153	0.783847
7P93-B-A	Positive	0.0596387	0.940361
7P93-M-A	Positive	0.0282672	0.971733
7P0L-D-B	Positive	0.205446	0.794554
7M5A-B-A	Positive	0.0718019	0.928198
7NLC-B-A	Positive	0.366234	0.633766
7U5V-C-A	Positive	0.223835	0.776165
7YKD-L-A	Positive	0.159925	0.840075
7T5M-E-A	Negative	0.841904	0.158096
7T5M-F-C	Negative	0.809775	0.190225
7LET-B-E	Positive	0.110137	0.889863
7F2D-B-A	Positive	0.0312119	0.968788
7PPM-B-A	Positive	0.416169	0.583831
7ZPY-B-A	Positive	0.0107258	0.989274
7K2L-P-A	Positive	0.473668	0.526332
7XZI-X-9	Positive	0.0426313	0.957369
7CZL-F-A	Positive	0.146369	0.853631
7CZL-I-A	Positive	0.399921	0.600079
7CZL-M-A	Positive	0.131027	0.868973
7CZL-X-D	Negative	0.565835	0.434165
7CZL-k-c	Positive	0.0862164	0.913784
7TFA-A-B	Positive	0.200956	0.799044
7E87-J-B	Negative	0.55807	0.44193
7BCY-P-A	Positive	0.366369	0.633631
7QTO-C-A	Positive	0.109244	0.890756
7QTO-D-A	Positive	0.019352	0.980648
7DRP-E-A	Positive	0.137619	0.862381
7DRP-F-C	Positive	0.126142	0.873858
7LGT-F-A	Positive	0.0778779	0.922122
7LGT-E-C	Positive	0.0778779	0.922122
7EMB-C-A	Positive	0.32432	0.67568
7X00-C-A	Positive	0.344589	0.655411
7QOT-C-A	Positive	0.152431	0.847569
7QOT-D-B	Positive	0.301623	0.698377
7YZX-B-A	Positive	0.201449	0.798551
7Q3L-p-A	Positive	0.0357208	0.964279
7XXG-D-A	Positive	0.442954	0.557046
7F3S-B-A	Positive	0.211649	0.788351
7VPH-X-A	Positive	0.0233609	0.976639
7VPH-D-C	Positive	0.275594	0.724406
7VPH-J-E	Positive	0.0320369	0.967963
7VPH-H-G	Positive	0.275594	0.724406
7ZAK-C-A	Positive	0.023708	0.976292
7EJM-C-A	Positive	0.0628099	0.93719
7OII-B-R	Positive	0.0504205	0.94958
7RAQ-P-H	Positive	0.458057	0.541943
7S8M-A-R	Positive	0.157436	0.842564
7FGJ-C-H	Positive	0.244736	0.755264
7WUI-L-R	Positive	0.415663	0.584337
7WMC-C-A	Positive	0.029267	0.970733
7Y8W-E-A	Negative	0.638853	0.361147
7Y8W-F-A	Negative	0.543452	0.456548
7Y8W-O-M	Positive	0.116367	0.883633
7Y8W-P-M	Positive	0.105498	0.894502
7Y8W-S-Q	Positive	0.202578	0.797422
7W3Z-L-A	Positive	0.0844882	0.915512
7RNU-B-A	Positive	0.0305026	0.969497
7RNU-D-A	Positive	0.0212589	0.978741
7RNU-F-C	Positive	0.061313	0.938687
7RNU-H-G	Positive	0.0453874	0.954613
7TXF-F-A	Positive	0.185434	0.814566
7JMM-B-A	Positive	0.311191	0.688809
7TYY-P-E	Negative	0.591296	0.408704
7Q4Q-E-A	Positive	0.0597226	0.940277
7VBH-P-R	Positive	0.114366	0.885634
7OYH-B-A	Positive	0.119858	0.880142
7VDD-F-C	Negative	0.663587	0.336413
7VDD-D-G	Positive	0.0481118	0.951888
7B1G-E-A	Positive	0.306017	0.693983
7N2P-C-A	Positive	0.243954	0.756046
7NND-P-A	Positive	0.222047	0.777953
7QGN-B-1	Positive	0.18322	0.81678
7F4H-F-R	Positive	0.10627	0.89373
7JTK-M-E	Negative	0.621411	0.378589
7JTK-U-E	Negative	0.594264	0.405736
7JTK-N-F	Negative	0.57702	0.42298
7JTK-s-F	Negative	0.634436	0.365564
7JTK-u-F	Positive	0.108626	0.891374
7DVY-C-A	Positive	0.0465399	0.95346
7CUI-B-A	Negative	0.509404	0.490596
7TTC-P-A	Positive	0.181556	0.818444
7Y9C-C-A	Positive	0.204041	0.795959
7PWG-l-X	Positive	0.385812	0.614188
7W57-C-R	Positive	0.39552	0.60448
7SAX-E-A	Positive	0.413453	0.586547
7SAX-G-A	Positive	0.469302	0.530698
7YQ7-I-A	Positive	0.173241	0.826759
7YQ7-J-A	Positive	0.0876203	0.91238
7T1L-C-A	Positive	0.405887	0.594113
7B4V-B-C	Positive	0.40156	0.59844
7ZW4-B-A	Positive	0.0295696	0.97043
7VGA-A-B	Negative	0.609556	0.390444
7UQC-C-A	Negative	0.500635	0.499365
7UQC-F-D	Negative	0.500635	0.499365
7TM3-B-C	Negative	0.573023	0.426977
7E9K-C-A	Positive	0.212553	0.787447
7E9K-F-D	Negative	0.557581	0.442419
7ZJS-E-A	Positive	0.0633646	0.936635
7VGX-L-R	Negative	0.500007	0.499993
7QS8-C-A	Positive	0.0670763	0.932924
7MJ8-C-A	Positive	0.160275	0.839725
7EIB-D-A	Positive	0.25698	0.74302
7LPS-C-B	Positive	0.30967	0.69033
7LPS-F-E	Positive	0.206122	0.793878
7NDX-B-A	Positive	0.0213441	0.978656
7R4F-Y-M	Negative	0.80424	0.19576
7YOO-L-R	Positive	0.120968	0.879032
7JFL-C-A	Positive	0.363105	0.636895
7JFL-D-A	Negative	0.789605	0.210395
7AM7-P-C	Positive	0.117216	0.882784
7SJP-E-H	Positive	0.0515509	0.948449
7SQV-C-A	Positive	0.245243	0.754757
7SQV-B-A	Positive	0.430891	0.569109
7SQV-D-A	Positive	0.350213	0.649787
7R2T-B-A	Positive	0.0329484	0.967052
7BJN-B-A	Positive	0.0739462	0.926054
7JQD-B-A	Positive	0.453974	0.546026
7NQC-B-A	Positive	0.061557	0.938443
7V35-P-R	Positive	0.0847604	0.91524
7SSO-A-e	Negative	0.611809	0.388191
7LFL-C-A	Negative	0.702495	0.297505
7BYE-A-B	Positive	0.0318071	0.968193
7QSO-s-E	Positive	0.260779	0.739221
7QSO-Y-M	Positive	0.128011	0.871989
7UJP-C-A	Positive	0.13473	0.86527
7UJP-D-A	Positive	0.173268	0.826732
7SAY-E-A	Positive	0.400579	0.599421
7SAY-F-C	Positive	0.118981	0.881019
7AGB-I-A	Positive	0.0144221	0.985578
7K2J-P-B	Positive	0.0429044	0.957096
7USQ-F-A	Positive	0.061369	0.938631
7SL7-I-A	Negative	0.509255	0.490745
7S02-C-A	Positive	0.146222	0.853778
7EKK-P-H	Positive	0.00873387	0.991266
7RG4-B-E	Positive	0.0995459	0.900454
7QSL-c-N	Negative	0.604883	0.395117
7LV0-A-e	Negative	0.61779	0.38221
7KGS-C-A	Positive	0.431269	0.568731
7K2C-P-A	Positive	0.0135288	0.986471
7S8L-A-R	Positive	0.0388575	0.961143
7C9O-A-B	Positive	0.177762	0.822238
7ACW-B-A	Positive	0.283512	0.716488
7ACW-D-A	Positive	0.204262	0.795738
7DDM-E-A	Positive	0.0225115	0.977488
7VV4-L-R	Positive	0.382547	0.617453
7QXW-e-V	Positive	0.380644	0.619356
7S8S-C-A	Positive	0.107745	0.892255
7SZ5-C-A	Negative	0.732933	0.267067
7MSC-1-3	Negative	0.604767	0.395233
7PFZ-C-B	Positive	0.156592	0.843408
7AE7-b-A	Positive	0.0942514	0.905749
7K2D-P-B	Positive	0.350477	0.649523
7QTW-B-A	Positive	0.0349294	0.965071
7T0V-G-A	Positive	0.0942652	0.905735
7F7O-B-A	Positive	0.0523135	0.947686
7Z73-B-E	Negative	0.778118	0.221882
7Z73-C-E	Negative	0.608198	0.391802
7Z73-D-E	Negative	0.796973	0.203027
7Z73-A-F	Positive	0.427689	0.572311
7AQW-i-g	Positive	0.262726	0.737274
7TZK-C-A	Positive	0.0321433	0.967857
7E9H-C-B	Positive	0.0851361	0.914864
7VD7-B-A	Negative	0.581307	0.418693
7O5S-P-A	Positive	0.361571	0.638429
7W0S-A-B	Positive	0.0989162	0.901084
7MBX-P-R	Positive	0.0244153	0.975585
7O4K-F-A	Positive	0.257562	0.742438
7NAD-V-w	Negative	0.776753	0.223247
7QUV-C-B	Positive	0.0471568	0.952843
7VRJ-A-L	Positive	0.282757	0.717243
7VRJ-7-L	Positive	0.282757	0.717243
7VRJ-9-L	Positive	0.402363	0.597637
7VRJ-P-M	Positive	0.325681	0.674319
7VRJ-E-H	Positive	0.123344	0.876656
7VRJ-G-D	Positive	0.41091	0.58909
7VRJ-J-F	Positive	0.139222	0.860778
7VRJ-T-S	Positive	0.41091	0.58909
7VRJ-Z-W	Positive	0.464299	0.535701
7VRJ-4-3	Positive	0.325681	0.674319
7V8Q-H-C	Positive	0.0146364	0.985364
7BZU-D-A	Negative	0.618465	0.381535
7T56-C-A	Positive	0.0218094	0.978191
7TL7-a-A	Positive	0.104937	0.895063
7CLV-C-A	Positive	0.466245	0.533755
7MSO-E-A	Negative	0.6069	0.3931
7PLL-B-A	Positive	0.459762	0.540238
7ABH-L-F	Positive	0.106448	0.893552
7ABH-7-T	Positive	0.0684817	0.931518
7DRN-E-A	Positive	0.0864399	0.91356
7Q5X-B-A	Negative	0.657361	0.342639
7X9E-E-A	Positive	0.108247	0.891753
7NM9-P-A	Positive	0.0720697	0.92793
7MFR-P-A	Positive	0.0184592	0.981541
7O31-P-L	Positive	0.0257777	0.974222
7JK7-A-B	Positive	0.0148872	0.985113
7ZYV-G-A	Positive	0.158844	0.841156
7ZYV-Q-A	Positive	0.0728388	0.927161
7ZYV-O-I	Positive	0.299131	0.700869
7ZYV-P-I	Positive	0.109832	0.890168
7X7N-H-B	Positive	0.012895	0.987105
7EU1-L-B	Negative	0.609788	0.390212
7Y99-B-A	Positive	0.0925381	0.907462
7S3D-J-A	Negative	0.650705	0.349295
7D2Q-D-A	Positive	0.160055	0.839945
7KLZ-C-A	Positive	0.0822824	0.917718
7E6P-A-L	Positive	0.088366	0.911634
7ZL7-D-A	Positive	0.0700892	0.929911
7E5E-E-A	Positive	0.184525	0.815475
7MB8-E-A	Positive	0.335488	0.664512
7UIQ-D-A	Positive	0.139073	0.860927
7P33-J-A	Positive	0.0751377	0.924862
7P33-H-B	Positive	0.0477185	0.952282
7P33-F-B	Positive	0.055077	0.944923
7P33-I-D	Positive	0.138354	0.861646
7Q50-B-A	Positive	0.0971646	0.902835
7VVO-P-R	Positive	0.400181	0.599819
7LWB-D-A	Negative	0.599042	0.400958
7XFG-B-A	Positive	0.365726	0.634274
7W5R-H-E	Positive	0.158642	0.841358
7RJE-I-K	Positive	0.283281	0.716719
7CIS-C-A	Positive	0.112647	0.887353
7RUG-L-A	Positive	0.238371	0.761629
7LUL-B-A	Positive	0.00816056	0.991839
7RTI-D-C	Positive	0.0552742	0.944726
7C52-8-L	Negative	0.516654	0.483346
7C52-E-H	Negative	0.542916	0.457084
7C52-R-O	Negative	0.516654	0.483346
7ZIT-C-A	Negative	0.596068	0.403932
7AD9-A-B	Positive	0.282598	0.717402
7A4Y-D-B	Positive	0.0237303	0.97627
7A4Y-E-B	Positive	0.0581881	0.941812
7EMA-C-A	Positive	0.0425293	0.957471
7EGT-D-A	Negative	0.706665	0.293335
7UDM-C-A	Positive	0.179328	0.820672
7PKQ-u-B	Positive	0.411052	0.588948
7KQ1-B-A	Positive	0.0982587	0.901741
7KQ1-F-E	Positive	0.216834	0.783166
7RG6-C-A	Positive	0.195462	0.804538
7RG6-D-A	Positive	0.335812	0.664188
7JSX-x-A	Negative	0.881734	0.118266
7F7G-C-A	Positive	0.0374915	0.962508
7AA9-B-A	Positive	0.252388	0.747612
7AA9-F-A	Positive	0.0968841	0.903116
7TT6-C-D	Positive	0.116475	0.883525
7W5M-B-A	Positive	0.0606609	0.939339
7JQC-F-D	Negative	0.705126	0.294874
7F16-P-R	Positive	0.174188	0.825812
7OIE-4-r	Positive	0.134654	0.865346
7ZRR-B-A	Positive	0.285837	0.714163
7UFG-C-A	Negative	0.559565	0.440435
7UFG-D-B	Positive	0.0716882	0.928312
7RGP-P-R	Positive	0.148667	0.851333
7YXR-R-A	Positive	0.127306	0.872694
7YXR-S-A	Positive	0.127306	0.872694
7OUP-F-A	Positive	0.0608355	0.939165
7ANK-C-A	Positive	0.460816	0.539184
7ATN-D-A	Negative	0.577709	0.422291
7BR7-B-K	Positive	0.484115	0.515885
7BR7-O-K	Positive	0.066018	0.933982
7XK8-P-R	Negative	0.501038	0.498962
7EDO-C-A	Positive	0.110933	0.889067
7VV0-L-R	Positive	0.0101518	0.989848
7Y60-K-L	Positive	0.0395799	0.96042
7YC2-F-A	Positive	0.387577	0.612423
7R0J-A-C	Positive	0.0580659	0.941934
7XHN-o-I	Positive	0.0886432	0.911357
7CPO-C-A	Positive	0.496909	0.503091
7MVZ-C-A	Positive	0.137743	0.862257
7F8X-C-A	Positive	0.0273442	0.972656
7K48-E-A	Negative	0.792907	0.207093
7QOH-j-A	Negative	0.605707	0.394293
7QOH-l-B	Positive	0.065801	0.934199
7QOH-m-C	Negative	0.690238	0.309762
7AUE-C-R	Positive	0.0313129	0.968687
7E32-G-B	Positive	0.100155	0.899845
7Q4P-1-A	Positive	0.467557	0.532443
7M76-K-A	Negative	0.562825	0.437175
7LBM-w-A	Negative	0.561736	0.438264
7BRI-L-A	Positive	0.155171	0.844829
7P0T-C-A	Positive	0.286005	0.713995
7SHL-R-A	Positive	0.0160294	0.983971
7VCQ-K-A	Positive	0.088422	0.911578
7XXJ-D-A	Positive	0.161541	0.838459
7U0A-A-H	Positive	0.115206	0.884794
7TZ6-I-A	Positive	0.241936	0.758064
7YX8-F-A	Positive	0.0710496	0.92895
7YX8-H-A	Positive	0.16349	0.83651
7QRM-G-A	Positive	0.178678	0.821322
7SQA-C-B	Positive	0.0229334	0.977067
7RM0-P-A	Positive	0.102034	0.897966
7RM0-Q-C	Positive	0.0578176	0.942182
7RM0-R-E	Positive	0.0762614	0.923739
7XHB-B-A	Positive	0.485423	0.514577
7RJK-C-A	Negative	0.594086	0.405914
7TS0-U-P	Positive	0.225769	0.774231
7CTT-D-A	Positive	0.157098	0.842902
7C1M-B-A	Positive	0.116831	0.883169
7ZVC-C-A	Positive	0.0769729	0.923027
7LX0-T-G	Negative	0.729138	0.270862
7QY5-F-B	Positive	0.0361109	0.963889
7QY5-G-D	Positive	0.146367	0.853633
7E11-B-A	Positive	0.0833149	0.916685
7JWQ-V-A	Positive	0.194821	0.805179
7CDD-C-A	Positive	0.120816	0.879184
7FIN-P-R	Positive	0.142556	0.857444
7X6V-B-A	Negative	0.524479	0.475521
7K2M-P-A	Negative	0.695597	0.304403
7O5H-U-K	Positive	0.381888	0.618112
7D9V-C-A	Positive	0.389064	0.610936
7D9V-D-B	Positive	0.24914	0.75086
7XHA-B-A	Negative	0.500789	0.499211
7A0R-2-C	Positive	0.210457	0.789543
7FB9-N-B	Positive	0.359622	0.640378
7EMC-C-A	Positive	0.00978408	0.990216
7JYA-D-A	Positive	0.0306529	0.969347
7JYA-F-A	Positive	0.0503368	0.949663
7JYA-E-B	Positive	0.040533	0.959467
7F6H-L-A	Positive	0.18577	0.81423
7F6H-D-C	Positive	0.439877	0.560123
7UJS-B-A	Positive	0.121154	0.878846
7JGB-b-a	Positive	0.17219	0.82781
7JGB-d-a	Positive	0.234497	0.765503
7VSI-B-A	Positive	0.234764	0.765236
7YXW-D-A	Positive	0.358668	0.641332
7K28-P-B	Positive	0.0786631	0.921337
7CIR-C-A	Positive	0.06718	0.93282
7NKP-G-L	Positive	0.185542	0.814458
7NKP-H-L	Negative	0.789431	0.210569
7P02-P-R	Positive	0.162078	0.837922
7EGR-K-A	Positive	0.139806	0.860194
7EGR-N-F	Positive	0.139806	0.860194
7LG2-C-A	Positive	0.0224321	0.977568
7UZO-B-A	Positive	0.169213	0.830787
7V7K-C-A	Positive	0.00449845	0.995502
7M60-C-A	Positive	0.104342	0.895658
7M60-B-A	Positive	0.153291	0.846709
7NKK-C-G	Positive	0.0629189	0.937081
7DEG-C-A	Positive	0.212907	0.787093
7KGQ-C-A	Positive	0.261027	0.738973
7CO7-C-D	Positive	0.0244768	0.975523
7PWF-e-J	Negative	0.790257	0.209743
7PWF-d-D	Positive	0.0903239	0.909676
7Q1E-P-A	Positive	0.294247	0.705753
7C41-D-A	Positive	0.0861925	0.913807
7EWJ-C-A	Positive	0.118504	0.881496
7EWJ-F-D	Positive	0.206039	0.793961
7STX-C-A	Positive	0.179179	0.820821
7DF9-V-A	Positive	0.125977	0.874023
7T0L-C-A	Positive	0.0535061	0.946494
7KGR-C-A	Positive	0.0908961	0.909104
7RLX-P-B	Positive	0.0759068	0.924093
7BY2-A-B	Positive	0.272591	0.727409
7EBZ-D-A	Positive	0.106223	0.893777
7ML1-U-O	Negative	0.527538	0.472462
7ML1-V-O	Positive	0.0651593	0.934841
7YF3-C-A	Positive	0.0958663	0.904134
7YF3-D-B	Positive	0.173125	0.826875
7K76-P-A	Positive	0.122642	0.877358
7RMA-C-A	Positive	0.0144861	0.985514
7XGJ-D-A	Positive	0.0153397	0.98466
7XMT-C-S	Positive	0.2028	0.7972
7Q1F-P-A	Positive	0.43086	0.56914
7Q1F-V-R	Negative	0.585268	0.414732
7WFY-A-C	Positive	0.21844	0.78156
7Y65-L-D	Negative	0.578237	0.421763
7RJP-B-A	Positive	0.131314	0.868686
7Z42-Y-A	Positive	0.300585	0.699415
7Z42-G-A	Positive	0.214387	0.785613
7Z42-I-D	Positive	0.205592	0.794408
7E9S-B-A	Positive	0.0753031	0.924697
7SWL-G-A	Positive	0.114513	0.885487
7X5Q-H-B	Positive	0.0297348	0.970265
7MD5-M-A	Negative	0.628069	0.371931
7QV8-D-A	Positive	0.108385	0.891615
7PIU-P-R	Positive	0.0365346	0.963465
7BDU-C-A	Positive	0.340012	0.659988
7BDU-D-A	Positive	0.276802	0.723198
7BDU-E-A	Positive	0.28669	0.71331
7B1H-C-B	Positive	0.0506382	0.949362
7B1H-D-B	Positive	0.0720634	0.927937
7B1H-H-E	Positive	0.156507	0.843493
7W91-D-B	Positive	0.0997475	0.900253
7T2U-E-A	Positive	0.0753757	0.924624
7T2U-F-C	Positive	0.122139	0.877861
7SKL-B-A	Negative	0.767078	0.232922
7SKL-E-A	Negative	0.674736	0.325264
7RLV-P-B	Positive	0.0302654	0.969735
7RLV-Q-F	Positive	0.0280213	0.971979
7ZKY-A-B	Negative	0.582345	0.417655
7NNE-P-A	Positive	0.095949	0.904051
7M5L-E-A	Positive	0.0763477	0.923652
7M5L-F-C	Positive	0.0763477	0.923652
7QS9-C-A	Positive	0.0155448	0.984455
7YOU-C-A	Negative	0.501625	0.498375
7YOU-B-A	Negative	0.505364	0.494636
7UDJ-G-H	Positive	0.14386	0.85614
7EDA-I-A	Positive	0.103712	0.896288
7EDA-L-A	Positive	0.15864	0.84136
7EDA-T-A	Positive	0.38121	0.61879
7EDA-M-B	Positive	0.213825	0.786175
7CNC-B-A	Positive	0.144072	0.855928
7DFA-V-A	Positive	0.0633795	0.93662
7SXG-B-A	Positive	0.194042	0.805958
7K2A-P-A	Positive	0.0652146	0.934785
7N0X-G-H	Positive	0.0844726	0.915527
7QRU-e-B	Positive	0.442831	0.557169
7OQW-P-A	Positive	0.408992	0.591008
7PRV-F-A	Positive	0.0307463	0.969254
7M52-A-H	Positive	0.0175531	0.982447
7OBD-B-A	Positive	0.0222863	0.977714
7AEF-u-M	Positive	0.0924725	0.907527
7BM9-B-A	Positive	0.309771	0.690229
7RFZ-B-A	Negative	0.657206	0.342794
7NHN-6-0	Positive	0.462752	0.537248
7NHN-7-I	Positive	0.0467077	0.953292
7NHN-9-K	Positive	0.266158	0.733842
7KL0-C-A	Positive	0.163382	0.836618
7FIY-P-R	Positive	0.127112	0.872888
7OXK-B-A	Positive	0.0707235	0.929277
7OXK-C-A	Positive	0.123312	0.876688
7WZN-J-A	Negative	0.740641	0.259359
7D0J-J-A	Negative	0.740641	0.259359
7XUV-B-A	Positive	0.0689395	0.931061
7QCO-J-A	Positive	0.233773	0.766227
7QCO-M-B	Positive	0.0567864	0.943214
7QCO-Q-E	Positive	0.233773	0.766227
7CDC-C-A	Positive	0.398051	0.601949
7YOM-B-A	Positive	0.0585374	0.941463
7VNM-1-L	Positive	0.100807	0.899193
7VNM-B-H	Positive	0.178944	0.821056
7VNM-V-S	Positive	0.159879	0.840121
7VNM-C-U	Negative	0.550089	0.449911
7VNM-2-W	Positive	0.219497	0.780503
7EU4-O-A	Positive	0.239995	0.760005
7EU4-P-A	Positive	0.155072	0.844928
7ZCU-B-A	Negative	0.88074	0.11926
7ZCU-R-A	Negative	0.88074	0.11926
7ACV-C-A	Negative	0.813104	0.186896
7C8E-C-A	Negative	0.681634	0.318366
7C8E-D-B	Positive	0.188276	0.811724
7OXG-C-A	Positive	0.0882393	0.911761
7OXG-D-B	Positive	0.110124	0.889876
7P71-C-A	Positive	0.0363803	0.96362
7P71-D-B	Positive	0.0116755	0.988324
7MB6-C-A	Positive	0.211164	0.788836
7BW2-J-A	Negative	0.620914	0.379086
7BW2-K-A	Negative	0.562825	0.437175
7BW2-I-B	Positive	0.311695	0.688305
7BW2-M-B	Positive	0.378866	0.621134
7BW2-X-B	Positive	0.0866105	0.913389
7RLY-Q-B	Positive	0.0345709	0.965429
7RLY-P-D	Positive	0.0322062	0.967794
7RLY-R-F	Positive	0.0814256	0.918574
7F53-L-R	Positive	0.0478486	0.952151
7SMD-B-A	Positive	0.253399	0.746601
7TT4-P-A	Positive	0.131857	0.868143
7TO7-C-A	Positive	0.0782491	0.921751
7PC3-C-A	Positive	0.0670763	0.932924
7QGU-2-E	Negative	0.61117	0.38883
7QGU-3-F	Positive	0.216278	0.783722
7DK7-e-f	Positive	0.442201	0.557799
7NHL-6-0	Negative	0.742422	0.257578
7NHL-9-P	Positive	0.0682558	0.931744
7XSJ-C-A	Positive	0.0733766	0.926623
7JZZ-J-A	Negative	0.724513	0.275487
7R8X-C-A	Positive	0.195208	0.804792
7SID-B-A	Positive	0.104925	0.895075
7K5I-1-D	Negative	0.832271	0.167729
7K5I-e-J	Positive	0.104629	0.895371
7X5C-B-A	Positive	0.0388915	0.961108
7VXX-A-B	Positive	0.243592	0.756408
7AK8-G-A	Positive	0.278202	0.721798
7AK8-H-A	Positive	0.249357	0.750643
7AK8-K-A	Positive	0.252825	0.747175
7AK8-J-C	Positive	0.268605	0.731395
7F6M-B-A	Positive	0.189058	0.810942
7K2B-P-B	Positive	0.0335933	0.966407
7NAM-B-A	Positive	0.492332	0.507668
7Y26-C-E	Positive	0.1181	0.8819
7KEI-C-A	Positive	0.0123941	0.987606
7OW3-C-A	Positive	0.0460487	0.953951
7OW3-F-D	Positive	0.155888	0.844112
7OW3-I-G	Positive	0.114296	0.885704
7CDE-C-A	Positive	0.230547	0.769453
7MNV-B-A	Positive	0.123464	0.876536
7O1F-J-A	Positive	0.409343	0.590657
7O1F-O-F	Positive	0.394302	0.605698
7QTU-D-B	Positive	0.256513	0.743487
7BXV-A-L	Positive	0.0516459	0.948354
7SA2-C-A	Positive	0.299997	0.700003
7AKO-C-A	Positive	0.0335382	0.966462
7AKO-D-B	Positive	0.0794969	0.920503
7MKK-C-B	Positive	0.100984	0.899016
7MKK-D-B	Positive	0.137815	0.862185
7MKK-F-B	Positive	0.0951914	0.904809
7ZQC-J-A	Positive	0.499253	0.500747
7USO-F-A	Positive	0.301388	0.698612
7YK5-b-A	Positive	0.0814291	0.918571
7YK5-i-J	Positive	0.0529885	0.947011
7M53-A-H	Positive	0.0265282	0.973472
7OUN-B-A	Positive	0.199506	0.800494
7YQ2-I-A	Positive	0.173241	0.826759
7YQ2-j-a	Positive	0.341046	0.658954
7YQ2-y-c	Positive	0.272774	0.727226
7F6G-L-A	Positive	0.374581	0.625419
7SME-B-A	Positive	0.145602	0.854398
7RPU-P-A	Positive	0.183056	0.816944
7EVR-B-A	Positive	0.272865	0.727135
7U0H-m-b	Positive	0.0184965	0.981503
7MEY-F-A	Positive	0.0206419	0.979358
7MNP-B-A	Positive	0.351841	0.648159
7OVC-B-A	Positive	0.341255	0.658745
7XL7-B-A	Negative	0.541732	0.458268
7CFC-F-A	Positive	0.0427795	0.95722
7CFC-I-D	Positive	0.0494873	0.950513
7EGU-B-A	Positive	0.449876	0.550124
7FAX-B-A	Positive	0.0651131	0.934887
7UY7-D-A	Negative	0.917057	0.0829425
7QP6-F-D	Negative	0.657314	0.342686
7MLE-C-A	Positive	0.222945	0.777055
7PIK-E-D	Positive	0.477604	0.522396
7DSB-D-B	Positive	0.105221	0.894779
7Y3J-A-L	Positive	0.152497	0.847503
7Y8R-R-B	Positive	0.483706	0.516294
7Y8R-U-I	Positive	0.0926012	0.907399
7Y46-E-C	Positive	0.163737	0.836263
7F60-F-B	Positive	0.0298962	0.970104
7ETT-B-A	Positive	0.0376319	0.962368
7DEE-B-A	Negative	0.629921	0.370079
7LJ0-A-B	Positive	0.404046	0.595954
7U6E-G-E	Positive	0.0298744	0.970126
7MGV-V-A	Positive	0.0576661	0.942334
7MGV-T-A	Positive	0.102486	0.897514
7QYR-K-A	Positive	0.407862	0.592138
7QYR-T-B	Positive	0.334133	0.665867
7QYR-N-D	Negative	0.552256	0.447744
7YVB-P-A	Positive	0.0443731	0.955627
7RLE-B-A	Positive	0.0578032	0.942197
7RLE-D-C	Positive	0.0538511	0.946149
7F4L-E-D	Negative	0.573681	0.426319
7BBL-F-A	Positive	0.0280062	0.971994
7BBL-E-C	Negative	0.577485	0.422515
7R5R-L-A	Positive	0.127721	0.872279
7UYK-D-A	Positive	0.214139	0.785861
7L04-C-E	Positive	0.0264629	0.973537
7D0Q-B-A	Positive	0.0382025	0.961798
7ROV-E-A	Positive	0.340075	0.659925
7JN8-B-A	Positive	0.164351	0.835649
7USY-D-A	Negative	0.604343	0.395657
7KCL-C-A	Negative	0.609548	0.390452
7QH7-I-N	Positive	0.158987	0.841013
7QH7-V-U	Negative	0.579377	0.420623
7QH7-f-W	Positive	0.0730644	0.926936
7QH7-1-3	Positive	0.373091	0.626909
7X5V-E-A	Positive	0.081753	0.918247
7SA3-E-A	Negative	0.661016	0.338984
7SA3-F-A	Negative	0.629024	0.370976
7SA3-I-A	Positive	0.263912	0.736088
7SA3-K-C	Negative	0.725293	0.274707
7OH3-z-B	Negative	0.678302	0.321698
7A00-C-A	Positive	0.182977	0.817023
7YMI-I-A	Negative	0.56475	0.43525
7YMI-L-A	Positive	0.0802646	0.919735
7YMI-T-A	Positive	0.213498	0.786502
7YMI-M-B	Negative	0.542607	0.457393
7YMI-K-C	Negative	0.583513	0.416487
7YMI-F-D	Negative	0.699424	0.300576
7YMI-X-D	Positive	0.0209837	0.979016
7YMI-Y-Z	Negative	0.517189	0.482811
7S5J-B-A	Negative	0.531246	0.468754
7AST-A-N	Negative	0.71795	0.28205
7AST-C-B	Positive	0.122189	0.877811
7CQI-E-T	Positive	0.435323	0.564677
7CQI-C-A	Negative	0.72178	0.27822
7XHF-C-A	Positive	0.281871	0.718129
7XHF-D-B	Positive	0.218679	0.781321
7FAD-B-A	Negative	0.533119	0.466881
7K2G-P-B	Positive	0.0225535	0.977446
7DHG-B-C	Positive	0.187006	0.812994
7YOL-B-A	Positive	0.143897	0.856103
7S82-C-A	Positive	0.170753	0.829247
7LMM-G-B	Positive	0.113026	0.886974
7VFL-D-A	Positive	0.328943	0.671057
7VFL-G-C	Positive	0.349329	0.650671
7BQU-B-A	Positive	0.133241	0.866759
7OHI-B-A	Positive	0.115001	0.884999
7SG1-C-A	Positive	0.134416	0.865584
7USP-F-A	Positive	0.041844	0.958156
7VAZ-G-C	Positive	0.010605	0.989395
7VAZ-E-A	Positive	0.010605	0.989395
7A1I-B-A	Positive	0.153561	0.846439
7EG6-M-G	Positive	0.245783	0.754217
7NMD-F-D	Positive	0.481031	0.518969
7Z52-A-B	Negative	0.597206	0.402794
7SLW-G-A	Positive	0.0746045	0.925395
7M78-K-A	Negative	0.562825	0.437175
7STJ-D-A	Negative	0.752853	0.247147
7RAF-D-A	Positive	0.0852932	0.914707
7Q4I-F-A	Positive	0.139558	0.860442
7Q4I-G-B	Positive	0.139558	0.860442
7F69-C-A	Positive	0.0742364	0.925764
7S1M-P-R	Positive	0.287235	0.712765
7K2K-P-B	Positive	0.265086	0.734914
7YKF-B-A	Positive	0.0129424	0.987058
7YKF-D-A	Positive	0.0269655	0.973035
7MJ7-C-A	Positive	0.281637	0.718363
7PKS-M-b	Positive	0.22178	0.77822
7RN8-F-A	Positive	0.200942	0.799058
7L1B-C-A	Positive	0.0375413	0.962459
7EV4-S-A	Positive	0.0146039	0.985396
7OYE-B-A	Positive	0.108421	0.891579
7MSH-6-F	Negative	0.750519	0.249481
7MSH-H-X	Positive	0.417027	0.582973
7TF6-J-A	Positive	0.0939971	0.906003
7ARM-V-C	Positive	0.11534	0.88466
7W29-P-A	Positive	0.116416	0.883584
7MQR-H-E	Positive	0.430144	0.569856
7OXE-B-A	Positive	0.137455	0.862545
7ZWA-C-A	Negative	0.789362	0.210638
7F5M-C-A	Positive	0.0917014	0.908299
7UMI-A-E	Negative	0.858746	0.141254
7STK-D-A	Negative	0.65169	0.34831
7JU4-U-3	Positive	0.20894	0.79106
7JU4-M-E	Positive	0.36521	0.63479
7NHT-c-A	Negative	0.54523	0.45477
7NHT-d-A	Positive	0.117823	0.882177
7PFY-D-B	Positive	0.0834561	0.916544
7BAG-C-A	Positive	0.161564	0.838436
7CQH-A-B	Positive	0.12907	0.87093
7R86-C-A	Negative	0.912843	0.0871567
7R86-D-A	Negative	0.812866	0.187134
7JN9-B-A	Positive	0.0500601	0.94994
7SIS-C-A	Positive	0.116783	0.883217
7YIU-E-B	Negative	0.578113	0.421887
7YXB-G-A	Positive	0.309247	0.690753
7YXB-H-C	Negative	0.919629	0.0803709
7OR5-B-A	Positive	0.0110936	0.988906
7RCV-T-A	Positive	0.126034	0.873966
7UJD-Z-A	Positive	0.100307	0.899693
7RTA-N-H	Positive	0.0647945	0.935206
7TAU-1-A	Positive	0.145843	0.854157
7TAU-2-A	Negative	0.832774	0.167226
7TAU-3-D	Positive	0.258825	0.741175
7TAU-4-D	Positive	0.204923	0.795077
7TAU-5-G	Negative	0.596096	0.403904
7TAU-O-N	Positive	0.0770009	0.922999
7EQD-A-L	Negative	0.530177	0.469823
7EQD-K-L	Negative	0.530177	0.469823
7O5B-h-g	Negative	0.792943	0.207057
7SFX-F-C	Negative	0.79461	0.20539
7VWO-D-A	Positive	0.158382	0.841618
7VWO-J-B	Positive	0.214842	0.785158
7OW4-C-A	Positive	0.0770136	0.922986
7XXA-D-A	Positive	0.154778	0.845222
7S47-B-A	Positive	0.0156574	0.984343
7AJQ-F-A	Positive	0.479261	0.520739
7AJQ-G-A	Positive	0.158551	0.841449
7XV4-B-A	Positive	0.250822	0.749178
7PPN-B-A	Positive	0.172842	0.827158
7URF-B-A	Positive	0.304348	0.695652
7RN7-F-A	Positive	0.0690388	0.930961
7B1F-C-B	Positive	0.0491727	0.950827
7C4J-G-B	Positive	0.238873	0.761127
7B93-s-E	Positive	0.175682	0.824318
7B93-c-O	Negative	0.513669	0.486331
7WZZ-C-A	Positive	0.192404	0.807596
7OS1-F-B	Negative	0.662956	0.337044
7LFJ-C-A	Negative	0.610497	0.389503
7S5G-C-B	Positive	0.149746	0.850254
7SL5-C-A	Positive	0.17251	0.82749
7KGO-C-A	Positive	0.081196	0.918804
7YCJ-B-A	Positive	0.0672373	0.932763
7KD6-B-E	Negative	0.766119	0.233881
7KD6-F-E	Positive	0.336706	0.663294
7KD6-H-K	Negative	0.766119	0.233881
7KD6-T-W	Negative	0.766119	0.233881
7KD6-X-W	Positive	0.197366	0.802634
7U1R-C-A	Positive	0.0385074	0.961493
7OYQ-C-A	Positive	0.0430913	0.956909
7R8W-B-A	Positive	0.0950086	0.904991
7UNF-r-k	Positive	0.302086	0.697914
7STF-C-H	Positive	0.0990694	0.900931
7A5P-u-M	Negative	0.681361	0.318639
7T7T-W-A	Positive	0.0873461	0.912654
7T7T-X-B	Positive	0.0513456	0.948654
7KQ0-B-A	Positive	0.36326	0.63674
7KQ0-F-A	Positive	0.230149	0.769851
7KQ0-D-C	Positive	0.299409	0.700591
7TB1-C-A	Positive	0.0518964	0.948104
7ZGP-F-A	Negative	0.629113	0.370887
7K7H-G-A	Positive	0.269744	0.730256
7UOA-B-A	Positive	0.172442	0.827558
7OE1-U-K	Positive	0.137156	0.862844
7OWR-E-B	Positive	0.0596312	0.940369
7M2Y-U-D	Positive	0.251195	0.748805
7NPG-P-A	Positive	0.0205397	0.97946
7UWI-F-A	Positive	0.0762679	0.923732
7DVQ-y-3	Positive	0.140226	0.859774
7DNE-C-A	Positive	0.0579413	0.942059
7TBT-B-A	Positive	0.0929034	0.907097
7RNV-B-A	Positive	0.0678946	0.932105
7OXY-B-A	Positive	0.119858	0.880142
7S2T-F-A	Positive	0.160348	0.839652
7S2T-H-C	Positive	0.250158	0.749842
7D6F-B-A	Positive	0.109255	0.890745
7UXK-B-A	Positive	0.209371	0.790629
7UJQ-C-A	Positive	0.13473	0.86527
7OHX-i-D	Positive	0.0477006	0.952299
7L1U-L-R	Positive	0.271932	0.728068
7PO4-v-I	Positive	0.110249	0.889751
7CG4-f-b	Positive	0.479365	0.520635
7AZ8-H-A	Positive	0.112838	0.887162
7RSW-C-B	Positive	0.0202659	0.979734
7BZO-D-A	Negative	0.602261	0.397739
7P9U-A-B	Positive	0.26718	0.73282
7ETU-B-A	Positive	0.170715	0.829285
7PC7-E-A	Positive	0.190596	0.809404
7PC7-F-B	Positive	0.0950725	0.904927
7ZL4-D-B	Negative	0.522539	0.477461
7VCF-N-A	Positive	0.0551019	0.944898
7YG3-B-A	Positive	0.108532	0.891468
7D8H-B-A	Positive	0.160192	0.839808
7QDW-B-A	Positive	0.101214	0.898786
7ULO-C-A	Positive	0.201748	0.798252
7TF9-J-A	Positive	0.217431	0.782569
7WXX-B-A	Positive	0.0162405	0.98376
7SEO-F-A	Positive	0.0690388	0.930961
7YON-L-R	Negative	0.773848	0.226152
7ABG-F-L	Positive	0.483044	0.516956
7ZY4-C-A	Positive	0.0781605	0.92184
7ZY4-D-B	Positive	0.0858408	0.914159
7Z4S-C-A	Positive	0.444664	0.555336
7ARX-C-B	Positive	0.0970973	0.902903
7SUO-C-A	Positive	0.274022	0.725978
7SUO-D-B	Positive	0.183456	0.816544
7DNO-C-A	Positive	0.39637	0.60363
7ZGR-C-A	Positive	0.102507	0.897493
7AD0-H-A	Positive	0.40835	0.59165
7EP7-B-A	Positive	0.039479	0.960521
7QBI-I-A	Positive	0.16379	0.83621
7CJQ-C-A	Positive	0.299623	0.700377
7K2H-P-B	Positive	0.417028	0.582972
7VMW-C-A	Positive	0.234092	0.765908
7KME-L-H	Negative	0.636747	0.363253
7P0U-U-A	Positive	0.236902	0.763098
7P0U-E-A	Positive	0.101738	0.898262
7P0U-G-F	Positive	0.100296	0.899704
7ZZQ-U-A	Positive	0.108073	0.891927
7ZZQ-V-A	Positive	0.0638714	0.936129
7ZZQ-W-B	Positive	0.116959	0.883041
7ZZQ-X-B	Positive	0.102042	0.897958
7ZZQ-Y-C	Positive	0.110878	0.889122
7ZZQ-Q-E	Positive	0.219536	0.780464
7ZZQ-R-E	Positive	0.145797	0.854203
7ZZQ-T-F	Positive	0.119786	0.880214
7ZZQ-S-G	Positive	0.145862	0.854138
7ZZQ-b-N	Positive	0.213392	0.786608
7ZZQ-a-O	Positive	0.15272	0.84728
7DFB-V-A	Positive	0.231234	0.768766
7VRC-B-A	Negative	0.563672	0.436328
7ZUC-C-A	Positive	0.0290537	0.970946
7Z8E-B-A	Positive	0.0706574	0.929343
7KNG-C-A	Positive	0.263415	0.736585
7C9R-6-L	Positive	0.133875	0.866125
7C9R-P-M	Positive	0.0722311	0.927769
7C9R-B-H	Positive	0.0784176	0.921582
7C9R-2-H	Positive	0.121055	0.878945
7C9R-4-H	Positive	0.119129	0.880871
7C9R-0-H	Positive	0.121055	0.878945
7C9R-G-D	Positive	0.121055	0.878945
7C9R-N-I	Positive	0.078758	0.921242
7C9R-R-O	Positive	0.210322	0.789678
7E8E-K-C	Negative	0.825461	0.174539
7E8E-L-D	Negative	0.624917	0.375083
7UYJ-C-A	Positive	0.0490931	0.950907
7RZZ-C-A	Positive	0.182464	0.817536
7QPH-E-A	Positive	0.0115534	0.988447
7WCY-C-A	Positive	0.0628424	0.937158
7N19-C-A	Positive	0.0446766	0.955323
7N19-F-D	Positive	0.0446766	0.955323
7N19-L-J	Positive	0.0446766	0.955323
7QRD-M-A	Positive	0.0955328	0.904467
7QRD-L-C	Positive	0.0955328	0.904467
7LEW-B-A	Positive	0.0986982	0.901302
7Y8A-I-8	Positive	0.384537	0.615463
7YNJ-B-A	Positive	0.10456	0.89544
7NMI-A-B	Negative	0.875487	0.124513
7Q44-B-A	Positive	0.0506449	0.949355
7Q44-D-C	Positive	0.221825	0.778175
7Z36-C-A	Positive	0.151057	0.848943
7Z36-D-A	Negative	0.705267	0.294733
7Z36-S-A	Negative	0.555013	0.444987
7DU5-C-A	Positive	0.0980439	0.901956
7CNA-B-A	Positive	0.172301	0.827699
7CNA-C-A	Positive	0.207401	0.792599
7CNA-E-D	Positive	0.249297	0.750703
7CNA-F-D	Positive	0.0838857	0.916114
7TBH-a-A	Positive	0.299895	0.700105
7QTP-B-A	Positive	0.133724	0.866276
7CYL-B-A	Positive	0.338327	0.661673
7YOH-P-A	Positive	0.103143	0.896857
7P72-B-A	Positive	0.0478534	0.952147
7OOD-2-e	Positive	0.0763891	0.923611
7UHE-B-A	Positive	0.1681	0.8319
7UHE-D-A	Positive	0.144641	0.855359
7TB2-B-A	Negative	0.534255	0.465745
7RK3-B-A	Positive	0.329566	0.670434
7P0A-C-A	Positive	0.289635	0.710365
7YNI-B-A	Positive	0.49749	0.50251
7JGC-b-a	Negative	0.617547	0.382453
7WVX-L-R	Positive	0.338914	0.661086
7K3K-B-A	Positive	0.187915	0.812085
7S1B-C-A	Positive	0.104894	0.895106
7UM3-B-I	Positive	0.195041	0.804959
7UM3-A-H	Positive	0.219209	0.780791
7JYW-C-A	Positive	0.223016	0.776984
7DFC-V-A	Positive	0.190618	0.809382
7UGW-E-A	Positive	0.0695022	0.930498
7M5M-D-A	Positive	0.0716854	0.928315
7OKP-E-A	Positive	0.366595	0.633405
7NVR-s-c	Negative	0.598095	0.401905
7UJV-A-B	Positive	0.129846	0.870154
7R4G-Y-M	Negative	0.80424	0.19576
7MJ9-C-A	Negative	0.86456	0.13544
7EJN-C-A	Positive	0.083114	0.916886
7R6K-g-I	Positive	0.0214512	0.978549
7R6K-r-l	Positive	0.466238	0.533762
7EXE-C-A	Positive	0.344051	0.655949
7T70-C-A	Positive	0.261978	0.738022
7VY3-A-L	Positive	0.189849	0.810151
7VY3-B-L	Negative	0.659284	0.340716
7VY3-1-M	Positive	0.232443	0.767557
7VY3-Z-V	Positive	0.306401	0.693599
7VCN-C-A	Positive	0.192262	0.807738
7BP5-C-A	Positive	0.328753	0.671247
7NDY-G-A	Positive	0.448013	0.551987
7KQK-C-A	Positive	0.173306	0.826694
7JFO-x-A	Positive	0.269654	0.730346
7N89-C-A	Positive	0.29209	0.70791
7DTY-P-R	Positive	0.498306	0.501694
7CO5-G-H	Positive	0.015794	0.984206
7CO5-K-D	Positive	0.0260342	0.973966
7UXQ-C-A	Positive	0.323424	0.676576
7UXQ-D-A	Positive	0.323424	0.676576
7R5A-C-A	Negative	0.705997	0.294003
7R5A-D-B	Positive	0.207079	0.792921
7OQY-Q-A	Positive	0.14562	0.85438
7XL4-G-C	Positive	0.250011	0.749989
7Z10-h-a	Positive	0.477649	0.522351
7EYC-P-L	Positive	0.203344	0.796656
7EYC-Q-H	Positive	0.106855	0.893145
7VFM-E-A	Positive	0.40306	0.59694
7VFM-G-C	Positive	0.171218	0.828782
7VDM-L-R	Positive	0.132269	0.867731
7BED-B-A	Positive	0.0730225	0.926977
7BPY-B-A	Positive	0.120483	0.879517
7TAN-K-C	Positive	0.411222	0.588778
7ASE-D-t	Positive	0.312472	0.687528
7TMY-A-I	Positive	0.38643	0.61357
7UML-D-A	Positive	0.22893	0.77107
7UML-E-A	Negative	0.636826	0.363174
7UML-F-B	Positive	0.234782	0.765218
7UZP-B-A	Positive	0.229173	0.770827
7UZP-D-A	Positive	0.229173	0.770827
7UZP-F-A	Positive	0.0263615	0.973638
7TC4-C-A	Positive	0.448026	0.551974
7Z8M-X-V	Positive	0.170485	0.829515
7AU6-D-A	Positive	0.14707	0.85293
7NKD-D-A	Positive	0.162971	0.837029
7NKD-E-A	Negative	0.681809	0.318191
7NKD-B-d	Negative	0.506381	0.493619
7NKD-C-d	Positive	0.0864556	0.913544
7D8D-D-A	Negative	0.555366	0.444634
7NXE-C-A	Positive	0.0350284	0.964972
7MDX-E-A	Positive	0.0177512	0.982249
7VOY-2-Y	Positive	0.159879	0.840121
7VOY-5-4	Positive	0.178944	0.821056
7DVW-C-A	Positive	0.140891	0.859109
7OBS-B-A	Positive	0.186168	0.813832
7EJL-C-A	Positive	0.0590822	0.940918
7KNU-P-E	Positive	0.373754	0.626246
7XVZ-C-A	Positive	0.12487	0.87513
7QIK-F-A	Negative	0.925143	0.0748566
7QIK-E-B	Negative	0.636227	0.363773
7D2G-B-A	Positive	0.0471455	0.952855
7D2G-C-A	Positive	0.0723133	0.927687
7UTS-D-E	Positive	0.153465	0.846535
7Z1K-B-A	Positive	0.282792	0.717208
7MHZ-B-A	Positive	0.0528134	0.947187
7RLZ-P-B	Positive	0.103866	0.896134
7LFK-C-A	Negative	0.755231	0.244769
7TZF-P-E	Negative	0.647275	0.352725
7OKN-B-A	Positive	0.450025	0.549975
7E20-C-A	Positive	0.0983886	0.901611
7TA7-C-A	Positive	0.0735978	0.926402
7TA7-D-A	Positive	0.0818954	0.918105
7R6H-C-A	Negative	0.646325	0.353675
7XQS-C-A	Positive	0.296938	0.703062
7UKG-I-A	Positive	0.194348	0.805652
7JYU-C-A	Positive	0.364908	0.635092
7W55-C-R	Negative	0.601613	0.398387
7MJ5-A-H	Negative	0.6111	0.3889
7MJ5-Q-H	Positive	0.290458	0.709542
7MJ5-P-C	Positive	0.264123	0.735877
7NW0-3-0	Positive	0.28058	0.71942
7B9V-c-A	Negative	0.632004	0.367996
7TL8-B-A	Positive	0.0831588	0.916841
7LFC-B-A	Positive	0.172205	0.827795
7QIX-K-E	Positive	0.124128	0.875872
7QIX-X-H	Positive	0.08184	0.91816
7QIX-W-M	Positive	0.205667	0.794333
7MNU-B-A	Negative	0.81402	0.18598
7O07-P-A	Positive	0.181511	0.818489
7NUF-C-A	Negative	0.586856	0.413144
7YML-A-L	Positive	0.152431	0.847569
7YML-W-M	Negative	0.612064	0.387936
7YML-Y-M	Positive	0.0838925	0.916108
7YML-B-H	Negative	0.652641	0.347359
7YML-G-H	Negative	0.566931	0.433069
7YML-Z-V	Positive	0.310168	0.689832
7RJN-C-A	Positive	0.084493	0.915507
7LF4-B-A	Positive	0.191441	0.808559
7LF4-E-A	Positive	0.0674371	0.932563
7LF4-D-C	Positive	0.228353	0.771647
7ZRP-B-A	Negative	0.6898	0.3102
7EA7-C-B	Positive	0.140469	0.859531
7O3J-C-A	Negative	0.929067	0.0709334
8KDE-L-B	Negative	0.761979	0.238021
8KDE-M-B	Positive	0.127574	0.872426
8KDE-F-D	Positive	0.441758	0.558242
8KDE-K-D	Positive	0.408256	0.591744
8KDE-T-D	Negative	0.71544	0.28456
8KDE-1-D	Positive	0.496999	0.503001
8YDS-A-B	Positive	0.0639729	0.936027
8WRZ-V-A	Positive	0.0264069	0.973593
8VLW-F-A	Negative	0.502661	0.497339
8VLW-G-A	Negative	0.668381	0.331619
8RYN-C-A	Positive	0.0225382	0.977462
8SG8-N-B	Positive	0.0902245	0.909775
8GOO-G-A	Positive	0.120978	0.879022
8P6P-x-B	Negative	0.563924	0.436076
8TUV-B-A	Positive	0.104615	0.895385
8TUV-C-A	Positive	0.0184222	0.981578
8VJV-D-A	Positive	0.136726	0.863274
8TTL-D-A	Positive	0.206325	0.793675
8PR3-E-B	Positive	0.427135	0.572865
8VRL-c-e	Negative	0.754288	0.245712
8GWS-C-A	Positive	0.049763	0.950237
8XI5-R-A	Positive	0.192342	0.807658
8XI5-M-B	Positive	0.250575	0.749425
8W8X-L-R	Positive	0.0648481	0.935152
8E8I-C-A	Positive	0.0242259	0.975774
8PFE-B-A	Positive	0.424304	0.575696
8QDV-C-A	Positive	0.148335	0.851665
8QDV-F-E	Positive	0.454788	0.545212
8A19-B-A	Positive	0.237222	0.762778
8HR0-D-B	Positive	0.281868	0.718132
8Q24-C-A	Positive	0.434064	0.565936
8AFE-G-B	Positive	0.0632407	0.936759
8AFE-H-I	Positive	0.0729667	0.927033
8YM2-B-A	Positive	0.327179	0.672821
8IYK-O-J	Positive	0.236228	0.763772
8I0N-V-A	Positive	0.154929	0.845071
8TEW-A-E	Positive	0.295714	0.704286
8TEW-C-E	Positive	0.08737	0.91263
8EQM-E-A	Negative	0.769552	0.230448
8EQM-F-A	Negative	0.629024	0.370976
8EQM-I-A	Positive	0.478852	0.521148
8EQM-L-A	Positive	0.21661	0.78339
8EQM-M-A	Positive	0.332328	0.667672
8EQM-T-A	Positive	0.270987	0.729013
8EQM-X-D	Positive	0.367382	0.632618
8YYT-C-A	Positive	0.184122	0.815878
8JZW-F-C	Positive	0.0405409	0.959459
8JZW-E-C	Positive	0.0453945	0.954605
8G8D-P-H	Positive	0.0567724	0.943228
8HKW-C-A	Positive	0.257413	0.742587
8W5K-E-F	Negative	0.743406	0.256594
8F9W-O-A	Positive	0.0541592	0.945841
8F9W-R-G	Positive	0.0559323	0.944068
8KET-H-F	Positive	0.0915491	0.908451
8C2Y-P-A	Positive	0.0673391	0.932661
8WKK-K-E	Negative	0.513284	0.486716
8WKK-b-P	Negative	0.511293	0.488707
8WKK-c-Q	Positive	0.342411	0.657589
8WKK-d-Q	Positive	0.271751	0.728249
8EI5-E-A	Positive	0.05708	0.94292
8EI5-G-C	Positive	0.066616	0.933384
8G4I-e-J	Positive	0.137207	0.862793
8G4I-f-d	Positive	0.0450308	0.954969
8RUV-B-A	Negative	0.657361	0.342639
8RJC-2-1	Positive	0.242565	0.757435
8RJC-9-6	Negative	0.552171	0.447829
8RJC-4-R	Negative	0.856445	0.143555
8X2X-L-N	Positive	0.251878	0.748122
8IBP-C-A	Positive	0.0300976	0.969902
8ZIA-J-I	Positive	0.120847	0.879153
8VIS-A-B	Positive	0.0387829	0.961217
8VIS-C-D	Negative	0.702885	0.297115
8VIS-E-F	Positive	0.0850908	0.914909
8VIS-G-H	Negative	0.788653	0.211347
8EW3-F-C	Negative	0.599502	0.400498
8P2Z-A-C	Positive	0.0820887	0.917911
8CMJ-5-g	Negative	0.748008	0.251992
8CMJ-n-g	Positive	0.178772	0.821228
8C3H-D-A	Positive	0.185895	0.814105
8W2O-I-M	Positive	0.0938686	0.906131
8GHM-J-A	Positive	0.483344	0.516656
8GHM-F-A	Negative	0.831372	0.168628
8D8I-B-A	Positive	0.184121	0.815879
8Z58-B-A	Positive	0.135579	0.864421
8OIO-E-A	Positive	0.197855	0.802145
8ALM-P-B	Positive	0.0615491	0.938451
8BQ8-E-B	Positive	0.0223793	0.977621
8XQX-U-D	Positive	0.199138	0.800862
8U5G-C-A	Positive	0.290344	0.709656
8B8V-B-A	Negative	0.820243	0.179757
8BEA-P-R	Positive	0.0861012	0.913899
8BFC-B-A	Positive	0.0621394	0.937861
8HXQ-C-A	Negative	0.572858	0.427142
8HXQ-D-A	Positive	0.474305	0.525695
8YDV-A-B	Positive	0.0946167	0.905383
8YDV-C-B	Positive	0.0946167	0.905383
8TG9-C-A	Negative	0.881757	0.118243
8QM0-E-A	Negative	0.560375	0.439625
8F7R-P-R	Positive	0.118046	0.881954
8F7R-F-M	Positive	0.268387	0.731613
8HE3-B-A	Positive	0.022378	0.977622
8KH4-D-C	Positive	0.435944	0.564056
8WFN-F-E	Negative	0.574451	0.425549
8WFN-H-E	Negative	0.651334	0.348666
8EYX-F-A	Negative	0.54011	0.45989
8JGF-L-R	Positive	0.0344983	0.965502
8JBL-G-A	Positive	0.111394	0.888606
8JBL-E-A	Negative	0.540339	0.459661
8K5O-2-C	Positive	0.149543	0.850457
8K5O-v-w	Positive	0.378279	0.621721
8K5O-5-6	Positive	0.275611	0.724389
8K5O-8-F	Positive	0.378279	0.621721
8T33-B-A	Positive	0.218367	0.781633
8QHU-U-Q	Positive	0.183874	0.816126
8ZDO-S-m	Positive	0.071781	0.928219
8VJX-C-A	Positive	0.387483	0.612517
8BRH-B-A	Positive	0.0889609	0.911039
8VDV-L-A	Positive	0.122892	0.877108
8RN7-D-A	Positive	0.15523	0.84477
8RN7-E-A	Positive	0.0623936	0.937606
8OZH-F-A	Positive	0.27437	0.72563
8K9I-R-C	Positive	0.414095	0.585905
8XGU-E-A	Positive	0.125296	0.874704
8ZWB-J-A	Negative	0.709656	0.290344
8U4N-C-B	Positive	0.452178	0.547822
8SHI-C-A	Positive	0.0449457	0.955054
8JG4-C-A	Positive	0.112056	0.887944
8OPS-B-A	Positive	0.358295	0.641705
8ZKQ-F-A	Positive	0.304313	0.695687
8ZKQ-C-B	Positive	0.304313	0.695687
8DPG-D-C	Positive	0.473211	0.526789
8Q7V-B-A	Positive	0.157672	0.842328
8Q7V-F-A	Positive	0.0493067	0.950693
8Q7V-H-A	Negative	0.861829	0.138171
8D6Z-H-A	Positive	0.159221	0.840779
8D6Z-J-E	Positive	0.110578	0.889422
8SWI-B-A	Positive	0.410987	0.589013
8D5K-C-A	Positive	0.11167	0.88833
8ANB-P-A	Positive	0.191997	0.808003
8ENX-C-A	Positive	0.0490943	0.950906
8USC-O-H	Positive	0.207565	0.792435
8USC-e-Y	Positive	0.292833	0.707167
8F7Q-P-R	Negative	0.502084	0.497916
8F7Q-F-M	Negative	0.758057	0.241943
8P9C-B-A	Positive	0.111853	0.888147
8SQZ-E-A	Negative	0.709998	0.290002
8IR3-r-b	Positive	0.0211172	0.978883
8HDH-B-A	Positive	0.114692	0.885308
8ZXR-B-A	Positive	0.303629	0.696371
8FY5-C-A	Positive	0.278466	0.721534
8B1C-C-A	Positive	0.0146039	0.985396
8UST-F-E	Positive	0.291656	0.708344
8H3M-D-A	Negative	0.866753	0.133247
8H3M-H-C	Positive	0.19807	0.80193
8T4H-C-A	Positive	0.11031	0.88969
8JGG-L-R	Positive	0.0330942	0.966906
8XKV-O-A	Positive	0.101107	0.898893
8XKV-M-B	Negative	0.54204	0.45796
8XKV-L-C	Positive	0.37847	0.62153
8XKV-N-C	Negative	0.76564	0.23436
8TXF-B-A	Positive	0.424292	0.575708
8FA6-P-H	Positive	0.0846295	0.915371
8FA6-Q-A	Positive	0.0973889	0.902611
8U8E-C-B	Positive	0.191399	0.808601
8IOD-L-R	Positive	0.0125112	0.987489
8XQF-D-R	Positive	0.127696	0.872304
8EUI-8-X	Positive	0.139745	0.860255
8FU4-C-A	Positive	0.24507	0.75493
8CIR-C-A	Positive	0.112916	0.887084
8ANV-C-A	Positive	0.24891	0.75109
8ANV-F-A	Positive	0.025101	0.974899
8P9E-B-A	Positive	0.170752	0.829248
8EJS-C-B	Positive	0.319135	0.680865
8EXM-D-A	Positive	0.00853671	0.991463
8V83-7-l	Positive	0.330676	0.669324
8YVU-A-B	Negative	0.569788	0.430212
8YVU-D-B	Positive	0.0486916	0.951308
8YVU-E-F	Negative	0.569788	0.430212
8UIH-D-H	Positive	0.0242727	0.975727
8H9L-J-A	Positive	0.23325	0.76675
8UHN-D-H	Positive	0.0218992	0.978101
8KCV-C-A	Positive	0.318843	0.681157
8XKR-D-A	Positive	0.178959	0.821041
8XKR-E-A	Negative	0.671216	0.328784
8XKR-C-A	Positive	0.23685	0.76315
8XKR-F-B	Positive	0.153915	0.846085
8CBV-A-B	Negative	0.528727	0.471273
8FHU-C-A	Positive	0.0892202	0.91078
8WHX-J-1	Positive	0.369038	0.630962
8RGR-s-2	Positive	0.134222	0.865778
8YT8-I-B	Positive	0.288038	0.711962
8W9P-r-R	Positive	0.0977913	0.902209
8QPA-B-G	Positive	0.0545381	0.945462
8DZ5-I-H	Positive	0.0898829	0.910117
8VMG-C-A	Positive	0.284795	0.715205
8VMG-D-B	Negative	0.824706	0.175294
8GCW-P-A	Positive	0.174324	0.825676
8D52-B-A	Positive	0.199484	0.800516
8FVL-L-A	Positive	0.158721	0.841279
8RHH-T-K	Positive	0.241186	0.758814
8YAL-I-B	Positive	0.168364	0.831636
8Q1G-C-A	Positive	0.235533	0.764467
8FPQ-L-A	Positive	0.33744	0.66256
8YZ2-q-P	Negative	0.611486	0.388514
8YZ2-p-P	Negative	0.611486	0.388514
8YZ2-j-K	Negative	0.663772	0.336228
8F1F-1-A	Positive	0.114313	0.885687
8D3Y-G-A	Positive	0.151925	0.848075
8ON7-D-A	Positive	0.343267	0.656733
8TNQ-C-B	Negative	0.733281	0.266719
8PX6-M-B	Positive	0.103433	0.896567
8DJQ-E-A	Positive	0.0437401	0.95626
8HGP-C-A	Negative	0.826666	0.173334
8UHG-X-V	Positive	0.0132831	0.986717
8ES8-Z-D	Positive	0.311904	0.688096
8ES8-Y-D	Negative	0.520557	0.479443
8F2B-P-E	Negative	0.70711	0.29289
8UO7-C-A	Positive	0.0945415	0.905458
8YTH-B-A	Positive	0.184135	0.815865
8VJW-C-A	Positive	0.0829992	0.917001
8VJW-D-A	Positive	0.307756	0.692244
8H9H-F-G	Positive	0.100148	0.899852
8WST-L-R	Positive	0.0904491	0.909551
8JZV-B-A	Positive	0.0375395	0.962461
8WXE-a-d	Negative	0.543352	0.456648
8WXE-m-d	Positive	0.163948	0.836052
8WXE-n-d	Positive	0.387913	0.612087
8IOC-L-R	Positive	0.10082	0.89918
8CSU-3-5	Positive	0.148774	0.851226
8Q2Z-C-A	Positive	0.335187	0.664813
8TBP-E-A	Positive	0.38479	0.61521
8Q3T-C-A	Positive	0.437504	0.562496
8I0Q-V-A	Positive	0.00742148	0.992579
8CB5-C-A	Positive	0.0309217	0.969078
8HLY-B-A	Positive	0.0204863	0.979514
8V5U-B-A	Negative	0.573733	0.426267
8E1D-B-A	Positive	0.181302	0.818698
8QS3-K-A	Positive	0.477479	0.522521
8GCK-E-B	Positive	0.105549	0.894451
8TOW-I-A	Negative	0.746955	0.253045
8KB1-C-A	Positive	0.07313	0.92687
8SO0-D-B	Positive	0.361191	0.638809
8FAX-L-A	Positive	0.0862848	0.913715
8U9P-G-A	Positive	0.0530338	0.946966
8YFO-P-R	Positive	0.418711	0.581289
8K0G-y-A	Positive	0.13108	0.86892
8K0G-e-V	Positive	0.342838	0.657162
8TGC-C-B	Positive	0.0945921	0.905408
8JRV-G-R	Positive	0.346676	0.653324
8C24-F-C	Negative	0.623839	0.376161
8WT0-B-A	Negative	0.627095	0.372905
8RTC-C-A	Positive	0.0877091	0.912291
8HXY-P-K	Positive	0.230686	0.769314
8JLY-B-A	Positive	0.046869	0.953131
8BE8-P-R	Positive	0.128154	0.871846
8OOP-H-C	Positive	0.157855	0.842145
8WFS-a-B	Positive	0.246344	0.753656
8AI2-C-A	Positive	0.0577612	0.942239
8XLI-p-a	Positive	0.385008	0.614992
8FZJ-3-F	Negative	0.582704	0.417296
8S8E-l-k	Negative	0.846269	0.153731
8R0T-A-B	Positive	0.100557	0.899443
8I0H-F-A	Negative	0.781998	0.218002
8I0H-H-A	Positive	0.0940767	0.905923
8YGU-A-B	Positive	0.166238	0.833762
8YGU-C-B	Positive	0.147573	0.852427
8ZCJ-D-C	Positive	0.369254	0.630746
8ZCJ-A-G	Positive	0.10472	0.89528
8IAP-s-E	Positive	0.255149	0.744851
8IGD-D-A	Positive	0.216282	0.783718
8IGD-C-B	Positive	0.216282	0.783718
8A5O-X-G	Positive	0.0454783	0.954522
8WC8-Y-B	Negative	0.533188	0.466812
8AHS-C-A	Positive	0.352322	0.647678
8K7T-G-A	Positive	0.0334895	0.96651
8K7T-H-A	Positive	0.0617081	0.938292
8AB0-C-D	Positive	0.0628079	0.937192
8X01-D-B	Negative	0.626603	0.373397
8HXX-E-K	Negative	0.731881	0.268119
8YFM-B-A	Positive	0.100152	0.899848
8T2C-D-A	Negative	0.503894	0.496106
8S9I-G-A	Negative	0.655257	0.344743
8T4J-C-B	Positive	0.383756	0.616244
8SDX-C-A	Positive	0.0236645	0.976336
8FBW-E-C	Positive	0.106105	0.893895
8FBW-F-A	Positive	0.129523	0.870477
8E2Z-C-A	Positive	0.0631916	0.936808
8VMI-F-T	Positive	0.0656413	0.934359
8VMI-I-C	Negative	0.671514	0.328486
8B64-E-e	Negative	0.652641	0.347359
8B64-F-e	Negative	0.561049	0.438951
8B64-a-b	Positive	0.475769	0.524231
8B64-u-X	Positive	0.426582	0.573418
8B64-r-L	Positive	0.0838925	0.916108
8B64-t-H	Positive	0.0838925	0.916108
8B64-R-o	Negative	0.599729	0.400271
8B64-K-n	Negative	0.566931	0.433069
8S6K-M-A	Positive	0.069682	0.930318
8EU9-Z-Q	Negative	0.60788	0.39212
8INE-T-4	Positive	0.107343	0.892657
8INE-s-4	Positive	0.46208	0.53792
8B19-C-A	Positive	0.0110417	0.988958
8WDU-A-L	Positive	0.402363	0.597637
8WDU-7-L	Positive	0.385177	0.614823
8WDU-E-H	Positive	0.464299	0.535701
8WDU-0-H	Positive	0.113032	0.886968
8WDU-G-D	Positive	0.179171	0.820829
8WDU-J-F	Negative	0.508079	0.491921
8WDU-X-U	Positive	0.464299	0.535701
8CRT-P-L	Negative	0.560905	0.439095
8H4X-B-A	Positive	0.128815	0.871185
8V15-B-A	Negative	0.573733	0.426267
8ZPT-L-R	Positive	0.13948	0.86052
8GJF-E-B	Positive	0.122062	0.877938
8GJF-F-C	Positive	0.180274	0.819726
8P6I-A-H	Positive	0.0453846	0.954615
8ZFI-z-e	Negative	0.641993	0.358007
8QPE-K-I	Positive	0.0749908	0.925009
8RBV-C-A	Positive	0.0290282	0.970972
8RV1-B-A	Positive	0.0863293	0.913671
8U9Z-G-A	Positive	0.0815183	0.918482
8BSS-B-A	Negative	0.550349	0.449651
8XP1-C-Z	Positive	0.148374	0.851626
8FDD-P-A	Positive	0.0433764	0.956624
8FA2-D-A	Positive	0.211147	0.788853
8YXM-B-A	Positive	0.387262	0.612738
8ZEJ-z-e	Positive	0.439462	0.560538
8XK1-C-A	Positive	0.320917	0.679083
8XK1-D-A	Negative	0.839227	0.160773
8QXX-B-A	Positive	0.386584	0.613416
8CGU-U-K	Positive	0.230569	0.769431
8SGC-N-B	Negative	0.677434	0.322566
8TRL-C-A	Positive	0.0594968	0.940503
8ZE8-E-A	Positive	0.116889	0.883111
8JZY-B-A	Positive	0.247545	0.752455
8PNF-4-1	Positive	0.104066	0.895934
8VSM-P-A	Positive	0.101082	0.898918
8P9D-A-E	Positive	0.42967	0.57033
8P9D-B-E	Positive	0.0985816	0.901418
8P9D-D-F	Positive	0.170752	0.829248
8DVL-B-A	Positive	0.254507	0.745493
8TXW-K-H	Positive	0.0760469	0.923953
8URQ-F-B	Positive	0.273914	0.726086
8OR4-B-A	Negative	0.576587	0.423413
8OR4-H-E	Positive	0.44416	0.55584
8B4I-E-A	Negative	0.570383	0.429617
8B4I-G-A	Positive	0.0966246	0.903375
8CA4-s-E	Positive	0.100978	0.899022
8CZK-C-A	Positive	0.222344	0.777656
8SIY-B-A	Positive	0.158475	0.841525
8PBD-S-A	Negative	0.925475	0.0745253
8JRJ-E-A	Negative	0.619933	0.380067
8B1T-A-C	Negative	0.806879	0.193121
8QP9-7-D	Positive	0.0180803	0.98192
8QP9-L-D	Positive	0.109843	0.890157
8QP9-J-R	Positive	0.468088	0.531912
8QP9-X-S	Negative	0.745635	0.254365
8QU1-2-F	Positive	0.0183409	0.981659
8QU1-6-P	Positive	0.147154	0.852846
8QU1-1-3	Positive	0.232251	0.767749
8BCV-J-A	Negative	0.633106	0.366894
8GWH-E-A	Negative	0.793744	0.206256
8EQS-C-A	Negative	0.618246	0.381754
8VIO-g-F	Negative	0.517768	0.482232
8GQA-B-A	Positive	0.416734	0.583266
8T6M-G-C	Positive	0.0792532	0.920747
8ESB-C-A	Positive	0.106238	0.893762
8EQ5-B-A	Positive	0.0268425	0.973157
8TRR-C-A	Positive	0.0314867	0.968513
8JOQ-B-A	Positive	0.317995	0.682005
8JMJ-M-A	Positive	0.133627	0.866373
8JMJ-N-B	Positive	0.0942535	0.905747
8QFZ-B-A	Positive	0.0616498	0.93835
8DZV-C-A	Positive	0.0603514	0.939649
8P2I-P-B	Negative	0.516879	0.483121
8TBV-C-A	Positive	0.310678	0.689322
8GJ2-F-B	Positive	0.102663	0.897337
8VJC-C-A	Negative	0.624578	0.375422
8VJC-E-A	Positive	0.497591	0.502409
8UHL-B-A	Positive	0.0539133	0.946087
8UHL-C-A	Positive	0.0271804	0.97282
8SG7-C-B	Positive	0.0447074	0.955293
8AM9-A-e	Negative	0.637752	0.362248
8XAG-C-A	Positive	0.204256	0.795744
8SE8-I-A	Positive	0.163997	0.836003
8SE8-X-A	Positive	0.458158	0.541842
8SE8-Y-B	Positive	0.272881	0.727119
8SE8-T-C	Positive	0.10601	0.89399
8SE8-G-D	Positive	0.0852619	0.914738
8SE8-H-D	Negative	0.531912	0.468088
8SE8-J-E	Positive	0.109303	0.890697
8SE8-N-K	Positive	0.480022	0.519978
8SE8-O-K	Positive	0.356029	0.643971
8SE8-P-L	Positive	0.128254	0.871746
8SE8-U-Q	Positive	0.171846	0.828154
8SE8-V-R	Positive	0.128254	0.871746
8HJV-7-0	Positive	0.338276	0.661724
8HJV-9-0	Positive	0.338276	0.661724
8HJV-1-2	Positive	0.296751	0.703249
8HJV-V-L	Positive	0.456245	0.543755
8HJV-Y-L	Negative	0.544206	0.455794
8HJV-Z-L	Positive	0.335927	0.664073
8JFI-I-C	Positive	0.103708	0.896292
8JFI-H-D	Positive	0.170079	0.829921
8FUQ-C-A	Positive	0.189687	0.810313
8FUQ-D-A	Positive	0.170588	0.829412
8FUQ-F-A	Positive	0.12381	0.87619
8RSV-C-A	Positive	0.042688	0.957312
8RSV-E-B	Positive	0.0505404	0.94946
8C2P-B-A	Positive	0.420264	0.579736
8JQT-C-A	Positive	0.191877	0.808123
8UDR-C-A	Positive	0.100472	0.899528
8ANO-E-A	Positive	0.0203506	0.979649
8VID-F-G	Positive	0.100586	0.899414
8QLK-B-A	Positive	0.189052	0.810948
8X52-E-A	Negative	0.690509	0.309491
8SUD-B-A	Positive	0.0403659	0.959634
8TW6-Y-A	Negative	0.729531	0.270469
8TW6-X-A	Negative	0.581229	0.418771
8A5M-C-A	Positive	0.0708373	0.929163
8A5M-E-B	Positive	0.0538871	0.946113
8YFK-B-A	Positive	0.116849	0.883151
8ITG-B-A	Positive	0.0774542	0.922546
8BFT-B-A	Positive	0.0230986	0.976901
8AFI-B-A	Positive	0.0278057	0.972194
8AFI-D-C	Positive	0.0188986	0.981101
8AFI-F-E	Positive	0.0701991	0.929801
8AFI-H-G	Positive	0.0233563	0.976644
8AFI-J-I	Positive	0.0262121	0.973788
8AFI-N-M	Positive	0.0137517	0.986248
8AFI-P-O	Positive	0.0147331	0.985267
8VSO-P-B	Positive	0.0236066	0.976393
8P8W-Z-c	Positive	0.0124792	0.987521
8P8W-X-s	Positive	0.0715971	0.928403
8XNW-r-C	Negative	0.639484	0.360516
8XNW-s-E	Negative	0.532733	0.467267
8DGU-A-H	Positive	0.367042	0.632958
8CV4-D-A	Positive	0.0599385	0.940062
8R8R-D-A	Positive	0.0365144	0.963486
8FL8-8-X	Negative	0.620381	0.379619
8RQC-B-A	Positive	0.180397	0.819603
8YG4-P-R	Positive	0.0548945	0.945105
8X95-D-A	Positive	0.175811	0.824189
8YW0-R-A	Positive	0.333708	0.666292
8F2A-P-E	Negative	0.679014	0.320986
8EZA-T-J	Positive	0.299603	0.700397
8Q1J-C-A	Positive	0.219661	0.780339
8KHF-I-3	Negative	0.759505	0.240495
8KHF-Q-3	Negative	0.518644	0.481356
8KHF-M-K	Negative	0.77632	0.22368
8KHF-T-K	Positive	0.465651	0.534349
8KHF-P-N	Negative	0.555451	0.444549
8RHL-e-H	Positive	0.13309	0.86691
8EBM-C-A	Positive	0.202298	0.797702
8TO2-p-J	Positive	0.111389	0.888611
8QZM-K-A	Positive	0.103514	0.896486
8YGD-2-1	Positive	0.0676046	0.932395
8YGD-Z-1	Negative	0.65983	0.34017
8YGD-a-1	Positive	0.292953	0.707047
8YGD-b-1	Positive	0.0899587	0.910041
8YGD-C-3	Negative	0.667248	0.332752
8YGD-0-9	Negative	0.659284	0.340716
8YGD-7-9	Positive	0.479219	0.520781
8YGD-8-9	Negative	0.667248	0.332752
8YGD-G-D	Negative	0.667248	0.332752
8FA8-P-H	Positive	0.0703341	0.929666
8K4D-C-A	Positive	0.114915	0.885085
8B9T-B-A	Positive	0.187019	0.812981
8CL0-H-A	Positive	0.0294536	0.970546
8CSL-W-A	Positive	0.136042	0.863958
8CSL-R-V	Positive	0.232528	0.767472
8CSL-a-e	Negative	0.691636	0.308364
8CSL-S-Y	Positive	0.371281	0.628719
8CSL-b-f	Negative	0.632225	0.367775
8TQA-P-A	Positive	0.173245	0.826755
8S60-B-A	Negative	0.757556	0.242444
8GWJ-C-A	Positive	0.049763	0.950237
8IUN-V-W	Positive	0.338276	0.661724
8IUN-H-K	Positive	0.215397	0.784603
8IUN-7-0	Positive	0.215397	0.784603
8IUN-3-6	Positive	0.215397	0.784603
8IUN-1-4	Positive	0.338276	0.661724
8IUN-Y-M	Negative	0.544206	0.455794
8IUN-Z-M	Positive	0.0227619	0.977238
8HT9-C-A	Positive	0.129324	0.870676
8CS9-c-Y	Positive	0.371281	0.628719
8ZDK-7-2	Positive	0.311155	0.688845
8P7Y-0-c	Positive	0.236616	0.763384
8ZJW-B-A	Positive	0.0986972	0.901303
8CGV-n-v	Positive	0.0234224	0.976578
8CGV-h-w	Positive	0.0571738	0.942826
8EUY-T-C	Positive	0.177536	0.822464
8EUY-t-G	Negative	0.835504	0.164496
8EUY-r-H	Positive	0.0500782	0.949922
8AGZ-d-T	Positive	0.0685435	0.931457
8FHN-C-A	Positive	0.0780792	0.921921
8SGF-Z-A	Positive	0.403246	0.596754
8S6A-P-A	Positive	0.162261	0.837739
8X8A-B-A	Positive	0.0867805	0.91322
8T8R-B-A	Positive	0.203743	0.796257
8D51-B-A	Positive	0.0330697	0.96693
8UUI-D-B	Positive	0.168779	0.831221
8J3S-E-A	Positive	0.427849	0.572151
8OVC-Y-M	Positive	0.385284	0.614716
8OVC-c-G	Positive	0.414669	0.585331
8BEP-D-B	Positive	0.209853	0.790147
8DGK-B-A	Positive	0.0122849	0.987715
8WEC-C-A	Positive	0.034819	0.965181
8BI7-B-A	Positive	0.157762	0.842238
8AQN-C-A	Positive	0.0554877	0.944512
8J7A-J-2	Negative	0.670304	0.329696
8GW4-C-A	Positive	0.141564	0.858436
8DO8-E-A	Positive	0.0640547	0.935945
8DO8-F-C	Positive	0.214518	0.785482
8C42-B-A	Positive	0.00474035	0.99526
8ZEH-i-E	Negative	0.781887	0.218113
8ZEH-m-E	Positive	0.174693	0.825307
8R60-X-A	Positive	0.393528	0.606472
8AI4-C-A	Positive	0.1169	0.8831
8OG0-P-L	Positive	0.0936143	0.906386
8W9Q-r-R	Positive	0.0987712	0.901229
8UH1-B-A	Positive	0.185581	0.814419
8PMP-D-A	Positive	0.308334	0.691666
8DAU-I-B	Negative	0.574058	0.425942
8AEL-B-A	Positive	0.0202929	0.979707
8R58-B-A	Positive	0.0811218	0.918878
8K6O-E-D	Positive	0.134576	0.865424
8EIC-C-A	Positive	0.0647236	0.935276
8WEY-J-A	Positive	0.41412	0.58588
8WEY-M-B	Positive	0.0345788	0.965421
8ALX-B-A	Positive	0.222357	0.777643
8QP6-A-B	Positive	0.312808	0.687192
8QP6-D-B	Positive	0.0878323	0.912168
8QP6-G-H	Positive	0.0534434	0.946557
8QP6-J-K	Positive	0.331217	0.668783
8OU0-D-B	Positive	0.471915	0.528085
8GN2-f-a	Negative	0.662809	0.337191
8UCK-h-a	Negative	0.67347	0.32653
8XV8-B-A	Negative	0.614378	0.385622
8XV8-D-C	Positive	0.0446444	0.955356
8XV8-F-E	Positive	0.101321	0.898679
8XV8-H-G	Positive	0.0907377	0.909262
8B1I-C-A	Positive	0.0227404	0.97726
8OUW-H-A	Positive	0.17044	0.82956
8B5B-E-B	Positive	0.0636435	0.936356
8IBV-C-R	Negative	0.950141	0.0498587
8WQD-G-D	Positive	0.119048	0.880952
8GN1-T-A	Negative	0.501566	0.498434
8GN1-j-a	Positive	0.341046	0.658954
8ZOS-J-C	Negative	0.565808	0.434192
8YDP-A-B	Positive	0.0245615	0.975439
8YDP-C-D	Positive	0.0245615	0.975439
8SMO-B-A	Positive	0.0263512	0.973649
8SMO-H-A	Positive	0.0430323	0.956968
8SMO-L-A	Positive	0.0455471	0.954453
8SMO-N-A	Positive	0.11413	0.88587
8SMO-J-C	Positive	0.034124	0.965876
8JGB-L-R	Positive	0.0241081	0.975892
8ZWS-I-A	Positive	0.437839	0.562161
8ZWS-D-A	Positive	0.00967517	0.990325
8YD1-a-A	Positive	0.270472	0.729528
8RLU-C-A	Negative	0.596812	0.403188
8R7Z-K-G	Positive	0.119751	0.880249
8BON-E-B	Positive	0.199377	0.800623
8QFX-G-A	Positive	0.236304	0.763696
8X0L-D-C	Negative	0.619053	0.380947
8ASI-D-A	Negative	0.604546	0.395454
8ASI-H-E	Positive	0.312477	0.687523
8A6F-P-A	Positive	0.477479	0.522521
8PJF-C-A	Positive	0.0268016	0.973198
8PDQ-B-A	Positive	0.0512472	0.948753
8ZV9-C-A	Positive	0.0926914	0.907309
8RRI-2-F	Positive	0.367606	0.632394
8RRI-4-r	Positive	0.41796	0.58204
8DTL-C-A	Positive	0.0767242	0.923276
8B1K-C-A	Positive	0.046153	0.953847
8Y0Q-4-1	Positive	0.0768988	0.923101
8CMF-C-A	Positive	0.296989	0.703011
8JC8-8-5	Positive	0.20796	0.79204
8JC8-E-A	Negative	0.542916	0.457084
8TMU-E-A	Positive	0.0685884	0.931412
8Y0R-4-1	Positive	0.0860565	0.913943
8Q9R-X-A	Positive	0.377215	0.622785
8Q9R-C-E	Positive	0.100516	0.899484
8DWG-A-R	Positive	0.0466307	0.953369
8Q5S-B-A	Positive	0.129846	0.870154
8S32-O-A	Positive	0.0964511	0.903549
8XV6-B-A	Positive	0.211472	0.788528
8XV6-D-A	Positive	0.211472	0.788528
8XY7-C-A	Positive	0.141174	0.858826
8FA9-P-H	Positive	0.109959	0.890041
8GAI-B-A	Positive	0.0366034	0.963397
8GAI-D-A	Positive	0.0665452	0.933455
8HZ8-C-A	Positive	0.239269	0.760731
8TES-A-E	Positive	0.449025	0.550975
8B9A-P-2	Positive	0.33502	0.66498
8S7V-L-I	Positive	0.484607	0.515393
8B4J-P-O	Positive	0.0280645	0.971936
8YJB-0-B	Negative	0.698549	0.301451
8B6L-B-A	Positive	0.272537	0.727463
8B6L-K-I	Positive	0.452195	0.547805
8XWT-B-A	Positive	0.200979	0.799021
8JRK-E-A	Positive	0.0144679	0.985532
8JRK-F-B	Positive	0.0540566	0.945943
8G8C-C-H	Positive	0.0931754	0.906825
8G8C-P-A	Positive	0.0441857	0.955814
8JV0-C-A	Positive	0.460852	0.539148
8BF9-l-X	Positive	0.384534	0.615466
8EBB-C-A	Negative	0.529309	0.470691
8FKF-D-A	Positive	0.0100788	0.989921
8XC5-A-B	Positive	0.445373	0.554627
8GHO-C-A	Positive	0.0996722	0.900328
8GHO-G-H	Positive	0.179324	0.820676
8EMK-C-A	Positive	0.213127	0.786873
8YGT-A-B	Positive	0.0469192	0.953081
8U51-B-A	Positive	0.0241832	0.975817
8R3K-G-A	Positive	0.176644	0.823356
8YC0-a-d	Negative	0.590743	0.409257
8YC0-b-g	Positive	0.272905	0.727095
8QBT-b-d	Negative	0.797923	0.202077
8QBT-3-s	Positive	0.294813	0.705187
8PEG-p-d	Positive	0.0172519	0.982748
8SHW-Q-L	Positive	0.218729	0.781271
8YHT-B-A	Positive	0.456678	0.543322
8IMZ-D-A	Negative	0.567139	0.432861
8VDD-C-A	Positive	0.104704	0.895296
8J5U-B-A	Positive	0.232687	0.767313
8B87-C-A	Positive	0.198976	0.801024
8B87-D-A	Positive	0.198976	0.801024
8Q9Q-X-A	Positive	0.0255781	0.974422
8BQ3-B-A	Positive	0.15822	0.84178
8ATI-a-A	Positive	0.0356485	0.964351
8YB4-C-B	Negative	0.872347	0.127653
8WO9-C-A	Positive	0.436746	0.563254
8D47-C-L	Positive	0.0809936	0.919006
8CP6-A-B	Positive	0.0365487	0.963451
8CP6-C-B	Positive	0.217426	0.782574
8T4I-C-A	Positive	0.15824	0.84176
8T4I-D-A	Positive	0.262607	0.737393
8GJ1-F-B	Positive	0.0574032	0.942597
8W7L-C-A	Positive	0.0555722	0.944428
8W7L-D-B	Positive	0.167838	0.832162
8BEF-b-A	Positive	0.399998	0.600002
8BEF-v-N	Positive	0.13636	0.86364
8J6S-K-L	Positive	0.122338	0.877662
8F8Y-E-A	Positive	0.161794	0.838206
8F8Y-F-A	Positive	0.147746	0.852254
8ANC-P-A	Positive	0.306339	0.693661
8DO2-C-B	Positive	0.17665	0.82335
8JHW-C-A	Positive	0.324323	0.675677
8DTT-G-A	Positive	0.195382	0.804618
8DTT-J-E	Positive	0.0650943	0.934906
8AGY-B-A	Positive	0.0977265	0.902273
8ELH-C-A	Positive	0.0888212	0.911179
8WI2-B-A	Positive	0.0306012	0.969399
8BWE-B-A	Positive	0.0205433	0.979457
8HJ2-G-B	Positive	0.219225	0.780775
8VTI-B-A	Positive	0.167147	0.832853
8USB-O-G	Positive	0.215356	0.784644
8WYI-a-d	Negative	0.592136	0.407864
8WYI-m-d	Negative	0.632699	0.367301
8WYI-n-d	Positive	0.274083	0.725917
8XR6-f-a	Positive	0.317572	0.682428
8XR6-i-a	Negative	0.81207	0.18793
8XR6-j-a	Positive	0.155749	0.844251
8XR6-l-a	Positive	0.183455	0.816545
8XR6-m-a	Positive	0.429431	0.570569
8XR6-t-a	Positive	0.0897859	0.910214
8XR6-w-a	Positive	0.399909	0.600091
8XR6-L-A	Positive	0.183455	0.816545
8XR6-M-A	Positive	0.429431	0.570569
8XR6-x-6	Positive	0.319326	0.680674
8XR6-K-C	Positive	0.362318	0.637682
8XR6-Y-C	Positive	0.20418	0.79582
8OVD-Y-M	Positive	0.414669	0.585331
8FIT-B-A	Positive	0.0356997	0.9643
8FIT-D-C	Positive	0.0338819	0.966118
8VGC-P-A	Positive	0.152083	0.847917
8F1T-a-A	Positive	0.0375144	0.962486
8CB7-C-A	Positive	0.0242047	0.975795
8EYB-D-A	Positive	0.211194	0.788806
8EYB-E-A	Positive	0.129555	0.870445
8DTR-G-A	Positive	0.401346	0.598654
8Q86-A-B	Negative	0.574611	0.425389
8BW1-e-H	Positive	0.0165854	0.983415
8ACK-P-B	Positive	0.0322051	0.967795
8K9T-B-A	Positive	0.113488	0.886512
8GQW-C-A	Positive	0.261488	0.738512
8PDE-C-A	Positive	0.0476997	0.9523
8PDE-X-A	Positive	0.0753696	0.92463
8PKU-P-B	Positive	0.0986621	0.901338
8T70-P-A	Positive	0.310219	0.689781
8EAT-b-c	Positive	0.160132	0.839868
8QSF-H-A	Positive	0.467843	0.532157
8IQL-D-C	Positive	0.303007	0.696993
8DK9-E-A	Positive	0.110555	0.889445
8WQE-L-D	Positive	0.0471069	0.952893
8WQE-K-B	Positive	0.0325166	0.967483
8UA8-R-I	Negative	0.760072	0.239928
8CN6-G-A	Positive	0.33106	0.66894
8WF6-R-A	Positive	0.290977	0.709023
8WF6-Q-B	Positive	0.426465	0.573535
8WF6-F-C	Positive	0.160614	0.839386
8XYX-C-A	Positive	0.168288	0.831712
8Q1B-h-a	Negative	0.793158	0.206842
8VY8-D-B	Positive	0.0334875	0.966512
8JAR-S-A	Positive	0.277584	0.722416
8BTY-B-A	Positive	0.131404	0.868596
8JCB-A-D	Negative	0.557624	0.442376
8ZA6-m-d	Negative	0.596977	0.403023
8ZA6-n-d	Positive	0.176109	0.823891
8UCS-A-C	Positive	0.181081	0.818919
8UCS-B-C	Positive	0.122786	0.877214
8FB7-Q-A	Positive	0.0647683	0.935232
8FB7-P-H	Positive	0.0350792	0.964921
8RUP-M-K	Negative	0.542308	0.457692
8BUU-4-G	Positive	0.0540397	0.94596
8BUU-1-3	Positive	0.277361	0.722639
8EAS-b-a	Positive	0.109955	0.890045
8T32-B-A	Positive	0.0227543	0.977246
8OST-B-A	Positive	0.358295	0.641705
8X30-P-Q	Positive	0.359048	0.640952
8JWX-P-R	Positive	0.196671	0.803329
8JWX-S-R	Negative	0.775835	0.224165
8Q84-e-I	Positive	0.0234769	0.976523
8JIP-P-R	Positive	0.21078	0.78922
8QU9-B-A	Positive	0.109659	0.890341
8K6Q-D-B	Positive	0.331672	0.668328
8K6Q-C-B	Positive	0.480162	0.519838
8S3W-C-A	Positive	0.156592	0.843408
8S30-B-A	Positive	0.0325517	0.967448
8I1V-N-G	Positive	0.257819	0.742181
8SMR-L-J	Positive	0.14242	0.85758
8FN2-i-E	Positive	0.498542	0.501458
8FN2-f-F	Positive	0.225899	0.774101
8FN2-h-H	Positive	0.0568438	0.943156
8BBH-A-H	Positive	0.175546	0.824454
8V50-C-A	Positive	0.21721	0.78279
8WWM-L-R	Positive	0.0833876	0.916612
8ZNO-K-B	Negative	0.511936	0.488064
8RQ2-z-E	Negative	0.502049	0.497951
8RQ2-6-F	Negative	0.584487	0.415513
8RQ2-y-S	Negative	0.708047	0.291953
8RQ2-x-T	Positive	0.376057	0.623943
8P10-c-L	Positive	0.0128651	0.987135
8ZYV-A-C	Negative	0.65714	0.34286
8ZYV-B-C	Negative	0.681878	0.318122
8Z3F-B-A	Positive	0.125057	0.874943
8KAB-c-e	Negative	0.741474	0.258526
8BWN-C-A	Negative	0.618292	0.381708
8ARN-C-A	Negative	0.62986	0.37014
8VS6-E-A	Positive	0.0406382	0.959362
8QCQ-1-3	Negative	0.612485	0.387515
8QCQ-6-F	Negative	0.513031	0.486969
8ZTU-W-e	Positive	0.11256	0.88744
8FK3-B-A	Positive	0.0884789	0.911521
8SG2-B-A	Negative	0.719827	0.280173
8CBT-A-B	Negative	0.6064	0.3936
8YDM-A-C	Positive	0.0600813	0.939919
8YDM-B-C	Positive	0.230502	0.769498
8YDM-D-E	Positive	0.041648	0.958352
8YDM-F-E	Positive	0.0872139	0.912786
8YDM-H-G	Positive	0.0977608	0.902239
8YDM-J-I	Positive	0.041648	0.958352
8YDM-O-K	Positive	0.21841	0.78159
8YDM-Q-M	Positive	0.041648	0.958352
8K6M-E-D	Positive	0.154398	0.845602
8K6N-D-E	Positive	0.154398	0.845602
8G8Q-B-A	Positive	0.0216285	0.978372
8G8Q-C-A	Positive	0.216052	0.783948
8GAJ-B-A	Positive	0.434357	0.565643
8CSR-K-C	Negative	0.693326	0.306674
8R2G-L-A	Positive	0.398945	0.601055
8R2G-O-B	Positive	0.401025	0.598975
8R2G-I-C	Positive	0.116562	0.883438
8R2G-M-D	Positive	0.438558	0.561442
8R2G-N-E	Negative	0.588869	0.411131
8SRU-E-A	Positive	0.161452	0.838548
8P8B-x-d	Positive	0.285972	0.714028
8T59-E-A	Negative	0.506221	0.493779
8T59-F-C	Positive	0.130028	0.869972
8IDY-T-b	Positive	0.0314834	0.968517
8T5Q-G-A	Positive	0.319678	0.680322
8ZGS-C-A	Positive	0.0365059	0.963494
8ZGS-G-A	Positive	0.440794	0.559206
8IHO-D-A	Positive	0.107396	0.892604
8C17-B-A	Positive	0.171254	0.828746
8JAL-S-A	Positive	0.485512	0.514488
8RNF-P-A	Positive	0.206415	0.793585
8UJF-E-B	Negative	0.594368	0.405632
8J0E-F-B	Positive	0.221105	0.778895
8J0E-A-B	Positive	0.0850026	0.914997
8J0E-E-B	Positive	0.0932284	0.906772
8AGC-B-A	Positive	0.446578	0.553422
8AGC-P-A	Positive	0.0611292	0.938871
8TW4-X-A	Negative	0.520032	0.479968
8TW4-Y-A	Negative	0.539071	0.460929
8YW5-P-R	Positive	0.0814096	0.91859
8V3W-B-C	Negative	0.642099	0.357901
8EI0-B-A	Positive	0.0502224	0.949778
8GJG-B-A	Positive	0.43116	0.56884
8U2Y-A-B	Positive	0.0529162	0.947084
8WTE-J-A	Positive	0.0759435	0.924057
8GT7-F-C	Positive	0.0801343	0.919866
8QLG-E-A	Positive	0.133332	0.866668
8TII-R-A	Positive	0.0463589	0.953641
8DYE-B-A	Negative	0.758677	0.241323
8RTE-D-A	Positive	0.0732782	0.926722
8F0S-B-A	Negative	0.830438	0.169562
8J5K-F-A	Negative	0.63232	0.36768
8J5K-I-A	Negative	0.574722	0.425278
8J5K-J-A	Positive	0.219839	0.780161
8J5K-L-A	Positive	0.183455	0.816545
8J5K-M-A	Negative	0.673613	0.326387
8J5K-T-A	Positive	0.296533	0.703467
8J5K-Y-C	Positive	0.0830553	0.916945
8J5K-X-D	Positive	0.192108	0.807892
8EI8-B-A	Positive	0.124895	0.875105
8FH3-I-B	Positive	0.0900355	0.909964
8WLS-B-A	Positive	0.141523	0.858477
8H0Q-L-R	Positive	0.0687448	0.931255
8UKO-C-E	Positive	0.0139405	0.986059
8CZF-B-A	Positive	0.0630088	0.936991
8TQZ-I-A	Negative	0.631835	0.368165
8UIT-D-B	Positive	0.0132792	0.986721
8JIR-P-R	Positive	0.293182	0.706818
8EHV-P-B	Negative	0.728654	0.271346
8CJ3-B-A	Positive	0.0129436	0.987056
8U77-B-A	Positive	0.17849	0.82151
8U77-F-E	Positive	0.18973	0.81027
8PNT-C-A	Positive	0.0663649	0.933635
8PNT-D-A	Positive	0.270866	0.729134
8WEJ-C-D	Positive	0.0701472	0.929853
8ZQE-L-R	Positive	0.21769	0.78231
8Z81-A-C	Positive	0.149064	0.850936
8Z81-B-C	Negative	0.508626	0.491374
8Z81-D-C	Negative	0.643299	0.356701
8Z81-Z-W	Negative	0.508626	0.491374
8Z81-2-1	Negative	0.643299	0.356701
8GEJ-G-B	Positive	0.100151	0.899849
8BV7-B-A	Positive	0.0447893	0.955211
8YTG-B-A	Positive	0.139433	0.860567
8WU8-D-A	Positive	0.313548	0.686452
8H8S-L-A	Positive	0.486587	0.513413
8H8S-M-A	Negative	0.762982	0.237018
8EO8-C-A	Positive	0.0997089	0.900291
8C3N-B-A	Negative	0.821224	0.178776
8Q3D-C-A	Negative	0.606894	0.393106
8RBX-r-b	Positive	0.0908547	0.909145
8CCW-B-A	Positive	0.384927	0.615073
8AXH-A-H	Positive	0.326792	0.673208
8HR1-S-C	Positive	0.117475	0.882525
8ADG-F-A	Positive	0.082729	0.917271
8VDU-C-A	Positive	0.0379827	0.962017
8VDU-I-G	Positive	0.0436188	0.956381
8VDU-L-J	Positive	0.0276287	0.972371
8JAU-S-A	Positive	0.199151	0.800849
8AKN-A-W	Negative	0.637752	0.362248
8QKG-C-A	Positive	0.00506234	0.994938
8HTU-M-B	Positive	0.0283741	0.971626
8QCI-A-B	Positive	0.0170678	0.982932
8CMO-J-A	Negative	0.535779	0.464221
8RHQ-G-A	Positive	0.0334441	0.966556
8JZU-B-A	Positive	0.494946	0.505054
8FZ2-P-L	Positive	0.0554467	0.944553
8DTN-B-A	Positive	0.221871	0.778129
8DTN-F-E	Positive	0.0785457	0.921454
8UGS-C-A	Positive	0.435872	0.564128
8UGS-D-A	Positive	0.496773	0.503227
8COY-C-A	Positive	0.152875	0.847125
8P65-X-A	Negative	0.565808	0.434192
8ZH8-Q-R	Positive	0.085637	0.914363
8YY9-k-N	Negative	0.663772	0.336228
8BEH-k-L	Negative	0.652099	0.347901
8Q5P-B-A	Positive	0.0703296	0.92967
8UO5-D-B	Negative	0.612152	0.387848
8TH1-E-A	Positive	0.194442	0.805558
8TH1-F-B	Positive	0.0670431	0.932957
8TH1-G-C	Positive	0.318842	0.681158
8TH1-H-D	Positive	0.184754	0.815246
8CIS-B-A	Positive	0.151836	0.848164
8CIS-C-A	Positive	0.0328599	0.96714
8CIS-D-A	Positive	0.0295308	0.970469
8YPB-b-F	Positive	0.325681	0.674319
8E3Z-P-R	Negative	0.507667	0.492333
8CMK-C-A	Positive	0.112949	0.887051
8B5A-B-A	Positive	0.0946342	0.905366
8UK5-B-A	Positive	0.0701684	0.929832
8ESA-C-A	Positive	0.106238	0.893762
8GVD-B-A	Positive	0.0661571	0.933843
8FNE-E-A	Positive	0.123659	0.876341
8WY0-b-d	Negative	0.622982	0.377018
8WY0-m-d	Positive	0.0977999	0.9022
8VJU-C-A	Positive	0.0546675	0.945332
8AHT-F-A	Positive	0.104613	0.895387
8AHT-G-B	Positive	0.0675358	0.932464
8AHT-H-C	Positive	0.456254	0.543746
8I7P-B-A	Positive	0.0554959	0.944504
8XPF-C-A	Negative	0.521417	0.478583
8B82-C-A	Positive	0.0312443	0.968756
8UUQ-M-C	Positive	0.0622871	0.937713
8INK-A-o	Positive	0.201682	0.798318
8IQK-B-A	Positive	0.254743	0.745257
8RNG-C-A	Positive	0.0375648	0.962435
8K17-E-B	Positive	0.165572	0.834428
8XO0-s-E	Positive	0.256071	0.743929
8R3X-C-A	Positive	0.221945	0.778055
8R3X-D-A	Positive	0.148001	0.851999
8CGI-4-M	Positive	0.082819	0.917181
8DJI-B-A	Positive	0.470647	0.529353
8S6V-M-A	Positive	0.0326441	0.967356
8YFL-B-A	Positive	0.0572757	0.942724
8YFL-D-C	Positive	0.0572757	0.942724
8EXN-D-A	Positive	0.372979	0.627021
8PQW-I-A	Positive	0.134417	0.865583
8PQW-H-C	Positive	0.106899	0.893101
8RKG-L-A	Positive	0.0880477	0.911952
8RKG-M-A	Positive	0.0995135	0.900486
8RKG-O-C	Positive	0.171031	0.828969
8RKG-P-E	Positive	0.0245928	0.975407
8RKG-Q-E	Positive	0.0732666	0.926733
8RKG-R-G	Positive	0.23596	0.76404
8RKG-S-G	Positive	0.171031	0.828969
8IPM-C-D	Negative	0.747821	0.252179
8DNQ-C-A	Positive	0.251681	0.748319
8DNQ-D-A	Positive	0.251681	0.748319
8FAN-P-B	Positive	0.0721651	0.927835
8FAN-Q-D	Positive	0.0588469	0.941153
8FAN-R-F	Positive	0.162977	0.837023
8S3E-E-A	Positive	0.436946	0.563054
8U5H-A-D	Negative	0.585217	0.414783
8U5H-B-I	Positive	0.393932	0.606068
8VCY-C-A	Positive	0.300747	0.699253
8EUP-T-C	Negative	0.604202	0.395798
8EUP-t-G	Positive	0.133427	0.866573
8H9F-Q-3	Negative	0.518644	0.481356
8WI5-B-A	Positive	0.237077	0.762923
8TUH-F-A	Positive	0.288397	0.711603
8FJB-C-A	Positive	0.0299274	0.970073
8VD8-B-A	Positive	0.457522	0.542478
8SDP-I-A	Positive	0.135441	0.864559
8SDP-X-A	Positive	0.145124	0.854876
8SDP-Y-B	Positive	0.134432	0.865568
8AP4-4-f	Negative	0.582704	0.417296
8C1J-B-A	Positive	0.00548987	0.99451
8JR4-E-A	Positive	0.0608636	0.939136
8TLX-B-A	Positive	0.278338	0.721662
8ZVY-C-A	Positive	0.31758	0.68242
8ZVY-D-B	Positive	0.114767	0.885233
8C29-F-A	Negative	0.821806	0.178194
8C29-I-A	Negative	0.603116	0.396884
8C29-L-A	Positive	0.146137	0.853863
8C29-T-A	Positive	0.460446	0.539554
8C29-M-B	Positive	0.124449	0.875551
8C29-U-B	Positive	0.0366381	0.963362
8C29-t-B	Positive	0.460446	0.539554
8C29-l-a	Positive	0.146137	0.853863
8C29-m-b	Positive	0.124449	0.875551
8B1J-C-A	Positive	0.0430913	0.956909
8CBP-C-A	Positive	0.100629	0.899371
8FCN-L-F	Positive	0.15977	0.84023
8RTB-H-C	Positive	0.123603	0.876397
8JVV-A-B	Positive	0.14423	0.85577
8JVV-I-B	Negative	0.54645	0.45355
8BZL-h-A	Positive	0.161452	0.838548
8BZL-d-B	Positive	0.157143	0.842857
8BZL-f-D	Positive	0.185821	0.814179
8HEP-A-B	Positive	0.436158	0.563842
8HQY-S-C	Positive	0.211727	0.788273
8JBG-A-B	Positive	0.0958809	0.904119
8ZBJ-S-R	Positive	0.0722011	0.927799
8KD2-G-B	Positive	0.0384415	0.961558
8KD2-F-E	Positive	0.104062	0.895938
8OXM-E-A	Positive	0.400381	0.599619
8DES-E-A	Positive	0.0760909	0.923909
8CLS-C-A	Positive	0.183853	0.816147
8CLS-D-A	Positive	0.0649677	0.935032
8CLS-F-A	Positive	0.0511237	0.948876
8CLS-G-A	Positive	0.149858	0.850142
8CLS-H-A	Positive	0.144622	0.855378
8ATS-P-A	Positive	0.168976	0.831024
8Q05-Z-A	Positive	0.0575835	0.942417
8CM9-E-A	Positive	0.413308	0.586692
8IC4-D-K	Negative	0.664745	0.335255
8IC4-X-M	Negative	0.804223	0.195777
8QNS-M-A	Positive	0.259151	0.740849
8QNS-N-A	Positive	0.146472	0.853528
8QNS-O-D	Positive	0.166928	0.833072
8QNS-P-J	Positive	0.183967	0.816033
8ROO-B-A	Positive	0.0682966	0.931703
8CCZ-C-A	Positive	0.369876	0.630124
8R64-G-B	Positive	0.10848	0.89152
8WXT-C-A	Positive	0.109899	0.890101
8U8C-D-A	Positive	0.173125	0.826875
8U8C-C-B	Positive	0.191399	0.808601
8XNT-r-B	Negative	0.607006	0.392994
8XNT-R-D	Negative	0.608865	0.391135
8XNT-s-E	Negative	0.628213	0.371787
8XNT-q-I	Positive	0.100111	0.899889
8T8S-C-A	Positive	0.0784074	0.921593
8T8S-D-B	Positive	0.0784074	0.921593
8FLS-P-R	Positive	0.370071	0.629929
8RRL-C-A	Positive	0.0354827	0.964517
8IGC-B-A	Positive	0.151985	0.848015
8VY4-C-A	Positive	0.0535739	0.946426
8DWL-D-C	Positive	0.162833	0.837167
8DWL-B-C	Positive	0.244643	0.755357
8F7X-P-R	Positive	0.27982	0.72018
8Z9V-e-b	Positive	0.198252	0.801748
8ARI-a-A	Positive	0.0818199	0.91818
8JSU-A-B	Positive	0.188511	0.811489
8JSU-C-D	Positive	0.0898034	0.910197
8TEG-B-A	Positive	0.275895	0.724105
8YFN-B-A	Positive	0.0677703	0.93223
8EFL-F-M	Negative	0.504469	0.495531
8CMB-C-A	Negative	0.621502	0.378498
8CV6-B-A	Positive	0.134701	0.865299
8VMF-C-A	Positive	0.180837	0.819163
8ZK2-Z-C	Positive	0.432691	0.567309
8VCX-C-D	Positive	0.104704	0.895296
8Q7K-C-A	Positive	0.0521106	0.947889
8Z0H-C-A	Positive	0.0956437	0.904356
8QN8-J-F	Positive	0.322392	0.677608
8D7P-D-A	Positive	0.0920821	0.907918
8D7P-C-A	Positive	0.0448961	0.955104
8Y0P-L-A	Positive	0.33959	0.66041
8DEW-D-A	Positive	0.0348126	0.965187
8GOC-G-A	Positive	0.331058	0.668942
8H7G-B-A	Negative	0.644105	0.355895
8H7G-L-D	Negative	0.757162	0.242838
8C1T-E-D	Positive	0.0373252	0.962675
8QU3-A-B	Positive	0.0751985	0.924802
8ZCS-C-A	Positive	0.237909	0.762091
8D80-C-B	Positive	0.18894	0.81106
8TUU-B-A	Negative	0.899992	0.100008
8PAY-H-A	Positive	0.142066	0.857934
8Q9P-X-A	Positive	0.337972	0.662028
8VGD-P-A	Positive	0.147318	0.852682
8USD-A-f	Positive	0.0440488	0.955951
8USD-U-f	Positive	0.0716805	0.92832
8USD-B-f	Positive	0.306368	0.693632
8B1H-C-A	Positive	0.0252713	0.974729
8TEC-C-A	Positive	0.194713	0.805287
8YZW-F-D	Positive	0.0338967	0.966103
8K9F-I-A	Positive	0.471646	0.528354
8PKW-P-B	Positive	0.0795667	0.920433
8CMG-C-A	Positive	0.347557	0.652443
8AGB-B-A	Positive	0.446817	0.553183
8ATF-H-G	Negative	0.656218	0.343782
8ESR-z-B	Positive	0.0518918	0.948108
8ESR-s-O	Positive	0.0714762	0.928524
8ESR-8-X	Positive	0.287191	0.712809
8CA7-E-C	Positive	0.0691393	0.930861
8WM0-B-A	Positive	0.0192177	0.980782
8T9A-C-B	Positive	0.132518	0.867482
8FXQ-W-A	Positive	0.0812292	0.918771
8V8Q-C-A	Positive	0.0726888	0.927311
8B1B-C-A	Positive	0.0388012	0.961199
8RS8-E-A	Positive	0.198626	0.801374
8RS8-G-B	Positive	0.198626	0.801374
8D5Q-E-A	Positive	0.418396	0.581604
8WKZ-B-A	Positive	0.0107716	0.989228
8VLF-T-A	Positive	0.197964	0.802036
8DGV-A-H	Positive	0.0503877	0.949612
8T9D-9-C	Positive	0.0854779	0.914522
8UJH-C-A	Negative	0.69888	0.30112
8U2M-D-A	Positive	0.0462789	0.953721
8E13-C-A	Positive	0.0202249	0.979775
8VJH-Q-A	Positive	0.0941708	0.905829
8VJH-U-A	Negative	0.502572	0.497428
8XFZ-C-A	Positive	0.151225	0.848775
8OZ0-9-H	Positive	0.0546772	0.945323
8EBU-H-A	Positive	0.250273	0.749727
8H8H-G-A	Positive	0.0674027	0.932597
8UTL-C-A	Positive	0.121665	0.878335
8WHK-B-A	Positive	0.221564	0.778436
8ETJ-T-C	Negative	0.677491	0.322509
8ETJ-s-O	Positive	0.290961	0.709039
8QEP-G-A	Negative	0.685115	0.314885
8ET3-S-A	Positive	0.0407795	0.95922
8H8Q-A-L	Positive	0.0674649	0.932535
8C07-J-B	Positive	0.397284	0.602716
8B46-D-A	Positive	0.184373	0.815627
8B46-F-B	Positive	0.0322689	0.967731
8Q9N-X-A	Positive	0.377215	0.622785
8RIZ-T-K	Negative	0.535513	0.464487
8ZKM-A-B	Positive	0.12189	0.87811
8WM6-J-A	Negative	0.509809	0.490191
8WM6-M-B	Positive	0.0568472	0.943153
8W5Z-B-A	Positive	0.296941	0.703059
8TTE-C-A	Positive	0.0231028	0.976897
8FLT-P-R	Positive	0.0972981	0.902702
8J9S-C-B	Positive	0.0532111	0.946789
8DA0-F-A	Positive	0.0939079	0.906092
8XLS-J-A	Positive	0.371399	0.628601
8XLS-M-B	Positive	0.125616	0.874384
8KEA-H-A	Positive	0.0158683	0.984132
8I0U-K-A	Positive	0.30082	0.69918
8EI2-C-A	Positive	0.112148	0.887852
8AC1-E-C	Negative	0.666603	0.333397
8YVI-X-D	Positive	0.242904	0.757096
8BFW-B-A	Negative	0.570762	0.429238
8Q1R-E-A	Positive	0.0446876	0.955312
8U1Z-B-A	Positive	0.0846437	0.915356
8D3W-G-A	Negative	0.524373	0.475627
8K4V-C-A	Positive	0.360704	0.639296
8Y6V-N-D	Negative	0.588425	0.411575
8Y6V-I-G	Positive	0.172622	0.827378
8TWI-D-C	Positive	0.434123	0.565877
8XI2-U-A	Negative	0.553195	0.446805
8ZKK-p-O	Negative	0.746822	0.253178
8ZKK-u-O	Negative	0.804841	0.195159
8HSM-C-A	Positive	0.423886	0.576114
8XZJ-L-R	Positive	0.321764	0.678236
8D5E-P-A	Positive	0.27872	0.72128
8CDU-N-E	Positive	0.0694782	0.930522
8C97-0-N	Negative	0.631246	0.368754
8IBO-C-A	Positive	0.0300976	0.969902
8A65-B-A	Positive	0.042174	0.957826
8FUF-B-A	Positive	0.391441	0.608559
8SE7-X-A	Negative	0.62377	0.37623
8SE7-H-A	Positive	0.120256	0.879744
8SE7-Y-B	Positive	0.0733377	0.926662
8SE7-P-M	Positive	0.115673	0.884327
8SE7-T-Q	Positive	0.0821269	0.917873
8ZZ0-A-C	Negative	0.674209	0.325791
8ZZ0-B-C	Negative	0.698281	0.301719
8ETC-T-C	Negative	0.84179	0.15821
8ETC-s-O	Positive	0.471824	0.528176
8ETC-8-P	Positive	0.234411	0.765589
8W8E-X-A	Positive	0.162514	0.837486
8SUV-F-A	Positive	0.467624	0.532376
8SUV-H-C	Negative	0.588693	0.411307
8SUV-I-D	Negative	0.563116	0.436884
8GN0-I-A	Positive	0.103712	0.896288
8GN0-f-a	Positive	0.110703	0.889297
8H1R-C-A	Positive	0.185438	0.814562
8IB6-D-K	Negative	0.691756	0.308244
8IB6-X-M	Negative	0.804223	0.195777
8IMY-D-G	Positive	0.211819	0.788181
8CBI-C-A	Positive	0.204688	0.795312
8DTM-C-B	Positive	0.0365078	0.963492
8QTU-B-A	Positive	0.108592	0.891408
8X7X-F-C	Positive	0.120611	0.879389
8WED-C-A	Positive	0.0263937	0.973606
8YPJ-A-B	Positive	0.0441604	0.95584
8VPR-B-A	Positive	0.148478	0.851522
8JJ6-E-A	Positive	0.316111	0.683889
8T4S-n-C	Negative	0.597273	0.402727
8RJI-C-A	Positive	0.0632602	0.93674
8HZ4-E-A	Positive	0.0587929	0.941207
8HZ4-F-A	Negative	0.639042	0.360958
8HZ4-H-A	Positive	0.0490943	0.950906
8HZ4-G-B	Positive	0.120732	0.879268
8WDA-E-A	Positive	0.0138879	0.986112
8QAU-E-A	Positive	0.142614	0.857386
8JAF-V-A	Positive	0.179339	0.820661
8UB4-H-B	Positive	0.114113	0.885887
8UB4-J-D	Positive	0.0933034	0.906697
8UU8-6-E	Positive	0.215156	0.784844
8UU8-5-7	Positive	0.340229	0.659771
8I9A-D-C	Positive	0.413358	0.586642
8TZX-C-A	Positive	0.0369119	0.963088
8Q7E-C-A	Positive	0.0190437	0.980956
8VJY-B-A	Positive	0.287017	0.712983
8J0G-F-B	Positive	0.0890928	0.910907
8WXW-P-A	Positive	0.146694	0.853306
8HSW-C-A	Positive	0.196593	0.803407
8UI6-B-A	Positive	0.306715	0.693285
8GON-C-A	Positive	0.0505943	0.949406
8YV6-B-A	Positive	0.126409	0.873591
8RTA-I-E	Negative	0.773464	0.226536
8RTA-H-F	Positive	0.253253	0.746747
8J5P-X-C	Negative	0.584041	0.415959
8J8Z-V-A	Positive	0.0366012	0.963399
8WDV-7-L	Positive	0.385177	0.614823
8WDV-G-D	Positive	0.41091	0.58909
8WDV-J-F	Positive	0.139222	0.860778
8WDV-T-S	Positive	0.41091	0.58909
8WDV-6-3	Negative	0.649608	0.350392
8UW1-K-A	Positive	0.336092	0.663908
8FEG-A-B	Positive	0.108271	0.891729
8VYQ-C-A	Positive	0.177522	0.822478
8HN9-C-A	Positive	0.0196385	0.980361
8C5L-C-A	Positive	0.153251	0.846749
8ROP-C-A	Positive	0.162764	0.837236
8UBU-B-A	Positive	0.0199878	0.980012
8TUQ-B-A	Positive	0.186318	0.813682
8G8S-B-A	Positive	0.0326241	0.967376
8CAV-D-A	Positive	0.292824	0.707176
8CAV-G-B	Positive	0.063509	0.936491
8ENS-C-A	Positive	0.0412926	0.958707
8RBZ-r-b	Positive	0.187979	0.812021
8RBZ-m-i	Positive	0.162214	0.837786
8TTT-B-A	Positive	0.101396	0.898604
8QT0-B-A	Positive	0.137439	0.862561
8HLO-C-A	Positive	0.384957	0.615043
8G94-F-A	Positive	0.196045	0.803955
8HCO-E-A	Negative	0.609476	0.390524
8U36-B-A	Positive	0.0139994	0.986001
8U36-C-A	Positive	0.0976418	0.902358
8EJM-B-A	Negative	0.616744	0.383256
8DGX-C-H	Positive	0.0802101	0.91979
8RDY-B-A	Negative	0.503588	0.496412
8U4K-C-A	Negative	0.71258	0.28742
8UKP-C-E	Positive	0.11967	0.88033
8QSH-H-A	Positive	0.317866	0.682134
8HER-A-B	Positive	0.249549	0.750451
8RU3-P-A	Positive	0.0691388	0.930861
8RST-B-A	Positive	0.108931	0.891069
8A44-B-A	Positive	0.195456	0.804544
8A9G-D-B	Positive	0.241393	0.758607
8W6A-C-A	Positive	0.07307	0.92693
8BOX-C-A	Negative	0.524546	0.475454
8QQF-B-A	Positive	0.0303314	0.969669
8A93-D-A	Positive	0.0459793	0.954021
8HRY-B-A	Positive	0.205944	0.794056
8FUB-B-A	Positive	0.0293044	0.970696
8QYB-A-L	Positive	0.250967	0.749033
8ZX5-G-B	Negative	0.883182	0.116818
8K00-B-A	Positive	0.287752	0.712248
8RXB-F-E	Positive	0.121647	0.878353
8T8G-B-A	Positive	0.0433881	0.956612
8T0P-C-B	Positive	0.0177404	0.98226
8F9E-P-H	Positive	0.169864	0.830136
8VU3-J-A	Positive	0.446048	0.553952
8VU3-X-B	Positive	0.193954	0.806046
8VU3-S-G	Positive	0.446048	0.553952
8CRX-3-g	Positive	0.0441058	0.955894
8ETG-T-C	Negative	0.912366	0.0876338
8OEP-B-A	Positive	0.0325257	0.967474
8B1R-P-B	Positive	0.270001	0.729999
8F4B-B-A	Positive	0.281204	0.718796
8X2U-A-B	Negative	0.629014	0.370986
8X2U-D-E	Positive	0.252065	0.747935
8SRW-E-A	Positive	0.0788297	0.92117
8ALH-P-B	Positive	0.0615491	0.938451
8P2H-6-8	Negative	0.548737	0.451263
8C2E-P-A	Positive	0.375446	0.624554
8Z08-F-C	Positive	0.0789583	0.921042
8CB8-C-A	Positive	0.162101	0.837899
8ARE-B-A	Positive	0.461335	0.538665
8SR6-B-A	Positive	0.146753	0.853247
8FUC-A-B	Positive	0.036335	0.963665
8FUC-F-B	Positive	0.0228404	0.97716
8GMT-B-A	Positive	0.331359	0.668641
8EIB-C-A	Positive	0.181724	0.818276
8AB5-C-A	Positive	0.122681	0.877319
8CBG-C-A	Positive	0.10871	0.89129
8EMG-C-A	Positive	0.182552	0.817448
8WI0-B-A	Positive	0.0638397	0.93616
8RK3-B-g	Positive	0.222759	0.777241
8WGH-J-2	Negative	0.670304	0.329696
8FE7-B-A	Positive	0.175799	0.824201
8WTW-B-A	Positive	0.120072	0.879928
8A43-I-A	Negative	0.812151	0.187849
8VYA-D-A	Positive	0.464947	0.535053
8VYA-F-A	Negative	0.595727	0.404273
8J8P-A-C	Positive	0.0932924	0.906708
8Y8B-C-T	Negative	0.679988	0.320012
8IAQ-D-K	Negative	0.706073	0.293927
8QOA-0-2	Positive	0.187395	0.812605
8QOA-6-e	Positive	0.0605212	0.939479
8X91-X-A	Negative	0.646738	0.353262
8UJI-C-A	Positive	0.0202659	0.979734
8SAO-A-B	Negative	0.575694	0.424306
8JE1-R-A	Positive	0.0152353	0.984765
8JE1-G-H	Positive	0.389611	0.610389
8WE2-R-A	Positive	0.183216	0.816784
8EGR-M-G	Positive	0.0801448	0.919855
8DNT-D-A	Positive	0.261027	0.738973
8SKJ-E-A	Positive	0.0974625	0.902537
8UTJ-f-F	Positive	0.117879	0.882121
8FCT-G-F	Positive	0.076065	0.923935
8S8O-C-A	Positive	0.0702876	0.929712
8IBB-D-K	Negative	0.706073	0.293927
8ES9-Y-A	Negative	0.520557	0.479443
8IUG-D-B	Positive	0.215397	0.784603
8IUG-V-C	Positive	0.338276	0.661724
8IUG-X-C	Positive	0.407043	0.592957
8IUG-Y-C	Negative	0.544206	0.455794
8IUG-H-G	Positive	0.215397	0.784603
8IUG-h-L	Positive	0.335927	0.664073
8CMD-C-A	Positive	0.0953263	0.904674
8S4Y-A-B	Positive	0.237912	0.762088
8UX6-F-C	Positive	0.0415143	0.958486
8JYS-A-B	Negative	0.56646	0.43354
8JYS-C-D	Negative	0.584364	0.415636
8UUA-6-E	Positive	0.215156	0.784844
8UUA-5-7	Positive	0.462752	0.537248
8BN1-D-A	Negative	0.568479	0.431521
8DVN-B-A	Positive	0.465799	0.534201
8J8R-G-A	Positive	0.0653887	0.934611
8UHD-X-V	Positive	0.0225846	0.977415
8ZLZ-D-B	Positive	0.344639	0.655361
8K8J-G-B	Positive	0.432077	0.567923
8VJO-F-A	Positive	0.174193	0.825807
8C06-F-A	Negative	0.665197	0.334803
8JRT-e-V	Positive	0.421979	0.578021
8PJG-C-A	Positive	0.0268016	0.973198
8GCN-B-A	Negative	0.577925	0.422075
8RUQ-L-G	Positive	0.408068	0.591932
8RDU-r-G	Positive	0.0942144	0.905786
8TTA-E-A	Positive	0.110245	0.889755
8TTA-F-C	Positive	0.0205098	0.97949
8E2C-C-A	Positive	0.113715	0.886285
8PR7-F-D	Positive	0.0659479	0.934052
8AP8-M-h	Negative	0.713718	0.286282
8AP8-c-g	Positive	0.464365	0.535635
8B1E-C-A	Positive	0.0163297	0.98367
8VAZ-E-A	Negative	0.525192	0.474808
8CGD-0-2	Negative	0.698919	0.301081
8DJH-B-A	Negative	0.706069	0.293931
8EAU-b-a	Positive	0.135674	0.864326
8UU4-6-E	Positive	0.198588	0.801412
8XJS-E-B	Negative	0.818371	0.181629
8XJS-D-A	Positive	0.0993672	0.900633
8B9V-A-L	Positive	0.116846	0.883154
8RAL-C-A	Positive	0.136769	0.863231
8AAA-B-A	Negative	0.651769	0.348231
8BIA-C-A	Positive	0.0223733	0.977627
8QSC-H-A	Positive	0.423704	0.576296
8KDX-B-A	Positive	0.261849	0.738151
8QP8-X-S	Positive	0.166236	0.833764
8EYY-D-A	Negative	0.577353	0.422647
8WEF-C-A	Positive	0.195116	0.804884
8Y9Z-B-A	Positive	0.162917	0.837083
8FVO-C-A	Positive	0.0265675	0.973432
8VR9-C-A	Positive	0.0770465	0.922954
8ZLW-R-A	Positive	0.0286341	0.971366
8J6Z-J-2	Negative	0.670304	0.329696
8JOY-B-A	Negative	0.853126	0.146874
8FG1-B-A	Positive	0.0973261	0.902674
8OP0-B-A	Positive	0.420767	0.579233
8RPY-z-E	Negative	0.502049	0.497951
8YDT-A-B	Positive	0.023476	0.976524
8QXW-B-A	Positive	0.167216	0.832784
8ZYW-A-C	Negative	0.65714	0.34286
8F2M-C-D	Positive	0.0820335	0.917966
8BTQ-B-A	Positive	0.0205433	0.979457
8C92-2-T	Positive	0.0639211	0.936079
8CAM-h-w	Positive	0.0831238	0.916876
8A40-L-B	Positive	0.344948	0.655052
8P7L-H-J	Negative	0.625098	0.374902
8CMI-C-A	Positive	0.0685597	0.93144
8CMI-F-D	Positive	0.0685597	0.93144
8JBM-G-A	Positive	0.111394	0.888606
8R2I-F-A	Positive	0.41074	0.58926
8R2I-I-A	Positive	0.319597	0.680403
8R2I-1-A	Positive	0.19602	0.80398
8XVE-P-R	Positive	0.0928196	0.90718
8OLT-s-E	Positive	0.128118	0.871882
8EMX-D-C	Positive	0.0901382	0.909862
8RH6-G-A	Positive	0.0239845	0.976015
8U9O-A-B	Positive	0.140072	0.859928
8SDQ-B-A	Positive	0.0584218	0.941578
8J8Q-A-C	Positive	0.201531	0.798469
8RQF-B-A	Positive	0.203596	0.796404
8SRV-D-A	Positive	0.0873298	0.91267
8X54-E-A	Positive	0.496564	0.503436
8SOU-B-A	Positive	0.132939	0.867061
8AED-C-A	Positive	0.0776533	0.922347
8AED-D-A	Positive	0.13286	0.86714
8BY5-B-A	Positive	0.0665927	0.933407
8YHZ-P-L	Positive	0.229981	0.770019
8TQ2-D-C	Positive	0.112445	0.887555
8VYW-C-A	Positive	0.450053	0.549947
8C2F-P-A	Positive	0.255731	0.744269
8Q1S-P-A	Positive	0.115398	0.884602
8Q1S-C-B	Positive	0.0853854	0.914615
8G1U-C-A	Positive	0.0440387	0.955961
8G1U-D-A	Positive	0.0221197	0.97788
8G1U-K-I	Positive	0.134296	0.865704
8WQH-G-D	Positive	0.128961	0.871039
8WQH-L-H	Positive	0.164759	0.835241
8KDC-C-A	Negative	0.647244	0.352756
8KDC-D-A	Negative	0.685376	0.314624
8KDC-E-A	Negative	0.613641	0.386359
8JA3-U-B	Positive	0.138478	0.861522
8C98-2-T	Positive	0.237354	0.762646
8ZBI-E-C	Positive	0.211222	0.788778
8TLW-B-A	Positive	0.0264488	0.973551
8DGW-G-H	Positive	0.419288	0.580712
8ZOM-K-B	Negative	0.511936	0.488064
8P43-P-A	Positive	0.272328	0.727672
8T42-N-A	Positive	0.00994374	0.990056
8HEW-B-A	Positive	0.152425	0.847575
8J27-F-B	Positive	0.0584588	0.941541
8J27-A-B	Positive	0.0918295	0.908171
8TOS-E-A	Positive	0.158621	0.841379
8ONI-B-H	Positive	0.382321	0.617679
8G2M-F-H	Negative	0.684595	0.315405
8G8R-B-A	Positive	0.0840863	0.915914
8HXR-D-B	Negative	0.543451	0.456549
8HXR-C-A	Negative	0.616085	0.383915
8P0A-C-A	Positive	0.337238	0.662762
8PN4-M-A	Negative	0.695321	0.304679
8K35-S-I	Negative	0.553155	0.446845
8ENW-D-B	Positive	0.0525819	0.947418
8JUT-K-A	Negative	0.619118	0.380882
8I0P-P-A	Negative	0.564412	0.435588
8QPW-X-F	Positive	0.0365977	0.963402
8R7L-D-H	Negative	0.933925	0.0660751
8RNH-C-A	Positive	0.163727	0.836273
8XNY-r-C	Negative	0.619798	0.380202
8XNY-R-D	Positive	0.460498	0.539502
8BCT-H-D	Positive	0.147868	0.852132
8X2M-C-A	Positive	0.320917	0.679083
8X2M-D-A	Positive	0.297221	0.702779
8X2M-F-A	Negative	0.811367	0.188633
8TH6-H-A	Positive	0.0314134	0.968587
8TH6-G-B	Positive	0.0314134	0.968587
8TH6-F-C	Positive	0.1137	0.8863
8GJ5-D-A	Positive	0.0628436	0.937156
8GJ5-E-B	Positive	0.0417005	0.9583
8GJ5-F-C	Positive	0.0901055	0.909894
8P0Q-C-A	Positive	0.0841045	0.915896
8P0Q-D-B	Positive	0.0265653	0.973435
8B0P-B-A	Positive	0.326536	0.673464
8RX1-i-A	Positive	0.0297001	0.9703
8RX1-G-B	Positive	0.0804972	0.919503
8RX1-s-D	Positive	0.195607	0.804393
8XGC-K-I	Positive	0.0887553	0.911245
8RRK-C-A	Positive	0.0592663	0.940734
8S6T-C-A	Positive	0.328427	0.671573
8HEY-O-a	Positive	0.41665	0.58335
8HEY-T-D	Positive	0.223754	0.776246
8HEY-Q-A	Negative	0.741415	0.258585
8J48-D-B	Positive	0.158356	0.841644
8J48-A-B	Positive	0.233351	0.766649
8X53-E-A	Positive	0.274642	0.725358
8XLP-f-a	Positive	0.172425	0.827575
8XLP-i-a	Negative	0.802293	0.197707
8XLP-t-a	Positive	0.22589	0.77411
8XLP-w-a	Negative	0.634285	0.365715
8XLP-m-b	Negative	0.506354	0.493646
8XLP-x-b	Positive	0.282369	0.717631
8XLP-y-c	Positive	0.0886629	0.911337
8XES-C-A	Positive	0.0719903	0.92801
8J7H-E-A	Positive	0.232252	0.767748
8ADI-F-A	Positive	0.110897	0.889103
8GJI-B-A	Positive	0.16335	0.83665
8PEF-B-A	Positive	0.0286628	0.971337
8TUT-B-A	Negative	0.778519	0.221481
8I10-G-A	Positive	0.0145708	0.985429
8C3Z-B-A	Positive	0.0366995	0.963301
8I0R-W-A	Positive	0.324442	0.675558
8QSJ-m-8	Positive	0.469163	0.530837
8CME-C-A	Positive	0.459864	0.540136
8GO9-G-A	Positive	0.0292796	0.97072
8XZG-L-R	Positive	0.130031	0.869969
8Z11-j-A	Positive	0.39861	0.60139
8Z11-i-B	Positive	0.437888	0.562112
8Z11-m-B	Positive	0.153039	0.846961
8RBH-C-A	Positive	0.0473971	0.952603
8RBH-D-B	Positive	0.185674	0.814326
8VME-B-A	Positive	0.244192	0.755808
8VME-C-A	Positive	0.0646243	0.935376
8I0S-K-A	Negative	0.687415	0.312585
8ZEB-C-A	Positive	0.243293	0.756707
8C3J-C-A	Positive	0.0666718	0.933328
8C3J-J-A	Positive	0.0666718	0.933328
8JXV-D-C	Positive	0.140708	0.859292
8D5N-E-C	Positive	0.334329	0.665671
8D5N-B-A	Positive	0.250284	0.749716
8P5R-P-A	Positive	0.0867727	0.913227
8EYA-D-A	Positive	0.0271963	0.972804
8FVY-f-d	Positive	0.170597	0.829403
8B1F-C-A	Positive	0.011094	0.988906
8DZQ-D-C	Negative	0.590487	0.409513
8IIY-C-A	Positive	0.0365972	0.963403
8FG0-P-C	Negative	0.801567	0.198433
8FG0-Q-C	Positive	0.163178	0.836822
8AGE-B-A	Positive	0.446578	0.553422
8AGE-P-A	Positive	0.235976	0.764024
8QT4-B-A	Positive	0.300005	0.699995
8F2Q-B-A	Positive	0.343513	0.656487
8F2Q-C-A	Negative	0.515254	0.484746
8TOR-E-A	Positive	0.207477	0.792523
8YOR-E-A	Negative	0.609161	0.390839
8YOR-F-C	Negative	0.529205	0.470795
8IHM-M-C	Positive	0.121353	0.878647
8C26-B-A	Positive	0.363581	0.636419
8BY6-C-A	Positive	0.0575762	0.942424
8XNQ-s-E	Positive	0.0585015	0.941499
8ZGT-C-A	Positive	0.0365059	0.963494
8IMX-P-G	Positive	0.0877698	0.91223
8BE6-P-R	Positive	0.252671	0.747329
8EXJ-D-A	Positive	0.0256181	0.974382
8WXQ-C-A	Positive	0.363521	0.636479
8VP5-C-A	Positive	0.0218094	0.978191
8KME-4-2	Positive	0.279165	0.720835
8DUZ-F-A	Positive	0.171411	0.828589
8DUZ-E-C	Positive	0.0597894	0.940211
8WV1-Z-F	Negative	0.526972	0.473028
8WV1-9-g	Positive	0.0405966	0.959403
8QY9-A-L	Positive	0.250967	0.749033
8QPK-7-D	Positive	0.341657	0.658343
8QPK-X-A	Positive	0.147623	0.852377
8UU5-6-E	Positive	0.198588	0.801412
8HE0-B-A	Positive	0.0211553	0.978845
8WXV-B-A	Positive	0.414317	0.585683
8B6J-L-C	Negative	0.664887	0.335113
8B6J-l-c	Negative	0.664887	0.335113
8YVZ-E-A	Positive	0.269839	0.730161
8SH9-N-B	Negative	0.703499	0.296501
8R8U-C-A	Positive	0.0652714	0.934729
8F7S-P-R	Positive	0.178517	0.821483
8T31-B-A	Positive	0.0520446	0.947955
8T31-F-A	Positive	0.0406684	0.959332
8T31-D-C	Positive	0.0308627	0.969137
8T31-H-G	Positive	0.0335184	0.966482
8T31-J-I	Positive	0.16638	0.83362
8QOO-B-A	Positive	0.137439	0.862561
8TWE-C-A	Positive	0.340075	0.659925
8TWE-D-B	Positive	0.400733	0.599267
8PKV-P-B	Positive	0.104881	0.895119
8IW4-C-B	Negative	0.66759	0.33241
8HC0-C-A	Negative	0.610869	0.389131
8PO2-D-A	Positive	0.12699	0.87301
8W6L-C-A	Positive	0.165049	0.834951
8S73-M-A	Positive	0.0730302	0.92697
8F9S-P-H	Positive	0.117622	0.882378
8QTT-K-A	Positive	0.117079	0.882921
8QTT-N-D	Positive	0.356427	0.643573
8IB5-s-E	Positive	0.0331452	0.966855
8B8W-D-B	Positive	0.106446	0.893554
8EI3-G-C	Positive	0.0958555	0.904145
8Y47-B-A	Positive	0.0975782	0.902422
8BC6-D-A	Positive	0.280534	0.719466
8IYA-D-B	Positive	0.096516	0.903484
8EMJ-C-A	Positive	0.139339	0.860661
8B5R-X-B	Positive	0.204537	0.795463
8GKV-B-A	Positive	0.0646794	0.935321
8WXR-C-A	Positive	0.221592	0.778408
8WXR-D-B	Positive	0.0588284	0.941172
8TPJ-Q-B	Positive	0.188698	0.811302
8TPJ-P-E	Negative	0.632393	0.367607
8TPJ-S-F	Positive	0.0340061	0.965994
8TPJ-R-N	Positive	0.0380227	0.961977
8TTC-E-D	Positive	0.0537807	0.946219
8EKA-P-H	Positive	0.202142	0.797858
8X4Q-B-A	Positive	0.212444	0.787556
8X4Q-J-I	Positive	0.181454	0.818546
8DEU-D-B	Positive	0.189633	0.810367
8A5A-X-G	Positive	0.0591283	0.940872
8S1U-1-3	Positive	0.277361	0.722639
8S1U-6-F	Negative	0.513031	0.486969
8FHL-C-A	Positive	0.108511	0.891489
8C40-B-A	Positive	0.00526882	0.994731
8Z0A-E-A	Positive	0.0199905	0.98001
8QHL-D-B	Positive	0.214917	0.785083
8BJ0-B-A	Positive	0.0223733	0.977627
8TRH-d-4	Negative	0.754187	0.245813
8HBD-L-R	Positive	0.064117	0.935883
8R5I-B-A	Positive	0.107387	0.892613
8QSB-H-A	Positive	0.395478	0.604522
8ASC-J-E	Positive	0.182907	0.817093
8RN3-D-A	Positive	0.0722605	0.927739
8RN3-E-A	Positive	0.26218	0.73782
8RU4-C-A	Positive	0.0729401	0.92706
8SXE-F-B	Negative	0.538589	0.461411
8DUJ-M-G	Negative	0.605875	0.394125
8A8R-L-A	Negative	0.640786	0.359214
8A8R-M-B	Negative	0.524031	0.475969
8FAT-E-A	Positive	0.0761044	0.923896
8FAT-F-C	Positive	0.104872	0.895128
8F7Z-K-E	Positive	0.050531	0.949469
8IA8-L-A	Positive	0.0781544	0.921846
8OSL-P-O	Negative	0.603987	0.396013
8DGH-B-A	Positive	0.0202201	0.97978
8JYQ-C-A	Positive	0.142436	0.857564
8JYQ-F-D	Positive	0.0658601	0.93414
8DYD-C-A	Positive	0.124228	0.875772
8FJK-m-C	Positive	0.121803	0.878197
8GQV-C-A	Positive	0.44539	0.55461
8B1G-C-A	Positive	0.0157167	0.984283
8W6B-D-A	Positive	0.334521	0.665479
8S6N-E-A	Positive	0.0632427	0.936757
8TMY-S-H	Positive	0.0840426	0.915957
8TMY-N-B	Positive	0.480634	0.519366
8UXZ-I-C	Positive	0.0284839	0.971516
8TL6-E-A	Positive	0.121108	0.878892
8T5E-B-A	Positive	0.0358891	0.964111
8JC0-m-d	Positive	0.163948	0.836052
8WXU-D-B	Positive	0.167669	0.832331
8IA4-Q-A	Positive	0.0713243	0.928676
8RNE-P-A	Positive	0.175777	0.824223
8INF-T-f	Positive	0.0402436	0.959756
8Y1U-B-A	Positive	0.209047	0.790953
8Y1U-C-A	Positive	0.272618	0.727382
8T56-C-A	Positive	0.353041	0.646959
8T56-D-A	Positive	0.385802	0.614198
8T56-E-A	Positive	0.385802	0.614198
8T56-F-A	Positive	0.437544	0.562456
8JIT-P-R	Positive	0.207209	0.792791
8PPR-Z-N	Positive	0.132112	0.867888
8XVA-F-B	Negative	0.654843	0.345157
8C5G-D-A	Negative	0.740042	0.259958
8DGP-F-A	Positive	0.477169	0.522831
8DGP-E-B	Positive	0.239001	0.760999
8DGP-G-C	Negative	0.549829	0.450171
8UY3-E-A	Positive	0.439154	0.560846
8UY3-H-B	Positive	0.312608	0.687392
8UY3-I-D	Positive	0.198274	0.801726
8Y84-A-B	Negative	0.61242	0.38758
8RWG-6-8	Negative	0.690219	0.309781
8OFG-C-A	Positive	0.0210063	0.978994
8CSP-Q-B	Positive	0.0205387	0.979461
8CSP-K-C	Positive	0.441534	0.558466
8G8A-C-A	Positive	0.0509338	0.949066
8G8A-P-H	Positive	0.0400296	0.95997
8EGS-I-Y	Positive	0.0288069	0.971193
8JAS-O-K	Positive	0.0469921	0.953008
8IJ0-C-A	Positive	0.358741	0.641259
8IJ0-D-A	Positive	0.358741	0.641259
8Q8K-C-A	Positive	0.206894	0.793106
8COB-B-A	Positive	0.0627741	0.937226
8COB-F-E	Positive	0.0512936	0.948706
8REF-C-A	Positive	0.016368	0.983632
8AI5-C-A	Positive	0.0681597	0.93184
8AI5-D-A	Positive	0.0681597	0.93184
8I17-C-A	Positive	0.419916	0.580084
8I17-F-B	Positive	0.284115	0.715885
8I17-I-E	Positive	0.244462	0.755538
8JUD-B-A	Positive	0.0643909	0.935609
8GY7-M-P	Positive	0.183178	0.816822
8EIK-F-E	Positive	0.0365483	0.963452
8X06-D-B	Positive	0.441009	0.558991
8WB4-w-3	Negative	0.63187	0.36813
8WB4-F-A	Negative	0.762892	0.237108
8WB4-J-A	Positive	0.0896231	0.910377
8WB4-T-A	Positive	0.0965484	0.903452
8WB4-L-A	Negative	0.593257	0.406743
8WB4-m-D	Positive	0.43229	0.56771
8WB4-M-S	Positive	0.43229	0.56771
8WB4-Y-Z	Positive	0.20418	0.79582
8WB4-f-d	Negative	0.762892	0.237108
8A62-B-A	Positive	0.17607	0.82393
8US8-R-H	Positive	0.0399528	0.960047
8YWF-P-R	Positive	0.405741	0.594259
8DGO-C-B	Positive	0.182202	0.817798
8ZUJ-A-D	Positive	0.0398321	0.960168
8HK5-G-D	Positive	0.485007	0.514993
8RTD-e-J	Positive	0.126431	0.873569
8RTD-d-b	Negative	0.614919	0.385081
8RTD-i-f	Positive	0.28406	0.71594
8RTD-D-h	Positive	0.175171	0.824829
8RTD-F-h	Positive	0.0558043	0.944196
8YJ2-C-A	Positive	0.197595	0.802405
8C43-B-A	Positive	0.0243213	0.975679
8QU4-A-B	Positive	0.0751985	0.924802
8PM0-P-A	Positive	0.111797	0.888203
8YTF-B-A	Positive	0.274528	0.725472
8YWA-D-A	Positive	0.031236	0.968764
8D35-C-A	Positive	0.201434	0.798566
8TH5-K-A	Positive	0.190533	0.809467
8TH5-Q-A	Positive	0.154547	0.845453
8TH5-P-F	Positive	0.183901	0.816099
8RKS-L-C	Positive	0.207976	0.792024
8FY3-C-A	Positive	0.0565192	0.943481
8D5F-P-A	Positive	0.204849	0.795151
8FVQ-L-A	Positive	0.299994	0.700006
8J6F-B-I	Positive	0.315818	0.684182
8FG6-A-B	Positive	0.0875684	0.912432
8QU2-A-B	Positive	0.031198	0.968802
8Q91-B-A	Positive	0.165839	0.834161
8B2F-H-A	Positive	0.100226	0.899774
8B2F-T-A	Positive	0.100226	0.899774
8FAS-C-A	Positive	0.0864141	0.913586
8SM5-B-A	Positive	0.0584362	0.941564
8SM5-D-C	Positive	0.0319367	0.968063
8SM5-J-I	Positive	0.054524	0.945476
8DGM-B-A	Positive	0.338347	0.661653
8XV7-B-A	Positive	0.131219	0.868781
8XV7-F-A	Positive	0.0402949	0.959705
8XV7-H-A	Positive	0.0785774	0.921423
8R7N-E-j	Positive	0.186749	0.813251
8D5J-C-A	Positive	0.379906	0.620094
8IQ4-G-B	Positive	0.359636	0.640364
8ZDB-e-J	Positive	0.116919	0.883081
8ZDB-f-M	Positive	0.0839272	0.916073
8WKY-B-A	Positive	0.00762714	0.992373
8PM5-N-G	Positive	0.135312	0.864688
8XKM-F-A	Negative	0.626552	0.373448
8JSL-E-A	Positive	0.124602	0.875398
8JSL-D-B	Negative	0.530534	0.469466
8CVZ-F-B	Positive	0.413912	0.586088
8CVZ-G-C	Positive	0.398427	0.601573
8Q23-E-A	Positive	0.434064	0.565936
8EGT-E-A	Positive	0.24766	0.75234
8WJX-G-B	Negative	0.648107	0.351893
8TUR-B-A	Positive	0.218961	0.781039
8FPJ-D-A	Negative	0.572263	0.427737
8FPJ-E-A	Positive	0.47173	0.52827
8AN9-E-A	Positive	0.0244934	0.975507
8TAR-B-L	Positive	0.150984	0.849016
8CV7-D-A	Negative	0.572202	0.427798
8IHN-A-K	Positive	0.459681	0.540319
8BYL-D-B	Positive	0.0835452	0.916455
8FUD-C-A	Positive	0.113978	0.886022
8FUD-D-B	Positive	0.039139	0.960861
8CMH-C-A	Positive	0.359004	0.640996
8WSS-L-R	Positive	0.153993	0.846007
8WEE-B-A	Positive	0.0872799	0.91272
8HEO-G-B	Positive	0.123831	0.876169
8PXX-B-A	Positive	0.418202	0.581798
8SDM-I-A	Positive	0.122544	0.877456
8SDM-X-A	Positive	0.122544	0.877456
8SDM-Y-B	Positive	0.155094	0.844906
8HIL-L-B	Positive	0.160702	0.839298
8ZLX-b-B	Positive	0.161466	0.838534
8ZLX-d-D	Positive	0.18161	0.81839
8ELG-C-A	Positive	0.0900931	0.909907
8B1A-C-A	Positive	0.0661571	0.933843
8CMC-C-A	Positive	0.125266	0.874734
8AFZ-C-B	Positive	0.0458498	0.95415
8IWH-J-A	Positive	0.145711	0.854289
8IWH-L-A	Positive	0.183455	0.816545
8IWH-M-A	Negative	0.710154	0.289846
8IWH-T-A	Positive	0.102397	0.897603
8IWH-t-B	Positive	0.102397	0.897603
8IWH-K-C	Positive	0.433661	0.566339
8IWH-Y-C	Positive	0.353009	0.646991
8IWH-X-D	Negative	0.662853	0.337147
8IWH-f-d	Negative	0.63232	0.36768
8HVP-I-A	Positive	0.123173	0.876827
8IN0-B-A	Positive	0.091587	0.908413
8F7W-P-R	Positive	0.135874	0.864126
8EF5-F-M	Positive	0.143907	0.856093
8R8V-C-A	Positive	0.0874104	0.91259
8Z05-C-A	Positive	0.256876	0.743124
8XV4-C-A	Positive	0.498502	0.501498
8EQI-F-A	Positive	0.0753027	0.924697
8AS9-D-A	Negative	0.739892	0.260108
8ASL-I-b	Negative	0.591422	0.408578
8ASL-E-l	Negative	0.613418	0.386582
8ASL-F-l	Negative	0.6337	0.3663
8VWE-C-H	Positive	0.18728	0.81272
8PK6-B-A	Positive	0.0150748	0.984925
8PK6-D-C	Positive	0.0228855	0.977115
8PK6-F-E	Positive	0.0260819	0.973918
8AS3-B-A	Positive	0.109775	0.890225
8AM5-E-A	Negative	0.794551	0.205449
8AM5-I-A	Negative	0.58612	0.41388
8AM5-F-D	Negative	0.6337	0.3663
8FYU-E-B	Positive	0.0674411	0.932559
8OIJ-C-A	Positive	0.0374568	0.962543
8OIJ-D-A	Positive	0.0374568	0.962543
8CJ1-I-A	Positive	0.063126	0.936874
8CJ1-K-E	Positive	0.063126	0.936874
8TH7-C-A	Negative	0.639799	0.360201
8TH7-D-B	Positive	0.384364	0.615636
8TKT-D-C	Positive	0.2294	0.7706
8RZU-B-A	Negative	0.573672	0.426328
8SBK-C-A	Negative	0.808298	0.191702
8DKN-C-A	Positive	0.00647409	0.993526
8RBU-C-A	Positive	0.016368	0.983632
8B2K-B-A	Positive	0.0693877	0.930612
8BVF-D-A	Positive	0.0480855	0.951914
8A61-G-J	Negative	0.662043	0.337957
8A61-W-K	Negative	0.500824	0.499176
8D4T-X-N	Negative	0.830906	0.169094
8VML-I-C	Positive	0.0974396	0.90256
8FYH-E-B	Positive	0.0553291	0.944671
8RLV-C-A	Negative	0.61927	0.38073
8PN5-I-A	Positive	0.00412851	0.995871
8PN5-N-F	Positive	0.00510706	0.994893
8TXR-a-C	Positive	0.206023	0.793977
8EOI-D-A	Negative	0.667093	0.332907
8AOQ-C-A	Negative	0.806717	0.193283
8I0T-K-A	Negative	0.689137	0.310863
8G7R-8-G	Positive	0.117879	0.882121
8FYM-P-L	Positive	0.0156305	0.984369
8FYM-C-A	Positive	0.384576	0.615424
8FYM-J-G	Positive	0.384576	0.615424
8YW4-P-R	Positive	0.115822	0.884178
8PR0-D-F	Negative	0.629255	0.370745
8JOW-B-A	Positive	0.105057	0.894943
8JOW-D-A	Positive	0.14378	0.85622
8G8N-C-A	Positive	0.281656	0.718344
8XGS-F-A	Positive	0.080896	0.919104
8UMX-A-B	Negative	0.605224	0.394776
8IVZ-C-A	Positive	0.0323901	0.96761
8CF1-E-B	Positive	0.257062	0.742938
8VP9-C-A	Positive	0.0864697	0.91353
8VP9-D-A	Positive	0.215139	0.784861
8EI6-C-A	Positive	0.0387668	0.961233
8JBF-A-B	Positive	0.0365	0.9635
8RMO-F-H	Positive	0.122554	0.877446
8RMY-J-A	Positive	0.267477	0.732523
8GAL-B-A	Positive	0.215272	0.784728
8V5Y-C-B	Negative	0.798744	0.201256
8JJV-B-A	Positive	0.119908	0.880092
8YPF-B-A	Positive	0.037601	0.962399
8PKX-P-B	Positive	0.0765446	0.923455
8DVM-B-A	Positive	0.106311	0.893689
8PJE-C-A	Positive	0.0948109	0.905189
8Q6P-L-3	Positive	0.374211	0.625789
8Z82-S-C	Negative	0.578495	0.421505
8Z82-U-C	Positive	0.149064	0.850936
8Z82-D-L	Negative	0.578495	0.421505
8Z82-7-L	Positive	0.149064	0.850936
8Z82-0-B	Negative	0.643299	0.356701
8EH5-G-H	Positive	0.0933053	0.906695
8BBK-G-A	Positive	0.0976418	0.902358
8B4Q-B-A	Positive	0.0454745	0.954526
8WGO-C-A	Positive	0.36806	0.63194
8IR2-C-A	Positive	0.032757	0.967243
8FE6-B-A	Positive	0.119956	0.880044
8GNN-D-C	Positive	0.0310478	0.968952
8FRU-l-X	Positive	0.281102	0.718898
8GJ0-F-B	Positive	0.0531091	0.946891
8W8G-E-A	Positive	0.120128	0.879872
8W8G-F-B	Positive	0.116205	0.883795
8W8G-G-C	Positive	0.123445	0.876555
8CZG-E-A	Positive	0.0496919	0.950308
8CZG-H-A	Positive	0.0524874	0.947513
8CZG-G-B	Positive	0.0496919	0.950308
8QQE-C-A	Positive	0.460956	0.539044
8QQE-D-A	Positive	0.479114	0.520886
8YZR-E-A	Positive	0.0552236	0.944776
8TBW-C-A	Positive	0.277224	0.722776
8CZH-B-A	Negative	0.565268	0.434732
8GSV-B-A	Positive	0.0559697	0.94403
8GSV-L-A	Positive	0.0624166	0.937583
8GSV-P-O	Positive	0.0812291	0.918771
8GSV-V-S	Positive	0.0701296	0.92987
8GSV-N-W	Positive	0.0878332	0.912167
8ZPU-D-B	Positive	0.217197	0.782803
8DS7-M-L	Positive	0.180638	0.819362
8DL7-F-A	Positive	0.0845054	0.915495
8S6U-C-A	Positive	0.304541	0.695459
8S6U-D-A	Positive	0.0814964	0.918504
8V8F-E-B	Positive	0.102413	0.897587
8V8F-H-A	Positive	0.10538	0.89462
8XKW-E-A	Positive	0.254598	0.745402
8X3S-B-A	Negative	0.671548	0.328452
8JZD-B-A	Positive	0.158385	0.841615
8JZD-D-A	Positive	0.0274503	0.97255
8IHP-M-B	Positive	0.207537	0.792463
8QT8-B-A	Positive	0.0763383	0.923662
8HYJ-W-B	Positive	0.41537	0.58463
8RYK-C-A	Positive	0.088015	0.911985
8RYK-D-B	Positive	0.0362151	0.963785
8JTI-e-V	Positive	0.198417	0.801583
8JBH-A-B	Positive	0.0303334	0.969667
8ZTZ-E-C	Positive	0.0439229	0.956077
8QYZ-I-C	Positive	0.0640774	0.935923
8DYT-I-L	Positive	0.0898829	0.910117
8Q1N-a-A	Positive	0.0345591	0.965441
8B8O-C-B	Positive	0.0823186	0.917681
8B8O-D-A	Positive	0.0956891	0.904311
8TTU-B-A	Positive	0.0353954	0.964605
8UGB-D-A	Negative	0.695344	0.304656
8UGB-C-B	Negative	0.656223	0.343777
8J8V-G-A	Positive	0.0292796	0.97072
8CD8-B-A	Positive	0.0880302	0.91197
8PNQ-G-A	Positive	0.137479	0.862521
8CSS-K-C	Negative	0.599925	0.400075
8EBK-B-A	Positive	0.135783	0.864217
8RHB-T-K	Positive	0.344853	0.655147
8RHB-t-K	Positive	0.229652	0.770348
8F9U-P-A	Positive	0.150758	0.849242
8WKD-C-A	Positive	0.402608	0.597392
8DGQ-U-A	Positive	0.363085	0.636915
8DGQ-V-A	Positive	0.17126	0.82874
8PNP-G-A	Positive	0.380947	0.619053
8C7H-A-B	Positive	0.463933	0.536067
8EC5-C-A	Positive	0.0483393	0.951661
8CD3-A-B	Positive	0.119966	0.880034
8BVA-B-A	Positive	0.410688	0.589312
8H2U-K-A	Positive	0.32658	0.67342
8SDO-B-A	Positive	0.026472	0.973528
8P0D-B-A	Positive	0.257796	0.742204
8EI1-E-A	Positive	0.157778	0.842222
8EI1-G-C	Positive	0.098224	0.901776
8EI1-H-D	Positive	0.0930751	0.906925
8TXX-K-H	Positive	0.139733	0.860267
8Q3S-C-A	Positive	0.318048	0.681952
8VOD-B-A	Positive	0.158964	0.841036
8V3O-I-A	Positive	0.0155709	0.984429
8R1T-D-A	Positive	0.171155	0.828845
8WA2-H-A	Positive	0.0330458	0.966954
8WA2-I-B	Positive	0.0329769	0.967023
8UC6-G-C	Positive	0.286195	0.713805
8FR8-c-x	Negative	0.574556	0.425444
8IPL-B-A	Positive	0.107993	0.892007
8TTD-B-A	Positive	0.04528	0.95472
8SKV-a-A	Positive	0.0719962	0.928004
8YTD-B-A	Positive	0.0867971	0.913203
8YTD-C-A	Positive	0.311923	0.688077
8DJ6-E-A	Positive	0.130397	0.869603
8AJM-C-B	Positive	0.418039	0.581961
8TEE-C-A	Positive	0.309739	0.690261
8TEE-D-B	Positive	0.289907	0.710093
8QLV-B-A	Positive	0.278132	0.721868
8VPU-B-A	Positive	0.312771	0.687229
8DTU-B-A	Positive	0.0469156	0.953084
8DTU-C-A	Positive	0.330793	0.669207
8GTX-B-A	Negative	0.840806	0.159194
8V8E-C-A	Positive	0.0518146	0.948185
8TGF-B-A	Positive	0.0258187	0.974181
8XKE-M-A	Positive	0.0817898	0.91821
8FUA-B-A	Positive	0.0994463	0.900554
8FUA-C-A	Positive	0.0423505	0.95765
8PP6-K-G	Positive	0.335722	0.664278
8EHZ-C-A	Positive	0.0637053	0.936295
8B8I-I-A	Positive	0.0954925	0.904508
8B8I-K-A	Positive	0.105573	0.894427
8B8I-L-B	Positive	0.103658	0.896342
8B8I-O-G	Positive	0.0863631	0.913637
8J64-B-A	Negative	0.880151	0.119849
8SW6-C-A	Positive	0.0296038	0.970396
8SW6-D-B	Positive	0.0418985	0.958101
8H3C-F-B	Positive	0.178168	0.821832
8QLM-C-A	Positive	0.0331638	0.966836
8B1D-C-A	Positive	0.219935	0.780065
8Z06-E-A	Positive	0.055862	0.944138
8I3G-D-A	Positive	0.101744	0.898256
8I3G-C-B	Positive	0.420735	0.579265
8YR4-D-A	Positive	0.0967336	0.903266
8A5Y-G-J	Negative	0.662043	0.337957
8R6F-e-X	Positive	0.194711	0.805289
8R6F-h-k	Positive	0.0551335	0.944866
8BR9-B-A	Positive	0.0831324	0.916868
8GIZ-F-B	Positive	0.0241926	0.975807
8DWK-C-A	Positive	0.214145	0.785855
8DWK-D-A	Positive	0.170917	0.829083
8C00-g-W	Positive	0.0445344	0.955466
8X2Z-L-M	Negative	0.641142	0.358858
8RN4-E-A	Positive	0.413167	0.586833
8RN4-D-A	Positive	0.0529809	0.947019
8TK7-E-B	Positive	0.110055	0.889945
8CTA-C-A	Positive	0.261487	0.738513
8CTA-G-E	Positive	0.146912	0.853088
8CTA-K-I	Positive	0.261487	0.738513
8CTA-O-M	Positive	0.18975	0.81025
8I4O-B-A	Positive	0.053395	0.946605
8I4O-D-C	Positive	0.0689641	0.931036
8I4O-L-K	Positive	0.0743291	0.925671
8GJS-B-A	Positive	0.0591677	0.940832
8TUS-C-A	Positive	0.138126	0.861874
8CQY-B-A	Positive	0.182881	0.817119
8K2X-L-R	Negative	0.646964	0.353036
8VDC-B-A	Positive	0.196138	0.803862
8EI9-C-A	Positive	0.134422	0.865578
8QSZ-G-A	Negative	0.797471	0.202529
8QSZ-X-B	Positive	0.477574	0.522426
8URE-B-A	Positive	0.01956	0.98044
8QTC-C-A	Positive	0.140027	0.859973
8G4Y-B-A	Negative	0.503242	0.496758
8ZBE-P-A	Positive	0.191542	0.808458
8RIK-T-K	Positive	0.13387	0.86613
8RIK-t-K	Positive	0.0242276	0.975772
8RAJ-B-A	Positive	0.104138	0.895862
8IQM-B-A	Positive	0.0691812	0.930819
8CGR-U-K	Positive	0.390233	0.609767
8YDQ-A-B	Positive	0.0639729	0.936027
8AQB-C-B	Positive	0.0206184	0.979382
8TGP-B-A	Positive	0.0651829	0.934817
8DZR-D-C	Negative	0.616007	0.383993
8T19-B-A	Positive	0.494282	0.505718
8WMV-J-A	Negative	0.509809	0.490191
8BED-I-G	Positive	0.346726	0.653274
8BED-W-G	Positive	0.364718	0.635282
8GZE-D-A	Positive	0.150901	0.849099
8VNV-I-C	Positive	0.110211	0.889789
8T51-E-A	Positive	0.130028	0.869972
8ODT-F-A	Positive	0.236292	0.763708
8ODT-G-A	Positive	0.0934061	0.906594
8TUB-Q-F	Positive	0.280334	0.719666
8TUB-K-F	Positive	0.280334	0.719666
8DGN-B-A	Positive	0.0392145	0.960785
8K31-A-B	Positive	0.0421735	0.957827
8FZM-B-A	Positive	0.0439802	0.95602
8CAS-n-m	Positive	0.0603941	0.939606
8V9Q-D-A	Positive	0.2455	0.7545
8V9Q-H-A	Positive	0.0494103	0.95059
8V9Q-F-B	Positive	0.122827	0.877173
8Y1Y-B-A	Positive	0.121815	0.878185
8FIQ-B-A	Positive	0.116406	0.883594
8WQB-K-J	Positive	0.0798476	0.920152
8I0W-4-A	Positive	0.162048	0.837952
8WK4-n-A	Positive	0.485636	0.514364
8WK4-o-A	Positive	0.095892	0.904108
8WK4-s-F	Positive	0.0366222	0.963378
8WK4-p-Y	Positive	0.255363	0.744637
8XZF-L-R	Positive	0.204267	0.795733
8RC4-r-b	Negative	0.888366	0.111634
8ISN-C-A	Positive	0.355674	0.644326
8ESE-X-Z	Negative	0.598973	0.401027
8HEQ-A-B	Positive	0.203775	0.796225
8BFJ-B-A	Negative	0.888752	0.111248
8F9V-N-C	Positive	0.0559323	0.944068
8ECH-C-E	Positive	0.0776794	0.922321
8EI7-C-A	Positive	0.118087	0.881913
8BEL-T-C	Positive	0.413445	0.586555
8RBM-B-A	Negative	0.636337	0.363663
8RBM-b-C	Positive	0.0774887	0.922511
8Q0Q-Y-M	Positive	0.128011	0.871989
8TX8-D-A	Positive	0.305269	0.694731
8C01-g-W	Positive	0.075229	0.924771
8A3T-W-K	Negative	0.599377	0.400623
8A3T-S-A	Positive	0.148793	0.851207
8VWO-B-A	Positive	0.0988662	0.901134
8JE2-H-D	Negative	0.543533	0.456467
8WZ2-L-R	Positive	0.0400032	0.959997
8WG8-E-R	Positive	0.257297	0.742703
8PVX-H-C	Positive	0.278244	0.721756
8SGH-B-A	Positive	0.139007	0.860993
8HQV-B-A	Positive	0.210649	0.789351
8EFO-F-M	Negative	0.665885	0.334115
8T1L-9-C	Positive	0.388546	0.611454
8WQA-L-D	Positive	0.0893846	0.910615
8D7M-C-A	Positive	0.0904721	0.909528
8WXZ-P-A	Positive	0.0724226	0.927577
8P9O-P-A	Positive	0.0933453	0.906655
8TAU-E-I	Positive	0.0183419	0.981658
8F5Q-B-A	Positive	0.196738	0.803262
8F5Q-F-E	Positive	0.232578	0.767422
8ZEE-1-D	Negative	0.754192	0.245808
8A8X-B-A	Positive	0.0612184	0.938782
8A8X-D-C	Positive	0.105238	0.894762
8XKC-C-A	Positive	0.133501	0.866499
8QCB-E-B	Positive	0.189585	0.810415
8CH6-t-w	Positive	0.49479	0.50521
8X98-D-A	Positive	0.0844912	0.915509
8HQZ-k-A	Negative	0.524297	0.475703
8HQZ-e-L	Positive	0.259263	0.740737
8HQZ-d-Q	Positive	0.281196	0.718804
8HQZ-f-Q	Positive	0.18057	0.81943
8C3C-B-A	Positive	0.130713	0.869287
8TNP-C-B	Negative	0.7037	0.2963
8PKL-p-d	Positive	0.0266156	0.973384
8BP4-F-B	Positive	0.0113866	0.988613
8BP4-E-C	Positive	0.0113866	0.988613
8U12-C-D	Positive	0.0508626	0.949137
8U12-H-D	Positive	0.0508626	0.949137
8U12-A-F	Positive	0.0508626	0.949137
8C1Y-B-A	Positive	0.0205433	0.979457
8A8Q-C-A	Negative	0.638271	0.361729
8A8Q-D-A	Negative	0.567952	0.432048
8Q7I-P-A	Positive	0.04127	0.95873
8PR2-j-f	Positive	0.396479	0.603521
8SV0-C-B	Positive	0.0863391	0.913661
8SV0-E-B	Positive	0.0436884	0.956312
8BWF-a-A	Positive	0.0725959	0.927404
8BWF-i-F	Positive	0.0725959	0.927404
8UA4-R-G	Negative	0.657197	0.342803
8RTN-I-H	Positive	0.0657876	0.934212
8YGL-2-1	Positive	0.0676046	0.932395
8YGL-Z-1	Negative	0.65429	0.34571
8YGL-a-1	Positive	0.342865	0.657135
8YGL-b-1	Negative	0.574463	0.425537
8YGL-7-9	Negative	0.691239	0.308761
8AZW-O-G	Negative	0.716749	0.283251
8AZW-X-T	Positive	0.0970424	0.902958
8HDJ-A-B	Positive	0.109385	0.890615
8HDJ-E-F	Positive	0.0473293	0.952671
8RLT-C-A	Negative	0.61927	0.38073
8J97-V-A	Positive	0.081652	0.918348
8HEX-O-o	Positive	0.121651	0.878349
8F3B-C-A	Positive	0.168309	0.831691
8UAU-S-A	Positive	0.022641	0.977359
8CVY-E-A	Positive	0.422702	0.577298
8YSZ-C-A	Positive	0.172506	0.827494
8YSZ-E-A	Positive	0.133381	0.866619
8YSZ-D-B	Negative	0.613496	0.386504
8EBL-D-A	Positive	0.011032	0.988968
8I5E-P-H	Positive	0.027661	0.972339
8QCA-E-B	Positive	0.0456666	0.954333
8F88-E-A	Positive	0.0349399	0.96506
8F88-F-B	Positive	0.0268729	0.973127
8F88-G-B	Positive	0.277	0.723
8XG2-C-A	Positive	0.126248	0.873752
8PN3-C-A	Positive	0.0335326	0.966467
8PN3-D-B	Positive	0.0628913	0.937109
8QZZ-C-A	Positive	0.0447705	0.95523
8S6O-H-D	Positive	0.246716	0.753284
8XDN-C-A	Negative	0.628402	0.371598
8XDN-D-A	Negative	0.628402	0.371598
8XDN-E-A	Negative	0.659664	0.340336
8XDN-J-A	Positive	0.0843061	0.915694
8J5O-7-0	Positive	0.29951	0.70049
8J5O-9-0	Positive	0.29951	0.70049
8J5O-1-2	Positive	0.36792	0.63208
8J5O-X-C	Negative	0.584041	0.415959
8J5O-J-I	Positive	0.29951	0.70049
8UFB-U-A	Negative	0.679293	0.320707
8YCX-U-A	Positive	0.116629	0.883371
8S31-C-A	Positive	0.405979	0.594021
8S31-D-B	Positive	0.167289	0.832711
8CZ9-C-A	Positive	0.265053	0.734947
8WXX-D-A	Positive	0.281918	0.718082
8FA7-P-H	Positive	0.169864	0.830136
8K8E-G-A	Positive	0.141251	0.858749
8OKF-B-A	Positive	0.0456301	0.95437
8ZJD-L-R	Positive	0.0441242	0.955876
8WQI-G-D	Positive	0.0526282	0.947372
8ETI-T-C	Positive	0.145794	0.854206
8X8L-C-R	Positive	0.129872	0.870128
8Q1Q-D-A	Positive	0.0620038	0.937996
8BV1-N-A	Positive	0.0148872	0.985113
8HIB-D-V	Negative	0.537427	0.462573
8DP5-E-C	Negative	0.505553	0.494447
8TET-A-E	Positive	0.459705	0.540295
8CJ2-E-A	Positive	0.0141538	0.985846
8CJ2-F-A	Positive	0.0141538	0.985846
8CJ2-H-D	Positive	0.228301	0.771699
8PHE-C-A	Positive	0.078527	0.921473
8IBF-D-K	Negative	0.810623	0.189377
8D7Z-C-B	Positive	0.207567	0.792433
8T2N-B-A	Positive	0.0733042	0.926696
8T2N-D-C	Positive	0.16822	0.83178
8Y74-C-A	Positive	0.042442	0.957558
8GAK-B-A	Negative	0.844643	0.155357
8VD2-C-A	Positive	0.169556	0.830444
8UTC-E-A	Positive	0.106958	0.893042
8PHR-G-A	Negative	0.932366	0.0676343
8PHR-I-A	Negative	0.916193	0.0838072
8TAH-H-A	Positive	0.0196365	0.980364
8QSD-H-A	Positive	0.488937	0.511063
8DCK-C-A	Negative	0.699931	0.300069
8RG0-M-O	Positive	0.0863462	0.913654
8CVX-E-A	Positive	0.0919001	0.9081
8RGH-E-A	Positive	0.0859566	0.914043
8RGH-D-C	Positive	0.496482	0.503518
8EJR-C-B	Positive	0.417028	0.582972
8SW5-C-A	Positive	0.0822727	0.917727
8SW5-D-B	Positive	0.062709	0.937291
8ESQ-x-3	Positive	0.339187	0.660813
8ESQ-T-C	Positive	0.0821839	0.917816
8ESQ-s-O	Positive	0.458841	0.541159
8ESQ-8-X	Positive	0.296846	0.703154
8HSV-E-A	Positive	0.0556307	0.944369
8HSV-F-B	Positive	0.0257487	0.974251
8ADM-P-A	Positive	0.249949	0.750051
8GCH-C-F	Positive	0.0679487	0.932051
8HJU-V-L	Positive	0.338276	0.661724
8HJU-Y-L	Negative	0.544206	0.455794
8HJU-Z-L	Positive	0.335927	0.664073
8EIA-C-A	Positive	0.29802	0.70198
8CHE-C-H	Positive	0.100696	0.899304
8B17-C-A	Positive	0.0105767	0.989423
8IB1-C-A	Positive	0.175843	0.824157
8R3L-G-A	Positive	0.393528	0.606472
8TOQ-E-A	Positive	0.161338	0.838662
8H0P-L-R	Positive	0.041128	0.958872
8JBK-G-A	Positive	0.46071	0.53929
8XZH-L-R	Positive	0.309556	0.690444
8ETH-V-u	Negative	0.669755	0.330245
8IA5-B-A	Positive	0.0840187	0.915981
8QTF-K-A	Positive	0.212147	0.787853
8QTF-L-B	Positive	0.212147	0.787853
8Q7R-F-H	Positive	0.351429	0.648571
8ON9-D-A	Positive	0.269579	0.730421
8A5D-X-G	Negative	0.684167	0.315833
8EI4-B-A	Positive	0.0878882	0.912112
8UFI-C-A	Negative	0.839209	0.160791
8UFI-D-A	Positive	0.366084	0.633916
8XS1-A-H	Positive	0.0188638	0.981136
8JKB-A-B	Positive	0.47355	0.52645
8JKB-H-B	Negative	0.536958	0.463042
8JJ9-C-A	Positive	0.125899	0.874101
8JJ9-D-B	Positive	0.137435	0.862565
8HAF-P-R	Positive	0.49272	0.50728
8EXK-B-A	Positive	0.0308771	0.969123
8IR4-C-A	Positive	0.0570107	0.942989
8U8D-D-A	Positive	0.16033	0.83967
8U8D-C-B	Positive	0.225209	0.774791
8C1N-C-A	Positive	0.155259	0.844741
8J6D-D-C	Positive	0.0539062	0.946094
8JIU-P-R	Positive	0.0848357	0.915164
8B9P-C-A	Positive	0.491515	0.508485
8TQ1-H-A	Positive	0.18218	0.81782
9GBI-J-2	Negative	0.670544	0.329456
9GBI-N-2	Negative	0.695125	0.304875
9C8G-D-A	Positive	0.110773	0.889227
9F45-G-E	Positive	0.0884645	0.911535
9O52-I-A	Positive	0.0893009	0.910699
9BUX-B-A	Negative	0.569769	0.430231
9BLC-P-R	Positive	0.363624	0.636376
9AT8-E-F	Positive	0.158268	0.841732
9D89-T-H	Negative	0.563446	0.436554
9D89-h-w	Positive	0.0948363	0.905164
9N82-G-A	Negative	0.782804	0.217196
9KGN-D-B	Positive	0.144678	0.855322
9BS0-Z-W	Negative	0.571847	0.428153
9LKT-V-A	Positive	0.297944	0.702056
9E7R-G-B	Positive	0.366578	0.633422
9E6L-H-C	Positive	0.180639	0.819361
9BX5-P-H	Positive	0.0973094	0.902691
9K0X-G-B	Positive	0.309835	0.690165
9J20-D-B	Positive	0.22302	0.77698
9BAQ-D-A	Positive	0.0507309	0.949269
9BAQ-F-A	Positive	0.154105	0.845895
9FXA-B-C	Positive	0.220004	0.779996
9J8A-P-H	Positive	0.124885	0.875115
9CFT-B-A	Positive	0.0297325	0.970267
9CDW-E-A	Positive	0.362409	0.637591
9HBY-E-D	Positive	0.0668353	0.933165
9D0A-G-B	Negative	0.762288	0.237712
9CKC-C-A	Positive	0.108617	0.891383
9CKC-E-A	Positive	0.0348408	0.965159
9CKC-D-B	Positive	0.138121	0.861879
9CKC-F-B	Positive	0.0534185	0.946581
9DZQ-E-A	Negative	0.797001	0.202999
9E9C-2-U	Positive	0.379493	0.620507
9E9C-m-e	Negative	0.704341	0.295659
9E9C-4-r	Negative	0.553699	0.446301
9DXU-B-A	Positive	0.325046	0.674954
9BT6-a-A	Positive	0.3743	0.6257
9BT6-g-C	Positive	0.3743	0.6257
9IVQ-L-A	Positive	0.270978	0.729022
9IVQ-U-A	Negative	0.61335	0.38665
9K27-F-A	Positive	0.176225	0.823775
9LU9-F-A	Negative	0.599278	0.400722
9LU9-G-A	Positive	0.0513744	0.948626
9EYS-J-A	Positive	0.421377	0.578623
9EYS-Y-A	Positive	0.029374	0.970626
9IP4-E-A	Positive	0.269431	0.730569
9IP4-D-B	Positive	0.490822	0.509178
9LK5-F-A	Negative	0.821806	0.178194
9LK5-I-A	Negative	0.507037	0.492963
9LK5-J-A	Positive	0.210633	0.789367
9LK5-L-A	Positive	0.0473496	0.95265
9LK5-M-B	Positive	0.133193	0.866807
9LK5-U-B	Positive	0.274518	0.725482
9LK5-X-D	Positive	0.193322	0.806678
9BVL-P-A	Positive	0.479793	0.520207
9FAQ-H-C	Positive	0.184917	0.815083
9CLG-B-A	Positive	0.174725	0.825275
9CLG-C-A	Positive	0.0600933	0.939907
9QG8-K-A	Positive	0.0715365	0.928464
9FIX-A-M	Positive	0.10572	0.89428
9B8O-L-H	Positive	0.25478	0.74522
9AS2-D-C	Negative	0.60342	0.39658
9CS0-C-A	Positive	0.297712	0.702288
9GXE-D-A	Positive	0.337257	0.662743
9BTN-L-A	Positive	0.0780913	0.921909
9BXC-C-A	Positive	0.115551	0.884449
9EGN-A-B	Negative	0.549276	0.450724
9DDM-Y-A	Positive	0.476898	0.523102
9DDM-F-B	Negative	0.519547	0.480453
9DDM-Z-B	Negative	0.62676	0.37324
9DDM-G-D	Negative	0.726823	0.273177
9FP0-F-D	Negative	0.59097	0.40903
9FP0-V-E	Negative	0.786674	0.213326
9FP0-S-E	Positive	0.401595	0.598405
9FP0-B-A	Positive	0.25498	0.74502
9C6B-D-B	Positive	0.162563	0.837437
9GQZ-A-B	Positive	0.203568	0.796432
9GQZ-F-C	Positive	0.160825	0.839175
9M8M-S-C	Negative	0.639999	0.360001
9M8M-U-C	Negative	0.639999	0.360001
9M8M-K-L	Negative	0.639999	0.360001
9M8M-Y-L	Negative	0.620325	0.379675
9M8M-2-H	Positive	0.130858	0.869142
9FVG-P-A	Positive	0.350024	0.649976
9JFY-L-R	Positive	0.367926	0.632074
9BXU-J-D	Positive	0.0399198	0.96008
9BXU-U-T	Positive	0.0900257	0.909974
9GFM-H-O	Positive	0.336769	0.663231
9H9Q-E-C	Negative	0.57875	0.42125
9H9Q-F-C	Positive	0.118437	0.881563
9ASM-C-A	Positive	0.138521	0.861479
9CMW-C-D	Positive	0.225382	0.774618
9CXI-C-A	Positive	0.360773	0.639227
9CXI-D-A	Positive	0.423636	0.576364
9HZ5-C-B	Negative	0.53629	0.46371
9BVK-P-A	Positive	0.228631	0.771369
9FL8-F-B	Positive	0.0777349	0.922265
9FL8-G-C	Positive	0.0777349	0.922265
9C4S-B-A	Positive	0.062624	0.937376
9R8R-B-A	Negative	0.587917	0.412083
9KNT-B-A	Positive	0.3292	0.6708
9KNT-D-A	Positive	0.363917	0.636083
9DDO-Y-A	Positive	0.103299	0.896701
9DDO-Z-B	Positive	0.273378	0.726622
9DDO-F-C	Positive	0.0876146	0.912385
9KDF-A-R	Positive	0.0747569	0.925243
9C0K-P-R	Negative	0.730855	0.269145
9IVG-P-R	Positive	0.11986	0.88014
9RU5-P-A	Positive	0.172743	0.827257
9ARR-C-A	Positive	0.449389	0.550611
9J1K-J-K	Positive	0.422637	0.577363
9J1K-M-L	Positive	0.429398	0.570602
9IVD-E-B	Positive	0.15048	0.84952
9GJW-F-B	Positive	0.102574	0.897426
9LZW-D-A	Positive	0.0616975	0.938302
9LZW-F-C	Positive	0.0866738	0.913326
9LZW-J-G	Positive	0.111946	0.888054
9ME8-B-A	Positive	0.456375	0.543625
9CPN-H-A	Positive	0.252279	0.747721
9HE1-G-A	Positive	0.0487105	0.951289
9M2F-L-R	Positive	0.301682	0.698318
9I6A-B-A	Positive	0.0543795	0.94562
9NEI-G-A	Positive	0.0297277	0.970272
9FS8-Y-3	Negative	0.677406	0.322594
9FS8-e-D	Positive	0.0706994	0.929301
9GAS-B-A	Positive	0.0543164	0.945684
9E2Y-X-4	Negative	0.662852	0.337148
9MXC-E-A	Positive	0.0173641	0.982636
9J6K-B-A	Positive	0.138629	0.861371
9CFC-V-0	Positive	0.302086	0.697914
9FNN-V-A	Positive	0.251468	0.748532
9FNN-Z-A	Positive	0.257019	0.742981
9KPY-H-A	Positive	0.0338936	0.966106
9DBY-M-G	Positive	0.320794	0.679206
9DCY-B-A	Positive	0.0455246	0.954475
9IM6-B-A	Positive	0.303574	0.696426
9FIY-A-M	Positive	0.0743458	0.925654
9FJC-4-1	Positive	0.153974	0.846026
9IJX-B-A	Negative	0.611236	0.388764
9IJX-D-C	Negative	0.661243	0.338757
9IJX-F-C	Negative	0.669451	0.330549
9DDP-Y-A	Positive	0.289507	0.710493
9DDP-Z-B	Positive	0.269076	0.730924
9DDP-F-E	Positive	0.110396	0.889604
9FVI-P-A	Positive	0.397677	0.602323
9D34-C-A	Positive	0.0243935	0.975606
9H1Y-C-A	Positive	0.12359	0.87641
9MGZ-J-7	Negative	0.737631	0.262369
9F1I-P-H	Positive	0.306692	0.693308
9F1I-Q-I	Positive	0.28743	0.71257
9GMZ-H-A	Positive	0.437586	0.562414
9OLQ-C-A	Positive	0.0161699	0.98383
9OLQ-F-B	Positive	0.0232833	0.976717
9OLQ-I-G	Positive	0.0170197	0.98298
9OLQ-L-G	Positive	0.258841	0.741159
9OLQ-O-M	Positive	0.01957	0.98043
9ITV-X-H	Negative	0.846381	0.153619
9ITV-U-T	Positive	0.135479	0.864521
9ITV-V-Z	Negative	0.843768	0.156232
9ITV-Y-Z	Negative	0.729858	0.270142
9I5R-B-A	Positive	0.0319437	0.968056
9ILR-B-A	Negative	0.80602	0.19398
9H91-9-E	Positive	0.147943	0.852057
9H91-4-G	Positive	0.135622	0.864378
9H91-H-X	Positive	0.109506	0.890494
9DNP-C-A	Positive	0.025726	0.974274
9KQP-J-A	Negative	0.509171	0.490829
9KQP-M-B	Positive	0.0632141	0.936786
9K49-F-A	Positive	0.0743511	0.925649
9K49-G-A	Positive	0.461703	0.538297
9K49-H-A	Positive	0.0443951	0.955605
9GFC-E-A	Positive	0.210461	0.789539
9GFC-F-B	Positive	0.210461	0.789539
9GFC-G-C	Positive	0.128836	0.871164
9LDS-B-A	Positive	0.0592004	0.9408
9F5Y-v-V	Negative	0.800706	0.199294
9MUW-B-A	Positive	0.384726	0.615274
9MUW-F-A	Positive	0.13437	0.86563
9MUW-D-C	Negative	0.588624	0.411376
9MUW-E-C	Positive	0.251967	0.748033
9IKI-Z-N	Negative	0.762982	0.237018
9CWN-B-A	Positive	0.165988	0.834012
9L9P-B-S	Positive	0.141872	0.858128
9AU7-D-A	Positive	0.0511932	0.948807
9H3D-B-D	Positive	0.133865	0.866135
9H3D-C-D	Negative	0.636323	0.363677
9H3D-A-E	Negative	0.698898	0.301102
9H3D-H-J	Positive	0.0794158	0.920584
9H3D-I-J	Positive	0.372375	0.627625
9H3D-G-K	Positive	0.245435	0.754565
9DEN-D-B	Positive	0.284213	0.715787
9DEN-C-A	Positive	0.319471	0.680529
9G8H-Q-A	Positive	0.0767163	0.923284
9QNI-P-A	Positive	0.0725697	0.92743
9CDU-B-A	Positive	0.325771	0.674229
9F5W-M-G	Positive	0.0520715	0.947929
9DNQ-C-A	Positive	0.0447369	0.955263
9CC6-B-A	Positive	0.158363	0.841637
9J7B-G-A	Positive	0.222266	0.777734
9CQ4-A-K	Negative	0.760705	0.239295
9CQ4-B-K	Positive	0.0418422	0.958158
9CQ4-Y-K	Positive	0.199859	0.800141
9CQ4-Z-K	Positive	0.113012	0.886988
9HDH-C-A	Negative	0.884229	0.115771
9H8T-h-A	Positive	0.486062	0.513938
9HIU-C-A	Positive	0.0497646	0.950235
9E03-B-A	Positive	0.181562	0.818438
9F3F-3-1	Positive	0.120127	0.879873
9BPB-J-A	Positive	0.197226	0.802774
9BPB-i-a	Negative	0.564332	0.435668
9BPB-l-a	Negative	0.635293	0.364707
9JF5-E-A	Positive	0.350229	0.649771
9JF5-F-A	Positive	0.334398	0.665602
9JF5-H-A	Positive	0.334398	0.665602
9JF5-G-C	Positive	0.350229	0.649771
9CKU-H-G	Positive	0.068039	0.931961
9IWK-B-A	Positive	0.0180533	0.981947
9IWK-D-C	Positive	0.010276	0.989724
9G13-B-A	Positive	0.0158448	0.984155
9G13-H-E	Positive	0.0148051	0.985195
9D95-C-A	Positive	0.197725	0.802275
9J0A-C-A	Positive	0.101954	0.898046
9BYK-J-A	Negative	0.510321	0.489679
9BYK-I-G	Negative	0.767749	0.232251
9BYK-8-M	Positive	0.132809	0.867191
9BYK-i-M	Negative	0.750154	0.249846
9BYK-T-b	Positive	0.271728	0.728272
9BYK-e-b	Negative	0.662953	0.337047
9J1P-P-R	Negative	0.761136	0.238864
9E04-B-A	Negative	0.644932	0.355068
9E04-G-A	Positive	0.366944	0.633056
9IOL-M-A	Positive	0.149286	0.850714
9DWZ-B-A	Negative	0.722124	0.277876
9C57-H-E	Negative	0.543065	0.456935
9D4Z-G-B	Negative	0.789508	0.210492
9NKI-e-V	Positive	0.154306	0.845694
9GD3-T-C	Positive	0.228272	0.771728
9BBC-X-A	Positive	0.202349	0.797651
9BBC-Y-A	Positive	0.388145	0.611855
9B45-a-d	Positive	0.0418799	0.95812
9C7X-C-A	Negative	0.603121	0.396879
9MU2-F-E	Positive	0.035721	0.964279
9MU2-M-P	Positive	0.414047	0.585953
9MU2-N-P	Positive	0.127237	0.872763
9DHK-C-A	Positive	0.131732	0.868268
9IVM-P-R	Positive	0.148035	0.851965
9HN4-A-B	Positive	0.210687	0.789313
9DI4-C-A	Positive	0.244928	0.755072
9CK0-B-A	Positive	0.061871	0.938129
9BCT-P-B	Negative	0.592161	0.407839
9HJ1-C-A	Positive	0.108212	0.891788
9CLF-B-A	Negative	0.810588	0.189412
9CLF-C-A	Positive	0.0805766	0.919423
9ISZ-E-A	Positive	0.326509	0.673491
9ISZ-F-B	Positive	0.139115	0.860885
9BRR-p-b	Positive	0.40507	0.59493
9CDT-B-A	Positive	0.0266838	0.973316
9DEL-C-A	Positive	0.324556	0.675444
9GGP-B-A	Positive	0.495498	0.504502
9FD2-c-b	Negative	0.631272	0.368728
9QA1-B-A	Positive	0.0236178	0.976382
9ITX-Y-Z	Positive	0.176627	0.823373
9ITX-V-Z	Negative	0.676977	0.323023
9ITX-X-T	Positive	0.39374	0.60626
9ITX-U-T	Positive	0.397769	0.602231
9E6N-G-A	Positive	0.0368454	0.963155
9E6N-I-C	Positive	0.0439936	0.956006
9DSO-C-B	Positive	0.0388778	0.961122
9DEO-D-A	Positive	0.482833	0.517167
9B85-q-A	Positive	0.271614	0.728386
9B85-p-B	Negative	0.575635	0.424365
9CI8-b-d	Negative	0.601308	0.398692
9CI8-n-d	Positive	0.359879	0.640121
9EZN-B-A	Positive	0.215238	0.784762
9QA4-B-A	Positive	0.00582317	0.994177
9KC5-J-A	Positive	0.398879	0.601121
9KC5-M-B	Positive	0.0423066	0.957693
9KND-B-A	Positive	0.139088	0.860912
9MZH-B-E	Negative	0.571973	0.428027
9MZH-C-E	Positive	0.493665	0.506335
9MZH-D-E	Negative	0.652543	0.347457
9F82-B-A	Positive	0.124151	0.875849
9QNJ-P-A	Positive	0.0751089	0.924891
9H1P-B-A	Positive	0.187314	0.812686
9AZ6-I-A	Positive	0.328088	0.671912
9AZ6-G-B	Positive	0.322799	0.677201
9EOU-P-A	Positive	0.0275665	0.972433
9BLT-D-A	Negative	0.643228	0.356772
9LUB-F-A	Negative	0.61178	0.38822
9LUB-G-A	Negative	0.548475	0.451525
9IJM-A-C	Negative	0.65714	0.34286
9FGQ-L-C	Positive	0.373021	0.626979
9QWZ-D-B	Positive	0.278827	0.721173
9B3J-I-3	Positive	0.0275012	0.972499
9B3J-Q-K	Negative	0.539581	0.460419
9KR6-C-A	Positive	0.100163	0.899837
9GG8-P-A	Positive	0.311349	0.688651
9QWO-E-A	Positive	0.00997922	0.990021
9QWO-G-A	Positive	0.0382515	0.961748
9QWO-F-C	Positive	0.00701603	0.992984
9GAG-B-A	Positive	0.11186	0.88814
9NK9-B-A	Positive	0.0344074	0.965593
9CNU-B-A	Positive	0.0577272	0.942273
9ASF-C-A	Positive	0.144668	0.855332
9G05-C-A	Positive	0.0254388	0.974561
9CKN-E-A	Positive	0.0844309	0.915569
9E8N-e-Y	Positive	0.292833	0.707167
9G4A-B-A	Positive	0.287381	0.712619
9FVL-E-A	Positive	0.0975769	0.902423
9CMT-C-A	Positive	0.30199	0.69801
9ETM-G-A	Positive	0.355848	0.644152
9ETM-I-A	Positive	0.0158984	0.984102
9ETM-E-A	Positive	0.342337	0.657663
9ETM-C-A	Negative	0.731476	0.268524
9MH0-I-2	Negative	0.686125	0.313875
9IS4-t-1	Positive	0.0829842	0.917016
9IS4-L-A	Positive	0.0676355	0.932365
9IS4-V-C	Positive	0.130389	0.869611
9IS4-X-D	Positive	0.380418	0.619582
9I68-B-A	Positive	0.0421777	0.957822
9NEC-G-A	Positive	0.0500423	0.949958
9NEC-H-B	Positive	0.463531	0.536469
9F58-P-S	Positive	0.0468945	0.953106
9CH0-D-A	Negative	0.504101	0.495899
9KFI-B-C	Positive	0.137822	0.862178
9KFI-A-C	Positive	0.102316	0.897684
9G43-Q-A	Positive	0.100901	0.899099
9G3Z-w-M	Positive	0.0816006	0.918399
9G3Z-x-M	Positive	0.0821454	0.917855
9ILT-I-A	Negative	0.584611	0.415389
9CYY-A-B	Positive	0.40804	0.59196
9CYY-D-B	Positive	0.436364	0.563636
9HGG-B-A	Positive	0.243725	0.756275
9DNY-D-C	Positive	0.128309	0.871691
9J2F-J-H	Positive	0.3425	0.6575
9J2F-G-A	Positive	0.038548	0.961452
9J2F-F-B	Negative	0.691236	0.308764
9J2F-2-X	Negative	0.691236	0.308764
9D82-P-A	Positive	0.129909	0.870091
9D82-M-E	Positive	0.499493	0.500507
9D82-J-F	Positive	0.308169	0.691831
9HCG-z-L	Negative	0.578349	0.421651
9EIJ-L-F	Negative	0.582898	0.417102
9EIJ-P-I	Negative	0.596329	0.403671
9AX9-C-A	Positive	0.213853	0.786147
9GF9-G-A	Positive	0.18198	0.81802
9GF9-I-A	Positive	0.18198	0.81802
9GF9-L-D	Positive	0.0662631	0.933737
9C4V-B-A	Positive	0.0342571	0.965743
9GG7-P-A	Positive	0.428426	0.571574
9GC0-E-j	Negative	0.544934	0.455066
9EJG-C-A	Positive	0.454356	0.545644
9HGD-B-A	Positive	0.104784	0.895216
9ITO-V-P	Negative	0.620397	0.379603
9BAN-C-B	Positive	0.0646033	0.935397
9ES9-F-C	Negative	0.530848	0.469152
9BWD-R-B	Negative	0.599905	0.400095
9BWD-f-U	Negative	0.588537	0.411463
9G0A-X-Z	Positive	0.0298803	0.97012
9IMP-G-A	Positive	0.100643	0.899357
9IMP-H-B	Positive	0.140569	0.859431
9IMP-I-C	Positive	0.0237358	0.976264
9IMP-L-F	Positive	0.0256445	0.974355
9CLE-B-A	Positive	0.174725	0.825275
9CLE-C-A	Positive	0.0543579	0.945642
9BYH-C-A	Positive	0.396647	0.603353
9F0O-L-C	Positive	0.361123	0.638877
9AVT-C-A	Positive	0.165717	0.834283
9E07-F-A	Positive	0.0969025	0.903097
9FNO-C-D	Positive	0.396075	0.603925
9EZ4-C-A	Positive	0.223387	0.776613
9B0B-G-A	Positive	0.0833649	0.916635
9HLJ-C-D	Positive	0.199399	0.800601
9JYY-a-M	Positive	0.332595	0.667405
9JYY-b-M	Positive	0.171563	0.828437
9HN0-A-B	Positive	0.187798	0.812202
9QEH-1-3	Negative	0.724648	0.275352
9QEH-Z-L	Negative	0.785422	0.214578
9EJH-C-A	Positive	0.308216	0.691784
9MVY-P-A	Positive	0.283743	0.716257
9MVY-G-D	Positive	0.319673	0.680327
9D3K-L-C	Positive	0.42903	0.57097
9D3K-K-G	Negative	0.80602	0.19398
9KQQ-J-A	Negative	0.531893	0.468107
9KQQ-G-B	Negative	0.828217	0.171783
9KQQ-M-B	Positive	0.0632141	0.936786
9U4W-F-R	Positive	0.14722	0.85278
9CXG-C-A	Positive	0.360773	0.639227
9CXG-D-A	Positive	0.423636	0.576364
9QM9-D-A	Positive	0.122075	0.877925
9BW1-y-M	Positive	0.0624824	0.937518
9BW1-a-T	Positive	0.19866	0.80134
9N7Y-E-A	Positive	0.331604	0.668396
9BX7-P-H	Positive	0.29848	0.70152
9L49-C-A	Positive	0.0285762	0.971424
9EG6-C-B	Positive	0.485687	0.514313
9EG6-E-D	Positive	0.491172	0.508828
9PAI-B-A	Negative	0.61078	0.38922
9G0B-D-A	Positive	0.437995	0.562005
9EPR-G-B	Negative	0.804763	0.195237
9ISK-I-G	Positive	0.290572	0.709428
9DD1-B-A	Positive	0.0313745	0.968625
9ES7-G-A	Positive	0.158844	0.841156
9KQB-F-A	Positive	0.223712	0.776288
9KQB-I-A	Negative	0.849741	0.150259
9KQB-L-A	Negative	0.680345	0.319655
9KQB-T-A	Positive	0.213677	0.786323
9KQB-W-A	Positive	0.0662921	0.933708
9KQB-N-B	Positive	0.0323513	0.967649
9KQB-f-a	Positive	0.223712	0.776288
9KQB-w-a	Positive	0.0662921	0.933708
9KQB-n-b	Positive	0.0323513	0.967649
9KQB-K-C	Negative	0.797839	0.202161
9J64-J-A	Negative	0.715333	0.284667
9D9S-D-A	Negative	0.676446	0.323554
9C7D-B-H	Positive	0.0745227	0.925477
9E02-F-E	Negative	0.821045	0.178955
9EYA-C-A	Positive	0.33258	0.66742
9DG3-M-G	Negative	0.819613	0.180387
9GFE-B-A	Positive	0.0949209	0.905079
9JER-F-A	Positive	0.350229	0.649771
9CQB-D-A	Positive	0.350603	0.649397
9E5E-B-A	Positive	0.0411847	0.958815
9GCX-I-A	Negative	0.516027	0.483973
9GCX-K-A	Positive	0.496004	0.503996
9UL1-C-A	Positive	0.492606	0.507394
9ED0-h-C	Negative	0.685841	0.314159
9BI6-G-B	Negative	0.548706	0.451294
9OJR-H-A	Positive	0.256455	0.743545
9E8L-e-V	Positive	0.292833	0.707167
9BUI-e-V	Positive	0.208431	0.791569
9VD9-m-B	Positive	0.211818	0.788182
9VD9-n-B	Positive	0.161937	0.838063
9VD9-p-D	Positive	0.430257	0.569743
9VD9-o-Q	Positive	0.191859	0.808141
9LZL-D-A	Positive	0.109297	0.890703
9LZL-E-B	Positive	0.0302422	0.969758
9I8G-Q-U	Negative	0.520359	0.479641
9K2V-O-V	Positive	0.0728722	0.927128
9ITQ-X-T	Negative	0.778084	0.221916
9ITQ-U-T	Positive	0.420246	0.579754
9ITQ-Y-Z	Positive	0.278818	0.721182
9ITQ-V-Z	Positive	0.261009	0.738991
9DZN-C-A	Positive	0.18241	0.81759
9J5S-C-A	Positive	0.223287	0.776713
9J5S-D-B	Positive	0.240685	0.759315
9KNF-C-A	Positive	0.0651439	0.934856
9IRC-B-A	Negative	0.700731	0.299269
9J0O-X-A	Positive	0.162514	0.837486
9O91-B-A	Positive	0.130501	0.869499
9LGU-B-A	Positive	0.144375	0.855625
9LGU-H-A	Positive	0.154656	0.845344
9LGU-M-A	Positive	0.144375	0.855625
9KNC-C-A	Positive	0.100152	0.899848
9JAO-K-C	Positive	0.163786	0.836214
9QAJ-K-C	Positive	0.221277	0.778723
9QAJ-N-C	Positive	0.0122962	0.987704
9IXU-E-A	Positive	0.219147	0.780853
9IXU-F-A	Positive	0.161546	0.838454
9LXG-B-A	Positive	0.191336	0.808664
9QNH-P-A	Positive	0.191086	0.808914
9DDE-M-G	Negative	0.841221	0.158779
9J7I-B-A	Positive	0.0599859	0.940014
9VM1-D-C	Positive	0.106732	0.893268
9CNX-G-A	Positive	0.330992	0.669008
9IWM-B-A	Positive	0.154484	0.845516
9DJT-F-D	Positive	0.0349154	0.965085
9EH5-J-A	Negative	0.508026	0.491974
9EH5-Y-C	Positive	0.253026	0.746974
9CQD-T-B	Negative	0.595548	0.404452
9CQD-A-G	Negative	0.55068	0.44932
9CQD-j-I	Positive	0.0682499	0.93175
9CQD-M-J	Negative	0.576243	0.423757
9CQD-N-Q	Positive	0.331233	0.668767
9EJI-C-A	Positive	0.0652288	0.934771
9OUW-H-D	Positive	0.0650494	0.934951
9UGP-B-A	Positive	0.133826	0.866174
9VXG-B-A	Positive	0.484449	0.515551
9CB3-C-A	Positive	0.0699946	0.930005
9HBV-E-D	Negative	0.639844	0.360156
9LKX-K-J	Positive	0.214723	0.785277
9IOX-T-A	Positive	0.0783121	0.921688
9IOX-M-B	Positive	0.148212	0.851788
9IOX-V-C	Negative	0.507305	0.492695
9IOX-f-a	Negative	0.63232	0.36768
9BKD-U-L	Negative	0.631119	0.368881
9B9Q-F-A	Positive	0.0479828	0.952017
9GAP-B-A	Positive	0.0428569	0.957143
9QLM-B-A	Positive	0.144101	0.855899
9MIY-b-A	Positive	0.153641	0.846359
9EAF-C-A	Positive	0.20551	0.79449
9EAF-D-A	Positive	0.228922	0.771078
9FQL-C-A	Positive	0.339285	0.660715
9FQL-G-E	Positive	0.339285	0.660715
9FQL-H-E	Positive	0.110617	0.889383
9C59-Y-M	Positive	0.492428	0.507572
9I7T-G-C	Positive	0.463124	0.536876
9I7T-E-A	Positive	0.0953864	0.904614
9C3E-X-A	Positive	0.102852	0.897148
9G6V-A-1	Positive	0.105937	0.894063
9J78-E-B	Positive	0.0178923	0.982108
9J78-I-J	Positive	0.0254538	0.974546
9JU1-C-A	Negative	0.850405	0.149595
9DNZ-D-C	Positive	0.158276	0.841724
9RGB-A-D	Positive	0.228892	0.771108
9FH9-L-C	Positive	0.0211086	0.978891
9QX0-C-A	Positive	0.122177	0.877823
9FXV-B-A	Positive	0.013883	0.986117
9GAV-G-B	Positive	0.162574	0.837426
9NZH-B-A	Negative	0.643486	0.356514
9E3B-N-A	Positive	0.0503218	0.949678
9GC2-N-A	Positive	0.0188807	0.981119
9B2U-E-K	Negative	0.592627	0.407373
9B40-G-A	Negative	0.661453	0.338547
9FM5-D-A	Positive	0.0472455	0.952754
9GR0-F-B	Positive	0.432062	0.567938
9EB6-C-A	Positive	0.357576	0.642424
9GE3-G-B	Negative	0.543867	0.456133
9QNG-B-A	Positive	0.177891	0.822109
9ILD-B-A	Negative	0.887127	0.112873
9GF6-H-O	Positive	0.329876	0.670124
9FP2-V-E	Negative	0.562853	0.437147
9G8R-E-B	Positive	0.0153979	0.984602
9FVH-P-A	Positive	0.268443	0.731557
9CDZ-B-A	Positive	0.20823	0.79177
9MU9-L-B	Negative	0.705108	0.294892
9D3L-L-C	Positive	0.326261	0.673739
9AST-L-R	Positive	0.258363	0.741637
9BNS-C-H	Positive	0.354925	0.645075
9BNS-D-H	Positive	0.309452	0.690548
9CWT-K-A	Negative	0.680641	0.319359
9FVN-P-A	Positive	0.375992	0.624008
9BJZ-C-A	Negative	0.757472	0.242528
9FZA-D-A	Negative	0.53961	0.46039
9JNI-B-A	Positive	0.0221667	0.977833
9FUM-F-A	Positive	0.10676	0.89324
9FUM-E-B	Positive	0.147658	0.852342
9C96-D-A	Positive	0.0788247	0.921175
9G40-X-F	Negative	0.641667	0.358333
9G40-u-F	Positive	0.0210528	0.978947
9N49-F-G	Positive	0.100586	0.899414
9F6S-B-A	Positive	0.0384011	0.961599
9IMN-F-A	Negative	0.63232	0.36768
9IMN-V-C	Negative	0.507305	0.492695
9C1C-D-B	Positive	0.0735945	0.926406
9JJ7-C-A	Positive	0.197947	0.802053
9CYM-P-A	Positive	0.0594016	0.940598
9GFA-P-A	Positive	0.19645	0.80355
9HFW-B-A	Positive	0.0143811	0.985619
9UGC-B-A	Positive	0.0586928	0.941307
9ESI-n-m	Negative	0.867635	0.132365
9MNW-F-D	Negative	0.547153	0.452847
9KN3-C-A	Positive	0.408497	0.591503
9K3Q-E-H	Positive	0.498778	0.501222
9ERV-B-A	Negative	0.573613	0.426387
9HM9-F-C	Positive	0.346284	0.653716
9OJ3-B-A	Positive	0.089668	0.910332
9QA3-B-A	Positive	0.0688949	0.931105
9DY8-C-A	Positive	0.0277471	0.972253
9ILS-B-A	Positive	0.250886	0.749114
9JO6-B-A	Positive	0.304772	0.695228
9GMC-B-A	Negative	0.748557	0.251443
9GMC-D-A	Positive	0.202705	0.797295
9L4A-C-A	Positive	0.178678	0.821322
9KNG-C-A	Negative	0.638953	0.361047
9DJ8-G-A	Positive	0.0234949	0.976505
9FE6-E-B	Positive	0.117811	0.882189
9OP5-A-a	Positive	0.315041	0.684959
9F6H-L-B	Negative	0.606265	0.393735
9CGC-Y-R	Positive	0.218259	0.781741
9FCM-D-A	Positive	0.0923708	0.907629
9FCM-E-A	Positive	0.403645	0.596355
9FCM-F-B	Positive	0.377905	0.622095
9HN5-B-A	Positive	0.348324	0.651676
9LH0-A-B	Negative	0.871563	0.128437
9QNL-B-A	Positive	0.0404851	0.959515
9CCE-D-A	Positive	0.14975	0.85025
9CCE-C-B	Positive	0.0302071	0.969793
9KD5-C-A	Positive	0.0835696	0.91643
9QWU-C-A	Positive	0.0620351	0.937965
9BUR-B-A	Negative	0.914525	0.0854746
9NO7-z-5	Positive	0.110815	0.889185
9G6G-J-A	Positive	0.167272	0.832728
9EIH-U-G	Negative	0.615841	0.384159
9EIH-T-I	Negative	0.693343	0.306657
9EIH-V-J	Negative	0.663587	0.336413
9GD2-T-C	Positive	0.188775	0.811225
9GD2-S-Q	Negative	0.819364	0.180636
9D3M-K-C	Positive	0.0642114	0.935789
9D3M-L-G	Positive	0.0640701	0.93593
9ASG-C-A	Positive	0.303846	0.696154
9BVM-P-A	Negative	0.533156	0.466844
9DPL-D-A	Positive	0.309419	0.690581
9DNR-C-A	Positive	0.0158262	0.984174
9FIW-A-M	Positive	0.183973	0.816027
9HGH-B-A	Positive	0.0922506	0.907749
9H9P-C-M	Negative	0.658602	0.341398
9BP1-I-A	Positive	0.0989151	0.901085
9GAQ-B-A	Positive	0.0353082	0.964692
9BT7-C-A	Positive	0.0168438	0.983156
9G5J-E-A	Positive	0.161316	0.838684
9G5J-G-A	Positive	0.161316	0.838684
9DHZ-C-A	Positive	0.118925	0.881075
9QH3-D-A	Positive	0.304704	0.695296
9ITF-B-C	Negative	0.833025	0.166975
9VWT-B-A	Positive	0.22397	0.77603
9PMW-C-A	Positive	0.208391	0.791609
9PMW-D-A	Positive	0.341429	0.658571
9PMW-E-A	Positive	0.0823837	0.917616
9MH1-J-7	Negative	0.737631	0.262369
9MH1-H-B	Positive	0.231099	0.768901
9C9I-B-A	Negative	0.740527	0.259473
9C9I-D-C	Positive	0.153212	0.846788
9C9I-H-G	Positive	0.165846	0.834154
9I8V-B-C	Positive	0.0710515	0.928948
9GRX-j-a	Negative	0.684632	0.315368
9KI1-h-G	Positive	0.282005	0.717995
9CNZ-H-A	Positive	0.248838	0.751162
9FJ3-C-A	Positive	0.0328813	0.967119
9B9L-C-A	Positive	0.181213	0.818787
9QA0-B-A	Positive	0.0415593	0.958441
9EX5-E-A	Positive	0.0569353	0.943065
9EX5-G-A	Positive	0.248016	0.751984
9EX5-D-B	Positive	0.121021	0.878979
9GMO-0-F	Positive	0.263845	0.736155
9RPD-I-J	Positive	0.0274733	0.972527
9RPD-K-J	Positive	0.0336517	0.966348
9AUC-P-E	Negative	0.833064	0.166936
9C79-D-H	Positive	0.0925965	0.907404
9VEI-C-A	Negative	0.811194	0.188806
9DEK-C-A	Negative	0.760804	0.239196
9B5Y-L-R	Positive	0.297228	0.702772
9JJ8-j-a	Positive	0.49498	0.50502
9JJ8-m-b	Positive	0.160458	0.839542
9G8S-x-r	Positive	0.129412	0.870588
9GJP-F-B	Negative	0.581153	0.418847
9DLX-I-A	Positive	0.245587	0.754413
9DLX-H-B	Positive	0.315139	0.684861
9NIG-P-A	Positive	0.187684	0.812316
9NIG-G-C	Positive	0.361907	0.638093
9F6Y-B-A	Positive	0.0733766	0.926623
9UGB-C-B	Positive	0.0168837	0.983116
9QWP-D-C	Negative	0.698168	0.301832
9VN5-C-A	Positive	0.322356	0.677644
9HGC-B-A	Positive	0.103927	0.896073
9GHK-Q-A	Positive	0.268443	0.731557
9J1M-4-G	Positive	0.423227	0.576773
9BYO-P-R	Positive	0.282444	0.717556
9JA1-D-G	Positive	0.0240571	0.975943
9GTU-A-C	Positive	0.220683	0.779317
9IZ2-C-A	Positive	0.0940767	0.905923
9GOB-F-C	Positive	0.30038	0.69962
9C9O-C-B	Positive	0.0968399	0.90316
9LR9-b-A	Positive	0.396704	0.603296
9LR9-d-A	Positive	0.161973	0.838027
9LR9-L-D	Negative	0.590222	0.409778
9LR9-S-D	Negative	0.552045	0.447955
9LR9-T-D	Positive	0.0845207	0.915479
9LR9-U-D	Positive	0.37891	0.62109
9LR9-E-F	Positive	0.113258	0.886742
9LR9-a-G	Positive	0.352342	0.647658
9LR9-c-G	Positive	0.169461	0.830539
9LR9-B-H	Positive	0.27591	0.72409
9LR9-Z-H	Negative	0.711418	0.288582
9HFU-D-A	Positive	0.0753345	0.924665
9OCF-D-A	Positive	0.421595	0.578405
9DOM-H-G	Positive	0.150859	0.849141
9GY6-L-A	Positive	0.424993	0.575007
9M4F-I-1	Negative	0.713147	0.286853
9M4F-M-1	Positive	0.150657	0.849343
9ASO-B-A	Positive	0.0885894	0.911411
9CIA-m-e	Negative	0.562739	0.437261
9CIA-n-f	Positive	0.113178	0.886822
9CIA-b-d	Negative	0.681966	0.318034
9B8P-O-C	Negative	0.743054	0.256946
9BTW-P-R	Negative	0.590906	0.409094
9I5X-5-7	Negative	0.813386	0.186614
9I5X-8-P	Positive	0.0842619	0.915738
9I5X-6-W	Positive	0.172454	0.827546
9JHJ-C-B	Negative	0.582966	0.417034
9MGW-I-2	Negative	0.686125	0.313875
9EXT-D-A	Positive	0.0365302	0.96347
9EXT-G-A	Positive	0.0317739	0.968226
9NEG-I-A	Positive	0.0567861	0.943214
9NEG-J-B	Positive	0.0591186	0.940881
9CJK-H-D	Positive	0.0287082	0.971292
9FT9-B-A	Positive	0.178699	0.821301
9HB3-A-R	Negative	0.629107	0.370893
9FMS-D-A	Positive	0.036465	0.963535
9CB7-Z-Q	Positive	0.0943295	0.90567
9M1O-L-R	Negative	0.507783	0.492217
9DUN-E-A	Positive	0.182398	0.817602
9DUN-F-B	Positive	0.37817	0.62183
9CQA-A-E	Positive	0.0688247	0.931175
9NWE-E-A	Positive	0.0501633	0.949837
9NWE-F-B	Positive	0.0532053	0.946795
9J54-B-A	Positive	0.033189	0.966811
9J54-D-C	Positive	0.0320585	0.967942
9DUJ-B-A	Positive	0.0121533	0.987847
9CF8-V-0	Positive	0.0944959	0.905504
9MQ5-B-A	Positive	0.134884	0.865116
9D97-C-A	Positive	0.112636	0.887364
9IWJ-E-A	Positive	0.0140502	0.98595
9IWJ-G-B	Positive	0.0169838	0.983016
9IWJ-H-D	Positive	0.0218693	0.978131
9G1V-D-A	Negative	0.689151	0.310849
9ITM-U-T	Negative	0.683383	0.316617
9IF9-C-B	Positive	0.26624	0.73376
9BLI-C-A	Positive	0.485487	0.514513
9N0Z-D-B	Negative	0.75725	0.24275
9UGQ-E-B	Positive	0.28716	0.71284
9CS1-C-A	Negative	0.626792	0.373208
9C8D-M-A	Negative	0.768757	0.231243
9ARO-F-A	Positive	0.215034	0.784966
9HFV-B-A	Positive	0.0977907	0.902209
9HFL-N-A	Positive	0.155831	0.844169
9DEM-G-A	Positive	0.0867939	0.913206
9KKU-C-A	Negative	0.751262	0.248738
9LK4-M-A	Positive	0.133193	0.866807
9LK4-F-D	Negative	0.794587	0.205413
9LK4-f-d	Negative	0.794587	0.205413
9RFU-C-E	Positive	0.228892	0.771108
9CFD-P-H	Positive	0.389848	0.610152
9D80-F-D	Negative	0.541803	0.458197
9E0J-R-G	Negative	0.605966	0.394034
9E0J-M-G	Positive	0.12366	0.87634
9E0J-I-S	Positive	0.0730105	0.92699
9E0J-j-a	Negative	0.605966	0.394034
9BLX-I-H	Positive	0.0925703	0.90743
9BV2-y-f	Positive	0.202174	0.797826
9F79-C-A	Positive	0.0656302	0.93437
9CUY-W-X	Positive	0.32753	0.67247
9QA2-B-A	Positive	0.033218	0.966782
9B0A-C-A	Negative	0.582456	0.417544
9E82-B-R	Positive	0.304534	0.695466
9E2P-B-A	Negative	0.730779	0.269221
9AVF-B-A	Positive	0.104902	0.895098
9AVF-D-C	Positive	0.359306	0.640694
9CC5-B-A	Positive	0.348833	0.651167
9M0R-L-R	Negative	0.54017	0.45983
9GM3-B-A	Negative	0.748109	0.251891
9GM3-D-A	Positive	0.275259	0.724741
9IKQ-C-A	Negative	0.630243	0.369757
9IKQ-D-A	Negative	0.63638	0.36362
9RV5-B-A	Positive	0.157744	0.842256
9EW5-C-A	Positive	0.412131	0.587869
9G9T-L-A	Positive	0.0784991	0.921501
9G9T-l-C	Positive	0.0784991	0.921501
9CL8-C-A	Positive	0.115615	0.884385
9DLZ-H-C	Positive	0.0401966	0.959803
9D2F-Y-L	Negative	0.762821	0.237179
9D2F-Z-M	Negative	0.743723	0.256277
9ES8-Q-A	Positive	0.0728388	0.927161
9GV6-C-A	Positive	0.171902	0.828098
9M54-L-R	Negative	0.692864	0.307136
9IP3-E-A	Positive	0.102933	0.897067
9IP3-D-B	Positive	0.116813	0.883187
9QT5-7-M	Positive	0.0464198	0.95358
9QT5-5-D	Positive	0.0863557	0.913644
9QT5-3-Q	Negative	0.633178	0.366822
9QT5-G-X	Positive	0.429335	0.570665
9QT5-4-6	Negative	0.658507	0.341493
9B1P-F-A	Positive	0.0105301	0.98947
9BVP-P-A	Positive	0.111605	0.888395
9IUZ-C-B	Negative	0.833765	0.166235
9C19-F-C	Positive	0.0436788	0.956321
9QDI-I-C	Negative	0.673569	0.326431
9QDI-J-D	Positive	0.430257	0.569743
9C50-E-B	Positive	0.139938	0.860062
9GMB-J-C	Positive	0.119728	0.880272
9GMB-I-E	Negative	0.597238	0.402762
9ATN-B-A	Positive	0.054336	0.945664
9UPZ-D-A	Positive	0.144633	0.855367
9QEG-Z-L	Negative	0.767176	0.232824
9GVH-A-B	Positive	0.29718	0.70282
9J8U-C-A	Positive	0.460149	0.539851
9BKX-d-D	Positive	0.0677148	0.932285
9BKX-g-G	Positive	0.0506878	0.949312
9BKX-h-H	Positive	0.0337189	0.966281
9BKX-i-I	Positive	0.0410577	0.958942
9BKX-p-P	Positive	0.193945	0.806055
9BKX-r-R	Positive	0.0654951	0.934505
9BKX-t-T	Positive	0.0154302	0.98457
9HIW-C-A	Positive	0.129435	0.870565
9NPX-j-A	Positive	0.321744	0.678256
9NPX-B-A	Negative	0.617188	0.382812
9NPX-e-I	Positive	0.106818	0.893182
9EH2-l-M	Positive	0.166178	0.833822
9J5E-B-A	Positive	0.124173	0.875827
9H1G-C-A	Negative	0.520966	0.479034
9LKY-K-J	Negative	0.701879	0.298121
9EBO-P-R	Positive	0.146494	0.853506
9V6Z-A-B	Negative	0.854972	0.145028
9BV3-e-V	Positive	0.191399	0.808601
9FEB-E-A	Positive	0.118416	0.881584
9NED-G-A	Positive	0.0602789	0.939721
9NED-H-A	Negative	0.852144	0.147856
9L6B-C-A	Positive	0.197284	0.802716
9B0X-J-B	Positive	0.255338	0.744662
9HDK-C-A	Negative	0.780253	0.219747
9BLW-P-E	Negative	0.590906	0.409094
9JLB-B-A	Negative	0.770213	0.229787
9EYT-E-A	Positive	0.248488	0.751512
9EYT-G-A	Positive	0.266329	0.733671
9EXU-D-A	Positive	0.331781	0.668219
9GLQ-A-C	Positive	0.170752	0.829248
9GLQ-B-C	Positive	0.236441	0.763559
9CXH-D-A	Positive	0.285341	0.714659
9CXH-C-A	Positive	0.311337	0.688663
9AVW-C-A	Positive	0.111815	0.888185
9AU4-S-G	Positive	0.369296	0.630704
9GC4-D-A	Positive	0.125216	0.874784
9E01-G-B	Positive	0.231997	0.768003
9BUE-P-R	Positive	0.331407	0.668593
9DBN-B-A	Positive	0.294075	0.705925
9OA2-U-A	Positive	0.0240612	0.975939
9OA2-X-D	Positive	0.246964	0.753036
9B12-J-E	Positive	0.0833649	0.916635
9FNH-X-A	Positive	0.128616	0.871384
9VEC-C-J	Negative	0.694337	0.305663
9KFK-B-R	Negative	0.654341	0.345659
9CPF-E-A	Positive	0.0818597	0.91814
9LAF-A-C	Positive	0.336305	0.663695
9FOF-r-q	Negative	0.668334	0.331666
9PN0-C-A	Positive	0.091895	0.908105
9IIU-J-A	Negative	0.625369	0.374631
9IIU-T-A	Positive	0.259858	0.740142
9IUE-2-5	Positive	0.40528	0.59472
9P1C-A-B	Positive	0.109432	0.890568
9L1X-L-A	Positive	0.106393	0.893607
9QWS-C-A	Positive	0.0725108	0.927489
9GXG-F-A	Positive	0.454918	0.545082
9GXG-G-A	Positive	0.146763	0.853237
9E06-B-A	Negative	0.729954	0.270046
9GMD-D-C	Negative	0.703885	0.296115
9DTR-G-T	Positive	0.167057	0.832943
9MUX-D-A	Positive	0.0122046	0.987795
9G3Y-o-A	Positive	0.0505168	0.949483
9G3Y-s-D	Positive	0.0384987	0.961501
9C66-B-A	Positive	0.180938	0.819062
9EB5-D-A	Positive	0.0492221	0.950778
9Q8Y-G-D	Positive	0.183026	0.816974
9BCQ-C-A	Positive	0.145816	0.854184
9BVQ-P-A	Positive	0.129769	0.870231
9ITZ-U-T	Negative	0.748058	0.251942
9ITZ-X-T	Positive	0.15151	0.84849
9QNK-P-A	Positive	0.27379	0.72621
9IRK-B-C	Negative	0.571002	0.428998
9C1D-C-B	Positive	0.0356611	0.964339
9GY8-B-A	Positive	0.0202121	0.979788
9EXF-E-A	Positive	0.0577669	0.942233
9EXF-F-B	Positive	0.0721579	0.927842
9EXF-J-B	Positive	0.0563022	0.943698
9EXF-O-B	Positive	0.0977336	0.902266
9EXF-N-D	Positive	0.100618	0.899382
9DEP-C-A	Positive	0.262721	0.737279
9DEP-D-A	Positive	0.219993	0.780007
9DD3-B-A	Positive	0.0252317	0.974768
9D2B-G-F	Negative	0.618693	0.381307
9D2B-H-F	Positive	0.055479	0.944521
9N0Y-D-B	Positive	0.0742066	0.925793
9C7T-D-B	Positive	0.295781	0.704219
9LBT-C-A	Positive	0.22008	0.77992
9GV7-C-A	Positive	0.0863111	0.913689
9KD4-C-A	Positive	0.127852	0.872148
9IZ0-F-A	Positive	0.233884	0.766116
9D45-C-A	Negative	0.647036	0.352964
9EII-P-I	Negative	0.596329	0.403671
9NO1-X-J	Negative	0.733489	0.266511
9HEJ-G-F	Positive	0.0330477	0.966952
9QT9-C-A	Positive	0.115635	0.884365
9BD3-B-A	Positive	0.0302889	0.969711
9FJ4-B-A	Positive	0.028598	0.971402
9FTM-D-G	Negative	0.550242	0.449758
9FTM-K-G	Positive	0.102954	0.897046
9FTM-B-A	Positive	0.0704518	0.929548
9C4T-B-A	Positive	0.0634771	0.936523
9DPF-B-A	Positive	0.146461	0.853539
9DPF-D-C	Positive	0.109443	0.890557
9KNQ-E-B	Negative	0.622875	0.377125
9I4X-L-A	Positive	0.438801	0.561199
9CXJ-D-A	Positive	0.191611	0.808389
9CXJ-C-B	Positive	0.174042	0.825958
9HCE-8-6	Positive	0.236764	0.763236
9EXG-D-A	Negative	0.699729	0.300271
9EXG-J-B	Positive	0.432686	0.567314
9DDN-Y-A	Positive	0.245252	0.754748
9DDN-F-B	Positive	0.0537345	0.946266
9DDN-Z-B	Positive	0.149377	0.850623
9BF9-G-A	Positive	0.150128	0.849872
9EZ6-C-A	Positive	0.476527	0.523473
