1GMH-E-F	Negative	0.698161	0.301839
1DOW-B-A	Positive	0.30987	0.69013
1XMO-V-M	Positive	0.283973	0.716027
1QKA-B-A	Negative	0.58736	0.41264
1UF2-K-A	Negative	0.628175	0.371825
1FZG-M-B	Positive	0.220152	0.779848
1P13-D-A	Positive	0.358323	0.641677
1YDT-I-E	Negative	0.616464	0.383536
1T7D-C-A	Negative	0.985801	0.0141988
1D4P-A-B	Negative	0.695813	0.304187
1D4P-H-B	Negative	0.936372	0.0636279
1YPH-B-D	Positive	0.472475	0.527525
1U92-C-A	Negative	0.682316	0.317684
1JAN-I-A	Negative	0.886421	0.113579
1GTJ-3-1	Negative	0.899486	0.100514
1QJ7-A-B	Positive	0.451038	0.548962
1QJ7-I-B	Negative	0.88929	0.11071
1F4V-D-A	Negative	0.902946	0.0970536
1RGJ-B-A	Negative	0.962727	0.0372734
1T65-B-A	Positive	0.259807	0.740193
1HR9-O-B	Negative	0.881204	0.118796
1G6R-P-A	Negative	0.737573	0.262427
1N6D-G-A	Negative	0.632446	0.367554
1CQT-I-A	Positive	0.0965148	0.903485
1CQT-J-A	Positive	0.24604	0.75396
1EG4-P-A	Negative	0.777487	0.222513
1OYT-L-H	Negative	0.512811	0.487189
1OYT-I-H	Negative	0.57769	0.42231
1AS4-B-A	Positive	0.168384	0.831616
1G1E-A-B	Positive	0.0643249	0.935675
1SGI-A-B	Negative	0.782691	0.217309
1SGI-D-E	Negative	0.728019	0.271981
1I1F-C-A	Negative	0.888684	0.111316
1K4U-P-S	Negative	0.878916	0.121084
1BMB-I-A	Negative	0.774804	0.225196
1THR-I-H	Negative	0.694612	0.305388
1MT1-A-B	Positive	0.372075	0.627925
1MT1-C-B	Positive	0.243829	0.756171
1MT1-E-B	Positive	0.135256	0.864744
1MT1-G-B	Positive	0.409315	0.590685
1MT1-I-H	Positive	0.260853	0.739147
1MT1-K-H	Positive	0.416719	0.583281
1U8P-C-A	Positive	0.140816	0.859184
1Z71-B-A	Negative	0.678383	0.321617
1TVH-C-A	Negative	0.535017	0.464983
1TVH-F-D	Negative	0.535017	0.464983
1FFK-Y-P	Negative	0.821121	0.178879
1H9H-I-E	Positive	0.252886	0.747114
1IQ5-B-A	Positive	0.110133	0.889867
1X3Z-I-A	Negative	0.766498	0.233502
1NRO-L-H	Positive	0.271655	0.728345
1NRO-R-H	Negative	0.51822	0.48178
1B3G-B-A	Negative	0.540733	0.459267
1OGT-C-A	Negative	0.911385	0.0886148
1J4Q-B-A	Negative	0.875728	0.124272
1RBC-S-A	Negative	0.76721	0.23279
1HAJ-B-A	Negative	0.947737	0.0522627
1H6E-P-A	Negative	0.657589	0.342411
1KUK-B-A	Negative	0.695686	0.304314
1Z7Z-5-1	Positive	0.157787	0.842213
1Z7Z-4-3	Negative	0.513933	0.486067
1HRI-4-1	Negative	0.930141	0.0698593
1TMT-I-H	Positive	0.226327	0.773673
1TMT-J-H	Negative	0.672632	0.327368
1UTI-D-A	Positive	0.203571	0.796429
1YVL-C-A	Negative	0.655702	0.344298
1RH5-C-A	Positive	0.456758	0.543242
1TJK-I-A	Positive	0.37132	0.62868
1AW8-A-B	Positive	0.154927	0.845073
1ZY1-D-A	Positive	0.0938274	0.906173
1Q4Q-O-A	Negative	0.969125	0.030875
1Q4Q-R-A	Negative	0.770318	0.229682
1YM2-X-A	Negative	0.626709	0.373291
1MFG-B-A	Negative	0.974463	0.0255372
1CFA-B-A	Negative	0.639623	0.360377
1BQP-B-A	Positive	0.327073	0.672927
1BQP-D-A	Positive	0.327073	0.672927
1I7U-C-A	Negative	0.881175	0.118825
1FZO-P-A	Positive	0.382398	0.617602
1OEB-D-A	Positive	0.492417	0.507583
1L3E-A-B	Negative	0.804347	0.195653
1PRM-A-C	Positive	0.0588198	0.94118
1Z9O-G-A	Negative	0.917444	0.0825563
1QUR-I-H	Negative	0.787979	0.212021
1W3C-C-A	Negative	0.581752	0.418248
1KUJ-B-A	Positive	0.473101	0.526899
1KUJ-D-A	Positive	0.446024	0.553976
1KUJ-F-A	Negative	0.694834	0.305166
1KUJ-H-C	Negative	0.616255	0.383745
1FC2-C-D	Positive	0.206545	0.793455
1AKJ-C-A	Negative	0.804651	0.195349
1YTF-C-A	Positive	0.289086	0.710914
1YTF-B-D	Negative	0.614789	0.385211
1TNO-M-A	Positive	0.477911	0.522089
1ZVZ-B-A	Positive	0.481115	0.518885
1AR9-0-1	Negative	0.712586	0.287414
1XXV-C-A	Negative	0.965515	0.034485
1XXV-D-A	Negative	0.870426	0.129574
1BM2-L-A	Negative	0.640513	0.359487
1V54-K-A	Positive	0.219833	0.780167
1V54-L-A	Positive	0.178295	0.821705
1V54-M-A	Positive	0.416903	0.583097
1V54-Y-N	Positive	0.178295	0.821705
1YY6-B-A	Negative	0.917317	0.0826826
1D0A-G-A	Negative	0.867193	0.132807
1Z3P-S-E	Negative	0.679454	0.320546
1ZBE-4-1	Positive	0.324394	0.675606
1IDG-B-A	Positive	0.0722939	0.927706
1TFC-C-A	Positive	0.354791	0.645209
1TFC-D-B	Negative	0.528984	0.471016
1ID5-L-H	Negative	0.919035	0.0809647
1S7U-C-A	Negative	0.914019	0.0859805
1OV3-C-A	Negative	0.632983	0.367017
1OW7-D-A	Negative	0.966862	0.0331381
1VWL-M-B	Negative	0.893098	0.106902
1PQ1-B-A	Positive	0.41426	0.58574
1JGN-B-A	Positive	0.350101	0.649899
1GNG-X-A	Negative	0.776889	0.223111
1KAT-X-V	Positive	0.469277	0.530723
1T1X-C-A	Negative	0.986457	0.0135432
1T37-P-A	Negative	0.586154	0.413846
1OK7-C-B	Negative	0.946427	0.0535726
1PTS-P-B	Negative	0.639558	0.360442
1LF8-E-A	Negative	0.883161	0.116839
1IHT-L-H	Negative	0.773829	0.226171
1IHT-I-H	Negative	0.918715	0.0812848
1MXE-E-A	Positive	0.238215	0.761785
1I4F-C-A	Negative	0.892409	0.107591
1DD4-C-A	Negative	0.868597	0.131403
1DD4-D-A	Negative	0.761931	0.238069
1EFX-C-A	Negative	0.990124	0.00987621
1B05-B-A	Positive	0.0885389	0.911461
1OO4-B-A	Negative	0.515676	0.484324
1T5W-C-A	Negative	0.851639	0.148361
1GBQ-B-A	Positive	0.0840817	0.915918
1VAC-P-A	Negative	0.766227	0.233773
1I8I-C-A	Negative	0.815566	0.184434
1YMM-C-A	Positive	0.297864	0.702136
1TSU-P-A	Negative	0.98695	0.0130503
1ZTZ-P-A	Positive	0.429225	0.570775
1M43-C-A	Negative	0.897606	0.102394
1B0N-B-A	Negative	0.52312	0.47688
1NRP-R-H	Negative	0.863667	0.136333
1DUY-C-A	Negative	0.62555	0.37445
1MVK-E-H	Negative	0.561382	0.438618
1MVK-F-H	Positive	0.416861	0.583139
1MVK-G-H	Positive	0.284944	0.715056
1MVK-I-H	Positive	0.345149	0.654851
1MVK-K-H	Positive	0.416861	0.583139
1MVK-L-H	Negative	0.501031	0.498969
1BDT-D-B	Negative	0.511683	0.488317
1BXX-P-A	Negative	0.660456	0.339544
1BCU-L-H	Negative	0.613226	0.386774
1AOU-P-F	Negative	0.80129	0.19871
1WCY-C-A	Negative	0.71683	0.28317
1KTR-P-L	Negative	0.821834	0.178166
1EEY-C-A	Negative	0.794826	0.205174
1WS5-F-A	Positive	0.296564	0.703436
1DDH-P-A	Negative	0.884274	0.115726
1S7V-C-A	Negative	0.791677	0.208323
1K2N-P-A	Negative	0.961346	0.0386537
1PFG-B-A	Negative	0.989532	0.0104677
1TP3-B-A	Negative	0.849569	0.150431
1JGE-C-A	Negative	0.739538	0.260462
1IQ1-A-C	Negative	0.844056	0.155944
1IQ1-B-C	Positive	0.35857	0.64143
1IM9-C-A	Negative	0.898872	0.101128
1Q0W-A-B	Negative	0.757808	0.242192
1JMT-B-A	Negative	0.74419	0.25581
1LOD-B-A	Positive	0.343809	0.656191
1LOD-D-A	Positive	0.433042	0.566958
1ZT1-P-A	Negative	0.950399	0.0496012
1HBT-I-H	Negative	0.706833	0.293167
1OZB-I-A	Positive	0.110492	0.889508
1H8B-B-A	Positive	0.441073	0.558927
1ND2-D-A	Positive	0.489898	0.510102
1A6A-C-A	Negative	0.640192	0.359808
1XXP-C-A	Negative	0.881973	0.118027
1BR8-P-I	Negative	0.885981	0.114019
1TG4-I-A	Positive	0.256473	0.743527
1GJ7-A-B	Positive	0.169652	0.830348
1QNZ-P-H	Negative	0.517808	0.482192
1GBD-P-A	Negative	0.93861	0.0613898
1GEC-I-E	Negative	0.749381	0.250619
1TN6-C-A	Negative	0.824446	0.175554
1JK8-C-A	Positive	0.121818	0.878182
1YC5-B-A	Negative	0.872418	0.127582
1J80-A-B	Negative	0.91524	0.0847596
1N59-P-A	Negative	0.630761	0.369239
1FV1-C-A	Positive	0.276753	0.723247
1FV1-F-D	Positive	0.209221	0.790779
1QIX-A-B	Negative	0.964811	0.0351892
1M1D-B-A	Negative	0.876572	0.123428
1B7X-C-B	Positive	0.0717268	0.928273
1AYC-P-A	Positive	0.218736	0.781264
1UEF-C-A	Negative	0.893753	0.106247
1UEF-D-B	Positive	0.36774	0.63226
1PJM-A-B	Positive	0.126261	0.873739
1ZSG-B-A	Negative	0.752016	0.247984
1RK1-P-A	Negative	0.691096	0.308904
1HV2-B-A	Positive	0.393183	0.606817
1ORY-B-A	Positive	0.412674	0.587326
1BA8-A-B	Negative	0.565208	0.434792
1BA8-C-B	Positive	0.366173	0.633827
1N0W-B-A	Negative	0.543431	0.456569
1ZV8-H-G	Negative	0.616295	0.383705
1ZV8-I-G	Negative	0.595071	0.404929
1ZV8-L-G	Negative	0.929085	0.0709147
1ZV8-J-K	Negative	0.786523	0.213477
1D5D-A-B	Negative	0.947824	0.0521761
1YCQ-B-A	Negative	0.950595	0.0494052
1KUG-B-A	Negative	0.880113	0.119887
1Z8Y-I-B	Positive	0.0911294	0.908871
1Z8Y-J-Q	Positive	0.303076	0.696924
1RHK-C-A	Negative	0.854458	0.145542
1JF1-C-A	Negative	0.768024	0.231976
1SYV-C-A	Positive	0.284802	0.715198
1POP-B-A	Negative	0.683942	0.316058
1PQ8-C-A	Positive	0.171749	0.828251
1OXN-F-E	Negative	0.910156	0.0898439
1YF4-B-A	Positive	0.373616	0.626384
1WM0-Y-X	Negative	0.748601	0.251399
1UH0-B-A	Positive	0.247208	0.752792
1I3Q-L-B	Positive	0.381884	0.618116
1T1Z-C-A	Positive	0.409396	0.590604
1GKT-B-A	Negative	0.656928	0.343072
1R5V-E-A	Positive	0.408218	0.591782
1GDN-B-A	Positive	0.279768	0.720232
1DPU-B-A	Negative	0.697361	0.302639
1URC-E-B	Positive	0.357057	0.642943
1R5W-E-A	Negative	0.518327	0.481673
1AGF-C-A	Negative	0.786018	0.213982
1GDU-B-A	Positive	0.141639	0.858361
1P7W-B-A	Positive	0.451357	0.548643
1F95-C-A	Positive	0.445516	0.554484
1W80-P-A	Positive	0.227657	0.772343
1W80-Q-A	Negative	0.768926	0.231074
1VRK-B-A	Positive	0.487934	0.512066
1RXZ-B-A	Positive	0.452198	0.547802
1VWN-P-B	Negative	0.513169	0.486831
1IXS-A-B	Negative	0.688155	0.311845
1O0D-L-H	Negative	0.711552	0.288448
1O0D-D-H	Negative	0.501828	0.498172
1FPC-L-H	Negative	0.599707	0.400293
1O5B-A-B	Positive	0.089507	0.910493
1AWQ-B-A	Negative	0.848198	0.151802
1PD0-B-A	Negative	0.984104	0.0158962
1MK9-A-B	Negative	0.726945	0.273055
1MK9-C-B	Negative	0.6916	0.3084
1MK9-E-F	Positive	0.359366	0.640634
1FCH-C-A	Negative	0.990819	0.00918147
1STC-I-E	Positive	0.118205	0.881795
1YU6-D-B	Negative	0.538773	0.461227
1M4P-B-A	Negative	0.88444	0.11556
1N13-A-B	Positive	0.372075	0.627925
1N13-C-B	Positive	0.243829	0.756171
1N13-G-B	Positive	0.409315	0.590685
1N13-K-H	Positive	0.340582	0.659418
1KJV-P-A	Negative	0.922783	0.0772174
1TPS-B-A	Negative	0.977372	0.0226279
1KZU-B-A	Negative	0.901006	0.0989937
1KBG-P-H	Negative	0.65915	0.34085
1OGA-C-A	Negative	0.617778	0.382222
1FQJ-C-A	Positive	0.336755	0.663245
1F93-E-A	Positive	0.248533	0.751467
1F93-F-A	Negative	0.837543	0.162457
1F93-G-C	Negative	0.607885	0.392115
1F93-H-C	Negative	0.751182	0.248818
1XDT-R-T	Positive	0.0850899	0.91491
1JD6-B-A	Negative	0.752438	0.247562
1T63-B-A	Negative	0.507152	0.492848
1HTM-A-B	Negative	0.920961	0.0790388
1HTM-E-B	Negative	0.969652	0.0303484
1HTM-C-D	Negative	0.723723	0.276277
1FI8-D-A	Positive	0.405448	0.594552
1H3O-A-B	Positive	0.280441	0.719559
1H24-E-B	Negative	0.886348	0.113652
1NH2-C-A	Positive	0.236405	0.763595
1NH2-B-D	Positive	0.443978	0.556022
1DUZ-C-A	Negative	0.514092	0.485908
1NOV-D-A	Positive	0.143747	0.856253
1NOV-F-A	Positive	0.355457	0.644543
1Q94-C-A	Positive	0.336162	0.663838
1X7Q-C-A	Positive	0.346315	0.653685
1Q5L-B-A	Negative	0.723463	0.276537
1F3R-A-B	Positive	0.246997	0.753003
1VBA-0-4	Negative	0.861016	0.138984
1E27-C-A	Negative	0.646725	0.353275
1MV0-A-B	Positive	0.474265	0.525735
1X27-I-A	Negative	0.819643	0.180357
1X27-L-A	Negative	0.812879	0.187121
1X27-M-A	Negative	0.763973	0.236027
1SFI-I-A	Positive	0.389866	0.610134
1Y66-B-A	Negative	0.699873	0.300127
1Y66-C-A	Negative	0.633251	0.366749
1IYJ-A-B	Negative	0.658027	0.341973
1L6X-B-A	Positive	0.487486	0.512514
1KA7-B-A	Negative	0.626635	0.373365
1INQ-C-A	Negative	0.753345	0.246655
1QTN-C-A	Negative	0.897916	0.102084
1TMC-C-A	Positive	0.365117	0.634883
1TK2-B-A	Negative	0.793441	0.206559
1J4X-D-A	Negative	0.925612	0.0743881
1B8D-G-B	Negative	0.907834	0.0921657
1OM9-P-A	Negative	0.571294	0.428706
1OM9-Q-B	Positive	0.311691	0.688309
1MDJ-B-A	Positive	0.426218	0.573782
1Z8I-A-B	Positive	0.366476	0.633524
1ZY3-B-A	Positive	0.0423539	0.957646
1P11-P-E	Negative	0.860821	0.139179
1P11-I-E	Negative	0.93861	0.0613898
1IID-O-A	Negative	0.626708	0.373292
1JVQ-C-I	Negative	0.989281	0.0107194
1JVQ-D-I	Negative	0.64061	0.35939
1OBY-P-A	Negative	0.72073	0.27927
1OBY-Q-A	Positive	0.151231	0.848769
1M57-D-A	Negative	0.858068	0.141932
1JJO-A-C	Negative	0.651468	0.348532
1JJO-E-C	Negative	0.632716	0.367284
1UWX-P-H	Negative	0.686639	0.313361
1DKY-C-A	Negative	0.794778	0.205222
1PP9-I-A	Negative	0.712408	0.287592
1T01-B-A	Negative	0.856322	0.143678
1XTC-C-A	Negative	0.684244	0.315756
1MU8-C-B	Negative	0.939107	0.0608929
1XU1-R-A	Negative	0.623119	0.376881
1XU1-T-A	Positive	0.209044	0.790956
1XU1-S-B	Positive	0.363676	0.636324
1LJ2-C-A	Positive	0.277478	0.722522
1LJ2-D-A	Positive	0.256765	0.743235
1SY9-B-A	Negative	0.653953	0.346047
1M4H-C-A	Negative	0.618124	0.381876
1QC6-C-A	Negative	0.551545	0.448455
1QC6-D-B	Positive	0.385198	0.614802
1JYR-L-A	Negative	0.860419	0.139581
1TP8-B-A	Negative	0.627149	0.372851
1ZAF-C-A	Negative	0.986675	0.0133251
1JYC-P-A	Positive	0.380761	0.619239
1G3F-B-A	Negative	0.558347	0.441653
1M2Z-B-A	Positive	0.331708	0.668292
1O9K-P-A	Negative	0.79757	0.20243
1SYQ-B-A	Negative	0.610044	0.389955
1Q2D-B-A	Positive	0.432477	0.567523
1F2S-I-E	Positive	0.375412	0.624588
1P93-E-A	Positive	0.426974	0.573026
1JBP-S-E	Negative	0.762494	0.237506
1KYF-P-A	Negative	0.917944	0.0820561
1JG3-C-A	Negative	0.618531	0.381469
1LWU-M-B	Positive	0.220152	0.779848
1LWU-N-E	Positive	0.220152	0.779848
1T34-H-A	Positive	0.0178262	0.982174
1KJ4-P-A	Negative	0.773812	0.226188
1KJ4-S-A	Negative	0.945103	0.0548972
1UKI-B-A	Negative	0.765276	0.234724
1N4S-M-A	Negative	0.73208	0.26792
1N4S-R-K	Negative	0.890466	0.109534
1W0W-C-A	Negative	0.816292	0.183708
1XF5-P-A	Negative	0.946072	0.0539277
1XF5-Q-C	Negative	0.750482	0.249518
1CQH-B-A	Positive	0.410584	0.589416
1UK4-G-A	Negative	0.983339	0.0166607
1UK4-K-B	Negative	0.983339	0.0166607
1X7E-C-A	Negative	0.534768	0.465232
1CZZ-D-A	Negative	0.718646	0.281354
1CZZ-E-B	Negative	0.90019	0.0998098
1OJH-B-A	Negative	0.809111	0.190889
1KBH-A-B	Negative	0.882974	0.117026
1AKH-A-B	Negative	0.514231	0.485769
1KZZ-B-A	Negative	0.600514	0.399486
1UJJ-C-A	Negative	0.846068	0.153932
1T7M-B-A	Positive	0.344199	0.655801
1FIZ-L-A	Positive	0.378235	0.621765
1W72-C-A	Negative	0.975797	0.0242027
1Y7L-P-A	Negative	0.979897	0.0201034
1ZDT-P-A	Negative	0.882716	0.117284
1ZDT-Q-B	Negative	0.974017	0.0259833
1FPH-I-H	Negative	0.873885	0.126115
1FPH-F-H	Positive	0.442551	0.557449
1LHC-I-H	Positive	0.104158	0.895842
1F0C-B-A	Positive	0.0632834	0.936717
1RPQ-W-A	Positive	0.0808721	0.919128
1RPQ-Z-B	Positive	0.0808721	0.919128
1OR8-B-A	Negative	0.832207	0.167793
1OR8-C-A	Negative	0.63057	0.36943
1OR8-D-A	Negative	0.642195	0.357805
1OR8-E-A	Negative	0.528969	0.471031
1T5Z-B-A	Negative	0.667019	0.332981
1PJP-I-A	Negative	0.878995	0.121005
1ABT-B-A	Negative	0.827882	0.172118
1YWO-P-A	Negative	0.774665	0.225335
1U93-C-A	Positive	0.309715	0.690285
1DE7-A-H	Negative	0.973785	0.0262152
1F96-C-A	Negative	0.568459	0.431541
1DLH-C-A	Positive	0.360975	0.639025
1OCO-L-A	Negative	0.667981	0.332019
1OCO-M-A	Positive	0.416903	0.583097
1UM2-C-A	Negative	0.835887	0.164113
1VJ6-B-A	Negative	0.863107	0.136893
1CLV-I-A	Positive	0.474049	0.525951
1F90-E-L	Negative	0.971672	0.0283277
1VQN-2-S	Negative	0.588232	0.411768
1UVQ-C-A	Positive	0.209892	0.790108
1UOQ-B-A	Negative	0.736391	0.263609
1EEN-B-A	Negative	0.94272	0.0572805
1TJG-P-L	Negative	0.779186	0.220814
1ZHL-C-A	Negative	0.816809	0.183191
1HSB-C-A	Negative	0.93133	0.0686703
1OTR-A-B	Negative	0.68455	0.31545
1LEW-B-A	Negative	0.5892	0.4108
1ED3-C-A	Positive	0.48286	0.51714
1TQ7-A-B	Negative	0.609262	0.390738
1CMK-I-E	Negative	0.616464	0.383536
1FZC-G-C	Positive	0.0979891	0.902011
1FZC-J-E	Positive	0.220152	0.779848
1QWE-B-A	Positive	0.480629	0.519371
1N8O-A-B	Negative	0.526693	0.473307
1XQH-B-A	Negative	0.552112	0.447888
1PMX-B-A	Negative	0.616781	0.383219
1RJY-P-A	Negative	0.754349	0.245651
1E0A-B-A	Positive	0.15479	0.84521
1URL-B-A	Positive	0.235135	0.764865
1B0G-C-A	Positive	0.237437	0.762563
1CZY-D-A	Negative	0.823549	0.176451
1CZY-E-C	Negative	0.823549	0.176451
1TN7-C-A	Negative	0.686512	0.313488
1H2K-S-A	Negative	0.504453	0.495547
1UJK-C-A	Negative	0.834827	0.165173
1U8M-C-A	Negative	0.534899	0.465101
1RIN-D-A	Positive	0.344176	0.655824
1AN1-I-E	Positive	0.0115933	0.988407
1CFT-C-A	Negative	0.920172	0.0798276
1XQY-Q-A	Negative	0.987061	0.012939
1TQ0-A-B	Negative	0.723994	0.276006
1IS0-C-A	Negative	0.926904	0.0730956
1LOP-B-A	Negative	0.842535	0.157465
1KUI-B-A	Negative	0.784655	0.215345
1EOJ-B-A	Negative	0.84232	0.15768
1P9D-S-U	Negative	0.686455	0.313545
1T79-B-A	Positive	0.436553	0.563447
1OAU-I-M	Negative	0.557711	0.442289
1OAU-K-O	Positive	0.174219	0.825781
1R2B-C-A	Negative	0.531928	0.468072
1R2B-D-A	Positive	0.316322	0.683678
1GHA-P-F	Negative	0.717538	0.282462
1U8Q-C-A	Negative	0.59838	0.40162
1BTH-L-H	Negative	0.589278	0.410722
1OW6-F-C	Negative	0.976421	0.0235788
1CJQ-A-B	Negative	0.91524	0.0847596
1D6E-D-A	Positive	0.144332	0.855668
1KY6-P-A	Negative	0.582911	0.417089
1B52-B-A	Positive	0.224113	0.775887
1AZG-A-B	Negative	0.873067	0.126933
1R64-C-A	Negative	0.578164	0.421836
1OJ5-B-A	Negative	0.970232	0.0297685
1T74-B-A	Positive	0.167959	0.832041
1XOC-B-A	Negative	0.678041	0.321959
1JGD-C-A	Negative	0.882907	0.117093
1BLL-I-E	Negative	0.925605	0.0743951
1RF3-B-A	Negative	0.511171	0.488829
1D0J-G-A	Positive	0.483634	0.516366
1D0J-I-D	Negative	0.615231	0.384769
1D0J-J-E	Negative	0.615231	0.384769
1I7R-C-A	Negative	0.522869	0.477131
1KLG-C-A	Negative	0.540585	0.459415
1YDP-P-A	Negative	0.770816	0.229184
1JBD-B-A	Negative	0.869423	0.130577
1VWG-P-B	Negative	0.831449	0.168551
1TSQ-P-A	Negative	0.828948	0.171052
1GBR-B-A	Negative	0.510982	0.489018
1CM4-B-A	Negative	0.737081	0.262919
1LGC-D-A	Positive	0.178165	0.821835
1LGC-J-E	Negative	0.860962	0.139038
1HRT-L-H	Positive	0.327581	0.672419
1E28-C-A	Negative	0.849478	0.150522
1K3A-B-A	Negative	0.846683	0.153317
1AI1-P-L	Negative	0.90491	0.0950899
1S7T-C-A	Negative	0.625462	0.374538
1K22-L-H	Negative	0.715833	0.284167
1ZBW-D-A	Negative	0.588595	0.411405
1A5H-C-A	Negative	0.608372	0.391628
1D5M-D-A	Negative	0.806243	0.193757
1Q3L-P-A	Positive	0.336704	0.663296
1M7E-D-A	Negative	0.876416	0.123584
1TDV-B-A	Negative	0.824845	0.175155
1JSP-A-B	Negative	0.533785	0.466215
1JMU-A-B	Negative	0.532299	0.467701
1JMU-C-B	Negative	0.532299	0.467701
1BXP-B-A	Negative	0.935175	0.0648251
1UEL-B-A	Negative	0.552838	0.447162
1SIO-D-A	Negative	0.794614	0.205386
1MCV-I-A	Positive	0.219967	0.780033
1HR8-O-A	Positive	0.265653	0.734347
1HR8-P-C	Negative	0.788958	0.211042
1HR8-Q-F	Positive	0.486039	0.513961
1HR8-R-H	Negative	0.948972	0.0510283
1NAK-P-L	Negative	0.631537	0.368463
1KZP-C-A	Negative	0.752039	0.247961
1FRG-P-L	Negative	0.955007	0.0449925
1F8H-B-A	Negative	0.74539	0.25461
1DS5-E-A	Positive	0.189311	0.810689
1DS5-F-A	Positive	0.270653	0.729347
1QJB-Q-A	Negative	0.727444	0.272556
1QJB-S-B	Negative	0.950665	0.0493351
1FHR-P-A	Negative	0.877408	0.122592
1RQQ-E-A	Positive	0.341654	0.658346
1RQQ-F-B	Negative	0.78963	0.21037
1TNB-M-A	Negative	0.913923	0.0860774
1W9O-T-A	Negative	0.817729	0.182271
1TA2-B-A	Negative	0.732476	0.267524
1ZW2-B-A	Positive	0.160755	0.839245
1XH5-B-A	Negative	0.616464	0.383536
1JY2-N-O	Negative	0.507547	0.492452
1JY2-P-O	Positive	0.117603	0.882397
1JY2-R-O	Positive	0.209022	0.790978
1JY2-S-O	Positive	0.0472807	0.952719
1V6D-B-A	Negative	0.840963	0.159037
1C9I-C-A	Negative	0.978669	0.0213314
1C9I-D-B	Negative	0.976919	0.0230805
1FOD-4-1	Positive	0.298478	0.701522
1S7X-C-A	Negative	0.953587	0.0464127
1AL0-B-F	Negative	0.743493	0.256507
1CTP-I-E	Positive	0.141097	0.858903
1JEG-B-A	Negative	0.625595	0.374405
1XWJ-B-A	Negative	0.667439	0.332561
1MCT-I-A	Positive	0.32486	0.67514
1AXC-B-A	Negative	0.729269	0.270731
1D5H-A-B	Negative	0.776994	0.223006
1YBO-D-B	Negative	0.76658	0.23342
1NT9-L-B	Positive	0.381884	0.618116
1YY4-C-A	Negative	0.980717	0.0192833
1IO6-B-A	Negative	0.886607	0.113393
1TTW-B-A	Negative	0.673235	0.326765
1SV1-C-A	Positive	0.0871863	0.912814
1B58-B-A	Negative	0.869062	0.130938
1GMD-E-F	Negative	0.526693	0.473307
1GMD-B-F	Negative	0.738695	0.261305
1UHL-C-A	Negative	0.737442	0.262557
1UHL-D-B	Negative	0.580779	0.419221
1CN3-F-A	Negative	0.655026	0.344974
1JP5-C-A	Negative	0.657674	0.342326
1YGU-C-A	Negative	0.723646	0.276354
1S5P-B-A	Positive	0.106496	0.893504
1D3E-4-1	Positive	0.489898	0.510102
1Y74-B-A	Negative	0.596153	0.403847
1SSB-B-A	Negative	0.684281	0.315719
1LB6-B-A	Positive	0.441197	0.558803
1YTJ-I-A	Negative	0.744011	0.255989
1VBS-B-A	Negative	0.862933	0.137067
1QS7-B-A	Positive	0.326189	0.673811
1QS7-D-C	Positive	0.222362	0.777638
1X9T-B-A	Negative	0.774099	0.225901
1DDV-B-A	Negative	0.765804	0.234196
1B8H-D-B	Negative	0.934821	0.0651792
1D5G-B-A	Negative	0.930067	0.069933
1C5Y-A-B	Positive	0.0304659	0.969534
1M46-B-A	Negative	0.672604	0.327396
1W7G-I-H	Negative	0.505895	0.494105
1SZA-Z-B	Negative	0.510633	0.489367
1MT9-P-A	Negative	0.877582	0.122418
1CFF-B-A	Positive	0.402125	0.597875
1SHH-D-E	Positive	0.193505	0.806495
1IAU-B-A	Negative	0.828343	0.171657
1FMD-4-1	Positive	0.45709	0.54291
1T15-B-A	Negative	0.604704	0.395296
1G0V-B-A	Negative	0.522965	0.477035
1H25-E-B	Positive	0.493594	0.506406
1PYW-C-A	Positive	0.188592	0.811408
1UGY-F-A	Positive	0.0301721	0.969828
1W2B-5-O	Negative	0.716466	0.283534
1V18-B-A	Negative	0.78691	0.21309
1UVU-L-H	Negative	0.568943	0.431057
1JK4-B-A	Negative	0.634731	0.365269
1XB7-P-A	Negative	0.946802	0.0531985
1YN7-C-A	Negative	0.966246	0.0337543
1T8Z-D-C	Positive	0.288659	0.711341
1SGH-B-A	Positive	0.478227	0.521773
1XME-C-A	Negative	0.825986	0.174014
1IHJ-D-A	Negative	0.620554	0.379446
1UOP-B-A	Positive	0.0777423	0.922258
1BH8-A-B	Positive	0.140413	0.859587
1I1Y-C-A	Negative	0.978749	0.0212505
1G1X-C-A	Positive	0.312931	0.687069
1G1X-H-F	Positive	0.416759	0.583241
1MIZ-A-B	Negative	0.662794	0.337206
1VGK-C-A	Negative	0.756151	0.243849
1I51-E-A	Positive	0.212784	0.787216
1TZG-P-L	Negative	0.553889	0.446111
1NY2-4-2	Negative	0.784507	0.215493
1RBF-S-A	Negative	0.855858	0.144142
1EBA-C-A	Positive	0.361335	0.638665
1XCT-P-A	Negative	0.864179	0.135821
1XCT-Q-C	Negative	0.747302	0.252698
1NVR-B-A	Negative	0.792016	0.207984
1N5Z-P-A	Negative	0.636289	0.363711
1E6I-P-A	Positive	0.0955567	0.904443
1ZHB-C-A	Negative	0.726278	0.273722
1ABI-L-H	Negative	0.890961	0.109039
1ABI-I-H	Negative	0.90774	0.0922602
1T22-C-A	Negative	0.835631	0.164369
1YR5-B-A	Positive	0.206759	0.793241
1KJ7-P-A	Positive	0.338529	0.661471
1C1W-L-H	Positive	0.451038	0.548962
1PDQ-B-A	Positive	0.18648	0.81352
1JL4-C-A	Negative	0.880711	0.119289
1TB6-L-H	Negative	0.727109	0.272891
1NB3-P-A	Negative	0.883085	0.116915
1JPW-D-A	Negative	0.920347	0.079653
1NAN-M-H	Positive	0.169303	0.830697
1JN5-C-B	Positive	0.491399	0.508601
1XOW-B-A	Positive	0.195642	0.804358
1KJG-P-A	Negative	0.53655	0.46345
1MHW-C-A	Negative	0.557254	0.442746
1H28-E-B	Positive	0.26105	0.73895
1H28-F-D	Negative	0.718949	0.281051
1MVU-P-A	Negative	0.571471	0.428529
1U8L-C-A	Negative	0.692479	0.307521
1W85-I-B	Positive	0.305492	0.694508
1W85-J-F	Positive	0.176471	0.823529
1UHD-B-A	Negative	0.712389	0.287611
1TWX-C-B	Negative	0.606415	0.393585
1MWA-P-A	Positive	0.196427	0.803573
1MWA-Q-C	Positive	0.196427	0.803573
1TNY-M-A	Negative	0.619513	0.380487
1U9L-C-A	Negative	0.896497	0.103503
1O9A-B-A	Negative	0.747594	0.252405
1M06-J-F	Negative	0.937767	0.0622331
1QEW-C-A	Negative	0.888775	0.111225
1ND3-D-A	Negative	0.68349	0.31651
1JCS-C-A	Positive	0.439239	0.560761
1NX1-C-A	Negative	0.634448	0.365552
1PZ5-C-A	Positive	0.494192	0.505808
1EOL-B-A	Negative	0.651747	0.348253
1IK9-C-A	Positive	0.397218	0.602782
1N1L-C-A	Positive	0.156245	0.843755
1N1L-D-A	Positive	0.0549592	0.945041
1SP4-A-B	Negative	0.598704	0.401296
1AWU-B-A	Negative	0.621005	0.378995
1OAI-B-A	Negative	0.959552	0.0404484
1Y3A-E-A	Negative	0.596142	0.403858
1A81-B-A	Negative	0.960797	0.0392029
1LTT-C-D	Negative	0.864873	0.135127
1W88-I-B	Positive	0.215208	0.784792
1W88-J-F	Positive	0.104415	0.895585
1YK1-E-A	Positive	0.266205	0.733795
1ZLA-K-G	Negative	0.665996	0.334004
1EPM-I-E	Positive	0.137446	0.862554
1K83-M-A	Positive	0.326673	0.673327
1K83-L-B	Positive	0.392737	0.607263
1OL1-F-B	Negative	0.746231	0.253769
1SP5-I-A	Negative	0.783474	0.216526
1EJO-P-L	Negative	0.980888	0.0191117
1KL3-E-A	Negative	0.826126	0.173874
1KL3-H-A	Positive	0.155512	0.844488
1A3E-I-H	Positive	0.499558	0.500442
1RKC-B-A	Negative	0.738009	0.261991
1SQZ-B-A	Negative	0.556376	0.443624
1O9S-K-A	Negative	0.829206	0.170794
1O9S-L-B	Negative	0.617935	0.382065
1YGR-C-A	Negative	0.960865	0.0391349
1NWD-B-A	Negative	0.832584	0.167416
1QCR-I-A	Positive	0.406902	0.593098
1QCR-K-A	Positive	0.15189	0.84811
1CKK-B-A	Negative	0.539588	0.460412
1MXL-I-C	Positive	0.375879	0.624121
1QGK-B-A	Negative	0.583304	0.416696
1ZFP-I-E	Negative	0.958481	0.0415187
1L2Z-B-A	Positive	0.488374	0.511626
1MCH-P-A	Negative	0.52728	0.47272
1U76-B-A	Positive	0.155661	0.844339
1U76-D-C	Positive	0.186413	0.813587
1H9I-I-E	Positive	0.170918	0.829082
1XN3-I-B	Negative	0.747115	0.252885
1NVP-C-A	Negative	0.526231	0.473769
1NVP-B-D	Negative	0.852194	0.147806
1RY1-S-B	Positive	0.16169	0.83831
1K7L-B-A	Positive	0.482682	0.517318
1IHS-I-H	Negative	0.953396	0.0466042
1M05-E-A	Negative	0.803869	0.196131
1N0X-P-L	Negative	0.795771	0.204229
1N0X-R-L	Positive	0.339157	0.660843
1KZO-C-A	Positive	0.477911	0.522089
1MKX-L-H	Negative	0.721057	0.278943
1GXC-B-A	Negative	0.896733	0.103267
1GAG-B-A	Positive	0.141791	0.858209
1BW8-P-A	Negative	0.555908	0.444092
1S5L-F-A	Negative	0.703386	0.296614
1S5L-I-A	Negative	0.557945	0.442055
1S5L-J-A	Positive	0.451827	0.548173
1S5L-L-A	Negative	0.854035	0.145965
1S5L-M-A	Negative	0.884474	0.115526
1S5L-T-A	Positive	0.24377	0.75623
1S5L-K-C	Positive	0.38454	0.61546
1S5L-f-a	Negative	0.703386	0.296614
1ZAW-U-A	Negative	0.824119	0.175881
1ZAW-X-A	Negative	0.861307	0.138693
1ZAW-Z-A	Negative	0.919486	0.0805145
1S9W-C-A	Negative	0.771565	0.228435
1ZOQ-C-A	Negative	0.714921	0.285079
1UVT-L-H	Negative	0.653742	0.346258
1AZE-B-A	Positive	0.0840817	0.915918
1HHG-C-A	Negative	0.856717	0.143283
1PEK-C-E	Negative	0.857713	0.142287
1Q4K-E-B	Negative	0.948245	0.0517547
1IZL-K-C	Negative	0.62104	0.378961
1IZL-E-D	Negative	0.717732	0.282268
1IZL-P-N	Positive	0.18316	0.81684
1IZL-Q-N	Negative	0.640939	0.359061
1SRN-B-A	Positive	0.268553	0.731447
1CO7-I-E	Positive	0.0519962	0.948004
1WBP-B-A	Negative	0.716514	0.283486
1JH4-B-A	Positive	0.233041	0.766959
1QJA-R-A	Negative	0.758676	0.241324
1MW4-B-A	Negative	0.876194	0.123806
1D8D-P-A	Negative	0.933522	0.0664783
1TWB-C-A	Negative	0.589911	0.410089
1CFS-C-A	Positive	0.471157	0.528843
1HLT-R-H	Negative	0.501671	0.498329
1OL2-E-B	Negative	0.908807	0.091193
1GVK-A-B	Negative	0.89495	0.10505
1KJY-B-A	Negative	0.561842	0.438158
1KJY-D-C	Negative	0.723169	0.276831
1CU4-P-L	Positive	0.207268	0.792732
1JOT-B-A	Positive	0.380892	0.619108
1BMN-I-H	Negative	0.871736	0.128264
1SDZ-B-A	Negative	0.54626	0.45374
1FPT-P-L	Positive	0.3553	0.6447
1STS-M-B	Positive	0.324032	0.675968
1STS-P-D	Positive	0.45966	0.54034
1YJM-E-A	Negative	0.849791	0.150209
1HH6-C-A	Negative	0.991219	0.00878071
1YFN-E-A	Negative	0.565217	0.434783
1YFN-F-B	Negative	0.812414	0.187586
1TNU-M-A	Positive	0.305494	0.694506
1OZS-B-A	Positive	0.179008	0.820992
1LB5-B-A	Negative	0.881177	0.118823
1HXE-I-H	Negative	0.595126	0.404874
1MZN-B-A	Negative	0.79107	0.20893
1J2J-B-A	Negative	0.528219	0.471781
1F8V-D-A	Negative	0.853642	0.146358
1F8V-E-A	Negative	0.771205	0.228795
1BT6-C-A	Negative	0.823584	0.176416
1SHC-B-A	Negative	0.535931	0.464069
1LK2-P-A	Negative	0.792503	0.207497
1KA6-B-A	Negative	0.922486	0.0775136
1ZGL-C-A	Positive	0.0298247	0.970175
1ZGL-F-D	Positive	0.0481151	0.951885
1ZGL-I-R	Positive	0.0424408	0.957559
1HQQ-E-A	Positive	0.415972	0.584028
1PPE-I-E	Positive	0.219099	0.780901
1T0F-C-A	Negative	0.71547	0.28453
1T0F-D-B	Negative	0.615555	0.384445
1TN8-C-A	Negative	0.879292	0.120707
1M27-B-A	Positive	0.351687	0.648313
1ZY8-K-A	Negative	0.595911	0.404089
1RFF-C-A	Negative	0.928508	0.0714925
1D5Z-D-A	Negative	0.956394	0.0436057
1XYR-5-1	Positive	0.39464	0.60536
1XYR-6-1	Positive	0.160074	0.839926
1XYR-8-1	Negative	0.879372	0.120628
1XYR-7-3	Negative	0.774912	0.225088
1PY1-G-C	Negative	0.930038	0.0699623
1ZAV-U-A	Negative	0.572688	0.427312
1ZAV-X-A	Negative	0.716367	0.283633
1A1M-C-A	Negative	0.774878	0.225122
1U8H-C-A	Negative	0.894066	0.105934
1KC4-B-A	Positive	0.3968	0.6032
1QWF-B-A	Negative	0.805808	0.194192
1QD6-A-C	Positive	0.36128	0.63872
1G7Q-P-A	Negative	0.589061	0.410939
1G1S-D-A	Negative	0.86743	0.13257
1G1S-C-B	Negative	0.86743	0.13257
1CF0-C-A	Negative	0.625161	0.374839
1DT7-X-A	Negative	0.618858	0.381142
1RSU-P-B	Negative	0.794946	0.205054
1DVA-X-H	Positive	0.279427	0.720573
1OSZ-C-A	Negative	0.945261	0.0547393
1KJH-P-A	Negative	0.786612	0.213388
1FKN-C-A	Positive	0.469765	0.530235
1LOG-B-A	Positive	0.45189	0.54811
1Z3M-S-E	Negative	0.987038	0.0129618
1AVG-L-H	Positive	0.399937	0.600063
1FPR-B-A	Negative	0.970758	0.0292422
1F3J-P-A	Positive	0.369354	0.630646
1EKB-A-B	Positive	0.398599	0.601401
1EKB-C-B	Negative	0.72563	0.27437
1OPI-B-A	Negative	0.565532	0.434468
1SSE-A-B	Positive	0.343392	0.656608
1TJI-P-L	Negative	0.921749	0.0782511
1A9E-C-A	Negative	0.757135	0.242865
1S4V-C-A	Positive	0.272048	0.727952
1EJL-A-I	Positive	0.499354	0.500646
1TCE-B-A	Negative	0.989726	0.010274
1LK6-C-I	Negative	0.716591	0.283409
1LK6-D-I	Negative	0.707021	0.292979
1U00-P-A	Negative	0.758176	0.241824
1QLF-C-A	Positive	0.138288	0.861712
1K2D-P-A	Negative	0.8852	0.1148
1R9N-E-A	Positive	0.168574	0.831426
1R9N-F-B	Negative	0.580993	0.419007
1R9N-H-D	Positive	0.454848	0.545152
1T20-C-A	Negative	0.866614	0.133386
1NZL-C-B	Positive	0.447247	0.552753
1SR5-B-C	Positive	0.178019	0.821981
1AR8-0-4	Negative	0.8574	0.1426
1HLE-B-A	Positive	0.321419	0.678581
1FM9-E-D	Negative	0.513289	0.486711
1T2W-D-A	Negative	0.889577	0.110423
1MHC-C-A	Negative	0.864326	0.135674
1XLS-I-A	Negative	0.532621	0.467379
1XLS-M-E	Negative	0.79208	0.20792
1ZKK-E-A	Negative	0.875738	0.124262
1ZKK-G-A	Negative	0.677941	0.322059
1JLU-S-E	Negative	0.740214	0.259786
1G7P-P-A	Negative	0.985508	0.0144917
1OQD-K-A	Positive	0.385147	0.614853
1OQD-N-E	Positive	0.320037	0.679963
1Z8G-L-A	Positive	0.207249	0.792751
1KPR-P-A	Negative	0.594949	0.405051
1YRN-A-B	Negative	0.514231	0.485769
1GWQ-C-A	Positive	0.200032	0.799968
1B6J-C-A	Negative	0.813809	0.186191
1AWI-P-A	Negative	0.577512	0.422488
1VYT-E-A	Negative	0.742967	0.257033
1VYT-F-B	Negative	0.609992	0.390008
1SB1-I-H	Negative	0.838176	0.161824
1VDN-B-A	Negative	0.860821	0.139179
1PIC-B-A	Negative	0.952957	0.0470431
1JPL-E-A	Negative	0.940258	0.0597417
1JPL-H-C	Negative	0.965777	0.0342233
1KHQ-I-A	Negative	0.779522	0.220478
1YMT-B-A	Negative	0.880874	0.119126
1JY3-N-O	Positive	0.359212	0.640788
1JY3-P-O	Positive	0.0727586	0.927241
1FPN-4-1	Positive	0.310782	0.689218
1YTV-M-A	Negative	0.859656	0.140344
1YTV-N-B	Negative	0.811057	0.188943
1DZI-B-A	Positive	0.0815198	0.91848
1YCP-L-H	Negative	0.506005	0.493995
1YCP-F-H	Negative	0.619163	0.380837
1DWB-I-H	Negative	0.672632	0.327368
1AGB-C-A	Negative	0.67692	0.32308
1LEM-B-A	Positive	0.422012	0.577988
1GWR-C-A	Negative	0.980693	0.0193068
1G1H-B-A	Negative	0.526273	0.473727
1N7F-C-A	Positive	0.247674	0.752326
1QLE-D-A	Negative	0.6609	0.3391
1UTC-P-A	Negative	0.694476	0.305524
1ZZD-B-A	Positive	0.40231	0.59769
1L7Z-B-A	Negative	0.742729	0.257271
1TVB-C-A	Negative	0.715478	0.284522
1F1W-B-A	Negative	0.880297	0.119703
1O6L-C-A	Positive	0.475072	0.524928
1GCT-D-B	Negative	0.891471	0.108529
1CJF-C-A	Positive	0.458806	0.541194
1JD2-8-H	Negative	0.513639	0.486361
1EE4-C-A	Negative	0.910564	0.0894355
1EE4-D-A	Negative	0.709712	0.290288
1EE4-F-B	Negative	0.812259	0.187741
1BJR-I-E	Negative	0.976158	0.0238424
1R17-C-A	Positive	0.330124	0.669876
1ZT7-P-A	Negative	0.903468	0.096532
1XR8-C-A	Negative	0.792122	0.207878
1Q5W-A-B	Positive	0.34894	0.65106
1OLN-B-A	Negative	0.624403	0.375597
1DM4-A-B	Positive	0.263605	0.736395
1DM4-C-B	Negative	0.865603	0.134397
1RBE-S-A	Negative	0.920473	0.0795267
1TME-4-1	Negative	0.796026	0.203974
1T29-B-A	Positive	0.379635	0.620365
1JUF-C-A	Negative	0.924485	0.0755148
1P8J-J-A	Negative	0.582479	0.417521
1B32-B-A	Positive	0.432816	0.567184
1TMB-L-H	Negative	0.558478	0.441522
1LES-B-A	Positive	0.236222	0.763778
1JWG-C-A	Negative	0.883161	0.116839
1JWG-D-B	Negative	0.964478	0.0355221
1BMM-L-H	Negative	0.750739	0.249261
1IBC-C-A	Negative	0.762252	0.237748
1HI6-C-A	Negative	0.925718	0.0742816
1UMW-E-A	Negative	0.551744	0.448256
1DN2-E-A	Negative	0.802601	0.197399
1I7A-E-A	Negative	0.865664	0.134336
1YUC-C-A	Positive	0.176908	0.823092
1YUC-D-B	Negative	0.884465	0.115535
1T73-B-A	Negative	0.933532	0.066468
1TZS-P-A	Negative	0.710693	0.289307
1TZS-X-A	Positive	0.206072	0.793928
1A1N-C-A	Positive	0.475967	0.524033
1U8K-C-A	Negative	0.80362	0.19638
1FYR-I-A	Negative	0.763362	0.236638
1G1F-B-A	Positive	0.203393	0.796607
1LQV-C-A	Negative	0.600579	0.399421
1PTT-B-A	Negative	0.965515	0.034485
1ONV-B-A	Negative	0.971133	0.0288673
1MK7-A-B	Negative	0.721081	0.278918
1MK7-C-B	Negative	0.649788	0.350212
1QR1-C-A	Positive	0.392767	0.607233
1JYI-P-A	Negative	0.824699	0.175301
1IWQ-B-A	Negative	0.54814	0.45186
1L4A-E-A	Negative	0.901549	0.0984508
1OXQ-F-E	Negative	0.781297	0.218703
1N6E-B-A	Positive	0.416892	0.583108
1R5I-C-A	Positive	0.360975	0.639025
1FG2-C-A	Negative	0.555675	0.444325
1QGC-5-1	Negative	0.711916	0.288084
1E4W-P-H	Positive	0.359204	0.640796
1T08-B-A	Negative	0.502338	0.497662
1T08-C-A	Negative	0.772767	0.227233
1MJE-B-A	Negative	0.561105	0.438895
1QMB-B-A	Positive	0.0905809	0.909419
1M45-B-A	Negative	0.831337	0.168663
1GFF-3-1	Positive	0.299873	0.700127
1YK0-E-A	Positive	0.106762	0.893238
1QBQ-P-A	Positive	0.274104	0.725896
1RFI-C-A	Negative	0.858748	0.141252
1RFI-E-B	Negative	0.69673	0.30327
1B3L-B-A	Positive	0.148623	0.851377
1B07-C-A	Negative	0.670375	0.329625
1SUA-C-A	Negative	0.872217	0.127783
1JXQ-E-A	Negative	0.868111	0.131889
1O9F-P-A	Negative	0.718317	0.281683
1ZSD-C-A	Negative	0.791423	0.208577
1OU8-C-A	Negative	0.864146	0.135854
1OU8-D-B	Negative	0.892744	0.107256
1RKH-C-A	Negative	0.769657	0.230343
1RD3-C-D	Negative	0.776104	0.223896
1ER8-I-E	Negative	0.632527	0.367473
1STR-M-B	Positive	0.324032	0.675968
1MOX-C-A	Positive	0.234646	0.765354
1MOX-D-B	Positive	0.198368	0.801632
1OFS-B-A	Positive	0.250342	0.749658
1LOB-B-A	Positive	0.343809	0.656191
1I7T-C-A	Negative	0.70884	0.29116
1H8E-I-G	Positive	0.199251	0.800749
1XMN-C-D	Negative	0.80409	0.19591
1UXW-C-A	Negative	0.97286	0.0271403
1KAP-I-P	Negative	0.678705	0.321295
1SVF-B-A	Negative	0.627792	0.372208
1SVF-D-C	Negative	0.82836	0.17164
1A30-C-A	Negative	0.931943	0.0680574
1D00-I-A	Negative	0.85711	0.14289
1H3H-B-A	Positive	0.284277	0.715723
1T3L-B-A	Negative	0.517461	0.482539
1HXL-C-A	Positive	0.237427	0.762573
1XV9-H-A	Negative	0.674252	0.325748
1XV9-F-B	Positive	0.44485	0.55515
1Q3P-C-A	Negative	0.916475	0.0835254
1BQH-C-A	Negative	0.933309	0.066691
1S7S-C-A	Negative	0.68302	0.31698
1LGB-B-A	Positive	0.341074	0.658926
1AGD-C-A	Negative	0.777821	0.222179
1QXA-B-A	Negative	0.827284	0.172716
1P8D-C-A	Negative	0.906443	0.0935572
1P8D-D-B	Positive	0.350938	0.649062
1CA9-G-A	Negative	0.536888	0.463112
1CA9-H-B	Positive	0.398437	0.601563
1S5R-A-B	Negative	0.69122	0.30878
1D7Q-B-A	Negative	0.945373	0.0546275
1VF5-E-A	Positive	0.0877326	0.912267
1VF5-G-A	Positive	0.139128	0.860872
1VF5-F-C	Positive	0.264026	0.735974
1VF5-H-C	Positive	0.10426	0.89574
1VF5-T-N	Positive	0.217452	0.782548
1VF5-S-O	Positive	0.192847	0.807153
1O6O-D-A	Negative	0.64386	0.35614
1O6O-E-C	Negative	0.723315	0.276685
1G0Y-I-R	Negative	0.657576	0.342424
1JPG-C-A	Negative	0.741389	0.258611
1SJE-C-A	Positive	0.468489	0.531511
1Y2A-P-C	Positive	0.486204	0.513796
1HIN-P-L	Negative	0.628887	0.371113
1KMC-C-A	Negative	0.645969	0.354031
1VZQ-I-H	Negative	0.7848	0.2152
1EJH-E-A	Negative	0.59865	0.40135
1EJH-F-B	Negative	0.820794	0.179206
1EJH-G-C	Negative	0.608379	0.391622
1EJH-H-D	Negative	0.537205	0.462795
1KTS-A-B	Negative	0.774468	0.225532
1FFO-C-A	Negative	0.797466	0.202534
1A2X-B-A	Positive	0.0733136	0.926686
1EPL-I-E	Negative	0.690748	0.309252
1FGL-B-A	Positive	0.150766	0.849234
1HCT-A-B	Negative	0.944853	0.0551472
1SKG-B-A	Positive	0.0822109	0.917789
1OHH-H-A	Negative	0.660782	0.339218
1MFL-B-A	Negative	0.950572	0.0494281
1PD1-B-A	Negative	0.663999	0.336001
1MZW-B-A	Positive	0.179498	0.820502
1Z8J-A-B	Positive	0.469556	0.530444
1S9V-C-A	Negative	0.859608	0.140392
1H15-C-A	Negative	0.568984	0.431016
1DEV-B-A	Negative	0.764021	0.235979
1DEV-D-C	Negative	0.900637	0.0993625
1CKB-B-A	Negative	0.696811	0.303189
1NRQ-L-H	Positive	0.317715	0.682285
1NRQ-R-H	Negative	0.762463	0.237537
1XKH-I-A	Negative	0.505791	0.494209
1QRN-C-A	Negative	0.785419	0.214581
1K3N-B-A	Negative	0.838217	0.161783
1YCR-B-A	Negative	0.866337	0.133663
1JU5-B-A	Positive	0.291562	0.708438
1T1W-C-A	Negative	0.646424	0.353576
1SM3-P-L	Negative	0.549689	0.450311
1BSX-X-A	Negative	0.812742	0.187258
1KIL-E-A	Negative	0.786164	0.213836
1NKZ-F-C	Negative	0.901006	0.0989937
1B4Z-B-A	Positive	0.239007	0.760993
1KC5-P-L	Negative	0.70133	0.29867
1NH0-I-A	Negative	0.898419	0.101581
1JM4-A-B	Positive	0.133719	0.866281
1MK2-B-A	Negative	0.695264	0.304736
1OW8-D-A	Negative	0.937957	0.0620431
1SQK-B-A	Negative	0.695382	0.304618
1JPP-C-A	Positive	0.389414	0.610586
1JPP-D-B	Negative	0.73637	0.26363
1QLS-D-A	Positive	0.343603	0.656397
1ZDU-Q-A	Negative	0.83329	0.16671
1YM4-X-A	Negative	0.752111	0.247889
1JBU-X-H	Positive	0.160269	0.839731
1G3J-B-A	Negative	0.927615	0.0723846
1G3J-D-A	Negative	0.949992	0.0500082
1JOU-A-B	Negative	0.754171	0.245829
1JOU-C-B	Negative	0.776476	0.223524
1JOU-E-F	Negative	0.755884	0.244116
1P7V-B-A	Negative	0.924399	0.0756013
1TJ9-B-A	Negative	0.510855	0.489145
1Q2C-B-A	Positive	0.444031	0.555969
1QSE-C-A	Positive	0.183297	0.816703
1HES-P-A	Negative	0.658249	0.341751
1I73-B-A	Negative	0.882301	0.117699
1NS3-C-A	Positive	0.372409	0.627591
1KDX-B-A	Negative	0.645632	0.354368
1PEG-P-A	Negative	0.705757	0.294243
1PEG-Q-B	Negative	0.870718	0.129282
1SOZ-D-A	Positive	0.148336	0.851664
1OBX-B-A	Negative	0.638337	0.361663
1UPK-B-A	Negative	0.767548	0.232452
1W7V-E-A	Negative	0.882301	0.117699
1YYL-M-G	Positive	0.189421	0.810579
1G9I-I-E	Positive	0.321541	0.678459
1OHF-E-A	Positive	0.0770836	0.922916
1OHF-F-B	Positive	0.347355	0.652645
1QZ2-G-A	Negative	0.878754	0.121246
1A37-P-A	Negative	0.962508	0.0374916
1H9O-B-A	Negative	0.952957	0.0470431
1PCG-E-A	Negative	0.859221	0.140779
1CSY-B-A	Negative	0.830224	0.169776
1TNZ-M-A	Negative	0.828972	0.171028
1NEX-E-B	Negative	0.888032	0.111968
1NEX-F-D	Negative	0.665289	0.334711
1NLP-N-C	Negative	0.946474	0.0535256
1NIW-B-A	Positive	0.331345	0.668655
1TL9-B-A	Negative	0.683942	0.316058
1GVX-I-A	Negative	0.542117	0.457883
1FT8-E-A	Negative	0.516392	0.483608
1H26-E-B	Negative	0.780431	0.219569
1AB9-D-B	Negative	0.812897	0.187103
1ISQ-B-A	Negative	0.898881	0.101119
1F59-C-A	Negative	0.774438	0.225562
1F59-D-B	Negative	0.781899	0.218101
1NLO-N-C	Negative	0.946474	0.0535256
1TET-P-L	Positive	0.192904	0.807096
1LTA-C-D	Negative	0.919851	0.0801494
1ZGX-B-A	Negative	0.816707	0.183293
1NLN-B-A	Positive	0.496675	0.503325
1NPQ-B-A	Negative	0.660409	0.339591
1I8K-C-A	Negative	0.940591	0.0594089
1YYM-M-G	Positive	0.221202	0.778798
1YYM-S-P	Positive	0.221202	0.778798
1RBD-S-A	Negative	0.679454	0.320546
1YWT-C-A	Negative	0.941109	0.0588906
1YWT-D-B	Negative	0.944765	0.0552354
1QKZ-P-H	Negative	0.73853	0.26147
1I5K-C-A	Negative	0.884672	0.115328
1D4W-C-A	Positive	0.446643	0.553357
1HHH-C-A	Negative	0.901137	0.0988632
1T3E-P-A	Positive	0.234848	0.765152
1ILQ-C-A	Negative	0.605498	0.394502
1SE0-B-A	Negative	0.600437	0.399563
1ZUB-B-A	Negative	0.831892	0.168108
1CSB-A-B	Negative	0.538805	0.461195
1CSB-D-E	Negative	0.538805	0.461195
1R1A-4-1	Positive	0.417216	0.582784
1ORH-B-A	Positive	0.464334	0.535666
1NU2-B-A	Positive	0.479691	0.520309
1ICF-B-A	Negative	0.675654	0.324346
1E0F-C-E	Positive	0.353724	0.646276
1TU3-F-A	Positive	0.205391	0.794609
1TU3-H-B	Positive	0.248296	0.751704
1TU3-I-C	Positive	0.227265	0.772735
1B5J-B-A	Positive	0.305617	0.694383
1G1G-B-A	Positive	0.336374	0.663626
1EZX-B-A	Positive	0.0436485	0.956351
1CP3-C-A	Negative	0.898394	0.101606
1FE6-C-A	Negative	0.585966	0.414034
1OKW-E-B	Negative	0.908807	0.091193
1YWH-B-A	Negative	0.881405	0.118595
1N12-B-A	Negative	0.705244	0.294756
1KO6-B-A	Negative	0.825095	0.174905
1FIW-L-A	Negative	0.556626	0.443374
1U8I-C-A	Negative	0.764321	0.235679
1JEV-B-A	Negative	0.750468	0.249532
1XH3-C-A	Positive	0.381304	0.618696
1TW6-D-B	Positive	0.195418	0.804582
1OLA-B-A	Negative	0.867105	0.132895
1K8D-P-A	Negative	0.542352	0.457648
1YP1-B-A	Positive	0.26773	0.73227
1EBD-C-A	Positive	0.288864	0.711136
1LDP-P-H	Negative	0.606227	0.393773
1LDP-Q-H	Negative	0.873817	0.126183
1QVO-C-A	Negative	0.859935	0.140065
1LDK-E-A	Negative	0.59297	0.40703
1W9E-R-A	Negative	0.884276	0.115724
1W9E-T-A	Negative	0.755266	0.244734
1M93-A-B	Negative	0.627356	0.372644
1M93-C-B	Positive	0.325556	0.674444
1NQL-B-A	Positive	0.20856	0.79144
1QSC-D-A	Negative	0.663842	0.336158
1EE5-B-A	Positive	0.158293	0.841707
1HOC-C-A	Negative	0.648298	0.351702
1ZAX-Z-A	Negative	0.824119	0.175881
1Q90-R-A	Negative	0.783631	0.216369
1Q90-G-A	Negative	0.572381	0.427619
1Q90-L-A	Negative	0.796352	0.203648
1Q90-M-A	Negative	0.546293	0.453707
1Q90-N-A	Negative	0.591278	0.408722
1HC9-C-A	Negative	0.98131	0.0186901
1HC9-D-B	Negative	0.826752	0.173248
1OT5-C-A	Positive	0.151337	0.848663
1QTX-B-A	Negative	0.697393	0.302607
1GL0-I-E	Negative	0.538294	0.461706
1QX8-A-B	Positive	0.498827	0.501173
1ZKF-C-A	Negative	0.791029	0.208971
1KU8-B-A	Negative	0.741562	0.258438
1KU8-F-A	Negative	0.557524	0.442476
1L4W-B-A	Negative	0.577875	0.422125
1PYU-A-B	Negative	0.705595	0.294405
1C4Y-3-2	Negative	0.751371	0.248629
1WLP-A-B	Positive	0.294217	0.705783
1A38-P-A	Negative	0.72531	0.27469
1UOO-B-A	Positive	0.0213911	0.978609
1GUW-B-A	Negative	0.860027	0.139973
1E8N-I-A	Positive	0.419433	0.580567
1RDT-E-D	Negative	0.925233	0.0747667
1MQS-B-A	Negative	0.585615	0.414385
1EJY-N-I	Positive	0.357055	0.642945
1B8Q-B-A	Negative	0.730958	0.269042
1EFR-Q-A	Negative	0.815323	0.184677
1TG1-C-A	Negative	0.695324	0.304676
1T2V-F-A	Negative	0.668609	0.331391
1T2V-J-A	Negative	0.858014	0.141986
1T2V-I-D	Negative	0.885299	0.114701
1SPS-D-A	Negative	0.768647	0.231353
1SPS-F-A	Negative	0.829045	0.170955
1SPS-E-B	Negative	0.66717	0.33283
1HIA-I-A	Positive	0.133318	0.866682
1HQW-B-A	Negative	0.76095	0.23905
1SB0-B-A	Negative	0.605251	0.394749
1ICE-T-A	Negative	0.766281	0.233719
1SJH-C-A	Positive	0.241624	0.758376
1T1Y-C-A	Negative	0.76496	0.23504
1G5J-B-A	Negative	0.636387	0.363613
1GMC-B-F	Negative	0.891471	0.108529
1WBY-C-A	Negative	0.727072	0.272928
1JUQ-E-A	Negative	0.852268	0.147732
1JUQ-F-B	Negative	0.628979	0.371021
1JUQ-H-D	Negative	0.880288	0.119712
1TK4-B-A	Positive	0.356181	0.643819
1EEO-B-A	Positive	0.497997	0.502003
1S6C-B-A	Positive	0.331807	0.668193
1RGR-B-A	Negative	0.908436	0.0915636
1N51-B-A	Negative	0.79462	0.20538
1RTF-A-B	Positive	0.371688	0.628312
1BC5-T-A	Negative	0.778304	0.221696
1JET-B-A	Positive	0.113576	0.886424
1EYX-G-B	Negative	0.949849	0.0501515
1EYX-H-L	Negative	0.862398	0.137602
1GJD-A-B	Negative	0.945102	0.0548977
1PPG-I-E	Negative	0.93861	0.0613898
1EEZ-C-A	Negative	0.739014	0.260986
1OY7-F-E	Negative	0.940438	0.059562
1JB0-J-A	Negative	0.637496	0.362504
1JB0-K-A	Positive	0.110221	0.889779
1JB0-M-B	Positive	0.38979	0.61021
1JB0-X-B	Negative	0.823108	0.176892
1B5I-B-A	Positive	0.372225	0.627775
1T76-B-A	Negative	0.680253	0.319747
1E54-B-A	Negative	0.844801	0.155199
1RBH-S-A	Negative	0.949543	0.050457
1M26-D-A	Negative	0.517365	0.482635
1SMR-B-A	Positive	0.396255	0.603745
1NX0-C-A	Negative	0.800167	0.199833
1NX0-E-A	Negative	0.774109	0.225891
1WKW-B-A	Negative	0.626317	0.373683
1AQD-C-A	Positive	0.462598	0.537402
1AQD-F-D	Positive	0.243215	0.756785
1PSB-C-A	Negative	0.873586	0.126414
1CVU-F-B	Negative	0.806166	0.193834
1UJ0-B-A	Negative	0.525814	0.474186
1N3N-I-A	Negative	0.918156	0.0818441
1WA7-B-A	Positive	0.206159	0.793841
1H59-B-A	Negative	0.531622	0.468378
1AYA-P-A	Negative	0.716865	0.283135
1AYA-Q-B	Negative	0.850261	0.149739
1TY4-C-A	Positive	0.297991	0.702009
1TY4-D-B	Negative	0.639374	0.360626
1L5G-C-A	Negative	0.909186	0.0908144
1APV-I-E	Negative	0.811539	0.188461
1M72-D-A	Negative	0.944454	0.0555463
1APT-I-E	Negative	0.811539	0.188461
1MQ1-C-A	Positive	0.300275	0.699725
1JEU-B-A	Positive	0.486757	0.513243
1Y19-A-B	Positive	0.389311	0.610689
1QGR-B-A	Positive	0.235944	0.764056
1SVH-B-A	Positive	0.253646	0.746354
1DP5-B-A	Negative	0.654964	0.345036
1U7B-B-A	Negative	0.91729	0.0827097
1R1R-D-A	Negative	0.928519	0.0714815
1R1R-P-A	Positive	0.457067	0.542933
1GVU-I-A	Positive	0.367656	0.632344
1N86-G-C	Positive	0.386154	0.613846
1XR9-C-A	Positive	0.275398	0.724602
1MPA-P-L	Negative	0.949326	0.050674
1SMF-I-E	Negative	0.582582	0.417418
1B3F-B-A	Negative	0.595337	0.404663
1CMX-D-A	Negative	0.951588	0.0484122
1G5Q-M-A	Negative	0.942156	0.0578441
1KL5-E-A	Negative	0.771411	0.228589
1KL5-F-B	Negative	0.705437	0.294563
1QSN-B-A	Negative	0.652657	0.347343
1JRR-P-A	Negative	0.799957	0.200043
1CI6-B-A	Negative	0.903359	0.0966408
1F8A-C-B	Positive	0.478511	0.521489
1H2M-S-A	Positive	0.17381	0.82619
1PIP-B-A	Negative	0.980953	0.0190474
1WBZ-P-A	Negative	0.842493	0.157507
1D8T-C-A	Negative	0.773544	0.226456
1AGC-C-A	Negative	0.799376	0.200624
1APU-I-E	Negative	0.811539	0.188461
1NPO-B-A	Negative	0.909001	0.0909987
1B46-B-A	Negative	0.707126	0.292874
1V1T-T-A	Negative	0.844602	0.155398
1OL5-B-A	Negative	0.564654	0.435346
1ZH7-C-A	Negative	0.686061	0.313939
1MA3-B-A	Negative	0.902153	0.0978472
1P16-C-A	Positive	0.438872	0.561128
1P16-D-A	Positive	0.158832	0.841168
1EES-B-A	Positive	0.210153	0.789847
1OKX-C-A	Negative	0.937596	0.0624043
1BHF-I-A	Negative	0.926904	0.0730956
1JW6-B-A	Negative	0.903237	0.0967629
1QSF-C-A	Negative	0.667793	0.332207
1OLC-B-A	Positive	0.413267	0.586733
1HAZ-A-B	Negative	0.945898	0.0541017
1KCS-P-L	Negative	0.835343	0.164657
1C4U-3-2	Positive	0.336303	0.663697
1N2D-C-A	Negative	0.739196	0.260804
1YM0-B-A	Negative	0.535513	0.464487
1J2X-B-A	Negative	0.948806	0.0511935
1WRZ-B-A	Negative	0.869692	0.130308
1HTE-C-A	Negative	0.966354	0.0336464
1RK8-C-A	Negative	0.535522	0.464478
1PFB-B-A	Negative	0.626301	0.373699
1PU9-B-A	Negative	0.922821	0.0771794
1U8N-C-A	Negative	0.621603	0.378397
1G6G-E-A	Negative	0.942706	0.0572941
1G6G-F-B	Negative	0.769751	0.230249
1KLQ-B-A	Positive	0.303487	0.696513
1HTR-P-B	Positive	0.254073	0.745927
1T7R-B-A	Negative	0.767099	0.232901
1OXG-B-A	Positive	0.233343	0.766657
1ZUK-C-A	Positive	0.464075	0.535925
1BEV-4-1	Positive	0.285349	0.714651
1MNF-O-A	Positive	0.394936	0.605064
1KJM-P-A	Positive	0.245102	0.754898
1NLT-B-A	Positive	0.0450605	0.95494
1B0R-C-A	Positive	0.302611	0.697389
1LQ8-B-A	Positive	0.322858	0.677142
1LQ8-F-E	Positive	0.314093	0.685907
1TOC-A-B	Negative	0.814721	0.185279
1HY2-E-A	Negative	0.790513	0.209487
1H8D-L-H	Positive	0.461406	0.538594
1JAC-B-A	Positive	0.307057	0.692943
1T0J-C-B	Positive	0.309765	0.690235
1FAV-C-A	Negative	0.920829	0.0791715
1CWE-B-A	Negative	0.751436	0.248564
1P7I-C-D	Positive	0.473563	0.526437
1XCQ-P-A	Negative	0.940283	0.059717
1XCQ-Q-C	Positive	0.459745	0.540255
1THS-I-H	Positive	0.393808	0.606192
1DLK-A-B	Negative	0.940973	0.0590273
1DLK-E-B	Negative	0.624536	0.375464
1PJN-A-B	Positive	0.326043	0.673957
1E79-I-G	Positive	0.462323	0.537677
1PD7-B-A	Positive	0.323987	0.676013
1PNB-A-B	Negative	0.520005	0.479995
1QG1-I-E	Negative	0.866943	0.133057
1NRR-R-H	Negative	0.775668	0.224332
1LVM-C-A	Negative	0.904844	0.0951556
1LVM-E-A	Negative	0.858583	0.141417
1SVZ-C-A	Negative	0.517177	0.482823
1SSH-B-A	Positive	0.0389266	0.961073
1LDT-L-T	Positive	0.0310595	0.96894
1MTP-B-A	Positive	0.43801	0.56199
1ABO-C-A	Negative	0.981781	0.0182194
1XN2-E-A	Negative	0.687782	0.312218
1P4U-B-A	Negative	0.901212	0.0987879
1AQC-C-A	Negative	0.657958	0.342042
1FBV-B-A	Negative	0.98815	0.0118501
1FU5-B-A	Negative	0.976414	0.0235858
1NZV-C-B	Negative	0.759859	0.240141
1CWD-P-L	Negative	0.987755	0.012245
1IRS-B-A	Positive	0.171456	0.828544
1YYP-B-A	Negative	0.599919	0.400081
1YP0-B-A	Negative	0.735596	0.264404
1RHI-4-1	Negative	0.806927	0.193073
1JCD-A-B	Negative	0.664962	0.335038
1HIM-P-H	Negative	0.628887	0.371113
1HIM-R-J	Negative	0.939955	0.060045
1SYS-C-A	Negative	0.677383	0.322617
1NRL-C-A	Negative	0.921185	0.078815
1PWW-C-A	Negative	0.899981	0.100019
1RLP-R-C	Negative	0.913487	0.0865127
1J71-B-A	Negative	0.889543	0.110457
1FLE-I-E	Positive	0.148885	0.851115
1IAK-P-A	Negative	0.688311	0.311689
1C8O-B-A	Positive	0.307585	0.692415
1CF4-B-A	Negative	0.658054	0.341946
1DXP-C-A	Negative	0.849307	0.150693
1TAB-I-E	Positive	0.298936	0.701064
1LVB-C-A	Negative	0.799667	0.200333
1YOW-B-A	Positive	0.48138	0.51862
1IVO-C-A	Positive	0.448616	0.551384
1XB1-G-A	Negative	0.765263	0.234737
1RST-P-B	Negative	0.680758	0.319242
1OC0-B-A	Positive	0.241534	0.758466
1Y98-B-A	Positive	0.253484	0.746516
1C9P-B-A	Positive	0.450398	0.549602
1BXL-B-A	Negative	0.666569	0.333431
1U91-C-A	Positive	0.291537	0.708463
1YBK-C-A	Negative	0.719852	0.280148
1HSA-C-A	Positive	0.37019	0.62981
1BHX-E-B	Negative	0.762911	0.237089
1CKA-B-A	Positive	0.417247	0.582753
1X7B-C-A	Negative	0.903463	0.0965367
1W70-C-A	Negative	0.886102	0.113898
1W70-D-A	Negative	0.953113	0.0468866
1S8D-C-A	Negative	0.977374	0.0226264
1JPF-C-A	Positive	0.262008	0.737992
1TII-C-D	Negative	0.806884	0.193116
1QX7-D-I	Positive	0.322937	0.677063
1KLU-C-A	Negative	0.920304	0.0796957
1XU2-R-A	Negative	0.565182	0.434818
1XU2-T-A	Negative	0.63336	0.36664
1XU2-S-B	Negative	0.698625	0.301375
1YTH-I-A	Negative	0.951399	0.0486006
1FFP-C-A	Negative	0.79589	0.20411
1DPJ-B-A	Negative	0.755095	0.244905
1GGI-P-L	Positive	0.117601	0.882399
1DDM-B-A	Positive	0.180729	0.819271
1BDV-A-B	Positive	0.166698	0.833302
1BDV-D-B	Positive	0.344807	0.655193
1A3R-P-L	Negative	0.97631	0.0236902
1A1O-C-A	Negative	0.502644	0.497356
1U8O-C-A	Positive	0.381732	0.618268
1RXM-B-A	Negative	0.885687	0.114313
1WBX-C-A	Negative	0.793903	0.206097
1QZ7-B-A	Negative	0.93802	0.0619802
1HQR-C-A	Positive	0.253444	0.746556
1EJ4-B-A	Positive	0.302197	0.697803
1F7A-P-A	Negative	0.850373	0.149627
1UN0-C-A	Negative	0.709888	0.290112
1SLG-M-B	Negative	0.836137	0.163863
1SLG-P-D	Negative	0.828138	0.171862
1D5E-A-B	Negative	0.979041	0.0209589
1OKV-E-B	Negative	0.948446	0.0515542
1IR3-B-A	Negative	0.830193	0.169808
1T7F-B-A	Negative	0.912611	0.0873891
1U6H-B-A	Positive	0.410555	0.589445
1EB1-A-H	Negative	0.867256	0.132744
1U38-B-A	Negative	0.596869	0.403131
1XJ7-B-A	Negative	0.978523	0.0214768
1YTI-I-A	Negative	0.748654	0.251346
1FF1-B-A	Negative	0.88211	0.11789
1Q1T-A-C	Negative	0.990081	0.009919
1Q1T-B-C	Positive	0.312727	0.687273
1FLL-X-A	Negative	0.726354	0.273646
1TJH-P-L	Negative	0.886633	0.113367
1TBZ-L-H	Positive	0.268453	0.731547
1Y43-A-B	Positive	0.143089	0.856911
1BGY-I-A	Negative	0.64159	0.35841
1BGY-K-A	Positive	0.353433	0.646567
1ZVS-C-A	Negative	0.906947	0.093053
1OSG-G-A	Negative	0.578879	0.421121
1R1L-D-I	Negative	0.707021	0.292979
1JDP-H-A	Positive	0.0827969	0.917203
1RZX-B-A	Negative	0.879381	0.120619
1HH9-C-A	Negative	0.97106	0.0289402
1L0N-K-A	Positive	0.193721	0.806279
1AYB-P-A	Negative	0.582841	0.417159
1T4F-P-M	Negative	0.800241	0.199759
1F58-P-L	Negative	0.523094	0.476906
1XGY-P-L	Negative	0.614211	0.385789
1NOP-C-A	Negative	0.966489	0.0335108
1YOK-B-A	Negative	0.6942	0.3058
1KKQ-E-A	Negative	0.876471	0.123529
1S9X-C-A	Negative	0.611323	0.388677
1EMU-B-A	Negative	0.88632	0.11368
1YDI-B-A	Positive	0.189415	0.810585
1RBG-S-A	Negative	0.909517	0.0904828
1P22-C-A	Negative	0.886091	0.113909
1S9Y-C-A	Negative	0.659173	0.340827
1YVH-B-A	Negative	0.684423	0.315577
1A7C-B-A	Negative	0.878555	0.121445
1XHM-B-A	Negative	0.838735	0.161265
1XHM-C-A	Positive	0.0810398	0.91896
1D01-G-C	Negative	0.978134	0.0218665
1KJ2-P-H	Negative	0.846493	0.153507
1R8U-A-B	Positive	0.194072	0.805928
1TBQ-L-H	Negative	0.59405	0.40595
1JCR-C-A	Negative	0.919376	0.0806242
1MVF-D-A	Negative	0.692698	0.307302
1RB8-J-F	Negative	0.645481	0.354519
1ELW-C-A	Positive	0.498119	0.501881
1EVH-B-A	Positive	0.385198	0.614802
1TT5-E-B	Positive	0.311345	0.688655
1TT5-F-B	Negative	0.731959	0.268041
1KTL-P-A	Negative	0.931124	0.0688759
1LGH-B-A	Negative	0.882389	0.117611
1LGH-E-A	Negative	0.882389	0.117611
1GL1-I-A	Positive	0.0143079	0.985692
1GL1-J-B	Positive	0.100125	0.899875
1FM6-V-U	Negative	0.576563	0.423437
1FM6-Y-X	Positive	0.49673	0.50327
1G37-B-A	Negative	0.952915	0.0470854
1G65-3-K	Negative	0.734331	0.265669
1B40-B-A	Negative	0.724248	0.275752
1NRS-R-H	Negative	0.617316	0.382684
1VYJ-B-A	Positive	0.339563	0.660437
1JD5-B-A	Negative	0.834723	0.165277
1BY5-B-A	Negative	0.827284	0.172716
1O6P-D-A	Negative	0.543354	0.456646
1O6P-E-A	Negative	0.679848	0.320152
1XDK-C-A	Positive	0.411379	0.588621
1XDK-D-B	Positive	0.132078	0.867922
1L6O-D-A	Negative	0.861661	0.138339
1JKY-B-A	Negative	0.632525	0.367475
1GYB-E-A	Positive	0.418842	0.581158
1GYB-F-A	Positive	0.31015	0.68985
1GYB-G-C	Positive	0.207764	0.792236
1JUI-P-A	Positive	0.317719	0.682281
1PWV-C-A	Negative	0.812644	0.187356
1CDL-E-A	Positive	0.391718	0.608282
1CDL-G-C	Positive	0.352156	0.647844
1CDL-H-C	Positive	0.2232	0.7768
1IFH-P-L	Negative	0.636299	0.363701
1EBP-C-A	Positive	0.259444	0.740556
1LEZ-B-A	Negative	0.538465	0.461535
1W9Q-S-B	Negative	0.737683	0.262317
1VPP-X-V	Positive	0.378268	0.621732
1VPP-Y-V	Positive	0.429388	0.570612
1ZUZ-B-A	Negative	0.71051	0.28949
1P9U-G-A	Negative	0.940867	0.0591328
1BZ9-C-A	Negative	0.615942	0.384058
1BBZ-B-A	Negative	0.890033	0.109967
1EPT-A-B	Positive	0.29436	0.70564
1JHT-C-A	Negative	0.612488	0.387512
1GUX-E-B	Negative	0.722541	0.277459
1ACY-P-L	Negative	0.823638	0.176362
1DD3-C-A	Negative	0.651326	0.348674
1GY3-E-A	Positive	0.236463	0.763537
1GHB-E-F	Negative	0.526693	0.473307
1GHB-P-F	Negative	0.868769	0.131231
1EAK-P-A	Negative	0.951707	0.0482931
1OQP-B-A	Positive	0.371859	0.628141
1HL3-B-A	Positive	0.431607	0.568393
1MT8-P-A	Negative	0.928061	0.0719394
1RBI-S-A	Negative	0.862823	0.137177
1N6J-G-A	Positive	0.403194	0.596806
1CE1-P-L	Negative	0.901356	0.0986438
1BE9-B-A	Negative	0.615478	0.384522
1F47-A-B	Negative	0.803721	0.196279
1S7W-C-A	Negative	0.932409	0.0675915
1XR0-A-B	Positive	0.0693219	0.930678
1NRN-R-H	Negative	0.794145	0.205855
1N4M-C-A	Positive	0.40262	0.59738
1N4M-E-B	Negative	0.711534	0.288466
1JMO-L-H	Positive	0.442802	0.557198
1RMH-C-A	Negative	0.908227	0.0917732
1LQB-D-B	Negative	0.616907	0.383093
1PAD-I-A	Negative	0.991651	0.00834921
1R1Q-C-A	Negative	0.755039	0.244961
1YJ9-2-R	Negative	0.54047	0.45953
1VC3-A-B	Negative	0.68188	0.31812
1ZGY-B-A	Negative	0.781129	0.218871
1X11-C-A	Positive	0.283955	0.716045
1C9L-C-A	Negative	0.800559	0.199441
1X8S-B-A	Negative	0.908352	0.0916475
1SSA-B-A	Negative	0.867492	0.132508
1PZL-B-A	Negative	0.533129	0.466871
1BK6-C-A	Negative	0.828588	0.171412
1BK6-D-A	Negative	0.540865	0.459135
1OEX-B-A	Negative	0.564062	0.435938
1LKK-B-A	Negative	0.926904	0.0730956
1Q1S-A-C	Negative	0.574787	0.425213
1Q1S-B-C	Negative	0.839955	0.160045
1CFN-C-A	Negative	0.95774	0.0422601
1HXZ-C-A	Positive	0.488989	0.511011
1AGE-C-A	Negative	0.801743	0.198257
1DML-B-A	Positive	0.222507	0.777493
1P4B-P-L	Positive	0.214086	0.785914
1Q1A-B-A	Positive	0.395583	0.604417
1SEM-C-A	Negative	0.507011	0.492989
1R1S-B-A	Negative	0.938047	0.0619534
1OQE-K-A	Positive	0.0823206	0.917679
1OQE-N-E	Negative	0.766666	0.233334
1E4X-P-H	Positive	0.269219	0.730781
1NES-I-E	Negative	0.842535	0.157465
1N4Q-M-A	Negative	0.890466	0.109534
1B51-B-A	Positive	0.104553	0.895447
1LTX-P-A	Negative	0.720461	0.279539
1E91-B-A	Negative	0.628577	0.371423
1N4R-M-A	Positive	0.388202	0.611798
1LD9-C-A	Negative	0.764023	0.235977
1XIU-E-A	Positive	0.441534	0.558466
1XIU-F-B	Negative	0.676709	0.323291
1KYD-P-A	Negative	0.916169	0.0838307
1ZL1-C-A	Negative	0.514958	0.485042
1OM2-B-A	Negative	0.936814	0.0631856
1L0A-B-A	Positive	0.227802	0.772198
1U8T-E-A	Negative	0.8383	0.1617
1YTG-I-A	Positive	0.374569	0.625431
1QKB-B-A	Negative	0.777459	0.222541
1N7T-B-A	Negative	0.745123	0.254877
1M5N-Q-S	Positive	0.300281	0.699719
1PYO-E-A	Negative	0.967512	0.0324884
1SDX-E-A	Negative	0.714898	0.285102
1JQ9-P-A	Positive	0.31091	0.68909
1J19-B-A	Negative	0.879775	0.120225
1SHB-B-A	Negative	0.87008	0.12992
1UHB-P-A	Positive	0.0691836	0.930816
1OX1-B-A	Negative	0.59618	0.40382
1BX2-F-D	Positive	0.132891	0.867109
1D5S-B-A	Positive	0.0981936	0.901806
1X2R-B-A	Negative	0.881385	0.118615
1YRK-B-A	Negative	0.800858	0.199142
1TZE-I-E	Positive	0.373485	0.626515
1S2K-B-A	Negative	0.930651	0.0693492
1HPG-B-A	Negative	0.909831	0.0901692
1RGQ-C-A	Positive	0.179139	0.820861
1RGQ-D-A	Positive	0.090794	0.909206
1HEF-I-E	Negative	0.91423	0.0857704
1DKD-E-A	Negative	0.646899	0.353101
1U95-C-A	Negative	0.799765	0.200235
1DIT-P-H	Negative	0.905106	0.0948942
1B9J-B-A	Positive	0.497868	0.502132
1PUA-B-A	Positive	0.333657	0.666343
1H27-E-B	Negative	0.751722	0.248278
1ZW3-B-A	Positive	0.0794312	0.920569
1KCR-P-L	Negative	0.89391	0.10609
1U8J-C-A	Negative	0.796923	0.203077
1FYN-B-A	Negative	0.957889	0.0421112
1ELR-B-A	Negative	0.878754	0.121246
1UCY-F-H	Negative	0.798531	0.201469
1UCY-G-E	Negative	0.775489	0.224511
1OX9-I-A	Negative	0.935233	0.064767
1PJ8-I-A	Negative	0.791873	0.208127
1LCK-B-A	Negative	0.728209	0.271791
1KY7-P-A	Positive	0.440521	0.559479
1JOJ-P-A	Negative	0.903237	0.0967629
1TQE-X-P	Positive	0.424073	0.575927
1W5C-F-A	Negative	0.501424	0.498576
1W5C-L-G	Negative	0.501424	0.498576
1VF6-D-A	Negative	0.823039	0.176961
1SBW-I-A	Positive	0.25484	0.74516
1FEV-A-B	Negative	0.816668	0.183332
1UXS-C-A	Negative	0.97286	0.0271403
1QFN-B-A	Negative	0.73868	0.26132
1VIT-I-H	Negative	0.914996	0.0850043
1BOG-C-A	Negative	0.922258	0.0777422
1TP5-B-A	Negative	0.768957	0.231043
1CMI-C-A	Positive	0.4183	0.5817
1M0V-B-A	Negative	0.918043	0.0819568
1PCX-B-A	Negative	0.820461	0.179539
1V9U-5-1	Positive	0.111659	0.888341
1JDH-B-A	Positive	0.332592	0.667408
1S4Z-C-A	Negative	0.703426	0.296574
1O9U-B-A	Negative	0.536516	0.463484
1R1P-E-A	Negative	0.715545	0.284455
1TMF-4-1	Negative	0.557996	0.442004
1MEY-G-C	Positive	0.124452	0.875548
1KC2-B-A	Negative	0.778305	0.221695
1PPJ-I-A	Positive	0.495182	0.504818
1PPJ-J-D	Negative	0.715818	0.284182
1P3Q-Q-U	Negative	0.86256	0.13744
1P3Q-R-V	Negative	0.622608	0.377392
1LMW-A-B	Positive	0.0649859	0.935014
1LMW-C-D	Positive	0.477374	0.522626
1LKL-B-A	Negative	0.762889	0.237111
1AVF-P-A	Positive	0.0721909	0.927809
1AVF-Q-A	Positive	0.228639	0.771361
2H6F-P-A	Negative	0.92167	0.0783297
2DO2-P-A	Positive	0.24034	0.75966
2E74-G-A	Positive	0.288428	0.711572
2E74-H-A	Positive	0.2322	0.7678
2E74-F-B	Positive	0.30016	0.69984
2E74-E-C	Positive	0.0877326	0.912267
2NXL-P-A	Positive	0.360475	0.639525
2HN7-C-A	Positive	0.416816	0.583184
2AOH-C-A	Negative	0.918259	0.0817415
2XFX-C-A	Negative	0.710187	0.289813
2LGK-B-A	Negative	0.820335	0.179665
2A25-B-A	Positive	0.429855	0.570145
2AWU-C-B	Positive	0.321236	0.678764
2I0I-D-A	Negative	0.908028	0.0919722
2WPV-B-A	Negative	0.767345	0.232655
2WPV-F-E	Negative	0.825526	0.174474
2HRP-P-L	Negative	0.740929	0.259071
2F9J-P-A	Negative	0.912871	0.0871289
2F9J-Q-B	Negative	0.971182	0.0288176
2V6Q-B-A	Positive	0.432449	0.567551
2M0K-B-A	Positive	0.115303	0.884697
2CIK-C-A	Negative	0.580999	0.419001
2R0L-B-A	Negative	0.725754	0.274246
2P8M-C-A	Negative	0.818599	0.181401
2F9U-B-A	Positive	0.0723366	0.927663
2F9U-D-A	Positive	0.113979	0.886021
2Y9Q-B-A	Negative	0.891818	0.108182
2AV7-F-D	Negative	0.514092	0.485908
2GPO-C-A	Negative	0.566109	0.433891
2ROR-B-A	Negative	0.692356	0.307644
2FCI-B-A	Negative	0.959909	0.0400912
2V88-D-A	Negative	0.759663	0.240337
2PEM-R-A	Negative	0.591138	0.408862
2RDD-B-A	Positive	0.313517	0.686483
2FES-L-H	Negative	0.511035	0.488965
2PHG-B-A	Positive	0.262256	0.737744
2EQ8-C-A	Negative	0.581119	0.418881
2N1G-B-A	Positive	0.463363	0.536637
2G54-C-A	Negative	0.809677	0.190323
2G54-D-B	Negative	0.640279	0.359721
2VGP-D-A	Positive	0.0749168	0.925083
2VGP-C-B	Positive	0.42815	0.57185
2XN5-B-A	Positive	0.411185	0.588815
2HFP-B-A	Negative	0.558048	0.441952
2W2P-E-A	Positive	0.309153	0.690847
2NMV-B-A	Negative	0.625841	0.374159
2HBQ-C-A	Negative	0.766498	0.233502
2AST-D-B	Positive	0.146212	0.853788
2PVF-B-A	Negative	0.965911	0.034089
2Q6F-D-A	Negative	0.781167	0.218833
2CZY-B-A	Positive	0.0279869	0.972013
2L1C-B-A	Positive	0.196267	0.803733
2A06-I-A	Negative	0.712408	0.287592
2A06-J-D	Positive	0.284886	0.715114
2A06-V-N	Negative	0.712408	0.287592
2QFC-C-A	Negative	0.583729	0.416271
2PMC-E-A	Negative	0.953131	0.0468694
2OX0-C-A	Negative	0.575054	0.424946
2FFU-P-A	Negative	0.938486	0.0615145
2Y5T-E-A	Negative	0.572606	0.427394
2Y5T-F-A	Negative	0.570757	0.429243
2Y5T-G-A	Negative	0.556766	0.443234
2EMS-B-A	Negative	0.969462	0.0305384
2CE8-X-A	Positive	0.409509	0.590491
2ODB-B-A	Positive	0.490558	0.509442
2R7G-B-A	Negative	0.967264	0.0327365
2R7G-E-A	Negative	0.951852	0.0481481
2PG1-I-A	Positive	0.390839	0.609161
2PG1-L-A	Positive	0.472683	0.527317
2PG1-J-C	Positive	0.472683	0.527317
2YU7-B-A	Negative	0.671397	0.328603
2M0U-B-A	Negative	0.657199	0.342801
2ODY-A-B	Negative	0.539646	0.460354
2ODY-C-B	Positive	0.397081	0.602919
2XRW-B-A	Negative	0.947005	0.0529949
2HLO-G-C	Negative	0.510433	0.489567
2ID4-C-A	Negative	0.60546	0.39454
2XQQ-E-A	Negative	0.848167	0.151833
2K2U-B-A	Positive	0.354197	0.645803
2MC1-B-A	Negative	0.84573	0.15427
2IJO-A-B	Positive	0.423769	0.576231
2JDI-I-G	Positive	0.15127	0.84873
2JMJ-P-A	Positive	0.0663614	0.933639
2FX8-P-L	Positive	0.0856736	0.914326
2NNU-B-A	Negative	0.660651	0.339349
2H6K-D-B	Positive	0.13844	0.86156
2AXZ-E-A	Negative	0.9623	0.0377002
2AXZ-I-B	Negative	0.653163	0.346837
2IPU-Q-L	Negative	0.790724	0.209276
2A4J-B-A	Positive	0.245883	0.754117
2W2Q-E-A	Positive	0.322008	0.677992
2LCS-B-A	Positive	0.389081	0.610919
2W65-E-A	Positive	0.442315	0.557685
2W65-F-A	Negative	0.504347	0.495653
2YNR-B-A	Positive	0.237102	0.762898
2YNR-C-A	Positive	0.104349	0.895651
2J5L-A-B	Positive	0.151551	0.848449
2XCB-C-A	Negative	0.609875	0.390125
2AGG-A-X	Negative	0.878995	0.121005
2WH0-Q-A	Positive	0.487473	0.512527
2WH0-R-C	Negative	0.803778	0.196222
2N8J-B-A	Positive	0.154418	0.845582
2VDA-B-A	Negative	0.658982	0.341018
2GWW-B-A	Positive	0.139146	0.860854
2BVP-C-A	Positive	0.122464	0.877536
2MA9-A-B	Negative	0.518132	0.481868
2N8R-B-A	Negative	0.958488	0.0415118
2FO4-P-A	Negative	0.936239	0.0637608
2ZDV-I-H	Negative	0.932237	0.0677627
2WSC-J-2	Negative	0.548424	0.451576
2WSC-I-B	Negative	0.697421	0.302579
2BEZ-F-C	Positive	0.340329	0.659671
2RNW-B-A	Positive	0.295887	0.704113
2BNQ-C-A	Negative	0.772404	0.227596
2PEH-C-A	Negative	0.922327	0.077673
2PEH-D-B	Negative	0.756643	0.243357
2DKO-I-A	Negative	0.944454	0.0555463
2JOA-B-A	Positive	0.397306	0.602694
2J37-S-W	Positive	0.37169	0.62831
2QN6-C-A	Negative	0.912472	0.0875276
2M3M-B-A	Negative	0.87685	0.12315
2QPY-B-A	Negative	0.825169	0.174831
2CNZ-B-A	Negative	0.675095	0.324905
2YJA-A-B	Positive	0.453421	0.546579
2XPO-B-A	Positive	0.426708	0.573292
2XPO-D-C	Negative	0.74668	0.25332
2OJX-E-A	Negative	0.78108	0.21892
2R3Y-D-A	Positive	0.466512	0.533488
2OD2-B-A	Positive	0.445792	0.554208
2X4W-B-A	Positive	0.0867421	0.913258
2JET-A-B	Negative	0.529296	0.470704
2G30-P-A	Negative	0.969293	0.0307072
2G30-S-A	Negative	0.964495	0.0355049
2XBY-L-A	Positive	0.209013	0.790987
2IQ6-B-A	Negative	0.562107	0.437893
2Y36-P-H	Negative	0.900084	0.0999161
2PC4-H-D	Negative	0.528203	0.471797
2HT9-X-A	Negative	0.698117	0.301883
2ZP9-C-A	Positive	0.311528	0.688472
2ZP9-E-A	Positive	0.407243	0.592757
2ZP9-H-F	Negative	0.650692	0.349308
2ZP9-J-F	Positive	0.352332	0.647668
2ZP9-O-K	Positive	0.352332	0.647668
2GHQ-C-A	Negative	0.750589	0.249411
2GHQ-D-B	Negative	0.731645	0.268355
2OY2-W-A	Negative	0.916559	0.0834408
2WZR-4-1	Positive	0.325332	0.674668
2O1N-P-A	Positive	0.411478	0.588522
2ARQ-P-A	Negative	0.896618	0.103382
2DEW-A-X	Positive	0.409803	0.590197
2PL9-D-A	Negative	0.945233	0.0547667
2PL9-E-B	Negative	0.927495	0.0725049
2FP7-A-B	Negative	0.714866	0.285134
2FP7-C-B	Negative	0.512368	0.487632
2UUD-S-H	Negative	0.839882	0.160118
2UUD-T-J	Negative	0.900645	0.0993552
2F8E-A-X	Negative	0.933978	0.0660218
2D3G-P-A	Negative	0.946402	0.0535975
2M41-A-B	Positive	0.0810719	0.918928
2OI3-B-A	Negative	0.996215	0.00378471
2D7S-B-A	Negative	0.933978	0.0660218
2E76-H-A	Positive	0.2322	0.7678
2HBH-B-A	Negative	0.823607	0.176393
2YQ7-B-A	Negative	0.747932	0.252068
2MX6-B-A	Positive	0.357408	0.642592
2JND-B-A	Negative	0.546759	0.453241
2LQC-B-A	Negative	0.786782	0.213218
2QLF-E-A	Negative	0.945048	0.0549521
2QLF-G-A	Positive	0.37159	0.62841
2ZOK-I-A	Positive	0.268672	0.731328
2ZOK-J-C	Positive	0.268672	0.731328
2Q8E-F-A	Negative	0.638497	0.361503
2Q8E-G-B	Positive	0.396586	0.603414
2VOH-B-A	Negative	0.709361	0.290639
2QQS-C-A	Positive	0.302336	0.697664
2QQS-D-A	Positive	0.429843	0.570157
2OS2-C-A	Positive	0.370356	0.629644
2BNZ-A-C	Negative	0.596664	0.403336
2BNZ-D-C	Negative	0.663424	0.336576
2FSE-E-A	Negative	0.716696	0.283304
2PUX-A-B	Positive	0.444542	0.555458
2PUX-C-B	Negative	0.855853	0.144147
2EU0-B-A	Negative	0.956703	0.0432967
2ROC-B-A	Negative	0.740758	0.259242
2CNX-P-A	Negative	0.759676	0.240324
2FMF-B-A	Negative	0.782192	0.217808
2Q8Y-B-A	Negative	0.6374	0.3626
2Z5H-A-B	Positive	0.457275	0.542725
2Z5H-I-B	Negative	0.721732	0.278268
2KRD-I-C	Positive	0.375879	0.624121
2FOM-A-B	Negative	0.613802	0.386198
2V52-M-B	Positive	0.398527	0.601473
2W84-B-A	Positive	0.429436	0.570564
2MWN-A-B	Negative	0.749191	0.250809
2C5K-P-T	Negative	0.914515	0.0854845
2MY3-B-A	Positive	0.46162	0.53838
2ORZ-B-A	Negative	0.743459	0.256541
2N3K-B-A	Negative	0.752258	0.247742
2A9H-E-A	Positive	0.138426	0.861574
2J6F-C-A	Positive	0.129975	0.870025
2B7Y-B-A	Positive	0.249905	0.750095
2QL9-E-A	Negative	0.741436	0.258564
2PMZ-P-B	Positive	0.0841729	0.915827
2BUO-T-A	Positive	0.110249	0.889751
2X4P-C-A	Negative	0.533912	0.466088
2H2F-B-A	Positive	0.395272	0.604728
2H43-I-B	Negative	0.515512	0.484488
2V53-B-A	Negative	0.608003	0.391997
2V53-D-A	Negative	0.608003	0.391997
2WUB-B-A	Positive	0.104958	0.895042
2WUB-D-C	Positive	0.222878	0.777122
2NDF-B-A	Negative	0.616294	0.383706
2WAX-B-A	Negative	0.895496	0.104504
2WAX-D-A	Negative	0.797733	0.202267
2K7W-B-A	Negative	0.817812	0.182188
2IUI-C-A	Negative	0.55843	0.44157
2MBZ-B-A	Negative	0.87471	0.12529
2PV3-C-A	Negative	0.632966	0.367034
2XCF-C-A	Positive	0.156245	0.843755
2A0T-B-A	Negative	0.902034	0.0979658
2LOX-B-A	Negative	0.762851	0.237149
2PR3-B-A	Positive	0.369332	0.630668
2XN6-B-A	Positive	0.411185	0.588815
2H65-E-A	Negative	0.95974	0.0402599
2DYR-Z-N	Positive	0.416903	0.583097
2WAY-B-A	Negative	0.660091	0.339909
2WAY-D-A	Positive	0.414213	0.585787
2CII-C-A	Negative	0.903679	0.0963212
2V3X-B-A	Negative	0.873867	0.126133
2PW2-C-A	Negative	0.917678	0.0823223
2JQ9-B-A	Negative	0.957237	0.0427633
2N2H-A-B	Negative	0.75242	0.24758
2QQP-B-A	Positive	0.152801	0.847199
2QQP-D-C	Positive	0.0815311	0.918469
2QQP-H-E	Positive	0.0644927	0.935507
2KS9-B-A	Positive	0.3578	0.6422
2BZK-A-B	Negative	0.892865	0.107135
2MWO-B-A	Negative	0.711536	0.288464
2LCT-B-A	Negative	0.977785	0.0222148
2IFW-C-A	Positive	0.470345	0.529655
2BST-C-A	Positive	0.12948	0.87052
2OOB-A-B	Negative	0.78549	0.21451
2KFF-B-A	Positive	0.399739	0.600261
2OR9-P-L	Negative	0.885405	0.114595
2XXN-B-A	Positive	0.196063	0.803937
2V17-A-H	Positive	0.370819	0.629181
2D1X-P-A	Negative	0.961139	0.0388615
2Y8O-B-A	Negative	0.835683	0.164317
2G3Q-A-B	Positive	0.204613	0.795387
2MJF-A-B	Positive	0.353165	0.646835
2NPI-C-A	Positive	0.381563	0.618437
2NPI-D-B	Positive	0.280434	0.719566
2PQK-B-A	Negative	0.622001	0.377999
2KZU-B-A	Negative	0.923172	0.0768281
2XJY-B-A	Negative	0.603478	0.396522
2CE9-X-A	Positive	0.0592051	0.940795
2WH6-B-A	Negative	0.799454	0.200546
2RFI-P-A	Negative	0.856129	0.143871
2AN6-E-A	Negative	0.857334	0.142666
2A3I-B-A	Negative	0.969666	0.0303343
2Q3Z-X-A	Negative	0.944428	0.0555724
2A0Q-A-B	Positive	0.331817	0.668183
2WA9-H-A	Negative	0.966433	0.0335675
2WA9-N-B	Negative	0.683942	0.316058
2HFG-R-L	Positive	0.457696	0.542304
2YMB-F-C	Negative	0.889479	0.110521
2IAH-I-A	Negative	0.505791	0.494209
2ZPK-P-L	Negative	0.930452	0.0695482
2X4T-C-A	Negative	0.833914	0.166086
2HJK-C-A	Positive	0.478901	0.521099
2J0U-T-A	Positive	0.466427	0.533573
2M14-B-A	Negative	0.74289	0.25711
2XC0-L-A	Positive	0.321951	0.678049
2QQC-A-B	Positive	0.372075	0.627925
2QQC-C-B	Positive	0.328122	0.671878
2QQC-G-B	Positive	0.331925	0.668075
2QQC-I-H	Positive	0.331925	0.668075
2QQC-K-H	Positive	0.331925	0.668075
2XBO-4-1	Positive	0.455606	0.544394
2L3R-B-A	Positive	0.454993	0.545007
2X72-B-A	Negative	0.527323	0.472677
2FGE-D-A	Positive	0.480792	0.519208
2YNP-P-A	Negative	0.679985	0.320015
2RKZ-M-A	Negative	0.605471	0.394529
2RKZ-N-A	Negative	0.940022	0.0599777
2RKZ-O-A	Negative	0.900376	0.0996242
2RQU-B-A	Positive	0.293264	0.706736
2RL0-G-A	Negative	0.804213	0.195787
2RL0-C-A	Negative	0.711652	0.288348
2RL0-E-D	Negative	0.717682	0.282318
2RL0-J-F	Negative	0.911864	0.088136
2ZSV-E-A	Negative	0.825706	0.174294
2A6K-P-L	Negative	0.826241	0.173758
2H4P-B-A	Positive	0.0764654	0.923535
2R9Q-X-B	Negative	0.741266	0.258734
2R9Q-Y-B	Negative	0.981878	0.0181224
2Q5Y-B-A	Negative	0.89501	0.10499
2WW9-C-A	Negative	0.770831	0.229169
2WW9-O-A	Negative	0.741557	0.258443
2YF2-F-A	Positive	0.395679	0.604321
2YF2-D-B	Positive	0.193712	0.806288
2KBR-B-A	Negative	0.903753	0.0962468
2C5V-F-B	Negative	0.787951	0.212049
2V85-D-A	Positive	0.295989	0.704011
2V85-E-A	Positive	0.466413	0.533587
2V1D-C-A	Positive	0.304323	0.695677
2O9Q-C-A	Positive	0.0821739	0.917826
2JTT-C-A	Negative	0.543378	0.456622
2W78-C-B	Positive	0.271258	0.728742
2BWE-C-S	Positive	0.495091	0.504909
2BWE-L-S	Negative	0.603598	0.396402
2BWE-M-S	Negative	0.625288	0.374712
2BWE-D-T	Positive	0.186512	0.813488
2BWE-K-T	Positive	0.368195	0.631805
2BWE-P-U	Negative	0.631337	0.368663
2I60-M-G	Negative	0.82338	0.17662
2OPZ-E-A	Negative	0.683092	0.316908
2FKW-D-A	Negative	0.901006	0.0989937
2R1D-W-H	Positive	0.314765	0.685235
2H9E-L-H	Positive	0.227947	0.772053
2H9E-S-H	Negative	0.757946	0.242054
2DF6-C-A	Positive	0.0935642	0.906436
2DF6-D-A	Positive	0.0523584	0.947642
2B1N-B-A	Negative	0.879911	0.120089
2MNU-B-A	Negative	0.858755	0.141245
2VDP-C-A	Negative	0.742205	0.257795
2YPA-D-B	Positive	0.394982	0.605018
2QHO-B-A	Negative	0.579069	0.420931
2QHO-F-A	Positive	0.229093	0.770907
2QHO-D-C	Negative	0.672892	0.327108
2QHO-H-G	Negative	0.561027	0.438973
2FYS-D-B	Negative	0.884417	0.115583
2PGQ-A-B	Negative	0.595177	0.404823
2JKR-P-A	Negative	0.847049	0.152951
2PKL-B-A	Negative	0.917294	0.0827062
2Z7F-I-E	Positive	0.337801	0.662199
2V7D-P-A	Positive	0.318338	0.681662
2PQR-C-A	Negative	0.886712	0.113288
2PQR-D-A	Positive	0.44219	0.55781
2V1S-H-A	Negative	0.975437	0.0245634
2V1S-K-A	Negative	0.982322	0.0176778
2V1S-J-B	Negative	0.968183	0.0318168
2V1S-M-F	Positive	0.29737	0.70263
2V1S-N-F	Negative	0.989883	0.0101174
2N23-B-A	Positive	0.308394	0.691606
2MKC-C-A	Positive	0.186406	0.813594
2IXP-F-A	Negative	0.557604	0.442396
2OIN-D-A	Positive	0.271405	0.728595
2V1R-Q-A	Negative	0.983889	0.0161106
2V1R-R-A	Negative	0.985585	0.0144146
2MY2-B-A	Positive	0.433652	0.566348
2FMI-B-A	Negative	0.910604	0.0893956
2QLL-B-A	Negative	0.68369	0.31631
2K04-B-A	Negative	0.514971	0.485029
2HH0-P-L	Positive	0.128531	0.871469
2K1Q-B-A	Negative	0.741178	0.258822
2BBN-B-A	Negative	0.773332	0.226668
2OSL-P-L	Positive	0.235746	0.764254
2OSL-Q-B	Positive	0.30092	0.69908
2C2Z-C-A	Negative	0.979157	0.020843
2W2H-C-A	Negative	0.902596	0.0974037
2KC8-B-A	Negative	0.850611	0.149389
2KUP-B-A	Positive	0.42095	0.57905
2YNS-C-A	Positive	0.477177	0.522823
2YGV-E-A	Negative	0.661382	0.338618
2YGV-H-A	Negative	0.656731	0.343269
2YGV-F-B	Negative	0.546217	0.453783
2YGV-G-B	Negative	0.801984	0.198016
2J7X-B-A	Negative	0.933723	0.0662768
2RPN-B-A	Positive	0.429318	0.570682
2YB8-A-B	Positive	0.269433	0.730567
2ABZ-D-A	Positive	0.370387	0.629613
2CO2-B-A	Negative	0.753209	0.246791
2W97-E-A	Negative	0.853516	0.146484
2W97-F-B	Negative	0.829288	0.170712
2M04-B-A	Negative	0.916283	0.0837171
2D7C-C-A	Positive	0.488187	0.511813
2HQH-E-A	Positive	0.248771	0.751229
2JK9-B-A	Negative	0.968588	0.0314115
2UXN-E-A	Negative	0.655985	0.344015
2RMX-B-A	Negative	0.938935	0.0610647
2Y8T-B-A	Negative	0.725327	0.274673
2Y8T-E-D	Negative	0.725327	0.274673
2DOH-C-X	Negative	0.575506	0.424494
2EJY-B-A	Negative	0.525749	0.474251
2MV7-B-A	Positive	0.0336742	0.966326
2OM2-B-A	Negative	0.738956	0.261044
2RR9-C-A	Positive	0.379075	0.620925
2V87-D-A	Positive	0.127252	0.872748
2V87-E-A	Negative	0.58277	0.41723
2Z34-C-A	Positive	0.183158	0.816842
2Z34-D-A	Positive	0.464845	0.535155
2OVM-B-A	Negative	0.964935	0.0350648
2WHX-C-A	Negative	0.793977	0.206023
2RSY-B-A	Positive	0.223923	0.776077
2YKA-B-A	Positive	0.478333	0.521667
2OVQ-C-B	Negative	0.933736	0.0662641
2G5L-X-A	Positive	0.414413	0.585587
2I3T-B-A	Positive	0.39032	0.60968
2I3T-D-C	Positive	0.289952	0.710048
2NPM-X-A	Negative	0.835864	0.164136
2P8X-S-T	Positive	0.481265	0.518735
2B9J-C-A	Negative	0.763614	0.236386
2LSI-B-A	Negative	0.695976	0.304024
2PUY-E-B	Positive	0.204931	0.795069
2C1N-C-A	Positive	0.280461	0.719539
2WP1-P-A	Negative	0.545893	0.454107
2WP1-Q-B	Negative	0.75266	0.24734
2HGT-J-H	Negative	0.700308	0.299692
2JBY-B-A	Positive	0.342136	0.657864
2N13-A-B	Positive	0.408242	0.591758
2YKT-B-A	Negative	0.587442	0.412558
2ZO3-I-H	Negative	0.934321	0.0656788
2WMB-I-B	Negative	0.689395	0.310605
2MUR-A-B	Positive	0.273752	0.726248
2KXH-B-A	Positive	0.108068	0.891932
2FNX-P-A	Positive	0.215099	0.784901
2Q5D-C-A	Negative	0.940387	0.0596132
2Q5D-D-B	Negative	0.785317	0.214683
2L1W-B-A	Negative	0.655461	0.344539
2BTP-P-A	Negative	0.838954	0.161046
2Y1R-L-J	Negative	0.765846	0.234154
2Q7J-B-A	Negative	0.859594	0.140406
2IUH-B-A	Positive	0.424211	0.575789
2C3I-A-B	Negative	0.9791	0.0208997
2ODD-B-A	Negative	0.6923	0.3077
2FMK-B-A	Negative	0.927495	0.0725049
2MRO-B-A	Negative	0.603474	0.396526
2RQW-B-A	Positive	0.481832	0.518168
2WAQ-Q-A	Positive	0.237421	0.762579
2IV8-P-A	Positive	0.418266	0.581734
2IV8-Q-A	Positive	0.460584	0.539416
2M5B-B-A	Positive	0.0487837	0.951216
2H4F-D-A	Negative	0.677454	0.322546
2BRQ-C-A	Negative	0.569419	0.430581
2F31-B-A	Negative	0.923238	0.0767624
2NB1-B-A	Negative	0.938807	0.0611925
2B9H-C-A	Negative	0.756505	0.243495
2BGN-W-A	Positive	0.101456	0.898544
2IHS-C-A	Positive	0.346509	0.653491
2IHS-D-B	Negative	0.62627	0.37373
2V2F-A-F	Positive	0.464838	0.535162
2QNA-B-A	Negative	0.880958	0.119042
2OXZ-Y-A	Negative	0.542515	0.457485
2VPB-B-A	Positive	0.0758774	0.924123
2MBB-A-B	Positive	0.472189	0.527811
2V1T-C-A	Negative	0.920348	0.0796517
2H9P-B-A	Negative	0.933545	0.0664545
2KXW-B-A	Positive	0.232373	0.767627
2L35-B-A	Negative	0.855198	0.144802
2G83-C-A	Positive	0.385702	0.614298
2ER9-I-E	Negative	0.763663	0.236337
2LSP-A-B	Positive	0.254026	0.745974
2E30-B-A	Positive	0.267153	0.732847
2D0N-B-A	Positive	0.402593	0.597407
2KYL-B-A	Negative	0.616473	0.383527
2ARR-P-A	Positive	0.265558	0.734442
2W6T-C-B	Positive	0.439248	0.560752
2ZPP-A-B	Negative	0.716026	0.283974
2KT5-B-A	Positive	0.456457	0.543543
2RHI-B-A	Positive	0.150609	0.849391
2OTW-E-A	Negative	0.859199	0.140801
2CNN-C-A	Negative	0.62779	0.37221
2Q3C-B-A	Negative	0.548854	0.451146
2WZQ-C-A	Negative	0.836937	0.163063
2WFY-E-B	Negative	0.948889	0.0511105
2WX0-C-A	Negative	0.539108	0.460892
2WX0-G-B	Negative	0.715367	0.284633
2CNY-B-A	Negative	0.672224	0.327776
2GNS-P-A	Positive	0.254799	0.745201
2B7F-I-A	Negative	0.619778	0.380222
2B7F-J-C	Positive	0.137043	0.862957
2L1L-A-B	Negative	0.918439	0.0815607
2OT8-C-A	Positive	0.139995	0.860005
2OT8-D-B	Positive	0.166367	0.833633
2KFT-B-A	Negative	0.636092	0.363908
2M0O-B-A	Positive	0.180152	0.819848
2C23-P-A	Negative	0.869591	0.130409
2ROD-B-A	Negative	0.80688	0.193119
2B2T-D-A	Positive	0.24227	0.75773
2W49-C-4	Negative	0.627865	0.372135
2ZJQ-4-J	Positive	0.268168	0.731832
2QT5-X-A	Negative	0.630868	0.369132
2PVC-D-B	Positive	0.365528	0.634472
2AFF-B-A	Negative	0.722572	0.277428
2R02-B-A	Negative	0.904347	0.0956529
2HJL-C-A	Negative	0.686263	0.313737
2G47-C-A	Negative	0.647214	0.352786
2AIJ-P-X	Positive	0.0976408	0.902359
2R0Z-Q-L	Negative	0.597763	0.402237
2W2U-C-A	Negative	0.907468	0.0925322
2PCU-B-A	Positive	0.0538999	0.9461
2CHA-A-B	Negative	0.617726	0.382274
2GPH-B-A	Negative	0.974656	0.0253438
2SEM-C-A	Negative	0.736714	0.263286
2SEM-D-B	Negative	0.65187	0.34813
2FFD-J-B	Negative	0.797007	0.202993
2KFH-B-A	Negative	0.588687	0.411313
2DQK-P-A	Negative	0.67226	0.32774
2V6X-B-A	Negative	0.946583	0.0534172
2XOK-I-G	Positive	0.213636	0.786364
2DS2-A-B	Positive	0.22729	0.77271
2DS2-C-B	Positive	0.232073	0.767927
2FLU-P-X	Negative	0.687819	0.312181
2GUO-C-A	Negative	0.682347	0.317653
2LNW-B-A	Negative	0.958826	0.0411739
2IV9-P-A	Negative	0.591992	0.408008
2FYY-C-A	Positive	0.119899	0.880101
2L9B-B-A	Positive	0.487983	0.512017
2AXF-C-A	Negative	0.908271	0.0917287
2Z4E-I-B	Negative	0.748708	0.251292
2Z4E-J-E	Negative	0.748708	0.251292
2YJD-C-A	Negative	0.560616	0.439384
2RNY-B-A	Negative	0.543199	0.456801
2ISQ-B-A	Negative	0.783907	0.216093
2CLR-C-A	Negative	0.97592	0.0240805
2L8J-B-A	Positive	0.488821	0.511179
2HPL-B-A	Negative	0.906859	0.0931407
2P8Q-B-A	Negative	0.967769	0.0322307
2RR3-B-A	Negative	0.70059	0.29941
2X4R-C-A	Negative	0.893024	0.106976
2X4R-F-D	Negative	0.893024	0.106976
2VGO-C-B	Negative	0.55732	0.44268
2W0Z-B-A	Positive	0.0968484	0.903152
2K3W-B-A	Negative	0.924941	0.0750585
2J28-4-G	Positive	0.27456	0.72544
2JZ3-A-C	Positive	0.373958	0.626042
2K8F-B-A	Negative	0.985882	0.0141181
2CLV-C-A	Negative	0.914375	0.0856246
2CIO-B-A	Negative	0.975496	0.0245036
2DT7-A-B	Negative	0.699661	0.300339
2YBP-C-A	Positive	0.438614	0.561386
2WV4-C-A	Negative	0.684896	0.315104
2KOH-B-A	Negative	0.954961	0.045039
2GRL-E-A	Negative	0.705761	0.294239
2KJE-B-A	Positive	0.483337	0.516663
2YDR-P-A	Negative	0.642965	0.357035
2HLD-R-P	Negative	0.569713	0.430288
2HLD-1-Y	Positive	0.144899	0.855101
2VU8-I-E	Positive	0.190447	0.809553
2Z8P-B-A	Negative	0.844326	0.155674
2CO1-B-A	Negative	0.873765	0.126235
2BFX-C-B	Positive	0.422022	0.577978
2LXS-B-A	Negative	0.543199	0.456801
2HL3-C-A	Negative	0.946989	0.0530108
2YQ6-B-A	Negative	0.723527	0.276473
2G49-C-A	Negative	0.738699	0.261301
2G49-D-B	Negative	0.666978	0.333022
2X04-C-A	Positive	0.405068	0.594932
2Z23-B-A	Negative	0.772505	0.227495
2H9M-B-A	Negative	0.718408	0.281592
2H9M-D-A	Negative	0.520315	0.479685
2JF9-P-A	Negative	0.884376	0.115624
2JF9-Q-B	Negative	0.884376	0.115624
2MQS-B-A	Negative	0.627933	0.372067
2MQS-D-A	Negative	0.771261	0.228739
2QKH-B-A	Positive	0.137886	0.862114
2A7U-A-B	Positive	0.243135	0.756865
2FOT-C-A	Positive	0.273527	0.726473
2AXT-F-A	Positive	0.349151	0.650849
2AXT-I-A	Positive	0.0768598	0.92314
2AXT-J-A	Positive	0.114142	0.885858
2AXT-L-A	Negative	0.854035	0.145965
2AXT-M-A	Positive	0.241412	0.758588
2AXT-T-A	Negative	0.51497	0.48503
2AXT-t-B	Negative	0.51497	0.48503
2BQZ-B-A	Negative	0.993068	0.00693214
2RF9-C-A	Positive	0.347045	0.652955
2RF9-D-A	Negative	0.665859	0.334141
2W0P-C-A	Negative	0.916808	0.0831919
2KNE-B-A	Negative	0.597974	0.402026
2MES-B-A	Positive	0.347716	0.652284
2XNY-M-B	Positive	0.383061	0.616939
2XNY-N-B	Positive	0.23945	0.76055
2A6I-P-A	Negative	0.572043	0.427957
2NCZ-B-A	Negative	0.693827	0.306173
2ACH-B-A	Positive	0.367055	0.632945
2BP5-P-M	Positive	0.477641	0.522359
2QME-I-A	Negative	0.660521	0.339479
2MH0-A-B	Negative	0.684918	0.315082
2XTT-A-B	Positive	0.317682	0.682318
2O9V-B-A	Negative	0.882009	0.117991
2N55-B-A	Negative	0.702068	0.297932
2XN3-B-A	Positive	0.356072	0.643928
2FYM-B-A	Negative	0.750524	0.249476
2H5J-E-A	Positive	0.262256	0.737744
2VP7-B-A	Positive	0.49993	0.50007
2BBU-B-A	Negative	0.868352	0.131648
2X4O-C-A	Negative	0.94373	0.0562704
2F3Z-B-A	Positive	0.205274	0.794726
2QYF-E-A	Negative	0.501319	0.498681
2VM6-B-A	Positive	0.494354	0.505646
2FWO-P-A	Negative	0.743085	0.256915
2XNS-C-A	Negative	0.623514	0.376486
2Y0T-B-A	Negative	0.540241	0.459759
2A40-C-A	Negative	0.915907	0.0840928
2DRK-B-A	Negative	0.756564	0.243436
2KWU-A-B	Negative	0.572267	0.427733
2BNW-A-B	Negative	0.597903	0.402097
2WK3-C-A	Negative	0.864979	0.135021
2GJ6-C-A	Positive	0.269567	0.730433
2OV2-I-A	Positive	0.308341	0.691659
2OV2-J-A	Negative	0.701876	0.298124
2OV2-N-F	Negative	0.701876	0.298124
2OV2-O-G	Positive	0.308341	0.691659
2OV2-P-E	Negative	0.792922	0.207078
2VXC-C-A	Positive	0.424323	0.575677
2H7E-B-A	Positive	0.250642	0.749358
2FUU-B-A	Positive	0.299171	0.700829
2G2L-C-A	Negative	0.986521	0.0134785
2Y06-P-H	Negative	0.943107	0.0568932
2I3S-B-A	Negative	0.751386	0.248614
2MP2-C-A	Negative	0.87092	0.12908
2VDQ-C-A	Positive	0.124355	0.875645
2GTW-C-A	Negative	0.567002	0.432998
2XL3-C-A	Negative	0.971125	0.0288746
2XL3-E-B	Negative	0.93703	0.0629698
2XL3-F-B	Negative	0.649256	0.350744
2EMT-C-A	Negative	0.587909	0.412091
2EMT-E-A	Negative	0.808635	0.191365
2EMT-D-B	Positive	0.154567	0.845433
2X6M-B-A	Negative	0.599483	0.400517
2QLB-E-A	Negative	0.532384	0.467616
2F3C-I-E	Positive	0.299786	0.700214
2XQN-A-T	Positive	0.234609	0.765391
2H1U-P-A	Negative	0.717207	0.282793
2BBA-P-A	Negative	0.540945	0.459055
2JKT-P-A	Negative	0.890238	0.109762
2PW1-C-A	Negative	0.895549	0.104451
2HCJ-A-B	Positive	0.106663	0.893337
2C5W-A-B	Positive	0.354013	0.645987
2VUU-I-A	Negative	0.887085	0.112915
2VUU-O-G	Negative	0.888463	0.111537
2V64-I-C	Positive	0.243686	0.756314
2LY4-B-A	Positive	0.358536	0.641464
2WS9-4-1	Negative	0.711196	0.288804
2G1T-E-A	Positive	0.212003	0.787997
2G1T-H-A	Positive	0.34784	0.65216
2G1T-F-B	Negative	0.582366	0.417634
2G1T-G-C	Positive	0.179262	0.820738
2KXQ-B-A	Negative	0.981427	0.0185729
2VR3-C-A	Negative	0.879032	0.120968
2VR3-D-A	Negative	0.796497	0.203503
2F58-P-L	Negative	0.542844	0.457156
2XZQ-P-H	Negative	0.792334	0.207666
2MIP-E-A	Negative	0.805897	0.194103
2KWK-B-A	Negative	0.621824	0.378176
2HQW-B-A	Positive	0.451234	0.548766
2PXJ-I-A	Negative	0.511782	0.488218
2PXJ-J-B	Negative	0.842397	0.157603
2HDX-G-A	Negative	0.95495	0.0450496
2HDX-H-B	Negative	0.997542	0.00245802
2IPK-C-A	Positive	0.234867	0.765133
2DYO-B-A	Negative	0.524083	0.475917
2LXM-B-A	Negative	0.924483	0.0755167
2A45-J-B	Positive	0.210008	0.789992
2A45-L-B	Positive	0.0600305	0.93997
2A45-I-E	Negative	0.525022	0.474978
2AOF-C-A	Negative	0.610112	0.389888
2LE8-B-A	Positive	0.388163	0.611837
2FZ3-C-A	Positive	0.377485	0.622515
2VOF-B-A	Positive	0.497949	0.502051
2VOF-D-A	Negative	0.506213	0.493787
2PAV-V-A	Negative	0.727394	0.272606
2KGB-I-C	Negative	0.814618	0.185382
2HMH-B-A	Negative	0.636256	0.363744
2PNX-D-A	Positive	0.351048	0.648952
2W3I-B-A	Positive	0.447525	0.552475
2K3U-B-A	Negative	0.925546	0.0744537
2A3Z-C-A	Negative	0.75203	0.24797
2DEY-A-X	Negative	0.70357	0.29643
2PV9-C-B	Negative	0.887955	0.112045
2MG5-B-A	Negative	0.93408	0.0659195
2XS1-B-A	Negative	0.795547	0.204453
2O01-J-A	Negative	0.548424	0.451576
2V5F-X-A	Negative	0.858962	0.141038
2Z4J-B-A	Negative	0.971461	0.0285392
2G46-C-A	Negative	0.859211	0.140789
2B05-K-E	Negative	0.855137	0.144863
2Q6J-C-A	Negative	0.546003	0.453997
2K00-B-A	Negative	0.786785	0.213215
2NLA-B-A	Negative	0.90489	0.09511
2IVZ-E-A	Negative	0.884667	0.115334
2IVZ-F-B	Negative	0.860788	0.139212
2RFD-C-A	Negative	0.632849	0.367151
2RFD-D-B	Negative	0.860886	0.139114
2FOO-B-A	Positive	0.314461	0.685539
2JF1-T-A	Positive	0.129106	0.870894
2AUH-B-A	Negative	0.696292	0.303708
2P1N-C-B	Positive	0.163159	0.836841
2WMA-E-B	Negative	0.711454	0.288546
2PV2-E-A	Positive	0.413452	0.586548
2EGN-B-A	Negative	0.961191	0.0388091
2VE6-C-A	Negative	0.726898	0.273102
2NMB-B-A	Negative	0.770102	0.229898
2FFF-A-B	Positive	0.164963	0.835037
2L0Y-B-A	Negative	0.590663	0.409337
2XUM-S-A	Positive	0.270117	0.729883
2I04-C-A	Negative	0.983179	0.0168213
2I04-D-A	Negative	0.921326	0.0786743
2CNM-D-A	Negative	0.544684	0.455316
2JQL-B-A	Negative	0.581021	0.418979
2C7N-E-C	Positive	0.174946	0.825054
2W85-B-A	Negative	0.640936	0.359064
2W73-K-A	Positive	0.0581343	0.941866
2AGH-C-B	Positive	0.476044	0.523956
2FF6-H-G	Negative	0.960961	0.0390388
2NUD-C-A	Negative	0.699747	0.300253
2X4S-C-A	Negative	0.983295	0.0167048
2AUC-D-A	Positive	0.0741613	0.925839
2YCH-B-A	Negative	0.690153	0.309847
2GZD-C-A	Negative	0.749143	0.250857
2ND1-B-A	Negative	0.683461	0.316539
2GIT-C-A	Positive	0.269567	0.730433
2GIT-F-D	Positive	0.269567	0.730433
2Q6W-C-A	Negative	0.827398	0.172602
2Q6W-F-D	Negative	0.646867	0.353133
2WA8-B-A	Negative	0.507245	0.492755
2WA8-D-C	Positive	0.464267	0.535733
2Y0N-E-A	Negative	0.720478	0.279522
2Y0N-F-A	Positive	0.360286	0.639714
2Y0N-G-A	Positive	0.35173	0.64827
2VKN-C-A	Positive	0.386967	0.613033
2B5T-A-B	Negative	0.776476	0.223524
2J9A-D-A	Negative	0.93238	0.0676197
2RT5-B-A	Negative	0.896095	0.103905
2FOP-B-A	Negative	0.868721	0.131279
2STB-I-E	Positive	0.326622	0.673378
2H6H-P-A	Negative	0.895874	0.104126
2FKA-B-A	Negative	0.971484	0.0285157
2RUI-B-A	Negative	0.537878	0.462122
2OS6-B-A	Negative	0.877119	0.122881
2YNO-P-A	Negative	0.863439	0.136561
2MWY-B-A	Negative	0.972712	0.027288
2KWF-B-A	Negative	0.582042	0.417958
2PRG-C-A	Negative	0.735419	0.264581
2ZVK-U-A	Negative	0.865436	0.134564
2ZVK-V-B	Negative	0.584953	0.415047
2ZVK-W-C	Negative	0.647287	0.352713
2RFE-F-B	Positive	0.253716	0.746284
2MRK-B-A	Negative	0.881486	0.118514
2WO6-C-B	Negative	0.817741	0.182259
2LGF-B-A	Positive	0.145074	0.854926
2PXY-P-A	Negative	0.872058	0.127942
2H4J-D-A	Negative	0.700747	0.299253
2B0S-P-L	Negative	0.562268	0.437732
2V7Q-J-A	Negative	0.702977	0.297023
2K03-B-A	Positive	0.336797	0.663203
2LGG-B-A	Positive	0.427442	0.572558
2WWZ-C-A	Positive	0.480277	0.519723
2N77-B-A	Negative	0.552546	0.447454
2H1C-B-A	Positive	0.331274	0.668726
2D26-B-A	Positive	0.315264	0.684736
2OCV-A-B	Positive	0.265804	0.734196
2J4U-S-Q	Negative	0.692944	0.307056
2K2R-B-A	Negative	0.981255	0.0187452
2Q0N-B-A	Negative	0.930554	0.0694465
2OD8-B-A	Positive	0.404523	0.595477
2BVQ-C-A	Positive	0.358687	0.641313
2L5E-B-A	Positive	0.201522	0.798478
2ZU0-D-B	Negative	0.765401	0.2346
2L2I-B-A	Negative	0.907576	0.0924245
2ZNL-B-A	Negative	0.768475	0.231525
2GPV-G-A	Negative	0.979893	0.0201073
2CV3-B-A	Negative	0.558518	0.441482
2XAZ-D-A	Negative	0.846991	0.153009
2Z5S-R-N	Negative	0.935619	0.0643808
2XC8-C-B	Positive	0.356648	0.643352
2ROZ-A-B	Negative	0.627521	0.372479
2PQ4-B-A	Negative	0.504795	0.495205
2AIN-B-A	Negative	0.591374	0.408626
2LI5-B-A	Positive	0.486699	0.513301
2Y4V-B-A	Negative	0.916906	0.0830935
2O60-B-A	Negative	0.582575	0.417425
2Z3N-C-A	Negative	0.857661	0.142338
2LOB-B-A	Negative	0.960011	0.0399886
2WHB-E-B	Positive	0.457936	0.542064
2GHT-C-A	Negative	0.875744	0.124256
2GHT-D-B	Positive	0.39383	0.60617
2X70-C-A	Negative	0.625593	0.374407
2J6O-C-A	Positive	0.401866	0.598134
2MFQ-B-A	Positive	0.200785	0.799215
2R28-C-A	Positive	0.494204	0.505796
2R28-D-A	Positive	0.301717	0.698283
2KBW-B-A	Negative	0.560277	0.439723
2V3S-D-A	Positive	0.453052	0.546948
2V3S-C-B	Positive	0.432812	0.567188
2BEV-C-A	Negative	0.740213	0.259787
2ZGH-B-A	Negative	0.734048	0.265952
2WOK-B-A	Negative	0.913754	0.0862455
2I6O-B-A	Positive	0.240774	0.759226
2WWB-C-A	Positive	0.186416	0.813584
2CMY-B-A	Positive	0.108178	0.891822
2ZT9-G-A	Positive	0.11331	0.88669
2ZT9-H-A	Positive	0.275807	0.724193
2ZT9-F-B	Negative	0.882321	0.117679
2ZT9-E-C	Positive	0.202487	0.797513
2DYM-B-A	Negative	0.531793	0.468207
2VZI-A-B	Negative	0.951678	0.0483219
2C5I-P-T	Negative	0.941482	0.0585183
2ZL4-O-A	Negative	0.720461	0.279539
2CVY-B-A	Positive	0.409994	0.590006
2GDC-B-A	Negative	0.518716	0.481284
2Y8S-E-D	Negative	0.727104	0.272896
2P6A-E-B	Negative	0.791877	0.208123
2OKR-C-A	Positive	0.384273	0.615727
2MNJ-A-B	Negative	0.826978	0.173022
2C2L-E-A	Negative	0.92828	0.0717198
2GPP-C-A	Negative	0.721723	0.278277
2GPP-D-B	Negative	0.679308	0.320692
2D11-E-A	Negative	0.77502	0.22498
2D11-G-C	Negative	0.679782	0.320218
2FOJ-B-A	Positive	0.14379	0.85621
2AO6-B-A	Negative	0.918797	0.081203
2PLD-B-A	Negative	0.935072	0.0649279
2H5D-B-A	Negative	0.93861	0.0613898
2MAK-B-A	Negative	0.879963	0.120037
2MSR-A-B	Negative	0.792758	0.207242
2FMH-B-A	Negative	0.764109	0.235891
2ZQP-E-Y	Negative	0.648101	0.351899
2PW8-L-H	Negative	0.512811	0.487189
2KQS-B-A	Negative	0.569551	0.430449
2A41-C-A	Negative	0.64368	0.35632
2D10-E-A	Negative	0.964799	0.0352012
2M8S-B-A	Negative	0.616558	0.383442
2W6I-H-G	Negative	0.668789	0.331211
2W6I-I-G	Negative	0.555023	0.444977
2Z32-B-A	Negative	0.800946	0.199054
2BR8-F-A	Negative	0.801616	0.198384
2BR8-J-A	Negative	0.801616	0.198384
2Y1L-H-A	Negative	0.609661	0.390339
2ESV-P-A	Positive	0.466931	0.533069
2R1R-D-A	Negative	0.851977	0.148023
2R1R-P-A	Negative	0.645009	0.354991
2LUE-B-A	Negative	0.820076	0.179924
2XJZ-I-A	Positive	0.284892	0.715108
2XJZ-J-A	Positive	0.102951	0.897049
2XJZ-K-B	Negative	0.514672	0.485328
2XJZ-M-E	Positive	0.360495	0.639505
2V8C-C-A	Negative	0.622056	0.377944
2JMX-B-A	Negative	0.799563	0.200437
2LSK-B-A	Positive	0.261618	0.738382
2DRM-E-A	Positive	0.131464	0.868536
2DRM-G-C	Positive	0.342075	0.657925
2P0W-P-A	Positive	0.0960633	0.903937
2P0W-Q-B	Positive	0.0851005	0.914899
2N9E-A-B	Negative	0.869152	0.130848
2R9B-C-A	Positive	0.286908	0.713092
2KDU-B-A	Negative	0.762246	0.237754
2L4T-B-A	Negative	0.950257	0.0497435
2DWX-P-A	Positive	0.175687	0.824313
2DWX-Q-C	Positive	0.121157	0.878843
2RNX-B-A	Positive	0.206303	0.793697
2EEO-A-B	Positive	0.229572	0.770428
2K9U-B-A	Positive	0.334166	0.665834
2IBF-B-A	Positive	0.0284916	0.971508
2IBF-D-A	Positive	0.135192	0.864808
2XB2-G-A	Negative	0.673174	0.326826
2XB2-F-X	Positive	0.421755	0.578245
2XB2-U-X	Negative	0.629975	0.370025
2IGF-P-L	Positive	0.189909	0.810091
2LVM-B-A	Negative	0.773178	0.226822
2PON-A-B	Positive	0.462793	0.537207
2X4X-B-A	Negative	0.852923	0.147077
2X4X-D-C	Positive	0.281547	0.718453
2X4X-F-E	Positive	0.362726	0.637274
2B0F-B-A	Negative	0.886247	0.113753
2J9J-C-A	Negative	0.987956	0.0120443
2MS4-B-A	Negative	0.977137	0.0228631
2FNS-P-A	Negative	0.913602	0.0863983
2H5K-C-A	Negative	0.699589	0.300411
2ROL-B-A	Negative	0.540504	0.459496
2JM6-A-B	Negative	0.85036	0.14964
2I5Y-M-G	Positive	0.499614	0.500386
2CIA-L-A	Negative	0.868265	0.131735
2KQF-B-A	Negative	0.760242	0.239759
2AIK-P-X	Positive	0.17196	0.82804
2P6B-E-A	Positive	0.396968	0.603032
2KXC-B-A	Positive	0.479034	0.520966
2Y0I-S-A	Negative	0.787807	0.212193
2GKW-B-A	Negative	0.944359	0.0556409
2HD4-B-A	Positive	0.450412	0.549588
2G35-B-A	Positive	0.475533	0.524467
2H4M-C-A	Negative	0.617351	0.382649
2H4M-D-B	Positive	0.25954	0.74046
2NXM-P-A	Negative	0.938108	0.0618919
2N9P-A-C	Positive	0.176506	0.823494
2QKI-G-A	Positive	0.133039	0.866961
2QKI-H-D	Positive	0.133039	0.866961
2QAS-B-A	Negative	0.933895	0.0661048
2ZCK-S-P	Positive	0.282144	0.717856
2RSN-B-A	Negative	0.84033	0.15967
2VWF-B-A	Positive	0.302623	0.697377
2YDQ-T-A	Positive	0.0840092	0.915991
2JLD-E-A	Negative	0.619628	0.380372
2HU2-B-A	Negative	0.979104	0.0208956
2O5G-B-A	Positive	0.260679	0.739321
2DEX-A-X	Positive	0.395734	0.604266
2RPQ-B-A	Negative	0.680682	0.319318
2HDN-A-B	Positive	0.106663	0.893337
2HKF-P-L	Negative	0.867512	0.132488
2VWL-L-A	Positive	0.327596	0.672404
2C74-P-A	Negative	0.942011	0.0579891
2L1B-B-A	Positive	0.372415	0.627585
2KA9-B-A	Negative	0.641524	0.358476
2P8L-C-A	Negative	0.590607	0.409393
2JNW-B-A	Negative	0.579726	0.420274
2X7A-C-D	Negative	0.912963	0.0870369
2X7A-K-I	Positive	0.268176	0.731824
2QXV-B-A	Positive	0.270121	0.729879
2IFR-B-A	Positive	0.266312	0.733688
2BVO-C-A	Negative	0.571021	0.428979
2XPG-C-A	Negative	0.947437	0.0525633
2WB1-Q-A	Negative	0.514444	0.485556
2WB1-J-W	Negative	0.572231	0.427769
2ZPY-B-A	Negative	0.663986	0.336014
2V2X-C-A	Negative	0.837428	0.162572
2PV1-B-A	Negative	0.835961	0.164039
2M55-B-A	Positive	0.193123	0.806877
2ZKS-C-A	Negative	0.934385	0.0656151
2VWO-L-A	Positive	0.356424	0.643576
2G2I-C-A	Positive	0.34784	0.65216
2G2I-D-B	Positive	0.103131	0.896869
2PLX-B-A	Negative	0.736621	0.263379
2K05-B-A	Negative	0.571355	0.428645
2P8P-C-A	Negative	0.901457	0.0985429
2KRI-B-A	Positive	0.217795	0.782205
2YLE-B-A	Positive	0.0232475	0.976752
2KHS-B-A	Positive	0.367643	0.632357
2OQ1-B-A	Negative	0.926875	0.0731254
2YPT-F-A	Negative	0.637906	0.362094
2YPT-G-B	Negative	0.885169	0.114831
2YEZ-C-A	Negative	0.813872	0.186128
2BSS-C-A	Negative	0.894616	0.105384
2LNK-C-A	Negative	0.907094	0.0929058
2G56-C-A	Positive	0.0423763	0.957624
2G56-D-B	Positive	0.0375248	0.962475
2KJ4-B-A	Negative	0.981378	0.0186218
2WUH-B-A	Positive	0.20008	0.79992
2WUH-C-A	Positive	0.20008	0.79992
2WUH-D-A	Positive	0.24239	0.75761
2K42-B-A	Negative	0.760055	0.239945
2WV5-E-A	Negative	0.824443	0.175557
2KSP-B-A	Negative	0.887953	0.112047
2XU7-D-A	Negative	0.840746	0.159254
2XU7-C-B	Negative	0.823514	0.176486
2ND0-B-A	Negative	0.741056	0.258944
2BE6-D-A	Positive	0.233258	0.766742
2BE6-F-C	Positive	0.0470379	0.952962
2AZM-C-A	Negative	0.950229	0.0497712
2ZVM-U-A	Negative	0.891762	0.108238
2QIY-C-A	Negative	0.51315	0.48685
2PQ2-B-A	Negative	0.875458	0.124542
2ATP-E-A	Positive	0.398637	0.601363
2ATP-F-C	Positive	0.310713	0.689287
2H1P-P-L	Negative	0.516186	0.483814
2V5W-I-A	Positive	0.30263	0.69737
2Q8D-G-B	Negative	0.960474	0.0395264
2CNO-C-A	Negative	0.755546	0.244454
2EIN-L-A	Positive	0.178295	0.821705
2BYP-F-A	Positive	0.0398516	0.960148
2MHO-B-A	Positive	0.408564	0.591436
2N9X-B-A	Negative	0.963486	0.0365143
2QBW-B-A	Negative	0.935873	0.0641266
2HWL-A-B	Positive	0.462066	0.537934
2HWL-C-D	Positive	0.481055	0.518945
2HWL-P-D	Negative	0.943968	0.056032
2GSI-W-A	Negative	0.621017	0.378983
2GSI-X-C	Positive	0.228895	0.771105
2GSI-Z-G	Negative	0.857751	0.142249
2GL7-B-A	Negative	0.926213	0.073787
2GL7-C-A	Negative	0.795386	0.204614
2GL7-E-D	Negative	0.903041	0.0969587
2GL7-F-D	Positive	0.481262	0.518738
2RKY-B-A	Negative	0.543237	0.456763
2RKY-D-A	Negative	0.607148	0.392852
2O98-Q-A	Positive	0.317687	0.682313
2AZE-C-A	Positive	0.416214	0.583786
2KTB-A-B	Positive	0.490255	0.509745
2VIF-P-A	Negative	0.92156	0.07844
2NS8-H-A	Positive	0.4233	0.5767
2NS8-E-A	Negative	0.709135	0.290865
2NS8-Z-A	Positive	0.291777	0.708223
2RUK-A-B	Positive	0.252595	0.747405
2AP2-P-A	Negative	0.93462	0.0653798
2AP2-Q-C	Negative	0.802319	0.197681
2VAY-B-A	Negative	0.650146	0.349853
2OT0-E-A	Negative	0.724159	0.275841
2BGR-Y-A	Negative	0.659512	0.340488
2RFX-C-A	Positive	0.212055	0.787945
2Y69-Z-N	Negative	0.714191	0.285809
2UWJ-F-E	Negative	0.852486	0.147514
2B3G-B-A	Negative	0.812707	0.187293
2YY0-A-B	Negative	0.916302	0.0836983
2YY0-C-B	Negative	0.773082	0.226918
2FX9-P-L	Positive	0.114145	0.885855
2VOI-B-A	Negative	0.678268	0.321732
2X7R-A-C	Positive	0.314963	0.685037
2X7R-B-C	Negative	0.701539	0.298461
2X7R-D-E	Positive	0.216975	0.783025
2KA6-B-A	Positive	0.390382	0.609618
2J0S-T-A	Negative	0.68368	0.31632
2CCI-F-A	Positive	0.493387	0.506613
2CCI-I-C	Positive	0.289565	0.710435
2LLQ-B-A	Positive	0.270997	0.729003
2B9I-C-A	Negative	0.853412	0.146588
2GGV-A-B	Negative	0.602413	0.397587
2HV8-F-A	Negative	0.691961	0.308039
2K2I-B-A	Negative	0.822887	0.177113
2BE1-D-B	Negative	0.830799	0.169201
2KVM-B-A	Negative	0.638551	0.361449
2VZD-C-A	Negative	0.984168	0.015832
2VZD-D-B	Negative	0.987087	0.0129129
2ADV-B-A	Negative	0.920154	0.0798456
2BB4-P-A	Negative	0.930677	0.0693231
2JQK-B-A	Negative	0.885878	0.114122
2A83-C-A	Negative	0.545877	0.454123
2LP8-B-A	Negative	0.548741	0.451259
2FTS-P-A	Negative	0.678683	0.321317
2Q3Y-B-A	Negative	0.809031	0.190969
2QHR-P-H	Negative	0.715352	0.284648
2VUS-M-E	Negative	0.839994	0.160006
2LL6-B-A	Positive	0.421378	0.578622
2LL7-B-A	Positive	0.381193	0.618807
2AOJ-C-A	Negative	0.760929	0.239071
2WPM-L-S	Positive	0.185844	0.814156
2Y48-C-A	Positive	0.254368	0.745632
2QFA-C-A	Positive	0.184223	0.815777
2L14-B-A	Negative	0.501581	0.498419
2YBF-B-A	Negative	0.639637	0.360364
2MKP-I-C	Negative	0.527516	0.472484
2OVH-B-A	Negative	0.831544	0.168456
2XAW-F-C	Negative	0.848957	0.151043
2YJ1-B-A	Negative	0.784399	0.215601
2YJ1-D-C	Negative	0.784399	0.215601
2V8F-C-A	Negative	0.924069	0.0759307
2L6E-B-A	Positive	0.316796	0.683204
2AQ9-X-A	Positive	0.293433	0.706567
2AK4-C-A	Negative	0.816809	0.183191
2MOW-B-A	Negative	0.888351	0.111649
2B1Z-C-A	Negative	0.883879	0.116121
2KWN-B-A	Positive	0.452311	0.547689
2H59-D-A	Negative	0.821685	0.178315
2LR1-B-A	Positive	0.308994	0.691006
2JKG-P-A	Negative	0.625161	0.374839
2F91-B-A	Negative	0.645591	0.354409
2BOK-L-A	Positive	0.171176	0.828824
2KFG-B-A	Positive	0.147817	0.852183
2ZVV-Y-A	Negative	0.66459	0.33541
2ZVV-X-A	Negative	0.993557	0.00644316
2B26-D-A	Negative	0.912002	0.0879981
2RVB-A-B	Negative	0.584713	0.415287
2PHK-B-A	Negative	0.534781	0.465219
2JAM-D-A	Positive	0.435997	0.564003
2JAM-E-B	Positive	0.30588	0.69412
2RKL-D-B	Negative	0.801811	0.198189
2RKL-E-C	Negative	0.569315	0.430685
2LXT-C-A	Negative	0.929308	0.0706921
2JZI-B-A	Positive	0.379312	0.620688
2JGB-B-A	Negative	0.556139	0.443861
2Y0Q-A-B	Positive	0.409163	0.590837
2Y0Q-C-B	Negative	0.519871	0.480129
2XVC-B-A	Negative	0.895731	0.104269
2ILM-S-A	Negative	0.790035	0.209965
2ASU-A-B	Positive	0.175705	0.824295
2QTV-D-A	Positive	0.468352	0.531648
2MPM-B-A	Positive	0.312425	0.687575
2GS6-B-A	Positive	0.326756	0.673244
2NPH-S-A	Negative	0.915227	0.0847726
2NPH-T-A	Negative	0.968731	0.0312693
2V5P-D-A	Positive	0.218104	0.781896
2MRE-B-A	Positive	0.30576	0.69424
2VSL-B-A	Positive	0.254776	0.745224
2OBO-D-A	Positive	0.136289	0.863711
2KNH-B-A	Positive	0.187121	0.812879
2JQI-B-A	Positive	0.386024	0.613976
2AKA-L-A	Positive	0.359336	0.640664
2XE4-B-A	Positive	0.261667	0.738333
2LSR-B-A	Negative	0.849536	0.150464
2RR4-B-A	Positive	0.204836	0.795164
2Q9I-M-B	Negative	0.922376	0.0776244
2OFQ-B-A	Negative	0.741539	0.258461
2WBY-C-A	Negative	0.632543	0.367457
2WBY-D-A	Negative	0.798553	0.201447
2WBY-F-B	Positive	0.290309	0.709691
2DYH-B-A	Positive	0.293201	0.706799
2BSR-C-A	Positive	0.481633	0.518367
2PQW-B-A	Negative	0.950286	0.0497141
2ZLF-B-A	Positive	0.399616	0.600384
2LP0-B-A	Negative	0.933536	0.0664636
2Z7X-C-A	Negative	0.644009	0.355991
2X1N-H-D	Negative	0.779161	0.220839
2KPL-B-A	Negative	0.972274	0.0277261
2DSQ-I-B	Positive	0.345184	0.654816
2RJF-B-A	Negative	0.952251	0.0477488
2CI9-L-A	Negative	0.868265	0.131735
2CI9-M-B	Negative	0.619198	0.380802
2FHO-A-B	Negative	0.802323	0.197677
2PUQ-I-H	Negative	0.854095	0.145905
2BVR-I-H	Positive	0.400411	0.599589
2HPC-M-B	Positive	0.0979891	0.902011
2LSV-B-A	Negative	0.747664	0.252336
2F49-C-A	Positive	0.347563	0.652437
2CK0-P-L	Negative	0.747616	0.252384
2Z3F-I-A	Negative	0.554883	0.445117
2Z3F-Q-A	Negative	0.908051	0.0919488
2Z3F-K-C	Positive	0.408455	0.591545
2Z3F-L-D	Positive	0.177868	0.822132
2NL9-B-A	Positive	0.356151	0.643849
2XYI-B-A	Positive	0.263787	0.736213
2L7L-B-A	Negative	0.682477	0.317523
2JD5-C-A	Negative	0.907517	0.0924833
2FX7-P-L	Positive	0.240683	0.759317
2D5W-C-A	Negative	0.575046	0.424954
2D5W-D-B	Negative	0.612375	0.387625
2VCP-D-A	Negative	0.622026	0.377974
2JDL-C-A	Negative	0.935571	0.0644291
2JDL-D-B	Negative	0.837109	0.162891
2K20-B-A	Negative	0.601362	0.398638
2MZP-I-C	Negative	0.745521	0.254479
2GS0-B-A	Negative	0.628523	0.371477
2Z5N-B-A	Negative	0.868905	0.131095
2HAL-I-A	Negative	0.864014	0.135986
2HUG-B-A	Positive	0.400864	0.599136
2R05-B-A	Negative	0.891692	0.108308
2BCX-B-A	Positive	0.245256	0.754744
2LEH-B-A	Negative	0.850456	0.149544
2MZD-B-A	Positive	0.377644	0.622356
2NM1-B-A	Negative	0.757509	0.242491
2XPN-B-A	Negative	0.711903	0.288097
2I3H-C-A	Negative	0.639951	0.360049
2DOI-C-X	Negative	0.829966	0.170034
2DOI-B-A	Negative	0.526145	0.473855
2P2T-C-A	Negative	0.689421	0.310579
2VDN-C-A	Negative	0.676146	0.323854
2PQN-B-A	Negative	0.77472	0.22528
2D1K-C-A	Positive	0.226174	0.773826
2ZL9-C-A	Negative	0.573792	0.426208
2H6M-I-A	Negative	0.683281	0.316719
2C63-P-A	Negative	0.827229	0.172771
2Q6G-C-A	Negative	0.548898	0.451102
2Q6G-D-A	Negative	0.950572	0.0494282
2L6Y-A-B	Negative	0.507463	0.492537
2P5B-I-A	Negative	0.844401	0.155599
2P5B-J-B	Negative	0.526741	0.473259
2O02-P-A	Negative	0.666003	0.333998
2O02-Q-B	Negative	0.935338	0.0646622
2P54-B-A	Negative	0.533173	0.466827
2Y6S-P-C	Positive	0.283717	0.716283
2LXP-B-A	Negative	0.893488	0.106512
2VOG-B-A	Negative	0.780468	0.219532
2XHS-B-A	Negative	0.889556	0.110444
2K6Q-B-A	Negative	0.648569	0.351431
2WP2-P-A	Positive	0.432327	0.567673
2WP2-Q-B	Negative	0.914529	0.0854705
2PBD-V-A	Negative	0.933799	0.0662007
2ZNE-C-A	Negative	0.563675	0.436325
2ZNE-D-B	Negative	0.877181	0.122819
2GT9-C-A	Negative	0.883741	0.116259
2DVQ-P-A	Negative	0.826828	0.173172
2DVQ-Q-A	Negative	0.670354	0.329645
2Q8C-F-A	Negative	0.785629	0.214371
2Q8C-G-B	Positive	0.446981	0.553019
2SEB-E-A	Positive	0.467977	0.532023
2XZE-Q-A	Negative	0.979191	0.0208088
2XZE-R-A	Negative	0.94535	0.0546499
2DVR-Q-A	Positive	0.41191	0.58809
2KBS-B-A	Negative	0.838731	0.161269
2Y07-P-H	Negative	0.819771	0.180229
2B1J-C-A	Negative	0.981952	0.0180482
2CCH-E-B	Negative	0.607442	0.392558
2RQG-A-B	Negative	0.783852	0.216148
2VPD-B-A	Positive	0.129673	0.870327
2WHY-B-A	Negative	0.85573	0.14427
2C1T-C-A	Positive	0.468393	0.531607
2C1T-D-A	Positive	0.498711	0.501289
2PKU-B-A	Negative	0.75664	0.24336
2IY3-C-A	Negative	0.768431	0.231569
2ACM-B-A	Positive	0.265259	0.734741
2OBQ-B-A	Positive	0.175091	0.824909
2OBQ-D-A	Positive	0.0576324	0.942368
2XPX-B-A	Positive	0.106542	0.893458
2LOZ-B-A	Negative	0.649674	0.350326
2L6Z-B-C	Positive	0.260727	0.739273
2X4N-C-A	Negative	0.976745	0.0232549
2LNH-C-A	Positive	0.369899	0.630101
2Y65-Y-A	Positive	0.102639	0.897361
2Y65-W-B	Positive	0.237256	0.762744
2HSQ-B-A	Positive	0.112937	0.887063
2EQ7-C-A	Negative	0.536919	0.463081
2G2F-C-A	Negative	0.628564	0.371436
2P5E-C-A	Negative	0.771565	0.228435
2L27-B-A	Negative	0.846181	0.153819
2KWV-A-B	Positive	0.409088	0.590912
2GV2-B-A	Negative	0.651539	0.348461
2EH8-P-L	Negative	0.874511	0.125489
2W9R-B-A	Negative	0.835943	0.164057
2G5B-I-A	Negative	0.923297	0.0767025
2FNT-P-A	Positive	0.399506	0.600494
2M32-B-A	Negative	0.75281	0.24719
2MJV-A-B	Positive	0.309869	0.690131
2VUM-M-A	Negative	0.92243	0.0775701
2ZOL-E-A	Negative	0.706567	0.293433
2ZOL-F-C	Negative	0.706567	0.293433
2NNA-C-A	Positive	0.460769	0.539231
2OQJ-C-A	Positive	0.435144	0.564856
2OQJ-F-D	Positive	0.260947	0.739053
2OQJ-I-G	Positive	0.361254	0.638746
2OQJ-L-J	Positive	0.299225	0.700775
2H2H-B-A	Positive	0.478188	0.521812
2BBV-D-A	Positive	0.338791	0.661209
2AX3-B-A	Positive	0.425566	0.574434
2L53-B-A	Negative	0.818722	0.181278
2FF3-C-A	Negative	0.736888	0.263112
2I32-E-A	Negative	0.534433	0.465567
2I32-F-A	Positive	0.329707	0.670293
2K17-P-A	Positive	0.485406	0.514594
2J4W-D-H	Positive	0.316526	0.683474
2BP3-T-A	Negative	0.889718	0.110282
2BP3-S-B	Negative	0.797085	0.202915
2UUE-E-B	Negative	0.876164	0.123836
2V86-E-A	Positive	0.340739	0.659261
2EQ9-C-A	Negative	0.870156	0.129844
2B6N-B-A	Negative	0.964747	0.0352529
2KWO-B-A	Positive	0.136263	0.863737
2PR9-P-A	Negative	0.982	0.0179996
2XS8-B-A	Negative	0.871277	0.128723
2NWN-B-A	Positive	0.476215	0.523785
2ZTT-B-A	Negative	0.961473	0.0385271
2I94-B-A	Negative	0.798248	0.201752
2MC6-B-A	Negative	0.905231	0.0947692
2MPS-B-A	Negative	0.750863	0.249137
2PGB-A-B	Negative	0.707909	0.292091
2K2F-C-A	Positive	0.315501	0.684499
2BD3-P-A	Negative	0.964811	0.0351892
2N01-A-B	Positive	0.225526	0.774474
2FYZ-B-A	Negative	0.766962	0.233038
2FYZ-D-A	Negative	0.550104	0.449896
2FYZ-F-C	Negative	0.640172	0.359828
2C9T-K-A	Positive	0.292507	0.707493
2B1H-P-L	Negative	0.750586	0.249414
2DEN-A-B	Negative	0.868615	0.131385
2VWN-L-A	Positive	0.464169	0.535831
2OBH-C-A	Positive	0.296265	0.703735
2OBH-D-A	Positive	0.245883	0.754117
2VPE-B-A	Positive	0.0504792	0.949521
2Y7L-B-A	Positive	0.261334	0.738666
2CO4-B-A	Negative	0.72345	0.27655
2WJG-C-A	Negative	0.781318	0.218682
2ZVL-U-A	Negative	0.908091	0.0919094
2ZVL-V-B	Negative	0.957356	0.0426443
2ZVL-W-C	Negative	0.924109	0.0758905
2ZVL-X-D	Negative	0.928149	0.071851
2ZVL-Z-F	Negative	0.908091	0.0919094
2NPA-B-A	Negative	0.558099	0.441901
2NPA-D-C	Negative	0.744514	0.255486
2JXC-B-A	Negative	0.591953	0.408047
2JFA-P-A	Negative	0.771293	0.228707
2XPP-B-A	Negative	0.874583	0.125417
2MWP-B-A	Positive	0.368608	0.631392
2Y6I-B-A	Negative	0.976651	0.0233491
2Z5K-B-A	Negative	0.550787	0.449213
2N0Y-B-A	Negative	0.782092	0.217908
2BZ8-C-A	Positive	0.447411	0.552589
2JOG-B-A	Positive	0.443573	0.556427
2BEC-B-A	Negative	0.660348	0.339652
2Z8C-B-A	Negative	0.646374	0.353626
2LYD-B-A	Negative	0.53753	0.46247
2MGU-M-A	Negative	0.632044	0.367956
2W77-C-B	Positive	0.345129	0.654871
2YBA-D-A	Positive	0.48545	0.51455
2YBA-C-B	Negative	0.639794	0.360206
2XPI-B-A	Positive	0.438115	0.561885
2N4Q-A-B	Positive	0.339834	0.660166
2MW2-B-A	Negative	0.500256	0.499744
2G48-C-A	Negative	0.888202	0.111798
2G48-D-B	Positive	0.142953	0.857047
2F3Y-B-A	Positive	0.187534	0.812466
2Z5M-B-A	Positive	0.40494	0.59506
2VPG-P-A	Negative	0.912192	0.0878079
2QQD-A-B	Positive	0.278322	0.721678
2YDS-T-A	Negative	0.670505	0.329495
2BZW-B-A	Positive	0.339292	0.660708
2VT1-A-B	Negative	0.511575	0.488425
2LPB-B-A	Negative	0.547874	0.452126
2RQH-A-B	Positive	0.41435	0.58565
2QA9-I-E	Negative	0.970608	0.0293922
2VDO-C-A	Negative	0.953629	0.0463713
2J7Y-B-A	Negative	0.981186	0.0188142
2NXD-P-A	Negative	0.645087	0.354913
2UZ6-K-A	Negative	0.921985	0.0780149
2F69-B-A	Negative	0.71598	0.28402
2ZPN-E-A	Negative	0.557926	0.442074
2O8M-C-A	Positive	0.0770464	0.922954
2O8M-D-A	Positive	0.236332	0.763668
2RD4-C-A	Negative	0.525536	0.474464
2Y0M-B-A	Positive	0.490591	0.509409
2ASQ-B-A	Negative	0.530092	0.469908
2MKR-B-A	Negative	0.951995	0.0480045
2ZFX-C-A	Positive	0.357624	0.642376
2XS3-C-A	Negative	0.738127	0.261873
2LKM-A-B	Negative	0.807829	0.192171
2H2G-B-A	Positive	0.349196	0.650804
2O4J-C-A	Negative	0.623916	0.376084
2E4H-B-A	Negative	0.892985	0.107015
2W5Z-C-A	Negative	0.839967	0.160033
2V51-F-B	Negative	0.538065	0.461935
2VZG-A-B	Negative	0.985793	0.0142069
2ZXE-G-A	Negative	0.889472	0.110528
2WSS-U-C	Positive	0.385741	0.614259
2WSS-Z-O	Negative	0.923688	0.0763117
2WSS-X-W	Positive	0.435257	0.564743
2W10-D-A	Negative	0.955735	0.0442653
2W10-C-B	Negative	0.8824	0.1176
2PB8-P-A	Negative	0.84468	0.15532
2VBC-B-A	Negative	0.780887	0.219113
2YMT-B-A	Negative	0.58137	0.41863
2VOY-B-A	Negative	0.795211	0.204789
2VOY-E-F	Positive	0.223829	0.776171
2VOY-G-F	Negative	0.83653	0.16347
2VOY-H-I	Positive	0.246114	0.753886
2VOY-K-I	Positive	0.257778	0.742222
2ODG-C-A	Negative	0.658359	0.341641
2KRB-B-A	Negative	0.527587	0.472413
2Y0S-Q-A	Negative	0.508778	0.491222
2Y0S-P-B	Positive	0.134083	0.865917
2P1L-B-A	Negative	0.715175	0.284825
2LSJ-B-A	Positive	0.429955	0.570045
2C1J-C-A	Positive	0.309596	0.690404
2PDZ-B-A	Negative	0.983501	0.0164993
2YVC-D-A	Negative	0.633098	0.366902
2YVC-F-A	Positive	0.0672886	0.932711
2YVC-E-B	Positive	0.4848	0.5152
2KTF-B-A	Negative	0.842645	0.157355
2E3K-R-D	Negative	0.732816	0.267184
2BFY-D-A	Positive	0.321131	0.678869
2BFY-C-B	Negative	0.567805	0.432195
2QSC-P-L	Positive	0.352122	0.647878
2KHW-A-B	Positive	0.27558	0.72442
2ZJP-4-E	Positive	0.268168	0.731832
2DUJ-P-A	Negative	0.810767	0.189233
2CWG-D-A	Negative	0.7682	0.2318
2CWG-E-A	Negative	0.987563	0.0124368
2BPA-3-1	Positive	0.482448	0.517552
2QOS-A-C	Negative	0.898711	0.101289
2BRR-P-H	Positive	0.224782	0.775218
2Y21-H-C	Negative	0.747491	0.252509
2Y21-K-I	Negative	0.737303	0.262696
2LAS-B-A	Negative	0.696218	0.303782
2X4Y-B-A	Negative	0.909971	0.0900291
2X4Y-P-A	Negative	0.790062	0.209938
2X4Y-D-C	Negative	0.526741	0.473259
2X4Y-F-E	Negative	0.793835	0.206165
2X4Y-L-K	Positive	0.157264	0.842736
2F5Z-K-A	Negative	0.571008	0.428992
2J7I-C-A	Negative	0.732515	0.267485
2J7I-D-B	Negative	0.827442	0.172558
2XS4-B-A	Negative	0.852602	0.147398
2BJ4-C-A	Negative	0.732569	0.267431
2VJ0-Q-A	Positive	0.446393	0.553607
2OVR-C-B	Negative	0.556371	0.443629
2J9U-B-A	Positive	0.357216	0.642784
2C1M-B-A	Negative	0.557441	0.442559
2ZL2-O-A	Negative	0.969052	0.0309481
2ZL2-P-B	Positive	0.287529	0.712471
2ZL2-U-H	Negative	0.74144	0.25856
2XXM-T-A	Positive	0.159872	0.840128
2MTP-B-A	Negative	0.633646	0.366354
2MTP-C-A	Negative	0.641532	0.358468
2L00-A-B	Positive	0.0840321	0.915968
2RS9-A-B	Negative	0.623053	0.376947
2LTO-B-A	Negative	0.860011	0.139989
2P58-B-A	Positive	0.317958	0.682042
2VUT-M-E	Negative	0.887085	0.112915
2WEV-E-B	Positive	0.457936	0.542064
2K7L-B-A	Negative	0.952563	0.0474368
2AXI-B-A	Negative	0.627226	0.372774
2R03-B-A	Negative	0.813093	0.186907
2JW1-B-A	Negative	0.956554	0.043446
2XA0-C-A	Negative	0.876421	0.123579
2L0F-B-A	Negative	0.625719	0.374281
2ZSW-M-A	Negative	0.673508	0.326492
2NP0-B-A	Positive	0.465604	0.534396
2W3O-C-A	Negative	0.85116	0.14884
2F9D-P-A	Negative	0.774218	0.225782
2JGC-B-A	Negative	0.540753	0.459247
2PIE-F-A	Negative	0.50293	0.49707
2HZS-I-B	Positive	0.426188	0.573812
2HZS-J-D	Positive	0.06167	0.93833
2HZS-K-F	Positive	0.234029	0.765971
2HZS-L-H	Positive	0.0865426	0.913457
2L9S-A-B	Positive	0.38214	0.61786
2JOD-B-A	Negative	0.601629	0.398371
2QAC-T-A	Positive	0.190633	0.809367
2N3A-A-B	Negative	0.904212	0.0957879
2V89-E-A	Positive	0.4775	0.5225
2IIJ-B-A	Negative	0.701966	0.298034
2P4R-T-A	Negative	0.758111	0.241889
2ZJD-B-A	Negative	0.845885	0.154115
2ZJD-D-C	Negative	0.809393	0.190607
2QBX-P-A	Negative	0.629528	0.370472
2QBX-D-B	Negative	0.960319	0.0396814
2HPZ-B-A	Negative	0.720988	0.279012
2A6D-P-A	Negative	0.86521	0.13479
2WC0-C-A	Negative	0.716026	0.283974
2WC0-D-A	Positive	0.325934	0.674066
2L7U-B-A	Negative	0.670128	0.329872
2F6A-E-A	Negative	0.634522	0.365478
2F6A-J-B	Negative	0.558411	0.441589
2DZE-X-A	Negative	0.608341	0.391659
2BCK-C-A	Negative	0.886541	0.113459
2LO6-B-A	Positive	0.443683	0.556317
2RJE-P-A	Negative	0.580467	0.419533
2RJE-Q-A	Negative	0.69762	0.30238
2B1A-P-L	Negative	0.596493	0.403507
2Z9I-D-A	Negative	0.629012	0.370988
2Z9I-F-A	Negative	0.962818	0.0371825
2Z9I-G-A	Negative	0.948392	0.0516084
2Z9I-H-B	Negative	0.925108	0.0748919
2Z9I-I-C	Negative	0.980633	0.0193667
2ZGJ-B-A	Negative	0.897751	0.102249
2BAP-D-B	Negative	0.567109	0.432891
2IWB-B-A	Positive	0.352375	0.647625
3VB4-E-A	Negative	0.781167	0.218833
3WG5-C-A	Negative	0.834702	0.165298
3HOW-L-B	Positive	0.259795	0.740205
3AP1-S-A	Negative	0.786125	0.213875
3UI2-B-A	Positive	0.204446	0.795554
3UTM-C-A	Negative	0.859858	0.140142
3TL0-B-A	Negative	0.838974	0.161026
3WS3-E-A	Negative	0.655582	0.344418
3V9V-C-A	Negative	0.890527	0.109473
3OGM-Q-B	Positive	0.340879	0.659121
3QF9-B-A	Negative	0.990545	0.00945545
3QGN-A-B	Negative	0.715833	0.284167
3I7H-B-A	Negative	0.897772	0.102228
3W1B-B-A	Positive	0.13956	0.86044
3V2X-B-A	Negative	0.869685	0.130315
3TDI-C-B	Negative	0.568484	0.431516
3QT1-I-A	Negative	0.695347	0.304653
3D9O-Z-B	Positive	0.282984	0.717016
3NIM-X-A	Negative	0.628444	0.371556
3D9T-C-A	Negative	0.738522	0.261478
3D9T-D-A	Negative	0.617805	0.382195
3HPW-C-A	Positive	0.313699	0.686301
3D44-B-A	Negative	0.854458	0.145542
3CDW-H-A	Negative	0.797859	0.202141
3IYB-2-3	Positive	0.422978	0.577022
3OUW-B-A	Positive	0.365582	0.634418
3U3W-P-A	Negative	0.706564	0.293436
3RVF-B-A	Negative	0.952314	0.0476863
3MQS-D-C	Negative	0.958191	0.0418092
3MN7-S-A	Negative	0.930666	0.0693338
3C3R-B-A	Negative	0.844322	0.155678
3BEF-A-B	Negative	0.818536	0.181464
3BEF-C-B	Negative	0.875068	0.124932
3BEF-D-E	Negative	0.625927	0.374073
3BEF-F-E	Negative	0.70702	0.29298
3UVX-B-A	Positive	0.253483	0.746517
3GW1-C-A	Positive	0.404221	0.595779
3U3Z-B-A	Negative	0.825611	0.174389
3EBB-E-A	Negative	0.74808	0.25192
3EBB-H-A	Negative	0.965098	0.0349021
3EBB-G-C	Negative	0.501095	0.498905
3FP7-I-E	Negative	0.755583	0.244417
3FP7-J-E	Positive	0.0969058	0.903094
3EMW-B-A	Negative	0.878202	0.121798
3RM1-B-A	Positive	0.455019	0.544981
3AG2-K-A	Positive	0.219833	0.780167
3AG2-L-A	Positive	0.178295	0.821705
3AG2-Z-N	Positive	0.416903	0.583097
3G7Z-C-A	Positive	0.131911	0.868089
3L73-I-A	Negative	0.668822	0.331178
3L73-V-B	Negative	0.668822	0.331178
3DOX-P-A	Negative	0.931302	0.0686981
3DOX-Q-A	Positive	0.374569	0.625431
3DX6-C-A	Negative	0.909434	0.0905658
3GYT-B-A	Negative	0.932345	0.0676553
3OJ3-I-A	Negative	0.693128	0.306872
3OJ3-N-A	Negative	0.691753	0.308247
3OJ3-K-B	Negative	0.694857	0.305143
3OJ3-O-F	Positive	0.459822	0.540178
3MLR-P-L	Negative	0.696671	0.303329
3LLZ-B-A	Positive	0.465409	0.534591
3CJI-D-A	Positive	0.188656	0.811344
3W1S-B-A	Negative	0.554159	0.445841
3WUU-B-A	Negative	0.587628	0.412372
3WUU-C-A	Negative	0.77543	0.22457
3WUU-D-A	Positive	0.482563	0.517437
3WUU-F-A	Positive	0.313183	0.686817
3WUU-G-A	Positive	0.460977	0.539023
3WUU-H-A	Negative	0.805789	0.194211
3V62-C-A	Negative	0.908554	0.0914463
3BKY-P-H	Positive	0.28572	0.71428
3OOF-B-A	Negative	0.896103	0.103897
3OOF-D-C	Negative	0.961158	0.0388425
3C01-A-E	Negative	0.692613	0.307387
3C01-C-G	Negative	0.57578	0.42422
3CCH-C-A	Negative	0.649006	0.350994
3R7G-B-A	Positive	0.0512024	0.948798
3BIM-I-A	Positive	0.222373	0.777627
3BIM-N-A	Negative	0.709406	0.290594
3ML4-E-A	Positive	0.147566	0.852434
3Q33-D-A	Negative	0.541735	0.458265
3Q75-G-A	Negative	0.581735	0.418265
3PQZ-L-A	Positive	0.404938	0.595062
3SZS-A-E	Positive	0.225716	0.774284
3SZS-B-E	Positive	0.281184	0.718816
3D2U-C-A	Negative	0.654673	0.345327
3H5R-E-A	Negative	0.800774	0.199226
3GLT-B-A	Negative	0.700752	0.299248
3L3H-C-A	Negative	0.981884	0.018116
3H1K-V-N	Negative	0.668822	0.331178
3NA1-C-A	Negative	0.855288	0.144712
3NA1-D-B	Negative	0.803831	0.196169
3BL2-C-A	Negative	0.762238	0.237762
3IDM-C-A	Negative	0.813077	0.186923
3UAL-P-A	Negative	0.675253	0.324747
3I7P-B-A	Positive	0.260691	0.739309
3UBW-P-A	Negative	0.887513	0.112487
3BH8-C-A	Negative	0.909049	0.090951
3EAR-B-A	Positive	0.32819	0.67181
3F9Y-E-A	Positive	0.406741	0.593259
3F9Y-F-A	Positive	0.391863	0.608137
3LUO-B-A	Negative	0.884307	0.115693
3WOO-C-A	Positive	0.0885497	0.91145
3M1B-I-A	Negative	0.964748	0.0352524
3M1B-J-C	Negative	0.776659	0.223341
3I7N-B-A	Negative	0.817589	0.182411
3U8X-B-A	Negative	0.685859	0.314141
3H6Z-L-A	Negative	0.523273	0.476727
3C00-A-B	Negative	0.565294	0.434706
3MHP-C-A	Negative	0.934682	0.0653176
3MRO-P-A	Negative	0.829028	0.170972
3GSQ-P-A	Negative	0.952508	0.047492
3ER5-I-E	Positive	0.0385675	0.961432
3HBU-Z-P	Positive	0.225984	0.774016
3FXX-B-A	Positive	0.186458	0.813542
3FIE-C-A	Negative	0.520245	0.479755
3ZIL-B-A	Negative	0.68512	0.31488
3QW5-B-A	Negative	0.917577	0.0824226
3EQS-B-A	Positive	0.440224	0.559776
3U3F-E-A	Negative	0.952311	0.0476887
3U3F-G-A	Negative	0.817299	0.182701
3U3F-I-A	Negative	0.982202	0.0177976
3U3F-H-B	Negative	0.691041	0.308959
3E2B-C-A	Positive	0.277704	0.722296
3UO8-L-B	Negative	0.838426	0.161574
3S9C-B-A	Positive	0.236715	0.763285
3M17-I-A	Negative	0.546514	0.453486
3BZX-A-B	Negative	0.639133	0.360867
3GCI-P-A	Negative	0.717795	0.282205
3UAT-B-A	Negative	0.733233	0.266767
3OY5-P-U	Negative	0.895405	0.104595
3GDV-D-A	Negative	0.620808	0.379192
3WWQ-C-A	Positive	0.230829	0.769171
3WWQ-F-D	Positive	0.141957	0.858043
3WWQ-L-E	Positive	0.252734	0.747266
3CWB-V-I	Negative	0.668822	0.331178
3O45-P-L	Positive	0.225138	0.774862
3O45-C-A	Positive	0.229252	0.770748
3OWT-C-A	Negative	0.767602	0.232398
3VXF-L-H	Negative	0.695813	0.304187
3VXF-J-H	Negative	0.671612	0.328388
3VXF-I-H	Positive	0.226327	0.773673
3O6Q-B-A	Positive	0.489984	0.510016
3O6Q-D-A	Positive	0.283262	0.716738
3QZV-C-A	Negative	0.800973	0.199027
3OUA-P-A	Negative	0.627555	0.372445
3PSL-C-A	Negative	0.649256	0.350744
3Q6S-E-A	Negative	0.839667	0.160333
3Q6S-F-A	Negative	0.701229	0.298771
3VFR-C-A	Negative	0.95215	0.0478497
3K24-D-A	Negative	0.632652	0.367348
3D3V-C-A	Negative	0.888801	0.111199
3QF7-C-A	Negative	0.855297	0.144703
3NDF-B-A	Positive	0.124503	0.875497
3FSH-C-A	Negative	0.798582	0.201418
3B3I-C-A	Negative	0.968493	0.0315075
3L3I-C-A	Positive	0.308246	0.691754
3V49-B-A	Positive	0.297882	0.702118
3N56-C-A	Negative	0.727751	0.272249
3O42-B-A	Negative	0.664423	0.335577
3H9Q-E-A	Negative	0.656269	0.343731
3H9Q-G-B	Negative	0.797748	0.202252
3SOU-D-A	Positive	0.181801	0.818199
3UEC-B-A	Positive	0.180187	0.819813
3BPS-E-A	Negative	0.528734	0.471266
3JCO-Y-R	Positive	0.471442	0.528558
3IDG-C-A	Negative	0.799303	0.200697
3BRD-D-A	Positive	0.381014	0.618986
3PUK-C-A	Negative	0.859345	0.140655
3PUK-D-B	Negative	0.881864	0.118136
3W11-B-E	Positive	0.409792	0.590208
3W11-F-E	Positive	0.46657	0.53343
3ULY-B-A	Negative	0.543413	0.456587
3O4L-C-A	Negative	0.855587	0.144413
3T0Y-B-A	Positive	0.350921	0.649079
3T0Y-D-A	Positive	0.381777	0.618223
3EG6-C-A	Negative	0.980371	0.0196294
3JQ5-B-A	Negative	0.985367	0.0146326
3U5O-I-A	Negative	0.852625	0.147375
3NTH-C-A	Positive	0.311181	0.688819
3QE0-F-A	Negative	0.511267	0.488733
3QE0-G-B	Negative	0.555674	0.444326
3CD3-B-A	Negative	0.835989	0.164011
3GO1-P-L	Negative	0.540794	0.459206
3G2T-C-A	Negative	0.735205	0.264795
3BU8-C-A	Negative	0.653982	0.346018
3BU8-D-B	Positive	0.429058	0.570942
3AGY-C-A	Negative	0.591178	0.408822
3AGY-F-B	Negative	0.565609	0.434391
3MJH-B-A	Negative	0.906355	0.0936454
3MJH-D-C	Negative	0.775483	0.224517
3H8K-B-A	Negative	0.91242	0.0875797
3JCU-F-A	Positive	0.31963	0.68037
3JCU-I-A	Positive	0.319664	0.680336
3JCU-J-A	Positive	0.0626156	0.937384
3JCU-L-A	Negative	0.966418	0.0335822
3JCU-T-A	Positive	0.442197	0.557803
3JCU-M-B	Positive	0.171194	0.828806
3JCU-U-B	Positive	0.364776	0.635224
3JCU-X-D	Negative	0.569647	0.430353
3VUY-D-A	Positive	0.221274	0.778726
3VUY-E-A	Positive	0.193174	0.806826
3VUY-F-C	Positive	0.150861	0.849139
3C57-B-A	Negative	0.755265	0.244735
3O8I-B-A	Negative	0.945964	0.0540361
3GJO-E-A	Positive	0.135343	0.864657
3GJO-F-A	Negative	0.739565	0.260435
3GJO-H-B	Negative	0.605809	0.394191
3GJO-G-C	Negative	0.941413	0.0585871
3SEM-C-A	Negative	0.736714	0.263286
3SEM-D-B	Negative	0.849344	0.150656
3FUG-B-A	Negative	0.754401	0.245599
3WSY-C-A	Positive	0.326494	0.673506
3OUX-B-A	Positive	0.155224	0.844776
3N3X-B-A	Positive	0.416616	0.583384
3GOF-C-A	Negative	0.793682	0.206318
3AYU-B-A	Negative	0.89537	0.10463
3UJI-P-L	Positive	0.0569549	0.943045
3U8Q-B-A	Negative	0.857413	0.142587
3AU4-B-A	Negative	0.866224	0.133776
3PTL-B-A	Negative	0.973776	0.0262242
3RZ9-B-A	Negative	0.683422	0.316578
3UL0-C-B	Negative	0.825274	0.174726
3D0V-C-A	Negative	0.806387	0.193613
3JQL-B-A	Negative	0.700418	0.299582
3P36-B-A	Positive	0.276735	0.723265
3QJN-I-A	Negative	0.967268	0.0327318
3KV4-B-A	Positive	0.348365	0.651635
3P4O-F-A	Negative	0.861241	0.138759
3O35-E-A	Negative	0.624907	0.375093
3Q78-D-A	Negative	0.776943	0.223057
3KTK-O-A	Negative	0.921167	0.0788331
3RRJ-B-A	Positive	0.225098	0.774902
3CPL-E-A	Negative	0.862577	0.137423
3PWV-C-A	Negative	0.896124	0.103876
3ZDL-B-A	Negative	0.956166	0.0438343
3IQH-P-X	Negative	0.81113	0.18887
3BP7-C-A	Negative	0.766306	0.233694
3UU7-F-A	Positive	0.178741	0.821259
3U1J-A-B	Positive	0.392112	0.607888
3FXD-A-B	Negative	0.635238	0.364762
3VFS-C-A	Negative	0.933709	0.0662905
3LWW-D-C	Negative	0.894902	0.105098
3Q5U-B-A	Negative	0.643826	0.356174
3MLX-P-L	Negative	0.592749	0.407251
3R2A-F-A	Negative	0.715853	0.284147
3R2A-E-B	Negative	0.587572	0.412428
3V2O-B-A	Negative	0.713093	0.286907
3ZKF-B-A	Positive	0.212744	0.787256
3F2K-C-A	Negative	0.695802	0.304198
3DPC-C-B	Negative	0.754723	0.245277
3P1N-P-A	Negative	0.696849	0.303151
3OFI-C-A	Negative	0.611913	0.388087
3KPM-C-A	Negative	0.907902	0.0920982
3M56-B-A	Positive	0.0816479	0.918352
3H0T-C-A	Positive	0.289308	0.710692
3V5H-C-A	Negative	0.802872	0.197128
3RTA-B-A	Positive	0.253343	0.746657
3U9Q-B-A	Negative	0.728007	0.271993
3PXE-E-A	Negative	0.813733	0.186267
3PXE-F-B	Negative	0.778148	0.221852
3MLS-P-L	Negative	0.751951	0.248049
3GJ9-C-A	Negative	0.601614	0.398386
3KPP-C-A	Negative	0.935566	0.0644339
3OE7-R-P	Positive	0.251001	0.748999
3OE7-1-Y	Negative	0.592127	0.407873
3QO2-Q-B	Positive	0.242376	0.757624
3QO2-R-B	Positive	0.369987	0.630013
3IVV-D-A	Negative	0.898554	0.101446
3MOA-P-L	Negative	0.54284	0.45716
3LQV-P-A	Negative	0.808967	0.191033
3LQV-Q-B	Negative	0.852843	0.147157
3UPR-P-A	Negative	0.937721	0.0622791
3O0E-L-A	Positive	0.277748	0.722252
3O0E-Q-B	Positive	0.375299	0.624701
3O0E-N-C	Negative	0.695106	0.304894
3Q1I-E-A	Positive	0.187567	0.812433
3IVQ-C-A	Negative	0.765088	0.234912
3IVQ-D-B	Negative	0.684752	0.315249
3GJT-E-A	Negative	0.904206	0.0957938
3BTR-B-C	Negative	0.911532	0.0884678
3HXG-C-A	Positive	0.459172	0.540828
3UVW-B-A	Negative	0.86219	0.13781
3IBC-E-A	Negative	0.876109	0.123891
3NII-B-A	Negative	0.515409	0.484591
3DNO-A-B	Positive	0.245736	0.754264
3JAU-A-H	Negative	0.530073	0.469927
3VA4-C-B	Negative	0.824766	0.175234
3C9C-B-A	Positive	0.247386	0.752614
3IOL-B-A	Negative	0.811954	0.188046
3D32-C-A	Negative	0.919466	0.0805337
3DVM-B-A	Positive	0.00696516	0.993035
3BUM-A-B	Negative	0.921125	0.0788748
3VXE-J-H	Negative	0.671612	0.328388
3V30-B-A	Negative	0.804881	0.195119
3RTC-B-A	Negative	0.535523	0.464477
3INS-A-B	Negative	0.716026	0.283974
3IQU-P-A	Positive	0.4957	0.5043
3PGD-C-A	Negative	0.94566	0.0543395
3G7L-P-A	Negative	0.734029	0.265971
3V3V-B-A	Negative	0.765276	0.234724
3UW9-E-A	Negative	0.847391	0.152609
3UW9-F-B	Negative	0.885807	0.114193
3N93-C-B	Negative	0.642182	0.357818
3L0E-B-A	Negative	0.981298	0.0187017
3WGV-G-A	Negative	0.75368	0.24632
3WGV-E-C	Negative	0.765754	0.234246
3VN2-C-A	Negative	0.760005	0.239995
3TJH-B-A	Negative	0.929455	0.070545
3SQD-C-A	Negative	0.985573	0.0144271
3SQD-D-B	Negative	0.825516	0.174484
3CM8-B-A	Negative	0.566914	0.433086
3UJJ-P-L	Positive	0.391078	0.608922
3TFY-D-A	Negative	0.592249	0.407751
3DVU-C-A	Positive	0.351504	0.648496
3DVU-D-A	Negative	0.741725	0.258275
3V56-G-A	Negative	0.578879	0.421121
3V56-I-A	Negative	0.578879	0.421121
3UKW-C-B	Negative	0.725677	0.274323
3CK0-P-L	Negative	0.577711	0.422289
3U4S-C-A	Positive	0.0223388	0.977661
3U4S-D-B	Positive	0.334342	0.665658
3GXE-F-B	Positive	0.213515	0.786485
3GXE-E-B	Positive	0.432688	0.567312
3UQ3-C-A	Negative	0.868111	0.131889
3D7V-B-A	Positive	0.126626	0.873374
3C5I-E-C	Negative	0.756743	0.243257
3UED-B-A	Negative	0.77892	0.22108
3QZS-C-A	Positive	0.163236	0.836764
3POB-B-A	Negative	0.628479	0.371521
3I7O-B-A	Negative	0.822014	0.177986
3UE5-B-A	Positive	0.370031	0.629969
3G8I-Z-A	Negative	0.986981	0.0130192
3WA4-B-A	Negative	0.751262	0.248738
3NJP-D-B	Positive	0.448616	0.551384
3CH5-B-A	Positive	0.0730919	0.926908
3WP0-B-A	Negative	0.776699	0.223301
3S8F-C-A	Negative	0.788662	0.211338
3T98-A-B	Negative	0.829238	0.170762
3T98-C-B	Negative	0.782001	0.217999
3U7X-C-A	Negative	0.861099	0.138901
3AVL-F-A	Negative	0.904279	0.0957212
3MLZ-P-L	Positive	0.123388	0.876612
3MQR-B-A	Positive	0.111491	0.888509
3T5V-F-B	Negative	0.812126	0.187874
3AVH-E-A	Negative	0.990913	0.00908669
3KEE-E-A	Positive	0.180321	0.819679
3JZQ-P-A	Negative	0.51114	0.488861
3NIJ-B-A	Negative	0.867815	0.132185
3AL3-B-A	Positive	0.368869	0.631131
3RNM-F-C	Negative	0.678906	0.321094
3ZLJ-D-A	Negative	0.824038	0.175962
3ASK-P-A	Negative	0.660421	0.339579
3ASK-Q-B	Positive	0.181801	0.818199
3T5X-B-A	Negative	0.859	0.141
3U7D-B-A	Negative	0.87763	0.12237
3U7D-D-C	Negative	0.91874	0.0812602
3OTS-P-A	Negative	0.562513	0.437487
3VI1-C-A	Negative	0.620172	0.379828
3PWJ-C-A	Negative	0.512296	0.487704
3EH5-C-A	Negative	0.825986	0.174014
3RFR-D-C	Negative	0.729258	0.270742
3RFR-H-G	Negative	0.723921	0.276079
3T03-C-A	Negative	0.924758	0.0752423
3T03-D-B	Negative	0.534081	0.465919
3RL0-A-B	Negative	0.693966	0.306034
3RL0-g-B	Positive	0.44858	0.55142
3RL0-I-C	Negative	0.932339	0.0676609
3RL0-h-F	Positive	0.472384	0.527616
3RL0-j-F	Positive	0.231472	0.768528
3RL0-M-N	Negative	0.676129	0.323871
3CB8-B-A	Negative	0.779981	0.220019
3AVG-D-A	Negative	0.985908	0.0140919
3C5L-B-A	Positive	0.404977	0.595023
3E4A-F-A	Negative	0.865756	0.134244
3U5N-D-A	Negative	0.666715	0.333285
3WIM-B-A	Negative	0.809178	0.190822
3NJN-B-A	Negative	0.602456	0.397544
3NJN-D-C	Positive	0.0330759	0.966924
3OQZ-a-A	Negative	0.847561	0.152439
3RWI-C-A	Negative	0.913013	0.0869874
3MNW-P-A	Negative	0.938343	0.0616568
3N8M-B-A	Negative	0.763362	0.236638
3ZMS-C-A	Negative	0.590761	0.409239
3JVK-C-A	Negative	0.736731	0.263269
3EMH-B-A	Negative	0.828257	0.171743
3BUO-A-B	Negative	0.739448	0.260552
3E2U-E-A	Positive	0.245346	0.754654
3E2U-G-A	Positive	0.197978	0.802022
3ZWZ-B-A	Positive	0.298925	0.701075
3BZF-P-A	Negative	0.913134	0.0868655
3O34-B-A	Negative	0.957675	0.0423248
3LKQ-C-A	Positive	0.487503	0.512497
3NIN-D-A	Negative	0.920571	0.0794295
3NIN-E-B	Negative	0.521095	0.478905
3I8C-B-A	Negative	0.811637	0.188363
3L3G-C-A	Negative	0.748878	0.251122
3BTS-E-A	Positive	0.317582	0.682418
3BTS-F-B	Positive	0.449591	0.550409
3C94-B-A	Negative	0.770671	0.229329
3C94-C-A	Negative	0.638709	0.361291
3JTI-B-A	Negative	0.519284	0.480716
3TCG-I-A	Positive	0.334423	0.665577
3IFN-P-H	Negative	0.891451	0.108549
3DIW-C-A	Negative	0.667924	0.332076
3FON-P-A	Negative	0.720341	0.279659
3LN4-C-A	Negative	0.982464	0.0175363
3LN5-C-A	Negative	0.910496	0.0895037
3PLF-A-B	Positive	0.166202	0.833798
3A7Q-B-A	Positive	0.0525154	0.947485
3ET3-P-A	Negative	0.887558	0.112442
3PA7-D-A	Negative	0.844941	0.155059
3GSU-P-A	Negative	0.938962	0.0610377
3SSB-C-A	Positive	0.0728444	0.927156
3SSB-I-A	Positive	0.0237558	0.976244
3SSB-D-B	Positive	0.137297	0.862703
3SSB-J-B	Positive	0.0151083	0.984892
3PTH-B-A	Negative	0.856517	0.143483
3RGV-E-A	Positive	0.268748	0.731252
3J9M-2-F	Negative	0.764425	0.235575
3J9M-l-I	Negative	0.748495	0.251505
3J9M-m-8	Negative	0.505492	0.494508
3J9M-4-r	Positive	0.0523576	0.947642
3O71-B-A	Negative	0.975215	0.0247854
3P6Z-A-B	Positive	0.302067	0.697933
3P6Z-C-B	Negative	0.78231	0.21769
3P6Z-G-H	Positive	0.193505	0.806495
3P6Z-I-H	Negative	0.673024	0.326976
3ASL-B-A	Positive	0.152193	0.847807
3B7S-B-A	Positive	0.174908	0.825092
3DRQ-C-A	Negative	0.666194	0.333806
3ZS6-B-A	Negative	0.891288	0.108712
3CRE-C-A	Positive	0.466635	0.533365
3OGK-Q-B	Positive	0.320145	0.679855
3GJ6-B-A	Positive	0.407501	0.592499
3MLY-P-L	Negative	0.784755	0.215246
3OMK-B-A	Negative	0.98184	0.0181604
3OMK-D-C	Negative	0.924224	0.0757761
3U1I-A-B	Negative	0.589536	0.410464
3U1I-C-B	Negative	0.589536	0.410464
3U1I-F-B	Negative	0.512368	0.487632
3I6K-C-A	Negative	0.858944	0.141056
3HDI-C-A	Negative	0.758288	0.241712
3HDI-D-A	Negative	0.765634	0.234366
3GJ8-B-A	Positive	0.408428	0.591572
3GJ8-D-C	Positive	0.285647	0.714353
3ZQI-C-A	Positive	0.426576	0.573424
3VXS-C-A	Negative	0.53252	0.46748
3C2G-C-A	Negative	0.717304	0.282696
3UOT-D-A	Negative	0.656205	0.343795
3RQE-E-C	Negative	0.997066	0.00293416
3UNN-B-A	Negative	0.680015	0.319985
3EWV-E-A	Negative	0.655466	0.344534
3NMX-D-A	Negative	0.962831	0.037169
3M3N-W-A	Negative	0.54457	0.45543
3OBX-B-A	Negative	0.970627	0.0293732
3WXA-C-A	Negative	0.9179	0.0821002
3M57-B-A	Positive	0.498291	0.501709
3BH9-C-A	Negative	0.677037	0.322963
3BTP-B-A	Negative	0.815303	0.184697
3IDI-C-A	Negative	0.781105	0.218895
3L3Q-B-A	Positive	0.369972	0.630028
3L3Q-C-A	Positive	0.34587	0.65413
3JZR-P-A	Positive	0.256775	0.743225
3VXR-C-A	Negative	0.623835	0.376165
3OP0-C-A	Negative	0.838857	0.161143
3VXO-C-A	Negative	0.522556	0.477444
3V52-P-H	Negative	0.963474	0.0365262
3CDG-P-A	Negative	0.825264	0.174736
3A1G-B-A	Negative	0.946071	0.053929
3RC0-P-A	Negative	0.635973	0.364027
3IG6-A-B	Positive	0.165919	0.834081
3IG6-C-D	Positive	0.3044	0.6956
3RQG-E-C	Negative	0.931106	0.0688937
3KF9-B-A	Positive	0.478558	0.521442
3KF9-D-C	Positive	0.141272	0.858728
3D24-B-A	Negative	0.680973	0.319027
3A2H-B-A	Positive	0.0324879	0.967512
3ZLD-B-A	Negative	0.687274	0.312726
3WLB-C-A	Negative	0.609866	0.390134
3BWA-C-A	Positive	0.480572	0.519428
3D8A-S-A	Positive	0.250967	0.749033
3D8A-U-A	Positive	0.421237	0.578763
3ZG7-A-B	Positive	0.277528	0.722472
3AVM-D-A	Negative	0.961008	0.0389917
3KBL-B-A	Positive	0.428757	0.571243
3DKS-F-A	Negative	0.778175	0.221825
3V4O-B-A	Negative	0.838426	0.161574
3GHB-P-L	Negative	0.525014	0.474986
3GHB-Q-M	Negative	0.511101	0.488899
3SOV-Z-A	Positive	0.243232	0.756768
3FII-B-A	Positive	0.395835	0.604165
3E8C-G-A	Positive	0.134487	0.865513
3E8C-L-F	Positive	0.48514	0.51486
3U9Z-C-A	Negative	0.703909	0.296091
3V7D-E-B	Positive	0.227658	0.772342
3CAL-B-A	Positive	0.334482	0.665518
3CAL-D-A	Positive	0.334482	0.665518
3JWR-C-A	Negative	0.604926	0.395074
3G43-F-C	Negative	0.608281	0.391719
3J7O-l-X	Positive	0.389089	0.610911
3S6P-E-A	Positive	0.038198	0.961802
3S6P-F-B	Positive	0.357001	0.642999
3ZQG-C-A	Negative	0.610378	0.389622
3T1E-E-A	Negative	0.583433	0.416567
3D8C-B-A	Negative	0.724571	0.275429
3SJD-E-A	Positive	0.413263	0.586737
3BU3-B-A	Positive	0.246241	0.753759
3VZA-F-B	Negative	0.685801	0.314199
3VRI-C-A	Negative	0.790912	0.209088
3ZRM-X-A	Negative	0.894576	0.105424
3ZRM-Y-B	Negative	0.532517	0.467483
3K6T-B-A	Negative	0.736014	0.263986
3K6T-D-A	Positive	0.403726	0.596274
3ZN0-C-A	Negative	0.744856	0.255144
3TDZ-E-A	Positive	0.188229	0.811771
3C66-C-A	Negative	0.858075	0.141925
3C66-D-B	Negative	0.87743	0.12257
3S3X-D-A	Negative	0.599046	0.400954
3BFW-B-A	Negative	0.925711	0.0742887
3BFW-D-C	Negative	0.773551	0.226449
3ZN8-S-M	Negative	0.707418	0.292582
3ZDI-B-A	Negative	0.932331	0.0676691
3WUV-C-A	Negative	0.696974	0.303026
3WUV-D-A	Negative	0.587751	0.412249
3DY0-B-A	Positive	0.314093	0.685907
3AM8-E-A	Negative	0.815834	0.184167
3DAB-B-A	Negative	0.946245	0.0537548
3DAB-F-E	Negative	0.986982	0.0130177
3DAB-H-G	Negative	0.940739	0.0592613
3KMT-G-A	Negative	0.854887	0.145113
3DVE-B-A	Positive	0.0324854	0.967515
3HKZ-Y-A	Positive	0.253133	0.746867
3U3D-B-A	Negative	0.653218	0.346782
3LYV-E-A	Negative	0.558367	0.441633
3LYV-F-A	Negative	0.522382	0.477618
3LYV-D-C	Negative	0.646855	0.353145
3I6G-C-A	Negative	0.926411	0.0735887
3M7U-B-A	Negative	0.933948	0.0660517
3MK4-B-A	Negative	0.829253	0.170747
3RQF-E-A	Negative	0.977323	0.0226767
3JB6-C-A	Positive	0.197202	0.802798
3JB6-D-A	Positive	0.280559	0.719441
3FT4-P-A	Negative	0.956483	0.0435173
3DXC-B-A	Negative	0.88151	0.11849
3DXC-D-A	Negative	0.857562	0.142438
3OMH-E-A	Negative	0.704484	0.295516
3BIN-B-A	Positive	0.120905	0.879095
3TSZ-B-A	Positive	0.482431	0.517569
3EG9-C-B	Negative	0.916913	0.0830866
3GP2-B-A	Negative	0.689787	0.310213
3Q4L-C-A	Negative	0.667617	0.332383
3CVL-B-A	Negative	0.83427	0.16573
3HA6-B-A	Negative	0.852561	0.147439
3WN7-B-A	Positive	0.413717	0.586283
3GSX-P-A	Negative	0.832693	0.167307
3ZE2-I-A	Negative	0.667456	0.332544
3ZE2-J-C	Negative	0.667456	0.332544
3BXL-B-A	Positive	0.493859	0.506141
3WYG-D-C	Negative	0.793985	0.206015
3SVM-P-A	Negative	0.68753	0.31247
3MEV-C-A	Negative	0.991055	0.00894474
3S3P-B-A	Negative	0.796342	0.203658
3V31-B-A	Negative	0.886947	0.113053
3VDD-D-A	Positive	0.252794	0.747206
3OUB-P-A	Positive	0.0686287	0.931371
3BT2-B-U	Positive	0.201522	0.798478
3FHP-A-B	Negative	0.716026	0.283974
3FHP-C-B	Negative	0.716026	0.283974
3GD2-B-A	Negative	0.979475	0.0205251
3ZQH-C-A	Negative	0.527212	0.472788
3DVJ-B-A	Positive	0.0040884	0.995912
3UAI-B-A	Positive	0.0575515	0.942448
3W3W-B-A	Negative	0.518326	0.481674
3KND-B-A	Negative	0.832689	0.167311
3QKS-C-A	Positive	0.499565	0.500435
3SRI-B-A	Negative	0.920831	0.0791687
3MMG-C-A	Negative	0.699397	0.300603
3MMG-D-A	Negative	0.731869	0.268131
3NJJ-B-A	Positive	0.35664	0.64336
3SYN-E-A	Positive	0.47764	0.52236
3H3P-S-H	Negative	0.508113	0.491887
3H3P-T-I	Negative	0.821108	0.178892
3J7Y-2-F	Negative	0.765788	0.234212
3J7Y-a-K	Negative	0.717366	0.282634
3JZH-B-A	Negative	0.728717	0.271283
3KL8-B-A	Negative	0.547712	0.452288
3KL8-F-A	Positive	0.202816	0.797184
3KL8-D-C	Negative	0.630203	0.369797
3T4P-B-A	Positive	0.439969	0.560031
3GJQ-E-A	Negative	0.626296	0.373704
3OY6-P-U	Negative	0.880028	0.119972
3HDA-Z-P	Negative	0.694603	0.305397
3EGD-D-B	Negative	0.855781	0.144219
3TZW-D-A	Positive	0.275363	0.724637
3I7Z-B-A	Negative	0.981288	0.0187121
3KUJ-B-A	Positive	0.316781	0.683219
3LGE-E-A	Negative	0.582046	0.417954
3LGE-F-B	Negative	0.799582	0.200418
3FTG-C-A	Negative	0.819197	0.180803
3SJH-B-A	Positive	0.396205	0.603795
3B0Z-A-B	Negative	0.843654	0.156346
3SKM-C-A	Negative	0.824285	0.175715
3BYA-B-A	Negative	0.575137	0.424863
3DD7-B-A	Negative	0.733045	0.266955
3DD7-D-C	Negative	0.69887	0.30113
3ZRZ-C-A	Positive	0.0701354	0.929865
3ALO-E-A	Negative	0.788373	0.211627
3RWH-C-A	Negative	0.65012	0.34988
3RO2-B-A	Positive	0.47181	0.52819
3VRJ-C-A	Negative	0.76472	0.23528
3DXE-B-A	Negative	0.802144	0.197856
3TEI-B-A	Negative	0.748228	0.251772
3VUW-F-B	Positive	0.298571	0.701429
3PFV-D-B	Negative	0.831065	0.168935
3VFU-C-A	Negative	0.730176	0.269824
3QN7-B-A	Positive	0.132943	0.867057
3DPO-C-A	Negative	0.885504	0.114496
3TWT-E-A	Negative	0.554304	0.445696
3TWT-F-A	Positive	0.473291	0.526709
3TWT-H-A	Positive	0.182163	0.817837
3TWT-G-C	Positive	0.211703	0.788297
3IAX-B-A	Positive	0.480578	0.519422
3A79-C-A	Positive	0.190813	0.809187
3UVO-B-A	Negative	0.857645	0.142355
3QHR-K-A	Negative	0.696205	0.303795
3QHR-L-B	Negative	0.696205	0.303795
3MRG-P-A	Positive	0.145462	0.854538
3S1B-A-V	Positive	0.498326	0.501674
3F1I-C-H	Negative	0.972379	0.0276213
3PLU-C-A	Negative	0.684519	0.315481
3WU2-F-A	Negative	0.709107	0.290893
3WU2-I-A	Positive	0.0864824	0.913518
3WU2-J-A	Positive	0.23639	0.76361
3WU2-L-A	Negative	0.854035	0.145965
3WU2-T-A	Positive	0.25954	0.74046
3WU2-t-B	Positive	0.25954	0.74046
3WU2-Y-C	Positive	0.1617	0.8383
3WU2-f-a	Negative	0.719693	0.280307
3WU2-j-a	Positive	0.39301	0.60699
3WU2-y-c	Positive	0.156297	0.843703
3D25-C-A	Negative	0.958057	0.0419434
3KTI-H-A	Positive	0.241151	0.758849
3RC4-B-A	Negative	0.754138	0.245862
3WKN-E-C	Negative	0.743948	0.256052
3WKN-L-C	Positive	0.220205	0.779795
3WKN-F-B	Positive	0.328404	0.671596
3WKN-H-D	Positive	0.350289	0.649711
3WKN-P-D	Negative	0.649492	0.350508
3IPU-C-A	Negative	0.921185	0.078815
3EYF-E-A	Positive	0.430664	0.569336
3FQW-C-A	Negative	0.943565	0.0564348
3J1O-N-I	Negative	0.651795	0.348205
3SI5-X-A	Negative	0.692915	0.307085
3SI5-Y-B	Positive	0.423595	0.576405
3QKR-C-A	Negative	0.625281	0.374719
3JCJ-d-F	Positive	0.27456	0.72544
3JCJ-b-S	Positive	0.190909	0.809091
3JCJ-G-W	Positive	0.274799	0.725201
3JCJ-a-c	Negative	0.778639	0.221361
3V11-C-A	Negative	0.94133	0.0586697
3KYO-P-A	Negative	0.637175	0.362825
3L6X-B-A	Negative	0.897185	0.102815
3DV0-I-B	Positive	0.15439	0.84561
3DV0-J-F	Positive	0.229964	0.770036
3D36-C-A	Negative	0.684729	0.315271
3DS1-T-A	Positive	0.159872	0.840128
3TVJ-I-B	Positive	0.113051	0.886949
3C5T-B-A	Negative	0.783329	0.216671
3W6K-A-B	Negative	0.836648	0.163352
3W6K-D-B	Positive	0.188436	0.811564
3DRT-C-A	Negative	0.957492	0.0425075
3C0T-B-A	Negative	0.725835	0.274165
3BW9-C-A	Positive	0.353143	0.646857
3QFJ-C-A	Positive	0.466092	0.533908
3ZN1-C-A	Negative	0.538143	0.461857
3SZM-I-A	Negative	0.917021	0.0829791
3VFT-C-A	Negative	0.912135	0.0878653
3M5N-F-B	Negative	0.88688	0.11312
3U86-B-A	Positive	0.0322601	0.96774
3LNY-B-A	Negative	0.758207	0.241793
3UVM-B-A	Negative	0.964637	0.0353625
3U5P-I-A	Negative	0.868614	0.131386
3U5P-J-B	Negative	0.64014	0.35986
3U5P-M-E	Negative	0.891374	0.108626
3RWE-C-A	Negative	0.797345	0.202655
3KMG-B-A	Negative	0.74234	0.25766
3KMG-E-D	Negative	0.795007	0.204993
3H0A-B-A	Negative	0.922204	0.0777965
3H0A-E-D	Negative	0.884535	0.115465
3DRI-B-A	Negative	0.625432	0.374568
3WNF-C-A	Negative	0.83892	0.16108
3AVI-D-A	Negative	0.974691	0.0253086
3QJ6-T-A	Negative	0.898424	0.101576
3AVZ-B-A	Negative	0.937303	0.0626968
3AVN-G-A	Negative	0.95853	0.0414699
3KDP-G-A	Positive	0.467563	0.532437
3QIW-E-A	Negative	0.560292	0.439708
3VQG-B-A	Negative	0.98153	0.0184698
3KPE-B-A	Negative	0.731857	0.268143
3P72-B-A	Negative	0.59	0.41
3ZDY-J-C	Positive	0.288382	0.711618
3R0L-A-D	Positive	0.140678	0.859322
3R0L-B-D	Negative	0.551923	0.448077
3WGU-G-A	Negative	0.75368	0.24632
3WGU-E-C	Negative	0.765754	0.234246
3S3J-B-A	Negative	0.873867	0.126133
3BRT-A-B	Negative	0.561343	0.438657
3BRT-C-B	Positive	0.495066	0.504934
3BOO-B-A	Negative	0.968311	0.031689
3UVN-B-A	Negative	0.967136	0.0328635
3UVN-D-C	Negative	0.890817	0.109183
3D9P-Z-B	Negative	0.670454	0.329546
3C89-B-A	Positive	0.295842	0.704158
3G9W-C-A	Negative	0.534163	0.465837
3G9W-D-A	Negative	0.501733	0.498267
3P70-M-B	Negative	0.662834	0.337166
3P70-O-B	Negative	0.794824	0.205176
3P70-G-H	Negative	0.728019	0.271981
3P70-P-H	Negative	0.923244	0.0767555
3ZIP-B-A	Negative	0.861663	0.138337
3ZIP-C-A	Positive	0.129095	0.870905
3NY3-B-A	Positive	0.16025	0.83975
3ZMP-C-B	Negative	0.781092	0.218908
3UXG-B-A	Negative	0.905533	0.0944672
3K6G-D-A	Negative	0.532457	0.467543
3K6G-E-A	Negative	0.546131	0.453869
3K6G-F-B	Negative	0.743336	0.256664
3T1U-B-A	Negative	0.854611	0.145389
3UTT-C-A	Negative	0.710089	0.289911
3JZ1-A-B	Positive	0.302067	0.697933
3I4N-L-B	Positive	0.418312	0.581688
3D4B-D-A	Negative	0.813633	0.186367
3LV3-C-A	Negative	0.696887	0.303113
3FBI-C-D	Positive	0.145793	0.854207
3I8E-C-A	Negative	0.563668	0.436332
3RDV-E-A	Negative	0.94736	0.0526405
3EXB-B-A	Negative	0.81883	0.18117
3D1E-P-A	Negative	0.81796	0.18204
3FMA-L-A	Negative	0.819896	0.180104
3FMA-M-B	Negative	0.800819	0.199181
3FMA-N-B	Negative	0.801255	0.198745
3DNJ-C-A	Negative	0.893527	0.106473
3IXT-P-L	Negative	0.843086	0.156914
3FIV-I-A	Positive	0.427225	0.572775
3LKO-C-A	Positive	0.434992	0.565008
3N57-C-A	Negative	0.742857	0.257143
3SJK-B-A	Negative	0.692226	0.307774
3TWU-B-A	Positive	0.496951	0.503049
3TZY-D-A	Positive	0.275363	0.724637
3QIU-E-A	Positive	0.201284	0.798716
3DD2-L-H	Negative	0.773829	0.226171
3OIQ-B-A	Negative	0.96147	0.0385302
3O41-P-L	Negative	0.789572	0.210428
3GSR-P-A	Negative	0.873451	0.126549
3QQ4-C-A	Negative	0.853551	0.146449
3GS2-B-A	Negative	0.550803	0.449197
3GS2-D-A	Negative	0.661436	0.338564
3QQ3-C-A	Negative	0.66669	0.33331
3OU4-C-A	Negative	0.73748	0.26252
3H85-P-A	Positive	0.315778	0.684222
3UKY-C-B	Positive	0.345896	0.654104
3UP3-P-A	Negative	0.543141	0.456859
3GD1-Z-I	Negative	0.844496	0.155503
3AAE-X-A	Positive	0.488344	0.511656
3AAE-Y-C	Negative	0.775618	0.224382
3AAE-W-G	Negative	0.803313	0.196687
3AAE-V-I	Negative	0.602048	0.397952
3QW7-B-A	Negative	0.818262	0.181738
3MRQ-P-A	Negative	0.844934	0.155066
3G2V-C-A	Negative	0.988446	0.0115535
3G2V-D-A	Negative	0.986128	0.0138717
3O36-E-A	Negative	0.515822	0.484178
3UL1-A-B	Positive	0.344686	0.655314
3KL4-B-A	Negative	0.614997	0.385003
3IQI-P-X	Negative	0.96869	0.0313102
3BQO-B-A	Negative	0.59325	0.40675
3K23-F-C	Negative	0.981083	0.0189168
3TSI-A-D	Negative	0.964226	0.0357741
3TSI-B-D	Negative	0.939793	0.0602073
3BGM-C-A	Negative	0.842718	0.157282
3F7D-B-A	Negative	0.929827	0.070173
3RJM-E-A	Negative	0.974166	0.0258342
3L9K-X-A	Negative	0.625528	0.374472
3L3Z-B-A	Negative	0.897551	0.102449
3PL7-C-A	Negative	0.953011	0.0469894
3HUF-E-A	Negative	0.878823	0.121177
3JRV-C-A	Negative	0.748174	0.251826
3JRV-D-B	Positive	0.337068	0.662932
3JRV-E-B	Negative	0.924464	0.0755362
3N5U-C-A	Positive	0.349134	0.650866
3UA7-E-A	Negative	0.776504	0.223496
3UA7-F-D	Negative	0.776504	0.223496
3PWN-C-A	Negative	0.695677	0.304323
3ZIQ-B-A	Positive	0.335604	0.664396
3ZIQ-C-A	Negative	0.82176	0.17824
3TWW-C-A	Negative	0.89894	0.10106
3TWW-D-A	Negative	0.86851	0.13149
3WOR-C-A	Positive	0.0871832	0.912817
3LKN-C-A	Negative	0.607055	0.392945
3QI2-C-A	Negative	0.742034	0.257966
3QI2-D-A	Negative	0.845647	0.154353
3GLU-B-A	Negative	0.894755	0.105245
3TIW-C-A	Positive	0.356995	0.643005
3TIW-D-A	Positive	0.472974	0.527026
3T6J-B-A	Positive	0.22846	0.77154
3D3T-P-A	Negative	0.857179	0.142821
3ZG8-A-B	Positive	0.254968	0.745032
3PDO-C-A	Negative	0.559019	0.440981
3GJ5-B-A	Positive	0.287171	0.712829
3DL8-C-G	Positive	0.313518	0.686482
3SFJ-B-A	Negative	0.547955	0.452045
3JCN-H-X	Positive	0.282777	0.717223
3N97-D-A	Positive	0.303644	0.696356
3O2B-D-C	Positive	0.238817	0.761183
3TJV-B-A	Negative	0.653505	0.346495
3JCK-I-A	Negative	0.837856	0.162144
3MAT-I-A	Negative	0.680447	0.319553
3ZIO-B-A	Negative	0.805126	0.194874
3ZIO-C-A	Negative	0.878188	0.121812
3FE7-L-A	Negative	0.672399	0.327601
3IJ0-B-A	Negative	0.790603	0.209397
3IFP-S-E	Negative	0.959857	0.0401431
3JUA-B-A	Positive	0.387954	0.612046
3JUA-D-C	Positive	0.140416	0.859584
3JUA-F-E	Positive	0.150802	0.849198
3JUA-H-G	Positive	0.337092	0.662908
3AX5-B-A	Negative	0.929391	0.0706094
3PK1-B-A	Negative	0.975505	0.0244948
3M4W-E-A	Negative	0.504933	0.495067
3M4W-G-A	Negative	0.789506	0.210494
3M4W-H-B	Positive	0.485876	0.514124
3P9M-F-A	Negative	0.636392	0.363608
3B1K-C-A	Negative	0.674375	0.325625
3B1K-J-A	Negative	0.561184	0.438816
3AZQ-C-A	Negative	0.607744	0.392256
3OB2-A-B	Negative	0.729328	0.270672
3K16-B-A	Negative	0.524815	0.475185
3TG5-B-A	Negative	0.870091	0.129909
3PCS-E-A	Negative	0.751633	0.248367
3PCS-F-B	Positive	0.340333	0.659667
3PCS-G-B	Negative	0.740809	0.259191
3PCS-H-D	Negative	0.568881	0.431119
3RZX-B-A	Negative	0.959233	0.0407669
3F58-P-L	Positive	0.16927	0.83073
3P4F-B-A	Negative	0.868597	0.131403
3P4F-C-A	Negative	0.933884	0.0661164
3K48-R-A	Negative	0.806716	0.193284
3K48-S-A	Negative	0.655381	0.344619
3TVT-B-A	Negative	0.912641	0.0873592
3G2U-C-A	Negative	0.974707	0.0252934
3DRK-B-A	Negative	0.909226	0.090774
3GSV-P-A	Negative	0.971719	0.0282807
3J7Z-6-5	Negative	0.576603	0.423397
3G03-B-A	Positive	0.367706	0.632294
3FS1-B-A	Negative	0.745877	0.254123
3AVC-D-A	Negative	0.963885	0.0361154
3CW2-L-B	Negative	0.743061	0.256939
3CW2-N-F	Negative	0.977598	0.0224019
3LW1-P-A	Negative	0.64347	0.35653
3SRN-B-A	Negative	0.542905	0.457095
3TWV-E-A	Negative	0.881516	0.118484
3TWV-H-A	Negative	0.869865	0.130135
3TWV-G-C	Positive	0.382344	0.617656
3BPQ-A-B	Negative	0.853649	0.146351
3BPQ-C-B	Negative	0.844854	0.155146
3TBH-B-A	Negative	0.943146	0.0568541
3D1F-P-A	Negative	0.871459	0.128541
3P3N-B-A	Negative	0.618932	0.381068
3QIS-B-A	Positive	0.224781	0.775219
3QUK-C-A	Negative	0.955223	0.0447773
3LKR-C-A	Positive	0.466104	0.533896
3NTI-C-A	Negative	0.750267	0.249733
3MHR-P-A	Negative	0.912646	0.0873544
3ZRL-Y-B	Negative	0.623243	0.376757
3CH1-C-A	Negative	0.654388	0.345612
3CH1-I-G	Negative	0.654388	0.345612
3ZG6-F-A	Negative	0.925554	0.0744464
3AVB-X-A	Negative	0.98021	0.01979
3W5A-C-A	Negative	0.90447	0.0955303
3ICI-C-A	Positive	0.322267	0.677733
3T1N-C-A	Negative	0.951752	0.0482477
3LL8-E-A	Negative	0.676631	0.323369
3WUT-B-A	Positive	0.482563	0.517437
3WUT-C-A	Positive	0.373908	0.626092
3WUT-F-D	Positive	0.373908	0.626092
3WUT-K-G	Positive	0.453881	0.546119
3FN0-P-L	Positive	0.379303	0.620697
3NDD-B-A	Positive	0.12101	0.87899
3HS9-P-A	Negative	0.540376	0.459624
3F02-C-A	Positive	0.0984895	0.90151
3F02-D-B	Positive	0.0295614	0.970439
3FIF-Y-F	Negative	0.706035	0.293965
3KJ2-B-A	Positive	0.365696	0.634304
3VXW-B-A	Negative	0.535077	0.464923
3E5A-B-A	Negative	0.901407	0.0985927
3HKI-A-B	Positive	0.311726	0.688274
3HKI-C-B	Negative	0.91826	0.0817403
3HKI-F-E	Negative	0.82597	0.17403
3SML-P-A	Negative	0.844144	0.155856
3O43-B-A	Negative	0.664423	0.335577
3BU5-B-A	Positive	0.218847	0.781153
3WSR-C-A	Negative	0.79215	0.20785
3WSR-D-A	Negative	0.548312	0.451688
3ZMV-C-A	Negative	0.712984	0.287016
3ZMV-D-A	Negative	0.953614	0.0463864
3V3B-D-A	Negative	0.901027	0.0989734
3V3B-C-B	Positive	0.423479	0.576521
3GHE-P-L	Negative	0.752899	0.247101
3RTX-C-A	Negative	0.568835	0.431165
3ZMZ-C-A	Negative	0.925322	0.0746778
3AJB-B-A	Negative	0.919626	0.0803741
3COJ-H-X	Positive	0.275448	0.724552
3COJ-M-B	Negative	0.748528	0.251472
3COJ-K-C	Negative	0.746347	0.253653
3COJ-N-F	Negative	0.547193	0.452807
3B80-C-A	Negative	0.944913	0.0550872
3KYT-C-A	Negative	0.703876	0.296124
3RK3-E-B	Negative	0.528742	0.471258
3ZKE-B-A	Positive	0.265634	0.734366
3ZKE-F-C	Negative	0.718089	0.281911
3KUI-B-A	Negative	0.580322	0.419678
3GV4-H-A	Negative	0.808926	0.191074
3DRH-B-A	Negative	0.730003	0.269997
3WMG-B-A	Negative	0.540924	0.459076
3QGL-F-A	Negative	0.845599	0.154401
3VE6-B-A	Negative	0.554644	0.445356
3EQY-C-A	Positive	0.104219	0.895781
3CWW-E-A	Negative	0.721169	0.278831
3CWW-D-B	Negative	0.736052	0.263948
3HBV-Z-P	Positive	0.465101	0.534899
3BRV-A-B	Negative	0.855987	0.144013
3BRV-C-B	Negative	0.737718	0.262282
3Q47-C-B	Positive	0.410033	0.589967
3AH8-G-B	Positive	0.174279	0.825721
3SM1-J-A	Negative	0.897606	0.102394
3S7K-A-B	Negative	0.723994	0.276006
3S7K-C-B	Negative	0.890961	0.109039
3DXD-B-A	Negative	0.74169	0.25831
3DXD-D-A	Negative	0.572923	0.427077
3FWV-C-A	Negative	0.764104	0.235896
3PUJ-C-A	Negative	0.964817	0.0351827
3TJ3-D-A	Negative	0.503634	0.496366
3KJ0-B-A	Negative	0.701038	0.298962
3C9Q-L-A	Negative	0.925484	0.0745156
3E90-A-B	Positive	0.105446	0.894554
3E90-C-B	Positive	0.476158	0.523842
3KZE-D-A	Negative	0.929023	0.0709768
3KZE-E-C	Negative	0.787722	0.212278
3GIS-A-B	Negative	0.755884	0.244116
3GIS-E-B	Negative	0.755884	0.244116
3IXS-B-A	Negative	0.697468	0.302532
3IXS-D-A	Positive	0.363597	0.636403
3IXS-H-A	Positive	0.347127	0.652873
3IXS-F-C	Positive	0.498072	0.501928
3IXS-J-I	Negative	0.788697	0.211303
3C3O-B-A	Negative	0.9795	0.0204999
3O3B-C-A	Negative	0.993212	0.00678828
3C2A-P-L	Negative	0.886481	0.113519
3G5Y-E-A	Positive	0.305392	0.694608
3FKS-I-C	Positive	0.134889	0.865111
3FKS-R-P	Negative	0.702153	0.297847
3FKS-1-Y	Positive	0.134896	0.865104
3TBY-C-A	Negative	0.779728	0.220272
3P37-E-A	Negative	0.818875	0.181125
3P37-D-B	Negative	0.818875	0.181125
3JBV-z-e	Negative	0.826851	0.173149
3R85-E-A	Positive	0.148558	0.851442
3R85-F-B	Negative	0.775378	0.224622
3R85-G-C	Negative	0.637588	0.362412
3R85-H-D	Positive	0.487665	0.512335
3MNZ-P-A	Negative	0.856649	0.143351
3MLW-P-L	Positive	0.218754	0.781246
3MLW-Q-M	Positive	0.33351	0.66649
3BZI-E-A	Negative	0.605894	0.394106
3VU7-Z-C	Negative	0.709452	0.290548
3CXD-P-L	Negative	0.919456	0.080544
3DOW-B-A	Negative	0.852499	0.147501
3AVR-B-A	Negative	0.723272	0.276728
3BG4-D-B	Negative	0.529904	0.470096
3AVA-X-A	Negative	0.96717	0.0328303
3MRL-P-A	Positive	0.496444	0.503556
3U23-B-A	Positive	0.484747	0.515253
3QBR-B-A	Positive	0.160751	0.839249
3QBR-Y-X	Positive	0.257567	0.742433
3KLA-C-A	Positive	0.477441	0.522559
3HQL-C-A	Negative	0.830942	0.169058
3HQL-D-A	Negative	0.947521	0.0524794
3SNC-H-A	Negative	0.837635	0.162365
3CBM-B-A	Negative	0.538335	0.461665
3TJU-B-A	Negative	0.723646	0.276354
3H9H-C-A	Positive	0.433275	0.566725
3B23-C-B	Negative	0.922537	0.0774629
3H1Z-P-A	Positive	0.337789	0.662211
3QNZ-C-A	Negative	0.577369	0.422631
3QV1-G-A	Negative	0.626294	0.373706
3QV1-I-A	Negative	0.6654	0.3346
3QV1-H-B	Negative	0.718892	0.281108
3S7D-I-A	Positive	0.327117	0.672883
3ZGA-A-B	Negative	0.564303	0.435697
3GXV-C-A	Positive	0.0818669	0.918133
3GXV-D-A	Positive	0.308162	0.691838
3WMJ-B-A	Negative	0.686216	0.313784
3PD0-B-A	Negative	0.944454	0.0555463
3MGO-C-A	Negative	0.851533	0.148467
3IQG-P-X	Negative	0.901871	0.098129
3I5R-B-A	Negative	0.945088	0.0549124
3MLT-P-L	Positive	0.424263	0.575737
3MGT-C-A	Negative	0.822483	0.177517
3UM3-B-A	Negative	0.775476	0.224524
3BRF-D-A	Positive	0.260439	0.739561
3PHD-E-A	Positive	0.295148	0.704852
3PHD-F-B	Positive	0.423436	0.576564
3PHD-G-C	Negative	0.614078	0.385922
3PHD-H-D	Positive	0.165387	0.834613
3WBN-B-A	Positive	0.181216	0.818784
3FQT-C-A	Positive	0.429709	0.570291
3TJ5-B-A	Negative	0.971326	0.0286738
3UKX-C-B	Negative	0.927639	0.0723611
3M61-P-U	Positive	0.38591	0.61409
3CV0-B-A	Negative	0.931	0.0689997
3VJ6-P-A	Negative	0.896608	0.103392
3MOD-P-L	Negative	0.886633	0.113367
3G2S-C-A	Negative	0.912719	0.0872813
3GGZ-E-A	Negative	0.754834	0.245166
3GGZ-G-C	Negative	0.615144	0.384856
3GGZ-H-D	Negative	0.654019	0.345981
3IVB-M-A	Negative	0.990585	0.0094148
3OE0-I-A	Positive	0.277426	0.722574
3KIK-E-A	Negative	0.924985	0.0750146
3KIK-H-A	Negative	0.861472	0.138528
3KIK-G-B	Negative	0.891723	0.108277
3NIL-X-B	Positive	0.166202	0.833798
3H1C-D-A	Positive	0.399878	0.600122
3IZO-F-A	Negative	0.936038	0.0639616
3TPU-J-A	Negative	0.889636	0.110364
3EE0-A-B	Positive	0.302067	0.697933
3D42-B-A	Negative	0.799656	0.200344
3CAA-B-A	Positive	0.118531	0.881469
3IUX-B-A	Negative	0.558917	0.441083
3HTU-B-A	Negative	0.807417	0.192583
3HTU-D-A	Negative	0.86386	0.13614
3HTU-F-E	Negative	0.871474	0.128526
3HQH-M-A	Negative	0.956534	0.0434657
3DRO-P-A	Negative	0.919187	0.0808127
3CYY-C-A	Negative	0.853833	0.146167
3KZI-F-A	Positive	0.0782914	0.921709
3KZI-I-A	Positive	0.0768598	0.92314
3KZI-J-A	Positive	0.114142	0.885858
3KZI-M-A	Positive	0.473086	0.526914
3KZI-T-A	Negative	0.51497	0.48503
3EGX-D-B	Negative	0.543169	0.456831
3BUA-E-A	Negative	0.751529	0.248471
3BUA-H-A	Negative	0.92974	0.0702599
3BUA-F-B	Negative	0.915143	0.084857
3BUA-G-C	Negative	0.524678	0.475322
3VRO-B-A	Negative	0.813682	0.186317
3ZHF-B-A	Negative	0.596495	0.403505
3GQ1-C-A	Negative	0.877467	0.122533
3OKI-D-C	Negative	0.891806	0.108194
3SRJ-C-A	Positive	0.14965	0.85035
3SRJ-D-A	Positive	0.191859	0.808141
3SRJ-E-B	Positive	0.0996663	0.900334
3SRJ-F-B	Negative	0.845291	0.154709
3P9G-B-A	Negative	0.981683	0.0183165
3MET-C-A	Positive	0.13844	0.86156
3HCV-C-A	Negative	0.638247	0.361753
3SWC-P-A	Negative	0.566649	0.433351
3SWC-Q-B	Negative	0.889482	0.110518
3L3X-B-A	Negative	0.800543	0.199457
3PQR-B-A	Negative	0.501052	0.498948
3MRI-P-A	Positive	0.157456	0.842544
3E50-C-A	Negative	0.577175	0.422825
3E50-D-B	Negative	0.904864	0.0951363
3GLW-Z-A	Negative	0.924444	0.0755559
3AVK-D-A	Negative	0.957135	0.0428652
3J3V-2-E	Negative	0.511667	0.488333
3J81-h-O	Positive	0.125679	0.874321
3J81-l-k	Positive	0.217206	0.782794
3I6L-F-D	Negative	0.849275	0.150725
3BFQ-F-G	Negative	0.548348	0.451652
3G5V-C-A	Positive	0.305392	0.694608
3MUK-D-A	Positive	0.109828	0.890172
3B7T-B-A	Positive	0.236677	0.763323
3SNA-H-A	Negative	0.780514	0.219486
3D9K-Y-A	Negative	0.779651	0.220349
3D9K-Z-B	Positive	0.468981	0.531019
3JCD-x-M	Negative	0.798616	0.201384
3WNG-C-A	Negative	0.555874	0.444126
3OAK-D-A	Negative	0.502403	0.497597
3OAK-C-B	Negative	0.700999	0.299
3WDZ-B-A	Negative	0.994939	0.00506085
3H8A-E-A	Negative	0.830263	0.169737
3H8A-F-B	Negative	0.63972	0.36028
3H44-C-A	Positive	0.44249	0.55751
3H44-D-B	Positive	0.224533	0.775467
3EFO-C-B	Negative	0.837077	0.162923
3TBT-C-A	Negative	0.985421	0.0145794
3UVY-B-A	Negative	0.533328	0.466672
3C88-B-A	Negative	0.811275	0.188725
3SNB-H-A	Negative	0.798212	0.201788
3NKX-P-A	Negative	0.889682	0.110318
3O3E-C-A	Negative	0.985365	0.0146349
3CFV-E-B	Negative	0.870459	0.129541
3CFV-F-B	Negative	0.815378	0.184622
3QRX-B-A	Positive	0.158585	0.841415
3ZRK-X-A	Negative	0.756611	0.243389
3FBN-C-D	Negative	0.871117	0.128883
3DDB-B-A	Negative	0.774439	0.225561
3UIJ-Q-B	Positive	0.41922	0.58078
3P2Z-B-A	Positive	0.0403355	0.959665
3LOB-D-A	Negative	0.546164	0.453836
3LOB-E-B	Negative	0.878111	0.121889
3LOB-F-C	Positive	0.260744	0.739256
3ZQF-C-A	Positive	0.118981	0.881019
3I7L-B-A	Positive	0.123991	0.876009
3GM1-E-A	Negative	0.940594	0.0594059
3OU1-P-A	Negative	0.842107	0.157893
3DEP-B-A	Negative	0.933535	0.0664647
3GZE-X-A	Negative	0.690215	0.309785
3GZE-Y-C	Negative	0.649337	0.350663
3HSV-M-A	Negative	0.92965	0.0703496
3ZZZ-C-A	Negative	0.902663	0.0973366
3ZZZ-D-A	Negative	0.902663	0.0973366
3JCS-l-V	Positive	0.11409	0.88591
3DS9-B-A	Positive	0.454777	0.545223
3R9I-E-A	Positive	0.418493	0.581507
3R9I-G-C	Positive	0.275135	0.724865
3TZ1-B-A	Negative	0.924528	0.0754724
3ATW-C-A	Negative	0.925108	0.0748919
3L6F-C-A	Positive	0.428517	0.571483
3MUD-C-A	Positive	0.419582	0.580418
3MUD-D-A	Negative	0.700441	0.299559
3HK3-A-B	Positive	0.341673	0.658327
3J47-O-V	Positive	0.240046	0.759954
3J47-P-V	Positive	0.32896	0.67104
3J47-Q-V	Negative	0.712295	0.287705
3J47-R-V	Negative	0.898574	0.101426
3J47-S-V	Negative	0.874678	0.125322
3J47-T-V	Positive	0.105925	0.894075
3ZWL-E-B	Negative	0.928961	0.0710394
3WWS-D-A	Negative	0.69573	0.30427
3VCL-C-A	Negative	0.679155	0.320845
3T70-F-A	Negative	0.705311	0.294689
3UEO-F-A	Negative	0.928478	0.0715223
3UEO-E-B	Negative	0.899996	0.100004
3TU7-L-H	Positive	0.113664	0.886336
3ZDF-D-A	Positive	0.0893732	0.910627
3ZDF-C-B	Positive	0.0393717	0.960628
3K15-B-A	Negative	0.524815	0.475185
3K05-C-A	Negative	0.825516	0.174484
3VH7-B-A	Positive	0.385418	0.614582
3VH7-D-A	Positive	0.367987	0.632013
3OTP-G-A	Positive	0.485285	0.514715
3OQY-a-B	Negative	0.862393	0.137607
3T7G-D-A	Negative	0.888511	0.111489
3T7G-C-A	Negative	0.560062	0.439938
3UM0-B-A	Negative	0.598607	0.401393
3BXK-B-A	Positive	0.185035	0.814965
3BXK-D-C	Positive	0.0271168	0.972883
3ZNI-F-E	Negative	0.973502	0.0264976
3HIK-B-A	Positive	0.184426	0.815574
3B8E-B-A	Positive	0.14857	0.85143
3B8E-G-A	Negative	0.665857	0.334143
3B8E-D-C	Positive	0.14857	0.85143
3FXE-A-B	Negative	0.725142	0.274858
3HRY-C-A	Negative	0.808774	0.191226
3V1D-A-G	Negative	0.652429	0.347571
3V1D-B-G	Negative	0.652429	0.347571
3V1D-D-G	Negative	0.652429	0.347571
3BQD-B-A	Negative	0.974779	0.0252206
3MMY-H-G	Negative	0.772411	0.227589
3ABE-Z-C	Negative	0.793787	0.206213
3FM7-C-A	Negative	0.623131	0.376869
3GDS-B-A	Negative	0.61865	0.38135
3RVD-I-A	Negative	0.780834	0.219166
3RVD-L-Q	Negative	0.805609	0.194391
3KTP-B-A	Positive	0.450341	0.549659
3VB7-E-A	Negative	0.781167	0.218833
3R93-E-A	Negative	0.693245	0.306755
3GJ3-B-A	Negative	0.742555	0.257445
3ZBI-C-A	Negative	0.756998	0.243002
3MBE-P-A	Negative	0.742	0.258
3N95-E-C	Negative	0.624545	0.375455
3V4Y-B-A	Positive	0.48892	0.51108
3V4Y-F-A	Negative	0.69892	0.30108
3V4Y-D-C	Negative	0.551497	0.448503
3V4Y-H-E	Negative	0.830249	0.169751
3A9J-C-A	Positive	0.207918	0.792082
3IOZ-B-A	Negative	0.820267	0.179733
3IM4-C-A	Negative	0.516264	0.483736
3QHW-L-B	Positive	0.309954	0.690046
3FEA-L-A	Negative	0.651539	0.348461
3ZYB-I-A	Negative	0.568737	0.431263
3FVH-B-A	Positive	0.0885213	0.911479
3CXW-B-A	Negative	0.977929	0.0220711
3TIE-C-A	Negative	0.665832	0.334168
3D9N-Y-A	Positive	0.256369	0.743631
3LNZ-B-A	Positive	0.234824	0.765176
3MRB-P-A	Negative	0.656816	0.343184
3PMK-O-A	Positive	0.353894	0.646106
3PMK-R-A	Positive	0.253519	0.746481
3PMK-Q-B	Positive	0.292913	0.707087
3PMK-N-C	Positive	0.231514	0.768486
3LAE-X-A	Negative	0.508058	0.491942
3E6H-P-A	Negative	0.742581	0.257419
3OMG-C-A	Positive	0.418798	0.581202
3OMG-D-B	Negative	0.572963	0.427037
3NA0-C-A	Negative	0.667812	0.332188
3V5K-C-A	Negative	0.910344	0.0896557
3N9Q-C-A	Negative	0.635364	0.364636
3VRP-B-A	Negative	0.740656	0.259344
3N23-G-A	Negative	0.948702	0.0512983
3D3X-C-A	Negative	0.727167	0.272833
3D3X-D-B	Negative	0.938517	0.0614833
3EFD-K-L	Negative	0.778131	0.221869
3ZG9-A-B	Negative	0.564303	0.435697
3ONW-C-A	Negative	0.839405	0.160595
3ONW-D-A	Negative	0.723169	0.276831
3BEV-C-A	Negative	0.964669	0.0353311
3UO1-P-H	Negative	0.88805	0.11195
3E0M-E-A	Negative	0.769218	0.230782
3E0M-F-B	Positive	0.305151	0.694849
3J7A-T-D	Positive	0.136192	0.863808
3J7A-6-E	Positive	0.418537	0.581463
3J7A-2-I	Negative	0.619763	0.380236
3EHT-B-A	Negative	0.791587	0.208413
3CVQ-B-A	Positive	0.221644	0.778356
3DUF-I-B	Positive	0.148538	0.851462
3DUF-J-F	Positive	0.177187	0.822813
3C9N-C-A	Negative	0.572518	0.427482
3TZX-D-A	Positive	0.134613	0.865387
3TZX-C-B	Positive	0.360478	0.639522
3RF3-C-A	Positive	0.18224	0.81776
3RF3-D-A	Positive	0.166793	0.833207
3N96-G-A	Negative	0.569802	0.430198
3N96-H-B	Negative	0.840862	0.159138
3N96-E-C	Negative	0.919884	0.0801156
3MLQ-E-A	Negative	0.978805	0.0211952
3MLQ-F-A	Negative	0.969335	0.030665
3MLQ-H-A	Negative	0.904402	0.095598
3MLQ-G-C	Negative	0.925206	0.0747935
3TBS-C-A	Negative	0.982266	0.0177337
3N7Y-D-A	Negative	0.763362	0.236638
3T7K-C-A	Negative	0.628053	0.371947
3TKZ-P-A	Negative	0.585946	0.414054
3TKZ-Q-A	Positive	0.230102	0.769898
3AM7-B-A	Negative	0.607046	0.392954
3AV9-X-A	Negative	0.976156	0.023844
3KJ1-B-A	Negative	0.612053	0.387947
3OX7-P-U	Negative	0.802818	0.197182
3PLV-C-A	Negative	0.98146	0.0185395
3M5M-C-B	Positive	0.365853	0.634147
3M5O-C-A	Negative	0.804358	0.195642
3P4M-F-A	Negative	0.8576	0.1424
3DDA-B-A	Negative	0.616339	0.383661
3AX2-B-A	Negative	0.824206	0.175794
3AX2-F-A	Negative	0.824206	0.175794
3ZDM-B-A	Positive	0.38105	0.61895
3CBO-B-A	Positive	0.205475	0.794525
3MK8-B-A	Positive	0.317455	0.682545
3TPM-B-A	Positive	0.0402521	0.959748
3MXY-L-A	Positive	0.408077	0.591923
3PWL-C-A	Negative	0.531014	0.468986
3C8B-B-A	Negative	0.941208	0.0587924
3C5J-C-A	Positive	0.259484	0.740516
3LKS-C-A	Positive	0.353348	0.646652
3LCA-Q-A	Negative	0.949006	0.0509936
3J79-e-Y	Positive	0.401844	0.598156
3IXZ-B-A	Negative	0.582572	0.417428
3RWF-C-A	Negative	0.517262	0.482738
3QLP-L-H	Negative	0.566798	0.433202
3HXI-C-A	Negative	0.818045	0.181955
3LRH-B-A	Positive	0.397381	0.602619
3NZI-B-A	Positive	0.282406	0.717594
3QZT-B-A	Positive	0.101417	0.898583
3Q49-C-B	Negative	0.801279	0.198721
3MPJ-Y-B	Negative	0.65761	0.34239
3L3K-C-A	Negative	0.592377	0.407623
3ZZY-C-A	Negative	0.966096	0.0339044
3EDX-A-B	Positive	0.402186	0.597814
3H0G-L-B	Positive	0.376332	0.623668
3RC5-B-A	Negative	0.522317	0.477683
3NK4-C-A	Negative	0.961951	0.0380487
3NK4-D-A	Positive	0.399592	0.600408
3FQN-C-A	Negative	0.91763	0.0823699
3DSF-P-L	Negative	0.801717	0.198283
3REW-C-A	Negative	0.862278	0.137722
3OUD-P-A	Negative	0.525002	0.474998
3S90-C-A	Positive	0.305668	0.694332
3S90-D-B	Positive	0.380359	0.619641
3JZS-P-A	Negative	0.51114	0.488861
3SO6-Q-A	Negative	0.551657	0.448343
3UQP-B-A	Negative	0.928745	0.0712554
3H01-B-A	Negative	0.874997	0.125003
3ZHA-E-A	Negative	0.855239	0.144761
3ZHA-F-A	Positive	0.457943	0.542057
3ZHA-G-A	Negative	0.523603	0.476397
3M50-P-A	Positive	0.259972	0.740028
3QW6-B-A	Negative	0.748653	0.251347
3LIY-I-A	Negative	0.619778	0.380222
3LIY-J-C	Negative	0.797955	0.202045
3PLX-A-B	Positive	0.400507	0.599493
3DCG-F-A	Negative	0.832652	0.167348
3DCG-E-D	Negative	0.909304	0.0906957
3PP4-P-H	Negative	0.507317	0.492683
3KTR-B-A	Positive	0.197438	0.802562
3C03-B-A	Negative	0.71016	0.28984
3KJL-E-A	Negative	0.837693	0.162307
3KJL-F-A	Negative	0.742107	0.257893
3KJL-G-C	Negative	0.551586	0.448414
3M9D-G-A	Negative	0.848541	0.151459
3TRS-A-B	Positive	0.170408	0.829592
3TRS-C-D	Positive	0.203111	0.796889
3IQJ-P-A	Negative	0.570547	0.429453
3KUS-C-A	Negative	0.749547	0.250453
3AP2-T-A	Negative	0.786125	0.213875
3MRC-P-A	Negative	0.518646	0.481354
3O6L-C-L	Positive	0.223748	0.776252
3EWT-E-A	Negative	0.926676	0.0733243
3JQO-C-A	Negative	0.92324	0.0767596
3JQO-F-A	Negative	0.791685	0.208315
3JQO-O-J	Negative	0.847372	0.152628
3JQO-R-M	Negative	0.893177	0.106823
3JQO-U-M	Negative	0.892511	0.107489
3JQO-p-k	Negative	0.658339	0.341661
3Q4J-H-B	Negative	0.924782	0.0752178
3RO3-B-A	Negative	0.911593	0.0884065
3WS6-E-A	Negative	0.742389	0.257611
3N5E-D-A	Positive	0.188515	0.811485
3V9T-C-A	Negative	0.924744	0.0752565
3EHU-C-A	Negative	0.766658	0.233342
3E4Z-C-A	Negative	0.743366	0.256634
3E4Z-D-B	Negative	0.743366	0.256634
3MRN-P-A	Negative	0.580396	0.419604
3IK5-D-C	Negative	0.813481	0.186519
3SW9-P-A	Negative	0.550381	0.449619
3SW9-Q-B	Negative	0.779514	0.220486
3P3P-B-A	Positive	0.402613	0.597387
3BZZ-A-B	Negative	0.592496	0.407504
3A9K-C-A	Positive	0.319091	0.680909
3O3D-C-A	Negative	0.993212	0.00678828
3QDZ-E-B	Negative	0.843874	0.156126
3QDZ-F-D	Positive	0.224113	0.775887
3PBP-C-A	Positive	0.280172	0.719828
3PBP-I-G	Negative	0.863012	0.136988
3PBP-L-J	Positive	0.207166	0.792834
3DPY-C-A	Negative	0.812437	0.187563
3R7B-F-C	Negative	0.891288	0.108712
3UVL-B-A	Negative	0.969678	0.030322
3GCW-E-A	Negative	0.560978	0.439022
3ZIA-J-A	Negative	0.652699	0.347301
3QXD-C-A	Negative	0.572551	0.427449
3FDM-D-A	Negative	0.965615	0.0343853
3FDM-F-C	Negative	0.965615	0.0343853
3MRJ-P-A	Positive	0.247399	0.752601
3OLR-E-A	Negative	0.914929	0.0850713
3OLR-F-B	Negative	0.928618	0.0713822
3GZ1-Q-A	Positive	0.16823	0.83177
3GZ1-P-B	Positive	0.321771	0.678229
3TDU-F-A	Positive	0.437817	0.562183
3BUN-A-B	Negative	0.920742	0.079258
3IYL-A-B	Negative	0.766788	0.233212
3GCM-E-B	Positive	0.32462	0.67538
3ASW-B-A	Positive	0.498636	0.501364
3NFK-D-A	Negative	0.781232	0.218767
3VQM-O-A	Negative	0.76285	0.23715
3VUM-F-A	Negative	0.667218	0.332782
3BBP-D-A	Negative	0.765136	0.234864
3BBP-E-A	Negative	0.681718	0.318282
3BBP-F-C	Negative	0.832877	0.167123
3CC5-C-A	Negative	0.717	0.283
3WNH-C-A	Positive	0.446347	0.553653
3FFD-P-A	Negative	0.877429	0.122571
3B1S-A-B	Positive	0.116907	0.883093
3P87-G-A	Negative	0.768718	0.231282
3P87-H-B	Negative	0.81325	0.18675
3P4U-E-A	Negative	0.781716	0.218284
3C9A-C-A	Positive	0.234655	0.765345
3OU3-C-A	Positive	0.183035	0.816965
3KMZ-C-B	Positive	0.36919	0.63081
3SP6-B-A	Negative	0.912301	0.0876989
3S13-B-A	Positive	0.327085	0.672915
3UVU-B-A	Negative	0.762072	0.237928
3A1Q-C-A	Negative	0.830375	0.169625
3JCA-C-A	Negative	0.658508	0.341492
3J6B-0-F	Positive	0.127255	0.872745
3J6B-Y-P	Negative	0.789818	0.210182
3D18-C-A	Negative	0.970402	0.0295981
3T64-F-A	Negative	0.510639	0.489361
3JXT-C-A	Negative	0.944341	0.0556591
3MAZ-B-A	Negative	0.594525	0.405475
3DRF-B-A	Negative	0.850965	0.149035
3JTT-C-A	Negative	0.833574	0.166426
3WL9-C-A	Negative	0.648161	0.351839
3BXM-I-A	Negative	0.898046	0.101954
3RWG-C-A	Positive	0.360407	0.639593
3HGZ-D-A	Positive	0.345238	0.654762
3HGZ-E-B	Negative	0.758062	0.241939
3L81-B-A	Positive	0.452362	0.547638
3N9P-C-A	Negative	0.559	0.441
3EAB-G-A	Positive	0.457298	0.542702
3EAB-H-A	Negative	0.733434	0.266566
3EAB-L-A	Negative	0.844418	0.155582
3EAB-I-C	Negative	0.556972	0.443028
3EAB-J-D	Negative	0.720529	0.279471
3EAB-K-E	Negative	0.621637	0.378363
3QXA-C-A	Negative	0.685561	0.314439
3QXA-F-D	Negative	0.859722	0.140278
3FT2-P-A	Negative	0.964251	0.0357492
3MRD-P-A	Positive	0.372448	0.627552
3HS8-P-A	Positive	0.496499	0.503501
3JAJ-2-C	Positive	0.361761	0.638239
3NFL-E-A	Positive	0.262691	0.737309
3OB1-A-B	Negative	0.799775	0.200225
3TBV-I-A	Negative	0.978549	0.0214508
3HDS-E-A	Negative	0.593355	0.406645
3HU6-C-A	Negative	0.974788	0.0252117
3UQR-D-A	Negative	0.644697	0.355303
3SV1-D-A	Negative	0.772086	0.227914
3SV1-E-B	Positive	0.464665	0.535335
3SV1-F-C	Positive	0.454213	0.545787
3BUY-C-A	Negative	0.911345	0.0886546
3RYA-B-A	Negative	0.813621	0.186379
3RWD-C-A	Positive	0.227552	0.772448
3WNE-C-A	Positive	0.330383	0.669617
3U9D-B-A	Negative	0.525639	0.474361
3EYU-Q-L	Negative	0.605623	0.394377
3BUW-A-B	Negative	0.517128	0.482872
3H11-C-B	Negative	0.93739	0.0626103
3MIW-B-C	Negative	0.663089	0.336911
3MIW-E-C	Negative	0.663089	0.336911
3MIW-G-C	Negative	0.710729	0.289271
3MIW-I-C	Negative	0.87011	0.12989
3MIW-A-C	Negative	0.87011	0.12989
3MQP-B-A	Negative	0.886189	0.113811
3ZFW-X-A	Negative	0.573916	0.426084
3ZFW-Y-B	Positive	0.466605	0.533395
3D9L-Y-A	Negative	0.663753	0.336247
3D9L-Z-B	Negative	0.658896	0.341104
3BEJ-F-B	Negative	0.608575	0.391425
3MLU-P-L	Positive	0.183577	0.816423
3HQU-S-A	Negative	0.552157	0.447843
3RWC-C-A	Negative	0.659809	0.340191
3V79-R-C	Negative	0.73591	0.26409
3P9Y-E-A	Negative	0.727363	0.272637
3BHP-B-A	Negative	0.554691	0.445309
3UVK-B-A	Negative	0.531391	0.468609
3EYS-Q-L	Positive	0.371366	0.628634
3O3A-C-A	Negative	0.985365	0.0146349
3I74-C-A	Negative	0.800418	0.199582
3QBY-H-A	Positive	0.216145	0.783855
3FDL-B-A	Positive	0.318446	0.681554
3WMM-J-L	Negative	0.895921	0.104079
3ZMQ-C-A	Negative	0.930336	0.0696642
3BEI-A-B	Positive	0.465082	0.534918
3DVK-B-A	Positive	0.079221	0.920779
3LU9-C-B	Positive	0.454662	0.545338
3JAP-r-q	Negative	0.600553	0.399447
3UIG-P-A	Positive	0.0508188	0.949181
3W8J-C-A	Negative	0.657935	0.342065
3N00-B-A	Positive	0.441947	0.558053
3FY2-B-A	Negative	0.568789	0.431211
3BZL-A-C	Negative	0.704127	0.295873
3BZL-B-D	Positive	0.36105	0.63895
3P8M-D-A	Negative	0.590449	0.409551
3P8M-C-A	Positive	0.461749	0.538251
3AWR-C-A	Negative	0.905588	0.0944119
3ET1-Q-A	Negative	0.951619	0.048381
3O7L-I-B	Negative	0.658549	0.341451
3MN5-S-A	Negative	0.986807	0.0131927
3IET-X-A	Negative	0.905894	0.094106
3IET-Q-A	Negative	0.7603	0.2397
3FQU-C-A	Negative	0.63515	0.36485
3JZO-P-A	Positive	0.241123	0.758877
3HAT-T-H	Negative	0.642052	0.357948
3IO9-B-A	Negative	0.646583	0.353417
3DBO-A-B	Positive	0.280084	0.719916
3VVS-B-A	Negative	0.593187	0.406813
3HYM-A-B	Negative	0.928556	0.0714442
3HYM-C-D	Negative	0.843729	0.156271
3HYM-G-H	Negative	0.895016	0.104984
3RYB-B-A	Negative	0.768255	0.231745
3KXY-X-A	Positive	0.228509	0.771491
3KXY-W-E	Positive	0.221819	0.778181
3KXY-Y-I	Positive	0.400469	0.599531
3SJ9-B-A	Negative	0.645642	0.354358
3MLV-P-L	Positive	0.331651	0.668349
3QNJ-C-A	Negative	0.88777	0.11223
3QNJ-D-A	Negative	0.595952	0.404048
3FOL-P-A	Negative	0.513373	0.486627
3PAB-F-A	Negative	0.626826	0.373174
3NIH-B-A	Negative	0.625305	0.374695
3OMC-C-A	Positive	0.401592	0.598408
3URL-B-A	Negative	0.915966	0.0840337
3OS5-B-A	Positive	0.30316	0.69684
3QHE-B-A	Negative	0.698792	0.301208
3QHE-D-A	Positive	0.379866	0.620134
3TFK-B-A	Negative	0.988107	0.0118934
3DVP-C-A	Negative	0.523074	0.476926
3RTE-B-A	Positive	0.2341	0.7659
3OEE-I-C	Positive	0.236769	0.763231
3OR0-a-A	Negative	0.893414	0.106586
3OQS-B-A	Positive	0.148611	0.851389
3O2Q-F-E	Negative	0.663973	0.336027
3OUC-P-A	Positive	0.281422	0.718578
3TM7-A-B	Positive	0.425459	0.574541
3I91-C-A	Negative	0.641384	0.358616
3APR-I-E	Positive	0.370899	0.629101
3L3J-C-A	Negative	0.881857	0.118143
3A3Y-G-A	Negative	0.937735	0.0622649
3GIV-C-A	Negative	0.841352	0.158648
3SPV-C-A	Negative	0.894107	0.105893
3JCT-l-X	Positive	0.355312	0.644688
3QUL-C-A	Negative	0.863709	0.136291
3ULR-C-A	Negative	0.553296	0.446704
3C8A-B-A	Negative	0.969596	0.0304036
3SF4-D-A	Positive	0.18425	0.81575
3SF4-E-A	Negative	0.699341	0.300659
3SF4-F-A	Positive	0.278602	0.721398
3B95-P-B	Negative	0.754842	0.245158
3N7N-E-A	Negative	0.503467	0.496533
3N7N-F-B	Negative	0.781915	0.218085
3MYJ-C-A	Positive	0.371834	0.628166
3M55-B-A	Positive	0.0728764	0.927124
3LKP-C-A	Positive	0.369399	0.630601
3ZIN-B-A	Negative	0.744574	0.255426
3ZIN-C-A	Positive	0.422575	0.577425
3D9M-Y-A	Positive	0.319885	0.680115
3D9M-Z-B	Negative	0.674415	0.325585
3ADE-B-A	Negative	0.969875	0.0301246
3SL9-C-A	Negative	0.869401	0.130599
3SL9-F-E	Negative	0.846115	0.153885
3SL9-H-G	Negative	0.591527	0.408473
3R5J-E-A	Negative	0.954893	0.045107
3GLI-O-B	Positive	0.263219	0.736781
3DRG-B-A	Negative	0.690224	0.309776
3BEW-C-A	Negative	0.995448	0.00455164
3N9Z-C-A	Positive	0.295877	0.704123
3RBQ-G-A	Negative	0.822662	0.177338
3RBQ-H-B	Negative	0.710981	0.289019
3RBQ-I-C	Negative	0.600067	0.399933
3RBQ-K-E	Negative	0.867512	0.132488
3QG6-D-A	Positive	0.312284	0.687716
3QG6-C-H	Negative	0.659016	0.340984
3WA0-G-A	Negative	0.92857	0.0714301
3WA0-H-A	Negative	0.983793	0.0162066
3PCQ-X-B	Negative	0.824029	0.175971
3ZRJ-X-A	Positive	0.437197	0.562803
3ZRJ-Y-B	Negative	0.96135	0.0386499
3QO0-C-A	Positive	0.280013	0.719987
3P4N-F-A	Negative	0.594947	0.405054
3GWO-B-A	Negative	0.863191	0.136809
3M93-C-A	Negative	0.751104	0.248896
3QW8-B-A	Negative	0.571113	0.428887
3GZ2-P-B	Positive	0.476014	0.523986
3ISW-C-A	Positive	0.130509	0.869491
3G2W-C-A	Negative	0.988655	0.0113447
3G2W-D-B	Negative	0.881404	0.118596
3ZED-D-A	Negative	0.500912	0.499088
3ZED-E-B	Negative	0.826402	0.173598
3Q95-D-B	Negative	0.702529	0.297471
3K2U-B-A	Positive	0.218576	0.781424
3I7K-B-A	Negative	0.72813	0.27187
3NF3-C-A	Negative	0.888931	0.111069
3IUR-B-A	Negative	0.578592	0.421408
3IUR-C-A	Negative	0.723521	0.276479
3ZMT-C-A	Negative	0.56571	0.43429
3MRH-P-A	Positive	0.30901	0.69099
3P34-B-A	Negative	0.948245	0.0517547
3BU6-B-A	Positive	0.218084	0.781916
3TKN-B-A	Negative	0.597752	0.402248
3CU8-Q-B	Negative	0.945964	0.0540361
3F7O-X-A	Negative	0.722409	0.277591
3AVJ-D-A	Negative	0.959442	0.0405585
3AA1-C-A	Positive	0.251691	0.748309
3H52-N-A	Negative	0.91864	0.0813601
3H52-M-B	Negative	0.708505	0.291495
3W3Y-B-A	Negative	0.53159	0.46841
3IO8-B-A	Positive	0.281949	0.718051
3IO8-D-C	Negative	0.866913	0.133087
3GLR-B-A	Negative	0.564669	0.435331
3J5Q-A-D	Positive	0.111382	0.888618
3MRF-P-A	Negative	0.847161	0.152839
3TBW-I-A	Negative	0.965461	0.0345394
3RQ7-B-A	Negative	0.941674	0.0583257
3VVR-B-A	Negative	0.501116	0.498884
3UZD-B-A	Negative	0.951491	0.0485092
3VFW-C-A	Negative	0.865723	0.134277
3FQX-C-A	Negative	0.940757	0.0592432
3NK3-C-A	Negative	0.75486	0.24514
3KYS-B-A	Positive	0.458769	0.541231
3KYS-D-C	Positive	0.362614	0.637386
3B71-D-A	Negative	0.848169	0.151831
3B71-F-C	Negative	0.70136	0.29864
3WV0-X-A	Negative	0.981809	0.0181913
3WV0-Y-B	Negative	0.923857	0.0761433
3M4C-E-B	Positive	0.277357	0.722643
3ZPV-0-1	Positive	0.171216	0.828784
3ZPV-P-1	Positive	0.142766	0.857234
3ROL-E-A	Negative	0.526945	0.473056
3TWR-E-A	Negative	0.796917	0.203083
3TWR-H-A	Negative	0.914179	0.0858206
3TWR-G-C	Negative	0.96428	0.0357205
3R42-B-A	Negative	0.821037	0.178963
3S7F-I-A	Positive	0.333139	0.666861
3KUT-C-A	Negative	0.847377	0.152623
3KUT-D-A	Negative	0.97632	0.0236804
3BRH-C-A	Positive	0.461326	0.538674
3BRH-D-B	Negative	0.968021	0.0319792
3VUX-G-A	Positive	0.11976	0.88024
3VUX-E-B	Positive	0.161693	0.838307
3D0L-C-A	Negative	0.901457	0.0985429
3U85-B-A	Positive	0.493761	0.506239
3BHB-C-A	Negative	0.963798	0.0362019
3ZWH-Q-A	Negative	0.761007	0.238993
3MRM-P-A	Negative	0.613457	0.386543
3VI4-I-A	Positive	0.248304	0.751696
3VI4-G-C	Negative	0.676547	0.323453
3DKT-K-A	Negative	0.885611	0.114389
3JC2-w-1	Positive	0.173049	0.826951
3ZMU-C-A	Positive	0.351639	0.648361
3TWX-C-A	Negative	0.737993	0.262007
3UKZ-C-B	Negative	0.782376	0.217624
3KRD-a-C	Negative	0.691544	0.308456
3A0B-F-A	Positive	0.349151	0.650849
3A0B-I-A	Positive	0.0768598	0.92314
3A0B-J-A	Positive	0.114142	0.885858
3A0B-M-A	Positive	0.217549	0.782451
3WP1-A-B	Negative	0.795878	0.204122
3CVN-B-A	Negative	0.775459	0.224541
3OGI-A-B	Negative	0.621876	0.378124
3L0L-C-A	Negative	0.827469	0.172532
3AA0-C-A	Positive	0.204299	0.795701
3NGY-E-D	Negative	0.535691	0.464309
3QDR-B-A	Positive	0.232334	0.767666
3OBQ-B-A	Negative	0.949998	0.0500018
3KYN-P-A	Negative	0.979849	0.0201514
3W3X-B-A	Positive	0.106281	0.893719
3FGA-D-B	Negative	0.795767	0.204233
3MRK-P-A	Negative	0.85153	0.14847
3CQZ-L-B	Positive	0.415864	0.584136
3SUI-B-A	Negative	0.576506	0.423494
3E1K-B-A	Negative	0.566845	0.433155
3WY9-C-A	Negative	0.813895	0.186105
3N84-G-A	Negative	0.640513	0.359487
3N84-K-E	Negative	0.640513	0.359487
3V5D-C-A	Negative	0.763364	0.236636
3LW5-J-A	Positive	0.366593	0.633407
3Q4A-C-B	Negative	0.921988	0.0780122
3H3G-B-A	Negative	0.871938	0.128062
3POA-B-A	Negative	0.920081	0.0799194
3BZV-A-B	Positive	0.479239	0.520761
3MXC-L-A	Negative	0.764895	0.235105
3JBU-z-e	Negative	0.82757	0.17243
3GI0-C-A	Negative	0.987956	0.0120443
3CFS-E-B	Negative	0.835969	0.164031
3TO2-C-A	Negative	0.8416	0.1584
3ZIR-B-A	Positive	0.347387	0.652613
3ZIR-C-A	Positive	0.244841	0.755159
3GSW-P-A	Negative	0.894832	0.105168
3GJ4-B-A	Positive	0.228808	0.771192
3GJ4-D-C	Positive	0.127803	0.872197
3F9Z-G-A	Positive	0.340685	0.659315
3MR9-P-A	Negative	0.896577	0.103423
3CY3-B-A	Negative	0.968751	0.0312494
3LK2-T-A	Negative	0.72279	0.27721
3RZ2-C-A	Negative	0.755762	0.244238
3O40-B-A	Positive	0.282577	0.717423
3VFV-C-A	Negative	0.894487	0.105513
3RK2-A-B	Negative	0.62642	0.37358
3PZD-B-A	Negative	0.685596	0.314404
3FOM-P-A	Positive	0.0969317	0.903068
3IFL-P-L	Negative	0.871986	0.128014
3ROF-B-A	Negative	0.706471	0.293529
3BUX-A-B	Negative	0.535203	0.464797
3ZOQ-B-A	Positive	0.229633	0.770367
3MRR-P-A	Negative	0.864891	0.135109
3MIA-C-A	Negative	0.678042	0.321958
3ZEV-C-A	Positive	0.423206	0.576794
3ZEV-D-B	Positive	0.37258	0.62742
3L3D-C-A	Negative	0.743828	0.256172
3WGX-C-A	Negative	0.540186	0.459814
3WGX-D-B	Negative	0.721033	0.278967
3WBK-C-A	Negative	0.967584	0.0324158
3U0T-E-C	Negative	0.632147	0.367853
3NTW-B-A	Positive	0.439967	0.560033
3NTW-D-A	Positive	0.238166	0.761834
3SGA-P-E	Negative	0.660367	0.339633
3VEP-X-D	Negative	0.913893	0.086107
3VEP-G-D	Negative	0.92411	0.0758897
3VEP-C-A	Negative	0.867933	0.132067
3VEP-J-A	Negative	0.867933	0.132067
3AUW-A-B	Negative	0.832246	0.167754
3ZS9-C-A	Positive	0.399446	0.600554
3ZS9-D-A	Positive	0.411543	0.588457
3NCO-D-A	Negative	0.556666	0.443334
3NCO-E-A	Negative	0.633732	0.366268
3DPP-C-A	Negative	0.964171	0.0358295
3NMD-B-A	Positive	0.373583	0.626417
3VCM-P-A	Negative	0.586111	0.413889
3VCM-Q-A	Positive	0.356404	0.643596
3F6K-N-A	Negative	0.864822	0.135178
3CS8-B-A	Negative	0.854285	0.145715
3BS4-B-A	Negative	0.871675	0.128325
3PE4-B-A	Negative	0.809075	0.190925
3FHV-C-A	Negative	0.704354	0.295646
3FQR-C-A	Positive	0.428736	0.571264
3DRJ-B-A	Positive	0.283993	0.716007
3O6M-C-L	Negative	0.742879	0.257121
3AT0-B-A	Negative	0.590125	0.409875
3G8F-B-A	Negative	0.510855	0.489145
3CBP-B-A	Positive	0.205475	0.794525
3LEX-P-H	Negative	0.945186	0.0548144
3ECH-C-A	Negative	0.864491	0.135509
3NIK-X-A	Negative	0.574927	0.425073
3LLY-B-A	Positive	0.460234	0.539766
3ZGC-C-A	Negative	0.841932	0.158068
3AW0-B-A	Negative	0.929985	0.070015
3KZ0-C-A	Negative	0.631858	0.368142
3F2O-C-A	Negative	0.711078	0.288922
3THK-C-A	Positive	0.474662	0.525338
3C59-B-A	Negative	0.621403	0.378597
3J2W-E-A	Negative	0.646256	0.353744
3R29-C-A	Negative	0.897563	0.102437
3R29-D-B	Negative	0.685881	0.314119
3HPJ-C-A	Negative	0.699376	0.300624
3HR5-R-L	Negative	0.777036	0.222964
3HR5-S-A	Negative	0.953835	0.0461649
3HR5-T-P	Negative	0.93456	0.0654398
3HR5-V-I	Negative	0.905379	0.0946206
3RCE-B-A	Negative	0.852613	0.147387
3LK3-T-A	Positive	0.31251	0.68749
3RL7-H-B	Negative	0.972532	0.0274676
3RL7-G-A	Negative	0.692104	0.307896
3RL7-L-A	Negative	0.876249	0.123751
3RL7-K-E	Negative	0.781381	0.218619
3PVL-B-A	Negative	0.855695	0.144304
3SGE-K-L	Negative	0.974004	0.0259964
3DPQ-C-A	Negative	0.592607	0.407393
3AA6-C-A	Positive	0.312327	0.687673
3SOQ-Z-A	Negative	0.971349	0.0286508
3TWS-E-A	Positive	0.384506	0.615494
3TWS-F-A	Negative	0.523259	0.476741
3TWS-H-A	Negative	0.750046	0.249954
3LCN-C-A	Positive	0.439345	0.560655
3LCN-D-B	Negative	0.790387	0.209613
3N9N-C-A	Positive	0.217804	0.782196
3AX3-B-A	Negative	0.929391	0.0706094
3IEC-E-A	Negative	0.949153	0.0508473
3SNE-H-A	Negative	0.947494	0.0525061
3TJ6-B-A	Positive	0.482837	0.517163
3HKJ-F-E	Negative	0.792861	0.207139
3J92-1-C	Negative	0.611368	0.388632
3J92-w-H	Negative	0.966894	0.033106
3J92-0-R	Negative	0.667865	0.332135
3LK4-C-A	Positive	0.457714	0.542286
3FDO-B-A	Positive	0.241123	0.758877
3PO3-L-B	Positive	0.381884	0.618116
3HQR-S-A	Negative	0.873957	0.126043
3AVF-D-A	Negative	0.974871	0.0251288
3R0H-a-A	Negative	0.908323	0.0916771
3EU7-X-A	Positive	0.309067	0.690933
3RWJ-C-A	Negative	0.8825	0.1175
3H8D-E-A	Negative	0.586047	0.413953
3H8D-F-A	Negative	0.576132	0.423868
3H8D-H-A	Negative	0.576132	0.423868
3URI-B-A	Positive	0.0667747	0.933225
3P4K-P-A	Positive	0.0558288	0.944171
3ABD-X-A	Positive	0.477288	0.522712
3ABD-Y-B	Negative	0.604784	0.395216
3C4M-C-A	Negative	0.709308	0.290692
3E6F-P-A	Negative	0.93065	0.0693501
3WOQ-C-A	Positive	0.100191	0.899809
3CVP-B-A	Negative	0.920509	0.0794909
3DM1-B-A	Positive	0.341832	0.658168
3DM1-D-A	Positive	0.300456	0.699544
3DM1-F-A	Negative	0.605486	0.394514
3DM1-H-C	Positive	0.267713	0.732287
3SHW-B-A	Positive	0.0763472	0.923653
3E8U-P-H	Positive	0.199793	0.800207
3TMH-D-A	Negative	0.719713	0.280287
3TMH-H-E	Positive	0.382466	0.617534
3TMH-L-E	Negative	0.574458	0.425542
3TMH-F-I	Negative	0.527743	0.472257
3DA9-D-B	Positive	0.450737	0.549263
3OA6-G-A	Negative	0.730505	0.269495
3JR3-D-A	Negative	0.538351	0.461649
3S04-J-A	Negative	0.985801	0.0141988
3T5I-Q-D	Positive	0.395559	0.604441
3GDU-D-A	Negative	0.733763	0.266237
3U7U-G-A	Positive	0.324519	0.675481
3U7U-K-C	Positive	0.406281	0.593719
3L41-B-A	Negative	0.610466	0.389534
3GGW-E-A	Positive	0.461487	0.538513
3GGW-F-C	Positive	0.44916	0.55084
3M1F-V-A	Negative	0.500528	0.499472
3JTS-C-A	Negative	0.988374	0.0116256
3EJH-E-A	Positive	0.159141	0.840859
3EJH-F-A	Positive	0.377682	0.622318
3PKN-B-A	Positive	0.323379	0.676621
3X23-B-A	Positive	0.171314	0.828686
3IIY-B-A	Positive	0.0810405	0.918959
3TZD-T-A	Negative	0.789564	0.210436
3I89-B-A	Negative	0.949215	0.0507855
3M94-C-A	Negative	0.751104	0.248896
3RSE-Z-A	Negative	0.899134	0.100866
3UFM-B-A	Negative	0.889777	0.110223
3LM1-B-A	Positive	0.239819	0.760181
3OTY-P-A	Positive	0.473849	0.526151
4QUU-B-A	Negative	0.725619	0.274381
4ZZJ-B-A	Negative	0.723982	0.276018
4TY6-H-A	Positive	0.19775	0.80225
4WM0-D-A	Positive	0.310576	0.689424
4B18-B-A	Negative	0.811791	0.188209
4V0W-B-A	Negative	0.644371	0.355629
4YPI-G-C	Negative	0.532165	0.467835
4UF2-B-A	Negative	0.966014	0.0339861
4PKF-C-A	Positive	0.445576	0.554424
4L0V-C-A	Positive	0.382903	0.617097
4X0W-P-U	Positive	0.354453	0.645547
4Q96-C-A	Negative	0.593043	0.406957
4Q96-F-A	Negative	0.593043	0.406957
4O4Y-A-L	Negative	0.894599	0.105401
4WJN-B-A	Positive	0.102502	0.897498
4TWJ-B-A	Negative	0.659893	0.340107
4TQE-A-L	Positive	0.0884721	0.911528
4IB5-D-A	Positive	0.224567	0.775433
4CY2-C-A	Negative	0.952771	0.0472286
4CY2-D-A	Positive	0.231149	0.768851
4JOH-C-A	Negative	0.808094	0.191906
4JOH-D-A	Negative	0.638169	0.361831
4P6W-B-A	Negative	0.687933	0.312067
4RFO-N-G	Negative	0.758269	0.241731
4I51-C-A	Positive	0.314255	0.685745
4I51-D-B	Negative	0.682008	0.317992
4WFA-Z-K	Negative	0.855907	0.144093
4BT9-C-A	Negative	0.83409	0.16591
4Y8J-e-H	Negative	0.683942	0.316058
4PS0-C-A	Negative	0.866386	0.133614
4LOQ-M-A	Negative	0.794975	0.205025
4LOQ-K-A	Negative	0.649089	0.350911
4M5T-B-A	Positive	0.212979	0.787021
4M5T-F-A	Positive	0.212979	0.787021
4M5T-H-G	Negative	0.715133	0.284867
4E18-B-A	Negative	0.837013	0.162987
4MZL-C-A	Negative	0.587951	0.412049
4BQD-C-A	Negative	0.902335	0.0976646
4APJ-P-A	Positive	0.490346	0.509654
4ES0-C-A	Positive	0.0362121	0.963788
4ODP-B-A	Negative	0.705461	0.294539
4JFQ-C-A	Negative	0.910875	0.0891253
4MVB-B-C	Negative	0.923801	0.0761988
4IF6-B-A	Positive	0.388772	0.611228
4WFN-2-C	Positive	0.336988	0.663012
4WLB-D-A	Negative	0.874357	0.125643
4QBM-C-A	Positive	0.205339	0.794661
4N7V-C-A	Negative	0.983135	0.0168648
4LCY-C-A	Negative	0.686045	0.313955
4J48-B-A	Positive	0.166729	0.833271
4OS6-B-A	Negative	0.572011	0.427989
4J8B-B-A	Negative	0.555598	0.444402
4HUV-C-A	Negative	0.706412	0.293588
4CHB-C-A	Negative	0.591274	0.408726
4C2G-C-A	Negative	0.901382	0.0986183
4CE4-6-8	Positive	0.356439	0.643561
4CE4-7-F	Negative	0.500049	0.499951
4V1V-C-A	Negative	0.886423	0.113577
4V1V-D-A	Negative	0.98086	0.0191404
4KTS-B-A	Positive	0.448863	0.551137
4J2X-B-A	Positive	0.258175	0.741825
4HLH-C-A	Positive	0.382903	0.617097
4HLH-D-A	Positive	0.382903	0.617097
4JFZ-P-L	Negative	0.75931	0.24069
4H2T-C-A	Negative	0.63331	0.36669
4LOR-D-A	Negative	0.901851	0.098149
4W50-E-A	Positive	0.0852212	0.914779
4ISR-D-A	Negative	0.755574	0.244426
4ISR-E-A	Negative	0.755574	0.244426
4TT2-P-A	Negative	0.61106	0.38894
4R1E-B-A	Negative	0.667271	0.332729
4GLY-B-A	Positive	0.170262	0.829738
4GUX-D-A	Positive	0.14234	0.85766
4GPK-M-A	Negative	0.505727	0.494273
4V19-7-2	Negative	0.564548	0.435452
4YZH-B-A	Negative	0.594599	0.405401
4ZHB-B-A	Negative	0.842614	0.157386
4YA5-c-H	Negative	0.727871	0.272129
4Q6H-B-A	Positive	0.461128	0.538872
4ETO-P-A	Negative	0.923438	0.0765618
4C5G-B-A	Negative	0.631013	0.368987
4YGW-b-B	Negative	0.897459	0.102541
4N5T-B-A	Positive	0.469575	0.530425
4JTD-Y-H	Positive	0.342144	0.657856
4N0C-B-A	Negative	0.510498	0.489502
4HS8-A-H	Positive	0.256509	0.743491
4CCO-C-A	Positive	0.0344456	0.965554
4GDK-C-B	Negative	0.643498	0.356502
4GDK-F-B	Negative	0.57002	0.42998
4FL8-C-A	Negative	0.787814	0.212186
4FL8-D-A	Positive	0.358985	0.641015
4RG9-S-A	Negative	0.828869	0.171131
4EMZ-D-C	Negative	0.952435	0.0475652
4EMZ-E-B	Negative	0.972063	0.0279371
4WX4-C-A	Negative	0.611408	0.388592
4YR6-C-A	Negative	0.953548	0.0464516
4QRS-C-A	Negative	0.565332	0.434668
4ZNY-B-A	Negative	0.983553	0.0164474
4RQI-E-A	Negative	0.863939	0.136061
4RQI-F-A	Negative	0.95863	0.04137
4RQI-G-C	Negative	0.891955	0.108045
4RQI-H-C	Negative	0.911281	0.0887188
4JFX-P-L	Negative	0.689563	0.310437
4EN2-D-M	Negative	0.627257	0.372743
4EN2-E-B	Negative	0.933319	0.0666813
4B8P-C-A	Positive	0.267721	0.732279
4OI4-U-A	Negative	0.865317	0.134683
4OI4-D-C	Positive	0.248894	0.751106
4ZOZ-Y-A	Negative	0.892181	0.107819
4EZR-B-A	Positive	0.345453	0.654547
4XKH-E-A	Negative	0.716057	0.283943
4XKH-C-F	Negative	0.950294	0.0497057
4ZIH-B-A	Negative	0.810721	0.189279
4P6Z-V-G	Negative	0.997709	0.00229135
4P6Z-T-M	Negative	0.687497	0.312503
4X6S-L-A	Positive	0.373284	0.626716
4CR4-Y-R	Negative	0.856058	0.143942
4ZKS-P-U	Positive	0.327749	0.672251
4PRD-C-A	Positive	0.489633	0.510367
4JOL-E-A	Positive	0.14449	0.85551
4JOL-H-B	Positive	0.322461	0.677539
4FQX-E-A	Positive	0.276462	0.723538
4V3I-B-A	Negative	0.884895	0.115105
4ZNX-E-A	Positive	0.200288	0.799712
4ZNX-G-B	Positive	0.202134	0.797866
4XNH-F-A	Positive	0.374698	0.625302
4CC7-B-A	Negative	0.744743	0.255257
4CC7-D-A	Negative	0.74282	0.25718
4JS0-B-A	Negative	0.783403	0.216597
4MNY-C-A	Positive	0.407058	0.592942
4JOG-C-A	Negative	0.822913	0.177087
4N3A-B-A	Negative	0.749155	0.250845
4A2A-C-A	Negative	0.822229	0.177771
4A2A-D-B	Negative	0.68895	0.31105
4H1L-C-A	Positive	0.245484	0.754516
4M1L-B-A	Positive	0.133107	0.866893
4QO2-B-A	Negative	0.792167	0.207833
4NSK-C-A	Negative	0.918217	0.081783
4K78-B-A	Negative	0.899167	0.100833
4HHA-P-A	Positive	0.461323	0.538677
4FQ3-B-A	Negative	0.914384	0.0856161
4O6F-B-A	Positive	0.305853	0.694147
4QSY-B-A	Negative	0.957804	0.0421956
4JIZ-B-A	Negative	0.584332	0.415668
4PG9-C-A	Positive	0.382398	0.617602
4YOS-E-A	Negative	0.656871	0.343129
4CCM-C-A	Positive	0.381159	0.618841
4CCM-D-B	Positive	0.437421	0.562579
4ZLX-A-B	Negative	0.78911	0.21089
4F7M-C-A	Negative	0.584347	0.415653
4YYD-Z-A	Negative	0.786515	0.213485
4AFJ-X-A	Negative	0.648966	0.351034
4QPQ-A-D	Positive	0.392125	0.607875
4Q6S-C-A	Negative	0.654195	0.345805
4M5S-B-A	Positive	0.0709813	0.929019
4GU0-E-A	Positive	0.487109	0.512891
4A7J-B-A	Positive	0.297064	0.702936
4Y80-c-H	Negative	0.644697	0.355303
4HTC-L-H	Negative	0.593221	0.406779
4OIH-B-A	Positive	0.345001	0.654999
4WWR-B-A	Negative	0.846276	0.153724
4WWR-H-A	Negative	0.827527	0.172473
4WWR-D-G	Negative	0.607828	0.392172
4I1P-B-A	Positive	0.450179	0.549821
4P3C-M-H	Negative	0.961295	0.038705
4R11-B-A	Negative	0.97605	0.0239495
4R11-D-C	Negative	0.964451	0.0355487
4R11-F-E	Positive	0.33703	0.66297
4WM7-D-A	Negative	0.716757	0.283243
4MNX-B-A	Positive	0.0658085	0.934191
4E81-C-A	Negative	0.513845	0.486155
4ZRO-E-A	Negative	0.841252	0.158748
4XC1-P-L	Positive	0.44794	0.55206
4J84-C-A	Negative	0.558362	0.441638
4J84-D-B	Negative	0.841785	0.158215
4Q0X-E-H	Negative	0.954991	0.0450089
4PGD-C-A	Negative	0.518802	0.481198
4O97-B-A	Negative	0.72355	0.27645
4BOS-F-A	Positive	0.267257	0.732743
4GAO-F-A	Positive	0.135613	0.864387
4GAO-H-A	Positive	0.174605	0.825395
4LX2-B-A	Negative	0.735737	0.264263
4CDI-C-A	Positive	0.256983	0.743017
4OH6-B-A	Negative	0.676812	0.323188
4IMY-G-B	Negative	0.730965	0.269035
4OK1-B-A	Positive	0.389535	0.610465
4OGR-G-F	Positive	0.17841	0.82159
4A0K-B-A	Negative	0.584128	0.415872
4X23-U-C	Negative	0.710239	0.289761
4X23-V-E	Positive	0.407477	0.592523
4X23-X-H	Negative	0.811238	0.188762
4X23-W-M	Negative	0.640395	0.359605
4JYI-G-A	Negative	0.528984	0.471016
4R8T-A-B	Negative	0.600596	0.399404
4BKL-E-A	Positive	0.307203	0.692797
4BKL-F-A	Positive	0.317381	0.682619
4BKL-G-A	Positive	0.317381	0.682619
4LZF-B-A	Negative	0.885518	0.114482
4JOR-C-A	Negative	0.954745	0.0452545
4N7Y-C-A	Negative	0.985969	0.0140306
4TT3-H-A	Negative	0.822044	0.177956
4TT3-I-B	Negative	0.762841	0.237159
4TT3-J-E	Negative	0.623639	0.376361
4U0B-M-A	Positive	0.274316	0.725684
4U0B-N-A	Positive	0.324237	0.675763
4LNP-B-A	Negative	0.652755	0.347245
4QRR-P-A	Negative	0.718796	0.281204
4U0C-B-A	Negative	0.696983	0.303017
4QY8-Q-A	Positive	0.0749279	0.925072
4XEF-B-A	Negative	0.971499	0.0285007
4XEF-C-A	Positive	0.350351	0.649649
4XEF-F-D	Negative	0.842084	0.157916
4MZK-T-A	Positive	0.363901	0.636099
4FMN-C-A	Positive	0.432858	0.567142
4ZI1-B-A	Negative	0.952052	0.0479476
4XHV-B-A	Negative	0.803262	0.196738
4JO3-P-L	Positive	0.121836	0.878164
4DLQ-B-A	Negative	0.828625	0.171375
4S1Z-G-A	Positive	0.143381	0.856619
4S1Z-J-A	Positive	0.178359	0.821641
4S1Z-I-A	Positive	0.0447407	0.955259
4TT4-P-A	Negative	0.985861	0.014139
4XVJ-A-H	Negative	0.619941	0.380059
4GK5-C-A	Negative	0.662227	0.337773
4GK5-G-E	Positive	0.161437	0.838563
4PRB-C-A	Positive	0.389193	0.610807
4PV1-H-A	Positive	0.143796	0.856204
4PV1-F-B	Positive	0.230547	0.769453
4B1U-M-B	Positive	0.188893	0.811107
4PDW-D-A	Negative	0.976475	0.0235252
4XPM-A-B	Negative	0.774574	0.225426
4BJ6-D-C	Negative	0.981917	0.0180831
4JMG-B-A	Positive	0.258355	0.741645
4LN2-B-A	Negative	0.732017	0.267983
4D0G-C-A	Positive	0.439529	0.560471
4GBX-E-A	Negative	0.556673	0.443327
4G5R-E-A	Negative	0.614371	0.385629
4G5R-G-A	Negative	0.886097	0.113903
4PSW-C-A	Positive	0.197549	0.802451
4UTV-C-A	Positive	0.20178	0.79822
4IUT-C-B	Positive	0.171272	0.828728
4B86-A-B	Negative	0.777837	0.222164
4B86-I-C	Negative	0.721616	0.278384
4B86-J-K	Negative	0.550653	0.449347
4AJU-B-A	Positive	0.19681	0.80319
4MNV-B-A	Positive	0.0512562	0.948744
4MNV-C-A	Negative	0.501239	0.498761
4JOJ-C-A	Negative	0.525658	0.474342
4JOJ-D-B	Negative	0.617021	0.382979
4JOF-C-A	Negative	0.782432	0.217568
4JOF-D-B	Negative	0.852841	0.147159
4U7I-B-A	Negative	0.916794	0.0832057
4HQJ-G-A	Negative	0.748026	0.251974
4HQJ-E-C	Negative	0.688507	0.311493
4OJ9-B-A	Negative	0.881922	0.118078
4CIN-C-A	Negative	0.839933	0.160067
4CIN-D-B	Negative	0.880855	0.119145
4EDU-T-A	Positive	0.3443	0.6557
4ZKB-B-A	Positive	0.164431	0.835569
4NB3-C-A	Positive	0.304481	0.695519
4RTV-B-A	Positive	0.200288	0.799712
4E05-I-H	Negative	0.730704	0.269296
4M38-E-A	Negative	0.632968	0.367032
4M38-F-B	Positive	0.318232	0.681768
4N84-C-A	Negative	0.958356	0.0416443
4CKT-C-A	Negative	0.813792	0.186208
4CKT-D-B	Negative	0.841255	0.158745
4Z96-C-A	Positive	0.140761	0.859239
4RWG-D-A	Positive	0.371544	0.628456
4RWG-F-C	Negative	0.842586	0.157414
4D7Z-A-B	Positive	0.219048	0.780952
4PGB-C-A	Positive	0.310967	0.689033
4H3Q-B-A	Negative	0.935437	0.0645631
4BXW-F-A	Negative	0.852272	0.147728
4AM9-B-A	Negative	0.792169	0.207831
4JIJ-P-A	Negative	0.855289	0.144711
4JIJ-Q-B	Negative	0.855289	0.144711
4QJ8-E-A	Negative	0.955566	0.044434
4RG6-S-A	Negative	0.598702	0.401298
4QOY-E-A	Positive	0.118895	0.881105
4B60-C-A	Negative	0.826974	0.173026
4OEY-B-A	Positive	0.467047	0.532953
4Q94-C-A	Positive	0.226046	0.773954
4JZN-K-I	Positive	0.159351	0.840649
4D0C-C-A	Negative	0.813385	0.186615
4GW1-E-A	Positive	0.0605935	0.939407
4J9H-G-A	Negative	0.911463	0.0885369
4YEC-C-A	Negative	0.956853	0.0431472
4B1Y-M-B	Negative	0.80667	0.19333
4Z1M-H-A	Negative	0.872916	0.127084
4Z1M-J-E	Negative	0.863093	0.136907
4XIB-C-A	Positive	0.376205	0.623795
4QYL-E-A	Positive	0.214028	0.785972
4MDJ-C-A	Positive	0.156057	0.843943
4Z8M-C-A	Negative	0.872673	0.127327
4Z8M-D-A	Negative	0.717063	0.282937
4GVC-B-A	Positive	0.102107	0.897893
4RTW-B-A	Positive	0.483137	0.516863
4RTW-D-A	Positive	0.480629	0.519371
4RTW-E-A	Negative	0.596695	0.403305
4JR0-C-A	Negative	0.854458	0.145542
4LKE-E-A	Negative	0.698543	0.301457
4LKE-F-B	Negative	0.532166	0.467834
4J2J-D-A	Negative	0.692125	0.307875
4J2J-E-A	Negative	0.676868	0.323132
4J2J-F-B	Positive	0.364373	0.635627
4MBQ-A-C	Positive	0.479214	0.520786
4MBQ-F-C	Positive	0.313275	0.686725
4B8Y-B-A	Negative	0.827284	0.172716
4N4I-B-A	Positive	0.177125	0.822875
4Y18-I-A	Positive	0.436253	0.563747
4Y18-L-D	Negative	0.652149	0.347851
4Y18-N-F	Negative	0.592708	0.407292
4WDI-C-A	Negative	0.587975	0.412025
4YA9-c-H	Negative	0.644697	0.355303
4ZN8-B-A	Negative	0.636394	0.363606
4ZN8-C-A	Negative	0.617032	0.382968
4ZN8-D-A	Negative	0.686067	0.313933
4WJO-B-A	Positive	0.360839	0.639161
4RT4-E-C	Negative	0.649532	0.350468
4RT4-A-D	Negative	0.609865	0.390135
4E17-B-A	Negative	0.958196	0.0418036
4X01-D-A	Positive	0.227733	0.772267
4I7C-B-A	Positive	0.304963	0.695037
4TKY-E-A	Positive	0.38947	0.61053
4UTQ-Z-A	Negative	0.670669	0.329331
4X3O-C-A	Negative	0.903123	0.0968773
4J78-B-A	Negative	0.890011	0.109989
4IHL-P-A	Negative	0.894318	0.105682
4GMN-B-A	Negative	0.583896	0.416104
4JWC-C-A	Negative	0.527858	0.472142
4JWC-D-A	Negative	0.836165	0.163835
4GEQ-F-A	Negative	0.827813	0.172187
4DM9-X-A	Negative	0.904038	0.0959616
4YK6-B-A	Negative	0.942357	0.0576432
4N3B-B-A	Negative	0.56002	0.43998
4B8L-D-A	Positive	0.425328	0.574672
4PC0-C-A	Negative	0.920902	0.0790982
4BLD-E-A	Positive	0.299532	0.700468
4Y8L-d-H	Negative	0.892838	0.107162
4Y8L-c-K	Negative	0.892838	0.107162
4U7E-A-B	Negative	0.724513	0.275487
4K76-E-A	Positive	0.238732	0.761268
4K76-F-B	Negative	0.546116	0.453884
4K76-G-B	Positive	0.461402	0.538598
4K76-H-D	Positive	0.120575	0.879425
4U9W-F-A	Negative	0.70357	0.29643
4U9W-E-B	Negative	0.70357	0.29643
4C0H-C-A	Negative	0.590815	0.409185
4C0H-D-B	Negative	0.556623	0.443377
4D0M-F-A	Positive	0.492645	0.507355
4NO2-C-A	Negative	0.916433	0.083567
4X1S-P-U	Negative	0.77006	0.22994
4R3P-B-A	Negative	0.799831	0.200169
4D6U-I-A	Negative	0.781863	0.218137
4D6U-V-N	Negative	0.871123	0.128877
4MEX-M-C	Negative	0.912376	0.087624
4HYB-C-A	Positive	0.289095	0.710905
4R6R-D-A	Negative	0.694834	0.305166
4W9M-D-C	Negative	0.747748	0.252252
4W9M-F-E	Negative	0.953566	0.0464337
4W9M-L-K	Negative	0.601077	0.398923
4IXR-F-A	Positive	0.349151	0.650849
4IXR-J-A	Positive	0.114142	0.885858
4IXR-M-A	Positive	0.473086	0.526914
4IXR-T-A	Positive	0.130903	0.869097
4IXR-t-B	Positive	0.130903	0.869097
4IXR-X-D	Negative	0.688341	0.311659
4JOK-C-A	Negative	0.545041	0.454959
4JOK-D-B	Negative	0.893496	0.106504
4YO0-E-A	Negative	0.559086	0.440914
4YO0-F-C	Negative	0.692688	0.307312
4Y28-J-A	Positive	0.453759	0.546241
4Z0X-C-A	Positive	0.159351	0.840649
4H3K-F-E	Negative	0.778553	0.221447
4R6Q-B-A	Positive	0.446024	0.553976
4R6Q-F-A	Negative	0.616255	0.383745
4WRQ-C-A	Negative	0.92326	0.0767396
4WRQ-D-B	Negative	0.863816	0.136184
4W2E-9-Q	Positive	0.153387	0.846613
4W2E-u-m	Negative	0.719708	0.280292
4G91-A-B	Negative	0.554635	0.445365
4REY-B-A	Negative	0.592557	0.407443
4K0U-B-A	Negative	0.609226	0.390774
4NMR-C-A	Negative	0.662158	0.337842
4NMR-D-B	Negative	0.638169	0.361831
4ABI-B-A	Negative	0.632863	0.367137
4CSE-C-A	Negative	0.935946	0.0640544
4CSE-D-B	Negative	0.72563	0.27437
4PZ6-Q-A	Negative	0.779651	0.220349
4FCM-C-A	Negative	0.804869	0.195131
4ZRI-C-A	Negative	0.765837	0.234163
4ZRI-D-B	Negative	0.761179	0.238821
4PJ0-I-A	Positive	0.19585	0.80415
4PJ0-L-A	Negative	0.898887	0.101113
4PJ0-M-A	Positive	0.487411	0.512589
4PJ0-T-A	Positive	0.308704	0.691296
4PJ0-t-B	Positive	0.308704	0.691296
4PJ0-Y-C	Positive	0.101175	0.898825
4PJ0-R-E	Positive	0.186275	0.813725
4PJ0-j-a	Positive	0.125385	0.874615
4PJ0-l-a	Negative	0.898887	0.101113
4PJ0-r-e	Positive	0.169271	0.830729
4ZHM-P-U	Negative	0.689104	0.310896
4WNN-T-C	Negative	0.947961	0.0520388
4JWI-C-A	Negative	0.845176	0.154824
4OWW-C-A	Negative	0.55802	0.44198
4A0I-C-A	Positive	0.140977	0.859023
4PN1-E-A	Negative	0.886744	0.113256
4BA3-B-A	Positive	0.398481	0.601519
4ODL-D-A	Negative	0.636945	0.363055
4ODL-C-B	Negative	0.830104	0.169896
4D8I-B-A	Negative	0.93044	0.0695602
4QNZ-B-A	Negative	0.634167	0.365833
4NMT-C-A	Negative	0.692647	0.307353
4NMT-D-B	Positive	0.428856	0.571144
4BPJ-D-A	Negative	0.783003	0.216997
4H2V-C-A	Negative	0.72003	0.27997
4EAK-B-A	Positive	0.296718	0.703282
4Z63-P-A	Negative	0.912477	0.0875231
4UEC-B-A	Negative	0.768803	0.231197
4GKV-P-B	Negative	0.924701	0.0752993
4NXM-U-M	Positive	0.283973	0.716027
4OH9-B-A	Negative	0.766952	0.233048
4F7P-C-A	Negative	0.689277	0.310723
4FJ3-P-A	Negative	0.925717	0.0742826
4UWX-C-A	Negative	0.901103	0.0988972
4UWX-D-B	Negative	0.893095	0.106905
4KMD-B-A	Positive	0.383639	0.616361
4CRI-C-A	Negative	0.762825	0.237175
4CRI-D-A	Negative	0.800643	0.199357
4AF3-D-A	Positive	0.184089	0.815911
4O42-B-A	Negative	0.701147	0.298853
4N8C-X-H	Negative	0.652715	0.347285
4N8C-Y-I	Positive	0.160455	0.839545
4EHQ-G-A	Negative	0.628157	0.371843
4O27-C-A	Negative	0.824035	0.175965
4QRQ-C-A	Negative	0.943372	0.0566276
4Y1C-C-A	Negative	0.924564	0.0754358
4BV2-E-A	Negative	0.813182	0.186818
4INH-M-A	Negative	0.680447	0.319553
4Y1D-D-A	Positive	0.473999	0.526001
4GP4-C-A	Negative	0.788662	0.211338
4EXT-B-C	Positive	0.459563	0.540437
4H62-K-Q	Negative	0.781189	0.218811
4H62-V-Q	Negative	0.851482	0.148518
4TXQ-C-A	Negative	0.785592	0.214408
4TXQ-D-B	Negative	0.909773	0.0902271
4ADX-5-E	Positive	0.177376	0.822624
4NMP-C-A	Positive	0.351201	0.648799
4NMP-D-B	Positive	0.274944	0.725056
4MJH-B-A	Positive	0.413323	0.586677
4NQL-C-A	Negative	0.647588	0.352412
4WPI-D-A	Negative	0.55857	0.44143
4HTV-B-A	Negative	0.837926	0.162074
4ITZ-C-A	Negative	0.844941	0.155059
4J9I-B-A	Negative	0.961709	0.0382905
4AR2-P-A	Negative	0.903115	0.0968855
4C93-D-A	Negative	0.770451	0.229549
4HFX-C-A	Negative	0.760305	0.239695
4OZG-J-A	Negative	0.816755	0.183245
4OZG-I-C	Negative	0.811339	0.188661
4MVI-B-A	Positive	0.142337	0.857663
4AFX-B-A	Positive	0.278705	0.721295
4TNI-F-A	Positive	0.349151	0.650849
4TNI-M-A	Positive	0.473086	0.526914
4CH8-C-D	Negative	0.668457	0.331543
4CH8-G-D	Positive	0.454943	0.545057
4CH8-Q-D	Negative	0.863808	0.136192
4UQZ-B-A	Negative	0.690843	0.309157
4D2G-E-A	Positive	0.167784	0.832216
4HUU-C-A	Negative	0.740523	0.259477
4XAL-B-A	Negative	0.95333	0.0466702
4U1L-C-A	Negative	0.949961	0.0500387
4U1L-F-D	Negative	0.949961	0.0500387
4FT4-Q-B	Positive	0.192516	0.807484
4BXR-C-A	Negative	0.885518	0.114482
4BXR-D-B	Negative	0.932797	0.0672025
4EZ1-L-A	Negative	0.904513	0.0954873
4DOW-C-A	Positive	0.357582	0.642418
4DOW-D-A	Positive	0.32996	0.67004
4BD2-C-A	Negative	0.677375	0.322625
4IUV-C-A	Positive	0.493961	0.506039
4GKG-F-A	Positive	0.073827	0.926173
4V11-B-A	Positive	0.402345	0.597655
4ZJV-C-A	Positive	0.0916646	0.908335
4ZJV-D-B	Negative	0.670062	0.329938
4NQV-M-A	Negative	0.843721	0.156279
4HVU-B-A	Positive	0.200288	0.799712
4OZ1-C-A	Negative	0.708097	0.291903
4EOY-D-A	Negative	0.837962	0.162038
4EOY-F-C	Negative	0.837962	0.162038
4LOP-K-A	Negative	0.912088	0.0879124
4LOP-N-B	Negative	0.932138	0.0678623
4A5X-C-A	Negative	0.889479	0.110521
4A5X-D-A	Negative	0.917234	0.0827661
4TWI-B-A	Positive	0.106496	0.893504
4LLG-M-C	Negative	0.737442	0.262558
4LLG-N-I	Positive	0.455038	0.544962
4O9W-B-A	Negative	0.89732	0.10268
4F27-Q-A	Negative	0.634662	0.365338
4YI0-A-C	Negative	0.648404	0.351596
4BQ8-B-C	Positive	0.338894	0.661106
4YM4-B-A	Positive	0.247494	0.752506
4CVZ-C-A	Negative	0.907638	0.0923623
4V0V-B-A	Negative	0.528787	0.471213
4V0V-D-C	Negative	0.812708	0.187292
4RRV-B-A	Negative	0.623986	0.376014
4H3H-F-E	Positive	0.470466	0.529534
4QX7-E-A	Positive	0.237522	0.762478
4QX7-F-C	Negative	0.674562	0.325438
4UEA-B-A	Negative	0.537781	0.462219
4UEA-D-C	Positive	0.125961	0.874039
4F00-B-A	Positive	0.421386	0.578614
4DEX-B-A	Negative	0.51496	0.48504
4R6O-F-A	Negative	0.616255	0.383745
4J81-D-A	Negative	0.818463	0.181537
4Z2P-P-A	Positive	0.390935	0.609065
4Z2P-C-A	Negative	0.728025	0.271975
4HAB-D-A	Positive	0.164258	0.835742
4U1J-C-A	Negative	0.930956	0.0690439
4ZIG-B-A	Positive	0.383475	0.616525
4JDH-B-A	Negative	0.897851	0.102149
4ZXL-H-A	Negative	0.801375	0.198625
4MMY-C-A	Positive	0.363825	0.636175
4N78-P-A	Negative	0.860222	0.139778
4YFB-B-A	Negative	0.831284	0.168716
4YFB-E-A	Negative	0.940087	0.059913
4YFB-K-G	Negative	0.859185	0.140815
4EIK-B-A	Negative	0.910667	0.0893333
4J1V-E-A	Positive	0.312602	0.687398
4J1V-G-A	Negative	0.794562	0.205438
4AW9-I-A	Negative	0.876109	0.123891
4D0Z-X-B	Negative	0.941527	0.0584732
4HH6-Z-A	Negative	0.563585	0.436415
4YIZ-B-A	Negative	0.873464	0.126536
4THN-I-H	Negative	0.919267	0.0807329
4M91-B-A	Positive	0.213739	0.786261
4NM5-B-A	Negative	0.548037	0.451963
4NM5-C-A	Positive	0.309836	0.690164
4QIW-W-A	Positive	0.251008	0.748992
4U1S-C-A	Positive	0.398196	0.601804
4NUT-B-A	Negative	0.886289	0.113711
4EDN-L-A	Negative	0.833218	0.166782
4EDN-O-E	Negative	0.966805	0.0331948
4EDN-Q-E	Negative	0.987087	0.0129129
4EDN-P-F	Negative	0.985358	0.0146419
4LKL-B-A	Positive	0.0867222	0.913278
4JZO-J-A	Positive	0.119635	0.880365
4KTX-B-A	Negative	0.918685	0.0813146
4BWQ-B-A	Negative	0.541659	0.458341
4BWQ-D-A	Positive	0.140278	0.859722
4BWQ-F-C	Positive	0.196923	0.803077
4D2M-B-A	Positive	0.469511	0.530489
4D2M-D-C	Positive	0.414426	0.585574
4UUB-D-A	Positive	0.20178	0.79822
4UE4-B-C	Negative	0.620644	0.379356
4KYT-B-A	Negative	0.876994	0.123006
4KYT-C-A	Negative	0.850747	0.149253
4ZDU-B-A	Negative	0.872458	0.127542
4IZY-B-A	Negative	0.88904	0.11096
4G35-B-A	Negative	0.898259	0.101741
4MZ5-A-E	Negative	0.804184	0.195816
4MZ5-C-E	Positive	0.418472	0.581528
4N9G-C-A	Positive	0.133294	0.866706
4N9G-Z-A	Positive	0.278106	0.721894
4N9G-D-E	Positive	0.306552	0.693448
4PZ3-C-B	Negative	0.949516	0.0504837
4DOR-C-A	Negative	0.873415	0.126585
4YGX-E-D	Negative	0.863508	0.136492
4WHT-a-A	Positive	0.27534	0.72466
4WHT-c-C	Positive	0.369146	0.630854
4WHT-o-O	Positive	0.331136	0.668864
4WHT-q-Q	Positive	0.420421	0.579579
4JG0-P-L	Negative	0.819746	0.180254
4XTR-G-A	Positive	0.415542	0.584458
4OR5-E-B	Negative	0.606357	0.393643
4OR5-J-B	Negative	0.606357	0.393643
4X3E-B-A	Positive	0.368439	0.631561
4G71-C-A	Negative	0.788662	0.211338
4NO0-C-A	Negative	0.874391	0.125609
4FBY-T-A	Positive	0.130903	0.869097
4GRV-B-A	Negative	0.699555	0.300445
4HEE-Y-X	Positive	0.351932	0.648068
4B4S-B-A	Positive	0.434327	0.565673
4ODK-B-A	Negative	0.889556	0.110444
4ODK-C-A	Positive	0.447155	0.552845
4NW2-B-A	Negative	0.634382	0.365618
4NW2-D-C	Negative	0.734667	0.265333
4Y6O-C-A	Positive	0.394484	0.605516
4EZT-B-A	Positive	0.43207	0.56793
4I2W-B-A	Negative	0.842346	0.157654
4NF9-C-A	Positive	0.163596	0.836404
4MGX-B-A	Negative	0.898994	0.101006
4OH4-E-A	Negative	0.951241	0.0487587
4CCN-C-A	Positive	0.350968	0.649032
4K7F-C-A	Negative	0.557836	0.442164
4HCZ-C-A	Positive	0.494847	0.505153
4HCZ-D-B	Positive	0.108614	0.891386
4XGQ-B-A	Negative	0.596091	0.403909
4I9C-C-A	Negative	0.896764	0.103236
4L67-B-A	Negative	0.924077	0.0759227
4M1Z-C-A	Negative	0.610589	0.389411
4M1Z-D-B	Negative	0.684614	0.315386
4WIH-B-A	Positive	0.403847	0.596153
4Y2G-B-A	Negative	0.789378	0.210622
4SRN-B-A	Positive	0.171496	0.828504
4RTZ-B-A	Negative	0.973843	0.0261568
4O45-B-A	Negative	0.570121	0.429879
4OWT-C-A	Positive	0.257086	0.742914
4USL-D-A	Negative	0.642306	0.357694
4PBZ-B-A	Negative	0.855695	0.144305
4N1A-G-A	Negative	0.909877	0.090123
4N1A-H-B	Negative	0.972517	0.0274827
4N1A-J-C	Negative	0.963492	0.0365078
4N1A-K-E	Negative	0.899026	0.100974
4DJZ-H-B	Positive	0.399677	0.600323
4DJZ-I-B	Negative	0.681546	0.318454
4HRG-C-A	Positive	0.468093	0.531907
4TK3-C-A	Negative	0.915686	0.0843141
4TK3-D-A	Negative	0.894595	0.105405
4QXH-F-C	Positive	0.378786	0.621214
4OIU-B-A	Positive	0.418699	0.581301
4RWV-B-A	Positive	0.428724	0.571276
4E6K-H-C	Positive	0.151056	0.848944
4DJ9-B-A	Positive	0.201475	0.798525
4TZQ-B-A	Positive	0.149472	0.850528
4GUU-B-A	Negative	0.828978	0.171022
4MS8-B-C	Negative	0.750665	0.249335
4JX7-B-A	Negative	0.603405	0.396595
4R6N-D-A	Positive	0.446024	0.553976
4UM9-E-A	Negative	0.928412	0.0715879
4UM9-F-C	Positive	0.464981	0.535019
4Z68-E-A	Positive	0.204213	0.795787
4RET-G-A	Negative	0.962555	0.0374453
4RET-E-C	Negative	0.962555	0.0374453
4HXJ-C-A	Negative	0.756491	0.243509
4B45-B-A	Negative	0.698088	0.301912
4G9F-C-A	Negative	0.941238	0.0587623
4FJC-C-A	Negative	0.813174	0.186826
4FJC-G-A	Negative	0.71149	0.28851
4Y3U-B-A	Negative	0.807758	0.192242
4APR-I-E	Negative	0.661347	0.338653
4GPL-A-B	Negative	0.848506	0.151494
4UE8-B-A	Positive	0.494347	0.505653
4N5E-B-C	Negative	0.777499	0.222501
4X3H-B-A	Negative	0.817833	0.182167
4L8C-I-A	Negative	0.824981	0.175019
4M7C-C-A	Negative	0.882066	0.117934
4NNL-C-A	Negative	0.535568	0.464433
4C2D-E-A	Negative	0.883872	0.116128
4C2D-M-A	Negative	0.829024	0.170976
4C2D-N-B	Negative	0.832692	0.167308
4C2D-H-D	Negative	0.978407	0.0215929
4C2D-P-D	Negative	0.938776	0.0612236
4I80-B-A	Positive	0.132534	0.867466
4OZ6-B-A	Negative	0.50299	0.49701
4GZF-C-A	Negative	0.579033	0.420967
4O30-C-A	Negative	0.719039	0.280961
4O30-D-B	Negative	0.900213	0.099787
4S0R-O-A	Negative	0.646437	0.353563
4YWC-C-A	Negative	0.850141	0.149859
4JO9-A-B	Negative	0.899326	0.100674
4JO9-C-B	Negative	0.854132	0.145868
4Y8K-d-H	Negative	0.892838	0.107162
4Y8K-c-K	Negative	0.892838	0.107162
4IV1-D-A	Negative	0.63859	0.36141
4TZS-C-A	Positive	0.329363	0.670637
4K7L-A-B	Negative	0.918757	0.0812427
4ESG-D-A	Negative	0.665517	0.334483
4J8G-D-A	Negative	0.782528	0.217472
4J8G-C-B	Negative	0.612643	0.387358
4YXB-C-A	Positive	0.169128	0.830872
4YXB-D-A	Negative	0.97177	0.0282297
4B7K-B-A	Positive	0.395453	0.604547
4NGE-B-A	Negative	0.681414	0.318586
4NGE-E-D	Positive	0.090563	0.909437
4KTY-C-A	Negative	0.620405	0.379595
4ZFZ-C-A	Negative	0.879442	0.120558
4WNG-B-A	Negative	0.712098	0.287902
4ZFO-K-L	Positive	0.49971	0.50029
4ZFO-F-B	Negative	0.684531	0.315469
4OS1-B-A	Positive	0.299215	0.700785
4FTB-D-A	Negative	0.592081	0.407919
4FTB-E-A	Positive	0.213447	0.786553
4FTB-F-C	Positive	0.18086	0.81914
4NRX-P-H	Negative	0.737484	0.262516
4NRX-C-A	Negative	0.819723	0.180277
4JFO-C-A	Negative	0.883315	0.116685
4HAN-C-A	Negative	0.785682	0.214318
4RWD-H-A	Negative	0.787667	0.212333
4WFB-Z-K	Negative	0.855907	0.144093
4ZRK-E-A	Positive	0.498074	0.501926
4ZRK-G-C	Negative	0.567601	0.432399
4NUV-C-A	Positive	0.452608	0.547392
4QQI-X-A	Negative	0.750393	0.249607
4XOA-B-A	Negative	0.729378	0.270622
4XGZ-a-A	Negative	0.992564	0.00743607
4XGZ-c-C	Negative	0.988303	0.0116967
4XGZ-e-E	Negative	0.991665	0.00833536
4XGZ-j-H	Negative	0.95935	0.0406497
4XOD-B-A	Negative	0.626153	0.373847
4OED-B-A	Negative	0.808345	0.191655
4X5W-C-A	Negative	0.710998	0.289002
4MDD-C-A	Negative	0.643962	0.356038
4MDD-D-A	Negative	0.972081	0.0279191
4X3S-D-A	Positive	0.442792	0.557208
4ERZ-E-A	Positive	0.363233	0.636767
4LGD-E-A	Negative	0.857737	0.142263
4LGD-F-A	Negative	0.694962	0.305038
4LGD-G-C	Negative	0.843483	0.156517
4LGD-H-C	Positive	0.495354	0.504646
4SGA-P-E	Negative	0.857713	0.142287
4ZTO-P-L	Negative	0.604706	0.395294
4ZTO-Q-M	Negative	0.565461	0.434539
4TUK-I-H	Negative	0.538937	0.461063
4Z89-a-A	Negative	0.548962	0.451038
4Z89-e-A	Negative	0.503407	0.496593
4Z89-b-B	Negative	0.816501	0.183499
4Z89-f-B	Positive	0.290284	0.709716
4Z89-i-D	Negative	0.844262	0.155738
4Z0Z-E-A	Positive	0.494082	0.505918
4Z0Z-G-B	Positive	0.430307	0.569693
4Z0Z-H-D	Positive	0.137212	0.862788
4F73-C-A	Negative	0.954801	0.045199
4F73-D-A	Negative	0.769812	0.230188
4K3O-E-A	Negative	0.9571	0.0429
4PO6-B-A	Negative	0.778363	0.221637
4JDD-B-A	Negative	0.521286	0.478714
4WM8-D-A	Negative	0.588023	0.411977
4RFN-M-G	Negative	0.751994	0.248006
4UEB-B-A	Negative	0.570818	0.429182
4I7Z-D-A	Positive	0.31888	0.68112
4I7Z-G-A	Positive	0.245526	0.754474
4I7Z-E-C	Positive	0.0963323	0.903668
4WNL-F-C	Positive	0.427295	0.572705
4WNL-H-A	Positive	0.226788	0.773212
4A1X-C-A	Positive	0.496214	0.503786
4A1X-D-B	Positive	0.0358322	0.964168
4Y8Q-c-K	Negative	0.727871	0.272129
4ZII-C-A	Positive	0.318455	0.681545
4J6S-E-A	Negative	0.949629	0.0503708
4J6S-F-B	Negative	0.994397	0.00560314
4UD7-F-A	Positive	0.344685	0.655315
4UD7-G-A	Positive	0.344685	0.655315
4UD7-H-C	Negative	0.851351	0.148649
4UD7-I-D	Positive	0.207895	0.792105
4PXM-C-A	Positive	0.37167	0.62833
4PXM-D-B	Negative	0.595199	0.404801
4EZZ-B-A	Negative	0.726434	0.273566
4FZ1-D-A	Negative	0.556533	0.443467
4Y3B-C-A	Negative	0.942636	0.0573636
4Y3B-D-B	Negative	0.992684	0.00731619
4DS1-B-A	Positive	0.478244	0.521756
4DS1-D-A	Positive	0.287196	0.712804
4NQX-M-A	Negative	0.531143	0.468857
4AOK-A-B	Negative	0.71549	0.28451
4AOK-D-B	Positive	0.449983	0.550017
4XH2-a-A	Negative	0.951089	0.0489114
4XH2-c-C	Negative	0.866491	0.133509
4XH2-e-E	Negative	0.988102	0.0118978
4LD3-B-A	Negative	0.968919	0.0310806
4YZ6-B-A	Positive	0.143231	0.856769
4JO1-P-L	Positive	0.240167	0.759833
4PD1-C-A	Negative	0.717692	0.282308
4BB2-B-A	Positive	0.309416	0.690584
4PZ8-B-A	Negative	0.688378	0.311622
4A1S-C-A	Negative	0.839525	0.160475
4A1S-E-B	Negative	0.665326	0.334674
4Z0Y-E-A	Positive	0.0676411	0.932359
4Z0Y-F-B	Positive	0.234131	0.765869
4Z0Y-H-B	Negative	0.749095	0.250905
4ZUH-C-A	Negative	0.616214	0.383786
4GAJ-P-H	Positive	0.440395	0.559605
4APO-E-A	Negative	0.961001	0.0389991
4MQV-B-A	Positive	0.42226	0.57774
4LPZ-C-B	Positive	0.234073	0.765927
4LPZ-D-B	Positive	0.278687	0.721313
4WVI-D-A	Positive	0.43117	0.56883
4IHG-I-A	Negative	0.65451	0.34549
4IHG-L-D	Negative	0.982902	0.0170982
4CQO-B-A	Negative	0.730608	0.269392
4CQO-D-A	Negative	0.743446	0.256554
4Z33-C-A	Negative	0.722845	0.277155
4Z33-D-B	Negative	0.978068	0.0219318
4E35-C-A	Negative	0.588303	0.411697
4E35-D-B	Negative	0.600234	0.399766
4JL0-C-A	Negative	0.961322	0.0386779
4JL0-D-B	Negative	0.849231	0.150769
4AU2-E-A	Negative	0.758164	0.241836
4AU2-F-A	Negative	0.758164	0.241836
4AU2-G-A	Negative	0.559944	0.440056
4AU2-J-B	Positive	0.492451	0.507549
4IS6-C-A	Positive	0.377578	0.622422
4OJK-C-A	Negative	0.533375	0.466625
4OJK-D-B	Positive	0.232222	0.767778
4MJ5-C-A	Negative	0.562389	0.437611
4XSS-B-E	Positive	0.273586	0.726414
4XSS-F-E	Positive	0.0508755	0.949124
4XC2-E-A	Negative	0.948969	0.0510309
4E9D-E-A	Negative	0.788539	0.211461
4TZL-C-A	Positive	0.492916	0.507084
4TZL-D-B	Positive	0.451182	0.548818
4AKT-C-A	Positive	0.0793002	0.9207
4OS7-B-A	Positive	0.299215	0.700785
4C5E-E-A	Negative	0.663768	0.336232
4FWF-E-A	Positive	0.332014	0.667986
4UB8-I-A	Positive	0.472708	0.527292
4UB8-J-A	Positive	0.451827	0.548173
4UB8-j-a	Positive	0.451827	0.548173
4QVE-B-A	Positive	0.221943	0.778057
4XI7-C-A	Negative	0.828862	0.171138
4AIM-C-A	Negative	0.72429	0.27571
4JDK-B-A	Negative	0.828809	0.171191
4GOW-A-D	Negative	0.599925	0.400075
4WQP-P-A	Negative	0.744536	0.255464
4N0Y-A-H	Positive	0.428158	0.571842
4U6G-P-H	Negative	0.553968	0.446032
4BPI-B-A	Negative	0.771612	0.228388
4QRU-C-A	Negative	0.604292	0.395708
4LXL-D-A	Positive	0.270464	0.729536
4M1D-P-L	Positive	0.0792529	0.920747
4XW6-B-A	Negative	0.807613	0.192387
4D6T-I-A	Positive	0.239032	0.760968
4P7I-C-A	Negative	0.961518	0.0384823
4P7I-D-B	Negative	0.984476	0.0155245
4MXQ-B-C	Negative	0.763898	0.236101
4MVK-B-A	Positive	0.106671	0.893329
4CPA-I-A	Positive	0.157326	0.842674
4ODQ-B-A	Positive	0.370231	0.629769
4ZKO-P-U	Positive	0.13034	0.86966
4ZKO-Q-U	Negative	0.707636	0.292364
4RWF-B-A	Negative	0.784762	0.215238
4Z8A-B-A	Positive	0.445855	0.554145
4QUT-B-A	Negative	0.885807	0.114193
4XZ1-B-A	Negative	0.932548	0.067452
4NM0-B-A	Negative	0.643457	0.356543
4M9S-E-A	Positive	0.120616	0.879384
4M9S-F-B	Negative	0.703362	0.296638
4M9S-H-D	Negative	0.798215	0.201785
4WYU-D-A	Positive	0.428373	0.571627
4BZI-F-A	Negative	0.958736	0.041264
4BZI-N-D	Negative	0.773278	0.226722
4CIM-P-A	Positive	0.386764	0.613236
4JK5-B-A	Positive	0.0773691	0.922631
4XBE-P-L	Positive	0.329129	0.670871
4MP0-B-A	Positive	0.263146	0.736854
4MP0-D-C	Negative	0.646372	0.353628
4LLB-C-A	Negative	0.664116	0.335884
4F75-C-A	Negative	0.920517	0.0794833
4F75-D-A	Negative	0.795001	0.204999
4WB7-I-A	Negative	0.616464	0.383536
4PBU-F-A	Negative	0.709107	0.290893
4PBU-J-A	Positive	0.451827	0.548173
4PBU-M-A	Positive	0.473086	0.526914
4PBU-t-B	Negative	0.51497	0.48503
4PBU-f-a	Negative	0.719693	0.280307
4PBU-j-a	Positive	0.283092	0.716908
4F56-C-A	Negative	0.695291	0.304709
4N7Z-B-A	Negative	0.743713	0.256287
4JOP-C-A	Negative	0.696752	0.303248
4N8V-C-G	Positive	0.0762407	0.923759
4FTG-C-A	Negative	0.775263	0.224737
4FTG-D-A	Negative	0.885155	0.114845
4FTG-E-A	Negative	0.58633	0.41367
4TMA-I-A	Positive	0.0317931	0.968207
4TMA-L-G	Positive	0.0339276	0.966072
4JLU-B-A	Negative	0.557737	0.442263
4FM6-C-B	Negative	0.669679	0.330321
4QMG-F-A	Positive	0.374781	0.625219
4QMG-G-B	Negative	0.650021	0.349979
4QMG-H-C	Negative	0.768982	0.231018
4QMG-I-D	Negative	0.789949	0.210051
4ZHL-P-U	Negative	0.588603	0.411397
4K74-C-A	Negative	0.80039	0.19961
4K74-D-B	Negative	0.917805	0.0821954
4UX6-A-B	Positive	0.482334	0.517666
4U91-B-A	Negative	0.524908	0.475092
4U91-E-A	Negative	0.524908	0.475092
4IL6-F-A	Negative	0.709107	0.290893
4IL6-J-A	Positive	0.294061	0.705939
4IL6-T-A	Positive	0.253185	0.746815
4IL6-Y-C	Positive	0.113317	0.886683
4IL6-f-a	Negative	0.719693	0.280307
4IL6-j-a	Positive	0.294061	0.705939
4IL6-y-c	Positive	0.113317	0.886683
4MI8-C-A	Negative	0.714585	0.285415
4MI8-D-B	Negative	0.547172	0.452828
4YNL-D-B	Positive	0.337949	0.662051
4GUR-C-A	Positive	0.409785	0.590215
4CYD-F-A	Negative	0.899129	0.100871
4CYD-H-A	Negative	0.945339	0.054661
4U4A-D-A	Positive	0.483746	0.516254
4U4A-E-B	Negative	0.70565	0.29435
4RVY-l-a	Negative	0.854035	0.145965
4PRE-C-A	Positive	0.2909	0.7091
4AYA-B-A	Negative	0.632108	0.367892
4O51-M-L	Negative	0.88093	0.11907
4JMH-B-A	Negative	0.628114	0.371886
4UG3-D-C	Positive	0.365956	0.634044
4EP2-B-A	Negative	0.856584	0.143416
4Z88-M-A	Negative	0.760077	0.239923
4Z88-P-A	Negative	0.971096	0.0289038
4Z88-N-B	Negative	0.773508	0.226492
4Z88-O-C	Positive	0.195828	0.804172
4Z88-Q-E	Negative	0.863444	0.136556
4Z88-R-F	Negative	0.799717	0.200283
4Z88-T-H	Negative	0.912625	0.0873751
4Z88-W-H	Negative	0.845286	0.154714
4Z88-X-I	Negative	0.806578	0.193422
4J9F-B-A	Negative	0.954558	0.0454422
4UZ3-C-A	Positive	0.147762	0.852238
4OGQ-G-A	Positive	0.11331	0.88669
4OGQ-H-A	Positive	0.275807	0.724193
4YYK-C-A	Negative	0.692329	0.307671
4TZM-D-B	Positive	0.0447369	0.955263
4CC9-C-A	Negative	0.830654	0.169346
4WSI-X-A	Negative	0.908367	0.0916334
4UF3-B-A	Positive	0.444062	0.555938
4XXC-B-A	Negative	0.683145	0.316855
4FDD-B-A	Negative	0.908836	0.0911641
4F0Z-C-A	Positive	0.452624	0.547376
4QBS-P-A	Negative	0.831618	0.168382
4Z8J-B-A	Negative	0.914339	0.0856608
4J7F-B-A	Positive	0.0889075	0.911092
4JML-E-A	Negative	0.874757	0.125243
4MDI-C-A	Positive	0.378242	0.621758
4M9Y-C-A	Positive	0.199738	0.800262
4M9Y-D-B	Negative	0.573569	0.426431
4QH8-C-A	Negative	0.972454	0.0275457
4QH8-D-A	Negative	0.882776	0.117224
4B1V-M-A	Negative	0.847139	0.152862
4DRW-E-A	Negative	0.589662	0.410338
4N3C-B-A	Negative	0.542668	0.457332
4DJS-B-A	Positive	0.251948	0.748052
4C5A-C-A	Positive	0.266742	0.733258
4B7Y-A-C	Negative	0.745045	0.254955
4B7Y-B-C	Negative	0.841946	0.158054
4FU4-C-A	Negative	0.992931	0.00706913
4UU8-D-A	Positive	0.20178	0.79822
4WVS-B-A	Negative	0.887228	0.112772
4GFU-F-A	Negative	0.989441	0.0105592
4GF3-B-A	Negative	0.78382	0.21618
4EJE-C-A	Negative	0.676822	0.323178
4GO6-A-B	Positive	0.303958	0.696042
4GO6-C-B	Positive	0.140112	0.859888
4Y3O-C-A	Positive	0.313249	0.686751
4K38-D-A	Negative	0.653531	0.346469
4K38-C-B	Negative	0.764786	0.235214
4H3B-B-A	Negative	0.836671	0.163329
4D69-P-A	Negative	0.761781	0.238219
4D69-R-B	Positive	0.0708971	0.929103
4D69-U-E	Negative	0.901349	0.0986515
4D69-X-E	Positive	0.320994	0.679006
4V1T-C-A	Negative	0.924635	0.0753654
4V1T-D-A	Negative	0.911555	0.0884447
4IGK-C-A	Negative	0.625431	0.374569
4IGK-D-B	Positive	0.096908	0.903092
4AK4-B-A	Positive	0.435328	0.564672
4AK4-D-A	Positive	0.373933	0.626067
4AK4-J-E	Positive	0.354644	0.645356
4MJT-J-A	Negative	0.985487	0.0145129
4MJT-M-D	Negative	0.972183	0.0278166
4WND-B-A	Positive	0.392884	0.607116
4XYN-P-A	Negative	0.811092	0.188908
4QEO-P-A	Positive	0.455208	0.544792
4XEV-C-A	Negative	0.991148	0.00885242
4XEV-F-D	Negative	0.993758	0.00624239
4U1E-B-I	Negative	0.710096	0.289904
4OKF-A-B	Negative	0.952015	0.0479849
4K72-C-A	Negative	0.898709	0.101291
4K72-D-A	Negative	0.830378	0.169622
4MZJ-T-A	Negative	0.671683	0.328317
4O56-B-A	Positive	0.243422	0.756578
4FZ0-N-A	Negative	0.580818	0.419182
4FZ0-O-B	Negative	0.584287	0.415713
4F02-C-A	Positive	0.463414	0.536586
4X8N-B-A	Negative	0.691485	0.308515
4HRE-G-A	Positive	0.220548	0.779452
4PIS-B-A	Positive	0.402855	0.597145
4Z0F-C-A	Negative	0.761468	0.238532
4FJO-B-A	Positive	0.14334	0.85666
4FJO-D-C	Positive	0.281102	0.718898
4UQY-B-A	Positive	0.0825947	0.917405
4G0D-W-A	Negative	0.920736	0.0792645
4G0D-Y-A	Negative	0.956313	0.0436872
4G0D-X-B	Negative	0.992931	0.00706913
4NIQ-C-A	Positive	0.392226	0.607774
4NIQ-D-B	Positive	0.198476	0.801524
4C95-D-A	Negative	0.834712	0.165288
4S2T-A-P	Negative	0.79462	0.20538
4GQB-C-A	Positive	0.425218	0.574782
4IEA-P-A	Negative	0.973858	0.0261422
4AAZ-B-A	Positive	0.317788	0.682212
4UBF-P-A	Positive	0.287531	0.712469
4MLI-B-A	Positive	0.320503	0.679497
4XBU-B-A	Negative	0.901527	0.098473
4JLQ-B-A	Negative	0.60653	0.39347
4L3O-E-A	Negative	0.66957	0.33043
4L3O-G-C	Negative	0.66957	0.33043
4NNY-C-A	Negative	0.666706	0.333294
4CW1-C-A	Positive	0.336518	0.663482
4RTY-B-A	Positive	0.480629	0.519371
4GXL-B-A	Negative	0.990262	0.00973797
4FZD-C-A	Negative	0.63874	0.36126
4GNF-C-A	Positive	0.152193	0.847807
4QXU-K-L	Negative	0.65569	0.34431
4BD6-C-A	Negative	0.648716	0.351284
4WU7-C-A	Negative	0.571503	0.428497
4BJT-D-A	Negative	0.684726	0.315274
4HD8-F-A	Negative	0.636233	0.363767
4NR1-S-A	Negative	0.604424	0.395576
4G42-C-A	Positive	0.250061	0.749939
4QC1-D-A	Positive	0.203932	0.796068
4QC1-E-B	Positive	0.345648	0.654352
4P6X-B-A	Negative	0.775043	0.224957
4X3G-C-A	Positive	0.312395	0.687605
4X3G-D-B	Negative	0.867652	0.132348
4HZL-E-H	Negative	0.651969	0.348031
4M6B-C-A	Negative	0.534762	0.465238
4YJE-B-A	Positive	0.217157	0.782843
4RS9-B-A	Positive	0.328379	0.671621
4UI9-T-A	Negative	0.904303	0.0956973
4UI9-U-A	Negative	0.519625	0.480375
4UI9-W-A	Negative	0.855747	0.144253
4UI9-G-J	Negative	0.822067	0.177933
4O1V-B-A	Negative	0.860886	0.139114
4Z77-C-A	Positive	0.457545	0.542455
4Z77-F-D	Positive	0.457545	0.542455
4NE9-D-B	Positive	0.469191	0.530809
4NMX-Z-B	Positive	0.322208	0.677792
4OYK-C-A	Negative	0.90602	0.0939804
4OYK-D-B	Negative	0.928644	0.0713563
4AYB-Q-A	Positive	0.332427	0.667573
4AYB-P-B	Positive	0.142651	0.857349
4OO6-B-A	Negative	0.95974	0.0402602
4YYP-B-A	Negative	0.913729	0.0862705
4F88-J-2	Positive	0.438295	0.561705
4UJ4-C-A	Negative	0.81977	0.180231
4UJ4-F-D	Negative	0.585342	0.414658
4UJ4-L-J	Negative	0.63576	0.36424
4HYT-G-A	Negative	0.962555	0.0374453
4WPF-B-A	Positive	0.17141	0.82859
4J8O-B-A	Positive	0.0381101	0.96189
4ZUS-C-A	Negative	0.829188	0.170812
4NAW-D-A	Negative	0.965653	0.0343467
4NAW-H-E	Negative	0.882818	0.117182
4NU8-A-X	Positive	0.323683	0.676317
4ONG-P-H	Negative	0.937898	0.0621023
4H4F-Q-A	Negative	0.897938	0.102062
4FE1-K-A	Positive	0.110221	0.889779
4FE1-M-B	Positive	0.38979	0.61021
4FE1-X-B	Negative	0.823108	0.176892
4G9J-C-A	Positive	0.283535	0.716465
4ORE-A-X	Positive	0.323683	0.676317
4Y8H-c-H	Negative	0.842535	0.157465
4JO6-Y-A	Negative	0.82236	0.17764
4RIS-P-H	Positive	0.277882	0.722118
4JFE-C-A	Negative	0.953068	0.0469319
4YV8-B-A	Negative	0.750741	0.249259
4N3Y-A-B	Positive	0.296646	0.703354
4GGN-D-A	Negative	0.662319	0.337681
4XGC-F-C	Negative	0.827907	0.172093
4GVD-C-A	Positive	0.333001	0.666999
4W5A-C-A	Negative	0.781919	0.218081
4W5A-D-B	Positive	0.329684	0.670316
4EJF-E-A	Negative	0.619531	0.380469
4EJF-F-A	Negative	0.897868	0.102132
4PGC-C-A	Negative	0.670575	0.329425
4BTB-C-A	Negative	0.575474	0.424526
4OBD-E-A	Positive	0.156253	0.843747
4EZN-C-A	Negative	0.771988	0.228012
4EZN-D-A	Negative	0.654387	0.345613
4XAI-P-A	Negative	0.639527	0.360473
4XAI-Q-B	Negative	0.958142	0.0418582
4G5S-E-A	Positive	0.156356	0.843644
4G5S-G-A	Positive	0.0787753	0.921225
4G5S-Z-D	Positive	0.0572377	0.942762
4LFD-E-A	Negative	0.887407	0.112593
4V1U-C-A	Negative	0.967453	0.0325473
4HUW-I-A	Negative	0.590348	0.409653
4D0T-Z-B	Negative	0.987923	0.0120772
4D0T-P-C	Negative	0.96639	0.03361
4PL8-H-A	Negative	0.532373	0.467627
4DGB-B-A	Negative	0.937102	0.0628977
4I4W-C-A	Negative	0.900402	0.0995976
4IN9-B-A	Negative	0.660177	0.339823
4GWQ-H-B	Negative	0.525536	0.474464
4QQ4-C-A	Positive	0.0663614	0.933639
4QQ4-D-B	Positive	0.0663614	0.933639
4NMQ-C-A	Positive	0.353886	0.646114
4NR2-B-A	Positive	0.486772	0.513228
4NR2-D-C	Negative	0.761357	0.238643
4TJX-B-A	Negative	0.974093	0.0259074
4GAG-P-H	Positive	0.331136	0.668864
4GNT-B-A	Positive	0.27158	0.72842
4H36-B-A	Negative	0.757033	0.242967
4JJQ-B-A	Negative	0.949259	0.0507411
4EQ0-P-A	Positive	0.40667	0.59333
4EZH-C-A	Negative	0.835253	0.164747
4QFQ-B-A	Positive	0.417829	0.582171
4D2L-B-A	Positive	0.35747	0.64253
4LP9-I-A	Negative	0.689809	0.310191
4XYI-B-A	Negative	0.563661	0.436339
4NXR-B-A	Negative	0.531384	0.468616
4X8W-G-B	Negative	0.84741	0.15259
4X8W-F-C	Negative	0.820616	0.179384
4OKW-B-A	Negative	0.853863	0.146137
4GKN-C-A	Negative	0.61111	0.38889
4CC2-B-A	Negative	0.74282	0.25718
4CC2-D-A	Negative	0.744743	0.255257
4X3I-B-A	Positive	0.394854	0.605146
4I7B-B-A	Negative	0.869015	0.130985
4J82-C-A	Positive	0.41215	0.58785
4XC3-P-L	Negative	0.6349	0.3651
4NMV-C-A	Negative	0.623731	0.376269
4UZY-B-A	Positive	0.200963	0.799037
4OZI-J-A	Negative	0.796717	0.203283
4B1W-M-B	Negative	0.642589	0.357411
4BH7-P-A	Positive	0.12419	0.87581
4PSX-C-A	Positive	0.214578	0.785422
4PSX-F-D	Negative	0.506649	0.493351
4D11-Z-A	Negative	0.716138	0.283862
4LOO-B-A	Negative	0.745401	0.254599
4GYW-B-A	Negative	0.809075	0.190925
4B6H-C-A	Negative	0.742801	0.257199
4B6H-D-B	Negative	0.821487	0.178513
4DCB-F-A	Negative	0.642449	0.357551
4DZV-B-A	Negative	0.529047	0.470953
4I21-C-A	Positive	0.363308	0.636692
4JHJ-C-A	Positive	0.310179	0.689821
4EZQ-B-A	Negative	0.744739	0.255261
4JOE-C-A	Positive	0.439959	0.560041
4JQV-B-A	Negative	0.746626	0.253374
4OFB-B-A	Negative	0.671104	0.328896
4IIM-C-A	Negative	0.539929	0.460071
4IIM-D-A	Negative	0.539929	0.460071
4IIM-E-B	Positive	0.495594	0.504406
4K45-B-A	Positive	0.210111	0.789889
4YL6-B-A	Negative	0.978771	0.021229
4RKU-J-A	Negative	0.592805	0.407195
4YGM-D-B	Positive	0.460586	0.539414
4X3K-C-A	Negative	0.701521	0.298479
4J4Q-B-A	Negative	0.501052	0.498948
4NHC-P-L	Positive	0.35517	0.64483
4AY5-I-A	Negative	0.574829	0.425171
4PZ5-B-A	Negative	0.712338	0.287662
4FGX-B-A	Negative	0.928745	0.0712554
4M9X-C-A	Negative	0.679938	0.320062
4M9X-D-B	Positive	0.425074	0.574926
4X8P-B-A	Positive	0.323578	0.676422
4ER4-I-E	Positive	0.155665	0.844335
4XAJ-Q-C	Negative	0.898436	0.101564
4J8S-B-A	Positive	0.380897	0.619103
4GYO-D-A	Negative	0.77807	0.22193
4XZR-A-B	Negative	0.793509	0.206491
4F20-Q-A	Negative	0.816802	0.183198
4F7T-C-A	Negative	0.809358	0.190642
4JQI-V-A	Negative	0.640824	0.359176
4KBB-D-B	Negative	0.646988	0.353012
4BXF-C-A	Positive	0.270707	0.729293
4BXF-D-B	Positive	0.474278	0.525722
4RKJ-A-B	Negative	0.668457	0.331543
4R3S-Q-A	Positive	0.0746983	0.925302
4U6Y-P-A	Negative	0.746446	0.253554
4BPK-C-A	Negative	0.849081	0.150919
4BPK-D-B	Negative	0.849081	0.150919
4WNE-B-A	Positive	0.473267	0.526733
4WVJ-D-A	Negative	0.970248	0.0297519
4LSJ-B-A	Negative	0.790174	0.209826
4IIO-C-B	Negative	0.975674	0.0243263
4OBH-E-A	Negative	0.651304	0.348696
4OBH-F-C	Negative	0.651304	0.348696
4EEF-G-A	Positive	0.187522	0.812478
4EEF-H-C	Negative	0.663079	0.336921
4ZQW-A-B	Negative	0.836234	0.163766
4Q0A-D-C	Negative	0.856587	0.143413
4K3M-E-A	Negative	0.956539	0.0434608
4N7G-B-A	Negative	0.957852	0.0421478
4PK3-B-A	Negative	0.9491	0.0509003
4UU5-B-A	Negative	0.760886	0.239114
4XXD-C-A	Positive	0.0974197	0.90258
4XXD-F-D	Positive	0.251456	0.748544
4RHG-B-A	Negative	0.574306	0.425694
4CGQ-Q-A	Negative	0.615306	0.384694
4JAA-S-A	Positive	0.463536	0.536464
4DPG-I-A	Negative	0.753623	0.246377
4DPG-L-E	Negative	0.753623	0.246377
4B4N-B-A	Negative	0.771527	0.228473
4YCW-C-A	Negative	0.656942	0.343058
4OLM-B-A	Negative	0.981916	0.0180837
4OBJ-C-A	Negative	0.914888	0.0851125
4UWQ-I-G	Positive	0.186359	0.813641
4OFR-B-A	Negative	0.727279	0.272721
4CG6-D-A	Negative	0.725056	0.274944
4BWS-B-A	Negative	0.718811	0.281189
4K6Y-C-A	Positive	0.497981	0.502019
4K6Y-D-B	Negative	0.808738	0.191262
4L8D-E-A	Negative	0.920407	0.0795933
4O3U-P-A	Positive	0.332034	0.667966
4MNW-B-A	Positive	0.243144	0.756856
4MZ6-A-E	Negative	0.833492	0.166508
4MZ6-C-E	Negative	0.512345	0.487655
4NGH-P-L	Positive	0.264216	0.735784
4N3X-A-B	Negative	0.569696	0.430304
4N3X-C-B	Negative	0.545905	0.454096
4N39-B-A	Negative	0.916278	0.0837217
4A62-C-A	Negative	0.948804	0.0511962
4U2W-B-A	Negative	0.512052	0.487948
4X6Z-e-E	Negative	0.886633	0.113367
4G5Q-G-A	Negative	0.854585	0.145415
4G5Q-F-B	Negative	0.848963	0.151037
4WPH-D-A	Positive	0.195778	0.804222
4QYO-Q-A	Positive	0.370126	0.629874
4K75-B-A	Positive	0.395246	0.604754
4E43-C-A	Positive	0.164681	0.835319
4FVL-C-A	Negative	0.570756	0.429244
4FVL-D-B	Negative	0.919687	0.0803134
4S15-C-A	Negative	0.9331	0.0669003
4G7Q-C-A	Negative	0.723716	0.276284
4L8B-C-A	Negative	0.75234	0.24766
4DY7-A-B	Negative	0.771655	0.228345
4DY7-D-E	Negative	0.640647	0.359353
4C0B-C-A	Positive	0.149695	0.850305
4C0B-D-B	Negative	0.511459	0.488541
4YYH-Z-A	Negative	0.827284	0.172716
4BUZ-P-A	Negative	0.821082	0.178918
4XE5-G-A	Negative	0.974827	0.0251734
4MD4-C-A	Negative	0.680989	0.319011
4RH5-B-A	Negative	0.931279	0.0687215
4X34-C-A	Negative	0.719663	0.280337
4X34-D-B	Negative	0.823298	0.176702
4TN7-E-A	Positive	0.175958	0.824042
4LKM-B-A	Positive	0.0867222	0.913278
4FI9-B-A	Negative	0.782168	0.217832
4Y8G-c-H	Negative	0.878995	0.121005
4FGT-D-A	Negative	0.938643	0.0613567
4KT0-J-A	Negative	0.879142	0.120858
4KT0-M-B	Positive	0.375468	0.624532
4JO8-B-A	Negative	0.879405	0.120595
4R5I-B-A	Negative	0.899845	0.100155
4R3R-B-A	Negative	0.775291	0.224709
4FBW-C-A	Positive	0.203707	0.796293
4FBW-D-B	Negative	0.522405	0.477595
4XST-F-E	Negative	0.873919	0.126081
4Z7O-G-A	Negative	0.827998	0.172002
4UE1-F-A	Positive	0.289312	0.710688
4UE1-G-A	Positive	0.289312	0.710688
4BRU-B-A	Negative	0.649834	0.350166
4E3B-C-A	Positive	0.272622	0.727378
4E3B-D-B	Positive	0.296028	0.703972
4ZBJ-D-B	Positive	0.368084	0.631916
4C78-C-A	Negative	0.815235	0.184764
4NFT-F-C	Negative	0.777299	0.222701
4UED-B-A	Positive	0.127782	0.872218
4Y19-C-A	Positive	0.416804	0.583196
4UQ2-E-A	Positive	0.0538838	0.946116
4OIL-B-A	Positive	0.29586	0.70414
4NO3-C-A	Negative	0.888466	0.111534
4HVW-B-A	Negative	0.805808	0.194192
4Z2O-P-A	Negative	0.98857	0.0114303
4V4I-Z-R	Positive	0.274787	0.725213
4GFV-F-A	Negative	0.98177	0.0182305
4GFV-E-B	Negative	0.925928	0.0740723
4H25-C-A	Positive	0.202531	0.797469
4JO2-P-L	Positive	0.170265	0.829735
4LCD-C-A	Negative	0.779133	0.220867
4LCD-D-B	Negative	0.716164	0.283836
4WX8-F-C	Positive	0.32825	0.67175
4A1W-P-A	Positive	0.262226	0.737774
4A1W-Q-A	Negative	0.713667	0.286333
4OEZ-B-A	Positive	0.489333	0.510667
4HX1-C-A	Negative	0.846733	0.153267
4DOQ-B-A	Positive	0.0841553	0.915845
4DOQ-D-C	Positive	0.0841553	0.915845
4QJ7-F-A	Negative	0.938522	0.061478
4QJ7-G-A	Negative	0.939226	0.0607739
4WF9-Z-K	Negative	0.66301	0.33699
4TR9-E-A	Negative	0.627118	0.372882
4TR9-G-B	Negative	0.621583	0.378417
4TR9-K-D	Negative	0.528203	0.471797
4HNJ-C-A	Negative	0.924402	0.0755977
4CUG-E-A	Negative	0.612346	0.387654
4CUG-F-A	Positive	0.418106	0.581894
4H2S-C-A	Positive	0.407215	0.592785
4YH1-C-A	Negative	0.920434	0.0795655
4HTP-C-A	Positive	0.202105	0.797895
4HTP-E-B	Negative	0.922529	0.0774708
4O3T-P-A	Negative	0.587878	0.412122
4EZO-C-A	Negative	0.922521	0.0774793
4EZO-D-A	Negative	0.946047	0.0539535
4MJ6-C-A	Positive	0.378106	0.621894
4QJR-B-A	Negative	0.854285	0.145715
4LX3-B-A	Positive	0.417829	0.582171
4JBN-C-A	Negative	0.94218	0.0578201
4O2F-C-A	Negative	0.961557	0.038443
4GKS-C-A	Negative	0.760836	0.239164
4JO7-H-E	Negative	0.922449	0.0775509
4KG9-B-A	Positive	0.362256	0.637744
4TZO-B-A	Negative	0.792643	0.207357
4EZS-B-A	Negative	0.604284	0.395716
4JMF-A-B	Negative	0.629311	0.370689
4D07-B-A	Positive	0.188885	0.811115
4Y5I-F-A	Negative	0.942636	0.0573636
4KV4-B-A	Negative	0.725298	0.274702
4GOE-B-A	Positive	0.269547	0.730453
4YSI-B-A	Negative	0.905138	0.0948619
4AA2-P-A	Positive	0.23959	0.76041
4U6X-P-A	Negative	0.907223	0.0927768
4X1N-P-U	Positive	0.272897	0.727103
4G2V-B-A	Positive	0.0870845	0.912916
4ZGM-B-A	Negative	0.693709	0.306291
4PSI-D-A	Negative	0.935881	0.0641188
4ICG-B-C	Positive	0.395989	0.604011
4U39-J-A	Positive	0.100179	0.899821
4U39-K-B	Positive	0.447157	0.552843
4U39-M-B	Positive	0.105791	0.894209
4U39-L-C	Positive	0.179779	0.820221
4U39-P-C	Positive	0.153996	0.846004
4U39-N-E	Positive	0.473168	0.526832
4U39-O-F	Positive	0.335743	0.664257
4U39-Q-H	Negative	0.647255	0.352745
4U39-R-I	Positive	0.159063	0.840937
4HGC-I-A	Positive	0.259087	0.740913
4ZJ7-B-A	Negative	0.501858	0.498142
4UJ3-X-V	Positive	0.450715	0.549285
4X5K-B-A	Positive	0.186727	0.813273
4UI7-D-A	Positive	0.405895	0.594105
4W8P-B-A	Negative	0.959128	0.0408719
4NXQ-D-A	Negative	0.605734	0.394266
4NXQ-F-A	Positive	0.484443	0.515557
4CFH-C-A	Negative	0.643268	0.356732
4L0N-J-A	Negative	0.833213	0.166787
4PXF-B-A	Negative	0.751898	0.248102
4CFQ-Q-A	Negative	0.90403	0.0959702
4CFQ-R-C	Negative	0.745682	0.254318
4ODM-E-A	Negative	0.795373	0.204627
4ODM-F-A	Positive	0.392129	0.607871
4ODM-G-A	Negative	0.642555	0.357445
4ODM-M-A	Negative	0.865744	0.134256
4ODM-K-B	Negative	0.795371	0.204629
4ODM-I-C	Negative	0.680885	0.319115
4ODM-J-C	Negative	0.784964	0.215036
4ODM-L-C	Positive	0.343379	0.656621
4EZU-B-A	Negative	0.947091	0.0529091
4IGA-B-A	Negative	0.87718	0.12282
4OBF-E-A	Negative	0.914888	0.0851125
4OBF-F-B	Negative	0.744903	0.255097
4MD0-C-A	Negative	0.729715	0.270285
4J24-I-A	Positive	0.361479	0.638521
4J24-J-B	Negative	0.78391	0.21609
4J24-L-D	Negative	0.747847	0.252153
4YDV-P-L	Positive	0.328331	0.671669
4L3C-m-A	Negative	0.964267	0.0357332
4L3C-i-C	Negative	0.964267	0.0357332
4PKY-C-A	Negative	0.763655	0.236345
4PKY-F-B	Negative	0.808412	0.191588
4PKY-E-D	Negative	0.702427	0.297573
4ERQ-D-A	Negative	0.774954	0.225046
4QE8-C-A	Negative	0.830967	0.169033
4AXG-C-A	Negative	0.603337	0.396663
4AXG-D-B	Negative	0.88814	0.11186
4E9C-B-A	Positive	0.276735	0.723265
4W4Z-E-A	Positive	0.144578	0.855422
4W4Z-H-D	Positive	0.144578	0.855422
4ZEQ-B-A	Positive	0.181806	0.818194
4OMC-H-A	Negative	0.580972	0.419028
4RU2-B-A	Negative	0.876495	0.123505
4RU2-H-A	Negative	0.578286	0.421714
4RU2-F-E	Negative	0.509668	0.490332
4RU2-P-O	Negative	0.672213	0.327787
4TKN-D-A	Positive	0.465162	0.534838
4TKN-E-A	Negative	0.557887	0.442113
4XK8-J-A	Negative	0.53134	0.46866
4XK8-K-A	Positive	0.309876	0.690124
4XK8-j-a	Negative	0.53134	0.46866
4XK8-k-a	Positive	0.426416	0.573584
4CVX-C-A	Negative	0.819961	0.180039
4PGE-C-A	Positive	0.463133	0.536867
4HKC-B-A	Negative	0.688403	0.311597
4J8R-I-A	Positive	0.48737	0.51263
4J8R-J-C	Negative	0.889119	0.110881
4FIF-C-A	Negative	0.911448	0.0885521
4CQK-C-A	Positive	0.317788	0.682212
4RIQ-A-D	Positive	0.342324	0.657676
4RIQ-C-D	Negative	0.651703	0.348297
4RIQ-E-D	Negative	0.673075	0.326925
4RIQ-S-D	Positive	0.472648	0.527352
4RIQ-U-D	Negative	0.564132	0.435868
4RIQ-V-H	Negative	0.631555	0.368445
4RIQ-X-H	Negative	0.651703	0.348297
4BH6-N-E	Negative	0.781929	0.21807
4BH6-M-F	Negative	0.813025	0.186975
4BVG-B-A	Negative	0.66058	0.33942
4ZW2-B-A	Negative	0.517938	0.482061
4B9W-P-A	Negative	0.621948	0.378052
4HDQ-C-A	Negative	0.9252	0.0748003
4ZUU-C-A	Negative	0.555203	0.444797
4QUH-D-A	Negative	0.821899	0.178101
4QUM-B-A	Positive	0.0611485	0.938851
4P2R-C-A	Negative	0.779519	0.220481
4FLG-C-B	Negative	0.969213	0.0307871
4FLG-E-B	Negative	0.814985	0.185015
4FLG-F-B	Negative	0.838615	0.161385
4E06-I-H	Positive	0.393392	0.606608
4MCZ-C-A	Negative	0.561828	0.438172
4XMK-P-L	Positive	0.430473	0.569527
4PBY-C-A	Negative	0.924438	0.0755622
4PBY-D-B	Negative	0.9602	0.0397997
4WJ7-W-A	Positive	0.410155	0.589845
4WJ7-X-A	Positive	0.294994	0.705006
4WVD-C-A	Negative	0.943081	0.056919
4WVD-D-B	Negative	0.983541	0.016459
4H3P-B-A	Negative	0.963951	0.0360487
4H3P-E-D	Negative	0.959181	0.040819
4PV8-E-A	Negative	0.709982	0.290018
4UMN-C-A	Negative	0.514951	0.485049
4HIX-A-H	Negative	0.85579	0.14421
4UFD-I-H	Negative	0.656666	0.343334
4U3F-I-A	Positive	0.449673	0.550327
4U3F-V-N	Positive	0.449673	0.550327
4WZ9-M-A	Positive	0.264121	0.735879
4WZ9-N-B	Positive	0.300028	0.699972
4J45-B-A	Negative	0.932054	0.0679461
4MN8-C-A	Negative	0.710394	0.289606
4ODN-B-A	Positive	0.165354	0.834646
4HDA-F-A	Positive	0.364692	0.635308
4DFW-D-A	Positive	0.203951	0.796049
4U7Y-B-A	Negative	0.692833	0.307167
4LEB-B-A	Negative	0.936958	0.063042
4CDR-E-A	Negative	0.942515	0.0574853
4CDR-G-C	Negative	0.942515	0.0574853
4YV4-A-B	Negative	0.634136	0.365864
4YV4-F-C	Positive	0.446955	0.553045
4Z7W-J-A	Negative	0.870801	0.129199
4V0X-B-A	Positive	0.257779	0.742221
4YOO-X-A	Negative	0.891089	0.108911
4UF6-C-A	Negative	0.509456	0.490544
4UF6-I-A	Positive	0.307839	0.692161
4EZX-C-A	Positive	0.467317	0.532683
4EZX-D-B	Positive	0.467317	0.532683
4WFD-C-A	Negative	0.816595	0.183405
4WFD-F-D	Negative	0.942461	0.0575394
4J83-B-A	Positive	0.186381	0.813619
4WJ5-C-A	Negative	0.633229	0.366771
4U1H-C-A	Negative	0.930956	0.0690439
4A1U-B-A	Negative	0.614855	0.385145
4TSF-I-A	Negative	0.588496	0.411504
4TSF-H-E	Negative	0.583079	0.416921
4XXB-B-A	Positive	0.322506	0.677494
4I7D-B-A	Negative	0.712777	0.287223
4BQK-D-A	Negative	0.892519	0.107481
4BQK-C-B	Positive	0.373934	0.626066
4W4U-G-D	Negative	0.869048	0.130952
4HKD-A-B	Positive	0.439177	0.560823
4K39-C-A	Positive	0.259063	0.740937
4OAJ-B-A	Positive	0.395831	0.604169
4KV1-C-A	Positive	0.150988	0.849012
4BWB-C-A	Negative	0.619552	0.380448
4BWB-D-B	Negative	0.743058	0.256942
4A1G-E-A	Positive	0.478856	0.521144
4A1G-F-A	Negative	0.738632	0.261368
4A1G-H-A	Negative	0.709657	0.290343
4DJC-B-A	Negative	0.527048	0.472952
4BJ3-C-A	Positive	0.188948	0.811052
4G6F-P-H	Negative	0.787535	0.212465
4G6F-F-B	Negative	0.69431	0.30569
4NY3-C-A	Negative	0.889095	0.110905
4J73-B-A	Negative	0.961484	0.0385155
4CFR-Q-A	Negative	0.761007	0.238993
4BJS-D-A	Negative	0.507547	0.492453
4JWE-C-A	Negative	0.813391	0.186609
4JWE-D-A	Negative	0.88208	0.11792
4WU5-C-A	Negative	0.875764	0.124236
4O36-A-B	Negative	0.831185	0.168815
4AID-F-A	Positive	0.36171	0.63829
4AID-H-C	Positive	0.46712	0.53288
4DX9-D-A	Negative	0.727376	0.272624
4DX9-B-A	Negative	0.959208	0.0407919
4DX9-9-0	Negative	0.985349	0.014651
4DX9-l-k	Positive	0.0923774	0.907623
4DX9-x-1	Negative	0.943391	0.0566088
4DX9-q-1	Positive	0.221898	0.778102
4DX9-r-2	Negative	0.882934	0.117066
4DX9-8-3	Negative	0.931318	0.0686818
4DX9-p-o	Positive	0.369608	0.630392
4DX9-t-s	Negative	0.947158	0.0528418
4DX9-v-u	Negative	0.656356	0.343644
4DX9-j-g	Negative	0.848195	0.151805
4DX9-w-i	Positive	0.30457	0.69543
4DX9-X-Q	Negative	0.706301	0.293699
4DX9-z-y	Positive	0.339533	0.660467
4Z7Q-G-A	Negative	0.827998	0.172002
4OU3-B-A	Positive	0.127766	0.872234
4L1U-H-A	Positive	0.448821	0.551179
4L1U-G-B	Negative	0.956807	0.0431927
4L1U-I-E	Negative	0.952377	0.0476225
4L1U-J-F	Negative	0.931792	0.0682076
4PPP-C-A	Positive	0.2755	0.7245
4CAA-B-A	Positive	0.276503	0.723497
4H2U-C-A	Positive	0.415372	0.584628
4C7N-A-B	Negative	0.763678	0.236322
4GGD-C-A	Negative	0.790609	0.209391
4GGD-D-A	Negative	0.887444	0.112556
4ZUW-C-A	Negative	0.899466	0.100535
4QA7-B-A	Positive	0.30263	0.69737
4J47-B-A	Negative	0.899234	0.100766
4K3P-E-A	Negative	0.914356	0.0856437
4XIF-E-A	Positive	0.0766411	0.923359
4XIF-H-D	Positive	0.0766411	0.923359
4GQ6-B-A	Positive	0.16293	0.83707
4X2H-C-A	Negative	0.781879	0.218121
4WJQ-B-A	Negative	0.859444	0.140556
4R32-C-A	Negative	0.98709	0.0129097
4TWT-E-A	Negative	0.805169	0.194831
4TWT-F-C	Negative	0.805169	0.194831
4J09-B-A	Negative	0.816244	0.183756
4TRZ-D-A	Negative	0.774713	0.225287
4C5Q-C-A	Positive	0.34295	0.65705
4C5Q-G-E	Positive	0.353394	0.646606
4QX8-F-C	Positive	0.427626	0.572374
4ZTD-E-A	Negative	0.725812	0.274188
4ZTD-F-C	Negative	0.794959	0.205041
4Y1A-C-A	Positive	0.222263	0.777737
4BRW-B-A	Positive	0.404528	0.595472
4I5B-C-A	Positive	0.414297	0.585703
4I5B-F-D	Positive	0.225002	0.774998
4EQJ-G-A	Negative	0.710965	0.289035
4EWR-C-A	Negative	0.977653	0.0223474
4F1Z-Q-A	Negative	0.891698	0.108302
4IMJ-F-D	Positive	0.307345	0.692655
4OKT-B-A	Negative	0.668314	0.331686
4DAT-B-A	Positive	0.229652	0.770348
4QC3-C-A	Negative	0.897238	0.102761
4RAL-D-A	Positive	0.0291682	0.970832
4RAL-E-B	Positive	0.124413	0.875587
4XPN-B-A	Negative	0.820561	0.179439
4XPN-D-C	Negative	0.882955	0.117045
4ABJ-B-A	Negative	0.524429	0.475571
4HPY-P-H	Positive	0.448001	0.551999
4FAS-D-A	Negative	0.776308	0.223692
4TXR-B-A	Negative	0.968874	0.0311263
4TXR-C-A	Negative	0.975501	0.0244993
4B7E-B-A	Positive	0.145963	0.854037
4DXR-B-A	Positive	0.484499	0.515501
4B8O-B-A	Negative	0.832409	0.167591
4MIT-E-A	Positive	0.425362	0.574638
4MIT-F-A	Positive	0.197347	0.802653
4MIT-H-A	Positive	0.296757	0.703243
4MIT-G-B	Positive	0.318951	0.681049
4FVD-C-A	Negative	0.841163	0.158837
4CZS-E-A	Negative	0.869695	0.130305
4EZP-C-A	Negative	0.857461	0.142539
4EZP-D-A	Negative	0.896118	0.103882
4D0D-C-A	Positive	0.0805759	0.919424
4JQX-B-A	Negative	0.522508	0.477492
4F76-C-A	Negative	0.739729	0.260271
4F76-D-A	Negative	0.820978	0.179022
4WSF-B-A	Positive	0.157109	0.842891
4P2Q-C-A	Negative	0.706906	0.293094
4P2Q-M-K	Negative	0.881423	0.118577
4JHK-C-A	Negative	0.684972	0.315028
4EQY-X-G	Negative	0.83379	0.16621
4YIG-B-A	Negative	0.568527	0.431474
4HR6-A-B	Negative	0.7231	0.2769
4ICZ-F-A	Negative	0.959188	0.0408121
4RXH-C-B	Negative	0.828941	0.171059
4CH2-A-B	Positive	0.272877	0.727123
4CH2-P-B	Negative	0.995644	0.00435583
4CH2-Q-D	Negative	0.945198	0.0548025
4Y7R-B-A	Negative	0.970811	0.0291891
4DAU-B-A	Positive	0.49073	0.50927
4P5H-1-A	Negative	0.861958	0.138042
4JXT-B-A	Positive	0.327763	0.672237
4FMO-C-A	Negative	0.611334	0.388666
4YIA-B-A	Positive	0.215166	0.784834
4L6V-M-B	Positive	0.154224	0.845776
4ZOX-B-A	Positive	0.0974036	0.902596
4YL8-B-A	Positive	0.448377	0.551623
4Y8I-c-H	Negative	0.882301	0.117699
4JYH-G-A	Negative	0.760005	0.239995
4XI9-E-A	Negative	0.773643	0.226357
4S0G-B-A	Negative	0.565663	0.434337
4FGA-P-A	Negative	0.624426	0.375573
4AUO-C-A	Negative	0.876821	0.123179
4AUO-D-A	Negative	0.659385	0.340615
4AUO-E-A	Negative	0.851597	0.148403
4D0B-C-A	Negative	0.928946	0.0710542
4MOY-B-A	Positive	0.360702	0.639298
4X8K-B-A	Negative	0.744017	0.255983
4J2C-B-A	Negative	0.518435	0.481565
4D49-C-A	Negative	0.809876	0.190124
4D49-D-A	Negative	0.809876	0.190124
4UX9-F-A	Negative	0.957806	0.0421942
4UX9-G-B	Negative	0.98215	0.0178503
4UX9-H-C	Negative	0.902166	0.0978345
4UX9-I-D	Negative	0.8315	0.1685
4BEA-B-A	Negative	0.903699	0.0963005
4GLR-A-H	Positive	0.336066	0.663934
4GVU-B-A	Negative	0.903461	0.0965386
4WVH-C-A	Positive	0.0645337	0.935466
4ASU-I-G	Negative	0.609702	0.390298
4GBA-F-A	Negative	0.534736	0.465264
4P1W-G-C	Negative	0.716377	0.283623
4UF1-B-A	Positive	0.46272	0.53728
4BL0-B-A	Negative	0.595427	0.404573
4BL0-C-A	Negative	0.577526	0.422474
4BL0-E-A	Negative	0.54778	0.45222
4BL0-F-D	Positive	0.323689	0.676311
4NND-F-A	Positive	0.431401	0.568599
4NND-E-D	Positive	0.454556	0.545444
4DC2-Z-A	Positive	0.0276113	0.972389
4H0H-D-B	Negative	0.637395	0.362605
4XKL-B-A	Positive	0.164592	0.835408
4XKL-D-A	Positive	0.297345	0.702655
4Z78-C-A	Positive	0.0887067	0.911293
4JFD-C-A	Negative	0.884109	0.115891
4WV6-B-A	Positive	0.356794	0.643206
4WV6-C-A	Positive	0.209394	0.790606
4O37-A-B	Negative	0.719151	0.280849
4JIF-B-A	Positive	0.326973	0.673027
4EQF-B-A	Negative	0.780587	0.219413
4Z09-C-A	Positive	0.226623	0.773377
4HT6-B-A	Positive	0.455342	0.544658
4JDI-B-A	Positive	0.131841	0.868159
4DNC-D-A	Negative	0.561765	0.438235
4DNC-E-A	Negative	0.734981	0.265019
4A1T-D-B	Positive	0.237148	0.762852
4WYB-B-A	Negative	0.697745	0.302255
4WYB-D-A	Negative	0.889328	0.110672
4WYB-J-A	Negative	0.548379	0.451621
4WYB-P-A	Negative	0.95245	0.0475502
4GXB-B-A	Positive	0.0820292	0.917971
4F14-B-A	Negative	0.945871	0.0541295
4G43-C-A	Positive	0.394638	0.605362
4Z80-C-A	Positive	0.469572	0.530428
4Z80-D-B	Positive	0.294195	0.705805
4C2F-C-A	Negative	0.879811	0.120189
4AUI-D-A	Negative	0.762284	0.237716
4PV9-E-A	Negative	0.535848	0.464152
4WJP-B-A	Negative	0.921112	0.0788881
4GHU-B-A	Negative	0.747489	0.252511
4BU1-C-A	Positive	0.396611	0.603389
4BU1-D-A	Positive	0.396611	0.603389
4Z9V-C-A	Negative	0.821104	0.178896
4Z9V-E-A	Negative	0.825026	0.174974
4Z9V-F-A	Negative	0.526146	0.473854
4Z9V-H-A	Negative	0.825026	0.174974
4Z9V-D-B	Positive	0.387928	0.612072
4UY8-7-E	Positive	0.486115	0.513885
4MYZ-A-B	Negative	0.908067	0.0919331
4RJF-B-A	Negative	0.901035	0.098965
4RJF-F-A	Negative	0.711159	0.288841
4MNQ-C-A	Negative	0.832989	0.167011
4QYD-B-A	Negative	0.774188	0.225812
4FII-B-A	Negative	0.819144	0.180856
4RV0-H-A	Negative	0.813526	0.186474
4LZX-B-A	Negative	0.696938	0.303062
4IKN-B-A	Negative	0.516546	0.483454
4IFI-B-A	Positive	0.38654	0.61346
4IMI-F-D	Negative	0.656135	0.343865
4ZQ0-E-A	Negative	0.93861	0.0613898
4G5O-H-D	Negative	0.933043	0.0669566
4ZU6-B-X	Positive	0.39326	0.60674
4ZJX-B-A	Positive	0.0179904	0.98201
4CH9-C-A	Negative	0.599865	0.400135
4BU0-B-A	Negative	0.879063	0.120937
4BU0-C-A	Positive	0.0860863	0.913914
4TQ0-B-A	Negative	0.654126	0.345874
4TQ0-D-C	Negative	0.594493	0.405507
4PKC-C-A	Negative	0.570319	0.429681
4AOR-D-A	Negative	0.709173	0.290827
4YYG-B-A	Negative	0.624536	0.375464
4CAY-C-A	Negative	0.894096	0.105904
4Y49-E-B	Positive	0.374698	0.625302
4C31-A-B	Negative	0.545954	0.454046
4C31-C-B	Negative	0.801136	0.198864
4C31-F-B	Negative	0.515377	0.484623
4C31-X-B	Negative	0.915907	0.0840927
4C31-Y-E	Negative	0.577917	0.422083
4UE9-B-A	Positive	0.291169	0.708831
4OKX-B-A	Negative	0.685706	0.314294
4CHG-G-A	Positive	0.495775	0.504225
4CHG-J-A	Negative	0.548687	0.451313
4FZ3-B-A	Negative	0.636233	0.363767
4OGA-B-E	Positive	0.108167	0.891833
4OGA-F-E	Negative	0.574725	0.425275
4O2C-C-A	Negative	0.954051	0.0459494
4EZY-B-A	Negative	0.886721	0.113279
4B3B-C-A	Positive	0.476363	0.523637
4QUE-E-A	Negative	0.620087	0.379913
4I2Z-B-A	Negative	0.731269	0.268731
4TUJ-E-A	Negative	0.544208	0.455792
4TUJ-F-C	Negative	0.57927	0.42073
4Z0R-D-B	Positive	0.204836	0.795164
4TZN-C-A	Negative	0.981329	0.018671
4DT7-E-B	Negative	0.977881	0.0221192
4DT7-F-D	Negative	0.993108	0.00689212
4Q5J-E-A	Negative	0.938667	0.0613326
4EST-I-E	Negative	0.878995	0.121005
4FL5-P-A	Negative	0.931944	0.0680565
4FL5-Q-B	Negative	0.981026	0.0189736
4QVF-B-A	Negative	0.543084	0.456916
4RE1-D-A	Positive	0.418947	0.581053
4RE1-C-B	Positive	0.496535	0.503465
4BOH-M-H	Negative	0.792499	0.207501
4NUF-P-A	Positive	0.47785	0.52215
4PO7-N-A	Negative	0.911983	0.0880169
4Z10-G-A	Negative	0.801607	0.198393
4Z10-I-A	Negative	0.878766	0.121234
4Z10-H-B	Negative	0.600488	0.399512
4OHA-B-A	Positive	0.485119	0.514881
4X2V-E-A	Positive	0.308347	0.691653
4X1V-B-A	Positive	0.217989	0.782011
4UQ3-E-A	Negative	0.974991	0.0250086
4O2E-C-A	Negative	0.954051	0.0459494
4G1C-D-A	Negative	0.936003	0.0639965
4AU3-E-A	Positive	0.48125	0.51875
4AU3-F-A	Negative	0.64517	0.35483
4AU3-G-A	Positive	0.339646	0.660354
4AU3-H-C	Negative	0.710197	0.289803
4AU3-I-C	Positive	0.382764	0.617236
4MN3-B-A	Positive	0.229495	0.770505
4DNN-A-B	Negative	0.630171	0.369829
4WPB-C-A	Positive	0.416774	0.583226
4YJ4-B-A	Positive	0.436745	0.563255
4B0F-C-A	Negative	0.682664	0.317336
4NM7-C-A	Negative	0.881907	0.118093
4XEK-C-A	Negative	0.991588	0.00841194
4AWB-I-A	Negative	0.683651	0.316349
4XGR-B-A	Positive	0.438152	0.561848
4XGR-D-A	Negative	0.743949	0.256051
4XGR-H-G	Positive	0.288327	0.711673
4XGR-F-G	Negative	0.67148	0.32852
4QWN-F-C	Negative	0.935971	0.0640285
4WJW-P-B	Negative	0.870334	0.129666
4J26-I-A	Positive	0.256986	0.743014
4J26-J-B	Negative	0.540275	0.459725
4KTU-B-A	Negative	0.624782	0.375218
4CO6-D-A	Negative	0.603687	0.396313
4CO6-E-A	Positive	0.472725	0.527275
4CO6-F-B	Negative	0.511476	0.488524
4NJC-C-A	Negative	0.505852	0.494148
4NJC-F-A	Positive	0.40239	0.59761
4NJC-G-A	Negative	0.51554	0.48446
4OV5-C-A	Negative	0.671727	0.328273
4OV5-I-G	Negative	0.906835	0.0931654
4LKF-C-A	Negative	0.594961	0.405039
4GNG-B-A	Negative	0.660421	0.339579
4IKA-D-A	Negative	0.830052	0.169948
4DAY-C-A	Negative	0.682623	0.317377
4QMF-C-D	Negative	0.867137	0.132863
4CY5-C-A	Negative	0.917465	0.0825346
4CY5-D-A	Negative	0.715005	0.284995
4Z0D-C-A	Negative	0.634541	0.365459
4L5N-D-A	Positive	0.348948	0.651052
4L5N-E-B	Positive	0.282991	0.717009
4HY9-C-A	Positive	0.45251	0.54749
4HY9-D-A	Positive	0.45251	0.54749
4BG6-Q-A	Positive	0.0385653	0.961435
4ROJ-D-A	Positive	0.420662	0.579338
4ROJ-E-B	Positive	0.420662	0.579338
4ROJ-F-C	Negative	0.909897	0.0901034
4J2L-C-A	Positive	0.305671	0.694329
4PYW-B-A	Negative	0.968934	0.031066
4LK9-B-A	Negative	0.653253	0.346747
4J77-C-A	Negative	0.592132	0.407868
4J77-D-B	Positive	0.169998	0.830002
4MZF-A-B	Positive	0.0989792	0.901021
4AA1-P-A	Positive	0.190029	0.809971
4WK4-C-A	Negative	0.642091	0.357909
4O46-G-A	Negative	0.550381	0.449619
4MBE-B-A	Negative	0.629728	0.370272
4MBE-G-A	Negative	0.618959	0.381041
4MBE-X-C	Positive	0.0874922	0.912508
4MBE-Y-E	Negative	0.82819	0.17181
4C5H-B-A	Positive	0.405812	0.594188
4QRT-C-A	Negative	0.653894	0.346106
4R3L-B-A	Positive	0.395559	0.604441
4RKO-A-B	Positive	0.469556	0.530444
4KEL-B-A	Positive	0.397464	0.602536
4RKH-C-E	Positive	0.111328	0.888672
4RKH-F-E	Positive	0.128729	0.871271
4AY6-E-A	Positive	0.385122	0.614878
4X2O-C-A	Negative	0.789869	0.210131
4LKX-R-A	Positive	0.12962	0.87038
4A1V-C-A	Positive	0.321535	0.678465
4A1V-D-B	Positive	0.298828	0.701172
4BH8-P-A	Negative	0.896689	0.103311
4R7A-A-B	Negative	0.816808	0.183192
4NO5-C-A	Positive	0.487382	0.512618
4J7B-C-B	Positive	0.295084	0.704916
4B1X-M-B	Negative	0.777882	0.222118
4QUF-U-F	Positive	0.491211	0.508789
4GW5-E-A	Negative	0.557314	0.442686
4JWD-D-A	Negative	0.721833	0.278167
4QJ6-F-B	Negative	0.823193	0.176807
4UQT-B-A	Positive	0.411142	0.588858
4ZUV-C-A	Negative	0.868886	0.131114
4Q1L-D-A	Negative	0.898234	0.101766
4L9P-C-A	Negative	0.700588	0.299412
4IG9-B-A	Positive	0.202781	0.797219
4IG9-D-A	Negative	0.869017	0.130983
4IG9-F-C	Negative	0.889576	0.110424
4IG9-H-G	Positive	0.23139	0.76861
4FXE-C-A	Negative	0.885013	0.114988
4K3R-E-A	Negative	0.913621	0.0863786
4QLI-B-A	Positive	0.261348	0.738652
4M92-B-A	Positive	0.339463	0.660537
4C3P-B-A	Negative	0.7309	0.2691
4C3P-E-A	Positive	0.0784205	0.921579
4WCE-Z-K	Positive	0.182998	0.817002
4FMQ-B-A	Positive	0.357047	0.642953
4ERY-D-A	Positive	0.0894948	0.910505
4OD7-D-A	Positive	0.18546	0.81454
4RAV-E-B	Positive	0.373084	0.626916
4Z7U-J-A	Negative	0.585748	0.414252
4X0N-B-A	Negative	0.614522	0.385478
4P1N-C-A	Negative	0.61885	0.38115
4Z7I-C-A	Negative	0.692547	0.307453
4Z7I-D-B	Negative	0.665509	0.334491
4LNR-C-A	Negative	0.944437	0.0555633
4WXA-F-C	Positive	0.175925	0.824075
4U90-D-A	Negative	0.804343	0.195657
4WYM-N-A	Positive	0.0727576	0.927242
4WYM-S-G	Positive	0.294574	0.705426
4CY1-D-A	Positive	0.184921	0.815079
4CY1-C-B	Positive	0.184921	0.815079
4XCF-P-L	Positive	0.318635	0.681365
4P3D-M-H	Negative	0.961295	0.038705
4AOM-T-A	Negative	0.522865	0.477135
4RXZ-D-A	Negative	0.580476	0.419524
4PYU-C-A	Negative	0.781498	0.218502
4AZA-B-A	Negative	0.705724	0.294275
4QXT-Q-A	Positive	0.112173	0.887827
4WJV-K-A	Negative	0.879517	0.120483
4WJV-L-B	Negative	0.964324	0.0356759
4OWF-G-A	Negative	0.523869	0.476131
4E0R-C-A	Positive	0.466159	0.533841
4AOQ-D-A	Negative	0.785815	0.214185
4AOQ-E-A	Negative	0.660906	0.339094
4C2W-D-A	Positive	0.20913	0.79087
4QH7-C-A	Positive	0.389697	0.610303
4QH7-D-A	Positive	0.410151	0.589849
4QH7-G-E	Negative	0.519424	0.480576
4QH7-H-E	Negative	0.789882	0.210118
4KA3-B-A	Negative	0.881953	0.118047
4GUT-B-A	Negative	0.828978	0.171022
4YJL-G-A	Negative	0.864269	0.135731
4H6S-A-B	Positive	0.474061	0.525939
4FVT-B-A	Negative	0.77433	0.22567
4DXS-B-A	Positive	0.487653	0.512347
4J44-B-A	Negative	0.945741	0.0542586
4CU4-B-A	Positive	0.425822	0.574178
4ISQ-E-A	Negative	0.873675	0.126325
4AU7-C-A	Negative	0.960528	0.039472
4HPT-I-E	Negative	0.509721	0.490279
4HPO-P-H	Negative	0.791664	0.208336
4V9F-2-S	Negative	0.54047	0.45953
4M9Z-E-A	Positive	0.242288	0.757712
4M9Z-F-B	Positive	0.491741	0.508259
4M9Z-H-D	Positive	0.356636	0.643364
4NL8-D-B	Negative	0.86669	0.13331
4PVZ-C-A	Positive	0.352714	0.647286
4PVZ-D-A	Negative	0.626271	0.373729
4QAE-P-A	Positive	0.299301	0.700699
4QAE-R-A	Positive	0.439434	0.560566
4QAE-T-A	Positive	0.2418	0.7582
4QAE-S-C	Positive	0.439434	0.560566
4ZRT-B-A	Negative	0.965334	0.0346658
4TUL-I-H	Negative	0.760621	0.239379
4A9Z-A-C	Positive	0.43556	0.56444
4A9Z-B-C	Negative	0.524906	0.475094
4A9Z-D-C	Negative	0.505145	0.494855
4RH9-B-A	Negative	0.658733	0.341267
4J86-C-A	Negative	0.660723	0.339277
4WCI-B-A	Negative	0.637958	0.362042
4WCI-D-C	Negative	0.714836	0.285164
4WCI-F-E	Negative	0.581477	0.418523
4DS7-E-A	Negative	0.555015	0.444985
4DS7-F-A	Positive	0.2431	0.7569
4DS7-G-C	Positive	0.101947	0.898053
4DS7-H-C	Positive	0.212914	0.787086
4Z2V-P-A	Negative	0.923843	0.0761567
4PG2-D-A	Positive	0.460817	0.539183
4H26-C-A	Positive	0.382674	0.617326
4FSJ-E-B	Negative	0.617425	0.382575
4KP3-E-A	Negative	0.734259	0.265741
4BLB-E-A	Positive	0.41118	0.58882
4BLB-G-C	Positive	0.249639	0.750361
4UTN-D-A	Negative	0.569593	0.430407
4TK2-C-A	Negative	0.79781	0.20219
4TK2-D-A	Negative	0.735227	0.264773
4Z97-C-A	Positive	0.117343	0.882657
4UPU-B-A	Negative	0.596901	0.403099
4XOJ-B-A	Positive	0.279028	0.720972
4UEH-I-H	Negative	0.759563	0.240437
4LG6-B-A	Negative	0.908058	0.0919425
4CXF-B-A	Positive	0.168329	0.831671
4MVL-E-A	Positive	0.0261064	0.973894
4MVL-G-C	Positive	0.0311944	0.968806
4WVT-C-A	Negative	0.747846	0.252154
4CC3-B-A	Negative	0.944578	0.0554218
4HON-F-A	Positive	0.132092	0.867908
4HON-G-B	Negative	0.575054	0.424946
4DEY-B-A	Positive	0.276809	0.723191
4YYM-Z-A	Negative	0.846695	0.153305
4C5I-C-A	Positive	0.234804	0.765196
4DZU-B-A	Negative	0.584728	0.415272
4K8Y-B-A	Positive	0.359703	0.640297
4TVQ-E-C	Positive	0.479229	0.520771
4ONI-C-A	Negative	0.688278	0.311722
4YK9-B-A	Negative	0.660781	0.339219
4IRV-E-A	Positive	0.408897	0.591103
4J79-B-A	Negative	0.851524	0.148476
4U0G-c-A	Negative	0.990476	0.00952425
4U0G-p-O	Negative	0.990476	0.00952425
4X1H-C-A	Positive	0.358964	0.641036
4OBK-C-A	Negative	0.789345	0.210655
4OBG-F-B	Negative	0.842911	0.157089
4LKD-I-A	Positive	0.230099	0.769901
4LKD-M-E	Positive	0.340969	0.659031
4X1Q-P-U	Positive	0.429624	0.570376
4HW4-C-A	Negative	0.511178	0.488822
4TQ1-B-A	Negative	0.672335	0.327665
4M1C-G-A	Negative	0.941257	0.0587431
4M1C-H-B	Negative	0.670317	0.329683
4HPU-I-E	Negative	0.509721	0.490279
4QLB-E-A	Negative	0.945178	0.0548219
4QLB-G-C	Negative	0.945178	0.0548219
4QLB-H-D	Negative	0.855805	0.144195
4QLB-F-B	Negative	0.973749	0.0262508
4UN2-B-A	Positive	0.431724	0.568276
4P0B-B-A	Negative	0.691098	0.308902
4LFB-U-M	Negative	0.628304	0.371696
4JDJ-B-A	Negative	0.904012	0.0959883
4QBY-1-H	Negative	0.683651	0.316349
4BXU-B-A	Negative	0.938334	0.0616663
4K3Q-E-A	Negative	0.90283	0.09717
4A8X-B-A	Negative	0.554392	0.445608
4P3W-G-A	Negative	0.702008	0.297992
4P3W-L-E	Negative	0.94225	0.0577503
4P3W-J-F	Negative	0.924113	0.0758872
4P3W-I-D	Negative	0.913628	0.0863716
4JMY-E-A	Positive	0.140921	0.859079
4EZV-C-A	Negative	0.912953	0.0870474
4EZV-D-A	Negative	0.761539	0.238461
4K1E-B-A	Positive	0.309184	0.690816
4TK1-C-A	Negative	0.606657	0.393343
4JMR-G-A	Positive	0.258907	0.741093
4JMR-F-B	Positive	0.0957398	0.90426
4JMR-H-C	Positive	0.494216	0.505784
4JMR-E-D	Positive	0.0601627	0.939837
4TRQ-C-B	Negative	0.720824	0.279176
4P2O-P-A	Negative	0.610205	0.389795
4YYN-Z-A	Positive	0.265702	0.734298
5YT0-B-A	Negative	0.969335	0.0306648
5K58-N-E	Negative	0.801456	0.198544
5LZT-l-X	Negative	0.53713	0.46287
5JJ0-F-A	Negative	0.696	0.304
5JJ0-G-B	Positive	0.410145	0.589855
5EKF-B-A	Positive	0.183502	0.816498
5EKF-C-A	Negative	0.804906	0.195094
5ZFU-I-A	Negative	0.606576	0.393424
5Z12-J-A	Negative	0.569165	0.430835
5HHN-C-A	Negative	0.735667	0.264333
5DJY-C-A	Negative	0.802601	0.197399
5IYA-L-B	Positive	0.463846	0.536154
5AXI-E-B	Negative	0.850555	0.149445
5GAF-f-G	Positive	0.27456	0.72544
5GAF-k-V	Negative	0.938475	0.0615249
5LVF-B-A	Positive	0.364302	0.635698
5DF6-B-A	Negative	0.698211	0.301789
5DF6-C-A	Negative	0.624947	0.375053
5WHA-B-A	Negative	0.695592	0.304408
5WHA-C-A	Negative	0.781997	0.218003
5WHA-E-D	Negative	0.951628	0.0483723
5WHA-I-G	Negative	0.695592	0.304408
5EYK-D-A	Positive	0.230949	0.769051
5EYK-C-B	Negative	0.542621	0.457379
5HCD-D-B	Positive	0.0461465	0.953854
5W7J-B-A	Negative	0.801524	0.198476
5GIJ-D-B	Negative	0.937023	0.0629774
5K0U-D-A	Negative	0.758526	0.241474
5WRJ-F-A	Negative	0.895143	0.104857
5FIY-F-A	Negative	0.664273	0.335727
5FIY-G-E	Negative	0.664273	0.335727
5W41-B-A	Positive	0.331871	0.668129
5WQD-H-A	Negative	0.582659	0.417341
5WQD-I-B	Positive	0.423244	0.576756
5WQD-J-C	Negative	0.985879	0.0141214
5WQD-M-F	Negative	0.737231	0.262769
5WQD-N-G	Negative	0.811585	0.188415
5GIS-C-H	Negative	0.702043	0.297957
5ADR-B-A	Positive	0.339295	0.660705
5TBN-C-A	Positive	0.351048	0.648952
5OID-B-A	Negative	0.87779	0.12221
5DX3-C-A	Positive	0.467147	0.532853
5X4Z-L-B	Positive	0.316976	0.683024
5F3Y-B-A	Positive	0.497557	0.502443
5UWP-D-C	Negative	0.790108	0.209892
5IC4-I-A	Negative	0.854458	0.145542
5EX0-D-A	Positive	0.48874	0.51126
5C6H-B-A	Negative	0.913319	0.0866813
5C6H-F-A	Negative	0.927419	0.0725808
5C6H-J-A	Negative	0.807638	0.192362
5C6H-V-M	Negative	0.574437	0.425563
5BRZ-C-A	Negative	0.715691	0.284309
5EO0-C-A	Negative	0.915399	0.0846006
5C44-L-B	Positive	0.259795	0.740205
5VYO-E-A	Negative	0.675368	0.324632
5VFS-e-V	Negative	0.777287	0.222713
5LN3-Y-R	Negative	0.878725	0.121275
5F5U-B-A	Positive	0.386935	0.613065
5F5U-C-A	Negative	0.774851	0.225149
5F5U-F-A	Negative	0.626972	0.373028
5F5U-E-D	Positive	0.392263	0.607737
5F5U-H-D	Negative	0.64683	0.35317
5F5U-I-G	Negative	0.60619	0.39381
5C7F-E-A	Negative	0.959284	0.0407163
5C7F-F-B	Negative	0.822195	0.177805
5C7F-G-C	Negative	0.945028	0.0549721
5U4I-w-c	Negative	0.557933	0.442067
5KIY-B-A	Negative	0.809661	0.190339
5WNA-B-H	Positive	0.213976	0.786024
5VLP-Z-A	Negative	0.727609	0.272391
5B6G-B-A	Negative	0.926081	0.073919
5JTH-B-A	Negative	0.692132	0.307868
5DHA-D-C	Negative	0.516565	0.483435
5CVA-E-A	Negative	0.654967	0.345033
5F67-C-A	Positive	0.356034	0.643966
5ND0-C-A	Negative	0.904467	0.0955327
5TWA-D-A	Positive	0.247317	0.752683
5ZYS-B-A	Negative	0.728594	0.271406
5IB1-C-A	Negative	0.911385	0.0886148
5ADQ-B-A	Positive	0.339295	0.660705
5NJC-E-A	Negative	0.627827	0.372173
5CFA-C-A	Positive	0.31258	0.68742
5C3I-P-N	Negative	0.828776	0.171224
5OUS-B-A	Positive	0.180706	0.819294
5XKN-E-A	Positive	0.255881	0.744119
5W7X-H-D	Positive	0.360693	0.639307
5W7X-G-D	Negative	0.744461	0.255539
5C6V-E-A	Negative	0.981521	0.0184794
5AEI-D-A	Negative	0.553824	0.446176
5XHZ-C-A	Negative	0.510353	0.489647
5XHZ-D-A	Negative	0.510353	0.489647
5NFU-C-A	Positive	0.362763	0.637237
5JWE-P-A	Negative	0.972185	0.0278151
5YVG-X-A	Negative	0.952212	0.0477882
5YVG-Y-B	Negative	0.873951	0.126049
5ZQV-E-A	Negative	0.779986	0.220014
5ZQV-G-D	Negative	0.669215	0.330785
5XJG-B-A	Positive	0.402734	0.597266
5IZ9-B-A	Negative	0.826453	0.173547
5TIS-F-A	Negative	0.709107	0.290893
5TIS-I-A	Positive	0.321664	0.678336
5TIS-J-A	Positive	0.23639	0.76361
5TIS-X-B	Negative	0.659828	0.340172
5TIS-y-c	Positive	0.113317	0.886683
5VWJ-C-A	Positive	0.185976	0.814024
5R4C-D-B	Negative	0.750955	0.249045
5Y2D-F-A	Negative	0.837315	0.162685
5JWD-C-A	Positive	0.480356	0.519644
5YPB-C-A	Negative	0.516118	0.483882
5H24-C-A	Positive	0.245343	0.754657
5IAN-E-A	Negative	0.919413	0.080587
5INW-C-A	Positive	0.0834218	0.916578
5INW-D-B	Negative	0.513045	0.486955
5OOL-2-F	Negative	0.815106	0.184894
5OOL-4-r	Positive	0.0559816	0.944018
5ID0-E-A	Negative	0.831285	0.168715
5W67-C-A	Negative	0.886981	0.113019
5C7E-G-A	Negative	0.994227	0.0057733
5C7E-H-B	Negative	0.952136	0.0478636
5C7E-I-C	Negative	0.988377	0.0116229
5C7E-K-E	Negative	0.984999	0.015001
5C7E-L-F	Negative	0.996526	0.00347377
5JHP-E-A	Negative	0.780904	0.219096
5EAY-F-A	Positive	0.431525	0.568475
5EAY-E-B	Positive	0.388322	0.611678
5VAX-E-A	Negative	0.654005	0.345995
5VAX-F-B	Negative	0.88032	0.11968
5VAX-G-C	Negative	0.754911	0.245089
5OTX-B-A	Negative	0.707196	0.292804
5OTX-D-C	Positive	0.378833	0.621167
5JER-B-A	Negative	0.963223	0.0367774
5AFP-D-A	Negative	0.646918	0.353082
5JME-F-A	Positive	0.486971	0.513029
5MQF-S-A	Positive	0.148183	0.851817
5VS7-P-A	Positive	0.285464	0.714536
5GNV-B-A	Negative	0.951503	0.0484967
5VAP-D-A	Positive	0.341222	0.658778
5VAP-C-B	Positive	0.170123	0.829877
5K9S-B-A	Negative	0.629066	0.370934
5L9U-M-C	Positive	0.443699	0.556301
5N39-B-A	Positive	0.216952	0.783048
5O9Z-K-A	Negative	0.902197	0.0978031
5O9Z-R-L	Negative	0.564719	0.435281
5BWL-B-A	Positive	0.46168	0.53832
5UPK-A-B	Negative	0.745149	0.254851
5BSA-F-B	Negative	0.513046	0.486954
5CRV-C-A	Negative	0.745836	0.254164
5CRV-D-B	Negative	0.542721	0.457279
5UUP-B-A	Negative	0.540063	0.459937
5HKZ-B-A	Negative	0.566391	0.433609
5E2B-D-A	Negative	0.625627	0.374373
5GK9-B-A	Positive	0.263305	0.736695
5WJN-C-A	Positive	0.294654	0.705346
5GHW-P-H	Positive	0.234989	0.765011
5XCT-C-A	Negative	0.63693	0.36307
5VID-G-D	Negative	0.527328	0.472672
5VID-H-B	Positive	0.351442	0.648558
5VID-F-A	Positive	0.3425	0.6575
5AZF-D-B	Negative	0.557926	0.442074
5KVM-B-A	Positive	0.390612	0.609388
5E1O-D-A	Negative	0.647441	0.352559
5MYC-P-A	Negative	0.649667	0.350333
5MUU-C-A	Negative	0.676138	0.323862
5A2L-P-H	Negative	0.66619	0.33381
5T2S-B-A	Negative	0.874012	0.125988
5T2S-D-C	Negative	0.874012	0.125988
5YVU-A-B	Positive	0.190644	0.809356
5FJX-E-A	Negative	0.705438	0.294562
5FJX-D-B	Negative	0.83155	0.16845
5XJT-M-2	Negative	0.622916	0.377084
5IQM-F-G	Negative	0.550632	0.449368
5IQM-B-G	Positive	0.317494	0.682506
5OL3-D-A	Positive	0.134487	0.865513
5MN9-C-A	Negative	0.821007	0.178993
5KYU-C-A	Negative	0.72785	0.27215
5FOU-C-A	Negative	0.590224	0.409776
5M32-r-j	Negative	0.855787	0.144213
5M32-s-j	Negative	0.570691	0.429309
5CSI-C-A	Positive	0.241133	0.758867
5YIQ-D-A	Positive	0.447839	0.552161
5E7C-J-A	Positive	0.451827	0.548173
5HTB-B-A	Negative	0.606009	0.393991
5FGC-A-B	Negative	0.981911	0.0180891
5AJN-P-A	Negative	0.848595	0.151405
5E1M-D-A	Positive	0.240115	0.759885
5HFF-B-A	Negative	0.594827	0.405173
5SXM-C-A	Negative	0.972976	0.027024
5OY3-B-A	Negative	0.579174	0.420826
5GOW-A-B	Negative	0.71364	0.28636
5VLL-Y-A	Positive	0.44581	0.55419
5HDA-B-A	Negative	0.912612	0.0873875
5HDA-D-A	Negative	0.961134	0.038866
5B1Z-C-A	Negative	0.782788	0.217212
5B1Z-D-B	Negative	0.890705	0.109295
5OY9-D-A	Positive	0.0727125	0.927288
5U4K-B-A	Negative	0.799345	0.200655
5HHQ-C-A	Negative	0.587536	0.412464
5BS0-C-A	Negative	0.986601	0.0133995
5ITF-E-A	Negative	0.894605	0.105395
5LSW-B-A	Negative	0.735553	0.264447
5I2I-E-A	Negative	0.634684	0.365316
5VT9-C-A	Positive	0.356496	0.643504
5VT9-D-A	Positive	0.41813	0.58187
5OPT-q-r	Negative	0.766973	0.233027
5I3L-C-A	Negative	0.854765	0.145235
5FJ8-I-A	Positive	0.296294	0.703706
5F6K-D-C	Negative	0.641481	0.358519
5F6K-M-C	Negative	0.64884	0.35116
5F6K-F-E	Negative	0.55938	0.44062
5EJC-E-A	Negative	0.906259	0.0937406
5EJC-F-A	Negative	0.917563	0.082437
5EJC-C-B	Negative	0.792247	0.207753
5EJC-D-B	Negative	0.944071	0.0559293
5YD8-V-Y	Positive	0.346944	0.653056
5YD8-U-X	Negative	0.853318	0.146682
5YD8-W-Z	Negative	0.663448	0.336552
5XTZ-E-A	Negative	0.871821	0.128179
5LUM-F-A	Negative	0.741141	0.258859
5AFU-a-A	Negative	0.586574	0.413426
5AFU-c-B	Negative	0.775295	0.224705
5AFU-d-F	Negative	0.728196	0.271804
5AFZ-I-H	Negative	0.711245	0.288755
5LSP-X-A	Negative	0.506277	0.493723
5LSP-Y-P	Negative	0.737177	0.262823
5GP7-B-A	Negative	0.712733	0.287267
5FOV-E-A	Positive	0.37551	0.62449
5NX1-B-A	Negative	0.951755	0.0482447
5NX1-D-A	Positive	0.0594862	0.940514
5JPO-E-A	Positive	0.240319	0.759681
5JXT-U-J	Positive	0.083217	0.916783
5JXT-W-H	Positive	0.188573	0.811427
5W6R-M-A	Negative	0.938199	0.0618015
5AJP-B-A	Negative	0.823651	0.176349
5K6S-B-A	Negative	0.879365	0.120635
5K4F-D-A	Negative	0.91949	0.0805105
5J28-C-A	Positive	0.294293	0.705707
5UWO-D-C	Negative	0.89437	0.10563
5VLK-Z-A	Negative	0.829984	0.170016
5MVW-C-A	Negative	0.90846	0.09154
5MVW-D-A	Negative	0.543242	0.456758
5T6W-C-A	Negative	0.703734	0.296266
5ET0-B-A	Negative	0.762996	0.237004
5N9C-F-A	Negative	0.719649	0.280351
5SXP-F-A	Negative	0.530998	0.469002
5SXP-G-A	Negative	0.684814	0.315186
5CDW-f-A	Negative	0.948119	0.0518812
5CDW-I-A	Negative	0.935451	0.0645492
5F5O-B-A	Positive	0.356387	0.643613
5F5O-D-C	Positive	0.357414	0.642586
5F5O-F-E	Negative	0.557726	0.442274
5O31-s-E	Negative	0.803873	0.196127
5O31-c-O	Positive	0.0987048	0.901295
5APR-I-E	Negative	0.744546	0.255454
5LEF-C-A	Negative	0.506999	0.493001
5LEF-D-A	Negative	0.534728	0.465272
5K0Y-M-T	Negative	0.589739	0.410261
5H3J-B-A	Positive	0.278465	0.721535
5VGD-C-A	Negative	0.958248	0.0417516
5Z7G-C-A	Positive	0.401066	0.598934
5MHC-P-A	Negative	0.689022	0.310978
5ZWO-Z-X	Positive	0.259528	0.740472
5NIG-C-A	Positive	0.0227447	0.977255
5C0D-C-A	Negative	0.925216	0.0747838
5A53-B-A	Negative	0.902024	0.0979759
5J4X-D-A	Negative	0.557524	0.442476
5IYX-B-A	Negative	0.640895	0.359105
5LQW-L-A	Negative	0.652008	0.347992
5N1W-C-A	Negative	0.698509	0.301491
5N1W-D-A	Positive	0.0613133	0.938687
5M5Y-L-B	Positive	0.334708	0.665292
5V1T-B-A	Negative	0.63393	0.36607
5E2V-P-L	Positive	0.058548	0.941452
5FXC-P-H	Positive	0.185882	0.814118
5ZMS-A-B	Positive	0.232795	0.767205
5JWP-B-A	Positive	0.448546	0.551454
5B83-E-D	Negative	0.606667	0.393333
5TZQ-D-A	Positive	0.377222	0.622778
5TZQ-C-B	Negative	0.625495	0.374505
5XCR-C-A	Positive	0.197808	0.802192
5H1X-A-B	Negative	0.843594	0.156406
5H1X-C-B	Negative	0.732374	0.267626
5N85-B-A	Negative	0.920982	0.0790182
5LJ3-F-A	Negative	0.818606	0.181394
5LJ3-P-A	Positive	0.356643	0.643357
5HJD-B-A	Positive	0.199673	0.800327
5HJD-F-E	Positive	0.244124	0.755876
5HJD-J-N	Positive	0.296126	0.703874
5WSV-B-A	Positive	0.347412	0.652588
5WSV-D-A	Positive	0.0915745	0.908425
5EN6-D-A	Negative	0.710437	0.289563
5O90-B-A	Negative	0.855953	0.144047
5MDY-6-7	Positive	0.328068	0.671932
5O3V-C-A	Positive	0.250728	0.749272
5O3V-D-B	Positive	0.217704	0.782296
5XJU-M-2	Negative	0.559021	0.440979
5FFW-C-A	Negative	0.690211	0.309789
5NPH-A-H	Negative	0.95712	0.04288
5B5V-E-A	Negative	0.676732	0.323268
5R4D-D-B	Negative	0.665232	0.334768
5GU4-C-A	Negative	0.709015	0.290985
5OUC-E-A	Positive	0.0209332	0.979067
5ERW-C-A	Positive	0.0895753	0.910425
5T0K-P-A	Positive	0.254379	0.745621
5YIP-B-A	Positive	0.182496	0.817504
5IB4-C-A	Negative	0.911385	0.0886148
5T1M-E-A	Positive	0.220544	0.779456
5GIM-C-B	Negative	0.664259	0.335741
5GIM-D-B	Negative	0.609971	0.390029
5NX2-B-A	Negative	0.810283	0.189717
5FVD-B-A	Positive	0.323545	0.676455
5FVD-D-A	Positive	0.496671	0.503329
5NCL-D-A	Negative	0.658119	0.341881
5NVN-B-A	Positive	0.294233	0.705767
5MX2-L-A	Negative	0.898887	0.101113
5MX2-T-A	Positive	0.274443	0.725557
5MX2-Y-C	Negative	0.708406	0.291594
5MX2-f-a	Negative	0.703386	0.296614
5MX2-y-c	Positive	0.40778	0.59222
5MX2-r-e	Positive	0.170588	0.829412
5BUZ-C-A	Positive	0.306844	0.693156
5BUZ-F-D	Positive	0.379081	0.620919
5FU7-D-A	Positive	0.0782202	0.92178
5FU7-H-A	Negative	0.535708	0.464292
5MAV-H-A	Negative	0.831638	0.168362
5MAV-G-C	Negative	0.920228	0.0797721
5MAV-K-E	Negative	0.935279	0.0647212
5MAV-N-D	Negative	0.927598	0.0724015
5MAV-L-F	Negative	0.939743	0.060257
5JEJ-D-A	Negative	0.954419	0.0455806
5JEJ-E-A	Positive	0.383793	0.616207
5JEJ-C-B	Positive	0.356622	0.643378
5Y39-F-D	Negative	0.747416	0.252584
5UQ3-C-A	Negative	0.950825	0.0491752
5WBY-P-D	Positive	0.215726	0.784274
5OVP-B-A	Negative	0.974786	0.0252139
5U5P-C-A	Negative	0.755317	0.244683
5U5P-B-A	Negative	0.646319	0.353681
5ADX-c-B	Negative	0.728196	0.271804
5MRF-Y-P	Negative	0.845295	0.154705
5VWK-E-A	Negative	0.903954	0.0960462
5VWK-G-A	Negative	0.903954	0.0960462
5A86-D-B	Negative	0.724751	0.275249
5XJ0-Y-C	Negative	0.767212	0.232788
5TP6-B-A	Positive	0.496348	0.503652
5MP5-K-A	Negative	0.866042	0.133958
5MP5-J-H	Negative	0.716885	0.283115
5T78-F-A	Positive	0.43204	0.56796
5NVM-B-A	Negative	0.546363	0.453636
5HU3-B-A	Negative	0.817179	0.182821
5BRM-G-A	Negative	0.584998	0.415002
5BRM-I-A	Negative	0.671629	0.328371
5BRM-M-A	Negative	0.790775	0.209225
5BRM-H-B	Positive	0.470058	0.529942
5BRM-N-B	Negative	0.520535	0.479465
5BRM-J-D	Negative	0.854994	0.145006
5BRM-L-D	Negative	0.516574	0.483426
5BRM-O-D	Negative	0.856651	0.143349
5LB7-C-A	Negative	0.946841	0.0531595
5XCO-B-A	Positive	0.424564	0.575436
5H7H-B-A	Negative	0.727598	0.272402
5Y5S-J-L	Negative	0.91289	0.0871104
5Y5S-8-L	Negative	0.814797	0.185203
5Y5S-B-H	Negative	0.91289	0.0871104
5Y5S-T-Q	Negative	0.888128	0.111872
5Y5S-2-Y	Negative	0.814797	0.185203
5GGP-C-A	Negative	0.931121	0.0688789
5GGP-D-B	Negative	0.978497	0.0215031
5NG4-B-A	Negative	0.921844	0.0781565
5TQ1-B-A	Negative	0.85605	0.14395
5GWM-B-A	Positive	0.200991	0.799009
5N99-C-A	Negative	0.908166	0.0918339
5JJZ-B-A	Positive	0.259865	0.740135
5L04-B-A	Negative	0.744612	0.255388
5WBL-T-A	Negative	0.80964	0.19036
5CJO-a-A	Negative	0.650132	0.349868
5MFK-C-A	Positive	0.417871	0.582129
5XBK-E-B	Positive	0.217963	0.782037
5WJL-C-A	Negative	0.632266	0.367734
5WJL-F-D	Negative	0.632266	0.367734
5GID-C-A	Negative	0.817743	0.182257
5F8X-B-A	Negative	0.852299	0.147701
5XSQ-B-A	Negative	0.619127	0.380873
5WIR-D-B	Positive	0.101046	0.898954
5WIR-C-A	Positive	0.360225	0.639775
5OW5-E-A	Negative	0.930072	0.0699283
5B5E-I-A	Positive	0.0376031	0.962397
5B5E-J-A	Positive	0.23639	0.76361
5B5E-t-B	Positive	0.253185	0.746815
5B5E-f-a	Negative	0.719693	0.280307
5B5E-j-a	Positive	0.283092	0.716908
5YXL-B-A	Negative	0.567221	0.432779
5YXL-D-C	Negative	0.686848	0.313152
5E3A-B-A	Negative	0.857493	0.142507
5UUM-C-A	Negative	0.616242	0.383758
5OM7-B-A	Positive	0.357139	0.642861
5EM9-B-A	Negative	0.776335	0.223665
5NEU-4-1	Positive	0.496754	0.503246
5Y5A-B-A	Positive	0.266883	0.733117
5F0O-E-A	Negative	0.936183	0.0638171
5HHO-C-A	Negative	0.734628	0.265372
5V22-B-A	Positive	0.334331	0.665669
5VF3-Z-A	Positive	0.0998616	0.900138
5B5U-C-A	Negative	0.681922	0.318078
5B75-B-A	Negative	0.64968	0.35032
5JI0-E-D	Negative	0.73829	0.26171
5IEK-C-A	Negative	0.789963	0.210037
5NPV-B-A	Negative	0.881532	0.118468
5NPV-D-A	Negative	0.90774	0.0922601
5T1L-E-A	Positive	0.273109	0.726891
5EX3-D-A	Negative	0.971581	0.0284191
5W5C-A-B	Negative	0.769204	0.230796
5W5C-E-B	Positive	0.481998	0.518002
5VAI-P-R	Negative	0.56274	0.43726
5TS1-P-A	Positive	0.415515	0.584485
5L9V-C-A	Negative	0.803582	0.196418
5O66-M-J	Positive	0.373455	0.626545
5O66-O-K	Positive	0.343247	0.656753
5XXF-C-A	Positive	0.315268	0.684732
5XXF-E-A	Negative	0.766234	0.233766
5G1D-D-A	Positive	0.359496	0.640504
5EIB-F-C	Positive	0.236589	0.763411
5YC1-I-A	Positive	0.124426	0.875574
5U5S-B-A	Positive	0.374142	0.625858
5FF6-E-A	Positive	0.13564	0.86436
5ABX-B-A	Negative	0.807468	0.192532
5T6P-F-A	Negative	0.615839	0.384161
5MDX-F-A	Positive	0.371114	0.628886
5MDX-L-A	Negative	0.980781	0.0192192
5MDX-T-A	Positive	0.38919	0.61081
5MDX-W-A	Negative	0.662777	0.337223
5MDX-M-B	Positive	0.293111	0.706889
5MDX-K-C	Positive	0.20894	0.79106
5MDX-X-D	Positive	0.351575	0.648425
5LCW-D-O	Negative	0.653481	0.346519
5YIS-C-A	Negative	0.749102	0.250898
5YIS-D-B	Negative	0.907117	0.0928834
5IQ9-C-A	Negative	0.528738	0.471262
5GQR-C-B	Negative	0.91265	0.0873496
5GRD-C-A	Negative	0.638082	0.361918
5BXV-B-A	Positive	0.415597	0.584403
5BXV-D-A	Positive	0.447187	0.552813
5I9E-E-A	Positive	0.131651	0.868349
5I9E-H-B	Positive	0.414993	0.585007
5WA4-M-A	Negative	0.88219	0.11781
5WA4-P-A	Negative	0.920345	0.0796549
5WA4-Q-C	Negative	0.840642	0.159358
5O45-B-A	Negative	0.672846	0.327154
5F5J-B-A	Negative	0.782832	0.217168
5OWP-D-H	Negative	0.823292	0.176708
5C08-C-A	Negative	0.871925	0.128075
5C08-H-F	Negative	0.871925	0.128075
5EKG-B-A	Negative	0.788453	0.211547
5EKG-C-A	Negative	0.564413	0.435587
5WS5-T-A	Positive	0.25954	0.74046
5WS5-f-a	Negative	0.674287	0.325713
5WS5-j-a	Positive	0.39301	0.60699
5J6G-F-A	Negative	0.895245	0.104755
5VZ5-C-A	Negative	0.945442	0.054558
5DVV-C-A	Positive	0.142797	0.857203
5XY3-b-D	Positive	0.277714	0.722286
5XY3-l-X	Negative	0.535604	0.464395
5I8C-C-A	Negative	0.886396	0.113604
5Y4H-B-A	Positive	0.113108	0.886892
5W4E-A-B	Negative	0.740487	0.259513
5W4E-D-B	Negative	0.900527	0.0994725
5HYN-D-A	Negative	0.77862	0.22138
5HYN-E-A	Positive	0.485424	0.514576
5HYN-J-F	Positive	0.404368	0.595632
5HYN-P-K	Negative	0.733581	0.266419
5W6A-E-A	Negative	0.974559	0.0254405
5QTX-H-A	Positive	0.127681	0.872319
5NHU-I-H	Positive	0.438426	0.561574
5NHU-J-A	Negative	0.942839	0.0571609
5NHU-K-C	Negative	0.770869	0.229131
5L7K-B-A	Negative	0.983201	0.0167991
5T70-C-A	Positive	0.349364	0.650636
5CZ2-G-A	Negative	0.653496	0.346504
5CZ2-H-A	Positive	0.361088	0.638912
5CZ2-K-C	Negative	0.537468	0.462532
5CZ2-I-E	Negative	0.705892	0.294108
5OBT-E-A	Positive	0.193841	0.806159
5EPJ-B-A	Negative	0.950623	0.0493766
5C0B-C-A	Negative	0.854525	0.145475
5C0B-H-F	Negative	0.854525	0.145475
5JHN-F-A	Negative	0.788648	0.211352
5JHN-G-B	Negative	0.665267	0.334733
5JTM-E-A	Positive	0.129701	0.870299
5G5P-C-B	Negative	0.684726	0.315274
5T0H-e-V	Negative	0.561084	0.438916
5HI3-I-A	Positive	0.107753	0.892247
5IG9-I-A	Positive	0.41653	0.58347
5IG9-M-E	Negative	0.563871	0.436129
5IG9-N-F	Positive	0.410348	0.589652
5WA1-B-A	Negative	0.85469	0.14531
5ZUT-E-A	Negative	0.685441	0.314559
5HB3-B-A	Positive	0.465899	0.534101
5T0F-B-A	Positive	0.443531	0.556469
5YY4-B-A	Negative	0.907139	0.0928606
5ODS-E-A	Negative	0.912708	0.0872916
5XOQ-C-A	Positive	0.0957047	0.904295
5X8T-5-G	Positive	0.0485052	0.951495
5X8T-1-O	Positive	0.28613	0.71387
5X8T-7-R	Negative	0.577613	0.422387
5TP1-P-A	Positive	0.100616	0.899384
5TP1-R-C	Negative	0.535684	0.464316
5TP1-S-D	Positive	0.118264	0.881736
5YQG-E-A	Positive	0.218235	0.781765
5YQG-F-C	Negative	0.748716	0.251284
5LVP-F-A	Negative	0.636318	0.363682
5LVP-E-C	Positive	0.252668	0.747332
5ENW-C-A	Positive	0.241277	0.758723
5M35-C-A	Negative	0.684107	0.315893
5M35-D-B	Negative	0.977855	0.0221452
5NMG-C-A	Negative	0.646424	0.353576
5WB5-B-A	Negative	0.641766	0.358234
5EPP-B-A	Negative	0.951489	0.0485113
5NMI-I-A	Negative	0.508653	0.491347
5L23-B-A	Negative	0.956608	0.0433917
5F5G-B-A	Positive	0.178765	0.821235
5VF0-B-A	Negative	0.578172	0.421828
5MFF-E-A	Negative	0.661338	0.338662
5T5L-a-A	Negative	0.88293	0.11707
5T5L-b-B	Negative	0.949935	0.0500654
5E6Q-A-B	Positive	0.391872	0.608128
5VWW-C-A	Positive	0.287956	0.712044
5VWW-D-B	Negative	0.689754	0.310246
5XTD-K-A	Negative	0.60255	0.39745
5XTD-f-g	Positive	0.261546	0.738454
5K99-C-A	Negative	0.903252	0.0967479
5BN6-A-E	Positive	0.317906	0.682094
5BN6-B-E	Positive	0.365882	0.634118
5WNW-C-A	Negative	0.76166	0.23834
5T5O-a-A	Negative	0.587742	0.412258
5YI8-B-A	Negative	0.855393	0.144607
5WFC-D-A	Positive	0.46853	0.53147
5GIR-C-H	Positive	0.10663	0.89337
5GIR-D-L	Negative	0.627327	0.372673
5OY4-X-A	Negative	0.742203	0.257797
5EO1-C-A	Negative	0.910732	0.089268
5V8K-B-A	Negative	0.642135	0.357865
5WRV-A-B	Negative	0.508406	0.491594
5VGE-C-A	Negative	0.95819	0.0418097
5WVO-D-A	Negative	0.514977	0.485023
5DX1-F-A	Positive	0.303418	0.696582
5DX1-G-A	Negative	0.677819	0.322181
5DX1-H-C	Positive	0.303418	0.696582
5DX1-I-C	Positive	0.188682	0.811318
5CO5-F-A	Positive	0.386851	0.613149
5X60-C-A	Positive	0.483976	0.516024
5INC-E-A	Positive	0.314501	0.685499
5T6R-s-H	Positive	0.344883	0.655117
5WEU-P-A	Negative	0.90947	0.0905298
5H7Y-B-A	Negative	0.507616	0.492384
5WMO-C-A	Negative	0.635619	0.364381
5DHF-D-C	Negative	0.726533	0.273467
5ZK7-C-A	Negative	0.810896	0.189104
5ZK7-D-A	Negative	0.810896	0.189104
5KLR-A-B	Negative	0.658477	0.341523
5ZU1-D-A	Positive	0.478321	0.521679
5OY0-M-B	Positive	0.154224	0.845776
5OY0-h-l	Positive	0.0930632	0.906937
5ITJ-B-A	Positive	0.317287	0.682713
5FA3-C-A	Negative	0.969712	0.0302882
5LY3-B-A	Negative	0.57841	0.42159
5TSX-M-A	Negative	0.807063	0.192937
5XOG-L-B	Positive	0.164709	0.835291
5T1I-C-A	Positive	0.118444	0.881556
5YPO-C-B	Negative	0.89768	0.10232
5YPO-D-A	Negative	0.89768	0.10232
5H2C-B-A	Negative	0.602677	0.397323
5WUN-B-A	Negative	0.521822	0.478178
5WUN-C-A	Negative	0.761501	0.238499
5D5K-B-C	Negative	0.631955	0.368045
5D2M-G-A	Negative	0.63336	0.36664
5KGF-L-A	Negative	0.553811	0.446189
5VX0-B-A	Positive	0.376186	0.623814
5VX0-D-C	Positive	0.410006	0.589994
5N36-B-A	Positive	0.313772	0.686228
5EJV-C-A	Negative	0.943992	0.0560083
5EJV-D-B	Negative	0.805842	0.194158
5NU1-P-A	Negative	0.971076	0.0289244
5WHB-B-A	Negative	0.587505	0.412495
5WHB-C-A	Negative	0.6778	0.3222
5WHB-I-A	Negative	0.6778	0.3222
5WHB-K-A	Negative	0.885206	0.114794
5TU5-B-A	Negative	0.794358	0.205642
5NPR-E-A	Positive	0.398887	0.601113
5T59-C-A	Negative	0.684569	0.315431
5T59-F-D	Positive	0.484855	0.515145
5MEP-C-A	Negative	0.810009	0.189991
5XKJ-E-C	Negative	0.562402	0.437598
5J6Z-A-B	Negative	0.827234	0.172766
5DA7-B-A	Negative	0.724069	0.275931
5F1N-C-A	Negative	0.734636	0.265364
5C0G-C-A	Positive	0.283837	0.716163
5DH9-D-C	Negative	0.923808	0.0761924
5G05-T-A	Negative	0.863686	0.136314
5G05-W-A	Negative	0.947849	0.0521507
5OXW-G-A	Positive	0.353611	0.646389
5VLH-Y-A	Negative	0.634359	0.365641
5KY9-B-A	Negative	0.853047	0.146953
5HB0-E-B	Positive	0.275805	0.724195
5HB0-G-B	Negative	0.787629	0.212371
5VVV-B-A	Negative	0.801207	0.198793
5VVV-D-A	Negative	0.971048	0.028952
5GLF-B-A	Negative	0.793879	0.206121
5GLF-D-A	Negative	0.513573	0.486427
5GLF-F-C	Negative	0.917741	0.0822588
5ONB-B-A	Negative	0.916298	0.0837021
5ONB-F-E	Negative	0.915851	0.0841492
5ONB-H-G	Negative	0.804999	0.195001
5V3N-B-A	Positive	0.257707	0.742293
5MF9-B-A	Positive	0.163648	0.836352
5YIX-B-A	Positive	0.276537	0.723463
5FKP-C-A	Negative	0.904059	0.0959414
5KQ1-C-A	Negative	0.709975	0.290025
5KQ1-F-A	Positive	0.477644	0.522356
5VKL-B-A	Negative	0.648884	0.351116
5FQ7-P-A	Negative	0.611995	0.388006
5FVK-D-A	Positive	0.345659	0.654341
5Y49-D-A	Negative	0.911669	0.0883306
5Y49-E-B	Negative	0.985829	0.0141706
5UA4-B-A	Negative	0.834014	0.165986
5Z62-K-A	Positive	0.176881	0.823119
5Z62-L-A	Negative	0.530438	0.469562
5Z62-M-A	Positive	0.0899552	0.910045
5VUF-C-A	Positive	0.122169	0.877831
5CSZ-D-H	Negative	0.872287	0.127713
5CSZ-E-A	Negative	0.845163	0.154837
5GSV-C-A	Negative	0.599651	0.400349
5AB2-C-A	Negative	0.518104	0.481896
5Y3R-K-C	Negative	0.785301	0.214699
5N7B-I-H	Positive	0.209111	0.790889
5L1Z-C-B	Positive	0.39104	0.60896
5XMM-C-A	Negative	0.835119	0.164881
5VVX-B-A	Negative	0.725437	0.274563
5VVX-D-A	Negative	0.712264	0.287736
5MRW-D-A	Positive	0.435687	0.564313
5MRW-H-E	Positive	0.435687	0.564313
5Q0F-H-A	Positive	0.142743	0.857257
5U06-L-A	Negative	0.702824	0.297176
5T6X-C-A	Negative	0.933445	0.0665554
5Z38-G-A	Positive	0.35955	0.64045
5Z38-I-D	Positive	0.419222	0.580778
5FN3-G-A	Negative	0.723921	0.276079
5JM4-D-A	Negative	0.984294	0.015706
5XMF-C-A	Negative	0.745981	0.254019
5MK1-E-A	Negative	0.782793	0.217207
5DX0-F-A	Positive	0.110787	0.889213
5DX0-G-A	Positive	0.279788	0.720212
5NQG-B-A	Positive	0.0380853	0.961915
5U62-C-A	Negative	0.817471	0.182529
5U62-D-A	Positive	0.364838	0.635162
5NRL-X-A	Negative	0.719519	0.280481
5NWX-B-A	Negative	0.965723	0.0342775
5YCO-E-A	Negative	0.89342	0.106581
5OAK-B-A	Negative	0.935235	0.0647651
5HYU-A-B	Negative	0.875006	0.124994
5V3G-G-D	Positive	0.300354	0.699646
5H7P-B-A	Positive	0.37728	0.62272
5CX2-B-A	Positive	0.429562	0.570438
5CX2-D-A	Positive	0.433521	0.566479
5HUY-B-C	Positive	0.380353	0.619647
5HUY-A-C	Negative	0.880016	0.119984
5N91-F-A	Negative	0.641756	0.358244
5BXU-B-A	Negative	0.840889	0.159111
5ZGC-G-A	Positive	0.42621	0.57379
5ZGC-H-B	Positive	0.120811	0.879189
5ZGC-I-C	Positive	0.21122	0.78878
5ZGC-J-E	Positive	0.158796	0.841204
5C26-B-A	Negative	0.985628	0.0143719
5VNI-D-B	Negative	0.899401	0.100599
5VNF-D-B	Negative	0.876135	0.123865
5YBV-C-A	Negative	0.848545	0.151455
5BTV-P-A	Negative	0.847391	0.152609
5XXU-e-J	Positive	0.0801977	0.919802
5XXU-f-M	Positive	0.238064	0.761936
5TDY-A-B	Negative	0.565234	0.434766
5TDY-C-D	Negative	0.624175	0.375825
5U0S-l-b	Positive	0.376332	0.623668
5NEY-E-B	Positive	0.0213695	0.97863
5XPU-B-A	Positive	0.415356	0.584644
5VAH-C-A	Negative	0.828978	0.171022
5VAH-D-B	Negative	0.924561	0.075439
5NI9-C-A	Positive	0.0425217	0.957478
5OJ5-B-A	Negative	0.524286	0.475714
5DUB-P-H	Negative	0.736731	0.263269
5M37-D-A	Negative	0.583912	0.416087
5J9K-C-A	Negative	0.986945	0.0130548
5J9K-D-B	Negative	0.977687	0.0223128
5NPW-B-A	Negative	0.862195	0.137805
5NPW-H-A	Negative	0.515747	0.484253
5NPW-D-C	Negative	0.524636	0.475364
5F5K-B-A	Negative	0.782832	0.217168
5AJK-B-A	Positive	0.399505	0.600495
5AJK-J-C	Positive	0.292798	0.707202
5MK0-B-A	Negative	0.961907	0.0380931
5MK0-D-A	Negative	0.934102	0.0658981
5JR4-B-A	Negative	0.626153	0.373847
5N5T-P-A	Negative	0.858107	0.141893
5NNF-B-A	Positive	0.470447	0.529553
5WWI-E-A	Positive	0.219913	0.780087
5VZU-E-B	Negative	0.690385	0.309615
5VZU-F-D	Negative	0.600887	0.399113
5OSG-P-h	Positive	0.206174	0.793826
5ZVK-a-A	Negative	0.827973	0.172027
5ZVK-c-A	Negative	0.878472	0.121528
5ZVK-b-B	Negative	0.574199	0.425801
5MO3-A-H	Negative	0.890453	0.109547
5IXD-B-A	Negative	0.851061	0.148939
5T0Q-B-A	Negative	0.511049	0.488951
5XXK-C-A	Negative	0.756151	0.243849
5YTK-G-A	Negative	0.751265	0.248735
5YTK-J-A	Negative	0.84952	0.15048
5HHX-B-A	Negative	0.873538	0.126462
5TTW-B-A	Negative	0.511857	0.488143
5TTW-D-C	Negative	0.511857	0.488143
5ICY-E-A	Negative	0.907827	0.0921731
5H5Q-B-A	Positive	0.137076	0.862924
5Q1D-B-A	Negative	0.979196	0.0208037
5UQ8-9-Q	Positive	0.153387	0.846613
5DBR-C-A	Negative	0.733091	0.266909
5K2M-K-G	Negative	0.694056	0.305944
5K2M-L-G	Negative	0.561876	0.438124
5K2M-M-G	Positive	0.257494	0.742506
5K2M-N-H	Positive	0.4695	0.5305
5I0I-G-A	Positive	0.242046	0.757954
5J9Q-L-E	Negative	0.57184	0.42816
5J9Q-M-E	Positive	0.272572	0.727428
5E0V-C-A	Negative	0.722849	0.277151
5E0V-D-A	Negative	0.849236	0.150764
5YYF-B-A	Positive	0.245371	0.754629
5N70-B-A	Positive	0.315901	0.684099
5ICX-E-A	Positive	0.460271	0.539729
5VIF-B-A	Negative	0.693762	0.306238
5F9J-C-A	Negative	0.596218	0.403782
5V4B-C-B	Negative	0.958987	0.041013
5F85-B-A	Positive	0.323053	0.676947
5II0-D-A	Negative	0.555372	0.444628
5II0-E-B	Negative	0.649347	0.350653
5II0-F-C	Negative	0.555372	0.444628
5OH8-C-A	Negative	0.520814	0.479186
5T47-B-A	Negative	0.87455	0.12545
5EFI-C-A	Negative	0.741332	0.258668
5MLU-M-A	Negative	0.796538	0.203462
5HZ1-A-B	Positive	0.0237225	0.976278
5LM5-C-A	Negative	0.952319	0.0476811
5LM5-D-B	Negative	0.963221	0.0367792
5B3S-M-A	Positive	0.416903	0.583097
5ZGH-J-1	Negative	0.734066	0.265934
5ZGH-M-B	Negative	0.78941	0.21059
5YIR-C-D	Positive	0.339391	0.660609
5YIR-G-D	Negative	0.85931	0.14069
5YIR-H-D	Negative	0.948228	0.0517723
5LX2-B-A	Negative	0.864104	0.135896
5IND-E-A	Negative	0.866355	0.133645
5CFD-D-A	Positive	0.219869	0.780131
5MHM-H-A	Negative	0.523982	0.476018
5HJC-B-A	Negative	0.913636	0.0863637
5WJE-B-A	Negative	0.886947	0.113053
5YLZ-R-A	Positive	0.163579	0.836421
5EOF-C-A	Negative	0.87026	0.12974
5EOF-D-A	Negative	0.904192	0.0958079
5YXD-B-A	Negative	0.98617	0.0138296
5JEK-C-A	Negative	0.604024	0.395976
5JEK-D-B	Negative	0.658879	0.341121
5LXM-D-A	Negative	0.730545	0.269455
5AER-B-A	Positive	0.061806	0.938194
5EHC-B-A	Negative	0.598544	0.401456
5KKO-F-B	Positive	0.43988	0.56012
5VE8-C-A	Positive	0.461804	0.538196
5VE8-E-B	Positive	0.160655	0.839345
5LY2-E-A	Positive	0.373358	0.626642
5LY2-F-B	Positive	0.396291	0.603709
5OXZ-B-A	Positive	0.487524	0.512476
5QU6-Y-U	Positive	0.311548	0.688452
5QU6-2-X	Positive	0.197647	0.802353
5YE3-C-B	Positive	0.42864	0.57136
5V62-I-A	Positive	0.439336	0.560664
5ETA-D-B	Negative	0.927843	0.0721566
5XV8-A-B	Negative	0.910311	0.0896893
5VNB-K-A	Positive	0.429139	0.570861
5GTC-K-G	Negative	0.508853	0.491147
5ACA-4-1	Positive	0.261209	0.738791
5H43-B-A	Positive	0.495095	0.504905
5H43-C-A	Negative	0.904676	0.0953237
5VJI-A-C	Negative	0.846021	0.153979
5VJI-B-C	Negative	0.726279	0.273721
5VJI-D-C	Negative	0.885405	0.114595
5VJI-E-C	Negative	0.866644	0.133356
5IP9-Q-B	Positive	0.271527	0.728473
5WBU-R-B	Negative	0.525928	0.474072
5WBU-P-D	Positive	0.216353	0.783647
5Y44-B-A	Negative	0.941575	0.0584246
5DLM-X-H	Negative	0.88667	0.11333
5WDF-P-H	Negative	0.78366	0.21634
5WDF-Q-H	Positive	0.488514	0.511486
5BNN-D-A	Negative	0.738417	0.261583
5UWM-C-A	Negative	0.94872	0.0512802
5UWM-D-A	Negative	0.970042	0.0299577
5MFM-Q-C	Negative	0.751188	0.248812
5N2V-C-A	Positive	0.204673	0.795327
5MFH-E-A	Negative	0.551184	0.448816
5Z56-M-A	Negative	0.639333	0.360667
5Z56-U-A	Positive	0.123434	0.876566
5AJD-B-A	Positive	0.161199	0.838801
5AJD-J-A	Positive	0.18707	0.81293
5AJD-F-C	Positive	0.231821	0.768179
5AJD-L-C	Positive	0.30622	0.69378
5AJD-H-G	Positive	0.283384	0.716616
5OJO-C-A	Positive	0.361068	0.638932
5FRQ-G-A	Positive	0.314643	0.685357
5ZZ9-E-A	Negative	0.633753	0.366247
5ZZ9-D-B	Negative	0.83468	0.16532
5ZZ9-F-C	Negative	0.512023	0.487977
5V1Z-E-A	Negative	0.632463	0.367537
5JCY-B-A	Negative	0.908803	0.0911965
5IGQ-U-A	Negative	0.91183	0.0881701
5IGQ-V-B	Negative	0.970642	0.0293583
5O60-g-F	Positive	0.140532	0.859468
5O60-f-G	Positive	0.119573	0.880427
5O60-d-U	Positive	0.310913	0.689087
5D3F-C-A	Negative	0.860212	0.139788
5OTU-B-A	Positive	0.401049	0.598951
5OTU-D-C	Negative	0.860465	0.139535
5IYV-B-A	Negative	0.620602	0.379398
5KLV-I-A	Positive	0.251063	0.748937
5LMX-D-A	Negative	0.716851	0.283149
5HOI-D-A	Positive	0.164258	0.835742
5HOI-F-C	Negative	0.859179	0.140821
5F0L-D-B	Negative	0.99358	0.00642008
5ELQ-P-A	Negative	0.911017	0.0889831
5ELQ-C-B	Negative	0.911017	0.0889831
5NDC-C-A	Negative	0.788662	0.211338
5WBK-T-A	Negative	0.893206	0.106794
5ZJY-B-A	Negative	0.67745	0.32255
5LMG-D-A	Negative	0.969339	0.0306609
5LMG-C-B	Negative	0.964245	0.0357552
5MHO-G-A	Negative	0.53119	0.46881
5MHO-H-B	Negative	0.53119	0.46881
5BV0-C-A	Positive	0.3799	0.6201
5MFG-E-A	Negative	0.661338	0.338662
5O0E-C-A	Positive	0.0737497	0.92625
5XTC-Q-V	Positive	0.0429655	0.957034
5CSN-C-A	Negative	0.634224	0.365776
5MMI-0-F	Negative	0.650897	0.349103
5MMI-5-G	Positive	0.0485052	0.951495
5MMI-1-O	Positive	0.0997235	0.900276
5MMI-7-R	Negative	0.577613	0.422387
5MMI-H-Y	Negative	0.837408	0.162592
5YBB-C-A	Negative	0.721567	0.278433
5N74-I-A	Negative	0.83529	0.16471
5N74-J-A	Negative	0.8603	0.1397
5N74-K-C	Negative	0.91052	0.0894799
5N74-L-C	Negative	0.946928	0.0530722
5N74-P-E	Negative	0.872447	0.127553
5N74-O-G	Negative	0.93492	0.0650802
5DPW-B-A	Negative	0.905347	0.0946531
5F84-B-A	Positive	0.323053	0.676947
5SV1-Y-A	Negative	0.531992	0.468008
5SV1-Z-F	Positive	0.403353	0.596647
5LGP-E-A	Negative	0.56478	0.43522
5LGP-F-A	Negative	0.862872	0.137128
5GS4-B-A	Negative	0.67416	0.32584
5Y5W-F-B	Positive	0.275702	0.724298
5D7F-P-A	Negative	0.811056	0.188944
5CZF-B-C	Positive	0.430046	0.569954
5CZF-A-D	Negative	0.712058	0.287942
5WUJ-A-B	Negative	0.736424	0.263576
5AUM-C-H	Negative	0.759141	0.240859
5T7G-P-A	Negative	0.900688	0.0993116
5OXX-B-A	Negative	0.696538	0.303462
5H9D-K-A	Positive	0.140064	0.859936
5ND9-u-k	Positive	0.477516	0.522484
5ND9-5-7	Positive	0.409748	0.590252
5NJA-E-A	Positive	0.476312	0.523688
5T1K-E-A	Positive	0.160611	0.839389
5BPU-H-A	Negative	0.789466	0.210534
5BPU-I-C	Negative	0.904768	0.095232
5ZKO-G-A	Negative	0.820992	0.179008
5ZKO-H-A	Negative	0.667612	0.332388
5OIK-L-B	Positive	0.327957	0.672043
5YAX-C-B	Negative	0.921767	0.0782325
5JM1-D-A	Positive	0.484236	0.515764
5YMW-C-A	Negative	0.513136	0.486864
5XBO-B-A	Negative	0.582859	0.417141
5CSJ-C-A	Negative	0.536129	0.463871
5IEH-C-A	Negative	0.975693	0.0243072
5ZIA-R-G	Negative	0.954129	0.0458706
5O2R-z-E	Positive	0.104861	0.895139
5AFG-B-A	Positive	0.165505	0.834495
5WAI-D-B	Negative	0.914883	0.0851165
5JIU-C-A	Negative	0.903862	0.0961383
5JPQ-1-R	Positive	0.2329	0.7671
5NQ1-C-A	Positive	0.3274	0.6726
5VI6-B-A	Negative	0.787667	0.212333
5U6K-L-A	Positive	0.159038	0.840962
5U6K-N-C	Positive	0.240764	0.759236
5U6K-O-D	Negative	0.890937	0.109063
5DHM-A-C	Positive	0.434518	0.565482
5DHM-B-D	Positive	0.191536	0.808464
5ICV-C-A	Negative	0.825336	0.174664
5LAK-I-A	Negative	0.501148	0.498852
5W6V-B-A	Positive	0.0794155	0.920584
5YE4-E-A	Positive	0.324382	0.675618
5WPM-C-A	Negative	0.6778	0.3222
5MGP-w-c	Negative	0.567493	0.432507
5J19-C-A	Negative	0.663917	0.336083
5J19-D-A	Positive	0.097577	0.902423
5VLA-Z-A	Negative	0.656942	0.343058
5ZOP-A-G	Positive	0.336652	0.663348
5FYQ-D-A	Negative	0.78026	0.21974
5FYQ-C-B	Positive	0.116274	0.883726
5LHZ-D-A	Negative	0.810139	0.189861
5LHZ-E-B	Negative	0.81396	0.18604
5EA0-P-H	Positive	0.499729	0.500271
5WRI-D-A	Positive	0.485338	0.514662
5NCW-B-A	Positive	0.167014	0.832986
5WXQ-P-U	Negative	0.732687	0.267313
5X8P-u-k	Positive	0.379498	0.620502
5X8P-x-m	Positive	0.472801	0.527199
5H4D-D-A	Negative	0.636233	0.363767
5LXY-D-A	Positive	0.392648	0.607352
5LXY-C-A	Positive	0.392648	0.607352
5LXY-J-A	Positive	0.444977	0.555023
5LXY-F-B	Positive	0.424513	0.575487
5LXY-N-I	Positive	0.237759	0.762241
5L2D-C-A	Positive	0.29117	0.70883
5EEQ-L-A	Positive	0.1225	0.8775
5MG3-G-Y	Positive	0.388484	0.611516
5WG1-P-A	Negative	0.905519	0.0944811
5H7L-E-A	Negative	0.91954	0.0804599
5H7L-G-B	Negative	0.921739	0.0782608
5JP2-E-A	Negative	0.593863	0.406137
5FT1-C-A	Negative	0.692149	0.307851
5FT1-D-B	Negative	0.530778	0.469222
5FT1-F-E	Negative	0.569552	0.430448
5FT1-H-G	Positive	0.447462	0.552538
5FT1-J-I	Negative	0.729322	0.270678
5FT1-L-K	Negative	0.585087	0.414913
5W5U-D-A	Negative	0.754213	0.245787
5C7Z-B-A	Negative	0.603126	0.396874
5GTB-B-A	Negative	0.545585	0.454415
5OVV-B-A	Positive	0.377128	0.622872
5XCS-C-A	Negative	0.79604	0.20396
5IXI-B-A	Positive	0.315386	0.684614
5ULO-C-A	Negative	0.870618	0.129382
5ULO-D-B	Negative	0.701079	0.298921
5IAG-D-A	Negative	0.608346	0.391654
5JTQ-E-A	Positive	0.309548	0.690452
5ZW6-C-A	Negative	0.664781	0.335219
5MEQ-C-A	Negative	0.896223	0.103777
5XZX-B-A	Negative	0.675629	0.324371
5WNB-B-H	Negative	0.863375	0.136625
5XW5-C-A	Positive	0.0916206	0.908379
5IZA-B-A	Negative	0.895409	0.104591
5FLM-L-B	Positive	0.192922	0.807078
5H2X-B-A	Negative	0.801174	0.198826
5FGB-F-A	Negative	0.653802	0.346198
5FGB-G-B	Positive	0.330523	0.669477
5V1V-C-A	Negative	0.894394	0.105606
5NND-D-A	Negative	0.797983	0.202017
5AWU-B-A	Positive	0.206706	0.793294
5V1D-E-A	Negative	0.730571	0.269429
5VUD-C-A	Positive	0.200638	0.799362
5Y18-B-A	Negative	0.78277	0.21723
5T6Z-C-A	Positive	0.379151	0.620849
5LXH-E-A	Negative	0.932981	0.0670193
5LF0-c-H	Negative	0.734331	0.265669
5KOA-D-B	Positive	0.302161	0.697839
5JW9-A-B	Negative	0.518553	0.481447
5W4G-A-B	Positive	0.282918	0.717082
5IY4-B-A	Positive	0.301502	0.698498
5IY4-F-E	Negative	0.794737	0.205263
5J8H-B-A	Negative	0.948551	0.0514489
5O3U-L-A	Negative	0.862977	0.137023
5O3U-M-B	Negative	0.872651	0.127349
5O3U-N-C	Negative	0.820951	0.179049
5KDS-G-A	Negative	0.986835	0.0131645
5DXB-E-B	Positive	0.467147	0.532853
5JF0-D-A	Positive	0.0791635	0.920837
5D3E-C-A	Negative	0.76406	0.23594
5D3E-G-E	Negative	0.751594	0.248406
5D3E-K-I	Negative	0.850236	0.149764
5GMV-D-B	Negative	0.926103	0.0738966
5M0B-B-A	Positive	0.253646	0.746354
5TU6-B-A	Negative	0.640646	0.359354
5WLI-C-A	Negative	0.99533	0.00466977
5XWR-C-A	Negative	0.778899	0.221101
5Q1G-B-A	Negative	0.9604	0.0396001
5MT6-B-A	Positive	0.189028	0.810972
5TGI-C-A	Positive	0.381475	0.618525
5TGI-D-A	Negative	0.523567	0.476433
5MYO-E-A	Negative	0.946732	0.0532683
5E0M-C-A	Negative	0.919641	0.0803591
5W5D-E-B	Negative	0.60722	0.39278
5UIE-K-B	Negative	0.638631	0.361369
5D7G-B-A	Negative	0.749268	0.250732
5D7G-F-E	Negative	0.85026	0.14974
5K18-F-A	Negative	0.780013	0.219987
5K18-E-A	Positive	0.333998	0.666002
5BWD-C-A	Positive	0.25105	0.74895
5NO4-L-H	Positive	0.289345	0.710655
5F88-E-A	Positive	0.0608128	0.939187
5LEO-H-A	Negative	0.80465	0.19535
5OU9-C-A	Positive	0.459024	0.540976
5WB7-E-A	Positive	0.227741	0.772259
5WB7-F-B	Positive	0.207412	0.792588
5WB7-H-D	Positive	0.404532	0.595468
5JMO-G-A	Negative	0.582479	0.417521
5OYP-D-A	Negative	0.646366	0.353634
5NCO-k-V	Negative	0.606022	0.393978
5VTB-B-A	Positive	0.495658	0.504342
5X7B-L-A	Positive	0.329165	0.670835
5X7B-N-A	Positive	0.370615	0.629385
5LZ3-B-A	Negative	0.667875	0.332125
5DTF-P-H	Negative	0.736731	0.263269
5CVE-D-A	Positive	0.189835	0.810165
5CVE-E-B	Negative	0.739761	0.260239
5J3V-C-A	Positive	0.352162	0.647838
5EUK-E-A	Positive	0.450586	0.549414
5ITZ-D-A	Positive	0.105495	0.894505
5OCK-A-L	Positive	0.10096	0.89904
5GJY-C-A	Negative	0.629136	0.370864
5YPR-B-A	Positive	0.421122	0.578878
5OKZ-J-G	Positive	0.136831	0.863169
5OKZ-T-Q	Negative	0.956368	0.0436324
5OKZ-n-k	Positive	0.174279	0.825721
5XJC-x-u	Negative	0.874314	0.125686
5OK6-D-A	Positive	0.341131	0.658869
5OK6-C-B	Negative	0.622324	0.377676
5EMB-B-A	Negative	0.645011	0.354989
5TMU-C-A	Negative	0.833551	0.166449
5NWK-P-A	Negative	0.653509	0.346491
5NWK-Q-B	Negative	0.692692	0.307308
5GG4-E-A	Positive	0.314914	0.685086
5GG4-F-A	Positive	0.300719	0.699281
5GG4-G-C	Positive	0.231962	0.768038
5GG4-H-C	Negative	0.59439	0.40561
5DMS-B-A	Negative	0.71116	0.28884
5DMS-D-A	Negative	0.682524	0.317476
5ANR-C-A	Negative	0.766649	0.233351
5W3P-P-L	Negative	0.961543	0.0384566
5EOK-K-A	Positive	0.306696	0.693304
5ZMQ-C-B	Positive	0.296387	0.703613
5ZMQ-G-B	Positive	0.398116	0.601884
5XAD-C-A	Positive	0.442417	0.557583
5XAD-D-B	Negative	0.593476	0.406524
5WKN-C-A	Negative	0.834748	0.165252
5WKN-D-A	Negative	0.702318	0.297682
5VB9-C-A	Positive	0.0645062	0.935494
5FC8-C-E	Negative	0.885598	0.114402
5TGJ-B-A	Positive	0.362683	0.637317
5TGJ-D-A	Positive	0.248472	0.751528
5Z2W-B-A	Negative	0.781968	0.218032
5N4B-D-A	Negative	0.736354	0.263646
5WTT-P-H	Positive	0.335399	0.664601
5YI7-B-A	Positive	0.464341	0.535659
5TWH-E-A	Negative	0.574465	0.425535
5ZOO-A-G	Negative	0.588859	0.411141
5M5G-E-B	Negative	0.944179	0.0558206
5JQY-B-A	Positive	0.456909	0.543091
5HFE-B-A	Negative	0.912435	0.0875649
5Z94-D-A	Negative	0.655985	0.344015
5VJX-B-A	Negative	0.898639	0.101361
5VJX-C-A	Negative	0.833577	0.166423
5VJX-b-A	Negative	0.869617	0.130383
5VJX-c-A	Negative	0.791011	0.208989
5VJX-F-D	Negative	0.862154	0.137846
5VJX-K-D	Negative	0.758935	0.241065
5VJX-L-D	Negative	0.900821	0.0991788
5VJX-T-D	Negative	0.801609	0.198391
5VJX-I-G	Negative	0.84172	0.15828
5VJX-Z-G	Negative	0.758016	0.241984
5VJX-O-M	Negative	0.816173	0.183827
5VJX-Y-X	Negative	0.836298	0.163702
5VJX-d-X	Positive	0.476397	0.523603
5VJX-e-X	Positive	0.407108	0.592892
5HAW-L-A	Negative	0.942315	0.0576848
5NJT-t-a	Positive	0.0313329	0.968667
5NJT-q-s	Positive	0.394492	0.605508
5XYV-D-A	Negative	0.775759	0.224241
5D9S-C-A	Negative	0.813421	0.186579
5NKP-D-A	Positive	0.449547	0.550453
5HYC-C-A	Positive	0.186966	0.813034
5D9G-C-A	Negative	0.55983	0.44017
5D9G-D-A	Negative	0.904844	0.0951556
5N22-E-A	Negative	0.87177	0.12823
5J3T-C-A	Positive	0.458748	0.541252
5MMM-x-m	Negative	0.506606	0.493394
5B62-B-A	Positive	0.347234	0.652766
5YLG-B-A	Negative	0.538028	0.461972
5YLG-C-A	Negative	0.678485	0.321515
5YLG-D-A	Positive	0.359834	0.640166
5MEO-C-A	Negative	0.891754	0.108246
5TRZ-P-A	Negative	0.942494	0.0575058
5V6H-B-A	Negative	0.666482	0.333518
5V6H-H-A	Negative	0.860773	0.139227
5JEO-B-A	Negative	0.931302	0.0686982
5AFF-B-A	Negative	0.571946	0.428054
5SVZ-B-A	Positive	0.0617565	0.938244
5X6C-E-A	Positive	0.106734	0.893266
5UW7-C-A	Negative	0.88512	0.11488
5HL7-Z-K	Positive	0.182998	0.817002
5SVH-B-A	Positive	0.475549	0.524451
5NPI-E-B	Negative	0.862337	0.137663
5UJT-C-A	Negative	0.604362	0.395638
5UJT-F-D	Positive	0.184348	0.815652
5MY4-C-A	Positive	0.113461	0.886539
5KZT-C-A	Positive	0.296895	0.703105
5KZT-D-B	Negative	0.898266	0.101734
5JJA-C-A	Negative	0.790107	0.209893
5N4E-C-A	Positive	0.187898	0.812102
5N4E-D-B	Positive	0.238197	0.761803
5MLW-F-E	Negative	0.864757	0.135243
5F2U-C-A	Negative	0.964101	0.035899
5N8A-X-A	Negative	0.536833	0.463167
5XXB-a-D	Positive	0.402679	0.597321
5XXB-k-O	Positive	0.269634	0.730366
5B16-B-A	Negative	0.694464	0.305536
5B16-C-A	Negative	0.622253	0.377747
5HF1-B-A	Positive	0.314898	0.685102
5XCU-C-A	Negative	0.908829	0.0911707
5A2K-P-H	Positive	0.185882	0.814118
5M5T-E-A	Negative	0.99516	0.00484013
5M5T-G-A	Negative	0.949987	0.0500127
5M5T-I-A	Negative	0.998418	0.00158201
5HOG-D-A	Negative	0.84176	0.15824
5HOG-E-B	Negative	0.548393	0.451607
5WXR-P-U	Negative	0.805246	0.194754
5WES-P-A	Negative	0.762617	0.237383
5KKL-D-A	Negative	0.77931	0.22069
5NAF-E-A	Positive	0.112741	0.887259
5NAF-F-B	Positive	0.159831	0.840169
5W89-B-A	Positive	0.24614	0.75386
5D0J-L-A	Negative	0.549791	0.450209
5D0J-M-D	Positive	0.393735	0.606265
5UWS-D-C	Negative	0.760903	0.239097
5CXV-C-A	Positive	0.490395	0.509605
5KY3-B-A	Positive	0.223328	0.776672
5LSO-C-A	Positive	0.292349	0.707651
5C27-D-A	Negative	0.867075	0.132925
5YD3-B-A	Negative	0.794026	0.205974
5YD3-F-E	Negative	0.678607	0.321393
5YD3-H-G	Positive	0.394245	0.605755
5AJJ-B-A	Positive	0.266527	0.733473
5NPJ-D-A	Negative	0.86233	0.13767
5NPJ-E-B	Negative	0.66742	0.33258
5L3F-C-A	Negative	0.795001	0.204999
5AB0-E-A	Positive	0.466903	0.533097
5ICZ-E-A	Negative	0.584447	0.415553
5D7E-C-A	Positive	0.475285	0.524715
5KY8-B-A	Negative	0.834112	0.165888
5EWZ-C-A	Negative	0.561805	0.438195
5EWZ-D-B	Negative	0.868675	0.131325
5WUM-B-A	Negative	0.690833	0.309167
5ZEB-7-G	Positive	0.119573	0.880427
5ZEB-5-U	Positive	0.418546	0.581454
5ZEB-4-6	Negative	0.687877	0.312123
5NPS-D-A	Negative	0.757732	0.242268
5SVI-A-B	Negative	0.715495	0.284505
5JTO-E-A	Positive	0.285845	0.714155
5ZZ8-u-q	Negative	0.814501	0.185499
5LNK-x-N	Positive	0.143951	0.856049
5XFR-C-A	Negative	0.553812	0.446188
5ONS-B-A	Positive	0.372315	0.627685
5CNO-X-A	Negative	0.596084	0.403916
5ZZN-I-A	Positive	0.0376031	0.962397
5ZZN-L-A	Negative	0.898887	0.101113
5KQV-A-E	Negative	0.718879	0.281121
5KQV-B-E	Positive	0.263833	0.736167
5OCX-A-L	Positive	0.100204	0.899796
5Q16-B-A	Negative	0.969871	0.0301295
5Q16-D-C	Negative	0.579989	0.420011
5JUB-C-A	Negative	0.792965	0.207035
5T1G-B-A	Positive	0.266897	0.733103
5NTJ-B-A	Positive	0.0520306	0.947969
5N5R-P-A	Negative	0.918722	0.0812781
5WWU-E-A	Positive	0.49576	0.50424
5XOS-C-A	Negative	0.626044	0.373956
5VH0-B-A	Negative	0.639715	0.360285
5NWJ-P-A	Positive	0.371852	0.628148
5IQN-B-A	Negative	0.542358	0.457642
5Y21-C-A	Positive	0.3306	0.6694
5Y21-D-A	Negative	0.769664	0.230336
5SW9-B-A	Negative	0.788699	0.211301
5NAS-C-A	Negative	0.752533	0.247467
5DOW-B-A	Negative	0.598336	0.401664
5VNG-D-B	Negative	0.88525	0.11475
5ACZ-C-A	Negative	0.811917	0.188083
5VNK-D-B	Negative	0.984063	0.0159373
5N4W-V-A	Negative	0.785412	0.214588
5OTV-D-C	Negative	0.860465	0.139535
5OTV-B-A	Negative	0.709143	0.290857
5AWT-B-A	Negative	0.834307	0.165693
5DXA-F-A	Negative	0.524403	0.475597
5DXA-G-B	Negative	0.904727	0.0952729
5ZNP-P-A	Positive	0.314479	0.685521
5EN7-B-A	Negative	0.698793	0.301207
5EN7-D-C	Negative	0.838589	0.161411
5EN7-F-C	Positive	0.483339	0.516661
5EN7-H-G	Negative	0.877929	0.122071
5WTB-F-D	Negative	0.918823	0.0811767
5WTB-H-D	Negative	0.586375	0.413625
5JFZ-B-A	Positive	0.168603	0.831397
5JFZ-D-C	Positive	0.132291	0.867709
5MHL-K-A	Positive	0.467925	0.532075
5X8Q-B-A	Negative	0.904843	0.0951568
5X8Q-F-A	Negative	0.811322	0.188678
5EU3-C-A	Negative	0.951631	0.048369
5BS2-R-A	Positive	0.254635	0.745365
5FCG-C-A	Negative	0.688444	0.311556
5OYL-D-A	Positive	0.105564	0.894436
5MYX-E-A	Negative	0.853606	0.146394
5MYX-F-C	Negative	0.853217	0.146783
5HPM-E-A	Negative	0.831285	0.168715
5CIL-P-H	Positive	0.46221	0.53779
5XOD-B-A	Positive	0.486793	0.513207
5NIN-D-B	Negative	0.588781	0.411219
5UMZ-E-B	Negative	0.635502	0.364498
5UMZ-D-B	Positive	0.0880682	0.911932
5C3G-B-A	Positive	0.392287	0.607713
5V93-1-3	Positive	0.371176	0.628824
5V93-6-F	Positive	0.0819598	0.91804
5V93-4-G	Positive	0.0296805	0.97032
5V93-H-X	Negative	0.630066	0.369934
5ZK1-C-A	Negative	0.667311	0.332689
5N8E-F-A	Negative	0.826242	0.173758
5N8E-E-B	Negative	0.8683	0.1317
5WYL-B-A	Positive	0.211024	0.788976
5WYL-D-A	Positive	0.361136	0.638864
5CUL-A-B	Negative	0.86803	0.13197
5Y91-C-A	Negative	0.797189	0.202811
5KZP-A-H	Positive	0.316991	0.683009
5KZP-B-H	Positive	0.316991	0.683009
5UN8-E-A	Negative	0.790805	0.209195
5UN8-G-A	Negative	0.838929	0.161071
5UN8-F-B	Negative	0.906021	0.0939792
5MLC-2-P	Positive	0.0197483	0.980252
5MLC-8-S	Negative	0.735057	0.264943
5MLC-I-Y	Negative	0.539862	0.460138
5Z08-D-B	Negative	0.865909	0.134092
5KY5-B-A	Negative	0.733842	0.266158
5L6N-I-H	Negative	0.952689	0.0473114
5I7Z-B-A	Negative	0.652961	0.347039
5VMR-C-A	Negative	0.515419	0.484581
5VMR-D-B	Positive	0.422361	0.577639
5E8J-C-A	Negative	0.566741	0.433259
5E8J-D-B	Positive	0.256997	0.743003
5EXK-B-A	Negative	0.717959	0.282041
5EXK-F-E	Negative	0.851901	0.148099
5EXK-J-I	Negative	0.782628	0.217372
5E2A-D-A	Negative	0.625627	0.374373
5HQ8-I-A	Positive	0.444129	0.555871
5HQ8-J-B	Positive	0.399572	0.600428
5I0Q-A-B	Positive	0.400042	0.599958
5Z2Q-D-A	Negative	0.715177	0.284823
5Z2Q-C-B	Negative	0.71682	0.28318
5XJO-E-A	Positive	0.217106	0.782894
5CQX-C-A	Positive	0.446776	0.553224
5EOD-B-A	Negative	0.587286	0.412714
5W3M-D-A	Negative	0.965929	0.0340708
5OL0-C-A	Negative	0.793867	0.206133
5OL0-D-A	Negative	0.811326	0.188674
5NIF-4-E	Negative	0.798469	0.201531
5LF6-c-K	Negative	0.683942	0.316058
5YPZ-D-A	Negative	0.994804	0.00519563
5NNC-C-A	Negative	0.983254	0.0167462
5C3F-B-A	Positive	0.0487837	0.951216
5AZG-C-A	Negative	0.813922	0.186078
5AZG-D-A	Positive	0.345596	0.654404
5U3N-A-H	Positive	0.301655	0.698345
5ZS3-U-A	Negative	0.808184	0.191816
5TDC-B-A	Negative	0.684644	0.315356
5TDC-D-C	Negative	0.536728	0.463272
5MFI-D-A	Positive	0.491647	0.508353
5GM6-n-T	Positive	0.211506	0.788494
5SVE-C-A	Negative	0.940509	0.0594913
5VX2-B-A	Positive	0.280284	0.719716
5FWE-D-B	Negative	0.63791	0.36209
5KLT-A-B	Positive	0.459959	0.540041
5FOS-C-A	Positive	0.367711	0.632289
5V6M-P-L	Positive	0.151981	0.848019
5N7F-C-A	Negative	0.975658	0.0243424
5EYZ-E-A	Negative	0.543745	0.456255
5HZ0-A-B	Positive	0.0261624	0.973838
5J7J-B-A	Positive	0.28051	0.71949
5M3J-X-A	Positive	0.223817	0.776183
5EFN-F-B	Positive	0.318232	0.681768
5CRW-B-A	Positive	0.154204	0.845796
5J3H-B-E	Negative	0.55134	0.44866
5MY9-P-A	Negative	0.952208	0.0477919
5EOT-C-A	Negative	0.950678	0.0493218
5NTW-Q-B	Negative	0.854016	0.145984
5J4T-D-A	Positive	0.484236	0.515764
5HKP-C-A	Positive	0.449389	0.550611
5HKP-D-B	Negative	0.715443	0.284557
5NQF-B-A	Positive	0.273467	0.726533
5GH9-B-A	Negative	0.915181	0.0848189
5M5U-E-A	Negative	0.847224	0.152776
5M5U-G-A	Negative	0.599036	0.400964
5YC2-B-A	Negative	0.944272	0.0557283
5YC2-D-A	Negative	0.974261	0.0257386
5GMJ-D-A	Negative	0.593061	0.406939
5GMJ-C-B	Negative	0.843137	0.156863
5YQ7-T-L	Positive	0.140629	0.859371
5YQ7-V-L	Positive	0.140629	0.859371
5YQ7-R-L	Positive	0.140629	0.859371
5YQ7-2-C	Negative	0.676864	0.323136
5N89-G-A	Negative	0.817045	0.182955
5BNW-D-A	Negative	0.650183	0.349817
5DXG-C-A	Positive	0.467147	0.532853
5DXG-D-B	Negative	0.716857	0.283143
5VLI-C-A	Negative	0.812484	0.187516
5CJB-B-A	Negative	0.703553	0.296447
5CJB-C-A	Negative	0.824088	0.175912
5IZ6-B-A	Negative	0.913571	0.086429
5ONA-C-B	Negative	0.916298	0.0837021
5ONA-F-E	Negative	0.794738	0.205262
5L9B-C-A	Negative	0.696365	0.303635
5LUZ-C-A	Positive	0.126125	0.873875
5LUZ-P-A	Negative	0.847925	0.152075
5LUZ-D-B	Positive	0.406232	0.593768
5FQ8-Q-C	Negative	0.682662	0.317338
5WSH-C-A	Positive	0.234268	0.765732
5LXI-C-D	Negative	0.928679	0.0713212
5LXI-E-B	Negative	0.789688	0.210312
5C56-B-A	Positive	0.156669	0.843331
5C0A-C-A	Negative	0.733784	0.266216
5C0A-H-F	Negative	0.733784	0.266216
5MK3-E-A	Negative	0.807561	0.192439
5MK3-G-C	Negative	0.888952	0.111048
5MLO-B-A	Negative	0.852366	0.147634
5MLO-D-C	Negative	0.783356	0.216644
5MLO-F-E	Negative	0.898565	0.101435
5NC7-I-A	Negative	0.647504	0.352496
5NC7-W-A	Negative	0.566331	0.433669
5NC7-X-B	Negative	0.756233	0.243767
5NC7-Y-C	Negative	0.641756	0.358244
5JEM-C-A	Negative	0.514784	0.485216
5YBE-B-A	Negative	0.858485	0.141515
5IMQ-1-e	Positive	0.153387	0.846613
5IMQ-y-p	Positive	0.292428	0.707572
5IMQ-x-z	Negative	0.580386	0.419614
5GN0-E-A	Positive	0.355673	0.644327
5GN0-F-A	Positive	0.480733	0.519267
5GN0-G-B	Positive	0.435034	0.564966
5HYQ-E-A	Positive	0.331957	0.668043
5KN5-C-A	Positive	0.377074	0.622926
5KN5-F-B	Positive	0.170769	0.829231
5HM1-D-A	Negative	0.819103	0.180897
5W4S-B-A	Negative	0.953896	0.0461045
5YY9-C-A	Positive	0.187587	0.812413
5YY9-D-A	Positive	0.116843	0.883157
5MCO-B-A	Negative	0.861011	0.138989
5ZGB-J-A	Negative	0.734066	0.265934
5EOC-P-H	Negative	0.837006	0.162994
5E8O-C-A	Negative	0.727602	0.272398
5DRZ-P-L	Positive	0.100948	0.899052
5CZI-B-A	Negative	0.756021	0.243979
5OO6-C-A	Positive	0.28632	0.71368
5OO6-U-D	Negative	0.584177	0.415823
5OO6-I-G	Negative	0.659984	0.340017
5VBC-D-A	Negative	0.672408	0.327592
5VYP-K-U	Negative	0.542104	0.457896
5HFB-B-A	Negative	0.688695	0.311305
5VZY-A-H	Positive	0.42394	0.57606
5ODT-B-A	Positive	0.179077	0.820923
5B66-I-A	Positive	0.0376031	0.962397
5B66-J-A	Positive	0.23639	0.76361
5B66-M-A	Positive	0.404406	0.595594
5B66-T-A	Negative	0.510755	0.489245
5B66-j-a	Positive	0.283092	0.716908
5V2C-F-A	Negative	0.709107	0.290893
5V2C-I-A	Positive	0.472708	0.527292
5V2C-J-A	Negative	0.536997	0.463003
5V2C-T-A	Positive	0.25954	0.74046
5V2C-Y-C	Positive	0.101175	0.898825
5V2C-f-a	Negative	0.719693	0.280307
5V2C-j-a	Negative	0.536997	0.463003
5T5P-a-A	Negative	0.889277	0.110723
5T5P-b-B	Negative	0.955339	0.0446606
5L0S-B-A	Positive	0.474913	0.525087
5GMK-G-A	Negative	0.616808	0.383192
5FBY-B-A	Negative	0.694553	0.305447
5M5V-E-A	Negative	0.712417	0.287582
5M5V-G-A	Negative	0.804449	0.195551
5M5V-I-A	Negative	0.862996	0.137004
5IJK-X-A	Negative	0.82453	0.17547
5IJK-Y-B	Negative	0.905777	0.0942235
5KD7-P-A	Negative	0.87654	0.12346
5GPI-G-H	Negative	0.510097	0.489903
5MB9-D-A	Negative	0.670298	0.329702
5MB9-C-B	Negative	0.653141	0.346859
5GJH-B-A	Negative	0.836465	0.163535
5WMR-C-A	Positive	0.316824	0.683176
5FC3-A-B	Positive	0.261213	0.738787
5VX3-B-A	Positive	0.443126	0.556874
5VX3-D-A	Positive	0.371157	0.628843
5VX3-F-E	Positive	0.371157	0.628843
5VX3-H-G	Positive	0.329552	0.670448
5DI9-D-C	Positive	0.480929	0.519071
5JEL-B-A	Negative	0.520111	0.479889
5AF6-G-A	Positive	0.205446	0.794554
5AF6-H-A	Positive	0.233718	0.766282
5AF6-J-B	Positive	0.206469	0.793531
5DZK-O-A	Negative	0.683942	0.316058
5L9T-M-C	Positive	0.179238	0.820762
5OTT-B-A	Positive	0.396397	0.603603
5FFV-C-A	Negative	0.778625	0.221375
5G5L-L-B	Positive	0.311246	0.688754
5IUE-K-A	Negative	0.86087	0.13913
5IUE-N-I	Negative	0.619844	0.380156
5OSN-D-A	Negative	0.894249	0.105751
5ONQ-B-A	Negative	0.835256	0.164744
5MW0-C-A	Negative	0.692529	0.307471
5UFS-C-A	Negative	0.82081	0.17919
5EU5-C-A	Negative	0.977749	0.0222506
5VAQ-C-A	Negative	0.73042	0.26958
5OX2-P-A	Positive	0.19804	0.80196
5YF4-B-A	Positive	0.28454	0.71546
5V6Y-E-A	Negative	0.66776	0.33224
5V6Y-G-C	Positive	0.417965	0.582035
5TDD-B-A	Negative	0.508291	0.491709
5HL0-B-A	Negative	0.964078	0.0359216
5V6L-P-L	Positive	0.275415	0.724585
5V6L-Q-M	Positive	0.0396168	0.960383
5JJM-M-A	Positive	0.485568	0.514432
5JJM-G-A	Negative	0.867071	0.132929
5JJM-H-B	Negative	0.869423	0.130577
5NQV-E-A	Negative	0.991477	0.0085225
5NQV-G-C	Negative	0.793396	0.206604
5NQV-H-D	Negative	0.877639	0.122361
5XCV-C-A	Negative	0.932621	0.0673794
5XCV-F-D	Negative	0.953731	0.0462687
5J9S-B-A	Positive	0.362106	0.637894
5D13-E-A	Negative	0.881742	0.118258
5T6J-C-A	Negative	0.788907	0.211093
5F1I-C-A	Positive	0.243517	0.756483
5FN4-G-A	Negative	0.752242	0.247758
5WRM-P-A	Positive	0.392421	0.607579
5WJC-B-A	Positive	0.437156	0.562844
5LY1-E-C	Negative	0.633131	0.366869
5W4F-A-B	Negative	0.596396	0.403604
5W4F-D-B	Positive	0.244497	0.755503
5V2P-B-A	Positive	0.0747238	0.925276
5Y88-R-A	Negative	0.67958	0.32042
5IZ8-C-A	Negative	0.68134	0.31866
5VWV-B-A	Positive	0.216695	0.783305
5NX3-D-A	Positive	0.0744686	0.925531
5WPL-I-A	Negative	0.862027	0.137973
5WPL-L-D	Negative	0.781997	0.218003
5O3W-W-A	Negative	0.956425	0.0435753
5O3W-Z-D	Negative	0.968754	0.0312465
5EPM-C-A	Positive	0.114182	0.885818
5QU2-D-A	Negative	0.89589	0.10411
5QU2-E-B	Negative	0.89589	0.10411
5IZ0-C-A	Negative	0.961789	0.0382113
5IZ0-H-D	Negative	0.962562	0.0374376
5MT7-B-A	Negative	0.856222	0.143778
5UWU-D-C	Negative	0.989302	0.0106977
5HAX-B-A	Negative	0.953285	0.0467146
5EU6-C-A	Negative	0.987938	0.0120625
5X08-P-H	Positive	0.419372	0.580628
5M5R-C-A	Negative	0.981486	0.0185136
5M5R-D-A	Negative	0.963308	0.0366924
5M72-B-A	Negative	0.940037	0.0599634
5Y81-E-D	Positive	0.30083	0.69917
5GJI-B-A	Negative	0.836465	0.163535
5HYP-B-A	Positive	0.442597	0.557403
5IBK-B-A	Positive	0.353149	0.646851
5IBK-E-A	Positive	0.314902	0.685098
5H2V-B-A	Positive	0.266812	0.733188
5XGL-F-A	Positive	0.361745	0.638255
5L3G-C-A	Negative	0.683942	0.316058
5GMY-B-A	Positive	0.383318	0.616682
5ONR-B-A	Negative	0.636234	0.363766
5MSM-C-A	Positive	0.497466	0.502534
5MSM-F-A	Positive	0.250194	0.749806
5VNH-D-B	Negative	0.88293	0.11707
5KSV-C-A	Negative	0.971613	0.0283871
5GSD-C-A	Negative	0.652208	0.347792
5OOQ-C-A	Negative	0.554652	0.445348
5OOQ-D-B	Positive	0.459315	0.540685
5KD4-P-A	Negative	0.841599	0.158401
5KY2-B-A	Positive	0.169197	0.830803
5FB0-D-A	Positive	0.159485	0.840515
5M5S-G-A	Negative	0.931167	0.0688334
5MW9-C-A	Positive	0.425254	0.574746
5MW9-D-A	Positive	0.371827	0.628173
5NP6-C-c	Positive	0.280853	0.719147
5HCE-D-B	Negative	0.558439	0.441561
5VAO-E-B	Positive	0.170123	0.829877
5V2Q-B-A	Positive	0.494849	0.505151
5KAI-J-A	Positive	0.23639	0.76361
5KAI-T-A	Positive	0.25954	0.74046
5KAI-j-a	Positive	0.23639	0.76361
5A31-T-A	Positive	0.494931	0.505069
5A31-V-L	Positive	0.137228	0.862772
5E33-B-A	Negative	0.892318	0.107682
5WRD-C-A	Negative	0.924051	0.0759489
5MTW-E-C	Positive	0.0689199	0.93108
5ABY-B-A	Negative	0.562282	0.437718
5ABY-F-C	Positive	0.465925	0.534075
5E79-I-A	Negative	0.557945	0.442055
5OA1-9-U	Negative	0.846601	0.153399
5OA1-1-V	Negative	0.84436	0.15564
5OA1-4-W	Negative	0.669945	0.330054
5XS3-C-A	Negative	0.738208	0.261792
5ZK5-B-A	Negative	0.750324	0.249676
5HIT-B-A	Positive	0.169805	0.830195
5FC2-A-B	Positive	0.196412	0.803588
5WRK-P-A	Positive	0.405233	0.594767
5C0E-C-A	Negative	0.706514	0.293486
5V6E-B-A	Negative	0.846637	0.153363
5SWF-B-A	Negative	0.850292	0.149708
5H7G-C-A	Positive	0.191208	0.808792
5ESQ-E-A	Negative	0.831285	0.168715
5XUP-D-B	Positive	0.11398	0.88602
5JHQ-E-A	Positive	0.104457	0.895543
5JHQ-F-A	Positive	0.0967463	0.903254
5JHQ-G-B	Positive	0.357979	0.642021
5JHQ-H-B	Negative	0.724465	0.275535
5JHQ-L-D	Negative	0.660961	0.339039
5X8N-B-A	Negative	0.752205	0.247795
5R4B-A-B	Negative	0.698161	0.301839
5KHU-B-N	Negative	0.571369	0.428631
5KHU-M-P	Positive	0.164676	0.835324
5KHU-U-S	Negative	0.607477	0.392523
5WE0-B-A	Positive	0.305466	0.694534
5WE0-C-A	Negative	0.597014	0.402986
5WE0-E-D	Positive	0.343421	0.656579
5WE0-F-D	Positive	0.439221	0.560779
5WE0-I-D	Negative	0.665336	0.334664
5Y2F-C-A	Positive	0.368611	0.631389
5BK0-E-A	Negative	0.906484	0.0935164
5WN9-A-H	Positive	0.0767641	0.923236
5JHF-G-C	Negative	0.822649	0.177351
5JHF-I-C	Positive	0.0532897	0.94671
5O5J-g-M	Positive	0.135296	0.864704
5LU1-C-A	Negative	0.937035	0.0629652
5AM8-P-A	Negative	0.649249	0.350751
5WOU-V-A	Negative	0.734086	0.265914
5G04-S-L	Negative	0.931298	0.0687015
5U1M-B-A	Negative	0.730183	0.269817
5MFJ-C-A	Negative	0.527223	0.472777
5NL1-H-A	Positive	0.224738	0.775262
5NL1-J-A	Positive	0.286373	0.713627
5NL1-K-A	Positive	0.353091	0.646909
5NL1-L-E	Positive	0.27772	0.72228
5F0P-D-B	Positive	0.467225	0.532775
5UUK-B-A	Negative	0.71663	0.28337
5HYT-A-B	Negative	0.957972	0.0420283
5HYT-C-B	Negative	0.866895	0.133105
5ZJI-J-2	Positive	0.424583	0.575417
5GLH-B-A	Positive	0.12079	0.87921
5JTP-E-A	Negative	0.898881	0.101119
5V8Z-B-A	Negative	0.593122	0.406878
5TQC-B-A	Negative	0.825815	0.174185
5WBH-W-C	Positive	0.0570856	0.942914
5FOT-C-A	Positive	0.470211	0.529789
5LSK-P-A	Positive	0.368884	0.631116
5OJR-E-A	Positive	0.31603	0.68397
5OJR-F-B	Positive	0.387135	0.612865
5X94-L-A	Negative	0.821162	0.178838
5X94-N-A	Negative	0.653949	0.346051
5X94-M-B	Positive	0.487109	0.512891
5X94-O-B	Negative	0.813325	0.186675
5LMF-C-A	Negative	0.707957	0.292043
5AJO-B-A	Negative	0.673481	0.326519
5D2D-C-A	Negative	0.784333	0.215667
5XVW-D-A	Positive	0.117793	0.882207
5XVW-F-C	Positive	0.0776758	0.922324
5DWQ-F-A	Positive	0.360413	0.639587
5DWQ-G-C	Positive	0.25086	0.74914
5U4J-c-e	Positive	0.356627	0.643373
5GRQ-C-A	Negative	0.926029	0.0739707
5GRQ-D-B	Negative	0.983698	0.0163023
5M3H-X-A	Negative	0.783594	0.216406
5M3H-Y-A	Positive	0.229073	0.770927
5H17-B-A	Negative	0.71366	0.28634
5KTB-C-A	Negative	0.574189	0.425811
5MU0-Q-A	Negative	0.875984	0.124016
5MU0-V-B	Negative	0.875984	0.124016
5VAY-E-A	Negative	0.818296	0.181704
5VAY-G-A	Negative	0.84827	0.15173
5VAY-H-D	Negative	0.940354	0.0596456
5YMV-C-A	Positive	0.23881	0.76119
5MDW-6-7	Negative	0.842896	0.157104
5WHH-B-A	Negative	0.73808	0.26192
5E8F-D-A	Negative	0.572615	0.427385
5IOH-B-A	Positive	0.166799	0.833201
5IOH-D-A	Positive	0.156529	0.843471
5LV0-C-A	Negative	0.666206	0.333794
5UWI-D-C	Negative	0.919992	0.080008
5FDW-C-A	Negative	0.962166	0.0378338
5JY0-B-A	Negative	0.983207	0.016793
5UUL-B-A	Negative	0.698149	0.301851
5FVL-C-A	Negative	0.812726	0.187274
5FVL-D-A	Negative	0.931647	0.068353
5GTI-f-a	Negative	0.674287	0.325713
5Y1U-D-A	Negative	0.551345	0.448655
5Y1U-C-B	Negative	0.551345	0.448655
5E50-C-A	Negative	0.686112	0.313888
5FW5-C-A	Positive	0.24526	0.75474
5MK2-C-A	Negative	0.649045	0.350955
5CX3-E-A	Negative	0.913763	0.0862367
5CX3-F-B	Negative	0.943185	0.0568147
5CX3-H-D	Negative	0.855024	0.144976
5LAX-E-A	Positive	0.0637284	0.936272
5B78-B-A	Negative	0.787744	0.212256
5KY4-B-A	Negative	0.850385	0.149615
5M9D-B-A	Positive	0.474006	0.525994
5FMK-B-A	Positive	0.326167	0.673833
5DMG-P-H	Negative	0.951966	0.0480344
5DMG-Z-C	Negative	0.995293	0.00470708
5DMG-X-E	Negative	0.861592	0.138408
5BWN-B-A	Negative	0.77359	0.22641
5E0L-C-A	Negative	0.589649	0.410351
5OHG-C-A	Negative	0.781504	0.218496
5OHG-J-B	Positive	0.41462	0.58538
5HTC-C-A	Negative	0.634266	0.365734
5E3C-B-A	Positive	0.254172	0.745828
5MJY-E-A	Negative	0.716808	0.283192
5BWO-B-A	Negative	0.780977	0.219023
5WLB-B-A	Negative	0.971763	0.0282365
5WLB-C-A	Negative	0.940366	0.0596341
5WLB-E-D	Negative	0.96439	0.0356097
5WLB-F-D	Negative	0.876521	0.123479
5KNM-N-A	Positive	0.302494	0.697506
5MXO-P-A	Positive	0.146821	0.853179
5D94-B-A	Negative	0.826343	0.173657
5C1B-U-A	Negative	0.604971	0.395029
5C1B-V-D	Positive	0.253289	0.746711
5H2W-B-A	Negative	0.747506	0.252494
5N7X-D-A	Negative	0.696703	0.303297
5K8Q-B-A	Negative	0.521373	0.478627
5KXH-B-A	Positive	0.284962	0.715038
5J3Q-B-A	Negative	0.849111	0.150889
5J3Q-D-C	Negative	0.703339	0.296661
5WXF-P-U	Negative	0.65236	0.34764
5OAQ-L-A	Negative	0.633485	0.366515
5E00-C-A	Positive	0.0690836	0.930916
5M9E-E-A	Negative	0.804697	0.195303
5M9E-F-A	Negative	0.674328	0.325672
5M9E-H-A	Positive	0.341642	0.658358
5M9E-G-C	Negative	0.684998	0.315002
5IZ2-Z-B	Negative	0.933852	0.0661482
5I22-B-A	Negative	0.691394	0.308606
5XFQ-E-A	Negative	0.78064	0.21936
5TXS-C-A	Negative	0.970836	0.0291639
5FMJ-B-A	Negative	0.539306	0.460694
5AX3-B-A	Positive	0.280082	0.719918
5FZT-B-A	Positive	0.211466	0.788534
5AD0-C-A	Negative	0.930447	0.0695528
5LM1-B-A	Negative	0.825536	0.174464
5AMB-P-A	Negative	0.899486	0.100514
5L0U-B-A	Negative	0.733842	0.266158
5OT7-b-d	Negative	0.535098	0.464902
5OT7-c-y	Positive	0.274787	0.725213
5YQZ-P-R	Positive	0.477818	0.522182
5EEL-M-A	Positive	0.278427	0.721573
5EEL-P-C	Positive	0.278427	0.721573
5HHG-C-E	Negative	0.922375	0.0776247
5IXQ-B-A	Negative	0.724051	0.275949
5HYX-A-B	Negative	0.705212	0.294788
5INB-B-A	Positive	0.417768	0.582232
5I25-B-A	Negative	0.742067	0.257933
5UY9-B-A	Negative	0.765388	0.234612
5T5J-b-B	Negative	0.88293	0.11707
5CZH-B-A	Negative	0.867498	0.132502
5WE2-B-A	Positive	0.390612	0.609388
5WE2-D-C	Positive	0.343421	0.656579
5WE2-F-C	Negative	0.92205	0.0779505
5XNL-F-A	Negative	0.582678	0.417322
5XNL-I-A	Negative	0.546026	0.453974
5XNL-J-A	Positive	0.123231	0.876769
5XNL-M-A	Positive	0.223471	0.776529
5XNL-T-A	Positive	0.0793707	0.920629
5XNL-X-B	Positive	0.0802346	0.919765
5OCY-C-H	Negative	0.944969	0.0550312
5E2W-P-L	Positive	0.290402	0.709598
5NCT-C-A	Positive	0.162097	0.837903
5MTF-C-A	Positive	0.297673	0.702327
5T48-B-A	Negative	0.677014	0.322986
5FA4-C-A	Negative	0.902094	0.0979065
5DAH-D-A	Negative	0.540646	0.459354
5YLX-C-A	Positive	0.306603	0.693397
5KSB-J-A	Positive	0.415096	0.584904
5O76-B-A	Negative	0.975372	0.0246284
5E1D-D-A	Positive	0.146195	0.853805
5F5V-C-A	Positive	0.405036	0.594964
5U5F-D-A	Positive	0.188327	0.811673
5EXA-D-A	Negative	0.698995	0.301005
5CSF-C-A	Negative	0.698284	0.301716
5IZU-B-A	Positive	0.469057	0.530943
5XYM-1-3	Negative	0.827652	0.172348
5XYM-H-X	Negative	0.63262	0.36738
5AGW-C-A	Negative	0.7028	0.2972
5W8F-B-A	Negative	0.905303	0.0946975
5E8P-C-A	Positive	0.302481	0.697519
5K3Y-D-A	Positive	0.400057	0.599943
5TUV-C-A	Positive	0.0710509	0.928949
5TUV-F-D	Positive	0.256039	0.743961
5FML-A-B	Negative	0.840252	0.159748
5OAV-D-A	Positive	0.12557	0.87443
5NNG-B-A	Negative	0.522014	0.477986
5JP4-B-A	Negative	0.699419	0.300581
5ZQG-C-A	Negative	0.956659	0.0433406
5U5R-B-A	Positive	0.374906	0.625094
5TQS-E-A	Negative	0.800752	0.199248
5TQS-F-A	Negative	0.880407	0.119593
5TQS-G-C	Negative	0.50627	0.49373
5TQS-H-D	Negative	0.634264	0.365736
5JNB-E-A	Positive	0.203735	0.796265
5JNB-G-A	Positive	0.181411	0.818589
5JNB-H-B	Positive	0.176097	0.823903
5IR6-C-A	Positive	0.167648	0.832352
5EIV-C-A	Positive	0.424344	0.575656
5EIV-D-A	Positive	0.495075	0.504925
5EIV-F-A	Positive	0.424344	0.575656
5EIV-I-A	Negative	0.659173	0.340827
5EIV-K-A	Negative	0.659173	0.340827
5V1A-B-A	Positive	0.334379	0.665621
5F8Z-B-A	Negative	0.851632	0.148368
5ZVM-a-A	Negative	0.610442	0.389558
5ZVM-c-A	Positive	0.496534	0.503466
5ZVM-b-B	Negative	0.807626	0.192374
5W0K-X-A	Negative	0.868816	0.131184
5W0K-Y-C	Negative	0.502715	0.497285
5DDH-C-A	Positive	0.482473	0.517527
5WQL-G-C	Positive	0.489188	0.510812
5OM2-B-A	Positive	0.0771415	0.922859
5N32-B-A	Positive	0.383177	0.616823
5VA9-C-A	Positive	0.451953	0.548047
5Q13-B-A	Negative	0.796509	0.203491
5H9B-B-A	Positive	0.445202	0.554798
5GSB-C-A	Positive	0.365104	0.634896
5W2J-F-B	Negative	0.927355	0.0726453
5H5S-B-A	Positive	0.141712	0.858288
5M36-C-A	Positive	0.39218	0.60782
5M36-D-A	Negative	0.739942	0.260058
5OWU-B-A	Negative	0.813586	0.186414
5XNM-J-A	Positive	0.111726	0.888274
5YGD-D-A	Negative	0.943912	0.0560879
5U5M-D-A	Positive	0.450059	0.549941
5F5T-D-A	Positive	0.446829	0.553171
5UXX-B-A	Positive	0.452766	0.547234
5UXX-D-A	Negative	0.732896	0.267104
5ZWN-x-R	Negative	0.752242	0.247758
5ZWN-X-T	Negative	0.856524	0.143476
5UML-C-A	Negative	0.654461	0.345539
5ET1-C-A	Negative	0.927852	0.0721481
5ET1-D-B	Negative	0.927852	0.0721481
5CQ2-B-A	Positive	0.482614	0.517386
5CQ2-C-A	Positive	0.482614	0.517386
5N8W-D-A	Negative	0.827284	0.172716
5FPX-E-A	Positive	0.377229	0.622771
5FPX-F-B	Positive	0.49547	0.50453
5NE4-4-1	Negative	0.509747	0.490253
5A2I-P-H	Positive	0.0958235	0.904177
5DMV-D-C	Negative	0.705536	0.294464
5FBZ-E-A	Negative	0.968521	0.0314788
5CWS-F-B	Negative	0.740951	0.259049
5FUR-L-I	Positive	0.267001	0.732999
5MOC-P-A	Negative	0.689022	0.310978
5YW1-A-B	Positive	0.200688	0.799312
5HCC-D-B	Positive	0.282436	0.717564
5VWZ-B-A	Negative	0.769596	0.230404
5VWZ-D-A	Negative	0.769596	0.230404
5ZNR-P-A	Negative	0.710047	0.289953
5YV5-B-A	Negative	0.935672	0.0643278
5GXW-B-A	Negative	0.608996	0.391004
5LI0-8-H	Positive	0.0819728	0.918027
5TED-H-A	Negative	0.87611	0.12389
5BXO-C-A	Negative	0.921423	0.0785765
5O9T-C-A	Positive	0.0120484	0.987952
5X54-C-A	Negative	0.906716	0.0932839
5TZP-B-A	Positive	0.173659	0.826341
5DIF-D-C	Negative	0.757836	0.242164
5V90-D-C	Positive	0.42928	0.57072
5V90-B-A	Negative	0.76386	0.23614
5OVC-B-A	Negative	0.916475	0.0835254
5UA5-B-A	Negative	0.870549	0.129451
5XYW-B-A	Positive	0.363837	0.636163
5XYW-C-A	Positive	0.29651	0.70349
5XYW-D-A	Negative	0.668299	0.331701
5U1Q-L-A	Negative	0.804152	0.195848
5U1Q-M-B	Negative	0.804152	0.195848
5NC2-I-A	Negative	0.786839	0.213161
5NC2-J-B	Negative	0.895243	0.104757
5H2F-J-A	Positive	0.23639	0.76361
5H2F-L-A	Negative	0.91583	0.0841696
5H2F-f-a	Negative	0.674287	0.325713
5H2F-j-a	Positive	0.283092	0.716908
5F74-B-A	Negative	0.680766	0.319234
5U3M-A-H	Positive	0.420352	0.579648
5LSJ-P-A	Positive	0.433797	0.566203
5LSJ-Q-C	Positive	0.365129	0.634871
5YVY-A-B	Positive	0.202058	0.797942
5ZT0-G-A	Positive	0.278974	0.721026
5Q0P-D-C	Negative	0.893738	0.106262
5XWJ-C-A	Positive	0.0805957	0.919404
5N5W-P-A	Negative	0.753411	0.246589
5DX8-E-A	Negative	0.606476	0.393524
5DX8-H-A	Negative	0.865741	0.134259
5DX8-F-B	Positive	0.41471	0.58529
5DX8-G-C	Negative	0.713787	0.286213
5FOX-C-A	Negative	0.55392	0.44608
5C5R-C-A	Negative	0.770965	0.229035
5ZOB-I-B	Negative	0.666347	0.333653
5BUO-B-A	Negative	0.806167	0.193833
5IOK-C-A	Negative	0.682008	0.317992
5M61-E-A	Negative	0.829206	0.170794
5M61-G-A	Negative	0.813736	0.186264
5JBH-Y-3	Positive	0.152529	0.847471
5JBH-0-M	Negative	0.84476	0.15524
5VA6-C-A	Negative	0.77217	0.22783
5VK0-B-A	Positive	0.363627	0.636373
5VK0-X-E	Positive	0.363627	0.636373
5W93-E-B	Negative	0.965669	0.0343306
5IVZ-E-A	Negative	0.584692	0.415308
5T46-B-A	Negative	0.786282	0.213718
5T46-D-A	Negative	0.782836	0.217164
5D6Y-a-A	Positive	0.160663	0.839337
5D6Y-d-A	Positive	0.292362	0.707638
5E8D-A-H	Positive	0.271301	0.728699
5WHE-F-A	Negative	0.781997	0.218003
5YD5-B-A	Negative	0.57779	0.42221
5HEB-B-A	Positive	0.485779	0.514221
5Z8H-B-A	Negative	0.845623	0.154377
5W7Y-D-A	Negative	0.822742	0.177258
5EFW-C-A	Positive	0.151549	0.848451
5TDA-B-A	Positive	0.22141	0.77859
5WWO-C-A	Negative	0.872231	0.127769
5Y53-D-A	Negative	0.568505	0.431495
5Y53-F-C	Negative	0.50853	0.49147
5WZZ-G-A	Negative	0.644487	0.355513
5WZZ-F-B	Negative	0.930398	0.0696021
5WZZ-E-C	Positive	0.11245	0.88755
5XLN-B-A	Negative	0.584656	0.415344
5HKH-B-A	Negative	0.858212	0.141788
5DAI-B-A	Negative	0.770614	0.229386
5NJ9-E-A	Negative	0.594731	0.405269
5O4Y-D-B	Positive	0.318595	0.681405
5FJW-L-A	Negative	0.692666	0.307334
5V1Y-E-A	Negative	0.697595	0.302406
5O5M-C-A	Positive	0.0737497	0.92625
5DIY-P-A	Negative	0.670505	0.329495
5SUP-H-A	Negative	0.983004	0.0169962
5SUP-I-C	Negative	0.972048	0.0279524
5JA5-B-A	Negative	0.843035	0.156965
5R1R-D-A	Negative	0.520157	0.479843
5DK2-D-E	Positive	0.0216094	0.978391
5LUP-L-E	Positive	0.243371	0.756629
5D2A-C-A	Negative	0.770353	0.229647
5PAD-I-A	Negative	0.800542	0.199458
5EG2-B-A	Positive	0.0816479	0.918352
5G4C-F-A	Negative	0.897671	0.102329
5B76-B-A	Negative	0.64968	0.35032
5SGA-P-E	Negative	0.929039	0.0709615
5VVT-B-A	Negative	0.974404	0.0255964
5VVT-D-A	Negative	0.994863	0.00513653
5T5H-q-X	Positive	0.0430639	0.956936
5OSI-C-A	Negative	0.800478	0.199522
5OSI-F-D	Positive	0.406075	0.593925
5F7D-C-A	Negative	0.835702	0.164298
5I8X-E-B	Negative	0.67749	0.32251
5KSA-J-A	Negative	0.684291	0.315709
5GMI-C-A	Negative	0.84322	0.15678
5ZS6-U-A	Negative	0.877037	0.122963
5YPF-C-A	Negative	0.676035	0.323965
5CIU-C-A	Positive	0.48381	0.51619
5TH2-E-A	Positive	0.360474	0.639526
5FRS-C-A	Negative	0.677659	0.322341
5TBD-I-E	Positive	0.425023	0.574977
5LI1-B-A	Positive	0.412171	0.587829
5OKD-I-A	Negative	0.596827	0.403173
5ND8-u-k	Positive	0.498262	0.501738
5ND8-4-Q	Positive	0.182998	0.817002
5BS7-F-B	Positive	0.391091	0.608909
5JJY-B-A	Positive	0.306831	0.693169
5WMQ-C-A	Negative	0.924412	0.0755882
5C0J-C-A	Negative	0.962707	0.037293
5TWG-E-A	Negative	0.884489	0.115511
5WOB-b-B	Negative	0.6451	0.3549
5WOB-d-D	Positive	0.385499	0.614501
5WOB-e-E	Negative	0.94055	0.0594499
5WOB-f-F	Negative	0.779236	0.220764
5WOB-g-G	Negative	0.754016	0.245984
5WOB-h-H	Negative	0.835905	0.164095
5LZP-X-0	Negative	0.620495	0.379505
5VHS-e-V	Positive	0.489066	0.510934
5V5O-A-C	Positive	0.423668	0.576332
5V5O-B-C	Positive	0.127593	0.872407
5NNP-C-A	Negative	0.817013	0.182987
5NNP-I-A	Negative	0.844335	0.155665
5NNP-G-E	Negative	0.817013	0.182987
5DRV-B-A	Negative	0.681712	0.318288
5IM7-E-A	Negative	0.732884	0.267116
5VQI-A-B	Positive	0.211341	0.788659
5VQI-C-B	Positive	0.249376	0.750624
5BNP-D-A	Negative	0.966999	0.0330012
5DN2-G-A	Negative	0.656134	0.343866
5DN2-E-C	Positive	0.271496	0.728504
5UWH-D-C	Negative	0.597821	0.402179
5I4R-C-D	Positive	0.149867	0.850133
5I4R-G-H	Positive	0.13823	0.86177
5ZVW-B-A	Negative	0.868939	0.131061
5VK1-B-A	Positive	0.434971	0.565029
5VK1-F-E	Positive	0.377573	0.622427
5VK1-H-G	Negative	0.785117	0.214883
5EHH-B-A	Negative	0.840174	0.159826
5ZML-B-A	Negative	0.819069	0.180931
5W1W-C-A	Negative	0.787771	0.212229
5N1K-B-A	Positive	0.216952	0.783048
5ZV3-A-H	Positive	0.331504	0.668496
5GJ4-A-B	Positive	0.0991672	0.900833
5YT6-F-E	Positive	0.458971	0.541029
5YT6-D-A	Negative	0.704356	0.295644
5YT6-H-G	Negative	0.589824	0.410176
5NWM-B-A	Positive	0.212258	0.787742
5OM3-B-A	Positive	0.255302	0.744698
5M0J-J-D	Positive	0.452068	0.547932
5M0J-I-D	Positive	0.250201	0.749799
5M0J-G-B	Negative	0.603927	0.396073
5M0J-H-B	Positive	0.401367	0.598633
5ZK9-B-A	Negative	0.610345	0.389655
5A0R-D-A	Negative	0.933905	0.0660949
5WMN-E-A	Negative	0.632319	0.367681
5DJQ-N-A	Positive	0.266994	0.733006
5SZC-H-A	Negative	0.929182	0.0708184
5BTR-D-A	Negative	0.636233	0.363767
5MER-C-A	Negative	0.939055	0.0609453
5MER-F-D	Negative	0.939055	0.0609453
5XN3-B-A	Negative	0.839671	0.160328
5LYN-D-A	Negative	0.912002	0.0879981
5MMJ-0-m	Negative	0.945692	0.0543079
5YBA-B-A	Negative	0.524536	0.475464
5YBA-D-C	Negative	0.721819	0.278181
5KHR-M-F	Positive	0.123925	0.876075
5XIU-A-B	Negative	0.794259	0.205741
5LJN-C-A	Negative	0.942239	0.0577609
5LJN-D-A	Negative	0.877109	0.122891
5DE2-C-A	Negative	0.583195	0.416805
5DE2-D-B	Negative	0.922966	0.0770337
5B56-C-A	Positive	0.400138	0.599862
5GSR-P-A	Positive	0.175043	0.824957
5CWW-C-B	Negative	0.588253	0.411747
5IXF-B-A	Negative	0.617142	0.382858
5H1S-a-H	Negative	0.565223	0.434777
5SWQ-C-A	Positive	0.371951	0.628049
5WGG-B-A	Negative	0.926844	0.0731559
5MV3-X-A	Positive	0.434979	0.565021
5MV3-E-C	Negative	0.559345	0.440655
5MV3-Q-D	Negative	0.559345	0.440655
5MV3-K-I	Negative	0.675305	0.324695
5VMO-B-A	Negative	0.710865	0.289135
5EMA-B-A	Negative	0.876895	0.123105
5XJM-B-A	Positive	0.156713	0.843287
5N10-C-A	Positive	0.417856	0.582144
5H5R-B-A	Positive	0.0549278	0.945072
5GJX-C-A	Negative	0.664189	0.335811
5KWN-U-A	Negative	0.733414	0.266586
5T6Y-C-A	Positive	0.382264	0.617736
5WBJ-T-A	Negative	0.873127	0.126873
5V1U-E-A	Negative	0.893795	0.106205
5V1U-G-A	Negative	0.942553	0.0574466
5V1U-F-B	Negative	0.644957	0.355043
5V1U-H-B	Positive	0.403786	0.596214
5N7D-C-A	Negative	0.985093	0.0149069
5OQT-C-A	Positive	0.448151	0.551849
5EZ0-E-A	Negative	0.885777	0.114223
5EZ0-G-A	Positive	0.360545	0.639455
5EZ0-H-D	Positive	0.360545	0.639455
5JLZ-E-A	Positive	0.0843067	0.915693
5W5S-D-A	Negative	0.879142	0.120858
5XY9-C-A	Negative	0.630761	0.369239
5JLB-B-A	Positive	0.360239	0.639761
5FG8-B-A	Negative	0.800443	0.199557
5V5P-A-C	Positive	0.251093	0.748907
5IQO-B-A	Positive	0.317494	0.682506
5IQO-D-A	Positive	0.397108	0.602892
5VKO-B-A	Positive	0.356087	0.643913
5UWR-D-C	Positive	0.473371	0.526629
5L85-B-A	Negative	0.631567	0.368433
5ME5-B-A	Positive	0.485331	0.514669
5M0I-J-D	Negative	0.644398	0.355602
5M0I-H-B	Positive	0.422072	0.577928
5VNE-D-B	Negative	0.932665	0.0673345
5OOB-Z-A	Negative	0.829859	0.170141
5OOB-E-C	Negative	0.565171	0.434829
5OOB-K-I	Positive	0.334493	0.665507
5LZ6-B-A	Negative	0.751232	0.248768
5XXE-C-A	Positive	0.0988035	0.901196
5UWQ-D-C	Positive	0.284098	0.715902
5MFE-E-A	Negative	0.773378	0.226622
5YYZ-B-A	Negative	0.608817	0.391183
5GTU-B-A	Negative	0.532464	0.467536
5YZG-4-A	Negative	0.79383	0.20617
5HKY-B-A	Positive	0.158507	0.841493
5F8T-P-A	Negative	0.645076	0.354924
5VNJ-D-B	Negative	0.787667	0.212333
5LUT-I-G	Positive	0.382869	0.617131
5LUT-J-H	Positive	0.473455	0.526545
5L0Y-M-B	Negative	0.826863	0.173137
5L0Y-I-C	Negative	0.7435	0.2565
5N3F-B-A	Positive	0.290772	0.709228
5N8B-E-A	Negative	0.811129	0.188871
5WEZ-B-A	Positive	0.121698	0.878302
5U1G-Z-D	Positive	0.332434	0.667566
5U1G-K-D	Negative	0.526573	0.473427
5U1G-Y-A	Negative	0.724216	0.275784
5U1G-R-A	Negative	0.557499	0.442501
5YYL-C-A	Negative	0.859603	0.140397
5YYL-D-A	Negative	0.792584	0.207416
5LGS-E-A	Positive	0.381949	0.618051
5LGS-F-A	Positive	0.375803	0.624197
5H10-D-A	Negative	0.64999	0.35001
5H10-E-B	Positive	0.222879	0.777121
5H10-F-C	Negative	0.645678	0.354322
5WET-P-A	Negative	0.758391	0.241609
5KY0-B-A	Negative	0.874692	0.125308
5XOJ-D-C	Negative	0.769097	0.230903
5XOJ-E-C	Negative	0.540273	0.459727
5XOJ-F-C	Negative	0.705665	0.294335
5XOJ-G-C	Negative	0.957048	0.042952
5C0C-C-A	Negative	0.962707	0.037293
5IG7-C-A	Negative	0.867303	0.132697
5VIE-D-A	Negative	0.693762	0.306238
5WE1-D-A	Positive	0.273727	0.726273
5WAS-B-A	Positive	0.427424	0.572576
5MV4-X-A	Negative	0.952815	0.0471847
5MV4-H-F	Negative	0.918951	0.0810492
5MV4-K-I	Negative	0.918951	0.0810492
5MV4-N-L	Negative	0.952815	0.0471847
5IV2-E-A	Negative	0.584692	0.415308
5MGX-C-E	Negative	0.540998	0.459002
5MGX-A-F	Negative	0.920172	0.0798281
5MGX-D-H	Negative	0.520699	0.479301
5MZM-C-A	Positive	0.43799	0.56201
5YCA-C-A	Negative	0.929427	0.0705733
5VWX-B-A	Negative	0.561466	0.438534
5VWX-D-A	Negative	0.561466	0.438534
5TSV-D-A	Negative	0.951086	0.0489139
5U6A-D-A	Positive	0.0512012	0.948799
5VAU-E-A	Negative	0.88032	0.11968
5VAU-G-A	Negative	0.795951	0.204049
5VAU-F-B	Positive	0.421523	0.578477
5BJT-P-A	Positive	0.280921	0.719079
5H6R-C-A	Negative	0.6684	0.3316
5MBW-B-A	Positive	0.0642108	0.935789
5ID1-F-A	Negative	0.529818	0.470182
5UWT-D-C	Positive	0.189748	0.810252
5JZU-B-A	Positive	0.305723	0.694277
5F0M-D-B	Negative	0.863201	0.136799
5WRL-P-A	Negative	0.768739	0.231261
5GRG-C-A	Positive	0.394738	0.605262
5GRG-D-A	Negative	0.809562	0.190438
5N9P-C-B	Negative	0.719649	0.280351
5UWW-D-C	Negative	0.94884	0.0511598
5MP3-C-H	Negative	0.709259	0.290741
5W6U-D-A	Negative	0.84043	0.15957
5YKW-B-A	Negative	0.926042	0.0739578
5VAB-F-A	Negative	0.929545	0.0704546
5DBE-A-X	Positive	0.43606	0.56394
5KEZ-B-A	Negative	0.622742	0.377258
5C5E-G-A	Negative	0.928569	0.0714305
5C5E-H-A	Negative	0.821595	0.178405
5XA5-B-A	Negative	0.5179	0.4821
5X3S-C-B	Negative	0.507085	0.492915
5C07-C-A	Negative	0.706514	0.293486
5U3K-P-H	Positive	0.108359	0.891641
5U3K-C-H	Positive	0.175615	0.824385
5O5B-4-1	Negative	0.591824	0.408176
5WWJ-E-A	Negative	0.841717	0.158283
5WWJ-F-C	Negative	0.954716	0.0452839
5OKI-I-B	Positive	0.400008	0.599992
5EOQ-A-H	Positive	0.374971	0.625029
5YVW-A-B	Positive	0.233825	0.766175
5OM5-B-A	Positive	0.20977	0.79023
5O9V-C-A	Positive	0.0465218	0.953478
5DSC-Q-A	Negative	0.5688	0.4312
5YAH-C-B	Positive	0.0163448	0.983655
5E8N-C-A	Positive	0.317352	0.682648
5TX1-1-A	Positive	0.149165	0.850835
5TX1-2-A	Positive	0.260383	0.739617
5TX1-3-D	Negative	0.632263	0.367737
5TX1-O-N	Negative	0.777491	0.222509
5WXC-E-A	Negative	0.842065	0.157935
5V61-I-A	Negative	0.535743	0.464257
5O9S-C-A	Negative	0.693473	0.306527
5A8L-Z-Q	Negative	0.803959	0.196041
5Y59-C-B	Negative	0.902939	0.0970609
5YRS-X-A	Negative	0.870717	0.129283
5CTT-B-A	Negative	0.760251	0.239749
5XTB-W-B	Negative	0.888722	0.111278
5C6D-C-A	Positive	0.410888	0.589112
5C6D-D-B	Positive	0.276648	0.723352
5AFW-B-A	Positive	0.385225	0.614775
5JTR-E-A	Negative	0.901553	0.0984473
5Y7W-C-A	Negative	0.88001	0.11999
5Y9W-C-B	Positive	0.079996	0.920004
5WGQ-F-A	Negative	0.824773	0.175227
5WGQ-E-B	Negative	0.82329	0.17671
5W6T-F-A	Negative	0.948267	0.0517332
5EFT-A-B	Positive	0.436242	0.563758
5YGF-D-A	Positive	0.40926	0.59074
5OKC-I-A	Negative	0.640031	0.359969
5ZJZ-B-A	Negative	0.656177	0.343823
5AZ8-B-A	Negative	0.975437	0.0245634
5NWY-s-R	Positive	0.382615	0.617385
5NWY-U-k	Positive	0.204568	0.795432
5CVD-D-A	Positive	0.271746	0.728254
5CVD-E-B	Positive	0.180135	0.819865
5VVU-B-A	Positive	0.362778	0.637222
5U2J-C-A	Negative	0.906169	0.0938308
5LDE-S-A	Positive	0.0658682	0.934132
5HSZ-K-A	Positive	0.103454	0.896546
5X8X-B-A	Negative	0.746875	0.253125
5X8X-F-A	Negative	0.805002	0.194998
5LGR-E-A	Negative	0.56478	0.43522
5LGR-F-A	Negative	0.862872	0.137128
5LGR-G-C	Negative	0.917926	0.0820745
5MDV-6-7	Negative	0.580104	0.419896
5MUB-X-A	Negative	0.77449	0.22551
5UB5-B-A	Negative	0.662139	0.337861
5WXO-P-U	Negative	0.911862	0.0881382
5GGI-F-A	Negative	0.641516	0.358484
5GGI-G-B	Negative	0.926585	0.073415
5E1B-D-A	Negative	0.753684	0.246316
5E1B-E-A	Negative	0.753684	0.246316
5KQ4-C-D	Negative	0.652831	0.347169
5L0R-B-A	Negative	0.707941	0.292059
5WMP-C-A	Positive	0.406989	0.593011
5A0X-C-A	Negative	0.846789	0.153211
5WEH-D-A	Negative	0.678481	0.321519
5L0V-B-A	Negative	0.733842	0.266158
5HZ3-A-B	Positive	0.227074	0.772926
5B4W-G-A	Positive	0.418293	0.581707
5UWJ-D-C	Negative	0.783947	0.216053
5CGG-g-K	Negative	0.707021	0.292979
5MYK-C-A	Positive	0.214009	0.785991
5EQ0-B-A	Negative	0.950623	0.0493766
5T90-F-A	Negative	0.863944	0.136056
5T90-I-B	Positive	0.454736	0.545264
5JZ8-B-A	Negative	0.593419	0.406581
5A29-B-A	Negative	0.55719	0.44281
5U3L-P-H	Negative	0.659449	0.340551
5U98-C-A	Negative	0.716686	0.283314
5IH2-M-A	Positive	0.334198	0.665802
5MWE-C-A	Negative	0.928464	0.0715357
5KY7-B-A	Negative	0.789218	0.210782
5MU3-C-A	Negative	0.560351	0.439649
5MU3-F-B	Negative	0.86973	0.13027
5NPZ-C-A	Negative	0.772169	0.227831
5NQ3-C-A	Negative	0.772169	0.227831
5NNE-C-A	Positive	0.391147	0.608853
5YVV-A-B	Positive	0.133195	0.866805
5IVN-B-A	Negative	0.823552	0.176448
5U3O-A-H	Positive	0.0947034	0.905297
5OK3-D-A	Positive	0.22655	0.77345
5GDS-I-H	Positive	0.282328	0.717672
5E5A-K-G	Negative	0.710171	0.289829
5ZUJ-I-A	Negative	0.939637	0.0603628
5NRG-Z-K	Negative	0.855907	0.144093
5KGN-C-A	Negative	0.72857	0.27143
5OV3-C-A	Negative	0.62365	0.37635
5JBT-X-A	Positive	0.181845	0.818155
5JBT-Y-A	Positive	0.32873	0.67127
5KIW-C-A	Negative	0.848011	0.151989
5YD4-B-A	Negative	0.562779	0.437221
5YD4-F-E	Negative	0.742328	0.257672
5YD4-H-G	Negative	0.625092	0.374908
5F56-B-A	Negative	0.890274	0.109726
5OM6-B-A	Positive	0.315806	0.684194
5EG6-R-C	Negative	0.665549	0.334451
5G1X-B-A	Positive	0.339783	0.660217
5HUW-A-C	Negative	0.727886	0.272114
5HUW-B-C	Positive	0.3171	0.6829
5HSP-D-A	Positive	0.36118	0.63882
5UMM-B-A	Negative	0.882956	0.117044
5UMM-D-A	Negative	0.654461	0.345539
5FOW-E-A	Positive	0.324687	0.675313
5U8Q-B-A	Negative	0.540159	0.459841
5LIH-F-A	Positive	0.418233	0.581767
5LIH-G-B	Positive	0.171709	0.828291
5WVI-Y-S	Positive	0.472372	0.527628
5EOR-A-H	Negative	0.921454	0.0785465
5NXQ-D-A	Negative	0.808443	0.191557
5JR2-E-A	Negative	0.521833	0.478167
5N4C-E-A	Positive	0.209734	0.790266
5N4C-F-B	Positive	0.306253	0.693747
5N4C-G-C	Positive	0.125131	0.874869
5GR8-J-A	Negative	0.882958	0.117042
5GR8-P-D	Negative	0.69191	0.30809
5EU4-C-A	Negative	0.988074	0.0119256
5EU4-F-D	Negative	0.988074	0.0119256
5IBW-C-A	Positive	0.252583	0.747417
5FJZ-P-A	Negative	0.710504	0.289496
5TXE-C-A	Negative	0.70761	0.29239
5TXE-D-B	Negative	0.564827	0.435173
5W69-I-A	Positive	0.464293	0.535707
5WXP-P-U	Positive	0.211702	0.788298
5VBL-A-B	Negative	0.722207	0.277793
5E24-B-A	Positive	0.421868	0.578132
5E24-D-C	Positive	0.421868	0.578132
5FJA-Q-O	Positive	0.129259	0.870741
5N6B-C-A	Positive	0.211245	0.788755
5N6B-F-A	Positive	0.211245	0.788755
5H94-C-A	Negative	0.597538	0.402462
5XBY-A-B	Negative	0.546427	0.453573
5MU2-X-A	Positive	0.434979	0.565021
5MU2-Q-C	Positive	0.382462	0.617538
5MU2-U-F	Positive	0.352442	0.647558
5MU2-W-O	Positive	0.3035	0.6965
5KC1-C-D	Positive	0.257208	0.742792
5KC1-A-D	Positive	0.448269	0.551731
5KC1-G-H	Negative	0.73312	0.26688
5KC1-K-L	Negative	0.724635	0.275365
5KC1-I-L	Negative	0.573747	0.426253
5O9U-C-A	Positive	0.341278	0.658722
5XXQ-D-A	Negative	0.884823	0.115177
5OTW-B-A	Positive	0.47347	0.52653
5UL6-M-A	Positive	0.444932	0.555068
5WXN-C-A	Negative	0.701097	0.298903
5WYI-E-B	Negative	0.90573	0.0942698
5ETF-B-A	Negative	0.833689	0.166311
5U66-B-A	Positive	0.228697	0.771303
5WXM-U-A	Negative	0.833135	0.166865
5WXM-V-A	Negative	0.832664	0.167336
5NQ2-C-A	Negative	0.543792	0.456208
5E4W-E-B	Negative	0.770262	0.229738
5E4W-F-D	Negative	0.905323	0.0946772
5EIO-C-B	Negative	0.758775	0.241225
5WY2-B-A	Positive	0.319886	0.680114
5W0V-C-A	Positive	0.128266	0.871734
5W0V-D-B	Positive	0.0785914	0.921409
5HDT-E-A	Positive	0.371561	0.628439
5EFK-A-B	Positive	0.485568	0.514432
5XYF-C-A	Negative	0.900562	0.0994379
5XYF-B-A	Negative	0.658026	0.341974
5MCQ-D-A	Positive	0.431165	0.568835
5XYI-G-E	Negative	0.608843	0.391157
5XYI-e-J	Positive	0.136117	0.863883
5ETU-E-A	Positive	0.267413	0.732587
5FRP-C-A	Negative	0.827208	0.172792
5T0M-P-A	Positive	0.489476	0.510524
5W4L-N-G	Negative	0.758269	0.241731
5IAY-B-A	Positive	0.407008	0.592992
5WB8-B-A	Positive	0.296524	0.703476
5WB8-C-A	Positive	0.118001	0.881999
5N4D-C-A	Negative	0.519579	0.480421
5N4D-D-B	Negative	0.519579	0.480421
5YPU-B-A	Positive	0.284236	0.715764
5WGD-E-A	Negative	0.804629	0.195371
5WGD-F-B	Negative	0.946798	0.0532021
5YZD-B-C	Positive	0.404221	0.595779
6TRD-J-A	Negative	0.823104	0.176896
6TRD-X-B	Negative	0.701683	0.298317
6TRD-j-a	Negative	0.823104	0.176896
6TRD-8-1	Negative	0.823104	0.176896
6TRD-z-2	Negative	0.701683	0.298317
6XXR-F-A	Negative	0.641756	0.358244
6UC5-P-H	Negative	0.944519	0.0554808
6GEK-L-A	Negative	0.5637	0.4363
6GEK-M-B	Negative	0.517478	0.482522
6WFX-P-H	Negative	0.981564	0.018436
6WMD-B-A	Negative	0.953984	0.0460155
6E5X-B-A	Negative	0.756163	0.243837
6XP6-C-A	Negative	0.840632	0.159368
6EAU-I-A	Negative	0.752838	0.247161
6TYU-B-A	Positive	0.473961	0.526039
6U3N-C-D	Negative	0.932208	0.0677924
6WDO-F-C	Positive	0.31614	0.68386
6Y3S-P-A	Negative	0.64387	0.356131
6WC6-C-A	Negative	0.932272	0.0677282
6Y20-C-A	Positive	0.430125	0.569875
6Y20-D-A	Positive	0.374163	0.625837
6P23-C-A	Negative	0.909128	0.0908718
6WTD-8-X	Positive	0.429125	0.570875
6WTD-J-X	Positive	0.0362023	0.963798
6H8P-C-A	Positive	0.150739	0.849261
6VQE-C-A	Negative	0.909762	0.0902382
6TE4-C-A	Positive	0.432284	0.567716
6X5Q-B-A	Positive	0.200147	0.799853
6I68-B-A	Negative	0.966626	0.0333738
6I68-D-C	Negative	0.893589	0.106411
6AT9-C-A	Negative	0.945442	0.054558
6QTX-B-A	Positive	0.147952	0.852048
6NBQ-P-D	Positive	0.0276182	0.972382
6GVK-B-A	Negative	0.698995	0.301005
6I7R-H-V	Negative	0.780511	0.219489
6GIQ-U-C	Positive	0.304114	0.695886
6GIQ-d-a	Negative	0.830343	0.169657
6GIQ-g-a	Positive	0.383853	0.616147
6GIQ-h-a	Negative	0.768001	0.231999
6GIQ-i-a	Positive	0.205071	0.794929
6GIQ-k-c	Negative	0.703547	0.296453
6N87-C-A	Negative	0.548808	0.451192
6CEN-D-A	Positive	0.475276	0.524724
6EKL-B-A	Positive	0.301809	0.698191
6Q95-c-e	Positive	0.400522	0.599478
6Z3R-E-A	Negative	0.846094	0.153906
6SJ6-4-Q	Positive	0.268764	0.731236
6Q6G-S-R	Negative	0.864825	0.135175
6Q6G-G-R	Negative	0.849335	0.150665
6YI1-C-A	Negative	0.892998	0.107002
6ACO-B-A	Positive	0.482268	0.517732
6ICT-E-A	Positive	0.0693907	0.930609
6ICT-G-B	Positive	0.134969	0.865031
6ICT-I-D	Positive	0.370559	0.629441
6CRI-T-M	Positive	0.183351	0.816649
6SPW-B-A	Positive	0.414069	0.585931
6UK4-C-A	Negative	0.810214	0.189786
6ICV-C-A	Positive	0.191217	0.808783
6BIJ-C-A	Negative	0.816251	0.183749
6SKJ-C-A	Positive	0.185879	0.814121
6SKJ-D-B	Positive	0.185879	0.814121
6PPM-E-A	Negative	0.886091	0.11391
6VR1-P-A	Positive	0.229385	0.770615
6HIP-C-A	Positive	0.209733	0.790267
6Y3R-P-A	Negative	0.630163	0.369837
6O5O-C-A	Negative	0.799351	0.200649
6O5O-D-B	Negative	0.716826	0.283174
6WRU-N-C	Positive	0.465205	0.534795
6WRU-O-Q	Positive	0.421003	0.578997
6CSG-D-A	Positive	0.445785	0.554215
6RMV-C-A	Negative	0.818791	0.181209
6ZKV-a-1	Negative	0.672716	0.327284
6ZKV-V-M	Positive	0.351473	0.648527
6ZKV-y-M	Positive	0.252082	0.747918
6YWV-Y-D	Negative	0.557582	0.442418
6YWV-0-F	Positive	0.114297	0.885703
6YWV-X-R	Positive	0.492398	0.507602
6JXW-B-A	Negative	0.60224	0.39776
6A3B-D-C	Negative	0.810759	0.189241
6HUA-C-A	Negative	0.732621	0.267379
6HU9-h-a	Positive	0.148422	0.851578
6HU9-l-a	Negative	0.54131	0.45869
6ILE-C-A	Negative	0.847911	0.152089
6URV-A-H	Negative	0.934918	0.065082
6URV-G-H	Negative	0.844313	0.155687
6NVQ-B-C	Negative	0.629062	0.370938
6HC1-C-A	Positive	0.358043	0.641957
6FNZ-F-A	Positive	0.401623	0.598377
6QTS-B-A	Negative	0.830274	0.169726
6FTG-z-x	Positive	0.0636141	0.936386
6FTG-4-2	Positive	0.215781	0.784219
6HK3-N-A	Positive	0.381222	0.618778
6TRN-C-A	Negative	0.921999	0.0780006
6PXV-D-A	Positive	0.222165	0.777835
6PXV-F-A	Negative	0.586744	0.413256
6EQV-D-A	Positive	0.462474	0.537526
6LUP-C-A	Negative	0.595298	0.404702
6HMV-B-A	Negative	0.787201	0.212799
6J08-D-A	Positive	0.129487	0.870513
6J08-E-A	Positive	0.151994	0.848006
6J08-F-B	Positive	0.151505	0.848495
6Y7C-d-i	Positive	0.125213	0.874787
6Y53-u-z	Negative	0.945105	0.0548945
6O4Y-C-A	Positive	0.47067	0.52933
6FF7-S-A	Positive	0.0635258	0.936474
6IUR-C-A	Negative	0.827892	0.172108
6IUR-D-A	Negative	0.748055	0.251945
6IUR-G-B	Negative	0.907154	0.0928463
6PPH-n-k	Negative	0.570257	0.429743
6PPH-A-4	Negative	0.784683	0.215317
6UCU-C-A	Negative	0.562357	0.437643
6UCU-D-A	Negative	0.841972	0.158028
6FAV-B-A	Negative	0.857324	0.142676
6FAV-D-C	Negative	0.976218	0.0237822
6YOY-P-A	Positive	0.166428	0.833572
6XKB-G-A	Positive	0.479468	0.520532
6XKB-I-A	Positive	0.479468	0.520532
6XKB-F-B	Positive	0.479468	0.520532
6XKB-K-C	Positive	0.479468	0.520532
6L1F-A-B	Negative	0.765936	0.234064
6LRY-B-A	Positive	0.0523415	0.947659
6L9K-Q-A	Negative	0.694848	0.305152
6OM2-E-A	Negative	0.924435	0.0755648
6OM2-F-C	Negative	0.982552	0.0174476
6OG4-C-A	Negative	0.943497	0.0565027
6JDX-C-A	Positive	0.150806	0.849194
6WDN-J-A	Positive	0.156824	0.843176
6WDN-D-C	Positive	0.373309	0.626691
6WDN-H-C	Positive	0.131733	0.868267
6G86-D-A	Negative	0.736671	0.263329
6G86-C-B	Negative	0.765682	0.234318
6KVF-b-H	Negative	0.512028	0.487972
6KVF-B-A	Negative	0.525111	0.474889
6BQB-P-L	Negative	0.834297	0.165703
6ZRC-P-A	Negative	0.914949	0.0850509
6IAW-D-A	Negative	0.819973	0.180027
6ZKM-V-M	Negative	0.567448	0.432552
6LZ4-C-A	Negative	0.854094	0.145906
6LZ4-F-D	Positive	0.301638	0.698362
6G8Q-P-A	Negative	0.83252	0.16748
6KTO-D-B	Positive	0.327399	0.672601
6B1T-Y-A	Positive	0.0698076	0.930192
6B1T-U-D	Positive	0.101172	0.898828
6B1T-W-D	Positive	0.483157	0.516843
6B1T-X-D	Negative	0.971018	0.0289824
6QY3-K-J	Negative	0.671585	0.328415
6YGD-D-A	Negative	0.577018	0.422982
6UVO-D-L	Positive	0.340707	0.659293
6FBB-P-A	Negative	0.868612	0.131388
6WZG-P-R	Negative	0.664337	0.335663
6PJ8-B-A	Negative	0.58623	0.41377
6X8K-E-A	Negative	0.96823	0.0317701
6M4X-F-A	Positive	0.203323	0.796677
6Z9X-C-A	Negative	0.899645	0.100355
6S35-C-A	Positive	0.212553	0.787447
6ND4-D-N	Negative	0.674358	0.325642
6ND4-A-O	Negative	0.942796	0.0572035
6ND4-l-O	Positive	0.19215	0.80785
6ZKS-V-L	Negative	0.867203	0.132797
6VB2-C-A	Positive	0.240075	0.759925
6CPL-C-A	Positive	0.17745	0.82255
6X2P-D-C	Negative	0.894975	0.105025
6HON-B-A	Negative	0.608186	0.391814
6HON-D-C	Negative	0.608186	0.391814
6QTR-B-A	Negative	0.601997	0.398003
6QCG-H-A	Negative	0.81725	0.18275
6Y29-C-A	Negative	0.761538	0.238462
6V39-3-G	Positive	0.368938	0.631062
6V39-u-k	Negative	0.755548	0.244452
6ZQW-C-A	Positive	0.418165	0.581835
6WF5-C-A	Negative	0.592249	0.407751
6OCP-P-B	Positive	0.474317	0.525683
6OCP-Q-F	Positive	0.396413	0.603587
6XQA-C-A	Positive	0.109196	0.890804
6DO5-C-A	Negative	0.641623	0.358377
6QXP-I-A	Positive	0.339635	0.660365
6QXP-J-B	Positive	0.42243	0.57757
6QXP-K-C	Positive	0.273648	0.726352
6QXP-N-F	Positive	0.244033	0.755967
6R5Q-1-C	Positive	0.426777	0.573223
6X2X-D-C	Negative	0.827402	0.172598
6KK6-A-B	Positive	0.232795	0.767205
6EF1-s-H	Negative	0.755787	0.244213
6DJV-N-A	Negative	0.719519	0.280481
6FKZ-E-A	Positive	0.361068	0.638932
6KR4-G-C	Negative	0.524139	0.475861
6FHH-X-A	Negative	0.638099	0.361901
6WAY-V-A	Negative	0.803798	0.196202
6LDY-C-A	Negative	0.5602	0.4398
6LDY-M-H	Positive	0.419089	0.580911
6D6R-J-C	Positive	0.303009	0.696991
6DCN-D-A	Negative	0.952016	0.0479843
6M8W-B-A	Negative	0.899486	0.100514
6DMX-E-D	Negative	0.668033	0.331967
6DMX-C-D	Negative	0.855585	0.144415
6DMX-J-D	Negative	0.704705	0.295295
6DMX-F-D	Negative	0.950246	0.0497537
6DMX-A-B	Negative	0.916601	0.0833992
6DMX-H-I	Negative	0.90798	0.0920203
6MQM-C-A	Positive	0.330796	0.669204
6WY6-C-B	Negative	0.934299	0.0657012
6WY6-D-B	Positive	0.484565	0.515435
6MWZ-M-A	Positive	0.378114	0.621886
6CCU-B-A	Positive	0.239776	0.760224
6DN8-B-A	Negative	0.652383	0.347617
6DN8-F-A	Negative	0.652383	0.347617
6DAF-C-A	Positive	0.0672603	0.93274
6DAF-D-B	Positive	0.146482	0.853518
6FYY-r-p	Negative	0.766435	0.233565
6SUR-I-A	Positive	0.367723	0.632277
6SUR-N-E	Positive	0.381777	0.618223
6ZVI-P-r	Positive	0.139255	0.860745
6RML-C-B	Positive	0.36084	0.63916
6HCS-B-A	Negative	0.758415	0.241585
6HCS-D-C	Positive	0.374422	0.625578
6RK1-B-A	Positive	0.495172	0.504828
6U8I-B-A	Positive	0.333949	0.666051
6HLE-B-A	Positive	0.237666	0.762334
6D3X-C-A	Positive	0.104961	0.895039
6O9C-C-A	Positive	0.383385	0.616615
6F55-B-A	Positive	0.10528	0.89472
6SK6-D-B	Negative	0.858424	0.141576
6U8N-I-A	Positive	0.211908	0.788092
6Z7W-I-A	Negative	0.782197	0.217803
6Z7W-J-A	Positive	0.265149	0.734851
6Z7W-N-A	Positive	0.187753	0.812247
6Z7W-P-A	Positive	0.245935	0.754065
6YS3-h-0	Negative	0.582785	0.417215
6YS3-z-e	Positive	0.152813	0.847187
6P6A-A-B	Negative	0.786343	0.213657
6S5S-E-A	Negative	0.568737	0.431263
6OI3-B-A	Positive	0.473766	0.526234
6GNY-B-A	Positive	0.114783	0.885217
6IFC-B-A	Negative	0.733089	0.266911
6IFC-D-A	Positive	0.327389	0.672611
6HY2-A-X	Positive	0.293433	0.706567
6BW3-B-C	Negative	0.547649	0.452351
6BW3-D-C	Negative	0.547649	0.452351
6TYV-B-A	Negative	0.930911	0.0690888
6TJ7-C-A	Negative	0.60943	0.39057
6HQU-I-A	Negative	0.519042	0.480958
6HQU-K-B	Positive	0.188131	0.811869
6HQU-O-D	Negative	0.571084	0.428916
6HQU-M-E	Negative	0.607879	0.392121
6HQU-N-F	Positive	0.103675	0.896325
6ZKZ-C-A	Negative	0.985209	0.0147909
6PVK-d-E	Negative	0.74344	0.25656
6ZKO-x-N	Positive	0.443599	0.556401
6LJK-B-A	Positive	0.373131	0.626869
6JJO-G-A	Positive	0.164248	0.835752
6SAD-C-A	Negative	0.771981	0.228019
6ULK-C-A	Negative	0.657657	0.342343
6ZOK-j-C	Positive	0.30213	0.69787
6XTP-C-A	Positive	0.376603	0.623397
6WH0-B-A	Negative	0.752445	0.247555
6UYJ-B-A	Negative	0.728191	0.271809
6XFK-B-A	Positive	0.0682372	0.931763
6OX0-Y-A	Positive	0.346332	0.653668
6XY4-B-A	Negative	0.764252	0.235748
6KW3-C-M	Positive	0.497063	0.502937
6KW3-K-M	Positive	0.420215	0.579785
6YKP-F-A	Positive	0.460645	0.539355
6YKP-G-A	Positive	0.347373	0.652627
6I6H-B-A	Negative	0.786687	0.213313
6S3W-B-A	Negative	0.749189	0.250811
6EU2-Q-A	Negative	0.662702	0.337298
6X7W-D-A	Negative	0.96603	0.0339703
6X7W-G-H	Negative	0.96603	0.0339703
6HOI-G-A	Negative	0.555147	0.444853
6HOI-F-B	Negative	0.726261	0.273739
6KX1-C-A	Negative	0.581792	0.418208
6AMT-C-A	Negative	0.743507	0.256493
6PUN-E-A	Positive	0.449125	0.550875
6PUN-F-A	Positive	0.454295	0.545705
6FEY-E-A	Positive	0.0846739	0.915326
6FEY-I-A	Positive	0.15159	0.84841
6FEY-J-A	Positive	0.265514	0.734486
6FEY-F-B	Positive	0.314008	0.685992
6FEY-G-B	Positive	0.07754	0.92246
6FEY-H-B	Negative	0.632901	0.367099
6FEY-K-B	Positive	0.0382336	0.961766
6V18-C-A	Negative	0.867228	0.132772
6J8N-A-B	Negative	0.896923	0.103077
6MYD-B-A	Negative	0.909967	0.0900334
6F9S-B-A	Positive	0.440177	0.559823
6O2C-C-A	Negative	0.928349	0.0716514
6LUM-E-C	Positive	0.0420673	0.957933
6BVV-B-A	Positive	0.250191	0.749809
6JQ3-P-A	Positive	0.301522	0.698478
6X8U-P-H	Negative	0.934823	0.0651767
6QH1-D-C	Negative	0.763487	0.236513
6RU7-C-A	Negative	0.599916	0.400084
6RU7-D-B	Positive	0.331805	0.668195
6UYO-B-A	Negative	0.528368	0.471632
6UYO-D-C	Negative	0.858035	0.141965
6W2D-z-O	Negative	0.603124	0.396876
6DO4-C-A	Negative	0.875735	0.124265
6TWX-D-A	Positive	0.494931	0.505069
6TWX-C-B	Negative	0.684563	0.315437
6MIN-B-A	Positive	0.336704	0.663296
6Z1U-J-A	Positive	0.250497	0.749503
6Z1U-b-A	Positive	0.387978	0.612022
6Z1U-h-A	Positive	0.423485	0.576515
6CGR-n-k	Negative	0.937474	0.062526
6JLE-E-A	Positive	0.2843	0.7157
6PXC-U-A	Negative	0.845127	0.154873
6AVG-P-C	Negative	0.592378	0.407622
6VLN-P-H	Negative	0.979093	0.0209067
6GHD-G-D	Negative	0.722659	0.277341
6GHD-H-A	Positive	0.418007	0.581993
6BZU-J-A	Positive	0.366899	0.633101
6BZU-I-C	Positive	0.0487608	0.951239
6BZU-K-E	Positive	0.240012	0.759988
6PAU-C-A	Positive	0.260487	0.739513
6R4X-D-A	Negative	0.801872	0.198128
6GJH-I-B	Negative	0.524422	0.475578
6GJH-K-F	Positive	0.115442	0.884558
6GJH-J-D	Negative	0.931446	0.0685536
6G72-s-E	Negative	0.690803	0.309197
6G72-c-O	Positive	0.270141	0.729859
6H6H-C-A	Negative	0.791101	0.208899
6I9R-4-l	Positive	0.059216	0.940784
6XBY-r-b	Positive	0.171136	0.828864
6GNX-B-A	Positive	0.149977	0.850023
6GNX-D-A	Positive	0.147723	0.852277
6EIW-D-A	Negative	0.786246	0.213754
6XQN-E-A	Negative	0.618445	0.381555
6XQN-G-B	Positive	0.421342	0.578658
6XQN-H-C	Positive	0.297621	0.702379
6J2J-C-A	Positive	0.469362	0.530638
6G8K-P-A	Negative	0.76535	0.23465
6O29-C-A	Negative	0.968096	0.0319044
6O29-D-A	Negative	0.968705	0.0312948
6Y8D-B-A	Negative	0.513552	0.486448
6SPG-1-m	Positive	0.240108	0.759892
6SPG-6-G	Positive	0.222082	0.777918
6SPG-3-5	Negative	0.868435	0.131565
6J2I-C-A	Positive	0.252913	0.747087
6RRC-B-C	Negative	0.518093	0.481907
6RRC-D-A	Positive	0.49932	0.50068
6WUD-B-A	Positive	0.121235	0.878765
6M93-C-A	Negative	0.630208	0.369792
6QSZ-B-A	Negative	0.989188	0.0108118
6QSZ-H-C	Negative	0.946096	0.0539045
6QSZ-L-G	Negative	0.940383	0.0596175
6QSZ-J-I	Negative	0.981028	0.0189721
6RJP-C-A	Negative	0.718904	0.281096
6SI7-F-P	Negative	0.556803	0.443197
6BBA-H-A	Negative	0.660367	0.339633
6ADZ-A-B	Negative	0.702013	0.297987
6ADZ-C-B	Negative	0.539924	0.460076
6ADZ-D-B	Negative	0.592161	0.407839
6F0X-Q-Z	Positive	0.267888	0.732112
6MTV-D-A	Negative	0.960047	0.0399528
6MTV-E-B	Negative	0.888824	0.111176
6YQ2-P-A	Positive	0.25345	0.74655
6PJU-B-A	Negative	0.722437	0.277563
6HE5-K-A	Negative	0.969025	0.0309751
6M7Y-C-A	Negative	0.600831	0.399169
6PYV-C-A	Positive	0.0858513	0.914149
6HU7-F-A	Negative	0.880499	0.119501
6HU7-G-C	Negative	0.910391	0.0896091
6B4J-C-B	Positive	0.439723	0.560277
6KZ1-B-A	Negative	0.642804	0.357196
6J4U-B-A	Negative	0.623148	0.376852
6ONJ-C-A	Positive	0.423069	0.576931
6IGK-B-A	Positive	0.130906	0.869094
6YBW-F-E	Positive	0.4407	0.5593
6DQL-C-A	Negative	0.793746	0.206254
6ZYM-r-A	Negative	0.569036	0.430964
6ZYM-s-A	Positive	0.397669	0.602331
6ZYM-x-A	Positive	0.371179	0.628821
6A6W-B-A	Negative	0.874483	0.125517
6PVB-A-B	Negative	0.625627	0.374373
6PDQ-G-A	Negative	0.944454	0.0555463
6XBF-F-A	Negative	0.653788	0.346212
6KZQ-F-A	Negative	0.819091	0.180909
6L0V-B-A	Positive	0.441074	0.558926
6L0V-H-A	Positive	0.441074	0.558926
6UJ9-C-A	Negative	0.749382	0.250618
6MBD-C-A	Negative	0.689593	0.310407
6RXK-B-A	Positive	0.354567	0.645433
6A0H-C-A	Negative	0.979912	0.0200877
6A0H-D-B	Negative	0.853426	0.146574
6Z3M-S-c	Positive	0.350198	0.649802
6PXR-A-L	Negative	0.821684	0.178316
6ROY-D-A	Negative	0.795829	0.204171
6ZVH-e-X	Positive	0.120711	0.879289
6Z00-C-A	Negative	0.789729	0.210271
6G8L-P-A	Positive	0.26417	0.73583
6TRR-B-A	Negative	0.88955	0.11045
6F08-K-A	Negative	0.930219	0.0697808
6F08-N-A	Negative	0.851488	0.148512
6F08-Q-A	Negative	0.835895	0.164105
6F08-D-B	Negative	0.863273	0.136727
6GBE-B-A	Positive	0.0752766	0.924723
6MJE-B-A	Negative	0.858762	0.141238
6SK2-D-A	Negative	0.566048	0.433952
6SK2-F-B	Negative	0.566048	0.433952
6TKL-I-H	Negative	0.515193	0.484807
6HLT-B-A	Negative	0.557756	0.442244
6K61-J-A	Negative	0.857064	0.142936
6K61-X-B	Negative	0.914881	0.0851193
6K61-M-B	Negative	0.780188	0.219812
6QW4-P-A	Negative	0.585045	0.414955
6SYI-B-A	Negative	0.909422	0.090578
6X1W-A-H	Negative	0.780116	0.219884
6BGA-E-A	Negative	0.691621	0.308379
6ISO-C-A	Positive	0.341781	0.658219
6ISO-L-E	Negative	0.64884	0.35116
6TMI-C-G	Negative	0.775896	0.224104
6TMI-R-A	Positive	0.141014	0.858986
6RDD-T-1	Negative	0.720576	0.279424
6MJL-A-B	Negative	0.669453	0.330547
6JZN-G-C	Negative	0.884766	0.115234
6JZN-H-D	Negative	0.880758	0.119242
6FY3-Z-X	Negative	0.58654	0.41346
6FY3-P-Y	Negative	0.969961	0.0300393
6JJK-G-A	Positive	0.154849	0.845151
6JJK-L-F	Negative	0.70946	0.29054
6ENB-B-A	Negative	0.610739	0.389261
6YX2-C-A	Negative	0.811678	0.188322
6OD0-D-A	Negative	0.802827	0.197173
6IUI-D-A	Negative	0.89301	0.10699
6IUI-C-B	Negative	0.676612	0.323388
6CHT-C-A	Negative	0.652568	0.347432
6CHT-L-J	Negative	0.918391	0.0816086
6U8M-C-B	Negative	0.718634	0.281366
6O7W-b-c	Positive	0.264668	0.735332
6Z7Z-H-A	Positive	0.272135	0.727865
6Z7Z-F-C	Positive	0.196113	0.803887
6YIF-C-A	Negative	0.509808	0.490192
6TDW-A-H	Negative	0.527973	0.472027
6TDW-M-H	Negative	0.95133	0.0486705
6TDW-N-H	Positive	0.472467	0.527533
6TDW-T-H	Negative	0.74052	0.25948
6C6K-C-A	Positive	0.333748	0.666252
6U2F-B-A	Positive	0.127071	0.872929
6QMQ-A-B	Positive	0.459309	0.540691
6LQH-a-A	Positive	0.484979	0.515021
6YLY-s-O	Positive	0.247351	0.752649
6B77-A-B	Positive	0.465828	0.534172
6PUW-D-A	Negative	0.636245	0.363755
6GB5-E-A	Negative	0.821463	0.178537
6G6X-P-A	Negative	0.57802	0.42198
6Y44-P-A	Positive	0.191569	0.808431
6WHC-C-B	Positive	0.343404	0.656596
6WHC-E-R	Negative	0.906467	0.0935327
6V2H-B-A	Positive	0.434566	0.565434
6V2H-F-A	Positive	0.434566	0.565434
6V2H-H-E	Negative	0.698043	0.301957
6SLN-Q-A	Positive	0.494336	0.505664
6JWJ-C-A	Negative	0.942545	0.0574549
6NBF-P-R	Negative	0.778758	0.221242
6MON-C-A	Positive	0.34976	0.65024
6MON-D-B	Negative	0.812849	0.187151
6F41-I-A	Positive	0.185647	0.814353
6F41-Q-A	Positive	0.239976	0.760024
6AP1-G-A	Negative	0.887583	0.112417
6EJD-B-A	Negative	0.76668	0.23332
6WR2-F-M	Negative	0.587368	0.412632
6VI1-M-D	Negative	0.974547	0.0254531
6J7B-B-A	Positive	0.374946	0.625054
6A0F-C-A	Negative	0.994408	0.00559177
6CRP-D-A	Positive	0.0479656	0.952034
6H9G-B-A	Negative	0.834597	0.165403
6ROZ-B-A	Negative	0.854366	0.145634
6UAI-B-S	Positive	0.288446	0.711554
6TT7-I-G	Positive	0.336211	0.663789
6TT7-Q-K	Positive	0.408803	0.591197
6TT7-O-1	Positive	0.23634	0.76366
6O8Y-4-E	Positive	0.4073	0.5927
6O8Y-6-G	Positive	0.0917767	0.908223
6O8Y-3-5	Positive	0.434135	0.565865
6B0X-a-A	Positive	0.346349	0.653651
6B0X-b-B	Negative	0.687042	0.312958
6B0X-c-B	Negative	0.870359	0.129641
6DFF-L-G	Negative	0.854545	0.145455
6UCV-B-A	Negative	0.609384	0.390616
6UCV-C-A	Negative	0.562357	0.437643
6UCV-D-A	Negative	0.841972	0.158028
6UCV-E-A	Positive	0.231877	0.768123
6UCV-L-I	Negative	0.833442	0.166558
6GGM-P-A	Negative	0.715838	0.284162
6KU0-B-A	Negative	0.811395	0.188605
6KU0-D-C	Negative	0.811395	0.188605
6I2B-D-A	Negative	0.556093	0.443907
6HM3-B-A	Positive	0.393187	0.606813
6RWY-k-d	Negative	0.846297	0.153703
6KZG-C-A	Negative	0.913968	0.0860324
6VQA-M-A	Negative	0.861363	0.138637
6QG8-B-A	Negative	0.945029	0.0549706
6RBD-e-J	Negative	0.574605	0.425395
6RBD-d-i	Positive	0.324023	0.675977
6TIP-P-A	Negative	0.794946	0.205054
6WW9-X-A	Positive	0.291723	0.708277
6WW9-Y-A	Positive	0.14843	0.85157
6Z7N-4-A	Positive	0.28368	0.71632
6Z7N-8-A	Positive	0.112658	0.887342
6Z7N-2-D	Negative	0.776864	0.223136
6Z7N-5-D	Positive	0.231795	0.768205
6Z7N-N-E	Negative	0.801235	0.198765
6Z7N-Q-F	Positive	0.112764	0.887236
6Z7N-R-F	Positive	0.118696	0.881304
6Z7N-0-G	Negative	0.68913	0.31087
6Z7N-3-G	Positive	0.115691	0.884309
6Z7N-7-G	Positive	0.217591	0.782409
6Z7N-1-J	Negative	0.78372	0.21628
6Z7N-X-M	Positive	0.247125	0.752875
6ZP4-T-c	Positive	0.394133	0.605867
6ATZ-E-A	Negative	0.701487	0.298513
6XXS-C-A	Positive	0.202848	0.797152
6XXS-D-A	Positive	0.282646	0.717354
6FVO-H-A	Negative	0.833953	0.166047
6WEG-P-D	Positive	0.313776	0.686224
6FKY-C-A	Negative	0.660503	0.339497
6EXJ-B-A	Negative	0.797479	0.202521
6BW1-C-E	Negative	0.957184	0.0428161
6ZIU-8-a	Negative	0.51427	0.48573
6ZIU-j-a	Positive	0.247256	0.752744
6ZIU-e-f	Negative	0.504017	0.495983
6TCJ-C-A	Positive	0.212769	0.787231
6YMY-m-a	Negative	0.624062	0.375938
6QNN-B-A	Negative	0.953297	0.0467034
6Y3W-B-A	Positive	0.0476642	0.952336
6S0Z-Z-L	Negative	0.644018	0.355982
6S0Z-1-3	Negative	0.573907	0.426093
6AR2-C-A	Positive	0.0964041	0.903596
6SBX-B-A	Positive	0.484817	0.515183
6HN5-B-E	Positive	0.205363	0.794637
6VQ6-c-b	Negative	0.70095	0.29905
6IKG-F-A	Positive	0.205286	0.794714
6BIX-C-A	Negative	0.62305	0.37695
6UYU-B-A	Negative	0.84816	0.15184
6UYU-D-A	Negative	0.896839	0.103161
6G04-B-A	Negative	0.577018	0.422982
6HLN-B-A	Negative	0.706665	0.293335
6RHZ-J-2	Negative	0.652494	0.347506
6Q69-B-A	Negative	0.508428	0.491572
6Q1U-C-A	Positive	0.152861	0.847139
6RXO-C-A	Positive	0.402898	0.597102
6RXO-D-A	Positive	0.0855559	0.914444
6F34-C-A	Positive	0.448151	0.551849
6H41-B-A	Positive	0.141824	0.858176
6DM4-E-A	Negative	0.954644	0.0453557
6DM4-G-C	Negative	0.552661	0.447339
6SF6-C-H	Negative	0.585134	0.414866
6BHG-B-A	Negative	0.60638	0.39362
6ZXF-e-J	Positive	0.346883	0.653117
6ATH-C-A	Negative	0.845275	0.154725
6RM9-C-A	Negative	0.921276	0.0787241
6Y7V-B-A	Negative	0.984472	0.015528
6QTT-B-A	Negative	0.967782	0.0322176
6GK7-A-L	Negative	0.545851	0.454149
6Q01-C-A	Positive	0.233292	0.766708
6Q01-D-A	Positive	0.233292	0.766708
6YEZ-J-A	Positive	0.463069	0.536931
6SOS-R-A	Negative	0.809848	0.190152
6SOS-P-B	Positive	0.469026	0.530974
6TON-B-A	Positive	0.201815	0.798185
6LYU-C-D	Negative	0.579718	0.420282
6BXG-B-A	Negative	0.808919	0.191081
6OYL-B-A	Negative	0.905535	0.0944649
6YB5-C-A	Negative	0.830315	0.169685
6YB5-D-A	Negative	0.728349	0.271651
6R51-E-B	Positive	0.471845	0.528155
6CNL-M-A	Positive	0.187128	0.812872
6CNL-X-A	Positive	0.126691	0.873309
6CNL-P-C	Positive	0.187128	0.812872
6CNL-Q-F	Negative	0.575054	0.424946
6TNN-t-a	Positive	0.0313329	0.968667
6TNN-q-s	Positive	0.394492	0.605508
6IDF-E-A	Positive	0.257359	0.742641
6B5O-A-H	Negative	0.925816	0.0741837
6J8F-A-B	Negative	0.885719	0.114281
6J8F-C-B	Negative	0.792714	0.207286
6N5W-A-C	Positive	0.29577	0.70423
6N5W-B-C	Positive	0.334435	0.665565
6LSQ-A-B	Positive	0.262788	0.737212
6UYX-D-C	Negative	0.805586	0.194414
6UYX-B-A	Negative	0.906181	0.0938191
6A8G-P-A	Negative	0.588603	0.411397
6A8G-E-B	Negative	0.588603	0.411397
6G5F-P-B	Negative	0.7892	0.2108
6HGI-B-A	Positive	0.484663	0.515337
6O23-E-A	Negative	0.939253	0.060747
6ULP-C-A	Negative	0.516823	0.483177
6H5U-H-B	Negative	0.794243	0.205757
6KMJ-C-A	Positive	0.180341	0.819659
6DNQ-C-D	Negative	0.735914	0.264086
6DNQ-A-B	Negative	0.739953	0.260047
6M7B-C-A	Positive	0.148777	0.851223
6VP9-C-A	Negative	0.915014	0.0849855
6OX4-Y-A	Positive	0.346332	0.653668
6I2C-B-A	Positive	0.196425	0.803575
6J2E-C-A	Positive	0.185685	0.814315
6G0Y-H-F	Positive	0.0649608	0.935039
6G0Y-G-E	Negative	0.901264	0.0987362
6TWN-C-A	Positive	0.338988	0.661012
6TDV-B-H	Negative	0.885302	0.114698
6O51-C-A	Negative	0.811197	0.188803
6ILQ-B-A	Negative	0.858953	0.141047
6SMG-D-A	Positive	0.428453	0.571547
6J9J-B-A	Positive	0.102721	0.897279
6B3Q-a-A	Positive	0.474853	0.525147
6B3Q-b-B	Negative	0.561388	0.438612
6MUE-B-A	Negative	0.501925	0.498075
6B5M-A-H	Negative	0.901829	0.0981714
6VDB-H-A	Positive	0.0384966	0.961503
6XRR-J-E	Negative	0.744438	0.255562
6XRR-G-D	Positive	0.0856379	0.914362
6XRR-L-H	Positive	0.121831	0.878169
6ULI-C-A	Positive	0.0852593	0.914741
6C0A-B-A	Positive	0.439051	0.560949
6G85-C-A	Negative	0.705763	0.294237
6K5T-B-A	Negative	0.929756	0.0702444
6X5V-B-A	Positive	0.291031	0.708969
6ULQ-D-A	Positive	0.230655	0.769345
6ZIT-8-a	Negative	0.796949	0.203051
6ZIT-k-a	Positive	0.483782	0.516218
6ZIT-L-a	Negative	0.96237	0.0376302
6NDY-G-A	Negative	0.755761	0.244239
6Q36-C-A	Negative	0.813318	0.186682
6YVH-C-A	Negative	0.630866	0.369134
6YVH-G-D	Negative	0.724609	0.275391
6JNF-B-A	Positive	0.180101	0.819899
6JNF-C-A	Positive	0.485412	0.514588
6JNF-D-A	Negative	0.660504	0.339496
6KMF-D-B	Positive	0.263393	0.736607
6Y9Q-D-B	Negative	0.869669	0.130331
6DSZ-C-A	Positive	0.0347153	0.965285
6D2B-C-A	Positive	0.40012	0.59988
6OMM-L-R	Negative	0.819155	0.180845
6A6H-C-A	Negative	0.689272	0.310728
6L07-I-A	Positive	0.209702	0.790298
6L07-P-C	Positive	0.209702	0.790298
6L07-M-G	Positive	0.103979	0.896021
6E3Y-G-B	Negative	0.595017	0.404983
6E3Y-P-R	Positive	0.204675	0.795325
6WG2-P-H	Negative	0.74507	0.25493
6KF9-P-B	Positive	0.143964	0.856036
6OP8-B-A	Negative	0.648417	0.351583
6FKP-E-A	Positive	0.080481	0.919519
6FKP-G-C	Positive	0.397479	0.602521
6KAD-F-A	Positive	0.442578	0.557422
6KAD-I-A	Positive	0.297343	0.702657
6KAD-J-A	Positive	0.152226	0.847774
6KAD-L-A	Positive	0.421291	0.578709
6KAD-T-A	Positive	0.323788	0.676212
6KAD-M-B	Positive	0.0521878	0.947812
6KAD-V-C	Negative	0.766177	0.233823
6KAD-X-D	Positive	0.175376	0.824624
6BD1-C-A	Positive	0.209449	0.790551
6BD1-D-B	Negative	0.6588	0.3412
6DIG-C-A	Negative	0.829813	0.170187
6HL5-S-A	Positive	0.297784	0.702216
6ZKU-V-M	Positive	0.351473	0.648527
6J68-C-A	Negative	0.85552	0.14448
6J68-D-B	Positive	0.493691	0.506309
6BXP-C-A	Negative	0.675716	0.324284
6F0H-B-A	Positive	0.478629	0.521371
6F0H-D-A	Negative	0.647797	0.352203
6VRY-G-L	Negative	0.507227	0.492773
6LY9-K-N	Negative	0.500612	0.499388
6LY9-L-N	Negative	0.84494	0.15506
6GY5-U-A	Negative	0.609507	0.390493
6G55-D-A	Negative	0.694368	0.305632
6WMQ-E-A	Positive	0.191174	0.808826
6WMQ-F-A	Positive	0.481247	0.518753
6FMP-C-A	Negative	0.861217	0.138783
6DN5-B-A	Negative	0.667292	0.332708
6U6K-C-A	Positive	0.235886	0.764114
6AU8-C-A	Positive	0.419275	0.580725
6V4H-B-A	Negative	0.955776	0.0442241
6V4H-D-A	Negative	0.934479	0.0655206
6MF5-C-A	Negative	0.823472	0.176528
6X5L-B-A	Positive	0.283639	0.716361
6Q0M-C-A	Negative	0.786932	0.213068
6TTU-I-T	Negative	0.522677	0.477323
6PSD-F-E	Positive	0.398583	0.601417
6PSD-D-C	Positive	0.483343	0.516657
6PSD-B-C	Positive	0.205089	0.794911
6PSD-H-G	Positive	0.363016	0.636984
6PSD-J-I	Negative	0.695997	0.304003
6PSD-N-K	Positive	0.0721101	0.92789
6GC3-B-A	Negative	0.85419	0.14581
6SJZ-F-A	Positive	0.0804079	0.919592
6SJZ-E-B	Positive	0.185879	0.814121
6NXF-V-A	Negative	0.561913	0.438087
6NXF-U-A	Positive	0.289644	0.710356
6FVL-H-A	Negative	0.833953	0.166047
6FVL-I-B	Negative	0.833953	0.166047
6OT3-6-A	Negative	0.787667	0.212333
6XRF-I-G	Negative	0.653464	0.346536
6WGZ-C-B	Negative	0.558754	0.441246
6HC0-A-B	Positive	0.189939	0.810061
6W1Q-t-B	Positive	0.25954	0.74046
6W1Q-i-a	Positive	0.0864824	0.913518
6W1Q-r-e	Negative	0.523442	0.476558
6SCS-P-A	Negative	0.962595	0.0374051
6SCS-Q-A	Negative	0.844377	0.155623
6SCS-S-D	Negative	0.847676	0.152324
6X2S-D-C	Negative	0.842111	0.157889
6DCW-T-L	Negative	0.857245	0.142755
6QRM-C-A	Positive	0.138969	0.861031
6QRM-D-B	Positive	0.385533	0.614467
6T4C-D-A	Negative	0.578302	0.421698
6O53-C-A	Negative	0.613155	0.386845
6CHG-E-B	Positive	0.229812	0.770188
6CHG-F-B	Positive	0.324198	0.675802
6CHG-J-C	Negative	0.730863	0.269137
6V7S-D-C	Negative	0.910945	0.089055
6BNH-B-A	Negative	0.841004	0.158996
6CDG-B-A	Positive	0.303497	0.696503
6RW2-B-A	Positive	0.299962	0.700038
6XMN-B-A	Negative	0.690176	0.309824
6D1U-D-A	Negative	0.957214	0.0427856
6D1U-E-A	Negative	0.942828	0.0571723
6H9J-D-A	Positive	0.245712	0.754288
6V9Z-C-A	Positive	0.273243	0.726757
6V9Z-D-A	Positive	0.294005	0.705995
6DDD-O-Q	Positive	0.253514	0.746486
6V7R-D-C	Negative	0.932085	0.0679148
6LMK-E-R	Negative	0.794096	0.205904
6GBU-E-C	Positive	0.171841	0.828159
6FKQ-B-A	Negative	0.594515	0.405485
6VQ2-C-A	Negative	0.865744	0.134256
6Y18-B-A	Negative	0.630089	0.369911
6EWW-E-A	Negative	0.748786	0.251214
6EWW-H-A	Negative	0.960807	0.0391925
6U3M-F-C	Negative	0.975166	0.0248335
6SS7-C-A	Negative	0.712245	0.287755
6FBW-B-A	Negative	0.857324	0.142676
6Z13-P-V	Positive	0.237678	0.762322
6KO2-B-A	Negative	0.858997	0.141003
6EZI-B-A	Negative	0.595729	0.404271
6DTG-B-A	Negative	0.78926	0.21074
6AM0-C-A	Positive	0.397514	0.602486
6AM0-G-D	Positive	0.345143	0.654857
6FF3-B-A	Negative	0.651221	0.348779
6CQN-C-A	Positive	0.261442	0.738558
6MJ8-C-A	Positive	0.385425	0.614575
6L4U-J-A	Negative	0.547237	0.452763
6L4U-M-B	Positive	0.46399	0.53601
6XFL-B-A	Negative	0.882288	0.117712
6QDT-B-A	Positive	0.32719	0.67281
6TNO-B-A	Positive	0.33872	0.66128
6TNO-F-E	Negative	0.719978	0.280022
6SEO-L-A	Positive	0.186725	0.813275
6LN4-B-A	Negative	0.889467	0.110533
6ZIQ-O-a	Negative	0.776897	0.223103
6WSG-S-B	Negative	0.957813	0.0421874
6U74-E-A	Positive	0.124182	0.875818
6Y4Q-C-A	Positive	0.347814	0.652186
6G0O-B-A	Positive	0.277159	0.722841
6AZL-E-A	Negative	0.722951	0.277049
6MTM-C-A	Negative	0.791721	0.208279
6UYZ-B-A	Negative	0.805586	0.194414
6LHF-C-A	Negative	0.977656	0.0223445
6BZ3-B-A	Negative	0.83126	0.16874
6BZ3-D-A	Negative	0.916959	0.0830411
6RFR-c-Q	Negative	0.728614	0.271386
6QNP-H-A	Negative	0.87199	0.12801
6QNP-K-B	Negative	0.851895	0.148105
6QNP-J-C	Negative	0.826518	0.173482
6ULS-B-A	Negative	0.787827	0.212173
6BRS-F-A	Negative	0.829099	0.170901
6BRS-C-A	Negative	0.765421	0.234579
6MJB-C-A	Negative	0.820996	0.179004
6OM0-y-C	Negative	0.519966	0.480034
6OM0-n-J	Positive	0.371799	0.628201
6Y8B-P-A	Negative	0.825943	0.174057
6GMZ-B-A	Positive	0.380863	0.619137
6CV5-D-A	Positive	0.411811	0.588189
6TOG-B-A	Positive	0.201815	0.798185
6EJA-B-A	Negative	0.601044	0.398956
6EJ7-B-A	Negative	0.59344	0.40656
6J9M-F-B	Negative	0.926107	0.0738926
6J9M-A-C	Negative	0.680982	0.319018
6GQN-C-A	Positive	0.389007	0.610993
6GQN-G-A	Positive	0.204468	0.795532
6O7T-b-c	Positive	0.408224	0.591776
6PGK-J-A	Negative	0.637496	0.362504
6PGK-K-A	Positive	0.110221	0.889779
6PGK-X-B	Negative	0.730948	0.269052
6PGK-V-H	Negative	0.607762	0.392238
6PGK-g-H	Positive	0.110221	0.889779
6PGK-j-Z	Negative	0.730948	0.269052
6UZS-C-A	Negative	0.987488	0.0125116
6GEC-L-A	Negative	0.640965	0.359035
6JJX-C-A	Positive	0.421298	0.578702
6JJX-D-B	Positive	0.41631	0.58369
6LDV-P-H	Positive	0.411438	0.588562
6T36-B-A	Negative	0.955712	0.0442881
6ZUF-C-A	Positive	0.414697	0.585303
6ZUF-D-B	Positive	0.414697	0.585303
6RQX-B-A	Negative	0.692547	0.307453
6MTT-P-L	Positive	0.255612	0.744388
6TYW-B-A	Negative	0.546053	0.453947
6XAW-B-A	Negative	0.951834	0.0481665
6J2F-C-A	Negative	0.935129	0.0648706
6XI2-H-A	Negative	0.733393	0.266607
6OX2-Y-A	Positive	0.259943	0.740057
6RU6-C-A	Positive	0.392126	0.607874
6S1R-B-A	Negative	0.79878	0.20122
6YB3-C-A	Negative	0.787194	0.212806
6YB3-D-A	Negative	0.798727	0.201273
6FOS-J-2	Negative	0.734066	0.265934
6FOS-K-3	Positive	0.159543	0.840457
6HVO-E-A	Negative	0.888859	0.111141
6HVO-D-B	Negative	0.888977	0.111023
6HVO-F-C	Negative	0.815923	0.184077
6NK2-C-A	Positive	0.111731	0.888269
6NK2-D-A	Positive	0.111731	0.888269
6Q67-B-A	Negative	0.717123	0.282877
6GB1-B-A	Negative	0.878786	0.121214
6VDK-M-A	Negative	0.732679	0.267321
6KX9-C-A	Negative	0.989979	0.0100208
6T2D-B-A	Positive	0.0854597	0.91454
6BB4-P-L	Negative	0.668417	0.331583
6K71-M-P	Positive	0.328651	0.671349
6RD6-T-2	Negative	0.762657	0.237343
6GHN-P-A	Negative	0.885273	0.114727
6BGH-B-A	Positive	0.145702	0.854298
6RH6-B-A	Positive	0.37501	0.62499
6KLR-B-A	Positive	0.106911	0.893089
6YSF-A-E	Negative	0.844164	0.155836
6YSF-B-E	Negative	0.916775	0.0832247
6YKM-F-A	Positive	0.484292	0.515708
6PNJ-J-A	Negative	0.688348	0.311652
6PNJ-K-A	Positive	0.346256	0.653744
6PNJ-X-B	Negative	0.907714	0.0922857
6IWG-C-A	Negative	0.905957	0.0940429
6ZKX-C-A	Negative	0.897261	0.102739
6RKO-H-A	Negative	0.783922	0.216078
6RKO-X-A	Positive	0.420706	0.579294
6L66-C-A	Positive	0.234834	0.765166
6NJZ-C-A	Negative	0.920167	0.0798331
6NJZ-D-B	Negative	0.920167	0.0798331
6AD0-D-A	Positive	0.413748	0.586252
6GYT-C-A	Negative	0.724376	0.275624
6JBK-B-A	Positive	0.179913	0.820087
6XVT-G-A	Negative	0.72785	0.27215
6YN1-J-A	Negative	0.709302	0.290698
6YN1-E-C	Negative	0.838282	0.161718
6YN1-n-C	Negative	0.908299	0.091701
6YN1-O-M	Negative	0.76123	0.23877
6YN1-d-R	Negative	0.919517	0.080483
6LRA-C-H	Positive	0.246866	0.753134
6S3F-B-A	Positive	0.137565	0.862435
6QFI-B-A	Positive	0.356151	0.643849
6SB0-O-A	Negative	0.786129	0.213871
6Y9N-B-A	Positive	0.464079	0.535921
6I2A-D-A	Positive	0.297975	0.702025
6EPF-Y-S	Negative	0.662749	0.337251
6YGC-D-A	Negative	0.619717	0.380283
6DNO-B-A	Positive	0.219975	0.780025
6JY4-L-A	Negative	0.74296	0.25704
6JY4-M-A	Negative	0.689562	0.310438
6VGQ-U-N	Negative	0.884156	0.115844
6VB7-C-A	Negative	0.73862	0.26138
6XSN-C-H	Negative	0.599711	0.400289
6ZBU-C-A	Negative	0.508308	0.491692
6ZBU-D-A	Positive	0.282646	0.717354
6ZBU-G-E	Negative	0.508308	0.491692
6ZBU-H-E	Positive	0.282646	0.717354
6PEN-G-A	Negative	0.957754	0.0422462
6HA6-D-A	Negative	0.738418	0.261582
6V7K-X-A	Positive	0.169593	0.830407
6Q98-6-D	Negative	0.719519	0.280481
6GWS-E-A	Positive	0.26503	0.73497
6GWS-F-A	Positive	0.181903	0.818097
6GWS-D-B	Positive	0.22125	0.77875
6ZC9-E-A	Negative	0.826077	0.173923
6ZC9-F-B	Negative	0.827822	0.172178
6RWK-D-X	Positive	0.439019	0.560981
6M2M-M-A	Negative	0.8351	0.1649
6M2M-N-C	Negative	0.978435	0.0215652
6DB7-P-H	Positive	0.403948	0.596052
6M9F-B-A	Negative	0.529902	0.470098
6BW4-B-C	Negative	0.539947	0.460053
6J2G-C-A	Positive	0.283538	0.716462
6PW8-B-A	Negative	0.958749	0.0412509
6WG1-C-A	Negative	0.893345	0.106655
6D2T-C-A	Positive	0.265519	0.734481
6HGN-B-A	Positive	0.223667	0.776333
6B23-a-A	Negative	0.762174	0.237826
6B23-c-B	Negative	0.906674	0.0933264
6D3O-C-A	Positive	0.0883719	0.911628
6D3O-D-A	Positive	0.155776	0.844224
6YOS-C-A	Negative	0.644707	0.355293
6J8O-A-B	Positive	0.346916	0.653084
6J8O-C-B	Negative	0.948059	0.0519415
6IAC-L-A	Positive	0.102774	0.897226
6EI2-C-A	Negative	0.972027	0.0279731
6T46-B-A	Negative	0.807181	0.192819
6MIQ-C-A	Positive	0.491211	0.508789
6QSY-P-A	Positive	0.156272	0.843728
6R50-D-A	Negative	0.920645	0.0793554
6ZBI-B-A	Negative	0.502194	0.497806
6SPB-4-T	Positive	0.230461	0.769539
6PPO-D-A	Positive	0.209338	0.790662
6IU7-B-A	Positive	0.318358	0.681642
6RJL-P-A	Negative	0.753411	0.246589
6KVA-b-h	Negative	0.904621	0.0953791
6IWD-B-A	Negative	0.638149	0.361851
6H2A-H-A	Negative	0.521716	0.478284
6RQH-L-Q	Positive	0.392737	0.607263
6B67-D-A	Negative	0.673897	0.326103
6NIY-P-R	Negative	0.624329	0.375671
6XA6-C-B	Negative	0.857909	0.142091
6XA6-D-B	Negative	0.890706	0.109294
6FQ4-B-A	Positive	0.454742	0.545258
6W00-P-L	Negative	0.917731	0.0822687
6GRH-A-1	Positive	0.415218	0.584782
6CQR-C-A	Positive	0.261442	0.738558
6JX3-A-B	Positive	0.136359	0.863641
6D8C-N-H	Negative	0.941556	0.0584437
6M2J-C-A	Negative	0.918715	0.0812849
6AYN-F-A	Negative	0.722951	0.277049
6X23-B-A	Negative	0.801389	0.198611
6TYX-C-A	Negative	0.931578	0.068422
6TYX-D-B	Negative	0.619281	0.380719
6JOZ-C-A	Negative	0.64821	0.35179
6JUE-A-L	Negative	0.974355	0.0256447
6YBU-C-A	Negative	0.852915	0.147085
6YBU-D-A	Negative	0.692968	0.307032
6YBU-I-G	Negative	0.867021	0.132979
6YBU-J-G	Negative	0.86526	0.13474
6HC8-E-A	Positive	0.414101	0.585899
6S24-F-A	Negative	0.939517	0.0604834
6B4G-B-A	Negative	0.567023	0.432977
6B4G-H-G	Positive	0.436775	0.563225
6P8U-C-B	Negative	0.7069	0.2931
6A3A-D-C	Negative	0.91634	0.08366
6S1U-I-A	Negative	0.672954	0.327046
6P2F-C-A	Negative	0.757685	0.242315
6ZMT-i-D	Negative	0.500667	0.499333
6GCS-c-Q	Negative	0.858654	0.141346
6OA9-K-A	Positive	0.253312	0.746688
6WMS-E-A	Negative	0.868414	0.131586
6ZCJ-P-A	Negative	0.909699	0.090301
6MBE-B-A	Negative	0.735486	0.264514
6S9L-C-A	Positive	0.435138	0.564862
6SND-C-A	Positive	0.374313	0.625687
6ERH-M-A	Positive	0.474671	0.525329
6ERH-T-C	Negative	0.682219	0.317781
6WMF-B-A	Negative	0.843626	0.156374
6ZR5-C-A	Negative	0.737727	0.262273
6ZR5-D-A	Negative	0.865107	0.134893
6CDM-C-A	Negative	0.760382	0.239618
6QDR-B-A	Negative	0.884611	0.115389
6NPZ-F-A	Negative	0.780044	0.219956
6Z5R-C-D	Positive	0.249375	0.750625
6Z5R-E-D	Positive	0.249375	0.750625
6Z5R-A-D	Positive	0.249375	0.750625
6Z5R-I-F	Negative	0.880357	0.119643
6Z5R-J-G	Positive	0.394339	0.605661
6Z5R-K-G	Negative	0.880357	0.119643
6Z5R-7-H	Positive	0.249375	0.750625
6Z5R-T-M	Positive	0.191042	0.808958
6Z5R-Y-M	Positive	0.249375	0.750625
6Z5R-S-Q	Negative	0.887853	0.112147
6TKG-I-H	Negative	0.515193	0.484807
6X18-P-R	Negative	0.748401	0.251599
6S7L-C-A	Negative	0.953652	0.0463481
6CBP-P-A	Positive	0.348011	0.651989
6UUN-P-E	Positive	0.3195	0.6805
6ILG-C-A	Negative	0.85216	0.14784
6VB0-C-A	Negative	0.725786	0.274214
6FCP-P-A	Negative	0.984688	0.015312
6GMG-C-A	Positive	0.332722	0.667278
6GMG-D-B	Negative	0.931343	0.0686575
6EOT-F-A	Negative	0.654351	0.345649
6NFJ-C-A	Negative	0.770546	0.229454
6Z0M-B-A	Negative	0.89841	0.10159
6Z0M-E-A	Negative	0.63899	0.36101
6F0W-S-A	Negative	0.611317	0.388683
6R5B-E-A	Negative	0.976345	0.0236554
6VMC-C-A	Negative	0.855987	0.144013
6L35-J-A	Negative	0.815018	0.184982
6L35-M-B	Negative	0.631557	0.368443
6B0U-D-A	Negative	0.670357	0.329643
6B0U-E-B	Positive	0.148343	0.851657
6QTQ-B-A	Positive	0.497506	0.502494
6H06-I-H	Negative	0.997747	0.00225324
6H06-G-H	Negative	0.977312	0.0226878
6H06-K-A	Negative	0.935293	0.0647067
6UGF-G-A	Negative	0.866309	0.133691
6BYH-E-A	Negative	0.844662	0.155338
6BYH-I-G	Negative	0.852519	0.147481
6X6Q-B-A	Positive	0.460727	0.539273
6MAK-B-A	Negative	0.682431	0.317569
6SK3-C-A	Positive	0.185879	0.814121
6AY9-B-A	Positive	0.254343	0.745657
6UYR-B-A	Positive	0.366511	0.633489
6Y39-D-E	Negative	0.596865	0.403135
6Y39-G-H	Negative	0.73459	0.26541
6XID-I-B	Positive	0.327236	0.672764
6EF5-P-A	Negative	0.734631	0.265369
6EF5-Q-B	Negative	0.687338	0.312662
6F5P-G-A	Negative	0.607141	0.392859
6YMO-C-A	Negative	0.968273	0.0317269
6YMO-D-B	Negative	0.969608	0.0303921
6WNX-C-A	Negative	0.909693	0.0903067
6SPF-u-b	Negative	0.6011	0.3989
6KMH-C-A	Negative	0.803384	0.196616
6F4S-B-A	Negative	0.90161	0.0983901
6KM7-C-A	Positive	0.229959	0.770041
6KM7-D-A	Positive	0.193444	0.806556
6UJ8-C-A	Negative	0.846599	0.153401
6SMQ-C-A	Negative	0.865689	0.134311
6I42-B-A	Positive	0.202698	0.797302
6MEW-B-A	Negative	0.624371	0.375629
6MEW-D-A	Negative	0.750393	0.249607
6WK2-Y-A	Positive	0.271118	0.728882
6NK0-C-A	Negative	0.805032	0.194967
6G84-D-A	Negative	0.720342	0.279658
6G84-C-B	Negative	0.736672	0.263328
6Y6B-C-A	Negative	0.856853	0.143147
6ZBT-E-A	Positive	0.312624	0.687376
6ZBT-G-B	Negative	0.62998	0.37002
6JAT-B-A	Positive	0.0707663	0.929234
6JAT-D-C	Positive	0.270467	0.729533
6HLB-B-A	Negative	0.82601	0.17399
6TSC-B-A	Negative	0.694949	0.305051
6PJA-B-A	Negative	0.636954	0.363046
6W05-P-H	Negative	0.917731	0.0822687
6GVL-B-A	Negative	0.604619	0.395381
6L8G-A-B	Negative	0.545271	0.454729
6YO8-E-A	Negative	0.694781	0.305219
6YO8-G-C	Negative	0.792694	0.207306
6XOV-B-A	Negative	0.782874	0.217126
6N7I-F-A	Negative	0.851343	0.148657
6SEF-V-A	Negative	0.76175	0.23825
6FBX-B-A	Negative	0.618201	0.381799
6F4U-D-A	Positive	0.195855	0.804145
6B8J-C-A	Negative	0.690361	0.309639
6B8H-A-2	Negative	0.525114	0.474886
6B8H-k-a	Positive	0.184498	0.815502
6B8H-I-G	Positive	0.248827	0.751173
6TWY-C-B	Negative	0.880975	0.119025
6PU3-B-A	Negative	0.931848	0.0681525
6QS1-F-B	Positive	0.274525	0.725475
6HKS-H-B	Negative	0.914106	0.0858938
6EH2-B-A	Positive	0.0520306	0.947969
6TMF-Z-Q	Positive	0.162474	0.837526
6MA4-B-A	Negative	0.974945	0.0250549
6HZC-B-A	Positive	0.237666	0.762334
6R8I-B-A	Negative	0.761053	0.238947
6YJ4-k-L	Positive	0.391836	0.608164
6T2F-B-A	Positive	0.408282	0.591718
6C1D-F-B	Negative	0.885653	0.114347
6IZ8-F-C	Negative	0.889888	0.110112
6V3X-B-A	Positive	0.226324	0.773676
6XA8-C-B	Negative	0.890706	0.109294
6Q8I-C-A	Positive	0.312837	0.687163
6Q8I-D-A	Negative	0.5335	0.4665
6Q8I-G-A	Positive	0.285811	0.714189
6Q8I-H-A	Positive	0.143857	0.856143
6Q8I-K-B	Negative	0.514768	0.485232
6Q8I-L-B	Positive	0.177695	0.822305
6Q8I-O-M	Positive	0.338373	0.661627
6WI4-C-B	Positive	0.422007	0.577993
6T80-G-A	Positive	0.227224	0.772776
6T80-H-B	Positive	0.298663	0.701337
6T80-E-C	Negative	0.504543	0.495457
6RXQ-E-A	Negative	0.530203	0.469797
6RXQ-F-A	Negative	0.509271	0.490729
6RXQ-H-D	Positive	0.121882	0.878118
6ZXE-e-J	Positive	0.469009	0.530991
6QDV-Z-A	Negative	0.511563	0.488437
6QDV-z-F	Negative	0.740791	0.259209
6HBG-D-A	Negative	0.752685	0.247315
6MGQ-D-A	Negative	0.574666	0.425334
6N7Q-C-A	Negative	0.548808	0.451192
6SI6-A-B	Negative	0.609219	0.390781
6S8S-B-A	Negative	0.570995	0.429005
6S8S-D-A	Negative	0.570995	0.429005
6UAO-B-S	Negative	0.853144	0.146856
6YGH-E-A	Negative	0.908696	0.0913045
6CEZ-P-L	Positive	0.207472	0.792528
6WNT-A-e	Positive	0.486402	0.513598
6YLD-B-A	Negative	0.742566	0.257434
6YLD-D-C	Negative	0.658356	0.341644
6ZMW-i-Z	Negative	0.626613	0.373387
6GG7-C-B	Positive	0.100664	0.899336
6WK1-Y-A	Positive	0.271118	0.728882
6SQC-B-A	Negative	0.778163	0.221837
6U3O-I-G	Negative	0.795539	0.204461
6WAV-E-A	Negative	0.558809	0.441191
6WAV-G-A	Negative	0.719022	0.280978
6WAV-F-B	Negative	0.558809	0.441191
6WAV-H-B	Negative	0.806575	0.193425
6LSD-C-A	Negative	0.77931	0.22069
6GHJ-B-A	Positive	0.263947	0.736053
6G8P-P-A	Positive	0.209743	0.790257
6KK4-A-B	Positive	0.182594	0.817406
6R2I-B-A	Negative	0.536819	0.463181
6KWO-C-A	Negative	0.784895	0.215105
6OM4-C-A	Negative	0.755729	0.244271
6E2P-C-A	Positive	0.193731	0.806269
6E2P-D-B	Positive	0.373725	0.626275
6J8Y-D-C	Positive	0.27739	0.72261
6QZS-P-A	Positive	0.413759	0.586241
6QZS-C-B	Negative	0.604064	0.395936
6C23-E-A	Negative	0.859948	0.140052
6C23-O-K	Negative	0.797466	0.202534
6C23-B-L	Negative	0.648784	0.351216
6V86-F-A	Positive	0.277995	0.722005
6H9N-B-A	Negative	0.739503	0.260497
6WJ6-F-A	Negative	0.531958	0.468042
6WJ6-I-A	Positive	0.0895013	0.910499
6WJ6-L-A	Negative	0.751293	0.248707
6WJ6-T-A	Positive	0.225967	0.774033
6IJO-J-A	Negative	0.799892	0.200108
6JUW-Y-N	Positive	0.178295	0.821705
6PX6-C-A	Positive	0.355923	0.644077
6YR5-O-A	Negative	0.959198	0.0408024
6YR5-P-B	Positive	0.431046	0.568954
6YR5-Q-C	Negative	0.602844	0.397156
6YR5-R-D	Negative	0.91191	0.0880896
6PI7-G-A	Positive	0.345629	0.654371
6ZMR-k-O	Negative	0.783622	0.216378
6ZMR-8-P	Negative	0.543611	0.456389
6ZMR-d-a	Positive	0.469599	0.530401
6ZMR-j-a	Positive	0.178579	0.821421
6NQB-R-F	Negative	0.864189	0.135811
6R00-B-A	Negative	0.54488	0.45512
6NPW-E-D	Negative	0.737274	0.262726
6OPD-C-A	Negative	0.88283	0.11717
6ZVF-P-L	Negative	0.926328	0.073672
6TTK-E-A	Negative	0.959729	0.0402712
6TTK-F-B	Negative	0.871314	0.128686
6U8G-E-A	Positive	0.0841032	0.915897
6G4S-k-Q	Negative	0.689004	0.310996
6YXK-C-A	Negative	0.941079	0.0589213
6VB1-C-A	Negative	0.738099	0.261901
6ATK-F-C	Negative	0.933808	0.0661916
6TKJ-I-H	Negative	0.875138	0.124862
6VPV-J-A	Positive	0.483047	0.516953
6ITU-B-A	Negative	0.797199	0.202801
6F4V-G-A	Positive	0.152405	0.847595
6GKG-I-A	Negative	0.784089	0.215911
6GKG-K-B	Negative	0.841849	0.158151
6GKG-M-C	Positive	0.490261	0.509739
6GKG-N-G	Negative	0.881715	0.118285
6LQJ-a-A	Negative	0.602698	0.397302
6PGQ-B-A	Negative	0.956787	0.0432128
6CRR-D-A	Positive	0.377898	0.622102
6TJB-A-B	Negative	0.911337	0.0886628
6PVA-A-B	Negative	0.509513	0.490487
6V2E-B-A	Negative	0.56818	0.43182
6VBQ-P-H	Negative	0.909564	0.0904356
6VBQ-K-D	Negative	0.808384	0.191616
6H8Q-G-A	Positive	0.377788	0.622212
6H8Q-H-B	Negative	0.504717	0.495283
6F9W-B-A	Negative	0.813337	0.186663
6TME-C-A	Positive	0.339635	0.660365
6TWU-C-B	Negative	0.684563	0.315437
6UEB-B-A	Positive	0.212313	0.787687
6KWL-C-A	Negative	0.727549	0.272451
6UIB-C-A	Positive	0.48671	0.51329
6OKD-D-A	Positive	0.424886	0.575114
6OKD-C-B	Positive	0.345234	0.654766
6QNX-C-A	Negative	0.602045	0.397955
6RR0-H-A	Negative	0.93083	0.0691703
6RR0-I-A	Negative	0.798815	0.201185
6RR0-K-B	Negative	0.955465	0.0445349
6RR0-L-C	Negative	0.897714	0.102286
6RR0-N-G	Negative	0.990076	0.00992356
6V01-C-B	Positive	0.434582	0.565418
6ZXS-J-A	Positive	0.463069	0.536931
6K08-B-A	Negative	0.568862	0.431138
6L71-C-A	Positive	0.234834	0.765166
6GL1-P-A	Positive	0.321023	0.678977
6RUP-C-A	Positive	0.389532	0.610468
6ML1-G-A	Positive	0.182735	0.817265
6SIG-C-B	Positive	0.114784	0.885216
6DU2-C-A	Negative	0.932732	0.0672684
6DU2-D-A	Negative	0.968949	0.0310508
6U6L-B-A	Positive	0.124182	0.875818
6MT5-C-A	Negative	0.848275	0.151725
6G9Q-P-A	Negative	0.84419	0.15581
6EVN-C-A	Negative	0.685905	0.314095
6ZK9-q-4	Positive	0.441178	0.558822
6P1Y-A-B	Positive	0.396965	0.603035
6OWT-T-B	Negative	0.657759	0.342241
6V7X-C-A	Negative	0.83451	0.16549
6LXE-B-A	Negative	0.595036	0.404964
6LXE-C-A	Negative	0.663103	0.336897
6WJ7-A-B	Negative	0.640346	0.359654
6C26-4-A	Negative	0.618446	0.381554
6EJL-C-A	Negative	0.956157	0.0438432
6EJL-D-B	Negative	0.839309	0.160691
6RMB-D-A	Negative	0.817898	0.182102
6EVP-C-A	Negative	0.707881	0.292119
6DAE-C-A	Positive	0.103326	0.896674
6DAE-D-B	Positive	0.155261	0.844739
6JI2-X-A	Negative	0.945684	0.0543156
6ODM-O-C	Negative	0.921677	0.0783234
6PEU-M-A	Negative	0.778575	0.221425
6CS3-D-A	Negative	0.766089	0.23391
6ZVQ-B-A	Positive	0.496567	0.503433
6G0Q-B-A	Negative	0.84205	0.15795
6H25-I-F	Positive	0.0524502	0.94755
6H25-K-G	Negative	0.707343	0.292657
6YNU-B-A	Negative	0.871442	0.128558
6WJQ-C-A	Negative	0.858121	0.141879
6J4V-B-A	Negative	0.857137	0.142863
6CE7-O-B	Positive	0.0451974	0.954803
6CE7-P-B	Negative	0.846293	0.153707
6U3D-C-A	Negative	0.524665	0.475335
6TA7-G-A	Negative	0.523132	0.476868
6TA7-H-F	Negative	0.565514	0.434486
6QPH-J-2	Negative	0.641837	0.358163
6YQF-D-A	Positive	0.167692	0.832308
6MI7-C-F	Negative	0.758232	0.241768
6BHD-B-A	Positive	0.281327	0.718673
6KZH-C-A	Negative	0.926572	0.0734279
6VQO-P-A	Negative	0.62321	0.37679
6VEQ-B-E	Negative	0.975323	0.0246768
6V3N-C-A	Negative	0.905349	0.0946506
6V3N-D-A	Negative	0.97692	0.0230799
6YR7-C-A	Negative	0.772425	0.227575
6JWN-B-A	Negative	0.818341	0.181659
6JLP-F-A	Negative	0.709107	0.290893
6HPG-a-A	Negative	0.870239	0.129761
6HPG-f-B	Positive	0.43741	0.56259
6TUV-L-A	Negative	0.77407	0.22593
6MNQ-P-H	Positive	0.269713	0.730287
6H0B-F-B	Negative	0.976121	0.0238787
6XZK-B-A	Positive	0.272524	0.727476
6B4I-C-B	Positive	0.355116	0.644884
6B4I-D-B	Negative	0.859505	0.140495
6R16-H-A	Negative	0.665817	0.334183
6R16-I-A	Positive	0.328316	0.671684
6R16-J-A	Negative	0.688064	0.311936
6R16-K-A	Positive	0.378111	0.621889
6WME-B-A	Positive	0.150707	0.849293
6KPD-B-C	Positive	0.492531	0.507469
6W6O-C-A	Positive	0.197721	0.802279
6WBC-B-A	Negative	0.626672	0.373328
6PUZ-D-A	Negative	0.53512	0.46488
6WDT-D-A	Negative	0.538657	0.461343
6B3X-B-A	Negative	0.571589	0.428411
6M8R-K-G	Negative	0.633601	0.366399
6M8R-L-B	Positive	0.438629	0.561371
6O28-E-A	Negative	0.96539	0.0346103
6NUU-C-A	Positive	0.328717	0.671283
6HEP-E-A	Negative	0.504551	0.495449
6DRT-D-A	Negative	0.633086	0.366914
6DRT-E-B	Negative	0.61577	0.38423
6PV9-B-A	Negative	0.527584	0.472416
6XTR-C-A	Positive	0.470186	0.529814
6SIQ-P-A	Positive	0.45753	0.54247
6T7H-L-H	Positive	0.441688	0.558312
6MNR-P-H	Negative	0.893891	0.106109
6O9B-C-A	Negative	0.683516	0.316484
6WZY-C-A	Negative	0.975122	0.0248781
6NF7-C-A	Negative	0.909989	0.0900113
6NF7-O-A	Positive	0.476569	0.523431
6NF7-F-D	Negative	0.957452	0.042548
6NF7-I-G	Negative	0.745715	0.254285
6L9F-C-A	Positive	0.254311	0.745689
6L9F-D-B	Positive	0.218922	0.781078
6HM4-B-A	Positive	0.395008	0.604992
6QFM-B-A	Negative	0.907526	0.092474
6XSA-B-A	Negative	0.529366	0.470634
6HSN-D-A	Negative	0.804343	0.195657
6TJT-D-A	Negative	0.927046	0.072954
6ACP-B-A	Negative	0.579645	0.420355
6SH9-E-B	Positive	0.23815	0.76185
6SH6-B-A	Positive	0.217162	0.782838
6UYV-B-A	Negative	0.545464	0.454536
6AZT-B-A	Negative	0.683651	0.316349
6JZE-B-A	Positive	0.456655	0.543345
6FY2-P-H	Negative	0.555124	0.444876
6FY2-Z-X	Negative	0.555124	0.444876
6WRF-S-B	Negative	0.901228	0.0987721
6YLE-K-B	Negative	0.586931	0.413069
6U3B-B-A	Negative	0.654353	0.345647
6AXK-E-A	Negative	0.944519	0.0554808
6LML-C-B	Positive	0.248476	0.751524
6KZA-C-A	Positive	0.237994	0.762006
6KZA-D-B	Positive	0.251381	0.748619
6SEN-L-A	Positive	0.218922	0.781078
6SEN-M-B	Positive	0.218922	0.781078
6TJ1-D-A	Negative	0.753897	0.246103
6YAY-C-A	Positive	0.391685	0.608315
6YAY-D-A	Negative	0.672235	0.327765
6NI2-V-A	Negative	0.894434	0.105566
6Q53-B-A	Negative	0.950618	0.049382
6Q53-E-A	Negative	0.950618	0.049382
6H9O-B-A	Positive	0.436444	0.563556
6V7P-D-C	Negative	0.875126	0.124874
6V7P-B-A	Negative	0.931844	0.0681559
6FZF-C-A	Negative	0.733151	0.266849
6PU1-B-A	Positive	0.236253	0.763747
6ZH6-B-A	Negative	0.917447	0.0825528
6YW3-B-A	Positive	0.0808219	0.919178
6C4U-L-F	Negative	0.946946	0.0530543
6MTP-P-L	Negative	0.523842	0.476158
6MTP-Q-B	Positive	0.424517	0.575483
6BIZ-C-A	Positive	0.341863	0.658137
6ZHX-L-C	Negative	0.874263	0.125737
6A30-P-A	Positive	0.47394	0.52606
6NYX-B-H	Negative	0.682454	0.317546
6NYX-G-H	Positive	0.393716	0.606284
6NYX-O-H	Positive	0.107395	0.892605
6TMH-i-C	Negative	0.931513	0.0684871
6U3A-C-A	Negative	0.586823	0.413177
6U3A-D-B	Positive	0.14658	0.85342
6MHF-C-A	Negative	0.885175	0.114825
6PYQ-B-A	Negative	0.551753	0.448247
6PYQ-C-A	Negative	0.775514	0.224486
6PYQ-E-A	Negative	0.749835	0.250165
6PYQ-F-A	Negative	0.551753	0.448247
6EWO-C-A	Negative	0.786512	0.213488
6HZA-B-A	Positive	0.385958	0.614042
6SZ5-B-A	Negative	0.551743	0.448257
6SZ5-C-A	Positive	0.490965	0.509035
6J0W-C-A	Negative	0.65416	0.34584
6J0W-D-B	Positive	0.215229	0.784771
6YR6-B-A	Negative	0.780013	0.219987
6S07-C-A	Positive	0.470186	0.529814
6B9Y-D-A	Positive	0.438232	0.561768
6IC8-C-A	Positive	0.480838	0.519162
6IC8-D-B	Positive	0.363001	0.636999
6CD9-B-A	Negative	0.752633	0.247367
6N7J-D-A	Positive	0.311426	0.688574
6CCE-J-F	Negative	0.722894	0.277106
6YAR-C-A	Negative	0.904277	0.0957233
6YAR-D-A	Negative	0.506116	0.493884
6DTH-B-A	Negative	0.56954	0.43046
6RO1-B-A	Negative	0.805464	0.194536
6BLI-F-B	Positive	0.037811	0.962189
6BLI-I-G	Positive	0.0700689	0.929931
6IUH-C-A	Negative	0.623346	0.376654
6IUH-D-B	Negative	0.624788	0.375212
6F8F-G-D	Negative	0.721865	0.278135
6YSI-W-D	Positive	0.187165	0.812835
6ZHI-H-D	Negative	0.920494	0.0795064
6N61-I-C	Negative	0.616712	0.383288
6TDY-N-C	Negative	0.653516	0.346484
6TDY-h-M	Negative	0.621868	0.378132
6V4G-B-A	Negative	0.796613	0.203387
6CTB-B-A	Positive	0.370318	0.629682
6JAU-B-A	Positive	0.195154	0.804846
6FBK-P-A	Negative	0.780608	0.219392
6L7O-P-B	Positive	0.0546881	0.945312
6GSN-h-q	Positive	0.125679	0.874321
6ZMP-C-A	Negative	0.849197	0.150803
6RMC-C-A	Positive	0.143613	0.856387
6ALG-N-I	Positive	0.276359	0.723641
6URI-D-A	Negative	0.862163	0.137837
6CBI-I-A	Negative	0.668486	0.331514
6CBI-J-A	Negative	0.975857	0.0241429
6IWA-A-C	Negative	0.728085	0.271915
6SWE-Y-3	Positive	0.199437	0.800563
6V8O-S-G	Positive	0.473198	0.526802
6ZXA-B-A	Negative	0.632793	0.367207
6ZXA-D-A	Negative	0.632793	0.367207
6HBY-C-A	Negative	0.924063	0.0759366
6U96-F-A	Negative	0.762398	0.237602
6DAD-C-A	Positive	0.203857	0.796143
6T5F-G-A	Negative	0.570251	0.429749
6T5F-H-B	Negative	0.536606	0.463394
6T5F-E-C	Negative	0.710741	0.289259
6T5F-F-D	Negative	0.970014	0.0299858
6FEL-E-A	Negative	0.898604	0.101396
6URQ-D-A	Negative	0.815001	0.184999
6JXR-a-d	Negative	0.583695	0.416305
6JXR-b-d	Negative	0.501591	0.498409
6IGX-A-B	Negative	0.539543	0.460457
6IGX-C-D	Positive	0.38893	0.61107
6I31-B-A	Negative	0.745821	0.254179
6J19-B-A	Negative	0.947648	0.0523515
6GD5-B-A	Positive	0.259908	0.740092
6CF6-D-A	Negative	0.742201	0.257799
6CF6-C-B	Positive	0.290624	0.709376
6B3J-P-R	Positive	0.358173	0.641827
6L65-C-A	Positive	0.236075	0.763925
6MGN-B-A	Positive	0.365444	0.634556
6Y2B-C-A	Negative	0.70992	0.29008
6VJN-G-H	Negative	0.683594	0.316406
6VJN-F-H	Negative	0.760012	0.239988
6N3E-B-A	Positive	0.135436	0.864564
6Q9I-B-A	Positive	0.264682	0.735318
6P9X-P-R	Negative	0.686227	0.313773
6KIG-J-A	Negative	0.823514	0.176486
6J5J-I-G	Positive	0.22094	0.77906
6J5J-i-8	Positive	0.228672	0.771328
6IVX-D-A	Negative	0.860729	0.139271
6UBE-B-S	Negative	0.667762	0.332238
6YIH-C-A	Positive	0.377582	0.622418
6KEY-B-A	Negative	0.866823	0.133177
6CWP-F-A	Positive	0.207531	0.792469
6Y26-C-A	Negative	0.796317	0.203683
6Q00-B-A	Positive	0.17842	0.82158
6XOI-C-A	Positive	0.433786	0.566214
6K81-B-A	Positive	0.419105	0.580895
6XQI-F-A	Negative	0.944977	0.055023
6XQI-I-B	Negative	0.643145	0.356855
6MPZ-M-A	Negative	0.995281	0.00471912
6VE5-B-A	Negative	0.550481	0.449519
6D08-C-A	Positive	0.171272	0.828728
6D08-D-B	Positive	0.314255	0.685745
6TYT-B-A	Negative	0.804479	0.195521
6TYT-C-A	Negative	0.964166	0.0358335
6Y27-C-A	Negative	0.796317	0.203683
6HIK-L-A	Negative	0.633485	0.366515
6SBA-B-A	Negative	0.571587	0.428413
6X5J-B-A	Positive	0.0887055	0.911295
6QEV-D-B	Negative	0.520589	0.479411
6IMM-R-P	Positive	0.277075	0.722925
6ICR-A-B	Negative	0.564699	0.435301
6ICR-C-B	Negative	0.934861	0.0651388
6R5G-B-A	Negative	0.919342	0.0806578
6E2Q-M-A	Positive	0.400058	0.599942
6E2Q-P-A	Positive	0.184877	0.815123
6FAI-d-i	Positive	0.324023	0.675977
6M92-C-A	Positive	0.428736	0.571264
6YSL-B-G	Negative	0.810003	0.189997
6YSL-A-F	Negative	0.671532	0.328468
6V2O-C-A	Negative	0.616009	0.383991
6P6E-B-A	Positive	0.198606	0.801394
6P6E-C-A	Positive	0.403702	0.596298
6CVJ-D-A	Positive	0.16527	0.83473
6B5P-A-H	Negative	0.926587	0.073413
6G8I-P-A	Negative	0.629363	0.370637
6PFO-C-A	Negative	0.705378	0.294622
6GR9-B-A	Positive	0.45226	0.54774
6J0X-E-A	Positive	0.29105	0.70895
6KPB-B-C	Negative	0.635549	0.364451
6HOL-C-A	Negative	0.735801	0.264199
6HOL-D-B	Negative	0.735801	0.264199
6EAT-I-A	Negative	0.508076	0.491924
6TAS-G-A	Negative	0.519301	0.480699
6OIT-G-A	Positive	0.385604	0.614396
6FC6-B-A	Negative	0.908655	0.0913446
6LPH-B-A	Positive	0.173815	0.826185
6YIE-C-A	Positive	0.471315	0.528685
6TKK-B-A	Positive	0.397111	0.602889
6GWJ-D-B	Positive	0.376075	0.623925
6PTE-C-A	Positive	0.237319	0.762681
6RQJ-D-A	Negative	0.547986	0.452014
6KVM-C-A	Positive	0.302496	0.697504
6TDX-0-S	Negative	0.909416	0.0905839
6Z0L-B-A	Negative	0.923812	0.0761876
6M4Z-F-A	Positive	0.417995	0.582005
6IGL-B-A	Negative	0.841065	0.158935
6JO6-J-A	Negative	0.78192	0.21808
6JO6-K-A	Positive	0.358643	0.641357
6OZ8-A-B	Positive	0.396965	0.603035
6JZD-B-A	Positive	0.456655	0.543345
6JZD-C-A	Negative	0.955541	0.0444594
6BJ8-C-A	Negative	0.94432	0.0556798
6KHI-P-B	Positive	0.0546881	0.945312
6KHI-Q-D	Negative	0.970525	0.0294746
6A9C-E-B	Positive	0.390328	0.609672
6Q0N-C-A	Positive	0.398054	0.601946
6Q0N-D-B	Negative	0.706432	0.293568
6M4O-E-T	Positive	0.34212	0.65788
6M4O-B-A	Positive	0.392314	0.607686
6F4T-B-A	Positive	0.0555413	0.944459
6HKP-S-A	Positive	0.446631	0.553369
6MZB-C-B	Positive	0.205748	0.794252
6MZB-D-B	Positive	0.453319	0.546681
6R15-B-A	Positive	0.382356	0.617644
6VB4-C-A	Negative	0.755578	0.244422
6L7A-J-A	Negative	0.521332	0.478668
6U22-C-A	Negative	0.571605	0.428395
6QZR-N-A	Negative	0.799226	0.200774
6QZR-M-B	Negative	0.53303	0.46697
6QZR-P-D	Negative	0.563971	0.436029
6GK8-I-H	Positive	0.295849	0.704151
6GZJ-B-A	Negative	0.940937	0.0590629
6DSL-A-B	Negative	0.938997	0.0610029
6DLC-B-A	Positive	0.434657	0.565343
6O26-C-A	Negative	0.822699	0.177301
6VXY-C-A	Positive	0.39218	0.60782
6ZZX-J-A	Negative	0.746018	0.253982
6ZZX-M-B	Positive	0.404077	0.595923
6UZP-C-A	Negative	0.756387	0.243613
6H8C-B-A	Positive	0.37898	0.62102
6GMR-H-C	Negative	0.886286	0.113714
6XBW-f-a	Positive	0.0732734	0.926727
6XBW-r-b	Positive	0.0545072	0.945493
6DN6-B-A	Negative	0.709665	0.290335
6TQU-C-A	Positive	0.447628	0.552372
6TQU-D-B	Positive	0.491359	0.508641
6G4W-t-u	Negative	0.611048	0.388953
6MLC-E-A	Positive	0.0785914	0.921409
6IQG-C-A	Positive	0.295936	0.704064
6IQG-D-B	Positive	0.295936	0.704064
6H0F-C-B	Positive	0.17672	0.82328
6KN8-Y-L	Positive	0.251264	0.748736
6WGN-F-A	Positive	0.0796623	0.920338
6NCP-F-B	Negative	0.885895	0.114105
6NCP-E-C	Negative	0.862569	0.137431
6IWH-C-A	Negative	0.771054	0.228946
6OLE-y-C	Negative	0.529858	0.470142
6R5L-P-A	Negative	0.507071	0.492929
6L03-F-A	Negative	0.944216	0.0557842
6HMA-Z-L	Negative	0.644018	0.355982
6PPK-d-E	Negative	0.541979	0.458021
6PDZ-D-A	Negative	0.61049	0.38951
6AKL-B-A	Negative	0.834888	0.165112
6AKL-C-A	Negative	0.866288	0.133712
6ZR2-s-E	Negative	0.758952	0.241047
6ZR2-c-O	Negative	0.598358	0.401642
6V4E-C-A	Negative	0.921799	0.0782011
6R59-E-A	Negative	0.937996	0.0620043
6NV2-P-A	Negative	0.677192	0.322808
6N4R-F-B	Positive	0.0457762	0.954224
6F0G-C-A	Negative	0.814218	0.185782
6Q0U-C-A	Negative	0.678554	0.321446
6J31-E-A	Negative	0.773533	0.226467
6I5N-K-A	Positive	0.416419	0.583581
6I5N-I-A	Negative	0.808828	0.191172
6I5N-J-D	Negative	0.808828	0.191172
6I5N-L-D	Negative	0.871548	0.128452
6RWL-E-A	Positive	0.402454	0.597546
6J91-A-B	Negative	0.933367	0.0666334
6JMU-C-A	Negative	0.980541	0.0194594
6JMU-D-B	Negative	0.893865	0.106135
6E5N-A-B	Negative	0.848676	0.151324
6BGG-A-B	Negative	0.850311	0.149689
6YLH-l-X	Negative	0.533746	0.466254
6Z19-C-B	Negative	0.66517	0.33483
6LYQ-O-A	Negative	0.86791	0.13209
6NIX-C-A	Positive	0.334208	0.665792
6ZKB-4-L	Positive	0.116074	0.883926
6IAM-B-A	Negative	0.51111	0.48889
6IAM-C-A	Negative	0.855757	0.144244
6P9Y-P-R	Negative	0.797487	0.202513
6VQP-Q-A	Negative	0.851016	0.148984
6GTQ-C-A	Negative	0.521608	0.478392
6GTQ-D-A	Negative	0.539287	0.460713
6XLZ-P-H	Positive	0.387427	0.612573
6XLZ-A-H	Negative	0.829957	0.170043
6E5U-J-K	Positive	0.369293	0.630707
6G5G-P-B	Positive	0.199338	0.800662
6BWA-B-A	Positive	0.204654	0.795346
6SK8-C-A	Positive	0.295533	0.704467
6SK8-D-B	Positive	0.187177	0.812823
6GOS-A-1	Positive	0.419494	0.580506
6K3A-B-A	Negative	0.965144	0.034856
6W25-B-A	Negative	0.771914	0.228086
6KBM-B-A	Negative	0.785526	0.214474
6XKW-h-n	Positive	0.133187	0.866813
6XKW-Y-n	Negative	0.546449	0.453551
6B9L-E-A	Negative	0.707279	0.292721
6W3J-C-B	Positive	0.480929	0.519071
6J5I-i-8	Positive	0.133301	0.866699
6VIL-I-A	Negative	0.845101	0.154899
6YNS-N-A	Negative	0.754553	0.245447
6YNS-Q-A	Negative	0.829901	0.170099
6YNS-T-A	Negative	0.781687	0.218313
6YNS-Y-B	Negative	0.878472	0.121528
6YNS-S-D	Negative	0.885706	0.114294
6YNS-U-F	Negative	0.94355	0.0564503
6XIC-I-B	Negative	0.929336	0.0706636
6B5T-A-H	Negative	0.867923	0.132077
6LYR-P-A	Negative	0.920112	0.0798876
6A5S-E-A	Negative	0.726263	0.273737
6BVA-E-D	Positive	0.0449525	0.955047
6O8C-D-A	Positive	0.457446	0.542554
6O8C-E-A	Negative	0.85581	0.14419
6E3J-B-A	Negative	0.848408	0.151592
6HLW-B-A	Positive	0.16517	0.83483
6HLW-D-C	Positive	0.173097	0.826903
6EQX-D-A	Negative	0.743344	0.256656
6E3D-B-A	Negative	0.897888	0.102112
6MS4-B-A	Positive	0.070877	0.929123
6PXU-C-A	Positive	0.456224	0.543776
6PXU-D-B	Positive	0.194923	0.805077
6RLZ-C-A	Negative	0.975883	0.0241171
6QXZ-B-A	Negative	0.953151	0.0468493
6SQ2-D-A	Negative	0.875202	0.124798
6SQ2-E-A	Negative	0.836764	0.163236
6BSB-B-A	Positive	0.275037	0.724963
6BCY-C-A	Negative	0.868824	0.131176
6BCY-D-B	Negative	0.868824	0.131176
6BCY-H-F	Negative	0.920101	0.079899
6VBP-G-L	Negative	0.912429	0.0875712
6VBP-F-B	Positive	0.331299	0.668701
6VBP-E-D	Negative	0.674024	0.325976
6VBP-K-I	Negative	0.577876	0.422124
6Y9P-C-A	Negative	0.839986	0.160014
6Y9P-H-A	Negative	0.824282	0.175718
6Y9P-J-A	Negative	0.905856	0.0941437
6Y9P-D-B	Negative	0.797979	0.202021
6GZL-B-A	Negative	0.88185	0.11815
6IQJ-C-B	Negative	0.958069	0.0419308
6JPW-J-B	Positive	0.176311	0.823689
6MBC-B-A	Negative	0.581293	0.418707
6GB7-P-A	Negative	0.948011	0.0519891
6GB7-R-C	Negative	0.885793	0.114207
6VB6-C-A	Negative	0.73862	0.26138
6CIT-D-C	Negative	0.863044	0.136956
6U1X-P-A	Positive	0.422057	0.577943
6BW9-B-A	Positive	0.492684	0.507316
6T2E-B-A	Positive	0.0854597	0.91454
6CVN-D-A	Positive	0.177507	0.822493
6Y0V-E-A	Negative	0.578379	0.421621
6VBX-B-A	Positive	0.2569	0.7431
6KKG-C-A	Negative	0.879257	0.120743
6VQY-F-A	Negative	0.892769	0.107231
6X1S-G-H	Positive	0.116554	0.883446
6X78-I-A	Negative	0.864429	0.135571
6ZW0-C-A	Negative	0.545337	0.454663
6OS1-B-A	Positive	0.447921	0.552079
6C4H-N-v	Positive	0.488871	0.511129
6Q9F-B-A	Positive	0.264682	0.735318
6A3E-D-C	Negative	0.559818	0.440182
6V1A-C-A	Negative	0.867228	0.132772
6LZ9-A-B	Positive	0.106031	0.893969
6MRQ-I-A	Positive	0.0331536	0.966846
6QC0-B-A	Positive	0.465903	0.534097
6SML-C-B	Negative	0.764286	0.235714
6J4O-B-A	Negative	0.54533	0.45467
6ITC-B-A	Positive	0.197101	0.802899
6TJ6-C-A	Negative	0.6064	0.3936
6RGO-C-A	Negative	0.816494	0.183506
6RGO-D-A	Negative	0.789617	0.210383
6VPZ-C-A	Negative	0.879626	0.120374
6IRL-C-A	Negative	0.931206	0.0687939
6SLJ-P-B	Positive	0.186298	0.813702
6SLJ-Q-A	Positive	0.266306	0.733694
6NWA-J-A	Negative	0.799523	0.200477
6E49-E-A	Positive	0.367584	0.632416
6E49-D-B	Negative	0.519726	0.480274
6AJ0-D-A	Positive	0.222945	0.777055
6QDS-B-A	Negative	0.864066	0.135934
6TJ5-C-A	Negative	0.508155	0.491845
6LJN-B-A	Negative	0.573102	0.426898
6K0T-D-C	Negative	0.902819	0.0971814
6JQ2-P-A	Positive	0.386339	0.613661
6HC2-B-A	Positive	0.134957	0.865043
6HC2-F-A	Positive	0.301161	0.698839
6HC2-D-C	Negative	0.615218	0.384782
6HC2-L-C	Positive	0.308483	0.691517
6HC2-H-G	Positive	0.296811	0.703189
6HC2-J-I	Positive	0.327788	0.672212
6HC2-N-K	Negative	0.678652	0.321348
6HC2-R-M	Negative	0.513603	0.486397
6HC2-P-O	Positive	0.276163	0.723837
6HC2-T-S	Negative	0.6164	0.3836
6HC2-X-S	Negative	0.584423	0.415577
6HC2-V-U	Positive	0.16478	0.83522
6MV5-P-H	Negative	0.875004	0.124996
6EM1-s-O	Positive	0.492542	0.507458
6C0Y-I-A	Positive	0.390653	0.609347
6C0Y-M-A	Positive	0.376068	0.623932
6C0Y-L-D	Positive	0.146809	0.853191
6X45-E-C	Negative	0.576034	0.423966
6X45-D-B	Negative	0.79564	0.20436
6S7T-B-A	Negative	0.828891	0.171109
6S7T-K-A	Negative	0.987669	0.0123307
6S7T-I-C	Negative	0.838334	0.161666
6UVA-P-E	Positive	0.382927	0.617073
6IAT-G-A	Negative	0.918217	0.0817831
6HOM-D-C	Negative	0.721704	0.278296
6V84-C-A	Positive	0.213782	0.786218
6V84-D-B	Negative	0.871342	0.128658
6UBH-E-A	Negative	0.618236	0.381764
6P3W-E-B	Positive	0.350751	0.649249
6P3W-F-D	Negative	0.750376	0.249624
6LQM-R-I	Positive	0.251272	0.748728
6MBB-B-A	Negative	0.751465	0.248535
6PBV-G-A	Negative	0.84002	0.15998
6SS9-C-A	Positive	0.184463	0.815537
6CCT-B-A	Negative	0.926281	0.0737192
6XBE-F-A	Negative	0.895647	0.104354
6SM3-C-A	Negative	0.94361	0.0563899
6H0E-I-H	Negative	0.817218	0.182782
6H0E-K-A	Negative	0.94538	0.0546203
6DUQ-X-L	Positive	0.0967451	0.903255
6B5S-A-H	Negative	0.846715	0.153285
6X2V-D-C	Negative	0.896407	0.103593
6WFY-P-H	Negative	0.852923	0.147077
6WQU-D-C	Negative	0.695768	0.304232
6EKM-B-A	Positive	0.182053	0.817947
6HV2-B-A	Positive	0.347148	0.652852
6BYL-G-A	Negative	0.985243	0.0147571
6BYL-T-C	Negative	0.677453	0.322547
6BYL-P-D	Negative	0.957696	0.0423036
6XIE-I-B	Negative	0.99475	0.00525019
6AAF-B-A	Negative	0.840592	0.159408
6IDX-C-A	Negative	0.925079	0.0749211
6XS9-C-A	Positive	0.484298	0.515702
6XS9-F-A	Positive	0.484298	0.515702
6SYF-E-A	Negative	0.648654	0.351346
6SYF-F-A	Positive	0.477831	0.522169
6NRO-E-A	Positive	0.443025	0.556975
6NRO-B-A	Negative	0.516236	0.483764
6NRO-F-A	Positive	0.195352	0.804648
6FDT-B-A	Positive	0.393211	0.606789
6AXL-G-C	Negative	0.852923	0.147077
6SW9-0-7	Positive	0.158126	0.841874
6I2G-B-A	Negative	0.865494	0.134506
6YIC-P-A	Positive	0.442706	0.557294
6HM5-B-A	Negative	0.870711	0.129289
6KBB-F-C	Negative	0.947327	0.0526732
6KBB-E-A	Negative	0.697366	0.302634
6MAJ-B-A	Negative	0.64045	0.35955
6X00-C-A	Negative	0.928151	0.0718488
6BVB-H-V	Positive	0.488064	0.511936
6LY5-j-A	Positive	0.48115	0.51885
6LY5-i-B	Negative	0.572934	0.427066
6LY5-m-B	Positive	0.312276	0.687724
6EAV-I-A	Positive	0.144243	0.855757
6MUO-K-A	Negative	0.814507	0.185493
6MUO-L-A	Negative	0.93633	0.0636702
6CYT-C-B	Negative	0.707118	0.292882
6F6D-B-A	Negative	0.62201	0.37799
6D0X-C-A	Negative	0.924607	0.075393
6QMS-A-B	Negative	0.788027	0.211973
6ME1-F-A	Negative	0.858516	0.141484
6ME1-E-C	Negative	0.834477	0.165523
6BHE-B-A	Positive	0.281327	0.718673
6QBY-D-C	Positive	0.318253	0.681747
6EF2-s-H	Negative	0.976999	0.0230013
6CD8-C-A	Negative	0.868329	0.131671
6ZYX-e-J	Positive	0.107343	0.892657
6SLI-P-A	Positive	0.134447	0.865553
6SLI-E-C	Positive	0.209326	0.790674
6WTA-Z-A	Negative	0.910212	0.0897879
6WHZ-D-A	Positive	0.222506	0.777494
6TRW-D-A	Positive	0.489376	0.510624
6YZH-D-A	Positive	0.0754817	0.924518
6JZC-D-A	Positive	0.412468	0.587532
6EAW-I-A	Positive	0.181495	0.818505
6G07-R-A	Negative	0.929195	0.0708054
6G07-Q-B	Negative	0.548156	0.451844
6A9X-A-D	Positive	0.22488	0.77512
6SPZ-P-A	Positive	0.464401	0.535599
6GTR-C-A	Negative	0.73265	0.26735
6I2D-D-A	Positive	0.196425	0.803575
6JXX-B-A	Positive	0.361381	0.638619
6GH1-P-A	Negative	0.803996	0.196004
6GH1-Q-C	Negative	0.803996	0.196004
6ZRD-P-A	Negative	0.539194	0.460806
6TQ0-B-A	Positive	0.45629	0.54371
6TQ0-D-A	Positive	0.078546	0.921454
6TQ0-P-A	Positive	0.230472	0.769528
6TQ0-F-C	Positive	0.0893819	0.910618
6EJB-B-A	Negative	0.513927	0.486073
6VEN-P-O	Positive	0.197863	0.802137
6VEN-Q-O	Positive	0.481965	0.518035
6B27-G-A	Negative	0.933841	0.0661589
6B27-H-B	Negative	0.848616	0.151384
6B27-I-C	Negative	0.873548	0.126452
6B27-L-F	Negative	0.848064	0.151936
6HL6-S-A	Positive	0.477103	0.522897
6MS1-C-A	Negative	0.84376	0.15624
6JLH-B-A	Negative	0.815131	0.184869
6HY7-B-A	Positive	0.353514	0.646486
6QDW-z-e	Negative	0.635324	0.364676
6V3Y-B-A	Negative	0.670739	0.329261
6XS5-B-A	Positive	0.371864	0.628136
6S0Y-C-A	Positive	0.207063	0.792937
6S0Y-D-B	Positive	0.212684	0.787316
6RMM-P-A	Negative	0.992453	0.00754687
6BIR-C-A	Negative	0.987501	0.0124992
6W0L-P-A	Positive	0.378527	0.621473
6YMX-m-a	Negative	0.624062	0.375938
6I2T-J-B	Negative	0.55818	0.44182
6DRD-L-B	Positive	0.486238	0.513762
6XMI-F-A	Negative	0.949834	0.0501665
6XMI-C-A	Negative	0.90529	0.09471
6LU8-1-4	Negative	0.65986	0.34014
6LU8-z-4	Negative	0.597445	0.402555
6OX5-Y-A	Positive	0.121726	0.878274
6D3Y-C-A	Negative	0.502126	0.497874
6T7Y-B-A	Negative	0.680307	0.319693
6V7O-C-A	Positive	0.269044	0.730956
6V7O-D-B	Negative	0.97964	0.0203603
6WAU-G-A	Positive	0.434566	0.565434
6WAU-I-A	Negative	0.698043	0.301957
6WAU-L-C	Positive	0.125535	0.874465
6E4D-F-A	Negative	0.922653	0.0773468
6QTO-B-A	Negative	0.600584	0.399416
6ERF-Q-B	Negative	0.757829	0.242171
6ERF-R-D	Negative	0.782293	0.217707
6D3Z-C-A	Negative	0.601284	0.398716
6X0V-E-F	Negative	0.899904	0.100096
6X0V-H-F	Negative	0.622029	0.377971
6G3J-C-A	Negative	0.876722	0.123278
6MT4-C-A	Positive	0.25238	0.74762
6G0R-C-A	Negative	0.929845	0.0701549
6IYC-E-A	Positive	0.203976	0.796024
6YP7-l-a	Negative	0.966418	0.0335822
6YP7-t-a	Positive	0.0793707	0.920629
6YP7-x-b	Positive	0.0802346	0.919765
6YP7-T-b	Positive	0.0793707	0.920629
6YP7-k-c	Positive	0.211326	0.788674
6YP7-J-A	Positive	0.123231	0.876769
6A33-I-A	Negative	0.844626	0.155374
6F0Y-B-A	Positive	0.190339	0.809661
6P8S-E-A	Negative	0.730014	0.269986
6P8S-F-B	Negative	0.86967	0.13033
6UCM-A-B	Negative	0.806758	0.193242
6GPZ-E-B	Positive	0.280295	0.719705
6JFO-B-A	Negative	0.542279	0.457721
6RK8-P-A	Negative	0.853645	0.146355
6F0F-B-A	Positive	0.286339	0.713661
6O09-I-C	Positive	0.209598	0.790402
6O09-E-C	Positive	0.153408	0.846592
6O09-G-A	Positive	0.454639	0.545361
6J56-C-A	Positive	0.376798	0.623202
6QTW-B-A	Negative	0.946959	0.0530408
6U72-C-B	Positive	0.0742357	0.925764
6LOS-F-A	Negative	0.856969	0.143031
6LOS-G-A	Positive	0.392119	0.607881
6LOS-H-A	Positive	0.281828	0.718172
6FI4-B-A	Negative	0.793214	0.206786
6EJC-B-A	Negative	0.917014	0.0829859
6QZW-F-C	Negative	0.556891	0.443109
6RIR-C-A	Negative	0.678225	0.321775
6BXQ-A-B	Negative	0.948325	0.0516751
6O3W-C-A	Negative	0.702718	0.297282
6O25-H-E	Negative	0.93951	0.0604899
6O25-L-I	Negative	0.932681	0.0673192
6EIH-P-A	Negative	0.60524	0.39476
6NKP-C-A	Negative	0.512488	0.487512
6NKP-D-B	Negative	0.512488	0.487512
6LJM-B-A	Negative	0.942861	0.0571385
6FAD-E-A	Negative	0.773129	0.226871
6FAD-H-B	Negative	0.62921	0.37079
6FAD-F-D	Negative	0.61139	0.38861
6DTN-A-B	Positive	0.240115	0.759885
6YBA-Y-A	Positive	0.156914	0.843086
6YBA-w-A	Negative	0.780909	0.219091
6YBA-Q-D	Positive	0.121255	0.878745
6YBA-W-D	Negative	0.67924	0.32076
6EHT-E-B	Positive	0.040879	0.959121
6EHT-D-C	Positive	0.269069	0.730931
6YPP-B-A	Positive	0.285905	0.714095
6XQB-D-A	Positive	0.0833054	0.916695
6J8E-D-A	Positive	0.107762	0.892238
6VQD-C-A	Negative	0.777091	0.222909
6BAE-D-A	Positive	0.0605935	0.939407
6OPJ-B-A	Negative	0.511447	0.488553
6RX4-C-A	Positive	0.0720456	0.927954
6YIB-P-A	Positive	0.0378848	0.962115
6HGM-B-A	Positive	0.255302	0.744698
6TXB-L-A	Positive	0.34379	0.65621
6XRO-B-A	Negative	0.911574	0.0884256
6I85-B-A	Negative	0.813706	0.186294
6TNQ-B-A	Negative	0.583133	0.416867
6TNQ-D-A	Positive	0.381519	0.618481
6TNQ-F-E	Negative	0.696825	0.303175
6ULE-I-A	Negative	0.924666	0.0753341
6U3I-B-A	Negative	0.555053	0.444947
6ILD-C-A	Negative	0.728903	0.271097
6B5N-A-H	Negative	0.959027	0.0409734
6UCI-C-A	Positive	0.359336	0.640664
6C24-B-L	Positive	0.473021	0.526979
6V7Q-D-C	Negative	0.955893	0.0441071
6Q5Y-E-A	Positive	0.348022	0.651978
6XS7-B-A	Positive	0.404701	0.595299
6WI3-F-A	Positive	0.44592	0.55408
6WI3-H-C	Positive	0.200478	0.799522
6S1C-D-B	Positive	0.267067	0.732933
6BGL-l-A	Negative	0.869273	0.130727
6YOO-B-A	Negative	0.942397	0.0576034
6K60-C-A	Negative	0.770816	0.229184
6O3Y-D-A	Negative	0.849035	0.150965
6O3Y-E-B	Negative	0.749519	0.250481
6X1T-M-H	Positive	0.286706	0.713294
6X1T-R-H	Positive	0.145551	0.854449
6X1T-O-C	Positive	0.309896	0.690104
6J29-C-A	Positive	0.408022	0.591978
6BYJ-G-A	Negative	0.922835	0.0771647
6BYJ-T-C	Negative	0.78294	0.21706
6BYJ-P-D	Negative	0.786971	0.213029
6X2U-D-C	Negative	0.897938	0.102062
6TQR-E-A	Positive	0.328771	0.671229
6TQR-F-B	Positive	0.291866	0.708134
6KAF-l-r	Positive	0.421291	0.578709
6KAF-f-a	Negative	0.716865	0.283135
6KAF-i-a	Positive	0.42851	0.57149
6KAF-j-a	Positive	0.443091	0.556909
6KAF-t-a	Positive	0.323788	0.676212
6KAF-m-d	Positive	0.117246	0.882754
6KAF-x-d	Positive	0.149682	0.850318
6KAF-y-z	Positive	0.379331	0.620669
6KAF-J-A	Positive	0.443091	0.556909
6QMP-A-B	Positive	0.202584	0.797416
6XZI-B-A	Negative	0.887789	0.112211
6P25-D-B	Positive	0.45251	0.54749
6RQF-O-I	Negative	0.64004	0.35996
6RQF-P-I	Positive	0.36929	0.63071
6RQF-M-K	Positive	0.177017	0.822983
6RQF-H-A	Positive	0.36929	0.63071
6U39-D-A	Positive	0.400367	0.599633
6U39-F-E	Positive	0.138116	0.861884
6U39-L-G	Positive	0.337381	0.662619
6U39-J-I	Positive	0.439773	0.560227
6U39-P-M	Positive	0.0263256	0.973674
6U39-R-Q	Negative	0.568973	0.431027
6U39-T-Q	Positive	0.0742722	0.925728
6EWC-C-A	Negative	0.956128	0.0438725
6F7T-D-A	Positive	0.485833	0.514167
6WX7-B-A	Negative	0.694423	0.305577
6MUP-K-E	Negative	0.71807	0.28193
6RM5-P-A	Positive	0.158962	0.841038
6CSU-C-B	Positive	0.428442	0.571558
6CSU-A-B	Positive	0.428661	0.571339
6ACL-B-A	Negative	0.947348	0.0526524
6M2K-C-A	Positive	0.493069	0.506931
6H22-C-A	Positive	0.160691	0.839309
6FHI-X-A	Positive	0.153901	0.846099
6BZ9-C-A	Positive	0.424145	0.575855
6HZD-B-A	Negative	0.797826	0.202174
6RRK-C-B	Negative	0.515472	0.484528
6X2R-D-C	Negative	0.94612	0.0538802
6FY0-P-H	Negative	0.836164	0.163836
6UHC-I-A	Negative	0.654355	0.345645
6UHC-H-B	Positive	0.355129	0.644871
6DC8-P-L	Negative	0.903939	0.0960612
6K06-A-C	Negative	0.540466	0.459534
6WM3-V-U	Positive	0.144269	0.855731
6NUF-C-A	Positive	0.301383	0.698617
6WKR-E-T	Negative	0.701205	0.298795
6WKR-B-A	Negative	0.670713	0.329287
6C5X-G-A	Negative	0.654436	0.345564
6F1U-c-B	Positive	0.19225	0.80775
6F1U-d-F	Negative	0.676796	0.323204
6GDG-C-B	Negative	0.939394	0.0606059
6C90-B-A	Positive	0.387179	0.612821
6NJ8-E-B	Negative	0.808948	0.191052
6XZJ-B-A	Negative	0.821025	0.178975
6X2W-D-C	Negative	0.890488	0.109512
6VO5-C-A	Positive	0.0897041	0.910296
6VO5-D-B	Positive	0.201649	0.798351
6TKH-I-H	Negative	0.662158	0.337842
6X1V-D-L	Negative	0.668349	0.331651
6D84-O-B	Negative	0.830921	0.169079
6GX9-C-A	Negative	0.727398	0.272602
6BZV-L-G	Positive	0.383858	0.616142
6HOS-C-A	Positive	0.4852	0.5148
6E21-B-A	Negative	0.740214	0.259786
6RM8-C-A	Positive	0.362613	0.637387
6VWK-X-S	Negative	0.521642	0.478358
6VWK-Y-a	Positive	0.451803	0.548197
6Y3Z-B-A	Negative	0.57777	0.42223
6J7W-C-A	Positive	0.491101	0.508899
6RK9-C-A	Negative	0.743701	0.256299
6EJ9-B-A	Negative	0.621508	0.378492
6HLV-B-A	Positive	0.241653	0.758347
6DB5-P-H	Negative	0.651212	0.348789
6OO2-G-A	Negative	0.848629	0.151371
6OO2-H-A	Negative	0.925864	0.0741361
6OO2-I-A	Negative	0.7568	0.2432
6NQ3-D-B	Negative	0.909782	0.0902176
6G0S-D-A	Positive	0.235138	0.764862
6SH7-B-A	Negative	0.560218	0.439782
6XA7-F-A	Negative	0.865742	0.134258
6XA7-G-C	Negative	0.749596	0.250404
6GP7-D-B	Negative	0.681898	0.318102
6OCX-J-A	Negative	0.977453	0.022547
6X5W-B-A	Positive	0.45702	0.54298
6URG-F-A	Negative	0.822646	0.177354
6EJ8-B-A	Negative	0.642623	0.357377
6ONI-D-B	Negative	0.926344	0.0736558
6NSV-C-A	Negative	0.555835	0.444165
6J4S-B-A	Negative	0.858236	0.141764
6TWB-H-A	Positive	0.137311	0.862689
6TWB-B-A	Positive	0.0452871	0.954713
6KYU-C-A	Negative	0.947495	0.0525048
6AZ3-m-E	Positive	0.118301	0.881699
6Y1J-P-A	Positive	0.263574	0.736426
6F4R-B-A	Positive	0.285629	0.714371
6QTV-B-A	Negative	0.847401	0.152599
6OCG-B-A	Negative	0.858512	0.141488
6YNC-B-A	Positive	0.151966	0.848034
6SIF-G-A	Positive	0.0529007	0.947099
6AZK-E-A	Negative	0.722951	0.277049
6BIY-C-A	Positive	0.156521	0.843479
6WAS-J-H	Negative	0.727916	0.272084
6QNS-S-A	Negative	0.604031	0.395969
6I2H-D-A	Positive	0.196425	0.803575
6CX1-D-A	Positive	0.261934	0.738066
6R2G-C-A	Negative	0.631742	0.368258
6B4E-C-B	Negative	0.975704	0.0242956
6B4E-D-B	Negative	0.537661	0.462339
6SS8-C-A	Positive	0.207313	0.792687
6EOP-D-A	Negative	0.654351	0.345649
6XWT-E-A	Negative	0.939121	0.0608787
6XWT-F-A	Negative	0.951868	0.0481318
6NBY-Q-D	Negative	0.947792	0.0522084
6B9M-D-A	Negative	0.905351	0.0946486
6P7E-U-A	Negative	0.806349	0.193651
6P7E-W-C	Negative	0.528208	0.471792
6XZH-B-A	Negative	0.821025	0.178975
6EFK-C-A	Negative	0.655028	0.344972
6TUT-I-A	Positive	0.471094	0.528906
6DZ6-B-A	Negative	0.79388	0.20612
6Z2P-C-A	Negative	0.755767	0.244233
6MSU-C-A	Negative	0.691996	0.308004
6OV7-C-A	Negative	0.869503	0.130497
6OV7-D-B	Positive	0.340299	0.659701
6MJC-B-A	Positive	0.498086	0.501914
6OCF-B-A	Positive	0.408375	0.591625
6V55-Q-A	Negative	0.71071	0.28929
6OCH-B-A	Positive	0.398729	0.601271
6OCH-D-C	Positive	0.437612	0.562388
6PZA-D-C	Positive	0.496116	0.503884
6CT7-S-L	Positive	0.334574	0.665426
6H1E-S-A	Negative	0.581553	0.418447
6PIT-D-B	Positive	0.279029	0.720971
6WHQ-F-A	Positive	0.271226	0.728774
6WHQ-H-C	Negative	0.802329	0.197671
6EU1-I-A	Positive	0.478426	0.521574
6ND1-D-B	Negative	0.89413	0.10587
6B7G-B-A	Negative	0.701434	0.298566
6M90-C-A	Negative	0.903822	0.096178
6ASR-B-A	Negative	0.890696	0.109304
6J9H-A-B	Negative	0.948474	0.051526
6J9H-C-D	Negative	0.780386	0.219614
6JJZ-C-A	Negative	0.871389	0.128611
6OI4-E-A	Negative	0.831729	0.168271
6OI4-F-B	Negative	0.920821	0.079179
6CPN-C-A	Positive	0.261442	0.738558
6MTU-C-A	Negative	0.716847	0.283153
6PWC-B-R	Negative	0.799087	0.200913
6VRO-B-A	Positive	0.473011	0.526989
6R7W-B-A	Positive	0.386601	0.613399
6AE8-C-A	Negative	0.969559	0.0304412
6AE8-D-B	Negative	0.961835	0.0381648
6G3K-C-A	Negative	0.963415	0.0365848
6BVH-I-A	Positive	0.434444	0.565556
6J4Q-B-A	Positive	0.250953	0.749047
6J4Q-K-C	Positive	0.483642	0.516358
6J4Q-G-F	Positive	0.336365	0.663635
6ZON-J-d	Positive	0.280023	0.719977
6MNL-A-B	Negative	0.803412	0.196588
6J9L-E-A	Positive	0.327439	0.672561
6YAC-J-A	Positive	0.463069	0.536931
6JJW-U-A	Positive	0.10412	0.89588
6LEA-E-A	Negative	0.647444	0.352556
6L7P-Q-D	Negative	0.936576	0.0634236
6L9M-C-A	Negative	0.595972	0.404028
6XRP-B-A	Positive	0.215361	0.784639
6MA3-B-A	Negative	0.955184	0.0448157
6DO3-C-A	Positive	0.319043	0.680957
6VJT-P-H	Positive	0.489229	0.510771
6A3C-D-C	Negative	0.733471	0.266529
6BAH-D-A	Positive	0.350651	0.649349
6QLD-C-a	Negative	0.501792	0.498208
6ZFM-C-A	Positive	0.39539	0.60461
6ZFM-F-A	Positive	0.39539	0.60461
6BZD-G-A	Negative	0.885434	0.114566
6BHH-B-A	Negative	0.60638	0.39362
6RPR-G-D	Positive	0.320853	0.679147
6T7Z-B-A	Negative	0.741314	0.258686
6XNJ-B-A	Positive	0.475292	0.524708
6RXP-D-A	Positive	0.473804	0.526196
6J67-C-A	Negative	0.737218	0.262782
6KBN-B-A	Negative	0.580651	0.419349
6T0B-l-a	Negative	0.54131	0.45869
6XS8-B-A	Negative	0.903308	0.0966923
6WXK-E-A	Positive	0.241817	0.758183
6NCA-U-A	Negative	0.820597	0.179403
6XWV-E-A	Negative	0.810383	0.189617
6JCU-B-A	Positive	0.358471	0.641529
6OX3-Y-A	Positive	0.215458	0.784542
6OX3-Z-B	Positive	0.215458	0.784542
6M24-C-A	Negative	0.948356	0.051644
6WBV-B-A	Positive	0.299301	0.700699
6J69-B-A	Negative	0.933776	0.0662235
6BNT-B-A	Negative	0.933419	0.066581
6SSA-C-A	Positive	0.168888	0.831112
6NF3-A-B	Negative	0.597963	0.402037
6AZM-E-A	Negative	0.969438	0.0305615
6BQT-C-A	Negative	0.554934	0.445066
6BQT-I-G	Negative	0.857083	0.142917
6BQT-L-J	Negative	0.857083	0.142917
6HGD-B-A	Positive	0.473119	0.526881
6ZN3-C-A	Negative	0.65828	0.34172
6LYC-B-A	Positive	0.449597	0.550403
6YCR-B-A	Positive	0.0999648	0.900035
6JY3-L-A	Negative	0.74296	0.25704
6IAK-G-C	Negative	0.776333	0.223667
6U8H-C-A	Positive	0.333949	0.666051
6HGG-B-A	Positive	0.20977	0.79023
6A2B-C-A	Negative	0.589078	0.410922
6ATF-C-A	Negative	0.785557	0.214443
6ULT-K-A	Positive	0.336485	0.663515
6ULT-J-C	Positive	0.32195	0.67805
6ULT-I-H	Negative	0.721562	0.278438
6UAB-B-A	Positive	0.279508	0.720492
6V63-Y-A	Positive	0.130954	0.869046
6JH9-B-A	Positive	0.432419	0.567581
6SKI-A-F	Positive	0.292077	0.707923
6MYE-B-A	Positive	0.305974	0.694026
6IBO-C-A	Positive	0.130968	0.869032
6PJR-B-A	Positive	0.304086	0.695914
6HA8-4-G	Positive	0.0833933	0.916607
6EF3-n-1	Positive	0.452095	0.547905
6EF3-s-A	Negative	0.971171	0.0288289
6DCA-P-L	Negative	0.938614	0.0613857
6DCA-R-N	Negative	0.938614	0.0613857
6E4Z-P-H	Negative	0.922265	0.0777355
6D0Y-B-C	Negative	0.705996	0.294004
6UK2-C-A	Negative	0.870182	0.129818
6A5X-B-A	Negative	0.952314	0.0476863
6YEF-5-7	Positive	0.417407	0.582593
6H7B-B-A	Negative	0.849135	0.150865
6GY2-C-A	Negative	0.638955	0.361045
6ZZY-J-A	Negative	0.746018	0.253982
6IN9-D-A	Positive	0.145393	0.854607
6IN9-C-B	Positive	0.324191	0.675809
6DU3-C-A	Negative	0.952899	0.0471007
6DU3-D-A	Negative	0.990992	0.00900785
6UZM-C-A	Negative	0.756387	0.243613
6YIA-P-A	Positive	0.12951	0.87049
6YLI-B-A	Negative	0.733522	0.266478
6YLI-D-A	Positive	0.363075	0.636925
6VJZ-D-C	Negative	0.644579	0.355421
6IGZ-J-A	Negative	0.697652	0.302348
6IGZ-M-B	Negative	0.704858	0.295142
6BX3-M-K	Positive	0.165707	0.834293
6BX3-N-K	Positive	0.210276	0.789724
6IW8-A-C	Negative	0.588561	0.411439
6MRY-E-A	Positive	0.137793	0.862207
6MRY-G-A	Positive	0.2607	0.7393
6MRY-C-B	Positive	0.137793	0.862207
6EAX-I-A	Positive	0.280363	0.719637
6BUT-B-A	Negative	0.737343	0.262657
6GXC-B-A	Negative	0.944836	0.0551636
6UUS-P-R	Positive	0.346239	0.653761
6OBD-E-A	Negative	0.941534	0.0584655
6BHI-B-A	Negative	0.60638	0.39362
6RFK-I-S	Positive	0.487328	0.512672
6H9U-B-A	Negative	0.612356	0.387644
6F4Q-B-A	Positive	0.348449	0.651551
6SL5-J-A	Negative	0.641837	0.358163
6PTB-C-A	Positive	0.376998	0.623002
6PTB-F-D	Positive	0.376998	0.623002
6MDO-H-A	Negative	0.673284	0.326716
6UUQ-B-A	Negative	0.837019	0.162981
6KHZ-D-A	Positive	0.390631	0.609369
6ZN2-B-A	Positive	0.491507	0.508493
6SLG-B-A	Negative	0.951349	0.0486507
6F09-A-P	Negative	0.591714	0.408286
6F09-B-Q	Negative	0.971402	0.0285985
6F09-C-R	Negative	0.973905	0.0260954
6F09-D-S	Negative	0.93713	0.06287
6G8J-P-A	Negative	0.76535	0.23465
6GKF-J-B	Negative	0.884338	0.115662
6GKF-L-D	Negative	0.95281	0.0471898
6Y58-P-A	Negative	0.959554	0.0404463
6YKR-F-A	Positive	0.312858	0.687142
6YKR-G-A	Positive	0.330464	0.669536
6F38-c-B	Positive	0.230963	0.769037
6NBI-P-R	Negative	0.653848	0.346152
6WN4-C-A	Negative	0.578405	0.421595
6C1Q-L-B	Positive	0.0766578	0.923342
6TED-L-B	Negative	0.621867	0.378133
6TED-X-H	Positive	0.158455	0.841545
6IIW-B-A	Positive	0.311008	0.688992
6I0Y-7-E	Negative	0.506589	0.493411
6K3F-U-A	Negative	0.597729	0.402271
6K3F-Y-A	Positive	0.321706	0.678294
6K3F-W-C	Negative	0.634706	0.365294
6TDZ-h-M	Positive	0.454366	0.545634
6TDZ-c-M	Positive	0.35998	0.64002
6BPI-B-A	Negative	0.801207	0.198793
6HFA-C-A	Negative	0.684705	0.315295
6FI5-B-A	Negative	0.981026	0.0189736
6BLH-G-L	Positive	0.0120588	0.987941
6EVO-C-A	Negative	0.656926	0.343074
6HK4-N-A	Positive	0.46442	0.53558
6PW6-G-A	Positive	0.428411	0.571589
6SQK-E-A	Negative	0.567415	0.432585
6PSE-C-A	Positive	0.180071	0.819929
6IY0-I-G	Positive	0.219941	0.780059
6IY0-J-H	Negative	0.603831	0.396169
6PWV-E-D	Positive	0.23615	0.76385
6N3F-D-A	Negative	0.63972	0.36028
6L7I-H-G	Negative	0.658642	0.341358
6X8Q-P-H	Negative	0.892766	0.107234
6T7V-I-A	Negative	0.903253	0.0967469
6B5L-A-H	Negative	0.890411	0.109589
6XVD-P-U	Negative	0.83549	0.16451
6PB1-U-P	Negative	0.792516	0.207484
6PBH-C-A	Negative	0.948951	0.0510487
6H6A-E-D	Positive	0.0115665	0.988434
6H6A-H-G	Negative	0.74666	0.25334
6ZQS-B-A	Negative	0.795956	0.204044
6J4P-B-A	Positive	0.405325	0.594675
6QIU-P-A	Positive	0.379888	0.620112
6V0O-D-A	Negative	0.627112	0.372888
6PLH-C-A	Negative	0.501928	0.498072
6BI7-B-A	Positive	0.162785	0.837215
6BI7-D-A	Positive	0.349333	0.650667
6BI7-H-C	Positive	0.0702879	0.929712
6BI7-F-E	Positive	0.0378409	0.962159
6DC9-P-H	Negative	0.757301	0.242699
6Y3M-P-A	Negative	0.853892	0.146108
6GH4-P-A	Negative	0.854566	0.145434
6ZBR-P-V	Positive	0.167082	0.832918
6OS9-L-R	Negative	0.545299	0.454701
6X8S-P-H	Negative	0.946476	0.0535241
6F8G-E-A	Negative	0.950096	0.049904
6F8G-F-A	Negative	0.892308	0.107692
6F8G-H-B	Negative	0.894663	0.105337
6AXJ-G-A	Negative	0.937974	0.0620258
6B55-B-G	Positive	0.427357	0.572643
6B55-H-G	Positive	0.427357	0.572643
6B55-K-I	Positive	0.427357	0.572643
6O3L-E-B	Positive	0.240683	0.759317
6XZZ-B-A	Negative	0.890545	0.109455
6WZZ-B-A	Positive	0.030239	0.969761
6RHC-P-A	Negative	0.876989	0.123011
6Z3F-P-V	Positive	0.155952	0.844048
6Z1R-h-B	Negative	0.78237	0.21763
6B4F-C-B	Positive	0.355116	0.644884
6WLY-B-A	Negative	0.91501	0.0849904
6AAW-B-A	Positive	0.391883	0.608117
6NT9-C-A	Negative	0.819566	0.180434
6G90-J-E	Negative	0.69027	0.30973
6V00-C-A	Negative	0.557306	0.442694
6UM2-B-A	Positive	0.203949	0.796051
6M6H-P-G	Negative	0.540248	0.459752
6MF6-C-A	Negative	0.939925	0.0600748
6MF6-D-B	Negative	0.894042	0.105958
6TMS-Q-D	Negative	0.958038	0.0419618
6KYW-C-A	Positive	0.126021	0.873979
6EW9-P-A	Positive	0.237171	0.762829
6TS3-C-A	Positive	0.3659	0.6341
6TS3-D-A	Negative	0.543144	0.456856
6QK8-E-A	Negative	0.714309	0.285691
6QK8-G-A	Negative	0.82712	0.17288
6DQT-B-A	Negative	0.794622	0.205378
6IXP-B-A	Negative	0.589063	0.410937
6IXP-C-A	Positive	0.385319	0.614681
6D01-I-A	Negative	0.954464	0.0455358
6D01-J-E	Negative	0.954464	0.0455358
6BSC-B-A	Positive	0.227439	0.772561
6OVF-C-A	Negative	0.879749	0.120251
6FC3-B-A	Negative	0.684767	0.315233
6UOE-P-H	Negative	0.698712	0.301288
6JWM-B-A	Negative	0.551528	0.448472
6YN0-B-A	Negative	0.757082	0.242918
6CGV-W-A	Positive	0.111932	0.888068
6PFY-f-Y	Negative	0.637496	0.362504
6QJ4-B-A	Negative	0.847561	0.152439
6LPB-P-R	Negative	0.823182	0.176818
6BJC-T-A	Positive	0.191707	0.808293
6WHO-H-C	Positive	0.271226	0.728774
6UA3-B-A	Negative	0.580984	0.419016
6YPC-H-K	Negative	0.574328	0.425672
6L63-B-A	Negative	0.741024	0.258976
6BIN-C-A	Negative	0.57528	0.42472
6S8R-B-A	Negative	0.713374	0.286626
6MM5-C-E	Positive	0.376576	0.623424
6O20-E-F	Positive	0.460154	0.539846
6CDC-C-A	Negative	0.915535	0.084465
6RYF-G-A	Negative	0.757447	0.242553
6JMT-L-A	Negative	0.905877	0.0941228
6PB0-U-R	Negative	0.562933	0.437067
6CV2-D-A	Positive	0.277119	0.722881
6G0P-B-A	Negative	0.82159	0.17841
6HWH-M-A	Negative	0.611374	0.388626
6HWH-K-B	Negative	0.611374	0.388626
6DZK-g-M	Negative	0.92755	0.0724505
6TQS-G-A	Negative	0.979257	0.0207433
6TQS-H-B	Positive	0.479061	0.520939
6ACE-B-A	Negative	0.587049	0.412951
6KDR-D-A	Positive	0.367423	0.632577
6KDR-E-A	Negative	0.606355	0.393645
6F1Z-o-s	Positive	0.283445	0.716555
6F1Z-p-s	Positive	0.47377	0.52623
6FTP-B-A	Positive	0.368408	0.631592
6PZV-D-A	Positive	0.327659	0.672341
6PZV-H-E	Positive	0.378001	0.621999
6LP3-C-A	Negative	0.832496	0.167504
6CZO-B-A	Positive	0.190721	0.809279
6CZO-D-A	Positive	0.309223	0.690777
6UYS-B-A	Negative	0.883271	0.116729
6GRG-A-1	Positive	0.0973644	0.902636
6WBA-C-A	Negative	0.661821	0.338179
6WBA-B-A	Positive	0.404069	0.595931
6D94-B-A	Negative	0.524387	0.475613
6E3I-B-A	Negative	0.599262	0.400738
6E8R-C-A	Positive	0.434374	0.565626
6E8R-D-B	Positive	0.479692	0.520308
6ESB-7-6	Negative	0.650471	0.349529
6VME-D-B	Negative	0.525111	0.474889
6VME-P-F	Negative	0.605129	0.394871
6VME-Q-G	Negative	0.79519	0.20481
6VME-R-H	Positive	0.362928	0.637072
6VME-A-I	Negative	0.714272	0.285728
6VME-T-J	Negative	0.53933	0.46067
6WBB-C-I	Negative	0.674853	0.325147
6WBB-B-I	Negative	0.716963	0.283037
6D29-C-A	Negative	0.615664	0.384336
6WHN-F-A	Positive	0.363905	0.636095
6IXR-B-A	Negative	0.692323	0.307677
6RU8-E-A	Negative	0.710389	0.289611
6RU8-F-A	Negative	0.966838	0.0331619
6RU8-G-C	Negative	0.983814	0.0161858
6TDB-F-A	Negative	0.66482	0.33518
6TDB-J-C	Positive	0.457936	0.542064
6TDB-K-D	Negative	0.663207	0.336793
6QTM-F-A	Negative	0.985388	0.0146121
6Z5S-A-W	Negative	0.500243	0.499757
6Z5S-6-M	Negative	0.899903	0.100097
6Z5S-4-M	Negative	0.893544	0.106456
6WZX-C-A	Negative	0.828791	0.171209
6WZX-D-B	Positive	0.0914927	0.908507
6J5A-d-f	Negative	0.795703	0.204297
6J5A-8-a	Positive	0.476808	0.523192
6Z9V-C-A	Negative	0.958736	0.0412639
6Z9V-F-D	Negative	0.958736	0.0412639
6MNS-P-H	Positive	0.196946	0.803054
6MNS-Q-A	Negative	0.657398	0.342603
6KC4-B-A	Negative	0.904353	0.0956465
6KC4-D-C	Negative	0.928919	0.0710812
6M91-C-A	Negative	0.642618	0.357382
6FIK-C-A	Negative	0.624903	0.375097
6IC9-C-A	Negative	0.653162	0.346838
6IC9-D-B	Positive	0.464511	0.535489
6P5L-D-A	Negative	0.579878	0.420122
6TYI-Y-A	Negative	0.865444	0.134556
6TYI-Z-B	Negative	0.842905	0.157095
6BCR-C-A	Negative	0.781214	0.218786
6BCR-G-E	Negative	0.803275	0.196725
6PAV-D-B	Positive	0.260487	0.739513
6PAV-C-A	Positive	0.488568	0.511432
6QU1-D-A	Negative	0.722002	0.277998
6RHE-D-A	Negative	0.670606	0.329394
6JH8-B-A	Positive	0.3934	0.6066
6HZB-B-A	Negative	0.501752	0.498248
6BJ5-F-B	Positive	0.0309056	0.969094
6BJ5-H-B	Positive	0.156006	0.843994
6BJ5-G-A	Positive	0.171748	0.828252
6IFG-E-A	Negative	0.612347	0.387653
6TYZ-B-A	Negative	0.880979	0.119021
6RMA-B-A	Negative	0.618856	0.381144
6Q6H-S-L	Negative	0.953841	0.0461591
6DQU-B-A	Negative	0.764089	0.235911
6D40-C-A	Positive	0.413278	0.586722
6ULF-P-A	Negative	0.858538	0.141462
6WA9-S-A	Negative	0.734732	0.265268
6TWC-C-A	Positive	0.0927513	0.907249
6QNO-G-B	Negative	0.727997	0.272003
6VBO-C-L	Negative	0.947988	0.0520118
6C48-F-A	Positive	0.120988	0.879012
6DQR-B-A	Positive	0.182386	0.817614
6I4X-D-A	Positive	0.377586	0.622414
6ADO-A-C	Negative	0.644792	0.355208
6ADO-B-C	Negative	0.66395	0.33605
6ADO-D-C	Negative	0.633893	0.366107
6R2L-C-A	Negative	0.968362	0.0316382
6UUD-A-H	Positive	0.443304	0.556696
6Y9O-C-A	Positive	0.3322	0.6678
6YBB-C-A	Positive	0.494669	0.505331
6LU1-F-A	Positive	0.460973	0.539027
6LU1-J-A	Positive	0.400539	0.599461
6LU1-M-B	Positive	0.38979	0.61021
6EU0-I-A	Positive	0.273064	0.726936
6Y40-P-A	Negative	0.984688	0.0153122
6XYX-D-A	Negative	0.508308	0.491692
6N3Q-B-A	Positive	0.0698206	0.930179
6WX9-B-A	Negative	0.849803	0.150197
6FHU-F-A	Positive	0.13034	0.86966
6OS2-B-A	Negative	0.652936	0.347064
6YAN-l-Q	Positive	0.128952	0.871048
6M94-C-A	Positive	0.458572	0.541428
6AK2-D-A	Positive	0.441141	0.558859
6FRK-t-x	Negative	0.676624	0.323376
6F9I-X-A	Negative	0.592117	0.407883
6F9I-C-B	Negative	0.789737	0.210263
6U0O-D-B	Negative	0.623487	0.376513
6A5E-E-A	Negative	0.670999	0.329001
6TGX-C-A	Negative	0.772011	0.227989
6BD2-C-A	Negative	0.643406	0.356594
6UML-E-C	Positive	0.459426	0.540574
6ULV-E-A	Positive	0.288368	0.711632
6SNE-O-A	Positive	0.482692	0.517308
6SNE-N-E	Positive	0.295925	0.704075
6SNE-P-E	Positive	0.162709	0.837291
6SNE-J-C	Positive	0.303578	0.696422
6DUB-E-A	Positive	0.443057	0.556943
6DUB-F-B	Positive	0.443057	0.556943
6KAC-J-A	Positive	0.0930925	0.906907
6KAC-L-A	Negative	0.862631	0.137369
6KAC-U-B	Positive	0.181483	0.818517
6KAC-V-C	Positive	0.374198	0.625802
6KAC-4-C	Negative	0.534647	0.465353
6KAC-X-D	Positive	0.149682	0.850318
6KAC-1-E	Negative	0.586494	0.413506
6MPP-B-A	Negative	0.844623	0.155377
6X8P-P-H	Negative	0.944461	0.0555391
6XIB-I-B	Positive	0.483936	0.516064
6OSW-B-A	Negative	0.80356	0.19644
6HUM-P-D	Positive	0.0231159	0.976884
6HUM-Q-D	Negative	0.873807	0.126193
6NSX-B-A	Negative	0.659668	0.340332
6P07-G-A	Negative	0.905775	0.0942248
6BFC-a-A	Positive	0.0286947	0.971305
6BFC-b-B	Positive	0.038389	0.961611
6IWW-B-A	Negative	0.55539	0.44461
6MSL-C-A	Positive	0.452516	0.547484
6P8B-L-A	Negative	0.720756	0.279244
6QTU-B-A	Negative	0.699631	0.300369
6YA7-C-A	Negative	0.573367	0.426633
6WH8-C-B	Positive	0.200715	0.799285
6TQP-B-A	Negative	0.73773	0.26227
6HGF-B-A	Positive	0.251992	0.748008
6UGD-G-A	Negative	0.838069	0.161931
6X6M-B-A	Negative	0.894282	0.105718
6EX9-B-A	Negative	0.87264	0.12736
6Q97-6-D	Negative	0.723921	0.276079
6Q97-f-F	Positive	0.228796	0.771204
6NJG-B-C	Negative	0.856042	0.143958
6IUA-B-A	Positive	0.326649	0.673351
6HGT-E-A	Positive	0.428426	0.571574
6HGT-F-B	Negative	0.714216	0.285783
6EDS-C-A	Negative	0.825462	0.174538
6BRA-S-A	Positive	0.253733	0.746267
6TRA-J-A	Negative	0.823104	0.176896
6Y4P-B-A	Positive	0.470812	0.529188
6YLU-B-A	Negative	0.972077	0.0279235
6CV1-D-A	Negative	0.668558	0.331442
6CXG-A-L	Negative	0.556463	0.443537
6CXG-C-H	Positive	0.456765	0.543235
6XAR-C-A	Negative	0.876188	0.123812
6VPX-G-H	Negative	0.798768	0.201232
6WPW-P-R	Negative	0.686174	0.313826
6AF0-C-A	Negative	0.70444	0.29556
6M64-B-A	Negative	0.774092	0.225908
6M64-D-C	Negative	0.580538	0.419462
6M64-F-E	Positive	0.490168	0.509832
6C16-C-A	Negative	0.65402	0.34598
6C16-F-B	Negative	0.740363	0.259637
6HLD-B-A	Positive	0.415402	0.584598
6RBE-O-B	Positive	0.283648	0.716352
6UZV-J-A	Negative	0.799523	0.200477
6UZV-M-B	Positive	0.375468	0.624532
6SNC-C-A	Positive	0.374313	0.625687
6IIJ-D-A	Positive	0.428453	0.571547
6WSL-D-C	Negative	0.819556	0.180444
6IEU-C-A	Positive	0.204931	0.795069
6KZJ-B-A	Negative	0.811713	0.188287
6KZJ-C-A	Negative	0.881551	0.118449
6S8X-D-A	Negative	0.921082	0.078918
6S8X-E-B	Negative	0.775835	0.224165
6Q68-B-A	Positive	0.298547	0.701453
6QZY-B-A	Negative	0.618847	0.381153
6LDW-C-L	Negative	0.917981	0.0820185
6CBZ-C-A	Negative	0.716603	0.283397
6EJE-B-A	Negative	0.89718	0.10282
6N4I-E-A	Positive	0.0457762	0.954224
6ZXR-B-A	Negative	0.925252	0.0747475
6W6W-B-A	Positive	0.39262	0.60738
6N9T-E-A	Negative	0.882889	0.117111
6D07-C-A	Negative	0.907945	0.0920546
6DEI-C-A	Negative	0.867844	0.132156
6DEI-D-A	Negative	0.754234	0.245766
6D2R-C-A	Negative	0.734341	0.265659
6Z9W-C-A	Positive	0.451317	0.548683
6HIL-L-A	Positive	0.068363	0.931637
6V4F-B-A	Negative	0.973609	0.0263907
6Z7Y-H-A	Negative	0.580933	0.419067
6Z7Y-F-C	Positive	0.379069	0.620931
6C0H-C-A	Negative	0.664311	0.335689
6X1U-D-H	Negative	0.867512	0.132488
6TBT-C-A	Negative	0.586272	0.413728
6F3A-c-B	Positive	0.450823	0.549177
6F3A-j-f	Positive	0.124146	0.875854
6FHS-H-C	Positive	0.281658	0.718342
6WJN-e-V	Positive	0.4447	0.5553
6AM5-C-A	Negative	0.764082	0.235918
6ZCD-P-V	Positive	0.0609504	0.93905
6O2A-F-A	Negative	0.920706	0.0792942
6O2A-G-C	Negative	0.920706	0.0792942
6OLF-y-C	Negative	0.529858	0.470142
6XWD-P-A	Negative	0.899717	0.100283
6K68-E-A	Positive	0.300446	0.699554
6ILF-C-A	Negative	0.946092	0.0539076
6S6Q-C-A	Negative	0.682001	0.317999
6O8B-D-A	Positive	0.352146	0.647854
6O8B-E-A	Negative	0.666682	0.333318
6A5Q-E-B	Negative	0.965637	0.0343634
6A5Q-F-A	Negative	0.88695	0.11305
6T9J-B-I	Positive	0.31363	0.68637
6Y4O-B-A	Positive	0.295291	0.704709
6BYK-K-A	Negative	0.915407	0.084593
6BYK-G-B	Negative	0.800423	0.199577
6BYK-R-C	Negative	0.854594	0.145406
6O3X-D-A	Negative	0.758648	0.241352
6FJ3-B-A	Negative	0.923492	0.0765081
6FO2-V-N	Negative	0.873874	0.126126
6S9K-B-A	Positive	0.318768	0.681232
6EF0-s-I	Negative	0.932298	0.0677018
6O4Z-C-A	Negative	0.505242	0.494758
6IXQ-B-A	Negative	0.809625	0.190375
6M71-D-A	Positive	0.392038	0.607962
6NID-D-A	Positive	0.468413	0.531587
6NID-E-A	Negative	0.866863	0.133137
6IEX-C-A	Negative	0.952176	0.0478241
6VTW-A-L	Positive	0.337007	0.662993
6V6A-B-A	Positive	0.349206	0.650794
6V6A-D-A	Positive	0.349206	0.650794
6RD2-C-B	Negative	0.79701	0.20299
6QTC-B-A	Negative	0.832613	0.167387
6Z2Q-D-A	Negative	0.7325	0.2675
6SOF-H-A	Positive	0.0698358	0.930164
6JJY-U-A	Negative	0.894695	0.105305
6FMQ-D-A	Negative	0.983643	0.0163569
6O21-B-A	Positive	0.12293	0.87707
6E4Y-P-H	Negative	0.930166	0.0698342
6D11-E-A	Negative	0.949304	0.0506955
6SAT-P-A	Negative	0.818699	0.181301
6L7C-S-A	Negative	0.568095	0.431905
6PJ4-B-A	Negative	0.782832	0.217168
6O2B-F-A	Negative	0.905686	0.0943138
6XLI-E-A	Negative	0.819276	0.180724
6RXM-K-C	Negative	0.674505	0.325495
6XY6-B-A	Negative	0.858886	0.141114
6XY6-F-A	Negative	0.858565	0.141435
6XY6-D-C	Negative	0.659868	0.340132
6XY6-H-G	Negative	0.892778	0.107222
6XY6-N-M	Negative	0.831466	0.168534
6XY6-P-O	Negative	0.635073	0.364927
6VEP-B-E	Positive	0.037549	0.962451
6VEP-F-E	Positive	0.120473	0.879527
6VEP-N-Q	Positive	0.149258	0.850742
6NBH-P-R	Negative	0.807396	0.192604
6SK7-D-A	Positive	0.423074	0.576926
6JP3-C-A	Negative	0.901063	0.0989367
6JP3-D-A	Negative	0.566296	0.433704
6FGP-A-B	Negative	0.569557	0.430443
6S22-F-A	Positive	0.159884	0.840116
6WLX-B-A	Negative	0.900395	0.0996049
6TM5-S-I	Positive	0.198416	0.801584
6TM5-Q-P	Positive	0.101899	0.898101
6X5G-B-A	Positive	0.347469	0.652531
6LNM-B-A	Positive	0.307785	0.692215
6LNM-F-E	Positive	0.337144	0.662856
6V0N-C-A	Positive	0.228473	0.771527
7ZAI-Y-3	Positive	0.173759	0.826241
7JJC-G-C	Positive	0.463215	0.536785
7ZXY-F-A	Negative	0.542502	0.457498
7ZXY-G-A	Positive	0.314935	0.685065
7ZXY-H-A	Positive	0.47729	0.52271
7ZXY-E-C	Positive	0.39043	0.60957
7ZXY-N-I	Negative	0.701416	0.298584
7ZXY-M-K	Positive	0.39043	0.60957
7NMF-C-A	Positive	0.493416	0.506584
7BGI-J-A	Negative	0.78192	0.21808
7VAB-P-R	Negative	0.616142	0.383858
7YKG-B-A	Negative	0.863305	0.136695
7JFM-C-A	Negative	0.566797	0.433203
7JFM-D-A	Positive	0.0988437	0.901156
7V2K-K-A	Negative	0.584315	0.415685
7V2K-f-g	Negative	0.531654	0.468346
7M55-A-H	Negative	0.828531	0.171469
7ORH-P-A	Positive	0.21348	0.78652
7VYA-W-B	Negative	0.689887	0.310113
7FDL-B-A	Negative	0.687759	0.312241
7FDL-J-A	Negative	0.740575	0.259425
7FDL-D-C	Negative	0.704453	0.295547
7FDL-F-C	Positive	0.252074	0.747926
7FDL-L-C	Negative	0.912152	0.0878478
7RD1-U-A	Negative	0.742482	0.257518
7RD1-V-A	Negative	0.781215	0.218785
7RD1-W-A	Negative	0.526011	0.473989
7RD1-1-D	Positive	0.140385	0.859615
7RD1-2-D	Negative	0.509088	0.490912
7RD1-3-D	Negative	0.57226	0.42774
7RD1-Z-H	Negative	0.654053	0.345947
7RD1-4-J	Positive	0.295538	0.704462
7RD1-8-J	Positive	0.12326	0.87674
7BA3-B-A	Negative	0.673281	0.326719
7CFP-B-A	Positive	0.472464	0.527536
7QP4-P-A	Negative	0.845873	0.154127
7QOX-C-A	Positive	0.410963	0.589037
7QOX-D-B	Positive	0.266998	0.733002
7W0A-B-A	Negative	0.557861	0.442139
7EZW-B-A	Positive	0.42495	0.57505
7RZV-D-A	Positive	0.165973	0.834027
7LDG-B-A	Negative	0.831216	0.168784
7LDG-D-A	Positive	0.260576	0.739424
7F4W-E-A	Negative	0.811277	0.188723
7TAY-K-A	Positive	0.453546	0.546454
7WTS-z-W	Negative	0.554128	0.445872
7WTS-e-J	Positive	0.32163	0.67837
7SXH-B-A	Negative	0.975355	0.0246446
7JQ8-B-A	Negative	0.829628	0.170372
7MD2-H-G	Positive	0.384623	0.615377
7THX-4-1	Negative	0.90355	0.0964496
7N5C-C-A	Positive	0.442823	0.557177
7XJL-A-F	Positive	0.481388	0.518612
7EID-C-A	Negative	0.635682	0.364318
7GVV-D-A	Negative	0.537928	0.462072
7VHC-G-A	Positive	0.40226	0.59774
7OJ9-B-A	Positive	0.176451	0.823549
7WYW-G-A	Negative	0.886047	0.113953
7UO8-B-A	Negative	0.885895	0.114105
7MT7-1-3	Positive	0.371176	0.628824
7MT7-4-G	Positive	0.0296805	0.97032
7UIW-S-A	Negative	0.810543	0.189457
7YAE-D-E	Positive	0.225819	0.774181
7E9L-C-A	Negative	0.871927	0.128073
7LC9-F-A	Positive	0.277857	0.722143
7LC9-L-E	Positive	0.348677	0.651323
7K2P-P-A	Negative	0.843254	0.156746
7Q98-C-A	Negative	0.868073	0.131927
7D0S-B-A	Negative	0.777319	0.222681
7ELL-A-a	Positive	0.466179	0.533821
7ELL-I-g	Negative	0.630489	0.369511
7LRC-A-B	Negative	0.759768	0.240232
7Z8O-B-A	Negative	0.729919	0.270081
7YCA-J-2	Negative	0.663705	0.336295
7YCA-I-6	Positive	0.438265	0.561735
7YCA-M-6	Negative	0.596758	0.403242
7K95-B-A	Negative	0.537183	0.462817
7K95-C-A	Negative	0.635687	0.364313
7OBY-B-A	Negative	0.704159	0.295841
7UIF-M-A	Positive	0.246422	0.753578
7UIF-L-B	Positive	0.334708	0.665292
7YKH-B-A	Negative	0.850572	0.149428
7YKH-D-A	Negative	0.84309	0.15691
7YCX-h-f	Positive	0.201503	0.798497
7V31-K-A	Negative	0.646189	0.353811
7V31-f-g	Positive	0.358999	0.641001
7D3Y-E-A	Negative	0.845716	0.154284
7M8T-C-A	Negative	0.956679	0.0433207
7H1O-A-B	Positive	0.398116	0.601884
7Y7H-h-w	Positive	0.267825	0.732175
7SIF-C-A	Negative	0.933988	0.0660115
7XNO-A-Y	Positive	0.0233269	0.976673
7KGT-C-A	Negative	0.680986	0.319014
7BWN-L-F	Positive	0.365286	0.634714
7BWN-B-F	Negative	0.600794	0.399206
7BWN-D-A	Positive	0.226582	0.773418
7BWN-N-C	Negative	0.705159	0.294841
7BWN-G-E	Negative	0.611853	0.388146
7BWN-P-H	Positive	0.188793	0.811207
7M6T-D-A	Positive	0.363413	0.636587
7Y7I-K-A	Positive	0.182112	0.817888
7VVL-P-R	Negative	0.760175	0.239825
7SMC-B-A	Positive	0.45937	0.54063
7SMC-D-C	Positive	0.261761	0.738239
7FJE-a-d	Negative	0.679929	0.320071
7FJE-b-d	Negative	0.672719	0.327281
7JYN-B-A	Positive	0.472651	0.527349
7S8A-C-A	Negative	0.750855	0.249145
7T8W-D-L	Positive	0.241633	0.758367
7K75-E-A	Negative	0.785847	0.214153
7U0E-D-A	Negative	0.772465	0.227535
7PIA-z-1	Positive	0.149431	0.850569
7PIA-0-c	Positive	0.108447	0.891553
7PIA-x-d	Negative	0.571839	0.428161
7PIA-2-l	Positive	0.0441681	0.955832
7NXT-P-A	Positive	0.166428	0.833572
7RDV-H-A	Positive	0.372472	0.627528
7YBF-C-A	Negative	0.857007	0.142993
7ADP-D-A	Positive	0.385068	0.614932
7W40-E-A	Negative	0.596576	0.403424
7W40-D-C	Negative	0.595285	0.404715
7KI1-P-R	Positive	0.228796	0.771204
7N2N-C-A	Negative	0.595753	0.404247
7OS4-E-A	Negative	0.923926	0.0760743
7WZ6-B-A	Negative	0.813077	0.186923
7RMI-S-R	Positive	0.496262	0.503738
7RMI-G-B	Negative	0.905824	0.0941756
7UXO-B-A	Positive	0.262599	0.737401
7DJQ-C-A	Negative	0.558046	0.441954
7TT7-C-E	Negative	0.695164	0.304836
7DC6-E-A	Negative	0.572376	0.427624
7VXS-Q-V	Positive	0.0855287	0.914471
7VXS-f-g	Positive	0.358999	0.641001
7O54-B-A	Positive	0.0996548	0.900345
7QS6-B-A	Negative	0.580996	0.419004
7RDA-C-H	Negative	0.912984	0.0870162
7N2Q-C-D	Negative	0.746749	0.253251
7WX4-E-A	Negative	0.861715	0.138285
7RRG-C-A	Positive	0.439063	0.560937
7VAY-I-F	Negative	0.819664	0.180336
7PG1-A-B	Positive	0.153286	0.846714
7PG1-D-B	Positive	0.201522	0.798478
7RF1-R-E	Negative	0.506809	0.493191
7MNS-B-A	Positive	0.0666839	0.933316
7ASO-g-Q	Negative	0.504943	0.495057
7JI0-C-A	Negative	0.690951	0.309049
7DVP-C-A	Negative	0.682852	0.317148
7MEX-D-C	Positive	0.245917	0.754083
7Z8I-r-L	Positive	0.129823	0.870177
7Z8I-j-X	Negative	0.725498	0.274502
7FGL-C-H	Negative	0.589786	0.410214
7YOD-B-A	Positive	0.238098	0.761902
7TDZ-t-r	Positive	0.33227	0.66773
7TDZ-s-r	Positive	0.496295	0.503705
7W0P-D-R	Negative	0.665854	0.334146
7YJK-C-B	Negative	0.639579	0.360421
7BZ2-G-B	Positive	0.383961	0.616039
7LHY-B-A	Negative	0.635331	0.364669
7S7E-C-A	Negative	0.543025	0.456975
7VHF-G-A	Positive	0.285399	0.714601
7RZQ-D-A	Negative	0.526599	0.473401
7RZQ-F-A	Negative	0.581814	0.418186
7NAF-c-5	Positive	0.0873672	0.912633
7NAF-q-5	Positive	0.233631	0.766369
7NAF-d-b	Positive	0.0910204	0.90898
7NAF-U-b	Negative	0.811563	0.188437
7T1Y-C-B	Negative	0.985738	0.0142616
7ZP8-z-e	Negative	0.956981	0.0430192
7SL4-C-A	Positive	0.172037	0.827963
7SL4-D-A	Positive	0.0465366	0.953463
7JL7-F-A	Negative	0.944454	0.0555463
7W36-B-A	Positive	0.395951	0.604049
7RK7-C-A	Negative	0.893192	0.106808
7PC8-C-A	Negative	0.980619	0.0193814
7PC8-D-B	Negative	0.964395	0.0356049
7CG0-7-f	Negative	0.595593	0.404407
7AYF-P-A	Negative	0.741352	0.258648
7E1T-C-A	Negative	0.588571	0.411429
7E1T-D-A	Positive	0.367464	0.632536
7SVU-a-A	Negative	0.883918	0.116082
7TMW-C-B	Negative	0.989749	0.0102508
7SKZ-A-H	Negative	0.634694	0.365306
7E12-B-A	Negative	0.537652	0.462348
7RNB-F-A	Negative	0.824508	0.175492
7ZRT-B-A	Negative	0.558325	0.441675
7F6I-L-A	Negative	0.853936	0.146064
7F6I-D-C	Positive	0.289387	0.710613
7BIN-K-D	Negative	0.733271	0.266729
7LBO-F-B	Negative	0.809765	0.190235
7YI2-E-A	Positive	0.114014	0.885986
7A18-1-3	Negative	0.543057	0.456943
7UM2-C-A	Positive	0.246325	0.753675
7Y6C-U-A	Negative	0.645047	0.354953
7C06-Z-M	Negative	0.802861	0.197139
7C06-T-S	Negative	0.803402	0.196598
7AQQ-b-A	Negative	0.757376	0.242624
7AQQ-L-M	Positive	0.192952	0.807048
7AQQ-v-N	Positive	0.340248	0.659752
7F1R-C-B	Positive	0.45735	0.54265
7AZX-C-A	Positive	0.109383	0.890617
7JYX-C-A	Positive	0.324678	0.675322
7UDL-B-A	Negative	0.906391	0.0936093
7UDL-D-A	Negative	0.954609	0.0453914
7YK8-I-L	Positive	0.0436618	0.956338
7WQ4-L-R	Negative	0.881751	0.118249
7OBT-B-A	Negative	0.675063	0.324937
7R44-s-E	Negative	0.727729	0.272271
7R44-c-O	Positive	0.175451	0.824549
7BG7-4-1	Negative	0.832269	0.167731
7OZK-D-A	Negative	0.639028	0.360972
7BMC-B-A	Negative	0.974	0.0259998
7VCL-B-A	Negative	0.917385	0.0826153
7NAB-C-H	Negative	0.695685	0.304315
7OWN-D-A	Negative	0.735868	0.264132
7SL2-C-A	Positive	0.133276	0.866724
7SL2-D-A	Positive	0.228552	0.771448
7SL2-E-A	Positive	0.172482	0.827518
7SL2-G-A	Negative	0.66317	0.33683
7UQJ-G-A	Positive	0.410305	0.589695
7RBT-P-R	Negative	0.716659	0.283341
7TMX-A-I	Negative	0.516462	0.483538
7TMX-B-I	Positive	0.305799	0.694201
7RJQ-B-A	Negative	0.902797	0.0972034
7NTK-C-A	Negative	0.957974	0.0420259
7NTK-H-D	Negative	0.951012	0.0489878
7AZ5-H-A	Negative	0.956857	0.0431432
7UI8-B-A	Negative	0.584509	0.415491
7F87-F-A	Negative	0.935953	0.064047
7DYN-C-A	Negative	0.709256	0.290744
7ZGQ-C-A	Positive	0.258548	0.741452
7ZX4-C-A	Negative	0.937738	0.0622616
7ZX4-E-A	Negative	0.629948	0.370052
7OEU-1-A	Negative	0.701362	0.298638
7VNY-7-L	Positive	0.472821	0.527179
7VNY-8-L	Negative	0.882393	0.117607
7VNY-B-H	Negative	0.949948	0.0500522
7VNY-E-A	Negative	0.914922	0.0850782
7VNY-G-D	Negative	0.914922	0.0850782
7VNY-J-F	Negative	0.914922	0.0850782
7VNY-Z-W	Negative	0.922943	0.077057
7VNY-2-3	Negative	0.954412	0.0455877
7FBP-B-A	Positive	0.201422	0.798578
7X8B-B-A	Positive	0.316299	0.683701
7PMX-B-A	Negative	0.90433	0.0956699
7WUN-X-A	Positive	0.353608	0.646392
7PB4-H-I	Positive	0.269825	0.730175
7Q0B-E-A	Negative	0.880508	0.119492
7XMA-Y-N	Positive	0.482091	0.517909
7XMA-Z-N	Negative	0.655403	0.344597
7DPZ-4-1	Positive	0.442543	0.557457
7M4R-C-A	Negative	0.981984	0.0180159
7S8Q-C-A	Positive	0.222644	0.777356
7QUX-D-A	Positive	0.0926094	0.907391
7K17-C-A	Negative	0.991256	0.00874351
7NRF-B-A	Positive	0.395119	0.604881
7Y67-L-D	Negative	0.824838	0.175162
7E6J-B-A	Positive	0.456909	0.543091
7OVX-Q-A	Negative	0.710386	0.289614
7OXJ-D-A	Negative	0.511259	0.488741
7TT1-P-A	Negative	0.647421	0.35258
7TT1-C-E	Positive	0.346606	0.653394
7JZO-C-A	Positive	0.192826	0.807174
7JZO-D-B	Positive	0.274381	0.725619
7ZE3-D-A	Negative	0.937778	0.0622225
7ZE3-Q-A	Positive	0.25532	0.74468
7ZE3-N-S	Negative	0.937778	0.0622225
7PBT-G-C	Negative	0.819219	0.180781
7TA6-L-A	Negative	0.58284	0.41716
7A8T-B-A	Positive	0.492095	0.507905
7KOR-Y-L	Positive	0.242619	0.757381
7RJM-C-A	Negative	0.865133	0.134867
7FB5-B-A	Negative	0.968824	0.0311759
7AXN-P-A	Negative	0.611521	0.388479
7K2F-C-A	Negative	0.892695	0.107305
7WJ3-C-A	Negative	0.881866	0.118134
7S48-B-A	Negative	0.837349	0.162651
7QHO-M-A	Negative	0.808073	0.191927
7WWQ-B-A	Positive	0.246392	0.753608
7FJF-b-g	Negative	0.672719	0.327281
7ZE8-B-A	Negative	0.876683	0.123317
7ZE8-R-A	Negative	0.876683	0.123317
7OIU-D-C	Negative	0.515789	0.484211
7OIU-F-B	Positive	0.466792	0.533208
7XHO-c-H	Negative	0.525184	0.474816
7XHO-C-L	Negative	0.899371	0.100629
7SG0-C-A	Negative	0.720158	0.279842
7WYY-G-A	Negative	0.886047	0.113953
7AZ6-H-A	Positive	0.467297	0.532703
7P4B-P-A	Positive	0.437628	0.562372
7YJ4-A-R	Negative	0.596908	0.403092
7YJ4-B-R	Positive	0.0443609	0.955639
7ZVW-H-B	Negative	0.689839	0.310161
7FJ1-Y-B	Positive	0.422658	0.577342
7FJ1-Z-B	Positive	0.346728	0.653272
7M5N-D-A	Negative	0.930311	0.0696886
7M5N-E-B	Negative	0.684438	0.315562
7XAM-c-e	Positive	0.465178	0.534822
7YYH-k-E	Negative	0.745999	0.254001
7V1L-V-B	Negative	0.655006	0.344994
7V0K-W-H	Negative	0.932991	0.0670089
7V0K-N-O	Negative	0.66613	0.33387
7AA7-P-A	Negative	0.617987	0.382013
7ZMB-e-5	Negative	0.502451	0.497549
7ZMB-o-B	Negative	0.771274	0.228726
7CEC-D-A	Negative	0.804934	0.195066
7CEC-E-A	Positive	0.333245	0.666755
7XXF-Q-C	Positive	0.341861	0.658139
7XXF-Y-C	Positive	0.341861	0.658139
7XXF-A-L	Positive	0.341861	0.658139
7XXF-a-B	Positive	0.136239	0.863761
7R1W-G-A	Negative	0.643025	0.356975
7WT5-C-A	Negative	0.794834	0.205166
7WT5-F-D	Negative	0.794834	0.205166
7Y1Q-B-A	Positive	0.230052	0.769948
7WVV-L-R	Negative	0.910202	0.0897979
7VD2-A-H	Negative	0.641011	0.358989
7VD2-F-C	Negative	0.641011	0.358989
7VD2-E-B	Negative	0.76324	0.23676
7QPB-H-A	Positive	0.0596619	0.940338
7CIZ-H-A	Positive	0.411884	0.588116
7CIZ-D-E	Positive	0.305011	0.694989
7NEF-I-A	Negative	0.537591	0.462409
7KPU-E-D	Negative	0.70357	0.29643
7N8J-B-A	Negative	0.895423	0.104577
7D0P-B-A	Negative	0.777319	0.222681
7F8W-E-R	Positive	0.454122	0.545878
7UVE-B-A	Negative	0.983254	0.0167462
7SR9-A-B	Positive	0.353724	0.646276
7EVP-C-A	Negative	0.716217	0.283783
7YJO-E-B	Positive	0.134631	0.865369
7YJO-C-B	Positive	0.418794	0.581206
7VZE-F-B	Negative	0.974219	0.0257808
7K7R-C-A	Negative	0.75833	0.24167
7K7R-F-D	Negative	0.736909	0.263091
7YUE-C-A	Negative	0.653798	0.346202
7CI2-C-A	Positive	0.491006	0.508994
7Y8D-B-A	Positive	0.408371	0.591629
7MU2-B-A	Negative	0.746031	0.253969
7MU2-D-C	Negative	0.83746	0.16254
7OY2-X-C	Positive	0.197513	0.802487
7QBS-B-A	Negative	0.822519	0.177481
7V9B-B-A	Negative	0.756858	0.243143
7SMK-C-A	Negative	0.754591	0.245409
7XZR-C-A	Positive	0.244655	0.755345
7JHX-C-A	Negative	0.920526	0.0794745
7JHX-D-B	Negative	0.901059	0.0989407
7S4G-K-A	Negative	0.956588	0.0434123
7AU3-D-A	Negative	0.579014	0.420986
7X14-B-A	Negative	0.733357	0.266643
7BL4-d-F	Positive	0.237889	0.762111
7SJS-C-H	Negative	0.900805	0.0991945
7Q42-B-A	Negative	0.550615	0.449385
7Q42-F-E	Positive	0.295432	0.704568
7QKW-D-B	Positive	0.175028	0.824972
7XZQ-B-A	Positive	0.262758	0.737242
7T8R-B-A	Negative	0.899309	0.100691
7LFI-C-A	Negative	0.704651	0.295349
7EMD-C-A	Positive	0.478553	0.521447
7Q51-B-A	Negative	0.781256	0.218744
7NEW-G-A	Negative	0.515262	0.484738
7QI5-t-I	Negative	0.914173	0.0858267
7QI5-u-I	Negative	0.64626	0.35374
7QI5-w-I	Negative	0.869812	0.130188
7N08-F-H	Positive	0.037706	0.962294
7X9C-P-R	Negative	0.872546	0.127454
7UNC-L-B	Negative	0.621867	0.378133
7AR7-r-C	Negative	0.543606	0.456394
7AR7-k-L	Negative	0.594802	0.405198
7AR7-l-L	Positive	0.403706	0.596294
7AR7-v-N	Positive	0.340248	0.659752
7D0E-B-A	Negative	0.905462	0.0945383
7ZTL-B-A	Negative	0.586855	0.413145
7ML4-V-O	Positive	0.207867	0.792133
7RQR-C-A	Negative	0.921353	0.0786472
7T2A-C-A	Negative	0.617772	0.382228
7EV8-B-A	Negative	0.833931	0.166069
7R51-C-A	Positive	0.22959	0.77041
7NW3-A-H	Negative	0.567344	0.432656
7RTR-C-A	Negative	0.814515	0.185485
7XV1-B-A	Negative	0.761463	0.238537
7TV4-K-B	Positive	0.137981	0.862019
7NP2-P-A	Negative	0.513922	0.486078
7RG3-B-A	Positive	0.295148	0.704852
7RG3-C-A	Negative	0.711171	0.288829
7LG3-C-A	Positive	0.182911	0.817089
7UDC-C-A	Negative	0.762582	0.237418
7Z2Z-W-C	Positive	0.2306	0.7694
7N40-C-A	Positive	0.0372297	0.96277
7T8Z-B-A	Negative	0.924622	0.0753783
7TIT-G-A	Positive	0.446675	0.553325
7DRM-E-A	Negative	0.706998	0.293002
7DRM-F-C	Negative	0.536534	0.463466
7O3E-J-D	Negative	0.889446	0.110554
7O3E-l-F	Positive	0.127618	0.872382
7O3E-m-F	Positive	0.422473	0.577527
7O3E-P-L	Positive	0.488034	0.511966
7O3E-k-a	Positive	0.0729066	0.927093
7ETJ-P-M	Negative	0.61886	0.38114
7BV4-C-A	Negative	0.849261	0.150739
7BV4-F-A	Negative	0.933956	0.0660443
7KPK-B-A	Negative	0.853793	0.146207
7DOH-I-L	Negative	0.748685	0.251315
7QKF-B-A	Positive	0.054913	0.945087
7PVT-B-A	Negative	0.73074	0.26926
7VP7-B-A	Positive	0.498462	0.501538
7Q4O-1-A	Positive	0.265579	0.734421
7XQT-C-A	Negative	0.921395	0.0786054
7N27-G-A	Negative	0.961584	0.0384162
7T6A-C-A	Positive	0.205828	0.794172
7T6A-D-B	Positive	0.193041	0.806959
7RMH-S-R	Positive	0.3578	0.6422
7OYM-B-A	Negative	0.874279	0.125721
7RG1-B-A	Negative	0.730039	0.269961
7PG4-J-B	Positive	0.0825876	0.917412
7V64-C-A	Negative	0.889521	0.110479
7NHO-F-A	Positive	0.0782914	0.921709
7BP6-A-C	Negative	0.973329	0.0266708
7YXP-B-A	Negative	0.670403	0.329597
7QOJ-N-B	Negative	0.54976	0.45024
7QOJ-K-G	Negative	0.506806	0.493194
7QOJ-L-G	Positive	0.0514523	0.948548
7UGB-I-A	Negative	0.580396	0.419604
7W6J-F-A	Negative	0.726196	0.273804
7W5C-Q-A	Negative	0.987948	0.0120524
7MNT-B-A	Positive	0.231934	0.768066
7AZG-I-A	Negative	0.744656	0.255344
7K3L-B-A	Positive	0.281482	0.718518
7UKN-B-A	Positive	0.130129	0.869871
7VY1-Q-V	Positive	0.0654614	0.934539
7LMK-F-A	Positive	0.483629	0.516371
7LMK-G-B	Positive	0.180465	0.819535
7QRS-C-A	Negative	0.916317	0.0836828
7W3C-e-Y	Negative	0.591897	0.408103
7A1O-B-A	Positive	0.10978	0.89022
7Z6F-A-E	Positive	0.186046	0.813954
7Y8J-A-H	Positive	0.330118	0.669882
7WT3-C-A	Negative	0.612661	0.387339
7ZWK-C-B	Positive	0.257449	0.742551
7DVX-C-A	Negative	0.595987	0.404013
7Z0G-P-A	Negative	0.578592	0.421408
7Z0G-U-R	Positive	0.379857	0.620143
7JP3-D-A	Positive	0.319565	0.680435
7Z0F-P-A	Negative	0.709444	0.290556
7K3J-B-A	Negative	0.783467	0.216533
7K3J-H-A	Negative	0.807246	0.192754
7K3J-D-C	Negative	0.694635	0.305365
7CWH-A-B	Positive	0.44082	0.55918
7Z0Q-G-C	Negative	0.662782	0.337218
7Z8Y-D-A	Negative	0.923317	0.0766834
7Z8Y-E-A	Positive	0.293337	0.706663
7O34-P-A	Positive	0.295384	0.704616
7ROY-G-A	Negative	0.556202	0.443798
7ROY-H-B	Negative	0.542783	0.457217
7QQL-F-C	Negative	0.969757	0.0302431
7X1T-E-A	Negative	0.564196	0.435804
7X1T-F-C	Positive	0.140568	0.859432
7EV6-S-A	Negative	0.954407	0.0455928
7YRR-C-A	Positive	0.48425	0.51575
7VYG-Q-c	Positive	0.0855287	0.914471
7SG2-C-A	Positive	0.152555	0.847445
7B13-P-A	Negative	0.962384	0.0376164
7WYI-J-A	Negative	0.78192	0.21808
7MSZ-4-G	Positive	0.0296805	0.97032
7SIG-C-A	Negative	0.933988	0.0660115
7OQA-P-A	Negative	0.877425	0.122575
7YNK-B-A	Negative	0.823297	0.176703
7UIV-S-A	Negative	0.83481	0.16519
7P7Q-5-0	Negative	0.691646	0.308354
7R5V-R-O	Negative	0.977693	0.0223073
7MOP-B-A	Negative	0.616232	0.383768
7ABT-B-A	Positive	0.132559	0.867441
7JTS-E-a	Negative	0.874893	0.125107
7JTS-F-c	Negative	0.776171	0.223829
7UE2-B-A	Negative	0.953356	0.0466441
7XF3-C-A	Negative	0.764892	0.235108
7OQ4-F-A	Positive	0.310767	0.689233
7OQ4-Q-A	Positive	0.258694	0.741306
7OQ4-P-B	Positive	0.221745	0.778255
7JLS-B-A	Negative	0.894856	0.105144
7N05-E-H	Positive	0.286033	0.713967
7F4N-F-B	Positive	0.253655	0.746345
7F4N-E-D	Negative	0.824906	0.175094
7RNE-F-A	Negative	0.721578	0.278422
7WB4-O-A	Negative	0.544972	0.455028
7RTB-P-R	Negative	0.60981	0.39019
7AQR-r-C	Positive	0.133462	0.866538
7AQR-Z-D	Positive	0.249986	0.750014
7U6D-A-C	Positive	0.296535	0.703465
7SL1-E-A	Negative	0.854417	0.145583
7OXH-B-A	Negative	0.970186	0.0298137
7XBD-F-A	Negative	0.963448	0.0365519
7RUA-E-C	Negative	0.543305	0.456695
7V9M-P-R	Positive	0.478263	0.521737
7Z4A-O-A	Positive	0.352428	0.647572
7Z4A-S-A	Positive	0.108045	0.891955
7Z4A-R-N	Positive	0.306674	0.693326
7KJR-C-A	Negative	0.548993	0.451007
7EIC-C-A	Positive	0.439267	0.560733
7E82-v-o	Negative	0.715363	0.284637
7OHR-s-O	Negative	0.590223	0.409777
7NHK-5-0	Negative	0.691646	0.308354
7NHK-6-I	Negative	0.677408	0.322592
7QIW-d-G	Positive	0.188295	0.811705
7QIW-n-R	Positive	0.329792	0.670208
7Q13-E-A	Negative	0.948937	0.0510629
7B4T-B-A	Negative	0.808694	0.191306
7R45-s-E	Negative	0.742545	0.257455
7JI2-C-A	Positive	0.456077	0.543923
7JI2-F-D	Positive	0.456077	0.543923
7RJF-B-A	Negative	0.55374	0.44626
7BN3-D-A	Negative	0.822207	0.177793
7BN3-E-A	Negative	0.825219	0.174781
7FIM-P-R	Negative	0.858403	0.141597
7Q45-B-A	Negative	0.651357	0.348643
7Q45-D-C	Negative	0.928268	0.0717322
7Q45-F-E	Positive	0.30388	0.69612
7UIH-C-A	Negative	0.844579	0.155421
7UIH-D-A	Positive	0.453328	0.546672
7UIH-E-A	Positive	0.454491	0.545509
7UIH-F-A	Negative	0.632862	0.367138
7V8L-A-E	Negative	0.779664	0.220336
7O55-C-B	Positive	0.369137	0.630863
7ZM7-e-5	Positive	0.404943	0.595057
7S3M-A-H	Negative	0.925543	0.0744565
7OE0-R-F	Negative	0.862174	0.137826
7MN5-H-A	Positive	0.289123	0.710877
7WMV-B-A	Negative	0.89474	0.10526
7T9Y-C-A	Negative	0.602932	0.397068
7T9Y-D-A	Negative	0.758547	0.241453
7S5H-C-B	Negative	0.585873	0.414127
7TUW-B-A	Negative	0.811946	0.188054
7TUW-N-M	Negative	0.882389	0.117611
7F9O-J-A	Positive	0.408433	0.591567
7F9O-m-e	Positive	0.408433	0.591567
7YEH-D-B	Negative	0.569556	0.430444
7AOE-D-B	Negative	0.957076	0.0429239
7EF0-P-A	Positive	0.0923092	0.907691
7F90-E-A	Negative	0.979055	0.0209451
7F90-B-A	Negative	0.671662	0.328338
7F90-D-A	Negative	0.549822	0.450178
7F90-F-C	Negative	0.983577	0.016423
7EA1-B-A	Positive	0.325301	0.674699
7EA1-D-C	Positive	0.477746	0.522254
7R84-B-A	Positive	0.268866	0.731134
7R84-D-A	Positive	0.361854	0.638146
7NKB-C-G	Positive	0.289016	0.710984
7ZYH-B-A	Negative	0.610608	0.389392
7ZYH-D-A	Positive	0.11131	0.88869
7ZYH-E-F	Negative	0.630177	0.369823
7ZYH-H-G	Positive	0.329259	0.670741
7SNX-B-A	Positive	0.179417	0.820583
7T0Y-B-A	Positive	0.405214	0.594786
7XQP-J-A	Negative	0.815018	0.184982
7XQP-M-B	Negative	0.566722	0.433278
7EZK-P-D	Negative	0.91228	0.0877198
7CIO-B-A	Positive	0.442484	0.557516
7MB5-D-B	Negative	0.65066	0.34934
7ARH-V-C	Negative	0.835356	0.164644
7CNX-B-A	Positive	0.250818	0.749182
7CNX-F-A	Positive	0.126541	0.873459
7CNX-D-C	Positive	0.103979	0.896021
7CNX-H-G	Positive	0.104553	0.895447
7EVS-C-A	Negative	0.832618	0.167382
7EVS-D-A	Negative	0.991576	0.00842354
7MB7-B-A	Negative	0.938802	0.0611978
7BXT-L-A	Negative	0.614882	0.385118
7OK0-F-A	Negative	0.51367	0.48633
7OK0-Q-A	Positive	0.282947	0.717053
7RG0-B-A	Positive	0.471066	0.528934
7V4W-C-A	Positive	0.414976	0.585024
7PHX-I-H	Negative	0.526924	0.473076
7MO1-B-A	Positive	0.287453	0.712547
7E0B-B-A	Positive	0.366131	0.633869
7ADT-U-A	Negative	0.858886	0.141114
7ADT-C-B	Negative	0.917877	0.0821234
7FGR-C-H	Positive	0.266686	0.733314
7RJL-C-A	Positive	0.300524	0.699476
7SKM-B-A	Positive	0.159863	0.840137
7MQO-A-F	Negative	0.802269	0.197731
7MQO-B-F	Negative	0.83769	0.16231
7DZ9-F-A	Positive	0.392289	0.607711
7DZ9-E-B	Positive	0.22421	0.77579
7M2W-X-E	Negative	0.937246	0.062754
7RFY-B-A	Negative	0.966212	0.0337884
7PP2-B-A	Negative	0.927054	0.0729462
7RLW-P-B	Negative	0.674988	0.325012
7RLW-R-B	Negative	0.79826	0.20174
7ARD-q-G	Negative	0.754288	0.245712
7ARD-k-L	Negative	0.562987	0.437013
7OWM-C-A	Positive	0.407377	0.592623
7OHQ-z-B	Negative	0.819006	0.180994
7ZNK-L-P	Negative	0.889247	0.110753
7BU5-B-A	Positive	0.325661	0.674339
7KZP-W-S	Positive	0.265826	0.734174
7TCQ-C-H	Negative	0.532603	0.467397
7TCQ-D-A	Negative	0.532603	0.467397
7XVY-C-A	Negative	0.772303	0.227697
7QHM-M-A	Positive	0.21594	0.78406
7QHM-Z-N	Negative	0.848538	0.151462
7RZF-a-A	Negative	0.681131	0.318869
7RZF-b-A	Positive	0.118349	0.881651
7OQJ-P-A	Positive	0.26625	0.73375
7VCR-C-A	Negative	0.953767	0.046233
7T6F-C-A	Positive	0.163375	0.836625
7YAA-B-A	Negative	0.758267	0.241733
7LFS-E-A	Positive	0.236969	0.763031
7LFS-G-C	Positive	0.141953	0.858047
7W56-C-R	Positive	0.165883	0.834117
7PXA-A-0	Negative	0.933899	0.0661011
7PXA-E-6	Negative	0.768218	0.231782
7PXA-F-8	Negative	0.91537	0.0846296
7MDZ-l-X	Negative	0.522699	0.477301
7NHQ-F-A	Positive	0.0782914	0.921709
7NHQ-I-A	Negative	0.847876	0.152124
7NHQ-T-A	Positive	0.274443	0.725557
7OWP-D-A	Positive	0.169004	0.830996
7OWP-E-B	Positive	0.169004	0.830996
7OIF-B-E	Negative	0.670561	0.329439
7E2Z-G-B	Positive	0.467862	0.532138
7CQP-C-B	Negative	0.912346	0.0876537
7LC6-D-A	Positive	0.478806	0.521194
7DRO-G-A	Negative	0.876028	0.123972
7DRO-H-A	Negative	0.732227	0.267773
7Y7B-J-2	Negative	0.777126	0.222874
7Y7B-I-8	Positive	0.381274	0.618726
7Y7B-M-8	Positive	0.249568	0.750432
7X1C-C-A	Negative	0.648384	0.351616
7KNF-C-A	Negative	0.819901	0.180099
7T10-P-R	Positive	0.281238	0.718762
7PNT-3-L	Negative	0.551075	0.448925
7BOC-B-A	Negative	0.50802	0.49198
7XMR-C-B	Positive	0.237088	0.762912
7QI1-F-A	Negative	0.795925	0.204075
7QI1-E-B	Negative	0.890097	0.109903
7DU4-Q-A	Negative	0.527654	0.472346
7OBX-B-A	Negative	0.610439	0.389561
7T6U-L-R	Negative	0.50585	0.49415
7TT5-C-E	Positive	0.41966	0.58034
7UCX-B-H	Positive	0.220001	0.779999
7CO2-C-A	Positive	0.185407	0.814593
7SQ0-C-A	Negative	0.670107	0.329893
7BGT-F-A	Negative	0.592572	0.407428
7BGT-G-C	Negative	0.592572	0.407428
7M8S-C-A	Negative	0.817357	0.182643
7TT3-P-A	Positive	0.212944	0.787056
7NKQ-D-A	Positive	0.205683	0.794317
7NKQ-E-A	Positive	0.323527	0.676473
7NKQ-b-A	Negative	0.909528	0.0904724
7NKQ-F-B	Negative	0.639422	0.360578
7NKQ-C-d	Negative	0.925022	0.0749784
7O01-J-A	Negative	0.78192	0.21808
7O01-I-B	Positive	0.441168	0.558832
7CNZ-B-A	Positive	0.250818	0.749182
7CNZ-H-G	Positive	0.104553	0.895447
7OWU-C-A	Positive	0.148797	0.851203
7VAC-G-A	Negative	0.836331	0.163669
7VAC-I-E	Negative	0.889521	0.110479
7A4D-E-A	Negative	0.827491	0.172509
7A4D-F-A	Negative	0.827491	0.172509
7A4D-K-G	Negative	0.827491	0.172509
7OW6-C-A	Positive	0.0777907	0.922209
7XVA-B-A	Positive	0.0945037	0.905496
7RNG-F-A	Negative	0.764169	0.235831
7NK9-G-H	Positive	0.467661	0.532339
7UIY-S-B	Negative	0.533881	0.466119
7NMG-C-A	Negative	0.767079	0.232921
7ZQJ-F-A	Negative	0.611829	0.388171
7NIX-B-A	Negative	0.878538	0.121462
7WJ2-C-A	Negative	0.64863	0.35137
7KGP-C-A	Negative	0.704758	0.295242
7UXJ-E-A	Positive	0.443911	0.556089
7TSZ-P-A	Negative	0.826357	0.173643
7DXA-B-A	Positive	0.376894	0.623106
7DXA-f-a	Negative	0.764145	0.235855
7DXA-i-a	Positive	0.238048	0.761952
7DXA-m-b	Positive	0.159702	0.840298
7DNF-B-A	Positive	0.316302	0.683698
7DWQ-J-A	Negative	0.591917	0.408083
7DWQ-M-B	Negative	0.75962	0.24038
7Z7C-B-A	Positive	0.0408441	0.959156
7TLJ-H-B	Positive	0.37601	0.62399
7PFQ-D-B	Positive	0.179685	0.820315
7A0S-2-C	Positive	0.336988	0.663012
7RND-F-A	Negative	0.970403	0.029597
7YQK-K-F	Positive	0.335264	0.664736
7T1U-D-A	Negative	0.811545	0.188455
7T1U-E-B	Negative	0.811545	0.188455
7T2B-C-A	Positive	0.421388	0.578612
7T2B-M-K	Negative	0.719723	0.280277
7ECA-B-A	Negative	0.940485	0.0595146
7DA6-C-A	Positive	0.172841	0.827159
7CQV-B-E	Negative	0.921683	0.0783169
7RJB-M-A	Negative	0.57286	0.42714
7RJB-I-K	Positive	0.220565	0.779435
7RF5-R-E	Negative	0.506809	0.493191
7NXV-C-A	Negative	0.75729	0.24271
7NXV-E-B	Negative	0.892166	0.107834
7CO1-B-A	Positive	0.395928	0.604072
7CO1-F-E	Positive	0.195487	0.804513
7PPL-B-A	Negative	0.756276	0.243723
7DVD-E-B	Negative	0.585159	0.414841
7C5D-C-A	Negative	0.7413	0.2587
7C5D-D-B	Negative	0.65317	0.34683
7UV5-C-A	Positive	0.28737	0.71263
7ZVI-E-A	Negative	0.768042	0.231958
7OYF-B-A	Negative	0.870128	0.129872
7VFX-C-R	Negative	0.843689	0.156311
7F9Y-C-R	Negative	0.92221	0.0777898
7DUU-C-A	Negative	0.963359	0.0366411
7LIO-C-A	Negative	0.780797	0.219203
7LIO-D-B	Negative	0.517744	0.482256
7RG2-B-A	Negative	0.782566	0.217434
7QU8-C-A	Positive	0.468833	0.531167
7UX3-Y-N	Negative	0.913373	0.0866269
7XAU-F-A	Positive	0.225819	0.774181
7UX5-B-A	Negative	0.837771	0.162229
7L1K-D-A	Negative	0.592249	0.407751
7X3X-V-C	Positive	0.238957	0.761043
7RJO-B-A	Negative	0.530965	0.469035
7LG0-C-A	Negative	0.680294	0.319706
7DS8-C-A	Positive	0.118088	0.881912
7ON1-D-b	Positive	0.147268	0.852732
7ZQI-F-A	Negative	0.820677	0.179323
7OPO-B-A	Positive	0.336468	0.663532
7OPO-H-A	Positive	0.254385	0.745615
7OPO-J-A	Positive	0.220409	0.779591
7OPO-F-C	Positive	0.323863	0.676137
7Y6M-A-C	Negative	0.629495	0.370505
7TO9-C-A	Negative	0.980581	0.0194195
7MW1-C-A	Positive	0.478264	0.521736
7BP4-L-G	Negative	0.561586	0.438414
7EI2-B-A	Negative	0.640016	0.359984
7OBH-B-A	Negative	0.753478	0.246522
7JX7-B-A	Negative	0.632047	0.367953
7WVW-L-R	Negative	0.564489	0.435511
7OXN-A-H	Negative	0.860161	0.139839
7M5B-B-A	Positive	0.123608	0.876392
7M5B-D-A	Positive	0.0605052	0.939495
7E0Z-B-A	Positive	0.262675	0.737325
7QWV-B-A	Negative	0.90979	0.0902104
7BGV-P-A	Negative	0.778022	0.221978
7K7F-B-A	Negative	0.949581	0.0504193
7UO3-B-A	Negative	0.821834	0.178166
7W53-C-R	Positive	0.139786	0.860214
7SMF-B-A	Positive	0.402233	0.597767
7SGR-K-J	Negative	0.536374	0.463626
7WEG-D-A	Negative	0.963506	0.0364936
7QFB-B-A	Positive	0.323662	0.676338
7T1Z-C-B	Negative	0.940634	0.0593655
7MJ6-C-A	Negative	0.920785	0.0792147
7P0S-U-A	Negative	0.527049	0.472951
7P0S-C-B	Negative	0.747529	0.252471
7YF6-C-A	Negative	0.768294	0.231706
7TD5-D-A	Negative	0.862652	0.137348
7U09-A-H	Negative	0.864048	0.135952
7B15-P-A	Negative	0.893884	0.106116
7EUY-S-A	Negative	0.958945	0.0410552
7EM9-C-A	Negative	0.881356	0.118643
7YKI-B-A	Positive	0.110375	0.889625
7JNE-B-A	Negative	0.770327	0.229673
7TIK-D-A	Positive	0.260375	0.739625
7BQZ-B-A	Negative	0.873845	0.126155
7BQZ-D-C	Positive	0.244516	0.755484
7ZKR-B-A	Negative	0.541688	0.458312
7SIH-C-A	Negative	0.869083	0.130917
7ZFR-C-A	Positive	0.248506	0.751494
7N9J-C-A	Negative	0.715509	0.284491
7LBQ-E-A	Positive	0.13034	0.86966
7T86-G-C	Negative	0.673672	0.326328
7NTJ-G-B	Negative	0.960095	0.0399054
7NTJ-C-A	Negative	0.931658	0.0683416
7F0L-A-L	Negative	0.544005	0.455995
7F0L-B-L	Negative	0.882393	0.117607
7F0L-G-H	Negative	0.949948	0.0500522
7F0L-8-5	Negative	0.813205	0.186795
7M10-B-A	Negative	0.738793	0.261207
7K2I-P-B	Negative	0.840672	0.159328
7HP2-A-B	Positive	0.398116	0.601884
7S46-B-A	Negative	0.931933	0.0680666
7O3C-k-a	Positive	0.0729066	0.927093
7LFZ-C-A	Negative	0.745704	0.254296
7DXS-A-C	Positive	0.41723	0.58277
7DXS-B-C	Positive	0.35907	0.64093
7DR1-J-A	Negative	0.589323	0.410677
7DR1-M-B	Negative	0.763161	0.236839
7QSD-f-M	Negative	0.523381	0.476619
7QSD-c-N	Positive	0.175451	0.824549
7TSQ-D-A	Negative	0.504504	0.495496
7TSQ-C-B	Negative	0.879742	0.120258
7D35-B-A	Negative	0.74644	0.25356
7Z8Z-B-A	Negative	0.741631	0.258369
7Z8Z-D-A	Negative	0.735826	0.264174
7TXZ-D-A	Positive	0.39993	0.60007
7PX9-G-A	Negative	0.93191	0.0680896
7TV0-E-A	Negative	0.657318	0.342682
7EF1-P-A	Negative	0.579091	0.420909
7EF1-Q-B	Positive	0.128254	0.871746
7PHR-Z-A	Negative	0.631005	0.368995
7PHR-z-A	Negative	0.712577	0.287423
7VBP-Q-V	Positive	0.0654614	0.934539
7WUL-X-A	Positive	0.272785	0.727215
7Y36-P-R	Negative	0.760175	0.239825
7PKT-A-r	Negative	0.54395	0.45605
7YXO-B-A	Negative	0.936219	0.0637806
7YXO-D-C	Negative	0.694156	0.305844
7X9A-P-R	Negative	0.735015	0.264985
7DXH-B-A	Negative	0.68113	0.31887
7DXH-f-a	Negative	0.764145	0.235855
7DXH-t-a	Negative	0.558537	0.441463
7DXH-m-b	Positive	0.159702	0.840298
7DXH-x-d	Negative	0.645145	0.354855
7DXH-k-c	Negative	0.712884	0.287116
7RZI-a-A	Negative	0.715811	0.284189
7RZI-c-B	Negative	0.62527	0.37473
7TUD-P-A	Negative	0.563487	0.436513
7LIN-B-A	Negative	0.714098	0.285902
7BFW-P-A	Positive	0.300689	0.699311
7X2E-B-A	Negative	0.923662	0.0763381
7MO4-B-A	Positive	0.339475	0.660525
7FFL-D-G	Positive	0.0547354	0.945265
7FFL-I-J	Positive	0.0500855	0.949914
7T6I-C-A	Positive	0.480573	0.519427
7NA7-L-R	Negative	0.656367	0.343633
7L8V-C-A	Positive	0.0618466	0.938153
7C07-Z-M	Positive	0.392652	0.607348
7C07-T-S	Negative	0.523671	0.476329
7SQS-E-A	Negative	0.809125	0.190875
7SQS-D-A	Negative	0.899315	0.100685
7SQS-C-A	Negative	0.795611	0.204389
7SQS-B-A	Positive	0.259586	0.740414
7XNA-B-A	Negative	0.731802	0.268198
7PC4-C-A	Negative	0.708458	0.291542
7VHE-G-A	Positive	0.395003	0.604997
7N9H-A-C	Negative	0.950314	0.0496864
7O2Z-P-L	Negative	0.899859	0.100141
7ONB-F-C	Positive	0.483813	0.516187
7ONB-M-C	Positive	0.286902	0.713098
7SXF-B-A	Negative	0.599067	0.400933
7OB5-P-A	Negative	0.981429	0.0185713
7RG5-B-A	Negative	0.939204	0.060796
7P49-P-A	Negative	0.973904	0.0260957
7KAN-B-A	Positive	0.0963842	0.903616
7Y45-E-C	Negative	0.886047	0.113953
7UXP-C-A	Negative	0.828301	0.171699
7E2E-P-A	Negative	0.97702	0.0229804
7E2E-Q-B	Negative	0.97702	0.0229804
7DGZ-X-4	Negative	0.702218	0.297782
7DGZ-F-8	Positive	0.232423	0.767577
7DGZ-i-Q	Positive	0.409367	0.590633
7HPA-A-B	Positive	0.398116	0.601884
7CK6-E-A	Positive	0.348272	0.651728
7CK6-H-A	Negative	0.706985	0.293015
7CK6-J-A	Negative	0.91159	0.0884101
7BPH-B-A	Positive	0.411787	0.588213
7NKN-C-G	Negative	0.66246	0.33754
7ZBW-R-C	Negative	0.705297	0.294703
7VEC-M-A	Negative	0.920291	0.0797091
7VEC-P-A	Negative	0.953968	0.0460322
7VEC-U-I	Negative	0.691615	0.308385
7VEC-X-L	Positive	0.375031	0.624969
7BG8-D-C	Positive	0.224738	0.775262
7S8R-C-A	Negative	0.594355	0.405645
7BRK-L-A	Positive	0.0753959	0.924604
7QSA-C-A	Negative	0.614966	0.385034
7D8P-C-A	Negative	0.98333	0.0166704
7D8P-D-B	Negative	0.971601	0.0283987
7RXQ-B-A	Positive	0.231745	0.768255
7MNR-B-A	Positive	0.119358	0.880642
7NFB-C-A	Negative	0.580779	0.419221
7NFB-D-B	Negative	0.79107	0.20893
7F7X-B-A	Positive	0.469038	0.530962
7XNM-D-A	Positive	0.129074	0.870926
7R5I-E-A	Negative	0.640216	0.359784
7Q41-B-A	Negative	0.924038	0.0759615
7Q41-D-C	Positive	0.428954	0.571046
7BTE-M-A	Positive	0.100108	0.899892
7BTE-L-C	Positive	0.129243	0.870757
7P4A-E-A	Negative	0.570135	0.429864
7P4A-D-A	Negative	0.710203	0.289797
7CUJ-C-A	Positive	0.343731	0.656269
7CUJ-D-A	Positive	0.097527	0.902473
7NUS-D-A	Negative	0.647523	0.352477
7NUS-E-B	Negative	0.647523	0.352477
7WX3-E-A	Negative	0.951442	0.0485585
7E1S-D-C	Negative	0.616185	0.383815
7YI8-C-B	Negative	0.766351	0.233649
7BK4-B-A	Negative	0.535814	0.464186
7JWP-Q-A	Negative	0.93941	0.06059
7JWP-W-M	Negative	0.773034	0.226966
7P3E-C-A	Negative	0.869586	0.130414
7P3E-F-D	Negative	0.869586	0.130414
7B2B-B-A	Negative	0.97457	0.0254296
7CZ5-P-R	Negative	0.781138	0.218862
7RYF-0-2	Negative	0.814289	0.185711
7CL0-D-A	Negative	0.695291	0.304709
7O50-H-A	Negative	0.801998	0.198002
7JJM-A-B	Positive	0.351866	0.648134
7RM3-Q-A	Negative	0.888529	0.111471
7RM3-P-C	Negative	0.724314	0.275686
7LEU-B-E	Negative	0.92573	0.0742701
7LEU-C-E	Positive	0.26868	0.73132
7RUQ-D-A	Negative	0.911444	0.0885558
7RUQ-B-A	Negative	0.950623	0.0493772
7RM1-P-A	Negative	0.951707	0.0482934
7EU0-L-B	Negative	0.525525	0.474475
7BRE-C-A	Negative	0.602305	0.397695
7BRE-F-E	Negative	0.660288	0.339712
7DS3-C-B	Positive	0.106253	0.893747
7N1E-C-A	Negative	0.957575	0.0424251
7MB4-E-A	Negative	0.765495	0.234505
7D1U-I-A	Positive	0.0864824	0.913518
7BRH-L-A	Negative	0.563774	0.436226
7VBY-F-B	Negative	0.641011	0.358989
7VBY-A-I	Negative	0.641011	0.358989
7VBY-D-I	Negative	0.76324	0.23676
7AK6-s-E	Negative	0.783766	0.216234
7AK6-c-N	Positive	0.296091	0.703909
7AGD-J-B	Negative	0.897606	0.102394
7N6M-B-A	Negative	0.957766	0.0422342
7ALO-C-A	Negative	0.748924	0.251076
7WVY-L-R	Negative	0.834835	0.165165
7KLD-Q-A	Negative	0.790472	0.209528
7KLD-E-B	Negative	0.64095	0.35905
7KDT-B-A	Positive	0.133745	0.866255
7W2Z-L-R	Negative	0.635301	0.364699
7JYV-C-A	Positive	0.272822	0.727178
7B1J-C-B	Negative	0.71024	0.28976
7NA5-C-A	Negative	0.715509	0.284491
7BGY-D-A	Positive	0.47797	0.52203
7ZMG-e-5	Negative	0.615667	0.384333
7XEB-C-A	Negative	0.67374	0.32626
7CDF-C-A	Positive	0.385088	0.614912
7WJ5-S-R	Positive	0.190227	0.809773
7VPW-B-A	Negative	0.980699	0.0193011
7VVM-P-R	Negative	0.667977	0.332023
7RZE-a-A	Negative	0.7488	0.2512
7RZE-b-A	Positive	0.232384	0.767616
7NFX-z-B	Negative	0.706356	0.293644
7NLA-P-A	Positive	0.0702221	0.929778
7XAV-F-A	Negative	0.609088	0.390912
7MB9-C-A	Negative	0.911536	0.0884643
7EC5-D-A	Negative	0.898171	0.101829
7VTJ-C-H	Negative	0.568128	0.431872
7MT2-4-G	Positive	0.0296805	0.97032
7FEJ-4-1	Negative	0.53377	0.46623
7AAM-C-A	Negative	0.660526	0.339474
7NPB-P-A	Negative	0.929575	0.070425
7P7S-6-I	Positive	0.4073	0.5927
7MO5-B-A	Positive	0.250372	0.749628
7S78-W-A	Positive	0.0229961	0.977004
7S78-Z-D	Positive	0.495008	0.504992
7S78-0-D	Positive	0.191005	0.808995
7S78-2-G	Positive	0.201314	0.798686
7S78-4-J	Negative	0.8318	0.1682
7S51-C-A	Negative	0.965554	0.0344461
7VF3-B-A	Negative	0.69045	0.30955
7WHU-H-D	Negative	0.889543	0.110457
7UEB-F-A	Positive	0.0591642	0.940836
7QA8-I-A	Negative	0.813927	0.186073
7QA8-K-B	Negative	0.813927	0.186073
7UNW-3-F	Positive	0.104355	0.895645
7UNW-8-G	Positive	0.222082	0.777918
7ZV7-B-A	Negative	0.641086	0.358914
7UR1-C-A	Negative	0.829059	0.170941
7KHR-r-b	Positive	0.0545072	0.945493
7TLT-E-A	Negative	0.726862	0.273138
7TLT-F-C	Negative	0.726862	0.273138
7MNQ-B-A	Positive	0.336637	0.663363
7S7J-B-A	Negative	0.936463	0.063537
7OW2-E-A	Negative	0.933127	0.0668727
7XHG-F-B	Negative	0.825361	0.174639
7XHG-G-C	Negative	0.809689	0.190311
7AL2-B-A	Negative	0.725926	0.274074
7KI0-P-R	Negative	0.75514	0.24486
7EBK-B-A	Positive	0.181801	0.818199
7N1H-P-H	Positive	0.0481486	0.951851
7B5F-D-C	Positive	0.403881	0.596119
7B5F-H-G	Positive	0.306599	0.693401
7UT1-c-a	Negative	0.589971	0.410029
7XL3-G-C	Negative	0.716229	0.283771
7KGC-D-A	Positive	0.085191	0.914809
7NDG-N-F	Negative	0.611349	0.388651
7NMX-P-A	Negative	0.868348	0.131652
7NL9-G-H	Negative	0.820681	0.179319
7NL9-C-Q	Negative	0.735165	0.264835
7X6Y-B-A	Positive	0.405172	0.594828
7JZR-C-A	Negative	0.67894	0.32106
7TO8-C-A	Negative	0.972733	0.0272673
7Q5V-B-A	Negative	0.890225	0.109775
7M5C-B-A	Positive	0.251117	0.748883
7M5C-F-A	Positive	0.172937	0.827063
7M5C-D-C	Positive	0.472496	0.527504
7M5C-J-C	Positive	0.135001	0.864999
7M5C-H-G	Positive	0.251117	0.748883
7M5C-N-M	Positive	0.243396	0.756604
7M5C-P-O	Positive	0.251117	0.748883
7ZR2-B-A	Positive	0.283952	0.716048
7QOO-C-L	Positive	0.337645	0.662355
7N6D-C-A	Negative	0.814515	0.185485
7N6D-O-E	Negative	0.814515	0.185485
7PUL-P-A	Negative	0.729744	0.270256
7THM-C-A	Positive	0.206502	0.793498
7DU2-I-A	Positive	0.0688189	0.931181
7CMZ-B-A	Negative	0.673463	0.326537
7OBG-B-A	Negative	0.501038	0.498962
7KFA-D-A	Negative	0.842585	0.157415
7M98-B-A	Positive	0.364709	0.635291
7YTQ-E-A	Positive	0.463937	0.536063
7OPM-B-A	Positive	0.246643	0.753357
7OPM-C-A	Positive	0.314849	0.685151
7KDF-E-A	Positive	0.115886	0.884114
7LFD-A-H	Negative	0.906319	0.0936811
7K29-P-A	Negative	0.893628	0.106372
7OBL-B-A	Positive	0.430126	0.569874
7MJA-C-A	Negative	0.677067	0.322933
7MP3-L-A	Positive	0.12536	0.87464
7VLY-A-Y	Positive	0.190333	0.809667
7E34-C-A	Positive	0.0528008	0.947199
7AS4-4-3	Negative	0.803629	0.196371
7F4E-C-A	Positive	0.153227	0.846773
7ZDD-D-A	Positive	0.152193	0.847807
7E1Z-C-A	Negative	0.896612	0.103388
7W0Q-B-A	Negative	0.789018	0.210982
7F0R-G-C	Negative	0.527023	0.472977
7MVV-C-A	Negative	0.549149	0.450851
7AD3-K-B	Negative	0.89859	0.10141
7AD3-H-B	Negative	0.703881	0.296119
7AD3-G-F	Negative	0.856474	0.143526
7CNU-C-A	Negative	0.972135	0.0278653
7X1U-E-A	Negative	0.585427	0.414573
7U21-C-A	Negative	0.840428	0.159572
7Y61-K-L	Negative	0.545017	0.454983
7S4O-C-A	Negative	0.855716	0.144284
7UY2-C-A	Negative	0.808586	0.191413
7BQV-B-A	Positive	0.488515	0.511485
7ZQP-j-d	Positive	0.361029	0.638971
7PC5-B-A	Negative	0.736573	0.263427
7XPK-B-A	Positive	0.110566	0.889434
7XPK-D-C	Positive	0.202087	0.797913
7OA6-X-B	Positive	0.230363	0.769637
7OUI-F-A	Positive	0.371114	0.628886
7OUI-I-A	Positive	0.319664	0.680336
7OUI-L-A	Negative	0.980781	0.0192192
7OUI-M-A	Positive	0.174823	0.825177
7OUI-T-A	Positive	0.38919	0.61081
7OUI-U-B	Positive	0.405105	0.594895
7CIQ-C-A	Negative	0.847188	0.152812
7OY8-E-H	Positive	0.355193	0.644807
7OY8-F-H	Positive	0.0947341	0.905266
7OY8-J-H	Positive	0.355193	0.644807
7OY8-S-H	Negative	0.756507	0.243493
7OY8-8-M	Positive	0.0529138	0.947086
7MD4-P-B	Positive	0.142257	0.857743
7MD4-N-A	Negative	0.715586	0.284414
7MD4-T-A	Positive	0.128112	0.871888
7BZN-D-A	Negative	0.528946	0.471054
7CRU-B-A	Positive	0.382145	0.617855
7CRU-D-C	Positive	0.382145	0.617855
7XJJ-C-E	Negative	0.944182	0.0558178
7VFI-C-A	Negative	0.959976	0.0400238
7APO-C-A	Negative	0.851335	0.148665
7APO-D-B	Negative	0.851335	0.148665
7N8O-F-A	Positive	0.319374	0.680626
7N8O-I-A	Positive	0.0895013	0.910499
7N8O-J-A	Positive	0.108398	0.891602
7N8O-L-A	Negative	0.861224	0.138776
7N8O-T-A	Positive	0.225967	0.774033
7N8O-K-C	Positive	0.426213	0.573787
7N8O-Y-C	Negative	0.883146	0.116854
7N8O-R-E	Positive	0.262506	0.737494
7DW0-C-A	Negative	0.88113	0.11887
7N43-F-A	Positive	0.368687	0.631313
7Z31-I-A	Positive	0.162613	0.837387
7Z31-W-C	Positive	0.0514189	0.948581
7AK9-C-A	Negative	0.505175	0.494825
7DKZ-J-2	Positive	0.380582	0.619418
7S7F-C-A	Negative	0.826293	0.173707
7UDK-B-A	Positive	0.431295	0.568705
7X1B-C-A	Negative	0.915128	0.0848719
7O3T-A-B	Negative	0.717712	0.282288
7OXI-B-A	Negative	0.818718	0.181282
7OXI-C-A	Positive	0.419126	0.580874
7O37-l-F	Positive	0.127618	0.872382
7R72-G-I	Positive	0.234776	0.765224
7R72-t-Z	Negative	0.505898	0.494102
7R72-B-u	Negative	0.809882	0.190118
7OF3-m-8	Positive	0.040104	0.959896
7K0Q-C-B	Positive	0.450658	0.549342
7XZJ-3-4	Positive	0.260559	0.739441
7XZJ-X-4	Negative	0.878068	0.121932
7XZJ-E-7	Negative	0.660335	0.339665
7NHP-F-A	Positive	0.0782914	0.921709
7RNC-F-A	Negative	0.966631	0.0333688
7JIL-4-F	Positive	0.260586	0.739414
7JIL-f-F	Positive	0.126649	0.873351
7JIL-G-X	Positive	0.262495	0.737505
7MO2-B-A	Positive	0.297648	0.702352
7Y1F-F-R	Negative	0.699395	0.300605
7CJB-D-A	Negative	0.780686	0.219314
7CJB-H-E	Negative	0.513113	0.486887
7CJB-L-I	Negative	0.525923	0.474077
7VFU-E-A	Positive	0.00789464	0.992105
7WLP-B-A	Negative	0.965555	0.0344445
7WLP-C-A	Positive	0.4237	0.5763
7LWH-B-A	Negative	0.824825	0.175175
7O33-P-L	Negative	0.841818	0.158182
7ESI-B-A	Negative	0.501357	0.498643
7ESI-C-A	Positive	0.291501	0.708499
7EU2-C-A	Positive	0.401137	0.598863
7COH-M-A	Negative	0.689562	0.310438
7A4T-B-A	Negative	0.51324	0.48676
7A4T-C-A	Negative	0.860004	0.139996
7SZI-D-A	Positive	0.317844	0.682156
7Q72-C-A	Positive	0.146175	0.853825
7Q72-D-B	Positive	0.329168	0.670832
7X70-B-A	Negative	0.950725	0.0492753
7WEK-C-A	Negative	0.815353	0.184647
7WEK-D-A	Negative	0.607142	0.392858
7Y9N-B-A	Positive	0.408033	0.591967
7R0W-G-X	Positive	0.448433	0.551567
7R0W-N-I	Negative	0.701416	0.298584
7R0W-P-I	Positive	0.47729	0.52271
7V1A-B-A	Negative	0.882326	0.117674
7ABF-R-A	Positive	0.486113	0.513887
7ABF-X-A	Positive	0.397525	0.602475
7ZPD-A-B	Positive	0.369959	0.630041
7RT9-Y-A	Negative	0.882839	0.117161
7RT9-Z-C	Negative	0.985209	0.0147905
7UXN-B-A	Positive	0.352167	0.647833
7VZR-E-A	Positive	0.235866	0.764134
7VZR-F-A	Positive	0.226542	0.773458
7VZR-G-A	Negative	0.567521	0.432479
7VZR-e-A	Positive	0.235866	0.764134
7A1S-B-A	Positive	0.152906	0.847094
7ST8-S-H	Positive	0.385345	0.614655
7RJR-B-A	Negative	0.892041	0.107959
7C94-C-A	Negative	0.760746	0.239254
7S4A-B-A	Negative	0.61236	0.38764
7S4A-D-A	Negative	0.727765	0.272235
7KL5-B-A	Negative	0.608524	0.391476
7QPJ-E-C	Negative	0.966275	0.0337247
7SN6-C-A	Negative	0.800473	0.199527
7SN6-D-B	Negative	0.541087	0.458913
7O5D-P-A	Positive	0.0702221	0.929778
7EMF-B-A	Negative	0.723921	0.276079
7F4I-U-R	Negative	0.771914	0.228086
7JVO-B-A	Positive	0.374848	0.625152
7PBN-H-D	Negative	0.833235	0.166765
7L1D-C-A	Positive	0.439063	0.560937
7LEN-C-A	Positive	0.261538	0.738462
7OBK-B-A	Positive	0.459314	0.540686
7SSC-P-H	Positive	0.343208	0.656792
7T8M-C-A	Positive	0.32083	0.67917
7T8M-D-A	Positive	0.229526	0.770474
7AD6-C-A	Positive	0.0861568	0.913843
7OR7-B-A	Negative	0.63438	0.36562
7BEE-C-A	Negative	0.515977	0.484023
7BEE-D-A	Negative	0.62798	0.37202
7BEE-F-A	Positive	0.427052	0.572948
7BEE-H-A	Negative	0.584517	0.415483
7M5U-B-A	Positive	0.134429	0.865571
7ZDI-D-A	Negative	0.951803	0.0481973
7KL1-C-A	Negative	0.592077	0.407923
7KL1-D-A	Negative	0.792347	0.207653
7TYL-P-R	Positive	0.250774	0.749226
7DDQ-N-o	Negative	0.931934	0.0680664
7DDQ-O-o	Negative	0.931934	0.0680664
7DDQ-U-t	Negative	0.949934	0.0500661
7DDQ-F-e	Negative	0.931934	0.0680664
7DDQ-a-b	Positive	0.270471	0.729529
7DDQ-J-k	Negative	0.931934	0.0680664
7DD1-B-A	Negative	0.769659	0.230341
7PNK-F-A	Positive	0.306108	0.693892
7PNK-I-A	Positive	0.447133	0.552867
7PNK-J-A	Positive	0.0999464	0.900054
7PNK-L-A	Negative	0.536077	0.463923
7PNK-T-A	Positive	0.454946	0.545054
7PNK-W-A	Positive	0.462435	0.537565
7PNK-M-B	Positive	0.0693535	0.930647
7PNK-U-B	Positive	0.422575	0.577425
7PNK-V-C	Negative	0.58961	0.41039
7OHT-e-C	Positive	0.189324	0.810676
7RNW-Y-A	Positive	0.355949	0.644051
7RNW-Z-A	Positive	0.0881586	0.911841
7RNW-X-C	Positive	0.492015	0.507985
7RNW-W-C	Negative	0.555512	0.444488
7OBR-z-B	Negative	0.681885	0.318115
7FC0-D-E	Positive	0.08068	0.91932
7LLY-P-R	Negative	0.586266	0.413734
7DW6-C-A	Negative	0.965557	0.0344427
7JPN-H-A	Negative	0.517506	0.482494
7M51-A-H	Positive	0.496251	0.503749
7OHS-V-B	Positive	0.107848	0.892152
7TA3-A-B	Positive	0.206863	0.793137
7S4Q-F-A	Negative	0.839882	0.160118
7W0D-G-F	Negative	0.791523	0.208477
7OYR-B-A	Negative	0.956057	0.0439427
7N6J-B-A	Negative	0.70479	0.29521
7RN9-F-A	Negative	0.628484	0.371516
7N6N-C-A	Negative	0.939817	0.0601831
7DS2-C-A	Negative	0.522095	0.477905
7Q9A-C-A	Negative	0.524574	0.475426
7W0T-A-F	Negative	0.883896	0.116104
7W0T-E-C	Negative	0.982613	0.0173873
7W0T-D-B	Negative	0.872256	0.127744
7QQY-B-A	Negative	0.837485	0.162515
7XWO-D-B	Negative	0.634992	0.365008
7BOS-B-A	Negative	0.642937	0.357063
7KL2-B-A	Negative	0.554017	0.445983
7RUP-B-A	Negative	0.741063	0.258937
7KSQ-M-B	Negative	0.883428	0.116572
7X7P-C-M	Positive	0.416074	0.583926
7ATR-B-A	Positive	0.405417	0.594583
7WAE-L-A	Negative	0.741087	0.258913
7KEV-C-A	Negative	0.729402	0.270598
7CDG-C-A	Negative	0.595237	0.404763
7SSD-A-e	Positive	0.275175	0.724825
7MLA-B-A	Positive	0.0626725	0.937328
7UVA-C-A	Positive	0.259745	0.740255
7UVA-F-D	Negative	0.86024	0.13976
7UXM-D-A	Negative	0.635649	0.364351
7X6Z-B-A	Positive	0.21139	0.78861
7M2X-U-C	Positive	0.335463	0.664537
7TSX-D-A	Negative	0.504504	0.495496
7TSX-C-B	Negative	0.879742	0.120258
7NVO-N-E	Positive	0.0519308	0.948069
7P9W-B-A	Negative	0.893425	0.106575
7AM6-P-C	Negative	0.898078	0.101922
7PRX-B-A	Negative	0.856298	0.143702
7SJQ-D-A	Positive	0.424225	0.575775
7SU9-C-A	Negative	0.630888	0.369112
7DOC-E-B	Positive	0.259656	0.740344
7DOC-I-B	Positive	0.101141	0.898859
7ZLG-P-A	Positive	0.238516	0.761484
7AR8-b-A	Negative	0.709274	0.290726
7AR8-r-C	Positive	0.135473	0.864527
7AR8-l-L	Positive	0.15914	0.84086
7U60-M-A	Negative	0.785393	0.214607
7TOW-E-H	Negative	0.694238	0.305762
7TOW-D-A	Negative	0.75823	0.24177
7QWQ-t-x	Positive	0.493265	0.506735
7QWQ-u-d	Negative	0.541593	0.458407
7XOW-L-R	Negative	0.91419	0.08581
7UIR-C-A	Negative	0.957891	0.0421087
7UIR-D-A	Negative	0.839006	0.160994
7PI5-I-A	Positive	0.447133	0.552867
7PI5-T-A	Positive	0.454946	0.545054
7PI5-W-A	Positive	0.462435	0.537565
7PI5-M-B	Positive	0.101287	0.898713
7QTT-L-N	Negative	0.791592	0.208408
7QTX-B-A	Negative	0.636479	0.363521
7R7C-w-7	Positive	0.245763	0.754237
7NKL-D-A	Negative	0.81269	0.18731
7NKL-E-A	Positive	0.360598	0.639402
7NKL-b-A	Negative	0.887995	0.112005
7NKL-B-d	Negative	0.770874	0.229126
7NKL-C-d	Positive	0.403461	0.596539
7NKL-F-d	Negative	0.655086	0.344914
7W64-G-A	Negative	0.567603	0.432397
7W64-H-A	Negative	0.567603	0.432397
7RNF-F-A	Negative	0.832458	0.167542
7QCS-C-A	Negative	0.962191	0.0378092
7ABI-8-v	Positive	0.185874	0.814126
7ABI-R-r	Positive	0.243657	0.756343
7Y35-P-R	Negative	0.585205	0.414795
7P1C-B-A	Positive	0.439674	0.560326
7UBU-P-A	Negative	0.837795	0.162205
7UBU-Q-A	Positive	0.414126	0.585874
7A1P-B-A	Positive	0.17165	0.82835
7WD8-A-E	Negative	0.750486	0.249514
7A2X-B-A	Negative	0.805808	0.194192
7YJ1-C-B	Negative	0.525097	0.474903
7YJ1-E-D	Positive	0.356057	0.643943
7VVU-Y-V	Negative	0.754173	0.245827
7VVU-X-N	Positive	0.344594	0.655406
7UVV-0-2	Negative	0.795414	0.204586
7UVV-H-W	Positive	0.395895	0.604105
7VLJ-B-A	Positive	0.108217	0.891783
7PGC-C-B	Negative	0.745351	0.254649
7UC5-C-A	Positive	0.234728	0.765272
7UJR-B-A	Negative	0.792508	0.207492
7MX1-C-A	Negative	0.96419	0.0358102
7KUI-G-A	Positive	0.453792	0.546208
7RTE-D-C	Negative	0.509785	0.490215
7OF0-V-5	Negative	0.725207	0.274793
7NVW-W-2	Positive	0.424933	0.575067
7KSO-F-C	Negative	0.694627	0.305373
7RUC-D-A	Positive	0.374838	0.625162
7YI6-A-B	Positive	0.428477	0.571523
7YI6-C-E	Positive	0.457869	0.542131
7XQU-C-A	Negative	0.610548	0.389451
7FJ3-C-2	Positive	0.0873407	0.912659
7FJ3-d-S	Negative	0.910119	0.0898814
7BRL-L-A	Negative	0.828957	0.171043
7RE8-C-A	Negative	0.745435	0.254565
7RE8-F-D	Negative	0.745435	0.254565
7WBI-C-A	Negative	0.905867	0.094133
7Y3F-J-A	Negative	0.793791	0.206209
7Y3F-M-B	Negative	0.799778	0.200222
7Y3F-X-B	Negative	0.935332	0.0646675
7JRG-K-A	Positive	0.44049	0.55951
7CZM-C-A	Negative	0.782621	0.217379
7CZM-D-B	Negative	0.837469	0.162531
7A6Y-J-A	Positive	0.402324	0.597676
7A6Y-K-B	Positive	0.404784	0.595216
7A6Y-M-D	Positive	0.300322	0.699678
7QQN-B-A	Negative	0.801565	0.198435
7QQN-D-C	Positive	0.363651	0.636349
7EQZ-I-A	Positive	0.290662	0.709338
7R4H-L-G	Negative	0.818761	0.181239
7URD-B-A	Positive	0.128083	0.871917
7XJO-C-A	Negative	0.931943	0.0680574
7F4D-M-R	Positive	0.374409	0.625591
7ZV8-C-A	Negative	0.641086	0.358914
7DS4-C-B	Negative	0.53633	0.46367
7EO0-4-1	Negative	0.629244	0.370756
7JTV-E-B	Negative	0.961173	0.0388271
7JTV-H-A	Negative	0.990516	0.00948423
7RYC-L-O	Negative	0.909001	0.0909987
7CFD-I-B	Negative	0.63807	0.36193
7CFD-K-B	Positive	0.281968	0.718032
7CFD-J-C	Positive	0.329129	0.670871
7CFD-L-E	Positive	0.171749	0.828251
7CFD-M-F	Positive	0.369998	0.630002
7CFD-N-G	Positive	0.39504	0.60496
7CFD-Z-H	Positive	0.177566	0.822434
7JK4-F-C	Positive	0.121286	0.878714
7D68-P-R	Negative	0.642173	0.357827
7A8U-B-A	Negative	0.770383	0.229617
7Y04-E-A	Negative	0.83513	0.16487
7CE4-B-A	Positive	0.437037	0.562963
7Q46-B-A	Negative	0.722324	0.277676
7Q46-D-C	Positive	0.492938	0.507062
7Q46-F-E	Positive	0.36323	0.63677
7YF2-C-A	Negative	0.839907	0.160093
7WK8-B-C	Negative	0.711366	0.288634
7BRJ-L-A	Positive	0.0957568	0.904243
7ENO-4-1	Negative	0.53377	0.46623
7OF5-m-8	Positive	0.0433144	0.956686
7BYD-C-A	Negative	0.905957	0.0940429
7D3D-a-A	Negative	0.537303	0.462697
7ZQB-f-b	Negative	0.780446	0.219554
7QIP-C-A	Negative	0.952785	0.047215
7QIP-D-B	Negative	0.988717	0.0112833
7U8F-C-A	Positive	0.233289	0.766711
7XV0-B-A	Negative	0.682963	0.317037
7A23-n-I	Positive	0.404008	0.595992
7A23-g-M	Positive	0.26256	0.73744
7A23-l-M	Positive	0.434159	0.565841
7A23-h-a	Positive	0.140689	0.859311
7A23-t-a	Positive	0.399123	0.600877
7L4Z-S-B	Positive	0.464116	0.535884
7JRP-W-M	Positive	0.362003	0.637997
7JRP-h-T	Positive	0.205222	0.794778
7JRP-j-a	Positive	0.206121	0.793879
7BRG-L-A	Positive	0.254562	0.745438
7N6K-B-A	Negative	0.819631	0.180369
7OPX-D-A	Positive	0.200711	0.799289
7CP9-A-I	Negative	0.855244	0.144756
7CP9-B-J	Negative	0.82325	0.17675
7CP9-D-J	Positive	0.276185	0.723815
7ETV-B-A	Negative	0.679971	0.320029
7BN1-E-A	Negative	0.52963	0.47037
7BN1-F-B	Negative	0.599596	0.400404
7LO0-I-A	Negative	0.957481	0.0425188
7LO0-M-A	Negative	0.817624	0.182376
7LO0-Q-A	Negative	0.737208	0.262792
7LO0-N-B	Positive	0.449315	0.550685
7LO0-R-B	Negative	0.839569	0.160431
7LO0-O-G	Negative	0.826026	0.173974
7UXI-B-A	Negative	0.542715	0.457285
7Y66-E-D	Positive	0.0323915	0.967608
7URE-B-A	Positive	0.111137	0.888863
7OP0-C-A	Positive	0.159251	0.840749
7N0W-G-A	Negative	0.543025	0.456975
7OY3-B-A	Negative	0.853862	0.146138
7UWO-B-A	Negative	0.61704	0.38296
7OWO-D-A	Negative	0.619795	0.380205
7OWO-F-B	Negative	0.619795	0.380205
7RNJ-B-L	Negative	0.822216	0.177784
7LKY-J-A	Positive	0.490289	0.509711
7LKY-P-G	Positive	0.339116	0.660884
7UNU-8-G	Positive	0.222082	0.777918
7VPG-X-A	Negative	0.997763	0.00223674
7VPG-D-C	Negative	0.550147	0.449853
7WJH-B-A	Negative	0.561219	0.438781
7TYH-P-E	Positive	0.0648806	0.935119
7YIY-E-D	Positive	0.417282	0.582718
7ZX8-d-M	Negative	0.769671	0.230329
7RZD-C-A	Negative	0.938982	0.0610184
7R6Q-L-D	Positive	0.200901	0.799099
7R6Q-g-n	Negative	0.923241	0.0767592
7R6Q-Z-t	Negative	0.631703	0.368297
7R6Q-h-X	Positive	0.207981	0.792019
7M8U-C-A	Positive	0.480315	0.519685
7OWQ-D-A	Positive	0.209459	0.790541
7LLL-P-R	Positive	0.365806	0.634194
7EHZ-B-A	Negative	0.660623	0.339377
7QIO-L-N	Positive	0.25888	0.74112
7FDM-C-A	Positive	0.498853	0.501147
7FDM-D-B	Negative	0.741445	0.258555
7Y0S-C-B	Negative	0.795081	0.204919
7E9M-B-A	Positive	0.0838673	0.916133
7JVS-C-B	Positive	0.383525	0.616475
7ZB0-F-B	Positive	0.383778	0.616222
7ZB0-H-D	Positive	0.429713	0.570287
7FDO-B-A	Negative	0.799742	0.200258
7TFC-U-A	Negative	0.953208	0.0467921
7XTG-A-B	Positive	0.0184939	0.981506
7VVJ-P-R	Negative	0.880202	0.119798
7Q43-D-C	Negative	0.651549	0.348451
7Q43-B-A	Negative	0.858207	0.141793
7Q43-F-E	Positive	0.280952	0.719048
7UMS-V-T	Positive	0.432993	0.567007
7O6N-C-A	Negative	0.625261	0.374739
7O6N-D-A	Positive	0.33197	0.66803
7RNA-F-A	Positive	0.453947	0.546053
7JK5-F-C	Positive	0.250766	0.749234
7YF4-C-A	Positive	0.0795487	0.920451
7YF4-D-B	Negative	0.60453	0.39547
7CDB-C-A	Negative	0.71334	0.28666
7UDB-C-A	Negative	0.793226	0.206774
7F54-L-R	Negative	0.670663	0.329337
7Z50-T-A	Negative	0.674629	0.325371
7Z50-W-A	Negative	0.50623	0.49377
7YOT-C-D	Positive	0.460724	0.539276
7YOT-B-D	Negative	0.62313	0.37687
7L0S-G-A	Negative	0.695875	0.304125
7P93-B-A	Negative	0.945701	0.0542986
7P93-M-A	Positive	0.420212	0.579788
7P0L-D-B	Negative	0.68401	0.31599
7M5A-B-A	Positive	0.261056	0.738944
7NLC-B-A	Negative	0.995407	0.00459297
7U5V-C-A	Positive	0.287399	0.712601
7YKD-L-A	Negative	0.557939	0.442061
7T5M-E-A	Negative	0.89917	0.10083
7T5M-F-C	Negative	0.969552	0.0304479
7LET-B-E	Negative	0.809026	0.190974
7F2D-B-A	Negative	0.862625	0.137375
7PPM-B-A	Negative	0.91933	0.0806698
7ZPY-B-A	Negative	0.943033	0.056967
7K2L-P-A	Negative	0.861655	0.138345
7XZI-X-9	Negative	0.609708	0.390292
7CZL-F-A	Negative	0.517139	0.482861
7CZL-I-A	Positive	0.111752	0.888248
7CZL-M-A	Positive	0.404406	0.595594
7CZL-X-D	Negative	0.744748	0.255252
7CZL-k-c	Negative	0.712884	0.287116
7TFA-A-B	Negative	0.530476	0.469524
7E87-J-B	Positive	0.248869	0.751131
7BCY-P-A	Positive	0.0730798	0.92692
7QTO-C-A	Negative	0.929694	0.0703062
7QTO-D-A	Positive	0.461958	0.538042
7DRP-E-A	Positive	0.273093	0.726907
7DRP-F-C	Negative	0.614401	0.385599
7LGT-F-A	Negative	0.618965	0.381035
7LGT-E-C	Negative	0.618965	0.381035
7EMB-C-A	Negative	0.881327	0.118673
7X00-C-A	Negative	0.518136	0.481864
7QOT-C-A	Positive	0.218769	0.781231
7QOT-D-B	Negative	0.944076	0.0559243
7YZX-B-A	Positive	0.429859	0.570141
7Q3L-p-A	Negative	0.603047	0.396953
7XXG-D-A	Negative	0.700048	0.299952
7F3S-B-A	Positive	0.471991	0.528009
7VPH-X-A	Negative	0.988618	0.0113822
7VPH-D-C	Negative	0.53624	0.46376
7VPH-J-E	Negative	0.963298	0.0367016
7VPH-H-G	Negative	0.531062	0.468938
7ZAK-C-A	Negative	0.779889	0.220111
7EJM-C-A	Positive	0.135316	0.864684
7OII-B-R	Negative	0.780075	0.219925
7RAQ-P-H	Negative	0.564055	0.435945
7S8M-A-R	Positive	0.323413	0.676587
7FGJ-C-H	Positive	0.456272	0.543728
7WUI-L-R	Negative	0.901412	0.098588
7WMC-C-A	Positive	0.0296619	0.970338
7Y8W-E-A	Negative	0.771323	0.228677
7Y8W-F-A	Negative	0.707311	0.292689
7Y8W-O-M	Negative	0.623913	0.376087
7Y8W-P-M	Negative	0.73148	0.26852
7Y8W-S-Q	Negative	0.904631	0.0953686
7W3Z-L-A	Negative	0.738064	0.261936
7RNU-B-A	Negative	0.920529	0.0794715
7RNU-D-A	Negative	0.969017	0.0309826
7RNU-F-C	Negative	0.859804	0.140196
7RNU-H-G	Negative	0.98594	0.0140605
7TXF-F-A	Negative	0.696168	0.303832
7JMM-B-A	Negative	0.901961	0.0980387
7TYY-P-E	Positive	0.0758428	0.924157
7Q4Q-E-A	Negative	0.976645	0.0233554
7VBH-P-R	Positive	0.34661	0.65339
7OYH-B-A	Negative	0.870128	0.129872
7VDD-F-C	Negative	0.588104	0.411896
7VDD-D-G	Negative	0.750397	0.249603
7B1G-E-A	Positive	0.351441	0.648559
7N2P-C-A	Negative	0.734634	0.265366
7NND-P-A	Negative	0.958489	0.0415113
7QGN-B-1	Negative	0.884313	0.115687
7F4H-F-R	Positive	0.414142	0.585858
7JTK-M-E	Positive	0.294896	0.705104
7JTK-U-E	Positive	0.279655	0.720345
7JTK-N-F	Positive	0.1574	0.8426
7JTK-s-F	Negative	0.807584	0.192416
7JTK-u-F	Negative	0.578272	0.421728
7DVY-C-A	Negative	0.941566	0.0584341
7CUI-B-A	Negative	0.675571	0.324429
7TTC-P-A	Negative	0.607091	0.392909
7Y9C-C-A	Negative	0.932817	0.0671834
7PWG-l-X	Positive	0.283106	0.716894
7W57-C-R	Positive	0.186775	0.813225
7SAX-E-A	Positive	0.423713	0.576287
7SAX-G-A	Negative	0.558279	0.441721
7YQ7-I-A	Positive	0.321664	0.678336
7YQ7-J-A	Positive	0.294061	0.705939
7T1L-C-A	Negative	0.852768	0.147232
7B4V-B-C	Negative	0.808694	0.191306
7ZW4-B-A	Negative	0.849342	0.150658
7VGA-A-B	Positive	0.171067	0.828933
7UQC-C-A	Negative	0.566124	0.433876
7UQC-F-D	Negative	0.566124	0.433876
7TM3-B-C	Positive	0.143509	0.856491
7E9K-C-A	Negative	0.856397	0.143603
7E9K-F-D	Negative	0.741637	0.258363
7ZJS-E-A	Negative	0.896955	0.103045
7VGX-L-R	Positive	0.0184841	0.981516
7QS8-C-A	Positive	0.290175	0.709825
7MJ8-C-A	Negative	0.944228	0.0557725
7EIB-D-A	Negative	0.618512	0.381488
7LPS-C-B	Positive	0.305057	0.694943
7LPS-F-E	Positive	0.341709	0.658291
7NDX-B-A	Negative	0.949406	0.0505942
7R4F-Y-M	Negative	0.56726	0.43274
7YOO-L-R	Positive	0.375048	0.624952
7JFL-C-A	Negative	0.74733	0.25267
7JFL-D-A	Negative	0.688463	0.311537
7AM7-P-C	Negative	0.894639	0.105361
7SJP-E-H	Negative	0.734022	0.265978
7SQV-C-A	Positive	0.457023	0.542977
7SQV-B-A	Positive	0.0831765	0.916824
7SQV-D-A	Negative	0.676307	0.323693
7R2T-B-A	Negative	0.703238	0.296762
7BJN-B-A	Positive	0.225082	0.774918
7JQD-B-A	Negative	0.5189	0.4811
7NQC-B-A	Positive	0.338663	0.661337
7V35-P-R	Positive	0.481185	0.518815
7SSO-A-e	Positive	0.462216	0.537784
7LFL-C-A	Negative	0.509661	0.490339
7BYE-A-B	Negative	0.73655	0.26345
7QSO-s-E	Negative	0.693002	0.306998
7QSO-Y-M	Negative	0.904383	0.0956168
7UJP-C-A	Positive	0.425206	0.574794
7UJP-D-A	Negative	0.956922	0.0430779
7SAY-E-A	Negative	0.818757	0.181243
7SAY-F-C	Negative	0.883408	0.116592
7AGB-I-A	Negative	0.980953	0.0190474
7K2J-P-B	Negative	0.659501	0.340499
7USQ-F-A	Negative	0.93564	0.06436
7SL7-I-A	Positive	0.11646	0.88354
7S02-C-A	Positive	0.329527	0.670473
7EKK-P-H	Positive	0.419372	0.580628
7RG4-B-E	Positive	0.492089	0.507911
7QSL-c-N	Positive	0.467272	0.532728
7LV0-A-e	Positive	0.237889	0.762111
7KGS-C-A	Positive	0.197456	0.802544
7K2C-P-A	Negative	0.845068	0.154932
7S8L-A-R	Negative	0.691863	0.308137
7C9O-A-B	Negative	0.785864	0.214136
7ACW-B-A	Positive	0.390325	0.609675
7ACW-D-A	Negative	0.610074	0.389926
7DDM-E-A	Positive	0.3371	0.6629
7VV4-L-R	Positive	0.12927	0.87073
7QXW-e-V	Negative	0.755932	0.244068
7S8S-C-A	Positive	0.378549	0.621451
7SZ5-C-A	Positive	0.196832	0.803168
7MSC-1-3	Positive	0.267968	0.732032
7PFZ-C-B	Negative	0.745351	0.254649
7AE7-b-A	Negative	0.898851	0.101149
7K2D-P-B	Negative	0.841932	0.158068
7QTW-B-A	Positive	0.221943	0.778057
7T0V-G-A	Negative	0.667697	0.332303
7F7O-B-A	Positive	0.369026	0.630974
7Z73-B-E	Negative	0.820707	0.179293
7Z73-C-E	Negative	0.558357	0.441643
7Z73-D-E	Negative	0.663551	0.336449
7Z73-A-F	Negative	0.752104	0.247896
7AQW-i-g	Positive	0.185307	0.814693
7TZK-C-A	Negative	0.951285	0.048715
7E9H-C-B	Negative	0.787813	0.212187
7VD7-B-A	Negative	0.895967	0.104033
7O5S-P-A	Positive	0.25345	0.74655
7W0S-A-B	Negative	0.726572	0.273428
7MBX-P-R	Negative	0.741275	0.258725
7O4K-F-A	Positive	0.40849	0.59151
7NAD-V-w	Positive	0.418399	0.581601
7QUV-C-B	Negative	0.581188	0.418812
7VRJ-A-L	Negative	0.645738	0.354262
7VRJ-7-L	Negative	0.645738	0.354262
7VRJ-9-L	Negative	0.585527	0.414473
7VRJ-P-M	Negative	0.932304	0.067696
7VRJ-E-H	Negative	0.881183	0.118817
7VRJ-G-D	Negative	0.852518	0.147482
7VRJ-J-F	Negative	0.94956	0.0504396
7VRJ-T-S	Negative	0.852518	0.147482
7VRJ-Z-W	Negative	0.832682	0.167318
7VRJ-4-3	Negative	0.932304	0.067696
7V8Q-H-C	Negative	0.836331	0.163669
7BZU-D-A	Positive	0.492247	0.507753
7T56-C-A	Positive	0.418135	0.581865
7TL7-a-A	Positive	0.154841	0.845159
7CLV-C-A	Positive	0.123754	0.876246
7MSO-E-A	Negative	0.782265	0.217735
7PLL-B-A	Positive	0.337665	0.662335
7ABH-L-F	Positive	0.359558	0.640442
7ABH-7-T	Negative	0.952736	0.0472635
7DRN-E-A	Negative	0.796984	0.203016
7Q5X-B-A	Negative	0.806215	0.193785
7X9E-E-A	Negative	0.706939	0.293061
7NM9-P-A	Negative	0.645754	0.354246
7MFR-P-A	Positive	0.174855	0.825145
7O31-P-L	Negative	0.801211	0.198789
7JK7-A-B	Negative	0.602789	0.397211
7ZYV-G-A	Positive	0.315164	0.684836
7ZYV-Q-A	Negative	0.654993	0.345007
7ZYV-O-I	Positive	0.311427	0.688573
7ZYV-P-I	Positive	0.36929	0.63071
7X7N-H-B	Negative	0.587527	0.412473
7EU1-L-B	Positive	0.239221	0.760779
7Y99-B-A	Positive	0.218473	0.781527
7S3D-J-A	Positive	0.368579	0.631421
7D2Q-D-A	Positive	0.33473	0.66527
7KLZ-C-A	Negative	0.534459	0.465541
7E6P-A-L	Positive	0.0389943	0.961006
7ZL7-D-A	Positive	0.351905	0.648095
7E5E-E-A	Positive	0.0976456	0.902354
7MB8-E-A	Negative	0.918637	0.0813629
7UIQ-D-A	Negative	0.85035	0.14965
7P33-J-A	Negative	0.674433	0.325567
7P33-H-B	Negative	0.78588	0.21412
7P33-F-B	Positive	0.383475	0.616525
7P33-I-D	Positive	0.176727	0.823273
7Q50-B-A	Negative	0.794036	0.205964
7VVO-P-R	Negative	0.585731	0.414269
7LWB-D-A	Negative	0.811412	0.188588
7XFG-B-A	Negative	0.6589	0.3411
7W5R-H-E	Negative	0.69816	0.30184
7RJE-I-K	Positive	0.367541	0.632459
7CIS-C-A	Positive	0.202834	0.797166
7RUG-L-A	Positive	0.415242	0.584758
7LUL-B-A	Negative	0.795234	0.204766
7RTI-D-C	Negative	0.640334	0.359666
7C52-8-L	Negative	0.814797	0.185203
7C52-E-H	Negative	0.860603	0.139397
7C52-R-O	Negative	0.814797	0.185203
7ZIT-C-A	Negative	0.914246	0.0857542
7AD9-A-B	Positive	0.341061	0.658939
7A4Y-D-B	Negative	0.70364	0.29636
7A4Y-E-B	Negative	0.703603	0.296397
7EMA-C-A	Negative	0.931183	0.0688166
7EGT-D-A	Negative	0.519164	0.480836
7UDM-C-A	Negative	0.941843	0.0581565
7PKQ-u-B	Positive	0.385664	0.614336
7KQ1-B-A	Negative	0.888547	0.111453
7KQ1-F-E	Negative	0.988909	0.0110911
7RG6-C-A	Negative	0.524458	0.475542
7RG6-D-A	Positive	0.168094	0.831906
7JSX-x-A	Negative	0.597754	0.402246
7F7G-C-A	Positive	0.240053	0.759947
7AA9-B-A	Negative	0.841385	0.158615
7AA9-F-A	Positive	0.251245	0.748755
7TT6-C-D	Negative	0.575075	0.424925
7W5M-B-A	Positive	0.18667	0.81333
7JQC-F-D	Positive	0.32758	0.67242
7F16-P-R	Negative	0.664079	0.335921
7OIE-4-r	Positive	0.0523576	0.947642
7ZRR-B-A	Negative	0.504582	0.495418
7UFG-C-A	Positive	0.416409	0.583591
7UFG-D-B	Negative	0.55094	0.44906
7RGP-P-R	Negative	0.842393	0.157607
7YXR-R-A	Negative	0.80666	0.19334
7YXR-S-A	Negative	0.80666	0.19334
7OUP-F-A	Negative	0.682297	0.317703
7ANK-C-A	Negative	0.654721	0.345279
7ATN-D-A	Positive	0.445959	0.554041
7BR7-B-K	Negative	0.788749	0.211251
7BR7-O-K	Negative	0.575015	0.424985
7XK8-P-R	Negative	0.55305	0.44695
7EDO-C-A	Positive	0.417528	0.582472
7VV0-L-R	Positive	0.273462	0.726538
7Y60-K-L	Positive	0.403136	0.596864
7YC2-F-A	Negative	0.741699	0.258301
7R0J-A-C	Positive	0.391567	0.608433
7XHN-o-I	Positive	0.448026	0.551974
7CPO-C-A	Positive	0.22962	0.77038
7MVZ-C-A	Negative	0.683992	0.316008
7F8X-C-A	Negative	0.675909	0.324091
7K48-E-A	Positive	0.0582231	0.941777
7QOH-j-A	Positive	0.197554	0.802446
7QOH-l-B	Negative	0.606015	0.393985
7QOH-m-C	Positive	0.282998	0.717002
7AUE-C-R	Positive	0.0858525	0.914147
7E32-G-B	Positive	0.464278	0.535722
7Q4P-1-A	Positive	0.0295838	0.970416
7M76-K-A	Positive	0.126787	0.873213
7LBM-w-A	Positive	0.186153	0.813847
7BRI-L-A	Negative	0.518977	0.481023
7P0T-C-A	Negative	0.943688	0.0563123
7SHL-R-A	Negative	0.527403	0.472597
7VCQ-K-A	Negative	0.549341	0.450659
7XXJ-D-A	Negative	0.761136	0.238864
7U0A-A-H	Negative	0.777934	0.222066
7TZ6-I-A	Negative	0.897553	0.102447
7YX8-F-A	Negative	0.9834	0.0165999
7YX8-H-A	Negative	0.994496	0.00550351
7QRM-G-A	Positive	0.150413	0.849587
7SQA-C-B	Negative	0.844517	0.155483
7RM0-P-A	Negative	0.895614	0.104386
7RM0-Q-C	Negative	0.94477	0.0552299
7RM0-R-E	Negative	0.856405	0.143595
7XHB-B-A	Positive	0.445887	0.554113
7RJK-C-A	Positive	0.318801	0.681199
7TS0-U-P	Negative	0.55308	0.44692
7CTT-D-A	Positive	0.207306	0.792694
7C1M-B-A	Negative	0.685833	0.314167
7ZVC-C-A	Negative	0.692329	0.307671
7LX0-T-G	Positive	0.209335	0.790665
7QY5-F-B	Negative	0.955461	0.0445391
7QY5-G-D	Negative	0.894709	0.105291
7E11-B-A	Positive	0.081444	0.918556
7JWQ-V-A	Negative	0.924001	0.0759989
7CDD-C-A	Negative	0.929154	0.0708456
7FIN-P-R	Positive	0.15872	0.84128
7X6V-B-A	Positive	0.46758	0.53242
7K2M-P-A	Negative	0.843939	0.156061
7O5H-U-K	Positive	0.255193	0.744807
7D9V-C-A	Negative	0.873565	0.126435
7D9V-D-B	Negative	0.952372	0.0476279
7XHA-B-A	Positive	0.273262	0.726738
7A0R-2-C	Positive	0.152924	0.847076
7FB9-N-B	Negative	0.820655	0.179346
7EMC-C-A	Negative	0.769844	0.230156
7JYA-D-A	Positive	0.441588	0.558412
7JYA-F-A	Positive	0.246807	0.753193
7JYA-E-B	Positive	0.114447	0.885553
7F6H-L-A	Negative	0.830744	0.169256
7F6H-D-C	Positive	0.173735	0.826265
7UJS-B-A	Negative	0.650852	0.349148
7JGB-b-a	Positive	0.119397	0.880603
7JGB-d-a	Positive	0.421463	0.578537
7VSI-B-A	Negative	0.828784	0.171216
7YXW-D-A	Negative	0.821406	0.178594
7K28-P-B	Negative	0.921144	0.0788559
7CIR-C-A	Negative	0.754733	0.245267
7NKP-G-L	Negative	0.944029	0.0559715
7NKP-H-L	Negative	0.677339	0.322661
7P02-P-R	Negative	0.571048	0.428952
7EGR-K-A	Positive	0.365526	0.634474
7EGR-N-F	Positive	0.365526	0.634474
7LG2-C-A	Negative	0.679329	0.320671
7UZO-B-A	Positive	0.214716	0.785284
7V7K-C-A	Negative	0.808635	0.191365
7M60-C-A	Negative	0.600199	0.399801
7M60-B-A	Positive	0.254847	0.745153
7NKK-C-G	Negative	0.758473	0.241527
7DEG-C-A	Positive	0.236136	0.763864
7KGQ-C-A	Negative	0.604388	0.395612
7CO7-C-D	Negative	0.846642	0.153358
7PWF-e-J	Positive	0.379231	0.620769
7PWF-d-D	Positive	0.359519	0.640481
7Q1E-P-A	Negative	0.916706	0.0832936
7C41-D-A	Negative	0.823984	0.176016
7EWJ-C-A	Negative	0.579972	0.420028
7EWJ-F-D	Positive	0.422791	0.577209
7STX-C-A	Negative	0.915014	0.0849855
7DF9-V-A	Negative	0.662773	0.337227
7T0L-C-A	Negative	0.607117	0.392883
7KGR-C-A	Negative	0.986201	0.0137986
7RLX-P-B	Negative	0.755852	0.244148
7BY2-A-B	Negative	0.588075	0.411925
7EBZ-D-A	Positive	0.38049	0.61951
7ML1-U-O	Negative	0.533256	0.466744
7ML1-V-O	Negative	0.536482	0.463518
7YF3-C-A	Negative	0.560257	0.439743
7YF3-D-B	Positive	0.111426	0.888574
7K76-P-A	Positive	0.181899	0.818101
7RMA-C-A	Negative	0.933817	0.0661826
7XGJ-D-A	Negative	0.91129	0.0887097
7XMT-C-S	Positive	0.318626	0.681374
7Q1F-P-A	Positive	0.375645	0.624355
7Q1F-V-R	Negative	0.660437	0.339563
7WFY-A-C	Negative	0.947672	0.0523283
7Y65-L-D	Negative	0.553812	0.446188
7RJP-B-A	Positive	0.300524	0.699476
7Z42-Y-A	Negative	0.931043	0.0689569
7Z42-G-A	Positive	0.115451	0.884549
7Z42-I-D	Positive	0.216721	0.783279
7E9S-B-A	Negative	0.528789	0.471211
7SWL-G-A	Negative	0.689642	0.310358
7X5Q-H-B	Negative	0.933983	0.0660169
7MD5-M-A	Negative	0.935151	0.0648487
7QV8-D-A	Positive	0.0654575	0.934543
7PIU-P-R	Positive	0.38817	0.61183
7BDU-C-A	Negative	0.725078	0.274922
7BDU-D-A	Negative	0.742435	0.257565
7BDU-E-A	Negative	0.842278	0.157722
7B1H-C-B	Positive	0.438334	0.561666
7B1H-D-B	Positive	0.420598	0.579402
7B1H-H-E	Positive	0.0285779	0.971422
7W91-D-B	Negative	0.937902	0.0620979
7T2U-E-A	Negative	0.988647	0.0113527
7T2U-F-C	Negative	0.991111	0.00888863
7SKL-B-A	Positive	0.159863	0.840137
7SKL-E-A	Positive	0.0164437	0.983556
7RLV-P-B	Positive	0.369633	0.630367
7RLV-Q-F	Positive	0.317235	0.682765
7ZKY-A-B	Negative	0.5763	0.4237
7NNE-P-A	Negative	0.8785	0.1215
7M5L-E-A	Positive	0.396997	0.603003
7M5L-F-C	Positive	0.396997	0.603003
7QS9-C-A	Negative	0.959215	0.0407851
7YOU-C-A	Negative	0.615827	0.384173
7YOU-B-A	Negative	0.616298	0.383702
7UDJ-G-H	Positive	0.398234	0.601766
7EDA-I-A	Positive	0.393859	0.606141
7EDA-L-A	Negative	0.926131	0.0738685
7EDA-T-A	Negative	0.51134	0.48866
7EDA-M-B	Positive	0.245963	0.754037
7CNC-B-A	Negative	0.764852	0.235148
7DFA-V-A	Negative	0.890976	0.109024
7SXG-B-A	Negative	0.673505	0.326495
7K2A-P-A	Negative	0.782445	0.217555
7N0X-G-H	Negative	0.931353	0.0686474
7QRU-e-B	Positive	0.169777	0.830223
7OQW-P-A	Positive	0.459392	0.540608
7PRV-F-A	Negative	0.918636	0.0813636
7M52-A-H	Negative	0.630668	0.369332
7OBD-B-A	Positive	0.117853	0.882147
7AEF-u-M	Negative	0.585258	0.414742
7BM9-B-A	Negative	0.974	0.0259998
7RFZ-B-A	Negative	0.570945	0.429055
7NHN-6-0	Negative	0.667232	0.332768
7NHN-7-I	Negative	0.518697	0.481303
7NHN-9-K	Positive	0.0734144	0.926586
7KL0-C-A	Negative	0.95389	0.0461103
7FIY-P-R	Negative	0.81799	0.18201
7OXK-B-A	Negative	0.804551	0.195449
7OXK-C-A	Positive	0.0764084	0.923592
7WZN-J-A	Negative	0.78192	0.21808
7D0J-J-A	Negative	0.799892	0.200108
7XUV-B-A	Negative	0.990866	0.00913417
7QCO-J-A	Negative	0.799961	0.200039
7QCO-M-B	Positive	0.349534	0.650466
7QCO-Q-E	Negative	0.799961	0.200039
7CDC-C-A	Positive	0.403766	0.596234
7YOM-B-A	Negative	0.549461	0.450539
7VNM-1-L	Positive	0.054283	0.945717
7VNM-B-H	Negative	0.949948	0.0500522
7VNM-V-S	Negative	0.88139	0.11861
7VNM-C-U	Negative	0.813205	0.186795
7VNM-2-W	Negative	0.679004	0.320996
7EU4-O-A	Negative	0.921843	0.0781566
7EU4-P-A	Negative	0.780768	0.219232
7ZCU-B-A	Negative	0.943737	0.056263
7ZCU-R-A	Negative	0.943737	0.056263
7ACV-C-A	Negative	0.667832	0.332168
7C8E-C-A	Negative	0.936652	0.0633483
7C8E-D-B	Positive	0.413733	0.586267
7OXG-C-A	Negative	0.632396	0.367604
7OXG-D-B	Positive	0.400761	0.599239
7P71-C-A	Negative	0.616605	0.383395
7P71-D-B	Negative	0.879447	0.120553
7MB6-C-A	Negative	0.893564	0.106436
7BW2-J-A	Negative	0.637496	0.362504
7BW2-K-A	Positive	0.126787	0.873213
7BW2-I-B	Negative	0.776877	0.223123
7BW2-M-B	Positive	0.38979	0.61021
7BW2-X-B	Negative	0.824029	0.175971
7RLY-Q-B	Positive	0.353627	0.646373
7RLY-P-D	Negative	0.752828	0.247172
7RLY-R-F	Negative	0.81939	0.18061
7F53-L-R	Negative	0.583572	0.416428
7SMD-B-A	Positive	0.298748	0.701252
7TT4-P-A	Positive	0.466859	0.533141
7TO7-C-A	Negative	0.890366	0.109634
7PC3-C-A	Positive	0.290175	0.709825
7QGU-2-E	Negative	0.739912	0.260088
7QGU-3-F	Positive	0.104565	0.895435
7DK7-e-f	Positive	0.222057	0.777943
7NHL-6-0	Positive	0.243785	0.756215
7NHL-9-P	Positive	0.130879	0.869121
7XSJ-C-A	Negative	0.774907	0.225093
7JZZ-J-A	Negative	0.787125	0.212875
7R8X-C-A	Negative	0.685537	0.314463
7SID-B-A	Negative	0.894526	0.105474
7K5I-1-D	Positive	0.156996	0.843004
7K5I-e-J	Negative	0.602429	0.397571
7X5C-B-A	Negative	0.819727	0.180273
7VXX-A-B	Positive	0.230302	0.769698
7AK8-G-A	Negative	0.721966	0.278034
7AK8-H-A	Negative	0.855855	0.144145
7AK8-K-A	Negative	0.855767	0.144233
7AK8-J-C	Negative	0.826117	0.173883
7F6M-B-A	Negative	0.845623	0.154377
7K2B-P-B	Negative	0.942897	0.0571033
7NAM-B-A	Positive	0.24492	0.75508
7Y26-C-E	Positive	0.119469	0.880531
7KEI-C-A	Negative	0.783582	0.216418
7OW3-C-A	Positive	0.15137	0.84863
7OW3-F-D	Positive	0.0216179	0.978382
7OW3-I-G	Positive	0.00917554	0.990824
7CDE-C-A	Positive	0.46148	0.53852
7MNV-B-A	Positive	0.0789315	0.921068
7O1F-J-A	Negative	0.918305	0.0816946
7O1F-O-F	Negative	0.704772	0.295228
7QTU-D-B	Negative	0.803519	0.196481
7BXV-A-L	Negative	0.92406	0.07594
7SA2-C-A	Positive	0.423857	0.576143
7AKO-C-A	Negative	0.879321	0.120679
7AKO-D-B	Negative	0.501131	0.498869
7MKK-C-B	Negative	0.579923	0.420077
7MKK-D-B	Negative	0.849167	0.150834
7MKK-F-B	Negative	0.811823	0.188177
7ZQC-J-A	Negative	0.802906	0.197094
7USO-F-A	Negative	0.814564	0.185436
7YK5-b-A	Negative	0.59501	0.40499
7YK5-i-J	Positive	0.408953	0.591047
7M53-A-H	Negative	0.656514	0.343486
7OUN-B-A	Positive	0.0859849	0.914015
7YQ2-I-A	Positive	0.321664	0.678336
7YQ2-j-a	Positive	0.39301	0.60699
7YQ2-y-c	Positive	0.113317	0.886683
7F6G-L-A	Positive	0.151875	0.848125
7SME-B-A	Positive	0.191372	0.808628
7RPU-P-A	Negative	0.940465	0.0595348
7EVR-B-A	Positive	0.327812	0.672188
7U0H-m-b	Negative	0.857615	0.142385
7MEY-F-A	Positive	0.157372	0.842628
7MNP-B-A	Positive	0.117182	0.882818
7OVC-B-A	Negative	0.894953	0.105047
7XL7-B-A	Positive	0.281755	0.718245
7CFC-F-A	Negative	0.978696	0.0213041
7CFC-I-D	Negative	0.95467	0.0453298
7EGU-B-A	Positive	0.388318	0.611682
7FAX-B-A	Negative	0.934652	0.065348
7UY7-D-A	Positive	0.357613	0.642387
7QP6-F-D	Negative	0.50673	0.49327
7MLE-C-A	Positive	0.0655492	0.934451
7PIK-E-D	Negative	0.565349	0.434651
7DSB-D-B	Positive	0.442161	0.557839
7Y3J-A-L	Positive	0.358334	0.641666
7Y8R-R-B	Negative	0.910648	0.0893519
7Y8R-U-I	Negative	0.585771	0.414229
7Y46-E-C	Negative	0.886047	0.113953
7F60-F-B	Negative	0.524887	0.475113
7ETT-B-A	Positive	0.379638	0.620362
7DEE-B-A	Positive	0.396764	0.603236
7LJ0-A-B	Positive	0.382331	0.617669
7U6E-G-E	Negative	0.676689	0.323311
7MGV-V-A	Positive	0.427116	0.572884
7MGV-T-A	Negative	0.585411	0.414589
7QYR-K-A	Negative	0.941258	0.0587415
7QYR-T-B	Negative	0.867409	0.132591
7QYR-N-D	Negative	0.904768	0.095232
7YVB-P-A	Positive	0.355001	0.644999
7RLE-B-A	Negative	0.892951	0.107049
7RLE-D-C	Negative	0.83935	0.16065
7F4L-E-D	Negative	0.632175	0.367825
7BBL-F-A	Negative	0.947776	0.0522235
7BBL-E-C	Positive	0.389409	0.610591
7R5R-L-A	Positive	0.473241	0.526759
7UYK-D-A	Negative	0.525259	0.474741
7L04-C-E	Negative	0.797885	0.202115
7D0Q-B-A	Positive	0.316991	0.683009
7ROV-E-A	Negative	0.583817	0.416183
7JN8-B-A	Negative	0.881398	0.118602
7USY-D-A	Positive	0.238146	0.761854
7KCL-C-A	Positive	0.375979	0.624021
7QH7-I-N	Negative	0.536988	0.463012
7QH7-V-U	Negative	0.594156	0.405844
7QH7-f-W	Positive	0.251063	0.748937
7QH7-1-3	Positive	0.188171	0.811829
7X5V-E-A	Positive	0.275897	0.724103
7SA3-E-A	Positive	0.129988	0.870012
7SA3-F-A	Negative	0.659658	0.340342
7SA3-I-A	Positive	0.305586	0.694414
7SA3-K-C	Positive	0.373161	0.626839
7OH3-z-B	Negative	0.650892	0.349107
7A00-C-A	Negative	0.836375	0.163625
7YMI-I-A	Positive	0.182835	0.817165
7YMI-L-A	Negative	0.829617	0.170383
7YMI-T-A	Positive	0.126297	0.873703
7YMI-M-B	Positive	0.395845	0.604155
7YMI-K-C	Positive	0.355611	0.644389
7YMI-F-D	Negative	0.836479	0.163521
7YMI-X-D	Positive	0.396339	0.603661
7YMI-Y-Z	Positive	0.444297	0.555703
7S5J-B-A	Positive	0.215168	0.784832
7AST-A-N	Positive	0.0730016	0.926998
7AST-C-B	Positive	0.463846	0.536154
7CQI-E-T	Positive	0.35037	0.64963
7CQI-C-A	Negative	0.598426	0.401574
7XHF-C-A	Positive	0.190323	0.809677
7XHF-D-B	Positive	0.336213	0.663787
7FAD-B-A	Negative	0.860382	0.139618
7K2G-P-B	Negative	0.825738	0.174262
7DHG-B-C	Negative	0.811579	0.188421
7YOL-B-A	Negative	0.85223	0.14777
7S82-C-A	Negative	0.764074	0.235926
7LMM-G-B	Negative	0.949321	0.0506793
7VFL-D-A	Negative	0.835341	0.164659
7VFL-G-C	Negative	0.807312	0.192688
7BQU-B-A	Positive	0.488515	0.511485
7OHI-B-A	Negative	0.678174	0.321826
7SG1-C-A	Positive	0.452348	0.547652
7USP-F-A	Positive	0.448554	0.551446
7VAZ-G-C	Negative	0.762076	0.237924
7VAZ-E-A	Negative	0.762076	0.237924
7A1I-B-A	Negative	0.796803	0.203197
7EG6-M-G	Positive	0.329758	0.670242
7NMD-F-D	Positive	0.493416	0.506584
7Z52-A-B	Negative	0.511309	0.488691
7SLW-G-A	Negative	0.70778	0.29222
7M78-K-A	Positive	0.126787	0.873213
7STJ-D-A	Negative	0.546603	0.453397
7RAF-D-A	Negative	0.818076	0.181924
7Q4I-F-A	Positive	0.452505	0.547495
7Q4I-G-B	Positive	0.452505	0.547495
7F69-C-A	Positive	0.145263	0.854737
7S1M-P-R	Positive	0.263428	0.736572
7K2K-P-B	Negative	0.841438	0.158562
7YKF-B-A	Negative	0.767607	0.232393
7YKF-D-A	Positive	0.247169	0.752831
7MJ7-C-A	Negative	0.964943	0.0350575
7PKS-M-b	Positive	0.112491	0.887509
7RN8-F-A	Negative	0.974166	0.0258342
7L1B-C-A	Positive	0.331927	0.668073
7EV4-S-A	Negative	0.93133	0.0686703
7OYE-B-A	Negative	0.549607	0.450393
7MSH-6-F	Positive	0.2067	0.7933
7MSH-H-X	Negative	0.630066	0.369934
7TF6-J-A	Positive	0.341041	0.658959
7ARM-V-C	Negative	0.835356	0.164644
7W29-P-A	Positive	0.197907	0.802093
7MQR-H-E	Negative	0.610454	0.389546
7OXE-B-A	Negative	0.725713	0.274287
7ZWA-C-A	Positive	0.184922	0.815078
7F5M-C-A	Negative	0.972615	0.0273849
7UMI-A-E	Positive	0.456253	0.543747
7STK-D-A	Negative	0.712158	0.287842
7JU4-U-3	Negative	0.57949	0.42051
7JU4-M-E	Positive	0.485305	0.514695
7NHT-c-A	Negative	0.847903	0.152097
7NHT-d-A	Negative	0.769533	0.230468
7PFY-D-B	Negative	0.646183	0.353817
7BAG-C-A	Positive	0.181498	0.818502
7CQH-A-B	Positive	0.462074	0.537926
7R86-C-A	Positive	0.117318	0.882682
7R86-D-A	Positive	0.190849	0.809151
7JN9-B-A	Negative	0.938263	0.0617371
7SIS-C-A	Negative	0.708022	0.291978
7YIU-E-B	Positive	0.132254	0.867746
7YXB-G-A	Negative	0.733778	0.266221
7YXB-H-C	Positive	0.203485	0.796515
7OR5-B-A	Negative	0.791569	0.208431
7RCV-T-A	Positive	0.225967	0.774033
7UJD-Z-A	Positive	0.492489	0.507511
7RTA-N-H	Positive	0.49227	0.50773
7TAU-1-A	Positive	0.186684	0.813316
7TAU-2-A	Positive	0.206712	0.793288
7TAU-3-D	Positive	0.363933	0.636067
7TAU-4-D	Positive	0.159083	0.840917
7TAU-5-G	Positive	0.15611	0.84389
7TAU-O-N	Positive	0.35224	0.64776
7EQD-A-L	Positive	0.0947341	0.905266
7EQD-K-L	Positive	0.0947341	0.905266
7O5B-h-g	Positive	0.241555	0.758445
7SFX-F-C	Negative	0.834456	0.165544
7VWO-D-A	Negative	0.912167	0.0878333
7VWO-J-B	Negative	0.685133	0.314867
7OW4-C-A	Positive	0.066543	0.933457
7XXA-D-A	Negative	0.906277	0.0937232
7S47-B-A	Negative	0.96918	0.0308199
7AJQ-F-A	Positive	0.195904	0.804096
7AJQ-G-A	Negative	0.658722	0.341278
7XV4-B-A	Negative	0.925387	0.0746131
7PPN-B-A	Positive	0.498284	0.501716
7URF-B-A	Positive	0.143004	0.856996
7RN7-F-A	Negative	0.847673	0.152327
7B1F-C-B	Positive	0.307433	0.692567
7C4J-G-B	Negative	0.746848	0.253152
7B93-s-E	Negative	0.516839	0.483161
7B93-c-O	Negative	0.518436	0.481564
7WZZ-C-A	Negative	0.811574	0.188426
7OS1-F-B	Negative	0.532053	0.467947
7LFJ-C-A	Negative	0.659481	0.340519
7S5G-C-B	Negative	0.961112	0.0388876
7SL5-C-A	Negative	0.733616	0.266384
7KGO-C-A	Negative	0.715676	0.284324
7YCJ-B-A	Negative	0.74628	0.25372
7KD6-B-E	Positive	0.279476	0.720524
7KD6-F-E	Positive	0.209693	0.790307
7KD6-H-K	Positive	0.305048	0.694952
7KD6-T-W	Positive	0.256268	0.743732
7KD6-X-W	Negative	0.576806	0.423194
7U1R-C-A	Negative	0.989194	0.010806
7OYQ-C-A	Negative	0.956057	0.0439427
7R8W-B-A	Negative	0.998022	0.00197823
7UNF-r-k	Positive	0.352178	0.647822
7STF-C-H	Positive	0.052092	0.947908
7A5P-u-M	Negative	0.963699	0.0363011
7T7T-W-A	Negative	0.609462	0.390538
7T7T-X-B	Positive	0.488956	0.511044
7KQ0-B-A	Negative	0.987047	0.0129529
7KQ0-F-A	Negative	0.751554	0.248446
7KQ0-D-C	Negative	0.741984	0.258016
7TB1-C-A	Positive	0.476976	0.523024
7ZGP-F-A	Positive	0.124374	0.875626
7K7H-G-A	Negative	0.848491	0.151509
7UOA-B-A	Positive	0.287497	0.712503
7OE1-U-K	Negative	0.683109	0.316891
7OWR-E-B	Positive	0.120628	0.879372
7M2Y-U-D	Positive	0.223214	0.776786
7NPG-P-A	Negative	0.949498	0.0505022
7UWI-F-A	Positive	0.229594	0.770406
7DVQ-y-3	Negative	0.543306	0.456694
7DNE-C-A	Positive	0.316302	0.683698
7TBT-B-A	Negative	0.916816	0.0831838
7RNV-B-A	Negative	0.933787	0.0662135
7OXY-B-A	Negative	0.849382	0.150618
7S2T-F-A	Positive	0.431228	0.568772
7S2T-H-C	Negative	0.555923	0.444077
7D6F-B-A	Negative	0.542336	0.457664
7UXK-B-A	Positive	0.4492	0.5508
7UJQ-C-A	Positive	0.425206	0.574794
7OHX-i-D	Negative	0.684953	0.315047
7L1U-L-R	Negative	0.968016	0.0319841
7PO4-v-I	Negative	0.897788	0.102212
7CG4-f-b	Negative	0.782805	0.217195
7AZ8-H-A	Negative	0.922043	0.0779566
7RSW-C-B	Negative	0.665642	0.334358
7BZO-D-A	Negative	0.791368	0.208632
7P9U-A-B	Negative	0.720003	0.279997
7ETU-B-A	Negative	0.785421	0.214579
7PC7-E-A	Negative	0.892366	0.107634
7PC7-F-B	Positive	0.453947	0.546053
7ZL4-D-B	Positive	0.296661	0.703339
7VCF-N-A	Negative	0.790876	0.209124
7YG3-B-A	Negative	0.943169	0.0568309
7D8H-B-A	Negative	0.921401	0.0785994
7QDW-B-A	Positive	0.443127	0.556873
7ULO-C-A	Positive	0.211156	0.788844
7TF9-J-A	Negative	0.697762	0.302238
7WXX-B-A	Negative	0.898206	0.101794
7SEO-F-A	Negative	0.847673	0.152327
7YON-L-R	Positive	0.280723	0.719277
7ABG-F-L	Positive	0.112077	0.887923
7ZY4-C-A	Negative	0.923213	0.076787
7ZY4-D-B	Negative	0.835826	0.164174
7Z4S-C-A	Positive	0.317974	0.682026
7ARX-C-B	Positive	0.401669	0.598331
7SUO-C-A	Positive	0.312171	0.687829
7SUO-D-B	Positive	0.136845	0.863155
7DNO-C-A	Negative	0.513185	0.486815
7ZGR-C-A	Negative	0.640376	0.359624
7AD0-H-A	Negative	0.839892	0.160108
7EP7-B-A	Negative	0.959009	0.0409911
7QBI-I-A	Negative	0.89859	0.10141
7CJQ-C-A	Negative	0.923676	0.0763239
7K2H-P-B	Negative	0.77939	0.220611
7VMW-C-A	Positive	0.453788	0.546212
7KME-L-H	Negative	0.592871	0.407129
7P0U-U-A	Negative	0.611902	0.388098
7P0U-E-A	Negative	0.775222	0.224778
7P0U-G-F	Negative	0.571778	0.428222
7ZZQ-U-A	Negative	0.934308	0.0656924
7ZZQ-V-A	Negative	0.874459	0.125541
7ZZQ-W-B	Negative	0.665821	0.334179
7ZZQ-X-B	Negative	0.97288	0.0271201
7ZZQ-Y-C	Negative	0.919012	0.080988
7ZZQ-Q-E	Negative	0.78824	0.21176
7ZZQ-R-E	Negative	0.691663	0.308337
7ZZQ-T-F	Negative	0.918872	0.0811277
7ZZQ-S-G	Negative	0.64656	0.35344
7ZZQ-b-N	Positive	0.340465	0.659535
7ZZQ-a-O	Negative	0.961168	0.0388322
7DFB-V-A	Negative	0.51354	0.48646
7VRC-B-A	Negative	0.699407	0.300594
7ZUC-C-A	Negative	0.786104	0.213896
7Z8E-B-A	Negative	0.834379	0.165621
7KNG-C-A	Negative	0.519924	0.480076
7C9R-6-L	Negative	0.952677	0.0473235
7C9R-P-M	Negative	0.982352	0.0176483
7C9R-B-H	Negative	0.952859	0.047141
7C9R-2-H	Negative	0.914098	0.0859022
7C9R-4-H	Negative	0.985543	0.0144567
7C9R-0-H	Negative	0.914098	0.0859022
7C9R-G-D	Negative	0.914098	0.0859022
7C9R-N-I	Negative	0.939076	0.0609244
7C9R-R-O	Negative	0.989791	0.010209
7E8E-K-C	Positive	0.298141	0.701859
7E8E-L-D	Positive	0.24752	0.75248
7UYJ-C-A	Negative	0.939128	0.0608717
7RZZ-C-A	Negative	0.719684	0.280316
7QPH-E-A	Positive	0.316299	0.683701
7WCY-C-A	Negative	0.872803	0.127197
7N19-C-A	Negative	0.623703	0.376297
7N19-F-D	Negative	0.623703	0.376297
7N19-L-J	Negative	0.623703	0.376297
7QRD-M-A	Negative	0.559407	0.440593
7QRD-L-C	Negative	0.559407	0.440593
7LEW-B-A	Positive	0.196005	0.803995
7Y8A-I-8	Positive	0.381274	0.618726
7YNJ-B-A	Negative	0.838166	0.161834
7NMI-A-B	Negative	0.830363	0.169637
7Q44-B-A	Negative	0.788866	0.211134
7Q44-D-C	Negative	0.652396	0.347604
7Z36-C-A	Negative	0.732111	0.267889
7Z36-D-A	Negative	0.616068	0.383932
7Z36-S-A	Negative	0.706748	0.293252
7DU5-C-A	Positive	0.238322	0.761678
7CNA-B-A	Positive	0.456974	0.543026
7CNA-C-A	Negative	0.622152	0.377848
7CNA-E-D	Positive	0.248122	0.751878
7CNA-F-D	Positive	0.41496	0.58504
7TBH-a-A	Positive	0.392959	0.607041
7QTP-B-A	Positive	0.442419	0.557581
7CYL-B-A	Negative	0.855856	0.144144
7YOH-P-A	Positive	0.433906	0.566094
7P72-B-A	Negative	0.708524	0.291476
7OOD-2-e	Positive	0.0441681	0.955832
7UHE-B-A	Negative	0.849476	0.150524
7UHE-D-A	Negative	0.824529	0.175471
7TB2-B-A	Negative	0.831188	0.168812
7RK3-B-A	Positive	0.488568	0.511432
7P0A-C-A	Negative	0.830754	0.169246
7YNI-B-A	Negative	0.509141	0.490859
7JGC-b-a	Positive	0.248256	0.751744
7WVX-L-R	Positive	0.118486	0.881514
7K3K-B-A	Positive	0.216714	0.783286
7S1B-C-A	Positive	0.481575	0.518425
7UM3-B-I	Negative	0.569056	0.430944
7UM3-A-H	Negative	0.746902	0.253099
7JYW-C-A	Negative	0.603437	0.396563
7DFC-V-A	Positive	0.310547	0.689453
7UGW-E-A	Negative	0.619552	0.380448
7M5M-D-A	Negative	0.877045	0.122955
7OKP-E-A	Negative	0.878436	0.121564
7NVR-s-c	Negative	0.806362	0.193638
7UJV-A-B	Negative	0.890225	0.109775
7R4G-Y-M	Negative	0.56726	0.43274
7MJ9-C-A	Negative	0.927225	0.0727753
7EJN-C-A	Negative	0.613801	0.386199
7R6K-g-I	Negative	0.847898	0.152102
7R6K-r-l	Negative	0.877689	0.122311
7EXE-C-A	Negative	0.798661	0.201339
7T70-C-A	Negative	0.594295	0.405705
7VY3-A-L	Negative	0.544005	0.455995
7VY3-B-L	Negative	0.882393	0.117607
7VY3-1-M	Negative	0.899148	0.100852
7VY3-Z-V	Negative	0.807118	0.192882
7VCN-C-A	Negative	0.953767	0.046233
7BP5-C-A	Negative	0.674106	0.325894
7NDY-G-A	Positive	0.347909	0.652091
7KQK-C-A	Negative	0.915999	0.0840013
7JFO-x-A	Positive	0.177002	0.822998
7N89-C-A	Negative	0.616214	0.383786
7DTY-P-R	Positive	0.308237	0.691763
7CO5-G-H	Negative	0.782085	0.217915
7CO5-K-D	Negative	0.898201	0.101799
7UXQ-C-A	Negative	0.762044	0.237956
7UXQ-D-A	Negative	0.762044	0.237956
7R5A-C-A	Positive	0.417326	0.582674
7R5A-D-B	Positive	0.446041	0.553959
7OQY-Q-A	Positive	0.174373	0.825627
7XL4-G-C	Negative	0.838407	0.161593
7Z10-h-a	Positive	0.148422	0.851578
7EYC-P-L	Negative	0.889878	0.110122
7EYC-Q-H	Negative	0.859262	0.140738
7VFM-E-A	Negative	0.838896	0.161104
7VFM-G-C	Positive	0.485568	0.514432
7VDM-L-R	Negative	0.758489	0.241511
7BED-B-A	Negative	0.92567	0.0743304
7BPY-B-A	Negative	0.574892	0.425108
7TAN-K-C	Positive	0.453999	0.546001
7ASE-D-t	Positive	0.31517	0.68483
7TMY-A-I	Negative	0.65127	0.34873
7UML-D-A	Positive	0.246314	0.753686
7UML-E-A	Positive	0.408732	0.591268
7UML-F-B	Negative	0.602895	0.397105
7UZP-B-A	Negative	0.546396	0.453604
7UZP-D-A	Negative	0.546396	0.453604
7UZP-F-A	Negative	0.648202	0.351798
7TC4-C-A	Negative	0.905862	0.0941375
7Z8M-X-V	Negative	0.858805	0.141195
7AU6-D-A	Negative	0.555027	0.444973
7NKD-D-A	Positive	0.185397	0.814603
7NKD-E-A	Positive	0.195894	0.804106
7NKD-B-d	Negative	0.696724	0.303276
7NKD-C-d	Negative	0.531416	0.468584
7D8D-D-A	Positive	0.395823	0.604177
7NXE-C-A	Negative	0.969062	0.0309376
7MDX-E-A	Negative	0.683651	0.316349
7VOY-2-Y	Negative	0.88139	0.11861
7VOY-5-4	Negative	0.949948	0.0500522
7DVW-C-A	Positive	0.490843	0.509157
7OBS-B-A	Positive	0.27073	0.72927
7EJL-C-A	Negative	0.635125	0.364875
7KNU-P-E	Negative	0.585528	0.414472
7XVZ-C-A	Negative	0.962026	0.037974
7QIK-F-A	Negative	0.873044	0.126956
7QIK-E-B	Negative	0.88123	0.11877
7D2G-B-A	Negative	0.861888	0.138112
7D2G-C-A	Negative	0.765493	0.234507
7UTS-D-E	Positive	0.433153	0.566847
7Z1K-B-A	Negative	0.671007	0.328993
7MHZ-B-A	Negative	0.820042	0.179958
7RLZ-P-B	Negative	0.967475	0.0325255
7LFK-C-A	Negative	0.882074	0.117926
7TZF-P-E	Positive	0.250774	0.749226
7OKN-B-A	Positive	0.185585	0.814415
7E20-C-A	Negative	0.910408	0.0895921
7TA7-C-A	Negative	0.722525	0.277475
7TA7-D-A	Negative	0.70002	0.29998
7R6H-C-A	Negative	0.856125	0.143875
7XQS-C-A	Negative	0.938378	0.0616224
7UKG-I-A	Positive	0.26273	0.73727
7JYU-C-A	Negative	0.768288	0.231712
7W55-C-R	Positive	0.178467	0.821533
7MJ5-A-H	Negative	0.621336	0.378664
7MJ5-Q-H	Positive	0.285073	0.714927
7MJ5-P-C	Positive	0.091325	0.908675
7NW0-3-0	Negative	0.869895	0.130105
7B9V-c-A	Positive	0.456109	0.543891
7TL8-B-A	Positive	0.0913371	0.908663
7LFC-B-A	Negative	0.770466	0.229534
7QIX-K-E	Negative	0.734724	0.265276
7QIX-X-H	Positive	0.320225	0.679775
7QIX-W-M	Positive	0.152811	0.847189
7MNU-B-A	Positive	0.0477809	0.952219
7O07-P-A	Negative	0.992844	0.00715644
7NUF-C-A	Negative	0.590268	0.409732
7YML-A-L	Negative	0.664539	0.335461
7YML-W-M	Negative	0.77959	0.22041
7YML-Y-M	Positive	0.161595	0.838405
7YML-B-H	Negative	0.95894	0.0410603
7YML-G-H	Negative	0.935893	0.0641074
7YML-Z-V	Negative	0.648833	0.351167
7RJN-C-A	Negative	0.726817	0.273183
7LF4-B-A	Negative	0.713264	0.286736
7LF4-E-A	Negative	0.890697	0.109303
7LF4-D-C	Negative	0.976877	0.0231234
7ZRP-B-A	Negative	0.589209	0.410791
7EA7-C-B	Negative	0.957136	0.0428638
7O3J-C-A	Positive	0.400018	0.599982
8KDE-L-B	Positive	0.448658	0.551342
8KDE-M-B	Positive	0.0567586	0.943241
8KDE-F-D	Negative	0.570596	0.429404
8KDE-K-D	Positive	0.0965232	0.903477
8KDE-T-D	Positive	0.0932023	0.906798
8KDE-1-D	Positive	0.38353	0.61647
8YDS-A-B	Negative	0.866633	0.133367
8WRZ-V-A	Negative	0.679333	0.320667
8VLW-F-A	Negative	0.624793	0.375207
8VLW-G-A	Negative	0.618204	0.381796
8RYN-C-A	Positive	0.442503	0.557497
8SG8-N-B	Positive	0.26487	0.73513
8GOO-G-A	Negative	0.596972	0.403028
8P6P-x-B	Negative	0.538227	0.461773
8TUV-B-A	Positive	0.455645	0.544355
8TUV-C-A	Positive	0.170124	0.829876
8VJV-D-A	Positive	0.159212	0.840788
8TTL-D-A	Positive	0.39751	0.60249
8PR3-E-B	Positive	0.13044	0.86956
8VRL-c-e	Positive	0.465178	0.534822
8GWS-C-A	Positive	0.415065	0.584935
8XI5-R-A	Positive	0.145105	0.854895
8XI5-M-B	Positive	0.451362	0.548638
8W8X-L-R	Positive	0.240682	0.759318
8E8I-C-A	Negative	0.547191	0.452809
8PFE-B-A	Positive	0.0635287	0.936471
8QDV-C-A	Negative	0.737681	0.262319
8QDV-F-E	Negative	0.896112	0.103888
8A19-B-A	Negative	0.802954	0.197045
8HR0-D-B	Negative	0.534042	0.465958
8Q24-C-A	Positive	0.38282	0.61718
8AFE-G-B	Positive	0.241664	0.758336
8AFE-H-I	Positive	0.230449	0.769551
8YM2-B-A	Negative	0.849047	0.150953
8IYK-O-J	Negative	0.801818	0.198182
8I0N-V-A	Negative	0.84595	0.15405
8TEW-A-E	Negative	0.641811	0.358189
8TEW-C-E	Negative	0.512012	0.487988
8EQM-E-A	Positive	0.226662	0.773338
8EQM-F-A	Negative	0.659658	0.340342
8EQM-I-A	Positive	0.411225	0.588775
8EQM-L-A	Negative	0.725346	0.274654
8EQM-M-A	Negative	0.616399	0.383601
8EQM-T-A	Positive	0.423932	0.576068
8EQM-X-D	Positive	0.481031	0.518969
8YYT-C-A	Positive	0.262228	0.737772
8JZW-F-C	Positive	0.0572847	0.942715
8JZW-E-C	Positive	0.138538	0.861462
8G8D-P-H	Negative	0.824305	0.175695
8HKW-C-A	Positive	0.401199	0.598801
8W5K-E-F	Positive	0.163621	0.836379
8F9W-O-A	Negative	0.875695	0.124305
8F9W-R-G	Negative	0.962153	0.0378474
8KET-H-F	Negative	0.857106	0.142894
8C2Y-P-A	Negative	0.696104	0.303896
8WKK-K-E	Negative	0.890321	0.109679
8WKK-b-P	Negative	0.95888	0.0411199
8WKK-c-Q	Negative	0.833208	0.166792
8WKK-d-Q	Negative	0.749453	0.250547
8EI5-E-A	Negative	0.900526	0.0994744
8EI5-G-C	Negative	0.906769	0.0932307
8G4I-e-J	Negative	0.52052	0.47948
8G4I-f-d	Positive	0.0970113	0.902989
8RUV-B-A	Negative	0.806215	0.193785
8RJC-2-1	Positive	0.0976618	0.902338
8RJC-9-6	Positive	0.180983	0.819017
8RJC-4-R	Positive	0.0146569	0.985343
8X2X-L-N	Negative	0.598693	0.401307
8IBP-C-A	Positive	0.122953	0.877047
8ZIA-J-I	Negative	0.7136	0.2864
8VIS-A-B	Negative	0.843424	0.156576
8VIS-C-D	Positive	0.101595	0.898405
8VIS-E-F	Negative	0.500067	0.499933
8VIS-G-H	Positive	0.385451	0.614549
8EW3-F-C	Positive	0.245029	0.754971
8P2Z-A-C	Positive	0.219593	0.780407
8CMJ-5-g	Positive	0.262668	0.737332
8CMJ-n-g	Negative	0.833999	0.166001
8C3H-D-A	Negative	0.858165	0.141835
8W2O-I-M	Negative	0.753043	0.246957
8GHM-J-A	Negative	0.716942	0.283058
8GHM-F-A	Positive	0.264	0.736
8D8I-B-A	Negative	0.509326	0.490674
8Z58-B-A	Negative	0.660936	0.339064
8OIO-E-A	Negative	0.810114	0.189886
8ALM-P-B	Negative	0.709482	0.290518
8BQ8-E-B	Negative	0.717242	0.282758
8XQX-U-D	Positive	0.0550153	0.944985
8U5G-C-A	Positive	0.0368986	0.963101
8B8V-B-A	Positive	0.0811943	0.918806
8BEA-P-R	Positive	0.262484	0.737516
8BFC-B-A	Positive	0.075673	0.924327
8HXQ-C-A	Negative	0.545815	0.454185
8HXQ-D-A	Positive	0.497581	0.502419
8YDV-A-B	Positive	0.311156	0.688844
8YDV-C-B	Positive	0.311156	0.688844
8TG9-C-A	Positive	0.122084	0.877916
8QM0-E-A	Positive	0.377278	0.622722
8F7R-P-R	Negative	0.695254	0.304746
8F7R-F-M	Positive	0.337324	0.662676
8HE3-B-A	Negative	0.909134	0.0908659
8KH4-D-C	Negative	0.727145	0.272855
8WFN-F-E	Positive	0.333967	0.666033
8WFN-H-E	Positive	0.293262	0.706738
8EYX-F-A	Negative	0.626558	0.373442
8JGF-L-R	Positive	0.391729	0.608271
8JBL-G-A	Negative	0.93544	0.0645599
8JBL-E-A	Negative	0.876488	0.123512
8K5O-2-C	Positive	0.255118	0.744882
8K5O-v-w	Positive	0.185484	0.814516
8K5O-5-6	Positive	0.412954	0.587046
8K5O-8-F	Positive	0.185484	0.814516
8T33-B-A	Negative	0.790098	0.209902
8QHU-U-Q	Negative	0.572226	0.427774
8ZDO-S-m	Positive	0.306768	0.693232
8VJX-C-A	Negative	0.584998	0.415002
8BRH-B-A	Positive	0.43057	0.56943
8VDV-L-A	Positive	0.380809	0.619191
8RN7-D-A	Positive	0.143279	0.856721
8RN7-E-A	Negative	0.842229	0.157771
8OZH-F-A	Negative	0.861157	0.138843
8K9I-R-C	Negative	0.762648	0.237353
8XGU-E-A	Negative	0.710207	0.289793
8ZWB-J-A	Negative	0.879142	0.120858
8U4N-C-B	Positive	0.499091	0.500909
8SHI-C-A	Negative	0.886981	0.113019
8JG4-C-A	Negative	0.870924	0.129076
8OPS-B-A	Positive	0.184152	0.815848
8ZKQ-F-A	Positive	0.198967	0.801033
8ZKQ-C-B	Positive	0.198967	0.801033
8DPG-D-C	Negative	0.576141	0.423859
8Q7V-B-A	Positive	0.243201	0.756799
8Q7V-F-A	Positive	0.388735	0.611265
8Q7V-H-A	Positive	0.317276	0.682724
8D6Z-H-A	Positive	0.359176	0.640824
8D6Z-J-E	Negative	0.63877	0.36123
8SWI-B-A	Negative	0.828313	0.171687
8D5K-C-A	Negative	0.776641	0.223359
8ANB-P-A	Positive	0.328956	0.671044
8ENX-C-A	Negative	0.890674	0.109326
8USC-O-H	Negative	0.861431	0.138569
8USC-e-Y	Negative	0.85019	0.14981
8F7Q-P-R	Positive	0.035533	0.964467
8F7Q-F-M	Positive	0.31039	0.68961
8P9C-B-A	Negative	0.967211	0.0327885
8SQZ-E-A	Negative	0.843736	0.156264
8IR3-r-b	Negative	0.646827	0.353173
8HDH-B-A	Negative	0.921071	0.0789291
8ZXR-B-A	Positive	0.127557	0.872443
8FY5-C-A	Positive	0.0963588	0.903641
8B1C-C-A	Negative	0.537906	0.462094
8UST-F-E	Negative	0.658568	0.341432
8H3M-D-A	Negative	0.577881	0.422119
8H3M-H-C	Positive	0.436585	0.563415
8T4H-C-A	Negative	0.98191	0.01809
8JGG-L-R	Positive	0.369708	0.630292
8XKV-O-A	Positive	0.158159	0.841841
8XKV-M-B	Negative	0.529069	0.470931
8XKV-L-C	Negative	0.829191	0.170809
8XKV-N-C	Positive	0.317157	0.682843
8TXF-B-A	Negative	0.71556	0.28444
8FA6-P-H	Negative	0.991283	0.00871742
8FA6-Q-A	Negative	0.959481	0.0405191
8U8E-C-B	Negative	0.689984	0.310016
8IOD-L-R	Negative	0.948265	0.0517349
8XQF-D-R	Negative	0.839589	0.160411
8EUI-8-X	Positive	0.174784	0.825216
8FU4-C-A	Negative	0.862565	0.137435
8CIR-C-A	Positive	0.206971	0.793029
8ANV-C-A	Positive	0.390398	0.609602
8ANV-F-A	Positive	0.265478	0.734522
8P9E-B-A	Negative	0.917493	0.0825071
8EJS-C-B	Negative	0.843254	0.156746
8EXM-D-A	Negative	0.607892	0.392108
8V83-7-l	Negative	0.69833	0.30167
8YVU-A-B	Positive	0.103246	0.896754
8YVU-D-B	Negative	0.710259	0.289741
8YVU-E-F	Positive	0.103246	0.896754
8UIH-D-H	Negative	0.794959	0.205041
8H9L-J-A	Positive	0.119762	0.880238
8UHN-D-H	Negative	0.868292	0.131708
8KCV-C-A	Positive	0.44888	0.55112
8XKR-D-A	Positive	0.293219	0.706781
8XKR-E-A	Positive	0.405136	0.594864
8XKR-C-A	Positive	0.442569	0.557431
8XKR-F-B	Negative	0.537683	0.462317
8CBV-A-B	Negative	0.581238	0.418762
8FHU-C-A	Negative	0.552403	0.447597
8WHX-J-1	Positive	0.413626	0.586374
8RGR-s-2	Negative	0.83234	0.16766
8YT8-I-B	Positive	0.311362	0.688638
8W9P-r-R	Negative	0.923349	0.076651
8QPA-B-G	Positive	0.269027	0.730973
8DZ5-I-H	Negative	0.949065	0.0509351
8VMG-C-A	Positive	0.284689	0.715311
8VMG-D-B	Negative	0.649879	0.350121
8GCW-P-A	Negative	0.867576	0.132424
8D52-B-A	Negative	0.501932	0.498068
8FVL-L-A	Positive	0.341672	0.658328
8RHH-T-K	Positive	0.118852	0.881148
8YAL-I-B	Negative	0.563368	0.436632
8Q1G-C-A	Negative	0.801057	0.198943
8FPQ-L-A	Positive	0.142883	0.857117
8YZ2-q-P	Negative	0.938898	0.0611023
8YZ2-p-P	Negative	0.938898	0.0611023
8YZ2-j-K	Negative	0.89392	0.10608
8F1F-1-A	Positive	0.329158	0.670842
8D3Y-G-A	Negative	0.791856	0.208144
8ON7-D-A	Positive	0.319433	0.680567
8TNQ-C-B	Positive	0.0712117	0.928788
8PX6-M-B	Positive	0.344087	0.655913
8DJQ-E-A	Positive	0.426466	0.573534
8HGP-C-A	Positive	0.193863	0.806137
8UHG-X-V	Positive	0.467457	0.532543
8ES8-Z-D	Negative	0.667805	0.332195
8ES8-Y-D	Negative	0.55327	0.44673
8F2B-P-E	Positive	0.178297	0.821703
8UO7-C-A	Negative	0.624782	0.375218
8YTH-B-A	Negative	0.8221	0.1779
8VJW-C-A	Negative	0.900224	0.0997759
8VJW-D-A	Positive	0.205806	0.794194
8H9H-F-G	Positive	0.168047	0.831953
8WST-L-R	Positive	0.0615783	0.938422
8JZV-B-A	Positive	0.328091	0.671909
8WXE-a-d	Negative	0.770941	0.229059
8WXE-m-d	Negative	0.701469	0.298531
8WXE-n-d	Negative	0.796765	0.203235
8IOC-L-R	Positive	0.175208	0.824792
8CSU-3-5	Positive	0.451303	0.548697
8Q2Z-C-A	Negative	0.852519	0.147481
8TBP-E-A	Negative	0.505803	0.494197
8Q3T-C-A	Positive	0.453477	0.546523
8I0Q-V-A	Negative	0.838922	0.161078
8CB5-C-A	Negative	0.657235	0.342765
8HLY-B-A	Positive	0.299526	0.700474
8V5U-B-A	Negative	0.524316	0.475684
8E1D-B-A	Negative	0.656397	0.343603
8QS3-K-A	Negative	0.764322	0.235678
8GCK-E-B	Negative	0.638567	0.361433
8TOW-I-A	Positive	0.262018	0.737982
8KB1-C-A	Negative	0.909288	0.0907122
8SO0-D-B	Negative	0.614484	0.385516
8FAX-L-A	Negative	0.86895	0.13105
8U9P-G-A	Negative	0.950448	0.0495523
8YFO-P-R	Negative	0.778758	0.221242
8K0G-y-A	Negative	0.721039	0.278961
8K0G-e-V	Negative	0.84207	0.15793
8TGC-C-B	Positive	0.342468	0.657532
8JRV-G-R	Negative	0.720418	0.279582
8C24-F-C	Negative	0.824501	0.175499
8WT0-B-A	Negative	0.69452	0.305481
8RTC-C-A	Negative	0.533564	0.466436
8HXY-P-K	Negative	0.638096	0.361904
8JLY-B-A	Positive	0.306054	0.693946
8BE8-P-R	Positive	0.409869	0.590131
8OOP-H-C	Positive	0.225498	0.774502
8WFS-a-B	Negative	0.610803	0.389197
8AI2-C-A	Positive	0.434106	0.565894
8XLI-p-a	Positive	0.164675	0.835325
8FZJ-3-F	Positive	0.356646	0.643354
8S8E-l-k	Positive	0.494313	0.505687
8R0T-A-B	Positive	0.0903458	0.909654
8I0H-F-A	Positive	0.194509	0.805491
8I0H-H-A	Negative	0.832514	0.167486
8YGU-A-B	Negative	0.549376	0.450624
8YGU-C-B	Negative	0.554507	0.445493
8ZCJ-D-C	Positive	0.470152	0.529848
8ZCJ-A-G	Negative	0.875708	0.124292
8IAP-s-E	Negative	0.994257	0.0057434
8IGD-D-A	Negative	0.520046	0.479954
8IGD-C-B	Positive	0.391181	0.608819
8A5O-X-G	Negative	0.725971	0.274029
8WC8-Y-B	Positive	0.406168	0.593832
8AHS-C-A	Positive	0.102086	0.897914
8K7T-G-A	Negative	0.548787	0.451213
8K7T-H-A	Positive	0.441074	0.558926
8AB0-C-D	Positive	0.480225	0.519775
8X01-D-B	Negative	0.695974	0.304026
8HXX-E-K	Negative	0.832506	0.167494
8YFM-B-A	Positive	0.349515	0.650485
8T2C-D-A	Positive	0.464204	0.535796
8S9I-G-A	Negative	0.758365	0.241635
8T4J-C-B	Negative	0.844227	0.155773
8SDX-C-A	Positive	0.329599	0.670401
8FBW-E-C	Negative	0.654561	0.345439
8FBW-F-A	Negative	0.820723	0.179277
8E2Z-C-A	Negative	0.687031	0.312969
8VMI-F-T	Negative	0.682779	0.317221
8VMI-I-C	Positive	0.362885	0.637115
8B64-E-e	Negative	0.95894	0.0410603
8B64-F-e	Negative	0.929694	0.0703065
8B64-a-b	Negative	0.599798	0.400202
8B64-u-X	Positive	0.0340959	0.965904
8B64-r-L	Positive	0.0910456	0.908954
8B64-t-H	Positive	0.0910456	0.908954
8B64-R-o	Negative	0.806155	0.193845
8B64-K-n	Negative	0.935893	0.0641074
8S6K-M-A	Negative	0.937826	0.0621745
8EU9-Z-Q	Negative	0.728122	0.271878
8INE-T-4	Negative	0.850887	0.149113
8INE-s-4	Negative	0.648838	0.351162
8B19-C-A	Negative	0.961584	0.0384162
8WDU-A-L	Negative	0.585527	0.414473
8WDU-7-L	Negative	0.652287	0.347713
8WDU-E-H	Negative	0.832682	0.167318
8WDU-0-H	Negative	0.943965	0.0560352
8WDU-G-D	Negative	0.858877	0.141123
8WDU-J-F	Negative	0.957935	0.0420653
8WDU-X-U	Negative	0.832682	0.167318
8CRT-P-L	Positive	0.21621	0.78379
8H4X-B-A	Positive	0.480185	0.519815
8V15-B-A	Negative	0.524316	0.475684
8ZPT-L-R	Negative	0.780782	0.219218
8GJF-E-B	Negative	0.906558	0.0934418
8GJF-F-C	Negative	0.796621	0.203379
8P6I-A-H	Negative	0.527359	0.472641
8ZFI-z-e	Positive	0.235725	0.764275
8QPE-K-I	Negative	0.946377	0.0536234
8RBV-C-A	Positive	0.331406	0.668594
8RV1-B-A	Negative	0.638691	0.361309
8U9Z-G-A	Negative	0.966557	0.033443
8BSS-B-A	Positive	0.241251	0.758749
8XP1-C-Z	Positive	0.226835	0.773165
8FDD-P-A	Negative	0.956383	0.0436175
8FA2-D-A	Positive	0.361281	0.638719
8YXM-B-A	Negative	0.541211	0.458789
8ZEJ-z-e	Positive	0.466951	0.533049
8XK1-C-A	Positive	0.299547	0.700453
8XK1-D-A	Positive	0.477002	0.522998
8QXX-B-A	Positive	0.327433	0.672567
8CGU-U-K	Positive	0.275995	0.724005
8SGC-N-B	Positive	0.164919	0.835081
8TRL-C-A	Positive	0.266927	0.733073
8ZE8-E-A	Positive	0.261937	0.738063
8JZY-B-A	Negative	0.83561	0.16439
8PNF-4-1	Negative	0.919369	0.0806308
8VSM-P-A	Negative	0.600537	0.399463
8P9D-A-E	Negative	0.503624	0.496376
8P9D-B-E	Negative	0.924792	0.0752078
8P9D-D-F	Negative	0.859638	0.140362
8DVL-B-A	Positive	0.177397	0.822603
8TXW-K-H	Negative	0.806362	0.193638
8URQ-F-B	Positive	0.228018	0.771982
8OR4-B-A	Positive	0.461135	0.538865
8OR4-H-E	Negative	0.759464	0.240536
8B4I-E-A	Negative	0.691929	0.308071
8B4I-G-A	Negative	0.629591	0.370409
8CA4-s-E	Negative	0.956127	0.0438726
8CZK-C-A	Positive	0.325787	0.674213
8SIY-B-A	Negative	0.741916	0.258084
8PBD-S-A	Positive	0.169896	0.830104
8JRJ-E-A	Positive	0.357608	0.642392
8B1T-A-C	Positive	0.27003	0.72997
8QP9-7-D	Negative	0.731318	0.268682
8QP9-L-D	Positive	0.389031	0.610969
8QP9-J-R	Negative	0.889267	0.110733
8QP9-X-S	Positive	0.450844	0.549156
8QU1-2-F	Negative	0.890386	0.109614
8QU1-6-P	Negative	0.900653	0.0993475
8QU1-1-3	Positive	0.191013	0.808987
8BCV-J-A	Negative	0.576967	0.423033
8GWH-E-A	Negative	0.856168	0.143832
8EQS-C-A	Negative	0.641874	0.358126
8VIO-g-F	Positive	0.140532	0.859468
8GQA-B-A	Negative	0.937241	0.0627592
8T6M-G-C	Negative	0.972856	0.0271439
8ESB-C-A	Positive	0.351024	0.648976
8EQ5-B-A	Negative	0.808697	0.191303
8TRR-C-A	Positive	0.465859	0.534141
8JOQ-B-A	Negative	0.919866	0.0801337
8JMJ-M-A	Negative	0.687854	0.312146
8JMJ-N-B	Negative	0.872647	0.127353
8QFZ-B-A	Positive	0.0385867	0.961413
8DZV-C-A	Positive	0.477319	0.522681
8P2I-P-B	Positive	0.178052	0.821948
8TBV-C-A	Negative	0.893931	0.106069
8GJ2-F-B	Positive	0.182751	0.817249
8VJC-C-A	Positive	0.330592	0.669408
8VJC-E-A	Negative	0.635411	0.364589
8UHL-B-A	Positive	0.100254	0.899746
8UHL-C-A	Positive	0.0705809	0.929419
8SG7-C-B	Negative	0.55229	0.44771
8AM9-A-e	Positive	0.281445	0.718555
8XAG-C-A	Negative	0.916084	0.083916
8SE8-I-A	Positive	0.0791796	0.92082
8SE8-X-A	Positive	0.0469193	0.953081
8SE8-Y-B	Positive	0.0680564	0.931944
8SE8-T-C	Positive	0.0156933	0.984307
8SE8-G-D	Positive	0.0365816	0.963418
8SE8-H-D	Positive	0.0772496	0.92275
8SE8-J-E	Positive	0.117803	0.882197
8SE8-N-K	Positive	0.0153891	0.984611
8SE8-O-K	Positive	0.0236845	0.976315
8SE8-P-L	Positive	0.330436	0.669564
8SE8-U-Q	Positive	0.17419	0.82581
8SE8-V-R	Positive	0.330436	0.669564
8HJV-7-0	Positive	0.29591	0.70409
8HJV-9-0	Positive	0.29591	0.70409
8HJV-1-2	Positive	0.249336	0.750664
8HJV-V-L	Negative	0.689004	0.310996
8HJV-Y-L	Negative	0.516039	0.483961
8HJV-Z-L	Positive	0.328123	0.671877
8JFI-I-C	Negative	0.779586	0.220414
8JFI-H-D	Positive	0.404049	0.595951
8FUQ-C-A	Positive	0.286546	0.713454
8FUQ-D-A	Positive	0.403559	0.596441
8FUQ-F-A	Negative	0.574958	0.425042
8RSV-C-A	Negative	0.563889	0.436111
8RSV-E-B	Negative	0.649371	0.350629
8C2P-B-A	Negative	0.536045	0.463955
8JQT-C-A	Negative	0.76571	0.23429
8UDR-C-A	Positive	0.0538601	0.94614
8ANO-E-A	Negative	0.759673	0.240327
8VID-F-G	Negative	0.776867	0.223133
8QLK-B-A	Negative	0.533031	0.466969
8X52-E-A	Positive	0.203164	0.796836
8SUD-B-A	Negative	0.880575	0.119425
8TW6-Y-A	Positive	0.360217	0.639783
8TW6-X-A	Positive	0.179519	0.820481
8A5M-C-A	Negative	0.868004	0.131996
8A5M-E-B	Negative	0.823325	0.176675
8YFK-B-A	Positive	0.379366	0.620634
8ITG-B-A	Negative	0.60827	0.39173
8BFT-B-A	Negative	0.715075	0.284925
8AFI-B-A	Negative	0.62526	0.37474
8AFI-D-C	Positive	0.499742	0.500258
8AFI-F-E	Positive	0.462194	0.537806
8AFI-H-G	Negative	0.662679	0.337321
8AFI-J-I	Negative	0.510618	0.489382
8AFI-N-M	Negative	0.546221	0.453779
8AFI-P-O	Negative	0.560762	0.439238
8VSO-P-B	Negative	0.989757	0.0102427
8P8W-Z-c	Positive	0.3117	0.6883
8P8W-X-s	Negative	0.757712	0.242288
8XNW-r-C	Positive	0.343341	0.656659
8XNW-s-E	Negative	0.915223	0.0847771
8DGU-A-H	Negative	0.644221	0.355779
8CV4-D-A	Positive	0.377917	0.622083
8R8R-D-A	Negative	0.96617	0.0338297
8FL8-8-X	Positive	0.323327	0.676673
8RQC-B-A	Positive	0.380096	0.619904
8YG4-P-R	Negative	0.561051	0.438949
8X95-D-A	Negative	0.864355	0.135645
8YW0-R-A	Positive	0.405836	0.594164
8F2A-P-E	Positive	0.363749	0.636251
8EZA-T-J	Negative	0.68764	0.31236
8Q1J-C-A	Negative	0.629413	0.370587
8KHF-I-3	Positive	0.204559	0.795441
8KHF-Q-3	Negative	0.724801	0.275199
8KHF-M-K	Negative	0.805701	0.194299
8KHF-T-K	Positive	0.246802	0.753198
8KHF-P-N	Negative	0.680301	0.319699
8RHL-e-H	Negative	0.74808	0.25192
8EBM-C-A	Negative	0.760028	0.239972
8TO2-p-J	Negative	0.585645	0.414355
8QZM-K-A	Negative	0.899783	0.100217
8YGD-2-1	Negative	0.95387	0.0461302
8YGD-Z-1	Negative	0.945396	0.0546036
8YGD-a-1	Positive	0.123968	0.876032
8YGD-b-1	Negative	0.878803	0.121197
8YGD-C-3	Negative	0.948413	0.0515871
8YGD-0-9	Negative	0.977326	0.0226736
8YGD-7-9	Positive	0.262112	0.737888
8YGD-8-9	Negative	0.948413	0.0515871
8YGD-G-D	Negative	0.948413	0.0515871
8FA8-P-H	Negative	0.839814	0.160186
8K4D-C-A	Positive	0.466109	0.533891
8B9T-B-A	Negative	0.964074	0.0359261
8CL0-H-A	Negative	0.964717	0.0352832
8CSL-W-A	Negative	0.933996	0.0660036
8CSL-R-V	Positive	0.41354	0.58646
8CSL-a-e	Positive	0.168964	0.831036
8CSL-S-Y	Positive	0.424633	0.575367
8CSL-b-f	Positive	0.208005	0.791995
8TQA-P-A	Negative	0.648298	0.351702
8S60-B-A	Negative	0.559681	0.440319
8GWJ-C-A	Positive	0.470437	0.529563
8IUN-V-W	Positive	0.29591	0.70409
8IUN-H-K	Negative	0.817768	0.182232
8IUN-7-0	Negative	0.817768	0.182232
8IUN-3-6	Negative	0.817768	0.182232
8IUN-1-4	Positive	0.29591	0.70409
8IUN-Y-M	Negative	0.516039	0.483961
8IUN-Z-M	Negative	0.826012	0.173988
8HT9-C-A	Negative	0.934236	0.0657638
8CS9-c-Y	Positive	0.424633	0.575367
8ZDK-7-2	Positive	0.084116	0.915884
8P7Y-0-c	Positive	0.136726	0.863274
8ZJW-B-A	Negative	0.646716	0.353284
8CGV-n-v	Negative	0.62799	0.37201
8CGV-h-w	Positive	0.0964814	0.903519
8EUY-T-C	Positive	0.352861	0.647139
8EUY-t-G	Negative	0.79308	0.20692
8EUY-r-H	Negative	0.5972	0.4028
8AGZ-d-T	Positive	0.211102	0.788898
8FHN-C-A	Negative	0.696385	0.303615
8SGF-Z-A	Negative	0.840701	0.159299
8S6A-P-A	Positive	0.330038	0.669962
8X8A-B-A	Negative	0.570431	0.429569
8T8R-B-A	Negative	0.687116	0.312884
8D51-B-A	Negative	0.708794	0.291206
8UUI-D-B	Positive	0.411447	0.588553
8J3S-E-A	Negative	0.739835	0.260165
8OVC-Y-M	Negative	0.95477	0.0452297
8OVC-c-G	Negative	0.747443	0.252557
8BEP-D-B	Negative	0.683464	0.316536
8DGK-B-A	Negative	0.873163	0.126837
8WEC-C-A	Positive	0.430451	0.569549
8BI7-B-A	Negative	0.535699	0.464301
8AQN-C-A	Negative	0.682021	0.317979
8J7A-J-2	Positive	0.349443	0.650557
8GW4-C-A	Negative	0.682439	0.317561
8DO8-E-A	Negative	0.97604	0.0239602
8DO8-F-C	Negative	0.763522	0.236478
8C42-B-A	Negative	0.830029	0.169971
8ZEH-i-E	Negative	0.505674	0.494327
8ZEH-m-E	Positive	0.142237	0.857763
8R60-X-A	Positive	0.181799	0.818201
8AI4-C-A	Negative	0.672829	0.327171
8OG0-P-L	Negative	0.930811	0.069189
8W9Q-r-R	Negative	0.943841	0.0561586
8UH1-B-A	Positive	0.450867	0.549133
8PMP-D-A	Negative	0.564256	0.435744
8DAU-I-B	Negative	0.588257	0.411743
8AEL-B-A	Negative	0.585464	0.414536
8R58-B-A	Negative	0.982647	0.0173527
8K6O-E-D	Negative	0.736538	0.263462
8EIC-C-A	Positive	0.125717	0.874283
8WEY-J-A	Negative	0.759627	0.240373
8WEY-M-B	Negative	0.751778	0.248222
8ALX-B-A	Negative	0.845754	0.154246
8QP6-A-B	Positive	0.0516913	0.948309
8QP6-D-B	Negative	0.641292	0.358708
8QP6-G-H	Negative	0.824118	0.175882
8QP6-J-K	Positive	0.0843511	0.915649
8OU0-D-B	Positive	0.344672	0.655328
8GN2-f-a	Negative	0.674287	0.325713
8UCK-h-a	Negative	0.521239	0.478761
8XV8-B-A	Negative	0.680506	0.319494
8XV8-D-C	Negative	0.857828	0.142172
8XV8-F-E	Negative	0.978224	0.0217764
8XV8-H-G	Negative	0.871017	0.128983
8B1I-C-A	Positive	0.171956	0.828044
8OUW-H-A	Positive	0.178292	0.821708
8B5B-E-B	Negative	0.690211	0.309789
8IBV-C-R	Negative	0.759496	0.240504
8WQD-G-D	Negative	0.690316	0.309684
8GN1-T-A	Positive	0.25954	0.74046
8GN1-j-a	Positive	0.39301	0.60699
8ZOS-J-C	Positive	0.492749	0.507251
8YDP-A-B	Negative	0.882586	0.117414
8YDP-C-D	Negative	0.882586	0.117414
8SMO-B-A	Negative	0.964811	0.0351894
8SMO-H-A	Negative	0.927844	0.0721565
8SMO-L-A	Negative	0.778559	0.221441
8SMO-N-A	Negative	0.670025	0.329975
8SMO-J-C	Negative	0.776318	0.223682
8JGB-L-R	Positive	0.357469	0.642531
8ZWS-I-A	Negative	0.877463	0.122537
8ZWS-D-A	Positive	0.496316	0.503684
8YD1-a-A	Positive	0.308974	0.691026
8RLU-C-A	Negative	0.915275	0.0847255
8R7Z-K-G	Positive	0.402246	0.597754
8BON-E-B	Negative	0.712405	0.287595
8QFX-G-A	Negative	0.707253	0.292747
8X0L-D-C	Positive	0.137288	0.862712
8ASI-D-A	Positive	0.111202	0.888798
8ASI-H-E	Positive	0.121767	0.878233
8A6F-P-A	Negative	0.764322	0.235678
8PJF-C-A	Positive	0.2103	0.7897
8PDQ-B-A	Negative	0.754707	0.245293
8ZV9-C-A	Negative	0.865063	0.134937
8RRI-2-F	Negative	0.764425	0.235575
8RRI-4-r	Positive	0.059216	0.940784
8DTL-C-A	Positive	0.193817	0.806183
8B1K-C-A	Negative	0.577742	0.422258
8Y0Q-4-1	Positive	0.360608	0.639392
8CMF-C-A	Negative	0.605951	0.394049
8JC8-8-5	Negative	0.895921	0.104079
8JC8-E-A	Negative	0.860603	0.139397
8TMU-E-A	Negative	0.811789	0.188211
8Y0R-4-1	Positive	0.441094	0.558906
8Q9R-X-A	Negative	0.880669	0.119331
8Q9R-C-E	Negative	0.969035	0.0309652
8DWG-A-R	Positive	0.214839	0.785161
8Q5S-B-A	Negative	0.890225	0.109775
8S32-O-A	Negative	0.684771	0.315229
8XV6-B-A	Positive	0.208172	0.791828
8XV6-D-A	Positive	0.208172	0.791828
8XY7-C-A	Negative	0.570007	0.429993
8FA9-P-H	Negative	0.963468	0.0365317
8GAI-B-A	Negative	0.926713	0.0732871
8GAI-D-A	Negative	0.960034	0.0399659
8HZ8-C-A	Negative	0.70083	0.29917
8TES-A-E	Negative	0.670122	0.329878
8B9A-P-2	Negative	0.628097	0.371903
8S7V-L-I	Negative	0.661211	0.338789
8B4J-P-O	Negative	0.971472	0.0285284
8YJB-0-B	Positive	0.248889	0.751111
8B6L-B-A	Positive	0.250827	0.749173
8B6L-K-I	Positive	0.297692	0.702308
8XWT-B-A	Positive	0.417608	0.582392
8JRK-E-A	Negative	0.655588	0.344412
8JRK-F-B	Positive	0.228283	0.771717
8G8C-C-H	Negative	0.838771	0.161229
8G8C-P-A	Negative	0.866522	0.133478
8JV0-C-A	Negative	0.731311	0.268689
8BF9-l-X	Positive	0.0980631	0.901937
8EBB-C-A	Positive	0.277301	0.722699
8FKF-D-A	Negative	0.956071	0.0439286
8XC5-A-B	Positive	0.343629	0.656371
8GHO-C-A	Negative	0.651951	0.348049
8GHO-G-H	Negative	0.863278	0.136722
8EMK-C-A	Positive	0.463693	0.536307
8YGT-A-B	Negative	0.587421	0.412579
8U51-B-A	Negative	0.760758	0.239243
8R3K-G-A	Negative	0.609541	0.390459
8YC0-a-d	Negative	0.794333	0.205667
8YC0-b-g	Negative	0.831411	0.168589
8QBT-b-d	Negative	0.523103	0.476897
8QBT-3-s	Positive	0.180029	0.819971
8PEG-p-d	Negative	0.883969	0.116031
8SHW-Q-L	Negative	0.959355	0.0406449
8YHT-B-A	Positive	0.407408	0.592592
8IMZ-D-A	Positive	0.413928	0.586072
8VDD-C-A	Negative	0.644179	0.355821
8J5U-B-A	Positive	0.422407	0.577593
8B87-C-A	Negative	0.67137	0.32863
8B87-D-A	Negative	0.67137	0.32863
8Q9Q-X-A	Negative	0.594221	0.405779
8BQ3-B-A	Negative	0.793214	0.206786
8ATI-a-A	Negative	0.977955	0.0220447
8YB4-C-B	Negative	0.62542	0.37458
8WO9-C-A	Positive	0.451462	0.548538
8D47-C-L	Negative	0.568155	0.431845
8CP6-A-B	Positive	0.35355	0.64645
8CP6-C-B	Positive	0.376108	0.623892
8T4I-C-A	Negative	0.794722	0.205278
8T4I-D-A	Negative	0.743334	0.256666
8GJ1-F-B	Positive	0.278961	0.721039
8W7L-C-A	Negative	0.960018	0.0399823
8W7L-D-B	Negative	0.589501	0.410499
8BEF-b-A	Positive	0.364569	0.635431
8BEF-v-N	Positive	0.287832	0.712168
8J6S-K-L	Negative	0.562242	0.437758
8F8Y-E-A	Negative	0.565739	0.434261
8F8Y-F-A	Negative	0.738793	0.261207
8ANC-P-A	Negative	0.907323	0.0926766
8DO2-C-B	Positive	0.198318	0.801682
8JHW-C-A	Negative	0.623191	0.376809
8DTT-G-A	Negative	0.660171	0.339829
8DTT-J-E	Negative	0.532603	0.467397
8AGY-B-A	Negative	0.95364	0.0463599
8ELH-C-A	Negative	0.777248	0.222752
8WI2-B-A	Negative	0.852369	0.147631
8BWE-B-A	Positive	0.481978	0.518022
8HJ2-G-B	Negative	0.541416	0.458584
8VTI-B-A	Positive	0.39226	0.60774
8USB-O-G	Positive	0.342079	0.657921
8WYI-a-d	Negative	0.599755	0.400245
8WYI-m-d	Negative	0.830891	0.169109
8WYI-n-d	Negative	0.792938	0.207062
8XR6-f-a	Negative	0.531777	0.468223
8XR6-i-a	Positive	0.172677	0.827323
8XR6-j-a	Positive	0.0946637	0.905336
8XR6-l-a	Negative	0.943173	0.0568274
8XR6-m-a	Positive	0.217716	0.782284
8XR6-t-a	Positive	0.146191	0.853809
8XR6-w-a	Negative	0.760823	0.239177
8XR6-L-A	Negative	0.943173	0.0568274
8XR6-M-A	Positive	0.217716	0.782284
8XR6-x-6	Positive	0.155333	0.844667
8XR6-K-C	Positive	0.100959	0.899041
8XR6-Y-C	Positive	0.495252	0.504748
8OVD-Y-M	Negative	0.747443	0.252557
8FIT-B-A	Negative	0.976796	0.0232037
8FIT-D-C	Negative	0.930055	0.0699453
8VGC-P-A	Negative	0.873188	0.126812
8F1T-a-A	Positive	0.101767	0.898233
8CB7-C-A	Negative	0.905894	0.094106
8EYB-D-A	Negative	0.898152	0.101848
8EYB-E-A	Negative	0.925002	0.0749977
8DTR-G-A	Negative	0.761733	0.238267
8Q86-A-B	Positive	0.15854	0.84146
8BW1-e-H	Positive	0.318051	0.681949
8ACK-P-B	Negative	0.649863	0.350137
8K9T-B-A	Negative	0.801624	0.198376
8GQW-C-A	Negative	0.976788	0.0232118
8PDE-C-A	Negative	0.815418	0.184582
8PDE-X-A	Negative	0.941329	0.0586707
8PKU-P-B	Negative	0.652681	0.347319
8T70-P-A	Negative	0.801068	0.198932
8EAT-b-c	Positive	0.3301	0.6699
8QSF-H-A	Negative	0.976772	0.0232277
8IQL-D-C	Positive	0.129477	0.870523
8DK9-E-A	Negative	0.771388	0.228612
8WQE-L-D	Positive	0.0856281	0.914372
8WQE-K-B	Positive	0.28103	0.71897
8UA8-R-I	Positive	0.491624	0.508376
8CN6-G-A	Negative	0.671076	0.328924
8WF6-R-A	Negative	0.607925	0.392075
8WF6-Q-B	Positive	0.259983	0.740017
8WF6-F-C	Negative	0.947477	0.0525231
8XYX-C-A	Negative	0.544805	0.455195
8Q1B-h-a	Negative	0.534157	0.465843
8VY8-D-B	Negative	0.826752	0.173248
8JAR-S-A	Positive	0.490916	0.509084
8BTY-B-A	Negative	0.530633	0.469367
8JCB-A-D	Positive	0.415107	0.584893
8ZA6-m-d	Negative	0.644654	0.355346
8ZA6-n-d	Negative	0.511407	0.488593
8UCS-A-C	Negative	0.759495	0.240505
8UCS-B-C	Negative	0.89618	0.10382
8FB7-Q-A	Negative	0.970118	0.0298825
8FB7-P-H	Negative	0.929855	0.0701445
8RUP-M-K	Negative	0.615779	0.384221
8BUU-4-G	Positive	0.0833933	0.916607
8BUU-1-3	Positive	0.443372	0.556628
8EAS-b-a	Negative	0.548186	0.451814
8T32-B-A	Negative	0.947273	0.0527271
8OST-B-A	Positive	0.184152	0.815848
8X30-P-Q	Negative	0.867098	0.132902
8JWX-P-R	Negative	0.787653	0.212347
8JWX-S-R	Negative	0.562021	0.437979
8Q84-e-I	Positive	0.370438	0.629562
8JIP-P-R	Negative	0.708979	0.291021
8QU9-B-A	Negative	0.548154	0.451846
8K6Q-D-B	Negative	0.592958	0.407042
8K6Q-C-B	Negative	0.611528	0.388472
8S3W-C-A	Negative	0.512368	0.487632
8S30-B-A	Negative	0.645388	0.354612
8I1V-N-G	Negative	0.610269	0.389731
8SMR-L-J	Negative	0.942538	0.0574624
8FN2-i-E	Positive	0.420502	0.579498
8FN2-f-F	Positive	0.0651581	0.934842
8FN2-h-H	Positive	0.321444	0.678556
8BBH-A-H	Positive	0.309516	0.690484
8V50-C-A	Positive	0.328051	0.671949
8WWM-L-R	Positive	0.352065	0.647935
8ZNO-K-B	Positive	0.103235	0.896765
8RQ2-z-E	Negative	0.70957	0.29043
8RQ2-6-F	Positive	0.379216	0.620784
8RQ2-y-S	Positive	0.104861	0.895139
8RQ2-x-T	Negative	0.773217	0.226783
8P10-c-L	Negative	0.527304	0.472696
8ZYV-A-C	Positive	0.406667	0.593333
8ZYV-B-C	Negative	0.679502	0.320498
8Z3F-B-A	Negative	0.899452	0.100548
8KAB-c-e	Positive	0.45559	0.54441
8BWN-C-A	Positive	0.230209	0.769791
8ARN-C-A	Negative	0.784969	0.215031
8VS6-E-A	Negative	0.928412	0.0715879
8QCQ-1-3	Positive	0.315189	0.684811
8QCQ-6-F	Positive	0.426498	0.573502
8ZTU-W-e	Negative	0.572933	0.427067
8FK3-B-A	Positive	0.273023	0.726977
8SG2-B-A	Positive	0.0724204	0.92758
8CBT-A-B	Negative	0.516203	0.483797
8YDM-A-C	Positive	0.185021	0.814979
8YDM-B-C	Negative	0.54844	0.45156
8YDM-D-E	Positive	0.330311	0.669689
8YDM-F-E	Negative	0.531273	0.468727
8YDM-H-G	Negative	0.759651	0.240349
8YDM-J-I	Positive	0.330311	0.669689
8YDM-O-K	Positive	0.238692	0.761308
8YDM-Q-M	Positive	0.330311	0.669689
8K6M-E-D	Positive	0.471783	0.528217
8K6N-D-E	Negative	0.710493	0.289507
8G8Q-B-A	Positive	0.0390398	0.96096
8G8Q-C-A	Positive	0.44452	0.55548
8GAJ-B-A	Positive	0.188866	0.811134
8CSR-K-C	Negative	0.827207	0.172793
8R2G-L-A	Positive	0.0655735	0.934426
8R2G-O-B	Positive	0.240764	0.759236
8R2G-I-C	Positive	0.350998	0.649002
8R2G-M-D	Positive	0.148887	0.851113
8R2G-N-E	Positive	0.23959	0.76041
8SRU-E-A	Negative	0.836826	0.163174
8P8B-x-d	Negative	0.632793	0.367207
8T59-E-A	Negative	0.924422	0.0755782
8T59-F-C	Negative	0.52276	0.47724
8IDY-T-b	Negative	0.783142	0.216858
8T5Q-G-A	Negative	0.740509	0.259491
8ZGS-C-A	Negative	0.633692	0.366308
8ZGS-G-A	Negative	0.633584	0.366416
8IHO-D-A	Negative	0.624536	0.375464
8C17-B-A	Negative	0.631424	0.368576
8JAL-S-A	Negative	0.515868	0.484132
8RNF-P-A	Negative	0.614343	0.385657
8UJF-E-B	Negative	0.741979	0.258021
8J0E-F-B	Negative	0.58742	0.41258
8J0E-A-B	Positive	0.39314	0.60686
8J0E-E-B	Negative	0.943138	0.0568615
8AGC-B-A	Negative	0.579641	0.420359
8AGC-P-A	Positive	0.347192	0.652808
8TW4-X-A	Negative	0.611948	0.388052
8TW4-Y-A	Positive	0.222195	0.777805
8YW5-P-R	Negative	0.582108	0.417892
8V3W-B-C	Negative	0.665181	0.334819
8EI0-B-A	Positive	0.389364	0.610636
8GJG-B-A	Negative	0.655749	0.344251
8U2Y-A-B	Negative	0.714276	0.285724
8WTE-J-A	Positive	0.0766588	0.923341
8GT7-F-C	Positive	0.33949	0.66051
8QLG-E-A	Negative	0.705356	0.294644
8TII-R-A	Negative	0.966103	0.0338973
8DYE-B-A	Positive	0.178412	0.821588
8RTE-D-A	Negative	0.533262	0.466738
8F0S-B-A	Positive	0.0671142	0.932886
8J5K-F-A	Positive	0.242318	0.757682
8J5K-I-A	Positive	0.27032	0.72968
8J5K-J-A	Positive	0.157826	0.842174
8J5K-L-A	Negative	0.886096	0.113904
8J5K-M-A	Positive	0.0580636	0.941936
8J5K-T-A	Positive	0.259575	0.740425
8J5K-Y-C	Positive	0.123848	0.876152
8J5K-X-D	Positive	0.335505	0.664495
8EI8-B-A	Negative	0.928845	0.0711548
8FH3-I-B	Negative	0.879851	0.120149
8WLS-B-A	Negative	0.537302	0.462698
8H0Q-L-R	Negative	0.725309	0.274691
8UKO-C-E	Negative	0.591901	0.408099
8CZF-B-A	Positive	0.331457	0.668543
8TQZ-I-A	Negative	0.520865	0.479135
8UIT-D-B	Negative	0.827096	0.172904
8JIR-P-R	Negative	0.850788	0.149212
8EHV-P-B	Negative	0.95187	0.0481295
8CJ3-B-A	Negative	0.946321	0.0536793
8U77-B-A	Positive	0.195716	0.804284
8U77-F-E	Negative	0.871313	0.128687
8PNT-C-A	Negative	0.86173	0.13827
8PNT-D-A	Negative	0.651805	0.348195
8WEJ-C-D	Negative	0.632351	0.367649
8ZQE-L-R	Negative	0.827767	0.172233
8Z81-A-C	Positive	0.0535708	0.946429
8Z81-B-C	Negative	0.835096	0.164904
8Z81-D-C	Negative	0.672079	0.327921
8Z81-Z-W	Negative	0.835096	0.164904
8Z81-2-1	Negative	0.672079	0.327921
8GEJ-G-B	Negative	0.611759	0.388241
8BV7-B-A	Negative	0.899958	0.100042
8YTG-B-A	Positive	0.237561	0.762439
8WU8-D-A	Positive	0.183027	0.816973
8H8S-L-A	Negative	0.74296	0.25704
8H8S-M-A	Negative	0.689562	0.310438
8EO8-C-A	Negative	0.525753	0.474247
8C3N-B-A	Positive	0.463906	0.536094
8Q3D-C-A	Positive	0.0804079	0.919592
8RBX-r-b	Negative	0.866478	0.133522
8CCW-B-A	Positive	0.360147	0.639853
8AXH-A-H	Positive	0.209111	0.790889
8HR1-S-C	Positive	0.0775881	0.922412
8ADG-F-A	Positive	0.410929	0.589071
8VDU-C-A	Negative	0.924387	0.0756133
8VDU-I-G	Negative	0.964511	0.0354889
8VDU-L-J	Negative	0.784246	0.215754
8JAU-S-A	Positive	0.146946	0.853054
8AKN-A-W	Positive	0.281445	0.718555
8QKG-C-A	Negative	0.792141	0.207859
8HTU-M-B	Negative	0.545997	0.454003
8QCI-A-B	Positive	0.183406	0.816594
8CMO-J-A	Negative	0.535868	0.464132
8RHQ-G-A	Positive	0.47095	0.52905
8JZU-B-A	Negative	0.682686	0.317314
8FZ2-P-L	Positive	0.354717	0.645283
8DTN-B-A	Positive	0.169297	0.830703
8DTN-F-E	Positive	0.287012	0.712988
8UGS-C-A	Positive	0.231234	0.768766
8UGS-D-A	Negative	0.513519	0.486481
8COY-C-A	Negative	0.821769	0.178231
8P65-X-A	Positive	0.465162	0.534838
8ZH8-Q-R	Negative	0.617775	0.382225
8YY9-k-N	Negative	0.89392	0.10608
8BEH-k-L	Negative	0.514757	0.485243
8Q5P-B-A	Negative	0.698459	0.301541
8UO5-D-B	Negative	0.689624	0.310376
8TH1-E-A	Negative	0.615704	0.384296
8TH1-F-B	Negative	0.665874	0.334126
8TH1-G-C	Negative	0.595679	0.404321
8TH1-H-D	Positive	0.152339	0.847661
8CIS-B-A	Positive	0.251343	0.748657
8CIS-C-A	Positive	0.260288	0.739712
8CIS-D-A	Negative	0.617504	0.382496
8YPB-b-F	Negative	0.932304	0.067696
8E3Z-P-R	Negative	0.706547	0.293453
8CMK-C-A	Negative	0.95765	0.04235
8B5A-B-A	Negative	0.969429	0.030571
8UK5-B-A	Positive	0.285464	0.714536
8ESA-C-A	Positive	0.346045	0.653955
8GVD-B-A	Negative	0.795365	0.204635
8FNE-E-A	Positive	0.132719	0.867281
8WY0-b-d	Negative	0.611925	0.388075
8WY0-m-d	Negative	0.690457	0.309543
8VJU-C-A	Positive	0.469264	0.530736
8AHT-F-A	Positive	0.383906	0.616094
8AHT-G-B	Positive	0.306585	0.693415
8AHT-H-C	Positive	0.273186	0.726814
8I7P-B-A	Positive	0.427645	0.572355
8XPF-C-A	Positive	0.418212	0.581788
8B82-C-A	Negative	0.921629	0.0783713
8UUQ-M-C	Positive	0.41896	0.58104
8INK-A-o	Positive	0.0885336	0.911466
8IQK-B-A	Negative	0.542745	0.457255
8RNG-C-A	Negative	0.752337	0.247663
8K17-E-B	Positive	0.202686	0.797314
8XO0-s-E	Negative	0.558281	0.441719
8R3X-C-A	Negative	0.661102	0.338898
8R3X-D-A	Negative	0.769078	0.230922
8CGI-4-M	Positive	0.268107	0.731893
8DJI-B-A	Positive	0.360839	0.639161
8S6V-M-A	Negative	0.936064	0.0639357
8YFL-B-A	Positive	0.373361	0.626639
8YFL-D-C	Positive	0.373361	0.626639
8EXN-D-A	Negative	0.980242	0.0197579
8PQW-I-A	Negative	0.517093	0.482907
8PQW-H-C	Negative	0.561185	0.438815
8RKG-L-A	Positive	0.322169	0.677831
8RKG-M-A	Positive	0.41514	0.58486
8RKG-O-C	Positive	0.240693	0.759307
8RKG-P-E	Positive	0.499859	0.500141
8RKG-Q-E	Positive	0.152818	0.847182
8RKG-R-G	Positive	0.226417	0.773583
8RKG-S-G	Positive	0.240693	0.759307
8IPM-C-D	Positive	0.161551	0.838449
8DNQ-C-A	Positive	0.149005	0.850995
8DNQ-D-A	Positive	0.149005	0.850995
8FAN-P-B	Negative	0.79297	0.20703
8FAN-Q-D	Negative	0.78034	0.21966
8FAN-R-F	Negative	0.812156	0.187844
8S3E-E-A	Positive	0.340673	0.659327
8U5H-A-D	Negative	0.670812	0.329188
8U5H-B-I	Negative	0.977541	0.0224594
8VCY-C-A	Positive	0.49845	0.50155
8EUP-T-C	Negative	0.874981	0.125019
8EUP-t-G	Negative	0.577299	0.422701
8H9F-Q-3	Negative	0.724801	0.275199
8WI5-B-A	Negative	0.758247	0.241753
8TUH-F-A	Negative	0.678253	0.321747
8FJB-C-A	Negative	0.938645	0.061355
8VD8-B-A	Positive	0.137157	0.862843
8SDP-I-A	Positive	0.103823	0.896177
8SDP-X-A	Positive	0.100885	0.899115
8SDP-Y-B	Negative	0.503562	0.496438
8AP4-4-f	Positive	0.356646	0.643354
8C1J-B-A	Negative	0.858028	0.141972
8JR4-E-A	Negative	0.590072	0.409928
8TLX-B-A	Negative	0.962518	0.0374815
8ZVY-C-A	Negative	0.903302	0.0966976
8ZVY-D-B	Negative	0.949117	0.0508831
8C29-F-A	Positive	0.314151	0.685849
8C29-I-A	Positive	0.10078	0.89922
8C29-L-A	Negative	0.85999	0.14001
8C29-T-A	Positive	0.271661	0.728339
8C29-M-B	Positive	0.096873	0.903127
8C29-U-B	Positive	0.12415	0.87585
8C29-t-B	Positive	0.271661	0.728339
8C29-l-a	Negative	0.85999	0.14001
8C29-m-b	Positive	0.096873	0.903127
8B1J-C-A	Negative	0.956057	0.0439427
8CBP-C-A	Negative	0.869807	0.130193
8FCN-L-F	Negative	0.64762	0.35238
8RTB-H-C	Negative	0.943273	0.056727
8JVV-A-B	Positive	0.236135	0.763865
8JVV-I-B	Negative	0.573544	0.426456
8BZL-h-A	Negative	0.928254	0.0717457
8BZL-d-B	Negative	0.966496	0.0335042
8BZL-f-D	Negative	0.602423	0.397577
8HEP-A-B	Positive	0.476883	0.523117
8HQY-S-C	Positive	0.235931	0.764069
8JBG-A-B	Negative	0.853361	0.146639
8ZBJ-S-R	Negative	0.610487	0.389513
8KD2-G-B	Positive	0.155632	0.844368
8KD2-F-E	Negative	0.980861	0.0191389
8OXM-E-A	Negative	0.961595	0.038405
8DES-E-A	Negative	0.822825	0.177175
8CLS-C-A	Positive	0.362574	0.637426
8CLS-D-A	Negative	0.567289	0.432711
8CLS-F-A	Positive	0.239336	0.760664
8CLS-G-A	Positive	0.121118	0.878882
8CLS-H-A	Negative	0.595901	0.404099
8ATS-P-A	Negative	0.955394	0.0446062
8Q05-Z-A	Negative	0.624883	0.375117
8CM9-E-A	Positive	0.316739	0.683261
8IC4-D-K	Positive	0.208132	0.791868
8IC4-X-M	Negative	0.910432	0.0895678
8QNS-M-A	Positive	0.231348	0.768652
8QNS-N-A	Negative	0.598648	0.401352
8QNS-O-D	Positive	0.449462	0.550538
8QNS-P-J	Negative	0.632973	0.367027
8ROO-B-A	Negative	0.785368	0.214632
8CCZ-C-A	Positive	0.275653	0.724347
8R64-G-B	Negative	0.882645	0.117355
8WXT-C-A	Positive	0.0783398	0.92166
8U8C-D-A	Negative	0.936334	0.0636662
8U8C-C-B	Positive	0.342327	0.657673
8XNT-r-B	Negative	0.897237	0.102763
8XNT-R-D	Positive	0.130312	0.869688
8XNT-s-E	Negative	0.891911	0.108089
8XNT-q-I	Positive	0.222724	0.777276
8T8S-C-A	Negative	0.915688	0.0843123
8T8S-D-B	Negative	0.915688	0.0843123
8FLS-P-R	Negative	0.721215	0.278785
8RRL-C-A	Positive	0.325833	0.674167
8IGC-B-A	Positive	0.410946	0.589054
8VY4-C-A	Negative	0.844143	0.155857
8DWL-D-C	Positive	0.143989	0.856011
8DWL-B-C	Positive	0.203897	0.796103
8F7X-P-R	Negative	0.513079	0.486921
8Z9V-e-b	Negative	0.928512	0.0714882
8ARI-a-A	Negative	0.938322	0.0616783
8JSU-A-B	Positive	0.309726	0.690274
8JSU-C-D	Positive	0.256403	0.743597
8TEG-B-A	Negative	0.523732	0.476268
8YFN-B-A	Negative	0.822019	0.177981
8EFL-F-M	Positive	0.456714	0.543286
8CMB-C-A	Negative	0.582235	0.417765
8CV6-B-A	Positive	0.460448	0.539552
8VMF-C-A	Negative	0.889321	0.110679
8ZK2-Z-C	Positive	0.0467113	0.953289
8VCX-C-D	Negative	0.644179	0.355821
8Q7K-C-A	Negative	0.950147	0.0498533
8Z0H-C-A	Negative	0.5367	0.4633
8QN8-J-F	Negative	0.944811	0.055189
8D7P-D-A	Negative	0.850573	0.149427
8D7P-C-A	Positive	0.313852	0.686148
8Y0P-L-A	Positive	0.496844	0.503156
8DEW-D-A	Negative	0.513494	0.486506
8GOC-G-A	Positive	0.401306	0.598694
8H7G-B-A	Positive	0.468205	0.531795
8H7G-L-D	Negative	0.663279	0.336721
8C1T-E-D	Negative	0.840147	0.159853
8QU3-A-B	Positive	0.438479	0.561521
8ZCS-C-A	Negative	0.672294	0.327706
8D80-C-B	Positive	0.285022	0.714978
8TUU-B-A	Negative	0.63781	0.36219
8PAY-H-A	Negative	0.904417	0.0955827
8Q9P-X-A	Negative	0.982048	0.0179516
8VGD-P-A	Negative	0.654403	0.345597
8USD-A-f	Negative	0.714174	0.285826
8USD-U-f	Negative	0.747392	0.252608
8USD-B-f	Positive	0.387453	0.612547
8B1H-C-A	Negative	0.737003	0.262997
8TEC-C-A	Negative	0.669429	0.330571
8YZW-F-D	Negative	0.93779	0.0622098
8K9F-I-A	Negative	0.885941	0.114059
8PKW-P-B	Negative	0.833677	0.166323
8CMG-C-A	Negative	0.702721	0.297279
8AGB-B-A	Negative	0.527694	0.472306
8ATF-H-G	Negative	0.884796	0.115204
8ESR-z-B	Negative	0.802022	0.197978
8ESR-s-O	Negative	0.832716	0.167284
8ESR-8-X	Positive	0.196511	0.803489
8CA7-E-C	Positive	0.379118	0.620882
8WM0-B-A	Positive	0.128363	0.871637
8T9A-C-B	Negative	0.944905	0.0550954
8FXQ-W-A	Negative	0.527867	0.472133
8V8Q-C-A	Negative	0.778099	0.221901
8B1B-C-A	Negative	0.680447	0.319553
8RS8-E-A	Negative	0.612124	0.387876
8RS8-G-B	Negative	0.612124	0.387876
8D5Q-E-A	Negative	0.562387	0.437613
8WKZ-B-A	Positive	0.254856	0.745144
8VLF-T-A	Negative	0.814399	0.185601
8DGV-A-H	Negative	0.590272	0.409728
8T9D-9-C	Negative	0.527796	0.472204
8UJH-C-A	Negative	0.735704	0.264296
8U2M-D-A	Negative	0.891796	0.108204
8E13-C-A	Negative	0.722732	0.277268
8VJH-Q-A	Positive	0.356555	0.643445
8VJH-U-A	Positive	0.0278031	0.972197
8XFZ-C-A	Negative	0.629812	0.370188
8OZ0-9-H	Positive	0.312855	0.687145
8EBU-H-A	Negative	0.672487	0.327513
8H8H-G-A	Negative	0.799465	0.200535
8UTL-C-A	Negative	0.696617	0.303383
8WHK-B-A	Positive	0.494823	0.505177
8ETJ-T-C	Negative	0.755853	0.244147
8ETJ-s-O	Positive	0.345346	0.654654
8QEP-G-A	Positive	0.164646	0.835354
8ET3-S-A	Negative	0.749246	0.250754
8H8Q-A-L	Positive	0.180632	0.819368
8C07-J-B	Negative	0.540192	0.459808
8B46-D-A	Negative	0.6485	0.3515
8B46-F-B	Negative	0.715928	0.284072
8Q9N-X-A	Negative	0.820572	0.179428
8RIZ-T-K	Positive	0.0906911	0.909309
8ZKM-A-B	Positive	0.0687135	0.931287
8WM6-J-A	Negative	0.875752	0.124248
8WM6-M-B	Negative	0.548767	0.451233
8W5Z-B-A	Positive	0.33382	0.66618
8TTE-C-A	Negative	0.919084	0.0809159
8FLT-P-R	Positive	0.271119	0.728881
8J9S-C-B	Negative	0.865857	0.134143
8DA0-F-A	Positive	0.203155	0.796845
8XLS-J-A	Negative	0.554569	0.445431
8XLS-M-B	Positive	0.365123	0.634877
8KEA-H-A	Positive	0.386893	0.613107
8I0U-K-A	Positive	0.341017	0.658983
8EI2-C-A	Positive	0.424877	0.575123
8AC1-E-C	Positive	0.254663	0.745337
8YVI-X-D	Positive	0.236483	0.763517
8BFW-B-A	Positive	0.109075	0.890925
8Q1R-E-A	Negative	0.785795	0.214205
8U1Z-B-A	Negative	0.865672	0.134328
8D3W-G-A	Negative	0.725722	0.274278
8K4V-C-A	Positive	0.0143121	0.985688
8Y6V-N-D	Negative	0.779457	0.220543
8Y6V-I-G	Positive	0.315931	0.684069
8TWI-D-C	Negative	0.600013	0.399987
8XI2-U-A	Positive	0.253133	0.746867
8ZKK-p-O	Negative	0.817103	0.182897
8ZKK-u-O	Negative	0.773116	0.226884
8HSM-C-A	Negative	0.552343	0.447657
8XZJ-L-R	Positive	0.105287	0.894713
8D5E-P-A	Positive	0.398319	0.601681
8CDU-N-E	Positive	0.488203	0.511797
8C97-0-N	Positive	0.467677	0.532323
8IBO-C-A	Positive	0.362998	0.637002
8A65-B-A	Positive	0.353486	0.646514
8FUF-B-A	Negative	0.71636	0.28364
8SE7-X-A	Positive	0.101197	0.898803
8SE7-H-A	Positive	0.0450146	0.954985
8SE7-Y-B	Positive	0.055951	0.944049
8SE7-P-M	Positive	0.433971	0.566029
8SE7-T-Q	Positive	0.0430413	0.956959
8ZZ0-A-C	Positive	0.2636	0.7364
8ZZ0-B-C	Negative	0.525454	0.474546
8ETC-T-C	Negative	0.673467	0.326533
8ETC-s-O	Positive	0.280113	0.719887
8ETC-8-P	Positive	0.233793	0.766207
8W8E-X-A	Negative	0.704444	0.295556
8SUV-F-A	Positive	0.431434	0.568566
8SUV-H-C	Positive	0.0827163	0.917284
8SUV-I-D	Positive	0.178479	0.821521
8GN0-I-A	Positive	0.393859	0.606141
8GN0-f-a	Negative	0.719693	0.280307
8H1R-C-A	Negative	0.635653	0.364347
8IB6-D-K	Positive	0.220098	0.779902
8IB6-X-M	Negative	0.910432	0.0895678
8IMY-D-G	Negative	0.732098	0.267902
8CBI-C-A	Positive	0.226327	0.773673
8DTM-C-B	Negative	0.89295	0.10705
8QTU-B-A	Positive	0.369058	0.630942
8X7X-F-C	Negative	0.785188	0.214812
8WED-C-A	Positive	0.264562	0.735438
8YPJ-A-B	Negative	0.849138	0.150862
8VPR-B-A	Positive	0.127148	0.872852
8JJ6-E-A	Negative	0.671986	0.328014
8T4S-n-C	Negative	0.786879	0.213121
8RJI-C-A	Positive	0.306168	0.693832
8HZ4-E-A	Negative	0.631648	0.368352
8HZ4-F-A	Negative	0.72376	0.27624
8HZ4-H-A	Negative	0.886977	0.113023
8HZ4-G-B	Negative	0.75793	0.24207
8WDA-E-A	Negative	0.945556	0.054444
8QAU-E-A	Negative	0.759997	0.240003
8JAF-V-A	Negative	0.956274	0.0437258
8UB4-H-B	Negative	0.877372	0.122628
8UB4-J-D	Negative	0.569722	0.430278
8UU8-6-E	Negative	0.599033	0.400967
8UU8-5-7	Negative	0.651079	0.348921
8I9A-D-C	Negative	0.615648	0.384352
8TZX-C-A	Positive	0.127639	0.872361
8Q7E-C-A	Negative	0.842427	0.157573
8VJY-B-A	Negative	0.630962	0.369038
8J0G-F-B	Negative	0.516169	0.483831
8WXW-P-A	Positive	0.435867	0.564133
8HSW-C-A	Negative	0.877415	0.122585
8UI6-B-A	Negative	0.766334	0.233666
8GON-C-A	Negative	0.691659	0.308341
8YV6-B-A	Negative	0.719851	0.280149
8RTA-I-E	Positive	0.210955	0.789045
8RTA-H-F	Positive	0.412548	0.587452
8J5P-X-C	Negative	0.70421	0.29579
8J8Z-V-A	Negative	0.851911	0.148089
8WDV-7-L	Negative	0.652287	0.347713
8WDV-G-D	Negative	0.864779	0.135221
8WDV-J-F	Negative	0.94956	0.0504396
8WDV-T-S	Negative	0.864779	0.135221
8WDV-6-3	Negative	0.89814	0.10186
8UW1-K-A	Negative	0.915632	0.0843678
8FEG-A-B	Negative	0.730522	0.269478
8VYQ-C-A	Negative	0.985066	0.0149338
8HN9-C-A	Negative	0.818814	0.181186
8C5L-C-A	Positive	0.478452	0.521548
8ROP-C-A	Negative	0.643341	0.356659
8UBU-B-A	Negative	0.652271	0.347729
8TUQ-B-A	Positive	0.0223396	0.97766
8G8S-B-A	Positive	0.126208	0.873792
8CAV-D-A	Negative	0.916445	0.0835547
8CAV-G-B	Positive	0.461322	0.538678
8ENS-C-A	Positive	0.380168	0.619832
8RBZ-r-b	Negative	0.8461	0.1539
8RBZ-m-i	Negative	0.804805	0.195195
8TTT-B-A	Positive	0.232249	0.767751
8QT0-B-A	Negative	0.68607	0.31393
8HLO-C-A	Negative	0.655202	0.344798
8G94-F-A	Negative	0.668969	0.331031
8HCO-E-A	Positive	0.176862	0.823138
8U36-B-A	Positive	0.458632	0.541368
8U36-C-A	Negative	0.642937	0.357063
8EJM-B-A	Positive	0.246184	0.753816
8DGX-C-H	Negative	0.8636	0.1364
8RDY-B-A	Positive	0.448132	0.551868
8U4K-C-A	Positive	0.0425697	0.95743
8UKP-C-E	Negative	0.87712	0.12288
8QSH-H-A	Positive	0.323022	0.676978
8HER-A-B	Negative	0.581168	0.418832
8RU3-P-A	Positive	0.436934	0.563066
8RST-B-A	Negative	0.749073	0.250927
8A44-B-A	Positive	0.195707	0.804293
8A9G-D-B	Negative	0.80197	0.19803
8W6A-C-A	Negative	0.926129	0.0738711
8BOX-C-A	Positive	0.311618	0.688382
8QQF-B-A	Negative	0.949352	0.0506482
8A93-D-A	Negative	0.747455	0.252545
8HRY-B-A	Positive	0.24827	0.75173
8FUB-B-A	Positive	0.214796	0.785204
8QYB-A-L	Positive	0.445194	0.554806
8ZX5-G-B	Positive	0.420661	0.579339
8K00-B-A	Positive	0.459194	0.540806
8RXB-F-E	Negative	0.715452	0.284548
8T8G-B-A	Negative	0.698956	0.301044
8T0P-C-B	Positive	0.206033	0.793967
8F9E-P-H	Negative	0.917253	0.0827467
8VU3-J-A	Negative	0.581973	0.418027
8VU3-X-B	Negative	0.575511	0.424489
8VU3-S-G	Negative	0.581973	0.418027
8CRX-3-g	Positive	0.267829	0.732171
8ETG-T-C	Negative	0.788961	0.211039
8OEP-B-A	Negative	0.693803	0.306197
8B1R-P-B	Negative	0.90847	0.0915298
8F4B-B-A	Negative	0.667924	0.332076
8X2U-A-B	Positive	0.418758	0.581242
8X2U-D-E	Negative	0.689139	0.310861
8SRW-E-A	Negative	0.619989	0.380011
8ALH-P-B	Negative	0.709482	0.290518
8P2H-6-8	Negative	0.657915	0.342085
8C2E-P-A	Negative	0.820293	0.179707
8Z08-F-C	Negative	0.728749	0.271251
8CB8-C-A	Negative	0.989518	0.0104824
8ARE-B-A	Positive	0.440181	0.559819
8SR6-B-A	Negative	0.744742	0.255258
8FUC-A-B	Negative	0.51205	0.48795
8FUC-F-B	Positive	0.120282	0.879718
8GMT-B-A	Positive	0.378659	0.621341
8EIB-C-A	Positive	0.349264	0.650736
8AB5-C-A	Negative	0.582402	0.417598
8CBG-C-A	Negative	0.961539	0.0384615
8EMG-C-A	Positive	0.385789	0.614211
8WI0-B-A	Positive	0.446127	0.553873
8RK3-B-g	Positive	0.401604	0.598396
8WGH-J-2	Negative	0.58132	0.41868
8FE7-B-A	Positive	0.334204	0.665796
8WTW-B-A	Negative	0.508593	0.491407
8A43-I-A	Positive	0.282652	0.717348
8VYA-D-A	Negative	0.882813	0.117187
8VYA-F-A	Positive	0.380671	0.619329
8J8P-A-C	Negative	0.594507	0.405493
8Y8B-C-T	Positive	0.0120001	0.988
8IAQ-D-K	Positive	0.231784	0.768216
8QOA-0-2	Negative	0.804007	0.195993
8QOA-6-e	Positive	0.201711	0.798289
8X91-X-A	Positive	0.037351	0.962649
8UJI-C-A	Negative	0.600067	0.399933
8SAO-A-B	Negative	0.652594	0.347406
8JE1-R-A	Positive	0.348293	0.651707
8JE1-G-H	Negative	0.508734	0.491266
8WE2-R-A	Positive	0.316633	0.683367
8EGR-M-G	Negative	0.714336	0.285664
8DNT-D-A	Negative	0.604388	0.395612
8SKJ-E-A	Negative	0.751586	0.248414
8UTJ-f-F	Positive	0.27456	0.72544
8FCT-G-F	Positive	0.341029	0.658971
8S8O-C-A	Negative	0.527881	0.472119
8IBB-D-K	Positive	0.231784	0.768216
8ES9-Y-A	Negative	0.55327	0.44673
8IUG-D-B	Negative	0.817768	0.182232
8IUG-V-C	Positive	0.29591	0.70409
8IUG-X-C	Positive	0.172179	0.827821
8IUG-Y-C	Negative	0.516039	0.483961
8IUG-H-G	Negative	0.817768	0.182232
8IUG-h-L	Positive	0.328123	0.671877
8CMD-C-A	Negative	0.75641	0.243591
8S4Y-A-B	Negative	0.92492	0.0750798
8UX6-F-C	Negative	0.975185	0.0248148
8JYS-A-B	Negative	0.674923	0.325077
8JYS-C-D	Negative	0.699174	0.300826
8UUA-6-E	Negative	0.599033	0.400967
8UUA-5-7	Negative	0.667232	0.332768
8BN1-D-A	Positive	0.232084	0.767916
8DVN-B-A	Positive	0.164919	0.835081
8J8R-G-A	Negative	0.988319	0.0116808
8UHD-X-V	Positive	0.212402	0.787598
8ZLZ-D-B	Positive	0.0493278	0.950672
8K8J-G-B	Negative	0.685297	0.314703
8VJO-F-A	Negative	0.813566	0.186434
8C06-F-A	Positive	0.203444	0.796556
8JRT-e-V	Negative	0.810839	0.189161
8PJG-C-A	Positive	0.2103	0.7897
8GCN-B-A	Positive	0.448974	0.551026
8RUQ-L-G	Negative	0.643189	0.356811
8RDU-r-G	Negative	0.809701	0.190299
8TTA-E-A	Negative	0.759394	0.240606
8TTA-F-C	Negative	0.871574	0.128426
8E2C-C-A	Positive	0.4801	0.5199
8PR7-F-D	Negative	0.955567	0.0444329
8AP8-M-h	Negative	0.612477	0.387523
8AP8-c-g	Negative	0.738445	0.261555
8B1E-C-A	Negative	0.632946	0.367054
8VAZ-E-A	Positive	0.129085	0.870915
8CGD-0-2	Negative	0.547916	0.452084
8DJH-B-A	Negative	0.596321	0.403679
8EAU-b-a	Negative	0.502566	0.497434
8UU4-6-E	Positive	0.318975	0.681025
8XJS-E-B	Positive	0.198281	0.801719
8XJS-D-A	Negative	0.82147	0.17853
8B9V-A-L	Negative	0.975171	0.0248287
8RAL-C-A	Negative	0.828027	0.171973
8AAA-B-A	Negative	0.723759	0.276241
8BIA-C-A	Negative	0.934777	0.0652234
8QSC-H-A	Positive	0.345083	0.654917
8KDX-B-A	Negative	0.62845	0.37155
8QP8-X-S	Negative	0.517284	0.482716
8EYY-D-A	Positive	0.39511	0.60489
8WEF-C-A	Negative	0.912976	0.0870243
8Y9Z-B-A	Positive	0.353566	0.646434
8FVO-C-A	Negative	0.665109	0.334891
8VR9-C-A	Positive	0.0490619	0.950938
8ZLW-R-A	Negative	0.869668	0.130332
8J6Z-J-2	Positive	0.349443	0.650557
8JOY-B-A	Positive	0.370016	0.629984
8FG1-B-A	Positive	0.397763	0.602237
8OP0-B-A	Positive	0.246199	0.753801
8RPY-z-E	Negative	0.70957	0.29043
8YDT-A-B	Negative	0.81256	0.18744
8QXW-B-A	Negative	0.520696	0.479304
8ZYW-A-C	Positive	0.406667	0.593333
8F2M-C-D	Positive	0.39013	0.60987
8BTQ-B-A	Negative	0.580815	0.419185
8C92-2-T	Positive	0.201536	0.798464
8CAM-h-w	Positive	0.316853	0.683147
8A40-L-B	Positive	0.192922	0.807078
8P7L-H-J	Negative	0.760901	0.239099
8CMI-C-A	Negative	0.549881	0.450119
8CMI-F-D	Negative	0.549881	0.450119
8JBM-G-A	Negative	0.93544	0.0645599
8R2I-F-A	Positive	0.398363	0.601637
8R2I-I-A	Positive	0.497668	0.502332
8R2I-1-A	Negative	0.587192	0.412808
8XVE-P-R	Negative	0.913178	0.0868224
8OLT-s-E	Negative	0.609487	0.390513
8EMX-D-C	Negative	0.684138	0.315862
8RH6-G-A	Negative	0.931337	0.0686627
8U9O-A-B	Negative	0.682236	0.317764
8SDQ-B-A	Positive	0.231384	0.768616
8J8Q-A-C	Negative	0.649335	0.350665
8RQF-B-A	Positive	0.269524	0.730476
8SRV-D-A	Negative	0.531796	0.468204
8X54-E-A	Positive	0.473494	0.526506
8SOU-B-A	Positive	0.341361	0.658639
8AED-C-A	Positive	0.13086	0.86914
8AED-D-A	Positive	0.144101	0.855899
8BY5-B-A	Negative	0.937484	0.0625162
8YHZ-P-L	Negative	0.793632	0.206368
8TQ2-D-C	Positive	0.184334	0.815666
8VYW-C-A	Negative	0.784018	0.215982
8C2F-P-A	Negative	0.963319	0.0366815
8Q1S-P-A	Negative	0.85569	0.14431
8Q1S-C-B	Positive	0.24997	0.75003
8G1U-C-A	Negative	0.774141	0.225859
8G1U-D-A	Negative	0.541364	0.458636
8G1U-K-I	Negative	0.883513	0.116487
8WQH-G-D	Negative	0.924234	0.0757658
8WQH-L-H	Negative	0.96695	0.0330498
8KDC-C-A	Negative	0.962813	0.0371874
8KDC-D-A	Positive	0.424196	0.575804
8KDC-E-A	Negative	0.944094	0.0559061
8JA3-U-B	Positive	0.213891	0.786109
8C98-2-T	Positive	0.143745	0.856255
8ZBI-E-C	Positive	0.49361	0.50639
8TLW-B-A	Negative	0.721578	0.278422
8DGW-G-H	Negative	0.70561	0.29439
8ZOM-K-B	Positive	0.103235	0.896765
8P43-P-A	Negative	0.86312	0.13688
8T42-N-A	Positive	0.258445	0.741555
8HEW-B-A	Negative	0.761818	0.238182
8J27-F-B	Positive	0.398148	0.601852
8J27-A-B	Negative	0.810926	0.189074
8TOS-E-A	Positive	0.345486	0.654514
8ONI-B-H	Positive	0.0657867	0.934213
8G2M-F-H	Positive	0.299655	0.700345
8G8R-B-A	Positive	0.116429	0.883571
8HXR-D-B	Positive	0.499312	0.500688
8HXR-C-A	Positive	0.451922	0.548078
8P0A-C-A	Positive	0.124046	0.875954
8PN4-M-A	Positive	0.31305	0.68695
8K35-S-I	Positive	0.401299	0.598701
8ENW-D-B	Negative	0.750283	0.249716
8JUT-K-A	Negative	0.842289	0.157711
8I0P-P-A	Positive	0.365936	0.634064
8QPW-X-F	Positive	0.279339	0.720661
8R7L-D-H	Negative	0.801755	0.198245
8RNH-C-A	Negative	0.755697	0.244303
8XNY-r-C	Positive	0.485592	0.514408
8XNY-R-D	Positive	0.130829	0.869171
8BCT-H-D	Negative	0.700084	0.299916
8X2M-C-A	Positive	0.341296	0.658704
8X2M-D-A	Positive	0.238601	0.761399
8X2M-F-A	Positive	0.360483	0.639517
8TH6-H-A	Positive	0.460764	0.539236
8TH6-G-B	Positive	0.460764	0.539236
8TH6-F-C	Positive	0.14676	0.85324
8GJ5-D-A	Negative	0.651935	0.348065
8GJ5-E-B	Negative	0.803563	0.196437
8GJ5-F-C	Negative	0.767778	0.232222
8P0Q-C-A	Positive	0.128575	0.871425
8P0Q-D-B	Positive	0.416922	0.583078
8B0P-B-A	Negative	0.644009	0.355991
8RX1-i-A	Negative	0.69023	0.30977
8RX1-G-B	Negative	0.834487	0.165513
8RX1-s-D	Negative	0.81526	0.18474
8XGC-K-I	Negative	0.58559	0.41441
8RRK-C-A	Negative	0.980913	0.0190869
8S6T-C-A	Negative	0.801207	0.198793
8HEY-O-a	Negative	0.510197	0.489803
8HEY-T-D	Positive	0.267886	0.732114
8HEY-Q-A	Negative	0.540055	0.459945
8J48-D-B	Positive	0.187167	0.812833
8J48-A-B	Positive	0.19417	0.80583
8X53-E-A	Negative	0.783739	0.216261
8XLP-f-a	Positive	0.272929	0.727071
8XLP-i-a	Positive	0.159771	0.840229
8XLP-t-a	Positive	0.359927	0.640073
8XLP-w-a	Positive	0.261462	0.738538
8XLP-m-b	Positive	0.136671	0.863329
8XLP-x-b	Positive	0.16312	0.83688
8XLP-y-c	Negative	0.520538	0.479462
8XES-C-A	Negative	0.824202	0.175798
8J7H-E-A	Positive	0.462158	0.537842
8ADI-F-A	Positive	0.222134	0.777866
8GJI-B-A	Negative	0.774035	0.225965
8PEF-B-A	Positive	0.225928	0.774072
8TUT-B-A	Positive	0.134071	0.865929
8I10-G-A	Positive	0.146509	0.853491
8C3Z-B-A	Positive	0.0963967	0.903603
8I0R-W-A	Negative	0.947733	0.0522671
8QSJ-m-8	Positive	0.241138	0.758862
8CME-C-A	Negative	0.730652	0.269348
8GO9-G-A	Positive	0.206057	0.793943
8XZG-L-R	Negative	0.914144	0.0858562
8Z11-j-A	Negative	0.814698	0.185302
8Z11-i-B	Negative	0.668287	0.331713
8Z11-m-B	Positive	0.329905	0.670095
8RBH-C-A	Negative	0.935974	0.0640258
8RBH-D-B	Negative	0.862775	0.137225
8VME-B-A	Negative	0.664948	0.335052
8VME-C-A	Negative	0.981067	0.0189332
8I0S-K-A	Positive	0.393354	0.606646
8ZEB-C-A	Positive	0.0882018	0.911798
8C3J-C-A	Negative	0.574781	0.425219
8C3J-J-A	Negative	0.574781	0.425219
8JXV-D-C	Negative	0.761259	0.238741
8D5N-E-C	Negative	0.526585	0.473415
8D5N-B-A	Positive	0.295715	0.704285
8P5R-P-A	Negative	0.732778	0.267222
8EYA-D-A	Negative	0.677128	0.322872
8FVY-f-d	Positive	0.374861	0.625139
8B1F-C-A	Negative	0.788102	0.211898
8DZQ-D-C	Negative	0.892642	0.107358
8IIY-C-A	Negative	0.771364	0.228636
8FG0-P-C	Negative	0.848176	0.151824
8FG0-Q-C	Negative	0.940698	0.0593023
8AGE-B-A	Negative	0.579641	0.420359
8AGE-P-A	Negative	0.518554	0.481446
8QT4-B-A	Positive	0.0852596	0.91474
8F2Q-B-A	Positive	0.0726774	0.927323
8F2Q-C-A	Positive	0.279868	0.720132
8TOR-E-A	Positive	0.436272	0.563728
8YOR-E-A	Positive	0.386955	0.613045
8YOR-F-C	Negative	0.708909	0.291091
8IHM-M-C	Negative	0.788417	0.211584
8C26-B-A	Positive	0.249956	0.750044
8BY6-C-A	Positive	0.493888	0.506112
8XNQ-s-E	Negative	0.980204	0.0197958
8ZGT-C-A	Negative	0.633692	0.366308
8IMX-P-G	Positive	0.0963258	0.903674
8BE6-P-R	Negative	0.633245	0.366755
8EXJ-D-A	Negative	0.765786	0.234214
8WXQ-C-A	Positive	0.292939	0.707061
8VP5-C-A	Positive	0.414307	0.585693
8KME-4-2	Negative	0.889348	0.110652
8DUZ-F-A	Positive	0.195571	0.804429
8DUZ-E-C	Positive	0.350934	0.649066
8WV1-Z-F	Positive	0.171679	0.828321
8WV1-9-g	Positive	0.153387	0.846613
8QY9-A-L	Positive	0.259651	0.740349
8QPK-7-D	Positive	0.311311	0.688689
8QPK-X-A	Negative	0.559675	0.440325
8UU5-6-E	Positive	0.318975	0.681025
8HE0-B-A	Positive	0.329009	0.670991
8WXV-B-A	Positive	0.0968922	0.903108
8B6J-L-C	Positive	0.162497	0.837503
8B6J-l-c	Positive	0.162497	0.837503
8YVZ-E-A	Positive	0.214126	0.785874
8SH9-N-B	Positive	0.468499	0.531501
8R8U-C-A	Positive	0.492151	0.507849
8F7S-P-R	Negative	0.659101	0.340899
8T31-B-A	Negative	0.907806	0.0921938
8T31-F-A	Negative	0.925221	0.074779
8T31-D-C	Negative	0.934505	0.0654951
8T31-H-G	Positive	0.486736	0.513264
8T31-J-I	Negative	0.503518	0.496482
8QOO-B-A	Negative	0.68607	0.31393
8TWE-C-A	Negative	0.75972	0.24028
8TWE-D-B	Positive	0.381434	0.618566
8PKV-P-B	Negative	0.580842	0.419158
8IW4-C-B	Positive	0.230935	0.769065
8HC0-C-A	Negative	0.787187	0.212813
8PO2-D-A	Negative	0.68974	0.31026
8W6L-C-A	Negative	0.829065	0.170935
8S73-M-A	Negative	0.966613	0.0333868
8F9S-P-H	Negative	0.990372	0.00962797
8QTT-K-A	Negative	0.962827	0.037173
8QTT-N-D	Negative	0.838051	0.161949
8IB5-s-E	Negative	0.948848	0.0511522
8B8W-D-B	Negative	0.669425	0.330575
8EI3-G-C	Positive	0.0721062	0.927894
8Y47-B-A	Positive	0.457552	0.542448
8BC6-D-A	Positive	0.324905	0.675095
8IYA-D-B	Negative	0.794278	0.205722
8EMJ-C-A	Negative	0.799777	0.200223
8B5R-X-B	Negative	0.851244	0.148756
8GKV-B-A	Negative	0.701996	0.298004
8WXR-C-A	Positive	0.315437	0.684563
8WXR-D-B	Positive	0.105998	0.894002
8TPJ-Q-B	Positive	0.122683	0.877317
8TPJ-P-E	Positive	0.409736	0.590264
8TPJ-S-F	Negative	0.814221	0.185779
8TPJ-R-N	Negative	0.879082	0.120918
8TTC-E-D	Negative	0.89733	0.10267
8EKA-P-H	Negative	0.965543	0.0344574
8X4Q-B-A	Negative	0.583982	0.416018
8X4Q-J-I	Negative	0.598682	0.401318
8DEU-D-B	Negative	0.683833	0.316167
8A5A-X-G	Positive	0.41276	0.58724
8S1U-1-3	Positive	0.443372	0.556628
8S1U-6-F	Positive	0.426498	0.573502
8FHL-C-A	Negative	0.808632	0.191368
8C40-B-A	Negative	0.718928	0.281072
8Z0A-E-A	Negative	0.856151	0.143849
8QHL-D-B	Negative	0.501975	0.498025
8BJ0-B-A	Negative	0.934777	0.0652234
8TRH-d-4	Negative	0.595045	0.404955
8HBD-L-R	Negative	0.841065	0.158935
8R5I-B-A	Negative	0.627548	0.372452
8QSB-H-A	Positive	0.336583	0.663417
8ASC-J-E	Positive	0.34306	0.65694
8RN3-D-A	Positive	0.390479	0.609521
8RN3-E-A	Negative	0.752796	0.247204
8RU4-C-A	Positive	0.177426	0.822574
8SXE-F-B	Negative	0.825758	0.174242
8DUJ-M-G	Positive	0.0180923	0.981908
8A8R-L-A	Positive	0.28709	0.71291
8A8R-M-B	Positive	0.409483	0.590517
8FAT-E-A	Negative	0.948152	0.0518483
8FAT-F-C	Negative	0.95452	0.0454799
8F7Z-K-E	Positive	0.468033	0.531967
8IA8-L-A	Negative	0.845066	0.154934
8OSL-P-O	Negative	0.873744	0.126256
8DGH-B-A	Positive	0.37918	0.62082
8JYQ-C-A	Negative	0.603046	0.396954
8JYQ-F-D	Negative	0.619871	0.380129
8DYD-C-A	Positive	0.11554	0.88446
8FJK-m-C	Negative	0.597397	0.402603
8GQV-C-A	Negative	0.977957	0.0220434
8B1G-C-A	Negative	0.717236	0.282764
8W6B-D-A	Negative	0.953512	0.0464883
8S6N-E-A	Negative	0.661425	0.338575
8TMY-S-H	Negative	0.734704	0.265296
8TMY-N-B	Negative	0.611098	0.388902
8UXZ-I-C	Positive	0.117897	0.882103
8TL6-E-A	Positive	0.110404	0.889596
8T5E-B-A	Negative	0.773545	0.226455
8JC0-m-d	Negative	0.701469	0.298531
8WXU-D-B	Negative	0.721149	0.278851
8IA4-Q-A	Negative	0.75096	0.24904
8RNE-P-A	Negative	0.840394	0.159606
8INF-T-f	Negative	0.764218	0.235782
8Y1U-B-A	Negative	0.983709	0.0162911
8Y1U-C-A	Negative	0.890156	0.109844
8T56-C-A	Negative	0.718933	0.281067
8T56-D-A	Negative	0.537264	0.462736
8T56-E-A	Negative	0.537264	0.462736
8T56-F-A	Negative	0.661471	0.338529
8JIT-P-R	Negative	0.840574	0.159426
8PPR-Z-N	Negative	0.73395	0.26605
8XVA-F-B	Negative	0.693872	0.306128
8C5G-D-A	Positive	0.448563	0.551437
8DGP-F-A	Negative	0.953081	0.046919
8DGP-E-B	Negative	0.864984	0.135016
8DGP-G-C	Negative	0.96994	0.0300604
8UY3-E-A	Positive	0.385026	0.614974
8UY3-H-B	Positive	0.248878	0.751122
8UY3-I-D	Positive	0.0957454	0.904255
8Y84-A-B	Positive	0.27921	0.72079
8RWG-6-8	Negative	0.782383	0.217617
8OFG-C-A	Negative	0.806418	0.193582
8CSP-Q-B	Negative	0.949205	0.0507953
8CSP-K-C	Negative	0.724373	0.275627
8G8A-C-A	Negative	0.757825	0.242175
8G8A-P-H	Negative	0.925148	0.0748525
8EGS-I-Y	Negative	0.584474	0.415526
8JAS-O-K	Negative	0.722076	0.277924
8IJ0-C-A	Positive	0.454993	0.545007
8IJ0-D-A	Positive	0.454993	0.545007
8Q8K-C-A	Positive	0.454246	0.545754
8COB-B-A	Positive	0.132868	0.867132
8COB-F-E	Positive	0.282695	0.717305
8REF-C-A	Negative	0.889804	0.110196
8AI5-C-A	Negative	0.673394	0.326606
8AI5-D-A	Negative	0.673394	0.326606
8I17-C-A	Negative	0.846908	0.153092
8I17-F-B	Negative	0.903045	0.0969549
8I17-I-E	Negative	0.758826	0.241174
8JUD-B-A	Negative	0.707636	0.292364
8GY7-M-P	Positive	0.179982	0.820018
8EIK-F-E	Positive	0.375331	0.624669
8X06-D-B	Positive	0.0931184	0.906882
8WB4-w-3	Negative	0.516013	0.483987
8WB4-F-A	Positive	0.435945	0.564055
8WB4-J-A	Negative	0.684067	0.315933
8WB4-T-A	Positive	0.120496	0.879504
8WB4-L-A	Negative	0.628924	0.371076
8WB4-m-D	Positive	0.222168	0.777832
8WB4-M-S	Positive	0.222168	0.777832
8WB4-Y-Z	Positive	0.495252	0.504748
8WB4-f-d	Positive	0.435945	0.564055
8A62-B-A	Positive	0.342783	0.657217
8US8-R-H	Negative	0.842031	0.157969
8YWF-P-R	Positive	0.423193	0.576807
8DGO-C-B	Negative	0.952208	0.0477919
8ZUJ-A-D	Positive	0.191231	0.808769
8HK5-G-D	Positive	0.388078	0.611922
8RTD-e-J	Negative	0.973146	0.0268544
8RTD-d-b	Positive	0.247735	0.752265
8RTD-i-f	Negative	0.500927	0.499073
8RTD-D-h	Negative	0.502397	0.497603
8RTD-F-h	Negative	0.864386	0.135614
8YJ2-C-A	Negative	0.738897	0.261103
8C43-B-A	Negative	0.766831	0.233169
8QU4-A-B	Positive	0.438479	0.561521
8PM0-P-A	Positive	0.456322	0.543678
8YTF-B-A	Negative	0.893057	0.106943
8YWA-D-A	Positive	0.404764	0.595236
8D35-C-A	Negative	0.890824	0.109176
8TH5-K-A	Negative	0.727258	0.272742
8TH5-Q-A	Positive	0.312282	0.687718
8TH5-P-F	Negative	0.822295	0.177705
8RKS-L-C	Negative	0.918671	0.0813292
8FY3-C-A	Negative	0.774253	0.225747
8D5F-P-A	Positive	0.421823	0.578177
8FVQ-L-A	Negative	0.862627	0.137373
8J6F-B-I	Negative	0.775527	0.224473
8FG6-A-B	Negative	0.896746	0.103254
8QU2-A-B	Positive	0.405647	0.594353
8Q91-B-A	Positive	0.173018	0.826982
8B2F-H-A	Negative	0.827284	0.172716
8B2F-T-A	Negative	0.827284	0.172716
8FAS-C-A	Negative	0.72376	0.27624
8SM5-B-A	Positive	0.14171	0.85829
8SM5-D-C	Positive	0.460094	0.539906
8SM5-J-I	Positive	0.445091	0.554909
8DGM-B-A	Negative	0.958423	0.0415774
8XV7-B-A	Negative	0.799334	0.200666
8XV7-F-A	Negative	0.914999	0.0850015
8XV7-H-A	Negative	0.994777	0.00522333
8R7N-E-j	Negative	0.878422	0.121578
8D5J-C-A	Negative	0.911169	0.0888311
8IQ4-G-B	Positive	0.483261	0.516739
8ZDB-e-J	Negative	0.510189	0.489811
8ZDB-f-M	Positive	0.471891	0.528109
8WKY-B-A	Positive	0.490613	0.509387
8PM5-N-G	Negative	0.653729	0.346271
8XKM-F-A	Negative	0.535	0.465
8JSL-E-A	Negative	0.94348	0.0565202
8JSL-D-B	Negative	0.926455	0.0735453
8CVZ-F-B	Negative	0.916812	0.0831883
8CVZ-G-C	Negative	0.550738	0.449262
8Q23-E-A	Positive	0.38282	0.61718
8EGT-E-A	Positive	0.46744	0.53256
8WJX-G-B	Positive	0.220509	0.779491
8TUR-B-A	Positive	0.0809666	0.919033
8FPJ-D-A	Negative	0.556035	0.443965
8FPJ-E-A	Positive	0.404565	0.595435
8AN9-E-A	Positive	0.396772	0.603228
8TAR-B-L	Positive	0.18491	0.81509
8CV7-D-A	Positive	0.0704443	0.929556
8IHN-A-K	Negative	0.722593	0.277407
8BYL-D-B	Positive	0.319647	0.680353
8FUD-C-A	Negative	0.991597	0.00840251
8FUD-D-B	Negative	0.984972	0.0150275
8CMH-C-A	Negative	0.519611	0.480389
8WSS-L-R	Positive	0.0607992	0.939201
8WEE-B-A	Positive	0.418972	0.581028
8HEO-G-B	Negative	0.708594	0.291406
8PXX-B-A	Negative	0.655943	0.344057
8SDM-I-A	Positive	0.260625	0.739375
8SDM-X-A	Positive	0.226552	0.773448
8SDM-Y-B	Negative	0.698201	0.301799
8HIL-L-B	Positive	0.34953	0.65047
8ZLX-b-B	Negative	0.810831	0.189169
8ZLX-d-D	Negative	0.868783	0.131217
8ELG-C-A	Negative	0.672224	0.327776
8B1A-C-A	Negative	0.795365	0.204635
8CMC-C-A	Negative	0.597808	0.402192
8AFZ-C-B	Negative	0.673668	0.326332
8IWH-J-A	Positive	0.179049	0.820951
8IWH-L-A	Negative	0.886096	0.113904
8IWH-M-A	Positive	0.0848849	0.915115
8IWH-T-A	Positive	0.132151	0.867849
8IWH-t-B	Positive	0.132151	0.867849
8IWH-K-C	Positive	0.224007	0.775993
8IWH-Y-C	Positive	0.412098	0.587902
8IWH-X-D	Positive	0.167939	0.832061
8IWH-f-d	Positive	0.242318	0.757682
8HVP-I-A	Negative	0.828223	0.171777
8IN0-B-A	Negative	0.527883	0.472117
8F7W-P-R	Negative	0.78787	0.21213
8EF5-F-M	Positive	0.282968	0.717032
8R8V-C-A	Negative	0.706661	0.293339
8Z05-C-A	Negative	0.767172	0.232828
8XV4-C-A	Positive	0.371688	0.628312
8EQI-F-A	Negative	0.838678	0.161322
8AS9-D-A	Negative	0.707166	0.292834
8ASL-I-b	Negative	0.568863	0.431137
8ASL-E-l	Positive	0.205218	0.794782
8ASL-F-l	Positive	0.172471	0.827529
8VWE-C-H	Negative	0.50914	0.49086
8PK6-B-A	Negative	0.832634	0.167366
8PK6-D-C	Positive	0.390098	0.609902
8PK6-F-E	Negative	0.881464	0.118536
8AS3-B-A	Negative	0.688591	0.311409
8AM5-E-A	Positive	0.260377	0.739623
8AM5-I-A	Positive	0.12822	0.87178
8AM5-F-D	Positive	0.172471	0.827529
8FYU-E-B	Negative	0.932228	0.0677722
8OIJ-C-A	Negative	0.627708	0.372292
8OIJ-D-A	Negative	0.627708	0.372292
8CJ1-I-A	Positive	0.457606	0.542394
8CJ1-K-E	Positive	0.457606	0.542394
8TH7-C-A	Negative	0.643586	0.356414
8TH7-D-B	Negative	0.584622	0.415378
8TKT-D-C	Positive	0.138685	0.861315
8RZU-B-A	Positive	0.180731	0.819269
8SBK-C-A	Negative	0.961776	0.0382239
8DKN-C-A	Negative	0.926344	0.0736558
8RBU-C-A	Negative	0.889804	0.110196
8B2K-B-A	Positive	0.0678068	0.932193
8BVF-D-A	Negative	0.975517	0.024483
8A61-G-J	Negative	0.859571	0.140429
8A61-W-K	Negative	0.943269	0.0567305
8D4T-X-N	Positive	0.274363	0.725637
8VML-I-C	Positive	0.402187	0.597813
8FYH-E-B	Negative	0.807458	0.192542
8RLV-C-A	Negative	0.828221	0.171779
8PN5-I-A	Negative	0.628829	0.371171
8PN5-N-F	Negative	0.838691	0.161309
8TXR-a-C	Negative	0.712665	0.287335
8EOI-D-A	Positive	0.211442	0.788558
8AOQ-C-A	Positive	0.271209	0.728791
8I0T-K-A	Positive	0.153601	0.846399
8G7R-8-G	Positive	0.27456	0.72544
8FYM-P-L	Positive	0.338337	0.661663
8FYM-C-A	Positive	0.229738	0.770262
8FYM-J-G	Positive	0.229738	0.770262
8YW4-P-R	Negative	0.790359	0.20964
8PR0-D-F	Positive	0.354834	0.645166
8JOW-B-A	Negative	0.502829	0.497171
8JOW-D-A	Positive	0.35802	0.64198
8G8N-C-A	Positive	0.358486	0.641514
8XGS-F-A	Negative	0.727844	0.272156
8UMX-A-B	Negative	0.553808	0.446192
8IVZ-C-A	Negative	0.67855	0.32145
8CF1-E-B	Positive	0.174224	0.825776
8VP9-C-A	Positive	0.113314	0.886686
8VP9-D-A	Negative	0.871202	0.128798
8EI6-C-A	Negative	0.572208	0.427792
8JBF-A-B	Negative	0.93842	0.0615801
8RMO-F-H	Negative	0.671793	0.328207
8RMY-J-A	Positive	0.416325	0.583675
8GAL-B-A	Positive	0.0844009	0.915599
8V5Y-C-B	Negative	0.601606	0.398394
8JJV-B-A	Positive	0.0804251	0.919575
8YPF-B-A	Negative	0.629797	0.370203
8PKX-P-B	Negative	0.860629	0.139371
8DVM-B-A	Negative	0.578414	0.421586
8PJE-C-A	Positive	0.360975	0.639025
8Q6P-L-3	Positive	0.343934	0.656066
8Z82-S-C	Positive	0.17421	0.82579
8Z82-U-C	Positive	0.0535708	0.946429
8Z82-D-L	Positive	0.17421	0.82579
8Z82-7-L	Positive	0.0535708	0.946429
8Z82-0-B	Negative	0.672079	0.327921
8EH5-G-H	Negative	0.965264	0.0347364
8BBK-G-A	Negative	0.722813	0.277187
8B4Q-B-A	Negative	0.630089	0.369911
8WGO-C-A	Negative	0.741966	0.258034
8IR2-C-A	Negative	0.814754	0.185246
8FE6-B-A	Negative	0.830746	0.169254
8GNN-D-C	Positive	0.332781	0.667219
8FRU-l-X	Negative	0.759722	0.240278
8GJ0-F-B	Positive	0.395923	0.604077
8W8G-E-A	Positive	0.308669	0.691331
8W8G-F-B	Positive	0.202173	0.797827
8W8G-G-C	Negative	0.521152	0.478848
8CZG-E-A	Negative	0.783842	0.216158
8CZG-H-A	Negative	0.715749	0.284251
8CZG-G-B	Negative	0.783842	0.216158
8QQE-C-A	Positive	0.2146	0.7854
8QQE-D-A	Positive	0.0802834	0.919717
8YZR-E-A	Negative	0.819598	0.180402
8TBW-C-A	Negative	0.972485	0.0275151
8CZH-B-A	Positive	0.251647	0.748353
8GSV-B-A	Negative	0.752322	0.247678
8GSV-L-A	Positive	0.441079	0.558921
8GSV-P-O	Negative	0.727335	0.272665
8GSV-V-S	Negative	0.81296	0.18704
8GSV-N-W	Negative	0.519281	0.480719
8ZPU-D-B	Negative	0.792836	0.207164
8DS7-M-L	Negative	0.834319	0.165681
8DL7-F-A	Positive	0.0764616	0.923538
8S6U-C-A	Negative	0.855334	0.144667
8S6U-D-A	Negative	0.61304	0.38696
8V8F-E-B	Negative	0.744052	0.255948
8V8F-H-A	Positive	0.270463	0.729537
8XKW-E-A	Positive	0.0740054	0.925995
8X3S-B-A	Positive	0.099475	0.900525
8JZD-B-A	Positive	0.0592184	0.940782
8JZD-D-A	Positive	0.392634	0.607366
8IHP-M-B	Positive	0.171043	0.828957
8QT8-B-A	Negative	0.674979	0.325021
8HYJ-W-B	Positive	0.423677	0.576323
8RYK-C-A	Positive	0.382185	0.617815
8RYK-D-B	Positive	0.230495	0.769505
8JTI-e-V	Negative	0.554533	0.445467
8JBH-A-B	Positive	0.37368	0.62632
8ZTZ-E-C	Negative	0.616254	0.383746
8QYZ-I-C	Negative	0.947437	0.0525633
8DYT-I-L	Negative	0.940542	0.0594577
8Q1N-a-A	Negative	0.802648	0.197352
8B8O-C-B	Negative	0.879141	0.120859
8B8O-D-A	Negative	0.919268	0.0807324
8TTU-B-A	Negative	0.680331	0.319669
8UGB-D-A	Positive	0.059962	0.940038
8UGB-C-B	Positive	0.0424003	0.9576
8J8V-G-A	Positive	0.206057	0.793943
8CD8-B-A	Negative	0.670016	0.329984
8PNQ-G-A	Positive	0.432978	0.567022
8CSS-K-C	Negative	0.855344	0.144656
8EBK-B-A	Positive	0.394302	0.605698
8RHB-T-K	Negative	0.534392	0.465608
8RHB-t-K	Positive	0.177289	0.822711
8F9U-P-A	Negative	0.939395	0.0606047
8WKD-C-A	Negative	0.817945	0.182055
8DGQ-U-A	Positive	0.468878	0.531122
8DGQ-V-A	Negative	0.86228	0.13772
8PNP-G-A	Positive	0.184313	0.815687
8C7H-A-B	Negative	0.722213	0.277787
8EC5-C-A	Negative	0.62681	0.37319
8CD3-A-B	Negative	0.95724	0.0427603
8BVA-B-A	Positive	0.364529	0.635471
8H2U-K-A	Positive	0.354512	0.645488
8SDO-B-A	Positive	0.203297	0.796703
8P0D-B-A	Negative	0.605326	0.394674
8EI1-E-A	Positive	0.115633	0.884367
8EI1-G-C	Positive	0.106063	0.893937
8EI1-H-D	Positive	0.15682	0.84318
8TXX-K-H	Negative	0.793242	0.206758
8Q3S-C-A	Positive	0.298461	0.701539
8VOD-B-A	Negative	0.885265	0.114735
8V3O-I-A	Positive	0.397339	0.602661
8R1T-D-A	Negative	0.958244	0.0417559
8WA2-H-A	Negative	0.895035	0.104965
8WA2-I-B	Negative	0.837338	0.162662
8UC6-G-C	Negative	0.665862	0.334138
8FR8-c-x	Negative	0.670352	0.329648
8IPL-B-A	Positive	0.191538	0.808462
8TTD-B-A	Negative	0.993822	0.00617787
8SKV-a-A	Negative	0.597111	0.402889
8YTD-B-A	Negative	0.901164	0.0988361
8YTD-C-A	Negative	0.717329	0.282671
8DJ6-E-A	Negative	0.521069	0.478931
8AJM-C-B	Negative	0.638468	0.361532
8TEE-C-A	Negative	0.705586	0.294414
8TEE-D-B	Negative	0.712235	0.287765
8QLV-B-A	Negative	0.671352	0.328648
8VPU-B-A	Positive	0.269175	0.730825
8DTU-B-A	Negative	0.557888	0.442112
8DTU-C-A	Positive	0.136178	0.863822
8GTX-B-A	Negative	0.556761	0.443239
8V8E-C-A	Positive	0.346179	0.653821
8TGF-B-A	Negative	0.537404	0.462596
8XKE-M-A	Negative	0.512719	0.487281
8FUA-B-A	Positive	0.101141	0.898859
8FUA-C-A	Positive	0.309221	0.690779
8PP6-K-G	Positive	0.302061	0.697939
8EHZ-C-A	Positive	0.409714	0.590286
8B8I-I-A	Negative	0.668662	0.331338
8B8I-K-A	Negative	0.726839	0.273161
8B8I-L-B	Negative	0.872557	0.127443
8B8I-O-G	Negative	0.966721	0.0332785
8J64-B-A	Positive	0.290475	0.709525
8SW6-C-A	Negative	0.687157	0.312843
8SW6-D-B	Positive	0.208519	0.791481
8H3C-F-B	Positive	0.48383	0.51617
8QLM-C-A	Positive	0.423114	0.576886
8B1D-C-A	Negative	0.862933	0.137067
8Z06-E-A	Negative	0.797691	0.202309
8I3G-D-A	Positive	0.420204	0.579796
8I3G-C-B	Positive	0.0739287	0.926071
8YR4-D-A	Negative	0.537765	0.462235
8A5Y-G-J	Negative	0.920613	0.0793867
8R6F-e-X	Positive	0.167679	0.832321
8R6F-h-k	Negative	0.733438	0.266562
8BR9-B-A	Positive	0.121036	0.878964
8GIZ-F-B	Negative	0.736395	0.263605
8DWK-C-A	Positive	0.080894	0.919106
8DWK-D-A	Positive	0.0284093	0.971591
8C00-g-W	Positive	0.485037	0.514963
8X2Z-L-M	Negative	0.915327	0.084673
8RN4-E-A	Negative	0.562928	0.437072
8RN4-D-A	Positive	0.389839	0.610161
8TK7-E-B	Negative	0.965594	0.0344058
8CTA-C-A	Negative	0.701976	0.298024
8CTA-G-E	Negative	0.785735	0.214265
8CTA-K-I	Negative	0.513362	0.486638
8CTA-O-M	Negative	0.657028	0.342972
8I4O-B-A	Negative	0.688517	0.311483
8I4O-D-C	Positive	0.144215	0.855785
8I4O-L-K	Negative	0.567787	0.432213
8GJS-B-A	Positive	0.499962	0.500038
8TUS-C-A	Negative	0.651948	0.348052
8CQY-B-A	Negative	0.617228	0.382772
8K2X-L-R	Positive	0.31517	0.68483
8VDC-B-A	Negative	0.621289	0.378711
8EI9-C-A	Positive	0.300771	0.699229
8QSZ-G-A	Positive	0.367183	0.632817
8QSZ-X-B	Negative	0.687543	0.312457
8URE-B-A	Negative	0.939455	0.0605452
8QTC-C-A	Negative	0.987465	0.0125355
8G4Y-B-A	Positive	0.398156	0.601844
8ZBE-P-A	Positive	0.225819	0.774181
8RIK-T-K	Positive	0.373783	0.626217
8RIK-t-K	Positive	0.495387	0.504613
8RAJ-B-A	Positive	0.385298	0.614702
8IQM-B-A	Positive	0.102211	0.897789
8CGR-U-K	Positive	0.206897	0.793103
8YDQ-A-B	Negative	0.675175	0.324825
8AQB-C-B	Negative	0.820069	0.179931
8TGP-B-A	Positive	0.083217	0.916783
8DZR-D-C	Negative	0.907298	0.0927022
8T19-B-A	Negative	0.795861	0.204139
8WMV-J-A	Negative	0.875752	0.124248
8BED-I-G	Negative	0.636569	0.363431
8BED-W-G	Positive	0.193031	0.806969
8GZE-D-A	Positive	0.0202944	0.979706
8VNV-I-C	Positive	0.425309	0.574691
8T51-E-A	Negative	0.52276	0.47724
8ODT-F-A	Negative	0.555057	0.444943
8ODT-G-A	Negative	0.830903	0.169097
8TUB-Q-F	Negative	0.950618	0.0493817
8TUB-K-F	Negative	0.950618	0.0493817
8DGN-B-A	Negative	0.864291	0.135709
8K31-A-B	Negative	0.703349	0.296651
8FZM-B-A	Negative	0.896024	0.103976
8CAS-n-m	Positive	0.444632	0.555368
8V9Q-D-A	Negative	0.955295	0.044705
8V9Q-H-A	Negative	0.902747	0.0972529
8V9Q-F-B	Negative	0.932762	0.0672378
8Y1Y-B-A	Positive	0.371255	0.628745
8FIQ-B-A	Positive	0.174212	0.825788
8WQB-K-J	Negative	0.89746	0.10254
8I0W-4-A	Negative	0.824343	0.175657
8WK4-n-A	Negative	0.709532	0.290468
8WK4-o-A	Negative	0.597973	0.402027
8WK4-s-F	Positive	0.314192	0.685808
8WK4-p-Y	Negative	0.929654	0.0703455
8XZF-L-R	Positive	0.120634	0.879366
8RC4-r-b	Positive	0.344163	0.655837
8ISN-C-A	Negative	0.70535	0.29465
8ESE-X-Z	Positive	0.310526	0.689474
8HEQ-A-B	Positive	0.305797	0.694203
8BFJ-B-A	Positive	0.474444	0.525556
8F9V-N-C	Negative	0.962153	0.0378474
8ECH-C-E	Positive	0.395708	0.604292
8EI7-C-A	Negative	0.895652	0.104348
8BEL-T-C	Positive	0.0919373	0.908063
8RBM-B-A	Positive	0.24229	0.75771
8RBM-b-C	Positive	0.161799	0.838201
8Q0Q-Y-M	Negative	0.904383	0.0956168
8TX8-D-A	Positive	0.444349	0.555651
8C01-g-W	Positive	0.203128	0.796872
8A3T-W-K	Negative	0.859764	0.140236
8A3T-S-A	Negative	0.935869	0.0641314
8VWO-B-A	Negative	0.777678	0.222322
8JE2-H-D	Positive	0.118101	0.881899
8WZ2-L-R	Negative	0.537562	0.462438
8WG8-E-R	Negative	0.81576	0.18424
8PVX-H-C	Negative	0.631093	0.368907
8SGH-B-A	Negative	0.822395	0.177605
8HQV-B-A	Negative	0.553057	0.446943
8EFO-F-M	Positive	0.459329	0.540671
8T1L-9-C	Negative	0.857334	0.142666
8WQA-L-D	Negative	0.92341	0.0765905
8D7M-C-A	Negative	0.908922	0.0910779
8WXZ-P-A	Negative	0.592772	0.407228
8P9O-P-A	Negative	0.588016	0.411984
8TAU-E-I	Negative	0.925209	0.0747909
8F5Q-B-A	Positive	0.300075	0.699925
8F5Q-F-E	Negative	0.751306	0.248694
8ZEE-1-D	Positive	0.0802276	0.919772
8A8X-B-A	Negative	0.826899	0.173101
8A8X-D-C	Negative	0.683223	0.316777
8XKC-C-A	Positive	0.483956	0.516044
8QCB-E-B	Negative	0.851883	0.148117
8CH6-t-w	Positive	0.210606	0.789394
8X98-D-A	Negative	0.658553	0.341447
8HQZ-k-A	Positive	0.312653	0.687347
8HQZ-e-L	Negative	0.677629	0.322371
8HQZ-d-Q	Negative	0.655916	0.344084
8HQZ-f-Q	Positive	0.121107	0.878893
8C3C-B-A	Negative	0.642568	0.357432
8TNP-C-B	Positive	0.101927	0.898073
8PKL-p-d	Positive	0.314481	0.685519
8BP4-F-B	Negative	0.820223	0.179777
8BP4-E-C	Negative	0.820223	0.179777
8U12-C-D	Negative	0.802096	0.197904
8U12-H-D	Negative	0.802096	0.197904
8U12-A-F	Negative	0.802096	0.197904
8C1Y-B-A	Positive	0.481978	0.518022
8A8Q-C-A	Positive	0.35281	0.64719
8A8Q-D-A	Negative	0.634856	0.365144
8Q7I-P-A	Negative	0.735151	0.264849
8PR2-j-f	Positive	0.222841	0.777159
8SV0-C-B	Positive	0.387401	0.612599
8SV0-E-B	Positive	0.355283	0.644717
8BWF-a-A	Negative	0.958038	0.0419616
8BWF-i-F	Negative	0.958038	0.0419616
8UA4-R-G	Positive	0.359192	0.640808
8RTN-I-H	Positive	0.373624	0.626376
8YGL-2-1	Negative	0.95387	0.0461302
8YGL-Z-1	Negative	0.963107	0.0368929
8YGL-a-1	Positive	0.139794	0.860206
8YGL-b-1	Negative	0.896911	0.103089
8YGL-7-9	Negative	0.548731	0.451269
8AZW-O-G	Positive	0.346316	0.653684
8AZW-X-T	Positive	0.198504	0.801496
8HDJ-A-B	Positive	0.499371	0.500629
8HDJ-E-F	Negative	0.895597	0.104403
8RLT-C-A	Negative	0.94561	0.0543898
8J97-V-A	Negative	0.964874	0.0351261
8HEX-O-o	Positive	0.377387	0.622613
8F3B-C-A	Positive	0.427552	0.572448
8UAU-S-A	Negative	0.668669	0.331331
8CVY-E-A	Negative	0.575833	0.424167
8YSZ-C-A	Positive	0.42857	0.57143
8YSZ-E-A	Positive	0.430382	0.569618
8YSZ-D-B	Positive	0.477409	0.522591
8EBL-D-A	Negative	0.6642	0.3358
8I5E-P-H	Positive	0.0794465	0.920554
8QCA-E-B	Negative	0.777348	0.222652
8F88-E-A	Negative	0.885526	0.114474
8F88-F-B	Negative	0.823067	0.176933
8F88-G-B	Negative	0.917174	0.0828261
8XG2-C-A	Positive	0.0917746	0.908225
8PN3-C-A	Negative	0.886158	0.113842
8PN3-D-B	Negative	0.980323	0.0196775
8QZZ-C-A	Positive	0.434481	0.565519
8S6O-H-D	Negative	0.588903	0.411097
8XDN-C-A	Positive	0.36676	0.63324
8XDN-D-A	Positive	0.36676	0.63324
8XDN-E-A	Positive	0.428827	0.571173
8XDN-J-A	Negative	0.694688	0.305312
8J5O-7-0	Positive	0.322669	0.677331
8J5O-9-0	Positive	0.322669	0.677331
8J5O-1-2	Positive	0.210648	0.789352
8J5O-X-C	Negative	0.70421	0.29579
8J5O-J-I	Positive	0.322669	0.677331
8UFB-U-A	Positive	0.184524	0.815476
8YCX-U-A	Positive	0.452026	0.547974
8S31-C-A	Negative	0.663973	0.336027
8S31-D-B	Negative	0.914103	0.0858967
8CZ9-C-A	Negative	0.956971	0.043029
8WXX-D-A	Positive	0.404947	0.595053
8FA7-P-H	Negative	0.917253	0.0827467
8K8E-G-A	Negative	0.929932	0.0700685
8OKF-B-A	Negative	0.884539	0.115461
8ZJD-L-R	Negative	0.721303	0.278697
8WQI-G-D	Negative	0.713297	0.286703
8ETI-T-C	Negative	0.871063	0.128937
8X8L-C-R	Positive	0.121464	0.878536
8Q1Q-D-A	Negative	0.726665	0.273335
8BV1-N-A	Negative	0.87802	0.12198
8HIB-D-V	Negative	0.563856	0.436145
8DP5-E-C	Negative	0.861538	0.138462
8TET-A-E	Positive	0.289114	0.710886
8CJ2-E-A	Positive	0.284978	0.715022
8CJ2-F-A	Positive	0.284978	0.715022
8CJ2-H-D	Negative	0.651288	0.348712
8PHE-C-A	Negative	0.741204	0.258796
8IBF-D-K	Positive	0.222491	0.777509
8D7Z-C-B	Positive	0.433015	0.566985
8T2N-B-A	Negative	0.780267	0.219733
8T2N-D-C	Negative	0.737357	0.262642
8Y74-C-A	Negative	0.726777	0.273223
8GAK-B-A	Positive	0.0372757	0.962724
8VD2-C-A	Positive	0.305285	0.694715
8UTC-E-A	Negative	0.66073	0.33927
8PHR-G-A	Positive	0.381355	0.618645
8PHR-I-A	Negative	0.513601	0.486399
8TAH-H-A	Negative	0.864861	0.135139
8QSD-H-A	Negative	0.950469	0.0495307
8DCK-C-A	Negative	0.501522	0.498478
8RG0-M-O	Positive	0.26028	0.73972
8CVX-E-A	Negative	0.926484	0.0735164
8RGH-E-A	Negative	0.701898	0.298102
8RGH-D-C	Negative	0.746534	0.253466
8EJR-C-B	Negative	0.77939	0.220611
8SW5-C-A	Negative	0.549325	0.450675
8SW5-D-B	Negative	0.585456	0.414544
8ESQ-x-3	Positive	0.37421	0.62579
8ESQ-T-C	Negative	0.869063	0.130937
8ESQ-s-O	Positive	0.419201	0.580799
8ESQ-8-X	Positive	0.474252	0.525748
8HSV-E-A	Negative	0.633505	0.366495
8HSV-F-B	Negative	0.972575	0.0274252
8ADM-P-A	Negative	0.600839	0.399161
8GCH-C-F	Negative	0.779148	0.220852
8HJU-V-L	Positive	0.29591	0.70409
8HJU-Y-L	Negative	0.516039	0.483961
8HJU-Z-L	Positive	0.328123	0.671877
8EIA-C-A	Negative	0.508228	0.491772
8CHE-C-H	Positive	0.267309	0.732691
8B17-C-A	Negative	0.81255	0.18745
8IB1-C-A	Negative	0.741187	0.258813
8R3L-G-A	Positive	0.150956	0.849044
8TOQ-E-A	Positive	0.45583	0.54417
8H0P-L-R	Negative	0.972094	0.0279062
8JBK-G-A	Negative	0.638996	0.361004
8XZH-L-R	Positive	0.196445	0.803555
8ETH-V-u	Positive	0.272572	0.727428
8IA5-B-A	Negative	0.708872	0.291128
8QTF-K-A	Positive	0.425042	0.574958
8QTF-L-B	Positive	0.425042	0.574958
8Q7R-F-H	Positive	0.334181	0.665819
8ON9-D-A	Positive	0.487357	0.512643
8A5D-X-G	Positive	0.299271	0.700729
8EI4-B-A	Negative	0.560757	0.439243
8UFI-C-A	Positive	0.142583	0.857417
8UFI-D-A	Positive	0.195596	0.804404
8XS1-A-H	Negative	0.712667	0.287333
8JKB-A-B	Positive	0.314869	0.685131
8JKB-H-B	Positive	0.420469	0.579531
8JJ9-C-A	Positive	0.271687	0.728313
8JJ9-D-B	Positive	0.467329	0.532671
8HAF-P-R	Negative	0.699639	0.300361
8EXK-B-A	Negative	0.8428	0.1572
8IR4-C-A	Negative	0.899129	0.100871
8U8D-D-A	Negative	0.822309	0.177691
8U8D-C-B	Negative	0.851629	0.148371
8C1N-C-A	Negative	0.959132	0.0408684
8J6D-D-C	Negative	0.922568	0.0774318
8JIU-P-R	Negative	0.724039	0.275961
8B9P-C-A	Positive	0.168143	0.831857
8TQ1-H-A	Negative	0.590959	0.409041
9GBI-J-2	Positive	0.461393	0.538607
9GBI-N-2	Positive	0.332528	0.667472
9C8G-D-A	Positive	0.476989	0.523011
9F45-G-E	Negative	0.640508	0.359492
9O52-I-A	Negative	0.599151	0.400849
9BUX-B-A	Negative	0.644129	0.355871
9BLC-P-R	Positive	0.255497	0.744503
9AT8-E-F	Positive	0.119952	0.880048
9D89-T-H	Negative	0.671444	0.328556
9D89-h-w	Positive	0.276797	0.723203
9N82-G-A	Positive	0.0295839	0.970416
9KGN-D-B	Negative	0.860344	0.139656
9BS0-Z-W	Positive	0.34884	0.65116
9LKT-V-A	Positive	0.456037	0.543963
9E7R-G-B	Positive	0.475446	0.524554
9E6L-H-C	Negative	0.967886	0.0321136
9BX5-P-H	Negative	0.502807	0.497193
9K0X-G-B	Negative	0.860149	0.139851
9J20-D-B	Negative	0.966079	0.0339208
9BAQ-D-A	Positive	0.33763	0.66237
9BAQ-F-A	Negative	0.917972	0.0820277
9FXA-B-C	Negative	0.623734	0.376266
9J8A-P-H	Negative	0.718565	0.281435
9CFT-B-A	Negative	0.83243	0.16757
9CDW-E-A	Negative	0.536143	0.463857
9HBY-E-D	Negative	0.559471	0.440529
9D0A-G-B	Positive	0.335245	0.664755
9CKC-C-A	Negative	0.871472	0.128528
9CKC-E-A	Negative	0.567049	0.432951
9CKC-D-B	Negative	0.837832	0.162168
9CKC-F-B	Negative	0.978981	0.0210193
9DZQ-E-A	Positive	0.172531	0.827469
9E9C-2-U	Negative	0.701315	0.298685
9E9C-m-e	Positive	0.333429	0.666571
9E9C-4-r	Positive	0.127267	0.872733
9DXU-B-A	Negative	0.579527	0.420473
9BT6-a-A	Negative	0.773749	0.226251
9BT6-g-C	Negative	0.773749	0.226251
9IVQ-L-A	Negative	0.52013	0.47987
9IVQ-U-A	Positive	0.425885	0.574115
9K27-F-A	Negative	0.841693	0.158307
9LU9-F-A	Positive	0.201049	0.798951
9LU9-G-A	Positive	0.0741637	0.925836
9EYS-J-A	Positive	0.419862	0.580138
9EYS-Y-A	Positive	0.437552	0.562448
9IP4-E-A	Negative	0.78204	0.21796
9IP4-D-B	Positive	0.461151	0.538849
9LK5-F-A	Positive	0.201806	0.798194
9LK5-I-A	Positive	0.417064	0.582936
9LK5-J-A	Negative	0.651917	0.348083
9LK5-L-A	Negative	0.976225	0.0237753
9LK5-M-B	Positive	0.222095	0.777905
9LK5-U-B	Positive	0.495049	0.504951
9LK5-X-D	Negative	0.558636	0.441364
9BVL-P-A	Negative	0.740144	0.259856
9FAQ-H-C	Negative	0.858229	0.141771
9CLG-B-A	Negative	0.888262	0.111738
9CLG-C-A	Negative	0.742808	0.257192
9QG8-K-A	Negative	0.917408	0.0825924
9FIX-A-M	Negative	0.967633	0.0323668
9B8O-L-H	Negative	0.763572	0.236428
9AS2-D-C	Positive	0.355036	0.644964
9CS0-C-A	Positive	0.423317	0.576683
9GXE-D-A	Positive	0.359183	0.640817
9BTN-L-A	Positive	0.410954	0.589046
9BXC-C-A	Negative	0.635087	0.364913
9EGN-A-B	Negative	0.822454	0.177546
9DDM-Y-A	Negative	0.9338	0.0662003
9DDM-F-B	Positive	0.452022	0.547978
9DDM-Z-B	Negative	0.606474	0.393526
9DDM-G-D	Positive	0.475974	0.524026
9FP0-F-D	Positive	0.356161	0.643839
9FP0-V-E	Negative	0.770287	0.229713
9FP0-S-E	Positive	0.242863	0.757137
9FP0-B-A	Positive	0.280357	0.719643
9C6B-D-B	Positive	0.338298	0.661702
9GQZ-A-B	Negative	0.505003	0.494997
9GQZ-F-C	Positive	0.146471	0.853529
9M8M-S-C	Positive	0.178003	0.821997
9M8M-U-C	Positive	0.178003	0.821997
9M8M-K-L	Positive	0.178003	0.821997
9M8M-Y-L	Positive	0.0926852	0.907315
9M8M-2-H	Negative	0.865282	0.134718
9FVG-P-A	Negative	0.968403	0.0315967
9JFY-L-R	Negative	0.672842	0.327158
9BXU-J-D	Negative	0.833182	0.166818
9BXU-U-T	Positive	0.370909	0.629091
9GFM-H-O	Negative	0.790413	0.209587
9H9Q-E-C	Positive	0.469915	0.530085
9H9Q-F-C	Negative	0.586206	0.413794
9ASM-C-A	Negative	0.84762	0.15238
9CMW-C-D	Negative	0.593887	0.406113
9CXI-C-A	Positive	0.265894	0.734106
9CXI-D-A	Positive	0.346343	0.653657
9HZ5-C-B	Positive	0.228001	0.771999
9BVK-P-A	Negative	0.810451	0.189549
9FL8-F-B	Negative	0.902434	0.0975665
9FL8-G-C	Negative	0.902434	0.0975665
9C4S-B-A	Positive	0.16293	0.83707
9R8R-B-A	Positive	0.259485	0.740515
9KNT-B-A	Positive	0.469024	0.530976
9KNT-D-A	Positive	0.395186	0.604814
9DDO-Y-A	Negative	0.849359	0.150641
9DDO-Z-B	Negative	0.874556	0.125444
9DDO-F-C	Positive	0.298988	0.701012
9KDF-A-R	Negative	0.541204	0.458796
9C0K-P-R	Negative	0.620128	0.379872
9IVG-P-R	Positive	0.263401	0.736599
9RU5-P-A	Positive	0.459399	0.540601
9ARR-C-A	Negative	0.615975	0.384025
9J1K-J-K	Negative	0.678042	0.321958
9J1K-M-L	Negative	0.628246	0.371754
9IVD-E-B	Negative	0.756934	0.243066
9GJW-F-B	Positive	0.339022	0.660978
9LZW-D-A	Positive	0.155505	0.844495
9LZW-F-C	Negative	0.723766	0.276234
9LZW-J-G	Positive	0.161145	0.838855
9ME8-B-A	Negative	0.641796	0.358204
9CPN-H-A	Positive	0.326167	0.673833
9HE1-G-A	Positive	0.35255	0.64745
9M2F-L-R	Positive	0.0754545	0.924545
9I6A-B-A	Negative	0.928023	0.0719768
9NEI-G-A	Negative	0.580045	0.419955
9FS8-Y-3	Positive	0.437521	0.562479
9FS8-e-D	Positive	0.421081	0.578919
9GAS-B-A	Negative	0.818848	0.181152
9E2Y-X-4	Positive	0.224504	0.775496
9MXC-E-A	Negative	0.744069	0.255931
9J6K-B-A	Negative	0.729362	0.270638
9CFC-V-0	Positive	0.352178	0.647822
9FNN-V-A	Negative	0.847676	0.152324
9FNN-Z-A	Positive	0.251914	0.748086
9KPY-H-A	Negative	0.926348	0.0736523
9DBY-M-G	Negative	0.622195	0.377805
9DCY-B-A	Negative	0.858041	0.141959
9IM6-B-A	Positive	0.401667	0.598333
9FIY-A-M	Negative	0.834729	0.165271
9FJC-4-1	Positive	0.0368136	0.963186
9IJX-B-A	Negative	0.821373	0.178627
9IJX-D-C	Negative	0.762689	0.237311
9IJX-F-C	Negative	0.680369	0.319631
9DDP-Y-A	Negative	0.771555	0.228445
9DDP-Z-B	Negative	0.910663	0.0893375
9DDP-F-E	Negative	0.745044	0.254956
9FVI-P-A	Negative	0.931944	0.0680565
9D34-C-A	Negative	0.619083	0.380917
9H1Y-C-A	Negative	0.871527	0.128473
9MGZ-J-7	Negative	0.641837	0.358163
9F1I-P-H	Negative	0.62417	0.37583
9F1I-Q-I	Negative	0.641093	0.358907
9GMZ-H-A	Negative	0.635701	0.364299
9OLQ-C-A	Negative	0.863443	0.136557
9OLQ-F-B	Negative	0.753547	0.246453
9OLQ-I-G	Negative	0.913763	0.0862371
9OLQ-L-G	Positive	0.234911	0.765089
9OLQ-O-M	Negative	0.5813	0.4187
9ITV-X-H	Positive	0.340956	0.659044
9ITV-U-T	Negative	0.755199	0.244801
9ITV-V-Z	Positive	0.284216	0.715784
9ITV-Y-Z	Positive	0.243958	0.756042
9I5R-B-A	Negative	0.981425	0.0185755
9ILR-B-A	Negative	0.789564	0.210436
9H91-9-E	Positive	0.311719	0.688281
9H91-4-G	Positive	0.136704	0.863296
9H91-H-X	Positive	0.166154	0.833846
9DNP-C-A	Negative	0.882008	0.117992
9KQP-J-A	Positive	0.364548	0.635452
9KQP-M-B	Negative	0.81589	0.18411
9K49-F-A	Negative	0.599313	0.400687
9K49-G-A	Negative	0.630156	0.369844
9K49-H-A	Negative	0.714108	0.285892
9GFC-E-A	Negative	0.673026	0.326974
9GFC-F-B	Negative	0.673026	0.326974
9GFC-G-C	Negative	0.616245	0.383755
9LDS-B-A	Negative	0.95097	0.04903
9F5Y-v-V	Positive	0.10397	0.89603
9MUW-B-A	Negative	0.672892	0.327108
9MUW-F-A	Negative	0.640501	0.359499
9MUW-D-C	Negative	0.526784	0.473216
9MUW-E-C	Positive	0.445405	0.554595
9IKI-Z-N	Negative	0.689562	0.310438
9CWN-B-A	Negative	0.956859	0.0431412
9L9P-B-S	Negative	0.778428	0.221572
9AU7-D-A	Negative	0.655538	0.344462
9H3D-B-D	Positive	0.349286	0.650714
9H3D-C-D	Negative	0.841187	0.158814
9H3D-A-E	Negative	0.820613	0.179387
9H3D-H-J	Positive	0.351607	0.648393
9H3D-I-J	Negative	0.772773	0.227227
9H3D-G-K	Negative	0.59951	0.40049
9DEN-D-B	Positive	0.38591	0.61409
9DEN-C-A	Positive	0.0782931	0.921707
9G8H-Q-A	Positive	0.341193	0.658807
9QNI-P-A	Positive	0.274002	0.725998
9CDU-B-A	Positive	0.126802	0.873198
9F5W-M-G	Negative	0.92568	0.0743196
9DNQ-C-A	Negative	0.772708	0.227292
9CC6-B-A	Positive	0.242947	0.757053
9J7B-G-A	Negative	0.770737	0.229263
9CQ4-A-K	Negative	0.570777	0.429223
9CQ4-B-K	Negative	0.841541	0.158459
9CQ4-Y-K	Negative	0.506514	0.493486
9CQ4-Z-K	Positive	0.263827	0.736173
9HDH-C-A	Positive	0.0255874	0.974413
9H8T-h-A	Positive	0.150986	0.849014
9HIU-C-A	Positive	0.313111	0.686889
9E03-B-A	Negative	0.671827	0.328173
9F3F-3-1	Positive	0.320376	0.679624
9BPB-J-A	Positive	0.342425	0.657575
9BPB-i-a	Positive	0.140355	0.859645
9BPB-l-a	Positive	0.461789	0.538211
9JF5-E-A	Positive	0.3558	0.6442
9JF5-F-A	Positive	0.256256	0.743744
9JF5-H-A	Positive	0.256256	0.743744
9JF5-G-C	Positive	0.3558	0.6442
9CKU-H-G	Negative	0.641998	0.358002
9IWK-B-A	Negative	0.843263	0.156737
9IWK-D-C	Negative	0.892582	0.107418
9G13-B-A	Positive	0.317388	0.682612
9G13-H-E	Positive	0.278363	0.721637
9D95-C-A	Negative	0.929252	0.0707484
9J0A-C-A	Negative	0.911431	0.0885688
9BYK-J-A	Negative	0.547868	0.452132
9BYK-I-G	Positive	0.100306	0.899694
9BYK-8-M	Positive	0.313649	0.686351
9BYK-i-M	Positive	0.413971	0.586029
9BYK-T-b	Positive	0.468591	0.531409
9BYK-e-b	Positive	0.180689	0.819311
9J1P-P-R	Negative	0.870399	0.129601
9E04-B-A	Positive	0.205164	0.794836
9E04-G-A	Positive	0.307543	0.692457
9IOL-M-A	Negative	0.798522	0.201478
9DWZ-B-A	Negative	0.78089	0.21911
9C57-H-E	Negative	0.717999	0.282001
9D4Z-G-B	Negative	0.554784	0.445216
9NKI-e-V	Negative	0.73011	0.26989
9GD3-T-C	Positive	0.497437	0.502563
9BBC-X-A	Negative	0.903171	0.0968286
9BBC-Y-A	Negative	0.876018	0.123982
9B45-a-d	Negative	0.883491	0.116509
9C7X-C-A	Negative	0.918954	0.0810456
9MU2-F-E	Negative	0.625008	0.374992
9MU2-M-P	Positive	0.267908	0.732092
9MU2-N-P	Positive	0.275961	0.724039
9DHK-C-A	Positive	0.119287	0.880713
9IVM-P-R	Negative	0.820372	0.179628
9HN4-A-B	Positive	0.136879	0.863121
9DI4-C-A	Positive	0.293557	0.706443
9CK0-B-A	Negative	0.818886	0.181114
9BCT-P-B	Positive	0.195089	0.804911
9HJ1-C-A	Negative	0.837168	0.162832
9CLF-B-A	Positive	0.200053	0.799947
9CLF-C-A	Negative	0.850122	0.149878
9ISZ-E-A	Positive	0.194026	0.805974
9ISZ-F-B	Positive	0.152532	0.847468
9BRR-p-b	Positive	0.225554	0.774446
9CDT-B-A	Positive	0.312906	0.687094
9DEL-C-A	Negative	0.739169	0.260831
9GGP-B-A	Positive	0.0253193	0.974681
9FD2-c-b	Positive	0.272752	0.727248
9QA1-B-A	Positive	0.459855	0.540145
9ITX-Y-Z	Positive	0.483718	0.516282
9ITX-V-Z	Negative	0.559395	0.440605
9ITX-X-T	Positive	0.376911	0.623089
9ITX-U-T	Negative	0.780972	0.219028
9E6N-G-A	Positive	0.200307	0.799693
9E6N-I-C	Negative	0.519151	0.480849
9DSO-C-B	Positive	0.186409	0.813591
9DEO-D-A	Positive	0.359843	0.640157
9B85-q-A	Negative	0.659839	0.340161
9B85-p-B	Negative	0.615281	0.384719
9CI8-b-d	Positive	0.211958	0.788042
9CI8-n-d	Negative	0.693544	0.306456
9EZN-B-A	Negative	0.771068	0.228932
9QA4-B-A	Positive	0.248851	0.751149
9KC5-J-A	Negative	0.816498	0.183502
9KC5-M-B	Negative	0.791134	0.208866
9KND-B-A	Negative	0.899834	0.100166
9MZH-B-E	Negative	0.79033	0.20967
9MZH-C-E	Positive	0.470596	0.529404
9MZH-D-E	Positive	0.436395	0.563605
9F82-B-A	Negative	0.936156	0.0638438
9QNJ-P-A	Negative	0.731467	0.268533
9H1P-B-A	Negative	0.526388	0.473612
9AZ6-I-A	Negative	0.73695	0.26305
9AZ6-G-B	Negative	0.610456	0.389544
9EOU-P-A	Negative	0.514039	0.485961
9BLT-D-A	Negative	0.90957	0.0904299
9LUB-F-A	Positive	0.412906	0.587094
9LUB-G-A	Positive	0.349223	0.650777
9IJM-A-C	Positive	0.406667	0.593333
9FGQ-L-C	Positive	0.450049	0.549951
9QWZ-D-B	Negative	0.944355	0.0556453
9B3J-I-3	Negative	0.668641	0.331359
9B3J-Q-K	Positive	0.0642161	0.935784
9KR6-C-A	Negative	0.969304	0.0306963
9GG8-P-A	Negative	0.989848	0.0101522
9QWO-E-A	Negative	0.96794	0.0320602
9QWO-G-A	Negative	0.965669	0.0343306
9QWO-F-C	Negative	0.991051	0.00894912
9GAG-B-A	Negative	0.908746	0.0912542
9NK9-B-A	Negative	0.695757	0.304243
9CNU-B-A	Negative	0.965847	0.0341529
9ASF-C-A	Negative	0.694827	0.305173
9G05-C-A	Negative	0.736261	0.263739
9CKN-E-A	Positive	0.352699	0.647301
9E8N-e-Y	Negative	0.768502	0.231497
9G4A-B-A	Positive	0.219871	0.780129
9FVL-E-A	Positive	0.210596	0.789404
9CMT-C-A	Positive	0.478583	0.521417
9ETM-G-A	Positive	0.378239	0.621761
9ETM-I-A	Negative	0.925307	0.074693
9ETM-E-A	Negative	0.603091	0.396909
9ETM-C-A	Positive	0.125364	0.874636
9MH0-I-2	Positive	0.29106	0.70894
9IS4-t-1	Positive	0.443766	0.556234
9IS4-L-A	Negative	0.711048	0.288952
9IS4-V-C	Positive	0.374198	0.625802
9IS4-X-D	Positive	0.311615	0.688385
9I68-B-A	Negative	0.891265	0.108735
9NEC-G-A	Positive	0.127066	0.872934
9NEC-H-B	Positive	0.475504	0.524496
9F58-P-S	Positive	0.49711	0.50289
9CH0-D-A	Negative	0.81158	0.18842
9KFI-B-C	Positive	0.081176	0.918824
9KFI-A-C	Positive	0.163656	0.836344
9G43-Q-A	Positive	0.0428558	0.957144
9G3Z-w-M	Positive	0.353171	0.646829
9G3Z-x-M	Negative	0.667019	0.332981
9ILT-I-A	Positive	0.366442	0.633558
9CYY-A-B	Positive	0.494479	0.505521
9CYY-D-B	Negative	0.641461	0.358539
9HGG-B-A	Positive	0.307606	0.692394
9DNY-D-C	Negative	0.901961	0.0980389
9J2F-J-H	Negative	0.521317	0.478683
9J2F-G-A	Negative	0.897638	0.102362
9J2F-F-B	Negative	0.800543	0.199457
9J2F-2-X	Negative	0.800543	0.199457
9D82-P-A	Positive	0.45564	0.54436
9D82-M-E	Positive	0.229122	0.770878
9D82-J-F	Positive	0.275563	0.724437
9HCG-z-L	Negative	0.594227	0.405773
9EIJ-L-F	Negative	0.64371	0.35629
9EIJ-P-I	Negative	0.656116	0.343884
9AX9-C-A	Negative	0.607422	0.392578
9GF9-G-A	Negative	0.984929	0.0150713
9GF9-I-A	Negative	0.984929	0.0150713
9GF9-L-D	Negative	0.710685	0.289315
9C4V-B-A	Positive	0.250804	0.749196
9GG7-P-A	Negative	0.677179	0.322821
9GC0-E-j	Negative	0.755732	0.244268
9EJG-C-A	Negative	0.781094	0.218906
9HGD-B-A	Positive	0.170219	0.829781
9ITO-V-P	Negative	0.595595	0.404405
9BAN-C-B	Negative	0.888554	0.111446
9ES9-F-C	Positive	0.396386	0.603614
9BWD-R-B	Positive	0.260817	0.739183
9BWD-f-U	Positive	0.356865	0.643135
9G0A-X-Z	Negative	0.929519	0.0704806
9IMP-G-A	Positive	0.426944	0.573056
9IMP-H-B	Positive	0.422685	0.577315
9IMP-I-C	Negative	0.890578	0.109422
9IMP-L-F	Negative	0.718224	0.281776
9CLE-B-A	Negative	0.811948	0.188052
9CLE-C-A	Negative	0.563973	0.436027
9BYH-C-A	Negative	0.598414	0.401586
9F0O-L-C	Positive	0.370559	0.629441
9AVT-C-A	Negative	0.715367	0.284633
9E07-F-A	Negative	0.847194	0.152805
9FNO-C-D	Negative	0.51249	0.48751
9EZ4-C-A	Positive	0.440704	0.559296
9B0B-G-A	Negative	0.523869	0.476131
9HLJ-C-D	Negative	0.603597	0.396403
9JYY-a-M	Positive	0.298515	0.701485
9JYY-b-M	Positive	0.413933	0.586067
9HN0-A-B	Negative	0.757644	0.242356
9QEH-1-3	Negative	0.620554	0.379446
9QEH-Z-L	Positive	0.486942	0.513058
9EJH-C-A	Negative	0.881996	0.118004
9MVY-P-A	Negative	0.931979	0.0680211
9MVY-G-D	Negative	0.893009	0.106991
9D3K-L-C	Negative	0.596366	0.403634
9D3K-K-G	Positive	0.208896	0.791104
9KQQ-J-A	Positive	0.47861	0.52139
9KQQ-G-B	Positive	0.0546393	0.945361
9KQQ-M-B	Negative	0.81589	0.18411
9U4W-F-R	Positive	0.292374	0.707626
9CXG-C-A	Positive	0.491178	0.508822
9CXG-D-A	Positive	0.499082	0.500918
9QM9-D-A	Negative	0.620455	0.379545
9BW1-y-M	Negative	0.676026	0.323974
9BW1-a-T	Negative	0.622514	0.377486
9N7Y-E-A	Negative	0.643838	0.356162
9BX7-P-H	Negative	0.749402	0.250598
9L49-C-A	Negative	0.532424	0.467576
9EG6-C-B	Negative	0.80607	0.19393
9EG6-E-D	Negative	0.812661	0.187339
9PAI-B-A	Positive	0.194341	0.805659
9G0B-D-A	Positive	0.21035	0.78965
9EPR-G-B	Negative	0.749315	0.250685
9ISK-I-G	Positive	0.194065	0.805935
9DD1-B-A	Negative	0.657959	0.342041
9ES7-G-A	Positive	0.315164	0.684836
9KQB-F-A	Positive	0.321522	0.678478
9KQB-I-A	Positive	0.0638667	0.936133
9KQB-L-A	Negative	0.504472	0.495528
9KQB-T-A	Positive	0.19551	0.80449
9KQB-W-A	Positive	0.483069	0.516931
9KQB-N-B	Positive	0.46005	0.53995
9KQB-f-a	Positive	0.321522	0.678478
9KQB-w-a	Positive	0.483069	0.516931
9KQB-n-b	Positive	0.46005	0.53995
9KQB-K-C	Positive	0.218932	0.781068
9J64-J-A	Positive	0.249733	0.750267
9D9S-D-A	Negative	0.724178	0.275822
9C7D-B-H	Negative	0.808627	0.191373
9E02-F-E	Positive	0.14515	0.85485
9EYA-C-A	Negative	0.782281	0.217719
9DG3-M-G	Positive	0.240468	0.759532
9GFE-B-A	Negative	0.882771	0.117229
9JER-F-A	Positive	0.3558	0.6442
9CQB-D-A	Positive	0.0258563	0.974144
9E5E-B-A	Negative	0.660994	0.339006
9GCX-I-A	Positive	0.368651	0.631349
9GCX-K-A	Positive	0.146674	0.853326
9UL1-C-A	Negative	0.640891	0.359109
9ED0-h-C	Positive	0.22408	0.77592
9BI6-G-B	Positive	0.0557215	0.944279
9OJR-H-A	Negative	0.749644	0.250356
9E8L-e-V	Negative	0.896086	0.103914
9BUI-e-V	Positive	0.42663	0.57337
9VD9-m-B	Positive	0.155694	0.844306
9VD9-n-B	Negative	0.808552	0.191448
9VD9-p-D	Negative	0.863508	0.136492
9VD9-o-Q	Negative	0.660089	0.339911
9LZL-D-A	Negative	0.702561	0.297439
9LZL-E-B	Negative	0.558049	0.441951
9I8G-Q-U	Positive	0.152844	0.847156
9K2V-O-V	Negative	0.719671	0.280329
9ITQ-X-T	Positive	0.180137	0.819863
9ITQ-U-T	Negative	0.515813	0.484187
9ITQ-Y-Z	Negative	0.606464	0.393536
9ITQ-V-Z	Negative	0.857736	0.142264
9DZN-C-A	Negative	0.790033	0.209967
9J5S-C-A	Positive	0.428946	0.571054
9J5S-D-B	Negative	0.547575	0.452425
9KNF-C-A	Negative	0.75553	0.24447
9IRC-B-A	Negative	0.79292	0.20708
9J0O-X-A	Negative	0.900833	0.0991669
9O91-B-A	Positive	0.296426	0.703574
9LGU-B-A	Negative	0.884469	0.115531
9LGU-H-A	Negative	0.862506	0.137494
9LGU-M-A	Negative	0.884469	0.115531
9KNC-C-A	Negative	0.858529	0.141471
9JAO-K-C	Negative	0.710378	0.289622
9QAJ-K-C	Positive	0.210618	0.789382
9QAJ-N-C	Negative	0.722062	0.277938
9IXU-E-A	Negative	0.875006	0.124994
9IXU-F-A	Negative	0.598933	0.401067
9LXG-B-A	Positive	0.395059	0.604941
9QNH-P-A	Negative	0.93916	0.0608399
9DDE-M-G	Positive	0.347931	0.652069
9J7I-B-A	Negative	0.63588	0.36412
9VM1-D-C	Positive	0.386393	0.613607
9CNX-G-A	Positive	0.212727	0.787273
9IWM-B-A	Negative	0.892985	0.107015
9DJT-F-D	Positive	0.189594	0.810406
9EH5-J-A	Positive	0.108398	0.891602
9EH5-Y-C	Negative	0.883146	0.116854
9CQD-T-B	Positive	0.0347533	0.965247
9CQD-A-G	Positive	0.0323523	0.967648
9CQD-j-I	Positive	0.0493802	0.95062
9CQD-M-J	Positive	0.0244793	0.975521
9CQD-N-Q	Positive	0.0176437	0.982356
9EJI-C-A	Negative	0.882668	0.117332
9OUW-H-D	Positive	0.191986	0.808014
9UGP-B-A	Negative	0.727687	0.272313
9VXG-B-A	Positive	0.419168	0.580832
9CB3-C-A	Negative	0.932942	0.0670583
9HBV-E-D	Positive	0.280993	0.719007
9LKX-K-J	Positive	0.175848	0.824152
9IOX-T-A	Positive	0.344103	0.655897
9IOX-M-B	Negative	0.84699	0.15301
9IOX-V-C	Positive	0.440452	0.559548
9IOX-f-a	Positive	0.442578	0.557422
9BKD-U-L	Positive	0.362087	0.637913
9B9Q-F-A	Negative	0.860031	0.139969
9GAP-B-A	Negative	0.879468	0.120532
9QLM-B-A	Negative	0.821214	0.178785
9MIY-b-A	Negative	0.658701	0.341299
9EAF-C-A	Negative	0.98842	0.0115801
9EAF-D-A	Negative	0.920585	0.079415
9FQL-C-A	Negative	0.589763	0.410237
9FQL-G-E	Negative	0.589763	0.410237
9FQL-H-E	Negative	0.673683	0.326317
9C59-Y-M	Negative	0.802794	0.197206
9I7T-G-C	Positive	0.469815	0.530185
9I7T-E-A	Negative	0.944471	0.0555286
9C3E-X-A	Negative	0.800748	0.199252
9G6V-A-1	Positive	0.233134	0.766866
9J78-E-B	Negative	0.627666	0.372334
9J78-I-J	Positive	0.376317	0.623683
9JU1-C-A	Positive	0.276223	0.723777
9DNZ-D-C	Negative	0.80323	0.19677
9RGB-A-D	Positive	0.341923	0.658077
9FH9-L-C	Positive	0.253455	0.746545
9QX0-C-A	Negative	0.9017	0.0982997
9FXV-B-A	Negative	0.962232	0.0377685
9GAV-G-B	Negative	0.592318	0.407682
9NZH-B-A	Positive	0.115506	0.884494
9E3B-N-A	Negative	0.566991	0.433009
9GC2-N-A	Negative	0.934624	0.0653762
9B2U-E-K	Negative	0.709666	0.290334
9B40-G-A	Negative	0.627255	0.372745
9FM5-D-A	Negative	0.783455	0.216545
9GR0-F-B	Negative	0.790569	0.209431
9EB6-C-A	Positive	0.0837764	0.916224
9GE3-G-B	Negative	0.599728	0.400272
9QNG-B-A	Negative	0.922952	0.0770476
9ILD-B-A	Positive	0.316592	0.683408
9GF6-H-O	Negative	0.704472	0.295528
9FP2-V-E	Negative	0.55808	0.44192
9G8R-E-B	Negative	0.834898	0.165102
9FVH-P-A	Negative	0.984031	0.0159689
9CDZ-B-A	Positive	0.22109	0.77891
9MU9-L-B	Positive	0.283593	0.716407
9D3L-L-C	Negative	0.866813	0.133187
9AST-L-R	Positive	0.0693398	0.93066
9BNS-C-H	Positive	0.338937	0.661063
9BNS-D-H	Positive	0.404274	0.595726
9CWT-K-A	Negative	0.892521	0.107479
9FVN-P-A	Negative	0.982698	0.017302
9BJZ-C-A	Positive	0.117772	0.882228
9FZA-D-A	Positive	0.171154	0.828846
9JNI-B-A	Positive	0.456565	0.543435
9FUM-F-A	Negative	0.775706	0.224294
9FUM-E-B	Negative	0.746143	0.253857
9C96-D-A	Negative	0.633747	0.366253
9G40-X-F	Negative	0.944268	0.0557322
9G40-u-F	Negative	0.612151	0.387849
9N49-F-G	Negative	0.903809	0.0961907
9F6S-B-A	Negative	0.977937	0.0220629
9IMN-F-A	Positive	0.442578	0.557422
9IMN-V-C	Positive	0.440452	0.559548
9C1C-D-B	Negative	0.588145	0.411855
9JJ7-C-A	Negative	0.593957	0.406043
9CYM-P-A	Negative	0.913333	0.0866673
9GFA-P-A	Negative	0.942636	0.0573636
9HFW-B-A	Negative	0.693337	0.306663
9UGC-B-A	Negative	0.867558	0.132442
9ESI-n-m	Positive	0.333254	0.666746
9MNW-F-D	Negative	0.858148	0.141852
9KN3-C-A	Positive	0.278716	0.721284
9K3Q-E-H	Positive	0.355193	0.644807
9ERV-B-A	Positive	0.407294	0.592706
9HM9-F-C	Positive	0.467442	0.532558
9OJ3-B-A	Positive	0.087581	0.912419
9QA3-B-A	Negative	0.750623	0.249377
9DY8-C-A	Negative	0.799098	0.200902
9ILS-B-A	Negative	0.896947	0.103053
9JO6-B-A	Positive	0.124729	0.875271
9GMC-B-A	Negative	0.659268	0.340732
9GMC-D-A	Negative	0.773682	0.226318
9L4A-C-A	Negative	0.940885	0.0591146
9KNG-C-A	Positive	0.384932	0.615068
9DJ8-G-A	Negative	0.983511	0.0164887
9FE6-E-B	Positive	0.450833	0.549167
9OP5-A-a	Positive	0.412159	0.587841
9F6H-L-B	Positive	0.0755114	0.924489
9CGC-Y-R	Negative	0.91618	0.0838204
9FCM-D-A	Negative	0.544796	0.455204
9FCM-E-A	Negative	0.865381	0.134619
9FCM-F-B	Negative	0.726964	0.273036
9HN5-B-A	Negative	0.891482	0.108518
9LH0-A-B	Positive	0.194293	0.805707
9QNL-B-A	Negative	0.85419	0.14581
9CCE-D-A	Positive	0.258979	0.741021
9CCE-C-B	Positive	0.180506	0.819494
9KD5-C-A	Negative	0.833405	0.166595
9QWU-C-A	Negative	0.91857	0.0814299
9BUR-B-A	Negative	0.586894	0.413106
9NO7-z-5	Positive	0.204665	0.795335
9G6G-J-A	Positive	0.213528	0.786472
9EIH-U-G	Negative	0.687312	0.312688
9EIH-T-I	Positive	0.226726	0.773274
9EIH-V-J	Negative	0.588104	0.411896
9GD2-T-C	Positive	0.322193	0.677807
9GD2-S-Q	Negative	0.843996	0.156004
9D3M-K-C	Positive	0.232954	0.767046
9D3M-L-G	Positive	0.333553	0.666447
9ASG-C-A	Negative	0.797051	0.202949
9BVM-P-A	Negative	0.671873	0.328127
9DPL-D-A	Positive	0.14758	0.85242
9DNR-C-A	Negative	0.847357	0.152643
9FIW-A-M	Negative	0.991193	0.00880725
9HGH-B-A	Negative	0.627114	0.372886
9H9P-C-M	Negative	0.876419	0.123581
9BP1-I-A	Positive	0.353898	0.646102
9GAQ-B-A	Negative	0.811121	0.188879
9BT7-C-A	Positive	0.141507	0.858493
9G5J-E-A	Negative	0.960705	0.0392946
9G5J-G-A	Negative	0.960705	0.0392946
9DHZ-C-A	Negative	0.806937	0.193063
9QH3-D-A	Positive	0.472125	0.527875
9ITF-B-C	Positive	0.488618	0.511382
9VWT-B-A	Positive	0.354453	0.645547
9PMW-C-A	Positive	0.187222	0.812778
9PMW-D-A	Negative	0.72254	0.277459
9PMW-E-A	Negative	0.858818	0.141182
9MH1-J-7	Negative	0.641837	0.358163
9MH1-H-B	Positive	0.214455	0.785545
9C9I-B-A	Positive	0.318769	0.681231
9C9I-D-C	Positive	0.478804	0.521196
9C9I-H-G	Positive	0.198153	0.801847
9I8V-B-C	Negative	0.602551	0.397449
9GRX-j-a	Negative	0.548424	0.451576
9KI1-h-G	Positive	0.396643	0.603357
9CNZ-H-A	Positive	0.416343	0.583657
9FJ3-C-A	Positive	0.18452	0.81548
9B9L-C-A	Negative	0.500265	0.499735
9QA0-B-A	Positive	0.486283	0.513717
9EX5-E-A	Negative	0.993483	0.00651703
9EX5-G-A	Negative	0.883976	0.116024
9EX5-D-B	Negative	0.908713	0.0912874
9GMO-0-F	Positive	0.365989	0.634011
9RPD-I-J	Negative	0.936148	0.0638517
9RPD-K-J	Negative	0.547424	0.452576
9AUC-P-E	Positive	0.178722	0.821278
9C79-D-H	Negative	0.687575	0.312425
9VEI-C-A	Positive	0.392724	0.607276
9DEK-C-A	Positive	0.478175	0.521825
9B5Y-L-R	Negative	0.64972	0.35028
9JJ8-j-a	Negative	0.884642	0.115358
9JJ8-m-b	Negative	0.647888	0.352112
9G8S-x-r	Negative	0.769121	0.230879
9GJP-F-B	Positive	0.392178	0.607822
9DLX-I-A	Negative	0.629906	0.370094
9DLX-H-B	Negative	0.767572	0.232428
9NIG-P-A	Negative	0.675517	0.324483
9NIG-G-C	Negative	0.856748	0.143252
9F6Y-B-A	Negative	0.871732	0.128268
9UGB-C-B	Negative	0.976733	0.0232673
9QWP-D-C	Positive	0.319955	0.680045
9VN5-C-A	Positive	0.407385	0.592615
9HGC-B-A	Negative	0.877732	0.122268
9GHK-Q-A	Negative	0.985851	0.0141491
9J1M-4-G	Positive	0.0860488	0.913951
9BYO-P-R	Positive	0.474036	0.525964
9JA1-D-G	Positive	0.44768	0.55232
9GTU-A-C	Negative	0.866534	0.133466
9IZ2-C-A	Negative	0.832514	0.167486
9GOB-F-C	Positive	0.0677069	0.932293
9C9O-C-B	Negative	0.720056	0.279944
9LR9-b-A	Positive	0.378935	0.621065
9LR9-d-A	Negative	0.797203	0.202797
9LR9-L-D	Positive	0.31672	0.68328
9LR9-S-D	Negative	0.729347	0.270653
9LR9-T-D	Negative	0.710604	0.289396
9LR9-U-D	Positive	0.247756	0.752244
9LR9-E-F	Positive	0.347819	0.652181
9LR9-a-G	Negative	0.665986	0.334014
9LR9-c-G	Negative	0.652999	0.347001
9LR9-B-H	Positive	0.475615	0.524385
9LR9-Z-H	Negative	0.841808	0.158192
9HFU-D-A	Negative	0.688476	0.311524
9OCF-D-A	Negative	0.520969	0.479031
9DOM-H-G	Negative	0.561215	0.438785
9GY6-L-A	Negative	0.651279	0.348721
9M4F-I-1	Positive	0.199571	0.800429
9M4F-M-1	Positive	0.414004	0.585996
9ASO-B-A	Negative	0.67687	0.32313
9CIA-m-e	Negative	0.651056	0.348944
9CIA-n-f	Negative	0.751992	0.248008
9CIA-b-d	Negative	0.712577	0.287423
9B8P-O-C	Negative	0.815652	0.184348
9BTW-P-R	Positive	0.306681	0.693319
9I5X-5-7	Negative	0.608499	0.391501
9I5X-8-P	Positive	0.39143	0.60857
9I5X-6-W	Negative	0.668472	0.331528
9JHJ-C-B	Positive	0.470535	0.529465
9MGW-I-2	Positive	0.29106	0.70894
9EXT-D-A	Negative	0.989824	0.0101756
9EXT-G-A	Negative	0.982074	0.0179257
9NEG-I-A	Positive	0.209826	0.790174
9NEG-J-B	Negative	0.885587	0.114413
9CJK-H-D	Positive	0.445271	0.554729
9FT9-B-A	Negative	0.806457	0.193543
9HB3-A-R	Positive	0.0407214	0.959279
9FMS-D-A	Positive	0.374583	0.625417
9CB7-Z-Q	Positive	0.354332	0.645668
9M1O-L-R	Positive	0.393573	0.606427
9DUN-E-A	Negative	0.707233	0.292767
9DUN-F-B	Negative	0.653046	0.346954
9CQA-A-E	Positive	0.387765	0.612235
9NWE-E-A	Negative	0.634372	0.365628
9NWE-F-B	Negative	0.857993	0.142007
9J54-B-A	Negative	0.980299	0.0197006
9J54-D-C	Negative	0.939774	0.0602264
9DUJ-B-A	Negative	0.62237	0.37763
9CF8-V-0	Negative	0.509485	0.490515
9MQ5-B-A	Positive	0.12418	0.87582
9D97-C-A	Negative	0.928519	0.0714811
9IWJ-E-A	Negative	0.554695	0.445305
9IWJ-G-B	Negative	0.933884	0.0661158
9IWJ-H-D	Positive	0.206103	0.793897
9G1V-D-A	Negative	0.559437	0.440563
9ITM-U-T	Positive	0.467715	0.532285
9IF9-C-B	Negative	0.63022	0.36978
9BLI-C-A	Positive	0.485445	0.514555
9N0Z-D-B	Negative	0.948426	0.0515738
9UGQ-E-B	Positive	0.214177	0.785823
9CS1-C-A	Positive	0.10173	0.89827
9C8D-M-A	Negative	0.791146	0.208854
9ARO-F-A	Negative	0.953368	0.0466323
9HFV-B-A	Negative	0.652344	0.347656
9HFL-N-A	Negative	0.852254	0.147746
9DEM-G-A	Positive	0.0238981	0.976102
9KKU-C-A	Positive	0.216995	0.783005
9LK4-M-A	Positive	0.222095	0.777905
9LK4-F-D	Positive	0.155536	0.844464
9LK4-f-d	Positive	0.155536	0.844464
9RFU-C-E	Positive	0.341923	0.658077
9CFD-P-H	Positive	0.466975	0.533025
9D80-F-D	Positive	0.178204	0.821796
9E0J-R-G	Negative	0.801199	0.198801
9E0J-M-G	Positive	0.203243	0.796757
9E0J-I-S	Positive	0.267038	0.732962
9E0J-j-a	Negative	0.801199	0.198801
9BLX-I-H	Positive	0.477142	0.522858
9BV2-y-f	Positive	0.165982	0.834018
9F79-C-A	Negative	0.924612	0.0753881
9CUY-W-X	Positive	0.380293	0.619707
9QA2-B-A	Negative	0.798772	0.201228
9B0A-C-A	Positive	0.148367	0.851633
9E82-B-R	Positive	0.100227	0.899773
9E2P-B-A	Negative	0.620929	0.379071
9AVF-B-A	Positive	0.307399	0.692601
9AVF-D-C	Positive	0.407163	0.592837
9CC5-B-A	Negative	0.504256	0.495744
9M0R-L-R	Negative	0.853572	0.146428
9GM3-B-A	Positive	0.487497	0.512503
9GM3-D-A	Positive	0.3958	0.6042
9IKQ-C-A	Negative	0.556404	0.443596
9IKQ-D-A	Negative	0.784615	0.215385
9RV5-B-A	Negative	0.756449	0.243551
9EW5-C-A	Negative	0.82335	0.17665
9G9T-L-A	Positive	0.471729	0.528271
9G9T-l-C	Positive	0.471729	0.528271
9CL8-C-A	Negative	0.887363	0.112637
9DLZ-H-C	Negative	0.879294	0.120706
9D2F-Y-L	Positive	0.374185	0.625815
9D2F-Z-M	Positive	0.499667	0.500333
9ES8-Q-A	Negative	0.654993	0.345007
9GV6-C-A	Negative	0.93266	0.0673402
9M54-L-R	Positive	0.499046	0.500954
9IP3-E-A	Negative	0.966479	0.0335209
9IP3-D-B	Negative	0.541773	0.458227
9QT5-7-M	Positive	0.156162	0.843838
9QT5-5-D	Negative	0.860427	0.139573
9QT5-3-Q	Positive	0.33514	0.66486
9QT5-G-X	Positive	0.0317217	0.968278
9QT5-4-6	Positive	0.337368	0.662632
9B1P-F-A	Positive	0.30243	0.69757
9BVP-P-A	Negative	0.566162	0.433838
9IUZ-C-B	Positive	0.288416	0.711584
9C19-F-C	Negative	0.79146	0.20854
9QDI-I-C	Negative	0.894502	0.105498
9QDI-J-D	Negative	0.904351	0.0956491
9C50-E-B	Negative	0.770698	0.229302
9GMB-J-C	Negative	0.962809	0.0371908
9GMB-I-E	Negative	0.907666	0.0923343
9ATN-B-A	Negative	0.669641	0.330359
9UPZ-D-A	Negative	0.820586	0.179414
9QEG-Z-L	Positive	0.280145	0.719855
9GVH-A-B	Negative	0.810864	0.189136
9J8U-C-A	Positive	0.443379	0.556621
9BKX-d-D	Negative	0.601231	0.398769
9BKX-g-G	Negative	0.731955	0.268045
9BKX-h-H	Negative	0.5659	0.4341
9BKX-i-I	Negative	0.565288	0.434712
9BKX-p-P	Positive	0.267729	0.732271
9BKX-r-R	Negative	0.960435	0.0395654
9BKX-t-T	Negative	0.801506	0.198494
9HIW-C-A	Negative	0.914231	0.0857691
9NPX-j-A	Positive	0.327852	0.672148
9NPX-B-A	Positive	0.0819861	0.918014
9NPX-e-I	Positive	0.348189	0.651811
9EH2-l-M	Negative	0.691811	0.308189
9J5E-B-A	Negative	0.960299	0.039701
9H1G-C-A	Negative	0.943007	0.0569932
9LKY-K-J	Positive	0.05392	0.94608
9EBO-P-R	Positive	0.309167	0.690833
9V6Z-A-B	Positive	0.0669191	0.933081
9BV3-e-V	Negative	0.678805	0.321195
9FEB-E-A	Positive	0.17173	0.82827
9NED-G-A	Positive	0.179685	0.820315
9NED-H-A	Positive	0.0306286	0.969371
9L6B-C-A	Positive	0.266906	0.733094
9B0X-J-B	Negative	0.542738	0.457262
9HDK-C-A	Positive	0.146603	0.853397
9BLW-P-E	Positive	0.306681	0.693319
9JLB-B-A	Negative	0.775732	0.224268
9EYT-E-A	Negative	0.798944	0.201056
9EYT-G-A	Negative	0.796189	0.203811
9EXU-D-A	Negative	0.902323	0.0976771
9GLQ-A-C	Negative	0.859638	0.140362
9GLQ-B-C	Negative	0.769295	0.230705
9CXH-D-A	Positive	0.335335	0.664665
9CXH-C-A	Positive	0.118755	0.881245
9AVW-C-A	Negative	0.539108	0.460892
9AU4-S-G	Negative	0.868089	0.131911
9GC4-D-A	Positive	0.334472	0.665528
9E01-G-B	Positive	0.418169	0.581831
9BUE-P-R	Positive	0.146747	0.853253
9DBN-B-A	Positive	0.155317	0.844683
9OA2-U-A	Negative	0.642023	0.357977
9OA2-X-D	Negative	0.597217	0.402783
9B12-J-E	Negative	0.523869	0.476131
9FNH-X-A	Positive	0.0659225	0.934078
9VEC-C-J	Positive	0.30229	0.69771
9KFK-B-R	Positive	0.0650629	0.934937
9CPF-E-A	Positive	0.368118	0.631882
9LAF-A-C	Negative	0.578232	0.421768
9FOF-r-q	Negative	0.877945	0.122055
9PN0-C-A	Negative	0.729934	0.270066
9IIU-J-A	Positive	0.18887	0.81113
9IIU-T-A	Positive	0.352122	0.647878
9IUE-2-5	Positive	0.145871	0.854129
9P1C-A-B	Positive	0.289517	0.710483
9L1X-L-A	Positive	0.449328	0.550672
9QWS-C-A	Negative	0.93726	0.0627404
9GXG-F-A	Positive	0.2283	0.7717
9GXG-G-A	Positive	0.431491	0.568509
9E06-B-A	Positive	0.14488	0.85512
9GMD-D-C	Negative	0.59726	0.40274
9DTR-G-T	Negative	0.788652	0.211348
9MUX-D-A	Positive	0.297822	0.702178
9G3Y-o-A	Positive	0.498122	0.501878
9G3Y-s-D	Positive	0.485065	0.514935
9C66-B-A	Positive	0.363224	0.636776
9EB5-D-A	Negative	0.888674	0.111326
9Q8Y-G-D	Positive	0.437608	0.562392
9BCQ-C-A	Positive	0.222504	0.777496
9BVQ-P-A	Positive	0.357621	0.642379
9ITZ-U-T	Negative	0.606626	0.393374
9ITZ-X-T	Positive	0.358011	0.641989
9QNK-P-A	Negative	0.971435	0.0285654
9IRK-B-C	Positive	0.491918	0.508082
9C1D-C-B	Negative	0.621531	0.378469
9GY8-B-A	Negative	0.529799	0.470201
9EXF-E-A	Negative	0.729545	0.270455
9EXF-F-B	Negative	0.808652	0.191348
9EXF-J-B	Negative	0.961153	0.0388471
9EXF-O-B	Negative	0.917387	0.0826126
9EXF-N-D	Negative	0.978295	0.0217054
9DEP-C-A	Positive	0.100742	0.899258
9DEP-D-A	Positive	0.146092	0.853908
9DD3-B-A	Negative	0.744423	0.255577
9D2B-G-F	Negative	0.766175	0.233825
9D2B-H-F	Negative	0.766951	0.233049
9N0Y-D-B	Negative	0.502213	0.497787
9C7T-D-B	Positive	0.20269	0.79731
9LBT-C-A	Negative	0.649898	0.350102
9GV7-C-A	Negative	0.596797	0.403203
9KD4-C-A	Negative	0.885311	0.114689
9IZ0-F-A	Negative	0.765872	0.234128
9D45-C-A	Negative	0.664451	0.335549
9EII-P-I	Negative	0.656116	0.343884
9NO1-X-J	Negative	0.696104	0.303896
9HEJ-G-F	Negative	0.740156	0.259844
9QT9-C-A	Negative	0.891904	0.108096
9BD3-B-A	Positive	0.498117	0.501883
9FJ4-B-A	Negative	0.777159	0.222841
9FTM-D-G	Negative	0.736574	0.263426
9FTM-K-G	Negative	0.803122	0.196878
9FTM-B-A	Negative	0.67815	0.32185
9C4T-B-A	Positive	0.18841	0.81159
9DPF-B-A	Negative	0.512488	0.487512
9DPF-D-C	Negative	0.650957	0.349043
9KNQ-E-B	Positive	0.241894	0.758106
9I4X-L-A	Positive	0.387456	0.612544
9CXJ-D-A	Positive	0.310436	0.689564
9CXJ-C-B	Positive	0.295052	0.704948
9HCE-8-6	Positive	0.326593	0.673407
9EXG-D-A	Negative	0.881985	0.118015
9EXG-J-B	Negative	0.951876	0.0481242
9DDN-Y-A	Negative	0.713261	0.286739
9DDN-F-B	Negative	0.692442	0.307558
9DDN-Z-B	Negative	0.81909	0.18091
9BF9-G-A	Negative	0.79974	0.20026
9EZ6-C-A	Positive	0.446946	0.553054
