1GMH-E-F	Positive	0.00428468	0.995715
1DOW-B-A	Positive	0.184185	0.815815
1XMO-V-M	Negative	0.917838	0.0821624
1QKA-B-A	Positive	0.00112063	0.998879
1UF2-K-A	Positive	0.00791574	0.992084
1FZG-M-B	Positive	0.00910568	0.990894
1P13-D-A	Positive	0.000632584	0.999367
1YDT-I-E	Positive	0.0330641	0.966936
1T7D-C-A	Positive	0.422684	0.577316
1D4P-A-B	Positive	0.441973	0.558027
1D4P-H-B	Positive	0.0884681	0.911532
1YPH-B-D	Positive	0.00338018	0.99662
1U92-C-A	Positive	0.0112467	0.988753
1JAN-I-A	Positive	0.0065217	0.993478
1GTJ-3-1	Positive	0.0199001	0.9801
1QJ7-A-B	Negative	0.748214	0.251786
1QJ7-I-B	Positive	0.0109088	0.989091
1F4V-D-A	Positive	0.00117141	0.998829
1RGJ-B-A	Positive	0.0185973	0.981403
1T65-B-A	Positive	0.000209153	0.999791
1HR9-O-B	Positive	0.00049448	0.999506
1G6R-P-A	Positive	0.00651425	0.993486
1N6D-G-A	Positive	0.00046742	0.999533
1CQT-I-A	Positive	0.0372112	0.962789
1CQT-J-A	Positive	0.0270845	0.972916
1EG4-P-A	Positive	0.0528117	0.947188
1OYT-L-H	Positive	0.311658	0.688342
1OYT-I-H	Positive	0.000701189	0.999299
1AS4-B-A	Negative	0.800972	0.199028
1G1E-A-B	Positive	0.00321209	0.996788
1SGI-A-B	Negative	0.561561	0.438439
1SGI-D-E	Positive	0.377505	0.622495
1I1F-C-A	Positive	0.00170857	0.998291
1K4U-P-S	Positive	0.17219	0.82781
1BMB-I-A	Positive	0.000280797	0.999719
1THR-I-H	Positive	0.0133252	0.986675
1MT1-A-B	Positive	0.390017	0.609983
1MT1-C-B	Negative	0.733553	0.266447
1MT1-E-B	Negative	0.931499	0.0685011
1MT1-G-B	Negative	0.865933	0.134067
1MT1-I-H	Negative	0.931499	0.0685011
1MT1-K-H	Positive	0.0179419	0.982058
1U8P-C-A	Positive	0.00252694	0.997473
1Z71-B-A	Positive	0.00247079	0.997529
1TVH-C-A	Positive	0.00196236	0.998038
1TVH-F-D	Positive	0.00196236	0.998038
1FFK-Y-P	Negative	0.821539	0.178461
1H9H-I-E	Positive	0.216792	0.783208
1IQ5-B-A	Positive	0.00152236	0.998478
1X3Z-I-A	Positive	0.00172734	0.998273
1NRO-L-H	Negative	0.51021	0.48979
1NRO-R-H	Positive	0.014742	0.985258
1B3G-B-A	Positive	0.0029664	0.997034
1OGT-C-A	Positive	0.0114649	0.988535
1J4Q-B-A	Positive	0.0337812	0.966219
1RBC-S-A	Positive	0.0509552	0.949045
1HAJ-B-A	Positive	0.00818366	0.991816
1H6E-P-A	Positive	0.256461	0.743539
1KUK-B-A	Positive	0.00318927	0.996811
1Z7Z-5-1	Positive	0.000520647	0.999479
1Z7Z-4-3	Positive	0.000464201	0.999536
1HRI-4-1	Positive	0.291217	0.708783
1TMT-I-H	Positive	0.00460392	0.995396
1TMT-J-H	Positive	0.0251111	0.974889
1UTI-D-A	Positive	0.0169989	0.983001
1YVL-C-A	Positive	0.00408632	0.995914
1RH5-C-A	Positive	0.206176	0.793824
1TJK-I-A	Positive	0.00477445	0.995226
1AW8-A-B	Positive	0.000829935	0.99917
1ZY1-D-A	Positive	0.00152212	0.998478
1Q4Q-O-A	Positive	0.00305003	0.99695
1Q4Q-R-A	Positive	0.000303507	0.999696
1YM2-X-A	Positive	0.0297117	0.970288
1MFG-B-A	Positive	0.2267	0.7733
1CFA-B-A	Positive	0.00486982	0.99513
1BQP-B-A	Negative	0.884113	0.115887
1BQP-D-A	Negative	0.884113	0.115887
1I7U-C-A	Positive	0.0231858	0.976814
1FZO-P-A	Positive	0.0223517	0.977648
1OEB-D-A	Positive	0.00522727	0.994773
1L3E-A-B	Negative	0.822711	0.177289
1PRM-A-C	Positive	0.0125479	0.987452
1Z9O-G-A	Positive	0.236497	0.763503
1QUR-I-H	Positive	0.0341002	0.9659
1W3C-C-A	Positive	0.0277641	0.972236
1KUJ-B-A	Negative	0.714877	0.285123
1KUJ-D-A	Negative	0.822865	0.177135
1KUJ-F-A	Positive	0.0387293	0.961271
1KUJ-H-C	Positive	0.0514704	0.94853
1FC2-C-D	Negative	0.75096	0.24904
1AKJ-C-A	Positive	0.0017367	0.998263
1YTF-C-A	Negative	0.990648	0.00935163
1YTF-B-D	Negative	0.89775	0.10225
1TNO-M-A	Positive	0.000177681	0.999822
1ZVZ-B-A	Negative	0.626892	0.373108
1AR9-0-1	Positive	0.00308275	0.996917
1XXV-C-A	Positive	0.00192821	0.998072
1XXV-D-A	Positive	0.00094229	0.999058
1BM2-L-A	Positive	0.00178576	0.998214
1V54-K-A	Negative	0.983885	0.0161147
1V54-L-A	Negative	0.990915	0.00908482
1V54-M-A	Negative	0.925501	0.0744995
1V54-Y-N	Negative	0.990915	0.00908482
1YY6-B-A	Positive	0.000694871	0.999305
1D0A-G-A	Positive	0.0014345	0.998565
1Z3P-S-E	Positive	0.170672	0.829328
1ZBE-4-1	Negative	0.875857	0.124143
1IDG-B-A	Positive	0.344824	0.655176
1TFC-C-A	Positive	0.00287515	0.997125
1TFC-D-B	Positive	0.000797331	0.999203
1ID5-L-H	Negative	0.717918	0.282082
1S7U-C-A	Positive	0.218759	0.781241
1OV3-C-A	Positive	0.160492	0.839508
1OW7-D-A	Positive	0.000592113	0.999408
1VWL-M-B	Positive	0.00298989	0.99701
1PQ1-B-A	Negative	0.85085	0.14915
1JGN-B-A	Positive	0.0027566	0.997243
1GNG-X-A	Positive	0.147151	0.852849
1KAT-X-V	Positive	0.315938	0.684062
1T1X-C-A	Positive	0.294991	0.705009
1T37-P-A	Positive	0.00865483	0.991345
1OK7-C-B	Positive	0.000925541	0.999074
1PTS-P-B	Positive	0.00960404	0.990396
1LF8-E-A	Positive	0.00196177	0.998038
1IHT-L-H	Positive	0.420027	0.579973
1IHT-I-H	Positive	0.000335932	0.999664
1MXE-E-A	Positive	0.150286	0.849714
1I4F-C-A	Positive	0.0104725	0.989527
1DD4-C-A	Positive	0.049222	0.950778
1DD4-D-A	Positive	0.02073	0.97927
1EFX-C-A	Positive	0.0245024	0.975498
1B05-B-A	Positive	0.00207591	0.997924
1OO4-B-A	Positive	0.0001086	0.999891
1T5W-C-A	Positive	0.00519341	0.994807
1GBQ-B-A	Positive	0.00365585	0.996344
1VAC-P-A	Positive	0.000622809	0.999377
1I8I-C-A	Positive	0.277916	0.722084
1YMM-C-A	Negative	0.600357	0.399643
1TSU-P-A	Positive	0.0136063	0.986394
1ZTZ-P-A	Positive	0.00563222	0.994368
1M43-C-A	Positive	0.00333494	0.996665
1B0N-B-A	Positive	0.283042	0.716958
1NRP-R-H	Positive	0.0375667	0.962433
1DUY-C-A	Positive	0.00541955	0.99458
1MVK-E-H	Negative	0.601664	0.398336
1MVK-F-H	Negative	0.610531	0.389469
1MVK-G-H	Negative	0.610531	0.389469
1MVK-I-H	Negative	0.620449	0.379551
1MVK-K-H	Negative	0.610531	0.389469
1MVK-L-H	Positive	0.4283	0.5717
1BDT-D-B	Negative	0.537517	0.462483
1BXX-P-A	Positive	0.00102186	0.998978
1BCU-L-H	Negative	0.611822	0.388178
1AOU-P-F	Negative	0.91617	0.0838303
1WCY-C-A	Positive	0.0069685	0.993032
1KTR-P-L	Positive	0.04213	0.95787
1EEY-C-A	Positive	0.00959623	0.990404
1WS5-F-A	Positive	0.339306	0.660694
1DDH-P-A	Negative	0.605192	0.394808
1S7V-C-A	Positive	0.0986118	0.901388
1K2N-P-A	Positive	0.00140291	0.998597
1PFG-B-A	Positive	0.00787973	0.99212
1TP3-B-A	Positive	0.00593585	0.994064
1JGE-C-A	Positive	0.0426157	0.957384
1IQ1-A-C	Positive	0.000228226	0.999772
1IQ1-B-C	Positive	0.00949764	0.990502
1IM9-C-A	Negative	0.798188	0.201812
1Q0W-A-B	Positive	0.00476182	0.995238
1JMT-B-A	Positive	0.49641	0.50359
1LOD-B-A	Negative	0.980301	0.0196991
1LOD-D-A	Negative	0.971039	0.0289609
1ZT1-P-A	Positive	0.00227648	0.997724
1HBT-I-H	Positive	0.226228	0.773772
1OZB-I-A	Positive	0.00705606	0.992944
1H8B-B-A	Negative	0.789275	0.210725
1ND2-D-A	Positive	0.336442	0.663558
1A6A-C-A	Positive	0.00386137	0.996139
1XXP-C-A	Positive	0.00280792	0.997192
1BR8-P-I	Negative	0.928603	0.071397
1TG4-I-A	Positive	0.0167418	0.983258
1GJ7-A-B	Positive	0.001037	0.998963
1QNZ-P-H	Positive	0.0500723	0.949928
1GBD-P-A	Positive	0.0542352	0.945765
1GEC-I-E	Positive	0.0260916	0.973908
1TN6-C-A	Positive	0.110588	0.889412
1JK8-C-A	Positive	0.0286344	0.971366
1YC5-B-A	Negative	0.74858	0.25142
1J80-A-B	Positive	0.0475033	0.952497
1N59-P-A	Positive	0.00101763	0.998982
1FV1-C-A	Positive	0.219217	0.780783
1FV1-F-D	Positive	0.145506	0.854494
1QIX-A-B	Positive	0.000406921	0.999593
1M1D-B-A	Positive	0.00375998	0.99624
1B7X-C-B	Positive	0.00380045	0.9962
1AYC-P-A	Positive	0.000456631	0.999543
1UEF-C-A	Positive	0.00803727	0.991963
1UEF-D-B	Positive	0.000677586	0.999322
1PJM-A-B	Positive	0.0291247	0.970875
1ZSG-B-A	Positive	0.331631	0.668369
1RK1-P-A	Positive	0.000475407	0.999525
1HV2-B-A	Positive	0.0035522	0.996448
1ORY-B-A	Positive	0.36697	0.63303
1BA8-A-B	Positive	0.489651	0.510349
1BA8-C-B	Positive	0.00233448	0.997666
1N0W-B-A	Positive	0.255793	0.744207
1ZV8-H-G	Positive	0.0552806	0.944719
1ZV8-I-G	Positive	0.165299	0.834701
1ZV8-L-G	Positive	0.0360237	0.963976
1ZV8-J-K	Positive	0.0127108	0.987289
1D5D-A-B	Positive	0.0591888	0.940811
1YCQ-B-A	Positive	0.467202	0.532798
1KUG-B-A	Positive	0.00192285	0.998077
1Z8Y-I-B	Positive	0.056857	0.943143
1Z8Y-J-Q	Positive	0.418701	0.581299
1RHK-C-A	Positive	0.00189316	0.998107
1JF1-C-A	Negative	0.56328	0.436721
1SYV-C-A	Negative	0.825781	0.174219
1POP-B-A	Positive	0.00326717	0.996733
1PQ8-C-A	Positive	0.0155693	0.984431
1OXN-F-E	Positive	0.00128758	0.998712
1YF4-B-A	Positive	0.00340313	0.996597
1WM0-Y-X	Positive	0.0522387	0.947761
1UH0-B-A	Negative	0.636049	0.363951
1I3Q-L-B	Positive	0.483067	0.516933
1T1Z-C-A	Positive	0.00641495	0.993585
1GKT-B-A	Positive	0.0160966	0.983903
1R5V-E-A	Positive	0.00297874	0.997021
1GDN-B-A	Positive	0.0119723	0.988028
1DPU-B-A	Positive	0.0196483	0.980352
1URC-E-B	Positive	0.00447434	0.995526
1R5W-E-A	Positive	0.00216562	0.997834
1AGF-C-A	Positive	0.00584573	0.994154
1GDU-B-A	Positive	0.0257156	0.974284
1P7W-B-A	Positive	0.00203884	0.997961
1F95-C-A	Positive	0.00191605	0.998084
1W80-P-A	Positive	0.00758559	0.992414
1W80-Q-A	Positive	0.00649959	0.9935
1VRK-B-A	Positive	0.0641803	0.93582
1RXZ-B-A	Positive	0.452923	0.547077
1VWN-P-B	Positive	0.000218689	0.999781
1IXS-A-B	Negative	0.984509	0.0154911
1O0D-L-H	Negative	0.734262	0.265738
1O0D-D-H	Positive	0.00507462	0.994925
1FPC-L-H	Positive	0.353505	0.646495
1O5B-A-B	Positive	0.00195038	0.99805
1AWQ-B-A	Positive	0.0360282	0.963972
1PD0-B-A	Positive	0.21561	0.78439
1MK9-A-B	Positive	0.0198627	0.980137
1MK9-C-B	Positive	0.215903	0.784097
1MK9-E-F	Positive	0.0230805	0.976919
1FCH-C-A	Positive	0.00152427	0.998476
1STC-I-E	Positive	0.00386488	0.996135
1YU6-D-B	Positive	0.311784	0.688216
1M4P-B-A	Positive	0.0105596	0.98944
1N13-A-B	Positive	0.390017	0.609983
1N13-C-B	Negative	0.733553	0.266447
1N13-G-B	Negative	0.865933	0.134067
1N13-K-H	Negative	0.923564	0.076436
1KJV-P-A	Positive	0.319689	0.680311
1TPS-B-A	Positive	0.000383019	0.999617
1KZU-B-A	Negative	0.745584	0.254416
1KBG-P-H	Positive	0.091794	0.908206
1OGA-C-A	Positive	0.265123	0.734877
1FQJ-C-A	Negative	0.889827	0.110173
1F93-E-A	Positive	0.0480351	0.951965
1F93-F-A	Positive	0.337773	0.662227
1F93-G-C	Negative	0.54727	0.45273
1F93-H-C	Negative	0.564358	0.435641
1XDT-R-T	Negative	0.712053	0.287947
1JD6-B-A	Positive	0.00144452	0.998555
1T63-B-A	Positive	0.418156	0.581844
1HTM-A-B	Positive	0.011649	0.988351
1HTM-E-B	Positive	0.0166793	0.983321
1HTM-C-D	Positive	0.015288	0.984712
1FI8-D-A	Negative	0.765782	0.234218
1H3O-A-B	Positive	0.182633	0.817367
1H24-E-B	Positive	0.0278877	0.972112
1NH2-C-A	Negative	0.938363	0.0616368
1NH2-B-D	Negative	0.875938	0.124062
1DUZ-C-A	Positive	0.0853628	0.914637
1NOV-D-A	Positive	0.0119828	0.988017
1NOV-F-A	Positive	0.000995219	0.999005
1Q94-C-A	Positive	0.00630844	0.993692
1X7Q-C-A	Positive	0.134594	0.865406
1Q5L-B-A	Positive	0.000526607	0.999473
1F3R-A-B	Positive	0.00493914	0.995061
1VBA-0-4	Positive	0.000324726	0.999675
1E27-C-A	Positive	0.00144464	0.998555
1MV0-A-B	Positive	0.00292218	0.997078
1X27-I-A	Positive	0.00691557	0.993084
1X27-L-A	Positive	0.00462103	0.995379
1X27-M-A	Positive	0.00166178	0.998338
1SFI-I-A	Positive	0.0173523	0.982648
1Y66-B-A	Negative	0.88093	0.11907
1Y66-C-A	Negative	0.586796	0.413204
1IYJ-A-B	Negative	0.952598	0.0474018
1L6X-B-A	Positive	0.344386	0.655614
1KA7-B-A	Positive	0.0213913	0.978609
1INQ-C-A	Positive	0.274278	0.725722
1QTN-C-A	Positive	0.000328898	0.999671
1TMC-C-A	Positive	0.0951783	0.904822
1TK2-B-A	Positive	0.00952375	0.990476
1J4X-D-A	Positive	0.00365335	0.996347
1B8D-G-B	Positive	0.158659	0.841341
1OM9-P-A	Positive	0.108871	0.891129
1OM9-Q-B	Positive	0.109758	0.890242
1MDJ-B-A	Positive	0.00388539	0.996115
1Z8I-A-B	Negative	0.813593	0.186407
1ZY3-B-A	Positive	0.000851631	0.999148
1P11-P-E	Positive	0.0356521	0.964348
1P11-I-E	Positive	0.0542352	0.945765
1IID-O-A	Positive	0.0208555	0.979145
1JVQ-C-I	Positive	0.000642598	0.999357
1JVQ-D-I	Positive	0.000719368	0.999281
1OBY-P-A	Positive	0.000770688	0.999229
1OBY-Q-A	Positive	0.00114667	0.998853
1M57-D-A	Positive	0.0295173	0.970483
1JJO-A-C	Negative	0.768971	0.231029
1JJO-E-C	Negative	0.800959	0.199041
1UWX-P-H	Positive	0.00399357	0.996006
1DKY-C-A	Positive	0.000593901	0.999406
1PP9-I-A	Positive	0.126203	0.873797
1T01-B-A	Positive	0.119471	0.880529
1XTC-C-A	Negative	0.951028	0.0489722
1MU8-C-B	Positive	0.00544947	0.994551
1XU1-R-A	Negative	0.982509	0.017491
1XU1-T-A	Negative	0.848155	0.151845
1XU1-S-B	Negative	0.831719	0.168281
1LJ2-C-A	Positive	0.00277191	0.997228
1LJ2-D-A	Positive	0.00937188	0.990628
1SY9-B-A	Positive	0.0525466	0.947453
1M4H-C-A	Positive	0.00109828	0.998902
1QC6-C-A	Positive	0.000557721	0.999442
1QC6-D-B	Positive	0.00603366	0.993966
1JYR-L-A	Positive	0.000457287	0.999543
1TP8-B-A	Negative	0.53816	0.46184
1ZAF-C-A	Positive	0.0363521	0.963648
1JYC-P-A	Positive	0.0596881	0.940312
1G3F-B-A	Positive	0.00200003	0.998
1M2Z-B-A	Positive	0.0894969	0.910503
1O9K-P-A	Negative	0.974647	0.025353
1SYQ-B-A	Positive	0.0473198	0.95268
1Q2D-B-A	Positive	0.000634611	0.999365
1F2S-I-E	Positive	0.0111535	0.988846
1P93-E-A	Positive	0.00379455	0.996205
1JBP-S-E	Positive	0.014937	0.985063
1KYF-P-A	Positive	0.00328493	0.996715
1JG3-C-A	Positive	0.0159322	0.984068
1LWU-M-B	Positive	0.00910568	0.990894
1LWU-N-E	Positive	0.00910568	0.990894
1T34-H-A	Positive	0.000691891	0.999308
1KJ4-P-A	Positive	0.0147721	0.985228
1KJ4-S-A	Positive	0.00620663	0.993793
1UKI-B-A	Negative	0.592243	0.407757
1N4S-M-A	Positive	0.0614297	0.93857
1N4S-R-K	Positive	0.000895083	0.999105
1W0W-C-A	Positive	0.281752	0.718248
1XF5-P-A	Positive	0.386678	0.613322
1XF5-Q-C	Positive	0.00409389	0.995906
1CQH-B-A	Positive	0.0112647	0.988735
1UK4-G-A	Positive	0.00223434	0.997766
1UK4-K-B	Positive	0.00223434	0.997766
1X7E-C-A	Positive	0.001508	0.998492
1CZZ-D-A	Positive	0.000238717	0.999761
1CZZ-E-B	Positive	0.0108175	0.989183
1OJH-B-A	Negative	0.868905	0.131095
1KBH-A-B	Negative	0.521286	0.478714
1AKH-A-B	Negative	0.95179	0.0482096
1KZZ-B-A	Positive	0.001118	0.998882
1UJJ-C-A	Positive	0.00127131	0.998729
1T7M-B-A	Positive	0.400892	0.599108
1FIZ-L-A	Positive	0.00460684	0.995393
1W72-C-A	Positive	0.449873	0.550127
1Y7L-P-A	Positive	0.000556648	0.999443
1ZDT-P-A	Positive	0.489695	0.510305
1ZDT-Q-B	Negative	0.684769	0.315231
1FPH-I-H	Positive	0.0282834	0.971717
1FPH-F-H	Positive	0.0107282	0.989272
1LHC-I-H	Positive	0.00402755	0.995972
1F0C-B-A	Negative	0.984567	0.0154331
1RPQ-W-A	Positive	0.124469	0.875531
1RPQ-Z-B	Positive	0.124469	0.875531
1OR8-B-A	Positive	0.27763	0.72237
1OR8-C-A	Positive	0.00909197	0.990908
1OR8-D-A	Positive	0.0245629	0.975437
1OR8-E-A	Positive	0.0316709	0.968329
1T5Z-B-A	Negative	0.727286	0.272714
1PJP-I-A	Positive	0.0556911	0.944309
1ABT-B-A	Positive	0.0147315	0.985269
1YWO-P-A	Positive	0.0062511	0.993749
1U93-C-A	Positive	0.00521821	0.994782
1DE7-A-H	Positive	0.000176728	0.999823
1F96-C-A	Positive	0.0529765	0.947023
1DLH-C-A	Positive	0.0770807	0.922919
1OCO-L-A	Negative	0.990754	0.00924568
1OCO-M-A	Negative	0.925501	0.0744995
1UM2-C-A	Positive	0.00513619	0.994864
1VJ6-B-A	Positive	0.000890315	0.99911
1CLV-I-A	Positive	0.0715888	0.928411
1F90-E-L	Positive	0.119811	0.880189
1VQN-2-S	Positive	0.465665	0.534335
1UVQ-C-A	Positive	0.0270308	0.972969
1UOQ-B-A	Positive	0.000390708	0.999609
1EEN-B-A	Positive	0.000312448	0.999688
1TJG-P-L	Positive	0.00309354	0.996906
1ZHL-C-A	Positive	0.00550622	0.994494
1HSB-C-A	Positive	0.0577729	0.942227
1OTR-A-B	Negative	0.908687	0.0913126
1LEW-B-A	Positive	0.249722	0.750278
1ED3-C-A	Positive	0.0143188	0.985681
1TQ7-A-B	Negative	0.956354	0.0436464
1CMK-I-E	Positive	0.0330641	0.966936
1FZC-G-C	Positive	0.00145376	0.998546
1FZC-J-E	Positive	0.00910568	0.990894
1QWE-B-A	Positive	0.00140756	0.998592
1N8O-A-B	Positive	0.00270122	0.997299
1XQH-B-A	Positive	0.000309229	0.999691
1PMX-B-A	Positive	0.0241874	0.975813
1RJY-P-A	Positive	0.00101489	0.998985
1E0A-B-A	Negative	0.960175	0.0398255
1URL-B-A	Positive	0.0400789	0.959921
1B0G-C-A	Positive	0.107197	0.892803
1CZY-D-A	Positive	0.0055083	0.994492
1CZY-E-C	Positive	0.0055083	0.994492
1TN7-C-A	Positive	0.00116724	0.998833
1H2K-S-A	Positive	0.0246961	0.975304
1UJK-C-A	Positive	0.00308418	0.996916
1U8M-C-A	Positive	0.00280011	0.9972
1RIN-D-A	Negative	0.863526	0.136474
1AN1-I-E	Positive	0.166502	0.833498
1CFT-C-A	Positive	0.000162125	0.999838
1XQY-Q-A	Positive	0.00615823	0.993842
1TQ0-A-B	Positive	0.33652	0.66348
1IS0-C-A	Positive	0.0020811	0.997919
1LOP-B-A	Positive	0.0225376	0.977462
1KUI-B-A	Positive	0.000820458	0.99918
1EOJ-B-A	Positive	0.0233963	0.976604
1P9D-S-U	Positive	0.162591	0.837409
1T79-B-A	Positive	0.0184934	0.981507
1OAU-I-M	Positive	0.0379353	0.962065
1OAU-K-O	Positive	0.0183576	0.981642
1R2B-C-A	Positive	0.301983	0.698017
1R2B-D-A	Positive	0.00419152	0.995808
1GHA-P-F	Positive	0.0934964	0.906504
1U8Q-C-A	Positive	0.00309354	0.996906
1BTH-L-H	Negative	0.55734	0.44266
1OW6-F-C	Positive	0.00766003	0.99234
1CJQ-A-B	Positive	0.0475033	0.952497
1D6E-D-A	Positive	0.000351548	0.999648
1KY6-P-A	Positive	0.00164407	0.998356
1B52-B-A	Positive	0.00229132	0.997709
1AZG-A-B	Positive	0.00295168	0.997048
1R64-C-A	Positive	0.00164145	0.998359
1OJ5-B-A	Positive	0.00489086	0.995109
1T74-B-A	Positive	0.0127932	0.987207
1XOC-B-A	Positive	0.00474858	0.995251
1JGD-C-A	Positive	0.0559457	0.944054
1BLL-I-E	Positive	0.000969291	0.999031
1RF3-B-A	Positive	0.0453122	0.954688
1D0J-G-A	Positive	0.00319201	0.996808
1D0J-I-D	Positive	0.00490916	0.995091
1D0J-J-E	Positive	0.00490916	0.995091
1I7R-C-A	Positive	0.0413101	0.95869
1KLG-C-A	Positive	0.00688887	0.993111
1YDP-P-A	Positive	0.00175893	0.998241
1JBD-B-A	Positive	0.00932801	0.990672
1VWG-P-B	Positive	0.00153935	0.998461
1TSQ-P-A	Positive	0.00359666	0.996403
1GBR-B-A	Positive	0.0672036	0.932796
1CM4-B-A	Positive	0.00714439	0.992856
1LGC-D-A	Negative	0.981953	0.0180473
1LGC-J-E	Positive	0.00103998	0.99896
1HRT-L-H	Negative	0.503585	0.496415
1E28-C-A	Positive	0.0074321	0.992568
1K3A-B-A	Positive	0.000489116	0.999511
1AI1-P-L	Positive	0.00681597	0.993184
1S7T-C-A	Positive	0.000466347	0.999534
1K22-L-H	Negative	0.575688	0.424312
1ZBW-D-A	Positive	0.0217803	0.97822
1A5H-C-A	Positive	0.00237542	0.997625
1D5M-D-A	Positive	0.00176573	0.998234
1Q3L-P-A	Positive	0.00544298	0.994557
1M7E-D-A	Negative	0.866003	0.133997
1TDV-B-A	Positive	0.0428733	0.957127
1JSP-A-B	Negative	0.761612	0.238388
1JMU-A-B	Positive	0.0517451	0.948255
1JMU-C-B	Positive	0.0517451	0.948255
1BXP-B-A	Positive	0.00438887	0.995611
1UEL-B-A	Positive	0.286429	0.713571
1SIO-D-A	Positive	0.00476325	0.995237
1MCV-I-A	Positive	0.0694024	0.930598
1HR8-O-A	Positive	0.000990748	0.999009
1HR8-P-C	Positive	0.00299579	0.997004
1HR8-Q-F	Positive	0.001674	0.998326
1HR8-R-H	Positive	0.00180358	0.998196
1NAK-P-L	Positive	0.00775182	0.992248
1KZP-C-A	Positive	0.000674725	0.999325
1FRG-P-L	Positive	0.000993431	0.999007
1F8H-B-A	Positive	0.00263554	0.997364
1DS5-E-A	Positive	0.00642705	0.993573
1DS5-F-A	Positive	0.487672	0.512328
1QJB-Q-A	Positive	0.00503308	0.994967
1QJB-S-B	Positive	0.00866097	0.991339
1FHR-P-A	Positive	0.0244305	0.975569
1RQQ-E-A	Positive	0.00975245	0.990248
1RQQ-F-B	Positive	0.00172424	0.998276
1TNB-M-A	Positive	0.0101956	0.989804
1W9O-T-A	Positive	0.0010758	0.998924
1TA2-B-A	Positive	0.00258774	0.997412
1ZW2-B-A	Positive	0.00155312	0.998447
1XH5-B-A	Positive	0.0330641	0.966936
1JY2-N-O	Negative	0.687332	0.312668
1JY2-P-O	Negative	0.892383	0.107618
1JY2-R-O	Positive	0.120078	0.879922
1JY2-S-O	Negative	0.940344	0.0596558
1V6D-B-A	Positive	0.000140429	0.99986
1C9I-C-A	Positive	0.000144958	0.999855
1C9I-D-B	Positive	0.000502229	0.999498
1FOD-4-1	Negative	0.812495	0.187505
1S7X-C-A	Positive	0.0194786	0.980521
1AL0-B-F	Negative	0.989679	0.010321
1CTP-I-E	Positive	0.00348765	0.996512
1JEG-B-A	Positive	0.0228322	0.977168
1XWJ-B-A	Positive	0.0859137	0.914086
1MCT-I-A	Positive	0.0193356	0.980664
1AXC-B-A	Negative	0.967128	0.0328721
1D5H-A-B	Positive	0.00972766	0.990272
1YBO-D-B	Positive	0.000837207	0.999163
1NT9-L-B	Positive	0.483067	0.516933
1YY4-C-A	Positive	0.0115513	0.988449
1IO6-B-A	Positive	0.0791375	0.920862
1TTW-B-A	Negative	0.934918	0.0650816
1SV1-C-A	Positive	0.00430131	0.995699
1B58-B-A	Positive	0.0124204	0.98758
1GMD-E-F	Positive	0.00270122	0.997299
1GMD-B-F	Positive	0.0120806	0.987919
1UHL-C-A	Positive	0.000553548	0.999446
1UHL-D-B	Positive	0.00162774	0.998372
1CN3-F-A	Positive	0.357662	0.642338
1JP5-C-A	Positive	0.000509024	0.999491
1YGU-C-A	Positive	0.00415099	0.995849
1S5P-B-A	Positive	0.00486749	0.995133
1D3E-4-1	Positive	0.336442	0.663558
1Y74-B-A	Negative	0.984735	0.0152653
1SSB-B-A	Positive	0.00108743	0.998913
1LB6-B-A	Negative	0.736712	0.263289
1YTJ-I-A	Positive	0.00132716	0.998673
1VBS-B-A	Positive	0.101397	0.898603
1QS7-B-A	Positive	0.0498266	0.950173
1QS7-D-C	Positive	0.413593	0.586407
1X9T-B-A	Positive	0.0131948	0.986805
1DDV-B-A	Positive	0.00367701	0.996323
1B8H-D-B	Negative	0.957915	0.0420851
1D5G-B-A	Positive	0.00132412	0.998676
1C5Y-A-B	Positive	0.00279927	0.997201
1M46-B-A	Positive	0.0481998	0.9518
1W7G-I-H	Positive	0.0100548	0.989945
1SZA-Z-B	Positive	0.00283873	0.997161
1MT9-P-A	Positive	0.00527257	0.994727
1CFF-B-A	Positive	0.334523	0.665477
1SHH-D-E	Positive	0.392213	0.607787
1IAU-B-A	Positive	0.000168085	0.999832
1FMD-4-1	Negative	0.812495	0.187505
1T15-B-A	Positive	0.00339258	0.996607
1G0V-B-A	Negative	0.506993	0.493007
1H25-E-B	Positive	0.0412395	0.95876
1PYW-C-A	Positive	0.00218487	0.997815
1UGY-F-A	Positive	0.28543	0.71457
1W2B-5-O	Negative	0.733068	0.266932
1V18-B-A	Negative	0.533434	0.466566
1UVU-L-H	Positive	0.0819863	0.918014
1JK4-B-A	Positive	0.000186145	0.999814
1XB7-P-A	Positive	0.233368	0.766632
1YN7-C-A	Negative	0.660182	0.339818
1T8Z-D-C	Negative	0.916549	0.0834509
1SGH-B-A	Negative	0.96447	0.0355296
1XME-C-A	Negative	0.976473	0.023527
1IHJ-D-A	Positive	0.00116783	0.998832
1UOP-B-A	Positive	0.00415593	0.995844
1BH8-A-B	Negative	0.935428	0.0645723
1I1Y-C-A	Positive	0.00114787	0.998852
1G1X-C-A	Negative	0.624303	0.375697
1G1X-H-F	Negative	0.61094	0.38906
1MIZ-A-B	Positive	0.176292	0.823708
1VGK-C-A	Positive	0.00848943	0.991511
1I51-E-A	Positive	0.0158462	0.984154
1TZG-P-L	Positive	0.0464025	0.953598
1NY2-4-2	Positive	0.00166142	0.998339
1RBF-S-A	Positive	0.0552986	0.944701
1EBA-C-A	Positive	0.0302513	0.969749
1XCT-P-A	Negative	0.96493	0.0350704
1XCT-Q-C	Positive	0.194386	0.805614
1NVR-B-A	Positive	0.00126475	0.998735
1N5Z-P-A	Positive	0.00169528	0.998305
1E6I-P-A	Positive	0.00653815	0.993462
1ZHB-C-A	Negative	0.734574	0.265426
1ABI-L-H	Negative	0.81115	0.18885
1ABI-I-H	Positive	0.171593	0.828407
1T22-C-A	Negative	0.857283	0.142717
1YR5-B-A	Positive	0.0391607	0.960839
1KJ7-P-A	Positive	0.00140733	0.998593
1C1W-L-H	Negative	0.748214	0.251786
1PDQ-B-A	Positive	0.00155932	0.998441
1JL4-C-A	Positive	0.00191063	0.998089
1TB6-L-H	Negative	0.919248	0.0807519
1NB3-P-A	Positive	0.00550264	0.994497
1JPW-D-A	Positive	0.00221467	0.997785
1NAN-M-H	Positive	0.000419438	0.999581
1JN5-C-B	Positive	0.00212002	0.99788
1XOW-B-A	Positive	0.110092	0.889908
1KJG-P-A	Positive	0.00271869	0.997281
1MHW-C-A	Negative	0.508581	0.491419
1H28-E-B	Positive	0.348186	0.651814
1H28-F-D	Positive	0.00899285	0.991007
1MVU-P-A	Positive	0.00264478	0.997355
1U8L-C-A	Positive	0.00101155	0.998988
1W85-I-B	Positive	0.406919	0.593081
1W85-J-F	Positive	0.0175951	0.982405
1UHD-B-A	Positive	0.246839	0.753161
1TWX-C-B	Positive	0.0139232	0.986077
1MWA-P-A	Positive	0.0040136	0.995986
1MWA-Q-C	Positive	0.0040136	0.995986
1TNY-M-A	Positive	0.00564378	0.994356
1U9L-C-A	Positive	0.00226378	0.997736
1O9A-B-A	Positive	0.389186	0.610814
1M06-J-F	Negative	0.936261	0.0637389
1QEW-C-A	Positive	0.00955683	0.990443
1ND3-D-A	Positive	0.336442	0.663558
1JCS-C-A	Positive	0.00102448	0.998976
1NX1-C-A	Positive	0.065298	0.934702
1PZ5-C-A	Positive	0.000327229	0.999673
1EOL-B-A	Positive	0.0232523	0.976748
1IK9-C-A	Positive	0.459404	0.540596
1N1L-C-A	Positive	0.3109	0.6891
1N1L-D-A	Positive	0.0445426	0.955457
1SP4-A-B	Negative	0.874751	0.125249
1AWU-B-A	Positive	0.00408119	0.995919
1OAI-B-A	Negative	0.577007	0.422993
1Y3A-E-A	Positive	0.102212	0.897788
1A81-B-A	Positive	0.00568122	0.994319
1LTT-C-D	Negative	0.960071	0.0399293
1W88-I-B	Positive	0.417582	0.582418
1W88-J-F	Positive	0.409064	0.590936
1YK1-E-A	Positive	0.000960708	0.999039
1ZLA-K-G	Positive	0.000680804	0.999319
1EPM-I-E	Positive	0.0036447	0.996355
1K83-M-A	Positive	0.0047192	0.995281
1K83-L-B	Negative	0.524881	0.475119
1OL1-F-B	Positive	0.0438761	0.956124
1SP5-I-A	Positive	0.000318885	0.999681
1EJO-P-L	Positive	0.00251508	0.997485
1KL3-E-A	Positive	0.0024395	0.997561
1KL3-H-A	Positive	0.00448519	0.995515
1A3E-I-H	Positive	0.0240172	0.975983
1RKC-B-A	Positive	0.0370381	0.962962
1SQZ-B-A	Positive	0.00102186	0.998978
1O9S-K-A	Positive	0.0200105	0.979989
1O9S-L-B	Positive	0.00182462	0.998175
1YGR-C-A	Positive	0.00226223	0.997738
1NWD-B-A	Negative	0.783705	0.216295
1QCR-I-A	Positive	0.00929326	0.990707
1QCR-K-A	Negative	0.898094	0.101906
1CKK-B-A	Positive	0.210756	0.789244
1MXL-I-C	Positive	0.066461	0.933539
1QGK-B-A	Positive	0.0563556	0.943644
1ZFP-I-E	Positive	0.000309348	0.999691
1L2Z-B-A	Positive	0.0391164	0.960884
1MCH-P-A	Positive	0.00118613	0.998814
1U76-B-A	Positive	0.00403768	0.995962
1U76-D-C	Positive	0.00180703	0.998193
1H9I-I-E	Positive	0.0128433	0.987157
1XN3-I-B	Positive	0.014094	0.985906
1NVP-C-A	Negative	0.951309	0.0486912
1NVP-B-D	Negative	0.870559	0.129441
1RY1-S-B	Positive	0.00228167	0.997718
1K7L-B-A	Positive	0.252304	0.747696
1IHS-I-H	Negative	0.782419	0.217581
1M05-E-A	Positive	0.0198606	0.980139
1N0X-P-L	Negative	0.61164	0.38836
1N0X-R-L	Negative	0.685942	0.314058
1KZO-C-A	Positive	0.000177681	0.999822
1MKX-L-H	Negative	0.762564	0.237436
1GXC-B-A	Positive	0.000793755	0.999206
1GAG-B-A	Positive	0.00704408	0.992956
1BW8-P-A	Positive	0.00204015	0.99796
1S5L-F-A	Positive	0.471296	0.528704
1S5L-I-A	Negative	0.870858	0.129141
1S5L-J-A	Negative	0.698137	0.301863
1S5L-L-A	Negative	0.97889	0.0211096
1S5L-M-A	Negative	0.989309	0.0106908
1S5L-T-A	Negative	0.518635	0.481365
1S5L-K-C	Positive	0.49236	0.50764
1S5L-f-a	Positive	0.471296	0.528704
1ZAW-U-A	Positive	0.0705487	0.929451
1ZAW-X-A	Positive	0.0310986	0.968901
1ZAW-Z-A	Positive	0.100817	0.899183
1S9W-C-A	Negative	0.593953	0.406047
1ZOQ-C-A	Negative	0.988829	0.0111712
1UVT-L-H	Positive	0.103021	0.896979
1AZE-B-A	Positive	0.00365585	0.996344
1HHG-C-A	Positive	0.00642133	0.993579
1PEK-C-E	Positive	0.0833728	0.916627
1Q4K-E-B	Positive	0.00031054	0.999689
1IZL-K-C	Positive	0.00287396	0.997126
1IZL-E-D	Positive	0.405371	0.594629
1IZL-P-N	Positive	0.088941	0.911059
1IZL-Q-N	Positive	0.0642516	0.935748
1SRN-B-A	Positive	0.00259876	0.997401
1CO7-I-E	Negative	0.662633	0.337367
1WBP-B-A	Positive	0.00512785	0.994872
1JH4-B-A	Positive	0.0804506	0.919549
1QJA-R-A	Positive	0.0398254	0.960175
1MW4-B-A	Positive	0.0122976	0.987702
1D8D-P-A	Negative	0.625263	0.374737
1TWB-C-A	Positive	0.00720847	0.992792
1CFS-C-A	Positive	0.0131077	0.986892
1HLT-R-H	Negative	0.938497	0.0615025
1OL2-E-B	Positive	0.000343919	0.999656
1GVK-A-B	Positive	0.00961822	0.990382
1KJY-B-A	Positive	0.396048	0.603952
1KJY-D-C	Positive	0.350479	0.649521
1CU4-P-L	Positive	0.000464916	0.999535
1JOT-B-A	Positive	0.305556	0.694444
1BMN-I-H	Positive	0.0118474	0.988153
1SDZ-B-A	Positive	0.0315781	0.968422
1FPT-P-L	Positive	0.149071	0.850929
1STS-M-B	Positive	0.00109398	0.998906
1STS-P-D	Positive	0.00268215	0.997318
1YJM-E-A	Positive	0.00765419	0.992346
1HH6-C-A	Positive	0.0878176	0.912182
1YFN-E-A	Negative	0.90045	0.09955
1YFN-F-B	Negative	0.818768	0.181232
1TNU-M-A	Positive	0.00112194	0.998878
1OZS-B-A	Positive	0.361108	0.638892
1LB5-B-A	Positive	0.00520319	0.994797
1HXE-I-H	Positive	0.00459659	0.995403
1MZN-B-A	Positive	0.122436	0.877564
1J2J-B-A	Positive	0.290191	0.709809
1F8V-D-A	Positive	0.313818	0.686182
1F8V-E-A	Positive	0.0370711	0.962929
1BT6-C-A	Positive	0.0355627	0.964437
1SHC-B-A	Positive	0.000562847	0.999437
1LK2-P-A	Positive	0.00558895	0.994411
1KA6-B-A	Positive	0.00187498	0.998125
1ZGL-C-A	Positive	0.00472814	0.995272
1ZGL-F-D	Positive	0.00488669	0.995113
1ZGL-I-R	Positive	0.00111181	0.998888
1HQQ-E-A	Positive	0.00368142	0.996319
1PPE-I-E	Positive	0.0729614	0.927039
1T0F-C-A	Negative	0.548168	0.451832
1T0F-D-B	Negative	0.588129	0.411871
1TN8-C-A	Positive	0.00136846	0.998632
1M27-B-A	Positive	0.110275	0.889725
1ZY8-K-A	Negative	0.912368	0.0876325
1RFF-C-A	Positive	0.00340194	0.996598
1D5Z-D-A	Positive	0.000959814	0.99904
1XYR-5-1	Positive	0.00113809	0.998862
1XYR-6-1	Positive	0.0941283	0.905872
1XYR-8-1	Positive	0.00238848	0.997612
1XYR-7-3	Positive	0.00290143	0.997099
1PY1-G-C	Positive	0.000580192	0.99942
1ZAV-U-A	Positive	0.00342822	0.996572
1ZAV-X-A	Positive	0.00208634	0.997914
1A1M-C-A	Positive	0.0168272	0.983173
1U8H-C-A	Positive	0.00198197	0.998018
1KC4-B-A	Positive	0.0943777	0.905622
1QWF-B-A	Positive	0.00511086	0.994889
1QD6-A-C	Positive	0.000535429	0.999465
1G7Q-P-A	Positive	0.00149894	0.998501
1G1S-D-A	Positive	0.0414231	0.958577
1G1S-C-B	Positive	0.0414231	0.958577
1CF0-C-A	Positive	0.0260653	0.973935
1DT7-X-A	Negative	0.720992	0.279008
1RSU-P-B	Positive	0.00264162	0.997358
1DVA-X-H	Positive	0.00674427	0.993256
1OSZ-C-A	Positive	0.00875664	0.991243
1KJH-P-A	Positive	0.00278562	0.997214
1FKN-C-A	Positive	0.000978589	0.999021
1LOG-B-A	Negative	0.978878	0.0211221
1Z3M-S-E	Positive	0.0191518	0.980848
1AVG-L-H	Negative	0.981117	0.0188828
1FPR-B-A	Positive	0.00397098	0.996029
1F3J-P-A	Positive	0.0154116	0.984588
1EKB-A-B	Positive	0.000762343	0.999238
1EKB-C-B	Positive	0.00421542	0.995785
1OPI-B-A	Positive	0.0146633	0.985337
1SSE-A-B	Negative	0.932702	0.0672984
1TJI-P-L	Negative	0.93497	0.0650297
1A9E-C-A	Positive	0.00294864	0.997051
1S4V-C-A	Positive	0.00232857	0.997671
1EJL-A-I	Positive	0.000546634	0.999453
1TCE-B-A	Positive	0.00271559	0.997284
1LK6-C-I	Positive	0.000331879	0.999668
1LK6-D-I	Positive	0.172675	0.827325
1U00-P-A	Positive	0.289983	0.710017
1QLF-C-A	Positive	0.00827748	0.991723
1K2D-P-A	Positive	0.33485	0.66515
1R9N-E-A	Positive	0.00715101	0.992849
1R9N-F-B	Positive	0.0187883	0.981212
1R9N-H-D	Positive	0.00704432	0.992956
1T20-C-A	Negative	0.939138	0.0608618
1NZL-C-B	Positive	0.00162399	0.998376
1SR5-B-C	Positive	0.316207	0.683793
1AR8-0-4	Positive	0.00464386	0.995356
1HLE-B-A	Negative	0.935452	0.0645478
1FM9-E-D	Positive	0.062285	0.937715
1T2W-D-A	Positive	0.00190419	0.998096
1MHC-C-A	Positive	0.000326276	0.999674
1XLS-I-A	Positive	0.0037232	0.996277
1XLS-M-E	Positive	0.210345	0.789655
1ZKK-E-A	Positive	0.00522113	0.994779
1ZKK-G-A	Positive	0.144461	0.855539
1JLU-S-E	Positive	0.0257943	0.974206
1G7P-P-A	Positive	0.186656	0.813344
1OQD-K-A	Positive	0.468951	0.531049
1OQD-N-E	Positive	0.288959	0.711041
1Z8G-L-A	Positive	0.000645459	0.999355
1KPR-P-A	Positive	0.00296235	0.997038
1YRN-A-B	Negative	0.95179	0.0482096
1GWQ-C-A	Positive	0.0429221	0.957078
1B6J-C-A	Positive	0.0272903	0.97271
1AWI-P-A	Positive	0.0290868	0.970913
1VYT-E-A	Negative	0.93038	0.0696202
1VYT-F-B	Positive	0.0805166	0.919483
1SB1-I-H	Positive	0.002653	0.997347
1VDN-B-A	Positive	0.0356521	0.964348
1PIC-B-A	Positive	0.00289983	0.9971
1JPL-E-A	Positive	0.00841945	0.991581
1JPL-H-C	Negative	0.698913	0.301087
1KHQ-I-A	Positive	0.0109305	0.98907
1YMT-B-A	Positive	0.0405135	0.959486
1JY3-N-O	Negative	0.560351	0.439649
1JY3-P-O	Positive	0.34819	0.65181
1FPN-4-1	Positive	0.0930519	0.906948
1YTV-M-A	Positive	0.00226343	0.997737
1YTV-N-B	Positive	0.00198245	0.998018
1DZI-B-A	Positive	0.03673	0.96327
1YCP-L-H	Negative	0.507536	0.492464
1YCP-F-H	Positive	0.000499725	0.9995
1DWB-I-H	Positive	0.0251111	0.974889
1AGB-C-A	Positive	0.00663805	0.993362
1LEM-B-A	Negative	0.908297	0.0917033
1GWR-C-A	Positive	0.338419	0.661581
1G1H-B-A	Positive	0.00362474	0.996375
1N7F-C-A	Positive	0.000913262	0.999087
1QLE-D-A	Negative	0.985934	0.014066
1UTC-P-A	Positive	0.00039202	0.999608
1ZZD-B-A	Positive	0.00097239	0.999028
1L7Z-B-A	Positive	0.000922203	0.999078
1TVB-C-A	Positive	0.0010947	0.998905
1F1W-B-A	Positive	0.000325203	0.999675
1O6L-C-A	Positive	0.00787014	0.99213
1GCT-D-B	Positive	0.0291092	0.970891
1CJF-C-A	Positive	0.0290868	0.970913
1JD2-8-H	Positive	0.00296712	0.997033
1EE4-C-A	Positive	0.00263923	0.997361
1EE4-D-A	Positive	0.00177366	0.998226
1EE4-F-B	Positive	0.00077343	0.999227
1BJR-I-E	Positive	0.00169718	0.998303
1R17-C-A	Positive	0.0345106	0.965489
1ZT7-P-A	Positive	0.0308076	0.969192
1XR8-C-A	Positive	0.00573689	0.994263
1Q5W-A-B	Negative	0.693468	0.306532
1OLN-B-A	Positive	0.00191379	0.998086
1DM4-A-B	Negative	0.75512	0.24488
1DM4-C-B	Positive	0.0243251	0.975675
1RBE-S-A	Positive	0.322086	0.677914
1TME-4-1	Negative	0.537442	0.462558
1T29-B-A	Positive	0.0101249	0.989875
1JUF-C-A	Positive	0.17628	0.82372
1P8J-J-A	Positive	0.0020259	0.997974
1B32-B-A	Positive	0.00041765	0.999582
1TMB-L-H	Positive	0.436125	0.563875
1LES-B-A	Negative	0.95064	0.0493595
1JWG-C-A	Positive	0.00196177	0.998038
1JWG-D-B	Positive	0.000372648	0.999627
1BMM-L-H	Negative	0.633135	0.366865
1IBC-C-A	Positive	0.00127739	0.998723
1HI6-C-A	Positive	0.376902	0.623098
1UMW-E-A	Positive	0.000792086	0.999208
1DN2-E-A	Negative	0.601873	0.398127
1I7A-E-A	Positive	0.0138253	0.986175
1YUC-C-A	Positive	0.00605792	0.993942
1YUC-D-B	Positive	0.0532988	0.946701
1T73-B-A	Positive	0.00356978	0.99643
1TZS-P-A	Positive	0.0430496	0.95695
1TZS-X-A	Positive	0.00701606	0.992984
1A1N-C-A	Positive	0.00113666	0.998863
1U8K-C-A	Positive	0.00328815	0.996712
1FYR-I-A	Positive	8.16584e-05	0.999918
1G1F-B-A	Positive	0.00140959	0.99859
1LQV-C-A	Negative	0.832765	0.167235
1PTT-B-A	Positive	0.00192821	0.998072
1ONV-B-A	Positive	0.0510441	0.948956
1MK7-A-B	Positive	0.0504446	0.949555
1MK7-C-B	Positive	0.241429	0.758571
1QR1-C-A	Positive	0.0131109	0.986889
1JYI-P-A	Positive	0.223794	0.776206
1IWQ-B-A	Positive	0.25792	0.74208
1L4A-E-A	Negative	0.871961	0.128039
1OXQ-F-E	Positive	0.0232428	0.976757
1N6E-B-A	Positive	0.305026	0.694974
1R5I-C-A	Positive	0.0770807	0.922919
1FG2-C-A	Positive	0.370572	0.629428
1QGC-5-1	Positive	0.0312146	0.968785
1E4W-P-H	Positive	0.000558078	0.999442
1T08-B-A	Negative	0.860384	0.139616
1T08-C-A	Positive	0.0456749	0.954325
1MJE-B-A	Negative	0.846746	0.153254
1QMB-B-A	Negative	0.785392	0.214608
1M45-B-A	Negative	0.912092	0.0879082
1GFF-3-1	Positive	0.0753523	0.924648
1YK0-E-A	Positive	0.00701374	0.992986
1QBQ-P-A	Positive	0.0776338	0.922366
1RFI-C-A	Positive	0.0005669	0.999433
1RFI-E-B	Positive	0.00053829	0.999462
1B3L-B-A	Positive	0.000617027	0.999383
1B07-C-A	Positive	0.112677	0.887323
1SUA-C-A	Positive	0.0109135	0.989087
1JXQ-E-A	Positive	0.00209212	0.997908
1O9F-P-A	Positive	0.00488907	0.995111
1ZSD-C-A	Positive	0.160748	0.839252
1OU8-C-A	Positive	0.160122	0.839878
1OU8-D-B	Positive	0.0510864	0.948914
1RKH-C-A	Positive	0.154254	0.845746
1RD3-C-D	Negative	0.575982	0.424018
1ER8-I-E	Positive	0.0066452	0.993355
1STR-M-B	Positive	0.00109398	0.998906
1MOX-C-A	Positive	0.333044	0.666956
1MOX-D-B	Positive	0.420053	0.579947
1OFS-B-A	Negative	0.892674	0.107326
1LOB-B-A	Negative	0.980301	0.0196991
1I7T-C-A	Positive	0.064332	0.935668
1H8E-I-G	Positive	0.00520712	0.994793
1XMN-C-D	Negative	0.609181	0.390819
1UXW-C-A	Positive	0.00638306	0.993617
1KAP-I-P	Positive	0.00281566	0.997184
1SVF-B-A	Positive	0.471699	0.528301
1SVF-D-C	Positive	0.21155	0.78845
1A30-C-A	Positive	0.00210935	0.997891
1D00-I-A	Positive	0.000395358	0.999605
1H3H-B-A	Positive	0.00301665	0.996983
1T3L-B-A	Negative	0.976452	0.0235484
1HXL-C-A	Positive	0.00283414	0.997166
1XV9-H-A	Positive	0.16396	0.83604
1XV9-F-B	Positive	0.0566696	0.94333
1Q3P-C-A	Positive	0.00556481	0.994435
1BQH-C-A	Positive	0.0107855	0.989214
1S7S-C-A	Positive	0.00776452	0.992235
1LGB-B-A	Negative	0.948823	0.0511773
1AGD-C-A	Positive	0.00663805	0.993362
1QXA-B-A	Positive	0.0208325	0.979167
1P8D-C-A	Positive	0.0171052	0.982895
1P8D-D-B	Positive	0.00655943	0.993441
1CA9-G-A	Positive	0.00134075	0.998659
1CA9-H-B	Positive	0.00859922	0.991401
1S5R-A-B	Positive	0.407718	0.592282
1D7Q-B-A	Positive	0.00562775	0.994372
1VF5-E-A	Positive	0.00326896	0.996731
1VF5-G-A	Positive	0.00408536	0.995915
1VF5-F-C	Negative	0.929748	0.0702517
1VF5-H-C	Positive	0.259003	0.740997
1VF5-T-N	Positive	0.173535	0.826465
1VF5-S-O	Negative	0.915686	0.0843138
1O6O-D-A	Positive	0.00152558	0.998474
1O6O-E-C	Positive	0.00328934	0.996711
1G0Y-I-R	Negative	0.81549	0.18451
1JPG-C-A	Positive	0.00253189	0.997468
1SJE-C-A	Positive	0.0187802	0.98122
1Y2A-P-C	Positive	0.0306039	0.969396
1HIN-P-L	Positive	0.0014872	0.998513
1KMC-C-A	Positive	0.150481	0.849519
1VZQ-I-H	Positive	0.00238645	0.997614
1EJH-E-A	Positive	0.139818	0.860182
1EJH-F-B	Negative	0.61465	0.38535
1EJH-G-C	Negative	0.659137	0.340863
1EJH-H-D	Positive	0.000255525	0.999744
1KTS-A-B	Negative	0.795424	0.204576
1FFO-C-A	Positive	0.00160414	0.998396
1A2X-B-A	Positive	0.231064	0.768936
1EPL-I-E	Positive	0.000135422	0.999865
1FGL-B-A	Positive	0.00785697	0.992143
1HCT-A-B	Positive	0.00254112	0.997459
1SKG-B-A	Positive	0.00356519	0.996435
1OHH-H-A	Negative	0.918723	0.0812766
1MFL-B-A	Positive	0.00051105	0.999489
1PD1-B-A	Positive	0.0442809	0.955719
1MZW-B-A	Negative	0.706593	0.293407
1Z8J-A-B	Negative	0.877777	0.122223
1S9V-C-A	Positive	0.00367951	0.99632
1H15-C-A	Positive	0.0372529	0.962747
1DEV-B-A	Negative	0.740959	0.259041
1DEV-D-C	Negative	0.752523	0.247477
1CKB-B-A	Positive	0.0016765	0.998324
1NRQ-L-H	Negative	0.545355	0.454645
1NRQ-R-H	Positive	0.00266719	0.997333
1XKH-I-A	Positive	0.00380731	0.996193
1QRN-C-A	Positive	0.0871287	0.912871
1K3N-B-A	Positive	0.249788	0.750212
1YCR-B-A	Positive	0.435087	0.564913
1JU5-B-A	Positive	0.354489	0.645511
1T1W-C-A	Negative	0.842296	0.157704
1SM3-P-L	Positive	0.321256	0.678744
1BSX-X-A	Positive	0.00252205	0.997478
1KIL-E-A	Negative	0.946747	0.0532526
1NKZ-F-C	Negative	0.745584	0.254416
1B4Z-B-A	Positive	0.000682235	0.999318
1KC5-P-L	Positive	0.0070371	0.992963
1NH0-I-A	Positive	0.00219816	0.997802
1JM4-A-B	Positive	0.021562	0.978438
1MK2-B-A	Negative	0.828231	0.171769
1OW8-D-A	Positive	0.00086993	0.99913
1SQK-B-A	Negative	0.696937	0.303063
1JPP-C-A	Positive	0.00311655	0.996883
1JPP-D-B	Positive	0.0192083	0.980792
1QLS-D-A	Positive	0.00161839	0.998382
1ZDU-Q-A	Positive	0.0600361	0.939964
1YM4-X-A	Positive	0.000226557	0.999773
1JBU-X-H	Positive	0.0672813	0.932719
1G3J-B-A	Positive	0.309553	0.690447
1G3J-D-A	Negative	0.550577	0.449423
1JOU-A-B	Negative	0.972197	0.0278025
1JOU-C-B	Negative	0.918013	0.0819868
1JOU-E-F	Negative	0.969659	0.0303411
1P7V-B-A	Positive	0.0248531	0.975147
1TJ9-B-A	Positive	0.000828147	0.999172
1Q2C-B-A	Positive	0.000510097	0.99949
1QSE-C-A	Positive	0.0138949	0.986105
1HES-P-A	Positive	0.063365	0.936635
1I73-B-A	Positive	0.00422329	0.995777
1NS3-C-A	Positive	0.0901715	0.909829
1KDX-B-A	Positive	0.35103	0.64897
1PEG-P-A	Positive	0.000922203	0.999078
1PEG-Q-B	Positive	0.00356829	0.996432
1SOZ-D-A	Positive	0.00105482	0.998945
1OBX-B-A	Positive	0.00476462	0.995235
1UPK-B-A	Positive	0.000333428	0.999667
1W7V-E-A	Positive	0.00422329	0.995777
1YYL-M-G	Positive	0.00720596	0.992794
1G9I-I-E	Positive	0.0179219	0.982078
1OHF-E-A	Positive	0.00599289	0.994007
1OHF-F-B	Positive	0.00253296	0.997467
1QZ2-G-A	Positive	0.00190264	0.998097
1A37-P-A	Positive	0.00655687	0.993443
1H9O-B-A	Positive	0.00289983	0.9971
1PCG-E-A	Positive	0.00298607	0.997014
1CSY-B-A	Positive	0.00258076	0.997419
1TNZ-M-A	Positive	0.000895202	0.999105
1NEX-E-B	Positive	0.00813431	0.991866
1NEX-F-D	Positive	0.00125641	0.998744
1NLP-N-C	Positive	0.0045321	0.995468
1NIW-B-A	Positive	0.0440287	0.955971
1TL9-B-A	Positive	0.00326717	0.996733
1GVX-I-A	Positive	0.00143254	0.998567
1FT8-E-A	Negative	0.826411	0.173589
1H26-E-B	Negative	0.740485	0.259515
1AB9-D-B	Positive	0.0309613	0.969039
1ISQ-B-A	Positive	0.0150046	0.984995
1F59-C-A	Negative	0.568384	0.431616
1F59-D-B	Negative	0.567505	0.432495
1NLO-N-C	Positive	0.0045321	0.995468
1TET-P-L	Positive	0.00428218	0.995718
1LTA-C-D	Negative	0.958603	0.0413969
1ZGX-B-A	Positive	0.473865	0.526135
1NLN-B-A	Positive	0.0057385	0.994262
1NPQ-B-A	Positive	0.129632	0.870368
1I8K-C-A	Positive	0.0694725	0.930528
1YYM-M-G	Positive	0.0044567	0.995543
1YYM-S-P	Positive	0.0044567	0.995543
1RBD-S-A	Positive	0.170672	0.829328
1YWT-C-A	Positive	0.00216371	0.997836
1YWT-D-B	Positive	0.0037685	0.996231
1QKZ-P-H	Positive	0.00326484	0.996735
1I5K-C-A	Positive	0.0445174	0.955483
1D4W-C-A	Positive	0.0392889	0.960711
1HHH-C-A	Positive	0.0150701	0.98493
1T3E-P-A	Positive	0.00272864	0.997271
1ILQ-C-A	Positive	0.0304106	0.969589
1SE0-B-A	Positive	0.0109741	0.989026
1ZUB-B-A	Positive	0.0403104	0.95969
1CSB-A-B	Negative	0.973784	0.0262161
1CSB-D-E	Negative	0.973784	0.0262161
1R1A-4-1	Positive	0.00248134	0.997519
1ORH-B-A	Positive	0.0447708	0.955229
1NU2-B-A	Negative	0.530122	0.469878
1ICF-B-A	Negative	0.551707	0.448293
1E0F-C-E	Negative	0.719916	0.280084
1TU3-F-A	Positive	0.317541	0.682459
1TU3-H-B	Negative	0.542432	0.457568
1TU3-I-C	Negative	0.611619	0.388381
1B5J-B-A	Positive	0.000501513	0.999498
1G1G-B-A	Positive	0.0087769	0.991223
1EZX-B-A	Negative	0.63744	0.36256
1CP3-C-A	Positive	0.00045532	0.999545
1FE6-C-A	Negative	0.507663	0.492337
1OKW-E-B	Positive	0.000343919	0.999656
1YWH-B-A	Positive	0.204466	0.795534
1N12-B-A	Negative	0.869784	0.130216
1KO6-B-A	Positive	0.00388455	0.996115
1FIW-L-A	Positive	0.0246438	0.975356
1U8I-C-A	Positive	0.00325865	0.996741
1JEV-B-A	Positive	0.0068081	0.993192
1XH3-C-A	Positive	0.00264597	0.997354
1TW6-D-B	Positive	0.000709057	0.999291
1OLA-B-A	Positive	0.000935853	0.999064
1K8D-P-A	Positive	0.000809729	0.99919
1YP1-B-A	Positive	0.000393927	0.999606
1EBD-C-A	Positive	0.194572	0.805428
1LDP-P-H	Positive	0.0100436	0.989956
1LDP-Q-H	Negative	0.627153	0.372847
1QVO-C-A	Positive	0.0216368	0.978363
1LDK-E-A	Negative	0.724063	0.275937
1W9E-R-A	Positive	0.000218213	0.999782
1W9E-T-A	Positive	0.000379443	0.999621
1M93-A-B	Negative	0.931951	0.0680486
1M93-C-B	Negative	0.841243	0.158757
1NQL-B-A	Negative	0.997256	0.00274411
1QSC-D-A	Positive	0.000811636	0.999188
1EE5-B-A	Positive	0.00263411	0.997366
1HOC-C-A	Positive	0.00123477	0.998765
1ZAX-Z-A	Positive	0.0705487	0.929451
1Q90-R-A	Negative	0.981155	0.0188451
1Q90-G-A	Negative	0.830672	0.169328
1Q90-L-A	Positive	0.12266	0.87734
1Q90-M-A	Positive	0.353973	0.646027
1Q90-N-A	Negative	0.870203	0.129797
1HC9-C-A	Positive	0.0218017	0.978198
1HC9-D-B	Positive	0.0161745	0.983826
1OT5-C-A	Positive	0.0174162	0.982584
1QTX-B-A	Positive	0.0082221	0.991778
1GL0-I-E	Negative	0.508227	0.491773
1QX8-A-B	Negative	0.871485	0.128515
1ZKF-C-A	Positive	0.0649309	0.935069
1KU8-B-A	Negative	0.946975	0.0530247
1KU8-F-A	Positive	0.352012	0.647988
1L4W-B-A	Negative	0.914742	0.0852578
1PYU-A-B	Positive	0.0837445	0.916256
1C4Y-3-2	Positive	0.0486138	0.951386
1WLP-A-B	Positive	0.0317297	0.96827
1A38-P-A	Positive	0.000740588	0.999259
1UOO-B-A	Positive	0.00675201	0.993248
1GUW-B-A	Positive	0.0114591	0.988541
1E8N-I-A	Positive	0.0166389	0.983361
1RDT-E-D	Positive	0.000346899	0.999653
1MQS-B-A	Positive	0.044989	0.955011
1EJY-N-I	Positive	0.0278372	0.972163
1B8Q-B-A	Positive	7.66516e-05	0.999923
1EFR-Q-A	Positive	0.00167328	0.998327
1TG1-C-A	Positive	0.000395	0.999605
1T2V-F-A	Positive	0.273215	0.726785
1T2V-J-A	Positive	0.00492769	0.995072
1T2V-I-D	Negative	0.63938	0.36062
1SPS-D-A	Positive	0.00360155	0.996398
1SPS-F-A	Negative	0.654144	0.345856
1SPS-E-B	Positive	0.000845194	0.999155
1HIA-I-A	Negative	0.925042	0.0749582
1HQW-B-A	Positive	0.020381	0.979619
1SB0-B-A	Positive	0.00416052	0.995839
1ICE-T-A	Positive	0.025142	0.974858
1SJH-C-A	Positive	0.0243899	0.97561
1T1Y-C-A	Positive	0.17142	0.82858
1G5J-B-A	Positive	0.45866	0.54134
1GMC-B-F	Positive	0.0291092	0.970891
1WBY-C-A	Negative	0.907292	0.0927083
1JUQ-E-A	Positive	0.00219804	0.997802
1JUQ-F-B	Positive	0.0020169	0.997983
1JUQ-H-D	Positive	0.00359511	0.996405
1TK4-B-A	Positive	0.000676513	0.999323
1EEO-B-A	Positive	0.00232559	0.997674
1S6C-B-A	Positive	0.00338572	0.996614
1RGR-B-A	Positive	0.000435531	0.999564
1N51-B-A	Positive	0.0197966	0.980203
1RTF-A-B	Positive	0.00518978	0.99481
1BC5-T-A	Positive	0.000263989	0.999736
1JET-B-A	Positive	0.00305063	0.996949
1EYX-G-B	Positive	0.00787282	0.992127
1EYX-H-L	Positive	0.00336784	0.996632
1GJD-A-B	Positive	0.0226123	0.977388
1PPG-I-E	Positive	0.0542352	0.945765
1EEZ-C-A	Positive	0.00588959	0.99411
1OY7-F-E	Positive	0.00066787	0.999332
1JB0-J-A	Negative	0.878568	0.121432
1JB0-K-A	Positive	0.0805352	0.919465
1JB0-M-B	Positive	0.00454342	0.995457
1JB0-X-B	Positive	0.0384945	0.961506
1B5I-B-A	Positive	0.00030601	0.999694
1T76-B-A	Negative	0.554783	0.445217
1E54-B-A	Positive	0.000526965	0.999473
1RBH-S-A	Positive	0.0350688	0.964931
1M26-D-A	Positive	0.0205353	0.979465
1SMR-B-A	Positive	0.00261909	0.997381
1NX0-C-A	Positive	0.0668896	0.93311
1NX0-E-A	Positive	0.00125289	0.998747
1WKW-B-A	Negative	0.562114	0.437886
1AQD-C-A	Positive	0.0672088	0.932791
1AQD-F-D	Positive	0.0896198	0.91038
1PSB-C-A	Positive	0.350045	0.649955
1CVU-F-B	Positive	0.018849	0.981151
1UJ0-B-A	Positive	0.00312376	0.996876
1N3N-I-A	Positive	0.00794214	0.992058
1WA7-B-A	Negative	0.571137	0.428863
1H59-B-A	Negative	0.980151	0.0198487
1AYA-P-A	Positive	0.000418365	0.999582
1AYA-Q-B	Positive	0.000727236	0.999273
1TY4-C-A	Positive	0.303219	0.696781
1TY4-D-B	Positive	0.234875	0.765125
1L5G-C-A	Positive	0.001719	0.998281
1APV-I-E	Positive	0.0023613	0.997639
1M72-D-A	Positive	0.00390345	0.996097
1APT-I-E	Positive	0.0023613	0.997639
1MQ1-C-A	Positive	0.102775	0.897225
1JEU-B-A	Positive	0.000320911	0.999679
1Y19-A-B	Positive	0.0231065	0.976893
1QGR-B-A	Positive	0.0305901	0.96941
1SVH-B-A	Positive	0.0127591	0.987241
1DP5-B-A	Positive	0.202008	0.797992
1U7B-B-A	Positive	0.166302	0.833698
1R1R-D-A	Positive	0.0496874	0.950313
1R1R-P-A	Positive	0.00640035	0.9936
1GVU-I-A	Positive	0.00333077	0.996669
1N86-G-C	Positive	0.00439221	0.995608
1XR9-C-A	Positive	0.0318424	0.968158
1MPA-P-L	Positive	0.00123322	0.998767
1SMF-I-E	Positive	0.00122434	0.998776
1B3F-B-A	Positive	0.00148457	0.998515
1CMX-D-A	Positive	0.0143474	0.985653
1G5Q-M-A	Positive	0.00404125	0.995959
1KL5-E-A	Positive	0.00106341	0.998937
1KL5-F-B	Positive	0.00443876	0.995561
1QSN-B-A	Positive	0.230757	0.769243
1JRR-P-A	Positive	0.0223714	0.977629
1CI6-B-A	Negative	0.937298	0.0627024
1F8A-C-B	Positive	0.00696778	0.993032
1H2M-S-A	Positive	0.0687608	0.931239
1PIP-B-A	Positive	0.00563914	0.994361
1WBZ-P-A	Positive	0.250297	0.749703
1D8T-C-A	Positive	0.00213951	0.99786
1AGC-C-A	Positive	0.0018453	0.998155
1APU-I-E	Positive	0.0023613	0.997639
1NPO-B-A	Positive	0.00171453	0.998285
1B46-B-A	Positive	0.00446284	0.995537
1V1T-T-A	Positive	0.000327826	0.999672
1OL5-B-A	Positive	0.346499	0.653501
1ZH7-C-A	Negative	0.637788	0.362212
1MA3-B-A	Positive	0.0205243	0.979476
1P16-C-A	Positive	0.00263047	0.99737
1P16-D-A	Positive	0.0351647	0.964835
1EES-B-A	Negative	0.979206	0.0207938
1OKX-C-A	Positive	0.00695968	0.99304
1BHF-I-A	Positive	0.0020811	0.997919
1JW6-B-A	Positive	0.0500026	0.949997
1QSF-C-A	Positive	0.0327439	0.967256
1OLC-B-A	Positive	0.00403684	0.995963
1HAZ-A-B	Positive	0.000598431	0.999402
1KCS-P-L	Positive	0.00830668	0.991693
1C4U-3-2	Positive	0.00267881	0.997321
1N2D-C-A	Negative	0.806311	0.193689
1YM0-B-A	Positive	0.265649	0.734351
1J2X-B-A	Positive	0.0158284	0.984172
1WRZ-B-A	Positive	0.00368613	0.996314
1HTE-C-A	Positive	0.000403345	0.999597
1RK8-C-A	Positive	0.184784	0.815216
1PFB-B-A	Positive	0.000775814	0.999224
1PU9-B-A	Positive	0.00661427	0.993386
1U8N-C-A	Positive	0.00309354	0.996906
1G6G-E-A	Positive	0.00106198	0.998938
1G6G-F-B	Positive	0.00184137	0.998159
1KLQ-B-A	Positive	0.0441723	0.955828
1HTR-P-B	Negative	0.963702	0.0362977
1T7R-B-A	Positive	0.390451	0.609549
1OXG-B-A	Positive	0.0171191	0.982881
1ZUK-C-A	Positive	0.114696	0.885304
1BEV-4-1	Negative	0.926017	0.0739827
1MNF-O-A	Positive	0.125423	0.874577
1KJM-P-A	Positive	0.000503302	0.999497
1NLT-B-A	Positive	0.000588179	0.999412
1B0R-C-A	Positive	0.0340619	0.965938
1LQ8-B-A	Negative	0.935855	0.0641452
1LQ8-F-E	Negative	0.891227	0.108773
1TOC-A-B	Negative	0.796725	0.203275
1HY2-E-A	Positive	0.00192094	0.998079
1H8D-L-H	Positive	0.206883	0.793117
1JAC-B-A	Positive	0.100534	0.899466
1T0J-C-B	Negative	0.972664	0.0273356
1FAV-C-A	Positive	0.404944	0.595056
1CWE-B-A	Positive	0.00312376	0.996876
1P7I-C-D	Negative	0.788839	0.211161
1XCQ-P-A	Negative	0.914291	0.0857095
1XCQ-Q-C	Negative	0.916143	0.0838565
1THS-I-H	Positive	0.00780028	0.9922
1DLK-A-B	Positive	0.000669122	0.999331
1DLK-E-B	Positive	0.0114051	0.988595
1PJN-A-B	Positive	0.0205592	0.979441
1E79-I-G	Positive	0.30537	0.69463
1PD7-B-A	Positive	0.016881	0.983119
1PNB-A-B	Positive	0.300756	0.699244
1QG1-I-E	Positive	0.0118466	0.988153
1NRR-R-H	Positive	0.00225592	0.997744
1LVM-C-A	Positive	0.00806016	0.99194
1LVM-E-A	Positive	0.00331563	0.996684
1SVZ-C-A	Positive	0.000624239	0.999376
1SSH-B-A	Positive	0.0117721	0.988228
1LDT-L-T	Positive	0.244535	0.755465
1MTP-B-A	Positive	0.436857	0.563143
1ABO-C-A	Positive	0.0042972	0.995703
1XN2-E-A	Positive	0.00168908	0.998311
1P4U-B-A	Positive	0.00137448	0.998626
1AQC-C-A	Negative	0.574516	0.425484
1FBV-B-A	Positive	0.00177366	0.998226
1FU5-B-A	Positive	0.249869	0.750131
1NZV-C-B	Positive	0.000479817	0.99952
1CWD-P-L	Positive	0.00733989	0.99266
1IRS-B-A	Positive	0.00530857	0.994691
1YYP-B-A	Positive	0.142942	0.857058
1YP0-B-A	Positive	0.00265276	0.997347
1RHI-4-1	Negative	0.502981	0.497019
1JCD-A-B	Positive	0.205971	0.794029
1HIM-P-H	Positive	0.0014872	0.998513
1HIM-R-J	Positive	0.00144452	0.998555
1SYS-C-A	Negative	0.961682	0.0383178
1NRL-C-A	Positive	0.0107723	0.989228
1PWW-C-A	Positive	0.0837162	0.916284
1RLP-R-C	Positive	0.318815	0.681185
1J71-B-A	Positive	0.0010823	0.998918
1FLE-I-E	Positive	0.441234	0.558766
1IAK-P-A	Positive	0.0951197	0.90488
1C8O-B-A	Negative	0.804479	0.195521
1CF4-B-A	Negative	0.957704	0.0422956
1DXP-C-A	Positive	0.0527453	0.947255
1TAB-I-E	Negative	0.746268	0.253732
1LVB-C-A	Positive	0.0974623	0.902538
1YOW-B-A	Positive	0.00393599	0.996064
1IVO-C-A	Negative	0.996498	0.00350202
1XB1-G-A	Positive	0.00417697	0.995823
1RST-P-B	Positive	0.0143803	0.98562
1OC0-B-A	Negative	0.944647	0.055353
1Y98-B-A	Positive	0.0181391	0.981861
1C9P-B-A	Negative	0.649207	0.350793
1BXL-B-A	Positive	0.0114864	0.988514
1U91-C-A	Positive	0.00278991	0.99721
1YBK-C-A	Negative	0.691078	0.308922
1HSA-C-A	Positive	0.00292587	0.997074
1BHX-E-B	Positive	0.000321507	0.999678
1CKA-B-A	Positive	0.0244073	0.975593
1X7B-C-A	Positive	0.00110549	0.998895
1W70-C-A	Positive	0.0119942	0.988006
1W70-D-A	Positive	0.1751	0.8249
1S8D-C-A	Positive	0.0402632	0.959737
1JPF-C-A	Positive	0.375921	0.624079
1TII-C-D	Positive	0.210344	0.789656
1QX7-D-I	Negative	0.708604	0.291396
1KLU-C-A	Positive	0.0171159	0.982884
1XU2-R-A	Negative	0.758958	0.241042
1XU2-T-A	Negative	0.826432	0.173568
1XU2-S-B	Negative	0.806908	0.193092
1YTH-I-A	Positive	0.000404656	0.999595
1FFP-C-A	Positive	0.224319	0.775681
1DPJ-B-A	Negative	0.500964	0.499036
1GGI-P-L	Positive	0.000584245	0.999416
1DDM-B-A	Positive	0.144689	0.855311
1BDV-A-B	Negative	0.834173	0.165827
1BDV-D-B	Positive	0.445105	0.554895
1A3R-P-L	Positive	0.0027765	0.997223
1A1O-C-A	Positive	0.058543	0.941457
1U8O-C-A	Positive	0.000946343	0.999054
1RXM-B-A	Positive	0.133242	0.866758
1WBX-C-A	Positive	0.0311089	0.968891
1QZ7-B-A	Positive	0.0776982	0.922302
1HQR-C-A	Positive	0.0019111	0.998089
1EJ4-B-A	Positive	0.183661	0.816339
1F7A-P-A	Positive	0.00376284	0.996237
1UN0-C-A	Positive	0.0059545	0.994045
1SLG-M-B	Positive	0.00222945	0.997771
1SLG-P-D	Positive	0.00235051	0.997649
1D5E-A-B	Positive	0.0894319	0.910568
1OKV-E-B	Positive	0.056106	0.943894
1IR3-B-A	Positive	0.000700355	0.9993
1T7F-B-A	Positive	0.000530779	0.999469
1U6H-B-A	Positive	0.0680421	0.931958
1EB1-A-H	Negative	0.604758	0.395242
1U38-B-A	Positive	0.0301493	0.969851
1XJ7-B-A	Positive	0.000752032	0.999248
1YTI-I-A	Positive	0.000889122	0.999111
1FF1-B-A	Positive	0.00395668	0.996043
1Q1T-A-C	Positive	0.00071156	0.999288
1Q1T-B-C	Positive	0.0013473	0.998653
1FLL-X-A	Positive	0.0563102	0.94369
1TJH-P-L	Positive	0.0244697	0.97553
1TBZ-L-H	Positive	0.0309308	0.969069
1Y43-A-B	Negative	0.680514	0.319486
1BGY-I-A	Negative	0.515554	0.484446
1BGY-K-A	Positive	0.140386	0.859614
1ZVS-C-A	Positive	0.00037396	0.999626
1OSG-G-A	Positive	0.000332713	0.999667
1R1L-D-I	Positive	0.172675	0.827325
1JDP-H-A	Positive	0.0001719	0.999828
1RZX-B-A	Positive	0.000200808	0.999799
1HH9-C-A	Positive	0.144461	0.855539
1L0N-K-A	Negative	0.94085	0.0591504
1AYB-P-A	Positive	0.000215828	0.999784
1T4F-P-M	Positive	0.00708014	0.99292
1F58-P-L	Positive	0.00120342	0.998797
1XGY-P-L	Positive	0.00188327	0.998117
1NOP-C-A	Positive	0.000346541	0.999653
1YOK-B-A	Positive	0.0740027	0.925997
1KKQ-E-A	Positive	0.125778	0.874222
1S9X-C-A	Negative	0.678107	0.321893
1EMU-B-A	Positive	0.236145	0.763855
1YDI-B-A	Positive	0.0048061	0.995194
1RBG-S-A	Positive	0.0350688	0.964931
1P22-C-A	Positive	0.00205201	0.997948
1S9Y-C-A	Negative	0.677022	0.322978
1YVH-B-A	Positive	0.0077551	0.992245
1A7C-B-A	Positive	0.000500798	0.999499
1XHM-B-A	Negative	0.53329	0.46671
1XHM-C-A	Positive	0.282085	0.717915
1D01-G-C	Positive	0.00326163	0.996738
1KJ2-P-H	Positive	0.000750005	0.99925
1R8U-A-B	Negative	0.682516	0.317484
1TBQ-L-H	Negative	0.933736	0.0662638
1JCR-C-A	Positive	0.0560063	0.943994
1MVF-D-A	Negative	0.908709	0.091291
1RB8-J-F	Negative	0.995664	0.00433592
1ELW-C-A	Positive	0.00878346	0.991217
1EVH-B-A	Positive	0.00603366	0.993966
1TT5-E-B	Positive	0.025141	0.974859
1TT5-F-B	Positive	0.0360361	0.963964
1KTL-P-A	Positive	0.00310695	0.996893
1LGH-B-A	Negative	0.977051	0.0229492
1LGH-E-A	Negative	0.977051	0.0229492
1GL1-I-A	Positive	0.014457	0.985543
1GL1-J-B	Positive	0.146227	0.853773
1FM6-V-U	Positive	0.0117809	0.988219
1FM6-Y-X	Positive	0.0197129	0.980287
1G37-B-A	Positive	0.00210685	0.997893
1G65-3-K	Positive	0.00218827	0.997812
1B40-B-A	Positive	0.0068081	0.993192
1NRS-R-H	Positive	0.000677347	0.999323
1VYJ-B-A	Negative	0.560188	0.439812
1JD5-B-A	Positive	0.00564826	0.994352
1BY5-B-A	Positive	0.0208325	0.979167
1O6P-D-A	Positive	0.00691909	0.993081
1O6P-E-A	Positive	0.00159425	0.998406
1XDK-C-A	Positive	0.0497217	0.950278
1XDK-D-B	Positive	0.000801623	0.999198
1L6O-D-A	Positive	0.00021404	0.999786
1JKY-B-A	Positive	0.00219458	0.997805
1GYB-E-A	Positive	0.00505656	0.994943
1GYB-F-A	Positive	0.0010376	0.998962
1GYB-G-C	Positive	0.00229192	0.997708
1JUI-P-A	Positive	0.0187145	0.981285
1PWV-C-A	Positive	0.0129209	0.987079
1CDL-E-A	Positive	0.00583398	0.994166
1CDL-G-C	Positive	0.0172089	0.982791
1CDL-H-C	Positive	0.0508201	0.94918
1IFH-P-L	Positive	0.000695109	0.999305
1EBP-C-A	Positive	0.104502	0.895498
1LEZ-B-A	Positive	0.000284612	0.999715
1W9Q-S-B	Positive	0.00227076	0.997729
1VPP-X-V	Positive	0.40649	0.59351
1VPP-Y-V	Negative	0.745743	0.254257
1ZUZ-B-A	Positive	0.00355762	0.996442
1P9U-G-A	Positive	0.00140172	0.998598
1BZ9-C-A	Positive	0.154383	0.845617
1BBZ-B-A	Positive	0.00309616	0.996904
1EPT-A-B	Positive	0.0992345	0.900766
1JHT-C-A	Positive	0.0342147	0.965785
1GUX-E-B	Negative	0.822861	0.177139
1ACY-P-L	Positive	0.0201707	0.979829
1DD3-C-A	Positive	0.00534487	0.994655
1GY3-E-A	Positive	0.00432259	0.995677
1GHB-E-F	Positive	0.00270122	0.997299
1GHB-P-F	Positive	0.00951201	0.990488
1EAK-P-A	Positive	0.00642306	0.993577
1OQP-B-A	Negative	0.852155	0.147845
1HL3-B-A	Positive	0.000913501	0.999086
1MT8-P-A	Positive	0.000192225	0.999808
1RBI-S-A	Positive	0.039664	0.960336
1N6J-G-A	Positive	0.0301479	0.969852
1CE1-P-L	Positive	0.0107796	0.98922
1BE9-B-A	Positive	0.00181073	0.998189
1F47-A-B	Negative	0.937966	0.0620345
1S7W-C-A	Positive	0.421446	0.578554
1XR0-A-B	Positive	0.438067	0.561933
1NRN-R-H	Negative	0.835056	0.164944
1N4M-C-A	Negative	0.967279	0.0327207
1N4M-E-B	Positive	0.327768	0.672232
1JMO-L-H	Negative	0.973259	0.026741
1RMH-C-A	Positive	0.12483	0.87517
1LQB-D-B	Negative	0.911102	0.0888977
1PAD-I-A	Negative	0.72136	0.27864
1R1Q-C-A	Positive	0.000345349	0.999655
1YJ9-2-R	Positive	0.432379	0.567621
1VC3-A-B	Negative	0.849417	0.150583
1ZGY-B-A	Positive	0.0460761	0.953924
1X11-C-A	Negative	0.976891	0.0231086
1C9L-C-A	Positive	0.00153553	0.998464
1X8S-B-A	Positive	0.00436324	0.995637
1SSA-B-A	Positive	0.000536859	0.999463
1PZL-B-A	Positive	0.0018478	0.998152
1BK6-C-A	Positive	0.000498772	0.999501
1BK6-D-A	Positive	0.00100368	0.998996
1OEX-B-A	Positive	0.00952429	0.990476
1LKK-B-A	Positive	0.0020811	0.997919
1Q1S-A-C	Positive	0.000611067	0.999389
1Q1S-B-C	Positive	0.0985243	0.901476
1CFN-C-A	Positive	0.00143296	0.998567
1HXZ-C-A	Positive	0.00217289	0.997827
1AGE-C-A	Positive	0.00584573	0.994154
1DML-B-A	Negative	0.808921	0.191079
1P4B-P-L	Positive	0.00047636	0.999524
1Q1A-B-A	Positive	0.329559	0.670441
1SEM-C-A	Positive	0.00786871	0.992131
1R1S-B-A	Positive	0.000478029	0.999522
1OQE-K-A	Positive	0.0354964	0.964504
1OQE-N-E	Positive	0.00236797	0.997632
1E4X-P-H	Positive	0.00441915	0.995581
1NES-I-E	Positive	0.0225376	0.977462
1N4Q-M-A	Positive	0.000895083	0.999105
1B51-B-A	Positive	0.000669599	0.99933
1LTX-P-A	Positive	0.0150226	0.984977
1E91-B-A	Positive	0.00545466	0.994545
1N4R-M-A	Positive	0.000263035	0.999737
1LD9-C-A	Positive	0.0019834	0.998017
1XIU-E-A	Positive	0.00114	0.99886
1XIU-F-B	Positive	0.0121282	0.987872
1KYD-P-A	Positive	0.00328493	0.996715
1ZL1-C-A	Positive	0.0616468	0.938353
1OM2-B-A	Positive	0.00487465	0.995125
1L0A-B-A	Negative	0.752861	0.247139
1U8T-E-A	Positive	0.00423598	0.995764
1YTG-I-A	Positive	0.107896	0.892104
1QKB-B-A	Positive	0.000612974	0.999387
1N7T-B-A	Positive	0.00176346	0.998237
1M5N-Q-S	Positive	0.0161479	0.983852
1PYO-E-A	Positive	0.000922918	0.999077
1SDX-E-A	Positive	0.000602365	0.999398
1JQ9-P-A	Positive	0.00134516	0.998655
1J19-B-A	Negative	0.671098	0.328902
1SHB-B-A	Positive	0.00136524	0.998635
1UHB-P-A	Positive	0.0150673	0.984933
1OX1-B-A	Positive	0.0180559	0.981944
1BX2-F-D	Positive	0.0865353	0.913465
1D5S-B-A	Negative	0.853831	0.146169
1X2R-B-A	Positive	0.00465739	0.995343
1YRK-B-A	Positive	0.00324941	0.996751
1TZE-I-E	Positive	0.000390232	0.99961
1S2K-B-A	Negative	0.792997	0.207003
1HPG-B-A	Positive	0.00572956	0.99427
1RGQ-C-A	Positive	0.377868	0.622132
1RGQ-D-A	Positive	0.0261204	0.97388
1HEF-I-E	Positive	0.0376331	0.962367
1DKD-E-A	Positive	0.0461609	0.953839
1U95-C-A	Positive	0.00366473	0.996335
1DIT-P-H	Positive	0.224773	0.775227
1B9J-B-A	Positive	0.00101215	0.998988
1PUA-B-A	Positive	0.150887	0.849113
1H27-E-B	Positive	0.0106369	0.989363
1ZW3-B-A	Negative	0.54212	0.45788
1KCR-P-L	Positive	0.00872314	0.991277
1U8J-C-A	Positive	0.00266826	0.997332
1FYN-B-A	Positive	0.489199	0.510801
1ELR-B-A	Positive	0.00190264	0.998097
1UCY-F-H	Positive	0.0358622	0.964138
1UCY-G-E	Positive	0.0111297	0.98887
1OX9-I-A	Positive	0.0133103	0.98669
1PJ8-I-A	Positive	0.0739322	0.926068
1LCK-B-A	Positive	0.00303191	0.996968
1KY7-P-A	Positive	0.0359712	0.964029
1JOJ-P-A	Positive	0.0500026	0.949997
1TQE-X-P	Negative	0.781473	0.218527
1W5C-F-A	Negative	0.697006	0.302994
1W5C-L-G	Negative	0.697006	0.302994
1VF6-D-A	Negative	0.799236	0.200764
1SBW-I-A	Positive	0.00124967	0.99875
1FEV-A-B	Positive	0.0587273	0.941273
1UXS-C-A	Positive	0.00638306	0.993617
1QFN-B-A	Positive	0.0103111	0.989689
1VIT-I-H	Positive	0.00720644	0.992794
1BOG-C-A	Positive	0.0437561	0.956244
1TP5-B-A	Positive	0.00737375	0.992626
1CMI-C-A	Positive	0.000602603	0.999397
1M0V-B-A	Positive	0.00975502	0.990245
1PCX-B-A	Positive	0.00122803	0.998772
1V9U-5-1	Positive	0.160431	0.839569
1JDH-B-A	Positive	0.0144771	0.985523
1S4Z-C-A	Negative	0.756527	0.243473
1O9U-B-A	Positive	0.108832	0.891168
1R1P-E-A	Positive	0.00115657	0.998843
1TMF-4-1	Positive	0.214392	0.785608
1MEY-G-C	Positive	0.153121	0.846879
1KC2-B-A	Positive	0.00282562	0.997174
1PPJ-I-A	Positive	0.126203	0.873797
1PPJ-J-D	Negative	0.887447	0.112553
1P3Q-Q-U	Positive	0.168851	0.831149
1P3Q-R-V	Positive	0.479468	0.520532
1LMW-A-B	Positive	0.0119914	0.988009
1LMW-C-D	Positive	0.00326586	0.996734
1LKL-B-A	Positive	0.001939	0.998061
1AVF-P-A	Positive	0.000699759	0.9993
1AVF-Q-A	Positive	0.000531971	0.999468
2H6F-P-A	Positive	0.00110823	0.998892
2DO2-P-A	Positive	0.00155288	0.998447
2E74-G-A	Negative	0.69533	0.30467
2E74-H-A	Negative	0.582767	0.417233
2E74-F-B	Negative	0.934891	0.0651093
2E74-E-C	Positive	0.00326896	0.996731
2NXL-P-A	Positive	0.00122231	0.998778
2HN7-C-A	Positive	0.00423563	0.995764
2AOH-C-A	Positive	0.000675201	0.999325
2XFX-C-A	Positive	0.00381982	0.99618
2LGK-B-A	Positive	0.00125903	0.998741
2A25-B-A	Negative	0.580864	0.419136
2AWU-C-B	Positive	0.0419087	0.958091
2I0I-D-A	Positive	0.00180018	0.9982
2WPV-B-A	Negative	0.733599	0.266401
2WPV-F-E	Negative	0.600125	0.399875
2HRP-P-L	Positive	0.004875	0.995125
2F9J-P-A	Negative	0.747248	0.252752
2F9J-Q-B	Negative	0.944945	0.0550548
2V6Q-B-A	Negative	0.930082	0.0699179
2M0K-B-A	Negative	0.9101	0.0898998
2CIK-C-A	Positive	0.263765	0.736235
2R0L-B-A	Positive	0.0987013	0.901299
2P8M-C-A	Positive	0.174385	0.825615
2F9U-B-A	Positive	0.227855	0.772145
2F9U-D-A	Positive	0.02136	0.97864
2Y9Q-B-A	Positive	0.00149477	0.998505
2AV7-F-D	Positive	0.0853628	0.914637
2GPO-C-A	Positive	0.025386	0.974614
2ROR-B-A	Positive	0.046987	0.953013
2FCI-B-A	Positive	0.00979567	0.990204
2V88-D-A	Positive	0.000572383	0.999428
2PEM-R-A	Positive	0.00118721	0.998813
2RDD-B-A	Negative	0.68262	0.31738
2FES-L-H	Negative	0.50262	0.49738
2PHG-B-A	Positive	0.146755	0.853245
2EQ8-C-A	Positive	0.0138289	0.986171
2N1G-B-A	Positive	0.395461	0.604539
2G54-C-A	Positive	0.0197347	0.980265
2G54-D-B	Positive	0.0141253	0.985875
2VGP-D-A	Negative	0.773819	0.226181
2VGP-C-B	Negative	0.761301	0.238699
2XN5-B-A	Positive	0.304233	0.695767
2HFP-B-A	Positive	0.0144108	0.985589
2W2P-E-A	Negative	0.966724	0.033276
2NMV-B-A	Negative	0.568029	0.431971
2HBQ-C-A	Positive	0.00172734	0.998273
2AST-D-B	Positive	0.0118406	0.988159
2PVF-B-A	Positive	0.00337422	0.996626
2Q6F-D-A	Positive	0.274882	0.725118
2CZY-B-A	Positive	0.000624955	0.999375
2L1C-B-A	Positive	0.00729012	0.99271
2A06-I-A	Positive	0.126203	0.873797
2A06-J-D	Negative	0.695427	0.304573
2A06-V-N	Positive	0.126203	0.873797
2QFC-C-A	Positive	0.0006302	0.99937
2PMC-E-A	Positive	0.00288463	0.997115
2OX0-C-A	Positive	0.000824869	0.999175
2FFU-P-A	Positive	0.0356691	0.964331
2Y5T-E-A	Positive	0.00295681	0.997043
2Y5T-F-A	Positive	0.00275552	0.997244
2Y5T-G-A	Positive	0.00759208	0.992408
2EMS-B-A	Positive	0.00394958	0.99605
2CE8-X-A	Positive	0.00291198	0.997088
2ODB-B-A	Negative	0.79944	0.20056
2R7G-B-A	Positive	0.163512	0.836488
2R7G-E-A	Negative	0.552819	0.447181
2PG1-I-A	Negative	0.726968	0.273032
2PG1-L-A	Positive	0.227201	0.772799
2PG1-J-C	Positive	0.227201	0.772799
2YU7-B-A	Positive	0.00158346	0.998417
2M0U-B-A	Positive	0.00329715	0.996703
2ODY-A-B	Negative	0.964031	0.0359695
2ODY-C-B	Negative	0.878947	0.121053
2XRW-B-A	Negative	0.510808	0.489192
2HLO-G-C	Positive	0.00808865	0.991911
2ID4-C-A	Positive	0.000620008	0.99938
2XQQ-E-A	Positive	0.00544679	0.994553
2K2U-B-A	Negative	0.812279	0.187721
2MC1-B-A	Positive	0.418503	0.581497
2IJO-A-B	Negative	0.730634	0.269366
2JDI-I-G	Positive	0.0103225	0.989678
2JMJ-P-A	Positive	0.0105689	0.989431
2FX8-P-L	Positive	0.227269	0.772731
2NNU-B-A	Positive	0.0872062	0.912794
2H6K-D-B	Positive	0.00177294	0.998227
2AXZ-E-A	Positive	0.00347686	0.996523
2AXZ-I-B	Positive	0.000777602	0.999222
2IPU-Q-L	Positive	0.00121182	0.998788
2A4J-B-A	Positive	0.0612313	0.938769
2W2Q-E-A	Negative	0.964566	0.035434
2LCS-B-A	Positive	0.00207883	0.997921
2W65-E-A	Positive	0.000804484	0.999196
2W65-F-A	Positive	0.0016399	0.99836
2YNR-B-A	Positive	0.00111169	0.998888
2YNR-C-A	Positive	0.00107235	0.998928
2J5L-A-B	Positive	0.0207668	0.979233
2XCB-C-A	Positive	0.000478625	0.999521
2AGG-A-X	Positive	0.0556911	0.944309
2WH0-Q-A	Negative	0.637733	0.362267
2WH0-R-C	Positive	0.0111736	0.988826
2N8J-B-A	Positive	0.157851	0.842149
2VDA-B-A	Positive	0.00118613	0.998814
2GWW-B-A	Negative	0.669561	0.330439
2BVP-C-A	Positive	0.0314479	0.968552
2MA9-A-B	Positive	0.275356	0.724644
2N8R-B-A	Positive	0.0275685	0.972431
2FO4-P-A	Positive	0.0086444	0.991356
2ZDV-I-H	Positive	0.0220832	0.977917
2WSC-J-2	Negative	0.924095	0.0759054
2WSC-I-B	Positive	0.0276352	0.972365
2BEZ-F-C	Positive	0.279845	0.720155
2RNW-B-A	Positive	0.00277406	0.997226
2BNQ-C-A	Negative	0.593953	0.406047
2PEH-C-A	Positive	0.0765311	0.923469
2PEH-D-B	Positive	0.371663	0.628337
2DKO-I-A	Positive	0.00390345	0.996097
2JOA-B-A	Positive	0.00394559	0.996054
2J37-S-W	Positive	0.00103807	0.998962
2QN6-C-A	Positive	0.388549	0.611451
2M3M-B-A	Positive	0.0029344	0.997066
2QPY-B-A	Positive	0.0152456	0.984754
2CNZ-B-A	Negative	0.731803	0.268197
2YJA-A-B	Positive	0.00100774	0.998992
2XPO-B-A	Positive	0.0529603	0.94704
2XPO-D-C	Positive	0.0555218	0.944478
2OJX-E-A	Positive	0.00248921	0.997511
2R3Y-D-A	Positive	0.0688235	0.931177
2OD2-B-A	Positive	0.000927806	0.999072
2X4W-B-A	Positive	0.116944	0.883056
2JET-A-B	Positive	0.112324	0.887676
2G30-P-A	Positive	0.197057	0.802943
2G30-S-A	Negative	0.752918	0.247082
2XBY-L-A	Negative	0.753378	0.246622
2IQ6-B-A	Positive	0.0131469	0.986853
2Y36-P-H	Negative	0.733276	0.266723
2PC4-H-D	Positive	0.00319034	0.99681
2HT9-X-A	Positive	0.0264145	0.973586
2ZP9-C-A	Negative	0.540819	0.459181
2ZP9-E-A	Negative	0.815832	0.184168
2ZP9-H-F	Positive	0.0549981	0.945002
2ZP9-J-F	Positive	0.0372243	0.962776
2ZP9-O-K	Positive	0.0372243	0.962776
2GHQ-C-A	Positive	0.0117319	0.988268
2GHQ-D-B	Positive	0.00257981	0.99742
2OY2-W-A	Positive	0.00435001	0.99565
2WZR-4-1	Negative	0.928602	0.0713984
2O1N-P-A	Positive	0.00151378	0.998486
2ARQ-P-A	Positive	0.0256754	0.974325
2DEW-A-X	Positive	0.00203657	0.997963
2PL9-D-A	Positive	0.113404	0.886596
2PL9-E-B	Positive	0.00786459	0.992135
2FP7-A-B	Negative	0.82774	0.17226
2FP7-C-B	Positive	0.00183272	0.998167
2UUD-S-H	Positive	0.00855714	0.991443
2UUD-T-J	Positive	0.0024299	0.99757
2F8E-A-X	Positive	0.00317788	0.996822
2D3G-P-A	Positive	0.0073868	0.992613
2M41-A-B	Positive	0.0135281	0.986472
2OI3-B-A	Positive	0.0006302	0.99937
2D7S-B-A	Positive	0.00317788	0.996822
2E76-H-A	Negative	0.582767	0.417233
2HBH-B-A	Positive	0.030185	0.969815
2YQ7-B-A	Positive	0.0409812	0.959019
2MX6-B-A	Positive	0.0648574	0.935143
2JND-B-A	Positive	0.00242144	0.997579
2LQC-B-A	Positive	0.0807601	0.91924
2QLF-E-A	Positive	0.000734508	0.999265
2QLF-G-A	Positive	0.014501	0.985499
2ZOK-I-A	Positive	0.0106921	0.989308
2ZOK-J-C	Positive	0.0106921	0.989308
2Q8E-F-A	Positive	0.1707	0.8293
2Q8E-G-B	Positive	0.00205415	0.997946
2VOH-B-A	Positive	0.0980181	0.901982
2QQS-C-A	Positive	0.000815809	0.999184
2QQS-D-A	Positive	0.00567698	0.994323
2OS2-C-A	Positive	0.248734	0.751266
2BNZ-A-C	Negative	0.632415	0.367585
2BNZ-D-C	Negative	0.665273	0.334727
2FSE-E-A	Positive	0.00321651	0.996783
2PUX-A-B	Negative	0.697797	0.302203
2PUX-C-B	Positive	0.18968	0.81032
2EU0-B-A	Positive	0.00418937	0.995811
2ROC-B-A	Positive	0.0683763	0.931624
2CNX-P-A	Positive	0.00715828	0.992842
2FMF-B-A	Negative	0.734305	0.265695
2Q8Y-B-A	Positive	0.00141668	0.998583
2Z5H-A-B	Negative	0.874552	0.125448
2Z5H-I-B	Positive	0.0484137	0.951586
2KRD-I-C	Positive	0.066461	0.933539
2FOM-A-B	Positive	0.160893	0.839107
2V52-M-B	Positive	0.151486	0.848514
2W84-B-A	Positive	0.0117585	0.988241
2MWN-A-B	Positive	0.0947132	0.905287
2C5K-P-T	Negative	0.535173	0.464827
2MY3-B-A	Positive	0.465813	0.534187
2ORZ-B-A	Positive	0.00741601	0.992584
2N3K-B-A	Positive	0.193591	0.806409
2A9H-E-A	Positive	0.0320715	0.967928
2J6F-C-A	Positive	0.00270551	0.997294
2B7Y-B-A	Negative	0.72643	0.27357
2QL9-E-A	Positive	0.000660717	0.999339
2PMZ-P-B	Negative	0.586304	0.413696
2BUO-T-A	Positive	0.00207245	0.997928
2X4P-C-A	Positive	0.012002	0.987998
2H2F-B-A	Positive	0.000269949	0.99973
2H43-I-B	Positive	0.0189054	0.981095
2V53-B-A	Positive	0.31767	0.68233
2V53-D-A	Positive	0.31767	0.68233
2WUB-B-A	Positive	0.00137234	0.998628
2WUB-D-C	Positive	0.00117379	0.998826
2NDF-B-A	Positive	0.0041402	0.99586
2WAX-B-A	Negative	0.832181	0.167819
2WAX-D-A	Negative	0.651963	0.348037
2K7W-B-A	Positive	0.290156	0.709844
2IUI-C-A	Positive	0.00095433	0.999046
2MBZ-B-A	Positive	0.000254095	0.999746
2PV3-C-A	Positive	0.0865135	0.913487
2XCF-C-A	Positive	0.3109	0.6891
2A0T-B-A	Negative	0.668806	0.331194
2LOX-B-A	Negative	0.773891	0.226109
2PR3-B-A	Negative	0.927577	0.072423
2XN6-B-A	Positive	0.304233	0.695767
2H65-E-A	Positive	0.000222027	0.999778
2DYR-Z-N	Negative	0.925501	0.0744995
2WAY-B-A	Negative	0.792214	0.207786
2WAY-D-A	Negative	0.660232	0.339768
2CII-C-A	Positive	0.00836682	0.991633
2V3X-B-A	Positive	0.00498742	0.995013
2PW2-C-A	Positive	0.00203586	0.997964
2JQ9-B-A	Positive	0.00565779	0.994342
2N2H-A-B	Negative	0.662509	0.337491
2QQP-B-A	Positive	0.0428845	0.957115
2QQP-D-C	Positive	0.0254331	0.974567
2QQP-H-E	Positive	0.0737433	0.926257
2KS9-B-A	Negative	0.507353	0.492647
2BZK-A-B	Positive	0.00707835	0.992922
2MWO-B-A	Positive	0.0166398	0.98336
2LCT-B-A	Positive	0.0376776	0.962322
2IFW-C-A	Positive	0.00140756	0.998592
2BST-C-A	Positive	0.0548939	0.945106
2OOB-A-B	Negative	0.817938	0.182062
2KFF-B-A	Positive	0.0167709	0.983229
2OR9-P-L	Positive	0.00705266	0.992947
2XXN-B-A	Positive	0.0153517	0.984648
2V17-A-H	Positive	0.000737846	0.999262
2D1X-P-A	Positive	0.0455421	0.954458
2Y8O-B-A	Positive	0.0192862	0.980714
2G3Q-A-B	Negative	0.904952	0.0950481
2MJF-A-B	Positive	0.154474	0.845526
2NPI-C-A	Negative	0.802538	0.197463
2NPI-D-B	Positive	0.45355	0.54645
2PQK-B-A	Positive	0.0401747	0.959825
2KZU-B-A	Positive	0.241532	0.758468
2XJY-B-A	Negative	0.608757	0.391243
2CE9-X-A	Positive	0.00131804	0.998682
2WH6-B-A	Negative	0.895141	0.104859
2RFI-P-A	Positive	0.0014739	0.998526
2AN6-E-A	Positive	0.0016222	0.998378
2A3I-B-A	Positive	0.184341	0.815659
2Q3Z-X-A	Positive	0.0565773	0.943423
2A0Q-A-B	Positive	0.296913	0.703087
2WA9-H-A	Positive	0.00435108	0.995649
2WA9-N-B	Positive	0.00326717	0.996733
2HFG-R-L	Positive	0.00488788	0.995112
2YMB-F-C	Positive	0.00835681	0.991643
2IAH-I-A	Positive	0.00380731	0.996193
2ZPK-P-L	Positive	0.00463188	0.995368
2X4T-C-A	Positive	0.00787377	0.992126
2HJK-C-A	Negative	0.93471	0.06529
2J0U-T-A	Positive	0.0159451	0.984055
2M14-B-A	Positive	0.00203645	0.997964
2XC0-L-A	Negative	0.743543	0.256457
2QQC-A-B	Positive	0.390017	0.609983
2QQC-C-B	Negative	0.733553	0.266447
2QQC-G-B	Negative	0.986455	0.0135454
2QQC-I-H	Negative	0.986455	0.0135454
2QQC-K-H	Negative	0.986455	0.0135454
2XBO-4-1	Positive	0.228368	0.771632
2L3R-B-A	Positive	0.00125903	0.998741
2X72-B-A	Positive	0.00134772	0.998652
2FGE-D-A	Positive	0.000397623	0.999602
2YNP-P-A	Positive	0.00118423	0.998816
2RKZ-M-A	Positive	0.269107	0.730893
2RKZ-N-A	Positive	0.365293	0.634707
2RKZ-O-A	Positive	0.252789	0.747211
2RQU-B-A	Positive	0.0184215	0.981578
2RL0-G-A	Positive	0.00800526	0.991995
2RL0-C-A	Positive	0.230069	0.769931
2RL0-E-D	Positive	0.0853025	0.914697
2RL0-J-F	Positive	0.00652605	0.993474
2ZSV-E-A	Positive	0.000944436	0.999056
2A6K-P-L	Positive	0.00598216	0.994018
2H4P-B-A	Positive	0.0091759	0.990824
2R9Q-X-B	Positive	0.00156564	0.998434
2R9Q-Y-B	Positive	0.000495195	0.999505
2Q5Y-B-A	Positive	0.00533003	0.99467
2WW9-C-A	Positive	0.445576	0.554424
2WW9-O-A	Negative	0.777463	0.222537
2YF2-F-A	Negative	0.776413	0.223587
2YF2-D-B	Negative	0.834381	0.165619
2KBR-B-A	Negative	0.760023	0.239977
2C5V-F-B	Positive	0.000904679	0.999095
2V85-D-A	Positive	0.0087508	0.991249
2V85-E-A	Positive	0.00254685	0.997453
2V1D-C-A	Positive	0.0043875	0.995613
2O9Q-C-A	Positive	0.024427	0.975573
2JTT-C-A	Negative	0.517524	0.482476
2W78-C-B	Positive	0.00114298	0.998857
2BWE-C-S	Negative	0.613344	0.386656
2BWE-L-S	Negative	0.866143	0.133857
2BWE-M-S	Negative	0.650585	0.349415
2BWE-D-T	Positive	0.381443	0.618557
2BWE-K-T	Negative	0.731992	0.268008
2BWE-P-U	Negative	0.960887	0.0391125
2I60-M-G	Positive	0.0100889	0.989911
2OPZ-E-A	Positive	0.0320554	0.967945
2FKW-D-A	Negative	0.745584	0.254416
2R1D-W-H	Positive	0.103915	0.896085
2H9E-L-H	Negative	0.889843	0.110157
2H9E-S-H	Positive	0.00167936	0.998321
2DF6-C-A	Positive	0.113599	0.886401
2DF6-D-A	Positive	0.0340452	0.965955
2B1N-B-A	Positive	0.00182033	0.99818
2MNU-B-A	Negative	0.89743	0.10257
2VDP-C-A	Positive	0.000583529	0.999416
2YPA-D-B	Negative	0.653804	0.346196
2QHO-B-A	Positive	0.116761	0.883239
2QHO-F-A	Positive	0.0131596	0.98684
2QHO-D-C	Positive	0.100155	0.899845
2QHO-H-G	Positive	0.100155	0.899845
2FYS-D-B	Positive	0.0830334	0.916967
2PGQ-A-B	Negative	0.966342	0.033658
2JKR-P-A	Positive	0.000585079	0.999415
2PKL-B-A	Positive	0.0109986	0.989001
2Z7F-I-E	Positive	0.413482	0.586518
2V7D-P-A	Positive	0.00125867	0.998741
2PQR-C-A	Negative	0.781361	0.218639
2PQR-D-A	Negative	0.933319	0.0666812
2V1S-H-A	Positive	0.00298953	0.99701
2V1S-K-A	Positive	0.00290203	0.997098
2V1S-J-B	Positive	0.00132185	0.998678
2V1S-M-F	Positive	0.00286329	0.997137
2V1S-N-F	Positive	0.0167083	0.983292
2N23-B-A	Positive	0.0350578	0.964942
2MKC-C-A	Negative	0.90753	0.0924698
2IXP-F-A	Positive	0.0147833	0.985217
2OIN-D-A	Positive	0.281299	0.718701
2V1R-Q-A	Positive	0.0215567	0.978443
2V1R-R-A	Positive	0.00974435	0.990256
2MY2-B-A	Negative	0.973161	0.0268389
2FMI-B-A	Negative	0.727737	0.272263
2QLL-B-A	Positive	0.020772	0.979228
2K04-B-A	Negative	0.992308	0.00769148
2HH0-P-L	Positive	0.00345004	0.99655
2K1Q-B-A	Positive	0.000638187	0.999362
2BBN-B-A	Positive	0.0306111	0.969389
2OSL-P-L	Positive	0.412084	0.587916
2OSL-Q-B	Negative	0.567449	0.432551
2C2Z-C-A	Positive	0.000497937	0.999502
2W2H-C-A	Positive	0.228256	0.771744
2KC8-B-A	Positive	0.34807	0.65193
2KUP-B-A	Positive	0.0457348	0.954265
2YNS-C-A	Positive	0.0139877	0.986012
2YGV-E-A	Positive	0.26232	0.73768
2YGV-H-A	Positive	0.0017283	0.998272
2YGV-F-B	Positive	0.00261468	0.997385
2YGV-G-B	Positive	0.174877	0.825123
2J7X-B-A	Positive	0.00335705	0.996643
2RPN-B-A	Positive	0.0438089	0.956191
2YB8-A-B	Positive	0.316286	0.683714
2ABZ-D-A	Positive	0.368263	0.631737
2CO2-B-A	Positive	0.0212986	0.978701
2W97-E-A	Negative	0.927405	0.0725951
2W97-F-B	Negative	0.953478	0.0465225
2M04-B-A	Positive	0.133766	0.866234
2D7C-C-A	Negative	0.890833	0.109167
2HQH-E-A	Positive	0.118501	0.881499
2JK9-B-A	Positive	0.00117058	0.998829
2UXN-E-A	Positive	0.00090909	0.999091
2RMX-B-A	Positive	0.00108171	0.998918
2Y8T-B-A	Positive	0.300999	0.699001
2Y8T-E-D	Positive	0.300999	0.699001
2DOH-C-X	Positive	0.00167376	0.998326
2EJY-B-A	Positive	0.00424516	0.995755
2MV7-B-A	Positive	0.0773539	0.922646
2OM2-B-A	Negative	0.608908	0.391092
2RR9-C-A	Negative	0.657789	0.342211
2V87-D-A	Positive	0.00370759	0.996292
2V87-E-A	Positive	0.00693142	0.993069
2Z34-C-A	Positive	0.0918428	0.908157
2Z34-D-A	Positive	0.0891678	0.910832
2OVM-B-A	Positive	0.00470781	0.995292
2WHX-C-A	Positive	0.000671387	0.999329
2RSY-B-A	Positive	0.0703581	0.929642
2YKA-B-A	Positive	0.0510014	0.948999
2OVQ-C-B	Positive	0.00192654	0.998073
2G5L-X-A	Positive	0.00361961	0.99638
2I3T-B-A	Positive	0.187463	0.812537
2I3T-D-C	Negative	0.67248	0.32752
2NPM-X-A	Positive	0.00824606	0.991754
2P8X-S-T	Positive	0.0702468	0.929753
2B9J-C-A	Positive	0.0438391	0.956161
2LSI-B-A	Positive	0.0214513	0.978549
2PUY-E-B	Positive	0.0031113	0.996889
2C1N-C-A	Positive	0.000847697	0.999152
2WP1-P-A	Positive	0.000332355	0.999668
2WP1-Q-B	Positive	0.0422115	0.957789
2HGT-J-H	Positive	0.0018636	0.998136
2JBY-B-A	Positive	0.264971	0.735029
2N13-A-B	Negative	0.882939	0.117061
2YKT-B-A	Positive	0.00174516	0.998255
2ZO3-I-H	Positive	0.10997	0.89003
2WMB-I-B	Positive	0.0175515	0.982449
2MUR-A-B	Positive	0.312951	0.687049
2KXH-B-A	Positive	0.0176666	0.982333
2FNX-P-A	Positive	0.00283909	0.997161
2Q5D-C-A	Positive	0.305849	0.694151
2Q5D-D-B	Positive	0.0541652	0.945835
2L1W-B-A	Positive	0.152605	0.847395
2BTP-P-A	Positive	0.0042783	0.995722
2Y1R-L-J	Positive	0.00357062	0.996429
2Q7J-B-A	Positive	0.322329	0.677671
2IUH-B-A	Positive	0.00071305	0.999287
2C3I-A-B	Positive	0.00378919	0.996211
2ODD-B-A	Positive	0.00137079	0.998629
2FMK-B-A	Positive	0.00786459	0.992135
2MRO-B-A	Negative	0.941842	0.0581584
2RQW-B-A	Positive	0.025316	0.974684
2WAQ-Q-A	Positive	0.32978	0.67022
2IV8-P-A	Positive	0.285694	0.714306
2IV8-Q-A	Positive	0.0942642	0.905736
2M5B-B-A	Positive	0.0014267	0.998573
2H4F-D-A	Positive	0.00347024	0.99653
2BRQ-C-A	Positive	0.381128	0.618872
2F31-B-A	Negative	0.931627	0.0683726
2NB1-B-A	Negative	0.535643	0.464357
2B9H-C-A	Positive	0.0133868	0.986613
2BGN-W-A	Positive	0.000875294	0.999125
2IHS-C-A	Positive	0.0197075	0.980292
2IHS-D-B	Positive	0.0698406	0.930159
2V2F-A-F	Negative	0.844825	0.155175
2QNA-B-A	Negative	0.592155	0.407845
2OXZ-Y-A	Positive	0.000819981	0.99918
2VPB-B-A	Positive	0.00359523	0.996405
2MBB-A-B	Negative	0.82174	0.17826
2V1T-C-A	Positive	0.000734985	0.999265
2H9P-B-A	Positive	0.00236106	0.997639
2KXW-B-A	Negative	0.762199	0.237801
2L35-B-A	Positive	0.479705	0.520295
2G83-C-A	Positive	0.376829	0.623171
2ER9-I-E	Positive	0.021704	0.978296
2LSP-A-B	Positive	0.114315	0.885685
2E30-B-A	Positive	0.437202	0.562798
2D0N-B-A	Positive	0.0307633	0.969237
2KYL-B-A	Positive	0.00365192	0.996348
2ARR-P-A	Positive	0.0116696	0.98833
2W6T-C-B	Positive	0.000910044	0.99909
2ZPP-A-B	Positive	0.0631133	0.936887
2KT5-B-A	Positive	0.395061	0.604939
2RHI-B-A	Positive	0.00633693	0.993663
2OTW-E-A	Positive	0.0131493	0.986851
2CNN-C-A	Positive	0.000567853	0.999432
2Q3C-B-A	Positive	0.000141382	0.999859
2WZQ-C-A	Positive	0.00035429	0.999646
2WFY-E-B	Positive	0.0125285	0.987472
2WX0-C-A	Negative	0.748429	0.251571
2WX0-G-B	Negative	0.849526	0.150474
2CNY-B-A	Negative	0.643477	0.356523
2GNS-P-A	Positive	0.0127679	0.987232
2B7F-I-A	Positive	0.00104225	0.998958
2B7F-J-C	Positive	0.000397623	0.999602
2L1L-A-B	Positive	0.0576174	0.942383
2OT8-C-A	Negative	0.67962	0.32038
2OT8-D-B	Positive	0.189749	0.810251
2KFT-B-A	Positive	0.0392532	0.960747
2M0O-B-A	Positive	0.00397408	0.996026
2C23-P-A	Positive	0.00121707	0.998783
2ROD-B-A	Negative	0.973119	0.0268806
2B2T-D-A	Positive	0.00516015	0.99484
2W49-C-4	Negative	0.866531	0.133469
2ZJQ-4-J	Positive	0.23979	0.76021
2QT5-X-A	Positive	0.00143915	0.998561
2PVC-D-B	Positive	0.00208288	0.997917
2AFF-B-A	Negative	0.88756	0.11244
2R02-B-A	Positive	0.162214	0.837786
2HJL-C-A	Negative	0.915624	0.0843759
2G47-C-A	Negative	0.956518	0.0434819
2AIJ-P-X	Positive	0.000248253	0.999752
2R0Z-Q-L	Positive	0.00138664	0.998613
2W2U-C-A	Positive	0.0366005	0.963399
2PCU-B-A	Positive	0.00058639	0.999414
2CHA-A-B	Positive	0.00220585	0.997794
2GPH-B-A	Positive	0.142633	0.857367
2SEM-C-A	Positive	0.00860131	0.991399
2SEM-D-B	Positive	0.0095346	0.990465
2FFD-J-B	Positive	0.00174469	0.998255
2KFH-B-A	Positive	0.0195214	0.980479
2DQK-P-A	Positive	0.00816536	0.991835
2V6X-B-A	Negative	0.789332	0.210668
2XOK-I-G	Negative	0.964121	0.0358786
2DS2-A-B	Negative	0.708849	0.291151
2DS2-C-B	Positive	0.477982	0.522018
2FLU-P-X	Positive	0.00472307	0.995277
2GUO-C-A	Positive	0.0270851	0.972915
2LNW-B-A	Positive	0.00307661	0.996923
2IV9-P-A	Positive	0.0772622	0.922738
2FYY-C-A	Positive	0.0099206	0.990079
2L9B-B-A	Negative	0.64739	0.35261
2AXF-C-A	Positive	0.0148248	0.985175
2Z4E-I-B	Positive	0.00940967	0.99059
2Z4E-J-E	Positive	0.00940967	0.99059
2YJD-C-A	Positive	0.0016318	0.998368
2RNY-B-A	Positive	0.0303214	0.969679
2ISQ-B-A	Positive	0.00127012	0.99873
2CLR-C-A	Positive	0.00397843	0.996022
2L8J-B-A	Positive	0.0608836	0.939116
2HPL-B-A	Positive	0.00671554	0.993284
2P8Q-B-A	Positive	0.366336	0.633664
2RR3-B-A	Positive	0.0588471	0.941153
2X4R-C-A	Positive	0.0992491	0.900751
2X4R-F-D	Positive	0.0992491	0.900751
2VGO-C-B	Negative	0.758145	0.241855
2W0Z-B-A	Positive	0.0110717	0.988928
2K3W-B-A	Positive	0.00212908	0.997871
2J28-4-G	Positive	0.0490662	0.950934
2JZ3-A-C	Positive	0.000596523	0.999403
2K8F-B-A	Negative	0.989098	0.0109021
2CLV-C-A	Positive	0.000896931	0.999103
2CIO-B-A	Positive	0.000662386	0.999338
2DT7-A-B	Negative	0.743028	0.256972
2YBP-C-A	Positive	0.0586362	0.941364
2WV4-C-A	Positive	0.000838995	0.999161
2KOH-B-A	Positive	0.0168818	0.983118
2GRL-E-A	Positive	0.00234967	0.99765
2KJE-B-A	Negative	0.884458	0.115542
2YDR-P-A	Positive	0.0368268	0.963173
2HLD-R-P	Positive	0.0782101	0.92179
2HLD-1-Y	Negative	0.939735	0.0602646
2VU8-I-E	Negative	0.585464	0.414536
2Z8P-B-A	Positive	0.00127405	0.998726
2CO1-B-A	Positive	0.287379	0.712621
2BFX-C-B	Negative	0.751192	0.248808
2LXS-B-A	Negative	0.76303	0.23697
2HL3-C-A	Positive	0.0220522	0.977948
2YQ6-B-A	Positive	0.0117518	0.988248
2G49-C-A	Positive	0.00608826	0.993912
2G49-D-B	Positive	0.0010376	0.998962
2X04-C-A	Positive	0.0110769	0.988923
2Z23-B-A	Positive	0.00091517	0.999085
2H9M-B-A	Positive	0.00245422	0.997546
2H9M-D-A	Positive	0.00542718	0.994573
2JF9-P-A	Positive	0.175682	0.824318
2JF9-Q-B	Positive	0.175682	0.824318
2MQS-B-A	Positive	0.170843	0.829157
2MQS-D-A	Positive	0.0695367	0.930463
2QKH-B-A	Negative	0.675508	0.324492
2A7U-A-B	Positive	0.17139	0.82861
2FOT-C-A	Positive	0.373951	0.626049
2AXT-F-A	Positive	0.275988	0.724012
2AXT-I-A	Negative	0.790303	0.209697
2AXT-J-A	Positive	0.494034	0.505966
2AXT-L-A	Negative	0.97889	0.0211096
2AXT-M-A	Negative	0.826566	0.173434
2AXT-T-A	Positive	0.428291	0.571709
2AXT-t-B	Positive	0.428291	0.571709
2BQZ-B-A	Positive	0.00840408	0.991596
2RF9-C-A	Negative	0.919995	0.080005
2RF9-D-A	Negative	0.685115	0.314885
2W0P-C-A	Negative	0.757461	0.242539
2KNE-B-A	Positive	0.267221	0.732779
2MES-B-A	Positive	0.128999	0.871001
2XNY-M-B	Negative	0.610991	0.389009
2XNY-N-B	Positive	0.390956	0.609044
2A6I-P-A	Positive	0.0621701	0.93783
2NCZ-B-A	Positive	0.00279856	0.997201
2ACH-B-A	Negative	0.978265	0.0217348
2BP5-P-M	Positive	0.00356072	0.996439
2QME-I-A	Negative	0.762218	0.237782
2MH0-A-B	Negative	0.99862	0.00137975
2XTT-A-B	Negative	0.759354	0.240646
2O9V-B-A	Positive	0.00801241	0.991988
2N55-B-A	Negative	0.99481	0.0051903
2XN3-B-A	Positive	0.229384	0.770616
2FYM-B-A	Positive	0.0431358	0.956864
2H5J-E-A	Positive	0.0020588	0.997941
2VP7-B-A	Negative	0.694489	0.305511
2BBU-B-A	Positive	0.0183553	0.981645
2X4O-C-A	Positive	0.120629	0.879371
2F3Z-B-A	Positive	0.190843	0.809157
2QYF-E-A	Positive	0.0227436	0.977256
2VM6-B-A	Negative	0.680924	0.319076
2FWO-P-A	Positive	0.00763619	0.992364
2XNS-C-A	Negative	0.916336	0.0836644
2Y0T-B-A	Positive	0.271964	0.728036
2A40-C-A	Negative	0.615296	0.384705
2DRK-B-A	Positive	0.0027107	0.997289
2KWU-A-B	Negative	0.859064	0.140936
2BNW-A-B	Negative	0.865318	0.134682
2WK3-C-A	Negative	0.952332	0.047668
2GJ6-C-A	Positive	0.027134	0.972866
2OV2-I-A	Negative	0.982194	0.0178055
2OV2-J-A	Negative	0.989009	0.0109908
2OV2-N-F	Negative	0.989009	0.0109908
2OV2-O-G	Negative	0.982194	0.0178055
2OV2-P-E	Negative	0.990534	0.00946553
2VXC-C-A	Positive	0.000619411	0.999381
2H7E-B-A	Negative	0.6264	0.3736
2FUU-B-A	Positive	0.0181357	0.981864
2G2L-C-A	Positive	0.0143489	0.985651
2Y06-P-H	Positive	0.329766	0.670234
2I3S-B-A	Negative	0.954256	0.0457439
2MP2-C-A	Positive	0.00896686	0.991033
2VDQ-C-A	Positive	0.000391543	0.999608
2GTW-C-A	Positive	0.0649176	0.935082
2XL3-C-A	Positive	0.00729656	0.992703
2XL3-E-B	Positive	0.0153429	0.984657
2XL3-F-B	Positive	0.00735199	0.992648
2EMT-C-A	Positive	0.111832	0.888168
2EMT-E-A	Positive	0.188268	0.811732
2EMT-D-B	Positive	0.0470643	0.952936
2X6M-B-A	Positive	0.000800312	0.9992
2QLB-E-A	Positive	0.000715554	0.999284
2F3C-I-E	Negative	0.802894	0.197106
2XQN-A-T	Negative	0.661207	0.338793
2H1U-P-A	Negative	0.760085	0.239915
2BBA-P-A	Positive	0.352331	0.647669
2JKT-P-A	Positive	0.000573874	0.999426
2PW1-C-A	Positive	0.00165999	0.99834
2HCJ-A-B	Negative	0.729639	0.270361
2C5W-A-B	Positive	0.415438	0.584562
2VUU-I-A	Positive	0.327708	0.672292
2VUU-O-G	Positive	0.375633	0.624367
2V64-I-C	Positive	0.0259039	0.974096
2LY4-B-A	Negative	0.749386	0.250614
2WS9-4-1	Positive	0.143462	0.856538
2G1T-E-A	Positive	0.00478661	0.995213
2G1T-H-A	Positive	0.0114508	0.988549
2G1T-F-B	Positive	0.331877	0.668123
2G1T-G-C	Positive	0.00203991	0.99796
2KXQ-B-A	Positive	0.0332927	0.966707
2VR3-C-A	Positive	0.00291187	0.997088
2VR3-D-A	Positive	0.0301889	0.969811
2F58-P-L	Positive	0.00311476	0.996885
2XZQ-P-H	Positive	0.00151545	0.998485
2MIP-E-A	Positive	0.000874937	0.999125
2KWK-B-A	Positive	0.0179847	0.982015
2HQW-B-A	Positive	0.0801198	0.91988
2PXJ-I-A	Positive	0.00443417	0.995566
2PXJ-J-B	Positive	0.00130254	0.998697
2HDX-G-A	Positive	0.00384998	0.99615
2HDX-H-B	Positive	0.000793517	0.999206
2IPK-C-A	Positive	0.0120438	0.987956
2DYO-B-A	Positive	0.499168	0.500832
2LXM-B-A	Positive	0.0212904	0.97871
2A45-J-B	Positive	0.33489	0.66511
2A45-L-B	Negative	0.662672	0.337328
2A45-I-E	Positive	0.42837	0.57163
2AOF-C-A	Positive	0.00434196	0.995658
2LE8-B-A	Positive	0.115608	0.884392
2FZ3-C-A	Positive	0.00833869	0.991661
2VOF-B-A	Positive	0.186019	0.813981
2VOF-D-A	Positive	0.235526	0.764474
2PAV-V-A	Positive	0.0046984	0.995302
2KGB-I-C	Positive	0.066193	0.933807
2HMH-B-A	Positive	0.00304079	0.996959
2PNX-D-A	Positive	0.00444621	0.995554
2W3I-B-A	Negative	0.923856	0.0761444
2K3U-B-A	Positive	0.0104585	0.989541
2A3Z-C-A	Positive	0.0264812	0.973519
2DEY-A-X	Positive	0.00307447	0.996926
2PV9-C-B	Negative	0.919951	0.0800486
2MG5-B-A	Positive	0.000810206	0.99919
2XS1-B-A	Positive	0.241152	0.758848
2O01-J-A	Negative	0.924095	0.0759054
2V5F-X-A	Positive	0.0211923	0.978808
2Z4J-B-A	Positive	0.0910745	0.908926
2G46-C-A	Positive	0.00561148	0.994389
2B05-K-E	Positive	0.0393515	0.960649
2Q6J-C-A	Positive	0.00628066	0.993719
2K00-B-A	Negative	0.537144	0.462856
2NLA-B-A	Positive	0.152567	0.847433
2IVZ-E-A	Positive	0.429606	0.570394
2IVZ-F-B	Positive	0.408093	0.591907
2RFD-C-A	Positive	0.00300574	0.996994
2RFD-D-B	Positive	0.00488055	0.995119
2FOO-B-A	Positive	0.000840425	0.99916
2JF1-T-A	Positive	0.023903	0.976097
2AUH-B-A	Negative	0.785933	0.214067
2P1N-C-B	Positive	0.301101	0.698899
2WMA-E-B	Positive	0.00555444	0.994446
2PV2-E-A	Positive	0.0368064	0.963194
2EGN-B-A	Positive	0.00181049	0.99819
2VE6-C-A	Positive	0.0206972	0.979303
2NMB-B-A	Positive	0.0226617	0.977338
2FFF-A-B	Positive	0.00121456	0.998785
2L0Y-B-A	Negative	0.662027	0.337973
2XUM-S-A	Positive	0.064476	0.935524
2I04-C-A	Positive	0.00195229	0.998048
2I04-D-A	Positive	0.00283617	0.997164
2CNM-D-A	Positive	0.0106837	0.989316
2JQL-B-A	Positive	0.000277817	0.999722
2C7N-E-C	Negative	0.556452	0.443548
2W85-B-A	Negative	0.683112	0.316888
2W73-K-A	Positive	0.00120234	0.998798
2AGH-C-B	Positive	0.0377976	0.962202
2FF6-H-G	Positive	0.0652828	0.934717
2NUD-C-A	Negative	0.946402	0.0535983
2X4S-C-A	Positive	0.000401199	0.999599
2AUC-D-A	Positive	0.00101703	0.998983
2YCH-B-A	Positive	0.000345826	0.999654
2GZD-C-A	Positive	0.366337	0.633663
2ND1-B-A	Positive	0.00121444	0.998786
2GIT-C-A	Positive	0.027134	0.972866
2GIT-F-D	Positive	0.027134	0.972866
2Q6W-C-A	Positive	0.0616131	0.938387
2Q6W-F-D	Positive	0.0190579	0.980942
2WA8-B-A	Positive	0.0360613	0.963939
2WA8-D-C	Positive	0.00398672	0.996013
2Y0N-E-A	Negative	0.962181	0.0378187
2Y0N-F-A	Negative	0.934591	0.0654092
2Y0N-G-A	Positive	0.0666307	0.933369
2VKN-C-A	Positive	0.0849173	0.915083
2B5T-A-B	Negative	0.918013	0.0819868
2J9A-D-A	Positive	0.305015	0.694985
2RT5-B-A	Positive	0.00293905	0.997061
2FOP-B-A	Positive	0.0023104	0.99769
2STB-I-E	Positive	0.456994	0.543006
2H6H-P-A	Positive	0.00960046	0.9904
2FKA-B-A	Positive	0.00404453	0.995955
2RUI-B-A	Positive	0.0051862	0.994814
2OS6-B-A	Positive	0.000487328	0.999513
2YNO-P-A	Positive	0.0155642	0.984436
2MWY-B-A	Negative	0.772903	0.227097
2KWF-B-A	Positive	0.333109	0.666891
2PRG-C-A	Positive	0.12508	0.87492
2ZVK-U-A	Positive	0.0631874	0.936813
2ZVK-V-B	Positive	0.00626558	0.993734
2ZVK-W-C	Positive	0.053551	0.946449
2RFE-F-B	Negative	0.930928	0.0690722
2MRK-B-A	Positive	0.0125256	0.987474
2WO6-C-B	Positive	0.00142622	0.998574
2LGF-B-A	Positive	0.00865179	0.991348
2PXY-P-A	Positive	0.252146	0.747854
2H4J-D-A	Negative	0.756317	0.243683
2B0S-P-L	Positive	0.498835	0.501165
2V7Q-J-A	Negative	0.76425	0.23575
2K03-B-A	Negative	0.993116	0.00688432
2LGG-B-A	Positive	0.00159854	0.998401
2WWZ-C-A	Negative	0.706631	0.293369
2N77-B-A	Positive	0.445417	0.554583
2H1C-B-A	Positive	0.00887996	0.99112
2D26-B-A	Negative	0.674485	0.325515
2OCV-A-B	Negative	0.830125	0.169875
2J4U-S-Q	Positive	0.421612	0.578388
2K2R-B-A	Positive	0.00341946	0.996581
2Q0N-B-A	Positive	0.189795	0.810205
2OD8-B-A	Negative	0.771571	0.228429
2BVQ-C-A	Negative	0.884848	0.115152
2L5E-B-A	Positive	0.00446618	0.995534
2ZU0-D-B	Positive	0.25377	0.74623
2L2I-B-A	Negative	0.683068	0.316932
2ZNL-B-A	Positive	0.0057621	0.994238
2GPV-G-A	Positive	0.00723022	0.99277
2CV3-B-A	Positive	0.0604423	0.939558
2XAZ-D-A	Positive	0.00253057	0.997469
2Z5S-R-N	Positive	0.0192058	0.980794
2XC8-C-B	Positive	0.00974387	0.990256
2ROZ-A-B	Negative	0.977858	0.0221419
2PQ4-B-A	Negative	0.745572	0.254428
2AIN-B-A	Positive	0.00467467	0.995325
2LI5-B-A	Negative	0.512445	0.487555
2Y4V-B-A	Positive	0.0729544	0.927046
2O60-B-A	Positive	0.00524294	0.994757
2Z3N-C-A	Positive	0.000699282	0.999301
2LOB-B-A	Positive	0.00331432	0.996686
2WHB-E-B	Positive	0.00515097	0.994849
2GHT-C-A	Positive	0.00399548	0.996005
2GHT-D-B	Positive	0.00299001	0.99701
2X70-C-A	Positive	0.000570953	0.999429
2J6O-C-A	Positive	0.00233817	0.997662
2MFQ-B-A	Positive	0.300377	0.699623
2R28-C-A	Positive	0.00120258	0.998797
2R28-D-A	Positive	0.087773	0.912227
2KBW-B-A	Positive	0.0470269	0.952973
2V3S-D-A	Positive	0.00194222	0.998058
2V3S-C-B	Positive	0.0015043	0.998496
2BEV-C-A	Positive	0.144579	0.855421
2ZGH-B-A	Positive	0.00154328	0.998457
2WOK-B-A	Positive	0.0255868	0.974413
2I6O-B-A	Positive	0.00094229	0.999058
2WWB-C-A	Negative	0.989403	0.0105973
2CMY-B-A	Positive	0.12288	0.87712
2ZT9-G-A	Negative	0.757905	0.242095
2ZT9-H-A	Positive	0.00391531	0.996085
2ZT9-F-B	Negative	0.790235	0.209766
2ZT9-E-C	Positive	0.00168157	0.998318
2DYM-B-A	Negative	0.677366	0.322634
2VZI-A-B	Positive	0.000951946	0.999048
2C5I-P-T	Positive	0.401729	0.598271
2ZL4-O-A	Positive	0.0150226	0.984977
2CVY-B-A	Positive	0.000524104	0.999476
2GDC-B-A	Positive	0.00114787	0.998852
2Y8S-E-D	Positive	0.392161	0.607839
2P6A-E-B	Positive	0.0194989	0.980501
2OKR-C-A	Positive	0.0195024	0.980498
2MNJ-A-B	Positive	0.256286	0.743714
2C2L-E-A	Positive	0.032028	0.967972
2GPP-C-A	Positive	0.039036	0.960964
2GPP-D-B	Positive	0.121857	0.878143
2D11-E-A	Negative	0.959628	0.0403718
2D11-G-C	Negative	0.687733	0.312267
2FOJ-B-A	Positive	0.00197828	0.998022
2AO6-B-A	Positive	0.0216014	0.978399
2PLD-B-A	Positive	0.190696	0.809304
2H5D-B-A	Positive	0.0542352	0.945765
2MAK-B-A	Positive	0.149893	0.850107
2MSR-A-B	Positive	0.102168	0.897832
2FMH-B-A	Negative	0.699358	0.300642
2ZQP-E-Y	Negative	0.977264	0.0227361
2PW8-L-H	Positive	0.311658	0.688342
2KQS-B-A	Positive	0.181998	0.818002
2A41-C-A	Negative	0.602954	0.397046
2D10-E-A	Negative	0.966532	0.0334684
2M8S-B-A	Positive	0.0967531	0.903247
2W6I-H-G	Positive	0.0611727	0.938827
2W6I-I-G	Positive	0.105667	0.894333
2Z32-B-A	Positive	0.0318279	0.968172
2BR8-F-A	Positive	0.00192094	0.998079
2BR8-J-A	Positive	0.00192094	0.998079
2Y1L-H-A	Positive	0.000453532	0.999546
2ESV-P-A	Positive	0.00436372	0.995636
2R1R-D-A	Positive	0.255902	0.744098
2R1R-P-A	Positive	0.027898	0.972102
2LUE-B-A	Positive	0.01678	0.98322
2XJZ-I-A	Positive	0.486172	0.513828
2XJZ-J-A	Positive	0.259361	0.740639
2XJZ-K-B	Positive	0.437181	0.562819
2XJZ-M-E	Positive	0.496962	0.503038
2V8C-C-A	Positive	0.0201662	0.979834
2JMX-B-A	Positive	0.21144	0.78856
2LSK-B-A	Negative	0.615429	0.384571
2DRM-E-A	Positive	0.0181683	0.981832
2DRM-G-C	Positive	0.00719613	0.992804
2P0W-P-A	Positive	0.00139803	0.998602
2P0W-Q-B	Positive	0.00254971	0.99745
2N9E-A-B	Negative	0.53153	0.46847
2R9B-C-A	Positive	0.000363231	0.999637
2KDU-B-A	Negative	0.927945	0.0720552
2L4T-B-A	Positive	0.000289738	0.99971
2DWX-P-A	Positive	0.00152904	0.998471
2DWX-Q-C	Positive	0.00251669	0.997483
2RNX-B-A	Positive	0.0253527	0.974647
2EEO-A-B	Negative	0.850295	0.149705
2K9U-B-A	Positive	0.00741166	0.992588
2IBF-B-A	Positive	0.0588617	0.941138
2IBF-D-A	Positive	0.210945	0.789055
2XB2-G-A	Positive	0.00869751	0.991302
2XB2-F-X	Positive	0.00237566	0.997624
2XB2-U-X	Positive	0.0206876	0.979312
2IGF-P-L	Positive	0.00044173	0.999558
2LVM-B-A	Positive	0.00144559	0.998554
2PON-A-B	Positive	0.163714	0.836286
2X4X-B-A	Positive	0.189109	0.810891
2X4X-D-C	Positive	0.0809253	0.919075
2X4X-F-E	Positive	0.0889512	0.911049
2B0F-B-A	Positive	0.00209415	0.997906
2J9J-C-A	Positive	0.000266135	0.999734
2MS4-B-A	Positive	0.0289014	0.971099
2FNS-P-A	Positive	0.00355774	0.996442
2H5K-C-A	Positive	0.000611544	0.999388
2ROL-B-A	Positive	0.235658	0.764342
2JM6-A-B	Positive	0.0885939	0.911406
2I5Y-M-G	Positive	0.0066511	0.993349
2CIA-L-A	Positive	0.00155944	0.998441
2KQF-B-A	Positive	0.0119942	0.988006
2AIK-P-X	Positive	0.00110501	0.998895
2P6B-E-A	Positive	0.00456399	0.995436
2KXC-B-A	Positive	0.00216031	0.99784
2Y0I-S-A	Positive	0.0022015	0.997799
2GKW-B-A	Positive	0.0425227	0.957477
2HD4-B-A	Positive	0.0176554	0.982345
2G35-B-A	Positive	0.000929534	0.99907
2H4M-C-A	Positive	0.329681	0.670319
2H4M-D-B	Positive	0.310125	0.689875
2NXM-P-A	Positive	0.00652909	0.993471
2N9P-A-C	Negative	0.934612	0.0653884
2QKI-G-A	Positive	0.00487882	0.995121
2QKI-H-D	Positive	0.00487882	0.995121
2QAS-B-A	Positive	0.00411999	0.99588
2ZCK-S-P	Positive	0.00161982	0.99838
2RSN-B-A	Positive	0.0123401	0.98766
2VWF-B-A	Positive	0.00206649	0.997934
2YDQ-T-A	Positive	0.00209391	0.997906
2JLD-E-A	Positive	0.00817055	0.991829
2HU2-B-A	Positive	0.0475314	0.952469
2O5G-B-A	Positive	0.0176834	0.982317
2DEX-A-X	Positive	0.00628704	0.993713
2RPQ-B-A	Positive	0.00479001	0.99521
2HDN-A-B	Negative	0.729639	0.270361
2HKF-P-L	Positive	0.00797653	0.992023
2VWL-L-A	Negative	0.892625	0.107375
2C74-P-A	Positive	0.00408226	0.995918
2L1B-B-A	Positive	0.00830197	0.991698
2KA9-B-A	Positive	0.296073	0.703927
2P8L-C-A	Positive	0.0975965	0.902403
2JNW-B-A	Positive	0.122677	0.877323
2X7A-C-D	Positive	0.0961046	0.903895
2X7A-K-I	Positive	0.0720997	0.9279
2QXV-B-A	Positive	0.41935	0.58065
2IFR-B-A	Positive	0.00231802	0.997682
2BVO-C-A	Negative	0.862978	0.137022
2XPG-C-A	Positive	0.468254	0.531746
2WB1-Q-A	Negative	0.819963	0.180037
2WB1-J-W	Positive	0.377033	0.622967
2ZPY-B-A	Positive	0.0349609	0.965039
2V2X-C-A	Positive	0.469444	0.530556
2PV1-B-A	Positive	0.00101763	0.998982
2M55-B-A	Positive	0.0143048	0.985695
2ZKS-C-A	Positive	0.000708222	0.999292
2VWO-L-A	Negative	0.83753	0.16247
2G2I-C-A	Positive	0.0114508	0.988549
2G2I-D-B	Positive	0.0023073	0.997693
2PLX-B-A	Positive	0.343536	0.656464
2K05-B-A	Negative	0.947658	0.0523419
2P8P-C-A	Positive	0.0129833	0.987017
2KRI-B-A	Positive	0.386045	0.613955
2YLE-B-A	Negative	0.681219	0.318781
2KHS-B-A	Negative	0.950595	0.0494046
2OQ1-B-A	Positive	0.0347957	0.965204
2YPT-F-A	Positive	0.00177556	0.998224
2YPT-G-B	Positive	0.00145084	0.998549
2YEZ-C-A	Negative	0.754111	0.245889
2BSS-C-A	Positive	0.0106595	0.98934
2LNK-C-A	Positive	0.357071	0.642929
2G56-C-A	Positive	0.00782657	0.992173
2G56-D-B	Positive	0.00620663	0.993793
2KJ4-B-A	Positive	0.256902	0.743098
2WUH-B-A	Positive	0.360682	0.639318
2WUH-C-A	Positive	0.360682	0.639318
2WUH-D-A	Positive	0.21976	0.78024
2K42-B-A	Positive	0.0307625	0.969238
2WV5-E-A	Positive	0.000604868	0.999395
2KSP-B-A	Positive	0.0153623	0.984638
2XU7-D-A	Positive	0.00221986	0.99778
2XU7-C-B	Positive	0.349046	0.650954
2ND0-B-A	Positive	0.146781	0.853219
2BE6-D-A	Positive	0.279251	0.720749
2BE6-F-C	Positive	0.0103841	0.989616
2AZM-C-A	Positive	0.0117662	0.988234
2ZVM-U-A	Positive	0.296021	0.703979
2QIY-C-A	Negative	0.593689	0.406311
2PQ2-B-A	Positive	0.0128351	0.987165
2ATP-E-A	Positive	0.00252455	0.997475
2ATP-F-C	Positive	0.00396878	0.996031
2H1P-P-L	Positive	0.0232899	0.97671
2V5W-I-A	Positive	0.0168088	0.983191
2Q8D-G-B	Positive	0.00943786	0.990562
2CNO-C-A	Positive	0.000468373	0.999532
2EIN-L-A	Negative	0.990915	0.00908482
2BYP-F-A	Positive	0.0226167	0.977383
2MHO-B-A	Positive	0.00330484	0.996695
2N9X-B-A	Positive	0.0920009	0.907999
2QBW-B-A	Positive	0.000869811	0.99913
2HWL-A-B	Negative	0.615614	0.384386
2HWL-C-D	Negative	0.672225	0.327775
2HWL-P-D	Positive	0.00554734	0.994453
2GSI-W-A	Positive	0.173774	0.826226
2GSI-X-C	Positive	0.00486642	0.995134
2GSI-Z-G	Positive	0.00146902	0.998531
2GL7-B-A	Positive	0.0029543	0.997046
2GL7-C-A	Negative	0.952945	0.0470553
2GL7-E-D	Positive	0.00231147	0.997689
2GL7-F-D	Positive	0.232093	0.767907
2RKY-B-A	Negative	0.55311	0.44689
2RKY-D-A	Negative	0.50601	0.49399
2O98-Q-A	Negative	0.652424	0.347576
2AZE-C-A	Negative	0.750516	0.249484
2KTB-A-B	Positive	0.0109929	0.989007
2VIF-P-A	Positive	0.0111634	0.988837
2NS8-H-A	Positive	0.00467455	0.995325
2NS8-E-A	Positive	0.00559109	0.994409
2NS8-Z-A	Positive	0.00204122	0.997959
2RUK-A-B	Positive	0.123483	0.876517
2AP2-P-A	Positive	0.00184494	0.998155
2AP2-Q-C	Positive	0.00358993	0.99641
2VAY-B-A	Positive	0.37086	0.62914
2OT0-E-A	Positive	0.00790769	0.992092
2BGR-Y-A	Positive	0.001131	0.998869
2RFX-C-A	Positive	0.0104585	0.989542
2Y69-Z-N	Negative	0.896893	0.103107
2UWJ-F-E	Positive	0.2682	0.7318
2B3G-B-A	Positive	0.302351	0.697649
2YY0-A-B	Positive	0.145927	0.854073
2YY0-C-B	Positive	0.134433	0.865567
2FX9-P-L	Positive	0.0376137	0.962386
2VOI-B-A	Positive	0.0113466	0.988653
2X7R-A-C	Negative	0.856256	0.143744
2X7R-B-C	Positive	0.258871	0.741129
2X7R-D-E	Negative	0.843602	0.156398
2KA6-B-A	Positive	0.230318	0.769682
2J0S-T-A	Negative	0.95349	0.0465095
2CCI-F-A	Positive	0.00356519	0.996435
2CCI-I-C	Positive	0.0082044	0.991796
2LLQ-B-A	Positive	0.370515	0.629485
2B9I-C-A	Positive	0.0436699	0.95633
2GGV-A-B	Negative	0.919205	0.0807947
2HV8-F-A	Negative	0.804161	0.195839
2K2I-B-A	Negative	0.735487	0.264513
2BE1-D-B	Positive	0.00639129	0.993609
2KVM-B-A	Positive	0.000583887	0.999416
2VZD-C-A	Positive	0.0108528	0.989147
2VZD-D-B	Positive	0.00154912	0.998451
2ADV-B-A	Positive	0.431766	0.568234
2BB4-P-A	Positive	0.00949961	0.9905
2JQK-B-A	Positive	0.04254	0.95746
2A83-C-A	Positive	0.0508754	0.949125
2LP8-B-A	Positive	0.0133919	0.986608
2FTS-P-A	Positive	0.000116229	0.999884
2Q3Y-B-A	Positive	0.0768934	0.923107
2QHR-P-H	Positive	0.00749272	0.992507
2VUS-M-E	Positive	0.400951	0.599049
2LL6-B-A	Positive	0.0165899	0.98341
2LL7-B-A	Positive	0.0467656	0.953234
2AOJ-C-A	Positive	0.000647604	0.999352
2WPM-L-S	Positive	0.000865161	0.999135
2Y48-C-A	Positive	0.0992522	0.900748
2QFA-C-A	Negative	0.686277	0.313723
2L14-B-A	Negative	0.832074	0.167926
2YBF-B-A	Negative	0.853001	0.146999
2MKP-I-C	Positive	0.113833	0.886167
2OVH-B-A	Positive	0.0130711	0.986929
2XAW-F-C	Positive	0.178107	0.821893
2YJ1-B-A	Positive	0.00214022	0.99786
2YJ1-D-C	Positive	0.00214022	0.99786
2V8F-C-A	Positive	0.0192901	0.98071
2L6E-B-A	Positive	0.00572944	0.994271
2AQ9-X-A	Positive	0.00148648	0.998514
2AK4-C-A	Positive	0.00550622	0.994494
2MOW-B-A	Negative	0.652815	0.347185
2B1Z-C-A	Positive	0.000896037	0.999104
2KWN-B-A	Positive	0.00267124	0.997329
2H59-D-A	Positive	0.00605649	0.993944
2LR1-B-A	Positive	0.0784194	0.921581
2JKG-P-A	Positive	0.0260653	0.973935
2F91-B-A	Negative	0.876997	0.123003
2BOK-L-A	Negative	0.921842	0.0781585
2KFG-B-A	Positive	0.0167709	0.983229
2ZVV-Y-A	Positive	0.216937	0.783063
2ZVV-X-A	Positive	0.442314	0.557686
2B26-D-A	Positive	0.00198543	0.998015
2RVB-A-B	Negative	0.864528	0.135472
2PHK-B-A	Positive	0.000946939	0.999053
2JAM-D-A	Positive	0.00185144	0.998149
2JAM-E-B	Positive	0.00109315	0.998907
2RKL-D-B	Positive	0.315715	0.684285
2RKL-E-C	Positive	0.200439	0.799561
2LXT-C-A	Negative	0.788479	0.211521
2JZI-B-A	Positive	0.00565094	0.994349
2JGB-B-A	Positive	0.253137	0.746863
2Y0Q-A-B	Positive	0.203103	0.796897
2Y0Q-C-B	Positive	0.282606	0.717394
2XVC-B-A	Positive	0.000180662	0.999819
2ILM-S-A	Positive	0.00262046	0.99738
2ASU-A-B	Positive	0.00054878	0.999451
2QTV-D-A	Positive	0.428468	0.571532
2MPM-B-A	Positive	0.0294355	0.970565
2GS6-B-A	Positive	0.00413573	0.995864
2NPH-S-A	Positive	0.00674766	0.993252
2NPH-T-A	Positive	0.00119925	0.998801
2V5P-D-A	Negative	0.942913	0.0570873
2MRE-B-A	Positive	0.288664	0.711336
2VSL-B-A	Positive	0.0109106	0.989089
2OBO-D-A	Positive	0.0850419	0.914958
2KNH-B-A	Positive	0.0139782	0.986022
2JQI-B-A	Positive	0.00602317	0.993977
2AKA-L-A	Positive	0.00100011	0.999
2XE4-B-A	Positive	0.00211912	0.997881
2LSR-B-A	Positive	0.0108104	0.98919
2RR4-B-A	Positive	0.00794709	0.992053
2Q9I-M-B	Positive	0.0130751	0.986925
2OFQ-B-A	Positive	0.120877	0.879123
2WBY-C-A	Positive	0.0151675	0.984832
2WBY-D-A	Positive	0.012108	0.987892
2WBY-F-B	Positive	0.00513583	0.994864
2DYH-B-A	Positive	0.00382459	0.996175
2BSR-C-A	Positive	0.161693	0.838307
2PQW-B-A	Positive	0.0019486	0.998051
2ZLF-B-A	Positive	0.000387847	0.999612
2LP0-B-A	Positive	0.0196176	0.980382
2Z7X-C-A	Positive	0.000426829	0.999573
2X1N-H-D	Positive	0.000862479	0.999138
2KPL-B-A	Positive	0.00926286	0.990737
2DSQ-I-B	Negative	0.955949	0.0440507
2RJF-B-A	Positive	0.00493062	0.995069
2CI9-L-A	Positive	0.00155944	0.998441
2CI9-M-B	Positive	0.00932592	0.990674
2FHO-A-B	Negative	0.937552	0.0624484
2PUQ-I-H	Positive	0.0104666	0.989533
2BVR-I-H	Positive	0.00382328	0.996177
2HPC-M-B	Positive	0.00145376	0.998546
2LSV-B-A	Positive	0.00339079	0.996609
2F49-C-A	Negative	0.639714	0.360286
2CK0-P-L	Positive	0.000544488	0.999456
2Z3F-I-A	Negative	0.770815	0.229185
2Z3F-Q-A	Positive	0.02211	0.97789
2Z3F-K-C	Positive	0.000885308	0.999115
2Z3F-L-D	Positive	0.363396	0.636604
2NL9-B-A	Positive	0.466295	0.533705
2XYI-B-A	Positive	0.00753123	0.992469
2L7L-B-A	Positive	0.0774998	0.9225
2JD5-C-A	Positive	0.00489205	0.995108
2FX7-P-L	Positive	0.222738	0.777262
2D5W-C-A	Positive	0.00273991	0.99726
2D5W-D-B	Positive	0.00244564	0.997554
2VCP-D-A	Positive	0.0281598	0.97184
2JDL-C-A	Negative	0.808934	0.191066
2JDL-D-B	Negative	0.793371	0.206629
2K20-B-A	Positive	0.450427	0.549573
2MZP-I-C	Positive	0.00317127	0.996829
2GS0-B-A	Positive	0.00993991	0.99006
2Z5N-B-A	Positive	0.0471675	0.952833
2HAL-I-A	Positive	0.00404412	0.995956
2HUG-B-A	Positive	0.00490713	0.995093
2R05-B-A	Positive	0.136819	0.863181
2BCX-B-A	Negative	0.861247	0.138753
2LEH-B-A	Negative	0.831133	0.168867
2MZD-B-A	Positive	0.0410992	0.958901
2NM1-B-A	Negative	0.973702	0.0262982
2XPN-B-A	Positive	0.440801	0.559199
2I3H-C-A	Positive	0.043958	0.956042
2DOI-C-X	Positive	0.0060426	0.993957
2DOI-B-A	Positive	0.00244552	0.997554
2P2T-C-A	Positive	0.0109054	0.989095
2VDN-C-A	Positive	0.00301808	0.996982
2PQN-B-A	Negative	0.942073	0.0579266
2D1K-C-A	Positive	0.0357099	0.96429
2ZL9-C-A	Positive	0.0355455	0.964454
2H6M-I-A	Positive	0.00811952	0.99188
2C63-P-A	Positive	0.00853813	0.991462
2Q6G-C-A	Positive	0.0221249	0.977875
2Q6G-D-A	Positive	0.00198019	0.99802
2L6Y-A-B	Negative	0.915882	0.0841182
2P5B-I-A	Positive	0.408972	0.591028
2P5B-J-B	Positive	0.0937225	0.906278
2O02-P-A	Positive	0.00411206	0.995888
2O02-Q-B	Positive	0.000411689	0.999588
2P54-B-A	Positive	0.000699639	0.9993
2Y6S-P-C	Positive	0.0415283	0.958472
2LXP-B-A	Positive	0.234924	0.765076
2VOG-B-A	Positive	0.0164356	0.983564
2XHS-B-A	Positive	0.0360464	0.963954
2K6Q-B-A	Positive	0.00239038	0.99761
2WP2-P-A	Positive	0.00281614	0.997184
2WP2-Q-B	Positive	0.00559556	0.994404
2PBD-V-A	Positive	0.200603	0.799397
2ZNE-C-A	Positive	0.0584452	0.941555
2ZNE-D-B	Negative	0.559655	0.440345
2GT9-C-A	Positive	0.4409	0.5591
2DVQ-P-A	Positive	0.000470638	0.999529
2DVQ-Q-A	Positive	0.00257009	0.99743
2Q8C-F-A	Positive	0.00181156	0.998188
2Q8C-G-B	Positive	0.000650704	0.999349
2SEB-E-A	Positive	0.00225568	0.997744
2XZE-Q-A	Negative	0.609411	0.390589
2XZE-R-A	Positive	0.224862	0.775138
2DVR-Q-A	Positive	0.000881732	0.999118
2KBS-B-A	Positive	0.000331879	0.999668
2Y07-P-H	Positive	0.0234135	0.976586
2B1J-C-A	Positive	0.0195973	0.980403
2CCH-E-B	Positive	0.00732279	0.992677
2RQG-A-B	Positive	0.00521386	0.994786
2VPD-B-A	Positive	0.00734979	0.99265
2WHY-B-A	Positive	0.00200218	0.997998
2C1T-C-A	Negative	0.6911	0.3089
2C1T-D-A	Positive	0.0967874	0.903213
2PKU-B-A	Positive	0.00182521	0.998175
2IY3-C-A	Positive	0.0503982	0.949602
2ACM-B-A	Negative	0.608955	0.391045
2OBQ-B-A	Positive	0.0712267	0.928773
2OBQ-D-A	Positive	0.00442505	0.995575
2XPX-B-A	Positive	0.179814	0.820186
2LOZ-B-A	Negative	0.654541	0.345459
2L6Z-B-C	Negative	0.945706	0.0542939
2X4N-C-A	Positive	9.44138e-05	0.999906
2LNH-C-A	Negative	0.64729	0.35271
2Y65-Y-A	Positive	0.0679041	0.932096
2Y65-W-B	Positive	0.00665075	0.993349
2HSQ-B-A	Positive	0.0118991	0.988101
2EQ7-C-A	Positive	0.129791	0.870209
2G2F-C-A	Positive	0.0535203	0.94648
2P5E-C-A	Negative	0.593953	0.406047
2L27-B-A	Positive	0.0284343	0.971566
2KWV-A-B	Negative	0.730126	0.269874
2GV2-B-A	Positive	0.000162721	0.999837
2EH8-P-L	Positive	0.000838637	0.999161
2W9R-B-A	Positive	0.0208109	0.979189
2G5B-I-A	Positive	0.000156999	0.999843
2FNT-P-A	Positive	0.000528753	0.999471
2M32-B-A	Positive	0.00198805	0.998012
2MJV-A-B	Positive	0.0701952	0.929805
2VUM-M-A	Positive	0.00432307	0.995677
2ZOL-E-A	Positive	0.00866938	0.991331
2ZOL-F-C	Positive	0.00866938	0.991331
2NNA-C-A	Positive	0.0615282	0.938472
2OQJ-C-A	Positive	0.00151473	0.998485
2OQJ-F-D	Positive	0.00150335	0.998497
2OQJ-I-G	Positive	0.000641525	0.999358
2OQJ-L-J	Positive	0.00121886	0.998781
2H2H-B-A	Positive	0.000391424	0.999609
2BBV-D-A	Positive	0.0010792	0.998921
2AX3-B-A	Positive	0.0868663	0.913134
2L53-B-A	Negative	0.739529	0.260471
2FF3-C-A	Positive	0.00321281	0.996787
2I32-E-A	Positive	0.142056	0.857944
2I32-F-A	Positive	0.175794	0.824206
2K17-P-A	Positive	0.00595766	0.994042
2J4W-D-H	Positive	0.0142817	0.985718
2BP3-T-A	Negative	0.902555	0.0974447
2BP3-S-B	Positive	0.0549197	0.94508
2UUE-E-B	Positive	0.00478142	0.995219
2V86-E-A	Positive	0.000896931	0.999103
2EQ9-C-A	Positive	0.00898826	0.991012
2B6N-B-A	Positive	0.0269283	0.973072
2KWO-B-A	Positive	0.0118853	0.988115
2PR9-P-A	Negative	0.930576	0.0694242
2XS8-B-A	Positive	0.0110785	0.988922
2NWN-B-A	Positive	0.000250757	0.999749
2ZTT-B-A	Negative	0.86429	0.13571
2I94-B-A	Positive	0.00169611	0.998304
2MC6-B-A	Positive	0.0207587	0.979241
2MPS-B-A	Negative	0.933031	0.0669686
2PGB-A-B	Negative	0.730698	0.269302
2K2F-C-A	Negative	0.869025	0.130975
2BD3-P-A	Positive	0.000406921	0.999593
2N01-A-B	Negative	0.65756	0.34244
2FYZ-B-A	Positive	0.151216	0.848784
2FYZ-D-A	Negative	0.576948	0.423052
2FYZ-F-C	Positive	0.12674	0.87326
2C9T-K-A	Positive	0.00526679	0.994733
2B1H-P-L	Positive	0.0884663	0.911534
2DEN-A-B	Negative	0.927501	0.0724989
2VWN-L-A	Negative	0.709776	0.290224
2OBH-C-A	Positive	0.0261314	0.973869
2OBH-D-A	Positive	0.0612313	0.938769
2VPE-B-A	Positive	0.051683	0.948317
2Y7L-B-A	Positive	0.000428379	0.999572
2CO4-B-A	Negative	0.749756	0.250244
2WJG-C-A	Positive	0.0104493	0.989551
2ZVL-U-A	Negative	0.949052	0.0509481
2ZVL-V-B	Negative	0.819971	0.180029
2ZVL-W-C	Negative	0.74872	0.25128
2ZVL-X-D	Negative	0.967099	0.0329014
2ZVL-Z-F	Negative	0.949052	0.0509481
2NPA-B-A	Positive	0.000718892	0.999281
2NPA-D-C	Positive	0.0424319	0.957568
2JXC-B-A	Negative	0.949451	0.0505494
2JFA-P-A	Positive	0.115317	0.884683
2XPP-B-A	Negative	0.593135	0.406866
2MWP-B-A	Negative	0.571491	0.428509
2Y6I-B-A	Positive	0.0251382	0.974862
2Z5K-B-A	Positive	0.00222462	0.997775
2N0Y-B-A	Positive	0.0699558	0.930044
2BZ8-C-A	Positive	0.00550455	0.994495
2JOG-B-A	Positive	0.0125114	0.987489
2BEC-B-A	Positive	0.20644	0.79356
2Z8C-B-A	Positive	0.000539124	0.999461
2LYD-B-A	Negative	0.986946	0.0130536
2MGU-M-A	Negative	0.923466	0.0765343
2W77-C-B	Positive	0.00107712	0.998923
2YBA-D-A	Positive	0.00203031	0.99797
2YBA-C-B	Positive	0.00205427	0.997946
2XPI-B-A	Positive	0.0618707	0.938129
2N4Q-A-B	Negative	0.587706	0.412294
2MW2-B-A	Positive	0.197503	0.802497
2G48-C-A	Positive	0.442868	0.557132
2G48-D-B	Positive	0.226923	0.773077
2F3Y-B-A	Positive	0.308103	0.691897
2Z5M-B-A	Positive	0.00392073	0.996079
2VPG-P-A	Positive	0.000804961	0.999195
2QQD-A-B	Positive	0.0206557	0.979344
2YDS-T-A	Positive	0.00265867	0.997341
2BZW-B-A	Negative	0.921878	0.078122
2VT1-A-B	Positive	0.0489272	0.951073
2LPB-B-A	Negative	0.973604	0.026396
2RQH-A-B	Positive	0.303123	0.696877
2QA9-I-E	Positive	0.00860387	0.991396
2VDO-C-A	Positive	0.00333822	0.996662
2J7Y-B-A	Positive	0.274963	0.725037
2NXD-P-A	Positive	0.00455809	0.995442
2UZ6-K-A	Positive	0.00251591	0.997484
2F69-B-A	Positive	0.00890291	0.991097
2ZPN-E-A	Positive	0.00131088	0.998689
2O8M-C-A	Positive	0.0443447	0.955655
2O8M-D-A	Positive	0.0605618	0.939438
2RD4-C-A	Positive	0.280668	0.719332
2Y0M-B-A	Negative	0.790074	0.209926
2ASQ-B-A	Positive	0.00881571	0.991184
2MKR-B-A	Positive	0.428544	0.571456
2ZFX-C-A	Positive	0.0207481	0.979252
2XS3-C-A	Positive	0.0196508	0.980349
2LKM-A-B	Negative	0.877447	0.122553
2H2G-B-A	Positive	0.00197971	0.99802
2O4J-C-A	Positive	0.165627	0.834373
2E4H-B-A	Positive	0.0252132	0.974787
2W5Z-C-A	Positive	0.0124107	0.987589
2V51-F-B	Positive	0.146024	0.853976
2VZG-A-B	Positive	0.0227715	0.977229
2ZXE-G-A	Negative	0.917737	0.0822627
2WSS-U-C	Positive	0.43745	0.56255
2WSS-Z-O	Negative	0.587636	0.412364
2WSS-X-W	Negative	0.852362	0.147638
2W10-D-A	Positive	0.0282732	0.971727
2W10-C-B	Positive	0.0153659	0.984634
2PB8-P-A	Positive	0.00825471	0.991745
2VBC-B-A	Positive	0.00108624	0.998914
2YMT-B-A	Positive	0.00148207	0.998518
2VOY-B-A	Negative	0.864722	0.135278
2VOY-E-F	Positive	0.0369013	0.963099
2VOY-G-F	Negative	0.909123	0.0908769
2VOY-H-I	Positive	0.177637	0.822363
2VOY-K-I	Negative	0.73578	0.26422
2ODG-C-A	Negative	0.988108	0.011892
2KRB-B-A	Positive	0.0466622	0.953338
2Y0S-Q-A	Negative	0.954169	0.0458307
2Y0S-P-B	Negative	0.889515	0.110485
2P1L-B-A	Negative	0.938934	0.0610663
2LSJ-B-A	Positive	0.016051	0.983949
2C1J-C-A	Positive	0.00165832	0.998342
2PDZ-B-A	Positive	0.000994742	0.999005
2YVC-D-A	Positive	0.000210106	0.99979
2YVC-F-A	Positive	0.04522	0.95478
2YVC-E-B	Positive	0.000318289	0.999682
2KTF-B-A	Positive	0.0535511	0.946449
2E3K-R-D	Positive	0.0179523	0.982048
2BFY-D-A	Negative	0.965438	0.0345624
2BFY-C-B	Negative	0.944087	0.0559127
2QSC-P-L	Positive	0.186453	0.813547
2KHW-A-B	Negative	0.529011	0.470989
2ZJP-4-E	Positive	0.23979	0.76021
2DUJ-P-A	Positive	0.0108061	0.989194
2CWG-D-A	Positive	0.0050531	0.994947
2CWG-E-A	Positive	0.0570441	0.942956
2BPA-3-1	Negative	0.992305	0.00769472
2QOS-A-C	Positive	0.109422	0.890578
2BRR-P-H	Positive	0.00117975	0.99882
2Y21-H-C	Positive	0.175269	0.824731
2Y21-K-I	Positive	0.165658	0.834342
2LAS-B-A	Positive	0.110859	0.889141
2X4Y-B-A	Positive	0.0019263	0.998074
2X4Y-P-A	Positive	0.00185406	0.998146
2X4Y-D-C	Positive	0.0937225	0.906278
2X4Y-F-E	Positive	0.00199431	0.998006
2X4Y-L-K	Positive	0.00348932	0.996511
2F5Z-K-A	Negative	0.884511	0.115489
2J7I-C-A	Positive	0.0383618	0.961638
2J7I-D-B	Positive	0.11582	0.88418
2XS4-B-A	Positive	0.111201	0.888799
2BJ4-C-A	Positive	0.0126318	0.987368
2VJ0-Q-A	Positive	0.00192308	0.998077
2OVR-C-B	Positive	0.00275838	0.997242
2J9U-B-A	Positive	0.298419	0.701581
2C1M-B-A	Positive	0.177164	0.822836
2ZL2-O-A	Positive	0.00124562	0.998754
2ZL2-P-B	Positive	0.0265101	0.97349
2ZL2-U-H	Positive	0.00347322	0.996527
2XXM-T-A	Positive	0.00204265	0.997957
2MTP-B-A	Negative	0.503411	0.496589
2MTP-C-A	Negative	0.971489	0.0285113
2L00-A-B	Negative	0.701571	0.298429
2RS9-A-B	Positive	0.0338148	0.966185
2LTO-B-A	Positive	0.00234598	0.997654
2P58-B-A	Negative	0.931243	0.068757
2VUT-M-E	Positive	0.327708	0.672292
2WEV-E-B	Positive	0.00515097	0.994849
2K7L-B-A	Negative	0.656163	0.343837
2AXI-B-A	Positive	0.000126719	0.999873
2R03-B-A	Positive	0.0100237	0.989976
2JW1-B-A	Negative	0.68825	0.31175
2XA0-C-A	Positive	0.0145448	0.985455
2L0F-B-A	Negative	0.921857	0.0781435
2ZSW-M-A	Positive	0.00157112	0.998429
2NP0-B-A	Negative	0.890856	0.109144
2W3O-C-A	Positive	0.0143269	0.985673
2F9D-P-A	Negative	0.965546	0.0344536
2JGC-B-A	Positive	0.192434	0.807566
2PIE-F-A	Positive	0.000507832	0.999492
2HZS-I-B	Positive	0.00624239	0.993758
2HZS-J-D	Positive	0.06214	0.93786
2HZS-K-F	Positive	0.0263639	0.973636
2HZS-L-H	Positive	0.00671601	0.993284
2L9S-A-B	Negative	0.779608	0.220392
2JOD-B-A	Positive	0.325735	0.674265
2QAC-T-A	Positive	0.00138664	0.998613
2N3A-A-B	Negative	0.911771	0.0882288
2V89-E-A	Positive	0.00290298	0.997097
2IIJ-B-A	Positive	0.00329465	0.996705
2P4R-T-A	Positive	0.0329923	0.967008
2ZJD-B-A	Positive	0.079578	0.920422
2ZJD-D-C	Positive	0.00415087	0.995849
2QBX-P-A	Positive	0.129159	0.870841
2QBX-D-B	Positive	0.336865	0.663135
2HPZ-B-A	Positive	0.0138433	0.986157
2A6D-P-A	Positive	0.0389638	0.961036
2WC0-C-A	Positive	0.0631133	0.936887
2WC0-D-A	Positive	0.0228612	0.977139
2L7U-B-A	Positive	0.00137174	0.998628
2F6A-E-A	Positive	0.0347521	0.965248
2F6A-J-B	Positive	0.0312632	0.968737
2DZE-X-A	Positive	0.00286281	0.997137
2BCK-C-A	Positive	0.00394332	0.996057
2LO6-B-A	Positive	0.00615209	0.993848
2RJE-P-A	Positive	0.00333709	0.996663
2RJE-Q-A	Positive	0.000883639	0.999116
2B1A-P-L	Positive	0.0648409	0.935159
2Z9I-D-A	Positive	9.36985e-05	0.999906
2Z9I-F-A	Positive	8.79765e-05	0.999912
2Z9I-G-A	Positive	0.0307593	0.969241
2Z9I-H-B	Positive	0.00336218	0.996638
2Z9I-I-C	Positive	0.01819	0.98181
2ZGJ-B-A	Positive	0.000837088	0.999163
2BAP-D-B	Positive	0.0118509	0.988149
2IWB-B-A	Positive	0.0028801	0.99712
3VB4-E-A	Positive	0.274882	0.725118
3WG5-C-A	Positive	0.0155759	0.984424
3HOW-L-B	Positive	0.376142	0.623858
3AP1-S-A	Positive	0.0607018	0.939298
3UI2-B-A	Positive	0.0255336	0.974466
3UTM-C-A	Negative	0.691838	0.308162
3TL0-B-A	Positive	0.00400388	0.995996
3WS3-E-A	Positive	0.00163585	0.998364
3V9V-C-A	Positive	0.0178934	0.982107
3OGM-Q-B	Positive	0.345572	0.654428
3QF9-B-A	Positive	0.00992072	0.990079
3QGN-A-B	Negative	0.575688	0.424312
3I7H-B-A	Positive	0.00107932	0.998921
3W1B-B-A	Positive	0.0127259	0.987274
3V2X-B-A	Positive	0.00435144	0.995649
3TDI-C-B	Positive	0.000659883	0.99934
3QT1-I-A	Negative	0.912716	0.0872839
3D9O-Z-B	Positive	0.0378016	0.962198
3NIM-X-A	Positive	0.00524908	0.994751
3D9T-C-A	Positive	0.00122005	0.99878
3D9T-D-A	Positive	0.00142467	0.998575
3HPW-C-A	Positive	0.407031	0.592969
3D44-B-A	Positive	0.00189316	0.998107
3CDW-H-A	Positive	0.0104861	0.989514
3IYB-2-3	Positive	0.0052886	0.994711
3OUW-B-A	Positive	0.140575	0.859425
3U3W-P-A	Positive	0.000373006	0.999627
3RVF-B-A	Negative	0.532972	0.467028
3MQS-D-C	Positive	0.000778198	0.999222
3MN7-S-A	Positive	0.235646	0.764354
3C3R-B-A	Positive	0.0251553	0.974845
3BEF-A-B	Negative	0.925696	0.0743043
3BEF-C-B	Positive	0.36459	0.63541
3BEF-D-E	Negative	0.947618	0.0523822
3BEF-F-E	Positive	0.00110608	0.998894
3UVX-B-A	Positive	0.00419188	0.995808
3GW1-C-A	Positive	0.0244491	0.975551
3U3Z-B-A	Positive	0.00125599	0.998744
3EBB-E-A	Positive	0.06565	0.93435
3EBB-H-A	Positive	0.0097633	0.990237
3EBB-G-C	Positive	0.0322332	0.967767
3FP7-I-E	Positive	0.00497288	0.995027
3FP7-J-E	Negative	0.506145	0.493855
3EMW-B-A	Positive	0.000311136	0.999689
3RM1-B-A	Positive	0.0283356	0.971664
3AG2-K-A	Negative	0.983885	0.0161147
3AG2-L-A	Negative	0.990915	0.00908482
3AG2-Z-N	Negative	0.925501	0.0744995
3G7Z-C-A	Positive	0.278933	0.721067
3L73-I-A	Positive	0.434808	0.565192
3L73-V-B	Positive	0.434808	0.565192
3DOX-P-A	Positive	0.0162759	0.983724
3DOX-Q-A	Positive	0.107896	0.892104
3DX6-C-A	Negative	0.599742	0.400258
3GYT-B-A	Positive	0.198833	0.801167
3OJ3-I-A	Negative	0.970585	0.0294154
3OJ3-N-A	Negative	0.979483	0.0205167
3OJ3-K-B	Negative	0.967715	0.0322846
3OJ3-O-F	Negative	0.980696	0.0193038
3MLR-P-L	Positive	0.224694	0.775306
3LLZ-B-A	Negative	0.728374	0.271626
3CJI-D-A	Negative	0.961818	0.0381821
3W1S-B-A	Negative	0.869987	0.130013
3WUU-B-A	Negative	0.974013	0.0259866
3WUU-C-A	Positive	0.43648	0.56352
3WUU-D-A	Negative	0.823357	0.176643
3WUU-F-A	Positive	0.00987631	0.990124
3WUU-G-A	Negative	0.706708	0.293292
3WUU-H-A	Negative	0.957991	0.0420085
3V62-C-A	Negative	0.963658	0.0363416
3BKY-P-H	Positive	0.00580132	0.994199
3OOF-B-A	Positive	0.164423	0.835577
3OOF-D-C	Positive	0.107752	0.892248
3C01-A-E	Positive	0.0258351	0.974165
3C01-C-G	Positive	0.000383973	0.999616
3CCH-C-A	Negative	0.890558	0.109442
3R7G-B-A	Positive	0.0186688	0.981331
3BIM-I-A	Positive	0.142968	0.857032
3BIM-N-A	Positive	0.284096	0.715904
3ML4-E-A	Positive	0.00322503	0.996775
3Q33-D-A	Positive	0.00612628	0.993874
3Q75-G-A	Positive	3.69549e-05	0.999963
3PQZ-L-A	Positive	0.00828946	0.991711
3SZS-A-E	Positive	0.459981	0.540019
3SZS-B-E	Positive	0.494605	0.505395
3D2U-C-A	Positive	0.000551045	0.999449
3H5R-E-A	Positive	0.000221312	0.999779
3GLT-B-A	Positive	0.00239629	0.997604
3L3H-C-A	Positive	0.361716	0.638284
3H1K-V-N	Positive	0.434808	0.565192
3NA1-C-A	Positive	0.188964	0.811036
3NA1-D-B	Positive	0.0156799	0.98432
3BL2-C-A	Positive	0.430194	0.569806
3IDM-C-A	Positive	0.00180203	0.998198
3UAL-P-A	Positive	0.00362235	0.996378
3I7P-B-A	Positive	0.0949557	0.905044
3UBW-P-A	Positive	0.00191343	0.998087
3BH8-C-A	Positive	0.0398201	0.96018
3EAR-B-A	Negative	0.857558	0.142442
3F9Y-E-A	Positive	0.00129247	0.998708
3F9Y-F-A	Positive	0.00405025	0.99595
3LUO-B-A	Positive	0.00907505	0.990925
3WOO-C-A	Positive	0.021498	0.978502
3M1B-I-A	Positive	0.0227612	0.977239
3M1B-J-C	Positive	0.0231643	0.976836
3I7N-B-A	Positive	0.0438729	0.956127
3U8X-B-A	Positive	0.46717	0.53283
3H6Z-L-A	Positive	0.00205559	0.997944
3C00-A-B	Positive	0.0880151	0.911985
3MHP-C-A	Positive	0.338816	0.661184
3MRO-P-A	Negative	0.907651	0.0923489
3GSQ-P-A	Positive	0.0438641	0.956136
3ER5-I-E	Positive	0.0674642	0.932536
3HBU-Z-P	Positive	0.00282502	0.997175
3FXX-B-A	Positive	0.00868505	0.991315
3FIE-C-A	Negative	0.650515	0.349485
3ZIL-B-A	Positive	0.0296746	0.970325
3QW5-B-A	Positive	0.0179367	0.982063
3EQS-B-A	Positive	0.0251142	0.974886
3U3F-E-A	Positive	0.0379482	0.962052
3U3F-G-A	Positive	0.00918877	0.990811
3U3F-I-A	Positive	0.00755882	0.992441
3U3F-H-B	Positive	0.019758	0.980242
3E2B-C-A	Positive	0.00256097	0.997439
3UO8-L-B	Positive	0.0032807	0.996719
3S9C-B-A	Positive	0.0230293	0.976971
3M17-I-A	Positive	0.0526569	0.947343
3BZX-A-B	Positive	0.108266	0.891734
3GCI-P-A	Positive	0.113976	0.886024
3UAT-B-A	Positive	0.104201	0.895799
3OY5-P-U	Positive	0.034253	0.965747
3GDV-D-A	Positive	0.000206769	0.999793
3WWQ-C-A	Positive	0.356564	0.643436
3WWQ-F-D	Positive	0.0817199	0.91828
3WWQ-L-E	Positive	0.0891655	0.910834
3CWB-V-I	Positive	0.434808	0.565192
3O45-P-L	Positive	0.0450934	0.954907
3O45-C-A	Positive	0.214589	0.785411
3OWT-C-A	Positive	0.320502	0.679498
3VXF-L-H	Positive	0.441973	0.558027
3VXF-J-H	Positive	0.00461078	0.995389
3VXF-I-H	Positive	0.00460392	0.995396
3O6Q-B-A	Negative	0.89851	0.10149
3O6Q-D-A	Negative	0.902095	0.0979052
3QZV-C-A	Positive	0.000694036	0.999306
3OUA-P-A	Positive	0.00127894	0.998721
3PSL-C-A	Positive	0.00735199	0.992648
3Q6S-E-A	Positive	0.0606169	0.939383
3Q6S-F-A	Positive	0.0445319	0.955468
3VFR-C-A	Positive	0.0052821	0.994718
3K24-D-A	Positive	0.000956237	0.999044
3D3V-C-A	Positive	0.0311319	0.968868
3QF7-C-A	Negative	0.657051	0.342949
3NDF-B-A	Negative	0.775251	0.224749
3FSH-C-A	Positive	0.0279716	0.972028
3B3I-C-A	Positive	0.00172758	0.998272
3L3I-C-A	Positive	0.0124428	0.987557
3V49-B-A	Positive	0.14244	0.85756
3N56-C-A	Positive	0.0111067	0.988893
3O42-B-A	Negative	0.541253	0.458747
3H9Q-E-A	Positive	0.001194	0.998806
3H9Q-G-B	Positive	0.00325119	0.996749
3SOU-D-A	Positive	0.00207174	0.997928
3UEC-B-A	Positive	0.0104338	0.989566
3BPS-E-A	Negative	0.899419	0.100581
3JCO-Y-R	Negative	0.886366	0.113634
3IDG-C-A	Positive	0.00350696	0.996493
3BRD-D-A	Positive	0.262526	0.737474
3PUK-C-A	Positive	0.00336361	0.996636
3PUK-D-B	Positive	0.0019936	0.998006
3W11-B-E	Positive	0.00697339	0.993027
3W11-F-E	Positive	0.00839096	0.991609
3ULY-B-A	Positive	0.145475	0.854525
3O4L-C-A	Positive	0.0384133	0.961587
3T0Y-B-A	Positive	0.132936	0.867064
3T0Y-D-A	Positive	0.155481	0.844519
3EG6-C-A	Positive	0.0336093	0.966391
3JQ5-B-A	Positive	0.00173056	0.998269
3U5O-I-A	Positive	0.00265408	0.997346
3NTH-C-A	Positive	0.00346303	0.996537
3QE0-F-A	Positive	0.000325322	0.999675
3QE0-G-B	Positive	0.0683488	0.931651
3CD3-B-A	Positive	0.00116831	0.998832
3GO1-P-L	Positive	0.0844731	0.915527
3G2T-C-A	Positive	0.000990272	0.99901
3BU8-C-A	Positive	0.0945243	0.905476
3BU8-D-B	Positive	0.002442	0.997558
3AGY-C-A	Positive	0.00308311	0.996917
3AGY-F-B	Positive	0.00145131	0.998549
3MJH-B-A	Positive	0.487115	0.512885
3MJH-D-C	Positive	0.266161	0.733839
3H8K-B-A	Positive	0.149529	0.850471
3JCU-F-A	Positive	0.257397	0.742603
3JCU-I-A	Positive	0.374732	0.625268
3JCU-J-A	Positive	0.0674024	0.932598
3JCU-L-A	Negative	0.99219	0.00780978
3JCU-T-A	Negative	0.928368	0.0716324
3JCU-M-B	Negative	0.962528	0.0374718
3JCU-U-B	Positive	0.383966	0.616034
3JCU-X-D	Negative	0.77455	0.22545
3VUY-D-A	Negative	0.988213	0.0117871
3VUY-E-A	Negative	0.976792	0.0232078
3VUY-F-C	Negative	0.94383	0.05617
3C57-B-A	Negative	0.955232	0.0447677
3O8I-B-A	Positive	0.00180227	0.998198
3GJO-E-A	Positive	0.0409631	0.959037
3GJO-F-A	Positive	0.367144	0.632856
3GJO-H-B	Positive	0.000320911	0.999679
3GJO-G-C	Positive	0.00093919	0.999061
3SEM-C-A	Positive	0.00860131	0.991399
3SEM-D-B	Positive	0.0941711	0.905829
3FUG-B-A	Positive	0.000816047	0.999184
3WSY-C-A	Positive	0.0650201	0.93498
3OUX-B-A	Negative	0.671137	0.328863
3N3X-B-A	Positive	0.0032711	0.996729
3GOF-C-A	Positive	0.445376	0.554624
3AYU-B-A	Positive	0.00676423	0.993236
3UJI-P-L	Negative	0.53995	0.46005
3U8Q-B-A	Positive	0.00421989	0.99578
3AU4-B-A	Negative	0.730664	0.269336
3PTL-B-A	Positive	0.051829	0.948171
3RZ9-B-A	Positive	0.0781559	0.921844
3UL0-C-B	Positive	0.431412	0.568588
3D0V-C-A	Positive	0.00479096	0.995209
3JQL-B-A	Positive	0.0130342	0.986966
3P36-B-A	Positive	0.00189978	0.9981
3QJN-I-A	Positive	0.00229675	0.997703
3KV4-B-A	Positive	0.00845176	0.991548
3P4O-F-A	Positive	0.00160855	0.998391
3O35-E-A	Positive	0.00100428	0.998996
3Q78-D-A	Positive	0.0105115	0.989489
3KTK-O-A	Positive	0.0130293	0.986971
3RRJ-B-A	Positive	0.00111729	0.998883
3CPL-E-A	Positive	0.00129247	0.998708
3PWV-C-A	Positive	0.00886297	0.991137
3ZDL-B-A	Positive	0.0532059	0.946794
3IQH-P-X	Positive	0.000320792	0.999679
3BP7-C-A	Positive	0.0419633	0.958037
3UU7-F-A	Positive	0.0253015	0.974698
3U1J-A-B	Positive	0.0130974	0.986903
3FXD-A-B	Negative	0.967904	0.032096
3VFS-C-A	Positive	0.00734824	0.992652
3LWW-D-C	Positive	0.138334	0.861666
3Q5U-B-A	Positive	0.00315112	0.996849
3MLX-P-L	Positive	0.15033	0.84967
3R2A-F-A	Positive	0.0100383	0.989962
3R2A-E-B	Positive	0.000755668	0.999244
3V2O-B-A	Positive	0.00229323	0.997707
3ZKF-B-A	Positive	0.00515461	0.994845
3F2K-C-A	Positive	0.102364	0.897636
3DPC-C-B	Positive	0.00299817	0.997002
3P1N-P-A	Positive	0.000724137	0.999276
3OFI-C-A	Positive	0.000762105	0.999238
3KPM-C-A	Negative	0.978144	0.0218557
3M56-B-A	Positive	0.000732481	0.999268
3H0T-C-A	Positive	0.00319695	0.996803
3V5H-C-A	Negative	0.708079	0.291921
3RTA-B-A	Positive	0.00148875	0.998511
3U9Q-B-A	Positive	0.00823325	0.991767
3PXE-E-A	Positive	0.000582337	0.999418
3PXE-F-B	Positive	0.00254148	0.997459
3MLS-P-L	Positive	0.0037393	0.996261
3GJ9-C-A	Positive	0.00414634	0.995854
3KPP-C-A	Negative	0.932522	0.0674782
3OE7-R-P	Positive	0.0227919	0.977208
3OE7-1-Y	Negative	0.888747	0.111253
3QO2-Q-B	Positive	0.00225061	0.997749
3QO2-R-B	Positive	0.00290239	0.997098
3IVV-D-A	Positive	0.00643039	0.99357
3MOA-P-L	Negative	0.790773	0.209227
3LQV-P-A	Negative	0.855363	0.144637
3LQV-Q-B	Negative	0.886916	0.113084
3UPR-P-A	Positive	0.000665367	0.999335
3O0E-L-A	Positive	0.103742	0.896258
3O0E-Q-B	Positive	0.0241511	0.975849
3O0E-N-C	Positive	0.075211	0.924789
3Q1I-E-A	Positive	0.00132704	0.998673
3IVQ-C-A	Positive	0.000503063	0.999497
3IVQ-D-B	Positive	0.000181615	0.999818
3GJT-E-A	Positive	0.000573874	0.999426
3BTR-B-C	Positive	0.0215641	0.978436
3HXG-C-A	Positive	0.0569124	0.943088
3UVW-B-A	Positive	0.0341804	0.96582
3IBC-E-A	Positive	0.0036484	0.996352
3NII-B-A	Positive	0.00513005	0.99487
3DNO-A-B	Negative	0.901634	0.0983662
3JAU-A-H	Positive	0.0604041	0.939596
3VA4-C-B	Positive	0.0161102	0.98389
3C9C-B-A	Positive	0.0198684	0.980132
3IOL-B-A	Negative	0.50754	0.49246
3D32-C-A	Negative	0.955009	0.0449906
3DVM-B-A	Positive	0.00225466	0.997745
3BUM-A-B	Positive	0.00185788	0.998142
3VXE-J-H	Positive	0.00461078	0.995389
3V30-B-A	Positive	0.00248325	0.997517
3RTC-B-A	Positive	0.00270897	0.997291
3INS-A-B	Positive	0.0631133	0.936887
3IQU-P-A	Positive	0.00214475	0.997855
3PGD-C-A	Positive	0.00698209	0.993018
3G7L-P-A	Positive	0.0023191	0.997681
3V3V-B-A	Negative	0.592243	0.407757
3UW9-E-A	Positive	0.0198597	0.98014
3UW9-F-B	Positive	0.00820607	0.991794
3N93-C-B	Positive	0.132754	0.867246
3L0E-B-A	Positive	0.493515	0.506485
3WGV-G-A	Negative	0.905477	0.0945229
3WGV-E-C	Negative	0.863166	0.136834
3VN2-C-A	Positive	0.036514	0.963486
3TJH-B-A	Positive	0.270797	0.729203
3SQD-C-A	Positive	0.0402992	0.959701
3SQD-D-B	Positive	0.00975525	0.990245
3CM8-B-A	Negative	0.774205	0.225795
3UJJ-P-L	Positive	0.0344759	0.965524
3TFY-D-A	Positive	0.00222546	0.997775
3DVU-C-A	Positive	0.0930864	0.906914
3DVU-D-A	Negative	0.979002	0.0209981
3V56-G-A	Positive	0.000332713	0.999667
3V56-I-A	Positive	0.000332713	0.999667
3UKW-C-B	Negative	0.741607	0.258393
3CK0-P-L	Positive	0.0141275	0.985873
3U4S-C-A	Positive	0.00489944	0.995101
3U4S-D-B	Positive	0.00335836	0.996642
3GXE-F-B	Positive	0.00857717	0.991423
3GXE-E-B	Positive	0.0178286	0.982171
3UQ3-C-A	Positive	0.00209212	0.997908
3D7V-B-A	Positive	0.395456	0.604544
3C5I-E-C	Positive	0.00387794	0.996122
3UED-B-A	Positive	0.00532645	0.994674
3QZS-C-A	Positive	0.0008865	0.999114
3POB-B-A	Positive	0.0304262	0.969574
3I7O-B-A	Positive	0.00124121	0.998759
3UE5-B-A	Positive	0.0415724	0.958428
3G8I-Z-A	Positive	0.000764132	0.999236
3WA4-B-A	Positive	0.000199139	0.999801
3NJP-D-B	Negative	0.996498	0.00350202
3CH5-B-A	Negative	0.55354	0.44646
3WP0-B-A	Positive	0.000759482	0.999241
3S8F-C-A	Negative	0.98381	0.0161903
3T98-A-B	Positive	0.0366431	0.963357
3T98-C-B	Positive	0.0684618	0.931538
3U7X-C-A	Positive	0.164144	0.835856
3AVL-F-A	Positive	0.000282347	0.999718
3MLZ-P-L	Positive	0.407238	0.592762
3MQR-B-A	Positive	0.00321579	0.996784
3T5V-F-B	Negative	0.978362	0.0216381
3AVH-E-A	Positive	0.000221312	0.999779
3KEE-E-A	Positive	0.0337055	0.966294
3JZQ-P-A	Positive	0.0866346	0.913365
3NIJ-B-A	Negative	0.728497	0.271503
3AL3-B-A	Positive	0.0773328	0.922667
3RNM-F-C	Positive	0.0879182	0.912082
3ZLJ-D-A	Negative	0.753335	0.246665
3ASK-P-A	Positive	0.00190777	0.998092
3ASK-Q-B	Positive	0.00207174	0.997928
3T5X-B-A	Positive	0.227326	0.772674
3U7D-B-A	Positive	0.00214666	0.997853
3U7D-D-C	Positive	0.0046097	0.99539
3OTS-P-A	Positive	0.00590229	0.994098
3VI1-C-A	Positive	0.00385225	0.996148
3PWJ-C-A	Positive	0.143999	0.856001
3EH5-C-A	Negative	0.976473	0.023527
3RFR-D-C	Positive	0.0194989	0.980501
3RFR-H-G	Positive	0.0264379	0.973562
3T03-C-A	Positive	0.000449717	0.99955
3T03-D-B	Positive	0.000996768	0.999003
3RL0-A-B	Positive	0.0410592	0.958941
3RL0-g-B	Negative	0.595827	0.404173
3RL0-I-C	Negative	0.505799	0.494201
3RL0-h-F	Negative	0.655253	0.344747
3RL0-j-F	Negative	0.595827	0.404173
3RL0-M-N	Positive	0.0748873	0.925113
3CB8-B-A	Positive	0.00183529	0.998165
3AVG-D-A	Positive	0.000220835	0.999779
3C5L-B-A	Positive	0.00760239	0.992398
3E4A-F-A	Positive	0.00994527	0.990055
3U5N-D-A	Positive	0.0109929	0.989007
3WIM-B-A	Negative	0.950874	0.0491261
3NJN-B-A	Positive	0.00196797	0.998032
3NJN-D-C	Positive	0.000494003	0.999506
3OQZ-a-A	Positive	0.0117306	0.988269
3RWI-C-A	Positive	0.227035	0.772965
3MNW-P-A	Negative	0.965591	0.0344092
3N8M-B-A	Positive	8.16584e-05	0.999918
3ZMS-C-A	Positive	0.0237716	0.976228
3JVK-C-A	Positive	0.0164102	0.98359
3EMH-B-A	Positive	0.000599384	0.999401
3BUO-A-B	Positive	0.0220302	0.97797
3E2U-E-A	Positive	0.493918	0.506082
3E2U-G-A	Negative	0.5054	0.4946
3ZWZ-B-A	Positive	0.497067	0.502933
3BZF-P-A	Positive	0.00650227	0.993498
3O34-B-A	Positive	0.0103039	0.989696
3LKQ-C-A	Positive	0.00506377	0.994936
3NIN-D-A	Positive	0.000504255	0.999496
3NIN-E-B	Positive	0.00306106	0.996939
3I8C-B-A	Negative	0.604726	0.395274
3L3G-C-A	Negative	0.654876	0.345124
3BTS-E-A	Positive	0.0505472	0.949453
3BTS-F-B	Positive	0.0082587	0.991741
3C94-B-A	Positive	0.000393808	0.999606
3C94-C-A	Positive	0.00967175	0.990328
3JTI-B-A	Positive	0.00217384	0.997826
3TCG-I-A	Positive	0.00128114	0.998719
3IFN-P-H	Positive	0.00257611	0.997424
3DIW-C-A	Negative	0.738037	0.261963
3FON-P-A	Positive	0.0027554	0.997245
3LN4-C-A	Positive	0.00392228	0.996078
3LN5-C-A	Positive	0.0017404	0.99826
3PLF-A-B	Positive	0.00162882	0.998371
3A7Q-B-A	Positive	0.413112	0.586888
3ET3-P-A	Positive	0.0050059	0.994994
3PA7-D-A	Positive	0.0943369	0.905663
3GSU-P-A	Positive	0.209478	0.790522
3SSB-C-A	Positive	0.150324	0.849676
3SSB-I-A	Positive	0.154315	0.845685
3SSB-D-B	Positive	0.264483	0.735517
3SSB-J-B	Positive	0.15546	0.84454
3PTH-B-A	Negative	0.718481	0.281519
3RGV-E-A	Positive	0.00783598	0.992164
3J9M-2-F	Negative	0.85098	0.14902
3J9M-l-I	Negative	0.879831	0.120169
3J9M-m-8	Negative	0.953483	0.0465167
3J9M-4-r	Negative	0.975742	0.0242582
3O71-B-A	Positive	0.0356952	0.964305
3P6Z-A-B	Positive	0.420313	0.579687
3P6Z-C-B	Positive	0.0118793	0.988121
3P6Z-G-H	Positive	0.392213	0.607787
3P6Z-I-H	Positive	0.0101116	0.989888
3ASL-B-A	Positive	0.00358438	0.996416
3B7S-B-A	Positive	0.0012933	0.998707
3DRQ-C-A	Positive	0.00299245	0.997008
3ZS6-B-A	Positive	0.000637352	0.999363
3CRE-C-A	Negative	0.735238	0.264762
3OGK-Q-B	Positive	0.0431789	0.956821
3GJ6-B-A	Positive	0.103827	0.896173
3MLY-P-L	Positive	0.0199926	0.980007
3OMK-B-A	Negative	0.665467	0.334533
3OMK-D-C	Positive	0.00208527	0.997915
3U1I-A-B	Positive	0.445159	0.554841
3U1I-C-B	Positive	0.445159	0.554841
3U1I-F-B	Positive	0.00183272	0.998167
3I6K-C-A	Positive	0.0582465	0.941754
3HDI-C-A	Positive	0.0235209	0.976479
3HDI-D-A	Positive	0.0217704	0.97823
3GJ8-B-A	Positive	0.244629	0.755371
3GJ8-D-C	Positive	0.204892	0.795108
3ZQI-C-A	Negative	0.517119	0.482881
3VXS-C-A	Positive	0.124935	0.875065
3C2G-C-A	Positive	0.0311857	0.968814
3UOT-D-A	Positive	0.0052011	0.994799
3RQE-E-C	Positive	0.00850219	0.991498
3UNN-B-A	Positive	0.00624514	0.993755
3EWV-E-A	Positive	0.00112134	0.998879
3NMX-D-A	Positive	0.0339011	0.966099
3M3N-W-A	Positive	0.173992	0.826008
3OBX-B-A	Positive	0.0370176	0.962982
3WXA-C-A	Negative	0.605983	0.394017
3M57-B-A	Positive	0.00897527	0.991025
3BH9-C-A	Positive	0.0119035	0.988096
3BTP-B-A	Negative	0.93158	0.0684198
3IDI-C-A	Positive	0.000878394	0.999122
3L3Q-B-A	Positive	0.00972426	0.990276
3L3Q-C-A	Positive	0.00180703	0.998193
3JZR-P-A	Positive	0.00202924	0.997971
3VXR-C-A	Positive	0.187354	0.812646
3OP0-C-A	Positive	0.00495744	0.995043
3VXO-C-A	Positive	0.0590482	0.940952
3V52-P-H	Positive	0.0190703	0.98093
3CDG-P-A	Positive	0.0075835	0.992417
3A1G-B-A	Negative	0.612572	0.387428
3RC0-P-A	Positive	0.000621319	0.999379
3IG6-A-B	Positive	0.00121957	0.99878
3IG6-C-D	Positive	0.00580311	0.994197
3RQG-E-C	Positive	0.000742733	0.999257
3KF9-B-A	Positive	0.0310956	0.968904
3KF9-D-C	Positive	0.00394791	0.996052
3D24-B-A	Positive	0.0173494	0.982651
3A2H-B-A	Positive	0.000894606	0.999105
3ZLD-B-A	Positive	0.23418	0.76582
3WLB-C-A	Positive	0.0773766	0.922623
3BWA-C-A	Positive	0.00286436	0.997136
3D8A-S-A	Positive	0.000447214	0.999553
3D8A-U-A	Positive	0.00178564	0.998214
3ZG7-A-B	Negative	0.790714	0.209286
3AVM-D-A	Positive	0.000545204	0.999455
3KBL-B-A	Negative	0.861409	0.138591
3DKS-F-A	Positive	0.00319791	0.996802
3V4O-B-A	Positive	0.0032807	0.996719
3GHB-P-L	Positive	0.00233817	0.997662
3GHB-Q-M	Positive	0.00490832	0.995092
3SOV-Z-A	Positive	0.0064739	0.993526
3FII-B-A	Positive	0.103619	0.896381
3E8C-G-A	Positive	0.0092032	0.990797
3E8C-L-F	Positive	0.0433334	0.956667
3U9Z-C-A	Negative	0.762921	0.237079
3V7D-E-B	Positive	0.0101597	0.98984
3CAL-B-A	Positive	0.0760149	0.923985
3CAL-D-A	Positive	0.0760149	0.923985
3JWR-C-A	Negative	0.885515	0.114485
3G43-F-C	Negative	0.827414	0.172586
3J7O-l-X	Positive	0.382321	0.617679
3S6P-E-A	Positive	0.0029518	0.997048
3S6P-F-B	Positive	0.00205487	0.997945
3ZQG-C-A	Positive	0.0580673	0.941933
3T1E-E-A	Negative	0.866588	0.133412
3D8C-B-A	Positive	0.499957	0.500043
3SJD-E-A	Positive	0.131597	0.868403
3BU3-B-A	Positive	0.00347549	0.996525
3VZA-F-B	Negative	0.624549	0.375451
3VRI-C-A	Negative	0.66374	0.33626
3ZRM-X-A	Positive	0.00897795	0.991022
3ZRM-Y-B	Positive	0.0488943	0.951106
3K6T-B-A	Negative	0.880764	0.119236
3K6T-D-A	Negative	0.8871	0.1129
3ZN0-C-A	Positive	0.000974178	0.999026
3TDZ-E-A	Positive	0.000773907	0.999226
3C66-C-A	Positive	0.0226063	0.977394
3C66-D-B	Positive	0.08562	0.91438
3S3X-D-A	Positive	0.203795	0.796205
3BFW-B-A	Positive	0.129656	0.870344
3BFW-D-C	Positive	0.0103685	0.989631
3ZN8-S-M	Positive	0.0160494	0.983951
3ZDI-B-A	Positive	0.0792863	0.920714
3WUV-C-A	Negative	0.704331	0.295669
3WUV-D-A	Negative	0.949881	0.0501191
3DY0-B-A	Negative	0.891227	0.108773
3AM8-E-A	Positive	0.00347096	0.996529
3DAB-B-A	Negative	0.637746	0.362254
3DAB-F-E	Negative	0.76861	0.23139
3DAB-H-G	Positive	0.0161554	0.983845
3KMT-G-A	Positive	0.00112754	0.998872
3DVE-B-A	Positive	0.00686562	0.993134
3HKZ-Y-A	Negative	0.648021	0.351979
3U3D-B-A	Positive	0.00143915	0.998561
3LYV-E-A	Negative	0.967588	0.0324119
3LYV-F-A	Negative	0.967588	0.0324119
3LYV-D-C	Negative	0.982182	0.0178183
3I6G-C-A	Positive	0.0419765	0.958023
3M7U-B-A	Positive	0.00147861	0.998521
3MK4-B-A	Positive	0.0018689	0.998131
3RQF-E-A	Positive	0.0179236	0.982076
3JB6-C-A	Negative	0.689211	0.310789
3JB6-D-A	Positive	0.470047	0.529953
3FT4-P-A	Positive	0.00425178	0.995748
3DXC-B-A	Negative	0.616433	0.383567
3DXC-D-A	Negative	0.630184	0.369816
3OMH-E-A	Positive	0.0161451	0.983855
3BIN-B-A	Positive	0.0166439	0.983356
3TSZ-B-A	Positive	0.0869157	0.913084
3EG9-C-B	Positive	0.00145972	0.99854
3GP2-B-A	Positive	0.039137	0.960863
3Q4L-C-A	Positive	0.00092268	0.999077
3CVL-B-A	Positive	0.000419915	0.99958
3HA6-B-A	Negative	0.895534	0.104466
3WN7-B-A	Positive	0.384481	0.615519
3GSX-P-A	Positive	0.339367	0.660633
3ZE2-I-A	Positive	0.00147742	0.998523
3ZE2-J-C	Positive	0.00147742	0.998523
3BXL-B-A	Positive	0.228494	0.771506
3WYG-D-C	Positive	0.00540137	0.994599
3SVM-P-A	Positive	0.0158578	0.984142
3MEV-C-A	Positive	0.0103385	0.989661
3S3P-B-A	Positive	0.0016374	0.998363
3V31-B-A	Positive	0.0154907	0.984509
3VDD-D-A	Positive	0.262992	0.737008
3OUB-P-A	Positive	0.000274718	0.999725
3BT2-B-U	Negative	0.912119	0.0878806
3FHP-A-B	Positive	0.0631133	0.936887
3FHP-C-B	Positive	0.0631133	0.936887
3GD2-B-A	Positive	0.00110811	0.998892
3ZQH-C-A	Positive	0.275865	0.724135
3DVJ-B-A	Negative	0.661992	0.338008
3UAI-B-A	Positive	0.0986249	0.901375
3W3W-B-A	Positive	0.0424332	0.957567
3KND-B-A	Positive	0.0138928	0.986107
3QKS-C-A	Negative	0.615043	0.384957
3SRI-B-A	Positive	0.383664	0.616336
3MMG-C-A	Positive	0.00353396	0.996466
3MMG-D-A	Positive	0.00422603	0.995774
3NJJ-B-A	Positive	0.000337005	0.999663
3SYN-E-A	Positive	0.00301284	0.996987
3H3P-S-H	Negative	0.616266	0.383734
3H3P-T-I	Negative	0.762819	0.237181
3J7Y-2-F	Negative	0.689048	0.310952
3J7Y-a-K	Negative	0.702085	0.297915
3JZH-B-A	Positive	0.000813901	0.999186
3KL8-B-A	Positive	0.120609	0.879391
3KL8-F-A	Positive	0.0796148	0.920385
3KL8-D-C	Positive	0.101316	0.898684
3T4P-B-A	Positive	0.000214636	0.999785
3GJQ-E-A	Positive	0.00251907	0.997481
3OY6-P-U	Positive	0.025969	0.974031
3HDA-Z-P	Positive	0.000421464	0.999579
3EGD-D-B	Positive	0.00128734	0.998713
3TZW-D-A	Positive	0.0224255	0.977575
3I7Z-B-A	Positive	0.0063979	0.993602
3KUJ-B-A	Positive	0.000909209	0.999091
3LGE-E-A	Positive	0.000970483	0.99903
3LGE-F-B	Positive	0.10667	0.89333
3FTG-C-A	Positive	0.000662267	0.999338
3SJH-B-A	Negative	0.716031	0.283969
3B0Z-A-B	Positive	0.262871	0.737129
3SKM-C-A	Positive	0.0858941	0.914106
3BYA-B-A	Positive	0.318468	0.681532
3DD7-B-A	Positive	0.0885863	0.911414
3DD7-D-C	Positive	0.0524802	0.94752
3ZRZ-C-A	Positive	0.351334	0.648666
3ALO-E-A	Positive	0.0347322	0.965268
3RWH-C-A	Positive	0.00176877	0.998231
3RO2-B-A	Positive	0.0229213	0.977079
3VRJ-C-A	Positive	0.00029093	0.999709
3DXE-B-A	Negative	0.694912	0.305088
3TEI-B-A	Positive	0.0456396	0.95436
3VUW-F-B	Negative	0.969886	0.0301143
3PFV-D-B	Positive	0.00569677	0.994303
3VFU-C-A	Positive	0.00414163	0.995858
3QN7-B-A	Positive	0.000483155	0.999517
3DPO-C-A	Positive	0.0112029	0.988797
3TWT-E-A	Negative	0.701843	0.298157
3TWT-F-A	Positive	0.00701267	0.992987
3TWT-H-A	Positive	0.0763186	0.923681
3TWT-G-C	Positive	0.00518644	0.994814
3IAX-B-A	Positive	0.214129	0.785871
3A79-C-A	Positive	0.000385523	0.999614
3UVO-B-A	Positive	0.00767165	0.992328
3QHR-K-A	Positive	0.00299412	0.997006
3QHR-L-B	Positive	0.00299412	0.997006
3MRG-P-A	Positive	0.0036425	0.996358
3S1B-A-V	Negative	0.699139	0.300861
3F1I-C-H	Positive	0.0345975	0.965402
3PLU-C-A	Positive	0.0452695	0.954731
3WU2-F-A	Negative	0.546196	0.453804
3WU2-I-A	Negative	0.826071	0.173929
3WU2-J-A	Positive	0.198491	0.801509
3WU2-L-A	Negative	0.97889	0.0211096
3WU2-T-A	Negative	0.637356	0.362644
3WU2-t-B	Negative	0.637356	0.362644
3WU2-Y-C	Negative	0.896738	0.103262
3WU2-f-a	Positive	0.186969	0.813031
3WU2-j-a	Negative	0.73088	0.26912
3WU2-y-c	Positive	0.445224	0.554776
3D25-C-A	Positive	0.00474268	0.995257
3KTI-H-A	Positive	0.00563645	0.994364
3RC4-B-A	Positive	0.00484645	0.995154
3WKN-E-C	Negative	0.607974	0.392026
3WKN-L-C	Negative	0.9711	0.0289001
3WKN-F-B	Negative	0.984689	0.0153109
3WKN-H-D	Negative	0.759137	0.240863
3WKN-P-D	Negative	0.991337	0.00866334
3IPU-C-A	Positive	0.0107723	0.989228
3EYF-E-A	Positive	0.177757	0.822243
3FQW-C-A	Positive	0.0031569	0.996843
3J1O-N-I	Positive	0.10414	0.89586
3SI5-X-A	Positive	0.0920643	0.907936
3SI5-Y-B	Positive	0.0260361	0.973964
3QKR-C-A	Negative	0.550011	0.449989
3JCJ-d-F	Positive	0.0490662	0.950934
3JCJ-b-S	Positive	0.27511	0.72489
3JCJ-G-W	Negative	0.975448	0.0245522
3JCJ-a-c	Negative	0.868565	0.131435
3V11-C-A	Positive	0.393731	0.606269
3KYO-P-A	Negative	0.508233	0.491767
3L6X-B-A	Negative	0.726883	0.273117
3DV0-I-B	Positive	0.168925	0.831075
3DV0-J-F	Positive	0.025875	0.974125
3D36-C-A	Negative	0.704916	0.295084
3DS1-T-A	Positive	0.00204265	0.997957
3TVJ-I-B	Negative	0.803235	0.196765
3C5T-B-A	Negative	0.982071	0.0179286
3W6K-A-B	Positive	0.16167	0.83833
3W6K-D-B	Negative	0.550781	0.449218
3DRT-C-A	Positive	0.00178379	0.998216
3C0T-B-A	Positive	0.0827183	0.917282
3BW9-C-A	Positive	0.0181666	0.981833
3QFJ-C-A	Positive	0.0647722	0.935228
3ZN1-C-A	Positive	0.00612676	0.993873
3SZM-I-A	Positive	0.00763184	0.992368
3VFT-C-A	Positive	0.003622	0.996378
3M5N-F-B	Positive	0.000606894	0.999393
3U86-B-A	Positive	0.114128	0.885872
3LNY-B-A	Positive	0.000174224	0.999826
3UVM-B-A	Positive	0.308073	0.691927
3U5P-I-A	Positive	0.00617248	0.993828
3U5P-J-B	Positive	0.0111284	0.988872
3U5P-M-E	Positive	0.0141791	0.985821
3RWE-C-A	Positive	0.00209975	0.9979
3KMG-B-A	Positive	0.209107	0.790893
3KMG-E-D	Positive	0.197968	0.802032
3H0A-B-A	Positive	0.00749892	0.992501
3H0A-E-D	Positive	0.00761133	0.992389
3DRI-B-A	Positive	0.000442922	0.999557
3WNF-C-A	Positive	9.67979e-05	0.999903
3AVI-D-A	Positive	0.000300765	0.999699
3QJ6-T-A	Positive	0.00107849	0.998922
3AVZ-B-A	Positive	0.00225937	0.997741
3AVN-G-A	Positive	0.000371575	0.999628
3KDP-G-A	Negative	0.952951	0.0470485
3QIW-E-A	Positive	0.00924754	0.990752
3VQG-B-A	Positive	0.00284362	0.997156
3KPE-B-A	Negative	0.689703	0.310297
3P72-B-A	Positive	0.00177687	0.998223
3ZDY-J-C	Positive	0.00148112	0.998519
3R0L-A-D	Negative	0.571017	0.428983
3R0L-B-D	Positive	0.202365	0.797635
3WGU-G-A	Negative	0.905477	0.0945229
3WGU-E-C	Negative	0.863166	0.136834
3S3J-B-A	Positive	0.00498742	0.995013
3BRT-A-B	Positive	0.426938	0.573062
3BRT-C-B	Negative	0.642025	0.357975
3BOO-B-A	Positive	0.00214404	0.997856
3UVN-B-A	Positive	0.250387	0.749613
3UVN-D-C	Positive	0.0482544	0.951746
3D9P-Z-B	Positive	0.00241387	0.997586
3C89-B-A	Positive	0.00245112	0.997549
3G9W-C-A	Negative	0.926046	0.0739542
3G9W-D-A	Negative	0.751605	0.248395
3P70-M-B	Positive	0.00771648	0.992284
3P70-O-B	Positive	0.00297755	0.997022
3P70-G-H	Positive	0.377505	0.622495
3P70-P-H	Positive	0.00168622	0.998314
3ZIP-B-A	Positive	0.416125	0.583875
3ZIP-C-A	Positive	0.00506222	0.994938
3NY3-B-A	Positive	0.000558317	0.999442
3ZMP-C-B	Positive	0.00260282	0.997397
3UXG-B-A	Positive	0.442975	0.557025
3K6G-D-A	Positive	0.423725	0.576275
3K6G-E-A	Negative	0.78694	0.21306
3K6G-F-B	Negative	0.645987	0.354013
3T1U-B-A	Positive	0.0252613	0.974739
3UTT-C-A	Positive	0.00648355	0.993516
3JZ1-A-B	Positive	0.420313	0.579687
3I4N-L-B	Positive	0.410761	0.589239
3D4B-D-A	Positive	0.00669146	0.993309
3LV3-C-A	Positive	0.0203051	0.979695
3FBI-C-D	Negative	0.614662	0.385338
3I8E-C-A	Positive	0.00884414	0.991156
3RDV-E-A	Positive	0.00319576	0.996804
3EXB-B-A	Positive	0.00959003	0.99041
3D1E-P-A	Positive	0.00213206	0.997868
3FMA-L-A	Positive	0.000611901	0.999388
3FMA-M-B	Positive	0.00601524	0.993985
3FMA-N-B	Positive	0.00469142	0.995309
3DNJ-C-A	Positive	0.204837	0.795163
3IXT-P-L	Positive	0.284015	0.715985
3FIV-I-A	Positive	0.00280392	0.997196
3LKO-C-A	Positive	0.00506377	0.994936
3N57-C-A	Positive	0.00244528	0.997555
3SJK-B-A	Positive	0.000579834	0.99942
3TWU-B-A	Positive	0.00114727	0.998853
3TZY-D-A	Positive	0.0224255	0.977575
3QIU-E-A	Positive	0.00893676	0.991063
3DD2-L-H	Positive	0.420027	0.579973
3OIQ-B-A	Positive	0.311374	0.688626
3O41-P-L	Positive	0.32794	0.67206
3GSR-P-A	Positive	0.0924028	0.907597
3QQ4-C-A	Positive	0.00582075	0.994179
3GS2-B-A	Negative	0.622153	0.377847
3GS2-D-A	Negative	0.645272	0.354728
3QQ3-C-A	Negative	0.829926	0.170074
3OU4-C-A	Positive	0.000328541	0.999671
3H85-P-A	Positive	0.0228087	0.977191
3UKY-C-B	Positive	0.273361	0.726639
3UP3-P-A	Positive	0.0672659	0.932734
3GD1-Z-I	Positive	0.000226438	0.999774
3AAE-X-A	Positive	0.136403	0.863597
3AAE-Y-C	Positive	0.124134	0.875866
3AAE-W-G	Positive	0.285817	0.714183
3AAE-V-I	Positive	0.049836	0.950164
3QW7-B-A	Positive	0.00919455	0.990805
3MRQ-P-A	Positive	0.206204	0.793796
3G2V-C-A	Positive	0.00110328	0.998897
3G2V-D-A	Positive	0.00139695	0.998603
3O36-E-A	Positive	0.00896567	0.991034
3UL1-A-B	Positive	0.0812436	0.918756
3KL4-B-A	Positive	0.0403187	0.959681
3IQI-P-X	Positive	0.000467777	0.999532
3BQO-B-A	Positive	0.00574875	0.994251
3K23-F-C	Negative	0.583369	0.416631
3TSI-A-D	Negative	0.838652	0.161348
3TSI-B-D	Negative	0.776687	0.223313
3BGM-C-A	Positive	0.00190622	0.998094
3F7D-B-A	Positive	0.0170598	0.98294
3RJM-E-A	Positive	0.000169635	0.99983
3L9K-X-A	Negative	0.975399	0.0246005
3L3Z-B-A	Positive	0.0320941	0.967906
3PL7-C-A	Positive	0.00285727	0.997143
3HUF-E-A	Positive	0.00483936	0.995161
3JRV-C-A	Positive	0.406995	0.593005
3JRV-D-B	Positive	0.00178528	0.998215
3JRV-E-B	Positive	0.00407106	0.995929
3N5U-C-A	Positive	0.00114179	0.998858
3UA7-E-A	Positive	0.00141418	0.998586
3UA7-F-D	Positive	0.00141418	0.998586
3PWN-C-A	Positive	0.11995	0.88005
3ZIQ-B-A	Positive	0.00425994	0.99574
3ZIQ-C-A	Positive	0.00785381	0.992146
3TWW-C-A	Positive	0.46824	0.53176
3TWW-D-A	Positive	0.127576	0.872424
3WOR-C-A	Positive	0.00113308	0.998867
3LKN-C-A	Positive	0.00175029	0.99825
3QI2-C-A	Positive	0.37321	0.62679
3QI2-D-A	Negative	0.608329	0.391671
3GLU-B-A	Positive	0.000290811	0.999709
3TIW-C-A	Positive	0.0040797	0.99592
3TIW-D-A	Positive	0.00488114	0.995119
3T6J-B-A	Positive	0.0221926	0.977807
3D3T-P-A	Positive	0.00192851	0.998071
3ZG8-A-B	Positive	0.14424	0.85576
3PDO-C-A	Positive	0.00558645	0.994414
3GJ5-B-A	Positive	0.0332369	0.966763
3DL8-C-G	Negative	0.825062	0.174938
3SFJ-B-A	Positive	0.000933588	0.999066
3JCN-H-X	Negative	0.84637	0.15363
3N97-D-A	Negative	0.928727	0.0712735
3O2B-D-C	Positive	0.00145888	0.998541
3TJV-B-A	Positive	0.0438238	0.956176
3JCK-I-A	Negative	0.787109	0.212891
3MAT-I-A	Positive	0.0499868	0.950013
3ZIO-B-A	Positive	0.171726	0.828274
3ZIO-C-A	Positive	0.0118026	0.988197
3FE7-L-A	Positive	0.000171185	0.999829
3IJ0-B-A	Positive	0.00260484	0.997395
3IFP-S-E	Positive	0.00193924	0.998061
3JUA-B-A	Negative	0.943208	0.0567917
3JUA-D-C	Negative	0.924937	0.0750631
3JUA-F-E	Negative	0.923728	0.0762721
3JUA-H-G	Positive	0.044387	0.955613
3AX5-B-A	Positive	0.00922626	0.990774
3PK1-B-A	Positive	0.0069766	0.993023
3M4W-E-A	Negative	0.935499	0.0645009
3M4W-G-A	Positive	0.189488	0.810512
3M4W-H-B	Positive	0.295146	0.704854
3P9M-F-A	Positive	0.00221759	0.997782
3B1K-C-A	Negative	0.873599	0.126401
3B1K-J-A	Negative	0.781022	0.218978
3AZQ-C-A	Positive	0.0049175	0.995082
3OB2-A-B	Positive	0.0721101	0.92789
3K16-B-A	Positive	0.0147155	0.985285
3TG5-B-A	Positive	0.00896442	0.991036
3PCS-E-A	Positive	0.000566542	0.999433
3PCS-F-B	Positive	0.00275731	0.997243
3PCS-G-B	Positive	0.0031727	0.996827
3PCS-H-D	Positive	0.00119412	0.998806
3RZX-B-A	Positive	0.417662	0.582338
3F58-P-L	Positive	0.00893009	0.99107
3P4F-B-A	Negative	0.727611	0.272389
3P4F-C-A	Positive	0.0684947	0.931505
3K48-R-A	Positive	0.249039	0.750961
3K48-S-A	Positive	0.00115645	0.998844
3TVT-B-A	Positive	0.193072	0.806928
3G2U-C-A	Positive	0.000971675	0.999028
3DRK-B-A	Positive	0.000860572	0.999139
3GSV-P-A	Positive	0.0218362	0.978164
3J7Z-6-5	Positive	0.0752887	0.924711
3G03-B-A	Positive	0.00135738	0.998643
3FS1-B-A	Positive	0.122872	0.877128
3AVC-D-A	Positive	0.00046432	0.999536
3CW2-L-B	Negative	0.618607	0.381393
3CW2-N-F	Positive	0.174589	0.825411
3LW1-P-A	Positive	0.00175083	0.998249
3SRN-B-A	Positive	0.00226825	0.997732
3TWV-E-A	Positive	0.25324	0.74676
3TWV-H-A	Positive	0.0343407	0.965659
3TWV-G-C	Positive	0.00294173	0.997058
3BPQ-A-B	Positive	0.0569983	0.943002
3BPQ-C-B	Positive	0.0633478	0.936652
3TBH-B-A	Positive	0.00202543	0.997975
3D1F-P-A	Positive	0.0910788	0.908921
3P3N-B-A	Positive	0.00210047	0.9979
3QIS-B-A	Positive	0.00884598	0.991154
3QUK-C-A	Positive	0.389066	0.610934
3LKR-C-A	Positive	0.00303656	0.996963
3NTI-C-A	Positive	0.00433952	0.99566
3MHR-P-A	Positive	0.0091024	0.990898
3ZRL-Y-B	Positive	0.0557154	0.944285
3CH1-C-A	Negative	0.819107	0.180893
3CH1-I-G	Negative	0.819107	0.180893
3ZG6-F-A	Positive	0.476932	0.523068
3AVB-X-A	Positive	0.000380039	0.99962
3W5A-C-A	Negative	0.917187	0.0828131
3ICI-C-A	Positive	0.166358	0.833642
3T1N-C-A	Positive	0.00527364	0.994726
3LL8-E-A	Positive	0.0610283	0.938972
3WUT-B-A	Negative	0.823357	0.176643
3WUT-C-A	Positive	0.0039807	0.996019
3WUT-F-D	Positive	0.0039807	0.996019
3WUT-K-G	Negative	0.596738	0.403262
3FN0-P-L	Positive	0.00531435	0.994686
3NDD-B-A	Negative	0.619261	0.380739
3HS9-P-A	Positive	0.0986186	0.901381
3F02-C-A	Positive	0.161259	0.838741
3F02-D-B	Positive	0.00455195	0.995448
3FIF-Y-F	Positive	0.0122887	0.987711
3KJ2-B-A	Negative	0.501365	0.498635
3VXW-B-A	Positive	0.0011099	0.99889
3E5A-B-A	Negative	0.819353	0.180647
3HKI-A-B	Positive	0.406405	0.593595
3HKI-C-B	Positive	0.232613	0.767387
3HKI-F-E	Positive	0.359069	0.640931
3SML-P-A	Positive	0.00158727	0.998413
3O43-B-A	Negative	0.541253	0.458747
3BU5-B-A	Positive	0.0247177	0.975282
3WSR-C-A	Positive	0.00339663	0.996603
3WSR-D-A	Positive	0.180404	0.819596
3ZMV-C-A	Positive	0.00387913	0.996121
3ZMV-D-A	Positive	0.0050686	0.994931
3V3B-D-A	Negative	0.773813	0.226187
3V3B-C-B	Positive	0.00200927	0.997991
3GHE-P-L	Positive	0.0453036	0.954696
3RTX-C-A	Positive	0.0333027	0.966697
3ZMZ-C-A	Positive	0.00197542	0.998025
3AJB-B-A	Positive	0.474763	0.525237
3COJ-H-X	Positive	0.300285	0.699715
3COJ-M-B	Positive	0.00404978	0.99595
3COJ-K-C	Positive	0.0404123	0.959588
3COJ-N-F	Positive	0.00183803	0.998162
3B80-C-A	Positive	0.000147104	0.999853
3KYT-C-A	Positive	0.113805	0.886195
3RK3-E-B	Negative	0.915755	0.0842453
3ZKE-B-A	Positive	0.00281233	0.997188
3ZKE-F-C	Positive	0.00305694	0.996943
3KUI-B-A	Positive	0.0995255	0.900474
3GV4-H-A	Positive	0.000724256	0.999276
3DRH-B-A	Positive	0.0116341	0.988366
3WMG-B-A	Positive	0.00187773	0.998122
3QGL-F-A	Positive	0.00102961	0.99897
3VE6-B-A	Positive	0.00978935	0.990211
3EQY-C-A	Positive	0.0118385	0.988162
3CWW-E-A	Positive	0.0251558	0.974844
3CWW-D-B	Positive	0.0177881	0.982212
3HBV-Z-P	Positive	0.000520527	0.999479
3BRV-A-B	Negative	0.786752	0.213248
3BRV-C-B	Negative	0.886941	0.113059
3Q47-C-B	Positive	0.00253713	0.997463
3AH8-G-B	Negative	0.94989	0.0501105
3SM1-J-A	Positive	0.00333494	0.996665
3S7K-A-B	Positive	0.33652	0.66348
3S7K-C-B	Negative	0.81115	0.18885
3DXD-B-A	Negative	0.949598	0.0504016
3DXD-D-A	Negative	0.934765	0.0652354
3FWV-C-A	Positive	0.00906253	0.990937
3PUJ-C-A	Positive	0.0289708	0.971029
3TJ3-D-A	Positive	0.336184	0.663816
3KJ0-B-A	Negative	0.672676	0.327324
3C9Q-L-A	Positive	0.00806004	0.99194
3E90-A-B	Negative	0.671651	0.328349
3E90-C-B	Negative	0.713278	0.286722
3KZE-D-A	Positive	0.00148934	0.998511
3KZE-E-C	Positive	0.0102617	0.989738
3GIS-A-B	Negative	0.969659	0.0303411
3GIS-E-B	Negative	0.969659	0.0303411
3IXS-B-A	Negative	0.880921	0.119079
3IXS-D-A	Negative	0.889425	0.110575
3IXS-H-A	Negative	0.880284	0.119716
3IXS-F-C	Negative	0.816028	0.183972
3IXS-J-I	Negative	0.686759	0.313241
3C3O-B-A	Positive	0.145254	0.854746
3O3B-C-A	Positive	0.00108242	0.998918
3C2A-P-L	Positive	0.0193852	0.980615
3G5Y-E-A	Positive	0.00184351	0.998156
3FKS-I-C	Negative	0.990152	0.00984833
3FKS-R-P	Positive	0.0245993	0.975401
3FKS-1-Y	Negative	0.571283	0.428717
3TBY-C-A	Positive	0.0135833	0.986417
3P37-E-A	Positive	0.00235963	0.99764
3P37-D-B	Positive	0.00235963	0.99764
3JBV-z-e	Positive	0.380097	0.619903
3R85-E-A	Negative	0.617775	0.382225
3R85-F-B	Negative	0.877377	0.122623
3R85-G-C	Negative	0.65933	0.34067
3R85-H-D	Negative	0.872741	0.127259
3MNZ-P-A	Negative	0.94051	0.0594901
3MLW-P-L	Positive	0.256127	0.743873
3MLW-Q-M	Negative	0.760914	0.239086
3BZI-E-A	Positive	0.00162917	0.998371
3VU7-Z-C	Positive	0.0554848	0.944515
3CXD-P-L	Positive	0.0304022	0.969598
3DOW-B-A	Positive	0.0008232	0.999177
3AVR-B-A	Positive	0.00348574	0.996514
3BG4-D-B	Negative	0.821627	0.178373
3AVA-X-A	Positive	0.000372291	0.999628
3MRL-P-A	Positive	0.00293332	0.997067
3U23-B-A	Positive	0.0750549	0.924945
3QBR-B-A	Positive	0.175829	0.824171
3QBR-Y-X	Positive	0.0283635	0.971636
3KLA-C-A	Negative	0.755078	0.244922
3HQL-C-A	Positive	0.000476003	0.999524
3HQL-D-A	Positive	0.000771165	0.999229
3SNC-H-A	Positive	0.00194728	0.998053
3CBM-B-A	Positive	0.000401676	0.999598
3TJU-B-A	Positive	0.00415099	0.995849
3H9H-C-A	Positive	0.00302839	0.996972
3B23-C-B	Positive	0.00446594	0.995534
3H1Z-P-A	Positive	0.0311686	0.968831
3QNZ-C-A	Positive	0.00662696	0.993373
3QV1-G-A	Positive	0.0591781	0.940822
3QV1-I-A	Positive	0.0409361	0.959064
3QV1-H-B	Positive	0.080926	0.919074
3S7D-I-A	Positive	0.000960827	0.999039
3ZGA-A-B	Positive	0.159192	0.840808
3GXV-C-A	Positive	0.0625889	0.937411
3GXV-D-A	Positive	0.163457	0.836543
3WMJ-B-A	Positive	0.0847441	0.915256
3PD0-B-A	Positive	0.00390345	0.996097
3MGO-C-A	Negative	0.586833	0.413167
3IQG-P-X	Positive	0.00044328	0.999557
3I5R-B-A	Positive	0.0367425	0.963257
3MLT-P-L	Positive	0.0920383	0.907962
3MGT-C-A	Negative	0.796257	0.203743
3UM3-B-A	Positive	0.021681	0.978319
3BRF-D-A	Positive	0.0760465	0.923953
3PHD-E-A	Positive	0.00101191	0.998988
3PHD-F-B	Positive	0.000825584	0.999174
3PHD-G-C	Negative	0.844415	0.155585
3PHD-H-D	Negative	0.946418	0.053582
3WBN-B-A	Positive	0.0118856	0.988114
3FQT-C-A	Positive	0.0102519	0.989748
3TJ5-B-A	Negative	0.540406	0.459594
3UKX-C-B	Positive	0.0477775	0.952223
3M61-P-U	Positive	0.000251949	0.999748
3CV0-B-A	Positive	0.000384569	0.999615
3VJ6-P-A	Positive	0.00115466	0.998845
3MOD-P-L	Positive	0.0244697	0.97553
3G2S-C-A	Positive	0.0124993	0.987501
3GGZ-E-A	Positive	0.116642	0.883358
3GGZ-G-C	Positive	0.0834391	0.916561
3GGZ-H-D	Positive	0.0789145	0.921086
3IVB-M-A	Positive	0.00446784	0.995532
3OE0-I-A	Positive	0.00840724	0.991593
3KIK-E-A	Positive	0.249056	0.750944
3KIK-H-A	Positive	0.0789142	0.921086
3KIK-G-B	Positive	0.135947	0.864053
3NIL-X-B	Positive	0.00162882	0.998371
3H1C-D-A	Positive	0.129758	0.870242
3IZO-F-A	Negative	0.700241	0.299759
3TPU-J-A	Positive	0.00336784	0.996632
3EE0-A-B	Positive	0.420313	0.579687
3D42-B-A	Positive	0.000709414	0.999291
3CAA-B-A	Negative	0.917791	0.0822085
3IUX-B-A	Positive	0.00350612	0.996494
3HTU-B-A	Negative	0.666491	0.333509
3HTU-D-A	Negative	0.577896	0.422104
3HTU-F-E	Positive	0.328906	0.671094
3HQH-M-A	Positive	0.0036853	0.996315
3DRO-P-A	Positive	0.00145155	0.998548
3CYY-C-A	Positive	0.150517	0.849483
3KZI-F-A	Negative	0.825411	0.174589
3KZI-I-A	Negative	0.790303	0.209697
3KZI-J-A	Positive	0.494034	0.505966
3KZI-M-A	Negative	0.98654	0.0134597
3KZI-T-A	Positive	0.428291	0.571709
3EGX-D-B	Positive	0.000618815	0.999381
3BUA-E-A	Positive	0.00299078	0.997009
3BUA-H-A	Positive	0.000391901	0.999608
3BUA-F-B	Positive	0.115624	0.884376
3BUA-G-C	Positive	0.264051	0.735949
3VRO-B-A	Positive	0.00267577	0.997324
3ZHF-B-A	Positive	0.00050056	0.999499
3GQ1-C-A	Positive	0.0322832	0.967717
3OKI-D-C	Positive	0.00121921	0.998781
3SRJ-C-A	Positive	0.00164998	0.99835
3SRJ-D-A	Positive	0.00153899	0.998461
3SRJ-E-B	Positive	0.0014565	0.998544
3SRJ-F-B	Positive	0.00851166	0.991488
3P9G-B-A	Positive	0.00476891	0.995231
3MET-C-A	Positive	0.00177294	0.998227
3HCV-C-A	Positive	0.00172627	0.998274
3SWC-P-A	Positive	0.00397646	0.996024
3SWC-Q-B	Positive	0.000356197	0.999644
3L3X-B-A	Positive	0.000881493	0.999119
3PQR-B-A	Positive	0.00121969	0.99878
3MRI-P-A	Positive	0.00202638	0.997974
3E50-C-A	Positive	0.0015471	0.998453
3E50-D-B	Positive	0.00771987	0.99228
3GLW-Z-A	Positive	0.0135382	0.986462
3AVK-D-A	Positive	0.00100487	0.998995
3J3V-2-E	Positive	0.428756	0.571244
3J81-h-O	Positive	0.00308877	0.996911
3J81-l-k	Positive	0.000665724	0.999334
3I6L-F-D	Positive	0.193586	0.806414
3BFQ-F-G	Positive	0.00826985	0.99173
3G5V-C-A	Positive	0.00184351	0.998156
3MUK-D-A	Positive	0.00193995	0.99806
3B7T-B-A	Positive	0.00890023	0.9911
3SNA-H-A	Positive	0.00537318	0.994627
3D9K-Y-A	Positive	0.0054661	0.994534
3D9K-Z-B	Positive	0.00722963	0.99277
3JCD-x-M	Positive	0.00217652	0.997823
3WNG-C-A	Positive	0.000511289	0.999489
3OAK-D-A	Positive	0.232124	0.767876
3OAK-C-B	Negative	0.766015	0.233985
3WDZ-B-A	Positive	0.00975662	0.990243
3H8A-E-A	Negative	0.99227	0.00773016
3H8A-F-B	Negative	0.996621	0.00337874
3H44-C-A	Positive	0.000915527	0.999084
3H44-D-B	Positive	0.00141764	0.998582
3EFO-C-B	Positive	7.18832e-05	0.999928
3TBT-C-A	Positive	0.374411	0.625589
3UVY-B-A	Positive	0.000852227	0.999148
3C88-B-A	Positive	0.00246751	0.997532
3SNB-H-A	Positive	0.00299853	0.997001
3NKX-P-A	Positive	0.00385296	0.996147
3O3E-C-A	Positive	0.0217273	0.978273
3CFV-E-B	Positive	0.0155171	0.984483
3CFV-F-B	Positive	0.00389886	0.996101
3QRX-B-A	Positive	0.00051558	0.999484
3ZRK-X-A	Positive	0.0228369	0.977163
3FBN-C-D	Negative	0.752902	0.247098
3DDB-B-A	Positive	0.000726521	0.999273
3UIJ-Q-B	Positive	0.281477	0.718523
3P2Z-B-A	Positive	0.00100464	0.998995
3LOB-D-A	Positive	0.000374079	0.999626
3LOB-E-B	Positive	0.000935137	0.999065
3LOB-F-C	Positive	0.0136498	0.98635
3ZQF-C-A	Positive	0.0198689	0.980131
3I7L-B-A	Positive	0.0225644	0.977436
3GM1-E-A	Positive	0.00545526	0.994545
3OU1-P-A	Positive	0.0029279	0.997072
3DEP-B-A	Positive	0.00688875	0.993111
3GZE-X-A	Positive	0.00119138	0.998809
3GZE-Y-C	Positive	0.00459266	0.995407
3HSV-M-A	Positive	0.0257915	0.974208
3ZZZ-C-A	Positive	0.000440657	0.999559
3ZZZ-D-A	Positive	0.000440657	0.999559
3JCS-l-V	Negative	0.504487	0.495513
3DS9-B-A	Positive	0.00200075	0.997999
3R9I-E-A	Positive	0.0185886	0.981411
3R9I-G-C	Positive	0.0445462	0.955454
3TZ1-B-A	Positive	0.00776309	0.992237
3ATW-C-A	Positive	0.00336218	0.996638
3L6F-C-A	Positive	0.00395435	0.996046
3MUD-C-A	Negative	0.628501	0.371499
3MUD-D-A	Negative	0.837867	0.162133
3HK3-A-B	Positive	0.441289	0.558711
3J47-O-V	Positive	0.0804649	0.919535
3J47-P-V	Negative	0.639213	0.360787
3J47-Q-V	Positive	0.0763307	0.923669
3J47-R-V	Positive	0.171222	0.828778
3J47-S-V	Negative	0.918411	0.0815891
3J47-T-V	Positive	0.10759	0.89241
3ZWL-E-B	Negative	0.943068	0.0569318
3WWS-D-A	Negative	0.64597	0.35403
3VCL-C-A	Negative	0.74248	0.25752
3T70-F-A	Positive	0.0733415	0.926658
3UEO-F-A	Positive	0.00349015	0.99651
3UEO-E-B	Positive	0.00855231	0.991448
3TU7-L-H	Positive	0.136085	0.863915
3ZDF-D-A	Negative	0.593272	0.406728
3ZDF-C-B	Negative	0.810803	0.189197
3K15-B-A	Positive	0.0147155	0.985285
3K05-C-A	Positive	0.00975525	0.990245
3VH7-B-A	Positive	0.473375	0.526625
3VH7-D-A	Positive	0.31024	0.68976
3OTP-G-A	Positive	0.0018335	0.998167
3OQY-a-B	Positive	0.0136297	0.98637
3T7G-D-A	Positive	0.0270461	0.972954
3T7G-C-A	Positive	0.00844771	0.991552
3UM0-B-A	Positive	0.360073	0.639927
3BXK-B-A	Positive	0.067494	0.932506
3BXK-D-C	Positive	0.117459	0.882541
3ZNI-F-E	Positive	0.0021742	0.997826
3HIK-B-A	Positive	0.00315458	0.996845
3B8E-B-A	Negative	0.684275	0.315725
3B8E-G-A	Negative	0.939717	0.0602826
3B8E-D-C	Negative	0.684275	0.315725
3FXE-A-B	Negative	0.970761	0.0292395
3HRY-C-A	Negative	0.710549	0.289452
3V1D-A-G	Negative	0.650204	0.349796
3V1D-B-G	Negative	0.650204	0.349796
3V1D-D-G	Negative	0.650204	0.349796
3BQD-B-A	Positive	0.153822	0.846178
3MMY-H-G	Negative	0.655239	0.344761
3ABE-Z-C	Positive	0.00182188	0.998178
3FM7-C-A	Negative	0.934469	0.0655311
3GDS-B-A	Positive	0.302243	0.697757
3RVD-I-A	Positive	0.0764958	0.923504
3RVD-L-Q	Positive	0.0274687	0.972531
3KTP-B-A	Positive	0.329923	0.670077
3VB7-E-A	Positive	0.274882	0.725118
3R93-E-A	Positive	0.00455475	0.995445
3GJ3-B-A	Positive	0.00545418	0.994546
3ZBI-C-A	Positive	0.182095	0.817905
3MBE-P-A	Positive	0.0253404	0.97466
3N95-E-C	Positive	0.00520533	0.994795
3V4Y-B-A	Positive	0.374066	0.625934
3V4Y-F-A	Negative	0.730034	0.269966
3V4Y-D-C	Negative	0.689423	0.310577
3V4Y-H-E	Positive	0.240002	0.759998
3A9J-C-A	Positive	0.0175356	0.982464
3IOZ-B-A	Positive	0.00401264	0.995987
3IM4-C-A	Negative	0.873402	0.126598
3QHW-L-B	Positive	0.00429553	0.995704
3FEA-L-A	Positive	0.000162721	0.999837
3ZYB-I-A	Positive	0.00280297	0.997197
3FVH-B-A	Positive	0.00120652	0.998793
3CXW-B-A	Positive	0.00363171	0.996368
3TIE-C-A	Positive	0.000660002	0.99934
3D9N-Y-A	Positive	0.00122708	0.998773
3LNZ-B-A	Positive	0.0624143	0.937586
3MRB-P-A	Positive	0.101254	0.898746
3PMK-O-A	Positive	0.185037	0.814963
3PMK-R-A	Positive	0.166596	0.833404
3PMK-Q-B	Positive	0.147822	0.852178
3PMK-N-C	Positive	0.122984	0.877016
3LAE-X-A	Positive	0.00376886	0.996231
3E6H-P-A	Positive	0.00511557	0.994884
3OMG-C-A	Positive	0.00181288	0.998187
3OMG-D-B	Positive	0.00191832	0.998082
3NA0-C-A	Positive	0.0370256	0.962974
3V5K-C-A	Negative	0.929945	0.0700546
3N9Q-C-A	Positive	0.00371397	0.996286
3VRP-B-A	Positive	0.0070914	0.992909
3N23-G-A	Negative	0.783164	0.216836
3D3X-C-A	Positive	0.00743437	0.992566
3D3X-D-B	Positive	0.00126761	0.998732
3EFD-K-L	Negative	0.689055	0.310945
3ZG9-A-B	Positive	0.159192	0.840808
3ONW-C-A	Negative	0.819302	0.180698
3ONW-D-A	Positive	0.350479	0.649521
3BEV-C-A	Positive	0.00145108	0.998549
3UO1-P-H	Negative	0.969324	0.0306759
3E0M-E-A	Positive	0.000579596	0.99942
3E0M-F-B	Positive	0.00115287	0.998847
3J7A-T-D	Negative	0.976041	0.0239591
3J7A-6-E	Negative	0.868906	0.131094
3J7A-2-I	Negative	0.815636	0.184364
3EHT-B-A	Positive	0.00128269	0.998717
3CVQ-B-A	Positive	0.00172174	0.998278
3DUF-I-B	Positive	0.121157	0.878843
3DUF-J-F	Positive	0.0355276	0.964472
3C9N-C-A	Positive	0.00860423	0.991396
3TZX-D-A	Positive	0.0130563	0.986944
3TZX-C-B	Positive	0.0352029	0.964797
3RF3-C-A	Positive	0.452165	0.547835
3RF3-D-A	Negative	0.538866	0.461134
3N96-G-A	Negative	0.545449	0.454551
3N96-H-B	Negative	0.670743	0.329257
3N96-E-C	Negative	0.88157	0.11843
3MLQ-E-A	Negative	0.741472	0.258528
3MLQ-F-A	Negative	0.927045	0.0729549
3MLQ-H-A	Negative	0.900246	0.0997536
3MLQ-G-C	Negative	0.983636	0.0163635
3TBS-C-A	Positive	0.243571	0.756429
3N7Y-D-A	Positive	8.16584e-05	0.999918
3T7K-C-A	Positive	0.00175285	0.998247
3TKZ-P-A	Positive	0.0177127	0.982287
3TKZ-Q-A	Positive	0.0141301	0.98587
3AM7-B-A	Negative	0.922331	0.077669
3AV9-X-A	Positive	0.000317454	0.999683
3KJ1-B-A	Negative	0.978142	0.0218576
3OX7-P-U	Positive	0.000876606	0.999123
3PLV-C-A	Positive	0.0618223	0.938178
3M5M-C-B	Positive	0.00114334	0.998857
3M5O-C-A	Positive	0.00169075	0.998309
3P4M-F-A	Positive	0.000711322	0.999289
3DDA-B-A	Positive	0.000650346	0.99935
3AX2-B-A	Positive	0.00650287	0.993497
3AX2-F-A	Positive	0.00650287	0.993497
3ZDM-B-A	Negative	0.858897	0.141103
3CBO-B-A	Positive	0.00100011	0.999
3MK8-B-A	Positive	0.000420272	0.99958
3TPM-B-A	Positive	0.00182617	0.998174
3MXY-L-A	Positive	0.000875294	0.999125
3PWL-C-A	Positive	0.0551628	0.944837
3C8B-B-A	Positive	0.00527412	0.994726
3C5J-C-A	Positive	0.00465471	0.995345
3LKS-C-A	Positive	0.00485814	0.995142
3LCA-Q-A	Positive	0.00494689	0.995053
3J79-e-Y	Positive	0.203089	0.796911
3IXZ-B-A	Negative	0.921942	0.0780576
3RWF-C-A	Positive	0.292771	0.707229
3QLP-L-H	Negative	0.774446	0.225554
3HXI-C-A	Positive	0.0341274	0.965873
3LRH-B-A	Negative	0.944257	0.055743
3NZI-B-A	Positive	0.00215662	0.997843
3QZT-B-A	Positive	0.0205918	0.979408
3Q49-C-B	Positive	0.00410122	0.995899
3MPJ-Y-B	Positive	0.000794947	0.999205
3L3K-C-A	Positive	0.0147015	0.985299
3ZZY-C-A	Positive	0.00538677	0.994613
3EDX-A-B	Negative	0.589161	0.410839
3H0G-L-B	Positive	0.100574	0.899426
3RC5-B-A	Positive	0.00407308	0.995927
3NK4-C-A	Positive	0.081194	0.918806
3NK4-D-A	Positive	0.000493884	0.999506
3FQN-C-A	Positive	0.00198293	0.998017
3DSF-P-L	Positive	0.0011456	0.998854
3REW-C-A	Positive	0.00214106	0.997859
3OUD-P-A	Positive	0.00165129	0.998349
3S90-C-A	Positive	0.237867	0.762133
3S90-D-B	Positive	0.182469	0.817531
3JZS-P-A	Positive	0.0866346	0.913365
3SO6-Q-A	Positive	0.494396	0.505604
3UQP-B-A	Positive	0.0285062	0.971494
3H01-B-A	Negative	0.923215	0.0767853
3ZHA-E-A	Positive	0.00963199	0.990368
3ZHA-F-A	Positive	0.00741053	0.992589
3ZHA-G-A	Positive	0.00764722	0.992353
3M50-P-A	Negative	0.501738	0.498262
3QW6-B-A	Positive	0.00200158	0.997998
3LIY-I-A	Positive	0.00104225	0.998958
3LIY-J-C	Positive	0.000876606	0.999123
3PLX-A-B	Positive	0.000526369	0.999474
3DCG-F-A	Positive	0.219338	0.780662
3DCG-E-D	Positive	0.364716	0.635284
3PP4-P-H	Positive	0.0330688	0.966931
3KTR-B-A	Positive	0.118294	0.881706
3C03-B-A	Positive	0.461393	0.538607
3KJL-E-A	Positive	0.138593	0.861407
3KJL-F-A	Positive	0.0262438	0.973756
3KJL-G-C	Positive	0.0823661	0.917634
3M9D-G-A	Positive	0.0335791	0.966421
3TRS-A-B	Negative	0.664808	0.335192
3TRS-C-D	Negative	0.707569	0.292431
3IQJ-P-A	Positive	0.0123218	0.987678
3KUS-C-A	Positive	0.00452667	0.995473
3AP2-T-A	Positive	0.0607018	0.939298
3MRC-P-A	Positive	0.18178	0.81822
3O6L-C-L	Positive	0.0165047	0.983495
3EWT-E-A	Positive	0.0426523	0.957348
3JQO-C-A	Positive	0.435004	0.564996
3JQO-F-A	Positive	0.0123228	0.987677
3JQO-O-J	Positive	0.41132	0.58868
3JQO-R-M	Positive	0.0101494	0.989851
3JQO-U-M	Positive	0.400027	0.599973
3JQO-p-k	Positive	0.481549	0.518451
3Q4J-H-B	Positive	0.00945532	0.990545
3RO3-B-A	Negative	0.533296	0.466704
3WS6-E-A	Positive	0.000426233	0.999574
3N5E-D-A	Positive	0.0215882	0.978412
3V9T-C-A	Positive	0.00590062	0.994099
3EHU-C-A	Positive	0.434654	0.565346
3E4Z-C-A	Positive	0.0180165	0.981984
3E4Z-D-B	Positive	0.0180165	0.981984
3MRN-P-A	Positive	0.00549287	0.994507
3IK5-D-C	Positive	0.00470358	0.995296
3SW9-P-A	Positive	0.000373483	0.999627
3SW9-Q-B	Positive	0.00116152	0.998838
3P3P-B-A	Positive	0.0112615	0.988739
3BZZ-A-B	Positive	0.224155	0.775845
3A9K-C-A	Positive	0.0595059	0.940494
3O3D-C-A	Positive	0.00108242	0.998918
3QDZ-E-B	Positive	0.00241983	0.99758
3QDZ-F-D	Positive	0.00500166	0.994998
3PBP-C-A	Positive	0.324568	0.675432
3PBP-I-G	Negative	0.937829	0.0621715
3PBP-L-J	Negative	0.731853	0.268147
3DPY-C-A	Positive	0.0412605	0.958739
3R7B-F-C	Positive	0.000637352	0.999363
3UVL-B-A	Positive	0.0144809	0.985519
3GCW-E-A	Negative	0.917706	0.0822944
3ZIA-J-A	Negative	0.835454	0.164546
3QXD-C-A	Positive	0.00519568	0.994804
3FDM-D-A	Positive	0.00655818	0.993442
3FDM-F-C	Positive	0.00655818	0.993442
3MRJ-P-A	Positive	0.00468683	0.995313
3OLR-E-A	Positive	0.0281997	0.9718
3OLR-F-B	Positive	0.00109792	0.998902
3GZ1-Q-A	Positive	0.00387037	0.99613
3GZ1-P-B	Positive	0.0522282	0.947772
3TDU-F-A	Positive	0.0216774	0.978323
3BUN-A-B	Positive	0.000234783	0.999765
3IYL-A-B	Negative	0.585562	0.414438
3GCM-E-B	Positive	0.0229353	0.977065
3ASW-B-A	Positive	0.0108911	0.989109
3NFK-D-A	Positive	0.00350517	0.996495
3VQM-O-A	Positive	0.000272334	0.999728
3VUM-F-A	Negative	0.587444	0.412556
3BBP-D-A	Positive	0.342778	0.657222
3BBP-E-A	Positive	0.498368	0.501632
3BBP-F-C	Positive	0.0703511	0.929649
3CC5-C-A	Positive	0.26841	0.73159
3WNH-C-A	Positive	0.00267589	0.997324
3FFD-P-A	Positive	0.1425	0.8575
3B1S-A-B	Positive	0.0189555	0.981044
3P87-G-A	Positive	0.421526	0.578474
3P87-H-B	Positive	0.386831	0.613169
3P4U-E-A	Positive	0.000357151	0.999643
3C9A-C-A	Negative	0.915027	0.0849732
3OU3-C-A	Positive	0.000234425	0.999766
3KMZ-C-B	Positive	0.00897539	0.991025
3SP6-B-A	Positive	0.00092423	0.999076
3S13-B-A	Negative	0.600429	0.399571
3UVU-B-A	Positive	0.0316237	0.968376
3A1Q-C-A	Negative	0.770843	0.229157
3JCA-C-A	Negative	0.948668	0.0513318
3J6B-0-F	Negative	0.753246	0.246754
3J6B-Y-P	Negative	0.992648	0.00735231
3D18-C-A	Positive	0.006495	0.993505
3T64-F-A	Positive	0.0411587	0.958841
3JXT-C-A	Positive	0.00459588	0.995404
3MAZ-B-A	Negative	0.586534	0.413466
3DRF-B-A	Positive	0.000507593	0.999492
3JTT-C-A	Positive	0.00800997	0.99199
3WL9-C-A	Positive	0.0324077	0.967592
3BXM-I-A	Positive	0.00379324	0.996207
3RWG-C-A	Positive	0.0056051	0.994395
3HGZ-D-A	Positive	0.000714123	0.999286
3HGZ-E-B	Positive	0.0701839	0.929816
3L81-B-A	Positive	0.00225002	0.99775
3N9P-C-A	Positive	0.166865	0.833135
3EAB-G-A	Positive	0.14786	0.85214
3EAB-H-A	Negative	0.648949	0.351051
3EAB-L-A	Positive	0.164077	0.835923
3EAB-I-C	Positive	0.30531	0.69469
3EAB-J-D	Positive	0.0853874	0.914613
3EAB-K-E	Positive	0.350189	0.649811
3QXA-C-A	Positive	0.000949442	0.999051
3QXA-F-D	Positive	0.076283	0.923717
3FT2-P-A	Positive	0.000857592	0.999142
3MRD-P-A	Positive	0.0631152	0.936885
3HS8-P-A	Positive	0.0164017	0.983598
3JAJ-2-C	Positive	0.00232631	0.997674
3NFL-E-A	Positive	0.000226438	0.999774
3OB1-A-B	Positive	0.0185087	0.981491
3TBV-I-A	Positive	0.317912	0.682088
3HDS-E-A	Positive	0.00174087	0.998259
3HU6-C-A	Positive	0.000365138	0.999635
3UQR-D-A	Positive	0.00978202	0.990218
3SV1-D-A	Negative	0.988729	0.0112711
3SV1-E-B	Negative	0.928036	0.0719644
3SV1-F-C	Positive	0.0436702	0.95633
3BUY-C-A	Positive	0.0110107	0.988989
3RYA-B-A	Positive	0.00478399	0.995216
3RWD-C-A	Positive	0.015922	0.984078
3WNE-C-A	Positive	0.000380635	0.999619
3U9D-B-A	Positive	0.369111	0.630889
3EYU-Q-L	Positive	0.00145215	0.998548
3BUW-A-B	Positive	0.00080961	0.99919
3H11-C-B	Positive	0.000625074	0.999375
3MIW-B-C	Positive	0.0886073	0.911393
3MIW-E-C	Positive	0.0886073	0.911393
3MIW-G-C	Positive	0.021972	0.978028
3MIW-I-C	Positive	0.0483103	0.95169
3MIW-A-C	Positive	0.0483103	0.95169
3MQP-B-A	Positive	0.17837	0.82163
3ZFW-X-A	Positive	0.00260079	0.997399
3ZFW-Y-B	Positive	0.00381583	0.996184
3D9L-Y-A	Positive	0.00600582	0.993994
3D9L-Z-B	Positive	0.00143689	0.998563
3BEJ-F-B	Positive	0.0296329	0.970367
3MLU-P-L	Positive	0.431696	0.568304
3HQU-S-A	Positive	0.0024085	0.997591
3RWC-C-A	Positive	0.0115498	0.98845
3V79-R-C	Negative	0.981214	0.0187855
3P9Y-E-A	Positive	0.00749439	0.992506
3BHP-B-A	Negative	0.904224	0.0957764
3UVK-B-A	Positive	0.0124548	0.987545
3EYS-Q-L	Positive	0.00413477	0.995865
3O3A-C-A	Positive	0.0217273	0.978273
3I74-C-A	Positive	0.00132668	0.998673
3QBY-H-A	Positive	0.00660336	0.993397
3FDL-B-A	Positive	0.128991	0.871009
3WMM-J-L	Negative	0.801244	0.198756
3ZMQ-C-A	Positive	0.00592989	0.99407
3BEI-A-B	Negative	0.937539	0.0624607
3DVK-B-A	Positive	0.0547728	0.945227
3LU9-C-B	Positive	0.428327	0.571673
3JAP-r-q	Negative	0.977336	0.0226641
3UIG-P-A	Positive	0.00743496	0.992565
3W8J-C-A	Positive	0.00172329	0.998277
3N00-B-A	Negative	0.545253	0.454747
3FY2-B-A	Positive	0.00294	0.99706
3BZL-A-C	Negative	0.553455	0.446544
3BZL-B-D	Positive	0.0799991	0.920001
3P8M-D-A	Positive	0.352941	0.647059
3P8M-C-A	Negative	0.550173	0.449827
3AWR-C-A	Positive	0.00120342	0.998797
3ET1-Q-A	Positive	0.0299944	0.970006
3O7L-I-B	Positive	0.00159341	0.998407
3MN5-S-A	Positive	0.0759578	0.924042
3IET-X-A	Positive	0.0121103	0.98789
3IET-Q-A	Positive	0.00501782	0.994982
3FQU-C-A	Positive	0.00124586	0.998754
3JZO-P-A	Positive	0.00308818	0.996912
3HAT-T-H	Positive	0.0246647	0.975335
3IO9-B-A	Negative	0.583413	0.416587
3DBO-A-B	Positive	0.00773937	0.992261
3VVS-B-A	Positive	0.0569393	0.943061
3HYM-A-B	Positive	0.0508462	0.949154
3HYM-C-D	Positive	0.318081	0.681919
3HYM-G-H	Positive	0.145967	0.854033
3RYB-B-A	Positive	0.00526434	0.994736
3KXY-X-A	Negative	0.820274	0.179726
3KXY-W-E	Negative	0.831634	0.168366
3KXY-Y-I	Negative	0.553801	0.446199
3SJ9-B-A	Positive	0.00812984	0.99187
3MLV-P-L	Positive	0.0160854	0.983915
3QNJ-C-A	Positive	0.00945097	0.990549
3QNJ-D-A	Positive	0.0112616	0.988738
3FOL-P-A	Positive	0.00291401	0.997086
3PAB-F-A	Positive	0.000622809	0.999377
3NIH-B-A	Positive	0.0107821	0.989218
3OMC-C-A	Positive	0.00394678	0.996053
3URL-B-A	Positive	0.0180025	0.981998
3OS5-B-A	Positive	0.0013783	0.998622
3QHE-B-A	Positive	0.117415	0.882585
3QHE-D-A	Positive	0.317795	0.682205
3TFK-B-A	Positive	0.264186	0.735814
3DVP-C-A	Positive	0.00436056	0.995639
3RTE-B-A	Positive	0.00130659	0.998693
3OEE-I-C	Negative	0.953543	0.0464566
3OR0-a-A	Positive	0.129316	0.870684
3OQS-B-A	Positive	0.00459301	0.995407
3O2Q-F-E	Positive	0.0034073	0.996593
3OUC-P-A	Positive	0.000509024	0.999491
3TM7-A-B	Positive	0.0796785	0.920321
3I91-C-A	Positive	0.00353605	0.996464
3APR-I-E	Positive	0.0237055	0.976294
3L3J-C-A	Negative	0.934907	0.0650929
3A3Y-G-A	Negative	0.914072	0.0859283
3GIV-C-A	Negative	0.915439	0.0845605
3SPV-C-A	Positive	0.00582373	0.994176
3JCT-l-X	Negative	0.726463	0.273537
3QUL-C-A	Negative	0.585294	0.414706
3ULR-C-A	Positive	0.0983134	0.901687
3C8A-B-A	Positive	0.00421751	0.995782
3SF4-D-A	Positive	0.487629	0.512371
3SF4-E-A	Negative	0.625459	0.374541
3SF4-F-A	Positive	0.30557	0.69443
3B95-P-B	Positive	0.00173032	0.99827
3N7N-E-A	Negative	0.885927	0.114073
3N7N-F-B	Negative	0.912723	0.0872772
3MYJ-C-A	Positive	0.0265691	0.973431
3M55-B-A	Positive	0.00061667	0.999383
3LKP-C-A	Positive	0.00259334	0.997407
3ZIN-B-A	Positive	0.498255	0.501745
3ZIN-C-A	Positive	0.00528473	0.994715
3D9M-Y-A	Positive	0.0043695	0.995631
3D9M-Z-B	Positive	0.00429577	0.995704
3ADE-B-A	Positive	0.00025934	0.999741
3SL9-C-A	Negative	0.976129	0.0238711
3SL9-F-E	Negative	0.988898	0.0111025
3SL9-H-G	Negative	0.607436	0.392564
3R5J-E-A	Positive	0.000659764	0.99934
3GLI-O-B	Negative	0.533969	0.466031
3DRG-B-A	Negative	0.664522	0.335478
3BEW-C-A	Positive	0.011062	0.988938
3N9Z-C-A	Positive	0.152918	0.847082
3RBQ-G-A	Positive	0.00229073	0.997709
3RBQ-H-B	Positive	0.00664228	0.993358
3RBQ-I-C	Positive	0.00474656	0.995253
3RBQ-K-E	Positive	0.0133587	0.986641
3QG6-D-A	Positive	0.00138724	0.998613
3QG6-C-H	Positive	0.00434881	0.995651
3WA0-G-A	Positive	0.0230047	0.976995
3WA0-H-A	Positive	0.00233412	0.997666
3PCQ-X-B	Positive	0.211463	0.788537
3ZRJ-X-A	Positive	0.337572	0.662428
3ZRJ-Y-B	Positive	0.0650708	0.934929
3QO0-C-A	Positive	0.00188673	0.998113
3P4N-F-A	Positive	0.000475168	0.999525
3GWO-B-A	Negative	0.963815	0.0361855
3M93-C-A	Positive	0.0598759	0.940124
3QW8-B-A	Positive	0.000140071	0.99986
3GZ2-P-B	Positive	0.00109756	0.998902
3ISW-C-A	Negative	0.94952	0.0504802
3G2W-C-A	Positive	0.00116974	0.99883
3G2W-D-B	Positive	0.00115001	0.99885
3ZED-D-A	Positive	0.021712	0.978288
3ZED-E-B	Positive	0.000861406	0.999139
3Q95-D-B	Positive	0.0187179	0.981282
3K2U-B-A	Positive	0.00245637	0.997544
3I7K-B-A	Positive	0.156724	0.843276
3NF3-C-A	Positive	0.00370604	0.996294
3IUR-B-A	Positive	0.00420946	0.995791
3IUR-C-A	Positive	0.0134856	0.986514
3ZMT-C-A	Positive	0.00249749	0.997503
3MRH-P-A	Positive	0.00255299	0.997447
3P34-B-A	Positive	0.00031054	0.999689
3BU6-B-A	Positive	0.00270528	0.997295
3TKN-B-A	Negative	0.605657	0.394343
3CU8-Q-B	Positive	0.00180227	0.998198
3F7O-X-A	Positive	0.0519133	0.948087
3AVJ-D-A	Positive	0.000331402	0.999669
3AA1-C-A	Positive	0.0162253	0.983775
3H52-N-A	Positive	0.0262794	0.973721
3H52-M-B	Positive	0.00234354	0.997656
3W3Y-B-A	Positive	0.000603914	0.999396
3IO8-B-A	Positive	0.115209	0.884791
3IO8-D-C	Negative	0.74992	0.25008
3GLR-B-A	Positive	0.00386125	0.996139
3J5Q-A-D	Negative	0.569123	0.430877
3MRF-P-A	Positive	0.0601965	0.939803
3TBW-I-A	Positive	0.389053	0.610947
3RQ7-B-A	Positive	0.00107211	0.998928
3VVR-B-A	Positive	0.00497878	0.995021
3UZD-B-A	Positive	0.000394404	0.999606
3VFW-C-A	Positive	0.00651979	0.99348
3FQX-C-A	Positive	0.000828266	0.999172
3NK3-C-A	Positive	0.00112349	0.998877
3KYS-B-A	Negative	0.873609	0.126391
3KYS-D-C	Negative	0.852285	0.147715
3B71-D-A	Positive	0.130288	0.869712
3B71-F-C	Positive	0.060646	0.939354
3WV0-X-A	Positive	0.0267687	0.973231
3WV0-Y-B	Positive	0.00706524	0.992935
3M4C-E-B	Positive	0.0162699	0.98373
3ZPV-0-1	Negative	0.730882	0.269118
3ZPV-P-1	Positive	0.108514	0.891486
3ROL-E-A	Positive	0.000207484	0.999793
3TWR-E-A	Positive	0.0071156	0.992884
3TWR-H-A	Negative	0.645003	0.354997
3TWR-G-C	Positive	0.124179	0.875821
3R42-B-A	Positive	0.00663275	0.993367
3S7F-I-A	Positive	0.000425041	0.999575
3KUT-C-A	Negative	0.702817	0.297183
3KUT-D-A	Negative	0.611321	0.388679
3BRH-C-A	Positive	0.001867	0.998133
3BRH-D-B	Positive	0.00974071	0.990259
3VUX-G-A	Negative	0.996465	0.00353514
3VUX-E-B	Negative	0.994706	0.00529396
3D0L-C-A	Positive	0.0129833	0.987017
3U85-B-A	Positive	0.0273834	0.972617
3BHB-C-A	Positive	0.032524	0.967476
3ZWH-Q-A	Negative	0.598158	0.401842
3MRM-P-A	Positive	0.0125664	0.987434
3VI4-I-A	Positive	0.00154567	0.998454
3VI4-G-C	Positive	0.00120032	0.9988
3DKT-K-A	Positive	0.00238955	0.99761
3JC2-w-1	Positive	0.0266459	0.973354
3ZMU-C-A	Positive	0.00188851	0.998111
3TWX-C-A	Positive	0.463248	0.536752
3UKZ-C-B	Positive	0.119626	0.880374
3KRD-a-C	Positive	0.000611424	0.999389
3A0B-F-A	Positive	0.275988	0.724012
3A0B-I-A	Negative	0.790303	0.209697
3A0B-J-A	Positive	0.494034	0.505966
3A0B-M-A	Negative	0.956023	0.0439775
3WP1-A-B	Positive	0.300246	0.699754
3CVN-B-A	Positive	0.00436717	0.995633
3OGI-A-B	Positive	0.170782	0.829218
3L0L-C-A	Positive	0.268119	0.731881
3AA0-C-A	Positive	0.0513574	0.948643
3NGY-E-D	Positive	0.000720441	0.99928
3QDR-B-A	Negative	0.922819	0.0771815
3OBQ-B-A	Positive	0.0314459	0.968554
3KYN-P-A	Positive	0.276348	0.723652
3W3X-B-A	Positive	0.00163871	0.998361
3FGA-D-B	Negative	0.843603	0.156397
3MRK-P-A	Positive	0.0926508	0.907349
3CQZ-L-B	Negative	0.629702	0.370298
3SUI-B-A	Positive	0.0253246	0.974675
3E1K-B-A	Positive	0.0609369	0.939063
3WY9-C-A	Negative	0.821532	0.178468
3N84-G-A	Positive	0.00178576	0.998214
3N84-K-E	Positive	0.00178576	0.998214
3V5D-C-A	Positive	0.405244	0.594756
3LW5-J-A	Negative	0.947428	0.0525723
3Q4A-C-B	Positive	0.00146079	0.998539
3H3G-B-A	Positive	0.110742	0.889258
3POA-B-A	Positive	0.000385523	0.999614
3BZV-A-B	Positive	0.100928	0.899072
3MXC-L-A	Positive	0.00385523	0.996145
3JBU-z-e	Positive	0.392882	0.607118
3GI0-C-A	Positive	0.000266135	0.999734
3CFS-E-B	Positive	0.0643081	0.935692
3TO2-C-A	Positive	0.211428	0.788572
3ZIR-B-A	Negative	0.72418	0.27582
3ZIR-C-A	Positive	0.00280923	0.997191
3GSW-P-A	Positive	0.124132	0.875868
3GJ4-B-A	Positive	0.0446616	0.955338
3GJ4-D-C	Positive	0.112589	0.887411
3F9Z-G-A	Positive	0.00189006	0.99811
3MR9-P-A	Positive	0.0666307	0.933369
3CY3-B-A	Positive	0.0079304	0.99207
3LK2-T-A	Positive	0.138017	0.861983
3RZ2-C-A	Positive	0.382221	0.617779
3O40-B-A	Negative	0.716314	0.283686
3VFV-C-A	Positive	0.00489181	0.995108
3RK2-A-B	Positive	0.160497	0.839503
3PZD-B-A	Negative	0.89931	0.10069
3FOM-P-A	Positive	0.000874221	0.999126
3IFL-P-L	Positive	0.00326508	0.996735
3ROF-B-A	Positive	0.00252515	0.997475
3BUX-A-B	Positive	0.00194776	0.998052
3ZOQ-B-A	Negative	0.969626	0.030374
3MRR-P-A	Positive	0.123769	0.876231
3MIA-C-A	Negative	0.912559	0.0874414
3ZEV-C-A	Positive	0.00777942	0.992221
3ZEV-D-B	Positive	0.0275782	0.972422
3L3D-C-A	Negative	0.93394	0.0660599
3WGX-C-A	Positive	0.0070712	0.992929
3WGX-D-B	Positive	0.00222403	0.997776
3WBK-C-A	Positive	0.016283	0.983717
3U0T-E-C	Positive	0.0055964	0.994404
3NTW-B-A	Positive	0.198483	0.801517
3NTW-D-A	Positive	0.0279465	0.972054
3SGA-P-E	Positive	0.00825018	0.99175
3VEP-X-D	Negative	0.502445	0.497555
3VEP-G-D	Negative	0.554747	0.445253
3VEP-C-A	Positive	0.351103	0.648897
3VEP-J-A	Positive	0.351103	0.648897
3AUW-A-B	Positive	0.00166601	0.998334
3ZS9-C-A	Positive	0.181133	0.818867
3ZS9-D-A	Positive	0.181782	0.818218
3NCO-D-A	Positive	0.00177485	0.998225
3NCO-E-A	Positive	0.0022651	0.997735
3DPP-C-A	Positive	0.153637	0.846363
3NMD-B-A	Negative	0.611374	0.388626
3VCM-P-A	Negative	0.766469	0.233531
3VCM-Q-A	Positive	0.0586632	0.941337
3F6K-N-A	Positive	0.0126808	0.987319
3CS8-B-A	Positive	0.0195612	0.980439
3BS4-B-A	Positive	0.0135665	0.986434
3PE4-B-A	Positive	0.0053544	0.994646
3FHV-C-A	Positive	0.00764149	0.992359
3FQR-C-A	Positive	0.00189257	0.998107
3DRJ-B-A	Positive	0.00103545	0.998965
3O6M-C-L	Positive	0.0308658	0.969134
3AT0-B-A	Positive	0.00191629	0.998084
3G8F-B-A	Positive	0.000828147	0.999172
3CBP-B-A	Positive	0.00100011	0.999
3LEX-P-H	Positive	0.00130564	0.998694
3ECH-C-A	Negative	0.944938	0.0550618
3NIK-X-A	Positive	0.00103569	0.998964
3LLY-B-A	Positive	0.0820351	0.917965
3ZGC-C-A	Positive	0.00594378	0.994056
3AW0-B-A	Positive	0.00548494	0.994515
3KZ0-C-A	Negative	0.534021	0.465979
3F2O-C-A	Positive	0.0172287	0.982771
3THK-C-A	Positive	0.0835714	0.916429
3C59-B-A	Positive	0.114358	0.885642
3J2W-E-A	Positive	0.263583	0.736417
3R29-C-A	Positive	0.0167937	0.983206
3R29-D-B	Positive	0.00579154	0.994208
3HPJ-C-A	Positive	0.489519	0.510481
3HR5-R-L	Positive	0.00773865	0.992261
3HR5-S-A	Positive	0.0695084	0.930492
3HR5-T-P	Positive	0.0070402	0.99296
3HR5-V-I	Positive	0.00422984	0.99577
3RCE-B-A	Positive	0.00074631	0.999254
3LK3-T-A	Positive	0.402094	0.597906
3RL7-H-B	Positive	0.00669241	0.993308
3RL7-G-A	Positive	0.00178081	0.998219
3RL7-L-A	Positive	0.00159782	0.998402
3RL7-K-E	Positive	0.000548899	0.999451
3PVL-B-A	Negative	0.688614	0.311386
3SGE-K-L	Negative	0.940356	0.0596443
3DPQ-C-A	Positive	0.169265	0.830735
3AA6-C-A	Positive	0.327369	0.672631
3SOQ-Z-A	Positive	0.00607061	0.993929
3TWS-E-A	Positive	0.00382459	0.996175
3TWS-F-A	Positive	0.283934	0.716066
3TWS-H-A	Positive	0.153714	0.846286
3LCN-C-A	Positive	0.0124475	0.987553
3LCN-D-B	Positive	0.032874	0.967126
3N9N-C-A	Positive	0.0238811	0.976119
3AX3-B-A	Positive	0.00922626	0.990774
3IEC-E-A	Positive	0.000960529	0.999039
3SNE-H-A	Positive	0.0039717	0.996028
3TJ6-B-A	Positive	0.20494	0.79506
3HKJ-F-E	Positive	0.00248158	0.997518
3J92-1-C	Positive	0.0236416	0.976358
3J92-w-H	Positive	0.00859958	0.9914
3J92-0-R	Negative	0.802167	0.197833
3LK4-C-A	Positive	0.113794	0.886206
3FDO-B-A	Positive	0.00308818	0.996912
3PO3-L-B	Positive	0.483067	0.516933
3HQR-S-A	Positive	0.331712	0.668288
3AVF-D-A	Positive	0.000297129	0.999703
3R0H-a-A	Positive	0.00985867	0.990141
3EU7-X-A	Positive	0.00190717	0.998093
3RWJ-C-A	Positive	0.00514871	0.994851
3H8D-E-A	Negative	0.849748	0.150252
3H8D-F-A	Negative	0.915324	0.0846757
3H8D-H-A	Negative	0.915324	0.0846757
3URI-B-A	Positive	0.000571907	0.999428
3P4K-P-A	Positive	0.00317943	0.996821
3ABD-X-A	Positive	0.000474811	0.999525
3ABD-Y-B	Positive	0.000419915	0.99958
3C4M-C-A	Positive	0.0274516	0.972548
3E6F-P-A	Positive	0.018587	0.981413
3WOQ-C-A	Positive	0.0209222	0.979078
3CVP-B-A	Positive	0.00134695	0.998653
3DM1-B-A	Positive	0.000690341	0.99931
3DM1-D-A	Positive	0.00146914	0.998531
3DM1-F-A	Positive	0.000555456	0.999445
3DM1-H-C	Positive	0.00150084	0.998499
3SHW-B-A	Positive	0.00535691	0.994643
3E8U-P-H	Positive	0.0189365	0.981063
3TMH-D-A	Negative	0.658634	0.341366
3TMH-H-E	Positive	0.0483648	0.951635
3TMH-L-E	Negative	0.631298	0.368702
3TMH-F-I	Positive	0.433206	0.566794
3DA9-D-B	Positive	0.00339401	0.996606
3OA6-G-A	Positive	0.00551587	0.994484
3JR3-D-A	Positive	0.00110871	0.998891
3S04-J-A	Positive	0.422684	0.577316
3T5I-Q-D	Positive	0.00320053	0.996799
3GDU-D-A	Positive	0.00313973	0.99686
3U7U-G-A	Positive	0.416922	0.583078
3U7U-K-C	Positive	0.39294	0.60706
3L41-B-A	Positive	0.000889242	0.999111
3GGW-E-A	Positive	0.0542614	0.945739
3GGW-F-C	Positive	0.0243464	0.975654
3M1F-V-A	Positive	0.0366583	0.963342
3JTS-C-A	Positive	0.385512	0.614488
3EJH-E-A	Positive	0.00385582	0.996144
3EJH-F-A	Negative	0.563686	0.436314
3PKN-B-A	Positive	0.026665	0.973335
3X23-B-A	Negative	0.602867	0.397133
3IIY-B-A	Positive	0.000249445	0.999751
3TZD-T-A	Positive	0.000447094	0.999553
3I89-B-A	Positive	0.0104471	0.989553
3M94-C-A	Positive	0.0598759	0.940124
3RSE-Z-A	Positive	0.00287229	0.997128
3UFM-B-A	Positive	0.000813782	0.999186
3LM1-B-A	Positive	0.288974	0.711026
3OTY-P-A	Positive	0.00498706	0.995013
4QUU-B-A	Positive	0.00128782	0.998712
4ZZJ-B-A	Positive	0.0125819	0.987418
4TY6-H-A	Positive	0.00123239	0.998768
4WM0-D-A	Negative	0.993284	0.00671641
4B18-B-A	Positive	0.00924426	0.990756
4V0W-B-A	Positive	0.0687923	0.931208
4YPI-G-C	Negative	0.717192	0.282808
4UF2-B-A	Positive	0.0118222	0.988178
4PKF-C-A	Negative	0.892358	0.107642
4L0V-C-A	Negative	0.983191	0.0168089
4X0W-P-U	Positive	0.00721431	0.992786
4Q96-C-A	Positive	0.318799	0.681201
4Q96-F-A	Positive	0.318799	0.681201
4O4Y-A-L	Positive	0.000775814	0.999224
4WJN-B-A	Positive	0.000907183	0.999093
4TWJ-B-A	Positive	0.422749	0.577251
4TQE-A-L	Positive	0.00213134	0.997869
4IB5-D-A	Positive	0.00537837	0.994622
4CY2-C-A	Positive	0.0498585	0.950141
4CY2-D-A	Positive	0.0792263	0.920774
4JOH-C-A	Positive	0.00656265	0.993437
4JOH-D-A	Positive	0.000938118	0.999062
4P6W-B-A	Positive	0.00511616	0.994884
4RFO-N-G	Positive	0.0106615	0.989339
4I51-C-A	Positive	0.00125217	0.998748
4I51-D-B	Positive	0.00159484	0.998405
4WFA-Z-K	Positive	0.315042	0.684958
4BT9-C-A	Positive	0.0139089	0.986091
4Y8J-e-H	Positive	0.00326717	0.996733
4PS0-C-A	Positive	0.000670552	0.999329
4LOQ-M-A	Positive	0.0260713	0.973929
4LOQ-K-A	Positive	0.325653	0.674347
4M5T-B-A	Positive	0.0540363	0.945964
4M5T-F-A	Positive	0.0540363	0.945964
4M5T-H-G	Positive	0.00203007	0.99797
4E18-B-A	Negative	0.828549	0.171451
4MZL-C-A	Positive	0.00420606	0.995794
4BQD-C-A	Positive	0.393154	0.606846
4APJ-P-A	Positive	0.222113	0.777887
4ES0-C-A	Positive	0.00105673	0.998943
4ODP-B-A	Positive	0.00150096	0.998499
4JFQ-C-A	Negative	0.506707	0.493293
4MVB-B-C	Negative	0.972768	0.0272317
4IF6-B-A	Negative	0.812472	0.187528
4WFN-2-C	Negative	0.793188	0.206812
4WLB-D-A	Positive	0.00183898	0.998161
4QBM-C-A	Positive	0.00843513	0.991565
4N7V-C-A	Positive	0.292483	0.707517
4LCY-C-A	Positive	0.00117642	0.998824
4J48-B-A	Positive	0.000751555	0.999248
4OS6-B-A	Positive	0.000684738	0.999315
4J8B-B-A	Positive	0.000338912	0.999661
4HUV-C-A	Positive	0.00181621	0.998184
4CHB-C-A	Positive	0.00954515	0.990455
4C2G-C-A	Positive	0.0196264	0.980374
4CE4-6-8	Negative	0.931964	0.0680364
4CE4-7-F	Positive	0.172307	0.827693
4V1V-C-A	Positive	0.0026077	0.997392
4V1V-D-A	Positive	0.00127691	0.998723
4KTS-B-A	Positive	0.00201738	0.997983
4J2X-B-A	Negative	0.640911	0.359089
4HLH-C-A	Negative	0.983191	0.0168089
4HLH-D-A	Negative	0.983191	0.0168089
4JFZ-P-L	Positive	0.00164336	0.998357
4H2T-C-A	Positive	0.000302076	0.999698
4LOR-D-A	Positive	0.0501567	0.949843
4W50-E-A	Positive	0.00522596	0.994774
4ISR-D-A	Negative	0.924378	0.0756216
4ISR-E-A	Negative	0.924378	0.0756216
4TT2-P-A	Positive	0.000822008	0.999178
4R1E-B-A	Positive	0.00196534	0.998035
4GLY-B-A	Positive	0.000886023	0.999114
4GUX-D-A	Negative	0.868691	0.131309
4GPK-M-A	Positive	0.00325948	0.996741
4V19-7-2	Negative	0.653089	0.346911
4YZH-B-A	Positive	0.0153058	0.984694
4ZHB-B-A	Positive	0.000242293	0.999758
4YA5-c-H	Positive	0.018434	0.981566
4Q6H-B-A	Positive	0.000782967	0.999217
4ETO-P-A	Positive	0.0134848	0.986515
4C5G-B-A	Positive	0.00450206	0.995498
4YGW-b-B	Positive	0.0549275	0.945072
4N5T-B-A	Positive	0.00152129	0.998479
4JTD-Y-H	Positive	0.0408598	0.95914
4N0C-B-A	Positive	0.00262189	0.997378
4HS8-A-H	Positive	0.262853	0.737147
4CCO-C-A	Positive	0.15231	0.84769
4GDK-C-B	Negative	0.754499	0.245501
4GDK-F-B	Negative	0.767916	0.232084
4FL8-C-A	Positive	0.000578761	0.999421
4FL8-D-A	Positive	0.00128114	0.998719
4RG9-S-A	Negative	0.988156	0.011844
4EMZ-D-C	Positive	0.010106	0.989894
4EMZ-E-B	Positive	0.00392699	0.996073
4WX4-C-A	Positive	0.000798047	0.999202
4YR6-C-A	Positive	0.00337386	0.996626
4QRS-C-A	Negative	0.928082	0.0719184
4ZNY-B-A	Positive	0.000889838	0.99911
4RQI-E-A	Positive	0.0449167	0.955083
4RQI-F-A	Negative	0.808154	0.191846
4RQI-G-C	Positive	0.0808917	0.919108
4RQI-H-C	Positive	0.0615764	0.938424
4JFX-P-L	Positive	0.014771	0.985229
4EN2-D-M	Positive	0.0386269	0.961373
4EN2-E-B	Positive	0.0103781	0.989622
4B8P-C-A	Positive	0.000726998	0.999273
4OI4-U-A	Positive	0.000548422	0.999452
4OI4-D-C	Negative	0.65259	0.34741
4ZOZ-Y-A	Positive	0.0115035	0.988497
4EZR-B-A	Positive	0.00125146	0.998749
4XKH-E-A	Positive	0.149191	0.850809
4XKH-C-F	Positive	0.161911	0.838089
4ZIH-B-A	Positive	0.235087	0.764913
4P6Z-V-G	Positive	0.0223821	0.977618
4P6Z-T-M	Positive	0.0100492	0.989951
4X6S-L-A	Positive	0.00804353	0.991956
4CR4-Y-R	Positive	0.149232	0.850768
4ZKS-P-U	Positive	0.000562489	0.999438
4PRD-C-A	Positive	0.00833869	0.991661
4JOL-E-A	Positive	0.00356197	0.996438
4JOL-H-B	Positive	0.100747	0.899253
4FQX-E-A	Positive	0.000519097	0.999481
4V3I-B-A	Positive	0.000414073	0.999586
4ZNX-E-A	Positive	0.00203931	0.997961
4ZNX-G-B	Positive	0.00266933	0.997331
4XNH-F-A	Positive	0.000985265	0.999015
4CC7-B-A	Positive	0.00270516	0.997295
4CC7-D-A	Positive	0.00188011	0.99812
4JS0-B-A	Positive	0.144191	0.855809
4MNY-C-A	Positive	0.000670671	0.999329
4JOG-C-A	Positive	0.00122327	0.998777
4N3A-B-A	Positive	0.0101748	0.989825
4A2A-C-A	Positive	0.235572	0.764428
4A2A-D-B	Positive	0.0343817	0.965618
4H1L-C-A	Positive	0.00406003	0.99594
4M1L-B-A	Negative	0.866586	0.133414
4QO2-B-A	Positive	0.00227898	0.997721
4NSK-C-A	Positive	0.123143	0.876857
4K78-B-A	Positive	0.000883996	0.999116
4HHA-P-A	Negative	0.717107	0.282893
4FQ3-B-A	Positive	0.0707051	0.929295
4O6F-B-A	Positive	0.0119838	0.988016
4QSY-B-A	Positive	0.0260029	0.973997
4JIZ-B-A	Positive	0.0036149	0.996385
4PG9-C-A	Positive	0.0223517	0.977648
4YOS-E-A	Positive	0.0116959	0.988304
4CCM-C-A	Positive	0.021715	0.978285
4CCM-D-B	Positive	0.129815	0.870185
4ZLX-A-B	Positive	0.481454	0.518546
4F7M-C-A	Positive	0.0151672	0.984833
4YYD-Z-A	Positive	0.00140256	0.998597
4AFJ-X-A	Positive	0.0168429	0.983157
4QPQ-A-D	Positive	0.491972	0.508028
4Q6S-C-A	Positive	0.0031991	0.996801
4M5S-B-A	Positive	0.00876731	0.991233
4GU0-E-A	Positive	0.0502011	0.949799
4A7J-B-A	Positive	0.00112373	0.998876
4Y80-c-H	Positive	0.00978202	0.990218
4HTC-L-H	Negative	0.846386	0.153614
4OIH-B-A	Positive	0.00481325	0.995187
4WWR-B-A	Negative	0.872102	0.127898
4WWR-H-A	Negative	0.873799	0.126201
4WWR-D-G	Negative	0.901525	0.0984745
4I1P-B-A	Positive	0.000809968	0.99919
4P3C-M-H	Positive	0.0173106	0.982689
4R11-B-A	Negative	0.909231	0.0907686
4R11-D-C	Negative	0.869233	0.130767
4R11-F-E	Negative	0.974252	0.0257482
4WM7-D-A	Positive	0.156961	0.843039
4MNX-B-A	Positive	0.000906467	0.999094
4E81-C-A	Positive	0.450803	0.549197
4ZRO-E-A	Positive	0.00996524	0.990035
4XC1-P-L	Positive	0.458213	0.541787
4J84-C-A	Positive	0.00134075	0.998659
4J84-D-B	Positive	0.00138974	0.99861
4Q0X-E-H	Positive	0.471469	0.528531
4PGD-C-A	Positive	0.0178779	0.982122
4O97-B-A	Positive	0.00146091	0.998539
4BOS-F-A	Positive	0.000519812	0.99948
4GAO-F-A	Positive	0.0116666	0.988333
4GAO-H-A	Positive	0.0123017	0.987698
4LX2-B-A	Positive	0.280347	0.719653
4CDI-C-A	Positive	0.252199	0.747801
4OH6-B-A	Positive	0.0103238	0.989676
4IMY-G-B	Positive	0.116157	0.883843
4OK1-B-A	Positive	0.432609	0.567391
4OGR-G-F	Negative	0.975017	0.0249826
4A0K-B-A	Negative	0.688139	0.311861
4X23-U-C	Positive	0.000301242	0.999699
4X23-V-E	Positive	0.339085	0.660915
4X23-X-H	Positive	0.102094	0.897906
4X23-W-M	Positive	0.00174612	0.998254
4JYI-G-A	Positive	0.000797331	0.999203
4R8T-A-B	Negative	0.650931	0.349069
4BKL-E-A	Positive	0.058601	0.941399
4BKL-F-A	Positive	0.0240719	0.975928
4BKL-G-A	Positive	0.0240719	0.975928
4LZF-B-A	Positive	0.0621036	0.937896
4JOR-C-A	Positive	0.0229079	0.977092
4N7Y-C-A	Positive	0.0158991	0.984101
4TT3-H-A	Negative	0.640966	0.359034
4TT3-I-B	Positive	0.292855	0.707145
4TT3-J-E	Positive	0.414761	0.585239
4U0B-M-A	Positive	0.286028	0.713972
4U0B-N-A	Positive	0.089025	0.910975
4LNP-B-A	Positive	0.00435275	0.995647
4QRR-P-A	Positive	0.00411892	0.995881
4U0C-B-A	Negative	0.938076	0.0619238
4QY8-Q-A	Positive	0.0640296	0.93597
4XEF-B-A	Positive	0.00157064	0.998429
4XEF-C-A	Positive	0.0014413	0.998559
4XEF-F-D	Positive	0.00649464	0.993505
4MZK-T-A	Positive	0.00649768	0.993502
4FMN-C-A	Positive	0.00216007	0.99784
4ZI1-B-A	Positive	0.000673175	0.999327
4XHV-B-A	Positive	0.308903	0.691097
4JO3-P-L	Positive	0.0111808	0.988819
4DLQ-B-A	Positive	0.0335405	0.966459
4S1Z-G-A	Positive	0.18514	0.81486
4S1Z-J-A	Positive	0.139912	0.860088
4S1Z-I-A	Positive	0.24505	0.75495
4TT4-P-A	Positive	0.00231564	0.997684
4XVJ-A-H	Positive	0.0761755	0.923824
4GK5-C-A	Positive	0.000848055	0.999152
4GK5-G-E	Positive	0.00184244	0.998158
4PRB-C-A	Positive	0.00407118	0.995929
4PV1-H-A	Positive	0.47943	0.52057
4PV1-F-B	Negative	0.932962	0.067038
4B1U-M-B	Positive	0.0938753	0.906125
4PDW-D-A	Positive	0.395826	0.604174
4XPM-A-B	Negative	0.933006	0.0669941
4BJ6-D-C	Positive	0.000339389	0.999661
4JMG-B-A	Positive	0.000328302	0.999672
4LN2-B-A	Positive	0.00625408	0.993746
4D0G-C-A	Positive	0.47109	0.52891
4GBX-E-A	Positive	0.00342184	0.996578
4G5R-E-A	Positive	0.0932864	0.906714
4G5R-G-A	Positive	0.240845	0.759155
4PSW-C-A	Negative	0.888339	0.111661
4UTV-C-A	Positive	0.0005126	0.999487
4IUT-C-B	Positive	0.000968695	0.999031
4B86-A-B	Positive	0.240108	0.759892
4B86-I-C	Positive	0.170736	0.829264
4B86-J-K	Positive	0.178655	0.821345
4AJU-B-A	Positive	0.225383	0.774617
4MNV-B-A	Positive	0.00489306	0.995107
4MNV-C-A	Positive	0.0554808	0.944519
4JOJ-C-A	Positive	0.00301003	0.99699
4JOJ-D-B	Positive	0.000933588	0.999066
4JOF-C-A	Positive	0.00165582	0.998344
4JOF-D-B	Positive	0.00156051	0.998439
4U7I-B-A	Positive	0.031773	0.968227
4HQJ-G-A	Negative	0.877458	0.122542
4HQJ-E-C	Positive	0.0177627	0.982237
4OJ9-B-A	Positive	0.00574267	0.994257
4CIN-C-A	Positive	0.013877	0.986123
4CIN-D-B	Positive	0.00585306	0.994147
4EDU-T-A	Positive	0.00512147	0.994879
4ZKB-B-A	Negative	0.902625	0.0973751
4NB3-C-A	Positive	0.0385307	0.961469
4RTV-B-A	Positive	0.00203931	0.997961
4E05-I-H	Positive	0.234171	0.765829
4M38-E-A	Positive	0.00196558	0.998034
4M38-F-B	Positive	0.00447041	0.99553
4N84-C-A	Positive	0.000359297	0.999641
4CKT-C-A	Positive	0.00163633	0.998364
4CKT-D-B	Positive	0.000744283	0.999256
4Z96-C-A	Positive	0.00190932	0.998091
4RWG-D-A	Positive	0.0139329	0.986067
4RWG-F-C	Positive	0.00850803	0.991492
4D7Z-A-B	Positive	0.00855523	0.991445
4PGB-C-A	Positive	0.0222349	0.977765
4H3Q-B-A	Positive	0.0129011	0.987099
4BXW-F-A	Positive	0.0022397	0.99776
4AM9-B-A	Positive	0.361655	0.638345
4JIJ-P-A	Positive	0.000814259	0.999186
4JIJ-Q-B	Positive	0.000814259	0.999186
4QJ8-E-A	Positive	0.00526845	0.994732
4RG6-S-A	Negative	0.951095	0.0489049
4QOY-E-A	Positive	0.328636	0.671364
4B60-C-A	Positive	0.229287	0.770713
4OEY-B-A	Positive	0.0279592	0.972041
4Q94-C-A	Positive	0.0438992	0.956101
4JZN-K-I	Positive	0.0562384	0.943762
4D0C-C-A	Positive	0.111157	0.888843
4GW1-E-A	Positive	0.000966668	0.999033
4J9H-G-A	Positive	0.0104177	0.989582
4YEC-C-A	Positive	0.00360304	0.996397
4B1Y-M-B	Negative	0.622296	0.377704
4Z1M-H-A	Negative	0.615397	0.384603
4Z1M-J-E	Negative	0.695706	0.304294
4XIB-C-A	Positive	0.00044626	0.999554
4QYL-E-A	Positive	0.0236006	0.976399
4MDJ-C-A	Positive	0.00291079	0.997089
4Z8M-C-A	Positive	0.00765157	0.992348
4Z8M-D-A	Positive	0.00705242	0.992948
4GVC-B-A	Positive	0.00760734	0.992393
4RTW-B-A	Positive	0.00212789	0.997872
4RTW-D-A	Positive	0.00140756	0.998592
4RTW-E-A	Positive	0.00923598	0.990764
4JR0-C-A	Positive	0.00189316	0.998107
4LKE-E-A	Positive	0.00248361	0.997516
4LKE-F-B	Positive	0.00199121	0.998009
4J2J-D-A	Positive	0.265813	0.734187
4J2J-E-A	Positive	0.415863	0.584137
4J2J-F-B	Positive	0.232286	0.767714
4MBQ-A-C	Negative	0.587148	0.412852
4MBQ-F-C	Negative	0.942769	0.0572307
4B8Y-B-A	Positive	0.0208325	0.979167
4N4I-B-A	Positive	0.00702244	0.992978
4Y18-I-A	Positive	0.00206554	0.997934
4Y18-L-D	Positive	0.00442165	0.995578
4Y18-N-F	Positive	0.00139278	0.998607
4WDI-C-A	Positive	0.0159101	0.98409
4YA9-c-H	Positive	0.00978202	0.990218
4ZN8-B-A	Negative	0.986201	0.0137995
4ZN8-C-A	Negative	0.991369	0.00863113
4ZN8-D-A	Negative	0.983281	0.0167191
4WJO-B-A	Positive	0.00114036	0.99886
4RT4-E-C	Positive	0.0290362	0.970964
4RT4-A-D	Negative	0.989295	0.0107045
4E17-B-A	Positive	0.126303	0.873697
4X01-D-A	Positive	0.431053	0.568947
4I7C-B-A	Negative	0.619563	0.380437
4TKY-E-A	Positive	0.00253093	0.997469
4UTQ-Z-A	Positive	0.00537151	0.994628
4X3O-C-A	Positive	0.00171155	0.998288
4J78-B-A	Positive	0.000535548	0.999464
4IHL-P-A	Positive	0.00158012	0.99842
4GMN-B-A	Positive	0.0150782	0.984922
4JWC-C-A	Positive	0.00793874	0.992061
4JWC-D-A	Positive	0.00508666	0.994913
4GEQ-F-A	Positive	0.0626758	0.937324
4DM9-X-A	Positive	0.0055958	0.994404
4YK6-B-A	Positive	0.0411428	0.958857
4N3B-B-A	Positive	0.0702936	0.929706
4B8L-D-A	Negative	0.735949	0.264051
4PC0-C-A	Positive	0.0100031	0.989997
4BLD-E-A	Positive	0.00102973	0.99897
4Y8L-d-H	Positive	0.0148326	0.985167
4Y8L-c-K	Positive	0.0148326	0.985167
4U7E-A-B	Positive	0.0505531	0.949447
4K76-E-A	Positive	0.000652611	0.999347
4K76-F-B	Positive	0.0482835	0.951716
4K76-G-B	Positive	0.00183094	0.998169
4K76-H-D	Positive	0.0012719	0.998728
4U9W-F-A	Positive	0.00307447	0.996926
4U9W-E-B	Positive	0.00307447	0.996926
4C0H-C-A	Negative	0.851177	0.148823
4C0H-D-B	Negative	0.524525	0.475475
4D0M-F-A	Negative	0.826099	0.173901
4NO2-C-A	Positive	0.00402117	0.995979
4X1S-P-U	Positive	0.00676882	0.993231
4R3P-B-A	Positive	0.00857568	0.991424
4D6U-I-A	Positive	0.206087	0.793913
4D6U-V-N	Positive	0.010282	0.989718
4MEX-M-C	Positive	0.00523025	0.99477
4HYB-C-A	Positive	0.0138655	0.986134
4R6R-D-A	Positive	0.0387293	0.961271
4W9M-D-C	Negative	0.562562	0.437438
4W9M-F-E	Negative	0.66672	0.33328
4W9M-L-K	Positive	0.443384	0.556616
4IXR-F-A	Positive	0.275988	0.724012
4IXR-J-A	Positive	0.494034	0.505966
4IXR-M-A	Negative	0.98654	0.0134597
4IXR-T-A	Negative	0.614078	0.385922
4IXR-t-B	Negative	0.614078	0.385922
4IXR-X-D	Negative	0.584051	0.415949
4JOK-C-A	Positive	0.234211	0.765789
4JOK-D-B	Positive	0.00298029	0.99702
4YO0-E-A	Positive	0.00293368	0.997066
4YO0-F-C	Positive	0.00256819	0.997432
4Y28-J-A	Negative	0.964759	0.0352408
4Z0X-C-A	Positive	0.0562384	0.943762
4H3K-F-E	Positive	0.0158516	0.984148
4R6Q-B-A	Negative	0.822865	0.177135
4R6Q-F-A	Positive	0.0514704	0.94853
4WRQ-C-A	Positive	0.000191152	0.999809
4WRQ-D-B	Positive	0.0011825	0.998818
4W2E-9-Q	Negative	0.766695	0.233305
4W2E-u-m	Negative	0.940028	0.0599724
4G91-A-B	Negative	0.628806	0.371194
4REY-B-A	Positive	0.124273	0.875727
4K0U-B-A	Positive	0.0125631	0.987437
4NMR-C-A	Positive	0.00238717	0.997613
4NMR-D-B	Positive	0.000938118	0.999062
4ABI-B-A	Positive	0.0512249	0.948775
4CSE-C-A	Positive	0.000842452	0.999158
4CSE-D-B	Positive	0.00421542	0.995785
4PZ6-Q-A	Positive	0.0054661	0.994534
4FCM-C-A	Positive	0.00469983	0.9953
4ZRI-C-A	Positive	0.375975	0.624025
4ZRI-D-B	Positive	0.244104	0.755896
4PJ0-I-A	Negative	0.693893	0.306107
4PJ0-L-A	Negative	0.976978	0.0230217
4PJ0-M-A	Negative	0.980428	0.0195722
4PJ0-T-A	Positive	0.363753	0.636247
4PJ0-t-B	Positive	0.363753	0.636247
4PJ0-Y-C	Positive	0.00633705	0.993663
4PJ0-R-E	Negative	0.886823	0.113177
4PJ0-j-a	Positive	0.416573	0.583427
4PJ0-l-a	Negative	0.976978	0.0230217
4PJ0-r-e	Positive	0.369581	0.630419
4ZHM-P-U	Positive	0.00814998	0.99185
4WNN-T-C	Positive	0.00192839	0.998072
4JWI-C-A	Positive	0.00377202	0.996228
4OWW-C-A	Negative	0.979493	0.0205068
4A0I-C-A	Positive	0.00213367	0.997866
4PN1-E-A	Positive	0.0109196	0.98908
4BA3-B-A	Positive	0.00302887	0.996971
4ODL-D-A	Positive	0.111872	0.888128
4ODL-C-B	Negative	0.966496	0.0335038
4D8I-B-A	Positive	0.00151652	0.998483
4QNZ-B-A	Positive	0.00527811	0.994722
4NMT-C-A	Positive	0.000433505	0.999566
4NMT-D-B	Positive	0.00090003	0.9991
4BPJ-D-A	Positive	0.00519705	0.994803
4H2V-C-A	Positive	0.124308	0.875692
4EAK-B-A	Negative	0.504256	0.495744
4Z63-P-A	Positive	0.00217748	0.997823
4UEC-B-A	Positive	0.249494	0.750506
4GKV-P-B	Positive	0.0022912	0.997709
4NXM-U-M	Negative	0.917838	0.0821624
4OH9-B-A	Negative	0.881682	0.118318
4F7P-C-A	Positive	0.000909567	0.99909
4FJ3-P-A	Positive	0.00117463	0.998825
4UWX-C-A	Positive	0.00370812	0.996292
4UWX-D-B	Positive	0.0087083	0.991292
4KMD-B-A	Positive	0.00452113	0.995479
4CRI-C-A	Positive	0.00198698	0.998013
4CRI-D-A	Positive	0.00126797	0.998732
4AF3-D-A	Negative	0.917018	0.082982
4O42-B-A	Positive	0.000906944	0.999093
4N8C-X-H	Positive	0.0106756	0.989324
4N8C-Y-I	Positive	0.00177521	0.998225
4EHQ-G-A	Positive	0.208509	0.791491
4O27-C-A	Positive	0.00078547	0.999215
4QRQ-C-A	Positive	0.00230032	0.9977
4Y1C-C-A	Positive	0.00285119	0.997149
4BV2-E-A	Positive	0.000224054	0.999776
4INH-M-A	Positive	0.0499868	0.950013
4Y1D-D-A	Positive	0.00154424	0.998456
4GP4-C-A	Negative	0.98381	0.0161903
4EXT-B-C	Positive	0.00242883	0.997571
4H62-K-Q	Positive	0.162868	0.837132
4H62-V-Q	Positive	0.0252784	0.974722
4TXQ-C-A	Positive	0.015162	0.984838
4TXQ-D-B	Positive	0.00817055	0.991829
4ADX-5-E	Positive	0.0983765	0.901624
4NMP-C-A	Positive	0.00117463	0.998825
4NMP-D-B	Positive	0.00138819	0.998612
4MJH-B-A	Positive	0.00186455	0.998135
4NQL-C-A	Negative	0.93206	0.0679401
4WPI-D-A	Positive	0.012464	0.987536
4HTV-B-A	Positive	0.00970519	0.990295
4ITZ-C-A	Positive	0.0943369	0.905663
4J9I-B-A	Positive	0.000965238	0.999035
4AR2-P-A	Positive	0.452316	0.547684
4C93-D-A	Positive	0.00173342	0.998267
4HFX-C-A	Negative	0.972998	0.0270024
4OZG-J-A	Positive	0.00150192	0.998498
4OZG-I-C	Positive	0.00120139	0.998799
4MVI-B-A	Positive	0.178747	0.821253
4AFX-B-A	Positive	0.170737	0.829263
4TNI-F-A	Positive	0.275988	0.724012
4TNI-M-A	Negative	0.98654	0.0134597
4CH8-C-D	Positive	0.469031	0.530969
4CH8-G-D	Negative	0.510886	0.489114
4CH8-Q-D	Positive	0.00114906	0.998851
4UQZ-B-A	Positive	0.418048	0.581952
4D2G-E-A	Positive	0.230215	0.769785
4HUU-C-A	Positive	0.00133324	0.998667
4XAL-B-A	Positive	0.00242501	0.997575
4U1L-C-A	Positive	0.00804424	0.991956
4U1L-F-D	Positive	0.00804424	0.991956
4FT4-Q-B	Positive	0.00177401	0.998226
4BXR-C-A	Positive	0.0621036	0.937896
4BXR-D-B	Positive	0.119451	0.880549
4EZ1-L-A	Positive	0.0261601	0.97384
4DOW-C-A	Positive	0.00969034	0.99031
4DOW-D-A	Positive	0.0652775	0.934722
4BD2-C-A	Positive	0.20879	0.79121
4IUV-C-A	Positive	0.00203812	0.997962
4GKG-F-A	Positive	0.438105	0.561895
4V11-B-A	Positive	0.0766327	0.923367
4ZJV-C-A	Negative	0.961114	0.0388862
4ZJV-D-B	Negative	0.851736	0.148264
4NQV-M-A	Positive	0.00175643	0.998244
4HVU-B-A	Positive	0.00203931	0.997961
4OZ1-C-A	Positive	0.00196379	0.998036
4EOY-D-A	Positive	0.00189638	0.998104
4EOY-F-C	Positive	0.00189638	0.998104
4LOP-K-A	Positive	0.160079	0.839921
4LOP-N-B	Positive	0.163153	0.836847
4A5X-C-A	Positive	0.00835681	0.991643
4A5X-D-A	Positive	0.0300484	0.969952
4TWI-B-A	Positive	0.00486749	0.995133
4LLG-M-C	Negative	0.93125	0.0687505
4LLG-N-I	Negative	0.660153	0.339847
4O9W-B-A	Positive	0.000438392	0.999562
4F27-Q-A	Positive	0.00293595	0.997064
4YI0-A-C	Positive	0.211466	0.788534
4BQ8-B-C	Positive	0.115156	0.884844
4YM4-B-A	Positive	0.00266671	0.997333
4CVZ-C-A	Positive	0.00481552	0.995184
4V0V-B-A	Positive	0.0344673	0.965533
4V0V-D-C	Positive	0.0719181	0.928082
4RRV-B-A	Positive	0.00974542	0.990255
4H3H-F-E	Positive	0.00309151	0.996908
4QX7-E-A	Positive	0.00738561	0.992614
4QX7-F-C	Positive	0.012111	0.987889
4UEA-B-A	Negative	0.81426	0.18574
4UEA-D-C	Negative	0.729962	0.270038
4F00-B-A	Positive	0.0671857	0.932814
4DEX-B-A	Negative	0.947145	0.0528552
4R6O-F-A	Positive	0.0514704	0.94853
4J81-D-A	Positive	0.00253308	0.997467
4Z2P-P-A	Positive	0.00127858	0.998721
4Z2P-C-A	Positive	0.00257623	0.997424
4HAB-D-A	Positive	0.000455797	0.999544
4U1J-C-A	Positive	0.0027138	0.997286
4ZIG-B-A	Positive	0.00473028	0.99527
4JDH-B-A	Positive	0.32557	0.67443
4ZXL-H-A	Positive	0.00683844	0.993162
4MMY-C-A	Positive	0.00225097	0.997749
4N78-P-A	Positive	0.00832176	0.991678
4YFB-B-A	Positive	0.00151533	0.998485
4YFB-E-A	Positive	0.00553375	0.994466
4YFB-K-G	Positive	0.00318307	0.996817
4EIK-B-A	Positive	0.0507385	0.949262
4J1V-E-A	Positive	0.019299	0.980701
4J1V-G-A	Positive	0.0526438	0.947356
4AW9-I-A	Positive	0.0036484	0.996352
4D0Z-X-B	Positive	0.00229746	0.997703
4HH6-Z-A	Positive	0.00573486	0.994265
4YIZ-B-A	Positive	0.0393242	0.960676
4THN-I-H	Positive	0.00956744	0.990433
4M91-B-A	Positive	0.00131363	0.998686
4NM5-B-A	Positive	0.158736	0.841264
4NM5-C-A	Positive	0.00181335	0.998187
4QIW-W-A	Positive	0.258489	0.741511
4U1S-C-A	Positive	0.0044176	0.995582
4NUT-B-A	Positive	0.364061	0.635939
4EDN-L-A	Positive	0.0241631	0.975837
4EDN-O-E	Positive	0.00265855	0.997341
4EDN-Q-E	Positive	0.00154912	0.998451
4EDN-P-F	Positive	0.0842005	0.915799
4LKL-B-A	Positive	0.000687361	0.999313
4JZO-J-A	Positive	0.0359845	0.964016
4KTX-B-A	Positive	0.00540477	0.994595
4BWQ-B-A	Negative	0.517281	0.482719
4BWQ-D-A	Positive	0.359281	0.640719
4BWQ-F-C	Negative	0.529393	0.470607
4D2M-B-A	Positive	0.0869328	0.913067
4D2M-D-C	Positive	0.214798	0.785202
4UUB-D-A	Positive	0.0005126	0.999487
4UE4-B-C	Positive	0.0351404	0.96486
4KYT-B-A	Negative	0.978036	0.0219638
4KYT-C-A	Negative	0.606714	0.393286
4ZDU-B-A	Positive	0.183891	0.816109
4IZY-B-A	Positive	0.0221947	0.977805
4G35-B-A	Positive	0.00171673	0.998283
4MZ5-A-E	Positive	0.00137889	0.998621
4MZ5-C-E	Positive	0.00275201	0.997248
4N9G-C-A	Positive	0.257763	0.742237
4N9G-Z-A	Positive	0.294722	0.705278
4N9G-D-E	Positive	0.264167	0.735833
4PZ3-C-B	Positive	0.0379153	0.962085
4DOR-C-A	Positive	0.324906	0.675094
4YGX-E-D	Positive	0.00363195	0.996368
4WHT-a-A	Positive	0.0406982	0.959302
4WHT-c-C	Positive	0.0151733	0.984827
4WHT-o-O	Positive	0.00281245	0.997188
4WHT-q-Q	Positive	0.00347757	0.996522
4JG0-P-L	Positive	0.002639	0.997361
4XTR-G-A	Positive	0.146167	0.853833
4OR5-E-B	Negative	0.954311	0.0456889
4OR5-J-B	Negative	0.954311	0.0456889
4X3E-B-A	Positive	0.00172722	0.998273
4G71-C-A	Negative	0.98381	0.0161903
4NO0-C-A	Positive	0.00526172	0.994738
4FBY-T-A	Negative	0.614078	0.385922
4GRV-B-A	Positive	0.0203113	0.979689
4HEE-Y-X	Positive	0.00601292	0.993987
4B4S-B-A	Positive	0.0490043	0.950996
4ODK-B-A	Positive	0.00546587	0.994534
4ODK-C-A	Positive	0.0323582	0.967642
4NW2-B-A	Positive	0.00306606	0.996934
4NW2-D-C	Positive	0.00284433	0.997156
4Y6O-C-A	Positive	0.00158143	0.998419
4EZT-B-A	Positive	0.0713969	0.928603
4I2W-B-A	Positive	0.0123878	0.987612
4NF9-C-A	Positive	0.166215	0.833785
4MGX-B-A	Positive	0.0444335	0.955567
4OH4-E-A	Positive	0.00464928	0.995351
4CCN-C-A	Positive	0.127875	0.872125
4K7F-C-A	Positive	0.00119174	0.998808
4HCZ-C-A	Positive	0.418206	0.581794
4HCZ-D-B	Positive	0.00144774	0.998552
4XGQ-B-A	Positive	0.00746077	0.992539
4I9C-C-A	Positive	0.00217026	0.99783
4L67-B-A	Positive	0.408228	0.591772
4M1Z-C-A	Negative	0.961028	0.038972
4M1Z-D-B	Positive	0.196302	0.803698
4WIH-B-A	Positive	0.00671744	0.993283
4Y2G-B-A	Positive	0.00204587	0.997954
4SRN-B-A	Positive	0.00756305	0.992437
4RTZ-B-A	Positive	0.00520331	0.994797
4O45-B-A	Positive	0.00138164	0.998618
4OWT-C-A	Positive	0.0867501	0.91325
4USL-D-A	Positive	0.00833821	0.991662
4PBZ-B-A	Negative	0.799869	0.200131
4N1A-G-A	Positive	0.000593305	0.999407
4N1A-H-B	Positive	0.0010609	0.998939
4N1A-J-C	Positive	0.000507236	0.999493
4N1A-K-E	Positive	0.000679135	0.999321
4DJZ-H-B	Negative	0.640841	0.359159
4DJZ-I-B	Negative	0.919199	0.0808007
4HRG-C-A	Positive	0.000581264	0.999419
4TK3-C-A	Positive	0.00328529	0.996715
4TK3-D-A	Positive	0.00400871	0.995991
4QXH-F-C	Positive	0.0323395	0.96766
4OIU-B-A	Positive	0.0013184	0.998682
4RWV-B-A	Positive	0.186695	0.813305
4E6K-H-C	Positive	0.0104343	0.989566
4DJ9-B-A	Positive	0.00208277	0.997917
4TZQ-B-A	Positive	0.00202149	0.997979
4GUU-B-A	Positive	0.269244	0.730756
4MS8-B-C	Negative	0.849914	0.150086
4JX7-B-A	Positive	0.00238383	0.997616
4R6N-D-A	Negative	0.822865	0.177135
4UM9-E-A	Positive	0.00159508	0.998405
4UM9-F-C	Positive	0.000400603	0.999599
4Z68-E-A	Positive	0.00360245	0.996398
4RET-G-A	Negative	0.874765	0.125235
4RET-E-C	Negative	0.874765	0.125235
4HXJ-C-A	Positive	0.00090003	0.9991
4B45-B-A	Positive	0.0184534	0.981547
4G9F-C-A	Positive	0.0239582	0.976042
4FJC-C-A	Negative	0.814108	0.185892
4FJC-G-A	Positive	0.4513	0.5487
4Y3U-B-A	Negative	0.969632	0.0303683
4APR-I-E	Positive	0.0131386	0.986861
4GPL-A-B	Positive	0.00126666	0.998733
4UE8-B-A	Positive	0.241294	0.758706
4N5E-B-C	Positive	0.0013054	0.998695
4X3H-B-A	Positive	0.0351507	0.964849
4L8C-I-A	Positive	0.00204313	0.997957
4M7C-C-A	Positive	0.134165	0.865835
4NNL-C-A	Positive	0.217761	0.782239
4C2D-E-A	Positive	0.000544131	0.999456
4C2D-M-A	Positive	0.000632823	0.999367
4C2D-N-B	Positive	0.00386643	0.996134
4C2D-H-D	Positive	0.0011003	0.9989
4C2D-P-D	Positive	0.00626725	0.993733
4I80-B-A	Positive	0.002729	0.997271
4OZ6-B-A	Positive	0.0134948	0.986505
4GZF-C-A	Positive	0.000299335	0.999701
4O30-C-A	Positive	0.0179638	0.982036
4O30-D-B	Positive	0.000331402	0.999669
4S0R-O-A	Negative	0.691857	0.308143
4YWC-C-A	Positive	0.126416	0.873584
4JO9-A-B	Positive	0.179549	0.820451
4JO9-C-B	Positive	0.201911	0.798089
4Y8K-d-H	Positive	0.0148326	0.985167
4Y8K-c-K	Positive	0.0148326	0.985167
4IV1-D-A	Negative	0.723453	0.276547
4TZS-C-A	Positive	0.38402	0.61598
4K7L-A-B	Positive	0.0318403	0.96816
4ESG-D-A	Positive	0.0739276	0.926072
4J8G-D-A	Positive	0.00797617	0.992024
4J8G-C-B	Positive	0.000748098	0.999252
4YXB-C-A	Positive	0.00469261	0.995307
4YXB-D-A	Negative	0.598041	0.401959
4B7K-B-A	Positive	0.0013538	0.998646
4NGE-B-A	Negative	0.785817	0.214183
4NGE-E-D	Positive	0.00212765	0.997872
4KTY-C-A	Positive	0.0986992	0.901301
4ZFZ-C-A	Positive	0.00320202	0.996798
4WNG-B-A	Positive	0.00555593	0.994444
4ZFO-K-L	Negative	0.646916	0.353084
4ZFO-F-B	Negative	0.763556	0.236444
4OS1-B-A	Positive	0.00128067	0.998719
4FTB-D-A	Positive	0.0796248	0.920375
4FTB-E-A	Positive	0.0121269	0.987873
4FTB-F-C	Positive	0.108292	0.891708
4NRX-P-H	Positive	0.0712043	0.928796
4NRX-C-A	Positive	0.167165	0.832835
4JFO-C-A	Positive	0.0325978	0.967402
4HAN-C-A	Positive	0.354173	0.645827
4RWD-H-A	Positive	0.052157	0.947843
4WFB-Z-K	Positive	0.315042	0.684958
4ZRK-E-A	Positive	0.361168	0.638832
4ZRK-G-C	Negative	0.536197	0.463803
4NUV-C-A	Negative	0.839866	0.160134
4QQI-X-A	Positive	0.0122922	0.987708
4XOA-B-A	Positive	8.9407e-05	0.999911
4XGZ-a-A	Positive	0.00480902	0.995191
4XGZ-c-C	Positive	0.0633282	0.936672
4XGZ-e-E	Positive	0.0162105	0.98379
4XGZ-j-H	Positive	0.042261	0.957739
4XOD-B-A	Positive	0.000112057	0.999888
4OED-B-A	Positive	0.00620329	0.993797
4X5W-C-A	Positive	0.000666201	0.999334
4MDD-C-A	Positive	0.00374544	0.996255
4MDD-D-A	Positive	0.0104676	0.989532
4X3S-D-A	Positive	0.0161864	0.983814
4ERZ-E-A	Positive	0.013704	0.986296
4LGD-E-A	Negative	0.883923	0.116077
4LGD-F-A	Negative	0.653597	0.346403
4LGD-G-C	Negative	0.790823	0.209177
4LGD-H-C	Negative	0.830647	0.169353
4SGA-P-E	Positive	0.0833728	0.916627
4ZTO-P-L	Positive	0.211062	0.788938
4ZTO-Q-M	Positive	0.148942	0.851058
4TUK-I-H	Positive	0.00331563	0.996684
4Z89-a-A	Positive	0.0113172	0.988683
4Z89-e-A	Positive	0.00115407	0.998846
4Z89-b-B	Positive	0.00568008	0.99432
4Z89-f-B	Positive	0.00166285	0.998337
4Z89-i-D	Positive	0.00206935	0.997931
4Z0Z-E-A	Positive	0.0234848	0.976515
4Z0Z-G-B	Positive	0.0254991	0.974501
4Z0Z-H-D	Positive	0.26134	0.73866
4F73-C-A	Positive	0.00328529	0.996715
4F73-D-A	Positive	0.00677353	0.993226
4K3O-E-A	Positive	0.0116087	0.988391
4PO6-B-A	Positive	0.394652	0.605348
4JDD-B-A	Positive	0.00740016	0.9926
4WM8-D-A	Positive	0.146745	0.853255
4RFN-M-G	Positive	0.00724852	0.992751
4UEB-B-A	Negative	0.77896	0.22104
4I7Z-D-A	Negative	0.962617	0.037383
4I7Z-G-A	Negative	0.9054	0.0945998
4I7Z-E-C	Positive	0.0120019	0.987998
4WNL-F-C	Positive	0.0017972	0.998203
4WNL-H-A	Positive	0.000298202	0.999702
4A1X-C-A	Positive	0.376696	0.623304
4A1X-D-B	Positive	0.0200638	0.979936
4Y8Q-c-K	Positive	0.018434	0.981566
4ZII-C-A	Positive	0.108581	0.891419
4J6S-E-A	Positive	0.0023613	0.997639
4J6S-F-B	Positive	0.000706911	0.999293
4UD7-F-A	Positive	0.026027	0.973973
4UD7-G-A	Positive	0.026027	0.973973
4UD7-H-C	Positive	0.0155641	0.984436
4UD7-I-D	Positive	0.00233936	0.997661
4PXM-C-A	Positive	0.00162208	0.998378
4PXM-D-B	Positive	0.00214058	0.997859
4EZZ-B-A	Positive	0.00168467	0.998315
4FZ1-D-A	Positive	0.104332	0.895668
4Y3B-C-A	Positive	0.00192082	0.998079
4Y3B-D-B	Positive	0.00299972	0.997
4DS1-B-A	Positive	0.000852227	0.999148
4DS1-D-A	Positive	0.159853	0.840147
4NQX-M-A	Positive	0.0019474	0.998053
4AOK-A-B	Positive	0.110988	0.889012
4AOK-D-B	Positive	0.131888	0.868112
4XH2-a-A	Positive	0.00213891	0.997861
4XH2-c-C	Positive	0.000727832	0.999272
4XH2-e-E	Positive	0.0392499	0.96075
4LD3-B-A	Positive	0.248155	0.751845
4YZ6-B-A	Positive	0.0660303	0.93397
4JO1-P-L	Positive	0.0284547	0.971545
4PD1-C-A	Positive	0.0142228	0.985777
4BB2-B-A	Negative	0.515484	0.484516
4PZ8-B-A	Positive	0.0110252	0.988975
4A1S-C-A	Positive	0.155342	0.844658
4A1S-E-B	Positive	0.298954	0.701046
4Z0Y-E-A	Positive	0.0077306	0.992269
4Z0Y-F-B	Positive	0.136242	0.863758
4Z0Y-H-B	Positive	0.061697	0.938303
4ZUH-C-A	Positive	0.00554216	0.994458
4GAJ-P-H	Positive	0.00432342	0.995677
4APO-E-A	Positive	0.00203919	0.997961
4MQV-B-A	Positive	0.161966	0.838034
4LPZ-C-B	Positive	0.142515	0.857485
4LPZ-D-B	Positive	0.164851	0.835149
4WVI-D-A	Positive	0.0421637	0.957836
4IHG-I-A	Positive	0.439175	0.560825
4IHG-L-D	Positive	0.00362933	0.996371
4CQO-B-A	Positive	0.00193733	0.998063
4CQO-D-A	Positive	0.00110304	0.998897
4Z33-C-A	Positive	0.00159591	0.998404
4Z33-D-B	Positive	0.00108349	0.998917
4E35-C-A	Positive	0.00206602	0.997934
4E35-D-B	Positive	0.000785351	0.999215
4JL0-C-A	Positive	0.0267757	0.973224
4JL0-D-B	Positive	0.00859284	0.991407
4AU2-E-A	Positive	0.0083003	0.9917
4AU2-F-A	Positive	0.0083003	0.9917
4AU2-G-A	Positive	0.00491029	0.99509
4AU2-J-B	Positive	0.00163835	0.998362
4IS6-C-A	Positive	0.201871	0.798129
4OJK-C-A	Positive	0.369549	0.630451
4OJK-D-B	Positive	0.00599432	0.994006
4MJ5-C-A	Positive	0.00224727	0.997753
4XSS-B-E	Negative	0.967731	0.0322694
4XSS-F-E	Negative	0.959636	0.0403636
4XC2-E-A	Positive	0.139073	0.860927
4E9D-E-A	Positive	0.00307804	0.996922
4TZL-C-A	Positive	0.112199	0.887801
4TZL-D-B	Positive	0.0468165	0.953184
4AKT-C-A	Positive	0.0412614	0.958739
4OS7-B-A	Positive	0.00128067	0.998719
4C5E-E-A	Positive	0.00450206	0.995498
4FWF-E-A	Positive	0.00168055	0.998319
4UB8-I-A	Negative	0.79697	0.20303
4UB8-J-A	Negative	0.698137	0.301863
4UB8-j-a	Negative	0.698137	0.301863
4QVE-B-A	Positive	0.127999	0.872001
4XI7-C-A	Positive	0.000897169	0.999103
4AIM-C-A	Positive	0.0545977	0.945402
4JDK-B-A	Positive	0.0108428	0.989157
4GOW-A-D	Positive	0.361251	0.638749
4WQP-P-A	Positive	0.0211228	0.978877
4N0Y-A-H	Positive	0.0613985	0.938601
4U6G-P-H	Positive	0.180002	0.819998
4BPI-B-A	Positive	0.00563478	0.994365
4QRU-C-A	Negative	0.573428	0.426572
4LXL-D-A	Positive	0.00757009	0.99243
4M1D-P-L	Positive	0.00149834	0.998502
4XW6-B-A	Positive	0.0559631	0.944037
4D6T-I-A	Positive	0.00119281	0.998807
4P7I-C-A	Positive	0.117521	0.882479
4P7I-D-B	Positive	0.000112414	0.999888
4MXQ-B-C	Positive	0.0141008	0.985899
4MVK-B-A	Positive	0.0129914	0.987009
4CPA-I-A	Negative	0.892202	0.107798
4ODQ-B-A	Positive	0.000594854	0.999405
4ZKO-P-U	Positive	0.0185117	0.981488
4ZKO-Q-U	Positive	0.00882906	0.991171
4RWF-B-A	Negative	0.650182	0.349818
4Z8A-B-A	Positive	0.00179148	0.998209
4QUT-B-A	Positive	0.00820607	0.991794
4XZ1-B-A	Positive	0.00807786	0.991922
4NM0-B-A	Positive	0.0120091	0.987991
4M9S-E-A	Positive	0.000908017	0.999092
4M9S-F-B	Positive	0.000256836	0.999743
4M9S-H-D	Positive	0.000514865	0.999485
4WYU-D-A	Positive	0.000445187	0.999555
4BZI-F-A	Positive	0.0031119	0.996888
4BZI-N-D	Positive	0.007801	0.992199
4CIM-P-A	Positive	0.0119544	0.988046
4JK5-B-A	Positive	0.00100058	0.998999
4XBE-P-L	Positive	0.107376	0.892624
4MP0-B-A	Positive	0.379315	0.620685
4MP0-D-C	Positive	0.203913	0.796087
4LLB-C-A	Positive	0.00270849	0.997292
4F75-C-A	Positive	0.00204539	0.997955
4F75-D-A	Positive	0.00803834	0.991962
4WB7-I-A	Positive	0.0330641	0.966936
4PBU-F-A	Negative	0.546196	0.453804
4PBU-J-A	Negative	0.698137	0.301863
4PBU-M-A	Negative	0.98654	0.0134597
4PBU-t-B	Positive	0.428291	0.571709
4PBU-f-a	Positive	0.186969	0.813031
4PBU-j-a	Negative	0.609332	0.390668
4F56-C-A	Positive	0.00348389	0.996516
4N7Z-B-A	Negative	0.920187	0.0798132
4JOP-C-A	Positive	0.00132293	0.998677
4N8V-C-G	Positive	0.00199825	0.998002
4FTG-C-A	Positive	0.0283003	0.9717
4FTG-D-A	Positive	0.124566	0.875434
4FTG-E-A	Positive	0.00757831	0.992422
4TMA-I-A	Positive	0.433831	0.566169
4TMA-L-G	Positive	0.392151	0.607849
4JLU-B-A	Positive	0.144116	0.855884
4FM6-C-B	Positive	0.000266373	0.999734
4QMG-F-A	Positive	0.0558345	0.944165
4QMG-G-B	Positive	0.0199124	0.980088
4QMG-H-C	Positive	0.00283009	0.99717
4QMG-I-D	Positive	0.231068	0.768932
4ZHL-P-U	Positive	0.0105056	0.989494
4K74-C-A	Positive	0.00308371	0.996916
4K74-D-B	Positive	0.0034067	0.996593
4UX6-A-B	Positive	0.186238	0.813762
4U91-B-A	Positive	0.000798285	0.999202
4U91-E-A	Positive	0.000798285	0.999202
4IL6-F-A	Negative	0.546196	0.453804
4IL6-J-A	Negative	0.725003	0.274997
4IL6-T-A	Negative	0.657618	0.342382
4IL6-Y-C	Negative	0.773577	0.226423
4IL6-f-a	Positive	0.186969	0.813031
4IL6-j-a	Negative	0.725003	0.274997
4IL6-y-c	Negative	0.773577	0.226423
4MI8-C-A	Positive	0.351534	0.648466
4MI8-D-B	Negative	0.961116	0.0388835
4YNL-D-B	Positive	0.000855446	0.999145
4GUR-C-A	Positive	0.0252591	0.974741
4CYD-F-A	Positive	0.00584632	0.994154
4CYD-H-A	Positive	0.0102465	0.989753
4U4A-D-A	Positive	0.00391471	0.996085
4U4A-E-B	Positive	0.0169289	0.983071
4RVY-l-a	Negative	0.97889	0.0211096
4PRE-C-A	Positive	0.00956339	0.990437
4AYA-B-A	Positive	0.26792	0.73208
4O51-M-L	Positive	0.000778556	0.999221
4JMH-B-A	Positive	0.00236011	0.99764
4UG3-D-C	Negative	0.931418	0.0685815
4EP2-B-A	Positive	0.00375724	0.996243
4Z88-M-A	Positive	0.0606443	0.939356
4Z88-P-A	Positive	0.00171649	0.998284
4Z88-N-B	Positive	0.0006814	0.999319
4Z88-O-C	Positive	0.0247467	0.975253
4Z88-Q-E	Positive	0.0207273	0.979273
4Z88-R-F	Positive	0.00163883	0.998361
4Z88-T-H	Positive	0.00260437	0.997396
4Z88-W-H	Positive	0.0359185	0.964081
4Z88-X-I	Positive	0.000760317	0.99924
4J9F-B-A	Positive	0.00378293	0.996217
4UZ3-C-A	Negative	0.959669	0.0403309
4OGQ-G-A	Negative	0.757905	0.242095
4OGQ-H-A	Positive	0.00391531	0.996085
4YYK-C-A	Positive	0.0103703	0.98963
4TZM-D-B	Positive	0.00366968	0.99633
4CC9-C-A	Negative	0.874695	0.125305
4WSI-X-A	Positive	0.0133787	0.986621
4UF3-B-A	Positive	0.0498616	0.950138
4XXC-B-A	Positive	0.0500454	0.949955
4FDD-B-A	Positive	0.228794	0.771206
4F0Z-C-A	Positive	0.241343	0.758657
4QBS-P-A	Positive	0.00151324	0.998487
4Z8J-B-A	Positive	0.000634372	0.999366
4J7F-B-A	Positive	0.000655591	0.999344
4JML-E-A	Positive	0.203535	0.796465
4MDI-C-A	Positive	0.00232714	0.997673
4M9Y-C-A	Positive	0.00233495	0.997665
4M9Y-D-B	Positive	0.00147837	0.998522
4QH8-C-A	Positive	0.00127643	0.998724
4QH8-D-A	Positive	0.0498052	0.950195
4B1V-M-A	Positive	0.354036	0.645964
4DRW-E-A	Positive	0.00735849	0.992642
4N3C-B-A	Positive	0.0617763	0.938224
4DJS-B-A	Positive	0.0266634	0.973337
4C5A-C-A	Positive	0.00585151	0.994148
4B7Y-A-C	Positive	0.0584505	0.941549
4B7Y-B-C	Positive	0.0754274	0.924573
4FU4-C-A	Negative	0.905061	0.0949394
4UU8-D-A	Positive	0.0005126	0.999487
4WVS-B-A	Positive	0.0227766	0.977223
4GFU-F-A	Positive	0.000509381	0.999491
4GF3-B-A	Positive	0.429026	0.570974
4EJE-C-A	Positive	0.00704324	0.992957
4GO6-A-B	Negative	0.861321	0.138679
4GO6-C-B	Negative	0.897502	0.102498
4Y3O-C-A	Positive	0.149034	0.850966
4K38-D-A	Positive	0.00422484	0.995775
4K38-C-B	Positive	0.00226116	0.997739
4H3B-B-A	Positive	0.000769854	0.99923
4D69-P-A	Positive	0.00216752	0.997832
4D69-R-B	Positive	0.00288296	0.997117
4D69-U-E	Positive	0.00234246	0.997658
4D69-X-E	Positive	0.00257379	0.997426
4V1T-C-A	Positive	0.00372505	0.996275
4V1T-D-A	Positive	0.016303	0.983697
4IGK-C-A	Positive	0.000758052	0.999242
4IGK-D-B	Positive	0.000548065	0.999452
4AK4-B-A	Negative	0.836847	0.163153
4AK4-D-A	Positive	0.0353953	0.964605
4AK4-J-E	Negative	0.817068	0.182932
4MJT-J-A	Positive	0.422932	0.577068
4MJT-M-D	Positive	0.00170165	0.998298
4WND-B-A	Negative	0.730312	0.269688
4XYN-P-A	Positive	0.495571	0.504429
4QEO-P-A	Positive	0.00577742	0.994223
4XEV-C-A	Positive	0.011649	0.988351
4XEV-F-D	Positive	0.0178258	0.982174
4U1E-B-I	Negative	0.985602	0.0143978
4OKF-A-B	Positive	0.0976663	0.902334
4K72-C-A	Positive	0.00182188	0.998178
4K72-D-A	Positive	0.0538539	0.946146
4MZJ-T-A	Positive	0.0126466	0.987353
4O56-B-A	Positive	0.00159854	0.998401
4FZ0-N-A	Positive	0.16359	0.83641
4FZ0-O-B	Positive	0.222857	0.777143
4F02-C-A	Positive	0.00440955	0.99559
4X8N-B-A	Positive	0.345627	0.654373
4HRE-G-A	Positive	0.00102794	0.998972
4PIS-B-A	Positive	0.0047245	0.995275
4Z0F-C-A	Positive	0.000667155	0.999333
4FJO-B-A	Positive	0.0269469	0.973053
4FJO-D-C	Positive	0.179479	0.820521
4UQY-B-A	Positive	0.0270802	0.97292
4G0D-W-A	Negative	0.615265	0.384735
4G0D-Y-A	Negative	0.899807	0.100193
4G0D-X-B	Negative	0.905061	0.0949394
4NIQ-C-A	Negative	0.938635	0.0613646
4NIQ-D-B	Negative	0.654249	0.345751
4C95-D-A	Positive	0.0110786	0.988921
4S2T-A-P	Positive	0.0197966	0.980203
4GQB-C-A	Positive	0.00241125	0.997589
4IEA-P-A	Positive	0.00226486	0.997735
4AAZ-B-A	Negative	0.546731	0.45327
4UBF-P-A	Positive	0.00292969	0.99707
4MLI-B-A	Positive	0.00386584	0.996134
4XBU-B-A	Positive	0.0238749	0.976125
4JLQ-B-A	Positive	0.0013513	0.998649
4L3O-E-A	Positive	0.007981	0.992019
4L3O-G-C	Positive	0.007981	0.992019
4NNY-C-A	Positive	0.0455549	0.954445
4CW1-C-A	Positive	0.0377505	0.962249
4RTY-B-A	Positive	0.00140756	0.998592
4GXL-B-A	Positive	0.183758	0.816242
4FZD-C-A	Positive	0.000304461	0.999696
4GNF-C-A	Positive	0.00358438	0.996416
4QXU-K-L	Positive	0.000669241	0.999331
4BD6-C-A	Positive	0.0400825	0.959918
4WU7-C-A	Positive	0.0029158	0.997084
4BJT-D-A	Positive	0.00156182	0.998438
4HD8-F-A	Positive	0.00413465	0.995865
4NR1-S-A	Positive	0.00351298	0.996487
4G42-C-A	Positive	0.00352341	0.996477
4QC1-D-A	Positive	0.0201526	0.979847
4QC1-E-B	Positive	0.0197839	0.980216
4P6X-B-A	Positive	0.0952058	0.904794
4X3G-C-A	Positive	0.0278986	0.972101
4X3G-D-B	Positive	0.073655	0.926345
4HZL-E-H	Negative	0.765477	0.234523
4M6B-C-A	Positive	0.34258	0.65742
4YJE-B-A	Positive	0.00406629	0.995934
4RS9-B-A	Negative	0.545291	0.454709
4UI9-T-A	Positive	0.000403941	0.999596
4UI9-U-A	Positive	0.0242085	0.975791
4UI9-W-A	Positive	0.0219007	0.978099
4UI9-G-J	Positive	0.0219007	0.978099
4O1V-B-A	Positive	0.000722587	0.999277
4Z77-C-A	Positive	0.00770229	0.992298
4Z77-F-D	Positive	0.00770229	0.992298
4NE9-D-B	Negative	0.870638	0.129362
4NMX-Z-B	Positive	0.00565636	0.994344
4OYK-C-A	Positive	0.156356	0.843644
4OYK-D-B	Positive	0.137461	0.862539
4AYB-Q-A	Negative	0.537158	0.462842
4AYB-P-B	Negative	0.906508	0.0934924
4OO6-B-A	Positive	0.00813407	0.991866
4YYP-B-A	Negative	0.569724	0.430276
4F88-J-2	Negative	0.692616	0.307384
4UJ4-C-A	Negative	0.526634	0.473366
4UJ4-F-D	Positive	0.28366	0.71634
4UJ4-L-J	Negative	0.723223	0.276777
4HYT-G-A	Negative	0.874765	0.125235
4WPF-B-A	Positive	0.000894606	0.999105
4J8O-B-A	Positive	0.00164771	0.998352
4ZUS-C-A	Positive	0.345828	0.654172
4NAW-D-A	Positive	0.00480008	0.9952
4NAW-H-E	Positive	0.000901341	0.999099
4NU8-A-X	Positive	0.000164509	0.999835
4ONG-P-H	Positive	0.00172925	0.998271
4H4F-Q-A	Positive	0.00218093	0.997819
4FE1-K-A	Positive	0.0805352	0.919465
4FE1-M-B	Positive	0.00454342	0.995457
4FE1-X-B	Positive	0.0384945	0.961506
4G9J-C-A	Positive	0.121632	0.878368
4ORE-A-X	Positive	0.000164509	0.999835
4Y8H-c-H	Positive	0.0225376	0.977462
4JO6-Y-A	Positive	0.00767541	0.992325
4RIS-P-H	Positive	0.0926856	0.907314
4JFE-C-A	Positive	0.104283	0.895717
4YV8-B-A	Positive	0.00261527	0.997385
4N3Y-A-B	Negative	0.697427	0.302573
4GGN-D-A	Positive	0.00870287	0.991297
4XGC-F-C	Negative	0.51446	0.48554
4GVD-C-A	Positive	0.0117297	0.98827
4W5A-C-A	Positive	0.00149208	0.998508
4W5A-D-B	Positive	0.00125903	0.998741
4EJF-E-A	Positive	0.0382641	0.961736
4EJF-F-A	Positive	0.0532434	0.946757
4PGC-C-A	Positive	0.0292874	0.970713
4BTB-C-A	Positive	0.0368177	0.963182
4OBD-E-A	Positive	0.0614398	0.93856
4EZN-C-A	Positive	0.00143075	0.998569
4EZN-D-A	Positive	0.0952681	0.904732
4XAI-P-A	Positive	0.00400305	0.995997
4XAI-Q-B	Positive	0.0390782	0.960922
4G5S-E-A	Positive	0.081592	0.918408
4G5S-G-A	Positive	0.056484	0.943516
4G5S-Z-D	Positive	0.01246	0.98754
4LFD-E-A	Positive	0.00376624	0.996234
4V1U-C-A	Positive	0.00340706	0.996593
4HUW-I-A	Positive	0.00201154	0.997988
4D0T-Z-B	Positive	0.00351644	0.996484
4D0T-P-C	Positive	0.00178045	0.99822
4PL8-H-A	Positive	0.023552	0.976448
4DGB-B-A	Positive	0.00706649	0.992934
4I4W-C-A	Positive	0.00315243	0.996848
4IN9-B-A	Positive	0.00790471	0.992095
4GWQ-H-B	Positive	0.308353	0.691647
4QQ4-C-A	Positive	0.0105689	0.989431
4QQ4-D-B	Positive	0.0105689	0.989431
4NMQ-C-A	Positive	0.00112396	0.998876
4NR2-B-A	Negative	0.785996	0.214004
4NR2-D-C	Negative	0.772134	0.227866
4TJX-B-A	Positive	0.00297046	0.99703
4GAG-P-H	Positive	0.00281245	0.997188
4GNT-B-A	Negative	0.667953	0.332047
4H36-B-A	Positive	0.00291246	0.997088
4JJQ-B-A	Positive	0.00451297	0.995487
4EQ0-P-A	Positive	0.00239927	0.997601
4EZH-C-A	Positive	0.00121468	0.998785
4QFQ-B-A	Negative	0.951461	0.0485392
4D2L-B-A	Positive	0.0255826	0.974417
4LP9-I-A	Positive	0.0108871	0.989113
4XYI-B-A	Positive	0.0009799	0.99902
4NXR-B-A	Positive	0.00269794	0.997302
4X8W-G-B	Positive	0.254893	0.745107
4X8W-F-C	Negative	0.842935	0.157065
4OKW-B-A	Positive	0.0343448	0.965655
4GKN-C-A	Positive	0.0114933	0.988507
4CC2-B-A	Positive	0.00188011	0.99812
4CC2-D-A	Positive	0.00270516	0.997295
4X3I-B-A	Positive	0.000475883	0.999524
4I7B-B-A	Positive	0.00128043	0.99872
4J82-C-A	Positive	0.00263256	0.997367
4XC3-P-L	Positive	0.115019	0.884981
4NMV-C-A	Positive	0.000920296	0.99908
4UZY-B-A	Negative	0.674398	0.325602
4OZI-J-A	Positive	0.112413	0.887587
4B1W-M-B	Positive	0.103042	0.896958
4BH7-P-A	Negative	0.71192	0.28808
4PSX-C-A	Negative	0.905002	0.0949979
4PSX-F-D	Negative	0.702921	0.297079
4D11-Z-A	Positive	0.0121772	0.987823
4LOO-B-A	Positive	0.168704	0.831296
4GYW-B-A	Positive	0.0053544	0.994646
4B6H-C-A	Positive	0.0359581	0.964042
4B6H-D-B	Positive	0.0746444	0.925356
4DCB-F-A	Positive	0.023257	0.976743
4DZV-B-A	Negative	0.52917	0.47083
4I21-C-A	Negative	0.735557	0.264443
4JHJ-C-A	Positive	0.00349039	0.99651
4EZQ-B-A	Positive	0.00926238	0.990738
4JOE-C-A	Positive	0.000939071	0.999061
4JQV-B-A	Positive	0.00201344	0.997987
4OFB-B-A	Positive	0.00957614	0.990424
4IIM-C-A	Positive	0.044944	0.955056
4IIM-D-A	Positive	0.044944	0.955056
4IIM-E-B	Positive	0.00385308	0.996147
4K45-B-A	Positive	0.0171373	0.982863
4YL6-B-A	Positive	0.345944	0.654056
4RKU-J-A	Negative	0.947444	0.0525558
4YGM-D-B	Negative	0.987363	0.0126369
4X3K-C-A	Positive	0.000955403	0.999045
4J4Q-B-A	Positive	0.00121969	0.99878
4NHC-P-L	Positive	0.0792853	0.920715
4AY5-I-A	Positive	0.00296402	0.997036
4PZ5-B-A	Positive	0.0556931	0.944307
4FGX-B-A	Positive	0.0285062	0.971494
4M9X-C-A	Positive	0.00274688	0.997253
4M9X-D-B	Positive	0.00166613	0.998334
4X8P-B-A	Positive	0.494861	0.505139
4ER4-I-E	Positive	0.00383556	0.996164
4XAJ-Q-C	Positive	0.00286508	0.997135
4J8S-B-A	Positive	0.0145521	0.985448
4GYO-D-A	Positive	0.0011155	0.998884
4XZR-A-B	Positive	0.0300299	0.96997
4F20-Q-A	Positive	0.00605732	0.993943
4F7T-C-A	Positive	0.0145926	0.985407
4JQI-V-A	Positive	0.225864	0.774136
4KBB-D-B	Negative	0.990061	0.0099395
4BXF-C-A	Positive	0.00468093	0.995319
4BXF-D-B	Positive	0.00104058	0.998959
4RKJ-A-B	Positive	0.469031	0.530969
4R3S-Q-A	Positive	0.015533	0.984467
4U6Y-P-A	Positive	0.000322104	0.999678
4BPK-C-A	Positive	0.000864923	0.999135
4BPK-D-B	Positive	0.000864923	0.999135
4WNE-B-A	Negative	0.518448	0.481552
4WVJ-D-A	Positive	0.0340159	0.965984
4LSJ-B-A	Negative	0.728481	0.271519
4IIO-C-B	Positive	0.00332046	0.99668
4OBH-E-A	Positive	0.0485042	0.951496
4OBH-F-C	Positive	0.0485042	0.951496
4EEF-G-A	Positive	0.441636	0.558364
4EEF-H-C	Positive	0.246657	0.753343
4ZQW-A-B	Positive	0.0128689	0.987131
4Q0A-D-C	Positive	0.0292842	0.970716
4K3M-E-A	Positive	0.00903779	0.990962
4N7G-B-A	Positive	0.0392017	0.960798
4PK3-B-A	Positive	0.0022971	0.997703
4UU5-B-A	Positive	0.00207627	0.997924
4XXD-C-A	Positive	0.0394798	0.96052
4XXD-F-D	Positive	0.209215	0.790785
4RHG-B-A	Positive	0.00313842	0.996862
4CGQ-Q-A	Positive	0.000963926	0.999036
4JAA-S-A	Positive	0.00148064	0.998519
4DPG-I-A	Negative	0.860488	0.139512
4DPG-L-E	Negative	0.860488	0.139512
4B4N-B-A	Positive	0.165793	0.834207
4YCW-C-A	Positive	0.0491353	0.950865
4OLM-B-A	Positive	0.0362948	0.963705
4OBJ-C-A	Positive	0.00580168	0.994198
4UWQ-I-G	Negative	0.969685	0.030315
4OFR-B-A	Positive	0.00253236	0.997468
4CG6-D-A	Positive	0.00417888	0.995821
4BWS-B-A	Positive	0.475698	0.524302
4K6Y-C-A	Positive	0.00190479	0.998095
4K6Y-D-B	Positive	0.000714719	0.999285
4L8D-E-A	Positive	0.00396997	0.99603
4O3U-P-A	Positive	0.0111027	0.988897
4MNW-B-A	Positive	0.0473979	0.952602
4MZ6-A-E	Positive	0.0017696	0.99823
4MZ6-C-E	Positive	0.0137088	0.986291
4NGH-P-L	Positive	0.0472816	0.952718
4N3X-A-B	Negative	0.967133	0.0328669
4N3X-C-B	Negative	0.957503	0.0424968
4N39-B-A	Positive	0.0101748	0.989825
4A62-C-A	Positive	0.103584	0.896416
4U2W-B-A	Positive	0.00375593	0.996244
4X6Z-e-E	Positive	0.0103081	0.989692
4G5Q-G-A	Positive	0.224936	0.775064
4G5Q-F-B	Positive	0.0958293	0.904171
4WPH-D-A	Positive	0.0061866	0.993813
4QYO-Q-A	Negative	0.61627	0.38373
4K75-B-A	Positive	0.000936806	0.999063
4E43-C-A	Positive	0.000790358	0.99921
4FVL-C-A	Positive	0.175123	0.824877
4FVL-D-B	Negative	0.668567	0.331433
4S15-C-A	Positive	0.00196666	0.998033
4G7Q-C-A	Negative	0.988844	0.011156
4L8B-C-A	Positive	0.00298452	0.997015
4DY7-A-B	Negative	0.960703	0.0392973
4DY7-D-E	Negative	0.913794	0.0862058
4C0B-C-A	Positive	0.432457	0.567543
4C0B-D-B	Positive	0.234401	0.765599
4YYH-Z-A	Positive	0.0208325	0.979167
4BUZ-P-A	Positive	0.0141614	0.985839
4XE5-G-A	Negative	0.644577	0.355423
4MD4-C-A	Positive	0.00571495	0.994285
4RH5-B-A	Positive	0.00388926	0.996111
4X34-C-A	Positive	0.0118384	0.988162
4X34-D-B	Positive	0.00378847	0.996212
4TN7-E-A	Positive	0.00371844	0.996282
4LKM-B-A	Positive	0.000687361	0.999313
4FI9-B-A	Positive	0.00552636	0.994474
4Y8G-c-H	Positive	0.0556911	0.944309
4FGT-D-A	Positive	0.00438982	0.99561
4KT0-J-A	Negative	0.968576	0.0314239
4KT0-M-B	Negative	0.602734	0.397266
4JO8-B-A	Positive	0.0309938	0.969006
4R5I-B-A	Positive	0.000854135	0.999146
4R3R-B-A	Positive	0.00327843	0.996722
4FBW-C-A	Negative	0.857218	0.142782
4FBW-D-B	Negative	0.749034	0.250966
4XST-F-E	Positive	0.0856547	0.914345
4Z7O-G-A	Positive	0.00128031	0.99872
4UE1-F-A	Positive	0.00943154	0.990568
4UE1-G-A	Positive	0.00943154	0.990568
4BRU-B-A	Negative	0.807227	0.192773
4E3B-C-A	Positive	0.00167292	0.998327
4E3B-D-B	Positive	0.0661132	0.933887
4ZBJ-D-B	Positive	0.412464	0.587536
4C78-C-A	Positive	0.00604397	0.993956
4NFT-F-C	Positive	0.469526	0.530474
4UED-B-A	Negative	0.60394	0.39606
4Y19-C-A	Positive	0.110717	0.889283
4UQ2-E-A	Positive	0.00456649	0.995434
4OIL-B-A	Positive	0.0101557	0.989844
4NO3-C-A	Positive	0.000376582	0.999623
4HVW-B-A	Positive	0.00511086	0.994889
4Z2O-P-A	Positive	0.00111037	0.99889
4V4I-Z-R	Positive	0.39729	0.60271
4GFV-F-A	Positive	0.000453174	0.999547
4GFV-E-B	Positive	0.000314236	0.999686
4H25-C-A	Positive	0.0155802	0.98442
4JO2-P-L	Positive	0.0142142	0.985786
4LCD-C-A	Positive	0.0695034	0.930497
4LCD-D-B	Positive	0.0280432	0.971957
4WX8-F-C	Negative	0.684961	0.315039
4A1W-P-A	Positive	0.0112188	0.988781
4A1W-Q-A	Positive	0.0171224	0.982878
4OEZ-B-A	Positive	0.00815225	0.991848
4HX1-C-A	Positive	0.455306	0.544694
4DOQ-B-A	Positive	0.324233	0.675767
4DOQ-D-C	Positive	0.324233	0.675767
4QJ7-F-A	Positive	0.00137949	0.998621
4QJ7-G-A	Positive	0.00484717	0.995153
4WF9-Z-K	Negative	0.51304	0.48696
4TR9-E-A	Positive	0.00352067	0.996479
4TR9-G-B	Positive	0.00455487	0.995445
4TR9-K-D	Positive	0.00319034	0.99681
4HNJ-C-A	Positive	0.0511806	0.948819
4CUG-E-A	Positive	0.00072521	0.999275
4CUG-F-A	Positive	0.0433564	0.956644
4H2S-C-A	Positive	0.470141	0.529859
4YH1-C-A	Positive	0.00831181	0.991688
4HTP-C-A	Negative	0.623162	0.376838
4HTP-E-B	Positive	0.00249076	0.997509
4O3T-P-A	Positive	0.0172968	0.982703
4EZO-C-A	Positive	0.00953883	0.990461
4EZO-D-A	Positive	0.00580347	0.994197
4MJ6-C-A	Positive	0.0113258	0.988674
4QJR-B-A	Positive	0.0195612	0.980439
4LX3-B-A	Negative	0.951461	0.0485392
4JBN-C-A	Positive	0.00191617	0.998084
4O2F-C-A	Positive	0.00113761	0.998862
4GKS-C-A	Positive	0.0061602	0.99384
4JO7-H-E	Positive	0.0404536	0.959546
4KG9-B-A	Positive	0.00161064	0.998389
4TZO-B-A	Positive	0.0125232	0.987477
4EZS-B-A	Positive	0.0132875	0.986712
4JMF-A-B	Negative	0.945051	0.054949
4D07-B-A	Positive	0.0257352	0.974265
4Y5I-F-A	Positive	0.00192082	0.998079
4KV4-B-A	Positive	0.00086838	0.999132
4GOE-B-A	Negative	0.667622	0.332378
4YSI-B-A	Positive	0.000452697	0.999547
4AA2-P-A	Positive	0.00916386	0.990836
4U6X-P-A	Positive	0.00726098	0.992739
4X1N-P-U	Positive	0.00546491	0.994535
4G2V-B-A	Positive	0.00123489	0.998765
4ZGM-B-A	Positive	0.424536	0.575464
4PSI-D-A	Positive	0.0163632	0.983637
4ICG-B-C	Positive	0.182123	0.817877
4U39-J-A	Negative	0.965409	0.0345914
4U39-K-B	Positive	0.0151544	0.984846
4U39-M-B	Positive	0.00369632	0.996304
4U39-L-C	Positive	0.305385	0.694615
4U39-P-C	Positive	0.0107458	0.989254
4U39-N-E	Positive	0.210814	0.789186
4U39-O-F	Positive	0.160552	0.839448
4U39-Q-H	Negative	0.948644	0.0513557
4U39-R-I	Positive	0.0131121	0.986888
4HGC-I-A	Positive	0.0515516	0.948448
4ZJ7-B-A	Positive	0.00159079	0.998409
4UJ3-X-V	Negative	0.849659	0.150341
4X5K-B-A	Positive	0.00116879	0.998831
4UI7-D-A	Negative	0.950983	0.0490175
4W8P-B-A	Positive	0.224376	0.775624
4NXQ-D-A	Positive	0.00387615	0.996124
4NXQ-F-A	Positive	0.00319552	0.996804
4CFH-C-A	Positive	0.385409	0.614591
4L0N-J-A	Negative	0.808353	0.191647
4PXF-B-A	Positive	0.000129223	0.999871
4CFQ-Q-A	Negative	0.57019	0.42981
4CFQ-R-C	Positive	0.283738	0.716262
4ODM-E-A	Positive	0.0089941	0.991006
4ODM-F-A	Positive	0.148768	0.851232
4ODM-G-A	Positive	0.00997132	0.990029
4ODM-M-A	Positive	0.0187001	0.9813
4ODM-K-B	Negative	0.703134	0.296866
4ODM-I-C	Positive	0.0149217	0.985078
4ODM-J-C	Negative	0.513735	0.486265
4ODM-L-C	Negative	0.635367	0.364633
4EZU-B-A	Positive	0.0796896	0.92031
4IGA-B-A	Positive	0.111579	0.888421
4OBF-E-A	Positive	0.00580168	0.994198
4OBF-F-B	Positive	0.00274748	0.997253
4MD0-C-A	Positive	0.0064624	0.993538
4J24-I-A	Positive	0.0112504	0.98875
4J24-J-B	Positive	0.00522774	0.994772
4J24-L-D	Positive	0.0067606	0.993239
4YDV-P-L	Positive	0.00274509	0.997255
4L3C-m-A	Positive	0.0084213	0.991579
4L3C-i-C	Positive	0.0084213	0.991579
4PKY-C-A	Negative	0.757124	0.242876
4PKY-F-B	Negative	0.668408	0.331592
4PKY-E-D	Negative	0.649659	0.350341
4ERQ-D-A	Positive	0.00394022	0.99606
4QE8-C-A	Positive	0.184421	0.815579
4AXG-C-A	Negative	0.586342	0.413658
4AXG-D-B	Positive	0.00959146	0.990409
4E9C-B-A	Positive	0.00189978	0.9981
4W4Z-E-A	Positive	0.00335485	0.996645
4W4Z-H-D	Positive	0.00335485	0.996645
4ZEQ-B-A	Positive	0.0390611	0.960939
4OMC-H-A	Positive	0.00462788	0.995372
4RU2-B-A	Positive	0.0296198	0.97038
4RU2-H-A	Positive	0.00518101	0.994819
4RU2-F-E	Positive	0.0328541	0.967146
4RU2-P-O	Positive	0.00514668	0.994853
4TKN-D-A	Positive	0.0299339	0.970066
4TKN-E-A	Positive	0.037593	0.962407
4XK8-J-A	Negative	0.948755	0.051245
4XK8-K-A	Positive	0.181821	0.818179
4XK8-j-a	Negative	0.948755	0.051245
4XK8-k-a	Positive	0.292094	0.707906
4CVX-C-A	Positive	0.00307173	0.996928
4PGE-C-A	Positive	0.035062	0.964938
4HKC-B-A	Positive	0.00171983	0.99828
4J8R-I-A	Positive	0.257587	0.742413
4J8R-J-C	Positive	0.0028742	0.997126
4FIF-C-A	Positive	0.00185966	0.99814
4CQK-C-A	Negative	0.546731	0.45327
4RIQ-A-D	Negative	0.966083	0.0339168
4RIQ-C-D	Positive	0.00286031	0.99714
4RIQ-E-D	Negative	0.98641	0.0135903
4RIQ-S-D	Negative	0.97665	0.0233503
4RIQ-U-D	Positive	0.0097909	0.990209
4RIQ-V-H	Negative	0.987812	0.0121881
4RIQ-X-H	Positive	0.00286031	0.99714
4BH6-N-E	Positive	0.34868	0.65132
4BH6-M-F	Positive	0.316763	0.683237
4BVG-B-A	Positive	0.000739157	0.999261
4ZW2-B-A	Negative	0.983368	0.0166325
4B9W-P-A	Positive	0.0803238	0.919676
4HDQ-C-A	Positive	0.00296605	0.997034
4ZUU-C-A	Positive	0.0271537	0.972846
4QUH-D-A	Positive	0.00232667	0.997673
4QUM-B-A	Positive	0.00156635	0.998434
4P2R-C-A	Positive	0.00356954	0.99643
4FLG-C-B	Positive	0.000755191	0.999245
4FLG-E-B	Positive	0.000596285	0.999404
4FLG-F-B	Positive	7.689e-05	0.999923
4E06-I-H	Positive	0.00480044	0.9952
4MCZ-C-A	Positive	0.00537294	0.994627
4XMK-P-L	Positive	0.0087797	0.99122
4PBY-C-A	Positive	0.0665587	0.933441
4PBY-D-B	Positive	0.119336	0.880664
4WJ7-W-A	Positive	0.00159001	0.99841
4WJ7-X-A	Positive	0.00075531	0.999245
4WVD-C-A	Positive	0.025039	0.974961
4WVD-D-B	Positive	0.102778	0.897222
4H3P-B-A	Positive	0.00880933	0.991191
4H3P-E-D	Positive	0.0231895	0.97681
4PV8-E-A	Positive	0.000747144	0.999253
4UMN-C-A	Positive	0.00936711	0.990633
4HIX-A-H	Positive	0.00242692	0.997573
4UFD-I-H	Positive	0.000871599	0.999128
4U3F-I-A	Positive	0.0602463	0.939754
4U3F-V-N	Positive	0.0602463	0.939754
4WZ9-M-A	Positive	0.00243676	0.997563
4WZ9-N-B	Positive	0.0167785	0.983222
4J45-B-A	Positive	0.00528449	0.994716
4MN8-C-A	Positive	0.284058	0.715942
4ODN-B-A	Positive	0.00440967	0.99559
4HDA-F-A	Positive	0.00169492	0.998305
4DFW-D-A	Positive	0.00240475	0.997595
4U7Y-B-A	Positive	0.0787605	0.921239
4LEB-B-A	Positive	0.00530303	0.994697
4CDR-E-A	Positive	0.00289923	0.997101
4CDR-G-C	Positive	0.00289923	0.997101
4YV4-A-B	Negative	0.503114	0.496886
4YV4-F-C	Negative	0.579589	0.420411
4Z7W-J-A	Positive	0.024775	0.975225
4V0X-B-A	Positive	0.0442882	0.955712
4YOO-X-A	Positive	0.0086996	0.9913
4UF6-C-A	Negative	0.947006	0.0529936
4UF6-I-A	Negative	0.953369	0.0466309
4EZX-C-A	Positive	0.00134587	0.998654
4EZX-D-B	Positive	0.00134587	0.998654
4WFD-C-A	Positive	0.234427	0.765573
4WFD-F-D	Positive	0.0453399	0.95466
4J83-B-A	Positive	0.00111991	0.99888
4WJ5-C-A	Positive	0.0036782	0.996322
4U1H-C-A	Positive	0.0027138	0.997286
4A1U-B-A	Positive	0.00654066	0.993459
4TSF-I-A	Negative	0.735614	0.264386
4TSF-H-E	Positive	0.0278237	0.972176
4XXB-B-A	Negative	0.772885	0.227115
4I7D-B-A	Positive	0.00685996	0.99314
4BQK-D-A	Positive	0.00108075	0.998919
4BQK-C-B	Positive	0.0142618	0.985738
4W4U-G-D	Negative	0.632145	0.367855
4HKD-A-B	Negative	0.575961	0.424039
4K39-C-A	Positive	0.000862479	0.999138
4OAJ-B-A	Positive	0.000507236	0.999493
4KV1-C-A	Positive	0.000536978	0.999463
4BWB-C-A	Positive	0.00904095	0.990959
4BWB-D-B	Positive	0.0567523	0.943248
4A1G-E-A	Positive	0.250586	0.749414
4A1G-F-A	Positive	0.00235206	0.997648
4A1G-H-A	Positive	0.0123371	0.987663
4DJC-B-A	Positive	0.0135975	0.986402
4BJ3-C-A	Positive	0.00786263	0.992137
4G6F-P-H	Negative	0.983701	0.0162992
4G6F-F-B	Negative	0.961969	0.0380308
4NY3-C-A	Positive	0.00208324	0.997917
4J73-B-A	Positive	0.00228143	0.997719
4CFR-Q-A	Negative	0.598158	0.401842
4BJS-D-A	Negative	0.930367	0.0696328
4JWE-C-A	Positive	0.00294745	0.997053
4JWE-D-A	Positive	0.0342241	0.965776
4WU5-C-A	Positive	0.010873	0.989127
4O36-A-B	Positive	0.169867	0.830133
4AID-F-A	Positive	0.0197361	0.980264
4AID-H-C	Positive	0.0423229	0.957677
4DX9-D-A	Positive	0.17776	0.82224
4DX9-B-A	Positive	0.097183	0.902817
4DX9-9-0	Positive	0.000786543	0.999213
4DX9-l-k	Positive	0.00205058	0.997949
4DX9-x-1	Positive	0.00332248	0.996678
4DX9-q-1	Negative	0.832027	0.167973
4DX9-r-2	Positive	0.0103052	0.989695
4DX9-8-3	Positive	0.00172842	0.998272
4DX9-p-o	Positive	0.00050056	0.999499
4DX9-t-s	Positive	0.00887024	0.99113
4DX9-v-u	Positive	0.00521904	0.994781
4DX9-j-g	Positive	0.000534475	0.999466
4DX9-w-i	Negative	0.695566	0.304434
4DX9-X-Q	Negative	0.588133	0.411867
4DX9-z-y	Positive	0.00061965	0.99938
4Z7Q-G-A	Positive	0.00128031	0.99872
4OU3-B-A	Positive	0.000167727	0.999832
4L1U-H-A	Positive	0.466586	0.533414
4L1U-G-B	Positive	0.0140577	0.985942
4L1U-I-E	Positive	0.0263979	0.973602
4L1U-J-F	Positive	0.00302589	0.996974
4PPP-C-A	Positive	0.000729501	0.99927
4CAA-B-A	Negative	0.965313	0.0346865
4H2U-C-A	Negative	0.778987	0.221013
4C7N-A-B	Positive	0.126144	0.873856
4GGD-C-A	Positive	0.00120789	0.998792
4GGD-D-A	Positive	0.0010559	0.998944
4ZUW-C-A	Positive	0.00266767	0.997332
4QA7-B-A	Positive	0.0168088	0.983191
4J47-B-A	Positive	0.0021413	0.997859
4K3P-E-A	Positive	0.00281149	0.997189
4XIF-E-A	Positive	0.0183379	0.981662
4XIF-H-D	Positive	0.0183379	0.981662
4GQ6-B-A	Positive	0.0297017	0.970298
4X2H-C-A	Positive	0.0012694	0.998731
4WJQ-B-A	Positive	0.3788	0.6212
4R32-C-A	Positive	0.0191336	0.980866
4TWT-E-A	Positive	0.00137472	0.998625
4TWT-F-C	Positive	0.00137472	0.998625
4J09-B-A	Positive	0.00597155	0.994028
4TRZ-D-A	Positive	0.000733435	0.999267
4C5Q-C-A	Negative	0.759613	0.240387
4C5Q-G-E	Negative	0.731632	0.268367
4QX8-F-C	Positive	0.0152753	0.984725
4ZTD-E-A	Positive	0.00122136	0.998779
4ZTD-F-C	Positive	0.0143727	0.985627
4Y1A-C-A	Positive	0.0211684	0.978832
4BRW-B-A	Positive	0.333743	0.666257
4I5B-C-A	Positive	0.00283533	0.997165
4I5B-F-D	Positive	0.00292009	0.99708
4EQJ-G-A	Positive	0.00564128	0.994359
4EWR-C-A	Positive	0.395537	0.604463
4F1Z-Q-A	Positive	0.00300097	0.996999
4IMJ-F-D	Positive	0.00296819	0.997032
4OKT-B-A	Positive	0.382829	0.617171
4DAT-B-A	Positive	0.00331813	0.996682
4QC3-C-A	Positive	0.00719213	0.992808
4RAL-D-A	Positive	0.00681269	0.993187
4RAL-E-B	Positive	0.00548345	0.994517
4XPN-B-A	Positive	0.00234765	0.997652
4XPN-D-C	Positive	0.0335314	0.966469
4ABJ-B-A	Positive	0.0233772	0.976623
4HPY-P-H	Negative	0.836403	0.163597
4FAS-D-A	Positive	0.287628	0.712372
4TXR-B-A	Positive	0.0218486	0.978151
4TXR-C-A	Positive	0.0228242	0.977176
4B7E-B-A	Positive	0.0433401	0.95666
4DXR-B-A	Negative	0.54264	0.45736
4B8O-B-A	Positive	0.0054456	0.994554
4MIT-E-A	Negative	0.536705	0.463294
4MIT-F-A	Positive	0.232384	0.767616
4MIT-H-A	Negative	0.756751	0.243249
4MIT-G-B	Negative	0.650538	0.349462
4FVD-C-A	Positive	0.00432128	0.995679
4CZS-E-A	Positive	0.4542	0.5458
4EZP-C-A	Positive	0.00362343	0.996377
4EZP-D-A	Positive	0.00297827	0.997022
4D0D-C-A	Positive	0.00168443	0.998316
4JQX-B-A	Positive	0.152588	0.847412
4F76-C-A	Positive	0.012033	0.987967
4F76-D-A	Positive	0.000757694	0.999242
4WSF-B-A	Positive	0.0240744	0.975926
4P2Q-C-A	Positive	0.0305849	0.969415
4P2Q-M-K	Positive	0.023421	0.976579
4JHK-C-A	Positive	0.013112	0.986888
4EQY-X-G	Positive	0.0101658	0.989834
4YIG-B-A	Negative	0.961265	0.0387351
4HR6-A-B	Negative	0.936829	0.0631711
4ICZ-F-A	Positive	0.00685728	0.993143
4RXH-C-B	Positive	0.00170821	0.998292
4CH2-A-B	Positive	0.104383	0.895617
4CH2-P-B	Positive	0.000196397	0.999804
4CH2-Q-D	Positive	0.00018698	0.999813
4Y7R-B-A	Positive	0.000688076	0.999312
4DAU-B-A	Positive	0.00253189	0.997468
4P5H-1-A	Positive	0.00280082	0.997199
4JXT-B-A	Positive	0.026653	0.973347
4FMO-C-A	Positive	0.0015521	0.998448
4YIA-B-A	Positive	0.219114	0.780886
4L6V-M-B	Positive	0.00380033	0.9962
4ZOX-B-A	Positive	0.00937027	0.99063
4YL8-B-A	Positive	0.251283	0.748717
4Y8I-c-H	Positive	0.00422329	0.995777
4JYH-G-A	Positive	0.036514	0.963486
4XI9-E-A	Positive	0.00241494	0.997585
4S0G-B-A	Positive	0.00302553	0.996974
4FGA-P-A	Positive	0.102944	0.897056
4AUO-C-A	Positive	0.0348985	0.965101
4AUO-D-A	Positive	0.0401478	0.959852
4AUO-E-A	Positive	0.0450835	0.954916
4D0B-C-A	Positive	0.0730318	0.926968
4MOY-B-A	Positive	0.126265	0.873735
4X8K-B-A	Positive	0.207325	0.792675
4J2C-B-A	Positive	0.00610185	0.993898
4D49-C-A	Positive	0.00815493	0.991845
4D49-D-A	Positive	0.00815493	0.991845
4UX9-F-A	Positive	0.00741249	0.992588
4UX9-G-B	Positive	0.000402868	0.999597
4UX9-H-C	Positive	0.0687107	0.931289
4UX9-I-D	Positive	0.067134	0.932866
4BEA-B-A	Positive	0.179145	0.820855
4GLR-A-H	Positive	0.0935104	0.90649
4GVU-B-A	Positive	0.00624192	0.993758
4WVH-C-A	Positive	0.000360012	0.99964
4ASU-I-G	Positive	0.125216	0.874784
4GBA-F-A	Positive	0.0010125	0.998987
4P1W-G-C	Positive	0.000607967	0.999392
4UF1-B-A	Positive	0.247586	0.752414
4BL0-B-A	Negative	0.89792	0.10208
4BL0-C-A	Positive	0.421214	0.578786
4BL0-E-A	Negative	0.983152	0.0168483
4BL0-F-D	Positive	0.222494	0.777506
4NND-F-A	Positive	0.000789642	0.99921
4NND-E-D	Positive	0.000765085	0.999235
4DC2-Z-A	Positive	0.0174926	0.982507
4H0H-D-B	Positive	0.00782681	0.992173
4XKL-B-A	Positive	0.374731	0.625269
4XKL-D-A	Negative	0.97759	0.0224101
4Z78-C-A	Positive	0.00465554	0.995344
4JFD-C-A	Negative	0.595743	0.404257
4WV6-B-A	Positive	0.00672823	0.993272
4WV6-C-A	Positive	0.00089401	0.999106
4O37-A-B	Positive	0.323904	0.676096
4JIF-B-A	Positive	0.337631	0.662369
4EQF-B-A	Positive	0.000426471	0.999574
4Z09-C-A	Positive	0.00065583	0.999344
4HT6-B-A	Positive	0.00330555	0.996694
4JDI-B-A	Positive	0.00396413	0.996036
4DNC-D-A	Positive	0.0849147	0.915085
4DNC-E-A	Positive	0.481791	0.518209
4A1T-D-B	Negative	0.864967	0.135033
4WYB-B-A	Negative	0.975303	0.0246972
4WYB-D-A	Negative	0.662441	0.337559
4WYB-J-A	Negative	0.631359	0.368641
4WYB-P-A	Negative	0.684472	0.315528
4GXB-B-A	Positive	0.111205	0.888795
4F14-B-A	Positive	0.0746046	0.925395
4G43-C-A	Positive	0.00322121	0.996779
4Z80-C-A	Positive	0.37267	0.62733
4Z80-D-B	Positive	0.311727	0.688273
4C2F-C-A	Positive	0.000397742	0.999602
4AUI-D-A	Positive	0.0200828	0.979917
4PV9-E-A	Positive	0.000724494	0.999276
4WJP-B-A	Positive	0.423893	0.576107
4GHU-B-A	Positive	0.0103402	0.98966
4BU1-C-A	Positive	0.0770255	0.922975
4BU1-D-A	Positive	0.0770255	0.922975
4Z9V-C-A	Positive	0.0254241	0.974576
4Z9V-E-A	Positive	0.285386	0.714614
4Z9V-F-A	Negative	0.822825	0.177175
4Z9V-H-A	Positive	0.285386	0.714614
4Z9V-D-B	Positive	0.0036357	0.996364
4UY8-7-E	Positive	0.000757098	0.999243
4MYZ-A-B	Positive	0.256694	0.743306
4RJF-B-A	Negative	0.862104	0.137896
4RJF-F-A	Negative	0.95813	0.0418701
4MNQ-C-A	Positive	0.0213272	0.978673
4QYD-B-A	Positive	0.000558674	0.999441
4FII-B-A	Positive	0.00651771	0.993482
4RV0-H-A	Negative	0.977105	0.0228953
4LZX-B-A	Negative	0.649433	0.350567
4IKN-B-A	Positive	0.000475168	0.999525
4IFI-B-A	Positive	0.0110168	0.988983
4IMI-F-D	Positive	0.00385982	0.99614
4ZQ0-E-A	Positive	0.0542352	0.945765
4G5O-H-D	Positive	0.372213	0.627787
4ZU6-B-X	Positive	0.000760555	0.999239
4ZJX-B-A	Positive	0.000364304	0.999636
4CH9-C-A	Positive	0.00919241	0.990808
4BU0-B-A	Positive	0.000491381	0.999509
4BU0-C-A	Positive	0.0206656	0.979334
4TQ0-B-A	Negative	0.515761	0.484239
4TQ0-D-C	Negative	0.828775	0.171225
4PKC-C-A	Negative	0.865788	0.134212
4AOR-D-A	Negative	0.980443	0.0195567
4YYG-B-A	Positive	0.0114051	0.988595
4CAY-C-A	Positive	0.0563079	0.943692
4Y49-E-B	Positive	0.000985265	0.999015
4C31-A-B	Negative	0.646359	0.353641
4C31-C-B	Positive	0.417205	0.582795
4C31-F-B	Positive	0.325627	0.674373
4C31-X-B	Positive	0.00216633	0.997834
4C31-Y-E	Positive	0.00272733	0.997273
4UE9-B-A	Negative	0.990918	0.00908156
4OKX-B-A	Positive	0.00156051	0.998439
4CHG-G-A	Positive	0.489928	0.510072
4CHG-J-A	Negative	0.781321	0.218679
4FZ3-B-A	Positive	0.00413465	0.995865
4OGA-B-E	Positive	0.432545	0.567455
4OGA-F-E	Positive	0.110121	0.889879
4O2C-C-A	Positive	0.0534809	0.946519
4EZY-B-A	Positive	0.000369906	0.99963
4B3B-C-A	Positive	0.0070799	0.99292
4QUE-E-A	Positive	0.000352025	0.999648
4I2Z-B-A	Positive	0.000868142	0.999132
4TUJ-E-A	Positive	0.00363857	0.996361
4TUJ-F-C	Positive	0.00336218	0.996638
4Z0R-D-B	Positive	0.00794709	0.992053
4TZN-C-A	Positive	0.00106734	0.998933
4DT7-E-B	Positive	0.0179584	0.982042
4DT7-F-D	Positive	0.282076	0.717924
4Q5J-E-A	Positive	0.00201368	0.997986
4EST-I-E	Positive	0.0556911	0.944309
4FL5-P-A	Positive	0.00148207	0.998518
4FL5-Q-B	Positive	0.00469238	0.995308
4QVF-B-A	Positive	0.198061	0.801939
4RE1-D-A	Negative	0.770235	0.229765
4RE1-C-B	Negative	0.729836	0.270164
4BOH-M-H	Positive	0.000505567	0.999494
4NUF-P-A	Positive	0.01327	0.98673
4PO7-N-A	Positive	0.00871903	0.991281
4Z10-G-A	Negative	0.681395	0.318605
4Z10-I-A	Positive	0.00280547	0.997195
4Z10-H-B	Positive	0.446718	0.553282
4OHA-B-A	Positive	0.28954	0.71046
4X2V-E-A	Positive	0.000648201	0.999352
4X1V-B-A	Positive	0.138405	0.861595
4UQ3-E-A	Positive	0.00120628	0.998794
4O2E-C-A	Positive	0.0534809	0.946519
4G1C-D-A	Positive	0.0287001	0.9713
4AU3-E-A	Positive	0.000978351	0.999022
4AU3-F-A	Positive	0.00948352	0.990516
4AU3-G-A	Positive	0.00187665	0.998123
4AU3-H-C	Positive	0.00892305	0.991077
4AU3-I-C	Positive	0.00686395	0.993136
4MN3-B-A	Positive	0.00671202	0.993288
4DNN-A-B	Negative	0.924149	0.0758514
4WPB-C-A	Negative	0.990184	0.00981576
4YJ4-B-A	Positive	0.031028	0.968972
4B0F-C-A	Negative	0.927131	0.0728687
4NM7-C-A	Positive	0.073346	0.926654
4XEK-C-A	Positive	0.0575841	0.942416
4AWB-I-A	Positive	0.0113564	0.988644
4XGR-B-A	Positive	0.313579	0.686421
4XGR-D-A	Negative	0.870843	0.129157
4XGR-H-G	Positive	0.01341	0.98659
4XGR-F-G	Positive	0.0212705	0.978729
4QWN-F-C	Positive	0.00855702	0.991443
4WJW-P-B	Positive	0.00778645	0.992214
4J26-I-A	Positive	0.000868618	0.999131
4J26-J-B	Positive	0.000841498	0.999159
4KTU-B-A	Positive	0.00677174	0.993228
4CO6-D-A	Positive	0.454455	0.545545
4CO6-E-A	Positive	0.478953	0.521047
4CO6-F-B	Negative	0.521936	0.478064
4NJC-C-A	Negative	0.873942	0.126058
4NJC-F-A	Negative	0.863527	0.136473
4NJC-G-A	Negative	0.840572	0.159428
4OV5-C-A	Positive	0.147537	0.852463
4OV5-I-G	Negative	0.794035	0.205965
4LKF-C-A	Positive	0.000703454	0.999297
4GNG-B-A	Positive	0.00190777	0.998092
4IKA-D-A	Positive	0.01092	0.98908
4DAY-C-A	Positive	0.173082	0.826918
4QMF-C-D	Negative	0.511079	0.488921
4CY5-C-A	Positive	0.00156766	0.998432
4CY5-D-A	Positive	0.00513953	0.99486
4Z0D-C-A	Positive	0.000843287	0.999157
4L5N-D-A	Negative	0.991069	0.00893096
4L5N-E-B	Negative	0.992233	0.00776746
4HY9-C-A	Positive	0.0167817	0.983218
4HY9-D-A	Positive	0.0167817	0.983218
4BG6-Q-A	Positive	0.000186503	0.999813
4ROJ-D-A	Positive	0.000100732	0.999899
4ROJ-E-B	Positive	0.000100732	0.999899
4ROJ-F-C	Positive	0.00012207	0.999878
4J2L-C-A	Positive	0.00290561	0.997094
4PYW-B-A	Positive	0.0199916	0.980008
4LK9-B-A	Positive	0.00225592	0.997744
4J77-C-A	Positive	0.00128627	0.998714
4J77-D-B	Positive	0.000917673	0.999082
4MZF-A-B	Positive	0.0034461	0.996554
4AA1-P-A	Positive	0.0173441	0.982656
4WK4-C-A	Positive	0.00171262	0.998287
4O46-G-A	Positive	0.000373483	0.999627
4MBE-B-A	Negative	0.965749	0.0342511
4MBE-G-A	Positive	0.013711	0.986289
4MBE-X-C	Positive	0.00214934	0.997851
4MBE-Y-E	Positive	0.00313133	0.996869
4C5H-B-A	Positive	0.350832	0.649168
4QRT-C-A	Negative	0.92543	0.0745705
4R3L-B-A	Positive	0.00320053	0.996799
4RKO-A-B	Negative	0.877777	0.122223
4KEL-B-A	Positive	0.0106937	0.989306
4RKH-C-E	Positive	0.0720444	0.927956
4RKH-F-E	Positive	0.145172	0.854828
4AY6-E-A	Positive	0.00345844	0.996542
4X2O-C-A	Positive	0.00328922	0.996711
4LKX-R-A	Positive	0.0176404	0.98236
4A1V-C-A	Negative	0.835234	0.164766
4A1V-D-B	Negative	0.940525	0.0594747
4BH8-P-A	Positive	0.100418	0.899582
4R7A-A-B	Positive	0.100704	0.899296
4NO5-C-A	Positive	0.00379181	0.996208
4J7B-C-B	Positive	0.378339	0.621661
4B1X-M-B	Negative	0.542887	0.457113
4QUF-U-F	Positive	0.00726122	0.992739
4GW5-E-A	Positive	0.000885904	0.999114
4JWD-D-A	Positive	0.00966805	0.990332
4QJ6-F-B	Positive	0.00178403	0.998216
4UQT-B-A	Negative	0.984905	0.015095
4ZUV-C-A	Positive	0.150325	0.849675
4Q1L-D-A	Positive	0.00689662	0.993103
4L9P-C-A	Positive	0.000251353	0.999749
4IG9-B-A	Negative	0.995466	0.00453394
4IG9-D-A	Positive	0.00977522	0.990225
4IG9-F-C	Negative	0.738806	0.261194
4IG9-H-G	Negative	0.605906	0.394094
4FXE-C-A	Negative	0.766209	0.233791
4K3R-E-A	Positive	0.000270903	0.999729
4QLI-B-A	Positive	0.00139719	0.998603
4M92-B-A	Positive	0.370762	0.629238
4C3P-B-A	Positive	0.0953313	0.904669
4C3P-E-A	Positive	0.0118597	0.98814
4WCE-Z-K	Positive	0.417971	0.582029
4FMQ-B-A	Positive	0.0144032	0.985597
4ERY-D-A	Positive	0.00401688	0.995983
4OD7-D-A	Positive	0.00279266	0.997207
4RAV-E-B	Positive	0.0717532	0.928247
4Z7U-J-A	Positive	0.00231004	0.99769
4X0N-B-A	Negative	0.995138	0.0048623
4P1N-C-A	Positive	0.132027	0.867973
4Z7I-C-A	Positive	0.0120019	0.987998
4Z7I-D-B	Positive	0.0013575	0.998643
4LNR-C-A	Positive	0.00101954	0.99898
4WXA-F-C	Positive	0.489136	0.510864
4U90-D-A	Positive	0.00219482	0.997805
4WYM-N-A	Positive	0.0236268	0.976373
4WYM-S-G	Positive	0.100323	0.899677
4CY1-D-A	Positive	0.0151178	0.984882
4CY1-C-B	Positive	0.0151178	0.984882
4XCF-P-L	Positive	0.400513	0.599487
4P3D-M-H	Positive	0.0173106	0.982689
4AOM-T-A	Positive	0.0128754	0.987125
4RXZ-D-A	Positive	0.0138984	0.986102
4PYU-C-A	Positive	0.0147684	0.985232
4AZA-B-A	Negative	0.809598	0.190402
4QXT-Q-A	Positive	0.116364	0.883636
4WJV-K-A	Positive	0.186356	0.813644
4WJV-L-B	Positive	0.110547	0.889453
4OWF-G-A	Positive	0.0173431	0.982657
4E0R-C-A	Positive	0.00373286	0.996267
4AOQ-D-A	Negative	0.995975	0.00402533
4AOQ-E-A	Negative	0.987114	0.012886
4C2W-D-A	Negative	0.874337	0.125663
4QH7-C-A	Positive	0.0106155	0.989384
4QH7-D-A	Positive	0.00125122	0.998749
4QH7-G-E	Positive	0.0206686	0.979331
4QH7-H-E	Positive	0.00321507	0.996785
4KA3-B-A	Positive	0.00405318	0.995947
4GUT-B-A	Positive	0.269244	0.730756
4YJL-G-A	Positive	0.343325	0.656675
4H6S-A-B	Positive	0.124525	0.875475
4FVT-B-A	Positive	0.00858843	0.991412
4DXS-B-A	Positive	0.149624	0.850376
4J44-B-A	Positive	0.0312767	0.968723
4CU4-B-A	Positive	0.172529	0.827471
4ISQ-E-A	Positive	0.420933	0.579067
4AU7-C-A	Positive	0.00132114	0.998679
4HPT-I-E	Positive	0.021943	0.978057
4HPO-P-H	Negative	0.930939	0.0690607
4V9F-2-S	Positive	0.432379	0.567621
4M9Z-E-A	Positive	0.000377178	0.999623
4M9Z-F-B	Positive	0.000500917	0.999499
4M9Z-H-D	Positive	0.000617027	0.999383
4NL8-D-B	Positive	0.00222617	0.997774
4PVZ-C-A	Positive	0.23363	0.76637
4PVZ-D-A	Positive	0.0533898	0.94661
4QAE-P-A	Positive	0.126584	0.873416
4QAE-R-A	Positive	0.0376938	0.962306
4QAE-T-A	Positive	0.0169042	0.983096
4QAE-S-C	Positive	0.0376938	0.962306
4ZRT-B-A	Positive	0.00228548	0.997715
4TUL-I-H	Positive	0.00525302	0.994747
4A9Z-A-C	Negative	0.825624	0.174376
4A9Z-B-C	Negative	0.734143	0.265857
4A9Z-D-C	Negative	0.655953	0.344047
4RH9-B-A	Positive	0.0192464	0.980754
4J86-C-A	Positive	0.0011574	0.998843
4WCI-B-A	Positive	0.0193985	0.980602
4WCI-D-C	Positive	0.0578004	0.9422
4WCI-F-E	Positive	0.233851	0.766149
4DS7-E-A	Negative	0.957899	0.0421014
4DS7-F-A	Negative	0.942491	0.057509
4DS7-G-C	Positive	0.41489	0.58511
4DS7-H-C	Negative	0.622236	0.377764
4Z2V-P-A	Positive	0.000503898	0.999496
4PG2-D-A	Positive	0.00248218	0.997518
4H26-C-A	Positive	0.0642096	0.93579
4FSJ-E-B	Positive	0.001508	0.998492
4KP3-E-A	Negative	0.521909	0.478091
4BLB-E-A	Positive	0.0566697	0.94333
4BLB-G-C	Positive	0.00369823	0.996302
4UTN-D-A	Positive	0.000152111	0.999848
4TK2-C-A	Positive	0.00687301	0.993127
4TK2-D-A	Positive	0.000628889	0.999371
4Z97-C-A	Positive	0.000604868	0.999395
4UPU-B-A	Positive	0.0219499	0.97805
4XOJ-B-A	Positive	0.00870806	0.991292
4UEH-I-H	Positive	0.0115842	0.988416
4LG6-B-A	Positive	0.000401676	0.999598
4CXF-B-A	Positive	0.0377292	0.962271
4MVL-E-A	Positive	0.0588979	0.941102
4MVL-G-C	Positive	0.0164256	0.983574
4WVT-C-A	Positive	0.0210536	0.978946
4CC3-B-A	Positive	0.0101506	0.989849
4HON-F-A	Positive	0.00619328	0.993807
4HON-G-B	Positive	0.000824869	0.999175
4DEY-B-A	Negative	0.592918	0.407082
4YYM-Z-A	Positive	0.011079	0.988921
4C5I-C-A	Negative	0.819866	0.180134
4DZU-B-A	Positive	0.482626	0.517374
4K8Y-B-A	Positive	0.0244931	0.975507
4TVQ-E-C	Positive	0.0524369	0.947563
4ONI-C-A	Positive	0.0196452	0.980355
4YK9-B-A	Positive	0.0239959	0.976004
4IRV-E-A	Positive	0.0496254	0.950375
4J79-B-A	Positive	0.000203073	0.999797
4U0G-c-A	Positive	0.0051927	0.994807
4U0G-p-O	Positive	0.0051927	0.994807
4X1H-C-A	Positive	0.022788	0.977212
4OBK-C-A	Positive	0.0480486	0.951951
4OBG-F-B	Positive	0.193067	0.806933
4LKD-I-A	Positive	0.00237495	0.997625
4LKD-M-E	Positive	0.00242239	0.997578
4X1Q-P-U	Positive	0.00546491	0.994535
4HW4-C-A	Positive	0.00182819	0.998172
4TQ1-B-A	Negative	0.538942	0.461058
4M1C-G-A	Negative	0.967111	0.032889
4M1C-H-B	Positive	0.00156277	0.998437
4HPU-I-E	Positive	0.021943	0.978057
4QLB-E-A	Negative	0.96471	0.0352901
4QLB-G-C	Negative	0.96471	0.0352901
4QLB-H-D	Negative	0.963455	0.036545
4QLB-F-B	Negative	0.969314	0.030686
4UN2-B-A	Negative	0.954022	0.0459783
4P0B-B-A	Positive	0.0126029	0.987397
4LFB-U-M	Negative	0.505654	0.494347
4JDJ-B-A	Positive	0.0154063	0.984594
4QBY-1-H	Positive	0.0113564	0.988644
4BXU-B-A	Positive	0.00378019	0.99622
4K3Q-E-A	Positive	0.00288403	0.997116
4A8X-B-A	Negative	0.955119	0.0448805
4P3W-G-A	Negative	0.926978	0.0730217
4P3W-L-E	Negative	0.961503	0.0384972
4P3W-J-F	Negative	0.86773	0.13227
4P3W-I-D	Negative	0.827908	0.172092
4JMY-E-A	Positive	0.000871599	0.999128
4EZV-C-A	Positive	0.0809	0.9191
4EZV-D-A	Positive	0.00526679	0.994733
4K1E-B-A	Positive	0.0205521	0.979448
4TK1-C-A	Positive	0.00421643	0.995784
4JMR-G-A	Positive	0.120382	0.879618
4JMR-F-B	Positive	0.00539911	0.994601
4JMR-H-C	Positive	0.00192368	0.998076
4JMR-E-D	Positive	0.00448328	0.995517
4TRQ-C-B	Negative	0.97445	0.0255501
4P2O-P-A	Positive	0.108367	0.891633
4YYN-Z-A	Positive	0.00670356	0.993296
5YT0-B-A	Negative	0.925098	0.0749024
5K58-N-E	Positive	0.00204927	0.997951
5LZT-l-X	Negative	0.860585	0.139415
5JJ0-F-A	Positive	0.00121659	0.998783
5JJ0-G-B	Positive	0.00219494	0.997805
5EKF-B-A	Positive	0.000261366	0.999739
5EKF-C-A	Positive	0.00622618	0.993774
5ZFU-I-A	Positive	0.0962977	0.903702
5Z12-J-A	Positive	0.000540793	0.999459
5HHN-C-A	Positive	0.176253	0.823747
5DJY-C-A	Negative	0.601873	0.398127
5IYA-L-B	Negative	0.853982	0.146018
5AXI-E-B	Positive	0.00338942	0.996611
5GAF-f-G	Positive	0.0490662	0.950934
5GAF-k-V	Positive	0.0490983	0.950902
5LVF-B-A	Positive	0.0610486	0.938951
5DF6-B-A	Positive	0.00192499	0.998075
5DF6-C-A	Positive	0.0795107	0.920489
5WHA-B-A	Negative	0.86468	0.13532
5WHA-C-A	Negative	0.902917	0.0970827
5WHA-E-D	Negative	0.874913	0.125087
5WHA-I-G	Negative	0.86468	0.13532
5EYK-D-A	Negative	0.908376	0.0916242
5EYK-C-B	Negative	0.992441	0.00755861
5HCD-D-B	Positive	0.259851	0.740149
5W7J-B-A	Positive	0.0309467	0.969053
5GIJ-D-B	Positive	0.0037446	0.996255
5K0U-D-A	Negative	0.919589	0.0804112
5WRJ-F-A	Positive	0.0778785	0.922121
5FIY-F-A	Positive	0.095395	0.904605
5FIY-G-E	Positive	0.095395	0.904605
5W41-B-A	Positive	0.00228906	0.997711
5WQD-H-A	Positive	0.00317246	0.996828
5WQD-I-B	Positive	0.000571311	0.999429
5WQD-J-C	Positive	0.00914979	0.99085
5WQD-M-F	Positive	0.00374627	0.996254
5WQD-N-G	Positive	0.209913	0.790087
5GIS-C-H	Positive	0.00324601	0.996754
5ADR-B-A	Negative	0.992601	0.00739877
5TBN-C-A	Positive	0.00444621	0.995554
5OID-B-A	Positive	0.433202	0.566798
5DX3-C-A	Positive	0.00117749	0.998823
5X4Z-L-B	Negative	0.867792	0.132208
5F3Y-B-A	Positive	0.0322137	0.967786
5UWP-D-C	Positive	0.00330663	0.996693
5IC4-I-A	Positive	0.00189316	0.998107
5EX0-D-A	Positive	0.0440998	0.9559
5C6H-B-A	Positive	0.190018	0.809982
5C6H-F-A	Negative	0.549695	0.450305
5C6H-J-A	Positive	0.145039	0.854961
5C6H-V-M	Positive	0.453556	0.546444
5BRZ-C-A	Negative	0.90948	0.0905197
5EO0-C-A	Positive	0.0758966	0.924103
5C44-L-B	Positive	0.376142	0.623858
5VYO-E-A	Positive	0.00359488	0.996405
5VFS-e-V	Negative	0.920428	0.0795723
5LN3-Y-R	Positive	0.179552	0.820448
5F5U-B-A	Positive	0.0909662	0.909034
5F5U-C-A	Positive	0.444514	0.555486
5F5U-F-A	Negative	0.598351	0.401649
5F5U-E-D	Positive	0.450197	0.549803
5F5U-H-D	Positive	0.482672	0.517328
5F5U-I-G	Positive	0.40785	0.59215
5C7F-E-A	Positive	0.00239003	0.99761
5C7F-F-B	Positive	0.00195467	0.998045
5C7F-G-C	Positive	0.000566185	0.999434
5U4I-w-c	Negative	0.676104	0.323896
5KIY-B-A	Positive	0.050822	0.949178
5WNA-B-H	Negative	0.800571	0.199429
5VLP-Z-A	Positive	0.0032326	0.996767
5B6G-B-A	Positive	0.0303403	0.96966
5JTH-B-A	Positive	0.00313288	0.996867
5DHA-D-C	Positive	0.000259101	0.999741
5CVA-E-A	Negative	0.911	0.089
5F67-C-A	Positive	0.127402	0.872598
5ND0-C-A	Positive	0.00363749	0.996363
5TWA-D-A	Negative	0.847612	0.152388
5ZYS-B-A	Positive	0.000689268	0.999311
5IB1-C-A	Positive	0.0114649	0.988535
5ADQ-B-A	Negative	0.992601	0.00739877
5NJC-E-A	Positive	0.000771523	0.999228
5CFA-C-A	Positive	0.012693	0.987307
5C3I-P-N	Positive	0.464649	0.535351
5OUS-B-A	Positive	0.0231358	0.976864
5XKN-E-A	Positive	0.227173	0.772827
5W7X-H-D	Positive	0.00652182	0.993478
5W7X-G-D	Positive	0.0177511	0.982249
5C6V-E-A	Positive	0.000189006	0.999811
5AEI-D-A	Positive	0.00835556	0.991644
5XHZ-C-A	Negative	0.615838	0.384162
5XHZ-D-A	Negative	0.615838	0.384162
5NFU-C-A	Positive	0.00202972	0.99797
5JWE-P-A	Positive	0.00333327	0.996667
5YVG-X-A	Positive	0.459227	0.540773
5YVG-Y-B	Positive	0.094643	0.905357
5ZQV-E-A	Negative	0.561588	0.438412
5ZQV-G-D	Positive	0.141921	0.858079
5XJG-B-A	Positive	0.047435	0.952565
5IZ9-B-A	Positive	0.00296569	0.997034
5TIS-F-A	Negative	0.546196	0.453804
5TIS-I-A	Negative	0.852507	0.147493
5TIS-J-A	Positive	0.198491	0.801509
5TIS-X-B	Negative	0.714937	0.285063
5TIS-y-c	Negative	0.773577	0.226423
5VWJ-C-A	Positive	0.00129855	0.998701
5R4C-D-B	Positive	0.00494146	0.995059
5Y2D-F-A	Positive	0.0237862	0.976214
5JWD-C-A	Positive	0.00744349	0.992557
5YPB-C-A	Positive	0.281994	0.718006
5H24-C-A	Negative	0.778577	0.221423
5IAN-E-A	Positive	0.00133717	0.998663
5INW-C-A	Positive	0.0811349	0.918865
5INW-D-B	Positive	0.106408	0.893592
5OOL-2-F	Negative	0.827398	0.172602
5OOL-4-r	Negative	0.781155	0.218845
5ID0-E-A	Positive	0.0276909	0.972309
5W67-C-A	Positive	0.00066334	0.999337
5C7E-G-A	Positive	0.0323844	0.967616
5C7E-H-B	Positive	0.000462532	0.999537
5C7E-I-C	Positive	0.0156282	0.984372
5C7E-K-E	Positive	0.000241578	0.999758
5C7E-L-F	Positive	0.00115865	0.998841
5JHP-E-A	Positive	0.19266	0.80734
5EAY-F-A	Positive	0.328898	0.671102
5EAY-E-B	Positive	0.219514	0.780486
5VAX-E-A	Negative	0.680298	0.319702
5VAX-F-B	Negative	0.784704	0.215296
5VAX-G-C	Positive	0.232332	0.767668
5OTX-B-A	Negative	0.557866	0.442134
5OTX-D-C	Negative	0.885682	0.114318
5JER-B-A	Positive	0.0748758	0.925124
5AFP-D-A	Positive	0.0365599	0.96344
5JME-F-A	Positive	0.0260776	0.973922
5MQF-S-A	Positive	0.201776	0.798224
5VS7-P-A	Positive	0.00307637	0.996924
5GNV-B-A	Negative	0.545943	0.454057
5VAP-D-A	Positive	0.00853324	0.991467
5VAP-C-B	Positive	0.0079329	0.992067
5K9S-B-A	Positive	0.0634985	0.936502
5L9U-M-C	Negative	0.90882	0.0911803
5N39-B-A	Positive	0.00328839	0.996712
5O9Z-K-A	Negative	0.510619	0.489381
5O9Z-R-L	Positive	0.469839	0.530161
5BWL-B-A	Positive	0.00388062	0.996119
5UPK-A-B	Negative	0.74895	0.25105
5BSA-F-B	Positive	0.0816055	0.918395
5CRV-C-A	Positive	0.333713	0.666287
5CRV-D-B	Positive	0.239909	0.760091
5UUP-B-A	Positive	0.205374	0.794626
5HKZ-B-A	Positive	0.0352607	0.964739
5E2B-D-A	Positive	0.00114107	0.998859
5GK9-B-A	Positive	0.00844777	0.991552
5WJN-C-A	Positive	0.0361649	0.963835
5GHW-P-H	Positive	0.00151521	0.998485
5XCT-C-A	Positive	0.00250924	0.997491
5VID-G-D	Positive	0.49979	0.50021
5VID-H-B	Positive	0.056236	0.943764
5VID-F-A	Positive	0.371385	0.628615
5AZF-D-B	Positive	0.00131088	0.998689
5KVM-B-A	Positive	0.00728506	0.992715
5E1O-D-A	Positive	0.00329536	0.996705
5MYC-P-A	Positive	0.356765	0.643235
5MUU-C-A	Positive	0.237626	0.762374
5A2L-P-H	Positive	0.00141668	0.998583
5T2S-B-A	Positive	0.00472933	0.995271
5T2S-D-C	Positive	0.00472933	0.995271
5YVU-A-B	Negative	0.532167	0.467833
5FJX-E-A	Positive	0.00158989	0.99841
5FJX-D-B	Positive	0.000697494	0.999303
5XJT-M-2	Positive	0.292981	0.707019
5IQM-F-G	Positive	0.00414008	0.99586
5IQM-B-G	Positive	0.0146881	0.985312
5OL3-D-A	Positive	0.0092032	0.990797
5MN9-C-A	Positive	0.00604844	0.993952
5KYU-C-A	Positive	0.0195239	0.980476
5FOU-C-A	Positive	0.0134665	0.986534
5M32-r-j	Positive	0.000300646	0.999699
5M32-s-j	Positive	0.376142	0.623858
5CSI-C-A	Positive	0.00192094	0.998079
5YIQ-D-A	Positive	0.122332	0.877668
5E7C-J-A	Negative	0.698137	0.301863
5HTB-B-A	Positive	0.00165081	0.998349
5FGC-A-B	Negative	0.722058	0.277942
5AJN-P-A	Positive	0.00344163	0.996558
5E1M-D-A	Positive	0.00118685	0.998813
5HFF-B-A	Positive	0.000724733	0.999275
5SXM-C-A	Positive	0.0117508	0.988249
5OY3-B-A	Positive	0.00296998	0.99703
5GOW-A-B	Positive	0.0110263	0.988974
5VLL-Y-A	Positive	0.000575066	0.999425
5HDA-B-A	Positive	0.000885069	0.999115
5HDA-D-A	Positive	0.131409	0.868591
5B1Z-C-A	Negative	0.563344	0.436656
5B1Z-D-B	Negative	0.926581	0.0734192
5OY9-D-A	Positive	0.0934943	0.906506
5U4K-B-A	Negative	0.872094	0.127906
5HHQ-C-A	Positive	0.117133	0.882867
5BS0-C-A	Negative	0.890159	0.109841
5ITF-E-A	Positive	0.0072639	0.992736
5LSW-B-A	Positive	0.152479	0.847521
5I2I-E-A	Positive	0.00498611	0.995014
5VT9-C-A	Positive	0.0188937	0.981106
5VT9-D-A	Positive	0.0290303	0.97097
5OPT-q-r	Positive	0.182764	0.817236
5I3L-C-A	Positive	0.00862813	0.991372
5FJ8-I-A	Negative	0.97797	0.0220301
5F6K-D-C	Positive	0.0736642	0.926336
5F6K-M-C	Positive	0.00381094	0.996189
5F6K-F-E	Positive	0.00868869	0.991311
5EJC-E-A	Negative	0.885659	0.114341
5EJC-F-A	Negative	0.935612	0.0643877
5EJC-C-B	Negative	0.944039	0.055961
5EJC-D-B	Negative	0.885141	0.114859
5YD8-V-Y	Positive	0.000650585	0.999349
5YD8-U-X	Positive	0.0308084	0.969192
5YD8-W-Z	Positive	0.00122362	0.998776
5XTZ-E-A	Positive	0.0102777	0.989722
5LUM-F-A	Positive	0.00405806	0.995942
5AFU-a-A	Negative	0.830169	0.169831
5AFU-c-B	Positive	0.0550455	0.944955
5AFU-d-F	Positive	0.0036363	0.996364
5AFZ-I-H	Positive	0.00209498	0.997905
5LSP-X-A	Positive	0.0158956	0.984104
5LSP-Y-P	Positive	0.0181403	0.98186
5GP7-B-A	Positive	0.0119355	0.988064
5FOV-E-A	Positive	0.00788081	0.992119
5NX1-B-A	Positive	0.0572233	0.942777
5NX1-D-A	Negative	0.54302	0.45698
5JPO-E-A	Positive	0.186054	0.813946
5JXT-U-J	Positive	0.00315642	0.996844
5JXT-W-H	Positive	0.00351655	0.996483
5W6R-M-A	Positive	0.000600219	0.9994
5AJP-B-A	Positive	0.000926018	0.999074
5K6S-B-A	Positive	0.0103006	0.989699
5K4F-D-A	Positive	0.00084722	0.999153
5J28-C-A	Negative	0.569994	0.430006
5UWO-D-C	Positive	0.00396317	0.996037
5VLK-Z-A	Positive	0.00123608	0.998764
5MVW-C-A	Negative	0.771896	0.228104
5MVW-D-A	Negative	0.843609	0.156391
5T6W-C-A	Positive	0.274673	0.725327
5ET0-B-A	Positive	0.0896443	0.910356
5N9C-F-A	Positive	0.0105161	0.989484
5SXP-F-A	Positive	0.0258093	0.974191
5SXP-G-A	Positive	0.0864526	0.913547
5CDW-f-A	Positive	0.000144601	0.999855
5CDW-I-A	Positive	0.000275671	0.999724
5F5O-B-A	Negative	0.904492	0.0955078
5F5O-D-C	Negative	0.968443	0.0315568
5F5O-F-E	Negative	0.967585	0.0324148
5O31-s-E	Negative	0.898045	0.101955
5O31-c-O	Negative	0.911812	0.0881881
5APR-I-E	Positive	0.0223401	0.97766
5LEF-C-A	Negative	0.951899	0.048101
5LEF-D-A	Negative	0.93107	0.0689299
5K0Y-M-T	Positive	0.327163	0.672837
5H3J-B-A	Positive	0.438063	0.561937
5VGD-C-A	Positive	0.0698936	0.930106
5Z7G-C-A	Negative	0.883639	0.116361
5MHC-P-A	Positive	0.150422	0.849578
5ZWO-Z-X	Positive	0.0761904	0.92381
5NIG-C-A	Positive	0.00566238	0.994338
5C0D-C-A	Positive	0.00155562	0.998444
5A53-B-A	Positive	0.253322	0.746678
5J4X-D-A	Positive	0.352012	0.647988
5IYX-B-A	Positive	0.00404692	0.995953
5LQW-L-A	Negative	0.700282	0.299719
5N1W-C-A	Positive	0.00170881	0.998291
5N1W-D-A	Positive	0.000749886	0.99925
5M5Y-L-B	Positive	0.301571	0.698429
5V1T-B-A	Positive	0.000735581	0.999264
5E2V-P-L	Positive	0.000391901	0.999608
5FXC-P-H	Positive	0.00176704	0.998233
5ZMS-A-B	Negative	0.502336	0.497664
5JWP-B-A	Negative	0.736086	0.263914
5B83-E-D	Negative	0.920582	0.0794182
5TZQ-D-A	Positive	0.0506655	0.949335
5TZQ-C-B	Positive	0.0682366	0.931763
5XCR-C-A	Positive	0.00590408	0.994096
5H1X-A-B	Negative	0.818433	0.181567
5H1X-C-B	Negative	0.766042	0.233958
5N85-B-A	Positive	0.389875	0.610125
5LJ3-F-A	Negative	0.828643	0.171357
5LJ3-P-A	Negative	0.957796	0.0422043
5HJD-B-A	Positive	0.000455201	0.999545
5HJD-F-E	Positive	0.0051285	0.994871
5HJD-J-N	Positive	0.000369191	0.999631
5WSV-B-A	Positive	0.139771	0.860229
5WSV-D-A	Positive	0.127447	0.872553
5EN6-D-A	Negative	0.757751	0.242249
5O90-B-A	Positive	0.0145332	0.985467
5MDY-6-7	Positive	0.1154	0.8846
5O3V-C-A	Positive	0.00138724	0.998613
5O3V-D-B	Positive	0.00996	0.99004
5XJU-M-2	Positive	0.371306	0.628694
5FFW-C-A	Positive	0.0006212	0.999379
5NPH-A-H	Positive	0.0695405	0.930459
5B5V-E-A	Positive	0.007321	0.992679
5R4D-D-B	Positive	0.0125042	0.987496
5GU4-C-A	Positive	0.00230294	0.997697
5OUC-E-A	Positive	0.00937903	0.990621
5ERW-C-A	Positive	0.0604682	0.939532
5T0K-P-A	Positive	0.00139898	0.998601
5YIP-B-A	Positive	0.0223913	0.977609
5IB4-C-A	Positive	0.0114649	0.988535
5T1M-E-A	Positive	0.00083971	0.99916
5GIM-C-B	Positive	0.0142571	0.985743
5GIM-D-B	Positive	0.00305927	0.996941
5NX2-B-A	Positive	0.00290275	0.997097
5FVD-B-A	Positive	0.13366	0.86634
5FVD-D-A	Negative	0.527956	0.472044
5NCL-D-A	Positive	0.000833392	0.999167
5NVN-B-A	Positive	0.46203	0.53797
5MX2-L-A	Negative	0.976978	0.0230217
5MX2-T-A	Negative	0.513707	0.486293
5MX2-Y-C	Positive	0.00144035	0.99856
5MX2-f-a	Positive	0.471296	0.528704
5MX2-y-c	Positive	0.00139147	0.998609
5MX2-r-e	Positive	0.293384	0.706616
5BUZ-C-A	Positive	0.405217	0.594783
5BUZ-F-D	Positive	0.381731	0.618269
5FU7-D-A	Positive	0.443049	0.556951
5FU7-H-A	Negative	0.565491	0.434509
5MAV-H-A	Positive	0.0596513	0.940349
5MAV-G-C	Positive	0.116953	0.883047
5MAV-K-E	Positive	0.0579612	0.942039
5MAV-N-D	Positive	0.00752187	0.992478
5MAV-L-F	Positive	0.00880277	0.991197
5JEJ-D-A	Negative	0.867432	0.132568
5JEJ-E-A	Positive	0.00250947	0.997491
5JEJ-C-B	Negative	0.62171	0.37829
5Y39-F-D	Negative	0.932976	0.0670236
5UQ3-C-A	Positive	0.498773	0.501227
5WBY-P-D	Positive	0.272483	0.727517
5OVP-B-A	Positive	0.000216544	0.999783
5U5P-C-A	Positive	0.0622549	0.937745
5U5P-B-A	Positive	0.0204916	0.979508
5ADX-c-B	Positive	0.0036363	0.996364
5MRF-Y-P	Negative	0.992016	0.00798389
5VWK-E-A	Positive	0.0155692	0.984431
5VWK-G-A	Positive	0.0155692	0.984431
5A86-D-B	Positive	0.014544	0.985456
5XJ0-Y-C	Positive	0.305027	0.694973
5TP6-B-A	Positive	0.0806058	0.919394
5MP5-K-A	Positive	0.000762582	0.999237
5MP5-J-H	Positive	0.00281626	0.997184
5T78-F-A	Positive	0.00306058	0.996939
5NVM-B-A	Negative	0.937208	0.0627919
5HU3-B-A	Positive	0.00884318	0.991157
5BRM-G-A	Positive	0.0880892	0.911911
5BRM-I-A	Positive	0.0151224	0.984878
5BRM-M-A	Negative	0.641507	0.358493
5BRM-H-B	Positive	0.0741673	0.925833
5BRM-N-B	Positive	0.145005	0.854995
5BRM-J-D	Positive	0.014634	0.985366
5BRM-L-D	Positive	0.00669271	0.993307
5BRM-O-D	Positive	0.000958741	0.999041
5LB7-C-A	Positive	0.0129516	0.987048
5XCO-B-A	Positive	0.0262846	0.973715
5H7H-B-A	Positive	0.00434721	0.995653
5Y5S-J-L	Negative	0.974431	0.0255687
5Y5S-8-L	Negative	0.813256	0.186744
5Y5S-B-H	Negative	0.974431	0.0255687
5Y5S-T-Q	Negative	0.986319	0.0136806
5Y5S-2-Y	Negative	0.813256	0.186744
5GGP-C-A	Positive	0.00681859	0.993181
5GGP-D-B	Positive	0.0715281	0.928472
5NG4-B-A	Negative	0.990107	0.00989337
5TQ1-B-A	Positive	0.0104322	0.989568
5GWM-B-A	Negative	0.65054	0.34946
5N99-C-A	Positive	0.00190026	0.9981
5JJZ-B-A	Positive	0.00211138	0.997889
5L04-B-A	Negative	0.977643	0.0223571
5WBL-T-A	Positive	0.0567723	0.943228
5CJO-a-A	Positive	0.00059402	0.999406
5MFK-C-A	Positive	0.00208217	0.997918
5XBK-E-B	Positive	0.00708026	0.99292
5WJL-C-A	Positive	0.0214556	0.978544
5WJL-F-D	Positive	0.0214556	0.978544
5GID-C-A	Positive	0.295038	0.704962
5F8X-B-A	Positive	0.00766706	0.992333
5XSQ-B-A	Negative	0.880279	0.119721
5WIR-D-B	Positive	0.00188482	0.998115
5WIR-C-A	Positive	0.00975055	0.990249
5OW5-E-A	Positive	0.00984782	0.990152
5B5E-I-A	Negative	0.752825	0.247175
5B5E-J-A	Positive	0.198491	0.801509
5B5E-t-B	Negative	0.657618	0.342382
5B5E-f-a	Positive	0.186969	0.813031
5B5E-j-a	Negative	0.609332	0.390668
5YXL-B-A	Positive	0.00635576	0.993644
5YXL-D-C	Positive	0.000883996	0.999116
5E3A-B-A	Positive	0.0142825	0.985718
5UUM-C-A	Positive	0.215519	0.784481
5OM7-B-A	Negative	0.901781	0.0982189
5EM9-B-A	Positive	0.00117844	0.998822
5NEU-4-1	Negative	0.593857	0.406143
5Y5A-B-A	Positive	0.0124987	0.987501
5F0O-E-A	Positive	0.0219055	0.978095
5HHO-C-A	Positive	0.0215717	0.978428
5V22-B-A	Positive	0.00791496	0.992085
5VF3-Z-A	Positive	0.431898	0.568102
5B5U-C-A	Positive	0.000638187	0.999362
5B75-B-A	Positive	0.00623077	0.993769
5JI0-E-D	Positive	0.252522	0.747478
5IEK-C-A	Positive	0.0389991	0.961001
5NPV-B-A	Negative	0.79033	0.20967
5NPV-D-A	Negative	0.869314	0.130686
5T1L-E-A	Positive	0.000948012	0.999052
5EX3-D-A	Positive	0.000455201	0.999545
5W5C-A-B	Negative	0.559323	0.440677
5W5C-E-B	Positive	0.30974	0.69026
5VAI-P-R	Negative	0.843754	0.156246
5TS1-P-A	Positive	0.00651908	0.993481
5L9V-C-A	Negative	0.766959	0.233041
5O66-M-J	Negative	0.73264	0.26736
5O66-O-K	Negative	0.876386	0.123614
5XXF-C-A	Negative	0.743474	0.256526
5XXF-E-A	Negative	0.576572	0.423428
5G1D-D-A	Positive	0.0036937	0.996306
5EIB-F-C	Positive	0.0597363	0.940264
5YC1-I-A	Positive	0.00160414	0.998396
5U5S-B-A	Positive	0.0015012	0.998499
5FF6-E-A	Positive	0.000721395	0.999279
5ABX-B-A	Positive	0.0201278	0.979872
5T6P-F-A	Positive	0.00334722	0.996653
5MDX-F-A	Positive	0.0335727	0.966427
5MDX-L-A	Negative	0.990419	0.0095812
5MDX-T-A	Negative	0.967702	0.0322983
5MDX-W-A	Negative	0.992225	0.0077752
5MDX-M-B	Positive	0.336643	0.663357
5MDX-K-C	Negative	0.957113	0.0428871
5MDX-X-D	Positive	0.280358	0.719642
5LCW-D-O	Negative	0.869622	0.130378
5YIS-C-A	Positive	0.262345	0.737655
5YIS-D-B	Positive	0.0688281	0.931172
5IQ9-C-A	Positive	0.0854214	0.914579
5GQR-C-B	Positive	0.00181121	0.998189
5GRD-C-A	Positive	0.0749589	0.925041
5BXV-B-A	Negative	0.544993	0.455007
5BXV-D-A	Positive	0.106886	0.893114
5I9E-E-A	Positive	0.124032	0.875968
5I9E-H-B	Positive	0.3443	0.6557
5WA4-M-A	Positive	0.00651699	0.993483
5WA4-P-A	Negative	0.584382	0.415618
5WA4-Q-C	Positive	0.0140496	0.98595
5O45-B-A	Positive	0.00196189	0.998038
5F5J-B-A	Positive	0.00049293	0.999507
5OWP-D-H	Positive	0.00380445	0.996196
5C08-C-A	Positive	0.0129855	0.987015
5C08-H-F	Positive	0.0129855	0.987015
5EKG-B-A	Positive	0.00265086	0.997349
5EKG-C-A	Positive	0.00434798	0.995652
5WS5-T-A	Negative	0.637356	0.362644
5WS5-f-a	Positive	0.470191	0.529809
5WS5-j-a	Negative	0.73088	0.26912
5J6G-F-A	Positive	0.000400007	0.9996
5VZ5-C-A	Positive	0.0047375	0.995263
5DVV-C-A	Positive	0.000748456	0.999252
5XY3-b-D	Negative	0.921244	0.0787558
5XY3-l-X	Negative	0.584622	0.415378
5I8C-C-A	Positive	0.0082103	0.99179
5Y4H-B-A	Positive	0.00245649	0.997544
5W4E-A-B	Positive	0.101266	0.898734
5W4E-D-B	Positive	0.00788879	0.992111
5HYN-D-A	Positive	0.00582713	0.994173
5HYN-E-A	Positive	0.0511126	0.948887
5HYN-J-F	Positive	0.0136284	0.986372
5HYN-P-K	Positive	0.0174296	0.98257
5W6A-E-A	Positive	0.0045284	0.995472
5QTX-H-A	Positive	0.000743806	0.999256
5NHU-I-H	Positive	0.499181	0.500819
5NHU-J-A	Positive	0.156684	0.843316
5NHU-K-C	Positive	0.107677	0.892323
5L7K-B-A	Positive	0.00310338	0.996897
5T70-C-A	Positive	0.166416	0.833584
5CZ2-G-A	Negative	0.938414	0.0615865
5CZ2-H-A	Negative	0.945408	0.0545918
5CZ2-K-C	Negative	0.93714	0.0628601
5CZ2-I-E	Negative	0.92966	0.07034
5OBT-E-A	Negative	0.934148	0.0658518
5EPJ-B-A	Positive	0.0124511	0.987549
5C0B-C-A	Positive	0.161138	0.838862
5C0B-H-F	Positive	0.161138	0.838862
5JHN-F-A	Positive	0.00219542	0.997805
5JHN-G-B	Positive	0.00230652	0.997693
5JTM-E-A	Negative	0.723237	0.276763
5G5P-C-B	Negative	0.963442	0.0365582
5T0H-e-V	Positive	0.0168955	0.983104
5HI3-I-A	Positive	0.00278246	0.997218
5IG9-I-A	Positive	0.00206232	0.997938
5IG9-M-E	Positive	0.000573993	0.999426
5IG9-N-F	Positive	0.175772	0.824228
5WA1-B-A	Positive	0.0698738	0.930126
5ZUT-E-A	Negative	0.940292	0.0597081
5HB3-B-A	Negative	0.66079	0.33921
5T0F-B-A	Positive	0.31948	0.68052
5YY4-B-A	Positive	0.000197113	0.999803
5ODS-E-A	Negative	0.981063	0.0189373
5XOQ-C-A	Positive	0.00151014	0.99849
5X8T-5-G	Positive	0.0434747	0.956525
5X8T-1-O	Negative	0.906907	0.0930929
5X8T-7-R	Negative	0.985488	0.0145118
5TP1-P-A	Positive	0.193083	0.806917
5TP1-R-C	Positive	0.0165542	0.983446
5TP1-S-D	Positive	0.0433143	0.956686
5YQG-E-A	Positive	0.1967	0.8033
5YQG-F-C	Positive	0.499837	0.500163
5LVP-F-A	Positive	0.000548899	0.999451
5LVP-E-C	Positive	0.00140554	0.998594
5ENW-C-A	Positive	0.0298485	0.970151
5M35-C-A	Positive	0.0913939	0.908606
5M35-D-B	Positive	0.00976783	0.990232
5NMG-C-A	Negative	0.842296	0.157704
5WB5-B-A	Negative	0.876028	0.123972
5EPP-B-A	Negative	0.574287	0.425713
5NMI-I-A	Positive	0.00399512	0.996005
5L23-B-A	Positive	0.413556	0.586444
5F5G-B-A	Positive	0.00241053	0.997589
5VF0-B-A	Positive	0.0366005	0.963399
5MFF-E-A	Positive	0.013086	0.986914
5T5L-a-A	Positive	0.00582302	0.994177
5T5L-b-B	Positive	0.0123269	0.987673
5E6Q-A-B	Positive	0.0109289	0.989071
5VWW-C-A	Positive	0.0225123	0.977488
5VWW-D-B	Positive	0.0527287	0.947271
5XTD-K-A	Negative	0.884364	0.115636
5XTD-f-g	Negative	0.987975	0.0120255
5K99-C-A	Positive	0.00329798	0.996702
5BN6-A-E	Negative	0.809139	0.190861
5BN6-B-E	Negative	0.859124	0.140876
5WNW-C-A	Negative	0.728945	0.271055
5T5O-a-A	Positive	0.000476599	0.999523
5YI8-B-A	Negative	0.755323	0.244677
5WFC-D-A	Positive	0.00151169	0.998488
5GIR-C-H	Positive	0.0446575	0.955342
5GIR-D-L	Positive	0.0196056	0.980394
5OY4-X-A	Positive	0.0385115	0.961489
5EO1-C-A	Positive	0.0158379	0.984162
5V8K-B-A	Negative	0.815458	0.184542
5WRV-A-B	Positive	0.0943092	0.905691
5VGE-C-A	Positive	0.0486903	0.95131
5WVO-D-A	Positive	0.0712184	0.928782
5DX1-F-A	Positive	0.00174934	0.998251
5DX1-G-A	Positive	0.120279	0.879721
5DX1-H-C	Positive	0.00174934	0.998251
5DX1-I-C	Positive	0.0388772	0.961123
5CO5-F-A	Positive	0.00506115	0.994939
5X60-C-A	Positive	0.0107086	0.989291
5INC-E-A	Negative	0.856254	0.143746
5T6R-s-H	Negative	0.941818	0.0581819
5WEU-P-A	Positive	0.421029	0.578971
5H7Y-B-A	Negative	0.578267	0.421733
5WMO-C-A	Positive	0.274135	0.725865
5DHF-D-C	Positive	0.0042842	0.995716
5ZK7-C-A	Positive	0.42586	0.57414
5ZK7-D-A	Positive	0.42586	0.57414
5KLR-A-B	Positive	0.00207067	0.997929
5ZU1-D-A	Negative	0.599013	0.400987
5OY0-M-B	Positive	0.00380033	0.9962
5OY0-h-l	Negative	0.934385	0.0656154
5ITJ-B-A	Positive	0.266198	0.733802
5FA3-C-A	Positive	0.0104653	0.989535
5LY3-B-A	Positive	0.00923967	0.99076
5TSX-M-A	Positive	0.42879	0.57121
5XOG-L-B	Negative	0.777068	0.222932
5T1I-C-A	Positive	0.0012908	0.998709
5YPO-C-B	Positive	0.00137281	0.998627
5YPO-D-A	Positive	0.00137281	0.998627
5H2C-B-A	Negative	0.743762	0.256238
5WUN-B-A	Positive	0.00326174	0.996738
5WUN-C-A	Positive	0.00335401	0.996646
5D5K-B-C	Positive	0.0121804	0.98782
5D2M-G-A	Positive	0.297601	0.702399
5KGF-L-A	Positive	0.00342077	0.996579
5VX0-B-A	Positive	0.0300661	0.969934
5VX0-D-C	Positive	0.00727099	0.992729
5N36-B-A	Positive	0.00387388	0.996126
5EJV-C-A	Positive	0.244334	0.755666
5EJV-D-B	Positive	0.00116616	0.998834
5NU1-P-A	Positive	0.000444353	0.999556
5WHB-B-A	Negative	0.908676	0.0913238
5WHB-C-A	Negative	0.916469	0.0835308
5WHB-I-A	Negative	0.916469	0.0835308
5WHB-K-A	Negative	0.921677	0.0783232
5TU5-B-A	Positive	0.0562509	0.943749
5NPR-E-A	Positive	0.00564259	0.994357
5T59-C-A	Positive	0.193854	0.806146
5T59-F-D	Positive	0.16801	0.83199
5MEP-C-A	Positive	0.00588036	0.99412
5XKJ-E-C	Negative	0.959424	0.0405761
5J6Z-A-B	Negative	0.921739	0.0782614
5DA7-B-A	Positive	0.418855	0.581145
5F1N-C-A	Positive	0.0561953	0.943805
5C0G-C-A	Positive	0.0102734	0.989727
5DH9-D-C	Positive	0.0186086	0.981391
5G05-T-A	Positive	0.000359297	0.999641
5G05-W-A	Positive	0.08099	0.91901
5OXW-G-A	Positive	0.0129628	0.987037
5VLH-Y-A	Positive	0.00044471	0.999555
5KY9-B-A	Negative	0.957738	0.042262
5HB0-E-B	Negative	0.914375	0.0856253
5HB0-G-B	Negative	0.738506	0.261494
5VVV-B-A	Positive	0.00522399	0.994776
5VVV-D-A	Positive	0.00181049	0.99819
5GLF-B-A	Positive	0.379397	0.620603
5GLF-D-A	Positive	0.0226055	0.977394
5GLF-F-C	Positive	0.0111807	0.988819
5ONB-B-A	Positive	0.279959	0.720041
5ONB-F-E	Positive	0.381474	0.618526
5ONB-H-G	Positive	0.37562	0.62438
5V3N-B-A	Negative	0.702329	0.297671
5MF9-B-A	Positive	0.00169861	0.998301
5YIX-B-A	Negative	0.798751	0.201249
5FKP-C-A	Positive	0.194909	0.805091
5KQ1-C-A	Negative	0.914254	0.0857461
5KQ1-F-A	Positive	0.128718	0.871282
5VKL-B-A	Positive	0.0228333	0.977167
5FQ7-P-A	Positive	0.0290487	0.970951
5FVK-D-A	Negative	0.677572	0.322428
5Y49-D-A	Positive	0.490166	0.509834
5Y49-E-B	Positive	0.401158	0.598842
5UA4-B-A	Positive	0.284264	0.715736
5Z62-K-A	Negative	0.931275	0.0687247
5Z62-L-A	Negative	0.992917	0.00708304
5Z62-M-A	Positive	0.202911	0.797089
5VUF-C-A	Positive	0.000593662	0.999406
5CSZ-D-H	Positive	0.115474	0.884526
5CSZ-E-A	Positive	0.210741	0.789259
5GSV-C-A	Positive	0.00191569	0.998084
5AB2-C-A	Positive	0.00331813	0.996682
5Y3R-K-C	Positive	0.0194989	0.980501
5N7B-I-H	Positive	0.00115192	0.998848
5L1Z-C-B	Positive	0.19767	0.80233
5XMM-C-A	Positive	0.0202676	0.979732
5VVX-B-A	Positive	0.00067091	0.999329
5VVX-D-A	Positive	0.000861526	0.999138
5MRW-D-A	Negative	0.560683	0.439317
5MRW-H-E	Negative	0.560683	0.439317
5Q0F-H-A	Positive	0.000206888	0.999793
5U06-L-A	Positive	0.000977516	0.999022
5T6X-C-A	Positive	0.102091	0.897909
5Z38-G-A	Positive	0.0380437	0.961956
5Z38-I-D	Positive	0.0417283	0.958272
5FN3-G-A	Positive	0.0264379	0.973562
5JM4-D-A	Positive	0.000746429	0.999254
5XMF-C-A	Positive	0.0236045	0.976395
5MK1-E-A	Positive	0.155212	0.844788
5DX0-F-A	Positive	0.00277001	0.99723
5DX0-G-A	Positive	0.00909472	0.990905
5NQG-B-A	Negative	0.763945	0.236055
5U62-C-A	Positive	0.420526	0.579474
5U62-D-A	Negative	0.538235	0.461765
5NRL-X-A	Positive	0.0217704	0.97823
5NWX-B-A	Positive	0.00624359	0.993756
5YCO-E-A	Positive	0.00736988	0.99263
5OAK-B-A	Positive	0.00798249	0.992018
5HYU-A-B	Negative	0.659713	0.340287
5V3G-G-D	Positive	0.409323	0.590677
5H7P-B-A	Positive	0.168278	0.831722
5CX2-B-A	Negative	0.653575	0.346425
5CX2-D-A	Negative	0.570675	0.429325
5HUY-B-C	Positive	0.00630665	0.993693
5HUY-A-C	Positive	0.00168693	0.998313
5N91-F-A	Positive	0.0202637	0.979736
5BXU-B-A	Positive	0.000849605	0.99915
5ZGC-G-A	Positive	0.00118226	0.998818
5ZGC-H-B	Positive	0.0016557	0.998344
5ZGC-I-C	Positive	0.0175009	0.982499
5ZGC-J-E	Positive	0.0193905	0.980609
5C26-B-A	Positive	0.000889122	0.999111
5VNI-D-B	Positive	0.0362904	0.96371
5VNF-D-B	Positive	0.000591636	0.999408
5YBV-C-A	Positive	0.302813	0.697187
5BTV-P-A	Positive	0.0198597	0.98014
5XXU-e-J	Negative	0.593247	0.406753
5XXU-f-M	Negative	0.643773	0.356227
5TDY-A-B	Negative	0.985879	0.0141205
5TDY-C-D	Negative	0.985729	0.0142715
5U0S-l-b	Positive	0.100574	0.899426
5NEY-E-B	Positive	0.00087589	0.999124
5XPU-B-A	Positive	0.0178655	0.982134
5VAH-C-A	Positive	0.0137981	0.986202
5VAH-D-B	Positive	0.00030911	0.999691
5NI9-C-A	Positive	0.00860071	0.991399
5OJ5-B-A	Positive	0.000401199	0.999599
5DUB-P-H	Positive	0.0164102	0.98359
5M37-D-A	Positive	0.479134	0.520866
5J9K-C-A	Positive	0.392935	0.607065
5J9K-D-B	Positive	0.00366366	0.996336
5NPW-B-A	Negative	0.934389	0.0656107
5NPW-H-A	Negative	0.945377	0.0546233
5NPW-D-C	Negative	0.929293	0.0707069
5F5K-B-A	Positive	0.00049293	0.999507
5AJK-B-A	Positive	0.354287	0.645713
5AJK-J-C	Positive	0.358188	0.641812
5MK0-B-A	Positive	0.27036	0.72964
5MK0-D-A	Positive	0.00245398	0.997546
5JR4-B-A	Positive	0.000112057	0.999888
5N5T-P-A	Positive	0.000692248	0.999308
5NNF-B-A	Positive	0.00140768	0.998592
5WWI-E-A	Positive	0.00642639	0.993574
5VZU-E-B	Positive	0.00303465	0.996965
5VZU-F-D	Positive	0.00034833	0.999652
5OSG-P-h	Negative	0.507348	0.492652
5ZVK-a-A	Positive	0.091382	0.908618
5ZVK-c-A	Positive	0.0151712	0.984829
5ZVK-b-B	Positive	0.172316	0.827684
5MO3-A-H	Positive	0.00101405	0.998986
5IXD-B-A	Negative	0.534673	0.465327
5T0Q-B-A	Positive	0.036897	0.963103
5XXK-C-A	Positive	0.000409186	0.999591
5YTK-G-A	Positive	0.00318748	0.996813
5YTK-J-A	Positive	0.00113654	0.998863
5HHX-B-A	Positive	0.00594163	0.994058
5TTW-B-A	Positive	0.00483549	0.995165
5TTW-D-C	Positive	0.00483549	0.995165
5ICY-E-A	Positive	0.129514	0.870486
5H5Q-B-A	Positive	0.00220078	0.997799
5Q1D-B-A	Negative	0.572084	0.427916
5UQ8-9-Q	Negative	0.766695	0.233305
5DBR-C-A	Positive	0.00987667	0.990123
5K2M-K-G	Positive	0.0605188	0.939481
5K2M-L-G	Positive	0.150898	0.849102
5K2M-M-G	Positive	0.00486642	0.995134
5K2M-N-H	Positive	0.153192	0.846808
5I0I-G-A	Negative	0.506104	0.493896
5J9Q-L-E	Positive	0.00782645	0.992174
5J9Q-M-E	Positive	0.0113679	0.988632
5E0V-C-A	Negative	0.725393	0.274607
5E0V-D-A	Negative	0.605728	0.394272
5YYF-B-A	Positive	0.0184264	0.981574
5N70-B-A	Positive	0.00213206	0.997868
5ICX-E-A	Positive	0.0460105	0.95399
5VIF-B-A	Positive	0.0156552	0.984345
5F9J-C-A	Positive	0.00247473	0.997525
5V4B-C-B	Positive	0.000432909	0.999567
5F85-B-A	Negative	0.981619	0.0183805
5II0-D-A	Positive	0.00122255	0.998777
5II0-E-B	Positive	0.00128078	0.998719
5II0-F-C	Positive	0.00122255	0.998777
5OH8-C-A	Positive	0.283182	0.716818
5T47-B-A	Positive	0.281405	0.718595
5EFI-C-A	Positive	0.303442	0.696558
5MLU-M-A	Positive	0.10952	0.89048
5HZ1-A-B	Positive	0.0188249	0.981175
5LM5-C-A	Positive	0.169434	0.830566
5LM5-D-B	Positive	0.00888819	0.991112
5B3S-M-A	Negative	0.925501	0.0744995
5ZGH-J-1	Negative	0.984279	0.0157214
5ZGH-M-B	Positive	0.183531	0.816469
5YIR-C-D	Positive	0.0454304	0.95457
5YIR-G-D	Positive	0.0335117	0.966488
5YIR-H-D	Positive	0.0730231	0.926977
5LX2-B-A	Positive	0.00589591	0.994104
5IND-E-A	Negative	0.95313	0.0468697
5CFD-D-A	Positive	0.101077	0.898923
5MHM-H-A	Positive	0.00864196	0.991358
5HJC-B-A	Positive	0.00162905	0.998371
5WJE-B-A	Positive	0.00307304	0.996927
5YLZ-R-A	Positive	0.126321	0.873679
5EOF-C-A	Negative	0.591723	0.408277
5EOF-D-A	Positive	0.4706	0.5294
5YXD-B-A	Positive	0.324547	0.675453
5JEK-C-A	Positive	0.00147682	0.998523
5JEK-D-B	Positive	0.0492941	0.950706
5LXM-D-A	Positive	0.388681	0.611319
5AER-B-A	Positive	0.473729	0.526271
5EHC-B-A	Negative	0.968278	0.0317221
5KKO-F-B	Negative	0.524642	0.475358
5VE8-C-A	Positive	0.000967145	0.999033
5VE8-E-B	Positive	0.00477421	0.995226
5LY2-E-A	Positive	0.0198221	0.980178
5LY2-F-B	Positive	0.00971609	0.990284
5OXZ-B-A	Positive	0.397797	0.602203
5QU6-Y-U	Negative	0.793676	0.206324
5QU6-2-X	Negative	0.805902	0.194098
5YE3-C-B	Positive	0.000290215	0.99971
5V62-I-A	Positive	0.178969	0.821031
5ETA-D-B	Positive	0.0489445	0.951055
5XV8-A-B	Negative	0.654207	0.345793
5VNB-K-A	Positive	0.00140887	0.998591
5GTC-K-G	Positive	0.000547349	0.999453
5ACA-4-1	Negative	0.919837	0.0801628
5H43-B-A	Positive	0.307025	0.692975
5H43-C-A	Positive	0.204808	0.795192
5VJI-A-C	Positive	0.286599	0.713401
5VJI-B-C	Positive	0.261996	0.738004
5VJI-D-C	Positive	0.112183	0.887817
5VJI-E-C	Negative	0.734046	0.265954
5IP9-Q-B	Positive	0.00141954	0.99858
5WBU-R-B	Positive	0.0191984	0.980802
5WBU-P-D	Positive	0.00556171	0.994438
5Y44-B-A	Negative	0.685043	0.314957
5DLM-X-H	Positive	0.00829363	0.991706
5WDF-P-H	Positive	0.156021	0.843979
5WDF-Q-H	Positive	0.00502151	0.994978
5BNN-D-A	Positive	0.472165	0.527835
5UWM-C-A	Positive	0.00158811	0.998412
5UWM-D-A	Positive	0.00216359	0.997836
5MFM-Q-C	Positive	0.304387	0.695613
5N2V-C-A	Positive	0.0157216	0.984278
5MFH-E-A	Positive	0.00234932	0.997651
5Z56-M-A	Negative	0.919057	0.0809431
5Z56-U-A	Positive	0.380086	0.619914
5AJD-B-A	Negative	0.99326	0.00674018
5AJD-J-A	Negative	0.994347	0.00565329
5AJD-F-C	Negative	0.976419	0.0235808
5AJD-L-C	Negative	0.994914	0.00508612
5AJD-H-G	Negative	0.778953	0.221047
5OJO-C-A	Positive	0.000221074	0.999779
5FRQ-G-A	Positive	0.00118387	0.998816
5ZZ9-E-A	Positive	0.0390815	0.960918
5ZZ9-D-B	Positive	0.468136	0.531864
5ZZ9-F-C	Positive	0.030299	0.969701
5V1Z-E-A	Negative	0.591194	0.408806
5JCY-B-A	Positive	0.00194931	0.998051
5IGQ-U-A	Positive	0.0268698	0.97313
5IGQ-V-B	Positive	0.00313479	0.996865
5O60-g-F	Negative	0.853941	0.146059
5O60-f-G	Positive	0.121077	0.878923
5O60-d-U	Positive	0.0424827	0.957517
5D3F-C-A	Positive	0.00158024	0.99842
5OTU-B-A	Negative	0.955474	0.0445262
5OTU-D-C	Negative	0.96525	0.0347496
5IYV-B-A	Positive	0.00769889	0.992301
5KLV-I-A	Positive	0.0235569	0.976443
5LMX-D-A	Positive	0.0137535	0.986246
5HOI-D-A	Positive	0.00138438	0.998616
5HOI-F-C	Positive	0.00242275	0.997577
5F0L-D-B	Positive	0.189077	0.810923
5ELQ-P-A	Positive	0.00272459	0.997275
5ELQ-C-B	Positive	0.00272459	0.997275
5NDC-C-A	Negative	0.98381	0.0161903
5WBK-T-A	Positive	0.00173634	0.998264
5ZJY-B-A	Negative	0.871411	0.128589
5LMG-D-A	Negative	0.714356	0.285644
5LMG-C-B	Positive	0.203831	0.796169
5MHO-G-A	Positive	0.00828379	0.991716
5MHO-H-B	Positive	0.00828379	0.991716
5BV0-C-A	Positive	0.0109643	0.989036
5MFG-E-A	Positive	0.013086	0.986914
5O0E-C-A	Positive	0.00492352	0.995076
5XTC-Q-V	Negative	0.977938	0.0220621
5CSN-C-A	Positive	0.00370651	0.996293
5MMI-0-F	Negative	0.928867	0.0711329
5MMI-5-G	Positive	0.0434747	0.956525
5MMI-1-O	Negative	0.934925	0.065075
5MMI-7-R	Negative	0.985488	0.0145118
5MMI-H-Y	Negative	0.50186	0.49814
5YBB-C-A	Positive	0.0913945	0.908606
5N74-I-A	Positive	0.000549138	0.999451
5N74-J-A	Positive	0.00283593	0.997164
5N74-K-C	Positive	0.00433773	0.995662
5N74-L-C	Positive	0.0121617	0.987838
5N74-P-E	Positive	0.00159937	0.998401
5N74-O-G	Positive	0.0110523	0.988948
5DPW-B-A	Negative	0.575716	0.424284
5F84-B-A	Negative	0.981619	0.0183805
5SV1-Y-A	Positive	0.0129813	0.987019
5SV1-Z-F	Positive	0.00753391	0.992466
5LGP-E-A	Positive	0.485794	0.514206
5LGP-F-A	Positive	0.00691861	0.993081
5GS4-B-A	Positive	0.000836849	0.999163
5Y5W-F-B	Positive	0.000902295	0.999098
5D7F-P-A	Positive	0.00156361	0.998436
5CZF-B-C	Positive	0.383187	0.616813
5CZF-A-D	Positive	0.343547	0.656453
5WUJ-A-B	Negative	0.836712	0.163288
5AUM-C-H	Positive	0.294936	0.705064
5T7G-P-A	Positive	0.0134013	0.986599
5OXX-B-A	Positive	0.276686	0.723314
5H9D-K-A	Positive	0.0675512	0.932449
5ND9-u-k	Positive	0.161716	0.838284
5ND9-5-7	Positive	0.0594062	0.940594
5NJA-E-A	Positive	0.139283	0.860717
5T1K-E-A	Positive	0.00108588	0.998914
5BPU-H-A	Positive	0.00254887	0.997451
5BPU-I-C	Positive	0.00199407	0.998006
5ZKO-G-A	Negative	0.679299	0.320701
5ZKO-H-A	Negative	0.691927	0.308073
5OIK-L-B	Positive	0.25387	0.74613
5YAX-C-B	Positive	0.00869209	0.991308
5JM1-D-A	Negative	0.906357	0.093643
5YMW-C-A	Positive	0.000341773	0.999658
5XBO-B-A	Negative	0.777119	0.222881
5CSJ-C-A	Positive	0.0038799	0.99612
5IEH-C-A	Positive	0.000919104	0.999081
5ZIA-R-G	Positive	0.00142789	0.998572
5O2R-z-E	Positive	0.179482	0.820518
5AFG-B-A	Positive	0.00133848	0.998662
5WAI-D-B	Positive	0.297926	0.702074
5JIU-C-A	Positive	0.00278211	0.997218
5JPQ-1-R	Negative	0.722318	0.277682
5NQ1-C-A	Positive	0.147524	0.852476
5VI6-B-A	Positive	0.052157	0.947843
5U6K-L-A	Positive	0.00675869	0.993241
5U6K-N-C	Positive	0.00995487	0.990045
5U6K-O-D	Positive	0.00312644	0.996874
5DHM-A-C	Positive	0.33408	0.66592
5DHM-B-D	Positive	0.0199291	0.980071
5ICV-C-A	Positive	0.000606298	0.999394
5LAK-I-A	Positive	0.00277025	0.99723
5W6V-B-A	Positive	0.41871	0.58129
5YE4-E-A	Positive	0.000566781	0.999433
5WPM-C-A	Negative	0.916469	0.0835308
5MGP-w-c	Negative	0.614281	0.385719
5J19-C-A	Positive	0.0465308	0.953469
5J19-D-A	Positive	0.0213439	0.978656
5VLA-Z-A	Positive	0.0505823	0.949418
5ZOP-A-G	Positive	0.360039	0.639961
5FYQ-D-A	Positive	0.000546515	0.999453
5FYQ-C-B	Positive	0.000330687	0.999669
5LHZ-D-A	Positive	0.225456	0.774544
5LHZ-E-B	Positive	0.0759767	0.924023
5EA0-P-H	Positive	0.00517952	0.99482
5WRI-D-A	Positive	0.00167245	0.998328
5NCW-B-A	Negative	0.729856	0.270144
5WXQ-P-U	Positive	0.00118935	0.998811
5X8P-u-k	Positive	0.0686904	0.93131
5X8P-x-m	Negative	0.555767	0.444233
5H4D-D-A	Positive	0.00413465	0.995865
5LXY-D-A	Negative	0.854909	0.145091
5LXY-C-A	Negative	0.854909	0.145091
5LXY-J-A	Negative	0.947018	0.0529819
5LXY-F-B	Negative	0.844833	0.155167
5LXY-N-I	Negative	0.931496	0.0685037
5L2D-C-A	Positive	0.485831	0.514169
5EEQ-L-A	Positive	0.434345	0.565655
5MG3-G-Y	Positive	0.418179	0.581821
5WG1-P-A	Positive	0.00544488	0.994555
5H7L-E-A	Positive	0.0172431	0.982757
5H7L-G-B	Positive	0.00735414	0.992646
5JP2-E-A	Positive	0.424771	0.575229
5FT1-C-A	Positive	0.0407779	0.959222
5FT1-D-B	Positive	0.0103766	0.989623
5FT1-F-E	Positive	0.00180095	0.998199
5FT1-H-G	Positive	0.00231612	0.997684
5FT1-J-I	Positive	0.0148178	0.985182
5FT1-L-K	Positive	0.00281602	0.997184
5W5U-D-A	Positive	0.00130528	0.998695
5C7Z-B-A	Positive	0.00337899	0.996621
5GTB-B-A	Positive	0.493778	0.506222
5OVV-B-A	Positive	0.000150561	0.999849
5XCS-C-A	Positive	0.00297636	0.997024
5IXI-B-A	Negative	0.89488	0.10512
5ULO-C-A	Positive	0.0150325	0.984968
5ULO-D-B	Positive	0.00576007	0.99424
5IAG-D-A	Positive	0.00199133	0.998009
5JTQ-E-A	Negative	0.850333	0.149667
5ZW6-C-A	Positive	0.000248015	0.999752
5MEQ-C-A	Positive	0.00167614	0.998324
5XZX-B-A	Positive	0.0151007	0.984899
5WNB-B-H	Positive	0.233564	0.766436
5XW5-C-A	Positive	0.00317585	0.996824
5IZA-B-A	Positive	0.0113211	0.988679
5FLM-L-B	Positive	0.0208088	0.979191
5H2X-B-A	Positive	0.109055	0.890945
5FGB-F-A	Positive	0.0156506	0.984349
5FGB-G-B	Positive	0.0776238	0.922376
5V1V-C-A	Positive	0.011862	0.988138
5NND-D-A	Positive	0.000993311	0.999007
5AWU-B-A	Positive	0.000776529	0.999223
5V1D-E-A	Positive	0.0802979	0.919702
5VUD-C-A	Positive	0.0124977	0.987502
5Y18-B-A	Positive	0.0088644	0.991136
5T6Z-C-A	Positive	0.166416	0.833584
5LXH-E-A	Positive	0.0655505	0.934449
5LF0-c-H	Positive	0.00218827	0.997812
5KOA-D-B	Negative	0.692417	0.307583
5JW9-A-B	Negative	0.577553	0.422447
5W4G-A-B	Positive	0.0634509	0.936549
5IY4-B-A	Negative	0.777191	0.222809
5IY4-F-E	Negative	0.632726	0.367274
5J8H-B-A	Negative	0.824372	0.175628
5O3U-L-A	Positive	0.0715891	0.928411
5O3U-M-B	Positive	0.0623366	0.937663
5O3U-N-C	Positive	0.00249809	0.997502
5KDS-G-A	Positive	0.00474113	0.995259
5DXB-E-B	Positive	0.00117749	0.998823
5JF0-D-A	Positive	0.0100219	0.989978
5D3E-C-A	Positive	0.0132719	0.986728
5D3E-G-E	Positive	0.149471	0.850529
5D3E-K-I	Positive	0.00195962	0.99804
5GMV-D-B	Positive	0.000442564	0.999557
5M0B-B-A	Positive	0.0127591	0.987241
5TU6-B-A	Positive	0.0118381	0.988162
5WLI-C-A	Negative	0.656249	0.343751
5XWR-C-A	Positive	0.003088	0.996912
5Q1G-B-A	Positive	0.00366437	0.996336
5MT6-B-A	Positive	0.000658691	0.999341
5TGI-C-A	Positive	0.00101179	0.998988
5TGI-D-A	Positive	0.0242801	0.97572
5MYO-E-A	Positive	0.00258374	0.997416
5E0M-C-A	Positive	0.00646591	0.993534
5W5D-E-B	Negative	0.969255	0.0307453
5UIE-K-B	Positive	0.16795	0.83205
5D7G-B-A	Negative	0.634408	0.365592
5D7G-F-E	Negative	0.774399	0.225601
5K18-F-A	Positive	0.000268281	0.999732
5K18-E-A	Positive	0.000608683	0.999391
5BWD-C-A	Negative	0.798583	0.201417
5NO4-L-H	Positive	0.00155407	0.998446
5F88-E-A	Positive	0.000870049	0.99913
5LEO-H-A	Positive	0.0182872	0.981713
5OU9-C-A	Positive	0.0271514	0.972849
5WB7-E-A	Negative	0.980922	0.0190778
5WB7-F-B	Negative	0.947484	0.0525163
5WB7-H-D	Negative	0.951225	0.0487745
5JMO-G-A	Positive	0.0020259	0.997974
5OYP-D-A	Negative	0.806985	0.193015
5NCO-k-V	Positive	0.0204191	0.979581
5VTB-B-A	Positive	0.00384068	0.996159
5X7B-L-A	Positive	0.000348091	0.999652
5X7B-N-A	Positive	0.00210071	0.997899
5LZ3-B-A	Positive	0.0221543	0.977846
5DTF-P-H	Positive	0.0164102	0.98359
5CVE-D-A	Positive	0.00288761	0.997112
5CVE-E-B	Positive	0.00100428	0.998996
5J3V-C-A	Positive	0.0426877	0.957312
5EUK-E-A	Positive	0.00102079	0.998979
5ITZ-D-A	Positive	0.038139	0.961861
5OCK-A-L	Positive	0.0039463	0.996054
5GJY-C-A	Positive	0.00047338	0.999527
5YPR-B-A	Positive	0.0274395	0.972561
5OKZ-J-G	Positive	0.174789	0.825211
5OKZ-T-Q	Positive	0.00161159	0.998388
5OKZ-n-k	Positive	0.00585389	0.994146
5XJC-x-u	Negative	0.973669	0.0263311
5OK6-D-A	Positive	0.00932407	0.990676
5OK6-C-B	Positive	0.00178033	0.99822
5EMB-B-A	Positive	0.000809252	0.999191
5TMU-C-A	Positive	0.00884998	0.99115
5NWK-P-A	Positive	0.00316155	0.996838
5NWK-Q-B	Positive	0.00353301	0.996467
5GG4-E-A	Positive	0.0490108	0.950989
5GG4-F-A	Positive	0.0229115	0.977088
5GG4-G-C	Positive	0.00542498	0.994575
5GG4-H-C	Positive	0.0809928	0.919007
5DMS-B-A	Positive	0.00178379	0.998216
5DMS-D-A	Positive	0.000879228	0.999121
5ANR-C-A	Negative	0.90564	0.0943596
5W3P-P-L	Positive	0.12976	0.87024
5EOK-K-A	Positive	0.0191308	0.980869
5ZMQ-C-B	Positive	0.398371	0.601629
5ZMQ-G-B	Negative	0.60629	0.39371
5XAD-C-A	Positive	0.274995	0.725005
5XAD-D-B	Positive	0.168465	0.831535
5WKN-C-A	Positive	0.0474041	0.952596
5WKN-D-A	Positive	0.0272041	0.972796
5VB9-C-A	Positive	0.000796378	0.999204
5FC8-C-E	Positive	0.323302	0.676698
5TGJ-B-A	Positive	0.049554	0.950446
5TGJ-D-A	Positive	0.0672648	0.932735
5Z2W-B-A	Negative	0.606337	0.393663
5N4B-D-A	Positive	0.000426352	0.999574
5WTT-P-H	Positive	0.000607252	0.999393
5YI7-B-A	Positive	0.268602	0.731398
5TWH-E-A	Positive	0.00155884	0.998441
5ZOO-A-G	Positive	0.00153565	0.998464
5M5G-E-B	Positive	0.000894248	0.999106
5JQY-B-A	Negative	0.743174	0.256826
5HFE-B-A	Positive	0.00130826	0.998692
5Z94-D-A	Positive	0.00090909	0.999091
5VJX-B-A	Positive	0.171959	0.828041
5VJX-C-A	Positive	0.0804471	0.919553
5VJX-b-A	Positive	0.175918	0.824082
5VJX-c-A	Positive	0.112183	0.887817
5VJX-F-D	Negative	0.557654	0.442346
5VJX-K-D	Positive	0.162897	0.837103
5VJX-L-D	Positive	0.174816	0.825184
5VJX-T-D	Negative	0.538075	0.461925
5VJX-I-G	Positive	0.423282	0.576718
5VJX-Z-G	Positive	0.0551727	0.944827
5VJX-O-M	Negative	0.694646	0.305354
5VJX-Y-X	Negative	0.557654	0.442346
5VJX-d-X	Positive	0.200707	0.799293
5VJX-e-X	Positive	0.120367	0.879633
5HAW-L-A	Positive	0.377918	0.622082
5NJT-t-a	Positive	0.0697085	0.930292
5NJT-q-s	Negative	0.714006	0.285994
5XYV-D-A	Negative	0.968405	0.0315954
5D9S-C-A	Positive	0.000353098	0.999647
5NKP-D-A	Positive	0.000905156	0.999095
5HYC-C-A	Negative	0.616458	0.383542
5D9G-C-A	Positive	0.00298929	0.997011
5D9G-D-A	Positive	0.00806016	0.99194
5N22-E-A	Positive	0.235081	0.764919
5J3T-C-A	Negative	0.84281	0.15719
5MMM-x-m	Negative	0.706701	0.293299
5B62-B-A	Positive	0.00121433	0.998786
5YLG-B-A	Positive	0.0477551	0.952245
5YLG-C-A	Positive	0.0578742	0.942126
5YLG-D-A	Positive	0.0628983	0.937102
5MEO-C-A	Positive	0.00150764	0.998492
5TRZ-P-A	Positive	0.00437093	0.995629
5V6H-B-A	Negative	0.988937	0.0110629
5V6H-H-A	Negative	0.973196	0.0268041
5JEO-B-A	Positive	0.341066	0.658934
5AFF-B-A	Positive	0.0424731	0.957527
5SVZ-B-A	Positive	0.00455111	0.995449
5X6C-E-A	Positive	0.0420327	0.957967
5UW7-C-A	Positive	0.00346857	0.996531
5HL7-Z-K	Positive	0.417971	0.582029
5SVH-B-A	Positive	0.193554	0.806446
5NPI-E-B	Positive	0.0470238	0.952976
5UJT-C-A	Positive	0.0170481	0.982952
5UJT-F-D	Positive	0.019761	0.980239
5MY4-C-A	Positive	0.00199729	0.998003
5KZT-C-A	Positive	0.00660264	0.993397
5KZT-D-B	Positive	0.00181085	0.998189
5JJA-C-A	Positive	0.00465173	0.995348
5N4E-C-A	Positive	0.363953	0.636047
5N4E-D-B	Positive	0.388667	0.611333
5MLW-F-E	Positive	0.0360963	0.963904
5F2U-C-A	Positive	0.00735343	0.992647
5N8A-X-A	Positive	0.0397525	0.960248
5XXB-a-D	Negative	0.768173	0.231827
5XXB-k-O	Positive	0.0753245	0.924675
5B16-B-A	Positive	0.00370461	0.996295
5B16-C-A	Positive	0.0184484	0.981552
5HF1-B-A	Positive	0.000294864	0.999705
5XCU-C-A	Positive	0.00223243	0.997768
5A2K-P-H	Positive	0.00176704	0.998233
5M5T-E-A	Positive	0.000665128	0.999335
5M5T-G-A	Positive	0.00157475	0.998425
5M5T-I-A	Positive	0.000409663	0.99959
5HOG-D-A	Positive	0.00564152	0.994358
5HOG-E-B	Positive	0.00554746	0.994453
5WXR-P-U	Positive	0.00136691	0.998633
5WES-P-A	Positive	0.00197226	0.998028
5KKL-D-A	Positive	0.00103378	0.998966
5NAF-E-A	Positive	0.00172246	0.998278
5NAF-F-B	Positive	0.0367716	0.963228
5W89-B-A	Positive	0.0236491	0.976351
5D0J-L-A	Positive	0.00629961	0.9937
5D0J-M-D	Positive	0.00239986	0.9976
5UWS-D-C	Positive	0.228538	0.771462
5CXV-C-A	Positive	0.00993639	0.990064
5KY3-B-A	Negative	0.836613	0.163387
5LSO-C-A	Positive	0.0136603	0.98634
5C27-D-A	Positive	0.00315547	0.996845
5YD3-B-A	Positive	0.000957429	0.999043
5YD3-F-E	Positive	0.022219	0.977781
5YD3-H-G	Positive	0.00351083	0.996489
5AJJ-B-A	Positive	0.09075	0.90925
5NPJ-D-A	Negative	0.918938	0.0810621
5NPJ-E-B	Negative	0.55729	0.44271
5L3F-C-A	Positive	0.00803834	0.991962
5AB0-E-A	Positive	0.00395066	0.996049
5ICZ-E-A	Positive	0.00795096	0.992049
5D7E-C-A	Positive	0.00167888	0.998321
5KY8-B-A	Negative	0.968775	0.031225
5EWZ-C-A	Positive	0.00124252	0.998757
5EWZ-D-B	Positive	0.00970799	0.990292
5WUM-B-A	Positive	0.00167543	0.998325
5ZEB-7-G	Positive	0.121077	0.878923
5ZEB-5-U	Positive	0.0309159	0.969084
5ZEB-4-6	Positive	0.492315	0.507685
5NPS-D-A	Positive	0.00184363	0.998156
5SVI-A-B	Negative	0.864153	0.135847
5JTO-E-A	Negative	0.977929	0.0220713
5ZZ8-u-q	Negative	0.9424	0.0576
5LNK-x-N	Negative	0.921859	0.0781408
5XFR-C-A	Positive	0.00837582	0.991624
5ONS-B-A	Negative	0.808854	0.191146
5CNO-X-A	Positive	0.00658923	0.993411
5ZZN-I-A	Negative	0.752825	0.247175
5ZZN-L-A	Negative	0.976978	0.0230217
5KQV-A-E	Positive	0.101164	0.898836
5KQV-B-E	Positive	0.00334722	0.996653
5OCX-A-L	Positive	0.0158926	0.984107
5Q16-B-A	Negative	0.534465	0.465535
5Q16-D-C	Negative	0.576035	0.423965
5JUB-C-A	Positive	0.0140394	0.985961
5T1G-B-A	Positive	0.00441349	0.995587
5NTJ-B-A	Positive	0.00633949	0.993661
5N5R-P-A	Positive	0.00199002	0.99801
5WWU-E-A	Positive	0.0146351	0.985365
5XOS-C-A	Positive	0.00208694	0.997913
5VH0-B-A	Negative	0.879515	0.120485
5NWJ-P-A	Positive	0.0175166	0.982483
5IQN-B-A	Positive	0.217029	0.782971
5Y21-C-A	Positive	0.0131235	0.986876
5Y21-D-A	Positive	0.109882	0.890118
5SW9-B-A	Positive	0.00213087	0.997869
5NAS-C-A	Positive	0.00558835	0.994412
5DOW-B-A	Positive	0.00687557	0.993124
5VNG-D-B	Positive	0.00232261	0.997677
5ACZ-C-A	Positive	0.00102198	0.998978
5VNK-D-B	Positive	0.00119698	0.998803
5N4W-V-A	Negative	0.694644	0.305356
5OTV-D-C	Negative	0.96525	0.0347496
5OTV-B-A	Negative	0.885077	0.114923
5AWT-B-A	Positive	0.00583243	0.994168
5DXA-F-A	Positive	0.00365692	0.996343
5DXA-G-B	Positive	0.0413703	0.95863
5ZNP-P-A	Positive	0.00461185	0.995388
5EN7-B-A	Positive	0.00687081	0.993129
5EN7-D-C	Positive	0.00191498	0.998085
5EN7-F-C	Negative	0.922096	0.0779039
5EN7-H-G	Negative	0.92757	0.0724305
5WTB-F-D	Positive	0.172743	0.827257
5WTB-H-D	Positive	0.103542	0.896458
5JFZ-B-A	Negative	0.674688	0.325312
5JFZ-D-C	Negative	0.583255	0.416745
5MHL-K-A	Positive	0.000288308	0.999712
5X8Q-B-A	Positive	0.00779653	0.992203
5X8Q-F-A	Positive	0.0502679	0.949732
5EU3-C-A	Positive	0.00230259	0.997697
5BS2-R-A	Positive	0.000203431	0.999797
5FCG-C-A	Negative	0.633601	0.366399
5OYL-D-A	Positive	0.202583	0.797417
5MYX-E-A	Positive	0.00268275	0.997317
5MYX-F-C	Positive	0.00249368	0.997506
5HPM-E-A	Positive	0.0276909	0.972309
5CIL-P-H	Positive	0.104678	0.895322
5XOD-B-A	Positive	0.0112694	0.988731
5NIN-D-B	Positive	0.00117403	0.998826
5UMZ-E-B	Positive	0.00100189	0.998998
5UMZ-D-B	Positive	0.00178826	0.998212
5C3G-B-A	Positive	0.00693887	0.993061
5V93-1-3	Positive	0.392781	0.607219
5V93-6-F	Negative	0.911279	0.0887209
5V93-4-G	Positive	0.133222	0.866778
5V93-H-X	Negative	0.790668	0.209332
5ZK1-C-A	Negative	0.540632	0.459368
5N8E-F-A	Positive	0.239897	0.760103
5N8E-E-B	Positive	0.146738	0.853262
5WYL-B-A	Positive	0.0622042	0.937796
5WYL-D-A	Negative	0.960123	0.0398769
5CUL-A-B	Positive	0.180948	0.819052
5Y91-C-A	Positive	0.00467515	0.995325
5KZP-A-H	Positive	0.00163978	0.99836
5KZP-B-H	Positive	0.00163978	0.99836
5UN8-E-A	Positive	0.00296342	0.997037
5UN8-G-A	Positive	0.00559402	0.994406
5UN8-F-B	Positive	0.00498217	0.995018
5MLC-2-P	Negative	0.652075	0.347925
5MLC-8-S	Negative	0.963428	0.0365724
5MLC-I-Y	Negative	0.545251	0.454749
5Z08-D-B	Negative	0.613789	0.386211
5KY5-B-A	Negative	0.624609	0.375391
5L6N-I-H	Positive	0.0647509	0.935249
5I7Z-B-A	Positive	0.00267255	0.997327
5VMR-C-A	Positive	0.125946	0.874054
5VMR-D-B	Positive	0.278665	0.721335
5E8J-C-A	Negative	0.934106	0.0658938
5E8J-D-B	Negative	0.94336	0.0566399
5EXK-B-A	Positive	0.00328743	0.996713
5EXK-F-E	Positive	0.00189763	0.998102
5EXK-J-I	Positive	0.00577116	0.994229
5E2A-D-A	Positive	0.00114107	0.998859
5HQ8-I-A	Positive	0.00065881	0.999341
5HQ8-J-B	Positive	0.0270752	0.972925
5I0Q-A-B	Negative	0.720778	0.279222
5Z2Q-D-A	Negative	0.614587	0.385413
5Z2Q-C-B	Negative	0.671667	0.328333
5XJO-E-A	Negative	0.960845	0.0391546
5CQX-C-A	Positive	0.00271344	0.997287
5EOD-B-A	Positive	0.00143254	0.998567
5W3M-D-A	Positive	0.446206	0.553794
5OL0-C-A	Positive	0.0136965	0.986304
5OL0-D-A	Positive	0.0126312	0.987369
5NIF-4-E	Positive	0.000735343	0.999265
5LF6-c-K	Positive	0.00326717	0.996733
5YPZ-D-A	Negative	0.748252	0.251748
5NNC-C-A	Positive	0.00580519	0.994195
5C3F-B-A	Positive	0.0014267	0.998573
5AZG-C-A	Positive	0.000173151	0.999827
5AZG-D-A	Positive	0.000398576	0.999601
5U3N-A-H	Negative	0.931252	0.0687481
5ZS3-U-A	Positive	0.000730813	0.999269
5TDC-B-A	Positive	0.124712	0.875288
5TDC-D-C	Positive	0.000607848	0.999392
5MFI-D-A	Positive	0.00183272	0.998167
5GM6-n-T	Positive	0.0297149	0.970285
5SVE-C-A	Positive	0.00330049	0.9967
5VX2-B-A	Positive	0.0132887	0.986711
5FWE-D-B	Positive	0.00237864	0.997621
5KLT-A-B	Positive	0.000812829	0.999187
5FOS-C-A	Positive	0.00572282	0.994277
5V6M-P-L	Positive	0.126255	0.873745
5N7F-C-A	Positive	0.00519484	0.994805
5EYZ-E-A	Positive	0.00108433	0.998916
5HZ0-A-B	Positive	0.0127752	0.987225
5J7J-B-A	Positive	0.133795	0.866205
5M3J-X-A	Positive	0.00600004	0.994
5EFN-F-B	Positive	0.00447041	0.99553
5CRW-B-A	Positive	0.143482	0.856518
5J3H-B-E	Positive	0.163682	0.836318
5MY9-P-A	Positive	0.00147575	0.998524
5EOT-C-A	Positive	0.00349736	0.996503
5NTW-Q-B	Positive	0.00454605	0.995454
5J4T-D-A	Negative	0.906357	0.093643
5HKP-C-A	Positive	0.0457936	0.954206
5HKP-D-B	Positive	0.0461202	0.95388
5NQF-B-A	Positive	0.498117	0.501883
5GH9-B-A	Positive	0.00796056	0.992039
5M5U-E-A	Positive	0.0020321	0.997968
5M5U-G-A	Positive	0.0016064	0.998394
5YC2-B-A	Positive	0.244757	0.755243
5YC2-D-A	Positive	0.0879225	0.912078
5GMJ-D-A	Positive	0.00249904	0.997501
5GMJ-C-B	Positive	0.00957084	0.990429
5YQ7-T-L	Negative	0.651049	0.348951
5YQ7-V-L	Negative	0.651049	0.348951
5YQ7-R-L	Negative	0.651049	0.348951
5YQ7-2-C	Negative	0.983746	0.016254
5N89-G-A	Positive	0.0595017	0.940498
5BNW-D-A	Positive	0.000850439	0.99915
5DXG-C-A	Positive	0.00117749	0.998823
5DXG-D-B	Positive	0.00130236	0.998698
5VLI-C-A	Positive	0.377299	0.622701
5CJB-B-A	Negative	0.62649	0.37351
5CJB-C-A	Positive	0.32388	0.67612
5IZ6-B-A	Positive	0.0195022	0.980498
5ONA-C-B	Positive	0.279959	0.720041
5ONA-F-E	Positive	0.457778	0.542222
5L9B-C-A	Positive	0.262409	0.737591
5LUZ-C-A	Positive	0.00337791	0.996622
5LUZ-P-A	Positive	0.0486706	0.951329
5LUZ-D-B	Positive	0.00335509	0.996645
5FQ8-Q-C	Positive	0.0745043	0.925496
5WSH-C-A	Positive	0.0179483	0.982052
5LXI-C-D	Positive	0.429589	0.570411
5LXI-E-B	Positive	0.00134099	0.998659
5C56-B-A	Positive	0.00458616	0.995414
5C0A-C-A	Positive	0.00448835	0.995512
5C0A-H-F	Positive	0.00448835	0.995512
5MK3-E-A	Positive	0.0526218	0.947378
5MK3-G-C	Positive	0.0291767	0.970823
5MLO-B-A	Negative	0.667862	0.332138
5MLO-D-C	Negative	0.772915	0.227085
5MLO-F-E	Negative	0.850327	0.149673
5NC7-I-A	Positive	0.00390112	0.996099
5NC7-W-A	Positive	0.00401831	0.995982
5NC7-X-B	Positive	0.0153742	0.984626
5NC7-Y-C	Positive	0.0202637	0.979736
5JEM-C-A	Negative	0.937027	0.062973
5YBE-B-A	Negative	0.796991	0.203009
5IMQ-1-e	Negative	0.766695	0.233305
5IMQ-y-p	Negative	0.525996	0.474004
5IMQ-x-z	Positive	0.461323	0.538677
5GN0-E-A	Negative	0.917275	0.0827251
5GN0-F-A	Negative	0.952125	0.0478755
5GN0-G-B	Negative	0.972507	0.0274931
5HYQ-E-A	Positive	0.00184053	0.998159
5KN5-C-A	Negative	0.556955	0.443045
5KN5-F-B	Positive	0.270421	0.729579
5HM1-D-A	Positive	0.00442338	0.995577
5W4S-B-A	Negative	0.961806	0.0381938
5YY9-C-A	Positive	0.00329691	0.996703
5YY9-D-A	Positive	0.0034017	0.996598
5MCO-B-A	Positive	0.0482521	0.951748
5ZGB-J-A	Negative	0.984279	0.0157214
5EOC-P-H	Positive	0.000417173	0.999583
5E8O-C-A	Positive	0.000446379	0.999554
5DRZ-P-L	Positive	0.0242683	0.975732
5CZI-B-A	Positive	0.00628936	0.993711
5OO6-C-A	Positive	0.3237	0.6763
5OO6-U-D	Positive	0.239297	0.760703
5OO6-I-G	Positive	0.3237	0.6763
5VBC-D-A	Positive	0.000443637	0.999556
5VYP-K-U	Negative	0.694757	0.305243
5HFB-B-A	Positive	0.00172639	0.998274
5VZY-A-H	Positive	0.0192705	0.98073
5ODT-B-A	Negative	0.946668	0.053332
5B66-I-A	Negative	0.752825	0.247175
5B66-J-A	Positive	0.198491	0.801509
5B66-M-A	Negative	0.980388	0.0196118
5B66-T-A	Negative	0.590281	0.409719
5B66-j-a	Negative	0.609332	0.390668
5V2C-F-A	Negative	0.546196	0.453804
5V2C-I-A	Negative	0.79697	0.20303
5V2C-J-A	Negative	0.736179	0.263821
5V2C-T-A	Negative	0.637356	0.362644
5V2C-Y-C	Positive	0.00633705	0.993663
5V2C-f-a	Positive	0.186969	0.813031
5V2C-j-a	Negative	0.736179	0.263821
5T5P-a-A	Positive	0.00582302	0.994177
5T5P-b-B	Positive	0.00967467	0.990325
5L0S-B-A	Negative	0.995187	0.00481298
5GMK-G-A	Negative	0.909971	0.0900293
5FBY-B-A	Positive	0.0215471	0.978453
5M5V-E-A	Positive	0.000415981	0.999584
5M5V-G-A	Positive	0.00034368	0.999656
5M5V-I-A	Positive	0.00672376	0.993276
5IJK-X-A	Positive	0.00796926	0.992031
5IJK-Y-B	Positive	0.120679	0.879321
5KD7-P-A	Positive	0.0328456	0.967154
5GPI-G-H	Positive	0.447995	0.552005
5MB9-D-A	Positive	0.119669	0.880331
5MB9-C-B	Positive	0.150959	0.849041
5GJH-B-A	Positive	0.00226593	0.997734
5WMR-C-A	Positive	0.00113463	0.998865
5FC3-A-B	Positive	0.000274599	0.999725
5VX3-B-A	Positive	0.0137224	0.986278
5VX3-D-A	Positive	0.00711995	0.99288
5VX3-F-E	Positive	0.00711995	0.99288
5VX3-H-G	Positive	0.00715971	0.99284
5DI9-D-C	Positive	0.0225576	0.977442
5JEL-B-A	Positive	0.272708	0.727292
5AF6-G-A	Positive	0.10954	0.89046
5AF6-H-A	Positive	0.178441	0.821559
5AF6-J-B	Positive	0.270438	0.729562
5DZK-O-A	Positive	0.00326717	0.996733
5L9T-M-C	Negative	0.993286	0.00671378
5OTT-B-A	Negative	0.774696	0.225304
5FFV-C-A	Positive	0.0111815	0.988818
5G5L-L-B	Positive	0.378946	0.621054
5IUE-K-A	Positive	0.00263983	0.99736
5IUE-N-I	Positive	0.00420403	0.995796
5OSN-D-A	Positive	0.387248	0.612752
5ONQ-B-A	Positive	0.026777	0.973223
5MW0-C-A	Negative	0.847353	0.152647
5UFS-C-A	Positive	0.00331587	0.996684
5EU5-C-A	Positive	0.00226909	0.997731
5VAQ-C-A	Positive	0.0209358	0.979064
5OX2-P-A	Positive	0.00369418	0.996306
5YF4-B-A	Positive	0.0850138	0.914986
5V6Y-E-A	Negative	0.838349	0.161651
5V6Y-G-C	Negative	0.673615	0.326385
5TDD-B-A	Positive	0.00112456	0.998875
5HL0-B-A	Positive	0.00213158	0.997868
5V6L-P-L	Positive	0.0127162	0.987284
5V6L-Q-M	Positive	0.00938207	0.990618
5JJM-M-A	Positive	0.0043329	0.995667
5JJM-G-A	Positive	0.00107604	0.998924
5JJM-H-B	Positive	0.000417411	0.999583
5NQV-E-A	Positive	0.00368792	0.996312
5NQV-G-C	Positive	0.000154972	0.999845
5NQV-H-D	Positive	0.000384212	0.999616
5XCV-C-A	Positive	0.00364995	0.99635
5XCV-F-D	Positive	0.00213963	0.99786
5J9S-B-A	Positive	0.000364065	0.999636
5D13-E-A	Positive	0.000434101	0.999566
5T6J-C-A	Positive	0.141993	0.858007
5F1I-C-A	Positive	0.275747	0.724253
5FN4-G-A	Positive	0.0264379	0.973562
5WRM-P-A	Positive	0.00221193	0.997788
5WJC-B-A	Positive	0.0425122	0.957488
5LY1-E-C	Positive	0.0235358	0.976464
5W4F-A-B	Positive	0.00289601	0.997104
5W4F-D-B	Positive	0.00175285	0.998247
5V2P-B-A	Negative	0.692107	0.307893
5Y88-R-A	Positive	0.132148	0.867852
5IZ8-C-A	Positive	0.00165915	0.998341
5VWV-B-A	Positive	0.207857	0.792143
5NX3-D-A	Positive	0.0430771	0.956923
5WPL-I-A	Negative	0.911866	0.0881336
5WPL-L-D	Negative	0.902917	0.0970827
5O3W-W-A	Positive	0.00492001	0.99508
5O3W-Z-D	Positive	0.00139731	0.998603
5EPM-C-A	Negative	0.618615	0.381385
5QU2-D-A	Positive	0.0469749	0.953025
5QU2-E-B	Positive	0.0469749	0.953025
5IZ0-C-A	Positive	0.188912	0.811088
5IZ0-H-D	Positive	0.00198698	0.998013
5MT7-B-A	Positive	0.00184363	0.998156
5UWU-D-C	Positive	0.00254172	0.997458
5HAX-B-A	Positive	0.0744312	0.925569
5EU6-C-A	Positive	0.00454652	0.995453
5X08-P-H	Positive	0.129063	0.870937
5M5R-C-A	Positive	0.00030148	0.999699
5M5R-D-A	Positive	0.000333548	0.999666
5M72-B-A	Positive	0.367492	0.632508
5Y81-E-D	Negative	0.841443	0.158557
5GJI-B-A	Positive	0.00226593	0.997734
5HYP-B-A	Negative	0.893691	0.106309
5IBK-B-A	Negative	0.981442	0.0185583
5IBK-E-A	Negative	0.952103	0.0478969
5H2V-B-A	Positive	0.00704932	0.992951
5XGL-F-A	Positive	0.013584	0.986416
5L3G-C-A	Positive	0.00326717	0.996733
5GMY-B-A	Positive	0.00171405	0.998286
5ONR-B-A	Positive	0.00374943	0.996251
5MSM-C-A	Negative	0.943563	0.056437
5MSM-F-A	Negative	0.717529	0.282471
5VNH-D-B	Positive	0.00582302	0.994177
5KSV-C-A	Positive	0.000556052	0.999444
5GSD-C-A	Positive	0.000417531	0.999582
5OOQ-C-A	Positive	0.00462955	0.99537
5OOQ-D-B	Positive	0.0153468	0.984653
5KD4-P-A	Positive	0.0142298	0.98577
5KY2-B-A	Negative	0.97874	0.0212597
5FB0-D-A	Positive	0.0048396	0.99516
5M5S-G-A	Positive	0.0461212	0.953879
5MW9-C-A	Negative	0.955057	0.0449428
5MW9-D-A	Negative	0.923677	0.0763233
5NP6-C-c	Positive	0.123972	0.876028
5HCE-D-B	Positive	0.489742	0.510258
5VAO-E-B	Positive	0.0079329	0.992067
5V2Q-B-A	Negative	0.942313	0.0576869
5KAI-J-A	Positive	0.198491	0.801509
5KAI-T-A	Negative	0.637356	0.362644
5KAI-j-a	Positive	0.198491	0.801509
5A31-T-A	Positive	0.000650585	0.999349
5A31-V-L	Positive	0.005449	0.994551
5E33-B-A	Positive	0.0167747	0.983225
5WRD-C-A	Positive	0.256125	0.743875
5MTW-E-C	Positive	0.107355	0.892645
5ABY-B-A	Positive	0.0575315	0.942469
5ABY-F-C	Positive	0.0301214	0.969879
5E79-I-A	Negative	0.870858	0.129141
5OA1-9-U	Positive	0.0277361	0.972264
5OA1-1-V	Positive	0.0217704	0.97823
5OA1-4-W	Positive	0.0235209	0.976479
5XS3-C-A	Positive	0.000787258	0.999213
5ZK5-B-A	Negative	0.932574	0.0674263
5HIT-B-A	Positive	0.00549406	0.994506
5FC2-A-B	Positive	0.000106096	0.999894
5WRK-P-A	Positive	0.00547343	0.994527
5C0E-C-A	Positive	0.00135833	0.998642
5V6E-B-A	Negative	0.984549	0.0154508
5SWF-B-A	Positive	0.00645393	0.993546
5H7G-C-A	Positive	0.00797135	0.992029
5ESQ-E-A	Positive	0.0276909	0.972309
5XUP-D-B	Positive	0.000878632	0.999121
5JHQ-E-A	Positive	0.023599	0.976401
5JHQ-F-A	Positive	0.0323784	0.967622
5JHQ-G-B	Positive	0.00439268	0.995607
5JHQ-H-B	Positive	0.00745583	0.992544
5JHQ-L-D	Positive	0.0151032	0.984897
5X8N-B-A	Positive	0.000255048	0.999745
5R4B-A-B	Positive	0.00428468	0.995715
5KHU-B-N	Positive	0.000736415	0.999264
5KHU-M-P	Negative	0.987234	0.0127656
5KHU-U-S	Positive	0.0111574	0.988843
5WE0-B-A	Positive	0.454553	0.545447
5WE0-C-A	Negative	0.510266	0.489734
5WE0-E-D	Positive	0.352063	0.647937
5WE0-F-D	Negative	0.642158	0.357842
5WE0-I-D	Positive	0.205487	0.794513
5Y2F-C-A	Positive	0.00108218	0.998918
5BK0-E-A	Positive	0.00151783	0.998482
5WN9-A-H	Positive	0.063991	0.936009
5JHF-G-C	Positive	0.00273824	0.997262
5JHF-I-C	Positive	0.00502419	0.994976
5O5J-g-M	Positive	0.00806195	0.991938
5LU1-C-A	Positive	0.00490832	0.995092
5AM8-P-A	Positive	0.00127596	0.998724
5WOU-V-A	Positive	0.00252455	0.997475
5G04-S-L	Positive	0.0309401	0.96906
5U1M-B-A	Positive	0.00931436	0.990686
5MFJ-C-A	Positive	0.00173944	0.998261
5NL1-H-A	Negative	0.54562	0.45438
5NL1-J-A	Positive	0.447208	0.552792
5NL1-K-A	Negative	0.572119	0.427881
5NL1-L-E	Negative	0.51613	0.48387
5F0P-D-B	Positive	0.13844	0.86156
5UUK-B-A	Positive	0.135102	0.864898
5HYT-A-B	Negative	0.500684	0.499315
5HYT-C-B	Positive	0.337945	0.662055
5ZJI-J-2	Negative	0.96847	0.0315305
5GLH-B-A	Positive	0.137467	0.862533
5JTP-E-A	Positive	0.226036	0.773964
5V8Z-B-A	Positive	0.0297927	0.970207
5TQC-B-A	Positive	0.00416207	0.995838
5WBH-W-C	Positive	0.027309	0.972691
5FOT-C-A	Positive	0.0128158	0.987184
5LSK-P-A	Negative	0.939649	0.060351
5OJR-E-A	Positive	0.031395	0.968605
5OJR-F-B	Positive	0.0235809	0.976419
5X94-L-A	Positive	0.00131005	0.99869
5X94-N-A	Positive	0.000745356	0.999255
5X94-M-B	Positive	0.000707388	0.999293
5X94-O-B	Positive	0.000589252	0.999411
5LMF-C-A	Positive	0.00930452	0.990695
5AJO-B-A	Positive	0.00210947	0.997891
5D2D-C-A	Positive	0.0471315	0.952868
5XVW-D-A	Positive	0.0106515	0.989349
5XVW-F-C	Positive	0.0152986	0.984701
5DWQ-F-A	Positive	0.0029586	0.997041
5DWQ-G-C	Positive	0.000293076	0.999707
5U4J-c-e	Positive	0.410839	0.589161
5GRQ-C-A	Positive	0.0265344	0.973466
5GRQ-D-B	Positive	0.27827	0.72173
5M3H-X-A	Positive	0.00388843	0.996112
5M3H-Y-A	Positive	0.0150054	0.984995
5H17-B-A	Negative	0.597049	0.402951
5KTB-C-A	Negative	0.601173	0.398827
5MU0-Q-A	Positive	0.000570238	0.99943
5MU0-V-B	Positive	0.000570238	0.99943
5VAY-E-A	Negative	0.919358	0.0806419
5VAY-G-A	Negative	0.927836	0.0721638
5VAY-H-D	Negative	0.877518	0.122482
5YMV-C-A	Positive	0.000382781	0.999617
5MDW-6-7	Positive	0.139023	0.860977
5WHH-B-A	Positive	0.0242649	0.975735
5E8F-D-A	Positive	0.00186479	0.998135
5IOH-B-A	Positive	0.188072	0.811928
5IOH-D-A	Positive	0.213667	0.786333
5LV0-C-A	Positive	0.0402027	0.959797
5UWI-D-C	Positive	0.418124	0.581876
5FDW-C-A	Positive	0.0018782	0.998122
5JY0-B-A	Positive	0.00061202	0.999388
5UUL-B-A	Positive	0.199166	0.800834
5FVL-C-A	Positive	0.0407115	0.959289
5FVL-D-A	Positive	0.209944	0.790056
5GTI-f-a	Positive	0.470191	0.529809
5Y1U-D-A	Positive	0.00139207	0.998608
5Y1U-C-B	Positive	0.00139207	0.998608
5E50-C-A	Positive	0.0124524	0.987548
5FW5-C-A	Positive	0.062257	0.937743
5MK2-C-A	Positive	0.0381948	0.961805
5CX3-E-A	Positive	0.410382	0.589618
5CX3-F-B	Positive	0.323277	0.676723
5CX3-H-D	Positive	0.281896	0.718104
5LAX-E-A	Positive	0.0621292	0.937871
5B78-B-A	Positive	0.0200611	0.979939
5KY4-B-A	Negative	0.643551	0.356449
5M9D-B-A	Positive	0.0316871	0.968313
5FMK-B-A	Positive	0.104335	0.895665
5DMG-P-H	Positive	0.00169706	0.998303
5DMG-Z-C	Positive	0.000802457	0.999198
5DMG-X-E	Positive	0.000441253	0.999559
5BWN-B-A	Positive	0.00740451	0.992595
5E0L-C-A	Positive	0.0289885	0.971011
5OHG-C-A	Negative	0.931097	0.0689029
5OHG-J-B	Negative	0.974866	0.0251343
5HTC-C-A	Positive	0.00177366	0.998226
5E3C-B-A	Positive	0.00837827	0.991622
5MJY-E-A	Negative	0.891719	0.108281
5BWO-B-A	Positive	0.12843	0.87157
5WLB-B-A	Negative	0.97648	0.0235202
5WLB-C-A	Positive	0.298111	0.701889
5WLB-E-D	Negative	0.969348	0.0306517
5WLB-F-D	Negative	0.877951	0.122049
5KNM-N-A	Positive	0.000730932	0.999269
5MXO-P-A	Positive	0.00515318	0.994847
5D94-B-A	Positive	0.19005	0.80995
5C1B-U-A	Positive	0.0419881	0.958012
5C1B-V-D	Positive	0.00863332	0.991367
5H2W-B-A	Positive	0.142734	0.857266
5N7X-D-A	Positive	0.0384467	0.961553
5K8Q-B-A	Negative	0.790842	0.209158
5KXH-B-A	Negative	0.906476	0.0935236
5J3Q-B-A	Positive	0.00295657	0.997043
5J3Q-D-C	Positive	0.00598264	0.994017
5WXF-P-U	Positive	0.00135118	0.998649
5OAQ-L-A	Negative	0.986189	0.0138111
5E00-C-A	Positive	0.229581	0.770419
5M9E-E-A	Negative	0.690426	0.309574
5M9E-F-A	Negative	0.649323	0.350677
5M9E-H-A	Positive	0.00628138	0.993719
5M9E-G-C	Positive	0.0445458	0.955454
5IZ2-Z-B	Positive	0.0182734	0.981727
5I22-B-A	Positive	0.0703548	0.929645
5XFQ-E-A	Positive	0.000909448	0.999091
5TXS-C-A	Positive	0.00192666	0.998073
5FMJ-B-A	Positive	0.0955641	0.904436
5AX3-B-A	Positive	0.00586718	0.994133
5FZT-B-A	Positive	0.479269	0.520731
5AD0-C-A	Positive	0.00158751	0.998412
5LM1-B-A	Positive	0.0117607	0.988239
5AMB-P-A	Positive	0.0199001	0.9801
5L0U-B-A	Negative	0.624609	0.375391
5OT7-b-d	Positive	0.425537	0.574463
5OT7-c-y	Positive	0.39729	0.60271
5YQZ-P-R	Negative	0.848847	0.151153
5EEL-M-A	Positive	0.0056507	0.994349
5EEL-P-C	Positive	0.0056507	0.994349
5HHG-C-E	Positive	0.356477	0.643523
5IXQ-B-A	Positive	0.0331838	0.966816
5HYX-A-B	Positive	0.0471192	0.952881
5INB-B-A	Positive	0.242116	0.757884
5I25-B-A	Positive	0.00891393	0.991086
5UY9-B-A	Positive	0.015206	0.984794
5T5J-b-B	Positive	0.00582302	0.994177
5CZH-B-A	Positive	0.00620741	0.993793
5WE2-B-A	Negative	0.823154	0.176846
5WE2-D-C	Positive	0.352063	0.647937
5WE2-F-C	Positive	0.00156945	0.998431
5XNL-F-A	Positive	0.196349	0.803651
5XNL-I-A	Positive	0.366591	0.633409
5XNL-J-A	Negative	0.561948	0.438052
5XNL-M-A	Negative	0.950251	0.0497489
5XNL-T-A	Negative	0.981722	0.0182781
5XNL-X-B	Negative	0.759921	0.240079
5OCY-C-H	Positive	0.00331157	0.996688
5E2W-P-L	Positive	0.000679374	0.999321
5NCT-C-A	Negative	0.95177	0.0482302
5MTF-C-A	Positive	0.000611782	0.999388
5T48-B-A	Positive	0.172321	0.827679
5FA4-C-A	Positive	0.00405121	0.995949
5DAH-D-A	Positive	0.00190789	0.998092
5YLX-C-A	Positive	0.437018	0.562982
5KSB-J-A	Positive	0.00958031	0.99042
5O76-B-A	Positive	0.000846863	0.999153
5E1D-D-A	Positive	0.00142884	0.998571
5F5V-C-A	Positive	0.131831	0.868169
5U5F-D-A	Positive	0.00217003	0.99783
5EXA-D-A	Positive	0.00560236	0.994398
5CSF-C-A	Positive	0.000972629	0.999027
5IZU-B-A	Positive	0.000998914	0.999001
5XYM-1-3	Negative	0.766483	0.233517
5XYM-H-X	Negative	0.553688	0.446312
5AGW-C-A	Positive	0.00330305	0.996697
5W8F-B-A	Positive	0.0400528	0.959947
5E8P-C-A	Positive	0.000446022	0.999554
5K3Y-D-A	Negative	0.92481	0.07519
5TUV-C-A	Negative	0.896755	0.103245
5TUV-F-D	Positive	0.0466357	0.953364
5FML-A-B	Positive	0.0289414	0.971059
5OAV-D-A	Positive	0.00185096	0.998149
5NNG-B-A	Positive	0.0132682	0.986732
5JP4-B-A	Positive	0.00357264	0.996427
5ZQG-C-A	Positive	0.00100857	0.998991
5U5R-B-A	Positive	0.0151764	0.984824
5TQS-E-A	Positive	0.00959307	0.990407
5TQS-F-A	Positive	0.00734472	0.992655
5TQS-G-C	Positive	0.00576925	0.994231
5TQS-H-D	Positive	0.00895399	0.991046
5JNB-E-A	Negative	0.98484	0.0151601
5JNB-G-A	Positive	0.363436	0.636564
5JNB-H-B	Positive	0.129126	0.870874
5IR6-C-A	Positive	0.00523823	0.994762
5EIV-C-A	Positive	0.227481	0.772519
5EIV-D-A	Negative	0.579553	0.420447
5EIV-F-A	Positive	0.227481	0.772519
5EIV-I-A	Positive	0.00259179	0.997408
5EIV-K-A	Positive	0.00259179	0.997408
5V1A-B-A	Positive	0.488408	0.511592
5F8Z-B-A	Positive	0.0111755	0.988825
5ZVM-a-A	Positive	0.0156853	0.984315
5ZVM-c-A	Positive	0.256764	0.743236
5ZVM-b-B	Positive	0.463009	0.536991
5W0K-X-A	Negative	0.94496	0.0550396
5W0K-Y-C	Negative	0.603302	0.396698
5DDH-C-A	Positive	0.00124466	0.998755
5WQL-G-C	Positive	0.00081712	0.999183
5OM2-B-A	Positive	0.20867	0.79133
5N32-B-A	Positive	0.0056749	0.994325
5VA9-C-A	Positive	0.0248392	0.975161
5Q13-B-A	Positive	0.143861	0.856139
5H9B-B-A	Positive	0.144109	0.855891
5GSB-C-A	Positive	0.00170285	0.998297
5W2J-F-B	Positive	0.000421822	0.999578
5H5S-B-A	Positive	0.00383663	0.996163
5M36-C-A	Negative	0.810111	0.189889
5M36-D-A	Positive	0.0159508	0.984049
5OWU-B-A	Negative	0.539811	0.460189
5XNM-J-A	Positive	0.0674024	0.932598
5YGD-D-A	Positive	0.0775679	0.922432
5U5M-D-A	Positive	0.00072962	0.99927
5F5T-D-A	Positive	0.311625	0.688375
5UXX-B-A	Negative	0.555352	0.444648
5UXX-D-A	Positive	0.469247	0.530753
5ZWN-x-R	Positive	0.0264379	0.973562
5ZWN-X-T	Negative	0.889701	0.110299
5UML-C-A	Positive	0.000883877	0.999116
5ET1-C-A	Positive	0.20889	0.79111
5ET1-D-B	Positive	0.20889	0.79111
5CQ2-B-A	Positive	0.00313538	0.996865
5CQ2-C-A	Positive	0.00313538	0.996865
5N8W-D-A	Positive	0.0208325	0.979167
5FPX-E-A	Positive	0.00711435	0.992886
5FPX-F-B	Positive	0.000826895	0.999173
5NE4-4-1	Negative	0.706427	0.293573
5A2I-P-H	Positive	0.00136501	0.998635
5DMV-D-C	Positive	0.00180167	0.998198
5FBZ-E-A	Positive	0.00143713	0.998563
5CWS-F-B	Positive	0.481798	0.518202
5FUR-L-I	Negative	0.840112	0.159888
5MOC-P-A	Positive	0.150422	0.849578
5YW1-A-B	Positive	0.390958	0.609042
5HCC-D-B	Positive	0.111422	0.888578
5VWZ-B-A	Negative	0.690427	0.309573
5VWZ-D-A	Negative	0.690427	0.309573
5ZNR-P-A	Positive	0.000339746	0.99966
5YV5-B-A	Negative	0.788251	0.211749
5GXW-B-A	Positive	0.432874	0.567126
5LI0-8-H	Positive	0.0555161	0.944484
5TED-H-A	Positive	0.189533	0.810467
5BXO-C-A	Positive	0.00145626	0.998544
5O9T-C-A	Positive	0.000708818	0.999291
5X54-C-A	Positive	0.000515461	0.999485
5TZP-B-A	Negative	0.51948	0.480521
5DIF-D-C	Positive	0.00409389	0.995906
5V90-D-C	Positive	0.0118813	0.988119
5V90-B-A	Positive	0.125157	0.874843
5OVC-B-A	Positive	0.00556481	0.994435
5UA5-B-A	Positive	0.154239	0.845761
5XYW-B-A	Negative	0.92252	0.0774796
5XYW-C-A	Negative	0.947863	0.0521371
5XYW-D-A	Negative	0.705107	0.294893
5U1Q-L-A	Positive	0.00438356	0.995616
5U1Q-M-B	Positive	0.00438356	0.995616
5NC2-I-A	Positive	0.00160462	0.998395
5NC2-J-B	Positive	0.00519556	0.994804
5H2F-J-A	Positive	0.198491	0.801509
5H2F-L-A	Negative	0.869271	0.130729
5H2F-f-a	Positive	0.470191	0.529809
5H2F-j-a	Negative	0.609332	0.390668
5F74-B-A	Negative	0.74972	0.25028
5U3M-A-H	Negative	0.94028	0.0597199
5LSJ-P-A	Positive	0.00519317	0.994807
5LSJ-Q-C	Positive	0.00513893	0.994861
5YVY-A-B	Positive	0.404651	0.595349
5ZT0-G-A	Negative	0.512305	0.487695
5Q0P-D-C	Positive	0.123206	0.876794
5XWJ-C-A	Positive	0.00379086	0.996209
5N5W-P-A	Positive	0.00879532	0.991205
5DX8-E-A	Positive	0.00109696	0.998903
5DX8-H-A	Positive	0.0115072	0.988493
5DX8-F-B	Positive	0.0116206	0.988379
5DX8-G-C	Positive	0.00331551	0.996684
5FOX-C-A	Positive	0.0337718	0.966228
5C5R-C-A	Negative	0.969875	0.0301249
5ZOB-I-B	Positive	0.00437343	0.995627
5BUO-B-A	Positive	0.00507104	0.994929
5IOK-C-A	Positive	0.00159484	0.998405
5M61-E-A	Positive	0.237759	0.762241
5M61-G-A	Positive	0.210626	0.789374
5JBH-Y-3	Negative	0.805143	0.194857
5JBH-0-M	Positive	0.0174904	0.98251
5VA6-C-A	Positive	0.0779678	0.922032
5VK0-B-A	Positive	0.0533347	0.946665
5VK0-X-E	Positive	0.0533347	0.946665
5W93-E-B	Positive	0.000744641	0.999255
5IVZ-E-A	Positive	0.00857413	0.991426
5T46-B-A	Negative	0.923251	0.0767488
5T46-D-A	Negative	0.966473	0.0335265
5D6Y-a-A	Positive	0.00900781	0.990992
5D6Y-d-A	Positive	0.00216764	0.997832
5E8D-A-H	Negative	0.931454	0.0685461
5WHE-F-A	Negative	0.902917	0.0970827
5YD5-B-A	Positive	0.00888371	0.991116
5HEB-B-A	Positive	0.00132978	0.99867
5Z8H-B-A	Positive	0.017201	0.982799
5W7Y-D-A	Positive	0.0156459	0.984354
5EFW-C-A	Negative	0.816699	0.183301
5TDA-B-A	Positive	0.00183505	0.998165
5WWO-C-A	Negative	0.906631	0.0933687
5Y53-D-A	Positive	0.00403666	0.995963
5Y53-F-C	Positive	0.00450432	0.995496
5WZZ-G-A	Positive	0.00166494	0.998335
5WZZ-F-B	Positive	0.0201053	0.979895
5WZZ-E-C	Positive	0.00109136	0.998909
5XLN-B-A	Negative	0.523057	0.476943
5HKH-B-A	Positive	0.0434411	0.956559
5DAI-B-A	Positive	0.204665	0.795335
5NJ9-E-A	Positive	0.00938535	0.990615
5O4Y-D-B	Positive	0.00711435	0.992886
5FJW-L-A	Positive	0.00167233	0.998328
5V1Y-E-A	Positive	0.0603923	0.939608
5O5M-C-A	Positive	0.00492352	0.995076
5DIY-P-A	Positive	0.00265867	0.997341
5SUP-H-A	Positive	0.00575334	0.994247
5SUP-I-C	Negative	0.719326	0.280674
5JA5-B-A	Positive	0.00469744	0.995303
5R1R-D-A	Positive	0.0210228	0.978977
5DK2-D-E	Positive	0.114816	0.885184
5LUP-L-E	Positive	0.161218	0.838782
5D2A-C-A	Positive	0.00118059	0.998819
5PAD-I-A	Positive	0.361651	0.638349
5EG2-B-A	Positive	0.000732481	0.999268
5G4C-F-A	Positive	0.00186843	0.998132
5B76-B-A	Positive	0.00623077	0.993769
5SGA-P-E	Positive	0.0586314	0.941369
5VVT-B-A	Positive	0.00706452	0.992935
5VVT-D-A	Positive	0.00190276	0.998097
5T5H-q-X	Positive	0.258443	0.741557
5OSI-C-A	Negative	0.711039	0.288961
5OSI-F-D	Negative	0.80038	0.19962
5F7D-C-A	Positive	0.0175388	0.982461
5I8X-E-B	Positive	0.00080508	0.999195
5KSA-J-A	Positive	0.1787	0.8213
5GMI-C-A	Positive	0.00430429	0.995696
5ZS6-U-A	Positive	0.00159001	0.99841
5YPF-C-A	Negative	0.798638	0.201362
5CIU-C-A	Positive	0.00288689	0.997113
5TH2-E-A	Positive	0.00068891	0.999311
5FRS-C-A	Positive	0.0104015	0.989599
5TBD-I-E	Positive	0.00268489	0.997315
5LI1-B-A	Positive	0.0231546	0.976845
5OKD-I-A	Positive	0.109571	0.890429
5ND8-u-k	Positive	0.156504	0.843496
5ND8-4-Q	Positive	0.417971	0.582029
5BS7-F-B	Negative	0.883602	0.116398
5JJY-B-A	Positive	0.0139216	0.986078
5WMQ-C-A	Negative	0.536384	0.463616
5C0J-C-A	Positive	0.260864	0.739136
5TWG-E-A	Positive	0.000171661	0.999828
5WOB-b-B	Positive	0.00193924	0.998061
5WOB-d-D	Positive	0.311013	0.688987
5WOB-e-E	Positive	0.0307752	0.969225
5WOB-f-F	Positive	0.00216419	0.997836
5WOB-g-G	Positive	0.0146427	0.985357
5WOB-h-H	Positive	0.000250995	0.999749
5LZP-X-0	Positive	0.000842214	0.999158
5VHS-e-V	Negative	0.552292	0.447708
5V5O-A-C	Positive	0.00623167	0.993768
5V5O-B-C	Positive	0.00728321	0.992717
5NNP-C-A	Negative	0.894398	0.105602
5NNP-I-A	Positive	0.00170738	0.998293
5NNP-G-E	Negative	0.894398	0.105602
5DRV-B-A	Positive	0.0104396	0.98956
5IM7-E-A	Negative	0.948157	0.0518427
5VQI-A-B	Positive	0.00213003	0.99787
5VQI-C-B	Positive	0.00130576	0.998694
5BNP-D-A	Positive	0.468317	0.531683
5DN2-G-A	Positive	0.00373381	0.996266
5DN2-E-C	Positive	0.000705004	0.999295
5UWH-D-C	Negative	0.773594	0.226406
5I4R-C-D	Negative	0.50179	0.49821
5I4R-G-H	Negative	0.56341	0.43659
5ZVW-B-A	Positive	0.000271738	0.999728
5VK1-B-A	Positive	0.0903323	0.909668
5VK1-F-E	Positive	0.0475613	0.952439
5VK1-H-G	Positive	0.039349	0.960651
5EHH-B-A	Positive	0.0237787	0.976221
5ZML-B-A	Negative	0.837584	0.162416
5W1W-C-A	Positive	0.00195265	0.998047
5N1K-B-A	Positive	0.00328839	0.996712
5ZV3-A-H	Positive	0.0711598	0.92884
5GJ4-A-B	Positive	0.304621	0.695379
5YT6-F-E	Negative	0.851386	0.148614
5YT6-D-A	Positive	0.482714	0.517286
5YT6-H-G	Negative	0.855099	0.144901
5NWM-B-A	Negative	0.544182	0.455818
5OM3-B-A	Negative	0.903534	0.0964662
5M0J-J-D	Negative	0.608431	0.391569
5M0J-I-D	Positive	0.139646	0.860354
5M0J-G-B	Positive	0.227909	0.772091
5M0J-H-B	Positive	0.174543	0.825457
5ZK9-B-A	Positive	0.116829	0.883171
5A0R-D-A	Positive	0.000840545	0.999159
5WMN-E-A	Positive	0.00364828	0.996352
5DJQ-N-A	Positive	0.0104099	0.98959
5SZC-H-A	Positive	0.00280404	0.997196
5BTR-D-A	Positive	0.00413465	0.995865
5MER-C-A	Positive	0.00131541	0.998685
5MER-F-D	Positive	0.00131541	0.998685
5XN3-B-A	Positive	0.00158727	0.998413
5LYN-D-A	Positive	0.00198543	0.998015
5MMJ-0-m	Positive	0.0911229	0.908877
5YBA-B-A	Positive	0.00338751	0.996612
5YBA-D-C	Positive	0.00911999	0.99088
5KHR-M-F	Negative	0.988681	0.0113192
5XIU-A-B	Negative	0.588673	0.411327
5LJN-C-A	Positive	0.00236583	0.997634
5LJN-D-A	Positive	0.00269246	0.997308
5DE2-C-A	Positive	0.0456141	0.954386
5DE2-D-B	Positive	0.172645	0.827355
5B56-C-A	Positive	0.020785	0.979215
5GSR-P-A	Positive	0.00214535	0.997855
5CWW-C-B	Positive	0.0621484	0.937852
5IXF-B-A	Positive	0.00157201	0.998428
5H1S-a-H	Negative	0.711594	0.288406
5SWQ-C-A	Positive	0.00499529	0.995005
5WGG-B-A	Positive	0.000534952	0.999465
5MV3-X-A	Positive	0.0132792	0.986721
5MV3-E-C	Positive	0.0257615	0.974238
5MV3-Q-D	Positive	0.0257615	0.974238
5MV3-K-I	Positive	0.0368841	0.963116
5VMO-B-A	Positive	0.0565548	0.943445
5EMA-B-A	Positive	0.00043267	0.999567
5XJM-B-A	Positive	0.0113729	0.988627
5N10-C-A	Positive	0.018115	0.981885
5H5R-B-A	Positive	0.00574428	0.994256
5GJX-C-A	Positive	0.0775721	0.922428
5KWN-U-A	Positive	0.13134	0.86866
5T6Y-C-A	Positive	0.163889	0.836111
5WBJ-T-A	Positive	0.000688195	0.999312
5V1U-E-A	Positive	0.00482708	0.995173
5V1U-G-A	Positive	0.272779	0.727221
5V1U-F-B	Positive	0.23974	0.76026
5V1U-H-B	Positive	0.0488536	0.951146
5N7D-C-A	Positive	0.00448173	0.995518
5OQT-C-A	Positive	0.169914	0.830086
5EZ0-E-A	Positive	0.00304639	0.996954
5EZ0-G-A	Positive	0.0292663	0.970734
5EZ0-H-D	Positive	0.0292663	0.970734
5JLZ-E-A	Positive	0.0315238	0.968476
5W5S-D-A	Positive	0.000964522	0.999035
5XY9-C-A	Positive	0.275846	0.724154
5JLB-B-A	Positive	0.0239439	0.976056
5FG8-B-A	Positive	0.00768197	0.992318
5V5P-A-C	Positive	0.00264943	0.997351
5IQO-B-A	Positive	0.0146881	0.985312
5IQO-D-A	Positive	0.019409	0.980591
5VKO-B-A	Negative	0.682243	0.317757
5UWR-D-C	Positive	0.00134146	0.998659
5L85-B-A	Positive	0.0963756	0.903624
5ME5-B-A	Negative	0.560784	0.439216
5M0I-J-D	Positive	0.000568211	0.999432
5M0I-H-B	Positive	0.000945151	0.999055
5VNE-D-B	Positive	0.00477159	0.995228
5OOB-Z-A	Positive	0.455447	0.544553
5OOB-E-C	Negative	0.735739	0.264261
5OOB-K-I	Negative	0.735739	0.264261
5LZ6-B-A	Positive	0.14766	0.85234
5XXE-C-A	Negative	0.816083	0.183917
5UWQ-D-C	Positive	0.00741369	0.992586
5MFE-E-A	Positive	0.00169837	0.998302
5YYZ-B-A	Positive	0.000690341	0.99931
5GTU-B-A	Negative	0.989099	0.010901
5YZG-4-A	Positive	0.0174131	0.982587
5HKY-B-A	Positive	0.00286448	0.997136
5F8T-P-A	Positive	0.0107005	0.9893
5VNJ-D-B	Positive	0.052157	0.947843
5LUT-I-G	Negative	0.937757	0.0622428
5LUT-J-H	Negative	0.722797	0.277203
5L0Y-M-B	Positive	0.00126904	0.998731
5L0Y-I-C	Positive	0.000786185	0.999214
5N3F-B-A	Positive	0.0347683	0.965232
5N8B-E-A	Positive	0.00852656	0.991473
5WEZ-B-A	Positive	0.170639	0.829361
5U1G-Z-D	Positive	0.00414211	0.995858
5U1G-K-D	Positive	0.00276643	0.997234
5U1G-Y-A	Positive	0.127302	0.872698
5U1G-R-A	Positive	0.0763282	0.923672
5YYL-C-A	Negative	0.896268	0.103732
5YYL-D-A	Negative	0.832583	0.167417
5LGS-E-A	Positive	0.0035767	0.996423
5LGS-F-A	Positive	0.468027	0.531973
5H10-D-A	Positive	0.000487208	0.999513
5H10-E-B	Positive	0.00103915	0.998961
5H10-F-C	Positive	0.000564277	0.999436
5WET-P-A	Positive	0.00190729	0.998093
5KY0-B-A	Negative	0.959763	0.0402374
5XOJ-D-C	Positive	0.021433	0.978567
5XOJ-E-C	Positive	0.012394	0.987606
5XOJ-F-C	Positive	0.42779	0.57221
5XOJ-G-C	Positive	0.021176	0.978824
5C0C-C-A	Positive	0.260864	0.739136
5IG7-C-A	Positive	0.108606	0.891394
5VIE-D-A	Positive	0.0156552	0.984345
5WE1-D-A	Negative	0.650136	0.349864
5WAS-B-A	Negative	0.90342	0.0965802
5MV4-X-A	Positive	0.00300682	0.996993
5MV4-H-F	Positive	0.0168223	0.983178
5MV4-K-I	Positive	0.0168223	0.983178
5MV4-N-L	Positive	0.00300682	0.996993
5IV2-E-A	Positive	0.00857413	0.991426
5MGX-C-E	Positive	0.00257802	0.997422
5MGX-A-F	Positive	0.000857711	0.999142
5MGX-D-H	Positive	0.00143039	0.99857
5MZM-C-A	Positive	0.000702143	0.999298
5YCA-C-A	Negative	0.831772	0.168228
5VWX-B-A	Positive	0.00450963	0.99549
5VWX-D-A	Positive	0.00450963	0.99549
5TSV-D-A	Negative	0.547768	0.452232
5U6A-D-A	Positive	0.00258762	0.997412
5VAU-E-A	Negative	0.784704	0.215296
5VAU-G-A	Positive	0.242891	0.757109
5VAU-F-B	Positive	0.238847	0.761153
5BJT-P-A	Positive	0.373886	0.626114
5H6R-C-A	Positive	0.00600773	0.993992
5MBW-B-A	Positive	0.000626743	0.999373
5ID1-F-A	Positive	0.0460105	0.95399
5UWT-D-C	Positive	0.0120187	0.987981
5JZU-B-A	Positive	0.000910163	0.99909
5F0M-D-B	Positive	0.119592	0.880408
5WRL-P-A	Positive	0.000922799	0.999077
5GRG-C-A	Positive	0.000434577	0.999565
5GRG-D-A	Positive	0.00148064	0.998519
5N9P-C-B	Positive	0.0105161	0.989484
5UWW-D-C	Positive	0.00523496	0.994765
5MP3-C-H	Positive	0.00389624	0.996104
5W6U-D-A	Positive	0.0258411	0.974159
5YKW-B-A	Positive	0.000259578	0.99974
5VAB-F-A	Positive	0.00680399	0.993196
5DBE-A-X	Positive	0.000527322	0.999473
5KEZ-B-A	Positive	0.00213075	0.997869
5C5E-G-A	Positive	0.0673739	0.932626
5C5E-H-A	Positive	0.0304606	0.969539
5XA5-B-A	Negative	0.716591	0.283409
5X3S-C-B	Positive	0.00315917	0.996841
5C07-C-A	Positive	0.00135833	0.998642
5U3K-P-H	Positive	0.0076316	0.992368
5U3K-C-H	Negative	0.674646	0.325354
5O5B-4-1	Positive	0.00651169	0.993488
5WWJ-E-A	Positive	0.00175846	0.998242
5WWJ-F-C	Positive	0.00173825	0.998262
5OKI-I-B	Negative	0.920887	0.0791126
5EOQ-A-H	Positive	0.0596871	0.940313
5YVW-A-B	Positive	0.0174814	0.982519
5OM5-B-A	Negative	0.786734	0.213266
5O9V-C-A	Positive	0.00411505	0.995885
5DSC-Q-A	Positive	0.00216097	0.997839
5YAH-C-B	Positive	0.0823706	0.917629
5E8N-C-A	Positive	0.000207484	0.999793
5TX1-1-A	Positive	0.117177	0.882823
5TX1-2-A	Negative	0.837483	0.162517
5TX1-3-D	Negative	0.579218	0.420782
5TX1-O-N	Negative	0.873969	0.126031
5WXC-E-A	Positive	0.00759673	0.992403
5V61-I-A	Positive	0.00957668	0.990423
5O9S-C-A	Positive	0.00467396	0.995326
5A8L-Z-Q	Negative	0.890459	0.109541
5Y59-C-B	Positive	0.00640261	0.993597
5YRS-X-A	Positive	0.00333411	0.996666
5CTT-B-A	Positive	0.160396	0.839604
5XTB-W-B	Negative	0.85115	0.14885
5C6D-C-A	Positive	0.0818803	0.91812
5C6D-D-B	Positive	0.00877327	0.991227
5AFW-B-A	Positive	0.00130045	0.9987
5JTR-E-A	Negative	0.952251	0.0477489
5Y7W-C-A	Positive	0.0313308	0.968669
5Y9W-C-B	Positive	0.295536	0.704464
5WGQ-F-A	Positive	0.00130236	0.998698
5WGQ-E-B	Positive	0.00117749	0.998823
5W6T-F-A	Positive	0.00195622	0.998044
5EFT-A-B	Positive	0.000535905	0.999464
5YGF-D-A	Positive	0.116633	0.883367
5OKC-I-A	Negative	0.878461	0.121539
5ZJZ-B-A	Negative	0.890288	0.109712
5AZ8-B-A	Positive	0.00298953	0.99701
5NWY-s-R	Negative	0.932333	0.0676665
5NWY-U-k	Negative	0.966791	0.0332092
5CVD-D-A	Positive	0.00100511	0.998995
5CVD-E-B	Positive	0.000909567	0.99909
5VVU-B-A	Positive	0.00781566	0.992184
5U2J-C-A	Positive	0.00515991	0.99484
5LDE-S-A	Negative	0.859923	0.140077
5HSZ-K-A	Positive	0.0140836	0.985916
5X8X-B-A	Positive	0.0128858	0.987114
5X8X-F-A	Positive	0.0402457	0.959754
5LGR-E-A	Positive	0.485794	0.514206
5LGR-F-A	Positive	0.00691861	0.993081
5LGR-G-C	Positive	0.00165534	0.998345
5MDV-6-7	Negative	0.530936	0.469064
5MUB-X-A	Positive	0.000462413	0.999538
5UB5-B-A	Negative	0.933802	0.0661983
5WXO-P-U	Positive	0.00139046	0.99861
5GGI-F-A	Positive	0.0130652	0.986935
5GGI-G-B	Positive	0.00690132	0.993099
5E1B-D-A	Positive	0.000667989	0.999332
5E1B-E-A	Positive	0.000667989	0.999332
5KQ4-C-D	Negative	0.902601	0.0973989
5L0R-B-A	Negative	0.975141	0.0248586
5WMP-C-A	Positive	0.000325799	0.999674
5A0X-C-A	Positive	0.00090158	0.999098
5WEH-D-A	Positive	0.257154	0.742846
5L0V-B-A	Negative	0.624609	0.375391
5HZ3-A-B	Positive	0.123598	0.876402
5B4W-G-A	Positive	0.30312	0.69688
5UWJ-D-C	Positive	0.00101107	0.998989
5CGG-g-K	Positive	0.172675	0.827325
5MYK-C-A	Positive	0.00470191	0.995298
5EQ0-B-A	Positive	0.0124511	0.987549
5T90-F-A	Positive	0.0573544	0.942646
5T90-I-B	Positive	0.0008021	0.999198
5JZ8-B-A	Negative	0.871987	0.128013
5A29-B-A	Positive	0.00452405	0.995476
5U3L-P-H	Positive	0.344099	0.655901
5U98-C-A	Positive	0.000363588	0.999636
5IH2-M-A	Positive	0.00358009	0.99642
5MWE-C-A	Negative	0.534514	0.465486
5KY7-B-A	Negative	0.565886	0.434114
5MU3-C-A	Negative	0.676693	0.323307
5MU3-F-B	Negative	0.735106	0.264894
5NPZ-C-A	Positive	0.102437	0.897563
5NQ3-C-A	Positive	0.102437	0.897563
5NNE-C-A	Positive	0.000970125	0.99903
5YVV-A-B	Positive	0.234073	0.765927
5IVN-B-A	Negative	0.682932	0.317068
5U3O-A-H	Positive	0.136422	0.863578
5OK3-D-A	Positive	0.00779277	0.992207
5GDS-I-H	Positive	0.011718	0.988282
5E5A-K-G	Positive	0.00598747	0.994013
5ZUJ-I-A	Positive	0.0141583	0.985842
5NRG-Z-K	Positive	0.315042	0.684958
5KGN-C-A	Negative	0.938568	0.0614323
5OV3-C-A	Positive	0.0043143	0.995686
5JBT-X-A	Positive	0.111655	0.888345
5JBT-Y-A	Positive	0.435616	0.564384
5KIW-C-A	Positive	0.0813587	0.918641
5YD4-B-A	Positive	0.000827909	0.999172
5YD4-F-E	Positive	0.025119	0.974881
5YD4-H-G	Positive	0.00270087	0.997299
5F56-B-A	Positive	0.000449002	0.999551
5OM6-B-A	Positive	0.460708	0.539292
5EG6-R-C	Negative	0.903962	0.0960384
5G1X-B-A	Negative	0.976357	0.0236426
5HUW-A-C	Positive	0.00923288	0.990767
5HUW-B-C	Positive	0.00285083	0.997149
5HSP-D-A	Positive	0.00091362	0.999086
5UMM-B-A	Positive	0.00404692	0.995953
5UMM-D-A	Positive	0.000883877	0.999116
5FOW-E-A	Positive	0.0070799	0.99292
5U8Q-B-A	Negative	0.824	0.176
5LIH-F-A	Positive	0.0100315	0.989968
5LIH-G-B	Positive	0.011294	0.988706
5WVI-Y-S	Positive	0.149979	0.850021
5EOR-A-H	Positive	0.0727154	0.927285
5NXQ-D-A	Positive	0.000848174	0.999152
5JR2-E-A	Positive	0.0623979	0.937602
5N4C-E-A	Positive	0.4398	0.5602
5N4C-F-B	Negative	0.535667	0.464333
5N4C-G-C	Negative	0.535579	0.464421
5GR8-J-A	Positive	0.0542007	0.945799
5GR8-P-D	Positive	0.0127388	0.987261
5EU4-C-A	Positive	0.0183133	0.981687
5EU4-F-D	Positive	0.0183133	0.981687
5IBW-C-A	Negative	0.929152	0.0708481
5FJZ-P-A	Positive	0.000470519	0.999529
5TXE-C-A	Positive	0.0436709	0.956329
5TXE-D-B	Positive	0.070644	0.929356
5W69-I-A	Positive	0.000634372	0.999366
5WXP-P-U	Positive	0.00260878	0.997391
5VBL-A-B	Positive	0.00275373	0.997246
5E24-B-A	Negative	0.701095	0.298905
5E24-D-C	Negative	0.701095	0.298905
5FJA-Q-O	Positive	0.0206487	0.979351
5N6B-C-A	Positive	0.0047558	0.995244
5N6B-F-A	Positive	0.0047558	0.995244
5H94-C-A	Negative	0.827298	0.172702
5XBY-A-B	Negative	0.935413	0.0645868
5MU2-X-A	Positive	0.0132792	0.986721
5MU2-Q-C	Positive	0.00261599	0.997384
5MU2-U-F	Positive	0.00645733	0.993543
5MU2-W-O	Positive	0.0410013	0.958999
5KC1-C-D	Positive	0.268391	0.731609
5KC1-A-D	Positive	0.0284708	0.971529
5KC1-G-H	Positive	0.156987	0.843013
5KC1-K-L	Positive	0.125952	0.874048
5KC1-I-L	Positive	0.113991	0.886009
5O9U-C-A	Positive	0.00167626	0.998324
5XXQ-D-A	Positive	0.00740123	0.992599
5OTW-B-A	Negative	0.916967	0.0830329
5UL6-M-A	Positive	0.003748	0.996252
5WXN-C-A	Positive	0.00852633	0.991474
5WYI-E-B	Positive	0.000518858	0.999481
5ETF-B-A	Positive	0.0135827	0.986417
5U66-B-A	Positive	0.0045197	0.99548
5WXM-U-A	Positive	0.330793	0.669207
5WXM-V-A	Negative	0.905085	0.0949152
5NQ2-C-A	Positive	0.010682	0.989318
5E4W-E-B	Positive	0.0439557	0.956044
5E4W-F-D	Positive	0.00213146	0.997869
5EIO-C-B	Positive	0.00417095	0.995829
5WY2-B-A	Positive	0.0280681	0.971932
5W0V-C-A	Positive	0.00619251	0.993807
5W0V-D-B	Positive	0.00132537	0.998675
5HDT-E-A	Positive	0.00206178	0.997938
5EFK-A-B	Positive	0.0043329	0.995667
5XYF-C-A	Positive	0.0956891	0.904311
5XYF-B-A	Negative	0.525136	0.474864
5MCQ-D-A	Positive	0.333022	0.666978
5XYI-G-E	Positive	0.0122916	0.987708
5XYI-e-J	Negative	0.871376	0.128624
5ETU-E-A	Positive	0.00180858	0.998191
5FRP-C-A	Positive	0.0121523	0.987848
5T0M-P-A	Positive	0.00272173	0.997278
5W4L-N-G	Positive	0.0106615	0.989339
5IAY-B-A	Positive	0.00586092	0.994139
5WB8-B-A	Negative	0.883185	0.116815
5WB8-C-A	Positive	0.449757	0.550243
5N4D-C-A	Positive	0.0102862	0.989714
5N4D-D-B	Positive	0.0102862	0.989714
5YPU-B-A	Positive	0.0287455	0.971255
5WGD-E-A	Positive	0.00127262	0.998727
5WGD-F-B	Positive	0.000448763	0.999551
5YZD-B-C	Positive	0.0244491	0.975551
6TRD-J-A	Negative	0.917548	0.0824523
6TRD-X-B	Positive	0.00150383	0.998496
6TRD-j-a	Negative	0.917548	0.0824523
6TRD-8-1	Negative	0.917548	0.0824523
6TRD-z-2	Positive	0.00150383	0.998496
6XXR-F-A	Positive	0.0202637	0.979736
6UC5-P-H	Positive	0.029422	0.970578
6GEK-L-A	Negative	0.961782	0.0382178
6GEK-M-B	Negative	0.864792	0.135208
6WFX-P-H	Positive	0.00192165	0.998078
6WMD-B-A	Positive	0.0576867	0.942313
6E5X-B-A	Positive	0.0731543	0.926846
6XP6-C-A	Positive	0.00233436	0.997666
6EAU-I-A	Positive	0.000436485	0.999564
6TYU-B-A	Positive	0.292654	0.707346
6U3N-C-D	Positive	0.00243604	0.997564
6WDO-F-C	Positive	0.373116	0.626884
6Y3S-P-A	Positive	0.00642663	0.993573
6WC6-C-A	Positive	0.0252647	0.974735
6Y20-C-A	Negative	0.680086	0.319914
6Y20-D-A	Negative	0.849861	0.150139
6P23-C-A	Positive	0.00654453	0.993455
6WTD-8-X	Positive	0.0100951	0.989905
6WTD-J-X	Negative	0.540547	0.459453
6H8P-C-A	Positive	0.000478745	0.999521
6VQE-C-A	Positive	0.0153769	0.984623
6TE4-C-A	Positive	0.00177675	0.998223
6X5Q-B-A	Positive	0.365567	0.634433
6I68-B-A	Positive	0.00616235	0.993838
6I68-D-C	Positive	0.00211507	0.997885
6AT9-C-A	Positive	0.0047375	0.995263
6QTX-B-A	Positive	0.00290918	0.997091
6NBQ-P-D	Negative	0.906602	0.0933984
6GVK-B-A	Negative	0.818415	0.181585
6I7R-H-V	Positive	0.110064	0.889936
6GIQ-U-C	Negative	0.995144	0.00485648
6GIQ-d-a	Negative	0.963307	0.0366926
6GIQ-g-a	Negative	0.525535	0.474465
6GIQ-h-a	Negative	0.840461	0.159539
6GIQ-i-a	Negative	0.898097	0.101903
6GIQ-k-c	Positive	0.00215709	0.997843
6N87-C-A	Positive	0.000702858	0.999297
6CEN-D-A	Positive	0.00238466	0.997615
6EKL-B-A	Positive	0.437428	0.562572
6Q95-c-e	Positive	0.0765127	0.923487
6Z3R-E-A	Positive	0.000475883	0.999524
6SJ6-4-Q	Positive	0.276209	0.723791
6Q6G-S-R	Negative	0.905361	0.0946389
6Q6G-G-R	Positive	0.128711	0.871289
6YI1-C-A	Positive	0.0419021	0.958098
6ACO-B-A	Positive	0.00137675	0.998623
6ICT-E-A	Positive	0.284914	0.715086
6ICT-G-B	Positive	0.00742298	0.992577
6ICT-I-D	Positive	0.175278	0.824722
6CRI-T-M	Positive	0.0309706	0.969029
6SPW-B-A	Positive	0.00427842	0.995722
6UK4-C-A	Negative	0.768934	0.231066
6ICV-C-A	Positive	0.0106611	0.989339
6BIJ-C-A	Positive	0.0143231	0.985677
6SKJ-C-A	Positive	0.00438982	0.99561
6SKJ-D-B	Positive	0.00438982	0.99561
6PPM-E-A	Positive	0.00172138	0.998279
6VR1-P-A	Positive	0.000599265	0.999401
6HIP-C-A	Positive	0.114053	0.885947
6Y3R-P-A	Positive	0.0196229	0.980377
6O5O-C-A	Negative	0.502778	0.497222
6O5O-D-B	Negative	0.667108	0.332892
6WRU-N-C	Negative	0.510629	0.489371
6WRU-O-Q	Positive	0.271392	0.728608
6CSG-D-A	Positive	0.153382	0.846618
6RMV-C-A	Positive	0.0043329	0.995667
6ZKV-a-1	Negative	0.745326	0.254674
6ZKV-V-M	Positive	0.00790799	0.992092
6ZKV-y-M	Negative	0.968542	0.0314582
6YWV-Y-D	Negative	0.912656	0.0873442
6YWV-0-F	Negative	0.668428	0.331572
6YWV-X-R	Negative	0.914191	0.0858093
6JXW-B-A	Positive	0.360873	0.639127
6A3B-D-C	Positive	0.327226	0.672774
6HUA-C-A	Positive	0.0823358	0.917664
6HU9-h-a	Negative	0.989175	0.0108246
6HU9-l-a	Negative	0.740776	0.259224
6ILE-C-A	Positive	0.00310302	0.996897
6URV-A-H	Positive	0.341621	0.658379
6URV-G-H	Positive	0.320711	0.679289
6NVQ-B-C	Negative	0.558905	0.441095
6HC1-C-A	Positive	0.00180179	0.998198
6FNZ-F-A	Positive	0.000533879	0.999466
6QTS-B-A	Positive	0.0192177	0.980782
6FTG-z-x	Negative	0.625016	0.374984
6FTG-4-2	Positive	0.0204443	0.979556
6HK3-N-A	Positive	0.000500321	0.9995
6TRN-C-A	Positive	0.00380564	0.996194
6PXV-D-A	Negative	0.989705	0.010295
6PXV-F-A	Negative	0.990862	0.00913756
6EQV-D-A	Positive	0.00194055	0.998059
6LUP-C-A	Positive	0.00060761	0.999392
6HMV-B-A	Negative	0.961279	0.0387209
6J08-D-A	Negative	0.534466	0.465534
6J08-E-A	Positive	0.0690567	0.930943
6J08-F-B	Positive	0.123991	0.876009
6Y7C-d-i	Positive	0.379355	0.620645
6Y53-u-z	Negative	0.953438	0.0465622
6O4Y-C-A	Positive	0.00577903	0.994221
6FF7-S-A	Positive	0.326008	0.673992
6IUR-C-A	Negative	0.783315	0.216685
6IUR-D-A	Negative	0.726996	0.273004
6IUR-G-B	Negative	0.700936	0.299064
6PPH-n-k	Positive	0.150548	0.849452
6PPH-A-4	Negative	0.786954	0.213046
6UCU-C-A	Negative	0.986707	0.0132925
6UCU-D-A	Negative	0.721264	0.278736
6FAV-B-A	Positive	0.00248921	0.997511
6FAV-D-C	Positive	0.00507909	0.994921
6YOY-P-A	Positive	0.000677943	0.999322
6XKB-G-A	Positive	0.160211	0.839789
6XKB-I-A	Positive	0.160211	0.839789
6XKB-F-B	Positive	0.160211	0.839789
6XKB-K-C	Positive	0.160211	0.839789
6L1F-A-B	Positive	0.00445354	0.995546
6LRY-B-A	Negative	0.857911	0.142089
6L9K-Q-A	Negative	0.610694	0.389306
6OM2-E-A	Positive	0.0165886	0.983411
6OM2-F-C	Positive	0.061905	0.938095
6OG4-C-A	Positive	0.0738252	0.926175
6JDX-C-A	Positive	0.211272	0.788728
6WDN-J-A	Negative	0.517596	0.482404
6WDN-D-C	Positive	0.432935	0.567065
6WDN-H-C	Positive	0.384587	0.615413
6G86-D-A	Positive	0.00418609	0.995814
6G86-C-B	Positive	0.0105624	0.989438
6KVF-b-H	Positive	0.00414437	0.995856
6KVF-B-A	Positive	0.0647392	0.935261
6BQB-P-L	Positive	0.00182676	0.998173
6ZRC-P-A	Positive	0.00880593	0.991194
6IAW-D-A	Positive	0.299343	0.700657
6ZKM-V-M	Positive	0.0112349	0.988765
6LZ4-C-A	Positive	0.00521725	0.994783
6LZ4-F-D	Positive	0.0231074	0.976893
6G8Q-P-A	Positive	0.00211918	0.997881
6KTO-D-B	Negative	0.878968	0.121032
6B1T-Y-A	Positive	0.344216	0.655784
6B1T-U-D	Positive	0.0272338	0.972766
6B1T-W-D	Positive	0.0343379	0.965662
6B1T-X-D	Positive	0.110962	0.889038
6QY3-K-J	Negative	0.713025	0.286975
6YGD-D-A	Positive	0.00593883	0.994061
6UVO-D-L	Negative	0.795811	0.204189
6FBB-P-A	Positive	0.00406027	0.99594
6WZG-P-R	Positive	0.256616	0.743384
6PJ8-B-A	Positive	0.000334501	0.999665
6X8K-E-A	Positive	0.00028497	0.999715
6M4X-F-A	Positive	0.046128	0.953872
6Z9X-C-A	Positive	0.00486511	0.995135
6S35-C-A	Positive	0.000216782	0.999783
6ND4-D-N	Positive	0.0230149	0.976985
6ND4-A-O	Negative	0.867146	0.132854
6ND4-l-O	Positive	0.0217393	0.978261
6ZKS-V-L	Negative	0.712479	0.287521
6VB2-C-A	Positive	0.388055	0.611945
6CPL-C-A	Positive	0.00330508	0.996695
6X2P-D-C	Positive	0.00262105	0.997379
6HON-B-A	Positive	0.160628	0.839372
6HON-D-C	Positive	0.160628	0.839372
6QTR-B-A	Positive	0.216472	0.783528
6QCG-H-A	Positive	0.426181	0.573819
6Y29-C-A	Positive	0.0359436	0.964056
6V39-3-G	Positive	0.0943093	0.905691
6V39-u-k	Positive	0.0729799	0.92702
6ZQW-C-A	Negative	0.794695	0.205305
6WF5-C-A	Positive	0.00222546	0.997775
6OCP-P-B	Positive	0.39942	0.60058
6OCP-Q-F	Positive	0.0107192	0.989281
6XQA-C-A	Positive	0.0381265	0.961873
6DO5-C-A	Positive	0.00498879	0.995011
6QXP-I-A	Negative	0.717994	0.282006
6QXP-J-B	Positive	0.386046	0.613954
6QXP-K-C	Negative	0.594609	0.405391
6QXP-N-F	Negative	0.734957	0.265043
6R5Q-1-C	Negative	0.776314	0.223686
6X2X-D-C	Positive	0.0020119	0.997988
6KK6-A-B	Negative	0.502336	0.497664
6EF1-s-H	Positive	0.010038	0.989962
6DJV-N-A	Positive	0.0217704	0.97823
6FKZ-E-A	Positive	0.000221074	0.999779
6KR4-G-C	Positive	0.311029	0.688971
6FHH-X-A	Positive	0.00597095	0.994029
6WAY-V-A	Positive	0.000677228	0.999323
6LDY-C-A	Positive	0.0108142	0.989186
6LDY-M-H	Positive	0.182918	0.817082
6D6R-J-C	Positive	0.410581	0.589419
6DCN-D-A	Positive	0.0841739	0.915826
6M8W-B-A	Positive	0.0199001	0.9801
6DMX-E-D	Positive	0.136236	0.863764
6DMX-C-D	Positive	0.0161786	0.983821
6DMX-J-D	Positive	0.129324	0.870676
6DMX-F-D	Positive	0.0823604	0.91764
6DMX-A-B	Positive	0.0857288	0.914271
6DMX-H-I	Positive	0.10021	0.89979
6MQM-C-A	Positive	0.00869608	0.991304
6WY6-C-B	Positive	0.178125	0.821875
6WY6-D-B	Positive	0.178952	0.821048
6MWZ-M-A	Positive	0.00703239	0.992968
6CCU-B-A	Positive	0.000883877	0.999116
6DN8-B-A	Positive	0.000492334	0.999508
6DN8-F-A	Positive	0.000492334	0.999508
6DAF-C-A	Negative	0.567996	0.432004
6DAF-D-B	Positive	0.0103841	0.989616
6FYY-r-p	Negative	0.617409	0.382591
6SUR-I-A	Negative	0.551452	0.448548
6SUR-N-E	Positive	0.429877	0.570123
6ZVI-P-r	Negative	0.751173	0.248827
6RML-C-B	Positive	0.00409704	0.995903
6HCS-B-A	Positive	0.0130683	0.986932
6HCS-D-C	Positive	0.00535691	0.994643
6RK1-B-A	Positive	0.498523	0.501477
6U8I-B-A	Positive	0.000651181	0.999349
6HLE-B-A	Positive	0.00153095	0.998469
6D3X-C-A	Positive	0.0262831	0.973717
6O9C-C-A	Positive	0.386211	0.613789
6F55-B-A	Positive	0.454023	0.545977
6SK6-D-B	Positive	0.274921	0.725079
6U8N-I-A	Positive	0.00215924	0.997841
6Z7W-I-A	Positive	0.00288969	0.99711
6Z7W-J-A	Positive	0.045071	0.954929
6Z7W-N-A	Positive	0.0329485	0.967052
6Z7W-P-A	Negative	0.994082	0.00591804
6YS3-h-0	Negative	0.896116	0.103884
6YS3-z-e	Negative	0.852942	0.147058
6P6A-A-B	Positive	0.00146353	0.998536
6S5S-E-A	Positive	0.00280297	0.997197
6OI3-B-A	Positive	0.0133339	0.986666
6GNY-B-A	Positive	0.0490841	0.950916
6IFC-B-A	Positive	0.245824	0.754176
6IFC-D-A	Positive	0.0428563	0.957144
6HY2-A-X	Positive	0.00148648	0.998514
6BW3-B-C	Positive	0.00217855	0.997821
6BW3-D-C	Positive	0.00217855	0.997821
6TYV-B-A	Positive	0.111877	0.888123
6TJ7-C-A	Negative	0.914998	0.0850015
6HQU-I-A	Negative	0.670823	0.329177
6HQU-K-B	Negative	0.900638	0.099362
6HQU-O-D	Positive	0.0227301	0.97727
6HQU-M-E	Negative	0.593492	0.406508
6HQU-N-F	Positive	0.0401943	0.959806
6ZKZ-C-A	Positive	0.00762236	0.992378
6PVK-d-E	Negative	0.577471	0.422529
6ZKO-x-N	Negative	0.932852	0.0671477
6LJK-B-A	Positive	0.00104356	0.998956
6JJO-G-A	Positive	0.000653565	0.999346
6SAD-C-A	Positive	0.355132	0.644868
6ULK-C-A	Positive	0.00819492	0.991805
6ZOK-j-C	Positive	0.0546522	0.945348
6XTP-C-A	Positive	0.000415623	0.999584
6WH0-B-A	Positive	0.0455148	0.954485
6UYJ-B-A	Negative	0.668363	0.331637
6XFK-B-A	Positive	0.0131232	0.986877
6OX0-Y-A	Positive	0.058408	0.941592
6XY4-B-A	Positive	0.379418	0.620582
6KW3-C-M	Positive	0.0844749	0.915525
6KW3-K-M	Negative	0.822084	0.177916
6YKP-F-A	Negative	0.554362	0.445638
6YKP-G-A	Negative	0.748283	0.251717
6I6H-B-A	Positive	0.00067544	0.999325
6S3W-B-A	Positive	0.000808895	0.999191
6EU2-Q-A	Negative	0.846064	0.153936
6X7W-D-A	Positive	0.0193948	0.980605
6X7W-G-H	Positive	0.0193948	0.980605
6HOI-G-A	Positive	0.00457001	0.99543
6HOI-F-B	Positive	0.00144666	0.998553
6KX1-C-A	Positive	0.00385058	0.996149
6AMT-C-A	Positive	0.00031352	0.999686
6PUN-E-A	Positive	0.00366837	0.996332
6PUN-F-A	Positive	0.01004	0.98996
6FEY-E-A	Positive	0.124105	0.875895
6FEY-I-A	Positive	0.0880688	0.911931
6FEY-J-A	Positive	0.00016284	0.999837
6FEY-F-B	Positive	0.00333375	0.996666
6FEY-G-B	Positive	0.0172383	0.982762
6FEY-H-B	Positive	0.0642295	0.935771
6FEY-K-B	Negative	0.761596	0.238404
6V18-C-A	Positive	0.00620365	0.993796
6J8N-A-B	Negative	0.622506	0.377494
6MYD-B-A	Positive	0.00215673	0.997843
6F9S-B-A	Positive	0.394979	0.605021
6O2C-C-A	Positive	0.00447869	0.995521
6LUM-E-C	Positive	0.011026	0.988974
6BVV-B-A	Positive	0.00753713	0.992463
6JQ3-P-A	Positive	0.00287074	0.997129
6X8U-P-H	Positive	0.0614544	0.938546
6QH1-D-C	Positive	0.00111526	0.998885
6RU7-C-A	Positive	0.00187296	0.998127
6RU7-D-B	Positive	0.00579661	0.994203
6UYO-B-A	Positive	0.00332832	0.996672
6UYO-D-C	Positive	0.00795156	0.992048
6W2D-z-O	Negative	0.915752	0.0842483
6DO4-C-A	Positive	0.000770092	0.99923
6TWX-D-A	Positive	0.000650585	0.999349
6TWX-C-B	Positive	0.000619411	0.999381
6MIN-B-A	Positive	0.00544298	0.994557
6Z1U-J-A	Negative	0.850962	0.149038
6Z1U-b-A	Negative	0.796363	0.203637
6Z1U-h-A	Positive	0.178947	0.821053
6CGR-n-k	Negative	0.628241	0.371759
6JLE-E-A	Negative	0.964922	0.0350776
6PXC-U-A	Positive	0.0529438	0.947056
6AVG-P-C	Positive	0.000146031	0.999854
6VLN-P-H	Positive	0.00120676	0.998793
6GHD-G-D	Negative	0.995968	0.00403155
6GHD-H-A	Negative	0.997337	0.00266334
6BZU-J-A	Positive	0.0308448	0.969155
6BZU-I-C	Positive	0.00509441	0.994906
6BZU-K-E	Positive	0.162063	0.837937
6PAU-C-A	Positive	0.00404042	0.99596
6R4X-D-A	Positive	0.000937879	0.999062
6GJH-I-B	Positive	0.00217855	0.997821
6GJH-K-F	Positive	0.00168991	0.99831
6GJH-J-D	Positive	0.00159377	0.998406
6G72-s-E	Negative	0.61124	0.38876
6G72-c-O	Negative	0.975573	0.024427
6H6H-C-A	Positive	0.0898159	0.910184
6I9R-4-l	Negative	0.877147	0.122853
6XBY-r-b	Negative	0.753189	0.246811
6GNX-B-A	Positive	0.0519185	0.948081
6GNX-D-A	Positive	0.161773	0.838227
6EIW-D-A	Positive	0.265838	0.734162
6XQN-E-A	Positive	0.010362	0.989638
6XQN-G-B	Positive	0.0121124	0.987888
6XQN-H-C	Positive	0.0051741	0.994826
6J2J-C-A	Positive	0.00214046	0.99786
6G8K-P-A	Positive	0.0102346	0.989765
6O29-C-A	Positive	0.0618866	0.938113
6O29-D-A	Positive	0.0275521	0.972448
6Y8D-B-A	Positive	0.00193387	0.998066
6SPG-1-m	Positive	0.171867	0.828133
6SPG-6-G	Positive	0.0490662	0.950934
6SPG-3-5	Negative	0.812304	0.187696
6J2I-C-A	Positive	0.147524	0.852476
6RRC-B-C	Positive	0.0345385	0.965461
6RRC-D-A	Positive	0.0049879	0.995012
6WUD-B-A	Negative	0.907704	0.0922962
6M93-C-A	Positive	0.00185871	0.998141
6QSZ-B-A	Positive	0.000809729	0.99919
6QSZ-H-C	Positive	0.0185859	0.981414
6QSZ-L-G	Positive	0.00584704	0.994153
6QSZ-J-I	Positive	0.000415504	0.999584
6RJP-C-A	Positive	0.00518918	0.994811
6SI7-F-P	Negative	0.749208	0.250792
6BBA-H-A	Positive	0.00825018	0.99175
6ADZ-A-B	Negative	0.638969	0.361031
6ADZ-C-B	Negative	0.607977	0.392023
6ADZ-D-B	Negative	0.638969	0.361031
6F0X-Q-Z	Positive	0.00159067	0.998409
6MTV-D-A	Positive	0.00128663	0.998713
6MTV-E-B	Positive	0.00333881	0.996661
6YQ2-P-A	Positive	0.000912428	0.999088
6PJU-B-A	Positive	0.000523627	0.999476
6HE5-K-A	Positive	0.0786837	0.921316
6M7Y-C-A	Positive	0.00409377	0.995906
6PYV-C-A	Positive	0.0465319	0.953468
6HU7-F-A	Positive	0.00112659	0.998873
6HU7-G-C	Positive	0.000870168	0.99913
6B4J-C-B	Negative	0.773526	0.226474
6KZ1-B-A	Positive	0.0240775	0.975922
6J4U-B-A	Negative	0.719215	0.280785
6ONJ-C-A	Positive	0.0527365	0.947263
6IGK-B-A	Positive	0.078179	0.921821
6YBW-F-E	Positive	0.149015	0.850985
6DQL-C-A	Positive	0.380166	0.619834
6ZYM-r-A	Positive	0.0354163	0.964584
6ZYM-s-A	Positive	0.0736262	0.926374
6ZYM-x-A	Positive	0.295353	0.704647
6A6W-B-A	Positive	0.0103466	0.989653
6PVB-A-B	Positive	0.00114107	0.998859
6PDQ-G-A	Positive	0.00390345	0.996097
6XBF-F-A	Positive	0.00199944	0.998001
6KZQ-F-A	Positive	0.00163859	0.998361
6L0V-B-A	Positive	0.012556	0.987444
6L0V-H-A	Positive	0.012556	0.987444
6UJ9-C-A	Positive	0.0834237	0.916576
6MBD-C-A	Positive	0.00388432	0.996116
6RXK-B-A	Positive	0.00368094	0.996319
6A0H-C-A	Positive	0.00052458	0.999475
6A0H-D-B	Positive	0.00146282	0.998537
6Z3M-S-c	Positive	0.00272256	0.997277
6PXR-A-L	Positive	0.00117368	0.998826
6ROY-D-A	Positive	0.00423467	0.995765
6ZVH-e-X	Negative	0.569457	0.430543
6Z00-C-A	Positive	0.000651777	0.999348
6G8L-P-A	Positive	0.00223553	0.997764
6TRR-B-A	Positive	0.0275639	0.972436
6F08-K-A	Positive	0.00648272	0.993517
6F08-N-A	Positive	0.00126046	0.99874
6F08-Q-A	Positive	0.00414127	0.995859
6F08-D-B	Positive	0.00229722	0.997703
6GBE-B-A	Positive	0.00471634	0.995284
6MJE-B-A	Positive	0.0279533	0.972047
6SK2-D-A	Positive	0.0021292	0.997871
6SK2-F-B	Positive	0.0021292	0.997871
6TKL-I-H	Negative	0.814956	0.185044
6HLT-B-A	Negative	0.589245	0.410755
6K61-J-A	Negative	0.956795	0.0432054
6K61-X-B	Negative	0.943178	0.0568219
6K61-M-B	Positive	0.257728	0.742272
6QW4-P-A	Positive	0.00217265	0.997827
6SYI-B-A	Negative	0.897604	0.102396
6X1W-A-H	Positive	0.00848293	0.991517
6BGA-E-A	Positive	0.00151771	0.998482
6ISO-C-A	Positive	0.00244009	0.99756
6ISO-L-E	Positive	0.00381094	0.996189
6TMI-C-G	Positive	0.45106	0.54894
6TMI-R-A	Negative	0.956074	0.0439263
6RDD-T-1	Negative	0.824955	0.175045
6MJL-A-B	Positive	0.00879598	0.991204
6JZN-G-C	Positive	0.00112611	0.998874
6JZN-H-D	Positive	0.00577092	0.994229
6FY3-Z-X	Positive	0.0582035	0.941797
6FY3-P-Y	Positive	0.368278	0.631722
6JJK-G-A	Positive	0.000412762	0.999587
6JJK-L-F	Positive	0.00106543	0.998935
6ENB-B-A	Positive	0.0034622	0.996538
6YX2-C-A	Positive	0.00278211	0.997218
6OD0-D-A	Positive	0.0898436	0.910156
6IUI-D-A	Positive	0.115951	0.884049
6IUI-C-B	Positive	0.0908672	0.909133
6CHT-C-A	Positive	0.000813901	0.999186
6CHT-L-J	Positive	0.000649273	0.999351
6U8M-C-B	Positive	0.000397384	0.999603
6O7W-b-c	Positive	0.373393	0.626607
6Z7Z-H-A	Negative	0.98629	0.0137105
6Z7Z-F-C	Negative	0.980258	0.019742
6YIF-C-A	Positive	0.466322	0.533678
6TDW-A-H	Positive	0.0698592	0.930141
6TDW-M-H	Positive	0.398604	0.601396
6TDW-N-H	Positive	0.0504535	0.949547
6TDW-T-H	Positive	0.286921	0.713079
6C6K-C-A	Negative	0.580419	0.419581
6U2F-B-A	Positive	0.000463605	0.999536
6QMQ-A-B	Positive	0.0013746	0.998625
6LQH-a-A	Negative	0.679152	0.320848
6YLY-s-O	Positive	0.0205849	0.979415
6B77-A-B	Positive	0.24419	0.75581
6PUW-D-A	Negative	0.977101	0.0228985
6GB5-E-A	Positive	0.0260714	0.973929
6G6X-P-A	Positive	0.000932992	0.999067
6Y44-P-A	Positive	0.00180656	0.998193
6WHC-C-B	Negative	0.745956	0.254044
6WHC-E-R	Negative	0.842311	0.157689
6V2H-B-A	Positive	0.000119805	0.99988
6V2H-F-A	Positive	0.000119805	0.99988
6V2H-H-E	Positive	0.000477195	0.999523
6SLN-Q-A	Positive	0.037093	0.962907
6JWJ-C-A	Negative	0.910773	0.0892274
6NBF-P-R	Positive	0.0079425	0.992058
6MON-C-A	Positive	0.00158036	0.99842
6MON-D-B	Positive	0.000517249	0.999483
6F41-I-A	Negative	0.937668	0.0623318
6F41-Q-A	Negative	0.718602	0.281398
6AP1-G-A	Positive	0.000261962	0.999738
6EJD-B-A	Positive	0.120965	0.879035
6WR2-F-M	Positive	0.0325745	0.967425
6VI1-M-D	Positive	0.0473577	0.952642
6J7B-B-A	Negative	0.954943	0.045057
6A0F-C-A	Positive	0.000817597	0.999182
6CRP-D-A	Positive	0.0326831	0.967317
6H9G-B-A	Positive	0.428976	0.571024
6ROZ-B-A	Negative	0.996127	0.00387342
6UAI-B-S	Positive	0.00199145	0.998009
6TT7-I-G	Positive	0.30537	0.69463
6TT7-Q-K	Negative	0.931521	0.0684791
6TT7-O-1	Positive	0.376763	0.623237
6O8Y-4-E	Positive	0.242255	0.757745
6O8Y-6-G	Positive	0.28403	0.71597
6O8Y-3-5	Positive	0.254884	0.745116
6B0X-a-A	Positive	0.0644451	0.935555
6B0X-b-B	Positive	0.0321931	0.967807
6B0X-c-B	Positive	0.338147	0.661853
6DFF-L-G	Positive	0.0328256	0.967174
6UCV-B-A	Negative	0.946616	0.0533841
6UCV-C-A	Negative	0.986707	0.0132925
6UCV-D-A	Negative	0.721264	0.278736
6UCV-E-A	Negative	0.927729	0.0722713
6UCV-L-I	Negative	0.923781	0.0762195
6GGM-P-A	Positive	0.0330296	0.96697
6KU0-B-A	Positive	0.0588085	0.941191
6KU0-D-C	Positive	0.0588085	0.941191
6I2B-D-A	Positive	0.00616896	0.993831
6HM3-B-A	Positive	0.161753	0.838247
6RWY-k-d	Negative	0.978501	0.0214994
6KZG-C-A	Positive	0.000665009	0.999335
6VQA-M-A	Negative	0.898295	0.101705
6QG8-B-A	Positive	0.258744	0.741256
6RBD-e-J	Negative	0.897624	0.102376
6RBD-d-i	Negative	0.954082	0.0459178
6TIP-P-A	Positive	0.00264162	0.997358
6WW9-X-A	Positive	0.00789148	0.992109
6WW9-Y-A	Positive	0.0422319	0.957768
6Z7N-4-A	Positive	0.0430111	0.956989
6Z7N-8-A	Negative	0.919288	0.0807116
6Z7N-2-D	Positive	0.0114351	0.988565
6Z7N-5-D	Positive	0.125034	0.874966
6Z7N-N-E	Positive	0.0814618	0.918538
6Z7N-Q-F	Negative	0.950582	0.0494178
6Z7N-R-F	Negative	0.630109	0.369891
6Z7N-0-G	Negative	0.554531	0.44547
6Z7N-3-G	Positive	0.0296751	0.970325
6Z7N-7-G	Positive	0.0159391	0.984061
6Z7N-1-J	Positive	0.00733697	0.992663
6Z7N-X-M	Positive	0.105856	0.894144
6ZP4-T-c	Negative	0.571053	0.428947
6ATZ-E-A	Positive	0.00823605	0.991764
6XXS-C-A	Positive	0.025869	0.974131
6XXS-D-A	Positive	0.00158405	0.998416
6FVO-H-A	Positive	0.00945532	0.990545
6WEG-P-D	Negative	0.862692	0.137308
6FKY-C-A	Positive	0.000206053	0.999794
6EXJ-B-A	Positive	0.000181139	0.999819
6BW1-C-E	Positive	0.000384688	0.999615
6ZIU-8-a	Negative	0.969541	0.0304591
6ZIU-j-a	Negative	0.800613	0.199387
6ZIU-e-f	Negative	0.810999	0.189001
6TCJ-C-A	Negative	0.730379	0.269621
6YMY-m-a	Negative	0.856504	0.143496
6QNN-B-A	Positive	0.0961576	0.903842
6Y3W-B-A	Positive	0.00295407	0.997046
6S0Z-Z-L	Negative	0.538317	0.461683
6S0Z-1-3	Negative	0.69273	0.30727
6AR2-C-A	Positive	0.00185263	0.998147
6SBX-B-A	Negative	0.955684	0.0443158
6HN5-B-E	Negative	0.965306	0.0346944
6VQ6-c-b	Positive	0.176542	0.823458
6IKG-F-A	Positive	0.00773048	0.99227
6BIX-C-A	Positive	0.0279456	0.972054
6UYU-B-A	Positive	0.40609	0.59391
6UYU-D-A	Positive	0.00419247	0.995808
6G04-B-A	Negative	0.62526	0.37474
6HLN-B-A	Negative	0.729464	0.270536
6RHZ-J-2	Negative	0.971731	0.0282692
6Q69-B-A	Positive	0.148736	0.851264
6Q1U-C-A	Positive	0.310447	0.689553
6RXO-C-A	Positive	0.141726	0.858274
6RXO-D-A	Positive	0.00611675	0.993883
6F34-C-A	Positive	0.169914	0.830086
6H41-B-A	Positive	0.0206063	0.979394
6DM4-E-A	Positive	0.000554383	0.999446
6DM4-G-C	Positive	0.000440419	0.99956
6SF6-C-H	Positive	0.00767612	0.992324
6BHG-B-A	Positive	0.0216691	0.978331
6ZXF-e-J	Negative	0.665605	0.334395
6ATH-C-A	Negative	0.987783	0.0122168
6RM9-C-A	Positive	0.172652	0.827348
6Y7V-B-A	Positive	0.00135142	0.998649
6QTT-B-A	Positive	0.00362259	0.996377
6GK7-A-L	Positive	0.00232357	0.997676
6Q01-C-A	Negative	0.930512	0.0694885
6Q01-D-A	Negative	0.930512	0.0694885
6YEZ-J-A	Negative	0.960235	0.0397654
6SOS-R-A	Positive	0.0441912	0.955809
6SOS-P-B	Negative	0.844746	0.155254
6TON-B-A	Positive	0.00940537	0.990595
6LYU-C-D	Negative	0.989849	0.0101511
6BXG-B-A	Positive	0.0530456	0.946954
6OYL-B-A	Positive	0.00185001	0.99815
6YB5-C-A	Positive	0.229884	0.770116
6YB5-D-A	Negative	0.692904	0.307096
6R51-E-B	Positive	0.000514269	0.999486
6CNL-M-A	Positive	0.0633108	0.936689
6CNL-X-A	Positive	0.0866537	0.913346
6CNL-P-C	Positive	0.0633108	0.936689
6CNL-Q-F	Positive	0.0228498	0.97715
6TNN-t-a	Positive	0.0697085	0.930292
6TNN-q-s	Negative	0.714006	0.285994
6IDF-E-A	Negative	0.888005	0.111995
6B5O-A-H	Positive	0.0413734	0.958627
6J8F-A-B	Negative	0.911181	0.0888192
6J8F-C-B	Positive	0.0152972	0.984703
6N5W-A-C	Negative	0.73403	0.26597
6N5W-B-C	Positive	0.450277	0.549723
6LSQ-A-B	Positive	0.157778	0.842222
6UYX-D-C	Positive	0.00831616	0.991684
6UYX-B-A	Positive	0.00904387	0.990956
6A8G-P-A	Positive	0.0105056	0.989494
6A8G-E-B	Positive	0.0105056	0.989494
6G5F-P-B	Negative	0.880044	0.119956
6HGI-B-A	Negative	0.749057	0.250943
6O23-E-A	Positive	0.0586305	0.94137
6ULP-C-A	Positive	0.000796974	0.999203
6H5U-H-B	Positive	0.00695509	0.993045
6KMJ-C-A	Positive	0.0694056	0.930594
6DNQ-C-D	Positive	0.020762	0.979238
6DNQ-A-B	Positive	0.0187753	0.981225
6M7B-C-A	Positive	0.032164	0.967836
6VP9-C-A	Positive	0.00277746	0.997223
6OX4-Y-A	Positive	0.058408	0.941592
6I2C-B-A	Positive	0.00917965	0.99082
6J2E-C-A	Positive	0.0177284	0.982272
6G0Y-H-F	Positive	0.0853215	0.914679
6G0Y-G-E	Negative	0.839353	0.160647
6TWN-C-A	Negative	0.915947	0.0840526
6TDV-B-H	Positive	0.425837	0.574163
6O51-C-A	Positive	0.0112903	0.98871
6ILQ-B-A	Positive	0.072253	0.927747
6SMG-D-A	Positive	0.409119	0.590881
6J9J-B-A	Positive	0.0100761	0.989924
6B3Q-a-A	Positive	0.230052	0.769948
6B3Q-b-B	Positive	0.0148786	0.985121
6MUE-B-A	Positive	0.100555	0.899445
6B5M-A-H	Positive	0.0376763	0.962324
6VDB-H-A	Positive	0.00513905	0.994861
6XRR-J-E	Negative	0.942535	0.0574651
6XRR-G-D	Positive	0.211912	0.788088
6XRR-L-H	Negative	0.821021	0.178979
6ULI-C-A	Positive	0.00222117	0.997779
6C0A-B-A	Positive	0.227392	0.772608
6G85-C-A	Positive	0.000691175	0.999309
6K5T-B-A	Positive	0.110287	0.889713
6X5V-B-A	Positive	0.0142842	0.985716
6ULQ-D-A	Positive	0.00335342	0.996647
6ZIT-8-a	Negative	0.951506	0.0484939
6ZIT-k-a	Negative	0.815622	0.184378
6ZIT-L-a	Negative	0.973429	0.0265707
6NDY-G-A	Positive	0.00330627	0.996694
6Q36-C-A	Positive	0.0335593	0.966441
6YVH-C-A	Negative	0.974615	0.0253847
6YVH-G-D	Negative	0.691488	0.308512
6JNF-B-A	Negative	0.920973	0.0790273
6JNF-C-A	Negative	0.850176	0.149824
6JNF-D-A	Negative	0.968985	0.0310151
6KMF-D-B	Positive	0.000638545	0.999361
6Y9Q-D-B	Positive	0.00404388	0.995956
6DSZ-C-A	Positive	0.00527459	0.994725
6D2B-C-A	Positive	0.00921994	0.99078
6OMM-L-R	Positive	0.000106215	0.999894
6A6H-C-A	Positive	0.0831502	0.91685
6L07-I-A	Positive	0.0286744	0.971326
6L07-P-C	Positive	0.0286744	0.971326
6L07-M-G	Positive	0.024766	0.975234
6E3Y-G-B	Negative	0.949875	0.0501247
6E3Y-P-R	Negative	0.66032	0.33968
6WG2-P-H	Positive	0.222305	0.777695
6KF9-P-B	Positive	0.367225	0.632775
6OP8-B-A	Negative	0.531218	0.468782
6FKP-E-A	Positive	0.00067997	0.99932
6FKP-G-C	Positive	0.000278652	0.999721
6KAD-F-A	Positive	0.142135	0.857865
6KAD-I-A	Positive	0.207004	0.792996
6KAD-J-A	Negative	0.612899	0.387101
6KAD-L-A	Negative	0.995321	0.00467918
6KAD-T-A	Negative	0.852958	0.147042
6KAD-M-B	Negative	0.512924	0.487076
6KAD-V-C	Positive	0.0275412	0.972459
6KAD-X-D	Positive	0.313509	0.686491
6BD1-C-A	Positive	0.00269604	0.997304
6BD1-D-B	Positive	0.00251627	0.997484
6DIG-C-A	Positive	0.00101382	0.998986
6HL5-S-A	Positive	0.0169038	0.983096
6ZKU-V-M	Positive	0.00790799	0.992092
6J68-C-A	Positive	0.358885	0.641115
6J68-D-B	Positive	0.0097667	0.990233
6BXP-C-A	Positive	0.000676513	0.999323
6F0H-B-A	Positive	0.0605373	0.939463
6F0H-D-A	Positive	0.181637	0.818363
6VRY-G-L	Positive	0.0027349	0.997265
6LY9-K-N	Positive	0.00382751	0.996172
6LY9-L-N	Positive	0.153297	0.846703
6GY5-U-A	Positive	0.011525	0.988475
6G55-D-A	Positive	0.000299454	0.999701
6WMQ-E-A	Positive	0.00109649	0.998904
6WMQ-F-A	Positive	0.080345	0.919655
6FMP-C-A	Positive	0.00238103	0.997619
6DN5-B-A	Positive	0.000990629	0.999009
6U6K-C-A	Positive	0.00129604	0.998704
6AU8-C-A	Negative	0.95216	0.0478399
6V4H-B-A	Negative	0.752334	0.247666
6V4H-D-A	Negative	0.692541	0.307458
6MF5-C-A	Positive	0.00178802	0.998212
6X5L-B-A	Positive	0.341356	0.658644
6Q0M-C-A	Positive	0.00043124	0.999569
6TTU-I-T	Positive	0.000281632	0.999718
6PSD-F-E	Positive	0.190136	0.809864
6PSD-D-C	Positive	0.167206	0.832794
6PSD-B-C	Positive	0.0031817	0.996818
6PSD-H-G	Positive	0.418239	0.581761
6PSD-J-I	Positive	0.159565	0.840435
6PSD-N-K	Positive	0.234466	0.765534
6GC3-B-A	Positive	0.348587	0.651413
6SJZ-F-A	Positive	0.00113702	0.998863
6SJZ-E-B	Positive	0.00438982	0.99561
6NXF-V-A	Negative	0.928803	0.0711975
6NXF-U-A	Negative	0.615824	0.384176
6FVL-H-A	Positive	0.00945532	0.990545
6FVL-I-B	Positive	0.00945532	0.990545
6OT3-6-A	Positive	0.052157	0.947843
6XRF-I-G	Negative	0.840497	0.159503
6WGZ-C-B	Positive	0.332504	0.667496
6HC0-A-B	Positive	0.0023486	0.997651
6W1Q-t-B	Negative	0.637356	0.362644
6W1Q-i-a	Negative	0.826071	0.173929
6W1Q-r-e	Negative	0.947009	0.0529909
6SCS-P-A	Positive	0.175734	0.824266
6SCS-Q-A	Positive	0.00112182	0.998878
6SCS-S-D	Positive	0.00248516	0.997515
6X2S-D-C	Positive	0.00769043	0.99231
6DCW-T-L	Positive	0.000451863	0.999548
6QRM-C-A	Positive	0.00374848	0.996252
6QRM-D-B	Positive	0.0125936	0.987406
6T4C-D-A	Negative	0.705017	0.294983
6O53-C-A	Positive	0.00514364	0.994856
6CHG-E-B	Positive	0.463599	0.536401
6CHG-F-B	Positive	0.0914862	0.908514
6CHG-J-C	Positive	0.00487906	0.995121
6V7S-D-C	Positive	0.139552	0.860448
6BNH-B-A	Positive	0.0294356	0.970564
6CDG-B-A	Positive	0.00850874	0.991491
6RW2-B-A	Positive	0.488725	0.511275
6XMN-B-A	Negative	0.885226	0.114774
6D1U-D-A	Positive	0.152615	0.847385
6D1U-E-A	Positive	0.015905	0.984095
6H9J-D-A	Negative	0.828864	0.171136
6V9Z-C-A	Positive	0.0337879	0.966212
6V9Z-D-A	Positive	0.00615811	0.993842
6DDD-O-Q	Positive	0.360597	0.639403
6V7R-D-C	Positive	0.0758304	0.92417
6LMK-E-R	Positive	0.423763	0.576237
6GBU-E-C	Negative	0.986465	0.013535
6FKQ-B-A	Positive	0.320542	0.679458
6VQ2-C-A	Positive	0.00640333	0.993597
6Y18-B-A	Positive	0.00482309	0.995177
6EWW-E-A	Positive	0.000295579	0.999704
6EWW-H-A	Positive	0.000631869	0.999368
6U3M-F-C	Negative	0.756293	0.243707
6SS7-C-A	Positive	0.0121446	0.987855
6FBW-B-A	Positive	0.00248921	0.997511
6Z13-P-V	Positive	0.00100273	0.998997
6KO2-B-A	Positive	0.0016281	0.998372
6EZI-B-A	Positive	0.000436366	0.999564
6DTG-B-A	Positive	0.00303298	0.996967
6AM0-C-A	Negative	0.76907	0.23093
6AM0-G-D	Positive	0.432076	0.567924
6FF3-B-A	Negative	0.970113	0.0298869
6CQN-C-A	Positive	0.0354489	0.964551
6MJ8-C-A	Positive	0.000842571	0.999157
6L4U-J-A	Negative	0.96937	0.0306296
6L4U-M-B	Positive	0.00169051	0.998309
6XFL-B-A	Negative	0.863878	0.136122
6QDT-B-A	Positive	0.00260222	0.997398
6TNO-B-A	Positive	0.00664377	0.993356
6TNO-F-E	Positive	0.00382233	0.996178
6SEO-L-A	Positive	0.00784898	0.992151
6LN4-B-A	Positive	0.0028863	0.997114
6ZIQ-O-a	Negative	0.6487	0.351301
6WSG-S-B	Positive	0.00214344	0.997857
6U74-E-A	Positive	0.00104737	0.998953
6Y4Q-C-A	Positive	0.00126547	0.998735
6G0O-B-A	Positive	0.00181818	0.998182
6AZL-E-A	Positive	0.324859	0.675141
6MTM-C-A	Positive	0.00185466	0.998145
6UYZ-B-A	Positive	0.00831616	0.991684
6LHF-C-A	Positive	0.0345438	0.965456
6BZ3-B-A	Positive	0.18837	0.81163
6BZ3-D-A	Positive	0.20225	0.79775
6RFR-c-Q	Negative	0.873453	0.126547
6QNP-H-A	Negative	0.517211	0.482789
6QNP-K-B	Positive	0.070427	0.929573
6QNP-J-C	Negative	0.741535	0.258465
6ULS-B-A	Positive	0.00289804	0.997102
6BRS-F-A	Negative	0.784042	0.215958
6BRS-C-A	Positive	0.000157118	0.999843
6MJB-C-A	Negative	0.688437	0.311563
6OM0-y-C	Positive	0.0973795	0.90262
6OM0-n-J	Positive	0.292699	0.707301
6Y8B-P-A	Positive	0.000302672	0.999697
6GMZ-B-A	Positive	0.034028	0.965972
6CV5-D-A	Positive	0.20135	0.79865
6TOG-B-A	Positive	0.00940537	0.990595
6EJA-B-A	Positive	0.00608581	0.993914
6EJ7-B-A	Positive	0.00688124	0.993119
6J9M-F-B	Positive	0.0471431	0.952857
6J9M-A-C	Positive	0.0459441	0.954056
6GQN-C-A	Positive	0.00522572	0.994774
6GQN-G-A	Positive	0.00391638	0.996084
6O7T-b-c	Negative	0.50838	0.49162
6PGK-J-A	Negative	0.878568	0.121432
6PGK-K-A	Positive	0.0805352	0.919465
6PGK-X-B	Positive	0.00109398	0.998906
6PGK-V-H	Positive	0.254229	0.745771
6PGK-g-H	Positive	0.0805352	0.919465
6PGK-j-Z	Positive	0.00109398	0.998906
6UZS-C-A	Positive	0.00314438	0.996856
6GEC-L-A	Negative	0.986676	0.0133238
6JJX-C-A	Positive	0.0541814	0.945819
6JJX-D-B	Positive	0.00492352	0.995076
6LDV-P-H	Positive	0.0211328	0.978867
6T36-B-A	Positive	0.00231075	0.997689
6ZUF-C-A	Positive	0.00159258	0.998407
6ZUF-D-B	Positive	0.00159258	0.998407
6RQX-B-A	Positive	0.0120019	0.987998
6MTT-P-L	Negative	0.682184	0.317816
6TYW-B-A	Positive	0.302782	0.697218
6XAW-B-A	Positive	0.00365502	0.996345
6J2F-C-A	Positive	0.454506	0.545494
6XI2-H-A	Positive	0.00677729	0.993223
6OX2-Y-A	Positive	0.102211	0.897789
6RU6-C-A	Positive	0.00153983	0.99846
6S1R-B-A	Positive	0.00105566	0.998944
6YB3-C-A	Negative	0.945848	0.0541518
6YB3-D-A	Positive	0.233181	0.766819
6FOS-J-2	Negative	0.984279	0.0157214
6FOS-K-3	Negative	0.838331	0.161669
6HVO-E-A	Positive	0.0473953	0.952605
6HVO-D-B	Positive	0.231025	0.768975
6HVO-F-C	Positive	0.0838391	0.916161
6NK2-C-A	Positive	0.0259411	0.974059
6NK2-D-A	Positive	0.0259411	0.974059
6Q67-B-A	Positive	0.118934	0.881066
6GB1-B-A	Negative	0.965293	0.0347071
6VDK-M-A	Negative	0.889553	0.110447
6KX9-C-A	Positive	0.019483	0.980517
6T2D-B-A	Positive	0.000317693	0.999682
6BB4-P-L	Positive	0.00457972	0.99542
6K71-M-P	Negative	0.767663	0.232337
6RD6-T-2	Negative	0.754354	0.245646
6GHN-P-A	Negative	0.950251	0.0497494
6BGH-B-A	Positive	0.00303143	0.996969
6RH6-B-A	Positive	0.285045	0.714955
6KLR-B-A	Negative	0.976939	0.0230613
6YSF-A-E	Positive	0.337293	0.662707
6YSF-B-E	Negative	0.834056	0.165944
6YKM-F-A	Positive	0.492903	0.507097
6PNJ-J-A	Negative	0.978484	0.0215164
6PNJ-K-A	Positive	0.0256691	0.974331
6PNJ-X-B	Negative	0.868648	0.131352
6IWG-C-A	Positive	0.0751891	0.924811
6ZKX-C-A	Positive	0.0246906	0.975309
6RKO-H-A	Positive	0.0312459	0.968754
6RKO-X-A	Positive	0.0049234	0.995077
6L66-C-A	Positive	0.000255525	0.999744
6NJZ-C-A	Positive	0.00559038	0.99441
6NJZ-D-B	Positive	0.00559038	0.99441
6AD0-D-A	Negative	0.701324	0.298676
6GYT-C-A	Positive	0.00146568	0.998534
6JBK-B-A	Positive	0.0856965	0.914304
6XVT-G-A	Positive	0.0195239	0.980476
6YN1-J-A	Positive	0.146461	0.853539
6YN1-E-C	Positive	0.0622371	0.937763
6YN1-n-C	Positive	0.299846	0.700154
6YN1-O-M	Positive	0.0798165	0.920183
6YN1-d-R	Positive	0.06455	0.93545
6LRA-C-H	Positive	0.000135422	0.999865
6S3F-B-A	Positive	0.179756	0.820244
6QFI-B-A	Positive	0.466295	0.533705
6SB0-O-A	Positive	0.0623558	0.937644
6Y9N-B-A	Positive	0.0943667	0.905633
6I2A-D-A	Positive	0.00844789	0.991552
6EPF-Y-S	Positive	0.188006	0.811994
6YGC-D-A	Positive	0.0430017	0.956998
6DNO-B-A	Positive	0.0475988	0.952401
6JY4-L-A	Negative	0.9917	0.00829975
6JY4-M-A	Negative	0.906128	0.0938722
6VGQ-U-N	Positive	0.0468374	0.953163
6VB7-C-A	Positive	0.00294399	0.997056
6XSN-C-H	Negative	0.747982	0.252018
6ZBU-C-A	Positive	0.0144451	0.985555
6ZBU-D-A	Positive	0.00158405	0.998416
6ZBU-G-E	Positive	0.0144451	0.985555
6ZBU-H-E	Positive	0.00158405	0.998416
6PEN-G-A	Positive	0.0331332	0.966867
6HA6-D-A	Positive	0.00120711	0.998793
6V7K-X-A	Positive	0.000944674	0.999055
6Q98-6-D	Positive	0.0263665	0.973633
6GWS-E-A	Positive	0.230825	0.769175
6GWS-F-A	Positive	0.401747	0.598253
6GWS-D-B	Positive	0.391526	0.608474
6ZC9-E-A	Positive	0.000824034	0.999176
6ZC9-F-B	Positive	0.000981092	0.999019
6RWK-D-X	Positive	0.0035426	0.996457
6M2M-M-A	Positive	0.0171386	0.982861
6M2M-N-C	Positive	0.150783	0.849217
6DB7-P-H	Positive	0.0818194	0.918181
6M9F-B-A	Positive	0.00449568	0.995504
6BW4-B-C	Positive	0.00103426	0.998966
6J2G-C-A	Positive	0.0367752	0.963225
6PW8-B-A	Positive	0.0265844	0.973416
6WG1-C-A	Positive	0.061008	0.938992
6D2T-C-A	Positive	0.0106117	0.989388
6HGN-B-A	Positive	0.229877	0.770123
6B23-a-A	Positive	0.0668905	0.93311
6B23-c-B	Negative	0.583265	0.416735
6D3O-C-A	Positive	0.0150859	0.984914
6D3O-D-A	Positive	0.000707269	0.999293
6YOS-C-A	Positive	0.00976819	0.990232
6J8O-A-B	Negative	0.868475	0.131525
6J8O-C-B	Positive	0.0184289	0.981571
6IAC-L-A	Positive	0.00249004	0.99751
6EI2-C-A	Positive	0.02755	0.97245
6T46-B-A	Positive	0.00672811	0.993272
6MIQ-C-A	Positive	0.00726122	0.992739
6QSY-P-A	Positive	0.0145037	0.985496
6R50-D-A	Positive	0.000975966	0.999024
6ZBI-B-A	Negative	0.809056	0.190944
6SPB-4-T	Positive	0.232413	0.767587
6PPO-D-A	Positive	0.492977	0.507023
6IU7-B-A	Positive	0.185104	0.814896
6RJL-P-A	Positive	0.00879532	0.991205
6KVA-b-h	Positive	0.00297302	0.997027
6IWD-B-A	Negative	0.826661	0.173339
6H2A-H-A	Positive	0.00653356	0.993466
6RQH-L-Q	Negative	0.524881	0.475119
6B67-D-A	Positive	0.0146414	0.985359
6NIY-P-R	Positive	0.0369976	0.963002
6XA6-C-B	Positive	0.00329089	0.996709
6XA6-D-B	Positive	0.00160688	0.998393
6FQ4-B-A	Positive	0.00628394	0.993716
6W00-P-L	Positive	0.00211829	0.997882
6GRH-A-1	Positive	0.479798	0.520202
6CQR-C-A	Positive	0.0354489	0.964551
6JX3-A-B	Negative	0.551617	0.448383
6D8C-N-H	Positive	0.0345359	0.965464
6M2J-C-A	Positive	0.000176847	0.999823
6AYN-F-A	Positive	0.324859	0.675141
6X23-B-A	Positive	0.000950873	0.999049
6TYX-C-A	Positive	0.0019024	0.998098
6TYX-D-B	Positive	0.00986886	0.990131
6JOZ-C-A	Positive	0.00980586	0.990194
6JUE-A-L	Positive	0.00109446	0.998906
6YBU-C-A	Negative	0.729013	0.270987
6YBU-D-A	Negative	0.518875	0.481125
6YBU-I-G	Negative	0.675211	0.324789
6YBU-J-G	Negative	0.695039	0.304961
6HC8-E-A	Positive	0.000747502	0.999252
6S24-F-A	Positive	0.0277247	0.972275
6B4G-B-A	Negative	0.990498	0.0095019
6B4G-H-G	Negative	0.980318	0.0196818
6P8U-C-B	Positive	0.000500917	0.999499
6A3A-D-C	Positive	0.221832	0.778168
6S1U-I-A	Positive	0.00115097	0.998849
6P2F-C-A	Positive	0.00593561	0.994064
6ZMT-i-D	Positive	0.0131219	0.986878
6GCS-c-Q	Positive	0.341557	0.658443
6OA9-K-A	Negative	0.876511	0.123489
6WMS-E-A	Positive	0.00368875	0.996311
6ZCJ-P-A	Positive	0.00474739	0.995253
6MBE-B-A	Positive	0.12499	0.87501
6S9L-C-A	Positive	0.412333	0.587667
6SND-C-A	Positive	0.0223927	0.977607
6ERH-M-A	Positive	0.0221522	0.977848
6ERH-T-C	Positive	0.0100257	0.989974
6WMF-B-A	Positive	0.00549263	0.994507
6ZR5-C-A	Positive	0.3387	0.6613
6ZR5-D-A	Positive	0.339464	0.660536
6CDM-C-A	Positive	0.00539982	0.9946
6QDR-B-A	Positive	0.000950038	0.99905
6NPZ-F-A	Positive	0.140434	0.859566
6Z5R-C-D	Positive	0.326944	0.673056
6Z5R-E-D	Positive	0.326944	0.673056
6Z5R-A-D	Positive	0.326944	0.673056
6Z5R-I-F	Negative	0.870301	0.129699
6Z5R-J-G	Positive	0.344646	0.655354
6Z5R-K-G	Negative	0.870301	0.129699
6Z5R-7-H	Positive	0.326944	0.673056
6Z5R-T-M	Positive	0.454774	0.545226
6Z5R-Y-M	Positive	0.326944	0.673056
6Z5R-S-Q	Negative	0.887382	0.112618
6TKG-I-H	Negative	0.814956	0.185044
6X18-P-R	Negative	0.843754	0.156246
6S7L-C-A	Positive	0.000375748	0.999624
6CBP-P-A	Positive	0.0482485	0.951751
6UUN-P-E	Positive	0.269469	0.730531
6ILG-C-A	Positive	0.00323296	0.996767
6VB0-C-A	Positive	0.0258265	0.974173
6FCP-P-A	Positive	0.00190085	0.998099
6GMG-C-A	Positive	0.000659525	0.99934
6GMG-D-B	Positive	0.00154626	0.998454
6EOT-F-A	Positive	0.0111759	0.988824
6NFJ-C-A	Positive	0.0193616	0.980638
6Z0M-B-A	Positive	0.0374586	0.962541
6Z0M-E-A	Negative	0.58476	0.41524
6F0W-S-A	Positive	0.159518	0.840482
6R5B-E-A	Positive	0.000694871	0.999305
6VMC-C-A	Positive	0.00213641	0.997864
6L35-J-A	Negative	0.952869	0.0471313
6L35-M-B	Positive	0.162087	0.837913
6B0U-D-A	Positive	0.00871766	0.991282
6B0U-E-B	Positive	0.00901181	0.990988
6QTQ-B-A	Positive	0.0157432	0.984257
6H06-I-H	Positive	0.00389236	0.996108
6H06-G-H	Positive	0.000844121	0.999156
6H06-K-A	Positive	0.000775814	0.999224
6UGF-G-A	Positive	0.01414	0.98586
6BYH-E-A	Negative	0.987196	0.0128039
6BYH-I-G	Negative	0.965355	0.0346449
6X6Q-B-A	Positive	0.00174218	0.998258
6MAK-B-A	Positive	0.0131501	0.98685
6SK3-C-A	Positive	0.00438982	0.99561
6AY9-B-A	Positive	0.0720298	0.92797
6UYR-B-A	Positive	0.0628845	0.937115
6Y39-D-E	Negative	0.663374	0.336626
6Y39-G-H	Negative	0.57734	0.42266
6XID-I-B	Positive	0.00231957	0.99768
6EF5-P-A	Positive	0.000319362	0.999681
6EF5-Q-B	Positive	0.00147563	0.998524
6F5P-G-A	Positive	0.0128244	0.987176
6YMO-C-A	Positive	0.000665009	0.999335
6YMO-D-B	Positive	0.00153142	0.998469
6WNX-C-A	Positive	0.00112826	0.998872
6SPF-u-b	Positive	0.400262	0.599738
6KMH-C-A	Negative	0.966241	0.0337587
6F4S-B-A	Positive	0.00416088	0.995839
6KM7-C-A	Positive	0.487116	0.512884
6KM7-D-A	Negative	0.70624	0.29376
6UJ8-C-A	Positive	0.104554	0.895446
6SMQ-C-A	Positive	0.0167378	0.983262
6I42-B-A	Positive	0.00274307	0.997257
6MEW-B-A	Positive	0.00462884	0.995371
6MEW-D-A	Positive	0.0122922	0.987708
6WK2-Y-A	Positive	0.0211558	0.978844
6NK0-C-A	Positive	0.0157098	0.98429
6G84-D-A	Positive	0.00925642	0.990744
6G84-C-B	Positive	0.00119579	0.998804
6Y6B-C-A	Positive	0.000429332	0.999571
6ZBT-E-A	Positive	0.00117427	0.998826
6ZBT-G-B	Positive	0.00612009	0.99388
6JAT-B-A	Positive	0.172966	0.827034
6JAT-D-C	Positive	0.0119779	0.988022
6HLB-B-A	Positive	0.00199383	0.998006
6TSC-B-A	Positive	0.0339081	0.966092
6PJA-B-A	Positive	0.000309587	0.99969
6W05-P-H	Positive	0.00211829	0.997882
6GVL-B-A	Negative	0.95068	0.0493204
6L8G-A-B	Negative	0.940506	0.0594938
6YO8-E-A	Positive	0.0067541	0.993246
6YO8-G-C	Positive	0.00239146	0.997609
6XOV-B-A	Positive	0.0234649	0.976535
6N7I-F-A	Positive	0.00889874	0.991101
6SEF-V-A	Negative	0.750762	0.249238
6FBX-B-A	Positive	0.0410882	0.958912
6F4U-D-A	Positive	0.174226	0.825774
6B8J-C-A	Positive	0.00144178	0.998558
6B8H-A-2	Negative	0.860029	0.139971
6B8H-k-a	Positive	0.0024696	0.99753
6B8H-I-G	Negative	0.963024	0.0369757
6TWY-C-B	Positive	0.000869334	0.999131
6PU3-B-A	Positive	0.00502801	0.994972
6QS1-F-B	Positive	0.00192273	0.998077
6HKS-H-B	Positive	0.00322908	0.996771
6EH2-B-A	Positive	0.00633949	0.993661
6TMF-Z-Q	Negative	0.951503	0.0484966
6MA4-B-A	Positive	0.00339329	0.996607
6HZC-B-A	Positive	0.00153095	0.998469
6R8I-B-A	Positive	0.127014	0.872986
6YJ4-k-L	Negative	0.925168	0.0748317
6T2F-B-A	Positive	0.000317693	0.999682
6C1D-F-B	Negative	0.578991	0.421009
6IZ8-F-C	Positive	0.0119131	0.988087
6V3X-B-A	Positive	0.000681162	0.999319
6XA8-C-B	Positive	0.00160688	0.998393
6Q8I-C-A	Negative	0.942802	0.0571977
6Q8I-D-A	Negative	0.974043	0.0259568
6Q8I-G-A	Negative	0.920215	0.079785
6Q8I-H-A	Negative	0.963986	0.0360142
6Q8I-K-B	Negative	0.761656	0.238344
6Q8I-L-B	Negative	0.984524	0.015476
6Q8I-O-M	Negative	0.957087	0.0429134
6WI4-C-B	Positive	0.000710011	0.99929
6T80-G-A	Positive	0.00064677	0.999353
6T80-H-B	Positive	0.000458241	0.999542
6T80-E-C	Positive	0.000880539	0.999119
6RXQ-E-A	Positive	0.0800387	0.919961
6RXQ-F-A	Positive	0.0943573	0.905643
6RXQ-H-D	Positive	0.0029543	0.997046
6ZXE-e-J	Negative	0.660299	0.339701
6QDV-Z-A	Positive	0.130485	0.869515
6QDV-z-F	Positive	0.0739436	0.926056
6HBG-D-A	Negative	0.719924	0.280076
6MGQ-D-A	Positive	0.0280012	0.971999
6N7Q-C-A	Positive	0.000702858	0.999297
6SI6-A-B	Negative	0.576389	0.423611
6S8S-B-A	Negative	0.851795	0.148205
6S8S-D-A	Negative	0.851795	0.148205
6UAO-B-S	Positive	0.00260353	0.997396
6YGH-E-A	Positive	0.0786971	0.921303
6CEZ-P-L	Negative	0.607583	0.392417
6WNT-A-e	Positive	0.056599	0.943401
6YLD-B-A	Positive	0.0558636	0.944136
6YLD-D-C	Positive	0.0259033	0.974097
6ZMW-i-Z	Negative	0.994486	0.00551367
6GG7-C-B	Positive	0.496768	0.503232
6WK1-Y-A	Positive	0.0211558	0.978844
6SQC-B-A	Positive	0.0854269	0.914573
6U3O-I-G	Positive	0.00144452	0.998555
6WAV-E-A	Positive	0.00277519	0.997225
6WAV-G-A	Positive	0.00378019	0.99622
6WAV-F-B	Positive	0.00277519	0.997225
6WAV-H-B	Positive	0.000642717	0.999357
6LSD-C-A	Positive	0.00103378	0.998966
6GHJ-B-A	Positive	0.00699764	0.993002
6G8P-P-A	Positive	0.00397974	0.99602
6KK4-A-B	Positive	0.427123	0.572877
6R2I-B-A	Positive	0.0797029	0.920297
6KWO-C-A	Negative	0.930698	0.0693025
6OM4-C-A	Positive	0.00513536	0.994865
6E2P-C-A	Negative	0.828346	0.171654
6E2P-D-B	Negative	0.843567	0.156433
6J8Y-D-C	Positive	0.0113122	0.988688
6QZS-P-A	Positive	0.00159806	0.998402
6QZS-C-B	Positive	0.00247639	0.997524
6C23-E-A	Positive	0.0847465	0.915253
6C23-O-K	Positive	0.00781178	0.992188
6C23-B-L	Positive	0.0439987	0.956001
6V86-F-A	Positive	0.236497	0.763503
6H9N-B-A	Negative	0.699484	0.300516
6WJ6-F-A	Positive	0.237579	0.762421
6WJ6-I-A	Negative	0.773932	0.226068
6WJ6-L-A	Negative	0.981471	0.0185292
6WJ6-T-A	Negative	0.946636	0.0533643
6IJO-J-A	Negative	0.95241	0.0475904
6JUW-Y-N	Negative	0.990915	0.00908482
6PX6-C-A	Positive	0.00491643	0.995084
6YR5-O-A	Positive	0.00223374	0.997766
6YR5-P-B	Positive	0.0137409	0.986259
6YR5-Q-C	Positive	0.00122255	0.998777
6YR5-R-D	Positive	0.00185204	0.998148
6PI7-G-A	Positive	0.00625879	0.993741
6ZMR-k-O	Negative	0.724235	0.275765
6ZMR-8-P	Negative	0.9464	0.0536
6ZMR-d-a	Positive	0.241534	0.758466
6ZMR-j-a	Negative	0.832404	0.167596
6NQB-R-F	Negative	0.757936	0.242064
6R00-B-A	Positive	0.0022049	0.997795
6NPW-E-D	Positive	0.00258869	0.997411
6OPD-C-A	Positive	0.00282526	0.997175
6ZVF-P-L	Negative	0.685561	0.314439
6TTK-E-A	Positive	0.0808055	0.919195
6TTK-F-B	Positive	0.00234199	0.997658
6U8G-E-A	Positive	0.00149316	0.998507
6G4S-k-Q	Positive	0.0217704	0.97823
6YXK-C-A	Positive	0.0045113	0.995489
6VB1-C-A	Positive	0.255813	0.744187
6ATK-F-C	Positive	0.0905246	0.909475
6TKJ-I-H	Positive	0.0498115	0.950189
6VPV-J-A	Negative	0.954233	0.0457666
6ITU-B-A	Negative	0.928744	0.0712557
6F4V-G-A	Negative	0.620057	0.379943
6GKG-I-A	Positive	0.000475287	0.999525
6GKG-K-B	Positive	0.00115609	0.998844
6GKG-M-C	Positive	0.000664771	0.999335
6GKG-N-G	Positive	0.00114346	0.998857
6LQJ-a-A	Negative	0.74044	0.25956
6PGQ-B-A	Positive	0.00120473	0.998795
6CRR-D-A	Negative	0.546434	0.453566
6TJB-A-B	Negative	0.923095	0.0769049
6PVA-A-B	Positive	0.00710577	0.992894
6V2E-B-A	Negative	0.952404	0.0475957
6VBQ-P-H	Negative	0.939703	0.0602966
6VBQ-K-D	Negative	0.853633	0.146367
6H8Q-G-A	Negative	0.617963	0.382037
6H8Q-H-B	Positive	0.171096	0.828904
6F9W-B-A	Positive	0.0823088	0.917691
6TME-C-A	Negative	0.717994	0.282006
6TWU-C-B	Positive	0.000619411	0.999381
6UEB-B-A	Negative	0.656877	0.343123
6KWL-C-A	Positive	0.0746444	0.925356
6UIB-C-A	Positive	0.22644	0.77356
6OKD-D-A	Negative	0.790444	0.209556
6OKD-C-B	Negative	0.695599	0.304401
6QNX-C-A	Positive	0.00784194	0.992158
6RR0-H-A	Positive	0.00504464	0.994955
6RR0-I-A	Positive	0.00219101	0.997809
6RR0-K-B	Positive	0.00184721	0.998153
6RR0-L-C	Positive	0.00219101	0.997809
6RR0-N-G	Positive	0.000809729	0.99919
6V01-C-B	Negative	0.877305	0.122695
6ZXS-J-A	Negative	0.960235	0.0397654
6K08-B-A	Positive	0.10053	0.89947
6L71-C-A	Positive	0.000255525	0.999744
6GL1-P-A	Negative	0.752922	0.247078
6RUP-C-A	Positive	0.00290787	0.997092
6ML1-G-A	Positive	0.00832963	0.99167
6SIG-C-B	Negative	0.987629	0.012371
6DU2-C-A	Positive	0.0148138	0.985186
6DU2-D-A	Positive	0.00153816	0.998462
6U6L-B-A	Positive	0.00104737	0.998953
6MT5-C-A	Positive	0.00147861	0.998521
6G9Q-P-A	Positive	0.483685	0.516315
6EVN-C-A	Positive	0.00765496	0.992345
6ZK9-q-4	Negative	0.759023	0.240977
6P1Y-A-B	Positive	0.00153553	0.998464
6OWT-T-B	Positive	0.051991	0.948009
6V7X-C-A	Negative	0.769158	0.230842
6LXE-B-A	Positive	0.0180992	0.981901
6LXE-C-A	Positive	0.00655532	0.993445
6WJ7-A-B	Positive	0.000734866	0.999265
6C26-4-A	Positive	0.441744	0.558256
6EJL-C-A	Positive	0.000784993	0.999215
6EJL-D-B	Positive	0.00209016	0.99791
6RMB-D-A	Positive	0.200828	0.799172
6EVP-C-A	Positive	0.00186688	0.998133
6DAE-C-A	Negative	0.752105	0.247895
6DAE-D-B	Negative	0.696297	0.303703
6JI2-X-A	Negative	0.687229	0.312771
6ODM-O-C	Negative	0.510026	0.489974
6PEU-M-A	Positive	0.142488	0.857512
6CS3-D-A	Negative	0.583408	0.416592
6ZVQ-B-A	Negative	0.736326	0.263674
6G0Q-B-A	Positive	0.0511472	0.948853
6H25-I-F	Positive	0.117098	0.882902
6H25-K-G	Negative	0.894677	0.105323
6YNU-B-A	Positive	0.0132524	0.986748
6WJQ-C-A	Positive	0.00870931	0.991291
6J4V-B-A	Negative	0.962851	0.0371491
6CE7-O-B	Negative	0.769083	0.230917
6CE7-P-B	Negative	0.931142	0.0688579
6U3D-C-A	Negative	0.770518	0.229482
6TA7-G-A	Positive	0.000728309	0.999272
6TA7-H-F	Positive	0.000491977	0.999508
6QPH-J-2	Negative	0.969773	0.0302266
6YQF-D-A	Negative	0.987531	0.0124692
6MI7-C-F	Positive	0.10404	0.89596
6BHD-B-A	Positive	0.0224062	0.977594
6KZH-C-A	Positive	0.000937164	0.999063
6VQO-P-A	Positive	0.000547945	0.999452
6VEQ-B-E	Positive	0.0630984	0.936902
6V3N-C-A	Positive	0.00280595	0.997194
6V3N-D-A	Positive	0.00115085	0.998849
6YR7-C-A	Positive	0.000789165	0.999211
6JWN-B-A	Positive	0.0190782	0.980922
6JLP-F-A	Negative	0.546196	0.453804
6HPG-a-A	Positive	0.00182652	0.998173
6HPG-f-B	Positive	0.000963926	0.999036
6TUV-L-A	Negative	0.601717	0.398283
6MNQ-P-H	Positive	0.0353819	0.964618
6H0B-F-B	Positive	0.0125055	0.987495
6XZK-B-A	Positive	0.00281268	0.997187
6B4I-C-B	Negative	0.773526	0.226474
6B4I-D-B	Positive	0.192658	0.807342
6R16-H-A	Positive	0.0478496	0.95215
6R16-I-A	Positive	0.0501322	0.949868
6R16-J-A	Positive	0.0456116	0.954388
6R16-K-A	Positive	0.0460644	0.953936
6WME-B-A	Positive	0.00498998	0.99501
6KPD-B-C	Positive	0.00721431	0.992786
6W6O-C-A	Negative	0.897503	0.102497
6WBC-B-A	Positive	0.0232226	0.976777
6PUZ-D-A	Negative	0.85199	0.14801
6WDT-D-A	Positive	0.339451	0.660549
6B3X-B-A	Positive	0.00144106	0.998559
6M8R-K-G	Negative	0.500602	0.499398
6M8R-L-B	Negative	0.547879	0.452121
6O28-E-A	Positive	0.00452226	0.995478
6NUU-C-A	Positive	0.22915	0.77085
6HEP-E-A	Positive	0.00157547	0.998425
6DRT-D-A	Negative	0.969422	0.0305776
6DRT-E-B	Negative	0.957402	0.0425985
6PV9-B-A	Positive	0.0256149	0.974385
6XTR-C-A	Positive	0.00125664	0.998743
6SIQ-P-A	Positive	0.0112054	0.988795
6T7H-L-H	Negative	0.684397	0.315603
6MNR-P-H	Positive	0.0130391	0.986961
6O9B-C-A	Positive	0.0159133	0.984087
6WZY-C-A	Positive	0.00990903	0.990091
6NF7-C-A	Positive	0.00499213	0.995008
6NF7-O-A	Positive	0.0111857	0.988814
6NF7-F-D	Positive	0.0116454	0.988355
6NF7-I-G	Positive	0.00656229	0.993438
6L9F-C-A	Positive	0.423476	0.576524
6L9F-D-B	Positive	0.00793487	0.992065
6HM4-B-A	Positive	0.0054431	0.994557
6QFM-B-A	Positive	0.111912	0.888088
6XSA-B-A	Positive	0.0220131	0.977987
6HSN-D-A	Positive	0.00219482	0.997805
6TJT-D-A	Positive	0.00195926	0.998041
6ACP-B-A	Positive	0.00475508	0.995245
6SH9-E-B	Positive	0.00506103	0.994939
6SH6-B-A	Negative	0.827804	0.172196
6UYV-B-A	Positive	0.023541	0.976459
6AZT-B-A	Positive	0.0113564	0.988644
6JZE-B-A	Negative	0.965928	0.0340716
6FY2-P-H	Negative	0.94746	0.0525403
6FY2-Z-X	Negative	0.94746	0.0525403
6WRF-S-B	Positive	0.00131577	0.998684
6YLE-K-B	Negative	0.971379	0.028621
6U3B-B-A	Negative	0.882222	0.117778
6AXK-E-A	Positive	0.029422	0.970578
6LML-C-B	Negative	0.678028	0.321972
6KZA-C-A	Negative	0.758182	0.241818
6KZA-D-B	Negative	0.730204	0.269796
6SEN-L-A	Positive	0.00793487	0.992065
6SEN-M-B	Positive	0.00793487	0.992065
6TJ1-D-A	Positive	0.00907809	0.990922
6YAY-C-A	Negative	0.913607	0.0863933
6YAY-D-A	Negative	0.696405	0.303595
6NI2-V-A	Positive	0.00309032	0.99691
6Q53-B-A	Negative	0.993348	0.00665165
6Q53-E-A	Negative	0.993348	0.00665165
6H9O-B-A	Positive	0.408025	0.591975
6V7P-D-C	Positive	0.00226969	0.99773
6V7P-B-A	Positive	0.0918159	0.908184
6FZF-C-A	Positive	0.122821	0.877179
6PU1-B-A	Positive	0.0041461	0.995854
6ZH6-B-A	Positive	0.0442001	0.9558
6YW3-B-A	Positive	0.00207424	0.997926
6C4U-L-F	Positive	0.00449204	0.995508
6MTP-P-L	Positive	0.0868896	0.91311
6MTP-Q-B	Positive	0.000911713	0.999088
6BIZ-C-A	Positive	0.00486004	0.99514
6ZHX-L-C	Positive	0.00326753	0.996732
6A30-P-A	Positive	0.000979424	0.999021
6NYX-B-H	Negative	0.767522	0.232478
6NYX-G-H	Positive	0.211901	0.788099
6NYX-O-H	Positive	0.365755	0.634245
6TMH-i-C	Negative	0.939911	0.060089
6U3A-C-A	Negative	0.750376	0.249624
6U3A-D-B	Positive	0.00901788	0.990982
6MHF-C-A	Positive	0.189337	0.810663
6PYQ-B-A	Positive	0.193398	0.806602
6PYQ-C-A	Negative	0.539383	0.460617
6PYQ-E-A	Negative	0.727698	0.272302
6PYQ-F-A	Positive	0.193398	0.806602
6EWO-C-A	Positive	0.0521761	0.947824
6HZA-B-A	Positive	0.00579274	0.994207
6SZ5-B-A	Positive	0.00339854	0.996601
6SZ5-C-A	Positive	0.00213087	0.997869
6J0W-C-A	Negative	0.669687	0.330313
6J0W-D-B	Negative	0.763849	0.236151
6YR6-B-A	Positive	0.00223637	0.997764
6S07-C-A	Positive	0.00125664	0.998743
6B9Y-D-A	Positive	0.064461	0.935539
6IC8-C-A	Positive	0.00425053	0.995749
6IC8-D-B	Positive	0.00443453	0.995565
6CD9-B-A	Positive	0.00110376	0.998896
6N7J-D-A	Positive	0.044862	0.955138
6CCE-J-F	Positive	0.0592158	0.940784
6YAR-C-A	Negative	0.556113	0.443888
6YAR-D-A	Negative	0.546877	0.453123
6DTH-B-A	Positive	0.0107908	0.989209
6RO1-B-A	Positive	0.449417	0.550583
6BLI-F-B	Negative	0.50777	0.49223
6BLI-I-G	Positive	0.00306594	0.996934
6IUH-C-A	Negative	0.61095	0.38905
6IUH-D-B	Negative	0.67393	0.32607
6F8F-G-D	Positive	0.00434977	0.99565
6YSI-W-D	Negative	0.524911	0.475089
6ZHI-H-D	Positive	0.00535727	0.994643
6N61-I-C	Positive	0.171697	0.828303
6TDY-N-C	Positive	0.400277	0.599723
6TDY-h-M	Negative	0.885214	0.114786
6V4G-B-A	Negative	0.838744	0.161256
6CTB-B-A	Positive	0.160675	0.839325
6JAU-B-A	Negative	0.619664	0.380336
6FBK-P-A	Positive	0.00519741	0.994803
6L7O-P-B	Negative	0.673862	0.326138
6GSN-h-q	Positive	0.00308877	0.996911
6ZMP-C-A	Positive	0.00211054	0.997889
6RMC-C-A	Negative	0.684878	0.315122
6ALG-N-I	Positive	0.159494	0.840506
6URI-D-A	Positive	0.0122379	0.987762
6CBI-I-A	Positive	0.00523096	0.994769
6CBI-J-A	Positive	0.455862	0.544138
6IWA-A-C	Positive	0.472751	0.527249
6SWE-Y-3	Negative	0.805143	0.194857
6V8O-S-G	Positive	0.106945	0.893055
6ZXA-B-A	Negative	0.988019	0.0119814
6ZXA-D-A	Negative	0.988019	0.0119814
6HBY-C-A	Positive	0.0146689	0.985331
6U96-F-A	Positive	0.0981679	0.901832
6DAD-C-A	Positive	0.257798	0.742202
6T5F-G-A	Positive	0.000838518	0.999161
6T5F-H-B	Positive	0.00158799	0.998412
6T5F-E-C	Positive	0.0190753	0.980925
6T5F-F-D	Positive	0.0209256	0.979074
6FEL-E-A	Positive	0.00130612	0.998694
6URQ-D-A	Positive	0.00305873	0.996941
6JXR-a-d	Negative	0.98748	0.0125201
6JXR-b-d	Positive	0.38475	0.61525
6IGX-A-B	Negative	0.600509	0.399491
6IGX-C-D	Negative	0.56863	0.43137
6I31-B-A	Negative	0.50762	0.49238
6J19-B-A	Negative	0.584788	0.415212
6GD5-B-A	Positive	0.197408	0.802592
6CF6-D-A	Positive	0.0043819	0.995618
6CF6-C-B	Positive	0.00366616	0.996334
6B3J-P-R	Negative	0.949394	0.0506056
6L65-C-A	Positive	0.000414789	0.999585
6MGN-B-A	Negative	0.679823	0.320177
6Y2B-C-A	Positive	0.0568978	0.943102
6VJN-G-H	Positive	0.175408	0.824592
6VJN-F-H	Negative	0.851543	0.148457
6N3E-B-A	Positive	0.00150657	0.998493
6Q9I-B-A	Negative	0.950154	0.0498459
6P9X-P-R	Positive	0.123456	0.876544
6KIG-J-A	Negative	0.955275	0.0447249
6J5J-I-G	Positive	0.0891583	0.910842
6J5J-i-8	Negative	0.879423	0.120577
6IVX-D-A	Positive	0.0318106	0.968189
6UBE-B-S	Positive	0.00239348	0.997607
6YIH-C-A	Positive	0.389201	0.610799
6KEY-B-A	Positive	0.00133681	0.998663
6CWP-F-A	Positive	0.00030601	0.999694
6Y26-C-A	Positive	0.0835881	0.916412
6Q00-B-A	Negative	0.923764	0.0762358
6XOI-C-A	Negative	0.731765	0.268235
6K81-B-A	Negative	0.787334	0.212666
6XQI-F-A	Negative	0.599821	0.400179
6XQI-I-B	Positive	0.00319934	0.996801
6MPZ-M-A	Positive	0.00522596	0.994774
6VE5-B-A	Positive	0.478469	0.521531
6D08-C-A	Positive	0.000968695	0.999031
6D08-D-B	Positive	0.00125217	0.998748
6TYT-B-A	Positive	0.00293499	0.997065
6TYT-C-A	Positive	0.00872898	0.991271
6Y27-C-A	Positive	0.0835881	0.916412
6HIK-L-A	Negative	0.986189	0.0138111
6SBA-B-A	Positive	0.245393	0.754607
6X5J-B-A	Positive	0.347383	0.652617
6QEV-D-B	Positive	0.0356735	0.964327
6IMM-R-P	Positive	0.0245371	0.975463
6ICR-A-B	Positive	0.170093	0.829907
6ICR-C-B	Positive	0.492961	0.507039
6R5G-B-A	Negative	0.993082	0.00691751
6E2Q-M-A	Negative	0.884394	0.115606
6E2Q-P-A	Negative	0.888939	0.111061
6FAI-d-i	Negative	0.954082	0.0459178
6M92-C-A	Positive	0.00189257	0.998107
6YSL-B-G	Positive	0.468434	0.531566
6YSL-A-F	Positive	0.398195	0.601805
6V2O-C-A	Positive	0.000284731	0.999715
6P6E-B-A	Positive	0.000790775	0.999209
6P6E-C-A	Positive	0.000986934	0.999013
6CVJ-D-A	Positive	0.000919819	0.99908
6B5P-A-H	Positive	0.0533845	0.946615
6G8I-P-A	Positive	0.00110054	0.998899
6PFO-C-A	Positive	0.00515294	0.994847
6GR9-B-A	Negative	0.612201	0.387799
6J0X-E-A	Negative	0.699872	0.300128
6KPB-B-C	Positive	0.000453413	0.999547
6HOL-C-A	Positive	0.0128648	0.987135
6HOL-D-B	Positive	0.0128648	0.987135
6EAT-I-A	Positive	0.00124812	0.998752
6TAS-G-A	Positive	0.0618456	0.938154
6OIT-G-A	Negative	0.99464	0.00536049
6FC6-B-A	Positive	0.00679731	0.993203
6LPH-B-A	Positive	0.0312752	0.968725
6YIE-C-A	Positive	0.282967	0.717033
6TKK-B-A	Positive	0.00241983	0.99758
6GWJ-D-B	Negative	0.972485	0.0275149
6PTE-C-A	Positive	0.00277287	0.997227
6RQJ-D-A	Positive	0.240081	0.759919
6KVM-C-A	Positive	0.0736476	0.926352
6TDX-0-S	Negative	0.506287	0.493713
6Z0L-B-A	Positive	0.185699	0.814301
6M4Z-F-A	Positive	0.01397	0.98603
6IGL-B-A	Negative	0.763218	0.236782
6JO6-J-A	Negative	0.941858	0.0581424
6JO6-K-A	Negative	0.657327	0.342673
6OZ8-A-B	Positive	0.00153553	0.998464
6JZD-B-A	Negative	0.965928	0.0340716
6JZD-C-A	Positive	0.03013	0.96987
6BJ8-C-A	Positive	0.00196964	0.99803
6KHI-P-B	Negative	0.673862	0.326138
6KHI-Q-D	Negative	0.957686	0.0423145
6A9C-E-B	Negative	0.631145	0.368855
6Q0N-C-A	Positive	0.00665146	0.993349
6Q0N-D-B	Positive	0.00324965	0.99675
6M4O-E-T	Negative	0.57947	0.42053
6M4O-B-A	Negative	0.894503	0.105497
6F4T-B-A	Positive	0.00738198	0.992618
6HKP-S-A	Positive	0.000525892	0.999474
6MZB-C-B	Negative	0.783288	0.216712
6MZB-D-B	Negative	0.837218	0.162782
6R15-B-A	Negative	0.841602	0.158398
6VB4-C-A	Positive	0.00788546	0.992115
6L7A-J-A	Negative	0.75516	0.24484
6U22-C-A	Positive	0.188873	0.811127
6QZR-N-A	Positive	0.00929528	0.990705
6QZR-M-B	Positive	0.00288832	0.997112
6QZR-P-D	Positive	0.0017637	0.998236
6GK8-I-H	Positive	0.0259697	0.97403
6GZJ-B-A	Positive	0.0126628	0.987337
6DSL-A-B	Negative	0.786368	0.213632
6DLC-B-A	Positive	0.425875	0.574125
6O26-C-A	Positive	0.00201982	0.99798
6VXY-C-A	Positive	0.486013	0.513987
6ZZX-J-A	Negative	0.733666	0.266334
6ZZX-M-B	Positive	0.0834397	0.91656
6UZP-C-A	Positive	0.00274903	0.997251
6H8C-B-A	Positive	0.00962967	0.99037
6GMR-H-C	Negative	0.657291	0.342709
6XBW-f-a	Positive	0.283526	0.716474
6XBW-r-b	Negative	0.843346	0.156654
6DN6-B-A	Positive	0.000693917	0.999306
6TQU-C-A	Positive	0.00155991	0.99844
6TQU-D-B	Positive	0.108453	0.891547
6G4W-t-u	Negative	0.865197	0.134803
6MLC-E-A	Positive	0.00132537	0.998675
6IQG-C-A	Negative	0.827066	0.172934
6IQG-D-B	Negative	0.827066	0.172934
6H0F-C-B	Positive	0.147674	0.852326
6KN8-Y-L	Positive	0.052747	0.947253
6WGN-F-A	Positive	0.0544299	0.94557
6NCP-F-B	Positive	0.00733602	0.992664
6NCP-E-C	Positive	0.0296121	0.970388
6IWH-C-A	Positive	0.0517223	0.948278
6OLE-y-C	Positive	0.414759	0.585241
6R5L-P-A	Positive	0.340913	0.659087
6L03-F-A	Positive	0.00137639	0.998624
6HMA-Z-L	Negative	0.538317	0.461683
6PPK-d-E	Negative	0.546853	0.453147
6PDZ-D-A	Positive	0.000163674	0.999836
6AKL-B-A	Negative	0.680821	0.319179
6AKL-C-A	Negative	0.65713	0.34287
6ZR2-s-E	Negative	0.89542	0.10458
6ZR2-c-O	Negative	0.982775	0.0172253
6V4E-C-A	Negative	0.860242	0.139758
6R59-E-A	Positive	0.000892818	0.999107
6NV2-P-A	Positive	0.00107235	0.998928
6N4R-F-B	Negative	0.589576	0.410425
6F0G-C-A	Positive	0.200113	0.799887
6Q0U-C-A	Positive	0.00579888	0.994201
6J31-E-A	Positive	0.00386643	0.996134
6I5N-K-A	Positive	0.00153106	0.998469
6I5N-I-A	Positive	0.064027	0.935973
6I5N-J-D	Positive	0.064027	0.935973
6I5N-L-D	Positive	0.00258219	0.997418
6RWL-E-A	Negative	0.580193	0.419807
6J91-A-B	Negative	0.849853	0.150147
6JMU-C-A	Positive	0.372204	0.627796
6JMU-D-B	Positive	0.246983	0.753017
6E5N-A-B	Positive	0.0303987	0.969601
6BGG-A-B	Positive	0.235843	0.764157
6YLH-l-X	Negative	0.574194	0.425806
6Z19-C-B	Positive	0.00520146	0.994799
6LYQ-O-A	Positive	0.166295	0.833705
6NIX-C-A	Positive	0.00509644	0.994904
6ZKB-4-L	Negative	0.915042	0.0849582
6IAM-B-A	Positive	0.0720284	0.927972
6IAM-C-A	Positive	0.00893152	0.991068
6P9Y-P-R	Positive	0.200221	0.799779
6VQP-Q-A	Positive	0.0115308	0.988469
6GTQ-C-A	Positive	0.0271249	0.972875
6GTQ-D-A	Positive	0.0363736	0.963626
6XLZ-P-H	Positive	0.0464431	0.953557
6XLZ-A-H	Positive	0.000512123	0.999488
6E5U-J-K	Negative	0.741412	0.258588
6G5G-P-B	Negative	0.9736	0.0263998
6BWA-B-A	Positive	0.197617	0.802383
6SK8-C-A	Positive	0.000797689	0.999202
6SK8-D-B	Positive	0.00371724	0.996283
6GOS-A-1	Positive	0.0411714	0.958829
6K3A-B-A	Positive	0.0239899	0.97601
6W25-B-A	Positive	0.00194836	0.998052
6KBM-B-A	Positive	0.17418	0.82582
6XKW-h-n	Positive	0.00351381	0.996486
6XKW-Y-n	Positive	0.0166309	0.983369
6B9L-E-A	Negative	0.866494	0.133506
6W3J-C-B	Negative	0.73093	0.26907
6J5I-i-8	Negative	0.936597	0.0634034
6VIL-I-A	Positive	0.0253025	0.974697
6YNS-N-A	Positive	0.271474	0.728526
6YNS-Q-A	Positive	0.00401241	0.995988
6YNS-T-A	Positive	0.269083	0.730917
6YNS-Y-B	Positive	0.272715	0.727285
6YNS-S-D	Positive	0.34352	0.65648
6YNS-U-F	Positive	0.0617108	0.938289
6XIC-I-B	Positive	0.0123512	0.987649
6B5T-A-H	Positive	0.0019719	0.998028
6LYR-P-A	Positive	0.00393635	0.996064
6A5S-E-A	Positive	0.00295979	0.99704
6BVA-E-D	Negative	0.777292	0.222708
6O8C-D-A	Positive	0.228275	0.771725
6O8C-E-A	Positive	0.00190181	0.998098
6E3J-B-A	Positive	0.0824332	0.917567
6HLW-B-A	Negative	0.967371	0.0326286
6HLW-D-C	Negative	0.834472	0.165528
6EQX-D-A	Positive	0.00203091	0.997969
6E3D-B-A	Positive	0.00543743	0.994563
6MS4-B-A	Negative	0.971035	0.0289651
6PXU-C-A	Positive	0.0249863	0.975014
6PXU-D-B	Positive	0.099771	0.900229
6RLZ-C-A	Positive	0.000333309	0.999667
6QXZ-B-A	Positive	0.00718051	0.992819
6SQ2-D-A	Positive	0.299406	0.700594
6SQ2-E-A	Positive	0.104139	0.895861
6BSB-B-A	Negative	0.795359	0.204641
6BCY-C-A	Positive	0.00304127	0.996959
6BCY-D-B	Positive	0.00304127	0.996959
6BCY-H-F	Positive	0.00110066	0.998899
6VBP-G-L	Negative	0.732926	0.267074
6VBP-F-B	Positive	0.0044207	0.995579
6VBP-E-D	Positive	0.00397974	0.99602
6VBP-K-I	Positive	0.0120042	0.987996
6Y9P-C-A	Positive	0.00721431	0.992786
6Y9P-H-A	Positive	0.268708	0.731292
6Y9P-J-A	Positive	0.00109863	0.998901
6Y9P-D-B	Positive	0.00146532	0.998535
6GZL-B-A	Positive	0.0367745	0.963226
6IQJ-C-B	Positive	0.02075	0.97925
6JPW-J-B	Positive	0.0026021	0.997398
6MBC-B-A	Positive	0.452825	0.547175
6GB7-P-A	Positive	0.00330651	0.996693
6GB7-R-C	Positive	0.00229698	0.997703
6VB6-C-A	Positive	0.00294399	0.997056
6CIT-D-C	Positive	0.132195	0.867805
6U1X-P-A	Negative	0.666574	0.333426
6BW9-B-A	Positive	0.0135651	0.986435
6T2E-B-A	Positive	0.000317693	0.999682
6CVN-D-A	Positive	0.0432661	0.956734
6Y0V-E-A	Positive	0.000942647	0.999057
6VBX-B-A	Positive	0.0024932	0.997507
6KKG-C-A	Positive	0.0195203	0.98048
6VQY-F-A	Positive	0.000716269	0.999284
6X1S-G-H	Positive	0.0008232	0.999177
6X78-I-A	Positive	0.0101047	0.989895
6ZW0-C-A	Positive	0.142779	0.857221
6OS1-B-A	Positive	0.00758886	0.992411
6C4H-N-v	Positive	0.0143892	0.985611
6Q9F-B-A	Negative	0.950154	0.0498459
6A3E-D-C	Positive	0.169727	0.830273
6V1A-C-A	Positive	0.00620365	0.993796
6LZ9-A-B	Positive	0.000641167	0.999359
6MRQ-I-A	Positive	0.0689862	0.931014
6QC0-B-A	Positive	0.338221	0.661779
6SML-C-B	Positive	0.00459599	0.995404
6J4O-B-A	Negative	0.982104	0.0178965
6ITC-B-A	Positive	0.287263	0.712737
6TJ6-C-A	Negative	0.850527	0.149473
6RGO-C-A	Negative	0.702701	0.297299
6RGO-D-A	Negative	0.58485	0.41515
6VPZ-C-A	Positive	0.00717485	0.992825
6IRL-C-A	Positive	0.00934511	0.990655
6SLJ-P-B	Positive	0.00150251	0.998497
6SLJ-Q-A	Positive	0.00933963	0.99066
6NWA-J-A	Negative	0.956109	0.0438913
6E49-E-A	Positive	0.014885	0.985115
6E49-D-B	Positive	0.239742	0.760258
6AJ0-D-A	Negative	0.862236	0.137764
6QDS-B-A	Positive	0.00148481	0.998515
6TJ5-C-A	Negative	0.762954	0.237046
6LJN-B-A	Positive	0.0158529	0.984147
6K0T-D-C	Positive	0.0716178	0.928382
6JQ2-P-A	Positive	0.00236011	0.99764
6HC2-B-A	Negative	0.995642	0.00435815
6HC2-F-A	Negative	0.940829	0.059171
6HC2-D-C	Negative	0.963246	0.0367541
6HC2-L-C	Negative	0.951116	0.0488836
6HC2-H-G	Negative	0.886216	0.113784
6HC2-J-I	Negative	0.942011	0.0579894
6HC2-N-K	Negative	0.877875	0.122125
6HC2-R-M	Negative	0.885931	0.114069
6HC2-P-O	Negative	0.920963	0.0790366
6HC2-T-S	Negative	0.954426	0.0455743
6HC2-X-S	Negative	0.952493	0.0475072
6HC2-V-U	Negative	0.964604	0.0353958
6MV5-P-H	Positive	0.292185	0.707815
6EM1-s-O	Positive	0.0437446	0.956255
6C0Y-I-A	Positive	0.00128794	0.998712
6C0Y-M-A	Positive	0.430088	0.569912
6C0Y-L-D	Positive	0.00200063	0.997999
6X45-E-C	Negative	0.625272	0.374728
6X45-D-B	Negative	0.665385	0.334615
6S7T-B-A	Positive	0.066743	0.933257
6S7T-K-A	Positive	0.00100142	0.998999
6S7T-I-C	Negative	0.995435	0.00456546
6UVA-P-E	Positive	0.270739	0.729261
6IAT-G-A	Positive	0.228535	0.771465
6HOM-D-C	Positive	0.125627	0.874373
6V84-C-A	Positive	0.000167727	0.999832
6V84-D-B	Positive	0.00197864	0.998021
6UBH-E-A	Positive	0.00123596	0.998764
6P3W-E-B	Positive	0.000162959	0.999837
6P3W-F-D	Positive	0.00014317	0.999857
6LQM-R-I	Positive	0.248966	0.751034
6MBB-B-A	Positive	0.11518	0.88482
6PBV-G-A	Positive	0.00349373	0.996506
6SS9-C-A	Positive	0.00846606	0.991534
6CCT-B-A	Positive	0.003187	0.996813
6XBE-F-A	Positive	0.00470096	0.995299
6SM3-C-A	Positive	0.00401533	0.995985
6H0E-I-H	Positive	0.000522316	0.999478
6H0E-K-A	Positive	0.00044769	0.999552
6DUQ-X-L	Positive	0.0319621	0.968038
6B5S-A-H	Positive	0.0083254	0.991675
6X2V-D-C	Positive	0.0191486	0.980851
6WFY-P-H	Positive	0.0168847	0.983115
6WQU-D-C	Negative	0.888309	0.11169
6EKM-B-A	Positive	0.46122	0.53878
6HV2-B-A	Positive	0.000805199	0.999195
6BYL-G-A	Positive	0.00375301	0.996247
6BYL-T-C	Positive	0.0121038	0.987896
6BYL-P-D	Positive	0.00524205	0.994758
6XIE-I-B	Positive	0.00322682	0.996773
6AAF-B-A	Negative	0.571538	0.428462
6IDX-C-A	Negative	0.679516	0.320484
6XS9-C-A	Positive	0.00235134	0.997649
6XS9-F-A	Positive	0.00235134	0.997649
6SYF-E-A	Positive	0.00114119	0.998859
6SYF-F-A	Positive	0.000919223	0.999081
6NRO-E-A	Negative	0.860104	0.139896
6NRO-B-A	Positive	0.187071	0.812929
6NRO-F-A	Positive	0.310858	0.689142
6FDT-B-A	Positive	0.0518267	0.948173
6AXL-G-C	Positive	0.0168847	0.983115
6SW9-0-7	Positive	0.238477	0.761523
6I2G-B-A	Positive	0.00616199	0.993838
6YIC-P-A	Positive	0.000183642	0.999816
6HM5-B-A	Positive	0.00839847	0.991602
6KBB-F-C	Negative	0.929414	0.0705863
6KBB-E-A	Positive	0.00420004	0.9958
6MAJ-B-A	Positive	0.0255198	0.97448
6X00-C-A	Positive	0.011043	0.988957
6BVB-H-V	Negative	0.921011	0.0789888
6LY5-j-A	Negative	0.971558	0.0284422
6LY5-i-B	Positive	0.224797	0.775203
6LY5-m-B	Positive	0.177081	0.822919
6EAV-I-A	Positive	0.00102866	0.998971
6MUO-K-A	Negative	0.631643	0.368357
6MUO-L-A	Negative	0.590487	0.409513
6CYT-C-B	Positive	0.0497171	0.950283
6F6D-B-A	Positive	0.00186419	0.998136
6D0X-C-A	Positive	0.0397695	0.96023
6QMS-A-B	Positive	0.00354874	0.996451
6ME1-F-A	Positive	0.048264	0.951736
6ME1-E-C	Positive	0.0258966	0.974103
6BHE-B-A	Positive	0.0224062	0.977594
6QBY-D-C	Negative	0.972101	0.0278991
6EF2-s-H	Positive	0.0154341	0.984566
6CD8-C-A	Positive	0.00136513	0.998635
6ZYX-e-J	Negative	0.740479	0.259521
6SLI-P-A	Positive	0.00150251	0.998497
6SLI-E-C	Positive	0.00209188	0.997908
6WTA-Z-A	Positive	0.000621557	0.999378
6WHZ-D-A	Positive	0.00105602	0.998944
6TRW-D-A	Negative	0.689953	0.310047
6YZH-D-A	Positive	0.0116531	0.988347
6JZC-D-A	Negative	0.984672	0.0153275
6EAW-I-A	Positive	0.000384331	0.999616
6G07-R-A	Positive	0.000167608	0.999832
6G07-Q-B	Positive	0.00101274	0.998987
6A9X-A-D	Positive	0.031624	0.968376
6SPZ-P-A	Positive	0.000925779	0.999074
6GTR-C-A	Positive	0.108815	0.891185
6I2D-D-A	Positive	0.00917965	0.99082
6JXX-B-A	Positive	0.48107	0.51893
6GH1-P-A	Positive	0.0889983	0.911002
6GH1-Q-C	Positive	0.0889983	0.911002
6ZRD-P-A	Positive	0.00537401	0.994626
6TQ0-B-A	Positive	0.00242525	0.997575
6TQ0-D-A	Positive	0.000433743	0.999566
6TQ0-P-A	Positive	0.00142169	0.998578
6TQ0-F-C	Positive	0.000858665	0.999141
6EJB-B-A	Positive	0.00767154	0.992328
6VEN-P-O	Negative	0.62104	0.37896
6VEN-Q-O	Positive	0.366612	0.633388
6B27-G-A	Positive	0.013285	0.986715
6B27-H-B	Positive	0.0333741	0.966626
6B27-I-C	Positive	0.0166412	0.983359
6B27-L-F	Positive	0.00465846	0.995342
6HL6-S-A	Positive	0.0228641	0.977136
6MS1-C-A	Positive	0.00537223	0.994628
6JLH-B-A	Positive	0.0362014	0.963799
6HY7-B-A	Positive	0.00178683	0.998213
6QDW-z-e	Negative	0.717802	0.282198
6V3Y-B-A	Positive	0.00118625	0.998814
6XS5-B-A	Positive	0.00266021	0.99734
6S0Y-C-A	Positive	0.0845762	0.915424
6S0Y-D-B	Positive	0.000570357	0.99943
6RMM-P-A	Positive	0.00360566	0.996394
6BIR-C-A	Positive	0.0859771	0.914023
6W0L-P-A	Positive	0.00109768	0.998902
6YMX-m-a	Negative	0.856504	0.143496
6I2T-J-B	Positive	0.047571	0.952429
6DRD-L-B	Positive	0.00690639	0.993094
6XMI-F-A	Positive	0.168616	0.831384
6XMI-C-A	Positive	0.0387768	0.961223
6LU8-1-4	Positive	0.0548638	0.945136
6LU8-z-4	Positive	0.375386	0.624614
6OX5-Y-A	Positive	0.158365	0.841635
6D3Y-C-A	Positive	0.0186685	0.981331
6T7Y-B-A	Positive	0.0277688	0.972231
6V7O-C-A	Positive	0.0013172	0.998683
6V7O-D-B	Positive	0.00530559	0.994694
6WAU-G-A	Positive	0.000119805	0.99988
6WAU-I-A	Positive	0.000477195	0.999523
6WAU-L-C	Positive	0.000193536	0.999806
6E4D-F-A	Positive	0.00486749	0.995133
6QTO-B-A	Positive	0.00288379	0.997116
6ERF-Q-B	Positive	0.001387	0.998613
6ERF-R-D	Positive	0.00271511	0.997285
6D3Z-C-A	Positive	0.0132948	0.986705
6X0V-E-F	Negative	0.961704	0.0382956
6X0V-H-F	Negative	0.932753	0.0672472
6G3J-C-A	Positive	0.00296652	0.997033
6MT4-C-A	Positive	0.00303322	0.996967
6G0R-C-A	Positive	0.00158954	0.99841
6IYC-E-A	Positive	0.00624901	0.993751
6YP7-l-a	Negative	0.99219	0.00780978
6YP7-t-a	Negative	0.981722	0.0182781
6YP7-x-b	Negative	0.759921	0.240079
6YP7-T-b	Negative	0.981722	0.0182781
6YP7-k-c	Negative	0.943732	0.0562679
6YP7-J-A	Negative	0.561948	0.438052
6A33-I-A	Positive	0.00771636	0.992284
6F0Y-B-A	Positive	0.00107092	0.998929
6P8S-E-A	Positive	0.00118518	0.998815
6P8S-F-B	Positive	0.00431538	0.995685
6UCM-A-B	Positive	0.350075	0.649925
6GPZ-E-B	Positive	0.00180095	0.998199
6JFO-B-A	Positive	0.00250155	0.997498
6RK8-P-A	Positive	0.00999004	0.99001
6F0F-B-A	Positive	0.00955731	0.990443
6O09-I-C	Positive	0.108155	0.891845
6O09-E-C	Positive	0.0420504	0.95795
6O09-G-A	Positive	0.00203598	0.997964
6J56-C-A	Negative	0.528061	0.471939
6QTW-B-A	Positive	0.0173744	0.982626
6U72-C-B	Positive	0.00177985	0.99822
6LOS-F-A	Positive	0.00325441	0.996746
6LOS-G-A	Positive	0.245309	0.754691
6LOS-H-A	Positive	0.165351	0.834649
6FI4-B-A	Positive	0.0118301	0.98817
6EJC-B-A	Positive	0.187404	0.812596
6QZW-F-C	Positive	0.0336182	0.966382
6RIR-C-A	Positive	0.381315	0.618685
6BXQ-A-B	Positive	0.00414234	0.995858
6O3W-C-A	Positive	0.356092	0.643908
6O25-H-E	Positive	0.00192297	0.998077
6O25-L-I	Positive	0.00366777	0.996332
6EIH-P-A	Positive	0.00559705	0.994403
6NKP-C-A	Positive	0.0254014	0.974599
6NKP-D-B	Positive	0.0254014	0.974599
6LJM-B-A	Positive	0.00611502	0.993885
6FAD-E-A	Positive	0.00900596	0.990994
6FAD-H-B	Positive	0.00350553	0.996494
6FAD-F-D	Positive	0.00352812	0.996472
6DTN-A-B	Positive	0.00118685	0.998813
6YBA-Y-A	Positive	0.0444647	0.955535
6YBA-w-A	Positive	0.00523823	0.994762
6YBA-Q-D	Negative	0.936584	0.0634164
6YBA-W-D	Positive	0.288725	0.711275
6EHT-E-B	Positive	0.00237054	0.997629
6EHT-D-C	Positive	0.165237	0.834763
6YPP-B-A	Positive	0.0174341	0.982566
6XQB-D-A	Negative	0.837276	0.162724
6J8E-D-A	Positive	0.000295579	0.999704
6VQD-C-A	Positive	0.0021103	0.99789
6BAE-D-A	Positive	0.000966668	0.999033
6OPJ-B-A	Positive	0.00216681	0.997833
6RX4-C-A	Positive	0.00672483	0.993275
6YIB-P-A	Positive	0.000337005	0.999663
6HGM-B-A	Negative	0.903534	0.0964662
6TXB-L-A	Negative	0.597107	0.402893
6XRO-B-A	Positive	0.00714666	0.992853
6I85-B-A	Positive	0.378108	0.621892
6TNQ-B-A	Positive	0.00298905	0.997011
6TNQ-D-A	Positive	0.00286376	0.997136
6TNQ-F-E	Positive	0.00143617	0.998564
6ULE-I-A	Positive	0.0598363	0.940164
6U3I-B-A	Positive	0.00036025	0.99964
6ILD-C-A	Negative	0.808474	0.191526
6B5N-A-H	Positive	0.0247623	0.975238
6UCI-C-A	Positive	0.0266104	0.97339
6C24-B-L	Positive	0.00222105	0.997779
6V7Q-D-C	Positive	0.00415003	0.99585
6Q5Y-E-A	Positive	0.00388396	0.996116
6XS7-B-A	Positive	0.0581226	0.941877
6WI3-F-A	Positive	0.00144643	0.998554
6WI3-H-C	Positive	0.00597	0.99403
6S1C-D-B	Positive	0.0109993	0.989001
6BGL-l-A	Positive	0.0041582	0.995842
6YOO-B-A	Positive	0.193654	0.806346
6K60-C-A	Positive	0.00175893	0.998241
6O3Y-D-A	Positive	0.00352955	0.99647
6O3Y-E-B	Positive	0.00288749	0.997113
6X1T-M-H	Positive	0.000235736	0.999764
6X1T-R-H	Positive	0.000865161	0.999135
6X1T-O-C	Positive	0.000488758	0.999511
6J29-C-A	Positive	0.144636	0.855364
6BYJ-G-A	Positive	0.000655949	0.999344
6BYJ-T-C	Positive	0.000973582	0.999026
6BYJ-P-D	Positive	0.000846267	0.999154
6X2U-D-C	Positive	0.017464	0.982536
6TQR-E-A	Positive	0.0108533	0.989147
6TQR-F-B	Positive	0.000456393	0.999544
6KAF-l-r	Negative	0.995321	0.00467918
6KAF-f-a	Positive	0.159811	0.840189
6KAF-i-a	Positive	0.244146	0.755854
6KAF-j-a	Negative	0.927566	0.0724341
6KAF-t-a	Negative	0.852958	0.147042
6KAF-m-d	Negative	0.879011	0.120989
6KAF-x-d	Positive	0.238094	0.761906
6KAF-y-z	Positive	0.0137654	0.986235
6KAF-J-A	Negative	0.927566	0.0724341
6QMP-A-B	Positive	0.0917867	0.908213
6XZI-B-A	Positive	0.00147355	0.998526
6P25-D-B	Positive	0.018194	0.981806
6RQF-O-I	Positive	0.301598	0.698402
6RQF-P-I	Positive	0.456331	0.543669
6RQF-M-K	Positive	0.405709	0.594291
6RQF-H-A	Positive	0.456331	0.543669
6U39-D-A	Negative	0.913054	0.0869463
6U39-F-E	Positive	0.362073	0.637927
6U39-L-G	Positive	0.161004	0.838996
6U39-J-I	Negative	0.84786	0.15214
6U39-P-M	Positive	0.297767	0.702233
6U39-R-Q	Negative	0.815005	0.184995
6U39-T-Q	Positive	0.155725	0.844275
6EWC-C-A	Positive	0.407905	0.592095
6F7T-D-A	Positive	0.0284961	0.971504
6WX7-B-A	Positive	0.00142324	0.998577
6MUP-K-E	Negative	0.529126	0.470874
6RM5-P-A	Positive	0.003268	0.996732
6CSU-C-B	Positive	0.0411292	0.958871
6CSU-A-B	Positive	0.00226593	0.997734
6ACL-B-A	Positive	0.108405	0.891595
6M2K-C-A	Positive	0.000431836	0.999568
6H22-C-A	Positive	0.00194186	0.998058
6FHI-X-A	Positive	0.0155396	0.98446
6BZ9-C-A	Positive	0.00243145	0.997569
6HZD-B-A	Positive	0.00491869	0.995081
6RRK-C-B	Negative	0.971794	0.0282062
6X2R-D-C	Positive	0.00155276	0.998447
6FY0-P-H	Positive	0.460443	0.539557
6UHC-I-A	Positive	0.018358	0.981642
6UHC-H-B	Positive	0.109093	0.890907
6DC8-P-L	Positive	0.001481	0.998519
6K06-A-C	Positive	0.442848	0.557152
6WM3-V-U	Negative	0.756538	0.243462
6NUF-C-A	Positive	0.412668	0.587332
6WKR-E-T	Negative	0.679915	0.320085
6WKR-B-A	Negative	0.924373	0.075627
6C5X-G-A	Positive	0.00244743	0.997553
6F1U-c-B	Negative	0.846533	0.153467
6F1U-d-F	Negative	0.595873	0.404127
6GDG-C-B	Negative	0.963823	0.0361774
6C90-B-A	Negative	0.867443	0.132557
6NJ8-E-B	Positive	0.000980258	0.99902
6XZJ-B-A	Positive	0.00180978	0.99819
6X2W-D-C	Positive	0.00151509	0.998485
6VO5-C-A	Positive	0.00254112	0.997459
6VO5-D-B	Positive	0.0030697	0.99693
6TKH-I-H	Negative	0.838795	0.161205
6X1V-D-L	Positive	0.00655967	0.99344
6D84-O-B	Positive	0.0453663	0.954634
6GX9-C-A	Positive	0.00181937	0.998181
6BZV-L-G	Positive	0.00556254	0.994437
6HOS-C-A	Positive	0.00159866	0.998401
6E21-B-A	Positive	0.0257943	0.974206
6RM8-C-A	Negative	0.543084	0.456916
6VWK-X-S	Positive	0.212466	0.787534
6VWK-Y-a	Positive	0.252405	0.747595
6Y3Z-B-A	Negative	0.914702	0.085298
6J7W-C-A	Negative	0.781226	0.218774
6RK9-C-A	Negative	0.978023	0.0219768
6EJ9-B-A	Positive	0.0147862	0.985214
6HLV-B-A	Negative	0.921695	0.0783054
6DB5-P-H	Positive	0.0396094	0.960391
6OO2-G-A	Positive	0.00465494	0.995345
6OO2-H-A	Negative	0.686384	0.313616
6OO2-I-A	Positive	0.221981	0.778019
6NQ3-D-B	Negative	0.634403	0.365597
6G0S-D-A	Positive	0.00441676	0.995583
6SH7-B-A	Negative	0.856237	0.143763
6XA7-F-A	Positive	0.00137186	0.998628
6XA7-G-C	Positive	0.00183791	0.998162
6GP7-D-B	Positive	0.012395	0.987605
6OCX-J-A	Positive	0.146416	0.853584
6X5W-B-A	Positive	0.0225543	0.977446
6URG-F-A	Negative	0.961398	0.0386021
6EJ8-B-A	Positive	0.0170541	0.982946
6ONI-D-B	Positive	0.0159416	0.984058
6NSV-C-A	Positive	0.00136846	0.998632
6J4S-B-A	Negative	0.53508	0.46492
6TWB-H-A	Positive	0.003564	0.996436
6TWB-B-A	Positive	0.000417769	0.999582
6KYU-C-A	Positive	0.00251007	0.99749
6AZ3-m-E	Positive	0.127409	0.872591
6Y1J-P-A	Positive	0.0146215	0.985379
6F4R-B-A	Positive	0.00100511	0.998995
6QTV-B-A	Positive	0.000592232	0.999408
6OCG-B-A	Negative	0.677667	0.322333
6YNC-B-A	Positive	0.00382423	0.996176
6SIF-G-A	Negative	0.98803	0.0119701
6AZK-E-A	Positive	0.324859	0.675141
6BIY-C-A	Positive	0.0189973	0.981003
6WAS-J-H	Negative	0.778277	0.221723
6QNS-S-A	Negative	0.750026	0.249974
6I2H-D-A	Positive	0.00917965	0.99082
6CX1-D-A	Negative	0.986916	0.0130842
6R2G-C-A	Positive	0.118248	0.881752
6B4E-C-B	Negative	0.95531	0.0446897
6B4E-D-B	Negative	0.907623	0.092377
6SS8-C-A	Positive	0.00816631	0.991834
6EOP-D-A	Positive	0.0111759	0.988824
6XWT-E-A	Negative	0.844583	0.155417
6XWT-F-A	Negative	0.978602	0.0213977
6NBY-Q-D	Negative	0.864479	0.135521
6B9M-D-A	Positive	0.0132058	0.986794
6P7E-U-A	Positive	0.000896931	0.999103
6P7E-W-C	Positive	0.00194114	0.998059
6XZH-B-A	Positive	0.00180978	0.99819
6EFK-C-A	Positive	0.00252843	0.997472
6TUT-I-A	Negative	0.94562	0.05438
6DZ6-B-A	Negative	0.536954	0.463046
6Z2P-C-A	Positive	0.028164	0.971836
6MSU-C-A	Negative	0.750606	0.249394
6OV7-C-A	Positive	0.0837032	0.916297
6OV7-D-B	Positive	0.000988245	0.999012
6MJC-B-A	Positive	0.427379	0.572621
6OCF-B-A	Negative	0.92296	0.0770396
6V55-Q-A	Positive	0.00202781	0.997972
6OCH-B-A	Negative	0.601687	0.398313
6OCH-D-C	Negative	0.562471	0.437529
6PZA-D-C	Positive	0.00512218	0.994878
6CT7-S-L	Positive	0.000690222	0.99931
6H1E-S-A	Positive	0.00815046	0.99185
6PIT-D-B	Positive	0.000457287	0.999543
6WHQ-F-A	Positive	0.00236809	0.997632
6WHQ-H-C	Positive	0.0121118	0.987888
6EU1-I-A	Negative	0.96631	0.0336902
6ND1-D-B	Negative	0.868473	0.131527
6B7G-B-A	Negative	0.578033	0.421967
6M90-C-A	Positive	0.00268203	0.997318
6ASR-B-A	Negative	0.630086	0.369914
6J9H-A-B	Negative	0.907798	0.0922022
6J9H-C-D	Negative	0.543722	0.456278
6JJZ-C-A	Positive	0.29924	0.70076
6OI4-E-A	Positive	0.347494	0.652506
6OI4-F-B	Positive	0.210025	0.789975
6CPN-C-A	Positive	0.0354489	0.964551
6MTU-C-A	Positive	0.000646174	0.999354
6PWC-B-R	Positive	0.0118707	0.988129
6VRO-B-A	Positive	0.032488	0.967512
6R7W-B-A	Negative	0.711596	0.288404
6AE8-C-A	Negative	0.564405	0.435595
6AE8-D-B	Negative	0.729353	0.270647
6G3K-C-A	Positive	0.0103886	0.989611
6BVH-I-A	Positive	0.0108023	0.989198
6J4Q-B-A	Negative	0.964764	0.0352364
6J4Q-K-C	Negative	0.979288	0.0207117
6J4Q-G-F	Negative	0.956986	0.0430144
6ZON-J-d	Positive	0.0265621	0.973438
6MNL-A-B	Positive	0.0679823	0.932018
6J9L-E-A	Positive	0.1608	0.8392
6YAC-J-A	Negative	0.960235	0.0397654
6JJW-U-A	Positive	0.00282097	0.997179
6LEA-E-A	Positive	0.299601	0.700399
6L7P-Q-D	Negative	0.954502	0.0454977
6L9M-C-A	Negative	0.877347	0.122653
6XRP-B-A	Positive	0.0201623	0.979838
6MA3-B-A	Positive	0.00190276	0.998097
6DO3-C-A	Positive	0.0275359	0.972464
6VJT-P-H	Positive	0.0398445	0.960156
6A3C-D-C	Positive	0.0556273	0.944373
6BAH-D-A	Positive	0.0351729	0.964827
6QLD-C-a	Negative	0.781028	0.218972
6ZFM-C-A	Positive	0.00389886	0.996101
6ZFM-F-A	Positive	0.00389886	0.996101
6BZD-G-A	Positive	0.0016247	0.998375
6BHH-B-A	Positive	0.0216691	0.978331
6RPR-G-D	Negative	0.994592	0.00540832
6T7Z-B-A	Positive	0.000171304	0.999829
6XNJ-B-A	Positive	0.000964642	0.999035
6RXP-D-A	Positive	0.310511	0.689489
6J67-C-A	Positive	0.0091188	0.990881
6KBN-B-A	Negative	0.777801	0.222199
6T0B-l-a	Negative	0.740776	0.259224
6XS8-B-A	Positive	0.224224	0.775776
6WXK-E-A	Negative	0.981153	0.0188471
6NCA-U-A	Positive	0.00312173	0.996878
6XWV-E-A	Negative	0.768889	0.231111
6JCU-B-A	Positive	0.107963	0.892037
6OX3-Y-A	Positive	0.0271102	0.97289
6OX3-Z-B	Positive	0.0271102	0.97289
6M24-C-A	Positive	0.00179815	0.998202
6WBV-B-A	Positive	0.126584	0.873416
6J69-B-A	Positive	0.0255508	0.974449
6BNT-B-A	Positive	0.00496995	0.99503
6SSA-C-A	Positive	0.00479591	0.995204
6NF3-A-B	Positive	0.485474	0.514526
6AZM-E-A	Positive	0.0025174	0.997483
6BQT-C-A	Positive	0.00124693	0.998753
6BQT-I-G	Positive	0.000978589	0.999021
6BQT-L-J	Positive	0.000978589	0.999021
6HGD-B-A	Negative	0.833773	0.166227
6ZN3-C-A	Positive	0.327029	0.672971
6LYC-B-A	Positive	0.4104	0.5896
6YCR-B-A	Positive	0.0064705	0.993529
6JY3-L-A	Negative	0.9917	0.00829975
6IAK-G-C	Positive	0.190715	0.809285
6U8H-C-A	Positive	0.000651181	0.999349
6HGG-B-A	Negative	0.786734	0.213266
6A2B-C-A	Positive	0.00528187	0.994718
6ATF-C-A	Positive	0.00331885	0.996681
6ULT-K-A	Positive	0.00781274	0.992187
6ULT-J-C	Positive	0.0211295	0.978871
6ULT-I-H	Positive	0.00755835	0.992442
6UAB-B-A	Positive	0.0238949	0.976105
6V63-Y-A	Positive	0.0322891	0.967711
6JH9-B-A	Positive	0.295232	0.704768
6SKI-A-F	Positive	0.15896	0.84104
6MYE-B-A	Negative	0.755139	0.244861
6IBO-C-A	Positive	0.000120521	0.999879
6PJR-B-A	Positive	0.000495434	0.999505
6HA8-4-G	Positive	0.0555161	0.944484
6EF3-n-1	Positive	0.0127775	0.987222
6EF3-s-A	Positive	0.115065	0.884935
6DCA-P-L	Positive	0.00204015	0.99796
6DCA-R-N	Positive	0.00204015	0.99796
6E4Z-P-H	Positive	0.0102853	0.989715
6D0Y-B-C	Positive	0.0644528	0.935547
6UK2-C-A	Positive	0.272103	0.727897
6A5X-B-A	Negative	0.532972	0.467028
6YEF-5-7	Positive	0.242221	0.757779
6H7B-B-A	Positive	0.00413716	0.995863
6GY2-C-A	Positive	0.00129116	0.998709
6ZZY-J-A	Negative	0.733666	0.266334
6IN9-D-A	Negative	0.886294	0.113706
6IN9-C-B	Negative	0.706659	0.293341
6DU3-C-A	Positive	0.000206888	0.999793
6DU3-D-A	Positive	0.000495672	0.999504
6UZM-C-A	Positive	0.00274903	0.997251
6YIA-P-A	Positive	0.00039643	0.999604
6YLI-B-A	Positive	0.0484707	0.951529
6YLI-D-A	Positive	0.0284183	0.971582
6VJZ-D-C	Negative	0.963732	0.0362683
6IGZ-J-A	Negative	0.979171	0.0208291
6IGZ-M-B	Negative	0.510275	0.489726
6BX3-M-K	Negative	0.716888	0.283112
6BX3-N-K	Negative	0.700932	0.299068
6IW8-A-C	Negative	0.607094	0.392906
6MRY-E-A	Positive	0.284157	0.715843
6MRY-G-A	Positive	0.33081	0.66919
6MRY-C-B	Positive	0.284157	0.715843
6EAX-I-A	Positive	0.000574589	0.999425
6BUT-B-A	Negative	0.560138	0.439862
6GXC-B-A	Positive	0.000613332	0.999387
6UUS-P-R	Positive	0.39289	0.60711
6OBD-E-A	Positive	0.0496822	0.950318
6BHI-B-A	Positive	0.0216691	0.978331
6RFK-I-S	Positive	0.000804365	0.999196
6H9U-B-A	Negative	0.652982	0.347018
6F4Q-B-A	Positive	0.00306165	0.996938
6SL5-J-A	Negative	0.969773	0.0302266
6PTB-C-A	Positive	0.00185704	0.998143
6PTB-F-D	Positive	0.00185704	0.998143
6MDO-H-A	Positive	0.00322014	0.99678
6UUQ-B-A	Positive	0.0107688	0.989231
6KHZ-D-A	Negative	0.875429	0.124571
6ZN2-B-A	Positive	0.00475329	0.995247
6SLG-B-A	Negative	0.738849	0.261151
6F09-A-P	Positive	0.000588655	0.999411
6F09-B-Q	Positive	0.00464338	0.995357
6F09-C-R	Positive	0.00549394	0.994506
6F09-D-S	Positive	0.153599	0.846401
6G8J-P-A	Positive	0.0102346	0.989765
6GKF-J-B	Positive	0.000230253	0.99977
6GKF-L-D	Positive	0.000345111	0.999655
6Y58-P-A	Positive	0.00856566	0.991434
6YKR-F-A	Negative	0.547175	0.452825
6YKR-G-A	Negative	0.725206	0.274794
6F38-c-B	Negative	0.926576	0.0734241
6NBI-P-R	Positive	0.00327075	0.996729
6WN4-C-A	Positive	0.138167	0.861833
6C1Q-L-B	Positive	0.00353974	0.99646
6TED-L-B	Negative	0.76182	0.23818
6TED-X-H	Negative	0.623551	0.376449
6IIW-B-A	Positive	0.000612736	0.999387
6I0Y-7-E	Positive	0.0160771	0.983923
6K3F-U-A	Negative	0.537739	0.462261
6K3F-Y-A	Negative	0.726732	0.273268
6K3F-W-C	Positive	0.000733078	0.999267
6TDZ-h-M	Negative	0.958488	0.041512
6TDZ-c-M	Negative	0.969045	0.0309546
6BPI-B-A	Positive	0.00522399	0.994776
6HFA-C-A	Positive	0.00136703	0.998633
6FI5-B-A	Positive	0.00469238	0.995308
6BLH-G-L	Negative	0.797916	0.202084
6EVO-C-A	Positive	0.00298238	0.997018
6HK4-N-A	Positive	0.00320464	0.996795
6PW6-G-A	Negative	0.987832	0.0121675
6SQK-E-A	Positive	0.00242347	0.997577
6PSE-C-A	Negative	0.550691	0.449309
6IY0-I-G	Negative	0.955795	0.0442045
6IY0-J-H	Negative	0.867993	0.132007
6PWV-E-D	Negative	0.974585	0.0254154
6N3F-D-A	Positive	0.0053252	0.994675
6L7I-H-G	Positive	0.0048455	0.995155
6X8Q-P-H	Positive	0.0143488	0.985651
6T7V-I-A	Positive	0.00371653	0.996283
6B5L-A-H	Positive	0.0415049	0.958495
6XVD-P-U	Positive	0.000263393	0.999737
6PB1-U-P	Negative	0.84061	0.15939
6PBH-C-A	Positive	0.0023638	0.997636
6H6A-E-D	Positive	0.000526607	0.999473
6H6A-H-G	Positive	0.00713688	0.992863
6ZQS-B-A	Positive	0.00681895	0.993181
6J4P-B-A	Negative	0.883428	0.116572
6QIU-P-A	Positive	0.0275798	0.97242
6V0O-D-A	Positive	0.0113866	0.988613
6PLH-C-A	Positive	0.00316298	0.996837
6BI7-B-A	Negative	0.546803	0.453197
6BI7-D-A	Negative	0.561763	0.438237
6BI7-H-C	Positive	0.0132751	0.986725
6BI7-F-E	Positive	0.00430131	0.995699
6DC9-P-H	Positive	0.00120777	0.998792
6Y3M-P-A	Positive	0.00704569	0.992954
6GH4-P-A	Positive	0.0767868	0.923213
6ZBR-P-V	Positive	0.0165347	0.983465
6OS9-L-R	Positive	0.0171908	0.982809
6X8S-P-H	Positive	0.0177443	0.982256
6F8G-E-A	Positive	0.0151252	0.984875
6F8G-F-A	Positive	0.00751466	0.992485
6F8G-H-B	Positive	0.0793247	0.920675
6AXJ-G-A	Positive	0.00462741	0.995373
6B55-B-G	Negative	0.624853	0.375147
6B55-H-G	Negative	0.624853	0.375147
6B55-K-I	Negative	0.624853	0.375147
6O3L-E-B	Positive	0.222738	0.777262
6XZZ-B-A	Positive	0.00527126	0.994729
6WZZ-B-A	Positive	0.00473571	0.995264
6RHC-P-A	Positive	0.0969083	0.903092
6Z3F-P-V	Positive	0.00172615	0.998274
6Z1R-h-B	Negative	0.948559	0.0514405
6B4F-C-B	Negative	0.773526	0.226474
6WLY-B-A	Negative	0.56174	0.43826
6AAW-B-A	Positive	0.000303626	0.999696
6NT9-C-A	Positive	0.0302984	0.969702
6G90-J-E	Negative	0.988304	0.0116959
6V00-C-A	Negative	0.858134	0.141866
6UM2-B-A	Negative	0.952334	0.0476657
6M6H-P-G	Negative	0.913478	0.0865215
6MF6-C-A	Positive	0.00186193	0.998138
6MF6-D-B	Positive	0.000361919	0.999638
6TMS-Q-D	Positive	0.00677681	0.993223
6KYW-C-A	Positive	0.249067	0.750933
6EW9-P-A	Positive	0.00058949	0.999411
6TS3-C-A	Positive	0.022216	0.977784
6TS3-D-A	Positive	0.10988	0.89012
6QK8-E-A	Positive	0.000713289	0.999287
6QK8-G-A	Positive	0.00793791	0.992062
6DQT-B-A	Positive	0.00321782	0.996782
6IXP-B-A	Positive	0.000632584	0.999367
6IXP-C-A	Positive	0.0168456	0.983154
6D01-I-A	Positive	0.0280076	0.971992
6D01-J-E	Positive	0.0280076	0.971992
6BSC-B-A	Negative	0.891511	0.108489
6OVF-C-A	Negative	0.578796	0.421204
6FC3-B-A	Negative	0.787067	0.212933
6UOE-P-H	Negative	0.783446	0.216554
6JWM-B-A	Positive	0.00128937	0.998711
6YN0-B-A	Positive	0.188444	0.811556
6CGV-W-A	Positive	0.00813454	0.991865
6PFY-f-Y	Negative	0.878568	0.121432
6QJ4-B-A	Negative	0.978898	0.0211023
6LPB-P-R	Positive	0.0644841	0.935516
6BJC-T-A	Positive	0.138356	0.861644
6WHO-H-C	Positive	0.00236809	0.997632
6UA3-B-A	Positive	0.0164239	0.983576
6YPC-H-K	Negative	0.917964	0.0820359
6L63-B-A	Positive	0.00586343	0.994137
6BIN-C-A	Positive	0.0458477	0.954152
6S8R-B-A	Negative	0.906222	0.0937778
6MM5-C-E	Positive	0.0145192	0.985481
6O20-E-F	Positive	0.321253	0.678747
6CDC-C-A	Positive	0.0275794	0.972421
6RYF-G-A	Positive	0.205222	0.794778
6JMT-L-A	Positive	0.0195736	0.980426
6PB0-U-R	Negative	0.860507	0.139493
6CV2-D-A	Negative	0.649195	0.350805
6G0P-B-A	Positive	0.00392491	0.996075
6HWH-M-A	Positive	0.00206912	0.997931
6HWH-K-B	Positive	0.00206912	0.997931
6DZK-g-M	Positive	0.037113	0.962887
6TQS-G-A	Positive	0.00207955	0.99792
6TQS-H-B	Positive	0.00150371	0.998496
6ACE-B-A	Positive	0.000333071	0.999667
6KDR-D-A	Positive	0.00400102	0.995999
6KDR-E-A	Positive	0.0898892	0.910111
6F1Z-o-s	Negative	0.703683	0.296317
6F1Z-p-s	Negative	0.983696	0.0163036
6FTP-B-A	Negative	0.902487	0.0975131
6PZV-D-A	Positive	0.163409	0.836591
6PZV-H-E	Positive	0.425084	0.574916
6LP3-C-A	Positive	0.372843	0.627157
6CZO-B-A	Negative	0.755007	0.244993
6CZO-D-A	Positive	0.126832	0.873168
6UYS-B-A	Positive	0.00815129	0.991849
6GRG-A-1	Positive	0.135904	0.864096
6WBA-C-A	Positive	0.0662436	0.933756
6WBA-B-A	Positive	0.0218668	0.978133
6D94-B-A	Positive	0.016569	0.983431
6E3I-B-A	Negative	0.860124	0.139876
6E8R-C-A	Positive	0.0169024	0.983098
6E8R-D-B	Positive	0.0190334	0.980967
6ESB-7-6	Positive	0.223332	0.776668
6VME-D-B	Negative	0.880997	0.119003
6VME-P-F	Negative	0.921422	0.0785783
6VME-Q-G	Negative	0.887458	0.112542
6VME-R-H	Negative	0.989961	0.0100393
6VME-A-I	Negative	0.986028	0.0139717
6VME-T-J	Negative	0.894499	0.105501
6WBB-C-I	Positive	0.00952923	0.990471
6WBB-B-I	Positive	0.0243655	0.975635
6D29-C-A	Positive	0.0360413	0.963959
6WHN-F-A	Positive	0.00264645	0.997354
6IXR-B-A	Positive	0.00200963	0.99799
6RU8-E-A	Positive	0.0026781	0.997322
6RU8-F-A	Positive	0.315398	0.684602
6RU8-G-C	Positive	0.00316578	0.996834
6TDB-F-A	Positive	0.000827134	0.999173
6TDB-J-C	Positive	0.00515097	0.994849
6TDB-K-D	Positive	0.00252831	0.997472
6QTM-F-A	Positive	0.0142368	0.985763
6Z5S-A-W	Positive	0.419432	0.580568
6Z5S-6-M	Negative	0.943079	0.0569211
6Z5S-4-M	Negative	0.960072	0.0399276
6WZX-C-A	Positive	0.0038954	0.996105
6WZX-D-B	Positive	0.0029934	0.997007
6J5A-d-f	Positive	0.185923	0.814077
6J5A-8-a	Positive	0.407628	0.592372
6Z9V-C-A	Positive	0.0231837	0.976816
6Z9V-F-D	Positive	0.0231837	0.976816
6MNS-P-H	Positive	0.161111	0.838889
6MNS-Q-A	Positive	0.0678619	0.932138
6KC4-B-A	Positive	0.00198054	0.998019
6KC4-D-C	Positive	0.00248826	0.997512
6M91-C-A	Positive	0.059323	0.940677
6FIK-C-A	Positive	0.4457	0.5543
6IC9-C-A	Positive	0.00380421	0.996196
6IC9-D-B	Positive	0.00388396	0.996116
6P5L-D-A	Positive	0.00150061	0.998499
6TYI-Y-A	Negative	0.7157	0.2843
6TYI-Z-B	Negative	0.890826	0.109174
6BCR-C-A	Positive	0.00175643	0.998244
6BCR-G-E	Positive	0.101576	0.898424
6PAV-D-B	Positive	0.00404042	0.99596
6PAV-C-A	Positive	0.0182626	0.981737
6QU1-D-A	Negative	0.976134	0.0238662
6RHE-D-A	Positive	0.048567	0.951433
6JH8-B-A	Positive	0.295232	0.704768
6HZB-B-A	Positive	0.00484222	0.995158
6BJ5-F-B	Positive	0.426439	0.573561
6BJ5-H-B	Positive	0.394941	0.605059
6BJ5-G-A	Negative	0.535735	0.464265
6IFG-E-A	Positive	0.00330722	0.996693
6TYZ-B-A	Positive	0.12738	0.87262
6RMA-B-A	Negative	0.511281	0.488719
6Q6H-S-L	Positive	0.49635	0.50365
6DQU-B-A	Positive	0.000430405	0.99957
6D40-C-A	Positive	0.0299969	0.970003
6ULF-P-A	Positive	0.000378609	0.999621
6WA9-S-A	Negative	0.880032	0.119968
6TWC-C-A	Positive	0.000330687	0.999669
6QNO-G-B	Positive	0.265875	0.734125
6VBO-C-L	Negative	0.97865	0.0213503
6C48-F-A	Negative	0.863729	0.136271
6DQR-B-A	Positive	0.00450093	0.995499
6I4X-D-A	Positive	0.000860333	0.99914
6ADO-A-C	Negative	0.718874	0.281126
6ADO-B-C	Negative	0.830773	0.169227
6ADO-D-C	Positive	0.229413	0.770587
6R2L-C-A	Positive	0.00324637	0.996754
6UUD-A-H	Positive	0.00679362	0.993206
6Y9O-C-A	Positive	0.00305206	0.996948
6YBB-C-A	Negative	0.843196	0.156804
6LU1-F-A	Positive	0.269422	0.730578
6LU1-J-A	Positive	0.000894845	0.999105
6LU1-M-B	Positive	0.00454342	0.995457
6EU0-I-A	Negative	0.91105	0.0889503
6Y40-P-A	Positive	0.00036335	0.999637
6XYX-D-A	Positive	0.0144451	0.985555
6N3Q-B-A	Negative	0.877969	0.122031
6WX9-B-A	Positive	0.00278127	0.997219
6FHU-F-A	Positive	0.0185117	0.981488
6OS2-B-A	Positive	0.00855631	0.991444
6YAN-l-Q	Positive	0.00647944	0.993521
6M94-C-A	Positive	0.00150192	0.998498
6AK2-D-A	Positive	0.000542343	0.999458
6FRK-t-x	Positive	0.0259767	0.974023
6F9I-X-A	Positive	0.0071035	0.992896
6F9I-C-B	Positive	0.040868	0.959132
6U0O-D-B	Positive	0.00397891	0.996021
6A5E-E-A	Positive	0.184784	0.815216
6TGX-C-A	Positive	0.000416338	0.999584
6BD2-C-A	Positive	0.00569206	0.994308
6UML-E-C	Positive	0.0372458	0.962754
6ULV-E-A	Positive	0.00175059	0.998249
6SNE-O-A	Positive	0.0204599	0.97954
6SNE-N-E	Positive	0.0353401	0.96466
6SNE-P-E	Positive	0.0139156	0.986084
6SNE-J-C	Positive	0.160568	0.839432
6DUB-E-A	Positive	0.0010758	0.998924
6DUB-F-B	Positive	0.0010758	0.998924
6KAC-J-A	Negative	0.640172	0.359828
6KAC-L-A	Negative	0.87121	0.12879
6KAC-U-B	Positive	0.00315303	0.996847
6KAC-V-C	Positive	0.0919123	0.908088
6KAC-4-C	Positive	0.0196835	0.980316
6KAC-X-D	Positive	0.238094	0.761906
6KAC-1-E	Positive	0.0287548	0.971245
6MPP-B-A	Positive	0.0108912	0.989109
6X8P-P-H	Positive	0.0149785	0.985022
6XIB-I-B	Positive	0.00363338	0.996367
6OSW-B-A	Negative	0.948726	0.0512744
6HUM-P-D	Negative	0.870229	0.129771
6HUM-Q-D	Negative	0.507124	0.492876
6NSX-B-A	Positive	0.000961185	0.999039
6P07-G-A	Positive	0.01414	0.98586
6BFC-a-A	Positive	0.244019	0.755981
6BFC-b-B	Positive	0.0317872	0.968213
6IWW-B-A	Negative	0.912521	0.0874793
6MSL-C-A	Negative	0.917448	0.082552
6P8B-L-A	Positive	0.0732243	0.926776
6QTU-B-A	Positive	0.000502825	0.999497
6YA7-C-A	Positive	0.00107896	0.998921
6WH8-C-B	Positive	0.0100554	0.989945
6TQP-B-A	Positive	0.0586697	0.94133
6HGF-B-A	Negative	0.83962	0.16038
6UGD-G-A	Positive	0.01414	0.98586
6X6M-B-A	Positive	0.00418079	0.995819
6EX9-B-A	Positive	0.00211722	0.997883
6Q97-6-D	Positive	0.0264379	0.973562
6Q97-f-F	Positive	0.0482659	0.951734
6NJG-B-C	Positive	0.00183409	0.998166
6IUA-B-A	Positive	0.125077	0.874923
6HGT-E-A	Positive	0.000922203	0.999078
6HGT-F-B	Positive	0.000853062	0.999147
6EDS-C-A	Positive	0.000857115	0.999143
6BRA-S-A	Positive	0.00572342	0.994277
6TRA-J-A	Negative	0.917548	0.0824523
6Y4P-B-A	Positive	0.490975	0.509025
6YLU-B-A	Positive	0.0048669	0.995133
6CV1-D-A	Negative	0.588433	0.411567
6CXG-A-L	Positive	0.0193056	0.980694
6CXG-C-H	Positive	0.00152498	0.998475
6XAR-C-A	Positive	0.32181	0.67819
6VPX-G-H	Positive	0.240235	0.759765
6WPW-P-R	Positive	0.408373	0.591627
6AF0-C-A	Negative	0.752825	0.247175
6M64-B-A	Positive	0.0320802	0.96792
6M64-D-C	Positive	0.0447544	0.955246
6M64-F-E	Positive	0.228255	0.771745
6C16-C-A	Negative	0.981054	0.0189457
6C16-F-B	Negative	0.991581	0.00841922
6HLD-B-A	Positive	0.00484222	0.995158
6RBE-O-B	Positive	0.0189716	0.981028
6UZV-J-A	Negative	0.956109	0.0438913
6UZV-M-B	Negative	0.602734	0.397266
6SNC-C-A	Positive	0.0223927	0.977607
6IIJ-D-A	Positive	0.409119	0.590881
6WSL-D-C	Negative	0.55437	0.44563
6IEU-C-A	Positive	0.0031113	0.996889
6KZJ-B-A	Positive	0.223463	0.776537
6KZJ-C-A	Positive	0.307664	0.692336
6S8X-D-A	Positive	0.199334	0.800666
6S8X-E-B	Positive	0.20641	0.79359
6Q68-B-A	Positive	0.296915	0.703085
6QZY-B-A	Negative	0.619151	0.380849
6LDW-C-L	Positive	0.00245172	0.997548
6CBZ-C-A	Positive	0.00127679	0.998723
6EJE-B-A	Positive	0.00410891	0.995891
6N4I-E-A	Negative	0.589576	0.410425
6ZXR-B-A	Positive	0.00208551	0.997914
6W6W-B-A	Negative	0.503758	0.496242
6N9T-E-A	Positive	0.141714	0.858286
6D07-C-A	Positive	0.00219148	0.997809
6DEI-C-A	Negative	0.872385	0.127615
6DEI-D-A	Positive	0.448692	0.551308
6D2R-C-A	Positive	0.0456045	0.954396
6Z9W-C-A	Positive	0.0143577	0.985642
6HIL-L-A	Negative	0.812936	0.187064
6V4F-B-A	Negative	0.730996	0.269004
6Z7Y-H-A	Negative	0.9838	0.0162005
6Z7Y-F-C	Negative	0.981697	0.0183026
6C0H-C-A	Positive	0.325975	0.674025
6X1U-D-H	Positive	0.0133587	0.986641
6TBT-C-A	Positive	0.000560462	0.99944
6F3A-c-B	Negative	0.883647	0.116353
6F3A-j-f	Negative	0.731939	0.268061
6FHS-H-C	Positive	0.362445	0.637555
6WJN-e-V	Negative	0.899498	0.100502
6AM5-C-A	Positive	0.366288	0.633712
6ZCD-P-V	Positive	0.00436503	0.995635
6O2A-F-A	Positive	0.028428	0.971572
6O2A-G-C	Positive	0.028428	0.971572
6OLF-y-C	Positive	0.414759	0.585241
6XWD-P-A	Positive	0.00339246	0.996608
6K68-E-A	Negative	0.893219	0.106781
6ILF-C-A	Positive	0.403761	0.596239
6S6Q-C-A	Positive	0.479431	0.520569
6O8B-D-A	Negative	0.613428	0.386572
6O8B-E-A	Positive	0.0115966	0.988403
6A5Q-E-B	Positive	0.0133302	0.98667
6A5Q-F-A	Positive	0.00563186	0.994368
6T9J-B-I	Negative	0.943763	0.0562372
6Y4O-B-A	Negative	0.58749	0.41251
6BYK-K-A	Positive	0.000520647	0.999479
6BYK-G-B	Positive	0.00284648	0.997154
6BYK-R-C	Positive	0.00137854	0.998621
6O3X-D-A	Positive	0.00654286	0.993457
6FJ3-B-A	Positive	0.417688	0.582312
6FO2-V-N	Positive	0.00148815	0.998512
6S9K-B-A	Negative	0.588543	0.411457
6EF0-s-I	Positive	0.0261239	0.973876
6O4Z-C-A	Positive	0.0077644	0.992236
6IXQ-B-A	Positive	0.00261837	0.997382
6M71-D-A	Negative	0.795518	0.204482
6NID-D-A	Positive	0.00113881	0.998861
6NID-E-A	Positive	0.000495672	0.999504
6IEX-C-A	Positive	0.00856674	0.991433
6VTW-A-L	Positive	0.203032	0.796968
6V6A-B-A	Negative	0.514418	0.485582
6V6A-D-A	Negative	0.514418	0.485582
6RD2-C-B	Positive	0.00390452	0.996095
6QTC-B-A	Positive	0.007653	0.992347
6Z2Q-D-A	Positive	0.00320053	0.996799
6SOF-H-A	Negative	0.89379	0.10621
6JJY-U-A	Positive	0.0256386	0.974361
6FMQ-D-A	Positive	0.00142634	0.998574
6O21-B-A	Positive	0.0184809	0.981519
6E4Y-P-H	Positive	0.272869	0.727131
6D11-E-A	Positive	0.280683	0.719317
6SAT-P-A	Positive	0.253657	0.746343
6L7C-S-A	Positive	0.00170749	0.998293
6PJ4-B-A	Positive	0.00049293	0.999507
6O2B-F-A	Positive	0.0184671	0.981533
6XLI-E-A	Positive	0.0123013	0.987699
6RXM-K-C	Positive	0.0107503	0.98925
6XY6-B-A	Positive	0.0600816	0.939918
6XY6-F-A	Positive	0.0275102	0.97249
6XY6-D-C	Positive	0.128196	0.871804
6XY6-H-G	Positive	0.0133603	0.98664
6XY6-N-M	Positive	0.173402	0.826598
6XY6-P-O	Positive	0.0896804	0.91032
6VEP-B-E	Negative	0.694065	0.305935
6VEP-F-E	Positive	0.213125	0.786875
6VEP-N-Q	Negative	0.98207	0.0179295
6NBH-P-R	Positive	0.0118962	0.988104
6SK7-D-A	Positive	0.0289113	0.971089
6JP3-C-A	Positive	0.0038417	0.996158
6JP3-D-A	Positive	0.0456784	0.954322
6FGP-A-B	Positive	0.31601	0.68399
6S22-F-A	Positive	0.0391575	0.960843
6WLX-B-A	Positive	0.000185311	0.999815
6TM5-S-I	Positive	0.00352341	0.996477
6TM5-Q-P	Positive	0.0163565	0.983643
6X5G-B-A	Positive	0.0182984	0.981702
6LNM-B-A	Negative	0.817705	0.182295
6LNM-F-E	Negative	0.798375	0.201625
6V0N-C-A	Positive	0.0135106	0.986489
7ZAI-Y-3	Negative	0.805143	0.194857
7JJC-G-C	Positive	0.00254256	0.997457
7ZXY-F-A	Negative	0.844748	0.155252
7ZXY-G-A	Positive	0.285096	0.714904
7ZXY-H-A	Positive	0.310338	0.689662
7ZXY-E-C	Positive	0.00410247	0.995898
7ZXY-N-I	Negative	0.550186	0.449814
7ZXY-M-K	Positive	0.00410247	0.995898
7NMF-C-A	Negative	0.944636	0.0553642
7BGI-J-A	Negative	0.941858	0.0581424
7VAB-P-R	Negative	0.788858	0.211142
7YKG-B-A	Positive	0.0039801	0.99602
7JFM-C-A	Negative	0.959336	0.0406636
7JFM-D-A	Negative	0.983916	0.0160836
7V2K-K-A	Negative	0.888734	0.111266
7V2K-f-g	Negative	0.90999	0.0900095
7M55-A-H	Positive	0.160474	0.839526
7ORH-P-A	Positive	0.00156516	0.998435
7VYA-W-B	Negative	0.864472	0.135528
7FDL-B-A	Positive	0.217237	0.782763
7FDL-J-A	Positive	0.105574	0.894426
7FDL-D-C	Negative	0.516997	0.483004
7FDL-F-C	Positive	0.129527	0.870473
7FDL-L-C	Positive	0.0751387	0.924861
7RD1-U-A	Positive	0.0991419	0.900858
7RD1-V-A	Positive	0.0524669	0.947533
7RD1-W-A	Positive	0.280173	0.719827
7RD1-1-D	Positive	0.0332679	0.966732
7RD1-2-D	Positive	0.41057	0.58943
7RD1-3-D	Positive	0.222067	0.777933
7RD1-Z-H	Positive	0.000208557	0.999791
7RD1-4-J	Positive	0.466221	0.533779
7RD1-8-J	Positive	0.119105	0.880895
7BA3-B-A	Positive	0.00924051	0.990759
7CFP-B-A	Positive	0.00128829	0.998712
7QP4-P-A	Positive	0.0017013	0.998299
7QOX-C-A	Positive	0.0038746	0.996125
7QOX-D-B	Positive	0.323954	0.676046
7W0A-B-A	Positive	0.00212741	0.997873
7EZW-B-A	Positive	0.00149328	0.998507
7RZV-D-A	Positive	0.308659	0.691341
7LDG-B-A	Negative	0.955059	0.0449409
7LDG-D-A	Positive	0.00429505	0.995705
7F4W-E-A	Negative	0.555328	0.444672
7TAY-K-A	Negative	0.996944	0.0030563
7WTS-z-W	Positive	0.0381331	0.961867
7WTS-e-J	Negative	0.544096	0.455904
7SXH-B-A	Positive	0.0309718	0.969028
7JQ8-B-A	Positive	0.329911	0.670089
7MD2-H-G	Negative	0.934569	0.0654313
7THX-4-1	Positive	0.200837	0.799163
7N5C-C-A	Positive	0.195417	0.804583
7XJL-A-F	Positive	0.236126	0.763874
7EID-C-A	Positive	0.000988245	0.999012
7GVV-D-A	Positive	0.00356013	0.99644
7VHC-G-A	Positive	0.00449759	0.995502
7OJ9-B-A	Positive	0.33073	0.66927
7WYW-G-A	Negative	0.942221	0.0577785
7UO8-B-A	Positive	0.00733602	0.992664
7MT7-1-3	Positive	0.392781	0.607219
7MT7-4-G	Positive	0.133222	0.866778
7UIW-S-A	Negative	0.809649	0.190351
7YAE-D-E	Positive	0.000266612	0.999733
7E9L-C-A	Positive	0.0171583	0.982842
7LC9-F-A	Negative	0.90701	0.0929902
7LC9-L-E	Positive	0.00306427	0.996936
7K2P-P-A	Positive	0.00159138	0.998409
7Q98-C-A	Negative	0.809549	0.190451
7D0S-B-A	Positive	0.0117226	0.988277
7ELL-A-a	Negative	0.609348	0.390652
7ELL-I-g	Positive	0.124673	0.875327
7LRC-A-B	Positive	0.00475532	0.995245
7Z8O-B-A	Positive	0.00324845	0.996752
7YCA-J-2	Negative	0.788903	0.211097
7YCA-I-6	Negative	0.672329	0.327671
7YCA-M-6	Positive	0.29627	0.70373
7K95-B-A	Negative	0.962567	0.0374327
7K95-C-A	Negative	0.9128	0.0872002
7OBY-B-A	Positive	0.000837326	0.999163
7UIF-M-A	Positive	0.0238222	0.976178
7UIF-L-B	Positive	0.301571	0.698429
7YKH-B-A	Positive	0.00627381	0.993726
7YKH-D-A	Positive	0.00468683	0.995313
7YCX-h-f	Positive	0.00387877	0.996121
7V31-K-A	Negative	0.860067	0.139933
7V31-f-g	Negative	0.899077	0.100923
7D3Y-E-A	Negative	0.510576	0.489424
7M8T-C-A	Positive	0.487522	0.512478
7H1O-A-B	Negative	0.60629	0.39371
7Y7H-h-w	Negative	0.82385	0.17615
7SIF-C-A	Negative	0.910261	0.0897391
7XNO-A-Y	Negative	0.771143	0.228857
7KGT-C-A	Positive	0.00063175	0.999368
7BWN-L-F	Positive	0.351566	0.648434
7BWN-B-F	Positive	0.359369	0.640631
7BWN-D-A	Positive	0.283673	0.716327
7BWN-N-C	Negative	0.678404	0.321596
7BWN-G-E	Negative	0.774832	0.225168
7BWN-P-H	Positive	0.327864	0.672136
7M6T-D-A	Positive	0.00206995	0.99793
7Y7I-K-A	Positive	0.451323	0.548677
7VVL-P-R	Negative	0.80597	0.19403
7SMC-B-A	Positive	0.0016728	0.998327
7SMC-D-C	Positive	0.000118136	0.999882
7FJE-a-d	Negative	0.961869	0.0381311
7FJE-b-d	Negative	0.86142	0.13858
7JYN-B-A	Positive	0.427881	0.572119
7S8A-C-A	Positive	0.00152475	0.998475
7T8W-D-L	Negative	0.730362	0.269638
7K75-E-A	Positive	0.00103605	0.998964
7U0E-D-A	Positive	0.418321	0.581679
7PIA-z-1	Positive	0.190471	0.809529
7PIA-0-c	Negative	0.826127	0.173873
7PIA-x-d	Negative	0.787529	0.212471
7PIA-2-l	Positive	0.0597177	0.940282
7NXT-P-A	Positive	0.000677943	0.999322
7RDV-H-A	Positive	0.14506	0.85494
7YBF-C-A	Positive	0.300819	0.699181
7ADP-D-A	Positive	0.464582	0.535418
7W40-E-A	Positive	0.00178587	0.998214
7W40-D-C	Negative	0.57999	0.42001
7KI1-P-R	Negative	0.81262	0.18738
7N2N-C-A	Positive	0.175563	0.824437
7OS4-E-A	Positive	0.00379372	0.996206
7WZ6-B-A	Negative	0.97505	0.02495
7RMI-S-R	Positive	0.000292599	0.999707
7RMI-G-B	Negative	0.951441	0.0485589
7UXO-B-A	Positive	0.475694	0.524306
7DJQ-C-A	Positive	0.000179112	0.999821
7TT7-C-E	Negative	0.955052	0.0449478
7DC6-E-A	Negative	0.858877	0.141123
7VXS-Q-V	Negative	0.922176	0.077824
7VXS-f-g	Negative	0.899077	0.100923
7O54-B-A	Positive	0.251195	0.748805
7QS6-B-A	Positive	0.000977993	0.999022
7RDA-C-H	Positive	0.0760296	0.92397
7N2Q-C-D	Positive	0.00841403	0.991586
7WX4-E-A	Positive	0.0143004	0.9857
7RRG-C-A	Positive	0.0112706	0.988729
7VAY-I-F	Positive	0.364419	0.635581
7PG1-A-B	Negative	0.539929	0.460071
7PG1-D-B	Positive	0.00446618	0.995534
7RF1-R-E	Negative	0.705257	0.294743
7MNS-B-A	Negative	0.837745	0.162255
7ASO-g-Q	Negative	0.574814	0.425186
7JI0-C-A	Positive	0.000635207	0.999365
7DVP-C-A	Positive	0.0437467	0.956253
7MEX-D-C	Positive	0.00107688	0.998923
7Z8I-r-L	Positive	0.237763	0.762237
7Z8I-j-X	Negative	0.973676	0.0263241
7FGL-C-H	Positive	0.000745714	0.999254
7YOD-B-A	Positive	0.010762	0.989238
7TDZ-t-r	Positive	0.179759	0.820241
7TDZ-s-r	Positive	0.388353	0.611647
7W0P-D-R	Positive	0.0057562	0.994244
7YJK-C-B	Negative	0.819092	0.180908
7BZ2-G-B	Negative	0.843301	0.156699
7LHY-B-A	Positive	0.00971502	0.990285
7S7E-C-A	Positive	0.0071665	0.992833
7VHF-G-A	Positive	0.0090102	0.99099
7RZQ-D-A	Positive	0.0200119	0.979988
7RZQ-F-A	Positive	0.19246	0.80754
7NAF-c-5	Positive	0.166847	0.833153
7NAF-q-5	Negative	0.860697	0.139303
7NAF-d-b	Positive	0.345351	0.654649
7NAF-U-b	Positive	0.264811	0.735189
7T1Y-C-B	Positive	0.0127771	0.987223
7ZP8-z-e	Negative	0.963796	0.036204
7SL4-C-A	Negative	0.979652	0.0203482
7SL4-D-A	Positive	0.408662	0.591338
7JL7-F-A	Positive	0.00390345	0.996097
7W36-B-A	Negative	0.522613	0.477387
7RK7-C-A	Positive	0.001284	0.998716
7PC8-C-A	Positive	0.0012098	0.99879
7PC8-D-B	Positive	0.00114155	0.998858
7CG0-7-f	Positive	0.0470582	0.952942
7AYF-P-A	Positive	0.00804061	0.991959
7E1T-C-A	Positive	0.169272	0.830728
7E1T-D-A	Positive	0.233612	0.766388
7SVU-a-A	Positive	0.0159931	0.984007
7TMW-C-B	Positive	0.0153252	0.984675
7SKZ-A-H	Negative	0.736868	0.263132
7E12-B-A	Positive	0.00429022	0.99571
7RNB-F-A	Positive	0.000201404	0.999799
7ZRT-B-A	Positive	0.000421822	0.999578
7F6I-L-A	Negative	0.972619	0.0273811
7F6I-D-C	Negative	0.891255	0.108745
7BIN-K-D	Positive	0.036876	0.963124
7LBO-F-B	Positive	0.0038901	0.99611
7YI2-E-A	Negative	0.590406	0.409594
7A18-1-3	Negative	0.905843	0.0941573
7UM2-C-A	Positive	0.0661348	0.933865
7Y6C-U-A	Positive	0.0177941	0.982206
7C06-Z-M	Negative	0.94902	0.0509804
7C06-T-S	Negative	0.857482	0.142518
7AQQ-b-A	Negative	0.859568	0.140432
7AQQ-L-M	Negative	0.754466	0.245534
7AQQ-v-N	Negative	0.907853	0.0921469
7F1R-C-B	Negative	0.777219	0.222781
7AZX-C-A	Positive	0.0034855	0.996514
7JYX-C-A	Positive	0.0272504	0.97275
7UDL-B-A	Positive	0.0400372	0.959963
7UDL-D-A	Positive	0.0243599	0.97564
7YK8-I-L	Positive	0.00962543	0.990375
7WQ4-L-R	Positive	0.037185	0.962815
7OBT-B-A	Positive	0.000866711	0.999133
7R44-s-E	Negative	0.848729	0.151271
7R44-c-O	Negative	0.914618	0.085382
7BG7-4-1	Positive	0.239622	0.760378
7OZK-D-A	Negative	0.61633	0.38367
7BMC-B-A	Positive	0.000458121	0.999542
7VCL-B-A	Positive	0.00867432	0.991326
7NAB-C-H	Positive	0.0230675	0.976933
7OWN-D-A	Positive	0.00127381	0.998726
7SL2-C-A	Negative	0.991657	0.00834301
7SL2-D-A	Negative	0.980513	0.0194866
7SL2-E-A	Negative	0.99494	0.00505978
7SL2-G-A	Positive	0.0537526	0.946247
7UQJ-G-A	Positive	0.0238813	0.976119
7RBT-P-R	Negative	0.854627	0.145373
7TMX-A-I	Positive	0.000622451	0.999378
7TMX-B-I	Positive	0.000866234	0.999134
7RJQ-B-A	Positive	0.0117384	0.988262
7NTK-C-A	Positive	0.000450671	0.999549
7NTK-H-D	Positive	0.000275195	0.999725
7AZ5-H-A	Positive	0.000326395	0.999674
7UI8-B-A	Positive	0.120252	0.879748
7F87-F-A	Positive	0.0270779	0.972922
7DYN-C-A	Positive	0.00488293	0.995117
7ZGQ-C-A	Negative	0.969819	0.0301811
7ZX4-C-A	Positive	0.0180995	0.981901
7ZX4-E-A	Positive	0.00473273	0.995267
7OEU-1-A	Positive	0.00509983	0.9949
7VNY-7-L	Negative	0.690285	0.309715
7VNY-8-L	Negative	0.990662	0.00933807
7VNY-B-H	Negative	0.991349	0.00865057
7VNY-E-A	Negative	0.695784	0.304216
7VNY-G-D	Negative	0.695784	0.304216
7VNY-J-F	Negative	0.695784	0.304216
7VNY-Z-W	Negative	0.840913	0.159087
7VNY-2-3	Negative	0.902997	0.0970026
7FBP-B-A	Negative	0.593624	0.406376
7X8B-B-A	Positive	0.0178347	0.982165
7PMX-B-A	Positive	0.370086	0.629914
7WUN-X-A	Positive	0.00109076	0.998909
7PB4-H-I	Negative	0.766159	0.233841
7Q0B-E-A	Negative	0.731911	0.268089
7XMA-Y-N	Negative	0.970455	0.0295451
7XMA-Z-N	Negative	0.890415	0.109585
7DPZ-4-1	Negative	0.843133	0.156867
7M4R-C-A	Positive	0.0048697	0.99513
7S8Q-C-A	Negative	0.853903	0.146097
7QUX-D-A	Positive	0.000917435	0.999083
7K17-C-A	Positive	0.0854791	0.914521
7NRF-B-A	Positive	0.000660598	0.999339
7Y67-L-D	Positive	0.0130368	0.986963
7E6J-B-A	Negative	0.743174	0.256826
7OVX-Q-A	Positive	0.170211	0.829789
7OXJ-D-A	Positive	0.00277495	0.997225
7TT1-P-A	Negative	0.752826	0.247174
7TT1-C-E	Negative	0.963881	0.0361188
7JZO-C-A	Positive	0.00271046	0.99729
7JZO-D-B	Positive	0.000651658	0.999348
7ZE3-D-A	Negative	0.98786	0.0121398
7ZE3-Q-A	Negative	0.791953	0.208047
7ZE3-N-S	Negative	0.98786	0.0121398
7PBT-G-C	Negative	0.980156	0.0198437
7TA6-L-A	Positive	0.16619	0.83381
7A8T-B-A	Negative	0.574115	0.425885
7KOR-Y-L	Positive	0.0117287	0.988271
7RJM-C-A	Positive	0.00539958	0.9946
7FB5-B-A	Positive	0.0590886	0.940911
7AXN-P-A	Positive	0.0171523	0.982848
7K2F-C-A	Positive	0.00570941	0.994291
7WJ3-C-A	Positive	0.0262639	0.973736
7S48-B-A	Positive	0.00103247	0.998968
7QHO-M-A	Positive	0.141912	0.858088
7WWQ-B-A	Positive	0.00153339	0.998467
7FJF-b-g	Negative	0.86142	0.13858
7ZE8-B-A	Negative	0.9766	0.0234002
7ZE8-R-A	Negative	0.9766	0.0234002
7OIU-D-C	Negative	0.990603	0.00939712
7OIU-F-B	Positive	0.426168	0.573832
7XHO-c-H	Positive	0.275444	0.724556
7XHO-C-L	Positive	0.000792086	0.999208
7SG0-C-A	Positive	0.334228	0.665772
7WYY-G-A	Negative	0.942221	0.0577785
7AZ6-H-A	Positive	0.00104129	0.998959
7P4B-P-A	Positive	0.00581604	0.994184
7YJ4-A-R	Positive	0.23408	0.76592
7YJ4-B-R	Negative	0.594266	0.405734
7ZVW-H-B	Positive	0.00957716	0.990423
7FJ1-Y-B	Negative	0.544606	0.455394
7FJ1-Z-B	Positive	0.0300911	0.969909
7M5N-D-A	Positive	0.404567	0.595433
7M5N-E-B	Positive	0.416018	0.583982
7XAM-c-e	Negative	0.511186	0.488814
7YYH-k-E	Positive	0.47061	0.52939
7V1L-V-B	Positive	0.00079	0.99921
7V0K-W-H	Positive	0.333285	0.666715
7V0K-N-O	Negative	0.907092	0.0929079
7AA7-P-A	Positive	0.000983	0.999017
7ZMB-e-5	Negative	0.988797	0.0112027
7ZMB-o-B	Negative	0.791834	0.208166
7CEC-D-A	Negative	0.952773	0.0472271
7CEC-E-A	Positive	0.232069	0.767931
7XXF-Q-C	Positive	0.485962	0.514038
7XXF-Y-C	Positive	0.485962	0.514038
7XXF-A-L	Positive	0.485962	0.514038
7XXF-a-B	Positive	0.000412643	0.999587
7R1W-G-A	Positive	0.00228286	0.997717
7WT5-C-A	Positive	0.00549287	0.994507
7WT5-F-D	Positive	0.00549287	0.994507
7Y1Q-B-A	Positive	0.00478709	0.995213
7WVV-L-R	Positive	0.134409	0.865591
7VD2-A-H	Negative	0.952361	0.0476388
7VD2-F-C	Negative	0.952361	0.0476388
7VD2-E-B	Negative	0.969244	0.030756
7QPB-H-A	Positive	0.0457004	0.9543
7CIZ-H-A	Positive	0.381938	0.618062
7CIZ-D-E	Positive	0.363029	0.636971
7NEF-I-A	Positive	0.00903207	0.990968
7KPU-E-D	Positive	0.00307447	0.996926
7N8J-B-A	Positive	0.0477775	0.952223
7D0P-B-A	Positive	0.0117226	0.988277
7F8W-E-R	Positive	0.275768	0.724232
7UVE-B-A	Positive	0.00580519	0.994195
7SR9-A-B	Negative	0.719916	0.280084
7EVP-C-A	Negative	0.840153	0.159847
7YJO-E-B	Positive	0.0650439	0.934956
7YJO-C-B	Negative	0.839925	0.160075
7VZE-F-B	Positive	0.00316924	0.996831
7K7R-C-A	Positive	0.0553373	0.944663
7K7R-F-D	Positive	0.0581076	0.941892
7YUE-C-A	Positive	0.00352895	0.996471
7CI2-C-A	Positive	0.376149	0.623851
7Y8D-B-A	Positive	0.0142535	0.985747
7MU2-B-A	Positive	0.0454766	0.954523
7MU2-D-C	Positive	0.00350314	0.996497
7OY2-X-C	Positive	0.00362885	0.996371
7QBS-B-A	Positive	0.00423062	0.995769
7V9B-B-A	Positive	0.00147659	0.998523
7SMK-C-A	Positive	0.00306809	0.996932
7XZR-C-A	Positive	0.000696301	0.999304
7JHX-C-A	Positive	0.000684738	0.999315
7JHX-D-B	Positive	0.00535387	0.994646
7S4G-K-A	Positive	0.0516645	0.948336
7AU3-D-A	Negative	0.995229	0.00477088
7X14-B-A	Positive	0.00421846	0.995782
7BL4-d-F	Negative	0.679323	0.320677
7SJS-C-H	Positive	0.221058	0.778942
7Q42-B-A	Positive	0.0177159	0.982284
7Q42-F-E	Positive	0.011163	0.988837
7QKW-D-B	Negative	0.736278	0.263722
7XZQ-B-A	Positive	0.00951976	0.99048
7T8R-B-A	Positive	0.000833869	0.999166
7LFI-C-A	Positive	0.000179946	0.99982
7EMD-C-A	Positive	0.000660479	0.99934
7Q51-B-A	Positive	0.00115025	0.99885
7NEW-G-A	Positive	0.0012663	0.998734
7QI5-t-I	Negative	0.5461	0.4539
7QI5-u-I	Positive	0.0464244	0.953576
7QI5-w-I	Positive	0.0316226	0.968377
7N08-F-H	Positive	0.0517465	0.948254
7X9C-P-R	Negative	0.941254	0.0587455
7UNC-L-B	Negative	0.76182	0.23818
7AR7-r-C	Positive	0.0902479	0.909752
7AR7-k-L	Negative	0.69336	0.30664
7AR7-l-L	Negative	0.919854	0.0801462
7AR7-v-N	Negative	0.907853	0.0921469
7D0E-B-A	Positive	0.0769066	0.923093
7ZTL-B-A	Negative	0.968194	0.0318062
7ML4-V-O	Negative	0.797537	0.202463
7RQR-C-A	Positive	0.00142455	0.998575
7T2A-C-A	Positive	0.0422409	0.957759
7EV8-B-A	Negative	0.5434	0.4566
7R51-C-A	Positive	0.0024873	0.997513
7NW3-A-H	Positive	0.00290942	0.997091
7RTR-C-A	Positive	0.00557196	0.994428
7XV1-B-A	Positive	0.197269	0.802731
7TV4-K-B	Positive	0.0250672	0.974933
7NP2-P-A	Positive	0.000202954	0.999797
7RG3-B-A	Positive	0.00158799	0.998412
7RG3-C-A	Positive	0.0016185	0.998381
7LG3-C-A	Positive	0.426384	0.573616
7UDC-C-A	Negative	0.651344	0.348656
7Z2Z-W-C	Positive	0.0259207	0.974079
7N40-C-A	Positive	0.0483733	0.951627
7T8Z-B-A	Positive	0.00652015	0.99348
7TIT-G-A	Positive	0.40757	0.59243
7DRM-E-A	Positive	0.0231043	0.976896
7DRM-F-C	Positive	0.0068053	0.993195
7O3E-J-D	Negative	0.758881	0.241119
7O3E-l-F	Negative	0.991573	0.00842672
7O3E-m-F	Negative	0.840202	0.159798
7O3E-P-L	Positive	0.127453	0.872547
7O3E-k-a	Negative	0.989321	0.0106795
7ETJ-P-M	Negative	0.825812	0.174188
7BV4-C-A	Positive	0.00027591	0.999724
7BV4-F-A	Positive	0.03986	0.96014
7KPK-B-A	Positive	0.000581026	0.999419
7DOH-I-L	Positive	0.24727	0.75273
7QKF-B-A	Positive	0.405943	0.594057
7PVT-B-A	Positive	0.00898474	0.991015
7VP7-B-A	Negative	0.978469	0.0215307
7Q4O-1-A	Negative	0.506587	0.493413
7XQT-C-A	Negative	0.666204	0.333796
7N27-G-A	Negative	0.72109	0.27891
7T6A-C-A	Positive	0.186418	0.813582
7T6A-D-B	Positive	0.442277	0.557723
7RMH-S-R	Negative	0.507353	0.492647
7OYM-B-A	Positive	0.133952	0.866048
7RG1-B-A	Positive	0.0643411	0.935659
7PG4-J-B	Negative	0.962039	0.0379606
7V64-C-A	Positive	0.00373006	0.99627
7NHO-F-A	Negative	0.825411	0.174589
7BP6-A-C	Positive	0.0023455	0.997654
7YXP-B-A	Positive	0.353158	0.646842
7QOJ-N-B	Negative	0.654477	0.345523
7QOJ-K-G	Positive	0.0852752	0.914725
7QOJ-L-G	Positive	0.0198825	0.980117
7UGB-I-A	Positive	0.00425702	0.995743
7W6J-F-A	Positive	0.17142	0.82858
7W5C-Q-A	Positive	0.00288081	0.997119
7MNT-B-A	Negative	0.548356	0.451644
7AZG-I-A	Positive	0.0101134	0.989887
7K3L-B-A	Positive	0.00361621	0.996384
7UKN-B-A	Positive	0.00642246	0.993578
7VY1-Q-V	Negative	0.799619	0.200381
7LMK-F-A	Positive	0.00117737	0.998823
7LMK-G-B	Positive	0.00253642	0.997464
7QRS-C-A	Positive	0.00102079	0.998979
7W3C-e-Y	Negative	0.97045	0.0295498
7A1O-B-A	Positive	0.0178126	0.982187
7Z6F-A-E	Positive	0.0132719	0.986728
7Y8J-A-H	Positive	0.000191987	0.999808
7WT3-C-A	Positive	0.00954092	0.990459
7ZWK-C-B	Positive	0.00280488	0.997195
7DVX-C-A	Positive	0.00451553	0.995484
7Z0G-P-A	Positive	0.388155	0.611845
7Z0G-U-R	Positive	0.281159	0.718841
7JP3-D-A	Negative	0.932983	0.0670167
7Z0F-P-A	Positive	0.248081	0.751919
7K3J-B-A	Positive	0.328198	0.671802
7K3J-H-A	Positive	0.0111617	0.988838
7K3J-D-C	Positive	0.00286222	0.997138
7CWH-A-B	Positive	0.0946754	0.905325
7Z0Q-G-C	Positive	0.0131744	0.986826
7Z8Y-D-A	Negative	0.676234	0.323766
7Z8Y-E-A	Positive	0.0106119	0.989388
7O34-P-A	Positive	0.00115025	0.99885
7ROY-G-A	Positive	0.0437295	0.95627
7ROY-H-B	Positive	0.058745	0.941255
7QQL-F-C	Positive	0.00352079	0.996479
7X1T-E-A	Positive	0.0112412	0.988759
7X1T-F-C	Negative	0.937639	0.0623609
7EV6-S-A	Positive	0.00127906	0.998721
7YRR-C-A	Negative	0.771233	0.228767
7VYG-Q-c	Negative	0.922176	0.077824
7SG2-C-A	Positive	0.135995	0.864005
7B13-P-A	Positive	0.00111681	0.998883
7WYI-J-A	Negative	0.941858	0.0581424
7MSZ-4-G	Positive	0.133222	0.866778
7SIG-C-A	Negative	0.910261	0.0897391
7OQA-P-A	Positive	0.00497502	0.995025
7YNK-B-A	Positive	0.222499	0.777501
7UIV-S-A	Negative	0.577879	0.422121
7P7Q-5-0	Positive	0.378992	0.621008
7R5V-R-O	Positive	0.237626	0.762374
7MOP-B-A	Positive	0.000400722	0.999599
7ABT-B-A	Positive	0.00358635	0.996414
7JTS-E-a	Negative	0.975258	0.0247415
7JTS-F-c	Positive	0.0971903	0.90281
7UE2-B-A	Positive	0.0527624	0.947238
7XF3-C-A	Positive	0.00921053	0.990789
7OQ4-F-A	Negative	0.740058	0.259942
7OQ4-Q-A	Negative	0.569852	0.430148
7OQ4-P-B	Negative	0.804418	0.195582
7JLS-B-A	Positive	0.00410014	0.9959
7N05-E-H	Positive	0.00681996	0.99318
7F4N-F-B	Positive	0.205199	0.794801
7F4N-E-D	Negative	0.863473	0.136527
7RNE-F-A	Positive	0.0493773	0.950623
7WB4-O-A	Negative	0.570351	0.429649
7RTB-P-R	Negative	0.860649	0.139351
7AQR-r-C	Positive	0.00574124	0.994259
7AQR-Z-D	Negative	0.836438	0.163562
7U6D-A-C	Negative	0.964874	0.0351258
7SL1-E-A	Positive	0.279716	0.720284
7OXH-B-A	Negative	0.518582	0.481418
7XBD-F-A	Positive	0.0128835	0.987117
7RUA-E-C	Negative	0.860374	0.139626
7V9M-P-R	Positive	0.0176713	0.982329
7Z4A-O-A	Positive	0.0166616	0.983338
7Z4A-S-A	Positive	0.00749516	0.992505
7Z4A-R-N	Positive	0.452751	0.547249
7KJR-C-A	Positive	0.215746	0.784254
7EIC-C-A	Positive	0.00348955	0.99651
7E82-v-o	Positive	0.0573774	0.942623
7OHR-s-O	Positive	0.0617561	0.938244
7NHK-5-0	Positive	0.378992	0.621008
7NHK-6-I	Positive	0.232229	0.767771
7QIW-d-G	Positive	0.41162	0.58838
7QIW-n-R	Negative	0.804728	0.195272
7Q13-E-A	Negative	0.712016	0.287984
7B4T-B-A	Positive	0.0329257	0.967074
7R45-s-E	Negative	0.89246	0.10754
7JI2-C-A	Positive	0.000651896	0.999348
7JI2-F-D	Positive	0.000651896	0.999348
7RJF-B-A	Positive	0.286491	0.713509
7BN3-D-A	Positive	0.146779	0.853221
7BN3-E-A	Positive	0.0291016	0.970898
7FIM-P-R	Negative	0.759277	0.240723
7Q45-B-A	Positive	0.025434	0.974566
7Q45-D-C	Positive	0.0230306	0.976969
7Q45-F-E	Positive	0.00531679	0.994683
7UIH-C-A	Negative	0.709766	0.290234
7UIH-D-A	Positive	0.304961	0.695039
7UIH-E-A	Positive	0.355304	0.644696
7UIH-F-A	Negative	0.784664	0.215336
7V8L-A-E	Positive	0.0311448	0.968855
7O55-C-B	Positive	0.000758767	0.999241
7ZM7-e-5	Negative	0.95898	0.0410198
7S3M-A-H	Positive	0.366927	0.633073
7OE0-R-F	Positive	0.3524	0.6476
7MN5-H-A	Positive	0.39294	0.60706
7WMV-B-A	Negative	0.985057	0.0149432
7T9Y-C-A	Positive	0.000508666	0.999491
7T9Y-D-A	Positive	0.00198472	0.998015
7S5H-C-B	Positive	0.00523508	0.994765
7TUW-B-A	Negative	0.984768	0.0152316
7TUW-N-M	Negative	0.977051	0.0229492
7F9O-J-A	Negative	0.96847	0.0315305
7F9O-m-e	Negative	0.96847	0.0315305
7YEH-D-B	Negative	0.853185	0.146815
7AOE-D-B	Negative	0.934766	0.0652336
7EF0-P-A	Positive	0.00276196	0.997238
7F90-E-A	Positive	0.216552	0.783448
7F90-B-A	Positive	0.218149	0.781851
7F90-D-A	Positive	0.260342	0.739658
7F90-F-C	Positive	0.00834429	0.991656
7EA1-B-A	Positive	0.000575185	0.999425
7EA1-D-C	Positive	0.00484222	0.995158
7R84-B-A	Negative	0.989513	0.0104871
7R84-D-A	Negative	0.938225	0.0617753
7NKB-C-G	Positive	0.115264	0.884736
7ZYH-B-A	Negative	0.968795	0.0312047
7ZYH-D-A	Negative	0.800048	0.199952
7ZYH-E-F	Negative	0.856523	0.143477
7ZYH-H-G	Negative	0.936603	0.0633967
7SNX-B-A	Positive	0.012687	0.987313
7T0Y-B-A	Positive	0.470195	0.529805
7XQP-J-A	Negative	0.952869	0.0471313
7XQP-M-B	Positive	0.1442	0.8558
7EZK-P-D	Positive	0.00318879	0.996811
7CIO-B-A	Positive	0.00154436	0.998456
7MB5-D-B	Positive	0.00359857	0.996401
7ARH-V-C	Positive	0.00142837	0.998572
7CNX-B-A	Positive	0.0565879	0.943412
7CNX-F-A	Positive	0.0267583	0.973242
7CNX-D-C	Positive	0.024766	0.975234
7CNX-H-G	Positive	0.0482696	0.95173
7EVS-C-A	Positive	0.083735	0.916265
7EVS-D-A	Positive	0.10853	0.89147
7MB7-B-A	Positive	0.00189388	0.998106
7BXT-L-A	Positive	0.34168	0.65832
7OK0-F-A	Positive	0.000511885	0.999488
7OK0-Q-A	Positive	0.480825	0.519175
7RG0-B-A	Positive	0.00076282	0.999237
7V4W-C-A	Positive	0.0267338	0.973266
7PHX-I-H	Positive	0.354475	0.645525
7MO1-B-A	Positive	0.13903	0.86097
7E0B-B-A	Positive	0.00148529	0.998515
7ADT-U-A	Positive	0.0600816	0.939918
7ADT-C-B	Positive	0.0468186	0.953181
7FGR-C-H	Positive	0.000468016	0.999532
7RJL-C-A	Positive	0.00133085	0.998669
7SKM-B-A	Positive	0.00781274	0.992187
7MQO-A-F	Positive	0.156788	0.843212
7MQO-B-F	Negative	0.96546	0.0345402
7DZ9-F-A	Negative	0.731048	0.268952
7DZ9-E-B	Negative	0.561757	0.438243
7M2W-X-E	Positive	0.122315	0.877685
7RFY-B-A	Negative	0.548875	0.451125
7PP2-B-A	Negative	0.941431	0.0585692
7RLW-P-B	Positive	0.0638558	0.936144
7RLW-R-B	Positive	0.0245373	0.975463
7ARD-q-G	Negative	0.738971	0.261029
7ARD-k-L	Negative	0.830167	0.169833
7OWM-C-A	Positive	0.00852478	0.991475
7OHQ-z-B	Negative	0.824002	0.175998
7ZNK-L-P	Positive	0.0256879	0.974312
7BU5-B-A	Negative	0.622414	0.377586
7KZP-W-S	Negative	0.965683	0.0343168
7TCQ-C-H	Positive	0.00669909	0.993301
7TCQ-D-A	Positive	0.00669909	0.993301
7XVY-C-A	Positive	0.0474182	0.952582
7QHM-M-A	Positive	0.0576496	0.94235
7QHM-Z-N	Positive	0.132431	0.867569
7RZF-a-A	Positive	0.00554323	0.994457
7RZF-b-A	Positive	0.000183403	0.999817
7OQJ-P-A	Positive	0.000553191	0.999447
7VCR-C-A	Negative	0.831319	0.168681
7T6F-C-A	Positive	0.387185	0.612815
7YAA-B-A	Positive	0.00824696	0.991753
7LFS-E-A	Negative	0.939995	0.0600051
7LFS-G-C	Negative	0.989661	0.0103394
7W56-C-R	Positive	0.0368624	0.963138
7PXA-A-0	Positive	0.00186962	0.99813
7PXA-E-6	Positive	0.00226283	0.997737
7PXA-F-8	Positive	0.00147128	0.998529
7MDZ-l-X	Negative	0.712089	0.287911
7NHQ-F-A	Negative	0.825411	0.174589
7NHQ-I-A	Negative	0.507035	0.492965
7NHQ-T-A	Negative	0.513707	0.486293
7OWP-D-A	Positive	0.00898558	0.991014
7OWP-E-B	Positive	0.00898558	0.991014
7OIF-B-E	Negative	0.856054	0.143946
7E2Z-G-B	Negative	0.62482	0.37518
7CQP-C-B	Positive	0.421787	0.578213
7LC6-D-A	Negative	0.855522	0.144478
7DRO-G-A	Positive	0.00427735	0.995723
7DRO-H-A	Positive	0.000903487	0.999097
7Y7B-J-2	Negative	0.975514	0.0244863
7Y7B-I-8	Negative	0.607646	0.392354
7Y7B-M-8	Positive	0.0954276	0.904572
7X1C-C-A	Positive	0.00035727	0.999643
7KNF-C-A	Negative	0.693985	0.306015
7T10-P-R	Positive	0.000370979	0.999629
7PNT-3-L	Negative	0.823111	0.176889
7BOC-B-A	Positive	0.0269275	0.973073
7XMR-C-B	Negative	0.693392	0.306608
7QI1-F-A	Positive	0.000903606	0.999096
7QI1-E-B	Positive	0.0132445	0.986755
7DU4-Q-A	Positive	0.0275798	0.97242
7OBX-B-A	Positive	0.00521559	0.994784
7T6U-L-R	Positive	0.0020507	0.997949
7TT5-C-E	Positive	0.0144643	0.985536
7UCX-B-H	Positive	0.000415146	0.999585
7CO2-C-A	Positive	0.126176	0.873824
7SQ0-C-A	Negative	0.895005	0.104995
7BGT-F-A	Positive	0.00460225	0.995398
7BGT-G-C	Positive	0.00460225	0.995398
7M8S-C-A	Positive	0.139508	0.860492
7TT3-P-A	Positive	0.152652	0.847348
7NKQ-D-A	Positive	0.110797	0.889203
7NKQ-E-A	Positive	0.387457	0.612543
7NKQ-b-A	Negative	0.574319	0.425681
7NKQ-F-B	Positive	0.193109	0.806891
7NKQ-C-d	Positive	0.0988714	0.901129
7O01-J-A	Negative	0.941858	0.0581424
7O01-I-B	Positive	0.386971	0.613029
7CNZ-B-A	Positive	0.0565879	0.943412
7CNZ-H-G	Positive	0.0482696	0.95173
7OWU-C-A	Positive	0.00236475	0.997635
7VAC-G-A	Positive	0.0487122	0.951288
7VAC-I-E	Positive	0.00373006	0.99627
7A4D-E-A	Positive	0.229298	0.770702
7A4D-F-A	Positive	0.229298	0.770702
7A4D-K-G	Positive	0.229298	0.770702
7OW6-C-A	Positive	0.00170153	0.998298
7XVA-B-A	Negative	0.87779	0.12221
7RNG-F-A	Positive	0.00349301	0.996507
7NK9-G-H	Negative	0.779312	0.220688
7UIY-S-B	Positive	0.175972	0.824028
7NMG-C-A	Positive	0.00336963	0.99663
7ZQJ-F-A	Positive	0.00337291	0.996627
7NIX-B-A	Negative	0.595531	0.404469
7WJ2-C-A	Positive	0.0137812	0.986219
7KGP-C-A	Positive	0.000692368	0.999308
7UXJ-E-A	Positive	0.12516	0.87484
7TSZ-P-A	Positive	0.000491977	0.999508
7DXA-B-A	Negative	0.818249	0.181751
7DXA-f-a	Negative	0.743275	0.256725
7DXA-i-a	Negative	0.579842	0.420158
7DXA-m-b	Negative	0.971763	0.0282367
7DNF-B-A	Positive	0.333651	0.666349
7DWQ-J-A	Positive	0.0297804	0.97022
7DWQ-M-B	Positive	0.0759335	0.924066
7Z7C-B-A	Negative	0.97924	0.02076
7TLJ-H-B	Negative	0.55353	0.44647
7PFQ-D-B	Positive	0.00385427	0.996146
7A0S-2-C	Negative	0.793188	0.206812
7RND-F-A	Positive	0.000443637	0.999556
7YQK-K-F	Positive	0.033127	0.966873
7T1U-D-A	Positive	0.00169528	0.998305
7T1U-E-B	Positive	0.00169528	0.998305
7T2B-C-A	Positive	0.0366592	0.963341
7T2B-M-K	Positive	0.153917	0.846083
7ECA-B-A	Positive	0.00292099	0.997079
7DA6-C-A	Positive	0.00159341	0.998407
7CQV-B-E	Negative	0.883854	0.116146
7RJB-M-A	Negative	0.984185	0.0158146
7RJB-I-K	Negative	0.734147	0.265853
7RF5-R-E	Negative	0.705257	0.294743
7NXV-C-A	Negative	0.828018	0.171982
7NXV-E-B	Negative	0.982876	0.0171239
7CO1-B-A	Positive	0.0124004	0.9876
7CO1-F-E	Positive	0.01514	0.98486
7PPL-B-A	Positive	0.00528413	0.994716
7DVD-E-B	Positive	0.0200194	0.979981
7C5D-C-A	Positive	0.222082	0.777918
7C5D-D-B	Positive	0.0538335	0.946167
7UV5-C-A	Negative	0.971096	0.0289041
7ZVI-E-A	Negative	0.886382	0.113618
7OYF-B-A	Positive	0.37189	0.62811
7VFX-C-R	Positive	0.0594754	0.940525
7F9Y-C-R	Positive	0.023893	0.976107
7DUU-C-A	Positive	0.00618023	0.99382
7LIO-C-A	Positive	0.00102013	0.99898
7LIO-D-B	Positive	0.00121611	0.998784
7RG2-B-A	Positive	0.020117	0.979883
7QU8-C-A	Positive	0.00709212	0.992908
7UX3-Y-N	Positive	0.0147263	0.985274
7XAU-F-A	Positive	0.000266612	0.999733
7UX5-B-A	Negative	0.877252	0.122748
7L1K-D-A	Positive	0.00222546	0.997775
7X3X-V-C	Positive	0.00497359	0.995026
7RJO-B-A	Positive	0.000653565	0.999346
7LG0-C-A	Positive	0.166384	0.833616
7DS8-C-A	Positive	0.0016405	0.99836
7ON1-D-b	Positive	0.026388	0.973612
7ZQI-F-A	Positive	0.000564754	0.999435
7OPO-B-A	Negative	0.954245	0.045755
7OPO-H-A	Negative	0.949017	0.0509826
7OPO-J-A	Negative	0.897846	0.102154
7OPO-F-C	Negative	0.871646	0.128354
7Y6M-A-C	Positive	0.00253546	0.997465
7TO9-C-A	Positive	0.0622995	0.9377
7MW1-C-A	Positive	0.00849676	0.991503
7BP4-L-G	Positive	0.0238781	0.976122
7EI2-B-A	Positive	0.0028863	0.997114
7OBH-B-A	Positive	0.00245965	0.99754
7JX7-B-A	Positive	0.00662452	0.993375
7WVW-L-R	Positive	0.000145197	0.999855
7OXN-A-H	Positive	0.0256746	0.974325
7M5B-B-A	Positive	0.0135035	0.986497
7M5B-D-A	Positive	0.0489824	0.951018
7E0Z-B-A	Positive	0.00371301	0.996287
7QWV-B-A	Negative	0.525912	0.474088
7BGV-P-A	Positive	0.0135176	0.986482
7K7F-B-A	Negative	0.870391	0.129609
7UO3-B-A	Positive	0.04213	0.95787
7W53-C-R	Positive	0.0180251	0.981975
7SMF-B-A	Positive	0.413791	0.586209
7SGR-K-J	Negative	0.954795	0.0452054
7WEG-D-A	Positive	8.73804e-05	0.999913
7QFB-B-A	Negative	0.760922	0.239078
7T1Z-C-B	Positive	0.156775	0.843225
7MJ6-C-A	Positive	0.0236154	0.976385
7P0S-U-A	Positive	0.0559878	0.944012
7P0S-C-B	Positive	0.00150275	0.998497
7YF6-C-A	Positive	0.0068925	0.993107
7TD5-D-A	Positive	0.0158117	0.984188
7U09-A-H	Positive	0.423236	0.576764
7B15-P-A	Positive	0.00395423	0.996046
7EUY-S-A	Positive	0.000461102	0.999539
7EM9-C-A	Positive	0.0717995	0.9282
7YKI-B-A	Positive	0.00266272	0.997337
7JNE-B-A	Positive	0.00106007	0.99894
7TIK-D-A	Positive	0.0959636	0.904036
7BQZ-B-A	Positive	0.00217038	0.99783
7BQZ-D-C	Positive	0.00117475	0.998825
7ZKR-B-A	Negative	0.91113	0.0888701
7SIH-C-A	Positive	0.0677342	0.932266
7ZFR-C-A	Positive	0.00564021	0.99436
7N9J-C-A	Positive	0.00171155	0.998288
7LBQ-E-A	Positive	0.0185117	0.981488
7T86-G-C	Positive	0.00071913	0.999281
7NTJ-G-B	Positive	0.000527799	0.999472
7NTJ-C-A	Positive	0.000314951	0.999685
7F0L-A-L	Negative	0.710391	0.289609
7F0L-B-L	Negative	0.990662	0.00933807
7F0L-G-H	Negative	0.991349	0.00865057
7F0L-8-5	Negative	0.985811	0.0141885
7M10-B-A	Positive	0.00012064	0.999879
7K2I-P-B	Positive	0.00226355	0.997736
7HP2-A-B	Negative	0.60629	0.39371
7S46-B-A	Positive	0.0725058	0.927494
7O3C-k-a	Negative	0.989321	0.0106795
7LFZ-C-A	Positive	0.00191987	0.99808
7DXS-A-C	Positive	0.486819	0.513181
7DXS-B-C	Positive	0.494073	0.505927
7DR1-J-A	Negative	0.936076	0.0639236
7DR1-M-B	Positive	0.246539	0.753461
7QSD-f-M	Negative	0.963151	0.0368486
7QSD-c-N	Negative	0.914618	0.085382
7TSQ-D-A	Positive	0.00202686	0.997973
7TSQ-C-B	Positive	0.00993466	0.990065
7D35-B-A	Positive	0.0178322	0.982168
7Z8Z-B-A	Negative	0.797445	0.202555
7Z8Z-D-A	Negative	0.872328	0.127672
7TXZ-D-A	Positive	0.392413	0.607587
7PX9-G-A	Positive	0.00338572	0.996614
7TV0-E-A	Positive	0.0429252	0.957075
7EF1-P-A	Positive	0.00151038	0.99849
7EF1-Q-B	Positive	0.00149173	0.998508
7PHR-Z-A	Negative	0.992608	0.00739216
7PHR-z-A	Negative	0.871836	0.128164
7VBP-Q-V	Negative	0.799619	0.200381
7WUL-X-A	Positive	0.000990748	0.999009
7Y36-P-R	Negative	0.80597	0.19403
7PKT-A-r	Negative	0.930316	0.0696844
7YXO-B-A	Positive	0.0329301	0.96707
7YXO-D-C	Positive	0.0672562	0.932744
7X9A-P-R	Negative	0.881256	0.118744
7DXH-B-A	Negative	0.512353	0.487647
7DXH-f-a	Negative	0.743275	0.256725
7DXH-t-a	Positive	0.466709	0.533291
7DXH-m-b	Negative	0.971763	0.0282367
7DXH-x-d	Negative	0.554118	0.445882
7DXH-k-c	Positive	0.42524	0.57476
7RZI-a-A	Positive	0.111097	0.888903
7RZI-c-B	Positive	0.295389	0.704611
7TUD-P-A	Positive	0.00103903	0.998961
7LIN-B-A	Positive	0.00265902	0.997341
7BFW-P-A	Positive	0.00621825	0.993782
7X2E-B-A	Positive	0.000412047	0.999588
7MO4-B-A	Negative	0.764114	0.235886
7FFL-D-G	Negative	0.656745	0.343255
7FFL-I-J	Positive	0.305544	0.694456
7T6I-C-A	Positive	0.0606712	0.939329
7NA7-L-R	Positive	0.0367795	0.96322
7L8V-C-A	Negative	0.559813	0.440187
7C07-Z-M	Negative	0.878073	0.121927
7C07-T-S	Negative	0.94902	0.0509804
7SQS-E-A	Positive	0.0148429	0.985157
7SQS-D-A	Positive	0.00092721	0.999073
7SQS-C-A	Negative	0.699882	0.300118
7SQS-B-A	Positive	0.15764	0.84236
7XNA-B-A	Positive	0.00275326	0.997247
7PC4-C-A	Positive	0.00094837	0.999052
7VHE-G-A	Positive	0.0098359	0.990164
7N9H-A-C	Positive	0.174674	0.825326
7O2Z-P-L	Positive	0.00904787	0.990952
7ONB-F-C	Positive	0.00183237	0.998168
7ONB-M-C	Positive	0.219295	0.780705
7SXF-B-A	Positive	0.00104666	0.998953
7OB5-P-A	Positive	0.00399286	0.996007
7RG5-B-A	Positive	0.00218391	0.997816
7P49-P-A	Positive	0.131988	0.868012
7KAN-B-A	Positive	0.245264	0.754736
7Y45-E-C	Negative	0.942221	0.0577785
7UXP-C-A	Negative	0.897956	0.102044
7E2E-P-A	Positive	0.0276209	0.972379
7E2E-Q-B	Positive	0.0276209	0.972379
7DGZ-X-4	Negative	0.93477	0.0652302
7DGZ-F-8	Positive	0.0825785	0.917421
7DGZ-i-Q	Negative	0.941929	0.0580713
7HPA-A-B	Negative	0.60629	0.39371
7CK6-E-A	Negative	0.977835	0.0221652
7CK6-H-A	Negative	0.978911	0.0210888
7CK6-J-A	Negative	0.976354	0.0236464
7BPH-B-A	Positive	0.00250083	0.997499
7NKN-C-G	Positive	0.166448	0.833552
7ZBW-R-C	Negative	0.789219	0.210781
7VEC-M-A	Positive	0.000768423	0.999232
7VEC-P-A	Positive	0.0117644	0.988236
7VEC-U-I	Positive	0.00271952	0.99728
7VEC-X-L	Positive	0.000863612	0.999136
7BG8-D-C	Positive	0.0132421	0.986758
7S8R-C-A	Positive	0.307619	0.692381
7BRK-L-A	Positive	0.00454038	0.99546
7QSA-C-A	Positive	0.00071317	0.999287
7D8P-C-A	Positive	0.127564	0.872436
7D8P-D-B	Positive	0.00793922	0.992061
7RXQ-B-A	Positive	0.433613	0.566387
7MNR-B-A	Negative	0.820169	0.179831
7NFB-C-A	Positive	0.00162774	0.998372
7NFB-D-B	Positive	0.122436	0.877564
7F7X-B-A	Negative	0.652479	0.347521
7XNM-D-A	Positive	0.00660014	0.9934
7R5I-E-A	Positive	0.144073	0.855927
7Q41-B-A	Positive	0.00691003	0.99309
7Q41-D-C	Positive	0.00581449	0.994186
7BTE-M-A	Positive	0.000240505	0.999759
7BTE-L-C	Positive	0.000281036	0.999719
7P4A-E-A	Negative	0.931912	0.0680876
7P4A-D-A	Positive	0.0515166	0.948483
7CUJ-C-A	Negative	0.874592	0.125408
7CUJ-D-A	Negative	0.833682	0.166318
7NUS-D-A	Positive	0.00629926	0.993701
7NUS-E-B	Positive	0.00629926	0.993701
7WX3-E-A	Positive	0.0215064	0.978494
7E1S-D-C	Negative	0.583557	0.416443
7YI8-C-B	Positive	0.206562	0.793438
7BK4-B-A	Positive	0.0207065	0.979293
7JWP-Q-A	Positive	0.000407755	0.999592
7JWP-W-M	Positive	0.000206292	0.999794
7P3E-C-A	Positive	0.000571668	0.999428
7P3E-F-D	Positive	0.000571668	0.999428
7B2B-B-A	Positive	0.0144897	0.98551
7CZ5-P-R	Positive	0.282751	0.717249
7RYF-0-2	Negative	0.887526	0.112474
7CL0-D-A	Positive	0.00348389	0.996516
7O50-H-A	Positive	0.00651389	0.993486
7JJM-A-B	Positive	0.000678778	0.999321
7RM3-Q-A	Positive	0.00374848	0.996252
7RM3-P-C	Positive	0.029187	0.970813
7LEU-B-E	Positive	0.0619164	0.938084
7LEU-C-E	Positive	0.00191844	0.998082
7RUQ-D-A	Positive	0.00475341	0.995247
7RUQ-B-A	Positive	0.00385708	0.996143
7RM1-P-A	Positive	0.00908881	0.990911
7EU0-L-B	Negative	0.599447	0.400553
7BRE-C-A	Positive	0.0821111	0.917889
7BRE-F-E	Positive	0.224334	0.775666
7DS3-C-B	Positive	0.00226641	0.997734
7N1E-C-A	Positive	0.123438	0.876562
7MB4-E-A	Positive	0.00722855	0.992771
7D1U-I-A	Negative	0.826071	0.173929
7BRH-L-A	Positive	0.0161685	0.983832
7VBY-F-B	Negative	0.952361	0.0476388
7VBY-A-I	Negative	0.952361	0.0476388
7VBY-D-I	Negative	0.969244	0.030756
7AK6-s-E	Negative	0.805295	0.194705
7AK6-c-N	Negative	0.985838	0.014162
7AGD-J-B	Positive	0.00333494	0.996665
7N6M-B-A	Positive	0.00501347	0.994987
7ALO-C-A	Positive	0.00266427	0.997336
7WVY-L-R	Negative	0.861529	0.138471
7KLD-Q-A	Positive	0.000608921	0.999391
7KLD-E-B	Positive	0.000181973	0.999818
7KDT-B-A	Negative	0.575008	0.424992
7W2Z-L-R	Positive	0.00546658	0.994533
7JYV-C-A	Positive	0.0015257	0.998474
7B1J-C-B	Negative	0.829649	0.170351
7NA5-C-A	Positive	0.00171155	0.998288
7BGY-D-A	Negative	0.501144	0.498856
7ZMG-e-5	Negative	0.99364	0.00636047
7XEB-C-A	Positive	0.0161921	0.983808
7CDF-C-A	Positive	0.111179	0.888821
7WJ5-S-R	Positive	0.000555813	0.999444
7VPW-B-A	Positive	0.0161055	0.983895
7VVM-P-R	Positive	0.124403	0.875597
7RZE-a-A	Positive	0.00692934	0.993071
7RZE-b-A	Positive	0.00303984	0.99696
7NFX-z-B	Positive	0.134202	0.865798
7NLA-P-A	Positive	0.00064069	0.999359
7XAV-F-A	Positive	0.000243127	0.999757
7MB9-C-A	Positive	0.00234532	0.997655
7EC5-D-A	Negative	0.758946	0.241054
7VTJ-C-H	Positive	0.00104523	0.998955
7MT2-4-G	Positive	0.133222	0.866778
7FEJ-4-1	Negative	0.72574	0.27426
7AAM-C-A	Positive	0.307807	0.692193
7NPB-P-A	Positive	0.000233829	0.999766
7P7S-6-I	Positive	0.242255	0.757745
7MO5-B-A	Positive	0.0679219	0.932078
7S78-W-A	Positive	0.292547	0.707453
7S78-Z-D	Positive	0.00550538	0.994495
7S78-0-D	Positive	0.0196857	0.980314
7S78-2-G	Positive	0.0236028	0.976397
7S78-4-J	Positive	0.00160944	0.998391
7S51-C-A	Positive	0.00889874	0.991101
7VF3-B-A	Positive	0.00216502	0.997835
7WHU-H-D	Positive	0.00129187	0.998708
7UEB-F-A	Positive	0.0373542	0.962646
7QA8-I-A	Positive	0.0024364	0.997564
7QA8-K-B	Positive	0.0024364	0.997564
7UNW-3-F	Positive	0.482358	0.517642
7UNW-8-G	Positive	0.0490662	0.950934
7ZV7-B-A	Positive	0.110034	0.889966
7UR1-C-A	Positive	0.00253475	0.997465
7KHR-r-b	Negative	0.843346	0.156654
7TLT-E-A	Positive	0.00697178	0.993028
7TLT-F-C	Positive	0.00697178	0.993028
7MNQ-B-A	Positive	0.0698489	0.930151
7S7J-B-A	Positive	0.19589	0.80411
7OW2-E-A	Positive	0.00251174	0.997488
7XHG-F-B	Positive	0.0122776	0.987722
7XHG-G-C	Positive	0.0180349	0.981965
7AL2-B-A	Negative	0.625468	0.374532
7KI0-P-R	Negative	0.927821	0.0721794
7EBK-B-A	Positive	0.00207174	0.997928
7N1H-P-H	Negative	0.883172	0.116828
7B5F-D-C	Positive	0.272196	0.727804
7B5F-H-G	Positive	0.486328	0.513672
7UT1-c-a	Negative	0.934458	0.0655418
7XL3-G-C	Positive	0.115891	0.884109
7KGC-D-A	Negative	0.509259	0.490741
7NDG-N-F	Positive	0.290923	0.709077
7NMX-P-A	Positive	0.000356793	0.999643
7NL9-G-H	Negative	0.803671	0.196329
7NL9-C-Q	Positive	0.00130707	0.998693
7X6Y-B-A	Positive	0.00373596	0.996264
7JZR-C-A	Positive	0.00109816	0.998902
7TO8-C-A	Negative	0.669758	0.330242
7Q5V-B-A	Negative	0.522859	0.477141
7M5C-B-A	Negative	0.808554	0.191446
7M5C-F-A	Positive	0.0749925	0.925007
7M5C-D-C	Positive	0.0309824	0.969018
7M5C-J-C	Positive	0.10115	0.89885
7M5C-H-G	Negative	0.808554	0.191446
7M5C-N-M	Positive	0.00531834	0.994682
7M5C-P-O	Negative	0.808554	0.191446
7ZR2-B-A	Positive	0.280517	0.719483
7QOO-C-L	Positive	0.00106603	0.998934
7N6D-C-A	Positive	0.00557196	0.994428
7N6D-O-E	Positive	0.00557196	0.994428
7PUL-P-A	Positive	0.00711739	0.992883
7THM-C-A	Positive	0.0377023	0.962298
7DU2-I-A	Positive	0.116513	0.883487
7CMZ-B-A	Positive	0.0230597	0.97694
7OBG-B-A	Positive	0.00215364	0.997846
7KFA-D-A	Positive	0.00343037	0.99657
7M98-B-A	Positive	0.000694156	0.999306
7YTQ-E-A	Positive	0.0134297	0.98657
7OPM-B-A	Positive	0.00471163	0.995288
7OPM-C-A	Positive	0.0414686	0.958531
7KDF-E-A	Positive	0.0263246	0.973675
7LFD-A-H	Positive	0.0306083	0.969392
7K29-P-A	Positive	0.00517029	0.99483
7OBL-B-A	Positive	0.0019924	0.998008
7MJA-C-A	Negative	0.776307	0.223693
7MP3-L-A	Positive	0.27091	0.72909
7VLY-A-Y	Positive	0.448263	0.551737
7E34-C-A	Positive	0.189958	0.810042
7AS4-4-3	Positive	0.178936	0.821064
7F4E-C-A	Positive	0.00222307	0.997777
7ZDD-D-A	Positive	0.00358438	0.996416
7E1Z-C-A	Positive	0.433864	0.566136
7W0Q-B-A	Positive	0.0137926	0.986207
7F0R-G-C	Positive	0.288572	0.711428
7MVV-C-A	Positive	0.00779653	0.992203
7AD3-K-B	Positive	0.00718462	0.992815
7AD3-H-B	Positive	0.125476	0.874524
7AD3-G-F	Positive	0.0321847	0.967815
7CNU-C-A	Positive	0.283953	0.716047
7X1U-E-A	Positive	0.0300741	0.969926
7U21-C-A	Positive	0.00240201	0.997598
7Y61-K-L	Positive	0.00528979	0.99471
7S4O-C-A	Positive	0.00331146	0.996689
7UY2-C-A	Positive	0.000540912	0.999459
7BQV-B-A	Positive	0.0749103	0.92509
7ZQP-j-d	Negative	0.6327	0.3673
7PC5-B-A	Positive	0.000771165	0.999229
7XPK-B-A	Positive	0.015305	0.984695
7XPK-D-C	Positive	0.023856	0.976144
7OA6-X-B	Positive	0.00148028	0.99852
7OUI-F-A	Positive	0.0335727	0.966427
7OUI-I-A	Positive	0.374732	0.625268
7OUI-L-A	Negative	0.990419	0.0095812
7OUI-M-A	Negative	0.91182	0.0881798
7OUI-T-A	Negative	0.967702	0.0322983
7OUI-U-B	Negative	0.612945	0.387055
7CIQ-C-A	Positive	0.0730169	0.926983
7OY8-E-H	Negative	0.648435	0.351565
7OY8-F-H	Negative	0.737454	0.262546
7OY8-J-H	Negative	0.648435	0.351565
7OY8-S-H	Negative	0.739214	0.260786
7OY8-8-M	Negative	0.855574	0.144425
7MD4-P-B	Positive	0.0476155	0.952384
7MD4-N-A	Negative	0.990518	0.00948196
7MD4-T-A	Negative	0.983338	0.0166617
7BZN-D-A	Negative	0.518459	0.481541
7CRU-B-A	Positive	0.0572943	0.942706
7CRU-D-C	Positive	0.0572943	0.942706
7XJJ-C-E	Positive	0.021157	0.978843
7VFI-C-A	Positive	0.0156508	0.984349
7APO-C-A	Positive	0.0517892	0.948211
7APO-D-B	Positive	0.0517892	0.948211
7N8O-F-A	Positive	0.0677518	0.932248
7N8O-I-A	Negative	0.773932	0.226068
7N8O-J-A	Negative	0.618963	0.381038
7N8O-L-A	Negative	0.992315	0.00768466
7N8O-T-A	Negative	0.946636	0.0533643
7N8O-K-C	Negative	0.91018	0.0898199
7N8O-Y-C	Positive	0.122127	0.877873
7N8O-R-E	Positive	0.461762	0.538238
7DW0-C-A	Positive	0.000364065	0.999636
7N43-F-A	Positive	0.0229585	0.977042
7Z31-I-A	Negative	0.905307	0.094693
7Z31-W-C	Positive	0.00313699	0.996863
7AK9-C-A	Negative	0.836974	0.163026
7DKZ-J-2	Negative	0.961661	0.0383386
7S7F-C-A	Positive	0.00228262	0.997717
7UDK-B-A	Positive	0.00291842	0.997082
7X1B-C-A	Positive	0.00944817	0.990552
7O3T-A-B	Positive	0.0262133	0.973787
7OXI-B-A	Positive	0.256016	0.743984
7OXI-C-A	Positive	0.330828	0.669172
7O37-l-F	Negative	0.991573	0.00842672
7R72-G-I	Positive	0.119741	0.880259
7R72-t-Z	Positive	0.0557877	0.944212
7R72-B-u	Positive	0.000503182	0.999497
7OF3-m-8	Positive	0.241686	0.758314
7K0Q-C-B	Negative	0.534993	0.465007
7XZJ-3-4	Negative	0.606068	0.393932
7XZJ-X-4	Positive	0.0172409	0.982759
7XZJ-E-7	Negative	0.765342	0.234658
7NHP-F-A	Negative	0.825411	0.174589
7RNC-F-A	Positive	0.000147462	0.999853
7JIL-4-F	Negative	0.931596	0.0684037
7JIL-f-F	Negative	0.827926	0.172074
7JIL-G-X	Negative	0.852942	0.147059
7MO2-B-A	Positive	0.485367	0.514633
7Y1F-F-R	Positive	0.0335733	0.966427
7CJB-D-A	Positive	0.024471	0.975529
7CJB-H-E	Positive	0.00183731	0.998163
7CJB-L-I	Positive	0.00669402	0.993306
7VFU-E-A	Positive	0.123603	0.876397
7WLP-B-A	Positive	0.0206062	0.979394
7WLP-C-A	Positive	0.0053845	0.994615
7LWH-B-A	Negative	0.675743	0.324257
7O33-P-L	Positive	0.00223434	0.997766
7ESI-B-A	Positive	0.410306	0.589694
7ESI-C-A	Positive	0.100113	0.899887
7EU2-C-A	Positive	0.0155868	0.984413
7COH-M-A	Negative	0.906128	0.0938722
7A4T-B-A	Positive	0.0956447	0.904355
7A4T-C-A	Positive	0.0696353	0.930365
7SZI-D-A	Positive	0.00398427	0.996016
7Q72-C-A	Positive	0.279653	0.720347
7Q72-D-B	Positive	0.00509113	0.994909
7X70-B-A	Positive	0.000808537	0.999191
7WEK-C-A	Positive	0.1186	0.8814
7WEK-D-A	Positive	0.0421143	0.957886
7Y9N-B-A	Positive	0.0772134	0.922787
7R0W-G-X	Positive	0.491316	0.508684
7R0W-N-I	Negative	0.550186	0.449814
7R0W-P-I	Positive	0.310338	0.689662
7V1A-B-A	Positive	0.178932	0.821068
7ABF-R-A	Positive	0.0280579	0.971942
7ABF-X-A	Negative	0.649509	0.350491
7ZPD-A-B	Positive	0.49908	0.50092
7RT9-Y-A	Positive	0.474053	0.525947
7RT9-Z-C	Positive	0.486612	0.513388
7UXN-B-A	Positive	0.0146204	0.98538
7VZR-E-A	Negative	0.706873	0.293127
7VZR-F-A	Positive	0.159271	0.840729
7VZR-G-A	Negative	0.82352	0.17648
7VZR-e-A	Negative	0.706873	0.293127
7A1S-B-A	Positive	0.00354612	0.996454
7ST8-S-H	Positive	0.000347376	0.999653
7RJR-B-A	Positive	0.0165783	0.983422
7C94-C-A	Positive	0.00460625	0.995394
7S4A-B-A	Positive	0.12486	0.87514
7S4A-D-A	Positive	0.49389	0.50611
7KL5-B-A	Positive	0.000395954	0.999604
7QPJ-E-C	Positive	0.0307794	0.969221
7SN6-C-A	Positive	0.0192346	0.980765
7SN6-D-B	Positive	0.0109047	0.989095
7O5D-P-A	Positive	0.00064069	0.999359
7EMF-B-A	Positive	0.0264379	0.973562
7F4I-U-R	Positive	0.00194836	0.998052
7JVO-B-A	Positive	0.000957906	0.999042
7PBN-H-D	Negative	0.695677	0.304323
7L1D-C-A	Positive	0.0112706	0.988729
7LEN-C-A	Negative	0.934525	0.0654747
7OBK-B-A	Positive	0.00231433	0.997686
7SSC-P-H	Negative	0.752914	0.247086
7T8M-C-A	Positive	0.00758433	0.992416
7T8M-D-A	Positive	0.00593066	0.994069
7AD6-C-A	Negative	0.926762	0.0732384
7OR7-B-A	Positive	0.00395525	0.996045
7BEE-C-A	Positive	0.250733	0.749267
7BEE-D-A	Positive	0.275667	0.724333
7BEE-F-A	Positive	0.373498	0.626502
7BEE-H-A	Positive	0.439845	0.560155
7M5U-B-A	Positive	0.0024026	0.997597
7ZDI-D-A	Negative	0.9866	0.0134003
7KL1-C-A	Positive	0.315243	0.684757
7KL1-D-A	Positive	0.104069	0.895931
7TYL-P-R	Positive	0.261472	0.738528
7DDQ-N-o	Negative	0.976746	0.023254
7DDQ-O-o	Negative	0.976746	0.023254
7DDQ-U-t	Negative	0.980232	0.0197684
7DDQ-F-e	Negative	0.976746	0.023254
7DDQ-a-b	Negative	0.745937	0.254063
7DDQ-J-k	Negative	0.976746	0.023254
7DD1-B-A	Positive	0.00386316	0.996137
7PNK-F-A	Positive	0.142135	0.857865
7PNK-I-A	Positive	0.183443	0.816557
7PNK-J-A	Positive	0.122325	0.877675
7PNK-L-A	Negative	0.986982	0.0130179
7PNK-T-A	Negative	0.85695	0.14305
7PNK-W-A	Negative	0.990374	0.00962638
7PNK-M-B	Negative	0.671907	0.328093
7PNK-U-B	Negative	0.529508	0.470492
7PNK-V-C	Positive	0.0576252	0.942375
7OHT-e-C	Positive	0.121069	0.878931
7RNW-Y-A	Positive	0.00973803	0.990262
7RNW-Z-A	Positive	0.00593787	0.994062
7RNW-X-C	Positive	0.00537944	0.994621
7RNW-W-C	Positive	0.0205951	0.979405
7OBR-z-B	Negative	0.526942	0.473058
7FC0-D-E	Positive	0.0173163	0.982684
7LLY-P-R	Positive	0.485562	0.514438
7DW6-C-A	Positive	0.00283211	0.997168
7JPN-H-A	Positive	0.057996	0.942004
7M51-A-H	Positive	0.01926	0.98074
7OHS-V-B	Positive	0.392345	0.607655
7TA3-A-B	Negative	0.859764	0.140237
7S4Q-F-A	Positive	0.000480652	0.999519
7W0D-G-F	Positive	0.000926018	0.999074
7OYR-B-A	Positive	0.00229818	0.997702
7N6J-B-A	Negative	0.572677	0.427323
7RN9-F-A	Positive	0.000826418	0.999174
7N6N-C-A	Positive	0.00199753	0.998002
7DS2-C-A	Positive	0.00759697	0.992403
7Q9A-C-A	Positive	0.0506955	0.949305
7W0T-A-F	Positive	0.0021224	0.997878
7W0T-E-C	Positive	0.0129497	0.98705
7W0T-D-B	Positive	0.0101715	0.989828
7QQY-B-A	Positive	0.000539958	0.99946
7XWO-D-B	Positive	0.00206828	0.997932
7BOS-B-A	Positive	0.00155526	0.998445
7KL2-B-A	Positive	0.276549	0.723451
7RUP-B-A	Positive	0.00945181	0.990548
7KSQ-M-B	Positive	0.206909	0.793091
7X7P-C-M	Negative	0.859294	0.140706
7ATR-B-A	Positive	0.0215834	0.978417
7WAE-L-A	Positive	0.005889	0.994111
7KEV-C-A	Positive	0.00860143	0.991399
7CDG-C-A	Positive	0.147971	0.852029
7SSD-A-e	Negative	0.59988	0.40012
7MLA-B-A	Positive	0.0229847	0.977015
7UVA-C-A	Positive	0.00877082	0.991229
7UVA-F-D	Positive	0.00139946	0.998601
7UXM-D-A	Negative	0.819017	0.180983
7X6Z-B-A	Positive	0.000620842	0.999379
7M2X-U-C	Negative	0.513523	0.486477
7TSX-D-A	Positive	0.00202686	0.997973
7TSX-C-B	Positive	0.00993466	0.990065
7NVO-N-E	Negative	0.846712	0.153288
7P9W-B-A	Positive	0.160186	0.839814
7AM6-P-C	Positive	0.00287825	0.997122
7PRX-B-A	Positive	0.128652	0.871348
7SJQ-D-A	Negative	0.899778	0.100222
7SU9-C-A	Positive	0.0315917	0.968408
7DOC-E-B	Positive	0.25199	0.74801
7DOC-I-B	Positive	0.00190395	0.998096
7ZLG-P-A	Positive	0.00287896	0.997121
7AR8-b-A	Negative	0.777615	0.222385
7AR8-r-C	Positive	0.0243435	0.975657
7AR8-l-L	Negative	0.935135	0.0648654
7U60-M-A	Positive	0.000729144	0.999271
7TOW-E-H	Negative	0.673447	0.326553
7TOW-D-A	Negative	0.958004	0.0419957
7QWQ-t-x	Positive	0.188656	0.811344
7QWQ-u-d	Positive	0.085008	0.914992
7XOW-L-R	Positive	0.0162311	0.983769
7UIR-C-A	Positive	0.194808	0.805192
7UIR-D-A	Positive	0.0128951	0.987105
7PI5-I-A	Positive	0.183443	0.816557
7PI5-T-A	Negative	0.85695	0.14305
7PI5-W-A	Negative	0.990374	0.00962638
7PI5-M-B	Negative	0.796443	0.203557
7QTT-L-N	Positive	0.329541	0.670459
7QTX-B-A	Positive	0.0326025	0.967397
7R7C-w-7	Positive	0.0853047	0.914695
7NKL-D-A	Positive	0.0215832	0.978417
7NKL-E-A	Positive	0.0027554	0.997245
7NKL-b-A	Negative	0.742153	0.257847
7NKL-B-d	Positive	0.111406	0.888594
7NKL-C-d	Positive	0.0857714	0.914229
7NKL-F-d	Positive	0.0043357	0.995664
7W64-G-A	Positive	0.00307089	0.996929
7W64-H-A	Positive	0.00307089	0.996929
7RNF-F-A	Positive	0.000166655	0.999833
7QCS-C-A	Positive	0.000365734	0.999634
7ABI-8-v	Positive	0.00852126	0.991479
7ABI-R-r	Negative	0.641412	0.358588
7Y35-P-R	Positive	0.0728137	0.927186
7P1C-B-A	Positive	0.00116998	0.99883
7UBU-P-A	Positive	0.0119284	0.988072
7UBU-Q-A	Positive	0.00878733	0.991213
7A1P-B-A	Positive	0.0447115	0.955288
7WD8-A-E	Positive	0.00943762	0.990562
7A2X-B-A	Positive	0.00511086	0.994889
7YJ1-C-B	Negative	0.6598	0.3402
7YJ1-E-D	Negative	0.974586	0.0254137
7VVU-Y-V	Negative	0.988771	0.0112286
7VVU-X-N	Positive	0.00151336	0.998487
7UVV-0-2	Negative	0.848512	0.151488
7UVV-H-W	Negative	0.73038	0.26962
7VLJ-B-A	Negative	0.902385	0.0976146
7PGC-C-B	Positive	0.00111443	0.998886
7UC5-C-A	Positive	0.00469261	0.995307
7UJR-B-A	Positive	0.00357395	0.996426
7MX1-C-A	Positive	0.00178164	0.998218
7KUI-G-A	Negative	0.766539	0.233461
7RTE-D-C	Negative	0.517041	0.482959
7OF0-V-5	Negative	0.896093	0.103907
7NVW-W-2	Positive	0.00501668	0.994983
7KSO-F-C	Positive	0.19774	0.80226
7RUC-D-A	Negative	0.95216	0.0478399
7YI6-A-B	Positive	0.000191987	0.999808
7YI6-C-E	Positive	0.000380397	0.99962
7XQU-C-A	Positive	0.0171902	0.98281
7FJ3-C-2	Positive	0.00556618	0.994434
7FJ3-d-S	Positive	0.000167131	0.999833
7BRL-L-A	Positive	0.00247711	0.997523
7RE8-C-A	Positive	0.00385141	0.996149
7RE8-F-D	Positive	0.00385141	0.996149
7WBI-C-A	Positive	0.000241458	0.999759
7Y3F-J-A	Negative	0.961591	0.0384091
7Y3F-M-B	Positive	0.173539	0.826461
7Y3F-X-B	Negative	0.678685	0.321315
7JRG-K-A	Negative	0.984504	0.0154963
7CZM-C-A	Positive	0.000449836	0.99955
7CZM-D-B	Positive	0.0245502	0.97545
7A6Y-J-A	Positive	0.00235206	0.997648
7A6Y-K-B	Positive	0.0027445	0.997256
7A6Y-M-D	Positive	0.00235206	0.997648
7QQN-B-A	Positive	0.00139695	0.998603
7QQN-D-C	Positive	0.00252986	0.99747
7EQZ-I-A	Negative	0.96571	0.0342899
7R4H-L-G	Positive	0.00738293	0.992617
7URD-B-A	Positive	0.00437981	0.99562
7XJO-C-A	Positive	0.00210935	0.997891
7F4D-M-R	Positive	0.000624835	0.999375
7ZV8-C-A	Positive	0.110034	0.889966
7DS4-C-B	Positive	0.254432	0.745568
7EO0-4-1	Negative	0.534986	0.465014
7JTV-E-B	Positive	0.00185657	0.998143
7JTV-H-A	Positive	0.00452286	0.995477
7RYC-L-O	Positive	0.00171453	0.998285
7CFD-I-B	Positive	0.00379521	0.996205
7CFD-K-B	Positive	0.00521833	0.994782
7CFD-J-C	Positive	0.00186807	0.998132
7CFD-L-E	Positive	0.0155693	0.984431
7CFD-M-F	Positive	0.00414705	0.995853
7CFD-N-G	Positive	0.00512087	0.994879
7CFD-Z-H	Positive	0.00772941	0.992271
7JK4-F-C	Positive	0.426012	0.573988
7D68-P-R	Positive	0.138831	0.861169
7A8U-B-A	Positive	0.00254172	0.997458
7Y04-E-A	Positive	0.0193529	0.980647
7CE4-B-A	Negative	0.996025	0.00397475
7Q46-B-A	Positive	0.0229591	0.977041
7Q46-D-C	Positive	0.00214958	0.99785
7Q46-F-E	Positive	0.00354791	0.996452
7YF2-C-A	Positive	0.0152047	0.984795
7WK8-B-C	Positive	0.124458	0.875542
7BRJ-L-A	Positive	0.00138128	0.998619
7ENO-4-1	Negative	0.72574	0.27426
7OF5-m-8	Positive	0.374995	0.625005
7BYD-C-A	Positive	0.0751891	0.924811
7D3D-a-A	Positive	0.0182626	0.981737
7ZQB-f-b	Positive	0.49291	0.50709
7QIP-C-A	Positive	0.00162494	0.998375
7QIP-D-B	Positive	0.0476121	0.952388
7U8F-C-A	Negative	0.885649	0.114351
7XV0-B-A	Positive	0.336783	0.663217
7A23-n-I	Negative	0.962948	0.0370517
7A23-g-M	Positive	0.200531	0.799469
7A23-l-M	Positive	0.0199879	0.980012
7A23-h-a	Negative	0.959643	0.0403566
7A23-t-a	Negative	0.805136	0.194864
7L4Z-S-B	Negative	0.787517	0.212483
7JRP-W-M	Negative	0.929679	0.0703206
7JRP-h-T	Negative	0.885598	0.114402
7JRP-j-a	Positive	0.0155523	0.984448
7BRG-L-A	Positive	0.0339769	0.966023
7N6K-B-A	Positive	0.0190587	0.980941
7OPX-D-A	Negative	0.695059	0.304941
7CP9-A-I	Negative	0.986124	0.0138761
7CP9-B-J	Negative	0.971393	0.0286074
7CP9-D-J	Negative	0.954946	0.0450539
7ETV-B-A	Positive	0.000282109	0.999718
7BN1-E-A	Positive	0.000929534	0.99907
7BN1-F-B	Positive	0.000331402	0.999669
7LO0-I-A	Positive	0.0481231	0.951877
7LO0-M-A	Positive	0.00163704	0.998363
7LO0-Q-A	Positive	0.000977635	0.999022
7LO0-N-B	Positive	0.080266	0.919734
7LO0-R-B	Positive	0.000491023	0.999509
7LO0-O-G	Positive	0.0613925	0.938607
7UXI-B-A	Positive	0.295571	0.704429
7Y66-E-D	Positive	0.00746667	0.992533
7URE-B-A	Positive	0.00437981	0.99562
7OP0-C-A	Negative	0.943181	0.0568186
7N0W-G-A	Positive	0.00345629	0.996544
7OY3-B-A	Positive	0.172873	0.827127
7UWO-B-A	Positive	0.436939	0.563061
7OWO-D-A	Positive	0.00214022	0.99786
7OWO-F-B	Positive	0.00214022	0.99786
7RNJ-B-L	Positive	0.00948608	0.990514
7LKY-J-A	Positive	0.00147992	0.99852
7LKY-P-G	Positive	0.00206232	0.997938
7UNU-8-G	Positive	0.0490662	0.950934
7VPG-X-A	Positive	0.290188	0.709812
7VPG-D-C	Positive	0.332458	0.667542
7WJH-B-A	Positive	0.213755	0.786245
7TYH-P-E	Positive	0.445591	0.554409
7YIY-E-D	Positive	0.0562617	0.943738
7ZX8-d-M	Positive	0.275885	0.724115
7RZD-C-A	Positive	0.0294867	0.970513
7R6Q-L-D	Positive	0.175923	0.824077
7R6Q-g-n	Positive	0.0359316	0.964068
7R6Q-Z-t	Positive	0.00109303	0.998907
7R6Q-h-X	Positive	0.123502	0.876498
7M8U-C-A	Positive	0.00330222	0.996698
7OWQ-D-A	Positive	0.00162303	0.998377
7LLL-P-R	Negative	0.842867	0.157133
7EHZ-B-A	Positive	0.00341934	0.996581
7QIO-L-N	Negative	0.951727	0.048273
7FDM-C-A	Positive	0.00746477	0.992535
7FDM-D-B	Positive	0.003775	0.996225
7Y0S-C-B	Positive	0.0289486	0.971051
7E9M-B-A	Positive	0.00356841	0.996432
7JVS-C-B	Negative	0.579761	0.420239
7ZB0-F-B	Positive	0.0108456	0.989154
7ZB0-H-D	Positive	0.00326198	0.996738
7FDO-B-A	Negative	0.973848	0.0261521
7TFC-U-A	Positive	0.0063898	0.99361
7XTG-A-B	Positive	0.4329	0.5671
7VVJ-P-R	Positive	0.48341	0.51659
7Q43-D-C	Positive	0.0077877	0.992212
7Q43-B-A	Positive	0.0210969	0.978903
7Q43-F-E	Positive	0.0077877	0.992212
7UMS-V-T	Negative	0.978245	0.0217553
7O6N-C-A	Positive	0.021464	0.978536
7O6N-D-A	Positive	0.135322	0.864678
7RNA-F-A	Positive	0.00219303	0.997807
7JK5-F-C	Positive	0.257513	0.742487
7YF4-C-A	Positive	0.00110978	0.99889
7YF4-D-B	Positive	0.00115913	0.998841
7CDB-C-A	Negative	0.82575	0.17425
7UDB-C-A	Positive	0.307727	0.692273
7F54-L-R	Positive	0.277707	0.722293
7Z50-T-A	Positive	0.0182788	0.981721
7Z50-W-A	Positive	0.00867218	0.991328
7YOT-C-D	Positive	0.109764	0.890236
7YOT-B-D	Positive	0.0151424	0.984858
7L0S-G-A	Positive	0.179633	0.820367
7P93-B-A	Positive	0.00131148	0.998689
7P93-M-A	Positive	0.151004	0.848996
7P0L-D-B	Positive	0.00069952	0.9993
7M5A-B-A	Positive	0.00484341	0.995157
7NLC-B-A	Positive	0.00391102	0.996089
7U5V-C-A	Positive	0.0011549	0.998845
7YKD-L-A	Positive	0.00732416	0.992676
7T5M-E-A	Positive	0.0297453	0.970255
7T5M-F-C	Positive	0.0127643	0.987236
7LET-B-E	Positive	0.0058136	0.994186
7F2D-B-A	Positive	0.00053376	0.999466
7PPM-B-A	Positive	0.00155491	0.998445
7ZPY-B-A	Negative	0.654508	0.345492
7K2L-P-A	Positive	0.00410748	0.995893
7XZI-X-9	Positive	0.0239434	0.976057
7CZL-F-A	Positive	0.211164	0.788836
7CZL-I-A	Negative	0.646249	0.353751
7CZL-M-A	Negative	0.980388	0.0196118
7CZL-X-D	Negative	0.755593	0.244407
7CZL-k-c	Positive	0.42524	0.57476
7TFA-A-B	Positive	0.00205523	0.997945
7E87-J-B	Positive	0.263271	0.736729
7BCY-P-A	Positive	0.000202	0.999798
7QTO-C-A	Positive	0.000208199	0.999792
7QTO-D-A	Positive	0.000226438	0.999774
7DRP-E-A	Positive	0.0137854	0.986215
7DRP-F-C	Positive	0.0367981	0.963202
7LGT-F-A	Positive	0.322157	0.677843
7LGT-E-C	Positive	0.322157	0.677843
7EMB-C-A	Positive	0.000359178	0.999641
7X00-C-A	Positive	0.00175071	0.998249
7QOT-C-A	Positive	0.0737016	0.926298
7QOT-D-B	Positive	0.188702	0.811298
7YZX-B-A	Positive	0.00162953	0.99837
7Q3L-p-A	Negative	0.605324	0.394676
7XXG-D-A	Positive	0.249238	0.750762
7F3S-B-A	Positive	0.035342	0.964658
7VPH-X-A	Positive	0.0810734	0.918927
7VPH-D-C	Positive	0.171677	0.828323
7VPH-J-E	Positive	0.00867689	0.991323
7VPH-H-G	Positive	0.315515	0.684485
7ZAK-C-A	Negative	0.73622	0.263781
7EJM-C-A	Positive	0.00289053	0.997109
7OII-B-R	Negative	0.551513	0.448487
7RAQ-P-H	Positive	0.00115407	0.998846
7S8M-A-R	Positive	9.52482e-05	0.999905
7FGJ-C-H	Positive	0.00017482	0.999825
7WUI-L-R	Positive	0.000348568	0.999651
7WMC-C-A	Positive	0.00561041	0.99439
7Y8W-E-A	Positive	0.00315559	0.996844
7Y8W-F-A	Positive	0.00200546	0.997995
7Y8W-O-M	Positive	0.00384647	0.996154
7Y8W-P-M	Positive	0.00355941	0.996441
7Y8W-S-Q	Positive	0.00279206	0.997208
7W3Z-L-A	Positive	0.0164588	0.983541
7RNU-B-A	Positive	0.00222248	0.997778
7RNU-D-A	Positive	0.00361216	0.996388
7RNU-F-C	Positive	0.0150685	0.984931
7RNU-H-G	Positive	0.00313962	0.99686
7TXF-F-A	Positive	0.17421	0.82579
7JMM-B-A	Positive	0.000589252	0.999411
7TYY-P-E	Positive	0.11137	0.88863
7Q4Q-E-A	Positive	0.0113288	0.988671
7VBH-P-R	Positive	0.496317	0.503683
7OYH-B-A	Positive	0.37189	0.62811
7VDD-F-C	Negative	0.865949	0.134051
7VDD-D-G	Negative	0.975874	0.0241257
7B1G-E-A	Positive	0.467601	0.532399
7N2P-C-A	Positive	0.089664	0.910336
7NND-P-A	Positive	0.00165677	0.998343
7QGN-B-1	Negative	0.928948	0.0710522
7F4H-F-R	Positive	0.00171733	0.998283
7JTK-M-E	Negative	0.982634	0.0173663
7JTK-U-E	Positive	0.269334	0.730666
7JTK-N-F	Positive	0.360537	0.639463
7JTK-s-F	Negative	0.685224	0.314776
7JTK-u-F	Negative	0.989331	0.0106692
7DVY-C-A	Positive	0.000340939	0.999659
7CUI-B-A	Positive	0.0141894	0.985811
7TTC-P-A	Positive	0.297399	0.702601
7Y9C-C-A	Positive	0.0185657	0.981434
7PWG-l-X	Negative	0.604993	0.395007
7W57-C-R	Positive	0.198875	0.801125
7SAX-E-A	Negative	0.668888	0.331112
7SAX-G-A	Negative	0.598371	0.401629
7YQ7-I-A	Negative	0.852507	0.147493
7YQ7-J-A	Negative	0.725003	0.274997
7T1L-C-A	Positive	6.73532e-05	0.999933
7B4V-B-C	Positive	0.0329257	0.967074
7ZW4-B-A	Negative	0.719194	0.280806
7VGA-A-B	Negative	0.893515	0.106486
7UQC-C-A	Positive	0.00695556	0.993044
7UQC-F-D	Positive	0.00695556	0.993044
7TM3-B-C	Positive	0.00671428	0.993286
7E9K-C-A	Positive	0.130946	0.869054
7E9K-F-D	Positive	0.0242684	0.975732
7ZJS-E-A	Negative	0.747969	0.252031
7VGX-L-R	Positive	0.411516	0.588484
7QS8-C-A	Positive	0.000710249	0.99929
7MJ8-C-A	Positive	0.00259584	0.997404
7EIB-D-A	Negative	0.972448	0.0275521
7LPS-C-B	Negative	0.879302	0.120698
7LPS-F-E	Negative	0.751615	0.248385
7NDX-B-A	Positive	0.135031	0.864969
7R4F-Y-M	Positive	0.0081498	0.99185
7YOO-L-R	Negative	0.820153	0.179847
7JFL-C-A	Negative	0.95158	0.04842
7JFL-D-A	Negative	0.980827	0.0191729
7AM7-P-C	Positive	0.000510454	0.99949
7SJP-E-H	Positive	0.00886005	0.99114
7SQV-C-A	Positive	0.0167719	0.983228
7SQV-B-A	Positive	0.00125986	0.99874
7SQV-D-A	Positive	0.0108245	0.989175
7R2T-B-A	Positive	0.00180238	0.998198
7BJN-B-A	Positive	0.050373	0.949627
7JQD-B-A	Positive	0.231742	0.768258
7NQC-B-A	Positive	0.0149116	0.985088
7V35-P-R	Positive	0.42846	0.57154
7SSO-A-e	Negative	0.626629	0.373371
7LFL-C-A	Positive	0.0003829	0.999617
7BYE-A-B	Positive	0.324778	0.675222
7QSO-s-E	Negative	0.684385	0.315615
7QSO-Y-M	Negative	0.984915	0.0150854
7UJP-C-A	Positive	0.269295	0.730705
7UJP-D-A	Positive	0.00524771	0.994752
7SAY-E-A	Negative	0.913916	0.0860841
7SAY-F-C	Negative	0.660482	0.339518
7AGB-I-A	Positive	0.00563914	0.994361
7K2J-P-B	Positive	0.00115073	0.998849
7USQ-F-A	Positive	0.000912905	0.999087
7SL7-I-A	Negative	0.984686	0.0153136
7S02-C-A	Positive	0.00228703	0.997713
7EKK-P-H	Positive	0.129063	0.870937
7RG4-B-E	Positive	0.000572145	0.999428
7QSL-c-N	Negative	0.926549	0.0734514
7LV0-A-e	Negative	0.679323	0.320677
7KGS-C-A	Positive	0.00433028	0.99567
7K2C-P-A	Positive	0.00286484	0.997135
7S8L-A-R	Positive	0.000865519	0.999134
7C9O-A-B	Negative	0.924423	0.0755772
7ACW-B-A	Positive	0.0450978	0.954902
7ACW-D-A	Positive	0.10205	0.89795
7DDM-E-A	Positive	0.000782609	0.999217
7VV4-L-R	Positive	0.000955641	0.999044
7QXW-e-V	Negative	0.906796	0.0932036
7S8S-C-A	Positive	0.0243021	0.975698
7SZ5-C-A	Positive	0.339027	0.660973
7MSC-1-3	Positive	0.268234	0.731766
7PFZ-C-B	Positive	0.00111443	0.998886
7AE7-b-A	Negative	0.977937	0.0220635
7K2D-P-B	Positive	0.00594378	0.994056
7QTW-B-A	Positive	0.127999	0.872001
7T0V-G-A	Positive	0.0116847	0.988315
7F7O-B-A	Positive	0.0367362	0.963264
7Z73-B-E	Positive	0.438162	0.561838
7Z73-C-E	Negative	0.734143	0.265857
7Z73-D-E	Negative	0.75227	0.24773
7Z73-A-F	Negative	0.551731	0.448269
7AQW-i-g	Positive	0.00381333	0.996187
7TZK-C-A	Positive	0.00399244	0.996008
7E9H-C-B	Positive	0.322329	0.677671
7VD7-B-A	Negative	0.770039	0.229961
7O5S-P-A	Positive	0.000912428	0.999088
7W0S-A-B	Positive	0.00660264	0.993397
7MBX-P-R	Positive	0.00122148	0.998779
7O4K-F-A	Negative	0.854947	0.145053
7NAD-V-w	Positive	0.035386	0.964614
7QUV-C-B	Negative	0.745014	0.254986
7VRJ-A-L	Negative	0.627056	0.372944
7VRJ-7-L	Negative	0.627056	0.372944
7VRJ-9-L	Negative	0.559557	0.440443
7VRJ-P-M	Negative	0.987999	0.0120013
7VRJ-E-H	Negative	0.986311	0.0136888
7VRJ-G-D	Negative	0.972783	0.0272167
7VRJ-J-F	Negative	0.834852	0.165148
7VRJ-T-S	Negative	0.972783	0.0272167
7VRJ-Z-W	Negative	0.755536	0.244464
7VRJ-4-3	Negative	0.987999	0.0120013
7V8Q-H-C	Positive	0.0487122	0.951288
7BZU-D-A	Negative	0.78841	0.21159
7T56-C-A	Positive	0.0117809	0.988219
7TL7-a-A	Positive	0.053592	0.946408
7CLV-C-A	Positive	0.00935423	0.990646
7MSO-E-A	Positive	0.00181383	0.998186
7PLL-B-A	Positive	0.0576457	0.942354
7ABH-L-F	Negative	0.883844	0.116156
7ABH-7-T	Positive	0.160091	0.839909
7DRN-E-A	Positive	0.00972134	0.990279
7Q5X-B-A	Positive	0.421344	0.578656
7X9E-E-A	Negative	0.692464	0.307536
7NM9-P-A	Positive	0.00859988	0.9914
7MFR-P-A	Positive	0.018938	0.981062
7O31-P-L	Positive	0.00204796	0.997952
7JK7-A-B	Positive	0.0193614	0.980639
7ZYV-G-A	Positive	0.382546	0.617454
7ZYV-Q-A	Positive	0.226442	0.773558
7ZYV-O-I	Negative	0.636288	0.363712
7ZYV-P-I	Positive	0.456331	0.543669
7X7N-H-B	Positive	0.34701	0.65299
7EU1-L-B	Negative	0.657879	0.342121
7Y99-B-A	Positive	0.00173348	0.998267
7S3D-J-A	Negative	0.602266	0.397734
7D2Q-D-A	Positive	0.0642487	0.935751
7KLZ-C-A	Positive	0.00536329	0.994637
7E6P-A-L	Positive	0.0462612	0.953739
7ZL7-D-A	Positive	0.407608	0.592392
7E5E-E-A	Positive	0.0113276	0.988672
7MB8-E-A	Positive	0.00198758	0.998012
7UIQ-D-A	Positive	0.00980598	0.990194
7P33-J-A	Positive	0.0057199	0.99428
7P33-H-B	Positive	0.0912304	0.90877
7P33-F-B	Positive	0.00473028	0.99527
7P33-I-D	Positive	0.00281882	0.997181
7Q50-B-A	Positive	0.000180185	0.99982
7VVO-P-R	Positive	0.000180781	0.999819
7LWB-D-A	Negative	0.657488	0.342512
7XFG-B-A	Positive	0.270227	0.729773
7W5R-H-E	Positive	0.0041194	0.995881
7RJE-I-K	Negative	0.772714	0.227285
7CIS-C-A	Positive	0.00553012	0.99447
7RUG-L-A	Positive	0.00596851	0.994031
7LUL-B-A	Positive	0.000506997	0.999493
7RTI-D-C	Positive	0.082131	0.917869
7C52-8-L	Negative	0.813256	0.186744
7C52-E-H	Negative	0.914121	0.0858788
7C52-R-O	Negative	0.813256	0.186744
7ZIT-C-A	Positive	0.00325888	0.996741
7AD9-A-B	Positive	0.000272453	0.999728
7A4Y-D-B	Positive	0.258324	0.741676
7A4Y-E-B	Positive	0.232138	0.767862
7EMA-C-A	Positive	0.00622261	0.993777
7EGT-D-A	Negative	0.982218	0.0177822
7UDM-C-A	Positive	0.0357624	0.964238
7PKQ-u-B	Negative	0.716816	0.283184
7KQ1-B-A	Positive	0.421416	0.578584
7KQ1-F-E	Positive	0.157706	0.842294
7RG6-C-A	Positive	0.00239289	0.997607
7RG6-D-A	Positive	0.000816286	0.999184
7JSX-x-A	Positive	0.00561219	0.994388
7F7G-C-A	Positive	0.0380449	0.961955
7AA9-B-A	Positive	0.000104308	0.999896
7AA9-F-A	Positive	0.000594974	0.999405
7TT6-C-D	Negative	0.987545	0.0124549
7W5M-B-A	Positive	0.00420654	0.995793
7JQC-F-D	Positive	0.0669784	0.933022
7F16-P-R	Negative	0.787174	0.212826
7OIE-4-r	Negative	0.975742	0.0242582
7ZRR-B-A	Positive	0.000440657	0.999559
7UFG-C-A	Positive	0.0337226	0.966277
7UFG-D-B	Positive	0.0552732	0.944727
7RGP-P-R	Negative	0.736328	0.263672
7YXR-R-A	Positive	0.0690196	0.93098
7YXR-S-A	Positive	0.0690196	0.93098
7OUP-F-A	Positive	0.0101846	0.989815
7ANK-C-A	Negative	0.780884	0.219116
7ATN-D-A	Negative	0.991746	0.00825412
7BR7-B-K	Negative	0.840134	0.159866
7BR7-O-K	Positive	0.164902	0.835098
7XK8-P-R	Negative	0.600244	0.399756
7EDO-C-A	Positive	0.00161695	0.998383
7VV0-L-R	Positive	0.00115502	0.998845
7Y60-K-L	Negative	0.920331	0.0796685
7YC2-F-A	Positive	0.0047279	0.995272
7R0J-A-C	Positive	0.0024333	0.997567
7XHN-o-I	Positive	0.00510848	0.994892
7CPO-C-A	Positive	0.00939369	0.990606
7MVZ-C-A	Positive	0.0435792	0.956421
7F8X-C-A	Positive	0.0123568	0.987643
7K48-E-A	Positive	0.147562	0.852438
7QOH-j-A	Negative	0.955998	0.044002
7QOH-l-B	Positive	0.0554031	0.944597
7QOH-m-C	Positive	0.0128022	0.987198
7AUE-C-R	Positive	0.00199252	0.998007
7E32-G-B	Negative	0.923155	0.0768453
7Q4P-1-A	Positive	0.0486075	0.951392
7M76-K-A	Positive	0.0805352	0.919465
7LBM-w-A	Positive	0.20725	0.79275
7BRI-L-A	Negative	0.555117	0.444882
7P0T-C-A	Positive	0.000974774	0.999025
7SHL-R-A	Positive	0.100263	0.899737
7VCQ-K-A	Positive	0.00529498	0.994705
7XXJ-D-A	Positive	0.249238	0.750762
7U0A-A-H	Negative	0.757354	0.242646
7TZ6-I-A	Positive	0.159437	0.840563
7YX8-F-A	Positive	0.00424564	0.995754
7YX8-H-A	Positive	0.00644028	0.99356
7QRM-G-A	Positive	0.307441	0.692559
7SQA-C-B	Positive	0.0234837	0.976516
7RM0-P-A	Positive	0.0726478	0.927352
7RM0-Q-C	Positive	0.114075	0.885925
7RM0-R-E	Positive	0.00186926	0.998131
7XHB-B-A	Positive	0.493772	0.506228
7RJK-C-A	Positive	0.00113654	0.998863
7TS0-U-P	Negative	0.683878	0.316122
7CTT-D-A	Negative	0.931876	0.0681244
7C1M-B-A	Positive	0.0395882	0.960412
7ZVC-C-A	Positive	0.0103703	0.98963
7LX0-T-G	Positive	0.00295132	0.997049
7QY5-F-B	Positive	0.00333506	0.996665
7QY5-G-D	Positive	0.0038712	0.996129
7E11-B-A	Positive	0.000837922	0.999162
7JWQ-V-A	Positive	0.0159363	0.984064
7CDD-C-A	Positive	0.00595528	0.994045
7FIN-P-R	Positive	0.496559	0.503441
7X6V-B-A	Positive	0.237524	0.762476
7K2M-P-A	Positive	0.00176781	0.998232
7O5H-U-K	Positive	0.00310123	0.996899
7D9V-C-A	Positive	0.000134826	0.999865
7D9V-D-B	Positive	0.000325441	0.999675
7XHA-B-A	Negative	0.852414	0.147586
7A0R-2-C	Negative	0.759124	0.240876
7FB9-N-B	Positive	0.0387677	0.961232
7EMC-C-A	Positive	0.00130045	0.9987
7JYA-D-A	Positive	0.0118245	0.988176
7JYA-F-A	Positive	0.00205475	0.997945
7JYA-E-B	Positive	0.00131065	0.998689
7F6H-L-A	Negative	0.857446	0.142554
7F6H-D-C	Negative	0.955407	0.0445927
7UJS-B-A	Positive	0.276549	0.723451
7JGB-b-a	Negative	0.853999	0.146001
7JGB-d-a	Positive	0.249255	0.750745
7VSI-B-A	Negative	0.981584	0.0184155
7YXW-D-A	Positive	0.0143299	0.98567
7K28-P-B	Positive	0.0102457	0.989754
7CIR-C-A	Positive	0.0694299	0.93057
7NKP-G-L	Negative	0.992502	0.00749826
7NKP-H-L	Negative	0.521825	0.478175
7P02-P-R	Negative	0.892913	0.107087
7EGR-K-A	Positive	0.00522089	0.994779
7EGR-N-F	Positive	0.00522089	0.994779
7LG2-C-A	Positive	0.0111493	0.988851
7UZO-B-A	Positive	0.309605	0.690395
7V7K-C-A	Positive	0.0439327	0.956067
7M60-C-A	Positive	0.00763023	0.99237
7M60-B-A	Positive	0.00632823	0.993672
7NKK-C-G	Positive	0.0441053	0.955895
7DEG-C-A	Positive	0.132577	0.867423
7KGQ-C-A	Positive	0.00124705	0.998753
7CO7-C-D	Positive	0.0198177	0.980182
7PWF-e-J	Negative	0.863258	0.136742
7PWF-d-D	Negative	0.696584	0.303416
7Q1E-P-A	Negative	0.535338	0.464662
7C41-D-A	Positive	0.0103387	0.989661
7EWJ-C-A	Positive	0.109814	0.890186
7EWJ-F-D	Positive	0.387612	0.612388
7STX-C-A	Positive	0.00277746	0.997223
7DF9-V-A	Positive	0.0473133	0.952687
7T0L-C-A	Positive	0.0184581	0.981542
7KGR-C-A	Positive	0.000882685	0.999117
7RLX-P-B	Positive	0.0313144	0.968686
7BY2-A-B	Positive	0.310966	0.689034
7EBZ-D-A	Negative	0.619184	0.380815
7ML1-U-O	Positive	0.0183195	0.981681
7ML1-V-O	Negative	0.775556	0.224444
7YF3-C-A	Positive	0.00182319	0.998177
7YF3-D-B	Positive	0.00258905	0.997411
7K76-P-A	Positive	0.00343215	0.996568
7RMA-C-A	Positive	0.265999	0.734001
7XGJ-D-A	Positive	0.00125796	0.998742
7XMT-C-S	Negative	0.799034	0.200966
7Q1F-P-A	Negative	0.794794	0.205205
7Q1F-V-R	Positive	0.3502	0.6498
7WFY-A-C	Positive	0.00570661	0.994293
7Y65-L-D	Positive	0.00837582	0.991624
7RJP-B-A	Positive	0.00133085	0.998669
7Z42-Y-A	Positive	0.0141616	0.985838
7Z42-G-A	Positive	0.0979887	0.902011
7Z42-I-D	Positive	0.0174942	0.982506
7E9S-B-A	Positive	0.000649631	0.99935
7SWL-G-A	Positive	0.0452575	0.954742
7X5Q-H-B	Positive	0.00247544	0.997525
7MD5-M-A	Positive	0.0253173	0.974683
7QV8-D-A	Negative	0.537187	0.462813
7PIU-P-R	Positive	0.00176656	0.998233
7BDU-C-A	Positive	0.0231029	0.976897
7BDU-D-A	Positive	0.021899	0.978101
7BDU-E-A	Positive	0.00902319	0.990977
7B1H-C-B	Positive	0.297057	0.702943
7B1H-D-B	Positive	0.141884	0.858116
7B1H-H-E	Positive	0.22004	0.77996
7W91-D-B	Positive	0.107463	0.892537
7T2U-E-A	Positive	0.39907	0.60093
7T2U-F-C	Positive	0.245723	0.754277
7SKL-B-A	Positive	0.00781274	0.992187
7SKL-E-A	Positive	0.173795	0.826205
7RLV-P-B	Positive	0.0178337	0.982166
7RLV-Q-F	Positive	0.0200128	0.979987
7ZKY-A-B	Positive	0.363849	0.636151
7NNE-P-A	Positive	0.00066936	0.999331
7M5L-E-A	Positive	0.104873	0.895127
7M5L-F-C	Positive	0.104873	0.895127
7QS9-C-A	Positive	0.0019269	0.998073
7YOU-C-A	Positive	0.0821598	0.91784
7YOU-B-A	Positive	0.39253	0.60747
7UDJ-G-H	Positive	0.0615243	0.938476
7EDA-I-A	Negative	0.742717	0.257283
7EDA-L-A	Negative	0.977428	0.0225721
7EDA-T-A	Negative	0.633352	0.366648
7EDA-M-B	Negative	0.979747	0.0202533
7CNC-B-A	Negative	0.762204	0.237796
7DFA-V-A	Negative	0.587114	0.412886
7SXG-B-A	Positive	0.00346351	0.996536
7K2A-P-A	Positive	0.00292039	0.99708
7N0X-G-H	Negative	0.988479	0.0115205
7QRU-e-B	Negative	0.852052	0.147948
7OQW-P-A	Positive	0.000470877	0.999529
7PRV-F-A	Positive	0.0270792	0.972921
7M52-A-H	Positive	0.0314674	0.968533
7OBD-B-A	Positive	0.000126123	0.999874
7AEF-u-M	Positive	0.268499	0.731501
7BM9-B-A	Positive	0.000458121	0.999542
7RFZ-B-A	Positive	0.0855888	0.914411
7NHN-6-0	Negative	0.513342	0.486658
7NHN-7-I	Positive	0.216497	0.783503
7NHN-9-K	Positive	0.0770084	0.922992
7KL0-C-A	Positive	0.00524771	0.994752
7FIY-P-R	Negative	0.82169	0.17831
7OXK-B-A	Positive	0.488295	0.511705
7OXK-C-A	Positive	0.286818	0.713182
7WZN-J-A	Negative	0.941858	0.0581424
7D0J-J-A	Negative	0.95241	0.0475904
7XUV-B-A	Positive	0.0192681	0.980732
7QCO-J-A	Negative	0.966367	0.0336335
7QCO-M-B	Positive	0.113819	0.886181
7QCO-Q-E	Negative	0.966367	0.0336335
7CDC-C-A	Positive	0.0992522	0.900748
7YOM-B-A	Positive	0.00341684	0.996583
7VNM-1-L	Negative	0.904074	0.0959257
7VNM-B-H	Negative	0.991349	0.00865057
7VNM-V-S	Negative	0.832504	0.167496
7VNM-C-U	Negative	0.985811	0.0141885
7VNM-2-W	Negative	0.985827	0.0141728
7EU4-O-A	Positive	0.00116879	0.998831
7EU4-P-A	Positive	0.000667989	0.999332
7ZCU-B-A	Negative	0.991775	0.00822513
7ZCU-R-A	Negative	0.991775	0.00822513
7ACV-C-A	Positive	0.380333	0.619667
7C8E-C-A	Positive	0.0013746	0.998625
7C8E-D-B	Positive	0.00185585	0.998144
7OXG-C-A	Positive	0.22996	0.77004
7OXG-D-B	Positive	0.156819	0.843181
7P71-C-A	Positive	0.000641763	0.999358
7P71-D-B	Positive	0.000465035	0.999535
7MB6-C-A	Positive	0.000686646	0.999313
7BW2-J-A	Negative	0.878568	0.121432
7BW2-K-A	Positive	0.0805352	0.919465
7BW2-I-B	Negative	0.788017	0.211983
7BW2-M-B	Positive	0.00454342	0.995457
7BW2-X-B	Positive	0.211463	0.788537
7RLY-Q-B	Positive	0.0685828	0.931417
7RLY-P-D	Positive	0.0163939	0.983606
7RLY-R-F	Positive	0.0717032	0.928297
7F53-L-R	Positive	0.119623	0.880377
7SMD-B-A	Positive	0.00525922	0.994741
7TT4-P-A	Positive	0.0363158	0.963684
7TO7-C-A	Negative	0.915736	0.0842642
7PC3-C-A	Positive	0.000710249	0.99929
7QGU-2-E	Positive	0.092033	0.907967
7QGU-3-F	Negative	0.864895	0.135105
7DK7-e-f	Positive	0.00504392	0.994956
7NHL-6-0	Positive	0.363383	0.636617
7NHL-9-P	Positive	0.0770084	0.922992
7XSJ-C-A	Positive	0.0873418	0.912658
7JZZ-J-A	Negative	0.840271	0.159729
7R8X-C-A	Positive	0.00217205	0.997828
7SID-B-A	Positive	0.0184668	0.981533
7K5I-1-D	Positive	0.00343251	0.996567
7K5I-e-J	Negative	0.825908	0.174092
7X5C-B-A	Negative	0.770968	0.229032
7VXX-A-B	Positive	0.292163	0.707837
7AK8-G-A	Negative	0.5453	0.4547
7AK8-H-A	Positive	0.454361	0.545639
7AK8-K-A	Negative	0.583546	0.416454
7AK8-J-C	Positive	0.473602	0.526398
7F6M-B-A	Positive	0.017201	0.982799
7K2B-P-B	Positive	0.00336879	0.996631
7NAM-B-A	Negative	0.600117	0.399883
7Y26-C-E	Positive	0.000335217	0.999665
7KEI-C-A	Positive	0.044326	0.955674
7OW3-C-A	Positive	0.00224018	0.99776
7OW3-F-D	Positive	0.000600338	0.9994
7OW3-I-G	Positive	0.000435054	0.999565
7CDE-C-A	Positive	0.130272	0.869728
7MNV-B-A	Negative	0.631155	0.368845
7O1F-J-A	Positive	0.00297505	0.997025
7O1F-O-F	Positive	0.00123334	0.998767
7QTU-D-B	Positive	0.000660717	0.999339
7BXV-A-L	Positive	0.00037384	0.999626
7SA2-C-A	Positive	0.019955	0.980045
7AKO-C-A	Positive	0.174954	0.825046
7AKO-D-B	Negative	0.539077	0.460923
7MKK-C-B	Positive	0.0787573	0.921243
7MKK-D-B	Positive	0.11634	0.88366
7MKK-F-B	Negative	0.637968	0.362032
7ZQC-J-A	Negative	0.973718	0.0262817
7USO-F-A	Positive	0.000840425	0.99916
7YK5-b-A	Positive	0.0115044	0.988496
7YK5-i-J	Positive	0.00233972	0.99766
7M53-A-H	Positive	0.00873977	0.99126
7OUN-B-A	Positive	0.00209212	0.997908
7YQ2-I-A	Negative	0.852507	0.147493
7YQ2-j-a	Negative	0.73088	0.26912
7YQ2-y-c	Negative	0.773577	0.226423
7F6G-L-A	Positive	0.0126295	0.98737
7SME-B-A	Positive	0.0215435	0.978456
7RPU-P-A	Positive	0.00212574	0.997874
7EVR-B-A	Positive	0.0853312	0.914669
7U0H-m-b	Positive	0.0217528	0.978247
7MEY-F-A	Positive	0.0130713	0.986929
7MNP-B-A	Positive	0.295549	0.704451
7OVC-B-A	Positive	0.480208	0.519792
7XL7-B-A	Negative	0.95952	0.04048
7CFC-F-A	Positive	0.228128	0.771872
7CFC-I-D	Positive	0.0153192	0.984681
7EGU-B-A	Positive	0.00941354	0.990586
7FAX-B-A	Negative	0.681051	0.318949
7UY7-D-A	Negative	0.898892	0.101108
7QP6-F-D	Positive	0.179768	0.820232
7MLE-C-A	Positive	0.00207651	0.997923
7PIK-E-D	Negative	0.766792	0.233208
7DSB-D-B	Positive	0.240274	0.759726
7Y3J-A-L	Positive	0.0871596	0.91284
7Y8R-R-B	Negative	0.911867	0.0881325
7Y8R-U-I	Positive	0.0194077	0.980592
7Y46-E-C	Negative	0.942221	0.0577785
7F60-F-B	Positive	0.00472683	0.995273
7ETT-B-A	Positive	0.000599623	0.9994
7DEE-B-A	Positive	0.0143118	0.985688
7LJ0-A-B	Negative	0.700916	0.299084
7U6E-G-E	Negative	0.935914	0.0640863
7MGV-V-A	Positive	0.20012	0.79988
7MGV-T-A	Positive	0.00341439	0.996586
7QYR-K-A	Positive	0.00199407	0.998006
7QYR-T-B	Positive	0.0505952	0.949405
7QYR-N-D	Positive	0.00199407	0.998006
7YVB-P-A	Positive	0.0109919	0.989008
7RLE-B-A	Positive	0.013719	0.986281
7RLE-D-C	Positive	0.0246606	0.975339
7F4L-E-D	Negative	0.936726	0.0632742
7BBL-F-A	Negative	0.569302	0.430698
7BBL-E-C	Positive	0.4779	0.5221
7R5R-L-A	Positive	0.196587	0.803413
7UYK-D-A	Negative	0.960793	0.0392067
7L04-C-E	Positive	0.00087148	0.999129
7D0Q-B-A	Negative	0.790776	0.209224
7ROV-E-A	Positive	0.0065617	0.993438
7JN8-B-A	Positive	0.00395054	0.996049
7USY-D-A	Negative	0.656835	0.343165
7KCL-C-A	Positive	0.00185239	0.998148
7QH7-I-N	Positive	0.0464277	0.953572
7QH7-V-U	Negative	0.839999	0.160001
7QH7-f-W	Positive	0.00540584	0.994594
7QH7-1-3	Negative	0.790162	0.209838
7X5V-E-A	Positive	0.00195444	0.998046
7SA3-E-A	Negative	0.702358	0.297642
7SA3-F-A	Positive	0.195006	0.804994
7SA3-I-A	Positive	0.285923	0.714077
7SA3-K-C	Negative	0.980881	0.0191186
7OH3-z-B	Negative	0.741551	0.258449
7A00-C-A	Positive	0.00688076	0.993119
7YMI-I-A	Positive	0.00839233	0.991608
7YMI-L-A	Negative	0.864126	0.135874
7YMI-T-A	Positive	0.471808	0.528192
7YMI-M-B	Negative	0.768574	0.231426
7YMI-K-C	Negative	0.587897	0.412103
7YMI-F-D	Positive	0.475257	0.524743
7YMI-X-D	Negative	0.53269	0.46731
7YMI-Y-Z	Positive	0.481116	0.518884
7S5J-B-A	Positive	0.0196439	0.980356
7AST-A-N	Positive	0.0127063	0.987294
7AST-C-B	Negative	0.853982	0.146018
7CQI-E-T	Negative	0.737107	0.262893
7CQI-C-A	Negative	0.731016	0.268984
7XHF-C-A	Negative	0.647906	0.352094
7XHF-D-B	Positive	0.000966549	0.999033
7FAD-B-A	Negative	0.97369	0.0263097
7K2G-P-B	Positive	0.00341886	0.996581
7DHG-B-C	Positive	0.0695501	0.93045
7YOL-B-A	Positive	0.0017525	0.998248
7S82-C-A	Positive	0.185039	0.814961
7LMM-G-B	Positive	0.1901	0.8099
7VFL-D-A	Positive	0.00217062	0.997829
7VFL-G-C	Positive	0.000943601	0.999056
7BQU-B-A	Positive	0.0749103	0.92509
7OHI-B-A	Negative	0.952572	0.0474277
7SG1-C-A	Positive	0.0340881	0.965912
7USP-F-A	Positive	0.00158834	0.998412
7VAZ-G-C	Positive	0.0209442	0.979056
7VAZ-E-A	Positive	0.0209442	0.979056
7A1I-B-A	Positive	0.00221699	0.997783
7EG6-M-G	Positive	0.0406492	0.959351
7NMD-F-D	Negative	0.944636	0.0553642
7Z52-A-B	Negative	0.730891	0.269109
7SLW-G-A	Positive	0.00181395	0.998186
7M78-K-A	Positive	0.0805352	0.919465
7STJ-D-A	Negative	0.962396	0.0376041
7RAF-D-A	Positive	0.292735	0.707265
7Q4I-F-A	Positive	0.00120747	0.998793
7Q4I-G-B	Positive	0.00120747	0.998793
7F69-C-A	Positive	0.195061	0.804939
7S1M-P-R	Negative	0.516217	0.483783
7K2K-P-B	Positive	0.00203812	0.997962
7YKF-B-A	Positive	0.00995499	0.990045
7YKF-D-A	Positive	0.0419348	0.958065
7MJ7-C-A	Positive	0.00458866	0.995411
7PKS-M-b	Positive	0.0513132	0.948687
7RN8-F-A	Positive	0.000169635	0.99983
7L1B-C-A	Positive	0.0207174	0.979283
7EV4-S-A	Positive	0.0577729	0.942227
7OYE-B-A	Positive	0.000819981	0.99918
7MSH-6-F	Negative	0.94478	0.0552196
7MSH-H-X	Negative	0.790668	0.209332
7TF6-J-A	Positive	0.00914574	0.990854
7ARM-V-C	Positive	0.00142837	0.998572
7W29-P-A	Positive	0.0910915	0.908909
7MQR-H-E	Positive	0.000430286	0.99957
7OXE-B-A	Positive	0.00183922	0.998161
7ZWA-C-A	Positive	0.172082	0.827918
7F5M-C-A	Positive	0.151587	0.848413
7UMI-A-E	Positive	0.0533769	0.946623
7STK-D-A	Negative	0.991383	0.0086168
7JU4-U-3	Negative	0.850637	0.149363
7JU4-M-E	Negative	0.93851	0.0614901
7NHT-c-A	Negative	0.997305	0.0026951
7NHT-d-A	Negative	0.991266	0.00873421
7PFY-D-B	Positive	0.000784636	0.999215
7BAG-C-A	Positive	0.00109887	0.998901
7CQH-A-B	Positive	0.208393	0.791607
7R86-C-A	Negative	0.970331	0.0296686
7R86-D-A	Negative	0.96787	0.03213
7JN9-B-A	Positive	0.00120103	0.998799
7SIS-C-A	Positive	0.000884116	0.999116
7YIU-E-B	Positive	0.0855246	0.914475
7YXB-G-A	Positive	0.0015769	0.998423
7YXB-H-C	Positive	0.00117558	0.998824
7OR5-B-A	Positive	0.00304008	0.99696
7RCV-T-A	Negative	0.946636	0.0533643
7UJD-Z-A	Positive	0.010487	0.989513
7RTA-N-H	Negative	0.691819	0.308181
7TAU-1-A	Positive	0.227087	0.772913
7TAU-2-A	Negative	0.572416	0.427584
7TAU-3-D	Negative	0.670799	0.329201
7TAU-4-D	Positive	0.195215	0.804785
7TAU-5-G	Positive	0.186721	0.813279
7TAU-O-N	Negative	0.933566	0.0664337
7EQD-A-L	Negative	0.737454	0.262546
7EQD-K-L	Negative	0.737454	0.262546
7O5B-h-g	Positive	0.0924044	0.907596
7SFX-F-C	Positive	0.00182509	0.998175
7VWO-D-A	Positive	0.01438	0.98562
7VWO-J-B	Positive	0.0166101	0.98339
7OW4-C-A	Positive	0.000626147	0.999374
7XXA-D-A	Positive	0.194435	0.805565
7S47-B-A	Positive	0.00266355	0.997336
7AJQ-F-A	Positive	0.074771	0.925229
7AJQ-G-A	Negative	0.662788	0.337212
7XV4-B-A	Positive	0.00244057	0.997559
7PPN-B-A	Positive	0.00204939	0.997951
7URF-B-A	Positive	0.000932276	0.999068
7RN7-F-A	Positive	0.000694633	0.999305
7B1F-C-B	Negative	0.971365	0.0286353
7C4J-G-B	Positive	0.0160522	0.983948
7B93-s-E	Negative	0.833703	0.166297
7B93-c-O	Negative	0.982305	0.0176948
7WZZ-C-A	Negative	0.952073	0.0479271
7OS1-F-B	Positive	0.0521697	0.94783
7LFJ-C-A	Positive	0.000313163	0.999687
7S5G-C-B	Positive	0.0308142	0.969186
7SL5-C-A	Negative	0.69813	0.30187
7KGO-C-A	Positive	0.00128782	0.998712
7YCJ-B-A	Negative	0.811335	0.188665
7KD6-B-E	Negative	0.51162	0.48838
7KD6-F-E	Positive	0.114772	0.885228
7KD6-H-K	Negative	0.732398	0.267602
7KD6-T-W	Negative	0.725112	0.274888
7KD6-X-W	Positive	0.0257007	0.974299
7U1R-C-A	Positive	0.0187581	0.981242
7OYQ-C-A	Positive	0.00229818	0.997702
7R8W-B-A	Positive	0.000417411	0.999583
7UNF-r-k	Negative	0.799958	0.200042
7STF-C-H	Positive	0.00216562	0.997834
7A5P-u-M	Positive	0.460359	0.539641
7T7T-W-A	Positive	0.196552	0.803448
7T7T-X-B	Positive	0.010998	0.989002
7KQ0-B-A	Positive	0.0225806	0.977419
7KQ0-F-A	Positive	0.0206442	0.979356
7KQ0-D-C	Positive	0.0291579	0.970842
7TB1-C-A	Positive	0.0101654	0.989835
7ZGP-F-A	Positive	0.468038	0.531962
7K7H-G-A	Positive	0.00211126	0.997889
7UOA-B-A	Positive	0.00252694	0.997473
7OE1-U-K	Positive	0.00828648	0.991714
7OWR-E-B	Positive	0.00560838	0.994392
7M2Y-U-D	Positive	0.307403	0.692597
7NPG-P-A	Positive	0.000311494	0.999689
7UWI-F-A	Positive	0.000271499	0.999729
7DVQ-y-3	Positive	0.0145378	0.985462
7DNE-C-A	Positive	0.333651	0.666349
7TBT-B-A	Positive	0.00676155	0.993238
7RNV-B-A	Positive	0.00548249	0.994518
7OXY-B-A	Negative	0.578021	0.421979
7S2T-F-A	Positive	0.0290986	0.970901
7S2T-H-C	Positive	0.0124381	0.987562
7D6F-B-A	Positive	0.0133482	0.986652
7UXK-B-A	Positive	0.0041045	0.995896
7UJQ-C-A	Positive	0.269295	0.730705
7OHX-i-D	Positive	0.437513	0.562487
7L1U-L-R	Negative	0.669299	0.330701
7PO4-v-I	Positive	0.00885034	0.99115
7CG4-f-b	Positive	0.00430298	0.995697
7AZ8-H-A	Positive	0.000301719	0.999698
7RSW-C-B	Positive	0.00662452	0.993375
7BZO-D-A	Negative	0.68773	0.31227
7P9U-A-B	Negative	0.860349	0.139651
7ETU-B-A	Positive	0.000842094	0.999158
7PC7-E-A	Positive	0.410784	0.589216
7PC7-F-B	Positive	0.00219303	0.997807
7ZL4-D-B	Positive	0.00133634	0.998664
7VCF-N-A	Positive	0.471355	0.528645
7YG3-B-A	Positive	0.0909551	0.909045
7D8H-B-A	Positive	0.00596428	0.994036
7QDW-B-A	Negative	0.596276	0.403724
7ULO-C-A	Positive	0.00197071	0.998029
7TF9-J-A	Positive	0.00110799	0.998892
7WXX-B-A	Positive	0.0574346	0.942565
7SEO-F-A	Positive	0.000694633	0.999305
7YON-L-R	Positive	0.24306	0.75694
7ABG-F-L	Positive	0.175463	0.824537
7ZY4-C-A	Negative	0.765118	0.234882
7ZY4-D-B	Positive	0.0382964	0.961704
7Z4S-C-A	Positive	0.0033142	0.996686
7ARX-C-B	Positive	0.00292647	0.997074
7SUO-C-A	Positive	0.0180136	0.981986
7SUO-D-B	Positive	0.00117654	0.998823
7DNO-C-A	Positive	0.000151753	0.999848
7ZGR-C-A	Negative	0.819548	0.180452
7AD0-H-A	Positive	0.00488234	0.995118
7EP7-B-A	Positive	0.062264	0.937736
7QBI-I-A	Positive	0.00718462	0.992815
7CJQ-C-A	Positive	0.0893396	0.91066
7K2H-P-B	Positive	0.00179648	0.998204
7VMW-C-A	Positive	0.0389041	0.961096
7KME-L-H	Negative	0.640191	0.359809
7P0U-U-A	Positive	0.357994	0.642006
7P0U-E-A	Positive	0.0200298	0.97997
7P0U-G-F	Positive	0.0216996	0.9783
7ZZQ-U-A	Negative	0.742704	0.257296
7ZZQ-V-A	Positive	0.0665269	0.933473
7ZZQ-W-B	Positive	0.000408232	0.999592
7ZZQ-X-B	Negative	0.772386	0.227614
7ZZQ-Y-C	Positive	0.00954407	0.990456
7ZZQ-Q-E	Negative	0.983155	0.0168447
7ZZQ-R-E	Negative	0.979583	0.0204171
7ZZQ-T-F	Negative	0.649774	0.350226
7ZZQ-S-G	Negative	0.92174	0.0782603
7ZZQ-b-N	Positive	0.125739	0.874261
7ZZQ-a-O	Positive	0.0247357	0.975264
7DFB-V-A	Positive	0.0414273	0.958573
7VRC-B-A	Negative	0.703374	0.296626
7ZUC-C-A	Positive	0.153054	0.846946
7Z8E-B-A	Positive	0.00100821	0.998992
7KNG-C-A	Positive	0.367103	0.632897
7C9R-6-L	Negative	0.933195	0.066805
7C9R-P-M	Negative	0.957056	0.0429441
7C9R-B-H	Negative	0.97099	0.0290099
7C9R-2-H	Negative	0.74907	0.25093
7C9R-4-H	Negative	0.973421	0.0265792
7C9R-0-H	Negative	0.74907	0.25093
7C9R-G-D	Negative	0.74907	0.25093
7C9R-N-I	Negative	0.903181	0.0968189
7C9R-R-O	Negative	0.985163	0.0148368
7E8E-K-C	Positive	0.0105478	0.989452
7E8E-L-D	Positive	0.0866461	0.913354
7UYJ-C-A	Negative	0.618126	0.381874
7RZZ-C-A	Positive	0.0552256	0.944774
7QPH-E-A	Positive	0.0178347	0.982165
7WCY-C-A	Positive	0.183332	0.816668
7N19-C-A	Positive	0.00846303	0.991537
7N19-F-D	Positive	0.00846303	0.991537
7N19-L-J	Positive	0.00846303	0.991537
7QRD-M-A	Positive	0.0425896	0.95741
7QRD-L-C	Positive	0.0425896	0.95741
7LEW-B-A	Negative	0.897993	0.102007
7Y8A-I-8	Negative	0.607646	0.392354
7YNJ-B-A	Negative	0.875787	0.124213
7NMI-A-B	Negative	0.843426	0.156574
7Q44-B-A	Positive	0.00185287	0.998147
7Q44-D-C	Positive	0.019009	0.980991
7Z36-C-A	Negative	0.943991	0.0560088
7Z36-D-A	Negative	0.509593	0.490407
7Z36-S-A	Negative	0.973975	0.0260245
7DU5-C-A	Positive	0.0218154	0.978185
7CNA-B-A	Negative	0.723192	0.276808
7CNA-C-A	Positive	0.00125903	0.998741
7CNA-E-D	Positive	0.295072	0.704928
7CNA-F-D	Positive	0.000829339	0.999171
7TBH-a-A	Positive	0.140534	0.859466
7QTP-B-A	Positive	0.000211298	0.999789
7CYL-B-A	Positive	0.411418	0.588582
7YOH-P-A	Positive	0.000588417	0.999412
7P72-B-A	Positive	0.00492388	0.995076
7OOD-2-e	Positive	0.0597177	0.940282
7UHE-B-A	Positive	0.0161487	0.983851
7UHE-D-A	Positive	0.060518	0.939482
7TB2-B-A	Positive	0.000348449	0.999652
7RK3-B-A	Positive	0.0182626	0.981737
7P0A-C-A	Positive	0.000858307	0.999142
7YNI-B-A	Negative	0.848891	0.151109
7JGC-b-a	Positive	0.023784	0.976216
7WVX-L-R	Positive	0.00263292	0.997367
7K3K-B-A	Positive	0.123123	0.876877
7S1B-C-A	Negative	0.531795	0.468205
7UM3-B-I	Positive	0.019431	0.980569
7UM3-A-H	Positive	0.0126025	0.987397
7JYW-C-A	Positive	0.0049867	0.995013
7DFC-V-A	Positive	0.0761697	0.92383
7UGW-E-A	Positive	0.00505477	0.994945
7M5M-D-A	Positive	0.47633	0.52367
7OKP-E-A	Positive	0.0029977	0.997002
7NVR-s-c	Negative	0.965309	0.0346909
7UJV-A-B	Negative	0.522859	0.477141
7R4G-Y-M	Positive	0.0081498	0.99185
7MJ9-C-A	Positive	0.00776988	0.99223
7EJN-C-A	Positive	0.0164571	0.983543
7R6K-g-I	Positive	0.0131357	0.986864
7R6K-r-l	Negative	0.826368	0.173632
7EXE-C-A	Positive	0.010805	0.989195
7T70-C-A	Positive	0.00617045	0.99383
7VY3-A-L	Negative	0.710391	0.289609
7VY3-B-L	Negative	0.990662	0.00933807
7VY3-1-M	Negative	0.757685	0.242315
7VY3-Z-V	Negative	0.988611	0.0113887
7VCN-C-A	Negative	0.831319	0.168681
7BP5-C-A	Positive	0.00668794	0.993312
7NDY-G-A	Negative	0.9977	0.00230007
7KQK-C-A	Positive	0.0264064	0.973594
7JFO-x-A	Positive	0.063078	0.936922
7N89-C-A	Positive	0.00554216	0.994458
7DTY-P-R	Negative	0.768338	0.231662
7CO5-G-H	Positive	0.011653	0.988347
7CO5-K-D	Positive	0.0380469	0.961953
7UXQ-C-A	Negative	0.721809	0.278191
7UXQ-D-A	Negative	0.721809	0.278191
7R5A-C-A	Negative	0.889522	0.110478
7R5A-D-B	Negative	0.705888	0.294112
7OQY-Q-A	Positive	0.467841	0.532159
7XL4-G-C	Positive	0.25208	0.74792
7Z10-h-a	Negative	0.989175	0.0108246
7EYC-P-L	Positive	0.00161409	0.998386
7EYC-Q-H	Positive	0.000438273	0.999562
7VFM-E-A	Positive	0.00253224	0.997468
7VFM-G-C	Positive	0.0043329	0.995667
7VDM-L-R	Positive	0.00967354	0.990326
7BED-B-A	Positive	0.0332522	0.966748
7BPY-B-A	Positive	0.000905633	0.999094
7TAN-K-C	Positive	0.00220954	0.99779
7ASE-D-t	Positive	0.0429152	0.957085
7TMY-A-I	Positive	0.00211954	0.99788
7UML-D-A	Positive	0.214027	0.785973
7UML-E-A	Positive	0.094923	0.905077
7UML-F-B	Positive	0.191379	0.808621
7UZP-B-A	Positive	0.433039	0.566961
7UZP-D-A	Positive	0.433039	0.566961
7UZP-F-A	Positive	0.351386	0.648614
7TC4-C-A	Positive	0.00505775	0.994942
7Z8M-X-V	Positive	0.0852507	0.914749
7AU6-D-A	Negative	0.939085	0.0609154
7NKD-D-A	Positive	0.0500072	0.949993
7NKD-E-A	Positive	0.0671333	0.932867
7NKD-B-d	Positive	0.152223	0.847777
7NKD-C-d	Positive	0.0370551	0.962945
7D8D-D-A	Positive	0.000430763	0.999569
7NXE-C-A	Positive	0.0010168	0.998983
7MDX-E-A	Positive	0.0113564	0.988644
7VOY-2-Y	Negative	0.832504	0.167496
7VOY-5-4	Negative	0.991349	0.00865057
7DVW-C-A	Positive	0.0405753	0.959425
7OBS-B-A	Positive	0.000284016	0.999716
7EJL-C-A	Positive	0.234713	0.765287
7KNU-P-E	Positive	0.0110511	0.988949
7XVZ-C-A	Positive	0.0151978	0.984802
7QIK-F-A	Positive	0.00380093	0.996199
7QIK-E-B	Positive	0.00514305	0.994857
7D2G-B-A	Positive	0.327049	0.672951
7D2G-C-A	Positive	0.354	0.646
7UTS-D-E	Negative	0.980649	0.019351
7Z1K-B-A	Positive	0.00337362	0.996626
7MHZ-B-A	Positive	0.00140518	0.998595
7RLZ-P-B	Positive	0.106334	0.893666
7LFK-C-A	Positive	0.00043112	0.999569
7TZF-P-E	Positive	0.261472	0.738528
7OKN-B-A	Positive	0.0247873	0.975213
7E20-C-A	Negative	0.618485	0.381515
7TA7-C-A	Positive	0.00634503	0.993655
7TA7-D-A	Positive	0.00328827	0.996712
7R6H-C-A	Negative	0.620643	0.379357
7XQS-C-A	Positive	0.269203	0.730797
7UKG-I-A	Positive	0.0208294	0.979171
7JYU-C-A	Positive	0.00456041	0.99544
7W55-C-R	Positive	0.0473922	0.952608
7MJ5-A-H	Negative	0.866479	0.133521
7MJ5-Q-H	Negative	0.868229	0.131771
7MJ5-P-C	Negative	0.866552	0.133448
7NW0-3-0	Negative	0.886055	0.113946
7B9V-c-A	Positive	0.388987	0.611013
7TL8-B-A	Positive	0.253875	0.746125
7LFC-B-A	Positive	0.113754	0.886246
7QIX-K-E	Positive	0.236972	0.763028
7QIX-X-H	Positive	0.0680841	0.931916
7QIX-W-M	Negative	0.797939	0.202061
7MNU-B-A	Negative	0.570485	0.429516
7O07-P-A	Positive	0.00691664	0.993083
7NUF-C-A	Positive	0.00768501	0.992315
7YML-A-L	Negative	0.710982	0.289018
7YML-W-M	Positive	0.469236	0.530764
7YML-Y-M	Negative	0.555783	0.444217
7YML-B-H	Negative	0.896844	0.103156
7YML-G-H	Negative	0.844352	0.155648
7YML-Z-V	Negative	0.942503	0.057497
7RJN-C-A	Positive	0.0599	0.9401
7LF4-B-A	Positive	0.0262832	0.973717
7LF4-E-A	Negative	0.544216	0.455784
7LF4-D-C	Positive	0.0183308	0.981669
7ZRP-B-A	Positive	0.0268852	0.973115
7EA7-C-B	Positive	0.000511765	0.999488
7O3J-C-A	Positive	0.157969	0.842031
8KDE-L-B	Negative	0.986982	0.0130179
8KDE-M-B	Negative	0.855796	0.144204
8KDE-F-D	Positive	0.142806	0.857194
8KDE-K-D	Negative	0.991706	0.00829349
8KDE-T-D	Negative	0.840224	0.159776
8KDE-1-D	Negative	0.840548	0.159452
8YDS-A-B	Negative	0.740158	0.259842
8WRZ-V-A	Positive	0.00342137	0.996579
8VLW-F-A	Negative	0.831237	0.168763
8VLW-G-A	Negative	0.916576	0.0834242
8RYN-C-A	Negative	0.835172	0.164828
8SG8-N-B	Positive	0.00916046	0.99084
8GOO-G-A	Positive	0.000344038	0.999656
8P6P-x-B	Negative	0.874822	0.125178
8TUV-B-A	Positive	0.00127631	0.998724
8TUV-C-A	Positive	0.000757575	0.999242
8VJV-D-A	Positive	0.0570121	0.942988
8TTL-D-A	Positive	0.121564	0.878436
8PR3-E-B	Positive	0.0110886	0.988911
8VRL-c-e	Negative	0.511186	0.488814
8GWS-C-A	Positive	0.00848061	0.991519
8XI5-R-A	Positive	0.392579	0.607421
8XI5-M-B	Positive	0.134914	0.865086
8W8X-L-R	Positive	0.00259143	0.997409
8E8I-C-A	Positive	0.00289589	0.997104
8PFE-B-A	Positive	0.0050863	0.994914
8QDV-C-A	Positive	0.0156028	0.984397
8QDV-F-E	Positive	0.0541025	0.945898
8A19-B-A	Positive	0.00621718	0.993783
8HR0-D-B	Positive	0.00914115	0.990859
8Q24-C-A	Positive	0.00340658	0.996593
8AFE-G-B	Positive	0.0747149	0.925285
8AFE-H-I	Positive	0.0411867	0.958813
8YM2-B-A	Positive	0.190305	0.809695
8IYK-O-J	Negative	0.779922	0.220078
8I0N-V-A	Positive	0.00348574	0.996514
8TEW-A-E	Negative	0.528112	0.471888
8TEW-C-E	Negative	0.938738	0.0612616
8EQM-E-A	Negative	0.911513	0.0884871
8EQM-F-A	Positive	0.195006	0.804994
8EQM-I-A	Positive	0.122641	0.877359
8EQM-L-A	Negative	0.992873	0.00712655
8EQM-M-A	Negative	0.917582	0.0824179
8EQM-T-A	Negative	0.563221	0.436779
8EQM-X-D	Negative	0.971675	0.0283249
8YYT-C-A	Negative	0.991271	0.00872866
8JZW-F-C	Positive	0.00112253	0.998877
8JZW-E-C	Positive	0.115379	0.884621
8G8D-P-H	Negative	0.972937	0.0270626
8HKW-C-A	Positive	0.0998807	0.900119
8W5K-E-F	Negative	0.935283	0.0647168
8F9W-O-A	Positive	0.0196692	0.980331
8F9W-R-G	Positive	0.000765562	0.999234
8KET-H-F	Positive	0.00138903	0.998611
8C2Y-P-A	Positive	0.000834465	0.999166
8WKK-K-E	Positive	0.00364494	0.996355
8WKK-b-P	Positive	0.0683804	0.93162
8WKK-c-Q	Positive	0.0549904	0.94501
8WKK-d-Q	Positive	0.0317019	0.968298
8EI5-E-A	Positive	0.000514865	0.999485
8EI5-G-C	Positive	0.000262082	0.999738
8G4I-e-J	Negative	0.932999	0.0670012
8G4I-f-d	Positive	0.208602	0.791398
8RUV-B-A	Positive	0.421344	0.578656
8RJC-2-1	Negative	0.958242	0.0417576
8RJC-9-6	Negative	0.777845	0.222155
8RJC-4-R	Positive	0.0678992	0.932101
8X2X-L-N	Negative	0.830019	0.169981
8IBP-C-A	Positive	0.0157405	0.98426
8ZIA-J-I	Positive	0.0361688	0.963831
8VIS-A-B	Positive	0.0120063	0.987994
8VIS-C-D	Positive	0.00565815	0.994342
8VIS-E-F	Positive	0.0343575	0.965643
8VIS-G-H	Positive	0.014247	0.985753
8EW3-F-C	Negative	0.573235	0.426765
8P2Z-A-C	Positive	0.277158	0.722842
8CMJ-5-g	Negative	0.992644	0.00735641
8CMJ-n-g	Negative	0.983709	0.0162914
8C3H-D-A	Positive	0.0019269	0.998073
8W2O-I-M	Positive	0.00183588	0.998164
8GHM-J-A	Positive	0.00372922	0.996271
8GHM-F-A	Negative	0.928422	0.0715778
8D8I-B-A	Positive	0.244062	0.755938
8Z58-B-A	Positive	0.0043298	0.99567
8OIO-E-A	Positive	0.00232357	0.997676
8ALM-P-B	Positive	0.193285	0.806715
8BQ8-E-B	Positive	0.00278151	0.997218
8XQX-U-D	Positive	0.00564104	0.994359
8U5G-C-A	Positive	0.0835901	0.91641
8B8V-B-A	Positive	0.0205569	0.979443
8BEA-P-R	Positive	0.00215173	0.997848
8BFC-B-A	Positive	0.00159162	0.998408
8HXQ-C-A	Negative	0.852713	0.147287
8HXQ-D-A	Negative	0.598515	0.401485
8YDV-A-B	Negative	0.877497	0.122503
8YDV-C-B	Negative	0.877497	0.122503
8TG9-C-A	Positive	0.00109351	0.998906
8QM0-E-A	Positive	0.000894248	0.999106
8F7R-P-R	Positive	0.0215927	0.978407
8F7R-F-M	Positive	0.00053674	0.999463
8HE3-B-A	Positive	0.00114703	0.998853
8KH4-D-C	Negative	0.714778	0.285222
8WFN-F-E	Negative	0.915832	0.0841683
8WFN-H-E	Negative	0.963865	0.0361349
8EYX-F-A	Negative	0.983295	0.016705
8JGF-L-R	Positive	0.0158781	0.984122
8JBL-G-A	Negative	0.957698	0.0423016
8JBL-E-A	Negative	0.897599	0.102401
8K5O-2-C	Negative	0.878085	0.121915
8K5O-v-w	Negative	0.752627	0.247373
8K5O-5-6	Positive	0.479914	0.520086
8K5O-8-F	Negative	0.752627	0.247373
8T33-B-A	Positive	0.00285131	0.997149
8QHU-U-Q	Positive	0.00128722	0.998713
8ZDO-S-m	Negative	0.903377	0.0966227
8VJX-C-A	Positive	0.0121201	0.98788
8BRH-B-A	Positive	0.000516415	0.999484
8VDV-L-A	Positive	0.00331348	0.996687
8RN7-D-A	Negative	0.774768	0.225232
8RN7-E-A	Positive	0.0469008	0.953099
8OZH-F-A	Positive	0.0878904	0.91211
8K9I-R-C	Negative	0.676805	0.323195
8XGU-E-A	Positive	0.0114025	0.988598
8ZWB-J-A	Negative	0.968576	0.0314239
8U4N-C-B	Negative	0.901357	0.0986426
8SHI-C-A	Positive	0.00066334	0.999337
8JG4-C-A	Positive	0.00143927	0.998561
8OPS-B-A	Positive	0.457089	0.542911
8ZKQ-F-A	Positive	0.0208032	0.979197
8ZKQ-C-B	Positive	0.0208032	0.979197
8DPG-D-C	Negative	0.903185	0.0968148
8Q7V-B-A	Positive	0.0199658	0.980034
8Q7V-F-A	Positive	0.253273	0.746727
8Q7V-H-A	Negative	0.968794	0.0312056
8D6Z-H-A	Negative	0.625404	0.374596
8D6Z-J-E	Negative	0.532099	0.467901
8SWI-B-A	Positive	0.00125676	0.998743
8D5K-C-A	Positive	0.0399122	0.960088
8ANB-P-A	Positive	0.0373164	0.962684
8ENX-C-A	Positive	0.00131053	0.998689
8USC-O-H	Negative	0.986371	0.0136294
8USC-e-Y	Negative	0.949731	0.0502688
8F7Q-P-R	Positive	0.127801	0.872199
8F7Q-F-M	Positive	0.208596	0.791404
8P9C-B-A	Positive	0.176645	0.823355
8SQZ-E-A	Negative	0.982822	0.0171779
8IR3-r-b	Positive	0.160783	0.839217
8HDH-B-A	Negative	0.935351	0.0646495
8ZXR-B-A	Positive	0.00471997	0.99528
8FY5-C-A	Positive	0.140863	0.859137
8B1C-C-A	Positive	0.0784367	0.921563
8UST-F-E	Negative	0.993044	0.00695626
8H3M-D-A	Positive	0.282124	0.717876
8H3M-H-C	Negative	0.886631	0.113369
8T4H-C-A	Positive	0.00145471	0.998545
8JGG-L-R	Positive	0.0271683	0.972832
8XKV-O-A	Positive	0.00154352	0.998456
8XKV-M-B	Positive	0.00346172	0.996538
8XKV-L-C	Positive	0.00461727	0.995383
8XKV-N-C	Positive	0.00193602	0.998064
8TXF-B-A	Negative	0.640289	0.359711
8FA6-P-H	Positive	0.000511169	0.999489
8FA6-Q-A	Positive	0.000726998	0.999273
8U8E-C-B	Negative	0.904728	0.0952717
8IOD-L-R	Positive	0.00247627	0.997524
8XQF-D-R	Negative	0.548831	0.451169
8EUI-8-X	Positive	0.433918	0.566082
8FU4-C-A	Positive	0.0838039	0.916196
8CIR-C-A	Positive	0.0825319	0.917468
8ANV-C-A	Positive	0.00307328	0.996927
8ANV-F-A	Positive	0.00892121	0.991079
8P9E-B-A	Positive	0.332924	0.667076
8EJS-C-B	Positive	0.00159138	0.998409
8EXM-D-A	Positive	0.000927687	0.999072
8V83-7-l	Positive	0.00395292	0.996047
8YVU-A-B	Negative	0.747379	0.252621
8YVU-D-B	Negative	0.786479	0.213521
8YVU-E-F	Negative	0.747379	0.252621
8UIH-D-H	Positive	0.0143727	0.985627
8H9L-J-A	Negative	0.805823	0.194177
8UHN-D-H	Positive	0.00992399	0.990076
8KCV-C-A	Positive	0.00141633	0.998584
8XKR-D-A	Positive	0.0778635	0.922137
8XKR-E-A	Negative	0.846751	0.153249
8XKR-C-A	Negative	0.859057	0.140943
8XKR-F-B	Negative	0.762153	0.237847
8CBV-A-B	Negative	0.937526	0.0624741
8FHU-C-A	Positive	0.00181657	0.998183
8WHX-J-1	Negative	0.838906	0.161094
8RGR-s-2	Negative	0.887692	0.112308
8YT8-I-B	Positive	0.000651062	0.999349
8W9P-r-R	Positive	0.00329125	0.996709
8QPA-B-G	Positive	0.0164758	0.983524
8DZ5-I-H	Positive	0.316431	0.683569
8VMG-C-A	Positive	0.15704	0.84296
8VMG-D-B	Positive	0.0863997	0.9136
8GCW-P-A	Positive	0.0154949	0.984505
8D52-B-A	Positive	0.0397599	0.96024
8FVL-L-A	Positive	0.00378352	0.996216
8RHH-T-K	Positive	0.00244612	0.997554
8YAL-I-B	Negative	0.596832	0.403168
8Q1G-C-A	Positive	0.00226045	0.99774
8FPQ-L-A	Positive	0.00426894	0.995731
8YZ2-q-P	Negative	0.962247	0.0377528
8YZ2-p-P	Negative	0.962247	0.0377528
8YZ2-j-K	Negative	0.942174	0.0578264
8F1F-1-A	Positive	0.0021109	0.997889
8D3Y-G-A	Negative	0.744414	0.255586
8ON7-D-A	Positive	0.000745356	0.999255
8TNQ-C-B	Positive	0.00916725	0.990833
8PX6-M-B	Positive	0.00109875	0.998901
8DJQ-E-A	Positive	0.00564378	0.994356
8HGP-C-A	Negative	0.985485	0.0145154
8UHG-X-V	Positive	0.0130159	0.986984
8ES8-Z-D	Negative	0.985456	0.0145436
8ES8-Y-D	Positive	0.38475	0.61525
8F2B-P-E	Positive	0.225849	0.774151
8UO7-C-A	Positive	0.00677174	0.993228
8YTH-B-A	Positive	0.00675237	0.993248
8VJW-C-A	Positive	0.125571	0.874429
8VJW-D-A	Positive	0.00910419	0.990896
8H9H-F-G	Positive	0.23069	0.76931
8WST-L-R	Positive	0.00457603	0.995424
8JZV-B-A	Negative	0.71143	0.28857
8WXE-a-d	Negative	0.505167	0.494833
8WXE-m-d	Negative	0.96374	0.0362599
8WXE-n-d	Negative	0.893992	0.106008
8IOC-L-R	Positive	0.00146544	0.998535
8CSU-3-5	Negative	0.953834	0.0461657
8Q2Z-C-A	Positive	0.00581229	0.994188
8TBP-E-A	Positive	0.00168407	0.998316
8Q3T-C-A	Positive	0.00685149	0.993149
8I0Q-V-A	Positive	0.00717592	0.992824
8CB5-C-A	Positive	0.0171611	0.982839
8HLY-B-A	Positive	0.000784159	0.999216
8V5U-B-A	Positive	0.00682551	0.993174
8E1D-B-A	Positive	0.109608	0.890392
8QS3-K-A	Positive	0.458825	0.541175
8GCK-E-B	Positive	0.00076437	0.999236
8TOW-I-A	Negative	0.810633	0.189367
8KB1-C-A	Positive	0.000896037	0.999104
8SO0-D-B	Positive	0.0443879	0.955612
8FAX-L-A	Positive	0.115227	0.884773
8U9P-G-A	Positive	0.0796919	0.920308
8YFO-P-R	Positive	0.0079425	0.992058
8K0G-y-A	Positive	0.26485	0.73515
8K0G-e-V	Negative	0.835181	0.164819
8TGC-C-B	Positive	0.00284088	0.997159
8JRV-G-R	Negative	0.523424	0.476576
8C24-F-C	Negative	0.852131	0.147869
8WT0-B-A	Negative	0.915149	0.0848514
8RTC-C-A	Positive	0.00686467	0.993135
8HXY-P-K	Negative	0.834249	0.165751
8JLY-B-A	Positive	0.0014205	0.99858
8BE8-P-R	Positive	0.003901	0.996099
8OOP-H-C	Negative	0.508671	0.491329
8WFS-a-B	Positive	0.353192	0.646808
8AI2-C-A	Positive	0.00117284	0.998827
8XLI-p-a	Negative	0.852814	0.147186
8FZJ-3-F	Negative	0.695619	0.304381
8S8E-l-k	Positive	0.0601308	0.939869
8R0T-A-B	Positive	0.014887	0.985113
8I0H-F-A	Positive	0.0276895	0.972311
8I0H-H-A	Negative	0.840384	0.159616
8YGU-A-B	Positive	0.0334395	0.966561
8YGU-C-B	Negative	0.982353	0.0176469
8ZCJ-D-C	Negative	0.949875	0.0501247
8ZCJ-A-G	Positive	0.0257754	0.974225
8IAP-s-E	Negative	0.728915	0.271085
8IGD-D-A	Negative	0.89676	0.10324
8IGD-C-B	Negative	0.892148	0.107852
8A5O-X-G	Negative	0.976786	0.023214
8WC8-Y-B	Negative	0.858917	0.141084
8AHS-C-A	Positive	0.0101076	0.989892
8K7T-G-A	Negative	0.788888	0.211112
8K7T-H-A	Positive	0.495587	0.504413
8AB0-C-D	Negative	0.738915	0.261085
8X01-D-B	Positive	0.134659	0.865341
8HXX-E-K	Positive	0.00192827	0.998072
8YFM-B-A	Positive	0.1718	0.8282
8T2C-D-A	Positive	0.0600278	0.939972
8S9I-G-A	Positive	0.00512248	0.994878
8T4J-C-B	Positive	0.00172627	0.998274
8SDX-C-A	Positive	0.000320077	0.99968
8FBW-E-C	Positive	0.00177032	0.99823
8FBW-F-A	Positive	0.00192982	0.99807
8E2Z-C-A	Positive	0.00414646	0.995854
8VMI-F-T	Positive	0.327206	0.672794
8VMI-I-C	Positive	0.179124	0.820876
8B64-E-e	Negative	0.896844	0.103156
8B64-F-e	Negative	0.881261	0.118739
8B64-a-b	Negative	0.710982	0.289018
8B64-u-X	Positive	0.232724	0.767276
8B64-r-L	Negative	0.606283	0.393717
8B64-t-H	Negative	0.606283	0.393717
8B64-R-o	Negative	0.970931	0.0290688
8B64-K-n	Negative	0.844352	0.155648
8S6K-M-A	Positive	0.00239253	0.997607
8EU9-Z-Q	Negative	0.914968	0.0850322
8INE-T-4	Positive	0.100968	0.899032
8INE-s-4	Positive	0.19621	0.80379
8B19-C-A	Negative	0.72109	0.27891
8WDU-A-L	Negative	0.559557	0.440443
8WDU-7-L	Negative	0.614031	0.385969
8WDU-E-H	Negative	0.796782	0.203218
8WDU-0-H	Negative	0.983908	0.0160919
8WDU-G-D	Negative	0.752783	0.247217
8WDU-J-F	Negative	0.978557	0.0214431
8WDU-X-U	Negative	0.796782	0.203218
8CRT-P-L	Positive	0.120314	0.879686
8H4X-B-A	Negative	0.986492	0.0135078
8V15-B-A	Positive	0.00682551	0.993174
8ZPT-L-R	Positive	0.362164	0.637836
8GJF-E-B	Positive	0.120364	0.879636
8GJF-F-C	Positive	0.195759	0.804241
8P6I-A-H	Positive	0.00576878	0.994231
8ZFI-z-e	Negative	0.974201	0.0257988
8QPE-K-I	Negative	0.533063	0.466937
8RBV-C-A	Positive	0.00138724	0.998613
8RV1-B-A	Negative	0.872088	0.127912
8U9Z-G-A	Positive	0.119575	0.880425
8BSS-B-A	Positive	0.00584471	0.994155
8XP1-C-Z	Positive	0.476219	0.523781
8FDD-P-A	Positive	0.015801	0.984199
8FA2-D-A	Positive	0.125034	0.874966
8YXM-B-A	Positive	0.0370697	0.96293
8ZEJ-z-e	Positive	0.00878018	0.99122
8XK1-C-A	Negative	0.715373	0.284627
8XK1-D-A	Negative	0.959889	0.0401112
8QXX-B-A	Positive	0.00437331	0.995627
8CGU-U-K	Positive	0.00585645	0.994144
8SGC-N-B	Positive	0.00254518	0.997455
8TRL-C-A	Positive	0.034113	0.965887
8ZE8-E-A	Positive	0.000996888	0.999003
8JZY-B-A	Positive	0.119533	0.880467
8PNF-4-1	Negative	0.744492	0.255508
8VSM-P-A	Positive	0.000945508	0.999054
8P9D-A-E	Negative	0.667429	0.332571
8P9D-B-E	Positive	0.286991	0.713009
8P9D-D-F	Positive	0.300916	0.699084
8DVL-B-A	Positive	0.00114655	0.998853
8TXW-K-H	Positive	0.263879	0.736121
8URQ-F-B	Negative	0.926297	0.0737026
8OR4-B-A	Negative	0.695337	0.304663
8OR4-H-E	Negative	0.934982	0.0650182
8B4I-E-A	Negative	0.989033	0.010967
8B4I-G-A	Negative	0.952271	0.0477288
8CA4-s-E	Positive	0.412784	0.587216
8CZK-C-A	Positive	0.00142884	0.998571
8SIY-B-A	Positive	0.0797756	0.920224
8PBD-S-A	Positive	0.0285913	0.971409
8JRJ-E-A	Positive	0.00777143	0.992229
8B1T-A-C	Negative	0.929708	0.070292
8QP9-7-D	Positive	0.024161	0.975839
8QP9-L-D	Negative	0.839728	0.160272
8QP9-J-R	Negative	0.709871	0.290129
8QP9-X-S	Positive	0.0136587	0.986341
8QU1-2-F	Negative	0.689787	0.310213
8QU1-6-P	Positive	0.204871	0.795129
8QU1-1-3	Negative	0.733659	0.266341
8BCV-J-A	Negative	0.969205	0.0307946
8GWH-E-A	Positive	0.00277096	0.997229
8EQS-C-A	Positive	0.270927	0.729073
8VIO-g-F	Negative	0.853941	0.146059
8GQA-B-A	Positive	0.198631	0.801369
8T6M-G-C	Positive	0.00474364	0.995256
8ESB-C-A	Positive	0.00853848	0.991462
8EQ5-B-A	Positive	0.0404641	0.959536
8TRR-C-A	Positive	0.00699317	0.993007
8JOQ-B-A	Positive	0.00126034	0.99874
8JMJ-M-A	Positive	0.00320089	0.996799
8JMJ-N-B	Positive	0.000854731	0.999145
8QFZ-B-A	Positive	0.00813663	0.991863
8DZV-C-A	Positive	0.0130376	0.986962
8P2I-P-B	Positive	0.337385	0.662615
8TBV-C-A	Positive	0.136495	0.863505
8GJ2-F-B	Positive	0.369402	0.630598
8VJC-C-A	Positive	0.364733	0.635267
8VJC-E-A	Positive	0.0778657	0.922134
8UHL-B-A	Positive	0.00201249	0.997988
8UHL-C-A	Positive	0.00823116	0.991769
8SG7-C-B	Positive	0.285422	0.714578
8AM9-A-e	Negative	0.53713	0.46287
8XAG-C-A	Positive	0.00156575	0.998434
8SE8-I-A	Negative	0.572357	0.427643
8SE8-X-A	Negative	0.983032	0.0169676
8SE8-Y-B	Negative	0.983001	0.0169995
8SE8-T-C	Negative	0.659852	0.340148
8SE8-G-D	Negative	0.932026	0.0679736
8SE8-H-D	Negative	0.966113	0.0338874
8SE8-J-E	Negative	0.901889	0.0981106
8SE8-N-K	Negative	0.983793	0.0162072
8SE8-O-K	Negative	0.861479	0.138521
8SE8-P-L	Negative	0.908086	0.0919135
8SE8-U-Q	Negative	0.969931	0.0300686
8SE8-V-R	Negative	0.908086	0.0919135
8HJV-7-0	Negative	0.832643	0.167357
8HJV-9-0	Negative	0.832643	0.167357
8HJV-1-2	Negative	0.683354	0.316646
8HJV-V-L	Positive	0.414638	0.585362
8HJV-Y-L	Positive	0.163548	0.836452
8HJV-Z-L	Negative	0.877289	0.122711
8JFI-I-C	Positive	0.000509858	0.99949
8JFI-H-D	Positive	0.000425637	0.999574
8FUQ-C-A	Negative	0.984603	0.0153965
8FUQ-D-A	Negative	0.703416	0.296584
8FUQ-F-A	Negative	0.963891	0.0361088
8RSV-C-A	Positive	0.00343484	0.996565
8RSV-E-B	Positive	0.00310111	0.996899
8C2P-B-A	Positive	0.00031817	0.999682
8JQT-C-A	Positive	0.121288	0.878712
8UDR-C-A	Positive	0.00319141	0.996809
8ANO-E-A	Positive	0.000501156	0.999499
8VID-F-G	Negative	0.918896	0.0811037
8QLK-B-A	Positive	0.00492954	0.99507
8X52-E-A	Positive	0.192894	0.807106
8SUD-B-A	Positive	0.00157583	0.998424
8TW6-Y-A	Positive	0.000610113	0.99939
8TW6-X-A	Positive	0.00401253	0.995987
8A5M-C-A	Positive	0.00426763	0.995732
8A5M-E-B	Positive	0.00241292	0.997587
8YFK-B-A	Positive	0.000126958	0.999873
8ITG-B-A	Positive	0.035946	0.964054
8BFT-B-A	Positive	0.00157833	0.998422
8AFI-B-A	Positive	0.155276	0.844724
8AFI-D-C	Positive	0.369032	0.630968
8AFI-F-E	Positive	0.0601883	0.939812
8AFI-H-G	Positive	0.0300111	0.969989
8AFI-J-I	Negative	0.737921	0.262079
8AFI-N-M	Positive	0.488198	0.511802
8AFI-P-O	Positive	0.0195028	0.980497
8VSO-P-B	Positive	0.00311035	0.99689
8P8W-Z-c	Positive	0.0021019	0.997898
8P8W-X-s	Negative	0.954997	0.0450035
8XNW-r-C	Negative	0.563153	0.436847
8XNW-s-E	Negative	0.540161	0.459839
8DGU-A-H	Positive	0.00690991	0.99309
8CV4-D-A	Positive	0.0015263	0.998474
8R8R-D-A	Positive	0.160821	0.839179
8FL8-8-X	Positive	0.0131448	0.986855
8RQC-B-A	Negative	0.708444	0.291556
8YG4-P-R	Positive	0.170248	0.829752
8X95-D-A	Positive	0.372603	0.627397
8YW0-R-A	Positive	0.0587641	0.941236
8F2A-P-E	Positive	0.210504	0.789496
8EZA-T-J	Positive	0.0299953	0.970005
8Q1J-C-A	Positive	0.00171524	0.998285
8KHF-I-3	Positive	0.296504	0.703496
8KHF-Q-3	Negative	0.972817	0.0271827
8KHF-M-K	Negative	0.770432	0.229568
8KHF-T-K	Negative	0.91617	0.0838303
8KHF-P-N	Positive	0.391591	0.608409
8RHL-e-H	Positive	0.06565	0.93435
8EBM-C-A	Positive	0.00124371	0.998756
8TO2-p-J	Negative	0.508026	0.491974
8QZM-K-A	Negative	0.811153	0.188847
8YGD-2-1	Negative	0.950209	0.0497907
8YGD-Z-1	Negative	0.814964	0.185036
8YGD-a-1	Negative	0.558476	0.441524
8YGD-b-1	Negative	0.967514	0.0324859
8YGD-C-3	Negative	0.956681	0.0433185
8YGD-0-9	Negative	0.97868	0.0213204
8YGD-7-9	Negative	0.774757	0.225243
8YGD-8-9	Negative	0.956681	0.0433185
8YGD-G-D	Negative	0.956681	0.0433185
8FA8-P-H	Positive	0.00199491	0.998005
8K4D-C-A	Positive	0.0159441	0.984056
8B9T-B-A	Positive	0.0047369	0.995263
8CL0-H-A	Positive	0.256354	0.743646
8CSL-W-A	Positive	0.365722	0.634278
8CSL-R-V	Positive	0.274582	0.725418
8CSL-a-e	Positive	0.314351	0.685649
8CSL-S-Y	Positive	0.00666404	0.993336
8CSL-b-f	Positive	0.260038	0.739962
8TQA-P-A	Positive	0.00123477	0.998765
8S60-B-A	Negative	0.992176	0.00782376
8GWJ-C-A	Positive	0.00433594	0.995664
8IUN-V-W	Negative	0.832643	0.167357
8IUN-H-K	Negative	0.800189	0.199811
8IUN-7-0	Negative	0.800189	0.199811
8IUN-3-6	Negative	0.800189	0.199811
8IUN-1-4	Negative	0.832643	0.167357
8IUN-Y-M	Positive	0.163548	0.836452
8IUN-Z-M	Positive	0.00383347	0.996167
8HT9-C-A	Positive	0.187951	0.812049
8CS9-c-Y	Positive	0.00666404	0.993336
8ZDK-7-2	Negative	0.868764	0.131236
8P7Y-0-c	Negative	0.871635	0.128365
8ZJW-B-A	Negative	0.991101	0.00889921
8CGV-n-v	Positive	0.0758052	0.924195
8CGV-h-w	Negative	0.864421	0.135579
8EUY-T-C	Positive	0.0988371	0.901163
8EUY-t-G	Positive	0.0625932	0.937407
8EUY-r-H	Negative	0.620255	0.379745
8AGZ-d-T	Positive	0.00387096	0.996129
8FHN-C-A	Positive	0.212421	0.787579
8SGF-Z-A	Positive	0.000700593	0.999299
8S6A-P-A	Positive	0.000298917	0.999701
8X8A-B-A	Positive	0.00388938	0.996111
8T8R-B-A	Positive	0.000886023	0.999114
8D51-B-A	Positive	0.057547	0.942453
8UUI-D-B	Negative	0.743194	0.256806
8J3S-E-A	Positive	0.00323391	0.996766
8OVC-Y-M	Positive	0.0869182	0.913082
8OVC-c-G	Positive	0.0632652	0.936735
8BEP-D-B	Positive	0.0970371	0.902963
8DGK-B-A	Negative	0.868283	0.131717
8WEC-C-A	Positive	0.00853944	0.991461
8BI7-B-A	Positive	0.00157148	0.998429
8AQN-C-A	Negative	0.688727	0.311273
8J7A-J-2	Negative	0.969539	0.0304611
8GW4-C-A	Positive	0.0208284	0.979172
8DO8-E-A	Positive	0.129351	0.870649
8DO8-F-C	Positive	0.00264066	0.997359
8C42-B-A	Positive	0.00379807	0.996202
8ZEH-i-E	Negative	0.554427	0.445573
8ZEH-m-E	Positive	0.0429639	0.957036
8R60-X-A	Positive	0.192059	0.807941
8AI4-C-A	Negative	0.837165	0.162835
8OG0-P-L	Positive	0.00116211	0.998838
8W9Q-r-R	Positive	0.00193661	0.998063
8UH1-B-A	Negative	0.938692	0.0613078
8PMP-D-A	Positive	0.318152	0.681848
8DAU-I-B	Negative	0.845577	0.154423
8AEL-B-A	Positive	0.0046522	0.995348
8R58-B-A	Negative	0.989757	0.0102431
8K6O-E-D	Negative	0.508166	0.491834
8EIC-C-A	Negative	0.928879	0.0711206
8WEY-J-A	Negative	0.985687	0.0143129
8WEY-M-B	Positive	0.0528187	0.947181
8ALX-B-A	Positive	0.0102395	0.98976
8QP6-A-B	Positive	0.433416	0.566584
8QP6-D-B	Negative	0.758225	0.241775
8QP6-G-H	Negative	0.676108	0.323892
8QP6-J-K	Positive	0.353939	0.646061
8OU0-D-B	Positive	0.0239505	0.97605
8GN2-f-a	Positive	0.470191	0.529809
8UCK-h-a	Negative	0.986616	0.0133836
8XV8-B-A	Positive	0.0123436	0.987656
8XV8-D-C	Positive	0.0633526	0.936647
8XV8-F-E	Positive	0.03183	0.96817
8XV8-H-G	Positive	0.384449	0.615551
8B1I-C-A	Positive	0.00156134	0.998439
8OUW-H-A	Positive	0.23807	0.76193
8B5B-E-B	Positive	0.0006212	0.999379
8IBV-C-R	Positive	0.0154395	0.98456
8WQD-G-D	Positive	0.0205201	0.97948
8GN1-T-A	Negative	0.637356	0.362644
8GN1-j-a	Negative	0.73088	0.26912
8ZOS-J-C	Negative	0.992566	0.00743448
8YDP-A-B	Positive	0.388411	0.611589
8YDP-C-D	Positive	0.388411	0.611589
8SMO-B-A	Negative	0.915655	0.0843455
8SMO-H-A	Negative	0.738102	0.261898
8SMO-L-A	Negative	0.523555	0.476445
8SMO-N-A	Positive	0.00497699	0.995023
8SMO-J-C	Negative	0.976745	0.0232546
8JGB-L-R	Positive	0.00263888	0.997361
8ZWS-I-A	Positive	0.219923	0.780077
8ZWS-D-A	Positive	0.00753582	0.992464
8YD1-a-A	Positive	0.00401336	0.995987
8RLU-C-A	Positive	0.0121633	0.987837
8R7Z-K-G	Negative	0.93536	0.06464
8BON-E-B	Positive	0.0365604	0.96344
8QFX-G-A	Positive	0.0117443	0.988256
8X0L-D-C	Positive	0.0719336	0.928066
8ASI-D-A	Negative	0.799892	0.200108
8ASI-H-E	Negative	0.663404	0.336596
8A6F-P-A	Positive	0.458825	0.541175
8PJF-C-A	Positive	0.273856	0.726144
8PDQ-B-A	Positive	0.0012638	0.998736
8ZV9-C-A	Positive	0.423451	0.576549
8RRI-2-F	Negative	0.85098	0.14902
8RRI-4-r	Negative	0.877147	0.122853
8DTL-C-A	Negative	0.789028	0.210972
8B1K-C-A	Positive	0.00208563	0.997914
8Y0Q-4-1	Negative	0.927549	0.0724507
8CMF-C-A	Negative	0.770914	0.229086
8JC8-8-5	Negative	0.801244	0.198756
8JC8-E-A	Negative	0.914121	0.0858788
8TMU-E-A	Negative	0.697521	0.302479
8Y0R-4-1	Negative	0.911562	0.0884379
8Q9R-X-A	Positive	0.00316483	0.996835
8Q9R-C-E	Positive	0.0259805	0.974019
8DWG-A-R	Positive	0.00614148	0.993859
8Q5S-B-A	Negative	0.522859	0.477141
8S32-O-A	Positive	0.0953174	0.904683
8XV6-B-A	Positive	0.0423877	0.957612
8XV6-D-A	Positive	0.0423877	0.957612
8XY7-C-A	Negative	0.828957	0.171043
8FA9-P-H	Positive	0.0834332	0.916567
8GAI-B-A	Positive	0.0477775	0.952223
8GAI-D-A	Positive	0.143195	0.856805
8HZ8-C-A	Positive	0.0103124	0.989688
8TES-A-E	Negative	0.764938	0.235062
8B9A-P-2	Negative	0.837016	0.162984
8S7V-L-I	Negative	0.980093	0.0199066
8B4J-P-O	Positive	0.0566133	0.943387
8YJB-0-B	Positive	0.0128449	0.987155
8B6L-B-A	Negative	0.632897	0.367103
8B6L-K-I	Positive	0.248706	0.751294
8XWT-B-A	Positive	0.0299775	0.970022
8JRK-E-A	Positive	0.0081926	0.991807
8JRK-F-B	Positive	0.00600278	0.993997
8G8C-C-H	Negative	0.926793	0.0732072
8G8C-P-A	Negative	0.982207	0.0177933
8JV0-C-A	Positive	0.000649631	0.99935
8BF9-l-X	Positive	0.446664	0.553336
8EBB-C-A	Positive	0.00464255	0.995357
8FKF-D-A	Positive	0.0866128	0.913387
8XC5-A-B	Positive	0.110114	0.889886
8GHO-C-A	Positive	0.0283201	0.97168
8GHO-G-H	Positive	0.00142074	0.998579
8EMK-C-A	Positive	0.00241625	0.997584
8YGT-A-B	Positive	0.0557836	0.944216
8U51-B-A	Positive	0.0366779	0.963322
8R3K-G-A	Positive	0.287532	0.712468
8YC0-a-d	Positive	0.149654	0.850346
8YC0-b-g	Negative	0.611888	0.388112
8QBT-b-d	Negative	0.868565	0.131435
8QBT-3-s	Positive	0.123631	0.876369
8PEG-p-d	Positive	0.00274855	0.997251
8SHW-Q-L	Positive	0.00728339	0.992717
8YHT-B-A	Positive	0.453247	0.546753
8IMZ-D-A	Positive	0.00215244	0.997848
8VDD-C-A	Positive	0.00325722	0.996743
8J5U-B-A	Positive	0.00221819	0.997782
8B87-C-A	Positive	0.0180687	0.981931
8B87-D-A	Positive	0.0180687	0.981931
8Q9Q-X-A	Positive	0.0175063	0.982494
8BQ3-B-A	Positive	0.0118301	0.98817
8ATI-a-A	Positive	0.000364661	0.999635
8YB4-C-B	Negative	0.800851	0.199149
8WO9-C-A	Positive	0.0102704	0.98973
8D47-C-L	Negative	0.69169	0.30831
8CP6-A-B	Positive	0.0887087	0.911291
8CP6-C-B	Positive	0.134047	0.865953
8T4I-C-A	Positive	0.0102862	0.989714
8T4I-D-A	Positive	0.000630438	0.99937
8GJ1-F-B	Positive	0.0459196	0.95408
8W7L-C-A	Positive	0.064194	0.935806
8W7L-D-B	Positive	0.000380993	0.999619
8BEF-b-A	Negative	0.855169	0.144831
8BEF-v-N	Negative	0.891545	0.108455
8J6S-K-L	Positive	0.0151708	0.984829
8F8Y-E-A	Positive	0.000341892	0.999658
8F8Y-F-A	Positive	0.00012064	0.999879
8ANC-P-A	Positive	0.023462	0.976538
8DO2-C-B	Negative	0.994109	0.00589105
8JHW-C-A	Positive	0.000892341	0.999108
8DTT-G-A	Positive	0.0108297	0.98917
8DTT-J-E	Positive	0.00669909	0.993301
8AGY-B-A	Positive	0.00330651	0.996693
8ELH-C-A	Positive	0.187947	0.812053
8WI2-B-A	Positive	0.0215623	0.978438
8BWE-B-A	Negative	0.84387	0.15613
8HJ2-G-B	Negative	0.706032	0.293968
8VTI-B-A	Positive	0.00183994	0.99816
8USB-O-G	Positive	0.00270444	0.997296
8WYI-a-d	Negative	0.95084	0.0491597
8WYI-m-d	Negative	0.622266	0.377734
8WYI-n-d	Negative	0.886355	0.113645
8XR6-f-a	Positive	0.391452	0.608548
8XR6-i-a	Positive	0.321025	0.678975
8XR6-j-a	Negative	0.68172	0.31828
8XR6-l-a	Negative	0.989371	0.0106286
8XR6-m-a	Negative	0.62852	0.37148
8XR6-t-a	Negative	0.942498	0.0575023
8XR6-w-a	Negative	0.973908	0.0260921
8XR6-L-A	Negative	0.989371	0.0106286
8XR6-M-A	Negative	0.62852	0.37148
8XR6-x-6	Positive	0.237315	0.762685
8XR6-K-C	Negative	0.970716	0.0292835
8XR6-Y-C	Negative	0.670287	0.329713
8OVD-Y-M	Positive	0.0632652	0.936735
8FIT-B-A	Positive	0.268192	0.731808
8FIT-D-C	Positive	0.0766346	0.923365
8VGC-P-A	Positive	0.00840241	0.991598
8F1T-a-A	Positive	0.139617	0.860383
8CB7-C-A	Positive	0.00322586	0.996774
8EYB-D-A	Positive	0.00367481	0.996325
8EYB-E-A	Positive	0.0113515	0.988648
8DTR-G-A	Positive	0.00300044	0.997
8Q86-A-B	Positive	0.49619	0.50381
8BW1-e-H	Positive	0.00192332	0.998077
8ACK-P-B	Negative	0.718967	0.281033
8K9T-B-A	Positive	0.00218934	0.997811
8GQW-C-A	Positive	0.00677449	0.993226
8PDE-C-A	Positive	0.00866717	0.991333
8PDE-X-A	Positive	0.0174513	0.982549
8PKU-P-B	Positive	0.00108564	0.998914
8T70-P-A	Positive	0.00492293	0.995077
8EAT-b-c	Negative	0.625888	0.374112
8QSF-H-A	Negative	0.663815	0.336185
8IQL-D-C	Positive	0.00302088	0.996979
8DK9-E-A	Positive	0.0129011	0.987099
8WQE-L-D	Positive	0.000941813	0.999058
8WQE-K-B	Positive	0.0233129	0.976687
8UA8-R-I	Positive	0.0725612	0.927439
8CN6-G-A	Positive	0.00494051	0.995059
8WF6-R-A	Positive	0.00677013	0.99323
8WF6-Q-B	Positive	0.0129324	0.987068
8WF6-F-C	Positive	0.0168128	0.983187
8XYX-C-A	Positive	0.364568	0.635432
8Q1B-h-a	Negative	0.988497	0.0115033
8VY8-D-B	Positive	0.0161745	0.983826
8JAR-S-A	Positive	0.00454319	0.995457
8BTY-B-A	Positive	0.00173801	0.998262
8JCB-A-D	Negative	0.811013	0.188987
8ZA6-m-d	Negative	0.971261	0.0287386
8ZA6-n-d	Negative	0.994023	0.0059768
8UCS-A-C	Negative	0.626538	0.373462
8UCS-B-C	Negative	0.725691	0.274309
8FB7-Q-A	Positive	0.168207	0.831793
8FB7-P-H	Positive	0.0252995	0.974701
8RUP-M-K	Positive	0.306344	0.693656
8BUU-4-G	Positive	0.0555161	0.944484
8BUU-1-3	Negative	0.695282	0.304718
8EAS-b-a	Negative	0.76747	0.23253
8T32-B-A	Negative	0.60279	0.39721
8OST-B-A	Positive	0.457089	0.542911
8X30-P-Q	Negative	0.93967	0.0603296
8JWX-P-R	Negative	0.992109	0.00789143
8JWX-S-R	Negative	0.984224	0.015776
8Q84-e-I	Positive	0.422097	0.577903
8JIP-P-R	Negative	0.636821	0.363179
8QU9-B-A	Positive	0.0215468	0.978453
8K6Q-D-B	Negative	0.987588	0.0124118
8K6Q-C-B	Negative	0.940261	0.0597387
8S3W-C-A	Positive	0.00183272	0.998167
8S30-B-A	Positive	0.00115061	0.998849
8I1V-N-G	Positive	0.0847548	0.915245
8SMR-L-J	Positive	0.00153553	0.998464
8FN2-i-E	Negative	0.895254	0.104746
8FN2-f-F	Positive	0.141388	0.858612
8FN2-h-H	Positive	0.232813	0.767187
8BBH-A-H	Positive	0.000595093	0.999405
8V50-C-A	Positive	0.00531316	0.994687
8WWM-L-R	Negative	0.867217	0.132783
8ZNO-K-B	Negative	0.752792	0.247208
8RQ2-z-E	Positive	0.403052	0.596948
8RQ2-6-F	Positive	0.456869	0.543131
8RQ2-y-S	Positive	0.179482	0.820518
8RQ2-x-T	Negative	0.553709	0.446291
8P10-c-L	Positive	0.00733137	0.992669
8ZYV-A-C	Positive	0.344575	0.655425
8ZYV-B-C	Positive	0.246141	0.753859
8Z3F-B-A	Negative	0.859147	0.140853
8KAB-c-e	Negative	0.560849	0.439151
8BWN-C-A	Negative	0.94877	0.0512297
8ARN-C-A	Positive	0.00143319	0.998567
8VS6-E-A	Positive	0.00159508	0.998405
8QCQ-1-3	Negative	0.655054	0.344946
8QCQ-6-F	Negative	0.545433	0.454567
8ZTU-W-e	Positive	0.198897	0.801103
8FK3-B-A	Positive	0.00256521	0.997435
8SG2-B-A	Positive	0.00727308	0.992727
8CBT-A-B	Negative	0.558542	0.441458
8YDM-A-C	Negative	0.867488	0.132512
8YDM-B-C	Negative	0.708527	0.291473
8YDM-D-E	Negative	0.865278	0.134722
8YDM-F-E	Negative	0.896054	0.103946
8YDM-H-G	Negative	0.889571	0.110429
8YDM-J-I	Negative	0.865278	0.134722
8YDM-O-K	Negative	0.670041	0.329959
8YDM-Q-M	Negative	0.865278	0.134722
8K6M-E-D	Negative	0.932493	0.0675068
8K6N-D-E	Negative	0.88397	0.11603
8G8Q-B-A	Positive	0.00120437	0.998796
8G8Q-C-A	Positive	0.0036847	0.996315
8GAJ-B-A	Positive	0.068289	0.931711
8CSR-K-C	Positive	0.311223	0.688777
8R2G-L-A	Positive	0.0065071	0.993493
8R2G-O-B	Positive	0.00995487	0.990045
8R2G-I-C	Negative	0.673906	0.326094
8R2G-M-D	Positive	0.00432235	0.995678
8R2G-N-E	Positive	0.0215628	0.978437
8SRU-E-A	Positive	0.000814855	0.999185
8P8B-x-d	Negative	0.863019	0.136981
8T59-E-A	Positive	0.00429338	0.995707
8T59-F-C	Positive	0.227749	0.772251
8IDY-T-b	Positive	0.172806	0.827194
8T5Q-G-A	Positive	0.000217259	0.999783
8ZGS-C-A	Negative	0.804248	0.195752
8ZGS-G-A	Positive	0.00146317	0.998537
8IHO-D-A	Positive	0.0114051	0.988595
8C17-B-A	Positive	0.00154269	0.998457
8JAL-S-A	Positive	0.00236332	0.997637
8RNF-P-A	Positive	0.00244457	0.997555
8UJF-E-B	Positive	0.00160617	0.998394
8J0E-F-B	Positive	0.00307518	0.996925
8J0E-A-B	Positive	0.177687	0.822313
8J0E-E-B	Positive	0.121847	0.878153
8AGC-B-A	Positive	0.423082	0.576918
8AGC-P-A	Positive	0.00347131	0.996529
8TW4-X-A	Positive	0.000597954	0.999402
8TW4-Y-A	Positive	0.00413215	0.995868
8YW5-P-R	Negative	0.808036	0.191964
8V3W-B-C	Positive	0.0104729	0.989527
8EI0-B-A	Positive	0.0564675	0.943533
8GJG-B-A	Positive	0.264569	0.735431
8U2Y-A-B	Positive	0.23155	0.76845
8WTE-J-A	Positive	0.00575775	0.994242
8GT7-F-C	Positive	0.00854635	0.991454
8QLG-E-A	Positive	0.0024491	0.997551
8TII-R-A	Positive	0.00406003	0.99594
8DYE-B-A	Negative	0.510442	0.489558
8RTE-D-A	Positive	0.00283581	0.997164
8F0S-B-A	Negative	0.884556	0.115444
8J5K-F-A	Positive	0.270297	0.729703
8J5K-I-A	Negative	0.548967	0.451033
8J5K-J-A	Positive	0.139429	0.860571
8J5K-L-A	Negative	0.958343	0.041657
8J5K-M-A	Negative	0.9797	0.0202999
8J5K-T-A	Negative	0.957611	0.0423887
8J5K-Y-C	Negative	0.943228	0.0567725
8J5K-X-D	Positive	0.49976	0.50024
8EI8-B-A	Negative	0.967301	0.0326994
8FH3-I-B	Negative	0.614201	0.385799
8WLS-B-A	Negative	0.943804	0.0561958
8H0Q-L-R	Positive	0.471038	0.528962
8UKO-C-E	Positive	0.0289465	0.971054
8CZF-B-A	Positive	0.0666265	0.933373
8TQZ-I-A	Negative	0.931125	0.0688749
8UIT-D-B	Positive	0.00959003	0.99041
8JIR-P-R	Positive	0.308292	0.691708
8EHV-P-B	Positive	0.00113213	0.998868
8CJ3-B-A	Positive	0.00152963	0.99847
8U77-B-A	Positive	0.0602033	0.939797
8U77-F-E	Positive	0.0194734	0.980527
8PNT-C-A	Positive	0.171525	0.828475
8PNT-D-A	Positive	0.00481635	0.995184
8WEJ-C-D	Positive	0.000760913	0.999239
8ZQE-L-R	Positive	0.00308657	0.996913
8Z81-A-C	Positive	0.0919472	0.908053
8Z81-B-C	Negative	0.941227	0.0587734
8Z81-D-C	Negative	0.986088	0.013912
8Z81-Z-W	Negative	0.941227	0.0587734
8Z81-2-1	Negative	0.986088	0.013912
8GEJ-G-B	Negative	0.975632	0.0243675
8BV7-B-A	Positive	0.0036124	0.996388
8YTG-B-A	Positive	0.00597298	0.994027
8WU8-D-A	Positive	0.0221742	0.977826
8H8S-L-A	Negative	0.9917	0.00829975
8H8S-M-A	Negative	0.906128	0.0938722
8EO8-C-A	Positive	0.00139397	0.998606
8C3N-B-A	Positive	0.345637	0.654363
8Q3D-C-A	Positive	0.00113702	0.998863
8RBX-r-b	Negative	0.827812	0.172188
8CCW-B-A	Positive	0.0122442	0.987756
8AXH-A-H	Positive	0.00115192	0.998848
8HR1-S-C	Positive	0.00179052	0.998209
8ADG-F-A	Positive	0.000922799	0.999077
8VDU-C-A	Positive	0.325517	0.674483
8VDU-I-G	Positive	0.00391942	0.996081
8VDU-L-J	Positive	0.0470273	0.952973
8JAU-S-A	Positive	0.00214732	0.997853
8AKN-A-W	Negative	0.53713	0.46287
8QKG-C-A	Positive	0.00428975	0.99571
8HTU-M-B	Positive	0.193612	0.806388
8QCI-A-B	Positive	0.0358632	0.964137
8CMO-J-A	Negative	0.956526	0.0434744
8RHQ-G-A	Positive	0.308444	0.691556
8JZU-B-A	Positive	0.0133049	0.986695
8FZ2-P-L	Negative	0.938505	0.0614952
8DTN-B-A	Positive	0.45097	0.54903
8DTN-F-E	Positive	0.276666	0.723334
8UGS-C-A	Negative	0.621647	0.378353
8UGS-D-A	Negative	0.55047	0.44953
8COY-C-A	Positive	0.00262344	0.997377
8P65-X-A	Negative	0.990413	0.00958717
8ZH8-Q-R	Negative	0.936503	0.0634975
8YY9-k-N	Negative	0.942174	0.0578264
8BEH-k-L	Negative	0.661868	0.338132
8Q5P-B-A	Negative	0.675481	0.324519
8UO5-D-B	Negative	0.574726	0.425274
8TH1-E-A	Positive	0.000348687	0.999651
8TH1-F-B	Positive	0.00156087	0.998439
8TH1-G-C	Positive	0.000562251	0.999438
8TH1-H-D	Positive	0.000432909	0.999567
8CIS-B-A	Positive	0.035727	0.964273
8CIS-C-A	Positive	0.277842	0.722158
8CIS-D-A	Positive	0.00607556	0.993924
8YPB-b-F	Negative	0.987999	0.0120013
8E3Z-P-R	Positive	0.209354	0.790646
8CMK-C-A	Positive	0.0175076	0.982492
8B5A-B-A	Positive	0.000756979	0.999243
8UK5-B-A	Positive	0.00307637	0.996924
8ESA-C-A	Positive	0.00588286	0.994117
8GVD-B-A	Positive	0.265455	0.734545
8FNE-E-A	Positive	0.188453	0.811547
8WY0-b-d	Negative	0.650634	0.349366
8WY0-m-d	Positive	0.488855	0.511145
8VJU-C-A	Positive	0.00248146	0.997519
8AHT-F-A	Positive	0.042198	0.957802
8AHT-G-B	Positive	0.0208389	0.979161
8AHT-H-C	Positive	0.0186952	0.981305
8I7P-B-A	Positive	0.361899	0.638101
8XPF-C-A	Positive	0.0119532	0.988047
8B82-C-A	Positive	0.00476879	0.995231
8UUQ-M-C	Positive	0.0102726	0.989727
8INK-A-o	Negative	0.874123	0.125877
8IQK-B-A	Positive	0.0558003	0.9442
8RNG-C-A	Positive	0.000762105	0.999238
8K17-E-B	Positive	0.00190657	0.998093
8XO0-s-E	Positive	0.435994	0.564006
8R3X-C-A	Positive	0.0854728	0.914527
8R3X-D-A	Positive	0.0953701	0.90463
8CGI-4-M	Positive	0.00524235	0.994758
8DJI-B-A	Positive	0.00114036	0.99886
8S6V-M-A	Positive	0.0209868	0.979013
8YFL-B-A	Positive	0.000181258	0.999819
8YFL-D-C	Positive	0.000181258	0.999819
8EXN-D-A	Positive	0.00370187	0.996298
8PQW-I-A	Positive	0.319467	0.680533
8PQW-H-C	Positive	0.238672	0.761328
8RKG-L-A	Positive	0.171372	0.828628
8RKG-M-A	Positive	0.406634	0.593366
8RKG-O-C	Positive	0.244742	0.755258
8RKG-P-E	Negative	0.590816	0.409184
8RKG-Q-E	Positive	0.443183	0.556817
8RKG-R-G	Negative	0.555095	0.444905
8RKG-S-G	Positive	0.244742	0.755258
8IPM-C-D	Positive	0.0020448	0.997955
8DNQ-C-A	Positive	0.0205662	0.979434
8DNQ-D-A	Positive	0.0205662	0.979434
8FAN-P-B	Positive	0.0013954	0.998605
8FAN-Q-D	Positive	0.00254029	0.99746
8FAN-R-F	Positive	0.0296914	0.970309
8S3E-E-A	Positive	0.0926761	0.907324
8U5H-A-D	Negative	0.985805	0.0141953
8U5H-B-I	Negative	0.868927	0.131073
8VCY-C-A	Positive	0.00772893	0.992271
8EUP-T-C	Positive	0.0018003	0.9982
8EUP-t-G	Positive	0.0283237	0.971676
8H9F-Q-3	Negative	0.972817	0.0271827
8WI5-B-A	Positive	0.0324715	0.967528
8TUH-F-A	Positive	0.00380611	0.996194
8FJB-C-A	Positive	0.00804669	0.991953
8VD8-B-A	Positive	0.00450128	0.995499
8SDP-I-A	Negative	0.505816	0.494184
8SDP-X-A	Positive	0.44595	0.55405
8SDP-Y-B	Negative	0.820018	0.179982
8AP4-4-f	Negative	0.695619	0.304381
8C1J-B-A	Positive	0.00371468	0.996285
8JR4-E-A	Positive	0.00334758	0.996652
8TLX-B-A	Positive	0.0725191	0.927481
8ZVY-C-A	Positive	0.275263	0.724737
8ZVY-D-B	Positive	0.183845	0.816155
8C29-F-A	Positive	0.0967449	0.903255
8C29-I-A	Positive	0.313891	0.686109
8C29-L-A	Negative	0.990702	0.00929819
8C29-T-A	Negative	0.960649	0.0393512
8C29-M-B	Negative	0.642531	0.357469
8C29-U-B	Positive	0.492906	0.507094
8C29-t-B	Negative	0.960649	0.0393512
8C29-l-a	Negative	0.990702	0.00929819
8C29-m-b	Negative	0.642531	0.357469
8B1J-C-A	Positive	0.00229818	0.997702
8CBP-C-A	Positive	0.0010125	0.998987
8FCN-L-F	Positive	0.0338878	0.966112
8RTB-H-C	Negative	0.937193	0.0628068
8JVV-A-B	Positive	0.259445	0.740555
8JVV-I-B	Positive	0.312616	0.687384
8BZL-h-A	Positive	0.00598407	0.994016
8BZL-d-B	Positive	0.00330013	0.9967
8BZL-f-D	Positive	0.00493264	0.995067
8HEP-A-B	Positive	0.0039593	0.996041
8HQY-S-C	Positive	0.0509551	0.949045
8JBG-A-B	Positive	0.00126296	0.998737
8ZBJ-S-R	Positive	0.000807583	0.999192
8KD2-G-B	Negative	0.509442	0.490558
8KD2-F-E	Positive	0.486828	0.513172
8OXM-E-A	Positive	0.00148374	0.998516
8DES-E-A	Positive	0.00090003	0.9991
8CLS-C-A	Negative	0.783848	0.216152
8CLS-D-A	Negative	0.992574	0.00742572
8CLS-F-A	Negative	0.899126	0.100874
8CLS-G-A	Negative	0.510363	0.489637
8CLS-H-A	Negative	0.929311	0.0706887
8ATS-P-A	Positive	0.00298655	0.997013
8Q05-Z-A	Positive	0.0327236	0.967276
8CM9-E-A	Positive	0.0010764	0.998924
8IC4-D-K	Negative	0.98856	0.0114401
8IC4-X-M	Negative	0.914627	0.0853728
8QNS-M-A	Negative	0.886836	0.113164
8QNS-N-A	Positive	0.362029	0.637971
8QNS-O-D	Positive	0.020772	0.979228
8QNS-P-J	Positive	0.0053674	0.994633
8ROO-B-A	Positive	0.000857353	0.999143
8CCZ-C-A	Positive	0.00501204	0.994988
8R64-G-B	Positive	0.000189841	0.99981
8WXT-C-A	Positive	0.315675	0.684325
8U8C-D-A	Positive	0.00226641	0.997734
8U8C-C-B	Negative	0.742867	0.257133
8XNT-r-B	Positive	0.458874	0.541126
8XNT-R-D	Negative	0.869002	0.130998
8XNT-s-E	Negative	0.791837	0.208163
8XNT-q-I	Positive	0.00191724	0.998083
8T8S-C-A	Positive	0.0364838	0.963516
8T8S-D-B	Positive	0.0364838	0.963516
8FLS-P-R	Positive	0.0275176	0.972482
8RRL-C-A	Negative	0.601827	0.398173
8IGC-B-A	Positive	0.0521845	0.947816
8VY4-C-A	Positive	0.00135869	0.998641
8DWL-D-C	Positive	0.0284758	0.971524
8DWL-B-C	Positive	0.0558594	0.944141
8F7X-P-R	Positive	0.0106292	0.989371
8Z9V-e-b	Negative	0.880954	0.119046
8ARI-a-A	Positive	0.0459374	0.954063
8JSU-A-B	Positive	0.345378	0.654622
8JSU-C-D	Positive	0.228459	0.771541
8TEG-B-A	Positive	0.0170377	0.982962
8YFN-B-A	Positive	0.00201476	0.997985
8EFL-F-M	Negative	0.841591	0.158409
8CMB-C-A	Positive	0.00400293	0.995997
8CV6-B-A	Positive	0.000787139	0.999213
8VMF-C-A	Positive	0.000265896	0.999734
8ZK2-Z-C	Negative	0.911325	0.0886746
8VCX-C-D	Positive	0.00325722	0.996743
8Q7K-C-A	Positive	0.335443	0.664557
8Z0H-C-A	Negative	0.766221	0.233779
8QN8-J-F	Positive	0.21079	0.78921
8D7P-D-A	Positive	0.00718075	0.992819
8D7P-C-A	Positive	0.000649393	0.999351
8Y0P-L-A	Positive	0.388688	0.611312
8DEW-D-A	Positive	0.0023064	0.997694
8GOC-G-A	Positive	0.00266826	0.997332
8H7G-B-A	Negative	0.79323	0.20677
8H7G-L-D	Negative	0.967312	0.0326882
8C1T-E-D	Positive	0.00226307	0.997737
8QU3-A-B	Positive	0.104912	0.895088
8ZCS-C-A	Positive	0.00731266	0.992687
8D80-C-B	Negative	0.804519	0.195481
8TUU-B-A	Positive	0.00542778	0.994572
8PAY-H-A	Positive	0.0053187	0.994681
8Q9P-X-A	Positive	0.00258762	0.997412
8VGD-P-A	Positive	0.325558	0.674442
8USD-A-f	Negative	0.518945	0.481055
8USD-U-f	Positive	0.00198966	0.99801
8USD-B-f	Negative	0.561009	0.438991
8B1H-C-A	Positive	0.000375628	0.999624
8TEC-C-A	Positive	0.00160676	0.998393
8YZW-F-D	Negative	0.747443	0.252557
8K9F-I-A	Negative	0.928857	0.0711433
8PKW-P-B	Positive	0.000673294	0.999327
8CMG-C-A	Positive	0.00135654	0.998643
8AGB-B-A	Negative	0.816133	0.183867
8ATF-H-G	Positive	0.174243	0.825757
8ESR-z-B	Negative	0.586896	0.413104
8ESR-s-O	Positive	0.024048	0.975952
8ESR-8-X	Positive	0.0911791	0.908821
8CA7-E-C	Negative	0.631826	0.368174
8WM0-B-A	Positive	0.00816035	0.99184
8T9A-C-B	Positive	0.00330222	0.996698
8FXQ-W-A	Positive	0.00190634	0.998094
8V8Q-C-A	Positive	0.11479	0.88521
8B1B-C-A	Positive	0.0499868	0.950013
8RS8-E-A	Positive	0.313734	0.686266
8RS8-G-B	Positive	0.313734	0.686266
8D5Q-E-A	Positive	0.000580549	0.999419
8WKZ-B-A	Positive	0.00363183	0.996368
8VLF-T-A	Positive	0.00544214	0.994558
8DGV-A-H	Positive	0.454093	0.545907
8T9D-9-C	Positive	0.00414008	0.99586
8UJH-C-A	Positive	0.0102701	0.98973
8U2M-D-A	Positive	0.000832438	0.999168
8E13-C-A	Positive	0.00930148	0.990699
8VJH-Q-A	Positive	0.135319	0.864681
8VJH-U-A	Positive	0.00738549	0.992615
8XFZ-C-A	Positive	0.0272432	0.972757
8OZ0-9-H	Positive	0.00954652	0.990453
8EBU-H-A	Negative	0.985086	0.0149138
8H8H-G-A	Negative	0.754896	0.245104
8UTL-C-A	Positive	0.00929928	0.990701
8WHK-B-A	Negative	0.622839	0.377161
8ETJ-T-C	Positive	0.00244766	0.997552
8ETJ-s-O	Positive	0.0551425	0.944857
8QEP-G-A	Negative	0.968074	0.0319259
8ET3-S-A	Positive	0.00261503	0.997385
8H8Q-A-L	Positive	0.057268	0.942732
8C07-J-B	Positive	0.0509155	0.949085
8B46-D-A	Negative	0.689053	0.310947
8B46-F-B	Positive	0.0944895	0.905511
8Q9N-X-A	Positive	0.00257379	0.997426
8RIZ-T-K	Positive	0.00353831	0.996462
8ZKM-A-B	Positive	0.0322016	0.967798
8WM6-J-A	Negative	0.986855	0.0131448
8WM6-M-B	Positive	0.10256	0.89744
8W5Z-B-A	Positive	0.00189269	0.998107
8TTE-C-A	Negative	0.547743	0.452257
8FLT-P-R	Positive	0.00131243	0.998688
8J9S-C-B	Positive	0.477601	0.522399
8DA0-F-A	Positive	0.100566	0.899434
8XLS-J-A	Negative	0.967554	0.0324457
8XLS-M-B	Positive	0.052147	0.947853
8KEA-H-A	Positive	0.143247	0.856753
8I0U-K-A	Positive	0.00674003	0.99326
8EI2-C-A	Positive	0.0307071	0.969293
8AC1-E-C	Positive	0.0459759	0.954024
8YVI-X-D	Positive	0.0169442	0.983056
8BFW-B-A	Positive	0.002114	0.997886
8Q1R-E-A	Positive	0.000361562	0.999638
8U1Z-B-A	Negative	0.734123	0.265877
8D3W-G-A	Negative	0.767246	0.232754
8K4V-C-A	Positive	0.00139886	0.998601
8Y6V-N-D	Negative	0.513249	0.486751
8Y6V-I-G	Negative	0.895791	0.104209
8TWI-D-C	Positive	0.000401795	0.999598
8XI2-U-A	Positive	0.376289	0.623711
8ZKK-p-O	Negative	0.927151	0.0728485
8ZKK-u-O	Negative	0.909031	0.0909692
8HSM-C-A	Positive	0.00728059	0.992719
8XZJ-L-R	Positive	0.00156695	0.998433
8D5E-P-A	Positive	0.0122324	0.987768
8CDU-N-E	Negative	0.990996	0.0090044
8C97-0-N	Negative	0.83969	0.16031
8IBO-C-A	Positive	0.089922	0.910078
8A65-B-A	Positive	0.00155836	0.998442
8FUF-B-A	Positive	0.00363511	0.996365
8SE7-X-A	Negative	0.927372	0.0726279
8SE7-H-A	Negative	0.565598	0.434402
8SE7-Y-B	Negative	0.966488	0.0335123
8SE7-P-M	Negative	0.857569	0.142431
8SE7-T-Q	Negative	0.643481	0.356519
8ZZ0-A-C	Positive	0.344575	0.655425
8ZZ0-B-C	Positive	0.246141	0.753859
8ETC-T-C	Positive	0.0466042	0.953396
8ETC-s-O	Positive	0.059325	0.940675
8ETC-8-P	Positive	0.239607	0.760393
8W8E-X-A	Positive	0.00777858	0.992221
8SUV-F-A	Positive	0.0297869	0.970213
8SUV-H-C	Positive	0.0157999	0.9842
8SUV-I-D	Negative	0.571309	0.428691
8GN0-I-A	Negative	0.742717	0.257283
8GN0-f-a	Positive	0.186969	0.813031
8H1R-C-A	Negative	0.581798	0.418202
8IB6-D-K	Negative	0.942458	0.0575423
8IB6-X-M	Negative	0.914627	0.0853728
8IMY-D-G	Negative	0.675793	0.324207
8CBI-C-A	Positive	0.00460392	0.995396
8DTM-C-B	Negative	0.958336	0.0416645
8QTU-B-A	Positive	0.00591409	0.994086
8X7X-F-C	Positive	0.130097	0.869903
8WED-C-A	Positive	0.0399027	0.960097
8YPJ-A-B	Negative	0.801956	0.198044
8VPR-B-A	Positive	0.000842571	0.999157
8JJ6-E-A	Positive	0.00113428	0.998866
8T4S-n-C	Positive	0.0669977	0.933002
8RJI-C-A	Negative	0.574753	0.425247
8HZ4-E-A	Positive	0.352998	0.647002
8HZ4-F-A	Positive	0.298905	0.701095
8HZ4-H-A	Positive	0.0532191	0.946781
8HZ4-G-B	Positive	0.245629	0.754371
8WDA-E-A	Positive	0.00880641	0.991194
8QAU-E-A	Positive	0.0143855	0.985614
8JAF-V-A	Positive	0.00532591	0.994674
8UB4-H-B	Positive	0.0432006	0.956799
8UB4-J-D	Positive	0.0171128	0.982887
8UU8-6-E	Positive	0.0753701	0.92463
8UU8-5-7	Positive	0.486776	0.513224
8I9A-D-C	Positive	0.00368398	0.996316
8TZX-C-A	Negative	0.580883	0.419117
8Q7E-C-A	Positive	0.0341083	0.965892
8VJY-B-A	Positive	0.00929034	0.99071
8J0G-F-B	Positive	0.00362259	0.996377
8WXW-P-A	Positive	0.00209087	0.997909
8HSW-C-A	Positive	0.00327325	0.996727
8UI6-B-A	Positive	0.00172126	0.998279
8GON-C-A	Negative	0.741726	0.258274
8YV6-B-A	Positive	0.00147504	0.998525
8RTA-I-E	Positive	0.0145376	0.985462
8RTA-H-F	Negative	0.554653	0.445347
8J5P-X-C	Positive	0.162863	0.837137
8J8Z-V-A	Positive	0.000652254	0.999348
8WDV-7-L	Negative	0.614031	0.385969
8WDV-G-D	Negative	0.972783	0.0272167
8WDV-J-F	Negative	0.834852	0.165148
8WDV-T-S	Negative	0.972783	0.0272167
8WDV-6-3	Negative	0.979327	0.0206732
8UW1-K-A	Negative	0.973792	0.0262078
8FEG-A-B	Positive	0.0350151	0.964985
8VYQ-C-A	Positive	0.032719	0.967281
8HN9-C-A	Positive	0.36663	0.63337
8C5L-C-A	Positive	0.138093	0.861907
8ROP-C-A	Positive	0.00123906	0.998761
8UBU-B-A	Negative	0.738792	0.261208
8TUQ-B-A	Positive	0.0525978	0.947402
8G8S-B-A	Positive	0.00860929	0.991391
8CAV-D-A	Positive	0.0139604	0.98604
8CAV-G-B	Positive	0.000544012	0.999456
8ENS-C-A	Positive	0.000578165	0.999422
8RBZ-r-b	Negative	0.907434	0.0925664
8RBZ-m-i	Negative	0.79193	0.20807
8TTT-B-A	Positive	0.00318366	0.996816
8QT0-B-A	Positive	0.00311118	0.996889
8HLO-C-A	Positive	0.00459301	0.995407
8G94-F-A	Positive	0.112452	0.887548
8HCO-E-A	Negative	0.832384	0.167616
8U36-B-A	Positive	0.000941217	0.999059
8U36-C-A	Positive	0.00155526	0.998445
8EJM-B-A	Negative	0.595337	0.404663
8DGX-C-H	Positive	0.0151887	0.984811
8RDY-B-A	Positive	0.000378609	0.999621
8U4K-C-A	Negative	0.714441	0.285559
8UKP-C-E	Positive	0.0261193	0.973881
8QSH-H-A	Positive	0.00142586	0.998574
8HER-A-B	Positive	0.0134351	0.986565
8RU3-P-A	Negative	0.57436	0.42564
8RST-B-A	Positive	0.00367606	0.996324
8A44-B-A	Negative	0.940443	0.0595573
8A9G-D-B	Positive	0.0627139	0.937286
8W6A-C-A	Positive	0.230861	0.769139
8BOX-C-A	Positive	0.00215769	0.997842
8QQF-B-A	Negative	0.794339	0.205661
8A93-D-A	Negative	0.611008	0.388992
8HRY-B-A	Negative	0.873404	0.126596
8FUB-B-A	Positive	0.00211746	0.997883
8QYB-A-L	Negative	0.874548	0.125452
8ZX5-G-B	Negative	0.860763	0.139237
8K00-B-A	Positive	0.054262	0.945738
8RXB-F-E	Positive	0.00258726	0.997413
8T8G-B-A	Positive	0.00400066	0.995999
8T0P-C-B	Positive	0.0569816	0.943018
8F9E-P-H	Positive	0.0253723	0.974628
8VU3-J-A	Negative	0.985087	0.0149133
8VU3-X-B	Positive	0.112623	0.887377
8VU3-S-G	Negative	0.985087	0.0149133
8CRX-3-g	Positive	0.0560496	0.94395
8ETG-T-C	Positive	0.244066	0.755934
8OEP-B-A	Positive	0.0667952	0.933205
8B1R-P-B	Negative	0.595901	0.404099
8F4B-B-A	Positive	0.000838876	0.999161
8X2U-A-B	Negative	0.876318	0.123682
8X2U-D-E	Negative	0.836855	0.163145
8SRW-E-A	Positive	0.228152	0.771848
8ALH-P-B	Positive	0.193285	0.806715
8P2H-6-8	Negative	0.698121	0.301879
8C2E-P-A	Positive	0.00777644	0.992224
8Z08-F-C	Negative	0.574293	0.425707
8CB8-C-A	Positive	0.00368816	0.996312
8ARE-B-A	Positive	0.000421226	0.999579
8SR6-B-A	Positive	0.0212401	0.97876
8FUC-A-B	Positive	0.000422657	0.999577
8FUC-F-B	Positive	0.000952899	0.999047
8GMT-B-A	Negative	0.761373	0.238627
8EIB-C-A	Positive	0.0140889	0.985911
8AB5-C-A	Positive	0.00048244	0.999518
8CBG-C-A	Positive	0.000595689	0.999404
8EMG-C-A	Positive	0.00237066	0.997629
8WI0-B-A	Positive	0.0590659	0.940934
8RK3-B-g	Negative	0.983044	0.0169562
8WGH-J-2	Negative	0.961072	0.0389276
8FE7-B-A	Negative	0.98131	0.01869
8WTW-B-A	Positive	0.00142992	0.99857
8A43-I-A	Negative	0.587308	0.412692
8VYA-D-A	Positive	0.0118909	0.988109
8VYA-F-A	Positive	0.00858361	0.991416
8J8P-A-C	Negative	0.987723	0.012277
8Y8B-C-T	Negative	0.925137	0.0748627
8IAQ-D-K	Negative	0.927565	0.0724348
8QOA-0-2	Negative	0.856366	0.143634
8QOA-6-e	Negative	0.990658	0.00934168
8X91-X-A	Positive	0.168911	0.831089
8UJI-C-A	Positive	0.00474656	0.995253
8SAO-A-B	Positive	0.00110257	0.998897
8JE1-R-A	Negative	0.774481	0.225519
8JE1-G-H	Negative	0.96145	0.0385497
8WE2-R-A	Positive	0.0744721	0.925528
8EGR-M-G	Positive	0.314779	0.685221
8DNT-D-A	Positive	0.00124705	0.998753
8SKJ-E-A	Positive	0.0106615	0.989339
8UTJ-f-F	Positive	0.0490662	0.950934
8FCT-G-F	Negative	0.628183	0.371817
8S8O-C-A	Positive	0.00851673	0.991483
8IBB-D-K	Negative	0.927565	0.0724348
8ES9-Y-A	Positive	0.38475	0.61525
8IUG-D-B	Negative	0.800189	0.199811
8IUG-V-C	Negative	0.832643	0.167357
8IUG-X-C	Positive	0.140868	0.859132
8IUG-Y-C	Positive	0.163548	0.836452
8IUG-H-G	Negative	0.800189	0.199811
8IUG-h-L	Negative	0.877289	0.122711
8CMD-C-A	Positive	0.0147827	0.985217
8S4Y-A-B	Negative	0.573396	0.426604
8UX6-F-C	Positive	0.150548	0.849452
8JYS-A-B	Negative	0.635644	0.364356
8JYS-C-D	Negative	0.674486	0.325514
8UUA-6-E	Positive	0.0753701	0.92463
8UUA-5-7	Negative	0.513342	0.486658
8BN1-D-A	Positive	0.00228298	0.997717
8DVN-B-A	Negative	0.70983	0.29017
8J8R-G-A	Positive	0.000817597	0.999182
8UHD-X-V	Positive	0.277199	0.722801
8ZLZ-D-B	Positive	0.00196666	0.998033
8K8J-G-B	Negative	0.821824	0.178176
8VJO-F-A	Positive	0.00125408	0.998746
8C06-F-A	Positive	0.316221	0.683779
8JRT-e-V	Negative	0.840591	0.159409
8PJG-C-A	Positive	0.273856	0.726144
8GCN-B-A	Positive	0.037958	0.962042
8RUQ-L-G	Positive	0.0741228	0.925877
8RDU-r-G	Positive	0.345183	0.654817
8TTA-E-A	Positive	0.00193757	0.998062
8TTA-F-C	Positive	0.000460982	0.999539
8E2C-C-A	Positive	0.00974226	0.990258
8PR7-F-D	Negative	0.927675	0.0723245
8AP8-M-h	Negative	0.918377	0.0816232
8AP8-c-g	Positive	0.00458479	0.995415
8B1E-C-A	Positive	0.00433064	0.995669
8VAZ-E-A	Positive	0.379168	0.620832
8CGD-0-2	Negative	0.87857	0.12143
8DJH-B-A	Positive	0.0429088	0.957091
8EAU-b-a	Negative	0.535688	0.464312
8UU4-6-E	Positive	0.095484	0.904516
8XJS-E-B	Positive	0.226693	0.773307
8XJS-D-A	Positive	0.00112814	0.998872
8B9V-A-L	Positive	0.00770557	0.992294
8RAL-C-A	Positive	0.0021171	0.997883
8AAA-B-A	Positive	0.000677824	0.999322
8BIA-C-A	Positive	0.00151616	0.998484
8QSC-H-A	Positive	0.00187463	0.998125
8KDX-B-A	Positive	0.000777006	0.999223
8QP8-X-S	Negative	0.96265	0.0373501
8EYY-D-A	Negative	0.990695	0.00930532
8WEF-C-A	Positive	0.00142801	0.998572
8Y9Z-B-A	Negative	0.83736	0.16264
8FVO-C-A	Positive	0.001894	0.998106
8VR9-C-A	Positive	0.00847042	0.99153
8ZLW-R-A	Positive	0.105188	0.894812
8J6Z-J-2	Negative	0.969539	0.0304611
8JOY-B-A	Positive	0.00139803	0.998602
8FG1-B-A	Positive	0.204032	0.795968
8OP0-B-A	Positive	0.2009	0.7991
8RPY-z-E	Positive	0.403052	0.596948
8YDT-A-B	Negative	0.740158	0.259842
8QXW-B-A	Positive	0.0827248	0.917275
8ZYW-A-C	Positive	0.344575	0.655425
8F2M-C-D	Positive	0.0029518	0.997048
8BTQ-B-A	Negative	0.649053	0.350947
8C92-2-T	Positive	0.262402	0.737598
8CAM-h-w	Negative	0.783229	0.216771
8A40-L-B	Positive	0.0208088	0.979191
8P7L-H-J	Positive	0.0323387	0.967661
8CMI-C-A	Positive	0.0031817	0.996818
8CMI-F-D	Positive	0.0031817	0.996818
8JBM-G-A	Negative	0.957698	0.0423016
8R2I-F-A	Positive	0.400442	0.599558
8R2I-I-A	Negative	0.554214	0.445785
8R2I-1-A	Positive	0.0396684	0.960332
8XVE-P-R	Positive	0.00297779	0.997022
8OLT-s-E	Negative	0.824749	0.175251
8EMX-D-C	Negative	0.671283	0.328717
8RH6-G-A	Positive	0.0273175	0.972683
8U9O-A-B	Positive	0.0243701	0.97563
8SDQ-B-A	Positive	0.000722468	0.999278
8J8Q-A-C	Negative	0.984106	0.015894
8RQF-B-A	Negative	0.94038	0.0596199
8SRV-D-A	Positive	0.139792	0.860208
8X54-E-A	Positive	0.00119913	0.998801
8SOU-B-A	Positive	0.000641763	0.999358
8AED-C-A	Negative	0.915855	0.0841454
8AED-D-A	Negative	0.866891	0.133109
8BY5-B-A	Positive	0.0233333	0.976667
8YHZ-P-L	Positive	0.00383097	0.996169
8TQ2-D-C	Positive	0.00360793	0.996392
8VYW-C-A	Positive	0.0419913	0.958009
8C2F-P-A	Positive	0.00422961	0.99577
8Q1S-P-A	Positive	0.00604188	0.993958
8Q1S-C-B	Positive	0.00367218	0.996328
8G1U-C-A	Positive	0.00329679	0.996703
8G1U-D-A	Positive	0.00442481	0.995575
8G1U-K-I	Positive	0.00267833	0.997322
8WQH-G-D	Positive	0.000597715	0.999402
8WQH-L-H	Positive	0.0014438	0.998556
8KDC-C-A	Positive	0.350897	0.649103
8KDC-D-A	Negative	0.750192	0.249808
8KDC-E-A	Positive	0.278589	0.721411
8JA3-U-B	Positive	0.00289541	0.997105
8C98-2-T	Negative	0.580073	0.419927
8ZBI-E-C	Negative	0.944543	0.0554569
8TLW-B-A	Positive	0.0493773	0.950623
8DGW-G-H	Negative	0.537816	0.462184
8ZOM-K-B	Negative	0.752792	0.247208
8P43-P-A	Positive	0.00411373	0.995886
8T42-N-A	Positive	0.00542426	0.994576
8HEW-B-A	Positive	0.00748169	0.992518
8J27-F-B	Positive	0.00134844	0.998652
8J27-A-B	Positive	0.184886	0.815114
8TOS-E-A	Positive	0.00226533	0.997735
8ONI-B-H	Negative	0.792184	0.207816
8G2M-F-H	Positive	0.00038594	0.999614
8G8R-B-A	Positive	0.0403804	0.95962
8HXR-D-B	Negative	0.666747	0.333253
8HXR-C-A	Negative	0.807442	0.192558
8P0A-C-A	Positive	0.410761	0.589239
8PN4-M-A	Negative	0.829771	0.170229
8K35-S-I	Positive	0.138142	0.861858
8ENW-D-B	Positive	0.00041467	0.999585
8JUT-K-A	Positive	0.00254887	0.997451
8I0P-P-A	Negative	0.896709	0.103291
8QPW-X-F	Positive	0.00214523	0.997855
8R7L-D-H	Positive	0.0318986	0.968101
8RNH-C-A	Positive	0.41671	0.58329
8XNY-r-C	Positive	0.26296	0.73704
8XNY-R-D	Negative	0.92244	0.07756
8BCT-H-D	Negative	0.962573	0.0374273
8X2M-C-A	Negative	0.892981	0.107019
8X2M-D-A	Negative	0.929188	0.0708116
8X2M-F-A	Positive	0.186494	0.813506
8TH6-H-A	Negative	0.809736	0.190264
8TH6-G-B	Negative	0.809736	0.190264
8TH6-F-C	Negative	0.768628	0.231372
8GJ5-D-A	Positive	0.0595944	0.940406
8GJ5-E-B	Negative	0.656914	0.343086
8GJ5-F-C	Positive	0.0515358	0.948464
8P0Q-C-A	Positive	0.00368237	0.996318
8P0Q-D-B	Positive	0.00875187	0.991248
8B0P-B-A	Positive	0.000426829	0.999573
8RX1-i-A	Positive	0.462011	0.537989
8RX1-G-B	Negative	0.724359	0.275641
8RX1-s-D	Negative	0.875479	0.124521
8XGC-K-I	Positive	0.0510204	0.94898
8RRK-C-A	Positive	0.00223899	0.997761
8S6T-C-A	Positive	0.00522399	0.994776
8HEY-O-a	Positive	0.263628	0.736372
8HEY-T-D	Positive	0.00368899	0.996311
8HEY-Q-A	Negative	0.784241	0.215759
8J48-D-B	Positive	0.463422	0.536578
8J48-A-B	Negative	0.511218	0.488782
8X53-E-A	Positive	0.122979	0.877021
8XLP-f-a	Positive	0.234896	0.765104
8XLP-i-a	Positive	0.341343	0.658657
8XLP-t-a	Negative	0.806859	0.193141
8XLP-w-a	Negative	0.974998	0.0250021
8XLP-m-b	Negative	0.611203	0.388797
8XLP-x-b	Positive	0.229932	0.770068
8XLP-y-c	Negative	0.876523	0.123476
8XES-C-A	Positive	0.0218131	0.978187
8J7H-E-A	Positive	0.000562608	0.999437
8ADI-F-A	Positive	0.000418842	0.999581
8GJI-B-A	Negative	0.876307	0.123693
8PEF-B-A	Positive	0.0033533	0.996647
8TUT-B-A	Positive	0.0181671	0.981833
8I10-G-A	Positive	0.0159602	0.98404
8C3Z-B-A	Positive	0.281903	0.718097
8I0R-W-A	Positive	0.000985384	0.999015
8QSJ-m-8	Negative	0.908597	0.0914025
8CME-C-A	Positive	0.00512677	0.994873
8GO9-G-A	Positive	0.000433028	0.999567
8XZG-L-R	Positive	0.0961357	0.903864
8Z11-j-A	Negative	0.985502	0.0144982
8Z11-i-B	Negative	0.832769	0.167231
8Z11-m-B	Positive	0.0433707	0.956629
8RBH-C-A	Positive	0.00576162	0.994238
8RBH-D-B	Positive	0.0107239	0.989276
8VME-B-A	Positive	0.00604445	0.993956
8VME-C-A	Positive	0.000739396	0.999261
8I0S-K-A	Negative	0.93669	0.0633103
8ZEB-C-A	Positive	0.0399813	0.960019
8C3J-C-A	Negative	0.581585	0.418415
8C3J-J-A	Negative	0.581585	0.418415
8JXV-D-C	Negative	0.830344	0.169656
8D5N-E-C	Positive	0.00112408	0.998876
8D5N-B-A	Positive	0.000859857	0.99914
8P5R-P-A	Negative	0.955546	0.0444544
8EYA-D-A	Positive	0.000244558	0.999755
8FVY-f-d	Positive	0.184658	0.815342
8B1F-C-A	Positive	0.024353	0.975647
8DZQ-D-C	Negative	0.972845	0.0271547
8IIY-C-A	Positive	0.0081194	0.991881
8FG0-P-C	Positive	0.00228262	0.997717
8FG0-Q-C	Positive	0.00464463	0.995355
8AGE-B-A	Positive	0.423082	0.576918
8AGE-P-A	Positive	0.00100952	0.99899
8QT4-B-A	Positive	0.00409436	0.995906
8F2Q-B-A	Positive	0.0130098	0.98699
8F2Q-C-A	Positive	0.00158668	0.998413
8TOR-E-A	Positive	0.00116879	0.998831
8YOR-E-A	Positive	0.121801	0.878199
8YOR-F-C	Positive	0.192438	0.807562
8IHM-M-C	Positive	0.00618708	0.993813
8C26-B-A	Negative	0.65745	0.34255
8BY6-C-A	Negative	0.755361	0.244639
8XNQ-s-E	Positive	0.0686026	0.931397
8ZGT-C-A	Negative	0.804248	0.195752
8IMX-P-G	Positive	0.00222212	0.997778
8BE6-P-R	Positive	0.00169015	0.99831
8EXJ-D-A	Positive	0.00190932	0.998091
8WXQ-C-A	Positive	0.151245	0.848755
8VP5-C-A	Positive	0.00426424	0.995736
8KME-4-2	Positive	0.00570869	0.994291
8DUZ-F-A	Positive	0.00996315	0.990037
8DUZ-E-C	Positive	0.0903056	0.909694
8WV1-Z-F	Negative	0.989514	0.0104864
8WV1-9-g	Negative	0.766695	0.233305
8QY9-A-L	Positive	0.332779	0.667221
8QPK-7-D	Negative	0.967529	0.0324708
8QPK-X-A	Negative	0.810746	0.189254
8UU5-6-E	Positive	0.095484	0.904516
8HE0-B-A	Positive	0.241176	0.758824
8WXV-B-A	Positive	0.0166966	0.983303
8B6J-L-C	Negative	0.762207	0.237793
8B6J-l-c	Negative	0.762207	0.237793
8YVZ-E-A	Positive	0.348743	0.651257
8SH9-N-B	Positive	0.125719	0.874281
8R8U-C-A	Positive	0.0025968	0.997403
8F7S-P-R	Positive	0.00158823	0.998412
8T31-B-A	Positive	0.118188	0.881812
8T31-F-A	Positive	0.0654486	0.934551
8T31-D-C	Negative	0.988614	0.0113861
8T31-H-G	Positive	0.00510329	0.994897
8T31-J-I	Positive	0.00113112	0.998869
8QOO-B-A	Positive	0.00311118	0.996889
8TWE-C-A	Positive	0.00480938	0.995191
8TWE-D-B	Positive	0.00537449	0.994626
8PKV-P-B	Positive	0.000473261	0.999527
8IW4-C-B	Negative	0.790648	0.209352
8HC0-C-A	Positive	0.0150756	0.984924
8PO2-D-A	Negative	0.847218	0.152782
8W6L-C-A	Positive	0.212352	0.787648
8S73-M-A	Positive	0.0124714	0.987529
8F9S-P-H	Positive	0.000473976	0.999526
8QTT-K-A	Positive	0.00399691	0.996003
8QTT-N-D	Positive	0.0122439	0.987756
8IB5-s-E	Positive	0.136644	0.863356
8B8W-D-B	Positive	0.000387967	0.999612
8EI3-G-C	Negative	0.505655	0.494345
8Y47-B-A	Positive	0.479387	0.520613
8BC6-D-A	Positive	0.0013656	0.998634
8IYA-D-B	Positive	0.00120223	0.998798
8EMJ-C-A	Positive	0.00234449	0.997656
8B5R-X-B	Positive	0.00270158	0.997298
8GKV-B-A	Negative	0.808648	0.191352
8WXR-C-A	Positive	0.00935435	0.990646
8WXR-D-B	Positive	0.00256556	0.997434
8TPJ-Q-B	Positive	0.359472	0.640528
8TPJ-P-E	Positive	0.305632	0.694368
8TPJ-S-F	Positive	0.369146	0.630854
8TPJ-R-N	Positive	0.00528085	0.994719
8TTC-E-D	Positive	0.0214404	0.97856
8EKA-P-H	Positive	0.0179366	0.982063
8X4Q-B-A	Positive	0.0426757	0.957324
8X4Q-J-I	Positive	0.00757092	0.992429
8DEU-D-B	Positive	0.0157689	0.984231
8A5A-X-G	Negative	0.967501	0.032499
8S1U-1-3	Negative	0.695282	0.304718
8S1U-6-F	Negative	0.545433	0.454567
8FHL-C-A	Positive	0.0029093	0.997091
8C40-B-A	Positive	0.00459433	0.995406
8Z0A-E-A	Negative	0.914071	0.0859293
8QHL-D-B	Positive	0.00838143	0.991619
8BJ0-B-A	Positive	0.00151616	0.998484
8TRH-d-4	Negative	0.936183	0.0638174
8HBD-L-R	Negative	0.763218	0.236782
8R5I-B-A	Positive	0.0933678	0.906632
8QSB-H-A	Positive	0.00481516	0.995185
8ASC-J-E	Positive	0.0344524	0.965548
8RN3-D-A	Positive	0.142114	0.857886
8RN3-E-A	Negative	0.85485	0.14515
8RU4-C-A	Positive	0.00254065	0.997459
8SXE-F-B	Positive	0.17477	0.82523
8DUJ-M-G	Positive	0.164028	0.835972
8A8R-L-A	Negative	0.707865	0.292135
8A8R-M-B	Negative	0.761557	0.238443
8FAT-E-A	Positive	0.00628358	0.993716
8FAT-F-C	Negative	0.533477	0.466523
8F7Z-K-E	Positive	0.00253463	0.997465
8IA8-L-A	Positive	0.000377178	0.999623
8OSL-P-O	Positive	0.22578	0.77422
8DGH-B-A	Positive	0.0250858	0.974914
8JYQ-C-A	Positive	0.0076732	0.992327
8JYQ-F-D	Positive	0.0109494	0.989051
8DYD-C-A	Negative	0.626392	0.373608
8FJK-m-C	Positive	0.0546597	0.94534
8GQV-C-A	Positive	0.00475556	0.995244
8B1G-C-A	Positive	0.296539	0.703461
8W6B-D-A	Positive	0.225957	0.774043
8S6N-E-A	Negative	0.938516	0.0614842
8TMY-S-H	Positive	0.00979823	0.990202
8TMY-N-B	Positive	0.00825447	0.991746
8UXZ-I-C	Positive	0.0180783	0.981922
8TL6-E-A	Positive	0.396509	0.603491
8T5E-B-A	Positive	0.0633309	0.936669
8JC0-m-d	Negative	0.96374	0.0362599
8WXU-D-B	Positive	0.29935	0.70065
8IA4-Q-A	Positive	0.000174463	0.999826
8RNE-P-A	Positive	0.00570375	0.994296
8INF-T-f	Positive	0.130726	0.869274
8Y1U-B-A	Positive	0.104707	0.895293
8Y1U-C-A	Positive	0.330029	0.669971
8T56-C-A	Negative	0.512506	0.487494
8T56-D-A	Negative	0.683097	0.316903
8T56-E-A	Negative	0.683097	0.316903
8T56-F-A	Positive	0.0177734	0.982227
8JIT-P-R	Negative	0.604276	0.395724
8PPR-Z-N	Negative	0.9247	0.0753005
8XVA-F-B	Negative	0.953328	0.0466722
8C5G-D-A	Positive	0.080246	0.919754
8DGP-F-A	Positive	0.00130528	0.998695
8DGP-E-B	Positive	0.00107425	0.998926
8DGP-G-C	Positive	0.000683904	0.999316
8UY3-E-A	Positive	0.0915051	0.908495
8UY3-H-B	Positive	0.0176148	0.982385
8UY3-I-D	Positive	0.0274656	0.972534
8Y84-A-B	Negative	0.801051	0.198949
8RWG-6-8	Negative	0.87857	0.12143
8OFG-C-A	Positive	0.0190815	0.980918
8CSP-Q-B	Positive	0.001118	0.998882
8CSP-K-C	Positive	0.342113	0.657887
8G8A-C-A	Positive	0.435369	0.564631
8G8A-P-H	Negative	0.855535	0.144465
8EGS-I-Y	Positive	0.0311205	0.968879
8JAS-O-K	Positive	0.00278163	0.997218
8IJ0-C-A	Positive	0.00125903	0.998741
8IJ0-D-A	Positive	0.00125903	0.998741
8Q8K-C-A	Positive	0.281981	0.718019
8COB-B-A	Positive	0.0287856	0.971214
8COB-F-E	Positive	0.0654282	0.934572
8REF-C-A	Positive	0.0442349	0.955765
8AI5-C-A	Positive	0.0430459	0.956954
8AI5-D-A	Positive	0.0430459	0.956954
8I17-C-A	Positive	0.0172457	0.982754
8I17-F-B	Positive	0.153656	0.846344
8I17-I-E	Positive	0.379425	0.620575
8JUD-B-A	Positive	0.00882906	0.991171
8GY7-M-P	Positive	0.125337	0.874663
8EIK-F-E	Negative	0.707729	0.292271
8X06-D-B	Positive	0.0804913	0.919509
8WB4-w-3	Negative	0.969689	0.030311
8WB4-F-A	Positive	0.16291	0.83709
8WB4-J-A	Negative	0.78768	0.21232
8WB4-T-A	Negative	0.919624	0.0803761
8WB4-L-A	Negative	0.976362	0.0236379
8WB4-m-D	Negative	0.691619	0.308381
8WB4-M-S	Negative	0.691619	0.308381
8WB4-Y-Z	Negative	0.670287	0.329713
8WB4-f-d	Positive	0.16291	0.83709
8A62-B-A	Positive	0.00141776	0.998582
8US8-R-H	Positive	0.020075	0.979925
8YWF-P-R	Negative	0.980068	0.0199322
8DGO-C-B	Positive	0.00147575	0.998524
8ZUJ-A-D	Positive	0.0295503	0.97045
8HK5-G-D	Negative	0.658911	0.341089
8RTD-e-J	Negative	0.955697	0.0443029
8RTD-d-b	Positive	0.392985	0.607015
8RTD-i-f	Negative	0.948348	0.0516524
8RTD-D-h	Negative	0.9952	0.00480038
8RTD-F-h	Negative	0.817099	0.182901
8YJ2-C-A	Positive	0.00545692	0.994543
8C43-B-A	Positive	0.002666	0.997334
8QU4-A-B	Positive	0.104912	0.895088
8PM0-P-A	Positive	0.0114184	0.988582
8YTF-B-A	Positive	0.00559884	0.994401
8YWA-D-A	Positive	0.461765	0.538235
8D35-C-A	Positive	0.348859	0.651141
8TH5-K-A	Positive	0.000370145	0.99963
8TH5-Q-A	Positive	0.000668645	0.999331
8TH5-P-F	Positive	0.000468254	0.999532
8RKS-L-C	Positive	0.0117192	0.988281
8FY3-C-A	Positive	0.109635	0.890365
8D5F-P-A	Positive	0.0377336	0.962266
8FVQ-L-A	Positive	0.00142694	0.998573
8J6F-B-I	Positive	0.00175929	0.998241
8FG6-A-B	Positive	0.00132316	0.998677
8QU2-A-B	Positive	0.0275904	0.97241
8Q91-B-A	Positive	0.0457267	0.954273
8B2F-H-A	Positive	0.0208325	0.979167
8B2F-T-A	Positive	0.0208325	0.979167
8FAS-C-A	Positive	0.0277514	0.972249
8SM5-B-A	Positive	0.00933975	0.99066
8SM5-D-C	Positive	0.00215638	0.997844
8SM5-J-I	Positive	0.00219375	0.997806
8DGM-B-A	Positive	0.000504375	0.999496
8XV7-B-A	Negative	0.928183	0.0718168
8XV7-F-A	Negative	0.539491	0.460509
8XV7-H-A	Positive	0.00983423	0.990166
8R7N-E-j	Negative	0.579301	0.420699
8D5J-C-A	Positive	0.0111063	0.988894
8IQ4-G-B	Negative	0.899441	0.100559
8ZDB-e-J	Negative	0.835437	0.164563
8ZDB-f-M	Positive	0.204997	0.795003
8WKY-B-A	Positive	0.0101237	0.989876
8PM5-N-G	Positive	0.0102858	0.989714
8XKM-F-A	Positive	0.30391	0.69609
8JSL-E-A	Negative	0.86803	0.13197
8JSL-D-B	Positive	0.0886063	0.911394
8CVZ-F-B	Negative	0.631999	0.368001
8CVZ-G-C	Positive	0.303222	0.696778
8Q23-E-A	Positive	0.00340658	0.996593
8EGT-E-A	Positive	0.198913	0.801087
8WJX-G-B	Negative	0.699866	0.300134
8TUR-B-A	Positive	0.1053	0.8947
8FPJ-D-A	Positive	0.0326083	0.967392
8FPJ-E-A	Negative	0.622023	0.377977
8AN9-E-A	Positive	0.0120624	0.987938
8TAR-B-L	Positive	0.00401014	0.99599
8CV7-D-A	Positive	0.00892574	0.991074
8IHN-A-K	Positive	0.029349	0.970651
8BYL-D-B	Positive	0.433858	0.566142
8FUD-C-A	Positive	0.000725806	0.999274
8FUD-D-B	Positive	0.00408536	0.995915
8CMH-C-A	Positive	0.00205308	0.997947
8WSS-L-R	Positive	0.0148705	0.985129
8WEE-B-A	Positive	0.00472814	0.995272
8HEO-G-B	Positive	0.000597596	0.999402
8PXX-B-A	Positive	0.0344256	0.965574
8SDM-I-A	Negative	0.734092	0.265908
8SDM-X-A	Negative	0.708695	0.291305
8SDM-Y-B	Negative	0.937018	0.0629822
8HIL-L-B	Negative	0.962915	0.0370851
8ZLX-b-B	Negative	0.8638	0.1362
8ZLX-d-D	Negative	0.76341	0.23659
8ELG-C-A	Negative	0.780353	0.219647
8B1A-C-A	Positive	0.265455	0.734545
8CMC-C-A	Positive	0.000597358	0.999403
8AFZ-C-B	Positive	0.389272	0.610728
8IWH-J-A	Positive	0.469356	0.530644
8IWH-L-A	Negative	0.958343	0.041657
8IWH-M-A	Negative	0.978602	0.0213984
8IWH-T-A	Negative	0.990002	0.00999815
8IWH-t-B	Negative	0.990002	0.00999815
8IWH-K-C	Negative	0.968953	0.0310471
8IWH-Y-C	Positive	0.121573	0.878427
8IWH-X-D	Negative	0.639048	0.360952
8IWH-f-d	Positive	0.270297	0.729703
8HVP-I-A	Positive	0.000782132	0.999218
8IN0-B-A	Positive	0.000994265	0.999006
8F7W-P-R	Positive	0.00630164	0.993698
8EF5-F-M	Negative	0.648344	0.351656
8R8V-C-A	Positive	0.00201249	0.997988
8Z05-C-A	Positive	0.00110006	0.9989
8XV4-C-A	Positive	0.032748	0.967252
8EQI-F-A	Positive	0.00043565	0.999564
8AS9-D-A	Negative	0.874088	0.125912
8ASL-I-b	Negative	0.695474	0.304526
8ASL-E-l	Negative	0.547871	0.452129
8ASL-F-l	Positive	0.115902	0.884098
8VWE-C-H	Negative	0.531643	0.468357
8PK6-B-A	Negative	0.970494	0.0295063
8PK6-D-C	Negative	0.513774	0.486226
8PK6-F-E	Negative	0.932618	0.0673822
8AS3-B-A	Positive	0.0285206	0.971479
8AM5-E-A	Positive	0.0109767	0.989023
8AM5-I-A	Positive	0.366533	0.633467
8AM5-F-D	Positive	0.115902	0.884098
8FYU-E-B	Positive	0.0178156	0.982184
8OIJ-C-A	Positive	0.0376393	0.962361
8OIJ-D-A	Positive	0.0376393	0.962361
8CJ1-I-A	Positive	0.0124784	0.987522
8CJ1-K-E	Positive	0.0124784	0.987522
8TH7-C-A	Positive	0.00151414	0.998486
8TH7-D-B	Positive	0.000661552	0.999338
8TKT-D-C	Negative	0.532993	0.467007
8RZU-B-A	Positive	0.0080021	0.991998
8SBK-C-A	Positive	0.016673	0.983327
8DKN-C-A	Positive	0.0159416	0.984058
8RBU-C-A	Positive	0.0442349	0.955765
8B2K-B-A	Positive	0.00136906	0.998631
8BVF-D-A	Positive	0.00217462	0.997825
8A61-G-J	Positive	0.099273	0.900727
8A61-W-K	Positive	0.132347	0.867653
8D4T-X-N	Negative	0.986821	0.0131795
8VML-I-C	Positive	0.0536807	0.946319
8FYH-E-B	Positive	0.0327331	0.967267
8RLV-C-A	Positive	0.0152372	0.984763
8PN5-I-A	Positive	0.00804281	0.991957
8PN5-N-F	Positive	0.00482213	0.995178
8TXR-a-C	Positive	0.422705	0.577295
8EOI-D-A	Positive	0.431243	0.568757
8AOQ-C-A	Negative	0.524158	0.475842
8I0T-K-A	Negative	0.962268	0.0377316
8G7R-8-G	Positive	0.0490662	0.950934
8FYM-P-L	Negative	0.50143	0.49857
8FYM-C-A	Negative	0.647994	0.352006
8FYM-J-G	Negative	0.647994	0.352006
8YW4-P-R	Negative	0.908935	0.0910652
8PR0-D-F	Positive	0.17884	0.82116
8JOW-B-A	Positive	0.0392272	0.960773
8JOW-D-A	Positive	0.0206756	0.979324
8G8N-C-A	Positive	0.000933588	0.999066
8XGS-F-A	Positive	0.00205237	0.997948
8UMX-A-B	Negative	0.939271	0.0607292
8IVZ-C-A	Negative	0.538144	0.461856
8CF1-E-B	Positive	0.394939	0.605061
8VP9-C-A	Positive	0.0148444	0.985156
8VP9-D-A	Positive	0.00257081	0.997429
8EI6-C-A	Positive	0.210004	0.789996
8JBF-A-B	Positive	0.00319695	0.996803
8RMO-F-H	Positive	0.0113515	0.988648
8RMY-J-A	Positive	0.0191751	0.980825
8GAL-B-A	Positive	0.0176972	0.982303
8V5Y-C-B	Positive	0.0113515	0.988648
8JJV-B-A	Positive	0.0111486	0.988851
8YPF-B-A	Positive	0.00168741	0.998313
8PKX-P-B	Positive	0.000896156	0.999104
8DVM-B-A	Positive	0.00214082	0.997859
8PJE-C-A	Positive	0.0770807	0.922919
8Q6P-L-3	Positive	0.0409545	0.959046
8Z82-S-C	Positive	0.159438	0.840562
8Z82-U-C	Positive	0.0919472	0.908053
8Z82-D-L	Positive	0.159438	0.840562
8Z82-7-L	Positive	0.0919472	0.908053
8Z82-0-B	Negative	0.986088	0.013912
8EH5-G-H	Positive	0.00628346	0.993717
8BBK-G-A	Positive	0.00491869	0.995081
8B4Q-B-A	Positive	0.00482309	0.995177
8WGO-C-A	Positive	0.00800878	0.991991
8IR2-C-A	Positive	0.0823299	0.91767
8FE6-B-A	Positive	0.305608	0.694392
8GNN-D-C	Positive	0.0215771	0.978423
8FRU-l-X	Negative	0.713923	0.286077
8GJ0-F-B	Positive	0.474065	0.525935
8W8G-E-A	Positive	0.0126185	0.987382
8W8G-F-B	Positive	0.00468373	0.995316
8W8G-G-C	Positive	0.0136794	0.986321
8CZG-E-A	Positive	0.411939	0.588061
8CZG-H-A	Positive	0.264566	0.735434
8CZG-G-B	Positive	0.411939	0.588061
8QQE-C-A	Positive	0.158653	0.841347
8QQE-D-A	Positive	0.0185072	0.981493
8YZR-E-A	Positive	0.315793	0.684207
8TBW-C-A	Positive	0.413089	0.586911
8CZH-B-A	Positive	0.0461833	0.953817
8GSV-B-A	Positive	0.0366647	0.963335
8GSV-L-A	Positive	0.0192331	0.980767
8GSV-P-O	Positive	0.0825545	0.917446
8GSV-V-S	Positive	0.0491568	0.950843
8GSV-N-W	Positive	0.0132679	0.986732
8ZPU-D-B	Positive	0.00224501	0.997755
8DS7-M-L	Positive	0.000675559	0.999324
8DL7-F-A	Positive	0.000364184	0.999636
8S6U-C-A	Negative	0.909364	0.0906359
8S6U-D-A	Negative	0.928566	0.0714341
8V8F-E-B	Positive	0.0357086	0.964291
8V8F-H-A	Positive	0.000424922	0.999575
8XKW-E-A	Negative	0.937288	0.0627121
8X3S-B-A	Positive	0.0020175	0.997983
8JZD-B-A	Positive	0.0686994	0.931301
8JZD-D-A	Positive	0.178382	0.821618
8IHP-M-B	Positive	0.189284	0.810716
8QT8-B-A	Positive	0.000914693	0.999085
8HYJ-W-B	Positive	0.418275	0.581725
8RYK-C-A	Positive	0.00930673	0.990693
8RYK-D-B	Positive	0.00763559	0.992364
8JTI-e-V	Negative	0.98702	0.0129801
8JBH-A-B	Positive	0.000557125	0.999443
8ZTZ-E-C	Positive	0.00813538	0.991865
8QYZ-I-C	Positive	0.04504	0.95496
8DYT-I-L	Positive	0.300076	0.699924
8Q1N-a-A	Positive	0.101352	0.898648
8B8O-C-B	Positive	0.00586504	0.994135
8B8O-D-A	Positive	0.000638306	0.999362
8TTU-B-A	Positive	0.00319564	0.996804
8UGB-D-A	Negative	0.75328	0.24672
8UGB-C-B	Negative	0.661449	0.338551
8J8V-G-A	Positive	0.000433028	0.999567
8CD8-B-A	Positive	0.00406098	0.995939
8PNQ-G-A	Positive	0.287532	0.712468
8CSS-K-C	Positive	0.306857	0.693143
8EBK-B-A	Positive	0.000416458	0.999584
8RHB-T-K	Positive	0.00114942	0.998851
8RHB-t-K	Positive	0.00150907	0.998491
8F9U-P-A	Positive	0.0803582	0.919642
8WKD-C-A	Positive	0.00157607	0.998424
8DGQ-U-A	Positive	0.356698	0.643302
8DGQ-V-A	Negative	0.566652	0.433348
8PNP-G-A	Positive	0.287078	0.712922
8C7H-A-B	Negative	0.509334	0.490666
8EC5-C-A	Positive	0.264589	0.735411
8CD3-A-B	Positive	0.00257105	0.997429
8BVA-B-A	Positive	0.00381154	0.996188
8H2U-K-A	Negative	0.82336	0.17664
8SDO-B-A	Positive	0.0010283	0.998972
8P0D-B-A	Positive	0.00123405	0.998766
8EI1-E-A	Negative	0.662776	0.337224
8EI1-G-C	Positive	0.222775	0.777225
8EI1-H-D	Negative	0.525466	0.474534
8TXX-K-H	Positive	0.207437	0.792563
8Q3S-C-A	Positive	0.00390148	0.996099
8VOD-B-A	Positive	0.0030216	0.996978
8V3O-I-A	Positive	0.00716418	0.992836
8R1T-D-A	Positive	0.00503343	0.994967
8WA2-H-A	Positive	0.00448698	0.995513
8WA2-I-B	Positive	0.00219804	0.997802
8UC6-G-C	Positive	0.00327879	0.996721
8FR8-c-x	Negative	0.874362	0.125638
8IPL-B-A	Positive	0.405538	0.594462
8TTD-B-A	Positive	0.00281519	0.997185
8SKV-a-A	Negative	0.616814	0.383186
8YTD-B-A	Positive	0.368012	0.631988
8YTD-C-A	Positive	0.00372434	0.996276
8DJ6-E-A	Positive	0.0092212	0.990779
8AJM-C-B	Positive	0.00385958	0.99614
8TEE-C-A	Positive	0.00139874	0.998601
8TEE-D-B	Positive	0.00262499	0.997375
8QLV-B-A	Positive	0.000864565	0.999135
8VPU-B-A	Positive	0.0121446	0.987855
8DTU-B-A	Positive	0.00045377	0.999546
8DTU-C-A	Positive	0.193391	0.806609
8GTX-B-A	Positive	0.00048244	0.999518
8V8E-C-A	Positive	0.0454437	0.954556
8TGF-B-A	Positive	0.100494	0.899506
8XKE-M-A	Negative	0.881724	0.118276
8FUA-B-A	Positive	0.00190395	0.998096
8FUA-C-A	Positive	0.282505	0.717495
8PP6-K-G	Negative	0.89389	0.10611
8EHZ-C-A	Positive	0.00307965	0.99692
8B8I-I-A	Negative	0.804579	0.195421
8B8I-K-A	Negative	0.718922	0.281078
8B8I-L-B	Positive	0.455212	0.544788
8B8I-O-G	Positive	0.47177	0.52823
8J64-B-A	Negative	0.677293	0.322707
8SW6-C-A	Negative	0.535525	0.464475
8SW6-D-B	Positive	0.251957	0.748043
8H3C-F-B	Positive	0.301389	0.698611
8QLM-C-A	Positive	0.00124478	0.998755
8B1D-C-A	Positive	0.101397	0.898603
8Z06-E-A	Positive	0.221662	0.778338
8I3G-D-A	Positive	0.420473	0.579527
8I3G-C-B	Positive	0.426747	0.573253
8YR4-D-A	Positive	0.00028199	0.999718
8A5Y-G-J	Positive	0.133662	0.866338
8R6F-e-X	Negative	0.88504	0.11496
8R6F-h-k	Positive	0.0900521	0.909948
8BR9-B-A	Positive	0.421166	0.578834
8GIZ-F-B	Positive	0.303057	0.696943
8DWK-C-A	Positive	0.0903046	0.909695
8DWK-D-A	Positive	0.0136313	0.986369
8C00-g-W	Negative	0.801713	0.198287
8X2Z-L-M	Negative	0.981344	0.0186556
8RN4-E-A	Positive	0.0295644	0.970436
8RN4-D-A	Positive	0.106209	0.893791
8TK7-E-B	Positive	0.00221205	0.997788
8CTA-C-A	Negative	0.988254	0.0117461
8CTA-G-E	Negative	0.997245	0.00275463
8CTA-K-I	Negative	0.988098	0.011902
8CTA-O-M	Negative	0.997741	0.00225861
8I4O-B-A	Positive	0.0377918	0.962208
8I4O-D-C	Positive	0.0449324	0.955068
8I4O-L-K	Positive	0.016611	0.983389
8GJS-B-A	Positive	0.000611901	0.999388
8TUS-C-A	Positive	0.0177194	0.982281
8CQY-B-A	Positive	0.000129104	0.999871
8K2X-L-R	Positive	0.000699639	0.9993
8VDC-B-A	Positive	0.197018	0.802982
8EI9-C-A	Positive	0.0122992	0.987701
8QSZ-G-A	Negative	0.796586	0.203414
8QSZ-X-B	Positive	0.00192225	0.998078
8URE-B-A	Positive	0.208518	0.791482
8QTC-C-A	Positive	0.00528711	0.994713
8G4Y-B-A	Negative	0.939274	0.0607263
8ZBE-P-A	Positive	0.000266612	0.999733
8RIK-T-K	Positive	0.00635433	0.993646
8RIK-t-K	Positive	0.00957566	0.990424
8RAJ-B-A	Positive	0.262847	0.737153
8IQM-B-A	Positive	0.0366181	0.963382
8CGR-U-K	Positive	0.0492365	0.950763
8YDQ-A-B	Negative	0.905123	0.094877
8AQB-C-B	Positive	0.00588638	0.994114
8TGP-B-A	Positive	0.00315642	0.996844
8DZR-D-C	Negative	0.920101	0.0798994
8T19-B-A	Positive	0.0066644	0.993336
8WMV-J-A	Negative	0.986855	0.0131448
8BED-I-G	Positive	0.00198317	0.998017
8BED-W-G	Positive	0.0267662	0.973234
8GZE-D-A	Positive	0.00265974	0.99734
8VNV-I-C	Positive	0.0335745	0.966425
8T51-E-A	Positive	0.227749	0.772251
8ODT-F-A	Positive	0.162338	0.837662
8ODT-G-A	Positive	0.155588	0.844412
8TUB-Q-F	Positive	0.0045023	0.995498
8TUB-K-F	Positive	0.0045023	0.995498
8DGN-B-A	Positive	0.0127377	0.987262
8K31-A-B	Negative	0.92335	0.0766502
8FZM-B-A	Positive	0.039037	0.960963
8CAS-n-m	Positive	0.00587404	0.994126
8V9Q-D-A	Positive	0.000873387	0.999127
8V9Q-H-A	Positive	0.00552976	0.99447
8V9Q-F-B	Positive	0.000873387	0.999127
8Y1Y-B-A	Positive	0.0876777	0.912322
8FIQ-B-A	Negative	0.797792	0.202208
8WQB-K-J	Positive	0.0214315	0.978568
8I0W-4-A	Positive	0.0792665	0.920733
8WK4-n-A	Positive	0.000219047	0.999781
8WK4-o-A	Positive	0.144397	0.855603
8WK4-s-F	Positive	0.0935071	0.906493
8WK4-p-Y	Positive	0.0107011	0.989299
8XZF-L-R	Positive	0.000635326	0.999365
8RC4-r-b	Positive	0.0172498	0.98275
8ISN-C-A	Positive	0.000234902	0.999765
8ESE-X-Z	Positive	0.000923514	0.999076
8HEQ-A-B	Positive	0.00409895	0.995901
8BFJ-B-A	Positive	0.060796	0.939204
8F9V-N-C	Positive	0.000765562	0.999234
8ECH-C-E	Positive	0.00838917	0.991611
8EI7-C-A	Negative	0.92858	0.0714205
8BEL-T-C	Negative	0.980503	0.0194973
8RBM-B-A	Positive	0.325589	0.674411
8RBM-b-C	Positive	0.0135986	0.986401
8Q0Q-Y-M	Negative	0.984915	0.0150854
8TX8-D-A	Negative	0.509322	0.490678
8C01-g-W	Negative	0.86678	0.13322
8A3T-W-K	Positive	0.0516867	0.948313
8A3T-S-A	Positive	0.000621438	0.999379
8VWO-B-A	Positive	0.00362343	0.996377
8JE2-H-D	Positive	0.0761939	0.923806
8WZ2-L-R	Negative	0.961596	0.0384035
8WG8-E-R	Positive	0.0154107	0.984589
8PVX-H-C	Positive	0.000260532	0.999739
8SGH-B-A	Positive	0.00248957	0.99751
8HQV-B-A	Positive	0.00609618	0.993904
8EFO-F-M	Positive	0.00279868	0.997201
8T1L-9-C	Positive	0.21985	0.78015
8WQA-L-D	Positive	0.113567	0.886433
8D7M-C-A	Positive	0.00845855	0.991541
8WXZ-P-A	Positive	0.0063706	0.993629
8P9O-P-A	Negative	0.649727	0.350273
8TAU-E-I	Positive	0.0155475	0.984453
8F5Q-B-A	Positive	0.00210792	0.997892
8F5Q-F-E	Positive	0.446465	0.553535
8ZEE-1-D	Negative	0.96676	0.0332403
8A8X-B-A	Positive	0.00376081	0.996239
8A8X-D-C	Positive	0.00114119	0.998859
8XKC-C-A	Positive	0.00116879	0.998831
8QCB-E-B	Positive	0.0482412	0.951759
8CH6-t-w	Negative	0.926564	0.0734361
8X98-D-A	Negative	0.979857	0.0201431
8HQZ-k-A	Positive	0.368939	0.631061
8HQZ-e-L	Positive	0.0485103	0.95149
8HQZ-d-Q	Positive	0.0485103	0.95149
8HQZ-f-Q	Positive	0.0758829	0.924117
8C3C-B-A	Positive	0.00299972	0.997
8TNP-C-B	Positive	0.00636047	0.99364
8PKL-p-d	Positive	0.000594139	0.999406
8BP4-F-B	Positive	0.00282061	0.997179
8BP4-E-C	Positive	0.00282061	0.997179
8U12-C-D	Negative	0.675824	0.324176
8U12-H-D	Negative	0.675824	0.324176
8U12-A-F	Negative	0.675824	0.324176
8C1Y-B-A	Negative	0.84387	0.15613
8A8Q-C-A	Negative	0.89036	0.10964
8A8Q-D-A	Negative	0.876463	0.123537
8Q7I-P-A	Negative	0.966272	0.0337275
8PR2-j-f	Positive	0.0401372	0.959863
8SV0-C-B	Positive	0.00202149	0.997979
8SV0-E-B	Positive	0.160281	0.839719
8BWF-a-A	Positive	0.169326	0.830674
8BWF-i-F	Positive	0.169326	0.830674
8UA4-R-G	Positive	0.462178	0.537822
8RTN-I-H	Negative	0.822613	0.177387
8YGL-2-1	Negative	0.950209	0.0497907
8YGL-Z-1	Negative	0.956681	0.0433185
8YGL-a-1	Negative	0.515293	0.484707
8YGL-b-1	Negative	0.985177	0.0148234
8YGL-7-9	Negative	0.802809	0.197191
8AZW-O-G	Negative	0.683737	0.316263
8AZW-X-T	Negative	0.804728	0.195272
8HDJ-A-B	Negative	0.88764	0.11236
8HDJ-E-F	Negative	0.887563	0.112437
8RLT-C-A	Positive	0.0103802	0.98962
8J97-V-A	Positive	0.000964284	0.999036
8HEX-O-o	Positive	0.269095	0.730905
8F3B-C-A	Positive	0.498248	0.501752
8UAU-S-A	Positive	0.0530394	0.946961
8CVY-E-A	Positive	0.463902	0.536098
8YSZ-C-A	Negative	0.977202	0.0227985
8YSZ-E-A	Negative	0.911047	0.0889534
8YSZ-D-B	Positive	0.0793502	0.92065
8EBL-D-A	Positive	0.000657499	0.999343
8I5E-P-H	Positive	0.00792748	0.992073
8QCA-E-B	Positive	0.010523	0.989477
8F88-E-A	Positive	0.000287235	0.999713
8F88-F-B	Positive	0.000788569	0.999211
8F88-G-B	Positive	0.00850618	0.991494
8XG2-C-A	Negative	0.695194	0.304806
8PN3-C-A	Positive	0.00916153	0.990838
8PN3-D-B	Positive	0.0112018	0.988798
8QZZ-C-A	Positive	0.366649	0.633351
8S6O-H-D	Positive	0.00748461	0.992515
8XDN-C-A	Negative	0.838084	0.161916
8XDN-D-A	Negative	0.838084	0.161916
8XDN-E-A	Positive	0.184818	0.815182
8XDN-J-A	Negative	0.865878	0.134122
8J5O-7-0	Negative	0.753572	0.246428
8J5O-9-0	Negative	0.753572	0.246428
8J5O-1-2	Negative	0.736207	0.263793
8J5O-X-C	Positive	0.162863	0.837137
8J5O-J-I	Negative	0.753572	0.246428
8UFB-U-A	Positive	0.235241	0.764759
8YCX-U-A	Positive	0.0126936	0.987306
8S31-C-A	Positive	0.00131446	0.998686
8S31-D-B	Positive	0.00224727	0.997753
8CZ9-C-A	Positive	0.00155115	0.998449
8WXX-D-A	Positive	0.0458291	0.954171
8FA7-P-H	Positive	0.0253723	0.974628
8K8E-G-A	Positive	0.00148815	0.998512
8OKF-B-A	Positive	0.00694823	0.993052
8ZJD-L-R	Positive	0.00100702	0.998993
8WQI-G-D	Negative	0.53259	0.46741
8ETI-T-C	Negative	0.815345	0.184655
8X8L-C-R	Positive	0.000718415	0.999282
8Q1Q-D-A	Positive	0.000226557	0.999773
8BV1-N-A	Positive	0.0436744	0.956326
8HIB-D-V	Positive	0.1071	0.8929
8DP5-E-C	Positive	0.000700712	0.999299
8TET-A-E	Negative	0.799116	0.200884
8CJ2-E-A	Positive	0.00119698	0.998803
8CJ2-F-A	Positive	0.00119698	0.998803
8CJ2-H-D	Positive	0.0103925	0.989608
8PHE-C-A	Positive	0.45774	0.54226
8IBF-D-K	Negative	0.968571	0.031429
8D7Z-C-B	Positive	0.289716	0.710284
8T2N-B-A	Negative	0.633265	0.366735
8T2N-D-C	Positive	0.0197237	0.980276
8Y74-C-A	Positive	0.000977635	0.999022
8GAK-B-A	Positive	0.00978482	0.990215
8VD2-C-A	Positive	0.00651556	0.993484
8UTC-E-A	Positive	0.191047	0.808953
8PHR-G-A	Negative	0.809232	0.190768
8PHR-I-A	Negative	0.8888	0.1112
8TAH-H-A	Positive	0.0662538	0.933746
8QSD-H-A	Positive	0.00898921	0.991011
8DCK-C-A	Negative	0.945085	0.0549152
8RG0-M-O	Negative	0.698475	0.301525
8CVX-E-A	Negative	0.852265	0.147735
8RGH-E-A	Positive	0.408525	0.591475
8RGH-D-C	Negative	0.697926	0.302074
8EJR-C-B	Positive	0.00179648	0.998204
8SW5-C-A	Positive	0.407515	0.592485
8SW5-D-B	Negative	0.615467	0.384533
8ESQ-x-3	Positive	0.324863	0.675137
8ESQ-T-C	Positive	0.102005	0.897995
8ESQ-s-O	Positive	0.0468102	0.95319
8ESQ-8-X	Positive	0.485867	0.514133
8HSV-E-A	Positive	0.00338691	0.996613
8HSV-F-B	Positive	0.236415	0.763585
8ADM-P-A	Positive	0.00135332	0.998647
8GCH-C-F	Positive	0.215954	0.784046
8HJU-V-L	Negative	0.832643	0.167357
8HJU-Y-L	Positive	0.163548	0.836452
8HJU-Z-L	Negative	0.877289	0.122711
8EIA-C-A	Positive	0.00293857	0.997061
8CHE-C-H	Positive	0.00359631	0.996404
8B17-C-A	Negative	0.59673	0.40327
8IB1-C-A	Positive	0.00296772	0.997032
8R3L-G-A	Positive	0.19634	0.80366
8TOQ-E-A	Positive	0.00299424	0.997006
8H0P-L-R	Negative	0.651928	0.348072
8JBK-G-A	Negative	0.773348	0.226652
8XZH-L-R	Positive	0.000883877	0.999116
8ETH-V-u	Positive	0.00197262	0.998027
8IA5-B-A	Negative	0.845883	0.154117
8QTF-K-A	Positive	0.000549257	0.999451
8QTF-L-B	Positive	0.000549257	0.999451
8Q7R-F-H	Positive	0.000285923	0.999714
8ON9-D-A	Positive	0.000179827	0.99982
8A5D-X-G	Negative	0.965294	0.0347055
8EI4-B-A	Positive	0.0699508	0.930049
8UFI-C-A	Positive	0.44128	0.55872
8UFI-D-A	Positive	0.460434	0.539566
8XS1-A-H	Positive	0.000959218	0.999041
8JKB-A-B	Negative	0.860237	0.139763
8JKB-H-B	Negative	0.855167	0.144833
8JJ9-C-A	Negative	0.696966	0.303034
8JJ9-D-B	Negative	0.795696	0.204304
8HAF-P-R	Negative	0.764948	0.235052
8EXK-B-A	Positive	0.000345707	0.999654
8IR4-C-A	Positive	0.0996119	0.900388
8U8D-D-A	Positive	0.000696182	0.999304
8U8D-C-B	Negative	0.90881	0.0911895
8C1N-C-A	Positive	0.00696212	0.993038
8J6D-D-C	Positive	0.00602692	0.993973
8JIU-P-R	Positive	0.373325	0.626675
8B9P-C-A	Positive	0.00154603	0.998454
8TQ1-H-A	Negative	0.652938	0.347062
9GBI-J-2	Negative	0.953168	0.0468324
9GBI-N-2	Negative	0.976876	0.0231241
9C8G-D-A	Negative	0.620695	0.379305
9F45-G-E	Positive	0.328314	0.671686
9O52-I-A	Positive	0.0252934	0.974707
9BUX-B-A	Positive	0.266971	0.733029
9BLC-P-R	Positive	0.445861	0.554139
9AT8-E-F	Positive	0.0781205	0.92188
9D89-T-H	Positive	0.32108	0.67892
9D89-h-w	Negative	0.871247	0.128753
9N82-G-A	Positive	0.156522	0.843478
9KGN-D-B	Positive	0.0297135	0.970286
9BS0-Z-W	Negative	0.637717	0.362283
9LKT-V-A	Positive	0.201517	0.798483
9E7R-G-B	Positive	0.195003	0.804997
9E6L-H-C	Negative	0.50352	0.49648
9BX5-P-H	Positive	0.00460202	0.995398
9K0X-G-B	Negative	0.917185	0.0828153
9J20-D-B	Positive	0.0102394	0.989761
9BAQ-D-A	Positive	0.0372845	0.962716
9BAQ-F-A	Positive	0.00297648	0.997024
9FXA-B-C	Positive	0.0307049	0.969295
9J8A-P-H	Positive	0.000352025	0.999648
9CFT-B-A	Negative	0.718396	0.281604
9CDW-E-A	Positive	0.000155807	0.999844
9HBY-E-D	Positive	0.0713006	0.928699
9D0A-G-B	Negative	0.724371	0.275629
9CKC-C-A	Positive	0.000129819	0.99987
9CKC-E-A	Positive	0.00101024	0.99899
9CKC-D-B	Positive	0.00191963	0.99808
9CKC-F-B	Positive	0.000869095	0.999131
9DZQ-E-A	Negative	0.877773	0.122227
9E9C-2-U	Negative	0.885246	0.114754
9E9C-m-e	Negative	0.877463	0.122537
9E9C-4-r	Negative	0.669793	0.330207
9DXU-B-A	Positive	0.00143903	0.998561
9BT6-a-A	Positive	0.0165407	0.983459
9BT6-g-C	Positive	0.0165407	0.983459
9IVQ-L-A	Positive	0.196414	0.803586
9IVQ-U-A	Positive	0.43683	0.56317
9K27-F-A	Negative	0.915593	0.0844066
9LU9-F-A	Negative	0.880858	0.119142
9LU9-G-A	Positive	0.420943	0.579057
9EYS-J-A	Negative	0.683072	0.316928
9EYS-Y-A	Positive	0.154286	0.845714
9IP4-E-A	Positive	0.158013	0.841987
9IP4-D-B	Positive	0.0413907	0.958609
9LK5-F-A	Positive	0.081482	0.918518
9LK5-I-A	Positive	0.366591	0.633409
9LK5-J-A	Positive	0.163063	0.836937
9LK5-L-A	Negative	0.989322	0.0106781
9LK5-M-B	Negative	0.871533	0.128467
9LK5-U-B	Negative	0.938224	0.0617759
9LK5-X-D	Positive	0.225367	0.774633
9BVL-P-A	Positive	0.0409902	0.95901
9FAQ-H-C	Negative	0.91223	0.08777
9CLG-B-A	Positive	0.00020951	0.99979
9CLG-C-A	Positive	0.00708354	0.992916
9QG8-K-A	Positive	0.00228167	0.997718
9FIX-A-M	Positive	0.00300205	0.996998
9B8O-L-H	Positive	0.00326413	0.996736
9AS2-D-C	Negative	0.688906	0.311094
9CS0-C-A	Positive	0.00797135	0.992029
9GXE-D-A	Positive	0.00886804	0.991132
9BTN-L-A	Positive	0.00131351	0.998686
9BXC-C-A	Positive	0.00760812	0.992392
9EGN-A-B	Positive	0.0952787	0.904721
9DDM-Y-A	Negative	0.549521	0.450479
9DDM-F-B	Negative	0.861328	0.138672
9DDM-Z-B	Positive	0.423414	0.576586
9DDM-G-D	Negative	0.929217	0.070783
9FP0-F-D	Negative	0.860784	0.139216
9FP0-V-E	Negative	0.918013	0.0819871
9FP0-S-E	Negative	0.893329	0.106671
9FP0-B-A	Negative	0.861826	0.138174
9C6B-D-B	Positive	0.0226962	0.977304
9GQZ-A-B	Negative	0.789773	0.210227
9GQZ-F-C	Negative	0.549852	0.450148
9M8M-S-C	Positive	0.30947	0.69053
9M8M-U-C	Positive	0.30947	0.69053
9M8M-K-L	Positive	0.30947	0.69053
9M8M-Y-L	Positive	0.438105	0.561895
9M8M-2-H	Negative	0.980314	0.0196859
9FVG-P-A	Positive	0.000791371	0.999209
9JFY-L-R	Negative	0.763124	0.236876
9BXU-J-D	Negative	0.87473	0.125271
9BXU-U-T	Negative	0.868717	0.131283
9GFM-H-O	Negative	0.699116	0.300884
9H9Q-E-C	Positive	0.335508	0.664492
9H9Q-F-C	Negative	0.604521	0.395479
9ASM-C-A	Positive	0.0407873	0.959213
9CMW-C-D	Negative	0.521077	0.478923
9CXI-C-A	Negative	0.646904	0.353096
9CXI-D-A	Negative	0.656106	0.343894
9HZ5-C-B	Positive	0.476562	0.523438
9BVK-P-A	Positive	0.0975981	0.902402
9FL8-F-B	Positive	0.00523025	0.99477
9FL8-G-C	Positive	0.00523025	0.99477
9C4S-B-A	Positive	0.0297017	0.970298
9R8R-B-A	Negative	0.933959	0.0660409
9KNT-B-A	Positive	0.264238	0.735762
9KNT-D-A	Positive	0.0380673	0.961933
9DDO-Y-A	Negative	0.893326	0.106674
9DDO-Z-B	Negative	0.877585	0.122415
9DDO-F-C	Positive	0.0195593	0.980441
9KDF-A-R	Positive	0.0248957	0.975104
9C0K-P-R	Negative	0.799957	0.200043
9IVG-P-R	Negative	0.607456	0.392544
9RU5-P-A	Positive	0.0183157	0.981684
9ARR-C-A	Positive	0.00510305	0.994897
9J1K-J-K	Negative	0.964027	0.0359732
9J1K-M-L	Positive	0.00101668	0.998983
9IVD-E-B	Positive	0.000241935	0.999758
9GJW-F-B	Negative	0.839305	0.160695
9LZW-D-A	Positive	0.15282	0.84718
9LZW-F-C	Positive	0.0238109	0.976189
9LZW-J-G	Positive	0.0288012	0.971199
9ME8-B-A	Positive	0.0123862	0.987614
9CPN-H-A	Positive	0.104335	0.895665
9HE1-G-A	Positive	0.00309533	0.996905
9M2F-L-R	Positive	0.00239372	0.997606
9I6A-B-A	Positive	0.0176957	0.982304
9NEI-G-A	Positive	0.181471	0.818529
9FS8-Y-3	Positive	0.351124	0.648876
9FS8-e-D	Positive	0.139235	0.860765
9GAS-B-A	Negative	0.783318	0.216682
9E2Y-X-4	Positive	0.429835	0.570165
9MXC-E-A	Positive	0.00697625	0.993024
9J6K-B-A	Positive	0.270953	0.729047
9CFC-V-0	Negative	0.799958	0.200042
9FNN-V-A	Negative	0.909946	0.0900536
9FNN-Z-A	Negative	0.909263	0.0907371
9KPY-H-A	Positive	0.00567096	0.994329
9DBY-M-G	Negative	0.946019	0.0539814
9DCY-B-A	Positive	0.137811	0.862189
9IM6-B-A	Positive	0.377889	0.622111
9FIY-A-M	Positive	0.00341201	0.996588
9FJC-4-1	Positive	0.00397182	0.996028
9IJX-B-A	Negative	0.590554	0.409446
9IJX-D-C	Negative	0.729245	0.270755
9IJX-F-C	Negative	0.532708	0.467292
9DDP-Y-A	Negative	0.895559	0.104441
9DDP-Z-B	Negative	0.888124	0.111876
9DDP-F-E	Positive	0.00581795	0.994182
9FVI-P-A	Positive	0.00148207	0.998518
9D34-C-A	Positive	0.00012219	0.999878
9H1Y-C-A	Positive	0.343164	0.656836
9MGZ-J-7	Negative	0.969773	0.0302266
9F1I-P-H	Positive	0.00379217	0.996208
9F1I-Q-I	Positive	0.00282645	0.997174
9GMZ-H-A	Positive	0.00301582	0.996984
9OLQ-C-A	Positive	0.135143	0.864857
9OLQ-F-B	Positive	0.124892	0.875108
9OLQ-I-G	Positive	0.126298	0.873702
9OLQ-L-G	Positive	0.00233012	0.99767
9OLQ-O-M	Positive	0.139416	0.860584
9ITV-X-H	Positive	0.0270233	0.972977
9ITV-U-T	Positive	0.417081	0.582919
9ITV-V-Z	Positive	0.283927	0.716073
9ITV-Y-Z	Negative	0.819057	0.180943
9I5R-B-A	Positive	0.362506	0.637494
9ILR-B-A	Negative	0.930672	0.0693278
9H91-9-E	Positive	0.017116	0.982884
9H91-4-G	Positive	0.122638	0.877362
9H91-H-X	Negative	0.616023	0.383977
9DNP-C-A	Positive	0.0116807	0.988319
9KQP-J-A	Negative	0.961586	0.0384144
9KQP-M-B	Positive	0.173506	0.826494
9K49-F-A	Negative	0.507539	0.492461
9K49-G-A	Positive	0.346725	0.653275
9K49-H-A	Negative	0.82963	0.17037
9GFC-E-A	Positive	0.0216362	0.978364
9GFC-F-B	Positive	0.0216362	0.978364
9GFC-G-C	Positive	0.013605	0.986395
9LDS-B-A	Positive	0.200448	0.799552
9F5Y-v-V	Negative	0.949864	0.0501356
9MUW-B-A	Positive	0.105446	0.894554
9MUW-F-A	Positive	0.010419	0.989581
9MUW-D-C	Positive	0.232475	0.767525
9MUW-E-C	Positive	0.109655	0.890345
9IKI-Z-N	Negative	0.906128	0.0938722
9CWN-B-A	Positive	0.0371171	0.962883
9L9P-B-S	Negative	0.974577	0.0254233
9AU7-D-A	Positive	0.0460058	0.953994
9H3D-B-D	Positive	0.000486255	0.999514
9H3D-C-D	Negative	0.693819	0.306181
9H3D-A-E	Negative	0.700479	0.299521
9H3D-H-J	Positive	0.00133431	0.998666
9H3D-I-J	Negative	0.798937	0.201063
9H3D-G-K	Positive	0.00337315	0.996627
9DEN-D-B	Positive	0.00991851	0.990081
9DEN-C-A	Positive	0.00652462	0.993475
9G8H-Q-A	Positive	0.00131816	0.998682
9QNI-P-A	Positive	0.000589967	0.99941
9CDU-B-A	Positive	0.352135	0.647865
9F5W-M-G	Positive	0.00196046	0.99804
9DNQ-C-A	Positive	0.0175595	0.98244
9CC6-B-A	Positive	0.315174	0.684826
9J7B-G-A	Positive	0.00091207	0.999088
9CQ4-A-K	Negative	0.972356	0.0276442
9CQ4-B-K	Negative	0.994182	0.00581794
9CQ4-Y-K	Negative	0.702693	0.297307
9CQ4-Z-K	Negative	0.65142	0.34858
9HDH-C-A	Positive	0.16169	0.83831
9H8T-h-A	Negative	0.950223	0.0497769
9HIU-C-A	Positive	0.023208	0.976792
9E03-B-A	Positive	0.163001	0.836999
9F3F-3-1	Negative	0.918686	0.0813141
9BPB-J-A	Negative	0.881615	0.118385
9BPB-i-a	Negative	0.707994	0.292006
9BPB-l-a	Negative	0.522353	0.477647
9JF5-E-A	Positive	0.0809194	0.919081
9JF5-F-A	Positive	0.12663	0.87337
9JF5-H-A	Positive	0.12663	0.87337
9JF5-G-C	Positive	0.0809194	0.919081
9CKU-H-G	Positive	0.314446	0.685554
9IWK-B-A	Positive	0.00262868	0.997371
9IWK-D-C	Positive	0.00755143	0.992449
9G13-B-A	Positive	0.305868	0.694132
9G13-H-E	Positive	0.114248	0.885752
9D95-C-A	Positive	0.00122279	0.998777
9J0A-C-A	Positive	0.297781	0.702219
9BYK-J-A	Negative	0.638719	0.361281
9BYK-I-G	Positive	0.187891	0.812109
9BYK-8-M	Positive	0.478476	0.521524
9BYK-i-M	Negative	0.749604	0.250396
9BYK-T-b	Positive	0.431005	0.568995
9BYK-e-b	Negative	0.843055	0.156945
9J1P-P-R	Negative	0.753025	0.246975
9E04-B-A	Positive	0.00181586	0.998184
9E04-G-A	Positive	0.0397564	0.960244
9IOL-M-A	Positive	0.415104	0.584896
9DWZ-B-A	Negative	0.934327	0.0656732
9C57-H-E	Negative	0.815607	0.184393
9D4Z-G-B	Positive	0.00548393	0.994516
9NKI-e-V	Negative	0.886773	0.113227
9GD3-T-C	Positive	0.0460667	0.953933
9BBC-X-A	Negative	0.915223	0.0847767
9BBC-Y-A	Negative	0.715979	0.284021
9B45-a-d	Negative	0.97581	0.0241901
9C7X-C-A	Positive	0.00633043	0.99367
9MU2-F-E	Positive	0.0198873	0.980113
9MU2-M-P	Negative	0.539567	0.460433
9MU2-N-P	Negative	0.517647	0.482353
9DHK-C-A	Positive	0.0169678	0.983032
9IVM-P-R	Negative	0.965009	0.0349912
9HN4-A-B	Positive	0.123375	0.876625
9DI4-C-A	Positive	0.00502926	0.994971
9CK0-B-A	Positive	0.00153983	0.99846
9BCT-P-B	Positive	0.217224	0.782776
9HJ1-C-A	Positive	0.423777	0.576223
9CLF-B-A	Positive	0.000904679	0.999095
9CLF-C-A	Positive	0.00453478	0.995465
9ISZ-E-A	Positive	0.163773	0.836227
9ISZ-F-B	Negative	0.946623	0.0533773
9BRR-p-b	Negative	0.852814	0.147186
9CDT-B-A	Positive	0.210781	0.789219
9DEL-C-A	Positive	0.0116794	0.988321
9GGP-B-A	Positive	0.294416	0.705584
9FD2-c-b	Negative	0.975179	0.0248211
9QA1-B-A	Positive	0.156927	0.843073
9ITX-Y-Z	Positive	0.30486	0.69514
9ITX-V-Z	Positive	0.343414	0.656586
9ITX-X-T	Negative	0.700479	0.299521
9ITX-U-T	Positive	0.45893	0.54107
9E6N-G-A	Negative	0.578864	0.421136
9E6N-I-C	Negative	0.837007	0.162993
9DSO-C-B	Positive	0.05032	0.94968
9DEO-D-A	Positive	0.00240034	0.9976
9B85-q-A	Negative	0.911742	0.0882576
9B85-p-B	Negative	0.896356	0.103644
9CI8-b-d	Positive	0.401047	0.598953
9CI8-n-d	Negative	0.925804	0.0741955
9EZN-B-A	Positive	0.200018	0.799982
9QA4-B-A	Positive	0.0106091	0.989391
9KC5-J-A	Negative	0.975136	0.0248638
9KC5-M-B	Positive	0.0114677	0.988532
9KND-B-A	Positive	0.0296776	0.970322
9MZH-B-E	Positive	0.131899	0.868101
9MZH-C-E	Positive	0.0362875	0.963712
9MZH-D-E	Positive	0.203802	0.796198
9F82-B-A	Positive	0.000430167	0.99957
9QNJ-P-A	Positive	0.0113814	0.988619
9H1P-B-A	Positive	0.00122529	0.998775
9AZ6-I-A	Negative	0.751599	0.248401
9AZ6-G-B	Positive	0.107907	0.892093
9EOU-P-A	Positive	0.00340158	0.996598
9BLT-D-A	Positive	0.000251114	0.999749
9LUB-F-A	Negative	0.85005	0.14995
9LUB-G-A	Negative	0.936209	0.0637907
9IJM-A-C	Positive	0.344575	0.655425
9FGQ-L-C	Positive	0.000472546	0.999527
9QWZ-D-B	Positive	0.000561178	0.999439
9B3J-I-3	Negative	0.545271	0.454729
9B3J-Q-K	Positive	0.317457	0.682543
9KR6-C-A	Positive	0.00211328	0.997887
9GG8-P-A	Positive	0.00104594	0.998954
9QWO-E-A	Positive	0.0932387	0.906761
9QWO-G-A	Positive	0.000744641	0.999255
9QWO-F-C	Positive	0.0297585	0.970241
9GAG-B-A	Positive	0.050141	0.949859
9NK9-B-A	Positive	0.198238	0.801762
9CNU-B-A	Positive	0.00238454	0.997615
9ASF-C-A	Positive	0.00180477	0.998195
9G05-C-A	Positive	0.00103593	0.998964
9CKN-E-A	Positive	0.0027011	0.997299
9E8N-e-Y	Negative	0.862321	0.137679
9G4A-B-A	Positive	0.0117913	0.988209
9FVL-E-A	Positive	0.000181139	0.999819
9CMT-C-A	Positive	0.0187398	0.98126
9ETM-G-A	Positive	0.179293	0.820707
9ETM-I-A	Negative	0.895459	0.104541
9ETM-E-A	Negative	0.657373	0.342627
9ETM-C-A	Negative	0.975453	0.0245469
9MH0-I-2	Negative	0.914106	0.0858939
9IS4-t-1	Negative	0.844396	0.155604
9IS4-L-A	Negative	0.990701	0.0092992
9IS4-V-C	Positive	0.0919123	0.908088
9IS4-X-D	Positive	0.0523678	0.947632
9I68-B-A	Positive	0.00503826	0.994962
9NEC-G-A	Positive	0.00271976	0.99728
9NEC-H-B	Positive	0.00846058	0.991539
9F58-P-S	Positive	0.0012098	0.99879
9CH0-D-A	Positive	0.161161	0.838839
9KFI-B-C	Positive	0.0243948	0.975605
9KFI-A-C	Positive	0.16674	0.83326
9G43-Q-A	Positive	0.00226885	0.997731
9G3Z-w-M	Negative	0.907998	0.0920023
9G3Z-x-M	Negative	0.633819	0.366181
9ILT-I-A	Negative	0.653157	0.346843
9CYY-A-B	Positive	0.340166	0.659834
9CYY-D-B	Positive	0.26222	0.73778
9HGG-B-A	Positive	0.047081	0.952919
9DNY-D-C	Negative	0.893419	0.106581
9J2F-J-H	Negative	0.969817	0.0301827
9J2F-G-A	Negative	0.892755	0.107245
9J2F-F-B	Positive	0.00636446	0.993636
9J2F-2-X	Positive	0.00636446	0.993636
9D82-P-A	Positive	0.443331	0.556669
9D82-M-E	Positive	0.219786	0.780214
9D82-J-F	Negative	0.748093	0.251907
9HCG-z-L	Positive	0.452464	0.547536
9EIJ-L-F	Negative	0.685628	0.314372
9EIJ-P-I	Negative	0.935872	0.0641281
9AX9-C-A	Positive	0.000594974	0.999405
9GF9-G-A	Positive	0.218926	0.781074
9GF9-I-A	Positive	0.218926	0.781074
9GF9-L-D	Positive	0.480151	0.519849
9C4V-B-A	Positive	0.00361562	0.996384
9GG7-P-A	Positive	0.000470996	0.999529
9GC0-E-j	Positive	0.0883047	0.911695
9EJG-C-A	Positive	0.0900065	0.909994
9HGD-B-A	Positive	0.0197145	0.980286
9ITO-V-P	Negative	0.750852	0.249148
9BAN-C-B	Positive	0.0322818	0.967718
9ES9-F-C	Positive	0.114562	0.885438
9BWD-R-B	Negative	0.51737	0.48263
9BWD-f-U	Negative	0.905339	0.0946615
9G0A-X-Z	Positive	0.285876	0.714124
9IMP-G-A	Positive	0.00396228	0.996038
9IMP-H-B	Positive	0.00230378	0.997696
9IMP-I-C	Positive	0.0124344	0.987566
9IMP-L-F	Positive	0.00559932	0.994401
9CLE-B-A	Positive	0.000468493	0.999532
9CLE-C-A	Positive	0.00708354	0.992916
9BYH-C-A	Positive	0.271409	0.728591
9F0O-L-C	Positive	0.000697136	0.999303
9AVT-C-A	Negative	0.849526	0.150474
9E07-F-A	Positive	0.449133	0.550867
9FNO-C-D	Positive	0.00191307	0.998087
9EZ4-C-A	Positive	0.00102615	0.998974
9B0B-G-A	Positive	0.0173431	0.982657
9HLJ-C-D	Negative	0.847748	0.152252
9JYY-a-M	Positive	0.0115955	0.988405
9JYY-b-M	Positive	0.0225321	0.977468
9HN0-A-B	Positive	0.00396293	0.996037
9QEH-1-3	Negative	0.694466	0.305535
9QEH-Z-L	Negative	0.506514	0.493486
9EJH-C-A	Positive	0.000888884	0.999111
9MVY-P-A	Positive	0.0170938	0.982906
9MVY-G-D	Positive	0.0423176	0.957682
9D3K-L-C	Positive	0.000778317	0.999222
9D3K-K-G	Positive	0.000771046	0.999229
9KQQ-J-A	Negative	0.946342	0.0536575
9KQQ-G-B	Positive	0.059867	0.940133
9KQQ-M-B	Positive	0.173506	0.826494
9U4W-F-R	Positive	0.0072577	0.992742
9CXG-C-A	Negative	0.662793	0.337207
9CXG-D-A	Negative	0.634382	0.365618
9QM9-D-A	Positive	0.005638	0.994362
9BW1-y-M	Positive	0.0502139	0.949786
9BW1-a-T	Positive	0.0125441	0.987456
9N7Y-E-A	Positive	0.0075646	0.992435
9BX7-P-H	Positive	0.000761151	0.999239
9L49-C-A	Positive	0.352677	0.647323
9EG6-C-B	Positive	0.0296947	0.970305
9EG6-E-D	Positive	0.0236884	0.976312
9PAI-B-A	Positive	0.0176891	0.982311
9G0B-D-A	Negative	0.501791	0.498209
9EPR-G-B	Positive	0.310072	0.689928
9ISK-I-G	Positive	0.00313503	0.996865
9DD1-B-A	Positive	0.119549	0.880451
9ES7-G-A	Positive	0.382546	0.617454
9KQB-F-A	Positive	0.262519	0.737481
9KQB-I-A	Positive	0.161002	0.838998
9KQB-L-A	Negative	0.98682	0.0131805
9KQB-T-A	Negative	0.925152	0.0748485
9KQB-W-A	Negative	0.58698	0.41302
9KQB-N-B	Positive	0.190227	0.809773
9KQB-f-a	Positive	0.262519	0.737481
9KQB-w-a	Negative	0.58698	0.41302
9KQB-n-b	Positive	0.190227	0.809773
9KQB-K-C	Negative	0.883891	0.116109
9J64-J-A	Positive	0.0398189	0.960181
9D9S-D-A	Positive	0.233133	0.766867
9C7D-B-H	Positive	0.00211495	0.997885
9E02-F-E	Positive	0.0088616	0.991138
9EYA-C-A	Positive	0.14935	0.85065
9DG3-M-G	Negative	0.812314	0.187686
9GFE-B-A	Positive	0.0982942	0.901706
9JER-F-A	Positive	0.0809194	0.919081
9CQB-D-A	Negative	0.524853	0.475147
9E5E-B-A	Positive	0.0126563	0.987344
9GCX-I-A	Positive	0.00393337	0.996067
9GCX-K-A	Negative	0.979329	0.0206713
9UL1-C-A	Positive	0.0020169	0.997983
9ED0-h-C	Negative	0.943579	0.0564209
9BI6-G-B	Negative	0.68625	0.31375
9OJR-H-A	Positive	0.00223947	0.997761
9E8L-e-V	Negative	0.953374	0.0466262
9BUI-e-V	Negative	0.90117	0.0988295
9VD9-m-B	Positive	0.0351647	0.964835
9VD9-n-B	Positive	0.00345546	0.996545
9VD9-p-D	Positive	0.00363195	0.996368
9VD9-o-Q	Positive	0.00179493	0.998205
9LZL-D-A	Positive	0.126098	0.873902
9LZL-E-B	Negative	0.67905	0.32095
9I8G-Q-U	Positive	0.444453	0.555547
9K2V-O-V	Positive	0.208186	0.791814
9ITQ-X-T	Positive	0.00773448	0.992266
9ITQ-U-T	Positive	0.387569	0.612431
9ITQ-Y-Z	Positive	0.296512	0.703488
9ITQ-V-Z	Negative	0.61655	0.38345
9DZN-C-A	Positive	0.0374246	0.962575
9J5S-C-A	Positive	0.00364083	0.996359
9J5S-D-B	Positive	0.00142038	0.99858
9KNF-C-A	Positive	0.104036	0.895964
9IRC-B-A	Positive	0.0184051	0.981595
9J0O-X-A	Positive	0.00851834	0.991482
9O91-B-A	Negative	0.910199	0.0898012
9LGU-B-A	Negative	0.581507	0.418493
9LGU-H-A	Positive	0.460547	0.539453
9LGU-M-A	Negative	0.581507	0.418493
9KNC-C-A	Positive	0.0431267	0.956873
9JAO-K-C	Positive	0.00029701	0.999703
9QAJ-K-C	Positive	0.0281039	0.971896
9QAJ-N-C	Positive	0.00641274	0.993587
9IXU-E-A	Positive	0.0325261	0.967474
9IXU-F-A	Positive	0.0186903	0.98131
9LXG-B-A	Positive	0.00141299	0.998587
9QNH-P-A	Positive	0.00564718	0.994353
9DDE-M-G	Negative	0.879482	0.120518
9J7I-B-A	Positive	0.00395101	0.996049
9VM1-D-C	Negative	0.535686	0.464314
9CNX-G-A	Positive	0.00911856	0.990881
9IWM-B-A	Positive	0.0523399	0.94766
9DJT-F-D	Negative	0.674222	0.325779
9EH5-J-A	Negative	0.618963	0.381038
9EH5-Y-C	Positive	0.122127	0.877873
9CQD-T-B	Positive	0.00893325	0.991067
9CQD-A-G	Positive	0.00832635	0.991674
9CQD-j-I	Negative	0.918801	0.0811992
9CQD-M-J	Positive	0.00464857	0.995351
9CQD-N-Q	Negative	0.680211	0.319789
9EJI-C-A	Negative	0.554612	0.445388
9OUW-H-D	Positive	0.022177	0.977823
9UGP-B-A	Negative	0.521337	0.478663
9VXG-B-A	Positive	0.0201481	0.979852
9CB3-C-A	Positive	0.00938886	0.990611
9HBV-E-D	Positive	0.0422059	0.957794
9LKX-K-J	Positive	0.0412808	0.958719
9IOX-T-A	Negative	0.907314	0.0926861
9IOX-M-B	Negative	0.716044	0.283956
9IOX-V-C	Positive	0.0204266	0.979573
9IOX-f-a	Positive	0.142135	0.857865
9BKD-U-L	Negative	0.929746	0.0702544
9B9Q-F-A	Positive	0.000643551	0.999356
9GAP-B-A	Negative	0.74352	0.25648
9QLM-B-A	Positive	0.00327653	0.996723
9MIY-b-A	Negative	0.996341	0.00365895
9EAF-C-A	Positive	0.00853008	0.99147
9EAF-D-A	Positive	0.00727576	0.992724
9FQL-C-A	Positive	0.0438312	0.956169
9FQL-G-E	Positive	0.0438312	0.956169
9FQL-H-E	Positive	0.00371855	0.996281
9C59-Y-M	Positive	0.00911331	0.990887
9I7T-G-C	Negative	0.613325	0.386675
9I7T-E-A	Negative	0.99441	0.00559034
9C3E-X-A	Negative	0.902323	0.0976775
9G6V-A-1	Negative	0.951223	0.0487773
9J78-E-B	Positive	0.374406	0.625594
9J78-I-J	Positive	0.0112187	0.988781
9JU1-C-A	Negative	0.832923	0.167077
9DNZ-D-C	Negative	0.687658	0.312342
9RGB-A-D	Positive	0.336772	0.663228
9FH9-L-C	Positive	0.00601053	0.993989
9QX0-C-A	Negative	0.795105	0.204895
9FXV-B-A	Positive	0.019543	0.980457
9GAV-G-B	Negative	0.674927	0.325073
9NZH-B-A	Positive	0.266426	0.733574
9E3B-N-A	Positive	0.00447762	0.995522
9GC2-N-A	Positive	0.0447744	0.955226
9B2U-E-K	Positive	0.00718683	0.992813
9B40-G-A	Positive	0.00208491	0.997915
9FM5-D-A	Positive	0.00177938	0.998221
9GR0-F-B	Positive	0.00385827	0.996142
9EB6-C-A	Positive	0.000829935	0.99917
9GE3-G-B	Negative	0.736432	0.263568
9QNG-B-A	Positive	0.00330687	0.996693
9ILD-B-A	Positive	0.00183308	0.998167
9GF6-H-O	Positive	0.34371	0.65629
9FP2-V-E	Positive	0.343765	0.656235
9G8R-E-B	Positive	0.0119516	0.988048
9FVH-P-A	Positive	0.00107294	0.998927
9CDZ-B-A	Positive	0.167025	0.832975
9MU9-L-B	Positive	0.440067	0.559933
9D3L-L-C	Positive	0.012252	0.987748
9AST-L-R	Positive	0.00403142	0.995969
9BNS-C-H	Negative	0.974685	0.025315
9BNS-D-H	Negative	0.943351	0.0566489
9CWT-K-A	Negative	0.862585	0.137415
9FVN-P-A	Positive	0.00269139	0.997309
9BJZ-C-A	Negative	0.993133	0.00686685
9FZA-D-A	Negative	0.829028	0.170972
9JNI-B-A	Positive	0.00194514	0.998055
9FUM-F-A	Positive	0.000278533	0.999721
9FUM-E-B	Positive	0.000647128	0.999353
9C96-D-A	Positive	0.000168085	0.999832
9G40-X-F	Positive	0.273045	0.726955
9G40-u-F	Negative	0.881049	0.118951
9N49-F-G	Negative	0.924596	0.0754042
9F6S-B-A	Positive	0.000432193	0.999568
9IMN-F-A	Positive	0.142135	0.857865
9IMN-V-C	Positive	0.0204266	0.979573
9C1C-D-B	Positive	0.044934	0.955066
9JJ7-C-A	Positive	0.00263828	0.997362
9CYM-P-A	Positive	0.00306934	0.996931
9GFA-P-A	Positive	0.00192082	0.998079
9HFW-B-A	Positive	0.00612795	0.993872
9UGC-B-A	Positive	0.0145989	0.985401
9ESI-n-m	Positive	0.0120338	0.987966
9MNW-F-D	Negative	0.832323	0.167677
9KN3-C-A	Positive	0.00732535	0.992675
9K3Q-E-H	Negative	0.648435	0.351565
9ERV-B-A	Positive	0.452866	0.547134
9HM9-F-C	Positive	0.0360954	0.963905
9OJ3-B-A	Positive	0.117747	0.882253
9QA3-B-A	Positive	0.0187039	0.981296
9DY8-C-A	Positive	0.0966676	0.903332
9ILS-B-A	Negative	0.813665	0.186335
9JO6-B-A	Positive	0.198481	0.801519
9GMC-B-A	Positive	0.114582	0.885418
9GMC-D-A	Positive	0.134328	0.865672
9L4A-C-A	Positive	0.00405353	0.995946
9KNG-C-A	Positive	0.0113263	0.988674
9DJ8-G-A	Positive	0.00153178	0.998468
9FE6-E-B	Positive	0.00212181	0.997878
9OP5-A-a	Positive	0.00137329	0.998627
9F6H-L-B	Positive	0.000831008	0.999169
9CGC-Y-R	Positive	0.37508	0.62492
9FCM-D-A	Negative	0.539554	0.460446
9FCM-E-A	Positive	0.345537	0.654463
9FCM-F-B	Positive	0.338079	0.661921
9HN5-B-A	Positive	0.113464	0.886536
9LH0-A-B	Positive	0.123399	0.876601
9QNL-B-A	Positive	0.0079037	0.992096
9CCE-D-A	Positive	0.00638318	0.993617
9CCE-C-B	Positive	0.00691617	0.993084
9KD5-C-A	Positive	0.00463426	0.995366
9QWU-C-A	Negative	0.90143	0.0985696
9BUR-B-A	Negative	0.635519	0.364481
9NO7-z-5	Positive	0.000883758	0.999116
9G6G-J-A	Negative	0.654723	0.345277
9EIH-U-G	Negative	0.678744	0.321256
9EIH-T-I	Negative	0.941762	0.0582376
9EIH-V-J	Negative	0.865949	0.134051
9GD2-T-C	Positive	0.14102	0.85898
9GD2-S-Q	Positive	0.0104508	0.989549
9D3M-K-C	Positive	0.00164431	0.998356
9D3M-L-G	Positive	0.000942647	0.999057
9ASG-C-A	Positive	0.0006302	0.99937
9BVM-P-A	Negative	0.801795	0.198205
9DPL-D-A	Positive	0.186641	0.813359
9DNR-C-A	Positive	0.0160013	0.983999
9FIW-A-M	Positive	0.00267905	0.997321
9HGH-B-A	Positive	0.00857961	0.99142
9H9P-C-M	Negative	0.918602	0.0813978
9BP1-I-A	Positive	0.0547022	0.945298
9GAQ-B-A	Positive	0.267602	0.732398
9BT7-C-A	Positive	0.025815	0.974185
9G5J-E-A	Positive	0.00136822	0.998632
9G5J-G-A	Positive	0.00136822	0.998632
9DHZ-C-A	Negative	0.987418	0.0125821
9QH3-D-A	Positive	0.00998896	0.990011
9ITF-B-C	Negative	0.977835	0.0221645
9VWT-B-A	Positive	0.00721431	0.992786
9PMW-C-A	Positive	0.0309186	0.969081
9PMW-D-A	Positive	0.324209	0.675791
9PMW-E-A	Positive	0.00136858	0.998631
9MH1-J-7	Negative	0.969773	0.0302266
9MH1-H-B	Negative	0.68175	0.31825
9C9I-B-A	Positive	0.000693917	0.999306
9C9I-D-C	Positive	0.0053944	0.994606
9C9I-H-G	Negative	0.585966	0.414034
9I8V-B-C	Negative	0.599321	0.400679
9GRX-j-a	Negative	0.924095	0.0759054
9KI1-h-G	Negative	0.727287	0.272713
9CNZ-H-A	Positive	0.00717461	0.992825
9FJ3-C-A	Positive	0.0906444	0.909356
9B9L-C-A	Positive	0.031849	0.968151
9QA0-B-A	Positive	0.0654467	0.934553
9EX5-E-A	Positive	0.00018388	0.999816
9EX5-G-A	Positive	0.000136495	0.999864
9EX5-D-B	Positive	0.000457406	0.999543
9GMO-0-F	Positive	0.0382326	0.961767
9RPD-I-J	Positive	0.0111553	0.988845
9RPD-K-J	Negative	0.824593	0.175407
9AUC-P-E	Positive	0.30802	0.69198
9C79-D-H	Positive	0.0108597	0.98914
9VEI-C-A	Positive	0.493884	0.506116
9DEK-C-A	Positive	0.00488979	0.99511
9B5Y-L-R	Positive	0.00187141	0.998129
9JJ8-j-a	Negative	0.985701	0.0142991
9JJ8-m-b	Positive	0.0555393	0.944461
9G8S-x-r	Positive	0.0465941	0.953406
9GJP-F-B	Negative	0.93964	0.0603604
9DLX-I-A	Positive	0.033264	0.966736
9DLX-H-B	Positive	0.0448167	0.955183
9NIG-P-A	Positive	0.031391	0.968609
9NIG-G-C	Positive	0.0537143	0.946286
9F6Y-B-A	Positive	0.0221663	0.977834
9UGB-C-B	Positive	0.207105	0.792895
9QWP-D-C	Positive	0.207859	0.792141
9VN5-C-A	Positive	0.151245	0.848755
9HGC-B-A	Negative	0.778225	0.221775
9GHK-Q-A	Positive	0.0013687	0.998631
9J1M-4-G	Positive	0.121077	0.878923
9BYO-P-R	Negative	0.769099	0.230901
9JA1-D-G	Positive	0.0111674	0.988833
9GTU-A-C	Positive	0.033075	0.966925
9IZ2-C-A	Negative	0.840384	0.159616
9GOB-F-C	Positive	0.0475034	0.952497
9C9O-C-B	Positive	0.0072518	0.992748
9LR9-b-A	Positive	0.124765	0.875235
9LR9-d-A	Positive	0.0593971	0.940603
9LR9-L-D	Negative	0.728412	0.271588
9LR9-S-D	Negative	0.531232	0.468768
9LR9-T-D	Negative	0.604109	0.395891
9LR9-U-D	Positive	0.0129941	0.987006
9LR9-E-F	Positive	0.453292	0.546708
9LR9-a-G	Positive	0.478805	0.521195
9LR9-c-G	Positive	0.270514	0.729486
9LR9-B-H	Positive	0.44035	0.55965
9LR9-Z-H	Positive	0.00672168	0.993278
9HFU-D-A	Positive	0.10078	0.89922
9OCF-D-A	Positive	0.14316	0.85684
9DOM-H-G	Negative	0.752469	0.247531
9GY6-L-A	Positive	0.371602	0.628398
9M4F-I-1	Negative	0.846899	0.153101
9M4F-M-1	Positive	0.107711	0.892289
9ASO-B-A	Positive	0.0461472	0.953853
9CIA-m-e	Negative	0.973394	0.0266062
9CIA-n-f	Negative	0.895087	0.104913
9CIA-b-d	Negative	0.871836	0.128164
9B8P-O-C	Negative	0.803293	0.196707
9BTW-P-R	Positive	0.275674	0.724326
9I5X-5-7	Negative	0.747961	0.252039
9I5X-8-P	Negative	0.535189	0.464811
9I5X-6-W	Negative	0.676982	0.323018
9JHJ-C-B	Negative	0.83758	0.16242
9MGW-I-2	Negative	0.914106	0.0858939
9EXT-D-A	Positive	0.000367165	0.999633
9EXT-G-A	Positive	0.000510812	0.999489
9NEG-I-A	Positive	0.00233912	0.997661
9NEG-J-B	Positive	0.130051	0.869949
9CJK-H-D	Negative	0.707283	0.292717
9FT9-B-A	Negative	0.886424	0.113576
9HB3-A-R	Positive	0.392535	0.607465
9FMS-D-A	Positive	0.0326366	0.967363
9CB7-Z-Q	Positive	0.1134	0.8866
9M1O-L-R	Positive	0.00236809	0.997632
9DUN-E-A	Positive	0.291246	0.708754
9DUN-F-B	Negative	0.669466	0.330534
9CQA-A-E	Positive	0.306189	0.693811
9NWE-E-A	Negative	0.85094	0.14906
9NWE-F-B	Negative	0.861998	0.138002
9J54-B-A	Positive	0.0904385	0.909561
9J54-D-C	Positive	0.00231063	0.997689
9DUJ-B-A	Positive	0.00706124	0.992939
9CF8-V-0	Negative	0.930154	0.0698456
9MQ5-B-A	Positive	0.017556	0.982444
9D97-C-A	Positive	0.0204964	0.979504
9IWJ-E-A	Positive	0.0156116	0.984388
9IWJ-G-B	Positive	0.00738007	0.99262
9IWJ-H-D	Positive	0.000966549	0.999033
9G1V-D-A	Positive	0.00307125	0.996929
9ITM-U-T	Negative	0.702053	0.297947
9IF9-C-B	Positive	0.0315542	0.968446
9BLI-C-A	Positive	0.0355399	0.96446
9N0Z-D-B	Positive	0.165875	0.834125
9UGQ-E-B	Positive	0.0024389	0.997561
9CS1-C-A	Positive	0.00460637	0.995394
9C8D-M-A	Positive	0.00214767	0.997852
9ARO-F-A	Positive	0.00851834	0.991482
9HFV-B-A	Positive	0.00439513	0.995605
9HFL-N-A	Positive	0.000406086	0.999594
9DEM-G-A	Positive	0.0175964	0.982404
9KKU-C-A	Negative	0.887162	0.112838
9LK4-M-A	Negative	0.871533	0.128467
9LK4-F-D	Positive	0.0718156	0.928184
9LK4-f-d	Positive	0.0718156	0.928184
9RFU-C-E	Positive	0.336772	0.663228
9CFD-P-H	Positive	0.00404644	0.995954
9D80-F-D	Positive	0.368028	0.631972
9E0J-R-G	Positive	0.438538	0.561462
9E0J-M-G	Positive	0.0516703	0.94833
9E0J-I-S	Negative	0.8641	0.1359
9E0J-j-a	Positive	0.438538	0.561462
9BLX-I-H	Positive	0.0604349	0.939565
9BV2-y-f	Positive	0.0567092	0.943291
9F79-C-A	Negative	0.926022	0.0739779
9CUY-W-X	Positive	0.395326	0.604674
9QA2-B-A	Positive	0.0105811	0.989419
9B0A-C-A	Positive	0.0901693	0.909831
9E82-B-R	Positive	0.0132325	0.986767
9E2P-B-A	Negative	0.659866	0.340134
9AVF-B-A	Positive	0.0572212	0.942779
9AVF-D-C	Negative	0.588796	0.411204
9CC5-B-A	Positive	0.280797	0.719203
9M0R-L-R	Positive	0.00171816	0.998282
9GM3-B-A	Negative	0.509562	0.490438
9GM3-D-A	Positive	0.237171	0.762829
9IKQ-C-A	Positive	0.159383	0.840617
9IKQ-D-A	Positive	0.138399	0.861601
9RV5-B-A	Positive	0.000694752	0.999305
9EW5-C-A	Positive	0.0506269	0.949373
9G9T-L-A	Negative	0.848074	0.151926
9G9T-l-C	Negative	0.848074	0.151926
9CL8-C-A	Positive	0.0193942	0.980606
9DLZ-H-C	Positive	0.00233328	0.997667
9D2F-Y-L	Positive	0.220946	0.779054
9D2F-Z-M	Negative	0.933798	0.0662018
9ES8-Q-A	Positive	0.226442	0.773558
9GV6-C-A	Negative	0.766435	0.233565
9M54-L-R	Positive	0.000792921	0.999207
9IP3-E-A	Positive	0.116993	0.883007
9IP3-D-B	Positive	0.126807	0.873193
9QT5-7-M	Positive	0.0536769	0.946323
9QT5-5-D	Positive	0.31598	0.68402
9QT5-3-Q	Positive	0.039001	0.960999
9QT5-G-X	Negative	0.752111	0.247889
9QT5-4-6	Positive	0.29581	0.70419
9B1P-F-A	Positive	0.00251871	0.997481
9BVP-P-A	Negative	0.983002	0.0169984
9IUZ-C-B	Negative	0.798727	0.201273
9C19-F-C	Positive	0.00240177	0.997598
9QDI-I-C	Positive	0.00343484	0.996565
9QDI-J-D	Positive	0.00413358	0.995866
9C50-E-B	Positive	0.0114973	0.988503
9GMB-J-C	Negative	0.568173	0.431827
9GMB-I-E	Negative	0.766895	0.233105
9ATN-B-A	Positive	0.00748849	0.992512
9UPZ-D-A	Positive	0.00161493	0.998385
9QEG-Z-L	Positive	0.388898	0.611102
9GVH-A-B	Positive	0.47177	0.52823
9J8U-C-A	Positive	0.0366064	0.963394
9BKX-d-D	Positive	0.00890434	0.991096
9BKX-g-G	Positive	0.000765562	0.999234
9BKX-h-H	Positive	0.0134025	0.986597
9BKX-i-I	Positive	0.0560795	0.94392
9BKX-p-P	Positive	0.00217891	0.997821
9BKX-r-R	Positive	0.00154662	0.998453
9BKX-t-T	Positive	0.00131339	0.998687
9HIW-C-A	Positive	0.00413263	0.995867
9NPX-j-A	Positive	0.0460755	0.953925
9NPX-B-A	Positive	0.104669	0.895331
9NPX-e-I	Negative	0.773965	0.226035
9EH2-l-M	Positive	0.277016	0.722984
9J5E-B-A	Negative	0.943386	0.056614
9H1G-C-A	Negative	0.703567	0.296433
9LKY-K-J	Positive	0.00779289	0.992207
9EBO-P-R	Negative	0.892284	0.107716
9V6Z-A-B	Positive	0.0925006	0.907499
9BV3-e-V	Negative	0.824673	0.175327
9FEB-E-A	Positive	0.00418299	0.995817
9NED-G-A	Positive	0.00385427	0.996146
9NED-H-A	Positive	0.00449014	0.99551
9L6B-C-A	Negative	0.957666	0.0423345
9B0X-J-B	Negative	0.701216	0.298784
9HDK-C-A	Positive	0.015488	0.984512
9BLW-P-E	Positive	0.275674	0.724326
9JLB-B-A	Negative	0.964549	0.0354511
9EYT-E-A	Positive	0.000300646	0.999699
9EYT-G-A	Positive	0.00186276	0.998137
9EXU-D-A	Negative	0.80107	0.19893
9GLQ-A-C	Positive	0.300916	0.699084
9GLQ-B-C	Positive	0.237251	0.762749
9CXH-D-A	Negative	0.938009	0.0619909
9CXH-C-A	Negative	0.8191	0.1809
9AVW-C-A	Negative	0.748429	0.251571
9AU4-S-G	Negative	0.962181	0.0378192
9GC4-D-A	Positive	0.00363857	0.996361
9E01-G-B	Negative	0.565103	0.434897
9BUE-P-R	Positive	0.446391	0.553609
9DBN-B-A	Negative	0.986932	0.0130676
9OA2-U-A	Positive	0.199335	0.800665
9OA2-X-D	Positive	0.153007	0.846993
9B12-J-E	Positive	0.0173431	0.982657
9FNH-X-A	Positive	0.0213323	0.978668
9VEC-C-J	Positive	0.00205249	0.997948
9KFK-B-R	Positive	0.000678182	0.999322
9CPF-E-A	Negative	0.871858	0.128142
9LAF-A-C	Positive	0.00110894	0.998891
9FOF-r-q	Negative	0.928102	0.0718976
9PN0-C-A	Negative	0.747397	0.252603
9IIU-J-A	Positive	0.298498	0.701502
9IIU-T-A	Negative	0.823234	0.176766
9IUE-2-5	Positive	0.293679	0.706321
9P1C-A-B	Positive	0.00333494	0.996665
9L1X-L-A	Positive	0.00356543	0.996435
9QWS-C-A	Negative	0.915552	0.0844483
9GXG-F-A	Positive	0.00029248	0.999708
9GXG-G-A	Positive	0.00526953	0.99473
9E06-B-A	Positive	0.00192994	0.99807
9GMD-D-C	Negative	0.88637	0.11363
9DTR-G-T	Positive	0.0843468	0.915653
9MUX-D-A	Positive	0.0220255	0.977975
9G3Y-o-A	Negative	0.829112	0.170888
9G3Y-s-D	Negative	0.836786	0.163214
9C66-B-A	Positive	0.00314343	0.996857
9EB5-D-A	Positive	0.00199085	0.998009
9Q8Y-G-D	Negative	0.850981	0.149019
9BCQ-C-A	Positive	0.0154517	0.984548
9BVQ-P-A	Negative	0.982982	0.0170185
9ITZ-U-T	Positive	0.306042	0.693958
9ITZ-X-T	Negative	0.752292	0.247708
9QNK-P-A	Positive	0.00394022	0.99606
9IRK-B-C	Negative	0.985673	0.0143266
9C1D-C-B	Positive	0.185987	0.814013
9GY8-B-A	Positive	0.0487835	0.951217
9EXF-E-A	Positive	0.000847101	0.999153
9EXF-F-B	Positive	0.000614285	0.999386
9EXF-J-B	Positive	0.000926256	0.999074
9EXF-O-B	Positive	0.000823915	0.999176
9EXF-N-D	Positive	0.000308156	0.999692
9DEP-C-A	Positive	0.00572848	0.994272
9DEP-D-A	Positive	0.00456232	0.995438
9DD3-B-A	Positive	0.0812017	0.918798
9D2B-G-F	Positive	0.0326865	0.967313
9D2B-H-F	Negative	0.95053	0.04947
9N0Y-D-B	Negative	0.838094	0.161906
9C7T-D-B	Positive	0.00561309	0.994387
9LBT-C-A	Positive	0.0350416	0.964958
9GV7-C-A	Positive	0.0200017	0.979998
9KD4-C-A	Positive	0.00744599	0.992554
9IZ0-F-A	Positive	0.0188746	0.981125
9D45-C-A	Positive	0.011499	0.988501
9EII-P-I	Negative	0.935872	0.0641281
9NO1-X-J	Positive	0.176089	0.823911
9HEJ-G-F	Positive	0.0306716	0.969328
9QT9-C-A	Negative	0.926278	0.0737218
9BD3-B-A	Positive	0.094219	0.905781
9FJ4-B-A	Positive	0.0490576	0.950942
9FTM-D-G	Positive	0.196858	0.803142
9FTM-K-G	Negative	0.84929	0.15071
9FTM-B-A	Positive	0.373455	0.626545
9C4T-B-A	Positive	0.00163668	0.998363
9DPF-B-A	Positive	0.0105742	0.989426
9DPF-D-C	Positive	0.0328335	0.967167
9KNQ-E-B	Positive	0.0643485	0.935652
9I4X-L-A	Negative	0.89571	0.10429
9CXJ-D-A	Positive	0.439104	0.560896
9CXJ-C-B	Positive	0.478097	0.521903
9HCE-8-6	Negative	0.956125	0.0438745
9EXG-D-A	Positive	0.000324488	0.999676
9EXG-J-B	Positive	0.000126004	0.999874
9DDN-Y-A	Negative	0.584827	0.415173
9DDN-F-B	Negative	0.920518	0.0794819
9DDN-Z-B	Negative	0.584827	0.415173
9BF9-G-A	Positive	0.00244457	0.997555
9EZ6-C-A	Positive	0.00238967	0.99761
