1GMH-E-F	Negative	0.950666	0.0493341
1DOW-B-A	Negative	0.917904	0.0820958
1XMO-V-M	Negative	0.900086	0.0999136
1QKA-B-A	Negative	0.841786	0.158214
1UF2-K-A	Negative	0.977194	0.0228064
1FZG-M-B	Positive	0.32854	0.67146
1P13-D-A	Negative	0.898184	0.101816
1YDT-I-E	Negative	0.975339	0.0246609
1T7D-C-A	Negative	0.545638	0.454362
1D4P-A-B	Negative	0.968481	0.0315191
1D4P-H-B	Negative	0.98237	0.0176304
1YPH-B-D	Positive	0.145156	0.854844
1U92-C-A	Negative	0.908423	0.0915773
1JAN-I-A	Positive	0.259611	0.740389
1GTJ-3-1	Negative	0.533478	0.466522
1QJ7-A-B	Negative	0.985225	0.0147751
1QJ7-I-B	Negative	0.997032	0.00296776
1F4V-D-A	Negative	0.889919	0.110081
1RGJ-B-A	Positive	0.00600374	0.993996
1T65-B-A	Negative	0.974337	0.0256631
1HR9-O-B	Positive	0.284348	0.715652
1G6R-P-A	Positive	0.360936	0.639064
1N6D-G-A	Negative	0.776255	0.223745
1CQT-I-A	Negative	0.885701	0.114299
1CQT-J-A	Negative	0.891258	0.108742
1EG4-P-A	Negative	0.981761	0.0182394
1OYT-L-H	Negative	0.976093	0.0239067
1OYT-I-H	Negative	0.870023	0.129977
1AS4-B-A	Negative	0.597372	0.402628
1G1E-A-B	Negative	0.97945	0.0205505
1SGI-A-B	Negative	0.975876	0.0241237
1SGI-D-E	Negative	0.980938	0.0190623
1I1F-C-A	Negative	0.525572	0.474428
1K4U-P-S	Negative	0.990298	0.00970223
1BMB-I-A	Negative	0.816172	0.183829
1THR-I-H	Negative	0.996012	0.00398816
1MT1-A-B	Negative	0.933072	0.0669279
1MT1-C-B	Negative	0.938399	0.0616013
1MT1-E-B	Negative	0.915325	0.0846751
1MT1-G-B	Negative	0.987904	0.0120962
1MT1-I-H	Negative	0.903067	0.0969333
1MT1-K-H	Negative	0.96058	0.03942
1U8P-C-A	Negative	0.912045	0.0879555
1Z71-B-A	Negative	0.988462	0.0115375
1TVH-C-A	Negative	0.927759	0.0722409
1TVH-F-D	Negative	0.927759	0.0722409
1FFK-Y-P	Negative	0.993946	0.00605446
1H9H-I-E	Negative	0.611052	0.388948
1IQ5-B-A	Positive	0.301647	0.698353
1X3Z-I-A	Positive	0.153506	0.846494
1NRO-L-H	Negative	0.962871	0.0371288
1NRO-R-H	Negative	0.783776	0.216225
1B3G-B-A	Negative	0.996667	0.00333282
1OGT-C-A	Positive	0.491363	0.508637
1J4Q-B-A	Positive	0.279508	0.720492
1RBC-S-A	Negative	0.955217	0.0447832
1HAJ-B-A	Positive	0.0768151	0.923185
1H6E-P-A	Negative	0.972896	0.0271043
1KUK-B-A	Negative	0.563741	0.436259
1Z7Z-5-1	Negative	0.679709	0.320291
1Z7Z-4-3	Positive	0.364173	0.635827
1HRI-4-1	Negative	0.992304	0.00769638
1TMT-I-H	Negative	0.677019	0.322981
1TMT-J-H	Negative	0.975262	0.0247379
1UTI-D-A	Negative	0.911029	0.0889709
1YVL-C-A	Negative	0.730113	0.269887
1RH5-C-A	Negative	0.656243	0.343757
1TJK-I-A	Negative	0.943584	0.0564155
1AW8-A-B	Negative	0.834877	0.165123
1ZY1-D-A	Positive	0.21522	0.78478
1Q4Q-O-A	Negative	0.951481	0.0485193
1Q4Q-R-A	Negative	0.898627	0.101373
1YM2-X-A	Negative	0.682822	0.317178
1MFG-B-A	Negative	0.837297	0.162703
1CFA-B-A	Positive	0.268433	0.731567
1BQP-B-A	Negative	0.957988	0.0420124
1BQP-D-A	Negative	0.957988	0.0420124
1I7U-C-A	Negative	0.671914	0.328086
1FZO-P-A	Positive	0.135075	0.864925
1OEB-D-A	Negative	0.709946	0.290054
1L3E-A-B	Negative	0.989794	0.0102057
1PRM-A-C	Negative	0.936507	0.0634932
1Z9O-G-A	Negative	0.534078	0.465922
1QUR-I-H	Negative	0.760976	0.239024
1W3C-C-A	Negative	0.942551	0.0574487
1KUJ-B-A	Negative	0.975792	0.0242082
1KUJ-D-A	Negative	0.987632	0.0123678
1KUJ-F-A	Negative	0.733371	0.266629
1KUJ-H-C	Negative	0.982165	0.0178354
1FC2-C-D	Negative	0.726972	0.273028
1AKJ-C-A	Positive	0.497648	0.502352
1YTF-C-A	Negative	0.94371	0.0562903
1YTF-B-D	Negative	0.981804	0.0181959
1TNO-M-A	Negative	0.98965	0.0103495
1ZVZ-B-A	Negative	0.96872	0.0312797
1AR9-0-1	Positive	0.350649	0.649351
1XXV-C-A	Negative	0.972284	0.0277161
1XXV-D-A	Negative	0.955963	0.0440375
1BM2-L-A	Negative	0.756585	0.243415
1V54-K-A	Negative	0.973915	0.0260846
1V54-L-A	Negative	0.720931	0.279069
1V54-M-A	Negative	0.955434	0.0445659
1V54-Y-N	Negative	0.720931	0.279069
1YY6-B-A	Positive	0.310643	0.689357
1D0A-G-A	Negative	0.984494	0.0155059
1Z3P-S-E	Negative	0.977349	0.0226515
1ZBE-4-1	Negative	0.834831	0.165169
1IDG-B-A	Positive	0.0902637	0.909736
1TFC-C-A	Positive	0.338716	0.661284
1TFC-D-B	Negative	0.927601	0.0723995
1ID5-L-H	Negative	0.985656	0.0143444
1S7U-C-A	Negative	0.637253	0.362747
1OV3-C-A	Negative	0.811028	0.188972
1OW7-D-A	Positive	0.274271	0.725729
1VWL-M-B	Negative	0.997227	0.00277292
1PQ1-B-A	Negative	0.640814	0.359186
1JGN-B-A	Negative	0.591132	0.408868
1GNG-X-A	Negative	0.936383	0.0636167
1KAT-X-V	Negative	0.957681	0.0423185
1T1X-C-A	Negative	0.587503	0.412497
1T37-P-A	Negative	0.893094	0.106906
1OK7-C-B	Positive	0.149224	0.850776
1PTS-P-B	Negative	0.650849	0.349151
1LF8-E-A	Negative	0.989559	0.0104409
1IHT-L-H	Negative	0.987894	0.0121056
1IHT-I-H	Negative	0.996041	0.00395881
1MXE-E-A	Negative	0.95109	0.0489099
1I4F-C-A	Negative	0.700722	0.299278
1DD4-C-A	Negative	0.611377	0.388623
1DD4-D-A	Negative	0.513001	0.486999
1EFX-C-A	Negative	0.684533	0.315468
1B05-B-A	Negative	0.997184	0.00281584
1OO4-B-A	Negative	0.976305	0.0236952
1T5W-C-A	Negative	0.573545	0.426455
1GBQ-B-A	Negative	0.783046	0.216954
1VAC-P-A	Negative	0.996265	0.00373527
1I8I-C-A	Negative	0.593772	0.406228
1YMM-C-A	Negative	0.853928	0.146072
1TSU-P-A	Negative	0.740991	0.259009
1ZTZ-P-A	Positive	0.212994	0.787006
1M43-C-A	Positive	0.165322	0.834678
1B0N-B-A	Negative	0.762862	0.237138
1NRP-R-H	Positive	0.337841	0.662159
1DUY-C-A	Positive	0.102551	0.897449
1MVK-E-H	Negative	0.503063	0.496937
1MVK-F-H	Positive	0.497043	0.502957
1MVK-G-H	Positive	0.497043	0.502957
1MVK-I-H	Positive	0.497043	0.502957
1MVK-K-H	Positive	0.497043	0.502957
1MVK-L-H	Positive	0.497043	0.502957
1BDT-D-B	Negative	0.980897	0.0191034
1BXX-P-A	Negative	0.945773	0.0542267
1BCU-L-H	Negative	0.967274	0.0327263
1AOU-P-F	Negative	0.99889	0.00110987
1WCY-C-A	Negative	0.746487	0.253513
1KTR-P-L	Negative	0.602486	0.397514
1EEY-C-A	Negative	0.854211	0.145789
1WS5-F-A	Negative	0.972005	0.0279952
1DDH-P-A	Positive	0.463996	0.536004
1S7V-C-A	Negative	0.777458	0.222542
1K2N-P-A	Negative	0.910927	0.0890728
1PFG-B-A	Negative	0.65003	0.34997
1TP3-B-A	Negative	0.893599	0.106401
1JGE-C-A	Positive	0.35202	0.64798
1IQ1-A-C	Negative	0.851337	0.148663
1IQ1-B-C	Negative	0.954507	0.0454929
1IM9-C-A	Negative	0.819753	0.180247
1Q0W-A-B	Negative	0.873459	0.126541
1JMT-B-A	Negative	0.934372	0.0656276
1LOD-B-A	Negative	0.962259	0.0377408
1LOD-D-A	Negative	0.94484	0.0551603
1ZT1-P-A	Negative	0.943523	0.0564766
1HBT-I-H	Negative	0.859094	0.140906
1OZB-I-A	Negative	0.781568	0.218432
1H8B-B-A	Negative	0.857907	0.142093
1ND2-D-A	Positive	0.449751	0.550249
1A6A-C-A	Negative	0.98563	0.0143704
1XXP-C-A	Negative	0.94266	0.0573404
1BR8-P-I	Negative	0.783557	0.216443
1TG4-I-A	Positive	0.334187	0.665813
1GJ7-A-B	Negative	0.983914	0.0160861
1QNZ-P-H	Negative	0.893347	0.106653
1GBD-P-A	Positive	0.177717	0.822283
1GEC-I-E	Positive	0.180264	0.819736
1TN6-C-A	Negative	0.978939	0.0210613
1JK8-C-A	Positive	0.265667	0.734333
1YC5-B-A	Negative	0.857707	0.142293
1J80-A-B	Negative	0.980735	0.0192646
1N59-P-A	Positive	0.281884	0.718116
1FV1-C-A	Positive	0.361321	0.638679
1FV1-F-D	Positive	0.343106	0.656894
1QIX-A-B	Negative	0.91675	0.0832496
1M1D-B-A	Negative	0.575508	0.424492
1B7X-C-B	Positive	0.399667	0.600333
1AYC-P-A	Negative	0.730653	0.269347
1UEF-C-A	Negative	0.990226	0.00977409
1UEF-D-B	Negative	0.993097	0.00690323
1PJM-A-B	Negative	0.940237	0.0597629
1ZSG-B-A	Negative	0.944018	0.0559816
1RK1-P-A	Negative	0.992974	0.00702649
1HV2-B-A	Negative	0.935956	0.0640444
1ORY-B-A	Negative	0.991002	0.00899753
1BA8-A-B	Negative	0.982902	0.0170979
1BA8-C-B	Negative	0.893295	0.106705
1N0W-B-A	Negative	0.992324	0.00767591
1ZV8-H-G	Negative	0.92442	0.0755799
1ZV8-I-G	Negative	0.972298	0.0277018
1ZV8-L-G	Negative	0.955832	0.0441678
1ZV8-J-K	Negative	0.95021	0.0497899
1D5D-A-B	Negative	0.982578	0.0174222
1YCQ-B-A	Negative	0.995167	0.00483277
1KUG-B-A	Positive	0.394169	0.605831
1Z8Y-I-B	Positive	0.258511	0.741489
1Z8Y-J-Q	Negative	0.955555	0.0444445
1RHK-C-A	Negative	0.896177	0.103823
1JF1-C-A	Negative	0.969733	0.0302671
1SYV-C-A	Negative	0.606778	0.393222
1POP-B-A	Negative	0.942554	0.0574462
1PQ8-C-A	Negative	0.887083	0.112917
1OXN-F-E	Negative	0.72567	0.27433
1YF4-B-A	Positive	0.0517786	0.948221
1WM0-Y-X	Negative	0.989978	0.010022
1UH0-B-A	Negative	0.967174	0.0328258
1I3Q-L-B	Negative	0.954155	0.0458455
1T1Z-C-A	Positive	0.0561987	0.943801
1GKT-B-A	Negative	0.936676	0.0633241
1R5V-E-A	Positive	0.315865	0.684135
1GDN-B-A	Negative	0.695268	0.304732
1DPU-B-A	Positive	0.334859	0.665141
1URC-E-B	Positive	0.236054	0.763946
1R5W-E-A	Positive	0.240161	0.759839
1AGF-C-A	Negative	0.840855	0.159145
1GDU-B-A	Negative	0.756175	0.243825
1P7W-B-A	Negative	0.813709	0.186291
1F95-C-A	Positive	0.484896	0.515104
1W80-P-A	Negative	0.752811	0.247189
1W80-Q-A	Negative	0.530202	0.469798
1VRK-B-A	Positive	0.456062	0.543938
1RXZ-B-A	Negative	0.991852	0.00814777
1VWN-P-B	Negative	0.932176	0.0678238
1IXS-A-B	Negative	0.962753	0.0372465
1O0D-L-H	Negative	0.990417	0.00958301
1O0D-D-H	Negative	0.973568	0.0264319
1FPC-L-H	Negative	0.973639	0.0263609
1O5B-A-B	Negative	0.956209	0.0437909
1AWQ-B-A	Negative	0.951464	0.0485357
1PD0-B-A	Negative	0.971792	0.028208
1MK9-A-B	Negative	0.957609	0.0423906
1MK9-C-B	Negative	0.99725	0.00274962
1MK9-E-F	Negative	0.984935	0.015065
1FCH-C-A	Negative	0.976386	0.0236142
1STC-I-E	Negative	0.915726	0.0842741
1YU6-D-B	Negative	0.959418	0.0405822
1M4P-B-A	Negative	0.783365	0.216635
1N13-A-B	Negative	0.933072	0.0669279
1N13-C-B	Negative	0.938399	0.0616013
1N13-G-B	Negative	0.987904	0.0120962
1N13-K-H	Negative	0.961225	0.0387751
1KJV-P-A	Negative	0.766057	0.233943
1TPS-B-A	Negative	0.81799	0.18201
1KZU-B-A	Positive	0.415347	0.584653
1KBG-P-H	Positive	0.0355847	0.964415
1OGA-C-A	Negative	0.728244	0.271756
1FQJ-C-A	Negative	0.956382	0.0436176
1F93-E-A	Negative	0.958712	0.0412881
1F93-F-A	Negative	0.897762	0.102238
1F93-G-C	Negative	0.983616	0.0163835
1F93-H-C	Negative	0.963672	0.0363278
1XDT-R-T	Negative	0.669778	0.330222
1JD6-B-A	Positive	0.352104	0.647896
1T63-B-A	Negative	0.915672	0.0843283
1HTM-A-B	Negative	0.847437	0.152563
1HTM-E-B	Negative	0.941874	0.0581261
1HTM-C-D	Negative	0.531029	0.468971
1FI8-D-A	Negative	0.822197	0.177803
1H3O-A-B	Negative	0.880631	0.119369
1H24-E-B	Negative	0.875145	0.124855
1NH2-C-A	Negative	0.980297	0.0197035
1NH2-B-D	Negative	0.990157	0.00984297
1DUZ-C-A	Positive	0.0573515	0.942648
1NOV-D-A	Positive	0.0959547	0.904045
1NOV-F-A	Negative	0.970963	0.0290374
1Q94-C-A	Positive	0.325108	0.674892
1X7Q-C-A	Negative	0.995021	0.0049793
1Q5L-B-A	Positive	0.402066	0.597934
1F3R-A-B	Positive	0.01027	0.98973
1VBA-0-4	Positive	0.460149	0.539851
1E27-C-A	Negative	0.630317	0.369683
1MV0-A-B	Negative	0.811924	0.188076
1X27-I-A	Negative	0.603927	0.396073
1X27-L-A	Negative	0.660617	0.339383
1X27-M-A	Positive	0.246992	0.753008
1SFI-I-A	Negative	0.983299	0.0167007
1Y66-B-A	Negative	0.980121	0.0198785
1Y66-C-A	Negative	0.963106	0.0368938
1IYJ-A-B	Negative	0.977386	0.0226142
1L6X-B-A	Negative	0.977634	0.0223663
1KA7-B-A	Negative	0.981919	0.0180806
1INQ-C-A	Negative	0.541031	0.458969
1QTN-C-A	Positive	0.272068	0.727932
1TMC-C-A	Negative	0.944117	0.0558834
1TK2-B-A	Negative	0.95252	0.0474796
1J4X-D-A	Negative	0.844506	0.155494
1B8D-G-B	Positive	0.269146	0.730854
1OM9-P-A	Negative	0.589071	0.410929
1OM9-Q-B	Positive	0.43981	0.56019
1MDJ-B-A	Positive	0.00499225	0.995008
1Z8I-A-B	Negative	0.971256	0.0287438
1ZY3-B-A	Positive	0.441713	0.558287
1P11-P-E	Positive	0.372157	0.627843
1P11-I-E	Positive	0.177717	0.822283
1IID-O-A	Positive	0.0486512	0.951349
1JVQ-C-I	Positive	0.230205	0.769795
1JVQ-D-I	Negative	0.876843	0.123157
1OBY-P-A	Positive	0.460163	0.539837
1OBY-Q-A	Negative	0.542786	0.457214
1M57-D-A	Negative	0.778036	0.221964
1JJO-A-C	Negative	0.961192	0.0388076
1JJO-E-C	Positive	0.438134	0.561866
1UWX-P-H	Negative	0.832364	0.167636
1DKY-C-A	Negative	0.905716	0.0942837
1PP9-I-A	Negative	0.933237	0.0667633
1T01-B-A	Negative	0.636023	0.363977
1XTC-C-A	Negative	0.990663	0.00933682
1MU8-C-B	Negative	0.995517	0.00448286
1XU1-R-A	Negative	0.97061	0.0293898
1XU1-T-A	Negative	0.982421	0.0175788
1XU1-S-B	Negative	0.973971	0.0260293
1LJ2-C-A	Negative	0.887979	0.112021
1LJ2-D-A	Negative	0.967142	0.0328585
1SY9-B-A	Positive	0.256999	0.743001
1M4H-C-A	Negative	0.904912	0.0950882
1QC6-C-A	Positive	0.458291	0.541709
1QC6-D-B	Negative	0.743005	0.256995
1JYR-L-A	Negative	0.895932	0.104068
1TP8-B-A	Negative	0.97477	0.0252304
1ZAF-C-A	Negative	0.765937	0.234063
1JYC-P-A	Positive	0.00472224	0.995278
1G3F-B-A	Negative	0.870024	0.129976
1M2Z-B-A	Negative	0.916391	0.0836086
1O9K-P-A	Negative	0.828911	0.171089
1SYQ-B-A	Positive	0.337006	0.662994
1Q2D-B-A	Negative	0.745923	0.254077
1F2S-I-E	Negative	0.933738	0.0662618
1P93-E-A	Positive	0.26901	0.73099
1JBP-S-E	Negative	0.931473	0.0685267
1KYF-P-A	Negative	0.966853	0.0331475
1JG3-C-A	Positive	0.0548701	0.94513
1LWU-M-B	Positive	0.32854	0.67146
1LWU-N-E	Positive	0.32854	0.67146
1T34-H-A	Positive	0.29105	0.70895
1KJ4-P-A	Negative	0.93086	0.0691404
1KJ4-S-A	Negative	0.918908	0.0810918
1UKI-B-A	Negative	0.998813	0.00118663
1N4S-M-A	Negative	0.958156	0.0418442
1N4S-R-K	Negative	0.993447	0.006553
1W0W-C-A	Negative	0.868491	0.131509
1XF5-P-A	Negative	0.904646	0.0953542
1XF5-Q-C	Negative	0.833385	0.166615
1CQH-B-A	Negative	0.959725	0.0402745
1UK4-G-A	Negative	0.940902	0.0590981
1UK4-K-B	Negative	0.940902	0.0590981
1X7E-C-A	Positive	0.394512	0.605488
1CZZ-D-A	Negative	0.92848	0.0715202
1CZZ-E-B	Negative	0.939238	0.0607615
1OJH-B-A	Negative	0.974807	0.0251934
1KBH-A-B	Negative	0.767138	0.232862
1AKH-A-B	Negative	0.985486	0.0145143
1KZZ-B-A	Negative	0.96452	0.0354804
1UJJ-C-A	Negative	0.984747	0.0152533
1T7M-B-A	Negative	0.750158	0.249842
1FIZ-L-A	Negative	0.996155	0.00384473
1W72-C-A	Negative	0.593451	0.406549
1Y7L-P-A	Negative	0.968843	0.0311566
1ZDT-P-A	Negative	0.930349	0.0696507
1ZDT-Q-B	Negative	0.940732	0.0592678
1FPH-I-H	Negative	0.972899	0.0271005
1FPH-F-H	Positive	0.11171	0.88829
1LHC-I-H	Negative	0.963638	0.0363619
1F0C-B-A	Negative	0.738622	0.261378
1RPQ-W-A	Negative	0.751775	0.248225
1RPQ-Z-B	Negative	0.751775	0.248225
1OR8-B-A	Negative	0.812739	0.187261
1OR8-C-A	Positive	0.0324033	0.967597
1OR8-D-A	Positive	0.333476	0.666524
1OR8-E-A	Positive	0.0765305	0.92347
1T5Z-B-A	Negative	0.934717	0.0652834
1PJP-I-A	Positive	0.0860115	0.913988
1ABT-B-A	Negative	0.63305	0.36695
1YWO-P-A	Negative	0.997542	0.00245766
1U93-C-A	Negative	0.584592	0.415408
1DE7-A-H	Negative	0.942046	0.0579537
1F96-C-A	Negative	0.979379	0.0206214
1DLH-C-A	Negative	0.844833	0.155167
1OCO-L-A	Negative	0.825735	0.174265
1OCO-M-A	Negative	0.955434	0.0445659
1UM2-C-A	Positive	0.168038	0.831962
1VJ6-B-A	Positive	0.425394	0.574606
1CLV-I-A	Positive	0.214717	0.785283
1F90-E-L	Negative	0.985026	0.0149744
1VQN-2-S	Negative	0.973345	0.0266549
1UVQ-C-A	Positive	0.407664	0.592336
1UOQ-B-A	Negative	0.70611	0.29389
1EEN-B-A	Negative	0.981412	0.0185879
1TJG-P-L	Positive	0.40816	0.59184
1ZHL-C-A	Negative	0.741838	0.258162
1HSB-C-A	Negative	0.551016	0.448984
1OTR-A-B	Negative	0.953229	0.0467711
1LEW-B-A	Negative	0.959668	0.0403319
1ED3-C-A	Negative	0.96207	0.0379305
1TQ7-A-B	Negative	0.990383	0.00961667
1CMK-I-E	Negative	0.975339	0.0246609
1FZC-G-C	Negative	0.527495	0.472505
1FZC-J-E	Positive	0.32854	0.67146
1QWE-B-A	Negative	0.884886	0.115114
1N8O-A-B	Negative	0.920484	0.0795158
1XQH-B-A	Negative	0.638209	0.361791
1PMX-B-A	Negative	0.705399	0.294601
1RJY-P-A	Negative	0.995214	0.00478552
1E0A-B-A	Negative	0.930322	0.0696785
1URL-B-A	Positive	0.18562	0.81438
1B0G-C-A	Negative	0.774646	0.225354
1CZY-D-A	Negative	0.776756	0.223244
1CZY-E-C	Negative	0.776756	0.223244
1TN7-C-A	Negative	0.971422	0.0285775
1H2K-S-A	Negative	0.992756	0.00724411
1UJK-C-A	Negative	0.990912	0.00908828
1U8M-C-A	Positive	0.188043	0.811957
1RIN-D-A	Negative	0.940212	0.0597882
1AN1-I-E	Negative	0.758402	0.241598
1CFT-C-A	Negative	0.877358	0.122642
1XQY-Q-A	Positive	0.134384	0.865616
1TQ0-A-B	Negative	0.966767	0.0332327
1IS0-C-A	Negative	0.944167	0.0558332
1LOP-B-A	Positive	0.464961	0.535039
1KUI-B-A	Negative	0.584529	0.415471
1EOJ-B-A	Negative	0.965978	0.034022
1P9D-S-U	Negative	0.777641	0.222359
1T79-B-A	Positive	0.122904	0.877096
1OAU-I-M	Positive	0.0225436	0.977456
1OAU-K-O	Positive	0.0332804	0.96672
1R2B-C-A	Negative	0.959786	0.0402138
1R2B-D-A	Negative	0.795412	0.204588
1GHA-P-F	Positive	0.223927	0.776073
1U8Q-C-A	Positive	0.354307	0.645693
1BTH-L-H	Negative	0.975348	0.0246523
1OW6-F-C	Negative	0.818673	0.181327
1CJQ-A-B	Negative	0.980735	0.0192646
1D6E-D-A	Positive	0.0961719	0.903828
1KY6-P-A	Positive	0.00247496	0.997525
1B52-B-A	Negative	0.64336	0.35664
1AZG-A-B	Negative	0.950908	0.0490924
1R64-C-A	Negative	0.924534	0.0754655
1OJ5-B-A	Negative	0.847505	0.152495
1T74-B-A	Negative	0.952302	0.0476981
1XOC-B-A	Positive	0.205531	0.794469
1JGD-C-A	Negative	0.605112	0.394888
1BLL-I-E	Positive	0.457118	0.542882
1RF3-B-A	Negative	0.834295	0.165705
1D0J-G-A	Negative	0.81951	0.18049
1D0J-I-D	Positive	0.432896	0.567104
1D0J-J-E	Positive	0.432896	0.567104
1I7R-C-A	Negative	0.590018	0.409982
1KLG-C-A	Negative	0.756319	0.243681
1YDP-P-A	Negative	0.747044	0.252956
1JBD-B-A	Negative	0.557124	0.442876
1VWG-P-B	Positive	0.318826	0.681174
1TSQ-P-A	Negative	0.952358	0.0476422
1GBR-B-A	Negative	0.996878	0.00312222
1CM4-B-A	Positive	0.380308	0.619692
1LGC-D-A	Negative	0.960811	0.0391885
1LGC-J-E	Negative	0.785877	0.214123
1HRT-L-H	Negative	0.923298	0.0767021
1E28-C-A	Negative	0.996066	0.00393442
1K3A-B-A	Negative	0.649056	0.350944
1AI1-P-L	Negative	0.656774	0.343226
1S7T-C-A	Positive	0.490364	0.509636
1K22-L-H	Negative	0.983439	0.0165606
1ZBW-D-A	Negative	0.708187	0.291813
1A5H-C-A	Negative	0.990282	0.00971797
1D5M-D-A	Positive	0.405838	0.594162
1Q3L-P-A	Negative	0.668331	0.331669
1M7E-D-A	Negative	0.79704	0.20296
1TDV-B-A	Positive	0.101809	0.898191
1JSP-A-B	Negative	0.949433	0.0505673
1JMU-A-B	Negative	0.679686	0.320314
1JMU-C-B	Negative	0.679686	0.320314
1BXP-B-A	Positive	0.0985975	0.901403
1UEL-B-A	Negative	0.915747	0.0842533
1SIO-D-A	Negative	0.815118	0.184882
1MCV-I-A	Negative	0.967783	0.0322168
1HR8-O-A	Positive	0.242671	0.757329
1HR8-P-C	Positive	0.0229065	0.977094
1HR8-Q-F	Negative	0.692288	0.307712
1HR8-R-H	Positive	0.334903	0.665097
1NAK-P-L	Positive	0.428737	0.571263
1KZP-C-A	Negative	0.988243	0.0117573
1FRG-P-L	Positive	0.427738	0.572262
1F8H-B-A	Negative	0.984798	0.0152018
1DS5-E-A	Negative	0.91938	0.0806196
1DS5-F-A	Negative	0.857069	0.142931
1QJB-Q-A	Positive	0.174911	0.825089
1QJB-S-B	Positive	0.36797	0.63203
1FHR-P-A	Negative	0.963534	0.0364661
1RQQ-E-A	Positive	0.381377	0.618623
1RQQ-F-B	Negative	0.679663	0.320337
1TNB-M-A	Negative	0.98691	0.0130902
1W9O-T-A	Positive	0.389622	0.610378
1TA2-B-A	Negative	0.9572	0.0428
1ZW2-B-A	Positive	0.244125	0.755875
1XH5-B-A	Negative	0.975339	0.0246609
1JY2-N-O	Negative	0.982101	0.0178992
1JY2-P-O	Negative	0.948836	0.0511636
1JY2-R-O	Negative	0.983985	0.0160149
1JY2-S-O	Negative	0.962178	0.0378222
1V6D-B-A	Negative	0.599017	0.400983
1C9I-C-A	Negative	0.776558	0.223442
1C9I-D-B	Negative	0.895381	0.104619
1FOD-4-1	Negative	0.73291	0.26709
1S7X-C-A	Negative	0.802114	0.197886
1AL0-B-F	Negative	0.992937	0.00706303
1CTP-I-E	Negative	0.96572	0.0342795
1JEG-B-A	Negative	0.85368	0.14632
1XWJ-B-A	Negative	0.680166	0.319834
1MCT-I-A	Negative	0.700341	0.299659
1AXC-B-A	Negative	0.973131	0.0268689
1D5H-A-B	Negative	0.921199	0.0788006
1YBO-D-B	Positive	0.486013	0.513987
1NT9-L-B	Negative	0.954155	0.0458455
1YY4-C-A	Negative	0.642134	0.357866
1IO6-B-A	Negative	0.866653	0.133347
1TTW-B-A	Negative	0.908107	0.0918935
1SV1-C-A	Negative	0.83022	0.16978
1B58-B-A	Negative	0.897232	0.102768
1GMD-E-F	Negative	0.920484	0.0795158
1GMD-B-F	Negative	0.574306	0.425694
1UHL-C-A	Negative	0.959397	0.0406033
1UHL-D-B	Negative	0.856618	0.143382
1CN3-F-A	Positive	0.372659	0.627341
1JP5-C-A	Negative	0.993977	0.00602337
1YGU-C-A	Positive	0.0545779	0.945422
1S5P-B-A	Negative	0.584459	0.415541
1D3E-4-1	Positive	0.449751	0.550249
1Y74-B-A	Negative	0.936705	0.0632955
1SSB-B-A	Negative	0.625936	0.374064
1LB6-B-A	Negative	0.993452	0.00654817
1YTJ-I-A	Positive	0.158756	0.841244
1VBS-B-A	Negative	0.881736	0.118264
1QS7-B-A	Negative	0.613176	0.386824
1QS7-D-C	Positive	0.414824	0.585176
1X9T-B-A	Positive	0.292534	0.707466
1DDV-B-A	Negative	0.958704	0.0412956
1B8H-D-B	Negative	0.949355	0.0506446
1D5G-B-A	Positive	0.438902	0.561098
1C5Y-A-B	Negative	0.949573	0.0504269
1M46-B-A	Negative	0.989015	0.0109853
1W7G-I-H	Negative	0.97313	0.02687
1SZA-Z-B	Positive	0.177915	0.822085
1MT9-P-A	Negative	0.970356	0.0296442
1CFF-B-A	Negative	0.949982	0.0500176
1SHH-D-E	Negative	0.963218	0.036782
1IAU-B-A	Positive	0.383738	0.616262
1FMD-4-1	Negative	0.817379	0.182621
1T15-B-A	Negative	0.987163	0.0128374
1G0V-B-A	Negative	0.991582	0.00841844
1H25-E-B	Negative	0.991556	0.00844377
1PYW-C-A	Negative	0.72028	0.27972
1UGY-F-A	Negative	0.979768	0.0202324
1W2B-5-O	Negative	0.744416	0.255583
1V18-B-A	Negative	0.988807	0.0111933
1UVU-L-H	Negative	0.980705	0.0192955
1JK4-B-A	Positive	0.295038	0.704962
1XB7-P-A	Negative	0.537633	0.462367
1YN7-C-A	Negative	0.896964	0.103036
1T8Z-D-C	Positive	0.110973	0.889027
1SGH-B-A	Negative	0.719836	0.280164
1XME-C-A	Negative	0.660623	0.339377
1IHJ-D-A	Negative	0.983131	0.0168695
1UOP-B-A	Negative	0.756037	0.243963
1BH8-A-B	Negative	0.873173	0.126827
1I1Y-C-A	Negative	0.795135	0.204865
1G1X-C-A	Negative	0.798951	0.201049
1G1X-H-F	Negative	0.722537	0.277463
1MIZ-A-B	Positive	0.298681	0.701319
1VGK-C-A	Negative	0.966467	0.0335327
1I51-E-A	Positive	0.107668	0.892332
1TZG-P-L	Positive	0.364862	0.635138
1NY2-4-2	Positive	0.189983	0.810017
1RBF-S-A	Negative	0.952982	0.0470183
1EBA-C-A	Negative	0.998888	0.00111214
1XCT-P-A	Negative	0.845988	0.154012
1XCT-Q-C	Negative	0.85011	0.14989
1NVR-B-A	Negative	0.800246	0.199754
1N5Z-P-A	Negative	0.990041	0.00995896
1E6I-P-A	Positive	0.472655	0.527345
1ZHB-C-A	Negative	0.517804	0.482196
1ABI-L-H	Negative	0.993825	0.00617462
1ABI-I-H	Negative	0.929839	0.070161
1T22-C-A	Negative	0.597329	0.402671
1YR5-B-A	Negative	0.97678	0.0232203
1KJ7-P-A	Negative	0.55217	0.44783
1C1W-L-H	Negative	0.985225	0.0147751
1PDQ-B-A	Positive	0.329727	0.670273
1JL4-C-A	Negative	0.842792	0.157208
1TB6-L-H	Negative	0.991588	0.0084117
1NB3-P-A	Negative	0.639269	0.360731
1JPW-D-A	Negative	0.842553	0.157447
1NAN-M-H	Positive	0.11078	0.88922
1JN5-C-B	Negative	0.703283	0.296717
1XOW-B-A	Negative	0.969525	0.030475
1KJG-P-A	Positive	0.0338539	0.966146
1MHW-C-A	Negative	0.622049	0.377951
1H28-E-B	Negative	0.79813	0.20187
1H28-F-D	Negative	0.708313	0.291687
1MVU-P-A	Positive	0.498829	0.501171
1U8L-C-A	Positive	0.281589	0.718411
1W85-I-B	Negative	0.95316	0.0468402
1W85-J-F	Negative	0.944201	0.0557994
1UHD-B-A	Negative	0.765966	0.234034
1TWX-C-B	Negative	0.995338	0.00466162
1MWA-P-A	Negative	0.54249	0.45751
1MWA-Q-C	Negative	0.54249	0.45751
1TNY-M-A	Negative	0.939417	0.0605834
1U9L-C-A	Negative	0.97161	0.0283903
1O9A-B-A	Negative	0.997121	0.00287911
1M06-J-F	Negative	0.891083	0.108917
1QEW-C-A	Positive	0.0310586	0.968941
1ND3-D-A	Positive	0.449751	0.550249
1JCS-C-A	Negative	0.988541	0.0114589
1NX1-C-A	Negative	0.767018	0.232982
1PZ5-C-A	Positive	0.478155	0.521845
1EOL-B-A	Positive	0.383907	0.616093
1IK9-C-A	Negative	0.949217	0.050783
1N1L-C-A	Negative	0.992823	0.00717652
1N1L-D-A	Negative	0.818923	0.181077
1SP4-A-B	Negative	0.923302	0.0766977
1AWU-B-A	Positive	0.470918	0.529082
1OAI-B-A	Negative	0.699523	0.300477
1Y3A-E-A	Negative	0.568607	0.431393
1A81-B-A	Negative	0.869956	0.130044
1LTT-C-D	Negative	0.948303	0.0516969
1W88-I-B	Negative	0.948088	0.0519118
1W88-J-F	Negative	0.828591	0.171409
1YK1-E-A	Negative	0.877887	0.122113
1ZLA-K-G	Positive	0.296313	0.703687
1EPM-I-E	Negative	0.990709	0.00929058
1K83-M-A	Negative	0.639178	0.360822
1K83-L-B	Negative	0.976168	0.0238316
1OL1-F-B	Negative	0.949182	0.0508177
1SP5-I-A	Negative	0.988574	0.011426
1EJO-P-L	Negative	0.973074	0.0269259
1KL3-E-A	Negative	0.995942	0.00405766
1KL3-H-A	Negative	0.994694	0.00530621
1A3E-I-H	Negative	0.97564	0.0243598
1RKC-B-A	Negative	0.596234	0.403766
1SQZ-B-A	Positive	0.294649	0.705351
1O9S-K-A	Negative	0.673931	0.326069
1O9S-L-B	Negative	0.699238	0.300762
1YGR-C-A	Negative	0.756855	0.243145
1NWD-B-A	Negative	0.98899	0.0110104
1QCR-I-A	Negative	0.721691	0.278309
1QCR-K-A	Negative	0.774241	0.225759
1CKK-B-A	Negative	0.946106	0.053894
1MXL-I-C	Negative	0.856066	0.143934
1QGK-B-A	Negative	0.927119	0.0728806
1ZFP-I-E	Negative	0.99063	0.00936972
1L2Z-B-A	Negative	0.995219	0.00478051
1MCH-P-A	Negative	0.725001	0.274999
1U76-B-A	Negative	0.599904	0.400096
1U76-D-C	Negative	0.518309	0.481691
1H9I-I-E	Negative	0.981947	0.0180527
1XN3-I-B	Negative	0.994834	0.00516566
1NVP-C-A	Negative	0.500044	0.499956
1NVP-B-D	Negative	0.972723	0.0272768
1RY1-S-B	Negative	0.986097	0.0139028
1K7L-B-A	Positive	0.271247	0.728753
1IHS-I-H	Negative	0.995574	0.00442581
1M05-E-A	Positive	0.0047273	0.995273
1N0X-P-L	Negative	0.943312	0.0566884
1N0X-R-L	Negative	0.818281	0.181719
1KZO-C-A	Negative	0.98965	0.0103495
1MKX-L-H	Negative	0.975199	0.024801
1GXC-B-A	Negative	0.679924	0.320076
1GAG-B-A	Negative	0.836918	0.163082
1BW8-P-A	Positive	0.0158148	0.984185
1S5L-F-A	Negative	0.584975	0.415025
1S5L-I-A	Negative	0.710269	0.289731
1S5L-J-A	Positive	0.145697	0.854303
1S5L-L-A	Negative	0.982803	0.0171973
1S5L-M-A	Negative	0.955266	0.0447337
1S5L-T-A	Positive	0.160231	0.839769
1S5L-K-C	Negative	0.751523	0.248477
1S5L-f-a	Negative	0.584975	0.415025
1ZAW-U-A	Negative	0.973594	0.0264063
1ZAW-X-A	Negative	0.990128	0.00987168
1ZAW-Z-A	Negative	0.993758	0.00624212
1S9W-C-A	Negative	0.962513	0.0374873
1ZOQ-C-A	Negative	0.948892	0.0511077
1UVT-L-H	Negative	0.987047	0.0129534
1AZE-B-A	Negative	0.783046	0.216954
1HHG-C-A	Negative	0.980106	0.0198943
1PEK-C-E	Negative	0.581306	0.418694
1Q4K-E-B	Negative	0.940478	0.0595219
1IZL-K-C	Negative	0.700123	0.299877
1IZL-E-D	Negative	0.54419	0.45581
1IZL-P-N	Positive	0.0804883	0.919512
1IZL-Q-N	Negative	0.686459	0.313541
1SRN-B-A	Negative	0.704796	0.295204
1CO7-I-E	Negative	0.951325	0.048675
1WBP-B-A	Positive	0.104176	0.895824
1JH4-B-A	Positive	0.040473	0.959527
1QJA-R-A	Positive	0.00718546	0.992815
1MW4-B-A	Negative	0.934639	0.0653615
1D8D-P-A	Negative	0.982685	0.0173146
1TWB-C-A	Negative	0.725024	0.274976
1CFS-C-A	Positive	0.0460098	0.95399
1HLT-R-H	Negative	0.825101	0.174899
1OL2-E-B	Negative	0.564001	0.435999
1GVK-A-B	Negative	0.88149	0.11851
1KJY-B-A	Negative	0.812739	0.187261
1KJY-D-C	Negative	0.866901	0.133099
1CU4-P-L	Negative	0.902968	0.097032
1JOT-B-A	Negative	0.941839	0.0581606
1BMN-I-H	Negative	0.927076	0.072924
1SDZ-B-A	Positive	0.432898	0.567102
1FPT-P-L	Negative	0.942751	0.057249
1STS-M-B	Positive	0.277718	0.722282
1STS-P-D	Positive	0.0704636	0.929536
1YJM-E-A	Positive	0.431526	0.568474
1HH6-C-A	Negative	0.987265	0.0127346
1YFN-E-A	Negative	0.968029	0.0319711
1YFN-F-B	Negative	0.861235	0.138765
1TNU-M-A	Negative	0.978939	0.0210615
1OZS-B-A	Negative	0.95703	0.0429696
1LB5-B-A	Negative	0.899704	0.100296
1HXE-I-H	Negative	0.990847	0.00915308
1MZN-B-A	Negative	0.972797	0.027203
1J2J-B-A	Negative	0.988714	0.0112857
1F8V-D-A	Negative	0.941342	0.0586578
1F8V-E-A	Negative	0.924753	0.0752465
1BT6-C-A	Negative	0.99587	0.0041304
1SHC-B-A	Negative	0.598949	0.401051
1LK2-P-A	Positive	0.318739	0.681261
1KA6-B-A	Positive	0.286446	0.713554
1ZGL-C-A	Positive	0.0926664	0.907334
1ZGL-F-D	Positive	0.0222105	0.97779
1ZGL-I-R	Positive	0.082554	0.917446
1HQQ-E-A	Negative	0.875425	0.124575
1PPE-I-E	Negative	0.958588	0.0414124
1T0F-C-A	Negative	0.955292	0.0447085
1T0F-D-B	Negative	0.968227	0.0317726
1TN8-C-A	Negative	0.901611	0.098389
1M27-B-A	Negative	0.994643	0.00535669
1ZY8-K-A	Negative	0.962048	0.0379523
1RFF-C-A	Positive	0.473769	0.526231
1D5Z-D-A	Negative	0.577038	0.422962
1XYR-5-1	Positive	0.395725	0.604275
1XYR-6-1	Negative	0.990649	0.00935083
1XYR-8-1	Positive	0.0602302	0.93977
1XYR-7-3	Positive	0.471966	0.528034
1PY1-G-C	Negative	0.994443	0.00555731
1ZAV-U-A	Negative	0.961936	0.0380641
1ZAV-X-A	Negative	0.990751	0.00924945
1A1M-C-A	Negative	0.996244	0.0037558
1U8H-C-A	Positive	0.0193496	0.98065
1KC4-B-A	Negative	0.944268	0.0557324
1QWF-B-A	Negative	0.5346	0.4654
1QD6-A-C	Negative	0.820591	0.179409
1G7Q-P-A	Negative	0.891996	0.108004
1G1S-D-A	Negative	0.817618	0.182382
1G1S-C-B	Negative	0.817618	0.182382
1CF0-C-A	Positive	0.376033	0.623967
1DT7-X-A	Negative	0.984256	0.0157442
1RSU-P-B	Negative	0.741447	0.258553
1DVA-X-H	Negative	0.681879	0.318121
1OSZ-C-A	Positive	0.22838	0.77162
1KJH-P-A	Positive	0.411702	0.588298
1FKN-C-A	Negative	0.77061	0.22939
1LOG-B-A	Negative	0.966938	0.0330619
1Z3M-S-E	Negative	0.963674	0.036326
1AVG-L-H	Negative	0.977295	0.0227051
1FPR-B-A	Negative	0.745848	0.254152
1F3J-P-A	Positive	0.139324	0.860676
1EKB-A-B	Negative	0.88561	0.11439
1EKB-C-B	Positive	0.323803	0.676197
1OPI-B-A	Negative	0.982938	0.0170617
1SSE-A-B	Negative	0.988958	0.0110416
1TJI-P-L	Negative	0.951498	0.0485024
1A9E-C-A	Positive	0.340769	0.659231
1S4V-C-A	Negative	0.965401	0.0345991
1EJL-A-I	Negative	0.951747	0.0482527
1TCE-B-A	Negative	0.860569	0.139431
1LK6-C-I	Positive	0.188237	0.811763
1LK6-D-I	Negative	0.812412	0.187588
1U00-P-A	Negative	0.991952	0.00804779
1QLF-C-A	Positive	0.142447	0.857553
1K2D-P-A	Negative	0.909109	0.0908906
1R9N-E-A	Positive	0.139649	0.860351
1R9N-F-B	Positive	0.0574088	0.942591
1R9N-H-D	Positive	0.355562	0.644438
1T20-C-A	Negative	0.860008	0.139992
1NZL-C-B	Negative	0.803296	0.196704
1SR5-B-C	Negative	0.982218	0.0177824
1AR8-0-4	Positive	0.0142017	0.985798
1HLE-B-A	Positive	0.321636	0.678364
1FM9-E-D	Positive	0.305737	0.694263
1T2W-D-A	Positive	0.326817	0.673183
1MHC-C-A	Positive	0.165199	0.834801
1XLS-I-A	Negative	0.637276	0.362724
1XLS-M-E	Negative	0.888061	0.111939
1ZKK-E-A	Negative	0.916101	0.0838986
1ZKK-G-A	Negative	0.909356	0.0906441
1JLU-S-E	Negative	0.870299	0.129701
1G7P-P-A	Negative	0.979466	0.020534
1OQD-K-A	Negative	0.982524	0.0174763
1OQD-N-E	Negative	0.998337	0.00166297
1Z8G-L-A	Negative	0.978965	0.0210354
1KPR-P-A	Negative	0.842607	0.157393
1YRN-A-B	Negative	0.986491	0.0135094
1GWQ-C-A	Negative	0.91332	0.0866801
1B6J-C-A	Negative	0.95763	0.04237
1AWI-P-A	Positive	0.498311	0.501689
1VYT-E-A	Negative	0.73264	0.26736
1VYT-F-B	Negative	0.783468	0.216532
1SB1-I-H	Negative	0.99439	0.00560986
1VDN-B-A	Positive	0.372157	0.627843
1PIC-B-A	Negative	0.916923	0.0830767
1JPL-E-A	Negative	0.992192	0.00780771
1JPL-H-C	Negative	0.992411	0.00758946
1KHQ-I-A	Positive	0.0966369	0.903363
1YMT-B-A	Negative	0.943743	0.0562573
1JY3-N-O	Negative	0.989485	0.0105149
1JY3-P-O	Negative	0.961302	0.0386985
1FPN-4-1	Positive	0.181117	0.818883
1YTV-M-A	Positive	0.217452	0.782548
1YTV-N-B	Positive	0.176022	0.823978
1DZI-B-A	Negative	0.793508	0.206492
1YCP-L-H	Negative	0.973689	0.0263106
1YCP-F-H	Positive	0.232153	0.767847
1DWB-I-H	Negative	0.975262	0.0247379
1AGB-C-A	Negative	0.840855	0.159145
1LEM-B-A	Negative	0.946519	0.053481
1GWR-C-A	Negative	0.898365	0.101635
1G1H-B-A	Negative	0.600119	0.399881
1N7F-C-A	Negative	0.725928	0.274072
1QLE-D-A	Negative	0.901178	0.0988223
1UTC-P-A	Negative	0.684059	0.315941
1ZZD-B-A	Positive	0.445726	0.554274
1L7Z-B-A	Negative	0.923292	0.0767081
1TVB-C-A	Negative	0.902557	0.0974431
1F1W-B-A	Negative	0.926438	0.0735623
1O6L-C-A	Positive	0.153988	0.846012
1GCT-D-B	Positive	0.188516	0.811484
1CJF-C-A	Negative	0.521155	0.478845
1JD2-8-H	Positive	0.222963	0.777037
1EE4-C-A	Negative	0.846257	0.153743
1EE4-D-A	Negative	0.963298	0.0367021
1EE4-F-B	Negative	0.904048	0.0959523
1BJR-I-E	Positive	0.0823548	0.917645
1R17-C-A	Positive	0.0361127	0.963887
1ZT7-P-A	Negative	0.983228	0.0167721
1XR8-C-A	Positive	0.123056	0.876944
1Q5W-A-B	Negative	0.995016	0.00498382
1OLN-B-A	Positive	0.0233644	0.976636
1DM4-A-B	Negative	0.990266	0.00973365
1DM4-C-B	Negative	0.743589	0.256411
1RBE-S-A	Negative	0.985484	0.0145164
1TME-4-1	Negative	0.516107	0.483893
1T29-B-A	Negative	0.939886	0.0601139
1JUF-C-A	Positive	0.399009	0.600991
1P8J-J-A	Negative	0.657587	0.342413
1B32-B-A	Negative	0.944068	0.0559315
1TMB-L-H	Negative	0.974133	0.0258667
1LES-B-A	Negative	0.911343	0.0886568
1JWG-C-A	Negative	0.989559	0.0104409
1JWG-D-B	Negative	0.959597	0.0404029
1BMM-L-H	Negative	0.980727	0.0192734
1IBC-C-A	Negative	0.876174	0.123826
1HI6-C-A	Negative	0.967933	0.0320668
1UMW-E-A	Negative	0.939225	0.0607747
1DN2-E-A	Negative	0.80678	0.19322
1I7A-E-A	Positive	0.159388	0.840612
1YUC-C-A	Positive	0.134885	0.865115
1YUC-D-B	Positive	0.266548	0.733452
1T73-B-A	Negative	0.660041	0.339959
1TZS-P-A	Negative	0.789727	0.210273
1TZS-X-A	Positive	0.428342	0.571658
1A1N-C-A	Positive	0.185611	0.814389
1U8K-C-A	Negative	0.637778	0.362222
1FYR-I-A	Negative	0.561557	0.438443
1G1F-B-A	Positive	0.168475	0.831525
1LQV-C-A	Negative	0.992698	0.0073019
1PTT-B-A	Negative	0.972284	0.0277161
1ONV-B-A	Negative	0.968864	0.0311362
1MK7-A-B	Negative	0.9946	0.00539991
1MK7-C-B	Negative	0.997827	0.00217345
1QR1-C-A	Negative	0.876288	0.123712
1JYI-P-A	Positive	0.0126229	0.987377
1IWQ-B-A	Negative	0.827997	0.172003
1L4A-E-A	Negative	0.849046	0.150954
1OXQ-F-E	Negative	0.867296	0.132704
1N6E-B-A	Negative	0.979938	0.0200621
1R5I-C-A	Negative	0.844833	0.155167
1FG2-C-A	Negative	0.669308	0.330692
1QGC-5-1	Negative	0.866373	0.133627
1E4W-P-H	Positive	0.395776	0.604224
1T08-B-A	Negative	0.959211	0.040789
1T08-C-A	Positive	0.306304	0.693696
1MJE-B-A	Negative	0.974125	0.0258754
1QMB-B-A	Negative	0.925994	0.0740062
1M45-B-A	Negative	0.965831	0.0341687
1GFF-3-1	Positive	0.0196054	0.980395
1YK0-E-A	Negative	0.824187	0.175813
1QBQ-P-A	Negative	0.742148	0.257852
1RFI-C-A	Negative	0.971929	0.0280709
1RFI-E-B	Negative	0.594544	0.405456
1B3L-B-A	Negative	0.721738	0.278262
1B07-C-A	Negative	0.9404	0.0595998
1SUA-C-A	Negative	0.851428	0.148572
1JXQ-E-A	Negative	0.534587	0.465413
1O9F-P-A	Negative	0.754392	0.245608
1ZSD-C-A	Negative	0.94687	0.0531304
1OU8-C-A	Positive	0.34034	0.65966
1OU8-D-B	Positive	0.463066	0.536934
1RKH-C-A	Negative	0.996519	0.00348087
1RD3-C-D	Negative	0.991613	0.0083871
1ER8-I-E	Positive	0.446742	0.553258
1STR-M-B	Positive	0.277718	0.722282
1MOX-C-A	Negative	0.957369	0.0426315
1MOX-D-B	Negative	0.94932	0.0506796
1OFS-B-A	Negative	0.944308	0.0556923
1LOB-B-A	Negative	0.962259	0.0377408
1I7T-C-A	Positive	0.358561	0.641439
1H8E-I-G	Negative	0.601454	0.398546
1XMN-C-D	Negative	0.995244	0.00475571
1UXW-C-A	Positive	0.362434	0.637566
1KAP-I-P	Positive	0.441877	0.558123
1SVF-B-A	Negative	0.858254	0.141746
1SVF-D-C	Negative	0.886341	0.113659
1A30-C-A	Negative	0.875079	0.124921
1D00-I-A	Negative	0.746519	0.253481
1H3H-B-A	Negative	0.624736	0.375264
1T3L-B-A	Positive	0.439415	0.560585
1HXL-C-A	Negative	0.895288	0.104712
1XV9-H-A	Negative	0.934819	0.0651807
1XV9-F-B	Positive	0.19173	0.80827
1Q3P-C-A	Negative	0.706098	0.293902
1BQH-C-A	Positive	0.0576675	0.942333
1S7S-C-A	Positive	0.151783	0.848217
1LGB-B-A	Negative	0.954896	0.0451038
1AGD-C-A	Negative	0.875321	0.124679
1QXA-B-A	Positive	0.217616	0.782384
1P8D-C-A	Negative	0.833846	0.166154
1P8D-D-B	Positive	0.175716	0.824284
1CA9-G-A	Negative	0.99293	0.00707045
1CA9-H-B	Negative	0.98852	0.0114804
1S5R-A-B	Negative	0.892001	0.107999
1D7Q-B-A	Positive	0.23371	0.76629
1VF5-E-A	Positive	0.472793	0.527207
1VF5-G-A	Positive	0.0328162	0.967184
1VF5-F-C	Negative	0.892789	0.107211
1VF5-H-C	Positive	0.360081	0.639919
1VF5-T-N	Negative	0.571724	0.428276
1VF5-S-O	Negative	0.81722	0.18278
1O6O-D-A	Positive	0.0317479	0.968252
1O6O-E-C	Positive	0.23988	0.76012
1G0Y-I-R	Negative	0.6504	0.3496
1JPG-C-A	Negative	0.547344	0.452656
1SJE-C-A	Negative	0.65969	0.34031
1Y2A-P-C	Negative	0.560525	0.439475
1HIN-P-L	Positive	0.0467442	0.953256
1KMC-C-A	Negative	0.904036	0.0959639
1VZQ-I-H	Negative	0.948766	0.0512337
1EJH-E-A	Negative	0.928646	0.0713541
1EJH-F-B	Negative	0.881082	0.118918
1EJH-G-C	Negative	0.880122	0.119878
1EJH-H-D	Negative	0.809947	0.190053
1KTS-A-B	Negative	0.980581	0.019419
1FFO-C-A	Positive	0.281746	0.718254
1A2X-B-A	Negative	0.966347	0.0336531
1EPL-I-E	Negative	0.96096	0.0390402
1FGL-B-A	Negative	0.916985	0.0830152
1HCT-A-B	Negative	0.991026	0.00897388
1SKG-B-A	Negative	0.661755	0.338245
1OHH-H-A	Negative	0.977041	0.0229591
1MFL-B-A	Negative	0.664724	0.335276
1PD1-B-A	Negative	0.990596	0.00940355
1MZW-B-A	Negative	0.985992	0.0140079
1Z8J-A-B	Negative	0.982669	0.0173311
1S9V-C-A	Negative	0.960859	0.0391413
1H15-C-A	Negative	0.604483	0.395517
1DEV-B-A	Negative	0.979428	0.0205724
1DEV-D-C	Negative	0.986976	0.0130244
1CKB-B-A	Negative	0.990943	0.00905674
1NRQ-L-H	Negative	0.973962	0.0260381
1NRQ-R-H	Negative	0.900376	0.0996242
1XKH-I-A	Positive	0.0812642	0.918736
1QRN-C-A	Positive	0.0104289	0.989571
1K3N-B-A	Negative	0.972479	0.0275211
1YCR-B-A	Negative	0.991676	0.00832414
1JU5-B-A	Negative	0.987015	0.0129846
1T1W-C-A	Negative	0.978184	0.0218161
1SM3-P-L	Negative	0.835262	0.164738
1BSX-X-A	Positive	0.248079	0.751921
1KIL-E-A	Negative	0.890301	0.109699
1NKZ-F-C	Positive	0.415347	0.584653
1B4Z-B-A	Negative	0.934708	0.0652922
1KC5-P-L	Negative	0.689744	0.310256
1NH0-I-A	Negative	0.792907	0.207093
1JM4-A-B	Negative	0.990581	0.00941909
1MK2-B-A	Negative	0.983597	0.0164033
1OW8-D-A	Negative	0.783816	0.216184
1SQK-B-A	Negative	0.982855	0.0171447
1JPP-C-A	Negative	0.913334	0.0866663
1JPP-D-B	Negative	0.725858	0.274142
1QLS-D-A	Negative	0.96365	0.0363496
1ZDU-Q-A	Negative	0.920344	0.0796561
1YM4-X-A	Positive	0.149453	0.850547
1JBU-X-H	Negative	0.958537	0.0414627
1G3J-B-A	Negative	0.9188	0.0812004
1G3J-D-A	Negative	0.986164	0.0138361
1JOU-A-B	Negative	0.989263	0.0107365
1JOU-C-B	Negative	0.993549	0.00645129
1JOU-E-F	Negative	0.987819	0.012181
1P7V-B-A	Negative	0.550115	0.449885
1TJ9-B-A	Positive	0.171529	0.828471
1Q2C-B-A	Negative	0.696324	0.303676
1QSE-C-A	Positive	0.0544482	0.945552
1HES-P-A	Positive	0.298087	0.701913
1I73-B-A	Negative	0.967285	0.0327153
1NS3-C-A	Negative	0.969012	0.0309876
1KDX-B-A	Negative	0.750931	0.249069
1PEG-P-A	Positive	0.0290411	0.970959
1PEG-Q-B	Positive	0.307326	0.692674
1SOZ-D-A	Negative	0.806827	0.193173
1OBX-B-A	Negative	0.839608	0.160392
1UPK-B-A	Negative	0.899601	0.100399
1W7V-E-A	Negative	0.967285	0.0327153
1YYL-M-G	Negative	0.894379	0.105621
1G9I-I-E	Negative	0.997409	0.00259102
1OHF-E-A	Negative	0.766268	0.233732
1OHF-F-B	Positive	0.430119	0.569881
1QZ2-G-A	Negative	0.853141	0.146859
1A37-P-A	Positive	0.407826	0.592174
1H9O-B-A	Negative	0.916923	0.0830767
1PCG-E-A	Negative	0.986955	0.013045
1CSY-B-A	Negative	0.966366	0.0336337
1TNZ-M-A	Negative	0.930872	0.0691277
1NEX-E-B	Negative	0.613612	0.386388
1NEX-F-D	Positive	0.286047	0.713953
1NLP-N-C	Negative	0.965017	0.0349828
1NIW-B-A	Negative	0.961613	0.0383873
1TL9-B-A	Negative	0.942554	0.0574462
1GVX-I-A	Negative	0.866216	0.133784
1FT8-E-A	Negative	0.74451	0.25549
1H26-E-B	Negative	0.986	0.0140003
1AB9-D-B	Negative	0.541147	0.458853
1ISQ-B-A	Negative	0.933879	0.0661206
1F59-C-A	Positive	0.235277	0.764723
1F59-D-B	Positive	0.319056	0.680944
1NLO-N-C	Negative	0.965017	0.0349828
1TET-P-L	Negative	0.913735	0.0862652
1LTA-C-D	Negative	0.972323	0.0276771
1ZGX-B-A	Negative	0.7737	0.2263
1NLN-B-A	Negative	0.761184	0.238816
1NPQ-B-A	Negative	0.884122	0.115878
1I8K-C-A	Negative	0.858304	0.141696
1YYM-M-G	Negative	0.955471	0.0445286
1YYM-S-P	Negative	0.955471	0.0445286
1RBD-S-A	Negative	0.977349	0.0226515
1YWT-C-A	Positive	0.398137	0.601863
1YWT-D-B	Negative	0.730424	0.269576
1QKZ-P-H	Negative	0.821799	0.178201
1I5K-C-A	Negative	0.953074	0.0469262
1D4W-C-A	Negative	0.989141	0.0108587
1HHH-C-A	Positive	0.0426489	0.957351
1T3E-P-A	Negative	0.885697	0.114303
1ILQ-C-A	Negative	0.74601	0.25399
1SE0-B-A	Positive	0.42439	0.57561
1ZUB-B-A	Negative	0.729307	0.270693
1CSB-A-B	Negative	0.947202	0.0527976
1CSB-D-E	Negative	0.947202	0.0527976
1R1A-4-1	Positive	0.0664375	0.933563
1ORH-B-A	Negative	0.818207	0.181793
1NU2-B-A	Negative	0.953905	0.0460947
1ICF-B-A	Negative	0.60149	0.39851
1E0F-C-E	Negative	0.986348	0.013652
1TU3-F-A	Negative	0.945749	0.0542508
1TU3-H-B	Negative	0.986742	0.0132581
1TU3-I-C	Negative	0.980737	0.0192635
1B5J-B-A	Negative	0.985514	0.0144859
1G1G-B-A	Positive	0.130218	0.869782
1EZX-B-A	Negative	0.921967	0.0780327
1CP3-C-A	Negative	0.576002	0.423998
1FE6-C-A	Negative	0.783246	0.216754
1OKW-E-B	Negative	0.564001	0.435999
1YWH-B-A	Negative	0.547212	0.452788
1N12-B-A	Negative	0.966918	0.0330819
1KO6-B-A	Negative	0.744757	0.255243
1FIW-L-A	Negative	0.996714	0.00328569
1U8I-C-A	Positive	0.362386	0.637614
1JEV-B-A	Negative	0.764028	0.235972
1XH3-C-A	Negative	0.620687	0.379313
1TW6-D-B	Negative	0.844804	0.155196
1OLA-B-A	Positive	0.153691	0.846309
1K8D-P-A	Negative	0.733695	0.266305
1YP1-B-A	Negative	0.977926	0.022074
1EBD-C-A	Negative	0.839144	0.160856
1LDP-P-H	Positive	0.1833	0.8167
1LDP-Q-H	Negative	0.970355	0.0296454
1QVO-C-A	Negative	0.963872	0.0361285
1LDK-E-A	Negative	0.97177	0.0282295
1W9E-R-A	Negative	0.918193	0.0818074
1W9E-T-A	Negative	0.862577	0.137423
1M93-A-B	Negative	0.795829	0.204171
1M93-C-B	Positive	0.161187	0.838813
1NQL-B-A	Negative	0.981613	0.0183875
1QSC-D-A	Negative	0.876511	0.12349
1EE5-B-A	Negative	0.733398	0.266602
1HOC-C-A	Negative	0.956773	0.0432269
1ZAX-Z-A	Negative	0.973594	0.0264063
1Q90-R-A	Negative	0.986244	0.0137561
1Q90-G-A	Negative	0.902873	0.0971269
1Q90-L-A	Negative	0.934299	0.0657007
1Q90-M-A	Negative	0.680592	0.319408
1Q90-N-A	Negative	0.873457	0.126543
1HC9-C-A	Positive	0.0641478	0.935852
1HC9-D-B	Positive	0.103082	0.896918
1OT5-C-A	Negative	0.584054	0.415946
1QTX-B-A	Positive	0.253289	0.746711
1GL0-I-E	Negative	0.986776	0.013224
1QX8-A-B	Negative	0.959336	0.0406636
1ZKF-C-A	Negative	0.85189	0.14811
1KU8-B-A	Negative	0.928002	0.0719985
1KU8-F-A	Negative	0.811625	0.188375
1L4W-B-A	Negative	0.837644	0.162356
1PYU-A-B	Negative	0.940154	0.0598455
1C4Y-3-2	Negative	0.986007	0.0139927
1WLP-A-B	Negative	0.787006	0.212994
1A38-P-A	Negative	0.97723	0.0227702
1UOO-B-A	Negative	0.758427	0.241573
1GUW-B-A	Positive	0.0543455	0.945655
1E8N-I-A	Positive	0.360321	0.639679
1RDT-E-D	Negative	0.975367	0.0246326
1MQS-B-A	Negative	0.993627	0.00637344
1EJY-N-I	Negative	0.975075	0.0249247
1B8Q-B-A	Positive	0.248524	0.751476
1EFR-Q-A	Positive	0.395009	0.604991
1TG1-C-A	Positive	0.18363	0.81637
1T2V-F-A	Negative	0.508934	0.491066
1T2V-J-A	Positive	0.290016	0.709984
1T2V-I-D	Negative	0.892122	0.107878
1SPS-D-A	Negative	0.983722	0.0162784
1SPS-F-A	Negative	0.99939	0.000610141
1SPS-E-B	Negative	0.990472	0.00952779
1HIA-I-A	Negative	0.992385	0.00761483
1HQW-B-A	Positive	0.231156	0.768844
1SB0-B-A	Negative	0.9139	0.0860996
1ICE-T-A	Positive	0.0308906	0.969109
1SJH-C-A	Negative	0.950902	0.0490979
1T1Y-C-A	Negative	0.819738	0.180262
1G5J-B-A	Positive	0.212156	0.787844
1GMC-B-F	Positive	0.188516	0.811484
1WBY-C-A	Negative	0.981342	0.0186583
1JUQ-E-A	Negative	0.909999	0.090001
1JUQ-F-B	Negative	0.965478	0.0345216
1JUQ-H-D	Negative	0.658392	0.341608
1TK4-B-A	Negative	0.928395	0.0716045
1EEO-B-A	Positive	0.0876997	0.9123
1S6C-B-A	Negative	0.924292	0.0757078
1RGR-B-A	Negative	0.936742	0.0632578
1N51-B-A	Positive	0.145007	0.854993
1RTF-A-B	Negative	0.994031	0.00596911
1BC5-T-A	Negative	0.851367	0.148633
1JET-B-A	Negative	0.570396	0.429604
1EYX-G-B	Positive	0.333322	0.666678
1EYX-H-L	Positive	0.426909	0.573091
1GJD-A-B	Negative	0.994099	0.00590085
1PPG-I-E	Positive	0.177717	0.822283
1EEZ-C-A	Negative	0.854901	0.145099
1OY7-F-E	Negative	0.800692	0.199308
1JB0-J-A	Negative	0.97822	0.0217805
1JB0-K-A	Negative	0.713397	0.286603
1JB0-M-B	Negative	0.933065	0.0669354
1JB0-X-B	Positive	0.00378209	0.996218
1B5I-B-A	Negative	0.967356	0.0326441
1T76-B-A	Positive	0.411914	0.588086
1E54-B-A	Positive	0.487928	0.512072
1RBH-S-A	Negative	0.992084	0.00791603
1M26-D-A	Negative	0.980674	0.019326
1SMR-B-A	Positive	0.201098	0.798902
1NX0-C-A	Positive	0.334834	0.665166
1NX0-E-A	Negative	0.738886	0.261114
1WKW-B-A	Negative	0.710718	0.289282
1AQD-C-A	Positive	0.191483	0.808517
1AQD-F-D	Negative	0.646441	0.353559
1PSB-C-A	Negative	0.943493	0.0565065
1CVU-F-B	Negative	0.968533	0.0314671
1UJ0-B-A	Negative	0.997927	0.00207335
1N3N-I-A	Negative	0.857515	0.142485
1WA7-B-A	Negative	0.9603	0.0397001
1H59-B-A	Negative	0.992532	0.00746801
1AYA-P-A	Negative	0.870469	0.129531
1AYA-Q-B	Positive	0.210256	0.789744
1TY4-C-A	Negative	0.691869	0.308131
1TY4-D-B	Negative	0.73864	0.26136
1L5G-C-A	Negative	0.561024	0.438976
1APV-I-E	Negative	0.501315	0.498685
1M72-D-A	Negative	0.898453	0.101547
1APT-I-E	Negative	0.501315	0.498685
1MQ1-C-A	Negative	0.996297	0.00370282
1JEU-B-A	Negative	0.983495	0.0165052
1Y19-A-B	Positive	0.472721	0.527279
1QGR-B-A	Positive	0.410798	0.589202
1SVH-B-A	Negative	0.854823	0.145177
1DP5-B-A	Negative	0.979426	0.020574
1U7B-B-A	Positive	0.483566	0.516434
1R1R-D-A	Negative	0.908102	0.0918981
1R1R-P-A	Positive	0.372631	0.627369
1GVU-I-A	Positive	0.46189	0.53811
1N86-G-C	Negative	0.822862	0.177138
1XR9-C-A	Negative	0.639625	0.360375
1MPA-P-L	Negative	0.917344	0.0826557
1SMF-I-E	Negative	0.993748	0.00625224
1B3F-B-A	Negative	0.919679	0.0803214
1CMX-D-A	Negative	0.969575	0.0304255
1G5Q-M-A	Negative	0.63987	0.36013
1KL5-E-A	Negative	0.995838	0.00416249
1KL5-F-B	Negative	0.997015	0.00298487
1QSN-B-A	Negative	0.992404	0.00759646
1JRR-P-A	Negative	0.924211	0.0757888
1CI6-B-A	Negative	0.971812	0.0281876
1F8A-C-B	Positive	0.0500934	0.949907
1H2M-S-A	Negative	0.991528	0.00847176
1PIP-B-A	Positive	0.240726	0.759274
1WBZ-P-A	Negative	0.873799	0.126201
1D8T-C-A	Negative	0.796378	0.203622
1AGC-C-A	Negative	0.754708	0.245292
1APU-I-E	Negative	0.501315	0.498685
1NPO-B-A	Positive	0.342941	0.657059
1B46-B-A	Negative	0.939431	0.0605687
1V1T-T-A	Negative	0.815466	0.184534
1OL5-B-A	Negative	0.981534	0.0184663
1ZH7-C-A	Negative	0.99349	0.00651035
1MA3-B-A	Positive	0.299766	0.700234
1P16-C-A	Positive	0.143178	0.856822
1P16-D-A	Positive	0.229623	0.770377
1EES-B-A	Negative	0.992828	0.00717162
1OKX-C-A	Negative	0.904864	0.0951361
1BHF-I-A	Negative	0.944167	0.0558332
1JW6-B-A	Positive	0.184458	0.815542
1QSF-C-A	Positive	0.0207437	0.979256
1OLC-B-A	Positive	0.186098	0.813902
1HAZ-A-B	Positive	0.245988	0.754012
1KCS-P-L	Negative	0.578204	0.421796
1C4U-3-2	Positive	0.135017	0.864983
1N2D-C-A	Negative	0.936685	0.0633149
1YM0-B-A	Negative	0.832024	0.167976
1J2X-B-A	Negative	0.948961	0.0510385
1WRZ-B-A	Negative	0.883542	0.116458
1HTE-C-A	Positive	0.241926	0.758074
1RK8-C-A	Negative	0.781687	0.218313
1PFB-B-A	Positive	0.0591626	0.940837
1PU9-B-A	Negative	0.78936	0.21064
1U8N-C-A	Positive	0.420444	0.579556
1G6G-E-A	Negative	0.684312	0.315688
1G6G-F-B	Positive	0.123662	0.876338
1KLQ-B-A	Negative	0.916275	0.0837254
1HTR-P-B	Negative	0.656598	0.343402
1T7R-B-A	Negative	0.964782	0.0352183
1OXG-B-A	Positive	0.0223627	0.977637
1ZUK-C-A	Positive	0.389386	0.610614
1BEV-4-1	Negative	0.983933	0.0160665
1MNF-O-A	Negative	0.804575	0.195425
1KJM-P-A	Positive	0.283407	0.716593
1NLT-B-A	Positive	0.28946	0.71054
1B0R-C-A	Negative	0.741076	0.258924
1LQ8-B-A	Negative	0.954668	0.045332
1LQ8-F-E	Negative	0.954293	0.0457066
1TOC-A-B	Negative	0.985201	0.0147995
1HY2-E-A	Negative	0.543595	0.456405
1H8D-L-H	Negative	0.973964	0.0260361
1JAC-B-A	Negative	0.936174	0.063826
1T0J-C-B	Negative	0.977775	0.0222246
1FAV-C-A	Negative	0.995996	0.00400436
1CWE-B-A	Negative	0.917746	0.0822545
1P7I-C-D	Negative	0.936229	0.0637712
1XCQ-P-A	Negative	0.83778	0.16222
1XCQ-Q-C	Negative	0.979225	0.0207745
1THS-I-H	Negative	0.851235	0.148765
1DLK-A-B	Negative	0.513908	0.486092
1DLK-E-B	Positive	0.119855	0.880145
1PJN-A-B	Negative	0.90153	0.0984702
1E79-I-G	Positive	0.360897	0.639103
1PD7-B-A	Negative	0.788823	0.211177
1PNB-A-B	Negative	0.88923	0.11077
1QG1-I-E	Negative	0.988186	0.011814
1NRR-R-H	Negative	0.85978	0.14022
1LVM-C-A	Negative	0.872401	0.127599
1LVM-E-A	Negative	0.960457	0.0395434
1SVZ-C-A	Negative	0.930061	0.0699388
1SSH-B-A	Negative	0.79349	0.20651
1LDT-L-T	Negative	0.770448	0.229552
1MTP-B-A	Positive	0.320548	0.679452
1ABO-C-A	Negative	0.814723	0.185277
1XN2-E-A	Negative	0.714525	0.285475
1P4U-B-A	Positive	0.382913	0.617087
1AQC-C-A	Negative	0.697099	0.302901
1FBV-B-A	Negative	0.778458	0.221542
1FU5-B-A	Negative	0.985645	0.0143554
1NZV-C-B	Negative	0.550109	0.449891
1CWD-P-L	Negative	0.925421	0.074579
1IRS-B-A	Negative	0.784373	0.215627
1YYP-B-A	Negative	0.901669	0.0983308
1YP0-B-A	Negative	0.847777	0.152223
1RHI-4-1	Negative	0.992599	0.00740048
1JCD-A-B	Negative	0.825078	0.174922
1HIM-P-H	Positive	0.0467442	0.953256
1HIM-R-J	Positive	0.0728667	0.927133
1SYS-C-A	Negative	0.99026	0.0097402
1NRL-C-A	Negative	0.878868	0.121132
1PWW-C-A	Positive	0.42637	0.57363
1RLP-R-C	Negative	0.866191	0.133809
1J71-B-A	Negative	0.869449	0.130551
1FLE-I-E	Negative	0.993851	0.00614932
1IAK-P-A	Negative	0.994639	0.00536096
1C8O-B-A	Positive	0.0566819	0.943318
1CF4-B-A	Negative	0.781641	0.218359
1DXP-C-A	Negative	0.896194	0.103806
1TAB-I-E	Negative	0.998523	0.00147674
1LVB-C-A	Positive	0.339809	0.660191
1YOW-B-A	Negative	0.639995	0.360005
1IVO-C-A	Negative	0.968009	0.0319907
1XB1-G-A	Negative	0.870177	0.129823
1RST-P-B	Positive	0.116405	0.883595
1OC0-B-A	Negative	0.964362	0.0356382
1Y98-B-A	Negative	0.851543	0.148457
1C9P-B-A	Negative	0.968448	0.0315521
1BXL-B-A	Negative	0.993774	0.0062258
1U91-C-A	Positive	0.482389	0.517611
1YBK-C-A	Negative	0.876499	0.123501
1HSA-C-A	Positive	0.13078	0.86922
1BHX-E-B	Negative	0.987428	0.0125715
1CKA-B-A	Negative	0.996734	0.00326615
1X7B-C-A	Negative	0.643456	0.356544
1W70-C-A	Negative	0.918142	0.0818583
1W70-D-A	Negative	0.986826	0.0131743
1S8D-C-A	Negative	0.704447	0.295553
1JPF-C-A	Negative	0.928065	0.0719353
1TII-C-D	Negative	0.992938	0.00706207
1QX7-D-I	Negative	0.938967	0.0610333
1KLU-C-A	Negative	0.559117	0.440883
1XU2-R-A	Negative	0.980623	0.0193772
1XU2-T-A	Negative	0.993104	0.00689581
1XU2-S-B	Negative	0.995661	0.00433931
1YTH-I-A	Negative	0.947241	0.052759
1FFP-C-A	Negative	0.587083	0.412917
1DPJ-B-A	Negative	0.991804	0.00819584
1GGI-P-L	Positive	0.0860617	0.913938
1DDM-B-A	Negative	0.834995	0.165005
1BDV-A-B	Negative	0.963668	0.0363325
1BDV-D-B	Negative	0.982944	0.0170559
1A3R-P-L	Negative	0.933306	0.066694
1A1O-C-A	Negative	0.610101	0.389899
1U8O-C-A	Positive	0.315108	0.684892
1RXM-B-A	Negative	0.98568	0.0143201
1WBX-C-A	Negative	0.998589	0.0014109
1QZ7-B-A	Negative	0.981238	0.0187619
1HQR-C-A	Positive	0.168957	0.831043
1EJ4-B-A	Negative	0.82518	0.17482
1F7A-P-A	Negative	0.699481	0.300519
1UN0-C-A	Negative	0.876177	0.123823
1SLG-M-B	Negative	0.755714	0.244286
1SLG-P-D	Positive	0.372392	0.627608
1D5E-A-B	Negative	0.994419	0.00558086
1OKV-E-B	Negative	0.917932	0.0820683
1IR3-B-A	Negative	0.742569	0.257431
1T7F-B-A	Negative	0.960491	0.0395088
1U6H-B-A	Negative	0.905383	0.094617
1EB1-A-H	Negative	0.99607	0.00392964
1U38-B-A	Negative	0.514688	0.485312
1XJ7-B-A	Negative	0.872512	0.127488
1YTI-I-A	Negative	0.835261	0.164739
1FF1-B-A	Negative	0.988944	0.0110556
1Q1T-A-C	Negative	0.964024	0.0359765
1Q1T-B-C	Negative	0.868511	0.131489
1FLL-X-A	Positive	0.434206	0.565794
1TJH-P-L	Positive	0.497255	0.502745
1TBZ-L-H	Negative	0.97405	0.0259501
1Y43-A-B	Positive	0.37514	0.62486
1BGY-I-A	Negative	0.910937	0.0890633
1BGY-K-A	Positive	0.461626	0.538374
1ZVS-C-A	Negative	0.978332	0.0216684
1OSG-G-A	Negative	0.76156	0.23844
1R1L-D-I	Negative	0.812412	0.187588
1JDP-H-A	Positive	0.313444	0.686556
1RZX-B-A	Negative	0.82859	0.17141
1HH9-C-A	Negative	0.990584	0.00941584
1L0N-K-A	Negative	0.855124	0.144876
1AYB-P-A	Negative	0.939017	0.0609834
1T4F-P-M	Positive	0.0581592	0.941841
1F58-P-L	Positive	0.0760564	0.923944
1XGY-P-L	Negative	0.937967	0.0620329
1NOP-C-A	Negative	0.970651	0.0293493
1YOK-B-A	Negative	0.867216	0.132784
1KKQ-E-A	Negative	0.921374	0.0786256
1S9X-C-A	Negative	0.893742	0.106258
1EMU-B-A	Negative	0.984564	0.0154357
1YDI-B-A	Negative	0.989854	0.0101456
1RBG-S-A	Negative	0.989173	0.0108269
1P22-C-A	Positive	0.0351425	0.964857
1S9Y-C-A	Negative	0.878423	0.121577
1YVH-B-A	Negative	0.833212	0.166788
1A7C-B-A	Positive	0.463013	0.536987
1XHM-B-A	Negative	0.77457	0.22543
1XHM-C-A	Negative	0.936269	0.063731
1D01-G-C	Negative	0.97244	0.0275596
1KJ2-P-H	Negative	0.972078	0.0279222
1R8U-A-B	Negative	0.967509	0.0324907
1TBQ-L-H	Negative	0.994886	0.00511448
1JCR-C-A	Negative	0.884515	0.115485
1MVF-D-A	Negative	0.99001	0.00998949
1RB8-J-F	Negative	0.789602	0.210398
1ELW-C-A	Negative	0.897652	0.102348
1EVH-B-A	Negative	0.743005	0.256995
1TT5-E-B	Negative	0.964874	0.0351262
1TT5-F-B	Negative	0.989118	0.0108817
1KTL-P-A	Negative	0.790168	0.209832
1LGH-B-A	Negative	0.919143	0.0808569
1LGH-E-A	Negative	0.919143	0.0808569
1GL1-I-A	Negative	0.986373	0.0136269
1GL1-J-B	Negative	0.985942	0.014058
1FM6-V-U	Positive	0.303453	0.696547
1FM6-Y-X	Negative	0.979128	0.0208725
1G37-B-A	Negative	0.622939	0.377062
1G65-3-K	Positive	0.432491	0.567509
1B40-B-A	Negative	0.977728	0.0222716
1NRS-R-H	Negative	0.59162	0.40838
1VYJ-B-A	Negative	0.985588	0.014412
1JD5-B-A	Positive	0.138156	0.861844
1BY5-B-A	Positive	0.217616	0.782384
1O6P-D-A	Positive	0.499705	0.500295
1O6P-E-A	Positive	0.151516	0.848484
1XDK-C-A	Negative	0.99581	0.00419037
1XDK-D-B	Negative	0.991388	0.00861247
1L6O-D-A	Negative	0.958827	0.0411729
1JKY-B-A	Negative	0.915258	0.0847422
1GYB-E-A	Positive	0.354808	0.645192
1GYB-F-A	Negative	0.62867	0.37133
1GYB-G-C	Negative	0.817307	0.182693
1JUI-P-A	Positive	0.0555251	0.944475
1PWV-C-A	Positive	0.00664908	0.993351
1CDL-E-A	Negative	0.66523	0.33477
1CDL-G-C	Negative	0.550067	0.449933
1CDL-H-C	Negative	0.852738	0.147262
1IFH-P-L	Positive	0.0995456	0.900454
1EBP-C-A	Negative	0.997444	0.00255618
1LEZ-B-A	Negative	0.968278	0.0317223
1W9Q-S-B	Negative	0.787453	0.212547
1VPP-X-V	Positive	0.316296	0.683704
1VPP-Y-V	Positive	0.198452	0.801548
1ZUZ-B-A	Negative	0.862206	0.137794
1P9U-G-A	Positive	0.497672	0.502328
1BZ9-C-A	Positive	0.117168	0.882832
1BBZ-B-A	Positive	0.427058	0.572942
1EPT-A-B	Negative	0.718974	0.281027
1JHT-C-A	Negative	0.897469	0.102531
1GUX-E-B	Negative	0.5384	0.4616
1ACY-P-L	Negative	0.749873	0.250127
1DD3-C-A	Negative	0.940472	0.059528
1GY3-E-A	Negative	0.697784	0.302216
1GHB-E-F	Negative	0.920484	0.0795158
1GHB-P-F	Positive	0.153011	0.846989
1EAK-P-A	Positive	0.222295	0.777705
1OQP-B-A	Negative	0.856319	0.143681
1HL3-B-A	Negative	0.975596	0.0244043
1MT8-P-A	Positive	0.443263	0.556737
1RBI-S-A	Negative	0.982596	0.017404
1N6J-G-A	Negative	0.934694	0.0653063
1CE1-P-L	Positive	0.323953	0.676047
1BE9-B-A	Negative	0.916864	0.0831363
1F47-A-B	Negative	0.993844	0.0061564
1S7W-C-A	Negative	0.637253	0.362747
1XR0-A-B	Negative	0.994431	0.00556933
1NRN-R-H	Positive	0.40793	0.59207
1N4M-C-A	Negative	0.920552	0.0794477
1N4M-E-B	Positive	0.223898	0.776102
1JMO-L-H	Negative	0.992538	0.00746217
1RMH-C-A	Negative	0.883836	0.116164
1LQB-D-B	Negative	0.99585	0.00414982
1PAD-I-A	Negative	0.730451	0.269549
1R1Q-C-A	Negative	0.724842	0.275158
1YJ9-2-R	Negative	0.983146	0.0168541
1VC3-A-B	Negative	0.579786	0.420214
1ZGY-B-A	Negative	0.982547	0.0174527
1X11-C-A	Negative	0.75181	0.24819
1C9L-C-A	Negative	0.998507	0.0014933
1X8S-B-A	Negative	0.936156	0.0638439
1SSA-B-A	Negative	0.535972	0.464028
1PZL-B-A	Positive	0.364222	0.635778
1BK6-C-A	Negative	0.944694	0.0553057
1BK6-D-A	Positive	0.299596	0.700404
1OEX-B-A	Negative	0.647922	0.352078
1LKK-B-A	Negative	0.944167	0.0558332
1Q1S-A-C	Negative	0.926563	0.0734368
1Q1S-B-C	Negative	0.686156	0.313844
1CFN-C-A	Negative	0.875349	0.124651
1HXZ-C-A	Negative	0.93376	0.0662403
1AGE-C-A	Negative	0.812358	0.187642
1DML-B-A	Negative	0.559244	0.440756
1P4B-P-L	Negative	0.636949	0.363051
1Q1A-B-A	Negative	0.956176	0.0438244
1SEM-C-A	Negative	0.989006	0.0109938
1R1S-B-A	Negative	0.970218	0.0297824
1OQE-K-A	Negative	0.903416	0.0965839
1OQE-N-E	Negative	0.967247	0.032753
1E4X-P-H	Positive	0.0196368	0.980363
1NES-I-E	Positive	0.464961	0.535039
1N4Q-M-A	Negative	0.993447	0.006553
1B51-B-A	Negative	0.662807	0.337193
1LTX-P-A	Positive	0.1551	0.8449
1E91-B-A	Negative	0.81326	0.18674
1N4R-M-A	Negative	0.987859	0.0121405
1LD9-C-A	Negative	0.778812	0.221188
1XIU-E-A	Positive	0.298284	0.701716
1XIU-F-B	Negative	0.64488	0.35512
1KYD-P-A	Negative	0.917858	0.0821422
1ZL1-C-A	Positive	0.219118	0.780882
1OM2-B-A	Negative	0.625486	0.374514
1L0A-B-A	Negative	0.991697	0.00830253
1U8T-E-A	Negative	0.842132	0.157868
1YTG-I-A	Negative	0.697959	0.302041
1QKB-B-A	Negative	0.98163	0.0183697
1N7T-B-A	Positive	0.415616	0.584384
1M5N-Q-S	Negative	0.816961	0.183039
1PYO-E-A	Positive	0.228129	0.771871
1SDX-E-A	Positive	0.2129	0.7871
1JQ9-P-A	Negative	0.797731	0.202269
1J19-B-A	Positive	0.106683	0.893317
1SHB-B-A	Positive	0.0888175	0.911182
1UHB-P-A	Negative	0.551029	0.448971
1OX1-B-A	Negative	0.99741	0.00258965
1BX2-F-D	Negative	0.977384	0.0226164
1D5S-B-A	Negative	0.902728	0.0972717
1X2R-B-A	Negative	0.901244	0.0987557
1YRK-B-A	Positive	0.173042	0.826958
1TZE-I-E	Negative	0.958787	0.0412129
1S2K-B-A	Negative	0.77253	0.22747
1HPG-B-A	Positive	0.420448	0.579552
1RGQ-C-A	Negative	0.990732	0.00926771
1RGQ-D-A	Negative	0.955968	0.0440323
1HEF-I-E	Negative	0.540288	0.459712
1DKD-E-A	Positive	0.4673	0.5327
1U95-C-A	Positive	0.167188	0.832812
1DIT-P-H	Negative	0.985916	0.0140843
1B9J-B-A	Negative	0.990096	0.00990429
1PUA-B-A	Negative	0.986672	0.0133277
1H27-E-B	Positive	0.241936	0.758064
1ZW3-B-A	Negative	0.980662	0.0193384
1KCR-P-L	Positive	0.133747	0.866253
1U8J-C-A	Positive	0.198428	0.801572
1FYN-B-A	Negative	0.973703	0.0262971
1ELR-B-A	Negative	0.853141	0.146859
1UCY-F-H	Negative	0.716604	0.283396
1UCY-G-E	Positive	0.381759	0.618241
1OX9-I-A	Positive	0.278253	0.721747
1PJ8-I-A	Negative	0.942324	0.057676
1LCK-B-A	Negative	0.763033	0.236967
1KY7-P-A	Negative	0.755087	0.244913
1JOJ-P-A	Positive	0.184458	0.815542
1TQE-X-P	Negative	0.994683	0.00531713
1W5C-F-A	Negative	0.671551	0.328449
1W5C-L-G	Negative	0.671551	0.328449
1VF6-D-A	Negative	0.995169	0.00483054
1SBW-I-A	Negative	0.997665	0.00233492
1FEV-A-B	Negative	0.985925	0.0140745
1UXS-C-A	Positive	0.362434	0.637566
1QFN-B-A	Positive	0.421192	0.578808
1VIT-I-H	Negative	0.997433	0.00256693
1BOG-C-A	Negative	0.973135	0.0268655
1TP5-B-A	Negative	0.855269	0.144731
1CMI-C-A	Negative	0.951391	0.0486088
1M0V-B-A	Negative	0.733891	0.266109
1PCX-B-A	Negative	0.82178	0.17822
1V9U-5-1	Negative	0.741443	0.258557
1JDH-B-A	Negative	0.902219	0.0977805
1S4Z-C-A	Negative	0.96002	0.0399802
1O9U-B-A	Negative	0.976644	0.0233557
1R1P-E-A	Negative	0.773208	0.226792
1TMF-4-1	Negative	0.932925	0.067075
1MEY-G-C	Negative	0.908102	0.0918982
1KC2-B-A	Negative	0.995893	0.00410741
1PPJ-I-A	Negative	0.935835	0.0641648
1PPJ-J-D	Positive	0.396338	0.603662
1P3Q-Q-U	Negative	0.603216	0.396784
1P3Q-R-V	Negative	0.981857	0.0181431
1LMW-A-B	Negative	0.896971	0.103029
1LMW-C-D	Negative	0.964428	0.0355716
1LKL-B-A	Positive	0.069904	0.930096
1AVF-P-A	Negative	0.542119	0.457881
1AVF-Q-A	Negative	0.543323	0.456677
2H6F-P-A	Negative	0.635223	0.364777
2DO2-P-A	Negative	0.798202	0.201798
2E74-G-A	Positive	0.33749	0.66251
2E74-H-A	Negative	0.686888	0.313113
2E74-F-B	Negative	0.941919	0.0580809
2E74-E-C	Positive	0.472793	0.527207
2NXL-P-A	Positive	0.0272431	0.972757
2HN7-C-A	Negative	0.76097	0.23903
2AOH-C-A	Positive	0.384971	0.615029
2XFX-C-A	Negative	0.955246	0.0447543
2LGK-B-A	Positive	0.082665	0.917335
2A25-B-A	Negative	0.947781	0.052219
2AWU-C-B	Negative	0.64774	0.35226
2I0I-D-A	Negative	0.801149	0.198851
2WPV-B-A	Negative	0.978031	0.0219688
2WPV-F-E	Negative	0.967529	0.0324708
2HRP-P-L	Negative	0.979169	0.0208306
2F9J-P-A	Negative	0.791112	0.208888
2F9J-Q-B	Negative	0.941857	0.0581427
2V6Q-B-A	Negative	0.803039	0.196961
2M0K-B-A	Negative	0.972984	0.0270155
2CIK-C-A	Negative	0.830032	0.169968
2R0L-B-A	Negative	0.965579	0.0344213
2P8M-C-A	Negative	0.949586	0.0504141
2F9U-B-A	Negative	0.995557	0.00444277
2F9U-D-A	Negative	0.984987	0.0150128
2Y9Q-B-A	Negative	0.903266	0.0967336
2AV7-F-D	Positive	0.0573515	0.942648
2GPO-C-A	Negative	0.984753	0.0152471
2ROR-B-A	Negative	0.888978	0.111022
2FCI-B-A	Negative	0.86438	0.13562
2V88-D-A	Negative	0.502267	0.497733
2PEM-R-A	Negative	0.808738	0.191262
2RDD-B-A	Negative	0.763337	0.236663
2FES-L-H	Negative	0.986101	0.013899
2PHG-B-A	Positive	0.15638	0.84362
2EQ8-C-A	Negative	0.945056	0.0549442
2N1G-B-A	Negative	0.775474	0.224526
2G54-C-A	Positive	0.280016	0.719984
2G54-D-B	Negative	0.551652	0.448348
2VGP-D-A	Negative	0.9582	0.0418004
2VGP-C-B	Negative	0.928707	0.0712933
2XN5-B-A	Negative	0.87609	0.12391
2HFP-B-A	Positive	0.343169	0.656831
2W2P-E-A	Negative	0.996082	0.00391837
2NMV-B-A	Negative	0.942534	0.057466
2HBQ-C-A	Positive	0.153506	0.846494
2AST-D-B	Negative	0.963469	0.0365312
2PVF-B-A	Negative	0.914052	0.0859484
2Q6F-D-A	Negative	0.71196	0.28804
2CZY-B-A	Positive	0.43455	0.56545
2L1C-B-A	Negative	0.654893	0.345107
2A06-I-A	Negative	0.933237	0.0667633
2A06-J-D	Negative	0.630617	0.369383
2A06-V-N	Negative	0.933237	0.0667633
2QFC-C-A	Negative	0.932785	0.067215
2PMC-E-A	Negative	0.854344	0.145656
2OX0-C-A	Positive	0.0402833	0.959717
2FFU-P-A	Negative	0.839037	0.160963
2Y5T-E-A	Negative	0.876335	0.123665
2Y5T-F-A	Negative	0.822537	0.177463
2Y5T-G-A	Negative	0.893803	0.106197
2EMS-B-A	Negative	0.81081	0.18919
2CE8-X-A	Negative	0.977364	0.0226364
2ODB-B-A	Negative	0.933334	0.0666658
2R7G-B-A	Negative	0.990094	0.00990555
2R7G-E-A	Negative	0.983531	0.0164686
2PG1-I-A	Negative	0.726804	0.273196
2PG1-L-A	Negative	0.923996	0.076004
2PG1-J-C	Negative	0.923996	0.076004
2YU7-B-A	Negative	0.941087	0.0589127
2M0U-B-A	Positive	0.454107	0.545893
2ODY-A-B	Negative	0.990295	0.0097055
2ODY-C-B	Negative	0.980432	0.0195684
2XRW-B-A	Negative	0.842769	0.157231
2HLO-G-C	Positive	0.497644	0.502356
2ID4-C-A	Negative	0.956239	0.0437614
2XQQ-E-A	Positive	0.388132	0.611868
2K2U-B-A	Negative	0.592573	0.407427
2MC1-B-A	Negative	0.93193	0.0680699
2IJO-A-B	Negative	0.986484	0.0135164
2JDI-I-G	Negative	0.502424	0.497576
2JMJ-P-A	Negative	0.858169	0.141831
2FX8-P-L	Negative	0.850019	0.149981
2NNU-B-A	Negative	0.980821	0.0191793
2H6K-D-B	Negative	0.64698	0.35302
2AXZ-E-A	Positive	0.464332	0.535668
2AXZ-I-B	Negative	0.979964	0.0200362
2IPU-Q-L	Positive	0.298519	0.701481
2A4J-B-A	Negative	0.96665	0.0333498
2W2Q-E-A	Negative	0.995376	0.0046243
2LCS-B-A	Positive	0.14255	0.85745
2W65-E-A	Negative	0.915565	0.0844353
2W65-F-A	Negative	0.904319	0.0956809
2YNR-B-A	Positive	0.484014	0.515986
2YNR-C-A	Negative	0.717312	0.282688
2J5L-A-B	Negative	0.918733	0.0812667
2XCB-C-A	Positive	0.443559	0.556441
2AGG-A-X	Positive	0.0860115	0.913988
2WH0-Q-A	Negative	0.976223	0.0237768
2WH0-R-C	Negative	0.578418	0.421582
2N8J-B-A	Negative	0.910938	0.0890619
2VDA-B-A	Negative	0.72963	0.27037
2GWW-B-A	Negative	0.993171	0.00682937
2BVP-C-A	Negative	0.530577	0.469423
2MA9-A-B	Negative	0.9405	0.0594999
2N8R-B-A	Positive	0.124341	0.875659
2FO4-P-A	Negative	0.993867	0.00613324
2ZDV-I-H	Negative	0.981297	0.018703
2WSC-J-2	Positive	0.238899	0.761101
2WSC-I-B	Negative	0.960878	0.0391223
2BEZ-F-C	Negative	0.995577	0.00442319
2RNW-B-A	Negative	0.554617	0.445383
2BNQ-C-A	Negative	0.915537	0.0844632
2PEH-C-A	Negative	0.92877	0.07123
2PEH-D-B	Negative	0.684407	0.315593
2DKO-I-A	Negative	0.898453	0.101547
2JOA-B-A	Positive	0.17531	0.82469
2J37-S-W	Negative	0.978752	0.0212475
2QN6-C-A	Negative	0.962417	0.0375833
2M3M-B-A	Negative	0.889624	0.110376
2QPY-B-A	Positive	0.360638	0.639362
2CNZ-B-A	Negative	0.894653	0.105346
2YJA-A-B	Positive	0.448103	0.551897
2XPO-B-A	Positive	0.0379788	0.962021
2XPO-D-C	Positive	0.00528532	0.994715
2OJX-E-A	Positive	0.155831	0.844169
2R3Y-D-A	Positive	0.119017	0.880983
2OD2-B-A	Positive	0.228046	0.771954
2X4W-B-A	Negative	0.958415	0.0415854
2JET-A-B	Negative	0.998469	0.00153072
2G30-P-A	Negative	0.965138	0.0348615
2G30-S-A	Negative	0.742667	0.257333
2XBY-L-A	Negative	0.882384	0.117616
2IQ6-B-A	Negative	0.809778	0.190222
2Y36-P-H	Negative	0.905927	0.0940725
2PC4-H-D	Negative	0.503365	0.496635
2HT9-X-A	Negative	0.914468	0.0855317
2ZP9-C-A	Negative	0.938124	0.0618764
2ZP9-E-A	Negative	0.958659	0.0413406
2ZP9-H-F	Negative	0.974615	0.0253849
2ZP9-J-F	Negative	0.983941	0.0160588
2ZP9-O-K	Negative	0.983941	0.0160588
2GHQ-C-A	Positive	0.0713361	0.928664
2GHQ-D-B	Positive	0.430546	0.569454
2OY2-W-A	Positive	0.366421	0.633579
2WZR-4-1	Negative	0.814256	0.185744
2O1N-P-A	Negative	0.799644	0.200356
2ARQ-P-A	Negative	0.934335	0.0656649
2DEW-A-X	Negative	0.783818	0.216182
2PL9-D-A	Negative	0.757857	0.242143
2PL9-E-B	Negative	0.684883	0.315117
2FP7-A-B	Negative	0.977438	0.0225616
2FP7-C-B	Negative	0.703073	0.296927
2UUD-S-H	Positive	0.326823	0.673177
2UUD-T-J	Positive	0.293103	0.706897
2F8E-A-X	Negative	0.91428	0.0857201
2D3G-P-A	Negative	0.80457	0.19543
2M41-A-B	Negative	0.788203	0.211797
2OI3-B-A	Negative	0.991274	0.00872564
2D7S-B-A	Negative	0.91428	0.0857201
2E76-H-A	Negative	0.686888	0.313113
2HBH-B-A	Negative	0.926363	0.0736367
2YQ7-B-A	Positive	0.0315486	0.968451
2MX6-B-A	Positive	0.224604	0.775396
2JND-B-A	Negative	0.833567	0.166433
2LQC-B-A	Negative	0.76648	0.23352
2QLF-E-A	Negative	0.97367	0.02633
2QLF-G-A	Negative	0.513913	0.486087
2ZOK-I-A	Negative	0.988754	0.0112462
2ZOK-J-C	Negative	0.988754	0.0112462
2Q8E-F-A	Positive	0.424155	0.575845
2Q8E-G-B	Negative	0.878531	0.121469
2VOH-B-A	Negative	0.972658	0.027342
2QQS-C-A	Negative	0.541183	0.458817
2QQS-D-A	Negative	0.643783	0.356217
2OS2-C-A	Negative	0.990016	0.00998356
2BNZ-A-C	Negative	0.893104	0.106896
2BNZ-D-C	Negative	0.948023	0.0519772
2FSE-E-A	Positive	0.408674	0.591326
2PUX-A-B	Negative	0.967155	0.0328446
2PUX-C-B	Negative	0.994616	0.00538373
2EU0-B-A	Negative	0.718053	0.281947
2ROC-B-A	Negative	0.744142	0.255858
2CNX-P-A	Negative	0.840935	0.159065
2FMF-B-A	Negative	0.966322	0.0336777
2Q8Y-B-A	Positive	0.0812227	0.918777
2Z5H-A-B	Negative	0.95929	0.0407101
2Z5H-I-B	Negative	0.983218	0.0167825
2KRD-I-C	Negative	0.856066	0.143934
2FOM-A-B	Negative	0.976329	0.0236714
2V52-M-B	Negative	0.840263	0.159737
2W84-B-A	Positive	0.186568	0.813432
2MWN-A-B	Negative	0.857558	0.142442
2C5K-P-T	Negative	0.996302	0.00369844
2MY3-B-A	Negative	0.99126	0.00874008
2ORZ-B-A	Negative	0.644248	0.355752
2N3K-B-A	Negative	0.957957	0.0420431
2A9H-E-A	Negative	0.993763	0.00623739
2J6F-C-A	Negative	0.926599	0.0734014
2B7Y-B-A	Negative	0.969925	0.0300753
2QL9-E-A	Negative	0.837719	0.162281
2PMZ-P-B	Negative	0.993635	0.0063654
2BUO-T-A	Positive	0.0388573	0.961143
2X4P-C-A	Positive	0.12947	0.87053
2H2F-B-A	Negative	0.939988	0.0600119
2H43-I-B	Positive	0.157432	0.842568
2V53-B-A	Negative	0.889386	0.110614
2V53-D-A	Negative	0.889386	0.110614
2WUB-B-A	Negative	0.774812	0.225188
2WUB-D-C	Negative	0.800081	0.199919
2NDF-B-A	Negative	0.903428	0.0965725
2WAX-B-A	Negative	0.889239	0.110761
2WAX-D-A	Negative	0.977824	0.0221758
2K7W-B-A	Positive	0.178778	0.821222
2IUI-C-A	Negative	0.995851	0.00414906
2MBZ-B-A	Positive	0.369321	0.630679
2PV3-C-A	Negative	0.917219	0.082781
2XCF-C-A	Negative	0.992823	0.00717652
2A0T-B-A	Negative	0.978819	0.0211814
2LOX-B-A	Negative	0.952092	0.0479076
2PR3-B-A	Negative	0.917544	0.0824561
2XN6-B-A	Negative	0.87609	0.12391
2H65-E-A	Positive	0.159583	0.840417
2DYR-Z-N	Negative	0.955434	0.0445659
2WAY-B-A	Negative	0.952557	0.0474429
2WAY-D-A	Negative	0.818114	0.181886
2CII-C-A	Positive	0.251589	0.748411
2V3X-B-A	Negative	0.896855	0.103145
2PW2-C-A	Negative	0.953555	0.046445
2JQ9-B-A	Negative	0.843875	0.156125
2N2H-A-B	Negative	0.884877	0.115123
2QQP-B-A	Negative	0.939436	0.0605638
2QQP-D-C	Negative	0.940309	0.0596911
2QQP-H-E	Negative	0.917008	0.0829919
2KS9-B-A	Negative	0.963893	0.0361074
2BZK-A-B	Positive	0.0680217	0.931978
2MWO-B-A	Negative	0.515984	0.484016
2LCT-B-A	Negative	0.946351	0.0536489
2IFW-C-A	Negative	0.955475	0.0445254
2BST-C-A	Positive	0.137943	0.862057
2OOB-A-B	Negative	0.957946	0.0420536
2KFF-B-A	Positive	0.0202044	0.979796
2OR9-P-L	Negative	0.926539	0.0734611
2XXN-B-A	Positive	0.265094	0.734906
2V17-A-H	Positive	0.412585	0.587415
2D1X-P-A	Positive	0.282476	0.717524
2Y8O-B-A	Negative	0.997321	0.00267882
2G3Q-A-B	Negative	0.979503	0.0204972
2MJF-A-B	Negative	0.97787	0.0221298
2NPI-C-A	Positive	0.472979	0.527021
2NPI-D-B	Negative	0.910592	0.089408
2PQK-B-A	Negative	0.740322	0.259678
2KZU-B-A	Negative	0.990071	0.00992931
2XJY-B-A	Negative	0.908751	0.0912488
2CE9-X-A	Negative	0.633837	0.366163
2WH6-B-A	Negative	0.836072	0.163928
2RFI-P-A	Positive	0.244973	0.755027
2AN6-E-A	Positive	0.16279	0.83721
2A3I-B-A	Negative	0.994347	0.00565318
2Q3Z-X-A	Negative	0.92752	0.07248
2A0Q-A-B	Negative	0.974913	0.0250871
2WA9-H-A	Positive	0.320395	0.679605
2WA9-N-B	Negative	0.942554	0.0574462
2HFG-R-L	Negative	0.985525	0.0144749
2YMB-F-C	Negative	0.727957	0.272043
2IAH-I-A	Positive	0.0812642	0.918736
2ZPK-P-L	Negative	0.965545	0.0344547
2X4T-C-A	Negative	0.772723	0.227277
2HJK-C-A	Negative	0.996748	0.00325216
2J0U-T-A	Negative	0.731516	0.268484
2M14-B-A	Negative	0.667113	0.332887
2XC0-L-A	Negative	0.848485	0.151515
2QQC-A-B	Negative	0.933072	0.0669279
2QQC-C-B	Negative	0.968023	0.0319771
2QQC-G-B	Negative	0.99107	0.00893014
2QQC-I-H	Negative	0.99107	0.00893014
2QQC-K-H	Negative	0.99107	0.00893014
2XBO-4-1	Negative	0.890257	0.109743
2L3R-B-A	Positive	0.313424	0.686576
2X72-B-A	Negative	0.749802	0.250198
2FGE-D-A	Negative	0.604837	0.395163
2YNP-P-A	Negative	0.740848	0.259152
2RKZ-M-A	Negative	0.95083	0.0491698
2RKZ-N-A	Negative	0.964364	0.0356356
2RKZ-O-A	Negative	0.937935	0.0620652
2RQU-B-A	Negative	0.720475	0.279525
2RL0-G-A	Negative	0.960266	0.0397341
2RL0-C-A	Negative	0.978949	0.0210509
2RL0-E-D	Negative	0.942399	0.0576015
2RL0-J-F	Negative	0.946251	0.0537492
2ZSV-E-A	Negative	0.871926	0.128074
2A6K-P-L	Negative	0.912275	0.0877246
2H4P-B-A	Positive	0.166816	0.833184
2R9Q-X-B	Negative	0.759732	0.240268
2R9Q-Y-B	Positive	0.324626	0.675374
2Q5Y-B-A	Positive	0.0464205	0.953579
2WW9-C-A	Negative	0.808458	0.191542
2WW9-O-A	Negative	0.950742	0.0492575
2YF2-F-A	Negative	0.954705	0.0452946
2YF2-D-B	Negative	0.955642	0.0443584
2KBR-B-A	Negative	0.933545	0.0664547
2C5V-F-B	Negative	0.861869	0.138131
2V85-D-A	Positive	0.159008	0.840992
2V85-E-A	Negative	0.575015	0.424985
2V1D-C-A	Negative	0.672667	0.327333
2O9Q-C-A	Negative	0.960539	0.0394611
2JTT-C-A	Negative	0.90329	0.0967101
2W78-C-B	Negative	0.945892	0.054108
2BWE-C-S	Negative	0.778424	0.221576
2BWE-L-S	Negative	0.521193	0.478807
2BWE-M-S	Negative	0.742826	0.257174
2BWE-D-T	Positive	0.15648	0.84352
2BWE-K-T	Negative	0.585942	0.414058
2BWE-P-U	Negative	0.914804	0.0851962
2I60-M-G	Negative	0.953894	0.0461063
2OPZ-E-A	Negative	0.644913	0.355087
2FKW-D-A	Positive	0.415347	0.584653
2R1D-W-H	Positive	0.107063	0.892937
2H9E-L-H	Negative	0.904412	0.0955882
2H9E-S-H	Negative	0.821456	0.178544
2DF6-C-A	Negative	0.923497	0.0765032
2DF6-D-A	Negative	0.990571	0.00942849
2B1N-B-A	Negative	0.938373	0.0616274
2MNU-B-A	Negative	0.998119	0.00188088
2VDP-C-A	Negative	0.756865	0.243135
2YPA-D-B	Negative	0.985281	0.0147192
2QHO-B-A	Negative	0.94829	0.0517101
2QHO-F-A	Negative	0.976107	0.0238929
2QHO-D-C	Negative	0.975219	0.0247814
2QHO-H-G	Negative	0.970069	0.0299311
2FYS-D-B	Negative	0.864122	0.135878
2PGQ-A-B	Negative	0.989608	0.0103915
2JKR-P-A	Negative	0.939762	0.0602376
2PKL-B-A	Negative	0.941223	0.0587767
2Z7F-I-E	Negative	0.923355	0.0766455
2V7D-P-A	Negative	0.952415	0.0475853
2PQR-C-A	Negative	0.993926	0.00607388
2PQR-D-A	Negative	0.95475	0.04525
2V1S-H-A	Positive	0.456588	0.543412
2V1S-K-A	Positive	0.0469577	0.953042
2V1S-J-B	Positive	0.1596	0.8404
2V1S-M-F	Positive	0.0279204	0.97208
2V1S-N-F	Positive	0.243213	0.756787
2N23-B-A	Negative	0.979736	0.0202643
2MKC-C-A	Negative	0.876396	0.123604
2IXP-F-A	Negative	0.513402	0.486598
2OIN-D-A	Negative	0.959118	0.0408822
2V1R-Q-A	Negative	0.946987	0.0530128
2V1R-R-A	Negative	0.933227	0.0667734
2MY2-B-A	Negative	0.978654	0.0213463
2FMI-B-A	Negative	0.936225	0.0637751
2QLL-B-A	Negative	0.578959	0.421041
2K04-B-A	Negative	0.607453	0.392547
2HH0-P-L	Negative	0.990546	0.00945392
2K1Q-B-A	Negative	0.964588	0.0354123
2BBN-B-A	Positive	0.171227	0.828773
2OSL-P-L	Negative	0.721762	0.278238
2OSL-Q-B	Negative	0.886557	0.113443
2C2Z-C-A	Positive	0.164429	0.835571
2W2H-C-A	Negative	0.933465	0.0665355
2KC8-B-A	Negative	0.991321	0.00867946
2KUP-B-A	Positive	0.0247163	0.975284
2YNS-C-A	Negative	0.924234	0.0757659
2YGV-E-A	Negative	0.608947	0.391053
2YGV-H-A	Negative	0.705022	0.294978
2YGV-F-B	Positive	0.410095	0.589905
2YGV-G-B	Negative	0.942624	0.0573758
2J7X-B-A	Negative	0.958191	0.0418093
2RPN-B-A	Negative	0.97625	0.0237502
2YB8-A-B	Negative	0.968698	0.0313017
2ABZ-D-A	Negative	0.725773	0.274227
2CO2-B-A	Negative	0.957604	0.0423955
2W97-E-A	Positive	0.338436	0.661564
2W97-F-B	Positive	0.320834	0.679166
2M04-B-A	Negative	0.762064	0.237936
2D7C-C-A	Negative	0.931854	0.0681464
2HQH-E-A	Negative	0.932449	0.0675505
2JK9-B-A	Negative	0.977769	0.0222305
2UXN-E-A	Positive	0.317064	0.682936
2RMX-B-A	Negative	0.923981	0.0760193
2Y8T-B-A	Negative	0.903717	0.0962834
2Y8T-E-D	Negative	0.903717	0.0962834
2DOH-C-X	Negative	0.847558	0.152442
2EJY-B-A	Negative	0.857185	0.142815
2MV7-B-A	Negative	0.968109	0.0318911
2OM2-B-A	Negative	0.878004	0.121996
2RR9-C-A	Negative	0.958782	0.0412177
2V87-D-A	Negative	0.761011	0.238989
2V87-E-A	Positive	0.0724916	0.927508
2Z34-C-A	Negative	0.657406	0.342594
2Z34-D-A	Negative	0.835105	0.164895
2OVM-B-A	Negative	0.590971	0.409029
2WHX-C-A	Negative	0.717469	0.282531
2RSY-B-A	Negative	0.958553	0.0414467
2YKA-B-A	Negative	0.832994	0.167006
2OVQ-C-B	Negative	0.948417	0.0515825
2G5L-X-A	Negative	0.874263	0.125737
2I3T-B-A	Negative	0.996331	0.00366923
2I3T-D-C	Negative	0.992663	0.00733703
2NPM-X-A	Negative	0.795848	0.204152
2P8X-S-T	Negative	0.958912	0.0410877
2B9J-C-A	Negative	0.997407	0.00259257
2LSI-B-A	Negative	0.987154	0.0128464
2PUY-E-B	Negative	0.809	0.191
2C1N-C-A	Positive	0.27884	0.72116
2WP1-P-A	Positive	0.367164	0.632836
2WP1-Q-B	Negative	0.912027	0.0879729
2HGT-J-H	Negative	0.851908	0.148092
2JBY-B-A	Negative	0.993327	0.00667328
2N13-A-B	Negative	0.965539	0.0344609
2YKT-B-A	Negative	0.907221	0.0927786
2ZO3-I-H	Negative	0.980557	0.0194426
2WMB-I-B	Negative	0.860272	0.139728
2MUR-A-B	Negative	0.843162	0.156838
2KXH-B-A	Positive	0.247164	0.752836
2FNX-P-A	Negative	0.684006	0.315994
2Q5D-C-A	Negative	0.764152	0.235848
2Q5D-D-B	Positive	0.335905	0.664095
2L1W-B-A	Negative	0.888086	0.111914
2BTP-P-A	Positive	0.118176	0.881824
2Y1R-L-J	Positive	0.163316	0.836684
2Q7J-B-A	Negative	0.88858	0.11142
2IUH-B-A	Negative	0.970676	0.0293242
2C3I-A-B	Positive	0.485651	0.514349
2ODD-B-A	Negative	0.932605	0.0673949
2FMK-B-A	Negative	0.684883	0.315117
2MRO-B-A	Negative	0.943792	0.0562076
2RQW-B-A	Negative	0.529051	0.470949
2WAQ-Q-A	Negative	0.755524	0.244476
2IV8-P-A	Negative	0.980811	0.0191889
2IV8-Q-A	Positive	0.349401	0.650599
2M5B-B-A	Negative	0.515568	0.484432
2H4F-D-A	Negative	0.968776	0.0312239
2BRQ-C-A	Negative	0.919699	0.0803008
2F31-B-A	Negative	0.927596	0.0724041
2NB1-B-A	Negative	0.984272	0.0157277
2B9H-C-A	Negative	0.818538	0.181462
2BGN-W-A	Negative	0.729636	0.270364
2IHS-C-A	Negative	0.93552	0.0644798
2IHS-D-B	Negative	0.978164	0.0218359
2V2F-A-F	Negative	0.987847	0.0121527
2QNA-B-A	Negative	0.81709	0.18291
2OXZ-Y-A	Positive	0.126938	0.873062
2VPB-B-A	Positive	0.408549	0.591451
2MBB-A-B	Negative	0.985778	0.0142222
2V1T-C-A	Positive	0.0492272	0.950773
2H9P-B-A	Negative	0.552263	0.447737
2KXW-B-A	Negative	0.776603	0.223397
2L35-B-A	Negative	0.90274	0.0972596
2G83-C-A	Positive	0.00855958	0.99144
2ER9-I-E	Negative	0.606839	0.393161
2LSP-A-B	Negative	0.950318	0.0496816
2E30-B-A	Negative	0.528661	0.471339
2D0N-B-A	Negative	0.964939	0.0350613
2KYL-B-A	Negative	0.983905	0.0160947
2ARR-P-A	Negative	0.957478	0.0425222
2W6T-C-B	Positive	0.0472346	0.952765
2ZPP-A-B	Negative	0.987266	0.0127339
2KT5-B-A	Negative	0.872843	0.127157
2RHI-B-A	Negative	0.512849	0.487151
2OTW-E-A	Negative	0.630239	0.369761
2CNN-C-A	Positive	0.290613	0.709387
2Q3C-B-A	Negative	0.810334	0.189666
2WZQ-C-A	Negative	0.766787	0.233213
2WFY-E-B	Negative	0.742	0.258
2WX0-C-A	Negative	0.990453	0.00954741
2WX0-G-B	Negative	0.987292	0.0127075
2CNY-B-A	Negative	0.880598	0.119402
2GNS-P-A	Negative	0.889451	0.110549
2B7F-I-A	Negative	0.80681	0.19319
2B7F-J-C	Negative	0.969196	0.0308043
2L1L-A-B	Negative	0.849609	0.150391
2OT8-C-A	Negative	0.947117	0.0528833
2OT8-D-B	Negative	0.90124	0.0987598
2KFT-B-A	Negative	0.941703	0.0582973
2M0O-B-A	Negative	0.924404	0.0755955
2C23-P-A	Positive	0.194509	0.805491
2ROD-B-A	Negative	0.639631	0.360369
2B2T-D-A	Negative	0.922878	0.0771221
2W49-C-4	Negative	0.86029	0.13971
2ZJQ-4-J	Negative	0.968317	0.0316826
2QT5-X-A	Negative	0.742202	0.257798
2PVC-D-B	Positive	0.192433	0.807567
2AFF-B-A	Negative	0.995941	0.00405926
2R02-B-A	Negative	0.992578	0.00742168
2HJL-C-A	Negative	0.99836	0.00163984
2G47-C-A	Negative	0.977565	0.0224347
2AIJ-P-X	Negative	0.803906	0.196094
2R0Z-Q-L	Negative	0.840099	0.159901
2W2U-C-A	Negative	0.770786	0.229214
2PCU-B-A	Negative	0.862853	0.137147
2CHA-A-B	Negative	0.941265	0.0587348
2GPH-B-A	Negative	0.557721	0.442279
2SEM-C-A	Negative	0.904538	0.0954624
2SEM-D-B	Negative	0.97363	0.0263705
2FFD-J-B	Positive	0.396829	0.603171
2KFH-B-A	Positive	0.0290201	0.97098
2DQK-P-A	Negative	0.876471	0.123529
2V6X-B-A	Negative	0.994208	0.00579193
2XOK-I-G	Negative	0.707792	0.292208
2DS2-A-B	Negative	0.568913	0.431087
2DS2-C-B	Positive	0.111343	0.888657
2FLU-P-X	Negative	0.983346	0.0166536
2GUO-C-A	Negative	0.933124	0.0668756
2LNW-B-A	Negative	0.877178	0.122822
2IV9-P-A	Positive	0.411358	0.588642
2FYY-C-A	Positive	0.308214	0.691786
2L9B-B-A	Negative	0.977259	0.0227407
2AXF-C-A	Negative	0.758671	0.241329
2Z4E-I-B	Negative	0.571321	0.428679
2Z4E-J-E	Negative	0.571321	0.428679
2YJD-C-A	Negative	0.666256	0.333744
2RNY-B-A	Negative	0.590417	0.409583
2ISQ-B-A	Negative	0.880706	0.119294
2CLR-C-A	Negative	0.979998	0.0200019
2L8J-B-A	Negative	0.867992	0.132008
2HPL-B-A	Positive	0.392174	0.607826
2P8Q-B-A	Negative	0.808049	0.191951
2RR3-B-A	Negative	0.869133	0.130867
2X4R-C-A	Negative	0.81817	0.18183
2X4R-F-D	Negative	0.81817	0.18183
2VGO-C-B	Negative	0.932025	0.0679748
2W0Z-B-A	Negative	0.788238	0.211762
2K3W-B-A	Positive	0.37852	0.62148
2J28-4-G	Negative	0.801931	0.198069
2JZ3-A-C	Negative	0.922518	0.0774823
2K8F-B-A	Negative	0.957547	0.0424525
2CLV-C-A	Negative	0.518445	0.481555
2CIO-B-A	Negative	0.731496	0.268504
2DT7-A-B	Negative	0.96205	0.0379495
2YBP-C-A	Negative	0.97306	0.0269402
2WV4-C-A	Negative	0.873716	0.126284
2KOH-B-A	Negative	0.907018	0.0929819
2GRL-E-A	Negative	0.958892	0.0411081
2KJE-B-A	Negative	0.817504	0.182496
2YDR-P-A	Positive	0.183087	0.816913
2HLD-R-P	Negative	0.759646	0.240354
2HLD-1-Y	Negative	0.514589	0.485411
2VU8-I-E	Negative	0.978501	0.0214986
2Z8P-B-A	Positive	0.28651	0.71349
2CO1-B-A	Negative	0.52043	0.47957
2BFX-C-B	Negative	0.938147	0.0618534
2LXS-B-A	Negative	0.855787	0.144213
2HL3-C-A	Negative	0.666509	0.333491
2YQ6-B-A	Positive	0.0510369	0.948963
2G49-C-A	Negative	0.993197	0.00680309
2G49-D-B	Negative	0.971705	0.028295
2X04-C-A	Negative	0.949699	0.0503008
2Z23-B-A	Negative	0.979967	0.0200325
2H9M-B-A	Negative	0.549002	0.450998
2H9M-D-A	Negative	0.891858	0.108142
2JF9-P-A	Negative	0.994132	0.00586784
2JF9-Q-B	Negative	0.994132	0.00586784
2MQS-B-A	Negative	0.558564	0.441436
2MQS-D-A	Negative	0.512683	0.487317
2QKH-B-A	Negative	0.960446	0.0395545
2A7U-A-B	Negative	0.998097	0.00190259
2FOT-C-A	Negative	0.993793	0.00620746
2AXT-F-A	Negative	0.654462	0.345538
2AXT-I-A	Negative	0.647497	0.352503
2AXT-J-A	Positive	0.244349	0.755651
2AXT-L-A	Negative	0.982803	0.0171973
2AXT-M-A	Negative	0.869287	0.130713
2AXT-T-A	Positive	0.108147	0.891853
2AXT-t-B	Positive	0.108147	0.891853
2BQZ-B-A	Positive	0.395515	0.604485
2RF9-C-A	Negative	0.776196	0.223804
2RF9-D-A	Negative	0.55392	0.44608
2W0P-C-A	Positive	0.233366	0.766634
2KNE-B-A	Negative	0.787006	0.212994
2MES-B-A	Positive	0.309731	0.690269
2XNY-M-B	Negative	0.833073	0.166927
2XNY-N-B	Negative	0.688863	0.311137
2A6I-P-A	Negative	0.876911	0.123089
2NCZ-B-A	Negative	0.79097	0.20903
2ACH-B-A	Negative	0.847344	0.152656
2BP5-P-M	Positive	0.0826776	0.917322
2QME-I-A	Positive	0.419159	0.580841
2MH0-A-B	Negative	0.989223	0.0107771
2XTT-A-B	Negative	0.975982	0.0240183
2O9V-B-A	Positive	0.0525342	0.947466
2N55-B-A	Negative	0.932353	0.0676471
2XN3-B-A	Negative	0.847229	0.152771
2FYM-B-A	Negative	0.847944	0.152056
2H5J-E-A	Negative	0.777449	0.222551
2VP7-B-A	Negative	0.719654	0.280346
2BBU-B-A	Negative	0.965904	0.0340958
2X4O-C-A	Negative	0.992521	0.00747922
2F3Z-B-A	Positive	0.0822843	0.917716
2QYF-E-A	Negative	0.725772	0.274228
2VM6-B-A	Negative	0.870552	0.129448
2FWO-P-A	Positive	0.459816	0.540184
2XNS-C-A	Negative	0.708577	0.291423
2Y0T-B-A	Negative	0.917058	0.0829417
2A40-C-A	Negative	0.981064	0.0189361
2DRK-B-A	Negative	0.912087	0.0879129
2KWU-A-B	Negative	0.752231	0.247769
2BNW-A-B	Negative	0.910407	0.0895933
2WK3-C-A	Negative	0.994476	0.00552411
2GJ6-C-A	Positive	0.128969	0.871031
2OV2-I-A	Negative	0.992145	0.00785516
2OV2-J-A	Negative	0.976041	0.0239592
2OV2-N-F	Negative	0.976041	0.0239592
2OV2-O-G	Negative	0.992145	0.00785516
2OV2-P-E	Negative	0.907179	0.0928212
2VXC-C-A	Negative	0.881678	0.118322
2H7E-B-A	Positive	0.145464	0.854536
2FUU-B-A	Positive	0.202365	0.797635
2G2L-C-A	Negative	0.832082	0.167918
2Y06-P-H	Negative	0.987436	0.0125641
2I3S-B-A	Negative	0.93746	0.0625397
2MP2-C-A	Negative	0.942414	0.0575865
2VDQ-C-A	Negative	0.77749	0.22251
2GTW-C-A	Negative	0.926986	0.0730137
2XL3-C-A	Negative	0.770662	0.229338
2XL3-E-B	Negative	0.757839	0.242161
2XL3-F-B	Negative	0.791399	0.208601
2EMT-C-A	Positive	0.299764	0.700236
2EMT-E-A	Negative	0.989474	0.0105259
2EMT-D-B	Positive	0.0656303	0.93437
2X6M-B-A	Positive	0.420507	0.579493
2QLB-E-A	Positive	0.367079	0.632921
2F3C-I-E	Negative	0.942582	0.0574181
2XQN-A-T	Negative	0.539855	0.460145
2H1U-P-A	Negative	0.726493	0.273508
2BBA-P-A	Negative	0.611185	0.388815
2JKT-P-A	Negative	0.910224	0.0897762
2PW1-C-A	Negative	0.931408	0.0685919
2HCJ-A-B	Negative	0.905334	0.0946655
2C5W-A-B	Negative	0.997834	0.00216587
2VUU-I-A	Negative	0.997419	0.00258091
2VUU-O-G	Negative	0.99801	0.00198975
2V64-I-C	Positive	0.34231	0.65769
2LY4-B-A	Negative	0.943143	0.0568568
2WS9-4-1	Negative	0.943199	0.0568008
2G1T-E-A	Positive	0.298578	0.701422
2G1T-H-A	Negative	0.738878	0.261122
2G1T-F-B	Negative	0.943022	0.0569783
2G1T-G-C	Positive	0.440344	0.559656
2KXQ-B-A	Negative	0.719144	0.280856
2VR3-C-A	Negative	0.592178	0.407822
2VR3-D-A	Negative	0.720987	0.279013
2F58-P-L	Positive	0.123394	0.876606
2XZQ-P-H	Negative	0.521713	0.478287
2MIP-E-A	Positive	0.31287	0.68713
2KWK-B-A	Negative	0.942021	0.0579789
2HQW-B-A	Negative	0.947414	0.0525857
2PXJ-I-A	Negative	0.878223	0.121777
2PXJ-J-B	Negative	0.921513	0.0784869
2HDX-G-A	Negative	0.993172	0.00682822
2HDX-H-B	Negative	0.801	0.199
2IPK-C-A	Negative	0.862598	0.137402
2DYO-B-A	Negative	0.818218	0.181782
2LXM-B-A	Negative	0.540872	0.459128
2A45-J-B	Negative	0.986105	0.0138946
2A45-L-B	Negative	0.960173	0.0398271
2A45-I-E	Negative	0.815198	0.184802
2AOF-C-A	Negative	0.981748	0.0182523
2LE8-B-A	Negative	0.967483	0.0325168
2FZ3-C-A	Negative	0.739185	0.260815
2VOF-B-A	Negative	0.883608	0.116392
2VOF-D-A	Negative	0.790825	0.209175
2PAV-V-A	Negative	0.848652	0.151348
2KGB-I-C	Positive	0.0998326	0.900167
2HMH-B-A	Negative	0.966096	0.0339042
2PNX-D-A	Positive	0.276648	0.723352
2W3I-B-A	Negative	0.871223	0.128777
2K3U-B-A	Negative	0.996167	0.00383349
2A3Z-C-A	Negative	0.903103	0.0968966
2DEY-A-X	Negative	0.769408	0.230592
2PV9-C-B	Negative	0.991354	0.00864614
2MG5-B-A	Negative	0.732038	0.267962
2XS1-B-A	Negative	0.997254	0.00274642
2O01-J-A	Positive	0.238899	0.761101
2V5F-X-A	Negative	0.704994	0.295006
2Z4J-B-A	Negative	0.992641	0.00735869
2G46-C-A	Positive	0.372376	0.627624
2B05-K-E	Negative	0.922197	0.0778032
2Q6J-C-A	Negative	0.898558	0.101442
2K00-B-A	Negative	0.97866	0.0213405
2NLA-B-A	Negative	0.983816	0.0161836
2IVZ-E-A	Negative	0.909002	0.0909982
2IVZ-F-B	Negative	0.892255	0.107745
2RFD-C-A	Negative	0.96565	0.0343498
2RFD-D-B	Negative	0.980045	0.0199547
2FOO-B-A	Positive	0.279664	0.720336
2JF1-T-A	Positive	0.301592	0.698408
2AUH-B-A	Negative	0.975597	0.024403
2P1N-C-B	Negative	0.90044	0.0995598
2WMA-E-B	Negative	0.932141	0.0678593
2PV2-E-A	Negative	0.862461	0.137539
2EGN-B-A	Negative	0.971217	0.0287831
2VE6-C-A	Positive	0.0487507	0.951249
2NMB-B-A	Negative	0.574058	0.425942
2FFF-A-B	Positive	0.194877	0.805123
2L0Y-B-A	Negative	0.931372	0.0686279
2XUM-S-A	Positive	0.4472	0.5528
2I04-C-A	Negative	0.791263	0.208737
2I04-D-A	Negative	0.578516	0.421484
2CNM-D-A	Positive	0.30417	0.69583
2JQL-B-A	Negative	0.871562	0.128438
2C7N-E-C	Negative	0.954125	0.0458754
2W85-B-A	Negative	0.946342	0.0536577
2W73-K-A	Positive	0.171933	0.828067
2AGH-C-B	Negative	0.915819	0.0841809
2FF6-H-G	Negative	0.997024	0.00297551
2NUD-C-A	Positive	0.376551	0.623449
2X4S-C-A	Negative	0.722975	0.277025
2AUC-D-A	Positive	0.15379	0.84621
2YCH-B-A	Negative	0.986465	0.0135345
2GZD-C-A	Negative	0.980937	0.0190629
2ND1-B-A	Negative	0.825998	0.174002
2GIT-C-A	Positive	0.128969	0.871031
2GIT-F-D	Positive	0.128969	0.871031
2Q6W-C-A	Negative	0.71855	0.28145
2Q6W-F-D	Positive	0.446474	0.553526
2WA8-B-A	Negative	0.804141	0.195859
2WA8-D-C	Positive	0.255507	0.744493
2Y0N-E-A	Negative	0.990153	0.00984666
2Y0N-F-A	Negative	0.984402	0.0155975
2Y0N-G-A	Negative	0.975097	0.0249032
2VKN-C-A	Negative	0.902359	0.0976414
2B5T-A-B	Negative	0.993549	0.00645129
2J9A-D-A	Positive	0.476422	0.523578
2RT5-B-A	Negative	0.641566	0.358434
2FOP-B-A	Positive	0.0584088	0.941591
2STB-I-E	Negative	0.958588	0.0414124
2H6H-P-A	Negative	0.936919	0.0630813
2FKA-B-A	Negative	0.890949	0.109051
2RUI-B-A	Positive	0.151257	0.848743
2OS6-B-A	Positive	0.475772	0.524228
2YNO-P-A	Positive	0.358396	0.641604
2MWY-B-A	Negative	0.991435	0.00856472
2KWF-B-A	Negative	0.950748	0.0492517
2PRG-C-A	Negative	0.969201	0.0307994
2ZVK-U-A	Negative	0.951929	0.048071
2ZVK-V-B	Negative	0.997159	0.00284087
2ZVK-W-C	Negative	0.996524	0.00347608
2RFE-F-B	Negative	0.689252	0.310748
2MRK-B-A	Negative	0.972031	0.0279692
2WO6-C-B	Negative	0.719653	0.280346
2LGF-B-A	Positive	0.211625	0.788375
2PXY-P-A	Positive	0.294961	0.705039
2H4J-D-A	Negative	0.997027	0.00297287
2B0S-P-L	Positive	0.422657	0.577343
2V7Q-J-A	Negative	0.704183	0.295817
2K03-B-A	Negative	0.893785	0.106215
2LGG-B-A	Positive	0.100749	0.899251
2WWZ-C-A	Negative	0.995498	0.0045018
2N77-B-A	Positive	0.466685	0.533315
2H1C-B-A	Negative	0.866117	0.133883
2D26-B-A	Negative	0.681887	0.318113
2OCV-A-B	Negative	0.976165	0.0238349
2J4U-S-Q	Negative	0.983716	0.0162842
2K2R-B-A	Negative	0.987074	0.0129256
2Q0N-B-A	Positive	0.246425	0.753575
2OD8-B-A	Negative	0.986524	0.0134757
2BVQ-C-A	Negative	0.99425	0.00574999
2L5E-B-A	Negative	0.91049	0.0895095
2ZU0-D-B	Negative	0.935127	0.0648727
2L2I-B-A	Negative	0.921411	0.0785889
2ZNL-B-A	Negative	0.994297	0.00570286
2GPV-G-A	Negative	0.656088	0.343912
2CV3-B-A	Negative	0.957255	0.0427452
2XAZ-D-A	Negative	0.980084	0.0199164
2Z5S-R-N	Negative	0.998012	0.00198796
2XC8-C-B	Negative	0.886952	0.113048
2ROZ-A-B	Negative	0.98541	0.0145896
2PQ4-B-A	Negative	0.795498	0.204502
2AIN-B-A	Positive	0.400301	0.599699
2LI5-B-A	Negative	0.982706	0.0172936
2Y4V-B-A	Negative	0.997362	0.00263766
2O60-B-A	Negative	0.714626	0.285374
2Z3N-C-A	Positive	0.125985	0.874015
2LOB-B-A	Negative	0.734405	0.265595
2WHB-E-B	Negative	0.799727	0.200273
2GHT-C-A	Positive	0.269807	0.730193
2GHT-D-B	Positive	0.0932534	0.906747
2X70-C-A	Negative	0.805455	0.194545
2J6O-C-A	Negative	0.839785	0.160215
2MFQ-B-A	Negative	0.983139	0.0168609
2R28-C-A	Positive	0.166506	0.833494
2R28-D-A	Negative	0.645603	0.354397
2KBW-B-A	Negative	0.934606	0.0653944
2V3S-D-A	Negative	0.955026	0.0449741
2V3S-C-B	Negative	0.836692	0.163308
2BEV-C-A	Negative	0.526838	0.473162
2ZGH-B-A	Negative	0.973045	0.0269549
2WOK-B-A	Negative	0.7862	0.2138
2I6O-B-A	Positive	0.290442	0.709558
2WWB-C-A	Negative	0.933814	0.0661864
2CMY-B-A	Negative	0.935656	0.0643436
2ZT9-G-A	Positive	0.475955	0.524045
2ZT9-H-A	Negative	0.920996	0.0790037
2ZT9-F-B	Negative	0.942957	0.057043
2ZT9-E-C	Negative	0.753808	0.246192
2DYM-B-A	Negative	0.996481	0.00351879
2VZI-A-B	Negative	0.567962	0.432038
2C5I-P-T	Negative	0.996344	0.00365601
2ZL4-O-A	Positive	0.1551	0.8449
2CVY-B-A	Positive	0.150162	0.849838
2GDC-B-A	Negative	0.888206	0.111794
2Y8S-E-D	Negative	0.909864	0.0901363
2P6A-E-B	Positive	0.127581	0.872419
2OKR-C-A	Negative	0.641578	0.358422
2MNJ-A-B	Negative	0.972247	0.0277531
2C2L-E-A	Negative	0.988031	0.011969
2GPP-C-A	Negative	0.923726	0.0762737
2GPP-D-B	Negative	0.81391	0.18609
2D11-E-A	Negative	0.911112	0.088888
2D11-G-C	Negative	0.878986	0.121014
2FOJ-B-A	Positive	0.211637	0.788363
2AO6-B-A	Negative	0.887615	0.112385
2PLD-B-A	Negative	0.946737	0.0532634
2H5D-B-A	Positive	0.177717	0.822283
2MAK-B-A	Negative	0.845272	0.154728
2MSR-A-B	Negative	0.668612	0.331388
2FMH-B-A	Negative	0.972765	0.0272346
2ZQP-E-Y	Negative	0.757087	0.242913
2PW8-L-H	Negative	0.976093	0.0239067
2KQS-B-A	Negative	0.923746	0.0762538
2A41-C-A	Negative	0.873983	0.126017
2D10-E-A	Negative	0.998068	0.00193163
2M8S-B-A	Negative	0.576942	0.423058
2W6I-H-G	Negative	0.974431	0.025569
2W6I-I-G	Negative	0.882853	0.117147
2Z32-B-A	Negative	0.881186	0.118814
2BR8-F-A	Negative	0.979087	0.0209125
2BR8-J-A	Negative	0.979087	0.0209125
2Y1L-H-A	Positive	0.181508	0.818492
2ESV-P-A	Negative	0.831918	0.168082
2R1R-D-A	Negative	0.996119	0.00388106
2R1R-P-A	Positive	0.0566807	0.943319
2LUE-B-A	Negative	0.964811	0.0351891
2XJZ-I-A	Negative	0.984504	0.0154959
2XJZ-J-A	Negative	0.994958	0.00504153
2XJZ-K-B	Negative	0.747461	0.252539
2XJZ-M-E	Negative	0.945074	0.0549257
2V8C-C-A	Negative	0.596116	0.403884
2JMX-B-A	Negative	0.978832	0.0211675
2LSK-B-A	Negative	0.998666	0.00133352
2DRM-E-A	Positive	0.429565	0.570435
2DRM-G-C	Negative	0.767077	0.232923
2P0W-P-A	Negative	0.958409	0.0415913
2P0W-Q-B	Negative	0.670196	0.329804
2N9E-A-B	Negative	0.573094	0.426906
2R9B-C-A	Negative	0.837634	0.162366
2KDU-B-A	Negative	0.935946	0.0640537
2L4T-B-A	Negative	0.978881	0.0211193
2DWX-P-A	Positive	0.367482	0.632518
2DWX-Q-C	Positive	0.245859	0.754141
2RNX-B-A	Negative	0.991525	0.0084754
2EEO-A-B	Negative	0.792357	0.207643
2K9U-B-A	Negative	0.902989	0.0970106
2IBF-B-A	Negative	0.856812	0.143188
2IBF-D-A	Negative	0.996258	0.00374217
2XB2-G-A	Positive	0.338797	0.661203
2XB2-F-X	Negative	0.938271	0.0617292
2XB2-U-X	Positive	0.104238	0.895762
2IGF-P-L	Negative	0.961763	0.038237
2LVM-B-A	Negative	0.63412	0.36588
2PON-A-B	Negative	0.95435	0.0456496
2X4X-B-A	Negative	0.942842	0.057158
2X4X-D-C	Negative	0.968995	0.0310051
2X4X-F-E	Negative	0.985642	0.0143583
2B0F-B-A	Negative	0.928595	0.071405
2J9J-C-A	Negative	0.977628	0.0223724
2MS4-B-A	Negative	0.821216	0.178784
2FNS-P-A	Negative	0.51713	0.48287
2H5K-C-A	Positive	0.366392	0.633608
2ROL-B-A	Negative	0.990626	0.00937375
2JM6-A-B	Negative	0.913498	0.0865023
2I5Y-M-G	Negative	0.932673	0.0673271
2CIA-L-A	Positive	0.275986	0.724014
2KQF-B-A	Negative	0.929251	0.0707494
2AIK-P-X	Positive	0.276637	0.723363
2P6B-E-A	Negative	0.973742	0.0262579
2KXC-B-A	Negative	0.773623	0.226377
2Y0I-S-A	Negative	0.567275	0.432725
2GKW-B-A	Positive	0.495404	0.504596
2HD4-B-A	Negative	0.823757	0.176243
2G35-B-A	Negative	0.981596	0.0184044
2H4M-C-A	Negative	0.82324	0.17676
2H4M-D-B	Positive	0.196555	0.803445
2NXM-P-A	Positive	0.0959974	0.904003
2N9P-A-C	Negative	0.989297	0.0107027
2QKI-G-A	Positive	0.107119	0.892881
2QKI-H-D	Positive	0.107119	0.892881
2QAS-B-A	Negative	0.966049	0.0339515
2ZCK-S-P	Negative	0.921309	0.0786907
2RSN-B-A	Negative	0.676506	0.323494
2VWF-B-A	Negative	0.883319	0.116681
2YDQ-T-A	Positive	0.3285	0.6715
2JLD-E-A	Positive	0.0974801	0.90252
2HU2-B-A	Negative	0.620188	0.379812
2O5G-B-A	Negative	0.522458	0.477542
2DEX-A-X	Negative	0.503454	0.496546
2RPQ-B-A	Negative	0.89072	0.10928
2HDN-A-B	Negative	0.905334	0.0946655
2HKF-P-L	Negative	0.524706	0.475294
2VWL-L-A	Negative	0.865922	0.134078
2C74-P-A	Positive	0.0752566	0.924743
2L1B-B-A	Positive	0.229492	0.770508
2KA9-B-A	Negative	0.884984	0.115016
2P8L-C-A	Negative	0.868335	0.131665
2JNW-B-A	Negative	0.606135	0.393865
2X7A-C-D	Negative	0.931644	0.0683565
2X7A-K-I	Negative	0.925224	0.0747755
2QXV-B-A	Negative	0.983525	0.0164748
2IFR-B-A	Positive	0.0127252	0.987275
2BVO-C-A	Negative	0.991236	0.00876369
2XPG-C-A	Negative	0.703312	0.296688
2WB1-Q-A	Negative	0.995837	0.00416297
2WB1-J-W	Negative	0.936428	0.063572
2ZPY-B-A	Negative	0.821458	0.178542
2V2X-C-A	Negative	0.886164	0.113836
2PV1-B-A	Positive	0.292825	0.707175
2M55-B-A	Positive	0.440975	0.559025
2ZKS-C-A	Negative	0.981819	0.0181811
2VWO-L-A	Negative	0.919325	0.0806747
2G2I-C-A	Negative	0.738878	0.261122
2G2I-D-B	Negative	0.510142	0.489858
2PLX-B-A	Negative	0.937979	0.0620212
2K05-B-A	Negative	0.865455	0.134545
2P8P-C-A	Positive	0.479189	0.520811
2KRI-B-A	Negative	0.979969	0.0200311
2YLE-B-A	Negative	0.751506	0.248494
2KHS-B-A	Negative	0.983301	0.0166987
2OQ1-B-A	Negative	0.910511	0.0894886
2YPT-F-A	Negative	0.717054	0.282946
2YPT-G-B	Negative	0.950192	0.0498083
2YEZ-C-A	Negative	0.992366	0.00763356
2BSS-C-A	Negative	0.982106	0.0178944
2LNK-C-A	Negative	0.933757	0.0662433
2G56-C-A	Positive	0.157964	0.842036
2G56-D-B	Positive	0.486684	0.513316
2KJ4-B-A	Negative	0.979656	0.0203436
2WUH-B-A	Positive	0.377047	0.622953
2WUH-C-A	Positive	0.377047	0.622953
2WUH-D-A	Negative	0.735767	0.264233
2K42-B-A	Negative	0.715955	0.284045
2WV5-E-A	Negative	0.843933	0.156067
2KSP-B-A	Negative	0.908839	0.0911611
2XU7-D-A	Negative	0.985352	0.014648
2XU7-C-B	Negative	0.978405	0.0215946
2ND0-B-A	Negative	0.941181	0.0588194
2BE6-D-A	Negative	0.857478	0.142522
2BE6-F-C	Positive	0.203546	0.796454
2AZM-C-A	Negative	0.908803	0.0911974
2ZVM-U-A	Negative	0.949395	0.0506053
2QIY-C-A	Negative	0.728236	0.271764
2PQ2-B-A	Negative	0.828657	0.171343
2ATP-E-A	Positive	0.0655817	0.934418
2ATP-F-C	Positive	0.232503	0.767497
2H1P-P-L	Positive	0.450643	0.549357
2V5W-I-A	Positive	0.189435	0.810565
2Q8D-G-B	Positive	0.478608	0.521392
2CNO-C-A	Negative	0.870881	0.129119
2EIN-L-A	Negative	0.720931	0.279069
2BYP-F-A	Negative	0.671428	0.328572
2MHO-B-A	Negative	0.571121	0.428879
2N9X-B-A	Negative	0.818975	0.181025
2QBW-B-A	Negative	0.937273	0.0627271
2HWL-A-B	Negative	0.980139	0.0198613
2HWL-C-D	Negative	0.98185	0.0181501
2HWL-P-D	Negative	0.849729	0.150271
2GSI-W-A	Negative	0.992325	0.00767504
2GSI-X-C	Negative	0.990555	0.00944509
2GSI-Z-G	Negative	0.992339	0.00766136
2GL7-B-A	Negative	0.832137	0.167863
2GL7-C-A	Negative	0.99453	0.00546997
2GL7-E-D	Negative	0.824457	0.175543
2GL7-F-D	Negative	0.943011	0.0569887
2RKY-B-A	Negative	0.990558	0.00944161
2RKY-D-A	Negative	0.973823	0.0261773
2O98-Q-A	Negative	0.723825	0.276175
2AZE-C-A	Negative	0.912309	0.087691
2KTB-A-B	Negative	0.891799	0.108201
2VIF-P-A	Negative	0.521794	0.478206
2NS8-H-A	Positive	0.00826985	0.99173
2NS8-E-A	Positive	0.0484411	0.951559
2NS8-Z-A	Positive	0.458188	0.541812
2RUK-A-B	Negative	0.667737	0.332263
2AP2-P-A	Positive	0.255965	0.744035
2AP2-Q-C	Positive	0.0777273	0.922273
2VAY-B-A	Positive	0.140789	0.859211
2OT0-E-A	Positive	0.309833	0.690167
2BGR-Y-A	Positive	0.139011	0.860989
2RFX-C-A	Negative	0.953188	0.0468118
2Y69-Z-N	Negative	0.94404	0.05596
2UWJ-F-E	Negative	0.994562	0.00543818
2B3G-B-A	Negative	0.983006	0.0169937
2YY0-A-B	Negative	0.867504	0.132496
2YY0-C-B	Negative	0.887501	0.112499
2FX9-P-L	Negative	0.813299	0.186701
2VOI-B-A	Negative	0.978472	0.021528
2X7R-A-C	Negative	0.965799	0.0342014
2X7R-B-C	Negative	0.993524	0.0064755
2X7R-D-E	Negative	0.997847	0.00215278
2KA6-B-A	Negative	0.991385	0.0086151
2J0S-T-A	Negative	0.953574	0.0464255
2CCI-F-A	Negative	0.872834	0.127166
2CCI-I-C	Negative	0.943779	0.0562205
2LLQ-B-A	Negative	0.833895	0.166105
2B9I-C-A	Negative	0.979121	0.0208789
2GGV-A-B	Negative	0.931655	0.0683447
2HV8-F-A	Negative	0.940702	0.0592982
2K2I-B-A	Negative	0.841375	0.158625
2BE1-D-B	Negative	0.526108	0.473892
2KVM-B-A	Negative	0.604476	0.395524
2VZD-C-A	Negative	0.925283	0.0747171
2VZD-D-B	Negative	0.511115	0.488885
2ADV-B-A	Negative	0.96415	0.0358505
2BB4-P-A	Negative	0.96087	0.0391302
2JQK-B-A	Negative	0.934702	0.0652979
2A83-C-A	Positive	0.359348	0.640652
2LP8-B-A	Negative	0.98577	0.0142298
2FTS-P-A	Negative	0.930241	0.0697589
2Q3Y-B-A	Negative	0.642424	0.357576
2QHR-P-H	Positive	0.0426774	0.957323
2VUS-M-E	Negative	0.997114	0.00288612
2LL6-B-A	Negative	0.895576	0.104424
2LL7-B-A	Negative	0.944719	0.0552807
2AOJ-C-A	Positive	0.266831	0.733169
2WPM-L-S	Positive	0.468626	0.531374
2Y48-C-A	Negative	0.903323	0.0966767
2QFA-C-A	Negative	0.980911	0.0190887
2L14-B-A	Negative	0.963109	0.0368906
2YBF-B-A	Negative	0.848904	0.151096
2MKP-I-C	Negative	0.911812	0.0881878
2OVH-B-A	Negative	0.750897	0.249103
2XAW-F-C	Negative	0.961657	0.0383435
2YJ1-B-A	Positive	0.358495	0.641505
2YJ1-D-C	Positive	0.358495	0.641505
2V8F-C-A	Positive	0.376004	0.623996
2L6E-B-A	Negative	0.741226	0.258774
2AQ9-X-A	Positive	0.20679	0.79321
2AK4-C-A	Negative	0.741838	0.258162
2MOW-B-A	Negative	0.817663	0.182337
2B1Z-C-A	Negative	0.965118	0.0348819
2KWN-B-A	Positive	0.354465	0.645535
2H59-D-A	Negative	0.994391	0.00560922
2LR1-B-A	Negative	0.520028	0.479972
2JKG-P-A	Positive	0.376033	0.623967
2F91-B-A	Negative	0.978189	0.0218107
2BOK-L-A	Negative	0.89752	0.10248
2KFG-B-A	Positive	0.0197279	0.980272
2ZVV-Y-A	Negative	0.892464	0.107536
2ZVV-X-A	Negative	0.954372	0.0456278
2B26-D-A	Negative	0.976557	0.0234432
2RVB-A-B	Negative	0.734899	0.265101
2PHK-B-A	Negative	0.525115	0.474885
2JAM-D-A	Negative	0.586418	0.413582
2JAM-E-B	Negative	0.894928	0.105072
2RKL-D-B	Negative	0.921463	0.0785369
2RKL-E-C	Negative	0.870566	0.129434
2LXT-C-A	Negative	0.816417	0.183583
2JZI-B-A	Negative	0.562516	0.437484
2JGB-B-A	Negative	0.615628	0.384372
2Y0Q-A-B	Negative	0.914106	0.0858936
2Y0Q-C-B	Negative	0.94011	0.0598896
2XVC-B-A	Positive	0.34358	0.65642
2ILM-S-A	Negative	0.541344	0.458656
2ASU-A-B	Negative	0.680963	0.319037
2QTV-D-A	Negative	0.965789	0.0342107
2MPM-B-A	Positive	0.221167	0.778833
2GS6-B-A	Negative	0.644354	0.355646
2NPH-S-A	Negative	0.89969	0.10031
2NPH-T-A	Positive	0.0488324	0.951168
2V5P-D-A	Negative	0.929852	0.0701484
2MRE-B-A	Negative	0.991352	0.00864749
2VSL-B-A	Negative	0.97191	0.0280897
2OBO-D-A	Negative	0.938851	0.0611491
2KNH-B-A	Negative	0.657761	0.342239
2JQI-B-A	Negative	0.805703	0.194297
2AKA-L-A	Negative	0.779029	0.220971
2XE4-B-A	Positive	0.437879	0.562121
2LSR-B-A	Negative	0.980674	0.0193263
2RR4-B-A	Negative	0.758626	0.241374
2Q9I-M-B	Positive	0.227809	0.772191
2OFQ-B-A	Negative	0.975238	0.0247621
2WBY-C-A	Negative	0.98688	0.0131198
2WBY-D-A	Negative	0.633378	0.366622
2WBY-F-B	Negative	0.746836	0.253164
2DYH-B-A	Negative	0.859865	0.140135
2BSR-C-A	Negative	0.910603	0.0893974
2PQW-B-A	Positive	0.305141	0.694859
2ZLF-B-A	Positive	0.0450524	0.954948
2LP0-B-A	Negative	0.885532	0.114468
2Z7X-C-A	Negative	0.918521	0.0814794
2X1N-H-D	Negative	0.808997	0.191003
2KPL-B-A	Negative	0.971564	0.0284357
2DSQ-I-B	Negative	0.994298	0.00570209
2RJF-B-A	Negative	0.606956	0.393044
2CI9-L-A	Positive	0.275986	0.724014
2CI9-M-B	Positive	0.418442	0.581558
2FHO-A-B	Negative	0.890711	0.109289
2PUQ-I-H	Positive	0.0503303	0.94967
2BVR-I-H	Negative	0.983756	0.016244
2HPC-M-B	Negative	0.527495	0.472505
2LSV-B-A	Negative	0.876365	0.123635
2F49-C-A	Negative	0.985639	0.0143606
2CK0-P-L	Positive	0.232851	0.767149
2Z3F-I-A	Negative	0.960965	0.0390348
2Z3F-Q-A	Negative	0.585355	0.414645
2Z3F-K-C	Positive	0.286605	0.713395
2Z3F-L-D	Negative	0.677823	0.322177
2NL9-B-A	Negative	0.686915	0.313085
2XYI-B-A	Negative	0.966859	0.0331408
2L7L-B-A	Negative	0.987407	0.0125933
2JD5-C-A	Positive	0.061419	0.938581
2FX7-P-L	Negative	0.758647	0.241353
2D5W-C-A	Negative	0.910246	0.0897538
2D5W-D-B	Negative	0.875908	0.124091
2VCP-D-A	Negative	0.722744	0.277256
2JDL-C-A	Negative	0.91433	0.0856701
2JDL-D-B	Positive	0.199047	0.800953
2K20-B-A	Negative	0.990433	0.0095669
2MZP-I-C	Negative	0.786882	0.213118
2GS0-B-A	Negative	0.647799	0.352201
2Z5N-B-A	Negative	0.960763	0.0392373
2HAL-I-A	Negative	0.907226	0.0927739
2HUG-B-A	Positive	0.381919	0.618081
2R05-B-A	Negative	0.985679	0.0143206
2BCX-B-A	Negative	0.962479	0.037521
2LEH-B-A	Negative	0.976219	0.0237808
2MZD-B-A	Negative	0.898992	0.101008
2NM1-B-A	Negative	0.998451	0.00154945
2XPN-B-A	Positive	0.0772344	0.922766
2I3H-C-A	Negative	0.592483	0.407517
2DOI-C-X	Negative	0.932528	0.0674723
2DOI-B-A	Negative	0.880451	0.119549
2P2T-C-A	Positive	0.101616	0.898384
2VDN-C-A	Negative	0.84075	0.15925
2PQN-B-A	Negative	0.992442	0.0075583
2D1K-C-A	Negative	0.882522	0.117478
2ZL9-C-A	Negative	0.997818	0.00218167
2H6M-I-A	Positive	0.227125	0.772875
2C63-P-A	Negative	0.662794	0.337206
2Q6G-C-A	Negative	0.991816	0.00818405
2Q6G-D-A	Negative	0.89487	0.10513
2L6Y-A-B	Negative	0.951549	0.0484511
2P5B-I-A	Negative	0.991704	0.00829622
2P5B-J-B	Negative	0.988662	0.0113384
2O02-P-A	Negative	0.536708	0.463292
2O02-Q-B	Positive	0.0692207	0.930779
2P54-B-A	Negative	0.714442	0.285558
2Y6S-P-C	Negative	0.521195	0.478805
2LXP-B-A	Negative	0.976365	0.0236346
2VOG-B-A	Negative	0.857313	0.142687
2XHS-B-A	Negative	0.905161	0.0948395
2K6Q-B-A	Negative	0.966504	0.033496
2WP2-P-A	Negative	0.83334	0.16666
2WP2-Q-B	Negative	0.794891	0.205109
2PBD-V-A	Negative	0.9217	0.0783003
2ZNE-C-A	Positive	0.207021	0.792979
2ZNE-D-B	Negative	0.53522	0.46478
2GT9-C-A	Negative	0.98213	0.0178696
2DVQ-P-A	Negative	0.597353	0.402647
2DVQ-Q-A	Negative	0.691311	0.308689
2Q8C-F-A	Negative	0.625556	0.374444
2Q8C-G-B	Negative	0.535832	0.464168
2SEB-E-A	Positive	0.0144566	0.985543
2XZE-Q-A	Negative	0.89799	0.10201
2XZE-R-A	Negative	0.715851	0.284149
2DVR-Q-A	Negative	0.630258	0.369742
2KBS-B-A	Negative	0.996687	0.00331279
2Y07-P-H	Positive	0.498905	0.501095
2B1J-C-A	Negative	0.908675	0.0913246
2CCH-E-B	Negative	0.876654	0.123346
2RQG-A-B	Negative	0.950294	0.0497061
2VPD-B-A	Negative	0.611965	0.388035
2WHY-B-A	Positive	0.0381278	0.961872
2C1T-C-A	Positive	0.187547	0.812453
2C1T-D-A	Negative	0.522054	0.477946
2PKU-B-A	Negative	0.967203	0.0327966
2IY3-C-A	Positive	0.139186	0.860814
2ACM-B-A	Negative	0.702451	0.297549
2OBQ-B-A	Negative	0.993112	0.00688762
2OBQ-D-A	Negative	0.73563	0.26437
2XPX-B-A	Negative	0.988327	0.0116733
2LOZ-B-A	Negative	0.995454	0.00454603
2L6Z-B-C	Negative	0.885264	0.114736
2X4N-C-A	Negative	0.886611	0.113389
2LNH-C-A	Negative	0.638259	0.361741
2Y65-Y-A	Negative	0.958608	0.0413923
2Y65-W-B	Negative	0.92238	0.0776204
2HSQ-B-A	Negative	0.706454	0.293546
2EQ7-C-A	Negative	0.906251	0.0937486
2G2F-C-A	Positive	0.328281	0.671719
2P5E-C-A	Negative	0.962513	0.0374873
2L27-B-A	Negative	0.928405	0.0715945
2KWV-A-B	Negative	0.942008	0.0579918
2GV2-B-A	Negative	0.546776	0.453224
2EH8-P-L	Negative	0.838676	0.161324
2W9R-B-A	Negative	0.945118	0.0548816
2G5B-I-A	Negative	0.978586	0.021414
2FNT-P-A	Negative	0.547408	0.452592
2M32-B-A	Negative	0.570578	0.429422
2MJV-A-B	Negative	0.948872	0.051128
2VUM-M-A	Positive	0.273891	0.726109
2ZOL-E-A	Negative	0.987214	0.0127863
2ZOL-F-C	Negative	0.987214	0.0127863
2NNA-C-A	Negative	0.924277	0.0757232
2OQJ-C-A	Negative	0.702219	0.297781
2OQJ-F-D	Negative	0.653172	0.346828
2OQJ-I-G	Negative	0.680272	0.319728
2OQJ-L-J	Negative	0.849694	0.150306
2H2H-B-A	Negative	0.874734	0.125266
2BBV-D-A	Negative	0.916467	0.0835325
2AX3-B-A	Positive	0.47096	0.52904
2L53-B-A	Negative	0.957564	0.0424356
2FF3-C-A	Positive	0.285621	0.714379
2I32-E-A	Negative	0.788593	0.211407
2I32-F-A	Positive	0.320285	0.679715
2K17-P-A	Positive	0.0200049	0.979995
2J4W-D-H	Negative	0.930907	0.0690933
2BP3-T-A	Negative	0.974188	0.0258119
2BP3-S-B	Negative	0.548469	0.451531
2UUE-E-B	Negative	0.824784	0.175216
2V86-E-A	Negative	0.609577	0.390423
2EQ9-C-A	Negative	0.922506	0.0774938
2B6N-B-A	Positive	0.365604	0.634396
2KWO-B-A	Negative	0.738496	0.261504
2PR9-P-A	Negative	0.89265	0.10735
2XS8-B-A	Negative	0.614837	0.385163
2NWN-B-A	Negative	0.955956	0.0440442
2ZTT-B-A	Negative	0.749354	0.250646
2I94-B-A	Negative	0.982172	0.0178277
2MC6-B-A	Negative	0.998354	0.00164614
2MPS-B-A	Negative	0.832309	0.167691
2PGB-A-B	Negative	0.983617	0.0163834
2K2F-C-A	Negative	0.987202	0.0127985
2BD3-P-A	Negative	0.91675	0.0832496
2N01-A-B	Negative	0.969143	0.0308568
2FYZ-B-A	Negative	0.995952	0.00404819
2FYZ-D-A	Negative	0.99656	0.00344011
2FYZ-F-C	Negative	0.985974	0.0140262
2C9T-K-A	Negative	0.619023	0.380977
2B1H-P-L	Negative	0.974902	0.0250979
2DEN-A-B	Negative	0.661029	0.338972
2VWN-L-A	Negative	0.827259	0.172741
2OBH-C-A	Negative	0.986222	0.0137778
2OBH-D-A	Negative	0.96665	0.0333498
2VPE-B-A	Negative	0.879469	0.120531
2Y7L-B-A	Negative	0.638582	0.361418
2CO4-B-A	Negative	0.857519	0.142481
2WJG-C-A	Positive	0.0785866	0.921413
2ZVL-U-A	Negative	0.993932	0.00606836
2ZVL-V-B	Negative	0.971492	0.0285083
2ZVL-W-C	Negative	0.996632	0.00336847
2ZVL-X-D	Negative	0.992492	0.00750803
2ZVL-Z-F	Negative	0.993932	0.00606836
2NPA-B-A	Negative	0.888073	0.111927
2NPA-D-C	Negative	0.900786	0.0992143
2JXC-B-A	Negative	0.998005	0.00199475
2JFA-P-A	Negative	0.990344	0.00965637
2XPP-B-A	Positive	0.0288595	0.971141
2MWP-B-A	Negative	0.996041	0.00395902
2Y6I-B-A	Positive	0.453961	0.546039
2Z5K-B-A	Negative	0.606491	0.393509
2N0Y-B-A	Negative	0.813566	0.186434
2BZ8-C-A	Negative	0.961184	0.0388161
2JOG-B-A	Negative	0.931289	0.0687111
2BEC-B-A	Negative	0.934474	0.0655263
2Z8C-B-A	Negative	0.701001	0.298999
2LYD-B-A	Negative	0.97806	0.0219398
2MGU-M-A	Negative	0.889973	0.110027
2W77-C-B	Negative	0.5654	0.4346
2YBA-D-A	Positive	0.411422	0.588578
2YBA-C-B	Negative	0.533504	0.466496
2XPI-B-A	Negative	0.978878	0.0211221
2N4Q-A-B	Negative	0.742764	0.257237
2MW2-B-A	Negative	0.89282	0.10718
2G48-C-A	Negative	0.972634	0.0273661
2G48-D-B	Negative	0.966483	0.0335172
2F3Y-B-A	Positive	0.182625	0.817375
2Z5M-B-A	Positive	0.110155	0.889845
2VPG-P-A	Negative	0.739168	0.260832
2QQD-A-B	Negative	0.957753	0.0422466
2YDS-T-A	Positive	0.239675	0.760325
2BZW-B-A	Negative	0.686952	0.313048
2VT1-A-B	Negative	0.918599	0.0814006
2LPB-B-A	Negative	0.948548	0.051452
2RQH-A-B	Negative	0.846621	0.153379
2QA9-I-E	Negative	0.593788	0.406212
2VDO-C-A	Positive	0.420047	0.579953
2J7Y-B-A	Negative	0.943318	0.0566824
2NXD-P-A	Positive	0.158602	0.841398
2UZ6-K-A	Negative	0.948626	0.0513738
2F69-B-A	Negative	0.958722	0.0412775
2ZPN-E-A	Negative	0.97035	0.0296504
2O8M-C-A	Negative	0.993901	0.00609854
2O8M-D-A	Negative	0.91526	0.0847404
2RD4-C-A	Positive	0.218288	0.781712
2Y0M-B-A	Negative	0.844998	0.155002
2ASQ-B-A	Positive	0.0259971	0.974003
2MKR-B-A	Positive	0.14454	0.85546
2ZFX-C-A	Negative	0.99227	0.00773012
2XS3-C-A	Negative	0.591708	0.408292
2LKM-A-B	Positive	0.387644	0.612356
2H2G-B-A	Negative	0.567195	0.432805
2O4J-C-A	Negative	0.994773	0.00522655
2E4H-B-A	Negative	0.513	0.487
2W5Z-C-A	Negative	0.556267	0.443733
2V51-F-B	Negative	0.898212	0.101788
2VZG-A-B	Negative	0.92215	0.0778505
2ZXE-G-A	Negative	0.960948	0.039052
2WSS-U-C	Negative	0.80635	0.19365
2WSS-Z-O	Negative	0.980095	0.019905
2WSS-X-W	Negative	0.951756	0.0482437
2W10-D-A	Negative	0.992347	0.00765264
2W10-C-B	Negative	0.898176	0.101824
2PB8-P-A	Positive	0.310183	0.689817
2VBC-B-A	Negative	0.75968	0.24032
2YMT-B-A	Negative	0.635871	0.364129
2VOY-B-A	Negative	0.960352	0.0396482
2VOY-E-F	Negative	0.588179	0.411821
2VOY-G-F	Negative	0.979048	0.0209522
2VOY-H-I	Negative	0.826461	0.173539
2VOY-K-I	Negative	0.681244	0.318756
2ODG-C-A	Negative	0.883943	0.116057
2KRB-B-A	Negative	0.763933	0.236067
2Y0S-Q-A	Negative	0.965933	0.0340667
2Y0S-P-B	Negative	0.994366	0.00563353
2P1L-B-A	Negative	0.94495	0.0550499
2LSJ-B-A	Negative	0.994681	0.00531906
2C1J-C-A	Positive	0.211061	0.788939
2PDZ-B-A	Negative	0.95925	0.0407501
2YVC-D-A	Positive	0.334783	0.665217
2YVC-F-A	Negative	0.991638	0.00836179
2YVC-E-B	Negative	0.674388	0.325612
2KTF-B-A	Negative	0.990291	0.00970924
2E3K-R-D	Positive	0.309774	0.690226
2BFY-D-A	Negative	0.936683	0.0633168
2BFY-C-B	Negative	0.927988	0.0720121
2QSC-P-L	Positive	0.247027	0.752973
2KHW-A-B	Negative	0.981957	0.0180431
2ZJP-4-E	Negative	0.968317	0.0316826
2DUJ-P-A	Negative	0.914824	0.0851756
2CWG-D-A	Negative	0.618185	0.381815
2CWG-E-A	Positive	0.472307	0.527693
2BPA-3-1	Negative	0.956219	0.0437811
2QOS-A-C	Positive	0.067628	0.932372
2BRR-P-H	Positive	0.277542	0.722458
2Y21-H-C	Negative	0.902541	0.0974591
2Y21-K-I	Negative	0.905849	0.0941508
2LAS-B-A	Negative	0.990078	0.00992156
2X4Y-B-A	Negative	0.735285	0.264715
2X4Y-P-A	Negative	0.784254	0.215746
2X4Y-D-C	Negative	0.988662	0.0113384
2X4Y-F-E	Negative	0.752068	0.247932
2X4Y-L-K	Negative	0.842941	0.157059
2F5Z-K-A	Negative	0.974765	0.0252349
2J7I-C-A	Negative	0.890229	0.109771
2J7I-D-B	Negative	0.981124	0.0188764
2XS4-B-A	Negative	0.856368	0.143632
2BJ4-C-A	Positive	0.0289565	0.971044
2VJ0-Q-A	Positive	0.109024	0.890976
2OVR-C-B	Negative	0.988454	0.0115465
2J9U-B-A	Negative	0.894421	0.105579
2C1M-B-A	Negative	0.778427	0.221573
2ZL2-O-A	Positive	0.199492	0.800508
2ZL2-P-B	Negative	0.587657	0.412343
2ZL2-U-H	Positive	0.196158	0.803842
2XXM-T-A	Positive	0.0485547	0.951445
2MTP-B-A	Negative	0.557146	0.442854
2MTP-C-A	Positive	0.423296	0.576704
2L00-A-B	Negative	0.989597	0.0104026
2RS9-A-B	Negative	0.975845	0.0241554
2LTO-B-A	Positive	0.394345	0.605655
2P58-B-A	Negative	0.99613	0.00386956
2VUT-M-E	Negative	0.997419	0.00258091
2WEV-E-B	Negative	0.799727	0.200273
2K7L-B-A	Negative	0.992295	0.0077054
2AXI-B-A	Negative	0.777731	0.222269
2R03-B-A	Negative	0.975664	0.0243363
2JW1-B-A	Negative	0.982212	0.0177876
2XA0-C-A	Negative	0.991029	0.00897072
2L0F-B-A	Negative	0.827752	0.172248
2ZSW-M-A	Positive	0.0292464	0.970754
2NP0-B-A	Negative	0.995425	0.00457455
2W3O-C-A	Positive	0.345615	0.654385
2F9D-P-A	Negative	0.988556	0.0114441
2JGC-B-A	Negative	0.624689	0.375311
2PIE-F-A	Negative	0.797941	0.202059
2HZS-I-B	Negative	0.788329	0.211671
2HZS-J-D	Negative	0.993788	0.00621163
2HZS-K-F	Negative	0.854653	0.145347
2HZS-L-H	Negative	0.913438	0.0865618
2L9S-A-B	Negative	0.722251	0.277749
2JOD-B-A	Negative	0.797087	0.202913
2QAC-T-A	Positive	0.105194	0.894806
2N3A-A-B	Negative	0.871227	0.128773
2V89-E-A	Positive	0.495754	0.504246
2IIJ-B-A	Negative	0.953901	0.0460986
2P4R-T-A	Negative	0.839515	0.160485
2ZJD-B-A	Negative	0.791782	0.208218
2ZJD-D-C	Negative	0.908154	0.0918456
2QBX-P-A	Negative	0.99836	0.00164015
2QBX-D-B	Negative	0.998356	0.00164389
2HPZ-B-A	Negative	0.993872	0.00612842
2A6D-P-A	Positive	0.428944	0.571056
2WC0-C-A	Negative	0.987266	0.0127339
2WC0-D-A	Negative	0.680124	0.319876
2L7U-B-A	Negative	0.839527	0.160473
2F6A-E-A	Positive	0.38987	0.61013
2F6A-J-B	Positive	0.0982932	0.901707
2DZE-X-A	Positive	0.470928	0.529072
2BCK-C-A	Positive	0.245442	0.754558
2LO6-B-A	Positive	0.0133865	0.986613
2RJE-P-A	Negative	0.912523	0.0874768
2RJE-Q-A	Negative	0.571817	0.428183
2B1A-P-L	Negative	0.782929	0.217071
2Z9I-D-A	Negative	0.952546	0.0474538
2Z9I-F-A	Negative	0.930706	0.0692943
2Z9I-G-A	Negative	0.550417	0.449583
2Z9I-H-B	Negative	0.68295	0.31705
2Z9I-I-C	Negative	0.812295	0.187705
2ZGJ-B-A	Negative	0.946373	0.0536267
2BAP-D-B	Negative	0.572138	0.427862
2IWB-B-A	Positive	0.313814	0.686186
3VB4-E-A	Negative	0.71196	0.28804
3WG5-C-A	Negative	0.964184	0.0358163
3HOW-L-B	Negative	0.947014	0.0529857
3AP1-S-A	Negative	0.786763	0.213237
3UI2-B-A	Negative	0.781722	0.218278
3UTM-C-A	Positive	0.222479	0.777521
3TL0-B-A	Negative	0.664255	0.335745
3WS3-E-A	Positive	0.101362	0.898638
3V9V-C-A	Negative	0.965949	0.0340508
3OGM-Q-B	Negative	0.558463	0.441537
3QF9-B-A	Positive	0.203297	0.796703
3QGN-A-B	Negative	0.983439	0.0165606
3I7H-B-A	Positive	0.257174	0.742826
3W1B-B-A	Negative	0.846652	0.153348
3V2X-B-A	Negative	0.911049	0.0889514
3TDI-C-B	Negative	0.967936	0.0320642
3QT1-I-A	Negative	0.90049	0.0995098
3D9O-Z-B	Positive	0.0672037	0.932796
3NIM-X-A	Positive	0.148622	0.851378
3D9T-C-A	Negative	0.987433	0.0125667
3D9T-D-A	Negative	0.975341	0.0246594
3HPW-C-A	Negative	0.655686	0.344314
3D44-B-A	Negative	0.896177	0.103823
3CDW-H-A	Negative	0.827808	0.172192
3IYB-2-3	Negative	0.796101	0.203899
3OUW-B-A	Negative	0.990606	0.00939402
3U3W-P-A	Negative	0.708055	0.291945
3RVF-B-A	Negative	0.989522	0.0104779
3MQS-D-C	Positive	0.143881	0.856119
3MN7-S-A	Negative	0.995126	0.00487421
3C3R-B-A	Negative	0.590577	0.409423
3BEF-A-B	Negative	0.984309	0.0156909
3BEF-C-B	Negative	0.76036	0.23964
3BEF-D-E	Negative	0.987966	0.0120336
3BEF-F-E	Positive	0.256758	0.743242
3UVX-B-A	Negative	0.790067	0.209933
3GW1-C-A	Positive	0.124273	0.875727
3U3Z-B-A	Negative	0.86065	0.13935
3EBB-E-A	Negative	0.745996	0.254004
3EBB-H-A	Negative	0.874422	0.125578
3EBB-G-C	Positive	0.0262805	0.973719
3FP7-I-E	Negative	0.960496	0.0395037
3FP7-J-E	Negative	0.789546	0.210454
3EMW-B-A	Negative	0.935878	0.0641216
3RM1-B-A	Negative	0.998388	0.0016123
3AG2-K-A	Negative	0.973915	0.0260846
3AG2-L-A	Negative	0.720931	0.279069
3AG2-Z-N	Negative	0.955434	0.0445659
3G7Z-C-A	Positive	0.26939	0.73061
3L73-I-A	Negative	0.743385	0.256615
3L73-V-B	Negative	0.743385	0.256615
3DOX-P-A	Positive	0.476899	0.523101
3DOX-Q-A	Negative	0.697959	0.302041
3DX6-C-A	Negative	0.987824	0.0121763
3GYT-B-A	Negative	0.990611	0.00938872
3OJ3-I-A	Negative	0.997306	0.00269451
3OJ3-N-A	Negative	0.989544	0.0104559
3OJ3-K-B	Negative	0.992558	0.0074417
3OJ3-O-F	Negative	0.994535	0.00546547
3MLR-P-L	Negative	0.961514	0.0384858
3LLZ-B-A	Positive	0.41888	0.58112
3CJI-D-A	Negative	0.919583	0.0804168
3W1S-B-A	Negative	0.995152	0.00484819
3WUU-B-A	Negative	0.993855	0.00614491
3WUU-C-A	Negative	0.742083	0.257917
3WUU-D-A	Negative	0.863051	0.136949
3WUU-F-A	Positive	0.332921	0.667079
3WUU-G-A	Negative	0.945471	0.0545288
3WUU-H-A	Negative	0.978399	0.0216012
3V62-C-A	Negative	0.996118	0.00388216
3BKY-P-H	Negative	0.870354	0.129646
3OOF-B-A	Negative	0.992718	0.00728197
3OOF-D-C	Negative	0.973652	0.0263482
3C01-A-E	Negative	0.861615	0.138385
3C01-C-G	Negative	0.822206	0.177794
3CCH-C-A	Negative	0.996882	0.00311841
3R7G-B-A	Negative	0.83723	0.16277
3BIM-I-A	Negative	0.549827	0.450173
3BIM-N-A	Negative	0.624521	0.375479
3ML4-E-A	Negative	0.98804	0.0119602
3Q33-D-A	Negative	0.861208	0.138792
3Q75-G-A	Negative	0.976809	0.0231909
3PQZ-L-A	Positive	0.232939	0.767061
3SZS-A-E	Negative	0.610821	0.389179
3SZS-B-E	Negative	0.704853	0.295147
3D2U-C-A	Positive	0.496237	0.503763
3H5R-E-A	Negative	0.682364	0.317637
3GLT-B-A	Negative	0.893214	0.106786
3L3H-C-A	Negative	0.950997	0.0490034
3H1K-V-N	Negative	0.743385	0.256615
3NA1-C-A	Negative	0.959542	0.040458
3NA1-D-B	Negative	0.984911	0.0150893
3BL2-C-A	Negative	0.995458	0.00454187
3IDM-C-A	Negative	0.507444	0.492556
3UAL-P-A	Positive	0.23454	0.76546
3I7P-B-A	Negative	0.885865	0.114135
3UBW-P-A	Negative	0.932267	0.0677335
3BH8-C-A	Negative	0.984847	0.0151527
3EAR-B-A	Negative	0.849341	0.150659
3F9Y-E-A	Negative	0.537688	0.462312
3F9Y-F-A	Negative	0.875827	0.124173
3LUO-B-A	Negative	0.735942	0.264058
3WOO-C-A	Positive	0.420077	0.579923
3M1B-I-A	Negative	0.606225	0.393775
3M1B-J-C	Positive	0.198305	0.801695
3I7N-B-A	Negative	0.971401	0.028599
3U8X-B-A	Negative	0.986881	0.0131195
3H6Z-L-A	Negative	0.941405	0.0585946
3C00-A-B	Negative	0.991198	0.00880198
3MHP-C-A	Positive	0.436963	0.563037
3MRO-P-A	Negative	0.817571	0.182429
3GSQ-P-A	Negative	0.794233	0.205767
3ER5-I-E	Negative	0.968509	0.0314913
3HBU-Z-P	Positive	0.329057	0.670943
3FXX-B-A	Negative	0.759785	0.240215
3FIE-C-A	Negative	0.986078	0.0139221
3ZIL-B-A	Negative	0.990998	0.00900186
3QW5-B-A	Positive	0.485774	0.514226
3EQS-B-A	Negative	0.775719	0.224281
3U3F-E-A	Negative	0.903617	0.0963833
3U3F-G-A	Negative	0.897826	0.102174
3U3F-I-A	Negative	0.836983	0.163017
3U3F-H-B	Negative	0.541243	0.458757
3E2B-C-A	Positive	0.474729	0.525271
3UO8-L-B	Negative	0.597891	0.402109
3S9C-B-A	Positive	0.108281	0.891719
3M17-I-A	Negative	0.647939	0.352061
3BZX-A-B	Negative	0.990064	0.00993576
3GCI-P-A	Negative	0.854023	0.145977
3UAT-B-A	Positive	0.358457	0.641543
3OY5-P-U	Negative	0.959932	0.040068
3GDV-D-A	Negative	0.868237	0.131763
3WWQ-C-A	Negative	0.953216	0.0467844
3WWQ-F-D	Negative	0.956685	0.043315
3WWQ-L-E	Negative	0.799124	0.200876
3CWB-V-I	Negative	0.743385	0.256615
3O45-P-L	Negative	0.802849	0.197151
3O45-C-A	Negative	0.964688	0.0353119
3OWT-C-A	Negative	0.994876	0.00512422
3VXF-L-H	Negative	0.968481	0.0315191
3VXF-J-H	Negative	0.995708	0.00429205
3VXF-I-H	Negative	0.677019	0.322981
3O6Q-B-A	Negative	0.920116	0.0798838
3O6Q-D-A	Negative	0.961762	0.0382377
3QZV-C-A	Negative	0.862121	0.137879
3OUA-P-A	Negative	0.927586	0.0724141
3PSL-C-A	Negative	0.791399	0.208601
3Q6S-E-A	Negative	0.934283	0.0657167
3Q6S-F-A	Negative	0.989687	0.0103126
3VFR-C-A	Positive	0.433711	0.566289
3K24-D-A	Positive	0.215313	0.784687
3D3V-C-A	Positive	0.0515759	0.948424
3QF7-C-A	Negative	0.588462	0.411538
3NDF-B-A	Negative	0.891891	0.108109
3FSH-C-A	Negative	0.753385	0.246615
3B3I-C-A	Negative	0.648418	0.351582
3L3I-C-A	Negative	0.549478	0.450522
3V49-B-A	Negative	0.980435	0.0195645
3N56-C-A	Positive	0.113684	0.886316
3O42-B-A	Negative	0.867513	0.132487
3H9Q-E-A	Positive	0.401207	0.598793
3H9Q-G-B	Negative	0.595652	0.404348
3SOU-D-A	Negative	0.870233	0.129767
3UEC-B-A	Negative	0.679851	0.320149
3BPS-E-A	Negative	0.993528	0.0064719
3JCO-Y-R	Negative	0.970719	0.0292805
3IDG-C-A	Negative	0.784721	0.215279
3BRD-D-A	Negative	0.964713	0.0352869
3PUK-C-A	Negative	0.953569	0.0464311
3PUK-D-B	Negative	0.912377	0.0876229
3W11-B-E	Negative	0.751725	0.248275
3W11-F-E	Positive	0.147907	0.852093
3ULY-B-A	Negative	0.987582	0.0124181
3O4L-C-A	Negative	0.936386	0.0636143
3T0Y-B-A	Negative	0.935905	0.0640947
3T0Y-D-A	Negative	0.810004	0.189996
3EG6-C-A	Negative	0.79434	0.20566
3JQ5-B-A	Negative	0.775278	0.224722
3U5O-I-A	Negative	0.902566	0.0974343
3NTH-C-A	Negative	0.829594	0.170406
3QE0-F-A	Negative	0.878394	0.121606
3QE0-G-B	Negative	0.760265	0.239735
3CD3-B-A	Negative	0.792318	0.207682
3GO1-P-L	Positive	0.372965	0.627035
3G2T-C-A	Negative	0.882976	0.117024
3BU8-C-A	Negative	0.883425	0.116575
3BU8-D-B	Negative	0.985234	0.0147657
3AGY-C-A	Negative	0.881244	0.118756
3AGY-F-B	Negative	0.981738	0.0182618
3MJH-B-A	Negative	0.956766	0.0432342
3MJH-D-C	Negative	0.863458	0.136542
3H8K-B-A	Negative	0.931295	0.0687052
3JCU-F-A	Negative	0.709647	0.290353
3JCU-I-A	Negative	0.766812	0.233188
3JCU-J-A	Positive	0.0892764	0.910724
3JCU-L-A	Negative	0.972356	0.0276442
3JCU-T-A	Negative	0.840555	0.159445
3JCU-M-B	Negative	0.953522	0.0464782
3JCU-U-B	Negative	0.987034	0.0129656
3JCU-X-D	Negative	0.807133	0.192867
3VUY-D-A	Negative	0.994651	0.00534879
3VUY-E-A	Negative	0.98458	0.0154204
3VUY-F-C	Negative	0.989196	0.0108035
3C57-B-A	Negative	0.982756	0.0172435
3O8I-B-A	Negative	0.679178	0.320822
3GJO-E-A	Negative	0.998305	0.00169539
3GJO-F-A	Negative	0.994383	0.00561663
3GJO-H-B	Negative	0.864662	0.135338
3GJO-G-C	Negative	0.991895	0.00810477
3SEM-C-A	Negative	0.904538	0.0954624
3SEM-D-B	Negative	0.884576	0.115424
3FUG-B-A	Negative	0.506596	0.493404
3WSY-C-A	Negative	0.655901	0.344099
3OUX-B-A	Negative	0.951774	0.0482259
3N3X-B-A	Negative	0.618224	0.381776
3GOF-C-A	Negative	0.722832	0.277168
3AYU-B-A	Positive	0.225856	0.774144
3UJI-P-L	Negative	0.926532	0.0734683
3U8Q-B-A	Positive	0.196381	0.803619
3AU4-B-A	Negative	0.929393	0.0706071
3PTL-B-A	Negative	0.766299	0.233701
3RZ9-B-A	Negative	0.906777	0.0932234
3UL0-C-B	Negative	0.770163	0.229837
3D0V-C-A	Positive	0.341475	0.658525
3JQL-B-A	Positive	0.288415	0.711585
3P36-B-A	Negative	0.587451	0.412549
3QJN-I-A	Negative	0.948597	0.0514034
3KV4-B-A	Positive	0.128878	0.871122
3P4O-F-A	Negative	0.547262	0.452738
3O35-E-A	Negative	0.547242	0.452758
3Q78-D-A	Negative	0.977825	0.0221748
3KTK-O-A	Negative	0.585808	0.414192
3RRJ-B-A	Positive	0.157546	0.842454
3CPL-E-A	Negative	0.86652	0.13348
3PWV-C-A	Positive	0.125796	0.874204
3ZDL-B-A	Negative	0.894609	0.105391
3IQH-P-X	Negative	0.603245	0.396755
3BP7-C-A	Negative	0.945453	0.0545468
3UU7-F-A	Negative	0.953228	0.0467721
3U1J-A-B	Negative	0.704616	0.295384
3FXD-A-B	Negative	0.981018	0.0189823
3VFS-C-A	Negative	0.591737	0.408263
3LWW-D-C	Negative	0.79453	0.20547
3Q5U-B-A	Negative	0.766838	0.233162
3MLX-P-L	Positive	0.121013	0.878987
3R2A-F-A	Negative	0.989109	0.0108911
3R2A-E-B	Negative	0.971727	0.0282727
3V2O-B-A	Negative	0.885688	0.114312
3ZKF-B-A	Positive	0.0569777	0.943022
3F2K-C-A	Positive	0.0581041	0.941896
3DPC-C-B	Negative	0.858028	0.141972
3P1N-P-A	Negative	0.89172	0.10828
3OFI-C-A	Negative	0.983986	0.0160137
3KPM-C-A	Negative	0.761462	0.238538
3M56-B-A	Negative	0.813414	0.186586
3H0T-C-A	Negative	0.981815	0.0181853
3V5H-C-A	Negative	0.975754	0.0242462
3RTA-B-A	Positive	0.173687	0.826313
3U9Q-B-A	Negative	0.932675	0.0673246
3PXE-E-A	Negative	0.975684	0.0243164
3PXE-F-B	Negative	0.626849	0.373151
3MLS-P-L	Positive	0.49744	0.50256
3GJ9-C-A	Negative	0.75664	0.24336
3KPP-C-A	Negative	0.7505	0.2495
3OE7-R-P	Positive	0.311689	0.688311
3OE7-1-Y	Negative	0.515737	0.484263
3QO2-Q-B	Negative	0.91867	0.0813304
3QO2-R-B	Negative	0.798457	0.201543
3IVV-D-A	Positive	0.134023	0.865977
3MOA-P-L	Negative	0.689425	0.310575
3LQV-P-A	Negative	0.996936	0.00306403
3LQV-Q-B	Negative	0.984624	0.015376
3UPR-P-A	Negative	0.965438	0.0345616
3O0E-L-A	Negative	0.94256	0.0574396
3O0E-Q-B	Negative	0.920407	0.0795934
3O0E-N-C	Negative	0.956214	0.0437862
3Q1I-E-A	Negative	0.902173	0.0978269
3IVQ-C-A	Negative	0.960275	0.0397246
3IVQ-D-B	Positive	0.472844	0.527156
3GJT-E-A	Negative	0.503263	0.496737
3BTR-B-C	Negative	0.941907	0.0580928
3HXG-C-A	Negative	0.770642	0.229358
3UVW-B-A	Negative	0.983029	0.0169709
3IBC-E-A	Positive	0.0247403	0.97526
3NII-B-A	Positive	0.410519	0.589481
3DNO-A-B	Negative	0.967486	0.0325136
3JAU-A-H	Negative	0.915592	0.0844083
3VA4-C-B	Negative	0.891497	0.108503
3C9C-B-A	Negative	0.930705	0.0692946
3IOL-B-A	Negative	0.830142	0.169858
3D32-C-A	Positive	0.295972	0.704028
3DVM-B-A	Negative	0.579706	0.420294
3BUM-A-B	Negative	0.651485	0.348515
3VXE-J-H	Negative	0.995708	0.00429205
3V30-B-A	Negative	0.968172	0.0318283
3RTC-B-A	Positive	0.333405	0.666595
3INS-A-B	Negative	0.987266	0.0127339
3IQU-P-A	Positive	0.0355955	0.964404
3PGD-C-A	Negative	0.989096	0.0109039
3G7L-P-A	Positive	0.269782	0.730218
3V3V-B-A	Negative	0.998813	0.00118663
3UW9-E-A	Negative	0.757456	0.242544
3UW9-F-B	Positive	0.45657	0.54343
3N93-C-B	Negative	0.883158	0.116842
3L0E-B-A	Negative	0.982132	0.0178677
3WGV-G-A	Negative	0.834445	0.165555
3WGV-E-C	Negative	0.725956	0.274044
3VN2-C-A	Negative	0.895806	0.104194
3TJH-B-A	Positive	0.313985	0.686015
3SQD-C-A	Negative	0.885771	0.114229
3SQD-D-B	Negative	0.667811	0.332189
3CM8-B-A	Negative	0.997876	0.00212411
3UJJ-P-L	Negative	0.842919	0.157081
3TFY-D-A	Positive	0.0572051	0.942795
3DVU-C-A	Negative	0.976682	0.0233177
3DVU-D-A	Negative	0.948503	0.0514972
3V56-G-A	Negative	0.76156	0.23844
3V56-I-A	Negative	0.76156	0.23844
3UKW-C-B	Negative	0.952363	0.047637
3CK0-P-L	Positive	0.177586	0.822414
3U4S-C-A	Negative	0.680362	0.319638
3U4S-D-B	Negative	0.90505	0.0949498
3GXE-F-B	Negative	0.824753	0.175247
3GXE-E-B	Negative	0.505917	0.494083
3UQ3-C-A	Negative	0.534587	0.465413
3D7V-B-A	Positive	0.496186	0.503814
3C5I-E-C	Negative	0.937567	0.0624333
3UED-B-A	Negative	0.791839	0.208161
3QZS-C-A	Positive	0.240597	0.759403
3POB-B-A	Positive	0.327918	0.672082
3I7O-B-A	Positive	0.413388	0.586612
3UE5-B-A	Negative	0.922333	0.0776666
3G8I-Z-A	Negative	0.941899	0.0581014
3WA4-B-A	Negative	0.827405	0.172595
3NJP-D-B	Negative	0.968009	0.0319907
3CH5-B-A	Negative	0.988151	0.0118489
3WP0-B-A	Negative	0.941527	0.0584733
3S8F-C-A	Negative	0.544674	0.455326
3T98-A-B	Negative	0.933497	0.0665033
3T98-C-B	Negative	0.89265	0.10735
3U7X-C-A	Negative	0.884607	0.115393
3AVL-F-A	Negative	0.939458	0.0605424
3MLZ-P-L	Negative	0.517359	0.482641
3MQR-B-A	Negative	0.570819	0.429181
3T5V-F-B	Negative	0.985128	0.014872
3AVH-E-A	Negative	0.828051	0.171949
3KEE-E-A	Negative	0.957077	0.0429231
3JZQ-P-A	Negative	0.721461	0.278539
3NIJ-B-A	Positive	0.135803	0.864197
3AL3-B-A	Negative	0.782926	0.217074
3RNM-F-C	Negative	0.963904	0.0360961
3ZLJ-D-A	Negative	0.988797	0.0112025
3ASK-P-A	Negative	0.809825	0.190175
3ASK-Q-B	Negative	0.870233	0.129767
3T5X-B-A	Negative	0.864904	0.135096
3U7D-B-A	Negative	0.881042	0.118958
3U7D-D-C	Negative	0.611659	0.388341
3OTS-P-A	Negative	0.977525	0.0224753
3VI1-C-A	Negative	0.581906	0.418094
3PWJ-C-A	Positive	0.0080291	0.991971
3EH5-C-A	Negative	0.660623	0.339377
3RFR-D-C	Positive	0.130801	0.869199
3RFR-H-G	Positive	0.134664	0.865336
3T03-C-A	Negative	0.967077	0.0329227
3T03-D-B	Positive	0.299547	0.700453
3RL0-A-B	Negative	0.957609	0.0423907
3RL0-g-B	Negative	0.923116	0.0768845
3RL0-I-C	Negative	0.972202	0.0277976
3RL0-h-F	Negative	0.906043	0.0939571
3RL0-j-F	Negative	0.866293	0.133707
3RL0-M-N	Negative	0.974958	0.025042
3CB8-B-A	Positive	0.0712347	0.928765
3AVG-D-A	Negative	0.938932	0.0610677
3C5L-B-A	Positive	0.308891	0.691109
3E4A-F-A	Positive	0.298586	0.701414
3U5N-D-A	Negative	0.901827	0.0981729
3WIM-B-A	Negative	0.527386	0.472614
3NJN-B-A	Negative	0.993156	0.0068441
3NJN-D-C	Negative	0.98906	0.01094
3OQZ-a-A	Negative	0.949444	0.0505563
3RWI-C-A	Negative	0.87074	0.12926
3MNW-P-A	Negative	0.975137	0.0248629
3N8M-B-A	Negative	0.561557	0.438443
3ZMS-C-A	Negative	0.663855	0.336145
3JVK-C-A	Positive	0.310189	0.689811
3EMH-B-A	Negative	0.620185	0.379815
3BUO-A-B	Negative	0.612701	0.387299
3E2U-E-A	Negative	0.87105	0.12895
3E2U-G-A	Negative	0.985896	0.014104
3ZWZ-B-A	Negative	0.991091	0.00890941
3BZF-P-A	Negative	0.585293	0.414707
3O34-B-A	Negative	0.89654	0.10346
3LKQ-C-A	Negative	0.939606	0.0603941
3NIN-D-A	Positive	0.219051	0.780949
3NIN-E-B	Positive	0.210676	0.789324
3I8C-B-A	Negative	0.994723	0.0052774
3L3G-C-A	Positive	0.488815	0.511185
3BTS-E-A	Negative	0.666353	0.333647
3BTS-F-B	Positive	0.478786	0.521214
3C94-B-A	Negative	0.911084	0.0889162
3C94-C-A	Negative	0.690632	0.309368
3JTI-B-A	Negative	0.9838	0.0161996
3TCG-I-A	Negative	0.67786	0.32214
3IFN-P-H	Negative	0.625586	0.374414
3DIW-C-A	Negative	0.689498	0.310502
3FON-P-A	Negative	0.82454	0.17546
3LN4-C-A	Negative	0.584212	0.415788
3LN5-C-A	Negative	0.971474	0.0285257
3PLF-A-B	Positive	0.0874143	0.912586
3A7Q-B-A	Negative	0.762308	0.237692
3ET3-P-A	Negative	0.978052	0.0219475
3PA7-D-A	Negative	0.855463	0.144537
3GSU-P-A	Negative	0.733439	0.266561
3SSB-C-A	Negative	0.986194	0.0138063
3SSB-I-A	Negative	0.983917	0.0160827
3SSB-D-B	Negative	0.993197	0.00680338
3SSB-J-B	Negative	0.954844	0.0451565
3PTH-B-A	Negative	0.854374	0.145626
3RGV-E-A	Positive	0.00263327	0.997367
3J9M-2-F	Negative	0.969769	0.0302315
3J9M-l-I	Negative	0.971741	0.0282592
3J9M-m-8	Negative	0.79604	0.20396
3J9M-4-r	Positive	0.38248	0.61752
3O71-B-A	Negative	0.801901	0.198099
3P6Z-A-B	Negative	0.950108	0.0498916
3P6Z-C-B	Negative	0.979027	0.0209735
3P6Z-G-H	Negative	0.963218	0.036782
3P6Z-I-H	Negative	0.961954	0.0380464
3ASL-B-A	Negative	0.916505	0.0834952
3B7S-B-A	Positive	0.380273	0.619727
3DRQ-C-A	Positive	0.128909	0.871091
3ZS6-B-A	Positive	0.445565	0.554435
3CRE-C-A	Negative	0.948304	0.0516957
3OGK-Q-B	Negative	0.63609	0.36391
3GJ6-B-A	Negative	0.990794	0.00920639
3MLY-P-L	Positive	0.464452	0.535548
3OMK-B-A	Negative	0.990545	0.00945459
3OMK-D-C	Negative	0.937473	0.0625271
3U1I-A-B	Negative	0.775866	0.224134
3U1I-C-B	Negative	0.775866	0.224134
3U1I-F-B	Negative	0.703073	0.296927
3I6K-C-A	Negative	0.518238	0.481762
3HDI-C-A	Positive	0.149238	0.850762
3HDI-D-A	Positive	0.134989	0.865011
3GJ8-B-A	Negative	0.940052	0.0599479
3GJ8-D-C	Negative	0.683613	0.316387
3ZQI-C-A	Positive	0.0489545	0.951045
3VXS-C-A	Positive	0.138784	0.861216
3C2G-C-A	Negative	0.875685	0.124315
3UOT-D-A	Negative	0.961944	0.0380564
3RQE-E-C	Negative	0.610955	0.389045
3UNN-B-A	Positive	0.485367	0.514633
3EWV-E-A	Negative	0.903782	0.0962176
3NMX-D-A	Negative	0.944018	0.0559822
3M3N-W-A	Negative	0.912341	0.0876588
3OBX-B-A	Negative	0.963062	0.0369376
3WXA-C-A	Negative	0.839371	0.160629
3M57-B-A	Negative	0.976159	0.0238407
3BH9-C-A	Negative	0.953843	0.0461566
3BTP-B-A	Negative	0.983744	0.0162563
3IDI-C-A	Negative	0.98591	0.0140905
3L3Q-B-A	Negative	0.904033	0.0959666
3L3Q-C-A	Positive	0.353635	0.646365
3JZR-P-A	Positive	0.00472802	0.995272
3VXR-C-A	Positive	0.215751	0.784249
3OP0-C-A	Positive	0.114671	0.885329
3VXO-C-A	Positive	0.325622	0.674378
3V52-P-H	Negative	0.947139	0.0528605
3CDG-P-A	Negative	0.930925	0.0690745
3A1G-B-A	Negative	0.602811	0.397189
3RC0-P-A	Negative	0.849646	0.150354
3IG6-A-B	Negative	0.733941	0.266059
3IG6-C-D	Negative	0.995299	0.00470081
3RQG-E-C	Positive	0.374773	0.625227
3KF9-B-A	Negative	0.855365	0.144635
3KF9-D-C	Positive	0.340945	0.659055
3D24-B-A	Negative	0.910287	0.0897126
3A2H-B-A	Negative	0.977108	0.0228916
3ZLD-B-A	Negative	0.980733	0.0192672
3WLB-C-A	Negative	0.982749	0.0172507
3BWA-C-A	Positive	0.477885	0.522115
3D8A-S-A	Negative	0.798501	0.201499
3D8A-U-A	Positive	0.0352051	0.964795
3ZG7-A-B	Negative	0.960857	0.0391434
3AVM-D-A	Negative	0.98122	0.0187803
3KBL-B-A	Negative	0.952341	0.0476587
3DKS-F-A	Negative	0.996033	0.00396713
3V4O-B-A	Negative	0.597891	0.402109
3GHB-P-L	Negative	0.876841	0.123159
3GHB-Q-M	Negative	0.935616	0.0643841
3SOV-Z-A	Negative	0.508916	0.491084
3FII-B-A	Negative	0.977132	0.0228678
3E8C-G-A	Negative	0.870239	0.129761
3E8C-L-F	Negative	0.685454	0.314546
3U9Z-C-A	Negative	0.924083	0.0759165
3V7D-E-B	Negative	0.99045	0.00954973
3CAL-B-A	Negative	0.695096	0.304904
3CAL-D-A	Negative	0.695096	0.304904
3JWR-C-A	Negative	0.69016	0.30984
3G43-F-C	Negative	0.920139	0.0798608
3J7O-l-X	Negative	0.944201	0.0557987
3S6P-E-A	Positive	0.191365	0.808635
3S6P-F-B	Positive	0.186964	0.813036
3ZQG-C-A	Negative	0.895683	0.104317
3T1E-E-A	Negative	0.915512	0.0844884
3D8C-B-A	Negative	0.945363	0.0546368
3SJD-E-A	Negative	0.914299	0.085701
3BU3-B-A	Positive	0.233889	0.766111
3VZA-F-B	Negative	0.974182	0.0258179
3VRI-C-A	Negative	0.992527	0.00747262
3ZRM-X-A	Negative	0.923891	0.0761089
3ZRM-Y-B	Positive	0.434859	0.565141
3K6T-B-A	Negative	0.974752	0.025248
3K6T-D-A	Negative	0.97213	0.0278704
3ZN0-C-A	Positive	0.17308	0.82692
3TDZ-E-A	Negative	0.97533	0.0246696
3C66-C-A	Negative	0.807377	0.192623
3C66-D-B	Negative	0.936301	0.0636986
3S3X-D-A	Negative	0.953367	0.046633
3BFW-B-A	Negative	0.982789	0.0172111
3BFW-D-C	Negative	0.87063	0.12937
3ZN8-S-M	Negative	0.906143	0.0938567
3ZDI-B-A	Negative	0.9878	0.0121998
3WUV-C-A	Negative	0.813034	0.186966
3WUV-D-A	Negative	0.981809	0.0181908
3DY0-B-A	Negative	0.954293	0.0457066
3AM8-E-A	Negative	0.922601	0.0773994
3DAB-B-A	Negative	0.997373	0.00262743
3DAB-F-E	Negative	0.992344	0.00765553
3DAB-H-G	Negative	0.996087	0.00391306
3KMT-G-A	Positive	0.127646	0.872354
3DVE-B-A	Negative	0.864101	0.135899
3HKZ-Y-A	Negative	0.861871	0.138129
3U3D-B-A	Negative	0.583362	0.416638
3LYV-E-A	Negative	0.984024	0.0159761
3LYV-F-A	Negative	0.984392	0.015608
3LYV-D-C	Negative	0.931898	0.0681017
3I6G-C-A	Negative	0.754354	0.245646
3M7U-B-A	Negative	0.980379	0.019621
3MK4-B-A	Negative	0.907125	0.0928747
3RQF-E-A	Negative	0.982834	0.0171659
3JB6-C-A	Negative	0.959746	0.0402542
3JB6-D-A	Negative	0.997038	0.00296236
3FT4-P-A	Positive	0.243371	0.756629
3DXC-B-A	Negative	0.976287	0.023713
3DXC-D-A	Negative	0.988371	0.0116292
3OMH-E-A	Negative	0.937295	0.0627049
3BIN-B-A	Positive	0.384711	0.615289
3TSZ-B-A	Negative	0.993099	0.00690094
3EG9-C-B	Negative	0.971514	0.0284857
3GP2-B-A	Negative	0.852628	0.147372
3Q4L-C-A	Negative	0.875719	0.124281
3CVL-B-A	Negative	0.839536	0.160464
3HA6-B-A	Negative	0.985838	0.0141624
3WN7-B-A	Negative	0.985488	0.0145119
3GSX-P-A	Negative	0.79579	0.20421
3ZE2-I-A	Positive	0.151182	0.848818
3ZE2-J-C	Positive	0.151182	0.848818
3BXL-B-A	Negative	0.830048	0.169952
3WYG-D-C	Negative	0.678674	0.321326
3SVM-P-A	Positive	0.348578	0.651422
3MEV-C-A	Positive	0.238535	0.761465
3S3P-B-A	Negative	0.943392	0.0566079
3V31-B-A	Negative	0.77251	0.22749
3VDD-D-A	Positive	0.443149	0.556851
3OUB-P-A	Negative	0.934466	0.0655338
3BT2-B-U	Negative	0.957332	0.0426681
3FHP-A-B	Negative	0.987266	0.0127339
3FHP-C-B	Negative	0.987266	0.0127339
3GD2-B-A	Negative	0.5798	0.4202
3ZQH-C-A	Negative	0.898393	0.101607
3DVJ-B-A	Negative	0.854277	0.145723
3UAI-B-A	Negative	0.868116	0.131883
3W3W-B-A	Negative	0.995832	0.00416786
3KND-B-A	Negative	0.879485	0.120515
3QKS-C-A	Negative	0.746174	0.253826
3SRI-B-A	Negative	0.985741	0.0142585
3MMG-C-A	Negative	0.889803	0.110197
3MMG-D-A	Negative	0.891096	0.108904
3NJJ-B-A	Negative	0.998174	0.001826
3SYN-E-A	Negative	0.978983	0.0210171
3H3P-S-H	Negative	0.93745	0.0625501
3H3P-T-I	Negative	0.999308	0.00069233
3J7Y-2-F	Negative	0.98956	0.0104404
3J7Y-a-K	Negative	0.819394	0.180606
3JZH-B-A	Positive	0.357344	0.642656
3KL8-B-A	Negative	0.913728	0.0862723
3KL8-F-A	Negative	0.938713	0.0612869
3KL8-D-C	Negative	0.958081	0.0419188
3T4P-B-A	Negative	0.876242	0.123758
3GJQ-E-A	Negative	0.806701	0.193299
3OY6-P-U	Negative	0.931599	0.0684011
3HDA-Z-P	Positive	0.108419	0.891581
3EGD-D-B	Negative	0.990948	0.00905229
3TZW-D-A	Negative	0.861301	0.138699
3I7Z-B-A	Negative	0.936492	0.0635082
3KUJ-B-A	Negative	0.517944	0.482056
3LGE-E-A	Positive	0.0188975	0.981103
3LGE-F-B	Positive	0.181908	0.818092
3FTG-C-A	Negative	0.668719	0.331281
3SJH-B-A	Negative	0.985028	0.0149723
3B0Z-A-B	Negative	0.932796	0.0672043
3SKM-C-A	Positive	0.00501782	0.994982
3BYA-B-A	Negative	0.922627	0.0773725
3DD7-B-A	Negative	0.948931	0.0510694
3DD7-D-C	Negative	0.963203	0.0367974
3ZRZ-C-A	Negative	0.988283	0.0117171
3ALO-E-A	Positive	0.480929	0.519071
3RWH-C-A	Negative	0.906796	0.0932045
3RO2-B-A	Negative	0.94593	0.0540696
3VRJ-C-A	Negative	0.833435	0.166565
3DXE-B-A	Negative	0.956158	0.0438422
3TEI-B-A	Negative	0.974328	0.0256716
3VUW-F-B	Negative	0.991262	0.00873788
3PFV-D-B	Positive	0.0716214	0.928379
3VFU-C-A	Positive	0.417763	0.582237
3QN7-B-A	Positive	0.218305	0.781695
3DPO-C-A	Positive	0.445103	0.554897
3TWT-E-A	Negative	0.968571	0.0314289
3TWT-F-A	Negative	0.552503	0.447497
3TWT-H-A	Negative	0.992846	0.00715415
3TWT-G-C	Negative	0.879601	0.120399
3IAX-B-A	Negative	0.822095	0.177905
3A79-C-A	Negative	0.949543	0.0504574
3UVO-B-A	Positive	0.104266	0.895734
3QHR-K-A	Negative	0.991739	0.00826085
3QHR-L-B	Negative	0.991739	0.00826085
3MRG-P-A	Positive	0.282221	0.717779
3S1B-A-V	Negative	0.949695	0.0503046
3F1I-C-H	Negative	0.959631	0.0403686
3PLU-C-A	Negative	0.977052	0.0229478
3WU2-F-A	Negative	0.790972	0.209028
3WU2-I-A	Negative	0.538247	0.461753
3WU2-J-A	Positive	0.248883	0.751117
3WU2-L-A	Negative	0.982803	0.0171973
3WU2-T-A	Positive	0.130328	0.869672
3WU2-t-B	Positive	0.130328	0.869672
3WU2-Y-C	Negative	0.959374	0.0406262
3WU2-f-a	Negative	0.653113	0.346887
3WU2-j-a	Positive	0.464806	0.535194
3WU2-y-c	Negative	0.849056	0.150944
3D25-C-A	Positive	0.367012	0.632988
3KTI-H-A	Positive	0.386638	0.613362
3RC4-B-A	Positive	0.344203	0.655797
3WKN-E-C	Positive	0.423702	0.576298
3WKN-L-C	Positive	0.0381145	0.961885
3WKN-F-B	Negative	0.884112	0.115888
3WKN-H-D	Positive	0.0333034	0.966697
3WKN-P-D	Negative	0.889681	0.110319
3IPU-C-A	Negative	0.878868	0.121132
3EYF-E-A	Negative	0.935922	0.0640777
3FQW-C-A	Positive	0.0361858	0.963814
3J1O-N-I	Positive	0.272893	0.727107
3SI5-X-A	Negative	0.968431	0.0315691
3SI5-Y-B	Negative	0.969089	0.0309107
3QKR-C-A	Negative	0.931417	0.068583
3JCJ-d-F	Negative	0.801931	0.198069
3JCJ-b-S	Negative	0.854046	0.145954
3JCJ-G-W	Negative	0.868307	0.131693
3JCJ-a-c	Negative	0.915134	0.0848663
3V11-C-A	Negative	0.950242	0.0497581
3KYO-P-A	Negative	0.730381	0.269619
3L6X-B-A	Negative	0.96333	0.0366703
3DV0-I-B	Negative	0.825775	0.174225
3DV0-J-F	Negative	0.973917	0.0260833
3D36-C-A	Negative	0.970217	0.029783
3DS1-T-A	Positive	0.0485547	0.951445
3TVJ-I-B	Negative	0.987438	0.012562
3C5T-B-A	Negative	0.794058	0.205942
3W6K-A-B	Negative	0.506595	0.493405
3W6K-D-B	Negative	0.843848	0.156152
3DRT-C-A	Negative	0.564489	0.435511
3C0T-B-A	Negative	0.749821	0.250179
3BW9-C-A	Negative	0.893255	0.106745
3QFJ-C-A	Positive	0.0841085	0.915891
3ZN1-C-A	Positive	0.482198	0.517802
3SZM-I-A	Negative	0.925643	0.074357
3VFT-C-A	Positive	0.38101	0.61899
3M5N-F-B	Negative	0.922103	0.0778969
3U86-B-A	Positive	0.487835	0.512165
3LNY-B-A	Negative	0.63047	0.36953
3UVM-B-A	Negative	0.599211	0.400789
3U5P-I-A	Positive	0.283249	0.716751
3U5P-J-B	Negative	0.518686	0.481314
3U5P-M-E	Positive	0.498881	0.501119
3RWE-C-A	Positive	0.0342993	0.965701
3KMG-B-A	Negative	0.958657	0.0413433
3KMG-E-D	Negative	0.555769	0.444231
3H0A-B-A	Negative	0.869531	0.130469
3H0A-E-D	Negative	0.884175	0.115825
3DRI-B-A	Positive	0.177687	0.822313
3WNF-C-A	Negative	0.846902	0.153098
3AVI-D-A	Negative	0.988852	0.0111482
3QJ6-T-A	Negative	0.535434	0.464566
3AVZ-B-A	Negative	0.694695	0.305305
3AVN-G-A	Negative	0.990344	0.0096562
3KDP-G-A	Negative	0.818044	0.181956
3QIW-E-A	Negative	0.529597	0.470403
3VQG-B-A	Positive	0.373263	0.626737
3KPE-B-A	Negative	0.995896	0.00410424
3P72-B-A	Negative	0.978357	0.0216434
3ZDY-J-C	Positive	0.268051	0.731949
3R0L-A-D	Negative	0.981398	0.0186017
3R0L-B-D	Negative	0.911601	0.0883987
3WGU-G-A	Negative	0.834445	0.165555
3WGU-E-C	Negative	0.725956	0.274044
3S3J-B-A	Negative	0.896855	0.103145
3BRT-A-B	Negative	0.938295	0.0617045
3BRT-C-B	Negative	0.972879	0.0271208
3BOO-B-A	Negative	0.609895	0.390105
3UVN-B-A	Negative	0.854985	0.145015
3UVN-D-C	Negative	0.717804	0.282196
3D9P-Z-B	Positive	0.402966	0.597034
3C89-B-A	Negative	0.501972	0.498028
3G9W-C-A	Negative	0.874818	0.125182
3G9W-D-A	Negative	0.956871	0.0431289
3P70-M-B	Negative	0.894738	0.105262
3P70-O-B	Negative	0.837781	0.162219
3P70-G-H	Negative	0.980938	0.0190623
3P70-P-H	Negative	0.943924	0.0560756
3ZIP-B-A	Positive	0.3913	0.6087
3ZIP-C-A	Positive	0.376473	0.623527
3NY3-B-A	Positive	0.261037	0.738963
3ZMP-C-B	Negative	0.858182	0.141818
3UXG-B-A	Negative	0.880522	0.119478
3K6G-D-A	Negative	0.979902	0.020098
3K6G-E-A	Negative	0.959271	0.0407293
3K6G-F-B	Negative	0.967156	0.0328435
3T1U-B-A	Negative	0.770695	0.229305
3UTT-C-A	Positive	0.0841221	0.915878
3JZ1-A-B	Negative	0.950108	0.0498916
3I4N-L-B	Negative	0.971847	0.028153
3D4B-D-A	Negative	0.9405	0.0595003
3LV3-C-A	Positive	0.394461	0.605539
3FBI-C-D	Negative	0.904739	0.0952613
3I8E-C-A	Negative	0.778013	0.221987
3RDV-E-A	Negative	0.844671	0.155329
3EXB-B-A	Positive	0.297996	0.702004
3D1E-P-A	Negative	0.935884	0.0641162
3FMA-L-A	Negative	0.663027	0.336973
3FMA-M-B	Negative	0.679997	0.320003
3FMA-N-B	Negative	0.796656	0.203344
3DNJ-C-A	Negative	0.717293	0.282707
3IXT-P-L	Negative	0.962736	0.037264
3FIV-I-A	Positive	0.317595	0.682405
3LKO-C-A	Negative	0.848902	0.151098
3N57-C-A	Negative	0.939429	0.0605708
3SJK-B-A	Positive	0.316663	0.683337
3TWU-B-A	Negative	0.685976	0.314024
3TZY-D-A	Negative	0.861301	0.138699
3QIU-E-A	Negative	0.584922	0.415078
3DD2-L-H	Negative	0.987894	0.0121056
3OIQ-B-A	Negative	0.683672	0.316328
3O41-P-L	Negative	0.971543	0.0284572
3GSR-P-A	Negative	0.51373	0.48627
3QQ4-C-A	Negative	0.72441	0.27559
3GS2-B-A	Negative	0.912968	0.0870317
3GS2-D-A	Negative	0.958162	0.0418376
3QQ3-C-A	Negative	0.510241	0.489759
3OU4-C-A	Positive	0.160795	0.839205
3H85-P-A	Negative	0.712375	0.287625
3UKY-C-B	Negative	0.955813	0.0441867
3UP3-P-A	Positive	0.300394	0.699606
3GD1-Z-I	Negative	0.968578	0.0314223
3AAE-X-A	Negative	0.894703	0.105297
3AAE-Y-C	Negative	0.948523	0.051477
3AAE-W-G	Negative	0.945262	0.0547382
3AAE-V-I	Negative	0.854957	0.145044
3QW7-B-A	Positive	0.398695	0.601305
3MRQ-P-A	Negative	0.94126	0.0587398
3G2V-C-A	Negative	0.986441	0.013559
3G2V-D-A	Negative	0.954171	0.0458291
3O36-E-A	Positive	0.208833	0.791167
3UL1-A-B	Negative	0.849018	0.150982
3KL4-B-A	Negative	0.799022	0.200978
3IQI-P-X	Negative	0.985962	0.0140381
3BQO-B-A	Negative	0.988955	0.0110451
3K23-F-C	Negative	0.979612	0.0203883
3TSI-A-D	Negative	0.938306	0.061694
3TSI-B-D	Negative	0.904767	0.095233
3BGM-C-A	Negative	0.966767	0.0332331
3F7D-B-A	Negative	0.977995	0.0220054
3RJM-E-A	Negative	0.646728	0.353272
3L9K-X-A	Negative	0.863343	0.136657
3L3Z-B-A	Negative	0.645296	0.354704
3PL7-C-A	Negative	0.980133	0.0198671
3HUF-E-A	Negative	0.747683	0.252317
3JRV-C-A	Negative	0.65322	0.34678
3JRV-D-B	Negative	0.779867	0.220133
3JRV-E-B	Negative	0.845496	0.154504
3N5U-C-A	Negative	0.951529	0.0484713
3UA7-E-A	Negative	0.977387	0.0226134
3UA7-F-D	Negative	0.977387	0.0226134
3PWN-C-A	Positive	0.0121623	0.987838
3ZIQ-B-A	Positive	0.320649	0.679351
3ZIQ-C-A	Negative	0.77382	0.22618
3TWW-C-A	Negative	0.829625	0.170375
3TWW-D-A	Negative	0.556746	0.443254
3WOR-C-A	Negative	0.696028	0.303972
3LKN-C-A	Negative	0.544681	0.455319
3QI2-C-A	Negative	0.921304	0.0786964
3QI2-D-A	Negative	0.961979	0.0380208
3GLU-B-A	Negative	0.959839	0.0401609
3TIW-C-A	Positive	0.416603	0.583397
3TIW-D-A	Positive	0.404472	0.595528
3T6J-B-A	Positive	0.395533	0.604467
3D3T-P-A	Negative	0.987897	0.0121028
3ZG8-A-B	Negative	0.967449	0.0325507
3PDO-C-A	Negative	0.974651	0.025349
3GJ5-B-A	Negative	0.850766	0.149234
3DL8-C-G	Negative	0.986735	0.0132655
3SFJ-B-A	Negative	0.955902	0.0440984
3JCN-H-X	Negative	0.855636	0.144364
3N97-D-A	Negative	0.979138	0.0208624
3O2B-D-C	Positive	0.261545	0.738455
3TJV-B-A	Negative	0.642986	0.357014
3JCK-I-A	Negative	0.943604	0.0563964
3MAT-I-A	Negative	0.80027	0.19973
3ZIO-B-A	Positive	0.143114	0.856886
3ZIO-C-A	Positive	0.0419789	0.958021
3FE7-L-A	Negative	0.793689	0.206311
3IJ0-B-A	Positive	0.487858	0.512142
3IFP-S-E	Negative	0.713986	0.286014
3JUA-B-A	Negative	0.976567	0.0234329
3JUA-D-C	Negative	0.946333	0.0536668
3JUA-F-E	Negative	0.874286	0.125714
3JUA-H-G	Negative	0.994244	0.00575576
3AX5-B-A	Negative	0.608891	0.391109
3PK1-B-A	Negative	0.993368	0.0066317
3M4W-E-A	Negative	0.987132	0.012868
3M4W-G-A	Negative	0.968409	0.0315913
3M4W-H-B	Negative	0.994903	0.00509737
3P9M-F-A	Negative	0.994418	0.00558222
3B1K-C-A	Negative	0.934689	0.0653111
3B1K-J-A	Negative	0.943559	0.0564411
3AZQ-C-A	Positive	0.112931	0.887069
3OB2-A-B	Negative	0.783645	0.216355
3K16-B-A	Positive	0.352806	0.647194
3TG5-B-A	Negative	0.783227	0.216773
3PCS-E-A	Negative	0.580474	0.419526
3PCS-F-B	Negative	0.861746	0.138254
3PCS-G-B	Positive	0.380666	0.619334
3PCS-H-D	Positive	0.221995	0.778005
3RZX-B-A	Negative	0.89492	0.10508
3F58-P-L	Positive	0.41718	0.58282
3P4F-B-A	Negative	0.84264	0.15736
3P4F-C-A	Negative	0.512831	0.487169
3K48-R-A	Negative	0.850472	0.149528
3K48-S-A	Negative	0.777287	0.222713
3TVT-B-A	Negative	0.889089	0.110911
3G2U-C-A	Negative	0.987953	0.0120473
3DRK-B-A	Negative	0.847904	0.152096
3GSV-P-A	Negative	0.87678	0.12322
3J7Z-6-5	Negative	0.955511	0.0444894
3G03-B-A	Positive	0.00866717	0.991333
3FS1-B-A	Positive	0.239112	0.760888
3AVC-D-A	Negative	0.983303	0.0166966
3CW2-L-B	Negative	0.991996	0.00800366
3CW2-N-F	Negative	0.905763	0.0942366
3LW1-P-A	Positive	0.219506	0.780494
3SRN-B-A	Negative	0.823546	0.176454
3TWV-E-A	Negative	0.864507	0.135493
3TWV-H-A	Negative	0.835381	0.164619
3TWV-G-C	Positive	0.4415	0.5585
3BPQ-A-B	Negative	0.863016	0.136984
3BPQ-C-B	Negative	0.762225	0.237775
3TBH-B-A	Negative	0.755571	0.244429
3D1F-P-A	Negative	0.995261	0.00473857
3P3N-B-A	Positive	0.0775174	0.922483
3QIS-B-A	Negative	0.881638	0.118362
3QUK-C-A	Negative	0.814454	0.185546
3LKR-C-A	Negative	0.651073	0.348927
3NTI-C-A	Negative	0.725995	0.274005
3MHR-P-A	Positive	0.441363	0.558637
3ZRL-Y-B	Positive	0.379868	0.620132
3CH1-C-A	Negative	0.981146	0.0188537
3CH1-I-G	Negative	0.981146	0.0188537
3ZG6-F-A	Negative	0.803394	0.196606
3AVB-X-A	Negative	0.985154	0.0148459
3W5A-C-A	Negative	0.970105	0.0298954
3ICI-C-A	Negative	0.809419	0.190581
3T1N-C-A	Negative	0.965732	0.0342685
3LL8-E-A	Negative	0.819474	0.180526
3WUT-B-A	Negative	0.863051	0.136949
3WUT-C-A	Negative	0.654072	0.345928
3WUT-F-D	Negative	0.654072	0.345928
3WUT-K-G	Negative	0.974144	0.025856
3FN0-P-L	Positive	0.141986	0.858014
3NDD-B-A	Negative	0.884354	0.115646
3HS9-P-A	Negative	0.569863	0.430137
3F02-C-A	Positive	0.334729	0.665271
3F02-D-B	Positive	0.173128	0.826872
3FIF-Y-F	Positive	0.0624173	0.937583
3KJ2-B-A	Negative	0.859635	0.140365
3VXW-B-A	Negative	0.991399	0.00860059
3E5A-B-A	Negative	0.977513	0.0224873
3HKI-A-B	Negative	0.975929	0.0240714
3HKI-C-B	Negative	0.988064	0.0119361
3HKI-F-E	Negative	0.657027	0.342973
3SML-P-A	Negative	0.613083	0.386917
3O43-B-A	Negative	0.867513	0.132487
3BU5-B-A	Negative	0.902035	0.0979655
3WSR-C-A	Negative	0.778307	0.221693
3WSR-D-A	Negative	0.742929	0.257071
3ZMV-C-A	Negative	0.740914	0.259086
3ZMV-D-A	Negative	0.853889	0.146111
3V3B-D-A	Negative	0.999064	0.000935824
3V3B-C-B	Negative	0.984979	0.0150211
3GHE-P-L	Positive	0.0897689	0.910231
3RTX-C-A	Negative	0.731046	0.268954
3ZMZ-C-A	Positive	0.111161	0.888839
3AJB-B-A	Positive	0.456986	0.543014
3COJ-H-X	Negative	0.927548	0.0724524
3COJ-M-B	Negative	0.944256	0.055744
3COJ-K-C	Negative	0.945685	0.0543155
3COJ-N-F	Negative	0.834215	0.165785
3B80-C-A	Negative	0.98967	0.0103301
3KYT-C-A	Negative	0.615445	0.384555
3RK3-E-B	Negative	0.89865	0.10135
3ZKE-B-A	Positive	0.213436	0.786564
3ZKE-F-C	Negative	0.780464	0.219536
3KUI-B-A	Negative	0.981484	0.0185158
3GV4-H-A	Positive	0.210437	0.789563
3DRH-B-A	Positive	0.109229	0.890771
3WMG-B-A	Negative	0.973555	0.0264452
3QGL-F-A	Negative	0.86616	0.13384
3VE6-B-A	Negative	0.617556	0.382444
3EQY-C-A	Negative	0.822991	0.177008
3CWW-E-A	Negative	0.520191	0.479809
3CWW-D-B	Negative	0.502	0.498
3HBV-Z-P	Negative	0.502985	0.497015
3BRV-A-B	Negative	0.939399	0.0606013
3BRV-C-B	Negative	0.97764	0.0223603
3Q47-C-B	Negative	0.900117	0.0998835
3AH8-G-B	Positive	0.184437	0.815563
3SM1-J-A	Positive	0.165322	0.834678
3S7K-A-B	Negative	0.966767	0.0332327
3S7K-C-B	Negative	0.993825	0.00617462
3DXD-B-A	Negative	0.952365	0.0476354
3DXD-D-A	Negative	0.980027	0.0199725
3FWV-C-A	Negative	0.988251	0.0117493
3PUJ-C-A	Negative	0.77242	0.22758
3TJ3-D-A	Negative	0.975462	0.0245379
3KJ0-B-A	Negative	0.7639	0.2361
3C9Q-L-A	Positive	0.368016	0.631984
3E90-A-B	Positive	0.270088	0.729912
3E90-C-B	Negative	0.972461	0.0275395
3KZE-D-A	Positive	0.349985	0.650015
3KZE-E-C	Positive	0.048094	0.951906
3GIS-A-B	Negative	0.987819	0.012181
3GIS-E-B	Negative	0.987819	0.012181
3IXS-B-A	Negative	0.966027	0.0339725
3IXS-D-A	Negative	0.984469	0.015531
3IXS-H-A	Negative	0.95998	0.0400204
3IXS-F-C	Negative	0.971467	0.0285334
3IXS-J-I	Negative	0.976321	0.0236793
3C3O-B-A	Negative	0.971609	0.0283911
3O3B-C-A	Negative	0.543296	0.456704
3C2A-P-L	Negative	0.916391	0.0836086
3G5Y-E-A	Negative	0.944385	0.0556149
3FKS-I-C	Positive	0.260104	0.739896
3FKS-R-P	Positive	0.41792	0.58208
3FKS-1-Y	Positive	0.178343	0.821657
3TBY-C-A	Negative	0.92105	0.07895
3P37-E-A	Positive	0.229017	0.770983
3P37-D-B	Positive	0.229017	0.770983
3JBV-z-e	Negative	0.973378	0.026622
3R85-E-A	Negative	0.986438	0.0135623
3R85-F-B	Negative	0.98864	0.0113598
3R85-G-C	Negative	0.971639	0.0283613
3R85-H-D	Negative	0.980663	0.0193366
3MNZ-P-A	Negative	0.882012	0.117988
3MLW-P-L	Positive	0.413379	0.586621
3MLW-Q-M	Negative	0.635085	0.364915
3BZI-E-A	Positive	0.286635	0.713365
3VU7-Z-C	Negative	0.900339	0.0996611
3CXD-P-L	Negative	0.986665	0.013335
3DOW-B-A	Negative	0.898951	0.101049
3AVR-B-A	Positive	0.356076	0.643924
3BG4-D-B	Negative	0.972313	0.0276869
3AVA-X-A	Negative	0.706743	0.293257
3MRL-P-A	Positive	0.289546	0.710454
3U23-B-A	Negative	0.983102	0.0168982
3QBR-B-A	Negative	0.986137	0.0138628
3QBR-Y-X	Negative	0.964693	0.035307
3KLA-C-A	Negative	0.959209	0.0407907
3HQL-C-A	Positive	0.01123	0.98877
3HQL-D-A	Positive	0.0978315	0.902169
3SNC-H-A	Positive	0.0477897	0.95221
3CBM-B-A	Positive	0.338772	0.661228
3TJU-B-A	Positive	0.0545779	0.945422
3H9H-C-A	Negative	0.589087	0.410913
3B23-C-B	Negative	0.995743	0.00425666
3H1Z-P-A	Positive	0.10834	0.89166
3QNZ-C-A	Negative	0.893528	0.106472
3QV1-G-A	Negative	0.915226	0.0847738
3QV1-I-A	Negative	0.899206	0.100794
3QV1-H-B	Negative	0.905933	0.0940673
3S7D-I-A	Negative	0.809668	0.190332
3ZGA-A-B	Negative	0.979093	0.0209067
3GXV-C-A	Negative	0.880251	0.119749
3GXV-D-A	Negative	0.794037	0.205963
3WMJ-B-A	Negative	0.718658	0.281342
3PD0-B-A	Negative	0.898453	0.101547
3MGO-C-A	Negative	0.88402	0.11598
3IQG-P-X	Negative	0.863127	0.136873
3I5R-B-A	Negative	0.870291	0.129709
3MLT-P-L	Negative	0.963086	0.0369139
3MGT-C-A	Negative	0.952991	0.0470089
3UM3-B-A	Negative	0.848579	0.151421
3BRF-D-A	Negative	0.975845	0.0241548
3PHD-E-A	Positive	0.267118	0.732882
3PHD-F-B	Positive	0.202283	0.797717
3PHD-G-C	Negative	0.956132	0.043868
3PHD-H-D	Negative	0.98506	0.0149396
3WBN-B-A	Positive	0.368884	0.631116
3FQT-C-A	Positive	0.124958	0.875042
3TJ5-B-A	Negative	0.938707	0.0612933
3UKX-C-B	Negative	0.819241	0.180759
3M61-P-U	Negative	0.948162	0.0518381
3CV0-B-A	Negative	0.814857	0.185143
3VJ6-P-A	Negative	0.567089	0.432911
3MOD-P-L	Positive	0.497255	0.502745
3G2S-C-A	Negative	0.783634	0.216366
3GGZ-E-A	Negative	0.721935	0.278065
3GGZ-G-C	Negative	0.831366	0.168634
3GGZ-H-D	Positive	0.38462	0.61538
3IVB-M-A	Positive	0.102338	0.897662
3OE0-I-A	Positive	0.299237	0.700763
3KIK-E-A	Negative	0.992156	0.0078438
3KIK-H-A	Negative	0.992364	0.00763579
3KIK-G-B	Negative	0.991737	0.00826325
3NIL-X-B	Positive	0.0874143	0.912586
3H1C-D-A	Negative	0.816537	0.183462
3IZO-F-A	Positive	0.180421	0.819579
3TPU-J-A	Positive	0.265201	0.734799
3EE0-A-B	Negative	0.950108	0.0498916
3D42-B-A	Negative	0.863366	0.136634
3CAA-B-A	Positive	0.469212	0.530788
3IUX-B-A	Negative	0.9799	0.0201
3HTU-B-A	Negative	0.976838	0.0231625
3HTU-D-A	Negative	0.977084	0.022916
3HTU-F-E	Negative	0.988607	0.0113935
3HQH-M-A	Positive	0.268273	0.731727
3DRO-P-A	Positive	0.211446	0.788554
3CYY-C-A	Negative	0.901924	0.0980759
3KZI-F-A	Negative	0.711583	0.288417
3KZI-I-A	Negative	0.647497	0.352503
3KZI-J-A	Positive	0.244349	0.755651
3KZI-M-A	Negative	0.90983	0.0901697
3KZI-T-A	Positive	0.108147	0.891853
3EGX-D-B	Negative	0.772816	0.227184
3BUA-E-A	Negative	0.537825	0.462175
3BUA-H-A	Negative	0.881404	0.118596
3BUA-F-B	Negative	0.620231	0.379769
3BUA-G-C	Negative	0.931582	0.068418
3VRO-B-A	Positive	0.180003	0.819997
3ZHF-B-A	Positive	0.472495	0.527505
3GQ1-C-A	Negative	0.820252	0.179748
3OKI-D-C	Negative	0.954068	0.0459318
3SRJ-C-A	Positive	0.0288845	0.971115
3SRJ-D-A	Negative	0.931234	0.0687663
3SRJ-E-B	Positive	0.0597277	0.940272
3SRJ-F-B	Negative	0.761754	0.238246
3P9G-B-A	Negative	0.967012	0.0329884
3MET-C-A	Negative	0.64698	0.35302
3HCV-C-A	Positive	0.143224	0.856776
3SWC-P-A	Negative	0.97256	0.0274396
3SWC-Q-B	Positive	0.26414	0.73586
3L3X-B-A	Negative	0.696522	0.303478
3PQR-B-A	Negative	0.742906	0.257094
3MRI-P-A	Positive	0.251717	0.748283
3E50-C-A	Negative	0.787916	0.212084
3E50-D-B	Negative	0.519262	0.480738
3GLW-Z-A	Negative	0.964985	0.0350147
3AVK-D-A	Negative	0.979573	0.0204271
3J3V-2-E	Negative	0.970139	0.0298609
3J81-h-O	Positive	0.466937	0.533063
3J81-l-k	Negative	0.982602	0.0173978
3I6L-F-D	Negative	0.994709	0.00529068
3BFQ-F-G	Negative	0.876703	0.123297
3G5V-C-A	Negative	0.944385	0.0556149
3MUK-D-A	Positive	0.273332	0.726668
3B7T-B-A	Positive	0.474718	0.525282
3SNA-H-A	Negative	0.695124	0.304876
3D9K-Y-A	Positive	0.0911953	0.908805
3D9K-Z-B	Positive	0.0645934	0.935407
3JCD-x-M	Negative	0.963509	0.0364912
3WNG-C-A	Negative	0.663031	0.336969
3OAK-D-A	Negative	0.835167	0.164833
3OAK-C-B	Negative	0.924005	0.0759954
3WDZ-B-A	Negative	0.978457	0.0215426
3H8A-E-A	Negative	0.998573	0.00142743
3H8A-F-B	Negative	0.986625	0.0133748
3H44-C-A	Negative	0.69474	0.30526
3H44-D-B	Positive	0.364399	0.635601
3EFO-C-B	Negative	0.854411	0.145589
3TBT-C-A	Negative	0.914808	0.0851917
3UVY-B-A	Positive	0.406479	0.593521
3C88-B-A	Negative	0.672113	0.327887
3SNB-H-A	Negative	0.716476	0.283524
3NKX-P-A	Negative	0.835836	0.164164
3O3E-C-A	Negative	0.50254	0.49746
3CFV-E-B	Negative	0.873568	0.126432
3CFV-F-B	Negative	0.865671	0.134329
3QRX-B-A	Negative	0.950799	0.0492007
3ZRK-X-A	Negative	0.891418	0.108582
3FBN-C-D	Negative	0.881522	0.118478
3DDB-B-A	Positive	0.293296	0.706704
3UIJ-Q-B	Positive	0.365206	0.634794
3P2Z-B-A	Positive	0.41443	0.58557
3LOB-D-A	Negative	0.726589	0.273411
3LOB-E-B	Negative	0.775617	0.224383
3LOB-F-C	Negative	0.547025	0.452975
3ZQF-C-A	Positive	0.34603	0.65397
3I7L-B-A	Negative	0.532802	0.467198
3GM1-E-A	Positive	0.196167	0.803833
3OU1-P-A	Positive	0.481593	0.518407
3DEP-B-A	Negative	0.854635	0.145365
3GZE-X-A	Positive	0.38125	0.61875
3GZE-Y-C	Positive	0.146486	0.853514
3HSV-M-A	Positive	0.428402	0.571598
3ZZZ-C-A	Negative	0.887813	0.112187
3ZZZ-D-A	Negative	0.887813	0.112187
3JCS-l-V	Negative	0.822335	0.177665
3DS9-B-A	Negative	0.758795	0.241205
3R9I-E-A	Negative	0.99474	0.00525955
3R9I-G-C	Negative	0.989691	0.0103093
3TZ1-B-A	Negative	0.912506	0.0874941
3ATW-C-A	Negative	0.68295	0.31705
3L6F-C-A	Negative	0.585491	0.414509
3MUD-C-A	Negative	0.93404	0.0659603
3MUD-D-A	Negative	0.967575	0.0324247
3HK3-A-B	Negative	0.872448	0.127552
3J47-O-V	Negative	0.957939	0.0420609
3J47-P-V	Negative	0.99579	0.00420976
3J47-Q-V	Negative	0.968815	0.0311846
3J47-R-V	Positive	0.375549	0.624451
3J47-S-V	Negative	0.980383	0.019617
3J47-T-V	Negative	0.972194	0.0278063
3ZWL-E-B	Negative	0.954738	0.0452619
3WWS-D-A	Positive	0.457066	0.542934
3VCL-C-A	Negative	0.959375	0.0406247
3T70-F-A	Negative	0.605719	0.394281
3UEO-F-A	Negative	0.916612	0.0833882
3UEO-E-B	Negative	0.588861	0.411139
3TU7-L-H	Negative	0.985026	0.0149742
3ZDF-D-A	Negative	0.99592	0.00408045
3ZDF-C-B	Negative	0.853118	0.146882
3K15-B-A	Positive	0.352806	0.647194
3K05-C-A	Negative	0.667811	0.332189
3VH7-B-A	Negative	0.994426	0.00557423
3VH7-D-A	Negative	0.996443	0.00355691
3OTP-G-A	Negative	0.941467	0.058533
3OQY-a-B	Negative	0.981956	0.0180438
3T7G-D-A	Negative	0.99664	0.00336021
3T7G-C-A	Negative	0.993219	0.00678092
3UM0-B-A	Negative	0.989164	0.010836
3BXK-B-A	Positive	0.119427	0.880573
3BXK-D-C	Positive	0.404018	0.595982
3ZNI-F-E	Negative	0.63178	0.36822
3HIK-B-A	Negative	0.687526	0.312474
3B8E-B-A	Positive	0.461997	0.538003
3B8E-G-A	Negative	0.886763	0.113237
3B8E-D-C	Positive	0.461997	0.538003
3FXE-A-B	Negative	0.991341	0.00865911
3HRY-C-A	Negative	0.903317	0.0966831
3V1D-A-G	Negative	0.948198	0.0518023
3V1D-B-G	Negative	0.948198	0.0518023
3V1D-D-G	Negative	0.948198	0.0518023
3BQD-B-A	Negative	0.989847	0.010153
3MMY-H-G	Negative	0.983246	0.0167543
3ABE-Z-C	Negative	0.986808	0.0131924
3FM7-C-A	Negative	0.918424	0.0815759
3GDS-B-A	Negative	0.589898	0.410102
3RVD-I-A	Negative	0.984628	0.0153721
3RVD-L-Q	Negative	0.962918	0.0370822
3KTP-B-A	Negative	0.929432	0.0705681
3VB7-E-A	Negative	0.71196	0.28804
3R93-E-A	Negative	0.859333	0.140667
3GJ3-B-A	Negative	0.995718	0.00428182
3ZBI-C-A	Negative	0.868866	0.131134
3MBE-P-A	Negative	0.606313	0.393687
3N95-E-C	Negative	0.534234	0.465766
3V4Y-B-A	Negative	0.784753	0.215247
3V4Y-F-A	Negative	0.946416	0.0535842
3V4Y-D-C	Negative	0.898552	0.101448
3V4Y-H-E	Negative	0.954595	0.045405
3A9J-C-A	Negative	0.994902	0.00509796
3IOZ-B-A	Negative	0.96737	0.03263
3IM4-C-A	Negative	0.969316	0.0306835
3QHW-L-B	Negative	0.902027	0.0979735
3FEA-L-A	Negative	0.546776	0.453224
3ZYB-I-A	Negative	0.977293	0.0227068
3FVH-B-A	Positive	0.244302	0.755698
3CXW-B-A	Positive	0.167884	0.832116
3TIE-C-A	Positive	0.399576	0.600424
3D9N-Y-A	Positive	0.0685441	0.931456
3LNZ-B-A	Positive	0.396825	0.603175
3MRB-P-A	Negative	0.848778	0.151222
3PMK-O-A	Negative	0.979355	0.0206449
3PMK-R-A	Negative	0.932072	0.0679281
3PMK-Q-B	Negative	0.989508	0.0104919
3PMK-N-C	Negative	0.871679	0.128321
3LAE-X-A	Positive	0.0489812	0.951019
3E6H-P-A	Positive	0.183429	0.816571
3OMG-C-A	Positive	0.35385	0.64615
3OMG-D-B	Positive	0.205305	0.794695
3NA0-C-A	Negative	0.898498	0.101502
3V5K-C-A	Negative	0.934822	0.0651775
3N9Q-C-A	Positive	0.248656	0.751344
3VRP-B-A	Positive	0.0517331	0.948267
3N23-G-A	Positive	0.449924	0.550076
3D3X-C-A	Negative	0.854994	0.145006
3D3X-D-B	Negative	0.854065	0.145935
3EFD-K-L	Negative	0.979606	0.0203937
3ZG9-A-B	Negative	0.979093	0.0209067
3ONW-C-A	Negative	0.918716	0.0812835
3ONW-D-A	Negative	0.866901	0.133099
3BEV-C-A	Negative	0.509168	0.490832
3UO1-P-H	Negative	0.984024	0.0159758
3E0M-E-A	Negative	0.906478	0.0935218
3E0M-F-B	Positive	0.399941	0.600059
3J7A-T-D	Negative	0.953099	0.046901
3J7A-6-E	Negative	0.860984	0.139016
3J7A-2-I	Negative	0.781712	0.218288
3EHT-B-A	Negative	0.952026	0.0479743
3CVQ-B-A	Negative	0.636189	0.363811
3DUF-I-B	Negative	0.920319	0.0796806
3DUF-J-F	Negative	0.953698	0.0463024
3C9N-C-A	Negative	0.692717	0.307283
3TZX-D-A	Negative	0.57407	0.42593
3TZX-C-B	Negative	0.724987	0.275013
3RF3-C-A	Negative	0.985228	0.0147718
3RF3-D-A	Negative	0.982716	0.0172838
3N96-G-A	Negative	0.672867	0.327133
3N96-H-B	Negative	0.838229	0.161771
3N96-E-C	Negative	0.912479	0.0875209
3MLQ-E-A	Negative	0.846142	0.153858
3MLQ-F-A	Positive	0.463867	0.536133
3MLQ-H-A	Negative	0.789836	0.210164
3MLQ-G-C	Negative	0.749983	0.250017
3TBS-C-A	Negative	0.893778	0.106222
3N7Y-D-A	Negative	0.561557	0.438443
3T7K-C-A	Negative	0.950486	0.0495138
3TKZ-P-A	Negative	0.779553	0.220447
3TKZ-Q-A	Negative	0.679545	0.320455
3AM7-B-A	Negative	0.818356	0.181644
3AV9-X-A	Negative	0.983427	0.0165732
3KJ1-B-A	Negative	0.92355	0.0764504
3OX7-P-U	Negative	0.814911	0.185089
3PLV-C-A	Negative	0.994085	0.00591521
3M5M-C-B	Negative	0.711421	0.288579
3M5O-C-A	Negative	0.912333	0.0876674
3P4M-F-A	Positive	0.423255	0.576745
3DDA-B-A	Positive	0.277525	0.722475
3AX2-B-A	Positive	0.119949	0.880051
3AX2-F-A	Positive	0.119949	0.880051
3ZDM-B-A	Negative	0.98953	0.0104698
3CBO-B-A	Negative	0.523368	0.476632
3MK8-B-A	Positive	0.352246	0.647754
3TPM-B-A	Positive	0.25143	0.74857
3MXY-L-A	Positive	0.295399	0.704601
3PWL-C-A	Positive	0.0384048	0.961595
3C8B-B-A	Negative	0.777443	0.222557
3C5J-C-A	Negative	0.595007	0.404993
3LKS-C-A	Negative	0.950317	0.0496832
3LCA-Q-A	Negative	0.628369	0.371631
3J79-e-Y	Negative	0.58391	0.41609
3IXZ-B-A	Positive	0.0249354	0.975065
3RWF-C-A	Negative	0.691148	0.308852
3QLP-L-H	Negative	0.984902	0.0150977
3HXI-C-A	Positive	0.196371	0.803629
3LRH-B-A	Negative	0.988652	0.0113479
3NZI-B-A	Negative	0.954382	0.0456184
3QZT-B-A	Negative	0.647468	0.352532
3Q49-C-B	Negative	0.972289	0.0277111
3MPJ-Y-B	Negative	0.670281	0.329719
3L3K-C-A	Positive	0.45447	0.54553
3ZZY-C-A	Negative	0.674242	0.325758
3EDX-A-B	Negative	0.965319	0.0346806
3H0G-L-B	Negative	0.894777	0.105223
3RC5-B-A	Negative	0.952772	0.0472278
3NK4-C-A	Positive	0.369615	0.630385
3NK4-D-A	Negative	0.69846	0.30154
3FQN-C-A	Positive	0.029831	0.970169
3DSF-P-L	Positive	0.415148	0.584852
3REW-C-A	Negative	0.96259	0.0374102
3OUD-P-A	Positive	0.0993391	0.900661
3S90-C-A	Negative	0.98328	0.0167201
3S90-D-B	Negative	0.976305	0.023695
3JZS-P-A	Negative	0.721461	0.278539
3SO6-Q-A	Negative	0.593172	0.406828
3UQP-B-A	Positive	0.146784	0.853216
3H01-B-A	Negative	0.965121	0.0348791
3ZHA-E-A	Negative	0.684266	0.315734
3ZHA-F-A	Negative	0.789418	0.210582
3ZHA-G-A	Negative	0.884111	0.115889
3M50-P-A	Negative	0.927678	0.0723217
3QW6-B-A	Positive	0.228994	0.771006
3LIY-I-A	Negative	0.80681	0.19319
3LIY-J-C	Negative	0.593303	0.406697
3PLX-A-B	Negative	0.786492	0.213508
3DCG-F-A	Negative	0.971873	0.028127
3DCG-E-D	Negative	0.986526	0.0134744
3PP4-P-H	Negative	0.850555	0.149445
3KTR-B-A	Negative	0.976972	0.023028
3C03-B-A	Negative	0.998276	0.00172396
3KJL-E-A	Negative	0.997651	0.00234866
3KJL-F-A	Negative	0.991515	0.00848463
3KJL-G-C	Negative	0.805131	0.194869
3M9D-G-A	Negative	0.897824	0.102176
3TRS-A-B	Positive	0.176966	0.823034
3TRS-C-D	Negative	0.522039	0.477961
3IQJ-P-A	Positive	0.0795071	0.920493
3KUS-C-A	Negative	0.50245	0.49755
3AP2-T-A	Negative	0.786763	0.213237
3MRC-P-A	Negative	0.871489	0.128511
3O6L-C-L	Negative	0.905341	0.094659
3EWT-E-A	Negative	0.952732	0.0472679
3JQO-C-A	Negative	0.934159	0.0658406
3JQO-F-A	Negative	0.939967	0.0600333
3JQO-O-J	Negative	0.977007	0.0229933
3JQO-R-M	Negative	0.931035	0.0689654
3JQO-U-M	Negative	0.944405	0.0555946
3JQO-p-k	Negative	0.968401	0.0315992
3Q4J-H-B	Negative	0.988194	0.0118057
3RO3-B-A	Negative	0.991247	0.00875258
3WS6-E-A	Positive	0.186869	0.813131
3N5E-D-A	Negative	0.985585	0.014415
3V9T-C-A	Negative	0.928926	0.0710742
3EHU-C-A	Negative	0.926934	0.0730665
3E4Z-C-A	Negative	0.573024	0.426976
3E4Z-D-B	Negative	0.573024	0.426976
3MRN-P-A	Negative	0.623381	0.376619
3IK5-D-C	Negative	0.970211	0.0297894
3SW9-P-A	Negative	0.72389	0.27611
3SW9-Q-B	Negative	0.725565	0.274435
3P3P-B-A	Positive	0.298585	0.701415
3BZZ-A-B	Negative	0.998566	0.0014338
3A9K-C-A	Negative	0.986458	0.0135415
3O3D-C-A	Negative	0.543296	0.456704
3QDZ-E-B	Negative	0.997833	0.00216699
3QDZ-F-D	Positive	0.413922	0.586078
3PBP-C-A	Negative	0.941044	0.0589561
3PBP-I-G	Negative	0.98935	0.0106502
3PBP-L-J	Negative	0.902612	0.0973884
3DPY-C-A	Negative	0.960831	0.0391692
3R7B-F-C	Positive	0.445565	0.554435
3UVL-B-A	Negative	0.888066	0.111934
3GCW-E-A	Negative	0.996199	0.00380056
3ZIA-J-A	Negative	0.941773	0.0582267
3QXD-C-A	Negative	0.993153	0.00684713
3FDM-D-A	Positive	0.211438	0.788562
3FDM-F-C	Positive	0.211438	0.788562
3MRJ-P-A	Positive	0.409927	0.590073
3OLR-E-A	Positive	0.484633	0.515367
3OLR-F-B	Negative	0.713562	0.286438
3GZ1-Q-A	Negative	0.521647	0.478353
3GZ1-P-B	Negative	0.990953	0.0090466
3TDU-F-A	Negative	0.98667	0.0133296
3BUN-A-B	Negative	0.883989	0.116011
3IYL-A-B	Negative	0.917663	0.0823369
3GCM-E-B	Negative	0.761606	0.238394
3ASW-B-A	Negative	0.790106	0.209894
3NFK-D-A	Negative	0.789408	0.210592
3VQM-O-A	Negative	0.991604	0.00839632
3VUM-F-A	Negative	0.977701	0.0222992
3BBP-D-A	Negative	0.983915	0.0160846
3BBP-E-A	Negative	0.957704	0.0422958
3BBP-F-C	Negative	0.929688	0.0703124
3CC5-C-A	Negative	0.966497	0.0335031
3WNH-C-A	Positive	0.312223	0.687777
3FFD-P-A	Negative	0.941062	0.0589376
3B1S-A-B	Negative	0.931143	0.0688565
3P87-G-A	Negative	0.997106	0.00289351
3P87-H-B	Negative	0.990518	0.00948161
3P4U-E-A	Negative	0.910822	0.0891784
3C9A-C-A	Negative	0.95892	0.0410795
3OU3-C-A	Positive	0.286554	0.713446
3KMZ-C-B	Negative	0.93338	0.0666195
3SP6-B-A	Positive	0.426866	0.573134
3S13-B-A	Negative	0.99176	0.00824005
3UVU-B-A	Negative	0.667801	0.332199
3A1Q-C-A	Negative	0.714435	0.285565
3JCA-C-A	Negative	0.926879	0.0731213
3J6B-0-F	Negative	0.807242	0.192758
3J6B-Y-P	Negative	0.977569	0.0224307
3D18-C-A	Negative	0.592837	0.407163
3T64-F-A	Positive	0.499258	0.500742
3JXT-C-A	Negative	0.816192	0.183808
3MAZ-B-A	Negative	0.996896	0.00310354
3DRF-B-A	Positive	0.264496	0.735504
3JTT-C-A	Negative	0.576955	0.423045
3WL9-C-A	Negative	0.99766	0.00233994
3BXM-I-A	Negative	0.819046	0.180954
3RWG-C-A	Negative	0.688689	0.311311
3HGZ-D-A	Negative	0.987971	0.0120291
3HGZ-E-B	Negative	0.996748	0.00325175
3L81-B-A	Negative	0.727875	0.272125
3N9P-C-A	Negative	0.518477	0.481523
3EAB-G-A	Negative	0.884033	0.115967
3EAB-H-A	Negative	0.884487	0.115513
3EAB-L-A	Negative	0.812571	0.187429
3EAB-I-C	Negative	0.90493	0.09507
3EAB-J-D	Negative	0.790543	0.209457
3EAB-K-E	Negative	0.833266	0.166734
3QXA-C-A	Negative	0.971868	0.0281321
3QXA-F-D	Negative	0.997096	0.00290424
3FT2-P-A	Positive	0.335301	0.664699
3MRD-P-A	Negative	0.843763	0.156237
3HS8-P-A	Negative	0.527429	0.472571
3JAJ-2-C	Positive	0.394754	0.605246
3NFL-E-A	Positive	0.351955	0.648045
3OB1-A-B	Positive	0.490439	0.509561
3TBV-I-A	Negative	0.907186	0.0928142
3HDS-E-A	Negative	0.830461	0.169539
3HU6-C-A	Positive	0.0378814	0.962119
3UQR-D-A	Positive	0.47274	0.52726
3SV1-D-A	Negative	0.752749	0.247251
3SV1-E-B	Negative	0.665624	0.334376
3SV1-F-C	Positive	0.318005	0.681995
3BUY-C-A	Negative	0.947679	0.0523213
3RYA-B-A	Negative	0.988821	0.0111791
3RWD-C-A	Positive	0.0067234	0.993277
3WNE-C-A	Positive	0.426981	0.573019
3U9D-B-A	Negative	0.977967	0.0220331
3EYU-Q-L	Positive	0.133949	0.866051
3BUW-A-B	Negative	0.994125	0.00587482
3H11-C-B	Negative	0.929646	0.0703543
3MIW-B-C	Negative	0.965738	0.0342618
3MIW-E-C	Negative	0.965738	0.0342618
3MIW-G-C	Negative	0.98401	0.0159905
3MIW-I-C	Negative	0.971939	0.0280607
3MIW-A-C	Negative	0.971939	0.0280607
3MQP-B-A	Negative	0.957698	0.0423022
3ZFW-X-A	Negative	0.77448	0.22552
3ZFW-Y-B	Negative	0.900286	0.0997144
3D9L-Y-A	Positive	0.191393	0.808607
3D9L-Z-B	Positive	0.430546	0.569454
3BEJ-F-B	Negative	0.978449	0.0215513
3MLU-P-L	Negative	0.974397	0.0256029
3HQU-S-A	Negative	0.994854	0.00514569
3RWC-C-A	Positive	0.00380033	0.9962
3V79-R-C	Negative	0.657416	0.342584
3P9Y-E-A	Positive	0.204419	0.795581
3BHP-B-A	Negative	0.965254	0.0347464
3UVK-B-A	Negative	0.92137	0.0786304
3EYS-Q-L	Positive	0.492455	0.507545
3O3A-C-A	Negative	0.50254	0.49746
3I74-C-A	Negative	0.900988	0.0990121
3QBY-H-A	Positive	0.405692	0.594308
3FDL-B-A	Negative	0.810138	0.189862
3WMM-J-L	Negative	0.937714	0.0622865
3ZMQ-C-A	Negative	0.75484	0.24516
3BEI-A-B	Negative	0.990477	0.00952258
3DVK-B-A	Negative	0.88338	0.11662
3LU9-C-B	Negative	0.981454	0.0185458
3JAP-r-q	Negative	0.986589	0.0134113
3UIG-P-A	Negative	0.937982	0.0620182
3W8J-C-A	Positive	0.476774	0.523226
3N00-B-A	Negative	0.979471	0.0205294
3FY2-B-A	Positive	0.371144	0.628856
3BZL-A-C	Negative	0.9987	0.00130043
3BZL-B-D	Negative	0.989268	0.0107323
3P8M-D-A	Negative	0.982256	0.0177436
3P8M-C-A	Negative	0.982256	0.0177436
3AWR-C-A	Positive	0.0855316	0.914468
3ET1-Q-A	Negative	0.956807	0.0431933
3O7L-I-B	Positive	0.0531836	0.946816
3MN5-S-A	Negative	0.996692	0.00330754
3IET-X-A	Negative	0.95631	0.0436899
3IET-Q-A	Negative	0.932924	0.0670758
3FQU-C-A	Positive	0.424291	0.575709
3JZO-P-A	Positive	0.00280863	0.997191
3HAT-T-H	Negative	0.843257	0.156743
3IO9-B-A	Positive	0.0457643	0.954236
3DBO-A-B	Positive	0.130921	0.869079
3VVS-B-A	Positive	0.310392	0.689608
3HYM-A-B	Negative	0.983047	0.0169534
3HYM-C-D	Negative	0.94389	0.05611
3HYM-G-H	Negative	0.972698	0.0273023
3RYB-B-A	Negative	0.988821	0.0111791
3KXY-X-A	Negative	0.938244	0.0617559
3KXY-W-E	Negative	0.922899	0.0771006
3KXY-Y-I	Negative	0.969741	0.030259
3SJ9-B-A	Negative	0.695385	0.304615
3MLV-P-L	Positive	0.340369	0.659631
3QNJ-C-A	Negative	0.985158	0.0148424
3QNJ-D-A	Negative	0.99254	0.00746008
3FOL-P-A	Negative	0.950832	0.0491678
3PAB-F-A	Negative	0.994751	0.0052486
3NIH-B-A	Positive	0.350451	0.649549
3OMC-C-A	Positive	0.171001	0.828999
3URL-B-A	Negative	0.874922	0.125078
3OS5-B-A	Negative	0.811879	0.188121
3QHE-B-A	Positive	0.413724	0.586276
3QHE-D-A	Positive	0.314564	0.685436
3TFK-B-A	Negative	0.97146	0.0285398
3DVP-C-A	Negative	0.520236	0.479764
3RTE-B-A	Negative	0.567989	0.432011
3OEE-I-C	Negative	0.741979	0.258021
3OR0-a-A	Negative	0.983407	0.0165929
3OQS-B-A	Negative	0.506165	0.493835
3O2Q-F-E	Positive	0.311095	0.688905
3OUC-P-A	Negative	0.913701	0.0862989
3TM7-A-B	Negative	0.969537	0.0304625
3I91-C-A	Positive	0.397148	0.602852
3APR-I-E	Positive	0.337876	0.662124
3L3J-C-A	Negative	0.78299	0.21701
3A3Y-G-A	Negative	0.921926	0.0780744
3GIV-C-A	Negative	0.91016	0.0898403
3SPV-C-A	Negative	0.949526	0.0504738
3JCT-l-X	Negative	0.924727	0.0752726
3QUL-C-A	Negative	0.844718	0.155282
3ULR-C-A	Negative	0.988744	0.0112561
3C8A-B-A	Negative	0.736552	0.263448
3SF4-D-A	Negative	0.840659	0.159341
3SF4-E-A	Negative	0.920373	0.0796266
3SF4-F-A	Negative	0.862314	0.137686
3B95-P-B	Positive	0.0616378	0.938362
3N7N-E-A	Negative	0.933484	0.0665156
3N7N-F-B	Negative	0.941438	0.0585617
3MYJ-C-A	Negative	0.66341	0.33659
3M55-B-A	Negative	0.919448	0.0805525
3LKP-C-A	Negative	0.939606	0.0603941
3ZIN-B-A	Negative	0.912139	0.087861
3ZIN-C-A	Positive	0.442777	0.557223
3D9M-Y-A	Positive	0.0398259	0.960174
3D9M-Z-B	Positive	0.16514	0.83486
3ADE-B-A	Positive	0.469658	0.530342
3SL9-C-A	Negative	0.888801	0.111199
3SL9-F-E	Negative	0.918921	0.0810794
3SL9-H-G	Negative	0.982537	0.0174634
3R5J-E-A	Negative	0.720064	0.279936
3GLI-O-B	Negative	0.878045	0.121955
3DRG-B-A	Negative	0.569275	0.430725
3BEW-C-A	Negative	0.94953	0.0504695
3N9Z-C-A	Negative	0.983298	0.0167019
3RBQ-G-A	Positive	0.309205	0.690795
3RBQ-H-B	Positive	0.446629	0.553371
3RBQ-I-C	Positive	0.202892	0.797108
3RBQ-K-E	Positive	0.317355	0.682645
3QG6-D-A	Positive	0.414089	0.585911
3QG6-C-H	Positive	0.349841	0.650159
3WA0-G-A	Positive	0.480294	0.519706
3WA0-H-A	Negative	0.936825	0.0631747
3PCQ-X-B	Positive	0.0199975	0.980003
3ZRJ-X-A	Negative	0.959205	0.0407946
3ZRJ-Y-B	Negative	0.904298	0.0957017
3QO0-C-A	Positive	0.342586	0.657414
3P4N-F-A	Negative	0.533075	0.466925
3GWO-B-A	Negative	0.70585	0.29415
3M93-C-A	Positive	0.295445	0.704555
3QW8-B-A	Positive	0.331867	0.668133
3GZ2-P-B	Positive	0.0887247	0.911275
3ISW-C-A	Positive	0.384514	0.615486
3G2W-C-A	Positive	0.463613	0.536387
3G2W-D-B	Negative	0.612462	0.387538
3ZED-D-A	Negative	0.809448	0.190552
3ZED-E-B	Negative	0.973086	0.026914
3Q95-D-B	Positive	0.267452	0.732548
3K2U-B-A	Negative	0.983195	0.0168054
3I7K-B-A	Negative	0.89195	0.10805
3NF3-C-A	Positive	0.145099	0.854901
3IUR-B-A	Negative	0.736143	0.263857
3IUR-C-A	Negative	0.949377	0.0506232
3ZMT-C-A	Positive	0.348632	0.651368
3MRH-P-A	Negative	0.53676	0.46324
3P34-B-A	Negative	0.940478	0.0595219
3BU6-B-A	Negative	0.928096	0.0719044
3TKN-B-A	Negative	0.948214	0.0517863
3CU8-Q-B	Negative	0.679178	0.320822
3F7O-X-A	Negative	0.534036	0.465964
3AVJ-D-A	Negative	0.685287	0.314713
3AA1-C-A	Positive	0.414007	0.585993
3H52-N-A	Negative	0.715247	0.284753
3H52-M-B	Positive	0.215377	0.784623
3W3Y-B-A	Positive	0.0682228	0.931777
3IO8-B-A	Positive	0.0233203	0.97668
3IO8-D-C	Negative	0.889012	0.110988
3GLR-B-A	Negative	0.808461	0.191539
3J5Q-A-D	Negative	0.880179	0.119821
3MRF-P-A	Negative	0.965169	0.0348307
3TBW-I-A	Negative	0.937236	0.0627642
3RQ7-B-A	Negative	0.658669	0.341331
3VVR-B-A	Positive	0.0415617	0.958438
3UZD-B-A	Negative	0.989748	0.0102522
3VFW-C-A	Negative	0.649344	0.350656
3FQX-C-A	Positive	0.0360582	0.963942
3NK3-C-A	Positive	0.176993	0.823007
3KYS-B-A	Negative	0.981434	0.0185662
3KYS-D-C	Negative	0.961781	0.0382194
3B71-D-A	Negative	0.977795	0.0222049
3B71-F-C	Negative	0.978623	0.0213769
3WV0-X-A	Positive	0.0576819	0.942318
3WV0-Y-B	Positive	0.41929	0.58071
3M4C-E-B	Negative	0.997889	0.00211074
3ZPV-0-1	Negative	0.974007	0.025993
3ZPV-P-1	Negative	0.970712	0.0292878
3ROL-E-A	Negative	0.58753	0.41247
3TWR-E-A	Positive	0.359737	0.640263
3TWR-H-A	Negative	0.926039	0.0739607
3TWR-G-C	Negative	0.860808	0.139192
3R42-B-A	Negative	0.868207	0.131793
3S7F-I-A	Negative	0.616567	0.383433
3KUT-C-A	Negative	0.949711	0.0502886
3KUT-D-A	Negative	0.980581	0.0194186
3BRH-C-A	Positive	0.228074	0.771926
3BRH-D-B	Negative	0.543796	0.456204
3VUX-G-A	Negative	0.99322	0.00677999
3VUX-E-B	Negative	0.973941	0.026059
3D0L-C-A	Positive	0.479189	0.520811
3U85-B-A	Negative	0.753953	0.246047
3BHB-C-A	Negative	0.996857	0.00314346
3ZWH-Q-A	Negative	0.87242	0.12758
3MRM-P-A	Negative	0.951186	0.0488136
3VI4-I-A	Positive	0.113297	0.886703
3VI4-G-C	Positive	0.237662	0.762338
3DKT-K-A	Negative	0.94217	0.0578305
3JC2-w-1	Negative	0.712998	0.287002
3ZMU-C-A	Negative	0.626869	0.373131
3TWX-C-A	Negative	0.810963	0.189037
3UKZ-C-B	Negative	0.620877	0.379123
3KRD-a-C	Negative	0.930755	0.0692447
3A0B-F-A	Negative	0.654462	0.345538
3A0B-I-A	Negative	0.647497	0.352503
3A0B-J-A	Positive	0.244349	0.755651
3A0B-M-A	Negative	0.803912	0.196088
3WP1-A-B	Negative	0.974761	0.025239
3CVN-B-A	Negative	0.519303	0.480697
3OGI-A-B	Negative	0.905984	0.0940157
3L0L-C-A	Negative	0.610707	0.389293
3AA0-C-A	Positive	0.431592	0.568408
3NGY-E-D	Negative	0.55095	0.44905
3QDR-B-A	Negative	0.977267	0.0227334
3OBQ-B-A	Negative	0.967647	0.032353
3KYN-P-A	Negative	0.741849	0.258151
3W3X-B-A	Negative	0.94214	0.0578598
3FGA-D-B	Negative	0.987113	0.0128874
3MRK-P-A	Negative	0.96361	0.0363904
3CQZ-L-B	Negative	0.962615	0.0373849
3SUI-B-A	Negative	0.913921	0.0860792
3E1K-B-A	Positive	0.0794833	0.920517
3WY9-C-A	Negative	0.677485	0.322515
3N84-G-A	Negative	0.756585	0.243415
3N84-K-E	Negative	0.756585	0.243415
3V5D-C-A	Negative	0.975754	0.0242462
3LW5-J-A	Negative	0.984156	0.0158441
3Q4A-C-B	Negative	0.678902	0.321098
3H3G-B-A	Negative	0.85551	0.14449
3POA-B-A	Negative	0.985475	0.0145248
3BZV-A-B	Negative	0.994644	0.00535556
3MXC-L-A	Positive	0.228418	0.771582
3JBU-z-e	Negative	0.984068	0.0159316
3GI0-C-A	Negative	0.977628	0.0223724
3CFS-E-B	Negative	0.724461	0.275539
3TO2-C-A	Negative	0.508952	0.491048
3ZIR-B-A	Negative	0.596809	0.403191
3ZIR-C-A	Positive	0.157018	0.842982
3GSW-P-A	Negative	0.528972	0.471028
3GJ4-B-A	Negative	0.969864	0.0301364
3GJ4-D-C	Negative	0.858777	0.141223
3F9Z-G-A	Negative	0.747103	0.252897
3MR9-P-A	Positive	0.395668	0.604332
3CY3-B-A	Positive	0.0504035	0.949596
3LK2-T-A	Positive	0.452719	0.547281
3RZ2-C-A	Negative	0.967871	0.0321294
3O40-B-A	Negative	0.645409	0.354591
3VFV-C-A	Positive	0.417763	0.582237
3RK2-A-B	Negative	0.977591	0.0224094
3PZD-B-A	Negative	0.967291	0.0327088
3FOM-P-A	Negative	0.920157	0.079843
3IFL-P-L	Negative	0.937586	0.0624143
3ROF-B-A	Positive	0.0172896	0.98271
3BUX-A-B	Negative	0.685325	0.314675
3ZOQ-B-A	Negative	0.976472	0.0235284
3MRR-P-A	Negative	0.778786	0.221214
3MIA-C-A	Negative	0.785567	0.214433
3ZEV-C-A	Negative	0.654818	0.345182
3ZEV-D-B	Negative	0.643395	0.356605
3L3D-C-A	Negative	0.804848	0.195152
3WGX-C-A	Negative	0.928928	0.0710721
3WGX-D-B	Negative	0.596208	0.403792
3WBK-C-A	Negative	0.963138	0.0368623
3U0T-E-C	Positive	0.313059	0.686941
3NTW-B-A	Negative	0.914717	0.085283
3NTW-D-A	Negative	0.858168	0.141832
3SGA-P-E	Positive	0.0859112	0.914089
3VEP-X-D	Negative	0.831964	0.168036
3VEP-G-D	Negative	0.866652	0.133348
3VEP-C-A	Negative	0.839016	0.160984
3VEP-J-A	Negative	0.839016	0.160984
3AUW-A-B	Negative	0.548016	0.451984
3ZS9-C-A	Negative	0.768891	0.231109
3ZS9-D-A	Positive	0.419221	0.580779
3NCO-D-A	Negative	0.810188	0.189812
3NCO-E-A	Negative	0.772568	0.227432
3DPP-C-A	Negative	0.777953	0.222047
3NMD-B-A	Negative	0.951048	0.0489525
3VCM-P-A	Negative	0.861127	0.138873
3VCM-Q-A	Negative	0.985237	0.0147626
3F6K-N-A	Negative	0.613178	0.386822
3CS8-B-A	Negative	0.922774	0.0772257
3BS4-B-A	Negative	0.85511	0.14489
3PE4-B-A	Negative	0.973864	0.0261355
3FHV-C-A	Negative	0.861533	0.138467
3FQR-C-A	Positive	0.0628946	0.937105
3DRJ-B-A	Positive	0.441674	0.558326
3O6M-C-L	Negative	0.988283	0.0117173
3AT0-B-A	Positive	0.0310744	0.968926
3G8F-B-A	Positive	0.171529	0.828471
3CBP-B-A	Negative	0.523368	0.476632
3LEX-P-H	Negative	0.556149	0.443851
3ECH-C-A	Negative	0.83581	0.16419
3NIK-X-A	Positive	0.443072	0.556928
3LLY-B-A	Negative	0.716784	0.283216
3ZGC-C-A	Positive	0.200169	0.799831
3AW0-B-A	Negative	0.806354	0.193646
3KZ0-C-A	Negative	0.638684	0.361316
3F2O-C-A	Negative	0.982515	0.0174847
3THK-C-A	Negative	0.85958	0.14042
3C59-B-A	Positive	0.314414	0.685586
3J2W-E-A	Negative	0.964825	0.0351753
3R29-C-A	Negative	0.987749	0.0122514
3R29-D-B	Negative	0.709933	0.290067
3HPJ-C-A	Negative	0.761864	0.238136
3HR5-R-L	Positive	0.399622	0.600378
3HR5-S-A	Negative	0.971146	0.0288536
3HR5-T-P	Negative	0.562625	0.437375
3HR5-V-I	Negative	0.707768	0.292232
3RCE-B-A	Positive	0.0687329	0.931267
3LK3-T-A	Negative	0.979327	0.0206728
3RL7-H-B	Positive	0.315404	0.684596
3RL7-G-A	Negative	0.646452	0.353548
3RL7-L-A	Positive	0.256638	0.743362
3RL7-K-E	Positive	0.455506	0.544494
3PVL-B-A	Negative	0.910844	0.089156
3SGE-K-L	Negative	0.577412	0.422588
3DPQ-C-A	Negative	0.775651	0.22435
3AA6-C-A	Negative	0.903218	0.0967822
3SOQ-Z-A	Negative	0.996762	0.0032383
3TWS-E-A	Positive	0.482815	0.517185
3TWS-F-A	Negative	0.580281	0.419719
3TWS-H-A	Negative	0.787078	0.212922
3LCN-C-A	Negative	0.981016	0.0189839
3LCN-D-B	Negative	0.844192	0.155808
3N9N-C-A	Negative	0.878769	0.121231
3AX3-B-A	Negative	0.608891	0.391109
3IEC-E-A	Negative	0.906302	0.0936983
3SNE-H-A	Negative	0.604258	0.395742
3TJ6-B-A	Negative	0.996212	0.00378754
3HKJ-F-E	Negative	0.664683	0.335317
3J92-1-C	Negative	0.979194	0.0208056
3J92-w-H	Positive	0.212331	0.787669
3J92-0-R	Negative	0.918098	0.0819022
3LK4-C-A	Negative	0.874411	0.125589
3FDO-B-A	Positive	0.00280863	0.997191
3PO3-L-B	Negative	0.954155	0.0458455
3HQR-S-A	Negative	0.960908	0.0390918
3AVF-D-A	Negative	0.984818	0.0151821
3R0H-a-A	Positive	0.134994	0.865006
3EU7-X-A	Negative	0.975631	0.0243694
3RWJ-C-A	Positive	0.376284	0.623716
3H8D-E-A	Negative	0.993356	0.00664411
3H8D-F-A	Negative	0.989628	0.0103725
3H8D-H-A	Negative	0.989628	0.0103725
3URI-B-A	Negative	0.649987	0.350013
3P4K-P-A	Negative	0.939049	0.0609506
3ABD-X-A	Negative	0.966176	0.0338244
3ABD-Y-B	Negative	0.983766	0.016234
3C4M-C-A	Negative	0.962502	0.037498
3E6F-P-A	Positive	0.0121289	0.987871
3WOQ-C-A	Positive	0.34433	0.65567
3CVP-B-A	Positive	0.149945	0.850055
3DM1-B-A	Positive	0.143777	0.856223
3DM1-D-A	Positive	0.290851	0.709149
3DM1-F-A	Positive	0.255639	0.744361
3DM1-H-C	Positive	0.157984	0.842016
3SHW-B-A	Negative	0.82926	0.17074
3E8U-P-H	Positive	0.405694	0.594306
3TMH-D-A	Negative	0.928898	0.0711024
3TMH-H-E	Negative	0.942581	0.0574185
3TMH-L-E	Negative	0.917589	0.0824115
3TMH-F-I	Negative	0.96981	0.0301895
3DA9-D-B	Negative	0.987483	0.0125172
3OA6-G-A	Negative	0.754591	0.245409
3JR3-D-A	Negative	0.959334	0.0406655
3S04-J-A	Negative	0.545638	0.454362
3T5I-Q-D	Positive	0.0835257	0.916474
3GDU-D-A	Positive	0.452439	0.547561
3U7U-G-A	Negative	0.896316	0.103684
3U7U-K-C	Negative	0.901857	0.0981429
3L41-B-A	Negative	0.983724	0.0162756
3GGW-E-A	Positive	0.339254	0.660746
3GGW-F-C	Positive	0.237976	0.762024
3M1F-V-A	Negative	0.990281	0.00971889
3JTS-C-A	Negative	0.942554	0.0574456
3EJH-E-A	Positive	0.193203	0.806797
3EJH-F-A	Positive	0.394541	0.605459
3PKN-B-A	Negative	0.857972	0.142028
3X23-B-A	Negative	0.951342	0.0486585
3IIY-B-A	Positive	0.0737272	0.926273
3TZD-T-A	Positive	0.164597	0.835403
3I89-B-A	Negative	0.939518	0.0604821
3M94-C-A	Positive	0.295445	0.704555
3RSE-Z-A	Negative	0.597943	0.402057
3UFM-B-A	Negative	0.934748	0.0652519
3LM1-B-A	Negative	0.626221	0.373779
3OTY-P-A	Positive	0.0619134	0.938087
4QUU-B-A	Positive	0.213589	0.786411
4ZZJ-B-A	Negative	0.751849	0.248151
4TY6-H-A	Negative	0.889777	0.110223
4WM0-D-A	Negative	0.994476	0.00552374
4B18-B-A	Negative	0.854275	0.145725
4V0W-B-A	Positive	0.497649	0.502351
4YPI-G-C	Negative	0.971061	0.028939
4UF2-B-A	Negative	0.986584	0.0134163
4PKF-C-A	Negative	0.964026	0.0359741
4L0V-C-A	Negative	0.962391	0.0376085
4X0W-P-U	Positive	0.395454	0.604546
4Q96-C-A	Positive	0.266928	0.733072
4Q96-F-A	Positive	0.266928	0.733072
4O4Y-A-L	Negative	0.902299	0.0977009
4WJN-B-A	Negative	0.80968	0.19032
4TWJ-B-A	Negative	0.582405	0.417595
4TQE-A-L	Negative	0.703349	0.296651
4IB5-D-A	Positive	0.162398	0.837602
4CY2-C-A	Negative	0.744648	0.255352
4CY2-D-A	Negative	0.729587	0.270413
4JOH-C-A	Positive	0.315524	0.684476
4JOH-D-A	Negative	0.903857	0.0961435
4P6W-B-A	Negative	0.516322	0.483678
4RFO-N-G	Negative	0.933542	0.0664579
4I51-C-A	Negative	0.867924	0.132076
4I51-D-B	Positive	0.129695	0.870305
4WFA-Z-K	Negative	0.986777	0.0132225
4BT9-C-A	Negative	0.804432	0.195568
4Y8J-e-H	Negative	0.942554	0.0574462
4PS0-C-A	Negative	0.948215	0.0517852
4LOQ-M-A	Negative	0.581608	0.418392
4LOQ-K-A	Negative	0.838889	0.161111
4M5T-B-A	Negative	0.997103	0.00289662
4M5T-F-A	Negative	0.997103	0.00289662
4M5T-H-G	Negative	0.99615	0.00385035
4E18-B-A	Negative	0.765583	0.234417
4MZL-C-A	Negative	0.639648	0.360352
4BQD-C-A	Negative	0.949768	0.0502325
4APJ-P-A	Negative	0.874501	0.125499
4ES0-C-A	Positive	0.145919	0.854081
4ODP-B-A	Negative	0.995001	0.00499874
4JFQ-C-A	Negative	0.94019	0.0598096
4MVB-B-C	Negative	0.985342	0.0146579
4IF6-B-A	Negative	0.976352	0.0236477
4WFN-2-C	Negative	0.974348	0.0256517
4WLB-D-A	Negative	0.977109	0.0228909
4QBM-C-A	Positive	0.150711	0.849289
4N7V-C-A	Negative	0.922656	0.0773442
4LCY-C-A	Negative	0.963137	0.0368628
4J48-B-A	Negative	0.655083	0.344917
4OS6-B-A	Negative	0.958844	0.0411562
4J8B-B-A	Negative	0.51517	0.48483
4HUV-C-A	Negative	0.966849	0.033151
4CHB-C-A	Negative	0.781668	0.218332
4C2G-C-A	Positive	0.475437	0.524563
4CE4-6-8	Negative	0.985744	0.0142564
4CE4-7-F	Negative	0.979278	0.020722
4V1V-C-A	Negative	0.61487	0.38513
4V1V-D-A	Negative	0.930192	0.069808
4KTS-B-A	Positive	0.170309	0.829691
4J2X-B-A	Negative	0.979423	0.0205771
4HLH-C-A	Negative	0.962391	0.0376085
4HLH-D-A	Negative	0.962391	0.0376085
4JFZ-P-L	Negative	0.76873	0.23127
4H2T-C-A	Negative	0.940883	0.0591175
4LOR-D-A	Negative	0.525484	0.474516
4W50-E-A	Positive	0.0175537	0.982446
4ISR-D-A	Negative	0.996632	0.00336788
4ISR-E-A	Negative	0.996632	0.00336788
4TT2-P-A	Positive	0.239573	0.760427
4R1E-B-A	Negative	0.749111	0.250889
4GLY-B-A	Negative	0.967919	0.0320815
4GUX-D-A	Negative	0.966836	0.033164
4GPK-M-A	Negative	0.968557	0.0314426
4V19-7-2	Negative	0.971631	0.0283686
4YZH-B-A	Positive	0.134589	0.865411
4ZHB-B-A	Positive	0.174947	0.825053
4YA5-c-H	Positive	0.155088	0.844912
4Q6H-B-A	Positive	0.257283	0.742717
4ETO-P-A	Negative	0.982162	0.0178385
4C5G-B-A	Positive	0.408704	0.591296
4YGW-b-B	Negative	0.970622	0.0293781
4N5T-B-A	Positive	0.0055663	0.994434
4JTD-Y-H	Negative	0.992836	0.00716379
4N0C-B-A	Negative	0.944424	0.0555761
4HS8-A-H	Negative	0.685498	0.314503
4CCO-C-A	Negative	0.96927	0.03073
4GDK-C-B	Negative	0.97707	0.02293
4GDK-F-B	Negative	0.971196	0.0288038
4FL8-C-A	Negative	0.875244	0.124756
4FL8-D-A	Negative	0.979991	0.0200087
4RG9-S-A	Negative	0.948322	0.0516776
4EMZ-D-C	Negative	0.521467	0.478533
4EMZ-E-B	Positive	0.181088	0.818912
4WX4-C-A	Positive	0.475189	0.524811
4YR6-C-A	Negative	0.991908	0.0080919
4QRS-C-A	Negative	0.963791	0.0362089
4ZNY-B-A	Negative	0.882439	0.117561
4RQI-E-A	Positive	0.110513	0.889487
4RQI-F-A	Negative	0.740743	0.259257
4RQI-G-C	Positive	0.166024	0.833976
4RQI-H-C	Positive	0.121814	0.878186
4JFX-P-L	Positive	0.0820255	0.917975
4EN2-D-M	Negative	0.587602	0.412398
4EN2-E-B	Negative	0.562961	0.437039
4B8P-C-A	Negative	0.970543	0.0294566
4OI4-U-A	Negative	0.88079	0.11921
4OI4-D-C	Negative	0.704055	0.295945
4ZOZ-Y-A	Positive	0.355456	0.644544
4EZR-B-A	Negative	0.9921	0.00790003
4XKH-E-A	Positive	0.348995	0.651005
4XKH-C-F	Positive	0.322637	0.677363
4ZIH-B-A	Negative	0.936173	0.0638275
4P6Z-V-G	Negative	0.941354	0.058646
4P6Z-T-M	Negative	0.98717	0.0128297
4X6S-L-A	Positive	0.183918	0.816082
4CR4-Y-R	Negative	0.973181	0.0268192
4ZKS-P-U	Negative	0.889986	0.110014
4PRD-C-A	Negative	0.573438	0.426562
4JOL-E-A	Positive	0.420679	0.579321
4JOL-H-B	Positive	0.47739	0.52261
4FQX-E-A	Negative	0.841105	0.158895
4V3I-B-A	Negative	0.817496	0.182504
4ZNX-E-A	Negative	0.955787	0.0442132
4ZNX-G-B	Negative	0.974181	0.0258187
4XNH-F-A	Negative	0.882762	0.117238
4CC7-B-A	Positive	0.432152	0.567848
4CC7-D-A	Negative	0.548748	0.451252
4JS0-B-A	Negative	0.923396	0.0766041
4MNY-C-A	Negative	0.992338	0.00766247
4JOG-C-A	Negative	0.958007	0.0419925
4N3A-B-A	Positive	0.124319	0.875681
4A2A-C-A	Negative	0.785858	0.214142
4A2A-D-B	Negative	0.855169	0.144831
4H1L-C-A	Negative	0.784472	0.215528
4M1L-B-A	Negative	0.888704	0.111296
4QO2-B-A	Positive	0.230844	0.769156
4NSK-C-A	Negative	0.85008	0.14992
4K78-B-A	Negative	0.822408	0.177592
4HHA-P-A	Negative	0.979573	0.0204274
4FQ3-B-A	Negative	0.962356	0.0376438
4O6F-B-A	Negative	0.879114	0.120886
4QSY-B-A	Negative	0.983929	0.0160707
4JIZ-B-A	Positive	0.0172027	0.982797
4PG9-C-A	Positive	0.135075	0.864925
4YOS-E-A	Positive	0.337346	0.662654
4CCM-C-A	Negative	0.97544	0.0245601
4CCM-D-B	Negative	0.919379	0.0806212
4ZLX-A-B	Negative	0.955117	0.0448829
4F7M-C-A	Negative	0.96001	0.0399896
4YYD-Z-A	Negative	0.691761	0.308239
4AFJ-X-A	Negative	0.813905	0.186095
4QPQ-A-D	Negative	0.933139	0.0668612
4Q6S-C-A	Positive	0.33042	0.66958
4M5S-B-A	Negative	0.992822	0.00717762
4GU0-E-A	Negative	0.837827	0.162173
4A7J-B-A	Negative	0.629279	0.370721
4Y80-c-H	Positive	0.47274	0.52726
4HTC-L-H	Negative	0.984954	0.0150463
4OIH-B-A	Negative	0.85197	0.14803
4WWR-B-A	Negative	0.935153	0.0648468
4WWR-H-A	Negative	0.902161	0.097839
4WWR-D-G	Negative	0.919916	0.080084
4I1P-B-A	Negative	0.793002	0.206998
4P3C-M-H	Negative	0.794066	0.205934
4R11-B-A	Negative	0.984474	0.0155257
4R11-D-C	Negative	0.974287	0.0257131
4R11-F-E	Negative	0.98626	0.0137404
4WM7-D-A	Positive	0.425696	0.574304
4MNX-B-A	Negative	0.83323	0.16677
4E81-C-A	Positive	0.489358	0.510642
4ZRO-E-A	Negative	0.936166	0.0638345
4XC1-P-L	Negative	0.690012	0.309988
4J84-C-A	Negative	0.769564	0.230436
4J84-D-B	Positive	0.409307	0.590693
4Q0X-E-H	Negative	0.590648	0.409352
4PGD-C-A	Positive	0.190269	0.809731
4O97-B-A	Negative	0.936799	0.0632009
4BOS-F-A	Negative	0.83439	0.16561
4GAO-F-A	Negative	0.986648	0.0133515
4GAO-H-A	Negative	0.98087	0.0191305
4LX2-B-A	Negative	0.775504	0.224496
4CDI-C-A	Negative	0.602571	0.397429
4OH6-B-A	Negative	0.532019	0.467981
4IMY-G-B	Negative	0.953014	0.046986
4OK1-B-A	Negative	0.790359	0.209641
4OGR-G-F	Negative	0.731573	0.268427
4A0K-B-A	Negative	0.976722	0.0232785
4X23-U-C	Negative	0.880676	0.119324
4X23-V-E	Negative	0.699176	0.300824
4X23-X-H	Negative	0.953972	0.0460277
4X23-W-M	Negative	0.857212	0.142788
4JYI-G-A	Negative	0.927601	0.0723995
4R8T-A-B	Negative	0.844102	0.155898
4BKL-E-A	Negative	0.869194	0.130806
4BKL-F-A	Negative	0.916037	0.0839628
4BKL-G-A	Negative	0.916037	0.0839628
4LZF-B-A	Negative	0.788617	0.211383
4JOR-C-A	Negative	0.540907	0.459093
4N7Y-C-A	Positive	0.446301	0.553699
4TT3-H-A	Negative	0.72631	0.27369
4TT3-I-B	Negative	0.709905	0.290095
4TT3-J-E	Negative	0.752714	0.247286
4U0B-M-A	Negative	0.891556	0.108444
4U0B-N-A	Negative	0.744947	0.255053
4LNP-B-A	Negative	0.709885	0.290115
4QRR-P-A	Negative	0.753111	0.246889
4U0C-B-A	Negative	0.758245	0.241755
4QY8-Q-A	Positive	0.423215	0.576785
4XEF-B-A	Negative	0.955453	0.0445467
4XEF-C-A	Negative	0.988706	0.0112944
4XEF-F-D	Negative	0.992229	0.00777104
4MZK-T-A	Negative	0.942328	0.057672
4FMN-C-A	Positive	0.429271	0.570729
4ZI1-B-A	Negative	0.890549	0.109451
4XHV-B-A	Negative	0.993523	0.00647667
4JO3-P-L	Negative	0.903987	0.0960126
4DLQ-B-A	Negative	0.78881	0.21119
4S1Z-G-A	Negative	0.603322	0.396678
4S1Z-J-A	Negative	0.70062	0.29938
4S1Z-I-A	Negative	0.631966	0.368034
4TT4-P-A	Positive	0.0646625	0.935337
4XVJ-A-H	Negative	0.952062	0.0479378
4GK5-C-A	Negative	0.984471	0.0155294
4GK5-G-E	Negative	0.868415	0.131585
4PRB-C-A	Negative	0.726884	0.273116
4PV1-H-A	Negative	0.60573	0.39427
4PV1-F-B	Negative	0.824848	0.175152
4B1U-M-B	Negative	0.992648	0.00735228
4PDW-D-A	Negative	0.952161	0.0478391
4XPM-A-B	Negative	0.960273	0.0397272
4BJ6-D-C	Negative	0.987453	0.0125467
4JMG-B-A	Negative	0.79595	0.20405
4LN2-B-A	Negative	0.85602	0.14398
4D0G-C-A	Negative	0.854188	0.145812
4GBX-E-A	Negative	0.904142	0.0958583
4G5R-E-A	Negative	0.886208	0.113792
4G5R-G-A	Negative	0.929444	0.0705556
4PSW-C-A	Negative	0.854083	0.145917
4UTV-C-A	Negative	0.693126	0.306874
4IUT-C-B	Negative	0.918648	0.0813525
4B86-A-B	Negative	0.989374	0.0106265
4B86-I-C	Negative	0.996062	0.00393842
4B86-J-K	Negative	0.996045	0.00395544
4AJU-B-A	Negative	0.870916	0.129084
4MNV-B-A	Negative	0.854406	0.145594
4MNV-C-A	Negative	0.837539	0.162461
4JOJ-C-A	Negative	0.989767	0.0102326
4JOJ-D-B	Negative	0.964279	0.0357213
4JOF-C-A	Negative	0.798972	0.201028
4JOF-D-B	Positive	0.42745	0.57255
4U7I-B-A	Negative	0.866239	0.133761
4HQJ-G-A	Negative	0.678029	0.321971
4HQJ-E-C	Positive	0.407558	0.592442
4OJ9-B-A	Negative	0.752361	0.247639
4CIN-C-A	Negative	0.879329	0.120671
4CIN-D-B	Negative	0.684999	0.315001
4EDU-T-A	Positive	0.155884	0.844116
4ZKB-B-A	Negative	0.958825	0.0411754
4NB3-C-A	Negative	0.786689	0.213311
4RTV-B-A	Negative	0.955787	0.0442132
4E05-I-H	Positive	0.424135	0.575865
4M38-E-A	Positive	0.319704	0.680296
4M38-F-B	Positive	0.166006	0.833994
4N84-C-A	Positive	0.111068	0.888932
4CKT-C-A	Negative	0.98082	0.0191805
4CKT-D-B	Positive	0.434379	0.565621
4Z96-C-A	Negative	0.990636	0.00936393
4RWG-D-A	Positive	0.0287083	0.971292
4RWG-F-C	Negative	0.718906	0.281094
4D7Z-A-B	Negative	0.765078	0.234922
4PGB-C-A	Positive	0.0425519	0.957448
4H3Q-B-A	Negative	0.600153	0.399847
4BXW-F-A	Negative	0.860325	0.139675
4AM9-B-A	Negative	0.9022	0.0978002
4JIJ-P-A	Negative	0.591129	0.408871
4JIJ-Q-B	Negative	0.591129	0.408871
4QJ8-E-A	Negative	0.983838	0.0161622
4RG6-S-A	Negative	0.964483	0.0355175
4QOY-E-A	Negative	0.839931	0.160069
4B60-C-A	Negative	0.783426	0.216574
4OEY-B-A	Negative	0.914078	0.0859225
4Q94-C-A	Positive	0.136733	0.863267
4JZN-K-I	Positive	0.085407	0.914593
4D0C-C-A	Negative	0.995643	0.00435666
4GW1-E-A	Negative	0.649753	0.350247
4J9H-G-A	Positive	0.411815	0.588185
4YEC-C-A	Positive	0.28561	0.71439
4B1Y-M-B	Negative	0.943163	0.0568372
4Z1M-H-A	Negative	0.72631	0.27369
4Z1M-J-E	Negative	0.90046	0.0995404
4XIB-C-A	Negative	0.822792	0.177208
4QYL-E-A	Negative	0.938131	0.0618692
4MDJ-C-A	Negative	0.959697	0.0403027
4Z8M-C-A	Negative	0.932095	0.0679053
4Z8M-D-A	Negative	0.723186	0.276814
4GVC-B-A	Negative	0.995539	0.004461
4RTW-B-A	Negative	0.956963	0.0430368
4RTW-D-A	Negative	0.884886	0.115114
4RTW-E-A	Negative	0.985624	0.014376
4JR0-C-A	Negative	0.896177	0.103823
4LKE-E-A	Negative	0.741272	0.258728
4LKE-F-B	Positive	0.441979	0.558021
4J2J-D-A	Negative	0.989883	0.0101167
4J2J-E-A	Negative	0.857047	0.142953
4J2J-F-B	Negative	0.978456	0.0215442
4MBQ-A-C	Negative	0.968456	0.0315437
4MBQ-F-C	Negative	0.941383	0.0586172
4B8Y-B-A	Positive	0.217616	0.782384
4N4I-B-A	Negative	0.80843	0.19157
4Y18-I-A	Positive	0.458807	0.541193
4Y18-L-D	Positive	0.418119	0.581881
4Y18-N-F	Positive	0.496644	0.503356
4WDI-C-A	Positive	0.233103	0.766897
4YA9-c-H	Positive	0.47274	0.52726
4ZN8-B-A	Negative	0.949265	0.0507351
4ZN8-C-A	Negative	0.958729	0.0412714
4ZN8-D-A	Negative	0.917302	0.0826979
4WJO-B-A	Negative	0.652886	0.347114
4RT4-E-C	Negative	0.98595	0.01405
4RT4-A-D	Negative	0.951139	0.0488609
4E17-B-A	Negative	0.813789	0.186211
4X01-D-A	Negative	0.931597	0.0684033
4I7C-B-A	Positive	0.385335	0.614665
4TKY-E-A	Negative	0.610347	0.389653
4UTQ-Z-A	Negative	0.801314	0.198686
4X3O-C-A	Negative	0.571193	0.428807
4J78-B-A	Negative	0.972988	0.0270121
4IHL-P-A	Negative	0.519368	0.480632
4GMN-B-A	Positive	0.0789968	0.921003
4JWC-C-A	Negative	0.948712	0.0512876
4JWC-D-A	Negative	0.984636	0.0153637
4GEQ-F-A	Negative	0.996957	0.00304316
4DM9-X-A	Positive	0.233582	0.766418
4YK6-B-A	Negative	0.883674	0.116326
4N3B-B-A	Positive	0.337373	0.662627
4B8L-D-A	Negative	0.937262	0.0627378
4PC0-C-A	Positive	0.377748	0.622252
4BLD-E-A	Negative	0.705503	0.294497
4Y8L-d-H	Negative	0.87787	0.12213
4Y8L-c-K	Negative	0.87787	0.12213
4U7E-A-B	Negative	0.788745	0.211255
4K76-E-A	Negative	0.994329	0.00567068
4K76-F-B	Negative	0.974907	0.0250926
4K76-G-B	Negative	0.796668	0.203332
4K76-H-D	Negative	0.559747	0.440253
4U9W-F-A	Negative	0.769408	0.230592
4U9W-E-B	Negative	0.769408	0.230592
4C0H-C-A	Negative	0.971467	0.0285329
4C0H-D-B	Negative	0.689689	0.310311
4D0M-F-A	Negative	0.993834	0.00616607
4NO2-C-A	Negative	0.967683	0.0323168
4X1S-P-U	Positive	0.193506	0.806494
4R3P-B-A	Negative	0.634382	0.365618
4D6U-I-A	Negative	0.798582	0.201418
4D6U-V-N	Negative	0.982315	0.0176853
4MEX-M-C	Positive	0.235617	0.764383
4HYB-C-A	Positive	0.310251	0.689749
4R6R-D-A	Negative	0.733371	0.266629
4W9M-D-C	Negative	0.754784	0.245216
4W9M-F-E	Negative	0.96353	0.0364698
4W9M-L-K	Negative	0.944552	0.0554479
4IXR-F-A	Negative	0.654462	0.345538
4IXR-J-A	Positive	0.244349	0.755651
4IXR-M-A	Negative	0.90983	0.0901697
4IXR-T-A	Positive	0.170254	0.829746
4IXR-t-B	Positive	0.170254	0.829746
4IXR-X-D	Negative	0.820092	0.179908
4JOK-C-A	Negative	0.984824	0.0151762
4JOK-D-B	Negative	0.667442	0.332558
4YO0-E-A	Negative	0.696777	0.303223
4YO0-F-C	Negative	0.660586	0.339414
4Y28-J-A	Negative	0.976233	0.0237671
4Z0X-C-A	Positive	0.085407	0.914593
4H3K-F-E	Positive	0.227521	0.772479
4R6Q-B-A	Negative	0.987632	0.0123678
4R6Q-F-A	Negative	0.982165	0.0178354
4WRQ-C-A	Negative	0.966078	0.0339221
4WRQ-D-B	Negative	0.944291	0.0557085
4W2E-9-Q	Negative	0.500002	0.499998
4W2E-u-m	Negative	0.957237	0.0427625
4G91-A-B	Negative	0.921093	0.0789065
4REY-B-A	Negative	0.991823	0.00817669
4K0U-B-A	Negative	0.967003	0.0329969
4NMR-C-A	Negative	0.898198	0.101802
4NMR-D-B	Negative	0.903857	0.0961435
4ABI-B-A	Negative	0.979832	0.0201675
4CSE-C-A	Negative	0.988489	0.0115106
4CSE-D-B	Positive	0.323803	0.676197
4PZ6-Q-A	Positive	0.0911953	0.908805
4FCM-C-A	Negative	0.888092	0.111908
4ZRI-C-A	Negative	0.943942	0.0560575
4ZRI-D-B	Negative	0.9601	0.0399002
4PJ0-I-A	Positive	0.498847	0.501153
4PJ0-L-A	Negative	0.959539	0.0404608
4PJ0-M-A	Negative	0.869234	0.130766
4PJ0-T-A	Positive	0.102535	0.897465
4PJ0-t-B	Positive	0.102535	0.897465
4PJ0-Y-C	Negative	0.934873	0.0651265
4PJ0-R-E	Negative	0.724812	0.275188
4PJ0-j-a	Positive	0.140698	0.859302
4PJ0-l-a	Negative	0.959539	0.0404608
4PJ0-r-e	Negative	0.625337	0.374663
4ZHM-P-U	Positive	0.156645	0.843355
4WNN-T-C	Negative	0.879548	0.120452
4JWI-C-A	Negative	0.955642	0.0443579
4OWW-C-A	Negative	0.932781	0.0672195
4A0I-C-A	Negative	0.934883	0.0651168
4PN1-E-A	Negative	0.642498	0.357502
4BA3-B-A	Positive	0.413463	0.586537
4ODL-D-A	Positive	0.271202	0.728798
4ODL-C-B	Positive	0.335643	0.664357
4D8I-B-A	Negative	0.980324	0.019676
4QNZ-B-A	Positive	0.336138	0.663862
4NMT-C-A	Negative	0.884219	0.115781
4NMT-D-B	Negative	0.706917	0.293083
4BPJ-D-A	Negative	0.508169	0.491831
4H2V-C-A	Negative	0.92393	0.0760703
4EAK-B-A	Negative	0.921324	0.0786762
4Z63-P-A	Negative	0.879729	0.120271
4UEC-B-A	Negative	0.980313	0.0196872
4GKV-P-B	Negative	0.897694	0.102306
4NXM-U-M	Negative	0.900086	0.0999136
4OH9-B-A	Negative	0.757794	0.242206
4F7P-C-A	Positive	0.00306082	0.996939
4FJ3-P-A	Positive	0.216228	0.783772
4UWX-C-A	Negative	0.527227	0.472773
4UWX-D-B	Negative	0.689979	0.310021
4KMD-B-A	Positive	0.20538	0.79462
4CRI-C-A	Positive	0.481035	0.518965
4CRI-D-A	Negative	0.846515	0.153485
4AF3-D-A	Negative	0.994006	0.00599371
4O42-B-A	Negative	0.699019	0.300981
4N8C-X-H	Negative	0.95574	0.0442604
4N8C-Y-I	Negative	0.774048	0.225952
4EHQ-G-A	Negative	0.986868	0.0131324
4O27-C-A	Negative	0.851736	0.148264
4QRQ-C-A	Negative	0.988665	0.0113354
4Y1C-C-A	Positive	0.261381	0.738619
4BV2-E-A	Negative	0.984439	0.0155612
4INH-M-A	Negative	0.80027	0.19973
4Y1D-D-A	Positive	0.405356	0.594644
4GP4-C-A	Negative	0.544674	0.455326
4EXT-B-C	Negative	0.979737	0.0202629
4H62-K-Q	Negative	0.969971	0.030029
4H62-V-Q	Negative	0.944422	0.0555778
4TXQ-C-A	Negative	0.963744	0.0362559
4TXQ-D-B	Positive	0.494318	0.505682
4ADX-5-E	Negative	0.959788	0.0402118
4NMP-C-A	Negative	0.985584	0.0144162
4NMP-D-B	Negative	0.924195	0.0758048
4MJH-B-A	Negative	0.752172	0.247828
4NQL-C-A	Negative	0.956099	0.0439011
4WPI-D-A	Negative	0.8637	0.1363
4HTV-B-A	Positive	0.0761526	0.923847
4ITZ-C-A	Negative	0.855463	0.144537
4J9I-B-A	Negative	0.880645	0.119355
4AR2-P-A	Negative	0.972598	0.0274018
4C93-D-A	Negative	0.858429	0.141571
4HFX-C-A	Negative	0.967093	0.0329072
4OZG-J-A	Negative	0.949876	0.0501244
4OZG-I-C	Negative	0.621699	0.378301
4MVI-B-A	Positive	0.317034	0.682966
4AFX-B-A	Negative	0.847687	0.152313
4TNI-F-A	Negative	0.654462	0.345538
4TNI-M-A	Negative	0.90983	0.0901697
4CH8-C-D	Negative	0.97602	0.0239796
4CH8-G-D	Negative	0.985819	0.0141805
4CH8-Q-D	Negative	0.928809	0.0711908
4UQZ-B-A	Negative	0.834043	0.165957
4D2G-E-A	Negative	0.888073	0.111927
4HUU-C-A	Negative	0.98965	0.0103498
4XAL-B-A	Negative	0.889343	0.110657
4U1L-C-A	Negative	0.919624	0.0803763
4U1L-F-D	Negative	0.919624	0.0803763
4FT4-Q-B	Negative	0.57111	0.42889
4BXR-C-A	Negative	0.788617	0.211383
4BXR-D-B	Negative	0.811863	0.188137
4EZ1-L-A	Negative	0.974856	0.0251442
4DOW-C-A	Negative	0.597637	0.402363
4DOW-D-A	Negative	0.577726	0.422274
4BD2-C-A	Negative	0.83956	0.16044
4IUV-C-A	Negative	0.572283	0.427717
4GKG-F-A	Negative	0.894416	0.105584
4V11-B-A	Negative	0.901008	0.0989917
4ZJV-C-A	Negative	0.978762	0.021238
4ZJV-D-B	Negative	0.983409	0.0165914
4NQV-M-A	Negative	0.877015	0.122985
4HVU-B-A	Negative	0.955787	0.0442132
4OZ1-C-A	Negative	0.923631	0.0763689
4EOY-D-A	Negative	0.871333	0.128667
4EOY-F-C	Negative	0.871333	0.128667
4LOP-K-A	Positive	0.384598	0.615402
4LOP-N-B	Positive	0.364489	0.635511
4A5X-C-A	Negative	0.727957	0.272043
4A5X-D-A	Negative	0.940324	0.0596762
4TWI-B-A	Negative	0.584459	0.415541
4LLG-M-C	Negative	0.80917	0.19083
4LLG-N-I	Negative	0.891353	0.108647
4O9W-B-A	Negative	0.740577	0.259423
4F27-Q-A	Positive	0.416725	0.583275
4YI0-A-C	Negative	0.974942	0.0250579
4BQ8-B-C	Positive	0.119174	0.880826
4YM4-B-A	Negative	0.851499	0.1485
4CVZ-C-A	Negative	0.971134	0.0288663
4V0V-B-A	Negative	0.830033	0.169967
4V0V-D-C	Negative	0.982324	0.0176756
4RRV-B-A	Positive	0.108979	0.891021
4H3H-F-E	Negative	0.713514	0.286486
4QX7-E-A	Negative	0.758768	0.241232
4QX7-F-C	Negative	0.822998	0.177002
4UEA-B-A	Negative	0.972201	0.027799
4UEA-D-C	Negative	0.979647	0.0203534
4F00-B-A	Negative	0.951686	0.0483138
4DEX-B-A	Positive	0.486005	0.513995
4R6O-F-A	Negative	0.982165	0.0178354
4J81-D-A	Positive	0.183885	0.816115
4Z2P-P-A	Negative	0.937187	0.0628131
4Z2P-C-A	Negative	0.877851	0.122149
4HAB-D-A	Negative	0.617115	0.382885
4U1J-C-A	Negative	0.992528	0.00747161
4ZIG-B-A	Positive	0.498409	0.501591
4JDH-B-A	Positive	0.383008	0.616992
4ZXL-H-A	Positive	0.155765	0.844235
4MMY-C-A	Positive	0.267095	0.732905
4N78-P-A	Negative	0.881396	0.118604
4YFB-B-A	Negative	0.587148	0.412852
4YFB-E-A	Positive	0.445747	0.554253
4YFB-K-G	Negative	0.696614	0.303386
4EIK-B-A	Negative	0.813965	0.186035
4J1V-E-A	Positive	0.0730528	0.926947
4J1V-G-A	Negative	0.967823	0.0321767
4AW9-I-A	Positive	0.0247403	0.97526
4D0Z-X-B	Negative	0.899263	0.100737
4HH6-Z-A	Negative	0.539872	0.460128
4YIZ-B-A	Negative	0.611624	0.388376
4THN-I-H	Negative	0.912106	0.0878936
4M91-B-A	Positive	0.289462	0.710538
4NM5-B-A	Negative	0.985902	0.0140978
4NM5-C-A	Negative	0.872482	0.127518
4QIW-W-A	Negative	0.731787	0.268213
4U1S-C-A	Positive	0.0180926	0.981907
4NUT-B-A	Negative	0.646195	0.353805
4EDN-L-A	Negative	0.869305	0.130695
4EDN-O-E	Negative	0.886301	0.113699
4EDN-Q-E	Negative	0.511115	0.488885
4EDN-P-F	Negative	0.956389	0.0436113
4LKL-B-A	Negative	0.889034	0.110966
4JZO-J-A	Positive	0.476398	0.523602
4KTX-B-A	Negative	0.838309	0.161691
4BWQ-B-A	Negative	0.573482	0.426518
4BWQ-D-A	Negative	0.647751	0.352249
4BWQ-F-C	Positive	0.425335	0.574665
4D2M-B-A	Negative	0.923572	0.0764285
4D2M-D-C	Negative	0.924128	0.0758723
4UUB-D-A	Negative	0.693126	0.306874
4UE4-B-C	Negative	0.539097	0.460903
4KYT-B-A	Negative	0.965035	0.0349649
4KYT-C-A	Negative	0.976498	0.0235016
4ZDU-B-A	Negative	0.995524	0.00447621
4IZY-B-A	Negative	0.989585	0.0104154
4G35-B-A	Negative	0.867255	0.132745
4MZ5-A-E	Negative	0.810802	0.189199
4MZ5-C-E	Positive	0.138912	0.861088
4N9G-C-A	Negative	0.701804	0.298196
4N9G-Z-A	Negative	0.882968	0.117032
4N9G-D-E	Negative	0.879282	0.120718
4PZ3-C-B	Negative	0.509014	0.490986
4DOR-C-A	Negative	0.624989	0.375011
4YGX-E-D	Positive	0.232396	0.767604
4WHT-a-A	Negative	0.551991	0.448009
4WHT-c-C	Negative	0.700779	0.299221
4WHT-o-O	Positive	0.459409	0.540591
4WHT-q-Q	Positive	0.361873	0.638127
4JG0-P-L	Negative	0.804149	0.195851
4XTR-G-A	Negative	0.619725	0.380275
4OR5-E-B	Negative	0.918382	0.0816176
4OR5-J-B	Negative	0.918382	0.0816176
4X3E-B-A	Negative	0.527259	0.472741
4G71-C-A	Negative	0.544674	0.455326
4NO0-C-A	Negative	0.939687	0.0603129
4FBY-T-A	Positive	0.170254	0.829746
4GRV-B-A	Negative	0.695687	0.304313
4HEE-Y-X	Negative	0.625821	0.374179
4B4S-B-A	Negative	0.503619	0.496381
4ODK-B-A	Positive	0.215124	0.784876
4ODK-C-A	Positive	0.131719	0.868281
4NW2-B-A	Negative	0.963227	0.0367727
4NW2-D-C	Negative	0.94717	0.0528303
4Y6O-C-A	Positive	0.0582132	0.941787
4EZT-B-A	Negative	0.955492	0.0445078
4I2W-B-A	Negative	0.895792	0.104208
4NF9-C-A	Negative	0.581393	0.418606
4MGX-B-A	Negative	0.98556	0.0144401
4OH4-E-A	Negative	0.981431	0.0185693
4CCN-C-A	Negative	0.962104	0.0378958
4K7F-C-A	Negative	0.943742	0.056258
4HCZ-C-A	Negative	0.99011	0.00988986
4HCZ-D-B	Negative	0.577805	0.422195
4XGQ-B-A	Negative	0.716204	0.283796
4I9C-C-A	Positive	0.492838	0.507162
4L67-B-A	Negative	0.946574	0.053426
4M1Z-C-A	Negative	0.974239	0.0257608
4M1Z-D-B	Negative	0.733947	0.266053
4WIH-B-A	Negative	0.663987	0.336013
4Y2G-B-A	Negative	0.598302	0.401698
4SRN-B-A	Negative	0.736257	0.263743
4RTZ-B-A	Negative	0.83569	0.16431
4O45-B-A	Negative	0.805047	0.194953
4OWT-C-A	Negative	0.919003	0.0809966
4USL-D-A	Positive	0.0742626	0.925737
4PBZ-B-A	Negative	0.704704	0.295296
4N1A-G-A	Positive	0.467501	0.532499
4N1A-H-B	Negative	0.639354	0.360646
4N1A-J-C	Negative	0.724299	0.275701
4N1A-K-E	Positive	0.232524	0.767476
4DJZ-H-B	Negative	0.983019	0.0169811
4DJZ-I-B	Negative	0.992537	0.00746343
4HRG-C-A	Positive	0.371713	0.628287
4TK3-C-A	Positive	0.432517	0.567483
4TK3-D-A	Positive	0.282184	0.717816
4QXH-F-C	Negative	0.990841	0.00915917
4OIU-B-A	Negative	0.669393	0.330607
4RWV-B-A	Negative	0.944149	0.0558508
4E6K-H-C	Negative	0.957882	0.0421179
4DJ9-B-A	Positive	0.211496	0.788504
4TZQ-B-A	Negative	0.739725	0.260275
4GUU-B-A	Negative	0.609092	0.390908
4MS8-B-C	Negative	0.917972	0.0820284
4JX7-B-A	Positive	0.421884	0.578116
4R6N-D-A	Negative	0.987632	0.0123678
4UM9-E-A	Negative	0.776709	0.223291
4UM9-F-C	Negative	0.962226	0.0377736
4Z68-E-A	Positive	0.392398	0.607602
4RET-G-A	Negative	0.656538	0.343462
4RET-E-C	Negative	0.656538	0.343462
4HXJ-C-A	Positive	0.0734146	0.926585
4B45-B-A	Negative	0.733917	0.266083
4G9F-C-A	Negative	0.968984	0.0310157
4FJC-C-A	Negative	0.979324	0.0206763
4FJC-G-A	Negative	0.985123	0.0148769
4Y3U-B-A	Negative	0.992362	0.00763764
4APR-I-E	Negative	0.666146	0.333854
4GPL-A-B	Positive	0.426908	0.573092
4UE8-B-A	Negative	0.987834	0.0121665
4N5E-B-C	Positive	0.017544	0.982456
4X3H-B-A	Positive	0.230625	0.769375
4L8C-I-A	Negative	0.915339	0.0846607
4M7C-C-A	Negative	0.877767	0.122233
4NNL-C-A	Negative	0.991541	0.00845892
4C2D-E-A	Negative	0.829307	0.170693
4C2D-M-A	Negative	0.63388	0.36612
4C2D-N-B	Positive	0.468179	0.531821
4C2D-H-D	Negative	0.864781	0.135219
4C2D-P-D	Positive	0.274475	0.725525
4I80-B-A	Positive	0.219093	0.780907
4OZ6-B-A	Positive	0.488394	0.511606
4GZF-C-A	Positive	0.120006	0.879994
4O30-C-A	Negative	0.918453	0.0815466
4O30-D-B	Negative	0.528504	0.471496
4S0R-O-A	Negative	0.950758	0.049242
4YWC-C-A	Negative	0.961401	0.0385987
4JO9-A-B	Negative	0.904118	0.0958819
4JO9-C-B	Negative	0.944621	0.0553794
4Y8K-d-H	Negative	0.87787	0.12213
4Y8K-c-K	Negative	0.87787	0.12213
4IV1-D-A	Negative	0.84987	0.15013
4TZS-C-A	Negative	0.781442	0.218558
4K7L-A-B	Negative	0.948191	0.0518085
4ESG-D-A	Negative	0.949388	0.0506123
4J8G-D-A	Negative	0.974553	0.0254473
4J8G-C-B	Negative	0.664231	0.335769
4YXB-C-A	Positive	0.384373	0.615627
4YXB-D-A	Negative	0.515219	0.484781
4B7K-B-A	Positive	0.359095	0.640905
4NGE-B-A	Negative	0.514909	0.485091
4NGE-E-D	Positive	0.250525	0.749475
4KTY-C-A	Positive	0.316124	0.683876
4ZFZ-C-A	Negative	0.832899	0.167101
4WNG-B-A	Negative	0.952252	0.0477476
4ZFO-K-L	Negative	0.995187	0.00481276
4ZFO-F-B	Negative	0.94609	0.0539096
4OS1-B-A	Negative	0.916897	0.0831026
4FTB-D-A	Negative	0.871419	0.128581
4FTB-E-A	Positive	0.462517	0.537483
4FTB-F-C	Negative	0.692171	0.307829
4NRX-P-H	Negative	0.735656	0.264344
4NRX-C-A	Negative	0.775575	0.224425
4JFO-C-A	Negative	0.944066	0.055934
4HAN-C-A	Positive	0.377166	0.622834
4RWD-H-A	Positive	0.464845	0.535155
4WFB-Z-K	Negative	0.986777	0.0132225
4ZRK-E-A	Negative	0.938904	0.061096
4ZRK-G-C	Negative	0.937281	0.0627193
4NUV-C-A	Positive	0.0417562	0.958244
4QQI-X-A	Negative	0.975661	0.0243388
4XOA-B-A	Negative	0.738785	0.261215
4XGZ-a-A	Negative	0.966471	0.0335291
4XGZ-c-C	Negative	0.94057	0.0594299
4XGZ-e-E	Negative	0.950275	0.0497254
4XGZ-j-H	Negative	0.986968	0.0130322
4XOD-B-A	Negative	0.842643	0.157357
4OED-B-A	Positive	0.376795	0.623205
4X5W-C-A	Negative	0.991149	0.00885059
4MDD-C-A	Negative	0.681316	0.318684
4MDD-D-A	Negative	0.713895	0.286105
4X3S-D-A	Positive	0.347801	0.652199
4ERZ-E-A	Positive	0.248032	0.751968
4LGD-E-A	Negative	0.944276	0.0557237
4LGD-F-A	Negative	0.982979	0.0170212
4LGD-G-C	Negative	0.904494	0.0955056
4LGD-H-C	Negative	0.974878	0.0251219
4SGA-P-E	Negative	0.581306	0.418694
4ZTO-P-L	Negative	0.919881	0.0801188
4ZTO-Q-M	Negative	0.960747	0.0392532
4TUK-I-H	Negative	0.874824	0.125176
4Z89-a-A	Positive	0.219721	0.780279
4Z89-e-A	Positive	0.383357	0.616643
4Z89-b-B	Negative	0.729686	0.270314
4Z89-f-B	Negative	0.523832	0.476168
4Z89-i-D	Negative	0.600454	0.399546
4Z0Z-E-A	Negative	0.80212	0.19788
4Z0Z-G-B	Negative	0.776614	0.223386
4Z0Z-H-D	Negative	0.675706	0.324294
4F73-C-A	Negative	0.67661	0.32339
4F73-D-A	Negative	0.584089	0.415911
4K3O-E-A	Negative	0.983318	0.0166821
4PO6-B-A	Negative	0.854515	0.145485
4JDD-B-A	Positive	0.111745	0.888255
4WM8-D-A	Negative	0.919745	0.0802549
4RFN-M-G	Negative	0.924166	0.0758341
4UEB-B-A	Negative	0.962874	0.0371256
4I7Z-D-A	Negative	0.946338	0.0536618
4I7Z-G-A	Positive	0.132262	0.867738
4I7Z-E-C	Positive	0.0038054	0.996195
4WNL-F-C	Negative	0.958196	0.0418039
4WNL-H-A	Negative	0.819449	0.180551
4A1X-C-A	Negative	0.569246	0.430754
4A1X-D-B	Positive	0.173491	0.826509
4Y8Q-c-K	Positive	0.155088	0.844912
4ZII-C-A	Negative	0.94026	0.0597399
4J6S-E-A	Negative	0.615138	0.384862
4J6S-F-B	Positive	0.243803	0.756197
4UD7-F-A	Negative	0.815003	0.184997
4UD7-G-A	Negative	0.815003	0.184997
4UD7-H-C	Negative	0.909996	0.0900037
4UD7-I-D	Negative	0.932461	0.0675392
4PXM-C-A	Positive	0.265882	0.734118
4PXM-D-B	Positive	0.303011	0.696989
4EZZ-B-A	Negative	0.986463	0.013537
4FZ1-D-A	Negative	0.99181	0.0081902
4Y3B-C-A	Negative	0.822598	0.177402
4Y3B-D-B	Negative	0.754158	0.245842
4DS1-B-A	Negative	0.979558	0.0204419
4DS1-D-A	Negative	0.964809	0.0351913
4NQX-M-A	Negative	0.906814	0.0931859
4AOK-A-B	Negative	0.956194	0.0438063
4AOK-D-B	Negative	0.943924	0.0560764
4XH2-a-A	Negative	0.744405	0.255595
4XH2-c-C	Positive	0.448235	0.551765
4XH2-e-E	Negative	0.620661	0.379339
4LD3-B-A	Negative	0.957476	0.0425241
4YZ6-B-A	Negative	0.740214	0.259786
4JO1-P-L	Negative	0.752464	0.247536
4PD1-C-A	Negative	0.982387	0.0176128
4BB2-B-A	Negative	0.926134	0.0738656
4PZ8-B-A	Positive	0.341166	0.658834
4A1S-C-A	Negative	0.947308	0.0526918
4A1S-E-B	Negative	0.981729	0.0182706
4Z0Y-E-A	Negative	0.762327	0.237673
4Z0Y-F-B	Negative	0.734104	0.265896
4Z0Y-H-B	Negative	0.907698	0.0923016
4ZUH-C-A	Negative	0.925225	0.0747749
4GAJ-P-H	Positive	0.451538	0.548462
4APO-E-A	Negative	0.737357	0.262643
4MQV-B-A	Negative	0.83345	0.16655
4LPZ-C-B	Negative	0.975303	0.0246969
4LPZ-D-B	Negative	0.817505	0.182495
4WVI-D-A	Negative	0.829682	0.170318
4IHG-I-A	Negative	0.711781	0.288219
4IHG-L-D	Negative	0.957823	0.0421774
4CQO-B-A	Negative	0.533139	0.466861
4CQO-D-A	Positive	0.0310475	0.968953
4Z33-C-A	Negative	0.847836	0.152164
4Z33-D-B	Positive	0.21507	0.78493
4E35-C-A	Negative	0.943316	0.0566842
4E35-D-B	Negative	0.968485	0.0315148
4JL0-C-A	Negative	0.867822	0.132178
4JL0-D-B	Negative	0.715804	0.284196
4AU2-E-A	Negative	0.761672	0.238328
4AU2-F-A	Negative	0.761672	0.238328
4AU2-G-A	Negative	0.724429	0.275571
4AU2-J-B	Negative	0.806223	0.193777
4IS6-C-A	Negative	0.982366	0.0176342
4OJK-C-A	Negative	0.985641	0.0143591
4OJK-D-B	Negative	0.983674	0.0163265
4MJ5-C-A	Negative	0.989692	0.010308
4XSS-B-E	Negative	0.984263	0.015737
4XSS-F-E	Negative	0.974035	0.025965
4XC2-E-A	Negative	0.754133	0.245867
4E9D-E-A	Positive	0.432727	0.567273
4TZL-C-A	Positive	0.319509	0.680491
4TZL-D-B	Negative	0.577121	0.422879
4AKT-C-A	Positive	0.306078	0.693922
4OS7-B-A	Negative	0.916897	0.0831026
4C5E-E-A	Positive	0.408704	0.591296
4FWF-E-A	Positive	0.0801025	0.919897
4UB8-I-A	Negative	0.72627	0.27373
4UB8-J-A	Positive	0.145697	0.854303
4UB8-j-a	Positive	0.145697	0.854303
4QVE-B-A	Negative	0.652797	0.347203
4XI7-C-A	Negative	0.931582	0.0684184
4AIM-C-A	Positive	0.153521	0.846479
4JDK-B-A	Positive	0.294372	0.705628
4GOW-A-D	Negative	0.976763	0.0232372
4WQP-P-A	Negative	0.988034	0.0119664
4N0Y-A-H	Negative	0.917441	0.0825585
4U6G-P-H	Negative	0.775541	0.224459
4BPI-B-A	Negative	0.622698	0.377302
4QRU-C-A	Negative	0.546604	0.453396
4LXL-D-A	Positive	0.151579	0.848421
4M1D-P-L	Positive	0.0127835	0.987217
4XW6-B-A	Negative	0.947274	0.0527263
4D6T-I-A	Negative	0.719513	0.280487
4P7I-C-A	Negative	0.963965	0.0360345
4P7I-D-B	Negative	0.915608	0.0843924
4MXQ-B-C	Negative	0.974134	0.0258655
4MVK-B-A	Positive	0.0226413	0.977359
4CPA-I-A	Negative	0.948138	0.0518621
4ODQ-B-A	Negative	0.659093	0.340907
4ZKO-P-U	Negative	0.595939	0.404061
4ZKO-Q-U	Negative	0.809471	0.190529
4RWF-B-A	Negative	0.980017	0.0199833
4Z8A-B-A	Negative	0.550599	0.449401
4QUT-B-A	Positive	0.45657	0.54343
4XZ1-B-A	Negative	0.59409	0.40591
4NM0-B-A	Negative	0.900551	0.0994488
4M9S-E-A	Positive	0.100909	0.899091
4M9S-F-B	Negative	0.577399	0.422601
4M9S-H-D	Negative	0.798926	0.201074
4WYU-D-A	Negative	0.70288	0.29712
4BZI-F-A	Negative	0.903811	0.0961889
4BZI-N-D	Negative	0.864647	0.135353
4CIM-P-A	Negative	0.700968	0.299032
4JK5-B-A	Positive	0.415749	0.584251
4XBE-P-L	Negative	0.634315	0.365685
4MP0-B-A	Negative	0.981267	0.0187331
4MP0-D-C	Negative	0.99563	0.00436973
4LLB-C-A	Positive	0.19224	0.80776
4F75-C-A	Negative	0.872226	0.127774
4F75-D-A	Negative	0.718811	0.281189
4WB7-I-A	Negative	0.975339	0.0246609
4PBU-F-A	Negative	0.790972	0.209028
4PBU-J-A	Positive	0.145697	0.854303
4PBU-M-A	Negative	0.90983	0.0901697
4PBU-t-B	Positive	0.108147	0.891853
4PBU-f-a	Negative	0.653113	0.346887
4PBU-j-a	Positive	0.368226	0.631774
4F56-C-A	Negative	0.91886	0.0811405
4N7Z-B-A	Negative	0.89378	0.10622
4JOP-C-A	Negative	0.959701	0.0402986
4N8V-C-G	Positive	0.301901	0.698099
4FTG-C-A	Negative	0.998889	0.001111
4FTG-D-A	Negative	0.998296	0.00170398
4FTG-E-A	Negative	0.856241	0.143759
4TMA-I-A	Negative	0.968908	0.0310917
4TMA-L-G	Negative	0.983706	0.0162942
4JLU-B-A	Negative	0.850341	0.149659
4FM6-C-B	Negative	0.958882	0.041118
4QMG-F-A	Negative	0.807479	0.192521
4QMG-G-B	Negative	0.960169	0.0398305
4QMG-H-C	Negative	0.637737	0.362263
4QMG-I-D	Negative	0.991682	0.00831837
4ZHL-P-U	Negative	0.684192	0.315808
4K74-C-A	Negative	0.997191	0.00280914
4K74-D-B	Negative	0.991301	0.00869924
4UX6-A-B	Positive	0.182995	0.817005
4U91-B-A	Negative	0.862059	0.137941
4U91-E-A	Negative	0.862059	0.137941
4IL6-F-A	Negative	0.790972	0.209028
4IL6-J-A	Positive	0.0809577	0.919042
4IL6-T-A	Positive	0.135929	0.864071
4IL6-Y-C	Negative	0.912921	0.0870792
4IL6-f-a	Negative	0.653113	0.346887
4IL6-j-a	Positive	0.0809577	0.919042
4IL6-y-c	Negative	0.912921	0.0870792
4MI8-C-A	Negative	0.991057	0.00894274
4MI8-D-B	Negative	0.990071	0.00992942
4YNL-D-B	Positive	0.306012	0.693988
4GUR-C-A	Negative	0.895839	0.104161
4CYD-F-A	Negative	0.959617	0.0403835
4CYD-H-A	Negative	0.933421	0.0665787
4U4A-D-A	Negative	0.776939	0.223061
4U4A-E-B	Negative	0.790366	0.209634
4RVY-l-a	Negative	0.982803	0.0171973
4PRE-C-A	Negative	0.764579	0.235421
4AYA-B-A	Negative	0.981925	0.0180747
4O51-M-L	Negative	0.767025	0.232975
4JMH-B-A	Negative	0.909097	0.0909027
4UG3-D-C	Negative	0.99338	0.00661975
4EP2-B-A	Positive	0.261506	0.738494
4Z88-M-A	Negative	0.974479	0.0255211
4Z88-P-A	Negative	0.739476	0.260524
4Z88-N-B	Negative	0.959194	0.0408057
4Z88-O-C	Negative	0.984839	0.0151607
4Z88-Q-E	Negative	0.725153	0.274847
4Z88-R-F	Negative	0.864831	0.135169
4Z88-T-H	Negative	0.506096	0.493904
4Z88-W-H	Negative	0.87215	0.12785
4Z88-X-I	Negative	0.701845	0.298155
4J9F-B-A	Negative	0.873906	0.126094
4UZ3-C-A	Negative	0.973589	0.0264114
4OGQ-G-A	Positive	0.475955	0.524045
4OGQ-H-A	Negative	0.920996	0.0790037
4YYK-C-A	Positive	0.0743787	0.925621
4TZM-D-B	Negative	0.83484	0.16516
4CC9-C-A	Negative	0.983681	0.0163189
4WSI-X-A	Negative	0.97719	0.0228099
4UF3-B-A	Positive	0.0193512	0.980649
4XXC-B-A	Negative	0.918782	0.0812177
4FDD-B-A	Negative	0.926109	0.0738913
4F0Z-C-A	Negative	0.991583	0.0084175
4QBS-P-A	Negative	0.600974	0.399026
4Z8J-B-A	Negative	0.88471	0.11529
4J7F-B-A	Negative	0.894518	0.105482
4JML-E-A	Negative	0.762081	0.237919
4MDI-C-A	Negative	0.943314	0.0566864
4M9Y-C-A	Negative	0.602879	0.397121
4M9Y-D-B	Negative	0.829375	0.170625
4QH8-C-A	Negative	0.807239	0.192761
4QH8-D-A	Negative	0.980456	0.0195435
4B1V-M-A	Negative	0.936377	0.0636234
4DRW-E-A	Negative	0.988174	0.0118261
4N3C-B-A	Positive	0.337373	0.662627
4DJS-B-A	Negative	0.704572	0.295428
4C5A-C-A	Positive	0.213696	0.786304
4B7Y-A-C	Negative	0.992542	0.00745795
4B7Y-B-C	Negative	0.99322	0.00677978
4FU4-C-A	Negative	0.717424	0.282576
4UU8-D-A	Negative	0.693126	0.306874
4WVS-B-A	Negative	0.713785	0.286215
4GFU-F-A	Negative	0.761515	0.238485
4GF3-B-A	Negative	0.962123	0.0378772
4EJE-C-A	Positive	0.367097	0.632903
4GO6-A-B	Negative	0.978688	0.021312
4GO6-C-B	Negative	0.98627	0.0137298
4Y3O-C-A	Negative	0.915006	0.0849945
4K38-D-A	Negative	0.988554	0.0114459
4K38-C-B	Negative	0.98585	0.0141502
4H3B-B-A	Negative	0.775778	0.224222
4D69-P-A	Positive	0.00656968	0.99343
4D69-R-B	Positive	0.18805	0.81195
4D69-U-E	Positive	0.0276077	0.972392
4D69-X-E	Positive	0.190058	0.809942
4V1T-C-A	Negative	0.782721	0.217279
4V1T-D-A	Negative	0.929181	0.0708187
4IGK-C-A	Negative	0.835523	0.164477
4IGK-D-B	Positive	0.300427	0.699573
4AK4-B-A	Negative	0.967164	0.0328363
4AK4-D-A	Negative	0.952848	0.0471524
4AK4-J-E	Negative	0.953461	0.0465393
4MJT-J-A	Negative	0.986762	0.0132377
4MJT-M-D	Negative	0.993448	0.00655166
4WND-B-A	Negative	0.749508	0.250492
4XYN-P-A	Negative	0.580159	0.419841
4QEO-P-A	Negative	0.768773	0.231227
4XEV-C-A	Negative	0.975775	0.0242253
4XEV-F-D	Negative	0.983782	0.0162177
4U1E-B-I	Negative	0.979233	0.0207675
4OKF-A-B	Negative	0.982004	0.0179958
4K72-C-A	Negative	0.959531	0.0404686
4K72-D-A	Negative	0.977557	0.0224432
4MZJ-T-A	Negative	0.958454	0.0415461
4O56-B-A	Negative	0.839817	0.160183
4FZ0-N-A	Negative	0.986098	0.0139016
4FZ0-O-B	Negative	0.922073	0.0779266
4F02-C-A	Negative	0.801256	0.198744
4X8N-B-A	Negative	0.988184	0.0118161
4HRE-G-A	Negative	0.932266	0.0677337
4PIS-B-A	Negative	0.546187	0.453813
4Z0F-C-A	Negative	0.970585	0.0294148
4FJO-B-A	Negative	0.992884	0.00711613
4FJO-D-C	Negative	0.972055	0.0279454
4UQY-B-A	Negative	0.933079	0.0669205
4G0D-W-A	Positive	0.391039	0.608961
4G0D-Y-A	Negative	0.651825	0.348175
4G0D-X-B	Negative	0.717424	0.282576
4NIQ-C-A	Negative	0.980843	0.0191565
4NIQ-D-B	Negative	0.988791	0.0112086
4C95-D-A	Negative	0.953319	0.0466812
4S2T-A-P	Positive	0.145007	0.854993
4GQB-C-A	Negative	0.970203	0.0297965
4IEA-P-A	Negative	0.685235	0.314765
4AAZ-B-A	Negative	0.993641	0.0063589
4UBF-P-A	Positive	0.366289	0.633711
4MLI-B-A	Positive	0.130938	0.869062
4XBU-B-A	Negative	0.598475	0.401525
4JLQ-B-A	Negative	0.973365	0.0266347
4L3O-E-A	Positive	0.282725	0.717275
4L3O-G-C	Positive	0.282725	0.717275
4NNY-C-A	Negative	0.95923	0.04077
4CW1-C-A	Negative	0.740433	0.259567
4RTY-B-A	Negative	0.884886	0.115114
4GXL-B-A	Negative	0.960553	0.0394466
4FZD-C-A	Negative	0.717814	0.282186
4GNF-C-A	Negative	0.916505	0.0834952
4QXU-K-L	Negative	0.897578	0.102422
4BD6-C-A	Negative	0.923387	0.0766133
4WU7-C-A	Negative	0.514927	0.485073
4BJT-D-A	Negative	0.900168	0.0998322
4HD8-F-A	Negative	0.542559	0.457441
4NR1-S-A	Negative	0.56861	0.43139
4G42-C-A	Positive	0.0473804	0.95262
4QC1-D-A	Positive	0.437947	0.562053
4QC1-E-B	Negative	0.960187	0.0398127
4P6X-B-A	Positive	0.431817	0.568183
4X3G-C-A	Negative	0.995116	0.00488395
4X3G-D-B	Negative	0.997187	0.00281315
4HZL-E-H	Negative	0.882891	0.117109
4M6B-C-A	Negative	0.823644	0.176356
4YJE-B-A	Negative	0.6491	0.3509
4RS9-B-A	Negative	0.926092	0.0739077
4UI9-T-A	Positive	0.111888	0.888112
4UI9-U-A	Positive	0.216435	0.783565
4UI9-W-A	Negative	0.95489	0.0451105
4UI9-G-J	Negative	0.94637	0.0536299
4O1V-B-A	Positive	0.389493	0.610507
4Z77-C-A	Positive	0.344636	0.655364
4Z77-F-D	Positive	0.344636	0.655364
4NE9-D-B	Negative	0.998534	0.00146569
4NMX-Z-B	Positive	0.369509	0.630491
4OYK-C-A	Negative	0.950924	0.0490756
4OYK-D-B	Negative	0.996494	0.00350639
4AYB-Q-A	Negative	0.960064	0.0399356
4AYB-P-B	Negative	0.994366	0.00563353
4OO6-B-A	Positive	0.42108	0.57892
4YYP-B-A	Negative	0.636313	0.363687
4F88-J-2	Negative	0.916546	0.0834542
4UJ4-C-A	Negative	0.785962	0.214038
4UJ4-F-D	Negative	0.774446	0.225554
4UJ4-L-J	Negative	0.860099	0.139901
4HYT-G-A	Negative	0.656538	0.343462
4WPF-B-A	Negative	0.882019	0.117981
4J8O-B-A	Negative	0.967489	0.0325106
4ZUS-C-A	Negative	0.966802	0.0331978
4NAW-D-A	Positive	0.424424	0.575576
4NAW-H-E	Positive	0.0912585	0.908741
4NU8-A-X	Positive	0.24725	0.75275
4ONG-P-H	Negative	0.976527	0.023473
4H4F-Q-A	Negative	0.878791	0.121209
4FE1-K-A	Negative	0.713397	0.286603
4FE1-M-B	Negative	0.933065	0.0669354
4FE1-X-B	Positive	0.00378209	0.996218
4G9J-C-A	Negative	0.964988	0.0350122
4ORE-A-X	Positive	0.24725	0.75275
4Y8H-c-H	Positive	0.464961	0.535039
4JO6-Y-A	Negative	0.837874	0.162126
4RIS-P-H	Negative	0.950476	0.0495241
4JFE-C-A	Negative	0.836673	0.163327
4YV8-B-A	Negative	0.791925	0.208075
4N3Y-A-B	Negative	0.921925	0.0780747
4GGN-D-A	Positive	0.290834	0.709166
4XGC-F-C	Negative	0.928207	0.0717934
4GVD-C-A	Negative	0.804131	0.195869
4W5A-C-A	Negative	0.828129	0.171871
4W5A-D-B	Positive	0.298615	0.701385
4EJF-E-A	Negative	0.854799	0.145201
4EJF-F-A	Negative	0.945125	0.0548747
4PGC-C-A	Negative	0.83408	0.16592
4BTB-C-A	Negative	0.540789	0.459211
4OBD-E-A	Negative	0.92814	0.0718603
4EZN-C-A	Negative	0.986756	0.0132442
4EZN-D-A	Negative	0.904818	0.0951823
4XAI-P-A	Negative	0.838968	0.161032
4XAI-Q-B	Negative	0.740621	0.259379
4G5S-E-A	Negative	0.562343	0.437657
4G5S-G-A	Negative	0.758981	0.241019
4G5S-Z-D	Positive	0.499461	0.500539
4LFD-E-A	Negative	0.800353	0.199647
4V1U-C-A	Negative	0.985673	0.0143273
4HUW-I-A	Negative	0.948656	0.0513444
4D0T-Z-B	Positive	0.447001	0.552999
4D0T-P-C	Positive	0.460228	0.539772
4PL8-H-A	Negative	0.8987	0.1013
4DGB-B-A	Negative	0.923776	0.0762241
4I4W-C-A	Negative	0.654169	0.345831
4IN9-B-A	Negative	0.902302	0.0976976
4GWQ-H-B	Positive	0.123242	0.876758
4QQ4-C-A	Negative	0.858169	0.141831
4QQ4-D-B	Negative	0.858169	0.141831
4NMQ-C-A	Negative	0.785189	0.214811
4NR2-B-A	Negative	0.8358	0.1642
4NR2-D-C	Negative	0.852119	0.147881
4TJX-B-A	Positive	0.442383	0.557617
4GAG-P-H	Positive	0.459409	0.540591
4GNT-B-A	Negative	0.866228	0.133772
4H36-B-A	Negative	0.973099	0.0269011
4JJQ-B-A	Positive	0.091341	0.908659
4EQ0-P-A	Negative	0.66606	0.33394
4EZH-C-A	Positive	0.145519	0.854481
4QFQ-B-A	Negative	0.511478	0.488522
4D2L-B-A	Negative	0.974616	0.0253844
4LP9-I-A	Negative	0.64458	0.35542
4XYI-B-A	Negative	0.79493	0.20507
4NXR-B-A	Negative	0.975491	0.0245095
4X8W-G-B	Negative	0.85967	0.14033
4X8W-F-C	Negative	0.893015	0.106985
4OKW-B-A	Negative	0.635959	0.364041
4GKN-C-A	Negative	0.821818	0.178182
4CC2-B-A	Negative	0.548748	0.451252
4CC2-D-A	Positive	0.432152	0.567848
4X3I-B-A	Negative	0.520813	0.479187
4I7B-B-A	Positive	0.263775	0.736225
4J82-C-A	Negative	0.755714	0.244286
4XC3-P-L	Negative	0.796002	0.203998
4NMV-C-A	Negative	0.964061	0.0359387
4UZY-B-A	Negative	0.971448	0.0285518
4OZI-J-A	Negative	0.979113	0.0208868
4B1W-M-B	Negative	0.991212	0.00878769
4BH7-P-A	Positive	0.103392	0.896608
4PSX-C-A	Negative	0.917158	0.0828417
4PSX-F-D	Negative	0.888555	0.111445
4D11-Z-A	Negative	0.923845	0.0761552
4LOO-B-A	Negative	0.524925	0.475075
4GYW-B-A	Negative	0.973864	0.0261355
4B6H-C-A	Negative	0.994712	0.00528798
4B6H-D-B	Negative	0.995279	0.00472097
4DCB-F-A	Negative	0.960748	0.0392516
4DZV-B-A	Negative	0.908179	0.091821
4I21-C-A	Negative	0.977033	0.0229671
4JHJ-C-A	Negative	0.755534	0.244466
4EZQ-B-A	Negative	0.987063	0.0129366
4JOE-C-A	Negative	0.788475	0.211525
4JQV-B-A	Negative	0.989416	0.0105839
4OFB-B-A	Negative	0.844875	0.155125
4IIM-C-A	Positive	0.0198524	0.980148
4IIM-D-A	Positive	0.0198524	0.980148
4IIM-E-B	Positive	0.428747	0.571253
4K45-B-A	Negative	0.904053	0.0959473
4YL6-B-A	Negative	0.9746	0.0253997
4RKU-J-A	Negative	0.958774	0.041226
4YGM-D-B	Negative	0.988034	0.0119659
4X3K-C-A	Positive	0.0591767	0.940823
4J4Q-B-A	Negative	0.742906	0.257094
4NHC-P-L	Negative	0.748474	0.251526
4AY5-I-A	Negative	0.878157	0.121843
4PZ5-B-A	Negative	0.801602	0.198398
4FGX-B-A	Positive	0.146784	0.853216
4M9X-C-A	Negative	0.793985	0.206015
4M9X-D-B	Negative	0.943063	0.0569375
4X8P-B-A	Negative	0.976256	0.0237435
4ER4-I-E	Negative	0.981803	0.0181965
4XAJ-Q-C	Negative	0.61601	0.38399
4J8S-B-A	Negative	0.533285	0.466715
4GYO-D-A	Positive	0.227755	0.772245
4XZR-A-B	Negative	0.988412	0.0115876
4F20-Q-A	Positive	0.295619	0.704381
4F7T-C-A	Positive	0.0719397	0.92806
4JQI-V-A	Negative	0.853442	0.146558
4KBB-D-B	Negative	0.996752	0.00324767
4BXF-C-A	Negative	0.71402	0.28598
4BXF-D-B	Negative	0.85945	0.14055
4RKJ-A-B	Negative	0.97602	0.0239796
4R3S-Q-A	Positive	0.378933	0.621067
4U6Y-P-A	Negative	0.570082	0.429918
4BPK-C-A	Positive	0.122445	0.877555
4BPK-D-B	Positive	0.122445	0.877555
4WNE-B-A	Negative	0.96368	0.0363202
4WVJ-D-A	Negative	0.684015	0.315985
4LSJ-B-A	Negative	0.995152	0.0048482
4IIO-C-B	Positive	0.340563	0.659437
4OBH-E-A	Negative	0.94238	0.0576197
4OBH-F-C	Negative	0.94238	0.0576197
4EEF-G-A	Negative	0.952486	0.0475136
4EEF-H-C	Negative	0.954638	0.0453619
4ZQW-A-B	Negative	0.916872	0.0831279
4Q0A-D-C	Negative	0.957328	0.0426721
4K3M-E-A	Negative	0.933237	0.0667626
4N7G-B-A	Positive	0.184503	0.815497
4PK3-B-A	Positive	0.0955	0.9045
4UU5-B-A	Negative	0.993435	0.00656455
4XXD-C-A	Positive	0.459634	0.540366
4XXD-F-D	Negative	0.59092	0.40908
4RHG-B-A	Negative	0.871652	0.128348
4CGQ-Q-A	Negative	0.958932	0.0410684
4JAA-S-A	Negative	0.543156	0.456844
4DPG-I-A	Negative	0.987912	0.0120882
4DPG-L-E	Negative	0.987912	0.0120882
4B4N-B-A	Negative	0.902617	0.0973825
4YCW-C-A	Negative	0.909684	0.0903161
4OLM-B-A	Negative	0.916215	0.0837847
4OBJ-C-A	Negative	0.986154	0.0138458
4UWQ-I-G	Positive	0.12313	0.87687
4OFR-B-A	Negative	0.564214	0.435786
4CG6-D-A	Negative	0.676708	0.323292
4BWS-B-A	Positive	0.445034	0.554966
4K6Y-C-A	Negative	0.991612	0.00838769
4K6Y-D-B	Negative	0.982698	0.0173024
4L8D-E-A	Negative	0.866817	0.133183
4O3U-P-A	Negative	0.73415	0.26585
4MNW-B-A	Negative	0.981046	0.0189539
4MZ6-A-E	Negative	0.583334	0.416666
4MZ6-C-E	Negative	0.711164	0.288837
4NGH-P-L	Negative	0.862826	0.137174
4N3X-A-B	Negative	0.977412	0.0225876
4N3X-C-B	Negative	0.941483	0.0585172
4N39-B-A	Positive	0.0911912	0.908809
4A62-C-A	Negative	0.986287	0.0137129
4U2W-B-A	Negative	0.980575	0.019425
4X6Z-e-E	Positive	0.316665	0.683335
4G5Q-G-A	Negative	0.960319	0.0396812
4G5Q-F-B	Negative	0.954134	0.0458656
4WPH-D-A	Negative	0.94525	0.0547503
4QYO-Q-A	Negative	0.883134	0.116866
4K75-B-A	Negative	0.690296	0.309704
4E43-C-A	Negative	0.976677	0.0233234
4FVL-C-A	Positive	0.0421259	0.957874
4FVL-D-B	Negative	0.6424	0.3576
4S15-C-A	Negative	0.907719	0.0922805
4G7Q-C-A	Negative	0.544674	0.455326
4L8B-C-A	Negative	0.573542	0.426458
4DY7-A-B	Negative	0.993281	0.0067187
4DY7-D-E	Negative	0.985447	0.0145532
4C0B-C-A	Negative	0.93563	0.06437
4C0B-D-B	Negative	0.689689	0.310311
4YYH-Z-A	Positive	0.217616	0.782384
4BUZ-P-A	Negative	0.671253	0.328747
4XE5-G-A	Negative	0.656538	0.343462
4MD4-C-A	Negative	0.891413	0.108587
4RH5-B-A	Negative	0.841075	0.158925
4X34-C-A	Negative	0.986334	0.0136661
4X34-D-B	Negative	0.814872	0.185128
4TN7-E-A	Negative	0.81271	0.18729
4LKM-B-A	Negative	0.889034	0.110966
4FI9-B-A	Positive	0.0110003	0.989
4Y8G-c-H	Positive	0.0860115	0.913988
4FGT-D-A	Negative	0.96015	0.0398499
4KT0-J-A	Negative	0.965677	0.034323
4KT0-M-B	Negative	0.850838	0.149162
4JO8-B-A	Negative	0.751627	0.248373
4R5I-B-A	Negative	0.684178	0.315822
4R3R-B-A	Negative	0.883058	0.116942
4FBW-C-A	Negative	0.908553	0.0914466
4FBW-D-B	Negative	0.897178	0.102822
4XST-F-E	Negative	0.997894	0.00210634
4Z7O-G-A	Negative	0.656884	0.343116
4UE1-F-A	Negative	0.932758	0.0672416
4UE1-G-A	Negative	0.932758	0.0672416
4BRU-B-A	Negative	0.983027	0.0169735
4E3B-C-A	Negative	0.99602	0.0039796
4E3B-D-B	Negative	0.989306	0.0106939
4ZBJ-D-B	Positive	0.0433584	0.956642
4C78-C-A	Positive	0.290492	0.709508
4NFT-F-C	Negative	0.974958	0.0250422
4UED-B-A	Positive	0.214035	0.785965
4Y19-C-A	Negative	0.975489	0.0245109
4UQ2-E-A	Negative	0.823154	0.176846
4OIL-B-A	Negative	0.77017	0.22983
4NO3-C-A	Negative	0.990581	0.00941857
4HVW-B-A	Negative	0.5346	0.4654
4Z2O-P-A	Negative	0.858398	0.141602
4V4I-Z-R	Negative	0.970132	0.029868
4GFV-F-A	Negative	0.646359	0.353641
4GFV-E-B	Negative	0.693623	0.306377
4H25-C-A	Negative	0.827712	0.172288
4JO2-P-L	Negative	0.669069	0.330931
4LCD-C-A	Negative	0.904798	0.0952024
4LCD-D-B	Positive	0.125195	0.874805
4WX8-F-C	Negative	0.98481	0.0151905
4A1W-P-A	Positive	0.27119	0.72881
4A1W-Q-A	Positive	0.298652	0.701348
4OEZ-B-A	Negative	0.80161	0.19839
4HX1-C-A	Positive	0.370427	0.629573
4DOQ-B-A	Negative	0.990173	0.00982683
4DOQ-D-C	Negative	0.990173	0.00982683
4QJ7-F-A	Negative	0.870062	0.129938
4QJ7-G-A	Negative	0.85617	0.14383
4WF9-Z-K	Negative	0.987038	0.0129618
4TR9-E-A	Positive	0.303013	0.696987
4TR9-G-B	Positive	0.38839	0.61161
4TR9-K-D	Negative	0.503365	0.496635
4HNJ-C-A	Positive	0.24392	0.75608
4CUG-E-A	Negative	0.950261	0.0497389
4CUG-F-A	Negative	0.938852	0.0611478
4H2S-C-A	Negative	0.949003	0.0509971
4YH1-C-A	Positive	0.269401	0.730599
4HTP-C-A	Negative	0.975158	0.024842
4HTP-E-B	Negative	0.566185	0.433815
4O3T-P-A	Positive	0.0139147	0.986085
4EZO-C-A	Negative	0.934144	0.0658563
4EZO-D-A	Negative	0.988281	0.0117187
4MJ6-C-A	Negative	0.995263	0.00473708
4QJR-B-A	Negative	0.922774	0.0772257
4LX3-B-A	Negative	0.511478	0.488522
4JBN-C-A	Negative	0.593274	0.406726
4O2F-C-A	Negative	0.832351	0.167649
4GKS-C-A	Negative	0.849181	0.150819
4JO7-H-E	Negative	0.963911	0.0360887
4KG9-B-A	Positive	0.0214879	0.978512
4TZO-B-A	Positive	0.280112	0.719888
4EZS-B-A	Negative	0.895642	0.104358
4JMF-A-B	Negative	0.957478	0.0425215
4D07-B-A	Positive	0.491353	0.508647
4Y5I-F-A	Negative	0.822598	0.177402
4KV4-B-A	Negative	0.87625	0.12375
4GOE-B-A	Negative	0.8078	0.1922
4YSI-B-A	Negative	0.510222	0.489778
4AA2-P-A	Negative	0.818894	0.181106
4U6X-P-A	Negative	0.825607	0.174393
4X1N-P-U	Positive	0.497441	0.502559
4G2V-B-A	Negative	0.580165	0.419835
4ZGM-B-A	Negative	0.9466	0.0533997
4PSI-D-A	Positive	0.329436	0.670564
4ICG-B-C	Negative	0.941124	0.0588762
4U39-J-A	Negative	0.736467	0.263533
4U39-K-B	Negative	0.821339	0.178661
4U39-M-B	Negative	0.705388	0.294612
4U39-L-C	Negative	0.835517	0.164483
4U39-P-C	Positive	0.472504	0.527496
4U39-N-E	Negative	0.811784	0.188216
4U39-O-F	Negative	0.899089	0.100911
4U39-Q-H	Negative	0.966687	0.0333132
4U39-R-I	Positive	0.490483	0.509517
4HGC-I-A	Negative	0.980537	0.0194625
4ZJ7-B-A	Negative	0.990554	0.00944582
4UJ3-X-V	Negative	0.90621	0.0937899
4X5K-B-A	Positive	0.210841	0.789159
4UI7-D-A	Negative	0.954409	0.0455913
4W8P-B-A	Negative	0.986576	0.0134238
4NXQ-D-A	Negative	0.945131	0.0548687
4NXQ-F-A	Negative	0.935881	0.0641191
4CFH-C-A	Negative	0.996442	0.00355786
4L0N-J-A	Positive	0.323743	0.676257
4PXF-B-A	Negative	0.605239	0.394761
4CFQ-Q-A	Negative	0.97486	0.0251403
4CFQ-R-C	Negative	0.973832	0.0261677
4ODM-E-A	Negative	0.931589	0.0684113
4ODM-F-A	Negative	0.894632	0.105368
4ODM-G-A	Negative	0.933759	0.066241
4ODM-M-A	Negative	0.837366	0.162634
4ODM-K-B	Positive	0.0548015	0.945198
4ODM-I-C	Positive	0.241776	0.758224
4ODM-J-C	Negative	0.808623	0.191377
4ODM-L-C	Negative	0.849583	0.150417
4EZU-B-A	Negative	0.888714	0.111286
4IGA-B-A	Negative	0.983338	0.016662
4OBF-E-A	Negative	0.986154	0.0138458
4OBF-F-B	Negative	0.978512	0.0214884
4MD0-C-A	Positive	0.0779979	0.922002
4J24-I-A	Negative	0.761781	0.238219
4J24-J-B	Negative	0.907741	0.0922587
4J24-L-D	Negative	0.830608	0.169392
4YDV-P-L	Negative	0.887955	0.112045
4L3C-m-A	Positive	0.223338	0.776662
4L3C-i-C	Positive	0.223338	0.776662
4PKY-C-A	Negative	0.92858	0.07142
4PKY-F-B	Negative	0.932351	0.0676486
4PKY-E-D	Negative	0.931696	0.0683041
4ERQ-D-A	Negative	0.983322	0.0166783
4QE8-C-A	Negative	0.939536	0.060464
4AXG-C-A	Negative	0.99111	0.0088902
4AXG-D-B	Negative	0.995197	0.00480291
4E9C-B-A	Negative	0.587451	0.412549
4W4Z-E-A	Positive	0.123517	0.876483
4W4Z-H-D	Positive	0.123517	0.876483
4ZEQ-B-A	Negative	0.538718	0.461282
4OMC-H-A	Negative	0.796784	0.203216
4RU2-B-A	Positive	0.496561	0.503439
4RU2-H-A	Positive	0.0569739	0.943026
4RU2-F-E	Negative	0.781128	0.218872
4RU2-P-O	Positive	0.0865682	0.913432
4TKN-D-A	Negative	0.910712	0.0892883
4TKN-E-A	Negative	0.911061	0.088939
4XK8-J-A	Negative	0.983528	0.016472
4XK8-K-A	Positive	0.482926	0.517074
4XK8-j-a	Negative	0.983528	0.016472
4XK8-k-a	Negative	0.637914	0.362086
4CVX-C-A	Positive	0.0999244	0.900076
4PGE-C-A	Positive	0.0923127	0.907687
4HKC-B-A	Negative	0.985158	0.0148423
4J8R-I-A	Negative	0.772487	0.227513
4J8R-J-C	Negative	0.720057	0.279943
4FIF-C-A	Negative	0.749278	0.250722
4CQK-C-A	Negative	0.993641	0.0063589
4RIQ-A-D	Negative	0.926921	0.0730792
4RIQ-C-D	Negative	0.906169	0.0938306
4RIQ-E-D	Negative	0.97007	0.0299295
4RIQ-S-D	Negative	0.952204	0.0477961
4RIQ-U-D	Negative	0.942396	0.0576041
4RIQ-V-H	Negative	0.958506	0.0414943
4RIQ-X-H	Negative	0.906169	0.0938306
4BH6-N-E	Positive	0.438284	0.561716
4BH6-M-F	Negative	0.554438	0.445562
4BVG-B-A	Negative	0.985244	0.0147556
4ZW2-B-A	Negative	0.724541	0.275459
4B9W-P-A	Negative	0.690397	0.309603
4HDQ-C-A	Negative	0.681806	0.318194
4ZUU-C-A	Negative	0.962138	0.0378619
4QUH-D-A	Positive	0.462731	0.537269
4QUM-B-A	Negative	0.851973	0.148027
4P2R-C-A	Negative	0.617102	0.382898
4FLG-C-B	Negative	0.979384	0.0206164
4FLG-E-B	Negative	0.943862	0.0561379
4FLG-F-B	Negative	0.901536	0.0984636
4E06-I-H	Positive	0.221898	0.778102
4MCZ-C-A	Positive	0.0923612	0.907639
4XMK-P-L	Positive	0.08022	0.91978
4PBY-C-A	Negative	0.900905	0.0990951
4PBY-D-B	Negative	0.870311	0.129689
4WJ7-W-A	Negative	0.753881	0.246119
4WJ7-X-A	Negative	0.628029	0.371971
4WVD-C-A	Negative	0.89718	0.10282
4WVD-D-B	Negative	0.957595	0.0424047
4H3P-B-A	Negative	0.950251	0.0497492
4H3P-E-D	Negative	0.910993	0.0890071
4PV8-E-A	Positive	0.068647	0.931353
4UMN-C-A	Negative	0.907985	0.0920151
4HIX-A-H	Negative	0.906971	0.0930294
4UFD-I-H	Negative	0.879735	0.120265
4U3F-I-A	Negative	0.784551	0.215449
4U3F-V-N	Negative	0.784551	0.215449
4WZ9-M-A	Negative	0.507646	0.492354
4WZ9-N-B	Negative	0.750817	0.249183
4J45-B-A	Positive	0.198973	0.801027
4MN8-C-A	Negative	0.846061	0.153939
4ODN-B-A	Positive	0.0313118	0.968688
4HDA-F-A	Negative	0.587916	0.412084
4DFW-D-A	Positive	0.146689	0.853311
4U7Y-B-A	Negative	0.851799	0.148201
4LEB-B-A	Positive	0.113828	0.886172
4CDR-E-A	Positive	0.329675	0.670325
4CDR-G-C	Positive	0.329675	0.670325
4YV4-A-B	Negative	0.985225	0.0147746
4YV4-F-C	Negative	0.974678	0.0253218
4Z7W-J-A	Negative	0.984024	0.0159762
4V0X-B-A	Negative	0.7856	0.2144
4YOO-X-A	Negative	0.755459	0.244541
4UF6-C-A	Negative	0.992635	0.00736479
4UF6-I-A	Negative	0.986217	0.0137828
4EZX-C-A	Positive	0.13241	0.86759
4EZX-D-B	Positive	0.13241	0.86759
4WFD-C-A	Negative	0.951887	0.0481135
4WFD-F-D	Negative	0.773858	0.226142
4J83-B-A	Negative	0.7361	0.2639
4WJ5-C-A	Negative	0.824872	0.175128
4U1H-C-A	Negative	0.992528	0.00747161
4A1U-B-A	Positive	0.10761	0.89239
4TSF-I-A	Negative	0.779919	0.220081
4TSF-H-E	Negative	0.743326	0.256674
4XXB-B-A	Negative	0.996336	0.00366377
4I7D-B-A	Negative	0.637256	0.362744
4BQK-D-A	Negative	0.886027	0.113973
4BQK-C-B	Negative	0.948628	0.0513717
4W4U-G-D	Negative	0.993535	0.00646525
4HKD-A-B	Positive	0.420558	0.579442
4K39-C-A	Negative	0.875521	0.124479
4OAJ-B-A	Negative	0.911141	0.0888588
4KV1-C-A	Negative	0.992953	0.0070469
4BWB-C-A	Negative	0.727604	0.272396
4BWB-D-B	Negative	0.572435	0.427565
4A1G-E-A	Negative	0.933569	0.0664315
4A1G-F-A	Negative	0.977031	0.0229688
4A1G-H-A	Negative	0.983501	0.0164986
4DJC-B-A	Negative	0.891111	0.108889
4BJ3-C-A	Negative	0.898895	0.101105
4G6F-P-H	Positive	0.475207	0.524793
4G6F-F-B	Positive	0.352877	0.647123
4NY3-C-A	Negative	0.764817	0.235183
4J73-B-A	Negative	0.829456	0.170544
4CFR-Q-A	Negative	0.87242	0.12758
4BJS-D-A	Negative	0.943887	0.0561134
4JWE-C-A	Negative	0.961412	0.0385884
4JWE-D-A	Negative	0.908115	0.0918853
4WU5-C-A	Negative	0.51014	0.48986
4O36-A-B	Negative	0.85783	0.14217
4AID-F-A	Positive	0.105826	0.894174
4AID-H-C	Positive	0.217498	0.782502
4DX9-D-A	Negative	0.986268	0.0137319
4DX9-B-A	Negative	0.955091	0.0449085
4DX9-9-0	Negative	0.922554	0.0774459
4DX9-l-k	Negative	0.978455	0.0215446
4DX9-x-1	Negative	0.606897	0.393103
4DX9-q-1	Negative	0.969158	0.0308416
4DX9-r-2	Positive	0.359099	0.640901
4DX9-8-3	Negative	0.931421	0.0685792
4DX9-p-o	Negative	0.980646	0.0193539
4DX9-t-s	Negative	0.992842	0.00715831
4DX9-v-u	Positive	0.377671	0.622329
4DX9-j-g	Negative	0.937205	0.0627946
4DX9-w-i	Negative	0.869635	0.130365
4DX9-X-Q	Negative	0.990979	0.00902078
4DX9-z-y	Negative	0.712828	0.287172
4Z7Q-G-A	Negative	0.656884	0.343116
4OU3-B-A	Positive	0.498308	0.501692
4L1U-H-A	Negative	0.983282	0.0167179
4L1U-G-B	Positive	0.293754	0.706246
4L1U-I-E	Positive	0.208524	0.791476
4L1U-J-F	Negative	0.689365	0.310635
4PPP-C-A	Negative	0.880456	0.119544
4CAA-B-A	Positive	0.363359	0.636641
4H2U-C-A	Negative	0.985103	0.0148967
4C7N-A-B	Negative	0.817445	0.182555
4GGD-C-A	Negative	0.939451	0.0605487
4GGD-D-A	Negative	0.984958	0.0150424
4ZUW-C-A	Negative	0.934778	0.0652215
4QA7-B-A	Positive	0.189435	0.810565
4J47-B-A	Negative	0.947484	0.0525162
4K3P-E-A	Negative	0.97093	0.0290701
4XIF-E-A	Positive	0.386375	0.613625
4XIF-H-D	Positive	0.386375	0.613625
4GQ6-B-A	Negative	0.873025	0.126975
4X2H-C-A	Negative	0.86812	0.13188
4WJQ-B-A	Negative	0.940134	0.0598656
4R32-C-A	Negative	0.989019	0.0109815
4TWT-E-A	Negative	0.959049	0.0409507
4TWT-F-C	Negative	0.959049	0.0409507
4J09-B-A	Negative	0.66244	0.33756
4TRZ-D-A	Negative	0.982148	0.0178517
4C5Q-C-A	Negative	0.984275	0.0157246
4C5Q-G-E	Negative	0.970417	0.0295833
4QX8-F-C	Negative	0.945456	0.0545444
4ZTD-E-A	Negative	0.733302	0.266698
4ZTD-F-C	Positive	0.43647	0.56353
4Y1A-C-A	Negative	0.798438	0.201562
4BRW-B-A	Positive	0.286541	0.713459
4I5B-C-A	Negative	0.859874	0.140126
4I5B-F-D	Negative	0.797558	0.202442
4EQJ-G-A	Positive	0.196432	0.803568
4EWR-C-A	Negative	0.982578	0.0174217
4F1Z-Q-A	Positive	0.0562648	0.943735
4IMJ-F-D	Positive	0.315742	0.684258
4OKT-B-A	Negative	0.986709	0.0132915
4DAT-B-A	Positive	0.439986	0.560014
4QC3-C-A	Positive	0.367805	0.632195
4RAL-D-A	Negative	0.991269	0.00873087
4RAL-E-B	Negative	0.99412	0.00587994
4XPN-B-A	Negative	0.741496	0.258504
4XPN-D-C	Negative	0.931068	0.0689319
4ABJ-B-A	Negative	0.983397	0.0166035
4HPY-P-H	Negative	0.96112	0.0388802
4FAS-D-A	Negative	0.970223	0.0297771
4TXR-B-A	Negative	0.891734	0.108266
4TXR-C-A	Positive	0.251117	0.748883
4B7E-B-A	Negative	0.792217	0.207783
4DXR-B-A	Negative	0.746168	0.253832
4B8O-B-A	Negative	0.942097	0.0579026
4MIT-E-A	Negative	0.943559	0.0564409
4MIT-F-A	Negative	0.949208	0.0507916
4MIT-H-A	Negative	0.933712	0.0662884
4MIT-G-B	Negative	0.899033	0.100967
4FVD-C-A	Negative	0.960015	0.0399853
4CZS-E-A	Positive	0.45921	0.54079
4EZP-C-A	Negative	0.842308	0.157692
4EZP-D-A	Negative	0.983321	0.0166789
4D0D-C-A	Negative	0.75748	0.24252
4JQX-B-A	Negative	0.957324	0.0426764
4F76-C-A	Negative	0.781455	0.218545
4F76-D-A	Positive	0.491908	0.508092
4WSF-B-A	Positive	0.339253	0.660747
4P2Q-C-A	Positive	0.200543	0.799457
4P2Q-M-K	Positive	0.436647	0.563353
4JHK-C-A	Negative	0.981218	0.0187823
4EQY-X-G	Negative	0.769026	0.230974
4YIG-B-A	Negative	0.987795	0.0122046
4HR6-A-B	Negative	0.779182	0.220818
4ICZ-F-A	Negative	0.871285	0.128715
4RXH-C-B	Negative	0.988267	0.0117325
4CH2-A-B	Negative	0.985362	0.0146383
4CH2-P-B	Negative	0.611031	0.388969
4CH2-Q-D	Negative	0.715683	0.284317
4Y7R-B-A	Negative	0.943052	0.0569478
4DAU-B-A	Negative	0.952642	0.0473576
4P5H-1-A	Negative	0.904643	0.0953571
4JXT-B-A	Positive	0.0944853	0.905515
4FMO-C-A	Negative	0.75373	0.24627
4YIA-B-A	Negative	0.85216	0.14784
4L6V-M-B	Negative	0.816891	0.183109
4ZOX-B-A	Negative	0.803108	0.196893
4YL8-B-A	Negative	0.971871	0.0281285
4Y8I-c-H	Negative	0.967285	0.0327153
4JYH-G-A	Negative	0.895806	0.104194
4XI9-E-A	Positive	0.035897	0.964103
4S0G-B-A	Negative	0.877148	0.122852
4FGA-P-A	Negative	0.682948	0.317052
4AUO-C-A	Negative	0.958998	0.0410019
4AUO-D-A	Negative	0.963204	0.0367963
4AUO-E-A	Negative	0.96565	0.0343504
4D0B-C-A	Negative	0.994066	0.00593435
4MOY-B-A	Negative	0.965964	0.0340364
4X8K-B-A	Negative	0.989693	0.0103068
4J2C-B-A	Positive	0.245684	0.754316
4D49-C-A	Negative	0.853242	0.146758
4D49-D-A	Negative	0.853242	0.146758
4UX9-F-A	Negative	0.994461	0.00553937
4UX9-G-B	Negative	0.987203	0.0127967
4UX9-H-C	Negative	0.941646	0.0583536
4UX9-I-D	Negative	0.984918	0.015082
4BEA-B-A	Negative	0.979362	0.020638
4GLR-A-H	Negative	0.696732	0.303268
4GVU-B-A	Negative	0.859428	0.140572
4WVH-C-A	Positive	0.162739	0.837261
4ASU-I-G	Negative	0.947604	0.0523956
4GBA-F-A	Negative	0.851879	0.148121
4P1W-G-C	Negative	0.970196	0.0298036
4UF1-B-A	Negative	0.993642	0.00635826
4BL0-B-A	Negative	0.985996	0.0140043
4BL0-C-A	Negative	0.995282	0.00471829
4BL0-E-A	Negative	0.985647	0.0143526
4BL0-F-D	Negative	0.999303	0.000696924
4NND-F-A	Positive	0.421601	0.578399
4NND-E-D	Positive	0.226822	0.773178
4DC2-Z-A	Negative	0.863884	0.136116
4H0H-D-B	Positive	0.00467312	0.995327
4XKL-B-A	Negative	0.969772	0.0302284
4XKL-D-A	Negative	0.98835	0.0116504
4Z78-C-A	Positive	0.321123	0.678877
4JFD-C-A	Negative	0.898003	0.101997
4WV6-B-A	Negative	0.97395	0.0260504
4WV6-C-A	Positive	0.0908834	0.909117
4O37-A-B	Negative	0.898778	0.101222
4JIF-B-A	Positive	0.294114	0.705886
4EQF-B-A	Negative	0.533261	0.466739
4Z09-C-A	Negative	0.958471	0.0415289
4HT6-B-A	Negative	0.615969	0.384031
4JDI-B-A	Positive	0.193449	0.806551
4DNC-D-A	Negative	0.909164	0.0908357
4DNC-E-A	Negative	0.925734	0.0742663
4A1T-D-B	Positive	0.353234	0.646766
4WYB-B-A	Negative	0.882317	0.117683
4WYB-D-A	Negative	0.900317	0.0996833
4WYB-J-A	Negative	0.902457	0.0975428
4WYB-P-A	Negative	0.904785	0.0952147
4GXB-B-A	Positive	0.0840203	0.91598
4F14-B-A	Negative	0.995743	0.00425683
4G43-C-A	Positive	0.210326	0.789674
4Z80-C-A	Negative	0.891987	0.108013
4Z80-D-B	Negative	0.922857	0.0771427
4C2F-C-A	Positive	0.11389	0.88611
4AUI-D-A	Positive	0.111194	0.888806
4PV9-E-A	Positive	0.110822	0.889178
4WJP-B-A	Negative	0.97719	0.0228097
4GHU-B-A	Negative	0.984208	0.0157916
4BU1-C-A	Negative	0.902901	0.0970993
4BU1-D-A	Negative	0.902901	0.0970993
4Z9V-C-A	Negative	0.98417	0.0158302
4Z9V-E-A	Negative	0.983371	0.0166292
4Z9V-F-A	Negative	0.986826	0.0131739
4Z9V-H-A	Negative	0.983371	0.0166292
4Z9V-D-B	Negative	0.886751	0.113249
4UY8-7-E	Negative	0.982502	0.0174978
4MYZ-A-B	Negative	0.952907	0.0470929
4RJF-B-A	Negative	0.837514	0.162486
4RJF-F-A	Negative	0.973131	0.0268689
4MNQ-C-A	Positive	0.151832	0.848168
4QYD-B-A	Negative	0.5885	0.4115
4FII-B-A	Negative	0.858676	0.141324
4RV0-H-A	Negative	0.968348	0.0316524
4LZX-B-A	Negative	0.935135	0.0648655
4IKN-B-A	Negative	0.972698	0.0273018
4IFI-B-A	Negative	0.516898	0.483102
4IMI-F-D	Negative	0.519572	0.480428
4ZQ0-E-A	Positive	0.177717	0.822283
4G5O-H-D	Negative	0.958454	0.041546
4ZU6-B-X	Positive	0.0860446	0.913955
4ZJX-B-A	Negative	0.728977	0.271023
4CH9-C-A	Negative	0.568032	0.431968
4BU0-B-A	Negative	0.742251	0.257749
4BU0-C-A	Negative	0.871847	0.128153
4TQ0-B-A	Negative	0.958467	0.0415329
4TQ0-D-C	Negative	0.916935	0.0830651
4PKC-C-A	Negative	0.969697	0.0303034
4AOR-D-A	Negative	0.992093	0.00790733
4YYG-B-A	Positive	0.119855	0.880145
4CAY-C-A	Negative	0.83581	0.16419
4Y49-E-B	Negative	0.882762	0.117238
4C31-A-B	Negative	0.590377	0.409623
4C31-C-B	Negative	0.969916	0.0300839
4C31-F-B	Negative	0.981621	0.0183791
4C31-X-B	Negative	0.987846	0.0121539
4C31-Y-E	Negative	0.984052	0.0159484
4UE9-B-A	Negative	0.988756	0.0112443
4OKX-B-A	Positive	0.223886	0.776114
4CHG-G-A	Negative	0.662587	0.337413
4CHG-J-A	Negative	0.805004	0.194996
4FZ3-B-A	Negative	0.542559	0.457441
4OGA-B-E	Negative	0.926297	0.0737033
4OGA-F-E	Negative	0.766528	0.233472
4O2C-C-A	Negative	0.87188	0.12812
4EZY-B-A	Negative	0.965186	0.0348139
4B3B-C-A	Positive	0.175897	0.824103
4QUE-E-A	Negative	0.892003	0.107997
4I2Z-B-A	Negative	0.823302	0.176698
4TUJ-E-A	Positive	0.209867	0.790133
4TUJ-F-C	Negative	0.684401	0.315599
4Z0R-D-B	Negative	0.758626	0.241374
4TZN-C-A	Negative	0.822206	0.177794
4DT7-E-B	Negative	0.884807	0.115193
4DT7-F-D	Negative	0.9693	0.0307004
4Q5J-E-A	Negative	0.927512	0.0724875
4EST-I-E	Positive	0.0860115	0.913988
4FL5-P-A	Negative	0.823492	0.176509
4FL5-Q-B	Negative	0.910592	0.089408
4QVF-B-A	Negative	0.600175	0.399825
4RE1-D-A	Negative	0.918907	0.0810934
4RE1-C-B	Negative	0.94929	0.0507097
4BOH-M-H	Negative	0.593687	0.406313
4NUF-P-A	Negative	0.991817	0.00818302
4PO7-N-A	Positive	0.19527	0.80473
4Z10-G-A	Negative	0.853812	0.146188
4Z10-I-A	Negative	0.864007	0.135993
4Z10-H-B	Negative	0.903164	0.096836
4OHA-B-A	Negative	0.610081	0.389919
4X2V-E-A	Negative	0.619475	0.380525
4X1V-B-A	Negative	0.98892	0.01108
4UQ3-E-A	Negative	0.937236	0.0627638
4O2E-C-A	Negative	0.87188	0.12812
4G1C-D-A	Negative	0.703492	0.296508
4AU3-E-A	Negative	0.62283	0.37717
4AU3-F-A	Negative	0.608925	0.391075
4AU3-G-A	Negative	0.945711	0.0542894
4AU3-H-C	Negative	0.86606	0.13394
4AU3-I-C	Negative	0.909595	0.0904047
4MN3-B-A	Positive	0.270964	0.729036
4DNN-A-B	Negative	0.983308	0.0166921
4WPB-C-A	Negative	0.963312	0.0366878
4YJ4-B-A	Positive	0.0147014	0.985299
4B0F-C-A	Negative	0.927595	0.072405
4NM7-C-A	Negative	0.911958	0.0880419
4XEK-C-A	Negative	0.989389	0.0106109
4AWB-I-A	Positive	0.190373	0.809627
4XGR-B-A	Negative	0.9698	0.0301997
4XGR-D-A	Negative	0.955877	0.044123
4XGR-H-G	Negative	0.692277	0.307723
4XGR-F-G	Negative	0.697725	0.302275
4QWN-F-C	Positive	0.232333	0.767667
4WJW-P-B	Negative	0.90051	0.0994902
4J26-I-A	Negative	0.561691	0.438309
4J26-J-B	Negative	0.789181	0.210819
4KTU-B-A	Negative	0.841762	0.158238
4CO6-D-A	Negative	0.906721	0.0932789
4CO6-E-A	Negative	0.917948	0.0820521
4CO6-F-B	Negative	0.908447	0.0915532
4NJC-C-A	Negative	0.980355	0.0196448
4NJC-F-A	Negative	0.950476	0.0495244
4NJC-G-A	Negative	0.910834	0.0891656
4OV5-C-A	Positive	0.0984257	0.901574
4OV5-I-G	Negative	0.923714	0.076286
4LKF-C-A	Negative	0.942149	0.0578506
4GNG-B-A	Negative	0.809825	0.190175
4IKA-D-A	Negative	0.898671	0.101329
4DAY-C-A	Positive	0.317402	0.682598
4QMF-C-D	Negative	0.961183	0.038817
4CY5-C-A	Negative	0.833112	0.166888
4CY5-D-A	Negative	0.751159	0.248841
4Z0D-C-A	Negative	0.964161	0.0358392
4L5N-D-A	Negative	0.976991	0.0230087
4L5N-E-B	Negative	0.981274	0.0187263
4HY9-C-A	Positive	0.0189219	0.981078
4HY9-D-A	Positive	0.0189219	0.981078
4BG6-Q-A	Negative	0.949707	0.0502934
4ROJ-D-A	Negative	0.937206	0.0627938
4ROJ-E-B	Negative	0.937206	0.0627938
4ROJ-F-C	Negative	0.889259	0.110741
4J2L-C-A	Negative	0.716361	0.283639
4PYW-B-A	Negative	0.822501	0.177499
4LK9-B-A	Positive	0.0880659	0.911934
4J77-C-A	Positive	0.189074	0.810926
4J77-D-B	Negative	0.791397	0.208603
4MZF-A-B	Negative	0.646006	0.353994
4AA1-P-A	Positive	0.31803	0.68197
4WK4-C-A	Positive	0.225802	0.774198
4O46-G-A	Negative	0.72389	0.27611
4MBE-B-A	Negative	0.923084	0.0769156
4MBE-G-A	Positive	0.463375	0.536625
4MBE-X-C	Negative	0.960797	0.0392031
4MBE-Y-E	Negative	0.741071	0.258929
4C5H-B-A	Positive	0.386091	0.613909
4QRT-C-A	Negative	0.947308	0.0526916
4R3L-B-A	Positive	0.0835257	0.916474
4RKO-A-B	Negative	0.982669	0.0173311
4KEL-B-A	Negative	0.985965	0.0140351
4RKH-C-E	Negative	0.939466	0.0605339
4RKH-F-E	Negative	0.937419	0.0625811
4AY6-E-A	Negative	0.963562	0.0364379
4X2O-C-A	Negative	0.561538	0.438462
4LKX-R-A	Positive	0.452587	0.547413
4A1V-C-A	Negative	0.72436	0.27564
4A1V-D-B	Negative	0.570702	0.429298
4BH8-P-A	Negative	0.928385	0.0716149
4R7A-A-B	Negative	0.98111	0.01889
4NO5-C-A	Negative	0.95391	0.0460897
4J7B-C-B	Negative	0.590326	0.409674
4B1X-M-B	Negative	0.961813	0.0381872
4QUF-U-F	Positive	0.377797	0.622203
4GW5-E-A	Negative	0.952048	0.0479521
4JWD-D-A	Negative	0.993321	0.00667872
4QJ6-F-B	Negative	0.915601	0.0843989
4UQT-B-A	Negative	0.746701	0.253299
4ZUV-C-A	Positive	0.186727	0.813273
4Q1L-D-A	Negative	0.586595	0.413405
4L9P-C-A	Negative	0.981843	0.018157
4IG9-B-A	Positive	0.22308	0.77692
4IG9-D-A	Negative	0.666759	0.333241
4IG9-F-C	Negative	0.841546	0.158454
4IG9-H-G	Positive	0.149106	0.850894
4FXE-C-A	Negative	0.894629	0.105371
4K3R-E-A	Negative	0.639712	0.360288
4QLI-B-A	Negative	0.963634	0.0363658
4M92-B-A	Negative	0.904367	0.0956327
4C3P-B-A	Negative	0.76881	0.23119
4C3P-E-A	Positive	0.157879	0.842121
4WCE-Z-K	Negative	0.986866	0.0131341
4FMQ-B-A	Negative	0.603741	0.396259
4ERY-D-A	Negative	0.97038	0.0296198
4OD7-D-A	Negative	0.610347	0.389653
4RAV-E-B	Negative	0.663179	0.336821
4Z7U-J-A	Negative	0.956476	0.0435238
4X0N-B-A	Negative	0.988561	0.011439
4P1N-C-A	Negative	0.868116	0.131884
4Z7I-C-A	Negative	0.763283	0.236717
4Z7I-D-B	Negative	0.793796	0.206204
4LNR-C-A	Negative	0.751445	0.248555
4WXA-F-C	Negative	0.990199	0.00980067
4U90-D-A	Positive	0.279349	0.720651
4WYM-N-A	Negative	0.935524	0.0644762
4WYM-S-G	Negative	0.887047	0.112953
4CY1-D-A	Negative	0.611904	0.388096
4CY1-C-B	Negative	0.611904	0.388096
4XCF-P-L	Negative	0.76916	0.23084
4P3D-M-H	Negative	0.794066	0.205934
4AOM-T-A	Negative	0.853869	0.146131
4RXZ-D-A	Negative	0.930537	0.0694635
4PYU-C-A	Negative	0.989127	0.0108734
4AZA-B-A	Positive	0.166494	0.833506
4QXT-Q-A	Negative	0.90481	0.0951904
4WJV-K-A	Negative	0.970375	0.0296252
4WJV-L-B	Negative	0.992315	0.00768457
4OWF-G-A	Negative	0.979256	0.0207436
4E0R-C-A	Positive	0.115098	0.884902
4AOQ-D-A	Negative	0.991576	0.00842355
4AOQ-E-A	Negative	0.991339	0.00866124
4C2W-D-A	Negative	0.968953	0.0310473
4QH7-C-A	Negative	0.702327	0.297673
4QH7-D-A	Positive	0.440171	0.559829
4QH7-G-E	Negative	0.861114	0.138886
4QH7-H-E	Negative	0.597272	0.402728
4KA3-B-A	Negative	0.798023	0.201977
4GUT-B-A	Negative	0.609092	0.390908
4YJL-G-A	Negative	0.641253	0.358747
4H6S-A-B	Negative	0.776425	0.223575
4FVT-B-A	Negative	0.601777	0.398223
4DXS-B-A	Positive	0.432908	0.567092
4J44-B-A	Negative	0.72645	0.27355
4CU4-B-A	Negative	0.82637	0.17363
4ISQ-E-A	Negative	0.993953	0.00604716
4AU7-C-A	Positive	0.165439	0.834561
4HPT-I-E	Negative	0.828223	0.171777
4HPO-P-H	Negative	0.9877	0.0122996
4V9F-2-S	Negative	0.983146	0.0168541
4M9Z-E-A	Positive	0.497357	0.502643
4M9Z-F-B	Negative	0.904075	0.0959248
4M9Z-H-D	Negative	0.856545	0.143455
4NL8-D-B	Negative	0.963356	0.0366442
4PVZ-C-A	Negative	0.968343	0.0316568
4PVZ-D-A	Negative	0.986528	0.0134725
4QAE-P-A	Negative	0.987594	0.0124058
4QAE-R-A	Negative	0.987586	0.0124139
4QAE-T-A	Negative	0.974731	0.025269
4QAE-S-C	Negative	0.987586	0.0124139
4ZRT-B-A	Negative	0.977876	0.0221242
4TUL-I-H	Negative	0.946808	0.0531918
4A9Z-A-C	Negative	0.957172	0.0428281
4A9Z-B-C	Negative	0.98096	0.0190402
4A9Z-D-C	Negative	0.970171	0.0298292
4RH9-B-A	Negative	0.843733	0.156267
4J86-C-A	Negative	0.969092	0.0309082
4WCI-B-A	Negative	0.944071	0.0559286
4WCI-D-C	Negative	0.822161	0.177839
4WCI-F-E	Negative	0.834603	0.165397
4DS7-E-A	Negative	0.787701	0.212299
4DS7-F-A	Negative	0.914318	0.0856825
4DS7-G-C	Negative	0.743693	0.256307
4DS7-H-C	Negative	0.69886	0.30114
4Z2V-P-A	Negative	0.866106	0.133894
4PG2-D-A	Negative	0.975353	0.0246466
4H26-C-A	Negative	0.956341	0.0436587
4FSJ-E-B	Negative	0.757528	0.242472
4KP3-E-A	Negative	0.959868	0.0401323
4BLB-E-A	Negative	0.735172	0.264828
4BLB-G-C	Negative	0.654167	0.345833
4UTN-D-A	Positive	0.465516	0.534484
4TK2-C-A	Positive	0.11333	0.88667
4TK2-D-A	Positive	0.0226873	0.977313
4Z97-C-A	Negative	0.980121	0.0198785
4UPU-B-A	Negative	0.986401	0.0135992
4XOJ-B-A	Negative	0.990367	0.00963307
4UEH-I-H	Negative	0.968241	0.031759
4LG6-B-A	Negative	0.991309	0.00869108
4CXF-B-A	Negative	0.786014	0.213986
4MVL-E-A	Positive	0.0259129	0.974087
4MVL-G-C	Positive	0.00916713	0.990833
4WVT-C-A	Negative	0.842662	0.157338
4CC3-B-A	Negative	0.955167	0.0448331
4HON-F-A	Negative	0.882204	0.117796
4HON-G-B	Positive	0.0402833	0.959717
4DEY-B-A	Negative	0.855186	0.144814
4YYM-Z-A	Negative	0.768532	0.231468
4C5I-C-A	Negative	0.982686	0.0173136
4DZU-B-A	Negative	0.84602	0.15398
4K8Y-B-A	Negative	0.992735	0.0072648
4TVQ-E-C	Negative	0.624597	0.375403
4ONI-C-A	Positive	0.450089	0.549911
4YK9-B-A	Positive	0.0183041	0.981696
4IRV-E-A	Negative	0.849425	0.150575
4J79-B-A	Negative	0.954186	0.0458139
4U0G-c-A	Positive	0.327048	0.672952
4U0G-p-O	Positive	0.327048	0.672952
4X1H-C-A	Negative	0.975208	0.0247925
4OBK-C-A	Negative	0.979648	0.0203521
4OBG-F-B	Negative	0.977022	0.0229782
4LKD-I-A	Positive	0.201668	0.798332
4LKD-M-E	Positive	0.047454	0.952546
4X1Q-P-U	Negative	0.764305	0.235695
4HW4-C-A	Negative	0.516312	0.483688
4TQ1-B-A	Negative	0.851622	0.148378
4M1C-G-A	Negative	0.907683	0.0923172
4M1C-H-B	Positive	0.467274	0.532726
4HPU-I-E	Negative	0.828223	0.171777
4QLB-E-A	Negative	0.93004	0.0699602
4QLB-G-C	Negative	0.93004	0.0699602
4QLB-H-D	Negative	0.892169	0.107831
4QLB-F-B	Negative	0.920322	0.0796779
4UN2-B-A	Negative	0.825672	0.174328
4P0B-B-A	Positive	0.319606	0.680394
4LFB-U-M	Negative	0.958685	0.0413154
4JDJ-B-A	Positive	0.216468	0.783532
4QBY-1-H	Positive	0.190373	0.809627
4BXU-B-A	Negative	0.859873	0.140127
4K3Q-E-A	Negative	0.925782	0.0742183
4A8X-B-A	Negative	0.865472	0.134528
4P3W-G-A	Negative	0.93806	0.06194
4P3W-L-E	Negative	0.915087	0.0849133
4P3W-J-F	Negative	0.916043	0.0839575
4P3W-I-D	Negative	0.93507	0.0649302
4JMY-E-A	Negative	0.901996	0.0980041
4EZV-C-A	Negative	0.870829	0.129171
4EZV-D-A	Negative	0.897979	0.102021
4K1E-B-A	Negative	0.974087	0.0259127
4TK1-C-A	Positive	0.272083	0.727917
4JMR-G-A	Negative	0.972218	0.0277822
4JMR-F-B	Negative	0.864405	0.135595
4JMR-H-C	Negative	0.940119	0.0598809
4JMR-E-D	Negative	0.955964	0.0440359
4TRQ-C-B	Negative	0.985159	0.0148414
4P2O-P-A	Negative	0.561855	0.438145
4YYN-Z-A	Negative	0.890946	0.109054
5YT0-B-A	Positive	0.455045	0.544955
5K58-N-E	Negative	0.929753	0.0702467
5LZT-l-X	Negative	0.95235	0.0476495
5JJ0-F-A	Negative	0.558074	0.441926
5JJ0-G-B	Negative	0.919743	0.0802565
5EKF-B-A	Negative	0.878602	0.121398
5EKF-C-A	Negative	0.986561	0.0134392
5ZFU-I-A	Negative	0.574849	0.425151
5Z12-J-A	Negative	0.958497	0.0415031
5HHN-C-A	Negative	0.918317	0.0816831
5DJY-C-A	Negative	0.80678	0.19322
5IYA-L-B	Negative	0.861505	0.138495
5AXI-E-B	Negative	0.526978	0.473022
5GAF-f-G	Negative	0.801931	0.198069
5GAF-k-V	Negative	0.980155	0.0198449
5LVF-B-A	Positive	0.0907097	0.90929
5DF6-B-A	Negative	0.766328	0.233672
5DF6-C-A	Negative	0.595083	0.404917
5WHA-B-A	Negative	0.805544	0.194456
5WHA-C-A	Negative	0.873886	0.126114
5WHA-E-D	Negative	0.835606	0.164394
5WHA-I-G	Negative	0.805544	0.194456
5EYK-D-A	Negative	0.921452	0.0785483
5EYK-C-B	Negative	0.943938	0.056062
5HCD-D-B	Negative	0.983623	0.0163768
5W7J-B-A	Negative	0.839216	0.160784
5GIJ-D-B	Negative	0.869497	0.130503
5K0U-D-A	Negative	0.671388	0.328612
5WRJ-F-A	Negative	0.540118	0.459882
5FIY-F-A	Negative	0.954839	0.0451614
5FIY-G-E	Negative	0.954839	0.0451614
5W41-B-A	Negative	0.719172	0.280828
5WQD-H-A	Negative	0.844051	0.155949
5WQD-I-B	Negative	0.968769	0.0312315
5WQD-J-C	Negative	0.995741	0.00425921
5WQD-M-F	Negative	0.814058	0.185942
5WQD-N-G	Negative	0.980098	0.0199017
5GIS-C-H	Negative	0.926945	0.0730553
5ADR-B-A	Negative	0.968161	0.031839
5TBN-C-A	Positive	0.276648	0.723352
5OID-B-A	Negative	0.985985	0.0140146
5DX3-C-A	Positive	0.17347	0.82653
5X4Z-L-B	Negative	0.951885	0.048115
5F3Y-B-A	Negative	0.819847	0.180153
5UWP-D-C	Negative	0.829435	0.170565
5IC4-I-A	Negative	0.896177	0.103823
5EX0-D-A	Negative	0.593238	0.406762
5C6H-B-A	Negative	0.978059	0.0219414
5C6H-F-A	Negative	0.987539	0.0124605
5C6H-J-A	Negative	0.970454	0.0295463
5C6H-V-M	Negative	0.977516	0.0224838
5BRZ-C-A	Negative	0.980091	0.0199092
5EO0-C-A	Negative	0.729926	0.270074
5C44-L-B	Negative	0.947014	0.0529857
5VYO-E-A	Positive	0.253381	0.746619
5VFS-e-V	Negative	0.973239	0.0267606
5LN3-Y-R	Negative	0.744764	0.255236
5F5U-B-A	Negative	0.960271	0.0397295
5F5U-C-A	Negative	0.979017	0.0209833
5F5U-F-A	Negative	0.979364	0.0206364
5F5U-E-D	Negative	0.933589	0.0664106
5F5U-H-D	Negative	0.974183	0.025817
5F5U-I-G	Negative	0.985252	0.0147485
5C7F-E-A	Negative	0.793938	0.206062
5C7F-F-B	Positive	0.335512	0.664488
5C7F-G-C	Negative	0.937408	0.0625919
5U4I-w-c	Negative	0.94467	0.0553299
5KIY-B-A	Negative	0.963674	0.0363256
5WNA-B-H	Negative	0.769862	0.230138
5VLP-Z-A	Negative	0.996996	0.0030045
5B6G-B-A	Positive	0.424503	0.575497
5JTH-B-A	Negative	0.88741	0.11259
5DHA-D-C	Negative	0.901374	0.0986265
5CVA-E-A	Negative	0.806338	0.193662
5F67-C-A	Negative	0.982729	0.0172707
5ND0-C-A	Negative	0.572676	0.427324
5TWA-D-A	Negative	0.992647	0.00735301
5ZYS-B-A	Negative	0.573234	0.426766
5IB1-C-A	Positive	0.491363	0.508637
5ADQ-B-A	Negative	0.968161	0.031839
5NJC-E-A	Positive	0.449079	0.550921
5CFA-C-A	Negative	0.661138	0.338862
5C3I-P-N	Negative	0.83019	0.16981
5OUS-B-A	Negative	0.911764	0.0882363
5XKN-E-A	Negative	0.997467	0.00253288
5W7X-H-D	Positive	0.112706	0.887294
5W7X-G-D	Positive	0.182474	0.817526
5C6V-E-A	Positive	0.4362	0.5638
5AEI-D-A	Negative	0.887855	0.112145
5XHZ-C-A	Negative	0.821692	0.178308
5XHZ-D-A	Negative	0.821692	0.178308
5NFU-C-A	Positive	0.251794	0.748206
5JWE-P-A	Negative	0.96881	0.0311904
5YVG-X-A	Negative	0.927583	0.0724172
5YVG-Y-B	Negative	0.946268	0.0537321
5ZQV-E-A	Negative	0.983194	0.0168059
5ZQV-G-D	Negative	0.93697	0.0630296
5XJG-B-A	Negative	0.961767	0.0382326
5IZ9-B-A	Negative	0.560095	0.439905
5TIS-F-A	Negative	0.790972	0.209028
5TIS-I-A	Negative	0.6959	0.3041
5TIS-J-A	Positive	0.248883	0.751117
5TIS-X-B	Negative	0.919727	0.0802727
5TIS-y-c	Negative	0.912921	0.0870792
5VWJ-C-A	Negative	0.790281	0.209719
5R4C-D-B	Negative	0.866747	0.133253
5Y2D-F-A	Positive	0.126912	0.873088
5JWD-C-A	Positive	0.0345069	0.965493
5YPB-C-A	Negative	0.66408	0.33592
5H24-C-A	Negative	0.994848	0.00515204
5IAN-E-A	Positive	0.412079	0.587921
5INW-C-A	Negative	0.78264	0.21736
5INW-D-B	Negative	0.789176	0.210824
5OOL-2-F	Negative	0.973318	0.0266818
5OOL-4-r	Positive	0.319502	0.680498
5ID0-E-A	Negative	0.86139	0.13861
5W67-C-A	Negative	0.844424	0.155576
5C7E-G-A	Negative	0.94114	0.0588602
5C7E-H-B	Negative	0.723237	0.276763
5C7E-I-C	Negative	0.969775	0.0302255
5C7E-K-E	Negative	0.968915	0.0310846
5C7E-L-F	Negative	0.943787	0.0562135
5JHP-E-A	Negative	0.983139	0.0168611
5EAY-F-A	Negative	0.725933	0.274067
5EAY-E-B	Negative	0.902689	0.0973105
5VAX-E-A	Negative	0.990133	0.00986683
5VAX-F-B	Negative	0.989161	0.0108388
5VAX-G-C	Negative	0.941271	0.058729
5OTX-B-A	Negative	0.883373	0.116627
5OTX-D-C	Negative	0.910586	0.0894135
5JER-B-A	Negative	0.958477	0.0415226
5AFP-D-A	Positive	0.115508	0.884492
5JME-F-A	Negative	0.972489	0.0275111
5MQF-S-A	Negative	0.935032	0.0649681
5VS7-P-A	Negative	0.541198	0.458802
5GNV-B-A	Positive	0.172232	0.827768
5VAP-D-A	Negative	0.970727	0.0292731
5VAP-C-B	Negative	0.988521	0.0114786
5K9S-B-A	Negative	0.982454	0.0175456
5L9U-M-C	Negative	0.985605	0.0143954
5N39-B-A	Negative	0.908333	0.0916672
5O9Z-K-A	Negative	0.976749	0.0232505
5O9Z-R-L	Negative	0.776026	0.223974
5BWL-B-A	Positive	0.378185	0.621815
5UPK-A-B	Negative	0.922197	0.0778031
5BSA-F-B	Negative	0.722221	0.277779
5CRV-C-A	Negative	0.987899	0.0121009
5CRV-D-B	Negative	0.953301	0.0466993
5UUP-B-A	Negative	0.589416	0.410584
5HKZ-B-A	Negative	0.573779	0.426221
5E2B-D-A	Positive	0.124002	0.875998
5GK9-B-A	Negative	0.992742	0.00725797
5WJN-C-A	Negative	0.981915	0.0180846
5GHW-P-H	Positive	0.391367	0.608633
5XCT-C-A	Positive	0.415575	0.584425
5VID-G-D	Positive	0.412158	0.587842
5VID-H-B	Negative	0.720337	0.279663
5VID-F-A	Negative	0.564535	0.435465
5AZF-D-B	Negative	0.97035	0.0296504
5KVM-B-A	Positive	0.141014	0.858986
5E1O-D-A	Positive	0.0373132	0.962687
5MYC-P-A	Negative	0.997826	0.00217392
5MUU-C-A	Negative	0.965491	0.0345089
5A2L-P-H	Positive	0.294403	0.705597
5T2S-B-A	Negative	0.776563	0.223437
5T2S-D-C	Negative	0.776563	0.223437
5YVU-A-B	Negative	0.810807	0.189193
5FJX-E-A	Negative	0.933275	0.0667254
5FJX-D-B	Negative	0.66818	0.33182
5XJT-M-2	Negative	0.840381	0.159619
5IQM-F-G	Negative	0.915931	0.0840693
5IQM-B-G	Negative	0.586852	0.413148
5OL3-D-A	Negative	0.870239	0.129761
5MN9-C-A	Negative	0.961569	0.0384313
5KYU-C-A	Positive	0.231984	0.768016
5FOU-C-A	Positive	0.0705567	0.929443
5M32-r-j	Negative	0.881546	0.118454
5M32-s-j	Negative	0.884447	0.115553
5CSI-C-A	Negative	0.77311	0.22689
5YIQ-D-A	Negative	0.995379	0.00462144
5E7C-J-A	Positive	0.145697	0.854303
5HTB-B-A	Negative	0.548085	0.451915
5FGC-A-B	Negative	0.984007	0.0159932
5AJN-P-A	Positive	0.397277	0.602723
5E1M-D-A	Positive	0.221513	0.778487
5HFF-B-A	Negative	0.864205	0.135795
5SXM-C-A	Negative	0.631138	0.368862
5OY3-B-A	Positive	0.17093	0.82907
5GOW-A-B	Negative	0.549491	0.450509
5VLL-Y-A	Negative	0.879004	0.120996
5HDA-B-A	Negative	0.964373	0.0356267
5HDA-D-A	Negative	0.98491	0.0150901
5B1Z-C-A	Negative	0.997834	0.00216572
5B1Z-D-B	Negative	0.966122	0.0338777
5OY9-D-A	Negative	0.929423	0.070577
5U4K-B-A	Negative	0.879386	0.120614
5HHQ-C-A	Negative	0.776827	0.223173
5BS0-C-A	Negative	0.986201	0.0137989
5ITF-E-A	Positive	0.181696	0.818304
5LSW-B-A	Negative	0.885457	0.114543
5I2I-E-A	Positive	0.154599	0.845401
5VT9-C-A	Negative	0.633576	0.366424
5VT9-D-A	Positive	0.315026	0.684974
5OPT-q-r	Negative	0.794275	0.205725
5I3L-C-A	Positive	0.414335	0.585665
5FJ8-I-A	Negative	0.986477	0.0135227
5F6K-D-C	Negative	0.550697	0.449303
5F6K-M-C	Positive	0.416951	0.583049
5F6K-F-E	Negative	0.594943	0.405057
5EJC-E-A	Negative	0.908777	0.0912232
5EJC-F-A	Negative	0.95963	0.0403696
5EJC-C-B	Negative	0.836321	0.163679
5EJC-D-B	Negative	0.92424	0.0757605
5YD8-V-Y	Negative	0.517936	0.482064
5YD8-U-X	Negative	0.968823	0.0311766
5YD8-W-Z	Negative	0.936947	0.0630531
5XTZ-E-A	Negative	0.678192	0.321808
5LUM-F-A	Negative	0.698625	0.301375
5AFU-a-A	Negative	0.981288	0.0187124
5AFU-c-B	Positive	0.100956	0.899044
5AFU-d-F	Negative	0.822093	0.177907
5AFZ-I-H	Negative	0.978356	0.0216441
5LSP-X-A	Negative	0.914291	0.0857086
5LSP-Y-P	Negative	0.973645	0.0263552
5GP7-B-A	Negative	0.932831	0.067169
5FOV-E-A	Positive	0.0918625	0.908138
5NX1-B-A	Negative	0.891749	0.108251
5NX1-D-A	Negative	0.605945	0.394055
5JPO-E-A	Positive	0.0660557	0.933944
5JXT-U-J	Positive	0.27063	0.72937
5JXT-W-H	Positive	0.402347	0.597653
5W6R-M-A	Positive	0.112222	0.887778
5AJP-B-A	Positive	0.339313	0.660687
5K6S-B-A	Negative	0.993979	0.00602082
5K4F-D-A	Negative	0.598932	0.401068
5J28-C-A	Negative	0.508539	0.491461
5UWO-D-C	Negative	0.843757	0.156243
5VLK-Z-A	Negative	0.897743	0.102257
5MVW-C-A	Negative	0.977243	0.0227572
5MVW-D-A	Negative	0.978422	0.0215777
5T6W-C-A	Negative	0.997855	0.00214498
5ET0-B-A	Positive	0.341938	0.658062
5N9C-F-A	Positive	0.314068	0.685932
5SXP-F-A	Negative	0.840409	0.159591
5SXP-G-A	Negative	0.561223	0.438777
5CDW-f-A	Negative	0.72092	0.27908
5CDW-I-A	Negative	0.888751	0.111249
5F5O-B-A	Negative	0.929323	0.0706769
5F5O-D-C	Negative	0.933741	0.0662589
5F5O-F-E	Negative	0.949749	0.0502512
5O31-s-E	Negative	0.971744	0.028256
5O31-c-O	Negative	0.945895	0.0541055
5APR-I-E	Negative	0.85152	0.14848
5LEF-C-A	Negative	0.985906	0.0140937
5LEF-D-A	Negative	0.959228	0.0407724
5K0Y-M-T	Negative	0.923514	0.0764855
5H3J-B-A	Negative	0.993598	0.00640171
5VGD-C-A	Negative	0.944636	0.0553645
5Z7G-C-A	Negative	0.978324	0.0216758
5MHC-P-A	Negative	0.649167	0.350833
5ZWO-Z-X	Negative	0.991668	0.00833238
5NIG-C-A	Negative	0.951849	0.0481511
5C0D-C-A	Positive	0.0747098	0.92529
5A53-B-A	Negative	0.980641	0.0193594
5J4X-D-A	Negative	0.811625	0.188375
5IYX-B-A	Negative	0.873274	0.126726
5LQW-L-A	Negative	0.969181	0.0308185
5N1W-C-A	Positive	0.325612	0.674388
5N1W-D-A	Positive	0.20897	0.79103
5M5Y-L-B	Negative	0.939434	0.0605665
5V1T-B-A	Negative	0.818187	0.181813
5E2V-P-L	Positive	0.20572	0.79428
5FXC-P-H	Positive	0.170048	0.829952
5ZMS-A-B	Negative	0.943872	0.0561278
5JWP-B-A	Negative	0.540909	0.459091
5B83-E-D	Negative	0.98186	0.0181403
5TZQ-D-A	Negative	0.948869	0.0511312
5TZQ-C-B	Negative	0.969267	0.0307332
5XCR-C-A	Negative	0.634484	0.365516
5H1X-A-B	Negative	0.974381	0.0256188
5H1X-C-B	Negative	0.960274	0.0397259
5N85-B-A	Negative	0.756575	0.243425
5LJ3-F-A	Negative	0.982802	0.017198
5LJ3-P-A	Negative	0.931394	0.0686062
5HJD-B-A	Negative	0.866602	0.133398
5HJD-F-E	Negative	0.76762	0.23238
5HJD-J-N	Negative	0.945705	0.0542952
5WSV-B-A	Positive	0.40188	0.59812
5WSV-D-A	Positive	0.172498	0.827502
5EN6-D-A	Negative	0.939717	0.0602835
5O90-B-A	Negative	0.625471	0.374529
5MDY-6-7	Positive	0.428478	0.571522
5O3V-C-A	Positive	0.243356	0.756644
5O3V-D-B	Negative	0.642414	0.357586
5XJU-M-2	Negative	0.754227	0.245773
5FFW-C-A	Negative	0.878205	0.121795
5NPH-A-H	Negative	0.958373	0.0416274
5B5V-E-A	Positive	0.0144094	0.985591
5R4D-D-B	Negative	0.745623	0.254377
5GU4-C-A	Positive	0.151782	0.848218
5OUC-E-A	Negative	0.882163	0.117837
5ERW-C-A	Positive	0.220044	0.779956
5T0K-P-A	Negative	0.773967	0.226033
5YIP-B-A	Negative	0.968535	0.0314646
5IB4-C-A	Positive	0.491363	0.508637
5T1M-E-A	Negative	0.527482	0.472518
5GIM-C-B	Negative	0.940107	0.0598927
5GIM-D-B	Negative	0.965187	0.0348131
5NX2-B-A	Positive	0.25616	0.74384
5FVD-B-A	Negative	0.931003	0.0689971
5FVD-D-A	Negative	0.950158	0.0498423
5NCL-D-A	Negative	0.73377	0.26623
5NVN-B-A	Positive	0.124943	0.875057
5MX2-L-A	Negative	0.959539	0.0404608
5MX2-T-A	Positive	0.127289	0.872711
5MX2-Y-C	Negative	0.905219	0.0947805
5MX2-f-a	Negative	0.584975	0.415025
5MX2-y-c	Negative	0.931444	0.0685558
5MX2-r-e	Positive	0.330767	0.669233
5BUZ-C-A	Negative	0.605309	0.394691
5BUZ-F-D	Negative	0.729009	0.270991
5FU7-D-A	Positive	0.352515	0.647485
5FU7-H-A	Positive	0.227581	0.772419
5MAV-H-A	Negative	0.996489	0.00351121
5MAV-G-C	Negative	0.997137	0.00286334
5MAV-K-E	Negative	0.982983	0.0170171
5MAV-N-D	Negative	0.977488	0.0225122
5MAV-L-F	Negative	0.975121	0.0248787
5JEJ-D-A	Negative	0.897484	0.102516
5JEJ-E-A	Positive	0.345298	0.654702
5JEJ-C-B	Negative	0.961498	0.038502
5Y39-F-D	Negative	0.969981	0.0300194
5UQ3-C-A	Negative	0.950403	0.0495971
5WBY-P-D	Negative	0.99386	0.00613984
5OVP-B-A	Negative	0.830638	0.169362
5U5P-C-A	Negative	0.717022	0.282978
5U5P-B-A	Negative	0.778711	0.221289
5ADX-c-B	Negative	0.822093	0.177907
5MRF-Y-P	Negative	0.976327	0.0236727
5VWK-E-A	Negative	0.996047	0.00395254
5VWK-G-A	Negative	0.996047	0.00395254
5A86-D-B	Positive	0.26335	0.73665
5XJ0-Y-C	Negative	0.875966	0.124034
5TP6-B-A	Negative	0.856892	0.143108
5MP5-K-A	Positive	0.0371813	0.962819
5MP5-J-H	Positive	0.0307616	0.969238
5T78-F-A	Negative	0.535195	0.464805
5NVM-B-A	Negative	0.969885	0.0301145
5HU3-B-A	Negative	0.73304	0.26696
5BRM-G-A	Negative	0.989426	0.0105737
5BRM-I-A	Negative	0.56329	0.436711
5BRM-M-A	Negative	0.988801	0.011199
5BRM-H-B	Negative	0.933096	0.0669042
5BRM-N-B	Negative	0.996106	0.00389389
5BRM-J-D	Negative	0.581282	0.418718
5BRM-L-D	Negative	0.772929	0.227071
5BRM-O-D	Negative	0.98006	0.0199405
5LB7-C-A	Negative	0.965566	0.034434
5XCO-B-A	Negative	0.612316	0.387684
5H7H-B-A	Positive	0.475809	0.524191
5Y5S-J-L	Negative	0.910803	0.0891974
5Y5S-8-L	Negative	0.910803	0.0891974
5Y5S-B-H	Negative	0.910803	0.0891974
5Y5S-T-Q	Negative	0.923351	0.0766486
5Y5S-2-Y	Negative	0.910803	0.0891974
5GGP-C-A	Negative	0.777597	0.222403
5GGP-D-B	Negative	0.907112	0.0928882
5NG4-B-A	Negative	0.858085	0.141915
5TQ1-B-A	Negative	0.960278	0.0397215
5GWM-B-A	Negative	0.8741	0.1259
5N99-C-A	Negative	0.609599	0.390401
5JJZ-B-A	Positive	0.224024	0.775976
5L04-B-A	Negative	0.960413	0.0395873
5WBL-T-A	Positive	0.0749957	0.925004
5CJO-a-A	Negative	0.756606	0.243394
5MFK-C-A	Negative	0.826531	0.173469
5XBK-E-B	Negative	0.61994	0.38006
5WJL-C-A	Negative	0.973798	0.0262023
5WJL-F-D	Negative	0.973798	0.0262023
5GID-C-A	Negative	0.994697	0.00530264
5F8X-B-A	Negative	0.754421	0.245579
5XSQ-B-A	Negative	0.939423	0.060577
5WIR-D-B	Negative	0.58076	0.41924
5WIR-C-A	Negative	0.869817	0.130183
5OW5-E-A	Negative	0.908791	0.0912092
5B5E-I-A	Negative	0.709447	0.290553
5B5E-J-A	Positive	0.248883	0.751117
5B5E-t-B	Positive	0.135929	0.864071
5B5E-f-a	Negative	0.653113	0.346887
5B5E-j-a	Positive	0.368226	0.631774
5YXL-B-A	Negative	0.650173	0.349827
5YXL-D-C	Negative	0.537713	0.462287
5E3A-B-A	Positive	0.261194	0.738806
5UUM-C-A	Negative	0.91852	0.0814797
5OM7-B-A	Positive	0.239844	0.760156
5EM9-B-A	Negative	0.911326	0.0886745
5NEU-4-1	Negative	0.8386	0.1614
5Y5A-B-A	Negative	0.690461	0.309539
5F0O-E-A	Negative	0.936781	0.0632193
5HHO-C-A	Negative	0.827605	0.172395
5V22-B-A	Negative	0.955554	0.0444464
5VF3-Z-A	Negative	0.857035	0.142965
5B5U-C-A	Positive	0.352752	0.647248
5B75-B-A	Negative	0.92711	0.0728896
5JI0-E-D	Negative	0.569728	0.430272
5IEK-C-A	Negative	0.942874	0.0571258
5NPV-B-A	Negative	0.967978	0.0320225
5NPV-D-A	Negative	0.98472	0.0152801
5T1L-E-A	Negative	0.729584	0.270416
5EX3-D-A	Positive	0.198465	0.801535
5W5C-A-B	Negative	0.890938	0.109062
5W5C-E-B	Negative	0.936598	0.0634016
5VAI-P-R	Negative	0.916357	0.0836434
5TS1-P-A	Positive	0.483956	0.516044
5L9V-C-A	Negative	0.888574	0.111426
5O66-M-J	Negative	0.809587	0.190413
5O66-O-K	Negative	0.650625	0.349375
5XXF-C-A	Negative	0.955906	0.0440938
5XXF-E-A	Negative	0.990463	0.00953689
5G1D-D-A	Negative	0.567325	0.432675
5EIB-F-C	Negative	0.939984	0.060016
5YC1-I-A	Negative	0.555677	0.444323
5U5S-B-A	Negative	0.955204	0.0447964
5FF6-E-A	Negative	0.637193	0.362807
5ABX-B-A	Negative	0.97774	0.02226
5T6P-F-A	Positive	0.396232	0.603768
5MDX-F-A	Negative	0.936757	0.063243
5MDX-L-A	Negative	0.939596	0.0604043
5MDX-T-A	Negative	0.862056	0.137944
5MDX-W-A	Negative	0.967753	0.0322469
5MDX-M-B	Negative	0.813576	0.186424
5MDX-K-C	Negative	0.779677	0.220323
5MDX-X-D	Negative	0.625953	0.374047
5LCW-D-O	Positive	0.437245	0.562755
5YIS-C-A	Negative	0.920258	0.0797423
5YIS-D-B	Negative	0.981452	0.0185478
5IQ9-C-A	Negative	0.551022	0.448978
5GQR-C-B	Negative	0.783292	0.216708
5GRD-C-A	Negative	0.998875	0.00112489
5BXV-B-A	Positive	0.153312	0.846688
5BXV-D-A	Positive	0.133096	0.866904
5I9E-E-A	Negative	0.778098	0.221902
5I9E-H-B	Negative	0.957502	0.0424975
5WA4-M-A	Negative	0.890781	0.109219
5WA4-P-A	Negative	0.989532	0.0104681
5WA4-Q-C	Negative	0.966414	0.0335857
5O45-B-A	Positive	0.00802064	0.991979
5F5J-B-A	Negative	0.652616	0.347384
5OWP-D-H	Negative	0.895721	0.104279
5C08-C-A	Positive	0.26341	0.73659
5C08-H-F	Positive	0.26341	0.73659
5EKG-B-A	Positive	0.12233	0.87767
5EKG-C-A	Negative	0.957837	0.0421627
5WS5-T-A	Positive	0.130328	0.869672
5WS5-f-a	Positive	0.49805	0.50195
5WS5-j-a	Positive	0.464806	0.535194
5J6G-F-A	Negative	0.835904	0.164096
5VZ5-C-A	Negative	0.755804	0.244196
5DVV-C-A	Negative	0.593922	0.406078
5XY3-b-D	Negative	0.959443	0.0405569
5XY3-l-X	Negative	0.908442	0.0915582
5I8C-C-A	Negative	0.927576	0.0724239
5Y4H-B-A	Negative	0.892219	0.107781
5W4E-A-B	Negative	0.878369	0.121631
5W4E-D-B	Positive	0.163963	0.836037
5HYN-D-A	Negative	0.961571	0.038429
5HYN-E-A	Positive	0.340538	0.659462
5HYN-J-F	Negative	0.812418	0.187582
5HYN-P-K	Negative	0.970511	0.029489
5W6A-E-A	Negative	0.864526	0.135474
5QTX-H-A	Negative	0.979788	0.0202122
5NHU-I-H	Negative	0.868511	0.131489
5NHU-J-A	Negative	0.709274	0.290726
5NHU-K-C	Negative	0.967936	0.0320638
5L7K-B-A	Negative	0.86405	0.13595
5T70-C-A	Negative	0.998133	0.00186704
5CZ2-G-A	Negative	0.969402	0.0305977
5CZ2-H-A	Negative	0.987011	0.0129888
5CZ2-K-C	Negative	0.952358	0.0476419
5CZ2-I-E	Negative	0.989084	0.0109157
5OBT-E-A	Negative	0.840434	0.159566
5EPJ-B-A	Positive	0.0732082	0.926792
5C0B-C-A	Negative	0.830766	0.169234
5C0B-H-F	Negative	0.830766	0.169234
5JHN-F-A	Positive	0.427068	0.572932
5JHN-G-B	Negative	0.62315	0.37685
5JTM-E-A	Negative	0.997073	0.00292709
5G5P-C-B	Negative	0.987033	0.0129667
5T0H-e-V	Negative	0.891351	0.108649
5HI3-I-A	Positive	0.249252	0.750748
5IG9-I-A	Positive	0.0159851	0.984015
5IG9-M-E	Positive	0.0354782	0.964522
5IG9-N-F	Positive	0.140407	0.859593
5WA1-B-A	Negative	0.939782	0.0602178
5ZUT-E-A	Negative	0.947864	0.0521363
5HB3-B-A	Negative	0.94198	0.0580203
5T0F-B-A	Negative	0.772505	0.227495
5YY4-B-A	Positive	0.190776	0.809224
5ODS-E-A	Negative	0.996027	0.00397263
5XOQ-C-A	Positive	0.497349	0.502651
5X8T-5-G	Negative	0.870128	0.129872
5X8T-1-O	Negative	0.672302	0.327698
5X8T-7-R	Negative	0.987919	0.012081
5TP1-P-A	Negative	0.964741	0.0352591
5TP1-R-C	Negative	0.961496	0.0385041
5TP1-S-D	Negative	0.98726	0.0127404
5YQG-E-A	Negative	0.914026	0.085974
5YQG-F-C	Negative	0.961753	0.0382466
5LVP-F-A	Positive	0.0181924	0.981808
5LVP-E-C	Positive	0.128247	0.871753
5ENW-C-A	Negative	0.795093	0.204907
5M35-C-A	Negative	0.704181	0.295819
5M35-D-B	Negative	0.83833	0.16167
5NMG-C-A	Negative	0.978184	0.0218161
5WB5-B-A	Negative	0.883201	0.116799
5EPP-B-A	Negative	0.915756	0.0842435
5NMI-I-A	Negative	0.849797	0.150203
5L23-B-A	Negative	0.993093	0.0069069
5F5G-B-A	Positive	0.177497	0.822503
5VF0-B-A	Negative	0.935868	0.0641325
5MFF-E-A	Negative	0.829228	0.170772
5T5L-a-A	Negative	0.862333	0.137667
5T5L-b-B	Negative	0.754287	0.245713
5E6Q-A-B	Negative	0.935594	0.0644058
5VWW-C-A	Negative	0.714636	0.285364
5VWW-D-B	Negative	0.971067	0.0289327
5XTD-K-A	Negative	0.899662	0.100338
5XTD-f-g	Negative	0.924464	0.0755359
5K99-C-A	Negative	0.603155	0.396845
5BN6-A-E	Negative	0.976094	0.0239063
5BN6-B-E	Negative	0.958015	0.0419852
5WNW-C-A	Negative	0.927362	0.0726378
5T5O-a-A	Positive	0.472194	0.527806
5YI8-B-A	Negative	0.994627	0.00537313
5WFC-D-A	Positive	0.457516	0.542484
5GIR-C-H	Positive	0.436415	0.563585
5GIR-D-L	Negative	0.920364	0.0796359
5OY4-X-A	Negative	0.873799	0.126201
5EO1-C-A	Positive	0.423243	0.576757
5V8K-B-A	Positive	0.452568	0.547432
5WRV-A-B	Positive	0.260194	0.739806
5VGE-C-A	Positive	0.164625	0.835375
5WVO-D-A	Negative	0.990396	0.00960364
5DX1-F-A	Negative	0.746224	0.253776
5DX1-G-A	Negative	0.632887	0.367113
5DX1-H-C	Negative	0.746224	0.253776
5DX1-I-C	Negative	0.729385	0.270615
5CO5-F-A	Negative	0.964732	0.0352684
5X60-C-A	Negative	0.875414	0.124586
5INC-E-A	Negative	0.992703	0.00729698
5T6R-s-H	Negative	0.879702	0.120298
5WEU-P-A	Negative	0.769191	0.230809
5H7Y-B-A	Negative	0.849181	0.150819
5WMO-C-A	Negative	0.935621	0.0643786
5DHF-D-C	Negative	0.86268	0.13732
5ZK7-C-A	Negative	0.94857	0.0514304
5ZK7-D-A	Negative	0.94857	0.0514304
5KLR-A-B	Negative	0.528236	0.471764
5ZU1-D-A	Negative	0.871166	0.128834
5OY0-M-B	Negative	0.816891	0.183109
5OY0-h-l	Negative	0.898999	0.101001
5ITJ-B-A	Negative	0.950164	0.0498355
5FA3-C-A	Positive	0.423951	0.576049
5LY3-B-A	Negative	0.856049	0.143951
5TSX-M-A	Negative	0.85363	0.14637
5XOG-L-B	Negative	0.966682	0.0333175
5T1I-C-A	Negative	0.883717	0.116283
5YPO-C-B	Positive	0.0755575	0.924443
5YPO-D-A	Positive	0.0755575	0.924443
5H2C-B-A	Negative	0.99364	0.00635959
5WUN-B-A	Positive	0.276571	0.723429
5WUN-C-A	Positive	0.0890309	0.910969
5D5K-B-C	Negative	0.943319	0.0566809
5D2M-G-A	Negative	0.977245	0.0227547
5KGF-L-A	Negative	0.929125	0.0708748
5VX0-B-A	Negative	0.504786	0.495214
5VX0-D-C	Positive	0.357193	0.642807
5N36-B-A	Negative	0.791956	0.208044
5EJV-C-A	Negative	0.873095	0.126905
5EJV-D-B	Positive	0.104837	0.895163
5NU1-P-A	Negative	0.982396	0.0176038
5WHB-B-A	Negative	0.870748	0.129252
5WHB-C-A	Negative	0.960272	0.039728
5WHB-I-A	Negative	0.960272	0.039728
5WHB-K-A	Negative	0.958944	0.0410558
5TU5-B-A	Positive	0.27804	0.72196
5NPR-E-A	Negative	0.560473	0.439527
5T59-C-A	Negative	0.984645	0.0153553
5T59-F-D	Negative	0.989366	0.0106335
5MEP-C-A	Positive	0.0962918	0.903708
5XKJ-E-C	Negative	0.996696	0.00330432
5J6Z-A-B	Negative	0.969509	0.0304914
5DA7-B-A	Negative	0.971387	0.0286126
5F1N-C-A	Negative	0.962372	0.0376278
5C0G-C-A	Negative	0.877873	0.122127
5DH9-D-C	Negative	0.924536	0.0754639
5G05-T-A	Positive	0.379205	0.620795
5G05-W-A	Negative	0.981992	0.0180079
5OXW-G-A	Negative	0.723987	0.276013
5VLH-Y-A	Negative	0.839512	0.160488
5KY9-B-A	Negative	0.992285	0.00771513
5HB0-E-B	Negative	0.685391	0.314609
5HB0-G-B	Negative	0.907694	0.0923063
5VVV-B-A	Positive	0.0223948	0.977605
5VVV-D-A	Negative	0.962968	0.0370325
5GLF-B-A	Positive	0.314034	0.685966
5GLF-D-A	Negative	0.915858	0.0841423
5GLF-F-C	Negative	0.963746	0.0362544
5ONB-B-A	Negative	0.983475	0.0165251
5ONB-F-E	Negative	0.975131	0.0248687
5ONB-H-G	Negative	0.985128	0.0148722
5V3N-B-A	Negative	0.971494	0.0285056
5MF9-B-A	Negative	0.950885	0.0491154
5YIX-B-A	Negative	0.979304	0.0206962
5FKP-C-A	Positive	0.130614	0.869386
5KQ1-C-A	Negative	0.99292	0.00707954
5KQ1-F-A	Negative	0.991055	0.00894515
5VKL-B-A	Negative	0.966918	0.0330819
5FQ7-P-A	Positive	0.129266	0.870734
5FVK-D-A	Negative	0.974877	0.0251225
5Y49-D-A	Negative	0.867097	0.132903
5Y49-E-B	Negative	0.889071	0.110929
5UA4-B-A	Negative	0.687955	0.312045
5Z62-K-A	Negative	0.982281	0.0177191
5Z62-L-A	Negative	0.986621	0.0133794
5Z62-M-A	Negative	0.904267	0.0957325
5VUF-C-A	Negative	0.691625	0.308375
5CSZ-D-H	Negative	0.729823	0.270177
5CSZ-E-A	Negative	0.896224	0.103776
5GSV-C-A	Negative	0.546339	0.453661
5AB2-C-A	Positive	0.491518	0.508482
5Y3R-K-C	Positive	0.130801	0.869199
5N7B-I-H	Negative	0.521332	0.478668
5L1Z-C-B	Negative	0.830255	0.169745
5XMM-C-A	Negative	0.967793	0.0322071
5VVX-B-A	Negative	0.745698	0.254302
5VVX-D-A	Negative	0.581509	0.418491
5MRW-D-A	Negative	0.785044	0.214956
5MRW-H-E	Negative	0.785044	0.214956
5Q0F-H-A	Negative	0.970116	0.0298835
5U06-L-A	Negative	0.791718	0.208282
5T6X-C-A	Negative	0.958351	0.0416491
5Z38-G-A	Negative	0.929127	0.0708734
5Z38-I-D	Negative	0.898308	0.101692
5FN3-G-A	Positive	0.134664	0.865336
5JM4-D-A	Negative	0.542097	0.457903
5XMF-C-A	Negative	0.535671	0.464329
5MK1-E-A	Negative	0.955477	0.0445225
5DX0-F-A	Negative	0.812011	0.187989
5DX0-G-A	Negative	0.801628	0.198372
5NQG-B-A	Negative	0.996033	0.00396663
5U62-C-A	Negative	0.99434	0.00566001
5U62-D-A	Negative	0.98295	0.0170497
5NRL-X-A	Positive	0.149238	0.850762
5NWX-B-A	Negative	0.740251	0.259749
5YCO-E-A	Negative	0.938727	0.0612726
5OAK-B-A	Negative	0.899304	0.100696
5HYU-A-B	Negative	0.953539	0.046461
5V3G-G-D	Negative	0.979854	0.0201456
5H7P-B-A	Negative	0.967487	0.0325133
5CX2-B-A	Negative	0.958349	0.0416514
5CX2-D-A	Negative	0.984131	0.0158687
5HUY-B-C	Positive	0.276985	0.723015
5HUY-A-C	Negative	0.692186	0.307814
5N91-F-A	Positive	0.338497	0.661503
5BXU-B-A	Positive	0.0146132	0.985387
5ZGC-G-A	Negative	0.717201	0.282799
5ZGC-H-B	Positive	0.496234	0.503766
5ZGC-I-C	Positive	0.25215	0.74785
5ZGC-J-E	Positive	0.447315	0.552685
5C26-B-A	Negative	0.503765	0.496235
5VNI-D-B	Negative	0.876003	0.123997
5VNF-D-B	Negative	0.62096	0.37904
5YBV-C-A	Negative	0.90402	0.0959795
5BTV-P-A	Negative	0.757456	0.242544
5XXU-e-J	Negative	0.734326	0.265674
5XXU-f-M	Positive	0.369728	0.630272
5TDY-A-B	Negative	0.995222	0.00477767
5TDY-C-D	Negative	0.962056	0.0379443
5U0S-l-b	Negative	0.894777	0.105223
5NEY-E-B	Positive	0.180449	0.819551
5XPU-B-A	Negative	0.814436	0.185564
5VAH-C-A	Negative	0.76048	0.23952
5VAH-D-B	Negative	0.783548	0.216452
5NI9-C-A	Negative	0.986622	0.0133779
5OJ5-B-A	Positive	0.330733	0.669267
5DUB-P-H	Positive	0.310189	0.689811
5M37-D-A	Negative	0.95938	0.0406204
5J9K-C-A	Negative	0.989091	0.0109087
5J9K-D-B	Negative	0.987627	0.0123732
5NPW-B-A	Negative	0.983638	0.0163624
5NPW-H-A	Negative	0.965744	0.0342555
5NPW-D-C	Negative	0.94689	0.0531104
5F5K-B-A	Negative	0.652616	0.347384
5AJK-B-A	Negative	0.995127	0.00487302
5AJK-J-C	Negative	0.993705	0.00629472
5MK0-B-A	Negative	0.996074	0.00392634
5MK0-D-A	Negative	0.986508	0.0134919
5JR4-B-A	Negative	0.842643	0.157357
5N5T-P-A	Negative	0.895201	0.104799
5NNF-B-A	Positive	0.00690055	0.993099
5WWI-E-A	Positive	0.0752589	0.924741
5VZU-E-B	Negative	0.959372	0.0406276
5VZU-F-D	Positive	0.364708	0.635292
5OSG-P-h	Negative	0.878642	0.121358
5ZVK-a-A	Negative	0.974784	0.025216
5ZVK-c-A	Negative	0.959368	0.0406322
5ZVK-b-B	Negative	0.965693	0.0343071
5MO3-A-H	Positive	0.211666	0.788334
5IXD-B-A	Negative	0.921554	0.0784464
5T0Q-B-A	Negative	0.969672	0.0303276
5XXK-C-A	Negative	0.757041	0.242959
5YTK-G-A	Negative	0.823218	0.176782
5YTK-J-A	Negative	0.838593	0.161407
5HHX-B-A	Negative	0.9877	0.0123
5TTW-B-A	Positive	0.43334	0.56666
5TTW-D-C	Positive	0.43334	0.56666
5ICY-E-A	Negative	0.973106	0.0268944
5H5Q-B-A	Positive	0.187572	0.812428
5Q1D-B-A	Negative	0.98891	0.0110901
5UQ8-9-Q	Negative	0.500002	0.499998
5DBR-C-A	Positive	0.0619874	0.938013
5K2M-K-G	Negative	0.912748	0.0872525
5K2M-L-G	Negative	0.801655	0.198345
5K2M-M-G	Negative	0.552105	0.447895
5K2M-N-H	Negative	0.919799	0.0802013
5I0I-G-A	Negative	0.83458	0.16542
5J9Q-L-E	Negative	0.809211	0.190789
5J9Q-M-E	Negative	0.681628	0.318372
5E0V-C-A	Negative	0.963133	0.036867
5E0V-D-A	Negative	0.979985	0.0200148
5YYF-B-A	Negative	0.816675	0.183325
5N70-B-A	Negative	0.938813	0.0611874
5ICX-E-A	Negative	0.790052	0.209948
5VIF-B-A	Negative	0.537394	0.462606
5F9J-C-A	Negative	0.95909	0.0409101
5V4B-C-B	Negative	0.810109	0.189891
5F85-B-A	Negative	0.991505	0.00849511
5II0-D-A	Positive	0.308109	0.691891
5II0-E-B	Positive	0.08588	0.91412
5II0-F-C	Positive	0.308109	0.691891
5OH8-C-A	Negative	0.977726	0.0222741
5T47-B-A	Negative	0.966247	0.0337525
5EFI-C-A	Negative	0.967834	0.0321663
5MLU-M-A	Negative	0.909013	0.0909873
5HZ1-A-B	Negative	0.964874	0.0351264
5LM5-C-A	Negative	0.997831	0.0021691
5LM5-D-B	Negative	0.995696	0.00430415
5B3S-M-A	Negative	0.955434	0.0445659
5ZGH-J-1	Negative	0.979989	0.0200106
5ZGH-M-B	Negative	0.848534	0.151466
5YIR-C-D	Negative	0.965144	0.0348558
5YIR-G-D	Negative	0.871741	0.128259
5YIR-H-D	Negative	0.746021	0.253979
5LX2-B-A	Negative	0.986885	0.0131146
5IND-E-A	Negative	0.996783	0.00321653
5CFD-D-A	Negative	0.709518	0.290482
5MHM-H-A	Positive	0.459065	0.540935
5HJC-B-A	Negative	0.614673	0.385327
5WJE-B-A	Negative	0.971746	0.0282537
5YLZ-R-A	Negative	0.934183	0.065817
5EOF-C-A	Negative	0.983353	0.0166472
5EOF-D-A	Negative	0.984772	0.0152281
5YXD-B-A	Negative	0.950682	0.049318
5JEK-C-A	Positive	0.0314602	0.96854
5JEK-D-B	Positive	0.026376	0.973624
5LXM-D-A	Negative	0.981188	0.0188122
5AER-B-A	Negative	0.885489	0.114511
5EHC-B-A	Positive	0.449011	0.550989
5KKO-F-B	Negative	0.990994	0.0090059
5VE8-C-A	Positive	0.450249	0.549751
5VE8-E-B	Negative	0.60838	0.39162
5LY2-E-A	Positive	0.0265732	0.973427
5LY2-F-B	Positive	0.222472	0.777528
5OXZ-B-A	Negative	0.70267	0.29733
5QU6-Y-U	Positive	0.0785655	0.921435
5QU6-2-X	Positive	0.292118	0.707882
5YE3-C-B	Positive	0.332936	0.667064
5V62-I-A	Negative	0.927868	0.0721323
5ETA-D-B	Negative	0.90633	0.0936702
5XV8-A-B	Negative	0.767679	0.232321
5VNB-K-A	Negative	0.592012	0.407988
5GTC-K-G	Positive	0.161054	0.838946
5ACA-4-1	Negative	0.843224	0.156776
5H43-B-A	Negative	0.869077	0.130923
5H43-C-A	Negative	0.992862	0.0071383
5VJI-A-C	Negative	0.940338	0.0596621
5VJI-B-C	Negative	0.962477	0.0375225
5VJI-D-C	Negative	0.978752	0.0212479
5VJI-E-C	Negative	0.950971	0.0490293
5IP9-Q-B	Positive	0.389454	0.610546
5WBU-R-B	Negative	0.763913	0.236087
5WBU-P-D	Positive	0.127441	0.872559
5Y44-B-A	Negative	0.984513	0.015487
5DLM-X-H	Negative	0.744192	0.255808
5WDF-P-H	Negative	0.571531	0.428469
5WDF-Q-H	Negative	0.695234	0.304766
5BNN-D-A	Negative	0.874801	0.125199
5UWM-C-A	Negative	0.959101	0.0408986
5UWM-D-A	Negative	0.937592	0.0624083
5MFM-Q-C	Negative	0.894868	0.105132
5N2V-C-A	Positive	0.307503	0.692497
5MFH-E-A	Negative	0.829228	0.170772
5Z56-M-A	Negative	0.570521	0.429479
5Z56-U-A	Negative	0.949102	0.0508983
5AJD-B-A	Negative	0.991579	0.00842079
5AJD-J-A	Negative	0.92115	0.0788496
5AJD-F-C	Negative	0.938067	0.061933
5AJD-L-C	Negative	0.978518	0.0214817
5AJD-H-G	Negative	0.832889	0.167111
5OJO-C-A	Positive	0.17039	0.82961
5FRQ-G-A	Positive	0.14216	0.85784
5ZZ9-E-A	Negative	0.790166	0.209834
5ZZ9-D-B	Negative	0.915143	0.0848571
5ZZ9-F-C	Positive	0.413601	0.586399
5V1Z-E-A	Negative	0.99227	0.00773035
5JCY-B-A	Negative	0.91387	0.08613
5IGQ-U-A	Negative	0.984281	0.0157189
5IGQ-V-B	Negative	0.989761	0.010239
5O60-g-F	Negative	0.990258	0.00974163
5O60-f-G	Negative	0.913585	0.0864154
5O60-d-U	Negative	0.863458	0.136542
5D3F-C-A	Negative	0.908257	0.091743
5OTU-B-A	Negative	0.872648	0.127352
5OTU-D-C	Negative	0.767106	0.232894
5IYV-B-A	Negative	0.85509	0.14491
5KLV-I-A	Negative	0.660895	0.339105
5LMX-D-A	Negative	0.966392	0.0336085
5HOI-D-A	Negative	0.599027	0.400973
5HOI-F-C	Negative	0.695669	0.304331
5F0L-D-B	Negative	0.66084	0.33916
5ELQ-P-A	Negative	0.83855	0.16145
5ELQ-C-B	Negative	0.83855	0.16145
5NDC-C-A	Negative	0.544674	0.455326
5WBK-T-A	Negative	0.646918	0.353082
5ZJY-B-A	Negative	0.982241	0.0177589
5LMG-D-A	Negative	0.986991	0.0130092
5LMG-C-B	Negative	0.997755	0.00224539
5MHO-G-A	Negative	0.818876	0.181124
5MHO-H-B	Negative	0.818876	0.181124
5BV0-C-A	Negative	0.503955	0.496045
5MFG-E-A	Negative	0.829228	0.170772
5O0E-C-A	Negative	0.901537	0.0984629
5XTC-Q-V	Negative	0.91959	0.0804104
5CSN-C-A	Negative	0.846178	0.153822
5MMI-0-F	Negative	0.961183	0.0388172
5MMI-5-G	Negative	0.870128	0.129872
5MMI-1-O	Negative	0.615963	0.384037
5MMI-7-R	Negative	0.987919	0.012081
5MMI-H-Y	Negative	0.919784	0.080216
5YBB-C-A	Negative	0.995296	0.0047043
5N74-I-A	Negative	0.668774	0.331226
5N74-J-A	Negative	0.98788	0.0121196
5N74-K-C	Negative	0.984696	0.0153037
5N74-L-C	Negative	0.865737	0.134263
5N74-P-E	Negative	0.979152	0.0208475
5N74-O-G	Negative	0.683595	0.316405
5DPW-B-A	Negative	0.887833	0.112167
5F84-B-A	Negative	0.991505	0.00849511
5SV1-Y-A	Positive	0.205655	0.794345
5SV1-Z-F	Positive	0.408993	0.591007
5LGP-E-A	Negative	0.542006	0.457994
5LGP-F-A	Positive	0.0575676	0.942432
5GS4-B-A	Negative	0.707729	0.292271
5Y5W-F-B	Negative	0.599621	0.400379
5D7F-P-A	Negative	0.517214	0.482786
5CZF-B-C	Negative	0.72182	0.27818
5CZF-A-D	Negative	0.956567	0.0434335
5WUJ-A-B	Negative	0.973373	0.0266274
5AUM-C-H	Negative	0.630916	0.369084
5T7G-P-A	Positive	0.0117239	0.988276
5OXX-B-A	Positive	0.457545	0.542455
5H9D-K-A	Negative	0.892993	0.107007
5ND9-u-k	Negative	0.904204	0.0957962
5ND9-5-7	Negative	0.796263	0.203737
5NJA-E-A	Negative	0.859476	0.140524
5T1K-E-A	Negative	0.526955	0.473045
5BPU-H-A	Negative	0.908724	0.0912764
5BPU-I-C	Negative	0.79176	0.20824
5ZKO-G-A	Negative	0.94241	0.0575898
5ZKO-H-A	Negative	0.979672	0.0203279
5OIK-L-B	Negative	0.820879	0.179121
5YAX-C-B	Negative	0.523844	0.476156
5JM1-D-A	Negative	0.881147	0.118853
5YMW-C-A	Negative	0.851671	0.148329
5XBO-B-A	Negative	0.950826	0.0491742
5CSJ-C-A	Negative	0.960585	0.0394146
5IEH-C-A	Negative	0.965383	0.0346172
5ZIA-R-G	Negative	0.957826	0.0421735
5O2R-z-E	Negative	0.953176	0.0468238
5AFG-B-A	Positive	0.0294407	0.970559
5WAI-D-B	Negative	0.993455	0.00654459
5JIU-C-A	Negative	0.571507	0.428493
5JPQ-1-R	Negative	0.954428	0.0455721
5NQ1-C-A	Negative	0.786292	0.213708
5VI6-B-A	Positive	0.464845	0.535155
5U6K-L-A	Negative	0.793148	0.206852
5U6K-N-C	Negative	0.667044	0.332956
5U6K-O-D	Negative	0.833759	0.166241
5DHM-A-C	Negative	0.767676	0.232324
5DHM-B-D	Positive	0.352668	0.647332
5ICV-C-A	Negative	0.629504	0.370496
5LAK-I-A	Positive	0.11875	0.88125
5W6V-B-A	Negative	0.909351	0.0906488
5YE4-E-A	Positive	0.0863838	0.913616
5WPM-C-A	Negative	0.960272	0.039728
5MGP-w-c	Negative	0.965884	0.0341156
5J19-C-A	Negative	0.986568	0.0134323
5J19-D-A	Negative	0.752765	0.247235
5VLA-Z-A	Negative	0.958372	0.041628
5ZOP-A-G	Negative	0.868573	0.131427
5FYQ-D-A	Negative	0.739457	0.260543
5FYQ-C-B	Negative	0.888757	0.111243
5LHZ-D-A	Negative	0.806188	0.193812
5LHZ-E-B	Negative	0.870154	0.129846
5EA0-P-H	Negative	0.630333	0.369667
5WRI-D-A	Negative	0.716189	0.283811
5NCW-B-A	Negative	0.941787	0.0582129
5WXQ-P-U	Negative	0.824158	0.175842
5X8P-u-k	Negative	0.830296	0.169704
5X8P-x-m	Negative	0.949382	0.0506183
5H4D-D-A	Negative	0.542559	0.457441
5LXY-D-A	Negative	0.961376	0.0386245
5LXY-C-A	Negative	0.961376	0.0386245
5LXY-J-A	Negative	0.936192	0.063808
5LXY-F-B	Negative	0.982337	0.017663
5LXY-N-I	Negative	0.875234	0.124766
5L2D-C-A	Negative	0.73706	0.26294
5EEQ-L-A	Negative	0.844777	0.155223
5MG3-G-Y	Negative	0.844754	0.155246
5WG1-P-A	Negative	0.733757	0.266243
5H7L-E-A	Negative	0.930778	0.069222
5H7L-G-B	Negative	0.897065	0.102935
5JP2-E-A	Positive	0.022463	0.977537
5FT1-C-A	Negative	0.904254	0.0957462
5FT1-D-B	Negative	0.863054	0.136946
5FT1-F-E	Negative	0.609776	0.390224
5FT1-H-G	Negative	0.842485	0.157515
5FT1-J-I	Negative	0.869718	0.130282
5FT1-L-K	Negative	0.66147	0.33853
5W5U-D-A	Positive	0.428397	0.571603
5C7Z-B-A	Negative	0.877394	0.122606
5GTB-B-A	Positive	0.160029	0.839971
5OVV-B-A	Positive	0.498707	0.501293
5XCS-C-A	Positive	0.0994388	0.900561
5IXI-B-A	Negative	0.984722	0.0152781
5ULO-C-A	Negative	0.868752	0.131248
5ULO-D-B	Negative	0.736919	0.263081
5IAG-D-A	Negative	0.631544	0.368456
5JTQ-E-A	Negative	0.967286	0.0327137
5ZW6-C-A	Positive	0.246756	0.753244
5MEQ-C-A	Negative	0.637816	0.362184
5XZX-B-A	Negative	0.927092	0.0729084
5WNB-B-H	Negative	0.669045	0.330955
5XW5-C-A	Negative	0.94697	0.05303
5IZA-B-A	Negative	0.747907	0.252093
5FLM-L-B	Negative	0.802149	0.197851
5H2X-B-A	Negative	0.788555	0.211445
5FGB-F-A	Negative	0.813877	0.186123
5FGB-G-B	Negative	0.631379	0.36862
5V1V-C-A	Negative	0.977673	0.0223266
5NND-D-A	Positive	0.184718	0.815282
5AWU-B-A	Positive	0.139358	0.860642
5V1D-E-A	Negative	0.555262	0.444738
5VUD-C-A	Negative	0.951808	0.0481923
5Y18-B-A	Negative	0.993459	0.00654063
5T6Z-C-A	Negative	0.997129	0.00287146
5LXH-E-A	Negative	0.992024	0.00797554
5LF0-c-H	Positive	0.432491	0.567509
5KOA-D-B	Negative	0.991598	0.0084022
5JW9-A-B	Negative	0.920284	0.0797158
5W4G-A-B	Negative	0.993882	0.00611848
5IY4-B-A	Negative	0.995147	0.00485341
5IY4-F-E	Negative	0.997248	0.0027515
5J8H-B-A	Negative	0.879559	0.120441
5O3U-L-A	Negative	0.764436	0.235564
5O3U-M-B	Negative	0.638316	0.361684
5O3U-N-C	Negative	0.682515	0.317485
5KDS-G-A	Positive	0.31447	0.68553
5DXB-E-B	Positive	0.17347	0.82653
5JF0-D-A	Positive	0.454433	0.545567
5D3E-C-A	Positive	0.294255	0.705745
5D3E-G-E	Negative	0.731371	0.268629
5D3E-K-I	Negative	0.701276	0.298724
5GMV-D-B	Negative	0.914045	0.0859552
5M0B-B-A	Negative	0.854823	0.145177
5TU6-B-A	Positive	0.259946	0.740054
5WLI-C-A	Negative	0.975012	0.024988
5XWR-C-A	Negative	0.962967	0.0370332
5Q1G-B-A	Negative	0.779455	0.220545
5MT6-B-A	Positive	0.0693008	0.930699
5TGI-C-A	Negative	0.57431	0.42569
5TGI-D-A	Negative	0.768619	0.231381
5MYO-E-A	Positive	0.00735366	0.992646
5E0M-C-A	Negative	0.936544	0.0634563
5W5D-E-B	Negative	0.920795	0.0792047
5UIE-K-B	Negative	0.935497	0.0645032
5D7G-B-A	Negative	0.972911	0.0270891
5D7G-F-E	Negative	0.923461	0.0765388
5K18-F-A	Negative	0.694413	0.305587
5K18-E-A	Positive	0.49704	0.50296
5BWD-C-A	Negative	0.878625	0.121375
5NO4-L-H	Negative	0.885795	0.114205
5F88-E-A	Positive	0.431642	0.568358
5LEO-H-A	Positive	0.23869	0.76131
5OU9-C-A	Negative	0.520248	0.479752
5WB7-E-A	Negative	0.985943	0.0140567
5WB7-F-B	Negative	0.988088	0.0119117
5WB7-H-D	Negative	0.969726	0.0302735
5JMO-G-A	Negative	0.657587	0.342413
5OYP-D-A	Negative	0.964304	0.0356965
5NCO-k-V	Negative	0.523144	0.476856
5VTB-B-A	Negative	0.84501	0.15499
5X7B-L-A	Positive	0.314789	0.685211
5X7B-N-A	Positive	0.145994	0.854006
5LZ3-B-A	Negative	0.724671	0.275329
5DTF-P-H	Positive	0.310189	0.689811
5CVE-D-A	Negative	0.94214	0.0578596
5CVE-E-B	Positive	0.35745	0.64255
5J3V-C-A	Negative	0.940566	0.0594343
5EUK-E-A	Positive	0.499401	0.500599
5ITZ-D-A	Negative	0.84385	0.15615
5OCK-A-L	Negative	0.638516	0.361484
5GJY-C-A	Negative	0.984317	0.015683
5YPR-B-A	Positive	0.102567	0.897433
5OKZ-J-G	Negative	0.807216	0.192784
5OKZ-T-Q	Positive	0.177638	0.822362
5OKZ-n-k	Positive	0.305059	0.694941
5XJC-x-u	Negative	0.799613	0.200387
5OK6-D-A	Negative	0.916732	0.0832681
5OK6-C-B	Negative	0.619899	0.380101
5EMB-B-A	Negative	0.911003	0.0889971
5TMU-C-A	Negative	0.602436	0.397564
5NWK-P-A	Positive	0.202051	0.797949
5NWK-Q-B	Positive	0.249107	0.750893
5GG4-E-A	Negative	0.946266	0.0537342
5GG4-F-A	Negative	0.837446	0.162554
5GG4-G-C	Negative	0.887469	0.112531
5GG4-H-C	Negative	0.883396	0.116604
5DMS-B-A	Negative	0.885134	0.114866
5DMS-D-A	Negative	0.828896	0.171104
5ANR-C-A	Negative	0.944923	0.0550768
5W3P-P-L	Negative	0.912383	0.087617
5EOK-K-A	Positive	0.308172	0.691828
5ZMQ-C-B	Negative	0.867534	0.132466
5ZMQ-G-B	Negative	0.971934	0.0280655
5XAD-C-A	Negative	0.831091	0.168909
5XAD-D-B	Negative	0.971296	0.0287039
5WKN-C-A	Negative	0.963526	0.0364739
5WKN-D-A	Negative	0.937679	0.0623212
5VB9-C-A	Positive	0.184919	0.815081
5FC8-C-E	Negative	0.955529	0.0444715
5TGJ-B-A	Negative	0.851584	0.148416
5TGJ-D-A	Negative	0.824397	0.175603
5Z2W-B-A	Positive	0.258393	0.741607
5N4B-D-A	Positive	0.318546	0.681454
5WTT-P-H	Negative	0.893925	0.106075
5YI7-B-A	Negative	0.940896	0.0591043
5TWH-E-A	Negative	0.744733	0.255267
5ZOO-A-G	Negative	0.854396	0.145605
5M5G-E-B	Positive	0.286126	0.713874
5JQY-B-A	Negative	0.886321	0.113679
5HFE-B-A	Negative	0.943762	0.056238
5Z94-D-A	Positive	0.317064	0.682936
5VJX-B-A	Negative	0.964899	0.0351012
5VJX-C-A	Negative	0.964656	0.0353442
5VJX-b-A	Negative	0.96035	0.0396505
5VJX-c-A	Negative	0.978072	0.021928
5VJX-F-D	Negative	0.987669	0.0123314
5VJX-K-D	Negative	0.948539	0.0514606
5VJX-L-D	Negative	0.906917	0.0930831
5VJX-T-D	Negative	0.947076	0.052924
5VJX-I-G	Negative	0.948123	0.051877
5VJX-Z-G	Negative	0.992109	0.00789087
5VJX-O-M	Negative	0.940573	0.0594268
5VJX-Y-X	Negative	0.932721	0.0672789
5VJX-d-X	Negative	0.993724	0.00627621
5VJX-e-X	Negative	0.92671	0.0732901
5HAW-L-A	Negative	0.986341	0.0136591
5NJT-t-a	Negative	0.964997	0.0350035
5NJT-q-s	Negative	0.932802	0.0671985
5XYV-D-A	Negative	0.901163	0.0988369
5D9S-C-A	Positive	0.423978	0.576022
5NKP-D-A	Negative	0.935694	0.0643061
5HYC-C-A	Negative	0.922964	0.077036
5D9G-C-A	Negative	0.854742	0.145258
5D9G-D-A	Negative	0.872401	0.127599
5N22-E-A	Negative	0.782783	0.217217
5J3T-C-A	Negative	0.622401	0.377599
5MMM-x-m	Negative	0.973738	0.0262616
5B62-B-A	Positive	0.140059	0.859941
5YLG-B-A	Negative	0.986329	0.0136712
5YLG-C-A	Negative	0.984472	0.0155283
5YLG-D-A	Negative	0.980752	0.0192478
5MEO-C-A	Negative	0.588916	0.411084
5TRZ-P-A	Negative	0.987721	0.0122792
5V6H-B-A	Negative	0.975944	0.0240558
5V6H-H-A	Negative	0.988873	0.0111274
5JEO-B-A	Negative	0.908351	0.091649
5AFF-B-A	Positive	0.0549357	0.945064
5SVZ-B-A	Negative	0.893627	0.106373
5X6C-E-A	Negative	0.987064	0.0129355
5UW7-C-A	Negative	0.517938	0.482061
5HL7-Z-K	Negative	0.986866	0.0131341
5SVH-B-A	Negative	0.981234	0.0187664
5NPI-E-B	Negative	0.669536	0.330464
5UJT-C-A	Positive	0.0385079	0.961492
5UJT-F-D	Positive	0.0426383	0.957362
5MY4-C-A	Positive	0.0720227	0.927977
5KZT-C-A	Negative	0.892411	0.107589
5KZT-D-B	Positive	0.283441	0.716559
5JJA-C-A	Negative	0.995529	0.00447143
5N4E-C-A	Positive	0.387844	0.612156
5N4E-D-B	Negative	0.641549	0.358451
5MLW-F-E	Negative	0.932862	0.0671382
5F2U-C-A	Negative	0.950903	0.0490971
5N8A-X-A	Negative	0.992043	0.00795678
5XXB-a-D	Negative	0.989395	0.010605
5XXB-k-O	Negative	0.886545	0.113455
5B16-B-A	Negative	0.856556	0.143444
5B16-C-A	Negative	0.947628	0.0523719
5HF1-B-A	Negative	0.657238	0.342762
5XCU-C-A	Positive	0.260546	0.739454
5A2K-P-H	Positive	0.170048	0.829952
5M5T-E-A	Negative	0.944938	0.0550619
5M5T-G-A	Negative	0.977248	0.0227515
5M5T-I-A	Negative	0.965804	0.0341964
5HOG-D-A	Negative	0.975127	0.0248732
5HOG-E-B	Negative	0.86846	0.13154
5WXR-P-U	Negative	0.805098	0.194902
5WES-P-A	Positive	0.452521	0.547479
5KKL-D-A	Positive	0.194978	0.805022
5NAF-E-A	Negative	0.992618	0.00738234
5NAF-F-B	Negative	0.992152	0.00784818
5W89-B-A	Positive	0.178393	0.821607
5D0J-L-A	Positive	0.354575	0.645425
5D0J-M-D	Positive	0.169388	0.830612
5UWS-D-C	Negative	0.846991	0.153009
5CXV-C-A	Positive	0.196042	0.803958
5KY3-B-A	Negative	0.996413	0.00358683
5LSO-C-A	Negative	0.837925	0.162075
5C27-D-A	Positive	0.249865	0.750135
5YD3-B-A	Positive	0.0157769	0.984223
5YD3-F-E	Positive	0.339042	0.660958
5YD3-H-G	Positive	0.0461935	0.953807
5AJJ-B-A	Negative	0.66686	0.33314
5NPJ-D-A	Negative	0.947259	0.0527413
5NPJ-E-B	Negative	0.696296	0.303704
5L3F-C-A	Negative	0.718811	0.281189
5AB0-E-A	Negative	0.579807	0.420193
5ICZ-E-A	Positive	0.256494	0.743506
5D7E-C-A	Positive	0.0855372	0.914463
5KY8-B-A	Negative	0.989173	0.010827
5EWZ-C-A	Negative	0.920673	0.0793269
5EWZ-D-B	Negative	0.815325	0.184674
5WUM-B-A	Positive	0.0484934	0.951507
5ZEB-7-G	Negative	0.913585	0.0864154
5ZEB-5-U	Negative	0.863458	0.136542
5ZEB-4-6	Negative	0.512595	0.487405
5NPS-D-A	Positive	0.0270053	0.972995
5SVI-A-B	Negative	0.993327	0.00667329
5JTO-E-A	Negative	0.615422	0.384578
5ZZ8-u-q	Negative	0.814433	0.185567
5LNK-x-N	Negative	0.959162	0.0408379
5XFR-C-A	Positive	0.48054	0.51946
5ONS-B-A	Negative	0.974711	0.0252894
5CNO-X-A	Negative	0.933378	0.0666215
5ZZN-I-A	Negative	0.709447	0.290553
5ZZN-L-A	Negative	0.959539	0.0404608
5KQV-A-E	Negative	0.985482	0.0145183
5KQV-B-E	Negative	0.618042	0.381958
5OCX-A-L	Positive	0.0992941	0.900706
5Q16-B-A	Negative	0.99063	0.00936969
5Q16-D-C	Negative	0.855911	0.144089
5JUB-C-A	Positive	0.0186018	0.981398
5T1G-B-A	Negative	0.59622	0.403779
5NTJ-B-A	Negative	0.911028	0.0889717
5N5R-P-A	Negative	0.980909	0.0190908
5WWU-E-A	Positive	0.049376	0.950624
5XOS-C-A	Negative	0.530978	0.469022
5VH0-B-A	Negative	0.895195	0.104805
5NWJ-P-A	Positive	0.0795206	0.920479
5IQN-B-A	Negative	0.792115	0.207885
5Y21-C-A	Positive	0.448592	0.551408
5Y21-D-A	Positive	0.338091	0.661909
5SW9-B-A	Negative	0.993193	0.00680709
5NAS-C-A	Negative	0.792939	0.207061
5DOW-B-A	Negative	0.974897	0.0251032
5VNG-D-B	Negative	0.977827	0.0221728
5ACZ-C-A	Positive	0.375787	0.624213
5VNK-D-B	Negative	0.978194	0.0218062
5N4W-V-A	Negative	0.977008	0.0229917
5OTV-D-C	Negative	0.767106	0.232894
5OTV-B-A	Negative	0.836184	0.163816
5AWT-B-A	Positive	0.256454	0.743546
5DXA-F-A	Negative	0.936745	0.0632548
5DXA-G-B	Negative	0.950261	0.0497395
5ZNP-P-A	Negative	0.861501	0.138499
5EN7-B-A	Negative	0.958649	0.0413509
5EN7-D-C	Negative	0.876594	0.123405
5EN7-F-C	Negative	0.961034	0.0389662
5EN7-H-G	Negative	0.759886	0.240114
5WTB-F-D	Positive	0.300109	0.699891
5WTB-H-D	Negative	0.758628	0.241372
5JFZ-B-A	Negative	0.937187	0.0628128
5JFZ-D-C	Negative	0.948349	0.0516513
5MHL-K-A	Positive	0.0161238	0.983876
5X8Q-B-A	Negative	0.994853	0.00514716
5X8Q-F-A	Negative	0.976203	0.023797
5EU3-C-A	Positive	0.153028	0.846972
5BS2-R-A	Negative	0.954299	0.045701
5FCG-C-A	Negative	0.928406	0.0715935
5OYL-D-A	Negative	0.965586	0.0344145
5MYX-E-A	Positive	0.296404	0.703596
5MYX-F-C	Negative	0.65723	0.34277
5HPM-E-A	Negative	0.86139	0.13861
5CIL-P-H	Negative	0.526435	0.473565
5XOD-B-A	Positive	0.159373	0.840627
5NIN-D-B	Negative	0.800988	0.199012
5UMZ-E-B	Negative	0.911262	0.0887384
5UMZ-D-B	Negative	0.922727	0.0772733
5C3G-B-A	Positive	0.0852628	0.914737
5V93-1-3	Negative	0.892851	0.107149
5V93-6-F	Negative	0.980457	0.0195426
5V93-4-G	Negative	0.903378	0.0966221
5V93-H-X	Negative	0.770482	0.229518
5ZK1-C-A	Negative	0.879822	0.120178
5N8E-F-A	Positive	0.181089	0.818911
5N8E-E-B	Positive	0.0504611	0.949539
5WYL-B-A	Negative	0.607015	0.392985
5WYL-D-A	Negative	0.940665	0.059335
5CUL-A-B	Negative	0.663026	0.336974
5Y91-C-A	Negative	0.50776	0.49224
5KZP-A-H	Negative	0.760712	0.239288
5KZP-B-H	Negative	0.760712	0.239288
5UN8-E-A	Positive	0.0176412	0.982359
5UN8-G-A	Positive	0.0873594	0.912641
5UN8-F-B	Positive	0.494891	0.505109
5MLC-2-P	Positive	0.325588	0.674412
5MLC-8-S	Negative	0.992111	0.00788914
5MLC-I-Y	Negative	0.956867	0.0431333
5Z08-D-B	Negative	0.975411	0.0245887
5KY5-B-A	Negative	0.95603	0.0439697
5L6N-I-H	Negative	0.830522	0.169478
5I7Z-B-A	Negative	0.995954	0.00404651
5VMR-C-A	Negative	0.777259	0.222741
5VMR-D-B	Negative	0.648898	0.351102
5E8J-C-A	Negative	0.987438	0.0125622
5E8J-D-B	Negative	0.982933	0.0170667
5EXK-B-A	Positive	0.473179	0.526821
5EXK-F-E	Negative	0.882312	0.117688
5EXK-J-I	Negative	0.7542	0.2458
5E2A-D-A	Positive	0.124002	0.875998
5HQ8-I-A	Positive	0.142644	0.857356
5HQ8-J-B	Positive	0.380445	0.619555
5I0Q-A-B	Negative	0.931123	0.0688769
5Z2Q-D-A	Negative	0.990207	0.00979274
5Z2Q-C-B	Negative	0.994224	0.00577604
5XJO-E-A	Negative	0.992847	0.00715321
5CQX-C-A	Negative	0.980041	0.0199593
5EOD-B-A	Negative	0.834754	0.165246
5W3M-D-A	Negative	0.984973	0.015027
5OL0-C-A	Negative	0.708814	0.291186
5OL0-D-A	Negative	0.98278	0.0172202
5NIF-4-E	Positive	0.147246	0.852754
5LF6-c-K	Negative	0.942554	0.0574462
5YPZ-D-A	Negative	0.978587	0.0214133
5NNC-C-A	Negative	0.609263	0.390737
5C3F-B-A	Negative	0.515568	0.484432
5AZG-C-A	Negative	0.796963	0.203037
5AZG-D-A	Negative	0.934732	0.0652682
5U3N-A-H	Negative	0.612496	0.387504
5ZS3-U-A	Negative	0.752834	0.247166
5TDC-B-A	Negative	0.549954	0.450046
5TDC-D-C	Positive	0.299503	0.700497
5MFI-D-A	Negative	0.828797	0.171203
5GM6-n-T	Positive	0.153595	0.846405
5SVE-C-A	Negative	0.617559	0.382441
5VX2-B-A	Positive	0.459488	0.540512
5FWE-D-B	Positive	0.0510409	0.948959
5KLT-A-B	Negative	0.713909	0.286091
5FOS-C-A	Negative	0.755867	0.244133
5V6M-P-L	Negative	0.942462	0.0575377
5N7F-C-A	Negative	0.748323	0.251677
5EYZ-E-A	Negative	0.611194	0.388806
5HZ0-A-B	Negative	0.977828	0.0221716
5J7J-B-A	Negative	0.672404	0.327596
5M3J-X-A	Positive	0.304451	0.695549
5EFN-F-B	Positive	0.166006	0.833994
5CRW-B-A	Negative	0.682624	0.317376
5J3H-B-E	Negative	0.74914	0.25086
5MY9-P-A	Negative	0.989952	0.0100476
5EOT-C-A	Positive	0.108335	0.891665
5NTW-Q-B	Negative	0.990142	0.00985767
5J4T-D-A	Negative	0.881147	0.118853
5HKP-C-A	Negative	0.913463	0.0865375
5HKP-D-B	Negative	0.928893	0.0711067
5NQF-B-A	Negative	0.992499	0.00750138
5GH9-B-A	Positive	0.0532881	0.946712
5M5U-E-A	Negative	0.959831	0.0401689
5M5U-G-A	Negative	0.940638	0.059362
5YC2-B-A	Negative	0.808532	0.191468
5YC2-D-A	Negative	0.934325	0.0656751
5GMJ-D-A	Negative	0.918426	0.0815743
5GMJ-C-B	Negative	0.926065	0.073935
5YQ7-T-L	Positive	0.499411	0.500589
5YQ7-V-L	Positive	0.499411	0.500589
5YQ7-R-L	Positive	0.499411	0.500589
5YQ7-2-C	Negative	0.885078	0.114922
5N89-G-A	Negative	0.519407	0.480593
5BNW-D-A	Negative	0.892956	0.107044
5DXG-C-A	Positive	0.17347	0.82653
5DXG-D-B	Negative	0.823466	0.176534
5VLI-C-A	Negative	0.988721	0.0112786
5CJB-B-A	Negative	0.739324	0.260676
5CJB-C-A	Negative	0.842762	0.157238
5IZ6-B-A	Negative	0.776626	0.223374
5ONA-C-B	Negative	0.983475	0.0165251
5ONA-F-E	Negative	0.976682	0.0233184
5L9B-C-A	Negative	0.939846	0.0601536
5LUZ-C-A	Positive	0.162749	0.837251
5LUZ-P-A	Negative	0.619883	0.380117
5LUZ-D-B	Positive	0.315475	0.684525
5FQ8-Q-C	Positive	0.137978	0.862022
5WSH-C-A	Positive	0.165356	0.834644
5LXI-C-D	Negative	0.994451	0.0055494
5LXI-E-B	Negative	0.992233	0.00776748
5C56-B-A	Negative	0.630528	0.369472
5C0A-C-A	Negative	0.962229	0.0377711
5C0A-H-F	Negative	0.962229	0.0377711
5MK3-E-A	Positive	0.447302	0.552698
5MK3-G-C	Positive	0.229479	0.770521
5MLO-B-A	Negative	0.987831	0.0121691
5MLO-D-C	Negative	0.995099	0.00490087
5MLO-F-E	Negative	0.983621	0.0163787
5NC7-I-A	Negative	0.876486	0.123514
5NC7-W-A	Negative	0.500155	0.499845
5NC7-X-B	Negative	0.70611	0.29389
5NC7-Y-C	Positive	0.338497	0.661503
5JEM-C-A	Negative	0.975423	0.0245767
5YBE-B-A	Negative	0.978053	0.0219466
5IMQ-1-e	Negative	0.500002	0.499998
5IMQ-y-p	Negative	0.970065	0.0299347
5IMQ-x-z	Negative	0.788623	0.211377
5GN0-E-A	Negative	0.881269	0.118731
5GN0-F-A	Positive	0.366332	0.633668
5GN0-G-B	Negative	0.966967	0.0330325
5HYQ-E-A	Negative	0.682392	0.317608
5KN5-C-A	Negative	0.934193	0.0658068
5KN5-F-B	Negative	0.895369	0.104631
5HM1-D-A	Negative	0.932632	0.0673677
5W4S-B-A	Negative	0.883329	0.116671
5YY9-C-A	Positive	0.165305	0.834695
5YY9-D-A	Positive	0.499848	0.500152
5MCO-B-A	Negative	0.910854	0.0891465
5ZGB-J-A	Negative	0.979989	0.0200106
5EOC-P-H	Negative	0.701666	0.298334
5E8O-C-A	Positive	0.429429	0.570571
5DRZ-P-L	Negative	0.823904	0.176096
5CZI-B-A	Positive	0.452779	0.547221
5OO6-C-A	Positive	0.170385	0.829615
5OO6-U-D	Negative	0.686829	0.313171
5OO6-I-G	Positive	0.216841	0.783159
5VBC-D-A	Negative	0.813105	0.186895
5VYP-K-U	Negative	0.991509	0.0084911
5HFB-B-A	Negative	0.948567	0.0514326
5VZY-A-H	Negative	0.963579	0.036421
5ODT-B-A	Negative	0.98054	0.0194598
5B66-I-A	Negative	0.709447	0.290553
5B66-J-A	Positive	0.248883	0.751117
5B66-M-A	Negative	0.885266	0.114734
5B66-T-A	Positive	0.0803837	0.919616
5B66-j-a	Positive	0.368226	0.631774
5V2C-F-A	Negative	0.790972	0.209028
5V2C-I-A	Negative	0.72627	0.27373
5V2C-J-A	Positive	0.300206	0.699794
5V2C-T-A	Positive	0.130328	0.869672
5V2C-Y-C	Negative	0.934873	0.0651265
5V2C-f-a	Negative	0.653113	0.346887
5V2C-j-a	Positive	0.300206	0.699794
5T5P-a-A	Negative	0.832589	0.167411
5T5P-b-B	Negative	0.743811	0.256189
5L0S-B-A	Negative	0.996016	0.00398407
5GMK-G-A	Negative	0.984229	0.0157708
5FBY-B-A	Negative	0.986101	0.0138988
5M5V-E-A	Positive	0.490092	0.509908
5M5V-G-A	Negative	0.930481	0.0695193
5M5V-I-A	Negative	0.964004	0.0359957
5IJK-X-A	Negative	0.971323	0.0286769
5IJK-Y-B	Negative	0.995532	0.00446842
5KD7-P-A	Positive	0.0316569	0.968343
5GPI-G-H	Negative	0.977415	0.0225854
5MB9-D-A	Positive	0.385393	0.614607
5MB9-C-B	Negative	0.560389	0.439611
5GJH-B-A	Negative	0.781237	0.218763
5WMR-C-A	Negative	0.928942	0.0710582
5FC3-A-B	Positive	0.330737	0.669263
5VX3-B-A	Negative	0.609749	0.390251
5VX3-D-A	Positive	0.390658	0.609342
5VX3-F-E	Positive	0.390658	0.609342
5VX3-H-G	Positive	0.270586	0.729414
5DI9-D-C	Negative	0.673024	0.326976
5JEL-B-A	Negative	0.987011	0.012989
5AF6-G-A	Negative	0.722918	0.277082
5AF6-H-A	Negative	0.551899	0.448101
5AF6-J-B	Negative	0.947996	0.0520042
5DZK-O-A	Negative	0.942554	0.0574462
5L9T-M-C	Negative	0.990127	0.0098731
5OTT-B-A	Negative	0.599594	0.400406
5FFV-C-A	Negative	0.917886	0.0821138
5G5L-L-B	Negative	0.948954	0.0510465
5IUE-K-A	Positive	0.452596	0.547404
5IUE-N-I	Negative	0.554925	0.445075
5OSN-D-A	Negative	0.991036	0.00896436
5ONQ-B-A	Negative	0.928832	0.071168
5MW0-C-A	Negative	0.943317	0.0566834
5UFS-C-A	Positive	0.427636	0.572364
5EU5-C-A	Positive	0.153028	0.846972
5VAQ-C-A	Negative	0.522078	0.477922
5OX2-P-A	Positive	0.1171	0.8829
5YF4-B-A	Negative	0.979806	0.0201935
5V6Y-E-A	Negative	0.711717	0.288283
5V6Y-G-C	Positive	0.384902	0.615098
5TDD-B-A	Positive	0.101677	0.898323
5HL0-B-A	Positive	0.351503	0.648497
5V6L-P-L	Positive	0.117997	0.882003
5V6L-Q-M	Negative	0.56176	0.43824
5JJM-M-A	Positive	0.0578738	0.942126
5JJM-G-A	Negative	0.976519	0.0234812
5JJM-H-B	Negative	0.86208	0.13792
5NQV-E-A	Positive	0.318114	0.681886
5NQV-G-C	Negative	0.722426	0.277574
5NQV-H-D	Positive	0.136141	0.863859
5XCV-C-A	Positive	0.351508	0.648492
5XCV-F-D	Positive	0.332855	0.667145
5J9S-B-A	Positive	0.346032	0.653968
5D13-E-A	Negative	0.925089	0.0749108
5T6J-C-A	Negative	0.945131	0.0548694
5F1I-C-A	Negative	0.945779	0.0542207
5FN4-G-A	Positive	0.134664	0.865336
5WRM-P-A	Positive	0.116596	0.883404
5WJC-B-A	Negative	0.65206	0.34794
5LY1-E-C	Positive	0.0141425	0.985857
5W4F-A-B	Positive	0.125803	0.874197
5W4F-D-B	Positive	0.482218	0.517782
5V2P-B-A	Negative	0.945997	0.0540031
5Y88-R-A	Negative	0.88063	0.11937
5IZ8-C-A	Negative	0.577179	0.422821
5VWV-B-A	Positive	0.393435	0.606565
5NX3-D-A	Positive	0.00976843	0.990232
5WPL-I-A	Negative	0.753505	0.246495
5WPL-L-D	Negative	0.873886	0.126114
5O3W-W-A	Positive	0.33576	0.66424
5O3W-Z-D	Positive	0.154322	0.845678
5EPM-C-A	Negative	0.98057	0.0194295
5QU2-D-A	Negative	0.927638	0.0723621
5QU2-E-B	Negative	0.927638	0.0723621
5IZ0-C-A	Negative	0.869648	0.130352
5IZ0-H-D	Positive	0.0517112	0.948289
5MT7-B-A	Positive	0.0461822	0.953818
5UWU-D-C	Negative	0.616704	0.383296
5HAX-B-A	Negative	0.931402	0.0685983
5EU6-C-A	Positive	0.473347	0.526653
5X08-P-H	Positive	0.478355	0.521645
5M5R-C-A	Negative	0.931872	0.0681283
5M5R-D-A	Negative	0.883438	0.116562
5M72-B-A	Negative	0.985601	0.0143989
5Y81-E-D	Negative	0.811093	0.188907
5GJI-B-A	Negative	0.781237	0.218763
5HYP-B-A	Negative	0.924607	0.0753932
5IBK-B-A	Negative	0.933924	0.0660762
5IBK-E-A	Negative	0.919055	0.0809455
5H2V-B-A	Negative	0.950294	0.0497055
5XGL-F-A	Negative	0.974362	0.0256383
5L3G-C-A	Negative	0.942554	0.0574462
5GMY-B-A	Positive	0.46419	0.53581
5ONR-B-A	Positive	0.199671	0.800329
5MSM-C-A	Negative	0.8593	0.1407
5MSM-F-A	Positive	0.425219	0.574781
5VNH-D-B	Negative	0.862333	0.137667
5KSV-C-A	Negative	0.970695	0.0293046
5GSD-C-A	Negative	0.99842	0.00158032
5OOQ-C-A	Positive	0.291186	0.708814
5OOQ-D-B	Negative	0.980243	0.0197571
5KD4-P-A	Positive	0.0958017	0.904198
5KY2-B-A	Negative	0.996169	0.00383144
5FB0-D-A	Negative	0.67571	0.32429
5M5S-G-A	Negative	0.982668	0.0173323
5MW9-C-A	Negative	0.989934	0.0100662
5MW9-D-A	Negative	0.988131	0.0118691
5NP6-C-c	Positive	0.473912	0.526088
5HCE-D-B	Negative	0.905047	0.094953
5VAO-E-B	Negative	0.988521	0.0114786
5V2Q-B-A	Negative	0.978634	0.0213656
5KAI-J-A	Positive	0.248883	0.751117
5KAI-T-A	Positive	0.130328	0.869672
5KAI-j-a	Positive	0.248883	0.751117
5A31-T-A	Negative	0.970125	0.0298747
5A31-V-L	Negative	0.800323	0.199677
5E33-B-A	Positive	0.149542	0.850458
5WRD-C-A	Negative	0.987676	0.0123236
5MTW-E-C	Positive	0.340679	0.659321
5ABY-B-A	Negative	0.949694	0.0503059
5ABY-F-C	Negative	0.929236	0.0707642
5E79-I-A	Negative	0.710269	0.289731
5OA1-9-U	Positive	0.117692	0.882308
5OA1-1-V	Positive	0.134989	0.865011
5OA1-4-W	Positive	0.149238	0.850762
5XS3-C-A	Negative	0.888671	0.111329
5ZK5-B-A	Negative	0.988814	0.0111859
5HIT-B-A	Negative	0.859678	0.140322
5FC2-A-B	Negative	0.824171	0.175829
5WRK-P-A	Negative	0.817986	0.182014
5C0E-C-A	Positive	0.253166	0.746834
5V6E-B-A	Negative	0.981976	0.0180237
5SWF-B-A	Negative	0.986891	0.0131085
5H7G-C-A	Positive	0.0402904	0.95971
5ESQ-E-A	Negative	0.86139	0.13861
5XUP-D-B	Negative	0.782034	0.217966
5JHQ-E-A	Negative	0.690975	0.309025
5JHQ-F-A	Negative	0.579511	0.420489
5JHQ-G-B	Negative	0.945171	0.0548295
5JHQ-H-B	Negative	0.753372	0.246628
5JHQ-L-D	Negative	0.640476	0.359524
5X8N-B-A	Negative	0.809501	0.190499
5R4B-A-B	Negative	0.950666	0.0493341
5KHU-B-N	Negative	0.967333	0.0326667
5KHU-M-P	Negative	0.98688	0.0131195
5KHU-U-S	Negative	0.654903	0.345097
5WE0-B-A	Negative	0.94779	0.0522101
5WE0-C-A	Negative	0.973951	0.0260494
5WE0-E-D	Negative	0.985278	0.0147219
5WE0-F-D	Negative	0.956726	0.043274
5WE0-I-D	Negative	0.989526	0.0104742
5Y2F-C-A	Positive	0.490574	0.509426
5BK0-E-A	Negative	0.576323	0.423677
5WN9-A-H	Negative	0.829983	0.170017
5JHF-G-C	Negative	0.991181	0.0088187
5JHF-I-C	Negative	0.783905	0.216095
5O5J-g-M	Negative	0.54921	0.45079
5LU1-C-A	Positive	0.382701	0.617299
5AM8-P-A	Positive	0.0566048	0.943395
5WOU-V-A	Negative	0.871746	0.128254
5G04-S-L	Positive	0.449195	0.550805
5U1M-B-A	Positive	0.0427129	0.957287
5MFJ-C-A	Negative	0.820534	0.179466
5NL1-H-A	Negative	0.961152	0.0388475
5NL1-J-A	Negative	0.963731	0.0362687
5NL1-K-A	Negative	0.974737	0.0252626
5NL1-L-E	Negative	0.81711	0.18289
5F0P-D-B	Negative	0.872708	0.127292
5UUK-B-A	Negative	0.900728	0.0992717
5HYT-A-B	Negative	0.969628	0.0303723
5HYT-C-B	Negative	0.969365	0.0306349
5ZJI-J-2	Negative	0.973869	0.0261309
5GLH-B-A	Negative	0.996368	0.00363204
5JTP-E-A	Negative	0.968672	0.031328
5V8Z-B-A	Negative	0.716168	0.283832
5TQC-B-A	Negative	0.929289	0.0707108
5WBH-W-C	Negative	0.983479	0.0165213
5FOT-C-A	Positive	0.0982458	0.901754
5LSK-P-A	Negative	0.921364	0.0786361
5OJR-E-A	Negative	0.6812	0.3188
5OJR-F-B	Negative	0.59043	0.40957
5X94-L-A	Negative	0.969939	0.0300614
5X94-N-A	Negative	0.956973	0.0430269
5X94-M-B	Negative	0.550215	0.449785
5X94-O-B	Negative	0.914734	0.0852663
5LMF-C-A	Negative	0.992353	0.00764734
5AJO-B-A	Positive	0.226703	0.773297
5D2D-C-A	Negative	0.927136	0.0728643
5XVW-D-A	Positive	0.119304	0.880696
5XVW-F-C	Positive	0.356292	0.643708
5DWQ-F-A	Negative	0.918201	0.0817994
5DWQ-G-C	Negative	0.904962	0.0950383
5U4J-c-e	Negative	0.878501	0.121499
5GRQ-C-A	Negative	0.94855	0.0514498
5GRQ-D-B	Negative	0.97462	0.02538
5M3H-X-A	Positive	0.117964	0.882036
5M3H-Y-A	Positive	0.0952971	0.904703
5H17-B-A	Negative	0.990465	0.00953499
5KTB-C-A	Negative	0.846357	0.153643
5MU0-Q-A	Positive	0.402661	0.597339
5MU0-V-B	Positive	0.402661	0.597339
5VAY-E-A	Negative	0.992829	0.00717125
5VAY-G-A	Negative	0.98104	0.0189602
5VAY-H-D	Negative	0.99102	0.00898023
5YMV-C-A	Positive	0.231676	0.768324
5MDW-6-7	Negative	0.528568	0.471432
5WHH-B-A	Negative	0.96305	0.0369503
5E8F-D-A	Positive	0.0947161	0.905284
5IOH-B-A	Negative	0.834313	0.165687
5IOH-D-A	Negative	0.669935	0.330065
5LV0-C-A	Positive	0.442974	0.557026
5UWI-D-C	Negative	0.92057	0.0794302
5FDW-C-A	Negative	0.985943	0.0140566
5JY0-B-A	Negative	0.647222	0.352778
5UUL-B-A	Positive	0.251371	0.748629
5FVL-C-A	Negative	0.934586	0.0654142
5FVL-D-A	Negative	0.963085	0.0369154
5GTI-f-a	Positive	0.49805	0.50195
5Y1U-D-A	Negative	0.938958	0.0610417
5Y1U-C-B	Negative	0.938958	0.0610417
5E50-C-A	Negative	0.561092	0.438908
5FW5-C-A	Positive	0.146341	0.853659
5MK2-C-A	Negative	0.86896	0.13104
5CX3-E-A	Negative	0.997132	0.00286785
5CX3-F-B	Negative	0.778881	0.221119
5CX3-H-D	Negative	0.983106	0.0168942
5LAX-E-A	Positive	0.155795	0.844205
5B78-B-A	Negative	0.881061	0.118939
5KY4-B-A	Negative	0.987663	0.0123371
5M9D-B-A	Positive	0.0589942	0.941006
5FMK-B-A	Negative	0.99008	0.00991997
5DMG-P-H	Negative	0.89372	0.10628
5DMG-Z-C	Negative	0.709815	0.290185
5DMG-X-E	Negative	0.963678	0.0363218
5BWN-B-A	Negative	0.897605	0.102395
5E0L-C-A	Negative	0.637266	0.362734
5OHG-C-A	Negative	0.922643	0.0773574
5OHG-J-B	Negative	0.967649	0.0323509
5HTC-C-A	Negative	0.639702	0.360298
5E3C-B-A	Positive	0.278581	0.721419
5MJY-E-A	Negative	0.988524	0.0114763
5BWO-B-A	Negative	0.919816	0.080184
5WLB-B-A	Negative	0.841922	0.158078
5WLB-C-A	Positive	0.479311	0.520689
5WLB-E-D	Negative	0.849178	0.150822
5WLB-F-D	Positive	0.224195	0.775805
5KNM-N-A	Negative	0.621568	0.378432
5MXO-P-A	Negative	0.953596	0.0464043
5D94-B-A	Negative	0.986022	0.0139781
5C1B-U-A	Negative	0.688009	0.311991
5C1B-V-D	Positive	0.282554	0.717446
5H2W-B-A	Negative	0.987845	0.0121554
5N7X-D-A	Negative	0.955311	0.0446889
5K8Q-B-A	Negative	0.975662	0.0243382
5KXH-B-A	Negative	0.996438	0.00356162
5J3Q-B-A	Negative	0.997882	0.00211752
5J3Q-D-C	Negative	0.876003	0.123997
5WXF-P-U	Negative	0.733874	0.266126
5OAQ-L-A	Negative	0.988689	0.0113105
5E00-C-A	Positive	0.352099	0.647901
5M9E-E-A	Negative	0.94894	0.0510605
5M9E-F-A	Negative	0.957916	0.0420843
5M9E-H-A	Negative	0.992093	0.00790723
5M9E-G-C	Negative	0.980503	0.0194971
5IZ2-Z-B	Positive	0.299615	0.700385
5I22-B-A	Negative	0.958725	0.0412748
5XFQ-E-A	Positive	0.178717	0.821283
5TXS-C-A	Negative	0.588587	0.411413
5FMJ-B-A	Negative	0.792271	0.207729
5AX3-B-A	Positive	0.334691	0.665309
5FZT-B-A	Negative	0.979145	0.0208545
5AD0-C-A	Positive	0.414436	0.585564
5LM1-B-A	Negative	0.998932	0.00106812
5AMB-P-A	Negative	0.533478	0.466522
5L0U-B-A	Negative	0.95603	0.0439697
5OT7-b-d	Negative	0.73527	0.26473
5OT7-c-y	Negative	0.970132	0.029868
5YQZ-P-R	Negative	0.959753	0.0402468
5EEL-M-A	Positive	0.155699	0.844301
5EEL-P-C	Positive	0.155699	0.844301
5HHG-C-E	Negative	0.950045	0.0499551
5IXQ-B-A	Negative	0.988006	0.0119943
5HYX-A-B	Negative	0.97747	0.0225304
5INB-B-A	Negative	0.85814	0.14186
5I25-B-A	Negative	0.959278	0.0407216
5UY9-B-A	Negative	0.754348	0.245652
5T5J-b-B	Negative	0.862333	0.137667
5CZH-B-A	Negative	0.953689	0.0463113
5WE2-B-A	Negative	0.988228	0.0117724
5WE2-D-C	Negative	0.985278	0.0147219
5WE2-F-C	Negative	0.953448	0.0465524
5XNL-F-A	Negative	0.729522	0.270478
5XNL-I-A	Negative	0.601589	0.398411
5XNL-J-A	Positive	0.188142	0.811858
5XNL-M-A	Negative	0.948944	0.0510558
5XNL-T-A	Negative	0.933138	0.0668616
5XNL-X-B	Negative	0.960816	0.0391844
5OCY-C-H	Negative	0.861468	0.138532
5E2W-P-L	Negative	0.840953	0.159047
5NCT-C-A	Negative	0.921306	0.0786942
5MTF-C-A	Negative	0.81103	0.18897
5T48-B-A	Negative	0.995332	0.00466795
5FA4-C-A	Negative	0.954936	0.0450641
5DAH-D-A	Positive	0.445116	0.554884
5YLX-C-A	Negative	0.966294	0.033706
5KSB-J-A	Negative	0.960793	0.0392073
5O76-B-A	Negative	0.724295	0.275705
5E1D-D-A	Positive	0.0821829	0.917817
5F5V-C-A	Negative	0.976994	0.0230057
5U5F-D-A	Positive	0.197512	0.802488
5EXA-D-A	Negative	0.854312	0.145688
5CSF-C-A	Positive	0.41678	0.58322
5IZU-B-A	Negative	0.996443	0.00355716
5XYM-1-3	Negative	0.856644	0.143356
5XYM-H-X	Negative	0.851947	0.148053
5AGW-C-A	Positive	0.0497085	0.950292
5W8F-B-A	Negative	0.664879	0.335121
5E8P-C-A	Negative	0.619147	0.380853
5K3Y-D-A	Negative	0.746553	0.253447
5TUV-C-A	Negative	0.981416	0.018584
5TUV-F-D	Negative	0.978765	0.0212347
5FML-A-B	Negative	0.988412	0.0115882
5OAV-D-A	Negative	0.9321	0.0678997
5NNG-B-A	Positive	0.113435	0.886565
5JP4-B-A	Negative	0.992927	0.00707319
5ZQG-C-A	Positive	0.424265	0.575735
5U5R-B-A	Negative	0.983122	0.0168785
5TQS-E-A	Negative	0.522691	0.477309
5TQS-F-A	Positive	0.430278	0.569722
5TQS-G-C	Positive	0.260279	0.739721
5TQS-H-D	Positive	0.324101	0.675899
5JNB-E-A	Positive	0.361967	0.638033
5JNB-G-A	Positive	0.116329	0.883671
5JNB-H-B	Positive	0.048313	0.951687
5IR6-C-A	Positive	0.312309	0.687691
5EIV-C-A	Negative	0.807938	0.192062
5EIV-D-A	Negative	0.744959	0.255041
5EIV-F-A	Negative	0.807938	0.192062
5EIV-I-A	Positive	0.288332	0.711668
5EIV-K-A	Positive	0.288332	0.711668
5V1A-B-A	Negative	0.62112	0.37888
5F8Z-B-A	Negative	0.893209	0.106791
5ZVM-a-A	Negative	0.958982	0.0410176
5ZVM-c-A	Negative	0.977077	0.0229228
5ZVM-b-B	Negative	0.979607	0.0203926
5W0K-X-A	Negative	0.970889	0.0291109
5W0K-Y-C	Negative	0.966137	0.0338629
5DDH-C-A	Negative	0.71473	0.28527
5WQL-G-C	Positive	0.263813	0.736187
5OM2-B-A	Positive	0.16989	0.83011
5N32-B-A	Negative	0.556335	0.443665
5VA9-C-A	Positive	0.0626748	0.937325
5Q13-B-A	Negative	0.879469	0.120531
5H9B-B-A	Positive	0.479626	0.520374
5GSB-C-A	Positive	0.387685	0.612315
5W2J-F-B	Positive	0.210255	0.789745
5H5S-B-A	Negative	0.963643	0.0363571
5M36-C-A	Negative	0.981913	0.0180873
5M36-D-A	Negative	0.953142	0.0468577
5OWU-B-A	Negative	0.854361	0.145639
5XNM-J-A	Positive	0.103632	0.896368
5YGD-D-A	Negative	0.98076	0.0192402
5U5M-D-A	Positive	0.368033	0.631967
5F5T-D-A	Negative	0.977105	0.0228945
5UXX-B-A	Negative	0.919099	0.0809011
5UXX-D-A	Negative	0.93419	0.0658102
5ZWN-x-R	Positive	0.134664	0.865336
5ZWN-X-T	Negative	0.972722	0.0272775
5UML-C-A	Positive	0.0861193	0.913881
5ET1-C-A	Negative	0.886467	0.113533
5ET1-D-B	Negative	0.886467	0.113533
5CQ2-B-A	Negative	0.978714	0.021286
5CQ2-C-A	Negative	0.978714	0.021286
5N8W-D-A	Positive	0.217616	0.782384
5FPX-E-A	Positive	0.425177	0.574823
5FPX-F-B	Positive	0.417821	0.582179
5NE4-4-1	Negative	0.705864	0.294136
5A2I-P-H	Positive	0.15406	0.84594
5DMV-D-C	Positive	0.438672	0.561328
5FBZ-E-A	Negative	0.975243	0.0247567
5CWS-F-B	Negative	0.928753	0.0712466
5FUR-L-I	Positive	0.110119	0.889881
5MOC-P-A	Negative	0.649167	0.350833
5YW1-A-B	Negative	0.922284	0.0777158
5HCC-D-B	Negative	0.56406	0.43594
5VWZ-B-A	Negative	0.729424	0.270576
5VWZ-D-A	Negative	0.729424	0.270576
5ZNR-P-A	Negative	0.978472	0.0215284
5YV5-B-A	Negative	0.817507	0.182493
5GXW-B-A	Negative	0.653926	0.346074
5LI0-8-H	Negative	0.96349	0.0365105
5TED-H-A	Positive	0.369605	0.630395
5BXO-C-A	Positive	0.0978169	0.902183
5O9T-C-A	Positive	0.137829	0.862171
5X54-C-A	Positive	0.498091	0.501909
5TZP-B-A	Negative	0.961412	0.0385878
5DIF-D-C	Negative	0.987586	0.0124141
5V90-D-C	Negative	0.965651	0.0343491
5V90-B-A	Negative	0.979565	0.0204349
5OVC-B-A	Negative	0.706098	0.293902
5UA5-B-A	Negative	0.977923	0.0220773
5XYW-B-A	Negative	0.976799	0.0232012
5XYW-C-A	Negative	0.812173	0.187827
5XYW-D-A	Negative	0.906411	0.0935887
5U1Q-L-A	Positive	0.199739	0.800261
5U1Q-M-B	Positive	0.199739	0.800261
5NC2-I-A	Positive	0.391486	0.608514
5NC2-J-B	Negative	0.916826	0.0831738
5H2F-J-A	Positive	0.248883	0.751117
5H2F-L-A	Negative	0.969966	0.0300341
5H2F-f-a	Positive	0.49805	0.50195
5H2F-j-a	Positive	0.368226	0.631774
5F74-B-A	Negative	0.934942	0.065058
5U3M-A-H	Negative	0.630567	0.369433
5LSJ-P-A	Positive	0.297645	0.702355
5LSJ-Q-C	Negative	0.583664	0.416336
5YVY-A-B	Negative	0.8781	0.1219
5ZT0-G-A	Negative	0.839125	0.160875
5Q0P-D-C	Negative	0.981666	0.0183341
5XWJ-C-A	Positive	0.182637	0.817363
5N5W-P-A	Negative	0.784388	0.215612
5DX8-E-A	Negative	0.55699	0.44301
5DX8-H-A	Positive	0.058158	0.941842
5DX8-F-B	Positive	0.47163	0.52837
5DX8-G-C	Positive	0.150825	0.849175
5FOX-C-A	Positive	0.0992356	0.900764
5C5R-C-A	Negative	0.979959	0.0200409
5ZOB-I-B	Negative	0.858278	0.141722
5BUO-B-A	Positive	0.424399	0.575601
5IOK-C-A	Positive	0.129695	0.870305
5M61-E-A	Negative	0.993616	0.00638392
5M61-G-A	Negative	0.990114	0.00988638
5JBH-Y-3	Negative	0.904519	0.0954815
5JBH-0-M	Positive	0.299029	0.700971
5VA6-C-A	Negative	0.565111	0.434889
5VK0-B-A	Positive	0.460234	0.539766
5VK0-X-E	Positive	0.460234	0.539766
5W93-E-B	Negative	0.872733	0.127268
5IVZ-E-A	Negative	0.751944	0.248056
5T46-B-A	Negative	0.883626	0.116374
5T46-D-A	Negative	0.929666	0.0703344
5D6Y-a-A	Negative	0.578758	0.421243
5D6Y-d-A	Positive	0.189809	0.810191
5E8D-A-H	Negative	0.966441	0.033559
5WHE-F-A	Negative	0.873886	0.126114
5YD5-B-A	Positive	0.0567637	0.943236
5HEB-B-A	Negative	0.839098	0.160902
5Z8H-B-A	Negative	0.826273	0.173727
5W7Y-D-A	Negative	0.529912	0.470087
5EFW-C-A	Negative	0.968689	0.0313111
5TDA-B-A	Positive	0.258002	0.741998
5WWO-C-A	Negative	0.637121	0.362879
5Y53-D-A	Negative	0.758064	0.241936
5Y53-F-C	Negative	0.934919	0.065081
5WZZ-G-A	Negative	0.988293	0.0117073
5WZZ-F-B	Negative	0.980819	0.0191814
5WZZ-E-C	Negative	0.974859	0.0251406
5XLN-B-A	Negative	0.867808	0.132192
5HKH-B-A	Negative	0.887896	0.112104
5DAI-B-A	Negative	0.641062	0.358938
5NJ9-E-A	Negative	0.559612	0.440388
5O4Y-D-B	Positive	0.008169	0.991831
5FJW-L-A	Positive	0.471039	0.528961
5V1Y-E-A	Negative	0.988265	0.0117352
5O5M-C-A	Negative	0.901537	0.0984629
5DIY-P-A	Positive	0.239675	0.760325
5SUP-H-A	Negative	0.985384	0.0146164
5SUP-I-C	Negative	0.995479	0.00452091
5JA5-B-A	Negative	0.97162	0.0283798
5R1R-D-A	Negative	0.922142	0.0778576
5DK2-D-E	Negative	0.758402	0.241598
5LUP-L-E	Negative	0.965856	0.0341438
5D2A-C-A	Positive	0.424887	0.575113
5PAD-I-A	Positive	0.494696	0.505304
5EG2-B-A	Negative	0.813414	0.186586
5G4C-F-A	Positive	0.108754	0.891246
5B76-B-A	Negative	0.92711	0.0728896
5SGA-P-E	Positive	0.39747	0.60253
5VVT-B-A	Negative	0.95494	0.0450604
5VVT-D-A	Negative	0.871792	0.128208
5T5H-q-X	Negative	0.84005	0.15995
5OSI-C-A	Negative	0.977757	0.0222428
5OSI-F-D	Negative	0.961331	0.0386687
5F7D-C-A	Negative	0.775154	0.224846
5I8X-E-B	Negative	0.998895	0.00110507
5KSA-J-A	Negative	0.978919	0.0210807
5GMI-C-A	Negative	0.921154	0.0788461
5ZS6-U-A	Negative	0.898973	0.101027
5YPF-C-A	Negative	0.548099	0.451901
5CIU-C-A	Negative	0.909142	0.090858
5TH2-E-A	Negative	0.500004	0.499996
5FRS-C-A	Negative	0.611153	0.388847
5TBD-I-E	Negative	0.872702	0.127298
5LI1-B-A	Positive	0.0925552	0.907445
5OKD-I-A	Negative	0.942401	0.0575993
5ND8-u-k	Negative	0.894044	0.105956
5ND8-4-Q	Negative	0.986866	0.0131341
5BS7-F-B	Negative	0.913691	0.0863085
5JJY-B-A	Negative	0.840983	0.159017
5WMQ-C-A	Positive	0.206087	0.793913
5C0J-C-A	Positive	0.478915	0.521085
5TWG-E-A	Negative	0.863703	0.136297
5WOB-b-B	Negative	0.957981	0.0420185
5WOB-d-D	Negative	0.739612	0.260388
5WOB-e-E	Negative	0.823956	0.176044
5WOB-f-F	Negative	0.953541	0.0464593
5WOB-g-G	Negative	0.994632	0.00536843
5WOB-h-H	Negative	0.951346	0.0486543
5LZP-X-0	Negative	0.985486	0.0145142
5VHS-e-V	Negative	0.699789	0.300211
5V5O-A-C	Negative	0.643865	0.356135
5V5O-B-C	Negative	0.738514	0.261486
5NNP-C-A	Negative	0.848506	0.151494
5NNP-I-A	Positive	0.38437	0.61563
5NNP-G-E	Negative	0.848506	0.151494
5DRV-B-A	Positive	0.0322672	0.967733
5IM7-E-A	Negative	0.996783	0.00321653
5VQI-A-B	Negative	0.967953	0.032047
5VQI-C-B	Negative	0.935502	0.0644976
5BNP-D-A	Negative	0.988541	0.0114589
5DN2-G-A	Negative	0.639122	0.360878
5DN2-E-C	Positive	0.396234	0.603766
5UWH-D-C	Negative	0.707362	0.292638
5I4R-C-D	Negative	0.780095	0.219905
5I4R-G-H	Negative	0.819491	0.180509
5ZVW-B-A	Negative	0.876535	0.123465
5VK1-B-A	Positive	0.495863	0.504137
5VK1-F-E	Negative	0.945072	0.0549277
5VK1-H-G	Negative	0.64323	0.35677
5EHH-B-A	Negative	0.734293	0.265707
5ZML-B-A	Negative	0.961297	0.0387027
5W1W-C-A	Negative	0.776777	0.223223
5N1K-B-A	Negative	0.908333	0.0916672
5ZV3-A-H	Negative	0.794624	0.205376
5GJ4-A-B	Negative	0.889452	0.110548
5YT6-F-E	Negative	0.95259	0.04741
5YT6-D-A	Negative	0.956695	0.0433048
5YT6-H-G	Negative	0.9862	0.0138001
5NWM-B-A	Positive	0.370263	0.629737
5OM3-B-A	Positive	0.248485	0.751515
5M0J-J-D	Negative	0.94704	0.0529601
5M0J-I-D	Negative	0.932684	0.0673157
5M0J-G-B	Negative	0.977072	0.0229278
5M0J-H-B	Negative	0.958838	0.0411616
5ZK9-B-A	Negative	0.894247	0.105753
5A0R-D-A	Negative	0.715002	0.284998
5WMN-E-A	Negative	0.988588	0.0114116
5DJQ-N-A	Positive	0.319489	0.680511
5SZC-H-A	Positive	0.0928588	0.907141
5BTR-D-A	Negative	0.542559	0.457441
5MER-C-A	Negative	0.715325	0.284675
5MER-F-D	Negative	0.715325	0.284675
5XN3-B-A	Negative	0.891851	0.108149
5LYN-D-A	Negative	0.976557	0.0234432
5MMJ-0-m	Negative	0.883098	0.116902
5YBA-B-A	Positive	0.277962	0.722038
5YBA-D-C	Negative	0.518231	0.481769
5KHR-M-F	Negative	0.990133	0.00986743
5XIU-A-B	Negative	0.984437	0.0155635
5LJN-C-A	Positive	0.329468	0.670532
5LJN-D-A	Positive	0.0978998	0.9021
5DE2-C-A	Negative	0.756418	0.243582
5DE2-D-B	Positive	0.378431	0.621569
5B56-C-A	Negative	0.836567	0.163433
5GSR-P-A	Positive	0.20948	0.79052
5CWW-C-B	Negative	0.58521	0.41479
5IXF-B-A	Positive	0.452719	0.547281
5H1S-a-H	Negative	0.987297	0.012703
5SWQ-C-A	Positive	0.471986	0.528014
5WGG-B-A	Negative	0.517396	0.482604
5MV3-X-A	Negative	0.935037	0.0649635
5MV3-E-C	Negative	0.791255	0.208745
5MV3-Q-D	Negative	0.791255	0.208745
5MV3-K-I	Negative	0.660534	0.339466
5VMO-B-A	Negative	0.640831	0.359169
5EMA-B-A	Negative	0.808057	0.191943
5XJM-B-A	Positive	0.357029	0.642971
5N10-C-A	Positive	0.0527727	0.947227
5H5R-B-A	Positive	0.024029	0.975971
5GJX-C-A	Negative	0.956726	0.0432744
5KWN-U-A	Negative	0.752373	0.247627
5T6Y-C-A	Negative	0.997708	0.00229152
5WBJ-T-A	Negative	0.981492	0.0185082
5V1U-E-A	Negative	0.903245	0.0967546
5V1U-G-A	Negative	0.959879	0.0401211
5V1U-F-B	Negative	0.97429	0.0257101
5V1U-H-B	Negative	0.864838	0.135162
5N7D-C-A	Negative	0.948983	0.0510166
5OQT-C-A	Negative	0.683846	0.316154
5EZ0-E-A	Negative	0.98693	0.0130696
5EZ0-G-A	Negative	0.980985	0.0190145
5EZ0-H-D	Negative	0.980985	0.0190145
5JLZ-E-A	Positive	0.286969	0.713031
5W5S-D-A	Positive	0.11582	0.88418
5XY9-C-A	Negative	0.859509	0.140491
5JLB-B-A	Negative	0.971776	0.0282245
5FG8-B-A	Negative	0.663297	0.336703
5V5P-A-C	Negative	0.724006	0.275994
5IQO-B-A	Negative	0.586852	0.413148
5IQO-D-A	Negative	0.767218	0.232781
5VKO-B-A	Negative	0.9775	0.0224997
5UWR-D-C	Negative	0.691768	0.308232
5L85-B-A	Negative	0.797371	0.202629
5ME5-B-A	Negative	0.65861	0.34139
5M0I-J-D	Negative	0.737284	0.262716
5M0I-H-B	Negative	0.981341	0.0186594
5VNE-D-B	Negative	0.910261	0.089739
5OOB-Z-A	Positive	0.386739	0.613261
5OOB-E-C	Negative	0.885488	0.114512
5OOB-K-I	Negative	0.916203	0.0837972
5LZ6-B-A	Negative	0.948071	0.0519289
5XXE-C-A	Negative	0.921996	0.0780035
5UWQ-D-C	Negative	0.635898	0.364102
5MFE-E-A	Negative	0.803212	0.196789
5YYZ-B-A	Negative	0.849782	0.150218
5GTU-B-A	Negative	0.989123	0.0108771
5YZG-4-A	Positive	0.134664	0.865336
5HKY-B-A	Positive	0.131608	0.868392
5F8T-P-A	Negative	0.525389	0.474611
5VNJ-D-B	Positive	0.464845	0.535155
5LUT-I-G	Negative	0.981731	0.0182691
5LUT-J-H	Negative	0.976631	0.0233687
5L0Y-M-B	Negative	0.854161	0.145839
5L0Y-I-C	Negative	0.940517	0.0594828
5N3F-B-A	Negative	0.818807	0.181193
5N8B-E-A	Positive	0.0298305	0.97017
5WEZ-B-A	Negative	0.986556	0.0134439
5U1G-Z-D	Negative	0.937995	0.0620052
5U1G-K-D	Negative	0.998298	0.0017019
5U1G-Y-A	Negative	0.913736	0.0862644
5U1G-R-A	Negative	0.995011	0.00498935
5YYL-C-A	Negative	0.982469	0.0175308
5YYL-D-A	Negative	0.975846	0.0241536
5LGS-E-A	Negative	0.952445	0.047555
5LGS-F-A	Negative	0.997699	0.00230087
5H10-D-A	Positive	0.386178	0.613822
5H10-E-B	Positive	0.179059	0.820941
5H10-F-C	Negative	0.954034	0.0459661
5WET-P-A	Negative	0.546613	0.453387
5KY0-B-A	Negative	0.985418	0.0145822
5XOJ-D-C	Negative	0.892495	0.107505
5XOJ-E-C	Positive	0.0650514	0.934949
5XOJ-F-C	Positive	0.330649	0.669351
5XOJ-G-C	Negative	0.94322	0.05678
5C0C-C-A	Positive	0.478915	0.521085
5IG7-C-A	Negative	0.997048	0.00295193
5VIE-D-A	Negative	0.537394	0.462606
5WE1-D-A	Negative	0.949947	0.0500533
5WAS-B-A	Negative	0.768058	0.231942
5MV4-X-A	Positive	0.156261	0.843739
5MV4-H-F	Positive	0.043705	0.956295
5MV4-K-I	Positive	0.043705	0.956295
5MV4-N-L	Positive	0.156261	0.843739
5IV2-E-A	Negative	0.751944	0.248056
5MGX-C-E	Negative	0.850877	0.149123
5MGX-A-F	Negative	0.956618	0.0433822
5MGX-D-H	Negative	0.631813	0.368187
5MZM-C-A	Positive	0.478264	0.521736
5YCA-C-A	Negative	0.892971	0.107029
5VWX-B-A	Positive	0.236573	0.763427
5VWX-D-A	Positive	0.236573	0.763427
5TSV-D-A	Negative	0.889427	0.110573
5U6A-D-A	Positive	0.376552	0.623448
5VAU-E-A	Negative	0.989161	0.0108388
5VAU-G-A	Negative	0.994648	0.00535177
5VAU-F-B	Negative	0.991449	0.00855125
5BJT-P-A	Positive	0.254496	0.745504
5H6R-C-A	Negative	0.901189	0.0988108
5MBW-B-A	Negative	0.878987	0.121013
5ID1-F-A	Negative	0.897101	0.102899
5UWT-D-C	Negative	0.925383	0.0746165
5JZU-B-A	Negative	0.885573	0.114427
5F0M-D-B	Positive	0.366845	0.633155
5WRL-P-A	Negative	0.56143	0.43857
5GRG-C-A	Negative	0.931404	0.068596
5GRG-D-A	Negative	0.908877	0.091123
5N9P-C-B	Positive	0.314068	0.685932
5UWW-D-C	Positive	0.278656	0.721344
5MP3-C-H	Positive	0.287148	0.712852
5W6U-D-A	Negative	0.767292	0.232708
5YKW-B-A	Negative	0.979401	0.0205986
5VAB-F-A	Negative	0.642526	0.357474
5DBE-A-X	Positive	0.00553602	0.994464
5KEZ-B-A	Positive	0.37248	0.62752
5C5E-G-A	Negative	0.989992	0.0100079
5C5E-H-A	Negative	0.937162	0.0628377
5XA5-B-A	Negative	0.88513	0.11487
5X3S-C-B	Negative	0.748074	0.251926
5C07-C-A	Positive	0.253166	0.746834
5U3K-P-H	Positive	0.408232	0.591768
5U3K-C-H	Negative	0.781546	0.218454
5O5B-4-1	Positive	0.0242053	0.975795
5WWJ-E-A	Positive	0.0143041	0.985696
5WWJ-F-C	Positive	0.0133967	0.986603
5OKI-I-B	Negative	0.709057	0.290943
5EOQ-A-H	Negative	0.705394	0.294606
5YVW-A-B	Negative	0.808911	0.191089
5OM5-B-A	Positive	0.258402	0.741598
5O9V-C-A	Negative	0.97869	0.0213104
5DSC-Q-A	Positive	0.0457265	0.954274
5YAH-C-B	Negative	0.941456	0.0585443
5E8N-C-A	Negative	0.650393	0.349607
5TX1-1-A	Positive	0.0657862	0.934214
5TX1-2-A	Positive	0.0450469	0.954953
5TX1-3-D	Positive	0.0519001	0.9481
5TX1-O-N	Positive	0.143022	0.856978
5WXC-E-A	Positive	0.440452	0.559548
5V61-I-A	Negative	0.922199	0.0778012
5O9S-C-A	Negative	0.990981	0.00901851
5A8L-Z-Q	Negative	0.996764	0.00323637
5Y59-C-B	Negative	0.964581	0.0354185
5YRS-X-A	Positive	0.178034	0.821966
5CTT-B-A	Negative	0.980427	0.0195735
5XTB-W-B	Negative	0.982755	0.017245
5C6D-C-A	Negative	0.973973	0.0260269
5C6D-D-B	Negative	0.883954	0.116046
5AFW-B-A	Positive	0.462291	0.537709
5JTR-E-A	Negative	0.858412	0.141588
5Y7W-C-A	Negative	0.718222	0.281778
5Y9W-C-B	Negative	0.950974	0.0490262
5WGQ-F-A	Negative	0.850619	0.149381
5WGQ-E-B	Positive	0.194558	0.805442
5W6T-F-A	Negative	0.514278	0.485722
5EFT-A-B	Negative	0.967573	0.0324267
5YGF-D-A	Negative	0.915839	0.0841612
5OKC-I-A	Negative	0.787315	0.212685
5ZJZ-B-A	Negative	0.610789	0.389211
5AZ8-B-A	Positive	0.456588	0.543412
5NWY-s-R	Positive	0.168006	0.831994
5NWY-U-k	Negative	0.979692	0.0203082
5CVD-D-A	Positive	0.292098	0.707902
5CVD-E-B	Negative	0.55267	0.44733
5VVU-B-A	Positive	0.0337225	0.966278
5U2J-C-A	Positive	0.0930842	0.906916
5LDE-S-A	Negative	0.711521	0.288479
5HSZ-K-A	Negative	0.566038	0.433962
5X8X-B-A	Negative	0.990116	0.0098842
5X8X-F-A	Negative	0.987321	0.0126788
5LGR-E-A	Negative	0.542006	0.457994
5LGR-F-A	Positive	0.0575676	0.942432
5LGR-G-C	Negative	0.900864	0.0991363
5MDV-6-7	Negative	0.961822	0.038178
5MUB-X-A	Negative	0.849367	0.150633
5UB5-B-A	Negative	0.995249	0.00475087
5WXO-P-U	Negative	0.898689	0.101311
5GGI-F-A	Negative	0.512774	0.487226
5GGI-G-B	Positive	0.285751	0.714249
5E1B-D-A	Negative	0.51902	0.48098
5E1B-E-A	Negative	0.51902	0.48098
5KQ4-C-D	Negative	0.986253	0.0137473
5L0R-B-A	Negative	0.995249	0.00475087
5WMP-C-A	Negative	0.934909	0.0650906
5A0X-C-A	Negative	0.958437	0.0415629
5WEH-D-A	Negative	0.723185	0.276815
5L0V-B-A	Negative	0.95603	0.0439697
5HZ3-A-B	Negative	0.88088	0.11912
5B4W-G-A	Negative	0.979882	0.020118
5UWJ-D-C	Negative	0.971234	0.0287657
5CGG-g-K	Negative	0.812412	0.187588
5MYK-C-A	Positive	0.203962	0.796038
5EQ0-B-A	Positive	0.0732082	0.926792
5T90-F-A	Negative	0.987539	0.0124613
5T90-I-B	Negative	0.982485	0.017515
5JZ8-B-A	Negative	0.981424	0.018576
5A29-B-A	Negative	0.796954	0.203046
5U3L-P-H	Negative	0.942241	0.0577588
5U98-C-A	Negative	0.969857	0.0301432
5IH2-M-A	Negative	0.879988	0.120012
5MWE-C-A	Negative	0.958759	0.0412407
5KY7-B-A	Negative	0.962404	0.0375956
5MU3-C-A	Negative	0.898222	0.101778
5MU3-F-B	Negative	0.89875	0.10125
5NPZ-C-A	Negative	0.873059	0.126941
5NQ3-C-A	Negative	0.873059	0.126941
5NNE-C-A	Negative	0.984961	0.0150387
5YVV-A-B	Negative	0.906721	0.0932795
5IVN-B-A	Negative	0.932679	0.0673214
5U3O-A-H	Negative	0.642271	0.357729
5OK3-D-A	Negative	0.864396	0.135604
5GDS-I-H	Positive	0.453626	0.546374
5E5A-K-G	Negative	0.960799	0.0392005
5ZUJ-I-A	Negative	0.835482	0.164518
5NRG-Z-K	Negative	0.986777	0.0132225
5KGN-C-A	Negative	0.520294	0.479706
5OV3-C-A	Positive	0.497664	0.502336
5JBT-X-A	Negative	0.846035	0.153965
5JBT-Y-A	Negative	0.610418	0.389582
5KIW-C-A	Negative	0.912366	0.0876343
5YD4-B-A	Positive	0.00478625	0.995214
5YD4-F-E	Positive	0.191818	0.808182
5YD4-H-G	Positive	0.0711482	0.928852
5F56-B-A	Negative	0.977992	0.0220077
5OM6-B-A	Negative	0.973352	0.0266481
5EG6-R-C	Positive	0.399442	0.600558
5G1X-B-A	Negative	0.990211	0.00978882
5HUW-A-C	Negative	0.884004	0.115996
5HUW-B-C	Positive	0.26008	0.73992
5HSP-D-A	Negative	0.982001	0.0179988
5UMM-B-A	Positive	0.0320808	0.967919
5UMM-D-A	Positive	0.0861193	0.913881
5FOW-E-A	Positive	0.228005	0.771995
5U8Q-B-A	Negative	0.939979	0.0600211
5LIH-F-A	Negative	0.814912	0.185088
5LIH-G-B	Negative	0.97449	0.0255104
5WVI-Y-S	Negative	0.963863	0.0361369
5EOR-A-H	Negative	0.616254	0.383746
5NXQ-D-A	Negative	0.998573	0.00142685
5JR2-E-A	Negative	0.659043	0.340957
5N4C-E-A	Negative	0.763802	0.236198
5N4C-F-B	Negative	0.644201	0.355799
5N4C-G-C	Negative	0.683486	0.316514
5GR8-J-A	Negative	0.953597	0.0464033
5GR8-P-D	Negative	0.910924	0.0890764
5EU4-C-A	Positive	0.125027	0.874973
5EU4-F-D	Positive	0.125027	0.874973
5IBW-C-A	Negative	0.950198	0.0498019
5FJZ-P-A	Negative	0.50725	0.49275
5TXE-C-A	Negative	0.915533	0.0844673
5TXE-D-B	Negative	0.909895	0.0901053
5W69-I-A	Positive	0.342484	0.657516
5WXP-P-U	Negative	0.722935	0.277065
5VBL-A-B	Negative	0.834905	0.165095
5E24-B-A	Positive	0.265991	0.734009
5E24-D-C	Positive	0.265991	0.734009
5FJA-Q-O	Negative	0.796012	0.203988
5N6B-C-A	Positive	0.36266	0.63734
5N6B-F-A	Positive	0.36266	0.63734
5H94-C-A	Negative	0.972689	0.0273109
5XBY-A-B	Negative	0.93388	0.0661203
5MU2-X-A	Negative	0.935037	0.0649635
5MU2-Q-C	Negative	0.88798	0.11202
5MU2-U-F	Positive	0.428629	0.571371
5MU2-W-O	Negative	0.851422	0.148578
5KC1-C-D	Negative	0.990808	0.00919197
5KC1-A-D	Negative	0.973698	0.0263017
5KC1-G-H	Negative	0.993649	0.00635057
5KC1-K-L	Negative	0.96552	0.0344796
5KC1-I-L	Negative	0.979394	0.020606
5O9U-C-A	Negative	0.98665	0.0133503
5XXQ-D-A	Negative	0.788148	0.211852
5OTW-B-A	Negative	0.795599	0.204401
5UL6-M-A	Negative	0.956033	0.0439667
5WXN-C-A	Negative	0.651788	0.348212
5WYI-E-B	Negative	0.982322	0.0176783
5ETF-B-A	Negative	0.893522	0.106478
5U66-B-A	Positive	0.0144547	0.985545
5WXM-U-A	Negative	0.955279	0.0447209
5WXM-V-A	Negative	0.980892	0.0191079
5NQ2-C-A	Negative	0.883825	0.116175
5E4W-E-B	Negative	0.955196	0.0448038
5E4W-F-D	Negative	0.875383	0.124617
5EIO-C-B	Negative	0.955077	0.0449228
5WY2-B-A	Negative	0.775635	0.224365
5W0V-C-A	Positive	0.145233	0.854767
5W0V-D-B	Positive	0.206761	0.793239
5HDT-E-A	Positive	0.33957	0.66043
5EFK-A-B	Positive	0.0578738	0.942126
5XYF-C-A	Negative	0.925852	0.0741482
5XYF-B-A	Negative	0.988438	0.0115621
5MCQ-D-A	Positive	0.355205	0.644795
5XYI-G-E	Negative	0.624723	0.375277
5XYI-e-J	Negative	0.954109	0.0458912
5ETU-E-A	Negative	0.500004	0.499996
5FRP-C-A	Negative	0.592135	0.407865
5T0M-P-A	Negative	0.63686	0.36314
5W4L-N-G	Negative	0.933542	0.0664579
5IAY-B-A	Positive	0.137367	0.862633
5WB8-B-A	Negative	0.953283	0.0467167
5WB8-C-A	Negative	0.810918	0.189082
5N4D-C-A	Negative	0.614762	0.385238
5N4D-D-B	Negative	0.614762	0.385238
5YPU-B-A	Negative	0.958779	0.041221
5WGD-E-A	Negative	0.652289	0.347711
5WGD-F-B	Negative	0.512722	0.487278
5YZD-B-C	Positive	0.124273	0.875727
6TRD-J-A	Negative	0.970453	0.0295469
6TRD-X-B	Positive	0.0366451	0.963355
6TRD-j-a	Negative	0.970453	0.0295469
6TRD-8-1	Negative	0.970453	0.0295469
6TRD-z-2	Positive	0.0366451	0.963355
6XXR-F-A	Positive	0.338497	0.661503
6UC5-P-H	Negative	0.855468	0.144532
6GEK-L-A	Negative	0.985084	0.014916
6GEK-M-B	Negative	0.970533	0.0294671
6WFX-P-H	Positive	0.475593	0.524407
6WMD-B-A	Negative	0.873138	0.126862
6E5X-B-A	Positive	0.249189	0.750811
6XP6-C-A	Negative	0.924083	0.0759168
6EAU-I-A	Negative	0.943822	0.0561783
6TYU-B-A	Negative	0.943871	0.0561285
6U3N-C-D	Negative	0.857157	0.142843
6WDO-F-C	Negative	0.926555	0.0734453
6Y3S-P-A	Negative	0.73853	0.26147
6WC6-C-A	Negative	0.989004	0.0109963
6Y20-C-A	Negative	0.832484	0.167516
6Y20-D-A	Negative	0.942138	0.0578625
6P23-C-A	Negative	0.851656	0.148344
6WTD-8-X	Positive	0.441326	0.558674
6WTD-J-X	Positive	0.0586562	0.941344
6H8P-C-A	Positive	0.121069	0.878931
6VQE-C-A	Negative	0.952248	0.0477524
6TE4-C-A	Negative	0.96106	0.0389398
6X5Q-B-A	Negative	0.997873	0.00212725
6I68-B-A	Positive	0.127354	0.872646
6I68-D-C	Positive	0.0302888	0.969711
6AT9-C-A	Negative	0.755804	0.244196
6QTX-B-A	Negative	0.541626	0.458374
6NBQ-P-D	Positive	0.245056	0.754944
6GVK-B-A	Negative	0.948062	0.0519378
6I7R-H-V	Negative	0.884644	0.115356
6GIQ-U-C	Negative	0.856895	0.143105
6GIQ-d-a	Negative	0.902172	0.0978276
6GIQ-g-a	Positive	0.403737	0.596263
6GIQ-h-a	Positive	0.0956622	0.904338
6GIQ-i-a	Negative	0.919285	0.0807152
6GIQ-k-c	Negative	0.714239	0.285761
6N87-C-A	Negative	0.965195	0.0348052
6CEN-D-A	Negative	0.829101	0.170899
6EKL-B-A	Negative	0.989902	0.0100981
6Q95-c-e	Negative	0.938218	0.0617825
6Z3R-E-A	Negative	0.849033	0.150967
6SJ6-4-Q	Negative	0.958284	0.0417159
6Q6G-S-R	Negative	0.931343	0.0686565
6Q6G-G-R	Negative	0.978611	0.0213887
6YI1-C-A	Positive	0.116804	0.883196
6ACO-B-A	Positive	0.0158459	0.984154
6ICT-E-A	Negative	0.953207	0.0467934
6ICT-G-B	Negative	0.929053	0.0709471
6ICT-I-D	Negative	0.977567	0.0224327
6CRI-T-M	Negative	0.968958	0.0310423
6SPW-B-A	Negative	0.733975	0.266025
6UK4-C-A	Negative	0.652025	0.347975
6ICV-C-A	Negative	0.935026	0.0649739
6BIJ-C-A	Positive	0.0450283	0.954972
6SKJ-C-A	Negative	0.958907	0.0410928
6SKJ-D-B	Negative	0.958907	0.0410928
6PPM-E-A	Negative	0.71466	0.28534
6VR1-P-A	Negative	0.936229	0.0637709
6HIP-C-A	Negative	0.955862	0.0441381
6Y3R-P-A	Negative	0.938197	0.061803
6O5O-C-A	Negative	0.992698	0.00730234
6O5O-D-B	Negative	0.973665	0.0263345
6WRU-N-C	Negative	0.975149	0.0248507
6WRU-O-Q	Negative	0.970718	0.0292822
6CSG-D-A	Negative	0.937237	0.0627632
6RMV-C-A	Negative	0.964823	0.0351769
6ZKV-a-1	Negative	0.638443	0.361557
6ZKV-V-M	Negative	0.871149	0.128851
6ZKV-y-M	Negative	0.892688	0.107312
6YWV-Y-D	Negative	0.991819	0.00818134
6YWV-0-F	Negative	0.569374	0.430626
6YWV-X-R	Negative	0.910805	0.0891954
6JXW-B-A	Negative	0.784615	0.215385
6A3B-D-C	Negative	0.98778	0.0122198
6HUA-C-A	Positive	0.0858465	0.914154
6HU9-h-a	Positive	0.0112268	0.988773
6HU9-l-a	Negative	0.94178	0.05822
6ILE-C-A	Negative	0.931548	0.0684523
6URV-A-H	Negative	0.966004	0.0339961
6URV-G-H	Negative	0.946079	0.0539208
6NVQ-B-C	Negative	0.971874	0.0281256
6HC1-C-A	Positive	0.0438389	0.956161
6FNZ-F-A	Positive	0.411902	0.588098
6QTS-B-A	Positive	0.0499536	0.950046
6FTG-z-x	Negative	0.558838	0.441162
6FTG-4-2	Negative	0.842312	0.157688
6HK3-N-A	Positive	0.38446	0.61554
6TRN-C-A	Negative	0.567753	0.432247
6PXV-D-A	Negative	0.977527	0.0224729
6PXV-F-A	Negative	0.880961	0.119039
6EQV-D-A	Negative	0.833533	0.166467
6LUP-C-A	Positive	0.26422	0.73578
6HMV-B-A	Negative	0.978566	0.0214344
6J08-D-A	Negative	0.715632	0.284368
6J08-E-A	Positive	0.29969	0.70031
6J08-F-B	Negative	0.822893	0.177107
6Y7C-d-i	Negative	0.975789	0.0242113
6Y53-u-z	Negative	0.881265	0.118735
6O4Y-C-A	Negative	0.605061	0.394939
6FF7-S-A	Negative	0.964909	0.0350909
6IUR-C-A	Negative	0.900438	0.0995618
6IUR-D-A	Negative	0.631029	0.368971
6IUR-G-B	Negative	0.805964	0.194036
6PPH-n-k	Negative	0.973035	0.0269649
6PPH-A-4	Negative	0.780497	0.219503
6UCU-C-A	Negative	0.915882	0.0841184
6UCU-D-A	Negative	0.917892	0.0821084
6FAV-B-A	Negative	0.767848	0.232152
6FAV-D-C	Negative	0.817969	0.182031
6YOY-P-A	Negative	0.791696	0.208304
6XKB-G-A	Positive	0.440894	0.559106
6XKB-I-A	Positive	0.440894	0.559106
6XKB-F-B	Positive	0.440894	0.559106
6XKB-K-C	Positive	0.440894	0.559106
6L1F-A-B	Positive	0.118792	0.881208
6LRY-B-A	Negative	0.987968	0.012032
6L9K-Q-A	Positive	0.333306	0.666694
6OM2-E-A	Negative	0.629165	0.370835
6OM2-F-C	Negative	0.506682	0.493318
6OG4-C-A	Negative	0.92599	0.0740105
6JDX-C-A	Negative	0.61014	0.38986
6WDN-J-A	Negative	0.92663	0.0733698
6WDN-D-C	Negative	0.909648	0.0903524
6WDN-H-C	Negative	0.903411	0.0965892
6G86-D-A	Negative	0.903348	0.0966516
6G86-C-B	Negative	0.960015	0.0399849
6KVF-b-H	Positive	0.250812	0.749188
6KVF-B-A	Positive	0.312783	0.687217
6BQB-P-L	Negative	0.862598	0.137402
6ZRC-P-A	Negative	0.748669	0.251331
6IAW-D-A	Negative	0.777693	0.222307
6ZKM-V-M	Negative	0.60399	0.39601
6LZ4-C-A	Positive	0.389133	0.610867
6LZ4-F-D	Positive	0.229375	0.770625
6G8Q-P-A	Positive	0.427444	0.572556
6KTO-D-B	Negative	0.910298	0.0897024
6B1T-Y-A	Positive	0.197661	0.802339
6B1T-U-D	Positive	0.15992	0.84008
6B1T-W-D	Positive	0.0374177	0.962582
6B1T-X-D	Negative	0.664684	0.335316
6QY3-K-J	Negative	0.809428	0.190572
6YGD-D-A	Positive	0.366552	0.633448
6UVO-D-L	Negative	0.912166	0.087834
6FBB-P-A	Positive	0.296462	0.703538
6WZG-P-R	Negative	0.989124	0.0108762
6PJ8-B-A	Negative	0.572805	0.427195
6X8K-E-A	Positive	0.0768086	0.923191
6M4X-F-A	Negative	0.963145	0.0368548
6Z9X-C-A	Positive	0.0487642	0.951236
6S35-C-A	Negative	0.738935	0.261065
6ND4-D-N	Negative	0.980527	0.0194734
6ND4-A-O	Negative	0.978291	0.0217089
6ND4-l-O	Negative	0.926086	0.0739139
6ZKS-V-L	Negative	0.598197	0.401803
6VB2-C-A	Negative	0.627025	0.372975
6CPL-C-A	Positive	0.205855	0.794145
6X2P-D-C	Negative	0.967015	0.0329854
6HON-B-A	Negative	0.861772	0.138228
6HON-D-C	Negative	0.861772	0.138228
6QTR-B-A	Positive	0.104285	0.895715
6QCG-H-A	Negative	0.542072	0.457928
6Y29-C-A	Negative	0.958621	0.0413788
6V39-3-G	Negative	0.97429	0.0257096
6V39-u-k	Positive	0.264716	0.735284
6ZQW-C-A	Negative	0.863691	0.136309
6WF5-C-A	Positive	0.0572051	0.942795
6OCP-P-B	Positive	0.20895	0.79105
6OCP-Q-F	Positive	0.200432	0.799568
6XQA-C-A	Negative	0.637636	0.362364
6DO5-C-A	Positive	0.375565	0.624435
6QXP-I-A	Positive	0.298719	0.701281
6QXP-J-B	Positive	0.276059	0.723941
6QXP-K-C	Positive	0.100747	0.899253
6QXP-N-F	Negative	0.568102	0.431898
6R5Q-1-C	Negative	0.989083	0.010917
6X2X-D-C	Negative	0.82303	0.17697
6KK6-A-B	Negative	0.943872	0.0561278
6EF1-s-H	Negative	0.927503	0.0724967
6DJV-N-A	Positive	0.149238	0.850762
6FKZ-E-A	Positive	0.17039	0.82961
6KR4-G-C	Positive	0.447735	0.552265
6FHH-X-A	Positive	0.32519	0.67481
6WAY-V-A	Negative	0.542117	0.457883
6LDY-C-A	Positive	0.434453	0.565547
6LDY-M-H	Positive	0.407033	0.592967
6D6R-J-C	Negative	0.987114	0.012886
6DCN-D-A	Negative	0.984785	0.0152155
6M8W-B-A	Negative	0.533478	0.466522
6DMX-E-D	Negative	0.944136	0.0558642
6DMX-C-D	Negative	0.993478	0.00652163
6DMX-J-D	Negative	0.799852	0.200148
6DMX-F-D	Negative	0.992408	0.0075916
6DMX-A-B	Negative	0.935846	0.0641541
6DMX-H-I	Negative	0.964429	0.0355715
6MQM-C-A	Positive	0.227341	0.772659
6WY6-C-B	Negative	0.993203	0.00679741
6WY6-D-B	Negative	0.986004	0.0139962
6MWZ-M-A	Positive	0.415011	0.584989
6CCU-B-A	Positive	0.178561	0.821439
6DN8-B-A	Negative	0.649341	0.350659
6DN8-F-A	Negative	0.649341	0.350659
6DAF-C-A	Negative	0.68961	0.31039
6DAF-D-B	Positive	0.207524	0.792476
6FYY-r-p	Negative	0.981527	0.0184728
6SUR-I-A	Negative	0.984234	0.0157657
6SUR-N-E	Negative	0.974537	0.0254635
6ZVI-P-r	Negative	0.963269	0.0367307
6RML-C-B	Negative	0.986089	0.0139115
6HCS-B-A	Positive	0.28067	0.71933
6HCS-D-C	Negative	0.594848	0.405152
6RK1-B-A	Negative	0.997305	0.00269498
6U8I-B-A	Negative	0.523228	0.476772
6HLE-B-A	Negative	0.844295	0.155705
6D3X-C-A	Negative	0.845134	0.154866
6O9C-C-A	Negative	0.993695	0.00630491
6F55-B-A	Negative	0.997216	0.00278443
6SK6-D-B	Negative	0.993214	0.00678625
6U8N-I-A	Positive	0.0611681	0.938832
6Z7W-I-A	Negative	0.921766	0.0782335
6Z7W-J-A	Positive	0.305899	0.694101
6Z7W-N-A	Positive	0.481432	0.518568
6Z7W-P-A	Negative	0.600641	0.399359
6YS3-h-0	Negative	0.570116	0.429884
6YS3-z-e	Negative	0.930877	0.0691226
6P6A-A-B	Negative	0.938518	0.0614817
6S5S-E-A	Negative	0.977293	0.0227068
6OI3-B-A	Negative	0.931169	0.0688311
6GNY-B-A	Positive	0.247511	0.752489
6IFC-B-A	Negative	0.78287	0.21713
6IFC-D-A	Negative	0.598997	0.401003
6HY2-A-X	Positive	0.20679	0.79321
6BW3-B-C	Negative	0.912102	0.087898
6BW3-D-C	Negative	0.912102	0.087898
6TYV-B-A	Negative	0.997836	0.00216403
6TJ7-C-A	Negative	0.972368	0.0276321
6HQU-I-A	Negative	0.565382	0.434618
6HQU-K-B	Negative	0.876139	0.123861
6HQU-O-D	Positive	0.326721	0.673279
6HQU-M-E	Negative	0.691479	0.308521
6HQU-N-F	Negative	0.804755	0.195245
6ZKZ-C-A	Positive	0.248454	0.751546
6PVK-d-E	Negative	0.957241	0.0427592
6ZKO-x-N	Negative	0.96546	0.0345401
6LJK-B-A	Negative	0.873902	0.126098
6JJO-G-A	Negative	0.620696	0.379304
6SAD-C-A	Negative	0.983164	0.0168364
6ULK-C-A	Negative	0.805896	0.194104
6ZOK-j-C	Negative	0.87661	0.12339
6XTP-C-A	Negative	0.918078	0.0819222
6WH0-B-A	Negative	0.978603	0.0213974
6UYJ-B-A	Negative	0.982031	0.0179689
6XFK-B-A	Negative	0.696428	0.303572
6OX0-Y-A	Negative	0.661319	0.338681
6XY4-B-A	Negative	0.954048	0.0459525
6KW3-C-M	Negative	0.986274	0.0137257
6KW3-K-M	Negative	0.989438	0.010562
6YKP-F-A	Negative	0.775954	0.224046
6YKP-G-A	Negative	0.61	0.39
6I6H-B-A	Negative	0.832457	0.167543
6S3W-B-A	Negative	0.621576	0.378424
6EU2-Q-A	Positive	0.216089	0.783911
6X7W-D-A	Negative	0.910429	0.0895715
6X7W-G-H	Negative	0.910429	0.0895715
6HOI-G-A	Negative	0.937946	0.0620541
6HOI-F-B	Negative	0.962613	0.037387
6KX1-C-A	Negative	0.801897	0.198103
6AMT-C-A	Negative	0.985775	0.0142252
6PUN-E-A	Negative	0.966672	0.0333285
6PUN-F-A	Negative	0.962336	0.0376638
6FEY-E-A	Negative	0.902906	0.0970936
6FEY-I-A	Negative	0.691335	0.308665
6FEY-J-A	Negative	0.696887	0.303113
6FEY-F-B	Negative	0.912109	0.0878912
6FEY-G-B	Negative	0.789148	0.210852
6FEY-H-B	Negative	0.502864	0.497136
6FEY-K-B	Negative	0.504249	0.495751
6V18-C-A	Positive	0.0859022	0.914098
6J8N-A-B	Negative	0.911767	0.088233
6MYD-B-A	Negative	0.625235	0.374765
6F9S-B-A	Negative	0.862242	0.137758
6O2C-C-A	Negative	0.669506	0.330494
6LUM-E-C	Positive	0.378402	0.621598
6BVV-B-A	Negative	0.510608	0.489392
6JQ3-P-A	Negative	0.983436	0.0165643
6X8U-P-H	Negative	0.765729	0.23427
6QH1-D-C	Positive	0.494573	0.505427
6RU7-C-A	Negative	0.771357	0.228643
6RU7-D-B	Negative	0.907045	0.0929555
6UYO-B-A	Negative	0.56703	0.43297
6UYO-D-C	Negative	0.736221	0.263779
6W2D-z-O	Negative	0.93311	0.0668903
6DO4-C-A	Positive	0.0169138	0.983086
6TWX-D-A	Negative	0.970125	0.0298747
6TWX-C-B	Negative	0.881572	0.118428
6MIN-B-A	Negative	0.668331	0.331669
6Z1U-J-A	Negative	0.818996	0.181004
6Z1U-b-A	Negative	0.974057	0.0259427
6Z1U-h-A	Positive	0.458883	0.541117
6CGR-n-k	Negative	0.639286	0.360714
6JLE-E-A	Negative	0.995533	0.00446701
6PXC-U-A	Negative	0.838734	0.161266
6AVG-P-C	Negative	0.536115	0.463885
6VLN-P-H	Negative	0.668224	0.331776
6GHD-G-D	Negative	0.814191	0.185809
6GHD-H-A	Negative	0.944043	0.0559566
6BZU-J-A	Negative	0.956912	0.0430884
6BZU-I-C	Positive	0.414338	0.585662
6BZU-K-E	Negative	0.772731	0.227269
6PAU-C-A	Negative	0.928452	0.0715478
6R4X-D-A	Negative	0.772998	0.227002
6GJH-I-B	Negative	0.895294	0.104706
6GJH-K-F	Negative	0.91931	0.0806895
6GJH-J-D	Positive	0.255571	0.744429
6G72-s-E	Negative	0.989519	0.0104814
6G72-c-O	Negative	0.768263	0.231737
6H6H-C-A	Negative	0.975741	0.0242589
6I9R-4-l	Positive	0.336216	0.663784
6XBY-r-b	Negative	0.821888	0.178112
6GNX-B-A	Negative	0.539696	0.460304
6GNX-D-A	Positive	0.37269	0.62731
6EIW-D-A	Negative	0.816082	0.183918
6XQN-E-A	Positive	0.348279	0.651721
6XQN-G-B	Negative	0.867677	0.132323
6XQN-H-C	Negative	0.73447	0.26553
6J2J-C-A	Negative	0.761072	0.238928
6G8K-P-A	Positive	0.355327	0.644673
6O29-C-A	Negative	0.853996	0.146004
6O29-D-A	Negative	0.875739	0.124261
6Y8D-B-A	Negative	0.773815	0.226185
6SPG-1-m	Negative	0.978694	0.021306
6SPG-6-G	Negative	0.738972	0.261028
6SPG-3-5	Negative	0.971843	0.0281568
6J2I-C-A	Negative	0.89911	0.10089
6RRC-B-C	Negative	0.676221	0.323779
6RRC-D-A	Negative	0.95079	0.04921
6WUD-B-A	Negative	0.983506	0.0164939
6M93-C-A	Positive	0.0844927	0.915507
6QSZ-B-A	Negative	0.955095	0.0449045
6QSZ-H-C	Negative	0.834202	0.165798
6QSZ-L-G	Negative	0.902754	0.0972463
6QSZ-J-I	Negative	0.700158	0.299842
6RJP-C-A	Positive	0.226212	0.773788
6SI7-F-P	Negative	0.892486	0.107514
6BBA-H-A	Positive	0.0859112	0.914089
6ADZ-A-B	Negative	0.91247	0.0875301
6ADZ-C-B	Negative	0.929521	0.0704789
6ADZ-D-B	Negative	0.948249	0.0517514
6F0X-Q-Z	Negative	0.753682	0.246318
6MTV-D-A	Negative	0.940612	0.0593877
6MTV-E-B	Negative	0.843041	0.156959
6YQ2-P-A	Negative	0.912307	0.087693
6PJU-B-A	Positive	0.0759069	0.924093
6HE5-K-A	Negative	0.968948	0.0310516
6M7Y-C-A	Negative	0.995667	0.00433253
6PYV-C-A	Negative	0.682888	0.317112
6HU7-F-A	Negative	0.969088	0.0309124
6HU7-G-C	Negative	0.978523	0.0214771
6B4J-C-B	Negative	0.990521	0.00947861
6KZ1-B-A	Negative	0.980757	0.0192432
6J4U-B-A	Negative	0.967446	0.032554
6ONJ-C-A	Negative	0.995815	0.00418452
6IGK-B-A	Negative	0.762488	0.237512
6YBW-F-E	Negative	0.665727	0.334273
6DQL-C-A	Positive	0.466116	0.533884
6ZYM-r-A	Negative	0.716236	0.283764
6ZYM-s-A	Negative	0.92136	0.0786402
6ZYM-x-A	Negative	0.758698	0.241302
6A6W-B-A	Negative	0.967093	0.0329069
6PVB-A-B	Positive	0.124002	0.875998
6PDQ-G-A	Negative	0.898453	0.101547
6XBF-F-A	Negative	0.988841	0.0111586
6KZQ-F-A	Negative	0.778773	0.221227
6L0V-B-A	Negative	0.951773	0.0482271
6L0V-H-A	Negative	0.951773	0.0482271
6UJ9-C-A	Negative	0.995348	0.00465214
6MBD-C-A	Negative	0.992838	0.00716222
6RXK-B-A	Negative	0.76173	0.23827
6A0H-C-A	Positive	0.296125	0.703875
6A0H-D-B	Positive	0.156972	0.843028
6Z3M-S-c	Negative	0.587943	0.412057
6PXR-A-L	Positive	0.204326	0.795674
6ROY-D-A	Negative	0.990182	0.00981772
6ZVH-e-X	Negative	0.624241	0.37576
6Z00-C-A	Negative	0.776548	0.223452
6G8L-P-A	Positive	0.184576	0.815424
6TRR-B-A	Negative	0.991828	0.00817227
6F08-K-A	Positive	0.223422	0.776578
6F08-N-A	Positive	0.0442597	0.95574
6F08-Q-A	Positive	0.120412	0.879588
6F08-D-B	Positive	0.228046	0.771954
6GBE-B-A	Positive	0.0551002	0.9449
6MJE-B-A	Negative	0.978287	0.0217132
6SK2-D-A	Negative	0.992597	0.00740268
6SK2-F-B	Negative	0.992597	0.00740268
6TKL-I-H	Negative	0.974904	0.0250961
6HLT-B-A	Negative	0.992106	0.00789425
6K61-J-A	Negative	0.994578	0.0054224
6K61-X-B	Positive	0.401862	0.598138
6K61-M-B	Negative	0.916773	0.0832266
6QW4-P-A	Negative	0.998477	0.00152324
6SYI-B-A	Negative	0.73607	0.26393
6X1W-A-H	Positive	0.218627	0.781373
6BGA-E-A	Positive	0.274184	0.725816
6ISO-C-A	Negative	0.754674	0.245326
6ISO-L-E	Positive	0.416951	0.583049
6TMI-C-G	Negative	0.972157	0.0278429
6TMI-R-A	Negative	0.975413	0.0245871
6RDD-T-1	Negative	0.955482	0.044518
6MJL-A-B	Positive	0.370161	0.629839
6JZN-G-C	Negative	0.591132	0.408868
6JZN-H-D	Negative	0.896369	0.103631
6FY3-Z-X	Positive	0.099481	0.900519
6FY3-P-Y	Negative	0.751538	0.248462
6JJK-G-A	Negative	0.920938	0.0790616
6JJK-L-F	Negative	0.821438	0.178562
6ENB-B-A	Positive	0.0779082	0.922092
6YX2-C-A	Negative	0.841632	0.158368
6OD0-D-A	Positive	0.0113603	0.98864
6IUI-D-A	Negative	0.934062	0.0659381
6IUI-C-B	Negative	0.805756	0.194244
6CHT-C-A	Negative	0.508425	0.491575
6CHT-L-J	Positive	0.463132	0.536868
6U8M-C-B	Negative	0.99315	0.00684992
6O7W-b-c	Negative	0.764154	0.235846
6Z7Z-H-A	Positive	0.34471	0.65529
6Z7Z-F-C	Positive	0.365212	0.634788
6YIF-C-A	Negative	0.977656	0.0223441
6TDW-A-H	Negative	0.795088	0.204912
6TDW-M-H	Negative	0.97383	0.0261704
6TDW-N-H	Negative	0.893503	0.106497
6TDW-T-H	Negative	0.626853	0.373147
6C6K-C-A	Positive	0.402562	0.597438
6U2F-B-A	Negative	0.88287	0.11713
6QMQ-A-B	Negative	0.870839	0.129161
6LQH-a-A	Negative	0.925067	0.0749335
6YLY-s-O	Positive	0.491111	0.508889
6B77-A-B	Negative	0.972088	0.0279118
6PUW-D-A	Negative	0.81249	0.18751
6GB5-E-A	Positive	0.43873	0.56127
6G6X-P-A	Positive	0.446845	0.553155
6Y44-P-A	Positive	0.23677	0.76323
6WHC-C-B	Negative	0.571246	0.428754
6WHC-E-R	Negative	0.935821	0.0641786
6V2H-B-A	Negative	0.693549	0.306451
6V2H-F-A	Negative	0.693549	0.306451
6V2H-H-E	Negative	0.920245	0.079755
6SLN-Q-A	Negative	0.966872	0.0331284
6JWJ-C-A	Negative	0.996775	0.00322515
6NBF-P-R	Negative	0.542855	0.457145
6MON-C-A	Negative	0.518553	0.481447
6MON-D-B	Positive	0.190771	0.809229
6F41-I-A	Negative	0.881621	0.118379
6F41-Q-A	Negative	0.702417	0.297583
6AP1-G-A	Negative	0.971109	0.0288909
6EJD-B-A	Negative	0.522893	0.477107
6WR2-F-M	Negative	0.646306	0.353694
6VI1-M-D	Negative	0.967091	0.032909
6J7B-B-A	Negative	0.976834	0.0231662
6A0F-C-A	Positive	0.349737	0.650263
6CRP-D-A	Negative	0.62492	0.37508
6H9G-B-A	Negative	0.996614	0.00338576
6ROZ-B-A	Negative	0.987445	0.0125553
6UAI-B-S	Negative	0.634104	0.365895
6TT7-I-G	Positive	0.424856	0.575144
6TT7-Q-K	Negative	0.910924	0.0890755
6TT7-O-1	Negative	0.942248	0.0577517
6O8Y-4-E	Negative	0.970947	0.0290532
6O8Y-6-G	Negative	0.875193	0.124807
6O8Y-3-5	Negative	0.930188	0.0698115
6B0X-a-A	Negative	0.645911	0.354089
6B0X-b-B	Negative	0.986449	0.0135513
6B0X-c-B	Negative	0.970243	0.0297567
6DFF-L-G	Negative	0.99243	0.00757009
6UCV-B-A	Negative	0.992383	0.00761706
6UCV-C-A	Negative	0.915882	0.0841184
6UCV-D-A	Negative	0.917892	0.0821084
6UCV-E-A	Negative	0.921286	0.078714
6UCV-L-I	Negative	0.941763	0.0582368
6GGM-P-A	Negative	0.657073	0.342927
6KU0-B-A	Negative	0.966495	0.0335049
6KU0-D-C	Negative	0.966495	0.0335049
6I2B-D-A	Negative	0.923286	0.0767138
6HM3-B-A	Negative	0.782886	0.217114
6RWY-k-d	Negative	0.818304	0.181696
6KZG-C-A	Positive	0.103505	0.896495
6VQA-M-A	Negative	0.974299	0.0257005
6QG8-B-A	Negative	0.613549	0.386451
6RBD-e-J	Negative	0.861056	0.138944
6RBD-d-i	Negative	0.944182	0.0558178
6TIP-P-A	Negative	0.741447	0.258553
6WW9-X-A	Positive	0.126214	0.873786
6WW9-Y-A	Positive	0.0961713	0.903829
6Z7N-4-A	Positive	0.107554	0.892446
6Z7N-8-A	Negative	0.693997	0.306003
6Z7N-2-D	Positive	0.0487431	0.951257
6Z7N-5-D	Positive	0.139619	0.860381
6Z7N-N-E	Negative	0.995473	0.00452734
6Z7N-Q-F	Negative	0.724924	0.275076
6Z7N-R-F	Positive	0.226544	0.773456
6Z7N-0-G	Positive	0.373445	0.626555
6Z7N-3-G	Positive	0.355522	0.644478
6Z7N-7-G	Positive	0.0887778	0.911222
6Z7N-1-J	Positive	0.449753	0.550247
6Z7N-X-M	Positive	0.124157	0.875843
6ZP4-T-c	Negative	0.901502	0.0984985
6ATZ-E-A	Positive	0.0268483	0.973152
6XXS-C-A	Negative	0.984563	0.0154371
6XXS-D-A	Negative	0.98883	0.0111698
6FVO-H-A	Negative	0.952789	0.0472109
6WEG-P-D	Negative	0.997608	0.0023916
6FKY-C-A	Positive	0.196284	0.803716
6EXJ-B-A	Negative	0.805697	0.194303
6BW1-C-E	Negative	0.971933	0.0280675
6ZIU-8-a	Negative	0.993642	0.00635783
6ZIU-j-a	Negative	0.59332	0.40668
6ZIU-e-f	Negative	0.864118	0.135882
6TCJ-C-A	Negative	0.988849	0.0111515
6YMY-m-a	Negative	0.907846	0.092154
6QNN-B-A	Negative	0.990914	0.00908603
6Y3W-B-A	Negative	0.69875	0.30125
6S0Z-Z-L	Negative	0.983946	0.0160541
6S0Z-1-3	Negative	0.96843	0.0315701
6AR2-C-A	Negative	0.502571	0.497429
6SBX-B-A	Negative	0.93888	0.0611199
6HN5-B-E	Negative	0.634489	0.365511
6VQ6-c-b	Negative	0.84775	0.15225
6IKG-F-A	Positive	0.217963	0.782037
6BIX-C-A	Negative	0.915928	0.0840716
6UYU-B-A	Negative	0.950437	0.0495632
6UYU-D-A	Negative	0.678923	0.321077
6G04-B-A	Negative	0.945317	0.0546828
6HLN-B-A	Negative	0.994952	0.00504777
6RHZ-J-2	Negative	0.98855	0.01145
6Q69-B-A	Negative	0.91728	0.0827199
6Q1U-C-A	Negative	0.932123	0.0678767
6RXO-C-A	Positive	0.490015	0.509985
6RXO-D-A	Positive	0.123374	0.876626
6F34-C-A	Negative	0.683846	0.316154
6H41-B-A	Negative	0.71126	0.28874
6DM4-E-A	Negative	0.957378	0.042622
6DM4-G-C	Negative	0.893112	0.106888
6SF6-C-H	Negative	0.743451	0.256549
6BHG-B-A	Negative	0.933091	0.0669089
6ZXF-e-J	Negative	0.881819	0.118181
6ATH-C-A	Negative	0.985539	0.0144609
6RM9-C-A	Negative	0.831065	0.168935
6Y7V-B-A	Negative	0.872752	0.127248
6QTT-B-A	Negative	0.781673	0.218327
6GK7-A-L	Negative	0.54694	0.45306
6Q01-C-A	Negative	0.94624	0.0537604
6Q01-D-A	Negative	0.94624	0.0537604
6YEZ-J-A	Negative	0.984156	0.0158441
6SOS-R-A	Negative	0.995935	0.00406536
6SOS-P-B	Negative	0.994882	0.0051177
6TON-B-A	Negative	0.607388	0.392612
6LYU-C-D	Negative	0.787762	0.212238
6BXG-B-A	Positive	0.305633	0.694367
6OYL-B-A	Negative	0.79821	0.20179
6YB5-C-A	Negative	0.945065	0.0549351
6YB5-D-A	Negative	0.86739	0.13261
6R51-E-B	Positive	0.434693	0.565307
6CNL-M-A	Negative	0.953791	0.046209
6CNL-X-A	Negative	0.862535	0.137465
6CNL-P-C	Negative	0.953791	0.046209
6CNL-Q-F	Negative	0.893193	0.106807
6TNN-t-a	Negative	0.964997	0.0350035
6TNN-q-s	Negative	0.932802	0.0671985
6IDF-E-A	Negative	0.536203	0.463797
6B5O-A-H	Negative	0.741189	0.25881
6J8F-A-B	Negative	0.870585	0.129415
6J8F-C-B	Negative	0.897074	0.102926
6N5W-A-C	Negative	0.611519	0.388481
6N5W-B-C	Negative	0.974359	0.025641
6LSQ-A-B	Negative	0.937699	0.0623005
6UYX-D-C	Negative	0.70562	0.29438
6UYX-B-A	Negative	0.718794	0.281206
6A8G-P-A	Negative	0.684192	0.315808
6A8G-E-B	Negative	0.684192	0.315808
6G5F-P-B	Negative	0.992212	0.00778836
6HGI-B-A	Positive	0.418701	0.581299
6O23-E-A	Negative	0.605304	0.394696
6ULP-C-A	Positive	0.237052	0.762948
6H5U-H-B	Negative	0.992308	0.00769178
6KMJ-C-A	Negative	0.963167	0.036833
6DNQ-C-D	Negative	0.993478	0.00652163
6DNQ-A-B	Negative	0.968463	0.0315372
6M7B-C-A	Negative	0.69286	0.30714
6VP9-C-A	Negative	0.985688	0.0143124
6OX4-Y-A	Negative	0.661319	0.338681
6I2C-B-A	Negative	0.875403	0.124597
6J2E-C-A	Negative	0.96617	0.03383
6G0Y-H-F	Positive	0.377929	0.622071
6G0Y-G-E	Negative	0.992141	0.00785931
6TWN-C-A	Negative	0.684993	0.315007
6TDV-B-H	Negative	0.908925	0.0910748
6O51-C-A	Positive	0.489388	0.510612
6ILQ-B-A	Negative	0.905834	0.094166
6SMG-D-A	Negative	0.995316	0.00468418
6J9J-B-A	Negative	0.843918	0.156082
6B3Q-a-A	Negative	0.998162	0.00183776
6B3Q-b-B	Negative	0.974131	0.0258691
6MUE-B-A	Negative	0.655837	0.344163
6B5M-A-H	Negative	0.970095	0.0299051
6VDB-H-A	Negative	0.605372	0.394628
6XRR-J-E	Negative	0.566961	0.433039
6XRR-G-D	Positive	0.281627	0.718373
6XRR-L-H	Negative	0.679852	0.320148
6ULI-C-A	Negative	0.787932	0.212068
6C0A-B-A	Positive	0.183054	0.816946
6G85-C-A	Positive	0.466588	0.533412
6K5T-B-A	Negative	0.920646	0.0793536
6X5V-B-A	Positive	0.182443	0.817557
6ULQ-D-A	Positive	0.0261375	0.973862
6ZIT-8-a	Negative	0.949983	0.0500169
6ZIT-k-a	Negative	0.98241	0.0175897
6ZIT-L-a	Negative	0.543144	0.456856
6NDY-G-A	Positive	0.497784	0.502216
6Q36-C-A	Negative	0.937234	0.0627658
6YVH-C-A	Negative	0.985347	0.0146533
6YVH-G-D	Negative	0.980079	0.0199209
6JNF-B-A	Negative	0.931417	0.0685834
6JNF-C-A	Negative	0.993766	0.00623409
6JNF-D-A	Negative	0.982455	0.0175452
6KMF-D-B	Negative	0.648969	0.351031
6Y9Q-D-B	Negative	0.507313	0.492687
6DSZ-C-A	Negative	0.649472	0.350528
6D2B-C-A	Positive	0.418742	0.581258
6OMM-L-R	Negative	0.883595	0.116405
6A6H-C-A	Negative	0.914967	0.085033
6L07-I-A	Negative	0.881441	0.118559
6L07-P-C	Negative	0.881441	0.118559
6L07-M-G	Negative	0.828647	0.171353
6E3Y-G-B	Positive	0.391232	0.608768
6E3Y-P-R	Negative	0.979751	0.020249
6WG2-P-H	Negative	0.546179	0.453821
6KF9-P-B	Negative	0.771041	0.228959
6OP8-B-A	Negative	0.9664	0.0335995
6FKP-E-A	Positive	0.213681	0.786319
6FKP-G-C	Positive	0.146703	0.853297
6KAD-F-A	Positive	0.420576	0.579424
6KAD-I-A	Negative	0.855398	0.144602
6KAD-J-A	Positive	0.153974	0.846026
6KAD-L-A	Negative	0.927708	0.072292
6KAD-T-A	Negative	0.906958	0.0930418
6KAD-M-B	Negative	0.828039	0.171961
6KAD-V-C	Negative	0.865036	0.134964
6KAD-X-D	Negative	0.926211	0.0737893
6BD1-C-A	Positive	0.104794	0.895206
6BD1-D-B	Positive	0.421972	0.578028
6DIG-C-A	Negative	0.912899	0.0871012
6HL5-S-A	Negative	0.683543	0.316457
6ZKU-V-M	Negative	0.871149	0.128851
6J68-C-A	Negative	0.585617	0.414383
6J68-D-B	Negative	0.915056	0.0849443
6BXP-C-A	Negative	0.577317	0.422683
6F0H-B-A	Negative	0.777932	0.222068
6F0H-D-A	Negative	0.949835	0.0501649
6VRY-G-L	Negative	0.921454	0.0785465
6LY9-K-N	Negative	0.966463	0.033537
6LY9-L-N	Negative	0.949222	0.0507782
6GY5-U-A	Negative	0.83362	0.16638
6G55-D-A	Negative	0.959901	0.040099
6WMQ-E-A	Negative	0.984976	0.0150237
6WMQ-F-A	Negative	0.990773	0.00922673
6FMP-C-A	Negative	0.921879	0.0781209
6DN5-B-A	Negative	0.841032	0.158968
6U6K-C-A	Positive	0.0719064	0.928094
6AU8-C-A	Negative	0.861332	0.138668
6V4H-B-A	Negative	0.995304	0.00469646
6V4H-D-A	Negative	0.994352	0.00564777
6MF5-C-A	Positive	0.163968	0.836032
6X5L-B-A	Negative	0.945691	0.0543092
6Q0M-C-A	Positive	0.212671	0.787329
6TTU-I-T	Positive	0.0555077	0.944492
6PSD-F-E	Negative	0.947981	0.052019
6PSD-D-C	Negative	0.994397	0.00560338
6PSD-B-C	Negative	0.99541	0.00458984
6PSD-H-G	Negative	0.970802	0.0291976
6PSD-J-I	Negative	0.989541	0.010459
6PSD-N-K	Negative	0.995877	0.00412269
6GC3-B-A	Negative	0.565654	0.434346
6SJZ-F-A	Negative	0.960189	0.0398111
6SJZ-E-B	Negative	0.958907	0.0410928
6NXF-V-A	Negative	0.825282	0.174718
6NXF-U-A	Negative	0.847391	0.152609
6FVL-H-A	Negative	0.952789	0.0472109
6FVL-I-B	Negative	0.952789	0.0472109
6OT3-6-A	Positive	0.464845	0.535155
6XRF-I-G	Negative	0.729915	0.270085
6WGZ-C-B	Negative	0.993301	0.00669933
6HC0-A-B	Negative	0.661538	0.338462
6W1Q-t-B	Positive	0.130328	0.869672
6W1Q-i-a	Negative	0.538247	0.461753
6W1Q-r-e	Positive	0.40579	0.59421
6SCS-P-A	Negative	0.990614	0.00938599
6SCS-Q-A	Negative	0.975597	0.0244029
6SCS-S-D	Negative	0.925534	0.0744656
6X2S-D-C	Negative	0.920595	0.079405
6DCW-T-L	Negative	0.970142	0.0298582
6QRM-C-A	Negative	0.91002	0.0899797
6QRM-D-B	Negative	0.770344	0.229656
6T4C-D-A	Negative	0.9907	0.00929974
6O53-C-A	Negative	0.754332	0.245668
6CHG-E-B	Negative	0.944575	0.0554252
6CHG-F-B	Negative	0.896534	0.103466
6CHG-J-C	Negative	0.819929	0.180071
6V7S-D-C	Negative	0.946993	0.0530066
6BNH-B-A	Negative	0.918653	0.0813467
6CDG-B-A	Negative	0.95154	0.0484596
6RW2-B-A	Negative	0.967201	0.0327991
6XMN-B-A	Negative	0.676216	0.323784
6D1U-D-A	Negative	0.925689	0.0743112
6D1U-E-A	Negative	0.763747	0.236253
6H9J-D-A	Negative	0.828436	0.171564
6V9Z-C-A	Negative	0.532136	0.467864
6V9Z-D-A	Positive	0.0651917	0.934808
6DDD-O-Q	Negative	0.968587	0.0314131
6V7R-D-C	Negative	0.970064	0.0299362
6LMK-E-R	Negative	0.973796	0.0262037
6GBU-E-C	Negative	0.922801	0.0771991
6FKQ-B-A	Negative	0.996737	0.00326331
6VQ2-C-A	Negative	0.883332	0.116668
6Y18-B-A	Negative	0.944331	0.0556689
6EWW-E-A	Negative	0.932748	0.0672517
6EWW-H-A	Negative	0.885002	0.114998
6U3M-F-C	Negative	0.961045	0.0389552
6SS7-C-A	Positive	0.0430565	0.956944
6FBW-B-A	Negative	0.767848	0.232152
6Z13-P-V	Positive	0.377641	0.622359
6KO2-B-A	Positive	0.195344	0.804656
6EZI-B-A	Negative	0.907189	0.0928107
6DTG-B-A	Positive	0.10345	0.89655
6AM0-C-A	Negative	0.895	0.105
6AM0-G-D	Negative	0.97369	0.0263099
6FF3-B-A	Negative	0.989437	0.0105634
6CQN-C-A	Positive	0.0878394	0.912161
6MJ8-C-A	Negative	0.921661	0.0783386
6L4U-J-A	Positive	0.200709	0.799291
6L4U-M-B	Positive	0.363354	0.636646
6XFL-B-A	Negative	0.994343	0.00565725
6QDT-B-A	Negative	0.919927	0.0800733
6TNO-B-A	Positive	0.00778782	0.992212
6TNO-F-E	Positive	0.183381	0.816619
6SEO-L-A	Negative	0.988079	0.011921
6LN4-B-A	Positive	0.177347	0.822653
6ZIQ-O-a	Positive	0.473909	0.526091
6WSG-S-B	Positive	0.219181	0.780819
6U74-E-A	Negative	0.629723	0.370277
6Y4Q-C-A	Positive	0.00317174	0.996828
6G0O-B-A	Negative	0.928196	0.071804
6AZL-E-A	Negative	0.950227	0.0497732
6MTM-C-A	Positive	0.322792	0.677208
6UYZ-B-A	Negative	0.70562	0.29438
6LHF-C-A	Positive	0.0826513	0.917349
6BZ3-B-A	Negative	0.97904	0.0209598
6BZ3-D-A	Negative	0.938308	0.0616916
6RFR-c-Q	Negative	0.656391	0.343609
6QNP-H-A	Negative	0.979826	0.0201743
6QNP-K-B	Negative	0.857315	0.142685
6QNP-J-C	Negative	0.984451	0.0155488
6ULS-B-A	Positive	0.270277	0.729723
6BRS-F-A	Negative	0.77286	0.22714
6BRS-C-A	Negative	0.840008	0.159992
6MJB-C-A	Negative	0.820226	0.179774
6OM0-y-C	Negative	0.787677	0.212323
6OM0-n-J	Negative	0.777681	0.222319
6Y8B-P-A	Negative	0.662944	0.337056
6GMZ-B-A	Positive	0.412817	0.587183
6CV5-D-A	Negative	0.840422	0.159578
6TOG-B-A	Negative	0.607388	0.392612
6EJA-B-A	Positive	0.234666	0.765334
6EJ7-B-A	Positive	0.291862	0.708138
6J9M-F-B	Negative	0.918751	0.081249
6J9M-A-C	Negative	0.922467	0.0775328
6GQN-C-A	Positive	0.305294	0.694706
6GQN-G-A	Negative	0.562975	0.437025
6O7T-b-c	Negative	0.701417	0.298583
6PGK-J-A	Negative	0.97822	0.0217805
6PGK-K-A	Negative	0.713397	0.286603
6PGK-X-B	Positive	0.029255	0.970745
6PGK-V-H	Negative	0.920705	0.0792945
6PGK-g-H	Negative	0.713397	0.286603
6PGK-j-Z	Positive	0.029255	0.970745
6UZS-C-A	Negative	0.806809	0.193191
6GEC-L-A	Negative	0.992455	0.00754472
6JJX-C-A	Positive	0.133035	0.866965
6JJX-D-B	Positive	0.0776817	0.922318
6LDV-P-H	Positive	0.155143	0.844857
6T36-B-A	Negative	0.98412	0.0158795
6ZUF-C-A	Positive	0.129402	0.870598
6ZUF-D-B	Positive	0.129402	0.870598
6RQX-B-A	Negative	0.763283	0.236717
6MTT-P-L	Negative	0.585652	0.414348
6TYW-B-A	Negative	0.662775	0.337225
6XAW-B-A	Negative	0.582001	0.417999
6J2F-C-A	Negative	0.907419	0.0925811
6XI2-H-A	Positive	0.168585	0.831415
6OX2-Y-A	Negative	0.63406	0.36594
6RU6-C-A	Positive	0.141318	0.858682
6S1R-B-A	Negative	0.812608	0.187392
6YB3-C-A	Negative	0.97518	0.0248204
6YB3-D-A	Negative	0.670845	0.329155
6FOS-J-2	Negative	0.979989	0.0200106
6FOS-K-3	Negative	0.981234	0.0187657
6HVO-E-A	Negative	0.670589	0.329411
6HVO-D-B	Negative	0.935146	0.0648542
6HVO-F-C	Negative	0.921483	0.0785174
6NK2-C-A	Positive	0.0143157	0.985684
6NK2-D-A	Positive	0.0143157	0.985684
6Q67-B-A	Positive	0.350047	0.649953
6GB1-B-A	Negative	0.793132	0.206868
6VDK-M-A	Negative	0.898279	0.101721
6KX9-C-A	Negative	0.573571	0.426429
6T2D-B-A	Positive	0.0235917	0.976408
6BB4-P-L	Negative	0.648777	0.351223
6K71-M-P	Negative	0.987176	0.0128237
6RD6-T-2	Negative	0.945214	0.0547859
6GHN-P-A	Positive	0.430438	0.569562
6BGH-B-A	Negative	0.930975	0.0690252
6RH6-B-A	Negative	0.984434	0.0155663
6KLR-B-A	Negative	0.875504	0.124496
6YSF-A-E	Negative	0.904047	0.0959528
6YSF-B-E	Negative	0.734892	0.265108
6YKM-F-A	Negative	0.849595	0.150405
6PNJ-J-A	Negative	0.969117	0.0308835
6PNJ-K-A	Negative	0.672793	0.327207
6PNJ-X-B	Positive	0.042639	0.957361
6IWG-C-A	Negative	0.891405	0.108595
6ZKX-C-A	Positive	0.332221	0.667779
6RKO-H-A	Negative	0.908671	0.0913291
6RKO-X-A	Positive	0.301908	0.698092
6L66-C-A	Positive	0.175471	0.824529
6NJZ-C-A	Negative	0.896656	0.103344
6NJZ-D-B	Negative	0.896656	0.103344
6AD0-D-A	Negative	0.989084	0.0109159
6GYT-C-A	Positive	0.130967	0.869033
6JBK-B-A	Negative	0.959915	0.0400854
6XVT-G-A	Positive	0.231984	0.768016
6YN1-J-A	Negative	0.926127	0.0738726
6YN1-E-C	Negative	0.934097	0.0659027
6YN1-n-C	Negative	0.935303	0.0646973
6YN1-O-M	Negative	0.847867	0.152133
6YN1-d-R	Negative	0.926375	0.0736251
6LRA-C-H	Negative	0.982619	0.0173812
6S3F-B-A	Negative	0.950308	0.0496924
6QFI-B-A	Negative	0.686915	0.313085
6SB0-O-A	Negative	0.714178	0.285822
6Y9N-B-A	Negative	0.989924	0.0100762
6I2A-D-A	Negative	0.901537	0.0984629
6EPF-Y-S	Negative	0.798947	0.201053
6YGC-D-A	Positive	0.350863	0.649137
6DNO-B-A	Positive	0.230292	0.769708
6JY4-L-A	Negative	0.69558	0.304421
6JY4-M-A	Negative	0.963418	0.036582
6VGQ-U-N	Negative	0.530192	0.469808
6VB7-C-A	Negative	0.883767	0.116233
6XSN-C-H	Negative	0.854467	0.145533
6ZBU-C-A	Negative	0.998206	0.00179382
6ZBU-D-A	Negative	0.98883	0.0111698
6ZBU-G-E	Negative	0.998206	0.00179382
6ZBU-H-E	Negative	0.98883	0.0111698
6PEN-G-A	Positive	0.488367	0.511633
6HA6-D-A	Positive	0.154395	0.845605
6V7K-X-A	Negative	0.57546	0.42454
6Q98-6-D	Positive	0.149238	0.850762
6GWS-E-A	Negative	0.987877	0.0121228
6GWS-F-A	Negative	0.994493	0.00550711
6GWS-D-B	Negative	0.995963	0.00403657
6ZC9-E-A	Positive	0.423907	0.576093
6ZC9-F-B	Negative	0.709788	0.290212
6RWK-D-X	Negative	0.628269	0.371731
6M2M-M-A	Negative	0.661916	0.338084
6M2M-N-C	Negative	0.963763	0.0362373
6DB7-P-H	Positive	0.276792	0.723208
6M9F-B-A	Negative	0.656382	0.343618
6BW4-B-C	Negative	0.905781	0.0942187
6J2G-C-A	Negative	0.977597	0.0224029
6PW8-B-A	Negative	0.958283	0.041717
6WG1-C-A	Negative	0.517007	0.482993
6D2T-C-A	Positive	0.271513	0.728487
6HGN-B-A	Positive	0.216877	0.783123
6B23-a-A	Negative	0.990226	0.00977355
6B23-c-B	Negative	0.986503	0.013497
6D3O-C-A	Negative	0.983832	0.0161677
6D3O-D-A	Positive	0.28841	0.71159
6YOS-C-A	Negative	0.899491	0.100509
6J8O-A-B	Negative	0.67996	0.32004
6J8O-C-B	Negative	0.761266	0.238734
6IAC-L-A	Negative	0.939063	0.0609365
6EI2-C-A	Negative	0.995902	0.00409814
6T46-B-A	Negative	0.763759	0.236241
6MIQ-C-A	Positive	0.377797	0.622203
6QSY-P-A	Negative	0.876243	0.123757
6R50-D-A	Negative	0.623978	0.376022
6ZBI-B-A	Negative	0.900473	0.0995267
6SPB-4-T	Negative	0.969256	0.0307437
6PPO-D-A	Negative	0.887771	0.112229
6IU7-B-A	Negative	0.955575	0.044425
6RJL-P-A	Negative	0.784388	0.215612
6KVA-b-h	Positive	0.00812232	0.991878
6IWD-B-A	Negative	0.953792	0.0462075
6H2A-H-A	Positive	0.0703956	0.929604
6RQH-L-Q	Negative	0.976168	0.0238316
6B67-D-A	Positive	0.468838	0.531162
6NIY-P-R	Negative	0.996758	0.00324241
6XA6-C-B	Negative	0.572469	0.427531
6XA6-D-B	Positive	0.129029	0.870971
6FQ4-B-A	Negative	0.676711	0.323289
6W00-P-L	Negative	0.808735	0.191265
6GRH-A-1	Negative	0.806065	0.193935
6CQR-C-A	Positive	0.0878394	0.912161
6JX3-A-B	Negative	0.996622	0.00337796
6D8C-N-H	Positive	0.0760553	0.923945
6M2J-C-A	Negative	0.984006	0.0159944
6AYN-F-A	Negative	0.950227	0.0497732
6X23-B-A	Negative	0.96233	0.0376701
6TYX-C-A	Negative	0.954584	0.0454156
6TYX-D-B	Negative	0.922603	0.0773966
6JOZ-C-A	Negative	0.852061	0.147939
6JUE-A-L	Negative	0.934918	0.0650817
6YBU-C-A	Negative	0.952949	0.0470509
6YBU-D-A	Negative	0.887737	0.112263
6YBU-I-G	Negative	0.876919	0.123081
6YBU-J-G	Negative	0.931399	0.0686012
6HC8-E-A	Negative	0.545195	0.454805
6S24-F-A	Negative	0.566097	0.433903
6B4G-B-A	Negative	0.984035	0.0159647
6B4G-H-G	Negative	0.985666	0.014334
6P8U-C-B	Negative	0.891755	0.108245
6A3A-D-C	Negative	0.987331	0.0126689
6S1U-I-A	Negative	0.593513	0.406487
6P2F-C-A	Negative	0.70369	0.29631
6ZMT-i-D	Negative	0.969516	0.0304836
6GCS-c-Q	Positive	0.0157573	0.984243
6OA9-K-A	Negative	0.929755	0.0702452
6WMS-E-A	Negative	0.754847	0.245153
6ZCJ-P-A	Positive	0.191374	0.808626
6MBE-B-A	Negative	0.997966	0.00203354
6S9L-C-A	Negative	0.860554	0.139446
6SND-C-A	Positive	0.238949	0.761051
6ERH-M-A	Negative	0.576352	0.423648
6ERH-T-C	Negative	0.551991	0.448009
6WMF-B-A	Negative	0.98986	0.0101404
6ZR5-C-A	Negative	0.989116	0.0108837
6ZR5-D-A	Negative	0.991012	0.00898832
6CDM-C-A	Positive	0.0966442	0.903356
6QDR-B-A	Negative	0.98773	0.0122695
6NPZ-F-A	Positive	0.32524	0.67476
6Z5R-C-D	Positive	0.173759	0.826241
6Z5R-E-D	Positive	0.173759	0.826241
6Z5R-A-D	Positive	0.173759	0.826241
6Z5R-I-F	Negative	0.654276	0.345724
6Z5R-J-G	Positive	0.117342	0.882658
6Z5R-K-G	Negative	0.654276	0.345724
6Z5R-7-H	Positive	0.173759	0.826241
6Z5R-T-M	Positive	0.0700112	0.929989
6Z5R-Y-M	Positive	0.173759	0.826241
6Z5R-S-Q	Negative	0.885377	0.114623
6TKG-I-H	Negative	0.974904	0.0250961
6X18-P-R	Negative	0.953218	0.0467817
6S7L-C-A	Positive	0.133311	0.866689
6CBP-P-A	Negative	0.809082	0.190918
6UUN-P-E	Negative	0.910967	0.0890327
6ILG-C-A	Negative	0.937299	0.0627013
6VB0-C-A	Negative	0.505185	0.494815
6FCP-P-A	Positive	0.211477	0.788523
6GMG-C-A	Negative	0.889721	0.110279
6GMG-D-B	Negative	0.944991	0.0550092
6EOT-F-A	Negative	0.578934	0.421066
6NFJ-C-A	Negative	0.853751	0.146249
6Z0M-B-A	Negative	0.846837	0.153163
6Z0M-E-A	Negative	0.838026	0.161974
6F0W-S-A	Negative	0.985254	0.0147463
6R5B-E-A	Negative	0.94726	0.05274
6VMC-C-A	Negative	0.867807	0.132193
6L35-J-A	Negative	0.982281	0.0177189
6L35-M-B	Negative	0.937523	0.0624773
6B0U-D-A	Negative	0.670713	0.329287
6B0U-E-B	Negative	0.928022	0.0719778
6QTQ-B-A	Positive	0.0651264	0.934874
6H06-I-H	Negative	0.578608	0.421392
6H06-G-H	Positive	0.273126	0.726874
6H06-K-A	Negative	0.839801	0.160199
6UGF-G-A	Negative	0.879528	0.120472
6BYH-E-A	Negative	0.98099	0.0190095
6BYH-I-G	Negative	0.964867	0.0351328
6X6Q-B-A	Positive	0.105525	0.894475
6MAK-B-A	Negative	0.989598	0.0104022
6SK3-C-A	Negative	0.958907	0.0410928
6AY9-B-A	Negative	0.964444	0.0355562
6UYR-B-A	Negative	0.830105	0.169895
6Y39-D-E	Negative	0.9392	0.0608
6Y39-G-H	Negative	0.948328	0.0516719
6XID-I-B	Negative	0.838555	0.161445
6EF5-P-A	Negative	0.963184	0.036816
6EF5-Q-B	Negative	0.579094	0.420906
6F5P-G-A	Positive	0.429215	0.570785
6YMO-C-A	Negative	0.933883	0.066117
6YMO-D-B	Negative	0.855161	0.144839
6WNX-C-A	Positive	0.0372345	0.962765
6SPF-u-b	Negative	0.763681	0.236319
6KMH-C-A	Negative	0.936326	0.063674
6F4S-B-A	Negative	0.636758	0.363242
6KM7-C-A	Negative	0.9501	0.0499004
6KM7-D-A	Negative	0.984294	0.0157064
6UJ8-C-A	Negative	0.998702	0.00129835
6SMQ-C-A	Positive	0.23654	0.76346
6I42-B-A	Positive	0.11818	0.88182
6MEW-B-A	Negative	0.928653	0.0713474
6MEW-D-A	Negative	0.975661	0.0243388
6WK2-Y-A	Negative	0.959353	0.040647
6NK0-C-A	Positive	0.0131948	0.986805
6G84-D-A	Positive	0.243242	0.756758
6G84-C-B	Positive	0.408731	0.591269
6Y6B-C-A	Negative	0.965806	0.0341942
6ZBT-E-A	Positive	0.244992	0.755008
6ZBT-G-B	Negative	0.918395	0.081605
6JAT-B-A	Negative	0.730603	0.269397
6JAT-D-C	Positive	0.385822	0.614178
6HLB-B-A	Negative	0.811544	0.188456
6TSC-B-A	Negative	0.50173	0.49827
6PJA-B-A	Positive	0.189969	0.810031
6W05-P-H	Negative	0.808735	0.191265
6GVL-B-A	Negative	0.87065	0.12935
6L8G-A-B	Negative	0.991244	0.00875551
6YO8-E-A	Negative	0.979503	0.020497
6YO8-G-C	Negative	0.947356	0.0526439
6XOV-B-A	Positive	0.0872197	0.91278
6N7I-F-A	Negative	0.968776	0.0312237
6SEF-V-A	Negative	0.975673	0.0243271
6FBX-B-A	Negative	0.593901	0.406099
6F4U-D-A	Negative	0.555903	0.444097
6B8J-C-A	Negative	0.818972	0.181028
6B8H-A-2	Negative	0.970459	0.0295412
6B8H-k-a	Negative	0.748697	0.251303
6B8H-I-G	Negative	0.676349	0.323651
6TWY-C-B	Negative	0.775822	0.224178
6PU3-B-A	Positive	0.178544	0.821456
6QS1-F-B	Negative	0.937264	0.0627357
6HKS-H-B	Negative	0.751583	0.248417
6EH2-B-A	Negative	0.911028	0.0889717
6TMF-Z-Q	Negative	0.941351	0.058649
6MA4-B-A	Positive	0.0699739	0.930026
6HZC-B-A	Negative	0.844295	0.155705
6R8I-B-A	Negative	0.950176	0.049824
6YJ4-k-L	Negative	0.751695	0.248305
6T2F-B-A	Positive	0.025084	0.974916
6C1D-F-B	Positive	0.414075	0.585925
6IZ8-F-C	Negative	0.962912	0.0370884
6V3X-B-A	Negative	0.609153	0.390847
6XA8-C-B	Positive	0.129029	0.870971
6Q8I-C-A	Negative	0.605253	0.394747
6Q8I-D-A	Positive	0.370863	0.629137
6Q8I-G-A	Positive	0.373683	0.626317
6Q8I-H-A	Negative	0.510341	0.489659
6Q8I-K-B	Positive	0.416964	0.583036
6Q8I-L-B	Negative	0.534681	0.465319
6Q8I-O-M	Negative	0.649677	0.350323
6WI4-C-B	Positive	0.0593886	0.940611
6T80-G-A	Positive	0.207373	0.792627
6T80-H-B	Negative	0.97232	0.0276804
6T80-E-C	Negative	0.543102	0.456898
6RXQ-E-A	Negative	0.767716	0.232284
6RXQ-F-A	Negative	0.501615	0.498385
6RXQ-H-D	Positive	0.383991	0.616009
6ZXE-e-J	Negative	0.605166	0.394834
6QDV-Z-A	Positive	0.191934	0.808066
6QDV-z-F	Negative	0.994117	0.00588264
6HBG-D-A	Negative	0.979221	0.0207789
6MGQ-D-A	Negative	0.804545	0.195455
6N7Q-C-A	Negative	0.965195	0.0348052
6SI6-A-B	Negative	0.993385	0.00661521
6S8S-B-A	Negative	0.935218	0.0647817
6S8S-D-A	Negative	0.935218	0.0647817
6UAO-B-S	Positive	0.497385	0.502615
6YGH-E-A	Negative	0.949428	0.0505717
6CEZ-P-L	Negative	0.558694	0.441307
6WNT-A-e	Negative	0.989496	0.0105044
6YLD-B-A	Negative	0.996225	0.00377501
6YLD-D-C	Negative	0.992992	0.00700807
6ZMW-i-Z	Negative	0.969386	0.0306143
6GG7-C-B	Negative	0.99591	0.00409025
6WK1-Y-A	Negative	0.959353	0.040647
6SQC-B-A	Negative	0.766041	0.233959
6U3O-I-G	Negative	0.525565	0.474435
6WAV-E-A	Negative	0.890458	0.109542
6WAV-G-A	Positive	0.273515	0.726485
6WAV-F-B	Negative	0.890458	0.109542
6WAV-H-B	Negative	0.549281	0.450719
6LSD-C-A	Positive	0.194978	0.805022
6GHJ-B-A	Positive	0.123569	0.876431
6G8P-P-A	Positive	0.336133	0.663867
6KK4-A-B	Negative	0.925012	0.0749881
6R2I-B-A	Negative	0.99472	0.00528039
6KWO-C-A	Positive	0.377427	0.622573
6OM4-C-A	Negative	0.513424	0.486576
6E2P-C-A	Negative	0.834378	0.165622
6E2P-D-B	Negative	0.960661	0.0393389
6J8Y-D-C	Negative	0.927459	0.0725408
6QZS-P-A	Positive	0.0658224	0.934178
6QZS-C-B	Positive	0.102813	0.897187
6C23-E-A	Negative	0.988586	0.0114135
6C23-O-K	Positive	0.233128	0.766872
6C23-B-L	Negative	0.924444	0.0755555
6V86-F-A	Negative	0.963401	0.0365989
6H9N-B-A	Positive	0.405776	0.594224
6WJ6-F-A	Negative	0.55533	0.44467
6WJ6-I-A	Positive	0.286817	0.713183
6WJ6-L-A	Negative	0.870492	0.129508
6WJ6-T-A	Negative	0.799796	0.200204
6IJO-J-A	Negative	0.547226	0.452774
6JUW-Y-N	Negative	0.720931	0.279069
6PX6-C-A	Negative	0.549772	0.450228
6YR5-O-A	Positive	0.446299	0.553701
6YR5-P-B	Negative	0.677276	0.322724
6YR5-Q-C	Negative	0.644781	0.355219
6YR5-R-D	Negative	0.76244	0.23756
6PI7-G-A	Negative	0.741049	0.258951
6ZMR-k-O	Negative	0.68806	0.31194
6ZMR-8-P	Negative	0.936432	0.0635684
6ZMR-d-a	Negative	0.981087	0.0189133
6ZMR-j-a	Negative	0.735799	0.264201
6NQB-R-F	Negative	0.748316	0.251684
6R00-B-A	Positive	0.00430793	0.995692
6NPW-E-D	Positive	0.0929109	0.907089
6OPD-C-A	Negative	0.840649	0.159351
6ZVF-P-L	Negative	0.66439	0.33561
6TTK-E-A	Negative	0.56338	0.43662
6TTK-F-B	Positive	0.178004	0.821996
6U8G-E-A	Positive	0.239314	0.760686
6G4S-k-Q	Positive	0.149238	0.850762
6YXK-C-A	Negative	0.791973	0.208027
6VB1-C-A	Negative	0.512682	0.487318
6ATK-F-C	Negative	0.977739	0.0222606
6TKJ-I-H	Negative	0.994241	0.00575932
6VPV-J-A	Negative	0.988605	0.0113947
6ITU-B-A	Negative	0.589721	0.410279
6F4V-G-A	Positive	0.488684	0.511316
6GKG-I-A	Negative	0.850896	0.149104
6GKG-K-B	Negative	0.841978	0.158022
6GKG-M-C	Positive	0.470728	0.529272
6GKG-N-G	Positive	0.348374	0.651626
6LQJ-a-A	Negative	0.623648	0.376352
6PGQ-B-A	Positive	0.0771196	0.92288
6CRR-D-A	Positive	0.453794	0.546206
6TJB-A-B	Negative	0.573906	0.426094
6PVA-A-B	Negative	0.707271	0.292729
6V2E-B-A	Negative	0.614984	0.385016
6VBQ-P-H	Negative	0.98965	0.0103496
6VBQ-K-D	Negative	0.970555	0.0294455
6H8Q-G-A	Negative	0.989651	0.0103494
6H8Q-H-B	Negative	0.97671	0.0232901
6F9W-B-A	Negative	0.971339	0.0286606
6TME-C-A	Positive	0.298719	0.701281
6TWU-C-B	Negative	0.881572	0.118428
6UEB-B-A	Negative	0.966846	0.0331542
6KWL-C-A	Negative	0.963271	0.0367288
6UIB-C-A	Positive	0.334034	0.665966
6OKD-D-A	Negative	0.970877	0.0291232
6OKD-C-B	Negative	0.970877	0.0291232
6QNX-C-A	Positive	0.298063	0.701937
6RR0-H-A	Negative	0.892204	0.107796
6RR0-I-A	Negative	0.659897	0.340103
6RR0-K-B	Negative	0.966432	0.0335683
6RR0-L-C	Negative	0.64777	0.35223
6RR0-N-G	Negative	0.963308	0.0366921
6V01-C-B	Negative	0.764687	0.235313
6ZXS-J-A	Negative	0.984156	0.0158441
6K08-B-A	Negative	0.942917	0.0570835
6L71-C-A	Positive	0.175471	0.824529
6GL1-P-A	Negative	0.943118	0.0568822
6RUP-C-A	Positive	0.0722331	0.927767
6ML1-G-A	Negative	0.729548	0.270452
6SIG-C-B	Negative	0.869563	0.130437
6DU2-C-A	Negative	0.712733	0.287267
6DU2-D-A	Negative	0.890172	0.109828
6U6L-B-A	Negative	0.629723	0.370277
6MT5-C-A	Positive	0.468195	0.531805
6G9Q-P-A	Negative	0.720346	0.279654
6EVN-C-A	Positive	0.325251	0.674749
6ZK9-q-4	Negative	0.991395	0.00860524
6P1Y-A-B	Negative	0.850264	0.149736
6OWT-T-B	Negative	0.973674	0.0263264
6V7X-C-A	Negative	0.637994	0.362006
6LXE-B-A	Negative	0.970997	0.0290035
6LXE-C-A	Negative	0.926972	0.073028
6WJ7-A-B	Positive	0.0872775	0.912723
6C26-4-A	Negative	0.774245	0.225755
6EJL-C-A	Negative	0.874867	0.125133
6EJL-D-B	Negative	0.785244	0.214756
6RMB-D-A	Negative	0.773329	0.226671
6EVP-C-A	Negative	0.858115	0.141885
6DAE-C-A	Negative	0.678411	0.321589
6DAE-D-B	Negative	0.740438	0.259562
6JI2-X-A	Positive	0.233638	0.766362
6ODM-O-C	Negative	0.771644	0.228356
6PEU-M-A	Positive	0.26164	0.73836
6CS3-D-A	Negative	0.900032	0.0999681
6ZVQ-B-A	Negative	0.864856	0.135144
6G0Q-B-A	Negative	0.931573	0.0684272
6H25-I-F	Negative	0.893236	0.106764
6H25-K-G	Negative	0.813602	0.186398
6YNU-B-A	Negative	0.819303	0.180697
6WJQ-C-A	Negative	0.938679	0.0613207
6J4V-B-A	Negative	0.982657	0.017343
6CE7-O-B	Positive	0.366132	0.633868
6CE7-P-B	Negative	0.74007	0.25993
6U3D-C-A	Negative	0.657622	0.342378
6TA7-G-A	Negative	0.951234	0.0487661
6TA7-H-F	Negative	0.760383	0.239617
6QPH-J-2	Negative	0.989722	0.0102776
6YQF-D-A	Negative	0.997401	0.00259872
6MI7-C-F	Negative	0.888306	0.111694
6BHD-B-A	Positive	0.406317	0.593683
6KZH-C-A	Negative	0.961931	0.0380689
6VQO-P-A	Negative	0.926499	0.0735013
6VEQ-B-E	Negative	0.998532	0.00146772
6V3N-C-A	Positive	0.205194	0.794806
6V3N-D-A	Positive	0.393195	0.606805
6YR7-C-A	Negative	0.847964	0.152036
6JWN-B-A	Negative	0.962993	0.0370073
6JLP-F-A	Negative	0.790972	0.209028
6HPG-a-A	Negative	0.90931	0.0906899
6HPG-f-B	Negative	0.987446	0.0125535
6TUV-L-A	Negative	0.990565	0.00943452
6MNQ-P-H	Negative	0.976223	0.0237774
6H0B-F-B	Negative	0.822678	0.177322
6XZK-B-A	Negative	0.833839	0.166161
6B4I-C-B	Negative	0.987253	0.0127466
6B4I-D-B	Negative	0.977544	0.0224557
6R16-H-A	Negative	0.888882	0.111118
6R16-I-A	Negative	0.944418	0.0555822
6R16-J-A	Negative	0.920859	0.0791407
6R16-K-A	Negative	0.853049	0.146951
6WME-B-A	Positive	0.396123	0.603877
6KPD-B-C	Negative	0.994514	0.00548583
6W6O-C-A	Negative	0.935286	0.0647136
6WBC-B-A	Negative	0.778711	0.221289
6PUZ-D-A	Negative	0.856689	0.143311
6WDT-D-A	Positive	0.428815	0.571185
6B3X-B-A	Negative	0.991756	0.00824438
6M8R-K-G	Positive	0.283337	0.716663
6M8R-L-B	Positive	0.494968	0.505032
6O28-E-A	Negative	0.580134	0.419866
6NUU-C-A	Positive	0.291614	0.708386
6HEP-E-A	Positive	0.47031	0.52969
6DRT-D-A	Negative	0.73627	0.26373
6DRT-E-B	Negative	0.970289	0.0297106
6PV9-B-A	Positive	0.0112864	0.988714
6XTR-C-A	Negative	0.935423	0.0645766
6SIQ-P-A	Negative	0.647575	0.352425
6T7H-L-H	Negative	0.987917	0.0120826
6MNR-P-H	Negative	0.868036	0.131964
6O9B-C-A	Negative	0.995104	0.00489596
6WZY-C-A	Positive	0.397381	0.602619
6NF7-C-A	Positive	0.00266451	0.997335
6NF7-O-A	Positive	0.0288166	0.971183
6NF7-F-D	Positive	0.278981	0.721019
6NF7-I-G	Positive	0.0501168	0.949883
6L9F-C-A	Negative	0.955654	0.0443463
6L9F-D-B	Negative	0.885711	0.114289
6HM4-B-A	Negative	0.594229	0.405771
6QFM-B-A	Positive	0.371063	0.628937
6XSA-B-A	Negative	0.872079	0.127921
6HSN-D-A	Positive	0.279349	0.720651
6TJT-D-A	Negative	0.909967	0.0900328
6ACP-B-A	Negative	0.898301	0.101699
6SH9-E-B	Positive	0.331635	0.668365
6SH6-B-A	Negative	0.96762	0.0323803
6UYV-B-A	Negative	0.842929	0.157071
6AZT-B-A	Positive	0.190373	0.809627
6JZE-B-A	Negative	0.973157	0.0268426
6FY2-P-H	Negative	0.939237	0.0607628
6FY2-Z-X	Negative	0.939237	0.0607628
6WRF-S-B	Positive	0.0589597	0.94104
6YLE-K-B	Negative	0.979542	0.0204582
6U3B-B-A	Negative	0.968669	0.0313309
6AXK-E-A	Negative	0.855468	0.144532
6LML-C-B	Negative	0.77252	0.22748
6KZA-C-A	Negative	0.91504	0.0849598
6KZA-D-B	Negative	0.932791	0.0672095
6SEN-L-A	Negative	0.885711	0.114289
6SEN-M-B	Negative	0.885711	0.114289
6TJ1-D-A	Negative	0.736645	0.263355
6YAY-C-A	Negative	0.947404	0.0525962
6YAY-D-A	Negative	0.898215	0.101785
6NI2-V-A	Negative	0.967052	0.0329483
6Q53-B-A	Negative	0.918498	0.0815024
6Q53-E-A	Negative	0.918498	0.0815024
6H9O-B-A	Negative	0.643126	0.356874
6V7P-D-C	Negative	0.855671	0.144329
6V7P-B-A	Negative	0.958104	0.0418957
6FZF-C-A	Negative	0.773186	0.226814
6PU1-B-A	Positive	0.122135	0.877865
6ZH6-B-A	Negative	0.981695	0.0183051
6YW3-B-A	Positive	0.132598	0.867402
6C4U-L-F	Negative	0.98005	0.0199496
6MTP-P-L	Negative	0.906048	0.0939517
6MTP-Q-B	Negative	0.712846	0.287154
6BIZ-C-A	Negative	0.916204	0.0837957
6ZHX-L-C	Negative	0.902289	0.097711
6A30-P-A	Positive	0.223196	0.776804
6NYX-B-H	Negative	0.990641	0.00935915
6NYX-G-H	Negative	0.950004	0.0499955
6NYX-O-H	Negative	0.927719	0.0722808
6TMH-i-C	Negative	0.984758	0.0152424
6U3A-C-A	Negative	0.543351	0.456649
6U3A-D-B	Positive	0.0858665	0.914134
6MHF-C-A	Negative	0.965243	0.0347571
6PYQ-B-A	Negative	0.956497	0.0435033
6PYQ-C-A	Negative	0.996889	0.00311126
6PYQ-E-A	Negative	0.992492	0.0075083
6PYQ-F-A	Negative	0.956497	0.0435033
6EWO-C-A	Positive	0.10001	0.89999
6HZA-B-A	Negative	0.621624	0.378376
6SZ5-B-A	Negative	0.652484	0.347516
6SZ5-C-A	Negative	0.592426	0.407574
6J0W-C-A	Negative	0.962806	0.0371941
6J0W-D-B	Negative	0.950735	0.0492651
6YR6-B-A	Positive	0.0222594	0.977741
6S07-C-A	Negative	0.935423	0.0645766
6B9Y-D-A	Negative	0.983198	0.0168024
6IC8-C-A	Positive	0.0154683	0.984532
6IC8-D-B	Negative	0.679887	0.320113
6CD9-B-A	Positive	0.17	0.83
6N7J-D-A	Negative	0.996903	0.00309728
6CCE-J-F	Negative	0.79783	0.20217
6YAR-C-A	Negative	0.958306	0.0416942
6YAR-D-A	Negative	0.897499	0.102501
6DTH-B-A	Negative	0.739262	0.260738
6RO1-B-A	Positive	0.26759	0.73241
6BLI-F-B	Negative	0.792023	0.207977
6BLI-I-G	Negative	0.554834	0.445166
6IUH-C-A	Negative	0.981763	0.0182368
6IUH-D-B	Negative	0.943891	0.0561088
6F8F-G-D	Negative	0.880838	0.119163
6YSI-W-D	Negative	0.973029	0.0269709
6ZHI-H-D	Positive	0.241962	0.758038
6N61-I-C	Negative	0.968944	0.031056
6TDY-N-C	Negative	0.953744	0.0462565
6TDY-h-M	Negative	0.943106	0.0568943
6V4G-B-A	Negative	0.997621	0.00237928
6CTB-B-A	Positive	0.275332	0.724668
6JAU-B-A	Negative	0.886671	0.113329
6FBK-P-A	Negative	0.595591	0.404409
6L7O-P-B	Positive	0.445758	0.554242
6GSN-h-q	Positive	0.466937	0.533063
6ZMP-C-A	Negative	0.92498	0.0750197
6RMC-C-A	Negative	0.927629	0.0723708
6ALG-N-I	Negative	0.921151	0.078849
6URI-D-A	Negative	0.97645	0.0235501
6CBI-I-A	Negative	0.876985	0.123015
6CBI-J-A	Negative	0.895012	0.104988
6IWA-A-C	Negative	0.723845	0.276155
6SWE-Y-3	Negative	0.754405	0.245595
6V8O-S-G	Negative	0.971874	0.0281261
6ZXA-B-A	Negative	0.930501	0.0694994
6ZXA-D-A	Negative	0.930501	0.0694994
6HBY-C-A	Negative	0.713069	0.286931
6U96-F-A	Positive	0.259434	0.740566
6DAD-C-A	Positive	0.492241	0.507759
6T5F-G-A	Positive	0.100698	0.899302
6T5F-H-B	Positive	0.290605	0.709395
6T5F-E-C	Positive	0.339255	0.660745
6T5F-F-D	Negative	0.789074	0.210926
6FEL-E-A	Negative	0.659813	0.340187
6URQ-D-A	Positive	0.456732	0.543268
6JXR-a-d	Negative	0.705963	0.294037
6JXR-b-d	Negative	0.580111	0.419889
6IGX-A-B	Negative	0.88151	0.11849
6IGX-C-D	Negative	0.92825	0.0717496
6I31-B-A	Negative	0.99299	0.00701035
6J19-B-A	Negative	0.937073	0.0629274
6GD5-B-A	Negative	0.991587	0.00841293
6CF6-D-A	Positive	0.0777431	0.922257
6CF6-C-B	Positive	0.0755364	0.924464
6B3J-P-R	Negative	0.976077	0.0239226
6L65-C-A	Negative	0.887871	0.112129
6MGN-B-A	Negative	0.975462	0.0245376
6Y2B-C-A	Negative	0.98098	0.0190196
6VJN-G-H	Negative	0.936296	0.0637036
6VJN-F-H	Negative	0.912647	0.0873529
6N3E-B-A	Positive	0.417673	0.582327
6Q9I-B-A	Negative	0.973733	0.0262665
6P9X-P-R	Negative	0.94951	0.0504896
6KIG-J-A	Negative	0.964144	0.0358556
6J5J-I-G	Negative	0.592263	0.407737
6J5J-i-8	Negative	0.946674	0.053326
6IVX-D-A	Negative	0.740258	0.259742
6UBE-B-S	Positive	0.326673	0.673327
6YIH-C-A	Negative	0.977656	0.0223441
6KEY-B-A	Negative	0.994365	0.00563551
6CWP-F-A	Positive	0.395779	0.604221
6Y26-C-A	Negative	0.956298	0.0437023
6Q00-B-A	Negative	0.936018	0.0639816
6XOI-C-A	Negative	0.892737	0.107263
6K81-B-A	Negative	0.969076	0.0309245
6XQI-F-A	Negative	0.97278	0.0272199
6XQI-I-B	Negative	0.99402	0.00598031
6MPZ-M-A	Positive	0.479817	0.520183
6VE5-B-A	Negative	0.986838	0.0131623
6D08-C-A	Negative	0.918648	0.0813525
6D08-D-B	Negative	0.867924	0.132076
6TYT-B-A	Negative	0.782191	0.217809
6TYT-C-A	Positive	0.468381	0.531619
6Y27-C-A	Negative	0.956298	0.0437023
6HIK-L-A	Negative	0.988689	0.0113105
6SBA-B-A	Negative	0.905572	0.0944282
6X5J-B-A	Negative	0.944447	0.0555527
6QEV-D-B	Negative	0.974412	0.0255876
6IMM-R-P	Negative	0.929691	0.0703093
6ICR-A-B	Negative	0.914888	0.0851124
6ICR-C-B	Negative	0.984886	0.0151139
6R5G-B-A	Negative	0.981951	0.018049
6E2Q-M-A	Negative	0.780293	0.219707
6E2Q-P-A	Negative	0.839341	0.160659
6FAI-d-i	Negative	0.944182	0.0558178
6M92-C-A	Positive	0.0628946	0.937105
6YSL-B-G	Negative	0.769126	0.230874
6YSL-A-F	Negative	0.820185	0.179815
6V2O-C-A	Negative	0.951398	0.0486019
6P6E-B-A	Negative	0.967509	0.032491
6P6E-C-A	Negative	0.908509	0.0914915
6CVJ-D-A	Negative	0.723333	0.276667
6B5P-A-H	Negative	0.979512	0.0204878
6G8I-P-A	Negative	0.640836	0.359164
6PFO-C-A	Positive	0.0869303	0.91307
6GR9-B-A	Negative	0.982876	0.0171235
6J0X-E-A	Positive	0.162354	0.837646
6KPB-B-C	Negative	0.98721	0.0127897
6HOL-C-A	Negative	0.994517	0.00548266
6HOL-D-B	Negative	0.994517	0.00548266
6EAT-I-A	Negative	0.994263	0.00573696
6TAS-G-A	Negative	0.960475	0.0395251
6OIT-G-A	Negative	0.979892	0.0201083
6FC6-B-A	Negative	0.81848	0.18152
6LPH-B-A	Negative	0.882551	0.117449
6YIE-C-A	Negative	0.930278	0.0697222
6TKK-B-A	Negative	0.819325	0.180675
6GWJ-D-B	Negative	0.948659	0.0513408
6PTE-C-A	Negative	0.924055	0.0759453
6RQJ-D-A	Negative	0.939437	0.0605628
6KVM-C-A	Negative	0.980082	0.0199182
6TDX-0-S	Negative	0.978301	0.021699
6Z0L-B-A	Negative	0.860619	0.139381
6M4Z-F-A	Negative	0.976427	0.0235726
6IGL-B-A	Positive	0.222059	0.777941
6JO6-J-A	Negative	0.99677	0.00322966
6JO6-K-A	Negative	0.911461	0.0885388
6OZ8-A-B	Negative	0.850264	0.149736
6JZD-B-A	Negative	0.973157	0.0268426
6JZD-C-A	Negative	0.827793	0.172207
6BJ8-C-A	Positive	0.405848	0.594152
6KHI-P-B	Positive	0.445758	0.554242
6KHI-Q-D	Negative	0.610221	0.389779
6A9C-E-B	Negative	0.976836	0.0231644
6Q0N-C-A	Positive	0.0119373	0.988063
6Q0N-D-B	Positive	0.191032	0.808968
6M4O-E-T	Positive	0.0222672	0.977733
6M4O-B-A	Negative	0.801516	0.198484
6F4T-B-A	Negative	0.59627	0.40373
6HKP-S-A	Positive	0.245402	0.754598
6MZB-C-B	Negative	0.979868	0.0201323
6MZB-D-B	Negative	0.97063	0.0293696
6R15-B-A	Negative	0.993168	0.00683202
6VB4-C-A	Negative	0.942324	0.0576758
6L7A-J-A	Negative	0.580445	0.419555
6U22-C-A	Negative	0.967385	0.0326145
6QZR-N-A	Negative	0.959954	0.0400457
6QZR-M-B	Negative	0.940184	0.0598156
6QZR-P-D	Negative	0.980577	0.0194232
6GK8-I-H	Negative	0.945205	0.0547948
6GZJ-B-A	Negative	0.943475	0.0565251
6DSL-A-B	Negative	0.963397	0.0366027
6DLC-B-A	Negative	0.799818	0.200182
6O26-C-A	Positive	0.146224	0.853776
6VXY-C-A	Negative	0.958581	0.0414194
6ZZX-J-A	Negative	0.980858	0.0191423
6ZZX-M-B	Negative	0.660434	0.339566
6UZP-C-A	Negative	0.701476	0.298524
6H8C-B-A	Negative	0.904104	0.0958957
6GMR-H-C	Negative	0.891075	0.108925
6XBW-f-a	Negative	0.786298	0.213702
6XBW-r-b	Positive	0.0503086	0.949691
6DN6-B-A	Negative	0.759684	0.240316
6TQU-C-A	Negative	0.701341	0.298659
6TQU-D-B	Negative	0.916772	0.0832284
6G4W-t-u	Negative	0.995304	0.00469595
6MLC-E-A	Positive	0.206761	0.793239
6IQG-C-A	Negative	0.579984	0.420016
6IQG-D-B	Negative	0.579984	0.420016
6H0F-C-B	Negative	0.977617	0.0223832
6KN8-Y-L	Negative	0.965981	0.0340192
6WGN-F-A	Positive	0.143828	0.856172
6NCP-F-B	Negative	0.74521	0.25479
6NCP-E-C	Negative	0.968125	0.0318745
6IWH-C-A	Negative	0.811904	0.188096
6OLE-y-C	Negative	0.968361	0.0316393
6R5L-P-A	Negative	0.856955	0.143045
6L03-F-A	Negative	0.863888	0.136112
6HMA-Z-L	Negative	0.983946	0.0160541
6PPK-d-E	Negative	0.969627	0.030373
6PDZ-D-A	Negative	0.858764	0.141236
6AKL-B-A	Negative	0.978522	0.0214785
6AKL-C-A	Negative	0.653867	0.346133
6ZR2-s-E	Negative	0.977231	0.0227694
6ZR2-c-O	Negative	0.767565	0.232435
6V4E-C-A	Negative	0.998988	0.00101175
6R59-E-A	Negative	0.791329	0.208671
6NV2-P-A	Negative	0.993849	0.00615078
6N4R-F-B	Negative	0.993976	0.00602379
6F0G-C-A	Negative	0.919606	0.0803941
6Q0U-C-A	Positive	0.0512059	0.948794
6J31-E-A	Positive	0.174043	0.825957
6I5N-K-A	Negative	0.87547	0.12453
6I5N-I-A	Negative	0.984563	0.0154371
6I5N-J-D	Negative	0.984563	0.0154371
6I5N-L-D	Negative	0.933067	0.066933
6RWL-E-A	Negative	0.917443	0.0825571
6J91-A-B	Negative	0.935555	0.0644455
6JMU-C-A	Negative	0.982104	0.017896
6JMU-D-B	Negative	0.975997	0.0240035
6E5N-A-B	Positive	0.106715	0.893285
6BGG-A-B	Negative	0.884377	0.115623
6YLH-l-X	Negative	0.947218	0.052782
6Z19-C-B	Positive	0.0563453	0.943655
6LYQ-O-A	Negative	0.934487	0.0655134
6NIX-C-A	Negative	0.741725	0.258275
6ZKB-4-L	Negative	0.907733	0.0922673
6IAM-B-A	Negative	0.944112	0.0558879
6IAM-C-A	Positive	0.456411	0.543589
6P9Y-P-R	Negative	0.81415	0.18585
6VQP-Q-A	Negative	0.990914	0.00908596
6GTQ-C-A	Negative	0.623303	0.376697
6GTQ-D-A	Negative	0.75549	0.24451
6XLZ-P-H	Negative	0.961513	0.0384872
6XLZ-A-H	Negative	0.910113	0.089887
6E5U-J-K	Negative	0.525271	0.474729
6G5G-P-B	Negative	0.996353	0.0036473
6BWA-B-A	Negative	0.659881	0.340119
6SK8-C-A	Negative	0.86271	0.13729
6SK8-D-B	Negative	0.957387	0.0426134
6GOS-A-1	Negative	0.553071	0.446929
6K3A-B-A	Negative	0.973804	0.0261964
6W25-B-A	Positive	0.475496	0.524504
6KBM-B-A	Positive	0.350924	0.649076
6XKW-h-n	Negative	0.544949	0.455051
6XKW-Y-n	Negative	0.530748	0.469252
6B9L-E-A	Negative	0.993819	0.00618115
6W3J-C-B	Negative	0.591388	0.408612
6J5I-i-8	Negative	0.941753	0.0582472
6VIL-I-A	Negative	0.55899	0.44101
6YNS-N-A	Negative	0.896528	0.103472
6YNS-Q-A	Negative	0.543837	0.456163
6YNS-T-A	Negative	0.87893	0.12107
6YNS-Y-B	Negative	0.905088	0.0949123
6YNS-S-D	Negative	0.834871	0.165129
6YNS-U-F	Negative	0.781988	0.218012
6XIC-I-B	Negative	0.603225	0.396775
6B5T-A-H	Negative	0.722287	0.277713
6LYR-P-A	Negative	0.829546	0.170454
6A5S-E-A	Positive	0.239751	0.760249
6BVA-E-D	Negative	0.90129	0.09871
6O8C-D-A	Negative	0.911045	0.0889548
6O8C-E-A	Negative	0.962308	0.037692
6E3J-B-A	Positive	0.0415615	0.958438
6HLW-B-A	Negative	0.929289	0.070711
6HLW-D-C	Negative	0.930744	0.0692556
6EQX-D-A	Negative	0.843635	0.156365
6E3D-B-A	Negative	0.819072	0.180928
6MS4-B-A	Negative	0.948203	0.0517974
6PXU-C-A	Positive	0.370938	0.629062
6PXU-D-B	Negative	0.769367	0.230633
6RLZ-C-A	Positive	0.467268	0.532732
6QXZ-B-A	Negative	0.840572	0.159428
6SQ2-D-A	Negative	0.982768	0.0172318
6SQ2-E-A	Negative	0.973397	0.0266028
6BSB-B-A	Negative	0.516065	0.483935
6BCY-C-A	Negative	0.857328	0.142672
6BCY-D-B	Negative	0.857328	0.142672
6BCY-H-F	Negative	0.700777	0.299223
6VBP-G-L	Negative	0.940298	0.0597015
6VBP-F-B	Negative	0.982871	0.0171291
6VBP-E-D	Negative	0.938509	0.0614914
6VBP-K-I	Negative	0.930034	0.0699663
6Y9P-C-A	Negative	0.683771	0.316229
6Y9P-H-A	Negative	0.895686	0.104314
6Y9P-J-A	Negative	0.848588	0.151412
6Y9P-D-B	Negative	0.52402	0.47598
6GZL-B-A	Negative	0.973384	0.0266158
6IQJ-C-B	Positive	0.457473	0.542527
6JPW-J-B	Negative	0.853883	0.146117
6MBC-B-A	Negative	0.756487	0.243513
6GB7-P-A	Positive	0.461094	0.538906
6GB7-R-C	Negative	0.921619	0.0783815
6VB6-C-A	Negative	0.883767	0.116233
6CIT-D-C	Negative	0.987331	0.0126689
6U1X-P-A	Negative	0.986117	0.0138832
6BW9-B-A	Positive	0.380118	0.619882
6T2E-B-A	Positive	0.0235917	0.976408
6CVN-D-A	Negative	0.715981	0.284019
6Y0V-E-A	Negative	0.986423	0.0135773
6VBX-B-A	Positive	0.43703	0.56297
6KKG-C-A	Negative	0.660702	0.339298
6VQY-F-A	Positive	0.275919	0.724081
6X1S-G-H	Positive	0.184915	0.815085
6X78-I-A	Negative	0.720602	0.279398
6ZW0-C-A	Negative	0.976584	0.0234158
6OS1-B-A	Positive	0.0137333	0.986267
6C4H-N-v	Negative	0.987915	0.0120852
6Q9F-B-A	Negative	0.973733	0.0262665
6A3E-D-C	Negative	0.981243	0.0187572
6V1A-C-A	Positive	0.0859022	0.914098
6LZ9-A-B	Negative	0.974163	0.0258375
6MRQ-I-A	Negative	0.924415	0.075585
6QC0-B-A	Negative	0.986667	0.013333
6SML-C-B	Positive	0.0707395	0.92926
6J4O-B-A	Negative	0.985234	0.014766
6ITC-B-A	Negative	0.654677	0.345323
6TJ6-C-A	Negative	0.968868	0.0311324
6RGO-C-A	Negative	0.995783	0.00421667
6RGO-D-A	Negative	0.987078	0.0129219
6VPZ-C-A	Negative	0.986074	0.0139257
6IRL-C-A	Positive	0.422964	0.577036
6SLJ-P-B	Negative	0.923786	0.0762141
6SLJ-Q-A	Negative	0.898526	0.101474
6NWA-J-A	Negative	0.970881	0.0291189
6E49-E-A	Positive	0.238513	0.761487
6E49-D-B	Negative	0.75509	0.24491
6AJ0-D-A	Negative	0.634681	0.365319
6QDS-B-A	Negative	0.956264	0.0437355
6TJ5-C-A	Negative	0.963221	0.0367792
6LJN-B-A	Positive	0.19454	0.80546
6K0T-D-C	Negative	0.954636	0.0453635
6JQ2-P-A	Negative	0.963949	0.0360506
6HC2-B-A	Negative	0.97124	0.0287601
6HC2-F-A	Negative	0.905148	0.0948525
6HC2-D-C	Negative	0.939153	0.0608467
6HC2-L-C	Negative	0.981892	0.0181084
6HC2-H-G	Negative	0.876936	0.123064
6HC2-J-I	Negative	0.985511	0.0144887
6HC2-N-K	Negative	0.987601	0.0123994
6HC2-R-M	Negative	0.9883	0.0116998
6HC2-P-O	Negative	0.992967	0.00703326
6HC2-T-S	Negative	0.961317	0.0386833
6HC2-X-S	Negative	0.988282	0.0117177
6HC2-V-U	Negative	0.988642	0.0113581
6MV5-P-H	Negative	0.973369	0.0266314
6EM1-s-O	Negative	0.976308	0.0236915
6C0Y-I-A	Negative	0.968448	0.0315516
6C0Y-M-A	Negative	0.846648	0.153352
6C0Y-L-D	Negative	0.842055	0.157945
6X45-E-C	Negative	0.977532	0.0224679
6X45-D-B	Negative	0.957388	0.0426116
6S7T-B-A	Negative	0.750507	0.249493
6S7T-K-A	Positive	0.188908	0.811092
6S7T-I-C	Negative	0.937953	0.062047
6UVA-P-E	Negative	0.584019	0.415981
6IAT-G-A	Negative	0.908323	0.0916768
6HOM-D-C	Negative	0.896735	0.103265
6V84-C-A	Negative	0.896436	0.103564
6V84-D-B	Negative	0.603856	0.396144
6UBH-E-A	Negative	0.69335	0.30665
6P3W-E-B	Positive	0.402033	0.597967
6P3W-F-D	Negative	0.842532	0.157468
6LQM-R-I	Negative	0.81338	0.186619
6MBB-B-A	Negative	0.709387	0.290613
6PBV-G-A	Negative	0.562297	0.437703
6SS9-C-A	Negative	0.869045	0.130955
6CCT-B-A	Positive	0.358265	0.641735
6XBE-F-A	Negative	0.952442	0.0475583
6SM3-C-A	Positive	0.0981642	0.901836
6H0E-I-H	Negative	0.661259	0.338741
6H0E-K-A	Negative	0.878465	0.121535
6DUQ-X-L	Negative	0.935444	0.0645559
6B5S-A-H	Negative	0.619946	0.380054
6X2V-D-C	Negative	0.903506	0.0964945
6WFY-P-H	Negative	0.773089	0.226912
6WQU-D-C	Negative	0.993795	0.0062046
6EKM-B-A	Negative	0.972258	0.0277424
6HV2-B-A	Negative	0.566847	0.433153
6BYL-G-A	Positive	0.327735	0.672265
6BYL-T-C	Positive	0.213713	0.786287
6BYL-P-D	Positive	0.0301168	0.969883
6XIE-I-B	Negative	0.733569	0.266431
6AAF-B-A	Negative	0.65494	0.34506
6IDX-C-A	Negative	0.96448	0.0355196
6XS9-C-A	Positive	0.22132	0.77868
6XS9-F-A	Positive	0.22132	0.77868
6SYF-E-A	Positive	0.189298	0.810702
6SYF-F-A	Negative	0.962821	0.0371792
6NRO-E-A	Negative	0.986154	0.0138455
6NRO-B-A	Negative	0.971714	0.0282856
6NRO-F-A	Negative	0.953135	0.0468646
6FDT-B-A	Negative	0.979384	0.0206164
6AXL-G-C	Negative	0.773089	0.226912
6SW9-0-7	Negative	0.978677	0.0213232
6I2G-B-A	Negative	0.950737	0.0492626
6YIC-P-A	Negative	0.947722	0.0522785
6HM5-B-A	Negative	0.782129	0.217871
6KBB-F-C	Negative	0.985768	0.0142321
6KBB-E-A	Negative	0.936945	0.0630554
6MAJ-B-A	Negative	0.984636	0.0153643
6X00-C-A	Positive	0.343814	0.656186
6BVB-H-V	Negative	0.951309	0.0486914
6LY5-j-A	Negative	0.947501	0.0524989
6LY5-i-B	Negative	0.976304	0.0236955
6LY5-m-B	Negative	0.747805	0.252195
6EAV-I-A	Negative	0.968534	0.0314664
6MUO-K-A	Negative	0.941252	0.0587485
6MUO-L-A	Negative	0.655117	0.344883
6CYT-C-B	Negative	0.940758	0.0592423
6F6D-B-A	Positive	0.0325589	0.967441
6D0X-C-A	Negative	0.68266	0.31734
6QMS-A-B	Negative	0.54886	0.45114
6ME1-F-A	Negative	0.899164	0.100836
6ME1-E-C	Positive	0.124294	0.875706
6BHE-B-A	Positive	0.406317	0.593683
6QBY-D-C	Negative	0.931572	0.0684283
6EF2-s-H	Negative	0.901027	0.0989734
6CD8-C-A	Positive	0.342773	0.657227
6ZYX-e-J	Negative	0.976916	0.023084
6SLI-P-A	Negative	0.829656	0.170345
6SLI-E-C	Negative	0.68517	0.31483
6WTA-Z-A	Negative	0.893564	0.106436
6WHZ-D-A	Positive	0.452061	0.547939
6TRW-D-A	Negative	0.991445	0.00855526
6YZH-D-A	Positive	0.478404	0.521596
6JZC-D-A	Negative	0.958323	0.0416768
6EAW-I-A	Negative	0.940334	0.0596658
6G07-R-A	Negative	0.97606	0.0239397
6G07-Q-B	Negative	0.988934	0.0110655
6A9X-A-D	Negative	0.954772	0.0452278
6SPZ-P-A	Negative	0.718656	0.281344
6GTR-C-A	Negative	0.801263	0.198737
6I2D-D-A	Negative	0.875403	0.124597
6JXX-B-A	Negative	0.982137	0.0178626
6GH1-P-A	Positive	0.130663	0.869337
6GH1-Q-C	Positive	0.130663	0.869337
6ZRD-P-A	Positive	0.489252	0.510748
6TQ0-B-A	Negative	0.828078	0.171922
6TQ0-D-A	Negative	0.627309	0.372691
6TQ0-P-A	Positive	0.461833	0.538167
6TQ0-F-C	Negative	0.850786	0.149214
6EJB-B-A	Positive	0.249132	0.750868
6VEN-P-O	Negative	0.980441	0.0195593
6VEN-Q-O	Negative	0.976719	0.0232814
6B27-G-A	Negative	0.991905	0.00809472
6B27-H-B	Negative	0.989832	0.0101675
6B27-I-C	Negative	0.990643	0.00935693
6B27-L-F	Negative	0.987189	0.0128108
6HL6-S-A	Positive	0.298836	0.701164
6MS1-C-A	Positive	0.301368	0.698632
6JLH-B-A	Negative	0.887166	0.112834
6HY7-B-A	Negative	0.760658	0.239342
6QDW-z-e	Negative	0.893973	0.106027
6V3Y-B-A	Positive	0.195965	0.804035
6XS5-B-A	Negative	0.930773	0.0692272
6S0Y-C-A	Negative	0.939871	0.0601287
6S0Y-D-B	Negative	0.896879	0.103121
6RMM-P-A	Negative	0.883353	0.116647
6BIR-C-A	Negative	0.979619	0.0203813
6W0L-P-A	Positive	0.362289	0.637711
6YMX-m-a	Negative	0.907846	0.092154
6I2T-J-B	Positive	0.478149	0.521851
6DRD-L-B	Negative	0.720056	0.279944
6XMI-F-A	Negative	0.963494	0.0365055
6XMI-C-A	Negative	0.98415	0.0158505
6LU8-1-4	Negative	0.939341	0.0606593
6LU8-z-4	Negative	0.974578	0.0254225
6OX5-Y-A	Negative	0.972785	0.0272153
6D3Y-C-A	Negative	0.962275	0.0377255
6T7Y-B-A	Negative	0.993059	0.00694102
6V7O-C-A	Negative	0.933579	0.0664211
6V7O-D-B	Positive	0.303895	0.696105
6WAU-G-A	Negative	0.693549	0.306451
6WAU-I-A	Negative	0.920245	0.079755
6WAU-L-C	Negative	0.683181	0.316819
6E4D-F-A	Positive	0.170507	0.829493
6QTO-B-A	Negative	0.782975	0.217025
6ERF-Q-B	Negative	0.722001	0.277999
6ERF-R-D	Negative	0.582062	0.417938
6D3Z-C-A	Negative	0.950164	0.0498363
6X0V-E-F	Negative	0.990496	0.00950377
6X0V-H-F	Negative	0.989389	0.0106115
6G3J-C-A	Negative	0.982811	0.0171894
6MT4-C-A	Positive	0.47553	0.52447
6G0R-C-A	Negative	0.925544	0.0744557
6IYC-E-A	Negative	0.967318	0.0326824
6YP7-l-a	Negative	0.972356	0.0276442
6YP7-t-a	Negative	0.933138	0.0668616
6YP7-x-b	Negative	0.960816	0.0391844
6YP7-T-b	Negative	0.933138	0.0668616
6YP7-k-c	Positive	0.0620423	0.937958
6YP7-J-A	Positive	0.188142	0.811858
6A33-I-A	Negative	0.846082	0.153918
6F0Y-B-A	Positive	0.453517	0.546483
6P8S-E-A	Negative	0.81713	0.18287
6P8S-F-B	Negative	0.981353	0.0186469
6UCM-A-B	Negative	0.976964	0.0230364
6GPZ-E-B	Positive	0.238711	0.761289
6JFO-B-A	Positive	0.204471	0.795529
6RK8-P-A	Positive	0.417622	0.582378
6F0F-B-A	Negative	0.732219	0.267781
6O09-I-C	Negative	0.991518	0.00848201
6O09-E-C	Negative	0.981221	0.0187786
6O09-G-A	Negative	0.990579	0.00942118
6J56-C-A	Negative	0.852564	0.147436
6QTW-B-A	Negative	0.868392	0.131608
6U72-C-B	Positive	0.296106	0.703894
6LOS-F-A	Positive	0.246214	0.753786
6LOS-G-A	Positive	0.110631	0.889369
6LOS-H-A	Negative	0.574157	0.425843
6FI4-B-A	Negative	0.701262	0.298738
6EJC-B-A	Negative	0.686745	0.313255
6QZW-F-C	Positive	0.370393	0.629607
6RIR-C-A	Negative	0.992987	0.00701337
6BXQ-A-B	Negative	0.899495	0.100504
6O3W-C-A	Negative	0.874482	0.125518
6O25-H-E	Negative	0.947425	0.0525752
6O25-L-I	Negative	0.570738	0.429262
6EIH-P-A	Negative	0.968903	0.0310969
6NKP-C-A	Positive	0.00472331	0.995277
6NKP-D-B	Positive	0.00472331	0.995277
6LJM-B-A	Negative	0.722059	0.277941
6FAD-E-A	Negative	0.826766	0.173234
6FAD-H-B	Negative	0.90933	0.0906702
6FAD-F-D	Negative	0.869015	0.130985
6DTN-A-B	Positive	0.221513	0.778487
6YBA-Y-A	Positive	0.154478	0.845522
6YBA-w-A	Positive	0.0560659	0.943934
6YBA-Q-D	Negative	0.555677	0.444323
6YBA-W-D	Positive	0.231834	0.768166
6EHT-E-B	Negative	0.882233	0.117767
6EHT-D-C	Negative	0.988493	0.0115073
6YPP-B-A	Negative	0.895228	0.104772
6XQB-D-A	Negative	0.995666	0.00433425
6J8E-D-A	Negative	0.897726	0.102274
6VQD-C-A	Negative	0.678163	0.321837
6BAE-D-A	Negative	0.649753	0.350247
6OPJ-B-A	Negative	0.90568	0.0943204
6RX4-C-A	Positive	0.343278	0.656722
6YIB-P-A	Positive	0.490118	0.509882
6HGM-B-A	Positive	0.248485	0.751515
6TXB-L-A	Negative	0.993941	0.00605949
6XRO-B-A	Positive	0.179073	0.820927
6I85-B-A	Negative	0.990733	0.00926732
6TNQ-B-A	Negative	0.870419	0.129581
6TNQ-D-A	Negative	0.957483	0.0425173
6TNQ-F-E	Negative	0.992215	0.00778469
6ULE-I-A	Negative	0.68404	0.31596
6U3I-B-A	Negative	0.977103	0.0228972
6ILD-C-A	Negative	0.972532	0.0274684
6B5N-A-H	Negative	0.912619	0.0873808
6UCI-C-A	Negative	0.971611	0.0283887
6C24-B-L	Negative	0.802319	0.197681
6V7Q-D-C	Negative	0.844399	0.155601
6Q5Y-E-A	Negative	0.669642	0.330358
6XS7-B-A	Negative	0.998371	0.00162948
6WI3-F-A	Negative	0.898306	0.101694
6WI3-H-C	Negative	0.790589	0.209411
6S1C-D-B	Positive	0.417682	0.582318
6BGL-l-A	Negative	0.830541	0.169459
6YOO-B-A	Negative	0.964202	0.035798
6K60-C-A	Negative	0.747044	0.252956
6O3Y-D-A	Negative	0.904658	0.0953416
6O3Y-E-B	Negative	0.796326	0.203674
6X1T-M-H	Negative	0.508348	0.491652
6X1T-R-H	Positive	0.181684	0.818316
6X1T-O-C	Positive	0.424552	0.575448
6J29-C-A	Negative	0.876742	0.123258
6BYJ-G-A	Positive	0.0606619	0.939338
6BYJ-T-C	Positive	0.0260718	0.973928
6BYJ-P-D	Negative	0.788126	0.211874
6X2U-D-C	Negative	0.958122	0.0418784
6TQR-E-A	Negative	0.803592	0.196408
6TQR-F-B	Negative	0.776941	0.223059
6KAF-l-r	Negative	0.927708	0.072292
6KAF-f-a	Negative	0.700655	0.299345
6KAF-i-a	Negative	0.805628	0.194372
6KAF-j-a	Positive	0.0101513	0.989849
6KAF-t-a	Negative	0.906958	0.0930418
6KAF-m-d	Negative	0.949875	0.0501254
6KAF-x-d	Negative	0.869637	0.130363
6KAF-y-z	Negative	0.71834	0.28166
6KAF-J-A	Positive	0.0101513	0.989849
6QMP-A-B	Negative	0.830802	0.169198
6XZI-B-A	Negative	0.787756	0.212244
6P25-D-B	Positive	0.0363314	0.963669
6RQF-O-I	Positive	0.476927	0.523073
6RQF-P-I	Negative	0.889873	0.110127
6RQF-M-K	Negative	0.944422	0.055578
6RQF-H-A	Negative	0.889873	0.110127
6U39-D-A	Negative	0.562696	0.437304
6U39-F-E	Positive	0.373758	0.626242
6U39-L-G	Positive	0.311791	0.688209
6U39-J-I	Negative	0.551768	0.448232
6U39-P-M	Negative	0.759908	0.240092
6U39-R-Q	Negative	0.833189	0.166811
6U39-T-Q	Negative	0.583352	0.416648
6EWC-C-A	Negative	0.948753	0.0512466
6F7T-D-A	Negative	0.974433	0.0255673
6WX7-B-A	Positive	0.251715	0.748285
6MUP-K-E	Negative	0.982314	0.0176862
6RM5-P-A	Positive	0.0578035	0.942196
6CSU-C-B	Negative	0.654104	0.345896
6CSU-A-B	Negative	0.854358	0.145642
6ACL-B-A	Negative	0.719535	0.280465
6M2K-C-A	Positive	0.0606239	0.939376
6H22-C-A	Positive	0.00424945	0.995751
6FHI-X-A	Positive	0.0205028	0.979497
6BZ9-C-A	Positive	0.173566	0.826434
6HZD-B-A	Negative	0.529202	0.470798
6RRK-C-B	Negative	0.98744	0.0125598
6X2R-D-C	Negative	0.932406	0.0675941
6FY0-P-H	Negative	0.872941	0.127059
6UHC-I-A	Negative	0.961285	0.0387148
6UHC-H-B	Negative	0.697087	0.302913
6DC8-P-L	Negative	0.749099	0.250901
6K06-A-C	Positive	0.433513	0.566487
6WM3-V-U	Positive	0.072429	0.927571
6NUF-C-A	Positive	0.273087	0.726913
6WKR-E-T	Negative	0.650592	0.349408
6WKR-B-A	Negative	0.938864	0.0611358
6C5X-G-A	Positive	0.3244	0.6756
6F1U-c-B	Negative	0.973723	0.0262774
6F1U-d-F	Negative	0.991922	0.00807793
6GDG-C-B	Negative	0.701625	0.298375
6C90-B-A	Negative	0.995859	0.00414108
6NJ8-E-B	Negative	0.969062	0.0309382
6XZJ-B-A	Negative	0.837372	0.162628
6X2W-D-C	Negative	0.963167	0.0368327
6VO5-C-A	Negative	0.923958	0.0760415
6VO5-D-B	Negative	0.580205	0.419795
6TKH-I-H	Negative	0.993947	0.00605258
6X1V-D-L	Positive	0.183094	0.816906
6D84-O-B	Negative	0.52854	0.47146
6GX9-C-A	Positive	0.184528	0.815472
6BZV-L-G	Negative	0.678548	0.321452
6HOS-C-A	Negative	0.804364	0.195636
6E21-B-A	Negative	0.870299	0.129701
6RM8-C-A	Negative	0.959528	0.0404719
6VWK-X-S	Positive	0.422306	0.577694
6VWK-Y-a	Positive	0.455818	0.544182
6Y3Z-B-A	Positive	0.057057	0.942943
6J7W-C-A	Negative	0.960299	0.0397011
6RK9-C-A	Negative	0.986905	0.0130953
6EJ9-B-A	Positive	0.251948	0.748052
6HLV-B-A	Negative	0.994672	0.00532801
6DB5-P-H	Negative	0.913395	0.0866052
6OO2-G-A	Positive	0.0874602	0.91254
6OO2-H-A	Negative	0.960567	0.0394333
6OO2-I-A	Negative	0.963313	0.0366875
6NQ3-D-B	Negative	0.984687	0.0153126
6G0S-D-A	Negative	0.800547	0.199453
6SH7-B-A	Negative	0.954255	0.0457448
6XA7-F-A	Positive	0.359178	0.640822
6XA7-G-C	Negative	0.727093	0.272907
6GP7-D-B	Positive	0.401239	0.598761
6OCX-J-A	Positive	0.183355	0.816645
6X5W-B-A	Positive	0.122351	0.877649
6URG-F-A	Negative	0.988866	0.011134
6EJ8-B-A	Positive	0.368466	0.631534
6ONI-D-B	Negative	0.832431	0.167569
6NSV-C-A	Negative	0.651214	0.348786
6J4S-B-A	Negative	0.993775	0.00622545
6TWB-H-A	Negative	0.986702	0.0132977
6TWB-B-A	Negative	0.824737	0.175263
6KYU-C-A	Negative	0.52527	0.47473
6AZ3-m-E	Negative	0.846203	0.153797
6Y1J-P-A	Negative	0.77596	0.22404
6F4R-B-A	Positive	0.27376	0.72624
6QTV-B-A	Negative	0.950336	0.0496644
6OCG-B-A	Negative	0.94933	0.0506698
6YNC-B-A	Negative	0.617231	0.382769
6SIF-G-A	Negative	0.847306	0.152694
6AZK-E-A	Negative	0.950227	0.0497732
6BIY-C-A	Negative	0.609148	0.390852
6WAS-J-H	Negative	0.866216	0.133784
6QNS-S-A	Negative	0.992511	0.00748858
6I2H-D-A	Negative	0.875403	0.124597
6CX1-D-A	Negative	0.874428	0.125572
6R2G-C-A	Negative	0.990608	0.00939199
6B4E-C-B	Negative	0.846188	0.153812
6B4E-D-B	Negative	0.830291	0.169709
6SS8-C-A	Negative	0.739572	0.260428
6EOP-D-A	Negative	0.578934	0.421066
6XWT-E-A	Negative	0.989038	0.0109618
6XWT-F-A	Negative	0.991431	0.00856884
6NBY-Q-D	Negative	0.843704	0.156296
6B9M-D-A	Negative	0.927331	0.0726687
6P7E-U-A	Negative	0.780743	0.219257
6P7E-W-C	Negative	0.891912	0.108088
6XZH-B-A	Negative	0.837372	0.162628
6EFK-C-A	Negative	0.815591	0.184409
6TUT-I-A	Negative	0.979491	0.0205085
6DZ6-B-A	Negative	0.987701	0.0122986
6Z2P-C-A	Positive	0.127418	0.872582
6MSU-C-A	Negative	0.941597	0.0584033
6OV7-C-A	Negative	0.98994	0.0100605
6OV7-D-B	Negative	0.98411	0.0158902
6MJC-B-A	Negative	0.952772	0.0472278
6OCF-B-A	Negative	0.973302	0.0266983
6V55-Q-A	Negative	0.936438	0.0635617
6OCH-B-A	Negative	0.978339	0.0216614
6OCH-D-C	Negative	0.962221	0.0377793
6PZA-D-C	Negative	0.94842	0.0515802
6CT7-S-L	Negative	0.9272	0.0727999
6H1E-S-A	Positive	0.168763	0.831237
6PIT-D-B	Negative	0.948871	0.0511286
6WHQ-F-A	Negative	0.656576	0.343424
6WHQ-H-C	Positive	0.242617	0.757383
6EU1-I-A	Negative	0.97867	0.0213301
6ND1-D-B	Negative	0.955315	0.0446853
6B7G-B-A	Negative	0.997603	0.0023971
6M90-C-A	Positive	0.118545	0.881455
6ASR-B-A	Negative	0.944938	0.0550625
6J9H-A-B	Negative	0.966892	0.0331079
6J9H-C-D	Negative	0.967759	0.0322412
6JJZ-C-A	Negative	0.815995	0.184005
6OI4-E-A	Negative	0.996578	0.00342183
6OI4-F-B	Negative	0.991227	0.00877343
6CPN-C-A	Positive	0.0878394	0.912161
6MTU-C-A	Negative	0.971496	0.0285036
6PWC-B-R	Negative	0.871945	0.128055
6VRO-B-A	Negative	0.96234	0.0376598
6R7W-B-A	Negative	0.963621	0.0363786
6AE8-C-A	Negative	0.993535	0.00646513
6AE8-D-B	Negative	0.987621	0.0123788
6G3K-C-A	Negative	0.918766	0.0812342
6BVH-I-A	Negative	0.973234	0.0267656
6J4Q-B-A	Negative	0.936714	0.0632863
6J4Q-K-C	Negative	0.951694	0.048306
6J4Q-G-F	Negative	0.926998	0.0730017
6ZON-J-d	Negative	0.979031	0.0209685
6MNL-A-B	Negative	0.677972	0.322028
6J9L-E-A	Negative	0.98889	0.0111102
6YAC-J-A	Negative	0.984156	0.0158441
6JJW-U-A	Negative	0.794746	0.205254
6LEA-E-A	Negative	0.937534	0.0624656
6L7P-Q-D	Negative	0.653913	0.346087
6L9M-C-A	Positive	0.290184	0.709816
6XRP-B-A	Positive	0.252787	0.747213
6MA3-B-A	Positive	0.182301	0.817699
6DO3-C-A	Positive	0.301598	0.698402
6VJT-P-H	Negative	0.653847	0.346153
6A3C-D-C	Negative	0.99428	0.00572007
6BAH-D-A	Negative	0.977783	0.0222171
6QLD-C-a	Negative	0.883615	0.116385
6ZFM-C-A	Positive	0.165433	0.834567
6ZFM-F-A	Positive	0.165433	0.834567
6BZD-G-A	Positive	0.430152	0.569848
6BHH-B-A	Negative	0.933091	0.0669089
6RPR-G-D	Negative	0.955722	0.0442779
6T7Z-B-A	Negative	0.768064	0.231936
6XNJ-B-A	Negative	0.992066	0.00793357
6RXP-D-A	Negative	0.943671	0.0563287
6J67-C-A	Positive	0.0873924	0.912608
6KBN-B-A	Negative	0.970136	0.029864
6T0B-l-a	Negative	0.94178	0.05822
6XS8-B-A	Positive	0.310116	0.689884
6WXK-E-A	Negative	0.996989	0.00301121
6NCA-U-A	Negative	0.503942	0.496058
6XWV-E-A	Negative	0.911941	0.0880588
6JCU-B-A	Negative	0.957843	0.0421566
6OX3-Y-A	Negative	0.973546	0.0264537
6OX3-Z-B	Negative	0.973546	0.0264537
6M24-C-A	Negative	0.583437	0.416563
6WBV-B-A	Negative	0.987594	0.0124058
6J69-B-A	Negative	0.563137	0.436863
6BNT-B-A	Negative	0.839995	0.160005
6SSA-C-A	Negative	0.95077	0.0492299
6NF3-A-B	Negative	0.941296	0.0587038
6AZM-E-A	Positive	0.417075	0.582925
6BQT-C-A	Negative	0.948069	0.0519312
6BQT-I-G	Negative	0.946538	0.0534615
6BQT-L-J	Negative	0.946538	0.0534615
6HGD-B-A	Negative	0.566306	0.433694
6ZN3-C-A	Negative	0.978555	0.0214449
6LYC-B-A	Positive	0.0202168	0.979783
6YCR-B-A	Positive	0.0014683	0.998532
6JY3-L-A	Negative	0.69558	0.304421
6IAK-G-C	Negative	0.969879	0.0301212
6U8H-C-A	Negative	0.523228	0.476772
6HGG-B-A	Positive	0.258402	0.741598
6A2B-C-A	Positive	0.317851	0.682149
6ATF-C-A	Positive	0.425975	0.574025
6ULT-K-A	Positive	0.129908	0.870092
6ULT-J-C	Positive	0.0438856	0.956114
6ULT-I-H	Negative	0.844932	0.155068
6UAB-B-A	Positive	0.227437	0.772563
6V63-Y-A	Negative	0.970212	0.0297879
6JH9-B-A	Negative	0.88537	0.11463
6SKI-A-F	Negative	0.947302	0.0526975
6MYE-B-A	Negative	0.99178	0.00822034
6IBO-C-A	Positive	0.0218246	0.978175
6PJR-B-A	Positive	0.247224	0.752776
6HA8-4-G	Negative	0.96349	0.0365105
6EF3-n-1	Negative	0.600526	0.399474
6EF3-s-A	Negative	0.708411	0.291589
6DCA-P-L	Negative	0.854855	0.145145
6DCA-R-N	Negative	0.854855	0.145145
6E4Z-P-H	Negative	0.941252	0.0587482
6D0Y-B-C	Negative	0.996141	0.00385948
6UK2-C-A	Negative	0.644742	0.355258
6A5X-B-A	Negative	0.989522	0.0104779
6YEF-5-7	Negative	0.942213	0.0577869
6H7B-B-A	Negative	0.943917	0.0560834
6GY2-C-A	Negative	0.808697	0.191303
6ZZY-J-A	Negative	0.980858	0.0191423
6IN9-D-A	Negative	0.974627	0.0253725
6IN9-C-B	Negative	0.936925	0.0630753
6DU3-C-A	Positive	0.482827	0.517173
6DU3-D-A	Negative	0.81608	0.18392
6UZM-C-A	Negative	0.701476	0.298524
6YIA-P-A	Negative	0.610377	0.389623
6YLI-B-A	Negative	0.995937	0.0040627
6YLI-D-A	Negative	0.99442	0.00558015
6VJZ-D-C	Negative	0.738988	0.261012
6IGZ-J-A	Negative	0.981406	0.0185937
6IGZ-M-B	Negative	0.893973	0.106027
6BX3-M-K	Negative	0.977038	0.0229616
6BX3-N-K	Negative	0.979804	0.0201964
6IW8-A-C	Negative	0.89692	0.10308
6MRY-E-A	Negative	0.992037	0.0079625
6MRY-G-A	Negative	0.990718	0.00928157
6MRY-C-B	Negative	0.992037	0.0079625
6EAX-I-A	Negative	0.934302	0.065698
6BUT-B-A	Negative	0.758403	0.241597
6GXC-B-A	Positive	0.119816	0.880184
6UUS-P-R	Negative	0.850528	0.149472
6OBD-E-A	Positive	0.218822	0.781178
6BHI-B-A	Negative	0.933091	0.0669089
6RFK-I-S	Positive	0.06341	0.93659
6H9U-B-A	Negative	0.834946	0.165054
6F4Q-B-A	Negative	0.809919	0.190081
6SL5-J-A	Negative	0.989722	0.0102776
6PTB-C-A	Negative	0.588394	0.411606
6PTB-F-D	Negative	0.588394	0.411606
6MDO-H-A	Negative	0.932097	0.0679032
6UUQ-B-A	Negative	0.938879	0.0611212
6KHZ-D-A	Negative	0.874275	0.125725
6ZN2-B-A	Positive	0.0606599	0.93934
6SLG-B-A	Negative	0.98724	0.0127599
6F09-A-P	Negative	0.902983	0.0970165
6F09-B-Q	Negative	0.748926	0.251074
6F09-C-R	Positive	0.119109	0.880891
6F09-D-S	Negative	0.894966	0.105034
6G8J-P-A	Positive	0.355327	0.644673
6GKF-J-B	Negative	0.837703	0.162297
6GKF-L-D	Negative	0.97868	0.0213199
6Y58-P-A	Negative	0.991967	0.00803261
6YKR-F-A	Negative	0.842169	0.157831
6YKR-G-A	Positive	0.409524	0.590476
6F38-c-B	Negative	0.962746	0.0372545
6NBI-P-R	Positive	0.484035	0.515965
6WN4-C-A	Positive	0.391189	0.608811
6C1Q-L-B	Positive	0.0530144	0.946986
6TED-L-B	Negative	0.897827	0.102173
6TED-X-H	Negative	0.988058	0.0119417
6IIW-B-A	Positive	0.0662654	0.933735
6I0Y-7-E	Negative	0.995378	0.00462211
6K3F-U-A	Negative	0.990591	0.00940871
6K3F-Y-A	Negative	0.978051	0.0219486
6K3F-W-C	Negative	0.886143	0.113857
6TDZ-h-M	Negative	0.954524	0.0454758
6TDZ-c-M	Negative	0.60787	0.39213
6BPI-B-A	Positive	0.0223948	0.977605
6HFA-C-A	Positive	0.327449	0.672551
6FI5-B-A	Negative	0.910592	0.089408
6BLH-G-L	Positive	0.366271	0.633729
6EVO-C-A	Negative	0.709752	0.290248
6HK4-N-A	Negative	0.631996	0.368004
6PW6-G-A	Negative	0.954595	0.0454052
6SQK-E-A	Negative	0.849436	0.150564
6PSE-C-A	Negative	0.965183	0.0348167
6IY0-I-G	Negative	0.858717	0.141283
6IY0-J-H	Negative	0.642527	0.357473
6PWV-E-D	Negative	0.938487	0.0615125
6N3F-D-A	Positive	0.429986	0.570014
6L7I-H-G	Negative	0.973375	0.0266254
6X8Q-P-H	Positive	0.327144	0.672856
6T7V-I-A	Negative	0.926852	0.0731477
6B5L-A-H	Negative	0.942428	0.0575723
6XVD-P-U	Negative	0.928661	0.0713385
6PB1-U-P	Negative	0.993253	0.00674664
6PBH-C-A	Negative	0.794991	0.205009
6H6A-E-D	Positive	0.0663188	0.933681
6H6A-H-G	Negative	0.826596	0.173404
6ZQS-B-A	Positive	0.372061	0.627939
6J4P-B-A	Negative	0.982637	0.0173632
6QIU-P-A	Negative	0.815203	0.184797
6V0O-D-A	Negative	0.924139	0.0758615
6PLH-C-A	Negative	0.824275	0.175725
6BI7-B-A	Negative	0.989015	0.0109854
6BI7-D-A	Negative	0.988348	0.0116515
6BI7-H-C	Negative	0.960104	0.0398959
6BI7-F-E	Negative	0.942872	0.057128
6DC9-P-H	Negative	0.770588	0.229412
6Y3M-P-A	Negative	0.503099	0.496901
6GH4-P-A	Positive	0.250138	0.749862
6ZBR-P-V	Positive	0.212818	0.787182
6OS9-L-R	Negative	0.938556	0.0614442
6X8S-P-H	Negative	0.740249	0.259751
6F8G-E-A	Negative	0.594477	0.405523
6F8G-F-A	Negative	0.660218	0.339782
6F8G-H-B	Positive	0.412446	0.587554
6AXJ-G-A	Negative	0.574994	0.425006
6B55-B-G	Negative	0.996268	0.00373232
6B55-H-G	Negative	0.996268	0.00373232
6B55-K-I	Negative	0.996268	0.00373232
6O3L-E-B	Negative	0.758647	0.241353
6XZZ-B-A	Negative	0.878886	0.121114
6WZZ-B-A	Negative	0.935546	0.0644536
6RHC-P-A	Negative	0.826222	0.173778
6Z3F-P-V	Positive	0.150753	0.849247
6Z1R-h-B	Negative	0.92539	0.0746103
6B4F-C-B	Negative	0.987253	0.0127466
6WLY-B-A	Negative	0.777438	0.222562
6AAW-B-A	Positive	0.068883	0.931117
6NT9-C-A	Negative	0.942139	0.0578609
6G90-J-E	Negative	0.953696	0.046304
6V00-C-A	Negative	0.884418	0.115582
6UM2-B-A	Negative	0.958616	0.0413839
6M6H-P-G	Negative	0.712918	0.287082
6MF6-C-A	Negative	0.889899	0.110101
6MF6-D-B	Negative	0.807258	0.192742
6TMS-Q-D	Negative	0.845367	0.154633
6KYW-C-A	Negative	0.804159	0.195841
6EW9-P-A	Negative	0.815796	0.184204
6TS3-C-A	Negative	0.765765	0.234235
6TS3-D-A	Negative	0.711724	0.288276
6QK8-E-A	Positive	0.482517	0.517483
6QK8-G-A	Negative	0.81574	0.18426
6DQT-B-A	Positive	0.184055	0.815945
6IXP-B-A	Negative	0.971269	0.0287306
6IXP-C-A	Negative	0.914849	0.0851511
6D01-I-A	Negative	0.624695	0.375305
6D01-J-E	Negative	0.624695	0.375305
6BSC-B-A	Negative	0.663464	0.336536
6OVF-C-A	Negative	0.963698	0.0363022
6FC3-B-A	Negative	0.975674	0.0243257
6UOE-P-H	Negative	0.972778	0.0272219
6JWM-B-A	Negative	0.680181	0.319819
6YN0-B-A	Negative	0.898209	0.101791
6CGV-W-A	Positive	0.100304	0.899696
6PFY-f-Y	Negative	0.97822	0.0217805
6QJ4-B-A	Negative	0.980723	0.0192768
6LPB-P-R	Negative	0.760736	0.239264
6BJC-T-A	Negative	0.993845	0.00615514
6WHO-H-C	Negative	0.656576	0.343424
6UA3-B-A	Positive	0.0613227	0.938677
6YPC-H-K	Negative	0.838937	0.161063
6L63-B-A	Positive	0.0855986	0.914401
6BIN-C-A	Negative	0.530708	0.469292
6S8R-B-A	Negative	0.694555	0.305445
6MM5-C-E	Positive	0.0303759	0.969624
6O20-E-F	Negative	0.983849	0.016151
6CDC-C-A	Positive	0.472169	0.527831
6RYF-G-A	Negative	0.614566	0.385434
6JMT-L-A	Negative	0.948371	0.0516287
6PB0-U-R	Negative	0.985716	0.0142839
6CV2-D-A	Negative	0.908963	0.0910368
6G0P-B-A	Positive	0.445952	0.554048
6HWH-M-A	Negative	0.650954	0.349046
6HWH-K-B	Negative	0.650954	0.349046
6DZK-g-M	Negative	0.675293	0.324707
6TQS-G-A	Positive	0.45076	0.54924
6TQS-H-B	Positive	0.220722	0.779278
6ACE-B-A	Negative	0.975458	0.0245419
6KDR-D-A	Positive	0.33872	0.66128
6KDR-E-A	Negative	0.755086	0.244914
6F1Z-o-s	Negative	0.981529	0.0184705
6F1Z-p-s	Negative	0.912409	0.0875908
6FTP-B-A	Positive	0.175638	0.824362
6PZV-D-A	Negative	0.973486	0.0265141
6PZV-H-E	Negative	0.96556	0.0344401
6LP3-C-A	Negative	0.93497	0.0650295
6CZO-B-A	Negative	0.933903	0.0660971
6CZO-D-A	Negative	0.990238	0.0097618
6UYS-B-A	Negative	0.723145	0.276855
6GRG-A-1	Positive	0.405322	0.594678
6WBA-C-A	Negative	0.899793	0.100207
6WBA-B-A	Negative	0.900491	0.0995095
6D94-B-A	Negative	0.988635	0.0113649
6E3I-B-A	Positive	0.192866	0.807134
6E8R-C-A	Negative	0.87985	0.12015
6E8R-D-B	Negative	0.809509	0.190491
6ESB-7-6	Negative	0.869402	0.130598
6VME-D-B	Negative	0.945643	0.0543568
6VME-P-F	Negative	0.952741	0.0472594
6VME-Q-G	Negative	0.891478	0.108522
6VME-R-H	Negative	0.890417	0.109583
6VME-A-I	Negative	0.923391	0.0766086
6VME-T-J	Negative	0.855015	0.144985
6WBB-C-I	Negative	0.651751	0.348249
6WBB-B-I	Negative	0.749555	0.250445
6D29-C-A	Negative	0.995621	0.00437874
6WHN-F-A	Negative	0.685341	0.314659
6IXR-B-A	Negative	0.992118	0.00788242
6RU8-E-A	Negative	0.628263	0.371737
6RU8-F-A	Negative	0.861029	0.138971
6RU8-G-C	Negative	0.679324	0.320676
6TDB-F-A	Negative	0.862077	0.137923
6TDB-J-C	Negative	0.799727	0.200273
6TDB-K-D	Negative	0.929749	0.0702509
6QTM-F-A	Negative	0.544319	0.455681
6Z5S-A-W	Positive	0.0299295	0.97007
6Z5S-6-M	Negative	0.949519	0.0504808
6Z5S-4-M	Negative	0.835586	0.164414
6WZX-C-A	Negative	0.944912	0.0550878
6WZX-D-B	Negative	0.915734	0.0842661
6J5A-d-f	Negative	0.973735	0.0262649
6J5A-8-a	Negative	0.923348	0.0766524
6Z9V-C-A	Positive	0.492958	0.507042
6Z9V-F-D	Positive	0.492958	0.507042
6MNS-P-H	Positive	0.146997	0.853003
6MNS-Q-A	Positive	0.209142	0.790858
6KC4-B-A	Negative	0.915376	0.084624
6KC4-D-C	Negative	0.906022	0.0939784
6M91-C-A	Positive	0.160294	0.839706
6FIK-C-A	Negative	0.983519	0.0164805
6IC9-C-A	Positive	0.0607857	0.939214
6IC9-D-B	Negative	0.68241	0.31759
6P5L-D-A	Negative	0.754164	0.245836
6TYI-Y-A	Negative	0.653559	0.346441
6TYI-Z-B	Negative	0.826128	0.173872
6BCR-C-A	Negative	0.991129	0.00887097
6BCR-G-E	Negative	0.997578	0.00242198
6PAV-D-B	Negative	0.928452	0.0715478
6PAV-C-A	Negative	0.979292	0.0207079
6QU1-D-A	Negative	0.858386	0.141614
6RHE-D-A	Negative	0.930411	0.0695895
6JH8-B-A	Negative	0.905435	0.0945646
6HZB-B-A	Negative	0.682301	0.317699
6BJ5-F-B	Positive	0.0436355	0.956365
6BJ5-H-B	Positive	0.158305	0.841695
6BJ5-G-A	Positive	0.0892284	0.910772
6IFG-E-A	Positive	0.24706	0.75294
6TYZ-B-A	Positive	0.43385	0.56615
6RMA-B-A	Positive	0.32433	0.67567
6Q6H-S-L	Negative	0.986673	0.0133273
6DQU-B-A	Negative	0.946171	0.0538294
6D40-C-A	Negative	0.966033	0.0339666
6ULF-P-A	Negative	0.865474	0.134526
6WA9-S-A	Negative	0.984634	0.0153657
6TWC-C-A	Negative	0.992185	0.00781464
6QNO-G-B	Negative	0.87164	0.12836
6VBO-C-L	Negative	0.971458	0.0285422
6C48-F-A	Negative	0.988673	0.0113267
6DQR-B-A	Positive	0.311034	0.688966
6I4X-D-A	Negative	0.950376	0.0496238
6ADO-A-C	Negative	0.962321	0.037679
6ADO-B-C	Negative	0.981436	0.018564
6ADO-D-C	Negative	0.99353	0.00647035
6R2L-C-A	Negative	0.959681	0.0403185
6UUD-A-H	Negative	0.914363	0.0856367
6Y9O-C-A	Positive	0.0418333	0.958167
6YBB-C-A	Negative	0.942435	0.0575647
6LU1-F-A	Positive	0.372716	0.627284
6LU1-J-A	Negative	0.968802	0.0311977
6LU1-M-B	Negative	0.933065	0.0669354
6EU0-I-A	Negative	0.986477	0.0135227
6Y40-P-A	Positive	0.0615813	0.938419
6XYX-D-A	Negative	0.998206	0.00179382
6N3Q-B-A	Negative	0.590535	0.409465
6WX9-B-A	Positive	0.418591	0.581409
6FHU-F-A	Negative	0.595939	0.404061
6OS2-B-A	Positive	0.113907	0.886093
6YAN-l-Q	Negative	0.912175	0.0878248
6M94-C-A	Positive	0.0324448	0.967555
6AK2-D-A	Negative	0.977965	0.0220352
6FRK-t-x	Negative	0.880066	0.119934
6F9I-X-A	Positive	0.241844	0.758156
6F9I-C-B	Negative	0.873719	0.126281
6U0O-D-B	Positive	0.246718	0.753282
6A5E-E-A	Negative	0.709851	0.290149
6TGX-C-A	Positive	0.303613	0.696387
6BD2-C-A	Negative	0.604593	0.395407
6UML-E-C	Negative	0.912534	0.0874664
6ULV-E-A	Positive	0.206652	0.793348
6SNE-O-A	Positive	0.450984	0.549016
6SNE-N-E	Negative	0.519041	0.480959
6SNE-P-E	Negative	0.54147	0.45853
6SNE-J-C	Positive	0.0178355	0.982165
6DUB-E-A	Positive	0.233366	0.766634
6DUB-F-B	Positive	0.233366	0.766634
6KAC-J-A	Positive	0.145684	0.854316
6KAC-L-A	Negative	0.96154	0.0384596
6KAC-U-B	Negative	0.934808	0.0651919
6KAC-V-C	Negative	0.574495	0.425505
6KAC-4-C	Positive	0.101228	0.898772
6KAC-X-D	Negative	0.869637	0.130363
6KAC-1-E	Positive	0.168662	0.831338
6MPP-B-A	Positive	0.499156	0.500844
6X8P-P-H	Positive	0.459663	0.540337
6XIB-I-B	Negative	0.938774	0.0612265
6OSW-B-A	Positive	0.403372	0.596628
6HUM-P-D	Negative	0.540897	0.459103
6HUM-Q-D	Negative	0.794441	0.205559
6NSX-B-A	Negative	0.980724	0.0192756
6P07-G-A	Negative	0.854543	0.145457
6BFC-a-A	Negative	0.77732	0.22268
6BFC-b-B	Negative	0.942668	0.0573324
6IWW-B-A	Negative	0.669596	0.330404
6MSL-C-A	Negative	0.955951	0.044049
6P8B-L-A	Positive	0.180876	0.819124
6QTU-B-A	Negative	0.692994	0.307006
6YA7-C-A	Negative	0.582455	0.417545
6WH8-C-B	Positive	0.208099	0.791901
6TQP-B-A	Negative	0.802121	0.197879
6HGF-B-A	Positive	0.325571	0.674429
6UGD-G-A	Negative	0.879528	0.120472
6X6M-B-A	Positive	0.0278204	0.97218
6EX9-B-A	Positive	0.030697	0.969303
6Q97-6-D	Positive	0.134664	0.865336
6Q97-f-F	Negative	0.815523	0.184477
6NJG-B-C	Negative	0.989663	0.0103369
6IUA-B-A	Negative	0.932179	0.0678213
6HGT-E-A	Positive	0.0274246	0.972575
6HGT-F-B	Positive	0.0216974	0.978303
6EDS-C-A	Negative	0.991999	0.00800137
6BRA-S-A	Negative	0.59849	0.40151
6TRA-J-A	Negative	0.970453	0.0295469
6Y4P-B-A	Negative	0.959795	0.0402052
6YLU-B-A	Negative	0.850534	0.149466
6CV1-D-A	Negative	0.955701	0.044299
6CXG-A-L	Positive	0.0986264	0.901374
6CXG-C-H	Positive	0.0166433	0.983357
6XAR-C-A	Negative	0.689705	0.310295
6VPX-G-H	Positive	0.427638	0.572362
6WPW-P-R	Negative	0.986448	0.0135521
6AF0-C-A	Negative	0.73229	0.26771
6M64-B-A	Negative	0.882193	0.117807
6M64-D-C	Negative	0.94981	0.0501899
6M64-F-E	Negative	0.944342	0.0556578
6C16-C-A	Negative	0.815131	0.184869
6C16-F-B	Negative	0.914591	0.0854085
6HLD-B-A	Negative	0.5907	0.4093
6RBE-O-B	Negative	0.868661	0.131339
6UZV-J-A	Negative	0.970881	0.0291189
6UZV-M-B	Negative	0.850838	0.149162
6SNC-C-A	Positive	0.238949	0.761051
6IIJ-D-A	Negative	0.995316	0.00468418
6WSL-D-C	Negative	0.991504	0.00849623
6IEU-C-A	Negative	0.809	0.191
6KZJ-B-A	Negative	0.969061	0.0309391
6KZJ-C-A	Negative	0.913901	0.0860988
6S8X-D-A	Negative	0.717193	0.282807
6S8X-E-B	Negative	0.865637	0.134363
6Q68-B-A	Negative	0.962557	0.0374426
6QZY-B-A	Negative	0.790509	0.209491
6LDW-C-L	Positive	0.00145	0.99855
6CBZ-C-A	Positive	0.472324	0.527676
6EJE-B-A	Positive	0.119619	0.880381
6N4I-E-A	Negative	0.993976	0.00602379
6ZXR-B-A	Negative	0.798823	0.201177
6W6W-B-A	Negative	0.805398	0.194602
6N9T-E-A	Negative	0.914891	0.0851089
6D07-C-A	Positive	0.442354	0.557646
6DEI-C-A	Negative	0.95194	0.0480598
6DEI-D-A	Negative	0.984974	0.0150263
6D2R-C-A	Positive	0.163762	0.836238
6Z9W-C-A	Positive	0.0406823	0.959318
6HIL-L-A	Negative	0.96598	0.0340203
6V4F-B-A	Negative	0.979863	0.0201368
6Z7Y-H-A	Positive	0.475596	0.524404
6Z7Y-F-C	Positive	0.366769	0.633231
6C0H-C-A	Negative	0.900432	0.0995677
6X1U-D-H	Positive	0.317355	0.682645
6TBT-C-A	Negative	0.747198	0.252802
6F3A-c-B	Negative	0.981315	0.018685
6F3A-j-f	Negative	0.982893	0.0171069
6FHS-H-C	Negative	0.68303	0.31697
6WJN-e-V	Negative	0.955916	0.0440835
6AM5-C-A	Negative	0.981689	0.0183113
6ZCD-P-V	Positive	0.256399	0.743601
6O2A-F-A	Negative	0.958885	0.0411149
6O2A-G-C	Negative	0.958885	0.0411149
6OLF-y-C	Negative	0.968361	0.0316393
6XWD-P-A	Negative	0.925055	0.0749451
6K68-E-A	Negative	0.989505	0.0104955
6ILF-C-A	Negative	0.911357	0.0886425
6S6Q-C-A	Negative	0.996313	0.00368674
6O8B-D-A	Negative	0.995346	0.00465363
6O8B-E-A	Negative	0.991201	0.00879897
6A5Q-E-B	Positive	0.42232	0.57768
6A5Q-F-A	Positive	0.459687	0.540313
6T9J-B-I	Negative	0.975898	0.0241023
6Y4O-B-A	Negative	0.950305	0.049695
6BYK-K-A	Negative	0.630472	0.369528
6BYK-G-B	Negative	0.765236	0.234764
6BYK-R-C	Negative	0.745115	0.254885
6O3X-D-A	Positive	0.0567761	0.943224
6FJ3-B-A	Negative	0.982915	0.0170845
6FO2-V-N	Negative	0.982682	0.0173177
6S9K-B-A	Negative	0.952719	0.0472811
6EF0-s-I	Negative	0.910159	0.0898407
6O4Z-C-A	Negative	0.536653	0.463347
6IXQ-B-A	Positive	0.382427	0.617573
6M71-D-A	Negative	0.996369	0.00363072
6NID-D-A	Negative	0.936456	0.0635442
6NID-E-A	Negative	0.858953	0.141047
6IEX-C-A	Negative	0.823068	0.176932
6VTW-A-L	Negative	0.933845	0.0661553
6V6A-B-A	Negative	0.968401	0.0315992
6V6A-D-A	Negative	0.968401	0.0315992
6RD2-C-B	Negative	0.67247	0.32753
6QTC-B-A	Positive	0.0868605	0.91314
6Z2Q-D-A	Positive	0.0374215	0.962579
6SOF-H-A	Negative	0.538882	0.461118
6JJY-U-A	Negative	0.849246	0.150754
6FMQ-D-A	Negative	0.871786	0.128214
6O21-B-A	Negative	0.893581	0.106419
6E4Y-P-H	Negative	0.946697	0.0533034
6D11-E-A	Negative	0.705226	0.294774
6SAT-P-A	Negative	0.992017	0.00798306
6L7C-S-A	Positive	0.0603004	0.9397
6PJ4-B-A	Negative	0.652616	0.347384
6O2B-F-A	Negative	0.837096	0.162904
6XLI-E-A	Negative	0.995003	0.00499663
6RXM-K-C	Negative	0.637018	0.362982
6XY6-B-A	Negative	0.988076	0.0119236
6XY6-F-A	Negative	0.990633	0.00936692
6XY6-D-C	Negative	0.986675	0.0133254
6XY6-H-G	Negative	0.984049	0.0159511
6XY6-N-M	Negative	0.984826	0.0151738
6XY6-P-O	Negative	0.917287	0.0827126
6VEP-B-E	Negative	0.73123	0.26877
6VEP-F-E	Negative	0.801959	0.198041
6VEP-N-Q	Negative	0.664822	0.335178
6NBH-P-R	Positive	0.29247	0.70753
6SK7-D-A	Positive	0.454155	0.545845
6JP3-C-A	Negative	0.684274	0.315726
6JP3-D-A	Negative	0.791583	0.208417
6FGP-A-B	Negative	0.996432	0.00356831
6S22-F-A	Negative	0.933617	0.0663834
6WLX-B-A	Negative	0.727069	0.272931
6TM5-S-I	Positive	0.466233	0.533767
6TM5-Q-P	Negative	0.769551	0.230449
6X5G-B-A	Negative	0.996548	0.0034516
6LNM-B-A	Negative	0.899067	0.100933
6LNM-F-E	Negative	0.966536	0.0334644
6V0N-C-A	Positive	0.161311	0.838689
7ZAI-Y-3	Negative	0.70802	0.29198
7JJC-G-C	Negative	0.811003	0.188997
7ZXY-F-A	Negative	0.841978	0.158022
7ZXY-G-A	Positive	0.398506	0.601494
7ZXY-H-A	Negative	0.93718	0.0628199
7ZXY-E-C	Negative	0.77931	0.22069
7ZXY-N-I	Negative	0.935897	0.0641031
7ZXY-M-K	Negative	0.77931	0.22069
7NMF-C-A	Negative	0.992384	0.0076162
7BGI-J-A	Negative	0.99677	0.00322966
7VAB-P-R	Negative	0.924861	0.075139
7YKG-B-A	Positive	0.0634359	0.936564
7JFM-C-A	Negative	0.97848	0.0215199
7JFM-D-A	Negative	0.877396	0.122604
7V2K-K-A	Negative	0.942196	0.0578035
7V2K-f-g	Negative	0.992132	0.00786753
7M55-A-H	Negative	0.966115	0.0338847
7ORH-P-A	Negative	0.833952	0.166048
7VYA-W-B	Negative	0.934244	0.0657557
7FDL-B-A	Negative	0.931582	0.0684183
7FDL-J-A	Negative	0.855492	0.144508
7FDL-D-C	Negative	0.916429	0.0835714
7FDL-F-C	Negative	0.897986	0.102014
7FDL-L-C	Negative	0.994009	0.0059914
7RD1-U-A	Negative	0.860145	0.139855
7RD1-V-A	Positive	0.184523	0.815477
7RD1-W-A	Positive	0.0562725	0.943727
7RD1-1-D	Positive	0.0523218	0.947678
7RD1-2-D	Negative	0.701786	0.298214
7RD1-3-D	Positive	0.0548957	0.945104
7RD1-Z-H	Negative	0.86276	0.13724
7RD1-4-J	Positive	0.312069	0.687931
7RD1-8-J	Positive	0.092124	0.907876
7BA3-B-A	Positive	0.470483	0.529517
7CFP-B-A	Positive	0.102748	0.897252
7QP4-P-A	Negative	0.920293	0.0797067
7QOX-C-A	Negative	0.926501	0.0734986
7QOX-D-B	Negative	0.979723	0.0202772
7W0A-B-A	Negative	0.863967	0.136033
7EZW-B-A	Negative	0.663419	0.336581
7RZV-D-A	Negative	0.990895	0.00910509
7LDG-B-A	Negative	0.903053	0.0969469
7LDG-D-A	Negative	0.750101	0.249899
7F4W-E-A	Negative	0.895035	0.104965
7TAY-K-A	Negative	0.517427	0.482573
7WTS-z-W	Negative	0.976033	0.0239672
7WTS-e-J	Negative	0.97842	0.0215802
7SXH-B-A	Negative	0.992462	0.00753803
7JQ8-B-A	Negative	0.735826	0.264174
7MD2-H-G	Negative	0.751069	0.248931
7THX-4-1	Negative	0.98075	0.0192499
7N5C-C-A	Negative	0.988959	0.0110411
7XJL-A-F	Negative	0.864849	0.135151
7EID-C-A	Positive	0.352132	0.647868
7GVV-D-A	Positive	0.415191	0.584809
7VHC-G-A	Positive	0.12201	0.87799
7OJ9-B-A	Positive	0.312261	0.687739
7WYW-G-A	Negative	0.968737	0.0312631
7UO8-B-A	Negative	0.74521	0.25479
7MT7-1-3	Negative	0.892851	0.107149
7MT7-4-G	Negative	0.903378	0.0966221
7UIW-S-A	Negative	0.978609	0.0213907
7YAE-D-E	Negative	0.823598	0.176402
7E9L-C-A	Negative	0.996363	0.00363703
7LC9-F-A	Negative	0.891312	0.108688
7LC9-L-E	Positive	0.305237	0.694763
7K2P-P-A	Negative	0.672884	0.327116
7Q98-C-A	Negative	0.984628	0.0153719
7D0S-B-A	Negative	0.984212	0.0157883
7ELL-A-a	Negative	0.795848	0.204152
7ELL-I-g	Negative	0.813531	0.186469
7LRC-A-B	Negative	0.941277	0.0587233
7Z8O-B-A	Positive	0.371396	0.628604
7YCA-J-2	Negative	0.991518	0.00848233
7YCA-I-6	Negative	0.893203	0.106797
7YCA-M-6	Negative	0.944434	0.0555658
7K95-B-A	Negative	0.995461	0.00453919
7K95-C-A	Positive	0.340142	0.659858
7OBY-B-A	Negative	0.841438	0.158562
7UIF-M-A	Negative	0.897745	0.102255
7UIF-L-B	Negative	0.939434	0.0605665
7YKH-B-A	Positive	0.0191333	0.980867
7YKH-D-A	Positive	0.0811185	0.918881
7YCX-h-f	Negative	0.981799	0.0182005
7V31-K-A	Negative	0.588579	0.411421
7V31-f-g	Negative	0.95874	0.04126
7D3Y-E-A	Negative	0.879379	0.120621
7M8T-C-A	Negative	0.941365	0.0586347
7H1O-A-B	Negative	0.971934	0.0280655
7Y7H-h-w	Positive	0.486806	0.513194
7SIF-C-A	Negative	0.639237	0.360763
7XNO-A-Y	Negative	0.893317	0.106683
7KGT-C-A	Negative	0.564001	0.435999
7BWN-L-F	Positive	0.495246	0.504754
7BWN-B-F	Negative	0.9634	0.0366001
7BWN-D-A	Positive	0.143685	0.856315
7BWN-N-C	Negative	0.817654	0.182346
7BWN-G-E	Negative	0.907381	0.0926185
7BWN-P-H	Positive	0.127187	0.872813
7M6T-D-A	Negative	0.686531	0.313469
7Y7I-K-A	Negative	0.965523	0.0344768
7VVL-P-R	Negative	0.993788	0.00621232
7SMC-B-A	Negative	0.931322	0.0686778
7SMC-D-C	Negative	0.968993	0.0310068
7FJE-a-d	Negative	0.695476	0.304524
7FJE-b-d	Negative	0.736388	0.263612
7JYN-B-A	Negative	0.978447	0.0215532
7S8A-C-A	Negative	0.752333	0.247667
7T8W-D-L	Negative	0.83287	0.16713
7K75-E-A	Negative	0.983138	0.0168618
7U0E-D-A	Negative	0.996894	0.00310616
7PIA-z-1	Negative	0.980576	0.0194245
7PIA-0-c	Negative	0.96491	0.0350903
7PIA-x-d	Negative	0.992454	0.00754618
7PIA-2-l	Negative	0.946872	0.0531283
7NXT-P-A	Negative	0.791696	0.208304
7RDV-H-A	Positive	0.138718	0.861282
7YBF-C-A	Negative	0.919163	0.0808371
7ADP-D-A	Positive	0.0943692	0.905631
7W40-E-A	Positive	0.482204	0.517796
7W40-D-C	Negative	0.722569	0.277431
7KI1-P-R	Negative	0.90922	0.09078
7N2N-C-A	Negative	0.921108	0.0788922
7OS4-E-A	Negative	0.605327	0.394673
7WZ6-B-A	Negative	0.944467	0.0555325
7RMI-S-R	Negative	0.627063	0.372937
7RMI-G-B	Negative	0.763643	0.236357
7UXO-B-A	Negative	0.686019	0.313981
7DJQ-C-A	Negative	0.823521	0.176479
7TT7-C-E	Positive	0.347327	0.652673
7DC6-E-A	Negative	0.771961	0.228039
7VXS-Q-V	Negative	0.885413	0.114587
7VXS-f-g	Negative	0.95874	0.04126
7O54-B-A	Negative	0.848742	0.151258
7QS6-B-A	Negative	0.60768	0.39232
7RDA-C-H	Negative	0.948481	0.0515189
7N2Q-C-D	Positive	0.122588	0.877412
7WX4-E-A	Negative	0.920544	0.079456
7RRG-C-A	Positive	0.209766	0.790234
7VAY-I-F	Negative	0.877765	0.122235
7PG1-A-B	Negative	0.947297	0.0527026
7PG1-D-B	Negative	0.91049	0.0895095
7RF1-R-E	Positive	0.304436	0.695564
7MNS-B-A	Negative	0.951776	0.0482239
7ASO-g-Q	Negative	0.982783	0.0172165
7JI0-C-A	Positive	0.230374	0.769626
7DVP-C-A	Negative	0.990346	0.00965368
7MEX-D-C	Positive	0.306031	0.693969
7Z8I-r-L	Negative	0.995667	0.00433345
7Z8I-j-X	Negative	0.94123	0.05877
7FGL-C-H	Negative	0.984249	0.0157514
7YOD-B-A	Positive	0.0488914	0.951109
7TDZ-t-r	Negative	0.73339	0.26661
7TDZ-s-r	Negative	0.976379	0.0236214
7W0P-D-R	Negative	0.733118	0.266882
7YJK-C-B	Positive	0.0262523	0.973748
7BZ2-G-B	Negative	0.886727	0.113273
7LHY-B-A	Negative	0.585003	0.414997
7S7E-C-A	Negative	0.657031	0.342969
7VHF-G-A	Positive	0.0990711	0.900929
7RZQ-D-A	Negative	0.972344	0.0276561
7RZQ-F-A	Negative	0.972035	0.0279645
7NAF-c-5	Negative	0.685529	0.314471
7NAF-q-5	Negative	0.809225	0.190775
7NAF-d-b	Negative	0.959554	0.0404459
7NAF-U-b	Negative	0.958289	0.041711
7T1Y-C-B	Positive	0.113868	0.886132
7ZP8-z-e	Negative	0.723433	0.276567
7SL4-C-A	Negative	0.856676	0.143324
7SL4-D-A	Negative	0.95805	0.04195
7JL7-F-A	Negative	0.898453	0.101547
7W36-B-A	Negative	0.985725	0.0142753
7RK7-C-A	Negative	0.892816	0.107184
7PC8-C-A	Negative	0.721848	0.278152
7PC8-D-B	Negative	0.557199	0.442801
7CG0-7-f	Negative	0.578712	0.421288
7AYF-P-A	Positive	0.402338	0.597662
7E1T-C-A	Negative	0.912693	0.087307
7E1T-D-A	Negative	0.970051	0.029949
7SVU-a-A	Positive	0.0513719	0.948628
7TMW-C-B	Negative	0.791607	0.208393
7SKZ-A-H	Negative	0.998065	0.00193503
7E12-B-A	Positive	0.318518	0.681482
7RNB-F-A	Positive	0.341871	0.658129
7ZRT-B-A	Positive	0.303264	0.696736
7F6I-L-A	Negative	0.881815	0.118185
7F6I-D-C	Negative	0.589133	0.410867
7BIN-K-D	Negative	0.922393	0.0776069
7LBO-F-B	Negative	0.801977	0.198023
7YI2-E-A	Negative	0.965926	0.0340736
7A18-1-3	Negative	0.94956	0.0504397
7UM2-C-A	Negative	0.930673	0.0693268
7Y6C-U-A	Negative	0.959955	0.0400451
7C06-Z-M	Negative	0.765961	0.234039
7C06-T-S	Negative	0.709968	0.290032
7AQQ-b-A	Negative	0.892539	0.107461
7AQQ-L-M	Negative	0.929242	0.0707578
7AQQ-v-N	Negative	0.877181	0.122819
7F1R-C-B	Negative	0.594388	0.405612
7AZX-C-A	Negative	0.56263	0.43737
7JYX-C-A	Negative	0.677508	0.322492
7UDL-B-A	Negative	0.888928	0.111072
7UDL-D-A	Negative	0.911428	0.0885718
7YK8-I-L	Positive	0.21083	0.78917
7WQ4-L-R	Positive	0.397108	0.602892
7OBT-B-A	Negative	0.872909	0.127091
7R44-s-E	Negative	0.974996	0.0250042
7R44-c-O	Negative	0.949072	0.0509275
7BG7-4-1	Negative	0.994316	0.00568377
7OZK-D-A	Negative	0.969315	0.0306852
7BMC-B-A	Negative	0.891993	0.108007
7VCL-B-A	Negative	0.627373	0.372627
7NAB-C-H	Negative	0.581667	0.418333
7OWN-D-A	Negative	0.977645	0.0223549
7SL2-C-A	Negative	0.744183	0.255817
7SL2-D-A	Negative	0.656981	0.343019
7SL2-E-A	Negative	0.707605	0.292395
7SL2-G-A	Negative	0.983779	0.0162207
7UQJ-G-A	Negative	0.995398	0.00460245
7RBT-P-R	Positive	0.48278	0.51722
7TMX-A-I	Positive	0.386864	0.613136
7TMX-B-I	Positive	0.433669	0.566331
7RJQ-B-A	Negative	0.80345	0.19655
7NTK-C-A	Negative	0.905795	0.0942047
7NTK-H-D	Negative	0.690044	0.309956
7AZ5-H-A	Negative	0.80137	0.19863
7UI8-B-A	Negative	0.986878	0.013122
7F87-F-A	Positive	0.477126	0.522874
7DYN-C-A	Negative	0.941549	0.0584507
7ZGQ-C-A	Negative	0.594118	0.405882
7ZX4-C-A	Negative	0.991016	0.00898424
7ZX4-E-A	Negative	0.980255	0.0197453
7OEU-1-A	Negative	0.91409	0.0859103
7VNY-7-L	Positive	0.413746	0.586254
7VNY-8-L	Negative	0.952078	0.0479216
7VNY-B-H	Negative	0.94608	0.0539201
7VNY-E-A	Negative	0.977421	0.0225792
7VNY-G-D	Negative	0.977421	0.0225792
7VNY-J-F	Negative	0.977421	0.0225792
7VNY-Z-W	Negative	0.979294	0.0207058
7VNY-2-3	Negative	0.970575	0.0294249
7FBP-B-A	Negative	0.519016	0.480984
7X8B-B-A	Negative	0.86638	0.13362
7PMX-B-A	Negative	0.518722	0.481278
7WUN-X-A	Positive	0.18394	0.81606
7PB4-H-I	Negative	0.988641	0.0113586
7Q0B-E-A	Negative	0.964299	0.0357007
7XMA-Y-N	Negative	0.806601	0.193399
7XMA-Z-N	Negative	0.955287	0.044713
7DPZ-4-1	Negative	0.990884	0.00911555
7M4R-C-A	Negative	0.975112	0.0248881
7S8Q-C-A	Negative	0.97614	0.0238603
7QUX-D-A	Positive	0.0245144	0.975486
7K17-C-A	Negative	0.996195	0.00380507
7NRF-B-A	Negative	0.681289	0.318711
7Y67-L-D	Negative	0.718595	0.281405
7E6J-B-A	Negative	0.886321	0.113679
7OVX-Q-A	Negative	0.956861	0.0431394
7OXJ-D-A	Negative	0.79615	0.20385
7TT1-P-A	Negative	0.648425	0.351575
7TT1-C-E	Positive	0.488324	0.511676
7JZO-C-A	Positive	0.461546	0.538454
7JZO-D-B	Negative	0.698917	0.301083
7ZE3-D-A	Negative	0.734924	0.265076
7ZE3-Q-A	Negative	0.66959	0.33041
7ZE3-N-S	Negative	0.734924	0.265076
7PBT-G-C	Negative	0.790065	0.209935
7TA6-L-A	Negative	0.983155	0.0168446
7A8T-B-A	Positive	0.457955	0.542045
7KOR-Y-L	Negative	0.861727	0.138273
7RJM-C-A	Negative	0.911809	0.0881912
7FB5-B-A	Negative	0.677656	0.322344
7AXN-P-A	Positive	0.421575	0.578425
7K2F-C-A	Positive	0.211297	0.788703
7WJ3-C-A	Negative	0.852137	0.147863
7S48-B-A	Negative	0.956476	0.0435243
7QHO-M-A	Negative	0.665803	0.334197
7WWQ-B-A	Negative	0.861155	0.138845
7FJF-b-g	Negative	0.736388	0.263612
7ZE8-B-A	Negative	0.829022	0.170978
7ZE8-R-A	Negative	0.829022	0.170978
7OIU-D-C	Negative	0.961024	0.0389764
7OIU-F-B	Negative	0.819202	0.180798
7XHO-c-H	Negative	0.995214	0.00478599
7XHO-C-L	Negative	0.579714	0.420286
7SG0-C-A	Negative	0.990061	0.00993876
7WYY-G-A	Negative	0.968737	0.0312631
7AZ6-H-A	Negative	0.964015	0.0359854
7P4B-P-A	Positive	0.0926602	0.90734
7YJ4-A-R	Negative	0.958502	0.0414984
7YJ4-B-R	Positive	0.138594	0.861406
7ZVW-H-B	Negative	0.980496	0.0195038
7FJ1-Y-B	Negative	0.763248	0.236752
7FJ1-Z-B	Negative	0.923622	0.0763781
7M5N-D-A	Negative	0.970243	0.0297567
7M5N-E-B	Negative	0.987588	0.0124117
7XAM-c-e	Negative	0.680267	0.319733
7YYH-k-E	Negative	0.969422	0.0305781
7V1L-V-B	Negative	0.934761	0.0652392
7V0K-W-H	Negative	0.548788	0.451212
7V0K-N-O	Negative	0.893545	0.106455
7AA7-P-A	Negative	0.986092	0.0139081
7ZMB-e-5	Positive	0.0147105	0.98529
7ZMB-o-B	Negative	0.860041	0.139959
7CEC-D-A	Negative	0.860839	0.139161
7CEC-E-A	Negative	0.810273	0.189727
7XXF-Q-C	Positive	0.281637	0.718363
7XXF-Y-C	Positive	0.281637	0.718363
7XXF-A-L	Positive	0.281637	0.718363
7XXF-a-B	Negative	0.814838	0.185162
7R1W-G-A	Positive	0.377947	0.622053
7WT5-C-A	Positive	0.228483	0.771517
7WT5-F-D	Positive	0.228483	0.771517
7Y1Q-B-A	Negative	0.896338	0.103662
7WVV-L-R	Negative	0.50497	0.49503
7VD2-A-H	Negative	0.529609	0.470391
7VD2-F-C	Negative	0.529609	0.470391
7VD2-E-B	Negative	0.986701	0.0132993
7QPB-H-A	Negative	0.610639	0.389361
7CIZ-H-A	Negative	0.896582	0.103418
7CIZ-D-E	Negative	0.781876	0.218124
7NEF-I-A	Negative	0.990138	0.00986167
7KPU-E-D	Negative	0.769408	0.230592
7N8J-B-A	Negative	0.633625	0.366375
7D0P-B-A	Negative	0.984212	0.0157883
7F8W-E-R	Negative	0.840454	0.159546
7UVE-B-A	Negative	0.609263	0.390737
7SR9-A-B	Negative	0.986348	0.013652
7EVP-C-A	Negative	0.977894	0.0221063
7YJO-E-B	Negative	0.977146	0.0228542
7YJO-C-B	Positive	0.0341612	0.965839
7VZE-F-B	Negative	0.878619	0.121381
7K7R-C-A	Negative	0.978643	0.021357
7K7R-F-D	Negative	0.86102	0.13898
7YUE-C-A	Negative	0.966044	0.0339555
7CI2-C-A	Negative	0.996075	0.00392475
7Y8D-B-A	Positive	0.0881161	0.911884
7MU2-B-A	Negative	0.964008	0.0359918
7MU2-D-C	Negative	0.813758	0.186242
7OY2-X-C	Negative	0.749923	0.250077
7QBS-B-A	Negative	0.507815	0.492185
7V9B-B-A	Positive	0.103451	0.896549
7SMK-C-A	Negative	0.920914	0.0790861
7XZR-C-A	Positive	0.135081	0.864919
7JHX-C-A	Negative	0.90862	0.0913802
7JHX-D-B	Negative	0.963343	0.0366566
7S4G-K-A	Negative	0.908639	0.0913609
7AU3-D-A	Negative	0.862347	0.137653
7X14-B-A	Positive	0.216527	0.783473
7BL4-d-F	Negative	0.991184	0.0088161
7SJS-C-H	Negative	0.992062	0.0079377
7Q42-B-A	Positive	0.461272	0.538728
7Q42-F-E	Negative	0.893216	0.106784
7QKW-D-B	Negative	0.894239	0.105761
7XZQ-B-A	Positive	0.0710785	0.928922
7T8R-B-A	Negative	0.986043	0.0139569
7LFI-C-A	Negative	0.504255	0.495745
7EMD-C-A	Positive	0.0984082	0.901592
7Q51-B-A	Positive	0.139746	0.860254
7NEW-G-A	Negative	0.962754	0.0372455
7QI5-t-I	Negative	0.945091	0.0549094
7QI5-u-I	Negative	0.985288	0.014712
7QI5-w-I	Negative	0.988196	0.0118037
7N08-F-H	Positive	0.396578	0.603422
7X9C-P-R	Negative	0.878854	0.121146
7UNC-L-B	Negative	0.897827	0.102173
7AR7-r-C	Negative	0.822401	0.177599
7AR7-k-L	Negative	0.939602	0.0603978
7AR7-l-L	Negative	0.939394	0.0606065
7AR7-v-N	Negative	0.877181	0.122819
7D0E-B-A	Negative	0.982733	0.0172667
7ZTL-B-A	Negative	0.998105	0.00189507
7ML4-V-O	Negative	0.990681	0.00931902
7RQR-C-A	Negative	0.893822	0.106178
7T2A-C-A	Positive	0.273117	0.726883
7EV8-B-A	Negative	0.974597	0.0254031
7R51-C-A	Positive	0.225616	0.774384
7NW3-A-H	Negative	0.826366	0.173634
7RTR-C-A	Negative	0.76466	0.23534
7XV1-B-A	Negative	0.975426	0.0245743
7TV4-K-B	Negative	0.98055	0.0194501
7NP2-P-A	Negative	0.909593	0.0904074
7RG3-B-A	Negative	0.600944	0.399056
7RG3-C-A	Negative	0.974597	0.0254035
7LG3-C-A	Negative	0.984384	0.0156159
7UDC-C-A	Positive	0.30307	0.69693
7Z2Z-W-C	Negative	0.982563	0.0174373
7N40-C-A	Positive	0.466724	0.533276
7T8Z-B-A	Positive	0.262807	0.737193
7TIT-G-A	Negative	0.659284	0.340716
7DRM-E-A	Negative	0.536435	0.463564
7DRM-F-C	Positive	0.3459	0.6541
7O3E-J-D	Positive	0.258648	0.741352
7O3E-l-F	Negative	0.732623	0.267377
7O3E-m-F	Negative	0.910447	0.0895527
7O3E-P-L	Negative	0.946513	0.0534866
7O3E-k-a	Negative	0.986388	0.0136125
7ETJ-P-M	Negative	0.961953	0.0380473
7BV4-C-A	Negative	0.919415	0.0805845
7BV4-F-A	Negative	0.980079	0.0199214
7KPK-B-A	Positive	0.173166	0.826834
7DOH-I-L	Positive	0.472336	0.527664
7QKF-B-A	Negative	0.650343	0.349657
7PVT-B-A	Negative	0.758338	0.241662
7VP7-B-A	Negative	0.895212	0.104788
7Q4O-1-A	Negative	0.943214	0.0567865
7XQT-C-A	Negative	0.960532	0.0394684
7N27-G-A	Negative	0.639076	0.360924
7T6A-C-A	Negative	0.909759	0.0902413
7T6A-D-B	Negative	0.98956	0.0104396
7RMH-S-R	Negative	0.963893	0.0361074
7OYM-B-A	Positive	0.402284	0.597716
7RG1-B-A	Negative	0.771243	0.228757
7PG4-J-B	Negative	0.909892	0.0901083
7V64-C-A	Negative	0.954127	0.0458731
7NHO-F-A	Negative	0.711583	0.288417
7BP6-A-C	Negative	0.991637	0.00836252
7YXP-B-A	Positive	0.104174	0.895826
7QOJ-N-B	Negative	0.74122	0.25878
7QOJ-K-G	Positive	0.0699026	0.930097
7QOJ-L-G	Positive	0.144857	0.855143
7UGB-I-A	Positive	0.0172805	0.98272
7W6J-F-A	Negative	0.843185	0.156815
7W5C-Q-A	Negative	0.919318	0.0806818
7MNT-B-A	Negative	0.910102	0.0898975
7AZG-I-A	Negative	0.932321	0.0676795
7K3L-B-A	Negative	0.918701	0.081299
7UKN-B-A	Positive	0.446367	0.553633
7VY1-Q-V	Negative	0.863244	0.136756
7LMK-F-A	Negative	0.821712	0.178288
7LMK-G-B	Positive	0.385466	0.614534
7QRS-C-A	Negative	0.597057	0.402943
7W3C-e-Y	Negative	0.925587	0.0744131
7A1O-B-A	Negative	0.568558	0.431442
7Z6F-A-E	Positive	0.140764	0.859236
7Y8J-A-H	Negative	0.803142	0.196858
7WT3-C-A	Negative	0.87183	0.12817
7ZWK-C-B	Negative	0.891689	0.108311
7DVX-C-A	Negative	0.981119	0.0188805
7Z0G-P-A	Negative	0.632947	0.367053
7Z0G-U-R	Positive	0.295175	0.704825
7JP3-D-A	Negative	0.933343	0.0666566
7Z0F-P-A	Negative	0.56481	0.43519
7K3J-B-A	Negative	0.666714	0.333286
7K3J-H-A	Negative	0.785915	0.214085
7K3J-D-C	Negative	0.951711	0.0482886
7CWH-A-B	Negative	0.983228	0.0167724
7Z0Q-G-C	Negative	0.978887	0.0211131
7Z8Y-D-A	Negative	0.982893	0.017107
7Z8Y-E-A	Negative	0.855915	0.144085
7O34-P-A	Negative	0.740682	0.259318
7ROY-G-A	Negative	0.994651	0.00534921
7ROY-H-B	Negative	0.937685	0.0623152
7QQL-F-C	Negative	0.541018	0.458982
7X1T-E-A	Positive	0.265517	0.734483
7X1T-F-C	Positive	0.127122	0.872878
7EV6-S-A	Positive	0.315342	0.684658
7YRR-C-A	Negative	0.97373	0.0262698
7VYG-Q-c	Negative	0.885413	0.114587
7SG2-C-A	Negative	0.810439	0.189561
7B13-P-A	Negative	0.874737	0.125263
7WYI-J-A	Negative	0.99677	0.00322966
7MSZ-4-G	Negative	0.903378	0.0966221
7SIG-C-A	Negative	0.639237	0.360763
7OQA-P-A	Negative	0.647261	0.352739
7YNK-B-A	Positive	0.407793	0.592207
7UIV-S-A	Negative	0.962485	0.0375146
7P7Q-5-0	Negative	0.930188	0.0698115
7R5V-R-O	Negative	0.941378	0.058622
7MOP-B-A	Negative	0.63896	0.36104
7ABT-B-A	Negative	0.972525	0.0274753
7JTS-E-a	Negative	0.993408	0.00659219
7JTS-F-c	Negative	0.949042	0.0509578
7UE2-B-A	Negative	0.96666	0.0333403
7XF3-C-A	Negative	0.769712	0.230288
7OQ4-F-A	Negative	0.983488	0.0165122
7OQ4-Q-A	Negative	0.686371	0.313629
7OQ4-P-B	Negative	0.963667	0.0363327
7JLS-B-A	Negative	0.781395	0.218604
7N05-E-H	Negative	0.935952	0.0640478
7F4N-F-B	Negative	0.963803	0.0361966
7F4N-E-D	Negative	0.986352	0.0136479
7RNE-F-A	Negative	0.714726	0.285274
7WB4-O-A	Negative	0.932433	0.0675674
7RTB-P-R	Positive	0.0323265	0.967674
7AQR-r-C	Positive	0.141026	0.858974
7AQR-Z-D	Positive	0.0782589	0.921741
7U6D-A-C	Negative	0.94553	0.0544705
7SL1-E-A	Negative	0.989742	0.0102578
7OXH-B-A	Positive	0.302882	0.697118
7XBD-F-A	Positive	0.263598	0.736402
7RUA-E-C	Negative	0.958123	0.041877
7V9M-P-R	Positive	0.463089	0.536911
7Z4A-O-A	Negative	0.621811	0.378189
7Z4A-S-A	Negative	0.961017	0.0389835
7Z4A-R-N	Negative	0.630261	0.369739
7KJR-C-A	Negative	0.965015	0.0349845
7EIC-C-A	Negative	0.742527	0.257473
7E82-v-o	Negative	0.924455	0.0755448
7OHR-s-O	Negative	0.850608	0.149392
7NHK-5-0	Negative	0.930188	0.0698115
7NHK-6-I	Negative	0.974013	0.0259873
7QIW-d-G	Negative	0.986658	0.0133418
7QIW-n-R	Negative	0.951532	0.0484684
7Q13-E-A	Negative	0.944809	0.0551913
7B4T-B-A	Negative	0.895303	0.104697
7R45-s-E	Negative	0.673352	0.326648
7JI2-C-A	Negative	0.992146	0.00785438
7JI2-F-D	Negative	0.992146	0.00785438
7RJF-B-A	Negative	0.676238	0.323762
7BN3-D-A	Negative	0.920786	0.0792136
7BN3-E-A	Negative	0.811125	0.188875
7FIM-P-R	Negative	0.89054	0.10946
7Q45-B-A	Negative	0.579226	0.420774
7Q45-D-C	Negative	0.864145	0.135855
7Q45-F-E	Negative	0.904111	0.095889
7UIH-C-A	Positive	0.254461	0.745539
7UIH-D-A	Positive	0.0087235	0.991277
7UIH-E-A	Positive	0.0351419	0.964858
7UIH-F-A	Positive	0.258398	0.741602
7V8L-A-E	Negative	0.990862	0.00913764
7O55-C-B	Positive	0.078411	0.921589
7ZM7-e-5	Positive	0.0209678	0.979032
7S3M-A-H	Positive	0.306907	0.693093
7OE0-R-F	Negative	0.849103	0.150897
7MN5-H-A	Negative	0.910218	0.0897825
7WMV-B-A	Positive	0.49138	0.50862
7T9Y-C-A	Negative	0.851494	0.148506
7T9Y-D-A	Negative	0.995063	0.00493736
7S5H-C-B	Positive	0.274914	0.725086
7TUW-B-A	Negative	0.914735	0.085265
7TUW-N-M	Negative	0.919143	0.0808569
7F9O-J-A	Negative	0.975343	0.024657
7F9O-m-e	Negative	0.975343	0.024657
7YEH-D-B	Negative	0.845737	0.154263
7AOE-D-B	Negative	0.982457	0.0175427
7EF0-P-A	Negative	0.685873	0.314127
7F90-E-A	Negative	0.961214	0.0387862
7F90-B-A	Negative	0.987692	0.0123078
7F90-D-A	Negative	0.987701	0.0122989
7F90-F-C	Negative	0.581893	0.418107
7EA1-B-A	Negative	0.897125	0.102875
7EA1-D-C	Negative	0.540521	0.459479
7R84-B-A	Negative	0.987747	0.0122527
7R84-D-A	Negative	0.990498	0.00950189
7NKB-C-G	Negative	0.672017	0.327984
7ZYH-B-A	Negative	0.992648	0.00735188
7ZYH-D-A	Negative	0.904704	0.0952957
7ZYH-E-F	Negative	0.982065	0.0179353
7ZYH-H-G	Negative	0.962001	0.0379987
7SNX-B-A	Negative	0.9853	0.0146995
7T0Y-B-A	Negative	0.974388	0.0256121
7XQP-J-A	Negative	0.982281	0.0177189
7XQP-M-B	Negative	0.981482	0.0185178
7EZK-P-D	Negative	0.811305	0.188695
7CIO-B-A	Positive	0.492253	0.507747
7MB5-D-B	Negative	0.961374	0.0386261
7ARH-V-C	Negative	0.966961	0.0330385
7CNX-B-A	Negative	0.801098	0.198902
7CNX-F-A	Negative	0.880246	0.119754
7CNX-D-C	Negative	0.828647	0.171353
7CNX-H-G	Negative	0.707479	0.292521
7EVS-C-A	Negative	0.973329	0.0266706
7EVS-D-A	Negative	0.853951	0.146049
7MB7-B-A	Positive	0.456673	0.543327
7BXT-L-A	Negative	0.946883	0.053117
7OK0-F-A	Negative	0.985301	0.0146991
7OK0-Q-A	Negative	0.77629	0.22371
7RG0-B-A	Negative	0.919217	0.0807825
7V4W-C-A	Negative	0.885699	0.114301
7PHX-I-H	Negative	0.992298	0.00770166
7MO1-B-A	Negative	0.994775	0.00522478
7E0B-B-A	Negative	0.670657	0.329343
7ADT-U-A	Negative	0.988076	0.0119236
7ADT-C-B	Negative	0.973197	0.0268035
7FGR-C-H	Negative	0.987542	0.0124583
7RJL-C-A	Positive	0.251156	0.748844
7SKM-B-A	Negative	0.959346	0.0406544
7MQO-A-F	Negative	0.995159	0.00484135
7MQO-B-F	Negative	0.979395	0.0206051
7DZ9-F-A	Negative	0.847481	0.152519
7DZ9-E-B	Negative	0.92934	0.0706603
7M2W-X-E	Negative	0.980262	0.0197385
7RFY-B-A	Negative	0.952468	0.0475321
7PP2-B-A	Negative	0.997791	0.00220943
7RLW-P-B	Negative	0.507217	0.492783
7RLW-R-B	Positive	0.454815	0.545185
7ARD-q-G	Negative	0.964611	0.0353887
7ARD-k-L	Positive	0.00964814	0.990352
7OWM-C-A	Negative	0.984063	0.0159374
7OHQ-z-B	Negative	0.973765	0.0262349
7ZNK-L-P	Negative	0.516454	0.483546
7BU5-B-A	Negative	0.983743	0.0162565
7KZP-W-S	Negative	0.845071	0.154929
7TCQ-C-H	Negative	0.567468	0.432532
7TCQ-D-A	Negative	0.567468	0.432532
7XVY-C-A	Negative	0.518841	0.481159
7QHM-M-A	Negative	0.88918	0.11082
7QHM-Z-N	Negative	0.761127	0.238873
7RZF-a-A	Negative	0.830094	0.169906
7RZF-b-A	Negative	0.958726	0.0412741
7OQJ-P-A	Negative	0.956675	0.0433247
7VCR-C-A	Negative	0.99639	0.00360986
7T6F-C-A	Negative	0.736758	0.263242
7YAA-B-A	Negative	0.978973	0.0210272
7LFS-E-A	Negative	0.985943	0.0140567
7LFS-G-C	Negative	0.9817	0.0182997
7W56-C-R	Positive	0.110903	0.889097
7PXA-A-0	Negative	0.854842	0.145158
7PXA-E-6	Negative	0.993327	0.00667348
7PXA-F-8	Negative	0.901334	0.0986661
7MDZ-l-X	Negative	0.936547	0.0634528
7NHQ-F-A	Negative	0.711583	0.288417
7NHQ-I-A	Positive	0.0530736	0.946926
7NHQ-T-A	Positive	0.127289	0.872711
7OWP-D-A	Negative	0.781594	0.218406
7OWP-E-B	Negative	0.781594	0.218406
7OIF-B-E	Positive	0.351842	0.648158
7E2Z-G-B	Negative	0.8593	0.1407
7CQP-C-B	Negative	0.621284	0.378716
7LC6-D-A	Negative	0.718364	0.281635
7DRO-G-A	Negative	0.868895	0.131105
7DRO-H-A	Negative	0.95666	0.04334
7Y7B-J-2	Negative	0.974253	0.0257475
7Y7B-I-8	Negative	0.917007	0.0829929
7Y7B-M-8	Negative	0.810121	0.189879
7X1C-C-A	Negative	0.557564	0.442436
7KNF-C-A	Positive	0.0585617	0.941438
7T10-P-R	Negative	0.655282	0.344718
7PNT-3-L	Negative	0.957163	0.0428373
7BOC-B-A	Positive	0.334928	0.665072
7XMR-C-B	Negative	0.81183	0.18817
7QI1-F-A	Positive	0.458149	0.541851
7QI1-E-B	Positive	0.413936	0.586064
7DU4-Q-A	Negative	0.52458	0.47542
7OBX-B-A	Negative	0.824523	0.175477
7T6U-L-R	Positive	0.33419	0.66581
7TT5-C-E	Positive	0.381511	0.618489
7UCX-B-H	Negative	0.800015	0.199985
7CO2-C-A	Negative	0.569422	0.430578
7SQ0-C-A	Positive	0.188623	0.811377
7BGT-F-A	Positive	0.221711	0.778289
7BGT-G-C	Positive	0.221711	0.778289
7M8S-C-A	Negative	0.963054	0.0369458
7TT3-P-A	Negative	0.93621	0.0637902
7NKQ-D-A	Negative	0.698858	0.301142
7NKQ-E-A	Negative	0.955305	0.044695
7NKQ-b-A	Negative	0.953305	0.0466954
7NKQ-F-B	Negative	0.935414	0.0645862
7NKQ-C-d	Negative	0.912621	0.0873788
7O01-J-A	Negative	0.99677	0.00322966
7O01-I-B	Negative	0.940563	0.0594365
7CNZ-B-A	Negative	0.801098	0.198902
7CNZ-H-G	Negative	0.707479	0.292521
7OWU-C-A	Negative	0.922262	0.0777375
7VAC-G-A	Negative	0.782652	0.217348
7VAC-I-E	Negative	0.954127	0.0458731
7A4D-E-A	Negative	0.987609	0.0123915
7A4D-F-A	Negative	0.987609	0.0123915
7A4D-K-G	Negative	0.987609	0.0123915
7OW6-C-A	Positive	0.0722824	0.927718
7XVA-B-A	Negative	0.970092	0.0299083
7RNG-F-A	Negative	0.795582	0.204418
7NK9-G-H	Negative	0.974084	0.0259162
7UIY-S-B	Negative	0.830741	0.169259
7NMG-C-A	Negative	0.904648	0.0953523
7ZQJ-F-A	Negative	0.984283	0.0157171
7NIX-B-A	Negative	0.549192	0.450808
7WJ2-C-A	Positive	0.381754	0.618246
7KGP-C-A	Negative	0.969898	0.0301021
7UXJ-E-A	Negative	0.963168	0.0368323
7TSZ-P-A	Negative	0.938784	0.0612162
7DXA-B-A	Negative	0.726073	0.273927
7DXA-f-a	Negative	0.780209	0.219791
7DXA-i-a	Positive	0.290139	0.709861
7DXA-m-b	Negative	0.901316	0.0986836
7DNF-B-A	Positive	0.281499	0.718501
7DWQ-J-A	Negative	0.597774	0.402226
7DWQ-M-B	Negative	0.623911	0.376089
7Z7C-B-A	Negative	0.973253	0.0267465
7TLJ-H-B	Negative	0.880528	0.119472
7PFQ-D-B	Negative	0.946068	0.0539322
7A0S-2-C	Negative	0.974348	0.0256517
7RND-F-A	Positive	0.330699	0.669301
7YQK-K-F	Negative	0.725448	0.274552
7T1U-D-A	Negative	0.983384	0.0166162
7T1U-E-B	Negative	0.983384	0.0166162
7T2B-C-A	Positive	0.142144	0.857856
7T2B-M-K	Positive	0.272976	0.727024
7ECA-B-A	Negative	0.918362	0.0816375
7DA6-C-A	Positive	0.277324	0.722676
7CQV-B-E	Negative	0.972081	0.0279192
7RJB-M-A	Negative	0.978999	0.0210006
7RJB-I-K	Positive	0.0733614	0.926639
7RF5-R-E	Positive	0.304436	0.695564
7NXV-C-A	Negative	0.608847	0.391153
7NXV-E-B	Negative	0.889266	0.110734
7CO1-B-A	Negative	0.981411	0.0185886
7CO1-F-E	Negative	0.959863	0.0401372
7PPL-B-A	Negative	0.968814	0.031186
7DVD-E-B	Positive	0.159408	0.840592
7C5D-C-A	Negative	0.947865	0.0521352
7C5D-D-B	Positive	0.392283	0.607717
7UV5-C-A	Negative	0.9745	0.0254995
7ZVI-E-A	Negative	0.990431	0.00956929
7OYF-B-A	Negative	0.88437	0.11563
7VFX-C-R	Negative	0.77772	0.22228
7F9Y-C-R	Negative	0.966609	0.0333911
7DUU-C-A	Positive	0.157297	0.842703
7LIO-C-A	Negative	0.62115	0.37885
7LIO-D-B	Negative	0.528321	0.471679
7RG2-B-A	Negative	0.732082	0.267918
7QU8-C-A	Negative	0.992522	0.00747767
7UX3-Y-N	Negative	0.608306	0.391694
7XAU-F-A	Negative	0.823598	0.176402
7UX5-B-A	Positive	0.303127	0.696873
7L1K-D-A	Positive	0.0572051	0.942795
7X3X-V-C	Negative	0.55568	0.44432
7RJO-B-A	Negative	0.92693	0.0730701
7LG0-C-A	Negative	0.811294	0.188706
7DS8-C-A	Positive	0.362345	0.637655
7ON1-D-b	Negative	0.919234	0.0807659
7ZQI-F-A	Positive	0.484761	0.515239
7OPO-B-A	Negative	0.550176	0.449824
7OPO-H-A	Negative	0.724201	0.275799
7OPO-J-A	Negative	0.749458	0.250542
7OPO-F-C	Positive	0.430892	0.569108
7Y6M-A-C	Negative	0.951778	0.048222
7TO9-C-A	Negative	0.705848	0.294152
7MW1-C-A	Negative	0.646361	0.35364
7BP4-L-G	Positive	0.27358	0.72642
7EI2-B-A	Negative	0.539001	0.460999
7OBH-B-A	Negative	0.902113	0.0978869
7JX7-B-A	Positive	0.173484	0.826516
7WVW-L-R	Negative	0.705117	0.294883
7OXN-A-H	Negative	0.79907	0.20093
7M5B-B-A	Positive	0.152925	0.847075
7M5B-D-A	Positive	0.231355	0.768645
7E0Z-B-A	Negative	0.905652	0.0943481
7QWV-B-A	Negative	0.834941	0.165059
7BGV-P-A	Negative	0.559651	0.440349
7K7F-B-A	Negative	0.985246	0.0147538
7UO3-B-A	Negative	0.602486	0.397514
7W53-C-R	Positive	0.150548	0.849452
7SMF-B-A	Positive	0.350948	0.649052
7SGR-K-J	Negative	0.860369	0.139631
7WEG-D-A	Negative	0.958267	0.0417334
7QFB-B-A	Negative	0.949726	0.0502742
7T1Z-C-B	Negative	0.993997	0.00600285
7MJ6-C-A	Negative	0.917904	0.0820964
7P0S-U-A	Positive	0.354865	0.645135
7P0S-C-B	Positive	0.229955	0.770045
7YF6-C-A	Positive	0.0958446	0.904155
7TD5-D-A	Negative	0.91165	0.0883498
7U09-A-H	Negative	0.990011	0.00998925
7B15-P-A	Negative	0.88601	0.11399
7EUY-S-A	Negative	0.582618	0.417382
7EM9-C-A	Negative	0.784157	0.215843
7YKI-B-A	Positive	0.134372	0.865628
7JNE-B-A	Positive	0.274427	0.725573
7TIK-D-A	Negative	0.990895	0.00910509
7BQZ-B-A	Positive	0.0466255	0.953375
7BQZ-D-C	Negative	0.859224	0.140776
7ZKR-B-A	Positive	0.314185	0.685815
7SIH-C-A	Negative	0.747206	0.252794
7ZFR-C-A	Negative	0.577536	0.422464
7N9J-C-A	Positive	0.290633	0.709367
7LBQ-E-A	Negative	0.595939	0.404061
7T86-G-C	Positive	0.11144	0.88856
7NTJ-G-B	Negative	0.832041	0.167959
7NTJ-C-A	Negative	0.876773	0.123227
7F0L-A-L	Positive	0.39514	0.60486
7F0L-B-L	Negative	0.952078	0.0479216
7F0L-G-H	Negative	0.94608	0.0539201
7F0L-8-5	Negative	0.896547	0.103453
7M10-B-A	Positive	0.311703	0.688297
7K2I-P-B	Positive	0.118683	0.881317
7HP2-A-B	Negative	0.971934	0.0280655
7S46-B-A	Negative	0.615346	0.384654
7O3C-k-a	Negative	0.986388	0.0136125
7LFZ-C-A	Positive	0.0804039	0.919596
7DXS-A-C	Negative	0.950453	0.0495475
7DXS-B-C	Negative	0.856301	0.143699
7DR1-J-A	Negative	0.939352	0.0606477
7DR1-M-B	Negative	0.950819	0.049181
7QSD-f-M	Negative	0.828697	0.171303
7QSD-c-N	Negative	0.949072	0.0509275
7TSQ-D-A	Negative	0.828828	0.171172
7TSQ-C-B	Negative	0.589038	0.410961
7D35-B-A	Positive	0.289828	0.710172
7Z8Z-B-A	Negative	0.920947	0.0790534
7Z8Z-D-A	Negative	0.959061	0.0409392
7TXZ-D-A	Negative	0.993088	0.00691239
7PX9-G-A	Positive	0.156525	0.843475
7TV0-E-A	Positive	0.419509	0.580491
7EF1-P-A	Negative	0.57958	0.42042
7EF1-Q-B	Negative	0.955504	0.0444964
7PHR-Z-A	Negative	0.720226	0.279774
7PHR-z-A	Negative	0.857506	0.142494
7VBP-Q-V	Negative	0.863244	0.136756
7WUL-X-A	Positive	0.0552378	0.944762
7Y36-P-R	Negative	0.993788	0.00621232
7PKT-A-r	Negative	0.966604	0.0333957
7YXO-B-A	Negative	0.679718	0.320282
7YXO-D-C	Negative	0.697531	0.302469
7X9A-P-R	Negative	0.992582	0.00741763
7DXH-B-A	Negative	0.664222	0.335778
7DXH-f-a	Negative	0.780209	0.219791
7DXH-t-a	Positive	0.0966424	0.903358
7DXH-m-b	Negative	0.901316	0.0986836
7DXH-x-d	Negative	0.87275	0.12725
7DXH-k-c	Negative	0.680306	0.319694
7RZI-a-A	Negative	0.99304	0.00695959
7RZI-c-B	Negative	0.995958	0.00404156
7TUD-P-A	Positive	0.47748	0.52252
7LIN-B-A	Negative	0.56895	0.43105
7BFW-P-A	Positive	0.488335	0.511665
7X2E-B-A	Positive	0.376378	0.623622
7MO4-B-A	Negative	0.944077	0.0559228
7FFL-D-G	Negative	0.990789	0.00921099
7FFL-I-J	Negative	0.956536	0.0434639
7T6I-C-A	Negative	0.96724	0.0327597
7NA7-L-R	Negative	0.97985	0.02015
7L8V-C-A	Positive	0.4466	0.5534
7C07-Z-M	Negative	0.720983	0.279017
7C07-T-S	Negative	0.875485	0.124515
7SQS-E-A	Negative	0.798301	0.201699
7SQS-D-A	Negative	0.761766	0.238234
7SQS-C-A	Negative	0.823931	0.176069
7SQS-B-A	Negative	0.881119	0.118881
7XNA-B-A	Negative	0.652341	0.347659
7PC4-C-A	Positive	0.33926	0.66074
7VHE-G-A	Positive	0.11852	0.88148
7N9H-A-C	Negative	0.933656	0.0663443
7O2Z-P-L	Positive	0.0744769	0.925523
7ONB-F-C	Positive	0.209258	0.790742
7ONB-M-C	Negative	0.928058	0.0719419
7SXF-B-A	Negative	0.928827	0.0711734
7OB5-P-A	Negative	0.870619	0.129381
7RG5-B-A	Negative	0.853696	0.146304
7P49-P-A	Negative	0.555775	0.444225
7KAN-B-A	Negative	0.895066	0.104934
7Y45-E-C	Negative	0.968737	0.0312631
7UXP-C-A	Negative	0.95972	0.04028
7E2E-P-A	Negative	0.749691	0.250309
7E2E-Q-B	Negative	0.749691	0.250309
7DGZ-X-4	Negative	0.828697	0.171303
7DGZ-F-8	Negative	0.852764	0.147236
7DGZ-i-Q	Negative	0.934174	0.0658263
7HPA-A-B	Negative	0.971934	0.0280655
7CK6-E-A	Negative	0.617259	0.382741
7CK6-H-A	Negative	0.755175	0.244824
7CK6-J-A	Negative	0.991942	0.0080579
7BPH-B-A	Positive	0.00341523	0.996585
7NKN-C-G	Negative	0.776422	0.223578
7ZBW-R-C	Negative	0.533315	0.466685
7VEC-M-A	Negative	0.859055	0.140945
7VEC-P-A	Positive	0.362402	0.637598
7VEC-U-I	Negative	0.923976	0.0760236
7VEC-X-L	Negative	0.919997	0.0800035
7BG8-D-C	Positive	0.0368408	0.963159
7S8R-C-A	Negative	0.997175	0.00282492
7BRK-L-A	Negative	0.942689	0.0573108
7QSA-C-A	Negative	0.664956	0.335044
7D8P-C-A	Negative	0.7253	0.2747
7D8P-D-B	Negative	0.681839	0.318161
7RXQ-B-A	Positive	0.381425	0.618575
7MNR-B-A	Negative	0.987158	0.0128422
7NFB-C-A	Negative	0.856618	0.143382
7NFB-D-B	Negative	0.972797	0.027203
7F7X-B-A	Negative	0.924169	0.0758305
7XNM-D-A	Negative	0.573697	0.426303
7R5I-E-A	Negative	0.660887	0.339112
7Q41-B-A	Negative	0.534742	0.465259
7Q41-D-C	Negative	0.82905	0.17095
7BTE-M-A	Negative	0.972876	0.0271237
7BTE-L-C	Negative	0.925193	0.0748071
7P4A-E-A	Negative	0.948823	0.051177
7P4A-D-A	Negative	0.94215	0.0578504
7CUJ-C-A	Negative	0.94701	0.0529896
7CUJ-D-A	Negative	0.921498	0.0785024
7NUS-D-A	Negative	0.923815	0.0761854
7NUS-E-B	Negative	0.923815	0.0761854
7WX3-E-A	Negative	0.896559	0.103441
7E1S-D-C	Negative	0.963593	0.0364073
7YI8-C-B	Negative	0.975945	0.0240549
7BK4-B-A	Negative	0.943722	0.0562782
7JWP-Q-A	Negative	0.699299	0.300701
7JWP-W-M	Positive	0.463836	0.536164
7P3E-C-A	Negative	0.671504	0.328495
7P3E-F-D	Negative	0.671504	0.328495
7B2B-B-A	Negative	0.922832	0.0771678
7CZ5-P-R	Negative	0.981893	0.0181074
7RYF-0-2	Negative	0.976797	0.0232026
7CL0-D-A	Negative	0.91886	0.0811405
7O50-H-A	Positive	0.499941	0.500059
7JJM-A-B	Negative	0.50607	0.49393
7RM3-Q-A	Positive	0.407322	0.592678
7RM3-P-C	Positive	0.486653	0.513347
7LEU-B-E	Positive	0.0957354	0.904265
7LEU-C-E	Negative	0.749986	0.250014
7RUQ-D-A	Negative	0.96779	0.0322096
7RUQ-B-A	Negative	0.586334	0.413666
7RM1-P-A	Positive	0.261877	0.738123
7EU0-L-B	Negative	0.963375	0.0366252
7BRE-C-A	Negative	0.623218	0.376782
7BRE-F-E	Negative	0.78791	0.21209
7DS3-C-B	Negative	0.768985	0.231015
7N1E-C-A	Negative	0.707341	0.292659
7MB4-E-A	Negative	0.928288	0.0717123
7D1U-I-A	Negative	0.538247	0.461753
7BRH-L-A	Negative	0.973638	0.0263624
7VBY-F-B	Negative	0.529609	0.470391
7VBY-A-I	Negative	0.529609	0.470391
7VBY-D-I	Negative	0.986701	0.0132993
7AK6-s-E	Negative	0.900041	0.0999591
7AK6-c-N	Negative	0.724772	0.275228
7AGD-J-B	Positive	0.165322	0.834678
7N6M-B-A	Positive	0.409756	0.590244
7ALO-C-A	Positive	0.361019	0.638981
7WVY-L-R	Positive	0.456201	0.543799
7KLD-Q-A	Negative	0.991978	0.00802169
7KLD-E-B	Negative	0.997122	0.00287828
7KDT-B-A	Negative	0.98638	0.0136197
7W2Z-L-R	Negative	0.976339	0.0236608
7JYV-C-A	Positive	0.365496	0.634504
7B1J-C-B	Negative	0.98695	0.01305
7NA5-C-A	Positive	0.290633	0.709367
7BGY-D-A	Negative	0.801686	0.198314
7ZMG-e-5	Positive	0.0213748	0.978625
7XEB-C-A	Positive	0.104938	0.895062
7CDF-C-A	Negative	0.857924	0.142076
7WJ5-S-R	Positive	0.0836145	0.916385
7VPW-B-A	Positive	0.0506514	0.949349
7VVM-P-R	Negative	0.984869	0.0151307
7RZE-a-A	Negative	0.787725	0.212275
7RZE-b-A	Positive	0.265905	0.734095
7NFX-z-B	Negative	0.889311	0.110689
7NLA-P-A	Negative	0.972491	0.0275086
7XAV-F-A	Negative	0.575269	0.424731
7MB9-C-A	Negative	0.829218	0.170782
7EC5-D-A	Negative	0.988033	0.0119669
7VTJ-C-H	Negative	0.988518	0.0114818
7MT2-4-G	Negative	0.903378	0.0966221
7FEJ-4-1	Negative	0.852917	0.147083
7AAM-C-A	Negative	0.970825	0.0291753
7NPB-P-A	Negative	0.936695	0.0633048
7P7S-6-I	Negative	0.970947	0.0290532
7MO5-B-A	Negative	0.871104	0.128896
7S78-W-A	Positive	0.264195	0.735805
7S78-Z-D	Positive	0.222941	0.777059
7S78-0-D	Positive	0.213424	0.786576
7S78-2-G	Negative	0.506753	0.493247
7S78-4-J	Positive	0.133328	0.866672
7S51-C-A	Positive	0.228508	0.771492
7VF3-B-A	Positive	0.130061	0.869939
7WHU-H-D	Negative	0.681535	0.318465
7UEB-F-A	Negative	0.643941	0.356059
7QA8-I-A	Negative	0.963712	0.0362883
7QA8-K-B	Negative	0.963712	0.0362883
7UNW-3-F	Negative	0.99536	0.00463956
7UNW-8-G	Negative	0.738972	0.261028
7ZV7-B-A	Positive	0.35156	0.64844
7UR1-C-A	Positive	0.0148559	0.985144
7KHR-r-b	Positive	0.0503086	0.949691
7TLT-E-A	Positive	0.201626	0.798374
7TLT-F-C	Positive	0.201626	0.798374
7MNQ-B-A	Negative	0.881224	0.118776
7S7J-B-A	Negative	0.766602	0.233398
7OW2-E-A	Negative	0.825654	0.174346
7XHG-F-B	Negative	0.962372	0.0376277
7XHG-G-C	Positive	0.371031	0.628969
7AL2-B-A	Negative	0.929734	0.0702657
7KI0-P-R	Negative	0.936301	0.063699
7EBK-B-A	Negative	0.870233	0.129767
7N1H-P-H	Negative	0.979161	0.0208387
7B5F-D-C	Negative	0.977494	0.0225062
7B5F-H-G	Negative	0.905394	0.094606
7UT1-c-a	Negative	0.959203	0.0407971
7XL3-G-C	Negative	0.903273	0.0967269
7KGC-D-A	Positive	0.30492	0.69508
7NDG-N-F	Positive	0.122095	0.877905
7NMX-P-A	Negative	0.972072	0.0279275
7NL9-G-H	Negative	0.9752	0.0248
7NL9-C-Q	Positive	0.0766389	0.923361
7X6Y-B-A	Negative	0.881074	0.118926
7JZR-C-A	Negative	0.995288	0.00471192
7TO8-C-A	Negative	0.925826	0.0741739
7Q5V-B-A	Negative	0.967828	0.0321715
7M5C-B-A	Negative	0.995644	0.00435622
7M5C-F-A	Negative	0.972769	0.0272307
7M5C-D-C	Negative	0.985434	0.014566
7M5C-J-C	Negative	0.990997	0.0090026
7M5C-H-G	Negative	0.995644	0.00435622
7M5C-N-M	Negative	0.969928	0.0300715
7M5C-P-O	Negative	0.995644	0.00435622
7ZR2-B-A	Negative	0.979504	0.0204958
7QOO-C-L	Negative	0.560746	0.439254
7N6D-C-A	Negative	0.76466	0.23534
7N6D-O-E	Negative	0.76466	0.23534
7PUL-P-A	Positive	0.39952	0.60048
7THM-C-A	Negative	0.950817	0.0491827
7DU2-I-A	Negative	0.963385	0.0366155
7CMZ-B-A	Negative	0.96198	0.0380204
7OBG-B-A	Negative	0.727279	0.272721
7KFA-D-A	Positive	0.0800987	0.919901
7M98-B-A	Positive	0.319639	0.680361
7YTQ-E-A	Positive	0.40061	0.59939
7OPM-B-A	Negative	0.92839	0.0716096
7OPM-C-A	Negative	0.984032	0.0159679
7KDF-E-A	Negative	0.545506	0.454494
7LFD-A-H	Negative	0.859601	0.140399
7K29-P-A	Positive	0.144838	0.855162
7OBL-B-A	Negative	0.568549	0.431451
7MJA-C-A	Negative	0.508366	0.491634
7MP3-L-A	Negative	0.921756	0.0782442
7VLY-A-Y	Negative	0.955367	0.044633
7E34-C-A	Positive	0.387326	0.612674
7AS4-4-3	Negative	0.892417	0.107583
7F4E-C-A	Negative	0.886558	0.113442
7ZDD-D-A	Negative	0.916505	0.0834952
7E1Z-C-A	Negative	0.528984	0.471016
7W0Q-B-A	Negative	0.985893	0.0141065
7F0R-G-C	Negative	0.815854	0.184146
7MVV-C-A	Positive	0.42487	0.57513
7AD3-K-B	Positive	0.449252	0.550748
7AD3-H-B	Negative	0.962343	0.0376566
7AD3-G-F	Negative	0.687068	0.312932
7CNU-C-A	Negative	0.943867	0.0561326
7X1U-E-A	Positive	0.0844514	0.915549
7U21-C-A	Positive	0.147363	0.852637
7Y61-K-L	Negative	0.859228	0.140772
7S4O-C-A	Positive	0.0818087	0.918191
7UY2-C-A	Negative	0.732091	0.267909
7BQV-B-A	Negative	0.947786	0.0522144
7ZQP-j-d	Negative	0.945058	0.0549417
7PC5-B-A	Negative	0.937704	0.0622958
7XPK-B-A	Negative	0.97682	0.0231796
7XPK-D-C	Negative	0.988907	0.0110927
7OA6-X-B	Positive	0.122996	0.877004
7OUI-F-A	Negative	0.936757	0.063243
7OUI-I-A	Negative	0.766812	0.233188
7OUI-L-A	Negative	0.939596	0.0604043
7OUI-M-A	Negative	0.901574	0.0984258
7OUI-T-A	Negative	0.862056	0.137944
7OUI-U-B	Negative	0.956062	0.0439376
7CIQ-C-A	Negative	0.959112	0.0408878
7OY8-E-H	Positive	0.106681	0.893319
7OY8-F-H	Positive	0.255955	0.744045
7OY8-J-H	Positive	0.106681	0.893319
7OY8-S-H	Negative	0.939585	0.0604145
7OY8-8-M	Positive	0.226869	0.773131
7MD4-P-B	Positive	0.280272	0.719728
7MD4-N-A	Negative	0.989138	0.0108615
7MD4-T-A	Negative	0.6686	0.3314
7BZN-D-A	Negative	0.984707	0.0152929
7CRU-B-A	Negative	0.766389	0.233611
7CRU-D-C	Negative	0.766389	0.233611
7XJJ-C-E	Positive	0.155967	0.844033
7VFI-C-A	Positive	0.326943	0.673057
7APO-C-A	Positive	0.0726192	0.927381
7APO-D-B	Positive	0.0726192	0.927381
7N8O-F-A	Negative	0.650759	0.349241
7N8O-I-A	Positive	0.286817	0.713183
7N8O-J-A	Positive	0.0891116	0.910888
7N8O-L-A	Negative	0.99487	0.00513042
7N8O-T-A	Negative	0.799796	0.200204
7N8O-K-C	Positive	0.391713	0.608287
7N8O-Y-C	Negative	0.603007	0.396993
7N8O-R-E	Negative	0.671451	0.328549
7DW0-C-A	Negative	0.996117	0.00388324
7N43-F-A	Negative	0.996157	0.00384298
7Z31-I-A	Negative	0.995846	0.0041538
7Z31-W-C	Negative	0.861982	0.138018
7AK9-C-A	Negative	0.820671	0.179329
7DKZ-J-2	Negative	0.916898	0.0831024
7S7F-C-A	Positive	0.382476	0.617524
7UDK-B-A	Negative	0.845186	0.154814
7X1B-C-A	Negative	0.968948	0.0310523
7O3T-A-B	Negative	0.574268	0.425732
7OXI-B-A	Positive	0.0353729	0.964627
7OXI-C-A	Negative	0.961368	0.0386317
7O37-l-F	Negative	0.732623	0.267377
7R72-G-I	Negative	0.570829	0.429171
7R72-t-Z	Negative	0.921206	0.0787936
7R72-B-u	Negative	0.983213	0.0167865
7OF3-m-8	Negative	0.596495	0.403505
7K0Q-C-B	Positive	0.0268393	0.973161
7XZJ-3-4	Positive	0.455763	0.544237
7XZJ-X-4	Positive	0.0805984	0.919402
7XZJ-E-7	Negative	0.820066	0.179934
7NHP-F-A	Negative	0.711583	0.288417
7RNC-F-A	Positive	0.37092	0.62908
7JIL-4-F	Negative	0.944555	0.0554454
7JIL-f-F	Negative	0.905951	0.0940493
7JIL-G-X	Negative	0.842161	0.157839
7MO2-B-A	Negative	0.991089	0.008911
7Y1F-F-R	Positive	0.141377	0.858623
7CJB-D-A	Positive	0.00168598	0.998314
7CJB-H-E	Positive	0.047305	0.952695
7CJB-L-I	Positive	0.00929809	0.990702
7VFU-E-A	Negative	0.985633	0.0143667
7WLP-B-A	Negative	0.918867	0.0811332
7WLP-C-A	Negative	0.95877	0.0412304
7LWH-B-A	Negative	0.97228	0.0277202
7O33-P-L	Positive	0.0666026	0.933397
7ESI-B-A	Negative	0.988102	0.0118975
7ESI-C-A	Negative	0.961371	0.0386294
7EU2-C-A	Negative	0.941297	0.0587026
7COH-M-A	Negative	0.963418	0.036582
7A4T-B-A	Negative	0.97298	0.0270202
7A4T-C-A	Negative	0.962212	0.0377876
7SZI-D-A	Negative	0.983507	0.0164928
7Q72-C-A	Positive	0.448415	0.551585
7Q72-D-B	Negative	0.941016	0.0589838
7X70-B-A	Negative	0.957227	0.0427725
7WEK-C-A	Negative	0.987067	0.0129328
7WEK-D-A	Negative	0.990177	0.00982324
7Y9N-B-A	Negative	0.931064	0.0689356
7R0W-G-X	Negative	0.52448	0.47552
7R0W-N-I	Negative	0.935897	0.0641031
7R0W-P-I	Negative	0.93718	0.0628199
7V1A-B-A	Negative	0.912731	0.0872688
7ABF-R-A	Negative	0.950019	0.0499812
7ABF-X-A	Negative	0.90486	0.0951404
7ZPD-A-B	Negative	0.973971	0.0260293
7RT9-Y-A	Negative	0.89729	0.10271
7RT9-Z-C	Negative	0.960088	0.0399121
7UXN-B-A	Negative	0.841964	0.158036
7VZR-E-A	Positive	0.282545	0.717455
7VZR-F-A	Negative	0.747874	0.252126
7VZR-G-A	Negative	0.880446	0.119553
7VZR-e-A	Positive	0.282545	0.717455
7A1S-B-A	Positive	0.464943	0.535057
7ST8-S-H	Negative	0.872621	0.127379
7RJR-B-A	Negative	0.779236	0.220764
7C94-C-A	Negative	0.713229	0.286771
7S4A-B-A	Negative	0.982782	0.0172185
7S4A-D-A	Negative	0.989657	0.0103433
7KL5-B-A	Negative	0.819219	0.180781
7QPJ-E-C	Positive	0.190226	0.809774
7SN6-C-A	Negative	0.991519	0.00848116
7SN6-D-B	Negative	0.654369	0.345631
7O5D-P-A	Negative	0.972491	0.0275086
7EMF-B-A	Positive	0.134664	0.865336
7F4I-U-R	Positive	0.475496	0.524504
7JVO-B-A	Positive	0.283644	0.716356
7PBN-H-D	Negative	0.825652	0.174348
7L1D-C-A	Positive	0.209766	0.790234
7LEN-C-A	Negative	0.981506	0.0184935
7OBK-B-A	Positive	0.360981	0.639019
7SSC-P-H	Negative	0.904373	0.0956265
7T8M-C-A	Negative	0.929644	0.0703557
7T8M-D-A	Negative	0.90712	0.0928798
7AD6-C-A	Positive	0.439631	0.560369
7OR7-B-A	Positive	0.151074	0.848926
7BEE-C-A	Negative	0.508318	0.491682
7BEE-D-A	Negative	0.70596	0.29404
7BEE-F-A	Negative	0.713236	0.286764
7BEE-H-A	Negative	0.78963	0.21037
7M5U-B-A	Positive	0.491284	0.508716
7ZDI-D-A	Negative	0.815633	0.184367
7KL1-C-A	Negative	0.726143	0.273857
7KL1-D-A	Negative	0.68697	0.31303
7TYL-P-R	Negative	0.928078	0.0719224
7DDQ-N-o	Negative	0.976605	0.0233948
7DDQ-O-o	Negative	0.976605	0.0233948
7DDQ-U-t	Negative	0.97929	0.02071
7DDQ-F-e	Negative	0.976605	0.0233948
7DDQ-a-b	Positive	0.450079	0.549921
7DDQ-J-k	Negative	0.976605	0.0233948
7DD1-B-A	Negative	0.536275	0.463725
7PNK-F-A	Positive	0.390049	0.609951
7PNK-I-A	Positive	0.192682	0.807318
7PNK-J-A	Positive	0.224351	0.775649
7PNK-L-A	Negative	0.960765	0.0392352
7PNK-T-A	Negative	0.957249	0.0427512
7PNK-W-A	Negative	0.718223	0.281777
7PNK-M-B	Negative	0.925244	0.0747556
7PNK-U-B	Negative	0.953828	0.0461718
7PNK-V-C	Positive	0.431346	0.568654
7OHT-e-C	Negative	0.9516	0.0484001
7RNW-Y-A	Positive	0.10013	0.89987
7RNW-Z-A	Positive	0.427128	0.572872
7RNW-X-C	Positive	0.175808	0.824192
7RNW-W-C	Positive	0.0799206	0.920079
7OBR-z-B	Negative	0.925744	0.0742561
7FC0-D-E	Positive	0.249262	0.750738
7LLY-P-R	Negative	0.978018	0.0219817
7DW6-C-A	Negative	0.940861	0.0591386
7JPN-H-A	Negative	0.898411	0.101589
7M51-A-H	Negative	0.847138	0.152862
7OHS-V-B	Negative	0.705334	0.294666
7TA3-A-B	Negative	0.968623	0.0313771
7S4Q-F-A	Negative	0.862609	0.137391
7W0D-G-F	Negative	0.94078	0.0592198
7OYR-B-A	Negative	0.964812	0.0351882
7N6J-B-A	Negative	0.996315	0.00368545
7RN9-F-A	Negative	0.8706	0.1294
7N6N-C-A	Negative	0.944963	0.0550372
7DS2-C-A	Negative	0.985018	0.0149825
7Q9A-C-A	Negative	0.942383	0.0576171
7W0T-A-F	Negative	0.996028	0.00397149
7W0T-E-C	Negative	0.991035	0.00896513
7W0T-D-B	Negative	0.811189	0.188811
7QQY-B-A	Negative	0.568413	0.431587
7XWO-D-B	Negative	0.936381	0.0636191
7BOS-B-A	Negative	0.826879	0.173121
7KL2-B-A	Negative	0.876466	0.123534
7RUP-B-A	Negative	0.647703	0.352297
7KSQ-M-B	Negative	0.960692	0.0393079
7X7P-C-M	Negative	0.940673	0.0593266
7ATR-B-A	Positive	0.172054	0.827946
7WAE-L-A	Positive	0.227902	0.772098
7KEV-C-A	Positive	0.373691	0.626309
7CDG-C-A	Negative	0.815772	0.184228
7SSD-A-e	Negative	0.988767	0.0112332
7MLA-B-A	Positive	0.0628211	0.937179
7UVA-C-A	Negative	0.912156	0.0878444
7UVA-F-D	Negative	0.936133	0.0638672
7UXM-D-A	Negative	0.972455	0.0275452
7X6Z-B-A	Negative	0.924088	0.0759115
7M2X-U-C	Negative	0.965107	0.0348933
7TSX-D-A	Negative	0.828828	0.171172
7TSX-C-B	Negative	0.589038	0.410961
7NVO-N-E	Positive	0.0585064	0.941494
7P9W-B-A	Positive	0.261781	0.738219
7AM6-P-C	Positive	0.49603	0.50397
7PRX-B-A	Negative	0.678209	0.321791
7SJQ-D-A	Negative	0.935857	0.0641432
7SU9-C-A	Negative	0.85302	0.14698
7DOC-E-B	Negative	0.961063	0.0389366
7DOC-I-B	Negative	0.82734	0.17266
7ZLG-P-A	Positive	0.108706	0.891294
7AR8-b-A	Negative	0.855868	0.144132
7AR8-r-C	Negative	0.833812	0.166188
7AR8-l-L	Negative	0.810965	0.189035
7U60-M-A	Positive	0.429369	0.570631
7TOW-E-H	Negative	0.998426	0.00157382
7TOW-D-A	Negative	0.860449	0.139551
7QWQ-t-x	Negative	0.874739	0.125261
7QWQ-u-d	Negative	0.949602	0.0503982
7XOW-L-R	Negative	0.713824	0.286176
7UIR-C-A	Negative	0.855502	0.144498
7UIR-D-A	Negative	0.992778	0.00722165
7PI5-I-A	Positive	0.192682	0.807318
7PI5-T-A	Negative	0.957249	0.0427512
7PI5-W-A	Negative	0.718223	0.281777
7PI5-M-B	Negative	0.916475	0.0835249
7QTT-L-N	Negative	0.766717	0.233283
7QTX-B-A	Negative	0.725928	0.274072
7R7C-w-7	Positive	0.497804	0.502196
7NKL-D-A	Negative	0.96917	0.0308303
7NKL-E-A	Negative	0.642281	0.357719
7NKL-b-A	Negative	0.972078	0.0279225
7NKL-B-d	Positive	0.227356	0.772644
7NKL-C-d	Negative	0.71613	0.28387
7NKL-F-d	Positive	0.216967	0.783033
7W64-G-A	Positive	0.0063861	0.993614
7W64-H-A	Positive	0.0063861	0.993614
7RNF-F-A	Negative	0.821669	0.178332
7QCS-C-A	Negative	0.888931	0.111069
7ABI-8-v	Negative	0.789805	0.210195
7ABI-R-r	Negative	0.930208	0.0697921
7Y35-P-R	Negative	0.970683	0.0293169
7P1C-B-A	Negative	0.522758	0.477242
7UBU-P-A	Negative	0.83637	0.16363
7UBU-Q-A	Negative	0.937083	0.0629167
7A1P-B-A	Negative	0.569838	0.430162
7WD8-A-E	Negative	0.98621	0.0137905
7A2X-B-A	Negative	0.5346	0.4654
7YJ1-C-B	Positive	0.0252453	0.974755
7YJ1-E-D	Negative	0.879604	0.120396
7VVU-Y-V	Negative	0.994046	0.00595426
7VVU-X-N	Positive	0.439604	0.560396
7UVV-0-2	Negative	0.966677	0.0333228
7UVV-H-W	Positive	0.444954	0.555046
7VLJ-B-A	Negative	0.827655	0.172345
7PGC-C-B	Negative	0.956084	0.0439162
7UC5-C-A	Positive	0.150343	0.849657
7UJR-B-A	Positive	0.0593545	0.940646
7MX1-C-A	Negative	0.563882	0.436119
7KUI-G-A	Negative	0.908079	0.0919206
7RTE-D-C	Negative	0.817791	0.182209
7OF0-V-5	Negative	0.97677	0.0232301
7NVW-W-2	Negative	0.898169	0.101831
7KSO-F-C	Negative	0.955188	0.0448116
7RUC-D-A	Negative	0.902342	0.097658
7YI6-A-B	Negative	0.898901	0.101099
7YI6-C-E	Positive	0.21189	0.78811
7XQU-C-A	Positive	0.141759	0.858241
7FJ3-C-2	Positive	0.362878	0.637122
7FJ3-d-S	Negative	0.969562	0.0304382
7BRL-L-A	Negative	0.859815	0.140185
7RE8-C-A	Negative	0.648037	0.351963
7RE8-F-D	Negative	0.648037	0.351963
7WBI-C-A	Positive	0.442859	0.557141
7Y3F-J-A	Negative	0.993845	0.00615528
7Y3F-M-B	Negative	0.808391	0.191609
7Y3F-X-B	Positive	0.0532268	0.946773
7JRG-K-A	Negative	0.796184	0.203816
7CZM-C-A	Negative	0.984741	0.015259
7CZM-D-B	Negative	0.941015	0.0589854
7A6Y-J-A	Positive	0.0358241	0.964176
7A6Y-K-B	Positive	0.0190847	0.980915
7A6Y-M-D	Positive	0.0822366	0.917763
7QQN-B-A	Positive	0.417053	0.582947
7QQN-D-C	Positive	0.146285	0.853715
7EQZ-I-A	Negative	0.936633	0.0633669
7R4H-L-G	Negative	0.9048	0.0951997
7URD-B-A	Negative	0.983227	0.0167728
7XJO-C-A	Negative	0.875079	0.124921
7F4D-M-R	Negative	0.647658	0.352342
7ZV8-C-A	Positive	0.35156	0.64844
7DS4-C-B	Negative	0.971782	0.0282178
7EO0-4-1	Negative	0.935681	0.0643187
7JTV-E-B	Positive	0.290044	0.709956
7JTV-H-A	Positive	0.124954	0.875046
7RYC-L-O	Positive	0.342941	0.657059
7CFD-I-B	Positive	0.290395	0.709605
7CFD-K-B	Positive	0.443487	0.556513
7CFD-J-C	Positive	0.396077	0.603923
7CFD-L-E	Negative	0.887083	0.112917
7CFD-M-F	Positive	0.377642	0.622358
7CFD-N-G	Negative	0.890118	0.109882
7CFD-Z-H	Negative	0.713462	0.286538
7JK4-F-C	Negative	0.664011	0.335989
7D68-P-R	Negative	0.995076	0.00492446
7A8U-B-A	Negative	0.79796	0.20204
7Y04-E-A	Negative	0.991799	0.00820099
7CE4-B-A	Negative	0.956954	0.0430463
7Q46-B-A	Positive	0.227377	0.772623
7Q46-D-C	Negative	0.886502	0.113498
7Q46-F-E	Negative	0.904099	0.0959011
7YF2-C-A	Positive	0.35434	0.64566
7WK8-B-C	Negative	0.951346	0.0486545
7BRJ-L-A	Positive	0.247665	0.752335
7ENO-4-1	Negative	0.852917	0.147083
7OF5-m-8	Negative	0.603226	0.396774
7BYD-C-A	Negative	0.891405	0.108595
7D3D-a-A	Positive	0.0277676	0.972232
7ZQB-f-b	Negative	0.795527	0.204473
7QIP-C-A	Positive	0.394632	0.605368
7QIP-D-B	Negative	0.981775	0.0182254
7U8F-C-A	Negative	0.998797	0.00120298
7XV0-B-A	Positive	0.391991	0.608009
7A23-n-I	Negative	0.76801	0.23199
7A23-g-M	Negative	0.957078	0.0429222
7A23-l-M	Negative	0.858235	0.141765
7A23-h-a	Negative	0.937661	0.0623385
7A23-t-a	Negative	0.838648	0.161352
7L4Z-S-B	Positive	0.201076	0.798924
7JRP-W-M	Negative	0.642487	0.357513
7JRP-h-T	Negative	0.90201	0.09799
7JRP-j-a	Negative	0.823363	0.176637
7BRG-L-A	Negative	0.95847	0.0415304
7N6K-B-A	Negative	0.588821	0.411179
7OPX-D-A	Positive	0.280718	0.719282
7CP9-A-I	Negative	0.977679	0.0223208
7CP9-B-J	Negative	0.929894	0.0701059
7CP9-D-J	Negative	0.852496	0.147504
7ETV-B-A	Negative	0.706209	0.293791
7BN1-E-A	Negative	0.957604	0.0423958
7BN1-F-B	Negative	0.882612	0.117388
7LO0-I-A	Positive	0.495312	0.504688
7LO0-M-A	Positive	0.277969	0.722031
7LO0-Q-A	Negative	0.82918	0.17082
7LO0-N-B	Negative	0.925807	0.0741929
7LO0-R-B	Positive	0.218446	0.781554
7LO0-O-G	Negative	0.647037	0.352963
7UXI-B-A	Negative	0.79823	0.20177
7Y66-E-D	Negative	0.566673	0.433327
7URE-B-A	Negative	0.982196	0.017804
7OP0-C-A	Negative	0.557975	0.442025
7N0W-G-A	Negative	0.708476	0.291524
7OY3-B-A	Negative	0.857154	0.142846
7UWO-B-A	Negative	0.855523	0.144477
7OWO-D-A	Negative	0.991301	0.00869937
7OWO-F-B	Negative	0.991301	0.00869937
7RNJ-B-L	Negative	0.934782	0.0652175
7LKY-J-A	Negative	0.773806	0.226194
7LKY-P-G	Negative	0.875311	0.124689
7UNU-8-G	Negative	0.738972	0.261028
7VPG-X-A	Negative	0.972975	0.0270254
7VPG-D-C	Negative	0.980174	0.0198262
7WJH-B-A	Negative	0.796428	0.203572
7TYH-P-E	Negative	0.812642	0.187358
7YIY-E-D	Negative	0.876991	0.123009
7ZX8-d-M	Negative	0.697117	0.302883
7RZD-C-A	Negative	0.846622	0.153378
7R6Q-L-D	Negative	0.857755	0.142245
7R6Q-g-n	Positive	0.217743	0.782257
7R6Q-Z-t	Negative	0.579687	0.420313
7R6Q-h-X	Negative	0.973204	0.0267963
7M8U-C-A	Positive	0.00548589	0.994514
7OWQ-D-A	Negative	0.937055	0.0629455
7LLL-P-R	Negative	0.988141	0.0118588
7EHZ-B-A	Positive	0.18595	0.81405
7QIO-L-N	Negative	0.979508	0.0204923
7FDM-C-A	Negative	0.952482	0.0475181
7FDM-D-B	Negative	0.942698	0.0573023
7Y0S-C-B	Positive	0.318688	0.681312
7E9M-B-A	Positive	0.399337	0.600663
7JVS-C-B	Negative	0.969084	0.0309162
7ZB0-F-B	Positive	0.29711	0.70289
7ZB0-H-D	Negative	0.649992	0.350008
7FDO-B-A	Negative	0.913168	0.0868318
7TFC-U-A	Negative	0.983737	0.0162627
7XTG-A-B	Negative	0.748966	0.251034
7VVJ-P-R	Negative	0.980149	0.0198511
7Q43-D-C	Negative	0.92364	0.0763604
7Q43-B-A	Negative	0.705082	0.294918
7Q43-F-E	Negative	0.965528	0.0344722
7UMS-V-T	Negative	0.856126	0.143874
7O6N-C-A	Negative	0.946014	0.0539857
7O6N-D-A	Negative	0.991116	0.00888451
7RNA-F-A	Negative	0.671393	0.328607
7JK5-F-C	Negative	0.787115	0.212885
7YF4-C-A	Negative	0.72562	0.27438
7YF4-D-B	Positive	0.404369	0.595631
7CDB-C-A	Negative	0.82353	0.17647
7UDB-C-A	Negative	0.748199	0.251801
7F54-L-R	Negative	0.982476	0.0175239
7Z50-T-A	Negative	0.64424	0.35576
7Z50-W-A	Negative	0.692591	0.307409
7YOT-C-D	Negative	0.96171	0.0382902
7YOT-B-D	Negative	0.978255	0.0217451
7L0S-G-A	Negative	0.901331	0.098669
7P93-B-A	Negative	0.82435	0.17565
7P93-M-A	Negative	0.622536	0.377464
7P0L-D-B	Negative	0.97839	0.0216103
7M5A-B-A	Positive	0.191063	0.808937
7NLC-B-A	Negative	0.981786	0.0182144
7U5V-C-A	Negative	0.783894	0.216106
7YKD-L-A	Positive	0.209802	0.790198
7T5M-E-A	Negative	0.980077	0.0199227
7T5M-F-C	Negative	0.930262	0.0697384
7LET-B-E	Negative	0.950343	0.0496571
7F2D-B-A	Positive	0.16704	0.83296
7PPM-B-A	Negative	0.887927	0.112073
7ZPY-B-A	Negative	0.753872	0.246128
7K2L-P-A	Negative	0.757586	0.242414
7XZI-X-9	Positive	0.0685832	0.931417
7CZL-F-A	Negative	0.681915	0.318085
7CZL-I-A	Negative	0.705985	0.294015
7CZL-M-A	Negative	0.885266	0.114734
7CZL-X-D	Negative	0.833587	0.166413
7CZL-k-c	Negative	0.680306	0.319694
7TFA-A-B	Negative	0.969024	0.0309763
7E87-J-B	Negative	0.862552	0.137448
7BCY-P-A	Positive	0.171736	0.828264
7QTO-C-A	Negative	0.902591	0.0974094
7QTO-D-A	Negative	0.896925	0.103075
7DRP-E-A	Positive	0.425788	0.574212
7DRP-F-C	Positive	0.478288	0.521712
7LGT-F-A	Negative	0.897303	0.102697
7LGT-E-C	Negative	0.897303	0.102697
7EMB-C-A	Negative	0.905041	0.0949589
7X00-C-A	Positive	0.0588714	0.941129
7QOT-C-A	Negative	0.896714	0.103286
7QOT-D-B	Negative	0.994976	0.00502433
7YZX-B-A	Negative	0.695886	0.304114
7Q3L-p-A	Negative	0.989634	0.0103661
7XXG-D-A	Negative	0.99531	0.00468966
7F3S-B-A	Negative	0.954997	0.045003
7VPH-X-A	Negative	0.981989	0.0180108
7VPH-D-C	Negative	0.989716	0.0102839
7VPH-J-E	Negative	0.913143	0.0868569
7VPH-H-G	Negative	0.989716	0.0102839
7ZAK-C-A	Negative	0.989397	0.010603
7EJM-C-A	Positive	0.249623	0.750377
7OII-B-R	Positive	0.411141	0.588859
7RAQ-P-H	Negative	0.732875	0.267125
7S8M-A-R	Negative	0.9778	0.0222004
7FGJ-C-H	Negative	0.987389	0.0126108
7WUI-L-R	Negative	0.991081	0.00891929
7WMC-C-A	Positive	0.261852	0.738148
7Y8W-E-A	Negative	0.897796	0.102204
7Y8W-F-A	Negative	0.83467	0.16533
7Y8W-O-M	Negative	0.831703	0.168297
7Y8W-P-M	Positive	0.243612	0.756388
7Y8W-S-Q	Negative	0.920433	0.0795674
7W3Z-L-A	Negative	0.850023	0.149977
7RNU-B-A	Negative	0.584352	0.415648
7RNU-D-A	Negative	0.971743	0.0282575
7RNU-F-C	Negative	0.879076	0.120924
7RNU-H-G	Negative	0.827239	0.172761
7TXF-F-A	Negative	0.777186	0.222814
7JMM-B-A	Negative	0.996127	0.00387303
7TYY-P-E	Positive	0.295468	0.704532
7Q4Q-E-A	Negative	0.990303	0.00969673
7VBH-P-R	Negative	0.96162	0.0383798
7OYH-B-A	Negative	0.88437	0.11563
7VDD-F-C	Positive	0.485709	0.514291
7VDD-D-G	Negative	0.968701	0.0312987
7B1G-E-A	Negative	0.90669	0.09331
7N2P-C-A	Positive	0.383688	0.616312
7NND-P-A	Negative	0.917645	0.0823552
7QGN-B-1	Negative	0.993154	0.0068457
7F4H-F-R	Negative	0.934207	0.0657931
7JTK-M-E	Negative	0.997322	0.00267816
7JTK-U-E	Negative	0.934815	0.0651852
7JTK-N-F	Negative	0.911497	0.0885029
7JTK-s-F	Negative	0.976275	0.0237246
7JTK-u-F	Negative	0.97472	0.0252797
7DVY-C-A	Negative	0.556397	0.443603
7CUI-B-A	Negative	0.994757	0.00524303
7TTC-P-A	Negative	0.681017	0.318983
7Y9C-C-A	Negative	0.579534	0.420466
7PWG-l-X	Negative	0.976046	0.0239544
7W57-C-R	Positive	0.334519	0.665481
7SAX-E-A	Negative	0.841474	0.158526
7SAX-G-A	Negative	0.632265	0.367735
7YQ7-I-A	Negative	0.6959	0.3041
7YQ7-J-A	Positive	0.0809577	0.919042
7T1L-C-A	Negative	0.620204	0.379796
7B4V-B-C	Negative	0.895303	0.104697
7ZW4-B-A	Negative	0.983573	0.016427
7VGA-A-B	Negative	0.928723	0.0712772
7UQC-C-A	Negative	0.79212	0.20788
7UQC-F-D	Negative	0.79212	0.20788
7TM3-B-C	Positive	0.254238	0.745762
7E9K-C-A	Negative	0.979177	0.0208227
7E9K-F-D	Negative	0.954133	0.0458673
7ZJS-E-A	Negative	0.998065	0.00193467
7VGX-L-R	Negative	0.991962	0.00803788
7QS8-C-A	Negative	0.632951	0.367049
7MJ8-C-A	Positive	0.408648	0.591352
7EIB-D-A	Negative	0.742734	0.257266
7LPS-C-B	Negative	0.997911	0.00208917
7LPS-F-E	Negative	0.996942	0.0030583
7NDX-B-A	Negative	0.932444	0.0675557
7R4F-Y-M	Negative	0.783384	0.216616
7YOO-L-R	Negative	0.991556	0.00844355
7JFL-C-A	Negative	0.981035	0.0189647
7JFL-D-A	Negative	0.977967	0.0220329
7AM7-P-C	Negative	0.663054	0.336946
7SJP-E-H	Negative	0.737365	0.262635
7SQV-C-A	Negative	0.688484	0.311516
7SQV-B-A	Negative	0.503878	0.496122
7SQV-D-A	Negative	0.791181	0.208819
7R2T-B-A	Negative	0.819715	0.180285
7BJN-B-A	Negative	0.787794	0.212206
7JQD-B-A	Negative	0.935548	0.064452
7NQC-B-A	Negative	0.992314	0.00768579
7V35-P-R	Negative	0.982793	0.0172066
7SSO-A-e	Negative	0.989032	0.0109682
7LFL-C-A	Positive	0.103462	0.896538
7BYE-A-B	Negative	0.944258	0.0557423
7QSO-s-E	Negative	0.775655	0.224345
7QSO-Y-M	Negative	0.718441	0.281559
7UJP-C-A	Negative	0.803294	0.196706
7UJP-D-A	Positive	0.0722346	0.927765
7SAY-E-A	Negative	0.975742	0.0242577
7SAY-F-C	Negative	0.978043	0.0219573
7AGB-I-A	Positive	0.240726	0.759274
7K2J-P-B	Positive	0.168361	0.831639
7USQ-F-A	Negative	0.631271	0.368729
7SL7-I-A	Negative	0.936992	0.0630079
7S02-C-A	Negative	0.995751	0.00424927
7EKK-P-H	Positive	0.478355	0.521645
7RG4-B-E	Negative	0.934206	0.0657943
7QSL-c-N	Negative	0.98231	0.0176897
7LV0-A-e	Negative	0.991184	0.0088161
7KGS-C-A	Negative	0.928237	0.0717634
7K2C-P-A	Positive	0.0477469	0.952253
7S8L-A-R	Negative	0.758066	0.241934
7C9O-A-B	Negative	0.671796	0.328204
7ACW-B-A	Negative	0.971129	0.0288708
7ACW-D-A	Negative	0.960872	0.0391278
7DDM-E-A	Positive	0.338195	0.661805
7VV4-L-R	Negative	0.914246	0.0857542
7QXW-e-V	Negative	0.986019	0.0139805
7S8S-C-A	Negative	0.952339	0.0476613
7SZ5-C-A	Negative	0.92449	0.0755096
7MSC-1-3	Negative	0.871249	0.128751
7PFZ-C-B	Negative	0.956084	0.0439162
7AE7-b-A	Negative	0.952953	0.0470472
7K2D-P-B	Positive	0.200169	0.799831
7QTW-B-A	Negative	0.652797	0.347203
7T0V-G-A	Negative	0.541909	0.458091
7F7O-B-A	Negative	0.589483	0.410517
7Z73-B-E	Negative	0.969425	0.030575
7Z73-C-E	Negative	0.968652	0.0313475
7Z73-D-E	Negative	0.974862	0.0251378
7Z73-A-F	Negative	0.97613	0.0238698
7AQW-i-g	Negative	0.763994	0.236006
7TZK-C-A	Negative	0.912883	0.0871167
7E9H-C-B	Negative	0.98003	0.0199697
7VD7-B-A	Negative	0.905675	0.0943253
7O5S-P-A	Negative	0.912307	0.087693
7W0S-A-B	Negative	0.873893	0.126107
7MBX-P-R	Positive	0.357441	0.642559
7O4K-F-A	Negative	0.948789	0.0512111
7NAD-V-w	Negative	0.779506	0.220494
7QUV-C-B	Negative	0.672107	0.327893
7VRJ-A-L	Positive	0.488931	0.511069
7VRJ-7-L	Positive	0.488931	0.511069
7VRJ-9-L	Negative	0.640682	0.359318
7VRJ-P-M	Negative	0.91066	0.0893402
7VRJ-E-H	Negative	0.974922	0.0250783
7VRJ-G-D	Negative	0.965084	0.0349155
7VRJ-J-F	Negative	0.920367	0.0796333
7VRJ-T-S	Negative	0.965084	0.0349155
7VRJ-Z-W	Negative	0.911477	0.0885235
7VRJ-4-3	Negative	0.91066	0.0893402
7V8Q-H-C	Negative	0.782652	0.217348
7BZU-D-A	Negative	0.991803	0.00819682
7T56-C-A	Positive	0.337412	0.662588
7TL7-a-A	Negative	0.958153	0.0418467
7CLV-C-A	Negative	0.836579	0.163421
7MSO-E-A	Positive	0.226324	0.773676
7PLL-B-A	Negative	0.872925	0.127075
7ABH-L-F	Negative	0.850212	0.149789
7ABH-7-T	Negative	0.968874	0.0311262
7DRN-E-A	Positive	0.426418	0.573582
7Q5X-B-A	Negative	0.926266	0.0737343
7X9E-E-A	Negative	0.997587	0.00241273
7NM9-P-A	Negative	0.799558	0.200442
7MFR-P-A	Negative	0.691294	0.308706
7O31-P-L	Positive	0.0323	0.9677
7JK7-A-B	Negative	0.601032	0.398968
7ZYV-G-A	Positive	0.407135	0.592865
7ZYV-Q-A	Negative	0.740951	0.259049
7ZYV-O-I	Positive	0.404549	0.595451
7ZYV-P-I	Negative	0.889873	0.110127
7X7N-H-B	Negative	0.663682	0.336318
7EU1-L-B	Negative	0.966345	0.0336553
7Y99-B-A	Negative	0.514081	0.485919
7S3D-J-A	Negative	0.883179	0.116821
7D2Q-D-A	Negative	0.716552	0.283448
7KLZ-C-A	Positive	0.439749	0.560251
7E6P-A-L	Negative	0.858315	0.141685
7ZL7-D-A	Positive	0.320472	0.679528
7E5E-E-A	Positive	0.0490777	0.950922
7MB8-E-A	Negative	0.963354	0.0366462
7UIQ-D-A	Negative	0.99352	0.0064795
7P33-J-A	Negative	0.962258	0.037742
7P33-H-B	Negative	0.91363	0.0863703
7P33-F-B	Positive	0.498409	0.501591
7P33-I-D	Negative	0.677133	0.322867
7Q50-B-A	Positive	0.271502	0.728498
7VVO-P-R	Negative	0.951102	0.0488983
7LWB-D-A	Negative	0.965812	0.0341877
7XFG-B-A	Negative	0.94526	0.0547399
7W5R-H-E	Positive	0.198887	0.801113
7RJE-I-K	Positive	0.0416945	0.958306
7CIS-C-A	Negative	0.903334	0.0966658
7RUG-L-A	Positive	0.0153111	0.984689
7LUL-B-A	Positive	0.0912779	0.908722
7RTI-D-C	Negative	0.810155	0.189845
7C52-8-L	Negative	0.910803	0.0891974
7C52-E-H	Positive	0.0309037	0.969096
7C52-R-O	Negative	0.910803	0.0891974
7ZIT-C-A	Negative	0.735983	0.264017
7AD9-A-B	Negative	0.990022	0.009978
7A4Y-D-B	Negative	0.951154	0.0488462
7A4Y-E-B	Negative	0.982902	0.017098
7EMA-C-A	Negative	0.747023	0.252977
7EGT-D-A	Negative	0.880218	0.119782
7UDM-C-A	Negative	0.976526	0.0234742
7PKQ-u-B	Negative	0.81126	0.18874
7KQ1-B-A	Negative	0.844594	0.155406
7KQ1-F-E	Negative	0.764038	0.235962
7RG6-C-A	Positive	0.430584	0.569416
7RG6-D-A	Negative	0.668071	0.331929
7JSX-x-A	Negative	0.991175	0.0088254
7F7G-C-A	Negative	0.682494	0.317506
7AA9-B-A	Negative	0.959485	0.0405155
7AA9-F-A	Negative	0.86134	0.13866
7TT6-C-D	Positive	0.30988	0.69012
7W5M-B-A	Negative	0.98026	0.0197404
7JQC-F-D	Positive	0.378399	0.621601
7F16-P-R	Negative	0.79804	0.20196
7OIE-4-r	Positive	0.38248	0.61752
7ZRR-B-A	Positive	0.343361	0.656639
7UFG-C-A	Negative	0.860514	0.139486
7UFG-D-B	Negative	0.934003	0.0659972
7RGP-P-R	Negative	0.544231	0.455769
7YXR-R-A	Positive	0.286324	0.713676
7YXR-S-A	Positive	0.286324	0.713676
7OUP-F-A	Positive	0.356451	0.643549
7ANK-C-A	Negative	0.598882	0.401118
7ATN-D-A	Negative	0.88595	0.11405
7BR7-B-K	Negative	0.839008	0.160992
7BR7-O-K	Negative	0.871503	0.128497
7XK8-P-R	Positive	0.0230602	0.97694
7EDO-C-A	Negative	0.648958	0.351042
7VV0-L-R	Negative	0.507906	0.492094
7Y60-K-L	Negative	0.944301	0.0556993
7YC2-F-A	Positive	0.0616988	0.938301
7R0J-A-C	Negative	0.836996	0.163004
7XHN-o-I	Negative	0.548756	0.451244
7CPO-C-A	Negative	0.976385	0.0236147
7MVZ-C-A	Negative	0.954753	0.0452474
7F8X-C-A	Positive	0.199073	0.800927
7K48-E-A	Negative	0.937243	0.0627575
7QOH-j-A	Negative	0.962849	0.0371509
7QOH-l-B	Negative	0.840863	0.159137
7QOH-m-C	Negative	0.970316	0.0296839
7AUE-C-R	Negative	0.635575	0.364425
7E32-G-B	Positive	0.454666	0.545334
7Q4P-1-A	Negative	0.925258	0.0747421
7M76-K-A	Negative	0.753303	0.246697
7LBM-w-A	Negative	0.572068	0.427932
7BRI-L-A	Negative	0.790517	0.209483
7P0T-C-A	Negative	0.933496	0.0665044
7SHL-R-A	Positive	0.0403634	0.959637
7VCQ-K-A	Positive	0.307968	0.692032
7XXJ-D-A	Negative	0.993561	0.00643924
7U0A-A-H	Negative	0.998802	0.00119757
7TZ6-I-A	Negative	0.885684	0.114316
7YX8-F-A	Negative	0.900137	0.0998634
7YX8-H-A	Negative	0.777372	0.222628
7QRM-G-A	Positive	0.448304	0.551696
7SQA-C-B	Negative	0.962885	0.0371151
7RM0-P-A	Negative	0.710881	0.289119
7RM0-Q-C	Negative	0.917445	0.0825553
7RM0-R-E	Negative	0.675052	0.324948
7XHB-B-A	Negative	0.506838	0.493162
7RJK-C-A	Positive	0.0462763	0.953724
7TS0-U-P	Negative	0.964333	0.0356673
7CTT-D-A	Negative	0.991651	0.00834911
7C1M-B-A	Negative	0.595722	0.404278
7ZVC-C-A	Positive	0.0743787	0.925621
7LX0-T-G	Positive	0.268018	0.731982
7QY5-F-B	Negative	0.677725	0.322275
7QY5-G-D	Negative	0.850461	0.149539
7E11-B-A	Negative	0.939161	0.0608394
7JWQ-V-A	Positive	0.120432	0.879568
7CDD-C-A	Negative	0.838578	0.161422
7FIN-P-R	Negative	0.939383	0.0606174
7X6V-B-A	Negative	0.980777	0.0192225
7K2M-P-A	Positive	0.234727	0.765273
7O5H-U-K	Positive	0.0413886	0.958611
7D9V-C-A	Negative	0.955671	0.0443294
7D9V-D-B	Positive	0.486431	0.513569
7XHA-B-A	Negative	0.609201	0.390799
7A0R-2-C	Negative	0.951282	0.0487178
7FB9-N-B	Positive	0.450874	0.549126
7EMC-C-A	Negative	0.739778	0.260222
7JYA-D-A	Negative	0.945235	0.0547645
7JYA-F-A	Negative	0.960526	0.0394738
7JYA-E-B	Negative	0.974953	0.0250475
7F6H-L-A	Positive	0.412574	0.587426
7F6H-D-C	Negative	0.762573	0.237427
7UJS-B-A	Negative	0.876466	0.123534
7JGB-b-a	Negative	0.92122	0.07878
7JGB-d-a	Negative	0.713253	0.286747
7VSI-B-A	Negative	0.588761	0.411239
7YXW-D-A	Negative	0.93115	0.06885
7K28-P-B	Negative	0.928214	0.0717859
7CIR-C-A	Negative	0.872536	0.127464
7NKP-G-L	Negative	0.639896	0.360104
7NKP-H-L	Negative	0.956862	0.0431377
7P02-P-R	Negative	0.795212	0.204788
7EGR-K-A	Negative	0.742703	0.257297
7EGR-N-F	Negative	0.742703	0.257297
7LG2-C-A	Negative	0.930878	0.0691223
7UZO-B-A	Positive	0.278687	0.721313
7V7K-C-A	Negative	0.661169	0.338831
7M60-C-A	Positive	0.209285	0.790715
7M60-B-A	Positive	0.306812	0.693188
7NKK-C-G	Negative	0.772978	0.227022
7DEG-C-A	Positive	0.0373734	0.962627
7KGQ-C-A	Negative	0.570432	0.429568
7CO7-C-D	Positive	0.30523	0.69477
7PWF-e-J	Negative	0.891132	0.108868
7PWF-d-D	Negative	0.975282	0.0247175
7Q1E-P-A	Negative	0.787143	0.212857
7C41-D-A	Positive	0.155669	0.844331
7EWJ-C-A	Negative	0.988237	0.0117631
7EWJ-F-D	Negative	0.967707	0.0322934
7STX-C-A	Negative	0.985688	0.0143124
7DF9-V-A	Negative	0.97544	0.0245599
7T0L-C-A	Positive	0.00864315	0.991357
7KGR-C-A	Negative	0.575758	0.424242
7RLX-P-B	Negative	0.505603	0.494397
7BY2-A-B	Positive	0.115137	0.884863
7EBZ-D-A	Negative	0.850589	0.149411
7ML1-U-O	Negative	0.757658	0.242342
7ML1-V-O	Negative	0.992598	0.00740159
7YF3-C-A	Negative	0.894099	0.105901
7YF3-D-B	Positive	0.354217	0.645783
7K76-P-A	Negative	0.950134	0.0498656
7RMA-C-A	Negative	0.932107	0.0678932
7XGJ-D-A	Positive	0.312335	0.687665
7XMT-C-S	Negative	0.867397	0.132603
7Q1F-P-A	Negative	0.890786	0.109214
7Q1F-V-R	Negative	0.763496	0.236504
7WFY-A-C	Negative	0.713493	0.286507
7Y65-L-D	Positive	0.48054	0.51946
7RJP-B-A	Positive	0.251156	0.748844
7Z42-Y-A	Positive	0.0917781	0.908222
7Z42-G-A	Positive	0.0684816	0.931518
7Z42-I-D	Positive	0.036737	0.963263
7E9S-B-A	Positive	0.364309	0.635691
7SWL-G-A	Negative	0.946158	0.0538422
7X5Q-H-B	Negative	0.586638	0.413362
7MD5-M-A	Negative	0.904248	0.0957521
7QV8-D-A	Negative	0.988983	0.0110166
7PIU-P-R	Positive	0.282216	0.717784
7BDU-C-A	Negative	0.878547	0.121453
7BDU-D-A	Negative	0.511554	0.488446
7BDU-E-A	Positive	0.303295	0.696705
7B1H-C-B	Negative	0.988301	0.0116986
7B1H-D-B	Negative	0.918466	0.0815337
7B1H-H-E	Negative	0.678698	0.321302
7W91-D-B	Negative	0.98287	0.0171295
7T2U-E-A	Negative	0.967728	0.0322718
7T2U-F-C	Negative	0.951509	0.0484908
7SKL-B-A	Negative	0.959346	0.0406544
7SKL-E-A	Negative	0.984634	0.0153664
7RLV-P-B	Positive	0.481226	0.518774
7RLV-Q-F	Positive	0.353881	0.646119
7ZKY-A-B	Positive	0.0102898	0.98971
7NNE-P-A	Negative	0.991997	0.00800255
7M5L-E-A	Negative	0.973589	0.0264106
7M5L-F-C	Negative	0.973589	0.0264106
7QS9-C-A	Negative	0.680505	0.319495
7YOU-C-A	Negative	0.960333	0.0396672
7YOU-B-A	Negative	0.970602	0.0293979
7UDJ-G-H	Positive	0.319511	0.680489
7EDA-I-A	Negative	0.542989	0.457011
7EDA-L-A	Negative	0.848465	0.151535
7EDA-T-A	Positive	0.127372	0.872628
7EDA-M-B	Negative	0.873436	0.126564
7CNC-B-A	Negative	0.958571	0.0414286
7DFA-V-A	Negative	0.959046	0.0409545
7SXG-B-A	Negative	0.957795	0.0422048
7K2A-P-A	Positive	0.348667	0.651333
7N0X-G-H	Negative	0.982744	0.0172557
7QRU-e-B	Positive	0.0281079	0.971892
7OQW-P-A	Negative	0.968048	0.0319516
7PRV-F-A	Negative	0.92147	0.0785302
7M52-A-H	Negative	0.978658	0.0213422
7OBD-B-A	Negative	0.977656	0.0223436
7AEF-u-M	Negative	0.970013	0.0299872
7BM9-B-A	Negative	0.891993	0.108007
7RFZ-B-A	Negative	0.830307	0.169693
7NHN-6-0	Negative	0.919474	0.0805262
7NHN-7-I	Negative	0.981258	0.018742
7NHN-9-K	Negative	0.974763	0.0252367
7KL0-C-A	Positive	0.0786329	0.921367
7FIY-P-R	Negative	0.799476	0.200524
7OXK-B-A	Positive	0.0850514	0.914949
7OXK-C-A	Negative	0.986993	0.0130071
7WZN-J-A	Negative	0.99677	0.00322966
7D0J-J-A	Negative	0.547226	0.452774
7XUV-B-A	Negative	0.841507	0.158493
7QCO-J-A	Positive	0.0224029	0.977597
7QCO-M-B	Negative	0.974878	0.0251215
7QCO-Q-E	Positive	0.0224029	0.977597
7CDC-C-A	Negative	0.9453	0.0546997
7YOM-B-A	Positive	0.0549046	0.945095
7VNM-1-L	Negative	0.854712	0.145288
7VNM-B-H	Negative	0.94608	0.0539201
7VNM-V-S	Negative	0.961874	0.0381262
7VNM-C-U	Negative	0.896547	0.103453
7VNM-2-W	Positive	0.0474692	0.952531
7EU4-O-A	Negative	0.917348	0.0826517
7EU4-P-A	Negative	0.860362	0.139638
7ZCU-B-A	Negative	0.788381	0.211619
7ZCU-R-A	Negative	0.788381	0.211619
7ACV-C-A	Negative	0.956914	0.0430858
7C8E-C-A	Positive	0.499051	0.500949
7C8E-D-B	Negative	0.701192	0.298808
7OXG-C-A	Positive	0.154312	0.845688
7OXG-D-B	Positive	0.292427	0.707573
7P71-C-A	Negative	0.890057	0.109943
7P71-D-B	Positive	0.393495	0.606505
7MB6-C-A	Negative	0.773121	0.226879
7BW2-J-A	Negative	0.97822	0.0217805
7BW2-K-A	Negative	0.753303	0.246697
7BW2-I-B	Negative	0.828476	0.171524
7BW2-M-B	Negative	0.933065	0.0669354
7BW2-X-B	Positive	0.0199975	0.980003
7RLY-Q-B	Negative	0.596354	0.403646
7RLY-P-D	Negative	0.516296	0.483704
7RLY-R-F	Positive	0.453236	0.546764
7F53-L-R	Negative	0.773021	0.226979
7SMD-B-A	Negative	0.975412	0.0245884
7TT4-P-A	Negative	0.974502	0.0254978
7TO7-C-A	Negative	0.840573	0.159427
7PC3-C-A	Negative	0.632951	0.367049
7QGU-2-E	Negative	0.901647	0.0983526
7QGU-3-F	Negative	0.824665	0.175335
7DK7-e-f	Positive	0.00936651	0.990633
7NHL-6-0	Negative	0.96377	0.0362299
7NHL-9-P	Negative	0.97279	0.0272099
7XSJ-C-A	Negative	0.878143	0.121857
7JZZ-J-A	Negative	0.829297	0.170703
7R8X-C-A	Negative	0.504584	0.495416
7SID-B-A	Negative	0.65683	0.34317
7K5I-1-D	Negative	0.798791	0.201209
7K5I-e-J	Negative	0.661981	0.338019
7X5C-B-A	Negative	0.971052	0.0289477
7VXX-A-B	Negative	0.884712	0.115288
7AK8-G-A	Negative	0.89395	0.10605
7AK8-H-A	Negative	0.944847	0.0551531
7AK8-K-A	Negative	0.934349	0.0656507
7AK8-J-C	Negative	0.933171	0.0668287
7F6M-B-A	Negative	0.826273	0.173727
7K2B-P-B	Positive	0.401014	0.598986
7NAM-B-A	Negative	0.971434	0.0285657
7Y26-C-E	Positive	0.170912	0.829088
7KEI-C-A	Positive	0.381508	0.618492
7OW3-C-A	Positive	0.0542175	0.945783
7OW3-F-D	Positive	0.21321	0.78679
7OW3-I-G	Positive	0.21176	0.78824
7CDE-C-A	Negative	0.857924	0.142076
7MNV-B-A	Negative	0.983251	0.016749
7O1F-J-A	Negative	0.991124	0.00887601
7O1F-O-F	Negative	0.944332	0.0556677
7QTU-D-B	Negative	0.893674	0.106326
7BXV-A-L	Negative	0.746549	0.253451
7SA2-C-A	Positive	0.0422296	0.95777
7AKO-C-A	Negative	0.946209	0.0537908
7AKO-D-B	Negative	0.992882	0.00711753
7MKK-C-B	Negative	0.989604	0.0103956
7MKK-D-B	Negative	0.995104	0.004896
7MKK-F-B	Negative	0.954494	0.0455061
7ZQC-J-A	Negative	0.990373	0.00962651
7USO-F-A	Negative	0.870417	0.129583
7YK5-b-A	Positive	0.389302	0.610698
7YK5-i-J	Positive	0.386119	0.613881
7M53-A-H	Negative	0.975013	0.0249866
7OUN-B-A	Positive	0.0201297	0.97987
7YQ2-I-A	Negative	0.6959	0.3041
7YQ2-j-a	Positive	0.464806	0.535194
7YQ2-y-c	Negative	0.912921	0.0870792
7F6G-L-A	Positive	0.149259	0.850741
7SME-B-A	Negative	0.834766	0.165234
7RPU-P-A	Positive	0.220799	0.779201
7EVR-B-A	Negative	0.919459	0.0805406
7U0H-m-b	Negative	0.541736	0.458264
7MEY-F-A	Positive	0.125779	0.874221
7MNP-B-A	Negative	0.977031	0.0229694
7OVC-B-A	Negative	0.959086	0.040914
7XL7-B-A	Negative	0.581744	0.418256
7CFC-F-A	Negative	0.645905	0.354095
7CFC-I-D	Negative	0.733163	0.266837
7EGU-B-A	Positive	0.00713617	0.992864
7FAX-B-A	Negative	0.636576	0.363424
7UY7-D-A	Negative	0.951217	0.0487827
7QP6-F-D	Negative	0.542659	0.457341
7MLE-C-A	Positive	0.196276	0.803724
7PIK-E-D	Negative	0.940268	0.0597322
7DSB-D-B	Negative	0.976683	0.0233165
7Y3J-A-L	Positive	0.203829	0.796171
7Y8R-R-B	Negative	0.913465	0.0865353
7Y8R-U-I	Negative	0.976253	0.0237466
7Y46-E-C	Negative	0.968737	0.0312631
7F60-F-B	Negative	0.942043	0.0579568
7ETT-B-A	Negative	0.791028	0.208972
7DEE-B-A	Negative	0.946778	0.0532216
7LJ0-A-B	Negative	0.717311	0.282689
7U6E-G-E	Negative	0.957506	0.0424937
7MGV-V-A	Positive	0.348762	0.651238
7MGV-T-A	Positive	0.255318	0.744682
7QYR-K-A	Negative	0.860576	0.139424
7QYR-T-B	Negative	0.879528	0.120472
7QYR-N-D	Negative	0.79176	0.20824
7YVB-P-A	Positive	0.13255	0.86745
7RLE-B-A	Negative	0.96267	0.0373297
7RLE-D-C	Negative	0.905089	0.094911
7F4L-E-D	Negative	0.977074	0.0229264
7BBL-F-A	Negative	0.870314	0.129686
7BBL-E-C	Negative	0.94081	0.0591901
7R5R-L-A	Negative	0.972618	0.0273819
7UYK-D-A	Negative	0.971897	0.0281029
7L04-C-E	Negative	0.923234	0.0767661
7D0Q-B-A	Negative	0.987809	0.0121914
7ROV-E-A	Negative	0.770601	0.229399
7JN8-B-A	Negative	0.803518	0.196482
7USY-D-A	Negative	0.724975	0.275025
7KCL-C-A	Negative	0.814768	0.185232
7QH7-I-N	Negative	0.660712	0.339288
7QH7-V-U	Negative	0.97677	0.0232301
7QH7-f-W	Negative	0.981493	0.0185072
7QH7-1-3	Negative	0.987571	0.0124293
7X5V-E-A	Positive	0.0113504	0.98865
7SA3-E-A	Positive	0.00702006	0.99298
7SA3-F-A	Negative	0.769168	0.230832
7SA3-I-A	Positive	0.0233681	0.976632
7SA3-K-C	Negative	0.719024	0.280976
7OH3-z-B	Negative	0.954084	0.0459161
7A00-C-A	Negative	0.631148	0.368852
7YMI-I-A	Positive	0.00825614	0.991744
7YMI-L-A	Negative	0.978911	0.0210891
7YMI-T-A	Positive	0.0871295	0.912871
7YMI-M-B	Negative	0.771426	0.228574
7YMI-K-C	Negative	0.916059	0.0839409
7YMI-F-D	Negative	0.624174	0.375826
7YMI-X-D	Negative	0.541561	0.458439
7YMI-Y-Z	Negative	0.93298	0.0670201
7S5J-B-A	Negative	0.536925	0.463075
7AST-A-N	Negative	0.943764	0.0562356
7AST-C-B	Negative	0.861505	0.138495
7CQI-E-T	Positive	0.0283173	0.971683
7CQI-C-A	Negative	0.912782	0.0872175
7XHF-C-A	Negative	0.782292	0.217708
7XHF-D-B	Positive	0.0765018	0.923498
7FAD-B-A	Negative	0.980374	0.0196256
7K2G-P-B	Positive	0.198926	0.801074
7DHG-B-C	Negative	0.952994	0.047006
7YOL-B-A	Negative	0.952199	0.0478011
7S82-C-A	Negative	0.96632	0.0336798
7LMM-G-B	Negative	0.874828	0.125172
7VFL-D-A	Positive	0.190487	0.809513
7VFL-G-C	Positive	0.294892	0.705108
7BQU-B-A	Negative	0.947786	0.0522144
7OHI-B-A	Negative	0.988407	0.0115932
7SG1-C-A	Negative	0.757983	0.242017
7USP-F-A	Positive	0.249134	0.750866
7VAZ-G-C	Negative	0.93028	0.0697197
7VAZ-E-A	Negative	0.93028	0.0697197
7A1I-B-A	Positive	0.1488	0.8512
7EG6-M-G	Positive	0.230951	0.769049
7NMD-F-D	Negative	0.992384	0.0076162
7Z52-A-B	Negative	0.995674	0.00432614
7SLW-G-A	Positive	0.364551	0.635449
7M78-K-A	Negative	0.753303	0.246697
7STJ-D-A	Negative	0.919928	0.0800718
7RAF-D-A	Positive	0.431817	0.568183
7Q4I-F-A	Negative	0.652241	0.347759
7Q4I-G-B	Negative	0.652241	0.347759
7F69-C-A	Negative	0.852333	0.147667
7S1M-P-R	Negative	0.984938	0.015062
7K2K-P-B	Negative	0.601986	0.398014
7YKF-B-A	Positive	0.320768	0.679232
7YKF-D-A	Positive	0.264245	0.735755
7MJ7-C-A	Negative	0.507125	0.492875
7PKS-M-b	Negative	0.779339	0.220661
7RN8-F-A	Negative	0.646728	0.353272
7L1B-C-A	Positive	0.378588	0.621412
7EV4-S-A	Negative	0.551016	0.448984
7OYE-B-A	Negative	0.502985	0.497015
7MSH-6-F	Negative	0.970714	0.0292859
7MSH-H-X	Negative	0.770482	0.229518
7TF6-J-A	Negative	0.903494	0.0965057
7ARM-V-C	Negative	0.966961	0.0330385
7W29-P-A	Negative	0.530308	0.469692
7MQR-H-E	Negative	0.86453	0.13547
7OXE-B-A	Negative	0.675673	0.324327
7ZWA-C-A	Negative	0.803248	0.196752
7F5M-C-A	Negative	0.888139	0.111861
7UMI-A-E	Negative	0.872225	0.127775
7STK-D-A	Negative	0.943763	0.056237
7JU4-U-3	Negative	0.91696	0.0830402
7JU4-M-E	Negative	0.983827	0.0161729
7NHT-c-A	Negative	0.776046	0.223954
7NHT-d-A	Negative	0.529917	0.470083
7PFY-D-B	Negative	0.970872	0.0291285
7BAG-C-A	Positive	0.329014	0.670986
7CQH-A-B	Negative	0.605141	0.394859
7R86-C-A	Negative	0.979698	0.0203018
7R86-D-A	Negative	0.992812	0.00718815
7JN9-B-A	Positive	0.401186	0.598814
7SIS-C-A	Negative	0.89262	0.10738
7YIU-E-B	Negative	0.759677	0.240323
7YXB-G-A	Negative	0.928314	0.0716857
7YXB-H-C	Negative	0.883037	0.116963
7OR5-B-A	Positive	0.268784	0.731216
7RCV-T-A	Negative	0.799796	0.200204
7UJD-Z-A	Positive	0.0127131	0.987287
7RTA-N-H	Negative	0.958045	0.0419549
7TAU-1-A	Positive	0.288795	0.711205
7TAU-2-A	Positive	0.47006	0.52994
7TAU-3-D	Positive	0.216923	0.783077
7TAU-4-D	Positive	0.0737951	0.926205
7TAU-5-G	Positive	0.069182	0.930818
7TAU-O-N	Positive	0.0173299	0.98267
7EQD-A-L	Positive	0.255955	0.744045
7EQD-K-L	Positive	0.255955	0.744045
7O5B-h-g	Negative	0.817387	0.182613
7SFX-F-C	Negative	0.936326	0.0636736
7VWO-D-A	Negative	0.919182	0.0808176
7VWO-J-B	Negative	0.947928	0.0520724
7OW4-C-A	Positive	0.219661	0.780339
7XXA-D-A	Negative	0.992748	0.0072524
7S47-B-A	Negative	0.540869	0.459131
7AJQ-F-A	Negative	0.56105	0.43895
7AJQ-G-A	Positive	0.378917	0.621083
7XV4-B-A	Negative	0.906882	0.0931183
7PPN-B-A	Positive	0.460662	0.539338
7URF-B-A	Positive	0.117309	0.882691
7RN7-F-A	Negative	0.562151	0.437849
7B1F-C-B	Negative	0.987175	0.0128247
7C4J-G-B	Positive	0.128441	0.871559
7B93-s-E	Negative	0.98565	0.01435
7B93-c-O	Negative	0.816756	0.183244
7WZZ-C-A	Negative	0.978981	0.0210188
7OS1-F-B	Negative	0.6768	0.3232
7LFJ-C-A	Positive	0.0572166	0.942783
7S5G-C-B	Negative	0.722384	0.277616
7SL5-C-A	Negative	0.997822	0.00217787
7KGO-C-A	Positive	0.177221	0.822779
7YCJ-B-A	Negative	0.702798	0.297202
7KD6-B-E	Negative	0.949313	0.0506875
7KD6-F-E	Negative	0.881025	0.118975
7KD6-H-K	Negative	0.971639	0.028361
7KD6-T-W	Negative	0.928839	0.0711606
7KD6-X-W	Positive	0.335923	0.664077
7U1R-C-A	Positive	0.42371	0.57629
7OYQ-C-A	Negative	0.964812	0.0351882
7R8W-B-A	Positive	0.28877	0.71123
7UNF-r-k	Positive	0.0779125	0.922087
7STF-C-H	Positive	0.0771665	0.922834
7A5P-u-M	Positive	0.323373	0.676627
7T7T-W-A	Negative	0.858952	0.141048
7T7T-X-B	Negative	0.977856	0.0221436
7KQ0-B-A	Negative	0.726472	0.273528
7KQ0-F-A	Negative	0.847258	0.152742
7KQ0-D-C	Negative	0.711939	0.288061
7TB1-C-A	Negative	0.824784	0.175216
7ZGP-F-A	Negative	0.948774	0.0512264
7K7H-G-A	Negative	0.960734	0.0392664
7UOA-B-A	Positive	0.156818	0.843182
7OE1-U-K	Positive	0.466136	0.533864
7OWR-E-B	Negative	0.867369	0.132631
7M2Y-U-D	Negative	0.956996	0.0430036
7NPG-P-A	Negative	0.730991	0.269009
7UWI-F-A	Negative	0.980129	0.0198713
7DVQ-y-3	Negative	0.824074	0.175926
7DNE-C-A	Positive	0.281499	0.718501
7TBT-B-A	Negative	0.976348	0.0236517
7RNV-B-A	Negative	0.580262	0.419738
7OXY-B-A	Negative	0.88437	0.11563
7S2T-F-A	Negative	0.936604	0.0633958
7S2T-H-C	Negative	0.983968	0.0160322
7D6F-B-A	Negative	0.898012	0.101988
7UXK-B-A	Positive	0.104027	0.895973
7UJQ-C-A	Negative	0.803294	0.196706
7OHX-i-D	Negative	0.991131	0.0088688
7L1U-L-R	Negative	0.956809	0.0431914
7PO4-v-I	Negative	0.973917	0.0260832
7CG4-f-b	Negative	0.920899	0.0791012
7AZ8-H-A	Negative	0.973845	0.0261546
7RSW-C-B	Positive	0.208328	0.791672
7BZO-D-A	Negative	0.86615	0.13385
7P9U-A-B	Negative	0.714051	0.285949
7ETU-B-A	Negative	0.826691	0.173309
7PC7-E-A	Negative	0.971306	0.0286941
7PC7-F-B	Negative	0.671393	0.328607
7ZL4-D-B	Negative	0.723002	0.276998
7VCF-N-A	Positive	0.024049	0.975951
7YG3-B-A	Negative	0.99316	0.00684011
7D8H-B-A	Negative	0.773035	0.226965
7QDW-B-A	Positive	0.487862	0.512138
7ULO-C-A	Positive	0.274383	0.725617
7TF9-J-A	Negative	0.952772	0.0472278
7WXX-B-A	Positive	0.451756	0.548244
7SEO-F-A	Negative	0.562151	0.437849
7YON-L-R	Negative	0.799867	0.200133
7ABG-F-L	Negative	0.595774	0.404226
7ZY4-C-A	Negative	0.791004	0.208996
7ZY4-D-B	Negative	0.61025	0.38975
7Z4S-C-A	Positive	0.192699	0.807301
7ARX-C-B	Negative	0.984929	0.0150714
7SUO-C-A	Negative	0.600415	0.399585
7SUO-D-B	Positive	0.0393705	0.96063
7DNO-C-A	Positive	0.498018	0.501982
7ZGR-C-A	Negative	0.981411	0.0185888
7AD0-H-A	Positive	0.0537235	0.946277
7EP7-B-A	Negative	0.989404	0.0105958
7QBI-I-A	Positive	0.449252	0.550748
7CJQ-C-A	Negative	0.78722	0.21278
7K2H-P-B	Positive	0.190256	0.809744
7VMW-C-A	Negative	0.886703	0.113297
7KME-L-H	Negative	0.942476	0.0575242
7P0U-U-A	Negative	0.946136	0.0538644
7P0U-E-A	Negative	0.885961	0.114039
7P0U-G-F	Negative	0.895478	0.104522
7ZZQ-U-A	Negative	0.628491	0.371509
7ZZQ-V-A	Negative	0.958993	0.0410074
7ZZQ-W-B	Positive	0.0353786	0.964621
7ZZQ-X-B	Negative	0.966313	0.0336874
7ZZQ-Y-C	Negative	0.967362	0.0326375
7ZZQ-Q-E	Negative	0.988239	0.0117608
7ZZQ-R-E	Negative	0.982565	0.0174352
7ZZQ-T-F	Negative	0.989943	0.010057
7ZZQ-S-G	Negative	0.991856	0.00814423
7ZZQ-b-N	Negative	0.954444	0.0455561
7ZZQ-a-O	Negative	0.896534	0.103466
7DFB-V-A	Negative	0.950255	0.0497447
7VRC-B-A	Negative	0.991401	0.00859858
7ZUC-C-A	Negative	0.534403	0.465597
7Z8E-B-A	Positive	0.483432	0.516568
7KNG-C-A	Positive	0.147469	0.852531
7C9R-6-L	Negative	0.883131	0.116869
7C9R-P-M	Negative	0.930615	0.0693847
7C9R-B-H	Negative	0.950136	0.0498641
7C9R-2-H	Negative	0.704741	0.295259
7C9R-4-H	Negative	0.962172	0.037828
7C9R-0-H	Negative	0.704741	0.295259
7C9R-G-D	Negative	0.704741	0.295259
7C9R-N-I	Negative	0.88706	0.11294
7C9R-R-O	Negative	0.919836	0.0801638
7E8E-K-C	Negative	0.802396	0.197604
7E8E-L-D	Negative	0.95018	0.0498205
7UYJ-C-A	Negative	0.939031	0.0609687
7RZZ-C-A	Negative	0.998165	0.00183507
7QPH-E-A	Negative	0.86638	0.13362
7WCY-C-A	Positive	0.120045	0.879955
7N19-C-A	Positive	0.353055	0.646945
7N19-F-D	Positive	0.353055	0.646945
7N19-L-J	Positive	0.353055	0.646945
7QRD-M-A	Negative	0.974371	0.025629
7QRD-L-C	Negative	0.974371	0.025629
7LEW-B-A	Negative	0.874364	0.125636
7Y8A-I-8	Negative	0.917007	0.0829929
7YNJ-B-A	Positive	0.493232	0.506768
7NMI-A-B	Negative	0.772565	0.227434
7Q44-B-A	Positive	0.0693425	0.930658
7Q44-D-C	Positive	0.469746	0.530254
7Z36-C-A	Negative	0.768215	0.231785
7Z36-D-A	Negative	0.91755	0.0824504
7Z36-S-A	Negative	0.77958	0.22042
7DU5-C-A	Positive	0.311345	0.688655
7CNA-B-A	Positive	0.339987	0.660013
7CNA-C-A	Positive	0.358699	0.641301
7CNA-E-D	Positive	0.497728	0.502272
7CNA-F-D	Positive	0.393322	0.606678
7TBH-a-A	Positive	0.177126	0.822874
7QTP-B-A	Negative	0.830416	0.169584
7CYL-B-A	Negative	0.908571	0.091429
7YOH-P-A	Negative	0.935142	0.0648576
7P72-B-A	Negative	0.813981	0.186019
7OOD-2-e	Negative	0.946872	0.0531283
7UHE-B-A	Negative	0.904053	0.0959471
7UHE-D-A	Negative	0.967736	0.0322637
7TB2-B-A	Negative	0.959054	0.0409463
7RK3-B-A	Negative	0.979292	0.0207079
7P0A-C-A	Negative	0.968754	0.0312455
7YNI-B-A	Positive	0.476803	0.523197
7JGC-b-a	Negative	0.75667	0.24333
7WVX-L-R	Negative	0.960197	0.039803
7K3K-B-A	Negative	0.920959	0.0790414
7S1B-C-A	Negative	0.98255	0.0174497
7UM3-B-I	Positive	0.160553	0.839447
7UM3-A-H	Positive	0.317364	0.682636
7JYW-C-A	Negative	0.686348	0.313652
7DFC-V-A	Negative	0.783437	0.216563
7UGW-E-A	Negative	0.671243	0.328757
7M5M-D-A	Negative	0.982182	0.0178181
7OKP-E-A	Negative	0.652516	0.347484
7NVR-s-c	Negative	0.961667	0.0383326
7UJV-A-B	Negative	0.967828	0.0321715
7R4G-Y-M	Negative	0.783384	0.216616
7MJ9-C-A	Negative	0.871079	0.128921
7EJN-C-A	Positive	0.179813	0.820187
7R6K-g-I	Negative	0.619311	0.380689
7R6K-r-l	Negative	0.862602	0.137398
7EXE-C-A	Negative	0.915847	0.0841525
7T70-C-A	Negative	0.99168	0.00831994
7VY3-A-L	Positive	0.39514	0.60486
7VY3-B-L	Negative	0.952078	0.0479216
7VY3-1-M	Negative	0.503518	0.496482
7VY3-Z-V	Positive	0.065839	0.934161
7VCN-C-A	Negative	0.99639	0.00360986
7BP5-C-A	Positive	0.0445999	0.9554
7NDY-G-A	Negative	0.937987	0.0620131
7KQK-C-A	Positive	0.360126	0.639874
7JFO-x-A	Negative	0.98545	0.0145501
7N89-C-A	Negative	0.925225	0.0747749
7DTY-P-R	Negative	0.960489	0.039511
7CO5-G-H	Positive	0.331709	0.668291
7CO5-K-D	Positive	0.13361	0.86639
7UXQ-C-A	Negative	0.927016	0.0729843
7UXQ-D-A	Negative	0.927016	0.0729843
7R5A-C-A	Negative	0.98451	0.0154897
7R5A-D-B	Negative	0.979831	0.0201693
7OQY-Q-A	Negative	0.970577	0.0294233
7XL4-G-C	Negative	0.950044	0.049956
7Z10-h-a	Positive	0.0112268	0.988773
7EYC-P-L	Positive	0.48421	0.51579
7EYC-Q-H	Negative	0.625682	0.374318
7VFM-E-A	Positive	0.164167	0.835833
7VFM-G-C	Positive	0.0578738	0.942126
7VDM-L-R	Positive	0.481386	0.518614
7BED-B-A	Negative	0.792131	0.207869
7BPY-B-A	Negative	0.749909	0.250091
7TAN-K-C	Positive	0.0287635	0.971237
7ASE-D-t	Negative	0.845287	0.154713
7TMY-A-I	Negative	0.983121	0.016879
7UML-D-A	Negative	0.976694	0.023306
7UML-E-A	Positive	0.417013	0.582987
7UML-F-B	Negative	0.975951	0.0240492
7UZP-B-A	Positive	0.270757	0.729243
7UZP-D-A	Positive	0.270757	0.729243
7UZP-F-A	Positive	0.199864	0.800136
7TC4-C-A	Positive	0.113386	0.886614
7Z8M-X-V	Negative	0.992855	0.00714464
7AU6-D-A	Negative	0.876705	0.123295
7NKD-D-A	Negative	0.885619	0.114381
7NKD-E-A	Negative	0.932288	0.0677122
7NKD-B-d	Negative	0.903159	0.0968413
7NKD-C-d	Negative	0.929563	0.0704366
7D8D-D-A	Negative	0.979565	0.0204353
7NXE-C-A	Negative	0.850278	0.149722
7MDX-E-A	Positive	0.190373	0.809627
7VOY-2-Y	Negative	0.961874	0.0381262
7VOY-5-4	Negative	0.94608	0.0539201
7DVW-C-A	Negative	0.942702	0.0572983
7OBS-B-A	Negative	0.94102	0.0589801
7EJL-C-A	Negative	0.524446	0.475554
7KNU-P-E	Positive	0.333606	0.666394
7XVZ-C-A	Negative	0.950948	0.0490521
7QIK-F-A	Negative	0.504486	0.495514
7QIK-E-B	Negative	0.898844	0.101156
7D2G-B-A	Negative	0.932383	0.0676174
7D2G-C-A	Negative	0.928632	0.0713684
7UTS-D-E	Negative	0.784653	0.215347
7Z1K-B-A	Positive	0.142643	0.857357
7MHZ-B-A	Positive	0.0562134	0.943787
7RLZ-P-B	Negative	0.779453	0.220547
7LFK-C-A	Positive	0.200113	0.799887
7TZF-P-E	Negative	0.928078	0.0719224
7OKN-B-A	Negative	0.964287	0.0357126
7E20-C-A	Negative	0.534592	0.465408
7TA7-C-A	Positive	0.412853	0.587147
7TA7-D-A	Positive	0.164578	0.835422
7R6H-C-A	Negative	0.872339	0.127661
7XQS-C-A	Negative	0.962735	0.037265
7UKG-I-A	Negative	0.949995	0.0500054
7JYU-C-A	Positive	0.0441139	0.955886
7W55-C-R	Positive	0.279914	0.720086
7MJ5-A-H	Negative	0.884232	0.115768
7MJ5-Q-H	Negative	0.837006	0.162994
7MJ5-P-C	Negative	0.906061	0.0939387
7NW0-3-0	Negative	0.990207	0.00979349
7B9V-c-A	Negative	0.835722	0.164278
7TL8-B-A	Positive	0.406472	0.593528
7LFC-B-A	Negative	0.83147	0.16853
7QIX-K-E	Negative	0.975294	0.0247058
7QIX-X-H	Negative	0.59098	0.40902
7QIX-W-M	Negative	0.769975	0.230025
7MNU-B-A	Negative	0.974494	0.0255063
7O07-P-A	Negative	0.571274	0.428726
7NUF-C-A	Positive	0.131444	0.868556
7YML-A-L	Positive	0.354161	0.645839
7YML-W-M	Negative	0.613315	0.386685
7YML-Y-M	Positive	0.0981568	0.901843
7YML-B-H	Negative	0.875236	0.124764
7YML-G-H	Negative	0.844355	0.155645
7YML-Z-V	Negative	0.883447	0.116553
7RJN-C-A	Negative	0.791436	0.208564
7LF4-B-A	Negative	0.897495	0.102505
7LF4-E-A	Negative	0.700868	0.299132
7LF4-D-C	Positive	0.0793687	0.920631
7ZRP-B-A	Positive	0.35193	0.64807
7EA7-C-B	Negative	0.98027	0.0197303
7O3J-C-A	Negative	0.993976	0.00602432
8KDE-L-B	Negative	0.960765	0.0392352
8KDE-M-B	Negative	0.926013	0.073987
8KDE-F-D	Negative	0.733961	0.266039
8KDE-K-D	Negative	0.659805	0.340195
8KDE-T-D	Negative	0.81863	0.18137
8KDE-1-D	Negative	0.975576	0.0244241
8YDS-A-B	Negative	0.928388	0.0716117
8WRZ-V-A	Negative	0.982757	0.0172431
8VLW-F-A	Negative	0.828367	0.171633
8VLW-G-A	Negative	0.672437	0.327563
8RYN-C-A	Negative	0.775943	0.224057
8SG8-N-B	Negative	0.942946	0.0570537
8GOO-G-A	Negative	0.820542	0.179458
8P6P-x-B	Negative	0.959373	0.0406268
8TUV-B-A	Negative	0.874871	0.125129
8TUV-C-A	Negative	0.807649	0.192351
8VJV-D-A	Positive	0.284535	0.715465
8TTL-D-A	Negative	0.61934	0.38066
8PR3-E-B	Negative	0.955235	0.0447653
8VRL-c-e	Negative	0.680267	0.319733
8GWS-C-A	Negative	0.890286	0.109714
8XI5-R-A	Negative	0.921367	0.0786325
8XI5-M-B	Negative	0.984874	0.0151261
8W8X-L-R	Positive	0.0161622	0.983838
8E8I-C-A	Negative	0.518305	0.481695
8PFE-B-A	Negative	0.598042	0.401958
8QDV-C-A	Negative	0.990467	0.00953263
8QDV-F-E	Negative	0.918856	0.081144
8A19-B-A	Negative	0.971901	0.0280995
8HR0-D-B	Positive	0.434772	0.565228
8Q24-C-A	Negative	0.962892	0.037108
8AFE-G-B	Negative	0.882874	0.117126
8AFE-H-I	Negative	0.930487	0.0695126
8YM2-B-A	Negative	0.993859	0.00614067
8IYK-O-J	Positive	0.256977	0.743023
8I0N-V-A	Positive	0.205913	0.794087
8TEW-A-E	Negative	0.977603	0.0223975
8TEW-C-E	Negative	0.859335	0.140665
8EQM-E-A	Negative	0.651185	0.348815
8EQM-F-A	Negative	0.769168	0.230832
8EQM-I-A	Positive	0.329297	0.670703
8EQM-L-A	Negative	0.838864	0.161136
8EQM-M-A	Negative	0.874451	0.125549
8EQM-T-A	Negative	0.50165	0.49835
8EQM-X-D	Negative	0.97216	0.0278401
8YYT-C-A	Negative	0.983493	0.016507
8JZW-F-C	Negative	0.938805	0.0611947
8JZW-E-C	Negative	0.974429	0.0255708
8G8D-P-H	Negative	0.854004	0.145996
8HKW-C-A	Negative	0.904591	0.0954087
8W5K-E-F	Negative	0.718061	0.281939
8F9W-O-A	Negative	0.763189	0.236811
8F9W-R-G	Negative	0.929322	0.0706779
8KET-H-F	Negative	0.704463	0.295537
8C2Y-P-A	Negative	0.954339	0.0456607
8WKK-K-E	Negative	0.921611	0.0783889
8WKK-b-P	Negative	0.662053	0.337947
8WKK-c-Q	Negative	0.78231	0.21769
8WKK-d-Q	Negative	0.564723	0.435277
8EI5-E-A	Negative	0.502204	0.497796
8EI5-G-C	Negative	0.533465	0.466535
8G4I-e-J	Negative	0.960871	0.0391289
8G4I-f-d	Negative	0.684993	0.315007
8RUV-B-A	Negative	0.926266	0.0737343
8RJC-2-1	Positive	0.447546	0.552454
8RJC-9-6	Positive	0.246541	0.753459
8RJC-4-R	Positive	0.242056	0.757944
8X2X-L-N	Negative	0.965134	0.0348662
8IBP-C-A	Positive	0.437155	0.562845
8ZIA-J-I	Negative	0.86237	0.13763
8VIS-A-B	Negative	0.739588	0.260412
8VIS-C-D	Positive	0.387799	0.612201
8VIS-E-F	Negative	0.596353	0.403647
8VIS-G-H	Positive	0.432187	0.567813
8EW3-F-C	Negative	0.837382	0.162618
8P2Z-A-C	Negative	0.554835	0.445165
8CMJ-5-g	Negative	0.976832	0.0231683
8CMJ-n-g	Negative	0.707306	0.292694
8C3H-D-A	Positive	0.297749	0.702251
8W2O-I-M	Negative	0.987562	0.0124377
8GHM-J-A	Negative	0.968709	0.0312912
8GHM-F-A	Negative	0.914697	0.0853026
8D8I-B-A	Negative	0.930865	0.0691349
8Z58-B-A	Negative	0.630564	0.369436
8OIO-E-A	Positive	0.052542	0.947458
8ALM-P-B	Negative	0.779284	0.220716
8BQ8-E-B	Positive	0.452666	0.547334
8XQX-U-D	Positive	0.146879	0.853121
8U5G-C-A	Negative	0.982518	0.0174816
8B8V-B-A	Negative	0.873697	0.126303
8BEA-P-R	Negative	0.916752	0.0832478
8BFC-B-A	Negative	0.964584	0.035416
8HXQ-C-A	Negative	0.947412	0.0525877
8HXQ-D-A	Negative	0.962771	0.0372295
8YDV-A-B	Negative	0.918431	0.0815689
8YDV-C-B	Negative	0.918431	0.0815689
8TG9-C-A	Positive	0.404551	0.595449
8QM0-E-A	Negative	0.987721	0.0122789
8F7R-P-R	Positive	0.246024	0.753976
8F7R-F-M	Negative	0.983382	0.0166184
8HE3-B-A	Positive	0.364971	0.635029
8KH4-D-C	Positive	0.424994	0.575006
8WFN-F-E	Negative	0.937617	0.062383
8WFN-H-E	Negative	0.758915	0.241085
8EYX-F-A	Negative	0.970355	0.0296454
8JGF-L-R	Positive	0.287438	0.712562
8JBL-G-A	Negative	0.619403	0.380597
8JBL-E-A	Negative	0.861693	0.138307
8K5O-2-C	Negative	0.813856	0.186144
8K5O-v-w	Negative	0.970075	0.0299251
8K5O-5-6	Negative	0.931373	0.0686273
8K5O-8-F	Negative	0.970075	0.0299251
8T33-B-A	Negative	0.869315	0.130685
8QHU-U-Q	Positive	0.0427743	0.957226
8ZDO-S-m	Negative	0.990052	0.0099477
8VJX-C-A	Negative	0.954445	0.0455551
8BRH-B-A	Positive	0.311528	0.688472
8VDV-L-A	Positive	0.262153	0.737847
8RN7-D-A	Negative	0.982136	0.0178636
8RN7-E-A	Negative	0.966785	0.0332149
8OZH-F-A	Negative	0.992152	0.00784795
8K9I-R-C	Negative	0.96997	0.0300297
8XGU-E-A	Negative	0.829262	0.170738
8ZWB-J-A	Negative	0.965677	0.034323
8U4N-C-B	Positive	0.424168	0.575832
8SHI-C-A	Negative	0.844424	0.155576
8JG4-C-A	Negative	0.625115	0.374885
8OPS-B-A	Negative	0.94357	0.0564295
8ZKQ-F-A	Negative	0.887715	0.112285
8ZKQ-C-B	Negative	0.887715	0.112285
8DPG-D-C	Positive	0.495983	0.504017
8Q7V-B-A	Negative	0.974937	0.0250628
8Q7V-F-A	Negative	0.799285	0.200715
8Q7V-H-A	Negative	0.881936	0.118064
8D6Z-H-A	Negative	0.998065	0.00193549
8D6Z-J-E	Negative	0.998517	0.00148303
8SWI-B-A	Positive	0.159007	0.840993
8D5K-C-A	Negative	0.936444	0.0635563
8ANB-P-A	Positive	0.0829012	0.917099
8ENX-C-A	Negative	0.808443	0.191557
8USC-O-H	Negative	0.997304	0.00269585
8USC-e-Y	Negative	0.876605	0.123395
8F7Q-P-R	Negative	0.965585	0.0344151
8F7Q-F-M	Negative	0.961676	0.0383236
8P9C-B-A	Negative	0.972106	0.0278943
8SQZ-E-A	Negative	0.976444	0.0235556
8IR3-r-b	Negative	0.867313	0.132687
8HDH-B-A	Negative	0.780872	0.219128
8ZXR-B-A	Negative	0.85639	0.14361
8FY5-C-A	Negative	0.831116	0.168884
8B1C-C-A	Negative	0.8394	0.1606
8UST-F-E	Negative	0.962639	0.037361
8H3M-D-A	Positive	0.193882	0.806118
8H3M-H-C	Negative	0.669713	0.330287
8T4H-C-A	Positive	0.425436	0.574564
8JGG-L-R	Negative	0.836819	0.163181
8XKV-O-A	Negative	0.859329	0.140671
8XKV-M-B	Negative	0.646497	0.353503
8XKV-L-C	Negative	0.922052	0.0779481
8XKV-N-C	Negative	0.958729	0.0412706
8TXF-B-A	Negative	0.739064	0.260936
8FA6-P-H	Negative	0.646671	0.353329
8FA6-Q-A	Negative	0.820289	0.179711
8U8E-C-B	Negative	0.942778	0.0572218
8IOD-L-R	Negative	0.657962	0.342038
8XQF-D-R	Negative	0.882663	0.117337
8EUI-8-X	Negative	0.993055	0.00694551
8FU4-C-A	Negative	0.992634	0.00736576
8CIR-C-A	Positive	0.223578	0.776422
8ANV-C-A	Positive	0.345944	0.654056
8ANV-F-A	Negative	0.853223	0.146777
8P9E-B-A	Negative	0.967188	0.0328121
8EJS-C-B	Negative	0.672884	0.327116
8EXM-D-A	Positive	0.344268	0.655732
8V83-7-l	Negative	0.957621	0.0423793
8YVU-A-B	Negative	0.791214	0.208786
8YVU-D-B	Negative	0.55784	0.44216
8YVU-E-F	Negative	0.791214	0.208786
8UIH-D-H	Positive	0.43647	0.56353
8H9L-J-A	Negative	0.782889	0.217111
8UHN-D-H	Negative	0.504265	0.495735
8KCV-C-A	Negative	0.90771	0.0922895
8XKR-D-A	Negative	0.970949	0.0290506
8XKR-E-A	Negative	0.858052	0.141948
8XKR-C-A	Negative	0.961542	0.0384579
8XKR-F-B	Negative	0.947066	0.0529344
8CBV-A-B	Negative	0.931395	0.0686055
8FHU-C-A	Positive	0.119049	0.880951
8WHX-J-1	Negative	0.986163	0.0138374
8RGR-s-2	Negative	0.977142	0.0228581
8YT8-I-B	Negative	0.854661	0.145339
8W9P-r-R	Negative	0.895013	0.104987
8QPA-B-G	Negative	0.959009	0.0409907
8DZ5-I-H	Positive	0.412856	0.587144
8VMG-C-A	Negative	0.972106	0.0278935
8VMG-D-B	Negative	0.941644	0.0583561
8GCW-P-A	Negative	0.762307	0.237693
8D52-B-A	Positive	0.110332	0.889668
8FVL-L-A	Positive	0.189125	0.810875
8RHH-T-K	Negative	0.678903	0.321097
8YAL-I-B	Negative	0.95555	0.0444504
8Q1G-C-A	Positive	0.136277	0.863723
8FPQ-L-A	Positive	0.0308424	0.969158
8YZ2-q-P	Negative	0.924944	0.0750559
8YZ2-p-P	Negative	0.924944	0.0750559
8YZ2-j-K	Negative	0.930475	0.0695248
8F1F-1-A	Positive	0.266002	0.733998
8D3Y-G-A	Negative	0.786881	0.213119
8ON7-D-A	Positive	0.349614	0.650386
8TNQ-C-B	Negative	0.953784	0.0462161
8PX6-M-B	Negative	0.969575	0.0304251
8DJQ-E-A	Negative	0.51023	0.48977
8HGP-C-A	Negative	0.98883	0.0111701
8UHG-X-V	Negative	0.9107	0.0893003
8ES8-Z-D	Negative	0.726393	0.273607
8ES8-Y-D	Negative	0.829407	0.170593
8F2B-P-E	Negative	0.96522	0.0347797
8UO7-C-A	Negative	0.841762	0.158238
8YTH-B-A	Positive	0.387024	0.612976
8VJW-C-A	Positive	0.453314	0.546686
8VJW-D-A	Negative	0.652311	0.347689
8H9H-F-G	Negative	0.943697	0.0563034
8WST-L-R	Negative	0.558111	0.441889
8JZV-B-A	Negative	0.951985	0.0480151
8WXE-a-d	Negative	0.763689	0.236311
8WXE-m-d	Negative	0.953267	0.046733
8WXE-n-d	Negative	0.959653	0.0403472
8IOC-L-R	Positive	0.164101	0.835899
8CSU-3-5	Negative	0.667518	0.332482
8Q2Z-C-A	Negative	0.872951	0.127049
8TBP-E-A	Negative	0.830754	0.169246
8Q3T-C-A	Negative	0.957939	0.0420613
8I0Q-V-A	Negative	0.877216	0.122784
8CB5-C-A	Negative	0.842367	0.157633
8HLY-B-A	Positive	0.21112	0.78888
8V5U-B-A	Negative	0.84102	0.15898
8E1D-B-A	Negative	0.989735	0.0102653
8QS3-K-A	Negative	0.980055	0.0199446
8GCK-E-B	Negative	0.709369	0.290631
8TOW-I-A	Positive	0.320598	0.679402
8KB1-C-A	Negative	0.676582	0.323418
8SO0-D-B	Negative	0.987593	0.0124069
8FAX-L-A	Negative	0.818543	0.181456
8U9P-G-A	Positive	0.478388	0.521612
8YFO-P-R	Negative	0.542855	0.457145
8K0G-y-A	Negative	0.972329	0.0276713
8K0G-e-V	Negative	0.96671	0.0332897
8TGC-C-B	Positive	0.304594	0.695406
8JRV-G-R	Negative	0.965581	0.034419
8C24-F-C	Negative	0.930354	0.0696463
8WT0-B-A	Negative	0.831661	0.168339
8RTC-C-A	Positive	0.176621	0.823379
8HXY-P-K	Negative	0.966183	0.0338169
8JLY-B-A	Positive	0.19449	0.80551
8BE8-P-R	Negative	0.812019	0.187981
8OOP-H-C	Negative	0.830825	0.169175
8WFS-a-B	Positive	0.0367057	0.963294
8AI2-C-A	Negative	0.846779	0.153221
8XLI-p-a	Negative	0.570888	0.429112
8FZJ-3-F	Negative	0.989255	0.0107451
8S8E-l-k	Negative	0.989038	0.0109621
8R0T-A-B	Positive	0.0571654	0.942835
8I0H-F-A	Negative	0.876321	0.123679
8I0H-H-A	Negative	0.955217	0.0447831
8YGU-A-B	Negative	0.863927	0.136073
8YGU-C-B	Negative	0.694181	0.305819
8ZCJ-D-C	Negative	0.561445	0.438555
8ZCJ-A-G	Negative	0.624375	0.375625
8IAP-s-E	Negative	0.993713	0.00628743
8IGD-D-A	Negative	0.979521	0.0204791
8IGD-C-B	Negative	0.981871	0.0181294
8A5O-X-G	Negative	0.954752	0.0452476
8WC8-Y-B	Negative	0.590678	0.409322
8AHS-C-A	Negative	0.907243	0.0927566
8K7T-G-A	Negative	0.514972	0.485028
8K7T-H-A	Positive	0.348698	0.651302
8AB0-C-D	Negative	0.892823	0.107177
8X01-D-B	Negative	0.791063	0.208937
8HXX-E-K	Negative	0.588716	0.411284
8YFM-B-A	Negative	0.977082	0.0229176
8T2C-D-A	Negative	0.578441	0.421559
8S9I-G-A	Negative	0.961299	0.038701
8T4J-C-B	Negative	0.549108	0.450892
8SDX-C-A	Positive	0.0691019	0.930898
8FBW-E-C	Negative	0.910341	0.0896594
8FBW-F-A	Positive	0.207966	0.792034
8E2Z-C-A	Negative	0.600915	0.399085
8VMI-F-T	Negative	0.987565	0.0124351
8VMI-I-C	Negative	0.846794	0.153206
8B64-E-e	Negative	0.875236	0.124764
8B64-F-e	Negative	0.855638	0.144362
8B64-a-b	Positive	0.370389	0.629611
8B64-u-X	Positive	0.132676	0.867324
8B64-r-L	Positive	0.108985	0.891015
8B64-t-H	Positive	0.108985	0.891015
8B64-R-o	Positive	0.480772	0.519228
8B64-K-n	Negative	0.844355	0.155645
8S6K-M-A	Positive	0.0179545	0.982045
8EU9-Z-Q	Negative	0.764227	0.235773
8INE-T-4	Negative	0.611722	0.388278
8INE-s-4	Positive	0.20228	0.79772
8B19-C-A	Negative	0.639076	0.360924
8WDU-A-L	Negative	0.640682	0.359318
8WDU-7-L	Negative	0.746337	0.253663
8WDU-E-H	Negative	0.902905	0.0970946
8WDU-0-H	Negative	0.902595	0.0974053
8WDU-G-D	Negative	0.909476	0.0905244
8WDU-J-F	Negative	0.838283	0.161717
8WDU-X-U	Negative	0.902905	0.0970946
8CRT-P-L	Negative	0.96328	0.0367196
8H4X-B-A	Negative	0.954248	0.0457519
8V15-B-A	Negative	0.84102	0.15898
8ZPT-L-R	Negative	0.970548	0.0294525
8GJF-E-B	Negative	0.93328	0.0667201
8GJF-F-C	Negative	0.710346	0.289654
8P6I-A-H	Positive	0.0520732	0.947927
8ZFI-z-e	Negative	0.97269	0.02731
8QPE-K-I	Negative	0.9906	0.0093997
8RBV-C-A	Negative	0.809878	0.190122
8RV1-B-A	Negative	0.955336	0.0446636
8U9Z-G-A	Positive	0.480085	0.519915
8BSS-B-A	Positive	0.481902	0.518098
8XP1-C-Z	Negative	0.961038	0.0389622
8FDD-P-A	Negative	0.930108	0.0698924
8FA2-D-A	Negative	0.996825	0.00317465
8YXM-B-A	Negative	0.682692	0.317308
8ZEJ-z-e	Positive	0.0519217	0.948078
8XK1-C-A	Negative	0.967956	0.0320438
8XK1-D-A	Negative	0.974998	0.0250023
8QXX-B-A	Negative	0.560318	0.439682
8CGU-U-K	Positive	0.153281	0.846719
8SGC-N-B	Negative	0.861687	0.138313
8TRL-C-A	Negative	0.645341	0.354659
8ZE8-E-A	Negative	0.566075	0.433925
8JZY-B-A	Negative	0.731096	0.268904
8PNF-4-1	Negative	0.991443	0.00855659
8VSM-P-A	Negative	0.602355	0.397645
8P9D-A-E	Negative	0.963563	0.0364371
8P9D-B-E	Negative	0.986757	0.0132434
8P9D-D-F	Negative	0.967049	0.0329511
8DVL-B-A	Negative	0.546257	0.453743
8TXW-K-H	Negative	0.74106	0.25894
8URQ-F-B	Negative	0.988621	0.0113794
8OR4-B-A	Negative	0.747279	0.252721
8OR4-H-E	Negative	0.907543	0.0924567
8B4I-E-A	Negative	0.586768	0.413232
8B4I-G-A	Negative	0.989094	0.0109056
8CA4-s-E	Negative	0.994325	0.00567472
8CZK-C-A	Negative	0.834738	0.165262
8SIY-B-A	Negative	0.812542	0.187458
8PBD-S-A	Negative	0.972057	0.0279427
8JRJ-E-A	Negative	0.739807	0.260193
8B1T-A-C	Negative	0.995787	0.00421347
8QP9-7-D	Negative	0.912039	0.0879613
8QP9-L-D	Negative	0.962711	0.0372895
8QP9-J-R	Negative	0.921847	0.0781535
8QP9-X-S	Positive	0.391631	0.608369
8QU1-2-F	Negative	0.979896	0.0201044
8QU1-6-P	Negative	0.882336	0.117664
8QU1-1-3	Negative	0.980251	0.0197493
8BCV-J-A	Negative	0.970061	0.0299386
8GWH-E-A	Negative	0.780172	0.219828
8EQS-C-A	Negative	0.963907	0.0360927
8VIO-g-F	Negative	0.990258	0.00974163
8GQA-B-A	Negative	0.683155	0.316845
8T6M-G-C	Negative	0.870658	0.129342
8ESB-C-A	Positive	0.31064	0.68936
8EQ5-B-A	Negative	0.657502	0.342498
8TRR-C-A	Positive	0.155806	0.844194
8JOQ-B-A	Negative	0.805716	0.194284
8JMJ-M-A	Negative	0.812961	0.187039
8JMJ-N-B	Negative	0.868783	0.131217
8QFZ-B-A	Positive	0.0677819	0.932218
8DZV-C-A	Negative	0.974992	0.0250081
8P2I-P-B	Positive	0.4281	0.5719
8TBV-C-A	Negative	0.994034	0.00596588
8GJ2-F-B	Negative	0.975699	0.0243011
8VJC-C-A	Negative	0.740154	0.259846
8VJC-E-A	Negative	0.618549	0.381451
8UHL-B-A	Negative	0.961108	0.038892
8UHL-C-A	Positive	0.441985	0.558015
8SG7-C-B	Negative	0.782938	0.217062
8AM9-A-e	Negative	0.902752	0.097248
8XAG-C-A	Positive	0.0932797	0.90672
8SE8-I-A	Negative	0.852967	0.147033
8SE8-X-A	Negative	0.871697	0.128303
8SE8-Y-B	Negative	0.853464	0.146536
8SE8-T-C	Negative	0.884786	0.115214
8SE8-G-D	Negative	0.881354	0.118646
8SE8-H-D	Negative	0.62536	0.37464
8SE8-J-E	Negative	0.750404	0.249596
8SE8-N-K	Negative	0.720358	0.279642
8SE8-O-K	Negative	0.86101	0.13899
8SE8-P-L	Negative	0.864038	0.135962
8SE8-U-Q	Negative	0.917813	0.0821868
8SE8-V-R	Negative	0.864038	0.135962
8HJV-7-0	Negative	0.556677	0.443323
8HJV-9-0	Negative	0.556677	0.443323
8HJV-1-2	Negative	0.56211	0.43789
8HJV-V-L	Negative	0.65133	0.348671
8HJV-Y-L	Negative	0.625681	0.374319
8HJV-Z-L	Negative	0.606651	0.393349
8JFI-I-C	Negative	0.892074	0.107926
8JFI-H-D	Negative	0.583199	0.416801
8FUQ-C-A	Negative	0.910961	0.0890388
8FUQ-D-A	Negative	0.911147	0.0888527
8FUQ-F-A	Negative	0.833259	0.166741
8RSV-C-A	Positive	0.0292289	0.970771
8RSV-E-B	Positive	0.163689	0.836311
8C2P-B-A	Negative	0.928485	0.0715146
8JQT-C-A	Negative	0.935052	0.0649483
8UDR-C-A	Positive	0.130837	0.869163
8ANO-E-A	Negative	0.988915	0.0110847
8VID-F-G	Negative	0.963094	0.0369057
8QLK-B-A	Negative	0.729245	0.270755
8X52-E-A	Negative	0.577343	0.422657
8SUD-B-A	Negative	0.989669	0.0103311
8TW6-Y-A	Negative	0.644866	0.355134
8TW6-X-A	Positive	0.250872	0.749128
8A5M-C-A	Negative	0.99536	0.00463973
8A5M-E-B	Negative	0.754668	0.245332
8YFK-B-A	Negative	0.955652	0.0443479
8ITG-B-A	Negative	0.893539	0.106461
8BFT-B-A	Negative	0.798037	0.201963
8AFI-B-A	Positive	0.0685607	0.931439
8AFI-D-C	Positive	0.201563	0.798437
8AFI-F-E	Positive	0.0411405	0.95886
8AFI-H-G	Positive	0.222208	0.777792
8AFI-J-I	Positive	0.0750766	0.924923
8AFI-N-M	Positive	0.300451	0.699549
8AFI-P-O	Positive	0.112792	0.887208
8VSO-P-B	Negative	0.97495	0.0250496
8P8W-Z-c	Positive	0.159374	0.840626
8P8W-X-s	Negative	0.995079	0.00492149
8XNW-r-C	Negative	0.989094	0.010906
8XNW-s-E	Negative	0.927713	0.0722875
8DGU-A-H	Positive	0.322826	0.677174
8CV4-D-A	Positive	0.038433	0.961567
8R8R-D-A	Negative	0.992233	0.00776731
8FL8-8-X	Positive	0.394603	0.605397
8RQC-B-A	Negative	0.99411	0.00588951
8YG4-P-R	Positive	0.342569	0.657431
8X95-D-A	Negative	0.898406	0.101594
8YW0-R-A	Negative	0.948156	0.051844
8F2A-P-E	Negative	0.936283	0.0637173
8EZA-T-J	Negative	0.82214	0.17786
8Q1J-C-A	Positive	0.232288	0.767712
8KHF-I-3	Negative	0.696513	0.303487
8KHF-Q-3	Negative	0.991046	0.00895399
8KHF-M-K	Negative	0.95382	0.0461804
8KHF-T-K	Negative	0.811372	0.188628
8KHF-P-N	Positive	0.458085	0.541915
8RHL-e-H	Negative	0.745996	0.254004
8EBM-C-A	Positive	0.150205	0.849795
8TO2-p-J	Negative	0.959241	0.0407586
8QZM-K-A	Negative	0.667418	0.332582
8YGD-2-1	Negative	0.965803	0.0341971
8YGD-Z-1	Negative	0.858153	0.141847
8YGD-a-1	Positive	0.259113	0.740887
8YGD-b-1	Negative	0.938599	0.0614012
8YGD-C-3	Negative	0.964306	0.0356941
8YGD-0-9	Negative	0.985016	0.0149844
8YGD-7-9	Negative	0.54357	0.45643
8YGD-8-9	Negative	0.964306	0.0356941
8YGD-G-D	Negative	0.964306	0.0356941
8FA8-P-H	Negative	0.973423	0.0265774
8K4D-C-A	Positive	0.185425	0.814575
8B9T-B-A	Negative	0.868729	0.131271
8CL0-H-A	Negative	0.896717	0.103283
8CSL-W-A	Positive	0.448489	0.551511
8CSL-R-V	Negative	0.853388	0.146612
8CSL-a-e	Negative	0.860677	0.139323
8CSL-S-Y	Negative	0.894462	0.105538
8CSL-b-f	Negative	0.895016	0.104984
8TQA-P-A	Negative	0.956773	0.0432269
8S60-B-A	Negative	0.96557	0.0344304
8GWJ-C-A	Negative	0.77056	0.22944
8IUN-V-W	Negative	0.556677	0.443323
8IUN-H-K	Negative	0.74824	0.25176
8IUN-7-0	Negative	0.74824	0.25176
8IUN-3-6	Negative	0.74824	0.25176
8IUN-1-4	Negative	0.556677	0.443323
8IUN-Y-M	Negative	0.625681	0.374319
8IUN-Z-M	Positive	0.100594	0.899406
8HT9-C-A	Negative	0.927249	0.0727511
8CS9-c-Y	Negative	0.894462	0.105538
8ZDK-7-2	Negative	0.926901	0.0730986
8P7Y-0-c	Negative	0.979243	0.0207568
8ZJW-B-A	Negative	0.713148	0.286852
8CGV-n-v	Negative	0.923694	0.0763058
8CGV-h-w	Positive	0.227916	0.772084
8EUY-T-C	Negative	0.966853	0.033147
8EUY-t-G	Negative	0.78459	0.21541
8EUY-r-H	Negative	0.892756	0.107244
8AGZ-d-T	Negative	0.782211	0.217789
8FHN-C-A	Negative	0.99436	0.00563959
8SGF-Z-A	Positive	0.39401	0.60599
8S6A-P-A	Positive	0.469373	0.530627
8X8A-B-A	Positive	0.324292	0.675708
8T8R-B-A	Negative	0.966377	0.0336227
8D51-B-A	Positive	0.0881933	0.911807
8UUI-D-B	Positive	0.399399	0.600601
8J3S-E-A	Positive	0.0153129	0.984687
8OVC-Y-M	Positive	0.274968	0.725032
8OVC-c-G	Positive	0.438063	0.561937
8BEP-D-B	Negative	0.962764	0.0372362
8DGK-B-A	Negative	0.994692	0.0053081
8WEC-C-A	Negative	0.830333	0.169667
8BI7-B-A	Negative	0.613343	0.386657
8AQN-C-A	Negative	0.983934	0.016066
8J7A-J-2	Negative	0.975039	0.0249607
8GW4-C-A	Negative	0.996763	0.00323732
8DO8-E-A	Negative	0.991022	0.00897838
8DO8-F-C	Negative	0.926708	0.0732924
8C42-B-A	Positive	0.309317	0.690683
8ZEH-i-E	Negative	0.826064	0.173936
8ZEH-m-E	Negative	0.617075	0.382925
8R60-X-A	Positive	0.0588932	0.941107
8AI4-C-A	Negative	0.987512	0.0124885
8OG0-P-L	Positive	0.370072	0.629928
8W9Q-r-R	Positive	0.130307	0.869693
8UH1-B-A	Negative	0.995282	0.00471805
8PMP-D-A	Negative	0.752673	0.247327
8DAU-I-B	Negative	0.890115	0.109885
8AEL-B-A	Positive	0.336245	0.663755
8R58-B-A	Negative	0.886602	0.113398
8K6O-E-D	Negative	0.989726	0.0102739
8EIC-C-A	Negative	0.849511	0.150489
8WEY-J-A	Negative	0.9705	0.0295003
8WEY-M-B	Negative	0.767149	0.232851
8ALX-B-A	Positive	0.150926	0.849074
8QP6-A-B	Negative	0.876319	0.123681
8QP6-D-B	Negative	0.537597	0.462403
8QP6-G-H	Positive	0.406643	0.593357
8QP6-J-K	Negative	0.721724	0.278276
8OU0-D-B	Negative	0.909609	0.0903914
8GN2-f-a	Positive	0.49805	0.50195
8UCK-h-a	Negative	0.76739	0.23261
8XV8-B-A	Negative	0.558364	0.441636
8XV8-D-C	Positive	0.371787	0.628213
8XV8-F-E	Negative	0.850501	0.149499
8XV8-H-G	Negative	0.628144	0.371856
8B1I-C-A	Positive	0.09655	0.90345
8OUW-H-A	Negative	0.949726	0.050274
8B5B-E-B	Negative	0.878205	0.121795
8IBV-C-R	Negative	0.96693	0.0330699
8WQD-G-D	Negative	0.962007	0.0379933
8GN1-T-A	Positive	0.130328	0.869672
8GN1-j-a	Positive	0.464806	0.535194
8ZOS-J-C	Negative	0.5998	0.4002
8YDP-A-B	Negative	0.818663	0.181337
8YDP-C-D	Negative	0.818663	0.181337
8SMO-B-A	Negative	0.995539	0.00446104
8SMO-H-A	Negative	0.993359	0.00664081
8SMO-L-A	Negative	0.930319	0.0696814
8SMO-N-A	Negative	0.910587	0.0894129
8SMO-J-C	Negative	0.95726	0.0427399
8JGB-L-R	Negative	0.768644	0.231356
8ZWS-I-A	Negative	0.921479	0.078521
8ZWS-D-A	Negative	0.669327	0.330673
8YD1-a-A	Negative	0.919493	0.080507
8RLU-C-A	Negative	0.973069	0.0269312
8R7Z-K-G	Negative	0.985261	0.0147386
8BON-E-B	Negative	0.65546	0.34454
8QFX-G-A	Positive	0.46914	0.53086
8X0L-D-C	Negative	0.877171	0.122829
8ASI-D-A	Negative	0.600085	0.399915
8ASI-H-E	Negative	0.595427	0.404573
8A6F-P-A	Negative	0.980055	0.0199446
8PJF-C-A	Negative	0.998356	0.00164402
8PDQ-B-A	Negative	0.97542	0.0245796
8ZV9-C-A	Negative	0.895035	0.104965
8RRI-2-F	Negative	0.969769	0.0302315
8RRI-4-r	Positive	0.336216	0.663784
8DTL-C-A	Negative	0.934682	0.0653176
8B1K-C-A	Negative	0.728934	0.271066
8Y0Q-4-1	Negative	0.817379	0.182621
8CMF-C-A	Negative	0.987922	0.0120782
8JC8-8-5	Negative	0.937714	0.0622865
8JC8-E-A	Positive	0.0309037	0.969096
8TMU-E-A	Negative	0.753106	0.246894
8Y0R-4-1	Negative	0.588038	0.411962
8Q9R-X-A	Negative	0.975612	0.0243876
8Q9R-C-E	Negative	0.969326	0.0306743
8DWG-A-R	Positive	0.152141	0.847859
8Q5S-B-A	Negative	0.967828	0.0321715
8S32-O-A	Negative	0.758624	0.241376
8XV6-B-A	Negative	0.85904	0.14096
8XV6-D-A	Negative	0.85904	0.14096
8XY7-C-A	Negative	0.586138	0.413862
8FA9-P-H	Negative	0.974537	0.0254631
8GAI-B-A	Negative	0.910224	0.0897756
8GAI-D-A	Negative	0.941718	0.0582816
8HZ8-C-A	Positive	0.0576783	0.942322
8TES-A-E	Negative	0.979071	0.020929
8B9A-P-2	Negative	0.97951	0.0204904
8S7V-L-I	Negative	0.954253	0.045747
8B4J-P-O	Negative	0.982407	0.0175933
8YJB-0-B	Negative	0.975356	0.0246443
8B6L-B-A	Negative	0.740213	0.259787
8B6L-K-I	Negative	0.844456	0.155544
8XWT-B-A	Negative	0.98303	0.0169696
8JRK-E-A	Negative	0.811398	0.188602
8JRK-F-B	Negative	0.985858	0.0141418
8G8C-C-H	Negative	0.963516	0.0364844
8G8C-P-A	Negative	0.97355	0.0264504
8JV0-C-A	Positive	0.479611	0.520389
8BF9-l-X	Negative	0.930613	0.0693874
8EBB-C-A	Negative	0.921016	0.0789839
8FKF-D-A	Negative	0.987748	0.0122516
8XC5-A-B	Negative	0.942611	0.0573895
8GHO-C-A	Negative	0.995267	0.0047326
8GHO-G-H	Negative	0.991537	0.00846331
8EMK-C-A	Negative	0.932427	0.0675727
8YGT-A-B	Negative	0.9471	0.0529
8U51-B-A	Negative	0.99203	0.00796993
8R3K-G-A	Positive	0.0697049	0.930295
8YC0-a-d	Positive	0.473821	0.526179
8YC0-b-g	Negative	0.886912	0.113088
8QBT-b-d	Negative	0.942725	0.0572747
8QBT-3-s	Positive	0.192416	0.807584
8PEG-p-d	Negative	0.968178	0.031822
8SHW-Q-L	Positive	0.118548	0.881452
8YHT-B-A	Negative	0.949485	0.050515
8IMZ-D-A	Negative	0.973942	0.0260577
8VDD-C-A	Negative	0.763905	0.236095
8J5U-B-A	Negative	0.896997	0.103003
8B87-C-A	Negative	0.976398	0.023602
8B87-D-A	Negative	0.976398	0.023602
8Q9Q-X-A	Negative	0.989334	0.0106659
8BQ3-B-A	Negative	0.701262	0.298738
8ATI-a-A	Negative	0.90053	0.0994699
8YB4-C-B	Negative	0.966616	0.0333842
8WO9-C-A	Positive	0.293811	0.706189
8D47-C-L	Negative	0.986595	0.0134049
8CP6-A-B	Negative	0.980684	0.0193158
8CP6-C-B	Positive	0.209342	0.790658
8T4I-C-A	Positive	0.036153	0.963847
8T4I-D-A	Negative	0.962435	0.0375651
8GJ1-F-B	Negative	0.947191	0.052809
8W7L-C-A	Negative	0.862189	0.137811
8W7L-D-B	Negative	0.943386	0.0566135
8BEF-b-A	Negative	0.724933	0.275067
8BEF-v-N	Negative	0.80304	0.19696
8J6S-K-L	Negative	0.962958	0.0370421
8F8Y-E-A	Positive	0.0930465	0.906954
8F8Y-F-A	Positive	0.311703	0.688297
8ANC-P-A	Positive	0.449747	0.550253
8DO2-C-B	Negative	0.622982	0.377018
8JHW-C-A	Negative	0.759127	0.240873
8DTT-G-A	Positive	0.0634761	0.936524
8DTT-J-E	Negative	0.567468	0.432532
8AGY-B-A	Negative	0.813607	0.186393
8ELH-C-A	Negative	0.99588	0.00412004
8WI2-B-A	Positive	0.42316	0.57684
8BWE-B-A	Positive	0.142162	0.857838
8HJ2-G-B	Negative	0.763816	0.236184
8VTI-B-A	Negative	0.870812	0.129188
8USB-O-G	Positive	0.0266842	0.973316
8WYI-a-d	Negative	0.767778	0.232222
8WYI-m-d	Negative	0.987281	0.0127194
8WYI-n-d	Negative	0.945175	0.0548254
8XR6-f-a	Negative	0.781954	0.218047
8XR6-i-a	Negative	0.537219	0.462781
8XR6-j-a	Positive	0.0764571	0.923543
8XR6-l-a	Negative	0.922734	0.0772659
8XR6-m-a	Negative	0.731923	0.268077
8XR6-t-a	Positive	0.499131	0.500869
8XR6-w-a	Negative	0.780288	0.219712
8XR6-L-A	Negative	0.922734	0.0772659
8XR6-M-A	Negative	0.731923	0.268077
8XR6-x-6	Negative	0.942183	0.0578166
8XR6-K-C	Negative	0.593383	0.406617
8XR6-Y-C	Negative	0.979757	0.0202435
8OVD-Y-M	Positive	0.438063	0.561937
8FIT-B-A	Negative	0.97391	0.0260898
8FIT-D-C	Negative	0.963843	0.0361565
8VGC-P-A	Negative	0.860165	0.139835
8F1T-a-A	Negative	0.90496	0.0950403
8CB7-C-A	Negative	0.820725	0.179275
8EYB-D-A	Negative	0.887717	0.112283
8EYB-E-A	Negative	0.882699	0.117301
8DTR-G-A	Negative	0.957964	0.0420363
8Q86-A-B	Negative	0.994046	0.0059537
8BW1-e-H	Positive	0.466643	0.533357
8ACK-P-B	Negative	0.920611	0.0793893
8K9T-B-A	Positive	0.0513799	0.94862
8GQW-C-A	Positive	0.231597	0.768403
8PDE-C-A	Negative	0.900105	0.099895
8PDE-X-A	Negative	0.947945	0.0520553
8PKU-P-B	Negative	0.928556	0.0714436
8T70-P-A	Negative	0.978817	0.0211829
8EAT-b-c	Negative	0.735742	0.264258
8QSF-H-A	Negative	0.988651	0.0113494
8IQL-D-C	Negative	0.859009	0.140991
8DK9-E-A	Negative	0.931543	0.0684565
8WQE-L-D	Negative	0.805421	0.194579
8WQE-K-B	Negative	0.914869	0.0851312
8UA8-R-I	Negative	0.643693	0.356307
8CN6-G-A	Positive	0.0677377	0.932262
8WF6-R-A	Negative	0.757341	0.242659
8WF6-Q-B	Negative	0.855447	0.144553
8WF6-F-C	Negative	0.646471	0.353529
8XYX-C-A	Negative	0.983384	0.0166163
8Q1B-h-a	Negative	0.965851	0.0341489
8VY8-D-B	Positive	0.103082	0.896918
8JAR-S-A	Positive	0.153243	0.846757
8BTY-B-A	Negative	0.809133	0.190867
8JCB-A-D	Negative	0.819542	0.180458
8ZA6-m-d	Negative	0.983393	0.0166066
8ZA6-n-d	Negative	0.969858	0.030142
8UCS-A-C	Negative	0.860429	0.139571
8UCS-B-C	Negative	0.905551	0.0944487
8FB7-Q-A	Negative	0.93883	0.0611698
8FB7-P-H	Negative	0.97682	0.0231798
8RUP-M-K	Negative	0.967922	0.0320784
8BUU-4-G	Negative	0.96349	0.0365105
8BUU-1-3	Negative	0.920447	0.0795532
8EAS-b-a	Negative	0.657751	0.342249
8T32-B-A	Negative	0.919717	0.0802831
8OST-B-A	Negative	0.94357	0.0564295
8X30-P-Q	Negative	0.713208	0.286792
8JWX-P-R	Negative	0.809383	0.190617
8JWX-S-R	Positive	0.46686	0.53314
8Q84-e-I	Negative	0.761031	0.238969
8JIP-P-R	Negative	0.967542	0.0324575
8QU9-B-A	Negative	0.983484	0.0165155
8K6Q-D-B	Negative	0.965515	0.0344851
8K6Q-C-B	Negative	0.967305	0.0326947
8S3W-C-A	Negative	0.703073	0.296927
8S30-B-A	Negative	0.978922	0.0210775
8I1V-N-G	Negative	0.890146	0.109854
8SMR-L-J	Positive	0.499001	0.500999
8FN2-i-E	Negative	0.94275	0.0572496
8FN2-f-F	Negative	0.968007	0.0319931
8FN2-h-H	Negative	0.873035	0.126965
8BBH-A-H	Negative	0.667885	0.332115
8V50-C-A	Negative	0.929915	0.0700851
8WWM-L-R	Negative	0.92861	0.0713901
8ZNO-K-B	Negative	0.528166	0.471834
8RQ2-z-E	Negative	0.971736	0.0282645
8RQ2-6-F	Negative	0.9901	0.00990034
8RQ2-y-S	Negative	0.953176	0.0468238
8RQ2-x-T	Negative	0.910282	0.0897184
8P10-c-L	Positive	0.112101	0.887899
8ZYV-A-C	Negative	0.539157	0.460843
8ZYV-B-C	Negative	0.640433	0.359567
8Z3F-B-A	Negative	0.988487	0.0115133
8KAB-c-e	Negative	0.648794	0.351206
8BWN-C-A	Negative	0.974154	0.0258464
8ARN-C-A	Positive	0.273269	0.726731
8VS6-E-A	Negative	0.776709	0.223291
8QCQ-1-3	Negative	0.839464	0.160536
8QCQ-6-F	Negative	0.9777	0.0222995
8ZTU-W-e	Positive	0.116974	0.883026
8FK3-B-A	Negative	0.696712	0.303288
8SG2-B-A	Negative	0.875799	0.124201
8CBT-A-B	Negative	0.766651	0.233349
8YDM-A-C	Negative	0.910551	0.0894495
8YDM-B-C	Negative	0.830511	0.169489
8YDM-D-E	Negative	0.698314	0.301686
8YDM-F-E	Negative	0.726421	0.273579
8YDM-H-G	Negative	0.902693	0.097307
8YDM-J-I	Negative	0.698314	0.301686
8YDM-O-K	Negative	0.756472	0.243529
8YDM-Q-M	Negative	0.698314	0.301686
8K6M-E-D	Negative	0.990923	0.0090773
8K6N-D-E	Negative	0.969342	0.030658
8G8Q-B-A	Positive	0.183658	0.816342
8G8Q-C-A	Negative	0.684357	0.315643
8GAJ-B-A	Negative	0.9921	0.00789973
8CSR-K-C	Positive	0.374062	0.625938
8R2G-L-A	Positive	0.0435372	0.956463
8R2G-O-B	Negative	0.667044	0.332956
8R2G-I-C	Positive	0.47156	0.52844
8R2G-M-D	Negative	0.898016	0.101984
8R2G-N-E	Negative	0.8216	0.1784
8SRU-E-A	Negative	0.808776	0.191224
8P8B-x-d	Negative	0.992227	0.00777334
8T59-E-A	Negative	0.828258	0.171742
8T59-F-C	Negative	0.970807	0.0291935
8IDY-T-b	Negative	0.913596	0.0864039
8T5Q-G-A	Negative	0.604439	0.395561
8ZGS-C-A	Positive	0.440682	0.559318
8ZGS-G-A	Positive	0.442072	0.557928
8IHO-D-A	Positive	0.119855	0.880145
8C17-B-A	Negative	0.938888	0.0611122
8JAL-S-A	Positive	0.165853	0.834147
8RNF-P-A	Positive	0.431885	0.568115
8UJF-E-B	Positive	0.0733371	0.926663
8J0E-F-B	Negative	0.941091	0.0589085
8J0E-A-B	Positive	0.491752	0.508248
8J0E-E-B	Negative	0.963419	0.0365813
8AGC-B-A	Negative	0.656367	0.343633
8AGC-P-A	Positive	0.142088	0.857912
8TW4-X-A	Positive	0.364864	0.635136
8TW4-Y-A	Negative	0.518866	0.481134
8YW5-P-R	Negative	0.853869	0.146131
8V3W-B-C	Negative	0.935331	0.0646687
8EI0-B-A	Positive	0.446069	0.553931
8GJG-B-A	Negative	0.642212	0.357788
8U2Y-A-B	Negative	0.627371	0.372629
8WTE-J-A	Positive	0.0763775	0.923623
8GT7-F-C	Negative	0.881696	0.118304
8QLG-E-A	Positive	0.298229	0.701771
8TII-R-A	Negative	0.604278	0.395722
8DYE-B-A	Negative	0.96047	0.0395295
8RTE-D-A	Positive	0.102757	0.897243
8F0S-B-A	Negative	0.913914	0.0860864
8J5K-F-A	Positive	0.45291	0.54709
8J5K-I-A	Negative	0.774774	0.225226
8J5K-J-A	Positive	0.190833	0.809167
8J5K-L-A	Negative	0.931726	0.0682736
8J5K-M-A	Positive	0.274723	0.725277
8J5K-T-A	Negative	0.76037	0.23963
8J5K-Y-C	Negative	0.773219	0.226781
8J5K-X-D	Negative	0.930547	0.0694527
8EI8-B-A	Negative	0.500504	0.499496
8FH3-I-B	Negative	0.93912	0.0608798
8WLS-B-A	Negative	0.993132	0.00686774
8H0Q-L-R	Negative	0.90542	0.0945804
8UKO-C-E	Negative	0.674134	0.325866
8CZF-B-A	Negative	0.973174	0.0268264
8TQZ-I-A	Negative	0.672507	0.327493
8UIT-D-B	Positive	0.451753	0.548247
8JIR-P-R	Negative	0.992061	0.00793869
8EHV-P-B	Positive	0.453397	0.546603
8CJ3-B-A	Positive	0.101967	0.898033
8U77-B-A	Negative	0.991609	0.00839092
8U77-F-E	Negative	0.99252	0.00748043
8PNT-C-A	Positive	0.439448	0.560552
8PNT-D-A	Negative	0.990218	0.00978197
8WEJ-C-D	Negative	0.924749	0.0752505
8ZQE-L-R	Negative	0.6752	0.3248
8Z81-A-C	Positive	0.137646	0.862354
8Z81-B-C	Positive	0.297354	0.702646
8Z81-D-C	Negative	0.879482	0.120518
8Z81-Z-W	Positive	0.297354	0.702646
8Z81-2-1	Negative	0.879482	0.120518
8GEJ-G-B	Positive	0.349515	0.650485
8BV7-B-A	Negative	0.729069	0.270931
8YTG-B-A	Negative	0.850465	0.149535
8WU8-D-A	Negative	0.997142	0.00285759
8H8S-L-A	Negative	0.69558	0.304421
8H8S-M-A	Negative	0.963418	0.036582
8EO8-C-A	Negative	0.831946	0.168054
8C3N-B-A	Negative	0.988264	0.0117365
8Q3D-C-A	Negative	0.960189	0.0398111
8RBX-r-b	Negative	0.98926	0.0107399
8CCW-B-A	Negative	0.96286	0.0371402
8AXH-A-H	Negative	0.521332	0.478668
8HR1-S-C	Negative	0.840292	0.159708
8ADG-F-A	Positive	0.239052	0.760948
8VDU-C-A	Negative	0.805813	0.194187
8VDU-I-G	Negative	0.90029	0.0997099
8VDU-L-J	Positive	0.467507	0.532493
8JAU-S-A	Positive	0.449453	0.550547
8AKN-A-W	Negative	0.902752	0.097248
8QKG-C-A	Positive	0.225217	0.774783
8HTU-M-B	Negative	0.978085	0.0219153
8QCI-A-B	Positive	0.407155	0.592845
8CMO-J-A	Negative	0.983568	0.0164323
8RHQ-G-A	Negative	0.993976	0.0060237
8JZU-B-A	Positive	0.0916826	0.908317
8FZ2-P-L	Negative	0.849607	0.150393
8DTN-B-A	Negative	0.846485	0.153515
8DTN-F-E	Negative	0.882295	0.117705
8UGS-C-A	Negative	0.953728	0.0462716
8UGS-D-A	Negative	0.891561	0.108439
8COY-C-A	Negative	0.609473	0.390527
8P65-X-A	Positive	0.482344	0.517656
8ZH8-Q-R	Negative	0.824087	0.175913
8YY9-k-N	Negative	0.930475	0.0695248
8BEH-k-L	Negative	0.965633	0.034367
8Q5P-B-A	Negative	0.923397	0.0766034
8UO5-D-B	Negative	0.945616	0.0543835
8TH1-E-A	Positive	0.0178264	0.982174
8TH1-F-B	Positive	0.0947289	0.905271
8TH1-G-C	Negative	0.61095	0.38905
8TH1-H-D	Positive	0.108067	0.891933
8CIS-B-A	Positive	0.272448	0.727552
8CIS-C-A	Negative	0.56228	0.43772
8CIS-D-A	Positive	0.064401	0.935599
8YPB-b-F	Negative	0.91066	0.0893402
8E3Z-P-R	Negative	0.958625	0.0413747
8CMK-C-A	Positive	0.0508468	0.949153
8B5A-B-A	Negative	0.683749	0.316251
8UK5-B-A	Negative	0.541198	0.458802
8ESA-C-A	Positive	0.259518	0.740482
8GVD-B-A	Negative	0.864608	0.135392
8FNE-E-A	Positive	0.281524	0.718476
8WY0-b-d	Negative	0.848935	0.151065
8WY0-m-d	Negative	0.793601	0.206399
8VJU-C-A	Negative	0.705867	0.294133
8AHT-F-A	Negative	0.902214	0.0977857
8AHT-G-B	Negative	0.798865	0.201135
8AHT-H-C	Negative	0.974481	0.0255189
8I7P-B-A	Positive	0.248436	0.751564
8XPF-C-A	Positive	0.146119	0.853881
8B82-C-A	Negative	0.874263	0.125737
8UUQ-M-C	Positive	0.0743647	0.925635
8INK-A-o	Negative	0.930412	0.069588
8IQK-B-A	Negative	0.980603	0.0193972
8RNG-C-A	Negative	0.877199	0.122801
8K17-E-B	Negative	0.993575	0.00642509
8XO0-s-E	Negative	0.847751	0.152249
8R3X-C-A	Negative	0.96693	0.0330701
8R3X-D-A	Negative	0.955211	0.044789
8CGI-4-M	Negative	0.917777	0.082223
8DJI-B-A	Negative	0.652886	0.347114
8S6V-M-A	Positive	0.0599521	0.940048
8YFL-B-A	Negative	0.941306	0.0586944
8YFL-D-C	Negative	0.941306	0.0586944
8EXN-D-A	Positive	0.207019	0.792981
8PQW-I-A	Negative	0.974133	0.0258674
8PQW-H-C	Negative	0.991973	0.00802719
8RKG-L-A	Negative	0.952574	0.0474256
8RKG-M-A	Negative	0.923907	0.076093
8RKG-O-C	Negative	0.985293	0.0147073
8RKG-P-E	Negative	0.971727	0.0282729
8RKG-Q-E	Negative	0.95381	0.0461897
8RKG-R-G	Negative	0.974836	0.0251635
8RKG-S-G	Negative	0.985293	0.0147073
8IPM-C-D	Negative	0.84444	0.15556
8DNQ-C-A	Positive	0.0735268	0.926473
8DNQ-D-A	Positive	0.0735268	0.926473
8FAN-P-B	Positive	0.377827	0.622173
8FAN-Q-D	Positive	0.303592	0.696408
8FAN-R-F	Negative	0.708629	0.291371
8S3E-E-A	Negative	0.840333	0.159668
8U5H-A-D	Negative	0.664694	0.335306
8U5H-B-I	Negative	0.583361	0.416639
8VCY-C-A	Negative	0.6178	0.382199
8EUP-T-C	Negative	0.91118	0.0888196
8EUP-t-G	Negative	0.967157	0.0328429
8H9F-Q-3	Negative	0.991046	0.00895399
8WI5-B-A	Negative	0.834687	0.165313
8TUH-F-A	Positive	0.313788	0.686212
8FJB-C-A	Negative	0.72589	0.27411
8VD8-B-A	Positive	0.0817356	0.918264
8SDP-I-A	Negative	0.973598	0.0264016
8SDP-X-A	Negative	0.976505	0.0234949
8SDP-Y-B	Negative	0.960212	0.0397879
8AP4-4-f	Negative	0.989255	0.0107451
8C1J-B-A	Negative	0.871586	0.128414
8JR4-E-A	Positive	0.0526963	0.947304
8TLX-B-A	Negative	0.95987	0.04013
8ZVY-C-A	Negative	0.879988	0.120012
8ZVY-D-B	Negative	0.973198	0.0268018
8C29-F-A	Negative	0.637492	0.362508
8C29-I-A	Negative	0.716583	0.283417
8C29-L-A	Negative	0.8851	0.1149
8C29-T-A	Negative	0.907175	0.0928249
8C29-M-B	Negative	0.561381	0.438619
8C29-U-B	Negative	0.845392	0.154608
8C29-t-B	Negative	0.907175	0.0928249
8C29-l-a	Negative	0.8851	0.1149
8C29-m-b	Negative	0.561381	0.438619
8B1J-C-A	Negative	0.964812	0.0351882
8CBP-C-A	Negative	0.89781	0.10219
8FCN-L-F	Negative	0.975107	0.0248932
8RTB-H-C	Negative	0.863672	0.136328
8JVV-A-B	Negative	0.669931	0.330069
8JVV-I-B	Negative	0.59017	0.40983
8BZL-h-A	Positive	0.344487	0.655513
8BZL-d-B	Positive	0.17548	0.82452
8BZL-f-D	Positive	0.0241009	0.975899
8HEP-A-B	Negative	0.840889	0.159111
8HQY-S-C	Negative	0.596985	0.403015
8JBG-A-B	Positive	0.415443	0.584557
8ZBJ-S-R	Positive	0.442658	0.557342
8KD2-G-B	Positive	0.385439	0.614561
8KD2-F-E	Negative	0.969186	0.0308141
8OXM-E-A	Negative	0.910074	0.0899262
8DES-E-A	Negative	0.621263	0.378737
8CLS-C-A	Negative	0.656174	0.343826
8CLS-D-A	Negative	0.964624	0.0353757
8CLS-F-A	Negative	0.960477	0.0395235
8CLS-G-A	Negative	0.586523	0.413477
8CLS-H-A	Negative	0.973649	0.0263507
8ATS-P-A	Negative	0.962646	0.0373545
8Q05-Z-A	Negative	0.690552	0.309448
8CM9-E-A	Positive	0.0128896	0.98711
8IC4-D-K	Negative	0.961684	0.0383155
8IC4-X-M	Negative	0.830589	0.169411
8QNS-M-A	Negative	0.976612	0.0233877
8QNS-N-A	Negative	0.969549	0.030451
8QNS-O-D	Negative	0.913577	0.0864234
8QNS-P-J	Positive	0.379293	0.620707
8ROO-B-A	Negative	0.988003	0.0119967
8CCZ-C-A	Negative	0.702963	0.297037
8R64-G-B	Positive	0.0534691	0.946531
8WXT-C-A	Negative	0.94304	0.0569603
8U8C-D-A	Negative	0.82757	0.17243
8U8C-C-B	Negative	0.870347	0.129653
8XNT-r-B	Negative	0.941688	0.0583122
8XNT-R-D	Negative	0.955099	0.0449015
8XNT-s-E	Negative	0.988886	0.0111143
8XNT-q-I	Positive	0.0474628	0.952537
8T8S-C-A	Negative	0.977553	0.0224472
8T8S-D-B	Negative	0.977553	0.0224472
8FLS-P-R	Negative	0.968737	0.031263
8RRL-C-A	Negative	0.500317	0.499683
8IGC-B-A	Positive	0.428106	0.571894
8VY4-C-A	Negative	0.926772	0.0732281
8DWL-D-C	Negative	0.963345	0.0366551
8DWL-B-C	Negative	0.909395	0.0906049
8F7X-P-R	Positive	0.351892	0.648108
8Z9V-e-b	Negative	0.841234	0.158766
8ARI-a-A	Negative	0.925961	0.0740394
8JSU-A-B	Negative	0.962613	0.037387
8JSU-C-D	Negative	0.9453	0.0547
8TEG-B-A	Negative	0.717941	0.282059
8YFN-B-A	Negative	0.81538	0.18462
8EFL-F-M	Negative	0.974668	0.0253318
8CMB-C-A	Positive	0.0319256	0.968074
8CV6-B-A	Positive	0.00395596	0.996044
8VMF-C-A	Negative	0.899648	0.100352
8ZK2-Z-C	Negative	0.649391	0.350609
8VCX-C-D	Negative	0.763905	0.236095
8Q7K-C-A	Negative	0.971229	0.0287708
8Z0H-C-A	Negative	0.975967	0.024033
8QN8-J-F	Negative	0.867105	0.132895
8D7P-D-A	Negative	0.848485	0.151515
8D7P-C-A	Negative	0.820272	0.179728
8Y0P-L-A	Negative	0.968478	0.0315221
8DEW-D-A	Negative	0.958659	0.0413413
8GOC-G-A	Negative	0.8355	0.1645
8H7G-B-A	Negative	0.959169	0.0408309
8H7G-L-D	Negative	0.972895	0.0271053
8C1T-E-D	Negative	0.723464	0.276536
8QU3-A-B	Negative	0.802603	0.197397
8ZCS-C-A	Positive	0.0751984	0.924802
8D80-C-B	Negative	0.993046	0.00695358
8TUU-B-A	Negative	0.972403	0.027597
8PAY-H-A	Negative	0.940529	0.0594714
8Q9P-X-A	Negative	0.841333	0.158667
8VGD-P-A	Negative	0.935243	0.0647572
8USD-A-f	Negative	0.996826	0.00317404
8USD-U-f	Negative	0.984528	0.0154723
8USD-B-f	Negative	0.983152	0.0168477
8B1H-C-A	Negative	0.887152	0.112848
8TEC-C-A	Negative	0.609559	0.390441
8YZW-F-D	Negative	0.580003	0.419997
8K9F-I-A	Positive	0.0730507	0.926949
8PKW-P-B	Negative	0.934113	0.0658872
8CMG-C-A	Negative	0.806929	0.193071
8AGB-B-A	Negative	0.867903	0.132097
8ATF-H-G	Negative	0.844057	0.155943
8ESR-z-B	Negative	0.966722	0.0332775
8ESR-s-O	Negative	0.885173	0.114827
8ESR-8-X	Negative	0.939693	0.060307
8CA7-E-C	Negative	0.977655	0.0223451
8WM0-B-A	Positive	0.235224	0.764776
8T9A-C-B	Positive	0.31731	0.68269
8FXQ-W-A	Negative	0.941683	0.0583167
8V8Q-C-A	Negative	0.820999	0.179001
8B1B-C-A	Negative	0.80027	0.19973
8RS8-E-A	Negative	0.987855	0.0121445
8RS8-G-B	Negative	0.987855	0.0121445
8D5Q-E-A	Negative	0.993472	0.00652788
8WKZ-B-A	Positive	0.210911	0.789089
8VLF-T-A	Positive	0.0446473	0.955353
8DGV-A-H	Negative	0.998022	0.00197755
8T9D-9-C	Negative	0.922509	0.0774909
8UJH-C-A	Negative	0.924438	0.0755624
8U2M-D-A	Negative	0.920222	0.0797779
8E13-C-A	Negative	0.611269	0.388731
8VJH-Q-A	Negative	0.9961	0.0039002
8VJH-U-A	Positive	0.28313	0.71687
8XFZ-C-A	Positive	0.315356	0.684644
8OZ0-9-H	Negative	0.932868	0.0671321
8EBU-H-A	Negative	0.989061	0.0109386
8H8H-G-A	Negative	0.774086	0.225915
8UTL-C-A	Negative	0.901028	0.0989715
8WHK-B-A	Negative	0.836736	0.163264
8ETJ-T-C	Negative	0.983759	0.016241
8ETJ-s-O	Negative	0.956758	0.0432421
8QEP-G-A	Negative	0.804793	0.195207
8ET3-S-A	Positive	0.425573	0.574427
8H8Q-A-L	Negative	0.687458	0.312542
8C07-J-B	Negative	0.962714	0.0372857
8B46-D-A	Negative	0.963288	0.0367122
8B46-F-B	Positive	0.393629	0.606371
8Q9N-X-A	Negative	0.975612	0.0243876
8RIZ-T-K	Negative	0.953862	0.0461377
8ZKM-A-B	Positive	0.0164471	0.983553
8WM6-J-A	Positive	0.218076	0.781924
8WM6-M-B	Negative	0.748162	0.251838
8W5Z-B-A	Positive	0.388128	0.611872
8TTE-C-A	Positive	0.111206	0.888794
8FLT-P-R	Negative	0.906868	0.0931323
8J9S-C-B	Negative	0.707515	0.292485
8DA0-F-A	Negative	0.987711	0.012289
8XLS-J-A	Positive	0.181836	0.818164
8XLS-M-B	Negative	0.673143	0.326857
8KEA-H-A	Negative	0.946781	0.0532189
8I0U-K-A	Negative	0.683677	0.316323
8EI2-C-A	Positive	0.170789	0.829211
8AC1-E-C	Negative	0.594563	0.405437
8YVI-X-D	Negative	0.956713	0.0432873
8BFW-B-A	Negative	0.939018	0.0609819
8Q1R-E-A	Negative	0.910637	0.0893627
8U1Z-B-A	Negative	0.998216	0.00178418
8D3W-G-A	Negative	0.760502	0.239498
8K4V-C-A	Positive	0.0662631	0.933737
8Y6V-N-D	Negative	0.985197	0.0148027
8Y6V-I-G	Negative	0.944873	0.0551266
8TWI-D-C	Positive	0.481004	0.518996
8XI2-U-A	Negative	0.782822	0.217178
8ZKK-p-O	Negative	0.989456	0.0105438
8ZKK-u-O	Negative	0.990188	0.00981188
8HSM-C-A	Positive	0.326794	0.673206
8XZJ-L-R	Positive	0.15113	0.84887
8D5E-P-A	Negative	0.902362	0.0976384
8CDU-N-E	Negative	0.896047	0.103953
8C97-0-N	Negative	0.950019	0.0499806
8IBO-C-A	Negative	0.837487	0.162513
8A65-B-A	Negative	0.948543	0.0514566
8FUF-B-A	Negative	0.843517	0.156483
8SE7-X-A	Negative	0.715566	0.284434
8SE7-H-A	Negative	0.756577	0.243423
8SE7-Y-B	Negative	0.8606	0.1394
8SE7-P-M	Negative	0.752471	0.247529
8SE7-T-Q	Negative	0.833668	0.166332
8ZZ0-A-C	Negative	0.567856	0.432144
8ZZ0-B-C	Negative	0.686096	0.313904
8ETC-T-C	Negative	0.964169	0.0358307
8ETC-s-O	Negative	0.929503	0.0704968
8ETC-8-P	Negative	0.982241	0.0177591
8W8E-X-A	Negative	0.920801	0.0791986
8SUV-F-A	Negative	0.883157	0.116843
8SUV-H-C	Negative	0.974019	0.0259807
8SUV-I-D	Negative	0.997528	0.00247161
8GN0-I-A	Negative	0.542989	0.457011
8GN0-f-a	Negative	0.653113	0.346887
8H1R-C-A	Positive	0.379986	0.620014
8IB6-D-K	Negative	0.781152	0.218848
8IB6-X-M	Negative	0.830589	0.169411
8IMY-D-G	Negative	0.977921	0.0220789
8CBI-C-A	Negative	0.677019	0.322981
8DTM-C-B	Negative	0.915196	0.0848038
8QTU-B-A	Negative	0.631467	0.368533
8X7X-F-C	Negative	0.977424	0.0225758
8WED-C-A	Negative	0.940145	0.0598551
8YPJ-A-B	Negative	0.979007	0.0209933
8VPR-B-A	Negative	0.740418	0.259582
8JJ6-E-A	Negative	0.91157	0.0884304
8T4S-n-C	Negative	0.990612	0.00938814
8RJI-C-A	Negative	0.647634	0.352366
8HZ4-E-A	Negative	0.850531	0.149469
8HZ4-F-A	Negative	0.523975	0.476025
8HZ4-H-A	Positive	0.191931	0.808069
8HZ4-G-B	Positive	0.463754	0.536246
8WDA-E-A	Positive	0.4391	0.5609
8QAU-E-A	Negative	0.901995	0.0980049
8JAF-V-A	Positive	0.101265	0.898735
8UB4-H-B	Negative	0.530267	0.469733
8UB4-J-D	Positive	0.478849	0.521151
8UU8-6-E	Negative	0.97748	0.0225199
8UU8-5-7	Negative	0.934099	0.0659009
8I9A-D-C	Negative	0.99689	0.00311035
8TZX-C-A	Negative	0.983707	0.016293
8Q7E-C-A	Positive	0.0355642	0.964436
8VJY-B-A	Negative	0.978276	0.0217241
8J0G-F-B	Negative	0.95664	0.0433597
8WXW-P-A	Negative	0.909262	0.0907379
8HSW-C-A	Negative	0.936956	0.0630445
8UI6-B-A	Positive	0.233663	0.766337
8GON-C-A	Negative	0.972202	0.0277976
8YV6-B-A	Negative	0.808187	0.191813
8RTA-I-E	Negative	0.548198	0.451802
8RTA-H-F	Negative	0.921156	0.078844
8J5P-X-C	Negative	0.781535	0.218465
8J8Z-V-A	Negative	0.983501	0.0164986
8WDV-7-L	Negative	0.746337	0.253663
8WDV-G-D	Negative	0.961485	0.0385155
8WDV-J-F	Negative	0.920367	0.0796333
8WDV-T-S	Negative	0.961485	0.0385155
8WDV-6-3	Negative	0.58127	0.41873
8UW1-K-A	Positive	0.495564	0.504436
8FEG-A-B	Negative	0.650261	0.349739
8VYQ-C-A	Negative	0.820939	0.179061
8HN9-C-A	Negative	0.997735	0.00226499
8C5L-C-A	Negative	0.881427	0.118573
8ROP-C-A	Negative	0.78595	0.21405
8UBU-B-A	Negative	0.982775	0.0172246
8TUQ-B-A	Negative	0.819589	0.180411
8G8S-B-A	Positive	0.473491	0.526509
8CAV-D-A	Negative	0.825443	0.174557
8CAV-G-B	Positive	0.382303	0.617697
8ENS-C-A	Positive	0.0408647	0.959135
8RBZ-r-b	Negative	0.994985	0.00501453
8RBZ-m-i	Negative	0.874349	0.125651
8TTT-B-A	Negative	0.789313	0.210687
8QT0-B-A	Positive	0.0510563	0.948944
8HLO-C-A	Negative	0.82122	0.17878
8G94-F-A	Negative	0.600695	0.399305
8HCO-E-A	Negative	0.624964	0.375036
8U36-B-A	Positive	0.0998765	0.900123
8U36-C-A	Negative	0.826879	0.173121
8EJM-B-A	Negative	0.567564	0.432436
8DGX-C-H	Negative	0.980198	0.0198022
8RDY-B-A	Positive	0.0743364	0.925664
8U4K-C-A	Negative	0.856598	0.143402
8UKP-C-E	Negative	0.52008	0.47992
8QSH-H-A	Positive	0.415219	0.584781
8HER-A-B	Negative	0.544276	0.455724
8RU3-P-A	Negative	0.980716	0.0192837
8RST-B-A	Positive	0.105489	0.894511
8A44-B-A	Positive	0.0249901	0.97501
8A9G-D-B	Negative	0.990243	0.00975681
8W6A-C-A	Negative	0.92078	0.0792203
8BOX-C-A	Positive	0.49857	0.50143
8QQF-B-A	Negative	0.690772	0.309228
8A93-D-A	Negative	0.855193	0.144807
8HRY-B-A	Negative	0.932851	0.0671493
8FUB-B-A	Positive	0.444304	0.555696
8QYB-A-L	Negative	0.966011	0.0339886
8ZX5-G-B	Negative	0.93184	0.0681601
8K00-B-A	Negative	0.830665	0.169335
8RXB-F-E	Negative	0.74049	0.25951
8T8G-B-A	Positive	0.123175	0.876825
8T0P-C-B	Negative	0.862528	0.137472
8F9E-P-H	Negative	0.563057	0.436943
8VU3-J-A	Negative	0.978496	0.0215037
8VU3-X-B	Positive	0.0633994	0.936601
8VU3-S-G	Negative	0.978496	0.0215037
8CRX-3-g	Negative	0.93285	0.06715
8ETG-T-C	Negative	0.972606	0.0273936
8OEP-B-A	Negative	0.695963	0.304037
8B1R-P-B	Negative	0.987217	0.0127834
8F4B-B-A	Positive	0.00627548	0.993725
8X2U-A-B	Negative	0.945129	0.0548711
8X2U-D-E	Negative	0.901474	0.0985264
8SRW-E-A	Positive	0.331685	0.668315
8ALH-P-B	Negative	0.779284	0.220716
8P2H-6-8	Negative	0.977225	0.0227746
8C2E-P-A	Negative	0.829368	0.170632
8Z08-F-C	Negative	0.895406	0.104594
8CB8-C-A	Negative	0.971967	0.0280331
8ARE-B-A	Negative	0.818511	0.181489
8SR6-B-A	Negative	0.961017	0.0389835
8FUC-A-B	Negative	0.936268	0.0637321
8FUC-F-B	Negative	0.877161	0.122839
8GMT-B-A	Negative	0.988367	0.0116333
8EIB-C-A	Positive	0.284698	0.715302
8AB5-C-A	Negative	0.659142	0.340858
8CBG-C-A	Negative	0.869707	0.130293
8EMG-C-A	Negative	0.957316	0.0426838
8WI0-B-A	Positive	0.449722	0.550278
8RK3-B-g	Negative	0.98395	0.0160497
8WGH-J-2	Negative	0.947972	0.052028
8FE7-B-A	Negative	0.993402	0.00659801
8WTW-B-A	Negative	0.926044	0.0739562
8A43-I-A	Negative	0.980839	0.0191609
8VYA-D-A	Negative	0.965549	0.0344509
8VYA-F-A	Negative	0.955167	0.0448333
8J8P-A-C	Negative	0.983232	0.0167677
8Y8B-C-T	Negative	0.812863	0.187137
8IAQ-D-K	Negative	0.879635	0.120365
8QOA-0-2	Negative	0.985175	0.0148248
8QOA-6-e	Negative	0.88916	0.11084
8X91-X-A	Negative	0.966746	0.0332541
8UJI-C-A	Positive	0.202892	0.797108
8SAO-A-B	Negative	0.895041	0.104959
8JE1-R-A	Positive	0.403613	0.596387
8JE1-G-H	Negative	0.960825	0.0391747
8WE2-R-A	Negative	0.794585	0.205415
8EGR-M-G	Negative	0.985799	0.0142005
8DNT-D-A	Negative	0.570432	0.429568
8SKJ-E-A	Positive	0.33716	0.66284
8UTJ-f-F	Negative	0.801931	0.198069
8FCT-G-F	Negative	0.977746	0.0222545
8S8O-C-A	Negative	0.723131	0.276869
8IBB-D-K	Negative	0.879635	0.120365
8ES9-Y-A	Negative	0.829407	0.170593
8IUG-D-B	Negative	0.74824	0.25176
8IUG-V-C	Negative	0.556677	0.443323
8IUG-X-C	Negative	0.791248	0.208752
8IUG-Y-C	Negative	0.625681	0.374319
8IUG-H-G	Negative	0.74824	0.25176
8IUG-h-L	Negative	0.606651	0.393349
8CMD-C-A	Negative	0.872185	0.127815
8S4Y-A-B	Negative	0.86507	0.13493
8UX6-F-C	Negative	0.967696	0.0323037
8JYS-A-B	Negative	0.506967	0.493033
8JYS-C-D	Positive	0.378637	0.621363
8UUA-6-E	Negative	0.97748	0.0225199
8UUA-5-7	Negative	0.919474	0.0805262
8BN1-D-A	Negative	0.979221	0.0207794
8DVN-B-A	Negative	0.871024	0.128976
8J8R-G-A	Negative	0.645304	0.354696
8UHD-X-V	Negative	0.948284	0.0517158
8ZLZ-D-B	Positive	0.0982009	0.901799
8K8J-G-B	Negative	0.779866	0.220134
8VJO-F-A	Negative	0.680717	0.319283
8C06-F-A	Negative	0.736542	0.263458
8JRT-e-V	Negative	0.980722	0.019278
8PJG-C-A	Negative	0.998356	0.00164402
8GCN-B-A	Negative	0.884188	0.115812
8RUQ-L-G	Negative	0.88481	0.11519
8RDU-r-G	Positive	0.128963	0.871037
8TTA-E-A	Negative	0.587967	0.412033
8TTA-F-C	Negative	0.88481	0.11519
8E2C-C-A	Negative	0.814144	0.185856
8PR7-F-D	Negative	0.97367	0.0263304
8AP8-M-h	Negative	0.963457	0.0365431
8AP8-c-g	Negative	0.756236	0.243764
8B1E-C-A	Negative	0.636591	0.363409
8VAZ-E-A	Positive	0.397154	0.602846
8CGD-0-2	Negative	0.934414	0.0655856
8DJH-B-A	Negative	0.562951	0.437049
8EAU-b-a	Negative	0.735742	0.264258
8UU4-6-E	Negative	0.981496	0.0185039
8XJS-E-B	Negative	0.93844	0.06156
8XJS-D-A	Negative	0.819568	0.180432
8B9V-A-L	Negative	0.949818	0.0501823
8RAL-C-A	Positive	0.459303	0.540697
8AAA-B-A	Negative	0.803898	0.196102
8BIA-C-A	Negative	0.945169	0.0548306
8QSC-H-A	Negative	0.705747	0.294253
8KDX-B-A	Negative	0.990231	0.0097688
8QP8-X-S	Negative	0.956043	0.0439569
8EYY-D-A	Negative	0.972409	0.0275908
8WEF-C-A	Positive	0.0429105	0.957089
8Y9Z-B-A	Positive	0.259661	0.740339
8FVO-C-A	Positive	0.433046	0.566954
8VR9-C-A	Positive	0.193186	0.806814
8ZLW-R-A	Negative	0.568097	0.431903
8J6Z-J-2	Negative	0.975039	0.0249607
8JOY-B-A	Positive	0.465543	0.534457
8FG1-B-A	Negative	0.848496	0.151504
8OP0-B-A	Negative	0.963493	0.036507
8RPY-z-E	Negative	0.971736	0.0282645
8YDT-A-B	Negative	0.935807	0.064193
8QXW-B-A	Negative	0.99813	0.00187041
8ZYW-A-C	Negative	0.539157	0.460843
8F2M-C-D	Negative	0.536039	0.46396
8BTQ-B-A	Positive	0.172513	0.827487
8C92-2-T	Negative	0.958851	0.0411488
8CAM-h-w	Positive	0.294192	0.705808
8A40-L-B	Negative	0.802149	0.197851
8P7L-H-J	Positive	0.45777	0.54223
8CMI-C-A	Negative	0.929389	0.0706115
8CMI-F-D	Negative	0.929389	0.0706115
8JBM-G-A	Negative	0.619403	0.380597
8R2I-F-A	Negative	0.648661	0.351339
8R2I-I-A	Positive	0.157817	0.842183
8R2I-1-A	Negative	0.555754	0.444246
8XVE-P-R	Negative	0.995337	0.00466278
8OLT-s-E	Negative	0.991621	0.00837922
8EMX-D-C	Negative	0.926769	0.0732313
8RH6-G-A	Negative	0.998067	0.0019332
8U9O-A-B	Positive	0.388095	0.611905
8SDQ-B-A	Positive	0.177073	0.822927
8J8Q-A-C	Negative	0.98979	0.0102101
8RQF-B-A	Negative	0.967093	0.0329068
8SRV-D-A	Positive	0.179561	0.820439
8X54-E-A	Negative	0.945134	0.0548657
8SOU-B-A	Negative	0.924685	0.0753154
8AED-C-A	Negative	0.504071	0.495929
8AED-D-A	Negative	0.860473	0.139527
8BY5-B-A	Negative	0.569325	0.430675
8YHZ-P-L	Negative	0.994599	0.00540082
8TQ2-D-C	Negative	0.938774	0.0612263
8VYW-C-A	Negative	0.983142	0.0168581
8C2F-P-A	Negative	0.578104	0.421896
8Q1S-P-A	Negative	0.602049	0.397951
8Q1S-C-B	Negative	0.930052	0.0699476
8G1U-C-A	Negative	0.909337	0.0906631
8G1U-D-A	Negative	0.859273	0.140727
8G1U-K-I	Negative	0.868856	0.131144
8WQH-G-D	Negative	0.971351	0.0286494
8WQH-L-H	Negative	0.992552	0.00744834
8KDC-C-A	Negative	0.979808	0.0201919
8KDC-D-A	Negative	0.958473	0.0415273
8KDC-E-A	Negative	0.895521	0.104479
8JA3-U-B	Negative	0.691898	0.308102
8C98-2-T	Negative	0.94885	0.05115
8ZBI-E-C	Negative	0.742687	0.257313
8TLW-B-A	Negative	0.714726	0.285274
8DGW-G-H	Negative	0.991802	0.00819779
8ZOM-K-B	Negative	0.528166	0.471834
8P43-P-A	Negative	0.917091	0.0829094
8T42-N-A	Positive	0.448939	0.551061
8HEW-B-A	Negative	0.864035	0.135965
8J27-F-B	Negative	0.921814	0.0781859
8J27-A-B	Positive	0.344136	0.655864
8TOS-E-A	Positive	0.0349535	0.965047
8ONI-B-H	Negative	0.704242	0.295758
8G2M-F-H	Negative	0.970633	0.0293671
8G8R-B-A	Negative	0.936125	0.0638753
8HXR-D-B	Negative	0.967683	0.0323171
8HXR-C-A	Negative	0.982395	0.0176054
8P0A-C-A	Negative	0.554938	0.445062
8PN4-M-A	Negative	0.843102	0.156898
8K35-S-I	Negative	0.673968	0.326032
8ENW-D-B	Negative	0.931264	0.0687361
8JUT-K-A	Negative	0.861965	0.138035
8I0P-P-A	Negative	0.91207	0.0879303
8QPW-X-F	Negative	0.952771	0.0472289
8R7L-D-H	Negative	0.962163	0.0378368
8RNH-C-A	Negative	0.978619	0.0213812
8XNY-r-C	Negative	0.975622	0.024378
8XNY-R-D	Negative	0.969517	0.030483
8BCT-H-D	Negative	0.827804	0.172196
8X2M-C-A	Negative	0.977955	0.0220452
8X2M-D-A	Negative	0.775917	0.224083
8X2M-F-A	Negative	0.970591	0.0294092
8TH6-H-A	Negative	0.790404	0.209596
8TH6-G-B	Negative	0.790404	0.209596
8TH6-F-C	Negative	0.502197	0.497803
8GJ5-D-A	Negative	0.648454	0.351546
8GJ5-E-B	Negative	0.956505	0.0434949
8GJ5-F-C	Negative	0.995108	0.00489211
8P0Q-C-A	Positive	0.186994	0.813006
8P0Q-D-B	Negative	0.640348	0.359652
8B0P-B-A	Negative	0.918521	0.0814794
8RX1-i-A	Negative	0.991722	0.00827842
8RX1-G-B	Negative	0.994186	0.00581399
8RX1-s-D	Negative	0.989449	0.0105515
8XGC-K-I	Positive	0.0937468	0.906253
8RRK-C-A	Negative	0.667843	0.332157
8S6T-C-A	Positive	0.0223948	0.977605
8HEY-O-a	Negative	0.750021	0.249979
8HEY-T-D	Positive	0.491561	0.508439
8HEY-Q-A	Negative	0.970654	0.0293464
8J48-D-B	Negative	0.961424	0.0385763
8J48-A-B	Negative	0.963751	0.0362494
8X53-E-A	Negative	0.859399	0.140601
8XLP-f-a	Negative	0.674635	0.325365
8XLP-i-a	Negative	0.779886	0.220114
8XLP-t-a	Negative	0.871077	0.128923
8XLP-w-a	Negative	0.783041	0.216959
8XLP-m-b	Negative	0.874133	0.125867
8XLP-x-b	Negative	0.979679	0.0203206
8XLP-y-c	Negative	0.927984	0.072016
8XES-C-A	Negative	0.88916	0.11084
8J7H-E-A	Positive	0.0363052	0.963695
8ADI-F-A	Negative	0.542926	0.457074
8GJI-B-A	Negative	0.965074	0.0349259
8PEF-B-A	Negative	0.580058	0.419942
8TUT-B-A	Negative	0.958858	0.0411423
8I10-G-A	Negative	0.878122	0.121878
8C3Z-B-A	Negative	0.836297	0.163703
8I0R-W-A	Negative	0.88989	0.11011
8QSJ-m-8	Positive	0.236387	0.763613
8CME-C-A	Positive	0.0830808	0.916919
8GO9-G-A	Negative	0.561036	0.438964
8XZG-L-R	Positive	0.483811	0.516189
8Z11-j-A	Negative	0.956087	0.043913
8Z11-i-B	Negative	0.563329	0.436671
8Z11-m-B	Negative	0.743618	0.256382
8RBH-C-A	Positive	0.363732	0.636268
8RBH-D-B	Negative	0.737034	0.262966
8VME-B-A	Negative	0.962596	0.0374045
8VME-C-A	Negative	0.981249	0.0187512
8I0S-K-A	Negative	0.962618	0.037382
8ZEB-C-A	Negative	0.9974	0.0025996
8C3J-C-A	Negative	0.824109	0.175891
8C3J-J-A	Negative	0.824109	0.175891
8JXV-D-C	Negative	0.802094	0.197906
8D5N-E-C	Negative	0.565729	0.434271
8D5N-B-A	Negative	0.949648	0.0503522
8P5R-P-A	Positive	0.220506	0.779494
8EYA-D-A	Negative	0.978242	0.0217584
8FVY-f-d	Negative	0.899933	0.100067
8B1F-C-A	Negative	0.628768	0.371232
8DZQ-D-C	Negative	0.725635	0.274365
8IIY-C-A	Positive	0.208636	0.791364
8FG0-P-C	Negative	0.901475	0.0985249
8FG0-Q-C	Negative	0.998169	0.00183109
8AGE-B-A	Negative	0.656367	0.343633
8AGE-P-A	Positive	0.308176	0.691824
8QT4-B-A	Positive	0.388902	0.611098
8F2Q-B-A	Negative	0.895325	0.104675
8F2Q-C-A	Negative	0.746332	0.253668
8TOR-E-A	Positive	0.098646	0.901354
8YOR-E-A	Negative	0.950685	0.0493154
8YOR-F-C	Negative	0.847115	0.152885
8IHM-M-C	Negative	0.877144	0.122856
8C26-B-A	Negative	0.685412	0.314588
8BY6-C-A	Negative	0.986829	0.0131708
8XNQ-s-E	Negative	0.969305	0.0306946
8ZGT-C-A	Positive	0.440682	0.559318
8IMX-P-G	Positive	0.14946	0.85054
8BE6-P-R	Negative	0.753151	0.246849
8EXJ-D-A	Negative	0.813636	0.186364
8WXQ-C-A	Negative	0.829362	0.170638
8VP5-C-A	Positive	0.142532	0.857468
8KME-4-2	Negative	0.730398	0.269602
8DUZ-F-A	Negative	0.545391	0.454609
8DUZ-E-C	Negative	0.848793	0.151207
8WV1-Z-F	Negative	0.958923	0.0410769
8WV1-9-g	Negative	0.500002	0.499998
8QY9-A-L	Negative	0.925951	0.0740491
8QPK-7-D	Negative	0.685311	0.314689
8QPK-X-A	Negative	0.967803	0.0321973
8UU5-6-E	Negative	0.981496	0.0185039
8HE0-B-A	Negative	0.75695	0.24305
8WXV-B-A	Negative	0.888138	0.111862
8B6J-L-C	Positive	0.250746	0.749254
8B6J-l-c	Positive	0.250746	0.749254
8YVZ-E-A	Negative	0.980208	0.0197918
8SH9-N-B	Negative	0.960832	0.0391678
8R8U-C-A	Positive	0.108115	0.891885
8F7S-P-R	Positive	0.0542198	0.94578
8T31-B-A	Negative	0.871515	0.128485
8T31-F-A	Negative	0.89138	0.10862
8T31-D-C	Negative	0.777868	0.222132
8T31-H-G	Negative	0.621429	0.378571
8T31-J-I	Negative	0.785082	0.214918
8QOO-B-A	Positive	0.0510563	0.948944
8TWE-C-A	Negative	0.858102	0.141898
8TWE-D-B	Negative	0.995007	0.00499322
8PKV-P-B	Negative	0.936269	0.0637307
8IW4-C-B	Negative	0.7858	0.2142
8HC0-C-A	Negative	0.985502	0.014498
8PO2-D-A	Negative	0.924482	0.0755175
8W6L-C-A	Negative	0.808229	0.191771
8S73-M-A	Positive	0.0864757	0.913524
8F9S-P-H	Negative	0.764711	0.235289
8QTT-K-A	Negative	0.703333	0.296667
8QTT-N-D	Positive	0.152526	0.847474
8IB5-s-E	Negative	0.992819	0.00718119
8B8W-D-B	Negative	0.918455	0.0815454
8EI3-G-C	Negative	0.994054	0.00594585
8Y47-B-A	Negative	0.972349	0.0276509
8BC6-D-A	Negative	0.706297	0.293703
8IYA-D-B	Positive	0.114533	0.885467
8EMJ-C-A	Negative	0.640307	0.359693
8B5R-X-B	Negative	0.850596	0.149404
8GKV-B-A	Negative	0.974582	0.0254184
8WXR-C-A	Negative	0.556523	0.443477
8WXR-D-B	Negative	0.562776	0.437224
8TPJ-Q-B	Negative	0.949754	0.0502462
8TPJ-P-E	Negative	0.964347	0.0356532
8TPJ-S-F	Negative	0.950904	0.0490957
8TPJ-R-N	Negative	0.702139	0.297861
8TTC-E-D	Negative	0.93942	0.0605802
8EKA-P-H	Negative	0.784926	0.215074
8X4Q-B-A	Negative	0.943935	0.0560653
8X4Q-J-I	Negative	0.91023	0.0897703
8DEU-D-B	Negative	0.967546	0.0324545
8A5A-X-G	Negative	0.986929	0.0130711
8S1U-1-3	Negative	0.920447	0.0795532
8S1U-6-F	Negative	0.9777	0.0222995
8FHL-C-A	Positive	0.196988	0.803012
8C40-B-A	Negative	0.702241	0.297759
8Z0A-E-A	Negative	0.678964	0.321036
8QHL-D-B	Positive	0.345077	0.654923
8BJ0-B-A	Negative	0.945169	0.0548306
8TRH-d-4	Negative	0.986047	0.0139527
8HBD-L-R	Positive	0.222059	0.777941
8R5I-B-A	Negative	0.989916	0.0100842
8QSB-H-A	Negative	0.687386	0.312614
8ASC-J-E	Negative	0.74871	0.25129
8RN3-D-A	Negative	0.955751	0.0442494
8RN3-E-A	Negative	0.964487	0.0355132
8RU4-C-A	Positive	0.304196	0.695804
8SXE-F-B	Negative	0.84461	0.15539
8DUJ-M-G	Negative	0.908893	0.0911075
8A8R-L-A	Negative	0.770308	0.229692
8A8R-M-B	Negative	0.879514	0.120486
8FAT-E-A	Negative	0.783552	0.216448
8FAT-F-C	Negative	0.915129	0.0848711
8F7Z-K-E	Negative	0.604571	0.395429
8IA8-L-A	Negative	0.637878	0.362122
8OSL-P-O	Negative	0.961307	0.0386927
8DGH-B-A	Negative	0.915829	0.0841711
8JYQ-C-A	Positive	0.192415	0.807585
8JYQ-F-D	Positive	0.299576	0.700424
8DYD-C-A	Negative	0.970498	0.0295019
8FJK-m-C	Negative	0.755302	0.244698
8GQV-C-A	Positive	0.242972	0.757028
8B1G-C-A	Positive	0.211438	0.788562
8W6B-D-A	Negative	0.975942	0.0240579
8S6N-E-A	Negative	0.649627	0.350373
8TMY-S-H	Negative	0.820369	0.179631
8TMY-N-B	Negative	0.966539	0.0334606
8UXZ-I-C	Negative	0.584455	0.415545
8TL6-E-A	Negative	0.974085	0.0259148
8T5E-B-A	Positive	0.383887	0.616113
8JC0-m-d	Negative	0.953267	0.046733
8WXU-D-B	Negative	0.955837	0.044163
8IA4-Q-A	Negative	0.536501	0.463499
8RNE-P-A	Positive	0.32962	0.67038
8INF-T-f	Negative	0.919097	0.0809033
8Y1U-B-A	Negative	0.946384	0.0536162
8Y1U-C-A	Negative	0.99513	0.00487044
8T56-C-A	Positive	0.223243	0.776757
8T56-D-A	Positive	0.109103	0.890897
8T56-E-A	Positive	0.109103	0.890897
8T56-F-A	Positive	0.240655	0.759345
8JIT-P-R	Negative	0.964187	0.0358134
8PPR-Z-N	Negative	0.926599	0.0734012
8XVA-F-B	Negative	0.843833	0.156167
8C5G-D-A	Negative	0.9817	0.0182996
8DGP-F-A	Negative	0.994179	0.00582103
8DGP-E-B	Negative	0.826116	0.173884
8DGP-G-C	Negative	0.913326	0.0866744
8UY3-E-A	Negative	0.987864	0.0121364
8UY3-H-B	Negative	0.990126	0.00987384
8UY3-I-D	Negative	0.990226	0.00977415
8Y84-A-B	Negative	0.781424	0.218576
8RWG-6-8	Negative	0.965706	0.0342937
8OFG-C-A	Negative	0.850538	0.149462
8CSP-Q-B	Negative	0.626873	0.373127
8CSP-K-C	Positive	0.202332	0.797668
8G8A-C-A	Negative	0.933934	0.0660662
8G8A-P-H	Negative	0.956976	0.0430237
8EGS-I-Y	Negative	0.928186	0.0718139
8JAS-O-K	Positive	0.150292	0.849708
8IJ0-C-A	Positive	0.313424	0.686576
8IJ0-D-A	Positive	0.313424	0.686576
8Q8K-C-A	Negative	0.929628	0.0703722
8COB-B-A	Negative	0.937431	0.0625691
8COB-F-E	Negative	0.941963	0.0580365
8REF-C-A	Negative	0.997355	0.00264538
8AI5-C-A	Negative	0.724606	0.275394
8AI5-D-A	Negative	0.724606	0.275394
8I17-C-A	Negative	0.981423	0.018577
8I17-F-B	Negative	0.965783	0.0342167
8I17-I-E	Negative	0.967924	0.0320764
8JUD-B-A	Negative	0.809471	0.190529
8GY7-M-P	Negative	0.976488	0.0235125
8EIK-F-E	Negative	0.914081	0.0859192
8X06-D-B	Negative	0.882274	0.117726
8WB4-w-3	Positive	0.315742	0.684258
8WB4-F-A	Negative	0.676613	0.323387
8WB4-J-A	Positive	0.165662	0.834338
8WB4-T-A	Negative	0.541944	0.458056
8WB4-L-A	Negative	0.942939	0.0570614
8WB4-m-D	Negative	0.909031	0.0909692
8WB4-M-S	Negative	0.909031	0.0909692
8WB4-Y-Z	Negative	0.979757	0.0202435
8WB4-f-d	Negative	0.676613	0.323387
8A62-B-A	Negative	0.989698	0.0103019
8US8-R-H	Negative	0.780694	0.219306
8YWF-P-R	Negative	0.708931	0.291069
8DGO-C-B	Negative	0.989952	0.0100476
8ZUJ-A-D	Negative	0.889316	0.110684
8HK5-G-D	Negative	0.561445	0.438555
8RTD-e-J	Negative	0.920563	0.0794368
8RTD-d-b	Negative	0.695775	0.304225
8RTD-i-f	Negative	0.833857	0.166143
8RTD-D-h	Negative	0.981602	0.0183975
8RTD-F-h	Negative	0.789169	0.210831
8YJ2-C-A	Negative	0.515936	0.484064
8C43-B-A	Negative	0.833525	0.166475
8QU4-A-B	Negative	0.802603	0.197397
8PM0-P-A	Positive	0.0184911	0.981509
8YTF-B-A	Positive	0.159927	0.840073
8YWA-D-A	Negative	0.771914	0.228086
8D35-C-A	Negative	0.957447	0.0425526
8TH5-K-A	Positive	0.0304691	0.969531
8TH5-Q-A	Positive	0.0128737	0.987126
8TH5-P-F	Positive	0.448847	0.551153
8RKS-L-C	Negative	0.933058	0.0669424
8FY3-C-A	Negative	0.97106	0.0289405
8D5F-P-A	Negative	0.899165	0.100835
8FVQ-L-A	Negative	0.711021	0.288979
8J6F-B-I	Negative	0.943847	0.0561532
8FG6-A-B	Negative	0.910986	0.0890142
8QU2-A-B	Negative	0.949265	0.0507354
8Q91-B-A	Negative	0.974583	0.0254171
8B2F-H-A	Positive	0.217616	0.782384
8B2F-T-A	Positive	0.217616	0.782384
8FAS-C-A	Negative	0.643999	0.356001
8SM5-B-A	Positive	0.449773	0.550227
8SM5-D-C	Positive	0.346802	0.653198
8SM5-J-I	Positive	0.18621	0.81379
8DGM-B-A	Negative	0.988916	0.0110835
8XV7-B-A	Positive	0.219523	0.780477
8XV7-F-A	Positive	0.403694	0.596306
8XV7-H-A	Negative	0.708983	0.291017
8R7N-E-j	Negative	0.988615	0.0113848
8D5J-C-A	Negative	0.909879	0.0901209
8IQ4-G-B	Negative	0.902108	0.0978915
8ZDB-e-J	Negative	0.677965	0.322035
8ZDB-f-M	Negative	0.974145	0.0258552
8WKY-B-A	Positive	0.229496	0.770504
8PM5-N-G	Negative	0.872295	0.127705
8XKM-F-A	Negative	0.976447	0.023553
8JSL-E-A	Negative	0.982373	0.0176267
8JSL-D-B	Negative	0.918549	0.0814512
8CVZ-F-B	Negative	0.970868	0.0291316
8CVZ-G-C	Negative	0.953373	0.0466265
8Q23-E-A	Negative	0.962892	0.037108
8EGT-E-A	Negative	0.994262	0.00573835
8WJX-G-B	Negative	0.854579	0.145421
8TUR-B-A	Negative	0.909238	0.0907624
8FPJ-D-A	Negative	0.866058	0.133942
8FPJ-E-A	Negative	0.703004	0.296996
8AN9-E-A	Negative	0.992193	0.00780747
8TAR-B-L	Positive	0.0607235	0.939277
8CV7-D-A	Positive	0.134728	0.865272
8IHN-A-K	Negative	0.921223	0.0787773
8BYL-D-B	Negative	0.978147	0.0218529
8FUD-C-A	Negative	0.621325	0.378675
8FUD-D-B	Negative	0.80847	0.19153
8CMH-C-A	Positive	0.0288098	0.97119
8WSS-L-R	Negative	0.880224	0.119776
8WEE-B-A	Negative	0.929374	0.070626
8HEO-G-B	Negative	0.888623	0.111377
8PXX-B-A	Positive	0.161631	0.838369
8SDM-I-A	Negative	0.879528	0.120472
8SDM-X-A	Negative	0.902551	0.0974487
8SDM-Y-B	Negative	0.903807	0.0961934
8HIL-L-B	Negative	0.969971	0.0300288
8ZLX-b-B	Positive	0.382831	0.617169
8ZLX-d-D	Negative	0.701796	0.298204
8ELG-C-A	Negative	0.96733	0.0326703
8B1A-C-A	Negative	0.864608	0.135392
8CMC-C-A	Positive	0.240765	0.759235
8AFZ-C-B	Negative	0.914268	0.0857317
8IWH-J-A	Positive	0.106845	0.893155
8IWH-L-A	Negative	0.931726	0.0682736
8IWH-M-A	Positive	0.337443	0.662557
8IWH-T-A	Positive	0.0197904	0.98021
8IWH-t-B	Positive	0.0197904	0.98021
8IWH-K-C	Positive	0.0516846	0.948315
8IWH-Y-C	Negative	0.998778	0.00122222
8IWH-X-D	Negative	0.967432	0.0325684
8IWH-f-d	Positive	0.45291	0.54709
8HVP-I-A	Negative	0.802345	0.197655
8IN0-B-A	Negative	0.716561	0.283439
8F7W-P-R	Positive	0.182544	0.817456
8EF5-F-M	Negative	0.989288	0.0107124
8R8V-C-A	Negative	0.975514	0.0244857
8Z05-C-A	Negative	0.524108	0.475892
8XV4-C-A	Negative	0.877226	0.122774
8EQI-F-A	Positive	0.237827	0.762173
8AS9-D-A	Negative	0.979673	0.0203266
8ASL-I-b	Positive	0.201286	0.798714
8ASL-E-l	Positive	0.157707	0.842293
8ASL-F-l	Negative	0.577451	0.422549
8VWE-C-H	Negative	0.95201	0.0479897
8PK6-B-A	Negative	0.962668	0.0373323
8PK6-D-C	Negative	0.855394	0.144606
8PK6-F-E	Negative	0.824075	0.175925
8AS3-B-A	Positive	0.0290912	0.970909
8AM5-E-A	Positive	0.0252031	0.974797
8AM5-I-A	Positive	0.229602	0.770398
8AM5-F-D	Negative	0.577451	0.422549
8FYU-E-B	Negative	0.984037	0.0159635
8OIJ-C-A	Positive	0.375493	0.624507
8OIJ-D-A	Positive	0.375493	0.624507
8CJ1-I-A	Negative	0.96982	0.0301798
8CJ1-K-E	Negative	0.96982	0.0301798
8TH7-C-A	Negative	0.973253	0.026747
8TH7-D-B	Negative	0.943102	0.0568984
8TKT-D-C	Negative	0.943155	0.0568447
8RZU-B-A	Negative	0.814484	0.185516
8SBK-C-A	Negative	0.760479	0.239521
8DKN-C-A	Negative	0.832431	0.167569
8RBU-C-A	Negative	0.997355	0.00264538
8B2K-B-A	Negative	0.975673	0.0243275
8BVF-D-A	Positive	0.175115	0.824885
8A61-G-J	Negative	0.962813	0.0371866
8A61-W-K	Negative	0.972532	0.0274682
8D4T-X-N	Negative	0.942025	0.0579754
8VML-I-C	Negative	0.654186	0.345814
8FYH-E-B	Negative	0.99118	0.00882012
8RLV-C-A	Negative	0.979904	0.0200964
8PN5-I-A	Negative	0.576182	0.423818
8PN5-N-F	Negative	0.795103	0.204897
8TXR-a-C	Negative	0.974716	0.0252837
8EOI-D-A	Positive	0.206169	0.793831
8AOQ-C-A	Negative	0.993108	0.0068917
8I0T-K-A	Negative	0.940387	0.0596131
8G7R-8-G	Negative	0.801931	0.198069
8FYM-P-L	Negative	0.663188	0.336812
8FYM-C-A	Negative	0.904844	0.0951559
8FYM-J-G	Negative	0.904844	0.0951559
8YW4-P-R	Negative	0.946341	0.0536591
8PR0-D-F	Negative	0.668625	0.331375
8JOW-B-A	Positive	0.318436	0.681564
8JOW-D-A	Positive	0.179292	0.820708
8G8N-C-A	Negative	0.977083	0.0229172
8XGS-F-A	Positive	0.139698	0.860302
8UMX-A-B	Negative	0.938072	0.0619283
8IVZ-C-A	Positive	0.17734	0.82266
8CF1-E-B	Negative	0.909777	0.0902226
8VP9-C-A	Negative	0.70887	0.29113
8VP9-D-A	Positive	0.0932828	0.906717
8EI6-C-A	Negative	0.944775	0.0552247
8JBF-A-B	Positive	0.356814	0.643186
8RMO-F-H	Positive	0.0543538	0.945646
8RMY-J-A	Positive	0.414142	0.585858
8GAL-B-A	Negative	0.973238	0.0267619
8V5Y-C-B	Negative	0.514558	0.485442
8JJV-B-A	Negative	0.607984	0.392016
8YPF-B-A	Negative	0.860095	0.139905
8PKX-P-B	Negative	0.933087	0.0669135
8DVM-B-A	Positive	0.229091	0.770909
8PJE-C-A	Negative	0.844833	0.155167
8Q6P-L-3	Negative	0.974031	0.0259688
8Z82-S-C	Negative	0.645176	0.354824
8Z82-U-C	Positive	0.137646	0.862354
8Z82-D-L	Negative	0.645176	0.354824
8Z82-7-L	Positive	0.137646	0.862354
8Z82-0-B	Negative	0.879482	0.120518
8EH5-G-H	Negative	0.749108	0.250892
8BBK-G-A	Negative	0.709988	0.290012
8B4Q-B-A	Negative	0.944331	0.0556689
8WGO-C-A	Negative	0.909359	0.0906406
8IR2-C-A	Negative	0.997591	0.00240945
8FE6-B-A	Negative	0.949761	0.0502395
8GNN-D-C	Negative	0.965907	0.0340928
8FRU-l-X	Negative	0.980448	0.0195525
8GJ0-F-B	Negative	0.970345	0.0296551
8W8G-E-A	Negative	0.957279	0.0427206
8W8G-F-B	Negative	0.889675	0.110325
8W8G-G-C	Negative	0.938135	0.0618647
8CZG-E-A	Negative	0.952132	0.0478677
8CZG-H-A	Negative	0.937391	0.0626093
8CZG-G-B	Negative	0.952132	0.0478677
8QQE-C-A	Negative	0.987147	0.0128531
8QQE-D-A	Negative	0.863679	0.136321
8YZR-E-A	Negative	0.854136	0.145864
8TBW-C-A	Negative	0.996642	0.00335797
8CZH-B-A	Negative	0.869381	0.130619
8GSV-B-A	Negative	0.804432	0.195568
8GSV-L-A	Negative	0.781234	0.218766
8GSV-P-O	Negative	0.617803	0.382197
8GSV-V-S	Negative	0.819946	0.180054
8GSV-N-W	Negative	0.662886	0.337114
8ZPU-D-B	Positive	0.493186	0.506814
8DS7-M-L	Negative	0.957466	0.0425336
8DL7-F-A	Negative	0.896213	0.103787
8S6U-C-A	Negative	0.995424	0.00457646
8S6U-D-A	Negative	0.996373	0.00362655
8V8F-E-B	Negative	0.994034	0.00596562
8V8F-H-A	Negative	0.927311	0.0726888
8XKW-E-A	Negative	0.94224	0.05776
8X3S-B-A	Negative	0.710953	0.289047
8JZD-B-A	Negative	0.924689	0.0753106
8JZD-D-A	Negative	0.939649	0.0603511
8IHP-M-B	Negative	0.976495	0.023505
8QT8-B-A	Positive	0.109349	0.890651
8HYJ-W-B	Negative	0.975706	0.0242942
8RYK-C-A	Positive	0.00205845	0.997942
8RYK-D-B	Positive	0.0059334	0.994067
8JTI-e-V	Negative	0.983392	0.0166078
8JBH-A-B	Negative	0.600176	0.399824
8ZTZ-E-C	Positive	0.323055	0.676945
8QYZ-I-C	Negative	0.991518	0.00848213
8DYT-I-L	Positive	0.412856	0.587144
8Q1N-a-A	Negative	0.97399	0.0260096
8B8O-C-B	Negative	0.945596	0.0544037
8B8O-D-A	Negative	0.811304	0.188696
8TTU-B-A	Negative	0.717675	0.282325
8UGB-D-A	Negative	0.977608	0.022392
8UGB-C-B	Negative	0.963607	0.0363934
8J8V-G-A	Negative	0.561036	0.438964
8CD8-B-A	Positive	0.24474	0.75526
8PNQ-G-A	Positive	0.158555	0.841445
8CSS-K-C	Positive	0.340153	0.659847
8EBK-B-A	Positive	0.00575644	0.994244
8RHB-T-K	Negative	0.699779	0.300221
8RHB-t-K	Negative	0.886969	0.113031
8F9U-P-A	Negative	0.967117	0.0328828
8WKD-C-A	Negative	0.94411	0.0558897
8DGQ-U-A	Negative	0.987393	0.0126066
8DGQ-V-A	Negative	0.983384	0.0166155
8PNP-G-A	Positive	0.062327	0.937673
8C7H-A-B	Negative	0.946896	0.0531036
8EC5-C-A	Negative	0.958159	0.0418414
8CD3-A-B	Negative	0.681299	0.318701
8BVA-B-A	Positive	0.488259	0.511741
8H2U-K-A	Negative	0.645476	0.354524
8SDO-B-A	Negative	0.617066	0.382934
8P0D-B-A	Negative	0.610179	0.389821
8EI1-E-A	Negative	0.980972	0.0190277
8EI1-G-C	Negative	0.848986	0.151014
8EI1-H-D	Negative	0.847875	0.152126
8TXX-K-H	Negative	0.745066	0.254934
8Q3S-C-A	Negative	0.952045	0.0479551
8VOD-B-A	Negative	0.661795	0.338205
8V3O-I-A	Positive	0.272682	0.727318
8R1T-D-A	Positive	0.337792	0.662208
8WA2-H-A	Positive	0.0672017	0.932798
8WA2-I-B	Positive	0.0603324	0.939668
8UC6-G-C	Negative	0.990328	0.0096715
8FR8-c-x	Negative	0.840517	0.159483
8IPL-B-A	Negative	0.990839	0.00916062
8TTD-B-A	Negative	0.91081	0.0891896
8SKV-a-A	Negative	0.988831	0.011169
8YTD-B-A	Positive	0.00704253	0.992957
8YTD-C-A	Positive	0.0481739	0.951826
8DJ6-E-A	Negative	0.869026	0.130974
8AJM-C-B	Negative	0.813913	0.186087
8TEE-C-A	Negative	0.647378	0.352622
8TEE-D-B	Negative	0.753636	0.246364
8QLV-B-A	Positive	0.381652	0.618348
8VPU-B-A	Negative	0.971183	0.0288175
8DTU-B-A	Negative	0.984585	0.0154147
8DTU-C-A	Negative	0.587824	0.412176
8GTX-B-A	Negative	0.934651	0.0653495
8V8E-C-A	Negative	0.910774	0.0892255
8TGF-B-A	Negative	0.974886	0.0251142
8XKE-M-A	Positive	0.160012	0.839988
8FUA-B-A	Negative	0.82734	0.17266
8FUA-C-A	Negative	0.992066	0.00793406
8PP6-K-G	Negative	0.91726	0.0827401
8EHZ-C-A	Negative	0.589275	0.410725
8B8I-I-A	Negative	0.992305	0.00769519
8B8I-K-A	Negative	0.903007	0.0969927
8B8I-L-B	Negative	0.993953	0.00604716
8B8I-O-G	Negative	0.995108	0.00489173
8J64-B-A	Negative	0.970365	0.0296347
8SW6-C-A	Negative	0.977899	0.0221008
8SW6-D-B	Positive	0.454619	0.545381
8H3C-F-B	Negative	0.943459	0.0565413
8QLM-C-A	Negative	0.681202	0.318798
8B1D-C-A	Negative	0.881736	0.118264
8Z06-E-A	Positive	0.48353	0.51647
8I3G-D-A	Negative	0.978882	0.0211177
8I3G-C-B	Negative	0.817477	0.182523
8YR4-D-A	Positive	0.277168	0.722832
8A5Y-G-J	Negative	0.974461	0.0255385
8R6F-e-X	Negative	0.82733	0.17267
8R6F-h-k	Positive	0.493279	0.506721
8BR9-B-A	Negative	0.636692	0.363308
8GIZ-F-B	Negative	0.933241	0.0667586
8DWK-C-A	Negative	0.925757	0.0742426
8DWK-D-A	Negative	0.962199	0.0378009
8C00-g-W	Negative	0.952296	0.0477038
8X2Z-L-M	Positive	0.476515	0.523485
8RN4-E-A	Negative	0.941421	0.0585791
8RN4-D-A	Negative	0.953166	0.046834
8TK7-E-B	Negative	0.844492	0.155508
8CTA-C-A	Negative	0.893313	0.106687
8CTA-G-E	Negative	0.86607	0.13393
8CTA-K-I	Negative	0.962407	0.0375933
8CTA-O-M	Negative	0.853468	0.146532
8I4O-B-A	Negative	0.59537	0.40463
8I4O-D-C	Negative	0.954171	0.0458286
8I4O-L-K	Negative	0.794187	0.205813
8GJS-B-A	Positive	0.0110354	0.988965
8TUS-C-A	Negative	0.961381	0.0386194
8CQY-B-A	Negative	0.982389	0.0176107
8K2X-L-R	Negative	0.580409	0.419591
8VDC-B-A	Negative	0.940907	0.059093
8EI9-C-A	Negative	0.989129	0.0108707
8QSZ-G-A	Negative	0.907035	0.0929649
8QSZ-X-B	Negative	0.888832	0.111168
8URE-B-A	Negative	0.974243	0.0257573
8QTC-C-A	Negative	0.607856	0.392144
8G4Y-B-A	Negative	0.99214	0.0078597
8ZBE-P-A	Negative	0.823598	0.176402
8RIK-T-K	Negative	0.989387	0.0106135
8RIK-t-K	Negative	0.745261	0.254739
8RAJ-B-A	Positive	0.361362	0.638638
8IQM-B-A	Negative	0.902343	0.097657
8CGR-U-K	Positive	0.38423	0.61577
8YDQ-A-B	Negative	0.805844	0.194156
8AQB-C-B	Negative	0.617746	0.382254
8TGP-B-A	Positive	0.27063	0.72937
8DZR-D-C	Negative	0.859025	0.140975
8T19-B-A	Negative	0.888692	0.111308
8WMV-J-A	Positive	0.218076	0.781924
8BED-I-G	Negative	0.710666	0.289334
8BED-W-G	Positive	0.437544	0.562456
8GZE-D-A	Negative	0.901216	0.0987843
8VNV-I-C	Negative	0.668746	0.331254
8T51-E-A	Negative	0.970807	0.0291935
8ODT-F-A	Positive	0.474551	0.525449
8ODT-G-A	Positive	0.490143	0.509857
8TUB-Q-F	Negative	0.963579	0.0364208
8TUB-K-F	Negative	0.963579	0.0364208
8DGN-B-A	Positive	0.199248	0.800752
8K31-A-B	Negative	0.991363	0.00863657
8FZM-B-A	Negative	0.837271	0.162729
8CAS-n-m	Negative	0.896473	0.103527
8V9Q-D-A	Positive	0.197061	0.802939
8V9Q-H-A	Negative	0.750802	0.249198
8V9Q-F-B	Positive	0.263725	0.736275
8Y1Y-B-A	Negative	0.52758	0.47242
8FIQ-B-A	Negative	0.96307	0.0369301
8WQB-K-J	Negative	0.972504	0.0274956
8I0W-4-A	Negative	0.848319	0.151681
8WK4-n-A	Negative	0.732488	0.267512
8WK4-o-A	Negative	0.6217	0.3783
8WK4-s-F	Negative	0.522644	0.477356
8WK4-p-Y	Positive	0.17182	0.82818
8XZF-L-R	Positive	0.435948	0.564052
8RC4-r-b	Negative	0.984065	0.0159352
8ISN-C-A	Positive	0.447541	0.552459
8ESE-X-Z	Negative	0.993215	0.0067851
8HEQ-A-B	Negative	0.891134	0.108866
8BFJ-B-A	Negative	0.755652	0.244348
8F9V-N-C	Negative	0.929322	0.0706779
8ECH-C-E	Positive	0.344076	0.655924
8EI7-C-A	Negative	0.701506	0.298494
8BEL-T-C	Negative	0.678998	0.321002
8RBM-B-A	Negative	0.953748	0.0462517
8RBM-b-C	Negative	0.643725	0.356275
8Q0Q-Y-M	Negative	0.718441	0.281559
8TX8-D-A	Negative	0.979616	0.0203845
8C01-g-W	Negative	0.983752	0.0162478
8A3T-W-K	Negative	0.983671	0.0163294
8A3T-S-A	Negative	0.50777	0.49223
8VWO-B-A	Positive	0.110221	0.889779
8JE2-H-D	Negative	0.988732	0.0112683
8WZ2-L-R	Negative	0.8083	0.1917
8WG8-E-R	Negative	0.992072	0.00792758
8PVX-H-C	Negative	0.97957	0.0204303
8SGH-B-A	Positive	0.150651	0.849349
8HQV-B-A	Positive	0.163828	0.836172
8EFO-F-M	Negative	0.981619	0.018381
8T1L-9-C	Negative	0.996919	0.00308093
8WQA-L-D	Negative	0.99281	0.00719015
8D7M-C-A	Positive	0.115992	0.884008
8WXZ-P-A	Negative	0.690102	0.309898
8P9O-P-A	Negative	0.935358	0.0646419
8TAU-E-I	Negative	0.750321	0.249679
8F5Q-B-A	Negative	0.925293	0.074707
8F5Q-F-E	Negative	0.975028	0.0249724
8ZEE-1-D	Negative	0.859031	0.140969
8A8X-B-A	Negative	0.83211	0.16789
8A8X-D-C	Positive	0.251535	0.748465
8XKC-C-A	Negative	0.624787	0.375213
8QCB-E-B	Negative	0.954803	0.0451972
8CH6-t-w	Negative	0.904175	0.0958251
8X98-D-A	Negative	0.922095	0.0779045
8HQZ-k-A	Negative	0.576449	0.423551
8HQZ-e-L	Positive	0.267502	0.732498
8HQZ-d-Q	Positive	0.374744	0.625256
8HQZ-f-Q	Negative	0.597025	0.402975
8C3C-B-A	Positive	0.364352	0.635648
8TNP-C-B	Negative	0.983825	0.0161751
8PKL-p-d	Positive	0.0481453	0.951855
8BP4-F-B	Negative	0.832589	0.167411
8BP4-E-C	Negative	0.832589	0.167411
8U12-C-D	Negative	0.986614	0.013386
8U12-H-D	Negative	0.986614	0.013386
8U12-A-F	Negative	0.986614	0.013386
8C1Y-B-A	Positive	0.142162	0.857838
8A8Q-C-A	Negative	0.968659	0.0313415
8A8Q-D-A	Negative	0.97723	0.0227701
8Q7I-P-A	Negative	0.992522	0.00747822
8PR2-j-f	Negative	0.845319	0.154681
8SV0-C-B	Negative	0.774049	0.225951
8SV0-E-B	Negative	0.958338	0.0416622
8BWF-a-A	Negative	0.984352	0.0156482
8BWF-i-F	Negative	0.984352	0.0156482
8UA4-R-G	Negative	0.991447	0.00855308
8RTN-I-H	Negative	0.896376	0.103624
8YGL-2-1	Negative	0.965803	0.0341971
8YGL-Z-1	Negative	0.959429	0.0405711
8YGL-a-1	Positive	0.255976	0.744024
8YGL-b-1	Negative	0.951003	0.0489975
8YGL-7-9	Negative	0.534794	0.465206
8AZW-O-G	Negative	0.968683	0.031317
8AZW-X-T	Negative	0.963476	0.0365244
8HDJ-A-B	Negative	0.885675	0.114325
8HDJ-E-F	Negative	0.949004	0.0509965
8RLT-C-A	Negative	0.971274	0.0287259
8J97-V-A	Negative	0.822106	0.177894
8HEX-O-o	Negative	0.770479	0.229521
8F3B-C-A	Negative	0.96669	0.0333101
8UAU-S-A	Positive	0.261775	0.738225
8CVY-E-A	Negative	0.956205	0.0437945
8YSZ-C-A	Negative	0.9805	0.0195004
8YSZ-E-A	Negative	0.887161	0.112839
8YSZ-D-B	Negative	0.735418	0.264582
8EBL-D-A	Negative	0.514523	0.485477
8I5E-P-H	Positive	0.0522297	0.94777
8QCA-E-B	Negative	0.907511	0.0924894
8F88-E-A	Negative	0.969353	0.0306474
8F88-F-B	Negative	0.946863	0.0531367
8F88-G-B	Positive	0.492064	0.507936
8XG2-C-A	Positive	0.346211	0.653789
8PN3-C-A	Positive	0.235421	0.764579
8PN3-D-B	Positive	0.289101	0.710899
8QZZ-C-A	Positive	0.356632	0.643368
8S6O-H-D	Negative	0.6791	0.3209
8XDN-C-A	Negative	0.646448	0.353552
8XDN-D-A	Negative	0.646448	0.353552
8XDN-E-A	Positive	0.284484	0.715516
8XDN-J-A	Negative	0.954212	0.0457876
8J5O-7-0	Negative	0.615632	0.384368
8J5O-9-0	Negative	0.615632	0.384368
8J5O-1-2	Negative	0.855243	0.144757
8J5O-X-C	Negative	0.781535	0.218465
8J5O-J-I	Negative	0.615632	0.384368
8UFB-U-A	Negative	0.959311	0.0406891
8YCX-U-A	Negative	0.920952	0.0790479
8S31-C-A	Negative	0.987647	0.012353
8S31-D-B	Negative	0.975057	0.0249432
8CZ9-C-A	Negative	0.974561	0.0254393
8WXX-D-A	Negative	0.847857	0.152143
8FA7-P-H	Negative	0.563057	0.436943
8K8E-G-A	Positive	0.33244	0.66756
8OKF-B-A	Negative	0.956045	0.0439546
8ZJD-L-R	Positive	0.477265	0.522735
8WQI-G-D	Positive	0.231906	0.768094
8ETI-T-C	Negative	0.987683	0.0123173
8X8L-C-R	Positive	0.0836145	0.916385
8Q1Q-D-A	Negative	0.725833	0.274167
8BV1-N-A	Negative	0.880182	0.119818
8HIB-D-V	Negative	0.806775	0.193225
8DP5-E-C	Negative	0.915299	0.0847007
8TET-A-E	Negative	0.971815	0.0281848
8CJ2-E-A	Positive	0.461097	0.538903
8CJ2-F-A	Positive	0.461097	0.538903
8CJ2-H-D	Negative	0.979545	0.0204549
8PHE-C-A	Negative	0.978896	0.0211035
8IBF-D-K	Negative	0.953284	0.0467159
8D7Z-C-B	Negative	0.997425	0.00257513
8T2N-B-A	Negative	0.971008	0.0289915
8T2N-D-C	Negative	0.986817	0.0131834
8Y74-C-A	Positive	0.0410169	0.958983
8GAK-B-A	Negative	0.983412	0.0165879
8VD2-C-A	Negative	0.841176	0.158824
8UTC-E-A	Negative	0.811294	0.188706
8PHR-G-A	Negative	0.938445	0.0615554
8PHR-I-A	Negative	0.974331	0.0256692
8TAH-H-A	Negative	0.866549	0.133451
8QSD-H-A	Negative	0.861483	0.138517
8DCK-C-A	Negative	0.799755	0.200245
8RG0-M-O	Negative	0.946941	0.0530592
8CVX-E-A	Negative	0.983459	0.0165408
8RGH-E-A	Negative	0.980492	0.0195084
8RGH-D-C	Negative	0.731265	0.268735
8EJR-C-B	Positive	0.190256	0.809744
8SW5-C-A	Negative	0.988759	0.0112415
8SW5-D-B	Negative	0.663637	0.336363
8ESQ-x-3	Positive	0.291989	0.708011
8ESQ-T-C	Negative	0.914649	0.0853513
8ESQ-s-O	Negative	0.898168	0.101832
8ESQ-8-X	Negative	0.972898	0.0271022
8HSV-E-A	Negative	0.829371	0.170629
8HSV-F-B	Negative	0.975646	0.024354
8ADM-P-A	Negative	0.803239	0.196761
8GCH-C-F	Positive	0.284458	0.715542
8HJU-V-L	Negative	0.556677	0.443323
8HJU-Y-L	Negative	0.625681	0.374319
8HJU-Z-L	Negative	0.606651	0.393349
8EIA-C-A	Positive	0.139661	0.860339
8CHE-C-H	Negative	0.592368	0.407632
8B17-C-A	Positive	0.240386	0.759614
8IB1-C-A	Negative	0.694389	0.305611
8R3L-G-A	Positive	0.0864184	0.913582
8TOQ-E-A	Positive	0.0320577	0.967942
8H0P-L-R	Negative	0.802136	0.197864
8JBK-G-A	Negative	0.703221	0.296779
8XZH-L-R	Positive	0.440879	0.559121
8ETH-V-u	Negative	0.803436	0.196564
8IA5-B-A	Negative	0.634121	0.365879
8QTF-K-A	Positive	0.0969563	0.903044
8QTF-L-B	Positive	0.0969563	0.903044
8Q7R-F-H	Positive	0.212667	0.787333
8ON9-D-A	Negative	0.907521	0.0924791
8A5D-X-G	Negative	0.623688	0.376312
8EI4-B-A	Negative	0.966384	0.0336162
8UFI-C-A	Negative	0.98072	0.0192803
8UFI-D-A	Negative	0.973699	0.0263007
8XS1-A-H	Positive	0.02598	0.97402
8JKB-A-B	Negative	0.972376	0.0276238
8JKB-H-B	Negative	0.95166	0.0483401
8JJ9-C-A	Negative	0.83958	0.16042
8JJ9-D-B	Negative	0.922883	0.0771172
8HAF-P-R	Negative	0.97395	0.0260502
8EXK-B-A	Negative	0.77581	0.22419
8IR4-C-A	Negative	0.997952	0.00204837
8U8D-D-A	Positive	0.22397	0.77603
8U8D-C-B	Negative	0.939774	0.0602258
8C1N-C-A	Negative	0.893656	0.106344
8J6D-D-C	Negative	0.596016	0.403984
8JIU-P-R	Negative	0.981299	0.0187008
8B9P-C-A	Negative	0.866722	0.133278
8TQ1-H-A	Negative	0.536902	0.463098
9GBI-J-2	Negative	0.992535	0.00746467
9GBI-N-2	Negative	0.922321	0.0776789
9C8G-D-A	Positive	0.406142	0.593858
9F45-G-E	Positive	0.4892	0.5108
9O52-I-A	Negative	0.960273	0.0397272
9BUX-B-A	Negative	0.954238	0.0457618
9BLC-P-R	Negative	0.876144	0.123856
9AT8-E-F	Negative	0.945842	0.0541577
9D89-T-H	Negative	0.99172	0.0082801
9D89-h-w	Negative	0.631059	0.368941
9N82-G-A	Negative	0.897806	0.102194
9KGN-D-B	Negative	0.838315	0.161685
9BS0-Z-W	Negative	0.906504	0.0934959
9LKT-V-A	Negative	0.659231	0.340769
9E7R-G-B	Negative	0.943841	0.0561594
9E6L-H-C	Negative	0.913151	0.0868491
9BX5-P-H	Positive	0.0962319	0.903768
9K0X-G-B	Negative	0.898998	0.101002
9J20-D-B	Positive	0.348578	0.651422
9BAQ-D-A	Negative	0.93876	0.0612397
9BAQ-F-A	Positive	0.261146	0.738854
9FXA-B-C	Negative	0.932956	0.0670441
9J8A-P-H	Negative	0.953071	0.0469295
9CFT-B-A	Negative	0.953212	0.0467875
9CDW-E-A	Positive	0.307207	0.692793
9HBY-E-D	Negative	0.547847	0.452153
9D0A-G-B	Negative	0.833443	0.166557
9CKC-C-A	Negative	0.546717	0.453283
9CKC-E-A	Negative	0.542538	0.457462
9CKC-D-B	Negative	0.908616	0.091384
9CKC-F-B	Negative	0.607816	0.392184
9DZQ-E-A	Positive	0.200348	0.799652
9E9C-2-U	Negative	0.937454	0.0625462
9E9C-m-e	Negative	0.858738	0.141262
9E9C-4-r	Negative	0.919749	0.0802508
9DXU-B-A	Positive	0.131247	0.868753
9BT6-a-A	Positive	0.346224	0.653776
9BT6-g-C	Positive	0.346224	0.653776
9IVQ-L-A	Positive	0.454165	0.545835
9IVQ-U-A	Positive	0.312417	0.687583
9K27-F-A	Negative	0.673279	0.326721
9LU9-F-A	Positive	0.324099	0.675901
9LU9-G-A	Negative	0.549071	0.450929
9EYS-J-A	Negative	0.90753	0.0924698
9EYS-Y-A	Negative	0.96203	0.0379704
9IP4-E-A	Negative	0.940649	0.0593507
9IP4-D-B	Negative	0.917748	0.0822516
9LK5-F-A	Negative	0.829732	0.170268
9LK5-I-A	Negative	0.617896	0.382104
9LK5-J-A	Negative	0.692877	0.307123
9LK5-L-A	Negative	0.980747	0.0192531
9LK5-M-B	Negative	0.966252	0.0337484
9LK5-U-B	Negative	0.97426	0.0257401
9LK5-X-D	Negative	0.559087	0.440913
9BVL-P-A	Positive	0.34389	0.65611
9FAQ-H-C	Negative	0.935171	0.0648289
9CLG-B-A	Negative	0.964958	0.0350416
9CLG-C-A	Negative	0.994833	0.00516741
9QG8-K-A	Negative	0.949438	0.0505619
9FIX-A-M	Positive	0.474696	0.525304
9B8O-L-H	Negative	0.9343	0.0657004
9AS2-D-C	Negative	0.668732	0.331268
9CS0-C-A	Positive	0.00210875	0.997891
9GXE-D-A	Negative	0.529246	0.470754
9BTN-L-A	Positive	0.00874144	0.991259
9BXC-C-A	Negative	0.58481	0.41519
9EGN-A-B	Negative	0.932943	0.0670567
9DDM-Y-A	Negative	0.731	0.269
9DDM-F-B	Negative	0.896041	0.103959
9DDM-Z-B	Negative	0.750846	0.249154
9DDM-G-D	Negative	0.896778	0.103222
9FP0-F-D	Positive	0.169542	0.830458
9FP0-V-E	Negative	0.930292	0.0697078
9FP0-S-E	Negative	0.606907	0.393093
9FP0-B-A	Negative	0.570574	0.429426
9C6B-D-B	Negative	0.889511	0.110489
9GQZ-A-B	Negative	0.966416	0.0335841
9GQZ-F-C	Negative	0.979331	0.0206691
9M8M-S-C	Positive	0.0496294	0.950371
9M8M-U-C	Positive	0.0496294	0.950371
9M8M-K-L	Positive	0.0496294	0.950371
9M8M-Y-L	Positive	0.0334768	0.966523
9M8M-2-H	Negative	0.811295	0.188705
9FVG-P-A	Negative	0.873623	0.126377
9JFY-L-R	Negative	0.962038	0.0379623
9BXU-J-D	Negative	0.914063	0.0859368
9BXU-U-T	Negative	0.604101	0.395899
9GFM-H-O	Negative	0.771623	0.228377
9H9Q-E-C	Negative	0.992168	0.00783179
9H9Q-F-C	Negative	0.960008	0.039992
9ASM-C-A	Negative	0.992869	0.0071306
9CMW-C-D	Negative	0.899007	0.100993
9CXI-C-A	Negative	0.996451	0.00354889
9CXI-D-A	Negative	0.994135	0.00586545
9HZ5-C-B	Negative	0.728845	0.271155
9BVK-P-A	Negative	0.987144	0.0128558
9FL8-F-B	Negative	0.860728	0.139272
9FL8-G-C	Negative	0.860728	0.139272
9C4S-B-A	Negative	0.873025	0.126975
9R8R-B-A	Negative	0.865318	0.134682
9KNT-B-A	Negative	0.954169	0.0458311
9KNT-D-A	Negative	0.934238	0.0657623
9DDO-Y-A	Negative	0.746248	0.253752
9DDO-Z-B	Negative	0.890462	0.109538
9DDO-F-C	Negative	0.900224	0.0997761
9KDF-A-R	Negative	0.673299	0.326701
9C0K-P-R	Negative	0.972917	0.0270831
9IVG-P-R	Negative	0.987811	0.0121891
9RU5-P-A	Positive	0.179984	0.820016
9ARR-C-A	Negative	0.984507	0.0154933
9J1K-J-K	Positive	0.250967	0.749033
9J1K-M-L	Negative	0.793125	0.206875
9IVD-E-B	Negative	0.760483	0.239517
9GJW-F-B	Negative	0.96049	0.0395097
9LZW-D-A	Negative	0.991384	0.00861645
9LZW-F-C	Negative	0.596533	0.403467
9LZW-J-G	Negative	0.983413	0.0165866
9ME8-B-A	Negative	0.688857	0.311143
9CPN-H-A	Negative	0.99008	0.00991997
9HE1-G-A	Positive	0.0535618	0.946438
9M2F-L-R	Positive	0.48076	0.51924
9I6A-B-A	Positive	0.466623	0.533377
9NEI-G-A	Negative	0.609997	0.390003
9FS8-Y-3	Negative	0.626436	0.373565
9FS8-e-D	Negative	0.972962	0.0270381
9GAS-B-A	Negative	0.922449	0.077551
9E2Y-X-4	Negative	0.982676	0.0173237
9MXC-E-A	Negative	0.843593	0.156407
9J6K-B-A	Negative	0.785387	0.214613
9CFC-V-0	Positive	0.0779125	0.922087
9FNN-V-A	Negative	0.941813	0.0581869
9FNN-Z-A	Positive	0.411587	0.588413
9KPY-H-A	Positive	0.312741	0.687259
9DBY-M-G	Negative	0.987286	0.0127143
9DCY-B-A	Negative	0.98466	0.0153397
9IM6-B-A	Negative	0.965375	0.0346246
9FIY-A-M	Positive	0.0539806	0.946019
9FJC-4-1	Negative	0.8479	0.1521
9IJX-B-A	Negative	0.853423	0.146577
9IJX-D-C	Negative	0.901898	0.098102
9IJX-F-C	Negative	0.858195	0.141805
9DDP-Y-A	Negative	0.617805	0.382195
9DDP-Z-B	Negative	0.898606	0.101394
9DDP-F-E	Negative	0.52259	0.47741
9FVI-P-A	Negative	0.823492	0.176509
9D34-C-A	Negative	0.961111	0.0388888
9H1Y-C-A	Negative	0.601968	0.398032
9MGZ-J-7	Negative	0.989722	0.0102776
9F1I-P-H	Negative	0.926006	0.0739938
9F1I-Q-I	Negative	0.919986	0.0800141
9GMZ-H-A	Positive	0.459108	0.540892
9OLQ-C-A	Negative	0.974857	0.025143
9OLQ-F-B	Negative	0.98135	0.0186503
9OLQ-I-G	Negative	0.986664	0.0133358
9OLQ-L-G	Negative	0.954971	0.0450293
9OLQ-O-M	Negative	0.988006	0.0119937
9ITV-X-H	Negative	0.763205	0.236795
9ITV-U-T	Negative	0.646815	0.353185
9ITV-V-Z	Negative	0.760114	0.239886
9ITV-Y-Z	Negative	0.707606	0.292394
9I5R-B-A	Negative	0.983607	0.0163934
9ILR-B-A	Negative	0.798452	0.201548
9H91-9-E	Negative	0.767025	0.232975
9H91-4-G	Negative	0.778711	0.221289
9H91-H-X	Negative	0.882386	0.117614
9DNP-C-A	Negative	0.762113	0.237887
9KQP-J-A	Negative	0.99414	0.00585962
9KQP-M-B	Negative	0.958591	0.0414088
9K49-F-A	Negative	0.784441	0.215559
9K49-G-A	Negative	0.91797	0.0820296
9K49-H-A	Negative	0.906894	0.0931059
9GFC-E-A	Positive	0.488904	0.511096
9GFC-F-B	Positive	0.488904	0.511096
9GFC-G-C	Negative	0.815534	0.184466
9LDS-B-A	Negative	0.979154	0.0208462
9F5Y-v-V	Negative	0.850088	0.149912
9MUW-B-A	Negative	0.914606	0.0853944
9MUW-F-A	Negative	0.985164	0.014836
9MUW-D-C	Negative	0.913539	0.0864609
9MUW-E-C	Negative	0.940375	0.0596245
9IKI-Z-N	Negative	0.963418	0.036582
9CWN-B-A	Negative	0.984062	0.0159379
9L9P-B-S	Negative	0.982514	0.0174861
9AU7-D-A	Negative	0.919365	0.0806352
9H3D-B-D	Negative	0.857735	0.142265
9H3D-C-D	Negative	0.933454	0.0665456
9H3D-A-E	Negative	0.918598	0.081402
9H3D-H-J	Positive	0.342649	0.657351
9H3D-I-J	Negative	0.920186	0.0798145
9H3D-G-K	Negative	0.514012	0.485988
9DEN-D-B	Positive	0.131643	0.868357
9DEN-C-A	Positive	0.216823	0.783177
9G8H-Q-A	Positive	0.262514	0.737486
9QNI-P-A	Negative	0.652591	0.347409
9CDU-B-A	Negative	0.96472	0.0352804
9F5W-M-G	Negative	0.95522	0.0447802
9DNQ-C-A	Negative	0.602363	0.397637
9CC6-B-A	Negative	0.933321	0.0666794
9J7B-G-A	Negative	0.66485	0.33515
9CQ4-A-K	Negative	0.971265	0.0287353
9CQ4-B-K	Negative	0.938503	0.0614965
9CQ4-Y-K	Negative	0.833913	0.166087
9CQ4-Z-K	Negative	0.856758	0.143242
9HDH-C-A	Negative	0.879515	0.120485
9H8T-h-A	Negative	0.561921	0.438079
9HIU-C-A	Negative	0.987153	0.0128466
9E03-B-A	Positive	0.461494	0.538506
9F3F-3-1	Positive	0.352654	0.647346
9BPB-J-A	Negative	0.872452	0.127548
9BPB-i-a	Negative	0.933873	0.0661274
9BPB-l-a	Negative	0.80552	0.19448
9JF5-E-A	Negative	0.904305	0.0956948
9JF5-F-A	Negative	0.946138	0.0538619
9JF5-H-A	Negative	0.946138	0.0538619
9JF5-G-C	Negative	0.904305	0.0956948
9CKU-H-G	Negative	0.964661	0.0353385
9IWK-B-A	Positive	0.450601	0.549399
9IWK-D-C	Negative	0.635401	0.364599
9G13-B-A	Negative	0.958234	0.041766
9G13-H-E	Negative	0.980256	0.0197443
9D95-C-A	Negative	0.714911	0.285089
9J0A-C-A	Negative	0.987991	0.0120086
9BYK-J-A	Negative	0.845476	0.154524
9BYK-I-G	Negative	0.505792	0.494208
9BYK-8-M	Negative	0.963764	0.036236
9BYK-i-M	Positive	0.116587	0.883413
9BYK-T-b	Negative	0.981767	0.0182326
9BYK-e-b	Negative	0.778856	0.221144
9J1P-P-R	Negative	0.819674	0.180326
9E04-B-A	Negative	0.750031	0.249968
9E04-G-A	Negative	0.519447	0.480553
9IOL-M-A	Negative	0.972867	0.0271328
9DWZ-B-A	Negative	0.829596	0.170404
9C57-H-E	Negative	0.533657	0.466343
9D4Z-G-B	Positive	0.400941	0.599059
9NKI-e-V	Negative	0.960123	0.0398766
9GD3-T-C	Negative	0.922197	0.0778025
9BBC-X-A	Negative	0.726596	0.273404
9BBC-Y-A	Negative	0.886912	0.113088
9B45-a-d	Negative	0.931629	0.068371
9C7X-C-A	Negative	0.906591	0.0934092
9MU2-F-E	Negative	0.64352	0.35648
9MU2-M-P	Negative	0.981354	0.0186459
9MU2-N-P	Negative	0.985424	0.0145756
9DHK-C-A	Positive	0.47895	0.52105
9IVM-P-R	Negative	0.849291	0.150709
9HN4-A-B	Negative	0.843982	0.156018
9DI4-C-A	Negative	0.592901	0.407099
9CK0-B-A	Negative	0.934614	0.0653862
9BCT-P-B	Negative	0.719352	0.280648
9HJ1-C-A	Negative	0.974023	0.025977
9CLF-B-A	Negative	0.944252	0.0557475
9CLF-C-A	Negative	0.987491	0.0125094
9ISZ-E-A	Negative	0.972205	0.0277955
9ISZ-F-B	Negative	0.990954	0.00904595
9BRR-p-b	Negative	0.709321	0.290679
9CDT-B-A	Negative	0.896863	0.103137
9DEL-C-A	Positive	0.00828063	0.991719
9GGP-B-A	Negative	0.808744	0.191256
9FD2-c-b	Negative	0.880914	0.119086
9QA1-B-A	Positive	0.240991	0.759009
9ITX-Y-Z	Negative	0.722911	0.277089
9ITX-V-Z	Negative	0.763205	0.236795
9ITX-X-T	Negative	0.885088	0.114912
9ITX-U-T	Negative	0.673007	0.326993
9E6N-G-A	Negative	0.932956	0.0670436
9E6N-I-C	Negative	0.968445	0.0315554
9DSO-C-B	Positive	0.440824	0.559176
9DEO-D-A	Negative	0.764361	0.235639
9B85-q-A	Negative	0.985372	0.0146282
9B85-p-B	Negative	0.899248	0.100752
9CI8-b-d	Negative	0.833344	0.166656
9CI8-n-d	Negative	0.958461	0.0415394
9EZN-B-A	Negative	0.729686	0.270314
9QA4-B-A	Positive	0.154019	0.845981
9KC5-J-A	Negative	0.983701	0.0162988
9KC5-M-B	Negative	0.979684	0.0203164
9KND-B-A	Negative	0.984113	0.0158869
9MZH-B-E	Negative	0.946636	0.0533641
9MZH-C-E	Negative	0.835865	0.164135
9MZH-D-E	Negative	0.874613	0.125387
9F82-B-A	Positive	0.11539	0.88461
9QNJ-P-A	Negative	0.657352	0.342648
9H1P-B-A	Negative	0.913052	0.086948
9AZ6-I-A	Negative	0.823034	0.176966
9AZ6-G-B	Negative	0.809329	0.190671
9EOU-P-A	Negative	0.985096	0.0149036
9BLT-D-A	Positive	0.186568	0.813432
9LUB-F-A	Positive	0.379937	0.620063
9LUB-G-A	Positive	0.362016	0.637984
9IJM-A-C	Negative	0.539157	0.460843
9FGQ-L-C	Negative	0.946102	0.0538983
9QWZ-D-B	Negative	0.926651	0.0733493
9B3J-I-3	Negative	0.917573	0.0824274
9B3J-Q-K	Positive	0.0415238	0.958476
9KR6-C-A	Positive	0.137034	0.862966
9GG8-P-A	Negative	0.92261	0.0773903
9QWO-E-A	Negative	0.97986	0.0201401
9QWO-G-A	Negative	0.872733	0.127268
9QWO-F-C	Negative	0.968424	0.0315761
9GAG-B-A	Negative	0.976667	0.023333
9NK9-B-A	Negative	0.569163	0.430837
9CNU-B-A	Positive	0.264826	0.735174
9ASF-C-A	Positive	0.179661	0.820339
9G05-C-A	Negative	0.681284	0.318716
9CKN-E-A	Negative	0.633131	0.366869
9E8N-e-Y	Negative	0.921989	0.0780113
9G4A-B-A	Negative	0.984459	0.015541
9FVL-E-A	Negative	0.764019	0.235981
9CMT-C-A	Negative	0.772272	0.227728
9ETM-G-A	Negative	0.847957	0.152043
9ETM-I-A	Negative	0.848497	0.151503
9ETM-E-A	Negative	0.923048	0.0769515
9ETM-C-A	Negative	0.98935	0.01065
9MH0-I-2	Negative	0.971614	0.0283863
9IS4-t-1	Positive	0.0209747	0.979025
9IS4-L-A	Negative	0.971112	0.0288881
9IS4-V-C	Negative	0.574495	0.425505
9IS4-X-D	Negative	0.934698	0.0653025
9I68-B-A	Positive	0.209565	0.790435
9NEC-G-A	Positive	0.247303	0.752697
9NEC-H-B	Negative	0.976132	0.0238681
9F58-P-S	Negative	0.934608	0.0653918
9CH0-D-A	Negative	0.557834	0.442166
9KFI-B-C	Negative	0.630449	0.369551
9KFI-A-C	Negative	0.979753	0.0202472
9G43-Q-A	Positive	0.374217	0.625783
9G3Z-w-M	Negative	0.995045	0.00495451
9G3Z-x-M	Negative	0.979415	0.0205854
9ILT-I-A	Positive	0.0450024	0.954998
9CYY-A-B	Negative	0.935405	0.0645951
9CYY-D-B	Negative	0.93983	0.0601696
9HGG-B-A	Negative	0.617539	0.382461
9DNY-D-C	Negative	0.876295	0.123705
9J2F-J-H	Negative	0.893054	0.106946
9J2F-G-A	Negative	0.982428	0.0175724
9J2F-F-B	Negative	0.815999	0.184001
9J2F-2-X	Negative	0.815999	0.184001
9D82-P-A	Negative	0.922707	0.0772933
9D82-M-E	Negative	0.75742	0.24258
9D82-J-F	Negative	0.920982	0.0790175
9HCG-z-L	Positive	0.267819	0.732181
9EIJ-L-F	Negative	0.877284	0.122716
9EIJ-P-I	Negative	0.802908	0.197092
9AX9-C-A	Negative	0.801642	0.198358
9GF9-G-A	Negative	0.966977	0.0330235
9GF9-I-A	Negative	0.966977	0.0330235
9GF9-L-D	Negative	0.7995	0.2005
9C4V-B-A	Positive	0.121869	0.878131
9GG7-P-A	Negative	0.940697	0.0593034
9GC0-E-j	Negative	0.901165	0.0988348
9EJG-C-A	Negative	0.99435	0.00564978
9HGD-B-A	Negative	0.944999	0.0550008
9ITO-V-P	Negative	0.692575	0.307425
9BAN-C-B	Positive	0.136286	0.863714
9ES9-F-C	Positive	0.396506	0.603494
9BWD-R-B	Negative	0.890966	0.109034
9BWD-f-U	Negative	0.948242	0.0517583
9G0A-X-Z	Negative	0.561735	0.438265
9IMP-G-A	Negative	0.959797	0.0402032
9IMP-H-B	Negative	0.769597	0.230403
9IMP-I-C	Negative	0.856994	0.143006
9IMP-L-F	Negative	0.857611	0.142389
9CLE-B-A	Negative	0.962498	0.0375024
9CLE-C-A	Negative	0.996733	0.00326742
9BYH-C-A	Negative	0.776273	0.223727
9F0O-L-C	Negative	0.644254	0.355746
9AVT-C-A	Negative	0.987292	0.0127075
9E07-F-A	Negative	0.97294	0.0270595
9FNO-C-D	Negative	0.889762	0.110238
9EZ4-C-A	Negative	0.849018	0.150982
9B0B-G-A	Negative	0.979256	0.0207436
9HLJ-C-D	Negative	0.639494	0.360506
9JYY-a-M	Positive	0.0558113	0.944189
9JYY-b-M	Positive	0.189108	0.810892
9HN0-A-B	Negative	0.944	0.0559998
9QEH-1-3	Negative	0.955421	0.0445792
9QEH-Z-L	Negative	0.99318	0.00682007
9EJH-C-A	Negative	0.804818	0.195182
9MVY-P-A	Negative	0.969371	0.0306287
9MVY-G-D	Negative	0.990338	0.00966166
9D3K-L-C	Negative	0.971854	0.0281457
9D3K-K-G	Negative	0.848416	0.151584
9KQQ-J-A	Positive	0.490464	0.509536
9KQQ-G-B	Negative	0.533332	0.466668
9KQQ-M-B	Negative	0.958591	0.0414088
9U4W-F-R	Negative	0.738764	0.261236
9CXG-C-A	Negative	0.993433	0.00656735
9CXG-D-A	Negative	0.994716	0.00528369
9QM9-D-A	Negative	0.691329	0.308671
9BW1-y-M	Negative	0.590025	0.409975
9BW1-a-T	Negative	0.524045	0.475955
9N7Y-E-A	Negative	0.896734	0.103266
9BX7-P-H	Negative	0.65037	0.34963
9L49-C-A	Positive	0.223189	0.776811
9EG6-C-B	Negative	0.89611	0.10389
9EG6-E-D	Negative	0.830662	0.169338
9PAI-B-A	Negative	0.908684	0.0913157
9G0B-D-A	Negative	0.813092	0.186908
9EPR-G-B	Negative	0.969345	0.0306554
9ISK-I-G	Negative	0.943973	0.0560269
9DD1-B-A	Negative	0.895315	0.104685
9ES7-G-A	Positive	0.407135	0.592865
9KQB-F-A	Negative	0.609859	0.390141
9KQB-I-A	Negative	0.529421	0.470579
9KQB-L-A	Negative	0.942939	0.0570614
9KQB-T-A	Negative	0.866251	0.133749
9KQB-W-A	Positive	0.318703	0.681297
9KQB-N-B	Positive	0.489481	0.510519
9KQB-f-a	Negative	0.609859	0.390141
9KQB-w-a	Positive	0.318703	0.681297
9KQB-n-b	Positive	0.489481	0.510519
9KQB-K-C	Negative	0.750903	0.249097
9J64-J-A	Negative	0.938397	0.061603
9D9S-D-A	Negative	0.914563	0.0854372
9C7D-B-H	Negative	0.69447	0.30553
9E02-F-E	Negative	0.951119	0.0488808
9EYA-C-A	Negative	0.989468	0.0105321
9DG3-M-G	Negative	0.723994	0.276006
9GFE-B-A	Negative	0.934899	0.0651007
9JER-F-A	Negative	0.904305	0.0956948
9CQB-D-A	Negative	0.752423	0.247577
9E5E-B-A	Negative	0.991898	0.0081023
9GCX-I-A	Negative	0.536441	0.463559
9GCX-K-A	Negative	0.698932	0.301068
9UL1-C-A	Positive	0.350234	0.649766
9ED0-h-C	Negative	0.952297	0.0477027
9BI6-G-B	Negative	0.803045	0.196955
9OJR-H-A	Negative	0.96499	0.0350098
9E8L-e-V	Negative	0.880337	0.119663
9BUI-e-V	Negative	0.964713	0.0352866
9VD9-m-B	Positive	0.174743	0.825257
9VD9-n-B	Positive	0.331938	0.668062
9VD9-p-D	Positive	0.232396	0.767604
9VD9-o-Q	Positive	0.0689774	0.931023
9LZL-D-A	Negative	0.983329	0.0166707
9LZL-E-B	Negative	0.999053	0.000946777
9I8G-Q-U	Negative	0.990751	0.00924931
9K2V-O-V	Negative	0.75056	0.24944
9ITQ-X-T	Negative	0.550902	0.449098
9ITQ-U-T	Negative	0.733387	0.266613
9ITQ-Y-Z	Negative	0.66983	0.33017
9ITQ-V-Z	Negative	0.763205	0.236795
9DZN-C-A	Negative	0.946469	0.0535308
9J5S-C-A	Positive	0.0235194	0.976481
9J5S-D-B	Negative	0.668562	0.331438
9KNF-C-A	Negative	0.986321	0.013679
9IRC-B-A	Positive	0.0480022	0.951998
9J0O-X-A	Negative	0.932393	0.0676065
9O91-B-A	Negative	0.997824	0.00217574
9LGU-B-A	Negative	0.888563	0.111437
9LGU-H-A	Negative	0.926569	0.0734305
9LGU-M-A	Negative	0.888563	0.111437
9KNC-C-A	Negative	0.99025	0.00975022
9JAO-K-C	Negative	0.97176	0.0282404
9QAJ-K-C	Negative	0.96121	0.0387897
9QAJ-N-C	Negative	0.8765	0.1235
9IXU-E-A	Negative	0.907535	0.0924651
9IXU-F-A	Negative	0.934417	0.0655828
9LXG-B-A	Negative	0.926399	0.0736009
9QNH-P-A	Positive	0.394779	0.605221
9DDE-M-G	Negative	0.991107	0.00889323
9J7I-B-A	Positive	0.22082	0.77918
9VM1-D-C	Negative	0.963407	0.0365933
9CNX-G-A	Negative	0.906324	0.0936764
9IWM-B-A	Negative	0.996248	0.00375197
9DJT-F-D	Negative	0.981211	0.0187893
9EH5-J-A	Positive	0.0891116	0.910888
9EH5-Y-C	Negative	0.603007	0.396993
9CQD-T-B	Negative	0.588171	0.411829
9CQD-A-G	Negative	0.559263	0.440737
9CQD-j-I	Negative	0.745387	0.254613
9CQD-M-J	Negative	0.680355	0.319645
9CQD-N-Q	Negative	0.743548	0.256452
9EJI-C-A	Negative	0.97714	0.0228599
9OUW-H-D	Negative	0.742665	0.257335
9UGP-B-A	Negative	0.916581	0.083419
9VXG-B-A	Negative	0.925252	0.0747475
9CB3-C-A	Negative	0.652309	0.347691
9HBV-E-D	Negative	0.696329	0.303671
9LKX-K-J	Negative	0.949504	0.0504957
9IOX-T-A	Positive	0.0201323	0.979868
9IOX-M-B	Negative	0.869002	0.130998
9IOX-V-C	Negative	0.532539	0.467461
9IOX-f-a	Positive	0.420576	0.579424
9BKD-U-L	Negative	0.925956	0.0740436
9B9Q-F-A	Negative	0.906481	0.0935193
9GAP-B-A	Negative	0.985008	0.0149918
9QLM-B-A	Positive	0.0344976	0.965502
9MIY-b-A	Negative	0.977098	0.0229023
9EAF-C-A	Negative	0.817107	0.182893
9EAF-D-A	Negative	0.797759	0.202241
9FQL-C-A	Positive	0.190038	0.809962
9FQL-G-E	Positive	0.190038	0.809962
9FQL-H-E	Positive	0.309149	0.690851
9C59-Y-M	Negative	0.985564	0.0144358
9I7T-G-C	Negative	0.62342	0.37658
9I7T-E-A	Negative	0.894319	0.105682
9C3E-X-A	Negative	0.655247	0.344753
9G6V-A-1	Negative	0.965923	0.0340772
9J78-E-B	Positive	0.0289015	0.971098
9J78-I-J	Positive	0.0541015	0.945898
9JU1-C-A	Negative	0.875702	0.124298
9DNZ-D-C	Negative	0.900086	0.0999137
9RGB-A-D	Negative	0.941935	0.0580651
9FH9-L-C	Negative	0.691993	0.308007
9QX0-C-A	Negative	0.905083	0.0949166
9FXV-B-A	Negative	0.6696	0.3304
9GAV-G-B	Negative	0.978881	0.0211193
9NZH-B-A	Positive	0.395321	0.604679
9E3B-N-A	Negative	0.828933	0.171067
9GC2-N-A	Negative	0.922331	0.077669
9B2U-E-K	Negative	0.610954	0.389046
9B40-G-A	Negative	0.8206	0.1794
9FM5-D-A	Positive	0.138567	0.861433
9GR0-F-B	Negative	0.974468	0.0255325
9EB6-C-A	Negative	0.87543	0.12457
9GE3-G-B	Positive	0.479992	0.520008
9QNG-B-A	Negative	0.684961	0.315039
9ILD-B-A	Negative	0.559953	0.440047
9GF6-H-O	Negative	0.516072	0.483928
9FP2-V-E	Negative	0.738139	0.261861
9G8R-E-B	Negative	0.844136	0.155864
9FVH-P-A	Negative	0.929217	0.0707826
9CDZ-B-A	Negative	0.806215	0.193785
9MU9-L-B	Negative	0.802818	0.197182
9D3L-L-C	Negative	0.946687	0.0533128
9AST-L-R	Negative	0.877043	0.122957
9BNS-C-H	Positive	0.179685	0.820315
9BNS-D-H	Positive	0.197095	0.802905
9CWT-K-A	Negative	0.951523	0.0484768
9FVN-P-A	Negative	0.922819	0.0771808
9BJZ-C-A	Negative	0.990059	0.00994134
9FZA-D-A	Negative	0.944643	0.0553567
9JNI-B-A	Positive	0.0527265	0.947273
9FUM-F-A	Negative	0.733706	0.266294
9FUM-E-B	Negative	0.512892	0.487108
9C96-D-A	Negative	0.884857	0.115143
9G40-X-F	Negative	0.952458	0.0475416
9G40-u-F	Negative	0.995359	0.00464139
9N49-F-G	Negative	0.959652	0.0403483
9F6S-B-A	Negative	0.979956	0.0200444
9IMN-F-A	Positive	0.420576	0.579424
9IMN-V-C	Negative	0.532539	0.467461
9C1C-D-B	Negative	0.704643	0.295357
9JJ7-C-A	Negative	0.93807	0.0619295
9CYM-P-A	Negative	0.984663	0.0153372
9GFA-P-A	Negative	0.822598	0.177402
9HFW-B-A	Negative	0.804571	0.195429
9UGC-B-A	Negative	0.987873	0.0121272
9ESI-n-m	Negative	0.929795	0.0702051
9MNW-F-D	Negative	0.976291	0.0237088
9KN3-C-A	Negative	0.934568	0.0654319
9K3Q-E-H	Positive	0.106681	0.893319
9ERV-B-A	Negative	0.938017	0.0619826
9HM9-F-C	Positive	0.0845737	0.915426
9OJ3-B-A	Positive	0.281062	0.718938
9QA3-B-A	Positive	0.161925	0.838075
9DY8-C-A	Negative	0.969516	0.0304844
9ILS-B-A	Negative	0.7231	0.2769
9JO6-B-A	Negative	0.973197	0.0268034
9GMC-B-A	Negative	0.951953	0.0480475
9GMC-D-A	Negative	0.958912	0.0410877
9L4A-C-A	Negative	0.968801	0.0311985
9KNG-C-A	Negative	0.95381	0.0461904
9DJ8-G-A	Negative	0.861622	0.138378
9FE6-E-B	Positive	0.461236	0.538764
9OP5-A-a	Positive	0.0827063	0.917294
9F6H-L-B	Positive	0.293509	0.706491
9CGC-Y-R	Negative	0.960943	0.0390567
9FCM-D-A	Negative	0.982594	0.0174061
9FCM-E-A	Negative	0.982381	0.0176188
9FCM-F-B	Negative	0.985446	0.0145542
9HN5-B-A	Negative	0.918072	0.081928
9LH0-A-B	Negative	0.923404	0.0765956
9QNL-B-A	Positive	0.222689	0.777311
9CCE-D-A	Negative	0.778098	0.221902
9CCE-C-B	Positive	0.361036	0.638964
9KD5-C-A	Positive	0.335434	0.664566
9QWU-C-A	Negative	0.954239	0.0457614
9BUR-B-A	Negative	0.888735	0.111265
9NO7-z-5	Negative	0.942858	0.0571423
9G6G-J-A	Positive	0.181621	0.818379
9EIH-U-G	Negative	0.532992	0.467008
9EIH-T-I	Negative	0.740295	0.259705
9EIH-V-J	Positive	0.485709	0.514291
9GD2-T-C	Negative	0.917898	0.0821021
9GD2-S-Q	Negative	0.911265	0.0887354
9D3M-K-C	Positive	0.249658	0.750342
9D3M-L-G	Negative	0.688447	0.311553
9ASG-C-A	Positive	0.22142	0.77858
9BVM-P-A	Negative	0.968956	0.031044
9DPL-D-A	Negative	0.916479	0.0835207
9DNR-C-A	Negative	0.532508	0.467491
9FIW-A-M	Positive	0.15068	0.84932
9HGH-B-A	Negative	0.957601	0.0423992
9H9P-C-M	Negative	0.992802	0.00719826
9BP1-I-A	Positive	0.189972	0.810028
9GAQ-B-A	Negative	0.970806	0.0291942
9BT7-C-A	Positive	0.0440703	0.95593
9G5J-E-A	Negative	0.87624	0.12376
9G5J-G-A	Negative	0.87624	0.12376
9DHZ-C-A	Negative	0.977615	0.0223849
9QH3-D-A	Negative	0.934	0.066
9ITF-B-C	Negative	0.974927	0.0250732
9VWT-B-A	Positive	0.395454	0.604546
9PMW-C-A	Positive	0.128707	0.871293
9PMW-D-A	Negative	0.948487	0.0515129
9PMW-E-A	Negative	0.986188	0.0138124
9MH1-J-7	Negative	0.989722	0.0102776
9MH1-H-B	Negative	0.504133	0.495867
9C9I-B-A	Negative	0.949623	0.0503773
9C9I-D-C	Negative	0.629084	0.370916
9C9I-H-G	Negative	0.83339	0.16661
9I8V-B-C	Negative	0.966653	0.0333474
9GRX-j-a	Positive	0.238899	0.761101
9KI1-h-G	Negative	0.504305	0.495695
9CNZ-H-A	Positive	0.0643579	0.935642
9FJ3-C-A	Negative	0.988927	0.0110728
9B9L-C-A	Negative	0.5605	0.4395
9QA0-B-A	Positive	0.390359	0.609641
9EX5-E-A	Negative	0.987771	0.0122288
9EX5-G-A	Negative	0.801657	0.198343
9EX5-D-B	Negative	0.982023	0.0179769
9GMO-0-F	Negative	0.882737	0.117263
9RPD-I-J	Negative	0.888203	0.111797
9RPD-K-J	Negative	0.972942	0.027058
9AUC-P-E	Negative	0.889717	0.110283
9C79-D-H	Negative	0.798341	0.201659
9VEI-C-A	Negative	0.620735	0.379265
9DEK-C-A	Negative	0.649805	0.350195
9B5Y-L-R	Positive	0.120825	0.879175
9JJ8-j-a	Negative	0.969118	0.0308817
9JJ8-m-b	Negative	0.613536	0.386464
9G8S-x-r	Negative	0.983108	0.0168922
9GJP-F-B	Negative	0.915861	0.0841395
9DLX-I-A	Negative	0.924507	0.0754935
9DLX-H-B	Negative	0.920337	0.0796626
9NIG-P-A	Positive	0.23821	0.76179
9NIG-G-C	Positive	0.176965	0.823035
9F6Y-B-A	Negative	0.934409	0.0655909
9UGB-C-B	Negative	0.994082	0.0059179
9QWP-D-C	Negative	0.970887	0.0291134
9VN5-C-A	Negative	0.942607	0.0573931
9HGC-B-A	Negative	0.82149	0.17851
9GHK-Q-A	Negative	0.906588	0.0934119
9J1M-4-G	Negative	0.940049	0.0599515
9BYO-P-R	Negative	0.984999	0.0150013
9JA1-D-G	Negative	0.959294	0.0407063
9GTU-A-C	Negative	0.997326	0.00267411
9IZ2-C-A	Negative	0.955217	0.0447831
9GOB-F-C	Positive	0.092044	0.907956
9C9O-C-B	Negative	0.89241	0.10759
9LR9-b-A	Negative	0.597371	0.402629
9LR9-d-A	Negative	0.95524	0.0447596
9LR9-L-D	Negative	0.827147	0.172853
9LR9-S-D	Negative	0.907368	0.0926322
9LR9-T-D	Negative	0.814611	0.185389
9LR9-U-D	Negative	0.847965	0.152035
9LR9-E-F	Negative	0.715958	0.284042
9LR9-a-G	Negative	0.715762	0.284238
9LR9-c-G	Negative	0.638363	0.361637
9LR9-B-H	Negative	0.88858	0.11142
9LR9-Z-H	Positive	0.18397	0.81603
9HFU-D-A	Positive	0.340499	0.659501
9OCF-D-A	Negative	0.841434	0.158566
9DOM-H-G	Negative	0.994921	0.00507888
9GY6-L-A	Positive	0.0291099	0.97089
9M4F-I-1	Negative	0.950196	0.049804
9M4F-M-1	Negative	0.763298	0.236702
9ASO-B-A	Negative	0.996221	0.00377926
9CIA-m-e	Negative	0.983587	0.0164127
9CIA-n-f	Negative	0.953004	0.0469961
9CIA-b-d	Negative	0.857506	0.142494
9B8P-O-C	Negative	0.975747	0.024253
9BTW-P-R	Negative	0.973009	0.026991
9I5X-5-7	Negative	0.978137	0.0218629
9I5X-8-P	Negative	0.817985	0.182015
9I5X-6-W	Negative	0.92855	0.0714501
9JHJ-C-B	Positive	0.400562	0.599438
9MGW-I-2	Negative	0.971614	0.0283863
9EXT-D-A	Negative	0.964381	0.0356193
9EXT-G-A	Negative	0.929019	0.0709811
9NEG-I-A	Positive	0.262222	0.737778
9NEG-J-B	Positive	0.166707	0.833293
9CJK-H-D	Negative	0.983729	0.0162709
9FT9-B-A	Negative	0.99017	0.00982977
9HB3-A-R	Negative	0.905624	0.0943757
9FMS-D-A	Positive	0.485323	0.514677
9CB7-Z-Q	Positive	0.477145	0.522855
9M1O-L-R	Negative	0.597806	0.402194
9DUN-E-A	Negative	0.976356	0.0236437
9DUN-F-B	Negative	0.98444	0.0155602
9CQA-A-E	Negative	0.861247	0.138753
9NWE-E-A	Negative	0.958913	0.0410872
9NWE-F-B	Negative	0.95358	0.0464204
9J54-B-A	Negative	0.9623	0.0377
9J54-D-C	Negative	0.957966	0.0420341
9DUJ-B-A	Positive	0.180844	0.819156
9CF8-V-0	Positive	0.0779125	0.922087
9MQ5-B-A	Negative	0.917922	0.0820778
9D97-C-A	Positive	0.419042	0.580958
9IWJ-E-A	Negative	0.590535	0.409465
9IWJ-G-B	Positive	0.458219	0.541781
9IWJ-H-D	Negative	0.681791	0.318209
9G1V-D-A	Negative	0.982932	0.0170677
9ITM-U-T	Negative	0.761685	0.238315
9IF9-C-B	Negative	0.933529	0.066471
9BLI-C-A	Negative	0.717191	0.282809
9N0Z-D-B	Negative	0.911301	0.0886986
9UGQ-E-B	Negative	0.910333	0.0896671
9CS1-C-A	Positive	0.0190575	0.980942
9C8D-M-A	Negative	0.807519	0.192481
9ARO-F-A	Positive	0.27919	0.72081
9HFV-B-A	Negative	0.833313	0.166687
9HFL-N-A	Negative	0.51048	0.48952
9DEM-G-A	Positive	0.240114	0.759886
9KKU-C-A	Negative	0.919442	0.0805578
9LK4-M-A	Negative	0.966252	0.0337484
9LK4-F-D	Negative	0.817299	0.182701
9LK4-f-d	Negative	0.817299	0.182701
9RFU-C-E	Negative	0.941935	0.0580651
9CFD-P-H	Negative	0.989231	0.0107689
9D80-F-D	Negative	0.83567	0.16433
9E0J-R-G	Negative	0.981233	0.0187674
9E0J-M-G	Positive	0.397432	0.602568
9E0J-I-S	Negative	0.837376	0.162624
9E0J-j-a	Negative	0.981233	0.0187674
9BLX-I-H	Positive	0.0446016	0.955398
9BV2-y-f	Negative	0.95699	0.0430101
9F79-C-A	Negative	0.992959	0.00704068
9CUY-W-X	Negative	0.877265	0.122735
9QA2-B-A	Positive	0.123288	0.876712
9B0A-C-A	Positive	0.177375	0.822625
9E82-B-R	Negative	0.928456	0.0715443
9E2P-B-A	Negative	0.888626	0.111374
9AVF-B-A	Negative	0.980654	0.0193462
9AVF-D-C	Negative	0.987512	0.0124882
9CC5-B-A	Negative	0.825608	0.174392
9M0R-L-R	Negative	0.991417	0.00858265
9GM3-B-A	Negative	0.929386	0.0706136
9GM3-D-A	Negative	0.986015	0.0139848
9IKQ-C-A	Negative	0.97346	0.02654
9IKQ-D-A	Negative	0.979627	0.0203729
9RV5-B-A	Negative	0.717171	0.282829
9EW5-C-A	Negative	0.976422	0.0235782
9G9T-L-A	Positive	0.476867	0.523133
9G9T-l-C	Positive	0.476867	0.523133
9CL8-C-A	Negative	0.97907	0.02093
9DLZ-H-C	Negative	0.535197	0.464803
9D2F-Y-L	Negative	0.990008	0.00999239
9D2F-Z-M	Negative	0.94484	0.0551598
9ES8-Q-A	Negative	0.740951	0.259049
9GV6-C-A	Negative	0.968831	0.0311691
9M54-L-R	Negative	0.990485	0.00951484
9IP3-E-A	Negative	0.985849	0.0141513
9IP3-D-B	Negative	0.937718	0.062282
9QT5-7-M	Negative	0.957046	0.0429541
9QT5-5-D	Negative	0.876402	0.123598
9QT5-3-Q	Positive	0.446608	0.553392
9QT5-G-X	Negative	0.656848	0.343152
9QT5-4-6	Negative	0.574114	0.425886
9B1P-F-A	Positive	0.389117	0.610883
9BVP-P-A	Negative	0.960305	0.0396954
9IUZ-C-B	Negative	0.967456	0.032544
9C19-F-C	Negative	0.983861	0.0161391
9QDI-I-C	Positive	0.436812	0.563188
9QDI-J-D	Positive	0.365841	0.634159
9C50-E-B	Negative	0.628	0.372
9GMB-J-C	Negative	0.987915	0.0120849
9GMB-I-E	Negative	0.987845	0.0121546
9ATN-B-A	Negative	0.89529	0.10471
9UPZ-D-A	Positive	0.168544	0.831456
9QEG-Z-L	Negative	0.982011	0.0179887
9GVH-A-B	Negative	0.784525	0.215475
9J8U-C-A	Positive	0.452425	0.547575
9BKX-d-D	Negative	0.871902	0.128098
9BKX-g-G	Negative	0.926215	0.0737854
9BKX-h-H	Negative	0.93919	0.0608096
9BKX-i-I	Negative	0.841191	0.158809
9BKX-p-P	Positive	0.45416	0.54584
9BKX-r-R	Negative	0.87489	0.12511
9BKX-t-T	Negative	0.99555	0.0044502
9HIW-C-A	Negative	0.995838	0.00416175
9NPX-j-A	Negative	0.791849	0.208151
9NPX-B-A	Negative	0.737567	0.262433
9NPX-e-I	Negative	0.762123	0.237877
9EH2-l-M	Negative	0.62499	0.37501
9J5E-B-A	Negative	0.962427	0.0375727
9H1G-C-A	Negative	0.943995	0.056005
9LKY-K-J	Negative	0.68445	0.31555
9EBO-P-R	Negative	0.903583	0.0964172
9V6Z-A-B	Negative	0.878518	0.121482
9BV3-e-V	Negative	0.952893	0.0471072
9FEB-E-A	Negative	0.868633	0.131367
9NED-G-A	Negative	0.946068	0.0539322
9NED-H-A	Positive	0.0573508	0.942649
9L6B-C-A	Negative	0.984318	0.015682
9B0X-J-B	Negative	0.935596	0.0644037
9HDK-C-A	Negative	0.872236	0.127764
9BLW-P-E	Negative	0.973009	0.026991
9JLB-B-A	Negative	0.978614	0.0213856
9EYT-E-A	Negative	0.971972	0.0280282
9EYT-G-A	Negative	0.911771	0.0882289
9EXU-D-A	Negative	0.969846	0.0301537
9GLQ-A-C	Negative	0.967049	0.0329511
9GLQ-B-C	Negative	0.969973	0.0300267
9CXH-D-A	Negative	0.993876	0.00612376
9CXH-C-A	Negative	0.994658	0.00534214
9AVW-C-A	Negative	0.990453	0.00954741
9AU4-S-G	Negative	0.980067	0.0199329
9GC4-D-A	Negative	0.95748	0.0425197
9E01-G-B	Negative	0.923957	0.0760431
9BUE-P-R	Negative	0.679901	0.320099
9DBN-B-A	Negative	0.557466	0.442534
9OA2-U-A	Negative	0.583845	0.416155
9OA2-X-D	Negative	0.515209	0.484791
9B12-J-E	Negative	0.979256	0.0207436
9FNH-X-A	Positive	0.045383	0.954617
9VEC-C-J	Positive	0.022324	0.977676
9KFK-B-R	Positive	0.143717	0.856283
9CPF-E-A	Negative	0.992967	0.00703278
9LAF-A-C	Negative	0.805445	0.194555
9FOF-r-q	Positive	0.355449	0.644551
9PN0-C-A	Negative	0.863853	0.136147
9IIU-J-A	Positive	0.151512	0.848488
9IIU-T-A	Positive	0.0425944	0.957406
9IUE-2-5	Negative	0.569796	0.430204
9P1C-A-B	Negative	0.99016	0.00984038
9L1X-L-A	Negative	0.825231	0.174769
9QWS-C-A	Negative	0.940843	0.0591571
9GXG-F-A	Positive	0.25119	0.74881
9GXG-G-A	Positive	0.282344	0.717656
9E06-B-A	Negative	0.952906	0.0470945
9GMD-D-C	Negative	0.930136	0.0698639
9DTR-G-T	Negative	0.955118	0.0448824
9MUX-D-A	Positive	0.188829	0.811171
9G3Y-o-A	Negative	0.990068	0.00993202
9G3Y-s-D	Negative	0.984272	0.015728
9C66-B-A	Negative	0.724983	0.275017
9EB5-D-A	Negative	0.835936	0.164064
9Q8Y-G-D	Negative	0.995655	0.00434467
9BCQ-C-A	Negative	0.971619	0.0283813
9BVQ-P-A	Negative	0.847018	0.152982
9ITZ-U-T	Positive	0.461902	0.538098
9ITZ-X-T	Positive	0.371345	0.628655
9QNK-P-A	Negative	0.880185	0.119815
9IRK-B-C	Negative	0.961138	0.0388617
9C1D-C-B	Negative	0.872169	0.127831
9GY8-B-A	Negative	0.967769	0.032231
9EXF-E-A	Negative	0.927331	0.0726692
9EXF-F-B	Negative	0.756586	0.243414
9EXF-J-B	Negative	0.810796	0.189204
9EXF-O-B	Negative	0.945866	0.0541342
9EXF-N-D	Negative	0.920198	0.0798016
9DEP-C-A	Positive	0.0110589	0.988941
9DEP-D-A	Positive	0.00887245	0.991128
9DD3-B-A	Negative	0.982416	0.0175837
9D2B-G-F	Negative	0.909598	0.0904016
9D2B-H-F	Negative	0.994257	0.00574254
9N0Y-D-B	Negative	0.993201	0.00679947
9C7T-D-B	Negative	0.983844	0.0161562
9LBT-C-A	Positive	0.0556034	0.944397
9GV7-C-A	Negative	0.72031	0.27969
9KD4-C-A	Positive	0.45555	0.54445
9IZ0-F-A	Negative	0.900908	0.0990924
9D45-C-A	Negative	0.863819	0.136181
9EII-P-I	Negative	0.802908	0.197092
9NO1-X-J	Negative	0.889848	0.110152
9HEJ-G-F	Negative	0.951354	0.0486462
9QT9-C-A	Negative	0.888735	0.111265
9BD3-B-A	Negative	0.911465	0.0885348
9FJ4-B-A	Negative	0.950552	0.0494482
9FTM-D-G	Negative	0.691264	0.308736
9FTM-K-G	Negative	0.968617	0.0313829
9FTM-B-A	Negative	0.907858	0.0921422
9C4T-B-A	Positive	0.0132127	0.986787
9DPF-B-A	Negative	0.969404	0.030596
9DPF-D-C	Negative	0.996174	0.00382626
9KNQ-E-B	Negative	0.955103	0.0448974
9I4X-L-A	Negative	0.782903	0.217097
9CXJ-D-A	Negative	0.976018	0.0239817
9CXJ-C-B	Negative	0.974644	0.025356
9HCE-8-6	Negative	0.992502	0.00749816
9EXG-D-A	Negative	0.93422	0.0657803
9EXG-J-B	Negative	0.990193	0.00980719
9DDN-Y-A	Negative	0.74068	0.25932
9DDN-F-B	Negative	0.861374	0.138626
9DDN-Z-B	Negative	0.687671	0.312329
9BF9-G-A	Negative	0.928481	0.0715189
9EZ6-C-A	Negative	0.965913	0.0340868
