WARNING - 2026-08-26 07:10:52 --> [DEPRECATED] fgetcsv(): the $escape parameter must be provided as its default value will change in APPPATH/Controllers/Entry.php on line 37.
 1 APPPATH/Controllers/Entry.php(37): fgetcsv(resource (stream), 0, ';')
 2 SYSTEMPATH/CodeIgniter.php(933): App\Controllers\Entry->entry('1WRZ-B-A')
 3 SYSTEMPATH/CodeIgniter.php(507): CodeIgniter\CodeIgniter->runController(Object(App\Controllers\Entry))
 4 SYSTEMPATH/CodeIgniter.php(354): CodeIgniter\CodeIgniter->handleRequest(null, Object(Config\Cache), false)
 5 SYSTEMPATH/Boot.php(363): CodeIgniter\CodeIgniter->run()
 6 SYSTEMPATH/Boot.php(68): CodeIgniter\Boot::runCodeIgniter(Object(CodeIgniter\CodeIgniter))
 7 FCPATH/index.php(59): CodeIgniter\Boot::bootWeb(Object(Config\Paths))
 8 SYSTEMPATH/rewrite.php(44): require_once('/Users/diego/Documents/GitHub/propedia26/public/index.php')
WARNING - 2026-08-26 07:10:52 --> [DEPRECATED] ord(): Providing a string that is not one byte long is deprecated. Use ord($str[0]) instead in SYSTEMPATH/ThirdParty/Escaper/Escaper.php on line 250.
 1 SYSTEMPATH/ThirdParty/Escaper/Escaper.php(250): ord('Å')
 2 SYSTEMPATH/ThirdParty/Escaper/Escaper.php(167): Laminas\Escaper\Escaper->htmlAttrMatcher([...])
 3 [internal function]: Laminas\Escaper\Escaper->{closure:Laminas\Escaper\Escaper::__construct():167}([...])
 4 SYSTEMPATH/ThirdParty/Escaper/Escaper.php(200): preg_replace_callback('/[^a-z0-9,\\.\\-_]/iSu', Object(Closure), 'Interface Area: Area of one face of the protein-peptide interface, given in Å². It corresponds to the BSA calculated with NACCESS, reported in the Surface section above.')
 5 SYSTEMPATH/Common.php(448): Laminas\Escaper\Escaper->escapeHtmlAttr('Interface Area: Area of one face of the protein-peptide interface, given in Å². It corresponds to the BSA calculated with NACCESS, reported in the Surface section above.')
 6 APPPATH/Views/entry.php(562): esc('Interface Area: Area of one face of the protein-peptide interface, given in Å². It corresponds to the BSA calculated with NACCESS, reported in the Surface section above.', 'attr')
 7 SYSTEMPATH/View/View.php(226): include('/Users/diego/Documents/GitHub/propedia26/app/Views/entry.php')
 8 SYSTEMPATH/View/View.php(229): CodeIgniter\View\View->{closure:CodeIgniter\View\View::render():223}()
 9 SYSTEMPATH/Common.php(1167): CodeIgniter\View\View->render('entry', [], true)
10 APPPATH/Controllers/Entry.php(57): view('entry', [...])
11 SYSTEMPATH/CodeIgniter.php(933): App\Controllers\Entry->entry('1WRZ-B-A')
12 SYSTEMPATH/CodeIgniter.php(507): CodeIgniter\CodeIgniter->runController(Object(App\Controllers\Entry))
13 SYSTEMPATH/CodeIgniter.php(354): CodeIgniter\CodeIgniter->handleRequest(null, Object(Config\Cache), false)
14 SYSTEMPATH/Boot.php(363): CodeIgniter\CodeIgniter->run()
15 SYSTEMPATH/Boot.php(68): CodeIgniter\Boot::runCodeIgniter(Object(CodeIgniter\CodeIgniter))
16 FCPATH/index.php(59): CodeIgniter\Boot::bootWeb(Object(Config\Paths))
17 SYSTEMPATH/rewrite.php(44): require_once('/Users/diego/Documents/GitHub/propedia26/public/index.php')
WARNING - 2026-08-26 07:10:52 --> [DEPRECATED] ord(): Providing a string that is not one byte long is deprecated. Use ord($str[0]) instead in SYSTEMPATH/ThirdParty/Escaper/Escaper.php on line 250.
 1 SYSTEMPATH/ThirdParty/Escaper/Escaper.php(250): ord('²')
 2 SYSTEMPATH/ThirdParty/Escaper/Escaper.php(167): Laminas\Escaper\Escaper->htmlAttrMatcher([...])
 3 [internal function]: Laminas\Escaper\Escaper->{closure:Laminas\Escaper\Escaper::__construct():167}([...])
 4 SYSTEMPATH/ThirdParty/Escaper/Escaper.php(200): preg_replace_callback('/[^a-z0-9,\\.\\-_]/iSu', Object(Closure), 'Interface Area: Area of one face of the protein-peptide interface, given in Å². It corresponds to the BSA calculated with NACCESS, reported in the Surface section above.')
 5 SYSTEMPATH/Common.php(448): Laminas\Escaper\Escaper->escapeHtmlAttr('Interface Area: Area of one face of the protein-peptide interface, given in Å². It corresponds to the BSA calculated with NACCESS, reported in the Surface section above.')
 6 APPPATH/Views/entry.php(562): esc('Interface Area: Area of one face of the protein-peptide interface, given in Å². It corresponds to the BSA calculated with NACCESS, reported in the Surface section above.', 'attr')
 7 SYSTEMPATH/View/View.php(226): include('/Users/diego/Documents/GitHub/propedia26/app/Views/entry.php')
 8 SYSTEMPATH/View/View.php(229): CodeIgniter\View\View->{closure:CodeIgniter\View\View::render():223}()
 9 SYSTEMPATH/Common.php(1167): CodeIgniter\View\View->render('entry', [], true)
10 APPPATH/Controllers/Entry.php(57): view('entry', [...])
11 SYSTEMPATH/CodeIgniter.php(933): App\Controllers\Entry->entry('1WRZ-B-A')
12 SYSTEMPATH/CodeIgniter.php(507): CodeIgniter\CodeIgniter->runController(Object(App\Controllers\Entry))
13 SYSTEMPATH/CodeIgniter.php(354): CodeIgniter\CodeIgniter->handleRequest(null, Object(Config\Cache), false)
14 SYSTEMPATH/Boot.php(363): CodeIgniter\CodeIgniter->run()
15 SYSTEMPATH/Boot.php(68): CodeIgniter\Boot::runCodeIgniter(Object(CodeIgniter\CodeIgniter))
16 FCPATH/index.php(59): CodeIgniter\Boot::bootWeb(Object(Config\Paths))
17 SYSTEMPATH/rewrite.php(44): require_once('/Users/diego/Documents/GitHub/propedia26/public/index.php')
WARNING - 2026-08-26 07:10:52 --> [DEPRECATED] ord(): Providing a string that is not one byte long is deprecated. Use ord($str[0]) instead in SYSTEMPATH/ThirdParty/Escaper/Escaper.php on line 250.
 1 SYSTEMPATH/ThirdParty/Escaper/Escaper.php(250): ord('Å')
 2 SYSTEMPATH/ThirdParty/Escaper/Escaper.php(167): Laminas\Escaper\Escaper->htmlAttrMatcher([...])
 3 [internal function]: Laminas\Escaper\Escaper->{closure:Laminas\Escaper\Escaper::__construct():167}([...])
 4 SYSTEMPATH/ThirdParty/Escaper/Escaper.php(200): preg_replace_callback('/[^a-z0-9,\\.\\-_]/iSu', Object(Closure), 'Buried Area (peptide): Peptide surface area that becomes buried upon formation of the interface (value given in Å²).')
 5 SYSTEMPATH/Common.php(448): Laminas\Escaper\Escaper->escapeHtmlAttr('Buried Area (peptide): Peptide surface area that becomes buried upon formation of the interface (value given in Å²).')
 6 APPPATH/Views/entry.php(562): esc('Buried Area (peptide): Peptide surface area that becomes buried upon formation of the interface (value given in Å²).', 'attr')
 7 SYSTEMPATH/View/View.php(226): include('/Users/diego/Documents/GitHub/propedia26/app/Views/entry.php')
 8 SYSTEMPATH/View/View.php(229): CodeIgniter\View\View->{closure:CodeIgniter\View\View::render():223}()
 9 SYSTEMPATH/Common.php(1167): CodeIgniter\View\View->render('entry', [], true)
10 APPPATH/Controllers/Entry.php(57): view('entry', [...])
11 SYSTEMPATH/CodeIgniter.php(933): App\Controllers\Entry->entry('1WRZ-B-A')
12 SYSTEMPATH/CodeIgniter.php(507): CodeIgniter\CodeIgniter->runController(Object(App\Controllers\Entry))
13 SYSTEMPATH/CodeIgniter.php(354): CodeIgniter\CodeIgniter->handleRequest(null, Object(Config\Cache), false)
14 SYSTEMPATH/Boot.php(363): CodeIgniter\CodeIgniter->run()
15 SYSTEMPATH/Boot.php(68): CodeIgniter\Boot::runCodeIgniter(Object(CodeIgniter\CodeIgniter))
16 FCPATH/index.php(59): CodeIgniter\Boot::bootWeb(Object(Config\Paths))
17 SYSTEMPATH/rewrite.php(44): require_once('/Users/diego/Documents/GitHub/propedia26/public/index.php')
WARNING - 2026-08-26 07:10:52 --> [DEPRECATED] ord(): Providing a string that is not one byte long is deprecated. Use ord($str[0]) instead in SYSTEMPATH/ThirdParty/Escaper/Escaper.php on line 250.
 1 SYSTEMPATH/ThirdParty/Escaper/Escaper.php(250): ord('²')
 2 SYSTEMPATH/ThirdParty/Escaper/Escaper.php(167): Laminas\Escaper\Escaper->htmlAttrMatcher([...])
 3 [internal function]: Laminas\Escaper\Escaper->{closure:Laminas\Escaper\Escaper::__construct():167}([...])
 4 SYSTEMPATH/ThirdParty/Escaper/Escaper.php(200): preg_replace_callback('/[^a-z0-9,\\.\\-_]/iSu', Object(Closure), 'Buried Area (peptide): Peptide surface area that becomes buried upon formation of the interface (value given in Å²).')
 5 SYSTEMPATH/Common.php(448): Laminas\Escaper\Escaper->escapeHtmlAttr('Buried Area (peptide): Peptide surface area that becomes buried upon formation of the interface (value given in Å²).')
 6 APPPATH/Views/entry.php(562): esc('Buried Area (peptide): Peptide surface area that becomes buried upon formation of the interface (value given in Å²).', 'attr')
 7 SYSTEMPATH/View/View.php(226): include('/Users/diego/Documents/GitHub/propedia26/app/Views/entry.php')
 8 SYSTEMPATH/View/View.php(229): CodeIgniter\View\View->{closure:CodeIgniter\View\View::render():223}()
 9 SYSTEMPATH/Common.php(1167): CodeIgniter\View\View->render('entry', [], true)
10 APPPATH/Controllers/Entry.php(57): view('entry', [...])
11 SYSTEMPATH/CodeIgniter.php(933): App\Controllers\Entry->entry('1WRZ-B-A')
12 SYSTEMPATH/CodeIgniter.php(507): CodeIgniter\CodeIgniter->runController(Object(App\Controllers\Entry))
13 SYSTEMPATH/CodeIgniter.php(354): CodeIgniter\CodeIgniter->handleRequest(null, Object(Config\Cache), false)
14 SYSTEMPATH/Boot.php(363): CodeIgniter\CodeIgniter->run()
15 SYSTEMPATH/Boot.php(68): CodeIgniter\Boot::runCodeIgniter(Object(CodeIgniter\CodeIgniter))
16 FCPATH/index.php(59): CodeIgniter\Boot::bootWeb(Object(Config\Paths))
17 SYSTEMPATH/rewrite.php(44): require_once('/Users/diego/Documents/GitHub/propedia26/public/index.php')
WARNING - 2026-08-26 07:10:52 --> [DEPRECATED] ord(): Providing a string that is not one byte long is deprecated. Use ord($str[0]) instead in SYSTEMPATH/ThirdParty/Escaper/Escaper.php on line 250.
 1 SYSTEMPATH/ThirdParty/Escaper/Escaper.php(250): ord('Å')
 2 SYSTEMPATH/ThirdParty/Escaper/Escaper.php(167): Laminas\Escaper\Escaper->htmlAttrMatcher([...])
 3 [internal function]: Laminas\Escaper\Escaper->{closure:Laminas\Escaper\Escaper::__construct():167}([...])
 4 SYSTEMPATH/ThirdParty/Escaper/Escaper.php(200): preg_replace_callback('/[^a-z0-9,\\.\\-_]/iSu', Object(Closure), 'Buried Area (protein): Protein surface area that becomes buried upon formation of the interface (value given in Å²).')
 5 SYSTEMPATH/Common.php(448): Laminas\Escaper\Escaper->escapeHtmlAttr('Buried Area (protein): Protein surface area that becomes buried upon formation of the interface (value given in Å²).')
 6 APPPATH/Views/entry.php(562): esc('Buried Area (protein): Protein surface area that becomes buried upon formation of the interface (value given in Å²).', 'attr')
 7 SYSTEMPATH/View/View.php(226): include('/Users/diego/Documents/GitHub/propedia26/app/Views/entry.php')
 8 SYSTEMPATH/View/View.php(229): CodeIgniter\View\View->{closure:CodeIgniter\View\View::render():223}()
 9 SYSTEMPATH/Common.php(1167): CodeIgniter\View\View->render('entry', [], true)
10 APPPATH/Controllers/Entry.php(57): view('entry', [...])
11 SYSTEMPATH/CodeIgniter.php(933): App\Controllers\Entry->entry('1WRZ-B-A')
12 SYSTEMPATH/CodeIgniter.php(507): CodeIgniter\CodeIgniter->runController(Object(App\Controllers\Entry))
13 SYSTEMPATH/CodeIgniter.php(354): CodeIgniter\CodeIgniter->handleRequest(null, Object(Config\Cache), false)
14 SYSTEMPATH/Boot.php(363): CodeIgniter\CodeIgniter->run()
15 SYSTEMPATH/Boot.php(68): CodeIgniter\Boot::runCodeIgniter(Object(CodeIgniter\CodeIgniter))
16 FCPATH/index.php(59): CodeIgniter\Boot::bootWeb(Object(Config\Paths))
17 SYSTEMPATH/rewrite.php(44): require_once('/Users/diego/Documents/GitHub/propedia26/public/index.php')
WARNING - 2026-08-26 07:10:52 --> [DEPRECATED] ord(): Providing a string that is not one byte long is deprecated. Use ord($str[0]) instead in SYSTEMPATH/ThirdParty/Escaper/Escaper.php on line 250.
 1 SYSTEMPATH/ThirdParty/Escaper/Escaper.php(250): ord('²')
 2 SYSTEMPATH/ThirdParty/Escaper/Escaper.php(167): Laminas\Escaper\Escaper->htmlAttrMatcher([...])
 3 [internal function]: Laminas\Escaper\Escaper->{closure:Laminas\Escaper\Escaper::__construct():167}([...])
 4 SYSTEMPATH/ThirdParty/Escaper/Escaper.php(200): preg_replace_callback('/[^a-z0-9,\\.\\-_]/iSu', Object(Closure), 'Buried Area (protein): Protein surface area that becomes buried upon formation of the interface (value given in Å²).')
 5 SYSTEMPATH/Common.php(448): Laminas\Escaper\Escaper->escapeHtmlAttr('Buried Area (protein): Protein surface area that becomes buried upon formation of the interface (value given in Å²).')
 6 APPPATH/Views/entry.php(562): esc('Buried Area (protein): Protein surface area that becomes buried upon formation of the interface (value given in Å²).', 'attr')
 7 SYSTEMPATH/View/View.php(226): include('/Users/diego/Documents/GitHub/propedia26/app/Views/entry.php')
 8 SYSTEMPATH/View/View.php(229): CodeIgniter\View\View->{closure:CodeIgniter\View\View::render():223}()
 9 SYSTEMPATH/Common.php(1167): CodeIgniter\View\View->render('entry', [], true)
10 APPPATH/Controllers/Entry.php(57): view('entry', [...])
11 SYSTEMPATH/CodeIgniter.php(933): App\Controllers\Entry->entry('1WRZ-B-A')
12 SYSTEMPATH/CodeIgniter.php(507): CodeIgniter\CodeIgniter->runController(Object(App\Controllers\Entry))
13 SYSTEMPATH/CodeIgniter.php(354): CodeIgniter\CodeIgniter->handleRequest(null, Object(Config\Cache), false)
14 SYSTEMPATH/Boot.php(363): CodeIgniter\CodeIgniter->run()
15 SYSTEMPATH/Boot.php(68): CodeIgniter\Boot::runCodeIgniter(Object(CodeIgniter\CodeIgniter))
16 FCPATH/index.php(59): CodeIgniter\Boot::bootWeb(Object(Config\Paths))
17 SYSTEMPATH/rewrite.php(44): require_once('/Users/diego/Documents/GitHub/propedia26/public/index.php')
WARNING - 2026-08-26 07:10:52 --> [DEPRECATED] ord(): Providing a string that is not one byte long is deprecated. Use ord($str[0]) instead in SYSTEMPATH/ThirdParty/Escaper/Escaper.php on line 250.
 1 SYSTEMPATH/ThirdParty/Escaper/Escaper.php(250): ord('Å')
 2 SYSTEMPATH/ThirdParty/Escaper/Escaper.php(167): Laminas\Escaper\Escaper->htmlAttrMatcher([...])
 3 [internal function]: Laminas\Escaper\Escaper->{closure:Laminas\Escaper\Escaper::__construct():167}([...])
 4 SYSTEMPATH/ThirdParty/Escaper/Escaper.php(200): preg_replace_callback('/[^a-z0-9,\\.\\-_]/iSu', Object(Closure), 'Total Buried Area: Total surface area buried by the association, counting both faces of the interface, in Å². It is therefore about twice the BSA reported by NACCESS, which counts a single face.')
 5 SYSTEMPATH/Common.php(448): Laminas\Escaper\Escaper->escapeHtmlAttr('Total Buried Area: Total surface area buried by the association, counting both faces of the interface, in Å². It is therefore about twice the BSA reported by NACCESS, which counts a single face.')
 6 APPPATH/Views/entry.php(562): esc('Total Buried Area: Total surface area buried by the association, counting both faces of the interface, in Å². It is therefore about twice the BSA reported by NACCESS, which counts a single face.', 'attr')
 7 SYSTEMPATH/View/View.php(226): include('/Users/diego/Documents/GitHub/propedia26/app/Views/entry.php')
 8 SYSTEMPATH/View/View.php(229): CodeIgniter\View\View->{closure:CodeIgniter\View\View::render():223}()
 9 SYSTEMPATH/Common.php(1167): CodeIgniter\View\View->render('entry', [], true)
10 APPPATH/Controllers/Entry.php(57): view('entry', [...])
11 SYSTEMPATH/CodeIgniter.php(933): App\Controllers\Entry->entry('1WRZ-B-A')
12 SYSTEMPATH/CodeIgniter.php(507): CodeIgniter\CodeIgniter->runController(Object(App\Controllers\Entry))
13 SYSTEMPATH/CodeIgniter.php(354): CodeIgniter\CodeIgniter->handleRequest(null, Object(Config\Cache), false)
14 SYSTEMPATH/Boot.php(363): CodeIgniter\CodeIgniter->run()
15 SYSTEMPATH/Boot.php(68): CodeIgniter\Boot::runCodeIgniter(Object(CodeIgniter\CodeIgniter))
16 FCPATH/index.php(59): CodeIgniter\Boot::bootWeb(Object(Config\Paths))
17 SYSTEMPATH/rewrite.php(44): require_once('/Users/diego/Documents/GitHub/propedia26/public/index.php')
WARNING - 2026-08-26 07:10:52 --> [DEPRECATED] ord(): Providing a string that is not one byte long is deprecated. Use ord($str[0]) instead in SYSTEMPATH/ThirdParty/Escaper/Escaper.php on line 250.
 1 SYSTEMPATH/ThirdParty/Escaper/Escaper.php(250): ord('²')
 2 SYSTEMPATH/ThirdParty/Escaper/Escaper.php(167): Laminas\Escaper\Escaper->htmlAttrMatcher([...])
 3 [internal function]: Laminas\Escaper\Escaper->{closure:Laminas\Escaper\Escaper::__construct():167}([...])
 4 SYSTEMPATH/ThirdParty/Escaper/Escaper.php(200): preg_replace_callback('/[^a-z0-9,\\.\\-_]/iSu', Object(Closure), 'Total Buried Area: Total surface area buried by the association, counting both faces of the interface, in Å². It is therefore about twice the BSA reported by NACCESS, which counts a single face.')
 5 SYSTEMPATH/Common.php(448): Laminas\Escaper\Escaper->escapeHtmlAttr('Total Buried Area: Total surface area buried by the association, counting both faces of the interface, in Å². It is therefore about twice the BSA reported by NACCESS, which counts a single face.')
 6 APPPATH/Views/entry.php(562): esc('Total Buried Area: Total surface area buried by the association, counting both faces of the interface, in Å². It is therefore about twice the BSA reported by NACCESS, which counts a single face.', 'attr')
 7 SYSTEMPATH/View/View.php(226): include('/Users/diego/Documents/GitHub/propedia26/app/Views/entry.php')
 8 SYSTEMPATH/View/View.php(229): CodeIgniter\View\View->{closure:CodeIgniter\View\View::render():223}()
 9 SYSTEMPATH/Common.php(1167): CodeIgniter\View\View->render('entry', [], true)
10 APPPATH/Controllers/Entry.php(57): view('entry', [...])
11 SYSTEMPATH/CodeIgniter.php(933): App\Controllers\Entry->entry('1WRZ-B-A')
12 SYSTEMPATH/CodeIgniter.php(507): CodeIgniter\CodeIgniter->runController(Object(App\Controllers\Entry))
13 SYSTEMPATH/CodeIgniter.php(354): CodeIgniter\CodeIgniter->handleRequest(null, Object(Config\Cache), false)
14 SYSTEMPATH/Boot.php(363): CodeIgniter\CodeIgniter->run()
15 SYSTEMPATH/Boot.php(68): CodeIgniter\Boot::runCodeIgniter(Object(CodeIgniter\CodeIgniter))
16 FCPATH/index.php(59): CodeIgniter\Boot::bootWeb(Object(Config\Paths))
17 SYSTEMPATH/rewrite.php(44): require_once('/Users/diego/Documents/GitHub/propedia26/public/index.php')
WARNING - 2026-08-26 07:10:52 --> [DEPRECATED] ord(): Providing a string that is not one byte long is deprecated. Use ord($str[0]) instead in SYSTEMPATH/ThirdParty/Escaper/Escaper.php on line 250.
 1 SYSTEMPATH/ThirdParty/Escaper/Escaper.php(250): ord('Å')
 2 SYSTEMPATH/ThirdParty/Escaper/Escaper.php(167): Laminas\Escaper\Escaper->htmlAttrMatcher([...])
 3 [internal function]: Laminas\Escaper\Escaper->{closure:Laminas\Escaper\Escaper::__construct():167}([...])
 4 SYSTEMPATH/ThirdParty/Escaper/Escaper.php(200): preg_replace_callback('/[^a-z0-9,\\.\\-_]/iSu', Object(Closure), 'Complex ASA: Accessible surface area of the complex, given in Å². It corresponds to the ASA (complex) calculated with NACCESS, reported in the Surface section above.')
 5 SYSTEMPATH/Common.php(448): Laminas\Escaper\Escaper->escapeHtmlAttr('Complex ASA: Accessible surface area of the complex, given in Å². It corresponds to the ASA (complex) calculated with NACCESS, reported in the Surface section above.')
 6 APPPATH/Views/entry.php(562): esc('Complex ASA: Accessible surface area of the complex, given in Å². It corresponds to the ASA (complex) calculated with NACCESS, reported in the Surface section above.', 'attr')
 7 SYSTEMPATH/View/View.php(226): include('/Users/diego/Documents/GitHub/propedia26/app/Views/entry.php')
 8 SYSTEMPATH/View/View.php(229): CodeIgniter\View\View->{closure:CodeIgniter\View\View::render():223}()
 9 SYSTEMPATH/Common.php(1167): CodeIgniter\View\View->render('entry', [], true)
10 APPPATH/Controllers/Entry.php(57): view('entry', [...])
11 SYSTEMPATH/CodeIgniter.php(933): App\Controllers\Entry->entry('1WRZ-B-A')
12 SYSTEMPATH/CodeIgniter.php(507): CodeIgniter\CodeIgniter->runController(Object(App\Controllers\Entry))
13 SYSTEMPATH/CodeIgniter.php(354): CodeIgniter\CodeIgniter->handleRequest(null, Object(Config\Cache), false)
14 SYSTEMPATH/Boot.php(363): CodeIgniter\CodeIgniter->run()
15 SYSTEMPATH/Boot.php(68): CodeIgniter\Boot::runCodeIgniter(Object(CodeIgniter\CodeIgniter))
16 FCPATH/index.php(59): CodeIgniter\Boot::bootWeb(Object(Config\Paths))
17 SYSTEMPATH/rewrite.php(44): require_once('/Users/diego/Documents/GitHub/propedia26/public/index.php')
WARNING - 2026-08-26 07:10:52 --> [DEPRECATED] ord(): Providing a string that is not one byte long is deprecated. Use ord($str[0]) instead in SYSTEMPATH/ThirdParty/Escaper/Escaper.php on line 250.
 1 SYSTEMPATH/ThirdParty/Escaper/Escaper.php(250): ord('²')
 2 SYSTEMPATH/ThirdParty/Escaper/Escaper.php(167): Laminas\Escaper\Escaper->htmlAttrMatcher([...])
 3 [internal function]: Laminas\Escaper\Escaper->{closure:Laminas\Escaper\Escaper::__construct():167}([...])
 4 SYSTEMPATH/ThirdParty/Escaper/Escaper.php(200): preg_replace_callback('/[^a-z0-9,\\.\\-_]/iSu', Object(Closure), 'Complex ASA: Accessible surface area of the complex, given in Å². It corresponds to the ASA (complex) calculated with NACCESS, reported in the Surface section above.')
 5 SYSTEMPATH/Common.php(448): Laminas\Escaper\Escaper->escapeHtmlAttr('Complex ASA: Accessible surface area of the complex, given in Å². It corresponds to the ASA (complex) calculated with NACCESS, reported in the Surface section above.')
 6 APPPATH/Views/entry.php(562): esc('Complex ASA: Accessible surface area of the complex, given in Å². It corresponds to the ASA (complex) calculated with NACCESS, reported in the Surface section above.', 'attr')
 7 SYSTEMPATH/View/View.php(226): include('/Users/diego/Documents/GitHub/propedia26/app/Views/entry.php')
 8 SYSTEMPATH/View/View.php(229): CodeIgniter\View\View->{closure:CodeIgniter\View\View::render():223}()
 9 SYSTEMPATH/Common.php(1167): CodeIgniter\View\View->render('entry', [], true)
10 APPPATH/Controllers/Entry.php(57): view('entry', [...])
11 SYSTEMPATH/CodeIgniter.php(933): App\Controllers\Entry->entry('1WRZ-B-A')
12 SYSTEMPATH/CodeIgniter.php(507): CodeIgniter\CodeIgniter->runController(Object(App\Controllers\Entry))
13 SYSTEMPATH/CodeIgniter.php(354): CodeIgniter\CodeIgniter->handleRequest(null, Object(Config\Cache), false)
14 SYSTEMPATH/Boot.php(363): CodeIgniter\CodeIgniter->run()
15 SYSTEMPATH/Boot.php(68): CodeIgniter\Boot::runCodeIgniter(Object(CodeIgniter\CodeIgniter))
16 FCPATH/index.php(59): CodeIgniter\Boot::bootWeb(Object(Config\Paths))
17 SYSTEMPATH/rewrite.php(44): require_once('/Users/diego/Documents/GitHub/propedia26/public/index.php')
WARNING - 2026-08-26 07:10:52 --> [DEPRECATED] ord(): Providing a string that is not one byte long is deprecated. Use ord($str[0]) instead in SYSTEMPATH/ThirdParty/Escaper/Escaper.php on line 250.
 1 SYSTEMPATH/ThirdParty/Escaper/Escaper.php(250): ord('Å')
 2 SYSTEMPATH/ThirdParty/Escaper/Escaper.php(167): Laminas\Escaper\Escaper->htmlAttrMatcher([...])
 3 [internal function]: Laminas\Escaper\Escaper->{closure:Laminas\Escaper\Escaper::__construct():167}([...])
 4 SYSTEMPATH/ThirdParty/Escaper/Escaper.php(200): preg_replace_callback('/[^a-z0-9,\\.\\-_]/iSu', Object(Closure), 'Dissociation Area: Interface area that is broken when the complex dissociates, given in Å². It usually coincides with the interface area.')
 5 SYSTEMPATH/Common.php(448): Laminas\Escaper\Escaper->escapeHtmlAttr('Dissociation Area: Interface area that is broken when the complex dissociates, given in Å². It usually coincides with the interface area.')
 6 APPPATH/Views/entry.php(562): esc('Dissociation Area: Interface area that is broken when the complex dissociates, given in Å². It usually coincides with the interface area.', 'attr')
 7 SYSTEMPATH/View/View.php(226): include('/Users/diego/Documents/GitHub/propedia26/app/Views/entry.php')
 8 SYSTEMPATH/View/View.php(229): CodeIgniter\View\View->{closure:CodeIgniter\View\View::render():223}()
 9 SYSTEMPATH/Common.php(1167): CodeIgniter\View\View->render('entry', [], true)
10 APPPATH/Controllers/Entry.php(57): view('entry', [...])
11 SYSTEMPATH/CodeIgniter.php(933): App\Controllers\Entry->entry('1WRZ-B-A')
12 SYSTEMPATH/CodeIgniter.php(507): CodeIgniter\CodeIgniter->runController(Object(App\Controllers\Entry))
13 SYSTEMPATH/CodeIgniter.php(354): CodeIgniter\CodeIgniter->handleRequest(null, Object(Config\Cache), false)
14 SYSTEMPATH/Boot.php(363): CodeIgniter\CodeIgniter->run()
15 SYSTEMPATH/Boot.php(68): CodeIgniter\Boot::runCodeIgniter(Object(CodeIgniter\CodeIgniter))
16 FCPATH/index.php(59): CodeIgniter\Boot::bootWeb(Object(Config\Paths))
17 SYSTEMPATH/rewrite.php(44): require_once('/Users/diego/Documents/GitHub/propedia26/public/index.php')
WARNING - 2026-08-26 07:10:52 --> [DEPRECATED] ord(): Providing a string that is not one byte long is deprecated. Use ord($str[0]) instead in SYSTEMPATH/ThirdParty/Escaper/Escaper.php on line 250.
 1 SYSTEMPATH/ThirdParty/Escaper/Escaper.php(250): ord('²')
 2 SYSTEMPATH/ThirdParty/Escaper/Escaper.php(167): Laminas\Escaper\Escaper->htmlAttrMatcher([...])
 3 [internal function]: Laminas\Escaper\Escaper->{closure:Laminas\Escaper\Escaper::__construct():167}([...])
 4 SYSTEMPATH/ThirdParty/Escaper/Escaper.php(200): preg_replace_callback('/[^a-z0-9,\\.\\-_]/iSu', Object(Closure), 'Dissociation Area: Interface area that is broken when the complex dissociates, given in Å². It usually coincides with the interface area.')
 5 SYSTEMPATH/Common.php(448): Laminas\Escaper\Escaper->escapeHtmlAttr('Dissociation Area: Interface area that is broken when the complex dissociates, given in Å². It usually coincides with the interface area.')
 6 APPPATH/Views/entry.php(562): esc('Dissociation Area: Interface area that is broken when the complex dissociates, given in Å². It usually coincides with the interface area.', 'attr')
 7 SYSTEMPATH/View/View.php(226): include('/Users/diego/Documents/GitHub/propedia26/app/Views/entry.php')
 8 SYSTEMPATH/View/View.php(229): CodeIgniter\View\View->{closure:CodeIgniter\View\View::render():223}()
 9 SYSTEMPATH/Common.php(1167): CodeIgniter\View\View->render('entry', [], true)
10 APPPATH/Controllers/Entry.php(57): view('entry', [...])
11 SYSTEMPATH/CodeIgniter.php(933): App\Controllers\Entry->entry('1WRZ-B-A')
12 SYSTEMPATH/CodeIgniter.php(507): CodeIgniter\CodeIgniter->runController(Object(App\Controllers\Entry))
13 SYSTEMPATH/CodeIgniter.php(354): CodeIgniter\CodeIgniter->handleRequest(null, Object(Config\Cache), false)
14 SYSTEMPATH/Boot.php(363): CodeIgniter\CodeIgniter->run()
15 SYSTEMPATH/Boot.php(68): CodeIgniter\Boot::runCodeIgniter(Object(CodeIgniter\CodeIgniter))
16 FCPATH/index.php(59): CodeIgniter\Boot::bootWeb(Object(Config\Paths))
17 SYSTEMPATH/rewrite.php(44): require_once('/Users/diego/Documents/GitHub/propedia26/public/index.php')
WARNING - 2026-08-26 07:10:52 --> [DEPRECATED] ord(): Providing a string that is not one byte long is deprecated. Use ord($str[0]) instead in SYSTEMPATH/ThirdParty/Escaper/Escaper.php on line 250.
 1 SYSTEMPATH/ThirdParty/Escaper/Escaper.php(250): ord('Δ')
 2 SYSTEMPATH/ThirdParty/Escaper/Escaper.php(167): Laminas\Escaper\Escaper->htmlAttrMatcher([...])
 3 [internal function]: Laminas\Escaper\Escaper->{closure:Laminas\Escaper\Escaper::__construct():167}([...])
 4 SYSTEMPATH/ThirdParty/Escaper/Escaper.php(200): preg_replace_callback('/[^a-z0-9,\\.\\-_]/iSu', Object(Closure), 'Solvation Energy Gain (ΔiG): Free energy gain, in kcal/mol, obtained on formation of the interface. Negative values indicate a hydrophobic interface, which favours the association. It does not include the contribution of hydrogen bonds and salt bridges across the interface.')
 5 SYSTEMPATH/Common.php(448): Laminas\Escaper\Escaper->escapeHtmlAttr('Solvation Energy Gain (ΔiG): Free energy gain, in kcal/mol, obtained on formation of the interface. Negative values indicate a hydrophobic interface, which favours the association. It does not include the contribution of hydrogen bonds and salt bridges across the interface.')
 6 APPPATH/Views/entry.php(562): esc('Solvation Energy Gain (ΔiG): Free energy gain, in kcal/mol, obtained on formation of the interface. Negative values indicate a hydrophobic interface, which favours the association. It does not include the contribution of hydrogen bonds and salt bridges across the interface.', 'attr')
 7 SYSTEMPATH/View/View.php(226): include('/Users/diego/Documents/GitHub/propedia26/app/Views/entry.php')
 8 SYSTEMPATH/View/View.php(229): CodeIgniter\View\View->{closure:CodeIgniter\View\View::render():223}()
 9 SYSTEMPATH/Common.php(1167): CodeIgniter\View\View->render('entry', [], true)
10 APPPATH/Controllers/Entry.php(57): view('entry', [...])
11 SYSTEMPATH/CodeIgniter.php(933): App\Controllers\Entry->entry('1WRZ-B-A')
12 SYSTEMPATH/CodeIgniter.php(507): CodeIgniter\CodeIgniter->runController(Object(App\Controllers\Entry))
13 SYSTEMPATH/CodeIgniter.php(354): CodeIgniter\CodeIgniter->handleRequest(null, Object(Config\Cache), false)
14 SYSTEMPATH/Boot.php(363): CodeIgniter\CodeIgniter->run()
15 SYSTEMPATH/Boot.php(68): CodeIgniter\Boot::runCodeIgniter(Object(CodeIgniter\CodeIgniter))
16 FCPATH/index.php(59): CodeIgniter\Boot::bootWeb(Object(Config\Paths))
17 SYSTEMPATH/rewrite.php(44): require_once('/Users/diego/Documents/GitHub/propedia26/public/index.php')
WARNING - 2026-08-26 07:10:52 --> [DEPRECATED] ord(): Providing a string that is not one byte long is deprecated. Use ord($str[0]) instead in SYSTEMPATH/ThirdParty/Escaper/Escaper.php on line 250.
 1 SYSTEMPATH/ThirdParty/Escaper/Escaper.php(250): ord('Δ')
 2 SYSTEMPATH/ThirdParty/Escaper/Escaper.php(167): Laminas\Escaper\Escaper->htmlAttrMatcher([...])
 3 [internal function]: Laminas\Escaper\Escaper->{closure:Laminas\Escaper\Escaper::__construct():167}([...])
 4 SYSTEMPATH/ThirdParty/Escaper/Escaper.php(200): preg_replace_callback('/[^a-z0-9,\\.\\-_]/iSu', Object(Closure), 'ΔiG P-value: Statistical significance of the solvation energy gain. Values below 0.5 indicate an interface more hydrophobic than would be expected by chance, that is, an interface likely to be interaction-specific rather than a crystal-packing artefact.')
 5 SYSTEMPATH/Common.php(448): Laminas\Escaper\Escaper->escapeHtmlAttr('ΔiG P-value: Statistical significance of the solvation energy gain. Values below 0.5 indicate an interface more hydrophobic than would be expected by chance, that is, an interface likely to be interaction-specific rather than a crystal-packing artefact.')
 6 APPPATH/Views/entry.php(562): esc('ΔiG P-value: Statistical significance of the solvation energy gain. Values below 0.5 indicate an interface more hydrophobic than would be expected by chance, that is, an interface likely to be interaction-specific rather than a crystal-packing artefact.', 'attr')
 7 SYSTEMPATH/View/View.php(226): include('/Users/diego/Documents/GitHub/propedia26/app/Views/entry.php')
 8 SYSTEMPATH/View/View.php(229): CodeIgniter\View\View->{closure:CodeIgniter\View\View::render():223}()
 9 SYSTEMPATH/Common.php(1167): CodeIgniter\View\View->render('entry', [], true)
10 APPPATH/Controllers/Entry.php(57): view('entry', [...])
11 SYSTEMPATH/CodeIgniter.php(933): App\Controllers\Entry->entry('1WRZ-B-A')
12 SYSTEMPATH/CodeIgniter.php(507): CodeIgniter\CodeIgniter->runController(Object(App\Controllers\Entry))
13 SYSTEMPATH/CodeIgniter.php(354): CodeIgniter\CodeIgniter->handleRequest(null, Object(Config\Cache), false)
14 SYSTEMPATH/Boot.php(363): CodeIgniter\CodeIgniter->run()
15 SYSTEMPATH/Boot.php(68): CodeIgniter\Boot::runCodeIgniter(Object(CodeIgniter\CodeIgniter))
16 FCPATH/index.php(59): CodeIgniter\Boot::bootWeb(Object(Config\Paths))
17 SYSTEMPATH/rewrite.php(44): require_once('/Users/diego/Documents/GitHub/propedia26/public/index.php')
WARNING - 2026-08-26 07:10:52 --> [DEPRECATED] ord(): Providing a string that is not one byte long is deprecated. Use ord($str[0]) instead in SYSTEMPATH/ThirdParty/Escaper/Escaper.php on line 250.
 1 SYSTEMPATH/ThirdParty/Escaper/Escaper.php(250): ord('Δ')
 2 SYSTEMPATH/ThirdParty/Escaper/Escaper.php(167): Laminas\Escaper\Escaper->htmlAttrMatcher([...])
 3 [internal function]: Laminas\Escaper\Escaper->{closure:Laminas\Escaper\Escaper::__construct():167}([...])
 4 SYSTEMPATH/ThirdParty/Escaper/Escaper.php(200): preg_replace_callback('/[^a-z0-9,\\.\\-_]/iSu', Object(Closure), 'Total Interaction Energy: Solvation energy gain summed over all the interfaces of the structure, in kcal/mol. It is equal to the interface ΔiG when the structure has a single interface.')
 5 SYSTEMPATH/Common.php(448): Laminas\Escaper\Escaper->escapeHtmlAttr('Total Interaction Energy: Solvation energy gain summed over all the interfaces of the structure, in kcal/mol. It is equal to the interface ΔiG when the structure has a single interface.')
 6 APPPATH/Views/entry.php(562): esc('Total Interaction Energy: Solvation energy gain summed over all the interfaces of the structure, in kcal/mol. It is equal to the interface ΔiG when the structure has a single interface.', 'attr')
 7 SYSTEMPATH/View/View.php(226): include('/Users/diego/Documents/GitHub/propedia26/app/Views/entry.php')
 8 SYSTEMPATH/View/View.php(229): CodeIgniter\View\View->{closure:CodeIgniter\View\View::render():223}()
 9 SYSTEMPATH/Common.php(1167): CodeIgniter\View\View->render('entry', [], true)
10 APPPATH/Controllers/Entry.php(57): view('entry', [...])
11 SYSTEMPATH/CodeIgniter.php(933): App\Controllers\Entry->entry('1WRZ-B-A')
12 SYSTEMPATH/CodeIgniter.php(507): CodeIgniter\CodeIgniter->runController(Object(App\Controllers\Entry))
13 SYSTEMPATH/CodeIgniter.php(354): CodeIgniter\CodeIgniter->handleRequest(null, Object(Config\Cache), false)
14 SYSTEMPATH/Boot.php(363): CodeIgniter\CodeIgniter->run()
15 SYSTEMPATH/Boot.php(68): CodeIgniter\Boot::runCodeIgniter(Object(CodeIgniter\CodeIgniter))
16 FCPATH/index.php(59): CodeIgniter\Boot::bootWeb(Object(Config\Paths))
17 SYSTEMPATH/rewrite.php(44): require_once('/Users/diego/Documents/GitHub/propedia26/public/index.php')
WARNING - 2026-08-26 07:10:52 --> [DEPRECATED] ord(): Providing a string that is not one byte long is deprecated. Use ord($str[0]) instead in SYSTEMPATH/ThirdParty/Escaper/Escaper.php on line 250.
 1 SYSTEMPATH/ThirdParty/Escaper/Escaper.php(250): ord('Δ')
 2 SYSTEMPATH/ThirdParty/Escaper/Escaper.php(167): Laminas\Escaper\Escaper->htmlAttrMatcher([...])
 3 [internal function]: Laminas\Escaper\Escaper->{closure:Laminas\Escaper\Escaper::__construct():167}([...])
 4 SYSTEMPATH/ThirdParty/Escaper/Escaper.php(200): preg_replace_callback('/[^a-z0-9,\\.\\-_]/iSu', Object(Closure), 'Dissociation Free Energy (ΔGdiss): Free energy required to dissociate the complex, in kcal/mol. Positive values indicate a thermodynamically stable complex. It is the PISA counterpart of the binding affinity predicted by PRODIGY, reported in the Interaction energy section above with the opposite sign.')
 5 SYSTEMPATH/Common.php(448): Laminas\Escaper\Escaper->escapeHtmlAttr('Dissociation Free Energy (ΔGdiss): Free energy required to dissociate the complex, in kcal/mol. Positive values indicate a thermodynamically stable complex. It is the PISA counterpart of the binding affinity predicted by PRODIGY, reported in the Interaction energy section above with the opposite sign.')
 6 APPPATH/Views/entry.php(562): esc('Dissociation Free Energy (ΔGdiss): Free energy required to dissociate the complex, in kcal/mol. Positive values indicate a thermodynamically stable complex. It is the PISA counterpart of the binding affinity predicted by PRODIGY, reported in the Interaction energy section above with the opposite sign.', 'attr')
 7 SYSTEMPATH/View/View.php(226): include('/Users/diego/Documents/GitHub/propedia26/app/Views/entry.php')
 8 SYSTEMPATH/View/View.php(229): CodeIgniter\View\View->{closure:CodeIgniter\View\View::render():223}()
 9 SYSTEMPATH/Common.php(1167): CodeIgniter\View\View->render('entry', [], true)
10 APPPATH/Controllers/Entry.php(57): view('entry', [...])
11 SYSTEMPATH/CodeIgniter.php(933): App\Controllers\Entry->entry('1WRZ-B-A')
12 SYSTEMPATH/CodeIgniter.php(507): CodeIgniter\CodeIgniter->runController(Object(App\Controllers\Entry))
13 SYSTEMPATH/CodeIgniter.php(354): CodeIgniter\CodeIgniter->handleRequest(null, Object(Config\Cache), false)
14 SYSTEMPATH/Boot.php(363): CodeIgniter\CodeIgniter->run()
15 SYSTEMPATH/Boot.php(68): CodeIgniter\Boot::runCodeIgniter(Object(CodeIgniter\CodeIgniter))
16 FCPATH/index.php(59): CodeIgniter\Boot::bootWeb(Object(Config\Paths))
17 SYSTEMPATH/rewrite.php(44): require_once('/Users/diego/Documents/GitHub/propedia26/public/index.php')
WARNING - 2026-08-26 07:10:52 --> [DEPRECATED] ord(): Providing a string that is not one byte long is deprecated. Use ord($str[0]) instead in SYSTEMPATH/ThirdParty/Escaper/Escaper.php on line 250.
 1 SYSTEMPATH/ThirdParty/Escaper/Escaper.php(250): ord('Δ')
 2 SYSTEMPATH/ThirdParty/Escaper/Escaper.php(167): Laminas\Escaper\Escaper->htmlAttrMatcher([...])
 3 [internal function]: Laminas\Escaper\Escaper->{closure:Laminas\Escaper\Escaper::__construct():167}([...])
 4 SYSTEMPATH/ThirdParty/Escaper/Escaper.php(200): preg_replace_callback('/[^a-z0-9,\\.\\-_]/iSu', Object(Closure), 'Dissociation Entropy (TΔS): Entropic cost of the association, in kcal/mol. It always opposes the formation of the complex and is taken into account in the calculation of ΔGdiss.')
 5 SYSTEMPATH/Common.php(448): Laminas\Escaper\Escaper->escapeHtmlAttr('Dissociation Entropy (TΔS): Entropic cost of the association, in kcal/mol. It always opposes the formation of the complex and is taken into account in the calculation of ΔGdiss.')
 6 APPPATH/Views/entry.php(562): esc('Dissociation Entropy (TΔS): Entropic cost of the association, in kcal/mol. It always opposes the formation of the complex and is taken into account in the calculation of ΔGdiss.', 'attr')
 7 SYSTEMPATH/View/View.php(226): include('/Users/diego/Documents/GitHub/propedia26/app/Views/entry.php')
 8 SYSTEMPATH/View/View.php(229): CodeIgniter\View\View->{closure:CodeIgniter\View\View::render():223}()
 9 SYSTEMPATH/Common.php(1167): CodeIgniter\View\View->render('entry', [], true)
10 APPPATH/Controllers/Entry.php(57): view('entry', [...])
11 SYSTEMPATH/CodeIgniter.php(933): App\Controllers\Entry->entry('1WRZ-B-A')
12 SYSTEMPATH/CodeIgniter.php(507): CodeIgniter\CodeIgniter->runController(Object(App\Controllers\Entry))
13 SYSTEMPATH/CodeIgniter.php(354): CodeIgniter\CodeIgniter->handleRequest(null, Object(Config\Cache), false)
14 SYSTEMPATH/Boot.php(363): CodeIgniter\CodeIgniter->run()
15 SYSTEMPATH/Boot.php(68): CodeIgniter\Boot::runCodeIgniter(Object(CodeIgniter\CodeIgniter))
16 FCPATH/index.php(59): CodeIgniter\Boot::bootWeb(Object(Config\Paths))
17 SYSTEMPATH/rewrite.php(44): require_once('/Users/diego/Documents/GitHub/propedia26/public/index.php')
WARNING - 2026-08-26 07:10:52 --> [DEPRECATED] ord(): Providing a string that is not one byte long is deprecated. Use ord($str[0]) instead in SYSTEMPATH/ThirdParty/Escaper/Escaper.php on line 250.
 1 SYSTEMPATH/ThirdParty/Escaper/Escaper.php(250): ord('Δ')
 2 SYSTEMPATH/ThirdParty/Escaper/Escaper.php(167): Laminas\Escaper\Escaper->htmlAttrMatcher([...])
 3 [internal function]: Laminas\Escaper\Escaper->{closure:Laminas\Escaper\Escaper::__construct():167}([...])
 4 SYSTEMPATH/ThirdParty/Escaper/Escaper.php(200): preg_replace_callback('/[^a-z0-9,\\.\\-_]/iSu', Object(Closure), 'Dissociation Entropy (TΔS): Entropic cost of the association, in kcal/mol. It always opposes the formation of the complex and is taken into account in the calculation of ΔGdiss.')
 5 SYSTEMPATH/Common.php(448): Laminas\Escaper\Escaper->escapeHtmlAttr('Dissociation Entropy (TΔS): Entropic cost of the association, in kcal/mol. It always opposes the formation of the complex and is taken into account in the calculation of ΔGdiss.')
 6 APPPATH/Views/entry.php(562): esc('Dissociation Entropy (TΔS): Entropic cost of the association, in kcal/mol. It always opposes the formation of the complex and is taken into account in the calculation of ΔGdiss.', 'attr')
 7 SYSTEMPATH/View/View.php(226): include('/Users/diego/Documents/GitHub/propedia26/app/Views/entry.php')
 8 SYSTEMPATH/View/View.php(229): CodeIgniter\View\View->{closure:CodeIgniter\View\View::render():223}()
 9 SYSTEMPATH/Common.php(1167): CodeIgniter\View\View->render('entry', [], true)
10 APPPATH/Controllers/Entry.php(57): view('entry', [...])
11 SYSTEMPATH/CodeIgniter.php(933): App\Controllers\Entry->entry('1WRZ-B-A')
12 SYSTEMPATH/CodeIgniter.php(507): CodeIgniter\CodeIgniter->runController(Object(App\Controllers\Entry))
13 SYSTEMPATH/CodeIgniter.php(354): CodeIgniter\CodeIgniter->handleRequest(null, Object(Config\Cache), false)
14 SYSTEMPATH/Boot.php(363): CodeIgniter\CodeIgniter->run()
15 SYSTEMPATH/Boot.php(68): CodeIgniter\Boot::runCodeIgniter(Object(CodeIgniter\CodeIgniter))
16 FCPATH/index.php(59): CodeIgniter\Boot::bootWeb(Object(Config\Paths))
17 SYSTEMPATH/rewrite.php(44): require_once('/Users/diego/Documents/GitHub/propedia26/public/index.php')
DEBUG - 2026-08-26 07:10:52 --> Session: Class initialized using 'CodeIgniter\Session\Handlers\FileHandler' driver.
WARNING - 2026-08-26 07:11:44 --> [DEPRECATED] fgetcsv(): the $escape parameter must be provided as its default value will change in APPPATH/Controllers/Entry.php on line 37.
 1 APPPATH/Controllers/Entry.php(37): fgetcsv(resource (stream), 0, ';')
 2 SYSTEMPATH/CodeIgniter.php(933): App\Controllers\Entry->entry('1WRZ-B-A')
 3 SYSTEMPATH/CodeIgniter.php(507): CodeIgniter\CodeIgniter->runController(Object(App\Controllers\Entry))
 4 SYSTEMPATH/CodeIgniter.php(354): CodeIgniter\CodeIgniter->handleRequest(null, Object(Config\Cache), false)
 5 SYSTEMPATH/Boot.php(363): CodeIgniter\CodeIgniter->run()
 6 SYSTEMPATH/Boot.php(68): CodeIgniter\Boot::runCodeIgniter(Object(CodeIgniter\CodeIgniter))
 7 FCPATH/index.php(59): CodeIgniter\Boot::bootWeb(Object(Config\Paths))
 8 SYSTEMPATH/rewrite.php(44): require_once('/Users/diego/Documents/GitHub/propedia26/public/index.php')
WARNING - 2026-08-26 07:11:44 --> [DEPRECATED] ord(): Providing a string that is not one byte long is deprecated. Use ord($str[0]) instead in SYSTEMPATH/ThirdParty/Escaper/Escaper.php on line 250.
 1 SYSTEMPATH/ThirdParty/Escaper/Escaper.php(250): ord('Å')
 2 SYSTEMPATH/ThirdParty/Escaper/Escaper.php(167): Laminas\Escaper\Escaper->htmlAttrMatcher([...])
 3 [internal function]: Laminas\Escaper\Escaper->{closure:Laminas\Escaper\Escaper::__construct():167}([...])
 4 SYSTEMPATH/ThirdParty/Escaper/Escaper.php(200): preg_replace_callback('/[^a-z0-9,\\.\\-_]/iSu', Object(Closure), 'Interface Area: Area of one face of the protein-peptide interface, given in Å². It corresponds to the BSA calculated with NACCESS, reported in the Surface section above.')
 5 SYSTEMPATH/Common.php(448): Laminas\Escaper\Escaper->escapeHtmlAttr('Interface Area: Area of one face of the protein-peptide interface, given in Å². It corresponds to the BSA calculated with NACCESS, reported in the Surface section above.')
 6 APPPATH/Views/entry.php(562): esc('Interface Area: Area of one face of the protein-peptide interface, given in Å². It corresponds to the BSA calculated with NACCESS, reported in the Surface section above.', 'attr')
 7 SYSTEMPATH/View/View.php(226): include('/Users/diego/Documents/GitHub/propedia26/app/Views/entry.php')
 8 SYSTEMPATH/View/View.php(229): CodeIgniter\View\View->{closure:CodeIgniter\View\View::render():223}()
 9 SYSTEMPATH/Common.php(1167): CodeIgniter\View\View->render('entry', [], true)
10 APPPATH/Controllers/Entry.php(57): view('entry', [...])
11 SYSTEMPATH/CodeIgniter.php(933): App\Controllers\Entry->entry('1WRZ-B-A')
12 SYSTEMPATH/CodeIgniter.php(507): CodeIgniter\CodeIgniter->runController(Object(App\Controllers\Entry))
13 SYSTEMPATH/CodeIgniter.php(354): CodeIgniter\CodeIgniter->handleRequest(null, Object(Config\Cache), false)
14 SYSTEMPATH/Boot.php(363): CodeIgniter\CodeIgniter->run()
15 SYSTEMPATH/Boot.php(68): CodeIgniter\Boot::runCodeIgniter(Object(CodeIgniter\CodeIgniter))
16 FCPATH/index.php(59): CodeIgniter\Boot::bootWeb(Object(Config\Paths))
17 SYSTEMPATH/rewrite.php(44): require_once('/Users/diego/Documents/GitHub/propedia26/public/index.php')
WARNING - 2026-08-26 07:11:44 --> [DEPRECATED] ord(): Providing a string that is not one byte long is deprecated. Use ord($str[0]) instead in SYSTEMPATH/ThirdParty/Escaper/Escaper.php on line 250.
 1 SYSTEMPATH/ThirdParty/Escaper/Escaper.php(250): ord('²')
 2 SYSTEMPATH/ThirdParty/Escaper/Escaper.php(167): Laminas\Escaper\Escaper->htmlAttrMatcher([...])
 3 [internal function]: Laminas\Escaper\Escaper->{closure:Laminas\Escaper\Escaper::__construct():167}([...])
 4 SYSTEMPATH/ThirdParty/Escaper/Escaper.php(200): preg_replace_callback('/[^a-z0-9,\\.\\-_]/iSu', Object(Closure), 'Interface Area: Area of one face of the protein-peptide interface, given in Å². It corresponds to the BSA calculated with NACCESS, reported in the Surface section above.')
 5 SYSTEMPATH/Common.php(448): Laminas\Escaper\Escaper->escapeHtmlAttr('Interface Area: Area of one face of the protein-peptide interface, given in Å². It corresponds to the BSA calculated with NACCESS, reported in the Surface section above.')
 6 APPPATH/Views/entry.php(562): esc('Interface Area: Area of one face of the protein-peptide interface, given in Å². It corresponds to the BSA calculated with NACCESS, reported in the Surface section above.', 'attr')
 7 SYSTEMPATH/View/View.php(226): include('/Users/diego/Documents/GitHub/propedia26/app/Views/entry.php')
 8 SYSTEMPATH/View/View.php(229): CodeIgniter\View\View->{closure:CodeIgniter\View\View::render():223}()
 9 SYSTEMPATH/Common.php(1167): CodeIgniter\View\View->render('entry', [], true)
10 APPPATH/Controllers/Entry.php(57): view('entry', [...])
11 SYSTEMPATH/CodeIgniter.php(933): App\Controllers\Entry->entry('1WRZ-B-A')
12 SYSTEMPATH/CodeIgniter.php(507): CodeIgniter\CodeIgniter->runController(Object(App\Controllers\Entry))
13 SYSTEMPATH/CodeIgniter.php(354): CodeIgniter\CodeIgniter->handleRequest(null, Object(Config\Cache), false)
14 SYSTEMPATH/Boot.php(363): CodeIgniter\CodeIgniter->run()
15 SYSTEMPATH/Boot.php(68): CodeIgniter\Boot::runCodeIgniter(Object(CodeIgniter\CodeIgniter))
16 FCPATH/index.php(59): CodeIgniter\Boot::bootWeb(Object(Config\Paths))
17 SYSTEMPATH/rewrite.php(44): require_once('/Users/diego/Documents/GitHub/propedia26/public/index.php')
WARNING - 2026-08-26 07:11:44 --> [DEPRECATED] ord(): Providing a string that is not one byte long is deprecated. Use ord($str[0]) instead in SYSTEMPATH/ThirdParty/Escaper/Escaper.php on line 250.
 1 SYSTEMPATH/ThirdParty/Escaper/Escaper.php(250): ord('Å')
 2 SYSTEMPATH/ThirdParty/Escaper/Escaper.php(167): Laminas\Escaper\Escaper->htmlAttrMatcher([...])
 3 [internal function]: Laminas\Escaper\Escaper->{closure:Laminas\Escaper\Escaper::__construct():167}([...])
 4 SYSTEMPATH/ThirdParty/Escaper/Escaper.php(200): preg_replace_callback('/[^a-z0-9,\\.\\-_]/iSu', Object(Closure), 'Buried Area (peptide): Peptide surface area that becomes buried upon formation of the interface (value given in Å²).')
 5 SYSTEMPATH/Common.php(448): Laminas\Escaper\Escaper->escapeHtmlAttr('Buried Area (peptide): Peptide surface area that becomes buried upon formation of the interface (value given in Å²).')
 6 APPPATH/Views/entry.php(562): esc('Buried Area (peptide): Peptide surface area that becomes buried upon formation of the interface (value given in Å²).', 'attr')
 7 SYSTEMPATH/View/View.php(226): include('/Users/diego/Documents/GitHub/propedia26/app/Views/entry.php')
 8 SYSTEMPATH/View/View.php(229): CodeIgniter\View\View->{closure:CodeIgniter\View\View::render():223}()
 9 SYSTEMPATH/Common.php(1167): CodeIgniter\View\View->render('entry', [], true)
10 APPPATH/Controllers/Entry.php(57): view('entry', [...])
11 SYSTEMPATH/CodeIgniter.php(933): App\Controllers\Entry->entry('1WRZ-B-A')
12 SYSTEMPATH/CodeIgniter.php(507): CodeIgniter\CodeIgniter->runController(Object(App\Controllers\Entry))
13 SYSTEMPATH/CodeIgniter.php(354): CodeIgniter\CodeIgniter->handleRequest(null, Object(Config\Cache), false)
14 SYSTEMPATH/Boot.php(363): CodeIgniter\CodeIgniter->run()
15 SYSTEMPATH/Boot.php(68): CodeIgniter\Boot::runCodeIgniter(Object(CodeIgniter\CodeIgniter))
16 FCPATH/index.php(59): CodeIgniter\Boot::bootWeb(Object(Config\Paths))
17 SYSTEMPATH/rewrite.php(44): require_once('/Users/diego/Documents/GitHub/propedia26/public/index.php')
WARNING - 2026-08-26 07:11:44 --> [DEPRECATED] ord(): Providing a string that is not one byte long is deprecated. Use ord($str[0]) instead in SYSTEMPATH/ThirdParty/Escaper/Escaper.php on line 250.
 1 SYSTEMPATH/ThirdParty/Escaper/Escaper.php(250): ord('²')
 2 SYSTEMPATH/ThirdParty/Escaper/Escaper.php(167): Laminas\Escaper\Escaper->htmlAttrMatcher([...])
 3 [internal function]: Laminas\Escaper\Escaper->{closure:Laminas\Escaper\Escaper::__construct():167}([...])
 4 SYSTEMPATH/ThirdParty/Escaper/Escaper.php(200): preg_replace_callback('/[^a-z0-9,\\.\\-_]/iSu', Object(Closure), 'Buried Area (peptide): Peptide surface area that becomes buried upon formation of the interface (value given in Å²).')
 5 SYSTEMPATH/Common.php(448): Laminas\Escaper\Escaper->escapeHtmlAttr('Buried Area (peptide): Peptide surface area that becomes buried upon formation of the interface (value given in Å²).')
 6 APPPATH/Views/entry.php(562): esc('Buried Area (peptide): Peptide surface area that becomes buried upon formation of the interface (value given in Å²).', 'attr')
 7 SYSTEMPATH/View/View.php(226): include('/Users/diego/Documents/GitHub/propedia26/app/Views/entry.php')
 8 SYSTEMPATH/View/View.php(229): CodeIgniter\View\View->{closure:CodeIgniter\View\View::render():223}()
 9 SYSTEMPATH/Common.php(1167): CodeIgniter\View\View->render('entry', [], true)
10 APPPATH/Controllers/Entry.php(57): view('entry', [...])
11 SYSTEMPATH/CodeIgniter.php(933): App\Controllers\Entry->entry('1WRZ-B-A')
12 SYSTEMPATH/CodeIgniter.php(507): CodeIgniter\CodeIgniter->runController(Object(App\Controllers\Entry))
13 SYSTEMPATH/CodeIgniter.php(354): CodeIgniter\CodeIgniter->handleRequest(null, Object(Config\Cache), false)
14 SYSTEMPATH/Boot.php(363): CodeIgniter\CodeIgniter->run()
15 SYSTEMPATH/Boot.php(68): CodeIgniter\Boot::runCodeIgniter(Object(CodeIgniter\CodeIgniter))
16 FCPATH/index.php(59): CodeIgniter\Boot::bootWeb(Object(Config\Paths))
17 SYSTEMPATH/rewrite.php(44): require_once('/Users/diego/Documents/GitHub/propedia26/public/index.php')
WARNING - 2026-08-26 07:11:44 --> [DEPRECATED] ord(): Providing a string that is not one byte long is deprecated. Use ord($str[0]) instead in SYSTEMPATH/ThirdParty/Escaper/Escaper.php on line 250.
 1 SYSTEMPATH/ThirdParty/Escaper/Escaper.php(250): ord('Å')
 2 SYSTEMPATH/ThirdParty/Escaper/Escaper.php(167): Laminas\Escaper\Escaper->htmlAttrMatcher([...])
 3 [internal function]: Laminas\Escaper\Escaper->{closure:Laminas\Escaper\Escaper::__construct():167}([...])
 4 SYSTEMPATH/ThirdParty/Escaper/Escaper.php(200): preg_replace_callback('/[^a-z0-9,\\.\\-_]/iSu', Object(Closure), 'Buried Area (protein): Protein surface area that becomes buried upon formation of the interface (value given in Å²).')
 5 SYSTEMPATH/Common.php(448): Laminas\Escaper\Escaper->escapeHtmlAttr('Buried Area (protein): Protein surface area that becomes buried upon formation of the interface (value given in Å²).')
 6 APPPATH/Views/entry.php(562): esc('Buried Area (protein): Protein surface area that becomes buried upon formation of the interface (value given in Å²).', 'attr')
 7 SYSTEMPATH/View/View.php(226): include('/Users/diego/Documents/GitHub/propedia26/app/Views/entry.php')
 8 SYSTEMPATH/View/View.php(229): CodeIgniter\View\View->{closure:CodeIgniter\View\View::render():223}()
 9 SYSTEMPATH/Common.php(1167): CodeIgniter\View\View->render('entry', [], true)
10 APPPATH/Controllers/Entry.php(57): view('entry', [...])
11 SYSTEMPATH/CodeIgniter.php(933): App\Controllers\Entry->entry('1WRZ-B-A')
12 SYSTEMPATH/CodeIgniter.php(507): CodeIgniter\CodeIgniter->runController(Object(App\Controllers\Entry))
13 SYSTEMPATH/CodeIgniter.php(354): CodeIgniter\CodeIgniter->handleRequest(null, Object(Config\Cache), false)
14 SYSTEMPATH/Boot.php(363): CodeIgniter\CodeIgniter->run()
15 SYSTEMPATH/Boot.php(68): CodeIgniter\Boot::runCodeIgniter(Object(CodeIgniter\CodeIgniter))
16 FCPATH/index.php(59): CodeIgniter\Boot::bootWeb(Object(Config\Paths))
17 SYSTEMPATH/rewrite.php(44): require_once('/Users/diego/Documents/GitHub/propedia26/public/index.php')
WARNING - 2026-08-26 07:11:44 --> [DEPRECATED] ord(): Providing a string that is not one byte long is deprecated. Use ord($str[0]) instead in SYSTEMPATH/ThirdParty/Escaper/Escaper.php on line 250.
 1 SYSTEMPATH/ThirdParty/Escaper/Escaper.php(250): ord('²')
 2 SYSTEMPATH/ThirdParty/Escaper/Escaper.php(167): Laminas\Escaper\Escaper->htmlAttrMatcher([...])
 3 [internal function]: Laminas\Escaper\Escaper->{closure:Laminas\Escaper\Escaper::__construct():167}([...])
 4 SYSTEMPATH/ThirdParty/Escaper/Escaper.php(200): preg_replace_callback('/[^a-z0-9,\\.\\-_]/iSu', Object(Closure), 'Buried Area (protein): Protein surface area that becomes buried upon formation of the interface (value given in Å²).')
 5 SYSTEMPATH/Common.php(448): Laminas\Escaper\Escaper->escapeHtmlAttr('Buried Area (protein): Protein surface area that becomes buried upon formation of the interface (value given in Å²).')
 6 APPPATH/Views/entry.php(562): esc('Buried Area (protein): Protein surface area that becomes buried upon formation of the interface (value given in Å²).', 'attr')
 7 SYSTEMPATH/View/View.php(226): include('/Users/diego/Documents/GitHub/propedia26/app/Views/entry.php')
 8 SYSTEMPATH/View/View.php(229): CodeIgniter\View\View->{closure:CodeIgniter\View\View::render():223}()
 9 SYSTEMPATH/Common.php(1167): CodeIgniter\View\View->render('entry', [], true)
10 APPPATH/Controllers/Entry.php(57): view('entry', [...])
11 SYSTEMPATH/CodeIgniter.php(933): App\Controllers\Entry->entry('1WRZ-B-A')
12 SYSTEMPATH/CodeIgniter.php(507): CodeIgniter\CodeIgniter->runController(Object(App\Controllers\Entry))
13 SYSTEMPATH/CodeIgniter.php(354): CodeIgniter\CodeIgniter->handleRequest(null, Object(Config\Cache), false)
14 SYSTEMPATH/Boot.php(363): CodeIgniter\CodeIgniter->run()
15 SYSTEMPATH/Boot.php(68): CodeIgniter\Boot::runCodeIgniter(Object(CodeIgniter\CodeIgniter))
16 FCPATH/index.php(59): CodeIgniter\Boot::bootWeb(Object(Config\Paths))
17 SYSTEMPATH/rewrite.php(44): require_once('/Users/diego/Documents/GitHub/propedia26/public/index.php')
WARNING - 2026-08-26 07:11:44 --> [DEPRECATED] ord(): Providing a string that is not one byte long is deprecated. Use ord($str[0]) instead in SYSTEMPATH/ThirdParty/Escaper/Escaper.php on line 250.
 1 SYSTEMPATH/ThirdParty/Escaper/Escaper.php(250): ord('Å')
 2 SYSTEMPATH/ThirdParty/Escaper/Escaper.php(167): Laminas\Escaper\Escaper->htmlAttrMatcher([...])
 3 [internal function]: Laminas\Escaper\Escaper->{closure:Laminas\Escaper\Escaper::__construct():167}([...])
 4 SYSTEMPATH/ThirdParty/Escaper/Escaper.php(200): preg_replace_callback('/[^a-z0-9,\\.\\-_]/iSu', Object(Closure), 'Total Buried Area: Total surface area buried by the association, counting both faces of the interface, in Å². It is therefore about twice the BSA reported by NACCESS, which counts a single face.')
 5 SYSTEMPATH/Common.php(448): Laminas\Escaper\Escaper->escapeHtmlAttr('Total Buried Area: Total surface area buried by the association, counting both faces of the interface, in Å². It is therefore about twice the BSA reported by NACCESS, which counts a single face.')
 6 APPPATH/Views/entry.php(562): esc('Total Buried Area: Total surface area buried by the association, counting both faces of the interface, in Å². It is therefore about twice the BSA reported by NACCESS, which counts a single face.', 'attr')
 7 SYSTEMPATH/View/View.php(226): include('/Users/diego/Documents/GitHub/propedia26/app/Views/entry.php')
 8 SYSTEMPATH/View/View.php(229): CodeIgniter\View\View->{closure:CodeIgniter\View\View::render():223}()
 9 SYSTEMPATH/Common.php(1167): CodeIgniter\View\View->render('entry', [], true)
10 APPPATH/Controllers/Entry.php(57): view('entry', [...])
11 SYSTEMPATH/CodeIgniter.php(933): App\Controllers\Entry->entry('1WRZ-B-A')
12 SYSTEMPATH/CodeIgniter.php(507): CodeIgniter\CodeIgniter->runController(Object(App\Controllers\Entry))
13 SYSTEMPATH/CodeIgniter.php(354): CodeIgniter\CodeIgniter->handleRequest(null, Object(Config\Cache), false)
14 SYSTEMPATH/Boot.php(363): CodeIgniter\CodeIgniter->run()
15 SYSTEMPATH/Boot.php(68): CodeIgniter\Boot::runCodeIgniter(Object(CodeIgniter\CodeIgniter))
16 FCPATH/index.php(59): CodeIgniter\Boot::bootWeb(Object(Config\Paths))
17 SYSTEMPATH/rewrite.php(44): require_once('/Users/diego/Documents/GitHub/propedia26/public/index.php')
WARNING - 2026-08-26 07:11:44 --> [DEPRECATED] ord(): Providing a string that is not one byte long is deprecated. Use ord($str[0]) instead in SYSTEMPATH/ThirdParty/Escaper/Escaper.php on line 250.
 1 SYSTEMPATH/ThirdParty/Escaper/Escaper.php(250): ord('²')
 2 SYSTEMPATH/ThirdParty/Escaper/Escaper.php(167): Laminas\Escaper\Escaper->htmlAttrMatcher([...])
 3 [internal function]: Laminas\Escaper\Escaper->{closure:Laminas\Escaper\Escaper::__construct():167}([...])
 4 SYSTEMPATH/ThirdParty/Escaper/Escaper.php(200): preg_replace_callback('/[^a-z0-9,\\.\\-_]/iSu', Object(Closure), 'Total Buried Area: Total surface area buried by the association, counting both faces of the interface, in Å². It is therefore about twice the BSA reported by NACCESS, which counts a single face.')
 5 SYSTEMPATH/Common.php(448): Laminas\Escaper\Escaper->escapeHtmlAttr('Total Buried Area: Total surface area buried by the association, counting both faces of the interface, in Å². It is therefore about twice the BSA reported by NACCESS, which counts a single face.')
 6 APPPATH/Views/entry.php(562): esc('Total Buried Area: Total surface area buried by the association, counting both faces of the interface, in Å². It is therefore about twice the BSA reported by NACCESS, which counts a single face.', 'attr')
 7 SYSTEMPATH/View/View.php(226): include('/Users/diego/Documents/GitHub/propedia26/app/Views/entry.php')
 8 SYSTEMPATH/View/View.php(229): CodeIgniter\View\View->{closure:CodeIgniter\View\View::render():223}()
 9 SYSTEMPATH/Common.php(1167): CodeIgniter\View\View->render('entry', [], true)
10 APPPATH/Controllers/Entry.php(57): view('entry', [...])
11 SYSTEMPATH/CodeIgniter.php(933): App\Controllers\Entry->entry('1WRZ-B-A')
12 SYSTEMPATH/CodeIgniter.php(507): CodeIgniter\CodeIgniter->runController(Object(App\Controllers\Entry))
13 SYSTEMPATH/CodeIgniter.php(354): CodeIgniter\CodeIgniter->handleRequest(null, Object(Config\Cache), false)
14 SYSTEMPATH/Boot.php(363): CodeIgniter\CodeIgniter->run()
15 SYSTEMPATH/Boot.php(68): CodeIgniter\Boot::runCodeIgniter(Object(CodeIgniter\CodeIgniter))
16 FCPATH/index.php(59): CodeIgniter\Boot::bootWeb(Object(Config\Paths))
17 SYSTEMPATH/rewrite.php(44): require_once('/Users/diego/Documents/GitHub/propedia26/public/index.php')
WARNING - 2026-08-26 07:11:44 --> [DEPRECATED] ord(): Providing a string that is not one byte long is deprecated. Use ord($str[0]) instead in SYSTEMPATH/ThirdParty/Escaper/Escaper.php on line 250.
 1 SYSTEMPATH/ThirdParty/Escaper/Escaper.php(250): ord('Å')
 2 SYSTEMPATH/ThirdParty/Escaper/Escaper.php(167): Laminas\Escaper\Escaper->htmlAttrMatcher([...])
 3 [internal function]: Laminas\Escaper\Escaper->{closure:Laminas\Escaper\Escaper::__construct():167}([...])
 4 SYSTEMPATH/ThirdParty/Escaper/Escaper.php(200): preg_replace_callback('/[^a-z0-9,\\.\\-_]/iSu', Object(Closure), 'Complex ASA: Accessible surface area of the complex, given in Å². It corresponds to the ASA (complex) calculated with NACCESS, reported in the Surface section above.')
 5 SYSTEMPATH/Common.php(448): Laminas\Escaper\Escaper->escapeHtmlAttr('Complex ASA: Accessible surface area of the complex, given in Å². It corresponds to the ASA (complex) calculated with NACCESS, reported in the Surface section above.')
 6 APPPATH/Views/entry.php(562): esc('Complex ASA: Accessible surface area of the complex, given in Å². It corresponds to the ASA (complex) calculated with NACCESS, reported in the Surface section above.', 'attr')
 7 SYSTEMPATH/View/View.php(226): include('/Users/diego/Documents/GitHub/propedia26/app/Views/entry.php')
 8 SYSTEMPATH/View/View.php(229): CodeIgniter\View\View->{closure:CodeIgniter\View\View::render():223}()
 9 SYSTEMPATH/Common.php(1167): CodeIgniter\View\View->render('entry', [], true)
10 APPPATH/Controllers/Entry.php(57): view('entry', [...])
11 SYSTEMPATH/CodeIgniter.php(933): App\Controllers\Entry->entry('1WRZ-B-A')
12 SYSTEMPATH/CodeIgniter.php(507): CodeIgniter\CodeIgniter->runController(Object(App\Controllers\Entry))
13 SYSTEMPATH/CodeIgniter.php(354): CodeIgniter\CodeIgniter->handleRequest(null, Object(Config\Cache), false)
14 SYSTEMPATH/Boot.php(363): CodeIgniter\CodeIgniter->run()
15 SYSTEMPATH/Boot.php(68): CodeIgniter\Boot::runCodeIgniter(Object(CodeIgniter\CodeIgniter))
16 FCPATH/index.php(59): CodeIgniter\Boot::bootWeb(Object(Config\Paths))
17 SYSTEMPATH/rewrite.php(44): require_once('/Users/diego/Documents/GitHub/propedia26/public/index.php')
WARNING - 2026-08-26 07:11:44 --> [DEPRECATED] ord(): Providing a string that is not one byte long is deprecated. Use ord($str[0]) instead in SYSTEMPATH/ThirdParty/Escaper/Escaper.php on line 250.
 1 SYSTEMPATH/ThirdParty/Escaper/Escaper.php(250): ord('²')
 2 SYSTEMPATH/ThirdParty/Escaper/Escaper.php(167): Laminas\Escaper\Escaper->htmlAttrMatcher([...])
 3 [internal function]: Laminas\Escaper\Escaper->{closure:Laminas\Escaper\Escaper::__construct():167}([...])
 4 SYSTEMPATH/ThirdParty/Escaper/Escaper.php(200): preg_replace_callback('/[^a-z0-9,\\.\\-_]/iSu', Object(Closure), 'Complex ASA: Accessible surface area of the complex, given in Å². It corresponds to the ASA (complex) calculated with NACCESS, reported in the Surface section above.')
 5 SYSTEMPATH/Common.php(448): Laminas\Escaper\Escaper->escapeHtmlAttr('Complex ASA: Accessible surface area of the complex, given in Å². It corresponds to the ASA (complex) calculated with NACCESS, reported in the Surface section above.')
 6 APPPATH/Views/entry.php(562): esc('Complex ASA: Accessible surface area of the complex, given in Å². It corresponds to the ASA (complex) calculated with NACCESS, reported in the Surface section above.', 'attr')
 7 SYSTEMPATH/View/View.php(226): include('/Users/diego/Documents/GitHub/propedia26/app/Views/entry.php')
 8 SYSTEMPATH/View/View.php(229): CodeIgniter\View\View->{closure:CodeIgniter\View\View::render():223}()
 9 SYSTEMPATH/Common.php(1167): CodeIgniter\View\View->render('entry', [], true)
10 APPPATH/Controllers/Entry.php(57): view('entry', [...])
11 SYSTEMPATH/CodeIgniter.php(933): App\Controllers\Entry->entry('1WRZ-B-A')
12 SYSTEMPATH/CodeIgniter.php(507): CodeIgniter\CodeIgniter->runController(Object(App\Controllers\Entry))
13 SYSTEMPATH/CodeIgniter.php(354): CodeIgniter\CodeIgniter->handleRequest(null, Object(Config\Cache), false)
14 SYSTEMPATH/Boot.php(363): CodeIgniter\CodeIgniter->run()
15 SYSTEMPATH/Boot.php(68): CodeIgniter\Boot::runCodeIgniter(Object(CodeIgniter\CodeIgniter))
16 FCPATH/index.php(59): CodeIgniter\Boot::bootWeb(Object(Config\Paths))
17 SYSTEMPATH/rewrite.php(44): require_once('/Users/diego/Documents/GitHub/propedia26/public/index.php')
WARNING - 2026-08-26 07:11:44 --> [DEPRECATED] ord(): Providing a string that is not one byte long is deprecated. Use ord($str[0]) instead in SYSTEMPATH/ThirdParty/Escaper/Escaper.php on line 250.
 1 SYSTEMPATH/ThirdParty/Escaper/Escaper.php(250): ord('Å')
 2 SYSTEMPATH/ThirdParty/Escaper/Escaper.php(167): Laminas\Escaper\Escaper->htmlAttrMatcher([...])
 3 [internal function]: Laminas\Escaper\Escaper->{closure:Laminas\Escaper\Escaper::__construct():167}([...])
 4 SYSTEMPATH/ThirdParty/Escaper/Escaper.php(200): preg_replace_callback('/[^a-z0-9,\\.\\-_]/iSu', Object(Closure), 'Dissociation Area: Interface area that is broken when the complex dissociates, given in Å². It usually coincides with the interface area.')
 5 SYSTEMPATH/Common.php(448): Laminas\Escaper\Escaper->escapeHtmlAttr('Dissociation Area: Interface area that is broken when the complex dissociates, given in Å². It usually coincides with the interface area.')
 6 APPPATH/Views/entry.php(562): esc('Dissociation Area: Interface area that is broken when the complex dissociates, given in Å². It usually coincides with the interface area.', 'attr')
 7 SYSTEMPATH/View/View.php(226): include('/Users/diego/Documents/GitHub/propedia26/app/Views/entry.php')
 8 SYSTEMPATH/View/View.php(229): CodeIgniter\View\View->{closure:CodeIgniter\View\View::render():223}()
 9 SYSTEMPATH/Common.php(1167): CodeIgniter\View\View->render('entry', [], true)
10 APPPATH/Controllers/Entry.php(57): view('entry', [...])
11 SYSTEMPATH/CodeIgniter.php(933): App\Controllers\Entry->entry('1WRZ-B-A')
12 SYSTEMPATH/CodeIgniter.php(507): CodeIgniter\CodeIgniter->runController(Object(App\Controllers\Entry))
13 SYSTEMPATH/CodeIgniter.php(354): CodeIgniter\CodeIgniter->handleRequest(null, Object(Config\Cache), false)
14 SYSTEMPATH/Boot.php(363): CodeIgniter\CodeIgniter->run()
15 SYSTEMPATH/Boot.php(68): CodeIgniter\Boot::runCodeIgniter(Object(CodeIgniter\CodeIgniter))
16 FCPATH/index.php(59): CodeIgniter\Boot::bootWeb(Object(Config\Paths))
17 SYSTEMPATH/rewrite.php(44): require_once('/Users/diego/Documents/GitHub/propedia26/public/index.php')
WARNING - 2026-08-26 07:11:44 --> [DEPRECATED] ord(): Providing a string that is not one byte long is deprecated. Use ord($str[0]) instead in SYSTEMPATH/ThirdParty/Escaper/Escaper.php on line 250.
 1 SYSTEMPATH/ThirdParty/Escaper/Escaper.php(250): ord('²')
 2 SYSTEMPATH/ThirdParty/Escaper/Escaper.php(167): Laminas\Escaper\Escaper->htmlAttrMatcher([...])
 3 [internal function]: Laminas\Escaper\Escaper->{closure:Laminas\Escaper\Escaper::__construct():167}([...])
 4 SYSTEMPATH/ThirdParty/Escaper/Escaper.php(200): preg_replace_callback('/[^a-z0-9,\\.\\-_]/iSu', Object(Closure), 'Dissociation Area: Interface area that is broken when the complex dissociates, given in Å². It usually coincides with the interface area.')
 5 SYSTEMPATH/Common.php(448): Laminas\Escaper\Escaper->escapeHtmlAttr('Dissociation Area: Interface area that is broken when the complex dissociates, given in Å². It usually coincides with the interface area.')
 6 APPPATH/Views/entry.php(562): esc('Dissociation Area: Interface area that is broken when the complex dissociates, given in Å². It usually coincides with the interface area.', 'attr')
 7 SYSTEMPATH/View/View.php(226): include('/Users/diego/Documents/GitHub/propedia26/app/Views/entry.php')
 8 SYSTEMPATH/View/View.php(229): CodeIgniter\View\View->{closure:CodeIgniter\View\View::render():223}()
 9 SYSTEMPATH/Common.php(1167): CodeIgniter\View\View->render('entry', [], true)
10 APPPATH/Controllers/Entry.php(57): view('entry', [...])
11 SYSTEMPATH/CodeIgniter.php(933): App\Controllers\Entry->entry('1WRZ-B-A')
12 SYSTEMPATH/CodeIgniter.php(507): CodeIgniter\CodeIgniter->runController(Object(App\Controllers\Entry))
13 SYSTEMPATH/CodeIgniter.php(354): CodeIgniter\CodeIgniter->handleRequest(null, Object(Config\Cache), false)
14 SYSTEMPATH/Boot.php(363): CodeIgniter\CodeIgniter->run()
15 SYSTEMPATH/Boot.php(68): CodeIgniter\Boot::runCodeIgniter(Object(CodeIgniter\CodeIgniter))
16 FCPATH/index.php(59): CodeIgniter\Boot::bootWeb(Object(Config\Paths))
17 SYSTEMPATH/rewrite.php(44): require_once('/Users/diego/Documents/GitHub/propedia26/public/index.php')
WARNING - 2026-08-26 07:11:44 --> [DEPRECATED] ord(): Providing a string that is not one byte long is deprecated. Use ord($str[0]) instead in SYSTEMPATH/ThirdParty/Escaper/Escaper.php on line 250.
 1 SYSTEMPATH/ThirdParty/Escaper/Escaper.php(250): ord('Δ')
 2 SYSTEMPATH/ThirdParty/Escaper/Escaper.php(167): Laminas\Escaper\Escaper->htmlAttrMatcher([...])
 3 [internal function]: Laminas\Escaper\Escaper->{closure:Laminas\Escaper\Escaper::__construct():167}([...])
 4 SYSTEMPATH/ThirdParty/Escaper/Escaper.php(200): preg_replace_callback('/[^a-z0-9,\\.\\-_]/iSu', Object(Closure), 'Solvation Energy Gain (ΔiG): Free energy gain, in kcal/mol, obtained on formation of the interface. Negative values indicate a hydrophobic interface, which favours the association. It does not include the contribution of hydrogen bonds and salt bridges across the interface.')
 5 SYSTEMPATH/Common.php(448): Laminas\Escaper\Escaper->escapeHtmlAttr('Solvation Energy Gain (ΔiG): Free energy gain, in kcal/mol, obtained on formation of the interface. Negative values indicate a hydrophobic interface, which favours the association. It does not include the contribution of hydrogen bonds and salt bridges across the interface.')
 6 APPPATH/Views/entry.php(562): esc('Solvation Energy Gain (ΔiG): Free energy gain, in kcal/mol, obtained on formation of the interface. Negative values indicate a hydrophobic interface, which favours the association. It does not include the contribution of hydrogen bonds and salt bridges across the interface.', 'attr')
 7 SYSTEMPATH/View/View.php(226): include('/Users/diego/Documents/GitHub/propedia26/app/Views/entry.php')
 8 SYSTEMPATH/View/View.php(229): CodeIgniter\View\View->{closure:CodeIgniter\View\View::render():223}()
 9 SYSTEMPATH/Common.php(1167): CodeIgniter\View\View->render('entry', [], true)
10 APPPATH/Controllers/Entry.php(57): view('entry', [...])
11 SYSTEMPATH/CodeIgniter.php(933): App\Controllers\Entry->entry('1WRZ-B-A')
12 SYSTEMPATH/CodeIgniter.php(507): CodeIgniter\CodeIgniter->runController(Object(App\Controllers\Entry))
13 SYSTEMPATH/CodeIgniter.php(354): CodeIgniter\CodeIgniter->handleRequest(null, Object(Config\Cache), false)
14 SYSTEMPATH/Boot.php(363): CodeIgniter\CodeIgniter->run()
15 SYSTEMPATH/Boot.php(68): CodeIgniter\Boot::runCodeIgniter(Object(CodeIgniter\CodeIgniter))
16 FCPATH/index.php(59): CodeIgniter\Boot::bootWeb(Object(Config\Paths))
17 SYSTEMPATH/rewrite.php(44): require_once('/Users/diego/Documents/GitHub/propedia26/public/index.php')
WARNING - 2026-08-26 07:11:44 --> [DEPRECATED] ord(): Providing a string that is not one byte long is deprecated. Use ord($str[0]) instead in SYSTEMPATH/ThirdParty/Escaper/Escaper.php on line 250.
 1 SYSTEMPATH/ThirdParty/Escaper/Escaper.php(250): ord('Δ')
 2 SYSTEMPATH/ThirdParty/Escaper/Escaper.php(167): Laminas\Escaper\Escaper->htmlAttrMatcher([...])
 3 [internal function]: Laminas\Escaper\Escaper->{closure:Laminas\Escaper\Escaper::__construct():167}([...])
 4 SYSTEMPATH/ThirdParty/Escaper/Escaper.php(200): preg_replace_callback('/[^a-z0-9,\\.\\-_]/iSu', Object(Closure), 'ΔiG P-value: Statistical significance of the solvation energy gain. Values below 0.5 indicate an interface more hydrophobic than would be expected by chance, that is, an interface likely to be interaction-specific rather than a crystal-packing artefact.')
 5 SYSTEMPATH/Common.php(448): Laminas\Escaper\Escaper->escapeHtmlAttr('ΔiG P-value: Statistical significance of the solvation energy gain. Values below 0.5 indicate an interface more hydrophobic than would be expected by chance, that is, an interface likely to be interaction-specific rather than a crystal-packing artefact.')
 6 APPPATH/Views/entry.php(562): esc('ΔiG P-value: Statistical significance of the solvation energy gain. Values below 0.5 indicate an interface more hydrophobic than would be expected by chance, that is, an interface likely to be interaction-specific rather than a crystal-packing artefact.', 'attr')
 7 SYSTEMPATH/View/View.php(226): include('/Users/diego/Documents/GitHub/propedia26/app/Views/entry.php')
 8 SYSTEMPATH/View/View.php(229): CodeIgniter\View\View->{closure:CodeIgniter\View\View::render():223}()
 9 SYSTEMPATH/Common.php(1167): CodeIgniter\View\View->render('entry', [], true)
10 APPPATH/Controllers/Entry.php(57): view('entry', [...])
11 SYSTEMPATH/CodeIgniter.php(933): App\Controllers\Entry->entry('1WRZ-B-A')
12 SYSTEMPATH/CodeIgniter.php(507): CodeIgniter\CodeIgniter->runController(Object(App\Controllers\Entry))
13 SYSTEMPATH/CodeIgniter.php(354): CodeIgniter\CodeIgniter->handleRequest(null, Object(Config\Cache), false)
14 SYSTEMPATH/Boot.php(363): CodeIgniter\CodeIgniter->run()
15 SYSTEMPATH/Boot.php(68): CodeIgniter\Boot::runCodeIgniter(Object(CodeIgniter\CodeIgniter))
16 FCPATH/index.php(59): CodeIgniter\Boot::bootWeb(Object(Config\Paths))
17 SYSTEMPATH/rewrite.php(44): require_once('/Users/diego/Documents/GitHub/propedia26/public/index.php')
WARNING - 2026-08-26 07:11:44 --> [DEPRECATED] ord(): Providing a string that is not one byte long is deprecated. Use ord($str[0]) instead in SYSTEMPATH/ThirdParty/Escaper/Escaper.php on line 250.
 1 SYSTEMPATH/ThirdParty/Escaper/Escaper.php(250): ord('Δ')
 2 SYSTEMPATH/ThirdParty/Escaper/Escaper.php(167): Laminas\Escaper\Escaper->htmlAttrMatcher([...])
 3 [internal function]: Laminas\Escaper\Escaper->{closure:Laminas\Escaper\Escaper::__construct():167}([...])
 4 SYSTEMPATH/ThirdParty/Escaper/Escaper.php(200): preg_replace_callback('/[^a-z0-9,\\.\\-_]/iSu', Object(Closure), 'Total Interaction Energy: Solvation energy gain summed over all the interfaces of the structure, in kcal/mol. It is equal to the interface ΔiG when the structure has a single interface.')
 5 SYSTEMPATH/Common.php(448): Laminas\Escaper\Escaper->escapeHtmlAttr('Total Interaction Energy: Solvation energy gain summed over all the interfaces of the structure, in kcal/mol. It is equal to the interface ΔiG when the structure has a single interface.')
 6 APPPATH/Views/entry.php(562): esc('Total Interaction Energy: Solvation energy gain summed over all the interfaces of the structure, in kcal/mol. It is equal to the interface ΔiG when the structure has a single interface.', 'attr')
 7 SYSTEMPATH/View/View.php(226): include('/Users/diego/Documents/GitHub/propedia26/app/Views/entry.php')
 8 SYSTEMPATH/View/View.php(229): CodeIgniter\View\View->{closure:CodeIgniter\View\View::render():223}()
 9 SYSTEMPATH/Common.php(1167): CodeIgniter\View\View->render('entry', [], true)
10 APPPATH/Controllers/Entry.php(57): view('entry', [...])
11 SYSTEMPATH/CodeIgniter.php(933): App\Controllers\Entry->entry('1WRZ-B-A')
12 SYSTEMPATH/CodeIgniter.php(507): CodeIgniter\CodeIgniter->runController(Object(App\Controllers\Entry))
13 SYSTEMPATH/CodeIgniter.php(354): CodeIgniter\CodeIgniter->handleRequest(null, Object(Config\Cache), false)
14 SYSTEMPATH/Boot.php(363): CodeIgniter\CodeIgniter->run()
15 SYSTEMPATH/Boot.php(68): CodeIgniter\Boot::runCodeIgniter(Object(CodeIgniter\CodeIgniter))
16 FCPATH/index.php(59): CodeIgniter\Boot::bootWeb(Object(Config\Paths))
17 SYSTEMPATH/rewrite.php(44): require_once('/Users/diego/Documents/GitHub/propedia26/public/index.php')
WARNING - 2026-08-26 07:11:44 --> [DEPRECATED] ord(): Providing a string that is not one byte long is deprecated. Use ord($str[0]) instead in SYSTEMPATH/ThirdParty/Escaper/Escaper.php on line 250.
 1 SYSTEMPATH/ThirdParty/Escaper/Escaper.php(250): ord('Δ')
 2 SYSTEMPATH/ThirdParty/Escaper/Escaper.php(167): Laminas\Escaper\Escaper->htmlAttrMatcher([...])
 3 [internal function]: Laminas\Escaper\Escaper->{closure:Laminas\Escaper\Escaper::__construct():167}([...])
 4 SYSTEMPATH/ThirdParty/Escaper/Escaper.php(200): preg_replace_callback('/[^a-z0-9,\\.\\-_]/iSu', Object(Closure), 'Dissociation Free Energy (ΔGdiss): Free energy required to dissociate the complex, in kcal/mol. Positive values indicate a thermodynamically stable complex. It is the PISA counterpart of the binding affinity predicted by PRODIGY, reported in the Interaction energy section above with the opposite sign.')
 5 SYSTEMPATH/Common.php(448): Laminas\Escaper\Escaper->escapeHtmlAttr('Dissociation Free Energy (ΔGdiss): Free energy required to dissociate the complex, in kcal/mol. Positive values indicate a thermodynamically stable complex. It is the PISA counterpart of the binding affinity predicted by PRODIGY, reported in the Interaction energy section above with the opposite sign.')
 6 APPPATH/Views/entry.php(562): esc('Dissociation Free Energy (ΔGdiss): Free energy required to dissociate the complex, in kcal/mol. Positive values indicate a thermodynamically stable complex. It is the PISA counterpart of the binding affinity predicted by PRODIGY, reported in the Interaction energy section above with the opposite sign.', 'attr')
 7 SYSTEMPATH/View/View.php(226): include('/Users/diego/Documents/GitHub/propedia26/app/Views/entry.php')
 8 SYSTEMPATH/View/View.php(229): CodeIgniter\View\View->{closure:CodeIgniter\View\View::render():223}()
 9 SYSTEMPATH/Common.php(1167): CodeIgniter\View\View->render('entry', [], true)
10 APPPATH/Controllers/Entry.php(57): view('entry', [...])
11 SYSTEMPATH/CodeIgniter.php(933): App\Controllers\Entry->entry('1WRZ-B-A')
12 SYSTEMPATH/CodeIgniter.php(507): CodeIgniter\CodeIgniter->runController(Object(App\Controllers\Entry))
13 SYSTEMPATH/CodeIgniter.php(354): CodeIgniter\CodeIgniter->handleRequest(null, Object(Config\Cache), false)
14 SYSTEMPATH/Boot.php(363): CodeIgniter\CodeIgniter->run()
15 SYSTEMPATH/Boot.php(68): CodeIgniter\Boot::runCodeIgniter(Object(CodeIgniter\CodeIgniter))
16 FCPATH/index.php(59): CodeIgniter\Boot::bootWeb(Object(Config\Paths))
17 SYSTEMPATH/rewrite.php(44): require_once('/Users/diego/Documents/GitHub/propedia26/public/index.php')
WARNING - 2026-08-26 07:11:44 --> [DEPRECATED] ord(): Providing a string that is not one byte long is deprecated. Use ord($str[0]) instead in SYSTEMPATH/ThirdParty/Escaper/Escaper.php on line 250.
 1 SYSTEMPATH/ThirdParty/Escaper/Escaper.php(250): ord('Δ')
 2 SYSTEMPATH/ThirdParty/Escaper/Escaper.php(167): Laminas\Escaper\Escaper->htmlAttrMatcher([...])
 3 [internal function]: Laminas\Escaper\Escaper->{closure:Laminas\Escaper\Escaper::__construct():167}([...])
 4 SYSTEMPATH/ThirdParty/Escaper/Escaper.php(200): preg_replace_callback('/[^a-z0-9,\\.\\-_]/iSu', Object(Closure), 'Dissociation Entropy (TΔS): Entropic cost of the association, in kcal/mol. It always opposes the formation of the complex and is taken into account in the calculation of ΔGdiss.')
 5 SYSTEMPATH/Common.php(448): Laminas\Escaper\Escaper->escapeHtmlAttr('Dissociation Entropy (TΔS): Entropic cost of the association, in kcal/mol. It always opposes the formation of the complex and is taken into account in the calculation of ΔGdiss.')
 6 APPPATH/Views/entry.php(562): esc('Dissociation Entropy (TΔS): Entropic cost of the association, in kcal/mol. It always opposes the formation of the complex and is taken into account in the calculation of ΔGdiss.', 'attr')
 7 SYSTEMPATH/View/View.php(226): include('/Users/diego/Documents/GitHub/propedia26/app/Views/entry.php')
 8 SYSTEMPATH/View/View.php(229): CodeIgniter\View\View->{closure:CodeIgniter\View\View::render():223}()
 9 SYSTEMPATH/Common.php(1167): CodeIgniter\View\View->render('entry', [], true)
10 APPPATH/Controllers/Entry.php(57): view('entry', [...])
11 SYSTEMPATH/CodeIgniter.php(933): App\Controllers\Entry->entry('1WRZ-B-A')
12 SYSTEMPATH/CodeIgniter.php(507): CodeIgniter\CodeIgniter->runController(Object(App\Controllers\Entry))
13 SYSTEMPATH/CodeIgniter.php(354): CodeIgniter\CodeIgniter->handleRequest(null, Object(Config\Cache), false)
14 SYSTEMPATH/Boot.php(363): CodeIgniter\CodeIgniter->run()
15 SYSTEMPATH/Boot.php(68): CodeIgniter\Boot::runCodeIgniter(Object(CodeIgniter\CodeIgniter))
16 FCPATH/index.php(59): CodeIgniter\Boot::bootWeb(Object(Config\Paths))
17 SYSTEMPATH/rewrite.php(44): require_once('/Users/diego/Documents/GitHub/propedia26/public/index.php')
WARNING - 2026-08-26 07:11:44 --> [DEPRECATED] ord(): Providing a string that is not one byte long is deprecated. Use ord($str[0]) instead in SYSTEMPATH/ThirdParty/Escaper/Escaper.php on line 250.
 1 SYSTEMPATH/ThirdParty/Escaper/Escaper.php(250): ord('Δ')
 2 SYSTEMPATH/ThirdParty/Escaper/Escaper.php(167): Laminas\Escaper\Escaper->htmlAttrMatcher([...])
 3 [internal function]: Laminas\Escaper\Escaper->{closure:Laminas\Escaper\Escaper::__construct():167}([...])
 4 SYSTEMPATH/ThirdParty/Escaper/Escaper.php(200): preg_replace_callback('/[^a-z0-9,\\.\\-_]/iSu', Object(Closure), 'Dissociation Entropy (TΔS): Entropic cost of the association, in kcal/mol. It always opposes the formation of the complex and is taken into account in the calculation of ΔGdiss.')
 5 SYSTEMPATH/Common.php(448): Laminas\Escaper\Escaper->escapeHtmlAttr('Dissociation Entropy (TΔS): Entropic cost of the association, in kcal/mol. It always opposes the formation of the complex and is taken into account in the calculation of ΔGdiss.')
 6 APPPATH/Views/entry.php(562): esc('Dissociation Entropy (TΔS): Entropic cost of the association, in kcal/mol. It always opposes the formation of the complex and is taken into account in the calculation of ΔGdiss.', 'attr')
 7 SYSTEMPATH/View/View.php(226): include('/Users/diego/Documents/GitHub/propedia26/app/Views/entry.php')
 8 SYSTEMPATH/View/View.php(229): CodeIgniter\View\View->{closure:CodeIgniter\View\View::render():223}()
 9 SYSTEMPATH/Common.php(1167): CodeIgniter\View\View->render('entry', [], true)
10 APPPATH/Controllers/Entry.php(57): view('entry', [...])
11 SYSTEMPATH/CodeIgniter.php(933): App\Controllers\Entry->entry('1WRZ-B-A')
12 SYSTEMPATH/CodeIgniter.php(507): CodeIgniter\CodeIgniter->runController(Object(App\Controllers\Entry))
13 SYSTEMPATH/CodeIgniter.php(354): CodeIgniter\CodeIgniter->handleRequest(null, Object(Config\Cache), false)
14 SYSTEMPATH/Boot.php(363): CodeIgniter\CodeIgniter->run()
15 SYSTEMPATH/Boot.php(68): CodeIgniter\Boot::runCodeIgniter(Object(CodeIgniter\CodeIgniter))
16 FCPATH/index.php(59): CodeIgniter\Boot::bootWeb(Object(Config\Paths))
17 SYSTEMPATH/rewrite.php(44): require_once('/Users/diego/Documents/GitHub/propedia26/public/index.php')
DEBUG - 2026-08-26 07:11:44 --> Session: Class initialized using 'CodeIgniter\Session\Handlers\FileHandler' driver.
WARNING - 2026-08-26 07:12:20 --> [DEPRECATED] fgetcsv(): the $escape parameter must be provided as its default value will change in APPPATH/Controllers/Entry.php on line 37.
 1 APPPATH/Controllers/Entry.php(37): fgetcsv(resource (stream), 0, ';')
 2 SYSTEMPATH/CodeIgniter.php(933): App\Controllers\Entry->entry('1WRZ-B-A')
 3 SYSTEMPATH/CodeIgniter.php(507): CodeIgniter\CodeIgniter->runController(Object(App\Controllers\Entry))
 4 SYSTEMPATH/CodeIgniter.php(354): CodeIgniter\CodeIgniter->handleRequest(null, Object(Config\Cache), false)
 5 SYSTEMPATH/Boot.php(363): CodeIgniter\CodeIgniter->run()
 6 SYSTEMPATH/Boot.php(68): CodeIgniter\Boot::runCodeIgniter(Object(CodeIgniter\CodeIgniter))
 7 FCPATH/index.php(59): CodeIgniter\Boot::bootWeb(Object(Config\Paths))
 8 SYSTEMPATH/rewrite.php(44): require_once('/Users/diego/Documents/GitHub/propedia26/public/index.php')
WARNING - 2026-08-26 07:12:20 --> [DEPRECATED] ord(): Providing a string that is not one byte long is deprecated. Use ord($str[0]) instead in SYSTEMPATH/ThirdParty/Escaper/Escaper.php on line 250.
 1 SYSTEMPATH/ThirdParty/Escaper/Escaper.php(250): ord('Å')
 2 SYSTEMPATH/ThirdParty/Escaper/Escaper.php(167): Laminas\Escaper\Escaper->htmlAttrMatcher([...])
 3 [internal function]: Laminas\Escaper\Escaper->{closure:Laminas\Escaper\Escaper::__construct():167}([...])
 4 SYSTEMPATH/ThirdParty/Escaper/Escaper.php(200): preg_replace_callback('/[^a-z0-9,\\.\\-_]/iSu', Object(Closure), 'Interface Area: Area of one face of the protein-peptide interface, given in Å². It corresponds to the BSA calculated with NACCESS, reported in the Surface section above.')
 5 SYSTEMPATH/Common.php(448): Laminas\Escaper\Escaper->escapeHtmlAttr('Interface Area: Area of one face of the protein-peptide interface, given in Å². It corresponds to the BSA calculated with NACCESS, reported in the Surface section above.')
 6 APPPATH/Views/entry.php(562): esc('Interface Area: Area of one face of the protein-peptide interface, given in Å². It corresponds to the BSA calculated with NACCESS, reported in the Surface section above.', 'attr')
 7 SYSTEMPATH/View/View.php(226): include('/Users/diego/Documents/GitHub/propedia26/app/Views/entry.php')
 8 SYSTEMPATH/View/View.php(229): CodeIgniter\View\View->{closure:CodeIgniter\View\View::render():223}()
 9 SYSTEMPATH/Common.php(1167): CodeIgniter\View\View->render('entry', [], true)
10 APPPATH/Controllers/Entry.php(57): view('entry', [...])
11 SYSTEMPATH/CodeIgniter.php(933): App\Controllers\Entry->entry('1WRZ-B-A')
12 SYSTEMPATH/CodeIgniter.php(507): CodeIgniter\CodeIgniter->runController(Object(App\Controllers\Entry))
13 SYSTEMPATH/CodeIgniter.php(354): CodeIgniter\CodeIgniter->handleRequest(null, Object(Config\Cache), false)
14 SYSTEMPATH/Boot.php(363): CodeIgniter\CodeIgniter->run()
15 SYSTEMPATH/Boot.php(68): CodeIgniter\Boot::runCodeIgniter(Object(CodeIgniter\CodeIgniter))
16 FCPATH/index.php(59): CodeIgniter\Boot::bootWeb(Object(Config\Paths))
17 SYSTEMPATH/rewrite.php(44): require_once('/Users/diego/Documents/GitHub/propedia26/public/index.php')
WARNING - 2026-08-26 07:12:20 --> [DEPRECATED] ord(): Providing a string that is not one byte long is deprecated. Use ord($str[0]) instead in SYSTEMPATH/ThirdParty/Escaper/Escaper.php on line 250.
 1 SYSTEMPATH/ThirdParty/Escaper/Escaper.php(250): ord('²')
 2 SYSTEMPATH/ThirdParty/Escaper/Escaper.php(167): Laminas\Escaper\Escaper->htmlAttrMatcher([...])
 3 [internal function]: Laminas\Escaper\Escaper->{closure:Laminas\Escaper\Escaper::__construct():167}([...])
 4 SYSTEMPATH/ThirdParty/Escaper/Escaper.php(200): preg_replace_callback('/[^a-z0-9,\\.\\-_]/iSu', Object(Closure), 'Interface Area: Area of one face of the protein-peptide interface, given in Å². It corresponds to the BSA calculated with NACCESS, reported in the Surface section above.')
 5 SYSTEMPATH/Common.php(448): Laminas\Escaper\Escaper->escapeHtmlAttr('Interface Area: Area of one face of the protein-peptide interface, given in Å². It corresponds to the BSA calculated with NACCESS, reported in the Surface section above.')
 6 APPPATH/Views/entry.php(562): esc('Interface Area: Area of one face of the protein-peptide interface, given in Å². It corresponds to the BSA calculated with NACCESS, reported in the Surface section above.', 'attr')
 7 SYSTEMPATH/View/View.php(226): include('/Users/diego/Documents/GitHub/propedia26/app/Views/entry.php')
 8 SYSTEMPATH/View/View.php(229): CodeIgniter\View\View->{closure:CodeIgniter\View\View::render():223}()
 9 SYSTEMPATH/Common.php(1167): CodeIgniter\View\View->render('entry', [], true)
10 APPPATH/Controllers/Entry.php(57): view('entry', [...])
11 SYSTEMPATH/CodeIgniter.php(933): App\Controllers\Entry->entry('1WRZ-B-A')
12 SYSTEMPATH/CodeIgniter.php(507): CodeIgniter\CodeIgniter->runController(Object(App\Controllers\Entry))
13 SYSTEMPATH/CodeIgniter.php(354): CodeIgniter\CodeIgniter->handleRequest(null, Object(Config\Cache), false)
14 SYSTEMPATH/Boot.php(363): CodeIgniter\CodeIgniter->run()
15 SYSTEMPATH/Boot.php(68): CodeIgniter\Boot::runCodeIgniter(Object(CodeIgniter\CodeIgniter))
16 FCPATH/index.php(59): CodeIgniter\Boot::bootWeb(Object(Config\Paths))
17 SYSTEMPATH/rewrite.php(44): require_once('/Users/diego/Documents/GitHub/propedia26/public/index.php')
WARNING - 2026-08-26 07:12:20 --> [DEPRECATED] ord(): Providing a string that is not one byte long is deprecated. Use ord($str[0]) instead in SYSTEMPATH/ThirdParty/Escaper/Escaper.php on line 250.
 1 SYSTEMPATH/ThirdParty/Escaper/Escaper.php(250): ord('Å')
 2 SYSTEMPATH/ThirdParty/Escaper/Escaper.php(167): Laminas\Escaper\Escaper->htmlAttrMatcher([...])
 3 [internal function]: Laminas\Escaper\Escaper->{closure:Laminas\Escaper\Escaper::__construct():167}([...])
 4 SYSTEMPATH/ThirdParty/Escaper/Escaper.php(200): preg_replace_callback('/[^a-z0-9,\\.\\-_]/iSu', Object(Closure), 'Buried Area (peptide): Peptide surface area that becomes buried upon formation of the interface (value given in Å²).')
 5 SYSTEMPATH/Common.php(448): Laminas\Escaper\Escaper->escapeHtmlAttr('Buried Area (peptide): Peptide surface area that becomes buried upon formation of the interface (value given in Å²).')
 6 APPPATH/Views/entry.php(562): esc('Buried Area (peptide): Peptide surface area that becomes buried upon formation of the interface (value given in Å²).', 'attr')
 7 SYSTEMPATH/View/View.php(226): include('/Users/diego/Documents/GitHub/propedia26/app/Views/entry.php')
 8 SYSTEMPATH/View/View.php(229): CodeIgniter\View\View->{closure:CodeIgniter\View\View::render():223}()
 9 SYSTEMPATH/Common.php(1167): CodeIgniter\View\View->render('entry', [], true)
10 APPPATH/Controllers/Entry.php(57): view('entry', [...])
11 SYSTEMPATH/CodeIgniter.php(933): App\Controllers\Entry->entry('1WRZ-B-A')
12 SYSTEMPATH/CodeIgniter.php(507): CodeIgniter\CodeIgniter->runController(Object(App\Controllers\Entry))
13 SYSTEMPATH/CodeIgniter.php(354): CodeIgniter\CodeIgniter->handleRequest(null, Object(Config\Cache), false)
14 SYSTEMPATH/Boot.php(363): CodeIgniter\CodeIgniter->run()
15 SYSTEMPATH/Boot.php(68): CodeIgniter\Boot::runCodeIgniter(Object(CodeIgniter\CodeIgniter))
16 FCPATH/index.php(59): CodeIgniter\Boot::bootWeb(Object(Config\Paths))
17 SYSTEMPATH/rewrite.php(44): require_once('/Users/diego/Documents/GitHub/propedia26/public/index.php')
WARNING - 2026-08-26 07:12:20 --> [DEPRECATED] ord(): Providing a string that is not one byte long is deprecated. Use ord($str[0]) instead in SYSTEMPATH/ThirdParty/Escaper/Escaper.php on line 250.
 1 SYSTEMPATH/ThirdParty/Escaper/Escaper.php(250): ord('²')
 2 SYSTEMPATH/ThirdParty/Escaper/Escaper.php(167): Laminas\Escaper\Escaper->htmlAttrMatcher([...])
 3 [internal function]: Laminas\Escaper\Escaper->{closure:Laminas\Escaper\Escaper::__construct():167}([...])
 4 SYSTEMPATH/ThirdParty/Escaper/Escaper.php(200): preg_replace_callback('/[^a-z0-9,\\.\\-_]/iSu', Object(Closure), 'Buried Area (peptide): Peptide surface area that becomes buried upon formation of the interface (value given in Å²).')
 5 SYSTEMPATH/Common.php(448): Laminas\Escaper\Escaper->escapeHtmlAttr('Buried Area (peptide): Peptide surface area that becomes buried upon formation of the interface (value given in Å²).')
 6 APPPATH/Views/entry.php(562): esc('Buried Area (peptide): Peptide surface area that becomes buried upon formation of the interface (value given in Å²).', 'attr')
 7 SYSTEMPATH/View/View.php(226): include('/Users/diego/Documents/GitHub/propedia26/app/Views/entry.php')
 8 SYSTEMPATH/View/View.php(229): CodeIgniter\View\View->{closure:CodeIgniter\View\View::render():223}()
 9 SYSTEMPATH/Common.php(1167): CodeIgniter\View\View->render('entry', [], true)
10 APPPATH/Controllers/Entry.php(57): view('entry', [...])
11 SYSTEMPATH/CodeIgniter.php(933): App\Controllers\Entry->entry('1WRZ-B-A')
12 SYSTEMPATH/CodeIgniter.php(507): CodeIgniter\CodeIgniter->runController(Object(App\Controllers\Entry))
13 SYSTEMPATH/CodeIgniter.php(354): CodeIgniter\CodeIgniter->handleRequest(null, Object(Config\Cache), false)
14 SYSTEMPATH/Boot.php(363): CodeIgniter\CodeIgniter->run()
15 SYSTEMPATH/Boot.php(68): CodeIgniter\Boot::runCodeIgniter(Object(CodeIgniter\CodeIgniter))
16 FCPATH/index.php(59): CodeIgniter\Boot::bootWeb(Object(Config\Paths))
17 SYSTEMPATH/rewrite.php(44): require_once('/Users/diego/Documents/GitHub/propedia26/public/index.php')
WARNING - 2026-08-26 07:12:20 --> [DEPRECATED] ord(): Providing a string that is not one byte long is deprecated. Use ord($str[0]) instead in SYSTEMPATH/ThirdParty/Escaper/Escaper.php on line 250.
 1 SYSTEMPATH/ThirdParty/Escaper/Escaper.php(250): ord('Å')
 2 SYSTEMPATH/ThirdParty/Escaper/Escaper.php(167): Laminas\Escaper\Escaper->htmlAttrMatcher([...])
 3 [internal function]: Laminas\Escaper\Escaper->{closure:Laminas\Escaper\Escaper::__construct():167}([...])
 4 SYSTEMPATH/ThirdParty/Escaper/Escaper.php(200): preg_replace_callback('/[^a-z0-9,\\.\\-_]/iSu', Object(Closure), 'Buried Area (protein): Protein surface area that becomes buried upon formation of the interface (value given in Å²).')
 5 SYSTEMPATH/Common.php(448): Laminas\Escaper\Escaper->escapeHtmlAttr('Buried Area (protein): Protein surface area that becomes buried upon formation of the interface (value given in Å²).')
 6 APPPATH/Views/entry.php(562): esc('Buried Area (protein): Protein surface area that becomes buried upon formation of the interface (value given in Å²).', 'attr')
 7 SYSTEMPATH/View/View.php(226): include('/Users/diego/Documents/GitHub/propedia26/app/Views/entry.php')
 8 SYSTEMPATH/View/View.php(229): CodeIgniter\View\View->{closure:CodeIgniter\View\View::render():223}()
 9 SYSTEMPATH/Common.php(1167): CodeIgniter\View\View->render('entry', [], true)
10 APPPATH/Controllers/Entry.php(57): view('entry', [...])
11 SYSTEMPATH/CodeIgniter.php(933): App\Controllers\Entry->entry('1WRZ-B-A')
12 SYSTEMPATH/CodeIgniter.php(507): CodeIgniter\CodeIgniter->runController(Object(App\Controllers\Entry))
13 SYSTEMPATH/CodeIgniter.php(354): CodeIgniter\CodeIgniter->handleRequest(null, Object(Config\Cache), false)
14 SYSTEMPATH/Boot.php(363): CodeIgniter\CodeIgniter->run()
15 SYSTEMPATH/Boot.php(68): CodeIgniter\Boot::runCodeIgniter(Object(CodeIgniter\CodeIgniter))
16 FCPATH/index.php(59): CodeIgniter\Boot::bootWeb(Object(Config\Paths))
17 SYSTEMPATH/rewrite.php(44): require_once('/Users/diego/Documents/GitHub/propedia26/public/index.php')
WARNING - 2026-08-26 07:12:20 --> [DEPRECATED] ord(): Providing a string that is not one byte long is deprecated. Use ord($str[0]) instead in SYSTEMPATH/ThirdParty/Escaper/Escaper.php on line 250.
 1 SYSTEMPATH/ThirdParty/Escaper/Escaper.php(250): ord('²')
 2 SYSTEMPATH/ThirdParty/Escaper/Escaper.php(167): Laminas\Escaper\Escaper->htmlAttrMatcher([...])
 3 [internal function]: Laminas\Escaper\Escaper->{closure:Laminas\Escaper\Escaper::__construct():167}([...])
 4 SYSTEMPATH/ThirdParty/Escaper/Escaper.php(200): preg_replace_callback('/[^a-z0-9,\\.\\-_]/iSu', Object(Closure), 'Buried Area (protein): Protein surface area that becomes buried upon formation of the interface (value given in Å²).')
 5 SYSTEMPATH/Common.php(448): Laminas\Escaper\Escaper->escapeHtmlAttr('Buried Area (protein): Protein surface area that becomes buried upon formation of the interface (value given in Å²).')
 6 APPPATH/Views/entry.php(562): esc('Buried Area (protein): Protein surface area that becomes buried upon formation of the interface (value given in Å²).', 'attr')
 7 SYSTEMPATH/View/View.php(226): include('/Users/diego/Documents/GitHub/propedia26/app/Views/entry.php')
 8 SYSTEMPATH/View/View.php(229): CodeIgniter\View\View->{closure:CodeIgniter\View\View::render():223}()
 9 SYSTEMPATH/Common.php(1167): CodeIgniter\View\View->render('entry', [], true)
10 APPPATH/Controllers/Entry.php(57): view('entry', [...])
11 SYSTEMPATH/CodeIgniter.php(933): App\Controllers\Entry->entry('1WRZ-B-A')
12 SYSTEMPATH/CodeIgniter.php(507): CodeIgniter\CodeIgniter->runController(Object(App\Controllers\Entry))
13 SYSTEMPATH/CodeIgniter.php(354): CodeIgniter\CodeIgniter->handleRequest(null, Object(Config\Cache), false)
14 SYSTEMPATH/Boot.php(363): CodeIgniter\CodeIgniter->run()
15 SYSTEMPATH/Boot.php(68): CodeIgniter\Boot::runCodeIgniter(Object(CodeIgniter\CodeIgniter))
16 FCPATH/index.php(59): CodeIgniter\Boot::bootWeb(Object(Config\Paths))
17 SYSTEMPATH/rewrite.php(44): require_once('/Users/diego/Documents/GitHub/propedia26/public/index.php')
WARNING - 2026-08-26 07:12:20 --> [DEPRECATED] ord(): Providing a string that is not one byte long is deprecated. Use ord($str[0]) instead in SYSTEMPATH/ThirdParty/Escaper/Escaper.php on line 250.
 1 SYSTEMPATH/ThirdParty/Escaper/Escaper.php(250): ord('Å')
 2 SYSTEMPATH/ThirdParty/Escaper/Escaper.php(167): Laminas\Escaper\Escaper->htmlAttrMatcher([...])
 3 [internal function]: Laminas\Escaper\Escaper->{closure:Laminas\Escaper\Escaper::__construct():167}([...])
 4 SYSTEMPATH/ThirdParty/Escaper/Escaper.php(200): preg_replace_callback('/[^a-z0-9,\\.\\-_]/iSu', Object(Closure), 'Total Buried Area: Total surface area buried by the association, counting both faces of the interface, in Å². It is therefore about twice the BSA reported by NACCESS, which counts a single face.')
 5 SYSTEMPATH/Common.php(448): Laminas\Escaper\Escaper->escapeHtmlAttr('Total Buried Area: Total surface area buried by the association, counting both faces of the interface, in Å². It is therefore about twice the BSA reported by NACCESS, which counts a single face.')
 6 APPPATH/Views/entry.php(562): esc('Total Buried Area: Total surface area buried by the association, counting both faces of the interface, in Å². It is therefore about twice the BSA reported by NACCESS, which counts a single face.', 'attr')
 7 SYSTEMPATH/View/View.php(226): include('/Users/diego/Documents/GitHub/propedia26/app/Views/entry.php')
 8 SYSTEMPATH/View/View.php(229): CodeIgniter\View\View->{closure:CodeIgniter\View\View::render():223}()
 9 SYSTEMPATH/Common.php(1167): CodeIgniter\View\View->render('entry', [], true)
10 APPPATH/Controllers/Entry.php(57): view('entry', [...])
11 SYSTEMPATH/CodeIgniter.php(933): App\Controllers\Entry->entry('1WRZ-B-A')
12 SYSTEMPATH/CodeIgniter.php(507): CodeIgniter\CodeIgniter->runController(Object(App\Controllers\Entry))
13 SYSTEMPATH/CodeIgniter.php(354): CodeIgniter\CodeIgniter->handleRequest(null, Object(Config\Cache), false)
14 SYSTEMPATH/Boot.php(363): CodeIgniter\CodeIgniter->run()
15 SYSTEMPATH/Boot.php(68): CodeIgniter\Boot::runCodeIgniter(Object(CodeIgniter\CodeIgniter))
16 FCPATH/index.php(59): CodeIgniter\Boot::bootWeb(Object(Config\Paths))
17 SYSTEMPATH/rewrite.php(44): require_once('/Users/diego/Documents/GitHub/propedia26/public/index.php')
WARNING - 2026-08-26 07:12:20 --> [DEPRECATED] ord(): Providing a string that is not one byte long is deprecated. Use ord($str[0]) instead in SYSTEMPATH/ThirdParty/Escaper/Escaper.php on line 250.
 1 SYSTEMPATH/ThirdParty/Escaper/Escaper.php(250): ord('²')
 2 SYSTEMPATH/ThirdParty/Escaper/Escaper.php(167): Laminas\Escaper\Escaper->htmlAttrMatcher([...])
 3 [internal function]: Laminas\Escaper\Escaper->{closure:Laminas\Escaper\Escaper::__construct():167}([...])
 4 SYSTEMPATH/ThirdParty/Escaper/Escaper.php(200): preg_replace_callback('/[^a-z0-9,\\.\\-_]/iSu', Object(Closure), 'Total Buried Area: Total surface area buried by the association, counting both faces of the interface, in Å². It is therefore about twice the BSA reported by NACCESS, which counts a single face.')
 5 SYSTEMPATH/Common.php(448): Laminas\Escaper\Escaper->escapeHtmlAttr('Total Buried Area: Total surface area buried by the association, counting both faces of the interface, in Å². It is therefore about twice the BSA reported by NACCESS, which counts a single face.')
 6 APPPATH/Views/entry.php(562): esc('Total Buried Area: Total surface area buried by the association, counting both faces of the interface, in Å². It is therefore about twice the BSA reported by NACCESS, which counts a single face.', 'attr')
 7 SYSTEMPATH/View/View.php(226): include('/Users/diego/Documents/GitHub/propedia26/app/Views/entry.php')
 8 SYSTEMPATH/View/View.php(229): CodeIgniter\View\View->{closure:CodeIgniter\View\View::render():223}()
 9 SYSTEMPATH/Common.php(1167): CodeIgniter\View\View->render('entry', [], true)
10 APPPATH/Controllers/Entry.php(57): view('entry', [...])
11 SYSTEMPATH/CodeIgniter.php(933): App\Controllers\Entry->entry('1WRZ-B-A')
12 SYSTEMPATH/CodeIgniter.php(507): CodeIgniter\CodeIgniter->runController(Object(App\Controllers\Entry))
13 SYSTEMPATH/CodeIgniter.php(354): CodeIgniter\CodeIgniter->handleRequest(null, Object(Config\Cache), false)
14 SYSTEMPATH/Boot.php(363): CodeIgniter\CodeIgniter->run()
15 SYSTEMPATH/Boot.php(68): CodeIgniter\Boot::runCodeIgniter(Object(CodeIgniter\CodeIgniter))
16 FCPATH/index.php(59): CodeIgniter\Boot::bootWeb(Object(Config\Paths))
17 SYSTEMPATH/rewrite.php(44): require_once('/Users/diego/Documents/GitHub/propedia26/public/index.php')
WARNING - 2026-08-26 07:12:20 --> [DEPRECATED] ord(): Providing a string that is not one byte long is deprecated. Use ord($str[0]) instead in SYSTEMPATH/ThirdParty/Escaper/Escaper.php on line 250.
 1 SYSTEMPATH/ThirdParty/Escaper/Escaper.php(250): ord('Å')
 2 SYSTEMPATH/ThirdParty/Escaper/Escaper.php(167): Laminas\Escaper\Escaper->htmlAttrMatcher([...])
 3 [internal function]: Laminas\Escaper\Escaper->{closure:Laminas\Escaper\Escaper::__construct():167}([...])
 4 SYSTEMPATH/ThirdParty/Escaper/Escaper.php(200): preg_replace_callback('/[^a-z0-9,\\.\\-_]/iSu', Object(Closure), 'Complex ASA: Accessible surface area of the complex, given in Å². It corresponds to the ASA (complex) calculated with NACCESS, reported in the Surface section above.')
 5 SYSTEMPATH/Common.php(448): Laminas\Escaper\Escaper->escapeHtmlAttr('Complex ASA: Accessible surface area of the complex, given in Å². It corresponds to the ASA (complex) calculated with NACCESS, reported in the Surface section above.')
 6 APPPATH/Views/entry.php(562): esc('Complex ASA: Accessible surface area of the complex, given in Å². It corresponds to the ASA (complex) calculated with NACCESS, reported in the Surface section above.', 'attr')
 7 SYSTEMPATH/View/View.php(226): include('/Users/diego/Documents/GitHub/propedia26/app/Views/entry.php')
 8 SYSTEMPATH/View/View.php(229): CodeIgniter\View\View->{closure:CodeIgniter\View\View::render():223}()
 9 SYSTEMPATH/Common.php(1167): CodeIgniter\View\View->render('entry', [], true)
10 APPPATH/Controllers/Entry.php(57): view('entry', [...])
11 SYSTEMPATH/CodeIgniter.php(933): App\Controllers\Entry->entry('1WRZ-B-A')
12 SYSTEMPATH/CodeIgniter.php(507): CodeIgniter\CodeIgniter->runController(Object(App\Controllers\Entry))
13 SYSTEMPATH/CodeIgniter.php(354): CodeIgniter\CodeIgniter->handleRequest(null, Object(Config\Cache), false)
14 SYSTEMPATH/Boot.php(363): CodeIgniter\CodeIgniter->run()
15 SYSTEMPATH/Boot.php(68): CodeIgniter\Boot::runCodeIgniter(Object(CodeIgniter\CodeIgniter))
16 FCPATH/index.php(59): CodeIgniter\Boot::bootWeb(Object(Config\Paths))
17 SYSTEMPATH/rewrite.php(44): require_once('/Users/diego/Documents/GitHub/propedia26/public/index.php')
WARNING - 2026-08-26 07:12:20 --> [DEPRECATED] ord(): Providing a string that is not one byte long is deprecated. Use ord($str[0]) instead in SYSTEMPATH/ThirdParty/Escaper/Escaper.php on line 250.
 1 SYSTEMPATH/ThirdParty/Escaper/Escaper.php(250): ord('²')
 2 SYSTEMPATH/ThirdParty/Escaper/Escaper.php(167): Laminas\Escaper\Escaper->htmlAttrMatcher([...])
 3 [internal function]: Laminas\Escaper\Escaper->{closure:Laminas\Escaper\Escaper::__construct():167}([...])
 4 SYSTEMPATH/ThirdParty/Escaper/Escaper.php(200): preg_replace_callback('/[^a-z0-9,\\.\\-_]/iSu', Object(Closure), 'Complex ASA: Accessible surface area of the complex, given in Å². It corresponds to the ASA (complex) calculated with NACCESS, reported in the Surface section above.')
 5 SYSTEMPATH/Common.php(448): Laminas\Escaper\Escaper->escapeHtmlAttr('Complex ASA: Accessible surface area of the complex, given in Å². It corresponds to the ASA (complex) calculated with NACCESS, reported in the Surface section above.')
 6 APPPATH/Views/entry.php(562): esc('Complex ASA: Accessible surface area of the complex, given in Å². It corresponds to the ASA (complex) calculated with NACCESS, reported in the Surface section above.', 'attr')
 7 SYSTEMPATH/View/View.php(226): include('/Users/diego/Documents/GitHub/propedia26/app/Views/entry.php')
 8 SYSTEMPATH/View/View.php(229): CodeIgniter\View\View->{closure:CodeIgniter\View\View::render():223}()
 9 SYSTEMPATH/Common.php(1167): CodeIgniter\View\View->render('entry', [], true)
10 APPPATH/Controllers/Entry.php(57): view('entry', [...])
11 SYSTEMPATH/CodeIgniter.php(933): App\Controllers\Entry->entry('1WRZ-B-A')
12 SYSTEMPATH/CodeIgniter.php(507): CodeIgniter\CodeIgniter->runController(Object(App\Controllers\Entry))
13 SYSTEMPATH/CodeIgniter.php(354): CodeIgniter\CodeIgniter->handleRequest(null, Object(Config\Cache), false)
14 SYSTEMPATH/Boot.php(363): CodeIgniter\CodeIgniter->run()
15 SYSTEMPATH/Boot.php(68): CodeIgniter\Boot::runCodeIgniter(Object(CodeIgniter\CodeIgniter))
16 FCPATH/index.php(59): CodeIgniter\Boot::bootWeb(Object(Config\Paths))
17 SYSTEMPATH/rewrite.php(44): require_once('/Users/diego/Documents/GitHub/propedia26/public/index.php')
WARNING - 2026-08-26 07:12:20 --> [DEPRECATED] ord(): Providing a string that is not one byte long is deprecated. Use ord($str[0]) instead in SYSTEMPATH/ThirdParty/Escaper/Escaper.php on line 250.
 1 SYSTEMPATH/ThirdParty/Escaper/Escaper.php(250): ord('Å')
 2 SYSTEMPATH/ThirdParty/Escaper/Escaper.php(167): Laminas\Escaper\Escaper->htmlAttrMatcher([...])
 3 [internal function]: Laminas\Escaper\Escaper->{closure:Laminas\Escaper\Escaper::__construct():167}([...])
 4 SYSTEMPATH/ThirdParty/Escaper/Escaper.php(200): preg_replace_callback('/[^a-z0-9,\\.\\-_]/iSu', Object(Closure), 'Dissociation Area: Interface area that is broken when the complex dissociates, given in Å². It usually coincides with the interface area.')
 5 SYSTEMPATH/Common.php(448): Laminas\Escaper\Escaper->escapeHtmlAttr('Dissociation Area: Interface area that is broken when the complex dissociates, given in Å². It usually coincides with the interface area.')
 6 APPPATH/Views/entry.php(562): esc('Dissociation Area: Interface area that is broken when the complex dissociates, given in Å². It usually coincides with the interface area.', 'attr')
 7 SYSTEMPATH/View/View.php(226): include('/Users/diego/Documents/GitHub/propedia26/app/Views/entry.php')
 8 SYSTEMPATH/View/View.php(229): CodeIgniter\View\View->{closure:CodeIgniter\View\View::render():223}()
 9 SYSTEMPATH/Common.php(1167): CodeIgniter\View\View->render('entry', [], true)
10 APPPATH/Controllers/Entry.php(57): view('entry', [...])
11 SYSTEMPATH/CodeIgniter.php(933): App\Controllers\Entry->entry('1WRZ-B-A')
12 SYSTEMPATH/CodeIgniter.php(507): CodeIgniter\CodeIgniter->runController(Object(App\Controllers\Entry))
13 SYSTEMPATH/CodeIgniter.php(354): CodeIgniter\CodeIgniter->handleRequest(null, Object(Config\Cache), false)
14 SYSTEMPATH/Boot.php(363): CodeIgniter\CodeIgniter->run()
15 SYSTEMPATH/Boot.php(68): CodeIgniter\Boot::runCodeIgniter(Object(CodeIgniter\CodeIgniter))
16 FCPATH/index.php(59): CodeIgniter\Boot::bootWeb(Object(Config\Paths))
17 SYSTEMPATH/rewrite.php(44): require_once('/Users/diego/Documents/GitHub/propedia26/public/index.php')
WARNING - 2026-08-26 07:12:20 --> [DEPRECATED] ord(): Providing a string that is not one byte long is deprecated. Use ord($str[0]) instead in SYSTEMPATH/ThirdParty/Escaper/Escaper.php on line 250.
 1 SYSTEMPATH/ThirdParty/Escaper/Escaper.php(250): ord('²')
 2 SYSTEMPATH/ThirdParty/Escaper/Escaper.php(167): Laminas\Escaper\Escaper->htmlAttrMatcher([...])
 3 [internal function]: Laminas\Escaper\Escaper->{closure:Laminas\Escaper\Escaper::__construct():167}([...])
 4 SYSTEMPATH/ThirdParty/Escaper/Escaper.php(200): preg_replace_callback('/[^a-z0-9,\\.\\-_]/iSu', Object(Closure), 'Dissociation Area: Interface area that is broken when the complex dissociates, given in Å². It usually coincides with the interface area.')
 5 SYSTEMPATH/Common.php(448): Laminas\Escaper\Escaper->escapeHtmlAttr('Dissociation Area: Interface area that is broken when the complex dissociates, given in Å². It usually coincides with the interface area.')
 6 APPPATH/Views/entry.php(562): esc('Dissociation Area: Interface area that is broken when the complex dissociates, given in Å². It usually coincides with the interface area.', 'attr')
 7 SYSTEMPATH/View/View.php(226): include('/Users/diego/Documents/GitHub/propedia26/app/Views/entry.php')
 8 SYSTEMPATH/View/View.php(229): CodeIgniter\View\View->{closure:CodeIgniter\View\View::render():223}()
 9 SYSTEMPATH/Common.php(1167): CodeIgniter\View\View->render('entry', [], true)
10 APPPATH/Controllers/Entry.php(57): view('entry', [...])
11 SYSTEMPATH/CodeIgniter.php(933): App\Controllers\Entry->entry('1WRZ-B-A')
12 SYSTEMPATH/CodeIgniter.php(507): CodeIgniter\CodeIgniter->runController(Object(App\Controllers\Entry))
13 SYSTEMPATH/CodeIgniter.php(354): CodeIgniter\CodeIgniter->handleRequest(null, Object(Config\Cache), false)
14 SYSTEMPATH/Boot.php(363): CodeIgniter\CodeIgniter->run()
15 SYSTEMPATH/Boot.php(68): CodeIgniter\Boot::runCodeIgniter(Object(CodeIgniter\CodeIgniter))
16 FCPATH/index.php(59): CodeIgniter\Boot::bootWeb(Object(Config\Paths))
17 SYSTEMPATH/rewrite.php(44): require_once('/Users/diego/Documents/GitHub/propedia26/public/index.php')
WARNING - 2026-08-26 07:12:20 --> [DEPRECATED] ord(): Providing a string that is not one byte long is deprecated. Use ord($str[0]) instead in SYSTEMPATH/ThirdParty/Escaper/Escaper.php on line 250.
 1 SYSTEMPATH/ThirdParty/Escaper/Escaper.php(250): ord('Δ')
 2 SYSTEMPATH/ThirdParty/Escaper/Escaper.php(167): Laminas\Escaper\Escaper->htmlAttrMatcher([...])
 3 [internal function]: Laminas\Escaper\Escaper->{closure:Laminas\Escaper\Escaper::__construct():167}([...])
 4 SYSTEMPATH/ThirdParty/Escaper/Escaper.php(200): preg_replace_callback('/[^a-z0-9,\\.\\-_]/iSu', Object(Closure), 'Solvation Energy Gain (ΔiG): Free energy gain, in kcal/mol, obtained on formation of the interface. Negative values indicate a hydrophobic interface, which favours the association. It does not include the contribution of hydrogen bonds and salt bridges across the interface.')
 5 SYSTEMPATH/Common.php(448): Laminas\Escaper\Escaper->escapeHtmlAttr('Solvation Energy Gain (ΔiG): Free energy gain, in kcal/mol, obtained on formation of the interface. Negative values indicate a hydrophobic interface, which favours the association. It does not include the contribution of hydrogen bonds and salt bridges across the interface.')
 6 APPPATH/Views/entry.php(562): esc('Solvation Energy Gain (ΔiG): Free energy gain, in kcal/mol, obtained on formation of the interface. Negative values indicate a hydrophobic interface, which favours the association. It does not include the contribution of hydrogen bonds and salt bridges across the interface.', 'attr')
 7 SYSTEMPATH/View/View.php(226): include('/Users/diego/Documents/GitHub/propedia26/app/Views/entry.php')
 8 SYSTEMPATH/View/View.php(229): CodeIgniter\View\View->{closure:CodeIgniter\View\View::render():223}()
 9 SYSTEMPATH/Common.php(1167): CodeIgniter\View\View->render('entry', [], true)
10 APPPATH/Controllers/Entry.php(57): view('entry', [...])
11 SYSTEMPATH/CodeIgniter.php(933): App\Controllers\Entry->entry('1WRZ-B-A')
12 SYSTEMPATH/CodeIgniter.php(507): CodeIgniter\CodeIgniter->runController(Object(App\Controllers\Entry))
13 SYSTEMPATH/CodeIgniter.php(354): CodeIgniter\CodeIgniter->handleRequest(null, Object(Config\Cache), false)
14 SYSTEMPATH/Boot.php(363): CodeIgniter\CodeIgniter->run()
15 SYSTEMPATH/Boot.php(68): CodeIgniter\Boot::runCodeIgniter(Object(CodeIgniter\CodeIgniter))
16 FCPATH/index.php(59): CodeIgniter\Boot::bootWeb(Object(Config\Paths))
17 SYSTEMPATH/rewrite.php(44): require_once('/Users/diego/Documents/GitHub/propedia26/public/index.php')
WARNING - 2026-08-26 07:12:20 --> [DEPRECATED] ord(): Providing a string that is not one byte long is deprecated. Use ord($str[0]) instead in SYSTEMPATH/ThirdParty/Escaper/Escaper.php on line 250.
 1 SYSTEMPATH/ThirdParty/Escaper/Escaper.php(250): ord('Δ')
 2 SYSTEMPATH/ThirdParty/Escaper/Escaper.php(167): Laminas\Escaper\Escaper->htmlAttrMatcher([...])
 3 [internal function]: Laminas\Escaper\Escaper->{closure:Laminas\Escaper\Escaper::__construct():167}([...])
 4 SYSTEMPATH/ThirdParty/Escaper/Escaper.php(200): preg_replace_callback('/[^a-z0-9,\\.\\-_]/iSu', Object(Closure), 'ΔiG P-value: Statistical significance of the solvation energy gain. Values below 0.5 indicate an interface more hydrophobic than would be expected by chance, that is, an interface likely to be interaction-specific rather than a crystal-packing artefact.')
 5 SYSTEMPATH/Common.php(448): Laminas\Escaper\Escaper->escapeHtmlAttr('ΔiG P-value: Statistical significance of the solvation energy gain. Values below 0.5 indicate an interface more hydrophobic than would be expected by chance, that is, an interface likely to be interaction-specific rather than a crystal-packing artefact.')
 6 APPPATH/Views/entry.php(562): esc('ΔiG P-value: Statistical significance of the solvation energy gain. Values below 0.5 indicate an interface more hydrophobic than would be expected by chance, that is, an interface likely to be interaction-specific rather than a crystal-packing artefact.', 'attr')
 7 SYSTEMPATH/View/View.php(226): include('/Users/diego/Documents/GitHub/propedia26/app/Views/entry.php')
 8 SYSTEMPATH/View/View.php(229): CodeIgniter\View\View->{closure:CodeIgniter\View\View::render():223}()
 9 SYSTEMPATH/Common.php(1167): CodeIgniter\View\View->render('entry', [], true)
10 APPPATH/Controllers/Entry.php(57): view('entry', [...])
11 SYSTEMPATH/CodeIgniter.php(933): App\Controllers\Entry->entry('1WRZ-B-A')
12 SYSTEMPATH/CodeIgniter.php(507): CodeIgniter\CodeIgniter->runController(Object(App\Controllers\Entry))
13 SYSTEMPATH/CodeIgniter.php(354): CodeIgniter\CodeIgniter->handleRequest(null, Object(Config\Cache), false)
14 SYSTEMPATH/Boot.php(363): CodeIgniter\CodeIgniter->run()
15 SYSTEMPATH/Boot.php(68): CodeIgniter\Boot::runCodeIgniter(Object(CodeIgniter\CodeIgniter))
16 FCPATH/index.php(59): CodeIgniter\Boot::bootWeb(Object(Config\Paths))
17 SYSTEMPATH/rewrite.php(44): require_once('/Users/diego/Documents/GitHub/propedia26/public/index.php')
WARNING - 2026-08-26 07:12:20 --> [DEPRECATED] ord(): Providing a string that is not one byte long is deprecated. Use ord($str[0]) instead in SYSTEMPATH/ThirdParty/Escaper/Escaper.php on line 250.
 1 SYSTEMPATH/ThirdParty/Escaper/Escaper.php(250): ord('Δ')
 2 SYSTEMPATH/ThirdParty/Escaper/Escaper.php(167): Laminas\Escaper\Escaper->htmlAttrMatcher([...])
 3 [internal function]: Laminas\Escaper\Escaper->{closure:Laminas\Escaper\Escaper::__construct():167}([...])
 4 SYSTEMPATH/ThirdParty/Escaper/Escaper.php(200): preg_replace_callback('/[^a-z0-9,\\.\\-_]/iSu', Object(Closure), 'Total Interaction Energy: Solvation energy gain summed over all the interfaces of the structure, in kcal/mol. It is equal to the interface ΔiG when the structure has a single interface.')
 5 SYSTEMPATH/Common.php(448): Laminas\Escaper\Escaper->escapeHtmlAttr('Total Interaction Energy: Solvation energy gain summed over all the interfaces of the structure, in kcal/mol. It is equal to the interface ΔiG when the structure has a single interface.')
 6 APPPATH/Views/entry.php(562): esc('Total Interaction Energy: Solvation energy gain summed over all the interfaces of the structure, in kcal/mol. It is equal to the interface ΔiG when the structure has a single interface.', 'attr')
 7 SYSTEMPATH/View/View.php(226): include('/Users/diego/Documents/GitHub/propedia26/app/Views/entry.php')
 8 SYSTEMPATH/View/View.php(229): CodeIgniter\View\View->{closure:CodeIgniter\View\View::render():223}()
 9 SYSTEMPATH/Common.php(1167): CodeIgniter\View\View->render('entry', [], true)
10 APPPATH/Controllers/Entry.php(57): view('entry', [...])
11 SYSTEMPATH/CodeIgniter.php(933): App\Controllers\Entry->entry('1WRZ-B-A')
12 SYSTEMPATH/CodeIgniter.php(507): CodeIgniter\CodeIgniter->runController(Object(App\Controllers\Entry))
13 SYSTEMPATH/CodeIgniter.php(354): CodeIgniter\CodeIgniter->handleRequest(null, Object(Config\Cache), false)
14 SYSTEMPATH/Boot.php(363): CodeIgniter\CodeIgniter->run()
15 SYSTEMPATH/Boot.php(68): CodeIgniter\Boot::runCodeIgniter(Object(CodeIgniter\CodeIgniter))
16 FCPATH/index.php(59): CodeIgniter\Boot::bootWeb(Object(Config\Paths))
17 SYSTEMPATH/rewrite.php(44): require_once('/Users/diego/Documents/GitHub/propedia26/public/index.php')
WARNING - 2026-08-26 07:12:20 --> [DEPRECATED] ord(): Providing a string that is not one byte long is deprecated. Use ord($str[0]) instead in SYSTEMPATH/ThirdParty/Escaper/Escaper.php on line 250.
 1 SYSTEMPATH/ThirdParty/Escaper/Escaper.php(250): ord('Δ')
 2 SYSTEMPATH/ThirdParty/Escaper/Escaper.php(167): Laminas\Escaper\Escaper->htmlAttrMatcher([...])
 3 [internal function]: Laminas\Escaper\Escaper->{closure:Laminas\Escaper\Escaper::__construct():167}([...])
 4 SYSTEMPATH/ThirdParty/Escaper/Escaper.php(200): preg_replace_callback('/[^a-z0-9,\\.\\-_]/iSu', Object(Closure), 'Dissociation Free Energy (ΔGdiss): Free energy required to dissociate the complex, in kcal/mol. Positive values indicate a thermodynamically stable complex. It is the PISA counterpart of the binding affinity predicted by PRODIGY, reported in the Interaction energy section above with the opposite sign.')
 5 SYSTEMPATH/Common.php(448): Laminas\Escaper\Escaper->escapeHtmlAttr('Dissociation Free Energy (ΔGdiss): Free energy required to dissociate the complex, in kcal/mol. Positive values indicate a thermodynamically stable complex. It is the PISA counterpart of the binding affinity predicted by PRODIGY, reported in the Interaction energy section above with the opposite sign.')
 6 APPPATH/Views/entry.php(562): esc('Dissociation Free Energy (ΔGdiss): Free energy required to dissociate the complex, in kcal/mol. Positive values indicate a thermodynamically stable complex. It is the PISA counterpart of the binding affinity predicted by PRODIGY, reported in the Interaction energy section above with the opposite sign.', 'attr')
 7 SYSTEMPATH/View/View.php(226): include('/Users/diego/Documents/GitHub/propedia26/app/Views/entry.php')
 8 SYSTEMPATH/View/View.php(229): CodeIgniter\View\View->{closure:CodeIgniter\View\View::render():223}()
 9 SYSTEMPATH/Common.php(1167): CodeIgniter\View\View->render('entry', [], true)
10 APPPATH/Controllers/Entry.php(57): view('entry', [...])
11 SYSTEMPATH/CodeIgniter.php(933): App\Controllers\Entry->entry('1WRZ-B-A')
12 SYSTEMPATH/CodeIgniter.php(507): CodeIgniter\CodeIgniter->runController(Object(App\Controllers\Entry))
13 SYSTEMPATH/CodeIgniter.php(354): CodeIgniter\CodeIgniter->handleRequest(null, Object(Config\Cache), false)
14 SYSTEMPATH/Boot.php(363): CodeIgniter\CodeIgniter->run()
15 SYSTEMPATH/Boot.php(68): CodeIgniter\Boot::runCodeIgniter(Object(CodeIgniter\CodeIgniter))
16 FCPATH/index.php(59): CodeIgniter\Boot::bootWeb(Object(Config\Paths))
17 SYSTEMPATH/rewrite.php(44): require_once('/Users/diego/Documents/GitHub/propedia26/public/index.php')
WARNING - 2026-08-26 07:12:20 --> [DEPRECATED] ord(): Providing a string that is not one byte long is deprecated. Use ord($str[0]) instead in SYSTEMPATH/ThirdParty/Escaper/Escaper.php on line 250.
 1 SYSTEMPATH/ThirdParty/Escaper/Escaper.php(250): ord('Δ')
 2 SYSTEMPATH/ThirdParty/Escaper/Escaper.php(167): Laminas\Escaper\Escaper->htmlAttrMatcher([...])
 3 [internal function]: Laminas\Escaper\Escaper->{closure:Laminas\Escaper\Escaper::__construct():167}([...])
 4 SYSTEMPATH/ThirdParty/Escaper/Escaper.php(200): preg_replace_callback('/[^a-z0-9,\\.\\-_]/iSu', Object(Closure), 'Dissociation Entropy (TΔS): Entropic cost of the association, in kcal/mol. It always opposes the formation of the complex and is taken into account in the calculation of ΔGdiss.')
 5 SYSTEMPATH/Common.php(448): Laminas\Escaper\Escaper->escapeHtmlAttr('Dissociation Entropy (TΔS): Entropic cost of the association, in kcal/mol. It always opposes the formation of the complex and is taken into account in the calculation of ΔGdiss.')
 6 APPPATH/Views/entry.php(562): esc('Dissociation Entropy (TΔS): Entropic cost of the association, in kcal/mol. It always opposes the formation of the complex and is taken into account in the calculation of ΔGdiss.', 'attr')
 7 SYSTEMPATH/View/View.php(226): include('/Users/diego/Documents/GitHub/propedia26/app/Views/entry.php')
 8 SYSTEMPATH/View/View.php(229): CodeIgniter\View\View->{closure:CodeIgniter\View\View::render():223}()
 9 SYSTEMPATH/Common.php(1167): CodeIgniter\View\View->render('entry', [], true)
10 APPPATH/Controllers/Entry.php(57): view('entry', [...])
11 SYSTEMPATH/CodeIgniter.php(933): App\Controllers\Entry->entry('1WRZ-B-A')
12 SYSTEMPATH/CodeIgniter.php(507): CodeIgniter\CodeIgniter->runController(Object(App\Controllers\Entry))
13 SYSTEMPATH/CodeIgniter.php(354): CodeIgniter\CodeIgniter->handleRequest(null, Object(Config\Cache), false)
14 SYSTEMPATH/Boot.php(363): CodeIgniter\CodeIgniter->run()
15 SYSTEMPATH/Boot.php(68): CodeIgniter\Boot::runCodeIgniter(Object(CodeIgniter\CodeIgniter))
16 FCPATH/index.php(59): CodeIgniter\Boot::bootWeb(Object(Config\Paths))
17 SYSTEMPATH/rewrite.php(44): require_once('/Users/diego/Documents/GitHub/propedia26/public/index.php')
WARNING - 2026-08-26 07:12:20 --> [DEPRECATED] ord(): Providing a string that is not one byte long is deprecated. Use ord($str[0]) instead in SYSTEMPATH/ThirdParty/Escaper/Escaper.php on line 250.
 1 SYSTEMPATH/ThirdParty/Escaper/Escaper.php(250): ord('Δ')
 2 SYSTEMPATH/ThirdParty/Escaper/Escaper.php(167): Laminas\Escaper\Escaper->htmlAttrMatcher([...])
 3 [internal function]: Laminas\Escaper\Escaper->{closure:Laminas\Escaper\Escaper::__construct():167}([...])
 4 SYSTEMPATH/ThirdParty/Escaper/Escaper.php(200): preg_replace_callback('/[^a-z0-9,\\.\\-_]/iSu', Object(Closure), 'Dissociation Entropy (TΔS): Entropic cost of the association, in kcal/mol. It always opposes the formation of the complex and is taken into account in the calculation of ΔGdiss.')
 5 SYSTEMPATH/Common.php(448): Laminas\Escaper\Escaper->escapeHtmlAttr('Dissociation Entropy (TΔS): Entropic cost of the association, in kcal/mol. It always opposes the formation of the complex and is taken into account in the calculation of ΔGdiss.')
 6 APPPATH/Views/entry.php(562): esc('Dissociation Entropy (TΔS): Entropic cost of the association, in kcal/mol. It always opposes the formation of the complex and is taken into account in the calculation of ΔGdiss.', 'attr')
 7 SYSTEMPATH/View/View.php(226): include('/Users/diego/Documents/GitHub/propedia26/app/Views/entry.php')
 8 SYSTEMPATH/View/View.php(229): CodeIgniter\View\View->{closure:CodeIgniter\View\View::render():223}()
 9 SYSTEMPATH/Common.php(1167): CodeIgniter\View\View->render('entry', [], true)
10 APPPATH/Controllers/Entry.php(57): view('entry', [...])
11 SYSTEMPATH/CodeIgniter.php(933): App\Controllers\Entry->entry('1WRZ-B-A')
12 SYSTEMPATH/CodeIgniter.php(507): CodeIgniter\CodeIgniter->runController(Object(App\Controllers\Entry))
13 SYSTEMPATH/CodeIgniter.php(354): CodeIgniter\CodeIgniter->handleRequest(null, Object(Config\Cache), false)
14 SYSTEMPATH/Boot.php(363): CodeIgniter\CodeIgniter->run()
15 SYSTEMPATH/Boot.php(68): CodeIgniter\Boot::runCodeIgniter(Object(CodeIgniter\CodeIgniter))
16 FCPATH/index.php(59): CodeIgniter\Boot::bootWeb(Object(Config\Paths))
17 SYSTEMPATH/rewrite.php(44): require_once('/Users/diego/Documents/GitHub/propedia26/public/index.php')
DEBUG - 2026-08-26 07:12:20 --> Session: Class initialized using 'CodeIgniter\Session\Handlers\FileHandler' driver.
WARNING - 2026-08-26 07:12:36 --> [DEPRECATED] fgetcsv(): the $escape parameter must be provided as its default value will change in APPPATH/Controllers/Entry.php on line 37.
 1 APPPATH/Controllers/Entry.php(37): fgetcsv(resource (stream), 0, ';')
 2 SYSTEMPATH/CodeIgniter.php(933): App\Controllers\Entry->entry('1WRZ-B-A')
 3 SYSTEMPATH/CodeIgniter.php(507): CodeIgniter\CodeIgniter->runController(Object(App\Controllers\Entry))
 4 SYSTEMPATH/CodeIgniter.php(354): CodeIgniter\CodeIgniter->handleRequest(null, Object(Config\Cache), false)
 5 SYSTEMPATH/Boot.php(363): CodeIgniter\CodeIgniter->run()
 6 SYSTEMPATH/Boot.php(68): CodeIgniter\Boot::runCodeIgniter(Object(CodeIgniter\CodeIgniter))
 7 FCPATH/index.php(59): CodeIgniter\Boot::bootWeb(Object(Config\Paths))
 8 SYSTEMPATH/rewrite.php(44): require_once('/Users/diego/Documents/GitHub/propedia26/public/index.php')
WARNING - 2026-08-26 07:12:36 --> [DEPRECATED] ord(): Providing a string that is not one byte long is deprecated. Use ord($str[0]) instead in SYSTEMPATH/ThirdParty/Escaper/Escaper.php on line 250.
 1 SYSTEMPATH/ThirdParty/Escaper/Escaper.php(250): ord('Å')
 2 SYSTEMPATH/ThirdParty/Escaper/Escaper.php(167): Laminas\Escaper\Escaper->htmlAttrMatcher([...])
 3 [internal function]: Laminas\Escaper\Escaper->{closure:Laminas\Escaper\Escaper::__construct():167}([...])
 4 SYSTEMPATH/ThirdParty/Escaper/Escaper.php(200): preg_replace_callback('/[^a-z0-9,\\.\\-_]/iSu', Object(Closure), 'Interface Area: Area of one face of the protein-peptide interface, given in Å². It corresponds to the BSA calculated with NACCESS, reported in the Surface section above.')
 5 SYSTEMPATH/Common.php(448): Laminas\Escaper\Escaper->escapeHtmlAttr('Interface Area: Area of one face of the protein-peptide interface, given in Å². It corresponds to the BSA calculated with NACCESS, reported in the Surface section above.')
 6 APPPATH/Views/entry.php(562): esc('Interface Area: Area of one face of the protein-peptide interface, given in Å². It corresponds to the BSA calculated with NACCESS, reported in the Surface section above.', 'attr')
 7 SYSTEMPATH/View/View.php(226): include('/Users/diego/Documents/GitHub/propedia26/app/Views/entry.php')
 8 SYSTEMPATH/View/View.php(229): CodeIgniter\View\View->{closure:CodeIgniter\View\View::render():223}()
 9 SYSTEMPATH/Common.php(1167): CodeIgniter\View\View->render('entry', [], true)
10 APPPATH/Controllers/Entry.php(57): view('entry', [...])
11 SYSTEMPATH/CodeIgniter.php(933): App\Controllers\Entry->entry('1WRZ-B-A')
12 SYSTEMPATH/CodeIgniter.php(507): CodeIgniter\CodeIgniter->runController(Object(App\Controllers\Entry))
13 SYSTEMPATH/CodeIgniter.php(354): CodeIgniter\CodeIgniter->handleRequest(null, Object(Config\Cache), false)
14 SYSTEMPATH/Boot.php(363): CodeIgniter\CodeIgniter->run()
15 SYSTEMPATH/Boot.php(68): CodeIgniter\Boot::runCodeIgniter(Object(CodeIgniter\CodeIgniter))
16 FCPATH/index.php(59): CodeIgniter\Boot::bootWeb(Object(Config\Paths))
17 SYSTEMPATH/rewrite.php(44): require_once('/Users/diego/Documents/GitHub/propedia26/public/index.php')
WARNING - 2026-08-26 07:12:36 --> [DEPRECATED] ord(): Providing a string that is not one byte long is deprecated. Use ord($str[0]) instead in SYSTEMPATH/ThirdParty/Escaper/Escaper.php on line 250.
 1 SYSTEMPATH/ThirdParty/Escaper/Escaper.php(250): ord('²')
 2 SYSTEMPATH/ThirdParty/Escaper/Escaper.php(167): Laminas\Escaper\Escaper->htmlAttrMatcher([...])
 3 [internal function]: Laminas\Escaper\Escaper->{closure:Laminas\Escaper\Escaper::__construct():167}([...])
 4 SYSTEMPATH/ThirdParty/Escaper/Escaper.php(200): preg_replace_callback('/[^a-z0-9,\\.\\-_]/iSu', Object(Closure), 'Interface Area: Area of one face of the protein-peptide interface, given in Å². It corresponds to the BSA calculated with NACCESS, reported in the Surface section above.')
 5 SYSTEMPATH/Common.php(448): Laminas\Escaper\Escaper->escapeHtmlAttr('Interface Area: Area of one face of the protein-peptide interface, given in Å². It corresponds to the BSA calculated with NACCESS, reported in the Surface section above.')
 6 APPPATH/Views/entry.php(562): esc('Interface Area: Area of one face of the protein-peptide interface, given in Å². It corresponds to the BSA calculated with NACCESS, reported in the Surface section above.', 'attr')
 7 SYSTEMPATH/View/View.php(226): include('/Users/diego/Documents/GitHub/propedia26/app/Views/entry.php')
 8 SYSTEMPATH/View/View.php(229): CodeIgniter\View\View->{closure:CodeIgniter\View\View::render():223}()
 9 SYSTEMPATH/Common.php(1167): CodeIgniter\View\View->render('entry', [], true)
10 APPPATH/Controllers/Entry.php(57): view('entry', [...])
11 SYSTEMPATH/CodeIgniter.php(933): App\Controllers\Entry->entry('1WRZ-B-A')
12 SYSTEMPATH/CodeIgniter.php(507): CodeIgniter\CodeIgniter->runController(Object(App\Controllers\Entry))
13 SYSTEMPATH/CodeIgniter.php(354): CodeIgniter\CodeIgniter->handleRequest(null, Object(Config\Cache), false)
14 SYSTEMPATH/Boot.php(363): CodeIgniter\CodeIgniter->run()
15 SYSTEMPATH/Boot.php(68): CodeIgniter\Boot::runCodeIgniter(Object(CodeIgniter\CodeIgniter))
16 FCPATH/index.php(59): CodeIgniter\Boot::bootWeb(Object(Config\Paths))
17 SYSTEMPATH/rewrite.php(44): require_once('/Users/diego/Documents/GitHub/propedia26/public/index.php')
WARNING - 2026-08-26 07:12:36 --> [DEPRECATED] ord(): Providing a string that is not one byte long is deprecated. Use ord($str[0]) instead in SYSTEMPATH/ThirdParty/Escaper/Escaper.php on line 250.
 1 SYSTEMPATH/ThirdParty/Escaper/Escaper.php(250): ord('Å')
 2 SYSTEMPATH/ThirdParty/Escaper/Escaper.php(167): Laminas\Escaper\Escaper->htmlAttrMatcher([...])
 3 [internal function]: Laminas\Escaper\Escaper->{closure:Laminas\Escaper\Escaper::__construct():167}([...])
 4 SYSTEMPATH/ThirdParty/Escaper/Escaper.php(200): preg_replace_callback('/[^a-z0-9,\\.\\-_]/iSu', Object(Closure), 'Buried Area (peptide): Peptide surface area that becomes buried upon formation of the interface (value given in Å²).')
 5 SYSTEMPATH/Common.php(448): Laminas\Escaper\Escaper->escapeHtmlAttr('Buried Area (peptide): Peptide surface area that becomes buried upon formation of the interface (value given in Å²).')
 6 APPPATH/Views/entry.php(562): esc('Buried Area (peptide): Peptide surface area that becomes buried upon formation of the interface (value given in Å²).', 'attr')
 7 SYSTEMPATH/View/View.php(226): include('/Users/diego/Documents/GitHub/propedia26/app/Views/entry.php')
 8 SYSTEMPATH/View/View.php(229): CodeIgniter\View\View->{closure:CodeIgniter\View\View::render():223}()
 9 SYSTEMPATH/Common.php(1167): CodeIgniter\View\View->render('entry', [], true)
10 APPPATH/Controllers/Entry.php(57): view('entry', [...])
11 SYSTEMPATH/CodeIgniter.php(933): App\Controllers\Entry->entry('1WRZ-B-A')
12 SYSTEMPATH/CodeIgniter.php(507): CodeIgniter\CodeIgniter->runController(Object(App\Controllers\Entry))
13 SYSTEMPATH/CodeIgniter.php(354): CodeIgniter\CodeIgniter->handleRequest(null, Object(Config\Cache), false)
14 SYSTEMPATH/Boot.php(363): CodeIgniter\CodeIgniter->run()
15 SYSTEMPATH/Boot.php(68): CodeIgniter\Boot::runCodeIgniter(Object(CodeIgniter\CodeIgniter))
16 FCPATH/index.php(59): CodeIgniter\Boot::bootWeb(Object(Config\Paths))
17 SYSTEMPATH/rewrite.php(44): require_once('/Users/diego/Documents/GitHub/propedia26/public/index.php')
WARNING - 2026-08-26 07:12:36 --> [DEPRECATED] ord(): Providing a string that is not one byte long is deprecated. Use ord($str[0]) instead in SYSTEMPATH/ThirdParty/Escaper/Escaper.php on line 250.
 1 SYSTEMPATH/ThirdParty/Escaper/Escaper.php(250): ord('²')
 2 SYSTEMPATH/ThirdParty/Escaper/Escaper.php(167): Laminas\Escaper\Escaper->htmlAttrMatcher([...])
 3 [internal function]: Laminas\Escaper\Escaper->{closure:Laminas\Escaper\Escaper::__construct():167}([...])
 4 SYSTEMPATH/ThirdParty/Escaper/Escaper.php(200): preg_replace_callback('/[^a-z0-9,\\.\\-_]/iSu', Object(Closure), 'Buried Area (peptide): Peptide surface area that becomes buried upon formation of the interface (value given in Å²).')
 5 SYSTEMPATH/Common.php(448): Laminas\Escaper\Escaper->escapeHtmlAttr('Buried Area (peptide): Peptide surface area that becomes buried upon formation of the interface (value given in Å²).')
 6 APPPATH/Views/entry.php(562): esc('Buried Area (peptide): Peptide surface area that becomes buried upon formation of the interface (value given in Å²).', 'attr')
 7 SYSTEMPATH/View/View.php(226): include('/Users/diego/Documents/GitHub/propedia26/app/Views/entry.php')
 8 SYSTEMPATH/View/View.php(229): CodeIgniter\View\View->{closure:CodeIgniter\View\View::render():223}()
 9 SYSTEMPATH/Common.php(1167): CodeIgniter\View\View->render('entry', [], true)
10 APPPATH/Controllers/Entry.php(57): view('entry', [...])
11 SYSTEMPATH/CodeIgniter.php(933): App\Controllers\Entry->entry('1WRZ-B-A')
12 SYSTEMPATH/CodeIgniter.php(507): CodeIgniter\CodeIgniter->runController(Object(App\Controllers\Entry))
13 SYSTEMPATH/CodeIgniter.php(354): CodeIgniter\CodeIgniter->handleRequest(null, Object(Config\Cache), false)
14 SYSTEMPATH/Boot.php(363): CodeIgniter\CodeIgniter->run()
15 SYSTEMPATH/Boot.php(68): CodeIgniter\Boot::runCodeIgniter(Object(CodeIgniter\CodeIgniter))
16 FCPATH/index.php(59): CodeIgniter\Boot::bootWeb(Object(Config\Paths))
17 SYSTEMPATH/rewrite.php(44): require_once('/Users/diego/Documents/GitHub/propedia26/public/index.php')
WARNING - 2026-08-26 07:12:36 --> [DEPRECATED] ord(): Providing a string that is not one byte long is deprecated. Use ord($str[0]) instead in SYSTEMPATH/ThirdParty/Escaper/Escaper.php on line 250.
 1 SYSTEMPATH/ThirdParty/Escaper/Escaper.php(250): ord('Å')
 2 SYSTEMPATH/ThirdParty/Escaper/Escaper.php(167): Laminas\Escaper\Escaper->htmlAttrMatcher([...])
 3 [internal function]: Laminas\Escaper\Escaper->{closure:Laminas\Escaper\Escaper::__construct():167}([...])
 4 SYSTEMPATH/ThirdParty/Escaper/Escaper.php(200): preg_replace_callback('/[^a-z0-9,\\.\\-_]/iSu', Object(Closure), 'Buried Area (protein): Protein surface area that becomes buried upon formation of the interface (value given in Å²).')
 5 SYSTEMPATH/Common.php(448): Laminas\Escaper\Escaper->escapeHtmlAttr('Buried Area (protein): Protein surface area that becomes buried upon formation of the interface (value given in Å²).')
 6 APPPATH/Views/entry.php(562): esc('Buried Area (protein): Protein surface area that becomes buried upon formation of the interface (value given in Å²).', 'attr')
 7 SYSTEMPATH/View/View.php(226): include('/Users/diego/Documents/GitHub/propedia26/app/Views/entry.php')
 8 SYSTEMPATH/View/View.php(229): CodeIgniter\View\View->{closure:CodeIgniter\View\View::render():223}()
 9 SYSTEMPATH/Common.php(1167): CodeIgniter\View\View->render('entry', [], true)
10 APPPATH/Controllers/Entry.php(57): view('entry', [...])
11 SYSTEMPATH/CodeIgniter.php(933): App\Controllers\Entry->entry('1WRZ-B-A')
12 SYSTEMPATH/CodeIgniter.php(507): CodeIgniter\CodeIgniter->runController(Object(App\Controllers\Entry))
13 SYSTEMPATH/CodeIgniter.php(354): CodeIgniter\CodeIgniter->handleRequest(null, Object(Config\Cache), false)
14 SYSTEMPATH/Boot.php(363): CodeIgniter\CodeIgniter->run()
15 SYSTEMPATH/Boot.php(68): CodeIgniter\Boot::runCodeIgniter(Object(CodeIgniter\CodeIgniter))
16 FCPATH/index.php(59): CodeIgniter\Boot::bootWeb(Object(Config\Paths))
17 SYSTEMPATH/rewrite.php(44): require_once('/Users/diego/Documents/GitHub/propedia26/public/index.php')
WARNING - 2026-08-26 07:12:36 --> [DEPRECATED] ord(): Providing a string that is not one byte long is deprecated. Use ord($str[0]) instead in SYSTEMPATH/ThirdParty/Escaper/Escaper.php on line 250.
 1 SYSTEMPATH/ThirdParty/Escaper/Escaper.php(250): ord('²')
 2 SYSTEMPATH/ThirdParty/Escaper/Escaper.php(167): Laminas\Escaper\Escaper->htmlAttrMatcher([...])
 3 [internal function]: Laminas\Escaper\Escaper->{closure:Laminas\Escaper\Escaper::__construct():167}([...])
 4 SYSTEMPATH/ThirdParty/Escaper/Escaper.php(200): preg_replace_callback('/[^a-z0-9,\\.\\-_]/iSu', Object(Closure), 'Buried Area (protein): Protein surface area that becomes buried upon formation of the interface (value given in Å²).')
 5 SYSTEMPATH/Common.php(448): Laminas\Escaper\Escaper->escapeHtmlAttr('Buried Area (protein): Protein surface area that becomes buried upon formation of the interface (value given in Å²).')
 6 APPPATH/Views/entry.php(562): esc('Buried Area (protein): Protein surface area that becomes buried upon formation of the interface (value given in Å²).', 'attr')
 7 SYSTEMPATH/View/View.php(226): include('/Users/diego/Documents/GitHub/propedia26/app/Views/entry.php')
 8 SYSTEMPATH/View/View.php(229): CodeIgniter\View\View->{closure:CodeIgniter\View\View::render():223}()
 9 SYSTEMPATH/Common.php(1167): CodeIgniter\View\View->render('entry', [], true)
10 APPPATH/Controllers/Entry.php(57): view('entry', [...])
11 SYSTEMPATH/CodeIgniter.php(933): App\Controllers\Entry->entry('1WRZ-B-A')
12 SYSTEMPATH/CodeIgniter.php(507): CodeIgniter\CodeIgniter->runController(Object(App\Controllers\Entry))
13 SYSTEMPATH/CodeIgniter.php(354): CodeIgniter\CodeIgniter->handleRequest(null, Object(Config\Cache), false)
14 SYSTEMPATH/Boot.php(363): CodeIgniter\CodeIgniter->run()
15 SYSTEMPATH/Boot.php(68): CodeIgniter\Boot::runCodeIgniter(Object(CodeIgniter\CodeIgniter))
16 FCPATH/index.php(59): CodeIgniter\Boot::bootWeb(Object(Config\Paths))
17 SYSTEMPATH/rewrite.php(44): require_once('/Users/diego/Documents/GitHub/propedia26/public/index.php')
WARNING - 2026-08-26 07:12:36 --> [DEPRECATED] ord(): Providing a string that is not one byte long is deprecated. Use ord($str[0]) instead in SYSTEMPATH/ThirdParty/Escaper/Escaper.php on line 250.
 1 SYSTEMPATH/ThirdParty/Escaper/Escaper.php(250): ord('Å')
 2 SYSTEMPATH/ThirdParty/Escaper/Escaper.php(167): Laminas\Escaper\Escaper->htmlAttrMatcher([...])
 3 [internal function]: Laminas\Escaper\Escaper->{closure:Laminas\Escaper\Escaper::__construct():167}([...])
 4 SYSTEMPATH/ThirdParty/Escaper/Escaper.php(200): preg_replace_callback('/[^a-z0-9,\\.\\-_]/iSu', Object(Closure), 'Total Buried Area: Total surface area buried by the association, counting both faces of the interface, in Å². It is therefore about twice the BSA reported by NACCESS, which counts a single face.')
 5 SYSTEMPATH/Common.php(448): Laminas\Escaper\Escaper->escapeHtmlAttr('Total Buried Area: Total surface area buried by the association, counting both faces of the interface, in Å². It is therefore about twice the BSA reported by NACCESS, which counts a single face.')
 6 APPPATH/Views/entry.php(562): esc('Total Buried Area: Total surface area buried by the association, counting both faces of the interface, in Å². It is therefore about twice the BSA reported by NACCESS, which counts a single face.', 'attr')
 7 SYSTEMPATH/View/View.php(226): include('/Users/diego/Documents/GitHub/propedia26/app/Views/entry.php')
 8 SYSTEMPATH/View/View.php(229): CodeIgniter\View\View->{closure:CodeIgniter\View\View::render():223}()
 9 SYSTEMPATH/Common.php(1167): CodeIgniter\View\View->render('entry', [], true)
10 APPPATH/Controllers/Entry.php(57): view('entry', [...])
11 SYSTEMPATH/CodeIgniter.php(933): App\Controllers\Entry->entry('1WRZ-B-A')
12 SYSTEMPATH/CodeIgniter.php(507): CodeIgniter\CodeIgniter->runController(Object(App\Controllers\Entry))
13 SYSTEMPATH/CodeIgniter.php(354): CodeIgniter\CodeIgniter->handleRequest(null, Object(Config\Cache), false)
14 SYSTEMPATH/Boot.php(363): CodeIgniter\CodeIgniter->run()
15 SYSTEMPATH/Boot.php(68): CodeIgniter\Boot::runCodeIgniter(Object(CodeIgniter\CodeIgniter))
16 FCPATH/index.php(59): CodeIgniter\Boot::bootWeb(Object(Config\Paths))
17 SYSTEMPATH/rewrite.php(44): require_once('/Users/diego/Documents/GitHub/propedia26/public/index.php')
WARNING - 2026-08-26 07:12:36 --> [DEPRECATED] ord(): Providing a string that is not one byte long is deprecated. Use ord($str[0]) instead in SYSTEMPATH/ThirdParty/Escaper/Escaper.php on line 250.
 1 SYSTEMPATH/ThirdParty/Escaper/Escaper.php(250): ord('²')
 2 SYSTEMPATH/ThirdParty/Escaper/Escaper.php(167): Laminas\Escaper\Escaper->htmlAttrMatcher([...])
 3 [internal function]: Laminas\Escaper\Escaper->{closure:Laminas\Escaper\Escaper::__construct():167}([...])
 4 SYSTEMPATH/ThirdParty/Escaper/Escaper.php(200): preg_replace_callback('/[^a-z0-9,\\.\\-_]/iSu', Object(Closure), 'Total Buried Area: Total surface area buried by the association, counting both faces of the interface, in Å². It is therefore about twice the BSA reported by NACCESS, which counts a single face.')
 5 SYSTEMPATH/Common.php(448): Laminas\Escaper\Escaper->escapeHtmlAttr('Total Buried Area: Total surface area buried by the association, counting both faces of the interface, in Å². It is therefore about twice the BSA reported by NACCESS, which counts a single face.')
 6 APPPATH/Views/entry.php(562): esc('Total Buried Area: Total surface area buried by the association, counting both faces of the interface, in Å². It is therefore about twice the BSA reported by NACCESS, which counts a single face.', 'attr')
 7 SYSTEMPATH/View/View.php(226): include('/Users/diego/Documents/GitHub/propedia26/app/Views/entry.php')
 8 SYSTEMPATH/View/View.php(229): CodeIgniter\View\View->{closure:CodeIgniter\View\View::render():223}()
 9 SYSTEMPATH/Common.php(1167): CodeIgniter\View\View->render('entry', [], true)
10 APPPATH/Controllers/Entry.php(57): view('entry', [...])
11 SYSTEMPATH/CodeIgniter.php(933): App\Controllers\Entry->entry('1WRZ-B-A')
12 SYSTEMPATH/CodeIgniter.php(507): CodeIgniter\CodeIgniter->runController(Object(App\Controllers\Entry))
13 SYSTEMPATH/CodeIgniter.php(354): CodeIgniter\CodeIgniter->handleRequest(null, Object(Config\Cache), false)
14 SYSTEMPATH/Boot.php(363): CodeIgniter\CodeIgniter->run()
15 SYSTEMPATH/Boot.php(68): CodeIgniter\Boot::runCodeIgniter(Object(CodeIgniter\CodeIgniter))
16 FCPATH/index.php(59): CodeIgniter\Boot::bootWeb(Object(Config\Paths))
17 SYSTEMPATH/rewrite.php(44): require_once('/Users/diego/Documents/GitHub/propedia26/public/index.php')
WARNING - 2026-08-26 07:12:36 --> [DEPRECATED] ord(): Providing a string that is not one byte long is deprecated. Use ord($str[0]) instead in SYSTEMPATH/ThirdParty/Escaper/Escaper.php on line 250.
 1 SYSTEMPATH/ThirdParty/Escaper/Escaper.php(250): ord('Å')
 2 SYSTEMPATH/ThirdParty/Escaper/Escaper.php(167): Laminas\Escaper\Escaper->htmlAttrMatcher([...])
 3 [internal function]: Laminas\Escaper\Escaper->{closure:Laminas\Escaper\Escaper::__construct():167}([...])
 4 SYSTEMPATH/ThirdParty/Escaper/Escaper.php(200): preg_replace_callback('/[^a-z0-9,\\.\\-_]/iSu', Object(Closure), 'Complex ASA: Accessible surface area of the complex, given in Å². It corresponds to the ASA (complex) calculated with NACCESS, reported in the Surface section above.')
 5 SYSTEMPATH/Common.php(448): Laminas\Escaper\Escaper->escapeHtmlAttr('Complex ASA: Accessible surface area of the complex, given in Å². It corresponds to the ASA (complex) calculated with NACCESS, reported in the Surface section above.')
 6 APPPATH/Views/entry.php(562): esc('Complex ASA: Accessible surface area of the complex, given in Å². It corresponds to the ASA (complex) calculated with NACCESS, reported in the Surface section above.', 'attr')
 7 SYSTEMPATH/View/View.php(226): include('/Users/diego/Documents/GitHub/propedia26/app/Views/entry.php')
 8 SYSTEMPATH/View/View.php(229): CodeIgniter\View\View->{closure:CodeIgniter\View\View::render():223}()
 9 SYSTEMPATH/Common.php(1167): CodeIgniter\View\View->render('entry', [], true)
10 APPPATH/Controllers/Entry.php(57): view('entry', [...])
11 SYSTEMPATH/CodeIgniter.php(933): App\Controllers\Entry->entry('1WRZ-B-A')
12 SYSTEMPATH/CodeIgniter.php(507): CodeIgniter\CodeIgniter->runController(Object(App\Controllers\Entry))
13 SYSTEMPATH/CodeIgniter.php(354): CodeIgniter\CodeIgniter->handleRequest(null, Object(Config\Cache), false)
14 SYSTEMPATH/Boot.php(363): CodeIgniter\CodeIgniter->run()
15 SYSTEMPATH/Boot.php(68): CodeIgniter\Boot::runCodeIgniter(Object(CodeIgniter\CodeIgniter))
16 FCPATH/index.php(59): CodeIgniter\Boot::bootWeb(Object(Config\Paths))
17 SYSTEMPATH/rewrite.php(44): require_once('/Users/diego/Documents/GitHub/propedia26/public/index.php')
WARNING - 2026-08-26 07:12:36 --> [DEPRECATED] ord(): Providing a string that is not one byte long is deprecated. Use ord($str[0]) instead in SYSTEMPATH/ThirdParty/Escaper/Escaper.php on line 250.
 1 SYSTEMPATH/ThirdParty/Escaper/Escaper.php(250): ord('²')
 2 SYSTEMPATH/ThirdParty/Escaper/Escaper.php(167): Laminas\Escaper\Escaper->htmlAttrMatcher([...])
 3 [internal function]: Laminas\Escaper\Escaper->{closure:Laminas\Escaper\Escaper::__construct():167}([...])
 4 SYSTEMPATH/ThirdParty/Escaper/Escaper.php(200): preg_replace_callback('/[^a-z0-9,\\.\\-_]/iSu', Object(Closure), 'Complex ASA: Accessible surface area of the complex, given in Å². It corresponds to the ASA (complex) calculated with NACCESS, reported in the Surface section above.')
 5 SYSTEMPATH/Common.php(448): Laminas\Escaper\Escaper->escapeHtmlAttr('Complex ASA: Accessible surface area of the complex, given in Å². It corresponds to the ASA (complex) calculated with NACCESS, reported in the Surface section above.')
 6 APPPATH/Views/entry.php(562): esc('Complex ASA: Accessible surface area of the complex, given in Å². It corresponds to the ASA (complex) calculated with NACCESS, reported in the Surface section above.', 'attr')
 7 SYSTEMPATH/View/View.php(226): include('/Users/diego/Documents/GitHub/propedia26/app/Views/entry.php')
 8 SYSTEMPATH/View/View.php(229): CodeIgniter\View\View->{closure:CodeIgniter\View\View::render():223}()
 9 SYSTEMPATH/Common.php(1167): CodeIgniter\View\View->render('entry', [], true)
10 APPPATH/Controllers/Entry.php(57): view('entry', [...])
11 SYSTEMPATH/CodeIgniter.php(933): App\Controllers\Entry->entry('1WRZ-B-A')
12 SYSTEMPATH/CodeIgniter.php(507): CodeIgniter\CodeIgniter->runController(Object(App\Controllers\Entry))
13 SYSTEMPATH/CodeIgniter.php(354): CodeIgniter\CodeIgniter->handleRequest(null, Object(Config\Cache), false)
14 SYSTEMPATH/Boot.php(363): CodeIgniter\CodeIgniter->run()
15 SYSTEMPATH/Boot.php(68): CodeIgniter\Boot::runCodeIgniter(Object(CodeIgniter\CodeIgniter))
16 FCPATH/index.php(59): CodeIgniter\Boot::bootWeb(Object(Config\Paths))
17 SYSTEMPATH/rewrite.php(44): require_once('/Users/diego/Documents/GitHub/propedia26/public/index.php')
WARNING - 2026-08-26 07:12:36 --> [DEPRECATED] ord(): Providing a string that is not one byte long is deprecated. Use ord($str[0]) instead in SYSTEMPATH/ThirdParty/Escaper/Escaper.php on line 250.
 1 SYSTEMPATH/ThirdParty/Escaper/Escaper.php(250): ord('Å')
 2 SYSTEMPATH/ThirdParty/Escaper/Escaper.php(167): Laminas\Escaper\Escaper->htmlAttrMatcher([...])
 3 [internal function]: Laminas\Escaper\Escaper->{closure:Laminas\Escaper\Escaper::__construct():167}([...])
 4 SYSTEMPATH/ThirdParty/Escaper/Escaper.php(200): preg_replace_callback('/[^a-z0-9,\\.\\-_]/iSu', Object(Closure), 'Dissociation Area: Interface area that is broken when the complex dissociates, given in Å². It usually coincides with the interface area.')
 5 SYSTEMPATH/Common.php(448): Laminas\Escaper\Escaper->escapeHtmlAttr('Dissociation Area: Interface area that is broken when the complex dissociates, given in Å². It usually coincides with the interface area.')
 6 APPPATH/Views/entry.php(562): esc('Dissociation Area: Interface area that is broken when the complex dissociates, given in Å². It usually coincides with the interface area.', 'attr')
 7 SYSTEMPATH/View/View.php(226): include('/Users/diego/Documents/GitHub/propedia26/app/Views/entry.php')
 8 SYSTEMPATH/View/View.php(229): CodeIgniter\View\View->{closure:CodeIgniter\View\View::render():223}()
 9 SYSTEMPATH/Common.php(1167): CodeIgniter\View\View->render('entry', [], true)
10 APPPATH/Controllers/Entry.php(57): view('entry', [...])
11 SYSTEMPATH/CodeIgniter.php(933): App\Controllers\Entry->entry('1WRZ-B-A')
12 SYSTEMPATH/CodeIgniter.php(507): CodeIgniter\CodeIgniter->runController(Object(App\Controllers\Entry))
13 SYSTEMPATH/CodeIgniter.php(354): CodeIgniter\CodeIgniter->handleRequest(null, Object(Config\Cache), false)
14 SYSTEMPATH/Boot.php(363): CodeIgniter\CodeIgniter->run()
15 SYSTEMPATH/Boot.php(68): CodeIgniter\Boot::runCodeIgniter(Object(CodeIgniter\CodeIgniter))
16 FCPATH/index.php(59): CodeIgniter\Boot::bootWeb(Object(Config\Paths))
17 SYSTEMPATH/rewrite.php(44): require_once('/Users/diego/Documents/GitHub/propedia26/public/index.php')
WARNING - 2026-08-26 07:12:36 --> [DEPRECATED] ord(): Providing a string that is not one byte long is deprecated. Use ord($str[0]) instead in SYSTEMPATH/ThirdParty/Escaper/Escaper.php on line 250.
 1 SYSTEMPATH/ThirdParty/Escaper/Escaper.php(250): ord('²')
 2 SYSTEMPATH/ThirdParty/Escaper/Escaper.php(167): Laminas\Escaper\Escaper->htmlAttrMatcher([...])
 3 [internal function]: Laminas\Escaper\Escaper->{closure:Laminas\Escaper\Escaper::__construct():167}([...])
 4 SYSTEMPATH/ThirdParty/Escaper/Escaper.php(200): preg_replace_callback('/[^a-z0-9,\\.\\-_]/iSu', Object(Closure), 'Dissociation Area: Interface area that is broken when the complex dissociates, given in Å². It usually coincides with the interface area.')
 5 SYSTEMPATH/Common.php(448): Laminas\Escaper\Escaper->escapeHtmlAttr('Dissociation Area: Interface area that is broken when the complex dissociates, given in Å². It usually coincides with the interface area.')
 6 APPPATH/Views/entry.php(562): esc('Dissociation Area: Interface area that is broken when the complex dissociates, given in Å². It usually coincides with the interface area.', 'attr')
 7 SYSTEMPATH/View/View.php(226): include('/Users/diego/Documents/GitHub/propedia26/app/Views/entry.php')
 8 SYSTEMPATH/View/View.php(229): CodeIgniter\View\View->{closure:CodeIgniter\View\View::render():223}()
 9 SYSTEMPATH/Common.php(1167): CodeIgniter\View\View->render('entry', [], true)
10 APPPATH/Controllers/Entry.php(57): view('entry', [...])
11 SYSTEMPATH/CodeIgniter.php(933): App\Controllers\Entry->entry('1WRZ-B-A')
12 SYSTEMPATH/CodeIgniter.php(507): CodeIgniter\CodeIgniter->runController(Object(App\Controllers\Entry))
13 SYSTEMPATH/CodeIgniter.php(354): CodeIgniter\CodeIgniter->handleRequest(null, Object(Config\Cache), false)
14 SYSTEMPATH/Boot.php(363): CodeIgniter\CodeIgniter->run()
15 SYSTEMPATH/Boot.php(68): CodeIgniter\Boot::runCodeIgniter(Object(CodeIgniter\CodeIgniter))
16 FCPATH/index.php(59): CodeIgniter\Boot::bootWeb(Object(Config\Paths))
17 SYSTEMPATH/rewrite.php(44): require_once('/Users/diego/Documents/GitHub/propedia26/public/index.php')
WARNING - 2026-08-26 07:12:36 --> [DEPRECATED] ord(): Providing a string that is not one byte long is deprecated. Use ord($str[0]) instead in SYSTEMPATH/ThirdParty/Escaper/Escaper.php on line 250.
 1 SYSTEMPATH/ThirdParty/Escaper/Escaper.php(250): ord('Δ')
 2 SYSTEMPATH/ThirdParty/Escaper/Escaper.php(167): Laminas\Escaper\Escaper->htmlAttrMatcher([...])
 3 [internal function]: Laminas\Escaper\Escaper->{closure:Laminas\Escaper\Escaper::__construct():167}([...])
 4 SYSTEMPATH/ThirdParty/Escaper/Escaper.php(200): preg_replace_callback('/[^a-z0-9,\\.\\-_]/iSu', Object(Closure), 'Solvation Energy Gain (ΔiG): Free energy gain, in kcal/mol, obtained on formation of the interface. Negative values indicate a hydrophobic interface, which favours the association. It does not include the contribution of hydrogen bonds and salt bridges across the interface.')
 5 SYSTEMPATH/Common.php(448): Laminas\Escaper\Escaper->escapeHtmlAttr('Solvation Energy Gain (ΔiG): Free energy gain, in kcal/mol, obtained on formation of the interface. Negative values indicate a hydrophobic interface, which favours the association. It does not include the contribution of hydrogen bonds and salt bridges across the interface.')
 6 APPPATH/Views/entry.php(562): esc('Solvation Energy Gain (ΔiG): Free energy gain, in kcal/mol, obtained on formation of the interface. Negative values indicate a hydrophobic interface, which favours the association. It does not include the contribution of hydrogen bonds and salt bridges across the interface.', 'attr')
 7 SYSTEMPATH/View/View.php(226): include('/Users/diego/Documents/GitHub/propedia26/app/Views/entry.php')
 8 SYSTEMPATH/View/View.php(229): CodeIgniter\View\View->{closure:CodeIgniter\View\View::render():223}()
 9 SYSTEMPATH/Common.php(1167): CodeIgniter\View\View->render('entry', [], true)
10 APPPATH/Controllers/Entry.php(57): view('entry', [...])
11 SYSTEMPATH/CodeIgniter.php(933): App\Controllers\Entry->entry('1WRZ-B-A')
12 SYSTEMPATH/CodeIgniter.php(507): CodeIgniter\CodeIgniter->runController(Object(App\Controllers\Entry))
13 SYSTEMPATH/CodeIgniter.php(354): CodeIgniter\CodeIgniter->handleRequest(null, Object(Config\Cache), false)
14 SYSTEMPATH/Boot.php(363): CodeIgniter\CodeIgniter->run()
15 SYSTEMPATH/Boot.php(68): CodeIgniter\Boot::runCodeIgniter(Object(CodeIgniter\CodeIgniter))
16 FCPATH/index.php(59): CodeIgniter\Boot::bootWeb(Object(Config\Paths))
17 SYSTEMPATH/rewrite.php(44): require_once('/Users/diego/Documents/GitHub/propedia26/public/index.php')
WARNING - 2026-08-26 07:12:36 --> [DEPRECATED] ord(): Providing a string that is not one byte long is deprecated. Use ord($str[0]) instead in SYSTEMPATH/ThirdParty/Escaper/Escaper.php on line 250.
 1 SYSTEMPATH/ThirdParty/Escaper/Escaper.php(250): ord('Δ')
 2 SYSTEMPATH/ThirdParty/Escaper/Escaper.php(167): Laminas\Escaper\Escaper->htmlAttrMatcher([...])
 3 [internal function]: Laminas\Escaper\Escaper->{closure:Laminas\Escaper\Escaper::__construct():167}([...])
 4 SYSTEMPATH/ThirdParty/Escaper/Escaper.php(200): preg_replace_callback('/[^a-z0-9,\\.\\-_]/iSu', Object(Closure), 'ΔiG P-value: Statistical significance of the solvation energy gain. Values below 0.5 indicate an interface more hydrophobic than would be expected by chance, that is, an interface likely to be interaction-specific rather than a crystal-packing artefact.')
 5 SYSTEMPATH/Common.php(448): Laminas\Escaper\Escaper->escapeHtmlAttr('ΔiG P-value: Statistical significance of the solvation energy gain. Values below 0.5 indicate an interface more hydrophobic than would be expected by chance, that is, an interface likely to be interaction-specific rather than a crystal-packing artefact.')
 6 APPPATH/Views/entry.php(562): esc('ΔiG P-value: Statistical significance of the solvation energy gain. Values below 0.5 indicate an interface more hydrophobic than would be expected by chance, that is, an interface likely to be interaction-specific rather than a crystal-packing artefact.', 'attr')
 7 SYSTEMPATH/View/View.php(226): include('/Users/diego/Documents/GitHub/propedia26/app/Views/entry.php')
 8 SYSTEMPATH/View/View.php(229): CodeIgniter\View\View->{closure:CodeIgniter\View\View::render():223}()
 9 SYSTEMPATH/Common.php(1167): CodeIgniter\View\View->render('entry', [], true)
10 APPPATH/Controllers/Entry.php(57): view('entry', [...])
11 SYSTEMPATH/CodeIgniter.php(933): App\Controllers\Entry->entry('1WRZ-B-A')
12 SYSTEMPATH/CodeIgniter.php(507): CodeIgniter\CodeIgniter->runController(Object(App\Controllers\Entry))
13 SYSTEMPATH/CodeIgniter.php(354): CodeIgniter\CodeIgniter->handleRequest(null, Object(Config\Cache), false)
14 SYSTEMPATH/Boot.php(363): CodeIgniter\CodeIgniter->run()
15 SYSTEMPATH/Boot.php(68): CodeIgniter\Boot::runCodeIgniter(Object(CodeIgniter\CodeIgniter))
16 FCPATH/index.php(59): CodeIgniter\Boot::bootWeb(Object(Config\Paths))
17 SYSTEMPATH/rewrite.php(44): require_once('/Users/diego/Documents/GitHub/propedia26/public/index.php')
WARNING - 2026-08-26 07:12:36 --> [DEPRECATED] ord(): Providing a string that is not one byte long is deprecated. Use ord($str[0]) instead in SYSTEMPATH/ThirdParty/Escaper/Escaper.php on line 250.
 1 SYSTEMPATH/ThirdParty/Escaper/Escaper.php(250): ord('Δ')
 2 SYSTEMPATH/ThirdParty/Escaper/Escaper.php(167): Laminas\Escaper\Escaper->htmlAttrMatcher([...])
 3 [internal function]: Laminas\Escaper\Escaper->{closure:Laminas\Escaper\Escaper::__construct():167}([...])
 4 SYSTEMPATH/ThirdParty/Escaper/Escaper.php(200): preg_replace_callback('/[^a-z0-9,\\.\\-_]/iSu', Object(Closure), 'Total Interaction Energy: Solvation energy gain summed over all the interfaces of the structure, in kcal/mol. It is equal to the interface ΔiG when the structure has a single interface.')
 5 SYSTEMPATH/Common.php(448): Laminas\Escaper\Escaper->escapeHtmlAttr('Total Interaction Energy: Solvation energy gain summed over all the interfaces of the structure, in kcal/mol. It is equal to the interface ΔiG when the structure has a single interface.')
 6 APPPATH/Views/entry.php(562): esc('Total Interaction Energy: Solvation energy gain summed over all the interfaces of the structure, in kcal/mol. It is equal to the interface ΔiG when the structure has a single interface.', 'attr')
 7 SYSTEMPATH/View/View.php(226): include('/Users/diego/Documents/GitHub/propedia26/app/Views/entry.php')
 8 SYSTEMPATH/View/View.php(229): CodeIgniter\View\View->{closure:CodeIgniter\View\View::render():223}()
 9 SYSTEMPATH/Common.php(1167): CodeIgniter\View\View->render('entry', [], true)
10 APPPATH/Controllers/Entry.php(57): view('entry', [...])
11 SYSTEMPATH/CodeIgniter.php(933): App\Controllers\Entry->entry('1WRZ-B-A')
12 SYSTEMPATH/CodeIgniter.php(507): CodeIgniter\CodeIgniter->runController(Object(App\Controllers\Entry))
13 SYSTEMPATH/CodeIgniter.php(354): CodeIgniter\CodeIgniter->handleRequest(null, Object(Config\Cache), false)
14 SYSTEMPATH/Boot.php(363): CodeIgniter\CodeIgniter->run()
15 SYSTEMPATH/Boot.php(68): CodeIgniter\Boot::runCodeIgniter(Object(CodeIgniter\CodeIgniter))
16 FCPATH/index.php(59): CodeIgniter\Boot::bootWeb(Object(Config\Paths))
17 SYSTEMPATH/rewrite.php(44): require_once('/Users/diego/Documents/GitHub/propedia26/public/index.php')
WARNING - 2026-08-26 07:12:36 --> [DEPRECATED] ord(): Providing a string that is not one byte long is deprecated. Use ord($str[0]) instead in SYSTEMPATH/ThirdParty/Escaper/Escaper.php on line 250.
 1 SYSTEMPATH/ThirdParty/Escaper/Escaper.php(250): ord('Δ')
 2 SYSTEMPATH/ThirdParty/Escaper/Escaper.php(167): Laminas\Escaper\Escaper->htmlAttrMatcher([...])
 3 [internal function]: Laminas\Escaper\Escaper->{closure:Laminas\Escaper\Escaper::__construct():167}([...])
 4 SYSTEMPATH/ThirdParty/Escaper/Escaper.php(200): preg_replace_callback('/[^a-z0-9,\\.\\-_]/iSu', Object(Closure), 'Dissociation Free Energy (ΔGdiss): Free energy required to dissociate the complex, in kcal/mol. Positive values indicate a thermodynamically stable complex. It is the PISA counterpart of the binding affinity predicted by PRODIGY, reported in the Interaction energy section above with the opposite sign.')
 5 SYSTEMPATH/Common.php(448): Laminas\Escaper\Escaper->escapeHtmlAttr('Dissociation Free Energy (ΔGdiss): Free energy required to dissociate the complex, in kcal/mol. Positive values indicate a thermodynamically stable complex. It is the PISA counterpart of the binding affinity predicted by PRODIGY, reported in the Interaction energy section above with the opposite sign.')
 6 APPPATH/Views/entry.php(562): esc('Dissociation Free Energy (ΔGdiss): Free energy required to dissociate the complex, in kcal/mol. Positive values indicate a thermodynamically stable complex. It is the PISA counterpart of the binding affinity predicted by PRODIGY, reported in the Interaction energy section above with the opposite sign.', 'attr')
 7 SYSTEMPATH/View/View.php(226): include('/Users/diego/Documents/GitHub/propedia26/app/Views/entry.php')
 8 SYSTEMPATH/View/View.php(229): CodeIgniter\View\View->{closure:CodeIgniter\View\View::render():223}()
 9 SYSTEMPATH/Common.php(1167): CodeIgniter\View\View->render('entry', [], true)
10 APPPATH/Controllers/Entry.php(57): view('entry', [...])
11 SYSTEMPATH/CodeIgniter.php(933): App\Controllers\Entry->entry('1WRZ-B-A')
12 SYSTEMPATH/CodeIgniter.php(507): CodeIgniter\CodeIgniter->runController(Object(App\Controllers\Entry))
13 SYSTEMPATH/CodeIgniter.php(354): CodeIgniter\CodeIgniter->handleRequest(null, Object(Config\Cache), false)
14 SYSTEMPATH/Boot.php(363): CodeIgniter\CodeIgniter->run()
15 SYSTEMPATH/Boot.php(68): CodeIgniter\Boot::runCodeIgniter(Object(CodeIgniter\CodeIgniter))
16 FCPATH/index.php(59): CodeIgniter\Boot::bootWeb(Object(Config\Paths))
17 SYSTEMPATH/rewrite.php(44): require_once('/Users/diego/Documents/GitHub/propedia26/public/index.php')
WARNING - 2026-08-26 07:12:36 --> [DEPRECATED] ord(): Providing a string that is not one byte long is deprecated. Use ord($str[0]) instead in SYSTEMPATH/ThirdParty/Escaper/Escaper.php on line 250.
 1 SYSTEMPATH/ThirdParty/Escaper/Escaper.php(250): ord('Δ')
 2 SYSTEMPATH/ThirdParty/Escaper/Escaper.php(167): Laminas\Escaper\Escaper->htmlAttrMatcher([...])
 3 [internal function]: Laminas\Escaper\Escaper->{closure:Laminas\Escaper\Escaper::__construct():167}([...])
 4 SYSTEMPATH/ThirdParty/Escaper/Escaper.php(200): preg_replace_callback('/[^a-z0-9,\\.\\-_]/iSu', Object(Closure), 'Dissociation Entropy (TΔS): Entropic cost of the association, in kcal/mol. It always opposes the formation of the complex and is taken into account in the calculation of ΔGdiss.')
 5 SYSTEMPATH/Common.php(448): Laminas\Escaper\Escaper->escapeHtmlAttr('Dissociation Entropy (TΔS): Entropic cost of the association, in kcal/mol. It always opposes the formation of the complex and is taken into account in the calculation of ΔGdiss.')
 6 APPPATH/Views/entry.php(562): esc('Dissociation Entropy (TΔS): Entropic cost of the association, in kcal/mol. It always opposes the formation of the complex and is taken into account in the calculation of ΔGdiss.', 'attr')
 7 SYSTEMPATH/View/View.php(226): include('/Users/diego/Documents/GitHub/propedia26/app/Views/entry.php')
 8 SYSTEMPATH/View/View.php(229): CodeIgniter\View\View->{closure:CodeIgniter\View\View::render():223}()
 9 SYSTEMPATH/Common.php(1167): CodeIgniter\View\View->render('entry', [], true)
10 APPPATH/Controllers/Entry.php(57): view('entry', [...])
11 SYSTEMPATH/CodeIgniter.php(933): App\Controllers\Entry->entry('1WRZ-B-A')
12 SYSTEMPATH/CodeIgniter.php(507): CodeIgniter\CodeIgniter->runController(Object(App\Controllers\Entry))
13 SYSTEMPATH/CodeIgniter.php(354): CodeIgniter\CodeIgniter->handleRequest(null, Object(Config\Cache), false)
14 SYSTEMPATH/Boot.php(363): CodeIgniter\CodeIgniter->run()
15 SYSTEMPATH/Boot.php(68): CodeIgniter\Boot::runCodeIgniter(Object(CodeIgniter\CodeIgniter))
16 FCPATH/index.php(59): CodeIgniter\Boot::bootWeb(Object(Config\Paths))
17 SYSTEMPATH/rewrite.php(44): require_once('/Users/diego/Documents/GitHub/propedia26/public/index.php')
WARNING - 2026-08-26 07:12:36 --> [DEPRECATED] ord(): Providing a string that is not one byte long is deprecated. Use ord($str[0]) instead in SYSTEMPATH/ThirdParty/Escaper/Escaper.php on line 250.
 1 SYSTEMPATH/ThirdParty/Escaper/Escaper.php(250): ord('Δ')
 2 SYSTEMPATH/ThirdParty/Escaper/Escaper.php(167): Laminas\Escaper\Escaper->htmlAttrMatcher([...])
 3 [internal function]: Laminas\Escaper\Escaper->{closure:Laminas\Escaper\Escaper::__construct():167}([...])
 4 SYSTEMPATH/ThirdParty/Escaper/Escaper.php(200): preg_replace_callback('/[^a-z0-9,\\.\\-_]/iSu', Object(Closure), 'Dissociation Entropy (TΔS): Entropic cost of the association, in kcal/mol. It always opposes the formation of the complex and is taken into account in the calculation of ΔGdiss.')
 5 SYSTEMPATH/Common.php(448): Laminas\Escaper\Escaper->escapeHtmlAttr('Dissociation Entropy (TΔS): Entropic cost of the association, in kcal/mol. It always opposes the formation of the complex and is taken into account in the calculation of ΔGdiss.')
 6 APPPATH/Views/entry.php(562): esc('Dissociation Entropy (TΔS): Entropic cost of the association, in kcal/mol. It always opposes the formation of the complex and is taken into account in the calculation of ΔGdiss.', 'attr')
 7 SYSTEMPATH/View/View.php(226): include('/Users/diego/Documents/GitHub/propedia26/app/Views/entry.php')
 8 SYSTEMPATH/View/View.php(229): CodeIgniter\View\View->{closure:CodeIgniter\View\View::render():223}()
 9 SYSTEMPATH/Common.php(1167): CodeIgniter\View\View->render('entry', [], true)
10 APPPATH/Controllers/Entry.php(57): view('entry', [...])
11 SYSTEMPATH/CodeIgniter.php(933): App\Controllers\Entry->entry('1WRZ-B-A')
12 SYSTEMPATH/CodeIgniter.php(507): CodeIgniter\CodeIgniter->runController(Object(App\Controllers\Entry))
13 SYSTEMPATH/CodeIgniter.php(354): CodeIgniter\CodeIgniter->handleRequest(null, Object(Config\Cache), false)
14 SYSTEMPATH/Boot.php(363): CodeIgniter\CodeIgniter->run()
15 SYSTEMPATH/Boot.php(68): CodeIgniter\Boot::runCodeIgniter(Object(CodeIgniter\CodeIgniter))
16 FCPATH/index.php(59): CodeIgniter\Boot::bootWeb(Object(Config\Paths))
17 SYSTEMPATH/rewrite.php(44): require_once('/Users/diego/Documents/GitHub/propedia26/public/index.php')
DEBUG - 2026-08-26 07:12:36 --> Session: Class initialized using 'CodeIgniter\Session\Handlers\FileHandler' driver.
WARNING - 2026-08-26 07:13:49 --> [DEPRECATED] fgetcsv(): the $escape parameter must be provided as its default value will change in APPPATH/Controllers/Entry.php on line 37.
 1 APPPATH/Controllers/Entry.php(37): fgetcsv(resource (stream), 0, ';')
 2 SYSTEMPATH/CodeIgniter.php(933): App\Controllers\Entry->entry('1WRZ-B-A')
 3 SYSTEMPATH/CodeIgniter.php(507): CodeIgniter\CodeIgniter->runController(Object(App\Controllers\Entry))
 4 SYSTEMPATH/CodeIgniter.php(354): CodeIgniter\CodeIgniter->handleRequest(null, Object(Config\Cache), false)
 5 SYSTEMPATH/Boot.php(363): CodeIgniter\CodeIgniter->run()
 6 SYSTEMPATH/Boot.php(68): CodeIgniter\Boot::runCodeIgniter(Object(CodeIgniter\CodeIgniter))
 7 FCPATH/index.php(59): CodeIgniter\Boot::bootWeb(Object(Config\Paths))
 8 SYSTEMPATH/rewrite.php(44): require_once('/Users/diego/Documents/GitHub/propedia26/public/index.php')
WARNING - 2026-08-26 07:13:49 --> [DEPRECATED] ord(): Providing a string that is not one byte long is deprecated. Use ord($str[0]) instead in SYSTEMPATH/ThirdParty/Escaper/Escaper.php on line 250.
 1 SYSTEMPATH/ThirdParty/Escaper/Escaper.php(250): ord('Å')
 2 SYSTEMPATH/ThirdParty/Escaper/Escaper.php(167): Laminas\Escaper\Escaper->htmlAttrMatcher([...])
 3 [internal function]: Laminas\Escaper\Escaper->{closure:Laminas\Escaper\Escaper::__construct():167}([...])
 4 SYSTEMPATH/ThirdParty/Escaper/Escaper.php(200): preg_replace_callback('/[^a-z0-9,\\.\\-_]/iSu', Object(Closure), 'Interface Area: Area of one face of the protein-peptide interface, given in Å². It corresponds to the BSA calculated with NACCESS, reported in the Surface section above.')
 5 SYSTEMPATH/Common.php(448): Laminas\Escaper\Escaper->escapeHtmlAttr('Interface Area: Area of one face of the protein-peptide interface, given in Å². It corresponds to the BSA calculated with NACCESS, reported in the Surface section above.')
 6 APPPATH/Views/entry.php(562): esc('Interface Area: Area of one face of the protein-peptide interface, given in Å². It corresponds to the BSA calculated with NACCESS, reported in the Surface section above.', 'attr')
 7 SYSTEMPATH/View/View.php(226): include('/Users/diego/Documents/GitHub/propedia26/app/Views/entry.php')
 8 SYSTEMPATH/View/View.php(229): CodeIgniter\View\View->{closure:CodeIgniter\View\View::render():223}()
 9 SYSTEMPATH/Common.php(1167): CodeIgniter\View\View->render('entry', [], true)
10 APPPATH/Controllers/Entry.php(57): view('entry', [...])
11 SYSTEMPATH/CodeIgniter.php(933): App\Controllers\Entry->entry('1WRZ-B-A')
12 SYSTEMPATH/CodeIgniter.php(507): CodeIgniter\CodeIgniter->runController(Object(App\Controllers\Entry))
13 SYSTEMPATH/CodeIgniter.php(354): CodeIgniter\CodeIgniter->handleRequest(null, Object(Config\Cache), false)
14 SYSTEMPATH/Boot.php(363): CodeIgniter\CodeIgniter->run()
15 SYSTEMPATH/Boot.php(68): CodeIgniter\Boot::runCodeIgniter(Object(CodeIgniter\CodeIgniter))
16 FCPATH/index.php(59): CodeIgniter\Boot::bootWeb(Object(Config\Paths))
17 SYSTEMPATH/rewrite.php(44): require_once('/Users/diego/Documents/GitHub/propedia26/public/index.php')
WARNING - 2026-08-26 07:13:49 --> [DEPRECATED] ord(): Providing a string that is not one byte long is deprecated. Use ord($str[0]) instead in SYSTEMPATH/ThirdParty/Escaper/Escaper.php on line 250.
 1 SYSTEMPATH/ThirdParty/Escaper/Escaper.php(250): ord('²')
 2 SYSTEMPATH/ThirdParty/Escaper/Escaper.php(167): Laminas\Escaper\Escaper->htmlAttrMatcher([...])
 3 [internal function]: Laminas\Escaper\Escaper->{closure:Laminas\Escaper\Escaper::__construct():167}([...])
 4 SYSTEMPATH/ThirdParty/Escaper/Escaper.php(200): preg_replace_callback('/[^a-z0-9,\\.\\-_]/iSu', Object(Closure), 'Interface Area: Area of one face of the protein-peptide interface, given in Å². It corresponds to the BSA calculated with NACCESS, reported in the Surface section above.')
 5 SYSTEMPATH/Common.php(448): Laminas\Escaper\Escaper->escapeHtmlAttr('Interface Area: Area of one face of the protein-peptide interface, given in Å². It corresponds to the BSA calculated with NACCESS, reported in the Surface section above.')
 6 APPPATH/Views/entry.php(562): esc('Interface Area: Area of one face of the protein-peptide interface, given in Å². It corresponds to the BSA calculated with NACCESS, reported in the Surface section above.', 'attr')
 7 SYSTEMPATH/View/View.php(226): include('/Users/diego/Documents/GitHub/propedia26/app/Views/entry.php')
 8 SYSTEMPATH/View/View.php(229): CodeIgniter\View\View->{closure:CodeIgniter\View\View::render():223}()
 9 SYSTEMPATH/Common.php(1167): CodeIgniter\View\View->render('entry', [], true)
10 APPPATH/Controllers/Entry.php(57): view('entry', [...])
11 SYSTEMPATH/CodeIgniter.php(933): App\Controllers\Entry->entry('1WRZ-B-A')
12 SYSTEMPATH/CodeIgniter.php(507): CodeIgniter\CodeIgniter->runController(Object(App\Controllers\Entry))
13 SYSTEMPATH/CodeIgniter.php(354): CodeIgniter\CodeIgniter->handleRequest(null, Object(Config\Cache), false)
14 SYSTEMPATH/Boot.php(363): CodeIgniter\CodeIgniter->run()
15 SYSTEMPATH/Boot.php(68): CodeIgniter\Boot::runCodeIgniter(Object(CodeIgniter\CodeIgniter))
16 FCPATH/index.php(59): CodeIgniter\Boot::bootWeb(Object(Config\Paths))
17 SYSTEMPATH/rewrite.php(44): require_once('/Users/diego/Documents/GitHub/propedia26/public/index.php')
WARNING - 2026-08-26 07:13:49 --> [DEPRECATED] ord(): Providing a string that is not one byte long is deprecated. Use ord($str[0]) instead in SYSTEMPATH/ThirdParty/Escaper/Escaper.php on line 250.
 1 SYSTEMPATH/ThirdParty/Escaper/Escaper.php(250): ord('Å')
 2 SYSTEMPATH/ThirdParty/Escaper/Escaper.php(167): Laminas\Escaper\Escaper->htmlAttrMatcher([...])
 3 [internal function]: Laminas\Escaper\Escaper->{closure:Laminas\Escaper\Escaper::__construct():167}([...])
 4 SYSTEMPATH/ThirdParty/Escaper/Escaper.php(200): preg_replace_callback('/[^a-z0-9,\\.\\-_]/iSu', Object(Closure), 'Buried Area (peptide): Peptide surface area that becomes buried upon formation of the interface (value given in Å²).')
 5 SYSTEMPATH/Common.php(448): Laminas\Escaper\Escaper->escapeHtmlAttr('Buried Area (peptide): Peptide surface area that becomes buried upon formation of the interface (value given in Å²).')
 6 APPPATH/Views/entry.php(562): esc('Buried Area (peptide): Peptide surface area that becomes buried upon formation of the interface (value given in Å²).', 'attr')
 7 SYSTEMPATH/View/View.php(226): include('/Users/diego/Documents/GitHub/propedia26/app/Views/entry.php')
 8 SYSTEMPATH/View/View.php(229): CodeIgniter\View\View->{closure:CodeIgniter\View\View::render():223}()
 9 SYSTEMPATH/Common.php(1167): CodeIgniter\View\View->render('entry', [], true)
10 APPPATH/Controllers/Entry.php(57): view('entry', [...])
11 SYSTEMPATH/CodeIgniter.php(933): App\Controllers\Entry->entry('1WRZ-B-A')
12 SYSTEMPATH/CodeIgniter.php(507): CodeIgniter\CodeIgniter->runController(Object(App\Controllers\Entry))
13 SYSTEMPATH/CodeIgniter.php(354): CodeIgniter\CodeIgniter->handleRequest(null, Object(Config\Cache), false)
14 SYSTEMPATH/Boot.php(363): CodeIgniter\CodeIgniter->run()
15 SYSTEMPATH/Boot.php(68): CodeIgniter\Boot::runCodeIgniter(Object(CodeIgniter\CodeIgniter))
16 FCPATH/index.php(59): CodeIgniter\Boot::bootWeb(Object(Config\Paths))
17 SYSTEMPATH/rewrite.php(44): require_once('/Users/diego/Documents/GitHub/propedia26/public/index.php')
WARNING - 2026-08-26 07:13:49 --> [DEPRECATED] ord(): Providing a string that is not one byte long is deprecated. Use ord($str[0]) instead in SYSTEMPATH/ThirdParty/Escaper/Escaper.php on line 250.
 1 SYSTEMPATH/ThirdParty/Escaper/Escaper.php(250): ord('²')
 2 SYSTEMPATH/ThirdParty/Escaper/Escaper.php(167): Laminas\Escaper\Escaper->htmlAttrMatcher([...])
 3 [internal function]: Laminas\Escaper\Escaper->{closure:Laminas\Escaper\Escaper::__construct():167}([...])
 4 SYSTEMPATH/ThirdParty/Escaper/Escaper.php(200): preg_replace_callback('/[^a-z0-9,\\.\\-_]/iSu', Object(Closure), 'Buried Area (peptide): Peptide surface area that becomes buried upon formation of the interface (value given in Å²).')
 5 SYSTEMPATH/Common.php(448): Laminas\Escaper\Escaper->escapeHtmlAttr('Buried Area (peptide): Peptide surface area that becomes buried upon formation of the interface (value given in Å²).')
 6 APPPATH/Views/entry.php(562): esc('Buried Area (peptide): Peptide surface area that becomes buried upon formation of the interface (value given in Å²).', 'attr')
 7 SYSTEMPATH/View/View.php(226): include('/Users/diego/Documents/GitHub/propedia26/app/Views/entry.php')
 8 SYSTEMPATH/View/View.php(229): CodeIgniter\View\View->{closure:CodeIgniter\View\View::render():223}()
 9 SYSTEMPATH/Common.php(1167): CodeIgniter\View\View->render('entry', [], true)
10 APPPATH/Controllers/Entry.php(57): view('entry', [...])
11 SYSTEMPATH/CodeIgniter.php(933): App\Controllers\Entry->entry('1WRZ-B-A')
12 SYSTEMPATH/CodeIgniter.php(507): CodeIgniter\CodeIgniter->runController(Object(App\Controllers\Entry))
13 SYSTEMPATH/CodeIgniter.php(354): CodeIgniter\CodeIgniter->handleRequest(null, Object(Config\Cache), false)
14 SYSTEMPATH/Boot.php(363): CodeIgniter\CodeIgniter->run()
15 SYSTEMPATH/Boot.php(68): CodeIgniter\Boot::runCodeIgniter(Object(CodeIgniter\CodeIgniter))
16 FCPATH/index.php(59): CodeIgniter\Boot::bootWeb(Object(Config\Paths))
17 SYSTEMPATH/rewrite.php(44): require_once('/Users/diego/Documents/GitHub/propedia26/public/index.php')
WARNING - 2026-08-26 07:13:49 --> [DEPRECATED] ord(): Providing a string that is not one byte long is deprecated. Use ord($str[0]) instead in SYSTEMPATH/ThirdParty/Escaper/Escaper.php on line 250.
 1 SYSTEMPATH/ThirdParty/Escaper/Escaper.php(250): ord('Å')
 2 SYSTEMPATH/ThirdParty/Escaper/Escaper.php(167): Laminas\Escaper\Escaper->htmlAttrMatcher([...])
 3 [internal function]: Laminas\Escaper\Escaper->{closure:Laminas\Escaper\Escaper::__construct():167}([...])
 4 SYSTEMPATH/ThirdParty/Escaper/Escaper.php(200): preg_replace_callback('/[^a-z0-9,\\.\\-_]/iSu', Object(Closure), 'Buried Area (protein): Protein surface area that becomes buried upon formation of the interface (value given in Å²).')
 5 SYSTEMPATH/Common.php(448): Laminas\Escaper\Escaper->escapeHtmlAttr('Buried Area (protein): Protein surface area that becomes buried upon formation of the interface (value given in Å²).')
 6 APPPATH/Views/entry.php(562): esc('Buried Area (protein): Protein surface area that becomes buried upon formation of the interface (value given in Å²).', 'attr')
 7 SYSTEMPATH/View/View.php(226): include('/Users/diego/Documents/GitHub/propedia26/app/Views/entry.php')
 8 SYSTEMPATH/View/View.php(229): CodeIgniter\View\View->{closure:CodeIgniter\View\View::render():223}()
 9 SYSTEMPATH/Common.php(1167): CodeIgniter\View\View->render('entry', [], true)
10 APPPATH/Controllers/Entry.php(57): view('entry', [...])
11 SYSTEMPATH/CodeIgniter.php(933): App\Controllers\Entry->entry('1WRZ-B-A')
12 SYSTEMPATH/CodeIgniter.php(507): CodeIgniter\CodeIgniter->runController(Object(App\Controllers\Entry))
13 SYSTEMPATH/CodeIgniter.php(354): CodeIgniter\CodeIgniter->handleRequest(null, Object(Config\Cache), false)
14 SYSTEMPATH/Boot.php(363): CodeIgniter\CodeIgniter->run()
15 SYSTEMPATH/Boot.php(68): CodeIgniter\Boot::runCodeIgniter(Object(CodeIgniter\CodeIgniter))
16 FCPATH/index.php(59): CodeIgniter\Boot::bootWeb(Object(Config\Paths))
17 SYSTEMPATH/rewrite.php(44): require_once('/Users/diego/Documents/GitHub/propedia26/public/index.php')
WARNING - 2026-08-26 07:13:49 --> [DEPRECATED] ord(): Providing a string that is not one byte long is deprecated. Use ord($str[0]) instead in SYSTEMPATH/ThirdParty/Escaper/Escaper.php on line 250.
 1 SYSTEMPATH/ThirdParty/Escaper/Escaper.php(250): ord('²')
 2 SYSTEMPATH/ThirdParty/Escaper/Escaper.php(167): Laminas\Escaper\Escaper->htmlAttrMatcher([...])
 3 [internal function]: Laminas\Escaper\Escaper->{closure:Laminas\Escaper\Escaper::__construct():167}([...])
 4 SYSTEMPATH/ThirdParty/Escaper/Escaper.php(200): preg_replace_callback('/[^a-z0-9,\\.\\-_]/iSu', Object(Closure), 'Buried Area (protein): Protein surface area that becomes buried upon formation of the interface (value given in Å²).')
 5 SYSTEMPATH/Common.php(448): Laminas\Escaper\Escaper->escapeHtmlAttr('Buried Area (protein): Protein surface area that becomes buried upon formation of the interface (value given in Å²).')
 6 APPPATH/Views/entry.php(562): esc('Buried Area (protein): Protein surface area that becomes buried upon formation of the interface (value given in Å²).', 'attr')
 7 SYSTEMPATH/View/View.php(226): include('/Users/diego/Documents/GitHub/propedia26/app/Views/entry.php')
 8 SYSTEMPATH/View/View.php(229): CodeIgniter\View\View->{closure:CodeIgniter\View\View::render():223}()
 9 SYSTEMPATH/Common.php(1167): CodeIgniter\View\View->render('entry', [], true)
10 APPPATH/Controllers/Entry.php(57): view('entry', [...])
11 SYSTEMPATH/CodeIgniter.php(933): App\Controllers\Entry->entry('1WRZ-B-A')
12 SYSTEMPATH/CodeIgniter.php(507): CodeIgniter\CodeIgniter->runController(Object(App\Controllers\Entry))
13 SYSTEMPATH/CodeIgniter.php(354): CodeIgniter\CodeIgniter->handleRequest(null, Object(Config\Cache), false)
14 SYSTEMPATH/Boot.php(363): CodeIgniter\CodeIgniter->run()
15 SYSTEMPATH/Boot.php(68): CodeIgniter\Boot::runCodeIgniter(Object(CodeIgniter\CodeIgniter))
16 FCPATH/index.php(59): CodeIgniter\Boot::bootWeb(Object(Config\Paths))
17 SYSTEMPATH/rewrite.php(44): require_once('/Users/diego/Documents/GitHub/propedia26/public/index.php')
WARNING - 2026-08-26 07:13:49 --> [DEPRECATED] ord(): Providing a string that is not one byte long is deprecated. Use ord($str[0]) instead in SYSTEMPATH/ThirdParty/Escaper/Escaper.php on line 250.
 1 SYSTEMPATH/ThirdParty/Escaper/Escaper.php(250): ord('Å')
 2 SYSTEMPATH/ThirdParty/Escaper/Escaper.php(167): Laminas\Escaper\Escaper->htmlAttrMatcher([...])
 3 [internal function]: Laminas\Escaper\Escaper->{closure:Laminas\Escaper\Escaper::__construct():167}([...])
 4 SYSTEMPATH/ThirdParty/Escaper/Escaper.php(200): preg_replace_callback('/[^a-z0-9,\\.\\-_]/iSu', Object(Closure), 'Total Buried Area: Total surface area buried by the association, counting both faces of the interface, in Å². It is therefore about twice the BSA reported by NACCESS, which counts a single face.')
 5 SYSTEMPATH/Common.php(448): Laminas\Escaper\Escaper->escapeHtmlAttr('Total Buried Area: Total surface area buried by the association, counting both faces of the interface, in Å². It is therefore about twice the BSA reported by NACCESS, which counts a single face.')
 6 APPPATH/Views/entry.php(562): esc('Total Buried Area: Total surface area buried by the association, counting both faces of the interface, in Å². It is therefore about twice the BSA reported by NACCESS, which counts a single face.', 'attr')
 7 SYSTEMPATH/View/View.php(226): include('/Users/diego/Documents/GitHub/propedia26/app/Views/entry.php')
 8 SYSTEMPATH/View/View.php(229): CodeIgniter\View\View->{closure:CodeIgniter\View\View::render():223}()
 9 SYSTEMPATH/Common.php(1167): CodeIgniter\View\View->render('entry', [], true)
10 APPPATH/Controllers/Entry.php(57): view('entry', [...])
11 SYSTEMPATH/CodeIgniter.php(933): App\Controllers\Entry->entry('1WRZ-B-A')
12 SYSTEMPATH/CodeIgniter.php(507): CodeIgniter\CodeIgniter->runController(Object(App\Controllers\Entry))
13 SYSTEMPATH/CodeIgniter.php(354): CodeIgniter\CodeIgniter->handleRequest(null, Object(Config\Cache), false)
14 SYSTEMPATH/Boot.php(363): CodeIgniter\CodeIgniter->run()
15 SYSTEMPATH/Boot.php(68): CodeIgniter\Boot::runCodeIgniter(Object(CodeIgniter\CodeIgniter))
16 FCPATH/index.php(59): CodeIgniter\Boot::bootWeb(Object(Config\Paths))
17 SYSTEMPATH/rewrite.php(44): require_once('/Users/diego/Documents/GitHub/propedia26/public/index.php')
WARNING - 2026-08-26 07:13:49 --> [DEPRECATED] ord(): Providing a string that is not one byte long is deprecated. Use ord($str[0]) instead in SYSTEMPATH/ThirdParty/Escaper/Escaper.php on line 250.
 1 SYSTEMPATH/ThirdParty/Escaper/Escaper.php(250): ord('²')
 2 SYSTEMPATH/ThirdParty/Escaper/Escaper.php(167): Laminas\Escaper\Escaper->htmlAttrMatcher([...])
 3 [internal function]: Laminas\Escaper\Escaper->{closure:Laminas\Escaper\Escaper::__construct():167}([...])
 4 SYSTEMPATH/ThirdParty/Escaper/Escaper.php(200): preg_replace_callback('/[^a-z0-9,\\.\\-_]/iSu', Object(Closure), 'Total Buried Area: Total surface area buried by the association, counting both faces of the interface, in Å². It is therefore about twice the BSA reported by NACCESS, which counts a single face.')
 5 SYSTEMPATH/Common.php(448): Laminas\Escaper\Escaper->escapeHtmlAttr('Total Buried Area: Total surface area buried by the association, counting both faces of the interface, in Å². It is therefore about twice the BSA reported by NACCESS, which counts a single face.')
 6 APPPATH/Views/entry.php(562): esc('Total Buried Area: Total surface area buried by the association, counting both faces of the interface, in Å². It is therefore about twice the BSA reported by NACCESS, which counts a single face.', 'attr')
 7 SYSTEMPATH/View/View.php(226): include('/Users/diego/Documents/GitHub/propedia26/app/Views/entry.php')
 8 SYSTEMPATH/View/View.php(229): CodeIgniter\View\View->{closure:CodeIgniter\View\View::render():223}()
 9 SYSTEMPATH/Common.php(1167): CodeIgniter\View\View->render('entry', [], true)
10 APPPATH/Controllers/Entry.php(57): view('entry', [...])
11 SYSTEMPATH/CodeIgniter.php(933): App\Controllers\Entry->entry('1WRZ-B-A')
12 SYSTEMPATH/CodeIgniter.php(507): CodeIgniter\CodeIgniter->runController(Object(App\Controllers\Entry))
13 SYSTEMPATH/CodeIgniter.php(354): CodeIgniter\CodeIgniter->handleRequest(null, Object(Config\Cache), false)
14 SYSTEMPATH/Boot.php(363): CodeIgniter\CodeIgniter->run()
15 SYSTEMPATH/Boot.php(68): CodeIgniter\Boot::runCodeIgniter(Object(CodeIgniter\CodeIgniter))
16 FCPATH/index.php(59): CodeIgniter\Boot::bootWeb(Object(Config\Paths))
17 SYSTEMPATH/rewrite.php(44): require_once('/Users/diego/Documents/GitHub/propedia26/public/index.php')
WARNING - 2026-08-26 07:13:49 --> [DEPRECATED] ord(): Providing a string that is not one byte long is deprecated. Use ord($str[0]) instead in SYSTEMPATH/ThirdParty/Escaper/Escaper.php on line 250.
 1 SYSTEMPATH/ThirdParty/Escaper/Escaper.php(250): ord('Å')
 2 SYSTEMPATH/ThirdParty/Escaper/Escaper.php(167): Laminas\Escaper\Escaper->htmlAttrMatcher([...])
 3 [internal function]: Laminas\Escaper\Escaper->{closure:Laminas\Escaper\Escaper::__construct():167}([...])
 4 SYSTEMPATH/ThirdParty/Escaper/Escaper.php(200): preg_replace_callback('/[^a-z0-9,\\.\\-_]/iSu', Object(Closure), 'Complex ASA: Accessible surface area of the complex, given in Å². It corresponds to the ASA (complex) calculated with NACCESS, reported in the Surface section above.')
 5 SYSTEMPATH/Common.php(448): Laminas\Escaper\Escaper->escapeHtmlAttr('Complex ASA: Accessible surface area of the complex, given in Å². It corresponds to the ASA (complex) calculated with NACCESS, reported in the Surface section above.')
 6 APPPATH/Views/entry.php(562): esc('Complex ASA: Accessible surface area of the complex, given in Å². It corresponds to the ASA (complex) calculated with NACCESS, reported in the Surface section above.', 'attr')
 7 SYSTEMPATH/View/View.php(226): include('/Users/diego/Documents/GitHub/propedia26/app/Views/entry.php')
 8 SYSTEMPATH/View/View.php(229): CodeIgniter\View\View->{closure:CodeIgniter\View\View::render():223}()
 9 SYSTEMPATH/Common.php(1167): CodeIgniter\View\View->render('entry', [], true)
10 APPPATH/Controllers/Entry.php(57): view('entry', [...])
11 SYSTEMPATH/CodeIgniter.php(933): App\Controllers\Entry->entry('1WRZ-B-A')
12 SYSTEMPATH/CodeIgniter.php(507): CodeIgniter\CodeIgniter->runController(Object(App\Controllers\Entry))
13 SYSTEMPATH/CodeIgniter.php(354): CodeIgniter\CodeIgniter->handleRequest(null, Object(Config\Cache), false)
14 SYSTEMPATH/Boot.php(363): CodeIgniter\CodeIgniter->run()
15 SYSTEMPATH/Boot.php(68): CodeIgniter\Boot::runCodeIgniter(Object(CodeIgniter\CodeIgniter))
16 FCPATH/index.php(59): CodeIgniter\Boot::bootWeb(Object(Config\Paths))
17 SYSTEMPATH/rewrite.php(44): require_once('/Users/diego/Documents/GitHub/propedia26/public/index.php')
WARNING - 2026-08-26 07:13:49 --> [DEPRECATED] ord(): Providing a string that is not one byte long is deprecated. Use ord($str[0]) instead in SYSTEMPATH/ThirdParty/Escaper/Escaper.php on line 250.
 1 SYSTEMPATH/ThirdParty/Escaper/Escaper.php(250): ord('²')
 2 SYSTEMPATH/ThirdParty/Escaper/Escaper.php(167): Laminas\Escaper\Escaper->htmlAttrMatcher([...])
 3 [internal function]: Laminas\Escaper\Escaper->{closure:Laminas\Escaper\Escaper::__construct():167}([...])
 4 SYSTEMPATH/ThirdParty/Escaper/Escaper.php(200): preg_replace_callback('/[^a-z0-9,\\.\\-_]/iSu', Object(Closure), 'Complex ASA: Accessible surface area of the complex, given in Å². It corresponds to the ASA (complex) calculated with NACCESS, reported in the Surface section above.')
 5 SYSTEMPATH/Common.php(448): Laminas\Escaper\Escaper->escapeHtmlAttr('Complex ASA: Accessible surface area of the complex, given in Å². It corresponds to the ASA (complex) calculated with NACCESS, reported in the Surface section above.')
 6 APPPATH/Views/entry.php(562): esc('Complex ASA: Accessible surface area of the complex, given in Å². It corresponds to the ASA (complex) calculated with NACCESS, reported in the Surface section above.', 'attr')
 7 SYSTEMPATH/View/View.php(226): include('/Users/diego/Documents/GitHub/propedia26/app/Views/entry.php')
 8 SYSTEMPATH/View/View.php(229): CodeIgniter\View\View->{closure:CodeIgniter\View\View::render():223}()
 9 SYSTEMPATH/Common.php(1167): CodeIgniter\View\View->render('entry', [], true)
10 APPPATH/Controllers/Entry.php(57): view('entry', [...])
11 SYSTEMPATH/CodeIgniter.php(933): App\Controllers\Entry->entry('1WRZ-B-A')
12 SYSTEMPATH/CodeIgniter.php(507): CodeIgniter\CodeIgniter->runController(Object(App\Controllers\Entry))
13 SYSTEMPATH/CodeIgniter.php(354): CodeIgniter\CodeIgniter->handleRequest(null, Object(Config\Cache), false)
14 SYSTEMPATH/Boot.php(363): CodeIgniter\CodeIgniter->run()
15 SYSTEMPATH/Boot.php(68): CodeIgniter\Boot::runCodeIgniter(Object(CodeIgniter\CodeIgniter))
16 FCPATH/index.php(59): CodeIgniter\Boot::bootWeb(Object(Config\Paths))
17 SYSTEMPATH/rewrite.php(44): require_once('/Users/diego/Documents/GitHub/propedia26/public/index.php')
WARNING - 2026-08-26 07:13:49 --> [DEPRECATED] ord(): Providing a string that is not one byte long is deprecated. Use ord($str[0]) instead in SYSTEMPATH/ThirdParty/Escaper/Escaper.php on line 250.
 1 SYSTEMPATH/ThirdParty/Escaper/Escaper.php(250): ord('Å')
 2 SYSTEMPATH/ThirdParty/Escaper/Escaper.php(167): Laminas\Escaper\Escaper->htmlAttrMatcher([...])
 3 [internal function]: Laminas\Escaper\Escaper->{closure:Laminas\Escaper\Escaper::__construct():167}([...])
 4 SYSTEMPATH/ThirdParty/Escaper/Escaper.php(200): preg_replace_callback('/[^a-z0-9,\\.\\-_]/iSu', Object(Closure), 'Dissociation Area: Interface area that is broken when the complex dissociates, given in Å². It usually coincides with the interface area.')
 5 SYSTEMPATH/Common.php(448): Laminas\Escaper\Escaper->escapeHtmlAttr('Dissociation Area: Interface area that is broken when the complex dissociates, given in Å². It usually coincides with the interface area.')
 6 APPPATH/Views/entry.php(562): esc('Dissociation Area: Interface area that is broken when the complex dissociates, given in Å². It usually coincides with the interface area.', 'attr')
 7 SYSTEMPATH/View/View.php(226): include('/Users/diego/Documents/GitHub/propedia26/app/Views/entry.php')
 8 SYSTEMPATH/View/View.php(229): CodeIgniter\View\View->{closure:CodeIgniter\View\View::render():223}()
 9 SYSTEMPATH/Common.php(1167): CodeIgniter\View\View->render('entry', [], true)
10 APPPATH/Controllers/Entry.php(57): view('entry', [...])
11 SYSTEMPATH/CodeIgniter.php(933): App\Controllers\Entry->entry('1WRZ-B-A')
12 SYSTEMPATH/CodeIgniter.php(507): CodeIgniter\CodeIgniter->runController(Object(App\Controllers\Entry))
13 SYSTEMPATH/CodeIgniter.php(354): CodeIgniter\CodeIgniter->handleRequest(null, Object(Config\Cache), false)
14 SYSTEMPATH/Boot.php(363): CodeIgniter\CodeIgniter->run()
15 SYSTEMPATH/Boot.php(68): CodeIgniter\Boot::runCodeIgniter(Object(CodeIgniter\CodeIgniter))
16 FCPATH/index.php(59): CodeIgniter\Boot::bootWeb(Object(Config\Paths))
17 SYSTEMPATH/rewrite.php(44): require_once('/Users/diego/Documents/GitHub/propedia26/public/index.php')
WARNING - 2026-08-26 07:13:49 --> [DEPRECATED] ord(): Providing a string that is not one byte long is deprecated. Use ord($str[0]) instead in SYSTEMPATH/ThirdParty/Escaper/Escaper.php on line 250.
 1 SYSTEMPATH/ThirdParty/Escaper/Escaper.php(250): ord('²')
 2 SYSTEMPATH/ThirdParty/Escaper/Escaper.php(167): Laminas\Escaper\Escaper->htmlAttrMatcher([...])
 3 [internal function]: Laminas\Escaper\Escaper->{closure:Laminas\Escaper\Escaper::__construct():167}([...])
 4 SYSTEMPATH/ThirdParty/Escaper/Escaper.php(200): preg_replace_callback('/[^a-z0-9,\\.\\-_]/iSu', Object(Closure), 'Dissociation Area: Interface area that is broken when the complex dissociates, given in Å². It usually coincides with the interface area.')
 5 SYSTEMPATH/Common.php(448): Laminas\Escaper\Escaper->escapeHtmlAttr('Dissociation Area: Interface area that is broken when the complex dissociates, given in Å². It usually coincides with the interface area.')
 6 APPPATH/Views/entry.php(562): esc('Dissociation Area: Interface area that is broken when the complex dissociates, given in Å². It usually coincides with the interface area.', 'attr')
 7 SYSTEMPATH/View/View.php(226): include('/Users/diego/Documents/GitHub/propedia26/app/Views/entry.php')
 8 SYSTEMPATH/View/View.php(229): CodeIgniter\View\View->{closure:CodeIgniter\View\View::render():223}()
 9 SYSTEMPATH/Common.php(1167): CodeIgniter\View\View->render('entry', [], true)
10 APPPATH/Controllers/Entry.php(57): view('entry', [...])
11 SYSTEMPATH/CodeIgniter.php(933): App\Controllers\Entry->entry('1WRZ-B-A')
12 SYSTEMPATH/CodeIgniter.php(507): CodeIgniter\CodeIgniter->runController(Object(App\Controllers\Entry))
13 SYSTEMPATH/CodeIgniter.php(354): CodeIgniter\CodeIgniter->handleRequest(null, Object(Config\Cache), false)
14 SYSTEMPATH/Boot.php(363): CodeIgniter\CodeIgniter->run()
15 SYSTEMPATH/Boot.php(68): CodeIgniter\Boot::runCodeIgniter(Object(CodeIgniter\CodeIgniter))
16 FCPATH/index.php(59): CodeIgniter\Boot::bootWeb(Object(Config\Paths))
17 SYSTEMPATH/rewrite.php(44): require_once('/Users/diego/Documents/GitHub/propedia26/public/index.php')
WARNING - 2026-08-26 07:13:49 --> [DEPRECATED] ord(): Providing a string that is not one byte long is deprecated. Use ord($str[0]) instead in SYSTEMPATH/ThirdParty/Escaper/Escaper.php on line 250.
 1 SYSTEMPATH/ThirdParty/Escaper/Escaper.php(250): ord('Δ')
 2 SYSTEMPATH/ThirdParty/Escaper/Escaper.php(167): Laminas\Escaper\Escaper->htmlAttrMatcher([...])
 3 [internal function]: Laminas\Escaper\Escaper->{closure:Laminas\Escaper\Escaper::__construct():167}([...])
 4 SYSTEMPATH/ThirdParty/Escaper/Escaper.php(200): preg_replace_callback('/[^a-z0-9,\\.\\-_]/iSu', Object(Closure), 'Solvation Energy Gain (ΔiG): Free energy gain, in kcal/mol, obtained on formation of the interface. Negative values indicate a hydrophobic interface, which favours the association. It does not include the contribution of hydrogen bonds and salt bridges across the interface.')
 5 SYSTEMPATH/Common.php(448): Laminas\Escaper\Escaper->escapeHtmlAttr('Solvation Energy Gain (ΔiG): Free energy gain, in kcal/mol, obtained on formation of the interface. Negative values indicate a hydrophobic interface, which favours the association. It does not include the contribution of hydrogen bonds and salt bridges across the interface.')
 6 APPPATH/Views/entry.php(562): esc('Solvation Energy Gain (ΔiG): Free energy gain, in kcal/mol, obtained on formation of the interface. Negative values indicate a hydrophobic interface, which favours the association. It does not include the contribution of hydrogen bonds and salt bridges across the interface.', 'attr')
 7 SYSTEMPATH/View/View.php(226): include('/Users/diego/Documents/GitHub/propedia26/app/Views/entry.php')
 8 SYSTEMPATH/View/View.php(229): CodeIgniter\View\View->{closure:CodeIgniter\View\View::render():223}()
 9 SYSTEMPATH/Common.php(1167): CodeIgniter\View\View->render('entry', [], true)
10 APPPATH/Controllers/Entry.php(57): view('entry', [...])
11 SYSTEMPATH/CodeIgniter.php(933): App\Controllers\Entry->entry('1WRZ-B-A')
12 SYSTEMPATH/CodeIgniter.php(507): CodeIgniter\CodeIgniter->runController(Object(App\Controllers\Entry))
13 SYSTEMPATH/CodeIgniter.php(354): CodeIgniter\CodeIgniter->handleRequest(null, Object(Config\Cache), false)
14 SYSTEMPATH/Boot.php(363): CodeIgniter\CodeIgniter->run()
15 SYSTEMPATH/Boot.php(68): CodeIgniter\Boot::runCodeIgniter(Object(CodeIgniter\CodeIgniter))
16 FCPATH/index.php(59): CodeIgniter\Boot::bootWeb(Object(Config\Paths))
17 SYSTEMPATH/rewrite.php(44): require_once('/Users/diego/Documents/GitHub/propedia26/public/index.php')
WARNING - 2026-08-26 07:13:49 --> [DEPRECATED] ord(): Providing a string that is not one byte long is deprecated. Use ord($str[0]) instead in SYSTEMPATH/ThirdParty/Escaper/Escaper.php on line 250.
 1 SYSTEMPATH/ThirdParty/Escaper/Escaper.php(250): ord('Δ')
 2 SYSTEMPATH/ThirdParty/Escaper/Escaper.php(167): Laminas\Escaper\Escaper->htmlAttrMatcher([...])
 3 [internal function]: Laminas\Escaper\Escaper->{closure:Laminas\Escaper\Escaper::__construct():167}([...])
 4 SYSTEMPATH/ThirdParty/Escaper/Escaper.php(200): preg_replace_callback('/[^a-z0-9,\\.\\-_]/iSu', Object(Closure), 'ΔiG P-value: Statistical significance of the solvation energy gain. Values below 0.5 indicate an interface more hydrophobic than would be expected by chance, that is, an interface likely to be interaction-specific rather than a crystal-packing artefact.')
 5 SYSTEMPATH/Common.php(448): Laminas\Escaper\Escaper->escapeHtmlAttr('ΔiG P-value: Statistical significance of the solvation energy gain. Values below 0.5 indicate an interface more hydrophobic than would be expected by chance, that is, an interface likely to be interaction-specific rather than a crystal-packing artefact.')
 6 APPPATH/Views/entry.php(562): esc('ΔiG P-value: Statistical significance of the solvation energy gain. Values below 0.5 indicate an interface more hydrophobic than would be expected by chance, that is, an interface likely to be interaction-specific rather than a crystal-packing artefact.', 'attr')
 7 SYSTEMPATH/View/View.php(226): include('/Users/diego/Documents/GitHub/propedia26/app/Views/entry.php')
 8 SYSTEMPATH/View/View.php(229): CodeIgniter\View\View->{closure:CodeIgniter\View\View::render():223}()
 9 SYSTEMPATH/Common.php(1167): CodeIgniter\View\View->render('entry', [], true)
10 APPPATH/Controllers/Entry.php(57): view('entry', [...])
11 SYSTEMPATH/CodeIgniter.php(933): App\Controllers\Entry->entry('1WRZ-B-A')
12 SYSTEMPATH/CodeIgniter.php(507): CodeIgniter\CodeIgniter->runController(Object(App\Controllers\Entry))
13 SYSTEMPATH/CodeIgniter.php(354): CodeIgniter\CodeIgniter->handleRequest(null, Object(Config\Cache), false)
14 SYSTEMPATH/Boot.php(363): CodeIgniter\CodeIgniter->run()
15 SYSTEMPATH/Boot.php(68): CodeIgniter\Boot::runCodeIgniter(Object(CodeIgniter\CodeIgniter))
16 FCPATH/index.php(59): CodeIgniter\Boot::bootWeb(Object(Config\Paths))
17 SYSTEMPATH/rewrite.php(44): require_once('/Users/diego/Documents/GitHub/propedia26/public/index.php')
WARNING - 2026-08-26 07:13:49 --> [DEPRECATED] ord(): Providing a string that is not one byte long is deprecated. Use ord($str[0]) instead in SYSTEMPATH/ThirdParty/Escaper/Escaper.php on line 250.
 1 SYSTEMPATH/ThirdParty/Escaper/Escaper.php(250): ord('Δ')
 2 SYSTEMPATH/ThirdParty/Escaper/Escaper.php(167): Laminas\Escaper\Escaper->htmlAttrMatcher([...])
 3 [internal function]: Laminas\Escaper\Escaper->{closure:Laminas\Escaper\Escaper::__construct():167}([...])
 4 SYSTEMPATH/ThirdParty/Escaper/Escaper.php(200): preg_replace_callback('/[^a-z0-9,\\.\\-_]/iSu', Object(Closure), 'Total Interaction Energy: Solvation energy gain summed over all the interfaces of the structure, in kcal/mol. It is equal to the interface ΔiG when the structure has a single interface.')
 5 SYSTEMPATH/Common.php(448): Laminas\Escaper\Escaper->escapeHtmlAttr('Total Interaction Energy: Solvation energy gain summed over all the interfaces of the structure, in kcal/mol. It is equal to the interface ΔiG when the structure has a single interface.')
 6 APPPATH/Views/entry.php(562): esc('Total Interaction Energy: Solvation energy gain summed over all the interfaces of the structure, in kcal/mol. It is equal to the interface ΔiG when the structure has a single interface.', 'attr')
 7 SYSTEMPATH/View/View.php(226): include('/Users/diego/Documents/GitHub/propedia26/app/Views/entry.php')
 8 SYSTEMPATH/View/View.php(229): CodeIgniter\View\View->{closure:CodeIgniter\View\View::render():223}()
 9 SYSTEMPATH/Common.php(1167): CodeIgniter\View\View->render('entry', [], true)
10 APPPATH/Controllers/Entry.php(57): view('entry', [...])
11 SYSTEMPATH/CodeIgniter.php(933): App\Controllers\Entry->entry('1WRZ-B-A')
12 SYSTEMPATH/CodeIgniter.php(507): CodeIgniter\CodeIgniter->runController(Object(App\Controllers\Entry))
13 SYSTEMPATH/CodeIgniter.php(354): CodeIgniter\CodeIgniter->handleRequest(null, Object(Config\Cache), false)
14 SYSTEMPATH/Boot.php(363): CodeIgniter\CodeIgniter->run()
15 SYSTEMPATH/Boot.php(68): CodeIgniter\Boot::runCodeIgniter(Object(CodeIgniter\CodeIgniter))
16 FCPATH/index.php(59): CodeIgniter\Boot::bootWeb(Object(Config\Paths))
17 SYSTEMPATH/rewrite.php(44): require_once('/Users/diego/Documents/GitHub/propedia26/public/index.php')
WARNING - 2026-08-26 07:13:49 --> [DEPRECATED] ord(): Providing a string that is not one byte long is deprecated. Use ord($str[0]) instead in SYSTEMPATH/ThirdParty/Escaper/Escaper.php on line 250.
 1 SYSTEMPATH/ThirdParty/Escaper/Escaper.php(250): ord('Δ')
 2 SYSTEMPATH/ThirdParty/Escaper/Escaper.php(167): Laminas\Escaper\Escaper->htmlAttrMatcher([...])
 3 [internal function]: Laminas\Escaper\Escaper->{closure:Laminas\Escaper\Escaper::__construct():167}([...])
 4 SYSTEMPATH/ThirdParty/Escaper/Escaper.php(200): preg_replace_callback('/[^a-z0-9,\\.\\-_]/iSu', Object(Closure), 'Dissociation Free Energy (ΔGdiss): Free energy required to dissociate the complex, in kcal/mol. Positive values indicate a thermodynamically stable complex. It is the PISA counterpart of the binding affinity predicted by PRODIGY, reported in the Interaction energy section above with the opposite sign.')
 5 SYSTEMPATH/Common.php(448): Laminas\Escaper\Escaper->escapeHtmlAttr('Dissociation Free Energy (ΔGdiss): Free energy required to dissociate the complex, in kcal/mol. Positive values indicate a thermodynamically stable complex. It is the PISA counterpart of the binding affinity predicted by PRODIGY, reported in the Interaction energy section above with the opposite sign.')
 6 APPPATH/Views/entry.php(562): esc('Dissociation Free Energy (ΔGdiss): Free energy required to dissociate the complex, in kcal/mol. Positive values indicate a thermodynamically stable complex. It is the PISA counterpart of the binding affinity predicted by PRODIGY, reported in the Interaction energy section above with the opposite sign.', 'attr')
 7 SYSTEMPATH/View/View.php(226): include('/Users/diego/Documents/GitHub/propedia26/app/Views/entry.php')
 8 SYSTEMPATH/View/View.php(229): CodeIgniter\View\View->{closure:CodeIgniter\View\View::render():223}()
 9 SYSTEMPATH/Common.php(1167): CodeIgniter\View\View->render('entry', [], true)
10 APPPATH/Controllers/Entry.php(57): view('entry', [...])
11 SYSTEMPATH/CodeIgniter.php(933): App\Controllers\Entry->entry('1WRZ-B-A')
12 SYSTEMPATH/CodeIgniter.php(507): CodeIgniter\CodeIgniter->runController(Object(App\Controllers\Entry))
13 SYSTEMPATH/CodeIgniter.php(354): CodeIgniter\CodeIgniter->handleRequest(null, Object(Config\Cache), false)
14 SYSTEMPATH/Boot.php(363): CodeIgniter\CodeIgniter->run()
15 SYSTEMPATH/Boot.php(68): CodeIgniter\Boot::runCodeIgniter(Object(CodeIgniter\CodeIgniter))
16 FCPATH/index.php(59): CodeIgniter\Boot::bootWeb(Object(Config\Paths))
17 SYSTEMPATH/rewrite.php(44): require_once('/Users/diego/Documents/GitHub/propedia26/public/index.php')
WARNING - 2026-08-26 07:13:49 --> [DEPRECATED] ord(): Providing a string that is not one byte long is deprecated. Use ord($str[0]) instead in SYSTEMPATH/ThirdParty/Escaper/Escaper.php on line 250.
 1 SYSTEMPATH/ThirdParty/Escaper/Escaper.php(250): ord('Δ')
 2 SYSTEMPATH/ThirdParty/Escaper/Escaper.php(167): Laminas\Escaper\Escaper->htmlAttrMatcher([...])
 3 [internal function]: Laminas\Escaper\Escaper->{closure:Laminas\Escaper\Escaper::__construct():167}([...])
 4 SYSTEMPATH/ThirdParty/Escaper/Escaper.php(200): preg_replace_callback('/[^a-z0-9,\\.\\-_]/iSu', Object(Closure), 'Dissociation Entropy (TΔS): Entropic cost of the association, in kcal/mol. It always opposes the formation of the complex and is taken into account in the calculation of ΔGdiss.')
 5 SYSTEMPATH/Common.php(448): Laminas\Escaper\Escaper->escapeHtmlAttr('Dissociation Entropy (TΔS): Entropic cost of the association, in kcal/mol. It always opposes the formation of the complex and is taken into account in the calculation of ΔGdiss.')
 6 APPPATH/Views/entry.php(562): esc('Dissociation Entropy (TΔS): Entropic cost of the association, in kcal/mol. It always opposes the formation of the complex and is taken into account in the calculation of ΔGdiss.', 'attr')
 7 SYSTEMPATH/View/View.php(226): include('/Users/diego/Documents/GitHub/propedia26/app/Views/entry.php')
 8 SYSTEMPATH/View/View.php(229): CodeIgniter\View\View->{closure:CodeIgniter\View\View::render():223}()
 9 SYSTEMPATH/Common.php(1167): CodeIgniter\View\View->render('entry', [], true)
10 APPPATH/Controllers/Entry.php(57): view('entry', [...])
11 SYSTEMPATH/CodeIgniter.php(933): App\Controllers\Entry->entry('1WRZ-B-A')
12 SYSTEMPATH/CodeIgniter.php(507): CodeIgniter\CodeIgniter->runController(Object(App\Controllers\Entry))
13 SYSTEMPATH/CodeIgniter.php(354): CodeIgniter\CodeIgniter->handleRequest(null, Object(Config\Cache), false)
14 SYSTEMPATH/Boot.php(363): CodeIgniter\CodeIgniter->run()
15 SYSTEMPATH/Boot.php(68): CodeIgniter\Boot::runCodeIgniter(Object(CodeIgniter\CodeIgniter))
16 FCPATH/index.php(59): CodeIgniter\Boot::bootWeb(Object(Config\Paths))
17 SYSTEMPATH/rewrite.php(44): require_once('/Users/diego/Documents/GitHub/propedia26/public/index.php')
WARNING - 2026-08-26 07:13:49 --> [DEPRECATED] ord(): Providing a string that is not one byte long is deprecated. Use ord($str[0]) instead in SYSTEMPATH/ThirdParty/Escaper/Escaper.php on line 250.
 1 SYSTEMPATH/ThirdParty/Escaper/Escaper.php(250): ord('Δ')
 2 SYSTEMPATH/ThirdParty/Escaper/Escaper.php(167): Laminas\Escaper\Escaper->htmlAttrMatcher([...])
 3 [internal function]: Laminas\Escaper\Escaper->{closure:Laminas\Escaper\Escaper::__construct():167}([...])
 4 SYSTEMPATH/ThirdParty/Escaper/Escaper.php(200): preg_replace_callback('/[^a-z0-9,\\.\\-_]/iSu', Object(Closure), 'Dissociation Entropy (TΔS): Entropic cost of the association, in kcal/mol. It always opposes the formation of the complex and is taken into account in the calculation of ΔGdiss.')
 5 SYSTEMPATH/Common.php(448): Laminas\Escaper\Escaper->escapeHtmlAttr('Dissociation Entropy (TΔS): Entropic cost of the association, in kcal/mol. It always opposes the formation of the complex and is taken into account in the calculation of ΔGdiss.')
 6 APPPATH/Views/entry.php(562): esc('Dissociation Entropy (TΔS): Entropic cost of the association, in kcal/mol. It always opposes the formation of the complex and is taken into account in the calculation of ΔGdiss.', 'attr')
 7 SYSTEMPATH/View/View.php(226): include('/Users/diego/Documents/GitHub/propedia26/app/Views/entry.php')
 8 SYSTEMPATH/View/View.php(229): CodeIgniter\View\View->{closure:CodeIgniter\View\View::render():223}()
 9 SYSTEMPATH/Common.php(1167): CodeIgniter\View\View->render('entry', [], true)
10 APPPATH/Controllers/Entry.php(57): view('entry', [...])
11 SYSTEMPATH/CodeIgniter.php(933): App\Controllers\Entry->entry('1WRZ-B-A')
12 SYSTEMPATH/CodeIgniter.php(507): CodeIgniter\CodeIgniter->runController(Object(App\Controllers\Entry))
13 SYSTEMPATH/CodeIgniter.php(354): CodeIgniter\CodeIgniter->handleRequest(null, Object(Config\Cache), false)
14 SYSTEMPATH/Boot.php(363): CodeIgniter\CodeIgniter->run()
15 SYSTEMPATH/Boot.php(68): CodeIgniter\Boot::runCodeIgniter(Object(CodeIgniter\CodeIgniter))
16 FCPATH/index.php(59): CodeIgniter\Boot::bootWeb(Object(Config\Paths))
17 SYSTEMPATH/rewrite.php(44): require_once('/Users/diego/Documents/GitHub/propedia26/public/index.php')
DEBUG - 2026-08-26 07:13:49 --> Session: Class initialized using 'CodeIgniter\Session\Handlers\FileHandler' driver.
WARNING - 2026-08-26 07:14:14 --> [DEPRECATED] fgetcsv(): the $escape parameter must be provided as its default value will change in APPPATH/Controllers/Entry.php on line 37.
 1 APPPATH/Controllers/Entry.php(37): fgetcsv(resource (stream), 0, ';')
 2 SYSTEMPATH/CodeIgniter.php(933): App\Controllers\Entry->entry('1WRZ-B-A')
 3 SYSTEMPATH/CodeIgniter.php(507): CodeIgniter\CodeIgniter->runController(Object(App\Controllers\Entry))
 4 SYSTEMPATH/CodeIgniter.php(354): CodeIgniter\CodeIgniter->handleRequest(null, Object(Config\Cache), false)
 5 SYSTEMPATH/Boot.php(363): CodeIgniter\CodeIgniter->run()
 6 SYSTEMPATH/Boot.php(68): CodeIgniter\Boot::runCodeIgniter(Object(CodeIgniter\CodeIgniter))
 7 FCPATH/index.php(59): CodeIgniter\Boot::bootWeb(Object(Config\Paths))
 8 SYSTEMPATH/rewrite.php(44): require_once('/Users/diego/Documents/GitHub/propedia26/public/index.php')
WARNING - 2026-08-26 07:14:14 --> [DEPRECATED] ord(): Providing a string that is not one byte long is deprecated. Use ord($str[0]) instead in SYSTEMPATH/ThirdParty/Escaper/Escaper.php on line 250.
 1 SYSTEMPATH/ThirdParty/Escaper/Escaper.php(250): ord('Å')
 2 SYSTEMPATH/ThirdParty/Escaper/Escaper.php(167): Laminas\Escaper\Escaper->htmlAttrMatcher([...])
 3 [internal function]: Laminas\Escaper\Escaper->{closure:Laminas\Escaper\Escaper::__construct():167}([...])
 4 SYSTEMPATH/ThirdParty/Escaper/Escaper.php(200): preg_replace_callback('/[^a-z0-9,\\.\\-_]/iSu', Object(Closure), 'Interface Area: Area of one face of the protein-peptide interface, given in Å². It corresponds to the BSA calculated with NACCESS, reported in the Surface section above.')
 5 SYSTEMPATH/Common.php(448): Laminas\Escaper\Escaper->escapeHtmlAttr('Interface Area: Area of one face of the protein-peptide interface, given in Å². It corresponds to the BSA calculated with NACCESS, reported in the Surface section above.')
 6 APPPATH/Views/entry.php(562): esc('Interface Area: Area of one face of the protein-peptide interface, given in Å². It corresponds to the BSA calculated with NACCESS, reported in the Surface section above.', 'attr')
 7 SYSTEMPATH/View/View.php(226): include('/Users/diego/Documents/GitHub/propedia26/app/Views/entry.php')
 8 SYSTEMPATH/View/View.php(229): CodeIgniter\View\View->{closure:CodeIgniter\View\View::render():223}()
 9 SYSTEMPATH/Common.php(1167): CodeIgniter\View\View->render('entry', [], true)
10 APPPATH/Controllers/Entry.php(57): view('entry', [...])
11 SYSTEMPATH/CodeIgniter.php(933): App\Controllers\Entry->entry('1WRZ-B-A')
12 SYSTEMPATH/CodeIgniter.php(507): CodeIgniter\CodeIgniter->runController(Object(App\Controllers\Entry))
13 SYSTEMPATH/CodeIgniter.php(354): CodeIgniter\CodeIgniter->handleRequest(null, Object(Config\Cache), false)
14 SYSTEMPATH/Boot.php(363): CodeIgniter\CodeIgniter->run()
15 SYSTEMPATH/Boot.php(68): CodeIgniter\Boot::runCodeIgniter(Object(CodeIgniter\CodeIgniter))
16 FCPATH/index.php(59): CodeIgniter\Boot::bootWeb(Object(Config\Paths))
17 SYSTEMPATH/rewrite.php(44): require_once('/Users/diego/Documents/GitHub/propedia26/public/index.php')
WARNING - 2026-08-26 07:14:14 --> [DEPRECATED] ord(): Providing a string that is not one byte long is deprecated. Use ord($str[0]) instead in SYSTEMPATH/ThirdParty/Escaper/Escaper.php on line 250.
 1 SYSTEMPATH/ThirdParty/Escaper/Escaper.php(250): ord('²')
 2 SYSTEMPATH/ThirdParty/Escaper/Escaper.php(167): Laminas\Escaper\Escaper->htmlAttrMatcher([...])
 3 [internal function]: Laminas\Escaper\Escaper->{closure:Laminas\Escaper\Escaper::__construct():167}([...])
 4 SYSTEMPATH/ThirdParty/Escaper/Escaper.php(200): preg_replace_callback('/[^a-z0-9,\\.\\-_]/iSu', Object(Closure), 'Interface Area: Area of one face of the protein-peptide interface, given in Å². It corresponds to the BSA calculated with NACCESS, reported in the Surface section above.')
 5 SYSTEMPATH/Common.php(448): Laminas\Escaper\Escaper->escapeHtmlAttr('Interface Area: Area of one face of the protein-peptide interface, given in Å². It corresponds to the BSA calculated with NACCESS, reported in the Surface section above.')
 6 APPPATH/Views/entry.php(562): esc('Interface Area: Area of one face of the protein-peptide interface, given in Å². It corresponds to the BSA calculated with NACCESS, reported in the Surface section above.', 'attr')
 7 SYSTEMPATH/View/View.php(226): include('/Users/diego/Documents/GitHub/propedia26/app/Views/entry.php')
 8 SYSTEMPATH/View/View.php(229): CodeIgniter\View\View->{closure:CodeIgniter\View\View::render():223}()
 9 SYSTEMPATH/Common.php(1167): CodeIgniter\View\View->render('entry', [], true)
10 APPPATH/Controllers/Entry.php(57): view('entry', [...])
11 SYSTEMPATH/CodeIgniter.php(933): App\Controllers\Entry->entry('1WRZ-B-A')
12 SYSTEMPATH/CodeIgniter.php(507): CodeIgniter\CodeIgniter->runController(Object(App\Controllers\Entry))
13 SYSTEMPATH/CodeIgniter.php(354): CodeIgniter\CodeIgniter->handleRequest(null, Object(Config\Cache), false)
14 SYSTEMPATH/Boot.php(363): CodeIgniter\CodeIgniter->run()
15 SYSTEMPATH/Boot.php(68): CodeIgniter\Boot::runCodeIgniter(Object(CodeIgniter\CodeIgniter))
16 FCPATH/index.php(59): CodeIgniter\Boot::bootWeb(Object(Config\Paths))
17 SYSTEMPATH/rewrite.php(44): require_once('/Users/diego/Documents/GitHub/propedia26/public/index.php')
WARNING - 2026-08-26 07:14:14 --> [DEPRECATED] ord(): Providing a string that is not one byte long is deprecated. Use ord($str[0]) instead in SYSTEMPATH/ThirdParty/Escaper/Escaper.php on line 250.
 1 SYSTEMPATH/ThirdParty/Escaper/Escaper.php(250): ord('Å')
 2 SYSTEMPATH/ThirdParty/Escaper/Escaper.php(167): Laminas\Escaper\Escaper->htmlAttrMatcher([...])
 3 [internal function]: Laminas\Escaper\Escaper->{closure:Laminas\Escaper\Escaper::__construct():167}([...])
 4 SYSTEMPATH/ThirdParty/Escaper/Escaper.php(200): preg_replace_callback('/[^a-z0-9,\\.\\-_]/iSu', Object(Closure), 'Buried Area (peptide): Peptide surface area that becomes buried upon formation of the interface (value given in Å²).')
 5 SYSTEMPATH/Common.php(448): Laminas\Escaper\Escaper->escapeHtmlAttr('Buried Area (peptide): Peptide surface area that becomes buried upon formation of the interface (value given in Å²).')
 6 APPPATH/Views/entry.php(562): esc('Buried Area (peptide): Peptide surface area that becomes buried upon formation of the interface (value given in Å²).', 'attr')
 7 SYSTEMPATH/View/View.php(226): include('/Users/diego/Documents/GitHub/propedia26/app/Views/entry.php')
 8 SYSTEMPATH/View/View.php(229): CodeIgniter\View\View->{closure:CodeIgniter\View\View::render():223}()
 9 SYSTEMPATH/Common.php(1167): CodeIgniter\View\View->render('entry', [], true)
10 APPPATH/Controllers/Entry.php(57): view('entry', [...])
11 SYSTEMPATH/CodeIgniter.php(933): App\Controllers\Entry->entry('1WRZ-B-A')
12 SYSTEMPATH/CodeIgniter.php(507): CodeIgniter\CodeIgniter->runController(Object(App\Controllers\Entry))
13 SYSTEMPATH/CodeIgniter.php(354): CodeIgniter\CodeIgniter->handleRequest(null, Object(Config\Cache), false)
14 SYSTEMPATH/Boot.php(363): CodeIgniter\CodeIgniter->run()
15 SYSTEMPATH/Boot.php(68): CodeIgniter\Boot::runCodeIgniter(Object(CodeIgniter\CodeIgniter))
16 FCPATH/index.php(59): CodeIgniter\Boot::bootWeb(Object(Config\Paths))
17 SYSTEMPATH/rewrite.php(44): require_once('/Users/diego/Documents/GitHub/propedia26/public/index.php')
WARNING - 2026-08-26 07:14:14 --> [DEPRECATED] ord(): Providing a string that is not one byte long is deprecated. Use ord($str[0]) instead in SYSTEMPATH/ThirdParty/Escaper/Escaper.php on line 250.
 1 SYSTEMPATH/ThirdParty/Escaper/Escaper.php(250): ord('²')
 2 SYSTEMPATH/ThirdParty/Escaper/Escaper.php(167): Laminas\Escaper\Escaper->htmlAttrMatcher([...])
 3 [internal function]: Laminas\Escaper\Escaper->{closure:Laminas\Escaper\Escaper::__construct():167}([...])
 4 SYSTEMPATH/ThirdParty/Escaper/Escaper.php(200): preg_replace_callback('/[^a-z0-9,\\.\\-_]/iSu', Object(Closure), 'Buried Area (peptide): Peptide surface area that becomes buried upon formation of the interface (value given in Å²).')
 5 SYSTEMPATH/Common.php(448): Laminas\Escaper\Escaper->escapeHtmlAttr('Buried Area (peptide): Peptide surface area that becomes buried upon formation of the interface (value given in Å²).')
 6 APPPATH/Views/entry.php(562): esc('Buried Area (peptide): Peptide surface area that becomes buried upon formation of the interface (value given in Å²).', 'attr')
 7 SYSTEMPATH/View/View.php(226): include('/Users/diego/Documents/GitHub/propedia26/app/Views/entry.php')
 8 SYSTEMPATH/View/View.php(229): CodeIgniter\View\View->{closure:CodeIgniter\View\View::render():223}()
 9 SYSTEMPATH/Common.php(1167): CodeIgniter\View\View->render('entry', [], true)
10 APPPATH/Controllers/Entry.php(57): view('entry', [...])
11 SYSTEMPATH/CodeIgniter.php(933): App\Controllers\Entry->entry('1WRZ-B-A')
12 SYSTEMPATH/CodeIgniter.php(507): CodeIgniter\CodeIgniter->runController(Object(App\Controllers\Entry))
13 SYSTEMPATH/CodeIgniter.php(354): CodeIgniter\CodeIgniter->handleRequest(null, Object(Config\Cache), false)
14 SYSTEMPATH/Boot.php(363): CodeIgniter\CodeIgniter->run()
15 SYSTEMPATH/Boot.php(68): CodeIgniter\Boot::runCodeIgniter(Object(CodeIgniter\CodeIgniter))
16 FCPATH/index.php(59): CodeIgniter\Boot::bootWeb(Object(Config\Paths))
17 SYSTEMPATH/rewrite.php(44): require_once('/Users/diego/Documents/GitHub/propedia26/public/index.php')
WARNING - 2026-08-26 07:14:14 --> [DEPRECATED] ord(): Providing a string that is not one byte long is deprecated. Use ord($str[0]) instead in SYSTEMPATH/ThirdParty/Escaper/Escaper.php on line 250.
 1 SYSTEMPATH/ThirdParty/Escaper/Escaper.php(250): ord('Å')
 2 SYSTEMPATH/ThirdParty/Escaper/Escaper.php(167): Laminas\Escaper\Escaper->htmlAttrMatcher([...])
 3 [internal function]: Laminas\Escaper\Escaper->{closure:Laminas\Escaper\Escaper::__construct():167}([...])
 4 SYSTEMPATH/ThirdParty/Escaper/Escaper.php(200): preg_replace_callback('/[^a-z0-9,\\.\\-_]/iSu', Object(Closure), 'Buried Area (protein): Protein surface area that becomes buried upon formation of the interface (value given in Å²).')
 5 SYSTEMPATH/Common.php(448): Laminas\Escaper\Escaper->escapeHtmlAttr('Buried Area (protein): Protein surface area that becomes buried upon formation of the interface (value given in Å²).')
 6 APPPATH/Views/entry.php(562): esc('Buried Area (protein): Protein surface area that becomes buried upon formation of the interface (value given in Å²).', 'attr')
 7 SYSTEMPATH/View/View.php(226): include('/Users/diego/Documents/GitHub/propedia26/app/Views/entry.php')
 8 SYSTEMPATH/View/View.php(229): CodeIgniter\View\View->{closure:CodeIgniter\View\View::render():223}()
 9 SYSTEMPATH/Common.php(1167): CodeIgniter\View\View->render('entry', [], true)
10 APPPATH/Controllers/Entry.php(57): view('entry', [...])
11 SYSTEMPATH/CodeIgniter.php(933): App\Controllers\Entry->entry('1WRZ-B-A')
12 SYSTEMPATH/CodeIgniter.php(507): CodeIgniter\CodeIgniter->runController(Object(App\Controllers\Entry))
13 SYSTEMPATH/CodeIgniter.php(354): CodeIgniter\CodeIgniter->handleRequest(null, Object(Config\Cache), false)
14 SYSTEMPATH/Boot.php(363): CodeIgniter\CodeIgniter->run()
15 SYSTEMPATH/Boot.php(68): CodeIgniter\Boot::runCodeIgniter(Object(CodeIgniter\CodeIgniter))
16 FCPATH/index.php(59): CodeIgniter\Boot::bootWeb(Object(Config\Paths))
17 SYSTEMPATH/rewrite.php(44): require_once('/Users/diego/Documents/GitHub/propedia26/public/index.php')
WARNING - 2026-08-26 07:14:14 --> [DEPRECATED] ord(): Providing a string that is not one byte long is deprecated. Use ord($str[0]) instead in SYSTEMPATH/ThirdParty/Escaper/Escaper.php on line 250.
 1 SYSTEMPATH/ThirdParty/Escaper/Escaper.php(250): ord('²')
 2 SYSTEMPATH/ThirdParty/Escaper/Escaper.php(167): Laminas\Escaper\Escaper->htmlAttrMatcher([...])
 3 [internal function]: Laminas\Escaper\Escaper->{closure:Laminas\Escaper\Escaper::__construct():167}([...])
 4 SYSTEMPATH/ThirdParty/Escaper/Escaper.php(200): preg_replace_callback('/[^a-z0-9,\\.\\-_]/iSu', Object(Closure), 'Buried Area (protein): Protein surface area that becomes buried upon formation of the interface (value given in Å²).')
 5 SYSTEMPATH/Common.php(448): Laminas\Escaper\Escaper->escapeHtmlAttr('Buried Area (protein): Protein surface area that becomes buried upon formation of the interface (value given in Å²).')
 6 APPPATH/Views/entry.php(562): esc('Buried Area (protein): Protein surface area that becomes buried upon formation of the interface (value given in Å²).', 'attr')
 7 SYSTEMPATH/View/View.php(226): include('/Users/diego/Documents/GitHub/propedia26/app/Views/entry.php')
 8 SYSTEMPATH/View/View.php(229): CodeIgniter\View\View->{closure:CodeIgniter\View\View::render():223}()
 9 SYSTEMPATH/Common.php(1167): CodeIgniter\View\View->render('entry', [], true)
10 APPPATH/Controllers/Entry.php(57): view('entry', [...])
11 SYSTEMPATH/CodeIgniter.php(933): App\Controllers\Entry->entry('1WRZ-B-A')
12 SYSTEMPATH/CodeIgniter.php(507): CodeIgniter\CodeIgniter->runController(Object(App\Controllers\Entry))
13 SYSTEMPATH/CodeIgniter.php(354): CodeIgniter\CodeIgniter->handleRequest(null, Object(Config\Cache), false)
14 SYSTEMPATH/Boot.php(363): CodeIgniter\CodeIgniter->run()
15 SYSTEMPATH/Boot.php(68): CodeIgniter\Boot::runCodeIgniter(Object(CodeIgniter\CodeIgniter))
16 FCPATH/index.php(59): CodeIgniter\Boot::bootWeb(Object(Config\Paths))
17 SYSTEMPATH/rewrite.php(44): require_once('/Users/diego/Documents/GitHub/propedia26/public/index.php')
WARNING - 2026-08-26 07:14:14 --> [DEPRECATED] ord(): Providing a string that is not one byte long is deprecated. Use ord($str[0]) instead in SYSTEMPATH/ThirdParty/Escaper/Escaper.php on line 250.
 1 SYSTEMPATH/ThirdParty/Escaper/Escaper.php(250): ord('Å')
 2 SYSTEMPATH/ThirdParty/Escaper/Escaper.php(167): Laminas\Escaper\Escaper->htmlAttrMatcher([...])
 3 [internal function]: Laminas\Escaper\Escaper->{closure:Laminas\Escaper\Escaper::__construct():167}([...])
 4 SYSTEMPATH/ThirdParty/Escaper/Escaper.php(200): preg_replace_callback('/[^a-z0-9,\\.\\-_]/iSu', Object(Closure), 'Total Buried Area: Total surface area buried by the association, counting both faces of the interface, in Å². It is therefore about twice the BSA reported by NACCESS, which counts a single face.')
 5 SYSTEMPATH/Common.php(448): Laminas\Escaper\Escaper->escapeHtmlAttr('Total Buried Area: Total surface area buried by the association, counting both faces of the interface, in Å². It is therefore about twice the BSA reported by NACCESS, which counts a single face.')
 6 APPPATH/Views/entry.php(562): esc('Total Buried Area: Total surface area buried by the association, counting both faces of the interface, in Å². It is therefore about twice the BSA reported by NACCESS, which counts a single face.', 'attr')
 7 SYSTEMPATH/View/View.php(226): include('/Users/diego/Documents/GitHub/propedia26/app/Views/entry.php')
 8 SYSTEMPATH/View/View.php(229): CodeIgniter\View\View->{closure:CodeIgniter\View\View::render():223}()
 9 SYSTEMPATH/Common.php(1167): CodeIgniter\View\View->render('entry', [], true)
10 APPPATH/Controllers/Entry.php(57): view('entry', [...])
11 SYSTEMPATH/CodeIgniter.php(933): App\Controllers\Entry->entry('1WRZ-B-A')
12 SYSTEMPATH/CodeIgniter.php(507): CodeIgniter\CodeIgniter->runController(Object(App\Controllers\Entry))
13 SYSTEMPATH/CodeIgniter.php(354): CodeIgniter\CodeIgniter->handleRequest(null, Object(Config\Cache), false)
14 SYSTEMPATH/Boot.php(363): CodeIgniter\CodeIgniter->run()
15 SYSTEMPATH/Boot.php(68): CodeIgniter\Boot::runCodeIgniter(Object(CodeIgniter\CodeIgniter))
16 FCPATH/index.php(59): CodeIgniter\Boot::bootWeb(Object(Config\Paths))
17 SYSTEMPATH/rewrite.php(44): require_once('/Users/diego/Documents/GitHub/propedia26/public/index.php')
WARNING - 2026-08-26 07:14:14 --> [DEPRECATED] ord(): Providing a string that is not one byte long is deprecated. Use ord($str[0]) instead in SYSTEMPATH/ThirdParty/Escaper/Escaper.php on line 250.
 1 SYSTEMPATH/ThirdParty/Escaper/Escaper.php(250): ord('²')
 2 SYSTEMPATH/ThirdParty/Escaper/Escaper.php(167): Laminas\Escaper\Escaper->htmlAttrMatcher([...])
 3 [internal function]: Laminas\Escaper\Escaper->{closure:Laminas\Escaper\Escaper::__construct():167}([...])
 4 SYSTEMPATH/ThirdParty/Escaper/Escaper.php(200): preg_replace_callback('/[^a-z0-9,\\.\\-_]/iSu', Object(Closure), 'Total Buried Area: Total surface area buried by the association, counting both faces of the interface, in Å². It is therefore about twice the BSA reported by NACCESS, which counts a single face.')
 5 SYSTEMPATH/Common.php(448): Laminas\Escaper\Escaper->escapeHtmlAttr('Total Buried Area: Total surface area buried by the association, counting both faces of the interface, in Å². It is therefore about twice the BSA reported by NACCESS, which counts a single face.')
 6 APPPATH/Views/entry.php(562): esc('Total Buried Area: Total surface area buried by the association, counting both faces of the interface, in Å². It is therefore about twice the BSA reported by NACCESS, which counts a single face.', 'attr')
 7 SYSTEMPATH/View/View.php(226): include('/Users/diego/Documents/GitHub/propedia26/app/Views/entry.php')
 8 SYSTEMPATH/View/View.php(229): CodeIgniter\View\View->{closure:CodeIgniter\View\View::render():223}()
 9 SYSTEMPATH/Common.php(1167): CodeIgniter\View\View->render('entry', [], true)
10 APPPATH/Controllers/Entry.php(57): view('entry', [...])
11 SYSTEMPATH/CodeIgniter.php(933): App\Controllers\Entry->entry('1WRZ-B-A')
12 SYSTEMPATH/CodeIgniter.php(507): CodeIgniter\CodeIgniter->runController(Object(App\Controllers\Entry))
13 SYSTEMPATH/CodeIgniter.php(354): CodeIgniter\CodeIgniter->handleRequest(null, Object(Config\Cache), false)
14 SYSTEMPATH/Boot.php(363): CodeIgniter\CodeIgniter->run()
15 SYSTEMPATH/Boot.php(68): CodeIgniter\Boot::runCodeIgniter(Object(CodeIgniter\CodeIgniter))
16 FCPATH/index.php(59): CodeIgniter\Boot::bootWeb(Object(Config\Paths))
17 SYSTEMPATH/rewrite.php(44): require_once('/Users/diego/Documents/GitHub/propedia26/public/index.php')
WARNING - 2026-08-26 07:14:14 --> [DEPRECATED] ord(): Providing a string that is not one byte long is deprecated. Use ord($str[0]) instead in SYSTEMPATH/ThirdParty/Escaper/Escaper.php on line 250.
 1 SYSTEMPATH/ThirdParty/Escaper/Escaper.php(250): ord('Å')
 2 SYSTEMPATH/ThirdParty/Escaper/Escaper.php(167): Laminas\Escaper\Escaper->htmlAttrMatcher([...])
 3 [internal function]: Laminas\Escaper\Escaper->{closure:Laminas\Escaper\Escaper::__construct():167}([...])
 4 SYSTEMPATH/ThirdParty/Escaper/Escaper.php(200): preg_replace_callback('/[^a-z0-9,\\.\\-_]/iSu', Object(Closure), 'Complex ASA: Accessible surface area of the complex, given in Å². It corresponds to the ASA (complex) calculated with NACCESS, reported in the Surface section above.')
 5 SYSTEMPATH/Common.php(448): Laminas\Escaper\Escaper->escapeHtmlAttr('Complex ASA: Accessible surface area of the complex, given in Å². It corresponds to the ASA (complex) calculated with NACCESS, reported in the Surface section above.')
 6 APPPATH/Views/entry.php(562): esc('Complex ASA: Accessible surface area of the complex, given in Å². It corresponds to the ASA (complex) calculated with NACCESS, reported in the Surface section above.', 'attr')
 7 SYSTEMPATH/View/View.php(226): include('/Users/diego/Documents/GitHub/propedia26/app/Views/entry.php')
 8 SYSTEMPATH/View/View.php(229): CodeIgniter\View\View->{closure:CodeIgniter\View\View::render():223}()
 9 SYSTEMPATH/Common.php(1167): CodeIgniter\View\View->render('entry', [], true)
10 APPPATH/Controllers/Entry.php(57): view('entry', [...])
11 SYSTEMPATH/CodeIgniter.php(933): App\Controllers\Entry->entry('1WRZ-B-A')
12 SYSTEMPATH/CodeIgniter.php(507): CodeIgniter\CodeIgniter->runController(Object(App\Controllers\Entry))
13 SYSTEMPATH/CodeIgniter.php(354): CodeIgniter\CodeIgniter->handleRequest(null, Object(Config\Cache), false)
14 SYSTEMPATH/Boot.php(363): CodeIgniter\CodeIgniter->run()
15 SYSTEMPATH/Boot.php(68): CodeIgniter\Boot::runCodeIgniter(Object(CodeIgniter\CodeIgniter))
16 FCPATH/index.php(59): CodeIgniter\Boot::bootWeb(Object(Config\Paths))
17 SYSTEMPATH/rewrite.php(44): require_once('/Users/diego/Documents/GitHub/propedia26/public/index.php')
WARNING - 2026-08-26 07:14:14 --> [DEPRECATED] ord(): Providing a string that is not one byte long is deprecated. Use ord($str[0]) instead in SYSTEMPATH/ThirdParty/Escaper/Escaper.php on line 250.
 1 SYSTEMPATH/ThirdParty/Escaper/Escaper.php(250): ord('²')
 2 SYSTEMPATH/ThirdParty/Escaper/Escaper.php(167): Laminas\Escaper\Escaper->htmlAttrMatcher([...])
 3 [internal function]: Laminas\Escaper\Escaper->{closure:Laminas\Escaper\Escaper::__construct():167}([...])
 4 SYSTEMPATH/ThirdParty/Escaper/Escaper.php(200): preg_replace_callback('/[^a-z0-9,\\.\\-_]/iSu', Object(Closure), 'Complex ASA: Accessible surface area of the complex, given in Å². It corresponds to the ASA (complex) calculated with NACCESS, reported in the Surface section above.')
 5 SYSTEMPATH/Common.php(448): Laminas\Escaper\Escaper->escapeHtmlAttr('Complex ASA: Accessible surface area of the complex, given in Å². It corresponds to the ASA (complex) calculated with NACCESS, reported in the Surface section above.')
 6 APPPATH/Views/entry.php(562): esc('Complex ASA: Accessible surface area of the complex, given in Å². It corresponds to the ASA (complex) calculated with NACCESS, reported in the Surface section above.', 'attr')
 7 SYSTEMPATH/View/View.php(226): include('/Users/diego/Documents/GitHub/propedia26/app/Views/entry.php')
 8 SYSTEMPATH/View/View.php(229): CodeIgniter\View\View->{closure:CodeIgniter\View\View::render():223}()
 9 SYSTEMPATH/Common.php(1167): CodeIgniter\View\View->render('entry', [], true)
10 APPPATH/Controllers/Entry.php(57): view('entry', [...])
11 SYSTEMPATH/CodeIgniter.php(933): App\Controllers\Entry->entry('1WRZ-B-A')
12 SYSTEMPATH/CodeIgniter.php(507): CodeIgniter\CodeIgniter->runController(Object(App\Controllers\Entry))
13 SYSTEMPATH/CodeIgniter.php(354): CodeIgniter\CodeIgniter->handleRequest(null, Object(Config\Cache), false)
14 SYSTEMPATH/Boot.php(363): CodeIgniter\CodeIgniter->run()
15 SYSTEMPATH/Boot.php(68): CodeIgniter\Boot::runCodeIgniter(Object(CodeIgniter\CodeIgniter))
16 FCPATH/index.php(59): CodeIgniter\Boot::bootWeb(Object(Config\Paths))
17 SYSTEMPATH/rewrite.php(44): require_once('/Users/diego/Documents/GitHub/propedia26/public/index.php')
WARNING - 2026-08-26 07:14:14 --> [DEPRECATED] ord(): Providing a string that is not one byte long is deprecated. Use ord($str[0]) instead in SYSTEMPATH/ThirdParty/Escaper/Escaper.php on line 250.
 1 SYSTEMPATH/ThirdParty/Escaper/Escaper.php(250): ord('Å')
 2 SYSTEMPATH/ThirdParty/Escaper/Escaper.php(167): Laminas\Escaper\Escaper->htmlAttrMatcher([...])
 3 [internal function]: Laminas\Escaper\Escaper->{closure:Laminas\Escaper\Escaper::__construct():167}([...])
 4 SYSTEMPATH/ThirdParty/Escaper/Escaper.php(200): preg_replace_callback('/[^a-z0-9,\\.\\-_]/iSu', Object(Closure), 'Dissociation Area: Interface area that is broken when the complex dissociates, given in Å². It usually coincides with the interface area.')
 5 SYSTEMPATH/Common.php(448): Laminas\Escaper\Escaper->escapeHtmlAttr('Dissociation Area: Interface area that is broken when the complex dissociates, given in Å². It usually coincides with the interface area.')
 6 APPPATH/Views/entry.php(562): esc('Dissociation Area: Interface area that is broken when the complex dissociates, given in Å². It usually coincides with the interface area.', 'attr')
 7 SYSTEMPATH/View/View.php(226): include('/Users/diego/Documents/GitHub/propedia26/app/Views/entry.php')
 8 SYSTEMPATH/View/View.php(229): CodeIgniter\View\View->{closure:CodeIgniter\View\View::render():223}()
 9 SYSTEMPATH/Common.php(1167): CodeIgniter\View\View->render('entry', [], true)
10 APPPATH/Controllers/Entry.php(57): view('entry', [...])
11 SYSTEMPATH/CodeIgniter.php(933): App\Controllers\Entry->entry('1WRZ-B-A')
12 SYSTEMPATH/CodeIgniter.php(507): CodeIgniter\CodeIgniter->runController(Object(App\Controllers\Entry))
13 SYSTEMPATH/CodeIgniter.php(354): CodeIgniter\CodeIgniter->handleRequest(null, Object(Config\Cache), false)
14 SYSTEMPATH/Boot.php(363): CodeIgniter\CodeIgniter->run()
15 SYSTEMPATH/Boot.php(68): CodeIgniter\Boot::runCodeIgniter(Object(CodeIgniter\CodeIgniter))
16 FCPATH/index.php(59): CodeIgniter\Boot::bootWeb(Object(Config\Paths))
17 SYSTEMPATH/rewrite.php(44): require_once('/Users/diego/Documents/GitHub/propedia26/public/index.php')
WARNING - 2026-08-26 07:14:14 --> [DEPRECATED] ord(): Providing a string that is not one byte long is deprecated. Use ord($str[0]) instead in SYSTEMPATH/ThirdParty/Escaper/Escaper.php on line 250.
 1 SYSTEMPATH/ThirdParty/Escaper/Escaper.php(250): ord('²')
 2 SYSTEMPATH/ThirdParty/Escaper/Escaper.php(167): Laminas\Escaper\Escaper->htmlAttrMatcher([...])
 3 [internal function]: Laminas\Escaper\Escaper->{closure:Laminas\Escaper\Escaper::__construct():167}([...])
 4 SYSTEMPATH/ThirdParty/Escaper/Escaper.php(200): preg_replace_callback('/[^a-z0-9,\\.\\-_]/iSu', Object(Closure), 'Dissociation Area: Interface area that is broken when the complex dissociates, given in Å². It usually coincides with the interface area.')
 5 SYSTEMPATH/Common.php(448): Laminas\Escaper\Escaper->escapeHtmlAttr('Dissociation Area: Interface area that is broken when the complex dissociates, given in Å². It usually coincides with the interface area.')
 6 APPPATH/Views/entry.php(562): esc('Dissociation Area: Interface area that is broken when the complex dissociates, given in Å². It usually coincides with the interface area.', 'attr')
 7 SYSTEMPATH/View/View.php(226): include('/Users/diego/Documents/GitHub/propedia26/app/Views/entry.php')
 8 SYSTEMPATH/View/View.php(229): CodeIgniter\View\View->{closure:CodeIgniter\View\View::render():223}()
 9 SYSTEMPATH/Common.php(1167): CodeIgniter\View\View->render('entry', [], true)
10 APPPATH/Controllers/Entry.php(57): view('entry', [...])
11 SYSTEMPATH/CodeIgniter.php(933): App\Controllers\Entry->entry('1WRZ-B-A')
12 SYSTEMPATH/CodeIgniter.php(507): CodeIgniter\CodeIgniter->runController(Object(App\Controllers\Entry))
13 SYSTEMPATH/CodeIgniter.php(354): CodeIgniter\CodeIgniter->handleRequest(null, Object(Config\Cache), false)
14 SYSTEMPATH/Boot.php(363): CodeIgniter\CodeIgniter->run()
15 SYSTEMPATH/Boot.php(68): CodeIgniter\Boot::runCodeIgniter(Object(CodeIgniter\CodeIgniter))
16 FCPATH/index.php(59): CodeIgniter\Boot::bootWeb(Object(Config\Paths))
17 SYSTEMPATH/rewrite.php(44): require_once('/Users/diego/Documents/GitHub/propedia26/public/index.php')
WARNING - 2026-08-26 07:14:14 --> [DEPRECATED] ord(): Providing a string that is not one byte long is deprecated. Use ord($str[0]) instead in SYSTEMPATH/ThirdParty/Escaper/Escaper.php on line 250.
 1 SYSTEMPATH/ThirdParty/Escaper/Escaper.php(250): ord('Δ')
 2 SYSTEMPATH/ThirdParty/Escaper/Escaper.php(167): Laminas\Escaper\Escaper->htmlAttrMatcher([...])
 3 [internal function]: Laminas\Escaper\Escaper->{closure:Laminas\Escaper\Escaper::__construct():167}([...])
 4 SYSTEMPATH/ThirdParty/Escaper/Escaper.php(200): preg_replace_callback('/[^a-z0-9,\\.\\-_]/iSu', Object(Closure), 'Solvation Energy Gain (ΔiG): Free energy gain, in kcal/mol, obtained on formation of the interface. Negative values indicate a hydrophobic interface, which favours the association. It does not include the contribution of hydrogen bonds and salt bridges across the interface.')
 5 SYSTEMPATH/Common.php(448): Laminas\Escaper\Escaper->escapeHtmlAttr('Solvation Energy Gain (ΔiG): Free energy gain, in kcal/mol, obtained on formation of the interface. Negative values indicate a hydrophobic interface, which favours the association. It does not include the contribution of hydrogen bonds and salt bridges across the interface.')
 6 APPPATH/Views/entry.php(562): esc('Solvation Energy Gain (ΔiG): Free energy gain, in kcal/mol, obtained on formation of the interface. Negative values indicate a hydrophobic interface, which favours the association. It does not include the contribution of hydrogen bonds and salt bridges across the interface.', 'attr')
 7 SYSTEMPATH/View/View.php(226): include('/Users/diego/Documents/GitHub/propedia26/app/Views/entry.php')
 8 SYSTEMPATH/View/View.php(229): CodeIgniter\View\View->{closure:CodeIgniter\View\View::render():223}()
 9 SYSTEMPATH/Common.php(1167): CodeIgniter\View\View->render('entry', [], true)
10 APPPATH/Controllers/Entry.php(57): view('entry', [...])
11 SYSTEMPATH/CodeIgniter.php(933): App\Controllers\Entry->entry('1WRZ-B-A')
12 SYSTEMPATH/CodeIgniter.php(507): CodeIgniter\CodeIgniter->runController(Object(App\Controllers\Entry))
13 SYSTEMPATH/CodeIgniter.php(354): CodeIgniter\CodeIgniter->handleRequest(null, Object(Config\Cache), false)
14 SYSTEMPATH/Boot.php(363): CodeIgniter\CodeIgniter->run()
15 SYSTEMPATH/Boot.php(68): CodeIgniter\Boot::runCodeIgniter(Object(CodeIgniter\CodeIgniter))
16 FCPATH/index.php(59): CodeIgniter\Boot::bootWeb(Object(Config\Paths))
17 SYSTEMPATH/rewrite.php(44): require_once('/Users/diego/Documents/GitHub/propedia26/public/index.php')
WARNING - 2026-08-26 07:14:14 --> [DEPRECATED] ord(): Providing a string that is not one byte long is deprecated. Use ord($str[0]) instead in SYSTEMPATH/ThirdParty/Escaper/Escaper.php on line 250.
 1 SYSTEMPATH/ThirdParty/Escaper/Escaper.php(250): ord('Δ')
 2 SYSTEMPATH/ThirdParty/Escaper/Escaper.php(167): Laminas\Escaper\Escaper->htmlAttrMatcher([...])
 3 [internal function]: Laminas\Escaper\Escaper->{closure:Laminas\Escaper\Escaper::__construct():167}([...])
 4 SYSTEMPATH/ThirdParty/Escaper/Escaper.php(200): preg_replace_callback('/[^a-z0-9,\\.\\-_]/iSu', Object(Closure), 'ΔiG P-value: Statistical significance of the solvation energy gain. Values below 0.5 indicate an interface more hydrophobic than would be expected by chance, that is, an interface likely to be interaction-specific rather than a crystal-packing artefact.')
 5 SYSTEMPATH/Common.php(448): Laminas\Escaper\Escaper->escapeHtmlAttr('ΔiG P-value: Statistical significance of the solvation energy gain. Values below 0.5 indicate an interface more hydrophobic than would be expected by chance, that is, an interface likely to be interaction-specific rather than a crystal-packing artefact.')
 6 APPPATH/Views/entry.php(562): esc('ΔiG P-value: Statistical significance of the solvation energy gain. Values below 0.5 indicate an interface more hydrophobic than would be expected by chance, that is, an interface likely to be interaction-specific rather than a crystal-packing artefact.', 'attr')
 7 SYSTEMPATH/View/View.php(226): include('/Users/diego/Documents/GitHub/propedia26/app/Views/entry.php')
 8 SYSTEMPATH/View/View.php(229): CodeIgniter\View\View->{closure:CodeIgniter\View\View::render():223}()
 9 SYSTEMPATH/Common.php(1167): CodeIgniter\View\View->render('entry', [], true)
10 APPPATH/Controllers/Entry.php(57): view('entry', [...])
11 SYSTEMPATH/CodeIgniter.php(933): App\Controllers\Entry->entry('1WRZ-B-A')
12 SYSTEMPATH/CodeIgniter.php(507): CodeIgniter\CodeIgniter->runController(Object(App\Controllers\Entry))
13 SYSTEMPATH/CodeIgniter.php(354): CodeIgniter\CodeIgniter->handleRequest(null, Object(Config\Cache), false)
14 SYSTEMPATH/Boot.php(363): CodeIgniter\CodeIgniter->run()
15 SYSTEMPATH/Boot.php(68): CodeIgniter\Boot::runCodeIgniter(Object(CodeIgniter\CodeIgniter))
16 FCPATH/index.php(59): CodeIgniter\Boot::bootWeb(Object(Config\Paths))
17 SYSTEMPATH/rewrite.php(44): require_once('/Users/diego/Documents/GitHub/propedia26/public/index.php')
WARNING - 2026-08-26 07:14:14 --> [DEPRECATED] ord(): Providing a string that is not one byte long is deprecated. Use ord($str[0]) instead in SYSTEMPATH/ThirdParty/Escaper/Escaper.php on line 250.
 1 SYSTEMPATH/ThirdParty/Escaper/Escaper.php(250): ord('Δ')
 2 SYSTEMPATH/ThirdParty/Escaper/Escaper.php(167): Laminas\Escaper\Escaper->htmlAttrMatcher([...])
 3 [internal function]: Laminas\Escaper\Escaper->{closure:Laminas\Escaper\Escaper::__construct():167}([...])
 4 SYSTEMPATH/ThirdParty/Escaper/Escaper.php(200): preg_replace_callback('/[^a-z0-9,\\.\\-_]/iSu', Object(Closure), 'Total Interaction Energy: Solvation energy gain summed over all the interfaces of the structure, in kcal/mol. It is equal to the interface ΔiG when the structure has a single interface.')
 5 SYSTEMPATH/Common.php(448): Laminas\Escaper\Escaper->escapeHtmlAttr('Total Interaction Energy: Solvation energy gain summed over all the interfaces of the structure, in kcal/mol. It is equal to the interface ΔiG when the structure has a single interface.')
 6 APPPATH/Views/entry.php(562): esc('Total Interaction Energy: Solvation energy gain summed over all the interfaces of the structure, in kcal/mol. It is equal to the interface ΔiG when the structure has a single interface.', 'attr')
 7 SYSTEMPATH/View/View.php(226): include('/Users/diego/Documents/GitHub/propedia26/app/Views/entry.php')
 8 SYSTEMPATH/View/View.php(229): CodeIgniter\View\View->{closure:CodeIgniter\View\View::render():223}()
 9 SYSTEMPATH/Common.php(1167): CodeIgniter\View\View->render('entry', [], true)
10 APPPATH/Controllers/Entry.php(57): view('entry', [...])
11 SYSTEMPATH/CodeIgniter.php(933): App\Controllers\Entry->entry('1WRZ-B-A')
12 SYSTEMPATH/CodeIgniter.php(507): CodeIgniter\CodeIgniter->runController(Object(App\Controllers\Entry))
13 SYSTEMPATH/CodeIgniter.php(354): CodeIgniter\CodeIgniter->handleRequest(null, Object(Config\Cache), false)
14 SYSTEMPATH/Boot.php(363): CodeIgniter\CodeIgniter->run()
15 SYSTEMPATH/Boot.php(68): CodeIgniter\Boot::runCodeIgniter(Object(CodeIgniter\CodeIgniter))
16 FCPATH/index.php(59): CodeIgniter\Boot::bootWeb(Object(Config\Paths))
17 SYSTEMPATH/rewrite.php(44): require_once('/Users/diego/Documents/GitHub/propedia26/public/index.php')
WARNING - 2026-08-26 07:14:14 --> [DEPRECATED] ord(): Providing a string that is not one byte long is deprecated. Use ord($str[0]) instead in SYSTEMPATH/ThirdParty/Escaper/Escaper.php on line 250.
 1 SYSTEMPATH/ThirdParty/Escaper/Escaper.php(250): ord('Δ')
 2 SYSTEMPATH/ThirdParty/Escaper/Escaper.php(167): Laminas\Escaper\Escaper->htmlAttrMatcher([...])
 3 [internal function]: Laminas\Escaper\Escaper->{closure:Laminas\Escaper\Escaper::__construct():167}([...])
 4 SYSTEMPATH/ThirdParty/Escaper/Escaper.php(200): preg_replace_callback('/[^a-z0-9,\\.\\-_]/iSu', Object(Closure), 'Dissociation Free Energy (ΔGdiss): Free energy required to dissociate the complex, in kcal/mol. Positive values indicate a thermodynamically stable complex. It is the PISA counterpart of the binding affinity predicted by PRODIGY, reported in the Interaction energy section above with the opposite sign.')
 5 SYSTEMPATH/Common.php(448): Laminas\Escaper\Escaper->escapeHtmlAttr('Dissociation Free Energy (ΔGdiss): Free energy required to dissociate the complex, in kcal/mol. Positive values indicate a thermodynamically stable complex. It is the PISA counterpart of the binding affinity predicted by PRODIGY, reported in the Interaction energy section above with the opposite sign.')
 6 APPPATH/Views/entry.php(562): esc('Dissociation Free Energy (ΔGdiss): Free energy required to dissociate the complex, in kcal/mol. Positive values indicate a thermodynamically stable complex. It is the PISA counterpart of the binding affinity predicted by PRODIGY, reported in the Interaction energy section above with the opposite sign.', 'attr')
 7 SYSTEMPATH/View/View.php(226): include('/Users/diego/Documents/GitHub/propedia26/app/Views/entry.php')
 8 SYSTEMPATH/View/View.php(229): CodeIgniter\View\View->{closure:CodeIgniter\View\View::render():223}()
 9 SYSTEMPATH/Common.php(1167): CodeIgniter\View\View->render('entry', [], true)
10 APPPATH/Controllers/Entry.php(57): view('entry', [...])
11 SYSTEMPATH/CodeIgniter.php(933): App\Controllers\Entry->entry('1WRZ-B-A')
12 SYSTEMPATH/CodeIgniter.php(507): CodeIgniter\CodeIgniter->runController(Object(App\Controllers\Entry))
13 SYSTEMPATH/CodeIgniter.php(354): CodeIgniter\CodeIgniter->handleRequest(null, Object(Config\Cache), false)
14 SYSTEMPATH/Boot.php(363): CodeIgniter\CodeIgniter->run()
15 SYSTEMPATH/Boot.php(68): CodeIgniter\Boot::runCodeIgniter(Object(CodeIgniter\CodeIgniter))
16 FCPATH/index.php(59): CodeIgniter\Boot::bootWeb(Object(Config\Paths))
17 SYSTEMPATH/rewrite.php(44): require_once('/Users/diego/Documents/GitHub/propedia26/public/index.php')
WARNING - 2026-08-26 07:14:14 --> [DEPRECATED] ord(): Providing a string that is not one byte long is deprecated. Use ord($str[0]) instead in SYSTEMPATH/ThirdParty/Escaper/Escaper.php on line 250.
 1 SYSTEMPATH/ThirdParty/Escaper/Escaper.php(250): ord('Δ')
 2 SYSTEMPATH/ThirdParty/Escaper/Escaper.php(167): Laminas\Escaper\Escaper->htmlAttrMatcher([...])
 3 [internal function]: Laminas\Escaper\Escaper->{closure:Laminas\Escaper\Escaper::__construct():167}([...])
 4 SYSTEMPATH/ThirdParty/Escaper/Escaper.php(200): preg_replace_callback('/[^a-z0-9,\\.\\-_]/iSu', Object(Closure), 'Dissociation Entropy (TΔS): Entropic cost of the association, in kcal/mol. It always opposes the formation of the complex and is taken into account in the calculation of ΔGdiss.')
 5 SYSTEMPATH/Common.php(448): Laminas\Escaper\Escaper->escapeHtmlAttr('Dissociation Entropy (TΔS): Entropic cost of the association, in kcal/mol. It always opposes the formation of the complex and is taken into account in the calculation of ΔGdiss.')
 6 APPPATH/Views/entry.php(562): esc('Dissociation Entropy (TΔS): Entropic cost of the association, in kcal/mol. It always opposes the formation of the complex and is taken into account in the calculation of ΔGdiss.', 'attr')
 7 SYSTEMPATH/View/View.php(226): include('/Users/diego/Documents/GitHub/propedia26/app/Views/entry.php')
 8 SYSTEMPATH/View/View.php(229): CodeIgniter\View\View->{closure:CodeIgniter\View\View::render():223}()
 9 SYSTEMPATH/Common.php(1167): CodeIgniter\View\View->render('entry', [], true)
10 APPPATH/Controllers/Entry.php(57): view('entry', [...])
11 SYSTEMPATH/CodeIgniter.php(933): App\Controllers\Entry->entry('1WRZ-B-A')
12 SYSTEMPATH/CodeIgniter.php(507): CodeIgniter\CodeIgniter->runController(Object(App\Controllers\Entry))
13 SYSTEMPATH/CodeIgniter.php(354): CodeIgniter\CodeIgniter->handleRequest(null, Object(Config\Cache), false)
14 SYSTEMPATH/Boot.php(363): CodeIgniter\CodeIgniter->run()
15 SYSTEMPATH/Boot.php(68): CodeIgniter\Boot::runCodeIgniter(Object(CodeIgniter\CodeIgniter))
16 FCPATH/index.php(59): CodeIgniter\Boot::bootWeb(Object(Config\Paths))
17 SYSTEMPATH/rewrite.php(44): require_once('/Users/diego/Documents/GitHub/propedia26/public/index.php')
WARNING - 2026-08-26 07:14:14 --> [DEPRECATED] ord(): Providing a string that is not one byte long is deprecated. Use ord($str[0]) instead in SYSTEMPATH/ThirdParty/Escaper/Escaper.php on line 250.
 1 SYSTEMPATH/ThirdParty/Escaper/Escaper.php(250): ord('Δ')
 2 SYSTEMPATH/ThirdParty/Escaper/Escaper.php(167): Laminas\Escaper\Escaper->htmlAttrMatcher([...])
 3 [internal function]: Laminas\Escaper\Escaper->{closure:Laminas\Escaper\Escaper::__construct():167}([...])
 4 SYSTEMPATH/ThirdParty/Escaper/Escaper.php(200): preg_replace_callback('/[^a-z0-9,\\.\\-_]/iSu', Object(Closure), 'Dissociation Entropy (TΔS): Entropic cost of the association, in kcal/mol. It always opposes the formation of the complex and is taken into account in the calculation of ΔGdiss.')
 5 SYSTEMPATH/Common.php(448): Laminas\Escaper\Escaper->escapeHtmlAttr('Dissociation Entropy (TΔS): Entropic cost of the association, in kcal/mol. It always opposes the formation of the complex and is taken into account in the calculation of ΔGdiss.')
 6 APPPATH/Views/entry.php(562): esc('Dissociation Entropy (TΔS): Entropic cost of the association, in kcal/mol. It always opposes the formation of the complex and is taken into account in the calculation of ΔGdiss.', 'attr')
 7 SYSTEMPATH/View/View.php(226): include('/Users/diego/Documents/GitHub/propedia26/app/Views/entry.php')
 8 SYSTEMPATH/View/View.php(229): CodeIgniter\View\View->{closure:CodeIgniter\View\View::render():223}()
 9 SYSTEMPATH/Common.php(1167): CodeIgniter\View\View->render('entry', [], true)
10 APPPATH/Controllers/Entry.php(57): view('entry', [...])
11 SYSTEMPATH/CodeIgniter.php(933): App\Controllers\Entry->entry('1WRZ-B-A')
12 SYSTEMPATH/CodeIgniter.php(507): CodeIgniter\CodeIgniter->runController(Object(App\Controllers\Entry))
13 SYSTEMPATH/CodeIgniter.php(354): CodeIgniter\CodeIgniter->handleRequest(null, Object(Config\Cache), false)
14 SYSTEMPATH/Boot.php(363): CodeIgniter\CodeIgniter->run()
15 SYSTEMPATH/Boot.php(68): CodeIgniter\Boot::runCodeIgniter(Object(CodeIgniter\CodeIgniter))
16 FCPATH/index.php(59): CodeIgniter\Boot::bootWeb(Object(Config\Paths))
17 SYSTEMPATH/rewrite.php(44): require_once('/Users/diego/Documents/GitHub/propedia26/public/index.php')
DEBUG - 2026-08-26 07:14:14 --> Session: Class initialized using 'CodeIgniter\Session\Handlers\FileHandler' driver.
WARNING - 2026-08-26 07:14:27 --> [DEPRECATED] fgetcsv(): the $escape parameter must be provided as its default value will change in APPPATH/Controllers/Entry.php on line 37.
 1 APPPATH/Controllers/Entry.php(37): fgetcsv(resource (stream), 0, ';')
 2 SYSTEMPATH/CodeIgniter.php(933): App\Controllers\Entry->entry('1WRZ-B-A')
 3 SYSTEMPATH/CodeIgniter.php(507): CodeIgniter\CodeIgniter->runController(Object(App\Controllers\Entry))
 4 SYSTEMPATH/CodeIgniter.php(354): CodeIgniter\CodeIgniter->handleRequest(null, Object(Config\Cache), false)
 5 SYSTEMPATH/Boot.php(363): CodeIgniter\CodeIgniter->run()
 6 SYSTEMPATH/Boot.php(68): CodeIgniter\Boot::runCodeIgniter(Object(CodeIgniter\CodeIgniter))
 7 FCPATH/index.php(59): CodeIgniter\Boot::bootWeb(Object(Config\Paths))
 8 SYSTEMPATH/rewrite.php(44): require_once('/Users/diego/Documents/GitHub/propedia26/public/index.php')
WARNING - 2026-08-26 07:14:27 --> [DEPRECATED] ord(): Providing a string that is not one byte long is deprecated. Use ord($str[0]) instead in SYSTEMPATH/ThirdParty/Escaper/Escaper.php on line 250.
 1 SYSTEMPATH/ThirdParty/Escaper/Escaper.php(250): ord('Å')
 2 SYSTEMPATH/ThirdParty/Escaper/Escaper.php(167): Laminas\Escaper\Escaper->htmlAttrMatcher([...])
 3 [internal function]: Laminas\Escaper\Escaper->{closure:Laminas\Escaper\Escaper::__construct():167}([...])
 4 SYSTEMPATH/ThirdParty/Escaper/Escaper.php(200): preg_replace_callback('/[^a-z0-9,\\.\\-_]/iSu', Object(Closure), 'Interface Area: Area of one face of the protein-peptide interface, given in Å². It corresponds to the BSA calculated with NACCESS, reported in the Surface section above.')
 5 SYSTEMPATH/Common.php(448): Laminas\Escaper\Escaper->escapeHtmlAttr('Interface Area: Area of one face of the protein-peptide interface, given in Å². It corresponds to the BSA calculated with NACCESS, reported in the Surface section above.')
 6 APPPATH/Views/entry.php(562): esc('Interface Area: Area of one face of the protein-peptide interface, given in Å². It corresponds to the BSA calculated with NACCESS, reported in the Surface section above.', 'attr')
 7 SYSTEMPATH/View/View.php(226): include('/Users/diego/Documents/GitHub/propedia26/app/Views/entry.php')
 8 SYSTEMPATH/View/View.php(229): CodeIgniter\View\View->{closure:CodeIgniter\View\View::render():223}()
 9 SYSTEMPATH/Common.php(1167): CodeIgniter\View\View->render('entry', [], true)
10 APPPATH/Controllers/Entry.php(57): view('entry', [...])
11 SYSTEMPATH/CodeIgniter.php(933): App\Controllers\Entry->entry('1WRZ-B-A')
12 SYSTEMPATH/CodeIgniter.php(507): CodeIgniter\CodeIgniter->runController(Object(App\Controllers\Entry))
13 SYSTEMPATH/CodeIgniter.php(354): CodeIgniter\CodeIgniter->handleRequest(null, Object(Config\Cache), false)
14 SYSTEMPATH/Boot.php(363): CodeIgniter\CodeIgniter->run()
15 SYSTEMPATH/Boot.php(68): CodeIgniter\Boot::runCodeIgniter(Object(CodeIgniter\CodeIgniter))
16 FCPATH/index.php(59): CodeIgniter\Boot::bootWeb(Object(Config\Paths))
17 SYSTEMPATH/rewrite.php(44): require_once('/Users/diego/Documents/GitHub/propedia26/public/index.php')
WARNING - 2026-08-26 07:14:27 --> [DEPRECATED] ord(): Providing a string that is not one byte long is deprecated. Use ord($str[0]) instead in SYSTEMPATH/ThirdParty/Escaper/Escaper.php on line 250.
 1 SYSTEMPATH/ThirdParty/Escaper/Escaper.php(250): ord('²')
 2 SYSTEMPATH/ThirdParty/Escaper/Escaper.php(167): Laminas\Escaper\Escaper->htmlAttrMatcher([...])
 3 [internal function]: Laminas\Escaper\Escaper->{closure:Laminas\Escaper\Escaper::__construct():167}([...])
 4 SYSTEMPATH/ThirdParty/Escaper/Escaper.php(200): preg_replace_callback('/[^a-z0-9,\\.\\-_]/iSu', Object(Closure), 'Interface Area: Area of one face of the protein-peptide interface, given in Å². It corresponds to the BSA calculated with NACCESS, reported in the Surface section above.')
 5 SYSTEMPATH/Common.php(448): Laminas\Escaper\Escaper->escapeHtmlAttr('Interface Area: Area of one face of the protein-peptide interface, given in Å². It corresponds to the BSA calculated with NACCESS, reported in the Surface section above.')
 6 APPPATH/Views/entry.php(562): esc('Interface Area: Area of one face of the protein-peptide interface, given in Å². It corresponds to the BSA calculated with NACCESS, reported in the Surface section above.', 'attr')
 7 SYSTEMPATH/View/View.php(226): include('/Users/diego/Documents/GitHub/propedia26/app/Views/entry.php')
 8 SYSTEMPATH/View/View.php(229): CodeIgniter\View\View->{closure:CodeIgniter\View\View::render():223}()
 9 SYSTEMPATH/Common.php(1167): CodeIgniter\View\View->render('entry', [], true)
10 APPPATH/Controllers/Entry.php(57): view('entry', [...])
11 SYSTEMPATH/CodeIgniter.php(933): App\Controllers\Entry->entry('1WRZ-B-A')
12 SYSTEMPATH/CodeIgniter.php(507): CodeIgniter\CodeIgniter->runController(Object(App\Controllers\Entry))
13 SYSTEMPATH/CodeIgniter.php(354): CodeIgniter\CodeIgniter->handleRequest(null, Object(Config\Cache), false)
14 SYSTEMPATH/Boot.php(363): CodeIgniter\CodeIgniter->run()
15 SYSTEMPATH/Boot.php(68): CodeIgniter\Boot::runCodeIgniter(Object(CodeIgniter\CodeIgniter))
16 FCPATH/index.php(59): CodeIgniter\Boot::bootWeb(Object(Config\Paths))
17 SYSTEMPATH/rewrite.php(44): require_once('/Users/diego/Documents/GitHub/propedia26/public/index.php')
WARNING - 2026-08-26 07:14:27 --> [DEPRECATED] ord(): Providing a string that is not one byte long is deprecated. Use ord($str[0]) instead in SYSTEMPATH/ThirdParty/Escaper/Escaper.php on line 250.
 1 SYSTEMPATH/ThirdParty/Escaper/Escaper.php(250): ord('Å')
 2 SYSTEMPATH/ThirdParty/Escaper/Escaper.php(167): Laminas\Escaper\Escaper->htmlAttrMatcher([...])
 3 [internal function]: Laminas\Escaper\Escaper->{closure:Laminas\Escaper\Escaper::__construct():167}([...])
 4 SYSTEMPATH/ThirdParty/Escaper/Escaper.php(200): preg_replace_callback('/[^a-z0-9,\\.\\-_]/iSu', Object(Closure), 'Buried Area (peptide): Peptide surface area that becomes buried upon formation of the interface (value given in Å²).')
 5 SYSTEMPATH/Common.php(448): Laminas\Escaper\Escaper->escapeHtmlAttr('Buried Area (peptide): Peptide surface area that becomes buried upon formation of the interface (value given in Å²).')
 6 APPPATH/Views/entry.php(562): esc('Buried Area (peptide): Peptide surface area that becomes buried upon formation of the interface (value given in Å²).', 'attr')
 7 SYSTEMPATH/View/View.php(226): include('/Users/diego/Documents/GitHub/propedia26/app/Views/entry.php')
 8 SYSTEMPATH/View/View.php(229): CodeIgniter\View\View->{closure:CodeIgniter\View\View::render():223}()
 9 SYSTEMPATH/Common.php(1167): CodeIgniter\View\View->render('entry', [], true)
10 APPPATH/Controllers/Entry.php(57): view('entry', [...])
11 SYSTEMPATH/CodeIgniter.php(933): App\Controllers\Entry->entry('1WRZ-B-A')
12 SYSTEMPATH/CodeIgniter.php(507): CodeIgniter\CodeIgniter->runController(Object(App\Controllers\Entry))
13 SYSTEMPATH/CodeIgniter.php(354): CodeIgniter\CodeIgniter->handleRequest(null, Object(Config\Cache), false)
14 SYSTEMPATH/Boot.php(363): CodeIgniter\CodeIgniter->run()
15 SYSTEMPATH/Boot.php(68): CodeIgniter\Boot::runCodeIgniter(Object(CodeIgniter\CodeIgniter))
16 FCPATH/index.php(59): CodeIgniter\Boot::bootWeb(Object(Config\Paths))
17 SYSTEMPATH/rewrite.php(44): require_once('/Users/diego/Documents/GitHub/propedia26/public/index.php')
WARNING - 2026-08-26 07:14:27 --> [DEPRECATED] ord(): Providing a string that is not one byte long is deprecated. Use ord($str[0]) instead in SYSTEMPATH/ThirdParty/Escaper/Escaper.php on line 250.
 1 SYSTEMPATH/ThirdParty/Escaper/Escaper.php(250): ord('²')
 2 SYSTEMPATH/ThirdParty/Escaper/Escaper.php(167): Laminas\Escaper\Escaper->htmlAttrMatcher([...])
 3 [internal function]: Laminas\Escaper\Escaper->{closure:Laminas\Escaper\Escaper::__construct():167}([...])
 4 SYSTEMPATH/ThirdParty/Escaper/Escaper.php(200): preg_replace_callback('/[^a-z0-9,\\.\\-_]/iSu', Object(Closure), 'Buried Area (peptide): Peptide surface area that becomes buried upon formation of the interface (value given in Å²).')
 5 SYSTEMPATH/Common.php(448): Laminas\Escaper\Escaper->escapeHtmlAttr('Buried Area (peptide): Peptide surface area that becomes buried upon formation of the interface (value given in Å²).')
 6 APPPATH/Views/entry.php(562): esc('Buried Area (peptide): Peptide surface area that becomes buried upon formation of the interface (value given in Å²).', 'attr')
 7 SYSTEMPATH/View/View.php(226): include('/Users/diego/Documents/GitHub/propedia26/app/Views/entry.php')
 8 SYSTEMPATH/View/View.php(229): CodeIgniter\View\View->{closure:CodeIgniter\View\View::render():223}()
 9 SYSTEMPATH/Common.php(1167): CodeIgniter\View\View->render('entry', [], true)
10 APPPATH/Controllers/Entry.php(57): view('entry', [...])
11 SYSTEMPATH/CodeIgniter.php(933): App\Controllers\Entry->entry('1WRZ-B-A')
12 SYSTEMPATH/CodeIgniter.php(507): CodeIgniter\CodeIgniter->runController(Object(App\Controllers\Entry))
13 SYSTEMPATH/CodeIgniter.php(354): CodeIgniter\CodeIgniter->handleRequest(null, Object(Config\Cache), false)
14 SYSTEMPATH/Boot.php(363): CodeIgniter\CodeIgniter->run()
15 SYSTEMPATH/Boot.php(68): CodeIgniter\Boot::runCodeIgniter(Object(CodeIgniter\CodeIgniter))
16 FCPATH/index.php(59): CodeIgniter\Boot::bootWeb(Object(Config\Paths))
17 SYSTEMPATH/rewrite.php(44): require_once('/Users/diego/Documents/GitHub/propedia26/public/index.php')
WARNING - 2026-08-26 07:14:27 --> [DEPRECATED] ord(): Providing a string that is not one byte long is deprecated. Use ord($str[0]) instead in SYSTEMPATH/ThirdParty/Escaper/Escaper.php on line 250.
 1 SYSTEMPATH/ThirdParty/Escaper/Escaper.php(250): ord('Å')
 2 SYSTEMPATH/ThirdParty/Escaper/Escaper.php(167): Laminas\Escaper\Escaper->htmlAttrMatcher([...])
 3 [internal function]: Laminas\Escaper\Escaper->{closure:Laminas\Escaper\Escaper::__construct():167}([...])
 4 SYSTEMPATH/ThirdParty/Escaper/Escaper.php(200): preg_replace_callback('/[^a-z0-9,\\.\\-_]/iSu', Object(Closure), 'Buried Area (protein): Protein surface area that becomes buried upon formation of the interface (value given in Å²).')
 5 SYSTEMPATH/Common.php(448): Laminas\Escaper\Escaper->escapeHtmlAttr('Buried Area (protein): Protein surface area that becomes buried upon formation of the interface (value given in Å²).')
 6 APPPATH/Views/entry.php(562): esc('Buried Area (protein): Protein surface area that becomes buried upon formation of the interface (value given in Å²).', 'attr')
 7 SYSTEMPATH/View/View.php(226): include('/Users/diego/Documents/GitHub/propedia26/app/Views/entry.php')
 8 SYSTEMPATH/View/View.php(229): CodeIgniter\View\View->{closure:CodeIgniter\View\View::render():223}()
 9 SYSTEMPATH/Common.php(1167): CodeIgniter\View\View->render('entry', [], true)
10 APPPATH/Controllers/Entry.php(57): view('entry', [...])
11 SYSTEMPATH/CodeIgniter.php(933): App\Controllers\Entry->entry('1WRZ-B-A')
12 SYSTEMPATH/CodeIgniter.php(507): CodeIgniter\CodeIgniter->runController(Object(App\Controllers\Entry))
13 SYSTEMPATH/CodeIgniter.php(354): CodeIgniter\CodeIgniter->handleRequest(null, Object(Config\Cache), false)
14 SYSTEMPATH/Boot.php(363): CodeIgniter\CodeIgniter->run()
15 SYSTEMPATH/Boot.php(68): CodeIgniter\Boot::runCodeIgniter(Object(CodeIgniter\CodeIgniter))
16 FCPATH/index.php(59): CodeIgniter\Boot::bootWeb(Object(Config\Paths))
17 SYSTEMPATH/rewrite.php(44): require_once('/Users/diego/Documents/GitHub/propedia26/public/index.php')
WARNING - 2026-08-26 07:14:27 --> [DEPRECATED] ord(): Providing a string that is not one byte long is deprecated. Use ord($str[0]) instead in SYSTEMPATH/ThirdParty/Escaper/Escaper.php on line 250.
 1 SYSTEMPATH/ThirdParty/Escaper/Escaper.php(250): ord('²')
 2 SYSTEMPATH/ThirdParty/Escaper/Escaper.php(167): Laminas\Escaper\Escaper->htmlAttrMatcher([...])
 3 [internal function]: Laminas\Escaper\Escaper->{closure:Laminas\Escaper\Escaper::__construct():167}([...])
 4 SYSTEMPATH/ThirdParty/Escaper/Escaper.php(200): preg_replace_callback('/[^a-z0-9,\\.\\-_]/iSu', Object(Closure), 'Buried Area (protein): Protein surface area that becomes buried upon formation of the interface (value given in Å²).')
 5 SYSTEMPATH/Common.php(448): Laminas\Escaper\Escaper->escapeHtmlAttr('Buried Area (protein): Protein surface area that becomes buried upon formation of the interface (value given in Å²).')
 6 APPPATH/Views/entry.php(562): esc('Buried Area (protein): Protein surface area that becomes buried upon formation of the interface (value given in Å²).', 'attr')
 7 SYSTEMPATH/View/View.php(226): include('/Users/diego/Documents/GitHub/propedia26/app/Views/entry.php')
 8 SYSTEMPATH/View/View.php(229): CodeIgniter\View\View->{closure:CodeIgniter\View\View::render():223}()
 9 SYSTEMPATH/Common.php(1167): CodeIgniter\View\View->render('entry', [], true)
10 APPPATH/Controllers/Entry.php(57): view('entry', [...])
11 SYSTEMPATH/CodeIgniter.php(933): App\Controllers\Entry->entry('1WRZ-B-A')
12 SYSTEMPATH/CodeIgniter.php(507): CodeIgniter\CodeIgniter->runController(Object(App\Controllers\Entry))
13 SYSTEMPATH/CodeIgniter.php(354): CodeIgniter\CodeIgniter->handleRequest(null, Object(Config\Cache), false)
14 SYSTEMPATH/Boot.php(363): CodeIgniter\CodeIgniter->run()
15 SYSTEMPATH/Boot.php(68): CodeIgniter\Boot::runCodeIgniter(Object(CodeIgniter\CodeIgniter))
16 FCPATH/index.php(59): CodeIgniter\Boot::bootWeb(Object(Config\Paths))
17 SYSTEMPATH/rewrite.php(44): require_once('/Users/diego/Documents/GitHub/propedia26/public/index.php')
WARNING - 2026-08-26 07:14:27 --> [DEPRECATED] ord(): Providing a string that is not one byte long is deprecated. Use ord($str[0]) instead in SYSTEMPATH/ThirdParty/Escaper/Escaper.php on line 250.
 1 SYSTEMPATH/ThirdParty/Escaper/Escaper.php(250): ord('Å')
 2 SYSTEMPATH/ThirdParty/Escaper/Escaper.php(167): Laminas\Escaper\Escaper->htmlAttrMatcher([...])
 3 [internal function]: Laminas\Escaper\Escaper->{closure:Laminas\Escaper\Escaper::__construct():167}([...])
 4 SYSTEMPATH/ThirdParty/Escaper/Escaper.php(200): preg_replace_callback('/[^a-z0-9,\\.\\-_]/iSu', Object(Closure), 'Total Buried Area: Total surface area buried by the association, counting both faces of the interface, in Å². It is therefore about twice the BSA reported by NACCESS, which counts a single face.')
 5 SYSTEMPATH/Common.php(448): Laminas\Escaper\Escaper->escapeHtmlAttr('Total Buried Area: Total surface area buried by the association, counting both faces of the interface, in Å². It is therefore about twice the BSA reported by NACCESS, which counts a single face.')
 6 APPPATH/Views/entry.php(562): esc('Total Buried Area: Total surface area buried by the association, counting both faces of the interface, in Å². It is therefore about twice the BSA reported by NACCESS, which counts a single face.', 'attr')
 7 SYSTEMPATH/View/View.php(226): include('/Users/diego/Documents/GitHub/propedia26/app/Views/entry.php')
 8 SYSTEMPATH/View/View.php(229): CodeIgniter\View\View->{closure:CodeIgniter\View\View::render():223}()
 9 SYSTEMPATH/Common.php(1167): CodeIgniter\View\View->render('entry', [], true)
10 APPPATH/Controllers/Entry.php(57): view('entry', [...])
11 SYSTEMPATH/CodeIgniter.php(933): App\Controllers\Entry->entry('1WRZ-B-A')
12 SYSTEMPATH/CodeIgniter.php(507): CodeIgniter\CodeIgniter->runController(Object(App\Controllers\Entry))
13 SYSTEMPATH/CodeIgniter.php(354): CodeIgniter\CodeIgniter->handleRequest(null, Object(Config\Cache), false)
14 SYSTEMPATH/Boot.php(363): CodeIgniter\CodeIgniter->run()
15 SYSTEMPATH/Boot.php(68): CodeIgniter\Boot::runCodeIgniter(Object(CodeIgniter\CodeIgniter))
16 FCPATH/index.php(59): CodeIgniter\Boot::bootWeb(Object(Config\Paths))
17 SYSTEMPATH/rewrite.php(44): require_once('/Users/diego/Documents/GitHub/propedia26/public/index.php')
WARNING - 2026-08-26 07:14:27 --> [DEPRECATED] ord(): Providing a string that is not one byte long is deprecated. Use ord($str[0]) instead in SYSTEMPATH/ThirdParty/Escaper/Escaper.php on line 250.
 1 SYSTEMPATH/ThirdParty/Escaper/Escaper.php(250): ord('²')
 2 SYSTEMPATH/ThirdParty/Escaper/Escaper.php(167): Laminas\Escaper\Escaper->htmlAttrMatcher([...])
 3 [internal function]: Laminas\Escaper\Escaper->{closure:Laminas\Escaper\Escaper::__construct():167}([...])
 4 SYSTEMPATH/ThirdParty/Escaper/Escaper.php(200): preg_replace_callback('/[^a-z0-9,\\.\\-_]/iSu', Object(Closure), 'Total Buried Area: Total surface area buried by the association, counting both faces of the interface, in Å². It is therefore about twice the BSA reported by NACCESS, which counts a single face.')
 5 SYSTEMPATH/Common.php(448): Laminas\Escaper\Escaper->escapeHtmlAttr('Total Buried Area: Total surface area buried by the association, counting both faces of the interface, in Å². It is therefore about twice the BSA reported by NACCESS, which counts a single face.')
 6 APPPATH/Views/entry.php(562): esc('Total Buried Area: Total surface area buried by the association, counting both faces of the interface, in Å². It is therefore about twice the BSA reported by NACCESS, which counts a single face.', 'attr')
 7 SYSTEMPATH/View/View.php(226): include('/Users/diego/Documents/GitHub/propedia26/app/Views/entry.php')
 8 SYSTEMPATH/View/View.php(229): CodeIgniter\View\View->{closure:CodeIgniter\View\View::render():223}()
 9 SYSTEMPATH/Common.php(1167): CodeIgniter\View\View->render('entry', [], true)
10 APPPATH/Controllers/Entry.php(57): view('entry', [...])
11 SYSTEMPATH/CodeIgniter.php(933): App\Controllers\Entry->entry('1WRZ-B-A')
12 SYSTEMPATH/CodeIgniter.php(507): CodeIgniter\CodeIgniter->runController(Object(App\Controllers\Entry))
13 SYSTEMPATH/CodeIgniter.php(354): CodeIgniter\CodeIgniter->handleRequest(null, Object(Config\Cache), false)
14 SYSTEMPATH/Boot.php(363): CodeIgniter\CodeIgniter->run()
15 SYSTEMPATH/Boot.php(68): CodeIgniter\Boot::runCodeIgniter(Object(CodeIgniter\CodeIgniter))
16 FCPATH/index.php(59): CodeIgniter\Boot::bootWeb(Object(Config\Paths))
17 SYSTEMPATH/rewrite.php(44): require_once('/Users/diego/Documents/GitHub/propedia26/public/index.php')
WARNING - 2026-08-26 07:14:27 --> [DEPRECATED] ord(): Providing a string that is not one byte long is deprecated. Use ord($str[0]) instead in SYSTEMPATH/ThirdParty/Escaper/Escaper.php on line 250.
 1 SYSTEMPATH/ThirdParty/Escaper/Escaper.php(250): ord('Å')
 2 SYSTEMPATH/ThirdParty/Escaper/Escaper.php(167): Laminas\Escaper\Escaper->htmlAttrMatcher([...])
 3 [internal function]: Laminas\Escaper\Escaper->{closure:Laminas\Escaper\Escaper::__construct():167}([...])
 4 SYSTEMPATH/ThirdParty/Escaper/Escaper.php(200): preg_replace_callback('/[^a-z0-9,\\.\\-_]/iSu', Object(Closure), 'Complex ASA: Accessible surface area of the complex, given in Å². It corresponds to the ASA (complex) calculated with NACCESS, reported in the Surface section above.')
 5 SYSTEMPATH/Common.php(448): Laminas\Escaper\Escaper->escapeHtmlAttr('Complex ASA: Accessible surface area of the complex, given in Å². It corresponds to the ASA (complex) calculated with NACCESS, reported in the Surface section above.')
 6 APPPATH/Views/entry.php(562): esc('Complex ASA: Accessible surface area of the complex, given in Å². It corresponds to the ASA (complex) calculated with NACCESS, reported in the Surface section above.', 'attr')
 7 SYSTEMPATH/View/View.php(226): include('/Users/diego/Documents/GitHub/propedia26/app/Views/entry.php')
 8 SYSTEMPATH/View/View.php(229): CodeIgniter\View\View->{closure:CodeIgniter\View\View::render():223}()
 9 SYSTEMPATH/Common.php(1167): CodeIgniter\View\View->render('entry', [], true)
10 APPPATH/Controllers/Entry.php(57): view('entry', [...])
11 SYSTEMPATH/CodeIgniter.php(933): App\Controllers\Entry->entry('1WRZ-B-A')
12 SYSTEMPATH/CodeIgniter.php(507): CodeIgniter\CodeIgniter->runController(Object(App\Controllers\Entry))
13 SYSTEMPATH/CodeIgniter.php(354): CodeIgniter\CodeIgniter->handleRequest(null, Object(Config\Cache), false)
14 SYSTEMPATH/Boot.php(363): CodeIgniter\CodeIgniter->run()
15 SYSTEMPATH/Boot.php(68): CodeIgniter\Boot::runCodeIgniter(Object(CodeIgniter\CodeIgniter))
16 FCPATH/index.php(59): CodeIgniter\Boot::bootWeb(Object(Config\Paths))
17 SYSTEMPATH/rewrite.php(44): require_once('/Users/diego/Documents/GitHub/propedia26/public/index.php')
WARNING - 2026-08-26 07:14:27 --> [DEPRECATED] ord(): Providing a string that is not one byte long is deprecated. Use ord($str[0]) instead in SYSTEMPATH/ThirdParty/Escaper/Escaper.php on line 250.
 1 SYSTEMPATH/ThirdParty/Escaper/Escaper.php(250): ord('²')
 2 SYSTEMPATH/ThirdParty/Escaper/Escaper.php(167): Laminas\Escaper\Escaper->htmlAttrMatcher([...])
 3 [internal function]: Laminas\Escaper\Escaper->{closure:Laminas\Escaper\Escaper::__construct():167}([...])
 4 SYSTEMPATH/ThirdParty/Escaper/Escaper.php(200): preg_replace_callback('/[^a-z0-9,\\.\\-_]/iSu', Object(Closure), 'Complex ASA: Accessible surface area of the complex, given in Å². It corresponds to the ASA (complex) calculated with NACCESS, reported in the Surface section above.')
 5 SYSTEMPATH/Common.php(448): Laminas\Escaper\Escaper->escapeHtmlAttr('Complex ASA: Accessible surface area of the complex, given in Å². It corresponds to the ASA (complex) calculated with NACCESS, reported in the Surface section above.')
 6 APPPATH/Views/entry.php(562): esc('Complex ASA: Accessible surface area of the complex, given in Å². It corresponds to the ASA (complex) calculated with NACCESS, reported in the Surface section above.', 'attr')
 7 SYSTEMPATH/View/View.php(226): include('/Users/diego/Documents/GitHub/propedia26/app/Views/entry.php')
 8 SYSTEMPATH/View/View.php(229): CodeIgniter\View\View->{closure:CodeIgniter\View\View::render():223}()
 9 SYSTEMPATH/Common.php(1167): CodeIgniter\View\View->render('entry', [], true)
10 APPPATH/Controllers/Entry.php(57): view('entry', [...])
11 SYSTEMPATH/CodeIgniter.php(933): App\Controllers\Entry->entry('1WRZ-B-A')
12 SYSTEMPATH/CodeIgniter.php(507): CodeIgniter\CodeIgniter->runController(Object(App\Controllers\Entry))
13 SYSTEMPATH/CodeIgniter.php(354): CodeIgniter\CodeIgniter->handleRequest(null, Object(Config\Cache), false)
14 SYSTEMPATH/Boot.php(363): CodeIgniter\CodeIgniter->run()
15 SYSTEMPATH/Boot.php(68): CodeIgniter\Boot::runCodeIgniter(Object(CodeIgniter\CodeIgniter))
16 FCPATH/index.php(59): CodeIgniter\Boot::bootWeb(Object(Config\Paths))
17 SYSTEMPATH/rewrite.php(44): require_once('/Users/diego/Documents/GitHub/propedia26/public/index.php')
WARNING - 2026-08-26 07:14:27 --> [DEPRECATED] ord(): Providing a string that is not one byte long is deprecated. Use ord($str[0]) instead in SYSTEMPATH/ThirdParty/Escaper/Escaper.php on line 250.
 1 SYSTEMPATH/ThirdParty/Escaper/Escaper.php(250): ord('Å')
 2 SYSTEMPATH/ThirdParty/Escaper/Escaper.php(167): Laminas\Escaper\Escaper->htmlAttrMatcher([...])
 3 [internal function]: Laminas\Escaper\Escaper->{closure:Laminas\Escaper\Escaper::__construct():167}([...])
 4 SYSTEMPATH/ThirdParty/Escaper/Escaper.php(200): preg_replace_callback('/[^a-z0-9,\\.\\-_]/iSu', Object(Closure), 'Dissociation Area: Interface area that is broken when the complex dissociates, given in Å². It usually coincides with the interface area.')
 5 SYSTEMPATH/Common.php(448): Laminas\Escaper\Escaper->escapeHtmlAttr('Dissociation Area: Interface area that is broken when the complex dissociates, given in Å². It usually coincides with the interface area.')
 6 APPPATH/Views/entry.php(562): esc('Dissociation Area: Interface area that is broken when the complex dissociates, given in Å². It usually coincides with the interface area.', 'attr')
 7 SYSTEMPATH/View/View.php(226): include('/Users/diego/Documents/GitHub/propedia26/app/Views/entry.php')
 8 SYSTEMPATH/View/View.php(229): CodeIgniter\View\View->{closure:CodeIgniter\View\View::render():223}()
 9 SYSTEMPATH/Common.php(1167): CodeIgniter\View\View->render('entry', [], true)
10 APPPATH/Controllers/Entry.php(57): view('entry', [...])
11 SYSTEMPATH/CodeIgniter.php(933): App\Controllers\Entry->entry('1WRZ-B-A')
12 SYSTEMPATH/CodeIgniter.php(507): CodeIgniter\CodeIgniter->runController(Object(App\Controllers\Entry))
13 SYSTEMPATH/CodeIgniter.php(354): CodeIgniter\CodeIgniter->handleRequest(null, Object(Config\Cache), false)
14 SYSTEMPATH/Boot.php(363): CodeIgniter\CodeIgniter->run()
15 SYSTEMPATH/Boot.php(68): CodeIgniter\Boot::runCodeIgniter(Object(CodeIgniter\CodeIgniter))
16 FCPATH/index.php(59): CodeIgniter\Boot::bootWeb(Object(Config\Paths))
17 SYSTEMPATH/rewrite.php(44): require_once('/Users/diego/Documents/GitHub/propedia26/public/index.php')
WARNING - 2026-08-26 07:14:27 --> [DEPRECATED] ord(): Providing a string that is not one byte long is deprecated. Use ord($str[0]) instead in SYSTEMPATH/ThirdParty/Escaper/Escaper.php on line 250.
 1 SYSTEMPATH/ThirdParty/Escaper/Escaper.php(250): ord('²')
 2 SYSTEMPATH/ThirdParty/Escaper/Escaper.php(167): Laminas\Escaper\Escaper->htmlAttrMatcher([...])
 3 [internal function]: Laminas\Escaper\Escaper->{closure:Laminas\Escaper\Escaper::__construct():167}([...])
 4 SYSTEMPATH/ThirdParty/Escaper/Escaper.php(200): preg_replace_callback('/[^a-z0-9,\\.\\-_]/iSu', Object(Closure), 'Dissociation Area: Interface area that is broken when the complex dissociates, given in Å². It usually coincides with the interface area.')
 5 SYSTEMPATH/Common.php(448): Laminas\Escaper\Escaper->escapeHtmlAttr('Dissociation Area: Interface area that is broken when the complex dissociates, given in Å². It usually coincides with the interface area.')
 6 APPPATH/Views/entry.php(562): esc('Dissociation Area: Interface area that is broken when the complex dissociates, given in Å². It usually coincides with the interface area.', 'attr')
 7 SYSTEMPATH/View/View.php(226): include('/Users/diego/Documents/GitHub/propedia26/app/Views/entry.php')
 8 SYSTEMPATH/View/View.php(229): CodeIgniter\View\View->{closure:CodeIgniter\View\View::render():223}()
 9 SYSTEMPATH/Common.php(1167): CodeIgniter\View\View->render('entry', [], true)
10 APPPATH/Controllers/Entry.php(57): view('entry', [...])
11 SYSTEMPATH/CodeIgniter.php(933): App\Controllers\Entry->entry('1WRZ-B-A')
12 SYSTEMPATH/CodeIgniter.php(507): CodeIgniter\CodeIgniter->runController(Object(App\Controllers\Entry))
13 SYSTEMPATH/CodeIgniter.php(354): CodeIgniter\CodeIgniter->handleRequest(null, Object(Config\Cache), false)
14 SYSTEMPATH/Boot.php(363): CodeIgniter\CodeIgniter->run()
15 SYSTEMPATH/Boot.php(68): CodeIgniter\Boot::runCodeIgniter(Object(CodeIgniter\CodeIgniter))
16 FCPATH/index.php(59): CodeIgniter\Boot::bootWeb(Object(Config\Paths))
17 SYSTEMPATH/rewrite.php(44): require_once('/Users/diego/Documents/GitHub/propedia26/public/index.php')
WARNING - 2026-08-26 07:14:27 --> [DEPRECATED] ord(): Providing a string that is not one byte long is deprecated. Use ord($str[0]) instead in SYSTEMPATH/ThirdParty/Escaper/Escaper.php on line 250.
 1 SYSTEMPATH/ThirdParty/Escaper/Escaper.php(250): ord('Δ')
 2 SYSTEMPATH/ThirdParty/Escaper/Escaper.php(167): Laminas\Escaper\Escaper->htmlAttrMatcher([...])
 3 [internal function]: Laminas\Escaper\Escaper->{closure:Laminas\Escaper\Escaper::__construct():167}([...])
 4 SYSTEMPATH/ThirdParty/Escaper/Escaper.php(200): preg_replace_callback('/[^a-z0-9,\\.\\-_]/iSu', Object(Closure), 'Solvation Energy Gain (ΔiG): Free energy gain, in kcal/mol, obtained on formation of the interface. Negative values indicate a hydrophobic interface, which favours the association. It does not include the contribution of hydrogen bonds and salt bridges across the interface.')
 5 SYSTEMPATH/Common.php(448): Laminas\Escaper\Escaper->escapeHtmlAttr('Solvation Energy Gain (ΔiG): Free energy gain, in kcal/mol, obtained on formation of the interface. Negative values indicate a hydrophobic interface, which favours the association. It does not include the contribution of hydrogen bonds and salt bridges across the interface.')
 6 APPPATH/Views/entry.php(562): esc('Solvation Energy Gain (ΔiG): Free energy gain, in kcal/mol, obtained on formation of the interface. Negative values indicate a hydrophobic interface, which favours the association. It does not include the contribution of hydrogen bonds and salt bridges across the interface.', 'attr')
 7 SYSTEMPATH/View/View.php(226): include('/Users/diego/Documents/GitHub/propedia26/app/Views/entry.php')
 8 SYSTEMPATH/View/View.php(229): CodeIgniter\View\View->{closure:CodeIgniter\View\View::render():223}()
 9 SYSTEMPATH/Common.php(1167): CodeIgniter\View\View->render('entry', [], true)
10 APPPATH/Controllers/Entry.php(57): view('entry', [...])
11 SYSTEMPATH/CodeIgniter.php(933): App\Controllers\Entry->entry('1WRZ-B-A')
12 SYSTEMPATH/CodeIgniter.php(507): CodeIgniter\CodeIgniter->runController(Object(App\Controllers\Entry))
13 SYSTEMPATH/CodeIgniter.php(354): CodeIgniter\CodeIgniter->handleRequest(null, Object(Config\Cache), false)
14 SYSTEMPATH/Boot.php(363): CodeIgniter\CodeIgniter->run()
15 SYSTEMPATH/Boot.php(68): CodeIgniter\Boot::runCodeIgniter(Object(CodeIgniter\CodeIgniter))
16 FCPATH/index.php(59): CodeIgniter\Boot::bootWeb(Object(Config\Paths))
17 SYSTEMPATH/rewrite.php(44): require_once('/Users/diego/Documents/GitHub/propedia26/public/index.php')
WARNING - 2026-08-26 07:14:27 --> [DEPRECATED] ord(): Providing a string that is not one byte long is deprecated. Use ord($str[0]) instead in SYSTEMPATH/ThirdParty/Escaper/Escaper.php on line 250.
 1 SYSTEMPATH/ThirdParty/Escaper/Escaper.php(250): ord('Δ')
 2 SYSTEMPATH/ThirdParty/Escaper/Escaper.php(167): Laminas\Escaper\Escaper->htmlAttrMatcher([...])
 3 [internal function]: Laminas\Escaper\Escaper->{closure:Laminas\Escaper\Escaper::__construct():167}([...])
 4 SYSTEMPATH/ThirdParty/Escaper/Escaper.php(200): preg_replace_callback('/[^a-z0-9,\\.\\-_]/iSu', Object(Closure), 'ΔiG P-value: Statistical significance of the solvation energy gain. Values below 0.5 indicate an interface more hydrophobic than would be expected by chance, that is, an interface likely to be interaction-specific rather than a crystal-packing artefact.')
 5 SYSTEMPATH/Common.php(448): Laminas\Escaper\Escaper->escapeHtmlAttr('ΔiG P-value: Statistical significance of the solvation energy gain. Values below 0.5 indicate an interface more hydrophobic than would be expected by chance, that is, an interface likely to be interaction-specific rather than a crystal-packing artefact.')
 6 APPPATH/Views/entry.php(562): esc('ΔiG P-value: Statistical significance of the solvation energy gain. Values below 0.5 indicate an interface more hydrophobic than would be expected by chance, that is, an interface likely to be interaction-specific rather than a crystal-packing artefact.', 'attr')
 7 SYSTEMPATH/View/View.php(226): include('/Users/diego/Documents/GitHub/propedia26/app/Views/entry.php')
 8 SYSTEMPATH/View/View.php(229): CodeIgniter\View\View->{closure:CodeIgniter\View\View::render():223}()
 9 SYSTEMPATH/Common.php(1167): CodeIgniter\View\View->render('entry', [], true)
10 APPPATH/Controllers/Entry.php(57): view('entry', [...])
11 SYSTEMPATH/CodeIgniter.php(933): App\Controllers\Entry->entry('1WRZ-B-A')
12 SYSTEMPATH/CodeIgniter.php(507): CodeIgniter\CodeIgniter->runController(Object(App\Controllers\Entry))
13 SYSTEMPATH/CodeIgniter.php(354): CodeIgniter\CodeIgniter->handleRequest(null, Object(Config\Cache), false)
14 SYSTEMPATH/Boot.php(363): CodeIgniter\CodeIgniter->run()
15 SYSTEMPATH/Boot.php(68): CodeIgniter\Boot::runCodeIgniter(Object(CodeIgniter\CodeIgniter))
16 FCPATH/index.php(59): CodeIgniter\Boot::bootWeb(Object(Config\Paths))
17 SYSTEMPATH/rewrite.php(44): require_once('/Users/diego/Documents/GitHub/propedia26/public/index.php')
WARNING - 2026-08-26 07:14:27 --> [DEPRECATED] ord(): Providing a string that is not one byte long is deprecated. Use ord($str[0]) instead in SYSTEMPATH/ThirdParty/Escaper/Escaper.php on line 250.
 1 SYSTEMPATH/ThirdParty/Escaper/Escaper.php(250): ord('Δ')
 2 SYSTEMPATH/ThirdParty/Escaper/Escaper.php(167): Laminas\Escaper\Escaper->htmlAttrMatcher([...])
 3 [internal function]: Laminas\Escaper\Escaper->{closure:Laminas\Escaper\Escaper::__construct():167}([...])
 4 SYSTEMPATH/ThirdParty/Escaper/Escaper.php(200): preg_replace_callback('/[^a-z0-9,\\.\\-_]/iSu', Object(Closure), 'Total Interaction Energy: Solvation energy gain summed over all the interfaces of the structure, in kcal/mol. It is equal to the interface ΔiG when the structure has a single interface.')
 5 SYSTEMPATH/Common.php(448): Laminas\Escaper\Escaper->escapeHtmlAttr('Total Interaction Energy: Solvation energy gain summed over all the interfaces of the structure, in kcal/mol. It is equal to the interface ΔiG when the structure has a single interface.')
 6 APPPATH/Views/entry.php(562): esc('Total Interaction Energy: Solvation energy gain summed over all the interfaces of the structure, in kcal/mol. It is equal to the interface ΔiG when the structure has a single interface.', 'attr')
 7 SYSTEMPATH/View/View.php(226): include('/Users/diego/Documents/GitHub/propedia26/app/Views/entry.php')
 8 SYSTEMPATH/View/View.php(229): CodeIgniter\View\View->{closure:CodeIgniter\View\View::render():223}()
 9 SYSTEMPATH/Common.php(1167): CodeIgniter\View\View->render('entry', [], true)
10 APPPATH/Controllers/Entry.php(57): view('entry', [...])
11 SYSTEMPATH/CodeIgniter.php(933): App\Controllers\Entry->entry('1WRZ-B-A')
12 SYSTEMPATH/CodeIgniter.php(507): CodeIgniter\CodeIgniter->runController(Object(App\Controllers\Entry))
13 SYSTEMPATH/CodeIgniter.php(354): CodeIgniter\CodeIgniter->handleRequest(null, Object(Config\Cache), false)
14 SYSTEMPATH/Boot.php(363): CodeIgniter\CodeIgniter->run()
15 SYSTEMPATH/Boot.php(68): CodeIgniter\Boot::runCodeIgniter(Object(CodeIgniter\CodeIgniter))
16 FCPATH/index.php(59): CodeIgniter\Boot::bootWeb(Object(Config\Paths))
17 SYSTEMPATH/rewrite.php(44): require_once('/Users/diego/Documents/GitHub/propedia26/public/index.php')
WARNING - 2026-08-26 07:14:27 --> [DEPRECATED] ord(): Providing a string that is not one byte long is deprecated. Use ord($str[0]) instead in SYSTEMPATH/ThirdParty/Escaper/Escaper.php on line 250.
 1 SYSTEMPATH/ThirdParty/Escaper/Escaper.php(250): ord('Δ')
 2 SYSTEMPATH/ThirdParty/Escaper/Escaper.php(167): Laminas\Escaper\Escaper->htmlAttrMatcher([...])
 3 [internal function]: Laminas\Escaper\Escaper->{closure:Laminas\Escaper\Escaper::__construct():167}([...])
 4 SYSTEMPATH/ThirdParty/Escaper/Escaper.php(200): preg_replace_callback('/[^a-z0-9,\\.\\-_]/iSu', Object(Closure), 'Dissociation Free Energy (ΔGdiss): Free energy required to dissociate the complex, in kcal/mol. Positive values indicate a thermodynamically stable complex. It is the PISA counterpart of the binding affinity predicted by PRODIGY, reported in the Interaction energy section above with the opposite sign.')
 5 SYSTEMPATH/Common.php(448): Laminas\Escaper\Escaper->escapeHtmlAttr('Dissociation Free Energy (ΔGdiss): Free energy required to dissociate the complex, in kcal/mol. Positive values indicate a thermodynamically stable complex. It is the PISA counterpart of the binding affinity predicted by PRODIGY, reported in the Interaction energy section above with the opposite sign.')
 6 APPPATH/Views/entry.php(562): esc('Dissociation Free Energy (ΔGdiss): Free energy required to dissociate the complex, in kcal/mol. Positive values indicate a thermodynamically stable complex. It is the PISA counterpart of the binding affinity predicted by PRODIGY, reported in the Interaction energy section above with the opposite sign.', 'attr')
 7 SYSTEMPATH/View/View.php(226): include('/Users/diego/Documents/GitHub/propedia26/app/Views/entry.php')
 8 SYSTEMPATH/View/View.php(229): CodeIgniter\View\View->{closure:CodeIgniter\View\View::render():223}()
 9 SYSTEMPATH/Common.php(1167): CodeIgniter\View\View->render('entry', [], true)
10 APPPATH/Controllers/Entry.php(57): view('entry', [...])
11 SYSTEMPATH/CodeIgniter.php(933): App\Controllers\Entry->entry('1WRZ-B-A')
12 SYSTEMPATH/CodeIgniter.php(507): CodeIgniter\CodeIgniter->runController(Object(App\Controllers\Entry))
13 SYSTEMPATH/CodeIgniter.php(354): CodeIgniter\CodeIgniter->handleRequest(null, Object(Config\Cache), false)
14 SYSTEMPATH/Boot.php(363): CodeIgniter\CodeIgniter->run()
15 SYSTEMPATH/Boot.php(68): CodeIgniter\Boot::runCodeIgniter(Object(CodeIgniter\CodeIgniter))
16 FCPATH/index.php(59): CodeIgniter\Boot::bootWeb(Object(Config\Paths))
17 SYSTEMPATH/rewrite.php(44): require_once('/Users/diego/Documents/GitHub/propedia26/public/index.php')
WARNING - 2026-08-26 07:14:27 --> [DEPRECATED] ord(): Providing a string that is not one byte long is deprecated. Use ord($str[0]) instead in SYSTEMPATH/ThirdParty/Escaper/Escaper.php on line 250.
 1 SYSTEMPATH/ThirdParty/Escaper/Escaper.php(250): ord('Δ')
 2 SYSTEMPATH/ThirdParty/Escaper/Escaper.php(167): Laminas\Escaper\Escaper->htmlAttrMatcher([...])
 3 [internal function]: Laminas\Escaper\Escaper->{closure:Laminas\Escaper\Escaper::__construct():167}([...])
 4 SYSTEMPATH/ThirdParty/Escaper/Escaper.php(200): preg_replace_callback('/[^a-z0-9,\\.\\-_]/iSu', Object(Closure), 'Dissociation Entropy (TΔS): Entropic cost of the association, in kcal/mol. It always opposes the formation of the complex and is taken into account in the calculation of ΔGdiss.')
 5 SYSTEMPATH/Common.php(448): Laminas\Escaper\Escaper->escapeHtmlAttr('Dissociation Entropy (TΔS): Entropic cost of the association, in kcal/mol. It always opposes the formation of the complex and is taken into account in the calculation of ΔGdiss.')
 6 APPPATH/Views/entry.php(562): esc('Dissociation Entropy (TΔS): Entropic cost of the association, in kcal/mol. It always opposes the formation of the complex and is taken into account in the calculation of ΔGdiss.', 'attr')
 7 SYSTEMPATH/View/View.php(226): include('/Users/diego/Documents/GitHub/propedia26/app/Views/entry.php')
 8 SYSTEMPATH/View/View.php(229): CodeIgniter\View\View->{closure:CodeIgniter\View\View::render():223}()
 9 SYSTEMPATH/Common.php(1167): CodeIgniter\View\View->render('entry', [], true)
10 APPPATH/Controllers/Entry.php(57): view('entry', [...])
11 SYSTEMPATH/CodeIgniter.php(933): App\Controllers\Entry->entry('1WRZ-B-A')
12 SYSTEMPATH/CodeIgniter.php(507): CodeIgniter\CodeIgniter->runController(Object(App\Controllers\Entry))
13 SYSTEMPATH/CodeIgniter.php(354): CodeIgniter\CodeIgniter->handleRequest(null, Object(Config\Cache), false)
14 SYSTEMPATH/Boot.php(363): CodeIgniter\CodeIgniter->run()
15 SYSTEMPATH/Boot.php(68): CodeIgniter\Boot::runCodeIgniter(Object(CodeIgniter\CodeIgniter))
16 FCPATH/index.php(59): CodeIgniter\Boot::bootWeb(Object(Config\Paths))
17 SYSTEMPATH/rewrite.php(44): require_once('/Users/diego/Documents/GitHub/propedia26/public/index.php')
WARNING - 2026-08-26 07:14:27 --> [DEPRECATED] ord(): Providing a string that is not one byte long is deprecated. Use ord($str[0]) instead in SYSTEMPATH/ThirdParty/Escaper/Escaper.php on line 250.
 1 SYSTEMPATH/ThirdParty/Escaper/Escaper.php(250): ord('Δ')
 2 SYSTEMPATH/ThirdParty/Escaper/Escaper.php(167): Laminas\Escaper\Escaper->htmlAttrMatcher([...])
 3 [internal function]: Laminas\Escaper\Escaper->{closure:Laminas\Escaper\Escaper::__construct():167}([...])
 4 SYSTEMPATH/ThirdParty/Escaper/Escaper.php(200): preg_replace_callback('/[^a-z0-9,\\.\\-_]/iSu', Object(Closure), 'Dissociation Entropy (TΔS): Entropic cost of the association, in kcal/mol. It always opposes the formation of the complex and is taken into account in the calculation of ΔGdiss.')
 5 SYSTEMPATH/Common.php(448): Laminas\Escaper\Escaper->escapeHtmlAttr('Dissociation Entropy (TΔS): Entropic cost of the association, in kcal/mol. It always opposes the formation of the complex and is taken into account in the calculation of ΔGdiss.')
 6 APPPATH/Views/entry.php(562): esc('Dissociation Entropy (TΔS): Entropic cost of the association, in kcal/mol. It always opposes the formation of the complex and is taken into account in the calculation of ΔGdiss.', 'attr')
 7 SYSTEMPATH/View/View.php(226): include('/Users/diego/Documents/GitHub/propedia26/app/Views/entry.php')
 8 SYSTEMPATH/View/View.php(229): CodeIgniter\View\View->{closure:CodeIgniter\View\View::render():223}()
 9 SYSTEMPATH/Common.php(1167): CodeIgniter\View\View->render('entry', [], true)
10 APPPATH/Controllers/Entry.php(57): view('entry', [...])
11 SYSTEMPATH/CodeIgniter.php(933): App\Controllers\Entry->entry('1WRZ-B-A')
12 SYSTEMPATH/CodeIgniter.php(507): CodeIgniter\CodeIgniter->runController(Object(App\Controllers\Entry))
13 SYSTEMPATH/CodeIgniter.php(354): CodeIgniter\CodeIgniter->handleRequest(null, Object(Config\Cache), false)
14 SYSTEMPATH/Boot.php(363): CodeIgniter\CodeIgniter->run()
15 SYSTEMPATH/Boot.php(68): CodeIgniter\Boot::runCodeIgniter(Object(CodeIgniter\CodeIgniter))
16 FCPATH/index.php(59): CodeIgniter\Boot::bootWeb(Object(Config\Paths))
17 SYSTEMPATH/rewrite.php(44): require_once('/Users/diego/Documents/GitHub/propedia26/public/index.php')
DEBUG - 2026-08-26 07:14:27 --> Session: Class initialized using 'CodeIgniter\Session\Handlers\FileHandler' driver.
DEBUG - 2026-08-26 07:16:50 --> Session: Class initialized using 'CodeIgniter\Session\Handlers\FileHandler' driver.
WARNING - 2026-08-26 07:45:01 --> [DEPRECATED] fgetcsv(): the $escape parameter must be provided as its default value will change in APPPATH/Controllers/Entry.php on line 37.
 1 APPPATH/Controllers/Entry.php(37): fgetcsv(resource (stream), 0, ';')
 2 SYSTEMPATH/CodeIgniter.php(933): App\Controllers\Entry->entry('1WRZ-B-A')
 3 SYSTEMPATH/CodeIgniter.php(507): CodeIgniter\CodeIgniter->runController(Object(App\Controllers\Entry))
 4 SYSTEMPATH/CodeIgniter.php(354): CodeIgniter\CodeIgniter->handleRequest(null, Object(Config\Cache), false)
 5 SYSTEMPATH/Boot.php(363): CodeIgniter\CodeIgniter->run()
 6 SYSTEMPATH/Boot.php(68): CodeIgniter\Boot::runCodeIgniter(Object(CodeIgniter\CodeIgniter))
 7 FCPATH/index.php(59): CodeIgniter\Boot::bootWeb(Object(Config\Paths))
 8 SYSTEMPATH/rewrite.php(44): require_once('/Users/diego/Documents/GitHub/propedia26/public/index.php')
WARNING - 2026-08-26 07:45:01 --> [DEPRECATED] ord(): Providing a string that is not one byte long is deprecated. Use ord($str[0]) instead in SYSTEMPATH/ThirdParty/Escaper/Escaper.php on line 250.
 1 SYSTEMPATH/ThirdParty/Escaper/Escaper.php(250): ord('Å')
 2 SYSTEMPATH/ThirdParty/Escaper/Escaper.php(167): Laminas\Escaper\Escaper->htmlAttrMatcher([...])
 3 [internal function]: Laminas\Escaper\Escaper->{closure:Laminas\Escaper\Escaper::__construct():167}([...])
 4 SYSTEMPATH/ThirdParty/Escaper/Escaper.php(200): preg_replace_callback('/[^a-z0-9,\\.\\-_]/iSu', Object(Closure), 'Interface Area: Area of one face of the protein-peptide interface, given in Å². It corresponds to the BSA calculated with NACCESS, reported in the Surface section above.')
 5 SYSTEMPATH/Common.php(448): Laminas\Escaper\Escaper->escapeHtmlAttr('Interface Area: Area of one face of the protein-peptide interface, given in Å². It corresponds to the BSA calculated with NACCESS, reported in the Surface section above.')
 6 APPPATH/Views/entry.php(562): esc('Interface Area: Area of one face of the protein-peptide interface, given in Å². It corresponds to the BSA calculated with NACCESS, reported in the Surface section above.', 'attr')
 7 SYSTEMPATH/View/View.php(226): include('/Users/diego/Documents/GitHub/propedia26/app/Views/entry.php')
 8 SYSTEMPATH/View/View.php(229): CodeIgniter\View\View->{closure:CodeIgniter\View\View::render():223}()
 9 SYSTEMPATH/Common.php(1167): CodeIgniter\View\View->render('entry', [], true)
10 APPPATH/Controllers/Entry.php(57): view('entry', [...])
11 SYSTEMPATH/CodeIgniter.php(933): App\Controllers\Entry->entry('1WRZ-B-A')
12 SYSTEMPATH/CodeIgniter.php(507): CodeIgniter\CodeIgniter->runController(Object(App\Controllers\Entry))
13 SYSTEMPATH/CodeIgniter.php(354): CodeIgniter\CodeIgniter->handleRequest(null, Object(Config\Cache), false)
14 SYSTEMPATH/Boot.php(363): CodeIgniter\CodeIgniter->run()
15 SYSTEMPATH/Boot.php(68): CodeIgniter\Boot::runCodeIgniter(Object(CodeIgniter\CodeIgniter))
16 FCPATH/index.php(59): CodeIgniter\Boot::bootWeb(Object(Config\Paths))
17 SYSTEMPATH/rewrite.php(44): require_once('/Users/diego/Documents/GitHub/propedia26/public/index.php')
WARNING - 2026-08-26 07:45:01 --> [DEPRECATED] ord(): Providing a string that is not one byte long is deprecated. Use ord($str[0]) instead in SYSTEMPATH/ThirdParty/Escaper/Escaper.php on line 250.
 1 SYSTEMPATH/ThirdParty/Escaper/Escaper.php(250): ord('²')
 2 SYSTEMPATH/ThirdParty/Escaper/Escaper.php(167): Laminas\Escaper\Escaper->htmlAttrMatcher([...])
 3 [internal function]: Laminas\Escaper\Escaper->{closure:Laminas\Escaper\Escaper::__construct():167}([...])
 4 SYSTEMPATH/ThirdParty/Escaper/Escaper.php(200): preg_replace_callback('/[^a-z0-9,\\.\\-_]/iSu', Object(Closure), 'Interface Area: Area of one face of the protein-peptide interface, given in Å². It corresponds to the BSA calculated with NACCESS, reported in the Surface section above.')
 5 SYSTEMPATH/Common.php(448): Laminas\Escaper\Escaper->escapeHtmlAttr('Interface Area: Area of one face of the protein-peptide interface, given in Å². It corresponds to the BSA calculated with NACCESS, reported in the Surface section above.')
 6 APPPATH/Views/entry.php(562): esc('Interface Area: Area of one face of the protein-peptide interface, given in Å². It corresponds to the BSA calculated with NACCESS, reported in the Surface section above.', 'attr')
 7 SYSTEMPATH/View/View.php(226): include('/Users/diego/Documents/GitHub/propedia26/app/Views/entry.php')
 8 SYSTEMPATH/View/View.php(229): CodeIgniter\View\View->{closure:CodeIgniter\View\View::render():223}()
 9 SYSTEMPATH/Common.php(1167): CodeIgniter\View\View->render('entry', [], true)
10 APPPATH/Controllers/Entry.php(57): view('entry', [...])
11 SYSTEMPATH/CodeIgniter.php(933): App\Controllers\Entry->entry('1WRZ-B-A')
12 SYSTEMPATH/CodeIgniter.php(507): CodeIgniter\CodeIgniter->runController(Object(App\Controllers\Entry))
13 SYSTEMPATH/CodeIgniter.php(354): CodeIgniter\CodeIgniter->handleRequest(null, Object(Config\Cache), false)
14 SYSTEMPATH/Boot.php(363): CodeIgniter\CodeIgniter->run()
15 SYSTEMPATH/Boot.php(68): CodeIgniter\Boot::runCodeIgniter(Object(CodeIgniter\CodeIgniter))
16 FCPATH/index.php(59): CodeIgniter\Boot::bootWeb(Object(Config\Paths))
17 SYSTEMPATH/rewrite.php(44): require_once('/Users/diego/Documents/GitHub/propedia26/public/index.php')
WARNING - 2026-08-26 07:45:01 --> [DEPRECATED] ord(): Providing a string that is not one byte long is deprecated. Use ord($str[0]) instead in SYSTEMPATH/ThirdParty/Escaper/Escaper.php on line 250.
 1 SYSTEMPATH/ThirdParty/Escaper/Escaper.php(250): ord('Å')
 2 SYSTEMPATH/ThirdParty/Escaper/Escaper.php(167): Laminas\Escaper\Escaper->htmlAttrMatcher([...])
 3 [internal function]: Laminas\Escaper\Escaper->{closure:Laminas\Escaper\Escaper::__construct():167}([...])
 4 SYSTEMPATH/ThirdParty/Escaper/Escaper.php(200): preg_replace_callback('/[^a-z0-9,\\.\\-_]/iSu', Object(Closure), 'Buried Area (peptide): Peptide surface area that becomes buried upon formation of the interface (value given in Å²).')
 5 SYSTEMPATH/Common.php(448): Laminas\Escaper\Escaper->escapeHtmlAttr('Buried Area (peptide): Peptide surface area that becomes buried upon formation of the interface (value given in Å²).')
 6 APPPATH/Views/entry.php(562): esc('Buried Area (peptide): Peptide surface area that becomes buried upon formation of the interface (value given in Å²).', 'attr')
 7 SYSTEMPATH/View/View.php(226): include('/Users/diego/Documents/GitHub/propedia26/app/Views/entry.php')
 8 SYSTEMPATH/View/View.php(229): CodeIgniter\View\View->{closure:CodeIgniter\View\View::render():223}()
 9 SYSTEMPATH/Common.php(1167): CodeIgniter\View\View->render('entry', [], true)
10 APPPATH/Controllers/Entry.php(57): view('entry', [...])
11 SYSTEMPATH/CodeIgniter.php(933): App\Controllers\Entry->entry('1WRZ-B-A')
12 SYSTEMPATH/CodeIgniter.php(507): CodeIgniter\CodeIgniter->runController(Object(App\Controllers\Entry))
13 SYSTEMPATH/CodeIgniter.php(354): CodeIgniter\CodeIgniter->handleRequest(null, Object(Config\Cache), false)
14 SYSTEMPATH/Boot.php(363): CodeIgniter\CodeIgniter->run()
15 SYSTEMPATH/Boot.php(68): CodeIgniter\Boot::runCodeIgniter(Object(CodeIgniter\CodeIgniter))
16 FCPATH/index.php(59): CodeIgniter\Boot::bootWeb(Object(Config\Paths))
17 SYSTEMPATH/rewrite.php(44): require_once('/Users/diego/Documents/GitHub/propedia26/public/index.php')
WARNING - 2026-08-26 07:45:01 --> [DEPRECATED] ord(): Providing a string that is not one byte long is deprecated. Use ord($str[0]) instead in SYSTEMPATH/ThirdParty/Escaper/Escaper.php on line 250.
 1 SYSTEMPATH/ThirdParty/Escaper/Escaper.php(250): ord('²')
 2 SYSTEMPATH/ThirdParty/Escaper/Escaper.php(167): Laminas\Escaper\Escaper->htmlAttrMatcher([...])
 3 [internal function]: Laminas\Escaper\Escaper->{closure:Laminas\Escaper\Escaper::__construct():167}([...])
 4 SYSTEMPATH/ThirdParty/Escaper/Escaper.php(200): preg_replace_callback('/[^a-z0-9,\\.\\-_]/iSu', Object(Closure), 'Buried Area (peptide): Peptide surface area that becomes buried upon formation of the interface (value given in Å²).')
 5 SYSTEMPATH/Common.php(448): Laminas\Escaper\Escaper->escapeHtmlAttr('Buried Area (peptide): Peptide surface area that becomes buried upon formation of the interface (value given in Å²).')
 6 APPPATH/Views/entry.php(562): esc('Buried Area (peptide): Peptide surface area that becomes buried upon formation of the interface (value given in Å²).', 'attr')
 7 SYSTEMPATH/View/View.php(226): include('/Users/diego/Documents/GitHub/propedia26/app/Views/entry.php')
 8 SYSTEMPATH/View/View.php(229): CodeIgniter\View\View->{closure:CodeIgniter\View\View::render():223}()
 9 SYSTEMPATH/Common.php(1167): CodeIgniter\View\View->render('entry', [], true)
10 APPPATH/Controllers/Entry.php(57): view('entry', [...])
11 SYSTEMPATH/CodeIgniter.php(933): App\Controllers\Entry->entry('1WRZ-B-A')
12 SYSTEMPATH/CodeIgniter.php(507): CodeIgniter\CodeIgniter->runController(Object(App\Controllers\Entry))
13 SYSTEMPATH/CodeIgniter.php(354): CodeIgniter\CodeIgniter->handleRequest(null, Object(Config\Cache), false)
14 SYSTEMPATH/Boot.php(363): CodeIgniter\CodeIgniter->run()
15 SYSTEMPATH/Boot.php(68): CodeIgniter\Boot::runCodeIgniter(Object(CodeIgniter\CodeIgniter))
16 FCPATH/index.php(59): CodeIgniter\Boot::bootWeb(Object(Config\Paths))
17 SYSTEMPATH/rewrite.php(44): require_once('/Users/diego/Documents/GitHub/propedia26/public/index.php')
WARNING - 2026-08-26 07:45:01 --> [DEPRECATED] ord(): Providing a string that is not one byte long is deprecated. Use ord($str[0]) instead in SYSTEMPATH/ThirdParty/Escaper/Escaper.php on line 250.
 1 SYSTEMPATH/ThirdParty/Escaper/Escaper.php(250): ord('Å')
 2 SYSTEMPATH/ThirdParty/Escaper/Escaper.php(167): Laminas\Escaper\Escaper->htmlAttrMatcher([...])
 3 [internal function]: Laminas\Escaper\Escaper->{closure:Laminas\Escaper\Escaper::__construct():167}([...])
 4 SYSTEMPATH/ThirdParty/Escaper/Escaper.php(200): preg_replace_callback('/[^a-z0-9,\\.\\-_]/iSu', Object(Closure), 'Buried Area (protein): Protein surface area that becomes buried upon formation of the interface (value given in Å²).')
 5 SYSTEMPATH/Common.php(448): Laminas\Escaper\Escaper->escapeHtmlAttr('Buried Area (protein): Protein surface area that becomes buried upon formation of the interface (value given in Å²).')
 6 APPPATH/Views/entry.php(562): esc('Buried Area (protein): Protein surface area that becomes buried upon formation of the interface (value given in Å²).', 'attr')
 7 SYSTEMPATH/View/View.php(226): include('/Users/diego/Documents/GitHub/propedia26/app/Views/entry.php')
 8 SYSTEMPATH/View/View.php(229): CodeIgniter\View\View->{closure:CodeIgniter\View\View::render():223}()
 9 SYSTEMPATH/Common.php(1167): CodeIgniter\View\View->render('entry', [], true)
10 APPPATH/Controllers/Entry.php(57): view('entry', [...])
11 SYSTEMPATH/CodeIgniter.php(933): App\Controllers\Entry->entry('1WRZ-B-A')
12 SYSTEMPATH/CodeIgniter.php(507): CodeIgniter\CodeIgniter->runController(Object(App\Controllers\Entry))
13 SYSTEMPATH/CodeIgniter.php(354): CodeIgniter\CodeIgniter->handleRequest(null, Object(Config\Cache), false)
14 SYSTEMPATH/Boot.php(363): CodeIgniter\CodeIgniter->run()
15 SYSTEMPATH/Boot.php(68): CodeIgniter\Boot::runCodeIgniter(Object(CodeIgniter\CodeIgniter))
16 FCPATH/index.php(59): CodeIgniter\Boot::bootWeb(Object(Config\Paths))
17 SYSTEMPATH/rewrite.php(44): require_once('/Users/diego/Documents/GitHub/propedia26/public/index.php')
WARNING - 2026-08-26 07:45:01 --> [DEPRECATED] ord(): Providing a string that is not one byte long is deprecated. Use ord($str[0]) instead in SYSTEMPATH/ThirdParty/Escaper/Escaper.php on line 250.
 1 SYSTEMPATH/ThirdParty/Escaper/Escaper.php(250): ord('²')
 2 SYSTEMPATH/ThirdParty/Escaper/Escaper.php(167): Laminas\Escaper\Escaper->htmlAttrMatcher([...])
 3 [internal function]: Laminas\Escaper\Escaper->{closure:Laminas\Escaper\Escaper::__construct():167}([...])
 4 SYSTEMPATH/ThirdParty/Escaper/Escaper.php(200): preg_replace_callback('/[^a-z0-9,\\.\\-_]/iSu', Object(Closure), 'Buried Area (protein): Protein surface area that becomes buried upon formation of the interface (value given in Å²).')
 5 SYSTEMPATH/Common.php(448): Laminas\Escaper\Escaper->escapeHtmlAttr('Buried Area (protein): Protein surface area that becomes buried upon formation of the interface (value given in Å²).')
 6 APPPATH/Views/entry.php(562): esc('Buried Area (protein): Protein surface area that becomes buried upon formation of the interface (value given in Å²).', 'attr')
 7 SYSTEMPATH/View/View.php(226): include('/Users/diego/Documents/GitHub/propedia26/app/Views/entry.php')
 8 SYSTEMPATH/View/View.php(229): CodeIgniter\View\View->{closure:CodeIgniter\View\View::render():223}()
 9 SYSTEMPATH/Common.php(1167): CodeIgniter\View\View->render('entry', [], true)
10 APPPATH/Controllers/Entry.php(57): view('entry', [...])
11 SYSTEMPATH/CodeIgniter.php(933): App\Controllers\Entry->entry('1WRZ-B-A')
12 SYSTEMPATH/CodeIgniter.php(507): CodeIgniter\CodeIgniter->runController(Object(App\Controllers\Entry))
13 SYSTEMPATH/CodeIgniter.php(354): CodeIgniter\CodeIgniter->handleRequest(null, Object(Config\Cache), false)
14 SYSTEMPATH/Boot.php(363): CodeIgniter\CodeIgniter->run()
15 SYSTEMPATH/Boot.php(68): CodeIgniter\Boot::runCodeIgniter(Object(CodeIgniter\CodeIgniter))
16 FCPATH/index.php(59): CodeIgniter\Boot::bootWeb(Object(Config\Paths))
17 SYSTEMPATH/rewrite.php(44): require_once('/Users/diego/Documents/GitHub/propedia26/public/index.php')
WARNING - 2026-08-26 07:45:01 --> [DEPRECATED] ord(): Providing a string that is not one byte long is deprecated. Use ord($str[0]) instead in SYSTEMPATH/ThirdParty/Escaper/Escaper.php on line 250.
 1 SYSTEMPATH/ThirdParty/Escaper/Escaper.php(250): ord('Å')
 2 SYSTEMPATH/ThirdParty/Escaper/Escaper.php(167): Laminas\Escaper\Escaper->htmlAttrMatcher([...])
 3 [internal function]: Laminas\Escaper\Escaper->{closure:Laminas\Escaper\Escaper::__construct():167}([...])
 4 SYSTEMPATH/ThirdParty/Escaper/Escaper.php(200): preg_replace_callback('/[^a-z0-9,\\.\\-_]/iSu', Object(Closure), 'Total Buried Area: Total surface area buried by the association, counting both faces of the interface, in Å². It is therefore about twice the BSA reported by NACCESS, which counts a single face.')
 5 SYSTEMPATH/Common.php(448): Laminas\Escaper\Escaper->escapeHtmlAttr('Total Buried Area: Total surface area buried by the association, counting both faces of the interface, in Å². It is therefore about twice the BSA reported by NACCESS, which counts a single face.')
 6 APPPATH/Views/entry.php(562): esc('Total Buried Area: Total surface area buried by the association, counting both faces of the interface, in Å². It is therefore about twice the BSA reported by NACCESS, which counts a single face.', 'attr')
 7 SYSTEMPATH/View/View.php(226): include('/Users/diego/Documents/GitHub/propedia26/app/Views/entry.php')
 8 SYSTEMPATH/View/View.php(229): CodeIgniter\View\View->{closure:CodeIgniter\View\View::render():223}()
 9 SYSTEMPATH/Common.php(1167): CodeIgniter\View\View->render('entry', [], true)
10 APPPATH/Controllers/Entry.php(57): view('entry', [...])
11 SYSTEMPATH/CodeIgniter.php(933): App\Controllers\Entry->entry('1WRZ-B-A')
12 SYSTEMPATH/CodeIgniter.php(507): CodeIgniter\CodeIgniter->runController(Object(App\Controllers\Entry))
13 SYSTEMPATH/CodeIgniter.php(354): CodeIgniter\CodeIgniter->handleRequest(null, Object(Config\Cache), false)
14 SYSTEMPATH/Boot.php(363): CodeIgniter\CodeIgniter->run()
15 SYSTEMPATH/Boot.php(68): CodeIgniter\Boot::runCodeIgniter(Object(CodeIgniter\CodeIgniter))
16 FCPATH/index.php(59): CodeIgniter\Boot::bootWeb(Object(Config\Paths))
17 SYSTEMPATH/rewrite.php(44): require_once('/Users/diego/Documents/GitHub/propedia26/public/index.php')
WARNING - 2026-08-26 07:45:01 --> [DEPRECATED] ord(): Providing a string that is not one byte long is deprecated. Use ord($str[0]) instead in SYSTEMPATH/ThirdParty/Escaper/Escaper.php on line 250.
 1 SYSTEMPATH/ThirdParty/Escaper/Escaper.php(250): ord('²')
 2 SYSTEMPATH/ThirdParty/Escaper/Escaper.php(167): Laminas\Escaper\Escaper->htmlAttrMatcher([...])
 3 [internal function]: Laminas\Escaper\Escaper->{closure:Laminas\Escaper\Escaper::__construct():167}([...])
 4 SYSTEMPATH/ThirdParty/Escaper/Escaper.php(200): preg_replace_callback('/[^a-z0-9,\\.\\-_]/iSu', Object(Closure), 'Total Buried Area: Total surface area buried by the association, counting both faces of the interface, in Å². It is therefore about twice the BSA reported by NACCESS, which counts a single face.')
 5 SYSTEMPATH/Common.php(448): Laminas\Escaper\Escaper->escapeHtmlAttr('Total Buried Area: Total surface area buried by the association, counting both faces of the interface, in Å². It is therefore about twice the BSA reported by NACCESS, which counts a single face.')
 6 APPPATH/Views/entry.php(562): esc('Total Buried Area: Total surface area buried by the association, counting both faces of the interface, in Å². It is therefore about twice the BSA reported by NACCESS, which counts a single face.', 'attr')
 7 SYSTEMPATH/View/View.php(226): include('/Users/diego/Documents/GitHub/propedia26/app/Views/entry.php')
 8 SYSTEMPATH/View/View.php(229): CodeIgniter\View\View->{closure:CodeIgniter\View\View::render():223}()
 9 SYSTEMPATH/Common.php(1167): CodeIgniter\View\View->render('entry', [], true)
10 APPPATH/Controllers/Entry.php(57): view('entry', [...])
11 SYSTEMPATH/CodeIgniter.php(933): App\Controllers\Entry->entry('1WRZ-B-A')
12 SYSTEMPATH/CodeIgniter.php(507): CodeIgniter\CodeIgniter->runController(Object(App\Controllers\Entry))
13 SYSTEMPATH/CodeIgniter.php(354): CodeIgniter\CodeIgniter->handleRequest(null, Object(Config\Cache), false)
14 SYSTEMPATH/Boot.php(363): CodeIgniter\CodeIgniter->run()
15 SYSTEMPATH/Boot.php(68): CodeIgniter\Boot::runCodeIgniter(Object(CodeIgniter\CodeIgniter))
16 FCPATH/index.php(59): CodeIgniter\Boot::bootWeb(Object(Config\Paths))
17 SYSTEMPATH/rewrite.php(44): require_once('/Users/diego/Documents/GitHub/propedia26/public/index.php')
WARNING - 2026-08-26 07:45:01 --> [DEPRECATED] ord(): Providing a string that is not one byte long is deprecated. Use ord($str[0]) instead in SYSTEMPATH/ThirdParty/Escaper/Escaper.php on line 250.
 1 SYSTEMPATH/ThirdParty/Escaper/Escaper.php(250): ord('Å')
 2 SYSTEMPATH/ThirdParty/Escaper/Escaper.php(167): Laminas\Escaper\Escaper->htmlAttrMatcher([...])
 3 [internal function]: Laminas\Escaper\Escaper->{closure:Laminas\Escaper\Escaper::__construct():167}([...])
 4 SYSTEMPATH/ThirdParty/Escaper/Escaper.php(200): preg_replace_callback('/[^a-z0-9,\\.\\-_]/iSu', Object(Closure), 'Complex ASA: Accessible surface area of the complex, given in Å². It corresponds to the ASA (complex) calculated with NACCESS, reported in the Surface section above.')
 5 SYSTEMPATH/Common.php(448): Laminas\Escaper\Escaper->escapeHtmlAttr('Complex ASA: Accessible surface area of the complex, given in Å². It corresponds to the ASA (complex) calculated with NACCESS, reported in the Surface section above.')
 6 APPPATH/Views/entry.php(562): esc('Complex ASA: Accessible surface area of the complex, given in Å². It corresponds to the ASA (complex) calculated with NACCESS, reported in the Surface section above.', 'attr')
 7 SYSTEMPATH/View/View.php(226): include('/Users/diego/Documents/GitHub/propedia26/app/Views/entry.php')
 8 SYSTEMPATH/View/View.php(229): CodeIgniter\View\View->{closure:CodeIgniter\View\View::render():223}()
 9 SYSTEMPATH/Common.php(1167): CodeIgniter\View\View->render('entry', [], true)
10 APPPATH/Controllers/Entry.php(57): view('entry', [...])
11 SYSTEMPATH/CodeIgniter.php(933): App\Controllers\Entry->entry('1WRZ-B-A')
12 SYSTEMPATH/CodeIgniter.php(507): CodeIgniter\CodeIgniter->runController(Object(App\Controllers\Entry))
13 SYSTEMPATH/CodeIgniter.php(354): CodeIgniter\CodeIgniter->handleRequest(null, Object(Config\Cache), false)
14 SYSTEMPATH/Boot.php(363): CodeIgniter\CodeIgniter->run()
15 SYSTEMPATH/Boot.php(68): CodeIgniter\Boot::runCodeIgniter(Object(CodeIgniter\CodeIgniter))
16 FCPATH/index.php(59): CodeIgniter\Boot::bootWeb(Object(Config\Paths))
17 SYSTEMPATH/rewrite.php(44): require_once('/Users/diego/Documents/GitHub/propedia26/public/index.php')
WARNING - 2026-08-26 07:45:01 --> [DEPRECATED] ord(): Providing a string that is not one byte long is deprecated. Use ord($str[0]) instead in SYSTEMPATH/ThirdParty/Escaper/Escaper.php on line 250.
 1 SYSTEMPATH/ThirdParty/Escaper/Escaper.php(250): ord('²')
 2 SYSTEMPATH/ThirdParty/Escaper/Escaper.php(167): Laminas\Escaper\Escaper->htmlAttrMatcher([...])
 3 [internal function]: Laminas\Escaper\Escaper->{closure:Laminas\Escaper\Escaper::__construct():167}([...])
 4 SYSTEMPATH/ThirdParty/Escaper/Escaper.php(200): preg_replace_callback('/[^a-z0-9,\\.\\-_]/iSu', Object(Closure), 'Complex ASA: Accessible surface area of the complex, given in Å². It corresponds to the ASA (complex) calculated with NACCESS, reported in the Surface section above.')
 5 SYSTEMPATH/Common.php(448): Laminas\Escaper\Escaper->escapeHtmlAttr('Complex ASA: Accessible surface area of the complex, given in Å². It corresponds to the ASA (complex) calculated with NACCESS, reported in the Surface section above.')
 6 APPPATH/Views/entry.php(562): esc('Complex ASA: Accessible surface area of the complex, given in Å². It corresponds to the ASA (complex) calculated with NACCESS, reported in the Surface section above.', 'attr')
 7 SYSTEMPATH/View/View.php(226): include('/Users/diego/Documents/GitHub/propedia26/app/Views/entry.php')
 8 SYSTEMPATH/View/View.php(229): CodeIgniter\View\View->{closure:CodeIgniter\View\View::render():223}()
 9 SYSTEMPATH/Common.php(1167): CodeIgniter\View\View->render('entry', [], true)
10 APPPATH/Controllers/Entry.php(57): view('entry', [...])
11 SYSTEMPATH/CodeIgniter.php(933): App\Controllers\Entry->entry('1WRZ-B-A')
12 SYSTEMPATH/CodeIgniter.php(507): CodeIgniter\CodeIgniter->runController(Object(App\Controllers\Entry))
13 SYSTEMPATH/CodeIgniter.php(354): CodeIgniter\CodeIgniter->handleRequest(null, Object(Config\Cache), false)
14 SYSTEMPATH/Boot.php(363): CodeIgniter\CodeIgniter->run()
15 SYSTEMPATH/Boot.php(68): CodeIgniter\Boot::runCodeIgniter(Object(CodeIgniter\CodeIgniter))
16 FCPATH/index.php(59): CodeIgniter\Boot::bootWeb(Object(Config\Paths))
17 SYSTEMPATH/rewrite.php(44): require_once('/Users/diego/Documents/GitHub/propedia26/public/index.php')
WARNING - 2026-08-26 07:45:01 --> [DEPRECATED] ord(): Providing a string that is not one byte long is deprecated. Use ord($str[0]) instead in SYSTEMPATH/ThirdParty/Escaper/Escaper.php on line 250.
 1 SYSTEMPATH/ThirdParty/Escaper/Escaper.php(250): ord('Å')
 2 SYSTEMPATH/ThirdParty/Escaper/Escaper.php(167): Laminas\Escaper\Escaper->htmlAttrMatcher([...])
 3 [internal function]: Laminas\Escaper\Escaper->{closure:Laminas\Escaper\Escaper::__construct():167}([...])
 4 SYSTEMPATH/ThirdParty/Escaper/Escaper.php(200): preg_replace_callback('/[^a-z0-9,\\.\\-_]/iSu', Object(Closure), 'Dissociation Area: Interface area that is broken when the complex dissociates, given in Å². It usually coincides with the interface area.')
 5 SYSTEMPATH/Common.php(448): Laminas\Escaper\Escaper->escapeHtmlAttr('Dissociation Area: Interface area that is broken when the complex dissociates, given in Å². It usually coincides with the interface area.')
 6 APPPATH/Views/entry.php(562): esc('Dissociation Area: Interface area that is broken when the complex dissociates, given in Å². It usually coincides with the interface area.', 'attr')
 7 SYSTEMPATH/View/View.php(226): include('/Users/diego/Documents/GitHub/propedia26/app/Views/entry.php')
 8 SYSTEMPATH/View/View.php(229): CodeIgniter\View\View->{closure:CodeIgniter\View\View::render():223}()
 9 SYSTEMPATH/Common.php(1167): CodeIgniter\View\View->render('entry', [], true)
10 APPPATH/Controllers/Entry.php(57): view('entry', [...])
11 SYSTEMPATH/CodeIgniter.php(933): App\Controllers\Entry->entry('1WRZ-B-A')
12 SYSTEMPATH/CodeIgniter.php(507): CodeIgniter\CodeIgniter->runController(Object(App\Controllers\Entry))
13 SYSTEMPATH/CodeIgniter.php(354): CodeIgniter\CodeIgniter->handleRequest(null, Object(Config\Cache), false)
14 SYSTEMPATH/Boot.php(363): CodeIgniter\CodeIgniter->run()
15 SYSTEMPATH/Boot.php(68): CodeIgniter\Boot::runCodeIgniter(Object(CodeIgniter\CodeIgniter))
16 FCPATH/index.php(59): CodeIgniter\Boot::bootWeb(Object(Config\Paths))
17 SYSTEMPATH/rewrite.php(44): require_once('/Users/diego/Documents/GitHub/propedia26/public/index.php')
WARNING - 2026-08-26 07:45:01 --> [DEPRECATED] ord(): Providing a string that is not one byte long is deprecated. Use ord($str[0]) instead in SYSTEMPATH/ThirdParty/Escaper/Escaper.php on line 250.
 1 SYSTEMPATH/ThirdParty/Escaper/Escaper.php(250): ord('²')
 2 SYSTEMPATH/ThirdParty/Escaper/Escaper.php(167): Laminas\Escaper\Escaper->htmlAttrMatcher([...])
 3 [internal function]: Laminas\Escaper\Escaper->{closure:Laminas\Escaper\Escaper::__construct():167}([...])
 4 SYSTEMPATH/ThirdParty/Escaper/Escaper.php(200): preg_replace_callback('/[^a-z0-9,\\.\\-_]/iSu', Object(Closure), 'Dissociation Area: Interface area that is broken when the complex dissociates, given in Å². It usually coincides with the interface area.')
 5 SYSTEMPATH/Common.php(448): Laminas\Escaper\Escaper->escapeHtmlAttr('Dissociation Area: Interface area that is broken when the complex dissociates, given in Å². It usually coincides with the interface area.')
 6 APPPATH/Views/entry.php(562): esc('Dissociation Area: Interface area that is broken when the complex dissociates, given in Å². It usually coincides with the interface area.', 'attr')
 7 SYSTEMPATH/View/View.php(226): include('/Users/diego/Documents/GitHub/propedia26/app/Views/entry.php')
 8 SYSTEMPATH/View/View.php(229): CodeIgniter\View\View->{closure:CodeIgniter\View\View::render():223}()
 9 SYSTEMPATH/Common.php(1167): CodeIgniter\View\View->render('entry', [], true)
10 APPPATH/Controllers/Entry.php(57): view('entry', [...])
11 SYSTEMPATH/CodeIgniter.php(933): App\Controllers\Entry->entry('1WRZ-B-A')
12 SYSTEMPATH/CodeIgniter.php(507): CodeIgniter\CodeIgniter->runController(Object(App\Controllers\Entry))
13 SYSTEMPATH/CodeIgniter.php(354): CodeIgniter\CodeIgniter->handleRequest(null, Object(Config\Cache), false)
14 SYSTEMPATH/Boot.php(363): CodeIgniter\CodeIgniter->run()
15 SYSTEMPATH/Boot.php(68): CodeIgniter\Boot::runCodeIgniter(Object(CodeIgniter\CodeIgniter))
16 FCPATH/index.php(59): CodeIgniter\Boot::bootWeb(Object(Config\Paths))
17 SYSTEMPATH/rewrite.php(44): require_once('/Users/diego/Documents/GitHub/propedia26/public/index.php')
WARNING - 2026-08-26 07:45:01 --> [DEPRECATED] ord(): Providing a string that is not one byte long is deprecated. Use ord($str[0]) instead in SYSTEMPATH/ThirdParty/Escaper/Escaper.php on line 250.
 1 SYSTEMPATH/ThirdParty/Escaper/Escaper.php(250): ord('Δ')
 2 SYSTEMPATH/ThirdParty/Escaper/Escaper.php(167): Laminas\Escaper\Escaper->htmlAttrMatcher([...])
 3 [internal function]: Laminas\Escaper\Escaper->{closure:Laminas\Escaper\Escaper::__construct():167}([...])
 4 SYSTEMPATH/ThirdParty/Escaper/Escaper.php(200): preg_replace_callback('/[^a-z0-9,\\.\\-_]/iSu', Object(Closure), 'Solvation Energy Gain (ΔiG): Free energy gain, in kcal/mol, obtained on formation of the interface. Negative values indicate a hydrophobic interface, which favours the association. It does not include the contribution of hydrogen bonds and salt bridges across the interface.')
 5 SYSTEMPATH/Common.php(448): Laminas\Escaper\Escaper->escapeHtmlAttr('Solvation Energy Gain (ΔiG): Free energy gain, in kcal/mol, obtained on formation of the interface. Negative values indicate a hydrophobic interface, which favours the association. It does not include the contribution of hydrogen bonds and salt bridges across the interface.')
 6 APPPATH/Views/entry.php(562): esc('Solvation Energy Gain (ΔiG): Free energy gain, in kcal/mol, obtained on formation of the interface. Negative values indicate a hydrophobic interface, which favours the association. It does not include the contribution of hydrogen bonds and salt bridges across the interface.', 'attr')
 7 SYSTEMPATH/View/View.php(226): include('/Users/diego/Documents/GitHub/propedia26/app/Views/entry.php')
 8 SYSTEMPATH/View/View.php(229): CodeIgniter\View\View->{closure:CodeIgniter\View\View::render():223}()
 9 SYSTEMPATH/Common.php(1167): CodeIgniter\View\View->render('entry', [], true)
10 APPPATH/Controllers/Entry.php(57): view('entry', [...])
11 SYSTEMPATH/CodeIgniter.php(933): App\Controllers\Entry->entry('1WRZ-B-A')
12 SYSTEMPATH/CodeIgniter.php(507): CodeIgniter\CodeIgniter->runController(Object(App\Controllers\Entry))
13 SYSTEMPATH/CodeIgniter.php(354): CodeIgniter\CodeIgniter->handleRequest(null, Object(Config\Cache), false)
14 SYSTEMPATH/Boot.php(363): CodeIgniter\CodeIgniter->run()
15 SYSTEMPATH/Boot.php(68): CodeIgniter\Boot::runCodeIgniter(Object(CodeIgniter\CodeIgniter))
16 FCPATH/index.php(59): CodeIgniter\Boot::bootWeb(Object(Config\Paths))
17 SYSTEMPATH/rewrite.php(44): require_once('/Users/diego/Documents/GitHub/propedia26/public/index.php')
WARNING - 2026-08-26 07:45:01 --> [DEPRECATED] ord(): Providing a string that is not one byte long is deprecated. Use ord($str[0]) instead in SYSTEMPATH/ThirdParty/Escaper/Escaper.php on line 250.
 1 SYSTEMPATH/ThirdParty/Escaper/Escaper.php(250): ord('Δ')
 2 SYSTEMPATH/ThirdParty/Escaper/Escaper.php(167): Laminas\Escaper\Escaper->htmlAttrMatcher([...])
 3 [internal function]: Laminas\Escaper\Escaper->{closure:Laminas\Escaper\Escaper::__construct():167}([...])
 4 SYSTEMPATH/ThirdParty/Escaper/Escaper.php(200): preg_replace_callback('/[^a-z0-9,\\.\\-_]/iSu', Object(Closure), 'ΔiG P-value: Statistical significance of the solvation energy gain. Values below 0.5 indicate an interface more hydrophobic than would be expected by chance, that is, an interface likely to be interaction-specific rather than a crystal-packing artefact.')
 5 SYSTEMPATH/Common.php(448): Laminas\Escaper\Escaper->escapeHtmlAttr('ΔiG P-value: Statistical significance of the solvation energy gain. Values below 0.5 indicate an interface more hydrophobic than would be expected by chance, that is, an interface likely to be interaction-specific rather than a crystal-packing artefact.')
 6 APPPATH/Views/entry.php(562): esc('ΔiG P-value: Statistical significance of the solvation energy gain. Values below 0.5 indicate an interface more hydrophobic than would be expected by chance, that is, an interface likely to be interaction-specific rather than a crystal-packing artefact.', 'attr')
 7 SYSTEMPATH/View/View.php(226): include('/Users/diego/Documents/GitHub/propedia26/app/Views/entry.php')
 8 SYSTEMPATH/View/View.php(229): CodeIgniter\View\View->{closure:CodeIgniter\View\View::render():223}()
 9 SYSTEMPATH/Common.php(1167): CodeIgniter\View\View->render('entry', [], true)
10 APPPATH/Controllers/Entry.php(57): view('entry', [...])
11 SYSTEMPATH/CodeIgniter.php(933): App\Controllers\Entry->entry('1WRZ-B-A')
12 SYSTEMPATH/CodeIgniter.php(507): CodeIgniter\CodeIgniter->runController(Object(App\Controllers\Entry))
13 SYSTEMPATH/CodeIgniter.php(354): CodeIgniter\CodeIgniter->handleRequest(null, Object(Config\Cache), false)
14 SYSTEMPATH/Boot.php(363): CodeIgniter\CodeIgniter->run()
15 SYSTEMPATH/Boot.php(68): CodeIgniter\Boot::runCodeIgniter(Object(CodeIgniter\CodeIgniter))
16 FCPATH/index.php(59): CodeIgniter\Boot::bootWeb(Object(Config\Paths))
17 SYSTEMPATH/rewrite.php(44): require_once('/Users/diego/Documents/GitHub/propedia26/public/index.php')
WARNING - 2026-08-26 07:45:01 --> [DEPRECATED] ord(): Providing a string that is not one byte long is deprecated. Use ord($str[0]) instead in SYSTEMPATH/ThirdParty/Escaper/Escaper.php on line 250.
 1 SYSTEMPATH/ThirdParty/Escaper/Escaper.php(250): ord('Δ')
 2 SYSTEMPATH/ThirdParty/Escaper/Escaper.php(167): Laminas\Escaper\Escaper->htmlAttrMatcher([...])
 3 [internal function]: Laminas\Escaper\Escaper->{closure:Laminas\Escaper\Escaper::__construct():167}([...])
 4 SYSTEMPATH/ThirdParty/Escaper/Escaper.php(200): preg_replace_callback('/[^a-z0-9,\\.\\-_]/iSu', Object(Closure), 'Total Interaction Energy: Solvation energy gain summed over all the interfaces of the structure, in kcal/mol. It is equal to the interface ΔiG when the structure has a single interface.')
 5 SYSTEMPATH/Common.php(448): Laminas\Escaper\Escaper->escapeHtmlAttr('Total Interaction Energy: Solvation energy gain summed over all the interfaces of the structure, in kcal/mol. It is equal to the interface ΔiG when the structure has a single interface.')
 6 APPPATH/Views/entry.php(562): esc('Total Interaction Energy: Solvation energy gain summed over all the interfaces of the structure, in kcal/mol. It is equal to the interface ΔiG when the structure has a single interface.', 'attr')
 7 SYSTEMPATH/View/View.php(226): include('/Users/diego/Documents/GitHub/propedia26/app/Views/entry.php')
 8 SYSTEMPATH/View/View.php(229): CodeIgniter\View\View->{closure:CodeIgniter\View\View::render():223}()
 9 SYSTEMPATH/Common.php(1167): CodeIgniter\View\View->render('entry', [], true)
10 APPPATH/Controllers/Entry.php(57): view('entry', [...])
11 SYSTEMPATH/CodeIgniter.php(933): App\Controllers\Entry->entry('1WRZ-B-A')
12 SYSTEMPATH/CodeIgniter.php(507): CodeIgniter\CodeIgniter->runController(Object(App\Controllers\Entry))
13 SYSTEMPATH/CodeIgniter.php(354): CodeIgniter\CodeIgniter->handleRequest(null, Object(Config\Cache), false)
14 SYSTEMPATH/Boot.php(363): CodeIgniter\CodeIgniter->run()
15 SYSTEMPATH/Boot.php(68): CodeIgniter\Boot::runCodeIgniter(Object(CodeIgniter\CodeIgniter))
16 FCPATH/index.php(59): CodeIgniter\Boot::bootWeb(Object(Config\Paths))
17 SYSTEMPATH/rewrite.php(44): require_once('/Users/diego/Documents/GitHub/propedia26/public/index.php')
WARNING - 2026-08-26 07:45:01 --> [DEPRECATED] ord(): Providing a string that is not one byte long is deprecated. Use ord($str[0]) instead in SYSTEMPATH/ThirdParty/Escaper/Escaper.php on line 250.
 1 SYSTEMPATH/ThirdParty/Escaper/Escaper.php(250): ord('Δ')
 2 SYSTEMPATH/ThirdParty/Escaper/Escaper.php(167): Laminas\Escaper\Escaper->htmlAttrMatcher([...])
 3 [internal function]: Laminas\Escaper\Escaper->{closure:Laminas\Escaper\Escaper::__construct():167}([...])
 4 SYSTEMPATH/ThirdParty/Escaper/Escaper.php(200): preg_replace_callback('/[^a-z0-9,\\.\\-_]/iSu', Object(Closure), 'Dissociation Free Energy (ΔGdiss): Free energy required to dissociate the complex, in kcal/mol. Positive values indicate a thermodynamically stable complex. It is the PISA counterpart of the binding affinity predicted by PRODIGY, reported in the Interaction energy section above with the opposite sign.')
 5 SYSTEMPATH/Common.php(448): Laminas\Escaper\Escaper->escapeHtmlAttr('Dissociation Free Energy (ΔGdiss): Free energy required to dissociate the complex, in kcal/mol. Positive values indicate a thermodynamically stable complex. It is the PISA counterpart of the binding affinity predicted by PRODIGY, reported in the Interaction energy section above with the opposite sign.')
 6 APPPATH/Views/entry.php(562): esc('Dissociation Free Energy (ΔGdiss): Free energy required to dissociate the complex, in kcal/mol. Positive values indicate a thermodynamically stable complex. It is the PISA counterpart of the binding affinity predicted by PRODIGY, reported in the Interaction energy section above with the opposite sign.', 'attr')
 7 SYSTEMPATH/View/View.php(226): include('/Users/diego/Documents/GitHub/propedia26/app/Views/entry.php')
 8 SYSTEMPATH/View/View.php(229): CodeIgniter\View\View->{closure:CodeIgniter\View\View::render():223}()
 9 SYSTEMPATH/Common.php(1167): CodeIgniter\View\View->render('entry', [], true)
10 APPPATH/Controllers/Entry.php(57): view('entry', [...])
11 SYSTEMPATH/CodeIgniter.php(933): App\Controllers\Entry->entry('1WRZ-B-A')
12 SYSTEMPATH/CodeIgniter.php(507): CodeIgniter\CodeIgniter->runController(Object(App\Controllers\Entry))
13 SYSTEMPATH/CodeIgniter.php(354): CodeIgniter\CodeIgniter->handleRequest(null, Object(Config\Cache), false)
14 SYSTEMPATH/Boot.php(363): CodeIgniter\CodeIgniter->run()
15 SYSTEMPATH/Boot.php(68): CodeIgniter\Boot::runCodeIgniter(Object(CodeIgniter\CodeIgniter))
16 FCPATH/index.php(59): CodeIgniter\Boot::bootWeb(Object(Config\Paths))
17 SYSTEMPATH/rewrite.php(44): require_once('/Users/diego/Documents/GitHub/propedia26/public/index.php')
WARNING - 2026-08-26 07:45:01 --> [DEPRECATED] ord(): Providing a string that is not one byte long is deprecated. Use ord($str[0]) instead in SYSTEMPATH/ThirdParty/Escaper/Escaper.php on line 250.
 1 SYSTEMPATH/ThirdParty/Escaper/Escaper.php(250): ord('Δ')
 2 SYSTEMPATH/ThirdParty/Escaper/Escaper.php(167): Laminas\Escaper\Escaper->htmlAttrMatcher([...])
 3 [internal function]: Laminas\Escaper\Escaper->{closure:Laminas\Escaper\Escaper::__construct():167}([...])
 4 SYSTEMPATH/ThirdParty/Escaper/Escaper.php(200): preg_replace_callback('/[^a-z0-9,\\.\\-_]/iSu', Object(Closure), 'Dissociation Entropy (TΔS): Entropic cost of the association, in kcal/mol. It always opposes the formation of the complex and is taken into account in the calculation of ΔGdiss.')
 5 SYSTEMPATH/Common.php(448): Laminas\Escaper\Escaper->escapeHtmlAttr('Dissociation Entropy (TΔS): Entropic cost of the association, in kcal/mol. It always opposes the formation of the complex and is taken into account in the calculation of ΔGdiss.')
 6 APPPATH/Views/entry.php(562): esc('Dissociation Entropy (TΔS): Entropic cost of the association, in kcal/mol. It always opposes the formation of the complex and is taken into account in the calculation of ΔGdiss.', 'attr')
 7 SYSTEMPATH/View/View.php(226): include('/Users/diego/Documents/GitHub/propedia26/app/Views/entry.php')
 8 SYSTEMPATH/View/View.php(229): CodeIgniter\View\View->{closure:CodeIgniter\View\View::render():223}()
 9 SYSTEMPATH/Common.php(1167): CodeIgniter\View\View->render('entry', [], true)
10 APPPATH/Controllers/Entry.php(57): view('entry', [...])
11 SYSTEMPATH/CodeIgniter.php(933): App\Controllers\Entry->entry('1WRZ-B-A')
12 SYSTEMPATH/CodeIgniter.php(507): CodeIgniter\CodeIgniter->runController(Object(App\Controllers\Entry))
13 SYSTEMPATH/CodeIgniter.php(354): CodeIgniter\CodeIgniter->handleRequest(null, Object(Config\Cache), false)
14 SYSTEMPATH/Boot.php(363): CodeIgniter\CodeIgniter->run()
15 SYSTEMPATH/Boot.php(68): CodeIgniter\Boot::runCodeIgniter(Object(CodeIgniter\CodeIgniter))
16 FCPATH/index.php(59): CodeIgniter\Boot::bootWeb(Object(Config\Paths))
17 SYSTEMPATH/rewrite.php(44): require_once('/Users/diego/Documents/GitHub/propedia26/public/index.php')
WARNING - 2026-08-26 07:45:01 --> [DEPRECATED] ord(): Providing a string that is not one byte long is deprecated. Use ord($str[0]) instead in SYSTEMPATH/ThirdParty/Escaper/Escaper.php on line 250.
 1 SYSTEMPATH/ThirdParty/Escaper/Escaper.php(250): ord('Δ')
 2 SYSTEMPATH/ThirdParty/Escaper/Escaper.php(167): Laminas\Escaper\Escaper->htmlAttrMatcher([...])
 3 [internal function]: Laminas\Escaper\Escaper->{closure:Laminas\Escaper\Escaper::__construct():167}([...])
 4 SYSTEMPATH/ThirdParty/Escaper/Escaper.php(200): preg_replace_callback('/[^a-z0-9,\\.\\-_]/iSu', Object(Closure), 'Dissociation Entropy (TΔS): Entropic cost of the association, in kcal/mol. It always opposes the formation of the complex and is taken into account in the calculation of ΔGdiss.')
 5 SYSTEMPATH/Common.php(448): Laminas\Escaper\Escaper->escapeHtmlAttr('Dissociation Entropy (TΔS): Entropic cost of the association, in kcal/mol. It always opposes the formation of the complex and is taken into account in the calculation of ΔGdiss.')
 6 APPPATH/Views/entry.php(562): esc('Dissociation Entropy (TΔS): Entropic cost of the association, in kcal/mol. It always opposes the formation of the complex and is taken into account in the calculation of ΔGdiss.', 'attr')
 7 SYSTEMPATH/View/View.php(226): include('/Users/diego/Documents/GitHub/propedia26/app/Views/entry.php')
 8 SYSTEMPATH/View/View.php(229): CodeIgniter\View\View->{closure:CodeIgniter\View\View::render():223}()
 9 SYSTEMPATH/Common.php(1167): CodeIgniter\View\View->render('entry', [], true)
10 APPPATH/Controllers/Entry.php(57): view('entry', [...])
11 SYSTEMPATH/CodeIgniter.php(933): App\Controllers\Entry->entry('1WRZ-B-A')
12 SYSTEMPATH/CodeIgniter.php(507): CodeIgniter\CodeIgniter->runController(Object(App\Controllers\Entry))
13 SYSTEMPATH/CodeIgniter.php(354): CodeIgniter\CodeIgniter->handleRequest(null, Object(Config\Cache), false)
14 SYSTEMPATH/Boot.php(363): CodeIgniter\CodeIgniter->run()
15 SYSTEMPATH/Boot.php(68): CodeIgniter\Boot::runCodeIgniter(Object(CodeIgniter\CodeIgniter))
16 FCPATH/index.php(59): CodeIgniter\Boot::bootWeb(Object(Config\Paths))
17 SYSTEMPATH/rewrite.php(44): require_once('/Users/diego/Documents/GitHub/propedia26/public/index.php')
DEBUG - 2026-08-26 07:45:01 --> Session: Class initialized using 'CodeIgniter\Session\Handlers\FileHandler' driver.
WARNING - 2026-08-26 07:45:55 --> [DEPRECATED] fgetcsv(): the $escape parameter must be provided as its default value will change in APPPATH/Controllers/Entry.php on line 37.
 1 APPPATH/Controllers/Entry.php(37): fgetcsv(resource (stream), 0, ';')
 2 SYSTEMPATH/CodeIgniter.php(933): App\Controllers\Entry->entry('1WRZ-B-A')
 3 SYSTEMPATH/CodeIgniter.php(507): CodeIgniter\CodeIgniter->runController(Object(App\Controllers\Entry))
 4 SYSTEMPATH/CodeIgniter.php(354): CodeIgniter\CodeIgniter->handleRequest(null, Object(Config\Cache), false)
 5 SYSTEMPATH/Boot.php(363): CodeIgniter\CodeIgniter->run()
 6 SYSTEMPATH/Boot.php(68): CodeIgniter\Boot::runCodeIgniter(Object(CodeIgniter\CodeIgniter))
 7 FCPATH/index.php(59): CodeIgniter\Boot::bootWeb(Object(Config\Paths))
 8 SYSTEMPATH/rewrite.php(44): require_once('/Users/diego/Documents/GitHub/propedia26/public/index.php')
WARNING - 2026-08-26 07:45:55 --> [DEPRECATED] ord(): Providing a string that is not one byte long is deprecated. Use ord($str[0]) instead in SYSTEMPATH/ThirdParty/Escaper/Escaper.php on line 250.
 1 SYSTEMPATH/ThirdParty/Escaper/Escaper.php(250): ord('Å')
 2 SYSTEMPATH/ThirdParty/Escaper/Escaper.php(167): Laminas\Escaper\Escaper->htmlAttrMatcher([...])
 3 [internal function]: Laminas\Escaper\Escaper->{closure:Laminas\Escaper\Escaper::__construct():167}([...])
 4 SYSTEMPATH/ThirdParty/Escaper/Escaper.php(200): preg_replace_callback('/[^a-z0-9,\\.\\-_]/iSu', Object(Closure), 'Interface Area: Area of one face of the protein-peptide interface, given in Å². It corresponds to the BSA calculated with NACCESS, reported in the Surface section above.')
 5 SYSTEMPATH/Common.php(448): Laminas\Escaper\Escaper->escapeHtmlAttr('Interface Area: Area of one face of the protein-peptide interface, given in Å². It corresponds to the BSA calculated with NACCESS, reported in the Surface section above.')
 6 APPPATH/Views/entry.php(590): esc('Interface Area: Area of one face of the protein-peptide interface, given in Å². It corresponds to the BSA calculated with NACCESS, reported in the Surface section above.', 'attr')
 7 SYSTEMPATH/View/View.php(226): include('/Users/diego/Documents/GitHub/propedia26/app/Views/entry.php')
 8 SYSTEMPATH/View/View.php(229): CodeIgniter\View\View->{closure:CodeIgniter\View\View::render():223}()
 9 SYSTEMPATH/Common.php(1167): CodeIgniter\View\View->render('entry', [], true)
10 APPPATH/Controllers/Entry.php(57): view('entry', [...])
11 SYSTEMPATH/CodeIgniter.php(933): App\Controllers\Entry->entry('1WRZ-B-A')
12 SYSTEMPATH/CodeIgniter.php(507): CodeIgniter\CodeIgniter->runController(Object(App\Controllers\Entry))
13 SYSTEMPATH/CodeIgniter.php(354): CodeIgniter\CodeIgniter->handleRequest(null, Object(Config\Cache), false)
14 SYSTEMPATH/Boot.php(363): CodeIgniter\CodeIgniter->run()
15 SYSTEMPATH/Boot.php(68): CodeIgniter\Boot::runCodeIgniter(Object(CodeIgniter\CodeIgniter))
16 FCPATH/index.php(59): CodeIgniter\Boot::bootWeb(Object(Config\Paths))
17 SYSTEMPATH/rewrite.php(44): require_once('/Users/diego/Documents/GitHub/propedia26/public/index.php')
WARNING - 2026-08-26 07:45:55 --> [DEPRECATED] ord(): Providing a string that is not one byte long is deprecated. Use ord($str[0]) instead in SYSTEMPATH/ThirdParty/Escaper/Escaper.php on line 250.
 1 SYSTEMPATH/ThirdParty/Escaper/Escaper.php(250): ord('²')
 2 SYSTEMPATH/ThirdParty/Escaper/Escaper.php(167): Laminas\Escaper\Escaper->htmlAttrMatcher([...])
 3 [internal function]: Laminas\Escaper\Escaper->{closure:Laminas\Escaper\Escaper::__construct():167}([...])
 4 SYSTEMPATH/ThirdParty/Escaper/Escaper.php(200): preg_replace_callback('/[^a-z0-9,\\.\\-_]/iSu', Object(Closure), 'Interface Area: Area of one face of the protein-peptide interface, given in Å². It corresponds to the BSA calculated with NACCESS, reported in the Surface section above.')
 5 SYSTEMPATH/Common.php(448): Laminas\Escaper\Escaper->escapeHtmlAttr('Interface Area: Area of one face of the protein-peptide interface, given in Å². It corresponds to the BSA calculated with NACCESS, reported in the Surface section above.')
 6 APPPATH/Views/entry.php(590): esc('Interface Area: Area of one face of the protein-peptide interface, given in Å². It corresponds to the BSA calculated with NACCESS, reported in the Surface section above.', 'attr')
 7 SYSTEMPATH/View/View.php(226): include('/Users/diego/Documents/GitHub/propedia26/app/Views/entry.php')
 8 SYSTEMPATH/View/View.php(229): CodeIgniter\View\View->{closure:CodeIgniter\View\View::render():223}()
 9 SYSTEMPATH/Common.php(1167): CodeIgniter\View\View->render('entry', [], true)
10 APPPATH/Controllers/Entry.php(57): view('entry', [...])
11 SYSTEMPATH/CodeIgniter.php(933): App\Controllers\Entry->entry('1WRZ-B-A')
12 SYSTEMPATH/CodeIgniter.php(507): CodeIgniter\CodeIgniter->runController(Object(App\Controllers\Entry))
13 SYSTEMPATH/CodeIgniter.php(354): CodeIgniter\CodeIgniter->handleRequest(null, Object(Config\Cache), false)
14 SYSTEMPATH/Boot.php(363): CodeIgniter\CodeIgniter->run()
15 SYSTEMPATH/Boot.php(68): CodeIgniter\Boot::runCodeIgniter(Object(CodeIgniter\CodeIgniter))
16 FCPATH/index.php(59): CodeIgniter\Boot::bootWeb(Object(Config\Paths))
17 SYSTEMPATH/rewrite.php(44): require_once('/Users/diego/Documents/GitHub/propedia26/public/index.php')
WARNING - 2026-08-26 07:45:55 --> [DEPRECATED] ord(): Providing a string that is not one byte long is deprecated. Use ord($str[0]) instead in SYSTEMPATH/ThirdParty/Escaper/Escaper.php on line 250.
 1 SYSTEMPATH/ThirdParty/Escaper/Escaper.php(250): ord('Å')
 2 SYSTEMPATH/ThirdParty/Escaper/Escaper.php(167): Laminas\Escaper\Escaper->htmlAttrMatcher([...])
 3 [internal function]: Laminas\Escaper\Escaper->{closure:Laminas\Escaper\Escaper::__construct():167}([...])
 4 SYSTEMPATH/ThirdParty/Escaper/Escaper.php(200): preg_replace_callback('/[^a-z0-9,\\.\\-_]/iSu', Object(Closure), 'Buried Area (peptide): Peptide surface area that becomes buried upon formation of the interface (value given in Å²).')
 5 SYSTEMPATH/Common.php(448): Laminas\Escaper\Escaper->escapeHtmlAttr('Buried Area (peptide): Peptide surface area that becomes buried upon formation of the interface (value given in Å²).')
 6 APPPATH/Views/entry.php(590): esc('Buried Area (peptide): Peptide surface area that becomes buried upon formation of the interface (value given in Å²).', 'attr')
 7 SYSTEMPATH/View/View.php(226): include('/Users/diego/Documents/GitHub/propedia26/app/Views/entry.php')
 8 SYSTEMPATH/View/View.php(229): CodeIgniter\View\View->{closure:CodeIgniter\View\View::render():223}()
 9 SYSTEMPATH/Common.php(1167): CodeIgniter\View\View->render('entry', [], true)
10 APPPATH/Controllers/Entry.php(57): view('entry', [...])
11 SYSTEMPATH/CodeIgniter.php(933): App\Controllers\Entry->entry('1WRZ-B-A')
12 SYSTEMPATH/CodeIgniter.php(507): CodeIgniter\CodeIgniter->runController(Object(App\Controllers\Entry))
13 SYSTEMPATH/CodeIgniter.php(354): CodeIgniter\CodeIgniter->handleRequest(null, Object(Config\Cache), false)
14 SYSTEMPATH/Boot.php(363): CodeIgniter\CodeIgniter->run()
15 SYSTEMPATH/Boot.php(68): CodeIgniter\Boot::runCodeIgniter(Object(CodeIgniter\CodeIgniter))
16 FCPATH/index.php(59): CodeIgniter\Boot::bootWeb(Object(Config\Paths))
17 SYSTEMPATH/rewrite.php(44): require_once('/Users/diego/Documents/GitHub/propedia26/public/index.php')
WARNING - 2026-08-26 07:45:55 --> [DEPRECATED] ord(): Providing a string that is not one byte long is deprecated. Use ord($str[0]) instead in SYSTEMPATH/ThirdParty/Escaper/Escaper.php on line 250.
 1 SYSTEMPATH/ThirdParty/Escaper/Escaper.php(250): ord('²')
 2 SYSTEMPATH/ThirdParty/Escaper/Escaper.php(167): Laminas\Escaper\Escaper->htmlAttrMatcher([...])
 3 [internal function]: Laminas\Escaper\Escaper->{closure:Laminas\Escaper\Escaper::__construct():167}([...])
 4 SYSTEMPATH/ThirdParty/Escaper/Escaper.php(200): preg_replace_callback('/[^a-z0-9,\\.\\-_]/iSu', Object(Closure), 'Buried Area (peptide): Peptide surface area that becomes buried upon formation of the interface (value given in Å²).')
 5 SYSTEMPATH/Common.php(448): Laminas\Escaper\Escaper->escapeHtmlAttr('Buried Area (peptide): Peptide surface area that becomes buried upon formation of the interface (value given in Å²).')
 6 APPPATH/Views/entry.php(590): esc('Buried Area (peptide): Peptide surface area that becomes buried upon formation of the interface (value given in Å²).', 'attr')
 7 SYSTEMPATH/View/View.php(226): include('/Users/diego/Documents/GitHub/propedia26/app/Views/entry.php')
 8 SYSTEMPATH/View/View.php(229): CodeIgniter\View\View->{closure:CodeIgniter\View\View::render():223}()
 9 SYSTEMPATH/Common.php(1167): CodeIgniter\View\View->render('entry', [], true)
10 APPPATH/Controllers/Entry.php(57): view('entry', [...])
11 SYSTEMPATH/CodeIgniter.php(933): App\Controllers\Entry->entry('1WRZ-B-A')
12 SYSTEMPATH/CodeIgniter.php(507): CodeIgniter\CodeIgniter->runController(Object(App\Controllers\Entry))
13 SYSTEMPATH/CodeIgniter.php(354): CodeIgniter\CodeIgniter->handleRequest(null, Object(Config\Cache), false)
14 SYSTEMPATH/Boot.php(363): CodeIgniter\CodeIgniter->run()
15 SYSTEMPATH/Boot.php(68): CodeIgniter\Boot::runCodeIgniter(Object(CodeIgniter\CodeIgniter))
16 FCPATH/index.php(59): CodeIgniter\Boot::bootWeb(Object(Config\Paths))
17 SYSTEMPATH/rewrite.php(44): require_once('/Users/diego/Documents/GitHub/propedia26/public/index.php')
WARNING - 2026-08-26 07:45:55 --> [DEPRECATED] ord(): Providing a string that is not one byte long is deprecated. Use ord($str[0]) instead in SYSTEMPATH/ThirdParty/Escaper/Escaper.php on line 250.
 1 SYSTEMPATH/ThirdParty/Escaper/Escaper.php(250): ord('Å')
 2 SYSTEMPATH/ThirdParty/Escaper/Escaper.php(167): Laminas\Escaper\Escaper->htmlAttrMatcher([...])
 3 [internal function]: Laminas\Escaper\Escaper->{closure:Laminas\Escaper\Escaper::__construct():167}([...])
 4 SYSTEMPATH/ThirdParty/Escaper/Escaper.php(200): preg_replace_callback('/[^a-z0-9,\\.\\-_]/iSu', Object(Closure), 'Buried Area (protein): Protein surface area that becomes buried upon formation of the interface (value given in Å²).')
 5 SYSTEMPATH/Common.php(448): Laminas\Escaper\Escaper->escapeHtmlAttr('Buried Area (protein): Protein surface area that becomes buried upon formation of the interface (value given in Å²).')
 6 APPPATH/Views/entry.php(590): esc('Buried Area (protein): Protein surface area that becomes buried upon formation of the interface (value given in Å²).', 'attr')
 7 SYSTEMPATH/View/View.php(226): include('/Users/diego/Documents/GitHub/propedia26/app/Views/entry.php')
 8 SYSTEMPATH/View/View.php(229): CodeIgniter\View\View->{closure:CodeIgniter\View\View::render():223}()
 9 SYSTEMPATH/Common.php(1167): CodeIgniter\View\View->render('entry', [], true)
10 APPPATH/Controllers/Entry.php(57): view('entry', [...])
11 SYSTEMPATH/CodeIgniter.php(933): App\Controllers\Entry->entry('1WRZ-B-A')
12 SYSTEMPATH/CodeIgniter.php(507): CodeIgniter\CodeIgniter->runController(Object(App\Controllers\Entry))
13 SYSTEMPATH/CodeIgniter.php(354): CodeIgniter\CodeIgniter->handleRequest(null, Object(Config\Cache), false)
14 SYSTEMPATH/Boot.php(363): CodeIgniter\CodeIgniter->run()
15 SYSTEMPATH/Boot.php(68): CodeIgniter\Boot::runCodeIgniter(Object(CodeIgniter\CodeIgniter))
16 FCPATH/index.php(59): CodeIgniter\Boot::bootWeb(Object(Config\Paths))
17 SYSTEMPATH/rewrite.php(44): require_once('/Users/diego/Documents/GitHub/propedia26/public/index.php')
WARNING - 2026-08-26 07:45:55 --> [DEPRECATED] ord(): Providing a string that is not one byte long is deprecated. Use ord($str[0]) instead in SYSTEMPATH/ThirdParty/Escaper/Escaper.php on line 250.
 1 SYSTEMPATH/ThirdParty/Escaper/Escaper.php(250): ord('²')
 2 SYSTEMPATH/ThirdParty/Escaper/Escaper.php(167): Laminas\Escaper\Escaper->htmlAttrMatcher([...])
 3 [internal function]: Laminas\Escaper\Escaper->{closure:Laminas\Escaper\Escaper::__construct():167}([...])
 4 SYSTEMPATH/ThirdParty/Escaper/Escaper.php(200): preg_replace_callback('/[^a-z0-9,\\.\\-_]/iSu', Object(Closure), 'Buried Area (protein): Protein surface area that becomes buried upon formation of the interface (value given in Å²).')
 5 SYSTEMPATH/Common.php(448): Laminas\Escaper\Escaper->escapeHtmlAttr('Buried Area (protein): Protein surface area that becomes buried upon formation of the interface (value given in Å²).')
 6 APPPATH/Views/entry.php(590): esc('Buried Area (protein): Protein surface area that becomes buried upon formation of the interface (value given in Å²).', 'attr')
 7 SYSTEMPATH/View/View.php(226): include('/Users/diego/Documents/GitHub/propedia26/app/Views/entry.php')
 8 SYSTEMPATH/View/View.php(229): CodeIgniter\View\View->{closure:CodeIgniter\View\View::render():223}()
 9 SYSTEMPATH/Common.php(1167): CodeIgniter\View\View->render('entry', [], true)
10 APPPATH/Controllers/Entry.php(57): view('entry', [...])
11 SYSTEMPATH/CodeIgniter.php(933): App\Controllers\Entry->entry('1WRZ-B-A')
12 SYSTEMPATH/CodeIgniter.php(507): CodeIgniter\CodeIgniter->runController(Object(App\Controllers\Entry))
13 SYSTEMPATH/CodeIgniter.php(354): CodeIgniter\CodeIgniter->handleRequest(null, Object(Config\Cache), false)
14 SYSTEMPATH/Boot.php(363): CodeIgniter\CodeIgniter->run()
15 SYSTEMPATH/Boot.php(68): CodeIgniter\Boot::runCodeIgniter(Object(CodeIgniter\CodeIgniter))
16 FCPATH/index.php(59): CodeIgniter\Boot::bootWeb(Object(Config\Paths))
17 SYSTEMPATH/rewrite.php(44): require_once('/Users/diego/Documents/GitHub/propedia26/public/index.php')
WARNING - 2026-08-26 07:45:55 --> [DEPRECATED] ord(): Providing a string that is not one byte long is deprecated. Use ord($str[0]) instead in SYSTEMPATH/ThirdParty/Escaper/Escaper.php on line 250.
 1 SYSTEMPATH/ThirdParty/Escaper/Escaper.php(250): ord('Å')
 2 SYSTEMPATH/ThirdParty/Escaper/Escaper.php(167): Laminas\Escaper\Escaper->htmlAttrMatcher([...])
 3 [internal function]: Laminas\Escaper\Escaper->{closure:Laminas\Escaper\Escaper::__construct():167}([...])
 4 SYSTEMPATH/ThirdParty/Escaper/Escaper.php(200): preg_replace_callback('/[^a-z0-9,\\.\\-_]/iSu', Object(Closure), 'Total Buried Area: Total surface area buried by the association, counting both faces of the interface, in Å². It is therefore about twice the BSA reported by NACCESS, which counts a single face.')
 5 SYSTEMPATH/Common.php(448): Laminas\Escaper\Escaper->escapeHtmlAttr('Total Buried Area: Total surface area buried by the association, counting both faces of the interface, in Å². It is therefore about twice the BSA reported by NACCESS, which counts a single face.')
 6 APPPATH/Views/entry.php(590): esc('Total Buried Area: Total surface area buried by the association, counting both faces of the interface, in Å². It is therefore about twice the BSA reported by NACCESS, which counts a single face.', 'attr')
 7 SYSTEMPATH/View/View.php(226): include('/Users/diego/Documents/GitHub/propedia26/app/Views/entry.php')
 8 SYSTEMPATH/View/View.php(229): CodeIgniter\View\View->{closure:CodeIgniter\View\View::render():223}()
 9 SYSTEMPATH/Common.php(1167): CodeIgniter\View\View->render('entry', [], true)
10 APPPATH/Controllers/Entry.php(57): view('entry', [...])
11 SYSTEMPATH/CodeIgniter.php(933): App\Controllers\Entry->entry('1WRZ-B-A')
12 SYSTEMPATH/CodeIgniter.php(507): CodeIgniter\CodeIgniter->runController(Object(App\Controllers\Entry))
13 SYSTEMPATH/CodeIgniter.php(354): CodeIgniter\CodeIgniter->handleRequest(null, Object(Config\Cache), false)
14 SYSTEMPATH/Boot.php(363): CodeIgniter\CodeIgniter->run()
15 SYSTEMPATH/Boot.php(68): CodeIgniter\Boot::runCodeIgniter(Object(CodeIgniter\CodeIgniter))
16 FCPATH/index.php(59): CodeIgniter\Boot::bootWeb(Object(Config\Paths))
17 SYSTEMPATH/rewrite.php(44): require_once('/Users/diego/Documents/GitHub/propedia26/public/index.php')
WARNING - 2026-08-26 07:45:55 --> [DEPRECATED] ord(): Providing a string that is not one byte long is deprecated. Use ord($str[0]) instead in SYSTEMPATH/ThirdParty/Escaper/Escaper.php on line 250.
 1 SYSTEMPATH/ThirdParty/Escaper/Escaper.php(250): ord('²')
 2 SYSTEMPATH/ThirdParty/Escaper/Escaper.php(167): Laminas\Escaper\Escaper->htmlAttrMatcher([...])
 3 [internal function]: Laminas\Escaper\Escaper->{closure:Laminas\Escaper\Escaper::__construct():167}([...])
 4 SYSTEMPATH/ThirdParty/Escaper/Escaper.php(200): preg_replace_callback('/[^a-z0-9,\\.\\-_]/iSu', Object(Closure), 'Total Buried Area: Total surface area buried by the association, counting both faces of the interface, in Å². It is therefore about twice the BSA reported by NACCESS, which counts a single face.')
 5 SYSTEMPATH/Common.php(448): Laminas\Escaper\Escaper->escapeHtmlAttr('Total Buried Area: Total surface area buried by the association, counting both faces of the interface, in Å². It is therefore about twice the BSA reported by NACCESS, which counts a single face.')
 6 APPPATH/Views/entry.php(590): esc('Total Buried Area: Total surface area buried by the association, counting both faces of the interface, in Å². It is therefore about twice the BSA reported by NACCESS, which counts a single face.', 'attr')
 7 SYSTEMPATH/View/View.php(226): include('/Users/diego/Documents/GitHub/propedia26/app/Views/entry.php')
 8 SYSTEMPATH/View/View.php(229): CodeIgniter\View\View->{closure:CodeIgniter\View\View::render():223}()
 9 SYSTEMPATH/Common.php(1167): CodeIgniter\View\View->render('entry', [], true)
10 APPPATH/Controllers/Entry.php(57): view('entry', [...])
11 SYSTEMPATH/CodeIgniter.php(933): App\Controllers\Entry->entry('1WRZ-B-A')
12 SYSTEMPATH/CodeIgniter.php(507): CodeIgniter\CodeIgniter->runController(Object(App\Controllers\Entry))
13 SYSTEMPATH/CodeIgniter.php(354): CodeIgniter\CodeIgniter->handleRequest(null, Object(Config\Cache), false)
14 SYSTEMPATH/Boot.php(363): CodeIgniter\CodeIgniter->run()
15 SYSTEMPATH/Boot.php(68): CodeIgniter\Boot::runCodeIgniter(Object(CodeIgniter\CodeIgniter))
16 FCPATH/index.php(59): CodeIgniter\Boot::bootWeb(Object(Config\Paths))
17 SYSTEMPATH/rewrite.php(44): require_once('/Users/diego/Documents/GitHub/propedia26/public/index.php')
WARNING - 2026-08-26 07:45:55 --> [DEPRECATED] ord(): Providing a string that is not one byte long is deprecated. Use ord($str[0]) instead in SYSTEMPATH/ThirdParty/Escaper/Escaper.php on line 250.
 1 SYSTEMPATH/ThirdParty/Escaper/Escaper.php(250): ord('Å')
 2 SYSTEMPATH/ThirdParty/Escaper/Escaper.php(167): Laminas\Escaper\Escaper->htmlAttrMatcher([...])
 3 [internal function]: Laminas\Escaper\Escaper->{closure:Laminas\Escaper\Escaper::__construct():167}([...])
 4 SYSTEMPATH/ThirdParty/Escaper/Escaper.php(200): preg_replace_callback('/[^a-z0-9,\\.\\-_]/iSu', Object(Closure), 'Complex ASA: Accessible surface area of the complex, given in Å². It corresponds to the ASA (complex) calculated with NACCESS, reported in the Surface section above.')
 5 SYSTEMPATH/Common.php(448): Laminas\Escaper\Escaper->escapeHtmlAttr('Complex ASA: Accessible surface area of the complex, given in Å². It corresponds to the ASA (complex) calculated with NACCESS, reported in the Surface section above.')
 6 APPPATH/Views/entry.php(590): esc('Complex ASA: Accessible surface area of the complex, given in Å². It corresponds to the ASA (complex) calculated with NACCESS, reported in the Surface section above.', 'attr')
 7 SYSTEMPATH/View/View.php(226): include('/Users/diego/Documents/GitHub/propedia26/app/Views/entry.php')
 8 SYSTEMPATH/View/View.php(229): CodeIgniter\View\View->{closure:CodeIgniter\View\View::render():223}()
 9 SYSTEMPATH/Common.php(1167): CodeIgniter\View\View->render('entry', [], true)
10 APPPATH/Controllers/Entry.php(57): view('entry', [...])
11 SYSTEMPATH/CodeIgniter.php(933): App\Controllers\Entry->entry('1WRZ-B-A')
12 SYSTEMPATH/CodeIgniter.php(507): CodeIgniter\CodeIgniter->runController(Object(App\Controllers\Entry))
13 SYSTEMPATH/CodeIgniter.php(354): CodeIgniter\CodeIgniter->handleRequest(null, Object(Config\Cache), false)
14 SYSTEMPATH/Boot.php(363): CodeIgniter\CodeIgniter->run()
15 SYSTEMPATH/Boot.php(68): CodeIgniter\Boot::runCodeIgniter(Object(CodeIgniter\CodeIgniter))
16 FCPATH/index.php(59): CodeIgniter\Boot::bootWeb(Object(Config\Paths))
17 SYSTEMPATH/rewrite.php(44): require_once('/Users/diego/Documents/GitHub/propedia26/public/index.php')
WARNING - 2026-08-26 07:45:55 --> [DEPRECATED] ord(): Providing a string that is not one byte long is deprecated. Use ord($str[0]) instead in SYSTEMPATH/ThirdParty/Escaper/Escaper.php on line 250.
 1 SYSTEMPATH/ThirdParty/Escaper/Escaper.php(250): ord('²')
 2 SYSTEMPATH/ThirdParty/Escaper/Escaper.php(167): Laminas\Escaper\Escaper->htmlAttrMatcher([...])
 3 [internal function]: Laminas\Escaper\Escaper->{closure:Laminas\Escaper\Escaper::__construct():167}([...])
 4 SYSTEMPATH/ThirdParty/Escaper/Escaper.php(200): preg_replace_callback('/[^a-z0-9,\\.\\-_]/iSu', Object(Closure), 'Complex ASA: Accessible surface area of the complex, given in Å². It corresponds to the ASA (complex) calculated with NACCESS, reported in the Surface section above.')
 5 SYSTEMPATH/Common.php(448): Laminas\Escaper\Escaper->escapeHtmlAttr('Complex ASA: Accessible surface area of the complex, given in Å². It corresponds to the ASA (complex) calculated with NACCESS, reported in the Surface section above.')
 6 APPPATH/Views/entry.php(590): esc('Complex ASA: Accessible surface area of the complex, given in Å². It corresponds to the ASA (complex) calculated with NACCESS, reported in the Surface section above.', 'attr')
 7 SYSTEMPATH/View/View.php(226): include('/Users/diego/Documents/GitHub/propedia26/app/Views/entry.php')
 8 SYSTEMPATH/View/View.php(229): CodeIgniter\View\View->{closure:CodeIgniter\View\View::render():223}()
 9 SYSTEMPATH/Common.php(1167): CodeIgniter\View\View->render('entry', [], true)
10 APPPATH/Controllers/Entry.php(57): view('entry', [...])
11 SYSTEMPATH/CodeIgniter.php(933): App\Controllers\Entry->entry('1WRZ-B-A')
12 SYSTEMPATH/CodeIgniter.php(507): CodeIgniter\CodeIgniter->runController(Object(App\Controllers\Entry))
13 SYSTEMPATH/CodeIgniter.php(354): CodeIgniter\CodeIgniter->handleRequest(null, Object(Config\Cache), false)
14 SYSTEMPATH/Boot.php(363): CodeIgniter\CodeIgniter->run()
15 SYSTEMPATH/Boot.php(68): CodeIgniter\Boot::runCodeIgniter(Object(CodeIgniter\CodeIgniter))
16 FCPATH/index.php(59): CodeIgniter\Boot::bootWeb(Object(Config\Paths))
17 SYSTEMPATH/rewrite.php(44): require_once('/Users/diego/Documents/GitHub/propedia26/public/index.php')
WARNING - 2026-08-26 07:45:55 --> [DEPRECATED] ord(): Providing a string that is not one byte long is deprecated. Use ord($str[0]) instead in SYSTEMPATH/ThirdParty/Escaper/Escaper.php on line 250.
 1 SYSTEMPATH/ThirdParty/Escaper/Escaper.php(250): ord('Å')
 2 SYSTEMPATH/ThirdParty/Escaper/Escaper.php(167): Laminas\Escaper\Escaper->htmlAttrMatcher([...])
 3 [internal function]: Laminas\Escaper\Escaper->{closure:Laminas\Escaper\Escaper::__construct():167}([...])
 4 SYSTEMPATH/ThirdParty/Escaper/Escaper.php(200): preg_replace_callback('/[^a-z0-9,\\.\\-_]/iSu', Object(Closure), 'Dissociation Area: Interface area that is broken when the complex dissociates, given in Å². It usually coincides with the interface area.')
 5 SYSTEMPATH/Common.php(448): Laminas\Escaper\Escaper->escapeHtmlAttr('Dissociation Area: Interface area that is broken when the complex dissociates, given in Å². It usually coincides with the interface area.')
 6 APPPATH/Views/entry.php(590): esc('Dissociation Area: Interface area that is broken when the complex dissociates, given in Å². It usually coincides with the interface area.', 'attr')
 7 SYSTEMPATH/View/View.php(226): include('/Users/diego/Documents/GitHub/propedia26/app/Views/entry.php')
 8 SYSTEMPATH/View/View.php(229): CodeIgniter\View\View->{closure:CodeIgniter\View\View::render():223}()
 9 SYSTEMPATH/Common.php(1167): CodeIgniter\View\View->render('entry', [], true)
10 APPPATH/Controllers/Entry.php(57): view('entry', [...])
11 SYSTEMPATH/CodeIgniter.php(933): App\Controllers\Entry->entry('1WRZ-B-A')
12 SYSTEMPATH/CodeIgniter.php(507): CodeIgniter\CodeIgniter->runController(Object(App\Controllers\Entry))
13 SYSTEMPATH/CodeIgniter.php(354): CodeIgniter\CodeIgniter->handleRequest(null, Object(Config\Cache), false)
14 SYSTEMPATH/Boot.php(363): CodeIgniter\CodeIgniter->run()
15 SYSTEMPATH/Boot.php(68): CodeIgniter\Boot::runCodeIgniter(Object(CodeIgniter\CodeIgniter))
16 FCPATH/index.php(59): CodeIgniter\Boot::bootWeb(Object(Config\Paths))
17 SYSTEMPATH/rewrite.php(44): require_once('/Users/diego/Documents/GitHub/propedia26/public/index.php')
WARNING - 2026-08-26 07:45:55 --> [DEPRECATED] ord(): Providing a string that is not one byte long is deprecated. Use ord($str[0]) instead in SYSTEMPATH/ThirdParty/Escaper/Escaper.php on line 250.
 1 SYSTEMPATH/ThirdParty/Escaper/Escaper.php(250): ord('²')
 2 SYSTEMPATH/ThirdParty/Escaper/Escaper.php(167): Laminas\Escaper\Escaper->htmlAttrMatcher([...])
 3 [internal function]: Laminas\Escaper\Escaper->{closure:Laminas\Escaper\Escaper::__construct():167}([...])
 4 SYSTEMPATH/ThirdParty/Escaper/Escaper.php(200): preg_replace_callback('/[^a-z0-9,\\.\\-_]/iSu', Object(Closure), 'Dissociation Area: Interface area that is broken when the complex dissociates, given in Å². It usually coincides with the interface area.')
 5 SYSTEMPATH/Common.php(448): Laminas\Escaper\Escaper->escapeHtmlAttr('Dissociation Area: Interface area that is broken when the complex dissociates, given in Å². It usually coincides with the interface area.')
 6 APPPATH/Views/entry.php(590): esc('Dissociation Area: Interface area that is broken when the complex dissociates, given in Å². It usually coincides with the interface area.', 'attr')
 7 SYSTEMPATH/View/View.php(226): include('/Users/diego/Documents/GitHub/propedia26/app/Views/entry.php')
 8 SYSTEMPATH/View/View.php(229): CodeIgniter\View\View->{closure:CodeIgniter\View\View::render():223}()
 9 SYSTEMPATH/Common.php(1167): CodeIgniter\View\View->render('entry', [], true)
10 APPPATH/Controllers/Entry.php(57): view('entry', [...])
11 SYSTEMPATH/CodeIgniter.php(933): App\Controllers\Entry->entry('1WRZ-B-A')
12 SYSTEMPATH/CodeIgniter.php(507): CodeIgniter\CodeIgniter->runController(Object(App\Controllers\Entry))
13 SYSTEMPATH/CodeIgniter.php(354): CodeIgniter\CodeIgniter->handleRequest(null, Object(Config\Cache), false)
14 SYSTEMPATH/Boot.php(363): CodeIgniter\CodeIgniter->run()
15 SYSTEMPATH/Boot.php(68): CodeIgniter\Boot::runCodeIgniter(Object(CodeIgniter\CodeIgniter))
16 FCPATH/index.php(59): CodeIgniter\Boot::bootWeb(Object(Config\Paths))
17 SYSTEMPATH/rewrite.php(44): require_once('/Users/diego/Documents/GitHub/propedia26/public/index.php')
WARNING - 2026-08-26 07:45:55 --> [DEPRECATED] ord(): Providing a string that is not one byte long is deprecated. Use ord($str[0]) instead in SYSTEMPATH/ThirdParty/Escaper/Escaper.php on line 250.
 1 SYSTEMPATH/ThirdParty/Escaper/Escaper.php(250): ord('Δ')
 2 SYSTEMPATH/ThirdParty/Escaper/Escaper.php(167): Laminas\Escaper\Escaper->htmlAttrMatcher([...])
 3 [internal function]: Laminas\Escaper\Escaper->{closure:Laminas\Escaper\Escaper::__construct():167}([...])
 4 SYSTEMPATH/ThirdParty/Escaper/Escaper.php(200): preg_replace_callback('/[^a-z0-9,\\.\\-_]/iSu', Object(Closure), 'Solvation Energy Gain (ΔiG): Free energy gain, in kcal/mol, obtained on formation of the interface. Negative values indicate a hydrophobic interface, which favours the association. It does not include the contribution of hydrogen bonds and salt bridges across the interface.')
 5 SYSTEMPATH/Common.php(448): Laminas\Escaper\Escaper->escapeHtmlAttr('Solvation Energy Gain (ΔiG): Free energy gain, in kcal/mol, obtained on formation of the interface. Negative values indicate a hydrophobic interface, which favours the association. It does not include the contribution of hydrogen bonds and salt bridges across the interface.')
 6 APPPATH/Views/entry.php(590): esc('Solvation Energy Gain (ΔiG): Free energy gain, in kcal/mol, obtained on formation of the interface. Negative values indicate a hydrophobic interface, which favours the association. It does not include the contribution of hydrogen bonds and salt bridges across the interface.', 'attr')
 7 SYSTEMPATH/View/View.php(226): include('/Users/diego/Documents/GitHub/propedia26/app/Views/entry.php')
 8 SYSTEMPATH/View/View.php(229): CodeIgniter\View\View->{closure:CodeIgniter\View\View::render():223}()
 9 SYSTEMPATH/Common.php(1167): CodeIgniter\View\View->render('entry', [], true)
10 APPPATH/Controllers/Entry.php(57): view('entry', [...])
11 SYSTEMPATH/CodeIgniter.php(933): App\Controllers\Entry->entry('1WRZ-B-A')
12 SYSTEMPATH/CodeIgniter.php(507): CodeIgniter\CodeIgniter->runController(Object(App\Controllers\Entry))
13 SYSTEMPATH/CodeIgniter.php(354): CodeIgniter\CodeIgniter->handleRequest(null, Object(Config\Cache), false)
14 SYSTEMPATH/Boot.php(363): CodeIgniter\CodeIgniter->run()
15 SYSTEMPATH/Boot.php(68): CodeIgniter\Boot::runCodeIgniter(Object(CodeIgniter\CodeIgniter))
16 FCPATH/index.php(59): CodeIgniter\Boot::bootWeb(Object(Config\Paths))
17 SYSTEMPATH/rewrite.php(44): require_once('/Users/diego/Documents/GitHub/propedia26/public/index.php')
WARNING - 2026-08-26 07:45:55 --> [DEPRECATED] ord(): Providing a string that is not one byte long is deprecated. Use ord($str[0]) instead in SYSTEMPATH/ThirdParty/Escaper/Escaper.php on line 250.
 1 SYSTEMPATH/ThirdParty/Escaper/Escaper.php(250): ord('Δ')
 2 SYSTEMPATH/ThirdParty/Escaper/Escaper.php(167): Laminas\Escaper\Escaper->htmlAttrMatcher([...])
 3 [internal function]: Laminas\Escaper\Escaper->{closure:Laminas\Escaper\Escaper::__construct():167}([...])
 4 SYSTEMPATH/ThirdParty/Escaper/Escaper.php(200): preg_replace_callback('/[^a-z0-9,\\.\\-_]/iSu', Object(Closure), 'ΔiG P-value: Statistical significance of the solvation energy gain. Values below 0.5 indicate an interface more hydrophobic than would be expected by chance, that is, an interface likely to be interaction-specific rather than a crystal-packing artefact.')
 5 SYSTEMPATH/Common.php(448): Laminas\Escaper\Escaper->escapeHtmlAttr('ΔiG P-value: Statistical significance of the solvation energy gain. Values below 0.5 indicate an interface more hydrophobic than would be expected by chance, that is, an interface likely to be interaction-specific rather than a crystal-packing artefact.')
 6 APPPATH/Views/entry.php(590): esc('ΔiG P-value: Statistical significance of the solvation energy gain. Values below 0.5 indicate an interface more hydrophobic than would be expected by chance, that is, an interface likely to be interaction-specific rather than a crystal-packing artefact.', 'attr')
 7 SYSTEMPATH/View/View.php(226): include('/Users/diego/Documents/GitHub/propedia26/app/Views/entry.php')
 8 SYSTEMPATH/View/View.php(229): CodeIgniter\View\View->{closure:CodeIgniter\View\View::render():223}()
 9 SYSTEMPATH/Common.php(1167): CodeIgniter\View\View->render('entry', [], true)
10 APPPATH/Controllers/Entry.php(57): view('entry', [...])
11 SYSTEMPATH/CodeIgniter.php(933): App\Controllers\Entry->entry('1WRZ-B-A')
12 SYSTEMPATH/CodeIgniter.php(507): CodeIgniter\CodeIgniter->runController(Object(App\Controllers\Entry))
13 SYSTEMPATH/CodeIgniter.php(354): CodeIgniter\CodeIgniter->handleRequest(null, Object(Config\Cache), false)
14 SYSTEMPATH/Boot.php(363): CodeIgniter\CodeIgniter->run()
15 SYSTEMPATH/Boot.php(68): CodeIgniter\Boot::runCodeIgniter(Object(CodeIgniter\CodeIgniter))
16 FCPATH/index.php(59): CodeIgniter\Boot::bootWeb(Object(Config\Paths))
17 SYSTEMPATH/rewrite.php(44): require_once('/Users/diego/Documents/GitHub/propedia26/public/index.php')
WARNING - 2026-08-26 07:45:55 --> [DEPRECATED] ord(): Providing a string that is not one byte long is deprecated. Use ord($str[0]) instead in SYSTEMPATH/ThirdParty/Escaper/Escaper.php on line 250.
 1 SYSTEMPATH/ThirdParty/Escaper/Escaper.php(250): ord('Δ')
 2 SYSTEMPATH/ThirdParty/Escaper/Escaper.php(167): Laminas\Escaper\Escaper->htmlAttrMatcher([...])
 3 [internal function]: Laminas\Escaper\Escaper->{closure:Laminas\Escaper\Escaper::__construct():167}([...])
 4 SYSTEMPATH/ThirdParty/Escaper/Escaper.php(200): preg_replace_callback('/[^a-z0-9,\\.\\-_]/iSu', Object(Closure), 'Total Interaction Energy: Solvation energy gain summed over all the interfaces of the structure, in kcal/mol. It is equal to the interface ΔiG when the structure has a single interface.')
 5 SYSTEMPATH/Common.php(448): Laminas\Escaper\Escaper->escapeHtmlAttr('Total Interaction Energy: Solvation energy gain summed over all the interfaces of the structure, in kcal/mol. It is equal to the interface ΔiG when the structure has a single interface.')
 6 APPPATH/Views/entry.php(590): esc('Total Interaction Energy: Solvation energy gain summed over all the interfaces of the structure, in kcal/mol. It is equal to the interface ΔiG when the structure has a single interface.', 'attr')
 7 SYSTEMPATH/View/View.php(226): include('/Users/diego/Documents/GitHub/propedia26/app/Views/entry.php')
 8 SYSTEMPATH/View/View.php(229): CodeIgniter\View\View->{closure:CodeIgniter\View\View::render():223}()
 9 SYSTEMPATH/Common.php(1167): CodeIgniter\View\View->render('entry', [], true)
10 APPPATH/Controllers/Entry.php(57): view('entry', [...])
11 SYSTEMPATH/CodeIgniter.php(933): App\Controllers\Entry->entry('1WRZ-B-A')
12 SYSTEMPATH/CodeIgniter.php(507): CodeIgniter\CodeIgniter->runController(Object(App\Controllers\Entry))
13 SYSTEMPATH/CodeIgniter.php(354): CodeIgniter\CodeIgniter->handleRequest(null, Object(Config\Cache), false)
14 SYSTEMPATH/Boot.php(363): CodeIgniter\CodeIgniter->run()
15 SYSTEMPATH/Boot.php(68): CodeIgniter\Boot::runCodeIgniter(Object(CodeIgniter\CodeIgniter))
16 FCPATH/index.php(59): CodeIgniter\Boot::bootWeb(Object(Config\Paths))
17 SYSTEMPATH/rewrite.php(44): require_once('/Users/diego/Documents/GitHub/propedia26/public/index.php')
WARNING - 2026-08-26 07:45:55 --> [DEPRECATED] ord(): Providing a string that is not one byte long is deprecated. Use ord($str[0]) instead in SYSTEMPATH/ThirdParty/Escaper/Escaper.php on line 250.
 1 SYSTEMPATH/ThirdParty/Escaper/Escaper.php(250): ord('Δ')
 2 SYSTEMPATH/ThirdParty/Escaper/Escaper.php(167): Laminas\Escaper\Escaper->htmlAttrMatcher([...])
 3 [internal function]: Laminas\Escaper\Escaper->{closure:Laminas\Escaper\Escaper::__construct():167}([...])
 4 SYSTEMPATH/ThirdParty/Escaper/Escaper.php(200): preg_replace_callback('/[^a-z0-9,\\.\\-_]/iSu', Object(Closure), 'Dissociation Free Energy (ΔGdiss): Free energy required to dissociate the complex, in kcal/mol. Positive values indicate a thermodynamically stable complex. It is the PISA counterpart of the binding affinity predicted by PRODIGY, reported in the Interaction energy section above with the opposite sign.')
 5 SYSTEMPATH/Common.php(448): Laminas\Escaper\Escaper->escapeHtmlAttr('Dissociation Free Energy (ΔGdiss): Free energy required to dissociate the complex, in kcal/mol. Positive values indicate a thermodynamically stable complex. It is the PISA counterpart of the binding affinity predicted by PRODIGY, reported in the Interaction energy section above with the opposite sign.')
 6 APPPATH/Views/entry.php(590): esc('Dissociation Free Energy (ΔGdiss): Free energy required to dissociate the complex, in kcal/mol. Positive values indicate a thermodynamically stable complex. It is the PISA counterpart of the binding affinity predicted by PRODIGY, reported in the Interaction energy section above with the opposite sign.', 'attr')
 7 SYSTEMPATH/View/View.php(226): include('/Users/diego/Documents/GitHub/propedia26/app/Views/entry.php')
 8 SYSTEMPATH/View/View.php(229): CodeIgniter\View\View->{closure:CodeIgniter\View\View::render():223}()
 9 SYSTEMPATH/Common.php(1167): CodeIgniter\View\View->render('entry', [], true)
10 APPPATH/Controllers/Entry.php(57): view('entry', [...])
11 SYSTEMPATH/CodeIgniter.php(933): App\Controllers\Entry->entry('1WRZ-B-A')
12 SYSTEMPATH/CodeIgniter.php(507): CodeIgniter\CodeIgniter->runController(Object(App\Controllers\Entry))
13 SYSTEMPATH/CodeIgniter.php(354): CodeIgniter\CodeIgniter->handleRequest(null, Object(Config\Cache), false)
14 SYSTEMPATH/Boot.php(363): CodeIgniter\CodeIgniter->run()
15 SYSTEMPATH/Boot.php(68): CodeIgniter\Boot::runCodeIgniter(Object(CodeIgniter\CodeIgniter))
16 FCPATH/index.php(59): CodeIgniter\Boot::bootWeb(Object(Config\Paths))
17 SYSTEMPATH/rewrite.php(44): require_once('/Users/diego/Documents/GitHub/propedia26/public/index.php')
WARNING - 2026-08-26 07:45:55 --> [DEPRECATED] ord(): Providing a string that is not one byte long is deprecated. Use ord($str[0]) instead in SYSTEMPATH/ThirdParty/Escaper/Escaper.php on line 250.
 1 SYSTEMPATH/ThirdParty/Escaper/Escaper.php(250): ord('Δ')
 2 SYSTEMPATH/ThirdParty/Escaper/Escaper.php(167): Laminas\Escaper\Escaper->htmlAttrMatcher([...])
 3 [internal function]: Laminas\Escaper\Escaper->{closure:Laminas\Escaper\Escaper::__construct():167}([...])
 4 SYSTEMPATH/ThirdParty/Escaper/Escaper.php(200): preg_replace_callback('/[^a-z0-9,\\.\\-_]/iSu', Object(Closure), 'Dissociation Entropy (TΔS): Entropic cost of the association, in kcal/mol. It always opposes the formation of the complex and is taken into account in the calculation of ΔGdiss.')
 5 SYSTEMPATH/Common.php(448): Laminas\Escaper\Escaper->escapeHtmlAttr('Dissociation Entropy (TΔS): Entropic cost of the association, in kcal/mol. It always opposes the formation of the complex and is taken into account in the calculation of ΔGdiss.')
 6 APPPATH/Views/entry.php(590): esc('Dissociation Entropy (TΔS): Entropic cost of the association, in kcal/mol. It always opposes the formation of the complex and is taken into account in the calculation of ΔGdiss.', 'attr')
 7 SYSTEMPATH/View/View.php(226): include('/Users/diego/Documents/GitHub/propedia26/app/Views/entry.php')
 8 SYSTEMPATH/View/View.php(229): CodeIgniter\View\View->{closure:CodeIgniter\View\View::render():223}()
 9 SYSTEMPATH/Common.php(1167): CodeIgniter\View\View->render('entry', [], true)
10 APPPATH/Controllers/Entry.php(57): view('entry', [...])
11 SYSTEMPATH/CodeIgniter.php(933): App\Controllers\Entry->entry('1WRZ-B-A')
12 SYSTEMPATH/CodeIgniter.php(507): CodeIgniter\CodeIgniter->runController(Object(App\Controllers\Entry))
13 SYSTEMPATH/CodeIgniter.php(354): CodeIgniter\CodeIgniter->handleRequest(null, Object(Config\Cache), false)
14 SYSTEMPATH/Boot.php(363): CodeIgniter\CodeIgniter->run()
15 SYSTEMPATH/Boot.php(68): CodeIgniter\Boot::runCodeIgniter(Object(CodeIgniter\CodeIgniter))
16 FCPATH/index.php(59): CodeIgniter\Boot::bootWeb(Object(Config\Paths))
17 SYSTEMPATH/rewrite.php(44): require_once('/Users/diego/Documents/GitHub/propedia26/public/index.php')
WARNING - 2026-08-26 07:45:55 --> [DEPRECATED] ord(): Providing a string that is not one byte long is deprecated. Use ord($str[0]) instead in SYSTEMPATH/ThirdParty/Escaper/Escaper.php on line 250.
 1 SYSTEMPATH/ThirdParty/Escaper/Escaper.php(250): ord('Δ')
 2 SYSTEMPATH/ThirdParty/Escaper/Escaper.php(167): Laminas\Escaper\Escaper->htmlAttrMatcher([...])
 3 [internal function]: Laminas\Escaper\Escaper->{closure:Laminas\Escaper\Escaper::__construct():167}([...])
 4 SYSTEMPATH/ThirdParty/Escaper/Escaper.php(200): preg_replace_callback('/[^a-z0-9,\\.\\-_]/iSu', Object(Closure), 'Dissociation Entropy (TΔS): Entropic cost of the association, in kcal/mol. It always opposes the formation of the complex and is taken into account in the calculation of ΔGdiss.')
 5 SYSTEMPATH/Common.php(448): Laminas\Escaper\Escaper->escapeHtmlAttr('Dissociation Entropy (TΔS): Entropic cost of the association, in kcal/mol. It always opposes the formation of the complex and is taken into account in the calculation of ΔGdiss.')
 6 APPPATH/Views/entry.php(590): esc('Dissociation Entropy (TΔS): Entropic cost of the association, in kcal/mol. It always opposes the formation of the complex and is taken into account in the calculation of ΔGdiss.', 'attr')
 7 SYSTEMPATH/View/View.php(226): include('/Users/diego/Documents/GitHub/propedia26/app/Views/entry.php')
 8 SYSTEMPATH/View/View.php(229): CodeIgniter\View\View->{closure:CodeIgniter\View\View::render():223}()
 9 SYSTEMPATH/Common.php(1167): CodeIgniter\View\View->render('entry', [], true)
10 APPPATH/Controllers/Entry.php(57): view('entry', [...])
11 SYSTEMPATH/CodeIgniter.php(933): App\Controllers\Entry->entry('1WRZ-B-A')
12 SYSTEMPATH/CodeIgniter.php(507): CodeIgniter\CodeIgniter->runController(Object(App\Controllers\Entry))
13 SYSTEMPATH/CodeIgniter.php(354): CodeIgniter\CodeIgniter->handleRequest(null, Object(Config\Cache), false)
14 SYSTEMPATH/Boot.php(363): CodeIgniter\CodeIgniter->run()
15 SYSTEMPATH/Boot.php(68): CodeIgniter\Boot::runCodeIgniter(Object(CodeIgniter\CodeIgniter))
16 FCPATH/index.php(59): CodeIgniter\Boot::bootWeb(Object(Config\Paths))
17 SYSTEMPATH/rewrite.php(44): require_once('/Users/diego/Documents/GitHub/propedia26/public/index.php')
DEBUG - 2026-08-26 07:45:55 --> Session: Class initialized using 'CodeIgniter\Session\Handlers\FileHandler' driver.
WARNING - 2026-08-26 07:46:04 --> [DEPRECATED] fgetcsv(): the $escape parameter must be provided as its default value will change in APPPATH/Controllers/Entry.php on line 37.
 1 APPPATH/Controllers/Entry.php(37): fgetcsv(resource (stream), 0, ';')
 2 SYSTEMPATH/CodeIgniter.php(933): App\Controllers\Entry->entry('1WRZ-B-A')
 3 SYSTEMPATH/CodeIgniter.php(507): CodeIgniter\CodeIgniter->runController(Object(App\Controllers\Entry))
 4 SYSTEMPATH/CodeIgniter.php(354): CodeIgniter\CodeIgniter->handleRequest(null, Object(Config\Cache), false)
 5 SYSTEMPATH/Boot.php(363): CodeIgniter\CodeIgniter->run()
 6 SYSTEMPATH/Boot.php(68): CodeIgniter\Boot::runCodeIgniter(Object(CodeIgniter\CodeIgniter))
 7 FCPATH/index.php(59): CodeIgniter\Boot::bootWeb(Object(Config\Paths))
 8 SYSTEMPATH/rewrite.php(44): require_once('/Users/diego/Documents/GitHub/propedia26/public/index.php')
WARNING - 2026-08-26 07:46:04 --> [DEPRECATED] ord(): Providing a string that is not one byte long is deprecated. Use ord($str[0]) instead in SYSTEMPATH/ThirdParty/Escaper/Escaper.php on line 250.
 1 SYSTEMPATH/ThirdParty/Escaper/Escaper.php(250): ord('Å')
 2 SYSTEMPATH/ThirdParty/Escaper/Escaper.php(167): Laminas\Escaper\Escaper->htmlAttrMatcher([...])
 3 [internal function]: Laminas\Escaper\Escaper->{closure:Laminas\Escaper\Escaper::__construct():167}([...])
 4 SYSTEMPATH/ThirdParty/Escaper/Escaper.php(200): preg_replace_callback('/[^a-z0-9,\\.\\-_]/iSu', Object(Closure), 'Interface Area: Area of one face of the protein-peptide interface, given in Å². It corresponds to the BSA calculated with NACCESS, reported in the Surface section above.')
 5 SYSTEMPATH/Common.php(448): Laminas\Escaper\Escaper->escapeHtmlAttr('Interface Area: Area of one face of the protein-peptide interface, given in Å². It corresponds to the BSA calculated with NACCESS, reported in the Surface section above.')
 6 APPPATH/Views/entry.php(590): esc('Interface Area: Area of one face of the protein-peptide interface, given in Å². It corresponds to the BSA calculated with NACCESS, reported in the Surface section above.', 'attr')
 7 SYSTEMPATH/View/View.php(226): include('/Users/diego/Documents/GitHub/propedia26/app/Views/entry.php')
 8 SYSTEMPATH/View/View.php(229): CodeIgniter\View\View->{closure:CodeIgniter\View\View::render():223}()
 9 SYSTEMPATH/Common.php(1167): CodeIgniter\View\View->render('entry', [], true)
10 APPPATH/Controllers/Entry.php(57): view('entry', [...])
11 SYSTEMPATH/CodeIgniter.php(933): App\Controllers\Entry->entry('1WRZ-B-A')
12 SYSTEMPATH/CodeIgniter.php(507): CodeIgniter\CodeIgniter->runController(Object(App\Controllers\Entry))
13 SYSTEMPATH/CodeIgniter.php(354): CodeIgniter\CodeIgniter->handleRequest(null, Object(Config\Cache), false)
14 SYSTEMPATH/Boot.php(363): CodeIgniter\CodeIgniter->run()
15 SYSTEMPATH/Boot.php(68): CodeIgniter\Boot::runCodeIgniter(Object(CodeIgniter\CodeIgniter))
16 FCPATH/index.php(59): CodeIgniter\Boot::bootWeb(Object(Config\Paths))
17 SYSTEMPATH/rewrite.php(44): require_once('/Users/diego/Documents/GitHub/propedia26/public/index.php')
WARNING - 2026-08-26 07:46:04 --> [DEPRECATED] ord(): Providing a string that is not one byte long is deprecated. Use ord($str[0]) instead in SYSTEMPATH/ThirdParty/Escaper/Escaper.php on line 250.
 1 SYSTEMPATH/ThirdParty/Escaper/Escaper.php(250): ord('²')
 2 SYSTEMPATH/ThirdParty/Escaper/Escaper.php(167): Laminas\Escaper\Escaper->htmlAttrMatcher([...])
 3 [internal function]: Laminas\Escaper\Escaper->{closure:Laminas\Escaper\Escaper::__construct():167}([...])
 4 SYSTEMPATH/ThirdParty/Escaper/Escaper.php(200): preg_replace_callback('/[^a-z0-9,\\.\\-_]/iSu', Object(Closure), 'Interface Area: Area of one face of the protein-peptide interface, given in Å². It corresponds to the BSA calculated with NACCESS, reported in the Surface section above.')
 5 SYSTEMPATH/Common.php(448): Laminas\Escaper\Escaper->escapeHtmlAttr('Interface Area: Area of one face of the protein-peptide interface, given in Å². It corresponds to the BSA calculated with NACCESS, reported in the Surface section above.')
 6 APPPATH/Views/entry.php(590): esc('Interface Area: Area of one face of the protein-peptide interface, given in Å². It corresponds to the BSA calculated with NACCESS, reported in the Surface section above.', 'attr')
 7 SYSTEMPATH/View/View.php(226): include('/Users/diego/Documents/GitHub/propedia26/app/Views/entry.php')
 8 SYSTEMPATH/View/View.php(229): CodeIgniter\View\View->{closure:CodeIgniter\View\View::render():223}()
 9 SYSTEMPATH/Common.php(1167): CodeIgniter\View\View->render('entry', [], true)
10 APPPATH/Controllers/Entry.php(57): view('entry', [...])
11 SYSTEMPATH/CodeIgniter.php(933): App\Controllers\Entry->entry('1WRZ-B-A')
12 SYSTEMPATH/CodeIgniter.php(507): CodeIgniter\CodeIgniter->runController(Object(App\Controllers\Entry))
13 SYSTEMPATH/CodeIgniter.php(354): CodeIgniter\CodeIgniter->handleRequest(null, Object(Config\Cache), false)
14 SYSTEMPATH/Boot.php(363): CodeIgniter\CodeIgniter->run()
15 SYSTEMPATH/Boot.php(68): CodeIgniter\Boot::runCodeIgniter(Object(CodeIgniter\CodeIgniter))
16 FCPATH/index.php(59): CodeIgniter\Boot::bootWeb(Object(Config\Paths))
17 SYSTEMPATH/rewrite.php(44): require_once('/Users/diego/Documents/GitHub/propedia26/public/index.php')
WARNING - 2026-08-26 07:46:04 --> [DEPRECATED] ord(): Providing a string that is not one byte long is deprecated. Use ord($str[0]) instead in SYSTEMPATH/ThirdParty/Escaper/Escaper.php on line 250.
 1 SYSTEMPATH/ThirdParty/Escaper/Escaper.php(250): ord('Å')
 2 SYSTEMPATH/ThirdParty/Escaper/Escaper.php(167): Laminas\Escaper\Escaper->htmlAttrMatcher([...])
 3 [internal function]: Laminas\Escaper\Escaper->{closure:Laminas\Escaper\Escaper::__construct():167}([...])
 4 SYSTEMPATH/ThirdParty/Escaper/Escaper.php(200): preg_replace_callback('/[^a-z0-9,\\.\\-_]/iSu', Object(Closure), 'Buried Area (peptide): Peptide surface area that becomes buried upon formation of the interface (value given in Å²).')
 5 SYSTEMPATH/Common.php(448): Laminas\Escaper\Escaper->escapeHtmlAttr('Buried Area (peptide): Peptide surface area that becomes buried upon formation of the interface (value given in Å²).')
 6 APPPATH/Views/entry.php(590): esc('Buried Area (peptide): Peptide surface area that becomes buried upon formation of the interface (value given in Å²).', 'attr')
 7 SYSTEMPATH/View/View.php(226): include('/Users/diego/Documents/GitHub/propedia26/app/Views/entry.php')
 8 SYSTEMPATH/View/View.php(229): CodeIgniter\View\View->{closure:CodeIgniter\View\View::render():223}()
 9 SYSTEMPATH/Common.php(1167): CodeIgniter\View\View->render('entry', [], true)
10 APPPATH/Controllers/Entry.php(57): view('entry', [...])
11 SYSTEMPATH/CodeIgniter.php(933): App\Controllers\Entry->entry('1WRZ-B-A')
12 SYSTEMPATH/CodeIgniter.php(507): CodeIgniter\CodeIgniter->runController(Object(App\Controllers\Entry))
13 SYSTEMPATH/CodeIgniter.php(354): CodeIgniter\CodeIgniter->handleRequest(null, Object(Config\Cache), false)
14 SYSTEMPATH/Boot.php(363): CodeIgniter\CodeIgniter->run()
15 SYSTEMPATH/Boot.php(68): CodeIgniter\Boot::runCodeIgniter(Object(CodeIgniter\CodeIgniter))
16 FCPATH/index.php(59): CodeIgniter\Boot::bootWeb(Object(Config\Paths))
17 SYSTEMPATH/rewrite.php(44): require_once('/Users/diego/Documents/GitHub/propedia26/public/index.php')
WARNING - 2026-08-26 07:46:04 --> [DEPRECATED] ord(): Providing a string that is not one byte long is deprecated. Use ord($str[0]) instead in SYSTEMPATH/ThirdParty/Escaper/Escaper.php on line 250.
 1 SYSTEMPATH/ThirdParty/Escaper/Escaper.php(250): ord('²')
 2 SYSTEMPATH/ThirdParty/Escaper/Escaper.php(167): Laminas\Escaper\Escaper->htmlAttrMatcher([...])
 3 [internal function]: Laminas\Escaper\Escaper->{closure:Laminas\Escaper\Escaper::__construct():167}([...])
 4 SYSTEMPATH/ThirdParty/Escaper/Escaper.php(200): preg_replace_callback('/[^a-z0-9,\\.\\-_]/iSu', Object(Closure), 'Buried Area (peptide): Peptide surface area that becomes buried upon formation of the interface (value given in Å²).')
 5 SYSTEMPATH/Common.php(448): Laminas\Escaper\Escaper->escapeHtmlAttr('Buried Area (peptide): Peptide surface area that becomes buried upon formation of the interface (value given in Å²).')
 6 APPPATH/Views/entry.php(590): esc('Buried Area (peptide): Peptide surface area that becomes buried upon formation of the interface (value given in Å²).', 'attr')
 7 SYSTEMPATH/View/View.php(226): include('/Users/diego/Documents/GitHub/propedia26/app/Views/entry.php')
 8 SYSTEMPATH/View/View.php(229): CodeIgniter\View\View->{closure:CodeIgniter\View\View::render():223}()
 9 SYSTEMPATH/Common.php(1167): CodeIgniter\View\View->render('entry', [], true)
10 APPPATH/Controllers/Entry.php(57): view('entry', [...])
11 SYSTEMPATH/CodeIgniter.php(933): App\Controllers\Entry->entry('1WRZ-B-A')
12 SYSTEMPATH/CodeIgniter.php(507): CodeIgniter\CodeIgniter->runController(Object(App\Controllers\Entry))
13 SYSTEMPATH/CodeIgniter.php(354): CodeIgniter\CodeIgniter->handleRequest(null, Object(Config\Cache), false)
14 SYSTEMPATH/Boot.php(363): CodeIgniter\CodeIgniter->run()
15 SYSTEMPATH/Boot.php(68): CodeIgniter\Boot::runCodeIgniter(Object(CodeIgniter\CodeIgniter))
16 FCPATH/index.php(59): CodeIgniter\Boot::bootWeb(Object(Config\Paths))
17 SYSTEMPATH/rewrite.php(44): require_once('/Users/diego/Documents/GitHub/propedia26/public/index.php')
WARNING - 2026-08-26 07:46:04 --> [DEPRECATED] ord(): Providing a string that is not one byte long is deprecated. Use ord($str[0]) instead in SYSTEMPATH/ThirdParty/Escaper/Escaper.php on line 250.
 1 SYSTEMPATH/ThirdParty/Escaper/Escaper.php(250): ord('Å')
 2 SYSTEMPATH/ThirdParty/Escaper/Escaper.php(167): Laminas\Escaper\Escaper->htmlAttrMatcher([...])
 3 [internal function]: Laminas\Escaper\Escaper->{closure:Laminas\Escaper\Escaper::__construct():167}([...])
 4 SYSTEMPATH/ThirdParty/Escaper/Escaper.php(200): preg_replace_callback('/[^a-z0-9,\\.\\-_]/iSu', Object(Closure), 'Buried Area (protein): Protein surface area that becomes buried upon formation of the interface (value given in Å²).')
 5 SYSTEMPATH/Common.php(448): Laminas\Escaper\Escaper->escapeHtmlAttr('Buried Area (protein): Protein surface area that becomes buried upon formation of the interface (value given in Å²).')
 6 APPPATH/Views/entry.php(590): esc('Buried Area (protein): Protein surface area that becomes buried upon formation of the interface (value given in Å²).', 'attr')
 7 SYSTEMPATH/View/View.php(226): include('/Users/diego/Documents/GitHub/propedia26/app/Views/entry.php')
 8 SYSTEMPATH/View/View.php(229): CodeIgniter\View\View->{closure:CodeIgniter\View\View::render():223}()
 9 SYSTEMPATH/Common.php(1167): CodeIgniter\View\View->render('entry', [], true)
10 APPPATH/Controllers/Entry.php(57): view('entry', [...])
11 SYSTEMPATH/CodeIgniter.php(933): App\Controllers\Entry->entry('1WRZ-B-A')
12 SYSTEMPATH/CodeIgniter.php(507): CodeIgniter\CodeIgniter->runController(Object(App\Controllers\Entry))
13 SYSTEMPATH/CodeIgniter.php(354): CodeIgniter\CodeIgniter->handleRequest(null, Object(Config\Cache), false)
14 SYSTEMPATH/Boot.php(363): CodeIgniter\CodeIgniter->run()
15 SYSTEMPATH/Boot.php(68): CodeIgniter\Boot::runCodeIgniter(Object(CodeIgniter\CodeIgniter))
16 FCPATH/index.php(59): CodeIgniter\Boot::bootWeb(Object(Config\Paths))
17 SYSTEMPATH/rewrite.php(44): require_once('/Users/diego/Documents/GitHub/propedia26/public/index.php')
WARNING - 2026-08-26 07:46:04 --> [DEPRECATED] ord(): Providing a string that is not one byte long is deprecated. Use ord($str[0]) instead in SYSTEMPATH/ThirdParty/Escaper/Escaper.php on line 250.
 1 SYSTEMPATH/ThirdParty/Escaper/Escaper.php(250): ord('²')
 2 SYSTEMPATH/ThirdParty/Escaper/Escaper.php(167): Laminas\Escaper\Escaper->htmlAttrMatcher([...])
 3 [internal function]: Laminas\Escaper\Escaper->{closure:Laminas\Escaper\Escaper::__construct():167}([...])
 4 SYSTEMPATH/ThirdParty/Escaper/Escaper.php(200): preg_replace_callback('/[^a-z0-9,\\.\\-_]/iSu', Object(Closure), 'Buried Area (protein): Protein surface area that becomes buried upon formation of the interface (value given in Å²).')
 5 SYSTEMPATH/Common.php(448): Laminas\Escaper\Escaper->escapeHtmlAttr('Buried Area (protein): Protein surface area that becomes buried upon formation of the interface (value given in Å²).')
 6 APPPATH/Views/entry.php(590): esc('Buried Area (protein): Protein surface area that becomes buried upon formation of the interface (value given in Å²).', 'attr')
 7 SYSTEMPATH/View/View.php(226): include('/Users/diego/Documents/GitHub/propedia26/app/Views/entry.php')
 8 SYSTEMPATH/View/View.php(229): CodeIgniter\View\View->{closure:CodeIgniter\View\View::render():223}()
 9 SYSTEMPATH/Common.php(1167): CodeIgniter\View\View->render('entry', [], true)
10 APPPATH/Controllers/Entry.php(57): view('entry', [...])
11 SYSTEMPATH/CodeIgniter.php(933): App\Controllers\Entry->entry('1WRZ-B-A')
12 SYSTEMPATH/CodeIgniter.php(507): CodeIgniter\CodeIgniter->runController(Object(App\Controllers\Entry))
13 SYSTEMPATH/CodeIgniter.php(354): CodeIgniter\CodeIgniter->handleRequest(null, Object(Config\Cache), false)
14 SYSTEMPATH/Boot.php(363): CodeIgniter\CodeIgniter->run()
15 SYSTEMPATH/Boot.php(68): CodeIgniter\Boot::runCodeIgniter(Object(CodeIgniter\CodeIgniter))
16 FCPATH/index.php(59): CodeIgniter\Boot::bootWeb(Object(Config\Paths))
17 SYSTEMPATH/rewrite.php(44): require_once('/Users/diego/Documents/GitHub/propedia26/public/index.php')
WARNING - 2026-08-26 07:46:04 --> [DEPRECATED] ord(): Providing a string that is not one byte long is deprecated. Use ord($str[0]) instead in SYSTEMPATH/ThirdParty/Escaper/Escaper.php on line 250.
 1 SYSTEMPATH/ThirdParty/Escaper/Escaper.php(250): ord('Å')
 2 SYSTEMPATH/ThirdParty/Escaper/Escaper.php(167): Laminas\Escaper\Escaper->htmlAttrMatcher([...])
 3 [internal function]: Laminas\Escaper\Escaper->{closure:Laminas\Escaper\Escaper::__construct():167}([...])
 4 SYSTEMPATH/ThirdParty/Escaper/Escaper.php(200): preg_replace_callback('/[^a-z0-9,\\.\\-_]/iSu', Object(Closure), 'Total Buried Area: Total surface area buried by the association, counting both faces of the interface, in Å². It is therefore about twice the BSA reported by NACCESS, which counts a single face.')
 5 SYSTEMPATH/Common.php(448): Laminas\Escaper\Escaper->escapeHtmlAttr('Total Buried Area: Total surface area buried by the association, counting both faces of the interface, in Å². It is therefore about twice the BSA reported by NACCESS, which counts a single face.')
 6 APPPATH/Views/entry.php(590): esc('Total Buried Area: Total surface area buried by the association, counting both faces of the interface, in Å². It is therefore about twice the BSA reported by NACCESS, which counts a single face.', 'attr')
 7 SYSTEMPATH/View/View.php(226): include('/Users/diego/Documents/GitHub/propedia26/app/Views/entry.php')
 8 SYSTEMPATH/View/View.php(229): CodeIgniter\View\View->{closure:CodeIgniter\View\View::render():223}()
 9 SYSTEMPATH/Common.php(1167): CodeIgniter\View\View->render('entry', [], true)
10 APPPATH/Controllers/Entry.php(57): view('entry', [...])
11 SYSTEMPATH/CodeIgniter.php(933): App\Controllers\Entry->entry('1WRZ-B-A')
12 SYSTEMPATH/CodeIgniter.php(507): CodeIgniter\CodeIgniter->runController(Object(App\Controllers\Entry))
13 SYSTEMPATH/CodeIgniter.php(354): CodeIgniter\CodeIgniter->handleRequest(null, Object(Config\Cache), false)
14 SYSTEMPATH/Boot.php(363): CodeIgniter\CodeIgniter->run()
15 SYSTEMPATH/Boot.php(68): CodeIgniter\Boot::runCodeIgniter(Object(CodeIgniter\CodeIgniter))
16 FCPATH/index.php(59): CodeIgniter\Boot::bootWeb(Object(Config\Paths))
17 SYSTEMPATH/rewrite.php(44): require_once('/Users/diego/Documents/GitHub/propedia26/public/index.php')
WARNING - 2026-08-26 07:46:04 --> [DEPRECATED] ord(): Providing a string that is not one byte long is deprecated. Use ord($str[0]) instead in SYSTEMPATH/ThirdParty/Escaper/Escaper.php on line 250.
 1 SYSTEMPATH/ThirdParty/Escaper/Escaper.php(250): ord('²')
 2 SYSTEMPATH/ThirdParty/Escaper/Escaper.php(167): Laminas\Escaper\Escaper->htmlAttrMatcher([...])
 3 [internal function]: Laminas\Escaper\Escaper->{closure:Laminas\Escaper\Escaper::__construct():167}([...])
 4 SYSTEMPATH/ThirdParty/Escaper/Escaper.php(200): preg_replace_callback('/[^a-z0-9,\\.\\-_]/iSu', Object(Closure), 'Total Buried Area: Total surface area buried by the association, counting both faces of the interface, in Å². It is therefore about twice the BSA reported by NACCESS, which counts a single face.')
 5 SYSTEMPATH/Common.php(448): Laminas\Escaper\Escaper->escapeHtmlAttr('Total Buried Area: Total surface area buried by the association, counting both faces of the interface, in Å². It is therefore about twice the BSA reported by NACCESS, which counts a single face.')
 6 APPPATH/Views/entry.php(590): esc('Total Buried Area: Total surface area buried by the association, counting both faces of the interface, in Å². It is therefore about twice the BSA reported by NACCESS, which counts a single face.', 'attr')
 7 SYSTEMPATH/View/View.php(226): include('/Users/diego/Documents/GitHub/propedia26/app/Views/entry.php')
 8 SYSTEMPATH/View/View.php(229): CodeIgniter\View\View->{closure:CodeIgniter\View\View::render():223}()
 9 SYSTEMPATH/Common.php(1167): CodeIgniter\View\View->render('entry', [], true)
10 APPPATH/Controllers/Entry.php(57): view('entry', [...])
11 SYSTEMPATH/CodeIgniter.php(933): App\Controllers\Entry->entry('1WRZ-B-A')
12 SYSTEMPATH/CodeIgniter.php(507): CodeIgniter\CodeIgniter->runController(Object(App\Controllers\Entry))
13 SYSTEMPATH/CodeIgniter.php(354): CodeIgniter\CodeIgniter->handleRequest(null, Object(Config\Cache), false)
14 SYSTEMPATH/Boot.php(363): CodeIgniter\CodeIgniter->run()
15 SYSTEMPATH/Boot.php(68): CodeIgniter\Boot::runCodeIgniter(Object(CodeIgniter\CodeIgniter))
16 FCPATH/index.php(59): CodeIgniter\Boot::bootWeb(Object(Config\Paths))
17 SYSTEMPATH/rewrite.php(44): require_once('/Users/diego/Documents/GitHub/propedia26/public/index.php')
WARNING - 2026-08-26 07:46:04 --> [DEPRECATED] ord(): Providing a string that is not one byte long is deprecated. Use ord($str[0]) instead in SYSTEMPATH/ThirdParty/Escaper/Escaper.php on line 250.
 1 SYSTEMPATH/ThirdParty/Escaper/Escaper.php(250): ord('Å')
 2 SYSTEMPATH/ThirdParty/Escaper/Escaper.php(167): Laminas\Escaper\Escaper->htmlAttrMatcher([...])
 3 [internal function]: Laminas\Escaper\Escaper->{closure:Laminas\Escaper\Escaper::__construct():167}([...])
 4 SYSTEMPATH/ThirdParty/Escaper/Escaper.php(200): preg_replace_callback('/[^a-z0-9,\\.\\-_]/iSu', Object(Closure), 'Complex ASA: Accessible surface area of the complex, given in Å². It corresponds to the ASA (complex) calculated with NACCESS, reported in the Surface section above.')
 5 SYSTEMPATH/Common.php(448): Laminas\Escaper\Escaper->escapeHtmlAttr('Complex ASA: Accessible surface area of the complex, given in Å². It corresponds to the ASA (complex) calculated with NACCESS, reported in the Surface section above.')
 6 APPPATH/Views/entry.php(590): esc('Complex ASA: Accessible surface area of the complex, given in Å². It corresponds to the ASA (complex) calculated with NACCESS, reported in the Surface section above.', 'attr')
 7 SYSTEMPATH/View/View.php(226): include('/Users/diego/Documents/GitHub/propedia26/app/Views/entry.php')
 8 SYSTEMPATH/View/View.php(229): CodeIgniter\View\View->{closure:CodeIgniter\View\View::render():223}()
 9 SYSTEMPATH/Common.php(1167): CodeIgniter\View\View->render('entry', [], true)
10 APPPATH/Controllers/Entry.php(57): view('entry', [...])
11 SYSTEMPATH/CodeIgniter.php(933): App\Controllers\Entry->entry('1WRZ-B-A')
12 SYSTEMPATH/CodeIgniter.php(507): CodeIgniter\CodeIgniter->runController(Object(App\Controllers\Entry))
13 SYSTEMPATH/CodeIgniter.php(354): CodeIgniter\CodeIgniter->handleRequest(null, Object(Config\Cache), false)
14 SYSTEMPATH/Boot.php(363): CodeIgniter\CodeIgniter->run()
15 SYSTEMPATH/Boot.php(68): CodeIgniter\Boot::runCodeIgniter(Object(CodeIgniter\CodeIgniter))
16 FCPATH/index.php(59): CodeIgniter\Boot::bootWeb(Object(Config\Paths))
17 SYSTEMPATH/rewrite.php(44): require_once('/Users/diego/Documents/GitHub/propedia26/public/index.php')
WARNING - 2026-08-26 07:46:04 --> [DEPRECATED] ord(): Providing a string that is not one byte long is deprecated. Use ord($str[0]) instead in SYSTEMPATH/ThirdParty/Escaper/Escaper.php on line 250.
 1 SYSTEMPATH/ThirdParty/Escaper/Escaper.php(250): ord('²')
 2 SYSTEMPATH/ThirdParty/Escaper/Escaper.php(167): Laminas\Escaper\Escaper->htmlAttrMatcher([...])
 3 [internal function]: Laminas\Escaper\Escaper->{closure:Laminas\Escaper\Escaper::__construct():167}([...])
 4 SYSTEMPATH/ThirdParty/Escaper/Escaper.php(200): preg_replace_callback('/[^a-z0-9,\\.\\-_]/iSu', Object(Closure), 'Complex ASA: Accessible surface area of the complex, given in Å². It corresponds to the ASA (complex) calculated with NACCESS, reported in the Surface section above.')
 5 SYSTEMPATH/Common.php(448): Laminas\Escaper\Escaper->escapeHtmlAttr('Complex ASA: Accessible surface area of the complex, given in Å². It corresponds to the ASA (complex) calculated with NACCESS, reported in the Surface section above.')
 6 APPPATH/Views/entry.php(590): esc('Complex ASA: Accessible surface area of the complex, given in Å². It corresponds to the ASA (complex) calculated with NACCESS, reported in the Surface section above.', 'attr')
 7 SYSTEMPATH/View/View.php(226): include('/Users/diego/Documents/GitHub/propedia26/app/Views/entry.php')
 8 SYSTEMPATH/View/View.php(229): CodeIgniter\View\View->{closure:CodeIgniter\View\View::render():223}()
 9 SYSTEMPATH/Common.php(1167): CodeIgniter\View\View->render('entry', [], true)
10 APPPATH/Controllers/Entry.php(57): view('entry', [...])
11 SYSTEMPATH/CodeIgniter.php(933): App\Controllers\Entry->entry('1WRZ-B-A')
12 SYSTEMPATH/CodeIgniter.php(507): CodeIgniter\CodeIgniter->runController(Object(App\Controllers\Entry))
13 SYSTEMPATH/CodeIgniter.php(354): CodeIgniter\CodeIgniter->handleRequest(null, Object(Config\Cache), false)
14 SYSTEMPATH/Boot.php(363): CodeIgniter\CodeIgniter->run()
15 SYSTEMPATH/Boot.php(68): CodeIgniter\Boot::runCodeIgniter(Object(CodeIgniter\CodeIgniter))
16 FCPATH/index.php(59): CodeIgniter\Boot::bootWeb(Object(Config\Paths))
17 SYSTEMPATH/rewrite.php(44): require_once('/Users/diego/Documents/GitHub/propedia26/public/index.php')
WARNING - 2026-08-26 07:46:04 --> [DEPRECATED] ord(): Providing a string that is not one byte long is deprecated. Use ord($str[0]) instead in SYSTEMPATH/ThirdParty/Escaper/Escaper.php on line 250.
 1 SYSTEMPATH/ThirdParty/Escaper/Escaper.php(250): ord('Å')
 2 SYSTEMPATH/ThirdParty/Escaper/Escaper.php(167): Laminas\Escaper\Escaper->htmlAttrMatcher([...])
 3 [internal function]: Laminas\Escaper\Escaper->{closure:Laminas\Escaper\Escaper::__construct():167}([...])
 4 SYSTEMPATH/ThirdParty/Escaper/Escaper.php(200): preg_replace_callback('/[^a-z0-9,\\.\\-_]/iSu', Object(Closure), 'Dissociation Area: Interface area that is broken when the complex dissociates, given in Å². It usually coincides with the interface area.')
 5 SYSTEMPATH/Common.php(448): Laminas\Escaper\Escaper->escapeHtmlAttr('Dissociation Area: Interface area that is broken when the complex dissociates, given in Å². It usually coincides with the interface area.')
 6 APPPATH/Views/entry.php(590): esc('Dissociation Area: Interface area that is broken when the complex dissociates, given in Å². It usually coincides with the interface area.', 'attr')
 7 SYSTEMPATH/View/View.php(226): include('/Users/diego/Documents/GitHub/propedia26/app/Views/entry.php')
 8 SYSTEMPATH/View/View.php(229): CodeIgniter\View\View->{closure:CodeIgniter\View\View::render():223}()
 9 SYSTEMPATH/Common.php(1167): CodeIgniter\View\View->render('entry', [], true)
10 APPPATH/Controllers/Entry.php(57): view('entry', [...])
11 SYSTEMPATH/CodeIgniter.php(933): App\Controllers\Entry->entry('1WRZ-B-A')
12 SYSTEMPATH/CodeIgniter.php(507): CodeIgniter\CodeIgniter->runController(Object(App\Controllers\Entry))
13 SYSTEMPATH/CodeIgniter.php(354): CodeIgniter\CodeIgniter->handleRequest(null, Object(Config\Cache), false)
14 SYSTEMPATH/Boot.php(363): CodeIgniter\CodeIgniter->run()
15 SYSTEMPATH/Boot.php(68): CodeIgniter\Boot::runCodeIgniter(Object(CodeIgniter\CodeIgniter))
16 FCPATH/index.php(59): CodeIgniter\Boot::bootWeb(Object(Config\Paths))
17 SYSTEMPATH/rewrite.php(44): require_once('/Users/diego/Documents/GitHub/propedia26/public/index.php')
WARNING - 2026-08-26 07:46:04 --> [DEPRECATED] ord(): Providing a string that is not one byte long is deprecated. Use ord($str[0]) instead in SYSTEMPATH/ThirdParty/Escaper/Escaper.php on line 250.
 1 SYSTEMPATH/ThirdParty/Escaper/Escaper.php(250): ord('²')
 2 SYSTEMPATH/ThirdParty/Escaper/Escaper.php(167): Laminas\Escaper\Escaper->htmlAttrMatcher([...])
 3 [internal function]: Laminas\Escaper\Escaper->{closure:Laminas\Escaper\Escaper::__construct():167}([...])
 4 SYSTEMPATH/ThirdParty/Escaper/Escaper.php(200): preg_replace_callback('/[^a-z0-9,\\.\\-_]/iSu', Object(Closure), 'Dissociation Area: Interface area that is broken when the complex dissociates, given in Å². It usually coincides with the interface area.')
 5 SYSTEMPATH/Common.php(448): Laminas\Escaper\Escaper->escapeHtmlAttr('Dissociation Area: Interface area that is broken when the complex dissociates, given in Å². It usually coincides with the interface area.')
 6 APPPATH/Views/entry.php(590): esc('Dissociation Area: Interface area that is broken when the complex dissociates, given in Å². It usually coincides with the interface area.', 'attr')
 7 SYSTEMPATH/View/View.php(226): include('/Users/diego/Documents/GitHub/propedia26/app/Views/entry.php')
 8 SYSTEMPATH/View/View.php(229): CodeIgniter\View\View->{closure:CodeIgniter\View\View::render():223}()
 9 SYSTEMPATH/Common.php(1167): CodeIgniter\View\View->render('entry', [], true)
10 APPPATH/Controllers/Entry.php(57): view('entry', [...])
11 SYSTEMPATH/CodeIgniter.php(933): App\Controllers\Entry->entry('1WRZ-B-A')
12 SYSTEMPATH/CodeIgniter.php(507): CodeIgniter\CodeIgniter->runController(Object(App\Controllers\Entry))
13 SYSTEMPATH/CodeIgniter.php(354): CodeIgniter\CodeIgniter->handleRequest(null, Object(Config\Cache), false)
14 SYSTEMPATH/Boot.php(363): CodeIgniter\CodeIgniter->run()
15 SYSTEMPATH/Boot.php(68): CodeIgniter\Boot::runCodeIgniter(Object(CodeIgniter\CodeIgniter))
16 FCPATH/index.php(59): CodeIgniter\Boot::bootWeb(Object(Config\Paths))
17 SYSTEMPATH/rewrite.php(44): require_once('/Users/diego/Documents/GitHub/propedia26/public/index.php')
WARNING - 2026-08-26 07:46:04 --> [DEPRECATED] ord(): Providing a string that is not one byte long is deprecated. Use ord($str[0]) instead in SYSTEMPATH/ThirdParty/Escaper/Escaper.php on line 250.
 1 SYSTEMPATH/ThirdParty/Escaper/Escaper.php(250): ord('Δ')
 2 SYSTEMPATH/ThirdParty/Escaper/Escaper.php(167): Laminas\Escaper\Escaper->htmlAttrMatcher([...])
 3 [internal function]: Laminas\Escaper\Escaper->{closure:Laminas\Escaper\Escaper::__construct():167}([...])
 4 SYSTEMPATH/ThirdParty/Escaper/Escaper.php(200): preg_replace_callback('/[^a-z0-9,\\.\\-_]/iSu', Object(Closure), 'Solvation Energy Gain (ΔiG): Free energy gain, in kcal/mol, obtained on formation of the interface. Negative values indicate a hydrophobic interface, which favours the association. It does not include the contribution of hydrogen bonds and salt bridges across the interface.')
 5 SYSTEMPATH/Common.php(448): Laminas\Escaper\Escaper->escapeHtmlAttr('Solvation Energy Gain (ΔiG): Free energy gain, in kcal/mol, obtained on formation of the interface. Negative values indicate a hydrophobic interface, which favours the association. It does not include the contribution of hydrogen bonds and salt bridges across the interface.')
 6 APPPATH/Views/entry.php(590): esc('Solvation Energy Gain (ΔiG): Free energy gain, in kcal/mol, obtained on formation of the interface. Negative values indicate a hydrophobic interface, which favours the association. It does not include the contribution of hydrogen bonds and salt bridges across the interface.', 'attr')
 7 SYSTEMPATH/View/View.php(226): include('/Users/diego/Documents/GitHub/propedia26/app/Views/entry.php')
 8 SYSTEMPATH/View/View.php(229): CodeIgniter\View\View->{closure:CodeIgniter\View\View::render():223}()
 9 SYSTEMPATH/Common.php(1167): CodeIgniter\View\View->render('entry', [], true)
10 APPPATH/Controllers/Entry.php(57): view('entry', [...])
11 SYSTEMPATH/CodeIgniter.php(933): App\Controllers\Entry->entry('1WRZ-B-A')
12 SYSTEMPATH/CodeIgniter.php(507): CodeIgniter\CodeIgniter->runController(Object(App\Controllers\Entry))
13 SYSTEMPATH/CodeIgniter.php(354): CodeIgniter\CodeIgniter->handleRequest(null, Object(Config\Cache), false)
14 SYSTEMPATH/Boot.php(363): CodeIgniter\CodeIgniter->run()
15 SYSTEMPATH/Boot.php(68): CodeIgniter\Boot::runCodeIgniter(Object(CodeIgniter\CodeIgniter))
16 FCPATH/index.php(59): CodeIgniter\Boot::bootWeb(Object(Config\Paths))
17 SYSTEMPATH/rewrite.php(44): require_once('/Users/diego/Documents/GitHub/propedia26/public/index.php')
WARNING - 2026-08-26 07:46:04 --> [DEPRECATED] ord(): Providing a string that is not one byte long is deprecated. Use ord($str[0]) instead in SYSTEMPATH/ThirdParty/Escaper/Escaper.php on line 250.
 1 SYSTEMPATH/ThirdParty/Escaper/Escaper.php(250): ord('Δ')
 2 SYSTEMPATH/ThirdParty/Escaper/Escaper.php(167): Laminas\Escaper\Escaper->htmlAttrMatcher([...])
 3 [internal function]: Laminas\Escaper\Escaper->{closure:Laminas\Escaper\Escaper::__construct():167}([...])
 4 SYSTEMPATH/ThirdParty/Escaper/Escaper.php(200): preg_replace_callback('/[^a-z0-9,\\.\\-_]/iSu', Object(Closure), 'ΔiG P-value: Statistical significance of the solvation energy gain. Values below 0.5 indicate an interface more hydrophobic than would be expected by chance, that is, an interface likely to be interaction-specific rather than a crystal-packing artefact.')
 5 SYSTEMPATH/Common.php(448): Laminas\Escaper\Escaper->escapeHtmlAttr('ΔiG P-value: Statistical significance of the solvation energy gain. Values below 0.5 indicate an interface more hydrophobic than would be expected by chance, that is, an interface likely to be interaction-specific rather than a crystal-packing artefact.')
 6 APPPATH/Views/entry.php(590): esc('ΔiG P-value: Statistical significance of the solvation energy gain. Values below 0.5 indicate an interface more hydrophobic than would be expected by chance, that is, an interface likely to be interaction-specific rather than a crystal-packing artefact.', 'attr')
 7 SYSTEMPATH/View/View.php(226): include('/Users/diego/Documents/GitHub/propedia26/app/Views/entry.php')
 8 SYSTEMPATH/View/View.php(229): CodeIgniter\View\View->{closure:CodeIgniter\View\View::render():223}()
 9 SYSTEMPATH/Common.php(1167): CodeIgniter\View\View->render('entry', [], true)
10 APPPATH/Controllers/Entry.php(57): view('entry', [...])
11 SYSTEMPATH/CodeIgniter.php(933): App\Controllers\Entry->entry('1WRZ-B-A')
12 SYSTEMPATH/CodeIgniter.php(507): CodeIgniter\CodeIgniter->runController(Object(App\Controllers\Entry))
13 SYSTEMPATH/CodeIgniter.php(354): CodeIgniter\CodeIgniter->handleRequest(null, Object(Config\Cache), false)
14 SYSTEMPATH/Boot.php(363): CodeIgniter\CodeIgniter->run()
15 SYSTEMPATH/Boot.php(68): CodeIgniter\Boot::runCodeIgniter(Object(CodeIgniter\CodeIgniter))
16 FCPATH/index.php(59): CodeIgniter\Boot::bootWeb(Object(Config\Paths))
17 SYSTEMPATH/rewrite.php(44): require_once('/Users/diego/Documents/GitHub/propedia26/public/index.php')
WARNING - 2026-08-26 07:46:04 --> [DEPRECATED] ord(): Providing a string that is not one byte long is deprecated. Use ord($str[0]) instead in SYSTEMPATH/ThirdParty/Escaper/Escaper.php on line 250.
 1 SYSTEMPATH/ThirdParty/Escaper/Escaper.php(250): ord('Δ')
 2 SYSTEMPATH/ThirdParty/Escaper/Escaper.php(167): Laminas\Escaper\Escaper->htmlAttrMatcher([...])
 3 [internal function]: Laminas\Escaper\Escaper->{closure:Laminas\Escaper\Escaper::__construct():167}([...])
 4 SYSTEMPATH/ThirdParty/Escaper/Escaper.php(200): preg_replace_callback('/[^a-z0-9,\\.\\-_]/iSu', Object(Closure), 'Total Interaction Energy: Solvation energy gain summed over all the interfaces of the structure, in kcal/mol. It is equal to the interface ΔiG when the structure has a single interface.')
 5 SYSTEMPATH/Common.php(448): Laminas\Escaper\Escaper->escapeHtmlAttr('Total Interaction Energy: Solvation energy gain summed over all the interfaces of the structure, in kcal/mol. It is equal to the interface ΔiG when the structure has a single interface.')
 6 APPPATH/Views/entry.php(590): esc('Total Interaction Energy: Solvation energy gain summed over all the interfaces of the structure, in kcal/mol. It is equal to the interface ΔiG when the structure has a single interface.', 'attr')
 7 SYSTEMPATH/View/View.php(226): include('/Users/diego/Documents/GitHub/propedia26/app/Views/entry.php')
 8 SYSTEMPATH/View/View.php(229): CodeIgniter\View\View->{closure:CodeIgniter\View\View::render():223}()
 9 SYSTEMPATH/Common.php(1167): CodeIgniter\View\View->render('entry', [], true)
10 APPPATH/Controllers/Entry.php(57): view('entry', [...])
11 SYSTEMPATH/CodeIgniter.php(933): App\Controllers\Entry->entry('1WRZ-B-A')
12 SYSTEMPATH/CodeIgniter.php(507): CodeIgniter\CodeIgniter->runController(Object(App\Controllers\Entry))
13 SYSTEMPATH/CodeIgniter.php(354): CodeIgniter\CodeIgniter->handleRequest(null, Object(Config\Cache), false)
14 SYSTEMPATH/Boot.php(363): CodeIgniter\CodeIgniter->run()
15 SYSTEMPATH/Boot.php(68): CodeIgniter\Boot::runCodeIgniter(Object(CodeIgniter\CodeIgniter))
16 FCPATH/index.php(59): CodeIgniter\Boot::bootWeb(Object(Config\Paths))
17 SYSTEMPATH/rewrite.php(44): require_once('/Users/diego/Documents/GitHub/propedia26/public/index.php')
WARNING - 2026-08-26 07:46:04 --> [DEPRECATED] ord(): Providing a string that is not one byte long is deprecated. Use ord($str[0]) instead in SYSTEMPATH/ThirdParty/Escaper/Escaper.php on line 250.
 1 SYSTEMPATH/ThirdParty/Escaper/Escaper.php(250): ord('Δ')
 2 SYSTEMPATH/ThirdParty/Escaper/Escaper.php(167): Laminas\Escaper\Escaper->htmlAttrMatcher([...])
 3 [internal function]: Laminas\Escaper\Escaper->{closure:Laminas\Escaper\Escaper::__construct():167}([...])
 4 SYSTEMPATH/ThirdParty/Escaper/Escaper.php(200): preg_replace_callback('/[^a-z0-9,\\.\\-_]/iSu', Object(Closure), 'Dissociation Free Energy (ΔGdiss): Free energy required to dissociate the complex, in kcal/mol. Positive values indicate a thermodynamically stable complex. It is the PISA counterpart of the binding affinity predicted by PRODIGY, reported in the Interaction energy section above with the opposite sign.')
 5 SYSTEMPATH/Common.php(448): Laminas\Escaper\Escaper->escapeHtmlAttr('Dissociation Free Energy (ΔGdiss): Free energy required to dissociate the complex, in kcal/mol. Positive values indicate a thermodynamically stable complex. It is the PISA counterpart of the binding affinity predicted by PRODIGY, reported in the Interaction energy section above with the opposite sign.')
 6 APPPATH/Views/entry.php(590): esc('Dissociation Free Energy (ΔGdiss): Free energy required to dissociate the complex, in kcal/mol. Positive values indicate a thermodynamically stable complex. It is the PISA counterpart of the binding affinity predicted by PRODIGY, reported in the Interaction energy section above with the opposite sign.', 'attr')
 7 SYSTEMPATH/View/View.php(226): include('/Users/diego/Documents/GitHub/propedia26/app/Views/entry.php')
 8 SYSTEMPATH/View/View.php(229): CodeIgniter\View\View->{closure:CodeIgniter\View\View::render():223}()
 9 SYSTEMPATH/Common.php(1167): CodeIgniter\View\View->render('entry', [], true)
10 APPPATH/Controllers/Entry.php(57): view('entry', [...])
11 SYSTEMPATH/CodeIgniter.php(933): App\Controllers\Entry->entry('1WRZ-B-A')
12 SYSTEMPATH/CodeIgniter.php(507): CodeIgniter\CodeIgniter->runController(Object(App\Controllers\Entry))
13 SYSTEMPATH/CodeIgniter.php(354): CodeIgniter\CodeIgniter->handleRequest(null, Object(Config\Cache), false)
14 SYSTEMPATH/Boot.php(363): CodeIgniter\CodeIgniter->run()
15 SYSTEMPATH/Boot.php(68): CodeIgniter\Boot::runCodeIgniter(Object(CodeIgniter\CodeIgniter))
16 FCPATH/index.php(59): CodeIgniter\Boot::bootWeb(Object(Config\Paths))
17 SYSTEMPATH/rewrite.php(44): require_once('/Users/diego/Documents/GitHub/propedia26/public/index.php')
WARNING - 2026-08-26 07:46:04 --> [DEPRECATED] ord(): Providing a string that is not one byte long is deprecated. Use ord($str[0]) instead in SYSTEMPATH/ThirdParty/Escaper/Escaper.php on line 250.
 1 SYSTEMPATH/ThirdParty/Escaper/Escaper.php(250): ord('Δ')
 2 SYSTEMPATH/ThirdParty/Escaper/Escaper.php(167): Laminas\Escaper\Escaper->htmlAttrMatcher([...])
 3 [internal function]: Laminas\Escaper\Escaper->{closure:Laminas\Escaper\Escaper::__construct():167}([...])
 4 SYSTEMPATH/ThirdParty/Escaper/Escaper.php(200): preg_replace_callback('/[^a-z0-9,\\.\\-_]/iSu', Object(Closure), 'Dissociation Entropy (TΔS): Entropic cost of the association, in kcal/mol. It always opposes the formation of the complex and is taken into account in the calculation of ΔGdiss.')
 5 SYSTEMPATH/Common.php(448): Laminas\Escaper\Escaper->escapeHtmlAttr('Dissociation Entropy (TΔS): Entropic cost of the association, in kcal/mol. It always opposes the formation of the complex and is taken into account in the calculation of ΔGdiss.')
 6 APPPATH/Views/entry.php(590): esc('Dissociation Entropy (TΔS): Entropic cost of the association, in kcal/mol. It always opposes the formation of the complex and is taken into account in the calculation of ΔGdiss.', 'attr')
 7 SYSTEMPATH/View/View.php(226): include('/Users/diego/Documents/GitHub/propedia26/app/Views/entry.php')
 8 SYSTEMPATH/View/View.php(229): CodeIgniter\View\View->{closure:CodeIgniter\View\View::render():223}()
 9 SYSTEMPATH/Common.php(1167): CodeIgniter\View\View->render('entry', [], true)
10 APPPATH/Controllers/Entry.php(57): view('entry', [...])
11 SYSTEMPATH/CodeIgniter.php(933): App\Controllers\Entry->entry('1WRZ-B-A')
12 SYSTEMPATH/CodeIgniter.php(507): CodeIgniter\CodeIgniter->runController(Object(App\Controllers\Entry))
13 SYSTEMPATH/CodeIgniter.php(354): CodeIgniter\CodeIgniter->handleRequest(null, Object(Config\Cache), false)
14 SYSTEMPATH/Boot.php(363): CodeIgniter\CodeIgniter->run()
15 SYSTEMPATH/Boot.php(68): CodeIgniter\Boot::runCodeIgniter(Object(CodeIgniter\CodeIgniter))
16 FCPATH/index.php(59): CodeIgniter\Boot::bootWeb(Object(Config\Paths))
17 SYSTEMPATH/rewrite.php(44): require_once('/Users/diego/Documents/GitHub/propedia26/public/index.php')
WARNING - 2026-08-26 07:46:04 --> [DEPRECATED] ord(): Providing a string that is not one byte long is deprecated. Use ord($str[0]) instead in SYSTEMPATH/ThirdParty/Escaper/Escaper.php on line 250.
 1 SYSTEMPATH/ThirdParty/Escaper/Escaper.php(250): ord('Δ')
 2 SYSTEMPATH/ThirdParty/Escaper/Escaper.php(167): Laminas\Escaper\Escaper->htmlAttrMatcher([...])
 3 [internal function]: Laminas\Escaper\Escaper->{closure:Laminas\Escaper\Escaper::__construct():167}([...])
 4 SYSTEMPATH/ThirdParty/Escaper/Escaper.php(200): preg_replace_callback('/[^a-z0-9,\\.\\-_]/iSu', Object(Closure), 'Dissociation Entropy (TΔS): Entropic cost of the association, in kcal/mol. It always opposes the formation of the complex and is taken into account in the calculation of ΔGdiss.')
 5 SYSTEMPATH/Common.php(448): Laminas\Escaper\Escaper->escapeHtmlAttr('Dissociation Entropy (TΔS): Entropic cost of the association, in kcal/mol. It always opposes the formation of the complex and is taken into account in the calculation of ΔGdiss.')
 6 APPPATH/Views/entry.php(590): esc('Dissociation Entropy (TΔS): Entropic cost of the association, in kcal/mol. It always opposes the formation of the complex and is taken into account in the calculation of ΔGdiss.', 'attr')
 7 SYSTEMPATH/View/View.php(226): include('/Users/diego/Documents/GitHub/propedia26/app/Views/entry.php')
 8 SYSTEMPATH/View/View.php(229): CodeIgniter\View\View->{closure:CodeIgniter\View\View::render():223}()
 9 SYSTEMPATH/Common.php(1167): CodeIgniter\View\View->render('entry', [], true)
10 APPPATH/Controllers/Entry.php(57): view('entry', [...])
11 SYSTEMPATH/CodeIgniter.php(933): App\Controllers\Entry->entry('1WRZ-B-A')
12 SYSTEMPATH/CodeIgniter.php(507): CodeIgniter\CodeIgniter->runController(Object(App\Controllers\Entry))
13 SYSTEMPATH/CodeIgniter.php(354): CodeIgniter\CodeIgniter->handleRequest(null, Object(Config\Cache), false)
14 SYSTEMPATH/Boot.php(363): CodeIgniter\CodeIgniter->run()
15 SYSTEMPATH/Boot.php(68): CodeIgniter\Boot::runCodeIgniter(Object(CodeIgniter\CodeIgniter))
16 FCPATH/index.php(59): CodeIgniter\Boot::bootWeb(Object(Config\Paths))
17 SYSTEMPATH/rewrite.php(44): require_once('/Users/diego/Documents/GitHub/propedia26/public/index.php')
DEBUG - 2026-08-26 07:46:04 --> Session: Class initialized using 'CodeIgniter\Session\Handlers\FileHandler' driver.
WARNING - 2026-08-26 08:09:35 --> [DEPRECATED] fgetcsv(): the $escape parameter must be provided as its default value will change in APPPATH/Controllers/Entry.php on line 37.
 1 APPPATH/Controllers/Entry.php(37): fgetcsv(resource (stream), 0, ';')
 2 SYSTEMPATH/CodeIgniter.php(933): App\Controllers\Entry->entry('1WRZ-B-A')
 3 SYSTEMPATH/CodeIgniter.php(507): CodeIgniter\CodeIgniter->runController(Object(App\Controllers\Entry))
 4 SYSTEMPATH/CodeIgniter.php(354): CodeIgniter\CodeIgniter->handleRequest(null, Object(Config\Cache), false)
 5 SYSTEMPATH/Boot.php(363): CodeIgniter\CodeIgniter->run()
 6 SYSTEMPATH/Boot.php(68): CodeIgniter\Boot::runCodeIgniter(Object(CodeIgniter\CodeIgniter))
 7 FCPATH/index.php(59): CodeIgniter\Boot::bootWeb(Object(Config\Paths))
 8 SYSTEMPATH/rewrite.php(44): require_once('/Users/diego/Documents/GitHub/propedia26/public/index.php')
WARNING - 2026-08-26 08:09:35 --> [DEPRECATED] ord(): Providing a string that is not one byte long is deprecated. Use ord($str[0]) instead in SYSTEMPATH/ThirdParty/Escaper/Escaper.php on line 250.
 1 SYSTEMPATH/ThirdParty/Escaper/Escaper.php(250): ord('Å')
 2 SYSTEMPATH/ThirdParty/Escaper/Escaper.php(167): Laminas\Escaper\Escaper->htmlAttrMatcher([...])
 3 [internal function]: Laminas\Escaper\Escaper->{closure:Laminas\Escaper\Escaper::__construct():167}([...])
 4 SYSTEMPATH/ThirdParty/Escaper/Escaper.php(200): preg_replace_callback('/[^a-z0-9,\\.\\-_]/iSu', Object(Closure), 'Interface Area: Area of one face of the protein-peptide interface, given in Å². It corresponds to the BSA calculated with NACCESS, reported in the Surface section above.')
 5 SYSTEMPATH/Common.php(448): Laminas\Escaper\Escaper->escapeHtmlAttr('Interface Area: Area of one face of the protein-peptide interface, given in Å². It corresponds to the BSA calculated with NACCESS, reported in the Surface section above.')
 6 APPPATH/Views/entry.php(590): esc('Interface Area: Area of one face of the protein-peptide interface, given in Å². It corresponds to the BSA calculated with NACCESS, reported in the Surface section above.', 'attr')
 7 SYSTEMPATH/View/View.php(226): include('/Users/diego/Documents/GitHub/propedia26/app/Views/entry.php')
 8 SYSTEMPATH/View/View.php(229): CodeIgniter\View\View->{closure:CodeIgniter\View\View::render():223}()
 9 SYSTEMPATH/Common.php(1167): CodeIgniter\View\View->render('entry', [], true)
10 APPPATH/Controllers/Entry.php(57): view('entry', [...])
11 SYSTEMPATH/CodeIgniter.php(933): App\Controllers\Entry->entry('1WRZ-B-A')
12 SYSTEMPATH/CodeIgniter.php(507): CodeIgniter\CodeIgniter->runController(Object(App\Controllers\Entry))
13 SYSTEMPATH/CodeIgniter.php(354): CodeIgniter\CodeIgniter->handleRequest(null, Object(Config\Cache), false)
14 SYSTEMPATH/Boot.php(363): CodeIgniter\CodeIgniter->run()
15 SYSTEMPATH/Boot.php(68): CodeIgniter\Boot::runCodeIgniter(Object(CodeIgniter\CodeIgniter))
16 FCPATH/index.php(59): CodeIgniter\Boot::bootWeb(Object(Config\Paths))
17 SYSTEMPATH/rewrite.php(44): require_once('/Users/diego/Documents/GitHub/propedia26/public/index.php')
WARNING - 2026-08-26 08:09:35 --> [DEPRECATED] ord(): Providing a string that is not one byte long is deprecated. Use ord($str[0]) instead in SYSTEMPATH/ThirdParty/Escaper/Escaper.php on line 250.
 1 SYSTEMPATH/ThirdParty/Escaper/Escaper.php(250): ord('²')
 2 SYSTEMPATH/ThirdParty/Escaper/Escaper.php(167): Laminas\Escaper\Escaper->htmlAttrMatcher([...])
 3 [internal function]: Laminas\Escaper\Escaper->{closure:Laminas\Escaper\Escaper::__construct():167}([...])
 4 SYSTEMPATH/ThirdParty/Escaper/Escaper.php(200): preg_replace_callback('/[^a-z0-9,\\.\\-_]/iSu', Object(Closure), 'Interface Area: Area of one face of the protein-peptide interface, given in Å². It corresponds to the BSA calculated with NACCESS, reported in the Surface section above.')
 5 SYSTEMPATH/Common.php(448): Laminas\Escaper\Escaper->escapeHtmlAttr('Interface Area: Area of one face of the protein-peptide interface, given in Å². It corresponds to the BSA calculated with NACCESS, reported in the Surface section above.')
 6 APPPATH/Views/entry.php(590): esc('Interface Area: Area of one face of the protein-peptide interface, given in Å². It corresponds to the BSA calculated with NACCESS, reported in the Surface section above.', 'attr')
 7 SYSTEMPATH/View/View.php(226): include('/Users/diego/Documents/GitHub/propedia26/app/Views/entry.php')
 8 SYSTEMPATH/View/View.php(229): CodeIgniter\View\View->{closure:CodeIgniter\View\View::render():223}()
 9 SYSTEMPATH/Common.php(1167): CodeIgniter\View\View->render('entry', [], true)
10 APPPATH/Controllers/Entry.php(57): view('entry', [...])
11 SYSTEMPATH/CodeIgniter.php(933): App\Controllers\Entry->entry('1WRZ-B-A')
12 SYSTEMPATH/CodeIgniter.php(507): CodeIgniter\CodeIgniter->runController(Object(App\Controllers\Entry))
13 SYSTEMPATH/CodeIgniter.php(354): CodeIgniter\CodeIgniter->handleRequest(null, Object(Config\Cache), false)
14 SYSTEMPATH/Boot.php(363): CodeIgniter\CodeIgniter->run()
15 SYSTEMPATH/Boot.php(68): CodeIgniter\Boot::runCodeIgniter(Object(CodeIgniter\CodeIgniter))
16 FCPATH/index.php(59): CodeIgniter\Boot::bootWeb(Object(Config\Paths))
17 SYSTEMPATH/rewrite.php(44): require_once('/Users/diego/Documents/GitHub/propedia26/public/index.php')
WARNING - 2026-08-26 08:09:35 --> [DEPRECATED] ord(): Providing a string that is not one byte long is deprecated. Use ord($str[0]) instead in SYSTEMPATH/ThirdParty/Escaper/Escaper.php on line 250.
 1 SYSTEMPATH/ThirdParty/Escaper/Escaper.php(250): ord('Å')
 2 SYSTEMPATH/ThirdParty/Escaper/Escaper.php(167): Laminas\Escaper\Escaper->htmlAttrMatcher([...])
 3 [internal function]: Laminas\Escaper\Escaper->{closure:Laminas\Escaper\Escaper::__construct():167}([...])
 4 SYSTEMPATH/ThirdParty/Escaper/Escaper.php(200): preg_replace_callback('/[^a-z0-9,\\.\\-_]/iSu', Object(Closure), 'Buried Area (peptide): Peptide surface area that becomes buried upon formation of the interface (value given in Å²).')
 5 SYSTEMPATH/Common.php(448): Laminas\Escaper\Escaper->escapeHtmlAttr('Buried Area (peptide): Peptide surface area that becomes buried upon formation of the interface (value given in Å²).')
 6 APPPATH/Views/entry.php(590): esc('Buried Area (peptide): Peptide surface area that becomes buried upon formation of the interface (value given in Å²).', 'attr')
 7 SYSTEMPATH/View/View.php(226): include('/Users/diego/Documents/GitHub/propedia26/app/Views/entry.php')
 8 SYSTEMPATH/View/View.php(229): CodeIgniter\View\View->{closure:CodeIgniter\View\View::render():223}()
 9 SYSTEMPATH/Common.php(1167): CodeIgniter\View\View->render('entry', [], true)
10 APPPATH/Controllers/Entry.php(57): view('entry', [...])
11 SYSTEMPATH/CodeIgniter.php(933): App\Controllers\Entry->entry('1WRZ-B-A')
12 SYSTEMPATH/CodeIgniter.php(507): CodeIgniter\CodeIgniter->runController(Object(App\Controllers\Entry))
13 SYSTEMPATH/CodeIgniter.php(354): CodeIgniter\CodeIgniter->handleRequest(null, Object(Config\Cache), false)
14 SYSTEMPATH/Boot.php(363): CodeIgniter\CodeIgniter->run()
15 SYSTEMPATH/Boot.php(68): CodeIgniter\Boot::runCodeIgniter(Object(CodeIgniter\CodeIgniter))
16 FCPATH/index.php(59): CodeIgniter\Boot::bootWeb(Object(Config\Paths))
17 SYSTEMPATH/rewrite.php(44): require_once('/Users/diego/Documents/GitHub/propedia26/public/index.php')
WARNING - 2026-08-26 08:09:35 --> [DEPRECATED] ord(): Providing a string that is not one byte long is deprecated. Use ord($str[0]) instead in SYSTEMPATH/ThirdParty/Escaper/Escaper.php on line 250.
 1 SYSTEMPATH/ThirdParty/Escaper/Escaper.php(250): ord('²')
 2 SYSTEMPATH/ThirdParty/Escaper/Escaper.php(167): Laminas\Escaper\Escaper->htmlAttrMatcher([...])
 3 [internal function]: Laminas\Escaper\Escaper->{closure:Laminas\Escaper\Escaper::__construct():167}([...])
 4 SYSTEMPATH/ThirdParty/Escaper/Escaper.php(200): preg_replace_callback('/[^a-z0-9,\\.\\-_]/iSu', Object(Closure), 'Buried Area (peptide): Peptide surface area that becomes buried upon formation of the interface (value given in Å²).')
 5 SYSTEMPATH/Common.php(448): Laminas\Escaper\Escaper->escapeHtmlAttr('Buried Area (peptide): Peptide surface area that becomes buried upon formation of the interface (value given in Å²).')
 6 APPPATH/Views/entry.php(590): esc('Buried Area (peptide): Peptide surface area that becomes buried upon formation of the interface (value given in Å²).', 'attr')
 7 SYSTEMPATH/View/View.php(226): include('/Users/diego/Documents/GitHub/propedia26/app/Views/entry.php')
 8 SYSTEMPATH/View/View.php(229): CodeIgniter\View\View->{closure:CodeIgniter\View\View::render():223}()
 9 SYSTEMPATH/Common.php(1167): CodeIgniter\View\View->render('entry', [], true)
10 APPPATH/Controllers/Entry.php(57): view('entry', [...])
11 SYSTEMPATH/CodeIgniter.php(933): App\Controllers\Entry->entry('1WRZ-B-A')
12 SYSTEMPATH/CodeIgniter.php(507): CodeIgniter\CodeIgniter->runController(Object(App\Controllers\Entry))
13 SYSTEMPATH/CodeIgniter.php(354): CodeIgniter\CodeIgniter->handleRequest(null, Object(Config\Cache), false)
14 SYSTEMPATH/Boot.php(363): CodeIgniter\CodeIgniter->run()
15 SYSTEMPATH/Boot.php(68): CodeIgniter\Boot::runCodeIgniter(Object(CodeIgniter\CodeIgniter))
16 FCPATH/index.php(59): CodeIgniter\Boot::bootWeb(Object(Config\Paths))
17 SYSTEMPATH/rewrite.php(44): require_once('/Users/diego/Documents/GitHub/propedia26/public/index.php')
WARNING - 2026-08-26 08:09:35 --> [DEPRECATED] ord(): Providing a string that is not one byte long is deprecated. Use ord($str[0]) instead in SYSTEMPATH/ThirdParty/Escaper/Escaper.php on line 250.
 1 SYSTEMPATH/ThirdParty/Escaper/Escaper.php(250): ord('Å')
 2 SYSTEMPATH/ThirdParty/Escaper/Escaper.php(167): Laminas\Escaper\Escaper->htmlAttrMatcher([...])
 3 [internal function]: Laminas\Escaper\Escaper->{closure:Laminas\Escaper\Escaper::__construct():167}([...])
 4 SYSTEMPATH/ThirdParty/Escaper/Escaper.php(200): preg_replace_callback('/[^a-z0-9,\\.\\-_]/iSu', Object(Closure), 'Buried Area (protein): Protein surface area that becomes buried upon formation of the interface (value given in Å²).')
 5 SYSTEMPATH/Common.php(448): Laminas\Escaper\Escaper->escapeHtmlAttr('Buried Area (protein): Protein surface area that becomes buried upon formation of the interface (value given in Å²).')
 6 APPPATH/Views/entry.php(590): esc('Buried Area (protein): Protein surface area that becomes buried upon formation of the interface (value given in Å²).', 'attr')
 7 SYSTEMPATH/View/View.php(226): include('/Users/diego/Documents/GitHub/propedia26/app/Views/entry.php')
 8 SYSTEMPATH/View/View.php(229): CodeIgniter\View\View->{closure:CodeIgniter\View\View::render():223}()
 9 SYSTEMPATH/Common.php(1167): CodeIgniter\View\View->render('entry', [], true)
10 APPPATH/Controllers/Entry.php(57): view('entry', [...])
11 SYSTEMPATH/CodeIgniter.php(933): App\Controllers\Entry->entry('1WRZ-B-A')
12 SYSTEMPATH/CodeIgniter.php(507): CodeIgniter\CodeIgniter->runController(Object(App\Controllers\Entry))
13 SYSTEMPATH/CodeIgniter.php(354): CodeIgniter\CodeIgniter->handleRequest(null, Object(Config\Cache), false)
14 SYSTEMPATH/Boot.php(363): CodeIgniter\CodeIgniter->run()
15 SYSTEMPATH/Boot.php(68): CodeIgniter\Boot::runCodeIgniter(Object(CodeIgniter\CodeIgniter))
16 FCPATH/index.php(59): CodeIgniter\Boot::bootWeb(Object(Config\Paths))
17 SYSTEMPATH/rewrite.php(44): require_once('/Users/diego/Documents/GitHub/propedia26/public/index.php')
WARNING - 2026-08-26 08:09:35 --> [DEPRECATED] ord(): Providing a string that is not one byte long is deprecated. Use ord($str[0]) instead in SYSTEMPATH/ThirdParty/Escaper/Escaper.php on line 250.
 1 SYSTEMPATH/ThirdParty/Escaper/Escaper.php(250): ord('²')
 2 SYSTEMPATH/ThirdParty/Escaper/Escaper.php(167): Laminas\Escaper\Escaper->htmlAttrMatcher([...])
 3 [internal function]: Laminas\Escaper\Escaper->{closure:Laminas\Escaper\Escaper::__construct():167}([...])
 4 SYSTEMPATH/ThirdParty/Escaper/Escaper.php(200): preg_replace_callback('/[^a-z0-9,\\.\\-_]/iSu', Object(Closure), 'Buried Area (protein): Protein surface area that becomes buried upon formation of the interface (value given in Å²).')
 5 SYSTEMPATH/Common.php(448): Laminas\Escaper\Escaper->escapeHtmlAttr('Buried Area (protein): Protein surface area that becomes buried upon formation of the interface (value given in Å²).')
 6 APPPATH/Views/entry.php(590): esc('Buried Area (protein): Protein surface area that becomes buried upon formation of the interface (value given in Å²).', 'attr')
 7 SYSTEMPATH/View/View.php(226): include('/Users/diego/Documents/GitHub/propedia26/app/Views/entry.php')
 8 SYSTEMPATH/View/View.php(229): CodeIgniter\View\View->{closure:CodeIgniter\View\View::render():223}()
 9 SYSTEMPATH/Common.php(1167): CodeIgniter\View\View->render('entry', [], true)
10 APPPATH/Controllers/Entry.php(57): view('entry', [...])
11 SYSTEMPATH/CodeIgniter.php(933): App\Controllers\Entry->entry('1WRZ-B-A')
12 SYSTEMPATH/CodeIgniter.php(507): CodeIgniter\CodeIgniter->runController(Object(App\Controllers\Entry))
13 SYSTEMPATH/CodeIgniter.php(354): CodeIgniter\CodeIgniter->handleRequest(null, Object(Config\Cache), false)
14 SYSTEMPATH/Boot.php(363): CodeIgniter\CodeIgniter->run()
15 SYSTEMPATH/Boot.php(68): CodeIgniter\Boot::runCodeIgniter(Object(CodeIgniter\CodeIgniter))
16 FCPATH/index.php(59): CodeIgniter\Boot::bootWeb(Object(Config\Paths))
17 SYSTEMPATH/rewrite.php(44): require_once('/Users/diego/Documents/GitHub/propedia26/public/index.php')
WARNING - 2026-08-26 08:09:35 --> [DEPRECATED] ord(): Providing a string that is not one byte long is deprecated. Use ord($str[0]) instead in SYSTEMPATH/ThirdParty/Escaper/Escaper.php on line 250.
 1 SYSTEMPATH/ThirdParty/Escaper/Escaper.php(250): ord('Å')
 2 SYSTEMPATH/ThirdParty/Escaper/Escaper.php(167): Laminas\Escaper\Escaper->htmlAttrMatcher([...])
 3 [internal function]: Laminas\Escaper\Escaper->{closure:Laminas\Escaper\Escaper::__construct():167}([...])
 4 SYSTEMPATH/ThirdParty/Escaper/Escaper.php(200): preg_replace_callback('/[^a-z0-9,\\.\\-_]/iSu', Object(Closure), 'Total Buried Area: Total surface area buried by the association, counting both faces of the interface, in Å². It is therefore about twice the BSA reported by NACCESS, which counts a single face.')
 5 SYSTEMPATH/Common.php(448): Laminas\Escaper\Escaper->escapeHtmlAttr('Total Buried Area: Total surface area buried by the association, counting both faces of the interface, in Å². It is therefore about twice the BSA reported by NACCESS, which counts a single face.')
 6 APPPATH/Views/entry.php(590): esc('Total Buried Area: Total surface area buried by the association, counting both faces of the interface, in Å². It is therefore about twice the BSA reported by NACCESS, which counts a single face.', 'attr')
 7 SYSTEMPATH/View/View.php(226): include('/Users/diego/Documents/GitHub/propedia26/app/Views/entry.php')
 8 SYSTEMPATH/View/View.php(229): CodeIgniter\View\View->{closure:CodeIgniter\View\View::render():223}()
 9 SYSTEMPATH/Common.php(1167): CodeIgniter\View\View->render('entry', [], true)
10 APPPATH/Controllers/Entry.php(57): view('entry', [...])
11 SYSTEMPATH/CodeIgniter.php(933): App\Controllers\Entry->entry('1WRZ-B-A')
12 SYSTEMPATH/CodeIgniter.php(507): CodeIgniter\CodeIgniter->runController(Object(App\Controllers\Entry))
13 SYSTEMPATH/CodeIgniter.php(354): CodeIgniter\CodeIgniter->handleRequest(null, Object(Config\Cache), false)
14 SYSTEMPATH/Boot.php(363): CodeIgniter\CodeIgniter->run()
15 SYSTEMPATH/Boot.php(68): CodeIgniter\Boot::runCodeIgniter(Object(CodeIgniter\CodeIgniter))
16 FCPATH/index.php(59): CodeIgniter\Boot::bootWeb(Object(Config\Paths))
17 SYSTEMPATH/rewrite.php(44): require_once('/Users/diego/Documents/GitHub/propedia26/public/index.php')
WARNING - 2026-08-26 08:09:35 --> [DEPRECATED] ord(): Providing a string that is not one byte long is deprecated. Use ord($str[0]) instead in SYSTEMPATH/ThirdParty/Escaper/Escaper.php on line 250.
 1 SYSTEMPATH/ThirdParty/Escaper/Escaper.php(250): ord('²')
 2 SYSTEMPATH/ThirdParty/Escaper/Escaper.php(167): Laminas\Escaper\Escaper->htmlAttrMatcher([...])
 3 [internal function]: Laminas\Escaper\Escaper->{closure:Laminas\Escaper\Escaper::__construct():167}([...])
 4 SYSTEMPATH/ThirdParty/Escaper/Escaper.php(200): preg_replace_callback('/[^a-z0-9,\\.\\-_]/iSu', Object(Closure), 'Total Buried Area: Total surface area buried by the association, counting both faces of the interface, in Å². It is therefore about twice the BSA reported by NACCESS, which counts a single face.')
 5 SYSTEMPATH/Common.php(448): Laminas\Escaper\Escaper->escapeHtmlAttr('Total Buried Area: Total surface area buried by the association, counting both faces of the interface, in Å². It is therefore about twice the BSA reported by NACCESS, which counts a single face.')
 6 APPPATH/Views/entry.php(590): esc('Total Buried Area: Total surface area buried by the association, counting both faces of the interface, in Å². It is therefore about twice the BSA reported by NACCESS, which counts a single face.', 'attr')
 7 SYSTEMPATH/View/View.php(226): include('/Users/diego/Documents/GitHub/propedia26/app/Views/entry.php')
 8 SYSTEMPATH/View/View.php(229): CodeIgniter\View\View->{closure:CodeIgniter\View\View::render():223}()
 9 SYSTEMPATH/Common.php(1167): CodeIgniter\View\View->render('entry', [], true)
10 APPPATH/Controllers/Entry.php(57): view('entry', [...])
11 SYSTEMPATH/CodeIgniter.php(933): App\Controllers\Entry->entry('1WRZ-B-A')
12 SYSTEMPATH/CodeIgniter.php(507): CodeIgniter\CodeIgniter->runController(Object(App\Controllers\Entry))
13 SYSTEMPATH/CodeIgniter.php(354): CodeIgniter\CodeIgniter->handleRequest(null, Object(Config\Cache), false)
14 SYSTEMPATH/Boot.php(363): CodeIgniter\CodeIgniter->run()
15 SYSTEMPATH/Boot.php(68): CodeIgniter\Boot::runCodeIgniter(Object(CodeIgniter\CodeIgniter))
16 FCPATH/index.php(59): CodeIgniter\Boot::bootWeb(Object(Config\Paths))
17 SYSTEMPATH/rewrite.php(44): require_once('/Users/diego/Documents/GitHub/propedia26/public/index.php')
WARNING - 2026-08-26 08:09:35 --> [DEPRECATED] ord(): Providing a string that is not one byte long is deprecated. Use ord($str[0]) instead in SYSTEMPATH/ThirdParty/Escaper/Escaper.php on line 250.
 1 SYSTEMPATH/ThirdParty/Escaper/Escaper.php(250): ord('Å')
 2 SYSTEMPATH/ThirdParty/Escaper/Escaper.php(167): Laminas\Escaper\Escaper->htmlAttrMatcher([...])
 3 [internal function]: Laminas\Escaper\Escaper->{closure:Laminas\Escaper\Escaper::__construct():167}([...])
 4 SYSTEMPATH/ThirdParty/Escaper/Escaper.php(200): preg_replace_callback('/[^a-z0-9,\\.\\-_]/iSu', Object(Closure), 'Complex ASA: Accessible surface area of the complex, given in Å². It corresponds to the ASA (complex) calculated with NACCESS, reported in the Surface section above.')
 5 SYSTEMPATH/Common.php(448): Laminas\Escaper\Escaper->escapeHtmlAttr('Complex ASA: Accessible surface area of the complex, given in Å². It corresponds to the ASA (complex) calculated with NACCESS, reported in the Surface section above.')
 6 APPPATH/Views/entry.php(590): esc('Complex ASA: Accessible surface area of the complex, given in Å². It corresponds to the ASA (complex) calculated with NACCESS, reported in the Surface section above.', 'attr')
 7 SYSTEMPATH/View/View.php(226): include('/Users/diego/Documents/GitHub/propedia26/app/Views/entry.php')
 8 SYSTEMPATH/View/View.php(229): CodeIgniter\View\View->{closure:CodeIgniter\View\View::render():223}()
 9 SYSTEMPATH/Common.php(1167): CodeIgniter\View\View->render('entry', [], true)
10 APPPATH/Controllers/Entry.php(57): view('entry', [...])
11 SYSTEMPATH/CodeIgniter.php(933): App\Controllers\Entry->entry('1WRZ-B-A')
12 SYSTEMPATH/CodeIgniter.php(507): CodeIgniter\CodeIgniter->runController(Object(App\Controllers\Entry))
13 SYSTEMPATH/CodeIgniter.php(354): CodeIgniter\CodeIgniter->handleRequest(null, Object(Config\Cache), false)
14 SYSTEMPATH/Boot.php(363): CodeIgniter\CodeIgniter->run()
15 SYSTEMPATH/Boot.php(68): CodeIgniter\Boot::runCodeIgniter(Object(CodeIgniter\CodeIgniter))
16 FCPATH/index.php(59): CodeIgniter\Boot::bootWeb(Object(Config\Paths))
17 SYSTEMPATH/rewrite.php(44): require_once('/Users/diego/Documents/GitHub/propedia26/public/index.php')
WARNING - 2026-08-26 08:09:35 --> [DEPRECATED] ord(): Providing a string that is not one byte long is deprecated. Use ord($str[0]) instead in SYSTEMPATH/ThirdParty/Escaper/Escaper.php on line 250.
 1 SYSTEMPATH/ThirdParty/Escaper/Escaper.php(250): ord('²')
 2 SYSTEMPATH/ThirdParty/Escaper/Escaper.php(167): Laminas\Escaper\Escaper->htmlAttrMatcher([...])
 3 [internal function]: Laminas\Escaper\Escaper->{closure:Laminas\Escaper\Escaper::__construct():167}([...])
 4 SYSTEMPATH/ThirdParty/Escaper/Escaper.php(200): preg_replace_callback('/[^a-z0-9,\\.\\-_]/iSu', Object(Closure), 'Complex ASA: Accessible surface area of the complex, given in Å². It corresponds to the ASA (complex) calculated with NACCESS, reported in the Surface section above.')
 5 SYSTEMPATH/Common.php(448): Laminas\Escaper\Escaper->escapeHtmlAttr('Complex ASA: Accessible surface area of the complex, given in Å². It corresponds to the ASA (complex) calculated with NACCESS, reported in the Surface section above.')
 6 APPPATH/Views/entry.php(590): esc('Complex ASA: Accessible surface area of the complex, given in Å². It corresponds to the ASA (complex) calculated with NACCESS, reported in the Surface section above.', 'attr')
 7 SYSTEMPATH/View/View.php(226): include('/Users/diego/Documents/GitHub/propedia26/app/Views/entry.php')
 8 SYSTEMPATH/View/View.php(229): CodeIgniter\View\View->{closure:CodeIgniter\View\View::render():223}()
 9 SYSTEMPATH/Common.php(1167): CodeIgniter\View\View->render('entry', [], true)
10 APPPATH/Controllers/Entry.php(57): view('entry', [...])
11 SYSTEMPATH/CodeIgniter.php(933): App\Controllers\Entry->entry('1WRZ-B-A')
12 SYSTEMPATH/CodeIgniter.php(507): CodeIgniter\CodeIgniter->runController(Object(App\Controllers\Entry))
13 SYSTEMPATH/CodeIgniter.php(354): CodeIgniter\CodeIgniter->handleRequest(null, Object(Config\Cache), false)
14 SYSTEMPATH/Boot.php(363): CodeIgniter\CodeIgniter->run()
15 SYSTEMPATH/Boot.php(68): CodeIgniter\Boot::runCodeIgniter(Object(CodeIgniter\CodeIgniter))
16 FCPATH/index.php(59): CodeIgniter\Boot::bootWeb(Object(Config\Paths))
17 SYSTEMPATH/rewrite.php(44): require_once('/Users/diego/Documents/GitHub/propedia26/public/index.php')
WARNING - 2026-08-26 08:09:35 --> [DEPRECATED] ord(): Providing a string that is not one byte long is deprecated. Use ord($str[0]) instead in SYSTEMPATH/ThirdParty/Escaper/Escaper.php on line 250.
 1 SYSTEMPATH/ThirdParty/Escaper/Escaper.php(250): ord('Å')
 2 SYSTEMPATH/ThirdParty/Escaper/Escaper.php(167): Laminas\Escaper\Escaper->htmlAttrMatcher([...])
 3 [internal function]: Laminas\Escaper\Escaper->{closure:Laminas\Escaper\Escaper::__construct():167}([...])
 4 SYSTEMPATH/ThirdParty/Escaper/Escaper.php(200): preg_replace_callback('/[^a-z0-9,\\.\\-_]/iSu', Object(Closure), 'Dissociation Area: Interface area that is broken when the complex dissociates, given in Å². It usually coincides with the interface area.')
 5 SYSTEMPATH/Common.php(448): Laminas\Escaper\Escaper->escapeHtmlAttr('Dissociation Area: Interface area that is broken when the complex dissociates, given in Å². It usually coincides with the interface area.')
 6 APPPATH/Views/entry.php(590): esc('Dissociation Area: Interface area that is broken when the complex dissociates, given in Å². It usually coincides with the interface area.', 'attr')
 7 SYSTEMPATH/View/View.php(226): include('/Users/diego/Documents/GitHub/propedia26/app/Views/entry.php')
 8 SYSTEMPATH/View/View.php(229): CodeIgniter\View\View->{closure:CodeIgniter\View\View::render():223}()
 9 SYSTEMPATH/Common.php(1167): CodeIgniter\View\View->render('entry', [], true)
10 APPPATH/Controllers/Entry.php(57): view('entry', [...])
11 SYSTEMPATH/CodeIgniter.php(933): App\Controllers\Entry->entry('1WRZ-B-A')
12 SYSTEMPATH/CodeIgniter.php(507): CodeIgniter\CodeIgniter->runController(Object(App\Controllers\Entry))
13 SYSTEMPATH/CodeIgniter.php(354): CodeIgniter\CodeIgniter->handleRequest(null, Object(Config\Cache), false)
14 SYSTEMPATH/Boot.php(363): CodeIgniter\CodeIgniter->run()
15 SYSTEMPATH/Boot.php(68): CodeIgniter\Boot::runCodeIgniter(Object(CodeIgniter\CodeIgniter))
16 FCPATH/index.php(59): CodeIgniter\Boot::bootWeb(Object(Config\Paths))
17 SYSTEMPATH/rewrite.php(44): require_once('/Users/diego/Documents/GitHub/propedia26/public/index.php')
WARNING - 2026-08-26 08:09:35 --> [DEPRECATED] ord(): Providing a string that is not one byte long is deprecated. Use ord($str[0]) instead in SYSTEMPATH/ThirdParty/Escaper/Escaper.php on line 250.
 1 SYSTEMPATH/ThirdParty/Escaper/Escaper.php(250): ord('²')
 2 SYSTEMPATH/ThirdParty/Escaper/Escaper.php(167): Laminas\Escaper\Escaper->htmlAttrMatcher([...])
 3 [internal function]: Laminas\Escaper\Escaper->{closure:Laminas\Escaper\Escaper::__construct():167}([...])
 4 SYSTEMPATH/ThirdParty/Escaper/Escaper.php(200): preg_replace_callback('/[^a-z0-9,\\.\\-_]/iSu', Object(Closure), 'Dissociation Area: Interface area that is broken when the complex dissociates, given in Å². It usually coincides with the interface area.')
 5 SYSTEMPATH/Common.php(448): Laminas\Escaper\Escaper->escapeHtmlAttr('Dissociation Area: Interface area that is broken when the complex dissociates, given in Å². It usually coincides with the interface area.')
 6 APPPATH/Views/entry.php(590): esc('Dissociation Area: Interface area that is broken when the complex dissociates, given in Å². It usually coincides with the interface area.', 'attr')
 7 SYSTEMPATH/View/View.php(226): include('/Users/diego/Documents/GitHub/propedia26/app/Views/entry.php')
 8 SYSTEMPATH/View/View.php(229): CodeIgniter\View\View->{closure:CodeIgniter\View\View::render():223}()
 9 SYSTEMPATH/Common.php(1167): CodeIgniter\View\View->render('entry', [], true)
10 APPPATH/Controllers/Entry.php(57): view('entry', [...])
11 SYSTEMPATH/CodeIgniter.php(933): App\Controllers\Entry->entry('1WRZ-B-A')
12 SYSTEMPATH/CodeIgniter.php(507): CodeIgniter\CodeIgniter->runController(Object(App\Controllers\Entry))
13 SYSTEMPATH/CodeIgniter.php(354): CodeIgniter\CodeIgniter->handleRequest(null, Object(Config\Cache), false)
14 SYSTEMPATH/Boot.php(363): CodeIgniter\CodeIgniter->run()
15 SYSTEMPATH/Boot.php(68): CodeIgniter\Boot::runCodeIgniter(Object(CodeIgniter\CodeIgniter))
16 FCPATH/index.php(59): CodeIgniter\Boot::bootWeb(Object(Config\Paths))
17 SYSTEMPATH/rewrite.php(44): require_once('/Users/diego/Documents/GitHub/propedia26/public/index.php')
WARNING - 2026-08-26 08:09:35 --> [DEPRECATED] ord(): Providing a string that is not one byte long is deprecated. Use ord($str[0]) instead in SYSTEMPATH/ThirdParty/Escaper/Escaper.php on line 250.
 1 SYSTEMPATH/ThirdParty/Escaper/Escaper.php(250): ord('Δ')
 2 SYSTEMPATH/ThirdParty/Escaper/Escaper.php(167): Laminas\Escaper\Escaper->htmlAttrMatcher([...])
 3 [internal function]: Laminas\Escaper\Escaper->{closure:Laminas\Escaper\Escaper::__construct():167}([...])
 4 SYSTEMPATH/ThirdParty/Escaper/Escaper.php(200): preg_replace_callback('/[^a-z0-9,\\.\\-_]/iSu', Object(Closure), 'Solvation Energy Gain (ΔiG): Free energy gain, in kcal/mol, obtained on formation of the interface. Negative values indicate a hydrophobic interface, which favours the association. It does not include the contribution of hydrogen bonds and salt bridges across the interface.')
 5 SYSTEMPATH/Common.php(448): Laminas\Escaper\Escaper->escapeHtmlAttr('Solvation Energy Gain (ΔiG): Free energy gain, in kcal/mol, obtained on formation of the interface. Negative values indicate a hydrophobic interface, which favours the association. It does not include the contribution of hydrogen bonds and salt bridges across the interface.')
 6 APPPATH/Views/entry.php(590): esc('Solvation Energy Gain (ΔiG): Free energy gain, in kcal/mol, obtained on formation of the interface. Negative values indicate a hydrophobic interface, which favours the association. It does not include the contribution of hydrogen bonds and salt bridges across the interface.', 'attr')
 7 SYSTEMPATH/View/View.php(226): include('/Users/diego/Documents/GitHub/propedia26/app/Views/entry.php')
 8 SYSTEMPATH/View/View.php(229): CodeIgniter\View\View->{closure:CodeIgniter\View\View::render():223}()
 9 SYSTEMPATH/Common.php(1167): CodeIgniter\View\View->render('entry', [], true)
10 APPPATH/Controllers/Entry.php(57): view('entry', [...])
11 SYSTEMPATH/CodeIgniter.php(933): App\Controllers\Entry->entry('1WRZ-B-A')
12 SYSTEMPATH/CodeIgniter.php(507): CodeIgniter\CodeIgniter->runController(Object(App\Controllers\Entry))
13 SYSTEMPATH/CodeIgniter.php(354): CodeIgniter\CodeIgniter->handleRequest(null, Object(Config\Cache), false)
14 SYSTEMPATH/Boot.php(363): CodeIgniter\CodeIgniter->run()
15 SYSTEMPATH/Boot.php(68): CodeIgniter\Boot::runCodeIgniter(Object(CodeIgniter\CodeIgniter))
16 FCPATH/index.php(59): CodeIgniter\Boot::bootWeb(Object(Config\Paths))
17 SYSTEMPATH/rewrite.php(44): require_once('/Users/diego/Documents/GitHub/propedia26/public/index.php')
WARNING - 2026-08-26 08:09:35 --> [DEPRECATED] ord(): Providing a string that is not one byte long is deprecated. Use ord($str[0]) instead in SYSTEMPATH/ThirdParty/Escaper/Escaper.php on line 250.
 1 SYSTEMPATH/ThirdParty/Escaper/Escaper.php(250): ord('Δ')
 2 SYSTEMPATH/ThirdParty/Escaper/Escaper.php(167): Laminas\Escaper\Escaper->htmlAttrMatcher([...])
 3 [internal function]: Laminas\Escaper\Escaper->{closure:Laminas\Escaper\Escaper::__construct():167}([...])
 4 SYSTEMPATH/ThirdParty/Escaper/Escaper.php(200): preg_replace_callback('/[^a-z0-9,\\.\\-_]/iSu', Object(Closure), 'ΔiG P-value: Statistical significance of the solvation energy gain. Values below 0.5 indicate an interface more hydrophobic than would be expected by chance, that is, an interface likely to be interaction-specific rather than a crystal-packing artefact.')
 5 SYSTEMPATH/Common.php(448): Laminas\Escaper\Escaper->escapeHtmlAttr('ΔiG P-value: Statistical significance of the solvation energy gain. Values below 0.5 indicate an interface more hydrophobic than would be expected by chance, that is, an interface likely to be interaction-specific rather than a crystal-packing artefact.')
 6 APPPATH/Views/entry.php(590): esc('ΔiG P-value: Statistical significance of the solvation energy gain. Values below 0.5 indicate an interface more hydrophobic than would be expected by chance, that is, an interface likely to be interaction-specific rather than a crystal-packing artefact.', 'attr')
 7 SYSTEMPATH/View/View.php(226): include('/Users/diego/Documents/GitHub/propedia26/app/Views/entry.php')
 8 SYSTEMPATH/View/View.php(229): CodeIgniter\View\View->{closure:CodeIgniter\View\View::render():223}()
 9 SYSTEMPATH/Common.php(1167): CodeIgniter\View\View->render('entry', [], true)
10 APPPATH/Controllers/Entry.php(57): view('entry', [...])
11 SYSTEMPATH/CodeIgniter.php(933): App\Controllers\Entry->entry('1WRZ-B-A')
12 SYSTEMPATH/CodeIgniter.php(507): CodeIgniter\CodeIgniter->runController(Object(App\Controllers\Entry))
13 SYSTEMPATH/CodeIgniter.php(354): CodeIgniter\CodeIgniter->handleRequest(null, Object(Config\Cache), false)
14 SYSTEMPATH/Boot.php(363): CodeIgniter\CodeIgniter->run()
15 SYSTEMPATH/Boot.php(68): CodeIgniter\Boot::runCodeIgniter(Object(CodeIgniter\CodeIgniter))
16 FCPATH/index.php(59): CodeIgniter\Boot::bootWeb(Object(Config\Paths))
17 SYSTEMPATH/rewrite.php(44): require_once('/Users/diego/Documents/GitHub/propedia26/public/index.php')
WARNING - 2026-08-26 08:09:35 --> [DEPRECATED] ord(): Providing a string that is not one byte long is deprecated. Use ord($str[0]) instead in SYSTEMPATH/ThirdParty/Escaper/Escaper.php on line 250.
 1 SYSTEMPATH/ThirdParty/Escaper/Escaper.php(250): ord('Δ')
 2 SYSTEMPATH/ThirdParty/Escaper/Escaper.php(167): Laminas\Escaper\Escaper->htmlAttrMatcher([...])
 3 [internal function]: Laminas\Escaper\Escaper->{closure:Laminas\Escaper\Escaper::__construct():167}([...])
 4 SYSTEMPATH/ThirdParty/Escaper/Escaper.php(200): preg_replace_callback('/[^a-z0-9,\\.\\-_]/iSu', Object(Closure), 'Total Interaction Energy: Solvation energy gain summed over all the interfaces of the structure, in kcal/mol. It is equal to the interface ΔiG when the structure has a single interface.')
 5 SYSTEMPATH/Common.php(448): Laminas\Escaper\Escaper->escapeHtmlAttr('Total Interaction Energy: Solvation energy gain summed over all the interfaces of the structure, in kcal/mol. It is equal to the interface ΔiG when the structure has a single interface.')
 6 APPPATH/Views/entry.php(590): esc('Total Interaction Energy: Solvation energy gain summed over all the interfaces of the structure, in kcal/mol. It is equal to the interface ΔiG when the structure has a single interface.', 'attr')
 7 SYSTEMPATH/View/View.php(226): include('/Users/diego/Documents/GitHub/propedia26/app/Views/entry.php')
 8 SYSTEMPATH/View/View.php(229): CodeIgniter\View\View->{closure:CodeIgniter\View\View::render():223}()
 9 SYSTEMPATH/Common.php(1167): CodeIgniter\View\View->render('entry', [], true)
10 APPPATH/Controllers/Entry.php(57): view('entry', [...])
11 SYSTEMPATH/CodeIgniter.php(933): App\Controllers\Entry->entry('1WRZ-B-A')
12 SYSTEMPATH/CodeIgniter.php(507): CodeIgniter\CodeIgniter->runController(Object(App\Controllers\Entry))
13 SYSTEMPATH/CodeIgniter.php(354): CodeIgniter\CodeIgniter->handleRequest(null, Object(Config\Cache), false)
14 SYSTEMPATH/Boot.php(363): CodeIgniter\CodeIgniter->run()
15 SYSTEMPATH/Boot.php(68): CodeIgniter\Boot::runCodeIgniter(Object(CodeIgniter\CodeIgniter))
16 FCPATH/index.php(59): CodeIgniter\Boot::bootWeb(Object(Config\Paths))
17 SYSTEMPATH/rewrite.php(44): require_once('/Users/diego/Documents/GitHub/propedia26/public/index.php')
WARNING - 2026-08-26 08:09:35 --> [DEPRECATED] ord(): Providing a string that is not one byte long is deprecated. Use ord($str[0]) instead in SYSTEMPATH/ThirdParty/Escaper/Escaper.php on line 250.
 1 SYSTEMPATH/ThirdParty/Escaper/Escaper.php(250): ord('Δ')
 2 SYSTEMPATH/ThirdParty/Escaper/Escaper.php(167): Laminas\Escaper\Escaper->htmlAttrMatcher([...])
 3 [internal function]: Laminas\Escaper\Escaper->{closure:Laminas\Escaper\Escaper::__construct():167}([...])
 4 SYSTEMPATH/ThirdParty/Escaper/Escaper.php(200): preg_replace_callback('/[^a-z0-9,\\.\\-_]/iSu', Object(Closure), 'Dissociation Free Energy (ΔGdiss): Free energy required to dissociate the complex, in kcal/mol. Positive values indicate a thermodynamically stable complex. It is the PISA counterpart of the binding affinity predicted by PRODIGY, reported in the Interaction energy section above with the opposite sign.')
 5 SYSTEMPATH/Common.php(448): Laminas\Escaper\Escaper->escapeHtmlAttr('Dissociation Free Energy (ΔGdiss): Free energy required to dissociate the complex, in kcal/mol. Positive values indicate a thermodynamically stable complex. It is the PISA counterpart of the binding affinity predicted by PRODIGY, reported in the Interaction energy section above with the opposite sign.')
 6 APPPATH/Views/entry.php(590): esc('Dissociation Free Energy (ΔGdiss): Free energy required to dissociate the complex, in kcal/mol. Positive values indicate a thermodynamically stable complex. It is the PISA counterpart of the binding affinity predicted by PRODIGY, reported in the Interaction energy section above with the opposite sign.', 'attr')
 7 SYSTEMPATH/View/View.php(226): include('/Users/diego/Documents/GitHub/propedia26/app/Views/entry.php')
 8 SYSTEMPATH/View/View.php(229): CodeIgniter\View\View->{closure:CodeIgniter\View\View::render():223}()
 9 SYSTEMPATH/Common.php(1167): CodeIgniter\View\View->render('entry', [], true)
10 APPPATH/Controllers/Entry.php(57): view('entry', [...])
11 SYSTEMPATH/CodeIgniter.php(933): App\Controllers\Entry->entry('1WRZ-B-A')
12 SYSTEMPATH/CodeIgniter.php(507): CodeIgniter\CodeIgniter->runController(Object(App\Controllers\Entry))
13 SYSTEMPATH/CodeIgniter.php(354): CodeIgniter\CodeIgniter->handleRequest(null, Object(Config\Cache), false)
14 SYSTEMPATH/Boot.php(363): CodeIgniter\CodeIgniter->run()
15 SYSTEMPATH/Boot.php(68): CodeIgniter\Boot::runCodeIgniter(Object(CodeIgniter\CodeIgniter))
16 FCPATH/index.php(59): CodeIgniter\Boot::bootWeb(Object(Config\Paths))
17 SYSTEMPATH/rewrite.php(44): require_once('/Users/diego/Documents/GitHub/propedia26/public/index.php')
WARNING - 2026-08-26 08:09:35 --> [DEPRECATED] ord(): Providing a string that is not one byte long is deprecated. Use ord($str[0]) instead in SYSTEMPATH/ThirdParty/Escaper/Escaper.php on line 250.
 1 SYSTEMPATH/ThirdParty/Escaper/Escaper.php(250): ord('Δ')
 2 SYSTEMPATH/ThirdParty/Escaper/Escaper.php(167): Laminas\Escaper\Escaper->htmlAttrMatcher([...])
 3 [internal function]: Laminas\Escaper\Escaper->{closure:Laminas\Escaper\Escaper::__construct():167}([...])
 4 SYSTEMPATH/ThirdParty/Escaper/Escaper.php(200): preg_replace_callback('/[^a-z0-9,\\.\\-_]/iSu', Object(Closure), 'Dissociation Entropy (TΔS): Entropic cost of the association, in kcal/mol. It always opposes the formation of the complex and is taken into account in the calculation of ΔGdiss.')
 5 SYSTEMPATH/Common.php(448): Laminas\Escaper\Escaper->escapeHtmlAttr('Dissociation Entropy (TΔS): Entropic cost of the association, in kcal/mol. It always opposes the formation of the complex and is taken into account in the calculation of ΔGdiss.')
 6 APPPATH/Views/entry.php(590): esc('Dissociation Entropy (TΔS): Entropic cost of the association, in kcal/mol. It always opposes the formation of the complex and is taken into account in the calculation of ΔGdiss.', 'attr')
 7 SYSTEMPATH/View/View.php(226): include('/Users/diego/Documents/GitHub/propedia26/app/Views/entry.php')
 8 SYSTEMPATH/View/View.php(229): CodeIgniter\View\View->{closure:CodeIgniter\View\View::render():223}()
 9 SYSTEMPATH/Common.php(1167): CodeIgniter\View\View->render('entry', [], true)
10 APPPATH/Controllers/Entry.php(57): view('entry', [...])
11 SYSTEMPATH/CodeIgniter.php(933): App\Controllers\Entry->entry('1WRZ-B-A')
12 SYSTEMPATH/CodeIgniter.php(507): CodeIgniter\CodeIgniter->runController(Object(App\Controllers\Entry))
13 SYSTEMPATH/CodeIgniter.php(354): CodeIgniter\CodeIgniter->handleRequest(null, Object(Config\Cache), false)
14 SYSTEMPATH/Boot.php(363): CodeIgniter\CodeIgniter->run()
15 SYSTEMPATH/Boot.php(68): CodeIgniter\Boot::runCodeIgniter(Object(CodeIgniter\CodeIgniter))
16 FCPATH/index.php(59): CodeIgniter\Boot::bootWeb(Object(Config\Paths))
17 SYSTEMPATH/rewrite.php(44): require_once('/Users/diego/Documents/GitHub/propedia26/public/index.php')
WARNING - 2026-08-26 08:09:35 --> [DEPRECATED] ord(): Providing a string that is not one byte long is deprecated. Use ord($str[0]) instead in SYSTEMPATH/ThirdParty/Escaper/Escaper.php on line 250.
 1 SYSTEMPATH/ThirdParty/Escaper/Escaper.php(250): ord('Δ')
 2 SYSTEMPATH/ThirdParty/Escaper/Escaper.php(167): Laminas\Escaper\Escaper->htmlAttrMatcher([...])
 3 [internal function]: Laminas\Escaper\Escaper->{closure:Laminas\Escaper\Escaper::__construct():167}([...])
 4 SYSTEMPATH/ThirdParty/Escaper/Escaper.php(200): preg_replace_callback('/[^a-z0-9,\\.\\-_]/iSu', Object(Closure), 'Dissociation Entropy (TΔS): Entropic cost of the association, in kcal/mol. It always opposes the formation of the complex and is taken into account in the calculation of ΔGdiss.')
 5 SYSTEMPATH/Common.php(448): Laminas\Escaper\Escaper->escapeHtmlAttr('Dissociation Entropy (TΔS): Entropic cost of the association, in kcal/mol. It always opposes the formation of the complex and is taken into account in the calculation of ΔGdiss.')
 6 APPPATH/Views/entry.php(590): esc('Dissociation Entropy (TΔS): Entropic cost of the association, in kcal/mol. It always opposes the formation of the complex and is taken into account in the calculation of ΔGdiss.', 'attr')
 7 SYSTEMPATH/View/View.php(226): include('/Users/diego/Documents/GitHub/propedia26/app/Views/entry.php')
 8 SYSTEMPATH/View/View.php(229): CodeIgniter\View\View->{closure:CodeIgniter\View\View::render():223}()
 9 SYSTEMPATH/Common.php(1167): CodeIgniter\View\View->render('entry', [], true)
10 APPPATH/Controllers/Entry.php(57): view('entry', [...])
11 SYSTEMPATH/CodeIgniter.php(933): App\Controllers\Entry->entry('1WRZ-B-A')
12 SYSTEMPATH/CodeIgniter.php(507): CodeIgniter\CodeIgniter->runController(Object(App\Controllers\Entry))
13 SYSTEMPATH/CodeIgniter.php(354): CodeIgniter\CodeIgniter->handleRequest(null, Object(Config\Cache), false)
14 SYSTEMPATH/Boot.php(363): CodeIgniter\CodeIgniter->run()
15 SYSTEMPATH/Boot.php(68): CodeIgniter\Boot::runCodeIgniter(Object(CodeIgniter\CodeIgniter))
16 FCPATH/index.php(59): CodeIgniter\Boot::bootWeb(Object(Config\Paths))
17 SYSTEMPATH/rewrite.php(44): require_once('/Users/diego/Documents/GitHub/propedia26/public/index.php')
DEBUG - 2026-08-26 08:09:35 --> Session: Class initialized using 'CodeIgniter\Session\Handlers\FileHandler' driver.
DEBUG - 2026-08-26 08:16:45 --> Session: Class initialized using 'CodeIgniter\Session\Handlers\FileHandler' driver.
WARNING - 2026-08-26 17:59:44 --> [DEPRECATED] fgetcsv(): the $escape parameter must be provided as its default value will change in APPPATH/Controllers/Entry.php on line 37.
 1 APPPATH/Controllers/Entry.php(37): fgetcsv(resource (stream), 0, ';')
 2 SYSTEMPATH/CodeIgniter.php(933): App\Controllers\Entry->entry('1WRZ-B-A')
 3 SYSTEMPATH/CodeIgniter.php(507): CodeIgniter\CodeIgniter->runController(Object(App\Controllers\Entry))
 4 SYSTEMPATH/CodeIgniter.php(354): CodeIgniter\CodeIgniter->handleRequest(null, Object(Config\Cache), false)
 5 SYSTEMPATH/Boot.php(363): CodeIgniter\CodeIgniter->run()
 6 SYSTEMPATH/Boot.php(68): CodeIgniter\Boot::runCodeIgniter(Object(CodeIgniter\CodeIgniter))
 7 FCPATH/index.php(59): CodeIgniter\Boot::bootWeb(Object(Config\Paths))
 8 SYSTEMPATH/rewrite.php(44): require_once('/Users/diego/Documents/GitHub/propedia26/public/index.php')
WARNING - 2026-08-26 17:59:44 --> [DEPRECATED] ord(): Providing a string that is not one byte long is deprecated. Use ord($str[0]) instead in SYSTEMPATH/ThirdParty/Escaper/Escaper.php on line 250.
 1 SYSTEMPATH/ThirdParty/Escaper/Escaper.php(250): ord('Å')
 2 SYSTEMPATH/ThirdParty/Escaper/Escaper.php(167): Laminas\Escaper\Escaper->htmlAttrMatcher([...])
 3 [internal function]: Laminas\Escaper\Escaper->{closure:Laminas\Escaper\Escaper::__construct():167}([...])
 4 SYSTEMPATH/ThirdParty/Escaper/Escaper.php(200): preg_replace_callback('/[^a-z0-9,\\.\\-_]/iSu', Object(Closure), 'Interface Area: Area of one face of the protein-peptide interface, given in Å². It corresponds to the BSA calculated with NACCESS, reported in the Surface section above.')
 5 SYSTEMPATH/Common.php(448): Laminas\Escaper\Escaper->escapeHtmlAttr('Interface Area: Area of one face of the protein-peptide interface, given in Å². It corresponds to the BSA calculated with NACCESS, reported in the Surface section above.')
 6 APPPATH/Views/entry.php(590): esc('Interface Area: Area of one face of the protein-peptide interface, given in Å². It corresponds to the BSA calculated with NACCESS, reported in the Surface section above.', 'attr')
 7 SYSTEMPATH/View/View.php(226): include('/Users/diego/Documents/GitHub/propedia26/app/Views/entry.php')
 8 SYSTEMPATH/View/View.php(229): CodeIgniter\View\View->{closure:CodeIgniter\View\View::render():223}()
 9 SYSTEMPATH/Common.php(1167): CodeIgniter\View\View->render('entry', [], true)
10 APPPATH/Controllers/Entry.php(57): view('entry', [...])
11 SYSTEMPATH/CodeIgniter.php(933): App\Controllers\Entry->entry('1WRZ-B-A')
12 SYSTEMPATH/CodeIgniter.php(507): CodeIgniter\CodeIgniter->runController(Object(App\Controllers\Entry))
13 SYSTEMPATH/CodeIgniter.php(354): CodeIgniter\CodeIgniter->handleRequest(null, Object(Config\Cache), false)
14 SYSTEMPATH/Boot.php(363): CodeIgniter\CodeIgniter->run()
15 SYSTEMPATH/Boot.php(68): CodeIgniter\Boot::runCodeIgniter(Object(CodeIgniter\CodeIgniter))
16 FCPATH/index.php(59): CodeIgniter\Boot::bootWeb(Object(Config\Paths))
17 SYSTEMPATH/rewrite.php(44): require_once('/Users/diego/Documents/GitHub/propedia26/public/index.php')
WARNING - 2026-08-26 17:59:44 --> [DEPRECATED] ord(): Providing a string that is not one byte long is deprecated. Use ord($str[0]) instead in SYSTEMPATH/ThirdParty/Escaper/Escaper.php on line 250.
 1 SYSTEMPATH/ThirdParty/Escaper/Escaper.php(250): ord('²')
 2 SYSTEMPATH/ThirdParty/Escaper/Escaper.php(167): Laminas\Escaper\Escaper->htmlAttrMatcher([...])
 3 [internal function]: Laminas\Escaper\Escaper->{closure:Laminas\Escaper\Escaper::__construct():167}([...])
 4 SYSTEMPATH/ThirdParty/Escaper/Escaper.php(200): preg_replace_callback('/[^a-z0-9,\\.\\-_]/iSu', Object(Closure), 'Interface Area: Area of one face of the protein-peptide interface, given in Å². It corresponds to the BSA calculated with NACCESS, reported in the Surface section above.')
 5 SYSTEMPATH/Common.php(448): Laminas\Escaper\Escaper->escapeHtmlAttr('Interface Area: Area of one face of the protein-peptide interface, given in Å². It corresponds to the BSA calculated with NACCESS, reported in the Surface section above.')
 6 APPPATH/Views/entry.php(590): esc('Interface Area: Area of one face of the protein-peptide interface, given in Å². It corresponds to the BSA calculated with NACCESS, reported in the Surface section above.', 'attr')
 7 SYSTEMPATH/View/View.php(226): include('/Users/diego/Documents/GitHub/propedia26/app/Views/entry.php')
 8 SYSTEMPATH/View/View.php(229): CodeIgniter\View\View->{closure:CodeIgniter\View\View::render():223}()
 9 SYSTEMPATH/Common.php(1167): CodeIgniter\View\View->render('entry', [], true)
10 APPPATH/Controllers/Entry.php(57): view('entry', [...])
11 SYSTEMPATH/CodeIgniter.php(933): App\Controllers\Entry->entry('1WRZ-B-A')
12 SYSTEMPATH/CodeIgniter.php(507): CodeIgniter\CodeIgniter->runController(Object(App\Controllers\Entry))
13 SYSTEMPATH/CodeIgniter.php(354): CodeIgniter\CodeIgniter->handleRequest(null, Object(Config\Cache), false)
14 SYSTEMPATH/Boot.php(363): CodeIgniter\CodeIgniter->run()
15 SYSTEMPATH/Boot.php(68): CodeIgniter\Boot::runCodeIgniter(Object(CodeIgniter\CodeIgniter))
16 FCPATH/index.php(59): CodeIgniter\Boot::bootWeb(Object(Config\Paths))
17 SYSTEMPATH/rewrite.php(44): require_once('/Users/diego/Documents/GitHub/propedia26/public/index.php')
WARNING - 2026-08-26 17:59:44 --> [DEPRECATED] ord(): Providing a string that is not one byte long is deprecated. Use ord($str[0]) instead in SYSTEMPATH/ThirdParty/Escaper/Escaper.php on line 250.
 1 SYSTEMPATH/ThirdParty/Escaper/Escaper.php(250): ord('Å')
 2 SYSTEMPATH/ThirdParty/Escaper/Escaper.php(167): Laminas\Escaper\Escaper->htmlAttrMatcher([...])
 3 [internal function]: Laminas\Escaper\Escaper->{closure:Laminas\Escaper\Escaper::__construct():167}([...])
 4 SYSTEMPATH/ThirdParty/Escaper/Escaper.php(200): preg_replace_callback('/[^a-z0-9,\\.\\-_]/iSu', Object(Closure), 'Buried Area (peptide): Peptide surface area that becomes buried upon formation of the interface (value given in Å²).')
 5 SYSTEMPATH/Common.php(448): Laminas\Escaper\Escaper->escapeHtmlAttr('Buried Area (peptide): Peptide surface area that becomes buried upon formation of the interface (value given in Å²).')
 6 APPPATH/Views/entry.php(590): esc('Buried Area (peptide): Peptide surface area that becomes buried upon formation of the interface (value given in Å²).', 'attr')
 7 SYSTEMPATH/View/View.php(226): include('/Users/diego/Documents/GitHub/propedia26/app/Views/entry.php')
 8 SYSTEMPATH/View/View.php(229): CodeIgniter\View\View->{closure:CodeIgniter\View\View::render():223}()
 9 SYSTEMPATH/Common.php(1167): CodeIgniter\View\View->render('entry', [], true)
10 APPPATH/Controllers/Entry.php(57): view('entry', [...])
11 SYSTEMPATH/CodeIgniter.php(933): App\Controllers\Entry->entry('1WRZ-B-A')
12 SYSTEMPATH/CodeIgniter.php(507): CodeIgniter\CodeIgniter->runController(Object(App\Controllers\Entry))
13 SYSTEMPATH/CodeIgniter.php(354): CodeIgniter\CodeIgniter->handleRequest(null, Object(Config\Cache), false)
14 SYSTEMPATH/Boot.php(363): CodeIgniter\CodeIgniter->run()
15 SYSTEMPATH/Boot.php(68): CodeIgniter\Boot::runCodeIgniter(Object(CodeIgniter\CodeIgniter))
16 FCPATH/index.php(59): CodeIgniter\Boot::bootWeb(Object(Config\Paths))
17 SYSTEMPATH/rewrite.php(44): require_once('/Users/diego/Documents/GitHub/propedia26/public/index.php')
WARNING - 2026-08-26 17:59:44 --> [DEPRECATED] ord(): Providing a string that is not one byte long is deprecated. Use ord($str[0]) instead in SYSTEMPATH/ThirdParty/Escaper/Escaper.php on line 250.
 1 SYSTEMPATH/ThirdParty/Escaper/Escaper.php(250): ord('²')
 2 SYSTEMPATH/ThirdParty/Escaper/Escaper.php(167): Laminas\Escaper\Escaper->htmlAttrMatcher([...])
 3 [internal function]: Laminas\Escaper\Escaper->{closure:Laminas\Escaper\Escaper::__construct():167}([...])
 4 SYSTEMPATH/ThirdParty/Escaper/Escaper.php(200): preg_replace_callback('/[^a-z0-9,\\.\\-_]/iSu', Object(Closure), 'Buried Area (peptide): Peptide surface area that becomes buried upon formation of the interface (value given in Å²).')
 5 SYSTEMPATH/Common.php(448): Laminas\Escaper\Escaper->escapeHtmlAttr('Buried Area (peptide): Peptide surface area that becomes buried upon formation of the interface (value given in Å²).')
 6 APPPATH/Views/entry.php(590): esc('Buried Area (peptide): Peptide surface area that becomes buried upon formation of the interface (value given in Å²).', 'attr')
 7 SYSTEMPATH/View/View.php(226): include('/Users/diego/Documents/GitHub/propedia26/app/Views/entry.php')
 8 SYSTEMPATH/View/View.php(229): CodeIgniter\View\View->{closure:CodeIgniter\View\View::render():223}()
 9 SYSTEMPATH/Common.php(1167): CodeIgniter\View\View->render('entry', [], true)
10 APPPATH/Controllers/Entry.php(57): view('entry', [...])
11 SYSTEMPATH/CodeIgniter.php(933): App\Controllers\Entry->entry('1WRZ-B-A')
12 SYSTEMPATH/CodeIgniter.php(507): CodeIgniter\CodeIgniter->runController(Object(App\Controllers\Entry))
13 SYSTEMPATH/CodeIgniter.php(354): CodeIgniter\CodeIgniter->handleRequest(null, Object(Config\Cache), false)
14 SYSTEMPATH/Boot.php(363): CodeIgniter\CodeIgniter->run()
15 SYSTEMPATH/Boot.php(68): CodeIgniter\Boot::runCodeIgniter(Object(CodeIgniter\CodeIgniter))
16 FCPATH/index.php(59): CodeIgniter\Boot::bootWeb(Object(Config\Paths))
17 SYSTEMPATH/rewrite.php(44): require_once('/Users/diego/Documents/GitHub/propedia26/public/index.php')
WARNING - 2026-08-26 17:59:44 --> [DEPRECATED] ord(): Providing a string that is not one byte long is deprecated. Use ord($str[0]) instead in SYSTEMPATH/ThirdParty/Escaper/Escaper.php on line 250.
 1 SYSTEMPATH/ThirdParty/Escaper/Escaper.php(250): ord('Å')
 2 SYSTEMPATH/ThirdParty/Escaper/Escaper.php(167): Laminas\Escaper\Escaper->htmlAttrMatcher([...])
 3 [internal function]: Laminas\Escaper\Escaper->{closure:Laminas\Escaper\Escaper::__construct():167}([...])
 4 SYSTEMPATH/ThirdParty/Escaper/Escaper.php(200): preg_replace_callback('/[^a-z0-9,\\.\\-_]/iSu', Object(Closure), 'Buried Area (protein): Protein surface area that becomes buried upon formation of the interface (value given in Å²).')
 5 SYSTEMPATH/Common.php(448): Laminas\Escaper\Escaper->escapeHtmlAttr('Buried Area (protein): Protein surface area that becomes buried upon formation of the interface (value given in Å²).')
 6 APPPATH/Views/entry.php(590): esc('Buried Area (protein): Protein surface area that becomes buried upon formation of the interface (value given in Å²).', 'attr')
 7 SYSTEMPATH/View/View.php(226): include('/Users/diego/Documents/GitHub/propedia26/app/Views/entry.php')
 8 SYSTEMPATH/View/View.php(229): CodeIgniter\View\View->{closure:CodeIgniter\View\View::render():223}()
 9 SYSTEMPATH/Common.php(1167): CodeIgniter\View\View->render('entry', [], true)
10 APPPATH/Controllers/Entry.php(57): view('entry', [...])
11 SYSTEMPATH/CodeIgniter.php(933): App\Controllers\Entry->entry('1WRZ-B-A')
12 SYSTEMPATH/CodeIgniter.php(507): CodeIgniter\CodeIgniter->runController(Object(App\Controllers\Entry))
13 SYSTEMPATH/CodeIgniter.php(354): CodeIgniter\CodeIgniter->handleRequest(null, Object(Config\Cache), false)
14 SYSTEMPATH/Boot.php(363): CodeIgniter\CodeIgniter->run()
15 SYSTEMPATH/Boot.php(68): CodeIgniter\Boot::runCodeIgniter(Object(CodeIgniter\CodeIgniter))
16 FCPATH/index.php(59): CodeIgniter\Boot::bootWeb(Object(Config\Paths))
17 SYSTEMPATH/rewrite.php(44): require_once('/Users/diego/Documents/GitHub/propedia26/public/index.php')
WARNING - 2026-08-26 17:59:44 --> [DEPRECATED] ord(): Providing a string that is not one byte long is deprecated. Use ord($str[0]) instead in SYSTEMPATH/ThirdParty/Escaper/Escaper.php on line 250.
 1 SYSTEMPATH/ThirdParty/Escaper/Escaper.php(250): ord('²')
 2 SYSTEMPATH/ThirdParty/Escaper/Escaper.php(167): Laminas\Escaper\Escaper->htmlAttrMatcher([...])
 3 [internal function]: Laminas\Escaper\Escaper->{closure:Laminas\Escaper\Escaper::__construct():167}([...])
 4 SYSTEMPATH/ThirdParty/Escaper/Escaper.php(200): preg_replace_callback('/[^a-z0-9,\\.\\-_]/iSu', Object(Closure), 'Buried Area (protein): Protein surface area that becomes buried upon formation of the interface (value given in Å²).')
 5 SYSTEMPATH/Common.php(448): Laminas\Escaper\Escaper->escapeHtmlAttr('Buried Area (protein): Protein surface area that becomes buried upon formation of the interface (value given in Å²).')
 6 APPPATH/Views/entry.php(590): esc('Buried Area (protein): Protein surface area that becomes buried upon formation of the interface (value given in Å²).', 'attr')
 7 SYSTEMPATH/View/View.php(226): include('/Users/diego/Documents/GitHub/propedia26/app/Views/entry.php')
 8 SYSTEMPATH/View/View.php(229): CodeIgniter\View\View->{closure:CodeIgniter\View\View::render():223}()
 9 SYSTEMPATH/Common.php(1167): CodeIgniter\View\View->render('entry', [], true)
10 APPPATH/Controllers/Entry.php(57): view('entry', [...])
11 SYSTEMPATH/CodeIgniter.php(933): App\Controllers\Entry->entry('1WRZ-B-A')
12 SYSTEMPATH/CodeIgniter.php(507): CodeIgniter\CodeIgniter->runController(Object(App\Controllers\Entry))
13 SYSTEMPATH/CodeIgniter.php(354): CodeIgniter\CodeIgniter->handleRequest(null, Object(Config\Cache), false)
14 SYSTEMPATH/Boot.php(363): CodeIgniter\CodeIgniter->run()
15 SYSTEMPATH/Boot.php(68): CodeIgniter\Boot::runCodeIgniter(Object(CodeIgniter\CodeIgniter))
16 FCPATH/index.php(59): CodeIgniter\Boot::bootWeb(Object(Config\Paths))
17 SYSTEMPATH/rewrite.php(44): require_once('/Users/diego/Documents/GitHub/propedia26/public/index.php')
WARNING - 2026-08-26 17:59:44 --> [DEPRECATED] ord(): Providing a string that is not one byte long is deprecated. Use ord($str[0]) instead in SYSTEMPATH/ThirdParty/Escaper/Escaper.php on line 250.
 1 SYSTEMPATH/ThirdParty/Escaper/Escaper.php(250): ord('Å')
 2 SYSTEMPATH/ThirdParty/Escaper/Escaper.php(167): Laminas\Escaper\Escaper->htmlAttrMatcher([...])
 3 [internal function]: Laminas\Escaper\Escaper->{closure:Laminas\Escaper\Escaper::__construct():167}([...])
 4 SYSTEMPATH/ThirdParty/Escaper/Escaper.php(200): preg_replace_callback('/[^a-z0-9,\\.\\-_]/iSu', Object(Closure), 'Total Buried Area: Total surface area buried by the association, counting both faces of the interface, in Å². It is therefore about twice the BSA reported by NACCESS, which counts a single face.')
 5 SYSTEMPATH/Common.php(448): Laminas\Escaper\Escaper->escapeHtmlAttr('Total Buried Area: Total surface area buried by the association, counting both faces of the interface, in Å². It is therefore about twice the BSA reported by NACCESS, which counts a single face.')
 6 APPPATH/Views/entry.php(590): esc('Total Buried Area: Total surface area buried by the association, counting both faces of the interface, in Å². It is therefore about twice the BSA reported by NACCESS, which counts a single face.', 'attr')
 7 SYSTEMPATH/View/View.php(226): include('/Users/diego/Documents/GitHub/propedia26/app/Views/entry.php')
 8 SYSTEMPATH/View/View.php(229): CodeIgniter\View\View->{closure:CodeIgniter\View\View::render():223}()
 9 SYSTEMPATH/Common.php(1167): CodeIgniter\View\View->render('entry', [], true)
10 APPPATH/Controllers/Entry.php(57): view('entry', [...])
11 SYSTEMPATH/CodeIgniter.php(933): App\Controllers\Entry->entry('1WRZ-B-A')
12 SYSTEMPATH/CodeIgniter.php(507): CodeIgniter\CodeIgniter->runController(Object(App\Controllers\Entry))
13 SYSTEMPATH/CodeIgniter.php(354): CodeIgniter\CodeIgniter->handleRequest(null, Object(Config\Cache), false)
14 SYSTEMPATH/Boot.php(363): CodeIgniter\CodeIgniter->run()
15 SYSTEMPATH/Boot.php(68): CodeIgniter\Boot::runCodeIgniter(Object(CodeIgniter\CodeIgniter))
16 FCPATH/index.php(59): CodeIgniter\Boot::bootWeb(Object(Config\Paths))
17 SYSTEMPATH/rewrite.php(44): require_once('/Users/diego/Documents/GitHub/propedia26/public/index.php')
WARNING - 2026-08-26 17:59:44 --> [DEPRECATED] ord(): Providing a string that is not one byte long is deprecated. Use ord($str[0]) instead in SYSTEMPATH/ThirdParty/Escaper/Escaper.php on line 250.
 1 SYSTEMPATH/ThirdParty/Escaper/Escaper.php(250): ord('²')
 2 SYSTEMPATH/ThirdParty/Escaper/Escaper.php(167): Laminas\Escaper\Escaper->htmlAttrMatcher([...])
 3 [internal function]: Laminas\Escaper\Escaper->{closure:Laminas\Escaper\Escaper::__construct():167}([...])
 4 SYSTEMPATH/ThirdParty/Escaper/Escaper.php(200): preg_replace_callback('/[^a-z0-9,\\.\\-_]/iSu', Object(Closure), 'Total Buried Area: Total surface area buried by the association, counting both faces of the interface, in Å². It is therefore about twice the BSA reported by NACCESS, which counts a single face.')
 5 SYSTEMPATH/Common.php(448): Laminas\Escaper\Escaper->escapeHtmlAttr('Total Buried Area: Total surface area buried by the association, counting both faces of the interface, in Å². It is therefore about twice the BSA reported by NACCESS, which counts a single face.')
 6 APPPATH/Views/entry.php(590): esc('Total Buried Area: Total surface area buried by the association, counting both faces of the interface, in Å². It is therefore about twice the BSA reported by NACCESS, which counts a single face.', 'attr')
 7 SYSTEMPATH/View/View.php(226): include('/Users/diego/Documents/GitHub/propedia26/app/Views/entry.php')
 8 SYSTEMPATH/View/View.php(229): CodeIgniter\View\View->{closure:CodeIgniter\View\View::render():223}()
 9 SYSTEMPATH/Common.php(1167): CodeIgniter\View\View->render('entry', [], true)
10 APPPATH/Controllers/Entry.php(57): view('entry', [...])
11 SYSTEMPATH/CodeIgniter.php(933): App\Controllers\Entry->entry('1WRZ-B-A')
12 SYSTEMPATH/CodeIgniter.php(507): CodeIgniter\CodeIgniter->runController(Object(App\Controllers\Entry))
13 SYSTEMPATH/CodeIgniter.php(354): CodeIgniter\CodeIgniter->handleRequest(null, Object(Config\Cache), false)
14 SYSTEMPATH/Boot.php(363): CodeIgniter\CodeIgniter->run()
15 SYSTEMPATH/Boot.php(68): CodeIgniter\Boot::runCodeIgniter(Object(CodeIgniter\CodeIgniter))
16 FCPATH/index.php(59): CodeIgniter\Boot::bootWeb(Object(Config\Paths))
17 SYSTEMPATH/rewrite.php(44): require_once('/Users/diego/Documents/GitHub/propedia26/public/index.php')
WARNING - 2026-08-26 17:59:44 --> [DEPRECATED] ord(): Providing a string that is not one byte long is deprecated. Use ord($str[0]) instead in SYSTEMPATH/ThirdParty/Escaper/Escaper.php on line 250.
 1 SYSTEMPATH/ThirdParty/Escaper/Escaper.php(250): ord('Å')
 2 SYSTEMPATH/ThirdParty/Escaper/Escaper.php(167): Laminas\Escaper\Escaper->htmlAttrMatcher([...])
 3 [internal function]: Laminas\Escaper\Escaper->{closure:Laminas\Escaper\Escaper::__construct():167}([...])
 4 SYSTEMPATH/ThirdParty/Escaper/Escaper.php(200): preg_replace_callback('/[^a-z0-9,\\.\\-_]/iSu', Object(Closure), 'Complex ASA: Accessible surface area of the complex, given in Å². It corresponds to the ASA (complex) calculated with NACCESS, reported in the Surface section above.')
 5 SYSTEMPATH/Common.php(448): Laminas\Escaper\Escaper->escapeHtmlAttr('Complex ASA: Accessible surface area of the complex, given in Å². It corresponds to the ASA (complex) calculated with NACCESS, reported in the Surface section above.')
 6 APPPATH/Views/entry.php(590): esc('Complex ASA: Accessible surface area of the complex, given in Å². It corresponds to the ASA (complex) calculated with NACCESS, reported in the Surface section above.', 'attr')
 7 SYSTEMPATH/View/View.php(226): include('/Users/diego/Documents/GitHub/propedia26/app/Views/entry.php')
 8 SYSTEMPATH/View/View.php(229): CodeIgniter\View\View->{closure:CodeIgniter\View\View::render():223}()
 9 SYSTEMPATH/Common.php(1167): CodeIgniter\View\View->render('entry', [], true)
10 APPPATH/Controllers/Entry.php(57): view('entry', [...])
11 SYSTEMPATH/CodeIgniter.php(933): App\Controllers\Entry->entry('1WRZ-B-A')
12 SYSTEMPATH/CodeIgniter.php(507): CodeIgniter\CodeIgniter->runController(Object(App\Controllers\Entry))
13 SYSTEMPATH/CodeIgniter.php(354): CodeIgniter\CodeIgniter->handleRequest(null, Object(Config\Cache), false)
14 SYSTEMPATH/Boot.php(363): CodeIgniter\CodeIgniter->run()
15 SYSTEMPATH/Boot.php(68): CodeIgniter\Boot::runCodeIgniter(Object(CodeIgniter\CodeIgniter))
16 FCPATH/index.php(59): CodeIgniter\Boot::bootWeb(Object(Config\Paths))
17 SYSTEMPATH/rewrite.php(44): require_once('/Users/diego/Documents/GitHub/propedia26/public/index.php')
WARNING - 2026-08-26 17:59:44 --> [DEPRECATED] ord(): Providing a string that is not one byte long is deprecated. Use ord($str[0]) instead in SYSTEMPATH/ThirdParty/Escaper/Escaper.php on line 250.
 1 SYSTEMPATH/ThirdParty/Escaper/Escaper.php(250): ord('²')
 2 SYSTEMPATH/ThirdParty/Escaper/Escaper.php(167): Laminas\Escaper\Escaper->htmlAttrMatcher([...])
 3 [internal function]: Laminas\Escaper\Escaper->{closure:Laminas\Escaper\Escaper::__construct():167}([...])
 4 SYSTEMPATH/ThirdParty/Escaper/Escaper.php(200): preg_replace_callback('/[^a-z0-9,\\.\\-_]/iSu', Object(Closure), 'Complex ASA: Accessible surface area of the complex, given in Å². It corresponds to the ASA (complex) calculated with NACCESS, reported in the Surface section above.')
 5 SYSTEMPATH/Common.php(448): Laminas\Escaper\Escaper->escapeHtmlAttr('Complex ASA: Accessible surface area of the complex, given in Å². It corresponds to the ASA (complex) calculated with NACCESS, reported in the Surface section above.')
 6 APPPATH/Views/entry.php(590): esc('Complex ASA: Accessible surface area of the complex, given in Å². It corresponds to the ASA (complex) calculated with NACCESS, reported in the Surface section above.', 'attr')
 7 SYSTEMPATH/View/View.php(226): include('/Users/diego/Documents/GitHub/propedia26/app/Views/entry.php')
 8 SYSTEMPATH/View/View.php(229): CodeIgniter\View\View->{closure:CodeIgniter\View\View::render():223}()
 9 SYSTEMPATH/Common.php(1167): CodeIgniter\View\View->render('entry', [], true)
10 APPPATH/Controllers/Entry.php(57): view('entry', [...])
11 SYSTEMPATH/CodeIgniter.php(933): App\Controllers\Entry->entry('1WRZ-B-A')
12 SYSTEMPATH/CodeIgniter.php(507): CodeIgniter\CodeIgniter->runController(Object(App\Controllers\Entry))
13 SYSTEMPATH/CodeIgniter.php(354): CodeIgniter\CodeIgniter->handleRequest(null, Object(Config\Cache), false)
14 SYSTEMPATH/Boot.php(363): CodeIgniter\CodeIgniter->run()
15 SYSTEMPATH/Boot.php(68): CodeIgniter\Boot::runCodeIgniter(Object(CodeIgniter\CodeIgniter))
16 FCPATH/index.php(59): CodeIgniter\Boot::bootWeb(Object(Config\Paths))
17 SYSTEMPATH/rewrite.php(44): require_once('/Users/diego/Documents/GitHub/propedia26/public/index.php')
WARNING - 2026-08-26 17:59:44 --> [DEPRECATED] ord(): Providing a string that is not one byte long is deprecated. Use ord($str[0]) instead in SYSTEMPATH/ThirdParty/Escaper/Escaper.php on line 250.
 1 SYSTEMPATH/ThirdParty/Escaper/Escaper.php(250): ord('Å')
 2 SYSTEMPATH/ThirdParty/Escaper/Escaper.php(167): Laminas\Escaper\Escaper->htmlAttrMatcher([...])
 3 [internal function]: Laminas\Escaper\Escaper->{closure:Laminas\Escaper\Escaper::__construct():167}([...])
 4 SYSTEMPATH/ThirdParty/Escaper/Escaper.php(200): preg_replace_callback('/[^a-z0-9,\\.\\-_]/iSu', Object(Closure), 'Dissociation Area: Interface area that is broken when the complex dissociates, given in Å². It usually coincides with the interface area.')
 5 SYSTEMPATH/Common.php(448): Laminas\Escaper\Escaper->escapeHtmlAttr('Dissociation Area: Interface area that is broken when the complex dissociates, given in Å². It usually coincides with the interface area.')
 6 APPPATH/Views/entry.php(590): esc('Dissociation Area: Interface area that is broken when the complex dissociates, given in Å². It usually coincides with the interface area.', 'attr')
 7 SYSTEMPATH/View/View.php(226): include('/Users/diego/Documents/GitHub/propedia26/app/Views/entry.php')
 8 SYSTEMPATH/View/View.php(229): CodeIgniter\View\View->{closure:CodeIgniter\View\View::render():223}()
 9 SYSTEMPATH/Common.php(1167): CodeIgniter\View\View->render('entry', [], true)
10 APPPATH/Controllers/Entry.php(57): view('entry', [...])
11 SYSTEMPATH/CodeIgniter.php(933): App\Controllers\Entry->entry('1WRZ-B-A')
12 SYSTEMPATH/CodeIgniter.php(507): CodeIgniter\CodeIgniter->runController(Object(App\Controllers\Entry))
13 SYSTEMPATH/CodeIgniter.php(354): CodeIgniter\CodeIgniter->handleRequest(null, Object(Config\Cache), false)
14 SYSTEMPATH/Boot.php(363): CodeIgniter\CodeIgniter->run()
15 SYSTEMPATH/Boot.php(68): CodeIgniter\Boot::runCodeIgniter(Object(CodeIgniter\CodeIgniter))
16 FCPATH/index.php(59): CodeIgniter\Boot::bootWeb(Object(Config\Paths))
17 SYSTEMPATH/rewrite.php(44): require_once('/Users/diego/Documents/GitHub/propedia26/public/index.php')
WARNING - 2026-08-26 17:59:44 --> [DEPRECATED] ord(): Providing a string that is not one byte long is deprecated. Use ord($str[0]) instead in SYSTEMPATH/ThirdParty/Escaper/Escaper.php on line 250.
 1 SYSTEMPATH/ThirdParty/Escaper/Escaper.php(250): ord('²')
 2 SYSTEMPATH/ThirdParty/Escaper/Escaper.php(167): Laminas\Escaper\Escaper->htmlAttrMatcher([...])
 3 [internal function]: Laminas\Escaper\Escaper->{closure:Laminas\Escaper\Escaper::__construct():167}([...])
 4 SYSTEMPATH/ThirdParty/Escaper/Escaper.php(200): preg_replace_callback('/[^a-z0-9,\\.\\-_]/iSu', Object(Closure), 'Dissociation Area: Interface area that is broken when the complex dissociates, given in Å². It usually coincides with the interface area.')
 5 SYSTEMPATH/Common.php(448): Laminas\Escaper\Escaper->escapeHtmlAttr('Dissociation Area: Interface area that is broken when the complex dissociates, given in Å². It usually coincides with the interface area.')
 6 APPPATH/Views/entry.php(590): esc('Dissociation Area: Interface area that is broken when the complex dissociates, given in Å². It usually coincides with the interface area.', 'attr')
 7 SYSTEMPATH/View/View.php(226): include('/Users/diego/Documents/GitHub/propedia26/app/Views/entry.php')
 8 SYSTEMPATH/View/View.php(229): CodeIgniter\View\View->{closure:CodeIgniter\View\View::render():223}()
 9 SYSTEMPATH/Common.php(1167): CodeIgniter\View\View->render('entry', [], true)
10 APPPATH/Controllers/Entry.php(57): view('entry', [...])
11 SYSTEMPATH/CodeIgniter.php(933): App\Controllers\Entry->entry('1WRZ-B-A')
12 SYSTEMPATH/CodeIgniter.php(507): CodeIgniter\CodeIgniter->runController(Object(App\Controllers\Entry))
13 SYSTEMPATH/CodeIgniter.php(354): CodeIgniter\CodeIgniter->handleRequest(null, Object(Config\Cache), false)
14 SYSTEMPATH/Boot.php(363): CodeIgniter\CodeIgniter->run()
15 SYSTEMPATH/Boot.php(68): CodeIgniter\Boot::runCodeIgniter(Object(CodeIgniter\CodeIgniter))
16 FCPATH/index.php(59): CodeIgniter\Boot::bootWeb(Object(Config\Paths))
17 SYSTEMPATH/rewrite.php(44): require_once('/Users/diego/Documents/GitHub/propedia26/public/index.php')
WARNING - 2026-08-26 17:59:44 --> [DEPRECATED] ord(): Providing a string that is not one byte long is deprecated. Use ord($str[0]) instead in SYSTEMPATH/ThirdParty/Escaper/Escaper.php on line 250.
 1 SYSTEMPATH/ThirdParty/Escaper/Escaper.php(250): ord('Δ')
 2 SYSTEMPATH/ThirdParty/Escaper/Escaper.php(167): Laminas\Escaper\Escaper->htmlAttrMatcher([...])
 3 [internal function]: Laminas\Escaper\Escaper->{closure:Laminas\Escaper\Escaper::__construct():167}([...])
 4 SYSTEMPATH/ThirdParty/Escaper/Escaper.php(200): preg_replace_callback('/[^a-z0-9,\\.\\-_]/iSu', Object(Closure), 'Solvation Energy Gain (ΔiG): Free energy gain, in kcal/mol, obtained on formation of the interface. Negative values indicate a hydrophobic interface, which favours the association. It does not include the contribution of hydrogen bonds and salt bridges across the interface.')
 5 SYSTEMPATH/Common.php(448): Laminas\Escaper\Escaper->escapeHtmlAttr('Solvation Energy Gain (ΔiG): Free energy gain, in kcal/mol, obtained on formation of the interface. Negative values indicate a hydrophobic interface, which favours the association. It does not include the contribution of hydrogen bonds and salt bridges across the interface.')
 6 APPPATH/Views/entry.php(590): esc('Solvation Energy Gain (ΔiG): Free energy gain, in kcal/mol, obtained on formation of the interface. Negative values indicate a hydrophobic interface, which favours the association. It does not include the contribution of hydrogen bonds and salt bridges across the interface.', 'attr')
 7 SYSTEMPATH/View/View.php(226): include('/Users/diego/Documents/GitHub/propedia26/app/Views/entry.php')
 8 SYSTEMPATH/View/View.php(229): CodeIgniter\View\View->{closure:CodeIgniter\View\View::render():223}()
 9 SYSTEMPATH/Common.php(1167): CodeIgniter\View\View->render('entry', [], true)
10 APPPATH/Controllers/Entry.php(57): view('entry', [...])
11 SYSTEMPATH/CodeIgniter.php(933): App\Controllers\Entry->entry('1WRZ-B-A')
12 SYSTEMPATH/CodeIgniter.php(507): CodeIgniter\CodeIgniter->runController(Object(App\Controllers\Entry))
13 SYSTEMPATH/CodeIgniter.php(354): CodeIgniter\CodeIgniter->handleRequest(null, Object(Config\Cache), false)
14 SYSTEMPATH/Boot.php(363): CodeIgniter\CodeIgniter->run()
15 SYSTEMPATH/Boot.php(68): CodeIgniter\Boot::runCodeIgniter(Object(CodeIgniter\CodeIgniter))
16 FCPATH/index.php(59): CodeIgniter\Boot::bootWeb(Object(Config\Paths))
17 SYSTEMPATH/rewrite.php(44): require_once('/Users/diego/Documents/GitHub/propedia26/public/index.php')
WARNING - 2026-08-26 17:59:44 --> [DEPRECATED] ord(): Providing a string that is not one byte long is deprecated. Use ord($str[0]) instead in SYSTEMPATH/ThirdParty/Escaper/Escaper.php on line 250.
 1 SYSTEMPATH/ThirdParty/Escaper/Escaper.php(250): ord('Δ')
 2 SYSTEMPATH/ThirdParty/Escaper/Escaper.php(167): Laminas\Escaper\Escaper->htmlAttrMatcher([...])
 3 [internal function]: Laminas\Escaper\Escaper->{closure:Laminas\Escaper\Escaper::__construct():167}([...])
 4 SYSTEMPATH/ThirdParty/Escaper/Escaper.php(200): preg_replace_callback('/[^a-z0-9,\\.\\-_]/iSu', Object(Closure), 'ΔiG P-value: Statistical significance of the solvation energy gain. Values below 0.5 indicate an interface more hydrophobic than would be expected by chance, that is, an interface likely to be interaction-specific rather than a crystal-packing artefact.')
 5 SYSTEMPATH/Common.php(448): Laminas\Escaper\Escaper->escapeHtmlAttr('ΔiG P-value: Statistical significance of the solvation energy gain. Values below 0.5 indicate an interface more hydrophobic than would be expected by chance, that is, an interface likely to be interaction-specific rather than a crystal-packing artefact.')
 6 APPPATH/Views/entry.php(590): esc('ΔiG P-value: Statistical significance of the solvation energy gain. Values below 0.5 indicate an interface more hydrophobic than would be expected by chance, that is, an interface likely to be interaction-specific rather than a crystal-packing artefact.', 'attr')
 7 SYSTEMPATH/View/View.php(226): include('/Users/diego/Documents/GitHub/propedia26/app/Views/entry.php')
 8 SYSTEMPATH/View/View.php(229): CodeIgniter\View\View->{closure:CodeIgniter\View\View::render():223}()
 9 SYSTEMPATH/Common.php(1167): CodeIgniter\View\View->render('entry', [], true)
10 APPPATH/Controllers/Entry.php(57): view('entry', [...])
11 SYSTEMPATH/CodeIgniter.php(933): App\Controllers\Entry->entry('1WRZ-B-A')
12 SYSTEMPATH/CodeIgniter.php(507): CodeIgniter\CodeIgniter->runController(Object(App\Controllers\Entry))
13 SYSTEMPATH/CodeIgniter.php(354): CodeIgniter\CodeIgniter->handleRequest(null, Object(Config\Cache), false)
14 SYSTEMPATH/Boot.php(363): CodeIgniter\CodeIgniter->run()
15 SYSTEMPATH/Boot.php(68): CodeIgniter\Boot::runCodeIgniter(Object(CodeIgniter\CodeIgniter))
16 FCPATH/index.php(59): CodeIgniter\Boot::bootWeb(Object(Config\Paths))
17 SYSTEMPATH/rewrite.php(44): require_once('/Users/diego/Documents/GitHub/propedia26/public/index.php')
WARNING - 2026-08-26 17:59:44 --> [DEPRECATED] ord(): Providing a string that is not one byte long is deprecated. Use ord($str[0]) instead in SYSTEMPATH/ThirdParty/Escaper/Escaper.php on line 250.
 1 SYSTEMPATH/ThirdParty/Escaper/Escaper.php(250): ord('Δ')
 2 SYSTEMPATH/ThirdParty/Escaper/Escaper.php(167): Laminas\Escaper\Escaper->htmlAttrMatcher([...])
 3 [internal function]: Laminas\Escaper\Escaper->{closure:Laminas\Escaper\Escaper::__construct():167}([...])
 4 SYSTEMPATH/ThirdParty/Escaper/Escaper.php(200): preg_replace_callback('/[^a-z0-9,\\.\\-_]/iSu', Object(Closure), 'Total Interaction Energy: Solvation energy gain summed over all the interfaces of the structure, in kcal/mol. It is equal to the interface ΔiG when the structure has a single interface.')
 5 SYSTEMPATH/Common.php(448): Laminas\Escaper\Escaper->escapeHtmlAttr('Total Interaction Energy: Solvation energy gain summed over all the interfaces of the structure, in kcal/mol. It is equal to the interface ΔiG when the structure has a single interface.')
 6 APPPATH/Views/entry.php(590): esc('Total Interaction Energy: Solvation energy gain summed over all the interfaces of the structure, in kcal/mol. It is equal to the interface ΔiG when the structure has a single interface.', 'attr')
 7 SYSTEMPATH/View/View.php(226): include('/Users/diego/Documents/GitHub/propedia26/app/Views/entry.php')
 8 SYSTEMPATH/View/View.php(229): CodeIgniter\View\View->{closure:CodeIgniter\View\View::render():223}()
 9 SYSTEMPATH/Common.php(1167): CodeIgniter\View\View->render('entry', [], true)
10 APPPATH/Controllers/Entry.php(57): view('entry', [...])
11 SYSTEMPATH/CodeIgniter.php(933): App\Controllers\Entry->entry('1WRZ-B-A')
12 SYSTEMPATH/CodeIgniter.php(507): CodeIgniter\CodeIgniter->runController(Object(App\Controllers\Entry))
13 SYSTEMPATH/CodeIgniter.php(354): CodeIgniter\CodeIgniter->handleRequest(null, Object(Config\Cache), false)
14 SYSTEMPATH/Boot.php(363): CodeIgniter\CodeIgniter->run()
15 SYSTEMPATH/Boot.php(68): CodeIgniter\Boot::runCodeIgniter(Object(CodeIgniter\CodeIgniter))
16 FCPATH/index.php(59): CodeIgniter\Boot::bootWeb(Object(Config\Paths))
17 SYSTEMPATH/rewrite.php(44): require_once('/Users/diego/Documents/GitHub/propedia26/public/index.php')
WARNING - 2026-08-26 17:59:44 --> [DEPRECATED] ord(): Providing a string that is not one byte long is deprecated. Use ord($str[0]) instead in SYSTEMPATH/ThirdParty/Escaper/Escaper.php on line 250.
 1 SYSTEMPATH/ThirdParty/Escaper/Escaper.php(250): ord('Δ')
 2 SYSTEMPATH/ThirdParty/Escaper/Escaper.php(167): Laminas\Escaper\Escaper->htmlAttrMatcher([...])
 3 [internal function]: Laminas\Escaper\Escaper->{closure:Laminas\Escaper\Escaper::__construct():167}([...])
 4 SYSTEMPATH/ThirdParty/Escaper/Escaper.php(200): preg_replace_callback('/[^a-z0-9,\\.\\-_]/iSu', Object(Closure), 'Dissociation Free Energy (ΔGdiss): Free energy required to dissociate the complex, in kcal/mol. Positive values indicate a thermodynamically stable complex. It is the PISA counterpart of the binding affinity predicted by PRODIGY, reported in the Interaction energy section above with the opposite sign.')
 5 SYSTEMPATH/Common.php(448): Laminas\Escaper\Escaper->escapeHtmlAttr('Dissociation Free Energy (ΔGdiss): Free energy required to dissociate the complex, in kcal/mol. Positive values indicate a thermodynamically stable complex. It is the PISA counterpart of the binding affinity predicted by PRODIGY, reported in the Interaction energy section above with the opposite sign.')
 6 APPPATH/Views/entry.php(590): esc('Dissociation Free Energy (ΔGdiss): Free energy required to dissociate the complex, in kcal/mol. Positive values indicate a thermodynamically stable complex. It is the PISA counterpart of the binding affinity predicted by PRODIGY, reported in the Interaction energy section above with the opposite sign.', 'attr')
 7 SYSTEMPATH/View/View.php(226): include('/Users/diego/Documents/GitHub/propedia26/app/Views/entry.php')
 8 SYSTEMPATH/View/View.php(229): CodeIgniter\View\View->{closure:CodeIgniter\View\View::render():223}()
 9 SYSTEMPATH/Common.php(1167): CodeIgniter\View\View->render('entry', [], true)
10 APPPATH/Controllers/Entry.php(57): view('entry', [...])
11 SYSTEMPATH/CodeIgniter.php(933): App\Controllers\Entry->entry('1WRZ-B-A')
12 SYSTEMPATH/CodeIgniter.php(507): CodeIgniter\CodeIgniter->runController(Object(App\Controllers\Entry))
13 SYSTEMPATH/CodeIgniter.php(354): CodeIgniter\CodeIgniter->handleRequest(null, Object(Config\Cache), false)
14 SYSTEMPATH/Boot.php(363): CodeIgniter\CodeIgniter->run()
15 SYSTEMPATH/Boot.php(68): CodeIgniter\Boot::runCodeIgniter(Object(CodeIgniter\CodeIgniter))
16 FCPATH/index.php(59): CodeIgniter\Boot::bootWeb(Object(Config\Paths))
17 SYSTEMPATH/rewrite.php(44): require_once('/Users/diego/Documents/GitHub/propedia26/public/index.php')
WARNING - 2026-08-26 17:59:44 --> [DEPRECATED] ord(): Providing a string that is not one byte long is deprecated. Use ord($str[0]) instead in SYSTEMPATH/ThirdParty/Escaper/Escaper.php on line 250.
 1 SYSTEMPATH/ThirdParty/Escaper/Escaper.php(250): ord('Δ')
 2 SYSTEMPATH/ThirdParty/Escaper/Escaper.php(167): Laminas\Escaper\Escaper->htmlAttrMatcher([...])
 3 [internal function]: Laminas\Escaper\Escaper->{closure:Laminas\Escaper\Escaper::__construct():167}([...])
 4 SYSTEMPATH/ThirdParty/Escaper/Escaper.php(200): preg_replace_callback('/[^a-z0-9,\\.\\-_]/iSu', Object(Closure), 'Dissociation Entropy (TΔS): Entropic cost of the association, in kcal/mol. It always opposes the formation of the complex and is taken into account in the calculation of ΔGdiss.')
 5 SYSTEMPATH/Common.php(448): Laminas\Escaper\Escaper->escapeHtmlAttr('Dissociation Entropy (TΔS): Entropic cost of the association, in kcal/mol. It always opposes the formation of the complex and is taken into account in the calculation of ΔGdiss.')
 6 APPPATH/Views/entry.php(590): esc('Dissociation Entropy (TΔS): Entropic cost of the association, in kcal/mol. It always opposes the formation of the complex and is taken into account in the calculation of ΔGdiss.', 'attr')
 7 SYSTEMPATH/View/View.php(226): include('/Users/diego/Documents/GitHub/propedia26/app/Views/entry.php')
 8 SYSTEMPATH/View/View.php(229): CodeIgniter\View\View->{closure:CodeIgniter\View\View::render():223}()
 9 SYSTEMPATH/Common.php(1167): CodeIgniter\View\View->render('entry', [], true)
10 APPPATH/Controllers/Entry.php(57): view('entry', [...])
11 SYSTEMPATH/CodeIgniter.php(933): App\Controllers\Entry->entry('1WRZ-B-A')
12 SYSTEMPATH/CodeIgniter.php(507): CodeIgniter\CodeIgniter->runController(Object(App\Controllers\Entry))
13 SYSTEMPATH/CodeIgniter.php(354): CodeIgniter\CodeIgniter->handleRequest(null, Object(Config\Cache), false)
14 SYSTEMPATH/Boot.php(363): CodeIgniter\CodeIgniter->run()
15 SYSTEMPATH/Boot.php(68): CodeIgniter\Boot::runCodeIgniter(Object(CodeIgniter\CodeIgniter))
16 FCPATH/index.php(59): CodeIgniter\Boot::bootWeb(Object(Config\Paths))
17 SYSTEMPATH/rewrite.php(44): require_once('/Users/diego/Documents/GitHub/propedia26/public/index.php')
WARNING - 2026-08-26 17:59:44 --> [DEPRECATED] ord(): Providing a string that is not one byte long is deprecated. Use ord($str[0]) instead in SYSTEMPATH/ThirdParty/Escaper/Escaper.php on line 250.
 1 SYSTEMPATH/ThirdParty/Escaper/Escaper.php(250): ord('Δ')
 2 SYSTEMPATH/ThirdParty/Escaper/Escaper.php(167): Laminas\Escaper\Escaper->htmlAttrMatcher([...])
 3 [internal function]: Laminas\Escaper\Escaper->{closure:Laminas\Escaper\Escaper::__construct():167}([...])
 4 SYSTEMPATH/ThirdParty/Escaper/Escaper.php(200): preg_replace_callback('/[^a-z0-9,\\.\\-_]/iSu', Object(Closure), 'Dissociation Entropy (TΔS): Entropic cost of the association, in kcal/mol. It always opposes the formation of the complex and is taken into account in the calculation of ΔGdiss.')
 5 SYSTEMPATH/Common.php(448): Laminas\Escaper\Escaper->escapeHtmlAttr('Dissociation Entropy (TΔS): Entropic cost of the association, in kcal/mol. It always opposes the formation of the complex and is taken into account in the calculation of ΔGdiss.')
 6 APPPATH/Views/entry.php(590): esc('Dissociation Entropy (TΔS): Entropic cost of the association, in kcal/mol. It always opposes the formation of the complex and is taken into account in the calculation of ΔGdiss.', 'attr')
 7 SYSTEMPATH/View/View.php(226): include('/Users/diego/Documents/GitHub/propedia26/app/Views/entry.php')
 8 SYSTEMPATH/View/View.php(229): CodeIgniter\View\View->{closure:CodeIgniter\View\View::render():223}()
 9 SYSTEMPATH/Common.php(1167): CodeIgniter\View\View->render('entry', [], true)
10 APPPATH/Controllers/Entry.php(57): view('entry', [...])
11 SYSTEMPATH/CodeIgniter.php(933): App\Controllers\Entry->entry('1WRZ-B-A')
12 SYSTEMPATH/CodeIgniter.php(507): CodeIgniter\CodeIgniter->runController(Object(App\Controllers\Entry))
13 SYSTEMPATH/CodeIgniter.php(354): CodeIgniter\CodeIgniter->handleRequest(null, Object(Config\Cache), false)
14 SYSTEMPATH/Boot.php(363): CodeIgniter\CodeIgniter->run()
15 SYSTEMPATH/Boot.php(68): CodeIgniter\Boot::runCodeIgniter(Object(CodeIgniter\CodeIgniter))
16 FCPATH/index.php(59): CodeIgniter\Boot::bootWeb(Object(Config\Paths))
17 SYSTEMPATH/rewrite.php(44): require_once('/Users/diego/Documents/GitHub/propedia26/public/index.php')
DEBUG - 2026-08-26 17:59:44 --> Session: Class initialized using 'CodeIgniter\Session\Handlers\FileHandler' driver.
WARNING - 2026-08-26 18:01:36 --> [DEPRECATED] fgetcsv(): the $escape parameter must be provided as its default value will change in APPPATH/Controllers/Entry.php on line 37.
 1 APPPATH/Controllers/Entry.php(37): fgetcsv(resource (stream), 0, ';')
 2 SYSTEMPATH/CodeIgniter.php(933): App\Controllers\Entry->entry('1WRZ-B-A')
 3 SYSTEMPATH/CodeIgniter.php(507): CodeIgniter\CodeIgniter->runController(Object(App\Controllers\Entry))
 4 SYSTEMPATH/CodeIgniter.php(354): CodeIgniter\CodeIgniter->handleRequest(null, Object(Config\Cache), false)
 5 SYSTEMPATH/Boot.php(363): CodeIgniter\CodeIgniter->run()
 6 SYSTEMPATH/Boot.php(68): CodeIgniter\Boot::runCodeIgniter(Object(CodeIgniter\CodeIgniter))
 7 FCPATH/index.php(59): CodeIgniter\Boot::bootWeb(Object(Config\Paths))
 8 SYSTEMPATH/rewrite.php(44): require_once('/Users/diego/Documents/GitHub/propedia26/public/index.php')
WARNING - 2026-08-26 18:01:36 --> [DEPRECATED] ord(): Providing a string that is not one byte long is deprecated. Use ord($str[0]) instead in SYSTEMPATH/ThirdParty/Escaper/Escaper.php on line 250.
 1 SYSTEMPATH/ThirdParty/Escaper/Escaper.php(250): ord('Å')
 2 SYSTEMPATH/ThirdParty/Escaper/Escaper.php(167): Laminas\Escaper\Escaper->htmlAttrMatcher([...])
 3 [internal function]: Laminas\Escaper\Escaper->{closure:Laminas\Escaper\Escaper::__construct():167}([...])
 4 SYSTEMPATH/ThirdParty/Escaper/Escaper.php(200): preg_replace_callback('/[^a-z0-9,\\.\\-_]/iSu', Object(Closure), 'Interface Area: Area of one face of the protein-peptide interface, given in Å². It corresponds to the BSA calculated with NACCESS, reported in the Surface section above.')
 5 SYSTEMPATH/Common.php(448): Laminas\Escaper\Escaper->escapeHtmlAttr('Interface Area: Area of one face of the protein-peptide interface, given in Å². It corresponds to the BSA calculated with NACCESS, reported in the Surface section above.')
 6 APPPATH/Views/entry.php(590): esc('Interface Area: Area of one face of the protein-peptide interface, given in Å². It corresponds to the BSA calculated with NACCESS, reported in the Surface section above.', 'attr')
 7 SYSTEMPATH/View/View.php(226): include('/Users/diego/Documents/GitHub/propedia26/app/Views/entry.php')
 8 SYSTEMPATH/View/View.php(229): CodeIgniter\View\View->{closure:CodeIgniter\View\View::render():223}()
 9 SYSTEMPATH/Common.php(1167): CodeIgniter\View\View->render('entry', [], true)
10 APPPATH/Controllers/Entry.php(57): view('entry', [...])
11 SYSTEMPATH/CodeIgniter.php(933): App\Controllers\Entry->entry('1WRZ-B-A')
12 SYSTEMPATH/CodeIgniter.php(507): CodeIgniter\CodeIgniter->runController(Object(App\Controllers\Entry))
13 SYSTEMPATH/CodeIgniter.php(354): CodeIgniter\CodeIgniter->handleRequest(null, Object(Config\Cache), false)
14 SYSTEMPATH/Boot.php(363): CodeIgniter\CodeIgniter->run()
15 SYSTEMPATH/Boot.php(68): CodeIgniter\Boot::runCodeIgniter(Object(CodeIgniter\CodeIgniter))
16 FCPATH/index.php(59): CodeIgniter\Boot::bootWeb(Object(Config\Paths))
17 SYSTEMPATH/rewrite.php(44): require_once('/Users/diego/Documents/GitHub/propedia26/public/index.php')
WARNING - 2026-08-26 18:01:36 --> [DEPRECATED] ord(): Providing a string that is not one byte long is deprecated. Use ord($str[0]) instead in SYSTEMPATH/ThirdParty/Escaper/Escaper.php on line 250.
 1 SYSTEMPATH/ThirdParty/Escaper/Escaper.php(250): ord('²')
 2 SYSTEMPATH/ThirdParty/Escaper/Escaper.php(167): Laminas\Escaper\Escaper->htmlAttrMatcher([...])
 3 [internal function]: Laminas\Escaper\Escaper->{closure:Laminas\Escaper\Escaper::__construct():167}([...])
 4 SYSTEMPATH/ThirdParty/Escaper/Escaper.php(200): preg_replace_callback('/[^a-z0-9,\\.\\-_]/iSu', Object(Closure), 'Interface Area: Area of one face of the protein-peptide interface, given in Å². It corresponds to the BSA calculated with NACCESS, reported in the Surface section above.')
 5 SYSTEMPATH/Common.php(448): Laminas\Escaper\Escaper->escapeHtmlAttr('Interface Area: Area of one face of the protein-peptide interface, given in Å². It corresponds to the BSA calculated with NACCESS, reported in the Surface section above.')
 6 APPPATH/Views/entry.php(590): esc('Interface Area: Area of one face of the protein-peptide interface, given in Å². It corresponds to the BSA calculated with NACCESS, reported in the Surface section above.', 'attr')
 7 SYSTEMPATH/View/View.php(226): include('/Users/diego/Documents/GitHub/propedia26/app/Views/entry.php')
 8 SYSTEMPATH/View/View.php(229): CodeIgniter\View\View->{closure:CodeIgniter\View\View::render():223}()
 9 SYSTEMPATH/Common.php(1167): CodeIgniter\View\View->render('entry', [], true)
10 APPPATH/Controllers/Entry.php(57): view('entry', [...])
11 SYSTEMPATH/CodeIgniter.php(933): App\Controllers\Entry->entry('1WRZ-B-A')
12 SYSTEMPATH/CodeIgniter.php(507): CodeIgniter\CodeIgniter->runController(Object(App\Controllers\Entry))
13 SYSTEMPATH/CodeIgniter.php(354): CodeIgniter\CodeIgniter->handleRequest(null, Object(Config\Cache), false)
14 SYSTEMPATH/Boot.php(363): CodeIgniter\CodeIgniter->run()
15 SYSTEMPATH/Boot.php(68): CodeIgniter\Boot::runCodeIgniter(Object(CodeIgniter\CodeIgniter))
16 FCPATH/index.php(59): CodeIgniter\Boot::bootWeb(Object(Config\Paths))
17 SYSTEMPATH/rewrite.php(44): require_once('/Users/diego/Documents/GitHub/propedia26/public/index.php')
WARNING - 2026-08-26 18:01:36 --> [DEPRECATED] ord(): Providing a string that is not one byte long is deprecated. Use ord($str[0]) instead in SYSTEMPATH/ThirdParty/Escaper/Escaper.php on line 250.
 1 SYSTEMPATH/ThirdParty/Escaper/Escaper.php(250): ord('Å')
 2 SYSTEMPATH/ThirdParty/Escaper/Escaper.php(167): Laminas\Escaper\Escaper->htmlAttrMatcher([...])
 3 [internal function]: Laminas\Escaper\Escaper->{closure:Laminas\Escaper\Escaper::__construct():167}([...])
 4 SYSTEMPATH/ThirdParty/Escaper/Escaper.php(200): preg_replace_callback('/[^a-z0-9,\\.\\-_]/iSu', Object(Closure), 'Buried Area (peptide): Peptide surface area that becomes buried upon formation of the interface (value given in Å²).')
 5 SYSTEMPATH/Common.php(448): Laminas\Escaper\Escaper->escapeHtmlAttr('Buried Area (peptide): Peptide surface area that becomes buried upon formation of the interface (value given in Å²).')
 6 APPPATH/Views/entry.php(590): esc('Buried Area (peptide): Peptide surface area that becomes buried upon formation of the interface (value given in Å²).', 'attr')
 7 SYSTEMPATH/View/View.php(226): include('/Users/diego/Documents/GitHub/propedia26/app/Views/entry.php')
 8 SYSTEMPATH/View/View.php(229): CodeIgniter\View\View->{closure:CodeIgniter\View\View::render():223}()
 9 SYSTEMPATH/Common.php(1167): CodeIgniter\View\View->render('entry', [], true)
10 APPPATH/Controllers/Entry.php(57): view('entry', [...])
11 SYSTEMPATH/CodeIgniter.php(933): App\Controllers\Entry->entry('1WRZ-B-A')
12 SYSTEMPATH/CodeIgniter.php(507): CodeIgniter\CodeIgniter->runController(Object(App\Controllers\Entry))
13 SYSTEMPATH/CodeIgniter.php(354): CodeIgniter\CodeIgniter->handleRequest(null, Object(Config\Cache), false)
14 SYSTEMPATH/Boot.php(363): CodeIgniter\CodeIgniter->run()
15 SYSTEMPATH/Boot.php(68): CodeIgniter\Boot::runCodeIgniter(Object(CodeIgniter\CodeIgniter))
16 FCPATH/index.php(59): CodeIgniter\Boot::bootWeb(Object(Config\Paths))
17 SYSTEMPATH/rewrite.php(44): require_once('/Users/diego/Documents/GitHub/propedia26/public/index.php')
WARNING - 2026-08-26 18:01:36 --> [DEPRECATED] ord(): Providing a string that is not one byte long is deprecated. Use ord($str[0]) instead in SYSTEMPATH/ThirdParty/Escaper/Escaper.php on line 250.
 1 SYSTEMPATH/ThirdParty/Escaper/Escaper.php(250): ord('²')
 2 SYSTEMPATH/ThirdParty/Escaper/Escaper.php(167): Laminas\Escaper\Escaper->htmlAttrMatcher([...])
 3 [internal function]: Laminas\Escaper\Escaper->{closure:Laminas\Escaper\Escaper::__construct():167}([...])
 4 SYSTEMPATH/ThirdParty/Escaper/Escaper.php(200): preg_replace_callback('/[^a-z0-9,\\.\\-_]/iSu', Object(Closure), 'Buried Area (peptide): Peptide surface area that becomes buried upon formation of the interface (value given in Å²).')
 5 SYSTEMPATH/Common.php(448): Laminas\Escaper\Escaper->escapeHtmlAttr('Buried Area (peptide): Peptide surface area that becomes buried upon formation of the interface (value given in Å²).')
 6 APPPATH/Views/entry.php(590): esc('Buried Area (peptide): Peptide surface area that becomes buried upon formation of the interface (value given in Å²).', 'attr')
 7 SYSTEMPATH/View/View.php(226): include('/Users/diego/Documents/GitHub/propedia26/app/Views/entry.php')
 8 SYSTEMPATH/View/View.php(229): CodeIgniter\View\View->{closure:CodeIgniter\View\View::render():223}()
 9 SYSTEMPATH/Common.php(1167): CodeIgniter\View\View->render('entry', [], true)
10 APPPATH/Controllers/Entry.php(57): view('entry', [...])
11 SYSTEMPATH/CodeIgniter.php(933): App\Controllers\Entry->entry('1WRZ-B-A')
12 SYSTEMPATH/CodeIgniter.php(507): CodeIgniter\CodeIgniter->runController(Object(App\Controllers\Entry))
13 SYSTEMPATH/CodeIgniter.php(354): CodeIgniter\CodeIgniter->handleRequest(null, Object(Config\Cache), false)
14 SYSTEMPATH/Boot.php(363): CodeIgniter\CodeIgniter->run()
15 SYSTEMPATH/Boot.php(68): CodeIgniter\Boot::runCodeIgniter(Object(CodeIgniter\CodeIgniter))
16 FCPATH/index.php(59): CodeIgniter\Boot::bootWeb(Object(Config\Paths))
17 SYSTEMPATH/rewrite.php(44): require_once('/Users/diego/Documents/GitHub/propedia26/public/index.php')
WARNING - 2026-08-26 18:01:36 --> [DEPRECATED] ord(): Providing a string that is not one byte long is deprecated. Use ord($str[0]) instead in SYSTEMPATH/ThirdParty/Escaper/Escaper.php on line 250.
 1 SYSTEMPATH/ThirdParty/Escaper/Escaper.php(250): ord('Å')
 2 SYSTEMPATH/ThirdParty/Escaper/Escaper.php(167): Laminas\Escaper\Escaper->htmlAttrMatcher([...])
 3 [internal function]: Laminas\Escaper\Escaper->{closure:Laminas\Escaper\Escaper::__construct():167}([...])
 4 SYSTEMPATH/ThirdParty/Escaper/Escaper.php(200): preg_replace_callback('/[^a-z0-9,\\.\\-_]/iSu', Object(Closure), 'Buried Area (protein): Protein surface area that becomes buried upon formation of the interface (value given in Å²).')
 5 SYSTEMPATH/Common.php(448): Laminas\Escaper\Escaper->escapeHtmlAttr('Buried Area (protein): Protein surface area that becomes buried upon formation of the interface (value given in Å²).')
 6 APPPATH/Views/entry.php(590): esc('Buried Area (protein): Protein surface area that becomes buried upon formation of the interface (value given in Å²).', 'attr')
 7 SYSTEMPATH/View/View.php(226): include('/Users/diego/Documents/GitHub/propedia26/app/Views/entry.php')
 8 SYSTEMPATH/View/View.php(229): CodeIgniter\View\View->{closure:CodeIgniter\View\View::render():223}()
 9 SYSTEMPATH/Common.php(1167): CodeIgniter\View\View->render('entry', [], true)
10 APPPATH/Controllers/Entry.php(57): view('entry', [...])
11 SYSTEMPATH/CodeIgniter.php(933): App\Controllers\Entry->entry('1WRZ-B-A')
12 SYSTEMPATH/CodeIgniter.php(507): CodeIgniter\CodeIgniter->runController(Object(App\Controllers\Entry))
13 SYSTEMPATH/CodeIgniter.php(354): CodeIgniter\CodeIgniter->handleRequest(null, Object(Config\Cache), false)
14 SYSTEMPATH/Boot.php(363): CodeIgniter\CodeIgniter->run()
15 SYSTEMPATH/Boot.php(68): CodeIgniter\Boot::runCodeIgniter(Object(CodeIgniter\CodeIgniter))
16 FCPATH/index.php(59): CodeIgniter\Boot::bootWeb(Object(Config\Paths))
17 SYSTEMPATH/rewrite.php(44): require_once('/Users/diego/Documents/GitHub/propedia26/public/index.php')
WARNING - 2026-08-26 18:01:36 --> [DEPRECATED] ord(): Providing a string that is not one byte long is deprecated. Use ord($str[0]) instead in SYSTEMPATH/ThirdParty/Escaper/Escaper.php on line 250.
 1 SYSTEMPATH/ThirdParty/Escaper/Escaper.php(250): ord('²')
 2 SYSTEMPATH/ThirdParty/Escaper/Escaper.php(167): Laminas\Escaper\Escaper->htmlAttrMatcher([...])
 3 [internal function]: Laminas\Escaper\Escaper->{closure:Laminas\Escaper\Escaper::__construct():167}([...])
 4 SYSTEMPATH/ThirdParty/Escaper/Escaper.php(200): preg_replace_callback('/[^a-z0-9,\\.\\-_]/iSu', Object(Closure), 'Buried Area (protein): Protein surface area that becomes buried upon formation of the interface (value given in Å²).')
 5 SYSTEMPATH/Common.php(448): Laminas\Escaper\Escaper->escapeHtmlAttr('Buried Area (protein): Protein surface area that becomes buried upon formation of the interface (value given in Å²).')
 6 APPPATH/Views/entry.php(590): esc('Buried Area (protein): Protein surface area that becomes buried upon formation of the interface (value given in Å²).', 'attr')
 7 SYSTEMPATH/View/View.php(226): include('/Users/diego/Documents/GitHub/propedia26/app/Views/entry.php')
 8 SYSTEMPATH/View/View.php(229): CodeIgniter\View\View->{closure:CodeIgniter\View\View::render():223}()
 9 SYSTEMPATH/Common.php(1167): CodeIgniter\View\View->render('entry', [], true)
10 APPPATH/Controllers/Entry.php(57): view('entry', [...])
11 SYSTEMPATH/CodeIgniter.php(933): App\Controllers\Entry->entry('1WRZ-B-A')
12 SYSTEMPATH/CodeIgniter.php(507): CodeIgniter\CodeIgniter->runController(Object(App\Controllers\Entry))
13 SYSTEMPATH/CodeIgniter.php(354): CodeIgniter\CodeIgniter->handleRequest(null, Object(Config\Cache), false)
14 SYSTEMPATH/Boot.php(363): CodeIgniter\CodeIgniter->run()
15 SYSTEMPATH/Boot.php(68): CodeIgniter\Boot::runCodeIgniter(Object(CodeIgniter\CodeIgniter))
16 FCPATH/index.php(59): CodeIgniter\Boot::bootWeb(Object(Config\Paths))
17 SYSTEMPATH/rewrite.php(44): require_once('/Users/diego/Documents/GitHub/propedia26/public/index.php')
WARNING - 2026-08-26 18:01:36 --> [DEPRECATED] ord(): Providing a string that is not one byte long is deprecated. Use ord($str[0]) instead in SYSTEMPATH/ThirdParty/Escaper/Escaper.php on line 250.
 1 SYSTEMPATH/ThirdParty/Escaper/Escaper.php(250): ord('Å')
 2 SYSTEMPATH/ThirdParty/Escaper/Escaper.php(167): Laminas\Escaper\Escaper->htmlAttrMatcher([...])
 3 [internal function]: Laminas\Escaper\Escaper->{closure:Laminas\Escaper\Escaper::__construct():167}([...])
 4 SYSTEMPATH/ThirdParty/Escaper/Escaper.php(200): preg_replace_callback('/[^a-z0-9,\\.\\-_]/iSu', Object(Closure), 'Total Buried Area: Total surface area buried by the association, counting both faces of the interface, in Å². It is therefore about twice the BSA reported by NACCESS, which counts a single face.')
 5 SYSTEMPATH/Common.php(448): Laminas\Escaper\Escaper->escapeHtmlAttr('Total Buried Area: Total surface area buried by the association, counting both faces of the interface, in Å². It is therefore about twice the BSA reported by NACCESS, which counts a single face.')
 6 APPPATH/Views/entry.php(590): esc('Total Buried Area: Total surface area buried by the association, counting both faces of the interface, in Å². It is therefore about twice the BSA reported by NACCESS, which counts a single face.', 'attr')
 7 SYSTEMPATH/View/View.php(226): include('/Users/diego/Documents/GitHub/propedia26/app/Views/entry.php')
 8 SYSTEMPATH/View/View.php(229): CodeIgniter\View\View->{closure:CodeIgniter\View\View::render():223}()
 9 SYSTEMPATH/Common.php(1167): CodeIgniter\View\View->render('entry', [], true)
10 APPPATH/Controllers/Entry.php(57): view('entry', [...])
11 SYSTEMPATH/CodeIgniter.php(933): App\Controllers\Entry->entry('1WRZ-B-A')
12 SYSTEMPATH/CodeIgniter.php(507): CodeIgniter\CodeIgniter->runController(Object(App\Controllers\Entry))
13 SYSTEMPATH/CodeIgniter.php(354): CodeIgniter\CodeIgniter->handleRequest(null, Object(Config\Cache), false)
14 SYSTEMPATH/Boot.php(363): CodeIgniter\CodeIgniter->run()
15 SYSTEMPATH/Boot.php(68): CodeIgniter\Boot::runCodeIgniter(Object(CodeIgniter\CodeIgniter))
16 FCPATH/index.php(59): CodeIgniter\Boot::bootWeb(Object(Config\Paths))
17 SYSTEMPATH/rewrite.php(44): require_once('/Users/diego/Documents/GitHub/propedia26/public/index.php')
WARNING - 2026-08-26 18:01:36 --> [DEPRECATED] ord(): Providing a string that is not one byte long is deprecated. Use ord($str[0]) instead in SYSTEMPATH/ThirdParty/Escaper/Escaper.php on line 250.
 1 SYSTEMPATH/ThirdParty/Escaper/Escaper.php(250): ord('²')
 2 SYSTEMPATH/ThirdParty/Escaper/Escaper.php(167): Laminas\Escaper\Escaper->htmlAttrMatcher([...])
 3 [internal function]: Laminas\Escaper\Escaper->{closure:Laminas\Escaper\Escaper::__construct():167}([...])
 4 SYSTEMPATH/ThirdParty/Escaper/Escaper.php(200): preg_replace_callback('/[^a-z0-9,\\.\\-_]/iSu', Object(Closure), 'Total Buried Area: Total surface area buried by the association, counting both faces of the interface, in Å². It is therefore about twice the BSA reported by NACCESS, which counts a single face.')
 5 SYSTEMPATH/Common.php(448): Laminas\Escaper\Escaper->escapeHtmlAttr('Total Buried Area: Total surface area buried by the association, counting both faces of the interface, in Å². It is therefore about twice the BSA reported by NACCESS, which counts a single face.')
 6 APPPATH/Views/entry.php(590): esc('Total Buried Area: Total surface area buried by the association, counting both faces of the interface, in Å². It is therefore about twice the BSA reported by NACCESS, which counts a single face.', 'attr')
 7 SYSTEMPATH/View/View.php(226): include('/Users/diego/Documents/GitHub/propedia26/app/Views/entry.php')
 8 SYSTEMPATH/View/View.php(229): CodeIgniter\View\View->{closure:CodeIgniter\View\View::render():223}()
 9 SYSTEMPATH/Common.php(1167): CodeIgniter\View\View->render('entry', [], true)
10 APPPATH/Controllers/Entry.php(57): view('entry', [...])
11 SYSTEMPATH/CodeIgniter.php(933): App\Controllers\Entry->entry('1WRZ-B-A')
12 SYSTEMPATH/CodeIgniter.php(507): CodeIgniter\CodeIgniter->runController(Object(App\Controllers\Entry))
13 SYSTEMPATH/CodeIgniter.php(354): CodeIgniter\CodeIgniter->handleRequest(null, Object(Config\Cache), false)
14 SYSTEMPATH/Boot.php(363): CodeIgniter\CodeIgniter->run()
15 SYSTEMPATH/Boot.php(68): CodeIgniter\Boot::runCodeIgniter(Object(CodeIgniter\CodeIgniter))
16 FCPATH/index.php(59): CodeIgniter\Boot::bootWeb(Object(Config\Paths))
17 SYSTEMPATH/rewrite.php(44): require_once('/Users/diego/Documents/GitHub/propedia26/public/index.php')
WARNING - 2026-08-26 18:01:36 --> [DEPRECATED] ord(): Providing a string that is not one byte long is deprecated. Use ord($str[0]) instead in SYSTEMPATH/ThirdParty/Escaper/Escaper.php on line 250.
 1 SYSTEMPATH/ThirdParty/Escaper/Escaper.php(250): ord('Å')
 2 SYSTEMPATH/ThirdParty/Escaper/Escaper.php(167): Laminas\Escaper\Escaper->htmlAttrMatcher([...])
 3 [internal function]: Laminas\Escaper\Escaper->{closure:Laminas\Escaper\Escaper::__construct():167}([...])
 4 SYSTEMPATH/ThirdParty/Escaper/Escaper.php(200): preg_replace_callback('/[^a-z0-9,\\.\\-_]/iSu', Object(Closure), 'Complex ASA: Accessible surface area of the complex, given in Å². It corresponds to the ASA (complex) calculated with NACCESS, reported in the Surface section above.')
 5 SYSTEMPATH/Common.php(448): Laminas\Escaper\Escaper->escapeHtmlAttr('Complex ASA: Accessible surface area of the complex, given in Å². It corresponds to the ASA (complex) calculated with NACCESS, reported in the Surface section above.')
 6 APPPATH/Views/entry.php(590): esc('Complex ASA: Accessible surface area of the complex, given in Å². It corresponds to the ASA (complex) calculated with NACCESS, reported in the Surface section above.', 'attr')
 7 SYSTEMPATH/View/View.php(226): include('/Users/diego/Documents/GitHub/propedia26/app/Views/entry.php')
 8 SYSTEMPATH/View/View.php(229): CodeIgniter\View\View->{closure:CodeIgniter\View\View::render():223}()
 9 SYSTEMPATH/Common.php(1167): CodeIgniter\View\View->render('entry', [], true)
10 APPPATH/Controllers/Entry.php(57): view('entry', [...])
11 SYSTEMPATH/CodeIgniter.php(933): App\Controllers\Entry->entry('1WRZ-B-A')
12 SYSTEMPATH/CodeIgniter.php(507): CodeIgniter\CodeIgniter->runController(Object(App\Controllers\Entry))
13 SYSTEMPATH/CodeIgniter.php(354): CodeIgniter\CodeIgniter->handleRequest(null, Object(Config\Cache), false)
14 SYSTEMPATH/Boot.php(363): CodeIgniter\CodeIgniter->run()
15 SYSTEMPATH/Boot.php(68): CodeIgniter\Boot::runCodeIgniter(Object(CodeIgniter\CodeIgniter))
16 FCPATH/index.php(59): CodeIgniter\Boot::bootWeb(Object(Config\Paths))
17 SYSTEMPATH/rewrite.php(44): require_once('/Users/diego/Documents/GitHub/propedia26/public/index.php')
WARNING - 2026-08-26 18:01:36 --> [DEPRECATED] ord(): Providing a string that is not one byte long is deprecated. Use ord($str[0]) instead in SYSTEMPATH/ThirdParty/Escaper/Escaper.php on line 250.
 1 SYSTEMPATH/ThirdParty/Escaper/Escaper.php(250): ord('²')
 2 SYSTEMPATH/ThirdParty/Escaper/Escaper.php(167): Laminas\Escaper\Escaper->htmlAttrMatcher([...])
 3 [internal function]: Laminas\Escaper\Escaper->{closure:Laminas\Escaper\Escaper::__construct():167}([...])
 4 SYSTEMPATH/ThirdParty/Escaper/Escaper.php(200): preg_replace_callback('/[^a-z0-9,\\.\\-_]/iSu', Object(Closure), 'Complex ASA: Accessible surface area of the complex, given in Å². It corresponds to the ASA (complex) calculated with NACCESS, reported in the Surface section above.')
 5 SYSTEMPATH/Common.php(448): Laminas\Escaper\Escaper->escapeHtmlAttr('Complex ASA: Accessible surface area of the complex, given in Å². It corresponds to the ASA (complex) calculated with NACCESS, reported in the Surface section above.')
 6 APPPATH/Views/entry.php(590): esc('Complex ASA: Accessible surface area of the complex, given in Å². It corresponds to the ASA (complex) calculated with NACCESS, reported in the Surface section above.', 'attr')
 7 SYSTEMPATH/View/View.php(226): include('/Users/diego/Documents/GitHub/propedia26/app/Views/entry.php')
 8 SYSTEMPATH/View/View.php(229): CodeIgniter\View\View->{closure:CodeIgniter\View\View::render():223}()
 9 SYSTEMPATH/Common.php(1167): CodeIgniter\View\View->render('entry', [], true)
10 APPPATH/Controllers/Entry.php(57): view('entry', [...])
11 SYSTEMPATH/CodeIgniter.php(933): App\Controllers\Entry->entry('1WRZ-B-A')
12 SYSTEMPATH/CodeIgniter.php(507): CodeIgniter\CodeIgniter->runController(Object(App\Controllers\Entry))
13 SYSTEMPATH/CodeIgniter.php(354): CodeIgniter\CodeIgniter->handleRequest(null, Object(Config\Cache), false)
14 SYSTEMPATH/Boot.php(363): CodeIgniter\CodeIgniter->run()
15 SYSTEMPATH/Boot.php(68): CodeIgniter\Boot::runCodeIgniter(Object(CodeIgniter\CodeIgniter))
16 FCPATH/index.php(59): CodeIgniter\Boot::bootWeb(Object(Config\Paths))
17 SYSTEMPATH/rewrite.php(44): require_once('/Users/diego/Documents/GitHub/propedia26/public/index.php')
WARNING - 2026-08-26 18:01:36 --> [DEPRECATED] ord(): Providing a string that is not one byte long is deprecated. Use ord($str[0]) instead in SYSTEMPATH/ThirdParty/Escaper/Escaper.php on line 250.
 1 SYSTEMPATH/ThirdParty/Escaper/Escaper.php(250): ord('Å')
 2 SYSTEMPATH/ThirdParty/Escaper/Escaper.php(167): Laminas\Escaper\Escaper->htmlAttrMatcher([...])
 3 [internal function]: Laminas\Escaper\Escaper->{closure:Laminas\Escaper\Escaper::__construct():167}([...])
 4 SYSTEMPATH/ThirdParty/Escaper/Escaper.php(200): preg_replace_callback('/[^a-z0-9,\\.\\-_]/iSu', Object(Closure), 'Dissociation Area: Interface area that is broken when the complex dissociates, given in Å². It usually coincides with the interface area.')
 5 SYSTEMPATH/Common.php(448): Laminas\Escaper\Escaper->escapeHtmlAttr('Dissociation Area: Interface area that is broken when the complex dissociates, given in Å². It usually coincides with the interface area.')
 6 APPPATH/Views/entry.php(590): esc('Dissociation Area: Interface area that is broken when the complex dissociates, given in Å². It usually coincides with the interface area.', 'attr')
 7 SYSTEMPATH/View/View.php(226): include('/Users/diego/Documents/GitHub/propedia26/app/Views/entry.php')
 8 SYSTEMPATH/View/View.php(229): CodeIgniter\View\View->{closure:CodeIgniter\View\View::render():223}()
 9 SYSTEMPATH/Common.php(1167): CodeIgniter\View\View->render('entry', [], true)
10 APPPATH/Controllers/Entry.php(57): view('entry', [...])
11 SYSTEMPATH/CodeIgniter.php(933): App\Controllers\Entry->entry('1WRZ-B-A')
12 SYSTEMPATH/CodeIgniter.php(507): CodeIgniter\CodeIgniter->runController(Object(App\Controllers\Entry))
13 SYSTEMPATH/CodeIgniter.php(354): CodeIgniter\CodeIgniter->handleRequest(null, Object(Config\Cache), false)
14 SYSTEMPATH/Boot.php(363): CodeIgniter\CodeIgniter->run()
15 SYSTEMPATH/Boot.php(68): CodeIgniter\Boot::runCodeIgniter(Object(CodeIgniter\CodeIgniter))
16 FCPATH/index.php(59): CodeIgniter\Boot::bootWeb(Object(Config\Paths))
17 SYSTEMPATH/rewrite.php(44): require_once('/Users/diego/Documents/GitHub/propedia26/public/index.php')
WARNING - 2026-08-26 18:01:36 --> [DEPRECATED] ord(): Providing a string that is not one byte long is deprecated. Use ord($str[0]) instead in SYSTEMPATH/ThirdParty/Escaper/Escaper.php on line 250.
 1 SYSTEMPATH/ThirdParty/Escaper/Escaper.php(250): ord('²')
 2 SYSTEMPATH/ThirdParty/Escaper/Escaper.php(167): Laminas\Escaper\Escaper->htmlAttrMatcher([...])
 3 [internal function]: Laminas\Escaper\Escaper->{closure:Laminas\Escaper\Escaper::__construct():167}([...])
 4 SYSTEMPATH/ThirdParty/Escaper/Escaper.php(200): preg_replace_callback('/[^a-z0-9,\\.\\-_]/iSu', Object(Closure), 'Dissociation Area: Interface area that is broken when the complex dissociates, given in Å². It usually coincides with the interface area.')
 5 SYSTEMPATH/Common.php(448): Laminas\Escaper\Escaper->escapeHtmlAttr('Dissociation Area: Interface area that is broken when the complex dissociates, given in Å². It usually coincides with the interface area.')
 6 APPPATH/Views/entry.php(590): esc('Dissociation Area: Interface area that is broken when the complex dissociates, given in Å². It usually coincides with the interface area.', 'attr')
 7 SYSTEMPATH/View/View.php(226): include('/Users/diego/Documents/GitHub/propedia26/app/Views/entry.php')
 8 SYSTEMPATH/View/View.php(229): CodeIgniter\View\View->{closure:CodeIgniter\View\View::render():223}()
 9 SYSTEMPATH/Common.php(1167): CodeIgniter\View\View->render('entry', [], true)
10 APPPATH/Controllers/Entry.php(57): view('entry', [...])
11 SYSTEMPATH/CodeIgniter.php(933): App\Controllers\Entry->entry('1WRZ-B-A')
12 SYSTEMPATH/CodeIgniter.php(507): CodeIgniter\CodeIgniter->runController(Object(App\Controllers\Entry))
13 SYSTEMPATH/CodeIgniter.php(354): CodeIgniter\CodeIgniter->handleRequest(null, Object(Config\Cache), false)
14 SYSTEMPATH/Boot.php(363): CodeIgniter\CodeIgniter->run()
15 SYSTEMPATH/Boot.php(68): CodeIgniter\Boot::runCodeIgniter(Object(CodeIgniter\CodeIgniter))
16 FCPATH/index.php(59): CodeIgniter\Boot::bootWeb(Object(Config\Paths))
17 SYSTEMPATH/rewrite.php(44): require_once('/Users/diego/Documents/GitHub/propedia26/public/index.php')
WARNING - 2026-08-26 18:01:36 --> [DEPRECATED] ord(): Providing a string that is not one byte long is deprecated. Use ord($str[0]) instead in SYSTEMPATH/ThirdParty/Escaper/Escaper.php on line 250.
 1 SYSTEMPATH/ThirdParty/Escaper/Escaper.php(250): ord('Δ')
 2 SYSTEMPATH/ThirdParty/Escaper/Escaper.php(167): Laminas\Escaper\Escaper->htmlAttrMatcher([...])
 3 [internal function]: Laminas\Escaper\Escaper->{closure:Laminas\Escaper\Escaper::__construct():167}([...])
 4 SYSTEMPATH/ThirdParty/Escaper/Escaper.php(200): preg_replace_callback('/[^a-z0-9,\\.\\-_]/iSu', Object(Closure), 'Solvation Energy Gain (ΔiG): Free energy gain, in kcal/mol, obtained on formation of the interface. Negative values indicate a hydrophobic interface, which favours the association. It does not include the contribution of hydrogen bonds and salt bridges across the interface.')
 5 SYSTEMPATH/Common.php(448): Laminas\Escaper\Escaper->escapeHtmlAttr('Solvation Energy Gain (ΔiG): Free energy gain, in kcal/mol, obtained on formation of the interface. Negative values indicate a hydrophobic interface, which favours the association. It does not include the contribution of hydrogen bonds and salt bridges across the interface.')
 6 APPPATH/Views/entry.php(590): esc('Solvation Energy Gain (ΔiG): Free energy gain, in kcal/mol, obtained on formation of the interface. Negative values indicate a hydrophobic interface, which favours the association. It does not include the contribution of hydrogen bonds and salt bridges across the interface.', 'attr')
 7 SYSTEMPATH/View/View.php(226): include('/Users/diego/Documents/GitHub/propedia26/app/Views/entry.php')
 8 SYSTEMPATH/View/View.php(229): CodeIgniter\View\View->{closure:CodeIgniter\View\View::render():223}()
 9 SYSTEMPATH/Common.php(1167): CodeIgniter\View\View->render('entry', [], true)
10 APPPATH/Controllers/Entry.php(57): view('entry', [...])
11 SYSTEMPATH/CodeIgniter.php(933): App\Controllers\Entry->entry('1WRZ-B-A')
12 SYSTEMPATH/CodeIgniter.php(507): CodeIgniter\CodeIgniter->runController(Object(App\Controllers\Entry))
13 SYSTEMPATH/CodeIgniter.php(354): CodeIgniter\CodeIgniter->handleRequest(null, Object(Config\Cache), false)
14 SYSTEMPATH/Boot.php(363): CodeIgniter\CodeIgniter->run()
15 SYSTEMPATH/Boot.php(68): CodeIgniter\Boot::runCodeIgniter(Object(CodeIgniter\CodeIgniter))
16 FCPATH/index.php(59): CodeIgniter\Boot::bootWeb(Object(Config\Paths))
17 SYSTEMPATH/rewrite.php(44): require_once('/Users/diego/Documents/GitHub/propedia26/public/index.php')
WARNING - 2026-08-26 18:01:36 --> [DEPRECATED] ord(): Providing a string that is not one byte long is deprecated. Use ord($str[0]) instead in SYSTEMPATH/ThirdParty/Escaper/Escaper.php on line 250.
 1 SYSTEMPATH/ThirdParty/Escaper/Escaper.php(250): ord('Δ')
 2 SYSTEMPATH/ThirdParty/Escaper/Escaper.php(167): Laminas\Escaper\Escaper->htmlAttrMatcher([...])
 3 [internal function]: Laminas\Escaper\Escaper->{closure:Laminas\Escaper\Escaper::__construct():167}([...])
 4 SYSTEMPATH/ThirdParty/Escaper/Escaper.php(200): preg_replace_callback('/[^a-z0-9,\\.\\-_]/iSu', Object(Closure), 'ΔiG P-value: Statistical significance of the solvation energy gain. Values below 0.5 indicate an interface more hydrophobic than would be expected by chance, that is, an interface likely to be interaction-specific rather than a crystal-packing artefact.')
 5 SYSTEMPATH/Common.php(448): Laminas\Escaper\Escaper->escapeHtmlAttr('ΔiG P-value: Statistical significance of the solvation energy gain. Values below 0.5 indicate an interface more hydrophobic than would be expected by chance, that is, an interface likely to be interaction-specific rather than a crystal-packing artefact.')
 6 APPPATH/Views/entry.php(590): esc('ΔiG P-value: Statistical significance of the solvation energy gain. Values below 0.5 indicate an interface more hydrophobic than would be expected by chance, that is, an interface likely to be interaction-specific rather than a crystal-packing artefact.', 'attr')
 7 SYSTEMPATH/View/View.php(226): include('/Users/diego/Documents/GitHub/propedia26/app/Views/entry.php')
 8 SYSTEMPATH/View/View.php(229): CodeIgniter\View\View->{closure:CodeIgniter\View\View::render():223}()
 9 SYSTEMPATH/Common.php(1167): CodeIgniter\View\View->render('entry', [], true)
10 APPPATH/Controllers/Entry.php(57): view('entry', [...])
11 SYSTEMPATH/CodeIgniter.php(933): App\Controllers\Entry->entry('1WRZ-B-A')
12 SYSTEMPATH/CodeIgniter.php(507): CodeIgniter\CodeIgniter->runController(Object(App\Controllers\Entry))
13 SYSTEMPATH/CodeIgniter.php(354): CodeIgniter\CodeIgniter->handleRequest(null, Object(Config\Cache), false)
14 SYSTEMPATH/Boot.php(363): CodeIgniter\CodeIgniter->run()
15 SYSTEMPATH/Boot.php(68): CodeIgniter\Boot::runCodeIgniter(Object(CodeIgniter\CodeIgniter))
16 FCPATH/index.php(59): CodeIgniter\Boot::bootWeb(Object(Config\Paths))
17 SYSTEMPATH/rewrite.php(44): require_once('/Users/diego/Documents/GitHub/propedia26/public/index.php')
WARNING - 2026-08-26 18:01:36 --> [DEPRECATED] ord(): Providing a string that is not one byte long is deprecated. Use ord($str[0]) instead in SYSTEMPATH/ThirdParty/Escaper/Escaper.php on line 250.
 1 SYSTEMPATH/ThirdParty/Escaper/Escaper.php(250): ord('Δ')
 2 SYSTEMPATH/ThirdParty/Escaper/Escaper.php(167): Laminas\Escaper\Escaper->htmlAttrMatcher([...])
 3 [internal function]: Laminas\Escaper\Escaper->{closure:Laminas\Escaper\Escaper::__construct():167}([...])
 4 SYSTEMPATH/ThirdParty/Escaper/Escaper.php(200): preg_replace_callback('/[^a-z0-9,\\.\\-_]/iSu', Object(Closure), 'Total Interaction Energy: Solvation energy gain summed over all the interfaces of the structure, in kcal/mol. It is equal to the interface ΔiG when the structure has a single interface.')
 5 SYSTEMPATH/Common.php(448): Laminas\Escaper\Escaper->escapeHtmlAttr('Total Interaction Energy: Solvation energy gain summed over all the interfaces of the structure, in kcal/mol. It is equal to the interface ΔiG when the structure has a single interface.')
 6 APPPATH/Views/entry.php(590): esc('Total Interaction Energy: Solvation energy gain summed over all the interfaces of the structure, in kcal/mol. It is equal to the interface ΔiG when the structure has a single interface.', 'attr')
 7 SYSTEMPATH/View/View.php(226): include('/Users/diego/Documents/GitHub/propedia26/app/Views/entry.php')
 8 SYSTEMPATH/View/View.php(229): CodeIgniter\View\View->{closure:CodeIgniter\View\View::render():223}()
 9 SYSTEMPATH/Common.php(1167): CodeIgniter\View\View->render('entry', [], true)
10 APPPATH/Controllers/Entry.php(57): view('entry', [...])
11 SYSTEMPATH/CodeIgniter.php(933): App\Controllers\Entry->entry('1WRZ-B-A')
12 SYSTEMPATH/CodeIgniter.php(507): CodeIgniter\CodeIgniter->runController(Object(App\Controllers\Entry))
13 SYSTEMPATH/CodeIgniter.php(354): CodeIgniter\CodeIgniter->handleRequest(null, Object(Config\Cache), false)
14 SYSTEMPATH/Boot.php(363): CodeIgniter\CodeIgniter->run()
15 SYSTEMPATH/Boot.php(68): CodeIgniter\Boot::runCodeIgniter(Object(CodeIgniter\CodeIgniter))
16 FCPATH/index.php(59): CodeIgniter\Boot::bootWeb(Object(Config\Paths))
17 SYSTEMPATH/rewrite.php(44): require_once('/Users/diego/Documents/GitHub/propedia26/public/index.php')
WARNING - 2026-08-26 18:01:36 --> [DEPRECATED] ord(): Providing a string that is not one byte long is deprecated. Use ord($str[0]) instead in SYSTEMPATH/ThirdParty/Escaper/Escaper.php on line 250.
 1 SYSTEMPATH/ThirdParty/Escaper/Escaper.php(250): ord('Δ')
 2 SYSTEMPATH/ThirdParty/Escaper/Escaper.php(167): Laminas\Escaper\Escaper->htmlAttrMatcher([...])
 3 [internal function]: Laminas\Escaper\Escaper->{closure:Laminas\Escaper\Escaper::__construct():167}([...])
 4 SYSTEMPATH/ThirdParty/Escaper/Escaper.php(200): preg_replace_callback('/[^a-z0-9,\\.\\-_]/iSu', Object(Closure), 'Dissociation Free Energy (ΔGdiss): Free energy required to dissociate the complex, in kcal/mol. Positive values indicate a thermodynamically stable complex. It is the PISA counterpart of the binding affinity predicted by PRODIGY, reported in the Interaction energy section above with the opposite sign.')
 5 SYSTEMPATH/Common.php(448): Laminas\Escaper\Escaper->escapeHtmlAttr('Dissociation Free Energy (ΔGdiss): Free energy required to dissociate the complex, in kcal/mol. Positive values indicate a thermodynamically stable complex. It is the PISA counterpart of the binding affinity predicted by PRODIGY, reported in the Interaction energy section above with the opposite sign.')
 6 APPPATH/Views/entry.php(590): esc('Dissociation Free Energy (ΔGdiss): Free energy required to dissociate the complex, in kcal/mol. Positive values indicate a thermodynamically stable complex. It is the PISA counterpart of the binding affinity predicted by PRODIGY, reported in the Interaction energy section above with the opposite sign.', 'attr')
 7 SYSTEMPATH/View/View.php(226): include('/Users/diego/Documents/GitHub/propedia26/app/Views/entry.php')
 8 SYSTEMPATH/View/View.php(229): CodeIgniter\View\View->{closure:CodeIgniter\View\View::render():223}()
 9 SYSTEMPATH/Common.php(1167): CodeIgniter\View\View->render('entry', [], true)
10 APPPATH/Controllers/Entry.php(57): view('entry', [...])
11 SYSTEMPATH/CodeIgniter.php(933): App\Controllers\Entry->entry('1WRZ-B-A')
12 SYSTEMPATH/CodeIgniter.php(507): CodeIgniter\CodeIgniter->runController(Object(App\Controllers\Entry))
13 SYSTEMPATH/CodeIgniter.php(354): CodeIgniter\CodeIgniter->handleRequest(null, Object(Config\Cache), false)
14 SYSTEMPATH/Boot.php(363): CodeIgniter\CodeIgniter->run()
15 SYSTEMPATH/Boot.php(68): CodeIgniter\Boot::runCodeIgniter(Object(CodeIgniter\CodeIgniter))
16 FCPATH/index.php(59): CodeIgniter\Boot::bootWeb(Object(Config\Paths))
17 SYSTEMPATH/rewrite.php(44): require_once('/Users/diego/Documents/GitHub/propedia26/public/index.php')
WARNING - 2026-08-26 18:01:36 --> [DEPRECATED] ord(): Providing a string that is not one byte long is deprecated. Use ord($str[0]) instead in SYSTEMPATH/ThirdParty/Escaper/Escaper.php on line 250.
 1 SYSTEMPATH/ThirdParty/Escaper/Escaper.php(250): ord('Δ')
 2 SYSTEMPATH/ThirdParty/Escaper/Escaper.php(167): Laminas\Escaper\Escaper->htmlAttrMatcher([...])
 3 [internal function]: Laminas\Escaper\Escaper->{closure:Laminas\Escaper\Escaper::__construct():167}([...])
 4 SYSTEMPATH/ThirdParty/Escaper/Escaper.php(200): preg_replace_callback('/[^a-z0-9,\\.\\-_]/iSu', Object(Closure), 'Dissociation Entropy (TΔS): Entropic cost of the association, in kcal/mol. It always opposes the formation of the complex and is taken into account in the calculation of ΔGdiss.')
 5 SYSTEMPATH/Common.php(448): Laminas\Escaper\Escaper->escapeHtmlAttr('Dissociation Entropy (TΔS): Entropic cost of the association, in kcal/mol. It always opposes the formation of the complex and is taken into account in the calculation of ΔGdiss.')
 6 APPPATH/Views/entry.php(590): esc('Dissociation Entropy (TΔS): Entropic cost of the association, in kcal/mol. It always opposes the formation of the complex and is taken into account in the calculation of ΔGdiss.', 'attr')
 7 SYSTEMPATH/View/View.php(226): include('/Users/diego/Documents/GitHub/propedia26/app/Views/entry.php')
 8 SYSTEMPATH/View/View.php(229): CodeIgniter\View\View->{closure:CodeIgniter\View\View::render():223}()
 9 SYSTEMPATH/Common.php(1167): CodeIgniter\View\View->render('entry', [], true)
10 APPPATH/Controllers/Entry.php(57): view('entry', [...])
11 SYSTEMPATH/CodeIgniter.php(933): App\Controllers\Entry->entry('1WRZ-B-A')
12 SYSTEMPATH/CodeIgniter.php(507): CodeIgniter\CodeIgniter->runController(Object(App\Controllers\Entry))
13 SYSTEMPATH/CodeIgniter.php(354): CodeIgniter\CodeIgniter->handleRequest(null, Object(Config\Cache), false)
14 SYSTEMPATH/Boot.php(363): CodeIgniter\CodeIgniter->run()
15 SYSTEMPATH/Boot.php(68): CodeIgniter\Boot::runCodeIgniter(Object(CodeIgniter\CodeIgniter))
16 FCPATH/index.php(59): CodeIgniter\Boot::bootWeb(Object(Config\Paths))
17 SYSTEMPATH/rewrite.php(44): require_once('/Users/diego/Documents/GitHub/propedia26/public/index.php')
WARNING - 2026-08-26 18:01:36 --> [DEPRECATED] ord(): Providing a string that is not one byte long is deprecated. Use ord($str[0]) instead in SYSTEMPATH/ThirdParty/Escaper/Escaper.php on line 250.
 1 SYSTEMPATH/ThirdParty/Escaper/Escaper.php(250): ord('Δ')
 2 SYSTEMPATH/ThirdParty/Escaper/Escaper.php(167): Laminas\Escaper\Escaper->htmlAttrMatcher([...])
 3 [internal function]: Laminas\Escaper\Escaper->{closure:Laminas\Escaper\Escaper::__construct():167}([...])
 4 SYSTEMPATH/ThirdParty/Escaper/Escaper.php(200): preg_replace_callback('/[^a-z0-9,\\.\\-_]/iSu', Object(Closure), 'Dissociation Entropy (TΔS): Entropic cost of the association, in kcal/mol. It always opposes the formation of the complex and is taken into account in the calculation of ΔGdiss.')
 5 SYSTEMPATH/Common.php(448): Laminas\Escaper\Escaper->escapeHtmlAttr('Dissociation Entropy (TΔS): Entropic cost of the association, in kcal/mol. It always opposes the formation of the complex and is taken into account in the calculation of ΔGdiss.')
 6 APPPATH/Views/entry.php(590): esc('Dissociation Entropy (TΔS): Entropic cost of the association, in kcal/mol. It always opposes the formation of the complex and is taken into account in the calculation of ΔGdiss.', 'attr')
 7 SYSTEMPATH/View/View.php(226): include('/Users/diego/Documents/GitHub/propedia26/app/Views/entry.php')
 8 SYSTEMPATH/View/View.php(229): CodeIgniter\View\View->{closure:CodeIgniter\View\View::render():223}()
 9 SYSTEMPATH/Common.php(1167): CodeIgniter\View\View->render('entry', [], true)
10 APPPATH/Controllers/Entry.php(57): view('entry', [...])
11 SYSTEMPATH/CodeIgniter.php(933): App\Controllers\Entry->entry('1WRZ-B-A')
12 SYSTEMPATH/CodeIgniter.php(507): CodeIgniter\CodeIgniter->runController(Object(App\Controllers\Entry))
13 SYSTEMPATH/CodeIgniter.php(354): CodeIgniter\CodeIgniter->handleRequest(null, Object(Config\Cache), false)
14 SYSTEMPATH/Boot.php(363): CodeIgniter\CodeIgniter->run()
15 SYSTEMPATH/Boot.php(68): CodeIgniter\Boot::runCodeIgniter(Object(CodeIgniter\CodeIgniter))
16 FCPATH/index.php(59): CodeIgniter\Boot::bootWeb(Object(Config\Paths))
17 SYSTEMPATH/rewrite.php(44): require_once('/Users/diego/Documents/GitHub/propedia26/public/index.php')
DEBUG - 2026-08-26 18:01:36 --> Session: Class initialized using 'CodeIgniter\Session\Handlers\FileHandler' driver.
WARNING - 2026-08-26 18:02:00 --> [DEPRECATED] fgetcsv(): the $escape parameter must be provided as its default value will change in APPPATH/Controllers/Entry.php on line 37.
 1 APPPATH/Controllers/Entry.php(37): fgetcsv(resource (stream), 0, ';')
 2 SYSTEMPATH/CodeIgniter.php(933): App\Controllers\Entry->entry('1WRZ-B-A')
 3 SYSTEMPATH/CodeIgniter.php(507): CodeIgniter\CodeIgniter->runController(Object(App\Controllers\Entry))
 4 SYSTEMPATH/CodeIgniter.php(354): CodeIgniter\CodeIgniter->handleRequest(null, Object(Config\Cache), false)
 5 SYSTEMPATH/Boot.php(363): CodeIgniter\CodeIgniter->run()
 6 SYSTEMPATH/Boot.php(68): CodeIgniter\Boot::runCodeIgniter(Object(CodeIgniter\CodeIgniter))
 7 FCPATH/index.php(59): CodeIgniter\Boot::bootWeb(Object(Config\Paths))
 8 SYSTEMPATH/rewrite.php(44): require_once('/Users/diego/Documents/GitHub/propedia26/public/index.php')
WARNING - 2026-08-26 18:02:00 --> [DEPRECATED] ord(): Providing a string that is not one byte long is deprecated. Use ord($str[0]) instead in SYSTEMPATH/ThirdParty/Escaper/Escaper.php on line 250.
 1 SYSTEMPATH/ThirdParty/Escaper/Escaper.php(250): ord('Å')
 2 SYSTEMPATH/ThirdParty/Escaper/Escaper.php(167): Laminas\Escaper\Escaper->htmlAttrMatcher([...])
 3 [internal function]: Laminas\Escaper\Escaper->{closure:Laminas\Escaper\Escaper::__construct():167}([...])
 4 SYSTEMPATH/ThirdParty/Escaper/Escaper.php(200): preg_replace_callback('/[^a-z0-9,\\.\\-_]/iSu', Object(Closure), 'Interface Area: Area of one face of the protein-peptide interface, given in Å². It corresponds to the BSA calculated with NACCESS, reported in the Surface section above.')
 5 SYSTEMPATH/Common.php(448): Laminas\Escaper\Escaper->escapeHtmlAttr('Interface Area: Area of one face of the protein-peptide interface, given in Å². It corresponds to the BSA calculated with NACCESS, reported in the Surface section above.')
 6 APPPATH/Views/entry.php(590): esc('Interface Area: Area of one face of the protein-peptide interface, given in Å². It corresponds to the BSA calculated with NACCESS, reported in the Surface section above.', 'attr')
 7 SYSTEMPATH/View/View.php(226): include('/Users/diego/Documents/GitHub/propedia26/app/Views/entry.php')
 8 SYSTEMPATH/View/View.php(229): CodeIgniter\View\View->{closure:CodeIgniter\View\View::render():223}()
 9 SYSTEMPATH/Common.php(1167): CodeIgniter\View\View->render('entry', [], true)
10 APPPATH/Controllers/Entry.php(57): view('entry', [...])
11 SYSTEMPATH/CodeIgniter.php(933): App\Controllers\Entry->entry('1WRZ-B-A')
12 SYSTEMPATH/CodeIgniter.php(507): CodeIgniter\CodeIgniter->runController(Object(App\Controllers\Entry))
13 SYSTEMPATH/CodeIgniter.php(354): CodeIgniter\CodeIgniter->handleRequest(null, Object(Config\Cache), false)
14 SYSTEMPATH/Boot.php(363): CodeIgniter\CodeIgniter->run()
15 SYSTEMPATH/Boot.php(68): CodeIgniter\Boot::runCodeIgniter(Object(CodeIgniter\CodeIgniter))
16 FCPATH/index.php(59): CodeIgniter\Boot::bootWeb(Object(Config\Paths))
17 SYSTEMPATH/rewrite.php(44): require_once('/Users/diego/Documents/GitHub/propedia26/public/index.php')
WARNING - 2026-08-26 18:02:00 --> [DEPRECATED] ord(): Providing a string that is not one byte long is deprecated. Use ord($str[0]) instead in SYSTEMPATH/ThirdParty/Escaper/Escaper.php on line 250.
 1 SYSTEMPATH/ThirdParty/Escaper/Escaper.php(250): ord('²')
 2 SYSTEMPATH/ThirdParty/Escaper/Escaper.php(167): Laminas\Escaper\Escaper->htmlAttrMatcher([...])
 3 [internal function]: Laminas\Escaper\Escaper->{closure:Laminas\Escaper\Escaper::__construct():167}([...])
 4 SYSTEMPATH/ThirdParty/Escaper/Escaper.php(200): preg_replace_callback('/[^a-z0-9,\\.\\-_]/iSu', Object(Closure), 'Interface Area: Area of one face of the protein-peptide interface, given in Å². It corresponds to the BSA calculated with NACCESS, reported in the Surface section above.')
 5 SYSTEMPATH/Common.php(448): Laminas\Escaper\Escaper->escapeHtmlAttr('Interface Area: Area of one face of the protein-peptide interface, given in Å². It corresponds to the BSA calculated with NACCESS, reported in the Surface section above.')
 6 APPPATH/Views/entry.php(590): esc('Interface Area: Area of one face of the protein-peptide interface, given in Å². It corresponds to the BSA calculated with NACCESS, reported in the Surface section above.', 'attr')
 7 SYSTEMPATH/View/View.php(226): include('/Users/diego/Documents/GitHub/propedia26/app/Views/entry.php')
 8 SYSTEMPATH/View/View.php(229): CodeIgniter\View\View->{closure:CodeIgniter\View\View::render():223}()
 9 SYSTEMPATH/Common.php(1167): CodeIgniter\View\View->render('entry', [], true)
10 APPPATH/Controllers/Entry.php(57): view('entry', [...])
11 SYSTEMPATH/CodeIgniter.php(933): App\Controllers\Entry->entry('1WRZ-B-A')
12 SYSTEMPATH/CodeIgniter.php(507): CodeIgniter\CodeIgniter->runController(Object(App\Controllers\Entry))
13 SYSTEMPATH/CodeIgniter.php(354): CodeIgniter\CodeIgniter->handleRequest(null, Object(Config\Cache), false)
14 SYSTEMPATH/Boot.php(363): CodeIgniter\CodeIgniter->run()
15 SYSTEMPATH/Boot.php(68): CodeIgniter\Boot::runCodeIgniter(Object(CodeIgniter\CodeIgniter))
16 FCPATH/index.php(59): CodeIgniter\Boot::bootWeb(Object(Config\Paths))
17 SYSTEMPATH/rewrite.php(44): require_once('/Users/diego/Documents/GitHub/propedia26/public/index.php')
WARNING - 2026-08-26 18:02:00 --> [DEPRECATED] ord(): Providing a string that is not one byte long is deprecated. Use ord($str[0]) instead in SYSTEMPATH/ThirdParty/Escaper/Escaper.php on line 250.
 1 SYSTEMPATH/ThirdParty/Escaper/Escaper.php(250): ord('Å')
 2 SYSTEMPATH/ThirdParty/Escaper/Escaper.php(167): Laminas\Escaper\Escaper->htmlAttrMatcher([...])
 3 [internal function]: Laminas\Escaper\Escaper->{closure:Laminas\Escaper\Escaper::__construct():167}([...])
 4 SYSTEMPATH/ThirdParty/Escaper/Escaper.php(200): preg_replace_callback('/[^a-z0-9,\\.\\-_]/iSu', Object(Closure), 'Buried Area (peptide): Peptide surface area that becomes buried upon formation of the interface (value given in Å²).')
 5 SYSTEMPATH/Common.php(448): Laminas\Escaper\Escaper->escapeHtmlAttr('Buried Area (peptide): Peptide surface area that becomes buried upon formation of the interface (value given in Å²).')
 6 APPPATH/Views/entry.php(590): esc('Buried Area (peptide): Peptide surface area that becomes buried upon formation of the interface (value given in Å²).', 'attr')
 7 SYSTEMPATH/View/View.php(226): include('/Users/diego/Documents/GitHub/propedia26/app/Views/entry.php')
 8 SYSTEMPATH/View/View.php(229): CodeIgniter\View\View->{closure:CodeIgniter\View\View::render():223}()
 9 SYSTEMPATH/Common.php(1167): CodeIgniter\View\View->render('entry', [], true)
10 APPPATH/Controllers/Entry.php(57): view('entry', [...])
11 SYSTEMPATH/CodeIgniter.php(933): App\Controllers\Entry->entry('1WRZ-B-A')
12 SYSTEMPATH/CodeIgniter.php(507): CodeIgniter\CodeIgniter->runController(Object(App\Controllers\Entry))
13 SYSTEMPATH/CodeIgniter.php(354): CodeIgniter\CodeIgniter->handleRequest(null, Object(Config\Cache), false)
14 SYSTEMPATH/Boot.php(363): CodeIgniter\CodeIgniter->run()
15 SYSTEMPATH/Boot.php(68): CodeIgniter\Boot::runCodeIgniter(Object(CodeIgniter\CodeIgniter))
16 FCPATH/index.php(59): CodeIgniter\Boot::bootWeb(Object(Config\Paths))
17 SYSTEMPATH/rewrite.php(44): require_once('/Users/diego/Documents/GitHub/propedia26/public/index.php')
WARNING - 2026-08-26 18:02:00 --> [DEPRECATED] ord(): Providing a string that is not one byte long is deprecated. Use ord($str[0]) instead in SYSTEMPATH/ThirdParty/Escaper/Escaper.php on line 250.
 1 SYSTEMPATH/ThirdParty/Escaper/Escaper.php(250): ord('²')
 2 SYSTEMPATH/ThirdParty/Escaper/Escaper.php(167): Laminas\Escaper\Escaper->htmlAttrMatcher([...])
 3 [internal function]: Laminas\Escaper\Escaper->{closure:Laminas\Escaper\Escaper::__construct():167}([...])
 4 SYSTEMPATH/ThirdParty/Escaper/Escaper.php(200): preg_replace_callback('/[^a-z0-9,\\.\\-_]/iSu', Object(Closure), 'Buried Area (peptide): Peptide surface area that becomes buried upon formation of the interface (value given in Å²).')
 5 SYSTEMPATH/Common.php(448): Laminas\Escaper\Escaper->escapeHtmlAttr('Buried Area (peptide): Peptide surface area that becomes buried upon formation of the interface (value given in Å²).')
 6 APPPATH/Views/entry.php(590): esc('Buried Area (peptide): Peptide surface area that becomes buried upon formation of the interface (value given in Å²).', 'attr')
 7 SYSTEMPATH/View/View.php(226): include('/Users/diego/Documents/GitHub/propedia26/app/Views/entry.php')
 8 SYSTEMPATH/View/View.php(229): CodeIgniter\View\View->{closure:CodeIgniter\View\View::render():223}()
 9 SYSTEMPATH/Common.php(1167): CodeIgniter\View\View->render('entry', [], true)
10 APPPATH/Controllers/Entry.php(57): view('entry', [...])
11 SYSTEMPATH/CodeIgniter.php(933): App\Controllers\Entry->entry('1WRZ-B-A')
12 SYSTEMPATH/CodeIgniter.php(507): CodeIgniter\CodeIgniter->runController(Object(App\Controllers\Entry))
13 SYSTEMPATH/CodeIgniter.php(354): CodeIgniter\CodeIgniter->handleRequest(null, Object(Config\Cache), false)
14 SYSTEMPATH/Boot.php(363): CodeIgniter\CodeIgniter->run()
15 SYSTEMPATH/Boot.php(68): CodeIgniter\Boot::runCodeIgniter(Object(CodeIgniter\CodeIgniter))
16 FCPATH/index.php(59): CodeIgniter\Boot::bootWeb(Object(Config\Paths))
17 SYSTEMPATH/rewrite.php(44): require_once('/Users/diego/Documents/GitHub/propedia26/public/index.php')
WARNING - 2026-08-26 18:02:00 --> [DEPRECATED] ord(): Providing a string that is not one byte long is deprecated. Use ord($str[0]) instead in SYSTEMPATH/ThirdParty/Escaper/Escaper.php on line 250.
 1 SYSTEMPATH/ThirdParty/Escaper/Escaper.php(250): ord('Å')
 2 SYSTEMPATH/ThirdParty/Escaper/Escaper.php(167): Laminas\Escaper\Escaper->htmlAttrMatcher([...])
 3 [internal function]: Laminas\Escaper\Escaper->{closure:Laminas\Escaper\Escaper::__construct():167}([...])
 4 SYSTEMPATH/ThirdParty/Escaper/Escaper.php(200): preg_replace_callback('/[^a-z0-9,\\.\\-_]/iSu', Object(Closure), 'Buried Area (protein): Protein surface area that becomes buried upon formation of the interface (value given in Å²).')
 5 SYSTEMPATH/Common.php(448): Laminas\Escaper\Escaper->escapeHtmlAttr('Buried Area (protein): Protein surface area that becomes buried upon formation of the interface (value given in Å²).')
 6 APPPATH/Views/entry.php(590): esc('Buried Area (protein): Protein surface area that becomes buried upon formation of the interface (value given in Å²).', 'attr')
 7 SYSTEMPATH/View/View.php(226): include('/Users/diego/Documents/GitHub/propedia26/app/Views/entry.php')
 8 SYSTEMPATH/View/View.php(229): CodeIgniter\View\View->{closure:CodeIgniter\View\View::render():223}()
 9 SYSTEMPATH/Common.php(1167): CodeIgniter\View\View->render('entry', [], true)
10 APPPATH/Controllers/Entry.php(57): view('entry', [...])
11 SYSTEMPATH/CodeIgniter.php(933): App\Controllers\Entry->entry('1WRZ-B-A')
12 SYSTEMPATH/CodeIgniter.php(507): CodeIgniter\CodeIgniter->runController(Object(App\Controllers\Entry))
13 SYSTEMPATH/CodeIgniter.php(354): CodeIgniter\CodeIgniter->handleRequest(null, Object(Config\Cache), false)
14 SYSTEMPATH/Boot.php(363): CodeIgniter\CodeIgniter->run()
15 SYSTEMPATH/Boot.php(68): CodeIgniter\Boot::runCodeIgniter(Object(CodeIgniter\CodeIgniter))
16 FCPATH/index.php(59): CodeIgniter\Boot::bootWeb(Object(Config\Paths))
17 SYSTEMPATH/rewrite.php(44): require_once('/Users/diego/Documents/GitHub/propedia26/public/index.php')
WARNING - 2026-08-26 18:02:00 --> [DEPRECATED] ord(): Providing a string that is not one byte long is deprecated. Use ord($str[0]) instead in SYSTEMPATH/ThirdParty/Escaper/Escaper.php on line 250.
 1 SYSTEMPATH/ThirdParty/Escaper/Escaper.php(250): ord('²')
 2 SYSTEMPATH/ThirdParty/Escaper/Escaper.php(167): Laminas\Escaper\Escaper->htmlAttrMatcher([...])
 3 [internal function]: Laminas\Escaper\Escaper->{closure:Laminas\Escaper\Escaper::__construct():167}([...])
 4 SYSTEMPATH/ThirdParty/Escaper/Escaper.php(200): preg_replace_callback('/[^a-z0-9,\\.\\-_]/iSu', Object(Closure), 'Buried Area (protein): Protein surface area that becomes buried upon formation of the interface (value given in Å²).')
 5 SYSTEMPATH/Common.php(448): Laminas\Escaper\Escaper->escapeHtmlAttr('Buried Area (protein): Protein surface area that becomes buried upon formation of the interface (value given in Å²).')
 6 APPPATH/Views/entry.php(590): esc('Buried Area (protein): Protein surface area that becomes buried upon formation of the interface (value given in Å²).', 'attr')
 7 SYSTEMPATH/View/View.php(226): include('/Users/diego/Documents/GitHub/propedia26/app/Views/entry.php')
 8 SYSTEMPATH/View/View.php(229): CodeIgniter\View\View->{closure:CodeIgniter\View\View::render():223}()
 9 SYSTEMPATH/Common.php(1167): CodeIgniter\View\View->render('entry', [], true)
10 APPPATH/Controllers/Entry.php(57): view('entry', [...])
11 SYSTEMPATH/CodeIgniter.php(933): App\Controllers\Entry->entry('1WRZ-B-A')
12 SYSTEMPATH/CodeIgniter.php(507): CodeIgniter\CodeIgniter->runController(Object(App\Controllers\Entry))
13 SYSTEMPATH/CodeIgniter.php(354): CodeIgniter\CodeIgniter->handleRequest(null, Object(Config\Cache), false)
14 SYSTEMPATH/Boot.php(363): CodeIgniter\CodeIgniter->run()
15 SYSTEMPATH/Boot.php(68): CodeIgniter\Boot::runCodeIgniter(Object(CodeIgniter\CodeIgniter))
16 FCPATH/index.php(59): CodeIgniter\Boot::bootWeb(Object(Config\Paths))
17 SYSTEMPATH/rewrite.php(44): require_once('/Users/diego/Documents/GitHub/propedia26/public/index.php')
WARNING - 2026-08-26 18:02:00 --> [DEPRECATED] ord(): Providing a string that is not one byte long is deprecated. Use ord($str[0]) instead in SYSTEMPATH/ThirdParty/Escaper/Escaper.php on line 250.
 1 SYSTEMPATH/ThirdParty/Escaper/Escaper.php(250): ord('Å')
 2 SYSTEMPATH/ThirdParty/Escaper/Escaper.php(167): Laminas\Escaper\Escaper->htmlAttrMatcher([...])
 3 [internal function]: Laminas\Escaper\Escaper->{closure:Laminas\Escaper\Escaper::__construct():167}([...])
 4 SYSTEMPATH/ThirdParty/Escaper/Escaper.php(200): preg_replace_callback('/[^a-z0-9,\\.\\-_]/iSu', Object(Closure), 'Total Buried Area: Total surface area buried by the association, counting both faces of the interface, in Å². It is therefore about twice the BSA reported by NACCESS, which counts a single face.')
 5 SYSTEMPATH/Common.php(448): Laminas\Escaper\Escaper->escapeHtmlAttr('Total Buried Area: Total surface area buried by the association, counting both faces of the interface, in Å². It is therefore about twice the BSA reported by NACCESS, which counts a single face.')
 6 APPPATH/Views/entry.php(590): esc('Total Buried Area: Total surface area buried by the association, counting both faces of the interface, in Å². It is therefore about twice the BSA reported by NACCESS, which counts a single face.', 'attr')
 7 SYSTEMPATH/View/View.php(226): include('/Users/diego/Documents/GitHub/propedia26/app/Views/entry.php')
 8 SYSTEMPATH/View/View.php(229): CodeIgniter\View\View->{closure:CodeIgniter\View\View::render():223}()
 9 SYSTEMPATH/Common.php(1167): CodeIgniter\View\View->render('entry', [], true)
10 APPPATH/Controllers/Entry.php(57): view('entry', [...])
11 SYSTEMPATH/CodeIgniter.php(933): App\Controllers\Entry->entry('1WRZ-B-A')
12 SYSTEMPATH/CodeIgniter.php(507): CodeIgniter\CodeIgniter->runController(Object(App\Controllers\Entry))
13 SYSTEMPATH/CodeIgniter.php(354): CodeIgniter\CodeIgniter->handleRequest(null, Object(Config\Cache), false)
14 SYSTEMPATH/Boot.php(363): CodeIgniter\CodeIgniter->run()
15 SYSTEMPATH/Boot.php(68): CodeIgniter\Boot::runCodeIgniter(Object(CodeIgniter\CodeIgniter))
16 FCPATH/index.php(59): CodeIgniter\Boot::bootWeb(Object(Config\Paths))
17 SYSTEMPATH/rewrite.php(44): require_once('/Users/diego/Documents/GitHub/propedia26/public/index.php')
WARNING - 2026-08-26 18:02:00 --> [DEPRECATED] ord(): Providing a string that is not one byte long is deprecated. Use ord($str[0]) instead in SYSTEMPATH/ThirdParty/Escaper/Escaper.php on line 250.
 1 SYSTEMPATH/ThirdParty/Escaper/Escaper.php(250): ord('²')
 2 SYSTEMPATH/ThirdParty/Escaper/Escaper.php(167): Laminas\Escaper\Escaper->htmlAttrMatcher([...])
 3 [internal function]: Laminas\Escaper\Escaper->{closure:Laminas\Escaper\Escaper::__construct():167}([...])
 4 SYSTEMPATH/ThirdParty/Escaper/Escaper.php(200): preg_replace_callback('/[^a-z0-9,\\.\\-_]/iSu', Object(Closure), 'Total Buried Area: Total surface area buried by the association, counting both faces of the interface, in Å². It is therefore about twice the BSA reported by NACCESS, which counts a single face.')
 5 SYSTEMPATH/Common.php(448): Laminas\Escaper\Escaper->escapeHtmlAttr('Total Buried Area: Total surface area buried by the association, counting both faces of the interface, in Å². It is therefore about twice the BSA reported by NACCESS, which counts a single face.')
 6 APPPATH/Views/entry.php(590): esc('Total Buried Area: Total surface area buried by the association, counting both faces of the interface, in Å². It is therefore about twice the BSA reported by NACCESS, which counts a single face.', 'attr')
 7 SYSTEMPATH/View/View.php(226): include('/Users/diego/Documents/GitHub/propedia26/app/Views/entry.php')
 8 SYSTEMPATH/View/View.php(229): CodeIgniter\View\View->{closure:CodeIgniter\View\View::render():223}()
 9 SYSTEMPATH/Common.php(1167): CodeIgniter\View\View->render('entry', [], true)
10 APPPATH/Controllers/Entry.php(57): view('entry', [...])
11 SYSTEMPATH/CodeIgniter.php(933): App\Controllers\Entry->entry('1WRZ-B-A')
12 SYSTEMPATH/CodeIgniter.php(507): CodeIgniter\CodeIgniter->runController(Object(App\Controllers\Entry))
13 SYSTEMPATH/CodeIgniter.php(354): CodeIgniter\CodeIgniter->handleRequest(null, Object(Config\Cache), false)
14 SYSTEMPATH/Boot.php(363): CodeIgniter\CodeIgniter->run()
15 SYSTEMPATH/Boot.php(68): CodeIgniter\Boot::runCodeIgniter(Object(CodeIgniter\CodeIgniter))
16 FCPATH/index.php(59): CodeIgniter\Boot::bootWeb(Object(Config\Paths))
17 SYSTEMPATH/rewrite.php(44): require_once('/Users/diego/Documents/GitHub/propedia26/public/index.php')
WARNING - 2026-08-26 18:02:00 --> [DEPRECATED] ord(): Providing a string that is not one byte long is deprecated. Use ord($str[0]) instead in SYSTEMPATH/ThirdParty/Escaper/Escaper.php on line 250.
 1 SYSTEMPATH/ThirdParty/Escaper/Escaper.php(250): ord('Å')
 2 SYSTEMPATH/ThirdParty/Escaper/Escaper.php(167): Laminas\Escaper\Escaper->htmlAttrMatcher([...])
 3 [internal function]: Laminas\Escaper\Escaper->{closure:Laminas\Escaper\Escaper::__construct():167}([...])
 4 SYSTEMPATH/ThirdParty/Escaper/Escaper.php(200): preg_replace_callback('/[^a-z0-9,\\.\\-_]/iSu', Object(Closure), 'Complex ASA: Accessible surface area of the complex, given in Å². It corresponds to the ASA (complex) calculated with NACCESS, reported in the Surface section above.')
 5 SYSTEMPATH/Common.php(448): Laminas\Escaper\Escaper->escapeHtmlAttr('Complex ASA: Accessible surface area of the complex, given in Å². It corresponds to the ASA (complex) calculated with NACCESS, reported in the Surface section above.')
 6 APPPATH/Views/entry.php(590): esc('Complex ASA: Accessible surface area of the complex, given in Å². It corresponds to the ASA (complex) calculated with NACCESS, reported in the Surface section above.', 'attr')
 7 SYSTEMPATH/View/View.php(226): include('/Users/diego/Documents/GitHub/propedia26/app/Views/entry.php')
 8 SYSTEMPATH/View/View.php(229): CodeIgniter\View\View->{closure:CodeIgniter\View\View::render():223}()
 9 SYSTEMPATH/Common.php(1167): CodeIgniter\View\View->render('entry', [], true)
10 APPPATH/Controllers/Entry.php(57): view('entry', [...])
11 SYSTEMPATH/CodeIgniter.php(933): App\Controllers\Entry->entry('1WRZ-B-A')
12 SYSTEMPATH/CodeIgniter.php(507): CodeIgniter\CodeIgniter->runController(Object(App\Controllers\Entry))
13 SYSTEMPATH/CodeIgniter.php(354): CodeIgniter\CodeIgniter->handleRequest(null, Object(Config\Cache), false)
14 SYSTEMPATH/Boot.php(363): CodeIgniter\CodeIgniter->run()
15 SYSTEMPATH/Boot.php(68): CodeIgniter\Boot::runCodeIgniter(Object(CodeIgniter\CodeIgniter))
16 FCPATH/index.php(59): CodeIgniter\Boot::bootWeb(Object(Config\Paths))
17 SYSTEMPATH/rewrite.php(44): require_once('/Users/diego/Documents/GitHub/propedia26/public/index.php')
WARNING - 2026-08-26 18:02:00 --> [DEPRECATED] ord(): Providing a string that is not one byte long is deprecated. Use ord($str[0]) instead in SYSTEMPATH/ThirdParty/Escaper/Escaper.php on line 250.
 1 SYSTEMPATH/ThirdParty/Escaper/Escaper.php(250): ord('²')
 2 SYSTEMPATH/ThirdParty/Escaper/Escaper.php(167): Laminas\Escaper\Escaper->htmlAttrMatcher([...])
 3 [internal function]: Laminas\Escaper\Escaper->{closure:Laminas\Escaper\Escaper::__construct():167}([...])
 4 SYSTEMPATH/ThirdParty/Escaper/Escaper.php(200): preg_replace_callback('/[^a-z0-9,\\.\\-_]/iSu', Object(Closure), 'Complex ASA: Accessible surface area of the complex, given in Å². It corresponds to the ASA (complex) calculated with NACCESS, reported in the Surface section above.')
 5 SYSTEMPATH/Common.php(448): Laminas\Escaper\Escaper->escapeHtmlAttr('Complex ASA: Accessible surface area of the complex, given in Å². It corresponds to the ASA (complex) calculated with NACCESS, reported in the Surface section above.')
 6 APPPATH/Views/entry.php(590): esc('Complex ASA: Accessible surface area of the complex, given in Å². It corresponds to the ASA (complex) calculated with NACCESS, reported in the Surface section above.', 'attr')
 7 SYSTEMPATH/View/View.php(226): include('/Users/diego/Documents/GitHub/propedia26/app/Views/entry.php')
 8 SYSTEMPATH/View/View.php(229): CodeIgniter\View\View->{closure:CodeIgniter\View\View::render():223}()
 9 SYSTEMPATH/Common.php(1167): CodeIgniter\View\View->render('entry', [], true)
10 APPPATH/Controllers/Entry.php(57): view('entry', [...])
11 SYSTEMPATH/CodeIgniter.php(933): App\Controllers\Entry->entry('1WRZ-B-A')
12 SYSTEMPATH/CodeIgniter.php(507): CodeIgniter\CodeIgniter->runController(Object(App\Controllers\Entry))
13 SYSTEMPATH/CodeIgniter.php(354): CodeIgniter\CodeIgniter->handleRequest(null, Object(Config\Cache), false)
14 SYSTEMPATH/Boot.php(363): CodeIgniter\CodeIgniter->run()
15 SYSTEMPATH/Boot.php(68): CodeIgniter\Boot::runCodeIgniter(Object(CodeIgniter\CodeIgniter))
16 FCPATH/index.php(59): CodeIgniter\Boot::bootWeb(Object(Config\Paths))
17 SYSTEMPATH/rewrite.php(44): require_once('/Users/diego/Documents/GitHub/propedia26/public/index.php')
WARNING - 2026-08-26 18:02:00 --> [DEPRECATED] ord(): Providing a string that is not one byte long is deprecated. Use ord($str[0]) instead in SYSTEMPATH/ThirdParty/Escaper/Escaper.php on line 250.
 1 SYSTEMPATH/ThirdParty/Escaper/Escaper.php(250): ord('Å')
 2 SYSTEMPATH/ThirdParty/Escaper/Escaper.php(167): Laminas\Escaper\Escaper->htmlAttrMatcher([...])
 3 [internal function]: Laminas\Escaper\Escaper->{closure:Laminas\Escaper\Escaper::__construct():167}([...])
 4 SYSTEMPATH/ThirdParty/Escaper/Escaper.php(200): preg_replace_callback('/[^a-z0-9,\\.\\-_]/iSu', Object(Closure), 'Dissociation Area: Interface area that is broken when the complex dissociates, given in Å². It usually coincides with the interface area.')
 5 SYSTEMPATH/Common.php(448): Laminas\Escaper\Escaper->escapeHtmlAttr('Dissociation Area: Interface area that is broken when the complex dissociates, given in Å². It usually coincides with the interface area.')
 6 APPPATH/Views/entry.php(590): esc('Dissociation Area: Interface area that is broken when the complex dissociates, given in Å². It usually coincides with the interface area.', 'attr')
 7 SYSTEMPATH/View/View.php(226): include('/Users/diego/Documents/GitHub/propedia26/app/Views/entry.php')
 8 SYSTEMPATH/View/View.php(229): CodeIgniter\View\View->{closure:CodeIgniter\View\View::render():223}()
 9 SYSTEMPATH/Common.php(1167): CodeIgniter\View\View->render('entry', [], true)
10 APPPATH/Controllers/Entry.php(57): view('entry', [...])
11 SYSTEMPATH/CodeIgniter.php(933): App\Controllers\Entry->entry('1WRZ-B-A')
12 SYSTEMPATH/CodeIgniter.php(507): CodeIgniter\CodeIgniter->runController(Object(App\Controllers\Entry))
13 SYSTEMPATH/CodeIgniter.php(354): CodeIgniter\CodeIgniter->handleRequest(null, Object(Config\Cache), false)
14 SYSTEMPATH/Boot.php(363): CodeIgniter\CodeIgniter->run()
15 SYSTEMPATH/Boot.php(68): CodeIgniter\Boot::runCodeIgniter(Object(CodeIgniter\CodeIgniter))
16 FCPATH/index.php(59): CodeIgniter\Boot::bootWeb(Object(Config\Paths))
17 SYSTEMPATH/rewrite.php(44): require_once('/Users/diego/Documents/GitHub/propedia26/public/index.php')
WARNING - 2026-08-26 18:02:00 --> [DEPRECATED] ord(): Providing a string that is not one byte long is deprecated. Use ord($str[0]) instead in SYSTEMPATH/ThirdParty/Escaper/Escaper.php on line 250.
 1 SYSTEMPATH/ThirdParty/Escaper/Escaper.php(250): ord('²')
 2 SYSTEMPATH/ThirdParty/Escaper/Escaper.php(167): Laminas\Escaper\Escaper->htmlAttrMatcher([...])
 3 [internal function]: Laminas\Escaper\Escaper->{closure:Laminas\Escaper\Escaper::__construct():167}([...])
 4 SYSTEMPATH/ThirdParty/Escaper/Escaper.php(200): preg_replace_callback('/[^a-z0-9,\\.\\-_]/iSu', Object(Closure), 'Dissociation Area: Interface area that is broken when the complex dissociates, given in Å². It usually coincides with the interface area.')
 5 SYSTEMPATH/Common.php(448): Laminas\Escaper\Escaper->escapeHtmlAttr('Dissociation Area: Interface area that is broken when the complex dissociates, given in Å². It usually coincides with the interface area.')
 6 APPPATH/Views/entry.php(590): esc('Dissociation Area: Interface area that is broken when the complex dissociates, given in Å². It usually coincides with the interface area.', 'attr')
 7 SYSTEMPATH/View/View.php(226): include('/Users/diego/Documents/GitHub/propedia26/app/Views/entry.php')
 8 SYSTEMPATH/View/View.php(229): CodeIgniter\View\View->{closure:CodeIgniter\View\View::render():223}()
 9 SYSTEMPATH/Common.php(1167): CodeIgniter\View\View->render('entry', [], true)
10 APPPATH/Controllers/Entry.php(57): view('entry', [...])
11 SYSTEMPATH/CodeIgniter.php(933): App\Controllers\Entry->entry('1WRZ-B-A')
12 SYSTEMPATH/CodeIgniter.php(507): CodeIgniter\CodeIgniter->runController(Object(App\Controllers\Entry))
13 SYSTEMPATH/CodeIgniter.php(354): CodeIgniter\CodeIgniter->handleRequest(null, Object(Config\Cache), false)
14 SYSTEMPATH/Boot.php(363): CodeIgniter\CodeIgniter->run()
15 SYSTEMPATH/Boot.php(68): CodeIgniter\Boot::runCodeIgniter(Object(CodeIgniter\CodeIgniter))
16 FCPATH/index.php(59): CodeIgniter\Boot::bootWeb(Object(Config\Paths))
17 SYSTEMPATH/rewrite.php(44): require_once('/Users/diego/Documents/GitHub/propedia26/public/index.php')
WARNING - 2026-08-26 18:02:00 --> [DEPRECATED] ord(): Providing a string that is not one byte long is deprecated. Use ord($str[0]) instead in SYSTEMPATH/ThirdParty/Escaper/Escaper.php on line 250.
 1 SYSTEMPATH/ThirdParty/Escaper/Escaper.php(250): ord('Δ')
 2 SYSTEMPATH/ThirdParty/Escaper/Escaper.php(167): Laminas\Escaper\Escaper->htmlAttrMatcher([...])
 3 [internal function]: Laminas\Escaper\Escaper->{closure:Laminas\Escaper\Escaper::__construct():167}([...])
 4 SYSTEMPATH/ThirdParty/Escaper/Escaper.php(200): preg_replace_callback('/[^a-z0-9,\\.\\-_]/iSu', Object(Closure), 'Dissociation Free Energy (ΔGdiss): Free energy required to dissociate the complex, in kcal/mol. Positive values indicate a thermodynamically stable complex. It is the PISA counterpart of the binding affinity predicted by PRODIGY, reported in the Interaction energy section above with the opposite sign.')
 5 SYSTEMPATH/Common.php(448): Laminas\Escaper\Escaper->escapeHtmlAttr('Dissociation Free Energy (ΔGdiss): Free energy required to dissociate the complex, in kcal/mol. Positive values indicate a thermodynamically stable complex. It is the PISA counterpart of the binding affinity predicted by PRODIGY, reported in the Interaction energy section above with the opposite sign.')
 6 APPPATH/Views/entry.php(590): esc('Dissociation Free Energy (ΔGdiss): Free energy required to dissociate the complex, in kcal/mol. Positive values indicate a thermodynamically stable complex. It is the PISA counterpart of the binding affinity predicted by PRODIGY, reported in the Interaction energy section above with the opposite sign.', 'attr')
 7 SYSTEMPATH/View/View.php(226): include('/Users/diego/Documents/GitHub/propedia26/app/Views/entry.php')
 8 SYSTEMPATH/View/View.php(229): CodeIgniter\View\View->{closure:CodeIgniter\View\View::render():223}()
 9 SYSTEMPATH/Common.php(1167): CodeIgniter\View\View->render('entry', [], true)
10 APPPATH/Controllers/Entry.php(57): view('entry', [...])
11 SYSTEMPATH/CodeIgniter.php(933): App\Controllers\Entry->entry('1WRZ-B-A')
12 SYSTEMPATH/CodeIgniter.php(507): CodeIgniter\CodeIgniter->runController(Object(App\Controllers\Entry))
13 SYSTEMPATH/CodeIgniter.php(354): CodeIgniter\CodeIgniter->handleRequest(null, Object(Config\Cache), false)
14 SYSTEMPATH/Boot.php(363): CodeIgniter\CodeIgniter->run()
15 SYSTEMPATH/Boot.php(68): CodeIgniter\Boot::runCodeIgniter(Object(CodeIgniter\CodeIgniter))
16 FCPATH/index.php(59): CodeIgniter\Boot::bootWeb(Object(Config\Paths))
17 SYSTEMPATH/rewrite.php(44): require_once('/Users/diego/Documents/GitHub/propedia26/public/index.php')
WARNING - 2026-08-26 18:02:00 --> [DEPRECATED] ord(): Providing a string that is not one byte long is deprecated. Use ord($str[0]) instead in SYSTEMPATH/ThirdParty/Escaper/Escaper.php on line 250.
 1 SYSTEMPATH/ThirdParty/Escaper/Escaper.php(250): ord('Δ')
 2 SYSTEMPATH/ThirdParty/Escaper/Escaper.php(167): Laminas\Escaper\Escaper->htmlAttrMatcher([...])
 3 [internal function]: Laminas\Escaper\Escaper->{closure:Laminas\Escaper\Escaper::__construct():167}([...])
 4 SYSTEMPATH/ThirdParty/Escaper/Escaper.php(200): preg_replace_callback('/[^a-z0-9,\\.\\-_]/iSu', Object(Closure), 'Solvation Energy Gain (ΔiG): Free energy gain, in kcal/mol, obtained on formation of the interface. Negative values indicate a hydrophobic interface, which favours the association. It does not include the contribution of hydrogen bonds and salt bridges across the interface.')
 5 SYSTEMPATH/Common.php(448): Laminas\Escaper\Escaper->escapeHtmlAttr('Solvation Energy Gain (ΔiG): Free energy gain, in kcal/mol, obtained on formation of the interface. Negative values indicate a hydrophobic interface, which favours the association. It does not include the contribution of hydrogen bonds and salt bridges across the interface.')
 6 APPPATH/Views/entry.php(590): esc('Solvation Energy Gain (ΔiG): Free energy gain, in kcal/mol, obtained on formation of the interface. Negative values indicate a hydrophobic interface, which favours the association. It does not include the contribution of hydrogen bonds and salt bridges across the interface.', 'attr')
 7 SYSTEMPATH/View/View.php(226): include('/Users/diego/Documents/GitHub/propedia26/app/Views/entry.php')
 8 SYSTEMPATH/View/View.php(229): CodeIgniter\View\View->{closure:CodeIgniter\View\View::render():223}()
 9 SYSTEMPATH/Common.php(1167): CodeIgniter\View\View->render('entry', [], true)
10 APPPATH/Controllers/Entry.php(57): view('entry', [...])
11 SYSTEMPATH/CodeIgniter.php(933): App\Controllers\Entry->entry('1WRZ-B-A')
12 SYSTEMPATH/CodeIgniter.php(507): CodeIgniter\CodeIgniter->runController(Object(App\Controllers\Entry))
13 SYSTEMPATH/CodeIgniter.php(354): CodeIgniter\CodeIgniter->handleRequest(null, Object(Config\Cache), false)
14 SYSTEMPATH/Boot.php(363): CodeIgniter\CodeIgniter->run()
15 SYSTEMPATH/Boot.php(68): CodeIgniter\Boot::runCodeIgniter(Object(CodeIgniter\CodeIgniter))
16 FCPATH/index.php(59): CodeIgniter\Boot::bootWeb(Object(Config\Paths))
17 SYSTEMPATH/rewrite.php(44): require_once('/Users/diego/Documents/GitHub/propedia26/public/index.php')
WARNING - 2026-08-26 18:02:00 --> [DEPRECATED] ord(): Providing a string that is not one byte long is deprecated. Use ord($str[0]) instead in SYSTEMPATH/ThirdParty/Escaper/Escaper.php on line 250.
 1 SYSTEMPATH/ThirdParty/Escaper/Escaper.php(250): ord('Δ')
 2 SYSTEMPATH/ThirdParty/Escaper/Escaper.php(167): Laminas\Escaper\Escaper->htmlAttrMatcher([...])
 3 [internal function]: Laminas\Escaper\Escaper->{closure:Laminas\Escaper\Escaper::__construct():167}([...])
 4 SYSTEMPATH/ThirdParty/Escaper/Escaper.php(200): preg_replace_callback('/[^a-z0-9,\\.\\-_]/iSu', Object(Closure), 'ΔiG P-value: Statistical significance of the solvation energy gain. Values below 0.5 indicate an interface more hydrophobic than would be expected by chance, that is, an interface likely to be interaction-specific rather than a crystal-packing artefact.')
 5 SYSTEMPATH/Common.php(448): Laminas\Escaper\Escaper->escapeHtmlAttr('ΔiG P-value: Statistical significance of the solvation energy gain. Values below 0.5 indicate an interface more hydrophobic than would be expected by chance, that is, an interface likely to be interaction-specific rather than a crystal-packing artefact.')
 6 APPPATH/Views/entry.php(590): esc('ΔiG P-value: Statistical significance of the solvation energy gain. Values below 0.5 indicate an interface more hydrophobic than would be expected by chance, that is, an interface likely to be interaction-specific rather than a crystal-packing artefact.', 'attr')
 7 SYSTEMPATH/View/View.php(226): include('/Users/diego/Documents/GitHub/propedia26/app/Views/entry.php')
 8 SYSTEMPATH/View/View.php(229): CodeIgniter\View\View->{closure:CodeIgniter\View\View::render():223}()
 9 SYSTEMPATH/Common.php(1167): CodeIgniter\View\View->render('entry', [], true)
10 APPPATH/Controllers/Entry.php(57): view('entry', [...])
11 SYSTEMPATH/CodeIgniter.php(933): App\Controllers\Entry->entry('1WRZ-B-A')
12 SYSTEMPATH/CodeIgniter.php(507): CodeIgniter\CodeIgniter->runController(Object(App\Controllers\Entry))
13 SYSTEMPATH/CodeIgniter.php(354): CodeIgniter\CodeIgniter->handleRequest(null, Object(Config\Cache), false)
14 SYSTEMPATH/Boot.php(363): CodeIgniter\CodeIgniter->run()
15 SYSTEMPATH/Boot.php(68): CodeIgniter\Boot::runCodeIgniter(Object(CodeIgniter\CodeIgniter))
16 FCPATH/index.php(59): CodeIgniter\Boot::bootWeb(Object(Config\Paths))
17 SYSTEMPATH/rewrite.php(44): require_once('/Users/diego/Documents/GitHub/propedia26/public/index.php')
WARNING - 2026-08-26 18:02:00 --> [DEPRECATED] ord(): Providing a string that is not one byte long is deprecated. Use ord($str[0]) instead in SYSTEMPATH/ThirdParty/Escaper/Escaper.php on line 250.
 1 SYSTEMPATH/ThirdParty/Escaper/Escaper.php(250): ord('Δ')
 2 SYSTEMPATH/ThirdParty/Escaper/Escaper.php(167): Laminas\Escaper\Escaper->htmlAttrMatcher([...])
 3 [internal function]: Laminas\Escaper\Escaper->{closure:Laminas\Escaper\Escaper::__construct():167}([...])
 4 SYSTEMPATH/ThirdParty/Escaper/Escaper.php(200): preg_replace_callback('/[^a-z0-9,\\.\\-_]/iSu', Object(Closure), 'Total Interaction Energy: Solvation energy gain summed over all the interfaces of the structure, in kcal/mol. It is equal to the interface ΔiG when the structure has a single interface.')
 5 SYSTEMPATH/Common.php(448): Laminas\Escaper\Escaper->escapeHtmlAttr('Total Interaction Energy: Solvation energy gain summed over all the interfaces of the structure, in kcal/mol. It is equal to the interface ΔiG when the structure has a single interface.')
 6 APPPATH/Views/entry.php(590): esc('Total Interaction Energy: Solvation energy gain summed over all the interfaces of the structure, in kcal/mol. It is equal to the interface ΔiG when the structure has a single interface.', 'attr')
 7 SYSTEMPATH/View/View.php(226): include('/Users/diego/Documents/GitHub/propedia26/app/Views/entry.php')
 8 SYSTEMPATH/View/View.php(229): CodeIgniter\View\View->{closure:CodeIgniter\View\View::render():223}()
 9 SYSTEMPATH/Common.php(1167): CodeIgniter\View\View->render('entry', [], true)
10 APPPATH/Controllers/Entry.php(57): view('entry', [...])
11 SYSTEMPATH/CodeIgniter.php(933): App\Controllers\Entry->entry('1WRZ-B-A')
12 SYSTEMPATH/CodeIgniter.php(507): CodeIgniter\CodeIgniter->runController(Object(App\Controllers\Entry))
13 SYSTEMPATH/CodeIgniter.php(354): CodeIgniter\CodeIgniter->handleRequest(null, Object(Config\Cache), false)
14 SYSTEMPATH/Boot.php(363): CodeIgniter\CodeIgniter->run()
15 SYSTEMPATH/Boot.php(68): CodeIgniter\Boot::runCodeIgniter(Object(CodeIgniter\CodeIgniter))
16 FCPATH/index.php(59): CodeIgniter\Boot::bootWeb(Object(Config\Paths))
17 SYSTEMPATH/rewrite.php(44): require_once('/Users/diego/Documents/GitHub/propedia26/public/index.php')
WARNING - 2026-08-26 18:02:00 --> [DEPRECATED] ord(): Providing a string that is not one byte long is deprecated. Use ord($str[0]) instead in SYSTEMPATH/ThirdParty/Escaper/Escaper.php on line 250.
 1 SYSTEMPATH/ThirdParty/Escaper/Escaper.php(250): ord('Δ')
 2 SYSTEMPATH/ThirdParty/Escaper/Escaper.php(167): Laminas\Escaper\Escaper->htmlAttrMatcher([...])
 3 [internal function]: Laminas\Escaper\Escaper->{closure:Laminas\Escaper\Escaper::__construct():167}([...])
 4 SYSTEMPATH/ThirdParty/Escaper/Escaper.php(200): preg_replace_callback('/[^a-z0-9,\\.\\-_]/iSu', Object(Closure), 'Dissociation Entropy (TΔS): Entropic cost of the association, in kcal/mol. It always opposes the formation of the complex and is taken into account in the calculation of ΔGdiss.')
 5 SYSTEMPATH/Common.php(448): Laminas\Escaper\Escaper->escapeHtmlAttr('Dissociation Entropy (TΔS): Entropic cost of the association, in kcal/mol. It always opposes the formation of the complex and is taken into account in the calculation of ΔGdiss.')
 6 APPPATH/Views/entry.php(590): esc('Dissociation Entropy (TΔS): Entropic cost of the association, in kcal/mol. It always opposes the formation of the complex and is taken into account in the calculation of ΔGdiss.', 'attr')
 7 SYSTEMPATH/View/View.php(226): include('/Users/diego/Documents/GitHub/propedia26/app/Views/entry.php')
 8 SYSTEMPATH/View/View.php(229): CodeIgniter\View\View->{closure:CodeIgniter\View\View::render():223}()
 9 SYSTEMPATH/Common.php(1167): CodeIgniter\View\View->render('entry', [], true)
10 APPPATH/Controllers/Entry.php(57): view('entry', [...])
11 SYSTEMPATH/CodeIgniter.php(933): App\Controllers\Entry->entry('1WRZ-B-A')
12 SYSTEMPATH/CodeIgniter.php(507): CodeIgniter\CodeIgniter->runController(Object(App\Controllers\Entry))
13 SYSTEMPATH/CodeIgniter.php(354): CodeIgniter\CodeIgniter->handleRequest(null, Object(Config\Cache), false)
14 SYSTEMPATH/Boot.php(363): CodeIgniter\CodeIgniter->run()
15 SYSTEMPATH/Boot.php(68): CodeIgniter\Boot::runCodeIgniter(Object(CodeIgniter\CodeIgniter))
16 FCPATH/index.php(59): CodeIgniter\Boot::bootWeb(Object(Config\Paths))
17 SYSTEMPATH/rewrite.php(44): require_once('/Users/diego/Documents/GitHub/propedia26/public/index.php')
WARNING - 2026-08-26 18:02:00 --> [DEPRECATED] ord(): Providing a string that is not one byte long is deprecated. Use ord($str[0]) instead in SYSTEMPATH/ThirdParty/Escaper/Escaper.php on line 250.
 1 SYSTEMPATH/ThirdParty/Escaper/Escaper.php(250): ord('Δ')
 2 SYSTEMPATH/ThirdParty/Escaper/Escaper.php(167): Laminas\Escaper\Escaper->htmlAttrMatcher([...])
 3 [internal function]: Laminas\Escaper\Escaper->{closure:Laminas\Escaper\Escaper::__construct():167}([...])
 4 SYSTEMPATH/ThirdParty/Escaper/Escaper.php(200): preg_replace_callback('/[^a-z0-9,\\.\\-_]/iSu', Object(Closure), 'Dissociation Entropy (TΔS): Entropic cost of the association, in kcal/mol. It always opposes the formation of the complex and is taken into account in the calculation of ΔGdiss.')
 5 SYSTEMPATH/Common.php(448): Laminas\Escaper\Escaper->escapeHtmlAttr('Dissociation Entropy (TΔS): Entropic cost of the association, in kcal/mol. It always opposes the formation of the complex and is taken into account in the calculation of ΔGdiss.')
 6 APPPATH/Views/entry.php(590): esc('Dissociation Entropy (TΔS): Entropic cost of the association, in kcal/mol. It always opposes the formation of the complex and is taken into account in the calculation of ΔGdiss.', 'attr')
 7 SYSTEMPATH/View/View.php(226): include('/Users/diego/Documents/GitHub/propedia26/app/Views/entry.php')
 8 SYSTEMPATH/View/View.php(229): CodeIgniter\View\View->{closure:CodeIgniter\View\View::render():223}()
 9 SYSTEMPATH/Common.php(1167): CodeIgniter\View\View->render('entry', [], true)
10 APPPATH/Controllers/Entry.php(57): view('entry', [...])
11 SYSTEMPATH/CodeIgniter.php(933): App\Controllers\Entry->entry('1WRZ-B-A')
12 SYSTEMPATH/CodeIgniter.php(507): CodeIgniter\CodeIgniter->runController(Object(App\Controllers\Entry))
13 SYSTEMPATH/CodeIgniter.php(354): CodeIgniter\CodeIgniter->handleRequest(null, Object(Config\Cache), false)
14 SYSTEMPATH/Boot.php(363): CodeIgniter\CodeIgniter->run()
15 SYSTEMPATH/Boot.php(68): CodeIgniter\Boot::runCodeIgniter(Object(CodeIgniter\CodeIgniter))
16 FCPATH/index.php(59): CodeIgniter\Boot::bootWeb(Object(Config\Paths))
17 SYSTEMPATH/rewrite.php(44): require_once('/Users/diego/Documents/GitHub/propedia26/public/index.php')
DEBUG - 2026-08-26 18:02:00 --> Session: Class initialized using 'CodeIgniter\Session\Handlers\FileHandler' driver.
DEBUG - 2026-08-26 22:14:22 --> Session: Class initialized using 'CodeIgniter\Session\Handlers\FileHandler' driver.
WARNING - 2026-08-26 22:16:15 --> [DEPRECATED] fgetcsv(): the $escape parameter must be provided as its default value will change in APPPATH/Controllers/Entry.php on line 37.
 1 APPPATH/Controllers/Entry.php(37): fgetcsv(resource (stream), 0, ';')
 2 SYSTEMPATH/CodeIgniter.php(933): App\Controllers\Entry->entry('1WRZ-B-A')
 3 SYSTEMPATH/CodeIgniter.php(507): CodeIgniter\CodeIgniter->runController(Object(App\Controllers\Entry))
 4 SYSTEMPATH/CodeIgniter.php(354): CodeIgniter\CodeIgniter->handleRequest(null, Object(Config\Cache), false)
 5 SYSTEMPATH/Boot.php(363): CodeIgniter\CodeIgniter->run()
 6 SYSTEMPATH/Boot.php(68): CodeIgniter\Boot::runCodeIgniter(Object(CodeIgniter\CodeIgniter))
 7 FCPATH/index.php(59): CodeIgniter\Boot::bootWeb(Object(Config\Paths))
 8 SYSTEMPATH/rewrite.php(44): require_once('/Users/diego/Documents/GitHub/propedia26/public/index.php')
WARNING - 2026-08-26 22:16:15 --> [DEPRECATED] ord(): Providing a string that is not one byte long is deprecated. Use ord($str[0]) instead in SYSTEMPATH/ThirdParty/Escaper/Escaper.php on line 250.
 1 SYSTEMPATH/ThirdParty/Escaper/Escaper.php(250): ord('Å')
 2 SYSTEMPATH/ThirdParty/Escaper/Escaper.php(167): Laminas\Escaper\Escaper->htmlAttrMatcher([...])
 3 [internal function]: Laminas\Escaper\Escaper->{closure:Laminas\Escaper\Escaper::__construct():167}([...])
 4 SYSTEMPATH/ThirdParty/Escaper/Escaper.php(200): preg_replace_callback('/[^a-z0-9,\\.\\-_]/iSu', Object(Closure), 'Interface Area: Area of one face of the protein-peptide interface, given in Å². It corresponds to the BSA calculated with NACCESS, reported in the Surface section above.')
 5 SYSTEMPATH/Common.php(448): Laminas\Escaper\Escaper->escapeHtmlAttr('Interface Area: Area of one face of the protein-peptide interface, given in Å². It corresponds to the BSA calculated with NACCESS, reported in the Surface section above.')
 6 APPPATH/Views/entry.php(590): esc('Interface Area: Area of one face of the protein-peptide interface, given in Å². It corresponds to the BSA calculated with NACCESS, reported in the Surface section above.', 'attr')
 7 SYSTEMPATH/View/View.php(226): include('/Users/diego/Documents/GitHub/propedia26/app/Views/entry.php')
 8 SYSTEMPATH/View/View.php(229): CodeIgniter\View\View->{closure:CodeIgniter\View\View::render():223}()
 9 SYSTEMPATH/Common.php(1167): CodeIgniter\View\View->render('entry', [], true)
10 APPPATH/Controllers/Entry.php(57): view('entry', [...])
11 SYSTEMPATH/CodeIgniter.php(933): App\Controllers\Entry->entry('1WRZ-B-A')
12 SYSTEMPATH/CodeIgniter.php(507): CodeIgniter\CodeIgniter->runController(Object(App\Controllers\Entry))
13 SYSTEMPATH/CodeIgniter.php(354): CodeIgniter\CodeIgniter->handleRequest(null, Object(Config\Cache), false)
14 SYSTEMPATH/Boot.php(363): CodeIgniter\CodeIgniter->run()
15 SYSTEMPATH/Boot.php(68): CodeIgniter\Boot::runCodeIgniter(Object(CodeIgniter\CodeIgniter))
16 FCPATH/index.php(59): CodeIgniter\Boot::bootWeb(Object(Config\Paths))
17 SYSTEMPATH/rewrite.php(44): require_once('/Users/diego/Documents/GitHub/propedia26/public/index.php')
WARNING - 2026-08-26 22:16:15 --> [DEPRECATED] ord(): Providing a string that is not one byte long is deprecated. Use ord($str[0]) instead in SYSTEMPATH/ThirdParty/Escaper/Escaper.php on line 250.
 1 SYSTEMPATH/ThirdParty/Escaper/Escaper.php(250): ord('²')
 2 SYSTEMPATH/ThirdParty/Escaper/Escaper.php(167): Laminas\Escaper\Escaper->htmlAttrMatcher([...])
 3 [internal function]: Laminas\Escaper\Escaper->{closure:Laminas\Escaper\Escaper::__construct():167}([...])
 4 SYSTEMPATH/ThirdParty/Escaper/Escaper.php(200): preg_replace_callback('/[^a-z0-9,\\.\\-_]/iSu', Object(Closure), 'Interface Area: Area of one face of the protein-peptide interface, given in Å². It corresponds to the BSA calculated with NACCESS, reported in the Surface section above.')
 5 SYSTEMPATH/Common.php(448): Laminas\Escaper\Escaper->escapeHtmlAttr('Interface Area: Area of one face of the protein-peptide interface, given in Å². It corresponds to the BSA calculated with NACCESS, reported in the Surface section above.')
 6 APPPATH/Views/entry.php(590): esc('Interface Area: Area of one face of the protein-peptide interface, given in Å². It corresponds to the BSA calculated with NACCESS, reported in the Surface section above.', 'attr')
 7 SYSTEMPATH/View/View.php(226): include('/Users/diego/Documents/GitHub/propedia26/app/Views/entry.php')
 8 SYSTEMPATH/View/View.php(229): CodeIgniter\View\View->{closure:CodeIgniter\View\View::render():223}()
 9 SYSTEMPATH/Common.php(1167): CodeIgniter\View\View->render('entry', [], true)
10 APPPATH/Controllers/Entry.php(57): view('entry', [...])
11 SYSTEMPATH/CodeIgniter.php(933): App\Controllers\Entry->entry('1WRZ-B-A')
12 SYSTEMPATH/CodeIgniter.php(507): CodeIgniter\CodeIgniter->runController(Object(App\Controllers\Entry))
13 SYSTEMPATH/CodeIgniter.php(354): CodeIgniter\CodeIgniter->handleRequest(null, Object(Config\Cache), false)
14 SYSTEMPATH/Boot.php(363): CodeIgniter\CodeIgniter->run()
15 SYSTEMPATH/Boot.php(68): CodeIgniter\Boot::runCodeIgniter(Object(CodeIgniter\CodeIgniter))
16 FCPATH/index.php(59): CodeIgniter\Boot::bootWeb(Object(Config\Paths))
17 SYSTEMPATH/rewrite.php(44): require_once('/Users/diego/Documents/GitHub/propedia26/public/index.php')
WARNING - 2026-08-26 22:16:16 --> [DEPRECATED] ord(): Providing a string that is not one byte long is deprecated. Use ord($str[0]) instead in SYSTEMPATH/ThirdParty/Escaper/Escaper.php on line 250.
 1 SYSTEMPATH/ThirdParty/Escaper/Escaper.php(250): ord('Å')
 2 SYSTEMPATH/ThirdParty/Escaper/Escaper.php(167): Laminas\Escaper\Escaper->htmlAttrMatcher([...])
 3 [internal function]: Laminas\Escaper\Escaper->{closure:Laminas\Escaper\Escaper::__construct():167}([...])
 4 SYSTEMPATH/ThirdParty/Escaper/Escaper.php(200): preg_replace_callback('/[^a-z0-9,\\.\\-_]/iSu', Object(Closure), 'Buried Area (peptide): Peptide surface area that becomes buried upon formation of the interface (value given in Å²).')
 5 SYSTEMPATH/Common.php(448): Laminas\Escaper\Escaper->escapeHtmlAttr('Buried Area (peptide): Peptide surface area that becomes buried upon formation of the interface (value given in Å²).')
 6 APPPATH/Views/entry.php(590): esc('Buried Area (peptide): Peptide surface area that becomes buried upon formation of the interface (value given in Å²).', 'attr')
 7 SYSTEMPATH/View/View.php(226): include('/Users/diego/Documents/GitHub/propedia26/app/Views/entry.php')
 8 SYSTEMPATH/View/View.php(229): CodeIgniter\View\View->{closure:CodeIgniter\View\View::render():223}()
 9 SYSTEMPATH/Common.php(1167): CodeIgniter\View\View->render('entry', [], true)
10 APPPATH/Controllers/Entry.php(57): view('entry', [...])
11 SYSTEMPATH/CodeIgniter.php(933): App\Controllers\Entry->entry('1WRZ-B-A')
12 SYSTEMPATH/CodeIgniter.php(507): CodeIgniter\CodeIgniter->runController(Object(App\Controllers\Entry))
13 SYSTEMPATH/CodeIgniter.php(354): CodeIgniter\CodeIgniter->handleRequest(null, Object(Config\Cache), false)
14 SYSTEMPATH/Boot.php(363): CodeIgniter\CodeIgniter->run()
15 SYSTEMPATH/Boot.php(68): CodeIgniter\Boot::runCodeIgniter(Object(CodeIgniter\CodeIgniter))
16 FCPATH/index.php(59): CodeIgniter\Boot::bootWeb(Object(Config\Paths))
17 SYSTEMPATH/rewrite.php(44): require_once('/Users/diego/Documents/GitHub/propedia26/public/index.php')
WARNING - 2026-08-26 22:16:16 --> [DEPRECATED] ord(): Providing a string that is not one byte long is deprecated. Use ord($str[0]) instead in SYSTEMPATH/ThirdParty/Escaper/Escaper.php on line 250.
 1 SYSTEMPATH/ThirdParty/Escaper/Escaper.php(250): ord('²')
 2 SYSTEMPATH/ThirdParty/Escaper/Escaper.php(167): Laminas\Escaper\Escaper->htmlAttrMatcher([...])
 3 [internal function]: Laminas\Escaper\Escaper->{closure:Laminas\Escaper\Escaper::__construct():167}([...])
 4 SYSTEMPATH/ThirdParty/Escaper/Escaper.php(200): preg_replace_callback('/[^a-z0-9,\\.\\-_]/iSu', Object(Closure), 'Buried Area (peptide): Peptide surface area that becomes buried upon formation of the interface (value given in Å²).')
 5 SYSTEMPATH/Common.php(448): Laminas\Escaper\Escaper->escapeHtmlAttr('Buried Area (peptide): Peptide surface area that becomes buried upon formation of the interface (value given in Å²).')
 6 APPPATH/Views/entry.php(590): esc('Buried Area (peptide): Peptide surface area that becomes buried upon formation of the interface (value given in Å²).', 'attr')
 7 SYSTEMPATH/View/View.php(226): include('/Users/diego/Documents/GitHub/propedia26/app/Views/entry.php')
 8 SYSTEMPATH/View/View.php(229): CodeIgniter\View\View->{closure:CodeIgniter\View\View::render():223}()
 9 SYSTEMPATH/Common.php(1167): CodeIgniter\View\View->render('entry', [], true)
10 APPPATH/Controllers/Entry.php(57): view('entry', [...])
11 SYSTEMPATH/CodeIgniter.php(933): App\Controllers\Entry->entry('1WRZ-B-A')
12 SYSTEMPATH/CodeIgniter.php(507): CodeIgniter\CodeIgniter->runController(Object(App\Controllers\Entry))
13 SYSTEMPATH/CodeIgniter.php(354): CodeIgniter\CodeIgniter->handleRequest(null, Object(Config\Cache), false)
14 SYSTEMPATH/Boot.php(363): CodeIgniter\CodeIgniter->run()
15 SYSTEMPATH/Boot.php(68): CodeIgniter\Boot::runCodeIgniter(Object(CodeIgniter\CodeIgniter))
16 FCPATH/index.php(59): CodeIgniter\Boot::bootWeb(Object(Config\Paths))
17 SYSTEMPATH/rewrite.php(44): require_once('/Users/diego/Documents/GitHub/propedia26/public/index.php')
WARNING - 2026-08-26 22:16:16 --> [DEPRECATED] ord(): Providing a string that is not one byte long is deprecated. Use ord($str[0]) instead in SYSTEMPATH/ThirdParty/Escaper/Escaper.php on line 250.
 1 SYSTEMPATH/ThirdParty/Escaper/Escaper.php(250): ord('Å')
 2 SYSTEMPATH/ThirdParty/Escaper/Escaper.php(167): Laminas\Escaper\Escaper->htmlAttrMatcher([...])
 3 [internal function]: Laminas\Escaper\Escaper->{closure:Laminas\Escaper\Escaper::__construct():167}([...])
 4 SYSTEMPATH/ThirdParty/Escaper/Escaper.php(200): preg_replace_callback('/[^a-z0-9,\\.\\-_]/iSu', Object(Closure), 'Buried Area (protein): Protein surface area that becomes buried upon formation of the interface (value given in Å²).')
 5 SYSTEMPATH/Common.php(448): Laminas\Escaper\Escaper->escapeHtmlAttr('Buried Area (protein): Protein surface area that becomes buried upon formation of the interface (value given in Å²).')
 6 APPPATH/Views/entry.php(590): esc('Buried Area (protein): Protein surface area that becomes buried upon formation of the interface (value given in Å²).', 'attr')
 7 SYSTEMPATH/View/View.php(226): include('/Users/diego/Documents/GitHub/propedia26/app/Views/entry.php')
 8 SYSTEMPATH/View/View.php(229): CodeIgniter\View\View->{closure:CodeIgniter\View\View::render():223}()
 9 SYSTEMPATH/Common.php(1167): CodeIgniter\View\View->render('entry', [], true)
10 APPPATH/Controllers/Entry.php(57): view('entry', [...])
11 SYSTEMPATH/CodeIgniter.php(933): App\Controllers\Entry->entry('1WRZ-B-A')
12 SYSTEMPATH/CodeIgniter.php(507): CodeIgniter\CodeIgniter->runController(Object(App\Controllers\Entry))
13 SYSTEMPATH/CodeIgniter.php(354): CodeIgniter\CodeIgniter->handleRequest(null, Object(Config\Cache), false)
14 SYSTEMPATH/Boot.php(363): CodeIgniter\CodeIgniter->run()
15 SYSTEMPATH/Boot.php(68): CodeIgniter\Boot::runCodeIgniter(Object(CodeIgniter\CodeIgniter))
16 FCPATH/index.php(59): CodeIgniter\Boot::bootWeb(Object(Config\Paths))
17 SYSTEMPATH/rewrite.php(44): require_once('/Users/diego/Documents/GitHub/propedia26/public/index.php')
WARNING - 2026-08-26 22:16:16 --> [DEPRECATED] ord(): Providing a string that is not one byte long is deprecated. Use ord($str[0]) instead in SYSTEMPATH/ThirdParty/Escaper/Escaper.php on line 250.
 1 SYSTEMPATH/ThirdParty/Escaper/Escaper.php(250): ord('²')
 2 SYSTEMPATH/ThirdParty/Escaper/Escaper.php(167): Laminas\Escaper\Escaper->htmlAttrMatcher([...])
 3 [internal function]: Laminas\Escaper\Escaper->{closure:Laminas\Escaper\Escaper::__construct():167}([...])
 4 SYSTEMPATH/ThirdParty/Escaper/Escaper.php(200): preg_replace_callback('/[^a-z0-9,\\.\\-_]/iSu', Object(Closure), 'Buried Area (protein): Protein surface area that becomes buried upon formation of the interface (value given in Å²).')
 5 SYSTEMPATH/Common.php(448): Laminas\Escaper\Escaper->escapeHtmlAttr('Buried Area (protein): Protein surface area that becomes buried upon formation of the interface (value given in Å²).')
 6 APPPATH/Views/entry.php(590): esc('Buried Area (protein): Protein surface area that becomes buried upon formation of the interface (value given in Å²).', 'attr')
 7 SYSTEMPATH/View/View.php(226): include('/Users/diego/Documents/GitHub/propedia26/app/Views/entry.php')
 8 SYSTEMPATH/View/View.php(229): CodeIgniter\View\View->{closure:CodeIgniter\View\View::render():223}()
 9 SYSTEMPATH/Common.php(1167): CodeIgniter\View\View->render('entry', [], true)
10 APPPATH/Controllers/Entry.php(57): view('entry', [...])
11 SYSTEMPATH/CodeIgniter.php(933): App\Controllers\Entry->entry('1WRZ-B-A')
12 SYSTEMPATH/CodeIgniter.php(507): CodeIgniter\CodeIgniter->runController(Object(App\Controllers\Entry))
13 SYSTEMPATH/CodeIgniter.php(354): CodeIgniter\CodeIgniter->handleRequest(null, Object(Config\Cache), false)
14 SYSTEMPATH/Boot.php(363): CodeIgniter\CodeIgniter->run()
15 SYSTEMPATH/Boot.php(68): CodeIgniter\Boot::runCodeIgniter(Object(CodeIgniter\CodeIgniter))
16 FCPATH/index.php(59): CodeIgniter\Boot::bootWeb(Object(Config\Paths))
17 SYSTEMPATH/rewrite.php(44): require_once('/Users/diego/Documents/GitHub/propedia26/public/index.php')
WARNING - 2026-08-26 22:16:16 --> [DEPRECATED] ord(): Providing a string that is not one byte long is deprecated. Use ord($str[0]) instead in SYSTEMPATH/ThirdParty/Escaper/Escaper.php on line 250.
 1 SYSTEMPATH/ThirdParty/Escaper/Escaper.php(250): ord('Å')
 2 SYSTEMPATH/ThirdParty/Escaper/Escaper.php(167): Laminas\Escaper\Escaper->htmlAttrMatcher([...])
 3 [internal function]: Laminas\Escaper\Escaper->{closure:Laminas\Escaper\Escaper::__construct():167}([...])
 4 SYSTEMPATH/ThirdParty/Escaper/Escaper.php(200): preg_replace_callback('/[^a-z0-9,\\.\\-_]/iSu', Object(Closure), 'Total Buried Area: Total surface area buried by the association, counting both faces of the interface, in Å². It is therefore about twice the BSA reported by NACCESS, which counts a single face.')
 5 SYSTEMPATH/Common.php(448): Laminas\Escaper\Escaper->escapeHtmlAttr('Total Buried Area: Total surface area buried by the association, counting both faces of the interface, in Å². It is therefore about twice the BSA reported by NACCESS, which counts a single face.')
 6 APPPATH/Views/entry.php(590): esc('Total Buried Area: Total surface area buried by the association, counting both faces of the interface, in Å². It is therefore about twice the BSA reported by NACCESS, which counts a single face.', 'attr')
 7 SYSTEMPATH/View/View.php(226): include('/Users/diego/Documents/GitHub/propedia26/app/Views/entry.php')
 8 SYSTEMPATH/View/View.php(229): CodeIgniter\View\View->{closure:CodeIgniter\View\View::render():223}()
 9 SYSTEMPATH/Common.php(1167): CodeIgniter\View\View->render('entry', [], true)
10 APPPATH/Controllers/Entry.php(57): view('entry', [...])
11 SYSTEMPATH/CodeIgniter.php(933): App\Controllers\Entry->entry('1WRZ-B-A')
12 SYSTEMPATH/CodeIgniter.php(507): CodeIgniter\CodeIgniter->runController(Object(App\Controllers\Entry))
13 SYSTEMPATH/CodeIgniter.php(354): CodeIgniter\CodeIgniter->handleRequest(null, Object(Config\Cache), false)
14 SYSTEMPATH/Boot.php(363): CodeIgniter\CodeIgniter->run()
15 SYSTEMPATH/Boot.php(68): CodeIgniter\Boot::runCodeIgniter(Object(CodeIgniter\CodeIgniter))
16 FCPATH/index.php(59): CodeIgniter\Boot::bootWeb(Object(Config\Paths))
17 SYSTEMPATH/rewrite.php(44): require_once('/Users/diego/Documents/GitHub/propedia26/public/index.php')
WARNING - 2026-08-26 22:16:16 --> [DEPRECATED] ord(): Providing a string that is not one byte long is deprecated. Use ord($str[0]) instead in SYSTEMPATH/ThirdParty/Escaper/Escaper.php on line 250.
 1 SYSTEMPATH/ThirdParty/Escaper/Escaper.php(250): ord('²')
 2 SYSTEMPATH/ThirdParty/Escaper/Escaper.php(167): Laminas\Escaper\Escaper->htmlAttrMatcher([...])
 3 [internal function]: Laminas\Escaper\Escaper->{closure:Laminas\Escaper\Escaper::__construct():167}([...])
 4 SYSTEMPATH/ThirdParty/Escaper/Escaper.php(200): preg_replace_callback('/[^a-z0-9,\\.\\-_]/iSu', Object(Closure), 'Total Buried Area: Total surface area buried by the association, counting both faces of the interface, in Å². It is therefore about twice the BSA reported by NACCESS, which counts a single face.')
 5 SYSTEMPATH/Common.php(448): Laminas\Escaper\Escaper->escapeHtmlAttr('Total Buried Area: Total surface area buried by the association, counting both faces of the interface, in Å². It is therefore about twice the BSA reported by NACCESS, which counts a single face.')
 6 APPPATH/Views/entry.php(590): esc('Total Buried Area: Total surface area buried by the association, counting both faces of the interface, in Å². It is therefore about twice the BSA reported by NACCESS, which counts a single face.', 'attr')
 7 SYSTEMPATH/View/View.php(226): include('/Users/diego/Documents/GitHub/propedia26/app/Views/entry.php')
 8 SYSTEMPATH/View/View.php(229): CodeIgniter\View\View->{closure:CodeIgniter\View\View::render():223}()
 9 SYSTEMPATH/Common.php(1167): CodeIgniter\View\View->render('entry', [], true)
10 APPPATH/Controllers/Entry.php(57): view('entry', [...])
11 SYSTEMPATH/CodeIgniter.php(933): App\Controllers\Entry->entry('1WRZ-B-A')
12 SYSTEMPATH/CodeIgniter.php(507): CodeIgniter\CodeIgniter->runController(Object(App\Controllers\Entry))
13 SYSTEMPATH/CodeIgniter.php(354): CodeIgniter\CodeIgniter->handleRequest(null, Object(Config\Cache), false)
14 SYSTEMPATH/Boot.php(363): CodeIgniter\CodeIgniter->run()
15 SYSTEMPATH/Boot.php(68): CodeIgniter\Boot::runCodeIgniter(Object(CodeIgniter\CodeIgniter))
16 FCPATH/index.php(59): CodeIgniter\Boot::bootWeb(Object(Config\Paths))
17 SYSTEMPATH/rewrite.php(44): require_once('/Users/diego/Documents/GitHub/propedia26/public/index.php')
WARNING - 2026-08-26 22:16:16 --> [DEPRECATED] ord(): Providing a string that is not one byte long is deprecated. Use ord($str[0]) instead in SYSTEMPATH/ThirdParty/Escaper/Escaper.php on line 250.
 1 SYSTEMPATH/ThirdParty/Escaper/Escaper.php(250): ord('Å')
 2 SYSTEMPATH/ThirdParty/Escaper/Escaper.php(167): Laminas\Escaper\Escaper->htmlAttrMatcher([...])
 3 [internal function]: Laminas\Escaper\Escaper->{closure:Laminas\Escaper\Escaper::__construct():167}([...])
 4 SYSTEMPATH/ThirdParty/Escaper/Escaper.php(200): preg_replace_callback('/[^a-z0-9,\\.\\-_]/iSu', Object(Closure), 'Complex ASA: Accessible surface area of the complex, given in Å². It corresponds to the ASA (complex) calculated with NACCESS, reported in the Surface section above.')
 5 SYSTEMPATH/Common.php(448): Laminas\Escaper\Escaper->escapeHtmlAttr('Complex ASA: Accessible surface area of the complex, given in Å². It corresponds to the ASA (complex) calculated with NACCESS, reported in the Surface section above.')
 6 APPPATH/Views/entry.php(590): esc('Complex ASA: Accessible surface area of the complex, given in Å². It corresponds to the ASA (complex) calculated with NACCESS, reported in the Surface section above.', 'attr')
 7 SYSTEMPATH/View/View.php(226): include('/Users/diego/Documents/GitHub/propedia26/app/Views/entry.php')
 8 SYSTEMPATH/View/View.php(229): CodeIgniter\View\View->{closure:CodeIgniter\View\View::render():223}()
 9 SYSTEMPATH/Common.php(1167): CodeIgniter\View\View->render('entry', [], true)
10 APPPATH/Controllers/Entry.php(57): view('entry', [...])
11 SYSTEMPATH/CodeIgniter.php(933): App\Controllers\Entry->entry('1WRZ-B-A')
12 SYSTEMPATH/CodeIgniter.php(507): CodeIgniter\CodeIgniter->runController(Object(App\Controllers\Entry))
13 SYSTEMPATH/CodeIgniter.php(354): CodeIgniter\CodeIgniter->handleRequest(null, Object(Config\Cache), false)
14 SYSTEMPATH/Boot.php(363): CodeIgniter\CodeIgniter->run()
15 SYSTEMPATH/Boot.php(68): CodeIgniter\Boot::runCodeIgniter(Object(CodeIgniter\CodeIgniter))
16 FCPATH/index.php(59): CodeIgniter\Boot::bootWeb(Object(Config\Paths))
17 SYSTEMPATH/rewrite.php(44): require_once('/Users/diego/Documents/GitHub/propedia26/public/index.php')
WARNING - 2026-08-26 22:16:16 --> [DEPRECATED] ord(): Providing a string that is not one byte long is deprecated. Use ord($str[0]) instead in SYSTEMPATH/ThirdParty/Escaper/Escaper.php on line 250.
 1 SYSTEMPATH/ThirdParty/Escaper/Escaper.php(250): ord('²')
 2 SYSTEMPATH/ThirdParty/Escaper/Escaper.php(167): Laminas\Escaper\Escaper->htmlAttrMatcher([...])
 3 [internal function]: Laminas\Escaper\Escaper->{closure:Laminas\Escaper\Escaper::__construct():167}([...])
 4 SYSTEMPATH/ThirdParty/Escaper/Escaper.php(200): preg_replace_callback('/[^a-z0-9,\\.\\-_]/iSu', Object(Closure), 'Complex ASA: Accessible surface area of the complex, given in Å². It corresponds to the ASA (complex) calculated with NACCESS, reported in the Surface section above.')
 5 SYSTEMPATH/Common.php(448): Laminas\Escaper\Escaper->escapeHtmlAttr('Complex ASA: Accessible surface area of the complex, given in Å². It corresponds to the ASA (complex) calculated with NACCESS, reported in the Surface section above.')
 6 APPPATH/Views/entry.php(590): esc('Complex ASA: Accessible surface area of the complex, given in Å². It corresponds to the ASA (complex) calculated with NACCESS, reported in the Surface section above.', 'attr')
 7 SYSTEMPATH/View/View.php(226): include('/Users/diego/Documents/GitHub/propedia26/app/Views/entry.php')
 8 SYSTEMPATH/View/View.php(229): CodeIgniter\View\View->{closure:CodeIgniter\View\View::render():223}()
 9 SYSTEMPATH/Common.php(1167): CodeIgniter\View\View->render('entry', [], true)
10 APPPATH/Controllers/Entry.php(57): view('entry', [...])
11 SYSTEMPATH/CodeIgniter.php(933): App\Controllers\Entry->entry('1WRZ-B-A')
12 SYSTEMPATH/CodeIgniter.php(507): CodeIgniter\CodeIgniter->runController(Object(App\Controllers\Entry))
13 SYSTEMPATH/CodeIgniter.php(354): CodeIgniter\CodeIgniter->handleRequest(null, Object(Config\Cache), false)
14 SYSTEMPATH/Boot.php(363): CodeIgniter\CodeIgniter->run()
15 SYSTEMPATH/Boot.php(68): CodeIgniter\Boot::runCodeIgniter(Object(CodeIgniter\CodeIgniter))
16 FCPATH/index.php(59): CodeIgniter\Boot::bootWeb(Object(Config\Paths))
17 SYSTEMPATH/rewrite.php(44): require_once('/Users/diego/Documents/GitHub/propedia26/public/index.php')
WARNING - 2026-08-26 22:16:16 --> [DEPRECATED] ord(): Providing a string that is not one byte long is deprecated. Use ord($str[0]) instead in SYSTEMPATH/ThirdParty/Escaper/Escaper.php on line 250.
 1 SYSTEMPATH/ThirdParty/Escaper/Escaper.php(250): ord('Å')
 2 SYSTEMPATH/ThirdParty/Escaper/Escaper.php(167): Laminas\Escaper\Escaper->htmlAttrMatcher([...])
 3 [internal function]: Laminas\Escaper\Escaper->{closure:Laminas\Escaper\Escaper::__construct():167}([...])
 4 SYSTEMPATH/ThirdParty/Escaper/Escaper.php(200): preg_replace_callback('/[^a-z0-9,\\.\\-_]/iSu', Object(Closure), 'Dissociation Area: Interface area that is broken when the complex dissociates, given in Å². It usually coincides with the interface area.')
 5 SYSTEMPATH/Common.php(448): Laminas\Escaper\Escaper->escapeHtmlAttr('Dissociation Area: Interface area that is broken when the complex dissociates, given in Å². It usually coincides with the interface area.')
 6 APPPATH/Views/entry.php(590): esc('Dissociation Area: Interface area that is broken when the complex dissociates, given in Å². It usually coincides with the interface area.', 'attr')
 7 SYSTEMPATH/View/View.php(226): include('/Users/diego/Documents/GitHub/propedia26/app/Views/entry.php')
 8 SYSTEMPATH/View/View.php(229): CodeIgniter\View\View->{closure:CodeIgniter\View\View::render():223}()
 9 SYSTEMPATH/Common.php(1167): CodeIgniter\View\View->render('entry', [], true)
10 APPPATH/Controllers/Entry.php(57): view('entry', [...])
11 SYSTEMPATH/CodeIgniter.php(933): App\Controllers\Entry->entry('1WRZ-B-A')
12 SYSTEMPATH/CodeIgniter.php(507): CodeIgniter\CodeIgniter->runController(Object(App\Controllers\Entry))
13 SYSTEMPATH/CodeIgniter.php(354): CodeIgniter\CodeIgniter->handleRequest(null, Object(Config\Cache), false)
14 SYSTEMPATH/Boot.php(363): CodeIgniter\CodeIgniter->run()
15 SYSTEMPATH/Boot.php(68): CodeIgniter\Boot::runCodeIgniter(Object(CodeIgniter\CodeIgniter))
16 FCPATH/index.php(59): CodeIgniter\Boot::bootWeb(Object(Config\Paths))
17 SYSTEMPATH/rewrite.php(44): require_once('/Users/diego/Documents/GitHub/propedia26/public/index.php')
WARNING - 2026-08-26 22:16:16 --> [DEPRECATED] ord(): Providing a string that is not one byte long is deprecated. Use ord($str[0]) instead in SYSTEMPATH/ThirdParty/Escaper/Escaper.php on line 250.
 1 SYSTEMPATH/ThirdParty/Escaper/Escaper.php(250): ord('²')
 2 SYSTEMPATH/ThirdParty/Escaper/Escaper.php(167): Laminas\Escaper\Escaper->htmlAttrMatcher([...])
 3 [internal function]: Laminas\Escaper\Escaper->{closure:Laminas\Escaper\Escaper::__construct():167}([...])
 4 SYSTEMPATH/ThirdParty/Escaper/Escaper.php(200): preg_replace_callback('/[^a-z0-9,\\.\\-_]/iSu', Object(Closure), 'Dissociation Area: Interface area that is broken when the complex dissociates, given in Å². It usually coincides with the interface area.')
 5 SYSTEMPATH/Common.php(448): Laminas\Escaper\Escaper->escapeHtmlAttr('Dissociation Area: Interface area that is broken when the complex dissociates, given in Å². It usually coincides with the interface area.')
 6 APPPATH/Views/entry.php(590): esc('Dissociation Area: Interface area that is broken when the complex dissociates, given in Å². It usually coincides with the interface area.', 'attr')
 7 SYSTEMPATH/View/View.php(226): include('/Users/diego/Documents/GitHub/propedia26/app/Views/entry.php')
 8 SYSTEMPATH/View/View.php(229): CodeIgniter\View\View->{closure:CodeIgniter\View\View::render():223}()
 9 SYSTEMPATH/Common.php(1167): CodeIgniter\View\View->render('entry', [], true)
10 APPPATH/Controllers/Entry.php(57): view('entry', [...])
11 SYSTEMPATH/CodeIgniter.php(933): App\Controllers\Entry->entry('1WRZ-B-A')
12 SYSTEMPATH/CodeIgniter.php(507): CodeIgniter\CodeIgniter->runController(Object(App\Controllers\Entry))
13 SYSTEMPATH/CodeIgniter.php(354): CodeIgniter\CodeIgniter->handleRequest(null, Object(Config\Cache), false)
14 SYSTEMPATH/Boot.php(363): CodeIgniter\CodeIgniter->run()
15 SYSTEMPATH/Boot.php(68): CodeIgniter\Boot::runCodeIgniter(Object(CodeIgniter\CodeIgniter))
16 FCPATH/index.php(59): CodeIgniter\Boot::bootWeb(Object(Config\Paths))
17 SYSTEMPATH/rewrite.php(44): require_once('/Users/diego/Documents/GitHub/propedia26/public/index.php')
WARNING - 2026-08-26 22:16:16 --> [DEPRECATED] ord(): Providing a string that is not one byte long is deprecated. Use ord($str[0]) instead in SYSTEMPATH/ThirdParty/Escaper/Escaper.php on line 250.
 1 SYSTEMPATH/ThirdParty/Escaper/Escaper.php(250): ord('Δ')
 2 SYSTEMPATH/ThirdParty/Escaper/Escaper.php(167): Laminas\Escaper\Escaper->htmlAttrMatcher([...])
 3 [internal function]: Laminas\Escaper\Escaper->{closure:Laminas\Escaper\Escaper::__construct():167}([...])
 4 SYSTEMPATH/ThirdParty/Escaper/Escaper.php(200): preg_replace_callback('/[^a-z0-9,\\.\\-_]/iSu', Object(Closure), 'Dissociation Free Energy (ΔGdiss): Free energy required to dissociate the complex, in kcal/mol. Positive values indicate a thermodynamically stable complex. It is the PISA counterpart of the binding affinity predicted by PRODIGY, reported in the Interaction energy section above with the opposite sign.')
 5 SYSTEMPATH/Common.php(448): Laminas\Escaper\Escaper->escapeHtmlAttr('Dissociation Free Energy (ΔGdiss): Free energy required to dissociate the complex, in kcal/mol. Positive values indicate a thermodynamically stable complex. It is the PISA counterpart of the binding affinity predicted by PRODIGY, reported in the Interaction energy section above with the opposite sign.')
 6 APPPATH/Views/entry.php(590): esc('Dissociation Free Energy (ΔGdiss): Free energy required to dissociate the complex, in kcal/mol. Positive values indicate a thermodynamically stable complex. It is the PISA counterpart of the binding affinity predicted by PRODIGY, reported in the Interaction energy section above with the opposite sign.', 'attr')
 7 SYSTEMPATH/View/View.php(226): include('/Users/diego/Documents/GitHub/propedia26/app/Views/entry.php')
 8 SYSTEMPATH/View/View.php(229): CodeIgniter\View\View->{closure:CodeIgniter\View\View::render():223}()
 9 SYSTEMPATH/Common.php(1167): CodeIgniter\View\View->render('entry', [], true)
10 APPPATH/Controllers/Entry.php(57): view('entry', [...])
11 SYSTEMPATH/CodeIgniter.php(933): App\Controllers\Entry->entry('1WRZ-B-A')
12 SYSTEMPATH/CodeIgniter.php(507): CodeIgniter\CodeIgniter->runController(Object(App\Controllers\Entry))
13 SYSTEMPATH/CodeIgniter.php(354): CodeIgniter\CodeIgniter->handleRequest(null, Object(Config\Cache), false)
14 SYSTEMPATH/Boot.php(363): CodeIgniter\CodeIgniter->run()
15 SYSTEMPATH/Boot.php(68): CodeIgniter\Boot::runCodeIgniter(Object(CodeIgniter\CodeIgniter))
16 FCPATH/index.php(59): CodeIgniter\Boot::bootWeb(Object(Config\Paths))
17 SYSTEMPATH/rewrite.php(44): require_once('/Users/diego/Documents/GitHub/propedia26/public/index.php')
WARNING - 2026-08-26 22:16:16 --> [DEPRECATED] ord(): Providing a string that is not one byte long is deprecated. Use ord($str[0]) instead in SYSTEMPATH/ThirdParty/Escaper/Escaper.php on line 250.
 1 SYSTEMPATH/ThirdParty/Escaper/Escaper.php(250): ord('Δ')
 2 SYSTEMPATH/ThirdParty/Escaper/Escaper.php(167): Laminas\Escaper\Escaper->htmlAttrMatcher([...])
 3 [internal function]: Laminas\Escaper\Escaper->{closure:Laminas\Escaper\Escaper::__construct():167}([...])
 4 SYSTEMPATH/ThirdParty/Escaper/Escaper.php(200): preg_replace_callback('/[^a-z0-9,\\.\\-_]/iSu', Object(Closure), 'Solvation Energy Gain (ΔiG): Free energy gain, in kcal/mol, obtained on formation of the interface. Negative values indicate a hydrophobic interface, which favours the association. It does not include the contribution of hydrogen bonds and salt bridges across the interface.')
 5 SYSTEMPATH/Common.php(448): Laminas\Escaper\Escaper->escapeHtmlAttr('Solvation Energy Gain (ΔiG): Free energy gain, in kcal/mol, obtained on formation of the interface. Negative values indicate a hydrophobic interface, which favours the association. It does not include the contribution of hydrogen bonds and salt bridges across the interface.')
 6 APPPATH/Views/entry.php(590): esc('Solvation Energy Gain (ΔiG): Free energy gain, in kcal/mol, obtained on formation of the interface. Negative values indicate a hydrophobic interface, which favours the association. It does not include the contribution of hydrogen bonds and salt bridges across the interface.', 'attr')
 7 SYSTEMPATH/View/View.php(226): include('/Users/diego/Documents/GitHub/propedia26/app/Views/entry.php')
 8 SYSTEMPATH/View/View.php(229): CodeIgniter\View\View->{closure:CodeIgniter\View\View::render():223}()
 9 SYSTEMPATH/Common.php(1167): CodeIgniter\View\View->render('entry', [], true)
10 APPPATH/Controllers/Entry.php(57): view('entry', [...])
11 SYSTEMPATH/CodeIgniter.php(933): App\Controllers\Entry->entry('1WRZ-B-A')
12 SYSTEMPATH/CodeIgniter.php(507): CodeIgniter\CodeIgniter->runController(Object(App\Controllers\Entry))
13 SYSTEMPATH/CodeIgniter.php(354): CodeIgniter\CodeIgniter->handleRequest(null, Object(Config\Cache), false)
14 SYSTEMPATH/Boot.php(363): CodeIgniter\CodeIgniter->run()
15 SYSTEMPATH/Boot.php(68): CodeIgniter\Boot::runCodeIgniter(Object(CodeIgniter\CodeIgniter))
16 FCPATH/index.php(59): CodeIgniter\Boot::bootWeb(Object(Config\Paths))
17 SYSTEMPATH/rewrite.php(44): require_once('/Users/diego/Documents/GitHub/propedia26/public/index.php')
WARNING - 2026-08-26 22:16:16 --> [DEPRECATED] ord(): Providing a string that is not one byte long is deprecated. Use ord($str[0]) instead in SYSTEMPATH/ThirdParty/Escaper/Escaper.php on line 250.
 1 SYSTEMPATH/ThirdParty/Escaper/Escaper.php(250): ord('Δ')
 2 SYSTEMPATH/ThirdParty/Escaper/Escaper.php(167): Laminas\Escaper\Escaper->htmlAttrMatcher([...])
 3 [internal function]: Laminas\Escaper\Escaper->{closure:Laminas\Escaper\Escaper::__construct():167}([...])
 4 SYSTEMPATH/ThirdParty/Escaper/Escaper.php(200): preg_replace_callback('/[^a-z0-9,\\.\\-_]/iSu', Object(Closure), 'ΔiG P-value: Statistical significance of the solvation energy gain. Values below 0.5 indicate an interface more hydrophobic than would be expected by chance, that is, an interface likely to be interaction-specific rather than a crystal-packing artefact.')
 5 SYSTEMPATH/Common.php(448): Laminas\Escaper\Escaper->escapeHtmlAttr('ΔiG P-value: Statistical significance of the solvation energy gain. Values below 0.5 indicate an interface more hydrophobic than would be expected by chance, that is, an interface likely to be interaction-specific rather than a crystal-packing artefact.')
 6 APPPATH/Views/entry.php(590): esc('ΔiG P-value: Statistical significance of the solvation energy gain. Values below 0.5 indicate an interface more hydrophobic than would be expected by chance, that is, an interface likely to be interaction-specific rather than a crystal-packing artefact.', 'attr')
 7 SYSTEMPATH/View/View.php(226): include('/Users/diego/Documents/GitHub/propedia26/app/Views/entry.php')
 8 SYSTEMPATH/View/View.php(229): CodeIgniter\View\View->{closure:CodeIgniter\View\View::render():223}()
 9 SYSTEMPATH/Common.php(1167): CodeIgniter\View\View->render('entry', [], true)
10 APPPATH/Controllers/Entry.php(57): view('entry', [...])
11 SYSTEMPATH/CodeIgniter.php(933): App\Controllers\Entry->entry('1WRZ-B-A')
12 SYSTEMPATH/CodeIgniter.php(507): CodeIgniter\CodeIgniter->runController(Object(App\Controllers\Entry))
13 SYSTEMPATH/CodeIgniter.php(354): CodeIgniter\CodeIgniter->handleRequest(null, Object(Config\Cache), false)
14 SYSTEMPATH/Boot.php(363): CodeIgniter\CodeIgniter->run()
15 SYSTEMPATH/Boot.php(68): CodeIgniter\Boot::runCodeIgniter(Object(CodeIgniter\CodeIgniter))
16 FCPATH/index.php(59): CodeIgniter\Boot::bootWeb(Object(Config\Paths))
17 SYSTEMPATH/rewrite.php(44): require_once('/Users/diego/Documents/GitHub/propedia26/public/index.php')
WARNING - 2026-08-26 22:16:16 --> [DEPRECATED] ord(): Providing a string that is not one byte long is deprecated. Use ord($str[0]) instead in SYSTEMPATH/ThirdParty/Escaper/Escaper.php on line 250.
 1 SYSTEMPATH/ThirdParty/Escaper/Escaper.php(250): ord('Δ')
 2 SYSTEMPATH/ThirdParty/Escaper/Escaper.php(167): Laminas\Escaper\Escaper->htmlAttrMatcher([...])
 3 [internal function]: Laminas\Escaper\Escaper->{closure:Laminas\Escaper\Escaper::__construct():167}([...])
 4 SYSTEMPATH/ThirdParty/Escaper/Escaper.php(200): preg_replace_callback('/[^a-z0-9,\\.\\-_]/iSu', Object(Closure), 'Total Interaction Energy: Solvation energy gain summed over all the interfaces of the structure, in kcal/mol. It is equal to the interface ΔiG when the structure has a single interface.')
 5 SYSTEMPATH/Common.php(448): Laminas\Escaper\Escaper->escapeHtmlAttr('Total Interaction Energy: Solvation energy gain summed over all the interfaces of the structure, in kcal/mol. It is equal to the interface ΔiG when the structure has a single interface.')
 6 APPPATH/Views/entry.php(590): esc('Total Interaction Energy: Solvation energy gain summed over all the interfaces of the structure, in kcal/mol. It is equal to the interface ΔiG when the structure has a single interface.', 'attr')
 7 SYSTEMPATH/View/View.php(226): include('/Users/diego/Documents/GitHub/propedia26/app/Views/entry.php')
 8 SYSTEMPATH/View/View.php(229): CodeIgniter\View\View->{closure:CodeIgniter\View\View::render():223}()
 9 SYSTEMPATH/Common.php(1167): CodeIgniter\View\View->render('entry', [], true)
10 APPPATH/Controllers/Entry.php(57): view('entry', [...])
11 SYSTEMPATH/CodeIgniter.php(933): App\Controllers\Entry->entry('1WRZ-B-A')
12 SYSTEMPATH/CodeIgniter.php(507): CodeIgniter\CodeIgniter->runController(Object(App\Controllers\Entry))
13 SYSTEMPATH/CodeIgniter.php(354): CodeIgniter\CodeIgniter->handleRequest(null, Object(Config\Cache), false)
14 SYSTEMPATH/Boot.php(363): CodeIgniter\CodeIgniter->run()
15 SYSTEMPATH/Boot.php(68): CodeIgniter\Boot::runCodeIgniter(Object(CodeIgniter\CodeIgniter))
16 FCPATH/index.php(59): CodeIgniter\Boot::bootWeb(Object(Config\Paths))
17 SYSTEMPATH/rewrite.php(44): require_once('/Users/diego/Documents/GitHub/propedia26/public/index.php')
WARNING - 2026-08-26 22:16:16 --> [DEPRECATED] ord(): Providing a string that is not one byte long is deprecated. Use ord($str[0]) instead in SYSTEMPATH/ThirdParty/Escaper/Escaper.php on line 250.
 1 SYSTEMPATH/ThirdParty/Escaper/Escaper.php(250): ord('Δ')
 2 SYSTEMPATH/ThirdParty/Escaper/Escaper.php(167): Laminas\Escaper\Escaper->htmlAttrMatcher([...])
 3 [internal function]: Laminas\Escaper\Escaper->{closure:Laminas\Escaper\Escaper::__construct():167}([...])
 4 SYSTEMPATH/ThirdParty/Escaper/Escaper.php(200): preg_replace_callback('/[^a-z0-9,\\.\\-_]/iSu', Object(Closure), 'Dissociation Entropy (TΔS): Entropic cost of the association, in kcal/mol. It always opposes the formation of the complex and is taken into account in the calculation of ΔGdiss.')
 5 SYSTEMPATH/Common.php(448): Laminas\Escaper\Escaper->escapeHtmlAttr('Dissociation Entropy (TΔS): Entropic cost of the association, in kcal/mol. It always opposes the formation of the complex and is taken into account in the calculation of ΔGdiss.')
 6 APPPATH/Views/entry.php(590): esc('Dissociation Entropy (TΔS): Entropic cost of the association, in kcal/mol. It always opposes the formation of the complex and is taken into account in the calculation of ΔGdiss.', 'attr')
 7 SYSTEMPATH/View/View.php(226): include('/Users/diego/Documents/GitHub/propedia26/app/Views/entry.php')
 8 SYSTEMPATH/View/View.php(229): CodeIgniter\View\View->{closure:CodeIgniter\View\View::render():223}()
 9 SYSTEMPATH/Common.php(1167): CodeIgniter\View\View->render('entry', [], true)
10 APPPATH/Controllers/Entry.php(57): view('entry', [...])
11 SYSTEMPATH/CodeIgniter.php(933): App\Controllers\Entry->entry('1WRZ-B-A')
12 SYSTEMPATH/CodeIgniter.php(507): CodeIgniter\CodeIgniter->runController(Object(App\Controllers\Entry))
13 SYSTEMPATH/CodeIgniter.php(354): CodeIgniter\CodeIgniter->handleRequest(null, Object(Config\Cache), false)
14 SYSTEMPATH/Boot.php(363): CodeIgniter\CodeIgniter->run()
15 SYSTEMPATH/Boot.php(68): CodeIgniter\Boot::runCodeIgniter(Object(CodeIgniter\CodeIgniter))
16 FCPATH/index.php(59): CodeIgniter\Boot::bootWeb(Object(Config\Paths))
17 SYSTEMPATH/rewrite.php(44): require_once('/Users/diego/Documents/GitHub/propedia26/public/index.php')
WARNING - 2026-08-26 22:16:16 --> [DEPRECATED] ord(): Providing a string that is not one byte long is deprecated. Use ord($str[0]) instead in SYSTEMPATH/ThirdParty/Escaper/Escaper.php on line 250.
 1 SYSTEMPATH/ThirdParty/Escaper/Escaper.php(250): ord('Δ')
 2 SYSTEMPATH/ThirdParty/Escaper/Escaper.php(167): Laminas\Escaper\Escaper->htmlAttrMatcher([...])
 3 [internal function]: Laminas\Escaper\Escaper->{closure:Laminas\Escaper\Escaper::__construct():167}([...])
 4 SYSTEMPATH/ThirdParty/Escaper/Escaper.php(200): preg_replace_callback('/[^a-z0-9,\\.\\-_]/iSu', Object(Closure), 'Dissociation Entropy (TΔS): Entropic cost of the association, in kcal/mol. It always opposes the formation of the complex and is taken into account in the calculation of ΔGdiss.')
 5 SYSTEMPATH/Common.php(448): Laminas\Escaper\Escaper->escapeHtmlAttr('Dissociation Entropy (TΔS): Entropic cost of the association, in kcal/mol. It always opposes the formation of the complex and is taken into account in the calculation of ΔGdiss.')
 6 APPPATH/Views/entry.php(590): esc('Dissociation Entropy (TΔS): Entropic cost of the association, in kcal/mol. It always opposes the formation of the complex and is taken into account in the calculation of ΔGdiss.', 'attr')
 7 SYSTEMPATH/View/View.php(226): include('/Users/diego/Documents/GitHub/propedia26/app/Views/entry.php')
 8 SYSTEMPATH/View/View.php(229): CodeIgniter\View\View->{closure:CodeIgniter\View\View::render():223}()
 9 SYSTEMPATH/Common.php(1167): CodeIgniter\View\View->render('entry', [], true)
10 APPPATH/Controllers/Entry.php(57): view('entry', [...])
11 SYSTEMPATH/CodeIgniter.php(933): App\Controllers\Entry->entry('1WRZ-B-A')
12 SYSTEMPATH/CodeIgniter.php(507): CodeIgniter\CodeIgniter->runController(Object(App\Controllers\Entry))
13 SYSTEMPATH/CodeIgniter.php(354): CodeIgniter\CodeIgniter->handleRequest(null, Object(Config\Cache), false)
14 SYSTEMPATH/Boot.php(363): CodeIgniter\CodeIgniter->run()
15 SYSTEMPATH/Boot.php(68): CodeIgniter\Boot::runCodeIgniter(Object(CodeIgniter\CodeIgniter))
16 FCPATH/index.php(59): CodeIgniter\Boot::bootWeb(Object(Config\Paths))
17 SYSTEMPATH/rewrite.php(44): require_once('/Users/diego/Documents/GitHub/propedia26/public/index.php')
DEBUG - 2026-08-26 22:16:16 --> Session: Class initialized using 'CodeIgniter\Session\Handlers\FileHandler' driver.
DEBUG - 2026-08-26 22:16:43 --> Session: Class initialized using 'CodeIgniter\Session\Handlers\FileHandler' driver.
WARNING - 2026-08-26 22:17:05 --> [DEPRECATED] fgetcsv(): the $escape parameter must be provided as its default value will change in APPPATH/Controllers/Entry.php on line 37.
 1 APPPATH/Controllers/Entry.php(37): fgetcsv(resource (stream), 0, ';')
 2 SYSTEMPATH/CodeIgniter.php(933): App\Controllers\Entry->entry('1WRZ-B-A')
 3 SYSTEMPATH/CodeIgniter.php(507): CodeIgniter\CodeIgniter->runController(Object(App\Controllers\Entry))
 4 SYSTEMPATH/CodeIgniter.php(354): CodeIgniter\CodeIgniter->handleRequest(null, Object(Config\Cache), false)
 5 SYSTEMPATH/Boot.php(363): CodeIgniter\CodeIgniter->run()
 6 SYSTEMPATH/Boot.php(68): CodeIgniter\Boot::runCodeIgniter(Object(CodeIgniter\CodeIgniter))
 7 FCPATH/index.php(59): CodeIgniter\Boot::bootWeb(Object(Config\Paths))
 8 SYSTEMPATH/rewrite.php(44): require_once('/Users/diego/Documents/GitHub/propedia26/public/index.php')
WARNING - 2026-08-26 22:17:05 --> [DEPRECATED] ord(): Providing a string that is not one byte long is deprecated. Use ord($str[0]) instead in SYSTEMPATH/ThirdParty/Escaper/Escaper.php on line 250.
 1 SYSTEMPATH/ThirdParty/Escaper/Escaper.php(250): ord('Å')
 2 SYSTEMPATH/ThirdParty/Escaper/Escaper.php(167): Laminas\Escaper\Escaper->htmlAttrMatcher([...])
 3 [internal function]: Laminas\Escaper\Escaper->{closure:Laminas\Escaper\Escaper::__construct():167}([...])
 4 SYSTEMPATH/ThirdParty/Escaper/Escaper.php(200): preg_replace_callback('/[^a-z0-9,\\.\\-_]/iSu', Object(Closure), 'Interface Area: Area of one face of the protein-peptide interface, given in Å². It corresponds to the BSA calculated with NACCESS, reported in the Surface section above.')
 5 SYSTEMPATH/Common.php(448): Laminas\Escaper\Escaper->escapeHtmlAttr('Interface Area: Area of one face of the protein-peptide interface, given in Å². It corresponds to the BSA calculated with NACCESS, reported in the Surface section above.')
 6 APPPATH/Views/entry.php(590): esc('Interface Area: Area of one face of the protein-peptide interface, given in Å². It corresponds to the BSA calculated with NACCESS, reported in the Surface section above.', 'attr')
 7 SYSTEMPATH/View/View.php(226): include('/Users/diego/Documents/GitHub/propedia26/app/Views/entry.php')
 8 SYSTEMPATH/View/View.php(229): CodeIgniter\View\View->{closure:CodeIgniter\View\View::render():223}()
 9 SYSTEMPATH/Common.php(1167): CodeIgniter\View\View->render('entry', [], true)
10 APPPATH/Controllers/Entry.php(57): view('entry', [...])
11 SYSTEMPATH/CodeIgniter.php(933): App\Controllers\Entry->entry('1WRZ-B-A')
12 SYSTEMPATH/CodeIgniter.php(507): CodeIgniter\CodeIgniter->runController(Object(App\Controllers\Entry))
13 SYSTEMPATH/CodeIgniter.php(354): CodeIgniter\CodeIgniter->handleRequest(null, Object(Config\Cache), false)
14 SYSTEMPATH/Boot.php(363): CodeIgniter\CodeIgniter->run()
15 SYSTEMPATH/Boot.php(68): CodeIgniter\Boot::runCodeIgniter(Object(CodeIgniter\CodeIgniter))
16 FCPATH/index.php(59): CodeIgniter\Boot::bootWeb(Object(Config\Paths))
17 SYSTEMPATH/rewrite.php(44): require_once('/Users/diego/Documents/GitHub/propedia26/public/index.php')
WARNING - 2026-08-26 22:17:05 --> [DEPRECATED] ord(): Providing a string that is not one byte long is deprecated. Use ord($str[0]) instead in SYSTEMPATH/ThirdParty/Escaper/Escaper.php on line 250.
 1 SYSTEMPATH/ThirdParty/Escaper/Escaper.php(250): ord('²')
 2 SYSTEMPATH/ThirdParty/Escaper/Escaper.php(167): Laminas\Escaper\Escaper->htmlAttrMatcher([...])
 3 [internal function]: Laminas\Escaper\Escaper->{closure:Laminas\Escaper\Escaper::__construct():167}([...])
 4 SYSTEMPATH/ThirdParty/Escaper/Escaper.php(200): preg_replace_callback('/[^a-z0-9,\\.\\-_]/iSu', Object(Closure), 'Interface Area: Area of one face of the protein-peptide interface, given in Å². It corresponds to the BSA calculated with NACCESS, reported in the Surface section above.')
 5 SYSTEMPATH/Common.php(448): Laminas\Escaper\Escaper->escapeHtmlAttr('Interface Area: Area of one face of the protein-peptide interface, given in Å². It corresponds to the BSA calculated with NACCESS, reported in the Surface section above.')
 6 APPPATH/Views/entry.php(590): esc('Interface Area: Area of one face of the protein-peptide interface, given in Å². It corresponds to the BSA calculated with NACCESS, reported in the Surface section above.', 'attr')
 7 SYSTEMPATH/View/View.php(226): include('/Users/diego/Documents/GitHub/propedia26/app/Views/entry.php')
 8 SYSTEMPATH/View/View.php(229): CodeIgniter\View\View->{closure:CodeIgniter\View\View::render():223}()
 9 SYSTEMPATH/Common.php(1167): CodeIgniter\View\View->render('entry', [], true)
10 APPPATH/Controllers/Entry.php(57): view('entry', [...])
11 SYSTEMPATH/CodeIgniter.php(933): App\Controllers\Entry->entry('1WRZ-B-A')
12 SYSTEMPATH/CodeIgniter.php(507): CodeIgniter\CodeIgniter->runController(Object(App\Controllers\Entry))
13 SYSTEMPATH/CodeIgniter.php(354): CodeIgniter\CodeIgniter->handleRequest(null, Object(Config\Cache), false)
14 SYSTEMPATH/Boot.php(363): CodeIgniter\CodeIgniter->run()
15 SYSTEMPATH/Boot.php(68): CodeIgniter\Boot::runCodeIgniter(Object(CodeIgniter\CodeIgniter))
16 FCPATH/index.php(59): CodeIgniter\Boot::bootWeb(Object(Config\Paths))
17 SYSTEMPATH/rewrite.php(44): require_once('/Users/diego/Documents/GitHub/propedia26/public/index.php')
WARNING - 2026-08-26 22:17:05 --> [DEPRECATED] ord(): Providing a string that is not one byte long is deprecated. Use ord($str[0]) instead in SYSTEMPATH/ThirdParty/Escaper/Escaper.php on line 250.
 1 SYSTEMPATH/ThirdParty/Escaper/Escaper.php(250): ord('Å')
 2 SYSTEMPATH/ThirdParty/Escaper/Escaper.php(167): Laminas\Escaper\Escaper->htmlAttrMatcher([...])
 3 [internal function]: Laminas\Escaper\Escaper->{closure:Laminas\Escaper\Escaper::__construct():167}([...])
 4 SYSTEMPATH/ThirdParty/Escaper/Escaper.php(200): preg_replace_callback('/[^a-z0-9,\\.\\-_]/iSu', Object(Closure), 'Buried Area (peptide): Peptide surface area that becomes buried upon formation of the interface (value given in Å²).')
 5 SYSTEMPATH/Common.php(448): Laminas\Escaper\Escaper->escapeHtmlAttr('Buried Area (peptide): Peptide surface area that becomes buried upon formation of the interface (value given in Å²).')
 6 APPPATH/Views/entry.php(590): esc('Buried Area (peptide): Peptide surface area that becomes buried upon formation of the interface (value given in Å²).', 'attr')
 7 SYSTEMPATH/View/View.php(226): include('/Users/diego/Documents/GitHub/propedia26/app/Views/entry.php')
 8 SYSTEMPATH/View/View.php(229): CodeIgniter\View\View->{closure:CodeIgniter\View\View::render():223}()
 9 SYSTEMPATH/Common.php(1167): CodeIgniter\View\View->render('entry', [], true)
10 APPPATH/Controllers/Entry.php(57): view('entry', [...])
11 SYSTEMPATH/CodeIgniter.php(933): App\Controllers\Entry->entry('1WRZ-B-A')
12 SYSTEMPATH/CodeIgniter.php(507): CodeIgniter\CodeIgniter->runController(Object(App\Controllers\Entry))
13 SYSTEMPATH/CodeIgniter.php(354): CodeIgniter\CodeIgniter->handleRequest(null, Object(Config\Cache), false)
14 SYSTEMPATH/Boot.php(363): CodeIgniter\CodeIgniter->run()
15 SYSTEMPATH/Boot.php(68): CodeIgniter\Boot::runCodeIgniter(Object(CodeIgniter\CodeIgniter))
16 FCPATH/index.php(59): CodeIgniter\Boot::bootWeb(Object(Config\Paths))
17 SYSTEMPATH/rewrite.php(44): require_once('/Users/diego/Documents/GitHub/propedia26/public/index.php')
WARNING - 2026-08-26 22:17:05 --> [DEPRECATED] ord(): Providing a string that is not one byte long is deprecated. Use ord($str[0]) instead in SYSTEMPATH/ThirdParty/Escaper/Escaper.php on line 250.
 1 SYSTEMPATH/ThirdParty/Escaper/Escaper.php(250): ord('²')
 2 SYSTEMPATH/ThirdParty/Escaper/Escaper.php(167): Laminas\Escaper\Escaper->htmlAttrMatcher([...])
 3 [internal function]: Laminas\Escaper\Escaper->{closure:Laminas\Escaper\Escaper::__construct():167}([...])
 4 SYSTEMPATH/ThirdParty/Escaper/Escaper.php(200): preg_replace_callback('/[^a-z0-9,\\.\\-_]/iSu', Object(Closure), 'Buried Area (peptide): Peptide surface area that becomes buried upon formation of the interface (value given in Å²).')
 5 SYSTEMPATH/Common.php(448): Laminas\Escaper\Escaper->escapeHtmlAttr('Buried Area (peptide): Peptide surface area that becomes buried upon formation of the interface (value given in Å²).')
 6 APPPATH/Views/entry.php(590): esc('Buried Area (peptide): Peptide surface area that becomes buried upon formation of the interface (value given in Å²).', 'attr')
 7 SYSTEMPATH/View/View.php(226): include('/Users/diego/Documents/GitHub/propedia26/app/Views/entry.php')
 8 SYSTEMPATH/View/View.php(229): CodeIgniter\View\View->{closure:CodeIgniter\View\View::render():223}()
 9 SYSTEMPATH/Common.php(1167): CodeIgniter\View\View->render('entry', [], true)
10 APPPATH/Controllers/Entry.php(57): view('entry', [...])
11 SYSTEMPATH/CodeIgniter.php(933): App\Controllers\Entry->entry('1WRZ-B-A')
12 SYSTEMPATH/CodeIgniter.php(507): CodeIgniter\CodeIgniter->runController(Object(App\Controllers\Entry))
13 SYSTEMPATH/CodeIgniter.php(354): CodeIgniter\CodeIgniter->handleRequest(null, Object(Config\Cache), false)
14 SYSTEMPATH/Boot.php(363): CodeIgniter\CodeIgniter->run()
15 SYSTEMPATH/Boot.php(68): CodeIgniter\Boot::runCodeIgniter(Object(CodeIgniter\CodeIgniter))
16 FCPATH/index.php(59): CodeIgniter\Boot::bootWeb(Object(Config\Paths))
17 SYSTEMPATH/rewrite.php(44): require_once('/Users/diego/Documents/GitHub/propedia26/public/index.php')
WARNING - 2026-08-26 22:17:05 --> [DEPRECATED] ord(): Providing a string that is not one byte long is deprecated. Use ord($str[0]) instead in SYSTEMPATH/ThirdParty/Escaper/Escaper.php on line 250.
 1 SYSTEMPATH/ThirdParty/Escaper/Escaper.php(250): ord('Å')
 2 SYSTEMPATH/ThirdParty/Escaper/Escaper.php(167): Laminas\Escaper\Escaper->htmlAttrMatcher([...])
 3 [internal function]: Laminas\Escaper\Escaper->{closure:Laminas\Escaper\Escaper::__construct():167}([...])
 4 SYSTEMPATH/ThirdParty/Escaper/Escaper.php(200): preg_replace_callback('/[^a-z0-9,\\.\\-_]/iSu', Object(Closure), 'Buried Area (protein): Protein surface area that becomes buried upon formation of the interface (value given in Å²).')
 5 SYSTEMPATH/Common.php(448): Laminas\Escaper\Escaper->escapeHtmlAttr('Buried Area (protein): Protein surface area that becomes buried upon formation of the interface (value given in Å²).')
 6 APPPATH/Views/entry.php(590): esc('Buried Area (protein): Protein surface area that becomes buried upon formation of the interface (value given in Å²).', 'attr')
 7 SYSTEMPATH/View/View.php(226): include('/Users/diego/Documents/GitHub/propedia26/app/Views/entry.php')
 8 SYSTEMPATH/View/View.php(229): CodeIgniter\View\View->{closure:CodeIgniter\View\View::render():223}()
 9 SYSTEMPATH/Common.php(1167): CodeIgniter\View\View->render('entry', [], true)
10 APPPATH/Controllers/Entry.php(57): view('entry', [...])
11 SYSTEMPATH/CodeIgniter.php(933): App\Controllers\Entry->entry('1WRZ-B-A')
12 SYSTEMPATH/CodeIgniter.php(507): CodeIgniter\CodeIgniter->runController(Object(App\Controllers\Entry))
13 SYSTEMPATH/CodeIgniter.php(354): CodeIgniter\CodeIgniter->handleRequest(null, Object(Config\Cache), false)
14 SYSTEMPATH/Boot.php(363): CodeIgniter\CodeIgniter->run()
15 SYSTEMPATH/Boot.php(68): CodeIgniter\Boot::runCodeIgniter(Object(CodeIgniter\CodeIgniter))
16 FCPATH/index.php(59): CodeIgniter\Boot::bootWeb(Object(Config\Paths))
17 SYSTEMPATH/rewrite.php(44): require_once('/Users/diego/Documents/GitHub/propedia26/public/index.php')
WARNING - 2026-08-26 22:17:05 --> [DEPRECATED] ord(): Providing a string that is not one byte long is deprecated. Use ord($str[0]) instead in SYSTEMPATH/ThirdParty/Escaper/Escaper.php on line 250.
 1 SYSTEMPATH/ThirdParty/Escaper/Escaper.php(250): ord('²')
 2 SYSTEMPATH/ThirdParty/Escaper/Escaper.php(167): Laminas\Escaper\Escaper->htmlAttrMatcher([...])
 3 [internal function]: Laminas\Escaper\Escaper->{closure:Laminas\Escaper\Escaper::__construct():167}([...])
 4 SYSTEMPATH/ThirdParty/Escaper/Escaper.php(200): preg_replace_callback('/[^a-z0-9,\\.\\-_]/iSu', Object(Closure), 'Buried Area (protein): Protein surface area that becomes buried upon formation of the interface (value given in Å²).')
 5 SYSTEMPATH/Common.php(448): Laminas\Escaper\Escaper->escapeHtmlAttr('Buried Area (protein): Protein surface area that becomes buried upon formation of the interface (value given in Å²).')
 6 APPPATH/Views/entry.php(590): esc('Buried Area (protein): Protein surface area that becomes buried upon formation of the interface (value given in Å²).', 'attr')
 7 SYSTEMPATH/View/View.php(226): include('/Users/diego/Documents/GitHub/propedia26/app/Views/entry.php')
 8 SYSTEMPATH/View/View.php(229): CodeIgniter\View\View->{closure:CodeIgniter\View\View::render():223}()
 9 SYSTEMPATH/Common.php(1167): CodeIgniter\View\View->render('entry', [], true)
10 APPPATH/Controllers/Entry.php(57): view('entry', [...])
11 SYSTEMPATH/CodeIgniter.php(933): App\Controllers\Entry->entry('1WRZ-B-A')
12 SYSTEMPATH/CodeIgniter.php(507): CodeIgniter\CodeIgniter->runController(Object(App\Controllers\Entry))
13 SYSTEMPATH/CodeIgniter.php(354): CodeIgniter\CodeIgniter->handleRequest(null, Object(Config\Cache), false)
14 SYSTEMPATH/Boot.php(363): CodeIgniter\CodeIgniter->run()
15 SYSTEMPATH/Boot.php(68): CodeIgniter\Boot::runCodeIgniter(Object(CodeIgniter\CodeIgniter))
16 FCPATH/index.php(59): CodeIgniter\Boot::bootWeb(Object(Config\Paths))
17 SYSTEMPATH/rewrite.php(44): require_once('/Users/diego/Documents/GitHub/propedia26/public/index.php')
WARNING - 2026-08-26 22:17:05 --> [DEPRECATED] ord(): Providing a string that is not one byte long is deprecated. Use ord($str[0]) instead in SYSTEMPATH/ThirdParty/Escaper/Escaper.php on line 250.
 1 SYSTEMPATH/ThirdParty/Escaper/Escaper.php(250): ord('Å')
 2 SYSTEMPATH/ThirdParty/Escaper/Escaper.php(167): Laminas\Escaper\Escaper->htmlAttrMatcher([...])
 3 [internal function]: Laminas\Escaper\Escaper->{closure:Laminas\Escaper\Escaper::__construct():167}([...])
 4 SYSTEMPATH/ThirdParty/Escaper/Escaper.php(200): preg_replace_callback('/[^a-z0-9,\\.\\-_]/iSu', Object(Closure), 'Total Buried Area: Total surface area buried by the association, counting both faces of the interface, in Å². It is therefore about twice the BSA reported by NACCESS, which counts a single face.')
 5 SYSTEMPATH/Common.php(448): Laminas\Escaper\Escaper->escapeHtmlAttr('Total Buried Area: Total surface area buried by the association, counting both faces of the interface, in Å². It is therefore about twice the BSA reported by NACCESS, which counts a single face.')
 6 APPPATH/Views/entry.php(590): esc('Total Buried Area: Total surface area buried by the association, counting both faces of the interface, in Å². It is therefore about twice the BSA reported by NACCESS, which counts a single face.', 'attr')
 7 SYSTEMPATH/View/View.php(226): include('/Users/diego/Documents/GitHub/propedia26/app/Views/entry.php')
 8 SYSTEMPATH/View/View.php(229): CodeIgniter\View\View->{closure:CodeIgniter\View\View::render():223}()
 9 SYSTEMPATH/Common.php(1167): CodeIgniter\View\View->render('entry', [], true)
10 APPPATH/Controllers/Entry.php(57): view('entry', [...])
11 SYSTEMPATH/CodeIgniter.php(933): App\Controllers\Entry->entry('1WRZ-B-A')
12 SYSTEMPATH/CodeIgniter.php(507): CodeIgniter\CodeIgniter->runController(Object(App\Controllers\Entry))
13 SYSTEMPATH/CodeIgniter.php(354): CodeIgniter\CodeIgniter->handleRequest(null, Object(Config\Cache), false)
14 SYSTEMPATH/Boot.php(363): CodeIgniter\CodeIgniter->run()
15 SYSTEMPATH/Boot.php(68): CodeIgniter\Boot::runCodeIgniter(Object(CodeIgniter\CodeIgniter))
16 FCPATH/index.php(59): CodeIgniter\Boot::bootWeb(Object(Config\Paths))
17 SYSTEMPATH/rewrite.php(44): require_once('/Users/diego/Documents/GitHub/propedia26/public/index.php')
WARNING - 2026-08-26 22:17:05 --> [DEPRECATED] ord(): Providing a string that is not one byte long is deprecated. Use ord($str[0]) instead in SYSTEMPATH/ThirdParty/Escaper/Escaper.php on line 250.
 1 SYSTEMPATH/ThirdParty/Escaper/Escaper.php(250): ord('²')
 2 SYSTEMPATH/ThirdParty/Escaper/Escaper.php(167): Laminas\Escaper\Escaper->htmlAttrMatcher([...])
 3 [internal function]: Laminas\Escaper\Escaper->{closure:Laminas\Escaper\Escaper::__construct():167}([...])
 4 SYSTEMPATH/ThirdParty/Escaper/Escaper.php(200): preg_replace_callback('/[^a-z0-9,\\.\\-_]/iSu', Object(Closure), 'Total Buried Area: Total surface area buried by the association, counting both faces of the interface, in Å². It is therefore about twice the BSA reported by NACCESS, which counts a single face.')
 5 SYSTEMPATH/Common.php(448): Laminas\Escaper\Escaper->escapeHtmlAttr('Total Buried Area: Total surface area buried by the association, counting both faces of the interface, in Å². It is therefore about twice the BSA reported by NACCESS, which counts a single face.')
 6 APPPATH/Views/entry.php(590): esc('Total Buried Area: Total surface area buried by the association, counting both faces of the interface, in Å². It is therefore about twice the BSA reported by NACCESS, which counts a single face.', 'attr')
 7 SYSTEMPATH/View/View.php(226): include('/Users/diego/Documents/GitHub/propedia26/app/Views/entry.php')
 8 SYSTEMPATH/View/View.php(229): CodeIgniter\View\View->{closure:CodeIgniter\View\View::render():223}()
 9 SYSTEMPATH/Common.php(1167): CodeIgniter\View\View->render('entry', [], true)
10 APPPATH/Controllers/Entry.php(57): view('entry', [...])
11 SYSTEMPATH/CodeIgniter.php(933): App\Controllers\Entry->entry('1WRZ-B-A')
12 SYSTEMPATH/CodeIgniter.php(507): CodeIgniter\CodeIgniter->runController(Object(App\Controllers\Entry))
13 SYSTEMPATH/CodeIgniter.php(354): CodeIgniter\CodeIgniter->handleRequest(null, Object(Config\Cache), false)
14 SYSTEMPATH/Boot.php(363): CodeIgniter\CodeIgniter->run()
15 SYSTEMPATH/Boot.php(68): CodeIgniter\Boot::runCodeIgniter(Object(CodeIgniter\CodeIgniter))
16 FCPATH/index.php(59): CodeIgniter\Boot::bootWeb(Object(Config\Paths))
17 SYSTEMPATH/rewrite.php(44): require_once('/Users/diego/Documents/GitHub/propedia26/public/index.php')
WARNING - 2026-08-26 22:17:05 --> [DEPRECATED] ord(): Providing a string that is not one byte long is deprecated. Use ord($str[0]) instead in SYSTEMPATH/ThirdParty/Escaper/Escaper.php on line 250.
 1 SYSTEMPATH/ThirdParty/Escaper/Escaper.php(250): ord('Å')
 2 SYSTEMPATH/ThirdParty/Escaper/Escaper.php(167): Laminas\Escaper\Escaper->htmlAttrMatcher([...])
 3 [internal function]: Laminas\Escaper\Escaper->{closure:Laminas\Escaper\Escaper::__construct():167}([...])
 4 SYSTEMPATH/ThirdParty/Escaper/Escaper.php(200): preg_replace_callback('/[^a-z0-9,\\.\\-_]/iSu', Object(Closure), 'Complex ASA: Accessible surface area of the complex, given in Å². It corresponds to the ASA (complex) calculated with NACCESS, reported in the Surface section above.')
 5 SYSTEMPATH/Common.php(448): Laminas\Escaper\Escaper->escapeHtmlAttr('Complex ASA: Accessible surface area of the complex, given in Å². It corresponds to the ASA (complex) calculated with NACCESS, reported in the Surface section above.')
 6 APPPATH/Views/entry.php(590): esc('Complex ASA: Accessible surface area of the complex, given in Å². It corresponds to the ASA (complex) calculated with NACCESS, reported in the Surface section above.', 'attr')
 7 SYSTEMPATH/View/View.php(226): include('/Users/diego/Documents/GitHub/propedia26/app/Views/entry.php')
 8 SYSTEMPATH/View/View.php(229): CodeIgniter\View\View->{closure:CodeIgniter\View\View::render():223}()
 9 SYSTEMPATH/Common.php(1167): CodeIgniter\View\View->render('entry', [], true)
10 APPPATH/Controllers/Entry.php(57): view('entry', [...])
11 SYSTEMPATH/CodeIgniter.php(933): App\Controllers\Entry->entry('1WRZ-B-A')
12 SYSTEMPATH/CodeIgniter.php(507): CodeIgniter\CodeIgniter->runController(Object(App\Controllers\Entry))
13 SYSTEMPATH/CodeIgniter.php(354): CodeIgniter\CodeIgniter->handleRequest(null, Object(Config\Cache), false)
14 SYSTEMPATH/Boot.php(363): CodeIgniter\CodeIgniter->run()
15 SYSTEMPATH/Boot.php(68): CodeIgniter\Boot::runCodeIgniter(Object(CodeIgniter\CodeIgniter))
16 FCPATH/index.php(59): CodeIgniter\Boot::bootWeb(Object(Config\Paths))
17 SYSTEMPATH/rewrite.php(44): require_once('/Users/diego/Documents/GitHub/propedia26/public/index.php')
WARNING - 2026-08-26 22:17:05 --> [DEPRECATED] ord(): Providing a string that is not one byte long is deprecated. Use ord($str[0]) instead in SYSTEMPATH/ThirdParty/Escaper/Escaper.php on line 250.
 1 SYSTEMPATH/ThirdParty/Escaper/Escaper.php(250): ord('²')
 2 SYSTEMPATH/ThirdParty/Escaper/Escaper.php(167): Laminas\Escaper\Escaper->htmlAttrMatcher([...])
 3 [internal function]: Laminas\Escaper\Escaper->{closure:Laminas\Escaper\Escaper::__construct():167}([...])
 4 SYSTEMPATH/ThirdParty/Escaper/Escaper.php(200): preg_replace_callback('/[^a-z0-9,\\.\\-_]/iSu', Object(Closure), 'Complex ASA: Accessible surface area of the complex, given in Å². It corresponds to the ASA (complex) calculated with NACCESS, reported in the Surface section above.')
 5 SYSTEMPATH/Common.php(448): Laminas\Escaper\Escaper->escapeHtmlAttr('Complex ASA: Accessible surface area of the complex, given in Å². It corresponds to the ASA (complex) calculated with NACCESS, reported in the Surface section above.')
 6 APPPATH/Views/entry.php(590): esc('Complex ASA: Accessible surface area of the complex, given in Å². It corresponds to the ASA (complex) calculated with NACCESS, reported in the Surface section above.', 'attr')
 7 SYSTEMPATH/View/View.php(226): include('/Users/diego/Documents/GitHub/propedia26/app/Views/entry.php')
 8 SYSTEMPATH/View/View.php(229): CodeIgniter\View\View->{closure:CodeIgniter\View\View::render():223}()
 9 SYSTEMPATH/Common.php(1167): CodeIgniter\View\View->render('entry', [], true)
10 APPPATH/Controllers/Entry.php(57): view('entry', [...])
11 SYSTEMPATH/CodeIgniter.php(933): App\Controllers\Entry->entry('1WRZ-B-A')
12 SYSTEMPATH/CodeIgniter.php(507): CodeIgniter\CodeIgniter->runController(Object(App\Controllers\Entry))
13 SYSTEMPATH/CodeIgniter.php(354): CodeIgniter\CodeIgniter->handleRequest(null, Object(Config\Cache), false)
14 SYSTEMPATH/Boot.php(363): CodeIgniter\CodeIgniter->run()
15 SYSTEMPATH/Boot.php(68): CodeIgniter\Boot::runCodeIgniter(Object(CodeIgniter\CodeIgniter))
16 FCPATH/index.php(59): CodeIgniter\Boot::bootWeb(Object(Config\Paths))
17 SYSTEMPATH/rewrite.php(44): require_once('/Users/diego/Documents/GitHub/propedia26/public/index.php')
WARNING - 2026-08-26 22:17:05 --> [DEPRECATED] ord(): Providing a string that is not one byte long is deprecated. Use ord($str[0]) instead in SYSTEMPATH/ThirdParty/Escaper/Escaper.php on line 250.
 1 SYSTEMPATH/ThirdParty/Escaper/Escaper.php(250): ord('Å')
 2 SYSTEMPATH/ThirdParty/Escaper/Escaper.php(167): Laminas\Escaper\Escaper->htmlAttrMatcher([...])
 3 [internal function]: Laminas\Escaper\Escaper->{closure:Laminas\Escaper\Escaper::__construct():167}([...])
 4 SYSTEMPATH/ThirdParty/Escaper/Escaper.php(200): preg_replace_callback('/[^a-z0-9,\\.\\-_]/iSu', Object(Closure), 'Dissociation Area: Interface area that is broken when the complex dissociates, given in Å². It usually coincides with the interface area.')
 5 SYSTEMPATH/Common.php(448): Laminas\Escaper\Escaper->escapeHtmlAttr('Dissociation Area: Interface area that is broken when the complex dissociates, given in Å². It usually coincides with the interface area.')
 6 APPPATH/Views/entry.php(590): esc('Dissociation Area: Interface area that is broken when the complex dissociates, given in Å². It usually coincides with the interface area.', 'attr')
 7 SYSTEMPATH/View/View.php(226): include('/Users/diego/Documents/GitHub/propedia26/app/Views/entry.php')
 8 SYSTEMPATH/View/View.php(229): CodeIgniter\View\View->{closure:CodeIgniter\View\View::render():223}()
 9 SYSTEMPATH/Common.php(1167): CodeIgniter\View\View->render('entry', [], true)
10 APPPATH/Controllers/Entry.php(57): view('entry', [...])
11 SYSTEMPATH/CodeIgniter.php(933): App\Controllers\Entry->entry('1WRZ-B-A')
12 SYSTEMPATH/CodeIgniter.php(507): CodeIgniter\CodeIgniter->runController(Object(App\Controllers\Entry))
13 SYSTEMPATH/CodeIgniter.php(354): CodeIgniter\CodeIgniter->handleRequest(null, Object(Config\Cache), false)
14 SYSTEMPATH/Boot.php(363): CodeIgniter\CodeIgniter->run()
15 SYSTEMPATH/Boot.php(68): CodeIgniter\Boot::runCodeIgniter(Object(CodeIgniter\CodeIgniter))
16 FCPATH/index.php(59): CodeIgniter\Boot::bootWeb(Object(Config\Paths))
17 SYSTEMPATH/rewrite.php(44): require_once('/Users/diego/Documents/GitHub/propedia26/public/index.php')
WARNING - 2026-08-26 22:17:05 --> [DEPRECATED] ord(): Providing a string that is not one byte long is deprecated. Use ord($str[0]) instead in SYSTEMPATH/ThirdParty/Escaper/Escaper.php on line 250.
 1 SYSTEMPATH/ThirdParty/Escaper/Escaper.php(250): ord('²')
 2 SYSTEMPATH/ThirdParty/Escaper/Escaper.php(167): Laminas\Escaper\Escaper->htmlAttrMatcher([...])
 3 [internal function]: Laminas\Escaper\Escaper->{closure:Laminas\Escaper\Escaper::__construct():167}([...])
 4 SYSTEMPATH/ThirdParty/Escaper/Escaper.php(200): preg_replace_callback('/[^a-z0-9,\\.\\-_]/iSu', Object(Closure), 'Dissociation Area: Interface area that is broken when the complex dissociates, given in Å². It usually coincides with the interface area.')
 5 SYSTEMPATH/Common.php(448): Laminas\Escaper\Escaper->escapeHtmlAttr('Dissociation Area: Interface area that is broken when the complex dissociates, given in Å². It usually coincides with the interface area.')
 6 APPPATH/Views/entry.php(590): esc('Dissociation Area: Interface area that is broken when the complex dissociates, given in Å². It usually coincides with the interface area.', 'attr')
 7 SYSTEMPATH/View/View.php(226): include('/Users/diego/Documents/GitHub/propedia26/app/Views/entry.php')
 8 SYSTEMPATH/View/View.php(229): CodeIgniter\View\View->{closure:CodeIgniter\View\View::render():223}()
 9 SYSTEMPATH/Common.php(1167): CodeIgniter\View\View->render('entry', [], true)
10 APPPATH/Controllers/Entry.php(57): view('entry', [...])
11 SYSTEMPATH/CodeIgniter.php(933): App\Controllers\Entry->entry('1WRZ-B-A')
12 SYSTEMPATH/CodeIgniter.php(507): CodeIgniter\CodeIgniter->runController(Object(App\Controllers\Entry))
13 SYSTEMPATH/CodeIgniter.php(354): CodeIgniter\CodeIgniter->handleRequest(null, Object(Config\Cache), false)
14 SYSTEMPATH/Boot.php(363): CodeIgniter\CodeIgniter->run()
15 SYSTEMPATH/Boot.php(68): CodeIgniter\Boot::runCodeIgniter(Object(CodeIgniter\CodeIgniter))
16 FCPATH/index.php(59): CodeIgniter\Boot::bootWeb(Object(Config\Paths))
17 SYSTEMPATH/rewrite.php(44): require_once('/Users/diego/Documents/GitHub/propedia26/public/index.php')
WARNING - 2026-08-26 22:17:05 --> [DEPRECATED] ord(): Providing a string that is not one byte long is deprecated. Use ord($str[0]) instead in SYSTEMPATH/ThirdParty/Escaper/Escaper.php on line 250.
 1 SYSTEMPATH/ThirdParty/Escaper/Escaper.php(250): ord('Δ')
 2 SYSTEMPATH/ThirdParty/Escaper/Escaper.php(167): Laminas\Escaper\Escaper->htmlAttrMatcher([...])
 3 [internal function]: Laminas\Escaper\Escaper->{closure:Laminas\Escaper\Escaper::__construct():167}([...])
 4 SYSTEMPATH/ThirdParty/Escaper/Escaper.php(200): preg_replace_callback('/[^a-z0-9,\\.\\-_]/iSu', Object(Closure), 'Dissociation Free Energy (ΔGdiss): Free energy required to dissociate the complex, in kcal/mol. Positive values indicate a thermodynamically stable complex. It is the PISA counterpart of the binding affinity predicted by PRODIGY, reported in the Interaction energy section above with the opposite sign.')
 5 SYSTEMPATH/Common.php(448): Laminas\Escaper\Escaper->escapeHtmlAttr('Dissociation Free Energy (ΔGdiss): Free energy required to dissociate the complex, in kcal/mol. Positive values indicate a thermodynamically stable complex. It is the PISA counterpart of the binding affinity predicted by PRODIGY, reported in the Interaction energy section above with the opposite sign.')
 6 APPPATH/Views/entry.php(590): esc('Dissociation Free Energy (ΔGdiss): Free energy required to dissociate the complex, in kcal/mol. Positive values indicate a thermodynamically stable complex. It is the PISA counterpart of the binding affinity predicted by PRODIGY, reported in the Interaction energy section above with the opposite sign.', 'attr')
 7 SYSTEMPATH/View/View.php(226): include('/Users/diego/Documents/GitHub/propedia26/app/Views/entry.php')
 8 SYSTEMPATH/View/View.php(229): CodeIgniter\View\View->{closure:CodeIgniter\View\View::render():223}()
 9 SYSTEMPATH/Common.php(1167): CodeIgniter\View\View->render('entry', [], true)
10 APPPATH/Controllers/Entry.php(57): view('entry', [...])
11 SYSTEMPATH/CodeIgniter.php(933): App\Controllers\Entry->entry('1WRZ-B-A')
12 SYSTEMPATH/CodeIgniter.php(507): CodeIgniter\CodeIgniter->runController(Object(App\Controllers\Entry))
13 SYSTEMPATH/CodeIgniter.php(354): CodeIgniter\CodeIgniter->handleRequest(null, Object(Config\Cache), false)
14 SYSTEMPATH/Boot.php(363): CodeIgniter\CodeIgniter->run()
15 SYSTEMPATH/Boot.php(68): CodeIgniter\Boot::runCodeIgniter(Object(CodeIgniter\CodeIgniter))
16 FCPATH/index.php(59): CodeIgniter\Boot::bootWeb(Object(Config\Paths))
17 SYSTEMPATH/rewrite.php(44): require_once('/Users/diego/Documents/GitHub/propedia26/public/index.php')
WARNING - 2026-08-26 22:17:05 --> [DEPRECATED] ord(): Providing a string that is not one byte long is deprecated. Use ord($str[0]) instead in SYSTEMPATH/ThirdParty/Escaper/Escaper.php on line 250.
 1 SYSTEMPATH/ThirdParty/Escaper/Escaper.php(250): ord('Δ')
 2 SYSTEMPATH/ThirdParty/Escaper/Escaper.php(167): Laminas\Escaper\Escaper->htmlAttrMatcher([...])
 3 [internal function]: Laminas\Escaper\Escaper->{closure:Laminas\Escaper\Escaper::__construct():167}([...])
 4 SYSTEMPATH/ThirdParty/Escaper/Escaper.php(200): preg_replace_callback('/[^a-z0-9,\\.\\-_]/iSu', Object(Closure), 'Solvation Energy Gain (ΔiG): Free energy gain, in kcal/mol, obtained on formation of the interface. Negative values indicate a hydrophobic interface, which favours the association. It does not include the contribution of hydrogen bonds and salt bridges across the interface.')
 5 SYSTEMPATH/Common.php(448): Laminas\Escaper\Escaper->escapeHtmlAttr('Solvation Energy Gain (ΔiG): Free energy gain, in kcal/mol, obtained on formation of the interface. Negative values indicate a hydrophobic interface, which favours the association. It does not include the contribution of hydrogen bonds and salt bridges across the interface.')
 6 APPPATH/Views/entry.php(590): esc('Solvation Energy Gain (ΔiG): Free energy gain, in kcal/mol, obtained on formation of the interface. Negative values indicate a hydrophobic interface, which favours the association. It does not include the contribution of hydrogen bonds and salt bridges across the interface.', 'attr')
 7 SYSTEMPATH/View/View.php(226): include('/Users/diego/Documents/GitHub/propedia26/app/Views/entry.php')
 8 SYSTEMPATH/View/View.php(229): CodeIgniter\View\View->{closure:CodeIgniter\View\View::render():223}()
 9 SYSTEMPATH/Common.php(1167): CodeIgniter\View\View->render('entry', [], true)
10 APPPATH/Controllers/Entry.php(57): view('entry', [...])
11 SYSTEMPATH/CodeIgniter.php(933): App\Controllers\Entry->entry('1WRZ-B-A')
12 SYSTEMPATH/CodeIgniter.php(507): CodeIgniter\CodeIgniter->runController(Object(App\Controllers\Entry))
13 SYSTEMPATH/CodeIgniter.php(354): CodeIgniter\CodeIgniter->handleRequest(null, Object(Config\Cache), false)
14 SYSTEMPATH/Boot.php(363): CodeIgniter\CodeIgniter->run()
15 SYSTEMPATH/Boot.php(68): CodeIgniter\Boot::runCodeIgniter(Object(CodeIgniter\CodeIgniter))
16 FCPATH/index.php(59): CodeIgniter\Boot::bootWeb(Object(Config\Paths))
17 SYSTEMPATH/rewrite.php(44): require_once('/Users/diego/Documents/GitHub/propedia26/public/index.php')
WARNING - 2026-08-26 22:17:05 --> [DEPRECATED] ord(): Providing a string that is not one byte long is deprecated. Use ord($str[0]) instead in SYSTEMPATH/ThirdParty/Escaper/Escaper.php on line 250.
 1 SYSTEMPATH/ThirdParty/Escaper/Escaper.php(250): ord('Δ')
 2 SYSTEMPATH/ThirdParty/Escaper/Escaper.php(167): Laminas\Escaper\Escaper->htmlAttrMatcher([...])
 3 [internal function]: Laminas\Escaper\Escaper->{closure:Laminas\Escaper\Escaper::__construct():167}([...])
 4 SYSTEMPATH/ThirdParty/Escaper/Escaper.php(200): preg_replace_callback('/[^a-z0-9,\\.\\-_]/iSu', Object(Closure), 'ΔiG P-value: Statistical significance of the solvation energy gain. Values below 0.5 indicate an interface more hydrophobic than would be expected by chance, that is, an interface likely to be interaction-specific rather than a crystal-packing artefact.')
 5 SYSTEMPATH/Common.php(448): Laminas\Escaper\Escaper->escapeHtmlAttr('ΔiG P-value: Statistical significance of the solvation energy gain. Values below 0.5 indicate an interface more hydrophobic than would be expected by chance, that is, an interface likely to be interaction-specific rather than a crystal-packing artefact.')
 6 APPPATH/Views/entry.php(590): esc('ΔiG P-value: Statistical significance of the solvation energy gain. Values below 0.5 indicate an interface more hydrophobic than would be expected by chance, that is, an interface likely to be interaction-specific rather than a crystal-packing artefact.', 'attr')
 7 SYSTEMPATH/View/View.php(226): include('/Users/diego/Documents/GitHub/propedia26/app/Views/entry.php')
 8 SYSTEMPATH/View/View.php(229): CodeIgniter\View\View->{closure:CodeIgniter\View\View::render():223}()
 9 SYSTEMPATH/Common.php(1167): CodeIgniter\View\View->render('entry', [], true)
10 APPPATH/Controllers/Entry.php(57): view('entry', [...])
11 SYSTEMPATH/CodeIgniter.php(933): App\Controllers\Entry->entry('1WRZ-B-A')
12 SYSTEMPATH/CodeIgniter.php(507): CodeIgniter\CodeIgniter->runController(Object(App\Controllers\Entry))
13 SYSTEMPATH/CodeIgniter.php(354): CodeIgniter\CodeIgniter->handleRequest(null, Object(Config\Cache), false)
14 SYSTEMPATH/Boot.php(363): CodeIgniter\CodeIgniter->run()
15 SYSTEMPATH/Boot.php(68): CodeIgniter\Boot::runCodeIgniter(Object(CodeIgniter\CodeIgniter))
16 FCPATH/index.php(59): CodeIgniter\Boot::bootWeb(Object(Config\Paths))
17 SYSTEMPATH/rewrite.php(44): require_once('/Users/diego/Documents/GitHub/propedia26/public/index.php')
WARNING - 2026-08-26 22:17:05 --> [DEPRECATED] ord(): Providing a string that is not one byte long is deprecated. Use ord($str[0]) instead in SYSTEMPATH/ThirdParty/Escaper/Escaper.php on line 250.
 1 SYSTEMPATH/ThirdParty/Escaper/Escaper.php(250): ord('Δ')
 2 SYSTEMPATH/ThirdParty/Escaper/Escaper.php(167): Laminas\Escaper\Escaper->htmlAttrMatcher([...])
 3 [internal function]: Laminas\Escaper\Escaper->{closure:Laminas\Escaper\Escaper::__construct():167}([...])
 4 SYSTEMPATH/ThirdParty/Escaper/Escaper.php(200): preg_replace_callback('/[^a-z0-9,\\.\\-_]/iSu', Object(Closure), 'Total Interaction Energy: Solvation energy gain summed over all the interfaces of the structure, in kcal/mol. It is equal to the interface ΔiG when the structure has a single interface.')
 5 SYSTEMPATH/Common.php(448): Laminas\Escaper\Escaper->escapeHtmlAttr('Total Interaction Energy: Solvation energy gain summed over all the interfaces of the structure, in kcal/mol. It is equal to the interface ΔiG when the structure has a single interface.')
 6 APPPATH/Views/entry.php(590): esc('Total Interaction Energy: Solvation energy gain summed over all the interfaces of the structure, in kcal/mol. It is equal to the interface ΔiG when the structure has a single interface.', 'attr')
 7 SYSTEMPATH/View/View.php(226): include('/Users/diego/Documents/GitHub/propedia26/app/Views/entry.php')
 8 SYSTEMPATH/View/View.php(229): CodeIgniter\View\View->{closure:CodeIgniter\View\View::render():223}()
 9 SYSTEMPATH/Common.php(1167): CodeIgniter\View\View->render('entry', [], true)
10 APPPATH/Controllers/Entry.php(57): view('entry', [...])
11 SYSTEMPATH/CodeIgniter.php(933): App\Controllers\Entry->entry('1WRZ-B-A')
12 SYSTEMPATH/CodeIgniter.php(507): CodeIgniter\CodeIgniter->runController(Object(App\Controllers\Entry))
13 SYSTEMPATH/CodeIgniter.php(354): CodeIgniter\CodeIgniter->handleRequest(null, Object(Config\Cache), false)
14 SYSTEMPATH/Boot.php(363): CodeIgniter\CodeIgniter->run()
15 SYSTEMPATH/Boot.php(68): CodeIgniter\Boot::runCodeIgniter(Object(CodeIgniter\CodeIgniter))
16 FCPATH/index.php(59): CodeIgniter\Boot::bootWeb(Object(Config\Paths))
17 SYSTEMPATH/rewrite.php(44): require_once('/Users/diego/Documents/GitHub/propedia26/public/index.php')
WARNING - 2026-08-26 22:17:05 --> [DEPRECATED] ord(): Providing a string that is not one byte long is deprecated. Use ord($str[0]) instead in SYSTEMPATH/ThirdParty/Escaper/Escaper.php on line 250.
 1 SYSTEMPATH/ThirdParty/Escaper/Escaper.php(250): ord('Δ')
 2 SYSTEMPATH/ThirdParty/Escaper/Escaper.php(167): Laminas\Escaper\Escaper->htmlAttrMatcher([...])
 3 [internal function]: Laminas\Escaper\Escaper->{closure:Laminas\Escaper\Escaper::__construct():167}([...])
 4 SYSTEMPATH/ThirdParty/Escaper/Escaper.php(200): preg_replace_callback('/[^a-z0-9,\\.\\-_]/iSu', Object(Closure), 'Dissociation Entropy (TΔS): Entropic cost of the association, in kcal/mol. It always opposes the formation of the complex and is taken into account in the calculation of ΔGdiss.')
 5 SYSTEMPATH/Common.php(448): Laminas\Escaper\Escaper->escapeHtmlAttr('Dissociation Entropy (TΔS): Entropic cost of the association, in kcal/mol. It always opposes the formation of the complex and is taken into account in the calculation of ΔGdiss.')
 6 APPPATH/Views/entry.php(590): esc('Dissociation Entropy (TΔS): Entropic cost of the association, in kcal/mol. It always opposes the formation of the complex and is taken into account in the calculation of ΔGdiss.', 'attr')
 7 SYSTEMPATH/View/View.php(226): include('/Users/diego/Documents/GitHub/propedia26/app/Views/entry.php')
 8 SYSTEMPATH/View/View.php(229): CodeIgniter\View\View->{closure:CodeIgniter\View\View::render():223}()
 9 SYSTEMPATH/Common.php(1167): CodeIgniter\View\View->render('entry', [], true)
10 APPPATH/Controllers/Entry.php(57): view('entry', [...])
11 SYSTEMPATH/CodeIgniter.php(933): App\Controllers\Entry->entry('1WRZ-B-A')
12 SYSTEMPATH/CodeIgniter.php(507): CodeIgniter\CodeIgniter->runController(Object(App\Controllers\Entry))
13 SYSTEMPATH/CodeIgniter.php(354): CodeIgniter\CodeIgniter->handleRequest(null, Object(Config\Cache), false)
14 SYSTEMPATH/Boot.php(363): CodeIgniter\CodeIgniter->run()
15 SYSTEMPATH/Boot.php(68): CodeIgniter\Boot::runCodeIgniter(Object(CodeIgniter\CodeIgniter))
16 FCPATH/index.php(59): CodeIgniter\Boot::bootWeb(Object(Config\Paths))
17 SYSTEMPATH/rewrite.php(44): require_once('/Users/diego/Documents/GitHub/propedia26/public/index.php')
WARNING - 2026-08-26 22:17:05 --> [DEPRECATED] ord(): Providing a string that is not one byte long is deprecated. Use ord($str[0]) instead in SYSTEMPATH/ThirdParty/Escaper/Escaper.php on line 250.
 1 SYSTEMPATH/ThirdParty/Escaper/Escaper.php(250): ord('Δ')
 2 SYSTEMPATH/ThirdParty/Escaper/Escaper.php(167): Laminas\Escaper\Escaper->htmlAttrMatcher([...])
 3 [internal function]: Laminas\Escaper\Escaper->{closure:Laminas\Escaper\Escaper::__construct():167}([...])
 4 SYSTEMPATH/ThirdParty/Escaper/Escaper.php(200): preg_replace_callback('/[^a-z0-9,\\.\\-_]/iSu', Object(Closure), 'Dissociation Entropy (TΔS): Entropic cost of the association, in kcal/mol. It always opposes the formation of the complex and is taken into account in the calculation of ΔGdiss.')
 5 SYSTEMPATH/Common.php(448): Laminas\Escaper\Escaper->escapeHtmlAttr('Dissociation Entropy (TΔS): Entropic cost of the association, in kcal/mol. It always opposes the formation of the complex and is taken into account in the calculation of ΔGdiss.')
 6 APPPATH/Views/entry.php(590): esc('Dissociation Entropy (TΔS): Entropic cost of the association, in kcal/mol. It always opposes the formation of the complex and is taken into account in the calculation of ΔGdiss.', 'attr')
 7 SYSTEMPATH/View/View.php(226): include('/Users/diego/Documents/GitHub/propedia26/app/Views/entry.php')
 8 SYSTEMPATH/View/View.php(229): CodeIgniter\View\View->{closure:CodeIgniter\View\View::render():223}()
 9 SYSTEMPATH/Common.php(1167): CodeIgniter\View\View->render('entry', [], true)
10 APPPATH/Controllers/Entry.php(57): view('entry', [...])
11 SYSTEMPATH/CodeIgniter.php(933): App\Controllers\Entry->entry('1WRZ-B-A')
12 SYSTEMPATH/CodeIgniter.php(507): CodeIgniter\CodeIgniter->runController(Object(App\Controllers\Entry))
13 SYSTEMPATH/CodeIgniter.php(354): CodeIgniter\CodeIgniter->handleRequest(null, Object(Config\Cache), false)
14 SYSTEMPATH/Boot.php(363): CodeIgniter\CodeIgniter->run()
15 SYSTEMPATH/Boot.php(68): CodeIgniter\Boot::runCodeIgniter(Object(CodeIgniter\CodeIgniter))
16 FCPATH/index.php(59): CodeIgniter\Boot::bootWeb(Object(Config\Paths))
17 SYSTEMPATH/rewrite.php(44): require_once('/Users/diego/Documents/GitHub/propedia26/public/index.php')
DEBUG - 2026-08-26 22:17:05 --> Session: Class initialized using 'CodeIgniter\Session\Handlers\FileHandler' driver.
WARNING - 2026-08-26 22:17:21 --> [DEPRECATED] fgetcsv(): the $escape parameter must be provided as its default value will change in APPPATH/Controllers/Entry.php on line 37.
 1 APPPATH/Controllers/Entry.php(37): fgetcsv(resource (stream), 0, ';')
 2 SYSTEMPATH/CodeIgniter.php(933): App\Controllers\Entry->entry('1WRZ-B-A')
 3 SYSTEMPATH/CodeIgniter.php(507): CodeIgniter\CodeIgniter->runController(Object(App\Controllers\Entry))
 4 SYSTEMPATH/CodeIgniter.php(354): CodeIgniter\CodeIgniter->handleRequest(null, Object(Config\Cache), false)
 5 SYSTEMPATH/Boot.php(363): CodeIgniter\CodeIgniter->run()
 6 SYSTEMPATH/Boot.php(68): CodeIgniter\Boot::runCodeIgniter(Object(CodeIgniter\CodeIgniter))
 7 FCPATH/index.php(59): CodeIgniter\Boot::bootWeb(Object(Config\Paths))
 8 SYSTEMPATH/rewrite.php(44): require_once('/Users/diego/Documents/GitHub/propedia26/public/index.php')
WARNING - 2026-08-26 22:17:21 --> [DEPRECATED] ord(): Providing a string that is not one byte long is deprecated. Use ord($str[0]) instead in SYSTEMPATH/ThirdParty/Escaper/Escaper.php on line 250.
 1 SYSTEMPATH/ThirdParty/Escaper/Escaper.php(250): ord('Å')
 2 SYSTEMPATH/ThirdParty/Escaper/Escaper.php(167): Laminas\Escaper\Escaper->htmlAttrMatcher([...])
 3 [internal function]: Laminas\Escaper\Escaper->{closure:Laminas\Escaper\Escaper::__construct():167}([...])
 4 SYSTEMPATH/ThirdParty/Escaper/Escaper.php(200): preg_replace_callback('/[^a-z0-9,\\.\\-_]/iSu', Object(Closure), 'Interface Area: Area of one face of the protein-peptide interface, given in Å². It corresponds to the BSA calculated with NACCESS, reported in the Surface section above.')
 5 SYSTEMPATH/Common.php(448): Laminas\Escaper\Escaper->escapeHtmlAttr('Interface Area: Area of one face of the protein-peptide interface, given in Å². It corresponds to the BSA calculated with NACCESS, reported in the Surface section above.')
 6 APPPATH/Views/entry.php(590): esc('Interface Area: Area of one face of the protein-peptide interface, given in Å². It corresponds to the BSA calculated with NACCESS, reported in the Surface section above.', 'attr')
 7 SYSTEMPATH/View/View.php(226): include('/Users/diego/Documents/GitHub/propedia26/app/Views/entry.php')
 8 SYSTEMPATH/View/View.php(229): CodeIgniter\View\View->{closure:CodeIgniter\View\View::render():223}()
 9 SYSTEMPATH/Common.php(1167): CodeIgniter\View\View->render('entry', [], true)
10 APPPATH/Controllers/Entry.php(57): view('entry', [...])
11 SYSTEMPATH/CodeIgniter.php(933): App\Controllers\Entry->entry('1WRZ-B-A')
12 SYSTEMPATH/CodeIgniter.php(507): CodeIgniter\CodeIgniter->runController(Object(App\Controllers\Entry))
13 SYSTEMPATH/CodeIgniter.php(354): CodeIgniter\CodeIgniter->handleRequest(null, Object(Config\Cache), false)
14 SYSTEMPATH/Boot.php(363): CodeIgniter\CodeIgniter->run()
15 SYSTEMPATH/Boot.php(68): CodeIgniter\Boot::runCodeIgniter(Object(CodeIgniter\CodeIgniter))
16 FCPATH/index.php(59): CodeIgniter\Boot::bootWeb(Object(Config\Paths))
17 SYSTEMPATH/rewrite.php(44): require_once('/Users/diego/Documents/GitHub/propedia26/public/index.php')
WARNING - 2026-08-26 22:17:21 --> [DEPRECATED] ord(): Providing a string that is not one byte long is deprecated. Use ord($str[0]) instead in SYSTEMPATH/ThirdParty/Escaper/Escaper.php on line 250.
 1 SYSTEMPATH/ThirdParty/Escaper/Escaper.php(250): ord('²')
 2 SYSTEMPATH/ThirdParty/Escaper/Escaper.php(167): Laminas\Escaper\Escaper->htmlAttrMatcher([...])
 3 [internal function]: Laminas\Escaper\Escaper->{closure:Laminas\Escaper\Escaper::__construct():167}([...])
 4 SYSTEMPATH/ThirdParty/Escaper/Escaper.php(200): preg_replace_callback('/[^a-z0-9,\\.\\-_]/iSu', Object(Closure), 'Interface Area: Area of one face of the protein-peptide interface, given in Å². It corresponds to the BSA calculated with NACCESS, reported in the Surface section above.')
 5 SYSTEMPATH/Common.php(448): Laminas\Escaper\Escaper->escapeHtmlAttr('Interface Area: Area of one face of the protein-peptide interface, given in Å². It corresponds to the BSA calculated with NACCESS, reported in the Surface section above.')
 6 APPPATH/Views/entry.php(590): esc('Interface Area: Area of one face of the protein-peptide interface, given in Å². It corresponds to the BSA calculated with NACCESS, reported in the Surface section above.', 'attr')
 7 SYSTEMPATH/View/View.php(226): include('/Users/diego/Documents/GitHub/propedia26/app/Views/entry.php')
 8 SYSTEMPATH/View/View.php(229): CodeIgniter\View\View->{closure:CodeIgniter\View\View::render():223}()
 9 SYSTEMPATH/Common.php(1167): CodeIgniter\View\View->render('entry', [], true)
10 APPPATH/Controllers/Entry.php(57): view('entry', [...])
11 SYSTEMPATH/CodeIgniter.php(933): App\Controllers\Entry->entry('1WRZ-B-A')
12 SYSTEMPATH/CodeIgniter.php(507): CodeIgniter\CodeIgniter->runController(Object(App\Controllers\Entry))
13 SYSTEMPATH/CodeIgniter.php(354): CodeIgniter\CodeIgniter->handleRequest(null, Object(Config\Cache), false)
14 SYSTEMPATH/Boot.php(363): CodeIgniter\CodeIgniter->run()
15 SYSTEMPATH/Boot.php(68): CodeIgniter\Boot::runCodeIgniter(Object(CodeIgniter\CodeIgniter))
16 FCPATH/index.php(59): CodeIgniter\Boot::bootWeb(Object(Config\Paths))
17 SYSTEMPATH/rewrite.php(44): require_once('/Users/diego/Documents/GitHub/propedia26/public/index.php')
WARNING - 2026-08-26 22:17:21 --> [DEPRECATED] ord(): Providing a string that is not one byte long is deprecated. Use ord($str[0]) instead in SYSTEMPATH/ThirdParty/Escaper/Escaper.php on line 250.
 1 SYSTEMPATH/ThirdParty/Escaper/Escaper.php(250): ord('Å')
 2 SYSTEMPATH/ThirdParty/Escaper/Escaper.php(167): Laminas\Escaper\Escaper->htmlAttrMatcher([...])
 3 [internal function]: Laminas\Escaper\Escaper->{closure:Laminas\Escaper\Escaper::__construct():167}([...])
 4 SYSTEMPATH/ThirdParty/Escaper/Escaper.php(200): preg_replace_callback('/[^a-z0-9,\\.\\-_]/iSu', Object(Closure), 'Buried Area (peptide): Peptide surface area that becomes buried upon formation of the interface (value given in Å²).')
 5 SYSTEMPATH/Common.php(448): Laminas\Escaper\Escaper->escapeHtmlAttr('Buried Area (peptide): Peptide surface area that becomes buried upon formation of the interface (value given in Å²).')
 6 APPPATH/Views/entry.php(590): esc('Buried Area (peptide): Peptide surface area that becomes buried upon formation of the interface (value given in Å²).', 'attr')
 7 SYSTEMPATH/View/View.php(226): include('/Users/diego/Documents/GitHub/propedia26/app/Views/entry.php')
 8 SYSTEMPATH/View/View.php(229): CodeIgniter\View\View->{closure:CodeIgniter\View\View::render():223}()
 9 SYSTEMPATH/Common.php(1167): CodeIgniter\View\View->render('entry', [], true)
10 APPPATH/Controllers/Entry.php(57): view('entry', [...])
11 SYSTEMPATH/CodeIgniter.php(933): App\Controllers\Entry->entry('1WRZ-B-A')
12 SYSTEMPATH/CodeIgniter.php(507): CodeIgniter\CodeIgniter->runController(Object(App\Controllers\Entry))
13 SYSTEMPATH/CodeIgniter.php(354): CodeIgniter\CodeIgniter->handleRequest(null, Object(Config\Cache), false)
14 SYSTEMPATH/Boot.php(363): CodeIgniter\CodeIgniter->run()
15 SYSTEMPATH/Boot.php(68): CodeIgniter\Boot::runCodeIgniter(Object(CodeIgniter\CodeIgniter))
16 FCPATH/index.php(59): CodeIgniter\Boot::bootWeb(Object(Config\Paths))
17 SYSTEMPATH/rewrite.php(44): require_once('/Users/diego/Documents/GitHub/propedia26/public/index.php')
WARNING - 2026-08-26 22:17:21 --> [DEPRECATED] ord(): Providing a string that is not one byte long is deprecated. Use ord($str[0]) instead in SYSTEMPATH/ThirdParty/Escaper/Escaper.php on line 250.
 1 SYSTEMPATH/ThirdParty/Escaper/Escaper.php(250): ord('²')
 2 SYSTEMPATH/ThirdParty/Escaper/Escaper.php(167): Laminas\Escaper\Escaper->htmlAttrMatcher([...])
 3 [internal function]: Laminas\Escaper\Escaper->{closure:Laminas\Escaper\Escaper::__construct():167}([...])
 4 SYSTEMPATH/ThirdParty/Escaper/Escaper.php(200): preg_replace_callback('/[^a-z0-9,\\.\\-_]/iSu', Object(Closure), 'Buried Area (peptide): Peptide surface area that becomes buried upon formation of the interface (value given in Å²).')
 5 SYSTEMPATH/Common.php(448): Laminas\Escaper\Escaper->escapeHtmlAttr('Buried Area (peptide): Peptide surface area that becomes buried upon formation of the interface (value given in Å²).')
 6 APPPATH/Views/entry.php(590): esc('Buried Area (peptide): Peptide surface area that becomes buried upon formation of the interface (value given in Å²).', 'attr')
 7 SYSTEMPATH/View/View.php(226): include('/Users/diego/Documents/GitHub/propedia26/app/Views/entry.php')
 8 SYSTEMPATH/View/View.php(229): CodeIgniter\View\View->{closure:CodeIgniter\View\View::render():223}()
 9 SYSTEMPATH/Common.php(1167): CodeIgniter\View\View->render('entry', [], true)
10 APPPATH/Controllers/Entry.php(57): view('entry', [...])
11 SYSTEMPATH/CodeIgniter.php(933): App\Controllers\Entry->entry('1WRZ-B-A')
12 SYSTEMPATH/CodeIgniter.php(507): CodeIgniter\CodeIgniter->runController(Object(App\Controllers\Entry))
13 SYSTEMPATH/CodeIgniter.php(354): CodeIgniter\CodeIgniter->handleRequest(null, Object(Config\Cache), false)
14 SYSTEMPATH/Boot.php(363): CodeIgniter\CodeIgniter->run()
15 SYSTEMPATH/Boot.php(68): CodeIgniter\Boot::runCodeIgniter(Object(CodeIgniter\CodeIgniter))
16 FCPATH/index.php(59): CodeIgniter\Boot::bootWeb(Object(Config\Paths))
17 SYSTEMPATH/rewrite.php(44): require_once('/Users/diego/Documents/GitHub/propedia26/public/index.php')
WARNING - 2026-08-26 22:17:21 --> [DEPRECATED] ord(): Providing a string that is not one byte long is deprecated. Use ord($str[0]) instead in SYSTEMPATH/ThirdParty/Escaper/Escaper.php on line 250.
 1 SYSTEMPATH/ThirdParty/Escaper/Escaper.php(250): ord('Å')
 2 SYSTEMPATH/ThirdParty/Escaper/Escaper.php(167): Laminas\Escaper\Escaper->htmlAttrMatcher([...])
 3 [internal function]: Laminas\Escaper\Escaper->{closure:Laminas\Escaper\Escaper::__construct():167}([...])
 4 SYSTEMPATH/ThirdParty/Escaper/Escaper.php(200): preg_replace_callback('/[^a-z0-9,\\.\\-_]/iSu', Object(Closure), 'Buried Area (protein): Protein surface area that becomes buried upon formation of the interface (value given in Å²).')
 5 SYSTEMPATH/Common.php(448): Laminas\Escaper\Escaper->escapeHtmlAttr('Buried Area (protein): Protein surface area that becomes buried upon formation of the interface (value given in Å²).')
 6 APPPATH/Views/entry.php(590): esc('Buried Area (protein): Protein surface area that becomes buried upon formation of the interface (value given in Å²).', 'attr')
 7 SYSTEMPATH/View/View.php(226): include('/Users/diego/Documents/GitHub/propedia26/app/Views/entry.php')
 8 SYSTEMPATH/View/View.php(229): CodeIgniter\View\View->{closure:CodeIgniter\View\View::render():223}()
 9 SYSTEMPATH/Common.php(1167): CodeIgniter\View\View->render('entry', [], true)
10 APPPATH/Controllers/Entry.php(57): view('entry', [...])
11 SYSTEMPATH/CodeIgniter.php(933): App\Controllers\Entry->entry('1WRZ-B-A')
12 SYSTEMPATH/CodeIgniter.php(507): CodeIgniter\CodeIgniter->runController(Object(App\Controllers\Entry))
13 SYSTEMPATH/CodeIgniter.php(354): CodeIgniter\CodeIgniter->handleRequest(null, Object(Config\Cache), false)
14 SYSTEMPATH/Boot.php(363): CodeIgniter\CodeIgniter->run()
15 SYSTEMPATH/Boot.php(68): CodeIgniter\Boot::runCodeIgniter(Object(CodeIgniter\CodeIgniter))
16 FCPATH/index.php(59): CodeIgniter\Boot::bootWeb(Object(Config\Paths))
17 SYSTEMPATH/rewrite.php(44): require_once('/Users/diego/Documents/GitHub/propedia26/public/index.php')
WARNING - 2026-08-26 22:17:21 --> [DEPRECATED] ord(): Providing a string that is not one byte long is deprecated. Use ord($str[0]) instead in SYSTEMPATH/ThirdParty/Escaper/Escaper.php on line 250.
 1 SYSTEMPATH/ThirdParty/Escaper/Escaper.php(250): ord('²')
 2 SYSTEMPATH/ThirdParty/Escaper/Escaper.php(167): Laminas\Escaper\Escaper->htmlAttrMatcher([...])
 3 [internal function]: Laminas\Escaper\Escaper->{closure:Laminas\Escaper\Escaper::__construct():167}([...])
 4 SYSTEMPATH/ThirdParty/Escaper/Escaper.php(200): preg_replace_callback('/[^a-z0-9,\\.\\-_]/iSu', Object(Closure), 'Buried Area (protein): Protein surface area that becomes buried upon formation of the interface (value given in Å²).')
 5 SYSTEMPATH/Common.php(448): Laminas\Escaper\Escaper->escapeHtmlAttr('Buried Area (protein): Protein surface area that becomes buried upon formation of the interface (value given in Å²).')
 6 APPPATH/Views/entry.php(590): esc('Buried Area (protein): Protein surface area that becomes buried upon formation of the interface (value given in Å²).', 'attr')
 7 SYSTEMPATH/View/View.php(226): include('/Users/diego/Documents/GitHub/propedia26/app/Views/entry.php')
 8 SYSTEMPATH/View/View.php(229): CodeIgniter\View\View->{closure:CodeIgniter\View\View::render():223}()
 9 SYSTEMPATH/Common.php(1167): CodeIgniter\View\View->render('entry', [], true)
10 APPPATH/Controllers/Entry.php(57): view('entry', [...])
11 SYSTEMPATH/CodeIgniter.php(933): App\Controllers\Entry->entry('1WRZ-B-A')
12 SYSTEMPATH/CodeIgniter.php(507): CodeIgniter\CodeIgniter->runController(Object(App\Controllers\Entry))
13 SYSTEMPATH/CodeIgniter.php(354): CodeIgniter\CodeIgniter->handleRequest(null, Object(Config\Cache), false)
14 SYSTEMPATH/Boot.php(363): CodeIgniter\CodeIgniter->run()
15 SYSTEMPATH/Boot.php(68): CodeIgniter\Boot::runCodeIgniter(Object(CodeIgniter\CodeIgniter))
16 FCPATH/index.php(59): CodeIgniter\Boot::bootWeb(Object(Config\Paths))
17 SYSTEMPATH/rewrite.php(44): require_once('/Users/diego/Documents/GitHub/propedia26/public/index.php')
WARNING - 2026-08-26 22:17:21 --> [DEPRECATED] ord(): Providing a string that is not one byte long is deprecated. Use ord($str[0]) instead in SYSTEMPATH/ThirdParty/Escaper/Escaper.php on line 250.
 1 SYSTEMPATH/ThirdParty/Escaper/Escaper.php(250): ord('Å')
 2 SYSTEMPATH/ThirdParty/Escaper/Escaper.php(167): Laminas\Escaper\Escaper->htmlAttrMatcher([...])
 3 [internal function]: Laminas\Escaper\Escaper->{closure:Laminas\Escaper\Escaper::__construct():167}([...])
 4 SYSTEMPATH/ThirdParty/Escaper/Escaper.php(200): preg_replace_callback('/[^a-z0-9,\\.\\-_]/iSu', Object(Closure), 'Total Buried Area: Total surface area buried by the association, counting both faces of the interface, in Å². It is therefore about twice the BSA reported by NACCESS, which counts a single face.')
 5 SYSTEMPATH/Common.php(448): Laminas\Escaper\Escaper->escapeHtmlAttr('Total Buried Area: Total surface area buried by the association, counting both faces of the interface, in Å². It is therefore about twice the BSA reported by NACCESS, which counts a single face.')
 6 APPPATH/Views/entry.php(590): esc('Total Buried Area: Total surface area buried by the association, counting both faces of the interface, in Å². It is therefore about twice the BSA reported by NACCESS, which counts a single face.', 'attr')
 7 SYSTEMPATH/View/View.php(226): include('/Users/diego/Documents/GitHub/propedia26/app/Views/entry.php')
 8 SYSTEMPATH/View/View.php(229): CodeIgniter\View\View->{closure:CodeIgniter\View\View::render():223}()
 9 SYSTEMPATH/Common.php(1167): CodeIgniter\View\View->render('entry', [], true)
10 APPPATH/Controllers/Entry.php(57): view('entry', [...])
11 SYSTEMPATH/CodeIgniter.php(933): App\Controllers\Entry->entry('1WRZ-B-A')
12 SYSTEMPATH/CodeIgniter.php(507): CodeIgniter\CodeIgniter->runController(Object(App\Controllers\Entry))
13 SYSTEMPATH/CodeIgniter.php(354): CodeIgniter\CodeIgniter->handleRequest(null, Object(Config\Cache), false)
14 SYSTEMPATH/Boot.php(363): CodeIgniter\CodeIgniter->run()
15 SYSTEMPATH/Boot.php(68): CodeIgniter\Boot::runCodeIgniter(Object(CodeIgniter\CodeIgniter))
16 FCPATH/index.php(59): CodeIgniter\Boot::bootWeb(Object(Config\Paths))
17 SYSTEMPATH/rewrite.php(44): require_once('/Users/diego/Documents/GitHub/propedia26/public/index.php')
WARNING - 2026-08-26 22:17:21 --> [DEPRECATED] ord(): Providing a string that is not one byte long is deprecated. Use ord($str[0]) instead in SYSTEMPATH/ThirdParty/Escaper/Escaper.php on line 250.
 1 SYSTEMPATH/ThirdParty/Escaper/Escaper.php(250): ord('²')
 2 SYSTEMPATH/ThirdParty/Escaper/Escaper.php(167): Laminas\Escaper\Escaper->htmlAttrMatcher([...])
 3 [internal function]: Laminas\Escaper\Escaper->{closure:Laminas\Escaper\Escaper::__construct():167}([...])
 4 SYSTEMPATH/ThirdParty/Escaper/Escaper.php(200): preg_replace_callback('/[^a-z0-9,\\.\\-_]/iSu', Object(Closure), 'Total Buried Area: Total surface area buried by the association, counting both faces of the interface, in Å². It is therefore about twice the BSA reported by NACCESS, which counts a single face.')
 5 SYSTEMPATH/Common.php(448): Laminas\Escaper\Escaper->escapeHtmlAttr('Total Buried Area: Total surface area buried by the association, counting both faces of the interface, in Å². It is therefore about twice the BSA reported by NACCESS, which counts a single face.')
 6 APPPATH/Views/entry.php(590): esc('Total Buried Area: Total surface area buried by the association, counting both faces of the interface, in Å². It is therefore about twice the BSA reported by NACCESS, which counts a single face.', 'attr')
 7 SYSTEMPATH/View/View.php(226): include('/Users/diego/Documents/GitHub/propedia26/app/Views/entry.php')
 8 SYSTEMPATH/View/View.php(229): CodeIgniter\View\View->{closure:CodeIgniter\View\View::render():223}()
 9 SYSTEMPATH/Common.php(1167): CodeIgniter\View\View->render('entry', [], true)
10 APPPATH/Controllers/Entry.php(57): view('entry', [...])
11 SYSTEMPATH/CodeIgniter.php(933): App\Controllers\Entry->entry('1WRZ-B-A')
12 SYSTEMPATH/CodeIgniter.php(507): CodeIgniter\CodeIgniter->runController(Object(App\Controllers\Entry))
13 SYSTEMPATH/CodeIgniter.php(354): CodeIgniter\CodeIgniter->handleRequest(null, Object(Config\Cache), false)
14 SYSTEMPATH/Boot.php(363): CodeIgniter\CodeIgniter->run()
15 SYSTEMPATH/Boot.php(68): CodeIgniter\Boot::runCodeIgniter(Object(CodeIgniter\CodeIgniter))
16 FCPATH/index.php(59): CodeIgniter\Boot::bootWeb(Object(Config\Paths))
17 SYSTEMPATH/rewrite.php(44): require_once('/Users/diego/Documents/GitHub/propedia26/public/index.php')
WARNING - 2026-08-26 22:17:21 --> [DEPRECATED] ord(): Providing a string that is not one byte long is deprecated. Use ord($str[0]) instead in SYSTEMPATH/ThirdParty/Escaper/Escaper.php on line 250.
 1 SYSTEMPATH/ThirdParty/Escaper/Escaper.php(250): ord('Å')
 2 SYSTEMPATH/ThirdParty/Escaper/Escaper.php(167): Laminas\Escaper\Escaper->htmlAttrMatcher([...])
 3 [internal function]: Laminas\Escaper\Escaper->{closure:Laminas\Escaper\Escaper::__construct():167}([...])
 4 SYSTEMPATH/ThirdParty/Escaper/Escaper.php(200): preg_replace_callback('/[^a-z0-9,\\.\\-_]/iSu', Object(Closure), 'Complex ASA: Accessible surface area of the complex, given in Å². It corresponds to the ASA (complex) calculated with NACCESS, reported in the Surface section above.')
 5 SYSTEMPATH/Common.php(448): Laminas\Escaper\Escaper->escapeHtmlAttr('Complex ASA: Accessible surface area of the complex, given in Å². It corresponds to the ASA (complex) calculated with NACCESS, reported in the Surface section above.')
 6 APPPATH/Views/entry.php(590): esc('Complex ASA: Accessible surface area of the complex, given in Å². It corresponds to the ASA (complex) calculated with NACCESS, reported in the Surface section above.', 'attr')
 7 SYSTEMPATH/View/View.php(226): include('/Users/diego/Documents/GitHub/propedia26/app/Views/entry.php')
 8 SYSTEMPATH/View/View.php(229): CodeIgniter\View\View->{closure:CodeIgniter\View\View::render():223}()
 9 SYSTEMPATH/Common.php(1167): CodeIgniter\View\View->render('entry', [], true)
10 APPPATH/Controllers/Entry.php(57): view('entry', [...])
11 SYSTEMPATH/CodeIgniter.php(933): App\Controllers\Entry->entry('1WRZ-B-A')
12 SYSTEMPATH/CodeIgniter.php(507): CodeIgniter\CodeIgniter->runController(Object(App\Controllers\Entry))
13 SYSTEMPATH/CodeIgniter.php(354): CodeIgniter\CodeIgniter->handleRequest(null, Object(Config\Cache), false)
14 SYSTEMPATH/Boot.php(363): CodeIgniter\CodeIgniter->run()
15 SYSTEMPATH/Boot.php(68): CodeIgniter\Boot::runCodeIgniter(Object(CodeIgniter\CodeIgniter))
16 FCPATH/index.php(59): CodeIgniter\Boot::bootWeb(Object(Config\Paths))
17 SYSTEMPATH/rewrite.php(44): require_once('/Users/diego/Documents/GitHub/propedia26/public/index.php')
WARNING - 2026-08-26 22:17:21 --> [DEPRECATED] ord(): Providing a string that is not one byte long is deprecated. Use ord($str[0]) instead in SYSTEMPATH/ThirdParty/Escaper/Escaper.php on line 250.
 1 SYSTEMPATH/ThirdParty/Escaper/Escaper.php(250): ord('²')
 2 SYSTEMPATH/ThirdParty/Escaper/Escaper.php(167): Laminas\Escaper\Escaper->htmlAttrMatcher([...])
 3 [internal function]: Laminas\Escaper\Escaper->{closure:Laminas\Escaper\Escaper::__construct():167}([...])
 4 SYSTEMPATH/ThirdParty/Escaper/Escaper.php(200): preg_replace_callback('/[^a-z0-9,\\.\\-_]/iSu', Object(Closure), 'Complex ASA: Accessible surface area of the complex, given in Å². It corresponds to the ASA (complex) calculated with NACCESS, reported in the Surface section above.')
 5 SYSTEMPATH/Common.php(448): Laminas\Escaper\Escaper->escapeHtmlAttr('Complex ASA: Accessible surface area of the complex, given in Å². It corresponds to the ASA (complex) calculated with NACCESS, reported in the Surface section above.')
 6 APPPATH/Views/entry.php(590): esc('Complex ASA: Accessible surface area of the complex, given in Å². It corresponds to the ASA (complex) calculated with NACCESS, reported in the Surface section above.', 'attr')
 7 SYSTEMPATH/View/View.php(226): include('/Users/diego/Documents/GitHub/propedia26/app/Views/entry.php')
 8 SYSTEMPATH/View/View.php(229): CodeIgniter\View\View->{closure:CodeIgniter\View\View::render():223}()
 9 SYSTEMPATH/Common.php(1167): CodeIgniter\View\View->render('entry', [], true)
10 APPPATH/Controllers/Entry.php(57): view('entry', [...])
11 SYSTEMPATH/CodeIgniter.php(933): App\Controllers\Entry->entry('1WRZ-B-A')
12 SYSTEMPATH/CodeIgniter.php(507): CodeIgniter\CodeIgniter->runController(Object(App\Controllers\Entry))
13 SYSTEMPATH/CodeIgniter.php(354): CodeIgniter\CodeIgniter->handleRequest(null, Object(Config\Cache), false)
14 SYSTEMPATH/Boot.php(363): CodeIgniter\CodeIgniter->run()
15 SYSTEMPATH/Boot.php(68): CodeIgniter\Boot::runCodeIgniter(Object(CodeIgniter\CodeIgniter))
16 FCPATH/index.php(59): CodeIgniter\Boot::bootWeb(Object(Config\Paths))
17 SYSTEMPATH/rewrite.php(44): require_once('/Users/diego/Documents/GitHub/propedia26/public/index.php')
WARNING - 2026-08-26 22:17:21 --> [DEPRECATED] ord(): Providing a string that is not one byte long is deprecated. Use ord($str[0]) instead in SYSTEMPATH/ThirdParty/Escaper/Escaper.php on line 250.
 1 SYSTEMPATH/ThirdParty/Escaper/Escaper.php(250): ord('Å')
 2 SYSTEMPATH/ThirdParty/Escaper/Escaper.php(167): Laminas\Escaper\Escaper->htmlAttrMatcher([...])
 3 [internal function]: Laminas\Escaper\Escaper->{closure:Laminas\Escaper\Escaper::__construct():167}([...])
 4 SYSTEMPATH/ThirdParty/Escaper/Escaper.php(200): preg_replace_callback('/[^a-z0-9,\\.\\-_]/iSu', Object(Closure), 'Dissociation Area: Interface area that is broken when the complex dissociates, given in Å². It usually coincides with the interface area.')
 5 SYSTEMPATH/Common.php(448): Laminas\Escaper\Escaper->escapeHtmlAttr('Dissociation Area: Interface area that is broken when the complex dissociates, given in Å². It usually coincides with the interface area.')
 6 APPPATH/Views/entry.php(590): esc('Dissociation Area: Interface area that is broken when the complex dissociates, given in Å². It usually coincides with the interface area.', 'attr')
 7 SYSTEMPATH/View/View.php(226): include('/Users/diego/Documents/GitHub/propedia26/app/Views/entry.php')
 8 SYSTEMPATH/View/View.php(229): CodeIgniter\View\View->{closure:CodeIgniter\View\View::render():223}()
 9 SYSTEMPATH/Common.php(1167): CodeIgniter\View\View->render('entry', [], true)
10 APPPATH/Controllers/Entry.php(57): view('entry', [...])
11 SYSTEMPATH/CodeIgniter.php(933): App\Controllers\Entry->entry('1WRZ-B-A')
12 SYSTEMPATH/CodeIgniter.php(507): CodeIgniter\CodeIgniter->runController(Object(App\Controllers\Entry))
13 SYSTEMPATH/CodeIgniter.php(354): CodeIgniter\CodeIgniter->handleRequest(null, Object(Config\Cache), false)
14 SYSTEMPATH/Boot.php(363): CodeIgniter\CodeIgniter->run()
15 SYSTEMPATH/Boot.php(68): CodeIgniter\Boot::runCodeIgniter(Object(CodeIgniter\CodeIgniter))
16 FCPATH/index.php(59): CodeIgniter\Boot::bootWeb(Object(Config\Paths))
17 SYSTEMPATH/rewrite.php(44): require_once('/Users/diego/Documents/GitHub/propedia26/public/index.php')
WARNING - 2026-08-26 22:17:21 --> [DEPRECATED] ord(): Providing a string that is not one byte long is deprecated. Use ord($str[0]) instead in SYSTEMPATH/ThirdParty/Escaper/Escaper.php on line 250.
 1 SYSTEMPATH/ThirdParty/Escaper/Escaper.php(250): ord('²')
 2 SYSTEMPATH/ThirdParty/Escaper/Escaper.php(167): Laminas\Escaper\Escaper->htmlAttrMatcher([...])
 3 [internal function]: Laminas\Escaper\Escaper->{closure:Laminas\Escaper\Escaper::__construct():167}([...])
 4 SYSTEMPATH/ThirdParty/Escaper/Escaper.php(200): preg_replace_callback('/[^a-z0-9,\\.\\-_]/iSu', Object(Closure), 'Dissociation Area: Interface area that is broken when the complex dissociates, given in Å². It usually coincides with the interface area.')
 5 SYSTEMPATH/Common.php(448): Laminas\Escaper\Escaper->escapeHtmlAttr('Dissociation Area: Interface area that is broken when the complex dissociates, given in Å². It usually coincides with the interface area.')
 6 APPPATH/Views/entry.php(590): esc('Dissociation Area: Interface area that is broken when the complex dissociates, given in Å². It usually coincides with the interface area.', 'attr')
 7 SYSTEMPATH/View/View.php(226): include('/Users/diego/Documents/GitHub/propedia26/app/Views/entry.php')
 8 SYSTEMPATH/View/View.php(229): CodeIgniter\View\View->{closure:CodeIgniter\View\View::render():223}()
 9 SYSTEMPATH/Common.php(1167): CodeIgniter\View\View->render('entry', [], true)
10 APPPATH/Controllers/Entry.php(57): view('entry', [...])
11 SYSTEMPATH/CodeIgniter.php(933): App\Controllers\Entry->entry('1WRZ-B-A')
12 SYSTEMPATH/CodeIgniter.php(507): CodeIgniter\CodeIgniter->runController(Object(App\Controllers\Entry))
13 SYSTEMPATH/CodeIgniter.php(354): CodeIgniter\CodeIgniter->handleRequest(null, Object(Config\Cache), false)
14 SYSTEMPATH/Boot.php(363): CodeIgniter\CodeIgniter->run()
15 SYSTEMPATH/Boot.php(68): CodeIgniter\Boot::runCodeIgniter(Object(CodeIgniter\CodeIgniter))
16 FCPATH/index.php(59): CodeIgniter\Boot::bootWeb(Object(Config\Paths))
17 SYSTEMPATH/rewrite.php(44): require_once('/Users/diego/Documents/GitHub/propedia26/public/index.php')
WARNING - 2026-08-26 22:17:21 --> [DEPRECATED] ord(): Providing a string that is not one byte long is deprecated. Use ord($str[0]) instead in SYSTEMPATH/ThirdParty/Escaper/Escaper.php on line 250.
 1 SYSTEMPATH/ThirdParty/Escaper/Escaper.php(250): ord('Δ')
 2 SYSTEMPATH/ThirdParty/Escaper/Escaper.php(167): Laminas\Escaper\Escaper->htmlAttrMatcher([...])
 3 [internal function]: Laminas\Escaper\Escaper->{closure:Laminas\Escaper\Escaper::__construct():167}([...])
 4 SYSTEMPATH/ThirdParty/Escaper/Escaper.php(200): preg_replace_callback('/[^a-z0-9,\\.\\-_]/iSu', Object(Closure), 'Dissociation Free Energy (ΔGdiss): Free energy required to dissociate the complex, in kcal/mol. Positive values indicate a thermodynamically stable complex. It is the PISA counterpart of the binding affinity predicted by PRODIGY, reported in the Interaction energy section above with the opposite sign.')
 5 SYSTEMPATH/Common.php(448): Laminas\Escaper\Escaper->escapeHtmlAttr('Dissociation Free Energy (ΔGdiss): Free energy required to dissociate the complex, in kcal/mol. Positive values indicate a thermodynamically stable complex. It is the PISA counterpart of the binding affinity predicted by PRODIGY, reported in the Interaction energy section above with the opposite sign.')
 6 APPPATH/Views/entry.php(590): esc('Dissociation Free Energy (ΔGdiss): Free energy required to dissociate the complex, in kcal/mol. Positive values indicate a thermodynamically stable complex. It is the PISA counterpart of the binding affinity predicted by PRODIGY, reported in the Interaction energy section above with the opposite sign.', 'attr')
 7 SYSTEMPATH/View/View.php(226): include('/Users/diego/Documents/GitHub/propedia26/app/Views/entry.php')
 8 SYSTEMPATH/View/View.php(229): CodeIgniter\View\View->{closure:CodeIgniter\View\View::render():223}()
 9 SYSTEMPATH/Common.php(1167): CodeIgniter\View\View->render('entry', [], true)
10 APPPATH/Controllers/Entry.php(57): view('entry', [...])
11 SYSTEMPATH/CodeIgniter.php(933): App\Controllers\Entry->entry('1WRZ-B-A')
12 SYSTEMPATH/CodeIgniter.php(507): CodeIgniter\CodeIgniter->runController(Object(App\Controllers\Entry))
13 SYSTEMPATH/CodeIgniter.php(354): CodeIgniter\CodeIgniter->handleRequest(null, Object(Config\Cache), false)
14 SYSTEMPATH/Boot.php(363): CodeIgniter\CodeIgniter->run()
15 SYSTEMPATH/Boot.php(68): CodeIgniter\Boot::runCodeIgniter(Object(CodeIgniter\CodeIgniter))
16 FCPATH/index.php(59): CodeIgniter\Boot::bootWeb(Object(Config\Paths))
17 SYSTEMPATH/rewrite.php(44): require_once('/Users/diego/Documents/GitHub/propedia26/public/index.php')
WARNING - 2026-08-26 22:17:21 --> [DEPRECATED] ord(): Providing a string that is not one byte long is deprecated. Use ord($str[0]) instead in SYSTEMPATH/ThirdParty/Escaper/Escaper.php on line 250.
 1 SYSTEMPATH/ThirdParty/Escaper/Escaper.php(250): ord('Δ')
 2 SYSTEMPATH/ThirdParty/Escaper/Escaper.php(167): Laminas\Escaper\Escaper->htmlAttrMatcher([...])
 3 [internal function]: Laminas\Escaper\Escaper->{closure:Laminas\Escaper\Escaper::__construct():167}([...])
 4 SYSTEMPATH/ThirdParty/Escaper/Escaper.php(200): preg_replace_callback('/[^a-z0-9,\\.\\-_]/iSu', Object(Closure), 'Solvation Energy Gain (ΔiG): Free energy gain, in kcal/mol, obtained on formation of the interface. Negative values indicate a hydrophobic interface, which favours the association. It does not include the contribution of hydrogen bonds and salt bridges across the interface.')
 5 SYSTEMPATH/Common.php(448): Laminas\Escaper\Escaper->escapeHtmlAttr('Solvation Energy Gain (ΔiG): Free energy gain, in kcal/mol, obtained on formation of the interface. Negative values indicate a hydrophobic interface, which favours the association. It does not include the contribution of hydrogen bonds and salt bridges across the interface.')
 6 APPPATH/Views/entry.php(590): esc('Solvation Energy Gain (ΔiG): Free energy gain, in kcal/mol, obtained on formation of the interface. Negative values indicate a hydrophobic interface, which favours the association. It does not include the contribution of hydrogen bonds and salt bridges across the interface.', 'attr')
 7 SYSTEMPATH/View/View.php(226): include('/Users/diego/Documents/GitHub/propedia26/app/Views/entry.php')
 8 SYSTEMPATH/View/View.php(229): CodeIgniter\View\View->{closure:CodeIgniter\View\View::render():223}()
 9 SYSTEMPATH/Common.php(1167): CodeIgniter\View\View->render('entry', [], true)
10 APPPATH/Controllers/Entry.php(57): view('entry', [...])
11 SYSTEMPATH/CodeIgniter.php(933): App\Controllers\Entry->entry('1WRZ-B-A')
12 SYSTEMPATH/CodeIgniter.php(507): CodeIgniter\CodeIgniter->runController(Object(App\Controllers\Entry))
13 SYSTEMPATH/CodeIgniter.php(354): CodeIgniter\CodeIgniter->handleRequest(null, Object(Config\Cache), false)
14 SYSTEMPATH/Boot.php(363): CodeIgniter\CodeIgniter->run()
15 SYSTEMPATH/Boot.php(68): CodeIgniter\Boot::runCodeIgniter(Object(CodeIgniter\CodeIgniter))
16 FCPATH/index.php(59): CodeIgniter\Boot::bootWeb(Object(Config\Paths))
17 SYSTEMPATH/rewrite.php(44): require_once('/Users/diego/Documents/GitHub/propedia26/public/index.php')
WARNING - 2026-08-26 22:17:21 --> [DEPRECATED] ord(): Providing a string that is not one byte long is deprecated. Use ord($str[0]) instead in SYSTEMPATH/ThirdParty/Escaper/Escaper.php on line 250.
 1 SYSTEMPATH/ThirdParty/Escaper/Escaper.php(250): ord('Δ')
 2 SYSTEMPATH/ThirdParty/Escaper/Escaper.php(167): Laminas\Escaper\Escaper->htmlAttrMatcher([...])
 3 [internal function]: Laminas\Escaper\Escaper->{closure:Laminas\Escaper\Escaper::__construct():167}([...])
 4 SYSTEMPATH/ThirdParty/Escaper/Escaper.php(200): preg_replace_callback('/[^a-z0-9,\\.\\-_]/iSu', Object(Closure), 'ΔiG P-value: Statistical significance of the solvation energy gain. Values below 0.5 indicate an interface more hydrophobic than would be expected by chance, that is, an interface likely to be interaction-specific rather than a crystal-packing artefact.')
 5 SYSTEMPATH/Common.php(448): Laminas\Escaper\Escaper->escapeHtmlAttr('ΔiG P-value: Statistical significance of the solvation energy gain. Values below 0.5 indicate an interface more hydrophobic than would be expected by chance, that is, an interface likely to be interaction-specific rather than a crystal-packing artefact.')
 6 APPPATH/Views/entry.php(590): esc('ΔiG P-value: Statistical significance of the solvation energy gain. Values below 0.5 indicate an interface more hydrophobic than would be expected by chance, that is, an interface likely to be interaction-specific rather than a crystal-packing artefact.', 'attr')
 7 SYSTEMPATH/View/View.php(226): include('/Users/diego/Documents/GitHub/propedia26/app/Views/entry.php')
 8 SYSTEMPATH/View/View.php(229): CodeIgniter\View\View->{closure:CodeIgniter\View\View::render():223}()
 9 SYSTEMPATH/Common.php(1167): CodeIgniter\View\View->render('entry', [], true)
10 APPPATH/Controllers/Entry.php(57): view('entry', [...])
11 SYSTEMPATH/CodeIgniter.php(933): App\Controllers\Entry->entry('1WRZ-B-A')
12 SYSTEMPATH/CodeIgniter.php(507): CodeIgniter\CodeIgniter->runController(Object(App\Controllers\Entry))
13 SYSTEMPATH/CodeIgniter.php(354): CodeIgniter\CodeIgniter->handleRequest(null, Object(Config\Cache), false)
14 SYSTEMPATH/Boot.php(363): CodeIgniter\CodeIgniter->run()
15 SYSTEMPATH/Boot.php(68): CodeIgniter\Boot::runCodeIgniter(Object(CodeIgniter\CodeIgniter))
16 FCPATH/index.php(59): CodeIgniter\Boot::bootWeb(Object(Config\Paths))
17 SYSTEMPATH/rewrite.php(44): require_once('/Users/diego/Documents/GitHub/propedia26/public/index.php')
WARNING - 2026-08-26 22:17:21 --> [DEPRECATED] ord(): Providing a string that is not one byte long is deprecated. Use ord($str[0]) instead in SYSTEMPATH/ThirdParty/Escaper/Escaper.php on line 250.
 1 SYSTEMPATH/ThirdParty/Escaper/Escaper.php(250): ord('Δ')
 2 SYSTEMPATH/ThirdParty/Escaper/Escaper.php(167): Laminas\Escaper\Escaper->htmlAttrMatcher([...])
 3 [internal function]: Laminas\Escaper\Escaper->{closure:Laminas\Escaper\Escaper::__construct():167}([...])
 4 SYSTEMPATH/ThirdParty/Escaper/Escaper.php(200): preg_replace_callback('/[^a-z0-9,\\.\\-_]/iSu', Object(Closure), 'Total Interaction Energy: Solvation energy gain summed over all the interfaces of the structure, in kcal/mol. It is equal to the interface ΔiG when the structure has a single interface.')
 5 SYSTEMPATH/Common.php(448): Laminas\Escaper\Escaper->escapeHtmlAttr('Total Interaction Energy: Solvation energy gain summed over all the interfaces of the structure, in kcal/mol. It is equal to the interface ΔiG when the structure has a single interface.')
 6 APPPATH/Views/entry.php(590): esc('Total Interaction Energy: Solvation energy gain summed over all the interfaces of the structure, in kcal/mol. It is equal to the interface ΔiG when the structure has a single interface.', 'attr')
 7 SYSTEMPATH/View/View.php(226): include('/Users/diego/Documents/GitHub/propedia26/app/Views/entry.php')
 8 SYSTEMPATH/View/View.php(229): CodeIgniter\View\View->{closure:CodeIgniter\View\View::render():223}()
 9 SYSTEMPATH/Common.php(1167): CodeIgniter\View\View->render('entry', [], true)
10 APPPATH/Controllers/Entry.php(57): view('entry', [...])
11 SYSTEMPATH/CodeIgniter.php(933): App\Controllers\Entry->entry('1WRZ-B-A')
12 SYSTEMPATH/CodeIgniter.php(507): CodeIgniter\CodeIgniter->runController(Object(App\Controllers\Entry))
13 SYSTEMPATH/CodeIgniter.php(354): CodeIgniter\CodeIgniter->handleRequest(null, Object(Config\Cache), false)
14 SYSTEMPATH/Boot.php(363): CodeIgniter\CodeIgniter->run()
15 SYSTEMPATH/Boot.php(68): CodeIgniter\Boot::runCodeIgniter(Object(CodeIgniter\CodeIgniter))
16 FCPATH/index.php(59): CodeIgniter\Boot::bootWeb(Object(Config\Paths))
17 SYSTEMPATH/rewrite.php(44): require_once('/Users/diego/Documents/GitHub/propedia26/public/index.php')
WARNING - 2026-08-26 22:17:21 --> [DEPRECATED] ord(): Providing a string that is not one byte long is deprecated. Use ord($str[0]) instead in SYSTEMPATH/ThirdParty/Escaper/Escaper.php on line 250.
 1 SYSTEMPATH/ThirdParty/Escaper/Escaper.php(250): ord('Δ')
 2 SYSTEMPATH/ThirdParty/Escaper/Escaper.php(167): Laminas\Escaper\Escaper->htmlAttrMatcher([...])
 3 [internal function]: Laminas\Escaper\Escaper->{closure:Laminas\Escaper\Escaper::__construct():167}([...])
 4 SYSTEMPATH/ThirdParty/Escaper/Escaper.php(200): preg_replace_callback('/[^a-z0-9,\\.\\-_]/iSu', Object(Closure), 'Dissociation Entropy (TΔS): Entropic cost of the association, in kcal/mol. It always opposes the formation of the complex and is taken into account in the calculation of ΔGdiss.')
 5 SYSTEMPATH/Common.php(448): Laminas\Escaper\Escaper->escapeHtmlAttr('Dissociation Entropy (TΔS): Entropic cost of the association, in kcal/mol. It always opposes the formation of the complex and is taken into account in the calculation of ΔGdiss.')
 6 APPPATH/Views/entry.php(590): esc('Dissociation Entropy (TΔS): Entropic cost of the association, in kcal/mol. It always opposes the formation of the complex and is taken into account in the calculation of ΔGdiss.', 'attr')
 7 SYSTEMPATH/View/View.php(226): include('/Users/diego/Documents/GitHub/propedia26/app/Views/entry.php')
 8 SYSTEMPATH/View/View.php(229): CodeIgniter\View\View->{closure:CodeIgniter\View\View::render():223}()
 9 SYSTEMPATH/Common.php(1167): CodeIgniter\View\View->render('entry', [], true)
10 APPPATH/Controllers/Entry.php(57): view('entry', [...])
11 SYSTEMPATH/CodeIgniter.php(933): App\Controllers\Entry->entry('1WRZ-B-A')
12 SYSTEMPATH/CodeIgniter.php(507): CodeIgniter\CodeIgniter->runController(Object(App\Controllers\Entry))
13 SYSTEMPATH/CodeIgniter.php(354): CodeIgniter\CodeIgniter->handleRequest(null, Object(Config\Cache), false)
14 SYSTEMPATH/Boot.php(363): CodeIgniter\CodeIgniter->run()
15 SYSTEMPATH/Boot.php(68): CodeIgniter\Boot::runCodeIgniter(Object(CodeIgniter\CodeIgniter))
16 FCPATH/index.php(59): CodeIgniter\Boot::bootWeb(Object(Config\Paths))
17 SYSTEMPATH/rewrite.php(44): require_once('/Users/diego/Documents/GitHub/propedia26/public/index.php')
WARNING - 2026-08-26 22:17:21 --> [DEPRECATED] ord(): Providing a string that is not one byte long is deprecated. Use ord($str[0]) instead in SYSTEMPATH/ThirdParty/Escaper/Escaper.php on line 250.
 1 SYSTEMPATH/ThirdParty/Escaper/Escaper.php(250): ord('Δ')
 2 SYSTEMPATH/ThirdParty/Escaper/Escaper.php(167): Laminas\Escaper\Escaper->htmlAttrMatcher([...])
 3 [internal function]: Laminas\Escaper\Escaper->{closure:Laminas\Escaper\Escaper::__construct():167}([...])
 4 SYSTEMPATH/ThirdParty/Escaper/Escaper.php(200): preg_replace_callback('/[^a-z0-9,\\.\\-_]/iSu', Object(Closure), 'Dissociation Entropy (TΔS): Entropic cost of the association, in kcal/mol. It always opposes the formation of the complex and is taken into account in the calculation of ΔGdiss.')
 5 SYSTEMPATH/Common.php(448): Laminas\Escaper\Escaper->escapeHtmlAttr('Dissociation Entropy (TΔS): Entropic cost of the association, in kcal/mol. It always opposes the formation of the complex and is taken into account in the calculation of ΔGdiss.')
 6 APPPATH/Views/entry.php(590): esc('Dissociation Entropy (TΔS): Entropic cost of the association, in kcal/mol. It always opposes the formation of the complex and is taken into account in the calculation of ΔGdiss.', 'attr')
 7 SYSTEMPATH/View/View.php(226): include('/Users/diego/Documents/GitHub/propedia26/app/Views/entry.php')
 8 SYSTEMPATH/View/View.php(229): CodeIgniter\View\View->{closure:CodeIgniter\View\View::render():223}()
 9 SYSTEMPATH/Common.php(1167): CodeIgniter\View\View->render('entry', [], true)
10 APPPATH/Controllers/Entry.php(57): view('entry', [...])
11 SYSTEMPATH/CodeIgniter.php(933): App\Controllers\Entry->entry('1WRZ-B-A')
12 SYSTEMPATH/CodeIgniter.php(507): CodeIgniter\CodeIgniter->runController(Object(App\Controllers\Entry))
13 SYSTEMPATH/CodeIgniter.php(354): CodeIgniter\CodeIgniter->handleRequest(null, Object(Config\Cache), false)
14 SYSTEMPATH/Boot.php(363): CodeIgniter\CodeIgniter->run()
15 SYSTEMPATH/Boot.php(68): CodeIgniter\Boot::runCodeIgniter(Object(CodeIgniter\CodeIgniter))
16 FCPATH/index.php(59): CodeIgniter\Boot::bootWeb(Object(Config\Paths))
17 SYSTEMPATH/rewrite.php(44): require_once('/Users/diego/Documents/GitHub/propedia26/public/index.php')
DEBUG - 2026-08-26 22:17:21 --> Session: Class initialized using 'CodeIgniter\Session\Handlers\FileHandler' driver.
WARNING - 2026-08-26 22:17:42 --> [DEPRECATED] fgetcsv(): the $escape parameter must be provided as its default value will change in APPPATH/Controllers/Entry.php on line 37.
 1 APPPATH/Controllers/Entry.php(37): fgetcsv(resource (stream), 0, ';')
 2 SYSTEMPATH/CodeIgniter.php(933): App\Controllers\Entry->entry('1WRZ-B-A')
 3 SYSTEMPATH/CodeIgniter.php(507): CodeIgniter\CodeIgniter->runController(Object(App\Controllers\Entry))
 4 SYSTEMPATH/CodeIgniter.php(354): CodeIgniter\CodeIgniter->handleRequest(null, Object(Config\Cache), false)
 5 SYSTEMPATH/Boot.php(363): CodeIgniter\CodeIgniter->run()
 6 SYSTEMPATH/Boot.php(68): CodeIgniter\Boot::runCodeIgniter(Object(CodeIgniter\CodeIgniter))
 7 FCPATH/index.php(59): CodeIgniter\Boot::bootWeb(Object(Config\Paths))
 8 SYSTEMPATH/rewrite.php(44): require_once('/Users/diego/Documents/GitHub/propedia26/public/index.php')
WARNING - 2026-08-26 22:17:42 --> [DEPRECATED] ord(): Providing a string that is not one byte long is deprecated. Use ord($str[0]) instead in SYSTEMPATH/ThirdParty/Escaper/Escaper.php on line 250.
 1 SYSTEMPATH/ThirdParty/Escaper/Escaper.php(250): ord('Å')
 2 SYSTEMPATH/ThirdParty/Escaper/Escaper.php(167): Laminas\Escaper\Escaper->htmlAttrMatcher([...])
 3 [internal function]: Laminas\Escaper\Escaper->{closure:Laminas\Escaper\Escaper::__construct():167}([...])
 4 SYSTEMPATH/ThirdParty/Escaper/Escaper.php(200): preg_replace_callback('/[^a-z0-9,\\.\\-_]/iSu', Object(Closure), 'Interface Area: Area of one face of the protein-peptide interface, given in Å². It corresponds to the BSA calculated with NACCESS, reported in the Surface section above.')
 5 SYSTEMPATH/Common.php(448): Laminas\Escaper\Escaper->escapeHtmlAttr('Interface Area: Area of one face of the protein-peptide interface, given in Å². It corresponds to the BSA calculated with NACCESS, reported in the Surface section above.')
 6 APPPATH/Views/entry.php(590): esc('Interface Area: Area of one face of the protein-peptide interface, given in Å². It corresponds to the BSA calculated with NACCESS, reported in the Surface section above.', 'attr')
 7 SYSTEMPATH/View/View.php(226): include('/Users/diego/Documents/GitHub/propedia26/app/Views/entry.php')
 8 SYSTEMPATH/View/View.php(229): CodeIgniter\View\View->{closure:CodeIgniter\View\View::render():223}()
 9 SYSTEMPATH/Common.php(1167): CodeIgniter\View\View->render('entry', [], true)
10 APPPATH/Controllers/Entry.php(57): view('entry', [...])
11 SYSTEMPATH/CodeIgniter.php(933): App\Controllers\Entry->entry('1WRZ-B-A')
12 SYSTEMPATH/CodeIgniter.php(507): CodeIgniter\CodeIgniter->runController(Object(App\Controllers\Entry))
13 SYSTEMPATH/CodeIgniter.php(354): CodeIgniter\CodeIgniter->handleRequest(null, Object(Config\Cache), false)
14 SYSTEMPATH/Boot.php(363): CodeIgniter\CodeIgniter->run()
15 SYSTEMPATH/Boot.php(68): CodeIgniter\Boot::runCodeIgniter(Object(CodeIgniter\CodeIgniter))
16 FCPATH/index.php(59): CodeIgniter\Boot::bootWeb(Object(Config\Paths))
17 SYSTEMPATH/rewrite.php(44): require_once('/Users/diego/Documents/GitHub/propedia26/public/index.php')
WARNING - 2026-08-26 22:17:42 --> [DEPRECATED] ord(): Providing a string that is not one byte long is deprecated. Use ord($str[0]) instead in SYSTEMPATH/ThirdParty/Escaper/Escaper.php on line 250.
 1 SYSTEMPATH/ThirdParty/Escaper/Escaper.php(250): ord('²')
 2 SYSTEMPATH/ThirdParty/Escaper/Escaper.php(167): Laminas\Escaper\Escaper->htmlAttrMatcher([...])
 3 [internal function]: Laminas\Escaper\Escaper->{closure:Laminas\Escaper\Escaper::__construct():167}([...])
 4 SYSTEMPATH/ThirdParty/Escaper/Escaper.php(200): preg_replace_callback('/[^a-z0-9,\\.\\-_]/iSu', Object(Closure), 'Interface Area: Area of one face of the protein-peptide interface, given in Å². It corresponds to the BSA calculated with NACCESS, reported in the Surface section above.')
 5 SYSTEMPATH/Common.php(448): Laminas\Escaper\Escaper->escapeHtmlAttr('Interface Area: Area of one face of the protein-peptide interface, given in Å². It corresponds to the BSA calculated with NACCESS, reported in the Surface section above.')
 6 APPPATH/Views/entry.php(590): esc('Interface Area: Area of one face of the protein-peptide interface, given in Å². It corresponds to the BSA calculated with NACCESS, reported in the Surface section above.', 'attr')
 7 SYSTEMPATH/View/View.php(226): include('/Users/diego/Documents/GitHub/propedia26/app/Views/entry.php')
 8 SYSTEMPATH/View/View.php(229): CodeIgniter\View\View->{closure:CodeIgniter\View\View::render():223}()
 9 SYSTEMPATH/Common.php(1167): CodeIgniter\View\View->render('entry', [], true)
10 APPPATH/Controllers/Entry.php(57): view('entry', [...])
11 SYSTEMPATH/CodeIgniter.php(933): App\Controllers\Entry->entry('1WRZ-B-A')
12 SYSTEMPATH/CodeIgniter.php(507): CodeIgniter\CodeIgniter->runController(Object(App\Controllers\Entry))
13 SYSTEMPATH/CodeIgniter.php(354): CodeIgniter\CodeIgniter->handleRequest(null, Object(Config\Cache), false)
14 SYSTEMPATH/Boot.php(363): CodeIgniter\CodeIgniter->run()
15 SYSTEMPATH/Boot.php(68): CodeIgniter\Boot::runCodeIgniter(Object(CodeIgniter\CodeIgniter))
16 FCPATH/index.php(59): CodeIgniter\Boot::bootWeb(Object(Config\Paths))
17 SYSTEMPATH/rewrite.php(44): require_once('/Users/diego/Documents/GitHub/propedia26/public/index.php')
WARNING - 2026-08-26 22:17:42 --> [DEPRECATED] ord(): Providing a string that is not one byte long is deprecated. Use ord($str[0]) instead in SYSTEMPATH/ThirdParty/Escaper/Escaper.php on line 250.
 1 SYSTEMPATH/ThirdParty/Escaper/Escaper.php(250): ord('Å')
 2 SYSTEMPATH/ThirdParty/Escaper/Escaper.php(167): Laminas\Escaper\Escaper->htmlAttrMatcher([...])
 3 [internal function]: Laminas\Escaper\Escaper->{closure:Laminas\Escaper\Escaper::__construct():167}([...])
 4 SYSTEMPATH/ThirdParty/Escaper/Escaper.php(200): preg_replace_callback('/[^a-z0-9,\\.\\-_]/iSu', Object(Closure), 'Buried Area (peptide): Peptide surface area that becomes buried upon formation of the interface (value given in Å²).')
 5 SYSTEMPATH/Common.php(448): Laminas\Escaper\Escaper->escapeHtmlAttr('Buried Area (peptide): Peptide surface area that becomes buried upon formation of the interface (value given in Å²).')
 6 APPPATH/Views/entry.php(590): esc('Buried Area (peptide): Peptide surface area that becomes buried upon formation of the interface (value given in Å²).', 'attr')
 7 SYSTEMPATH/View/View.php(226): include('/Users/diego/Documents/GitHub/propedia26/app/Views/entry.php')
 8 SYSTEMPATH/View/View.php(229): CodeIgniter\View\View->{closure:CodeIgniter\View\View::render():223}()
 9 SYSTEMPATH/Common.php(1167): CodeIgniter\View\View->render('entry', [], true)
10 APPPATH/Controllers/Entry.php(57): view('entry', [...])
11 SYSTEMPATH/CodeIgniter.php(933): App\Controllers\Entry->entry('1WRZ-B-A')
12 SYSTEMPATH/CodeIgniter.php(507): CodeIgniter\CodeIgniter->runController(Object(App\Controllers\Entry))
13 SYSTEMPATH/CodeIgniter.php(354): CodeIgniter\CodeIgniter->handleRequest(null, Object(Config\Cache), false)
14 SYSTEMPATH/Boot.php(363): CodeIgniter\CodeIgniter->run()
15 SYSTEMPATH/Boot.php(68): CodeIgniter\Boot::runCodeIgniter(Object(CodeIgniter\CodeIgniter))
16 FCPATH/index.php(59): CodeIgniter\Boot::bootWeb(Object(Config\Paths))
17 SYSTEMPATH/rewrite.php(44): require_once('/Users/diego/Documents/GitHub/propedia26/public/index.php')
WARNING - 2026-08-26 22:17:42 --> [DEPRECATED] ord(): Providing a string that is not one byte long is deprecated. Use ord($str[0]) instead in SYSTEMPATH/ThirdParty/Escaper/Escaper.php on line 250.
 1 SYSTEMPATH/ThirdParty/Escaper/Escaper.php(250): ord('²')
 2 SYSTEMPATH/ThirdParty/Escaper/Escaper.php(167): Laminas\Escaper\Escaper->htmlAttrMatcher([...])
 3 [internal function]: Laminas\Escaper\Escaper->{closure:Laminas\Escaper\Escaper::__construct():167}([...])
 4 SYSTEMPATH/ThirdParty/Escaper/Escaper.php(200): preg_replace_callback('/[^a-z0-9,\\.\\-_]/iSu', Object(Closure), 'Buried Area (peptide): Peptide surface area that becomes buried upon formation of the interface (value given in Å²).')
 5 SYSTEMPATH/Common.php(448): Laminas\Escaper\Escaper->escapeHtmlAttr('Buried Area (peptide): Peptide surface area that becomes buried upon formation of the interface (value given in Å²).')
 6 APPPATH/Views/entry.php(590): esc('Buried Area (peptide): Peptide surface area that becomes buried upon formation of the interface (value given in Å²).', 'attr')
 7 SYSTEMPATH/View/View.php(226): include('/Users/diego/Documents/GitHub/propedia26/app/Views/entry.php')
 8 SYSTEMPATH/View/View.php(229): CodeIgniter\View\View->{closure:CodeIgniter\View\View::render():223}()
 9 SYSTEMPATH/Common.php(1167): CodeIgniter\View\View->render('entry', [], true)
10 APPPATH/Controllers/Entry.php(57): view('entry', [...])
11 SYSTEMPATH/CodeIgniter.php(933): App\Controllers\Entry->entry('1WRZ-B-A')
12 SYSTEMPATH/CodeIgniter.php(507): CodeIgniter\CodeIgniter->runController(Object(App\Controllers\Entry))
13 SYSTEMPATH/CodeIgniter.php(354): CodeIgniter\CodeIgniter->handleRequest(null, Object(Config\Cache), false)
14 SYSTEMPATH/Boot.php(363): CodeIgniter\CodeIgniter->run()
15 SYSTEMPATH/Boot.php(68): CodeIgniter\Boot::runCodeIgniter(Object(CodeIgniter\CodeIgniter))
16 FCPATH/index.php(59): CodeIgniter\Boot::bootWeb(Object(Config\Paths))
17 SYSTEMPATH/rewrite.php(44): require_once('/Users/diego/Documents/GitHub/propedia26/public/index.php')
WARNING - 2026-08-26 22:17:42 --> [DEPRECATED] ord(): Providing a string that is not one byte long is deprecated. Use ord($str[0]) instead in SYSTEMPATH/ThirdParty/Escaper/Escaper.php on line 250.
 1 SYSTEMPATH/ThirdParty/Escaper/Escaper.php(250): ord('Å')
 2 SYSTEMPATH/ThirdParty/Escaper/Escaper.php(167): Laminas\Escaper\Escaper->htmlAttrMatcher([...])
 3 [internal function]: Laminas\Escaper\Escaper->{closure:Laminas\Escaper\Escaper::__construct():167}([...])
 4 SYSTEMPATH/ThirdParty/Escaper/Escaper.php(200): preg_replace_callback('/[^a-z0-9,\\.\\-_]/iSu', Object(Closure), 'Buried Area (protein): Protein surface area that becomes buried upon formation of the interface (value given in Å²).')
 5 SYSTEMPATH/Common.php(448): Laminas\Escaper\Escaper->escapeHtmlAttr('Buried Area (protein): Protein surface area that becomes buried upon formation of the interface (value given in Å²).')
 6 APPPATH/Views/entry.php(590): esc('Buried Area (protein): Protein surface area that becomes buried upon formation of the interface (value given in Å²).', 'attr')
 7 SYSTEMPATH/View/View.php(226): include('/Users/diego/Documents/GitHub/propedia26/app/Views/entry.php')
 8 SYSTEMPATH/View/View.php(229): CodeIgniter\View\View->{closure:CodeIgniter\View\View::render():223}()
 9 SYSTEMPATH/Common.php(1167): CodeIgniter\View\View->render('entry', [], true)
10 APPPATH/Controllers/Entry.php(57): view('entry', [...])
11 SYSTEMPATH/CodeIgniter.php(933): App\Controllers\Entry->entry('1WRZ-B-A')
12 SYSTEMPATH/CodeIgniter.php(507): CodeIgniter\CodeIgniter->runController(Object(App\Controllers\Entry))
13 SYSTEMPATH/CodeIgniter.php(354): CodeIgniter\CodeIgniter->handleRequest(null, Object(Config\Cache), false)
14 SYSTEMPATH/Boot.php(363): CodeIgniter\CodeIgniter->run()
15 SYSTEMPATH/Boot.php(68): CodeIgniter\Boot::runCodeIgniter(Object(CodeIgniter\CodeIgniter))
16 FCPATH/index.php(59): CodeIgniter\Boot::bootWeb(Object(Config\Paths))
17 SYSTEMPATH/rewrite.php(44): require_once('/Users/diego/Documents/GitHub/propedia26/public/index.php')
WARNING - 2026-08-26 22:17:42 --> [DEPRECATED] ord(): Providing a string that is not one byte long is deprecated. Use ord($str[0]) instead in SYSTEMPATH/ThirdParty/Escaper/Escaper.php on line 250.
 1 SYSTEMPATH/ThirdParty/Escaper/Escaper.php(250): ord('²')
 2 SYSTEMPATH/ThirdParty/Escaper/Escaper.php(167): Laminas\Escaper\Escaper->htmlAttrMatcher([...])
 3 [internal function]: Laminas\Escaper\Escaper->{closure:Laminas\Escaper\Escaper::__construct():167}([...])
 4 SYSTEMPATH/ThirdParty/Escaper/Escaper.php(200): preg_replace_callback('/[^a-z0-9,\\.\\-_]/iSu', Object(Closure), 'Buried Area (protein): Protein surface area that becomes buried upon formation of the interface (value given in Å²).')
 5 SYSTEMPATH/Common.php(448): Laminas\Escaper\Escaper->escapeHtmlAttr('Buried Area (protein): Protein surface area that becomes buried upon formation of the interface (value given in Å²).')
 6 APPPATH/Views/entry.php(590): esc('Buried Area (protein): Protein surface area that becomes buried upon formation of the interface (value given in Å²).', 'attr')
 7 SYSTEMPATH/View/View.php(226): include('/Users/diego/Documents/GitHub/propedia26/app/Views/entry.php')
 8 SYSTEMPATH/View/View.php(229): CodeIgniter\View\View->{closure:CodeIgniter\View\View::render():223}()
 9 SYSTEMPATH/Common.php(1167): CodeIgniter\View\View->render('entry', [], true)
10 APPPATH/Controllers/Entry.php(57): view('entry', [...])
11 SYSTEMPATH/CodeIgniter.php(933): App\Controllers\Entry->entry('1WRZ-B-A')
12 SYSTEMPATH/CodeIgniter.php(507): CodeIgniter\CodeIgniter->runController(Object(App\Controllers\Entry))
13 SYSTEMPATH/CodeIgniter.php(354): CodeIgniter\CodeIgniter->handleRequest(null, Object(Config\Cache), false)
14 SYSTEMPATH/Boot.php(363): CodeIgniter\CodeIgniter->run()
15 SYSTEMPATH/Boot.php(68): CodeIgniter\Boot::runCodeIgniter(Object(CodeIgniter\CodeIgniter))
16 FCPATH/index.php(59): CodeIgniter\Boot::bootWeb(Object(Config\Paths))
17 SYSTEMPATH/rewrite.php(44): require_once('/Users/diego/Documents/GitHub/propedia26/public/index.php')
WARNING - 2026-08-26 22:17:42 --> [DEPRECATED] ord(): Providing a string that is not one byte long is deprecated. Use ord($str[0]) instead in SYSTEMPATH/ThirdParty/Escaper/Escaper.php on line 250.
 1 SYSTEMPATH/ThirdParty/Escaper/Escaper.php(250): ord('Å')
 2 SYSTEMPATH/ThirdParty/Escaper/Escaper.php(167): Laminas\Escaper\Escaper->htmlAttrMatcher([...])
 3 [internal function]: Laminas\Escaper\Escaper->{closure:Laminas\Escaper\Escaper::__construct():167}([...])
 4 SYSTEMPATH/ThirdParty/Escaper/Escaper.php(200): preg_replace_callback('/[^a-z0-9,\\.\\-_]/iSu', Object(Closure), 'Total Buried Area: Total surface area buried by the association, counting both faces of the interface, in Å². It is therefore about twice the BSA reported by NACCESS, which counts a single face.')
 5 SYSTEMPATH/Common.php(448): Laminas\Escaper\Escaper->escapeHtmlAttr('Total Buried Area: Total surface area buried by the association, counting both faces of the interface, in Å². It is therefore about twice the BSA reported by NACCESS, which counts a single face.')
 6 APPPATH/Views/entry.php(590): esc('Total Buried Area: Total surface area buried by the association, counting both faces of the interface, in Å². It is therefore about twice the BSA reported by NACCESS, which counts a single face.', 'attr')
 7 SYSTEMPATH/View/View.php(226): include('/Users/diego/Documents/GitHub/propedia26/app/Views/entry.php')
 8 SYSTEMPATH/View/View.php(229): CodeIgniter\View\View->{closure:CodeIgniter\View\View::render():223}()
 9 SYSTEMPATH/Common.php(1167): CodeIgniter\View\View->render('entry', [], true)
10 APPPATH/Controllers/Entry.php(57): view('entry', [...])
11 SYSTEMPATH/CodeIgniter.php(933): App\Controllers\Entry->entry('1WRZ-B-A')
12 SYSTEMPATH/CodeIgniter.php(507): CodeIgniter\CodeIgniter->runController(Object(App\Controllers\Entry))
13 SYSTEMPATH/CodeIgniter.php(354): CodeIgniter\CodeIgniter->handleRequest(null, Object(Config\Cache), false)
14 SYSTEMPATH/Boot.php(363): CodeIgniter\CodeIgniter->run()
15 SYSTEMPATH/Boot.php(68): CodeIgniter\Boot::runCodeIgniter(Object(CodeIgniter\CodeIgniter))
16 FCPATH/index.php(59): CodeIgniter\Boot::bootWeb(Object(Config\Paths))
17 SYSTEMPATH/rewrite.php(44): require_once('/Users/diego/Documents/GitHub/propedia26/public/index.php')
WARNING - 2026-08-26 22:17:42 --> [DEPRECATED] ord(): Providing a string that is not one byte long is deprecated. Use ord($str[0]) instead in SYSTEMPATH/ThirdParty/Escaper/Escaper.php on line 250.
 1 SYSTEMPATH/ThirdParty/Escaper/Escaper.php(250): ord('²')
 2 SYSTEMPATH/ThirdParty/Escaper/Escaper.php(167): Laminas\Escaper\Escaper->htmlAttrMatcher([...])
 3 [internal function]: Laminas\Escaper\Escaper->{closure:Laminas\Escaper\Escaper::__construct():167}([...])
 4 SYSTEMPATH/ThirdParty/Escaper/Escaper.php(200): preg_replace_callback('/[^a-z0-9,\\.\\-_]/iSu', Object(Closure), 'Total Buried Area: Total surface area buried by the association, counting both faces of the interface, in Å². It is therefore about twice the BSA reported by NACCESS, which counts a single face.')
 5 SYSTEMPATH/Common.php(448): Laminas\Escaper\Escaper->escapeHtmlAttr('Total Buried Area: Total surface area buried by the association, counting both faces of the interface, in Å². It is therefore about twice the BSA reported by NACCESS, which counts a single face.')
 6 APPPATH/Views/entry.php(590): esc('Total Buried Area: Total surface area buried by the association, counting both faces of the interface, in Å². It is therefore about twice the BSA reported by NACCESS, which counts a single face.', 'attr')
 7 SYSTEMPATH/View/View.php(226): include('/Users/diego/Documents/GitHub/propedia26/app/Views/entry.php')
 8 SYSTEMPATH/View/View.php(229): CodeIgniter\View\View->{closure:CodeIgniter\View\View::render():223}()
 9 SYSTEMPATH/Common.php(1167): CodeIgniter\View\View->render('entry', [], true)
10 APPPATH/Controllers/Entry.php(57): view('entry', [...])
11 SYSTEMPATH/CodeIgniter.php(933): App\Controllers\Entry->entry('1WRZ-B-A')
12 SYSTEMPATH/CodeIgniter.php(507): CodeIgniter\CodeIgniter->runController(Object(App\Controllers\Entry))
13 SYSTEMPATH/CodeIgniter.php(354): CodeIgniter\CodeIgniter->handleRequest(null, Object(Config\Cache), false)
14 SYSTEMPATH/Boot.php(363): CodeIgniter\CodeIgniter->run()
15 SYSTEMPATH/Boot.php(68): CodeIgniter\Boot::runCodeIgniter(Object(CodeIgniter\CodeIgniter))
16 FCPATH/index.php(59): CodeIgniter\Boot::bootWeb(Object(Config\Paths))
17 SYSTEMPATH/rewrite.php(44): require_once('/Users/diego/Documents/GitHub/propedia26/public/index.php')
WARNING - 2026-08-26 22:17:42 --> [DEPRECATED] ord(): Providing a string that is not one byte long is deprecated. Use ord($str[0]) instead in SYSTEMPATH/ThirdParty/Escaper/Escaper.php on line 250.
 1 SYSTEMPATH/ThirdParty/Escaper/Escaper.php(250): ord('Å')
 2 SYSTEMPATH/ThirdParty/Escaper/Escaper.php(167): Laminas\Escaper\Escaper->htmlAttrMatcher([...])
 3 [internal function]: Laminas\Escaper\Escaper->{closure:Laminas\Escaper\Escaper::__construct():167}([...])
 4 SYSTEMPATH/ThirdParty/Escaper/Escaper.php(200): preg_replace_callback('/[^a-z0-9,\\.\\-_]/iSu', Object(Closure), 'Complex ASA: Accessible surface area of the complex, given in Å². It corresponds to the ASA (complex) calculated with NACCESS, reported in the Surface section above.')
 5 SYSTEMPATH/Common.php(448): Laminas\Escaper\Escaper->escapeHtmlAttr('Complex ASA: Accessible surface area of the complex, given in Å². It corresponds to the ASA (complex) calculated with NACCESS, reported in the Surface section above.')
 6 APPPATH/Views/entry.php(590): esc('Complex ASA: Accessible surface area of the complex, given in Å². It corresponds to the ASA (complex) calculated with NACCESS, reported in the Surface section above.', 'attr')
 7 SYSTEMPATH/View/View.php(226): include('/Users/diego/Documents/GitHub/propedia26/app/Views/entry.php')
 8 SYSTEMPATH/View/View.php(229): CodeIgniter\View\View->{closure:CodeIgniter\View\View::render():223}()
 9 SYSTEMPATH/Common.php(1167): CodeIgniter\View\View->render('entry', [], true)
10 APPPATH/Controllers/Entry.php(57): view('entry', [...])
11 SYSTEMPATH/CodeIgniter.php(933): App\Controllers\Entry->entry('1WRZ-B-A')
12 SYSTEMPATH/CodeIgniter.php(507): CodeIgniter\CodeIgniter->runController(Object(App\Controllers\Entry))
13 SYSTEMPATH/CodeIgniter.php(354): CodeIgniter\CodeIgniter->handleRequest(null, Object(Config\Cache), false)
14 SYSTEMPATH/Boot.php(363): CodeIgniter\CodeIgniter->run()
15 SYSTEMPATH/Boot.php(68): CodeIgniter\Boot::runCodeIgniter(Object(CodeIgniter\CodeIgniter))
16 FCPATH/index.php(59): CodeIgniter\Boot::bootWeb(Object(Config\Paths))
17 SYSTEMPATH/rewrite.php(44): require_once('/Users/diego/Documents/GitHub/propedia26/public/index.php')
WARNING - 2026-08-26 22:17:42 --> [DEPRECATED] ord(): Providing a string that is not one byte long is deprecated. Use ord($str[0]) instead in SYSTEMPATH/ThirdParty/Escaper/Escaper.php on line 250.
 1 SYSTEMPATH/ThirdParty/Escaper/Escaper.php(250): ord('²')
 2 SYSTEMPATH/ThirdParty/Escaper/Escaper.php(167): Laminas\Escaper\Escaper->htmlAttrMatcher([...])
 3 [internal function]: Laminas\Escaper\Escaper->{closure:Laminas\Escaper\Escaper::__construct():167}([...])
 4 SYSTEMPATH/ThirdParty/Escaper/Escaper.php(200): preg_replace_callback('/[^a-z0-9,\\.\\-_]/iSu', Object(Closure), 'Complex ASA: Accessible surface area of the complex, given in Å². It corresponds to the ASA (complex) calculated with NACCESS, reported in the Surface section above.')
 5 SYSTEMPATH/Common.php(448): Laminas\Escaper\Escaper->escapeHtmlAttr('Complex ASA: Accessible surface area of the complex, given in Å². It corresponds to the ASA (complex) calculated with NACCESS, reported in the Surface section above.')
 6 APPPATH/Views/entry.php(590): esc('Complex ASA: Accessible surface area of the complex, given in Å². It corresponds to the ASA (complex) calculated with NACCESS, reported in the Surface section above.', 'attr')
 7 SYSTEMPATH/View/View.php(226): include('/Users/diego/Documents/GitHub/propedia26/app/Views/entry.php')
 8 SYSTEMPATH/View/View.php(229): CodeIgniter\View\View->{closure:CodeIgniter\View\View::render():223}()
 9 SYSTEMPATH/Common.php(1167): CodeIgniter\View\View->render('entry', [], true)
10 APPPATH/Controllers/Entry.php(57): view('entry', [...])
11 SYSTEMPATH/CodeIgniter.php(933): App\Controllers\Entry->entry('1WRZ-B-A')
12 SYSTEMPATH/CodeIgniter.php(507): CodeIgniter\CodeIgniter->runController(Object(App\Controllers\Entry))
13 SYSTEMPATH/CodeIgniter.php(354): CodeIgniter\CodeIgniter->handleRequest(null, Object(Config\Cache), false)
14 SYSTEMPATH/Boot.php(363): CodeIgniter\CodeIgniter->run()
15 SYSTEMPATH/Boot.php(68): CodeIgniter\Boot::runCodeIgniter(Object(CodeIgniter\CodeIgniter))
16 FCPATH/index.php(59): CodeIgniter\Boot::bootWeb(Object(Config\Paths))
17 SYSTEMPATH/rewrite.php(44): require_once('/Users/diego/Documents/GitHub/propedia26/public/index.php')
WARNING - 2026-08-26 22:17:42 --> [DEPRECATED] ord(): Providing a string that is not one byte long is deprecated. Use ord($str[0]) instead in SYSTEMPATH/ThirdParty/Escaper/Escaper.php on line 250.
 1 SYSTEMPATH/ThirdParty/Escaper/Escaper.php(250): ord('Å')
 2 SYSTEMPATH/ThirdParty/Escaper/Escaper.php(167): Laminas\Escaper\Escaper->htmlAttrMatcher([...])
 3 [internal function]: Laminas\Escaper\Escaper->{closure:Laminas\Escaper\Escaper::__construct():167}([...])
 4 SYSTEMPATH/ThirdParty/Escaper/Escaper.php(200): preg_replace_callback('/[^a-z0-9,\\.\\-_]/iSu', Object(Closure), 'Dissociation Area: Interface area that is broken when the complex dissociates, given in Å². It usually coincides with the interface area.')
 5 SYSTEMPATH/Common.php(448): Laminas\Escaper\Escaper->escapeHtmlAttr('Dissociation Area: Interface area that is broken when the complex dissociates, given in Å². It usually coincides with the interface area.')
 6 APPPATH/Views/entry.php(590): esc('Dissociation Area: Interface area that is broken when the complex dissociates, given in Å². It usually coincides with the interface area.', 'attr')
 7 SYSTEMPATH/View/View.php(226): include('/Users/diego/Documents/GitHub/propedia26/app/Views/entry.php')
 8 SYSTEMPATH/View/View.php(229): CodeIgniter\View\View->{closure:CodeIgniter\View\View::render():223}()
 9 SYSTEMPATH/Common.php(1167): CodeIgniter\View\View->render('entry', [], true)
10 APPPATH/Controllers/Entry.php(57): view('entry', [...])
11 SYSTEMPATH/CodeIgniter.php(933): App\Controllers\Entry->entry('1WRZ-B-A')
12 SYSTEMPATH/CodeIgniter.php(507): CodeIgniter\CodeIgniter->runController(Object(App\Controllers\Entry))
13 SYSTEMPATH/CodeIgniter.php(354): CodeIgniter\CodeIgniter->handleRequest(null, Object(Config\Cache), false)
14 SYSTEMPATH/Boot.php(363): CodeIgniter\CodeIgniter->run()
15 SYSTEMPATH/Boot.php(68): CodeIgniter\Boot::runCodeIgniter(Object(CodeIgniter\CodeIgniter))
16 FCPATH/index.php(59): CodeIgniter\Boot::bootWeb(Object(Config\Paths))
17 SYSTEMPATH/rewrite.php(44): require_once('/Users/diego/Documents/GitHub/propedia26/public/index.php')
WARNING - 2026-08-26 22:17:42 --> [DEPRECATED] ord(): Providing a string that is not one byte long is deprecated. Use ord($str[0]) instead in SYSTEMPATH/ThirdParty/Escaper/Escaper.php on line 250.
 1 SYSTEMPATH/ThirdParty/Escaper/Escaper.php(250): ord('²')
 2 SYSTEMPATH/ThirdParty/Escaper/Escaper.php(167): Laminas\Escaper\Escaper->htmlAttrMatcher([...])
 3 [internal function]: Laminas\Escaper\Escaper->{closure:Laminas\Escaper\Escaper::__construct():167}([...])
 4 SYSTEMPATH/ThirdParty/Escaper/Escaper.php(200): preg_replace_callback('/[^a-z0-9,\\.\\-_]/iSu', Object(Closure), 'Dissociation Area: Interface area that is broken when the complex dissociates, given in Å². It usually coincides with the interface area.')
 5 SYSTEMPATH/Common.php(448): Laminas\Escaper\Escaper->escapeHtmlAttr('Dissociation Area: Interface area that is broken when the complex dissociates, given in Å². It usually coincides with the interface area.')
 6 APPPATH/Views/entry.php(590): esc('Dissociation Area: Interface area that is broken when the complex dissociates, given in Å². It usually coincides with the interface area.', 'attr')
 7 SYSTEMPATH/View/View.php(226): include('/Users/diego/Documents/GitHub/propedia26/app/Views/entry.php')
 8 SYSTEMPATH/View/View.php(229): CodeIgniter\View\View->{closure:CodeIgniter\View\View::render():223}()
 9 SYSTEMPATH/Common.php(1167): CodeIgniter\View\View->render('entry', [], true)
10 APPPATH/Controllers/Entry.php(57): view('entry', [...])
11 SYSTEMPATH/CodeIgniter.php(933): App\Controllers\Entry->entry('1WRZ-B-A')
12 SYSTEMPATH/CodeIgniter.php(507): CodeIgniter\CodeIgniter->runController(Object(App\Controllers\Entry))
13 SYSTEMPATH/CodeIgniter.php(354): CodeIgniter\CodeIgniter->handleRequest(null, Object(Config\Cache), false)
14 SYSTEMPATH/Boot.php(363): CodeIgniter\CodeIgniter->run()
15 SYSTEMPATH/Boot.php(68): CodeIgniter\Boot::runCodeIgniter(Object(CodeIgniter\CodeIgniter))
16 FCPATH/index.php(59): CodeIgniter\Boot::bootWeb(Object(Config\Paths))
17 SYSTEMPATH/rewrite.php(44): require_once('/Users/diego/Documents/GitHub/propedia26/public/index.php')
WARNING - 2026-08-26 22:17:42 --> [DEPRECATED] ord(): Providing a string that is not one byte long is deprecated. Use ord($str[0]) instead in SYSTEMPATH/ThirdParty/Escaper/Escaper.php on line 250.
 1 SYSTEMPATH/ThirdParty/Escaper/Escaper.php(250): ord('Δ')
 2 SYSTEMPATH/ThirdParty/Escaper/Escaper.php(167): Laminas\Escaper\Escaper->htmlAttrMatcher([...])
 3 [internal function]: Laminas\Escaper\Escaper->{closure:Laminas\Escaper\Escaper::__construct():167}([...])
 4 SYSTEMPATH/ThirdParty/Escaper/Escaper.php(200): preg_replace_callback('/[^a-z0-9,\\.\\-_]/iSu', Object(Closure), 'Dissociation Free Energy (ΔGdiss): Free energy required to dissociate the complex, in kcal/mol. Positive values indicate a thermodynamically stable complex. It is the PISA counterpart of the binding affinity predicted by PRODIGY, reported in the Interaction energy section above with the opposite sign.')
 5 SYSTEMPATH/Common.php(448): Laminas\Escaper\Escaper->escapeHtmlAttr('Dissociation Free Energy (ΔGdiss): Free energy required to dissociate the complex, in kcal/mol. Positive values indicate a thermodynamically stable complex. It is the PISA counterpart of the binding affinity predicted by PRODIGY, reported in the Interaction energy section above with the opposite sign.')
 6 APPPATH/Views/entry.php(590): esc('Dissociation Free Energy (ΔGdiss): Free energy required to dissociate the complex, in kcal/mol. Positive values indicate a thermodynamically stable complex. It is the PISA counterpart of the binding affinity predicted by PRODIGY, reported in the Interaction energy section above with the opposite sign.', 'attr')
 7 SYSTEMPATH/View/View.php(226): include('/Users/diego/Documents/GitHub/propedia26/app/Views/entry.php')
 8 SYSTEMPATH/View/View.php(229): CodeIgniter\View\View->{closure:CodeIgniter\View\View::render():223}()
 9 SYSTEMPATH/Common.php(1167): CodeIgniter\View\View->render('entry', [], true)
10 APPPATH/Controllers/Entry.php(57): view('entry', [...])
11 SYSTEMPATH/CodeIgniter.php(933): App\Controllers\Entry->entry('1WRZ-B-A')
12 SYSTEMPATH/CodeIgniter.php(507): CodeIgniter\CodeIgniter->runController(Object(App\Controllers\Entry))
13 SYSTEMPATH/CodeIgniter.php(354): CodeIgniter\CodeIgniter->handleRequest(null, Object(Config\Cache), false)
14 SYSTEMPATH/Boot.php(363): CodeIgniter\CodeIgniter->run()
15 SYSTEMPATH/Boot.php(68): CodeIgniter\Boot::runCodeIgniter(Object(CodeIgniter\CodeIgniter))
16 FCPATH/index.php(59): CodeIgniter\Boot::bootWeb(Object(Config\Paths))
17 SYSTEMPATH/rewrite.php(44): require_once('/Users/diego/Documents/GitHub/propedia26/public/index.php')
WARNING - 2026-08-26 22:17:42 --> [DEPRECATED] ord(): Providing a string that is not one byte long is deprecated. Use ord($str[0]) instead in SYSTEMPATH/ThirdParty/Escaper/Escaper.php on line 250.
 1 SYSTEMPATH/ThirdParty/Escaper/Escaper.php(250): ord('Δ')
 2 SYSTEMPATH/ThirdParty/Escaper/Escaper.php(167): Laminas\Escaper\Escaper->htmlAttrMatcher([...])
 3 [internal function]: Laminas\Escaper\Escaper->{closure:Laminas\Escaper\Escaper::__construct():167}([...])
 4 SYSTEMPATH/ThirdParty/Escaper/Escaper.php(200): preg_replace_callback('/[^a-z0-9,\\.\\-_]/iSu', Object(Closure), 'Solvation Energy Gain (ΔiG): Free energy gain, in kcal/mol, obtained on formation of the interface. Negative values indicate a hydrophobic interface, which favours the association. It does not include the contribution of hydrogen bonds and salt bridges across the interface.')
 5 SYSTEMPATH/Common.php(448): Laminas\Escaper\Escaper->escapeHtmlAttr('Solvation Energy Gain (ΔiG): Free energy gain, in kcal/mol, obtained on formation of the interface. Negative values indicate a hydrophobic interface, which favours the association. It does not include the contribution of hydrogen bonds and salt bridges across the interface.')
 6 APPPATH/Views/entry.php(590): esc('Solvation Energy Gain (ΔiG): Free energy gain, in kcal/mol, obtained on formation of the interface. Negative values indicate a hydrophobic interface, which favours the association. It does not include the contribution of hydrogen bonds and salt bridges across the interface.', 'attr')
 7 SYSTEMPATH/View/View.php(226): include('/Users/diego/Documents/GitHub/propedia26/app/Views/entry.php')
 8 SYSTEMPATH/View/View.php(229): CodeIgniter\View\View->{closure:CodeIgniter\View\View::render():223}()
 9 SYSTEMPATH/Common.php(1167): CodeIgniter\View\View->render('entry', [], true)
10 APPPATH/Controllers/Entry.php(57): view('entry', [...])
11 SYSTEMPATH/CodeIgniter.php(933): App\Controllers\Entry->entry('1WRZ-B-A')
12 SYSTEMPATH/CodeIgniter.php(507): CodeIgniter\CodeIgniter->runController(Object(App\Controllers\Entry))
13 SYSTEMPATH/CodeIgniter.php(354): CodeIgniter\CodeIgniter->handleRequest(null, Object(Config\Cache), false)
14 SYSTEMPATH/Boot.php(363): CodeIgniter\CodeIgniter->run()
15 SYSTEMPATH/Boot.php(68): CodeIgniter\Boot::runCodeIgniter(Object(CodeIgniter\CodeIgniter))
16 FCPATH/index.php(59): CodeIgniter\Boot::bootWeb(Object(Config\Paths))
17 SYSTEMPATH/rewrite.php(44): require_once('/Users/diego/Documents/GitHub/propedia26/public/index.php')
WARNING - 2026-08-26 22:17:42 --> [DEPRECATED] ord(): Providing a string that is not one byte long is deprecated. Use ord($str[0]) instead in SYSTEMPATH/ThirdParty/Escaper/Escaper.php on line 250.
 1 SYSTEMPATH/ThirdParty/Escaper/Escaper.php(250): ord('Δ')
 2 SYSTEMPATH/ThirdParty/Escaper/Escaper.php(167): Laminas\Escaper\Escaper->htmlAttrMatcher([...])
 3 [internal function]: Laminas\Escaper\Escaper->{closure:Laminas\Escaper\Escaper::__construct():167}([...])
 4 SYSTEMPATH/ThirdParty/Escaper/Escaper.php(200): preg_replace_callback('/[^a-z0-9,\\.\\-_]/iSu', Object(Closure), 'ΔiG P-value: Statistical significance of the solvation energy gain. Values below 0.5 indicate an interface more hydrophobic than would be expected by chance, that is, an interface likely to be interaction-specific rather than a crystal-packing artefact.')
 5 SYSTEMPATH/Common.php(448): Laminas\Escaper\Escaper->escapeHtmlAttr('ΔiG P-value: Statistical significance of the solvation energy gain. Values below 0.5 indicate an interface more hydrophobic than would be expected by chance, that is, an interface likely to be interaction-specific rather than a crystal-packing artefact.')
 6 APPPATH/Views/entry.php(590): esc('ΔiG P-value: Statistical significance of the solvation energy gain. Values below 0.5 indicate an interface more hydrophobic than would be expected by chance, that is, an interface likely to be interaction-specific rather than a crystal-packing artefact.', 'attr')
 7 SYSTEMPATH/View/View.php(226): include('/Users/diego/Documents/GitHub/propedia26/app/Views/entry.php')
 8 SYSTEMPATH/View/View.php(229): CodeIgniter\View\View->{closure:CodeIgniter\View\View::render():223}()
 9 SYSTEMPATH/Common.php(1167): CodeIgniter\View\View->render('entry', [], true)
10 APPPATH/Controllers/Entry.php(57): view('entry', [...])
11 SYSTEMPATH/CodeIgniter.php(933): App\Controllers\Entry->entry('1WRZ-B-A')
12 SYSTEMPATH/CodeIgniter.php(507): CodeIgniter\CodeIgniter->runController(Object(App\Controllers\Entry))
13 SYSTEMPATH/CodeIgniter.php(354): CodeIgniter\CodeIgniter->handleRequest(null, Object(Config\Cache), false)
14 SYSTEMPATH/Boot.php(363): CodeIgniter\CodeIgniter->run()
15 SYSTEMPATH/Boot.php(68): CodeIgniter\Boot::runCodeIgniter(Object(CodeIgniter\CodeIgniter))
16 FCPATH/index.php(59): CodeIgniter\Boot::bootWeb(Object(Config\Paths))
17 SYSTEMPATH/rewrite.php(44): require_once('/Users/diego/Documents/GitHub/propedia26/public/index.php')
WARNING - 2026-08-26 22:17:42 --> [DEPRECATED] ord(): Providing a string that is not one byte long is deprecated. Use ord($str[0]) instead in SYSTEMPATH/ThirdParty/Escaper/Escaper.php on line 250.
 1 SYSTEMPATH/ThirdParty/Escaper/Escaper.php(250): ord('Δ')
 2 SYSTEMPATH/ThirdParty/Escaper/Escaper.php(167): Laminas\Escaper\Escaper->htmlAttrMatcher([...])
 3 [internal function]: Laminas\Escaper\Escaper->{closure:Laminas\Escaper\Escaper::__construct():167}([...])
 4 SYSTEMPATH/ThirdParty/Escaper/Escaper.php(200): preg_replace_callback('/[^a-z0-9,\\.\\-_]/iSu', Object(Closure), 'Total Interaction Energy: Solvation energy gain summed over all the interfaces of the structure, in kcal/mol. It is equal to the interface ΔiG when the structure has a single interface.')
 5 SYSTEMPATH/Common.php(448): Laminas\Escaper\Escaper->escapeHtmlAttr('Total Interaction Energy: Solvation energy gain summed over all the interfaces of the structure, in kcal/mol. It is equal to the interface ΔiG when the structure has a single interface.')
 6 APPPATH/Views/entry.php(590): esc('Total Interaction Energy: Solvation energy gain summed over all the interfaces of the structure, in kcal/mol. It is equal to the interface ΔiG when the structure has a single interface.', 'attr')
 7 SYSTEMPATH/View/View.php(226): include('/Users/diego/Documents/GitHub/propedia26/app/Views/entry.php')
 8 SYSTEMPATH/View/View.php(229): CodeIgniter\View\View->{closure:CodeIgniter\View\View::render():223}()
 9 SYSTEMPATH/Common.php(1167): CodeIgniter\View\View->render('entry', [], true)
10 APPPATH/Controllers/Entry.php(57): view('entry', [...])
11 SYSTEMPATH/CodeIgniter.php(933): App\Controllers\Entry->entry('1WRZ-B-A')
12 SYSTEMPATH/CodeIgniter.php(507): CodeIgniter\CodeIgniter->runController(Object(App\Controllers\Entry))
13 SYSTEMPATH/CodeIgniter.php(354): CodeIgniter\CodeIgniter->handleRequest(null, Object(Config\Cache), false)
14 SYSTEMPATH/Boot.php(363): CodeIgniter\CodeIgniter->run()
15 SYSTEMPATH/Boot.php(68): CodeIgniter\Boot::runCodeIgniter(Object(CodeIgniter\CodeIgniter))
16 FCPATH/index.php(59): CodeIgniter\Boot::bootWeb(Object(Config\Paths))
17 SYSTEMPATH/rewrite.php(44): require_once('/Users/diego/Documents/GitHub/propedia26/public/index.php')
WARNING - 2026-08-26 22:17:42 --> [DEPRECATED] ord(): Providing a string that is not one byte long is deprecated. Use ord($str[0]) instead in SYSTEMPATH/ThirdParty/Escaper/Escaper.php on line 250.
 1 SYSTEMPATH/ThirdParty/Escaper/Escaper.php(250): ord('Δ')
 2 SYSTEMPATH/ThirdParty/Escaper/Escaper.php(167): Laminas\Escaper\Escaper->htmlAttrMatcher([...])
 3 [internal function]: Laminas\Escaper\Escaper->{closure:Laminas\Escaper\Escaper::__construct():167}([...])
 4 SYSTEMPATH/ThirdParty/Escaper/Escaper.php(200): preg_replace_callback('/[^a-z0-9,\\.\\-_]/iSu', Object(Closure), 'Dissociation Entropy (TΔS): Entropic cost of the association, in kcal/mol. It always opposes the formation of the complex and is taken into account in the calculation of ΔGdiss.')
 5 SYSTEMPATH/Common.php(448): Laminas\Escaper\Escaper->escapeHtmlAttr('Dissociation Entropy (TΔS): Entropic cost of the association, in kcal/mol. It always opposes the formation of the complex and is taken into account in the calculation of ΔGdiss.')
 6 APPPATH/Views/entry.php(590): esc('Dissociation Entropy (TΔS): Entropic cost of the association, in kcal/mol. It always opposes the formation of the complex and is taken into account in the calculation of ΔGdiss.', 'attr')
 7 SYSTEMPATH/View/View.php(226): include('/Users/diego/Documents/GitHub/propedia26/app/Views/entry.php')
 8 SYSTEMPATH/View/View.php(229): CodeIgniter\View\View->{closure:CodeIgniter\View\View::render():223}()
 9 SYSTEMPATH/Common.php(1167): CodeIgniter\View\View->render('entry', [], true)
10 APPPATH/Controllers/Entry.php(57): view('entry', [...])
11 SYSTEMPATH/CodeIgniter.php(933): App\Controllers\Entry->entry('1WRZ-B-A')
12 SYSTEMPATH/CodeIgniter.php(507): CodeIgniter\CodeIgniter->runController(Object(App\Controllers\Entry))
13 SYSTEMPATH/CodeIgniter.php(354): CodeIgniter\CodeIgniter->handleRequest(null, Object(Config\Cache), false)
14 SYSTEMPATH/Boot.php(363): CodeIgniter\CodeIgniter->run()
15 SYSTEMPATH/Boot.php(68): CodeIgniter\Boot::runCodeIgniter(Object(CodeIgniter\CodeIgniter))
16 FCPATH/index.php(59): CodeIgniter\Boot::bootWeb(Object(Config\Paths))
17 SYSTEMPATH/rewrite.php(44): require_once('/Users/diego/Documents/GitHub/propedia26/public/index.php')
WARNING - 2026-08-26 22:17:42 --> [DEPRECATED] ord(): Providing a string that is not one byte long is deprecated. Use ord($str[0]) instead in SYSTEMPATH/ThirdParty/Escaper/Escaper.php on line 250.
 1 SYSTEMPATH/ThirdParty/Escaper/Escaper.php(250): ord('Δ')
 2 SYSTEMPATH/ThirdParty/Escaper/Escaper.php(167): Laminas\Escaper\Escaper->htmlAttrMatcher([...])
 3 [internal function]: Laminas\Escaper\Escaper->{closure:Laminas\Escaper\Escaper::__construct():167}([...])
 4 SYSTEMPATH/ThirdParty/Escaper/Escaper.php(200): preg_replace_callback('/[^a-z0-9,\\.\\-_]/iSu', Object(Closure), 'Dissociation Entropy (TΔS): Entropic cost of the association, in kcal/mol. It always opposes the formation of the complex and is taken into account in the calculation of ΔGdiss.')
 5 SYSTEMPATH/Common.php(448): Laminas\Escaper\Escaper->escapeHtmlAttr('Dissociation Entropy (TΔS): Entropic cost of the association, in kcal/mol. It always opposes the formation of the complex and is taken into account in the calculation of ΔGdiss.')
 6 APPPATH/Views/entry.php(590): esc('Dissociation Entropy (TΔS): Entropic cost of the association, in kcal/mol. It always opposes the formation of the complex and is taken into account in the calculation of ΔGdiss.', 'attr')
 7 SYSTEMPATH/View/View.php(226): include('/Users/diego/Documents/GitHub/propedia26/app/Views/entry.php')
 8 SYSTEMPATH/View/View.php(229): CodeIgniter\View\View->{closure:CodeIgniter\View\View::render():223}()
 9 SYSTEMPATH/Common.php(1167): CodeIgniter\View\View->render('entry', [], true)
10 APPPATH/Controllers/Entry.php(57): view('entry', [...])
11 SYSTEMPATH/CodeIgniter.php(933): App\Controllers\Entry->entry('1WRZ-B-A')
12 SYSTEMPATH/CodeIgniter.php(507): CodeIgniter\CodeIgniter->runController(Object(App\Controllers\Entry))
13 SYSTEMPATH/CodeIgniter.php(354): CodeIgniter\CodeIgniter->handleRequest(null, Object(Config\Cache), false)
14 SYSTEMPATH/Boot.php(363): CodeIgniter\CodeIgniter->run()
15 SYSTEMPATH/Boot.php(68): CodeIgniter\Boot::runCodeIgniter(Object(CodeIgniter\CodeIgniter))
16 FCPATH/index.php(59): CodeIgniter\Boot::bootWeb(Object(Config\Paths))
17 SYSTEMPATH/rewrite.php(44): require_once('/Users/diego/Documents/GitHub/propedia26/public/index.php')
DEBUG - 2026-08-26 22:17:42 --> Session: Class initialized using 'CodeIgniter\Session\Handlers\FileHandler' driver.
DEBUG - 2026-08-26 22:18:15 --> Session: Class initialized using 'CodeIgniter\Session\Handlers\FileHandler' driver.
WARNING - 2026-08-26 22:18:37 --> [DEPRECATED] fgetcsv(): the $escape parameter must be provided as its default value will change in APPPATH/Controllers/Entry.php on line 37.
 1 APPPATH/Controllers/Entry.php(37): fgetcsv(resource (stream), 0, ';')
 2 SYSTEMPATH/CodeIgniter.php(933): App\Controllers\Entry->entry('1WRZ-B-A')
 3 SYSTEMPATH/CodeIgniter.php(507): CodeIgniter\CodeIgniter->runController(Object(App\Controllers\Entry))
 4 SYSTEMPATH/CodeIgniter.php(354): CodeIgniter\CodeIgniter->handleRequest(null, Object(Config\Cache), false)
 5 SYSTEMPATH/Boot.php(363): CodeIgniter\CodeIgniter->run()
 6 SYSTEMPATH/Boot.php(68): CodeIgniter\Boot::runCodeIgniter(Object(CodeIgniter\CodeIgniter))
 7 FCPATH/index.php(59): CodeIgniter\Boot::bootWeb(Object(Config\Paths))
 8 SYSTEMPATH/rewrite.php(44): require_once('/Users/diego/Documents/GitHub/propedia26/public/index.php')
WARNING - 2026-08-26 22:18:37 --> [DEPRECATED] ord(): Providing a string that is not one byte long is deprecated. Use ord($str[0]) instead in SYSTEMPATH/ThirdParty/Escaper/Escaper.php on line 250.
 1 SYSTEMPATH/ThirdParty/Escaper/Escaper.php(250): ord('Å')
 2 SYSTEMPATH/ThirdParty/Escaper/Escaper.php(167): Laminas\Escaper\Escaper->htmlAttrMatcher([...])
 3 [internal function]: Laminas\Escaper\Escaper->{closure:Laminas\Escaper\Escaper::__construct():167}([...])
 4 SYSTEMPATH/ThirdParty/Escaper/Escaper.php(200): preg_replace_callback('/[^a-z0-9,\\.\\-_]/iSu', Object(Closure), 'Interface Area: Area of one face of the protein-peptide interface, given in Å². It corresponds to the BSA calculated with NACCESS, reported in the Surface section above.')
 5 SYSTEMPATH/Common.php(448): Laminas\Escaper\Escaper->escapeHtmlAttr('Interface Area: Area of one face of the protein-peptide interface, given in Å². It corresponds to the BSA calculated with NACCESS, reported in the Surface section above.')
 6 APPPATH/Views/entry.php(590): esc('Interface Area: Area of one face of the protein-peptide interface, given in Å². It corresponds to the BSA calculated with NACCESS, reported in the Surface section above.', 'attr')
 7 SYSTEMPATH/View/View.php(226): include('/Users/diego/Documents/GitHub/propedia26/app/Views/entry.php')
 8 SYSTEMPATH/View/View.php(229): CodeIgniter\View\View->{closure:CodeIgniter\View\View::render():223}()
 9 SYSTEMPATH/Common.php(1167): CodeIgniter\View\View->render('entry', [], true)
10 APPPATH/Controllers/Entry.php(57): view('entry', [...])
11 SYSTEMPATH/CodeIgniter.php(933): App\Controllers\Entry->entry('1WRZ-B-A')
12 SYSTEMPATH/CodeIgniter.php(507): CodeIgniter\CodeIgniter->runController(Object(App\Controllers\Entry))
13 SYSTEMPATH/CodeIgniter.php(354): CodeIgniter\CodeIgniter->handleRequest(null, Object(Config\Cache), false)
14 SYSTEMPATH/Boot.php(363): CodeIgniter\CodeIgniter->run()
15 SYSTEMPATH/Boot.php(68): CodeIgniter\Boot::runCodeIgniter(Object(CodeIgniter\CodeIgniter))
16 FCPATH/index.php(59): CodeIgniter\Boot::bootWeb(Object(Config\Paths))
17 SYSTEMPATH/rewrite.php(44): require_once('/Users/diego/Documents/GitHub/propedia26/public/index.php')
WARNING - 2026-08-26 22:18:37 --> [DEPRECATED] ord(): Providing a string that is not one byte long is deprecated. Use ord($str[0]) instead in SYSTEMPATH/ThirdParty/Escaper/Escaper.php on line 250.
 1 SYSTEMPATH/ThirdParty/Escaper/Escaper.php(250): ord('²')
 2 SYSTEMPATH/ThirdParty/Escaper/Escaper.php(167): Laminas\Escaper\Escaper->htmlAttrMatcher([...])
 3 [internal function]: Laminas\Escaper\Escaper->{closure:Laminas\Escaper\Escaper::__construct():167}([...])
 4 SYSTEMPATH/ThirdParty/Escaper/Escaper.php(200): preg_replace_callback('/[^a-z0-9,\\.\\-_]/iSu', Object(Closure), 'Interface Area: Area of one face of the protein-peptide interface, given in Å². It corresponds to the BSA calculated with NACCESS, reported in the Surface section above.')
 5 SYSTEMPATH/Common.php(448): Laminas\Escaper\Escaper->escapeHtmlAttr('Interface Area: Area of one face of the protein-peptide interface, given in Å². It corresponds to the BSA calculated with NACCESS, reported in the Surface section above.')
 6 APPPATH/Views/entry.php(590): esc('Interface Area: Area of one face of the protein-peptide interface, given in Å². It corresponds to the BSA calculated with NACCESS, reported in the Surface section above.', 'attr')
 7 SYSTEMPATH/View/View.php(226): include('/Users/diego/Documents/GitHub/propedia26/app/Views/entry.php')
 8 SYSTEMPATH/View/View.php(229): CodeIgniter\View\View->{closure:CodeIgniter\View\View::render():223}()
 9 SYSTEMPATH/Common.php(1167): CodeIgniter\View\View->render('entry', [], true)
10 APPPATH/Controllers/Entry.php(57): view('entry', [...])
11 SYSTEMPATH/CodeIgniter.php(933): App\Controllers\Entry->entry('1WRZ-B-A')
12 SYSTEMPATH/CodeIgniter.php(507): CodeIgniter\CodeIgniter->runController(Object(App\Controllers\Entry))
13 SYSTEMPATH/CodeIgniter.php(354): CodeIgniter\CodeIgniter->handleRequest(null, Object(Config\Cache), false)
14 SYSTEMPATH/Boot.php(363): CodeIgniter\CodeIgniter->run()
15 SYSTEMPATH/Boot.php(68): CodeIgniter\Boot::runCodeIgniter(Object(CodeIgniter\CodeIgniter))
16 FCPATH/index.php(59): CodeIgniter\Boot::bootWeb(Object(Config\Paths))
17 SYSTEMPATH/rewrite.php(44): require_once('/Users/diego/Documents/GitHub/propedia26/public/index.php')
WARNING - 2026-08-26 22:18:37 --> [DEPRECATED] ord(): Providing a string that is not one byte long is deprecated. Use ord($str[0]) instead in SYSTEMPATH/ThirdParty/Escaper/Escaper.php on line 250.
 1 SYSTEMPATH/ThirdParty/Escaper/Escaper.php(250): ord('Å')
 2 SYSTEMPATH/ThirdParty/Escaper/Escaper.php(167): Laminas\Escaper\Escaper->htmlAttrMatcher([...])
 3 [internal function]: Laminas\Escaper\Escaper->{closure:Laminas\Escaper\Escaper::__construct():167}([...])
 4 SYSTEMPATH/ThirdParty/Escaper/Escaper.php(200): preg_replace_callback('/[^a-z0-9,\\.\\-_]/iSu', Object(Closure), 'Buried Area (peptide): Peptide surface area that becomes buried upon formation of the interface (value given in Å²).')
 5 SYSTEMPATH/Common.php(448): Laminas\Escaper\Escaper->escapeHtmlAttr('Buried Area (peptide): Peptide surface area that becomes buried upon formation of the interface (value given in Å²).')
 6 APPPATH/Views/entry.php(590): esc('Buried Area (peptide): Peptide surface area that becomes buried upon formation of the interface (value given in Å²).', 'attr')
 7 SYSTEMPATH/View/View.php(226): include('/Users/diego/Documents/GitHub/propedia26/app/Views/entry.php')
 8 SYSTEMPATH/View/View.php(229): CodeIgniter\View\View->{closure:CodeIgniter\View\View::render():223}()
 9 SYSTEMPATH/Common.php(1167): CodeIgniter\View\View->render('entry', [], true)
10 APPPATH/Controllers/Entry.php(57): view('entry', [...])
11 SYSTEMPATH/CodeIgniter.php(933): App\Controllers\Entry->entry('1WRZ-B-A')
12 SYSTEMPATH/CodeIgniter.php(507): CodeIgniter\CodeIgniter->runController(Object(App\Controllers\Entry))
13 SYSTEMPATH/CodeIgniter.php(354): CodeIgniter\CodeIgniter->handleRequest(null, Object(Config\Cache), false)
14 SYSTEMPATH/Boot.php(363): CodeIgniter\CodeIgniter->run()
15 SYSTEMPATH/Boot.php(68): CodeIgniter\Boot::runCodeIgniter(Object(CodeIgniter\CodeIgniter))
16 FCPATH/index.php(59): CodeIgniter\Boot::bootWeb(Object(Config\Paths))
17 SYSTEMPATH/rewrite.php(44): require_once('/Users/diego/Documents/GitHub/propedia26/public/index.php')
WARNING - 2026-08-26 22:18:37 --> [DEPRECATED] ord(): Providing a string that is not one byte long is deprecated. Use ord($str[0]) instead in SYSTEMPATH/ThirdParty/Escaper/Escaper.php on line 250.
 1 SYSTEMPATH/ThirdParty/Escaper/Escaper.php(250): ord('²')
 2 SYSTEMPATH/ThirdParty/Escaper/Escaper.php(167): Laminas\Escaper\Escaper->htmlAttrMatcher([...])
 3 [internal function]: Laminas\Escaper\Escaper->{closure:Laminas\Escaper\Escaper::__construct():167}([...])
 4 SYSTEMPATH/ThirdParty/Escaper/Escaper.php(200): preg_replace_callback('/[^a-z0-9,\\.\\-_]/iSu', Object(Closure), 'Buried Area (peptide): Peptide surface area that becomes buried upon formation of the interface (value given in Å²).')
 5 SYSTEMPATH/Common.php(448): Laminas\Escaper\Escaper->escapeHtmlAttr('Buried Area (peptide): Peptide surface area that becomes buried upon formation of the interface (value given in Å²).')
 6 APPPATH/Views/entry.php(590): esc('Buried Area (peptide): Peptide surface area that becomes buried upon formation of the interface (value given in Å²).', 'attr')
 7 SYSTEMPATH/View/View.php(226): include('/Users/diego/Documents/GitHub/propedia26/app/Views/entry.php')
 8 SYSTEMPATH/View/View.php(229): CodeIgniter\View\View->{closure:CodeIgniter\View\View::render():223}()
 9 SYSTEMPATH/Common.php(1167): CodeIgniter\View\View->render('entry', [], true)
10 APPPATH/Controllers/Entry.php(57): view('entry', [...])
11 SYSTEMPATH/CodeIgniter.php(933): App\Controllers\Entry->entry('1WRZ-B-A')
12 SYSTEMPATH/CodeIgniter.php(507): CodeIgniter\CodeIgniter->runController(Object(App\Controllers\Entry))
13 SYSTEMPATH/CodeIgniter.php(354): CodeIgniter\CodeIgniter->handleRequest(null, Object(Config\Cache), false)
14 SYSTEMPATH/Boot.php(363): CodeIgniter\CodeIgniter->run()
15 SYSTEMPATH/Boot.php(68): CodeIgniter\Boot::runCodeIgniter(Object(CodeIgniter\CodeIgniter))
16 FCPATH/index.php(59): CodeIgniter\Boot::bootWeb(Object(Config\Paths))
17 SYSTEMPATH/rewrite.php(44): require_once('/Users/diego/Documents/GitHub/propedia26/public/index.php')
WARNING - 2026-08-26 22:18:37 --> [DEPRECATED] ord(): Providing a string that is not one byte long is deprecated. Use ord($str[0]) instead in SYSTEMPATH/ThirdParty/Escaper/Escaper.php on line 250.
 1 SYSTEMPATH/ThirdParty/Escaper/Escaper.php(250): ord('Å')
 2 SYSTEMPATH/ThirdParty/Escaper/Escaper.php(167): Laminas\Escaper\Escaper->htmlAttrMatcher([...])
 3 [internal function]: Laminas\Escaper\Escaper->{closure:Laminas\Escaper\Escaper::__construct():167}([...])
 4 SYSTEMPATH/ThirdParty/Escaper/Escaper.php(200): preg_replace_callback('/[^a-z0-9,\\.\\-_]/iSu', Object(Closure), 'Buried Area (protein): Protein surface area that becomes buried upon formation of the interface (value given in Å²).')
 5 SYSTEMPATH/Common.php(448): Laminas\Escaper\Escaper->escapeHtmlAttr('Buried Area (protein): Protein surface area that becomes buried upon formation of the interface (value given in Å²).')
 6 APPPATH/Views/entry.php(590): esc('Buried Area (protein): Protein surface area that becomes buried upon formation of the interface (value given in Å²).', 'attr')
 7 SYSTEMPATH/View/View.php(226): include('/Users/diego/Documents/GitHub/propedia26/app/Views/entry.php')
 8 SYSTEMPATH/View/View.php(229): CodeIgniter\View\View->{closure:CodeIgniter\View\View::render():223}()
 9 SYSTEMPATH/Common.php(1167): CodeIgniter\View\View->render('entry', [], true)
10 APPPATH/Controllers/Entry.php(57): view('entry', [...])
11 SYSTEMPATH/CodeIgniter.php(933): App\Controllers\Entry->entry('1WRZ-B-A')
12 SYSTEMPATH/CodeIgniter.php(507): CodeIgniter\CodeIgniter->runController(Object(App\Controllers\Entry))
13 SYSTEMPATH/CodeIgniter.php(354): CodeIgniter\CodeIgniter->handleRequest(null, Object(Config\Cache), false)
14 SYSTEMPATH/Boot.php(363): CodeIgniter\CodeIgniter->run()
15 SYSTEMPATH/Boot.php(68): CodeIgniter\Boot::runCodeIgniter(Object(CodeIgniter\CodeIgniter))
16 FCPATH/index.php(59): CodeIgniter\Boot::bootWeb(Object(Config\Paths))
17 SYSTEMPATH/rewrite.php(44): require_once('/Users/diego/Documents/GitHub/propedia26/public/index.php')
WARNING - 2026-08-26 22:18:37 --> [DEPRECATED] ord(): Providing a string that is not one byte long is deprecated. Use ord($str[0]) instead in SYSTEMPATH/ThirdParty/Escaper/Escaper.php on line 250.
 1 SYSTEMPATH/ThirdParty/Escaper/Escaper.php(250): ord('²')
 2 SYSTEMPATH/ThirdParty/Escaper/Escaper.php(167): Laminas\Escaper\Escaper->htmlAttrMatcher([...])
 3 [internal function]: Laminas\Escaper\Escaper->{closure:Laminas\Escaper\Escaper::__construct():167}([...])
 4 SYSTEMPATH/ThirdParty/Escaper/Escaper.php(200): preg_replace_callback('/[^a-z0-9,\\.\\-_]/iSu', Object(Closure), 'Buried Area (protein): Protein surface area that becomes buried upon formation of the interface (value given in Å²).')
 5 SYSTEMPATH/Common.php(448): Laminas\Escaper\Escaper->escapeHtmlAttr('Buried Area (protein): Protein surface area that becomes buried upon formation of the interface (value given in Å²).')
 6 APPPATH/Views/entry.php(590): esc('Buried Area (protein): Protein surface area that becomes buried upon formation of the interface (value given in Å²).', 'attr')
 7 SYSTEMPATH/View/View.php(226): include('/Users/diego/Documents/GitHub/propedia26/app/Views/entry.php')
 8 SYSTEMPATH/View/View.php(229): CodeIgniter\View\View->{closure:CodeIgniter\View\View::render():223}()
 9 SYSTEMPATH/Common.php(1167): CodeIgniter\View\View->render('entry', [], true)
10 APPPATH/Controllers/Entry.php(57): view('entry', [...])
11 SYSTEMPATH/CodeIgniter.php(933): App\Controllers\Entry->entry('1WRZ-B-A')
12 SYSTEMPATH/CodeIgniter.php(507): CodeIgniter\CodeIgniter->runController(Object(App\Controllers\Entry))
13 SYSTEMPATH/CodeIgniter.php(354): CodeIgniter\CodeIgniter->handleRequest(null, Object(Config\Cache), false)
14 SYSTEMPATH/Boot.php(363): CodeIgniter\CodeIgniter->run()
15 SYSTEMPATH/Boot.php(68): CodeIgniter\Boot::runCodeIgniter(Object(CodeIgniter\CodeIgniter))
16 FCPATH/index.php(59): CodeIgniter\Boot::bootWeb(Object(Config\Paths))
17 SYSTEMPATH/rewrite.php(44): require_once('/Users/diego/Documents/GitHub/propedia26/public/index.php')
WARNING - 2026-08-26 22:18:37 --> [DEPRECATED] ord(): Providing a string that is not one byte long is deprecated. Use ord($str[0]) instead in SYSTEMPATH/ThirdParty/Escaper/Escaper.php on line 250.
 1 SYSTEMPATH/ThirdParty/Escaper/Escaper.php(250): ord('Å')
 2 SYSTEMPATH/ThirdParty/Escaper/Escaper.php(167): Laminas\Escaper\Escaper->htmlAttrMatcher([...])
 3 [internal function]: Laminas\Escaper\Escaper->{closure:Laminas\Escaper\Escaper::__construct():167}([...])
 4 SYSTEMPATH/ThirdParty/Escaper/Escaper.php(200): preg_replace_callback('/[^a-z0-9,\\.\\-_]/iSu', Object(Closure), 'Total Buried Area: Total surface area buried by the association, counting both faces of the interface, in Å². It is therefore about twice the BSA reported by NACCESS, which counts a single face.')
 5 SYSTEMPATH/Common.php(448): Laminas\Escaper\Escaper->escapeHtmlAttr('Total Buried Area: Total surface area buried by the association, counting both faces of the interface, in Å². It is therefore about twice the BSA reported by NACCESS, which counts a single face.')
 6 APPPATH/Views/entry.php(590): esc('Total Buried Area: Total surface area buried by the association, counting both faces of the interface, in Å². It is therefore about twice the BSA reported by NACCESS, which counts a single face.', 'attr')
 7 SYSTEMPATH/View/View.php(226): include('/Users/diego/Documents/GitHub/propedia26/app/Views/entry.php')
 8 SYSTEMPATH/View/View.php(229): CodeIgniter\View\View->{closure:CodeIgniter\View\View::render():223}()
 9 SYSTEMPATH/Common.php(1167): CodeIgniter\View\View->render('entry', [], true)
10 APPPATH/Controllers/Entry.php(57): view('entry', [...])
11 SYSTEMPATH/CodeIgniter.php(933): App\Controllers\Entry->entry('1WRZ-B-A')
12 SYSTEMPATH/CodeIgniter.php(507): CodeIgniter\CodeIgniter->runController(Object(App\Controllers\Entry))
13 SYSTEMPATH/CodeIgniter.php(354): CodeIgniter\CodeIgniter->handleRequest(null, Object(Config\Cache), false)
14 SYSTEMPATH/Boot.php(363): CodeIgniter\CodeIgniter->run()
15 SYSTEMPATH/Boot.php(68): CodeIgniter\Boot::runCodeIgniter(Object(CodeIgniter\CodeIgniter))
16 FCPATH/index.php(59): CodeIgniter\Boot::bootWeb(Object(Config\Paths))
17 SYSTEMPATH/rewrite.php(44): require_once('/Users/diego/Documents/GitHub/propedia26/public/index.php')
WARNING - 2026-08-26 22:18:37 --> [DEPRECATED] ord(): Providing a string that is not one byte long is deprecated. Use ord($str[0]) instead in SYSTEMPATH/ThirdParty/Escaper/Escaper.php on line 250.
 1 SYSTEMPATH/ThirdParty/Escaper/Escaper.php(250): ord('²')
 2 SYSTEMPATH/ThirdParty/Escaper/Escaper.php(167): Laminas\Escaper\Escaper->htmlAttrMatcher([...])
 3 [internal function]: Laminas\Escaper\Escaper->{closure:Laminas\Escaper\Escaper::__construct():167}([...])
 4 SYSTEMPATH/ThirdParty/Escaper/Escaper.php(200): preg_replace_callback('/[^a-z0-9,\\.\\-_]/iSu', Object(Closure), 'Total Buried Area: Total surface area buried by the association, counting both faces of the interface, in Å². It is therefore about twice the BSA reported by NACCESS, which counts a single face.')
 5 SYSTEMPATH/Common.php(448): Laminas\Escaper\Escaper->escapeHtmlAttr('Total Buried Area: Total surface area buried by the association, counting both faces of the interface, in Å². It is therefore about twice the BSA reported by NACCESS, which counts a single face.')
 6 APPPATH/Views/entry.php(590): esc('Total Buried Area: Total surface area buried by the association, counting both faces of the interface, in Å². It is therefore about twice the BSA reported by NACCESS, which counts a single face.', 'attr')
 7 SYSTEMPATH/View/View.php(226): include('/Users/diego/Documents/GitHub/propedia26/app/Views/entry.php')
 8 SYSTEMPATH/View/View.php(229): CodeIgniter\View\View->{closure:CodeIgniter\View\View::render():223}()
 9 SYSTEMPATH/Common.php(1167): CodeIgniter\View\View->render('entry', [], true)
10 APPPATH/Controllers/Entry.php(57): view('entry', [...])
11 SYSTEMPATH/CodeIgniter.php(933): App\Controllers\Entry->entry('1WRZ-B-A')
12 SYSTEMPATH/CodeIgniter.php(507): CodeIgniter\CodeIgniter->runController(Object(App\Controllers\Entry))
13 SYSTEMPATH/CodeIgniter.php(354): CodeIgniter\CodeIgniter->handleRequest(null, Object(Config\Cache), false)
14 SYSTEMPATH/Boot.php(363): CodeIgniter\CodeIgniter->run()
15 SYSTEMPATH/Boot.php(68): CodeIgniter\Boot::runCodeIgniter(Object(CodeIgniter\CodeIgniter))
16 FCPATH/index.php(59): CodeIgniter\Boot::bootWeb(Object(Config\Paths))
17 SYSTEMPATH/rewrite.php(44): require_once('/Users/diego/Documents/GitHub/propedia26/public/index.php')
WARNING - 2026-08-26 22:18:37 --> [DEPRECATED] ord(): Providing a string that is not one byte long is deprecated. Use ord($str[0]) instead in SYSTEMPATH/ThirdParty/Escaper/Escaper.php on line 250.
 1 SYSTEMPATH/ThirdParty/Escaper/Escaper.php(250): ord('Å')
 2 SYSTEMPATH/ThirdParty/Escaper/Escaper.php(167): Laminas\Escaper\Escaper->htmlAttrMatcher([...])
 3 [internal function]: Laminas\Escaper\Escaper->{closure:Laminas\Escaper\Escaper::__construct():167}([...])
 4 SYSTEMPATH/ThirdParty/Escaper/Escaper.php(200): preg_replace_callback('/[^a-z0-9,\\.\\-_]/iSu', Object(Closure), 'Complex ASA: Accessible surface area of the complex, given in Å². It corresponds to the ASA (complex) calculated with NACCESS, reported in the Surface section above.')
 5 SYSTEMPATH/Common.php(448): Laminas\Escaper\Escaper->escapeHtmlAttr('Complex ASA: Accessible surface area of the complex, given in Å². It corresponds to the ASA (complex) calculated with NACCESS, reported in the Surface section above.')
 6 APPPATH/Views/entry.php(590): esc('Complex ASA: Accessible surface area of the complex, given in Å². It corresponds to the ASA (complex) calculated with NACCESS, reported in the Surface section above.', 'attr')
 7 SYSTEMPATH/View/View.php(226): include('/Users/diego/Documents/GitHub/propedia26/app/Views/entry.php')
 8 SYSTEMPATH/View/View.php(229): CodeIgniter\View\View->{closure:CodeIgniter\View\View::render():223}()
 9 SYSTEMPATH/Common.php(1167): CodeIgniter\View\View->render('entry', [], true)
10 APPPATH/Controllers/Entry.php(57): view('entry', [...])
11 SYSTEMPATH/CodeIgniter.php(933): App\Controllers\Entry->entry('1WRZ-B-A')
12 SYSTEMPATH/CodeIgniter.php(507): CodeIgniter\CodeIgniter->runController(Object(App\Controllers\Entry))
13 SYSTEMPATH/CodeIgniter.php(354): CodeIgniter\CodeIgniter->handleRequest(null, Object(Config\Cache), false)
14 SYSTEMPATH/Boot.php(363): CodeIgniter\CodeIgniter->run()
15 SYSTEMPATH/Boot.php(68): CodeIgniter\Boot::runCodeIgniter(Object(CodeIgniter\CodeIgniter))
16 FCPATH/index.php(59): CodeIgniter\Boot::bootWeb(Object(Config\Paths))
17 SYSTEMPATH/rewrite.php(44): require_once('/Users/diego/Documents/GitHub/propedia26/public/index.php')
WARNING - 2026-08-26 22:18:37 --> [DEPRECATED] ord(): Providing a string that is not one byte long is deprecated. Use ord($str[0]) instead in SYSTEMPATH/ThirdParty/Escaper/Escaper.php on line 250.
 1 SYSTEMPATH/ThirdParty/Escaper/Escaper.php(250): ord('²')
 2 SYSTEMPATH/ThirdParty/Escaper/Escaper.php(167): Laminas\Escaper\Escaper->htmlAttrMatcher([...])
 3 [internal function]: Laminas\Escaper\Escaper->{closure:Laminas\Escaper\Escaper::__construct():167}([...])
 4 SYSTEMPATH/ThirdParty/Escaper/Escaper.php(200): preg_replace_callback('/[^a-z0-9,\\.\\-_]/iSu', Object(Closure), 'Complex ASA: Accessible surface area of the complex, given in Å². It corresponds to the ASA (complex) calculated with NACCESS, reported in the Surface section above.')
 5 SYSTEMPATH/Common.php(448): Laminas\Escaper\Escaper->escapeHtmlAttr('Complex ASA: Accessible surface area of the complex, given in Å². It corresponds to the ASA (complex) calculated with NACCESS, reported in the Surface section above.')
 6 APPPATH/Views/entry.php(590): esc('Complex ASA: Accessible surface area of the complex, given in Å². It corresponds to the ASA (complex) calculated with NACCESS, reported in the Surface section above.', 'attr')
 7 SYSTEMPATH/View/View.php(226): include('/Users/diego/Documents/GitHub/propedia26/app/Views/entry.php')
 8 SYSTEMPATH/View/View.php(229): CodeIgniter\View\View->{closure:CodeIgniter\View\View::render():223}()
 9 SYSTEMPATH/Common.php(1167): CodeIgniter\View\View->render('entry', [], true)
10 APPPATH/Controllers/Entry.php(57): view('entry', [...])
11 SYSTEMPATH/CodeIgniter.php(933): App\Controllers\Entry->entry('1WRZ-B-A')
12 SYSTEMPATH/CodeIgniter.php(507): CodeIgniter\CodeIgniter->runController(Object(App\Controllers\Entry))
13 SYSTEMPATH/CodeIgniter.php(354): CodeIgniter\CodeIgniter->handleRequest(null, Object(Config\Cache), false)
14 SYSTEMPATH/Boot.php(363): CodeIgniter\CodeIgniter->run()
15 SYSTEMPATH/Boot.php(68): CodeIgniter\Boot::runCodeIgniter(Object(CodeIgniter\CodeIgniter))
16 FCPATH/index.php(59): CodeIgniter\Boot::bootWeb(Object(Config\Paths))
17 SYSTEMPATH/rewrite.php(44): require_once('/Users/diego/Documents/GitHub/propedia26/public/index.php')
WARNING - 2026-08-26 22:18:37 --> [DEPRECATED] ord(): Providing a string that is not one byte long is deprecated. Use ord($str[0]) instead in SYSTEMPATH/ThirdParty/Escaper/Escaper.php on line 250.
 1 SYSTEMPATH/ThirdParty/Escaper/Escaper.php(250): ord('Å')
 2 SYSTEMPATH/ThirdParty/Escaper/Escaper.php(167): Laminas\Escaper\Escaper->htmlAttrMatcher([...])
 3 [internal function]: Laminas\Escaper\Escaper->{closure:Laminas\Escaper\Escaper::__construct():167}([...])
 4 SYSTEMPATH/ThirdParty/Escaper/Escaper.php(200): preg_replace_callback('/[^a-z0-9,\\.\\-_]/iSu', Object(Closure), 'Dissociation Area: Interface area that is broken when the complex dissociates, given in Å². It usually coincides with the interface area.')
 5 SYSTEMPATH/Common.php(448): Laminas\Escaper\Escaper->escapeHtmlAttr('Dissociation Area: Interface area that is broken when the complex dissociates, given in Å². It usually coincides with the interface area.')
 6 APPPATH/Views/entry.php(590): esc('Dissociation Area: Interface area that is broken when the complex dissociates, given in Å². It usually coincides with the interface area.', 'attr')
 7 SYSTEMPATH/View/View.php(226): include('/Users/diego/Documents/GitHub/propedia26/app/Views/entry.php')
 8 SYSTEMPATH/View/View.php(229): CodeIgniter\View\View->{closure:CodeIgniter\View\View::render():223}()
 9 SYSTEMPATH/Common.php(1167): CodeIgniter\View\View->render('entry', [], true)
10 APPPATH/Controllers/Entry.php(57): view('entry', [...])
11 SYSTEMPATH/CodeIgniter.php(933): App\Controllers\Entry->entry('1WRZ-B-A')
12 SYSTEMPATH/CodeIgniter.php(507): CodeIgniter\CodeIgniter->runController(Object(App\Controllers\Entry))
13 SYSTEMPATH/CodeIgniter.php(354): CodeIgniter\CodeIgniter->handleRequest(null, Object(Config\Cache), false)
14 SYSTEMPATH/Boot.php(363): CodeIgniter\CodeIgniter->run()
15 SYSTEMPATH/Boot.php(68): CodeIgniter\Boot::runCodeIgniter(Object(CodeIgniter\CodeIgniter))
16 FCPATH/index.php(59): CodeIgniter\Boot::bootWeb(Object(Config\Paths))
17 SYSTEMPATH/rewrite.php(44): require_once('/Users/diego/Documents/GitHub/propedia26/public/index.php')
WARNING - 2026-08-26 22:18:37 --> [DEPRECATED] ord(): Providing a string that is not one byte long is deprecated. Use ord($str[0]) instead in SYSTEMPATH/ThirdParty/Escaper/Escaper.php on line 250.
 1 SYSTEMPATH/ThirdParty/Escaper/Escaper.php(250): ord('²')
 2 SYSTEMPATH/ThirdParty/Escaper/Escaper.php(167): Laminas\Escaper\Escaper->htmlAttrMatcher([...])
 3 [internal function]: Laminas\Escaper\Escaper->{closure:Laminas\Escaper\Escaper::__construct():167}([...])
 4 SYSTEMPATH/ThirdParty/Escaper/Escaper.php(200): preg_replace_callback('/[^a-z0-9,\\.\\-_]/iSu', Object(Closure), 'Dissociation Area: Interface area that is broken when the complex dissociates, given in Å². It usually coincides with the interface area.')
 5 SYSTEMPATH/Common.php(448): Laminas\Escaper\Escaper->escapeHtmlAttr('Dissociation Area: Interface area that is broken when the complex dissociates, given in Å². It usually coincides with the interface area.')
 6 APPPATH/Views/entry.php(590): esc('Dissociation Area: Interface area that is broken when the complex dissociates, given in Å². It usually coincides with the interface area.', 'attr')
 7 SYSTEMPATH/View/View.php(226): include('/Users/diego/Documents/GitHub/propedia26/app/Views/entry.php')
 8 SYSTEMPATH/View/View.php(229): CodeIgniter\View\View->{closure:CodeIgniter\View\View::render():223}()
 9 SYSTEMPATH/Common.php(1167): CodeIgniter\View\View->render('entry', [], true)
10 APPPATH/Controllers/Entry.php(57): view('entry', [...])
11 SYSTEMPATH/CodeIgniter.php(933): App\Controllers\Entry->entry('1WRZ-B-A')
12 SYSTEMPATH/CodeIgniter.php(507): CodeIgniter\CodeIgniter->runController(Object(App\Controllers\Entry))
13 SYSTEMPATH/CodeIgniter.php(354): CodeIgniter\CodeIgniter->handleRequest(null, Object(Config\Cache), false)
14 SYSTEMPATH/Boot.php(363): CodeIgniter\CodeIgniter->run()
15 SYSTEMPATH/Boot.php(68): CodeIgniter\Boot::runCodeIgniter(Object(CodeIgniter\CodeIgniter))
16 FCPATH/index.php(59): CodeIgniter\Boot::bootWeb(Object(Config\Paths))
17 SYSTEMPATH/rewrite.php(44): require_once('/Users/diego/Documents/GitHub/propedia26/public/index.php')
WARNING - 2026-08-26 22:18:37 --> [DEPRECATED] ord(): Providing a string that is not one byte long is deprecated. Use ord($str[0]) instead in SYSTEMPATH/ThirdParty/Escaper/Escaper.php on line 250.
 1 SYSTEMPATH/ThirdParty/Escaper/Escaper.php(250): ord('Δ')
 2 SYSTEMPATH/ThirdParty/Escaper/Escaper.php(167): Laminas\Escaper\Escaper->htmlAttrMatcher([...])
 3 [internal function]: Laminas\Escaper\Escaper->{closure:Laminas\Escaper\Escaper::__construct():167}([...])
 4 SYSTEMPATH/ThirdParty/Escaper/Escaper.php(200): preg_replace_callback('/[^a-z0-9,\\.\\-_]/iSu', Object(Closure), 'Dissociation Free Energy (ΔGdiss): Free energy required to dissociate the complex, in kcal/mol. Positive values indicate a thermodynamically stable complex. It is the PISA counterpart of the binding affinity predicted by PRODIGY, reported in the Interaction energy section above with the opposite sign.')
 5 SYSTEMPATH/Common.php(448): Laminas\Escaper\Escaper->escapeHtmlAttr('Dissociation Free Energy (ΔGdiss): Free energy required to dissociate the complex, in kcal/mol. Positive values indicate a thermodynamically stable complex. It is the PISA counterpart of the binding affinity predicted by PRODIGY, reported in the Interaction energy section above with the opposite sign.')
 6 APPPATH/Views/entry.php(590): esc('Dissociation Free Energy (ΔGdiss): Free energy required to dissociate the complex, in kcal/mol. Positive values indicate a thermodynamically stable complex. It is the PISA counterpart of the binding affinity predicted by PRODIGY, reported in the Interaction energy section above with the opposite sign.', 'attr')
 7 SYSTEMPATH/View/View.php(226): include('/Users/diego/Documents/GitHub/propedia26/app/Views/entry.php')
 8 SYSTEMPATH/View/View.php(229): CodeIgniter\View\View->{closure:CodeIgniter\View\View::render():223}()
 9 SYSTEMPATH/Common.php(1167): CodeIgniter\View\View->render('entry', [], true)
10 APPPATH/Controllers/Entry.php(57): view('entry', [...])
11 SYSTEMPATH/CodeIgniter.php(933): App\Controllers\Entry->entry('1WRZ-B-A')
12 SYSTEMPATH/CodeIgniter.php(507): CodeIgniter\CodeIgniter->runController(Object(App\Controllers\Entry))
13 SYSTEMPATH/CodeIgniter.php(354): CodeIgniter\CodeIgniter->handleRequest(null, Object(Config\Cache), false)
14 SYSTEMPATH/Boot.php(363): CodeIgniter\CodeIgniter->run()
15 SYSTEMPATH/Boot.php(68): CodeIgniter\Boot::runCodeIgniter(Object(CodeIgniter\CodeIgniter))
16 FCPATH/index.php(59): CodeIgniter\Boot::bootWeb(Object(Config\Paths))
17 SYSTEMPATH/rewrite.php(44): require_once('/Users/diego/Documents/GitHub/propedia26/public/index.php')
WARNING - 2026-08-26 22:18:37 --> [DEPRECATED] ord(): Providing a string that is not one byte long is deprecated. Use ord($str[0]) instead in SYSTEMPATH/ThirdParty/Escaper/Escaper.php on line 250.
 1 SYSTEMPATH/ThirdParty/Escaper/Escaper.php(250): ord('Δ')
 2 SYSTEMPATH/ThirdParty/Escaper/Escaper.php(167): Laminas\Escaper\Escaper->htmlAttrMatcher([...])
 3 [internal function]: Laminas\Escaper\Escaper->{closure:Laminas\Escaper\Escaper::__construct():167}([...])
 4 SYSTEMPATH/ThirdParty/Escaper/Escaper.php(200): preg_replace_callback('/[^a-z0-9,\\.\\-_]/iSu', Object(Closure), 'Solvation Energy Gain (ΔiG): Free energy gain, in kcal/mol, obtained on formation of the interface. Negative values indicate a hydrophobic interface, which favours the association. It does not include the contribution of hydrogen bonds and salt bridges across the interface.')
 5 SYSTEMPATH/Common.php(448): Laminas\Escaper\Escaper->escapeHtmlAttr('Solvation Energy Gain (ΔiG): Free energy gain, in kcal/mol, obtained on formation of the interface. Negative values indicate a hydrophobic interface, which favours the association. It does not include the contribution of hydrogen bonds and salt bridges across the interface.')
 6 APPPATH/Views/entry.php(590): esc('Solvation Energy Gain (ΔiG): Free energy gain, in kcal/mol, obtained on formation of the interface. Negative values indicate a hydrophobic interface, which favours the association. It does not include the contribution of hydrogen bonds and salt bridges across the interface.', 'attr')
 7 SYSTEMPATH/View/View.php(226): include('/Users/diego/Documents/GitHub/propedia26/app/Views/entry.php')
 8 SYSTEMPATH/View/View.php(229): CodeIgniter\View\View->{closure:CodeIgniter\View\View::render():223}()
 9 SYSTEMPATH/Common.php(1167): CodeIgniter\View\View->render('entry', [], true)
10 APPPATH/Controllers/Entry.php(57): view('entry', [...])
11 SYSTEMPATH/CodeIgniter.php(933): App\Controllers\Entry->entry('1WRZ-B-A')
12 SYSTEMPATH/CodeIgniter.php(507): CodeIgniter\CodeIgniter->runController(Object(App\Controllers\Entry))
13 SYSTEMPATH/CodeIgniter.php(354): CodeIgniter\CodeIgniter->handleRequest(null, Object(Config\Cache), false)
14 SYSTEMPATH/Boot.php(363): CodeIgniter\CodeIgniter->run()
15 SYSTEMPATH/Boot.php(68): CodeIgniter\Boot::runCodeIgniter(Object(CodeIgniter\CodeIgniter))
16 FCPATH/index.php(59): CodeIgniter\Boot::bootWeb(Object(Config\Paths))
17 SYSTEMPATH/rewrite.php(44): require_once('/Users/diego/Documents/GitHub/propedia26/public/index.php')
WARNING - 2026-08-26 22:18:37 --> [DEPRECATED] ord(): Providing a string that is not one byte long is deprecated. Use ord($str[0]) instead in SYSTEMPATH/ThirdParty/Escaper/Escaper.php on line 250.
 1 SYSTEMPATH/ThirdParty/Escaper/Escaper.php(250): ord('Δ')
 2 SYSTEMPATH/ThirdParty/Escaper/Escaper.php(167): Laminas\Escaper\Escaper->htmlAttrMatcher([...])
 3 [internal function]: Laminas\Escaper\Escaper->{closure:Laminas\Escaper\Escaper::__construct():167}([...])
 4 SYSTEMPATH/ThirdParty/Escaper/Escaper.php(200): preg_replace_callback('/[^a-z0-9,\\.\\-_]/iSu', Object(Closure), 'ΔiG P-value: Statistical significance of the solvation energy gain. Values below 0.5 indicate an interface more hydrophobic than would be expected by chance, that is, an interface likely to be interaction-specific rather than a crystal-packing artefact.')
 5 SYSTEMPATH/Common.php(448): Laminas\Escaper\Escaper->escapeHtmlAttr('ΔiG P-value: Statistical significance of the solvation energy gain. Values below 0.5 indicate an interface more hydrophobic than would be expected by chance, that is, an interface likely to be interaction-specific rather than a crystal-packing artefact.')
 6 APPPATH/Views/entry.php(590): esc('ΔiG P-value: Statistical significance of the solvation energy gain. Values below 0.5 indicate an interface more hydrophobic than would be expected by chance, that is, an interface likely to be interaction-specific rather than a crystal-packing artefact.', 'attr')
 7 SYSTEMPATH/View/View.php(226): include('/Users/diego/Documents/GitHub/propedia26/app/Views/entry.php')
 8 SYSTEMPATH/View/View.php(229): CodeIgniter\View\View->{closure:CodeIgniter\View\View::render():223}()
 9 SYSTEMPATH/Common.php(1167): CodeIgniter\View\View->render('entry', [], true)
10 APPPATH/Controllers/Entry.php(57): view('entry', [...])
11 SYSTEMPATH/CodeIgniter.php(933): App\Controllers\Entry->entry('1WRZ-B-A')
12 SYSTEMPATH/CodeIgniter.php(507): CodeIgniter\CodeIgniter->runController(Object(App\Controllers\Entry))
13 SYSTEMPATH/CodeIgniter.php(354): CodeIgniter\CodeIgniter->handleRequest(null, Object(Config\Cache), false)
14 SYSTEMPATH/Boot.php(363): CodeIgniter\CodeIgniter->run()
15 SYSTEMPATH/Boot.php(68): CodeIgniter\Boot::runCodeIgniter(Object(CodeIgniter\CodeIgniter))
16 FCPATH/index.php(59): CodeIgniter\Boot::bootWeb(Object(Config\Paths))
17 SYSTEMPATH/rewrite.php(44): require_once('/Users/diego/Documents/GitHub/propedia26/public/index.php')
WARNING - 2026-08-26 22:18:37 --> [DEPRECATED] ord(): Providing a string that is not one byte long is deprecated. Use ord($str[0]) instead in SYSTEMPATH/ThirdParty/Escaper/Escaper.php on line 250.
 1 SYSTEMPATH/ThirdParty/Escaper/Escaper.php(250): ord('Δ')
 2 SYSTEMPATH/ThirdParty/Escaper/Escaper.php(167): Laminas\Escaper\Escaper->htmlAttrMatcher([...])
 3 [internal function]: Laminas\Escaper\Escaper->{closure:Laminas\Escaper\Escaper::__construct():167}([...])
 4 SYSTEMPATH/ThirdParty/Escaper/Escaper.php(200): preg_replace_callback('/[^a-z0-9,\\.\\-_]/iSu', Object(Closure), 'Total Interaction Energy: Solvation energy gain summed over all the interfaces of the structure, in kcal/mol. It is equal to the interface ΔiG when the structure has a single interface.')
 5 SYSTEMPATH/Common.php(448): Laminas\Escaper\Escaper->escapeHtmlAttr('Total Interaction Energy: Solvation energy gain summed over all the interfaces of the structure, in kcal/mol. It is equal to the interface ΔiG when the structure has a single interface.')
 6 APPPATH/Views/entry.php(590): esc('Total Interaction Energy: Solvation energy gain summed over all the interfaces of the structure, in kcal/mol. It is equal to the interface ΔiG when the structure has a single interface.', 'attr')
 7 SYSTEMPATH/View/View.php(226): include('/Users/diego/Documents/GitHub/propedia26/app/Views/entry.php')
 8 SYSTEMPATH/View/View.php(229): CodeIgniter\View\View->{closure:CodeIgniter\View\View::render():223}()
 9 SYSTEMPATH/Common.php(1167): CodeIgniter\View\View->render('entry', [], true)
10 APPPATH/Controllers/Entry.php(57): view('entry', [...])
11 SYSTEMPATH/CodeIgniter.php(933): App\Controllers\Entry->entry('1WRZ-B-A')
12 SYSTEMPATH/CodeIgniter.php(507): CodeIgniter\CodeIgniter->runController(Object(App\Controllers\Entry))
13 SYSTEMPATH/CodeIgniter.php(354): CodeIgniter\CodeIgniter->handleRequest(null, Object(Config\Cache), false)
14 SYSTEMPATH/Boot.php(363): CodeIgniter\CodeIgniter->run()
15 SYSTEMPATH/Boot.php(68): CodeIgniter\Boot::runCodeIgniter(Object(CodeIgniter\CodeIgniter))
16 FCPATH/index.php(59): CodeIgniter\Boot::bootWeb(Object(Config\Paths))
17 SYSTEMPATH/rewrite.php(44): require_once('/Users/diego/Documents/GitHub/propedia26/public/index.php')
WARNING - 2026-08-26 22:18:37 --> [DEPRECATED] ord(): Providing a string that is not one byte long is deprecated. Use ord($str[0]) instead in SYSTEMPATH/ThirdParty/Escaper/Escaper.php on line 250.
 1 SYSTEMPATH/ThirdParty/Escaper/Escaper.php(250): ord('Δ')
 2 SYSTEMPATH/ThirdParty/Escaper/Escaper.php(167): Laminas\Escaper\Escaper->htmlAttrMatcher([...])
 3 [internal function]: Laminas\Escaper\Escaper->{closure:Laminas\Escaper\Escaper::__construct():167}([...])
 4 SYSTEMPATH/ThirdParty/Escaper/Escaper.php(200): preg_replace_callback('/[^a-z0-9,\\.\\-_]/iSu', Object(Closure), 'Dissociation Entropy (TΔS): Entropic cost of the association, in kcal/mol. It always opposes the formation of the complex and is taken into account in the calculation of ΔGdiss.')
 5 SYSTEMPATH/Common.php(448): Laminas\Escaper\Escaper->escapeHtmlAttr('Dissociation Entropy (TΔS): Entropic cost of the association, in kcal/mol. It always opposes the formation of the complex and is taken into account in the calculation of ΔGdiss.')
 6 APPPATH/Views/entry.php(590): esc('Dissociation Entropy (TΔS): Entropic cost of the association, in kcal/mol. It always opposes the formation of the complex and is taken into account in the calculation of ΔGdiss.', 'attr')
 7 SYSTEMPATH/View/View.php(226): include('/Users/diego/Documents/GitHub/propedia26/app/Views/entry.php')
 8 SYSTEMPATH/View/View.php(229): CodeIgniter\View\View->{closure:CodeIgniter\View\View::render():223}()
 9 SYSTEMPATH/Common.php(1167): CodeIgniter\View\View->render('entry', [], true)
10 APPPATH/Controllers/Entry.php(57): view('entry', [...])
11 SYSTEMPATH/CodeIgniter.php(933): App\Controllers\Entry->entry('1WRZ-B-A')
12 SYSTEMPATH/CodeIgniter.php(507): CodeIgniter\CodeIgniter->runController(Object(App\Controllers\Entry))
13 SYSTEMPATH/CodeIgniter.php(354): CodeIgniter\CodeIgniter->handleRequest(null, Object(Config\Cache), false)
14 SYSTEMPATH/Boot.php(363): CodeIgniter\CodeIgniter->run()
15 SYSTEMPATH/Boot.php(68): CodeIgniter\Boot::runCodeIgniter(Object(CodeIgniter\CodeIgniter))
16 FCPATH/index.php(59): CodeIgniter\Boot::bootWeb(Object(Config\Paths))
17 SYSTEMPATH/rewrite.php(44): require_once('/Users/diego/Documents/GitHub/propedia26/public/index.php')
WARNING - 2026-08-26 22:18:37 --> [DEPRECATED] ord(): Providing a string that is not one byte long is deprecated. Use ord($str[0]) instead in SYSTEMPATH/ThirdParty/Escaper/Escaper.php on line 250.
 1 SYSTEMPATH/ThirdParty/Escaper/Escaper.php(250): ord('Δ')
 2 SYSTEMPATH/ThirdParty/Escaper/Escaper.php(167): Laminas\Escaper\Escaper->htmlAttrMatcher([...])
 3 [internal function]: Laminas\Escaper\Escaper->{closure:Laminas\Escaper\Escaper::__construct():167}([...])
 4 SYSTEMPATH/ThirdParty/Escaper/Escaper.php(200): preg_replace_callback('/[^a-z0-9,\\.\\-_]/iSu', Object(Closure), 'Dissociation Entropy (TΔS): Entropic cost of the association, in kcal/mol. It always opposes the formation of the complex and is taken into account in the calculation of ΔGdiss.')
 5 SYSTEMPATH/Common.php(448): Laminas\Escaper\Escaper->escapeHtmlAttr('Dissociation Entropy (TΔS): Entropic cost of the association, in kcal/mol. It always opposes the formation of the complex and is taken into account in the calculation of ΔGdiss.')
 6 APPPATH/Views/entry.php(590): esc('Dissociation Entropy (TΔS): Entropic cost of the association, in kcal/mol. It always opposes the formation of the complex and is taken into account in the calculation of ΔGdiss.', 'attr')
 7 SYSTEMPATH/View/View.php(226): include('/Users/diego/Documents/GitHub/propedia26/app/Views/entry.php')
 8 SYSTEMPATH/View/View.php(229): CodeIgniter\View\View->{closure:CodeIgniter\View\View::render():223}()
 9 SYSTEMPATH/Common.php(1167): CodeIgniter\View\View->render('entry', [], true)
10 APPPATH/Controllers/Entry.php(57): view('entry', [...])
11 SYSTEMPATH/CodeIgniter.php(933): App\Controllers\Entry->entry('1WRZ-B-A')
12 SYSTEMPATH/CodeIgniter.php(507): CodeIgniter\CodeIgniter->runController(Object(App\Controllers\Entry))
13 SYSTEMPATH/CodeIgniter.php(354): CodeIgniter\CodeIgniter->handleRequest(null, Object(Config\Cache), false)
14 SYSTEMPATH/Boot.php(363): CodeIgniter\CodeIgniter->run()
15 SYSTEMPATH/Boot.php(68): CodeIgniter\Boot::runCodeIgniter(Object(CodeIgniter\CodeIgniter))
16 FCPATH/index.php(59): CodeIgniter\Boot::bootWeb(Object(Config\Paths))
17 SYSTEMPATH/rewrite.php(44): require_once('/Users/diego/Documents/GitHub/propedia26/public/index.php')
DEBUG - 2026-08-26 22:18:37 --> Session: Class initialized using 'CodeIgniter\Session\Handlers\FileHandler' driver.
WARNING - 2026-08-26 22:19:11 --> [DEPRECATED] fgetcsv(): the $escape parameter must be provided as its default value will change in APPPATH/Controllers/Entry.php on line 37.
 1 APPPATH/Controllers/Entry.php(37): fgetcsv(resource (stream), 0, ';')
 2 SYSTEMPATH/CodeIgniter.php(933): App\Controllers\Entry->entry('1WRZ-B-A')
 3 SYSTEMPATH/CodeIgniter.php(507): CodeIgniter\CodeIgniter->runController(Object(App\Controllers\Entry))
 4 SYSTEMPATH/CodeIgniter.php(354): CodeIgniter\CodeIgniter->handleRequest(null, Object(Config\Cache), false)
 5 SYSTEMPATH/Boot.php(363): CodeIgniter\CodeIgniter->run()
 6 SYSTEMPATH/Boot.php(68): CodeIgniter\Boot::runCodeIgniter(Object(CodeIgniter\CodeIgniter))
 7 FCPATH/index.php(59): CodeIgniter\Boot::bootWeb(Object(Config\Paths))
 8 SYSTEMPATH/rewrite.php(44): require_once('/Users/diego/Documents/GitHub/propedia26/public/index.php')
WARNING - 2026-08-26 22:19:11 --> [DEPRECATED] ord(): Providing a string that is not one byte long is deprecated. Use ord($str[0]) instead in SYSTEMPATH/ThirdParty/Escaper/Escaper.php on line 250.
 1 SYSTEMPATH/ThirdParty/Escaper/Escaper.php(250): ord('Å')
 2 SYSTEMPATH/ThirdParty/Escaper/Escaper.php(167): Laminas\Escaper\Escaper->htmlAttrMatcher([...])
 3 [internal function]: Laminas\Escaper\Escaper->{closure:Laminas\Escaper\Escaper::__construct():167}([...])
 4 SYSTEMPATH/ThirdParty/Escaper/Escaper.php(200): preg_replace_callback('/[^a-z0-9,\\.\\-_]/iSu', Object(Closure), 'Interface Area: Area of one face of the protein-peptide interface, given in Å². It corresponds to the BSA calculated with NACCESS, reported in the Surface section above.')
 5 SYSTEMPATH/Common.php(448): Laminas\Escaper\Escaper->escapeHtmlAttr('Interface Area: Area of one face of the protein-peptide interface, given in Å². It corresponds to the BSA calculated with NACCESS, reported in the Surface section above.')
 6 APPPATH/Views/entry.php(590): esc('Interface Area: Area of one face of the protein-peptide interface, given in Å². It corresponds to the BSA calculated with NACCESS, reported in the Surface section above.', 'attr')
 7 SYSTEMPATH/View/View.php(226): include('/Users/diego/Documents/GitHub/propedia26/app/Views/entry.php')
 8 SYSTEMPATH/View/View.php(229): CodeIgniter\View\View->{closure:CodeIgniter\View\View::render():223}()
 9 SYSTEMPATH/Common.php(1167): CodeIgniter\View\View->render('entry', [], true)
10 APPPATH/Controllers/Entry.php(57): view('entry', [...])
11 SYSTEMPATH/CodeIgniter.php(933): App\Controllers\Entry->entry('1WRZ-B-A')
12 SYSTEMPATH/CodeIgniter.php(507): CodeIgniter\CodeIgniter->runController(Object(App\Controllers\Entry))
13 SYSTEMPATH/CodeIgniter.php(354): CodeIgniter\CodeIgniter->handleRequest(null, Object(Config\Cache), false)
14 SYSTEMPATH/Boot.php(363): CodeIgniter\CodeIgniter->run()
15 SYSTEMPATH/Boot.php(68): CodeIgniter\Boot::runCodeIgniter(Object(CodeIgniter\CodeIgniter))
16 FCPATH/index.php(59): CodeIgniter\Boot::bootWeb(Object(Config\Paths))
17 SYSTEMPATH/rewrite.php(44): require_once('/Users/diego/Documents/GitHub/propedia26/public/index.php')
WARNING - 2026-08-26 22:19:11 --> [DEPRECATED] ord(): Providing a string that is not one byte long is deprecated. Use ord($str[0]) instead in SYSTEMPATH/ThirdParty/Escaper/Escaper.php on line 250.
 1 SYSTEMPATH/ThirdParty/Escaper/Escaper.php(250): ord('²')
 2 SYSTEMPATH/ThirdParty/Escaper/Escaper.php(167): Laminas\Escaper\Escaper->htmlAttrMatcher([...])
 3 [internal function]: Laminas\Escaper\Escaper->{closure:Laminas\Escaper\Escaper::__construct():167}([...])
 4 SYSTEMPATH/ThirdParty/Escaper/Escaper.php(200): preg_replace_callback('/[^a-z0-9,\\.\\-_]/iSu', Object(Closure), 'Interface Area: Area of one face of the protein-peptide interface, given in Å². It corresponds to the BSA calculated with NACCESS, reported in the Surface section above.')
 5 SYSTEMPATH/Common.php(448): Laminas\Escaper\Escaper->escapeHtmlAttr('Interface Area: Area of one face of the protein-peptide interface, given in Å². It corresponds to the BSA calculated with NACCESS, reported in the Surface section above.')
 6 APPPATH/Views/entry.php(590): esc('Interface Area: Area of one face of the protein-peptide interface, given in Å². It corresponds to the BSA calculated with NACCESS, reported in the Surface section above.', 'attr')
 7 SYSTEMPATH/View/View.php(226): include('/Users/diego/Documents/GitHub/propedia26/app/Views/entry.php')
 8 SYSTEMPATH/View/View.php(229): CodeIgniter\View\View->{closure:CodeIgniter\View\View::render():223}()
 9 SYSTEMPATH/Common.php(1167): CodeIgniter\View\View->render('entry', [], true)
10 APPPATH/Controllers/Entry.php(57): view('entry', [...])
11 SYSTEMPATH/CodeIgniter.php(933): App\Controllers\Entry->entry('1WRZ-B-A')
12 SYSTEMPATH/CodeIgniter.php(507): CodeIgniter\CodeIgniter->runController(Object(App\Controllers\Entry))
13 SYSTEMPATH/CodeIgniter.php(354): CodeIgniter\CodeIgniter->handleRequest(null, Object(Config\Cache), false)
14 SYSTEMPATH/Boot.php(363): CodeIgniter\CodeIgniter->run()
15 SYSTEMPATH/Boot.php(68): CodeIgniter\Boot::runCodeIgniter(Object(CodeIgniter\CodeIgniter))
16 FCPATH/index.php(59): CodeIgniter\Boot::bootWeb(Object(Config\Paths))
17 SYSTEMPATH/rewrite.php(44): require_once('/Users/diego/Documents/GitHub/propedia26/public/index.php')
WARNING - 2026-08-26 22:19:11 --> [DEPRECATED] ord(): Providing a string that is not one byte long is deprecated. Use ord($str[0]) instead in SYSTEMPATH/ThirdParty/Escaper/Escaper.php on line 250.
 1 SYSTEMPATH/ThirdParty/Escaper/Escaper.php(250): ord('Å')
 2 SYSTEMPATH/ThirdParty/Escaper/Escaper.php(167): Laminas\Escaper\Escaper->htmlAttrMatcher([...])
 3 [internal function]: Laminas\Escaper\Escaper->{closure:Laminas\Escaper\Escaper::__construct():167}([...])
 4 SYSTEMPATH/ThirdParty/Escaper/Escaper.php(200): preg_replace_callback('/[^a-z0-9,\\.\\-_]/iSu', Object(Closure), 'Buried Area (peptide): Peptide surface area that becomes buried upon formation of the interface (value given in Å²).')
 5 SYSTEMPATH/Common.php(448): Laminas\Escaper\Escaper->escapeHtmlAttr('Buried Area (peptide): Peptide surface area that becomes buried upon formation of the interface (value given in Å²).')
 6 APPPATH/Views/entry.php(590): esc('Buried Area (peptide): Peptide surface area that becomes buried upon formation of the interface (value given in Å²).', 'attr')
 7 SYSTEMPATH/View/View.php(226): include('/Users/diego/Documents/GitHub/propedia26/app/Views/entry.php')
 8 SYSTEMPATH/View/View.php(229): CodeIgniter\View\View->{closure:CodeIgniter\View\View::render():223}()
 9 SYSTEMPATH/Common.php(1167): CodeIgniter\View\View->render('entry', [], true)
10 APPPATH/Controllers/Entry.php(57): view('entry', [...])
11 SYSTEMPATH/CodeIgniter.php(933): App\Controllers\Entry->entry('1WRZ-B-A')
12 SYSTEMPATH/CodeIgniter.php(507): CodeIgniter\CodeIgniter->runController(Object(App\Controllers\Entry))
13 SYSTEMPATH/CodeIgniter.php(354): CodeIgniter\CodeIgniter->handleRequest(null, Object(Config\Cache), false)
14 SYSTEMPATH/Boot.php(363): CodeIgniter\CodeIgniter->run()
15 SYSTEMPATH/Boot.php(68): CodeIgniter\Boot::runCodeIgniter(Object(CodeIgniter\CodeIgniter))
16 FCPATH/index.php(59): CodeIgniter\Boot::bootWeb(Object(Config\Paths))
17 SYSTEMPATH/rewrite.php(44): require_once('/Users/diego/Documents/GitHub/propedia26/public/index.php')
WARNING - 2026-08-26 22:19:11 --> [DEPRECATED] ord(): Providing a string that is not one byte long is deprecated. Use ord($str[0]) instead in SYSTEMPATH/ThirdParty/Escaper/Escaper.php on line 250.
 1 SYSTEMPATH/ThirdParty/Escaper/Escaper.php(250): ord('²')
 2 SYSTEMPATH/ThirdParty/Escaper/Escaper.php(167): Laminas\Escaper\Escaper->htmlAttrMatcher([...])
 3 [internal function]: Laminas\Escaper\Escaper->{closure:Laminas\Escaper\Escaper::__construct():167}([...])
 4 SYSTEMPATH/ThirdParty/Escaper/Escaper.php(200): preg_replace_callback('/[^a-z0-9,\\.\\-_]/iSu', Object(Closure), 'Buried Area (peptide): Peptide surface area that becomes buried upon formation of the interface (value given in Å²).')
 5 SYSTEMPATH/Common.php(448): Laminas\Escaper\Escaper->escapeHtmlAttr('Buried Area (peptide): Peptide surface area that becomes buried upon formation of the interface (value given in Å²).')
 6 APPPATH/Views/entry.php(590): esc('Buried Area (peptide): Peptide surface area that becomes buried upon formation of the interface (value given in Å²).', 'attr')
 7 SYSTEMPATH/View/View.php(226): include('/Users/diego/Documents/GitHub/propedia26/app/Views/entry.php')
 8 SYSTEMPATH/View/View.php(229): CodeIgniter\View\View->{closure:CodeIgniter\View\View::render():223}()
 9 SYSTEMPATH/Common.php(1167): CodeIgniter\View\View->render('entry', [], true)
10 APPPATH/Controllers/Entry.php(57): view('entry', [...])
11 SYSTEMPATH/CodeIgniter.php(933): App\Controllers\Entry->entry('1WRZ-B-A')
12 SYSTEMPATH/CodeIgniter.php(507): CodeIgniter\CodeIgniter->runController(Object(App\Controllers\Entry))
13 SYSTEMPATH/CodeIgniter.php(354): CodeIgniter\CodeIgniter->handleRequest(null, Object(Config\Cache), false)
14 SYSTEMPATH/Boot.php(363): CodeIgniter\CodeIgniter->run()
15 SYSTEMPATH/Boot.php(68): CodeIgniter\Boot::runCodeIgniter(Object(CodeIgniter\CodeIgniter))
16 FCPATH/index.php(59): CodeIgniter\Boot::bootWeb(Object(Config\Paths))
17 SYSTEMPATH/rewrite.php(44): require_once('/Users/diego/Documents/GitHub/propedia26/public/index.php')
WARNING - 2026-08-26 22:19:11 --> [DEPRECATED] ord(): Providing a string that is not one byte long is deprecated. Use ord($str[0]) instead in SYSTEMPATH/ThirdParty/Escaper/Escaper.php on line 250.
 1 SYSTEMPATH/ThirdParty/Escaper/Escaper.php(250): ord('Å')
 2 SYSTEMPATH/ThirdParty/Escaper/Escaper.php(167): Laminas\Escaper\Escaper->htmlAttrMatcher([...])
 3 [internal function]: Laminas\Escaper\Escaper->{closure:Laminas\Escaper\Escaper::__construct():167}([...])
 4 SYSTEMPATH/ThirdParty/Escaper/Escaper.php(200): preg_replace_callback('/[^a-z0-9,\\.\\-_]/iSu', Object(Closure), 'Buried Area (protein): Protein surface area that becomes buried upon formation of the interface (value given in Å²).')
 5 SYSTEMPATH/Common.php(448): Laminas\Escaper\Escaper->escapeHtmlAttr('Buried Area (protein): Protein surface area that becomes buried upon formation of the interface (value given in Å²).')
 6 APPPATH/Views/entry.php(590): esc('Buried Area (protein): Protein surface area that becomes buried upon formation of the interface (value given in Å²).', 'attr')
 7 SYSTEMPATH/View/View.php(226): include('/Users/diego/Documents/GitHub/propedia26/app/Views/entry.php')
 8 SYSTEMPATH/View/View.php(229): CodeIgniter\View\View->{closure:CodeIgniter\View\View::render():223}()
 9 SYSTEMPATH/Common.php(1167): CodeIgniter\View\View->render('entry', [], true)
10 APPPATH/Controllers/Entry.php(57): view('entry', [...])
11 SYSTEMPATH/CodeIgniter.php(933): App\Controllers\Entry->entry('1WRZ-B-A')
12 SYSTEMPATH/CodeIgniter.php(507): CodeIgniter\CodeIgniter->runController(Object(App\Controllers\Entry))
13 SYSTEMPATH/CodeIgniter.php(354): CodeIgniter\CodeIgniter->handleRequest(null, Object(Config\Cache), false)
14 SYSTEMPATH/Boot.php(363): CodeIgniter\CodeIgniter->run()
15 SYSTEMPATH/Boot.php(68): CodeIgniter\Boot::runCodeIgniter(Object(CodeIgniter\CodeIgniter))
16 FCPATH/index.php(59): CodeIgniter\Boot::bootWeb(Object(Config\Paths))
17 SYSTEMPATH/rewrite.php(44): require_once('/Users/diego/Documents/GitHub/propedia26/public/index.php')
WARNING - 2026-08-26 22:19:11 --> [DEPRECATED] ord(): Providing a string that is not one byte long is deprecated. Use ord($str[0]) instead in SYSTEMPATH/ThirdParty/Escaper/Escaper.php on line 250.
 1 SYSTEMPATH/ThirdParty/Escaper/Escaper.php(250): ord('²')
 2 SYSTEMPATH/ThirdParty/Escaper/Escaper.php(167): Laminas\Escaper\Escaper->htmlAttrMatcher([...])
 3 [internal function]: Laminas\Escaper\Escaper->{closure:Laminas\Escaper\Escaper::__construct():167}([...])
 4 SYSTEMPATH/ThirdParty/Escaper/Escaper.php(200): preg_replace_callback('/[^a-z0-9,\\.\\-_]/iSu', Object(Closure), 'Buried Area (protein): Protein surface area that becomes buried upon formation of the interface (value given in Å²).')
 5 SYSTEMPATH/Common.php(448): Laminas\Escaper\Escaper->escapeHtmlAttr('Buried Area (protein): Protein surface area that becomes buried upon formation of the interface (value given in Å²).')
 6 APPPATH/Views/entry.php(590): esc('Buried Area (protein): Protein surface area that becomes buried upon formation of the interface (value given in Å²).', 'attr')
 7 SYSTEMPATH/View/View.php(226): include('/Users/diego/Documents/GitHub/propedia26/app/Views/entry.php')
 8 SYSTEMPATH/View/View.php(229): CodeIgniter\View\View->{closure:CodeIgniter\View\View::render():223}()
 9 SYSTEMPATH/Common.php(1167): CodeIgniter\View\View->render('entry', [], true)
10 APPPATH/Controllers/Entry.php(57): view('entry', [...])
11 SYSTEMPATH/CodeIgniter.php(933): App\Controllers\Entry->entry('1WRZ-B-A')
12 SYSTEMPATH/CodeIgniter.php(507): CodeIgniter\CodeIgniter->runController(Object(App\Controllers\Entry))
13 SYSTEMPATH/CodeIgniter.php(354): CodeIgniter\CodeIgniter->handleRequest(null, Object(Config\Cache), false)
14 SYSTEMPATH/Boot.php(363): CodeIgniter\CodeIgniter->run()
15 SYSTEMPATH/Boot.php(68): CodeIgniter\Boot::runCodeIgniter(Object(CodeIgniter\CodeIgniter))
16 FCPATH/index.php(59): CodeIgniter\Boot::bootWeb(Object(Config\Paths))
17 SYSTEMPATH/rewrite.php(44): require_once('/Users/diego/Documents/GitHub/propedia26/public/index.php')
WARNING - 2026-08-26 22:19:11 --> [DEPRECATED] ord(): Providing a string that is not one byte long is deprecated. Use ord($str[0]) instead in SYSTEMPATH/ThirdParty/Escaper/Escaper.php on line 250.
 1 SYSTEMPATH/ThirdParty/Escaper/Escaper.php(250): ord('Å')
 2 SYSTEMPATH/ThirdParty/Escaper/Escaper.php(167): Laminas\Escaper\Escaper->htmlAttrMatcher([...])
 3 [internal function]: Laminas\Escaper\Escaper->{closure:Laminas\Escaper\Escaper::__construct():167}([...])
 4 SYSTEMPATH/ThirdParty/Escaper/Escaper.php(200): preg_replace_callback('/[^a-z0-9,\\.\\-_]/iSu', Object(Closure), 'Total Buried Area: Total surface area buried by the association, counting both faces of the interface, in Å². It is therefore about twice the BSA reported by NACCESS, which counts a single face.')
 5 SYSTEMPATH/Common.php(448): Laminas\Escaper\Escaper->escapeHtmlAttr('Total Buried Area: Total surface area buried by the association, counting both faces of the interface, in Å². It is therefore about twice the BSA reported by NACCESS, which counts a single face.')
 6 APPPATH/Views/entry.php(590): esc('Total Buried Area: Total surface area buried by the association, counting both faces of the interface, in Å². It is therefore about twice the BSA reported by NACCESS, which counts a single face.', 'attr')
 7 SYSTEMPATH/View/View.php(226): include('/Users/diego/Documents/GitHub/propedia26/app/Views/entry.php')
 8 SYSTEMPATH/View/View.php(229): CodeIgniter\View\View->{closure:CodeIgniter\View\View::render():223}()
 9 SYSTEMPATH/Common.php(1167): CodeIgniter\View\View->render('entry', [], true)
10 APPPATH/Controllers/Entry.php(57): view('entry', [...])
11 SYSTEMPATH/CodeIgniter.php(933): App\Controllers\Entry->entry('1WRZ-B-A')
12 SYSTEMPATH/CodeIgniter.php(507): CodeIgniter\CodeIgniter->runController(Object(App\Controllers\Entry))
13 SYSTEMPATH/CodeIgniter.php(354): CodeIgniter\CodeIgniter->handleRequest(null, Object(Config\Cache), false)
14 SYSTEMPATH/Boot.php(363): CodeIgniter\CodeIgniter->run()
15 SYSTEMPATH/Boot.php(68): CodeIgniter\Boot::runCodeIgniter(Object(CodeIgniter\CodeIgniter))
16 FCPATH/index.php(59): CodeIgniter\Boot::bootWeb(Object(Config\Paths))
17 SYSTEMPATH/rewrite.php(44): require_once('/Users/diego/Documents/GitHub/propedia26/public/index.php')
WARNING - 2026-08-26 22:19:11 --> [DEPRECATED] ord(): Providing a string that is not one byte long is deprecated. Use ord($str[0]) instead in SYSTEMPATH/ThirdParty/Escaper/Escaper.php on line 250.
 1 SYSTEMPATH/ThirdParty/Escaper/Escaper.php(250): ord('²')
 2 SYSTEMPATH/ThirdParty/Escaper/Escaper.php(167): Laminas\Escaper\Escaper->htmlAttrMatcher([...])
 3 [internal function]: Laminas\Escaper\Escaper->{closure:Laminas\Escaper\Escaper::__construct():167}([...])
 4 SYSTEMPATH/ThirdParty/Escaper/Escaper.php(200): preg_replace_callback('/[^a-z0-9,\\.\\-_]/iSu', Object(Closure), 'Total Buried Area: Total surface area buried by the association, counting both faces of the interface, in Å². It is therefore about twice the BSA reported by NACCESS, which counts a single face.')
 5 SYSTEMPATH/Common.php(448): Laminas\Escaper\Escaper->escapeHtmlAttr('Total Buried Area: Total surface area buried by the association, counting both faces of the interface, in Å². It is therefore about twice the BSA reported by NACCESS, which counts a single face.')
 6 APPPATH/Views/entry.php(590): esc('Total Buried Area: Total surface area buried by the association, counting both faces of the interface, in Å². It is therefore about twice the BSA reported by NACCESS, which counts a single face.', 'attr')
 7 SYSTEMPATH/View/View.php(226): include('/Users/diego/Documents/GitHub/propedia26/app/Views/entry.php')
 8 SYSTEMPATH/View/View.php(229): CodeIgniter\View\View->{closure:CodeIgniter\View\View::render():223}()
 9 SYSTEMPATH/Common.php(1167): CodeIgniter\View\View->render('entry', [], true)
10 APPPATH/Controllers/Entry.php(57): view('entry', [...])
11 SYSTEMPATH/CodeIgniter.php(933): App\Controllers\Entry->entry('1WRZ-B-A')
12 SYSTEMPATH/CodeIgniter.php(507): CodeIgniter\CodeIgniter->runController(Object(App\Controllers\Entry))
13 SYSTEMPATH/CodeIgniter.php(354): CodeIgniter\CodeIgniter->handleRequest(null, Object(Config\Cache), false)
14 SYSTEMPATH/Boot.php(363): CodeIgniter\CodeIgniter->run()
15 SYSTEMPATH/Boot.php(68): CodeIgniter\Boot::runCodeIgniter(Object(CodeIgniter\CodeIgniter))
16 FCPATH/index.php(59): CodeIgniter\Boot::bootWeb(Object(Config\Paths))
17 SYSTEMPATH/rewrite.php(44): require_once('/Users/diego/Documents/GitHub/propedia26/public/index.php')
WARNING - 2026-08-26 22:19:11 --> [DEPRECATED] ord(): Providing a string that is not one byte long is deprecated. Use ord($str[0]) instead in SYSTEMPATH/ThirdParty/Escaper/Escaper.php on line 250.
 1 SYSTEMPATH/ThirdParty/Escaper/Escaper.php(250): ord('Å')
 2 SYSTEMPATH/ThirdParty/Escaper/Escaper.php(167): Laminas\Escaper\Escaper->htmlAttrMatcher([...])
 3 [internal function]: Laminas\Escaper\Escaper->{closure:Laminas\Escaper\Escaper::__construct():167}([...])
 4 SYSTEMPATH/ThirdParty/Escaper/Escaper.php(200): preg_replace_callback('/[^a-z0-9,\\.\\-_]/iSu', Object(Closure), 'Complex ASA: Accessible surface area of the complex, given in Å². It corresponds to the ASA (complex) calculated with NACCESS, reported in the Surface section above.')
 5 SYSTEMPATH/Common.php(448): Laminas\Escaper\Escaper->escapeHtmlAttr('Complex ASA: Accessible surface area of the complex, given in Å². It corresponds to the ASA (complex) calculated with NACCESS, reported in the Surface section above.')
 6 APPPATH/Views/entry.php(590): esc('Complex ASA: Accessible surface area of the complex, given in Å². It corresponds to the ASA (complex) calculated with NACCESS, reported in the Surface section above.', 'attr')
 7 SYSTEMPATH/View/View.php(226): include('/Users/diego/Documents/GitHub/propedia26/app/Views/entry.php')
 8 SYSTEMPATH/View/View.php(229): CodeIgniter\View\View->{closure:CodeIgniter\View\View::render():223}()
 9 SYSTEMPATH/Common.php(1167): CodeIgniter\View\View->render('entry', [], true)
10 APPPATH/Controllers/Entry.php(57): view('entry', [...])
11 SYSTEMPATH/CodeIgniter.php(933): App\Controllers\Entry->entry('1WRZ-B-A')
12 SYSTEMPATH/CodeIgniter.php(507): CodeIgniter\CodeIgniter->runController(Object(App\Controllers\Entry))
13 SYSTEMPATH/CodeIgniter.php(354): CodeIgniter\CodeIgniter->handleRequest(null, Object(Config\Cache), false)
14 SYSTEMPATH/Boot.php(363): CodeIgniter\CodeIgniter->run()
15 SYSTEMPATH/Boot.php(68): CodeIgniter\Boot::runCodeIgniter(Object(CodeIgniter\CodeIgniter))
16 FCPATH/index.php(59): CodeIgniter\Boot::bootWeb(Object(Config\Paths))
17 SYSTEMPATH/rewrite.php(44): require_once('/Users/diego/Documents/GitHub/propedia26/public/index.php')
WARNING - 2026-08-26 22:19:11 --> [DEPRECATED] ord(): Providing a string that is not one byte long is deprecated. Use ord($str[0]) instead in SYSTEMPATH/ThirdParty/Escaper/Escaper.php on line 250.
 1 SYSTEMPATH/ThirdParty/Escaper/Escaper.php(250): ord('²')
 2 SYSTEMPATH/ThirdParty/Escaper/Escaper.php(167): Laminas\Escaper\Escaper->htmlAttrMatcher([...])
 3 [internal function]: Laminas\Escaper\Escaper->{closure:Laminas\Escaper\Escaper::__construct():167}([...])
 4 SYSTEMPATH/ThirdParty/Escaper/Escaper.php(200): preg_replace_callback('/[^a-z0-9,\\.\\-_]/iSu', Object(Closure), 'Complex ASA: Accessible surface area of the complex, given in Å². It corresponds to the ASA (complex) calculated with NACCESS, reported in the Surface section above.')
 5 SYSTEMPATH/Common.php(448): Laminas\Escaper\Escaper->escapeHtmlAttr('Complex ASA: Accessible surface area of the complex, given in Å². It corresponds to the ASA (complex) calculated with NACCESS, reported in the Surface section above.')
 6 APPPATH/Views/entry.php(590): esc('Complex ASA: Accessible surface area of the complex, given in Å². It corresponds to the ASA (complex) calculated with NACCESS, reported in the Surface section above.', 'attr')
 7 SYSTEMPATH/View/View.php(226): include('/Users/diego/Documents/GitHub/propedia26/app/Views/entry.php')
 8 SYSTEMPATH/View/View.php(229): CodeIgniter\View\View->{closure:CodeIgniter\View\View::render():223}()
 9 SYSTEMPATH/Common.php(1167): CodeIgniter\View\View->render('entry', [], true)
10 APPPATH/Controllers/Entry.php(57): view('entry', [...])
11 SYSTEMPATH/CodeIgniter.php(933): App\Controllers\Entry->entry('1WRZ-B-A')
12 SYSTEMPATH/CodeIgniter.php(507): CodeIgniter\CodeIgniter->runController(Object(App\Controllers\Entry))
13 SYSTEMPATH/CodeIgniter.php(354): CodeIgniter\CodeIgniter->handleRequest(null, Object(Config\Cache), false)
14 SYSTEMPATH/Boot.php(363): CodeIgniter\CodeIgniter->run()
15 SYSTEMPATH/Boot.php(68): CodeIgniter\Boot::runCodeIgniter(Object(CodeIgniter\CodeIgniter))
16 FCPATH/index.php(59): CodeIgniter\Boot::bootWeb(Object(Config\Paths))
17 SYSTEMPATH/rewrite.php(44): require_once('/Users/diego/Documents/GitHub/propedia26/public/index.php')
WARNING - 2026-08-26 22:19:11 --> [DEPRECATED] ord(): Providing a string that is not one byte long is deprecated. Use ord($str[0]) instead in SYSTEMPATH/ThirdParty/Escaper/Escaper.php on line 250.
 1 SYSTEMPATH/ThirdParty/Escaper/Escaper.php(250): ord('Å')
 2 SYSTEMPATH/ThirdParty/Escaper/Escaper.php(167): Laminas\Escaper\Escaper->htmlAttrMatcher([...])
 3 [internal function]: Laminas\Escaper\Escaper->{closure:Laminas\Escaper\Escaper::__construct():167}([...])
 4 SYSTEMPATH/ThirdParty/Escaper/Escaper.php(200): preg_replace_callback('/[^a-z0-9,\\.\\-_]/iSu', Object(Closure), 'Dissociation Area: Interface area that is broken when the complex dissociates, given in Å². It usually coincides with the interface area.')
 5 SYSTEMPATH/Common.php(448): Laminas\Escaper\Escaper->escapeHtmlAttr('Dissociation Area: Interface area that is broken when the complex dissociates, given in Å². It usually coincides with the interface area.')
 6 APPPATH/Views/entry.php(590): esc('Dissociation Area: Interface area that is broken when the complex dissociates, given in Å². It usually coincides with the interface area.', 'attr')
 7 SYSTEMPATH/View/View.php(226): include('/Users/diego/Documents/GitHub/propedia26/app/Views/entry.php')
 8 SYSTEMPATH/View/View.php(229): CodeIgniter\View\View->{closure:CodeIgniter\View\View::render():223}()
 9 SYSTEMPATH/Common.php(1167): CodeIgniter\View\View->render('entry', [], true)
10 APPPATH/Controllers/Entry.php(57): view('entry', [...])
11 SYSTEMPATH/CodeIgniter.php(933): App\Controllers\Entry->entry('1WRZ-B-A')
12 SYSTEMPATH/CodeIgniter.php(507): CodeIgniter\CodeIgniter->runController(Object(App\Controllers\Entry))
13 SYSTEMPATH/CodeIgniter.php(354): CodeIgniter\CodeIgniter->handleRequest(null, Object(Config\Cache), false)
14 SYSTEMPATH/Boot.php(363): CodeIgniter\CodeIgniter->run()
15 SYSTEMPATH/Boot.php(68): CodeIgniter\Boot::runCodeIgniter(Object(CodeIgniter\CodeIgniter))
16 FCPATH/index.php(59): CodeIgniter\Boot::bootWeb(Object(Config\Paths))
17 SYSTEMPATH/rewrite.php(44): require_once('/Users/diego/Documents/GitHub/propedia26/public/index.php')
WARNING - 2026-08-26 22:19:11 --> [DEPRECATED] ord(): Providing a string that is not one byte long is deprecated. Use ord($str[0]) instead in SYSTEMPATH/ThirdParty/Escaper/Escaper.php on line 250.
 1 SYSTEMPATH/ThirdParty/Escaper/Escaper.php(250): ord('²')
 2 SYSTEMPATH/ThirdParty/Escaper/Escaper.php(167): Laminas\Escaper\Escaper->htmlAttrMatcher([...])
 3 [internal function]: Laminas\Escaper\Escaper->{closure:Laminas\Escaper\Escaper::__construct():167}([...])
 4 SYSTEMPATH/ThirdParty/Escaper/Escaper.php(200): preg_replace_callback('/[^a-z0-9,\\.\\-_]/iSu', Object(Closure), 'Dissociation Area: Interface area that is broken when the complex dissociates, given in Å². It usually coincides with the interface area.')
 5 SYSTEMPATH/Common.php(448): Laminas\Escaper\Escaper->escapeHtmlAttr('Dissociation Area: Interface area that is broken when the complex dissociates, given in Å². It usually coincides with the interface area.')
 6 APPPATH/Views/entry.php(590): esc('Dissociation Area: Interface area that is broken when the complex dissociates, given in Å². It usually coincides with the interface area.', 'attr')
 7 SYSTEMPATH/View/View.php(226): include('/Users/diego/Documents/GitHub/propedia26/app/Views/entry.php')
 8 SYSTEMPATH/View/View.php(229): CodeIgniter\View\View->{closure:CodeIgniter\View\View::render():223}()
 9 SYSTEMPATH/Common.php(1167): CodeIgniter\View\View->render('entry', [], true)
10 APPPATH/Controllers/Entry.php(57): view('entry', [...])
11 SYSTEMPATH/CodeIgniter.php(933): App\Controllers\Entry->entry('1WRZ-B-A')
12 SYSTEMPATH/CodeIgniter.php(507): CodeIgniter\CodeIgniter->runController(Object(App\Controllers\Entry))
13 SYSTEMPATH/CodeIgniter.php(354): CodeIgniter\CodeIgniter->handleRequest(null, Object(Config\Cache), false)
14 SYSTEMPATH/Boot.php(363): CodeIgniter\CodeIgniter->run()
15 SYSTEMPATH/Boot.php(68): CodeIgniter\Boot::runCodeIgniter(Object(CodeIgniter\CodeIgniter))
16 FCPATH/index.php(59): CodeIgniter\Boot::bootWeb(Object(Config\Paths))
17 SYSTEMPATH/rewrite.php(44): require_once('/Users/diego/Documents/GitHub/propedia26/public/index.php')
WARNING - 2026-08-26 22:19:11 --> [DEPRECATED] ord(): Providing a string that is not one byte long is deprecated. Use ord($str[0]) instead in SYSTEMPATH/ThirdParty/Escaper/Escaper.php on line 250.
 1 SYSTEMPATH/ThirdParty/Escaper/Escaper.php(250): ord('Δ')
 2 SYSTEMPATH/ThirdParty/Escaper/Escaper.php(167): Laminas\Escaper\Escaper->htmlAttrMatcher([...])
 3 [internal function]: Laminas\Escaper\Escaper->{closure:Laminas\Escaper\Escaper::__construct():167}([...])
 4 SYSTEMPATH/ThirdParty/Escaper/Escaper.php(200): preg_replace_callback('/[^a-z0-9,\\.\\-_]/iSu', Object(Closure), 'Dissociation Free Energy (ΔGdiss): Free energy required to dissociate the complex, in kcal/mol. Positive values indicate a thermodynamically stable complex. It is the PISA counterpart of the binding affinity predicted by PRODIGY, reported in the Interaction energy section above with the opposite sign.')
 5 SYSTEMPATH/Common.php(448): Laminas\Escaper\Escaper->escapeHtmlAttr('Dissociation Free Energy (ΔGdiss): Free energy required to dissociate the complex, in kcal/mol. Positive values indicate a thermodynamically stable complex. It is the PISA counterpart of the binding affinity predicted by PRODIGY, reported in the Interaction energy section above with the opposite sign.')
 6 APPPATH/Views/entry.php(590): esc('Dissociation Free Energy (ΔGdiss): Free energy required to dissociate the complex, in kcal/mol. Positive values indicate a thermodynamically stable complex. It is the PISA counterpart of the binding affinity predicted by PRODIGY, reported in the Interaction energy section above with the opposite sign.', 'attr')
 7 SYSTEMPATH/View/View.php(226): include('/Users/diego/Documents/GitHub/propedia26/app/Views/entry.php')
 8 SYSTEMPATH/View/View.php(229): CodeIgniter\View\View->{closure:CodeIgniter\View\View::render():223}()
 9 SYSTEMPATH/Common.php(1167): CodeIgniter\View\View->render('entry', [], true)
10 APPPATH/Controllers/Entry.php(57): view('entry', [...])
11 SYSTEMPATH/CodeIgniter.php(933): App\Controllers\Entry->entry('1WRZ-B-A')
12 SYSTEMPATH/CodeIgniter.php(507): CodeIgniter\CodeIgniter->runController(Object(App\Controllers\Entry))
13 SYSTEMPATH/CodeIgniter.php(354): CodeIgniter\CodeIgniter->handleRequest(null, Object(Config\Cache), false)
14 SYSTEMPATH/Boot.php(363): CodeIgniter\CodeIgniter->run()
15 SYSTEMPATH/Boot.php(68): CodeIgniter\Boot::runCodeIgniter(Object(CodeIgniter\CodeIgniter))
16 FCPATH/index.php(59): CodeIgniter\Boot::bootWeb(Object(Config\Paths))
17 SYSTEMPATH/rewrite.php(44): require_once('/Users/diego/Documents/GitHub/propedia26/public/index.php')
WARNING - 2026-08-26 22:19:11 --> [DEPRECATED] ord(): Providing a string that is not one byte long is deprecated. Use ord($str[0]) instead in SYSTEMPATH/ThirdParty/Escaper/Escaper.php on line 250.
 1 SYSTEMPATH/ThirdParty/Escaper/Escaper.php(250): ord('Δ')
 2 SYSTEMPATH/ThirdParty/Escaper/Escaper.php(167): Laminas\Escaper\Escaper->htmlAttrMatcher([...])
 3 [internal function]: Laminas\Escaper\Escaper->{closure:Laminas\Escaper\Escaper::__construct():167}([...])
 4 SYSTEMPATH/ThirdParty/Escaper/Escaper.php(200): preg_replace_callback('/[^a-z0-9,\\.\\-_]/iSu', Object(Closure), 'Solvation Energy Gain (ΔiG): Free energy gain, in kcal/mol, obtained on formation of the interface. Negative values indicate a hydrophobic interface, which favours the association. It does not include the contribution of hydrogen bonds and salt bridges across the interface.')
 5 SYSTEMPATH/Common.php(448): Laminas\Escaper\Escaper->escapeHtmlAttr('Solvation Energy Gain (ΔiG): Free energy gain, in kcal/mol, obtained on formation of the interface. Negative values indicate a hydrophobic interface, which favours the association. It does not include the contribution of hydrogen bonds and salt bridges across the interface.')
 6 APPPATH/Views/entry.php(590): esc('Solvation Energy Gain (ΔiG): Free energy gain, in kcal/mol, obtained on formation of the interface. Negative values indicate a hydrophobic interface, which favours the association. It does not include the contribution of hydrogen bonds and salt bridges across the interface.', 'attr')
 7 SYSTEMPATH/View/View.php(226): include('/Users/diego/Documents/GitHub/propedia26/app/Views/entry.php')
 8 SYSTEMPATH/View/View.php(229): CodeIgniter\View\View->{closure:CodeIgniter\View\View::render():223}()
 9 SYSTEMPATH/Common.php(1167): CodeIgniter\View\View->render('entry', [], true)
10 APPPATH/Controllers/Entry.php(57): view('entry', [...])
11 SYSTEMPATH/CodeIgniter.php(933): App\Controllers\Entry->entry('1WRZ-B-A')
12 SYSTEMPATH/CodeIgniter.php(507): CodeIgniter\CodeIgniter->runController(Object(App\Controllers\Entry))
13 SYSTEMPATH/CodeIgniter.php(354): CodeIgniter\CodeIgniter->handleRequest(null, Object(Config\Cache), false)
14 SYSTEMPATH/Boot.php(363): CodeIgniter\CodeIgniter->run()
15 SYSTEMPATH/Boot.php(68): CodeIgniter\Boot::runCodeIgniter(Object(CodeIgniter\CodeIgniter))
16 FCPATH/index.php(59): CodeIgniter\Boot::bootWeb(Object(Config\Paths))
17 SYSTEMPATH/rewrite.php(44): require_once('/Users/diego/Documents/GitHub/propedia26/public/index.php')
WARNING - 2026-08-26 22:19:11 --> [DEPRECATED] ord(): Providing a string that is not one byte long is deprecated. Use ord($str[0]) instead in SYSTEMPATH/ThirdParty/Escaper/Escaper.php on line 250.
 1 SYSTEMPATH/ThirdParty/Escaper/Escaper.php(250): ord('Δ')
 2 SYSTEMPATH/ThirdParty/Escaper/Escaper.php(167): Laminas\Escaper\Escaper->htmlAttrMatcher([...])
 3 [internal function]: Laminas\Escaper\Escaper->{closure:Laminas\Escaper\Escaper::__construct():167}([...])
 4 SYSTEMPATH/ThirdParty/Escaper/Escaper.php(200): preg_replace_callback('/[^a-z0-9,\\.\\-_]/iSu', Object(Closure), 'ΔiG P-value: Statistical significance of the solvation energy gain. Values below 0.5 indicate an interface more hydrophobic than would be expected by chance, that is, an interface likely to be interaction-specific rather than a crystal-packing artefact.')
 5 SYSTEMPATH/Common.php(448): Laminas\Escaper\Escaper->escapeHtmlAttr('ΔiG P-value: Statistical significance of the solvation energy gain. Values below 0.5 indicate an interface more hydrophobic than would be expected by chance, that is, an interface likely to be interaction-specific rather than a crystal-packing artefact.')
 6 APPPATH/Views/entry.php(590): esc('ΔiG P-value: Statistical significance of the solvation energy gain. Values below 0.5 indicate an interface more hydrophobic than would be expected by chance, that is, an interface likely to be interaction-specific rather than a crystal-packing artefact.', 'attr')
 7 SYSTEMPATH/View/View.php(226): include('/Users/diego/Documents/GitHub/propedia26/app/Views/entry.php')
 8 SYSTEMPATH/View/View.php(229): CodeIgniter\View\View->{closure:CodeIgniter\View\View::render():223}()
 9 SYSTEMPATH/Common.php(1167): CodeIgniter\View\View->render('entry', [], true)
10 APPPATH/Controllers/Entry.php(57): view('entry', [...])
11 SYSTEMPATH/CodeIgniter.php(933): App\Controllers\Entry->entry('1WRZ-B-A')
12 SYSTEMPATH/CodeIgniter.php(507): CodeIgniter\CodeIgniter->runController(Object(App\Controllers\Entry))
13 SYSTEMPATH/CodeIgniter.php(354): CodeIgniter\CodeIgniter->handleRequest(null, Object(Config\Cache), false)
14 SYSTEMPATH/Boot.php(363): CodeIgniter\CodeIgniter->run()
15 SYSTEMPATH/Boot.php(68): CodeIgniter\Boot::runCodeIgniter(Object(CodeIgniter\CodeIgniter))
16 FCPATH/index.php(59): CodeIgniter\Boot::bootWeb(Object(Config\Paths))
17 SYSTEMPATH/rewrite.php(44): require_once('/Users/diego/Documents/GitHub/propedia26/public/index.php')
WARNING - 2026-08-26 22:19:11 --> [DEPRECATED] ord(): Providing a string that is not one byte long is deprecated. Use ord($str[0]) instead in SYSTEMPATH/ThirdParty/Escaper/Escaper.php on line 250.
 1 SYSTEMPATH/ThirdParty/Escaper/Escaper.php(250): ord('Δ')
 2 SYSTEMPATH/ThirdParty/Escaper/Escaper.php(167): Laminas\Escaper\Escaper->htmlAttrMatcher([...])
 3 [internal function]: Laminas\Escaper\Escaper->{closure:Laminas\Escaper\Escaper::__construct():167}([...])
 4 SYSTEMPATH/ThirdParty/Escaper/Escaper.php(200): preg_replace_callback('/[^a-z0-9,\\.\\-_]/iSu', Object(Closure), 'Total Interaction Energy: Solvation energy gain summed over all the interfaces of the structure, in kcal/mol. It is equal to the interface ΔiG when the structure has a single interface.')
 5 SYSTEMPATH/Common.php(448): Laminas\Escaper\Escaper->escapeHtmlAttr('Total Interaction Energy: Solvation energy gain summed over all the interfaces of the structure, in kcal/mol. It is equal to the interface ΔiG when the structure has a single interface.')
 6 APPPATH/Views/entry.php(590): esc('Total Interaction Energy: Solvation energy gain summed over all the interfaces of the structure, in kcal/mol. It is equal to the interface ΔiG when the structure has a single interface.', 'attr')
 7 SYSTEMPATH/View/View.php(226): include('/Users/diego/Documents/GitHub/propedia26/app/Views/entry.php')
 8 SYSTEMPATH/View/View.php(229): CodeIgniter\View\View->{closure:CodeIgniter\View\View::render():223}()
 9 SYSTEMPATH/Common.php(1167): CodeIgniter\View\View->render('entry', [], true)
10 APPPATH/Controllers/Entry.php(57): view('entry', [...])
11 SYSTEMPATH/CodeIgniter.php(933): App\Controllers\Entry->entry('1WRZ-B-A')
12 SYSTEMPATH/CodeIgniter.php(507): CodeIgniter\CodeIgniter->runController(Object(App\Controllers\Entry))
13 SYSTEMPATH/CodeIgniter.php(354): CodeIgniter\CodeIgniter->handleRequest(null, Object(Config\Cache), false)
14 SYSTEMPATH/Boot.php(363): CodeIgniter\CodeIgniter->run()
15 SYSTEMPATH/Boot.php(68): CodeIgniter\Boot::runCodeIgniter(Object(CodeIgniter\CodeIgniter))
16 FCPATH/index.php(59): CodeIgniter\Boot::bootWeb(Object(Config\Paths))
17 SYSTEMPATH/rewrite.php(44): require_once('/Users/diego/Documents/GitHub/propedia26/public/index.php')
WARNING - 2026-08-26 22:19:11 --> [DEPRECATED] ord(): Providing a string that is not one byte long is deprecated. Use ord($str[0]) instead in SYSTEMPATH/ThirdParty/Escaper/Escaper.php on line 250.
 1 SYSTEMPATH/ThirdParty/Escaper/Escaper.php(250): ord('Δ')
 2 SYSTEMPATH/ThirdParty/Escaper/Escaper.php(167): Laminas\Escaper\Escaper->htmlAttrMatcher([...])
 3 [internal function]: Laminas\Escaper\Escaper->{closure:Laminas\Escaper\Escaper::__construct():167}([...])
 4 SYSTEMPATH/ThirdParty/Escaper/Escaper.php(200): preg_replace_callback('/[^a-z0-9,\\.\\-_]/iSu', Object(Closure), 'Dissociation Entropy (TΔS): Entropic cost of the association, in kcal/mol. It always opposes the formation of the complex and is taken into account in the calculation of ΔGdiss.')
 5 SYSTEMPATH/Common.php(448): Laminas\Escaper\Escaper->escapeHtmlAttr('Dissociation Entropy (TΔS): Entropic cost of the association, in kcal/mol. It always opposes the formation of the complex and is taken into account in the calculation of ΔGdiss.')
 6 APPPATH/Views/entry.php(590): esc('Dissociation Entropy (TΔS): Entropic cost of the association, in kcal/mol. It always opposes the formation of the complex and is taken into account in the calculation of ΔGdiss.', 'attr')
 7 SYSTEMPATH/View/View.php(226): include('/Users/diego/Documents/GitHub/propedia26/app/Views/entry.php')
 8 SYSTEMPATH/View/View.php(229): CodeIgniter\View\View->{closure:CodeIgniter\View\View::render():223}()
 9 SYSTEMPATH/Common.php(1167): CodeIgniter\View\View->render('entry', [], true)
10 APPPATH/Controllers/Entry.php(57): view('entry', [...])
11 SYSTEMPATH/CodeIgniter.php(933): App\Controllers\Entry->entry('1WRZ-B-A')
12 SYSTEMPATH/CodeIgniter.php(507): CodeIgniter\CodeIgniter->runController(Object(App\Controllers\Entry))
13 SYSTEMPATH/CodeIgniter.php(354): CodeIgniter\CodeIgniter->handleRequest(null, Object(Config\Cache), false)
14 SYSTEMPATH/Boot.php(363): CodeIgniter\CodeIgniter->run()
15 SYSTEMPATH/Boot.php(68): CodeIgniter\Boot::runCodeIgniter(Object(CodeIgniter\CodeIgniter))
16 FCPATH/index.php(59): CodeIgniter\Boot::bootWeb(Object(Config\Paths))
17 SYSTEMPATH/rewrite.php(44): require_once('/Users/diego/Documents/GitHub/propedia26/public/index.php')
WARNING - 2026-08-26 22:19:11 --> [DEPRECATED] ord(): Providing a string that is not one byte long is deprecated. Use ord($str[0]) instead in SYSTEMPATH/ThirdParty/Escaper/Escaper.php on line 250.
 1 SYSTEMPATH/ThirdParty/Escaper/Escaper.php(250): ord('Δ')
 2 SYSTEMPATH/ThirdParty/Escaper/Escaper.php(167): Laminas\Escaper\Escaper->htmlAttrMatcher([...])
 3 [internal function]: Laminas\Escaper\Escaper->{closure:Laminas\Escaper\Escaper::__construct():167}([...])
 4 SYSTEMPATH/ThirdParty/Escaper/Escaper.php(200): preg_replace_callback('/[^a-z0-9,\\.\\-_]/iSu', Object(Closure), 'Dissociation Entropy (TΔS): Entropic cost of the association, in kcal/mol. It always opposes the formation of the complex and is taken into account in the calculation of ΔGdiss.')
 5 SYSTEMPATH/Common.php(448): Laminas\Escaper\Escaper->escapeHtmlAttr('Dissociation Entropy (TΔS): Entropic cost of the association, in kcal/mol. It always opposes the formation of the complex and is taken into account in the calculation of ΔGdiss.')
 6 APPPATH/Views/entry.php(590): esc('Dissociation Entropy (TΔS): Entropic cost of the association, in kcal/mol. It always opposes the formation of the complex and is taken into account in the calculation of ΔGdiss.', 'attr')
 7 SYSTEMPATH/View/View.php(226): include('/Users/diego/Documents/GitHub/propedia26/app/Views/entry.php')
 8 SYSTEMPATH/View/View.php(229): CodeIgniter\View\View->{closure:CodeIgniter\View\View::render():223}()
 9 SYSTEMPATH/Common.php(1167): CodeIgniter\View\View->render('entry', [], true)
10 APPPATH/Controllers/Entry.php(57): view('entry', [...])
11 SYSTEMPATH/CodeIgniter.php(933): App\Controllers\Entry->entry('1WRZ-B-A')
12 SYSTEMPATH/CodeIgniter.php(507): CodeIgniter\CodeIgniter->runController(Object(App\Controllers\Entry))
13 SYSTEMPATH/CodeIgniter.php(354): CodeIgniter\CodeIgniter->handleRequest(null, Object(Config\Cache), false)
14 SYSTEMPATH/Boot.php(363): CodeIgniter\CodeIgniter->run()
15 SYSTEMPATH/Boot.php(68): CodeIgniter\Boot::runCodeIgniter(Object(CodeIgniter\CodeIgniter))
16 FCPATH/index.php(59): CodeIgniter\Boot::bootWeb(Object(Config\Paths))
17 SYSTEMPATH/rewrite.php(44): require_once('/Users/diego/Documents/GitHub/propedia26/public/index.php')
DEBUG - 2026-08-26 22:19:11 --> Session: Class initialized using 'CodeIgniter\Session\Handlers\FileHandler' driver.
DEBUG - 2026-08-26 22:21:16 --> Session: Class initialized using 'CodeIgniter\Session\Handlers\FileHandler' driver.
DEBUG - 2026-08-26 22:22:57 --> Session: Class initialized using 'CodeIgniter\Session\Handlers\FileHandler' driver.
DEBUG - 2026-08-26 22:23:53 --> Session: Class initialized using 'CodeIgniter\Session\Handlers\FileHandler' driver.
DEBUG - 2026-08-26 22:24:01 --> Session: Class initialized using 'CodeIgniter\Session\Handlers\FileHandler' driver.
DEBUG - 2026-08-26 22:24:04 --> Session: Class initialized using 'CodeIgniter\Session\Handlers\FileHandler' driver.
DEBUG - 2026-08-26 22:24:06 --> Session: Class initialized using 'CodeIgniter\Session\Handlers\FileHandler' driver.
DEBUG - 2026-08-26 22:24:09 --> Session: Class initialized using 'CodeIgniter\Session\Handlers\FileHandler' driver.
DEBUG - 2026-08-26 22:24:11 --> Session: Class initialized using 'CodeIgniter\Session\Handlers\FileHandler' driver.
DEBUG - 2026-08-26 22:24:28 --> Session: Class initialized using 'CodeIgniter\Session\Handlers\FileHandler' driver.
DEBUG - 2026-08-26 22:24:44 --> Session: Class initialized using 'CodeIgniter\Session\Handlers\FileHandler' driver.
