DEBUG - 2026-08-30 08:51:33 --> Session: Class initialized using 'CodeIgniter\Session\Handlers\FileHandler' driver.
DEBUG - 2026-08-30 08:51:41 --> Session: Class initialized using 'CodeIgniter\Session\Handlers\FileHandler' driver.
DEBUG - 2026-08-30 08:51:48 --> Session: Class initialized using 'CodeIgniter\Session\Handlers\FileHandler' driver.
DEBUG - 2026-08-30 08:52:47 --> Session: Class initialized using 'CodeIgniter\Session\Handlers\FileHandler' driver.
DEBUG - 2026-08-30 08:53:02 --> Session: Class initialized using 'CodeIgniter\Session\Handlers\FileHandler' driver.
DEBUG - 2026-08-30 08:53:19 --> Session: Class initialized using 'CodeIgniter\Session\Handlers\FileHandler' driver.
DEBUG - 2026-08-30 08:53:34 --> Session: Class initialized using 'CodeIgniter\Session\Handlers\FileHandler' driver.
DEBUG - 2026-08-30 08:54:00 --> Session: Class initialized using 'CodeIgniter\Session\Handlers\FileHandler' driver.
DEBUG - 2026-08-30 08:54:36 --> Session: Class initialized using 'CodeIgniter\Session\Handlers\FileHandler' driver.
DEBUG - 2026-08-30 08:55:56 --> Session: Class initialized using 'CodeIgniter\Session\Handlers\FileHandler' driver.
WARNING - 2026-08-30 08:56:03 --> [DEPRECATED] fgetcsv(): the $escape parameter must be provided as its default value will change in APPPATH/Controllers/Entry.php on line 37.
 1 APPPATH/Controllers/Entry.php(37): fgetcsv(resource (stream), 0, ';')
 2 SYSTEMPATH/CodeIgniter.php(933): App\Controllers\Entry->entry('1WRZ-B-A')
 3 SYSTEMPATH/CodeIgniter.php(507): CodeIgniter\CodeIgniter->runController(Object(App\Controllers\Entry))
 4 SYSTEMPATH/CodeIgniter.php(354): CodeIgniter\CodeIgniter->handleRequest(null, Object(Config\Cache), false)
 5 SYSTEMPATH/Boot.php(363): CodeIgniter\CodeIgniter->run()
 6 SYSTEMPATH/Boot.php(68): CodeIgniter\Boot::runCodeIgniter(Object(CodeIgniter\CodeIgniter))
 7 FCPATH/index.php(59): CodeIgniter\Boot::bootWeb(Object(Config\Paths))
 8 SYSTEMPATH/rewrite.php(44): require_once('/Users/diego/Documents/GitHub/propedia26/public/index.php')
WARNING - 2026-08-30 08:56:03 --> [DEPRECATED] ord(): Providing a string that is not one byte long is deprecated. Use ord($str[0]) instead in SYSTEMPATH/ThirdParty/Escaper/Escaper.php on line 250.
 1 SYSTEMPATH/ThirdParty/Escaper/Escaper.php(250): ord('Å')
 2 SYSTEMPATH/ThirdParty/Escaper/Escaper.php(167): Laminas\Escaper\Escaper->htmlAttrMatcher([...])
 3 [internal function]: Laminas\Escaper\Escaper->{closure:Laminas\Escaper\Escaper::__construct():167}([...])
 4 SYSTEMPATH/ThirdParty/Escaper/Escaper.php(200): preg_replace_callback('/[^a-z0-9,\\.\\-_]/iSu', Object(Closure), 'Interface Area: Area of one face of the protein-peptide interface, given in Å². It corresponds to the BSA calculated with NACCESS, reported in the Surface section above.')
 5 SYSTEMPATH/Common.php(448): Laminas\Escaper\Escaper->escapeHtmlAttr('Interface Area: Area of one face of the protein-peptide interface, given in Å². It corresponds to the BSA calculated with NACCESS, reported in the Surface section above.')
 6 APPPATH/Views/entry.php(617): esc('Interface Area: Area of one face of the protein-peptide interface, given in Å². It corresponds to the BSA calculated with NACCESS, reported in the Surface section above.', 'attr')
 7 SYSTEMPATH/View/View.php(226): include('/Users/diego/Documents/GitHub/propedia26/app/Views/entry.php')
 8 SYSTEMPATH/View/View.php(229): CodeIgniter\View\View->{closure:CodeIgniter\View\View::render():223}()
 9 SYSTEMPATH/Common.php(1167): CodeIgniter\View\View->render('entry', [], true)
10 APPPATH/Controllers/Entry.php(58): view('entry', [...])
11 SYSTEMPATH/CodeIgniter.php(933): App\Controllers\Entry->entry('1WRZ-B-A')
12 SYSTEMPATH/CodeIgniter.php(507): CodeIgniter\CodeIgniter->runController(Object(App\Controllers\Entry))
13 SYSTEMPATH/CodeIgniter.php(354): CodeIgniter\CodeIgniter->handleRequest(null, Object(Config\Cache), false)
14 SYSTEMPATH/Boot.php(363): CodeIgniter\CodeIgniter->run()
15 SYSTEMPATH/Boot.php(68): CodeIgniter\Boot::runCodeIgniter(Object(CodeIgniter\CodeIgniter))
16 FCPATH/index.php(59): CodeIgniter\Boot::bootWeb(Object(Config\Paths))
17 SYSTEMPATH/rewrite.php(44): require_once('/Users/diego/Documents/GitHub/propedia26/public/index.php')
WARNING - 2026-08-30 08:56:03 --> [DEPRECATED] ord(): Providing a string that is not one byte long is deprecated. Use ord($str[0]) instead in SYSTEMPATH/ThirdParty/Escaper/Escaper.php on line 250.
 1 SYSTEMPATH/ThirdParty/Escaper/Escaper.php(250): ord('²')
 2 SYSTEMPATH/ThirdParty/Escaper/Escaper.php(167): Laminas\Escaper\Escaper->htmlAttrMatcher([...])
 3 [internal function]: Laminas\Escaper\Escaper->{closure:Laminas\Escaper\Escaper::__construct():167}([...])
 4 SYSTEMPATH/ThirdParty/Escaper/Escaper.php(200): preg_replace_callback('/[^a-z0-9,\\.\\-_]/iSu', Object(Closure), 'Interface Area: Area of one face of the protein-peptide interface, given in Å². It corresponds to the BSA calculated with NACCESS, reported in the Surface section above.')
 5 SYSTEMPATH/Common.php(448): Laminas\Escaper\Escaper->escapeHtmlAttr('Interface Area: Area of one face of the protein-peptide interface, given in Å². It corresponds to the BSA calculated with NACCESS, reported in the Surface section above.')
 6 APPPATH/Views/entry.php(617): esc('Interface Area: Area of one face of the protein-peptide interface, given in Å². It corresponds to the BSA calculated with NACCESS, reported in the Surface section above.', 'attr')
 7 SYSTEMPATH/View/View.php(226): include('/Users/diego/Documents/GitHub/propedia26/app/Views/entry.php')
 8 SYSTEMPATH/View/View.php(229): CodeIgniter\View\View->{closure:CodeIgniter\View\View::render():223}()
 9 SYSTEMPATH/Common.php(1167): CodeIgniter\View\View->render('entry', [], true)
10 APPPATH/Controllers/Entry.php(58): view('entry', [...])
11 SYSTEMPATH/CodeIgniter.php(933): App\Controllers\Entry->entry('1WRZ-B-A')
12 SYSTEMPATH/CodeIgniter.php(507): CodeIgniter\CodeIgniter->runController(Object(App\Controllers\Entry))
13 SYSTEMPATH/CodeIgniter.php(354): CodeIgniter\CodeIgniter->handleRequest(null, Object(Config\Cache), false)
14 SYSTEMPATH/Boot.php(363): CodeIgniter\CodeIgniter->run()
15 SYSTEMPATH/Boot.php(68): CodeIgniter\Boot::runCodeIgniter(Object(CodeIgniter\CodeIgniter))
16 FCPATH/index.php(59): CodeIgniter\Boot::bootWeb(Object(Config\Paths))
17 SYSTEMPATH/rewrite.php(44): require_once('/Users/diego/Documents/GitHub/propedia26/public/index.php')
WARNING - 2026-08-30 08:56:03 --> [DEPRECATED] ord(): Providing a string that is not one byte long is deprecated. Use ord($str[0]) instead in SYSTEMPATH/ThirdParty/Escaper/Escaper.php on line 250.
 1 SYSTEMPATH/ThirdParty/Escaper/Escaper.php(250): ord('Å')
 2 SYSTEMPATH/ThirdParty/Escaper/Escaper.php(167): Laminas\Escaper\Escaper->htmlAttrMatcher([...])
 3 [internal function]: Laminas\Escaper\Escaper->{closure:Laminas\Escaper\Escaper::__construct():167}([...])
 4 SYSTEMPATH/ThirdParty/Escaper/Escaper.php(200): preg_replace_callback('/[^a-z0-9,\\.\\-_]/iSu', Object(Closure), 'Buried Area (peptide): Peptide surface area that becomes buried upon formation of the interface (value given in Å²).')
 5 SYSTEMPATH/Common.php(448): Laminas\Escaper\Escaper->escapeHtmlAttr('Buried Area (peptide): Peptide surface area that becomes buried upon formation of the interface (value given in Å²).')
 6 APPPATH/Views/entry.php(617): esc('Buried Area (peptide): Peptide surface area that becomes buried upon formation of the interface (value given in Å²).', 'attr')
 7 SYSTEMPATH/View/View.php(226): include('/Users/diego/Documents/GitHub/propedia26/app/Views/entry.php')
 8 SYSTEMPATH/View/View.php(229): CodeIgniter\View\View->{closure:CodeIgniter\View\View::render():223}()
 9 SYSTEMPATH/Common.php(1167): CodeIgniter\View\View->render('entry', [], true)
10 APPPATH/Controllers/Entry.php(58): view('entry', [...])
11 SYSTEMPATH/CodeIgniter.php(933): App\Controllers\Entry->entry('1WRZ-B-A')
12 SYSTEMPATH/CodeIgniter.php(507): CodeIgniter\CodeIgniter->runController(Object(App\Controllers\Entry))
13 SYSTEMPATH/CodeIgniter.php(354): CodeIgniter\CodeIgniter->handleRequest(null, Object(Config\Cache), false)
14 SYSTEMPATH/Boot.php(363): CodeIgniter\CodeIgniter->run()
15 SYSTEMPATH/Boot.php(68): CodeIgniter\Boot::runCodeIgniter(Object(CodeIgniter\CodeIgniter))
16 FCPATH/index.php(59): CodeIgniter\Boot::bootWeb(Object(Config\Paths))
17 SYSTEMPATH/rewrite.php(44): require_once('/Users/diego/Documents/GitHub/propedia26/public/index.php')
WARNING - 2026-08-30 08:56:03 --> [DEPRECATED] ord(): Providing a string that is not one byte long is deprecated. Use ord($str[0]) instead in SYSTEMPATH/ThirdParty/Escaper/Escaper.php on line 250.
 1 SYSTEMPATH/ThirdParty/Escaper/Escaper.php(250): ord('²')
 2 SYSTEMPATH/ThirdParty/Escaper/Escaper.php(167): Laminas\Escaper\Escaper->htmlAttrMatcher([...])
 3 [internal function]: Laminas\Escaper\Escaper->{closure:Laminas\Escaper\Escaper::__construct():167}([...])
 4 SYSTEMPATH/ThirdParty/Escaper/Escaper.php(200): preg_replace_callback('/[^a-z0-9,\\.\\-_]/iSu', Object(Closure), 'Buried Area (peptide): Peptide surface area that becomes buried upon formation of the interface (value given in Å²).')
 5 SYSTEMPATH/Common.php(448): Laminas\Escaper\Escaper->escapeHtmlAttr('Buried Area (peptide): Peptide surface area that becomes buried upon formation of the interface (value given in Å²).')
 6 APPPATH/Views/entry.php(617): esc('Buried Area (peptide): Peptide surface area that becomes buried upon formation of the interface (value given in Å²).', 'attr')
 7 SYSTEMPATH/View/View.php(226): include('/Users/diego/Documents/GitHub/propedia26/app/Views/entry.php')
 8 SYSTEMPATH/View/View.php(229): CodeIgniter\View\View->{closure:CodeIgniter\View\View::render():223}()
 9 SYSTEMPATH/Common.php(1167): CodeIgniter\View\View->render('entry', [], true)
10 APPPATH/Controllers/Entry.php(58): view('entry', [...])
11 SYSTEMPATH/CodeIgniter.php(933): App\Controllers\Entry->entry('1WRZ-B-A')
12 SYSTEMPATH/CodeIgniter.php(507): CodeIgniter\CodeIgniter->runController(Object(App\Controllers\Entry))
13 SYSTEMPATH/CodeIgniter.php(354): CodeIgniter\CodeIgniter->handleRequest(null, Object(Config\Cache), false)
14 SYSTEMPATH/Boot.php(363): CodeIgniter\CodeIgniter->run()
15 SYSTEMPATH/Boot.php(68): CodeIgniter\Boot::runCodeIgniter(Object(CodeIgniter\CodeIgniter))
16 FCPATH/index.php(59): CodeIgniter\Boot::bootWeb(Object(Config\Paths))
17 SYSTEMPATH/rewrite.php(44): require_once('/Users/diego/Documents/GitHub/propedia26/public/index.php')
WARNING - 2026-08-30 08:56:03 --> [DEPRECATED] ord(): Providing a string that is not one byte long is deprecated. Use ord($str[0]) instead in SYSTEMPATH/ThirdParty/Escaper/Escaper.php on line 250.
 1 SYSTEMPATH/ThirdParty/Escaper/Escaper.php(250): ord('Å')
 2 SYSTEMPATH/ThirdParty/Escaper/Escaper.php(167): Laminas\Escaper\Escaper->htmlAttrMatcher([...])
 3 [internal function]: Laminas\Escaper\Escaper->{closure:Laminas\Escaper\Escaper::__construct():167}([...])
 4 SYSTEMPATH/ThirdParty/Escaper/Escaper.php(200): preg_replace_callback('/[^a-z0-9,\\.\\-_]/iSu', Object(Closure), 'Buried Area (protein): Protein surface area that becomes buried upon formation of the interface (value given in Å²).')
 5 SYSTEMPATH/Common.php(448): Laminas\Escaper\Escaper->escapeHtmlAttr('Buried Area (protein): Protein surface area that becomes buried upon formation of the interface (value given in Å²).')
 6 APPPATH/Views/entry.php(617): esc('Buried Area (protein): Protein surface area that becomes buried upon formation of the interface (value given in Å²).', 'attr')
 7 SYSTEMPATH/View/View.php(226): include('/Users/diego/Documents/GitHub/propedia26/app/Views/entry.php')
 8 SYSTEMPATH/View/View.php(229): CodeIgniter\View\View->{closure:CodeIgniter\View\View::render():223}()
 9 SYSTEMPATH/Common.php(1167): CodeIgniter\View\View->render('entry', [], true)
10 APPPATH/Controllers/Entry.php(58): view('entry', [...])
11 SYSTEMPATH/CodeIgniter.php(933): App\Controllers\Entry->entry('1WRZ-B-A')
12 SYSTEMPATH/CodeIgniter.php(507): CodeIgniter\CodeIgniter->runController(Object(App\Controllers\Entry))
13 SYSTEMPATH/CodeIgniter.php(354): CodeIgniter\CodeIgniter->handleRequest(null, Object(Config\Cache), false)
14 SYSTEMPATH/Boot.php(363): CodeIgniter\CodeIgniter->run()
15 SYSTEMPATH/Boot.php(68): CodeIgniter\Boot::runCodeIgniter(Object(CodeIgniter\CodeIgniter))
16 FCPATH/index.php(59): CodeIgniter\Boot::bootWeb(Object(Config\Paths))
17 SYSTEMPATH/rewrite.php(44): require_once('/Users/diego/Documents/GitHub/propedia26/public/index.php')
WARNING - 2026-08-30 08:56:03 --> [DEPRECATED] ord(): Providing a string that is not one byte long is deprecated. Use ord($str[0]) instead in SYSTEMPATH/ThirdParty/Escaper/Escaper.php on line 250.
 1 SYSTEMPATH/ThirdParty/Escaper/Escaper.php(250): ord('²')
 2 SYSTEMPATH/ThirdParty/Escaper/Escaper.php(167): Laminas\Escaper\Escaper->htmlAttrMatcher([...])
 3 [internal function]: Laminas\Escaper\Escaper->{closure:Laminas\Escaper\Escaper::__construct():167}([...])
 4 SYSTEMPATH/ThirdParty/Escaper/Escaper.php(200): preg_replace_callback('/[^a-z0-9,\\.\\-_]/iSu', Object(Closure), 'Buried Area (protein): Protein surface area that becomes buried upon formation of the interface (value given in Å²).')
 5 SYSTEMPATH/Common.php(448): Laminas\Escaper\Escaper->escapeHtmlAttr('Buried Area (protein): Protein surface area that becomes buried upon formation of the interface (value given in Å²).')
 6 APPPATH/Views/entry.php(617): esc('Buried Area (protein): Protein surface area that becomes buried upon formation of the interface (value given in Å²).', 'attr')
 7 SYSTEMPATH/View/View.php(226): include('/Users/diego/Documents/GitHub/propedia26/app/Views/entry.php')
 8 SYSTEMPATH/View/View.php(229): CodeIgniter\View\View->{closure:CodeIgniter\View\View::render():223}()
 9 SYSTEMPATH/Common.php(1167): CodeIgniter\View\View->render('entry', [], true)
10 APPPATH/Controllers/Entry.php(58): view('entry', [...])
11 SYSTEMPATH/CodeIgniter.php(933): App\Controllers\Entry->entry('1WRZ-B-A')
12 SYSTEMPATH/CodeIgniter.php(507): CodeIgniter\CodeIgniter->runController(Object(App\Controllers\Entry))
13 SYSTEMPATH/CodeIgniter.php(354): CodeIgniter\CodeIgniter->handleRequest(null, Object(Config\Cache), false)
14 SYSTEMPATH/Boot.php(363): CodeIgniter\CodeIgniter->run()
15 SYSTEMPATH/Boot.php(68): CodeIgniter\Boot::runCodeIgniter(Object(CodeIgniter\CodeIgniter))
16 FCPATH/index.php(59): CodeIgniter\Boot::bootWeb(Object(Config\Paths))
17 SYSTEMPATH/rewrite.php(44): require_once('/Users/diego/Documents/GitHub/propedia26/public/index.php')
WARNING - 2026-08-30 08:56:03 --> [DEPRECATED] ord(): Providing a string that is not one byte long is deprecated. Use ord($str[0]) instead in SYSTEMPATH/ThirdParty/Escaper/Escaper.php on line 250.
 1 SYSTEMPATH/ThirdParty/Escaper/Escaper.php(250): ord('Å')
 2 SYSTEMPATH/ThirdParty/Escaper/Escaper.php(167): Laminas\Escaper\Escaper->htmlAttrMatcher([...])
 3 [internal function]: Laminas\Escaper\Escaper->{closure:Laminas\Escaper\Escaper::__construct():167}([...])
 4 SYSTEMPATH/ThirdParty/Escaper/Escaper.php(200): preg_replace_callback('/[^a-z0-9,\\.\\-_]/iSu', Object(Closure), 'Total Buried Area: Total surface area buried by the association, counting both faces of the interface, in Å². It is therefore about twice the BSA reported by NACCESS, which counts a single face.')
 5 SYSTEMPATH/Common.php(448): Laminas\Escaper\Escaper->escapeHtmlAttr('Total Buried Area: Total surface area buried by the association, counting both faces of the interface, in Å². It is therefore about twice the BSA reported by NACCESS, which counts a single face.')
 6 APPPATH/Views/entry.php(617): esc('Total Buried Area: Total surface area buried by the association, counting both faces of the interface, in Å². It is therefore about twice the BSA reported by NACCESS, which counts a single face.', 'attr')
 7 SYSTEMPATH/View/View.php(226): include('/Users/diego/Documents/GitHub/propedia26/app/Views/entry.php')
 8 SYSTEMPATH/View/View.php(229): CodeIgniter\View\View->{closure:CodeIgniter\View\View::render():223}()
 9 SYSTEMPATH/Common.php(1167): CodeIgniter\View\View->render('entry', [], true)
10 APPPATH/Controllers/Entry.php(58): view('entry', [...])
11 SYSTEMPATH/CodeIgniter.php(933): App\Controllers\Entry->entry('1WRZ-B-A')
12 SYSTEMPATH/CodeIgniter.php(507): CodeIgniter\CodeIgniter->runController(Object(App\Controllers\Entry))
13 SYSTEMPATH/CodeIgniter.php(354): CodeIgniter\CodeIgniter->handleRequest(null, Object(Config\Cache), false)
14 SYSTEMPATH/Boot.php(363): CodeIgniter\CodeIgniter->run()
15 SYSTEMPATH/Boot.php(68): CodeIgniter\Boot::runCodeIgniter(Object(CodeIgniter\CodeIgniter))
16 FCPATH/index.php(59): CodeIgniter\Boot::bootWeb(Object(Config\Paths))
17 SYSTEMPATH/rewrite.php(44): require_once('/Users/diego/Documents/GitHub/propedia26/public/index.php')
WARNING - 2026-08-30 08:56:03 --> [DEPRECATED] ord(): Providing a string that is not one byte long is deprecated. Use ord($str[0]) instead in SYSTEMPATH/ThirdParty/Escaper/Escaper.php on line 250.
 1 SYSTEMPATH/ThirdParty/Escaper/Escaper.php(250): ord('²')
 2 SYSTEMPATH/ThirdParty/Escaper/Escaper.php(167): Laminas\Escaper\Escaper->htmlAttrMatcher([...])
 3 [internal function]: Laminas\Escaper\Escaper->{closure:Laminas\Escaper\Escaper::__construct():167}([...])
 4 SYSTEMPATH/ThirdParty/Escaper/Escaper.php(200): preg_replace_callback('/[^a-z0-9,\\.\\-_]/iSu', Object(Closure), 'Total Buried Area: Total surface area buried by the association, counting both faces of the interface, in Å². It is therefore about twice the BSA reported by NACCESS, which counts a single face.')
 5 SYSTEMPATH/Common.php(448): Laminas\Escaper\Escaper->escapeHtmlAttr('Total Buried Area: Total surface area buried by the association, counting both faces of the interface, in Å². It is therefore about twice the BSA reported by NACCESS, which counts a single face.')
 6 APPPATH/Views/entry.php(617): esc('Total Buried Area: Total surface area buried by the association, counting both faces of the interface, in Å². It is therefore about twice the BSA reported by NACCESS, which counts a single face.', 'attr')
 7 SYSTEMPATH/View/View.php(226): include('/Users/diego/Documents/GitHub/propedia26/app/Views/entry.php')
 8 SYSTEMPATH/View/View.php(229): CodeIgniter\View\View->{closure:CodeIgniter\View\View::render():223}()
 9 SYSTEMPATH/Common.php(1167): CodeIgniter\View\View->render('entry', [], true)
10 APPPATH/Controllers/Entry.php(58): view('entry', [...])
11 SYSTEMPATH/CodeIgniter.php(933): App\Controllers\Entry->entry('1WRZ-B-A')
12 SYSTEMPATH/CodeIgniter.php(507): CodeIgniter\CodeIgniter->runController(Object(App\Controllers\Entry))
13 SYSTEMPATH/CodeIgniter.php(354): CodeIgniter\CodeIgniter->handleRequest(null, Object(Config\Cache), false)
14 SYSTEMPATH/Boot.php(363): CodeIgniter\CodeIgniter->run()
15 SYSTEMPATH/Boot.php(68): CodeIgniter\Boot::runCodeIgniter(Object(CodeIgniter\CodeIgniter))
16 FCPATH/index.php(59): CodeIgniter\Boot::bootWeb(Object(Config\Paths))
17 SYSTEMPATH/rewrite.php(44): require_once('/Users/diego/Documents/GitHub/propedia26/public/index.php')
WARNING - 2026-08-30 08:56:03 --> [DEPRECATED] ord(): Providing a string that is not one byte long is deprecated. Use ord($str[0]) instead in SYSTEMPATH/ThirdParty/Escaper/Escaper.php on line 250.
 1 SYSTEMPATH/ThirdParty/Escaper/Escaper.php(250): ord('Å')
 2 SYSTEMPATH/ThirdParty/Escaper/Escaper.php(167): Laminas\Escaper\Escaper->htmlAttrMatcher([...])
 3 [internal function]: Laminas\Escaper\Escaper->{closure:Laminas\Escaper\Escaper::__construct():167}([...])
 4 SYSTEMPATH/ThirdParty/Escaper/Escaper.php(200): preg_replace_callback('/[^a-z0-9,\\.\\-_]/iSu', Object(Closure), 'Complex ASA: Accessible surface area of the complex, given in Å². It corresponds to the ASA (complex) calculated with NACCESS, reported in the Surface section above.')
 5 SYSTEMPATH/Common.php(448): Laminas\Escaper\Escaper->escapeHtmlAttr('Complex ASA: Accessible surface area of the complex, given in Å². It corresponds to the ASA (complex) calculated with NACCESS, reported in the Surface section above.')
 6 APPPATH/Views/entry.php(617): esc('Complex ASA: Accessible surface area of the complex, given in Å². It corresponds to the ASA (complex) calculated with NACCESS, reported in the Surface section above.', 'attr')
 7 SYSTEMPATH/View/View.php(226): include('/Users/diego/Documents/GitHub/propedia26/app/Views/entry.php')
 8 SYSTEMPATH/View/View.php(229): CodeIgniter\View\View->{closure:CodeIgniter\View\View::render():223}()
 9 SYSTEMPATH/Common.php(1167): CodeIgniter\View\View->render('entry', [], true)
10 APPPATH/Controllers/Entry.php(58): view('entry', [...])
11 SYSTEMPATH/CodeIgniter.php(933): App\Controllers\Entry->entry('1WRZ-B-A')
12 SYSTEMPATH/CodeIgniter.php(507): CodeIgniter\CodeIgniter->runController(Object(App\Controllers\Entry))
13 SYSTEMPATH/CodeIgniter.php(354): CodeIgniter\CodeIgniter->handleRequest(null, Object(Config\Cache), false)
14 SYSTEMPATH/Boot.php(363): CodeIgniter\CodeIgniter->run()
15 SYSTEMPATH/Boot.php(68): CodeIgniter\Boot::runCodeIgniter(Object(CodeIgniter\CodeIgniter))
16 FCPATH/index.php(59): CodeIgniter\Boot::bootWeb(Object(Config\Paths))
17 SYSTEMPATH/rewrite.php(44): require_once('/Users/diego/Documents/GitHub/propedia26/public/index.php')
WARNING - 2026-08-30 08:56:03 --> [DEPRECATED] ord(): Providing a string that is not one byte long is deprecated. Use ord($str[0]) instead in SYSTEMPATH/ThirdParty/Escaper/Escaper.php on line 250.
 1 SYSTEMPATH/ThirdParty/Escaper/Escaper.php(250): ord('²')
 2 SYSTEMPATH/ThirdParty/Escaper/Escaper.php(167): Laminas\Escaper\Escaper->htmlAttrMatcher([...])
 3 [internal function]: Laminas\Escaper\Escaper->{closure:Laminas\Escaper\Escaper::__construct():167}([...])
 4 SYSTEMPATH/ThirdParty/Escaper/Escaper.php(200): preg_replace_callback('/[^a-z0-9,\\.\\-_]/iSu', Object(Closure), 'Complex ASA: Accessible surface area of the complex, given in Å². It corresponds to the ASA (complex) calculated with NACCESS, reported in the Surface section above.')
 5 SYSTEMPATH/Common.php(448): Laminas\Escaper\Escaper->escapeHtmlAttr('Complex ASA: Accessible surface area of the complex, given in Å². It corresponds to the ASA (complex) calculated with NACCESS, reported in the Surface section above.')
 6 APPPATH/Views/entry.php(617): esc('Complex ASA: Accessible surface area of the complex, given in Å². It corresponds to the ASA (complex) calculated with NACCESS, reported in the Surface section above.', 'attr')
 7 SYSTEMPATH/View/View.php(226): include('/Users/diego/Documents/GitHub/propedia26/app/Views/entry.php')
 8 SYSTEMPATH/View/View.php(229): CodeIgniter\View\View->{closure:CodeIgniter\View\View::render():223}()
 9 SYSTEMPATH/Common.php(1167): CodeIgniter\View\View->render('entry', [], true)
10 APPPATH/Controllers/Entry.php(58): view('entry', [...])
11 SYSTEMPATH/CodeIgniter.php(933): App\Controllers\Entry->entry('1WRZ-B-A')
12 SYSTEMPATH/CodeIgniter.php(507): CodeIgniter\CodeIgniter->runController(Object(App\Controllers\Entry))
13 SYSTEMPATH/CodeIgniter.php(354): CodeIgniter\CodeIgniter->handleRequest(null, Object(Config\Cache), false)
14 SYSTEMPATH/Boot.php(363): CodeIgniter\CodeIgniter->run()
15 SYSTEMPATH/Boot.php(68): CodeIgniter\Boot::runCodeIgniter(Object(CodeIgniter\CodeIgniter))
16 FCPATH/index.php(59): CodeIgniter\Boot::bootWeb(Object(Config\Paths))
17 SYSTEMPATH/rewrite.php(44): require_once('/Users/diego/Documents/GitHub/propedia26/public/index.php')
WARNING - 2026-08-30 08:56:03 --> [DEPRECATED] ord(): Providing a string that is not one byte long is deprecated. Use ord($str[0]) instead in SYSTEMPATH/ThirdParty/Escaper/Escaper.php on line 250.
 1 SYSTEMPATH/ThirdParty/Escaper/Escaper.php(250): ord('Å')
 2 SYSTEMPATH/ThirdParty/Escaper/Escaper.php(167): Laminas\Escaper\Escaper->htmlAttrMatcher([...])
 3 [internal function]: Laminas\Escaper\Escaper->{closure:Laminas\Escaper\Escaper::__construct():167}([...])
 4 SYSTEMPATH/ThirdParty/Escaper/Escaper.php(200): preg_replace_callback('/[^a-z0-9,\\.\\-_]/iSu', Object(Closure), 'Dissociation Area: Interface area that is broken when the complex dissociates, given in Å². It usually coincides with the interface area.')
 5 SYSTEMPATH/Common.php(448): Laminas\Escaper\Escaper->escapeHtmlAttr('Dissociation Area: Interface area that is broken when the complex dissociates, given in Å². It usually coincides with the interface area.')
 6 APPPATH/Views/entry.php(617): esc('Dissociation Area: Interface area that is broken when the complex dissociates, given in Å². It usually coincides with the interface area.', 'attr')
 7 SYSTEMPATH/View/View.php(226): include('/Users/diego/Documents/GitHub/propedia26/app/Views/entry.php')
 8 SYSTEMPATH/View/View.php(229): CodeIgniter\View\View->{closure:CodeIgniter\View\View::render():223}()
 9 SYSTEMPATH/Common.php(1167): CodeIgniter\View\View->render('entry', [], true)
10 APPPATH/Controllers/Entry.php(58): view('entry', [...])
11 SYSTEMPATH/CodeIgniter.php(933): App\Controllers\Entry->entry('1WRZ-B-A')
12 SYSTEMPATH/CodeIgniter.php(507): CodeIgniter\CodeIgniter->runController(Object(App\Controllers\Entry))
13 SYSTEMPATH/CodeIgniter.php(354): CodeIgniter\CodeIgniter->handleRequest(null, Object(Config\Cache), false)
14 SYSTEMPATH/Boot.php(363): CodeIgniter\CodeIgniter->run()
15 SYSTEMPATH/Boot.php(68): CodeIgniter\Boot::runCodeIgniter(Object(CodeIgniter\CodeIgniter))
16 FCPATH/index.php(59): CodeIgniter\Boot::bootWeb(Object(Config\Paths))
17 SYSTEMPATH/rewrite.php(44): require_once('/Users/diego/Documents/GitHub/propedia26/public/index.php')
WARNING - 2026-08-30 08:56:03 --> [DEPRECATED] ord(): Providing a string that is not one byte long is deprecated. Use ord($str[0]) instead in SYSTEMPATH/ThirdParty/Escaper/Escaper.php on line 250.
 1 SYSTEMPATH/ThirdParty/Escaper/Escaper.php(250): ord('²')
 2 SYSTEMPATH/ThirdParty/Escaper/Escaper.php(167): Laminas\Escaper\Escaper->htmlAttrMatcher([...])
 3 [internal function]: Laminas\Escaper\Escaper->{closure:Laminas\Escaper\Escaper::__construct():167}([...])
 4 SYSTEMPATH/ThirdParty/Escaper/Escaper.php(200): preg_replace_callback('/[^a-z0-9,\\.\\-_]/iSu', Object(Closure), 'Dissociation Area: Interface area that is broken when the complex dissociates, given in Å². It usually coincides with the interface area.')
 5 SYSTEMPATH/Common.php(448): Laminas\Escaper\Escaper->escapeHtmlAttr('Dissociation Area: Interface area that is broken when the complex dissociates, given in Å². It usually coincides with the interface area.')
 6 APPPATH/Views/entry.php(617): esc('Dissociation Area: Interface area that is broken when the complex dissociates, given in Å². It usually coincides with the interface area.', 'attr')
 7 SYSTEMPATH/View/View.php(226): include('/Users/diego/Documents/GitHub/propedia26/app/Views/entry.php')
 8 SYSTEMPATH/View/View.php(229): CodeIgniter\View\View->{closure:CodeIgniter\View\View::render():223}()
 9 SYSTEMPATH/Common.php(1167): CodeIgniter\View\View->render('entry', [], true)
10 APPPATH/Controllers/Entry.php(58): view('entry', [...])
11 SYSTEMPATH/CodeIgniter.php(933): App\Controllers\Entry->entry('1WRZ-B-A')
12 SYSTEMPATH/CodeIgniter.php(507): CodeIgniter\CodeIgniter->runController(Object(App\Controllers\Entry))
13 SYSTEMPATH/CodeIgniter.php(354): CodeIgniter\CodeIgniter->handleRequest(null, Object(Config\Cache), false)
14 SYSTEMPATH/Boot.php(363): CodeIgniter\CodeIgniter->run()
15 SYSTEMPATH/Boot.php(68): CodeIgniter\Boot::runCodeIgniter(Object(CodeIgniter\CodeIgniter))
16 FCPATH/index.php(59): CodeIgniter\Boot::bootWeb(Object(Config\Paths))
17 SYSTEMPATH/rewrite.php(44): require_once('/Users/diego/Documents/GitHub/propedia26/public/index.php')
WARNING - 2026-08-30 08:56:03 --> [DEPRECATED] ord(): Providing a string that is not one byte long is deprecated. Use ord($str[0]) instead in SYSTEMPATH/ThirdParty/Escaper/Escaper.php on line 250.
 1 SYSTEMPATH/ThirdParty/Escaper/Escaper.php(250): ord('Δ')
 2 SYSTEMPATH/ThirdParty/Escaper/Escaper.php(167): Laminas\Escaper\Escaper->htmlAttrMatcher([...])
 3 [internal function]: Laminas\Escaper\Escaper->{closure:Laminas\Escaper\Escaper::__construct():167}([...])
 4 SYSTEMPATH/ThirdParty/Escaper/Escaper.php(200): preg_replace_callback('/[^a-z0-9,\\.\\-_]/iSu', Object(Closure), 'Dissociation Free Energy (ΔGdiss): Free energy required to dissociate the complex, in kcal/mol. Positive values indicate a thermodynamically stable complex. It is the PISA counterpart of the binding affinity predicted by PRODIGY, reported in the Interaction energy section above with the opposite sign.')
 5 SYSTEMPATH/Common.php(448): Laminas\Escaper\Escaper->escapeHtmlAttr('Dissociation Free Energy (ΔGdiss): Free energy required to dissociate the complex, in kcal/mol. Positive values indicate a thermodynamically stable complex. It is the PISA counterpart of the binding affinity predicted by PRODIGY, reported in the Interaction energy section above with the opposite sign.')
 6 APPPATH/Views/entry.php(617): esc('Dissociation Free Energy (ΔGdiss): Free energy required to dissociate the complex, in kcal/mol. Positive values indicate a thermodynamically stable complex. It is the PISA counterpart of the binding affinity predicted by PRODIGY, reported in the Interaction energy section above with the opposite sign.', 'attr')
 7 SYSTEMPATH/View/View.php(226): include('/Users/diego/Documents/GitHub/propedia26/app/Views/entry.php')
 8 SYSTEMPATH/View/View.php(229): CodeIgniter\View\View->{closure:CodeIgniter\View\View::render():223}()
 9 SYSTEMPATH/Common.php(1167): CodeIgniter\View\View->render('entry', [], true)
10 APPPATH/Controllers/Entry.php(58): view('entry', [...])
11 SYSTEMPATH/CodeIgniter.php(933): App\Controllers\Entry->entry('1WRZ-B-A')
12 SYSTEMPATH/CodeIgniter.php(507): CodeIgniter\CodeIgniter->runController(Object(App\Controllers\Entry))
13 SYSTEMPATH/CodeIgniter.php(354): CodeIgniter\CodeIgniter->handleRequest(null, Object(Config\Cache), false)
14 SYSTEMPATH/Boot.php(363): CodeIgniter\CodeIgniter->run()
15 SYSTEMPATH/Boot.php(68): CodeIgniter\Boot::runCodeIgniter(Object(CodeIgniter\CodeIgniter))
16 FCPATH/index.php(59): CodeIgniter\Boot::bootWeb(Object(Config\Paths))
17 SYSTEMPATH/rewrite.php(44): require_once('/Users/diego/Documents/GitHub/propedia26/public/index.php')
WARNING - 2026-08-30 08:56:03 --> [DEPRECATED] ord(): Providing a string that is not one byte long is deprecated. Use ord($str[0]) instead in SYSTEMPATH/ThirdParty/Escaper/Escaper.php on line 250.
 1 SYSTEMPATH/ThirdParty/Escaper/Escaper.php(250): ord('Δ')
 2 SYSTEMPATH/ThirdParty/Escaper/Escaper.php(167): Laminas\Escaper\Escaper->htmlAttrMatcher([...])
 3 [internal function]: Laminas\Escaper\Escaper->{closure:Laminas\Escaper\Escaper::__construct():167}([...])
 4 SYSTEMPATH/ThirdParty/Escaper/Escaper.php(200): preg_replace_callback('/[^a-z0-9,\\.\\-_]/iSu', Object(Closure), 'Solvation Energy Gain (ΔiG): Free energy gain, in kcal/mol, obtained on formation of the interface. Negative values indicate a hydrophobic interface, which favours the association. It does not include the contribution of hydrogen bonds and salt bridges across the interface.')
 5 SYSTEMPATH/Common.php(448): Laminas\Escaper\Escaper->escapeHtmlAttr('Solvation Energy Gain (ΔiG): Free energy gain, in kcal/mol, obtained on formation of the interface. Negative values indicate a hydrophobic interface, which favours the association. It does not include the contribution of hydrogen bonds and salt bridges across the interface.')
 6 APPPATH/Views/entry.php(617): esc('Solvation Energy Gain (ΔiG): Free energy gain, in kcal/mol, obtained on formation of the interface. Negative values indicate a hydrophobic interface, which favours the association. It does not include the contribution of hydrogen bonds and salt bridges across the interface.', 'attr')
 7 SYSTEMPATH/View/View.php(226): include('/Users/diego/Documents/GitHub/propedia26/app/Views/entry.php')
 8 SYSTEMPATH/View/View.php(229): CodeIgniter\View\View->{closure:CodeIgniter\View\View::render():223}()
 9 SYSTEMPATH/Common.php(1167): CodeIgniter\View\View->render('entry', [], true)
10 APPPATH/Controllers/Entry.php(58): view('entry', [...])
11 SYSTEMPATH/CodeIgniter.php(933): App\Controllers\Entry->entry('1WRZ-B-A')
12 SYSTEMPATH/CodeIgniter.php(507): CodeIgniter\CodeIgniter->runController(Object(App\Controllers\Entry))
13 SYSTEMPATH/CodeIgniter.php(354): CodeIgniter\CodeIgniter->handleRequest(null, Object(Config\Cache), false)
14 SYSTEMPATH/Boot.php(363): CodeIgniter\CodeIgniter->run()
15 SYSTEMPATH/Boot.php(68): CodeIgniter\Boot::runCodeIgniter(Object(CodeIgniter\CodeIgniter))
16 FCPATH/index.php(59): CodeIgniter\Boot::bootWeb(Object(Config\Paths))
17 SYSTEMPATH/rewrite.php(44): require_once('/Users/diego/Documents/GitHub/propedia26/public/index.php')
WARNING - 2026-08-30 08:56:03 --> [DEPRECATED] ord(): Providing a string that is not one byte long is deprecated. Use ord($str[0]) instead in SYSTEMPATH/ThirdParty/Escaper/Escaper.php on line 250.
 1 SYSTEMPATH/ThirdParty/Escaper/Escaper.php(250): ord('Δ')
 2 SYSTEMPATH/ThirdParty/Escaper/Escaper.php(167): Laminas\Escaper\Escaper->htmlAttrMatcher([...])
 3 [internal function]: Laminas\Escaper\Escaper->{closure:Laminas\Escaper\Escaper::__construct():167}([...])
 4 SYSTEMPATH/ThirdParty/Escaper/Escaper.php(200): preg_replace_callback('/[^a-z0-9,\\.\\-_]/iSu', Object(Closure), 'ΔiG P-value: Statistical significance of the solvation energy gain. Values below 0.5 indicate an interface more hydrophobic than would be expected by chance, that is, an interface likely to be interaction-specific rather than a crystal-packing artefact.')
 5 SYSTEMPATH/Common.php(448): Laminas\Escaper\Escaper->escapeHtmlAttr('ΔiG P-value: Statistical significance of the solvation energy gain. Values below 0.5 indicate an interface more hydrophobic than would be expected by chance, that is, an interface likely to be interaction-specific rather than a crystal-packing artefact.')
 6 APPPATH/Views/entry.php(617): esc('ΔiG P-value: Statistical significance of the solvation energy gain. Values below 0.5 indicate an interface more hydrophobic than would be expected by chance, that is, an interface likely to be interaction-specific rather than a crystal-packing artefact.', 'attr')
 7 SYSTEMPATH/View/View.php(226): include('/Users/diego/Documents/GitHub/propedia26/app/Views/entry.php')
 8 SYSTEMPATH/View/View.php(229): CodeIgniter\View\View->{closure:CodeIgniter\View\View::render():223}()
 9 SYSTEMPATH/Common.php(1167): CodeIgniter\View\View->render('entry', [], true)
10 APPPATH/Controllers/Entry.php(58): view('entry', [...])
11 SYSTEMPATH/CodeIgniter.php(933): App\Controllers\Entry->entry('1WRZ-B-A')
12 SYSTEMPATH/CodeIgniter.php(507): CodeIgniter\CodeIgniter->runController(Object(App\Controllers\Entry))
13 SYSTEMPATH/CodeIgniter.php(354): CodeIgniter\CodeIgniter->handleRequest(null, Object(Config\Cache), false)
14 SYSTEMPATH/Boot.php(363): CodeIgniter\CodeIgniter->run()
15 SYSTEMPATH/Boot.php(68): CodeIgniter\Boot::runCodeIgniter(Object(CodeIgniter\CodeIgniter))
16 FCPATH/index.php(59): CodeIgniter\Boot::bootWeb(Object(Config\Paths))
17 SYSTEMPATH/rewrite.php(44): require_once('/Users/diego/Documents/GitHub/propedia26/public/index.php')
WARNING - 2026-08-30 08:56:03 --> [DEPRECATED] ord(): Providing a string that is not one byte long is deprecated. Use ord($str[0]) instead in SYSTEMPATH/ThirdParty/Escaper/Escaper.php on line 250.
 1 SYSTEMPATH/ThirdParty/Escaper/Escaper.php(250): ord('Δ')
 2 SYSTEMPATH/ThirdParty/Escaper/Escaper.php(167): Laminas\Escaper\Escaper->htmlAttrMatcher([...])
 3 [internal function]: Laminas\Escaper\Escaper->{closure:Laminas\Escaper\Escaper::__construct():167}([...])
 4 SYSTEMPATH/ThirdParty/Escaper/Escaper.php(200): preg_replace_callback('/[^a-z0-9,\\.\\-_]/iSu', Object(Closure), 'Total Interaction Energy: Solvation energy gain summed over all the interfaces of the structure, in kcal/mol. It is equal to the interface ΔiG when the structure has a single interface.')
 5 SYSTEMPATH/Common.php(448): Laminas\Escaper\Escaper->escapeHtmlAttr('Total Interaction Energy: Solvation energy gain summed over all the interfaces of the structure, in kcal/mol. It is equal to the interface ΔiG when the structure has a single interface.')
 6 APPPATH/Views/entry.php(617): esc('Total Interaction Energy: Solvation energy gain summed over all the interfaces of the structure, in kcal/mol. It is equal to the interface ΔiG when the structure has a single interface.', 'attr')
 7 SYSTEMPATH/View/View.php(226): include('/Users/diego/Documents/GitHub/propedia26/app/Views/entry.php')
 8 SYSTEMPATH/View/View.php(229): CodeIgniter\View\View->{closure:CodeIgniter\View\View::render():223}()
 9 SYSTEMPATH/Common.php(1167): CodeIgniter\View\View->render('entry', [], true)
10 APPPATH/Controllers/Entry.php(58): view('entry', [...])
11 SYSTEMPATH/CodeIgniter.php(933): App\Controllers\Entry->entry('1WRZ-B-A')
12 SYSTEMPATH/CodeIgniter.php(507): CodeIgniter\CodeIgniter->runController(Object(App\Controllers\Entry))
13 SYSTEMPATH/CodeIgniter.php(354): CodeIgniter\CodeIgniter->handleRequest(null, Object(Config\Cache), false)
14 SYSTEMPATH/Boot.php(363): CodeIgniter\CodeIgniter->run()
15 SYSTEMPATH/Boot.php(68): CodeIgniter\Boot::runCodeIgniter(Object(CodeIgniter\CodeIgniter))
16 FCPATH/index.php(59): CodeIgniter\Boot::bootWeb(Object(Config\Paths))
17 SYSTEMPATH/rewrite.php(44): require_once('/Users/diego/Documents/GitHub/propedia26/public/index.php')
WARNING - 2026-08-30 08:56:03 --> [DEPRECATED] ord(): Providing a string that is not one byte long is deprecated. Use ord($str[0]) instead in SYSTEMPATH/ThirdParty/Escaper/Escaper.php on line 250.
 1 SYSTEMPATH/ThirdParty/Escaper/Escaper.php(250): ord('Δ')
 2 SYSTEMPATH/ThirdParty/Escaper/Escaper.php(167): Laminas\Escaper\Escaper->htmlAttrMatcher([...])
 3 [internal function]: Laminas\Escaper\Escaper->{closure:Laminas\Escaper\Escaper::__construct():167}([...])
 4 SYSTEMPATH/ThirdParty/Escaper/Escaper.php(200): preg_replace_callback('/[^a-z0-9,\\.\\-_]/iSu', Object(Closure), 'Dissociation Entropy (TΔS): Entropic cost of the association, in kcal/mol. It always opposes the formation of the complex and is taken into account in the calculation of ΔGdiss.')
 5 SYSTEMPATH/Common.php(448): Laminas\Escaper\Escaper->escapeHtmlAttr('Dissociation Entropy (TΔS): Entropic cost of the association, in kcal/mol. It always opposes the formation of the complex and is taken into account in the calculation of ΔGdiss.')
 6 APPPATH/Views/entry.php(617): esc('Dissociation Entropy (TΔS): Entropic cost of the association, in kcal/mol. It always opposes the formation of the complex and is taken into account in the calculation of ΔGdiss.', 'attr')
 7 SYSTEMPATH/View/View.php(226): include('/Users/diego/Documents/GitHub/propedia26/app/Views/entry.php')
 8 SYSTEMPATH/View/View.php(229): CodeIgniter\View\View->{closure:CodeIgniter\View\View::render():223}()
 9 SYSTEMPATH/Common.php(1167): CodeIgniter\View\View->render('entry', [], true)
10 APPPATH/Controllers/Entry.php(58): view('entry', [...])
11 SYSTEMPATH/CodeIgniter.php(933): App\Controllers\Entry->entry('1WRZ-B-A')
12 SYSTEMPATH/CodeIgniter.php(507): CodeIgniter\CodeIgniter->runController(Object(App\Controllers\Entry))
13 SYSTEMPATH/CodeIgniter.php(354): CodeIgniter\CodeIgniter->handleRequest(null, Object(Config\Cache), false)
14 SYSTEMPATH/Boot.php(363): CodeIgniter\CodeIgniter->run()
15 SYSTEMPATH/Boot.php(68): CodeIgniter\Boot::runCodeIgniter(Object(CodeIgniter\CodeIgniter))
16 FCPATH/index.php(59): CodeIgniter\Boot::bootWeb(Object(Config\Paths))
17 SYSTEMPATH/rewrite.php(44): require_once('/Users/diego/Documents/GitHub/propedia26/public/index.php')
WARNING - 2026-08-30 08:56:03 --> [DEPRECATED] ord(): Providing a string that is not one byte long is deprecated. Use ord($str[0]) instead in SYSTEMPATH/ThirdParty/Escaper/Escaper.php on line 250.
 1 SYSTEMPATH/ThirdParty/Escaper/Escaper.php(250): ord('Δ')
 2 SYSTEMPATH/ThirdParty/Escaper/Escaper.php(167): Laminas\Escaper\Escaper->htmlAttrMatcher([...])
 3 [internal function]: Laminas\Escaper\Escaper->{closure:Laminas\Escaper\Escaper::__construct():167}([...])
 4 SYSTEMPATH/ThirdParty/Escaper/Escaper.php(200): preg_replace_callback('/[^a-z0-9,\\.\\-_]/iSu', Object(Closure), 'Dissociation Entropy (TΔS): Entropic cost of the association, in kcal/mol. It always opposes the formation of the complex and is taken into account in the calculation of ΔGdiss.')
 5 SYSTEMPATH/Common.php(448): Laminas\Escaper\Escaper->escapeHtmlAttr('Dissociation Entropy (TΔS): Entropic cost of the association, in kcal/mol. It always opposes the formation of the complex and is taken into account in the calculation of ΔGdiss.')
 6 APPPATH/Views/entry.php(617): esc('Dissociation Entropy (TΔS): Entropic cost of the association, in kcal/mol. It always opposes the formation of the complex and is taken into account in the calculation of ΔGdiss.', 'attr')
 7 SYSTEMPATH/View/View.php(226): include('/Users/diego/Documents/GitHub/propedia26/app/Views/entry.php')
 8 SYSTEMPATH/View/View.php(229): CodeIgniter\View\View->{closure:CodeIgniter\View\View::render():223}()
 9 SYSTEMPATH/Common.php(1167): CodeIgniter\View\View->render('entry', [], true)
10 APPPATH/Controllers/Entry.php(58): view('entry', [...])
11 SYSTEMPATH/CodeIgniter.php(933): App\Controllers\Entry->entry('1WRZ-B-A')
12 SYSTEMPATH/CodeIgniter.php(507): CodeIgniter\CodeIgniter->runController(Object(App\Controllers\Entry))
13 SYSTEMPATH/CodeIgniter.php(354): CodeIgniter\CodeIgniter->handleRequest(null, Object(Config\Cache), false)
14 SYSTEMPATH/Boot.php(363): CodeIgniter\CodeIgniter->run()
15 SYSTEMPATH/Boot.php(68): CodeIgniter\Boot::runCodeIgniter(Object(CodeIgniter\CodeIgniter))
16 FCPATH/index.php(59): CodeIgniter\Boot::bootWeb(Object(Config\Paths))
17 SYSTEMPATH/rewrite.php(44): require_once('/Users/diego/Documents/GitHub/propedia26/public/index.php')
DEBUG - 2026-08-30 08:56:03 --> Session: Class initialized using 'CodeIgniter\Session\Handlers\FileHandler' driver.
WARNING - 2026-08-30 08:56:29 --> [DEPRECATED] fgetcsv(): the $escape parameter must be provided as its default value will change in APPPATH/Controllers/Entry.php on line 37.
 1 APPPATH/Controllers/Entry.php(37): fgetcsv(resource (stream), 0, ';')
 2 SYSTEMPATH/CodeIgniter.php(933): App\Controllers\Entry->entry('1WRZ-B-A')
 3 SYSTEMPATH/CodeIgniter.php(507): CodeIgniter\CodeIgniter->runController(Object(App\Controllers\Entry))
 4 SYSTEMPATH/CodeIgniter.php(354): CodeIgniter\CodeIgniter->handleRequest(null, Object(Config\Cache), false)
 5 SYSTEMPATH/Boot.php(363): CodeIgniter\CodeIgniter->run()
 6 SYSTEMPATH/Boot.php(68): CodeIgniter\Boot::runCodeIgniter(Object(CodeIgniter\CodeIgniter))
 7 FCPATH/index.php(59): CodeIgniter\Boot::bootWeb(Object(Config\Paths))
 8 SYSTEMPATH/rewrite.php(44): require_once('/Users/diego/Documents/GitHub/propedia26/public/index.php')
WARNING - 2026-08-30 08:56:29 --> [DEPRECATED] ord(): Providing a string that is not one byte long is deprecated. Use ord($str[0]) instead in SYSTEMPATH/ThirdParty/Escaper/Escaper.php on line 250.
 1 SYSTEMPATH/ThirdParty/Escaper/Escaper.php(250): ord('Å')
 2 SYSTEMPATH/ThirdParty/Escaper/Escaper.php(167): Laminas\Escaper\Escaper->htmlAttrMatcher([...])
 3 [internal function]: Laminas\Escaper\Escaper->{closure:Laminas\Escaper\Escaper::__construct():167}([...])
 4 SYSTEMPATH/ThirdParty/Escaper/Escaper.php(200): preg_replace_callback('/[^a-z0-9,\\.\\-_]/iSu', Object(Closure), 'Interface Area: Area of one face of the protein-peptide interface, given in Å². It corresponds to the BSA calculated with NACCESS, reported in the Surface section above.')
 5 SYSTEMPATH/Common.php(448): Laminas\Escaper\Escaper->escapeHtmlAttr('Interface Area: Area of one face of the protein-peptide interface, given in Å². It corresponds to the BSA calculated with NACCESS, reported in the Surface section above.')
 6 APPPATH/Views/entry.php(617): esc('Interface Area: Area of one face of the protein-peptide interface, given in Å². It corresponds to the BSA calculated with NACCESS, reported in the Surface section above.', 'attr')
 7 SYSTEMPATH/View/View.php(226): include('/Users/diego/Documents/GitHub/propedia26/app/Views/entry.php')
 8 SYSTEMPATH/View/View.php(229): CodeIgniter\View\View->{closure:CodeIgniter\View\View::render():223}()
 9 SYSTEMPATH/Common.php(1167): CodeIgniter\View\View->render('entry', [], true)
10 APPPATH/Controllers/Entry.php(58): view('entry', [...])
11 SYSTEMPATH/CodeIgniter.php(933): App\Controllers\Entry->entry('1WRZ-B-A')
12 SYSTEMPATH/CodeIgniter.php(507): CodeIgniter\CodeIgniter->runController(Object(App\Controllers\Entry))
13 SYSTEMPATH/CodeIgniter.php(354): CodeIgniter\CodeIgniter->handleRequest(null, Object(Config\Cache), false)
14 SYSTEMPATH/Boot.php(363): CodeIgniter\CodeIgniter->run()
15 SYSTEMPATH/Boot.php(68): CodeIgniter\Boot::runCodeIgniter(Object(CodeIgniter\CodeIgniter))
16 FCPATH/index.php(59): CodeIgniter\Boot::bootWeb(Object(Config\Paths))
17 SYSTEMPATH/rewrite.php(44): require_once('/Users/diego/Documents/GitHub/propedia26/public/index.php')
WARNING - 2026-08-30 08:56:29 --> [DEPRECATED] ord(): Providing a string that is not one byte long is deprecated. Use ord($str[0]) instead in SYSTEMPATH/ThirdParty/Escaper/Escaper.php on line 250.
 1 SYSTEMPATH/ThirdParty/Escaper/Escaper.php(250): ord('²')
 2 SYSTEMPATH/ThirdParty/Escaper/Escaper.php(167): Laminas\Escaper\Escaper->htmlAttrMatcher([...])
 3 [internal function]: Laminas\Escaper\Escaper->{closure:Laminas\Escaper\Escaper::__construct():167}([...])
 4 SYSTEMPATH/ThirdParty/Escaper/Escaper.php(200): preg_replace_callback('/[^a-z0-9,\\.\\-_]/iSu', Object(Closure), 'Interface Area: Area of one face of the protein-peptide interface, given in Å². It corresponds to the BSA calculated with NACCESS, reported in the Surface section above.')
 5 SYSTEMPATH/Common.php(448): Laminas\Escaper\Escaper->escapeHtmlAttr('Interface Area: Area of one face of the protein-peptide interface, given in Å². It corresponds to the BSA calculated with NACCESS, reported in the Surface section above.')
 6 APPPATH/Views/entry.php(617): esc('Interface Area: Area of one face of the protein-peptide interface, given in Å². It corresponds to the BSA calculated with NACCESS, reported in the Surface section above.', 'attr')
 7 SYSTEMPATH/View/View.php(226): include('/Users/diego/Documents/GitHub/propedia26/app/Views/entry.php')
 8 SYSTEMPATH/View/View.php(229): CodeIgniter\View\View->{closure:CodeIgniter\View\View::render():223}()
 9 SYSTEMPATH/Common.php(1167): CodeIgniter\View\View->render('entry', [], true)
10 APPPATH/Controllers/Entry.php(58): view('entry', [...])
11 SYSTEMPATH/CodeIgniter.php(933): App\Controllers\Entry->entry('1WRZ-B-A')
12 SYSTEMPATH/CodeIgniter.php(507): CodeIgniter\CodeIgniter->runController(Object(App\Controllers\Entry))
13 SYSTEMPATH/CodeIgniter.php(354): CodeIgniter\CodeIgniter->handleRequest(null, Object(Config\Cache), false)
14 SYSTEMPATH/Boot.php(363): CodeIgniter\CodeIgniter->run()
15 SYSTEMPATH/Boot.php(68): CodeIgniter\Boot::runCodeIgniter(Object(CodeIgniter\CodeIgniter))
16 FCPATH/index.php(59): CodeIgniter\Boot::bootWeb(Object(Config\Paths))
17 SYSTEMPATH/rewrite.php(44): require_once('/Users/diego/Documents/GitHub/propedia26/public/index.php')
WARNING - 2026-08-30 08:56:29 --> [DEPRECATED] ord(): Providing a string that is not one byte long is deprecated. Use ord($str[0]) instead in SYSTEMPATH/ThirdParty/Escaper/Escaper.php on line 250.
 1 SYSTEMPATH/ThirdParty/Escaper/Escaper.php(250): ord('Å')
 2 SYSTEMPATH/ThirdParty/Escaper/Escaper.php(167): Laminas\Escaper\Escaper->htmlAttrMatcher([...])
 3 [internal function]: Laminas\Escaper\Escaper->{closure:Laminas\Escaper\Escaper::__construct():167}([...])
 4 SYSTEMPATH/ThirdParty/Escaper/Escaper.php(200): preg_replace_callback('/[^a-z0-9,\\.\\-_]/iSu', Object(Closure), 'Buried Area (peptide): Peptide surface area that becomes buried upon formation of the interface (value given in Å²).')
 5 SYSTEMPATH/Common.php(448): Laminas\Escaper\Escaper->escapeHtmlAttr('Buried Area (peptide): Peptide surface area that becomes buried upon formation of the interface (value given in Å²).')
 6 APPPATH/Views/entry.php(617): esc('Buried Area (peptide): Peptide surface area that becomes buried upon formation of the interface (value given in Å²).', 'attr')
 7 SYSTEMPATH/View/View.php(226): include('/Users/diego/Documents/GitHub/propedia26/app/Views/entry.php')
 8 SYSTEMPATH/View/View.php(229): CodeIgniter\View\View->{closure:CodeIgniter\View\View::render():223}()
 9 SYSTEMPATH/Common.php(1167): CodeIgniter\View\View->render('entry', [], true)
10 APPPATH/Controllers/Entry.php(58): view('entry', [...])
11 SYSTEMPATH/CodeIgniter.php(933): App\Controllers\Entry->entry('1WRZ-B-A')
12 SYSTEMPATH/CodeIgniter.php(507): CodeIgniter\CodeIgniter->runController(Object(App\Controllers\Entry))
13 SYSTEMPATH/CodeIgniter.php(354): CodeIgniter\CodeIgniter->handleRequest(null, Object(Config\Cache), false)
14 SYSTEMPATH/Boot.php(363): CodeIgniter\CodeIgniter->run()
15 SYSTEMPATH/Boot.php(68): CodeIgniter\Boot::runCodeIgniter(Object(CodeIgniter\CodeIgniter))
16 FCPATH/index.php(59): CodeIgniter\Boot::bootWeb(Object(Config\Paths))
17 SYSTEMPATH/rewrite.php(44): require_once('/Users/diego/Documents/GitHub/propedia26/public/index.php')
WARNING - 2026-08-30 08:56:29 --> [DEPRECATED] ord(): Providing a string that is not one byte long is deprecated. Use ord($str[0]) instead in SYSTEMPATH/ThirdParty/Escaper/Escaper.php on line 250.
 1 SYSTEMPATH/ThirdParty/Escaper/Escaper.php(250): ord('²')
 2 SYSTEMPATH/ThirdParty/Escaper/Escaper.php(167): Laminas\Escaper\Escaper->htmlAttrMatcher([...])
 3 [internal function]: Laminas\Escaper\Escaper->{closure:Laminas\Escaper\Escaper::__construct():167}([...])
 4 SYSTEMPATH/ThirdParty/Escaper/Escaper.php(200): preg_replace_callback('/[^a-z0-9,\\.\\-_]/iSu', Object(Closure), 'Buried Area (peptide): Peptide surface area that becomes buried upon formation of the interface (value given in Å²).')
 5 SYSTEMPATH/Common.php(448): Laminas\Escaper\Escaper->escapeHtmlAttr('Buried Area (peptide): Peptide surface area that becomes buried upon formation of the interface (value given in Å²).')
 6 APPPATH/Views/entry.php(617): esc('Buried Area (peptide): Peptide surface area that becomes buried upon formation of the interface (value given in Å²).', 'attr')
 7 SYSTEMPATH/View/View.php(226): include('/Users/diego/Documents/GitHub/propedia26/app/Views/entry.php')
 8 SYSTEMPATH/View/View.php(229): CodeIgniter\View\View->{closure:CodeIgniter\View\View::render():223}()
 9 SYSTEMPATH/Common.php(1167): CodeIgniter\View\View->render('entry', [], true)
10 APPPATH/Controllers/Entry.php(58): view('entry', [...])
11 SYSTEMPATH/CodeIgniter.php(933): App\Controllers\Entry->entry('1WRZ-B-A')
12 SYSTEMPATH/CodeIgniter.php(507): CodeIgniter\CodeIgniter->runController(Object(App\Controllers\Entry))
13 SYSTEMPATH/CodeIgniter.php(354): CodeIgniter\CodeIgniter->handleRequest(null, Object(Config\Cache), false)
14 SYSTEMPATH/Boot.php(363): CodeIgniter\CodeIgniter->run()
15 SYSTEMPATH/Boot.php(68): CodeIgniter\Boot::runCodeIgniter(Object(CodeIgniter\CodeIgniter))
16 FCPATH/index.php(59): CodeIgniter\Boot::bootWeb(Object(Config\Paths))
17 SYSTEMPATH/rewrite.php(44): require_once('/Users/diego/Documents/GitHub/propedia26/public/index.php')
WARNING - 2026-08-30 08:56:29 --> [DEPRECATED] ord(): Providing a string that is not one byte long is deprecated. Use ord($str[0]) instead in SYSTEMPATH/ThirdParty/Escaper/Escaper.php on line 250.
 1 SYSTEMPATH/ThirdParty/Escaper/Escaper.php(250): ord('Å')
 2 SYSTEMPATH/ThirdParty/Escaper/Escaper.php(167): Laminas\Escaper\Escaper->htmlAttrMatcher([...])
 3 [internal function]: Laminas\Escaper\Escaper->{closure:Laminas\Escaper\Escaper::__construct():167}([...])
 4 SYSTEMPATH/ThirdParty/Escaper/Escaper.php(200): preg_replace_callback('/[^a-z0-9,\\.\\-_]/iSu', Object(Closure), 'Buried Area (protein): Protein surface area that becomes buried upon formation of the interface (value given in Å²).')
 5 SYSTEMPATH/Common.php(448): Laminas\Escaper\Escaper->escapeHtmlAttr('Buried Area (protein): Protein surface area that becomes buried upon formation of the interface (value given in Å²).')
 6 APPPATH/Views/entry.php(617): esc('Buried Area (protein): Protein surface area that becomes buried upon formation of the interface (value given in Å²).', 'attr')
 7 SYSTEMPATH/View/View.php(226): include('/Users/diego/Documents/GitHub/propedia26/app/Views/entry.php')
 8 SYSTEMPATH/View/View.php(229): CodeIgniter\View\View->{closure:CodeIgniter\View\View::render():223}()
 9 SYSTEMPATH/Common.php(1167): CodeIgniter\View\View->render('entry', [], true)
10 APPPATH/Controllers/Entry.php(58): view('entry', [...])
11 SYSTEMPATH/CodeIgniter.php(933): App\Controllers\Entry->entry('1WRZ-B-A')
12 SYSTEMPATH/CodeIgniter.php(507): CodeIgniter\CodeIgniter->runController(Object(App\Controllers\Entry))
13 SYSTEMPATH/CodeIgniter.php(354): CodeIgniter\CodeIgniter->handleRequest(null, Object(Config\Cache), false)
14 SYSTEMPATH/Boot.php(363): CodeIgniter\CodeIgniter->run()
15 SYSTEMPATH/Boot.php(68): CodeIgniter\Boot::runCodeIgniter(Object(CodeIgniter\CodeIgniter))
16 FCPATH/index.php(59): CodeIgniter\Boot::bootWeb(Object(Config\Paths))
17 SYSTEMPATH/rewrite.php(44): require_once('/Users/diego/Documents/GitHub/propedia26/public/index.php')
WARNING - 2026-08-30 08:56:29 --> [DEPRECATED] ord(): Providing a string that is not one byte long is deprecated. Use ord($str[0]) instead in SYSTEMPATH/ThirdParty/Escaper/Escaper.php on line 250.
 1 SYSTEMPATH/ThirdParty/Escaper/Escaper.php(250): ord('²')
 2 SYSTEMPATH/ThirdParty/Escaper/Escaper.php(167): Laminas\Escaper\Escaper->htmlAttrMatcher([...])
 3 [internal function]: Laminas\Escaper\Escaper->{closure:Laminas\Escaper\Escaper::__construct():167}([...])
 4 SYSTEMPATH/ThirdParty/Escaper/Escaper.php(200): preg_replace_callback('/[^a-z0-9,\\.\\-_]/iSu', Object(Closure), 'Buried Area (protein): Protein surface area that becomes buried upon formation of the interface (value given in Å²).')
 5 SYSTEMPATH/Common.php(448): Laminas\Escaper\Escaper->escapeHtmlAttr('Buried Area (protein): Protein surface area that becomes buried upon formation of the interface (value given in Å²).')
 6 APPPATH/Views/entry.php(617): esc('Buried Area (protein): Protein surface area that becomes buried upon formation of the interface (value given in Å²).', 'attr')
 7 SYSTEMPATH/View/View.php(226): include('/Users/diego/Documents/GitHub/propedia26/app/Views/entry.php')
 8 SYSTEMPATH/View/View.php(229): CodeIgniter\View\View->{closure:CodeIgniter\View\View::render():223}()
 9 SYSTEMPATH/Common.php(1167): CodeIgniter\View\View->render('entry', [], true)
10 APPPATH/Controllers/Entry.php(58): view('entry', [...])
11 SYSTEMPATH/CodeIgniter.php(933): App\Controllers\Entry->entry('1WRZ-B-A')
12 SYSTEMPATH/CodeIgniter.php(507): CodeIgniter\CodeIgniter->runController(Object(App\Controllers\Entry))
13 SYSTEMPATH/CodeIgniter.php(354): CodeIgniter\CodeIgniter->handleRequest(null, Object(Config\Cache), false)
14 SYSTEMPATH/Boot.php(363): CodeIgniter\CodeIgniter->run()
15 SYSTEMPATH/Boot.php(68): CodeIgniter\Boot::runCodeIgniter(Object(CodeIgniter\CodeIgniter))
16 FCPATH/index.php(59): CodeIgniter\Boot::bootWeb(Object(Config\Paths))
17 SYSTEMPATH/rewrite.php(44): require_once('/Users/diego/Documents/GitHub/propedia26/public/index.php')
WARNING - 2026-08-30 08:56:29 --> [DEPRECATED] ord(): Providing a string that is not one byte long is deprecated. Use ord($str[0]) instead in SYSTEMPATH/ThirdParty/Escaper/Escaper.php on line 250.
 1 SYSTEMPATH/ThirdParty/Escaper/Escaper.php(250): ord('Å')
 2 SYSTEMPATH/ThirdParty/Escaper/Escaper.php(167): Laminas\Escaper\Escaper->htmlAttrMatcher([...])
 3 [internal function]: Laminas\Escaper\Escaper->{closure:Laminas\Escaper\Escaper::__construct():167}([...])
 4 SYSTEMPATH/ThirdParty/Escaper/Escaper.php(200): preg_replace_callback('/[^a-z0-9,\\.\\-_]/iSu', Object(Closure), 'Total Buried Area: Total surface area buried by the association, counting both faces of the interface, in Å². It is therefore about twice the BSA reported by NACCESS, which counts a single face.')
 5 SYSTEMPATH/Common.php(448): Laminas\Escaper\Escaper->escapeHtmlAttr('Total Buried Area: Total surface area buried by the association, counting both faces of the interface, in Å². It is therefore about twice the BSA reported by NACCESS, which counts a single face.')
 6 APPPATH/Views/entry.php(617): esc('Total Buried Area: Total surface area buried by the association, counting both faces of the interface, in Å². It is therefore about twice the BSA reported by NACCESS, which counts a single face.', 'attr')
 7 SYSTEMPATH/View/View.php(226): include('/Users/diego/Documents/GitHub/propedia26/app/Views/entry.php')
 8 SYSTEMPATH/View/View.php(229): CodeIgniter\View\View->{closure:CodeIgniter\View\View::render():223}()
 9 SYSTEMPATH/Common.php(1167): CodeIgniter\View\View->render('entry', [], true)
10 APPPATH/Controllers/Entry.php(58): view('entry', [...])
11 SYSTEMPATH/CodeIgniter.php(933): App\Controllers\Entry->entry('1WRZ-B-A')
12 SYSTEMPATH/CodeIgniter.php(507): CodeIgniter\CodeIgniter->runController(Object(App\Controllers\Entry))
13 SYSTEMPATH/CodeIgniter.php(354): CodeIgniter\CodeIgniter->handleRequest(null, Object(Config\Cache), false)
14 SYSTEMPATH/Boot.php(363): CodeIgniter\CodeIgniter->run()
15 SYSTEMPATH/Boot.php(68): CodeIgniter\Boot::runCodeIgniter(Object(CodeIgniter\CodeIgniter))
16 FCPATH/index.php(59): CodeIgniter\Boot::bootWeb(Object(Config\Paths))
17 SYSTEMPATH/rewrite.php(44): require_once('/Users/diego/Documents/GitHub/propedia26/public/index.php')
WARNING - 2026-08-30 08:56:29 --> [DEPRECATED] ord(): Providing a string that is not one byte long is deprecated. Use ord($str[0]) instead in SYSTEMPATH/ThirdParty/Escaper/Escaper.php on line 250.
 1 SYSTEMPATH/ThirdParty/Escaper/Escaper.php(250): ord('²')
 2 SYSTEMPATH/ThirdParty/Escaper/Escaper.php(167): Laminas\Escaper\Escaper->htmlAttrMatcher([...])
 3 [internal function]: Laminas\Escaper\Escaper->{closure:Laminas\Escaper\Escaper::__construct():167}([...])
 4 SYSTEMPATH/ThirdParty/Escaper/Escaper.php(200): preg_replace_callback('/[^a-z0-9,\\.\\-_]/iSu', Object(Closure), 'Total Buried Area: Total surface area buried by the association, counting both faces of the interface, in Å². It is therefore about twice the BSA reported by NACCESS, which counts a single face.')
 5 SYSTEMPATH/Common.php(448): Laminas\Escaper\Escaper->escapeHtmlAttr('Total Buried Area: Total surface area buried by the association, counting both faces of the interface, in Å². It is therefore about twice the BSA reported by NACCESS, which counts a single face.')
 6 APPPATH/Views/entry.php(617): esc('Total Buried Area: Total surface area buried by the association, counting both faces of the interface, in Å². It is therefore about twice the BSA reported by NACCESS, which counts a single face.', 'attr')
 7 SYSTEMPATH/View/View.php(226): include('/Users/diego/Documents/GitHub/propedia26/app/Views/entry.php')
 8 SYSTEMPATH/View/View.php(229): CodeIgniter\View\View->{closure:CodeIgniter\View\View::render():223}()
 9 SYSTEMPATH/Common.php(1167): CodeIgniter\View\View->render('entry', [], true)
10 APPPATH/Controllers/Entry.php(58): view('entry', [...])
11 SYSTEMPATH/CodeIgniter.php(933): App\Controllers\Entry->entry('1WRZ-B-A')
12 SYSTEMPATH/CodeIgniter.php(507): CodeIgniter\CodeIgniter->runController(Object(App\Controllers\Entry))
13 SYSTEMPATH/CodeIgniter.php(354): CodeIgniter\CodeIgniter->handleRequest(null, Object(Config\Cache), false)
14 SYSTEMPATH/Boot.php(363): CodeIgniter\CodeIgniter->run()
15 SYSTEMPATH/Boot.php(68): CodeIgniter\Boot::runCodeIgniter(Object(CodeIgniter\CodeIgniter))
16 FCPATH/index.php(59): CodeIgniter\Boot::bootWeb(Object(Config\Paths))
17 SYSTEMPATH/rewrite.php(44): require_once('/Users/diego/Documents/GitHub/propedia26/public/index.php')
WARNING - 2026-08-30 08:56:29 --> [DEPRECATED] ord(): Providing a string that is not one byte long is deprecated. Use ord($str[0]) instead in SYSTEMPATH/ThirdParty/Escaper/Escaper.php on line 250.
 1 SYSTEMPATH/ThirdParty/Escaper/Escaper.php(250): ord('Å')
 2 SYSTEMPATH/ThirdParty/Escaper/Escaper.php(167): Laminas\Escaper\Escaper->htmlAttrMatcher([...])
 3 [internal function]: Laminas\Escaper\Escaper->{closure:Laminas\Escaper\Escaper::__construct():167}([...])
 4 SYSTEMPATH/ThirdParty/Escaper/Escaper.php(200): preg_replace_callback('/[^a-z0-9,\\.\\-_]/iSu', Object(Closure), 'Complex ASA: Accessible surface area of the complex, given in Å². It corresponds to the ASA (complex) calculated with NACCESS, reported in the Surface section above.')
 5 SYSTEMPATH/Common.php(448): Laminas\Escaper\Escaper->escapeHtmlAttr('Complex ASA: Accessible surface area of the complex, given in Å². It corresponds to the ASA (complex) calculated with NACCESS, reported in the Surface section above.')
 6 APPPATH/Views/entry.php(617): esc('Complex ASA: Accessible surface area of the complex, given in Å². It corresponds to the ASA (complex) calculated with NACCESS, reported in the Surface section above.', 'attr')
 7 SYSTEMPATH/View/View.php(226): include('/Users/diego/Documents/GitHub/propedia26/app/Views/entry.php')
 8 SYSTEMPATH/View/View.php(229): CodeIgniter\View\View->{closure:CodeIgniter\View\View::render():223}()
 9 SYSTEMPATH/Common.php(1167): CodeIgniter\View\View->render('entry', [], true)
10 APPPATH/Controllers/Entry.php(58): view('entry', [...])
11 SYSTEMPATH/CodeIgniter.php(933): App\Controllers\Entry->entry('1WRZ-B-A')
12 SYSTEMPATH/CodeIgniter.php(507): CodeIgniter\CodeIgniter->runController(Object(App\Controllers\Entry))
13 SYSTEMPATH/CodeIgniter.php(354): CodeIgniter\CodeIgniter->handleRequest(null, Object(Config\Cache), false)
14 SYSTEMPATH/Boot.php(363): CodeIgniter\CodeIgniter->run()
15 SYSTEMPATH/Boot.php(68): CodeIgniter\Boot::runCodeIgniter(Object(CodeIgniter\CodeIgniter))
16 FCPATH/index.php(59): CodeIgniter\Boot::bootWeb(Object(Config\Paths))
17 SYSTEMPATH/rewrite.php(44): require_once('/Users/diego/Documents/GitHub/propedia26/public/index.php')
WARNING - 2026-08-30 08:56:29 --> [DEPRECATED] ord(): Providing a string that is not one byte long is deprecated. Use ord($str[0]) instead in SYSTEMPATH/ThirdParty/Escaper/Escaper.php on line 250.
 1 SYSTEMPATH/ThirdParty/Escaper/Escaper.php(250): ord('²')
 2 SYSTEMPATH/ThirdParty/Escaper/Escaper.php(167): Laminas\Escaper\Escaper->htmlAttrMatcher([...])
 3 [internal function]: Laminas\Escaper\Escaper->{closure:Laminas\Escaper\Escaper::__construct():167}([...])
 4 SYSTEMPATH/ThirdParty/Escaper/Escaper.php(200): preg_replace_callback('/[^a-z0-9,\\.\\-_]/iSu', Object(Closure), 'Complex ASA: Accessible surface area of the complex, given in Å². It corresponds to the ASA (complex) calculated with NACCESS, reported in the Surface section above.')
 5 SYSTEMPATH/Common.php(448): Laminas\Escaper\Escaper->escapeHtmlAttr('Complex ASA: Accessible surface area of the complex, given in Å². It corresponds to the ASA (complex) calculated with NACCESS, reported in the Surface section above.')
 6 APPPATH/Views/entry.php(617): esc('Complex ASA: Accessible surface area of the complex, given in Å². It corresponds to the ASA (complex) calculated with NACCESS, reported in the Surface section above.', 'attr')
 7 SYSTEMPATH/View/View.php(226): include('/Users/diego/Documents/GitHub/propedia26/app/Views/entry.php')
 8 SYSTEMPATH/View/View.php(229): CodeIgniter\View\View->{closure:CodeIgniter\View\View::render():223}()
 9 SYSTEMPATH/Common.php(1167): CodeIgniter\View\View->render('entry', [], true)
10 APPPATH/Controllers/Entry.php(58): view('entry', [...])
11 SYSTEMPATH/CodeIgniter.php(933): App\Controllers\Entry->entry('1WRZ-B-A')
12 SYSTEMPATH/CodeIgniter.php(507): CodeIgniter\CodeIgniter->runController(Object(App\Controllers\Entry))
13 SYSTEMPATH/CodeIgniter.php(354): CodeIgniter\CodeIgniter->handleRequest(null, Object(Config\Cache), false)
14 SYSTEMPATH/Boot.php(363): CodeIgniter\CodeIgniter->run()
15 SYSTEMPATH/Boot.php(68): CodeIgniter\Boot::runCodeIgniter(Object(CodeIgniter\CodeIgniter))
16 FCPATH/index.php(59): CodeIgniter\Boot::bootWeb(Object(Config\Paths))
17 SYSTEMPATH/rewrite.php(44): require_once('/Users/diego/Documents/GitHub/propedia26/public/index.php')
WARNING - 2026-08-30 08:56:29 --> [DEPRECATED] ord(): Providing a string that is not one byte long is deprecated. Use ord($str[0]) instead in SYSTEMPATH/ThirdParty/Escaper/Escaper.php on line 250.
 1 SYSTEMPATH/ThirdParty/Escaper/Escaper.php(250): ord('Å')
 2 SYSTEMPATH/ThirdParty/Escaper/Escaper.php(167): Laminas\Escaper\Escaper->htmlAttrMatcher([...])
 3 [internal function]: Laminas\Escaper\Escaper->{closure:Laminas\Escaper\Escaper::__construct():167}([...])
 4 SYSTEMPATH/ThirdParty/Escaper/Escaper.php(200): preg_replace_callback('/[^a-z0-9,\\.\\-_]/iSu', Object(Closure), 'Dissociation Area: Interface area that is broken when the complex dissociates, given in Å². It usually coincides with the interface area.')
 5 SYSTEMPATH/Common.php(448): Laminas\Escaper\Escaper->escapeHtmlAttr('Dissociation Area: Interface area that is broken when the complex dissociates, given in Å². It usually coincides with the interface area.')
 6 APPPATH/Views/entry.php(617): esc('Dissociation Area: Interface area that is broken when the complex dissociates, given in Å². It usually coincides with the interface area.', 'attr')
 7 SYSTEMPATH/View/View.php(226): include('/Users/diego/Documents/GitHub/propedia26/app/Views/entry.php')
 8 SYSTEMPATH/View/View.php(229): CodeIgniter\View\View->{closure:CodeIgniter\View\View::render():223}()
 9 SYSTEMPATH/Common.php(1167): CodeIgniter\View\View->render('entry', [], true)
10 APPPATH/Controllers/Entry.php(58): view('entry', [...])
11 SYSTEMPATH/CodeIgniter.php(933): App\Controllers\Entry->entry('1WRZ-B-A')
12 SYSTEMPATH/CodeIgniter.php(507): CodeIgniter\CodeIgniter->runController(Object(App\Controllers\Entry))
13 SYSTEMPATH/CodeIgniter.php(354): CodeIgniter\CodeIgniter->handleRequest(null, Object(Config\Cache), false)
14 SYSTEMPATH/Boot.php(363): CodeIgniter\CodeIgniter->run()
15 SYSTEMPATH/Boot.php(68): CodeIgniter\Boot::runCodeIgniter(Object(CodeIgniter\CodeIgniter))
16 FCPATH/index.php(59): CodeIgniter\Boot::bootWeb(Object(Config\Paths))
17 SYSTEMPATH/rewrite.php(44): require_once('/Users/diego/Documents/GitHub/propedia26/public/index.php')
WARNING - 2026-08-30 08:56:29 --> [DEPRECATED] ord(): Providing a string that is not one byte long is deprecated. Use ord($str[0]) instead in SYSTEMPATH/ThirdParty/Escaper/Escaper.php on line 250.
 1 SYSTEMPATH/ThirdParty/Escaper/Escaper.php(250): ord('²')
 2 SYSTEMPATH/ThirdParty/Escaper/Escaper.php(167): Laminas\Escaper\Escaper->htmlAttrMatcher([...])
 3 [internal function]: Laminas\Escaper\Escaper->{closure:Laminas\Escaper\Escaper::__construct():167}([...])
 4 SYSTEMPATH/ThirdParty/Escaper/Escaper.php(200): preg_replace_callback('/[^a-z0-9,\\.\\-_]/iSu', Object(Closure), 'Dissociation Area: Interface area that is broken when the complex dissociates, given in Å². It usually coincides with the interface area.')
 5 SYSTEMPATH/Common.php(448): Laminas\Escaper\Escaper->escapeHtmlAttr('Dissociation Area: Interface area that is broken when the complex dissociates, given in Å². It usually coincides with the interface area.')
 6 APPPATH/Views/entry.php(617): esc('Dissociation Area: Interface area that is broken when the complex dissociates, given in Å². It usually coincides with the interface area.', 'attr')
 7 SYSTEMPATH/View/View.php(226): include('/Users/diego/Documents/GitHub/propedia26/app/Views/entry.php')
 8 SYSTEMPATH/View/View.php(229): CodeIgniter\View\View->{closure:CodeIgniter\View\View::render():223}()
 9 SYSTEMPATH/Common.php(1167): CodeIgniter\View\View->render('entry', [], true)
10 APPPATH/Controllers/Entry.php(58): view('entry', [...])
11 SYSTEMPATH/CodeIgniter.php(933): App\Controllers\Entry->entry('1WRZ-B-A')
12 SYSTEMPATH/CodeIgniter.php(507): CodeIgniter\CodeIgniter->runController(Object(App\Controllers\Entry))
13 SYSTEMPATH/CodeIgniter.php(354): CodeIgniter\CodeIgniter->handleRequest(null, Object(Config\Cache), false)
14 SYSTEMPATH/Boot.php(363): CodeIgniter\CodeIgniter->run()
15 SYSTEMPATH/Boot.php(68): CodeIgniter\Boot::runCodeIgniter(Object(CodeIgniter\CodeIgniter))
16 FCPATH/index.php(59): CodeIgniter\Boot::bootWeb(Object(Config\Paths))
17 SYSTEMPATH/rewrite.php(44): require_once('/Users/diego/Documents/GitHub/propedia26/public/index.php')
WARNING - 2026-08-30 08:56:29 --> [DEPRECATED] ord(): Providing a string that is not one byte long is deprecated. Use ord($str[0]) instead in SYSTEMPATH/ThirdParty/Escaper/Escaper.php on line 250.
 1 SYSTEMPATH/ThirdParty/Escaper/Escaper.php(250): ord('Δ')
 2 SYSTEMPATH/ThirdParty/Escaper/Escaper.php(167): Laminas\Escaper\Escaper->htmlAttrMatcher([...])
 3 [internal function]: Laminas\Escaper\Escaper->{closure:Laminas\Escaper\Escaper::__construct():167}([...])
 4 SYSTEMPATH/ThirdParty/Escaper/Escaper.php(200): preg_replace_callback('/[^a-z0-9,\\.\\-_]/iSu', Object(Closure), 'Dissociation Free Energy (ΔGdiss): Free energy required to dissociate the complex, in kcal/mol. Positive values indicate a thermodynamically stable complex. It is the PISA counterpart of the binding affinity predicted by PRODIGY, reported in the Interaction energy section above with the opposite sign.')
 5 SYSTEMPATH/Common.php(448): Laminas\Escaper\Escaper->escapeHtmlAttr('Dissociation Free Energy (ΔGdiss): Free energy required to dissociate the complex, in kcal/mol. Positive values indicate a thermodynamically stable complex. It is the PISA counterpart of the binding affinity predicted by PRODIGY, reported in the Interaction energy section above with the opposite sign.')
 6 APPPATH/Views/entry.php(617): esc('Dissociation Free Energy (ΔGdiss): Free energy required to dissociate the complex, in kcal/mol. Positive values indicate a thermodynamically stable complex. It is the PISA counterpart of the binding affinity predicted by PRODIGY, reported in the Interaction energy section above with the opposite sign.', 'attr')
 7 SYSTEMPATH/View/View.php(226): include('/Users/diego/Documents/GitHub/propedia26/app/Views/entry.php')
 8 SYSTEMPATH/View/View.php(229): CodeIgniter\View\View->{closure:CodeIgniter\View\View::render():223}()
 9 SYSTEMPATH/Common.php(1167): CodeIgniter\View\View->render('entry', [], true)
10 APPPATH/Controllers/Entry.php(58): view('entry', [...])
11 SYSTEMPATH/CodeIgniter.php(933): App\Controllers\Entry->entry('1WRZ-B-A')
12 SYSTEMPATH/CodeIgniter.php(507): CodeIgniter\CodeIgniter->runController(Object(App\Controllers\Entry))
13 SYSTEMPATH/CodeIgniter.php(354): CodeIgniter\CodeIgniter->handleRequest(null, Object(Config\Cache), false)
14 SYSTEMPATH/Boot.php(363): CodeIgniter\CodeIgniter->run()
15 SYSTEMPATH/Boot.php(68): CodeIgniter\Boot::runCodeIgniter(Object(CodeIgniter\CodeIgniter))
16 FCPATH/index.php(59): CodeIgniter\Boot::bootWeb(Object(Config\Paths))
17 SYSTEMPATH/rewrite.php(44): require_once('/Users/diego/Documents/GitHub/propedia26/public/index.php')
WARNING - 2026-08-30 08:56:29 --> [DEPRECATED] ord(): Providing a string that is not one byte long is deprecated. Use ord($str[0]) instead in SYSTEMPATH/ThirdParty/Escaper/Escaper.php on line 250.
 1 SYSTEMPATH/ThirdParty/Escaper/Escaper.php(250): ord('Δ')
 2 SYSTEMPATH/ThirdParty/Escaper/Escaper.php(167): Laminas\Escaper\Escaper->htmlAttrMatcher([...])
 3 [internal function]: Laminas\Escaper\Escaper->{closure:Laminas\Escaper\Escaper::__construct():167}([...])
 4 SYSTEMPATH/ThirdParty/Escaper/Escaper.php(200): preg_replace_callback('/[^a-z0-9,\\.\\-_]/iSu', Object(Closure), 'Solvation Energy Gain (ΔiG): Free energy gain, in kcal/mol, obtained on formation of the interface. Negative values indicate a hydrophobic interface, which favours the association. It does not include the contribution of hydrogen bonds and salt bridges across the interface.')
 5 SYSTEMPATH/Common.php(448): Laminas\Escaper\Escaper->escapeHtmlAttr('Solvation Energy Gain (ΔiG): Free energy gain, in kcal/mol, obtained on formation of the interface. Negative values indicate a hydrophobic interface, which favours the association. It does not include the contribution of hydrogen bonds and salt bridges across the interface.')
 6 APPPATH/Views/entry.php(617): esc('Solvation Energy Gain (ΔiG): Free energy gain, in kcal/mol, obtained on formation of the interface. Negative values indicate a hydrophobic interface, which favours the association. It does not include the contribution of hydrogen bonds and salt bridges across the interface.', 'attr')
 7 SYSTEMPATH/View/View.php(226): include('/Users/diego/Documents/GitHub/propedia26/app/Views/entry.php')
 8 SYSTEMPATH/View/View.php(229): CodeIgniter\View\View->{closure:CodeIgniter\View\View::render():223}()
 9 SYSTEMPATH/Common.php(1167): CodeIgniter\View\View->render('entry', [], true)
10 APPPATH/Controllers/Entry.php(58): view('entry', [...])
11 SYSTEMPATH/CodeIgniter.php(933): App\Controllers\Entry->entry('1WRZ-B-A')
12 SYSTEMPATH/CodeIgniter.php(507): CodeIgniter\CodeIgniter->runController(Object(App\Controllers\Entry))
13 SYSTEMPATH/CodeIgniter.php(354): CodeIgniter\CodeIgniter->handleRequest(null, Object(Config\Cache), false)
14 SYSTEMPATH/Boot.php(363): CodeIgniter\CodeIgniter->run()
15 SYSTEMPATH/Boot.php(68): CodeIgniter\Boot::runCodeIgniter(Object(CodeIgniter\CodeIgniter))
16 FCPATH/index.php(59): CodeIgniter\Boot::bootWeb(Object(Config\Paths))
17 SYSTEMPATH/rewrite.php(44): require_once('/Users/diego/Documents/GitHub/propedia26/public/index.php')
WARNING - 2026-08-30 08:56:29 --> [DEPRECATED] ord(): Providing a string that is not one byte long is deprecated. Use ord($str[0]) instead in SYSTEMPATH/ThirdParty/Escaper/Escaper.php on line 250.
 1 SYSTEMPATH/ThirdParty/Escaper/Escaper.php(250): ord('Δ')
 2 SYSTEMPATH/ThirdParty/Escaper/Escaper.php(167): Laminas\Escaper\Escaper->htmlAttrMatcher([...])
 3 [internal function]: Laminas\Escaper\Escaper->{closure:Laminas\Escaper\Escaper::__construct():167}([...])
 4 SYSTEMPATH/ThirdParty/Escaper/Escaper.php(200): preg_replace_callback('/[^a-z0-9,\\.\\-_]/iSu', Object(Closure), 'ΔiG P-value: Statistical significance of the solvation energy gain. Values below 0.5 indicate an interface more hydrophobic than would be expected by chance, that is, an interface likely to be interaction-specific rather than a crystal-packing artefact.')
 5 SYSTEMPATH/Common.php(448): Laminas\Escaper\Escaper->escapeHtmlAttr('ΔiG P-value: Statistical significance of the solvation energy gain. Values below 0.5 indicate an interface more hydrophobic than would be expected by chance, that is, an interface likely to be interaction-specific rather than a crystal-packing artefact.')
 6 APPPATH/Views/entry.php(617): esc('ΔiG P-value: Statistical significance of the solvation energy gain. Values below 0.5 indicate an interface more hydrophobic than would be expected by chance, that is, an interface likely to be interaction-specific rather than a crystal-packing artefact.', 'attr')
 7 SYSTEMPATH/View/View.php(226): include('/Users/diego/Documents/GitHub/propedia26/app/Views/entry.php')
 8 SYSTEMPATH/View/View.php(229): CodeIgniter\View\View->{closure:CodeIgniter\View\View::render():223}()
 9 SYSTEMPATH/Common.php(1167): CodeIgniter\View\View->render('entry', [], true)
10 APPPATH/Controllers/Entry.php(58): view('entry', [...])
11 SYSTEMPATH/CodeIgniter.php(933): App\Controllers\Entry->entry('1WRZ-B-A')
12 SYSTEMPATH/CodeIgniter.php(507): CodeIgniter\CodeIgniter->runController(Object(App\Controllers\Entry))
13 SYSTEMPATH/CodeIgniter.php(354): CodeIgniter\CodeIgniter->handleRequest(null, Object(Config\Cache), false)
14 SYSTEMPATH/Boot.php(363): CodeIgniter\CodeIgniter->run()
15 SYSTEMPATH/Boot.php(68): CodeIgniter\Boot::runCodeIgniter(Object(CodeIgniter\CodeIgniter))
16 FCPATH/index.php(59): CodeIgniter\Boot::bootWeb(Object(Config\Paths))
17 SYSTEMPATH/rewrite.php(44): require_once('/Users/diego/Documents/GitHub/propedia26/public/index.php')
WARNING - 2026-08-30 08:56:29 --> [DEPRECATED] ord(): Providing a string that is not one byte long is deprecated. Use ord($str[0]) instead in SYSTEMPATH/ThirdParty/Escaper/Escaper.php on line 250.
 1 SYSTEMPATH/ThirdParty/Escaper/Escaper.php(250): ord('Δ')
 2 SYSTEMPATH/ThirdParty/Escaper/Escaper.php(167): Laminas\Escaper\Escaper->htmlAttrMatcher([...])
 3 [internal function]: Laminas\Escaper\Escaper->{closure:Laminas\Escaper\Escaper::__construct():167}([...])
 4 SYSTEMPATH/ThirdParty/Escaper/Escaper.php(200): preg_replace_callback('/[^a-z0-9,\\.\\-_]/iSu', Object(Closure), 'Total Interaction Energy: Solvation energy gain summed over all the interfaces of the structure, in kcal/mol. It is equal to the interface ΔiG when the structure has a single interface.')
 5 SYSTEMPATH/Common.php(448): Laminas\Escaper\Escaper->escapeHtmlAttr('Total Interaction Energy: Solvation energy gain summed over all the interfaces of the structure, in kcal/mol. It is equal to the interface ΔiG when the structure has a single interface.')
 6 APPPATH/Views/entry.php(617): esc('Total Interaction Energy: Solvation energy gain summed over all the interfaces of the structure, in kcal/mol. It is equal to the interface ΔiG when the structure has a single interface.', 'attr')
 7 SYSTEMPATH/View/View.php(226): include('/Users/diego/Documents/GitHub/propedia26/app/Views/entry.php')
 8 SYSTEMPATH/View/View.php(229): CodeIgniter\View\View->{closure:CodeIgniter\View\View::render():223}()
 9 SYSTEMPATH/Common.php(1167): CodeIgniter\View\View->render('entry', [], true)
10 APPPATH/Controllers/Entry.php(58): view('entry', [...])
11 SYSTEMPATH/CodeIgniter.php(933): App\Controllers\Entry->entry('1WRZ-B-A')
12 SYSTEMPATH/CodeIgniter.php(507): CodeIgniter\CodeIgniter->runController(Object(App\Controllers\Entry))
13 SYSTEMPATH/CodeIgniter.php(354): CodeIgniter\CodeIgniter->handleRequest(null, Object(Config\Cache), false)
14 SYSTEMPATH/Boot.php(363): CodeIgniter\CodeIgniter->run()
15 SYSTEMPATH/Boot.php(68): CodeIgniter\Boot::runCodeIgniter(Object(CodeIgniter\CodeIgniter))
16 FCPATH/index.php(59): CodeIgniter\Boot::bootWeb(Object(Config\Paths))
17 SYSTEMPATH/rewrite.php(44): require_once('/Users/diego/Documents/GitHub/propedia26/public/index.php')
WARNING - 2026-08-30 08:56:29 --> [DEPRECATED] ord(): Providing a string that is not one byte long is deprecated. Use ord($str[0]) instead in SYSTEMPATH/ThirdParty/Escaper/Escaper.php on line 250.
 1 SYSTEMPATH/ThirdParty/Escaper/Escaper.php(250): ord('Δ')
 2 SYSTEMPATH/ThirdParty/Escaper/Escaper.php(167): Laminas\Escaper\Escaper->htmlAttrMatcher([...])
 3 [internal function]: Laminas\Escaper\Escaper->{closure:Laminas\Escaper\Escaper::__construct():167}([...])
 4 SYSTEMPATH/ThirdParty/Escaper/Escaper.php(200): preg_replace_callback('/[^a-z0-9,\\.\\-_]/iSu', Object(Closure), 'Dissociation Entropy (TΔS): Entropic cost of the association, in kcal/mol. It always opposes the formation of the complex and is taken into account in the calculation of ΔGdiss.')
 5 SYSTEMPATH/Common.php(448): Laminas\Escaper\Escaper->escapeHtmlAttr('Dissociation Entropy (TΔS): Entropic cost of the association, in kcal/mol. It always opposes the formation of the complex and is taken into account in the calculation of ΔGdiss.')
 6 APPPATH/Views/entry.php(617): esc('Dissociation Entropy (TΔS): Entropic cost of the association, in kcal/mol. It always opposes the formation of the complex and is taken into account in the calculation of ΔGdiss.', 'attr')
 7 SYSTEMPATH/View/View.php(226): include('/Users/diego/Documents/GitHub/propedia26/app/Views/entry.php')
 8 SYSTEMPATH/View/View.php(229): CodeIgniter\View\View->{closure:CodeIgniter\View\View::render():223}()
 9 SYSTEMPATH/Common.php(1167): CodeIgniter\View\View->render('entry', [], true)
10 APPPATH/Controllers/Entry.php(58): view('entry', [...])
11 SYSTEMPATH/CodeIgniter.php(933): App\Controllers\Entry->entry('1WRZ-B-A')
12 SYSTEMPATH/CodeIgniter.php(507): CodeIgniter\CodeIgniter->runController(Object(App\Controllers\Entry))
13 SYSTEMPATH/CodeIgniter.php(354): CodeIgniter\CodeIgniter->handleRequest(null, Object(Config\Cache), false)
14 SYSTEMPATH/Boot.php(363): CodeIgniter\CodeIgniter->run()
15 SYSTEMPATH/Boot.php(68): CodeIgniter\Boot::runCodeIgniter(Object(CodeIgniter\CodeIgniter))
16 FCPATH/index.php(59): CodeIgniter\Boot::bootWeb(Object(Config\Paths))
17 SYSTEMPATH/rewrite.php(44): require_once('/Users/diego/Documents/GitHub/propedia26/public/index.php')
WARNING - 2026-08-30 08:56:29 --> [DEPRECATED] ord(): Providing a string that is not one byte long is deprecated. Use ord($str[0]) instead in SYSTEMPATH/ThirdParty/Escaper/Escaper.php on line 250.
 1 SYSTEMPATH/ThirdParty/Escaper/Escaper.php(250): ord('Δ')
 2 SYSTEMPATH/ThirdParty/Escaper/Escaper.php(167): Laminas\Escaper\Escaper->htmlAttrMatcher([...])
 3 [internal function]: Laminas\Escaper\Escaper->{closure:Laminas\Escaper\Escaper::__construct():167}([...])
 4 SYSTEMPATH/ThirdParty/Escaper/Escaper.php(200): preg_replace_callback('/[^a-z0-9,\\.\\-_]/iSu', Object(Closure), 'Dissociation Entropy (TΔS): Entropic cost of the association, in kcal/mol. It always opposes the formation of the complex and is taken into account in the calculation of ΔGdiss.')
 5 SYSTEMPATH/Common.php(448): Laminas\Escaper\Escaper->escapeHtmlAttr('Dissociation Entropy (TΔS): Entropic cost of the association, in kcal/mol. It always opposes the formation of the complex and is taken into account in the calculation of ΔGdiss.')
 6 APPPATH/Views/entry.php(617): esc('Dissociation Entropy (TΔS): Entropic cost of the association, in kcal/mol. It always opposes the formation of the complex and is taken into account in the calculation of ΔGdiss.', 'attr')
 7 SYSTEMPATH/View/View.php(226): include('/Users/diego/Documents/GitHub/propedia26/app/Views/entry.php')
 8 SYSTEMPATH/View/View.php(229): CodeIgniter\View\View->{closure:CodeIgniter\View\View::render():223}()
 9 SYSTEMPATH/Common.php(1167): CodeIgniter\View\View->render('entry', [], true)
10 APPPATH/Controllers/Entry.php(58): view('entry', [...])
11 SYSTEMPATH/CodeIgniter.php(933): App\Controllers\Entry->entry('1WRZ-B-A')
12 SYSTEMPATH/CodeIgniter.php(507): CodeIgniter\CodeIgniter->runController(Object(App\Controllers\Entry))
13 SYSTEMPATH/CodeIgniter.php(354): CodeIgniter\CodeIgniter->handleRequest(null, Object(Config\Cache), false)
14 SYSTEMPATH/Boot.php(363): CodeIgniter\CodeIgniter->run()
15 SYSTEMPATH/Boot.php(68): CodeIgniter\Boot::runCodeIgniter(Object(CodeIgniter\CodeIgniter))
16 FCPATH/index.php(59): CodeIgniter\Boot::bootWeb(Object(Config\Paths))
17 SYSTEMPATH/rewrite.php(44): require_once('/Users/diego/Documents/GitHub/propedia26/public/index.php')
DEBUG - 2026-08-30 08:56:29 --> Session: Class initialized using 'CodeIgniter\Session\Handlers\FileHandler' driver.
WARNING - 2026-08-30 08:56:52 --> [DEPRECATED] fgetcsv(): the $escape parameter must be provided as its default value will change in APPPATH/Controllers/Entry.php on line 37.
 1 APPPATH/Controllers/Entry.php(37): fgetcsv(resource (stream), 0, ';')
 2 SYSTEMPATH/CodeIgniter.php(933): App\Controllers\Entry->entry('1WRZ-B-A')
 3 SYSTEMPATH/CodeIgniter.php(507): CodeIgniter\CodeIgniter->runController(Object(App\Controllers\Entry))
 4 SYSTEMPATH/CodeIgniter.php(354): CodeIgniter\CodeIgniter->handleRequest(null, Object(Config\Cache), false)
 5 SYSTEMPATH/Boot.php(363): CodeIgniter\CodeIgniter->run()
 6 SYSTEMPATH/Boot.php(68): CodeIgniter\Boot::runCodeIgniter(Object(CodeIgniter\CodeIgniter))
 7 FCPATH/index.php(59): CodeIgniter\Boot::bootWeb(Object(Config\Paths))
 8 SYSTEMPATH/rewrite.php(44): require_once('/Users/diego/Documents/GitHub/propedia26/public/index.php')
WARNING - 2026-08-30 08:56:52 --> [DEPRECATED] ord(): Providing a string that is not one byte long is deprecated. Use ord($str[0]) instead in SYSTEMPATH/ThirdParty/Escaper/Escaper.php on line 250.
 1 SYSTEMPATH/ThirdParty/Escaper/Escaper.php(250): ord('Å')
 2 SYSTEMPATH/ThirdParty/Escaper/Escaper.php(167): Laminas\Escaper\Escaper->htmlAttrMatcher([...])
 3 [internal function]: Laminas\Escaper\Escaper->{closure:Laminas\Escaper\Escaper::__construct():167}([...])
 4 SYSTEMPATH/ThirdParty/Escaper/Escaper.php(200): preg_replace_callback('/[^a-z0-9,\\.\\-_]/iSu', Object(Closure), 'Interface Area: Area of one face of the protein-peptide interface, given in Å². It corresponds to the BSA calculated with NACCESS, reported in the Surface section above.')
 5 SYSTEMPATH/Common.php(448): Laminas\Escaper\Escaper->escapeHtmlAttr('Interface Area: Area of one face of the protein-peptide interface, given in Å². It corresponds to the BSA calculated with NACCESS, reported in the Surface section above.')
 6 APPPATH/Views/entry.php(617): esc('Interface Area: Area of one face of the protein-peptide interface, given in Å². It corresponds to the BSA calculated with NACCESS, reported in the Surface section above.', 'attr')
 7 SYSTEMPATH/View/View.php(226): include('/Users/diego/Documents/GitHub/propedia26/app/Views/entry.php')
 8 SYSTEMPATH/View/View.php(229): CodeIgniter\View\View->{closure:CodeIgniter\View\View::render():223}()
 9 SYSTEMPATH/Common.php(1167): CodeIgniter\View\View->render('entry', [], true)
10 APPPATH/Controllers/Entry.php(58): view('entry', [...])
11 SYSTEMPATH/CodeIgniter.php(933): App\Controllers\Entry->entry('1WRZ-B-A')
12 SYSTEMPATH/CodeIgniter.php(507): CodeIgniter\CodeIgniter->runController(Object(App\Controllers\Entry))
13 SYSTEMPATH/CodeIgniter.php(354): CodeIgniter\CodeIgniter->handleRequest(null, Object(Config\Cache), false)
14 SYSTEMPATH/Boot.php(363): CodeIgniter\CodeIgniter->run()
15 SYSTEMPATH/Boot.php(68): CodeIgniter\Boot::runCodeIgniter(Object(CodeIgniter\CodeIgniter))
16 FCPATH/index.php(59): CodeIgniter\Boot::bootWeb(Object(Config\Paths))
17 SYSTEMPATH/rewrite.php(44): require_once('/Users/diego/Documents/GitHub/propedia26/public/index.php')
WARNING - 2026-08-30 08:56:52 --> [DEPRECATED] ord(): Providing a string that is not one byte long is deprecated. Use ord($str[0]) instead in SYSTEMPATH/ThirdParty/Escaper/Escaper.php on line 250.
 1 SYSTEMPATH/ThirdParty/Escaper/Escaper.php(250): ord('²')
 2 SYSTEMPATH/ThirdParty/Escaper/Escaper.php(167): Laminas\Escaper\Escaper->htmlAttrMatcher([...])
 3 [internal function]: Laminas\Escaper\Escaper->{closure:Laminas\Escaper\Escaper::__construct():167}([...])
 4 SYSTEMPATH/ThirdParty/Escaper/Escaper.php(200): preg_replace_callback('/[^a-z0-9,\\.\\-_]/iSu', Object(Closure), 'Interface Area: Area of one face of the protein-peptide interface, given in Å². It corresponds to the BSA calculated with NACCESS, reported in the Surface section above.')
 5 SYSTEMPATH/Common.php(448): Laminas\Escaper\Escaper->escapeHtmlAttr('Interface Area: Area of one face of the protein-peptide interface, given in Å². It corresponds to the BSA calculated with NACCESS, reported in the Surface section above.')
 6 APPPATH/Views/entry.php(617): esc('Interface Area: Area of one face of the protein-peptide interface, given in Å². It corresponds to the BSA calculated with NACCESS, reported in the Surface section above.', 'attr')
 7 SYSTEMPATH/View/View.php(226): include('/Users/diego/Documents/GitHub/propedia26/app/Views/entry.php')
 8 SYSTEMPATH/View/View.php(229): CodeIgniter\View\View->{closure:CodeIgniter\View\View::render():223}()
 9 SYSTEMPATH/Common.php(1167): CodeIgniter\View\View->render('entry', [], true)
10 APPPATH/Controllers/Entry.php(58): view('entry', [...])
11 SYSTEMPATH/CodeIgniter.php(933): App\Controllers\Entry->entry('1WRZ-B-A')
12 SYSTEMPATH/CodeIgniter.php(507): CodeIgniter\CodeIgniter->runController(Object(App\Controllers\Entry))
13 SYSTEMPATH/CodeIgniter.php(354): CodeIgniter\CodeIgniter->handleRequest(null, Object(Config\Cache), false)
14 SYSTEMPATH/Boot.php(363): CodeIgniter\CodeIgniter->run()
15 SYSTEMPATH/Boot.php(68): CodeIgniter\Boot::runCodeIgniter(Object(CodeIgniter\CodeIgniter))
16 FCPATH/index.php(59): CodeIgniter\Boot::bootWeb(Object(Config\Paths))
17 SYSTEMPATH/rewrite.php(44): require_once('/Users/diego/Documents/GitHub/propedia26/public/index.php')
WARNING - 2026-08-30 08:56:52 --> [DEPRECATED] ord(): Providing a string that is not one byte long is deprecated. Use ord($str[0]) instead in SYSTEMPATH/ThirdParty/Escaper/Escaper.php on line 250.
 1 SYSTEMPATH/ThirdParty/Escaper/Escaper.php(250): ord('Å')
 2 SYSTEMPATH/ThirdParty/Escaper/Escaper.php(167): Laminas\Escaper\Escaper->htmlAttrMatcher([...])
 3 [internal function]: Laminas\Escaper\Escaper->{closure:Laminas\Escaper\Escaper::__construct():167}([...])
 4 SYSTEMPATH/ThirdParty/Escaper/Escaper.php(200): preg_replace_callback('/[^a-z0-9,\\.\\-_]/iSu', Object(Closure), 'Buried Area (peptide): Peptide surface area that becomes buried upon formation of the interface (value given in Å²).')
 5 SYSTEMPATH/Common.php(448): Laminas\Escaper\Escaper->escapeHtmlAttr('Buried Area (peptide): Peptide surface area that becomes buried upon formation of the interface (value given in Å²).')
 6 APPPATH/Views/entry.php(617): esc('Buried Area (peptide): Peptide surface area that becomes buried upon formation of the interface (value given in Å²).', 'attr')
 7 SYSTEMPATH/View/View.php(226): include('/Users/diego/Documents/GitHub/propedia26/app/Views/entry.php')
 8 SYSTEMPATH/View/View.php(229): CodeIgniter\View\View->{closure:CodeIgniter\View\View::render():223}()
 9 SYSTEMPATH/Common.php(1167): CodeIgniter\View\View->render('entry', [], true)
10 APPPATH/Controllers/Entry.php(58): view('entry', [...])
11 SYSTEMPATH/CodeIgniter.php(933): App\Controllers\Entry->entry('1WRZ-B-A')
12 SYSTEMPATH/CodeIgniter.php(507): CodeIgniter\CodeIgniter->runController(Object(App\Controllers\Entry))
13 SYSTEMPATH/CodeIgniter.php(354): CodeIgniter\CodeIgniter->handleRequest(null, Object(Config\Cache), false)
14 SYSTEMPATH/Boot.php(363): CodeIgniter\CodeIgniter->run()
15 SYSTEMPATH/Boot.php(68): CodeIgniter\Boot::runCodeIgniter(Object(CodeIgniter\CodeIgniter))
16 FCPATH/index.php(59): CodeIgniter\Boot::bootWeb(Object(Config\Paths))
17 SYSTEMPATH/rewrite.php(44): require_once('/Users/diego/Documents/GitHub/propedia26/public/index.php')
WARNING - 2026-08-30 08:56:52 --> [DEPRECATED] ord(): Providing a string that is not one byte long is deprecated. Use ord($str[0]) instead in SYSTEMPATH/ThirdParty/Escaper/Escaper.php on line 250.
 1 SYSTEMPATH/ThirdParty/Escaper/Escaper.php(250): ord('²')
 2 SYSTEMPATH/ThirdParty/Escaper/Escaper.php(167): Laminas\Escaper\Escaper->htmlAttrMatcher([...])
 3 [internal function]: Laminas\Escaper\Escaper->{closure:Laminas\Escaper\Escaper::__construct():167}([...])
 4 SYSTEMPATH/ThirdParty/Escaper/Escaper.php(200): preg_replace_callback('/[^a-z0-9,\\.\\-_]/iSu', Object(Closure), 'Buried Area (peptide): Peptide surface area that becomes buried upon formation of the interface (value given in Å²).')
 5 SYSTEMPATH/Common.php(448): Laminas\Escaper\Escaper->escapeHtmlAttr('Buried Area (peptide): Peptide surface area that becomes buried upon formation of the interface (value given in Å²).')
 6 APPPATH/Views/entry.php(617): esc('Buried Area (peptide): Peptide surface area that becomes buried upon formation of the interface (value given in Å²).', 'attr')
 7 SYSTEMPATH/View/View.php(226): include('/Users/diego/Documents/GitHub/propedia26/app/Views/entry.php')
 8 SYSTEMPATH/View/View.php(229): CodeIgniter\View\View->{closure:CodeIgniter\View\View::render():223}()
 9 SYSTEMPATH/Common.php(1167): CodeIgniter\View\View->render('entry', [], true)
10 APPPATH/Controllers/Entry.php(58): view('entry', [...])
11 SYSTEMPATH/CodeIgniter.php(933): App\Controllers\Entry->entry('1WRZ-B-A')
12 SYSTEMPATH/CodeIgniter.php(507): CodeIgniter\CodeIgniter->runController(Object(App\Controllers\Entry))
13 SYSTEMPATH/CodeIgniter.php(354): CodeIgniter\CodeIgniter->handleRequest(null, Object(Config\Cache), false)
14 SYSTEMPATH/Boot.php(363): CodeIgniter\CodeIgniter->run()
15 SYSTEMPATH/Boot.php(68): CodeIgniter\Boot::runCodeIgniter(Object(CodeIgniter\CodeIgniter))
16 FCPATH/index.php(59): CodeIgniter\Boot::bootWeb(Object(Config\Paths))
17 SYSTEMPATH/rewrite.php(44): require_once('/Users/diego/Documents/GitHub/propedia26/public/index.php')
WARNING - 2026-08-30 08:56:52 --> [DEPRECATED] ord(): Providing a string that is not one byte long is deprecated. Use ord($str[0]) instead in SYSTEMPATH/ThirdParty/Escaper/Escaper.php on line 250.
 1 SYSTEMPATH/ThirdParty/Escaper/Escaper.php(250): ord('Å')
 2 SYSTEMPATH/ThirdParty/Escaper/Escaper.php(167): Laminas\Escaper\Escaper->htmlAttrMatcher([...])
 3 [internal function]: Laminas\Escaper\Escaper->{closure:Laminas\Escaper\Escaper::__construct():167}([...])
 4 SYSTEMPATH/ThirdParty/Escaper/Escaper.php(200): preg_replace_callback('/[^a-z0-9,\\.\\-_]/iSu', Object(Closure), 'Buried Area (protein): Protein surface area that becomes buried upon formation of the interface (value given in Å²).')
 5 SYSTEMPATH/Common.php(448): Laminas\Escaper\Escaper->escapeHtmlAttr('Buried Area (protein): Protein surface area that becomes buried upon formation of the interface (value given in Å²).')
 6 APPPATH/Views/entry.php(617): esc('Buried Area (protein): Protein surface area that becomes buried upon formation of the interface (value given in Å²).', 'attr')
 7 SYSTEMPATH/View/View.php(226): include('/Users/diego/Documents/GitHub/propedia26/app/Views/entry.php')
 8 SYSTEMPATH/View/View.php(229): CodeIgniter\View\View->{closure:CodeIgniter\View\View::render():223}()
 9 SYSTEMPATH/Common.php(1167): CodeIgniter\View\View->render('entry', [], true)
10 APPPATH/Controllers/Entry.php(58): view('entry', [...])
11 SYSTEMPATH/CodeIgniter.php(933): App\Controllers\Entry->entry('1WRZ-B-A')
12 SYSTEMPATH/CodeIgniter.php(507): CodeIgniter\CodeIgniter->runController(Object(App\Controllers\Entry))
13 SYSTEMPATH/CodeIgniter.php(354): CodeIgniter\CodeIgniter->handleRequest(null, Object(Config\Cache), false)
14 SYSTEMPATH/Boot.php(363): CodeIgniter\CodeIgniter->run()
15 SYSTEMPATH/Boot.php(68): CodeIgniter\Boot::runCodeIgniter(Object(CodeIgniter\CodeIgniter))
16 FCPATH/index.php(59): CodeIgniter\Boot::bootWeb(Object(Config\Paths))
17 SYSTEMPATH/rewrite.php(44): require_once('/Users/diego/Documents/GitHub/propedia26/public/index.php')
WARNING - 2026-08-30 08:56:52 --> [DEPRECATED] ord(): Providing a string that is not one byte long is deprecated. Use ord($str[0]) instead in SYSTEMPATH/ThirdParty/Escaper/Escaper.php on line 250.
 1 SYSTEMPATH/ThirdParty/Escaper/Escaper.php(250): ord('²')
 2 SYSTEMPATH/ThirdParty/Escaper/Escaper.php(167): Laminas\Escaper\Escaper->htmlAttrMatcher([...])
 3 [internal function]: Laminas\Escaper\Escaper->{closure:Laminas\Escaper\Escaper::__construct():167}([...])
 4 SYSTEMPATH/ThirdParty/Escaper/Escaper.php(200): preg_replace_callback('/[^a-z0-9,\\.\\-_]/iSu', Object(Closure), 'Buried Area (protein): Protein surface area that becomes buried upon formation of the interface (value given in Å²).')
 5 SYSTEMPATH/Common.php(448): Laminas\Escaper\Escaper->escapeHtmlAttr('Buried Area (protein): Protein surface area that becomes buried upon formation of the interface (value given in Å²).')
 6 APPPATH/Views/entry.php(617): esc('Buried Area (protein): Protein surface area that becomes buried upon formation of the interface (value given in Å²).', 'attr')
 7 SYSTEMPATH/View/View.php(226): include('/Users/diego/Documents/GitHub/propedia26/app/Views/entry.php')
 8 SYSTEMPATH/View/View.php(229): CodeIgniter\View\View->{closure:CodeIgniter\View\View::render():223}()
 9 SYSTEMPATH/Common.php(1167): CodeIgniter\View\View->render('entry', [], true)
10 APPPATH/Controllers/Entry.php(58): view('entry', [...])
11 SYSTEMPATH/CodeIgniter.php(933): App\Controllers\Entry->entry('1WRZ-B-A')
12 SYSTEMPATH/CodeIgniter.php(507): CodeIgniter\CodeIgniter->runController(Object(App\Controllers\Entry))
13 SYSTEMPATH/CodeIgniter.php(354): CodeIgniter\CodeIgniter->handleRequest(null, Object(Config\Cache), false)
14 SYSTEMPATH/Boot.php(363): CodeIgniter\CodeIgniter->run()
15 SYSTEMPATH/Boot.php(68): CodeIgniter\Boot::runCodeIgniter(Object(CodeIgniter\CodeIgniter))
16 FCPATH/index.php(59): CodeIgniter\Boot::bootWeb(Object(Config\Paths))
17 SYSTEMPATH/rewrite.php(44): require_once('/Users/diego/Documents/GitHub/propedia26/public/index.php')
WARNING - 2026-08-30 08:56:52 --> [DEPRECATED] ord(): Providing a string that is not one byte long is deprecated. Use ord($str[0]) instead in SYSTEMPATH/ThirdParty/Escaper/Escaper.php on line 250.
 1 SYSTEMPATH/ThirdParty/Escaper/Escaper.php(250): ord('Å')
 2 SYSTEMPATH/ThirdParty/Escaper/Escaper.php(167): Laminas\Escaper\Escaper->htmlAttrMatcher([...])
 3 [internal function]: Laminas\Escaper\Escaper->{closure:Laminas\Escaper\Escaper::__construct():167}([...])
 4 SYSTEMPATH/ThirdParty/Escaper/Escaper.php(200): preg_replace_callback('/[^a-z0-9,\\.\\-_]/iSu', Object(Closure), 'Total Buried Area: Total surface area buried by the association, counting both faces of the interface, in Å². It is therefore about twice the BSA reported by NACCESS, which counts a single face.')
 5 SYSTEMPATH/Common.php(448): Laminas\Escaper\Escaper->escapeHtmlAttr('Total Buried Area: Total surface area buried by the association, counting both faces of the interface, in Å². It is therefore about twice the BSA reported by NACCESS, which counts a single face.')
 6 APPPATH/Views/entry.php(617): esc('Total Buried Area: Total surface area buried by the association, counting both faces of the interface, in Å². It is therefore about twice the BSA reported by NACCESS, which counts a single face.', 'attr')
 7 SYSTEMPATH/View/View.php(226): include('/Users/diego/Documents/GitHub/propedia26/app/Views/entry.php')
 8 SYSTEMPATH/View/View.php(229): CodeIgniter\View\View->{closure:CodeIgniter\View\View::render():223}()
 9 SYSTEMPATH/Common.php(1167): CodeIgniter\View\View->render('entry', [], true)
10 APPPATH/Controllers/Entry.php(58): view('entry', [...])
11 SYSTEMPATH/CodeIgniter.php(933): App\Controllers\Entry->entry('1WRZ-B-A')
12 SYSTEMPATH/CodeIgniter.php(507): CodeIgniter\CodeIgniter->runController(Object(App\Controllers\Entry))
13 SYSTEMPATH/CodeIgniter.php(354): CodeIgniter\CodeIgniter->handleRequest(null, Object(Config\Cache), false)
14 SYSTEMPATH/Boot.php(363): CodeIgniter\CodeIgniter->run()
15 SYSTEMPATH/Boot.php(68): CodeIgniter\Boot::runCodeIgniter(Object(CodeIgniter\CodeIgniter))
16 FCPATH/index.php(59): CodeIgniter\Boot::bootWeb(Object(Config\Paths))
17 SYSTEMPATH/rewrite.php(44): require_once('/Users/diego/Documents/GitHub/propedia26/public/index.php')
WARNING - 2026-08-30 08:56:52 --> [DEPRECATED] ord(): Providing a string that is not one byte long is deprecated. Use ord($str[0]) instead in SYSTEMPATH/ThirdParty/Escaper/Escaper.php on line 250.
 1 SYSTEMPATH/ThirdParty/Escaper/Escaper.php(250): ord('²')
 2 SYSTEMPATH/ThirdParty/Escaper/Escaper.php(167): Laminas\Escaper\Escaper->htmlAttrMatcher([...])
 3 [internal function]: Laminas\Escaper\Escaper->{closure:Laminas\Escaper\Escaper::__construct():167}([...])
 4 SYSTEMPATH/ThirdParty/Escaper/Escaper.php(200): preg_replace_callback('/[^a-z0-9,\\.\\-_]/iSu', Object(Closure), 'Total Buried Area: Total surface area buried by the association, counting both faces of the interface, in Å². It is therefore about twice the BSA reported by NACCESS, which counts a single face.')
 5 SYSTEMPATH/Common.php(448): Laminas\Escaper\Escaper->escapeHtmlAttr('Total Buried Area: Total surface area buried by the association, counting both faces of the interface, in Å². It is therefore about twice the BSA reported by NACCESS, which counts a single face.')
 6 APPPATH/Views/entry.php(617): esc('Total Buried Area: Total surface area buried by the association, counting both faces of the interface, in Å². It is therefore about twice the BSA reported by NACCESS, which counts a single face.', 'attr')
 7 SYSTEMPATH/View/View.php(226): include('/Users/diego/Documents/GitHub/propedia26/app/Views/entry.php')
 8 SYSTEMPATH/View/View.php(229): CodeIgniter\View\View->{closure:CodeIgniter\View\View::render():223}()
 9 SYSTEMPATH/Common.php(1167): CodeIgniter\View\View->render('entry', [], true)
10 APPPATH/Controllers/Entry.php(58): view('entry', [...])
11 SYSTEMPATH/CodeIgniter.php(933): App\Controllers\Entry->entry('1WRZ-B-A')
12 SYSTEMPATH/CodeIgniter.php(507): CodeIgniter\CodeIgniter->runController(Object(App\Controllers\Entry))
13 SYSTEMPATH/CodeIgniter.php(354): CodeIgniter\CodeIgniter->handleRequest(null, Object(Config\Cache), false)
14 SYSTEMPATH/Boot.php(363): CodeIgniter\CodeIgniter->run()
15 SYSTEMPATH/Boot.php(68): CodeIgniter\Boot::runCodeIgniter(Object(CodeIgniter\CodeIgniter))
16 FCPATH/index.php(59): CodeIgniter\Boot::bootWeb(Object(Config\Paths))
17 SYSTEMPATH/rewrite.php(44): require_once('/Users/diego/Documents/GitHub/propedia26/public/index.php')
WARNING - 2026-08-30 08:56:52 --> [DEPRECATED] ord(): Providing a string that is not one byte long is deprecated. Use ord($str[0]) instead in SYSTEMPATH/ThirdParty/Escaper/Escaper.php on line 250.
 1 SYSTEMPATH/ThirdParty/Escaper/Escaper.php(250): ord('Å')
 2 SYSTEMPATH/ThirdParty/Escaper/Escaper.php(167): Laminas\Escaper\Escaper->htmlAttrMatcher([...])
 3 [internal function]: Laminas\Escaper\Escaper->{closure:Laminas\Escaper\Escaper::__construct():167}([...])
 4 SYSTEMPATH/ThirdParty/Escaper/Escaper.php(200): preg_replace_callback('/[^a-z0-9,\\.\\-_]/iSu', Object(Closure), 'Complex ASA: Accessible surface area of the complex, given in Å². It corresponds to the ASA (complex) calculated with NACCESS, reported in the Surface section above.')
 5 SYSTEMPATH/Common.php(448): Laminas\Escaper\Escaper->escapeHtmlAttr('Complex ASA: Accessible surface area of the complex, given in Å². It corresponds to the ASA (complex) calculated with NACCESS, reported in the Surface section above.')
 6 APPPATH/Views/entry.php(617): esc('Complex ASA: Accessible surface area of the complex, given in Å². It corresponds to the ASA (complex) calculated with NACCESS, reported in the Surface section above.', 'attr')
 7 SYSTEMPATH/View/View.php(226): include('/Users/diego/Documents/GitHub/propedia26/app/Views/entry.php')
 8 SYSTEMPATH/View/View.php(229): CodeIgniter\View\View->{closure:CodeIgniter\View\View::render():223}()
 9 SYSTEMPATH/Common.php(1167): CodeIgniter\View\View->render('entry', [], true)
10 APPPATH/Controllers/Entry.php(58): view('entry', [...])
11 SYSTEMPATH/CodeIgniter.php(933): App\Controllers\Entry->entry('1WRZ-B-A')
12 SYSTEMPATH/CodeIgniter.php(507): CodeIgniter\CodeIgniter->runController(Object(App\Controllers\Entry))
13 SYSTEMPATH/CodeIgniter.php(354): CodeIgniter\CodeIgniter->handleRequest(null, Object(Config\Cache), false)
14 SYSTEMPATH/Boot.php(363): CodeIgniter\CodeIgniter->run()
15 SYSTEMPATH/Boot.php(68): CodeIgniter\Boot::runCodeIgniter(Object(CodeIgniter\CodeIgniter))
16 FCPATH/index.php(59): CodeIgniter\Boot::bootWeb(Object(Config\Paths))
17 SYSTEMPATH/rewrite.php(44): require_once('/Users/diego/Documents/GitHub/propedia26/public/index.php')
WARNING - 2026-08-30 08:56:52 --> [DEPRECATED] ord(): Providing a string that is not one byte long is deprecated. Use ord($str[0]) instead in SYSTEMPATH/ThirdParty/Escaper/Escaper.php on line 250.
 1 SYSTEMPATH/ThirdParty/Escaper/Escaper.php(250): ord('²')
 2 SYSTEMPATH/ThirdParty/Escaper/Escaper.php(167): Laminas\Escaper\Escaper->htmlAttrMatcher([...])
 3 [internal function]: Laminas\Escaper\Escaper->{closure:Laminas\Escaper\Escaper::__construct():167}([...])
 4 SYSTEMPATH/ThirdParty/Escaper/Escaper.php(200): preg_replace_callback('/[^a-z0-9,\\.\\-_]/iSu', Object(Closure), 'Complex ASA: Accessible surface area of the complex, given in Å². It corresponds to the ASA (complex) calculated with NACCESS, reported in the Surface section above.')
 5 SYSTEMPATH/Common.php(448): Laminas\Escaper\Escaper->escapeHtmlAttr('Complex ASA: Accessible surface area of the complex, given in Å². It corresponds to the ASA (complex) calculated with NACCESS, reported in the Surface section above.')
 6 APPPATH/Views/entry.php(617): esc('Complex ASA: Accessible surface area of the complex, given in Å². It corresponds to the ASA (complex) calculated with NACCESS, reported in the Surface section above.', 'attr')
 7 SYSTEMPATH/View/View.php(226): include('/Users/diego/Documents/GitHub/propedia26/app/Views/entry.php')
 8 SYSTEMPATH/View/View.php(229): CodeIgniter\View\View->{closure:CodeIgniter\View\View::render():223}()
 9 SYSTEMPATH/Common.php(1167): CodeIgniter\View\View->render('entry', [], true)
10 APPPATH/Controllers/Entry.php(58): view('entry', [...])
11 SYSTEMPATH/CodeIgniter.php(933): App\Controllers\Entry->entry('1WRZ-B-A')
12 SYSTEMPATH/CodeIgniter.php(507): CodeIgniter\CodeIgniter->runController(Object(App\Controllers\Entry))
13 SYSTEMPATH/CodeIgniter.php(354): CodeIgniter\CodeIgniter->handleRequest(null, Object(Config\Cache), false)
14 SYSTEMPATH/Boot.php(363): CodeIgniter\CodeIgniter->run()
15 SYSTEMPATH/Boot.php(68): CodeIgniter\Boot::runCodeIgniter(Object(CodeIgniter\CodeIgniter))
16 FCPATH/index.php(59): CodeIgniter\Boot::bootWeb(Object(Config\Paths))
17 SYSTEMPATH/rewrite.php(44): require_once('/Users/diego/Documents/GitHub/propedia26/public/index.php')
WARNING - 2026-08-30 08:56:52 --> [DEPRECATED] ord(): Providing a string that is not one byte long is deprecated. Use ord($str[0]) instead in SYSTEMPATH/ThirdParty/Escaper/Escaper.php on line 250.
 1 SYSTEMPATH/ThirdParty/Escaper/Escaper.php(250): ord('Å')
 2 SYSTEMPATH/ThirdParty/Escaper/Escaper.php(167): Laminas\Escaper\Escaper->htmlAttrMatcher([...])
 3 [internal function]: Laminas\Escaper\Escaper->{closure:Laminas\Escaper\Escaper::__construct():167}([...])
 4 SYSTEMPATH/ThirdParty/Escaper/Escaper.php(200): preg_replace_callback('/[^a-z0-9,\\.\\-_]/iSu', Object(Closure), 'Dissociation Area: Interface area that is broken when the complex dissociates, given in Å². It usually coincides with the interface area.')
 5 SYSTEMPATH/Common.php(448): Laminas\Escaper\Escaper->escapeHtmlAttr('Dissociation Area: Interface area that is broken when the complex dissociates, given in Å². It usually coincides with the interface area.')
 6 APPPATH/Views/entry.php(617): esc('Dissociation Area: Interface area that is broken when the complex dissociates, given in Å². It usually coincides with the interface area.', 'attr')
 7 SYSTEMPATH/View/View.php(226): include('/Users/diego/Documents/GitHub/propedia26/app/Views/entry.php')
 8 SYSTEMPATH/View/View.php(229): CodeIgniter\View\View->{closure:CodeIgniter\View\View::render():223}()
 9 SYSTEMPATH/Common.php(1167): CodeIgniter\View\View->render('entry', [], true)
10 APPPATH/Controllers/Entry.php(58): view('entry', [...])
11 SYSTEMPATH/CodeIgniter.php(933): App\Controllers\Entry->entry('1WRZ-B-A')
12 SYSTEMPATH/CodeIgniter.php(507): CodeIgniter\CodeIgniter->runController(Object(App\Controllers\Entry))
13 SYSTEMPATH/CodeIgniter.php(354): CodeIgniter\CodeIgniter->handleRequest(null, Object(Config\Cache), false)
14 SYSTEMPATH/Boot.php(363): CodeIgniter\CodeIgniter->run()
15 SYSTEMPATH/Boot.php(68): CodeIgniter\Boot::runCodeIgniter(Object(CodeIgniter\CodeIgniter))
16 FCPATH/index.php(59): CodeIgniter\Boot::bootWeb(Object(Config\Paths))
17 SYSTEMPATH/rewrite.php(44): require_once('/Users/diego/Documents/GitHub/propedia26/public/index.php')
WARNING - 2026-08-30 08:56:52 --> [DEPRECATED] ord(): Providing a string that is not one byte long is deprecated. Use ord($str[0]) instead in SYSTEMPATH/ThirdParty/Escaper/Escaper.php on line 250.
 1 SYSTEMPATH/ThirdParty/Escaper/Escaper.php(250): ord('²')
 2 SYSTEMPATH/ThirdParty/Escaper/Escaper.php(167): Laminas\Escaper\Escaper->htmlAttrMatcher([...])
 3 [internal function]: Laminas\Escaper\Escaper->{closure:Laminas\Escaper\Escaper::__construct():167}([...])
 4 SYSTEMPATH/ThirdParty/Escaper/Escaper.php(200): preg_replace_callback('/[^a-z0-9,\\.\\-_]/iSu', Object(Closure), 'Dissociation Area: Interface area that is broken when the complex dissociates, given in Å². It usually coincides with the interface area.')
 5 SYSTEMPATH/Common.php(448): Laminas\Escaper\Escaper->escapeHtmlAttr('Dissociation Area: Interface area that is broken when the complex dissociates, given in Å². It usually coincides with the interface area.')
 6 APPPATH/Views/entry.php(617): esc('Dissociation Area: Interface area that is broken when the complex dissociates, given in Å². It usually coincides with the interface area.', 'attr')
 7 SYSTEMPATH/View/View.php(226): include('/Users/diego/Documents/GitHub/propedia26/app/Views/entry.php')
 8 SYSTEMPATH/View/View.php(229): CodeIgniter\View\View->{closure:CodeIgniter\View\View::render():223}()
 9 SYSTEMPATH/Common.php(1167): CodeIgniter\View\View->render('entry', [], true)
10 APPPATH/Controllers/Entry.php(58): view('entry', [...])
11 SYSTEMPATH/CodeIgniter.php(933): App\Controllers\Entry->entry('1WRZ-B-A')
12 SYSTEMPATH/CodeIgniter.php(507): CodeIgniter\CodeIgniter->runController(Object(App\Controllers\Entry))
13 SYSTEMPATH/CodeIgniter.php(354): CodeIgniter\CodeIgniter->handleRequest(null, Object(Config\Cache), false)
14 SYSTEMPATH/Boot.php(363): CodeIgniter\CodeIgniter->run()
15 SYSTEMPATH/Boot.php(68): CodeIgniter\Boot::runCodeIgniter(Object(CodeIgniter\CodeIgniter))
16 FCPATH/index.php(59): CodeIgniter\Boot::bootWeb(Object(Config\Paths))
17 SYSTEMPATH/rewrite.php(44): require_once('/Users/diego/Documents/GitHub/propedia26/public/index.php')
WARNING - 2026-08-30 08:56:52 --> [DEPRECATED] ord(): Providing a string that is not one byte long is deprecated. Use ord($str[0]) instead in SYSTEMPATH/ThirdParty/Escaper/Escaper.php on line 250.
 1 SYSTEMPATH/ThirdParty/Escaper/Escaper.php(250): ord('Δ')
 2 SYSTEMPATH/ThirdParty/Escaper/Escaper.php(167): Laminas\Escaper\Escaper->htmlAttrMatcher([...])
 3 [internal function]: Laminas\Escaper\Escaper->{closure:Laminas\Escaper\Escaper::__construct():167}([...])
 4 SYSTEMPATH/ThirdParty/Escaper/Escaper.php(200): preg_replace_callback('/[^a-z0-9,\\.\\-_]/iSu', Object(Closure), 'Dissociation Free Energy (ΔGdiss): Free energy required to dissociate the complex, in kcal/mol. Positive values indicate a thermodynamically stable complex. It is the PISA counterpart of the binding affinity predicted by PRODIGY, reported in the Interaction energy section above with the opposite sign.')
 5 SYSTEMPATH/Common.php(448): Laminas\Escaper\Escaper->escapeHtmlAttr('Dissociation Free Energy (ΔGdiss): Free energy required to dissociate the complex, in kcal/mol. Positive values indicate a thermodynamically stable complex. It is the PISA counterpart of the binding affinity predicted by PRODIGY, reported in the Interaction energy section above with the opposite sign.')
 6 APPPATH/Views/entry.php(617): esc('Dissociation Free Energy (ΔGdiss): Free energy required to dissociate the complex, in kcal/mol. Positive values indicate a thermodynamically stable complex. It is the PISA counterpart of the binding affinity predicted by PRODIGY, reported in the Interaction energy section above with the opposite sign.', 'attr')
 7 SYSTEMPATH/View/View.php(226): include('/Users/diego/Documents/GitHub/propedia26/app/Views/entry.php')
 8 SYSTEMPATH/View/View.php(229): CodeIgniter\View\View->{closure:CodeIgniter\View\View::render():223}()
 9 SYSTEMPATH/Common.php(1167): CodeIgniter\View\View->render('entry', [], true)
10 APPPATH/Controllers/Entry.php(58): view('entry', [...])
11 SYSTEMPATH/CodeIgniter.php(933): App\Controllers\Entry->entry('1WRZ-B-A')
12 SYSTEMPATH/CodeIgniter.php(507): CodeIgniter\CodeIgniter->runController(Object(App\Controllers\Entry))
13 SYSTEMPATH/CodeIgniter.php(354): CodeIgniter\CodeIgniter->handleRequest(null, Object(Config\Cache), false)
14 SYSTEMPATH/Boot.php(363): CodeIgniter\CodeIgniter->run()
15 SYSTEMPATH/Boot.php(68): CodeIgniter\Boot::runCodeIgniter(Object(CodeIgniter\CodeIgniter))
16 FCPATH/index.php(59): CodeIgniter\Boot::bootWeb(Object(Config\Paths))
17 SYSTEMPATH/rewrite.php(44): require_once('/Users/diego/Documents/GitHub/propedia26/public/index.php')
WARNING - 2026-08-30 08:56:52 --> [DEPRECATED] ord(): Providing a string that is not one byte long is deprecated. Use ord($str[0]) instead in SYSTEMPATH/ThirdParty/Escaper/Escaper.php on line 250.
 1 SYSTEMPATH/ThirdParty/Escaper/Escaper.php(250): ord('Δ')
 2 SYSTEMPATH/ThirdParty/Escaper/Escaper.php(167): Laminas\Escaper\Escaper->htmlAttrMatcher([...])
 3 [internal function]: Laminas\Escaper\Escaper->{closure:Laminas\Escaper\Escaper::__construct():167}([...])
 4 SYSTEMPATH/ThirdParty/Escaper/Escaper.php(200): preg_replace_callback('/[^a-z0-9,\\.\\-_]/iSu', Object(Closure), 'Solvation Energy Gain (ΔiG): Free energy gain, in kcal/mol, obtained on formation of the interface. Negative values indicate a hydrophobic interface, which favours the association. It does not include the contribution of hydrogen bonds and salt bridges across the interface.')
 5 SYSTEMPATH/Common.php(448): Laminas\Escaper\Escaper->escapeHtmlAttr('Solvation Energy Gain (ΔiG): Free energy gain, in kcal/mol, obtained on formation of the interface. Negative values indicate a hydrophobic interface, which favours the association. It does not include the contribution of hydrogen bonds and salt bridges across the interface.')
 6 APPPATH/Views/entry.php(617): esc('Solvation Energy Gain (ΔiG): Free energy gain, in kcal/mol, obtained on formation of the interface. Negative values indicate a hydrophobic interface, which favours the association. It does not include the contribution of hydrogen bonds and salt bridges across the interface.', 'attr')
 7 SYSTEMPATH/View/View.php(226): include('/Users/diego/Documents/GitHub/propedia26/app/Views/entry.php')
 8 SYSTEMPATH/View/View.php(229): CodeIgniter\View\View->{closure:CodeIgniter\View\View::render():223}()
 9 SYSTEMPATH/Common.php(1167): CodeIgniter\View\View->render('entry', [], true)
10 APPPATH/Controllers/Entry.php(58): view('entry', [...])
11 SYSTEMPATH/CodeIgniter.php(933): App\Controllers\Entry->entry('1WRZ-B-A')
12 SYSTEMPATH/CodeIgniter.php(507): CodeIgniter\CodeIgniter->runController(Object(App\Controllers\Entry))
13 SYSTEMPATH/CodeIgniter.php(354): CodeIgniter\CodeIgniter->handleRequest(null, Object(Config\Cache), false)
14 SYSTEMPATH/Boot.php(363): CodeIgniter\CodeIgniter->run()
15 SYSTEMPATH/Boot.php(68): CodeIgniter\Boot::runCodeIgniter(Object(CodeIgniter\CodeIgniter))
16 FCPATH/index.php(59): CodeIgniter\Boot::bootWeb(Object(Config\Paths))
17 SYSTEMPATH/rewrite.php(44): require_once('/Users/diego/Documents/GitHub/propedia26/public/index.php')
WARNING - 2026-08-30 08:56:52 --> [DEPRECATED] ord(): Providing a string that is not one byte long is deprecated. Use ord($str[0]) instead in SYSTEMPATH/ThirdParty/Escaper/Escaper.php on line 250.
 1 SYSTEMPATH/ThirdParty/Escaper/Escaper.php(250): ord('Δ')
 2 SYSTEMPATH/ThirdParty/Escaper/Escaper.php(167): Laminas\Escaper\Escaper->htmlAttrMatcher([...])
 3 [internal function]: Laminas\Escaper\Escaper->{closure:Laminas\Escaper\Escaper::__construct():167}([...])
 4 SYSTEMPATH/ThirdParty/Escaper/Escaper.php(200): preg_replace_callback('/[^a-z0-9,\\.\\-_]/iSu', Object(Closure), 'ΔiG P-value: Statistical significance of the solvation energy gain. Values below 0.5 indicate an interface more hydrophobic than would be expected by chance, that is, an interface likely to be interaction-specific rather than a crystal-packing artefact.')
 5 SYSTEMPATH/Common.php(448): Laminas\Escaper\Escaper->escapeHtmlAttr('ΔiG P-value: Statistical significance of the solvation energy gain. Values below 0.5 indicate an interface more hydrophobic than would be expected by chance, that is, an interface likely to be interaction-specific rather than a crystal-packing artefact.')
 6 APPPATH/Views/entry.php(617): esc('ΔiG P-value: Statistical significance of the solvation energy gain. Values below 0.5 indicate an interface more hydrophobic than would be expected by chance, that is, an interface likely to be interaction-specific rather than a crystal-packing artefact.', 'attr')
 7 SYSTEMPATH/View/View.php(226): include('/Users/diego/Documents/GitHub/propedia26/app/Views/entry.php')
 8 SYSTEMPATH/View/View.php(229): CodeIgniter\View\View->{closure:CodeIgniter\View\View::render():223}()
 9 SYSTEMPATH/Common.php(1167): CodeIgniter\View\View->render('entry', [], true)
10 APPPATH/Controllers/Entry.php(58): view('entry', [...])
11 SYSTEMPATH/CodeIgniter.php(933): App\Controllers\Entry->entry('1WRZ-B-A')
12 SYSTEMPATH/CodeIgniter.php(507): CodeIgniter\CodeIgniter->runController(Object(App\Controllers\Entry))
13 SYSTEMPATH/CodeIgniter.php(354): CodeIgniter\CodeIgniter->handleRequest(null, Object(Config\Cache), false)
14 SYSTEMPATH/Boot.php(363): CodeIgniter\CodeIgniter->run()
15 SYSTEMPATH/Boot.php(68): CodeIgniter\Boot::runCodeIgniter(Object(CodeIgniter\CodeIgniter))
16 FCPATH/index.php(59): CodeIgniter\Boot::bootWeb(Object(Config\Paths))
17 SYSTEMPATH/rewrite.php(44): require_once('/Users/diego/Documents/GitHub/propedia26/public/index.php')
WARNING - 2026-08-30 08:56:52 --> [DEPRECATED] ord(): Providing a string that is not one byte long is deprecated. Use ord($str[0]) instead in SYSTEMPATH/ThirdParty/Escaper/Escaper.php on line 250.
 1 SYSTEMPATH/ThirdParty/Escaper/Escaper.php(250): ord('Δ')
 2 SYSTEMPATH/ThirdParty/Escaper/Escaper.php(167): Laminas\Escaper\Escaper->htmlAttrMatcher([...])
 3 [internal function]: Laminas\Escaper\Escaper->{closure:Laminas\Escaper\Escaper::__construct():167}([...])
 4 SYSTEMPATH/ThirdParty/Escaper/Escaper.php(200): preg_replace_callback('/[^a-z0-9,\\.\\-_]/iSu', Object(Closure), 'Total Interaction Energy: Solvation energy gain summed over all the interfaces of the structure, in kcal/mol. It is equal to the interface ΔiG when the structure has a single interface.')
 5 SYSTEMPATH/Common.php(448): Laminas\Escaper\Escaper->escapeHtmlAttr('Total Interaction Energy: Solvation energy gain summed over all the interfaces of the structure, in kcal/mol. It is equal to the interface ΔiG when the structure has a single interface.')
 6 APPPATH/Views/entry.php(617): esc('Total Interaction Energy: Solvation energy gain summed over all the interfaces of the structure, in kcal/mol. It is equal to the interface ΔiG when the structure has a single interface.', 'attr')
 7 SYSTEMPATH/View/View.php(226): include('/Users/diego/Documents/GitHub/propedia26/app/Views/entry.php')
 8 SYSTEMPATH/View/View.php(229): CodeIgniter\View\View->{closure:CodeIgniter\View\View::render():223}()
 9 SYSTEMPATH/Common.php(1167): CodeIgniter\View\View->render('entry', [], true)
10 APPPATH/Controllers/Entry.php(58): view('entry', [...])
11 SYSTEMPATH/CodeIgniter.php(933): App\Controllers\Entry->entry('1WRZ-B-A')
12 SYSTEMPATH/CodeIgniter.php(507): CodeIgniter\CodeIgniter->runController(Object(App\Controllers\Entry))
13 SYSTEMPATH/CodeIgniter.php(354): CodeIgniter\CodeIgniter->handleRequest(null, Object(Config\Cache), false)
14 SYSTEMPATH/Boot.php(363): CodeIgniter\CodeIgniter->run()
15 SYSTEMPATH/Boot.php(68): CodeIgniter\Boot::runCodeIgniter(Object(CodeIgniter\CodeIgniter))
16 FCPATH/index.php(59): CodeIgniter\Boot::bootWeb(Object(Config\Paths))
17 SYSTEMPATH/rewrite.php(44): require_once('/Users/diego/Documents/GitHub/propedia26/public/index.php')
WARNING - 2026-08-30 08:56:52 --> [DEPRECATED] ord(): Providing a string that is not one byte long is deprecated. Use ord($str[0]) instead in SYSTEMPATH/ThirdParty/Escaper/Escaper.php on line 250.
 1 SYSTEMPATH/ThirdParty/Escaper/Escaper.php(250): ord('Δ')
 2 SYSTEMPATH/ThirdParty/Escaper/Escaper.php(167): Laminas\Escaper\Escaper->htmlAttrMatcher([...])
 3 [internal function]: Laminas\Escaper\Escaper->{closure:Laminas\Escaper\Escaper::__construct():167}([...])
 4 SYSTEMPATH/ThirdParty/Escaper/Escaper.php(200): preg_replace_callback('/[^a-z0-9,\\.\\-_]/iSu', Object(Closure), 'Dissociation Entropy (TΔS): Entropic cost of the association, in kcal/mol. It always opposes the formation of the complex and is taken into account in the calculation of ΔGdiss.')
 5 SYSTEMPATH/Common.php(448): Laminas\Escaper\Escaper->escapeHtmlAttr('Dissociation Entropy (TΔS): Entropic cost of the association, in kcal/mol. It always opposes the formation of the complex and is taken into account in the calculation of ΔGdiss.')
 6 APPPATH/Views/entry.php(617): esc('Dissociation Entropy (TΔS): Entropic cost of the association, in kcal/mol. It always opposes the formation of the complex and is taken into account in the calculation of ΔGdiss.', 'attr')
 7 SYSTEMPATH/View/View.php(226): include('/Users/diego/Documents/GitHub/propedia26/app/Views/entry.php')
 8 SYSTEMPATH/View/View.php(229): CodeIgniter\View\View->{closure:CodeIgniter\View\View::render():223}()
 9 SYSTEMPATH/Common.php(1167): CodeIgniter\View\View->render('entry', [], true)
10 APPPATH/Controllers/Entry.php(58): view('entry', [...])
11 SYSTEMPATH/CodeIgniter.php(933): App\Controllers\Entry->entry('1WRZ-B-A')
12 SYSTEMPATH/CodeIgniter.php(507): CodeIgniter\CodeIgniter->runController(Object(App\Controllers\Entry))
13 SYSTEMPATH/CodeIgniter.php(354): CodeIgniter\CodeIgniter->handleRequest(null, Object(Config\Cache), false)
14 SYSTEMPATH/Boot.php(363): CodeIgniter\CodeIgniter->run()
15 SYSTEMPATH/Boot.php(68): CodeIgniter\Boot::runCodeIgniter(Object(CodeIgniter\CodeIgniter))
16 FCPATH/index.php(59): CodeIgniter\Boot::bootWeb(Object(Config\Paths))
17 SYSTEMPATH/rewrite.php(44): require_once('/Users/diego/Documents/GitHub/propedia26/public/index.php')
WARNING - 2026-08-30 08:56:52 --> [DEPRECATED] ord(): Providing a string that is not one byte long is deprecated. Use ord($str[0]) instead in SYSTEMPATH/ThirdParty/Escaper/Escaper.php on line 250.
 1 SYSTEMPATH/ThirdParty/Escaper/Escaper.php(250): ord('Δ')
 2 SYSTEMPATH/ThirdParty/Escaper/Escaper.php(167): Laminas\Escaper\Escaper->htmlAttrMatcher([...])
 3 [internal function]: Laminas\Escaper\Escaper->{closure:Laminas\Escaper\Escaper::__construct():167}([...])
 4 SYSTEMPATH/ThirdParty/Escaper/Escaper.php(200): preg_replace_callback('/[^a-z0-9,\\.\\-_]/iSu', Object(Closure), 'Dissociation Entropy (TΔS): Entropic cost of the association, in kcal/mol. It always opposes the formation of the complex and is taken into account in the calculation of ΔGdiss.')
 5 SYSTEMPATH/Common.php(448): Laminas\Escaper\Escaper->escapeHtmlAttr('Dissociation Entropy (TΔS): Entropic cost of the association, in kcal/mol. It always opposes the formation of the complex and is taken into account in the calculation of ΔGdiss.')
 6 APPPATH/Views/entry.php(617): esc('Dissociation Entropy (TΔS): Entropic cost of the association, in kcal/mol. It always opposes the formation of the complex and is taken into account in the calculation of ΔGdiss.', 'attr')
 7 SYSTEMPATH/View/View.php(226): include('/Users/diego/Documents/GitHub/propedia26/app/Views/entry.php')
 8 SYSTEMPATH/View/View.php(229): CodeIgniter\View\View->{closure:CodeIgniter\View\View::render():223}()
 9 SYSTEMPATH/Common.php(1167): CodeIgniter\View\View->render('entry', [], true)
10 APPPATH/Controllers/Entry.php(58): view('entry', [...])
11 SYSTEMPATH/CodeIgniter.php(933): App\Controllers\Entry->entry('1WRZ-B-A')
12 SYSTEMPATH/CodeIgniter.php(507): CodeIgniter\CodeIgniter->runController(Object(App\Controllers\Entry))
13 SYSTEMPATH/CodeIgniter.php(354): CodeIgniter\CodeIgniter->handleRequest(null, Object(Config\Cache), false)
14 SYSTEMPATH/Boot.php(363): CodeIgniter\CodeIgniter->run()
15 SYSTEMPATH/Boot.php(68): CodeIgniter\Boot::runCodeIgniter(Object(CodeIgniter\CodeIgniter))
16 FCPATH/index.php(59): CodeIgniter\Boot::bootWeb(Object(Config\Paths))
17 SYSTEMPATH/rewrite.php(44): require_once('/Users/diego/Documents/GitHub/propedia26/public/index.php')
DEBUG - 2026-08-30 08:56:52 --> Session: Class initialized using 'CodeIgniter\Session\Handlers\FileHandler' driver.
DEBUG - 2026-08-30 08:56:54 --> Session: Class initialized using 'CodeIgniter\Session\Handlers\FileHandler' driver.
DEBUG - 2026-08-30 08:57:16 --> Session: Class initialized using 'CodeIgniter\Session\Handlers\FileHandler' driver.
WARNING - 2026-08-30 08:57:22 --> [DEPRECATED] fgetcsv(): the $escape parameter must be provided as its default value will change in APPPATH/Controllers/Entry.php on line 37.
 1 APPPATH/Controllers/Entry.php(37): fgetcsv(resource (stream), 0, ';')
 2 SYSTEMPATH/CodeIgniter.php(933): App\Controllers\Entry->entry('1WRZ-B-A')
 3 SYSTEMPATH/CodeIgniter.php(507): CodeIgniter\CodeIgniter->runController(Object(App\Controllers\Entry))
 4 SYSTEMPATH/CodeIgniter.php(354): CodeIgniter\CodeIgniter->handleRequest(null, Object(Config\Cache), false)
 5 SYSTEMPATH/Boot.php(363): CodeIgniter\CodeIgniter->run()
 6 SYSTEMPATH/Boot.php(68): CodeIgniter\Boot::runCodeIgniter(Object(CodeIgniter\CodeIgniter))
 7 FCPATH/index.php(59): CodeIgniter\Boot::bootWeb(Object(Config\Paths))
 8 SYSTEMPATH/rewrite.php(44): require_once('/Users/diego/Documents/GitHub/propedia26/public/index.php')
WARNING - 2026-08-30 08:57:22 --> [DEPRECATED] ord(): Providing a string that is not one byte long is deprecated. Use ord($str[0]) instead in SYSTEMPATH/ThirdParty/Escaper/Escaper.php on line 250.
 1 SYSTEMPATH/ThirdParty/Escaper/Escaper.php(250): ord('Å')
 2 SYSTEMPATH/ThirdParty/Escaper/Escaper.php(167): Laminas\Escaper\Escaper->htmlAttrMatcher([...])
 3 [internal function]: Laminas\Escaper\Escaper->{closure:Laminas\Escaper\Escaper::__construct():167}([...])
 4 SYSTEMPATH/ThirdParty/Escaper/Escaper.php(200): preg_replace_callback('/[^a-z0-9,\\.\\-_]/iSu', Object(Closure), 'Interface Area: Area of one face of the protein-peptide interface, given in Å². It corresponds to the BSA calculated with NACCESS, reported in the Surface section above.')
 5 SYSTEMPATH/Common.php(448): Laminas\Escaper\Escaper->escapeHtmlAttr('Interface Area: Area of one face of the protein-peptide interface, given in Å². It corresponds to the BSA calculated with NACCESS, reported in the Surface section above.')
 6 APPPATH/Views/entry.php(617): esc('Interface Area: Area of one face of the protein-peptide interface, given in Å². It corresponds to the BSA calculated with NACCESS, reported in the Surface section above.', 'attr')
 7 SYSTEMPATH/View/View.php(226): include('/Users/diego/Documents/GitHub/propedia26/app/Views/entry.php')
 8 SYSTEMPATH/View/View.php(229): CodeIgniter\View\View->{closure:CodeIgniter\View\View::render():223}()
 9 SYSTEMPATH/Common.php(1167): CodeIgniter\View\View->render('entry', [], true)
10 APPPATH/Controllers/Entry.php(58): view('entry', [...])
11 SYSTEMPATH/CodeIgniter.php(933): App\Controllers\Entry->entry('1WRZ-B-A')
12 SYSTEMPATH/CodeIgniter.php(507): CodeIgniter\CodeIgniter->runController(Object(App\Controllers\Entry))
13 SYSTEMPATH/CodeIgniter.php(354): CodeIgniter\CodeIgniter->handleRequest(null, Object(Config\Cache), false)
14 SYSTEMPATH/Boot.php(363): CodeIgniter\CodeIgniter->run()
15 SYSTEMPATH/Boot.php(68): CodeIgniter\Boot::runCodeIgniter(Object(CodeIgniter\CodeIgniter))
16 FCPATH/index.php(59): CodeIgniter\Boot::bootWeb(Object(Config\Paths))
17 SYSTEMPATH/rewrite.php(44): require_once('/Users/diego/Documents/GitHub/propedia26/public/index.php')
WARNING - 2026-08-30 08:57:22 --> [DEPRECATED] ord(): Providing a string that is not one byte long is deprecated. Use ord($str[0]) instead in SYSTEMPATH/ThirdParty/Escaper/Escaper.php on line 250.
 1 SYSTEMPATH/ThirdParty/Escaper/Escaper.php(250): ord('²')
 2 SYSTEMPATH/ThirdParty/Escaper/Escaper.php(167): Laminas\Escaper\Escaper->htmlAttrMatcher([...])
 3 [internal function]: Laminas\Escaper\Escaper->{closure:Laminas\Escaper\Escaper::__construct():167}([...])
 4 SYSTEMPATH/ThirdParty/Escaper/Escaper.php(200): preg_replace_callback('/[^a-z0-9,\\.\\-_]/iSu', Object(Closure), 'Interface Area: Area of one face of the protein-peptide interface, given in Å². It corresponds to the BSA calculated with NACCESS, reported in the Surface section above.')
 5 SYSTEMPATH/Common.php(448): Laminas\Escaper\Escaper->escapeHtmlAttr('Interface Area: Area of one face of the protein-peptide interface, given in Å². It corresponds to the BSA calculated with NACCESS, reported in the Surface section above.')
 6 APPPATH/Views/entry.php(617): esc('Interface Area: Area of one face of the protein-peptide interface, given in Å². It corresponds to the BSA calculated with NACCESS, reported in the Surface section above.', 'attr')
 7 SYSTEMPATH/View/View.php(226): include('/Users/diego/Documents/GitHub/propedia26/app/Views/entry.php')
 8 SYSTEMPATH/View/View.php(229): CodeIgniter\View\View->{closure:CodeIgniter\View\View::render():223}()
 9 SYSTEMPATH/Common.php(1167): CodeIgniter\View\View->render('entry', [], true)
10 APPPATH/Controllers/Entry.php(58): view('entry', [...])
11 SYSTEMPATH/CodeIgniter.php(933): App\Controllers\Entry->entry('1WRZ-B-A')
12 SYSTEMPATH/CodeIgniter.php(507): CodeIgniter\CodeIgniter->runController(Object(App\Controllers\Entry))
13 SYSTEMPATH/CodeIgniter.php(354): CodeIgniter\CodeIgniter->handleRequest(null, Object(Config\Cache), false)
14 SYSTEMPATH/Boot.php(363): CodeIgniter\CodeIgniter->run()
15 SYSTEMPATH/Boot.php(68): CodeIgniter\Boot::runCodeIgniter(Object(CodeIgniter\CodeIgniter))
16 FCPATH/index.php(59): CodeIgniter\Boot::bootWeb(Object(Config\Paths))
17 SYSTEMPATH/rewrite.php(44): require_once('/Users/diego/Documents/GitHub/propedia26/public/index.php')
WARNING - 2026-08-30 08:57:22 --> [DEPRECATED] ord(): Providing a string that is not one byte long is deprecated. Use ord($str[0]) instead in SYSTEMPATH/ThirdParty/Escaper/Escaper.php on line 250.
 1 SYSTEMPATH/ThirdParty/Escaper/Escaper.php(250): ord('Å')
 2 SYSTEMPATH/ThirdParty/Escaper/Escaper.php(167): Laminas\Escaper\Escaper->htmlAttrMatcher([...])
 3 [internal function]: Laminas\Escaper\Escaper->{closure:Laminas\Escaper\Escaper::__construct():167}([...])
 4 SYSTEMPATH/ThirdParty/Escaper/Escaper.php(200): preg_replace_callback('/[^a-z0-9,\\.\\-_]/iSu', Object(Closure), 'Buried Area (peptide): Peptide surface area that becomes buried upon formation of the interface (value given in Å²).')
 5 SYSTEMPATH/Common.php(448): Laminas\Escaper\Escaper->escapeHtmlAttr('Buried Area (peptide): Peptide surface area that becomes buried upon formation of the interface (value given in Å²).')
 6 APPPATH/Views/entry.php(617): esc('Buried Area (peptide): Peptide surface area that becomes buried upon formation of the interface (value given in Å²).', 'attr')
 7 SYSTEMPATH/View/View.php(226): include('/Users/diego/Documents/GitHub/propedia26/app/Views/entry.php')
 8 SYSTEMPATH/View/View.php(229): CodeIgniter\View\View->{closure:CodeIgniter\View\View::render():223}()
 9 SYSTEMPATH/Common.php(1167): CodeIgniter\View\View->render('entry', [], true)
10 APPPATH/Controllers/Entry.php(58): view('entry', [...])
11 SYSTEMPATH/CodeIgniter.php(933): App\Controllers\Entry->entry('1WRZ-B-A')
12 SYSTEMPATH/CodeIgniter.php(507): CodeIgniter\CodeIgniter->runController(Object(App\Controllers\Entry))
13 SYSTEMPATH/CodeIgniter.php(354): CodeIgniter\CodeIgniter->handleRequest(null, Object(Config\Cache), false)
14 SYSTEMPATH/Boot.php(363): CodeIgniter\CodeIgniter->run()
15 SYSTEMPATH/Boot.php(68): CodeIgniter\Boot::runCodeIgniter(Object(CodeIgniter\CodeIgniter))
16 FCPATH/index.php(59): CodeIgniter\Boot::bootWeb(Object(Config\Paths))
17 SYSTEMPATH/rewrite.php(44): require_once('/Users/diego/Documents/GitHub/propedia26/public/index.php')
WARNING - 2026-08-30 08:57:22 --> [DEPRECATED] ord(): Providing a string that is not one byte long is deprecated. Use ord($str[0]) instead in SYSTEMPATH/ThirdParty/Escaper/Escaper.php on line 250.
 1 SYSTEMPATH/ThirdParty/Escaper/Escaper.php(250): ord('²')
 2 SYSTEMPATH/ThirdParty/Escaper/Escaper.php(167): Laminas\Escaper\Escaper->htmlAttrMatcher([...])
 3 [internal function]: Laminas\Escaper\Escaper->{closure:Laminas\Escaper\Escaper::__construct():167}([...])
 4 SYSTEMPATH/ThirdParty/Escaper/Escaper.php(200): preg_replace_callback('/[^a-z0-9,\\.\\-_]/iSu', Object(Closure), 'Buried Area (peptide): Peptide surface area that becomes buried upon formation of the interface (value given in Å²).')
 5 SYSTEMPATH/Common.php(448): Laminas\Escaper\Escaper->escapeHtmlAttr('Buried Area (peptide): Peptide surface area that becomes buried upon formation of the interface (value given in Å²).')
 6 APPPATH/Views/entry.php(617): esc('Buried Area (peptide): Peptide surface area that becomes buried upon formation of the interface (value given in Å²).', 'attr')
 7 SYSTEMPATH/View/View.php(226): include('/Users/diego/Documents/GitHub/propedia26/app/Views/entry.php')
 8 SYSTEMPATH/View/View.php(229): CodeIgniter\View\View->{closure:CodeIgniter\View\View::render():223}()
 9 SYSTEMPATH/Common.php(1167): CodeIgniter\View\View->render('entry', [], true)
10 APPPATH/Controllers/Entry.php(58): view('entry', [...])
11 SYSTEMPATH/CodeIgniter.php(933): App\Controllers\Entry->entry('1WRZ-B-A')
12 SYSTEMPATH/CodeIgniter.php(507): CodeIgniter\CodeIgniter->runController(Object(App\Controllers\Entry))
13 SYSTEMPATH/CodeIgniter.php(354): CodeIgniter\CodeIgniter->handleRequest(null, Object(Config\Cache), false)
14 SYSTEMPATH/Boot.php(363): CodeIgniter\CodeIgniter->run()
15 SYSTEMPATH/Boot.php(68): CodeIgniter\Boot::runCodeIgniter(Object(CodeIgniter\CodeIgniter))
16 FCPATH/index.php(59): CodeIgniter\Boot::bootWeb(Object(Config\Paths))
17 SYSTEMPATH/rewrite.php(44): require_once('/Users/diego/Documents/GitHub/propedia26/public/index.php')
WARNING - 2026-08-30 08:57:22 --> [DEPRECATED] ord(): Providing a string that is not one byte long is deprecated. Use ord($str[0]) instead in SYSTEMPATH/ThirdParty/Escaper/Escaper.php on line 250.
 1 SYSTEMPATH/ThirdParty/Escaper/Escaper.php(250): ord('Å')
 2 SYSTEMPATH/ThirdParty/Escaper/Escaper.php(167): Laminas\Escaper\Escaper->htmlAttrMatcher([...])
 3 [internal function]: Laminas\Escaper\Escaper->{closure:Laminas\Escaper\Escaper::__construct():167}([...])
 4 SYSTEMPATH/ThirdParty/Escaper/Escaper.php(200): preg_replace_callback('/[^a-z0-9,\\.\\-_]/iSu', Object(Closure), 'Buried Area (protein): Protein surface area that becomes buried upon formation of the interface (value given in Å²).')
 5 SYSTEMPATH/Common.php(448): Laminas\Escaper\Escaper->escapeHtmlAttr('Buried Area (protein): Protein surface area that becomes buried upon formation of the interface (value given in Å²).')
 6 APPPATH/Views/entry.php(617): esc('Buried Area (protein): Protein surface area that becomes buried upon formation of the interface (value given in Å²).', 'attr')
 7 SYSTEMPATH/View/View.php(226): include('/Users/diego/Documents/GitHub/propedia26/app/Views/entry.php')
 8 SYSTEMPATH/View/View.php(229): CodeIgniter\View\View->{closure:CodeIgniter\View\View::render():223}()
 9 SYSTEMPATH/Common.php(1167): CodeIgniter\View\View->render('entry', [], true)
10 APPPATH/Controllers/Entry.php(58): view('entry', [...])
11 SYSTEMPATH/CodeIgniter.php(933): App\Controllers\Entry->entry('1WRZ-B-A')
12 SYSTEMPATH/CodeIgniter.php(507): CodeIgniter\CodeIgniter->runController(Object(App\Controllers\Entry))
13 SYSTEMPATH/CodeIgniter.php(354): CodeIgniter\CodeIgniter->handleRequest(null, Object(Config\Cache), false)
14 SYSTEMPATH/Boot.php(363): CodeIgniter\CodeIgniter->run()
15 SYSTEMPATH/Boot.php(68): CodeIgniter\Boot::runCodeIgniter(Object(CodeIgniter\CodeIgniter))
16 FCPATH/index.php(59): CodeIgniter\Boot::bootWeb(Object(Config\Paths))
17 SYSTEMPATH/rewrite.php(44): require_once('/Users/diego/Documents/GitHub/propedia26/public/index.php')
WARNING - 2026-08-30 08:57:22 --> [DEPRECATED] ord(): Providing a string that is not one byte long is deprecated. Use ord($str[0]) instead in SYSTEMPATH/ThirdParty/Escaper/Escaper.php on line 250.
 1 SYSTEMPATH/ThirdParty/Escaper/Escaper.php(250): ord('²')
 2 SYSTEMPATH/ThirdParty/Escaper/Escaper.php(167): Laminas\Escaper\Escaper->htmlAttrMatcher([...])
 3 [internal function]: Laminas\Escaper\Escaper->{closure:Laminas\Escaper\Escaper::__construct():167}([...])
 4 SYSTEMPATH/ThirdParty/Escaper/Escaper.php(200): preg_replace_callback('/[^a-z0-9,\\.\\-_]/iSu', Object(Closure), 'Buried Area (protein): Protein surface area that becomes buried upon formation of the interface (value given in Å²).')
 5 SYSTEMPATH/Common.php(448): Laminas\Escaper\Escaper->escapeHtmlAttr('Buried Area (protein): Protein surface area that becomes buried upon formation of the interface (value given in Å²).')
 6 APPPATH/Views/entry.php(617): esc('Buried Area (protein): Protein surface area that becomes buried upon formation of the interface (value given in Å²).', 'attr')
 7 SYSTEMPATH/View/View.php(226): include('/Users/diego/Documents/GitHub/propedia26/app/Views/entry.php')
 8 SYSTEMPATH/View/View.php(229): CodeIgniter\View\View->{closure:CodeIgniter\View\View::render():223}()
 9 SYSTEMPATH/Common.php(1167): CodeIgniter\View\View->render('entry', [], true)
10 APPPATH/Controllers/Entry.php(58): view('entry', [...])
11 SYSTEMPATH/CodeIgniter.php(933): App\Controllers\Entry->entry('1WRZ-B-A')
12 SYSTEMPATH/CodeIgniter.php(507): CodeIgniter\CodeIgniter->runController(Object(App\Controllers\Entry))
13 SYSTEMPATH/CodeIgniter.php(354): CodeIgniter\CodeIgniter->handleRequest(null, Object(Config\Cache), false)
14 SYSTEMPATH/Boot.php(363): CodeIgniter\CodeIgniter->run()
15 SYSTEMPATH/Boot.php(68): CodeIgniter\Boot::runCodeIgniter(Object(CodeIgniter\CodeIgniter))
16 FCPATH/index.php(59): CodeIgniter\Boot::bootWeb(Object(Config\Paths))
17 SYSTEMPATH/rewrite.php(44): require_once('/Users/diego/Documents/GitHub/propedia26/public/index.php')
WARNING - 2026-08-30 08:57:22 --> [DEPRECATED] ord(): Providing a string that is not one byte long is deprecated. Use ord($str[0]) instead in SYSTEMPATH/ThirdParty/Escaper/Escaper.php on line 250.
 1 SYSTEMPATH/ThirdParty/Escaper/Escaper.php(250): ord('Å')
 2 SYSTEMPATH/ThirdParty/Escaper/Escaper.php(167): Laminas\Escaper\Escaper->htmlAttrMatcher([...])
 3 [internal function]: Laminas\Escaper\Escaper->{closure:Laminas\Escaper\Escaper::__construct():167}([...])
 4 SYSTEMPATH/ThirdParty/Escaper/Escaper.php(200): preg_replace_callback('/[^a-z0-9,\\.\\-_]/iSu', Object(Closure), 'Total Buried Area: Total surface area buried by the association, counting both faces of the interface, in Å². It is therefore about twice the BSA reported by NACCESS, which counts a single face.')
 5 SYSTEMPATH/Common.php(448): Laminas\Escaper\Escaper->escapeHtmlAttr('Total Buried Area: Total surface area buried by the association, counting both faces of the interface, in Å². It is therefore about twice the BSA reported by NACCESS, which counts a single face.')
 6 APPPATH/Views/entry.php(617): esc('Total Buried Area: Total surface area buried by the association, counting both faces of the interface, in Å². It is therefore about twice the BSA reported by NACCESS, which counts a single face.', 'attr')
 7 SYSTEMPATH/View/View.php(226): include('/Users/diego/Documents/GitHub/propedia26/app/Views/entry.php')
 8 SYSTEMPATH/View/View.php(229): CodeIgniter\View\View->{closure:CodeIgniter\View\View::render():223}()
 9 SYSTEMPATH/Common.php(1167): CodeIgniter\View\View->render('entry', [], true)
10 APPPATH/Controllers/Entry.php(58): view('entry', [...])
11 SYSTEMPATH/CodeIgniter.php(933): App\Controllers\Entry->entry('1WRZ-B-A')
12 SYSTEMPATH/CodeIgniter.php(507): CodeIgniter\CodeIgniter->runController(Object(App\Controllers\Entry))
13 SYSTEMPATH/CodeIgniter.php(354): CodeIgniter\CodeIgniter->handleRequest(null, Object(Config\Cache), false)
14 SYSTEMPATH/Boot.php(363): CodeIgniter\CodeIgniter->run()
15 SYSTEMPATH/Boot.php(68): CodeIgniter\Boot::runCodeIgniter(Object(CodeIgniter\CodeIgniter))
16 FCPATH/index.php(59): CodeIgniter\Boot::bootWeb(Object(Config\Paths))
17 SYSTEMPATH/rewrite.php(44): require_once('/Users/diego/Documents/GitHub/propedia26/public/index.php')
WARNING - 2026-08-30 08:57:22 --> [DEPRECATED] ord(): Providing a string that is not one byte long is deprecated. Use ord($str[0]) instead in SYSTEMPATH/ThirdParty/Escaper/Escaper.php on line 250.
 1 SYSTEMPATH/ThirdParty/Escaper/Escaper.php(250): ord('²')
 2 SYSTEMPATH/ThirdParty/Escaper/Escaper.php(167): Laminas\Escaper\Escaper->htmlAttrMatcher([...])
 3 [internal function]: Laminas\Escaper\Escaper->{closure:Laminas\Escaper\Escaper::__construct():167}([...])
 4 SYSTEMPATH/ThirdParty/Escaper/Escaper.php(200): preg_replace_callback('/[^a-z0-9,\\.\\-_]/iSu', Object(Closure), 'Total Buried Area: Total surface area buried by the association, counting both faces of the interface, in Å². It is therefore about twice the BSA reported by NACCESS, which counts a single face.')
 5 SYSTEMPATH/Common.php(448): Laminas\Escaper\Escaper->escapeHtmlAttr('Total Buried Area: Total surface area buried by the association, counting both faces of the interface, in Å². It is therefore about twice the BSA reported by NACCESS, which counts a single face.')
 6 APPPATH/Views/entry.php(617): esc('Total Buried Area: Total surface area buried by the association, counting both faces of the interface, in Å². It is therefore about twice the BSA reported by NACCESS, which counts a single face.', 'attr')
 7 SYSTEMPATH/View/View.php(226): include('/Users/diego/Documents/GitHub/propedia26/app/Views/entry.php')
 8 SYSTEMPATH/View/View.php(229): CodeIgniter\View\View->{closure:CodeIgniter\View\View::render():223}()
 9 SYSTEMPATH/Common.php(1167): CodeIgniter\View\View->render('entry', [], true)
10 APPPATH/Controllers/Entry.php(58): view('entry', [...])
11 SYSTEMPATH/CodeIgniter.php(933): App\Controllers\Entry->entry('1WRZ-B-A')
12 SYSTEMPATH/CodeIgniter.php(507): CodeIgniter\CodeIgniter->runController(Object(App\Controllers\Entry))
13 SYSTEMPATH/CodeIgniter.php(354): CodeIgniter\CodeIgniter->handleRequest(null, Object(Config\Cache), false)
14 SYSTEMPATH/Boot.php(363): CodeIgniter\CodeIgniter->run()
15 SYSTEMPATH/Boot.php(68): CodeIgniter\Boot::runCodeIgniter(Object(CodeIgniter\CodeIgniter))
16 FCPATH/index.php(59): CodeIgniter\Boot::bootWeb(Object(Config\Paths))
17 SYSTEMPATH/rewrite.php(44): require_once('/Users/diego/Documents/GitHub/propedia26/public/index.php')
WARNING - 2026-08-30 08:57:22 --> [DEPRECATED] ord(): Providing a string that is not one byte long is deprecated. Use ord($str[0]) instead in SYSTEMPATH/ThirdParty/Escaper/Escaper.php on line 250.
 1 SYSTEMPATH/ThirdParty/Escaper/Escaper.php(250): ord('Å')
 2 SYSTEMPATH/ThirdParty/Escaper/Escaper.php(167): Laminas\Escaper\Escaper->htmlAttrMatcher([...])
 3 [internal function]: Laminas\Escaper\Escaper->{closure:Laminas\Escaper\Escaper::__construct():167}([...])
 4 SYSTEMPATH/ThirdParty/Escaper/Escaper.php(200): preg_replace_callback('/[^a-z0-9,\\.\\-_]/iSu', Object(Closure), 'Complex ASA: Accessible surface area of the complex, given in Å². It corresponds to the ASA (complex) calculated with NACCESS, reported in the Surface section above.')
 5 SYSTEMPATH/Common.php(448): Laminas\Escaper\Escaper->escapeHtmlAttr('Complex ASA: Accessible surface area of the complex, given in Å². It corresponds to the ASA (complex) calculated with NACCESS, reported in the Surface section above.')
 6 APPPATH/Views/entry.php(617): esc('Complex ASA: Accessible surface area of the complex, given in Å². It corresponds to the ASA (complex) calculated with NACCESS, reported in the Surface section above.', 'attr')
 7 SYSTEMPATH/View/View.php(226): include('/Users/diego/Documents/GitHub/propedia26/app/Views/entry.php')
 8 SYSTEMPATH/View/View.php(229): CodeIgniter\View\View->{closure:CodeIgniter\View\View::render():223}()
 9 SYSTEMPATH/Common.php(1167): CodeIgniter\View\View->render('entry', [], true)
10 APPPATH/Controllers/Entry.php(58): view('entry', [...])
11 SYSTEMPATH/CodeIgniter.php(933): App\Controllers\Entry->entry('1WRZ-B-A')
12 SYSTEMPATH/CodeIgniter.php(507): CodeIgniter\CodeIgniter->runController(Object(App\Controllers\Entry))
13 SYSTEMPATH/CodeIgniter.php(354): CodeIgniter\CodeIgniter->handleRequest(null, Object(Config\Cache), false)
14 SYSTEMPATH/Boot.php(363): CodeIgniter\CodeIgniter->run()
15 SYSTEMPATH/Boot.php(68): CodeIgniter\Boot::runCodeIgniter(Object(CodeIgniter\CodeIgniter))
16 FCPATH/index.php(59): CodeIgniter\Boot::bootWeb(Object(Config\Paths))
17 SYSTEMPATH/rewrite.php(44): require_once('/Users/diego/Documents/GitHub/propedia26/public/index.php')
WARNING - 2026-08-30 08:57:22 --> [DEPRECATED] ord(): Providing a string that is not one byte long is deprecated. Use ord($str[0]) instead in SYSTEMPATH/ThirdParty/Escaper/Escaper.php on line 250.
 1 SYSTEMPATH/ThirdParty/Escaper/Escaper.php(250): ord('²')
 2 SYSTEMPATH/ThirdParty/Escaper/Escaper.php(167): Laminas\Escaper\Escaper->htmlAttrMatcher([...])
 3 [internal function]: Laminas\Escaper\Escaper->{closure:Laminas\Escaper\Escaper::__construct():167}([...])
 4 SYSTEMPATH/ThirdParty/Escaper/Escaper.php(200): preg_replace_callback('/[^a-z0-9,\\.\\-_]/iSu', Object(Closure), 'Complex ASA: Accessible surface area of the complex, given in Å². It corresponds to the ASA (complex) calculated with NACCESS, reported in the Surface section above.')
 5 SYSTEMPATH/Common.php(448): Laminas\Escaper\Escaper->escapeHtmlAttr('Complex ASA: Accessible surface area of the complex, given in Å². It corresponds to the ASA (complex) calculated with NACCESS, reported in the Surface section above.')
 6 APPPATH/Views/entry.php(617): esc('Complex ASA: Accessible surface area of the complex, given in Å². It corresponds to the ASA (complex) calculated with NACCESS, reported in the Surface section above.', 'attr')
 7 SYSTEMPATH/View/View.php(226): include('/Users/diego/Documents/GitHub/propedia26/app/Views/entry.php')
 8 SYSTEMPATH/View/View.php(229): CodeIgniter\View\View->{closure:CodeIgniter\View\View::render():223}()
 9 SYSTEMPATH/Common.php(1167): CodeIgniter\View\View->render('entry', [], true)
10 APPPATH/Controllers/Entry.php(58): view('entry', [...])
11 SYSTEMPATH/CodeIgniter.php(933): App\Controllers\Entry->entry('1WRZ-B-A')
12 SYSTEMPATH/CodeIgniter.php(507): CodeIgniter\CodeIgniter->runController(Object(App\Controllers\Entry))
13 SYSTEMPATH/CodeIgniter.php(354): CodeIgniter\CodeIgniter->handleRequest(null, Object(Config\Cache), false)
14 SYSTEMPATH/Boot.php(363): CodeIgniter\CodeIgniter->run()
15 SYSTEMPATH/Boot.php(68): CodeIgniter\Boot::runCodeIgniter(Object(CodeIgniter\CodeIgniter))
16 FCPATH/index.php(59): CodeIgniter\Boot::bootWeb(Object(Config\Paths))
17 SYSTEMPATH/rewrite.php(44): require_once('/Users/diego/Documents/GitHub/propedia26/public/index.php')
WARNING - 2026-08-30 08:57:22 --> [DEPRECATED] ord(): Providing a string that is not one byte long is deprecated. Use ord($str[0]) instead in SYSTEMPATH/ThirdParty/Escaper/Escaper.php on line 250.
 1 SYSTEMPATH/ThirdParty/Escaper/Escaper.php(250): ord('Å')
 2 SYSTEMPATH/ThirdParty/Escaper/Escaper.php(167): Laminas\Escaper\Escaper->htmlAttrMatcher([...])
 3 [internal function]: Laminas\Escaper\Escaper->{closure:Laminas\Escaper\Escaper::__construct():167}([...])
 4 SYSTEMPATH/ThirdParty/Escaper/Escaper.php(200): preg_replace_callback('/[^a-z0-9,\\.\\-_]/iSu', Object(Closure), 'Dissociation Area: Interface area that is broken when the complex dissociates, given in Å². It usually coincides with the interface area.')
 5 SYSTEMPATH/Common.php(448): Laminas\Escaper\Escaper->escapeHtmlAttr('Dissociation Area: Interface area that is broken when the complex dissociates, given in Å². It usually coincides with the interface area.')
 6 APPPATH/Views/entry.php(617): esc('Dissociation Area: Interface area that is broken when the complex dissociates, given in Å². It usually coincides with the interface area.', 'attr')
 7 SYSTEMPATH/View/View.php(226): include('/Users/diego/Documents/GitHub/propedia26/app/Views/entry.php')
 8 SYSTEMPATH/View/View.php(229): CodeIgniter\View\View->{closure:CodeIgniter\View\View::render():223}()
 9 SYSTEMPATH/Common.php(1167): CodeIgniter\View\View->render('entry', [], true)
10 APPPATH/Controllers/Entry.php(58): view('entry', [...])
11 SYSTEMPATH/CodeIgniter.php(933): App\Controllers\Entry->entry('1WRZ-B-A')
12 SYSTEMPATH/CodeIgniter.php(507): CodeIgniter\CodeIgniter->runController(Object(App\Controllers\Entry))
13 SYSTEMPATH/CodeIgniter.php(354): CodeIgniter\CodeIgniter->handleRequest(null, Object(Config\Cache), false)
14 SYSTEMPATH/Boot.php(363): CodeIgniter\CodeIgniter->run()
15 SYSTEMPATH/Boot.php(68): CodeIgniter\Boot::runCodeIgniter(Object(CodeIgniter\CodeIgniter))
16 FCPATH/index.php(59): CodeIgniter\Boot::bootWeb(Object(Config\Paths))
17 SYSTEMPATH/rewrite.php(44): require_once('/Users/diego/Documents/GitHub/propedia26/public/index.php')
WARNING - 2026-08-30 08:57:22 --> [DEPRECATED] ord(): Providing a string that is not one byte long is deprecated. Use ord($str[0]) instead in SYSTEMPATH/ThirdParty/Escaper/Escaper.php on line 250.
 1 SYSTEMPATH/ThirdParty/Escaper/Escaper.php(250): ord('²')
 2 SYSTEMPATH/ThirdParty/Escaper/Escaper.php(167): Laminas\Escaper\Escaper->htmlAttrMatcher([...])
 3 [internal function]: Laminas\Escaper\Escaper->{closure:Laminas\Escaper\Escaper::__construct():167}([...])
 4 SYSTEMPATH/ThirdParty/Escaper/Escaper.php(200): preg_replace_callback('/[^a-z0-9,\\.\\-_]/iSu', Object(Closure), 'Dissociation Area: Interface area that is broken when the complex dissociates, given in Å². It usually coincides with the interface area.')
 5 SYSTEMPATH/Common.php(448): Laminas\Escaper\Escaper->escapeHtmlAttr('Dissociation Area: Interface area that is broken when the complex dissociates, given in Å². It usually coincides with the interface area.')
 6 APPPATH/Views/entry.php(617): esc('Dissociation Area: Interface area that is broken when the complex dissociates, given in Å². It usually coincides with the interface area.', 'attr')
 7 SYSTEMPATH/View/View.php(226): include('/Users/diego/Documents/GitHub/propedia26/app/Views/entry.php')
 8 SYSTEMPATH/View/View.php(229): CodeIgniter\View\View->{closure:CodeIgniter\View\View::render():223}()
 9 SYSTEMPATH/Common.php(1167): CodeIgniter\View\View->render('entry', [], true)
10 APPPATH/Controllers/Entry.php(58): view('entry', [...])
11 SYSTEMPATH/CodeIgniter.php(933): App\Controllers\Entry->entry('1WRZ-B-A')
12 SYSTEMPATH/CodeIgniter.php(507): CodeIgniter\CodeIgniter->runController(Object(App\Controllers\Entry))
13 SYSTEMPATH/CodeIgniter.php(354): CodeIgniter\CodeIgniter->handleRequest(null, Object(Config\Cache), false)
14 SYSTEMPATH/Boot.php(363): CodeIgniter\CodeIgniter->run()
15 SYSTEMPATH/Boot.php(68): CodeIgniter\Boot::runCodeIgniter(Object(CodeIgniter\CodeIgniter))
16 FCPATH/index.php(59): CodeIgniter\Boot::bootWeb(Object(Config\Paths))
17 SYSTEMPATH/rewrite.php(44): require_once('/Users/diego/Documents/GitHub/propedia26/public/index.php')
WARNING - 2026-08-30 08:57:22 --> [DEPRECATED] ord(): Providing a string that is not one byte long is deprecated. Use ord($str[0]) instead in SYSTEMPATH/ThirdParty/Escaper/Escaper.php on line 250.
 1 SYSTEMPATH/ThirdParty/Escaper/Escaper.php(250): ord('Δ')
 2 SYSTEMPATH/ThirdParty/Escaper/Escaper.php(167): Laminas\Escaper\Escaper->htmlAttrMatcher([...])
 3 [internal function]: Laminas\Escaper\Escaper->{closure:Laminas\Escaper\Escaper::__construct():167}([...])
 4 SYSTEMPATH/ThirdParty/Escaper/Escaper.php(200): preg_replace_callback('/[^a-z0-9,\\.\\-_]/iSu', Object(Closure), 'Dissociation Free Energy (ΔGdiss): Free energy required to dissociate the complex, in kcal/mol. Positive values indicate a thermodynamically stable complex. It is the PISA counterpart of the binding affinity predicted by PRODIGY, reported in the Interaction energy section above with the opposite sign.')
 5 SYSTEMPATH/Common.php(448): Laminas\Escaper\Escaper->escapeHtmlAttr('Dissociation Free Energy (ΔGdiss): Free energy required to dissociate the complex, in kcal/mol. Positive values indicate a thermodynamically stable complex. It is the PISA counterpart of the binding affinity predicted by PRODIGY, reported in the Interaction energy section above with the opposite sign.')
 6 APPPATH/Views/entry.php(617): esc('Dissociation Free Energy (ΔGdiss): Free energy required to dissociate the complex, in kcal/mol. Positive values indicate a thermodynamically stable complex. It is the PISA counterpart of the binding affinity predicted by PRODIGY, reported in the Interaction energy section above with the opposite sign.', 'attr')
 7 SYSTEMPATH/View/View.php(226): include('/Users/diego/Documents/GitHub/propedia26/app/Views/entry.php')
 8 SYSTEMPATH/View/View.php(229): CodeIgniter\View\View->{closure:CodeIgniter\View\View::render():223}()
 9 SYSTEMPATH/Common.php(1167): CodeIgniter\View\View->render('entry', [], true)
10 APPPATH/Controllers/Entry.php(58): view('entry', [...])
11 SYSTEMPATH/CodeIgniter.php(933): App\Controllers\Entry->entry('1WRZ-B-A')
12 SYSTEMPATH/CodeIgniter.php(507): CodeIgniter\CodeIgniter->runController(Object(App\Controllers\Entry))
13 SYSTEMPATH/CodeIgniter.php(354): CodeIgniter\CodeIgniter->handleRequest(null, Object(Config\Cache), false)
14 SYSTEMPATH/Boot.php(363): CodeIgniter\CodeIgniter->run()
15 SYSTEMPATH/Boot.php(68): CodeIgniter\Boot::runCodeIgniter(Object(CodeIgniter\CodeIgniter))
16 FCPATH/index.php(59): CodeIgniter\Boot::bootWeb(Object(Config\Paths))
17 SYSTEMPATH/rewrite.php(44): require_once('/Users/diego/Documents/GitHub/propedia26/public/index.php')
WARNING - 2026-08-30 08:57:22 --> [DEPRECATED] ord(): Providing a string that is not one byte long is deprecated. Use ord($str[0]) instead in SYSTEMPATH/ThirdParty/Escaper/Escaper.php on line 250.
 1 SYSTEMPATH/ThirdParty/Escaper/Escaper.php(250): ord('Δ')
 2 SYSTEMPATH/ThirdParty/Escaper/Escaper.php(167): Laminas\Escaper\Escaper->htmlAttrMatcher([...])
 3 [internal function]: Laminas\Escaper\Escaper->{closure:Laminas\Escaper\Escaper::__construct():167}([...])
 4 SYSTEMPATH/ThirdParty/Escaper/Escaper.php(200): preg_replace_callback('/[^a-z0-9,\\.\\-_]/iSu', Object(Closure), 'Solvation Energy Gain (ΔiG): Free energy gain, in kcal/mol, obtained on formation of the interface. Negative values indicate a hydrophobic interface, which favours the association. It does not include the contribution of hydrogen bonds and salt bridges across the interface.')
 5 SYSTEMPATH/Common.php(448): Laminas\Escaper\Escaper->escapeHtmlAttr('Solvation Energy Gain (ΔiG): Free energy gain, in kcal/mol, obtained on formation of the interface. Negative values indicate a hydrophobic interface, which favours the association. It does not include the contribution of hydrogen bonds and salt bridges across the interface.')
 6 APPPATH/Views/entry.php(617): esc('Solvation Energy Gain (ΔiG): Free energy gain, in kcal/mol, obtained on formation of the interface. Negative values indicate a hydrophobic interface, which favours the association. It does not include the contribution of hydrogen bonds and salt bridges across the interface.', 'attr')
 7 SYSTEMPATH/View/View.php(226): include('/Users/diego/Documents/GitHub/propedia26/app/Views/entry.php')
 8 SYSTEMPATH/View/View.php(229): CodeIgniter\View\View->{closure:CodeIgniter\View\View::render():223}()
 9 SYSTEMPATH/Common.php(1167): CodeIgniter\View\View->render('entry', [], true)
10 APPPATH/Controllers/Entry.php(58): view('entry', [...])
11 SYSTEMPATH/CodeIgniter.php(933): App\Controllers\Entry->entry('1WRZ-B-A')
12 SYSTEMPATH/CodeIgniter.php(507): CodeIgniter\CodeIgniter->runController(Object(App\Controllers\Entry))
13 SYSTEMPATH/CodeIgniter.php(354): CodeIgniter\CodeIgniter->handleRequest(null, Object(Config\Cache), false)
14 SYSTEMPATH/Boot.php(363): CodeIgniter\CodeIgniter->run()
15 SYSTEMPATH/Boot.php(68): CodeIgniter\Boot::runCodeIgniter(Object(CodeIgniter\CodeIgniter))
16 FCPATH/index.php(59): CodeIgniter\Boot::bootWeb(Object(Config\Paths))
17 SYSTEMPATH/rewrite.php(44): require_once('/Users/diego/Documents/GitHub/propedia26/public/index.php')
WARNING - 2026-08-30 08:57:22 --> [DEPRECATED] ord(): Providing a string that is not one byte long is deprecated. Use ord($str[0]) instead in SYSTEMPATH/ThirdParty/Escaper/Escaper.php on line 250.
 1 SYSTEMPATH/ThirdParty/Escaper/Escaper.php(250): ord('Δ')
 2 SYSTEMPATH/ThirdParty/Escaper/Escaper.php(167): Laminas\Escaper\Escaper->htmlAttrMatcher([...])
 3 [internal function]: Laminas\Escaper\Escaper->{closure:Laminas\Escaper\Escaper::__construct():167}([...])
 4 SYSTEMPATH/ThirdParty/Escaper/Escaper.php(200): preg_replace_callback('/[^a-z0-9,\\.\\-_]/iSu', Object(Closure), 'ΔiG P-value: Statistical significance of the solvation energy gain. Values below 0.5 indicate an interface more hydrophobic than would be expected by chance, that is, an interface likely to be interaction-specific rather than a crystal-packing artefact.')
 5 SYSTEMPATH/Common.php(448): Laminas\Escaper\Escaper->escapeHtmlAttr('ΔiG P-value: Statistical significance of the solvation energy gain. Values below 0.5 indicate an interface more hydrophobic than would be expected by chance, that is, an interface likely to be interaction-specific rather than a crystal-packing artefact.')
 6 APPPATH/Views/entry.php(617): esc('ΔiG P-value: Statistical significance of the solvation energy gain. Values below 0.5 indicate an interface more hydrophobic than would be expected by chance, that is, an interface likely to be interaction-specific rather than a crystal-packing artefact.', 'attr')
 7 SYSTEMPATH/View/View.php(226): include('/Users/diego/Documents/GitHub/propedia26/app/Views/entry.php')
 8 SYSTEMPATH/View/View.php(229): CodeIgniter\View\View->{closure:CodeIgniter\View\View::render():223}()
 9 SYSTEMPATH/Common.php(1167): CodeIgniter\View\View->render('entry', [], true)
10 APPPATH/Controllers/Entry.php(58): view('entry', [...])
11 SYSTEMPATH/CodeIgniter.php(933): App\Controllers\Entry->entry('1WRZ-B-A')
12 SYSTEMPATH/CodeIgniter.php(507): CodeIgniter\CodeIgniter->runController(Object(App\Controllers\Entry))
13 SYSTEMPATH/CodeIgniter.php(354): CodeIgniter\CodeIgniter->handleRequest(null, Object(Config\Cache), false)
14 SYSTEMPATH/Boot.php(363): CodeIgniter\CodeIgniter->run()
15 SYSTEMPATH/Boot.php(68): CodeIgniter\Boot::runCodeIgniter(Object(CodeIgniter\CodeIgniter))
16 FCPATH/index.php(59): CodeIgniter\Boot::bootWeb(Object(Config\Paths))
17 SYSTEMPATH/rewrite.php(44): require_once('/Users/diego/Documents/GitHub/propedia26/public/index.php')
WARNING - 2026-08-30 08:57:22 --> [DEPRECATED] ord(): Providing a string that is not one byte long is deprecated. Use ord($str[0]) instead in SYSTEMPATH/ThirdParty/Escaper/Escaper.php on line 250.
 1 SYSTEMPATH/ThirdParty/Escaper/Escaper.php(250): ord('Δ')
 2 SYSTEMPATH/ThirdParty/Escaper/Escaper.php(167): Laminas\Escaper\Escaper->htmlAttrMatcher([...])
 3 [internal function]: Laminas\Escaper\Escaper->{closure:Laminas\Escaper\Escaper::__construct():167}([...])
 4 SYSTEMPATH/ThirdParty/Escaper/Escaper.php(200): preg_replace_callback('/[^a-z0-9,\\.\\-_]/iSu', Object(Closure), 'Total Interaction Energy: Solvation energy gain summed over all the interfaces of the structure, in kcal/mol. It is equal to the interface ΔiG when the structure has a single interface.')
 5 SYSTEMPATH/Common.php(448): Laminas\Escaper\Escaper->escapeHtmlAttr('Total Interaction Energy: Solvation energy gain summed over all the interfaces of the structure, in kcal/mol. It is equal to the interface ΔiG when the structure has a single interface.')
 6 APPPATH/Views/entry.php(617): esc('Total Interaction Energy: Solvation energy gain summed over all the interfaces of the structure, in kcal/mol. It is equal to the interface ΔiG when the structure has a single interface.', 'attr')
 7 SYSTEMPATH/View/View.php(226): include('/Users/diego/Documents/GitHub/propedia26/app/Views/entry.php')
 8 SYSTEMPATH/View/View.php(229): CodeIgniter\View\View->{closure:CodeIgniter\View\View::render():223}()
 9 SYSTEMPATH/Common.php(1167): CodeIgniter\View\View->render('entry', [], true)
10 APPPATH/Controllers/Entry.php(58): view('entry', [...])
11 SYSTEMPATH/CodeIgniter.php(933): App\Controllers\Entry->entry('1WRZ-B-A')
12 SYSTEMPATH/CodeIgniter.php(507): CodeIgniter\CodeIgniter->runController(Object(App\Controllers\Entry))
13 SYSTEMPATH/CodeIgniter.php(354): CodeIgniter\CodeIgniter->handleRequest(null, Object(Config\Cache), false)
14 SYSTEMPATH/Boot.php(363): CodeIgniter\CodeIgniter->run()
15 SYSTEMPATH/Boot.php(68): CodeIgniter\Boot::runCodeIgniter(Object(CodeIgniter\CodeIgniter))
16 FCPATH/index.php(59): CodeIgniter\Boot::bootWeb(Object(Config\Paths))
17 SYSTEMPATH/rewrite.php(44): require_once('/Users/diego/Documents/GitHub/propedia26/public/index.php')
WARNING - 2026-08-30 08:57:22 --> [DEPRECATED] ord(): Providing a string that is not one byte long is deprecated. Use ord($str[0]) instead in SYSTEMPATH/ThirdParty/Escaper/Escaper.php on line 250.
 1 SYSTEMPATH/ThirdParty/Escaper/Escaper.php(250): ord('Δ')
 2 SYSTEMPATH/ThirdParty/Escaper/Escaper.php(167): Laminas\Escaper\Escaper->htmlAttrMatcher([...])
 3 [internal function]: Laminas\Escaper\Escaper->{closure:Laminas\Escaper\Escaper::__construct():167}([...])
 4 SYSTEMPATH/ThirdParty/Escaper/Escaper.php(200): preg_replace_callback('/[^a-z0-9,\\.\\-_]/iSu', Object(Closure), 'Dissociation Entropy (TΔS): Entropic cost of the association, in kcal/mol. It always opposes the formation of the complex and is taken into account in the calculation of ΔGdiss.')
 5 SYSTEMPATH/Common.php(448): Laminas\Escaper\Escaper->escapeHtmlAttr('Dissociation Entropy (TΔS): Entropic cost of the association, in kcal/mol. It always opposes the formation of the complex and is taken into account in the calculation of ΔGdiss.')
 6 APPPATH/Views/entry.php(617): esc('Dissociation Entropy (TΔS): Entropic cost of the association, in kcal/mol. It always opposes the formation of the complex and is taken into account in the calculation of ΔGdiss.', 'attr')
 7 SYSTEMPATH/View/View.php(226): include('/Users/diego/Documents/GitHub/propedia26/app/Views/entry.php')
 8 SYSTEMPATH/View/View.php(229): CodeIgniter\View\View->{closure:CodeIgniter\View\View::render():223}()
 9 SYSTEMPATH/Common.php(1167): CodeIgniter\View\View->render('entry', [], true)
10 APPPATH/Controllers/Entry.php(58): view('entry', [...])
11 SYSTEMPATH/CodeIgniter.php(933): App\Controllers\Entry->entry('1WRZ-B-A')
12 SYSTEMPATH/CodeIgniter.php(507): CodeIgniter\CodeIgniter->runController(Object(App\Controllers\Entry))
13 SYSTEMPATH/CodeIgniter.php(354): CodeIgniter\CodeIgniter->handleRequest(null, Object(Config\Cache), false)
14 SYSTEMPATH/Boot.php(363): CodeIgniter\CodeIgniter->run()
15 SYSTEMPATH/Boot.php(68): CodeIgniter\Boot::runCodeIgniter(Object(CodeIgniter\CodeIgniter))
16 FCPATH/index.php(59): CodeIgniter\Boot::bootWeb(Object(Config\Paths))
17 SYSTEMPATH/rewrite.php(44): require_once('/Users/diego/Documents/GitHub/propedia26/public/index.php')
WARNING - 2026-08-30 08:57:22 --> [DEPRECATED] ord(): Providing a string that is not one byte long is deprecated. Use ord($str[0]) instead in SYSTEMPATH/ThirdParty/Escaper/Escaper.php on line 250.
 1 SYSTEMPATH/ThirdParty/Escaper/Escaper.php(250): ord('Δ')
 2 SYSTEMPATH/ThirdParty/Escaper/Escaper.php(167): Laminas\Escaper\Escaper->htmlAttrMatcher([...])
 3 [internal function]: Laminas\Escaper\Escaper->{closure:Laminas\Escaper\Escaper::__construct():167}([...])
 4 SYSTEMPATH/ThirdParty/Escaper/Escaper.php(200): preg_replace_callback('/[^a-z0-9,\\.\\-_]/iSu', Object(Closure), 'Dissociation Entropy (TΔS): Entropic cost of the association, in kcal/mol. It always opposes the formation of the complex and is taken into account in the calculation of ΔGdiss.')
 5 SYSTEMPATH/Common.php(448): Laminas\Escaper\Escaper->escapeHtmlAttr('Dissociation Entropy (TΔS): Entropic cost of the association, in kcal/mol. It always opposes the formation of the complex and is taken into account in the calculation of ΔGdiss.')
 6 APPPATH/Views/entry.php(617): esc('Dissociation Entropy (TΔS): Entropic cost of the association, in kcal/mol. It always opposes the formation of the complex and is taken into account in the calculation of ΔGdiss.', 'attr')
 7 SYSTEMPATH/View/View.php(226): include('/Users/diego/Documents/GitHub/propedia26/app/Views/entry.php')
 8 SYSTEMPATH/View/View.php(229): CodeIgniter\View\View->{closure:CodeIgniter\View\View::render():223}()
 9 SYSTEMPATH/Common.php(1167): CodeIgniter\View\View->render('entry', [], true)
10 APPPATH/Controllers/Entry.php(58): view('entry', [...])
11 SYSTEMPATH/CodeIgniter.php(933): App\Controllers\Entry->entry('1WRZ-B-A')
12 SYSTEMPATH/CodeIgniter.php(507): CodeIgniter\CodeIgniter->runController(Object(App\Controllers\Entry))
13 SYSTEMPATH/CodeIgniter.php(354): CodeIgniter\CodeIgniter->handleRequest(null, Object(Config\Cache), false)
14 SYSTEMPATH/Boot.php(363): CodeIgniter\CodeIgniter->run()
15 SYSTEMPATH/Boot.php(68): CodeIgniter\Boot::runCodeIgniter(Object(CodeIgniter\CodeIgniter))
16 FCPATH/index.php(59): CodeIgniter\Boot::bootWeb(Object(Config\Paths))
17 SYSTEMPATH/rewrite.php(44): require_once('/Users/diego/Documents/GitHub/propedia26/public/index.php')
DEBUG - 2026-08-30 08:57:22 --> Session: Class initialized using 'CodeIgniter\Session\Handlers\FileHandler' driver.
DEBUG - 2026-08-30 08:58:02 --> Session: Class initialized using 'CodeIgniter\Session\Handlers\FileHandler' driver.
WARNING - 2026-08-30 08:58:09 --> [DEPRECATED] fgetcsv(): the $escape parameter must be provided as its default value will change in APPPATH/Controllers/Entry.php on line 37.
 1 APPPATH/Controllers/Entry.php(37): fgetcsv(resource (stream), 0, ';')
 2 SYSTEMPATH/CodeIgniter.php(933): App\Controllers\Entry->entry('1WRZ-B-A')
 3 SYSTEMPATH/CodeIgniter.php(507): CodeIgniter\CodeIgniter->runController(Object(App\Controllers\Entry))
 4 SYSTEMPATH/CodeIgniter.php(354): CodeIgniter\CodeIgniter->handleRequest(null, Object(Config\Cache), false)
 5 SYSTEMPATH/Boot.php(363): CodeIgniter\CodeIgniter->run()
 6 SYSTEMPATH/Boot.php(68): CodeIgniter\Boot::runCodeIgniter(Object(CodeIgniter\CodeIgniter))
 7 FCPATH/index.php(59): CodeIgniter\Boot::bootWeb(Object(Config\Paths))
 8 SYSTEMPATH/rewrite.php(44): require_once('/Users/diego/Documents/GitHub/propedia26/public/index.php')
WARNING - 2026-08-30 08:58:09 --> [DEPRECATED] ord(): Providing a string that is not one byte long is deprecated. Use ord($str[0]) instead in SYSTEMPATH/ThirdParty/Escaper/Escaper.php on line 250.
 1 SYSTEMPATH/ThirdParty/Escaper/Escaper.php(250): ord('Å')
 2 SYSTEMPATH/ThirdParty/Escaper/Escaper.php(167): Laminas\Escaper\Escaper->htmlAttrMatcher([...])
 3 [internal function]: Laminas\Escaper\Escaper->{closure:Laminas\Escaper\Escaper::__construct():167}([...])
 4 SYSTEMPATH/ThirdParty/Escaper/Escaper.php(200): preg_replace_callback('/[^a-z0-9,\\.\\-_]/iSu', Object(Closure), 'Interface Area: Area of one face of the protein-peptide interface, given in Å². It corresponds to the BSA calculated with NACCESS, reported in the Surface section above.')
 5 SYSTEMPATH/Common.php(448): Laminas\Escaper\Escaper->escapeHtmlAttr('Interface Area: Area of one face of the protein-peptide interface, given in Å². It corresponds to the BSA calculated with NACCESS, reported in the Surface section above.')
 6 APPPATH/Views/entry.php(617): esc('Interface Area: Area of one face of the protein-peptide interface, given in Å². It corresponds to the BSA calculated with NACCESS, reported in the Surface section above.', 'attr')
 7 SYSTEMPATH/View/View.php(226): include('/Users/diego/Documents/GitHub/propedia26/app/Views/entry.php')
 8 SYSTEMPATH/View/View.php(229): CodeIgniter\View\View->{closure:CodeIgniter\View\View::render():223}()
 9 SYSTEMPATH/Common.php(1167): CodeIgniter\View\View->render('entry', [], true)
10 APPPATH/Controllers/Entry.php(58): view('entry', [...])
11 SYSTEMPATH/CodeIgniter.php(933): App\Controllers\Entry->entry('1WRZ-B-A')
12 SYSTEMPATH/CodeIgniter.php(507): CodeIgniter\CodeIgniter->runController(Object(App\Controllers\Entry))
13 SYSTEMPATH/CodeIgniter.php(354): CodeIgniter\CodeIgniter->handleRequest(null, Object(Config\Cache), false)
14 SYSTEMPATH/Boot.php(363): CodeIgniter\CodeIgniter->run()
15 SYSTEMPATH/Boot.php(68): CodeIgniter\Boot::runCodeIgniter(Object(CodeIgniter\CodeIgniter))
16 FCPATH/index.php(59): CodeIgniter\Boot::bootWeb(Object(Config\Paths))
17 SYSTEMPATH/rewrite.php(44): require_once('/Users/diego/Documents/GitHub/propedia26/public/index.php')
WARNING - 2026-08-30 08:58:09 --> [DEPRECATED] ord(): Providing a string that is not one byte long is deprecated. Use ord($str[0]) instead in SYSTEMPATH/ThirdParty/Escaper/Escaper.php on line 250.
 1 SYSTEMPATH/ThirdParty/Escaper/Escaper.php(250): ord('²')
 2 SYSTEMPATH/ThirdParty/Escaper/Escaper.php(167): Laminas\Escaper\Escaper->htmlAttrMatcher([...])
 3 [internal function]: Laminas\Escaper\Escaper->{closure:Laminas\Escaper\Escaper::__construct():167}([...])
 4 SYSTEMPATH/ThirdParty/Escaper/Escaper.php(200): preg_replace_callback('/[^a-z0-9,\\.\\-_]/iSu', Object(Closure), 'Interface Area: Area of one face of the protein-peptide interface, given in Å². It corresponds to the BSA calculated with NACCESS, reported in the Surface section above.')
 5 SYSTEMPATH/Common.php(448): Laminas\Escaper\Escaper->escapeHtmlAttr('Interface Area: Area of one face of the protein-peptide interface, given in Å². It corresponds to the BSA calculated with NACCESS, reported in the Surface section above.')
 6 APPPATH/Views/entry.php(617): esc('Interface Area: Area of one face of the protein-peptide interface, given in Å². It corresponds to the BSA calculated with NACCESS, reported in the Surface section above.', 'attr')
 7 SYSTEMPATH/View/View.php(226): include('/Users/diego/Documents/GitHub/propedia26/app/Views/entry.php')
 8 SYSTEMPATH/View/View.php(229): CodeIgniter\View\View->{closure:CodeIgniter\View\View::render():223}()
 9 SYSTEMPATH/Common.php(1167): CodeIgniter\View\View->render('entry', [], true)
10 APPPATH/Controllers/Entry.php(58): view('entry', [...])
11 SYSTEMPATH/CodeIgniter.php(933): App\Controllers\Entry->entry('1WRZ-B-A')
12 SYSTEMPATH/CodeIgniter.php(507): CodeIgniter\CodeIgniter->runController(Object(App\Controllers\Entry))
13 SYSTEMPATH/CodeIgniter.php(354): CodeIgniter\CodeIgniter->handleRequest(null, Object(Config\Cache), false)
14 SYSTEMPATH/Boot.php(363): CodeIgniter\CodeIgniter->run()
15 SYSTEMPATH/Boot.php(68): CodeIgniter\Boot::runCodeIgniter(Object(CodeIgniter\CodeIgniter))
16 FCPATH/index.php(59): CodeIgniter\Boot::bootWeb(Object(Config\Paths))
17 SYSTEMPATH/rewrite.php(44): require_once('/Users/diego/Documents/GitHub/propedia26/public/index.php')
WARNING - 2026-08-30 08:58:09 --> [DEPRECATED] ord(): Providing a string that is not one byte long is deprecated. Use ord($str[0]) instead in SYSTEMPATH/ThirdParty/Escaper/Escaper.php on line 250.
 1 SYSTEMPATH/ThirdParty/Escaper/Escaper.php(250): ord('Å')
 2 SYSTEMPATH/ThirdParty/Escaper/Escaper.php(167): Laminas\Escaper\Escaper->htmlAttrMatcher([...])
 3 [internal function]: Laminas\Escaper\Escaper->{closure:Laminas\Escaper\Escaper::__construct():167}([...])
 4 SYSTEMPATH/ThirdParty/Escaper/Escaper.php(200): preg_replace_callback('/[^a-z0-9,\\.\\-_]/iSu', Object(Closure), 'Buried Area (peptide): Peptide surface area that becomes buried upon formation of the interface (value given in Å²).')
 5 SYSTEMPATH/Common.php(448): Laminas\Escaper\Escaper->escapeHtmlAttr('Buried Area (peptide): Peptide surface area that becomes buried upon formation of the interface (value given in Å²).')
 6 APPPATH/Views/entry.php(617): esc('Buried Area (peptide): Peptide surface area that becomes buried upon formation of the interface (value given in Å²).', 'attr')
 7 SYSTEMPATH/View/View.php(226): include('/Users/diego/Documents/GitHub/propedia26/app/Views/entry.php')
 8 SYSTEMPATH/View/View.php(229): CodeIgniter\View\View->{closure:CodeIgniter\View\View::render():223}()
 9 SYSTEMPATH/Common.php(1167): CodeIgniter\View\View->render('entry', [], true)
10 APPPATH/Controllers/Entry.php(58): view('entry', [...])
11 SYSTEMPATH/CodeIgniter.php(933): App\Controllers\Entry->entry('1WRZ-B-A')
12 SYSTEMPATH/CodeIgniter.php(507): CodeIgniter\CodeIgniter->runController(Object(App\Controllers\Entry))
13 SYSTEMPATH/CodeIgniter.php(354): CodeIgniter\CodeIgniter->handleRequest(null, Object(Config\Cache), false)
14 SYSTEMPATH/Boot.php(363): CodeIgniter\CodeIgniter->run()
15 SYSTEMPATH/Boot.php(68): CodeIgniter\Boot::runCodeIgniter(Object(CodeIgniter\CodeIgniter))
16 FCPATH/index.php(59): CodeIgniter\Boot::bootWeb(Object(Config\Paths))
17 SYSTEMPATH/rewrite.php(44): require_once('/Users/diego/Documents/GitHub/propedia26/public/index.php')
WARNING - 2026-08-30 08:58:09 --> [DEPRECATED] ord(): Providing a string that is not one byte long is deprecated. Use ord($str[0]) instead in SYSTEMPATH/ThirdParty/Escaper/Escaper.php on line 250.
 1 SYSTEMPATH/ThirdParty/Escaper/Escaper.php(250): ord('²')
 2 SYSTEMPATH/ThirdParty/Escaper/Escaper.php(167): Laminas\Escaper\Escaper->htmlAttrMatcher([...])
 3 [internal function]: Laminas\Escaper\Escaper->{closure:Laminas\Escaper\Escaper::__construct():167}([...])
 4 SYSTEMPATH/ThirdParty/Escaper/Escaper.php(200): preg_replace_callback('/[^a-z0-9,\\.\\-_]/iSu', Object(Closure), 'Buried Area (peptide): Peptide surface area that becomes buried upon formation of the interface (value given in Å²).')
 5 SYSTEMPATH/Common.php(448): Laminas\Escaper\Escaper->escapeHtmlAttr('Buried Area (peptide): Peptide surface area that becomes buried upon formation of the interface (value given in Å²).')
 6 APPPATH/Views/entry.php(617): esc('Buried Area (peptide): Peptide surface area that becomes buried upon formation of the interface (value given in Å²).', 'attr')
 7 SYSTEMPATH/View/View.php(226): include('/Users/diego/Documents/GitHub/propedia26/app/Views/entry.php')
 8 SYSTEMPATH/View/View.php(229): CodeIgniter\View\View->{closure:CodeIgniter\View\View::render():223}()
 9 SYSTEMPATH/Common.php(1167): CodeIgniter\View\View->render('entry', [], true)
10 APPPATH/Controllers/Entry.php(58): view('entry', [...])
11 SYSTEMPATH/CodeIgniter.php(933): App\Controllers\Entry->entry('1WRZ-B-A')
12 SYSTEMPATH/CodeIgniter.php(507): CodeIgniter\CodeIgniter->runController(Object(App\Controllers\Entry))
13 SYSTEMPATH/CodeIgniter.php(354): CodeIgniter\CodeIgniter->handleRequest(null, Object(Config\Cache), false)
14 SYSTEMPATH/Boot.php(363): CodeIgniter\CodeIgniter->run()
15 SYSTEMPATH/Boot.php(68): CodeIgniter\Boot::runCodeIgniter(Object(CodeIgniter\CodeIgniter))
16 FCPATH/index.php(59): CodeIgniter\Boot::bootWeb(Object(Config\Paths))
17 SYSTEMPATH/rewrite.php(44): require_once('/Users/diego/Documents/GitHub/propedia26/public/index.php')
WARNING - 2026-08-30 08:58:09 --> [DEPRECATED] ord(): Providing a string that is not one byte long is deprecated. Use ord($str[0]) instead in SYSTEMPATH/ThirdParty/Escaper/Escaper.php on line 250.
 1 SYSTEMPATH/ThirdParty/Escaper/Escaper.php(250): ord('Å')
 2 SYSTEMPATH/ThirdParty/Escaper/Escaper.php(167): Laminas\Escaper\Escaper->htmlAttrMatcher([...])
 3 [internal function]: Laminas\Escaper\Escaper->{closure:Laminas\Escaper\Escaper::__construct():167}([...])
 4 SYSTEMPATH/ThirdParty/Escaper/Escaper.php(200): preg_replace_callback('/[^a-z0-9,\\.\\-_]/iSu', Object(Closure), 'Buried Area (protein): Protein surface area that becomes buried upon formation of the interface (value given in Å²).')
 5 SYSTEMPATH/Common.php(448): Laminas\Escaper\Escaper->escapeHtmlAttr('Buried Area (protein): Protein surface area that becomes buried upon formation of the interface (value given in Å²).')
 6 APPPATH/Views/entry.php(617): esc('Buried Area (protein): Protein surface area that becomes buried upon formation of the interface (value given in Å²).', 'attr')
 7 SYSTEMPATH/View/View.php(226): include('/Users/diego/Documents/GitHub/propedia26/app/Views/entry.php')
 8 SYSTEMPATH/View/View.php(229): CodeIgniter\View\View->{closure:CodeIgniter\View\View::render():223}()
 9 SYSTEMPATH/Common.php(1167): CodeIgniter\View\View->render('entry', [], true)
10 APPPATH/Controllers/Entry.php(58): view('entry', [...])
11 SYSTEMPATH/CodeIgniter.php(933): App\Controllers\Entry->entry('1WRZ-B-A')
12 SYSTEMPATH/CodeIgniter.php(507): CodeIgniter\CodeIgniter->runController(Object(App\Controllers\Entry))
13 SYSTEMPATH/CodeIgniter.php(354): CodeIgniter\CodeIgniter->handleRequest(null, Object(Config\Cache), false)
14 SYSTEMPATH/Boot.php(363): CodeIgniter\CodeIgniter->run()
15 SYSTEMPATH/Boot.php(68): CodeIgniter\Boot::runCodeIgniter(Object(CodeIgniter\CodeIgniter))
16 FCPATH/index.php(59): CodeIgniter\Boot::bootWeb(Object(Config\Paths))
17 SYSTEMPATH/rewrite.php(44): require_once('/Users/diego/Documents/GitHub/propedia26/public/index.php')
WARNING - 2026-08-30 08:58:09 --> [DEPRECATED] ord(): Providing a string that is not one byte long is deprecated. Use ord($str[0]) instead in SYSTEMPATH/ThirdParty/Escaper/Escaper.php on line 250.
 1 SYSTEMPATH/ThirdParty/Escaper/Escaper.php(250): ord('²')
 2 SYSTEMPATH/ThirdParty/Escaper/Escaper.php(167): Laminas\Escaper\Escaper->htmlAttrMatcher([...])
 3 [internal function]: Laminas\Escaper\Escaper->{closure:Laminas\Escaper\Escaper::__construct():167}([...])
 4 SYSTEMPATH/ThirdParty/Escaper/Escaper.php(200): preg_replace_callback('/[^a-z0-9,\\.\\-_]/iSu', Object(Closure), 'Buried Area (protein): Protein surface area that becomes buried upon formation of the interface (value given in Å²).')
 5 SYSTEMPATH/Common.php(448): Laminas\Escaper\Escaper->escapeHtmlAttr('Buried Area (protein): Protein surface area that becomes buried upon formation of the interface (value given in Å²).')
 6 APPPATH/Views/entry.php(617): esc('Buried Area (protein): Protein surface area that becomes buried upon formation of the interface (value given in Å²).', 'attr')
 7 SYSTEMPATH/View/View.php(226): include('/Users/diego/Documents/GitHub/propedia26/app/Views/entry.php')
 8 SYSTEMPATH/View/View.php(229): CodeIgniter\View\View->{closure:CodeIgniter\View\View::render():223}()
 9 SYSTEMPATH/Common.php(1167): CodeIgniter\View\View->render('entry', [], true)
10 APPPATH/Controllers/Entry.php(58): view('entry', [...])
11 SYSTEMPATH/CodeIgniter.php(933): App\Controllers\Entry->entry('1WRZ-B-A')
12 SYSTEMPATH/CodeIgniter.php(507): CodeIgniter\CodeIgniter->runController(Object(App\Controllers\Entry))
13 SYSTEMPATH/CodeIgniter.php(354): CodeIgniter\CodeIgniter->handleRequest(null, Object(Config\Cache), false)
14 SYSTEMPATH/Boot.php(363): CodeIgniter\CodeIgniter->run()
15 SYSTEMPATH/Boot.php(68): CodeIgniter\Boot::runCodeIgniter(Object(CodeIgniter\CodeIgniter))
16 FCPATH/index.php(59): CodeIgniter\Boot::bootWeb(Object(Config\Paths))
17 SYSTEMPATH/rewrite.php(44): require_once('/Users/diego/Documents/GitHub/propedia26/public/index.php')
WARNING - 2026-08-30 08:58:09 --> [DEPRECATED] ord(): Providing a string that is not one byte long is deprecated. Use ord($str[0]) instead in SYSTEMPATH/ThirdParty/Escaper/Escaper.php on line 250.
 1 SYSTEMPATH/ThirdParty/Escaper/Escaper.php(250): ord('Å')
 2 SYSTEMPATH/ThirdParty/Escaper/Escaper.php(167): Laminas\Escaper\Escaper->htmlAttrMatcher([...])
 3 [internal function]: Laminas\Escaper\Escaper->{closure:Laminas\Escaper\Escaper::__construct():167}([...])
 4 SYSTEMPATH/ThirdParty/Escaper/Escaper.php(200): preg_replace_callback('/[^a-z0-9,\\.\\-_]/iSu', Object(Closure), 'Total Buried Area: Total surface area buried by the association, counting both faces of the interface, in Å². It is therefore about twice the BSA reported by NACCESS, which counts a single face.')
 5 SYSTEMPATH/Common.php(448): Laminas\Escaper\Escaper->escapeHtmlAttr('Total Buried Area: Total surface area buried by the association, counting both faces of the interface, in Å². It is therefore about twice the BSA reported by NACCESS, which counts a single face.')
 6 APPPATH/Views/entry.php(617): esc('Total Buried Area: Total surface area buried by the association, counting both faces of the interface, in Å². It is therefore about twice the BSA reported by NACCESS, which counts a single face.', 'attr')
 7 SYSTEMPATH/View/View.php(226): include('/Users/diego/Documents/GitHub/propedia26/app/Views/entry.php')
 8 SYSTEMPATH/View/View.php(229): CodeIgniter\View\View->{closure:CodeIgniter\View\View::render():223}()
 9 SYSTEMPATH/Common.php(1167): CodeIgniter\View\View->render('entry', [], true)
10 APPPATH/Controllers/Entry.php(58): view('entry', [...])
11 SYSTEMPATH/CodeIgniter.php(933): App\Controllers\Entry->entry('1WRZ-B-A')
12 SYSTEMPATH/CodeIgniter.php(507): CodeIgniter\CodeIgniter->runController(Object(App\Controllers\Entry))
13 SYSTEMPATH/CodeIgniter.php(354): CodeIgniter\CodeIgniter->handleRequest(null, Object(Config\Cache), false)
14 SYSTEMPATH/Boot.php(363): CodeIgniter\CodeIgniter->run()
15 SYSTEMPATH/Boot.php(68): CodeIgniter\Boot::runCodeIgniter(Object(CodeIgniter\CodeIgniter))
16 FCPATH/index.php(59): CodeIgniter\Boot::bootWeb(Object(Config\Paths))
17 SYSTEMPATH/rewrite.php(44): require_once('/Users/diego/Documents/GitHub/propedia26/public/index.php')
WARNING - 2026-08-30 08:58:09 --> [DEPRECATED] ord(): Providing a string that is not one byte long is deprecated. Use ord($str[0]) instead in SYSTEMPATH/ThirdParty/Escaper/Escaper.php on line 250.
 1 SYSTEMPATH/ThirdParty/Escaper/Escaper.php(250): ord('²')
 2 SYSTEMPATH/ThirdParty/Escaper/Escaper.php(167): Laminas\Escaper\Escaper->htmlAttrMatcher([...])
 3 [internal function]: Laminas\Escaper\Escaper->{closure:Laminas\Escaper\Escaper::__construct():167}([...])
 4 SYSTEMPATH/ThirdParty/Escaper/Escaper.php(200): preg_replace_callback('/[^a-z0-9,\\.\\-_]/iSu', Object(Closure), 'Total Buried Area: Total surface area buried by the association, counting both faces of the interface, in Å². It is therefore about twice the BSA reported by NACCESS, which counts a single face.')
 5 SYSTEMPATH/Common.php(448): Laminas\Escaper\Escaper->escapeHtmlAttr('Total Buried Area: Total surface area buried by the association, counting both faces of the interface, in Å². It is therefore about twice the BSA reported by NACCESS, which counts a single face.')
 6 APPPATH/Views/entry.php(617): esc('Total Buried Area: Total surface area buried by the association, counting both faces of the interface, in Å². It is therefore about twice the BSA reported by NACCESS, which counts a single face.', 'attr')
 7 SYSTEMPATH/View/View.php(226): include('/Users/diego/Documents/GitHub/propedia26/app/Views/entry.php')
 8 SYSTEMPATH/View/View.php(229): CodeIgniter\View\View->{closure:CodeIgniter\View\View::render():223}()
 9 SYSTEMPATH/Common.php(1167): CodeIgniter\View\View->render('entry', [], true)
10 APPPATH/Controllers/Entry.php(58): view('entry', [...])
11 SYSTEMPATH/CodeIgniter.php(933): App\Controllers\Entry->entry('1WRZ-B-A')
12 SYSTEMPATH/CodeIgniter.php(507): CodeIgniter\CodeIgniter->runController(Object(App\Controllers\Entry))
13 SYSTEMPATH/CodeIgniter.php(354): CodeIgniter\CodeIgniter->handleRequest(null, Object(Config\Cache), false)
14 SYSTEMPATH/Boot.php(363): CodeIgniter\CodeIgniter->run()
15 SYSTEMPATH/Boot.php(68): CodeIgniter\Boot::runCodeIgniter(Object(CodeIgniter\CodeIgniter))
16 FCPATH/index.php(59): CodeIgniter\Boot::bootWeb(Object(Config\Paths))
17 SYSTEMPATH/rewrite.php(44): require_once('/Users/diego/Documents/GitHub/propedia26/public/index.php')
WARNING - 2026-08-30 08:58:09 --> [DEPRECATED] ord(): Providing a string that is not one byte long is deprecated. Use ord($str[0]) instead in SYSTEMPATH/ThirdParty/Escaper/Escaper.php on line 250.
 1 SYSTEMPATH/ThirdParty/Escaper/Escaper.php(250): ord('Å')
 2 SYSTEMPATH/ThirdParty/Escaper/Escaper.php(167): Laminas\Escaper\Escaper->htmlAttrMatcher([...])
 3 [internal function]: Laminas\Escaper\Escaper->{closure:Laminas\Escaper\Escaper::__construct():167}([...])
 4 SYSTEMPATH/ThirdParty/Escaper/Escaper.php(200): preg_replace_callback('/[^a-z0-9,\\.\\-_]/iSu', Object(Closure), 'Complex ASA: Accessible surface area of the complex, given in Å². It corresponds to the ASA (complex) calculated with NACCESS, reported in the Surface section above.')
 5 SYSTEMPATH/Common.php(448): Laminas\Escaper\Escaper->escapeHtmlAttr('Complex ASA: Accessible surface area of the complex, given in Å². It corresponds to the ASA (complex) calculated with NACCESS, reported in the Surface section above.')
 6 APPPATH/Views/entry.php(617): esc('Complex ASA: Accessible surface area of the complex, given in Å². It corresponds to the ASA (complex) calculated with NACCESS, reported in the Surface section above.', 'attr')
 7 SYSTEMPATH/View/View.php(226): include('/Users/diego/Documents/GitHub/propedia26/app/Views/entry.php')
 8 SYSTEMPATH/View/View.php(229): CodeIgniter\View\View->{closure:CodeIgniter\View\View::render():223}()
 9 SYSTEMPATH/Common.php(1167): CodeIgniter\View\View->render('entry', [], true)
10 APPPATH/Controllers/Entry.php(58): view('entry', [...])
11 SYSTEMPATH/CodeIgniter.php(933): App\Controllers\Entry->entry('1WRZ-B-A')
12 SYSTEMPATH/CodeIgniter.php(507): CodeIgniter\CodeIgniter->runController(Object(App\Controllers\Entry))
13 SYSTEMPATH/CodeIgniter.php(354): CodeIgniter\CodeIgniter->handleRequest(null, Object(Config\Cache), false)
14 SYSTEMPATH/Boot.php(363): CodeIgniter\CodeIgniter->run()
15 SYSTEMPATH/Boot.php(68): CodeIgniter\Boot::runCodeIgniter(Object(CodeIgniter\CodeIgniter))
16 FCPATH/index.php(59): CodeIgniter\Boot::bootWeb(Object(Config\Paths))
17 SYSTEMPATH/rewrite.php(44): require_once('/Users/diego/Documents/GitHub/propedia26/public/index.php')
WARNING - 2026-08-30 08:58:09 --> [DEPRECATED] ord(): Providing a string that is not one byte long is deprecated. Use ord($str[0]) instead in SYSTEMPATH/ThirdParty/Escaper/Escaper.php on line 250.
 1 SYSTEMPATH/ThirdParty/Escaper/Escaper.php(250): ord('²')
 2 SYSTEMPATH/ThirdParty/Escaper/Escaper.php(167): Laminas\Escaper\Escaper->htmlAttrMatcher([...])
 3 [internal function]: Laminas\Escaper\Escaper->{closure:Laminas\Escaper\Escaper::__construct():167}([...])
 4 SYSTEMPATH/ThirdParty/Escaper/Escaper.php(200): preg_replace_callback('/[^a-z0-9,\\.\\-_]/iSu', Object(Closure), 'Complex ASA: Accessible surface area of the complex, given in Å². It corresponds to the ASA (complex) calculated with NACCESS, reported in the Surface section above.')
 5 SYSTEMPATH/Common.php(448): Laminas\Escaper\Escaper->escapeHtmlAttr('Complex ASA: Accessible surface area of the complex, given in Å². It corresponds to the ASA (complex) calculated with NACCESS, reported in the Surface section above.')
 6 APPPATH/Views/entry.php(617): esc('Complex ASA: Accessible surface area of the complex, given in Å². It corresponds to the ASA (complex) calculated with NACCESS, reported in the Surface section above.', 'attr')
 7 SYSTEMPATH/View/View.php(226): include('/Users/diego/Documents/GitHub/propedia26/app/Views/entry.php')
 8 SYSTEMPATH/View/View.php(229): CodeIgniter\View\View->{closure:CodeIgniter\View\View::render():223}()
 9 SYSTEMPATH/Common.php(1167): CodeIgniter\View\View->render('entry', [], true)
10 APPPATH/Controllers/Entry.php(58): view('entry', [...])
11 SYSTEMPATH/CodeIgniter.php(933): App\Controllers\Entry->entry('1WRZ-B-A')
12 SYSTEMPATH/CodeIgniter.php(507): CodeIgniter\CodeIgniter->runController(Object(App\Controllers\Entry))
13 SYSTEMPATH/CodeIgniter.php(354): CodeIgniter\CodeIgniter->handleRequest(null, Object(Config\Cache), false)
14 SYSTEMPATH/Boot.php(363): CodeIgniter\CodeIgniter->run()
15 SYSTEMPATH/Boot.php(68): CodeIgniter\Boot::runCodeIgniter(Object(CodeIgniter\CodeIgniter))
16 FCPATH/index.php(59): CodeIgniter\Boot::bootWeb(Object(Config\Paths))
17 SYSTEMPATH/rewrite.php(44): require_once('/Users/diego/Documents/GitHub/propedia26/public/index.php')
WARNING - 2026-08-30 08:58:09 --> [DEPRECATED] ord(): Providing a string that is not one byte long is deprecated. Use ord($str[0]) instead in SYSTEMPATH/ThirdParty/Escaper/Escaper.php on line 250.
 1 SYSTEMPATH/ThirdParty/Escaper/Escaper.php(250): ord('Å')
 2 SYSTEMPATH/ThirdParty/Escaper/Escaper.php(167): Laminas\Escaper\Escaper->htmlAttrMatcher([...])
 3 [internal function]: Laminas\Escaper\Escaper->{closure:Laminas\Escaper\Escaper::__construct():167}([...])
 4 SYSTEMPATH/ThirdParty/Escaper/Escaper.php(200): preg_replace_callback('/[^a-z0-9,\\.\\-_]/iSu', Object(Closure), 'Dissociation Area: Interface area that is broken when the complex dissociates, given in Å². It usually coincides with the interface area.')
 5 SYSTEMPATH/Common.php(448): Laminas\Escaper\Escaper->escapeHtmlAttr('Dissociation Area: Interface area that is broken when the complex dissociates, given in Å². It usually coincides with the interface area.')
 6 APPPATH/Views/entry.php(617): esc('Dissociation Area: Interface area that is broken when the complex dissociates, given in Å². It usually coincides with the interface area.', 'attr')
 7 SYSTEMPATH/View/View.php(226): include('/Users/diego/Documents/GitHub/propedia26/app/Views/entry.php')
 8 SYSTEMPATH/View/View.php(229): CodeIgniter\View\View->{closure:CodeIgniter\View\View::render():223}()
 9 SYSTEMPATH/Common.php(1167): CodeIgniter\View\View->render('entry', [], true)
10 APPPATH/Controllers/Entry.php(58): view('entry', [...])
11 SYSTEMPATH/CodeIgniter.php(933): App\Controllers\Entry->entry('1WRZ-B-A')
12 SYSTEMPATH/CodeIgniter.php(507): CodeIgniter\CodeIgniter->runController(Object(App\Controllers\Entry))
13 SYSTEMPATH/CodeIgniter.php(354): CodeIgniter\CodeIgniter->handleRequest(null, Object(Config\Cache), false)
14 SYSTEMPATH/Boot.php(363): CodeIgniter\CodeIgniter->run()
15 SYSTEMPATH/Boot.php(68): CodeIgniter\Boot::runCodeIgniter(Object(CodeIgniter\CodeIgniter))
16 FCPATH/index.php(59): CodeIgniter\Boot::bootWeb(Object(Config\Paths))
17 SYSTEMPATH/rewrite.php(44): require_once('/Users/diego/Documents/GitHub/propedia26/public/index.php')
WARNING - 2026-08-30 08:58:09 --> [DEPRECATED] ord(): Providing a string that is not one byte long is deprecated. Use ord($str[0]) instead in SYSTEMPATH/ThirdParty/Escaper/Escaper.php on line 250.
 1 SYSTEMPATH/ThirdParty/Escaper/Escaper.php(250): ord('²')
 2 SYSTEMPATH/ThirdParty/Escaper/Escaper.php(167): Laminas\Escaper\Escaper->htmlAttrMatcher([...])
 3 [internal function]: Laminas\Escaper\Escaper->{closure:Laminas\Escaper\Escaper::__construct():167}([...])
 4 SYSTEMPATH/ThirdParty/Escaper/Escaper.php(200): preg_replace_callback('/[^a-z0-9,\\.\\-_]/iSu', Object(Closure), 'Dissociation Area: Interface area that is broken when the complex dissociates, given in Å². It usually coincides with the interface area.')
 5 SYSTEMPATH/Common.php(448): Laminas\Escaper\Escaper->escapeHtmlAttr('Dissociation Area: Interface area that is broken when the complex dissociates, given in Å². It usually coincides with the interface area.')
 6 APPPATH/Views/entry.php(617): esc('Dissociation Area: Interface area that is broken when the complex dissociates, given in Å². It usually coincides with the interface area.', 'attr')
 7 SYSTEMPATH/View/View.php(226): include('/Users/diego/Documents/GitHub/propedia26/app/Views/entry.php')
 8 SYSTEMPATH/View/View.php(229): CodeIgniter\View\View->{closure:CodeIgniter\View\View::render():223}()
 9 SYSTEMPATH/Common.php(1167): CodeIgniter\View\View->render('entry', [], true)
10 APPPATH/Controllers/Entry.php(58): view('entry', [...])
11 SYSTEMPATH/CodeIgniter.php(933): App\Controllers\Entry->entry('1WRZ-B-A')
12 SYSTEMPATH/CodeIgniter.php(507): CodeIgniter\CodeIgniter->runController(Object(App\Controllers\Entry))
13 SYSTEMPATH/CodeIgniter.php(354): CodeIgniter\CodeIgniter->handleRequest(null, Object(Config\Cache), false)
14 SYSTEMPATH/Boot.php(363): CodeIgniter\CodeIgniter->run()
15 SYSTEMPATH/Boot.php(68): CodeIgniter\Boot::runCodeIgniter(Object(CodeIgniter\CodeIgniter))
16 FCPATH/index.php(59): CodeIgniter\Boot::bootWeb(Object(Config\Paths))
17 SYSTEMPATH/rewrite.php(44): require_once('/Users/diego/Documents/GitHub/propedia26/public/index.php')
WARNING - 2026-08-30 08:58:09 --> [DEPRECATED] ord(): Providing a string that is not one byte long is deprecated. Use ord($str[0]) instead in SYSTEMPATH/ThirdParty/Escaper/Escaper.php on line 250.
 1 SYSTEMPATH/ThirdParty/Escaper/Escaper.php(250): ord('Δ')
 2 SYSTEMPATH/ThirdParty/Escaper/Escaper.php(167): Laminas\Escaper\Escaper->htmlAttrMatcher([...])
 3 [internal function]: Laminas\Escaper\Escaper->{closure:Laminas\Escaper\Escaper::__construct():167}([...])
 4 SYSTEMPATH/ThirdParty/Escaper/Escaper.php(200): preg_replace_callback('/[^a-z0-9,\\.\\-_]/iSu', Object(Closure), 'Dissociation Free Energy (ΔGdiss): Free energy required to dissociate the complex, in kcal/mol. Positive values indicate a thermodynamically stable complex. It is the PISA counterpart of the binding affinity predicted by PRODIGY, reported in the Interaction energy section above with the opposite sign.')
 5 SYSTEMPATH/Common.php(448): Laminas\Escaper\Escaper->escapeHtmlAttr('Dissociation Free Energy (ΔGdiss): Free energy required to dissociate the complex, in kcal/mol. Positive values indicate a thermodynamically stable complex. It is the PISA counterpart of the binding affinity predicted by PRODIGY, reported in the Interaction energy section above with the opposite sign.')
 6 APPPATH/Views/entry.php(617): esc('Dissociation Free Energy (ΔGdiss): Free energy required to dissociate the complex, in kcal/mol. Positive values indicate a thermodynamically stable complex. It is the PISA counterpart of the binding affinity predicted by PRODIGY, reported in the Interaction energy section above with the opposite sign.', 'attr')
 7 SYSTEMPATH/View/View.php(226): include('/Users/diego/Documents/GitHub/propedia26/app/Views/entry.php')
 8 SYSTEMPATH/View/View.php(229): CodeIgniter\View\View->{closure:CodeIgniter\View\View::render():223}()
 9 SYSTEMPATH/Common.php(1167): CodeIgniter\View\View->render('entry', [], true)
10 APPPATH/Controllers/Entry.php(58): view('entry', [...])
11 SYSTEMPATH/CodeIgniter.php(933): App\Controllers\Entry->entry('1WRZ-B-A')
12 SYSTEMPATH/CodeIgniter.php(507): CodeIgniter\CodeIgniter->runController(Object(App\Controllers\Entry))
13 SYSTEMPATH/CodeIgniter.php(354): CodeIgniter\CodeIgniter->handleRequest(null, Object(Config\Cache), false)
14 SYSTEMPATH/Boot.php(363): CodeIgniter\CodeIgniter->run()
15 SYSTEMPATH/Boot.php(68): CodeIgniter\Boot::runCodeIgniter(Object(CodeIgniter\CodeIgniter))
16 FCPATH/index.php(59): CodeIgniter\Boot::bootWeb(Object(Config\Paths))
17 SYSTEMPATH/rewrite.php(44): require_once('/Users/diego/Documents/GitHub/propedia26/public/index.php')
WARNING - 2026-08-30 08:58:09 --> [DEPRECATED] ord(): Providing a string that is not one byte long is deprecated. Use ord($str[0]) instead in SYSTEMPATH/ThirdParty/Escaper/Escaper.php on line 250.
 1 SYSTEMPATH/ThirdParty/Escaper/Escaper.php(250): ord('Δ')
 2 SYSTEMPATH/ThirdParty/Escaper/Escaper.php(167): Laminas\Escaper\Escaper->htmlAttrMatcher([...])
 3 [internal function]: Laminas\Escaper\Escaper->{closure:Laminas\Escaper\Escaper::__construct():167}([...])
 4 SYSTEMPATH/ThirdParty/Escaper/Escaper.php(200): preg_replace_callback('/[^a-z0-9,\\.\\-_]/iSu', Object(Closure), 'Solvation Energy Gain (ΔiG): Free energy gain, in kcal/mol, obtained on formation of the interface. Negative values indicate a hydrophobic interface, which favours the association. It does not include the contribution of hydrogen bonds and salt bridges across the interface.')
 5 SYSTEMPATH/Common.php(448): Laminas\Escaper\Escaper->escapeHtmlAttr('Solvation Energy Gain (ΔiG): Free energy gain, in kcal/mol, obtained on formation of the interface. Negative values indicate a hydrophobic interface, which favours the association. It does not include the contribution of hydrogen bonds and salt bridges across the interface.')
 6 APPPATH/Views/entry.php(617): esc('Solvation Energy Gain (ΔiG): Free energy gain, in kcal/mol, obtained on formation of the interface. Negative values indicate a hydrophobic interface, which favours the association. It does not include the contribution of hydrogen bonds and salt bridges across the interface.', 'attr')
 7 SYSTEMPATH/View/View.php(226): include('/Users/diego/Documents/GitHub/propedia26/app/Views/entry.php')
 8 SYSTEMPATH/View/View.php(229): CodeIgniter\View\View->{closure:CodeIgniter\View\View::render():223}()
 9 SYSTEMPATH/Common.php(1167): CodeIgniter\View\View->render('entry', [], true)
10 APPPATH/Controllers/Entry.php(58): view('entry', [...])
11 SYSTEMPATH/CodeIgniter.php(933): App\Controllers\Entry->entry('1WRZ-B-A')
12 SYSTEMPATH/CodeIgniter.php(507): CodeIgniter\CodeIgniter->runController(Object(App\Controllers\Entry))
13 SYSTEMPATH/CodeIgniter.php(354): CodeIgniter\CodeIgniter->handleRequest(null, Object(Config\Cache), false)
14 SYSTEMPATH/Boot.php(363): CodeIgniter\CodeIgniter->run()
15 SYSTEMPATH/Boot.php(68): CodeIgniter\Boot::runCodeIgniter(Object(CodeIgniter\CodeIgniter))
16 FCPATH/index.php(59): CodeIgniter\Boot::bootWeb(Object(Config\Paths))
17 SYSTEMPATH/rewrite.php(44): require_once('/Users/diego/Documents/GitHub/propedia26/public/index.php')
WARNING - 2026-08-30 08:58:09 --> [DEPRECATED] ord(): Providing a string that is not one byte long is deprecated. Use ord($str[0]) instead in SYSTEMPATH/ThirdParty/Escaper/Escaper.php on line 250.
 1 SYSTEMPATH/ThirdParty/Escaper/Escaper.php(250): ord('Δ')
 2 SYSTEMPATH/ThirdParty/Escaper/Escaper.php(167): Laminas\Escaper\Escaper->htmlAttrMatcher([...])
 3 [internal function]: Laminas\Escaper\Escaper->{closure:Laminas\Escaper\Escaper::__construct():167}([...])
 4 SYSTEMPATH/ThirdParty/Escaper/Escaper.php(200): preg_replace_callback('/[^a-z0-9,\\.\\-_]/iSu', Object(Closure), 'ΔiG P-value: Statistical significance of the solvation energy gain. Values below 0.5 indicate an interface more hydrophobic than would be expected by chance, that is, an interface likely to be interaction-specific rather than a crystal-packing artefact.')
 5 SYSTEMPATH/Common.php(448): Laminas\Escaper\Escaper->escapeHtmlAttr('ΔiG P-value: Statistical significance of the solvation energy gain. Values below 0.5 indicate an interface more hydrophobic than would be expected by chance, that is, an interface likely to be interaction-specific rather than a crystal-packing artefact.')
 6 APPPATH/Views/entry.php(617): esc('ΔiG P-value: Statistical significance of the solvation energy gain. Values below 0.5 indicate an interface more hydrophobic than would be expected by chance, that is, an interface likely to be interaction-specific rather than a crystal-packing artefact.', 'attr')
 7 SYSTEMPATH/View/View.php(226): include('/Users/diego/Documents/GitHub/propedia26/app/Views/entry.php')
 8 SYSTEMPATH/View/View.php(229): CodeIgniter\View\View->{closure:CodeIgniter\View\View::render():223}()
 9 SYSTEMPATH/Common.php(1167): CodeIgniter\View\View->render('entry', [], true)
10 APPPATH/Controllers/Entry.php(58): view('entry', [...])
11 SYSTEMPATH/CodeIgniter.php(933): App\Controllers\Entry->entry('1WRZ-B-A')
12 SYSTEMPATH/CodeIgniter.php(507): CodeIgniter\CodeIgniter->runController(Object(App\Controllers\Entry))
13 SYSTEMPATH/CodeIgniter.php(354): CodeIgniter\CodeIgniter->handleRequest(null, Object(Config\Cache), false)
14 SYSTEMPATH/Boot.php(363): CodeIgniter\CodeIgniter->run()
15 SYSTEMPATH/Boot.php(68): CodeIgniter\Boot::runCodeIgniter(Object(CodeIgniter\CodeIgniter))
16 FCPATH/index.php(59): CodeIgniter\Boot::bootWeb(Object(Config\Paths))
17 SYSTEMPATH/rewrite.php(44): require_once('/Users/diego/Documents/GitHub/propedia26/public/index.php')
WARNING - 2026-08-30 08:58:09 --> [DEPRECATED] ord(): Providing a string that is not one byte long is deprecated. Use ord($str[0]) instead in SYSTEMPATH/ThirdParty/Escaper/Escaper.php on line 250.
 1 SYSTEMPATH/ThirdParty/Escaper/Escaper.php(250): ord('Δ')
 2 SYSTEMPATH/ThirdParty/Escaper/Escaper.php(167): Laminas\Escaper\Escaper->htmlAttrMatcher([...])
 3 [internal function]: Laminas\Escaper\Escaper->{closure:Laminas\Escaper\Escaper::__construct():167}([...])
 4 SYSTEMPATH/ThirdParty/Escaper/Escaper.php(200): preg_replace_callback('/[^a-z0-9,\\.\\-_]/iSu', Object(Closure), 'Total Interaction Energy: Solvation energy gain summed over all the interfaces of the structure, in kcal/mol. It is equal to the interface ΔiG when the structure has a single interface.')
 5 SYSTEMPATH/Common.php(448): Laminas\Escaper\Escaper->escapeHtmlAttr('Total Interaction Energy: Solvation energy gain summed over all the interfaces of the structure, in kcal/mol. It is equal to the interface ΔiG when the structure has a single interface.')
 6 APPPATH/Views/entry.php(617): esc('Total Interaction Energy: Solvation energy gain summed over all the interfaces of the structure, in kcal/mol. It is equal to the interface ΔiG when the structure has a single interface.', 'attr')
 7 SYSTEMPATH/View/View.php(226): include('/Users/diego/Documents/GitHub/propedia26/app/Views/entry.php')
 8 SYSTEMPATH/View/View.php(229): CodeIgniter\View\View->{closure:CodeIgniter\View\View::render():223}()
 9 SYSTEMPATH/Common.php(1167): CodeIgniter\View\View->render('entry', [], true)
10 APPPATH/Controllers/Entry.php(58): view('entry', [...])
11 SYSTEMPATH/CodeIgniter.php(933): App\Controllers\Entry->entry('1WRZ-B-A')
12 SYSTEMPATH/CodeIgniter.php(507): CodeIgniter\CodeIgniter->runController(Object(App\Controllers\Entry))
13 SYSTEMPATH/CodeIgniter.php(354): CodeIgniter\CodeIgniter->handleRequest(null, Object(Config\Cache), false)
14 SYSTEMPATH/Boot.php(363): CodeIgniter\CodeIgniter->run()
15 SYSTEMPATH/Boot.php(68): CodeIgniter\Boot::runCodeIgniter(Object(CodeIgniter\CodeIgniter))
16 FCPATH/index.php(59): CodeIgniter\Boot::bootWeb(Object(Config\Paths))
17 SYSTEMPATH/rewrite.php(44): require_once('/Users/diego/Documents/GitHub/propedia26/public/index.php')
WARNING - 2026-08-30 08:58:09 --> [DEPRECATED] ord(): Providing a string that is not one byte long is deprecated. Use ord($str[0]) instead in SYSTEMPATH/ThirdParty/Escaper/Escaper.php on line 250.
 1 SYSTEMPATH/ThirdParty/Escaper/Escaper.php(250): ord('Δ')
 2 SYSTEMPATH/ThirdParty/Escaper/Escaper.php(167): Laminas\Escaper\Escaper->htmlAttrMatcher([...])
 3 [internal function]: Laminas\Escaper\Escaper->{closure:Laminas\Escaper\Escaper::__construct():167}([...])
 4 SYSTEMPATH/ThirdParty/Escaper/Escaper.php(200): preg_replace_callback('/[^a-z0-9,\\.\\-_]/iSu', Object(Closure), 'Dissociation Entropy (TΔS): Entropic cost of the association, in kcal/mol. It always opposes the formation of the complex and is taken into account in the calculation of ΔGdiss.')
 5 SYSTEMPATH/Common.php(448): Laminas\Escaper\Escaper->escapeHtmlAttr('Dissociation Entropy (TΔS): Entropic cost of the association, in kcal/mol. It always opposes the formation of the complex and is taken into account in the calculation of ΔGdiss.')
 6 APPPATH/Views/entry.php(617): esc('Dissociation Entropy (TΔS): Entropic cost of the association, in kcal/mol. It always opposes the formation of the complex and is taken into account in the calculation of ΔGdiss.', 'attr')
 7 SYSTEMPATH/View/View.php(226): include('/Users/diego/Documents/GitHub/propedia26/app/Views/entry.php')
 8 SYSTEMPATH/View/View.php(229): CodeIgniter\View\View->{closure:CodeIgniter\View\View::render():223}()
 9 SYSTEMPATH/Common.php(1167): CodeIgniter\View\View->render('entry', [], true)
10 APPPATH/Controllers/Entry.php(58): view('entry', [...])
11 SYSTEMPATH/CodeIgniter.php(933): App\Controllers\Entry->entry('1WRZ-B-A')
12 SYSTEMPATH/CodeIgniter.php(507): CodeIgniter\CodeIgniter->runController(Object(App\Controllers\Entry))
13 SYSTEMPATH/CodeIgniter.php(354): CodeIgniter\CodeIgniter->handleRequest(null, Object(Config\Cache), false)
14 SYSTEMPATH/Boot.php(363): CodeIgniter\CodeIgniter->run()
15 SYSTEMPATH/Boot.php(68): CodeIgniter\Boot::runCodeIgniter(Object(CodeIgniter\CodeIgniter))
16 FCPATH/index.php(59): CodeIgniter\Boot::bootWeb(Object(Config\Paths))
17 SYSTEMPATH/rewrite.php(44): require_once('/Users/diego/Documents/GitHub/propedia26/public/index.php')
WARNING - 2026-08-30 08:58:09 --> [DEPRECATED] ord(): Providing a string that is not one byte long is deprecated. Use ord($str[0]) instead in SYSTEMPATH/ThirdParty/Escaper/Escaper.php on line 250.
 1 SYSTEMPATH/ThirdParty/Escaper/Escaper.php(250): ord('Δ')
 2 SYSTEMPATH/ThirdParty/Escaper/Escaper.php(167): Laminas\Escaper\Escaper->htmlAttrMatcher([...])
 3 [internal function]: Laminas\Escaper\Escaper->{closure:Laminas\Escaper\Escaper::__construct():167}([...])
 4 SYSTEMPATH/ThirdParty/Escaper/Escaper.php(200): preg_replace_callback('/[^a-z0-9,\\.\\-_]/iSu', Object(Closure), 'Dissociation Entropy (TΔS): Entropic cost of the association, in kcal/mol. It always opposes the formation of the complex and is taken into account in the calculation of ΔGdiss.')
 5 SYSTEMPATH/Common.php(448): Laminas\Escaper\Escaper->escapeHtmlAttr('Dissociation Entropy (TΔS): Entropic cost of the association, in kcal/mol. It always opposes the formation of the complex and is taken into account in the calculation of ΔGdiss.')
 6 APPPATH/Views/entry.php(617): esc('Dissociation Entropy (TΔS): Entropic cost of the association, in kcal/mol. It always opposes the formation of the complex and is taken into account in the calculation of ΔGdiss.', 'attr')
 7 SYSTEMPATH/View/View.php(226): include('/Users/diego/Documents/GitHub/propedia26/app/Views/entry.php')
 8 SYSTEMPATH/View/View.php(229): CodeIgniter\View\View->{closure:CodeIgniter\View\View::render():223}()
 9 SYSTEMPATH/Common.php(1167): CodeIgniter\View\View->render('entry', [], true)
10 APPPATH/Controllers/Entry.php(58): view('entry', [...])
11 SYSTEMPATH/CodeIgniter.php(933): App\Controllers\Entry->entry('1WRZ-B-A')
12 SYSTEMPATH/CodeIgniter.php(507): CodeIgniter\CodeIgniter->runController(Object(App\Controllers\Entry))
13 SYSTEMPATH/CodeIgniter.php(354): CodeIgniter\CodeIgniter->handleRequest(null, Object(Config\Cache), false)
14 SYSTEMPATH/Boot.php(363): CodeIgniter\CodeIgniter->run()
15 SYSTEMPATH/Boot.php(68): CodeIgniter\Boot::runCodeIgniter(Object(CodeIgniter\CodeIgniter))
16 FCPATH/index.php(59): CodeIgniter\Boot::bootWeb(Object(Config\Paths))
17 SYSTEMPATH/rewrite.php(44): require_once('/Users/diego/Documents/GitHub/propedia26/public/index.php')
DEBUG - 2026-08-30 08:58:09 --> Session: Class initialized using 'CodeIgniter\Session\Handlers\FileHandler' driver.
DEBUG - 2026-08-30 08:59:33 --> Session: Class initialized using 'CodeIgniter\Session\Handlers\FileHandler' driver.
DEBUG - 2026-08-30 08:59:39 --> Session: Class initialized using 'CodeIgniter\Session\Handlers\FileHandler' driver.
DEBUG - 2026-08-30 09:00:23 --> Session: Class initialized using 'CodeIgniter\Session\Handlers\FileHandler' driver.
WARNING - 2026-08-30 09:00:30 --> [DEPRECATED] fgetcsv(): the $escape parameter must be provided as its default value will change in APPPATH/Controllers/Entry.php on line 37.
 1 APPPATH/Controllers/Entry.php(37): fgetcsv(resource (stream), 0, ';')
 2 SYSTEMPATH/CodeIgniter.php(933): App\Controllers\Entry->entry('1WRZ-B-A')
 3 SYSTEMPATH/CodeIgniter.php(507): CodeIgniter\CodeIgniter->runController(Object(App\Controllers\Entry))
 4 SYSTEMPATH/CodeIgniter.php(354): CodeIgniter\CodeIgniter->handleRequest(null, Object(Config\Cache), false)
 5 SYSTEMPATH/Boot.php(363): CodeIgniter\CodeIgniter->run()
 6 SYSTEMPATH/Boot.php(68): CodeIgniter\Boot::runCodeIgniter(Object(CodeIgniter\CodeIgniter))
 7 FCPATH/index.php(59): CodeIgniter\Boot::bootWeb(Object(Config\Paths))
 8 SYSTEMPATH/rewrite.php(44): require_once('/Users/diego/Documents/GitHub/propedia26/public/index.php')
WARNING - 2026-08-30 09:00:30 --> [DEPRECATED] ord(): Providing a string that is not one byte long is deprecated. Use ord($str[0]) instead in SYSTEMPATH/ThirdParty/Escaper/Escaper.php on line 250.
 1 SYSTEMPATH/ThirdParty/Escaper/Escaper.php(250): ord('Å')
 2 SYSTEMPATH/ThirdParty/Escaper/Escaper.php(167): Laminas\Escaper\Escaper->htmlAttrMatcher([...])
 3 [internal function]: Laminas\Escaper\Escaper->{closure:Laminas\Escaper\Escaper::__construct():167}([...])
 4 SYSTEMPATH/ThirdParty/Escaper/Escaper.php(200): preg_replace_callback('/[^a-z0-9,\\.\\-_]/iSu', Object(Closure), 'Interface Area: Area of one face of the protein-peptide interface, given in Å². It corresponds to the BSA calculated with NACCESS, reported in the Surface section above.')
 5 SYSTEMPATH/Common.php(448): Laminas\Escaper\Escaper->escapeHtmlAttr('Interface Area: Area of one face of the protein-peptide interface, given in Å². It corresponds to the BSA calculated with NACCESS, reported in the Surface section above.')
 6 APPPATH/Views/entry.php(617): esc('Interface Area: Area of one face of the protein-peptide interface, given in Å². It corresponds to the BSA calculated with NACCESS, reported in the Surface section above.', 'attr')
 7 SYSTEMPATH/View/View.php(226): include('/Users/diego/Documents/GitHub/propedia26/app/Views/entry.php')
 8 SYSTEMPATH/View/View.php(229): CodeIgniter\View\View->{closure:CodeIgniter\View\View::render():223}()
 9 SYSTEMPATH/Common.php(1167): CodeIgniter\View\View->render('entry', [], true)
10 APPPATH/Controllers/Entry.php(58): view('entry', [...])
11 SYSTEMPATH/CodeIgniter.php(933): App\Controllers\Entry->entry('1WRZ-B-A')
12 SYSTEMPATH/CodeIgniter.php(507): CodeIgniter\CodeIgniter->runController(Object(App\Controllers\Entry))
13 SYSTEMPATH/CodeIgniter.php(354): CodeIgniter\CodeIgniter->handleRequest(null, Object(Config\Cache), false)
14 SYSTEMPATH/Boot.php(363): CodeIgniter\CodeIgniter->run()
15 SYSTEMPATH/Boot.php(68): CodeIgniter\Boot::runCodeIgniter(Object(CodeIgniter\CodeIgniter))
16 FCPATH/index.php(59): CodeIgniter\Boot::bootWeb(Object(Config\Paths))
17 SYSTEMPATH/rewrite.php(44): require_once('/Users/diego/Documents/GitHub/propedia26/public/index.php')
WARNING - 2026-08-30 09:00:30 --> [DEPRECATED] ord(): Providing a string that is not one byte long is deprecated. Use ord($str[0]) instead in SYSTEMPATH/ThirdParty/Escaper/Escaper.php on line 250.
 1 SYSTEMPATH/ThirdParty/Escaper/Escaper.php(250): ord('²')
 2 SYSTEMPATH/ThirdParty/Escaper/Escaper.php(167): Laminas\Escaper\Escaper->htmlAttrMatcher([...])
 3 [internal function]: Laminas\Escaper\Escaper->{closure:Laminas\Escaper\Escaper::__construct():167}([...])
 4 SYSTEMPATH/ThirdParty/Escaper/Escaper.php(200): preg_replace_callback('/[^a-z0-9,\\.\\-_]/iSu', Object(Closure), 'Interface Area: Area of one face of the protein-peptide interface, given in Å². It corresponds to the BSA calculated with NACCESS, reported in the Surface section above.')
 5 SYSTEMPATH/Common.php(448): Laminas\Escaper\Escaper->escapeHtmlAttr('Interface Area: Area of one face of the protein-peptide interface, given in Å². It corresponds to the BSA calculated with NACCESS, reported in the Surface section above.')
 6 APPPATH/Views/entry.php(617): esc('Interface Area: Area of one face of the protein-peptide interface, given in Å². It corresponds to the BSA calculated with NACCESS, reported in the Surface section above.', 'attr')
 7 SYSTEMPATH/View/View.php(226): include('/Users/diego/Documents/GitHub/propedia26/app/Views/entry.php')
 8 SYSTEMPATH/View/View.php(229): CodeIgniter\View\View->{closure:CodeIgniter\View\View::render():223}()
 9 SYSTEMPATH/Common.php(1167): CodeIgniter\View\View->render('entry', [], true)
10 APPPATH/Controllers/Entry.php(58): view('entry', [...])
11 SYSTEMPATH/CodeIgniter.php(933): App\Controllers\Entry->entry('1WRZ-B-A')
12 SYSTEMPATH/CodeIgniter.php(507): CodeIgniter\CodeIgniter->runController(Object(App\Controllers\Entry))
13 SYSTEMPATH/CodeIgniter.php(354): CodeIgniter\CodeIgniter->handleRequest(null, Object(Config\Cache), false)
14 SYSTEMPATH/Boot.php(363): CodeIgniter\CodeIgniter->run()
15 SYSTEMPATH/Boot.php(68): CodeIgniter\Boot::runCodeIgniter(Object(CodeIgniter\CodeIgniter))
16 FCPATH/index.php(59): CodeIgniter\Boot::bootWeb(Object(Config\Paths))
17 SYSTEMPATH/rewrite.php(44): require_once('/Users/diego/Documents/GitHub/propedia26/public/index.php')
WARNING - 2026-08-30 09:00:30 --> [DEPRECATED] ord(): Providing a string that is not one byte long is deprecated. Use ord($str[0]) instead in SYSTEMPATH/ThirdParty/Escaper/Escaper.php on line 250.
 1 SYSTEMPATH/ThirdParty/Escaper/Escaper.php(250): ord('Å')
 2 SYSTEMPATH/ThirdParty/Escaper/Escaper.php(167): Laminas\Escaper\Escaper->htmlAttrMatcher([...])
 3 [internal function]: Laminas\Escaper\Escaper->{closure:Laminas\Escaper\Escaper::__construct():167}([...])
 4 SYSTEMPATH/ThirdParty/Escaper/Escaper.php(200): preg_replace_callback('/[^a-z0-9,\\.\\-_]/iSu', Object(Closure), 'Buried Area (peptide): Peptide surface area that becomes buried upon formation of the interface (value given in Å²).')
 5 SYSTEMPATH/Common.php(448): Laminas\Escaper\Escaper->escapeHtmlAttr('Buried Area (peptide): Peptide surface area that becomes buried upon formation of the interface (value given in Å²).')
 6 APPPATH/Views/entry.php(617): esc('Buried Area (peptide): Peptide surface area that becomes buried upon formation of the interface (value given in Å²).', 'attr')
 7 SYSTEMPATH/View/View.php(226): include('/Users/diego/Documents/GitHub/propedia26/app/Views/entry.php')
 8 SYSTEMPATH/View/View.php(229): CodeIgniter\View\View->{closure:CodeIgniter\View\View::render():223}()
 9 SYSTEMPATH/Common.php(1167): CodeIgniter\View\View->render('entry', [], true)
10 APPPATH/Controllers/Entry.php(58): view('entry', [...])
11 SYSTEMPATH/CodeIgniter.php(933): App\Controllers\Entry->entry('1WRZ-B-A')
12 SYSTEMPATH/CodeIgniter.php(507): CodeIgniter\CodeIgniter->runController(Object(App\Controllers\Entry))
13 SYSTEMPATH/CodeIgniter.php(354): CodeIgniter\CodeIgniter->handleRequest(null, Object(Config\Cache), false)
14 SYSTEMPATH/Boot.php(363): CodeIgniter\CodeIgniter->run()
15 SYSTEMPATH/Boot.php(68): CodeIgniter\Boot::runCodeIgniter(Object(CodeIgniter\CodeIgniter))
16 FCPATH/index.php(59): CodeIgniter\Boot::bootWeb(Object(Config\Paths))
17 SYSTEMPATH/rewrite.php(44): require_once('/Users/diego/Documents/GitHub/propedia26/public/index.php')
WARNING - 2026-08-30 09:00:30 --> [DEPRECATED] ord(): Providing a string that is not one byte long is deprecated. Use ord($str[0]) instead in SYSTEMPATH/ThirdParty/Escaper/Escaper.php on line 250.
 1 SYSTEMPATH/ThirdParty/Escaper/Escaper.php(250): ord('²')
 2 SYSTEMPATH/ThirdParty/Escaper/Escaper.php(167): Laminas\Escaper\Escaper->htmlAttrMatcher([...])
 3 [internal function]: Laminas\Escaper\Escaper->{closure:Laminas\Escaper\Escaper::__construct():167}([...])
 4 SYSTEMPATH/ThirdParty/Escaper/Escaper.php(200): preg_replace_callback('/[^a-z0-9,\\.\\-_]/iSu', Object(Closure), 'Buried Area (peptide): Peptide surface area that becomes buried upon formation of the interface (value given in Å²).')
 5 SYSTEMPATH/Common.php(448): Laminas\Escaper\Escaper->escapeHtmlAttr('Buried Area (peptide): Peptide surface area that becomes buried upon formation of the interface (value given in Å²).')
 6 APPPATH/Views/entry.php(617): esc('Buried Area (peptide): Peptide surface area that becomes buried upon formation of the interface (value given in Å²).', 'attr')
 7 SYSTEMPATH/View/View.php(226): include('/Users/diego/Documents/GitHub/propedia26/app/Views/entry.php')
 8 SYSTEMPATH/View/View.php(229): CodeIgniter\View\View->{closure:CodeIgniter\View\View::render():223}()
 9 SYSTEMPATH/Common.php(1167): CodeIgniter\View\View->render('entry', [], true)
10 APPPATH/Controllers/Entry.php(58): view('entry', [...])
11 SYSTEMPATH/CodeIgniter.php(933): App\Controllers\Entry->entry('1WRZ-B-A')
12 SYSTEMPATH/CodeIgniter.php(507): CodeIgniter\CodeIgniter->runController(Object(App\Controllers\Entry))
13 SYSTEMPATH/CodeIgniter.php(354): CodeIgniter\CodeIgniter->handleRequest(null, Object(Config\Cache), false)
14 SYSTEMPATH/Boot.php(363): CodeIgniter\CodeIgniter->run()
15 SYSTEMPATH/Boot.php(68): CodeIgniter\Boot::runCodeIgniter(Object(CodeIgniter\CodeIgniter))
16 FCPATH/index.php(59): CodeIgniter\Boot::bootWeb(Object(Config\Paths))
17 SYSTEMPATH/rewrite.php(44): require_once('/Users/diego/Documents/GitHub/propedia26/public/index.php')
WARNING - 2026-08-30 09:00:30 --> [DEPRECATED] ord(): Providing a string that is not one byte long is deprecated. Use ord($str[0]) instead in SYSTEMPATH/ThirdParty/Escaper/Escaper.php on line 250.
 1 SYSTEMPATH/ThirdParty/Escaper/Escaper.php(250): ord('Å')
 2 SYSTEMPATH/ThirdParty/Escaper/Escaper.php(167): Laminas\Escaper\Escaper->htmlAttrMatcher([...])
 3 [internal function]: Laminas\Escaper\Escaper->{closure:Laminas\Escaper\Escaper::__construct():167}([...])
 4 SYSTEMPATH/ThirdParty/Escaper/Escaper.php(200): preg_replace_callback('/[^a-z0-9,\\.\\-_]/iSu', Object(Closure), 'Buried Area (protein): Protein surface area that becomes buried upon formation of the interface (value given in Å²).')
 5 SYSTEMPATH/Common.php(448): Laminas\Escaper\Escaper->escapeHtmlAttr('Buried Area (protein): Protein surface area that becomes buried upon formation of the interface (value given in Å²).')
 6 APPPATH/Views/entry.php(617): esc('Buried Area (protein): Protein surface area that becomes buried upon formation of the interface (value given in Å²).', 'attr')
 7 SYSTEMPATH/View/View.php(226): include('/Users/diego/Documents/GitHub/propedia26/app/Views/entry.php')
 8 SYSTEMPATH/View/View.php(229): CodeIgniter\View\View->{closure:CodeIgniter\View\View::render():223}()
 9 SYSTEMPATH/Common.php(1167): CodeIgniter\View\View->render('entry', [], true)
10 APPPATH/Controllers/Entry.php(58): view('entry', [...])
11 SYSTEMPATH/CodeIgniter.php(933): App\Controllers\Entry->entry('1WRZ-B-A')
12 SYSTEMPATH/CodeIgniter.php(507): CodeIgniter\CodeIgniter->runController(Object(App\Controllers\Entry))
13 SYSTEMPATH/CodeIgniter.php(354): CodeIgniter\CodeIgniter->handleRequest(null, Object(Config\Cache), false)
14 SYSTEMPATH/Boot.php(363): CodeIgniter\CodeIgniter->run()
15 SYSTEMPATH/Boot.php(68): CodeIgniter\Boot::runCodeIgniter(Object(CodeIgniter\CodeIgniter))
16 FCPATH/index.php(59): CodeIgniter\Boot::bootWeb(Object(Config\Paths))
17 SYSTEMPATH/rewrite.php(44): require_once('/Users/diego/Documents/GitHub/propedia26/public/index.php')
WARNING - 2026-08-30 09:00:30 --> [DEPRECATED] ord(): Providing a string that is not one byte long is deprecated. Use ord($str[0]) instead in SYSTEMPATH/ThirdParty/Escaper/Escaper.php on line 250.
 1 SYSTEMPATH/ThirdParty/Escaper/Escaper.php(250): ord('²')
 2 SYSTEMPATH/ThirdParty/Escaper/Escaper.php(167): Laminas\Escaper\Escaper->htmlAttrMatcher([...])
 3 [internal function]: Laminas\Escaper\Escaper->{closure:Laminas\Escaper\Escaper::__construct():167}([...])
 4 SYSTEMPATH/ThirdParty/Escaper/Escaper.php(200): preg_replace_callback('/[^a-z0-9,\\.\\-_]/iSu', Object(Closure), 'Buried Area (protein): Protein surface area that becomes buried upon formation of the interface (value given in Å²).')
 5 SYSTEMPATH/Common.php(448): Laminas\Escaper\Escaper->escapeHtmlAttr('Buried Area (protein): Protein surface area that becomes buried upon formation of the interface (value given in Å²).')
 6 APPPATH/Views/entry.php(617): esc('Buried Area (protein): Protein surface area that becomes buried upon formation of the interface (value given in Å²).', 'attr')
 7 SYSTEMPATH/View/View.php(226): include('/Users/diego/Documents/GitHub/propedia26/app/Views/entry.php')
 8 SYSTEMPATH/View/View.php(229): CodeIgniter\View\View->{closure:CodeIgniter\View\View::render():223}()
 9 SYSTEMPATH/Common.php(1167): CodeIgniter\View\View->render('entry', [], true)
10 APPPATH/Controllers/Entry.php(58): view('entry', [...])
11 SYSTEMPATH/CodeIgniter.php(933): App\Controllers\Entry->entry('1WRZ-B-A')
12 SYSTEMPATH/CodeIgniter.php(507): CodeIgniter\CodeIgniter->runController(Object(App\Controllers\Entry))
13 SYSTEMPATH/CodeIgniter.php(354): CodeIgniter\CodeIgniter->handleRequest(null, Object(Config\Cache), false)
14 SYSTEMPATH/Boot.php(363): CodeIgniter\CodeIgniter->run()
15 SYSTEMPATH/Boot.php(68): CodeIgniter\Boot::runCodeIgniter(Object(CodeIgniter\CodeIgniter))
16 FCPATH/index.php(59): CodeIgniter\Boot::bootWeb(Object(Config\Paths))
17 SYSTEMPATH/rewrite.php(44): require_once('/Users/diego/Documents/GitHub/propedia26/public/index.php')
WARNING - 2026-08-30 09:00:30 --> [DEPRECATED] ord(): Providing a string that is not one byte long is deprecated. Use ord($str[0]) instead in SYSTEMPATH/ThirdParty/Escaper/Escaper.php on line 250.
 1 SYSTEMPATH/ThirdParty/Escaper/Escaper.php(250): ord('Å')
 2 SYSTEMPATH/ThirdParty/Escaper/Escaper.php(167): Laminas\Escaper\Escaper->htmlAttrMatcher([...])
 3 [internal function]: Laminas\Escaper\Escaper->{closure:Laminas\Escaper\Escaper::__construct():167}([...])
 4 SYSTEMPATH/ThirdParty/Escaper/Escaper.php(200): preg_replace_callback('/[^a-z0-9,\\.\\-_]/iSu', Object(Closure), 'Total Buried Area: Total surface area buried by the association, counting both faces of the interface, in Å². It is therefore about twice the BSA reported by NACCESS, which counts a single face.')
 5 SYSTEMPATH/Common.php(448): Laminas\Escaper\Escaper->escapeHtmlAttr('Total Buried Area: Total surface area buried by the association, counting both faces of the interface, in Å². It is therefore about twice the BSA reported by NACCESS, which counts a single face.')
 6 APPPATH/Views/entry.php(617): esc('Total Buried Area: Total surface area buried by the association, counting both faces of the interface, in Å². It is therefore about twice the BSA reported by NACCESS, which counts a single face.', 'attr')
 7 SYSTEMPATH/View/View.php(226): include('/Users/diego/Documents/GitHub/propedia26/app/Views/entry.php')
 8 SYSTEMPATH/View/View.php(229): CodeIgniter\View\View->{closure:CodeIgniter\View\View::render():223}()
 9 SYSTEMPATH/Common.php(1167): CodeIgniter\View\View->render('entry', [], true)
10 APPPATH/Controllers/Entry.php(58): view('entry', [...])
11 SYSTEMPATH/CodeIgniter.php(933): App\Controllers\Entry->entry('1WRZ-B-A')
12 SYSTEMPATH/CodeIgniter.php(507): CodeIgniter\CodeIgniter->runController(Object(App\Controllers\Entry))
13 SYSTEMPATH/CodeIgniter.php(354): CodeIgniter\CodeIgniter->handleRequest(null, Object(Config\Cache), false)
14 SYSTEMPATH/Boot.php(363): CodeIgniter\CodeIgniter->run()
15 SYSTEMPATH/Boot.php(68): CodeIgniter\Boot::runCodeIgniter(Object(CodeIgniter\CodeIgniter))
16 FCPATH/index.php(59): CodeIgniter\Boot::bootWeb(Object(Config\Paths))
17 SYSTEMPATH/rewrite.php(44): require_once('/Users/diego/Documents/GitHub/propedia26/public/index.php')
WARNING - 2026-08-30 09:00:30 --> [DEPRECATED] ord(): Providing a string that is not one byte long is deprecated. Use ord($str[0]) instead in SYSTEMPATH/ThirdParty/Escaper/Escaper.php on line 250.
 1 SYSTEMPATH/ThirdParty/Escaper/Escaper.php(250): ord('²')
 2 SYSTEMPATH/ThirdParty/Escaper/Escaper.php(167): Laminas\Escaper\Escaper->htmlAttrMatcher([...])
 3 [internal function]: Laminas\Escaper\Escaper->{closure:Laminas\Escaper\Escaper::__construct():167}([...])
 4 SYSTEMPATH/ThirdParty/Escaper/Escaper.php(200): preg_replace_callback('/[^a-z0-9,\\.\\-_]/iSu', Object(Closure), 'Total Buried Area: Total surface area buried by the association, counting both faces of the interface, in Å². It is therefore about twice the BSA reported by NACCESS, which counts a single face.')
 5 SYSTEMPATH/Common.php(448): Laminas\Escaper\Escaper->escapeHtmlAttr('Total Buried Area: Total surface area buried by the association, counting both faces of the interface, in Å². It is therefore about twice the BSA reported by NACCESS, which counts a single face.')
 6 APPPATH/Views/entry.php(617): esc('Total Buried Area: Total surface area buried by the association, counting both faces of the interface, in Å². It is therefore about twice the BSA reported by NACCESS, which counts a single face.', 'attr')
 7 SYSTEMPATH/View/View.php(226): include('/Users/diego/Documents/GitHub/propedia26/app/Views/entry.php')
 8 SYSTEMPATH/View/View.php(229): CodeIgniter\View\View->{closure:CodeIgniter\View\View::render():223}()
 9 SYSTEMPATH/Common.php(1167): CodeIgniter\View\View->render('entry', [], true)
10 APPPATH/Controllers/Entry.php(58): view('entry', [...])
11 SYSTEMPATH/CodeIgniter.php(933): App\Controllers\Entry->entry('1WRZ-B-A')
12 SYSTEMPATH/CodeIgniter.php(507): CodeIgniter\CodeIgniter->runController(Object(App\Controllers\Entry))
13 SYSTEMPATH/CodeIgniter.php(354): CodeIgniter\CodeIgniter->handleRequest(null, Object(Config\Cache), false)
14 SYSTEMPATH/Boot.php(363): CodeIgniter\CodeIgniter->run()
15 SYSTEMPATH/Boot.php(68): CodeIgniter\Boot::runCodeIgniter(Object(CodeIgniter\CodeIgniter))
16 FCPATH/index.php(59): CodeIgniter\Boot::bootWeb(Object(Config\Paths))
17 SYSTEMPATH/rewrite.php(44): require_once('/Users/diego/Documents/GitHub/propedia26/public/index.php')
WARNING - 2026-08-30 09:00:30 --> [DEPRECATED] ord(): Providing a string that is not one byte long is deprecated. Use ord($str[0]) instead in SYSTEMPATH/ThirdParty/Escaper/Escaper.php on line 250.
 1 SYSTEMPATH/ThirdParty/Escaper/Escaper.php(250): ord('Å')
 2 SYSTEMPATH/ThirdParty/Escaper/Escaper.php(167): Laminas\Escaper\Escaper->htmlAttrMatcher([...])
 3 [internal function]: Laminas\Escaper\Escaper->{closure:Laminas\Escaper\Escaper::__construct():167}([...])
 4 SYSTEMPATH/ThirdParty/Escaper/Escaper.php(200): preg_replace_callback('/[^a-z0-9,\\.\\-_]/iSu', Object(Closure), 'Complex ASA: Accessible surface area of the complex, given in Å². It corresponds to the ASA (complex) calculated with NACCESS, reported in the Surface section above.')
 5 SYSTEMPATH/Common.php(448): Laminas\Escaper\Escaper->escapeHtmlAttr('Complex ASA: Accessible surface area of the complex, given in Å². It corresponds to the ASA (complex) calculated with NACCESS, reported in the Surface section above.')
 6 APPPATH/Views/entry.php(617): esc('Complex ASA: Accessible surface area of the complex, given in Å². It corresponds to the ASA (complex) calculated with NACCESS, reported in the Surface section above.', 'attr')
 7 SYSTEMPATH/View/View.php(226): include('/Users/diego/Documents/GitHub/propedia26/app/Views/entry.php')
 8 SYSTEMPATH/View/View.php(229): CodeIgniter\View\View->{closure:CodeIgniter\View\View::render():223}()
 9 SYSTEMPATH/Common.php(1167): CodeIgniter\View\View->render('entry', [], true)
10 APPPATH/Controllers/Entry.php(58): view('entry', [...])
11 SYSTEMPATH/CodeIgniter.php(933): App\Controllers\Entry->entry('1WRZ-B-A')
12 SYSTEMPATH/CodeIgniter.php(507): CodeIgniter\CodeIgniter->runController(Object(App\Controllers\Entry))
13 SYSTEMPATH/CodeIgniter.php(354): CodeIgniter\CodeIgniter->handleRequest(null, Object(Config\Cache), false)
14 SYSTEMPATH/Boot.php(363): CodeIgniter\CodeIgniter->run()
15 SYSTEMPATH/Boot.php(68): CodeIgniter\Boot::runCodeIgniter(Object(CodeIgniter\CodeIgniter))
16 FCPATH/index.php(59): CodeIgniter\Boot::bootWeb(Object(Config\Paths))
17 SYSTEMPATH/rewrite.php(44): require_once('/Users/diego/Documents/GitHub/propedia26/public/index.php')
WARNING - 2026-08-30 09:00:30 --> [DEPRECATED] ord(): Providing a string that is not one byte long is deprecated. Use ord($str[0]) instead in SYSTEMPATH/ThirdParty/Escaper/Escaper.php on line 250.
 1 SYSTEMPATH/ThirdParty/Escaper/Escaper.php(250): ord('²')
 2 SYSTEMPATH/ThirdParty/Escaper/Escaper.php(167): Laminas\Escaper\Escaper->htmlAttrMatcher([...])
 3 [internal function]: Laminas\Escaper\Escaper->{closure:Laminas\Escaper\Escaper::__construct():167}([...])
 4 SYSTEMPATH/ThirdParty/Escaper/Escaper.php(200): preg_replace_callback('/[^a-z0-9,\\.\\-_]/iSu', Object(Closure), 'Complex ASA: Accessible surface area of the complex, given in Å². It corresponds to the ASA (complex) calculated with NACCESS, reported in the Surface section above.')
 5 SYSTEMPATH/Common.php(448): Laminas\Escaper\Escaper->escapeHtmlAttr('Complex ASA: Accessible surface area of the complex, given in Å². It corresponds to the ASA (complex) calculated with NACCESS, reported in the Surface section above.')
 6 APPPATH/Views/entry.php(617): esc('Complex ASA: Accessible surface area of the complex, given in Å². It corresponds to the ASA (complex) calculated with NACCESS, reported in the Surface section above.', 'attr')
 7 SYSTEMPATH/View/View.php(226): include('/Users/diego/Documents/GitHub/propedia26/app/Views/entry.php')
 8 SYSTEMPATH/View/View.php(229): CodeIgniter\View\View->{closure:CodeIgniter\View\View::render():223}()
 9 SYSTEMPATH/Common.php(1167): CodeIgniter\View\View->render('entry', [], true)
10 APPPATH/Controllers/Entry.php(58): view('entry', [...])
11 SYSTEMPATH/CodeIgniter.php(933): App\Controllers\Entry->entry('1WRZ-B-A')
12 SYSTEMPATH/CodeIgniter.php(507): CodeIgniter\CodeIgniter->runController(Object(App\Controllers\Entry))
13 SYSTEMPATH/CodeIgniter.php(354): CodeIgniter\CodeIgniter->handleRequest(null, Object(Config\Cache), false)
14 SYSTEMPATH/Boot.php(363): CodeIgniter\CodeIgniter->run()
15 SYSTEMPATH/Boot.php(68): CodeIgniter\Boot::runCodeIgniter(Object(CodeIgniter\CodeIgniter))
16 FCPATH/index.php(59): CodeIgniter\Boot::bootWeb(Object(Config\Paths))
17 SYSTEMPATH/rewrite.php(44): require_once('/Users/diego/Documents/GitHub/propedia26/public/index.php')
WARNING - 2026-08-30 09:00:30 --> [DEPRECATED] ord(): Providing a string that is not one byte long is deprecated. Use ord($str[0]) instead in SYSTEMPATH/ThirdParty/Escaper/Escaper.php on line 250.
 1 SYSTEMPATH/ThirdParty/Escaper/Escaper.php(250): ord('Å')
 2 SYSTEMPATH/ThirdParty/Escaper/Escaper.php(167): Laminas\Escaper\Escaper->htmlAttrMatcher([...])
 3 [internal function]: Laminas\Escaper\Escaper->{closure:Laminas\Escaper\Escaper::__construct():167}([...])
 4 SYSTEMPATH/ThirdParty/Escaper/Escaper.php(200): preg_replace_callback('/[^a-z0-9,\\.\\-_]/iSu', Object(Closure), 'Dissociation Area: Interface area that is broken when the complex dissociates, given in Å². It usually coincides with the interface area.')
 5 SYSTEMPATH/Common.php(448): Laminas\Escaper\Escaper->escapeHtmlAttr('Dissociation Area: Interface area that is broken when the complex dissociates, given in Å². It usually coincides with the interface area.')
 6 APPPATH/Views/entry.php(617): esc('Dissociation Area: Interface area that is broken when the complex dissociates, given in Å². It usually coincides with the interface area.', 'attr')
 7 SYSTEMPATH/View/View.php(226): include('/Users/diego/Documents/GitHub/propedia26/app/Views/entry.php')
 8 SYSTEMPATH/View/View.php(229): CodeIgniter\View\View->{closure:CodeIgniter\View\View::render():223}()
 9 SYSTEMPATH/Common.php(1167): CodeIgniter\View\View->render('entry', [], true)
10 APPPATH/Controllers/Entry.php(58): view('entry', [...])
11 SYSTEMPATH/CodeIgniter.php(933): App\Controllers\Entry->entry('1WRZ-B-A')
12 SYSTEMPATH/CodeIgniter.php(507): CodeIgniter\CodeIgniter->runController(Object(App\Controllers\Entry))
13 SYSTEMPATH/CodeIgniter.php(354): CodeIgniter\CodeIgniter->handleRequest(null, Object(Config\Cache), false)
14 SYSTEMPATH/Boot.php(363): CodeIgniter\CodeIgniter->run()
15 SYSTEMPATH/Boot.php(68): CodeIgniter\Boot::runCodeIgniter(Object(CodeIgniter\CodeIgniter))
16 FCPATH/index.php(59): CodeIgniter\Boot::bootWeb(Object(Config\Paths))
17 SYSTEMPATH/rewrite.php(44): require_once('/Users/diego/Documents/GitHub/propedia26/public/index.php')
WARNING - 2026-08-30 09:00:30 --> [DEPRECATED] ord(): Providing a string that is not one byte long is deprecated. Use ord($str[0]) instead in SYSTEMPATH/ThirdParty/Escaper/Escaper.php on line 250.
 1 SYSTEMPATH/ThirdParty/Escaper/Escaper.php(250): ord('²')
 2 SYSTEMPATH/ThirdParty/Escaper/Escaper.php(167): Laminas\Escaper\Escaper->htmlAttrMatcher([...])
 3 [internal function]: Laminas\Escaper\Escaper->{closure:Laminas\Escaper\Escaper::__construct():167}([...])
 4 SYSTEMPATH/ThirdParty/Escaper/Escaper.php(200): preg_replace_callback('/[^a-z0-9,\\.\\-_]/iSu', Object(Closure), 'Dissociation Area: Interface area that is broken when the complex dissociates, given in Å². It usually coincides with the interface area.')
 5 SYSTEMPATH/Common.php(448): Laminas\Escaper\Escaper->escapeHtmlAttr('Dissociation Area: Interface area that is broken when the complex dissociates, given in Å². It usually coincides with the interface area.')
 6 APPPATH/Views/entry.php(617): esc('Dissociation Area: Interface area that is broken when the complex dissociates, given in Å². It usually coincides with the interface area.', 'attr')
 7 SYSTEMPATH/View/View.php(226): include('/Users/diego/Documents/GitHub/propedia26/app/Views/entry.php')
 8 SYSTEMPATH/View/View.php(229): CodeIgniter\View\View->{closure:CodeIgniter\View\View::render():223}()
 9 SYSTEMPATH/Common.php(1167): CodeIgniter\View\View->render('entry', [], true)
10 APPPATH/Controllers/Entry.php(58): view('entry', [...])
11 SYSTEMPATH/CodeIgniter.php(933): App\Controllers\Entry->entry('1WRZ-B-A')
12 SYSTEMPATH/CodeIgniter.php(507): CodeIgniter\CodeIgniter->runController(Object(App\Controllers\Entry))
13 SYSTEMPATH/CodeIgniter.php(354): CodeIgniter\CodeIgniter->handleRequest(null, Object(Config\Cache), false)
14 SYSTEMPATH/Boot.php(363): CodeIgniter\CodeIgniter->run()
15 SYSTEMPATH/Boot.php(68): CodeIgniter\Boot::runCodeIgniter(Object(CodeIgniter\CodeIgniter))
16 FCPATH/index.php(59): CodeIgniter\Boot::bootWeb(Object(Config\Paths))
17 SYSTEMPATH/rewrite.php(44): require_once('/Users/diego/Documents/GitHub/propedia26/public/index.php')
WARNING - 2026-08-30 09:00:30 --> [DEPRECATED] ord(): Providing a string that is not one byte long is deprecated. Use ord($str[0]) instead in SYSTEMPATH/ThirdParty/Escaper/Escaper.php on line 250.
 1 SYSTEMPATH/ThirdParty/Escaper/Escaper.php(250): ord('Δ')
 2 SYSTEMPATH/ThirdParty/Escaper/Escaper.php(167): Laminas\Escaper\Escaper->htmlAttrMatcher([...])
 3 [internal function]: Laminas\Escaper\Escaper->{closure:Laminas\Escaper\Escaper::__construct():167}([...])
 4 SYSTEMPATH/ThirdParty/Escaper/Escaper.php(200): preg_replace_callback('/[^a-z0-9,\\.\\-_]/iSu', Object(Closure), 'Dissociation Free Energy (ΔGdiss): Free energy required to dissociate the complex, in kcal/mol. Positive values indicate a thermodynamically stable complex. It is the PISA counterpart of the binding affinity predicted by PRODIGY, reported in the Interaction energy section above with the opposite sign.')
 5 SYSTEMPATH/Common.php(448): Laminas\Escaper\Escaper->escapeHtmlAttr('Dissociation Free Energy (ΔGdiss): Free energy required to dissociate the complex, in kcal/mol. Positive values indicate a thermodynamically stable complex. It is the PISA counterpart of the binding affinity predicted by PRODIGY, reported in the Interaction energy section above with the opposite sign.')
 6 APPPATH/Views/entry.php(617): esc('Dissociation Free Energy (ΔGdiss): Free energy required to dissociate the complex, in kcal/mol. Positive values indicate a thermodynamically stable complex. It is the PISA counterpart of the binding affinity predicted by PRODIGY, reported in the Interaction energy section above with the opposite sign.', 'attr')
 7 SYSTEMPATH/View/View.php(226): include('/Users/diego/Documents/GitHub/propedia26/app/Views/entry.php')
 8 SYSTEMPATH/View/View.php(229): CodeIgniter\View\View->{closure:CodeIgniter\View\View::render():223}()
 9 SYSTEMPATH/Common.php(1167): CodeIgniter\View\View->render('entry', [], true)
10 APPPATH/Controllers/Entry.php(58): view('entry', [...])
11 SYSTEMPATH/CodeIgniter.php(933): App\Controllers\Entry->entry('1WRZ-B-A')
12 SYSTEMPATH/CodeIgniter.php(507): CodeIgniter\CodeIgniter->runController(Object(App\Controllers\Entry))
13 SYSTEMPATH/CodeIgniter.php(354): CodeIgniter\CodeIgniter->handleRequest(null, Object(Config\Cache), false)
14 SYSTEMPATH/Boot.php(363): CodeIgniter\CodeIgniter->run()
15 SYSTEMPATH/Boot.php(68): CodeIgniter\Boot::runCodeIgniter(Object(CodeIgniter\CodeIgniter))
16 FCPATH/index.php(59): CodeIgniter\Boot::bootWeb(Object(Config\Paths))
17 SYSTEMPATH/rewrite.php(44): require_once('/Users/diego/Documents/GitHub/propedia26/public/index.php')
WARNING - 2026-08-30 09:00:30 --> [DEPRECATED] ord(): Providing a string that is not one byte long is deprecated. Use ord($str[0]) instead in SYSTEMPATH/ThirdParty/Escaper/Escaper.php on line 250.
 1 SYSTEMPATH/ThirdParty/Escaper/Escaper.php(250): ord('Δ')
 2 SYSTEMPATH/ThirdParty/Escaper/Escaper.php(167): Laminas\Escaper\Escaper->htmlAttrMatcher([...])
 3 [internal function]: Laminas\Escaper\Escaper->{closure:Laminas\Escaper\Escaper::__construct():167}([...])
 4 SYSTEMPATH/ThirdParty/Escaper/Escaper.php(200): preg_replace_callback('/[^a-z0-9,\\.\\-_]/iSu', Object(Closure), 'Solvation Energy Gain (ΔiG): Free energy gain, in kcal/mol, obtained on formation of the interface. Negative values indicate a hydrophobic interface, which favours the association. It does not include the contribution of hydrogen bonds and salt bridges across the interface.')
 5 SYSTEMPATH/Common.php(448): Laminas\Escaper\Escaper->escapeHtmlAttr('Solvation Energy Gain (ΔiG): Free energy gain, in kcal/mol, obtained on formation of the interface. Negative values indicate a hydrophobic interface, which favours the association. It does not include the contribution of hydrogen bonds and salt bridges across the interface.')
 6 APPPATH/Views/entry.php(617): esc('Solvation Energy Gain (ΔiG): Free energy gain, in kcal/mol, obtained on formation of the interface. Negative values indicate a hydrophobic interface, which favours the association. It does not include the contribution of hydrogen bonds and salt bridges across the interface.', 'attr')
 7 SYSTEMPATH/View/View.php(226): include('/Users/diego/Documents/GitHub/propedia26/app/Views/entry.php')
 8 SYSTEMPATH/View/View.php(229): CodeIgniter\View\View->{closure:CodeIgniter\View\View::render():223}()
 9 SYSTEMPATH/Common.php(1167): CodeIgniter\View\View->render('entry', [], true)
10 APPPATH/Controllers/Entry.php(58): view('entry', [...])
11 SYSTEMPATH/CodeIgniter.php(933): App\Controllers\Entry->entry('1WRZ-B-A')
12 SYSTEMPATH/CodeIgniter.php(507): CodeIgniter\CodeIgniter->runController(Object(App\Controllers\Entry))
13 SYSTEMPATH/CodeIgniter.php(354): CodeIgniter\CodeIgniter->handleRequest(null, Object(Config\Cache), false)
14 SYSTEMPATH/Boot.php(363): CodeIgniter\CodeIgniter->run()
15 SYSTEMPATH/Boot.php(68): CodeIgniter\Boot::runCodeIgniter(Object(CodeIgniter\CodeIgniter))
16 FCPATH/index.php(59): CodeIgniter\Boot::bootWeb(Object(Config\Paths))
17 SYSTEMPATH/rewrite.php(44): require_once('/Users/diego/Documents/GitHub/propedia26/public/index.php')
WARNING - 2026-08-30 09:00:30 --> [DEPRECATED] ord(): Providing a string that is not one byte long is deprecated. Use ord($str[0]) instead in SYSTEMPATH/ThirdParty/Escaper/Escaper.php on line 250.
 1 SYSTEMPATH/ThirdParty/Escaper/Escaper.php(250): ord('Δ')
 2 SYSTEMPATH/ThirdParty/Escaper/Escaper.php(167): Laminas\Escaper\Escaper->htmlAttrMatcher([...])
 3 [internal function]: Laminas\Escaper\Escaper->{closure:Laminas\Escaper\Escaper::__construct():167}([...])
 4 SYSTEMPATH/ThirdParty/Escaper/Escaper.php(200): preg_replace_callback('/[^a-z0-9,\\.\\-_]/iSu', Object(Closure), 'ΔiG P-value: Statistical significance of the solvation energy gain. Values below 0.5 indicate an interface more hydrophobic than would be expected by chance, that is, an interface likely to be interaction-specific rather than a crystal-packing artefact.')
 5 SYSTEMPATH/Common.php(448): Laminas\Escaper\Escaper->escapeHtmlAttr('ΔiG P-value: Statistical significance of the solvation energy gain. Values below 0.5 indicate an interface more hydrophobic than would be expected by chance, that is, an interface likely to be interaction-specific rather than a crystal-packing artefact.')
 6 APPPATH/Views/entry.php(617): esc('ΔiG P-value: Statistical significance of the solvation energy gain. Values below 0.5 indicate an interface more hydrophobic than would be expected by chance, that is, an interface likely to be interaction-specific rather than a crystal-packing artefact.', 'attr')
 7 SYSTEMPATH/View/View.php(226): include('/Users/diego/Documents/GitHub/propedia26/app/Views/entry.php')
 8 SYSTEMPATH/View/View.php(229): CodeIgniter\View\View->{closure:CodeIgniter\View\View::render():223}()
 9 SYSTEMPATH/Common.php(1167): CodeIgniter\View\View->render('entry', [], true)
10 APPPATH/Controllers/Entry.php(58): view('entry', [...])
11 SYSTEMPATH/CodeIgniter.php(933): App\Controllers\Entry->entry('1WRZ-B-A')
12 SYSTEMPATH/CodeIgniter.php(507): CodeIgniter\CodeIgniter->runController(Object(App\Controllers\Entry))
13 SYSTEMPATH/CodeIgniter.php(354): CodeIgniter\CodeIgniter->handleRequest(null, Object(Config\Cache), false)
14 SYSTEMPATH/Boot.php(363): CodeIgniter\CodeIgniter->run()
15 SYSTEMPATH/Boot.php(68): CodeIgniter\Boot::runCodeIgniter(Object(CodeIgniter\CodeIgniter))
16 FCPATH/index.php(59): CodeIgniter\Boot::bootWeb(Object(Config\Paths))
17 SYSTEMPATH/rewrite.php(44): require_once('/Users/diego/Documents/GitHub/propedia26/public/index.php')
WARNING - 2026-08-30 09:00:30 --> [DEPRECATED] ord(): Providing a string that is not one byte long is deprecated. Use ord($str[0]) instead in SYSTEMPATH/ThirdParty/Escaper/Escaper.php on line 250.
 1 SYSTEMPATH/ThirdParty/Escaper/Escaper.php(250): ord('Δ')
 2 SYSTEMPATH/ThirdParty/Escaper/Escaper.php(167): Laminas\Escaper\Escaper->htmlAttrMatcher([...])
 3 [internal function]: Laminas\Escaper\Escaper->{closure:Laminas\Escaper\Escaper::__construct():167}([...])
 4 SYSTEMPATH/ThirdParty/Escaper/Escaper.php(200): preg_replace_callback('/[^a-z0-9,\\.\\-_]/iSu', Object(Closure), 'Total Interaction Energy: Solvation energy gain summed over all the interfaces of the structure, in kcal/mol. It is equal to the interface ΔiG when the structure has a single interface.')
 5 SYSTEMPATH/Common.php(448): Laminas\Escaper\Escaper->escapeHtmlAttr('Total Interaction Energy: Solvation energy gain summed over all the interfaces of the structure, in kcal/mol. It is equal to the interface ΔiG when the structure has a single interface.')
 6 APPPATH/Views/entry.php(617): esc('Total Interaction Energy: Solvation energy gain summed over all the interfaces of the structure, in kcal/mol. It is equal to the interface ΔiG when the structure has a single interface.', 'attr')
 7 SYSTEMPATH/View/View.php(226): include('/Users/diego/Documents/GitHub/propedia26/app/Views/entry.php')
 8 SYSTEMPATH/View/View.php(229): CodeIgniter\View\View->{closure:CodeIgniter\View\View::render():223}()
 9 SYSTEMPATH/Common.php(1167): CodeIgniter\View\View->render('entry', [], true)
10 APPPATH/Controllers/Entry.php(58): view('entry', [...])
11 SYSTEMPATH/CodeIgniter.php(933): App\Controllers\Entry->entry('1WRZ-B-A')
12 SYSTEMPATH/CodeIgniter.php(507): CodeIgniter\CodeIgniter->runController(Object(App\Controllers\Entry))
13 SYSTEMPATH/CodeIgniter.php(354): CodeIgniter\CodeIgniter->handleRequest(null, Object(Config\Cache), false)
14 SYSTEMPATH/Boot.php(363): CodeIgniter\CodeIgniter->run()
15 SYSTEMPATH/Boot.php(68): CodeIgniter\Boot::runCodeIgniter(Object(CodeIgniter\CodeIgniter))
16 FCPATH/index.php(59): CodeIgniter\Boot::bootWeb(Object(Config\Paths))
17 SYSTEMPATH/rewrite.php(44): require_once('/Users/diego/Documents/GitHub/propedia26/public/index.php')
WARNING - 2026-08-30 09:00:30 --> [DEPRECATED] ord(): Providing a string that is not one byte long is deprecated. Use ord($str[0]) instead in SYSTEMPATH/ThirdParty/Escaper/Escaper.php on line 250.
 1 SYSTEMPATH/ThirdParty/Escaper/Escaper.php(250): ord('Δ')
 2 SYSTEMPATH/ThirdParty/Escaper/Escaper.php(167): Laminas\Escaper\Escaper->htmlAttrMatcher([...])
 3 [internal function]: Laminas\Escaper\Escaper->{closure:Laminas\Escaper\Escaper::__construct():167}([...])
 4 SYSTEMPATH/ThirdParty/Escaper/Escaper.php(200): preg_replace_callback('/[^a-z0-9,\\.\\-_]/iSu', Object(Closure), 'Dissociation Entropy (TΔS): Entropic cost of the association, in kcal/mol. It always opposes the formation of the complex and is taken into account in the calculation of ΔGdiss.')
 5 SYSTEMPATH/Common.php(448): Laminas\Escaper\Escaper->escapeHtmlAttr('Dissociation Entropy (TΔS): Entropic cost of the association, in kcal/mol. It always opposes the formation of the complex and is taken into account in the calculation of ΔGdiss.')
 6 APPPATH/Views/entry.php(617): esc('Dissociation Entropy (TΔS): Entropic cost of the association, in kcal/mol. It always opposes the formation of the complex and is taken into account in the calculation of ΔGdiss.', 'attr')
 7 SYSTEMPATH/View/View.php(226): include('/Users/diego/Documents/GitHub/propedia26/app/Views/entry.php')
 8 SYSTEMPATH/View/View.php(229): CodeIgniter\View\View->{closure:CodeIgniter\View\View::render():223}()
 9 SYSTEMPATH/Common.php(1167): CodeIgniter\View\View->render('entry', [], true)
10 APPPATH/Controllers/Entry.php(58): view('entry', [...])
11 SYSTEMPATH/CodeIgniter.php(933): App\Controllers\Entry->entry('1WRZ-B-A')
12 SYSTEMPATH/CodeIgniter.php(507): CodeIgniter\CodeIgniter->runController(Object(App\Controllers\Entry))
13 SYSTEMPATH/CodeIgniter.php(354): CodeIgniter\CodeIgniter->handleRequest(null, Object(Config\Cache), false)
14 SYSTEMPATH/Boot.php(363): CodeIgniter\CodeIgniter->run()
15 SYSTEMPATH/Boot.php(68): CodeIgniter\Boot::runCodeIgniter(Object(CodeIgniter\CodeIgniter))
16 FCPATH/index.php(59): CodeIgniter\Boot::bootWeb(Object(Config\Paths))
17 SYSTEMPATH/rewrite.php(44): require_once('/Users/diego/Documents/GitHub/propedia26/public/index.php')
WARNING - 2026-08-30 09:00:30 --> [DEPRECATED] ord(): Providing a string that is not one byte long is deprecated. Use ord($str[0]) instead in SYSTEMPATH/ThirdParty/Escaper/Escaper.php on line 250.
 1 SYSTEMPATH/ThirdParty/Escaper/Escaper.php(250): ord('Δ')
 2 SYSTEMPATH/ThirdParty/Escaper/Escaper.php(167): Laminas\Escaper\Escaper->htmlAttrMatcher([...])
 3 [internal function]: Laminas\Escaper\Escaper->{closure:Laminas\Escaper\Escaper::__construct():167}([...])
 4 SYSTEMPATH/ThirdParty/Escaper/Escaper.php(200): preg_replace_callback('/[^a-z0-9,\\.\\-_]/iSu', Object(Closure), 'Dissociation Entropy (TΔS): Entropic cost of the association, in kcal/mol. It always opposes the formation of the complex and is taken into account in the calculation of ΔGdiss.')
 5 SYSTEMPATH/Common.php(448): Laminas\Escaper\Escaper->escapeHtmlAttr('Dissociation Entropy (TΔS): Entropic cost of the association, in kcal/mol. It always opposes the formation of the complex and is taken into account in the calculation of ΔGdiss.')
 6 APPPATH/Views/entry.php(617): esc('Dissociation Entropy (TΔS): Entropic cost of the association, in kcal/mol. It always opposes the formation of the complex and is taken into account in the calculation of ΔGdiss.', 'attr')
 7 SYSTEMPATH/View/View.php(226): include('/Users/diego/Documents/GitHub/propedia26/app/Views/entry.php')
 8 SYSTEMPATH/View/View.php(229): CodeIgniter\View\View->{closure:CodeIgniter\View\View::render():223}()
 9 SYSTEMPATH/Common.php(1167): CodeIgniter\View\View->render('entry', [], true)
10 APPPATH/Controllers/Entry.php(58): view('entry', [...])
11 SYSTEMPATH/CodeIgniter.php(933): App\Controllers\Entry->entry('1WRZ-B-A')
12 SYSTEMPATH/CodeIgniter.php(507): CodeIgniter\CodeIgniter->runController(Object(App\Controllers\Entry))
13 SYSTEMPATH/CodeIgniter.php(354): CodeIgniter\CodeIgniter->handleRequest(null, Object(Config\Cache), false)
14 SYSTEMPATH/Boot.php(363): CodeIgniter\CodeIgniter->run()
15 SYSTEMPATH/Boot.php(68): CodeIgniter\Boot::runCodeIgniter(Object(CodeIgniter\CodeIgniter))
16 FCPATH/index.php(59): CodeIgniter\Boot::bootWeb(Object(Config\Paths))
17 SYSTEMPATH/rewrite.php(44): require_once('/Users/diego/Documents/GitHub/propedia26/public/index.php')
DEBUG - 2026-08-30 09:00:30 --> Session: Class initialized using 'CodeIgniter\Session\Handlers\FileHandler' driver.
DEBUG - 2026-08-30 09:02:25 --> Session: Class initialized using 'CodeIgniter\Session\Handlers\FileHandler' driver.
DEBUG - 2026-08-30 09:03:21 --> Session: Class initialized using 'CodeIgniter\Session\Handlers\FileHandler' driver.
DEBUG - 2026-08-30 09:03:29 --> Session: Class initialized using 'CodeIgniter\Session\Handlers\FileHandler' driver.
DEBUG - 2026-08-30 11:55:08 --> Session: Class initialized using 'CodeIgniter\Session\Handlers\FileHandler' driver.
DEBUG - 2026-08-30 12:40:03 --> Session: Class initialized using 'CodeIgniter\Session\Handlers\FileHandler' driver.
DEBUG - 2026-08-30 12:40:08 --> Session: Class initialized using 'CodeIgniter\Session\Handlers\FileHandler' driver.
DEBUG - 2026-08-30 12:40:23 --> Session: Class initialized using 'CodeIgniter\Session\Handlers\FileHandler' driver.
WARNING - 2026-08-30 17:28:05 --> [DEPRECATED] fgetcsv(): the $escape parameter must be provided as its default value will change in APPPATH/Controllers/Entry.php on line 148.
 1 APPPATH/Controllers/Entry.php(148): fgetcsv(resource (stream), 0, ';')
 2 SYSTEMPATH/CodeIgniter.php(933): App\Controllers\Entry->multipro('1MT1-A')
 3 SYSTEMPATH/CodeIgniter.php(507): CodeIgniter\CodeIgniter->runController(Object(App\Controllers\Entry))
 4 SYSTEMPATH/CodeIgniter.php(354): CodeIgniter\CodeIgniter->handleRequest(null, Object(Config\Cache), false)
 5 SYSTEMPATH/Boot.php(363): CodeIgniter\CodeIgniter->run()
 6 SYSTEMPATH/Boot.php(68): CodeIgniter\Boot::runCodeIgniter(Object(CodeIgniter\CodeIgniter))
 7 FCPATH/index.php(59): CodeIgniter\Boot::bootWeb(Object(Config\Paths))
 8 SYSTEMPATH/rewrite.php(44): require_once('/Users/diego/Documents/GitHub/propedia26/public/index.php')
DEBUG - 2026-08-30 17:28:05 --> Session: Class initialized using 'CodeIgniter\Session\Handlers\FileHandler' driver.
WARNING - 2026-08-30 17:28:10 --> [DEPRECATED] fgetcsv(): the $escape parameter must be provided as its default value will change in APPPATH/Controllers/Entry.php on line 148.
 1 APPPATH/Controllers/Entry.php(148): fgetcsv(resource (stream), 0, ';')
 2 SYSTEMPATH/CodeIgniter.php(933): App\Controllers\Entry->multipro('1MT1-A')
 3 SYSTEMPATH/CodeIgniter.php(507): CodeIgniter\CodeIgniter->runController(Object(App\Controllers\Entry))
 4 SYSTEMPATH/CodeIgniter.php(354): CodeIgniter\CodeIgniter->handleRequest(null, Object(Config\Cache), false)
 5 SYSTEMPATH/Boot.php(363): CodeIgniter\CodeIgniter->run()
 6 SYSTEMPATH/Boot.php(68): CodeIgniter\Boot::runCodeIgniter(Object(CodeIgniter\CodeIgniter))
 7 FCPATH/index.php(59): CodeIgniter\Boot::bootWeb(Object(Config\Paths))
 8 SYSTEMPATH/rewrite.php(44): require_once('/Users/diego/Documents/GitHub/propedia26/public/index.php')
DEBUG - 2026-08-30 17:28:10 --> Session: Class initialized using 'CodeIgniter\Session\Handlers\FileHandler' driver.
WARNING - 2026-08-30 17:28:37 --> [DEPRECATED] fgetcsv(): the $escape parameter must be provided as its default value will change in APPPATH/Controllers/Entry.php on line 148.
 1 APPPATH/Controllers/Entry.php(148): fgetcsv(resource (stream), 0, ';')
 2 SYSTEMPATH/CodeIgniter.php(933): App\Controllers\Entry->multipro('1MT1-A')
 3 SYSTEMPATH/CodeIgniter.php(507): CodeIgniter\CodeIgniter->runController(Object(App\Controllers\Entry))
 4 SYSTEMPATH/CodeIgniter.php(354): CodeIgniter\CodeIgniter->handleRequest(null, Object(Config\Cache), false)
 5 SYSTEMPATH/Boot.php(363): CodeIgniter\CodeIgniter->run()
 6 SYSTEMPATH/Boot.php(68): CodeIgniter\Boot::runCodeIgniter(Object(CodeIgniter\CodeIgniter))
 7 FCPATH/index.php(59): CodeIgniter\Boot::bootWeb(Object(Config\Paths))
 8 SYSTEMPATH/rewrite.php(44): require_once('/Users/diego/Documents/GitHub/propedia26/public/index.php')
DEBUG - 2026-08-30 17:28:37 --> Session: Class initialized using 'CodeIgniter\Session\Handlers\FileHandler' driver.
WARNING - 2026-08-30 17:29:14 --> [DEPRECATED] fgetcsv(): the $escape parameter must be provided as its default value will change in APPPATH/Controllers/Entry.php on line 148.
 1 APPPATH/Controllers/Entry.php(148): fgetcsv(resource (stream), 0, ';')
 2 SYSTEMPATH/CodeIgniter.php(933): App\Controllers\Entry->multipro('1MT1-A')
 3 SYSTEMPATH/CodeIgniter.php(507): CodeIgniter\CodeIgniter->runController(Object(App\Controllers\Entry))
 4 SYSTEMPATH/CodeIgniter.php(354): CodeIgniter\CodeIgniter->handleRequest(null, Object(Config\Cache), false)
 5 SYSTEMPATH/Boot.php(363): CodeIgniter\CodeIgniter->run()
 6 SYSTEMPATH/Boot.php(68): CodeIgniter\Boot::runCodeIgniter(Object(CodeIgniter\CodeIgniter))
 7 FCPATH/index.php(59): CodeIgniter\Boot::bootWeb(Object(Config\Paths))
 8 SYSTEMPATH/rewrite.php(44): require_once('/Users/diego/Documents/GitHub/propedia26/public/index.php')
DEBUG - 2026-08-30 17:29:14 --> Session: Class initialized using 'CodeIgniter\Session\Handlers\FileHandler' driver.
WARNING - 2026-08-30 17:33:00 --> [DEPRECATED] fgetcsv(): the $escape parameter must be provided as its default value will change in APPPATH/Controllers/Entry.php on line 148.
 1 APPPATH/Controllers/Entry.php(148): fgetcsv(resource (stream), 0, ';')
 2 SYSTEMPATH/CodeIgniter.php(933): App\Controllers\Entry->multipro('1MT1-A')
 3 SYSTEMPATH/CodeIgniter.php(507): CodeIgniter\CodeIgniter->runController(Object(App\Controllers\Entry))
 4 SYSTEMPATH/CodeIgniter.php(354): CodeIgniter\CodeIgniter->handleRequest(null, Object(Config\Cache), false)
 5 SYSTEMPATH/Boot.php(363): CodeIgniter\CodeIgniter->run()
 6 SYSTEMPATH/Boot.php(68): CodeIgniter\Boot::runCodeIgniter(Object(CodeIgniter\CodeIgniter))
 7 FCPATH/index.php(59): CodeIgniter\Boot::bootWeb(Object(Config\Paths))
 8 SYSTEMPATH/rewrite.php(44): require_once('/Users/diego/Documents/GitHub/propedia26/public/index.php')
DEBUG - 2026-08-30 17:33:00 --> Session: Class initialized using 'CodeIgniter\Session\Handlers\FileHandler' driver.
WARNING - 2026-08-30 17:34:14 --> [DEPRECATED] fgetcsv(): the $escape parameter must be provided as its default value will change in APPPATH/Controllers/Entry.php on line 148.
 1 APPPATH/Controllers/Entry.php(148): fgetcsv(resource (stream), 0, ';')
 2 SYSTEMPATH/CodeIgniter.php(933): App\Controllers\Entry->multipro('1MT1-A')
 3 SYSTEMPATH/CodeIgniter.php(507): CodeIgniter\CodeIgniter->runController(Object(App\Controllers\Entry))
 4 SYSTEMPATH/CodeIgniter.php(354): CodeIgniter\CodeIgniter->handleRequest(null, Object(Config\Cache), false)
 5 SYSTEMPATH/Boot.php(363): CodeIgniter\CodeIgniter->run()
 6 SYSTEMPATH/Boot.php(68): CodeIgniter\Boot::runCodeIgniter(Object(CodeIgniter\CodeIgniter))
 7 FCPATH/index.php(59): CodeIgniter\Boot::bootWeb(Object(Config\Paths))
 8 SYSTEMPATH/rewrite.php(44): require_once('/Users/diego/Documents/GitHub/propedia26/public/index.php')
DEBUG - 2026-08-30 17:34:14 --> Session: Class initialized using 'CodeIgniter\Session\Handlers\FileHandler' driver.
WARNING - 2026-08-30 17:34:51 --> [DEPRECATED] fgetcsv(): the $escape parameter must be provided as its default value will change in APPPATH/Controllers/Entry.php on line 148.
 1 APPPATH/Controllers/Entry.php(148): fgetcsv(resource (stream), 0, ';')
 2 SYSTEMPATH/CodeIgniter.php(933): App\Controllers\Entry->multipro('1MT1-A')
 3 SYSTEMPATH/CodeIgniter.php(507): CodeIgniter\CodeIgniter->runController(Object(App\Controllers\Entry))
 4 SYSTEMPATH/CodeIgniter.php(354): CodeIgniter\CodeIgniter->handleRequest(null, Object(Config\Cache), false)
 5 SYSTEMPATH/Boot.php(363): CodeIgniter\CodeIgniter->run()
 6 SYSTEMPATH/Boot.php(68): CodeIgniter\Boot::runCodeIgniter(Object(CodeIgniter\CodeIgniter))
 7 FCPATH/index.php(59): CodeIgniter\Boot::bootWeb(Object(Config\Paths))
 8 SYSTEMPATH/rewrite.php(44): require_once('/Users/diego/Documents/GitHub/propedia26/public/index.php')
DEBUG - 2026-08-30 17:34:51 --> Session: Class initialized using 'CodeIgniter\Session\Handlers\FileHandler' driver.
WARNING - 2026-08-30 17:41:30 --> [DEPRECATED] fgetcsv(): the $escape parameter must be provided as its default value will change in APPPATH/Controllers/Entry.php on line 148.
 1 APPPATH/Controllers/Entry.php(148): fgetcsv(resource (stream), 0, ';')
 2 SYSTEMPATH/CodeIgniter.php(933): App\Controllers\Entry->multipro('1MT1-A')
 3 SYSTEMPATH/CodeIgniter.php(507): CodeIgniter\CodeIgniter->runController(Object(App\Controllers\Entry))
 4 SYSTEMPATH/CodeIgniter.php(354): CodeIgniter\CodeIgniter->handleRequest(null, Object(Config\Cache), false)
 5 SYSTEMPATH/Boot.php(363): CodeIgniter\CodeIgniter->run()
 6 SYSTEMPATH/Boot.php(68): CodeIgniter\Boot::runCodeIgniter(Object(CodeIgniter\CodeIgniter))
 7 FCPATH/index.php(59): CodeIgniter\Boot::bootWeb(Object(Config\Paths))
 8 SYSTEMPATH/rewrite.php(44): require_once('/Users/diego/Documents/GitHub/propedia26/public/index.php')
DEBUG - 2026-08-30 17:41:30 --> Session: Class initialized using 'CodeIgniter\Session\Handlers\FileHandler' driver.
WARNING - 2026-08-30 18:00:06 --> [DEPRECATED] fgetcsv(): the $escape parameter must be provided as its default value will change in APPPATH/Controllers/Entry.php on line 148.
 1 APPPATH/Controllers/Entry.php(148): fgetcsv(resource (stream), 0, ';')
 2 SYSTEMPATH/CodeIgniter.php(933): App\Controllers\Entry->multipro('1MT1-A')
 3 SYSTEMPATH/CodeIgniter.php(507): CodeIgniter\CodeIgniter->runController(Object(App\Controllers\Entry))
 4 SYSTEMPATH/CodeIgniter.php(354): CodeIgniter\CodeIgniter->handleRequest(null, Object(Config\Cache), false)
 5 SYSTEMPATH/Boot.php(363): CodeIgniter\CodeIgniter->run()
 6 SYSTEMPATH/Boot.php(68): CodeIgniter\Boot::runCodeIgniter(Object(CodeIgniter\CodeIgniter))
 7 FCPATH/index.php(59): CodeIgniter\Boot::bootWeb(Object(Config\Paths))
 8 SYSTEMPATH/rewrite.php(44): require_once('/Users/diego/Documents/GitHub/propedia26/public/index.php')
DEBUG - 2026-08-30 18:00:06 --> Session: Class initialized using 'CodeIgniter\Session\Handlers\FileHandler' driver.
WARNING - 2026-08-30 18:00:33 --> [DEPRECATED] fgetcsv(): the $escape parameter must be provided as its default value will change in APPPATH/Controllers/Entry.php on line 148.
 1 APPPATH/Controllers/Entry.php(148): fgetcsv(resource (stream), 0, ';')
 2 SYSTEMPATH/CodeIgniter.php(933): App\Controllers\Entry->multipro('1MT1-A')
 3 SYSTEMPATH/CodeIgniter.php(507): CodeIgniter\CodeIgniter->runController(Object(App\Controllers\Entry))
 4 SYSTEMPATH/CodeIgniter.php(354): CodeIgniter\CodeIgniter->handleRequest(null, Object(Config\Cache), false)
 5 SYSTEMPATH/Boot.php(363): CodeIgniter\CodeIgniter->run()
 6 SYSTEMPATH/Boot.php(68): CodeIgniter\Boot::runCodeIgniter(Object(CodeIgniter\CodeIgniter))
 7 FCPATH/index.php(59): CodeIgniter\Boot::bootWeb(Object(Config\Paths))
 8 SYSTEMPATH/rewrite.php(44): require_once('/Users/diego/Documents/GitHub/propedia26/public/index.php')
DEBUG - 2026-08-30 18:00:33 --> Session: Class initialized using 'CodeIgniter\Session\Handlers\FileHandler' driver.
WARNING - 2026-08-30 18:01:51 --> [DEPRECATED] fgetcsv(): the $escape parameter must be provided as its default value will change in APPPATH/Controllers/Entry.php on line 148.
 1 APPPATH/Controllers/Entry.php(148): fgetcsv(resource (stream), 0, ';')
 2 SYSTEMPATH/CodeIgniter.php(933): App\Controllers\Entry->multipro('1MT1-A')
 3 SYSTEMPATH/CodeIgniter.php(507): CodeIgniter\CodeIgniter->runController(Object(App\Controllers\Entry))
 4 SYSTEMPATH/CodeIgniter.php(354): CodeIgniter\CodeIgniter->handleRequest(null, Object(Config\Cache), false)
 5 SYSTEMPATH/Boot.php(363): CodeIgniter\CodeIgniter->run()
 6 SYSTEMPATH/Boot.php(68): CodeIgniter\Boot::runCodeIgniter(Object(CodeIgniter\CodeIgniter))
 7 FCPATH/index.php(59): CodeIgniter\Boot::bootWeb(Object(Config\Paths))
 8 SYSTEMPATH/rewrite.php(44): require_once('/Users/diego/Documents/GitHub/propedia26/public/index.php')
DEBUG - 2026-08-30 18:01:51 --> Session: Class initialized using 'CodeIgniter\Session\Handlers\FileHandler' driver.
WARNING - 2026-08-30 18:02:19 --> [DEPRECATED] fgetcsv(): the $escape parameter must be provided as its default value will change in APPPATH/Controllers/Entry.php on line 148.
 1 APPPATH/Controllers/Entry.php(148): fgetcsv(resource (stream), 0, ';')
 2 SYSTEMPATH/CodeIgniter.php(933): App\Controllers\Entry->multipro('1MT1-A')
 3 SYSTEMPATH/CodeIgniter.php(507): CodeIgniter\CodeIgniter->runController(Object(App\Controllers\Entry))
 4 SYSTEMPATH/CodeIgniter.php(354): CodeIgniter\CodeIgniter->handleRequest(null, Object(Config\Cache), false)
 5 SYSTEMPATH/Boot.php(363): CodeIgniter\CodeIgniter->run()
 6 SYSTEMPATH/Boot.php(68): CodeIgniter\Boot::runCodeIgniter(Object(CodeIgniter\CodeIgniter))
 7 FCPATH/index.php(59): CodeIgniter\Boot::bootWeb(Object(Config\Paths))
 8 SYSTEMPATH/rewrite.php(44): require_once('/Users/diego/Documents/GitHub/propedia26/public/index.php')
DEBUG - 2026-08-30 18:02:19 --> Session: Class initialized using 'CodeIgniter\Session\Handlers\FileHandler' driver.
DEBUG - 2026-08-30 18:02:46 --> Session: Class initialized using 'CodeIgniter\Session\Handlers\FileHandler' driver.
WARNING - 2026-08-30 18:02:48 --> [DEPRECATED] fgetcsv(): the $escape parameter must be provided as its default value will change in APPPATH/Controllers/Entry.php on line 148.
 1 APPPATH/Controllers/Entry.php(148): fgetcsv(resource (stream), 0, ';')
 2 SYSTEMPATH/CodeIgniter.php(933): App\Controllers\Entry->multipro('1MT1-A')
 3 SYSTEMPATH/CodeIgniter.php(507): CodeIgniter\CodeIgniter->runController(Object(App\Controllers\Entry))
 4 SYSTEMPATH/CodeIgniter.php(354): CodeIgniter\CodeIgniter->handleRequest(null, Object(Config\Cache), false)
 5 SYSTEMPATH/Boot.php(363): CodeIgniter\CodeIgniter->run()
 6 SYSTEMPATH/Boot.php(68): CodeIgniter\Boot::runCodeIgniter(Object(CodeIgniter\CodeIgniter))
 7 FCPATH/index.php(59): CodeIgniter\Boot::bootWeb(Object(Config\Paths))
 8 SYSTEMPATH/rewrite.php(44): require_once('/Users/diego/Documents/GitHub/propedia26/public/index.php')
DEBUG - 2026-08-30 18:02:48 --> Session: Class initialized using 'CodeIgniter\Session\Handlers\FileHandler' driver.
WARNING - 2026-08-30 18:12:25 --> [DEPRECATED] fgetcsv(): the $escape parameter must be provided as its default value will change in APPPATH/Controllers/Entry.php on line 148.
 1 APPPATH/Controllers/Entry.php(148): fgetcsv(resource (stream), 0, ';')
 2 SYSTEMPATH/CodeIgniter.php(933): App\Controllers\Entry->multipro('1MT1-A')
 3 SYSTEMPATH/CodeIgniter.php(507): CodeIgniter\CodeIgniter->runController(Object(App\Controllers\Entry))
 4 SYSTEMPATH/CodeIgniter.php(354): CodeIgniter\CodeIgniter->handleRequest(null, Object(Config\Cache), false)
 5 SYSTEMPATH/Boot.php(363): CodeIgniter\CodeIgniter->run()
 6 SYSTEMPATH/Boot.php(68): CodeIgniter\Boot::runCodeIgniter(Object(CodeIgniter\CodeIgniter))
 7 FCPATH/index.php(59): CodeIgniter\Boot::bootWeb(Object(Config\Paths))
 8 SYSTEMPATH/rewrite.php(44): require_once('/Users/diego/Documents/GitHub/propedia26/public/index.php')
DEBUG - 2026-08-30 18:12:25 --> Session: Class initialized using 'CodeIgniter\Session\Handlers\FileHandler' driver.
WARNING - 2026-08-30 18:12:30 --> [DEPRECATED] fgetcsv(): the $escape parameter must be provided as its default value will change in APPPATH/Controllers/Entry.php on line 148.
 1 APPPATH/Controllers/Entry.php(148): fgetcsv(resource (stream), 0, ';')
 2 SYSTEMPATH/CodeIgniter.php(933): App\Controllers\Entry->multipro('1MT1-A')
 3 SYSTEMPATH/CodeIgniter.php(507): CodeIgniter\CodeIgniter->runController(Object(App\Controllers\Entry))
 4 SYSTEMPATH/CodeIgniter.php(354): CodeIgniter\CodeIgniter->handleRequest(null, Object(Config\Cache), false)
 5 SYSTEMPATH/Boot.php(363): CodeIgniter\CodeIgniter->run()
 6 SYSTEMPATH/Boot.php(68): CodeIgniter\Boot::runCodeIgniter(Object(CodeIgniter\CodeIgniter))
 7 FCPATH/index.php(59): CodeIgniter\Boot::bootWeb(Object(Config\Paths))
 8 SYSTEMPATH/rewrite.php(44): require_once('/Users/diego/Documents/GitHub/propedia26/public/index.php')
DEBUG - 2026-08-30 18:12:30 --> Session: Class initialized using 'CodeIgniter\Session\Handlers\FileHandler' driver.
WARNING - 2026-08-30 18:13:36 --> [DEPRECATED] fgetcsv(): the $escape parameter must be provided as its default value will change in APPPATH/Controllers/Entry.php on line 148.
 1 APPPATH/Controllers/Entry.php(148): fgetcsv(resource (stream), 0, ';')
 2 SYSTEMPATH/CodeIgniter.php(933): App\Controllers\Entry->multipro('1MT1-A')
 3 SYSTEMPATH/CodeIgniter.php(507): CodeIgniter\CodeIgniter->runController(Object(App\Controllers\Entry))
 4 SYSTEMPATH/CodeIgniter.php(354): CodeIgniter\CodeIgniter->handleRequest(null, Object(Config\Cache), false)
 5 SYSTEMPATH/Boot.php(363): CodeIgniter\CodeIgniter->run()
 6 SYSTEMPATH/Boot.php(68): CodeIgniter\Boot::runCodeIgniter(Object(CodeIgniter\CodeIgniter))
 7 FCPATH/index.php(59): CodeIgniter\Boot::bootWeb(Object(Config\Paths))
 8 SYSTEMPATH/rewrite.php(44): require_once('/Users/diego/Documents/GitHub/propedia26/public/index.php')
DEBUG - 2026-08-30 18:13:36 --> Session: Class initialized using 'CodeIgniter\Session\Handlers\FileHandler' driver.
DEBUG - 2026-08-30 18:13:44 --> Session: Class initialized using 'CodeIgniter\Session\Handlers\FileHandler' driver.
DEBUG - 2026-08-30 18:13:47 --> Session: Class initialized using 'CodeIgniter\Session\Handlers\FileHandler' driver.
WARNING - 2026-08-30 18:13:50 --> [DEPRECATED] fgetcsv(): the $escape parameter must be provided as its default value will change in APPPATH/Controllers/Entry.php on line 37.
 1 APPPATH/Controllers/Entry.php(37): fgetcsv(resource (stream), 0, ';')
 2 SYSTEMPATH/CodeIgniter.php(933): App\Controllers\Entry->entry('1WRZ-B-A')
 3 SYSTEMPATH/CodeIgniter.php(507): CodeIgniter\CodeIgniter->runController(Object(App\Controllers\Entry))
 4 SYSTEMPATH/CodeIgniter.php(354): CodeIgniter\CodeIgniter->handleRequest(null, Object(Config\Cache), false)
 5 SYSTEMPATH/Boot.php(363): CodeIgniter\CodeIgniter->run()
 6 SYSTEMPATH/Boot.php(68): CodeIgniter\Boot::runCodeIgniter(Object(CodeIgniter\CodeIgniter))
 7 FCPATH/index.php(59): CodeIgniter\Boot::bootWeb(Object(Config\Paths))
 8 SYSTEMPATH/rewrite.php(44): require_once('/Users/diego/Documents/GitHub/propedia26/public/index.php')
WARNING - 2026-08-30 18:13:50 --> [DEPRECATED] ord(): Providing a string that is not one byte long is deprecated. Use ord($str[0]) instead in SYSTEMPATH/ThirdParty/Escaper/Escaper.php on line 250.
 1 SYSTEMPATH/ThirdParty/Escaper/Escaper.php(250): ord('Å')
 2 SYSTEMPATH/ThirdParty/Escaper/Escaper.php(167): Laminas\Escaper\Escaper->htmlAttrMatcher([...])
 3 [internal function]: Laminas\Escaper\Escaper->{closure:Laminas\Escaper\Escaper::__construct():167}([...])
 4 SYSTEMPATH/ThirdParty/Escaper/Escaper.php(200): preg_replace_callback('/[^a-z0-9,\\.\\-_]/iSu', Object(Closure), 'Interface Area: Area of one face of the protein-peptide interface, given in Å². It corresponds to the BSA calculated with NACCESS, reported in the Surface section above.')
 5 SYSTEMPATH/Common.php(448): Laminas\Escaper\Escaper->escapeHtmlAttr('Interface Area: Area of one face of the protein-peptide interface, given in Å². It corresponds to the BSA calculated with NACCESS, reported in the Surface section above.')
 6 APPPATH/Views/entry.php(617): esc('Interface Area: Area of one face of the protein-peptide interface, given in Å². It corresponds to the BSA calculated with NACCESS, reported in the Surface section above.', 'attr')
 7 SYSTEMPATH/View/View.php(226): include('/Users/diego/Documents/GitHub/propedia26/app/Views/entry.php')
 8 SYSTEMPATH/View/View.php(229): CodeIgniter\View\View->{closure:CodeIgniter\View\View::render():223}()
 9 SYSTEMPATH/Common.php(1167): CodeIgniter\View\View->render('entry', [], true)
10 APPPATH/Controllers/Entry.php(58): view('entry', [...])
11 SYSTEMPATH/CodeIgniter.php(933): App\Controllers\Entry->entry('1WRZ-B-A')
12 SYSTEMPATH/CodeIgniter.php(507): CodeIgniter\CodeIgniter->runController(Object(App\Controllers\Entry))
13 SYSTEMPATH/CodeIgniter.php(354): CodeIgniter\CodeIgniter->handleRequest(null, Object(Config\Cache), false)
14 SYSTEMPATH/Boot.php(363): CodeIgniter\CodeIgniter->run()
15 SYSTEMPATH/Boot.php(68): CodeIgniter\Boot::runCodeIgniter(Object(CodeIgniter\CodeIgniter))
16 FCPATH/index.php(59): CodeIgniter\Boot::bootWeb(Object(Config\Paths))
17 SYSTEMPATH/rewrite.php(44): require_once('/Users/diego/Documents/GitHub/propedia26/public/index.php')
WARNING - 2026-08-30 18:13:50 --> [DEPRECATED] ord(): Providing a string that is not one byte long is deprecated. Use ord($str[0]) instead in SYSTEMPATH/ThirdParty/Escaper/Escaper.php on line 250.
 1 SYSTEMPATH/ThirdParty/Escaper/Escaper.php(250): ord('²')
 2 SYSTEMPATH/ThirdParty/Escaper/Escaper.php(167): Laminas\Escaper\Escaper->htmlAttrMatcher([...])
 3 [internal function]: Laminas\Escaper\Escaper->{closure:Laminas\Escaper\Escaper::__construct():167}([...])
 4 SYSTEMPATH/ThirdParty/Escaper/Escaper.php(200): preg_replace_callback('/[^a-z0-9,\\.\\-_]/iSu', Object(Closure), 'Interface Area: Area of one face of the protein-peptide interface, given in Å². It corresponds to the BSA calculated with NACCESS, reported in the Surface section above.')
 5 SYSTEMPATH/Common.php(448): Laminas\Escaper\Escaper->escapeHtmlAttr('Interface Area: Area of one face of the protein-peptide interface, given in Å². It corresponds to the BSA calculated with NACCESS, reported in the Surface section above.')
 6 APPPATH/Views/entry.php(617): esc('Interface Area: Area of one face of the protein-peptide interface, given in Å². It corresponds to the BSA calculated with NACCESS, reported in the Surface section above.', 'attr')
 7 SYSTEMPATH/View/View.php(226): include('/Users/diego/Documents/GitHub/propedia26/app/Views/entry.php')
 8 SYSTEMPATH/View/View.php(229): CodeIgniter\View\View->{closure:CodeIgniter\View\View::render():223}()
 9 SYSTEMPATH/Common.php(1167): CodeIgniter\View\View->render('entry', [], true)
10 APPPATH/Controllers/Entry.php(58): view('entry', [...])
11 SYSTEMPATH/CodeIgniter.php(933): App\Controllers\Entry->entry('1WRZ-B-A')
12 SYSTEMPATH/CodeIgniter.php(507): CodeIgniter\CodeIgniter->runController(Object(App\Controllers\Entry))
13 SYSTEMPATH/CodeIgniter.php(354): CodeIgniter\CodeIgniter->handleRequest(null, Object(Config\Cache), false)
14 SYSTEMPATH/Boot.php(363): CodeIgniter\CodeIgniter->run()
15 SYSTEMPATH/Boot.php(68): CodeIgniter\Boot::runCodeIgniter(Object(CodeIgniter\CodeIgniter))
16 FCPATH/index.php(59): CodeIgniter\Boot::bootWeb(Object(Config\Paths))
17 SYSTEMPATH/rewrite.php(44): require_once('/Users/diego/Documents/GitHub/propedia26/public/index.php')
WARNING - 2026-08-30 18:13:50 --> [DEPRECATED] ord(): Providing a string that is not one byte long is deprecated. Use ord($str[0]) instead in SYSTEMPATH/ThirdParty/Escaper/Escaper.php on line 250.
 1 SYSTEMPATH/ThirdParty/Escaper/Escaper.php(250): ord('Å')
 2 SYSTEMPATH/ThirdParty/Escaper/Escaper.php(167): Laminas\Escaper\Escaper->htmlAttrMatcher([...])
 3 [internal function]: Laminas\Escaper\Escaper->{closure:Laminas\Escaper\Escaper::__construct():167}([...])
 4 SYSTEMPATH/ThirdParty/Escaper/Escaper.php(200): preg_replace_callback('/[^a-z0-9,\\.\\-_]/iSu', Object(Closure), 'Buried Area (peptide): Peptide surface area that becomes buried upon formation of the interface (value given in Å²).')
 5 SYSTEMPATH/Common.php(448): Laminas\Escaper\Escaper->escapeHtmlAttr('Buried Area (peptide): Peptide surface area that becomes buried upon formation of the interface (value given in Å²).')
 6 APPPATH/Views/entry.php(617): esc('Buried Area (peptide): Peptide surface area that becomes buried upon formation of the interface (value given in Å²).', 'attr')
 7 SYSTEMPATH/View/View.php(226): include('/Users/diego/Documents/GitHub/propedia26/app/Views/entry.php')
 8 SYSTEMPATH/View/View.php(229): CodeIgniter\View\View->{closure:CodeIgniter\View\View::render():223}()
 9 SYSTEMPATH/Common.php(1167): CodeIgniter\View\View->render('entry', [], true)
10 APPPATH/Controllers/Entry.php(58): view('entry', [...])
11 SYSTEMPATH/CodeIgniter.php(933): App\Controllers\Entry->entry('1WRZ-B-A')
12 SYSTEMPATH/CodeIgniter.php(507): CodeIgniter\CodeIgniter->runController(Object(App\Controllers\Entry))
13 SYSTEMPATH/CodeIgniter.php(354): CodeIgniter\CodeIgniter->handleRequest(null, Object(Config\Cache), false)
14 SYSTEMPATH/Boot.php(363): CodeIgniter\CodeIgniter->run()
15 SYSTEMPATH/Boot.php(68): CodeIgniter\Boot::runCodeIgniter(Object(CodeIgniter\CodeIgniter))
16 FCPATH/index.php(59): CodeIgniter\Boot::bootWeb(Object(Config\Paths))
17 SYSTEMPATH/rewrite.php(44): require_once('/Users/diego/Documents/GitHub/propedia26/public/index.php')
WARNING - 2026-08-30 18:13:50 --> [DEPRECATED] ord(): Providing a string that is not one byte long is deprecated. Use ord($str[0]) instead in SYSTEMPATH/ThirdParty/Escaper/Escaper.php on line 250.
 1 SYSTEMPATH/ThirdParty/Escaper/Escaper.php(250): ord('²')
 2 SYSTEMPATH/ThirdParty/Escaper/Escaper.php(167): Laminas\Escaper\Escaper->htmlAttrMatcher([...])
 3 [internal function]: Laminas\Escaper\Escaper->{closure:Laminas\Escaper\Escaper::__construct():167}([...])
 4 SYSTEMPATH/ThirdParty/Escaper/Escaper.php(200): preg_replace_callback('/[^a-z0-9,\\.\\-_]/iSu', Object(Closure), 'Buried Area (peptide): Peptide surface area that becomes buried upon formation of the interface (value given in Å²).')
 5 SYSTEMPATH/Common.php(448): Laminas\Escaper\Escaper->escapeHtmlAttr('Buried Area (peptide): Peptide surface area that becomes buried upon formation of the interface (value given in Å²).')
 6 APPPATH/Views/entry.php(617): esc('Buried Area (peptide): Peptide surface area that becomes buried upon formation of the interface (value given in Å²).', 'attr')
 7 SYSTEMPATH/View/View.php(226): include('/Users/diego/Documents/GitHub/propedia26/app/Views/entry.php')
 8 SYSTEMPATH/View/View.php(229): CodeIgniter\View\View->{closure:CodeIgniter\View\View::render():223}()
 9 SYSTEMPATH/Common.php(1167): CodeIgniter\View\View->render('entry', [], true)
10 APPPATH/Controllers/Entry.php(58): view('entry', [...])
11 SYSTEMPATH/CodeIgniter.php(933): App\Controllers\Entry->entry('1WRZ-B-A')
12 SYSTEMPATH/CodeIgniter.php(507): CodeIgniter\CodeIgniter->runController(Object(App\Controllers\Entry))
13 SYSTEMPATH/CodeIgniter.php(354): CodeIgniter\CodeIgniter->handleRequest(null, Object(Config\Cache), false)
14 SYSTEMPATH/Boot.php(363): CodeIgniter\CodeIgniter->run()
15 SYSTEMPATH/Boot.php(68): CodeIgniter\Boot::runCodeIgniter(Object(CodeIgniter\CodeIgniter))
16 FCPATH/index.php(59): CodeIgniter\Boot::bootWeb(Object(Config\Paths))
17 SYSTEMPATH/rewrite.php(44): require_once('/Users/diego/Documents/GitHub/propedia26/public/index.php')
WARNING - 2026-08-30 18:13:50 --> [DEPRECATED] ord(): Providing a string that is not one byte long is deprecated. Use ord($str[0]) instead in SYSTEMPATH/ThirdParty/Escaper/Escaper.php on line 250.
 1 SYSTEMPATH/ThirdParty/Escaper/Escaper.php(250): ord('Å')
 2 SYSTEMPATH/ThirdParty/Escaper/Escaper.php(167): Laminas\Escaper\Escaper->htmlAttrMatcher([...])
 3 [internal function]: Laminas\Escaper\Escaper->{closure:Laminas\Escaper\Escaper::__construct():167}([...])
 4 SYSTEMPATH/ThirdParty/Escaper/Escaper.php(200): preg_replace_callback('/[^a-z0-9,\\.\\-_]/iSu', Object(Closure), 'Buried Area (protein): Protein surface area that becomes buried upon formation of the interface (value given in Å²).')
 5 SYSTEMPATH/Common.php(448): Laminas\Escaper\Escaper->escapeHtmlAttr('Buried Area (protein): Protein surface area that becomes buried upon formation of the interface (value given in Å²).')
 6 APPPATH/Views/entry.php(617): esc('Buried Area (protein): Protein surface area that becomes buried upon formation of the interface (value given in Å²).', 'attr')
 7 SYSTEMPATH/View/View.php(226): include('/Users/diego/Documents/GitHub/propedia26/app/Views/entry.php')
 8 SYSTEMPATH/View/View.php(229): CodeIgniter\View\View->{closure:CodeIgniter\View\View::render():223}()
 9 SYSTEMPATH/Common.php(1167): CodeIgniter\View\View->render('entry', [], true)
10 APPPATH/Controllers/Entry.php(58): view('entry', [...])
11 SYSTEMPATH/CodeIgniter.php(933): App\Controllers\Entry->entry('1WRZ-B-A')
12 SYSTEMPATH/CodeIgniter.php(507): CodeIgniter\CodeIgniter->runController(Object(App\Controllers\Entry))
13 SYSTEMPATH/CodeIgniter.php(354): CodeIgniter\CodeIgniter->handleRequest(null, Object(Config\Cache), false)
14 SYSTEMPATH/Boot.php(363): CodeIgniter\CodeIgniter->run()
15 SYSTEMPATH/Boot.php(68): CodeIgniter\Boot::runCodeIgniter(Object(CodeIgniter\CodeIgniter))
16 FCPATH/index.php(59): CodeIgniter\Boot::bootWeb(Object(Config\Paths))
17 SYSTEMPATH/rewrite.php(44): require_once('/Users/diego/Documents/GitHub/propedia26/public/index.php')
WARNING - 2026-08-30 18:13:50 --> [DEPRECATED] ord(): Providing a string that is not one byte long is deprecated. Use ord($str[0]) instead in SYSTEMPATH/ThirdParty/Escaper/Escaper.php on line 250.
 1 SYSTEMPATH/ThirdParty/Escaper/Escaper.php(250): ord('²')
 2 SYSTEMPATH/ThirdParty/Escaper/Escaper.php(167): Laminas\Escaper\Escaper->htmlAttrMatcher([...])
 3 [internal function]: Laminas\Escaper\Escaper->{closure:Laminas\Escaper\Escaper::__construct():167}([...])
 4 SYSTEMPATH/ThirdParty/Escaper/Escaper.php(200): preg_replace_callback('/[^a-z0-9,\\.\\-_]/iSu', Object(Closure), 'Buried Area (protein): Protein surface area that becomes buried upon formation of the interface (value given in Å²).')
 5 SYSTEMPATH/Common.php(448): Laminas\Escaper\Escaper->escapeHtmlAttr('Buried Area (protein): Protein surface area that becomes buried upon formation of the interface (value given in Å²).')
 6 APPPATH/Views/entry.php(617): esc('Buried Area (protein): Protein surface area that becomes buried upon formation of the interface (value given in Å²).', 'attr')
 7 SYSTEMPATH/View/View.php(226): include('/Users/diego/Documents/GitHub/propedia26/app/Views/entry.php')
 8 SYSTEMPATH/View/View.php(229): CodeIgniter\View\View->{closure:CodeIgniter\View\View::render():223}()
 9 SYSTEMPATH/Common.php(1167): CodeIgniter\View\View->render('entry', [], true)
10 APPPATH/Controllers/Entry.php(58): view('entry', [...])
11 SYSTEMPATH/CodeIgniter.php(933): App\Controllers\Entry->entry('1WRZ-B-A')
12 SYSTEMPATH/CodeIgniter.php(507): CodeIgniter\CodeIgniter->runController(Object(App\Controllers\Entry))
13 SYSTEMPATH/CodeIgniter.php(354): CodeIgniter\CodeIgniter->handleRequest(null, Object(Config\Cache), false)
14 SYSTEMPATH/Boot.php(363): CodeIgniter\CodeIgniter->run()
15 SYSTEMPATH/Boot.php(68): CodeIgniter\Boot::runCodeIgniter(Object(CodeIgniter\CodeIgniter))
16 FCPATH/index.php(59): CodeIgniter\Boot::bootWeb(Object(Config\Paths))
17 SYSTEMPATH/rewrite.php(44): require_once('/Users/diego/Documents/GitHub/propedia26/public/index.php')
WARNING - 2026-08-30 18:13:50 --> [DEPRECATED] ord(): Providing a string that is not one byte long is deprecated. Use ord($str[0]) instead in SYSTEMPATH/ThirdParty/Escaper/Escaper.php on line 250.
 1 SYSTEMPATH/ThirdParty/Escaper/Escaper.php(250): ord('Å')
 2 SYSTEMPATH/ThirdParty/Escaper/Escaper.php(167): Laminas\Escaper\Escaper->htmlAttrMatcher([...])
 3 [internal function]: Laminas\Escaper\Escaper->{closure:Laminas\Escaper\Escaper::__construct():167}([...])
 4 SYSTEMPATH/ThirdParty/Escaper/Escaper.php(200): preg_replace_callback('/[^a-z0-9,\\.\\-_]/iSu', Object(Closure), 'Total Buried Area: Total surface area buried by the association, counting both faces of the interface, in Å². It is therefore about twice the BSA reported by NACCESS, which counts a single face.')
 5 SYSTEMPATH/Common.php(448): Laminas\Escaper\Escaper->escapeHtmlAttr('Total Buried Area: Total surface area buried by the association, counting both faces of the interface, in Å². It is therefore about twice the BSA reported by NACCESS, which counts a single face.')
 6 APPPATH/Views/entry.php(617): esc('Total Buried Area: Total surface area buried by the association, counting both faces of the interface, in Å². It is therefore about twice the BSA reported by NACCESS, which counts a single face.', 'attr')
 7 SYSTEMPATH/View/View.php(226): include('/Users/diego/Documents/GitHub/propedia26/app/Views/entry.php')
 8 SYSTEMPATH/View/View.php(229): CodeIgniter\View\View->{closure:CodeIgniter\View\View::render():223}()
 9 SYSTEMPATH/Common.php(1167): CodeIgniter\View\View->render('entry', [], true)
10 APPPATH/Controllers/Entry.php(58): view('entry', [...])
11 SYSTEMPATH/CodeIgniter.php(933): App\Controllers\Entry->entry('1WRZ-B-A')
12 SYSTEMPATH/CodeIgniter.php(507): CodeIgniter\CodeIgniter->runController(Object(App\Controllers\Entry))
13 SYSTEMPATH/CodeIgniter.php(354): CodeIgniter\CodeIgniter->handleRequest(null, Object(Config\Cache), false)
14 SYSTEMPATH/Boot.php(363): CodeIgniter\CodeIgniter->run()
15 SYSTEMPATH/Boot.php(68): CodeIgniter\Boot::runCodeIgniter(Object(CodeIgniter\CodeIgniter))
16 FCPATH/index.php(59): CodeIgniter\Boot::bootWeb(Object(Config\Paths))
17 SYSTEMPATH/rewrite.php(44): require_once('/Users/diego/Documents/GitHub/propedia26/public/index.php')
WARNING - 2026-08-30 18:13:50 --> [DEPRECATED] ord(): Providing a string that is not one byte long is deprecated. Use ord($str[0]) instead in SYSTEMPATH/ThirdParty/Escaper/Escaper.php on line 250.
 1 SYSTEMPATH/ThirdParty/Escaper/Escaper.php(250): ord('²')
 2 SYSTEMPATH/ThirdParty/Escaper/Escaper.php(167): Laminas\Escaper\Escaper->htmlAttrMatcher([...])
 3 [internal function]: Laminas\Escaper\Escaper->{closure:Laminas\Escaper\Escaper::__construct():167}([...])
 4 SYSTEMPATH/ThirdParty/Escaper/Escaper.php(200): preg_replace_callback('/[^a-z0-9,\\.\\-_]/iSu', Object(Closure), 'Total Buried Area: Total surface area buried by the association, counting both faces of the interface, in Å². It is therefore about twice the BSA reported by NACCESS, which counts a single face.')
 5 SYSTEMPATH/Common.php(448): Laminas\Escaper\Escaper->escapeHtmlAttr('Total Buried Area: Total surface area buried by the association, counting both faces of the interface, in Å². It is therefore about twice the BSA reported by NACCESS, which counts a single face.')
 6 APPPATH/Views/entry.php(617): esc('Total Buried Area: Total surface area buried by the association, counting both faces of the interface, in Å². It is therefore about twice the BSA reported by NACCESS, which counts a single face.', 'attr')
 7 SYSTEMPATH/View/View.php(226): include('/Users/diego/Documents/GitHub/propedia26/app/Views/entry.php')
 8 SYSTEMPATH/View/View.php(229): CodeIgniter\View\View->{closure:CodeIgniter\View\View::render():223}()
 9 SYSTEMPATH/Common.php(1167): CodeIgniter\View\View->render('entry', [], true)
10 APPPATH/Controllers/Entry.php(58): view('entry', [...])
11 SYSTEMPATH/CodeIgniter.php(933): App\Controllers\Entry->entry('1WRZ-B-A')
12 SYSTEMPATH/CodeIgniter.php(507): CodeIgniter\CodeIgniter->runController(Object(App\Controllers\Entry))
13 SYSTEMPATH/CodeIgniter.php(354): CodeIgniter\CodeIgniter->handleRequest(null, Object(Config\Cache), false)
14 SYSTEMPATH/Boot.php(363): CodeIgniter\CodeIgniter->run()
15 SYSTEMPATH/Boot.php(68): CodeIgniter\Boot::runCodeIgniter(Object(CodeIgniter\CodeIgniter))
16 FCPATH/index.php(59): CodeIgniter\Boot::bootWeb(Object(Config\Paths))
17 SYSTEMPATH/rewrite.php(44): require_once('/Users/diego/Documents/GitHub/propedia26/public/index.php')
WARNING - 2026-08-30 18:13:50 --> [DEPRECATED] ord(): Providing a string that is not one byte long is deprecated. Use ord($str[0]) instead in SYSTEMPATH/ThirdParty/Escaper/Escaper.php on line 250.
 1 SYSTEMPATH/ThirdParty/Escaper/Escaper.php(250): ord('Å')
 2 SYSTEMPATH/ThirdParty/Escaper/Escaper.php(167): Laminas\Escaper\Escaper->htmlAttrMatcher([...])
 3 [internal function]: Laminas\Escaper\Escaper->{closure:Laminas\Escaper\Escaper::__construct():167}([...])
 4 SYSTEMPATH/ThirdParty/Escaper/Escaper.php(200): preg_replace_callback('/[^a-z0-9,\\.\\-_]/iSu', Object(Closure), 'Complex ASA: Accessible surface area of the complex, given in Å². It corresponds to the ASA (complex) calculated with NACCESS, reported in the Surface section above.')
 5 SYSTEMPATH/Common.php(448): Laminas\Escaper\Escaper->escapeHtmlAttr('Complex ASA: Accessible surface area of the complex, given in Å². It corresponds to the ASA (complex) calculated with NACCESS, reported in the Surface section above.')
 6 APPPATH/Views/entry.php(617): esc('Complex ASA: Accessible surface area of the complex, given in Å². It corresponds to the ASA (complex) calculated with NACCESS, reported in the Surface section above.', 'attr')
 7 SYSTEMPATH/View/View.php(226): include('/Users/diego/Documents/GitHub/propedia26/app/Views/entry.php')
 8 SYSTEMPATH/View/View.php(229): CodeIgniter\View\View->{closure:CodeIgniter\View\View::render():223}()
 9 SYSTEMPATH/Common.php(1167): CodeIgniter\View\View->render('entry', [], true)
10 APPPATH/Controllers/Entry.php(58): view('entry', [...])
11 SYSTEMPATH/CodeIgniter.php(933): App\Controllers\Entry->entry('1WRZ-B-A')
12 SYSTEMPATH/CodeIgniter.php(507): CodeIgniter\CodeIgniter->runController(Object(App\Controllers\Entry))
13 SYSTEMPATH/CodeIgniter.php(354): CodeIgniter\CodeIgniter->handleRequest(null, Object(Config\Cache), false)
14 SYSTEMPATH/Boot.php(363): CodeIgniter\CodeIgniter->run()
15 SYSTEMPATH/Boot.php(68): CodeIgniter\Boot::runCodeIgniter(Object(CodeIgniter\CodeIgniter))
16 FCPATH/index.php(59): CodeIgniter\Boot::bootWeb(Object(Config\Paths))
17 SYSTEMPATH/rewrite.php(44): require_once('/Users/diego/Documents/GitHub/propedia26/public/index.php')
WARNING - 2026-08-30 18:13:50 --> [DEPRECATED] ord(): Providing a string that is not one byte long is deprecated. Use ord($str[0]) instead in SYSTEMPATH/ThirdParty/Escaper/Escaper.php on line 250.
 1 SYSTEMPATH/ThirdParty/Escaper/Escaper.php(250): ord('²')
 2 SYSTEMPATH/ThirdParty/Escaper/Escaper.php(167): Laminas\Escaper\Escaper->htmlAttrMatcher([...])
 3 [internal function]: Laminas\Escaper\Escaper->{closure:Laminas\Escaper\Escaper::__construct():167}([...])
 4 SYSTEMPATH/ThirdParty/Escaper/Escaper.php(200): preg_replace_callback('/[^a-z0-9,\\.\\-_]/iSu', Object(Closure), 'Complex ASA: Accessible surface area of the complex, given in Å². It corresponds to the ASA (complex) calculated with NACCESS, reported in the Surface section above.')
 5 SYSTEMPATH/Common.php(448): Laminas\Escaper\Escaper->escapeHtmlAttr('Complex ASA: Accessible surface area of the complex, given in Å². It corresponds to the ASA (complex) calculated with NACCESS, reported in the Surface section above.')
 6 APPPATH/Views/entry.php(617): esc('Complex ASA: Accessible surface area of the complex, given in Å². It corresponds to the ASA (complex) calculated with NACCESS, reported in the Surface section above.', 'attr')
 7 SYSTEMPATH/View/View.php(226): include('/Users/diego/Documents/GitHub/propedia26/app/Views/entry.php')
 8 SYSTEMPATH/View/View.php(229): CodeIgniter\View\View->{closure:CodeIgniter\View\View::render():223}()
 9 SYSTEMPATH/Common.php(1167): CodeIgniter\View\View->render('entry', [], true)
10 APPPATH/Controllers/Entry.php(58): view('entry', [...])
11 SYSTEMPATH/CodeIgniter.php(933): App\Controllers\Entry->entry('1WRZ-B-A')
12 SYSTEMPATH/CodeIgniter.php(507): CodeIgniter\CodeIgniter->runController(Object(App\Controllers\Entry))
13 SYSTEMPATH/CodeIgniter.php(354): CodeIgniter\CodeIgniter->handleRequest(null, Object(Config\Cache), false)
14 SYSTEMPATH/Boot.php(363): CodeIgniter\CodeIgniter->run()
15 SYSTEMPATH/Boot.php(68): CodeIgniter\Boot::runCodeIgniter(Object(CodeIgniter\CodeIgniter))
16 FCPATH/index.php(59): CodeIgniter\Boot::bootWeb(Object(Config\Paths))
17 SYSTEMPATH/rewrite.php(44): require_once('/Users/diego/Documents/GitHub/propedia26/public/index.php')
WARNING - 2026-08-30 18:13:50 --> [DEPRECATED] ord(): Providing a string that is not one byte long is deprecated. Use ord($str[0]) instead in SYSTEMPATH/ThirdParty/Escaper/Escaper.php on line 250.
 1 SYSTEMPATH/ThirdParty/Escaper/Escaper.php(250): ord('Å')
 2 SYSTEMPATH/ThirdParty/Escaper/Escaper.php(167): Laminas\Escaper\Escaper->htmlAttrMatcher([...])
 3 [internal function]: Laminas\Escaper\Escaper->{closure:Laminas\Escaper\Escaper::__construct():167}([...])
 4 SYSTEMPATH/ThirdParty/Escaper/Escaper.php(200): preg_replace_callback('/[^a-z0-9,\\.\\-_]/iSu', Object(Closure), 'Dissociation Area: Interface area that is broken when the complex dissociates, given in Å². It usually coincides with the interface area.')
 5 SYSTEMPATH/Common.php(448): Laminas\Escaper\Escaper->escapeHtmlAttr('Dissociation Area: Interface area that is broken when the complex dissociates, given in Å². It usually coincides with the interface area.')
 6 APPPATH/Views/entry.php(617): esc('Dissociation Area: Interface area that is broken when the complex dissociates, given in Å². It usually coincides with the interface area.', 'attr')
 7 SYSTEMPATH/View/View.php(226): include('/Users/diego/Documents/GitHub/propedia26/app/Views/entry.php')
 8 SYSTEMPATH/View/View.php(229): CodeIgniter\View\View->{closure:CodeIgniter\View\View::render():223}()
 9 SYSTEMPATH/Common.php(1167): CodeIgniter\View\View->render('entry', [], true)
10 APPPATH/Controllers/Entry.php(58): view('entry', [...])
11 SYSTEMPATH/CodeIgniter.php(933): App\Controllers\Entry->entry('1WRZ-B-A')
12 SYSTEMPATH/CodeIgniter.php(507): CodeIgniter\CodeIgniter->runController(Object(App\Controllers\Entry))
13 SYSTEMPATH/CodeIgniter.php(354): CodeIgniter\CodeIgniter->handleRequest(null, Object(Config\Cache), false)
14 SYSTEMPATH/Boot.php(363): CodeIgniter\CodeIgniter->run()
15 SYSTEMPATH/Boot.php(68): CodeIgniter\Boot::runCodeIgniter(Object(CodeIgniter\CodeIgniter))
16 FCPATH/index.php(59): CodeIgniter\Boot::bootWeb(Object(Config\Paths))
17 SYSTEMPATH/rewrite.php(44): require_once('/Users/diego/Documents/GitHub/propedia26/public/index.php')
WARNING - 2026-08-30 18:13:50 --> [DEPRECATED] ord(): Providing a string that is not one byte long is deprecated. Use ord($str[0]) instead in SYSTEMPATH/ThirdParty/Escaper/Escaper.php on line 250.
 1 SYSTEMPATH/ThirdParty/Escaper/Escaper.php(250): ord('²')
 2 SYSTEMPATH/ThirdParty/Escaper/Escaper.php(167): Laminas\Escaper\Escaper->htmlAttrMatcher([...])
 3 [internal function]: Laminas\Escaper\Escaper->{closure:Laminas\Escaper\Escaper::__construct():167}([...])
 4 SYSTEMPATH/ThirdParty/Escaper/Escaper.php(200): preg_replace_callback('/[^a-z0-9,\\.\\-_]/iSu', Object(Closure), 'Dissociation Area: Interface area that is broken when the complex dissociates, given in Å². It usually coincides with the interface area.')
 5 SYSTEMPATH/Common.php(448): Laminas\Escaper\Escaper->escapeHtmlAttr('Dissociation Area: Interface area that is broken when the complex dissociates, given in Å². It usually coincides with the interface area.')
 6 APPPATH/Views/entry.php(617): esc('Dissociation Area: Interface area that is broken when the complex dissociates, given in Å². It usually coincides with the interface area.', 'attr')
 7 SYSTEMPATH/View/View.php(226): include('/Users/diego/Documents/GitHub/propedia26/app/Views/entry.php')
 8 SYSTEMPATH/View/View.php(229): CodeIgniter\View\View->{closure:CodeIgniter\View\View::render():223}()
 9 SYSTEMPATH/Common.php(1167): CodeIgniter\View\View->render('entry', [], true)
10 APPPATH/Controllers/Entry.php(58): view('entry', [...])
11 SYSTEMPATH/CodeIgniter.php(933): App\Controllers\Entry->entry('1WRZ-B-A')
12 SYSTEMPATH/CodeIgniter.php(507): CodeIgniter\CodeIgniter->runController(Object(App\Controllers\Entry))
13 SYSTEMPATH/CodeIgniter.php(354): CodeIgniter\CodeIgniter->handleRequest(null, Object(Config\Cache), false)
14 SYSTEMPATH/Boot.php(363): CodeIgniter\CodeIgniter->run()
15 SYSTEMPATH/Boot.php(68): CodeIgniter\Boot::runCodeIgniter(Object(CodeIgniter\CodeIgniter))
16 FCPATH/index.php(59): CodeIgniter\Boot::bootWeb(Object(Config\Paths))
17 SYSTEMPATH/rewrite.php(44): require_once('/Users/diego/Documents/GitHub/propedia26/public/index.php')
WARNING - 2026-08-30 18:13:50 --> [DEPRECATED] ord(): Providing a string that is not one byte long is deprecated. Use ord($str[0]) instead in SYSTEMPATH/ThirdParty/Escaper/Escaper.php on line 250.
 1 SYSTEMPATH/ThirdParty/Escaper/Escaper.php(250): ord('Δ')
 2 SYSTEMPATH/ThirdParty/Escaper/Escaper.php(167): Laminas\Escaper\Escaper->htmlAttrMatcher([...])
 3 [internal function]: Laminas\Escaper\Escaper->{closure:Laminas\Escaper\Escaper::__construct():167}([...])
 4 SYSTEMPATH/ThirdParty/Escaper/Escaper.php(200): preg_replace_callback('/[^a-z0-9,\\.\\-_]/iSu', Object(Closure), 'Dissociation Free Energy (ΔGdiss): Free energy required to dissociate the complex, in kcal/mol. Positive values indicate a thermodynamically stable complex. It is the PISA counterpart of the binding affinity predicted by PRODIGY, reported in the Interaction energy section above with the opposite sign.')
 5 SYSTEMPATH/Common.php(448): Laminas\Escaper\Escaper->escapeHtmlAttr('Dissociation Free Energy (ΔGdiss): Free energy required to dissociate the complex, in kcal/mol. Positive values indicate a thermodynamically stable complex. It is the PISA counterpart of the binding affinity predicted by PRODIGY, reported in the Interaction energy section above with the opposite sign.')
 6 APPPATH/Views/entry.php(617): esc('Dissociation Free Energy (ΔGdiss): Free energy required to dissociate the complex, in kcal/mol. Positive values indicate a thermodynamically stable complex. It is the PISA counterpart of the binding affinity predicted by PRODIGY, reported in the Interaction energy section above with the opposite sign.', 'attr')
 7 SYSTEMPATH/View/View.php(226): include('/Users/diego/Documents/GitHub/propedia26/app/Views/entry.php')
 8 SYSTEMPATH/View/View.php(229): CodeIgniter\View\View->{closure:CodeIgniter\View\View::render():223}()
 9 SYSTEMPATH/Common.php(1167): CodeIgniter\View\View->render('entry', [], true)
10 APPPATH/Controllers/Entry.php(58): view('entry', [...])
11 SYSTEMPATH/CodeIgniter.php(933): App\Controllers\Entry->entry('1WRZ-B-A')
12 SYSTEMPATH/CodeIgniter.php(507): CodeIgniter\CodeIgniter->runController(Object(App\Controllers\Entry))
13 SYSTEMPATH/CodeIgniter.php(354): CodeIgniter\CodeIgniter->handleRequest(null, Object(Config\Cache), false)
14 SYSTEMPATH/Boot.php(363): CodeIgniter\CodeIgniter->run()
15 SYSTEMPATH/Boot.php(68): CodeIgniter\Boot::runCodeIgniter(Object(CodeIgniter\CodeIgniter))
16 FCPATH/index.php(59): CodeIgniter\Boot::bootWeb(Object(Config\Paths))
17 SYSTEMPATH/rewrite.php(44): require_once('/Users/diego/Documents/GitHub/propedia26/public/index.php')
WARNING - 2026-08-30 18:13:50 --> [DEPRECATED] ord(): Providing a string that is not one byte long is deprecated. Use ord($str[0]) instead in SYSTEMPATH/ThirdParty/Escaper/Escaper.php on line 250.
 1 SYSTEMPATH/ThirdParty/Escaper/Escaper.php(250): ord('Δ')
 2 SYSTEMPATH/ThirdParty/Escaper/Escaper.php(167): Laminas\Escaper\Escaper->htmlAttrMatcher([...])
 3 [internal function]: Laminas\Escaper\Escaper->{closure:Laminas\Escaper\Escaper::__construct():167}([...])
 4 SYSTEMPATH/ThirdParty/Escaper/Escaper.php(200): preg_replace_callback('/[^a-z0-9,\\.\\-_]/iSu', Object(Closure), 'Solvation Energy Gain (ΔiG): Free energy gain, in kcal/mol, obtained on formation of the interface. Negative values indicate a hydrophobic interface, which favours the association. It does not include the contribution of hydrogen bonds and salt bridges across the interface.')
 5 SYSTEMPATH/Common.php(448): Laminas\Escaper\Escaper->escapeHtmlAttr('Solvation Energy Gain (ΔiG): Free energy gain, in kcal/mol, obtained on formation of the interface. Negative values indicate a hydrophobic interface, which favours the association. It does not include the contribution of hydrogen bonds and salt bridges across the interface.')
 6 APPPATH/Views/entry.php(617): esc('Solvation Energy Gain (ΔiG): Free energy gain, in kcal/mol, obtained on formation of the interface. Negative values indicate a hydrophobic interface, which favours the association. It does not include the contribution of hydrogen bonds and salt bridges across the interface.', 'attr')
 7 SYSTEMPATH/View/View.php(226): include('/Users/diego/Documents/GitHub/propedia26/app/Views/entry.php')
 8 SYSTEMPATH/View/View.php(229): CodeIgniter\View\View->{closure:CodeIgniter\View\View::render():223}()
 9 SYSTEMPATH/Common.php(1167): CodeIgniter\View\View->render('entry', [], true)
10 APPPATH/Controllers/Entry.php(58): view('entry', [...])
11 SYSTEMPATH/CodeIgniter.php(933): App\Controllers\Entry->entry('1WRZ-B-A')
12 SYSTEMPATH/CodeIgniter.php(507): CodeIgniter\CodeIgniter->runController(Object(App\Controllers\Entry))
13 SYSTEMPATH/CodeIgniter.php(354): CodeIgniter\CodeIgniter->handleRequest(null, Object(Config\Cache), false)
14 SYSTEMPATH/Boot.php(363): CodeIgniter\CodeIgniter->run()
15 SYSTEMPATH/Boot.php(68): CodeIgniter\Boot::runCodeIgniter(Object(CodeIgniter\CodeIgniter))
16 FCPATH/index.php(59): CodeIgniter\Boot::bootWeb(Object(Config\Paths))
17 SYSTEMPATH/rewrite.php(44): require_once('/Users/diego/Documents/GitHub/propedia26/public/index.php')
WARNING - 2026-08-30 18:13:50 --> [DEPRECATED] ord(): Providing a string that is not one byte long is deprecated. Use ord($str[0]) instead in SYSTEMPATH/ThirdParty/Escaper/Escaper.php on line 250.
 1 SYSTEMPATH/ThirdParty/Escaper/Escaper.php(250): ord('Δ')
 2 SYSTEMPATH/ThirdParty/Escaper/Escaper.php(167): Laminas\Escaper\Escaper->htmlAttrMatcher([...])
 3 [internal function]: Laminas\Escaper\Escaper->{closure:Laminas\Escaper\Escaper::__construct():167}([...])
 4 SYSTEMPATH/ThirdParty/Escaper/Escaper.php(200): preg_replace_callback('/[^a-z0-9,\\.\\-_]/iSu', Object(Closure), 'ΔiG P-value: Statistical significance of the solvation energy gain. Values below 0.5 indicate an interface more hydrophobic than would be expected by chance, that is, an interface likely to be interaction-specific rather than a crystal-packing artefact.')
 5 SYSTEMPATH/Common.php(448): Laminas\Escaper\Escaper->escapeHtmlAttr('ΔiG P-value: Statistical significance of the solvation energy gain. Values below 0.5 indicate an interface more hydrophobic than would be expected by chance, that is, an interface likely to be interaction-specific rather than a crystal-packing artefact.')
 6 APPPATH/Views/entry.php(617): esc('ΔiG P-value: Statistical significance of the solvation energy gain. Values below 0.5 indicate an interface more hydrophobic than would be expected by chance, that is, an interface likely to be interaction-specific rather than a crystal-packing artefact.', 'attr')
 7 SYSTEMPATH/View/View.php(226): include('/Users/diego/Documents/GitHub/propedia26/app/Views/entry.php')
 8 SYSTEMPATH/View/View.php(229): CodeIgniter\View\View->{closure:CodeIgniter\View\View::render():223}()
 9 SYSTEMPATH/Common.php(1167): CodeIgniter\View\View->render('entry', [], true)
10 APPPATH/Controllers/Entry.php(58): view('entry', [...])
11 SYSTEMPATH/CodeIgniter.php(933): App\Controllers\Entry->entry('1WRZ-B-A')
12 SYSTEMPATH/CodeIgniter.php(507): CodeIgniter\CodeIgniter->runController(Object(App\Controllers\Entry))
13 SYSTEMPATH/CodeIgniter.php(354): CodeIgniter\CodeIgniter->handleRequest(null, Object(Config\Cache), false)
14 SYSTEMPATH/Boot.php(363): CodeIgniter\CodeIgniter->run()
15 SYSTEMPATH/Boot.php(68): CodeIgniter\Boot::runCodeIgniter(Object(CodeIgniter\CodeIgniter))
16 FCPATH/index.php(59): CodeIgniter\Boot::bootWeb(Object(Config\Paths))
17 SYSTEMPATH/rewrite.php(44): require_once('/Users/diego/Documents/GitHub/propedia26/public/index.php')
WARNING - 2026-08-30 18:13:50 --> [DEPRECATED] ord(): Providing a string that is not one byte long is deprecated. Use ord($str[0]) instead in SYSTEMPATH/ThirdParty/Escaper/Escaper.php on line 250.
 1 SYSTEMPATH/ThirdParty/Escaper/Escaper.php(250): ord('Δ')
 2 SYSTEMPATH/ThirdParty/Escaper/Escaper.php(167): Laminas\Escaper\Escaper->htmlAttrMatcher([...])
 3 [internal function]: Laminas\Escaper\Escaper->{closure:Laminas\Escaper\Escaper::__construct():167}([...])
 4 SYSTEMPATH/ThirdParty/Escaper/Escaper.php(200): preg_replace_callback('/[^a-z0-9,\\.\\-_]/iSu', Object(Closure), 'Total Interaction Energy: Solvation energy gain summed over all the interfaces of the structure, in kcal/mol. It is equal to the interface ΔiG when the structure has a single interface.')
 5 SYSTEMPATH/Common.php(448): Laminas\Escaper\Escaper->escapeHtmlAttr('Total Interaction Energy: Solvation energy gain summed over all the interfaces of the structure, in kcal/mol. It is equal to the interface ΔiG when the structure has a single interface.')
 6 APPPATH/Views/entry.php(617): esc('Total Interaction Energy: Solvation energy gain summed over all the interfaces of the structure, in kcal/mol. It is equal to the interface ΔiG when the structure has a single interface.', 'attr')
 7 SYSTEMPATH/View/View.php(226): include('/Users/diego/Documents/GitHub/propedia26/app/Views/entry.php')
 8 SYSTEMPATH/View/View.php(229): CodeIgniter\View\View->{closure:CodeIgniter\View\View::render():223}()
 9 SYSTEMPATH/Common.php(1167): CodeIgniter\View\View->render('entry', [], true)
10 APPPATH/Controllers/Entry.php(58): view('entry', [...])
11 SYSTEMPATH/CodeIgniter.php(933): App\Controllers\Entry->entry('1WRZ-B-A')
12 SYSTEMPATH/CodeIgniter.php(507): CodeIgniter\CodeIgniter->runController(Object(App\Controllers\Entry))
13 SYSTEMPATH/CodeIgniter.php(354): CodeIgniter\CodeIgniter->handleRequest(null, Object(Config\Cache), false)
14 SYSTEMPATH/Boot.php(363): CodeIgniter\CodeIgniter->run()
15 SYSTEMPATH/Boot.php(68): CodeIgniter\Boot::runCodeIgniter(Object(CodeIgniter\CodeIgniter))
16 FCPATH/index.php(59): CodeIgniter\Boot::bootWeb(Object(Config\Paths))
17 SYSTEMPATH/rewrite.php(44): require_once('/Users/diego/Documents/GitHub/propedia26/public/index.php')
WARNING - 2026-08-30 18:13:50 --> [DEPRECATED] ord(): Providing a string that is not one byte long is deprecated. Use ord($str[0]) instead in SYSTEMPATH/ThirdParty/Escaper/Escaper.php on line 250.
 1 SYSTEMPATH/ThirdParty/Escaper/Escaper.php(250): ord('Δ')
 2 SYSTEMPATH/ThirdParty/Escaper/Escaper.php(167): Laminas\Escaper\Escaper->htmlAttrMatcher([...])
 3 [internal function]: Laminas\Escaper\Escaper->{closure:Laminas\Escaper\Escaper::__construct():167}([...])
 4 SYSTEMPATH/ThirdParty/Escaper/Escaper.php(200): preg_replace_callback('/[^a-z0-9,\\.\\-_]/iSu', Object(Closure), 'Dissociation Entropy (TΔS): Entropic cost of the association, in kcal/mol. It always opposes the formation of the complex and is taken into account in the calculation of ΔGdiss.')
 5 SYSTEMPATH/Common.php(448): Laminas\Escaper\Escaper->escapeHtmlAttr('Dissociation Entropy (TΔS): Entropic cost of the association, in kcal/mol. It always opposes the formation of the complex and is taken into account in the calculation of ΔGdiss.')
 6 APPPATH/Views/entry.php(617): esc('Dissociation Entropy (TΔS): Entropic cost of the association, in kcal/mol. It always opposes the formation of the complex and is taken into account in the calculation of ΔGdiss.', 'attr')
 7 SYSTEMPATH/View/View.php(226): include('/Users/diego/Documents/GitHub/propedia26/app/Views/entry.php')
 8 SYSTEMPATH/View/View.php(229): CodeIgniter\View\View->{closure:CodeIgniter\View\View::render():223}()
 9 SYSTEMPATH/Common.php(1167): CodeIgniter\View\View->render('entry', [], true)
10 APPPATH/Controllers/Entry.php(58): view('entry', [...])
11 SYSTEMPATH/CodeIgniter.php(933): App\Controllers\Entry->entry('1WRZ-B-A')
12 SYSTEMPATH/CodeIgniter.php(507): CodeIgniter\CodeIgniter->runController(Object(App\Controllers\Entry))
13 SYSTEMPATH/CodeIgniter.php(354): CodeIgniter\CodeIgniter->handleRequest(null, Object(Config\Cache), false)
14 SYSTEMPATH/Boot.php(363): CodeIgniter\CodeIgniter->run()
15 SYSTEMPATH/Boot.php(68): CodeIgniter\Boot::runCodeIgniter(Object(CodeIgniter\CodeIgniter))
16 FCPATH/index.php(59): CodeIgniter\Boot::bootWeb(Object(Config\Paths))
17 SYSTEMPATH/rewrite.php(44): require_once('/Users/diego/Documents/GitHub/propedia26/public/index.php')
WARNING - 2026-08-30 18:13:50 --> [DEPRECATED] ord(): Providing a string that is not one byte long is deprecated. Use ord($str[0]) instead in SYSTEMPATH/ThirdParty/Escaper/Escaper.php on line 250.
 1 SYSTEMPATH/ThirdParty/Escaper/Escaper.php(250): ord('Δ')
 2 SYSTEMPATH/ThirdParty/Escaper/Escaper.php(167): Laminas\Escaper\Escaper->htmlAttrMatcher([...])
 3 [internal function]: Laminas\Escaper\Escaper->{closure:Laminas\Escaper\Escaper::__construct():167}([...])
 4 SYSTEMPATH/ThirdParty/Escaper/Escaper.php(200): preg_replace_callback('/[^a-z0-9,\\.\\-_]/iSu', Object(Closure), 'Dissociation Entropy (TΔS): Entropic cost of the association, in kcal/mol. It always opposes the formation of the complex and is taken into account in the calculation of ΔGdiss.')
 5 SYSTEMPATH/Common.php(448): Laminas\Escaper\Escaper->escapeHtmlAttr('Dissociation Entropy (TΔS): Entropic cost of the association, in kcal/mol. It always opposes the formation of the complex and is taken into account in the calculation of ΔGdiss.')
 6 APPPATH/Views/entry.php(617): esc('Dissociation Entropy (TΔS): Entropic cost of the association, in kcal/mol. It always opposes the formation of the complex and is taken into account in the calculation of ΔGdiss.', 'attr')
 7 SYSTEMPATH/View/View.php(226): include('/Users/diego/Documents/GitHub/propedia26/app/Views/entry.php')
 8 SYSTEMPATH/View/View.php(229): CodeIgniter\View\View->{closure:CodeIgniter\View\View::render():223}()
 9 SYSTEMPATH/Common.php(1167): CodeIgniter\View\View->render('entry', [], true)
10 APPPATH/Controllers/Entry.php(58): view('entry', [...])
11 SYSTEMPATH/CodeIgniter.php(933): App\Controllers\Entry->entry('1WRZ-B-A')
12 SYSTEMPATH/CodeIgniter.php(507): CodeIgniter\CodeIgniter->runController(Object(App\Controllers\Entry))
13 SYSTEMPATH/CodeIgniter.php(354): CodeIgniter\CodeIgniter->handleRequest(null, Object(Config\Cache), false)
14 SYSTEMPATH/Boot.php(363): CodeIgniter\CodeIgniter->run()
15 SYSTEMPATH/Boot.php(68): CodeIgniter\Boot::runCodeIgniter(Object(CodeIgniter\CodeIgniter))
16 FCPATH/index.php(59): CodeIgniter\Boot::bootWeb(Object(Config\Paths))
17 SYSTEMPATH/rewrite.php(44): require_once('/Users/diego/Documents/GitHub/propedia26/public/index.php')
DEBUG - 2026-08-30 18:13:50 --> Session: Class initialized using 'CodeIgniter\Session\Handlers\FileHandler' driver.
WARNING - 2026-08-30 18:14:04 --> [DEPRECATED] fgetcsv(): the $escape parameter must be provided as its default value will change in APPPATH/Controllers/Entry.php on line 148.
 1 APPPATH/Controllers/Entry.php(148): fgetcsv(resource (stream), 0, ';')
 2 SYSTEMPATH/CodeIgniter.php(933): App\Controllers\Entry->multipro('1MT1-A')
 3 SYSTEMPATH/CodeIgniter.php(507): CodeIgniter\CodeIgniter->runController(Object(App\Controllers\Entry))
 4 SYSTEMPATH/CodeIgniter.php(354): CodeIgniter\CodeIgniter->handleRequest(null, Object(Config\Cache), false)
 5 SYSTEMPATH/Boot.php(363): CodeIgniter\CodeIgniter->run()
 6 SYSTEMPATH/Boot.php(68): CodeIgniter\Boot::runCodeIgniter(Object(CodeIgniter\CodeIgniter))
 7 FCPATH/index.php(59): CodeIgniter\Boot::bootWeb(Object(Config\Paths))
 8 SYSTEMPATH/rewrite.php(44): require_once('/Users/diego/Documents/GitHub/propedia26/public/index.php')
DEBUG - 2026-08-30 18:14:04 --> Session: Class initialized using 'CodeIgniter\Session\Handlers\FileHandler' driver.
WARNING - 2026-08-30 18:14:41 --> [DEPRECATED] fgetcsv(): the $escape parameter must be provided as its default value will change in APPPATH/Controllers/Entry.php on line 148.
 1 APPPATH/Controllers/Entry.php(148): fgetcsv(resource (stream), 0, ';')
 2 SYSTEMPATH/CodeIgniter.php(933): App\Controllers\Entry->multipro('1MT1-A')
 3 SYSTEMPATH/CodeIgniter.php(507): CodeIgniter\CodeIgniter->runController(Object(App\Controllers\Entry))
 4 SYSTEMPATH/CodeIgniter.php(354): CodeIgniter\CodeIgniter->handleRequest(null, Object(Config\Cache), false)
 5 SYSTEMPATH/Boot.php(363): CodeIgniter\CodeIgniter->run()
 6 SYSTEMPATH/Boot.php(68): CodeIgniter\Boot::runCodeIgniter(Object(CodeIgniter\CodeIgniter))
 7 FCPATH/index.php(59): CodeIgniter\Boot::bootWeb(Object(Config\Paths))
 8 SYSTEMPATH/rewrite.php(44): require_once('/Users/diego/Documents/GitHub/propedia26/public/index.php')
DEBUG - 2026-08-30 18:14:41 --> Session: Class initialized using 'CodeIgniter\Session\Handlers\FileHandler' driver.
DEBUG - 2026-08-30 18:14:41 --> Session: Class initialized using 'CodeIgniter\Session\Handlers\FileHandler' driver.
WARNING - 2026-08-30 18:15:01 --> [DEPRECATED] fgetcsv(): the $escape parameter must be provided as its default value will change in APPPATH/Controllers/Entry.php on line 148.
 1 APPPATH/Controllers/Entry.php(148): fgetcsv(resource (stream), 0, ';')
 2 SYSTEMPATH/CodeIgniter.php(933): App\Controllers\Entry->multipro('1MT1-A')
 3 SYSTEMPATH/CodeIgniter.php(507): CodeIgniter\CodeIgniter->runController(Object(App\Controllers\Entry))
 4 SYSTEMPATH/CodeIgniter.php(354): CodeIgniter\CodeIgniter->handleRequest(null, Object(Config\Cache), false)
 5 SYSTEMPATH/Boot.php(363): CodeIgniter\CodeIgniter->run()
 6 SYSTEMPATH/Boot.php(68): CodeIgniter\Boot::runCodeIgniter(Object(CodeIgniter\CodeIgniter))
 7 FCPATH/index.php(59): CodeIgniter\Boot::bootWeb(Object(Config\Paths))
 8 SYSTEMPATH/rewrite.php(44): require_once('/Users/diego/Documents/GitHub/propedia26/public/index.php')
DEBUG - 2026-08-30 18:15:01 --> Session: Class initialized using 'CodeIgniter\Session\Handlers\FileHandler' driver.
WARNING - 2026-08-30 18:16:21 --> [DEPRECATED] fgetcsv(): the $escape parameter must be provided as its default value will change in APPPATH/Controllers/Entry.php on line 148.
 1 APPPATH/Controllers/Entry.php(148): fgetcsv(resource (stream), 0, ';')
 2 SYSTEMPATH/CodeIgniter.php(933): App\Controllers\Entry->multipro('1MT1-A')
 3 SYSTEMPATH/CodeIgniter.php(507): CodeIgniter\CodeIgniter->runController(Object(App\Controllers\Entry))
 4 SYSTEMPATH/CodeIgniter.php(354): CodeIgniter\CodeIgniter->handleRequest(null, Object(Config\Cache), false)
 5 SYSTEMPATH/Boot.php(363): CodeIgniter\CodeIgniter->run()
 6 SYSTEMPATH/Boot.php(68): CodeIgniter\Boot::runCodeIgniter(Object(CodeIgniter\CodeIgniter))
 7 FCPATH/index.php(59): CodeIgniter\Boot::bootWeb(Object(Config\Paths))
 8 SYSTEMPATH/rewrite.php(44): require_once('/Users/diego/Documents/GitHub/propedia26/public/index.php')
DEBUG - 2026-08-30 18:16:21 --> Session: Class initialized using 'CodeIgniter\Session\Handlers\FileHandler' driver.
WARNING - 2026-08-30 18:17:34 --> [DEPRECATED] fgetcsv(): the $escape parameter must be provided as its default value will change in APPPATH/Controllers/Entry.php on line 148.
 1 APPPATH/Controllers/Entry.php(148): fgetcsv(resource (stream), 0, ';')
 2 SYSTEMPATH/CodeIgniter.php(933): App\Controllers\Entry->multipro('1MT1-A')
 3 SYSTEMPATH/CodeIgniter.php(507): CodeIgniter\CodeIgniter->runController(Object(App\Controllers\Entry))
 4 SYSTEMPATH/CodeIgniter.php(354): CodeIgniter\CodeIgniter->handleRequest(null, Object(Config\Cache), false)
 5 SYSTEMPATH/Boot.php(363): CodeIgniter\CodeIgniter->run()
 6 SYSTEMPATH/Boot.php(68): CodeIgniter\Boot::runCodeIgniter(Object(CodeIgniter\CodeIgniter))
 7 FCPATH/index.php(59): CodeIgniter\Boot::bootWeb(Object(Config\Paths))
 8 SYSTEMPATH/rewrite.php(44): require_once('/Users/diego/Documents/GitHub/propedia26/public/index.php')
DEBUG - 2026-08-30 18:17:34 --> Session: Class initialized using 'CodeIgniter\Session\Handlers\FileHandler' driver.
WARNING - 2026-08-30 18:18:49 --> [DEPRECATED] fgetcsv(): the $escape parameter must be provided as its default value will change in APPPATH/Controllers/Entry.php on line 148.
 1 APPPATH/Controllers/Entry.php(148): fgetcsv(resource (stream), 0, ';')
 2 SYSTEMPATH/CodeIgniter.php(933): App\Controllers\Entry->multipro('1MT1-A')
 3 SYSTEMPATH/CodeIgniter.php(507): CodeIgniter\CodeIgniter->runController(Object(App\Controllers\Entry))
 4 SYSTEMPATH/CodeIgniter.php(354): CodeIgniter\CodeIgniter->handleRequest(null, Object(Config\Cache), false)
 5 SYSTEMPATH/Boot.php(363): CodeIgniter\CodeIgniter->run()
 6 SYSTEMPATH/Boot.php(68): CodeIgniter\Boot::runCodeIgniter(Object(CodeIgniter\CodeIgniter))
 7 FCPATH/index.php(59): CodeIgniter\Boot::bootWeb(Object(Config\Paths))
 8 SYSTEMPATH/rewrite.php(44): require_once('/Users/diego/Documents/GitHub/propedia26/public/index.php')
DEBUG - 2026-08-30 18:18:49 --> Session: Class initialized using 'CodeIgniter\Session\Handlers\FileHandler' driver.
WARNING - 2026-08-30 18:18:52 --> [DEPRECATED] fgetcsv(): the $escape parameter must be provided as its default value will change in APPPATH/Controllers/Entry.php on line 148.
 1 APPPATH/Controllers/Entry.php(148): fgetcsv(resource (stream), 0, ';')
 2 SYSTEMPATH/CodeIgniter.php(933): App\Controllers\Entry->multipro('1MT1-A')
 3 SYSTEMPATH/CodeIgniter.php(507): CodeIgniter\CodeIgniter->runController(Object(App\Controllers\Entry))
 4 SYSTEMPATH/CodeIgniter.php(354): CodeIgniter\CodeIgniter->handleRequest(null, Object(Config\Cache), false)
 5 SYSTEMPATH/Boot.php(363): CodeIgniter\CodeIgniter->run()
 6 SYSTEMPATH/Boot.php(68): CodeIgniter\Boot::runCodeIgniter(Object(CodeIgniter\CodeIgniter))
 7 FCPATH/index.php(59): CodeIgniter\Boot::bootWeb(Object(Config\Paths))
 8 SYSTEMPATH/rewrite.php(44): require_once('/Users/diego/Documents/GitHub/propedia26/public/index.php')
DEBUG - 2026-08-30 18:18:52 --> Session: Class initialized using 'CodeIgniter\Session\Handlers\FileHandler' driver.
WARNING - 2026-08-30 18:22:31 --> [DEPRECATED] fgetcsv(): the $escape parameter must be provided as its default value will change in APPPATH/Controllers/Entry.php on line 148.
 1 APPPATH/Controllers/Entry.php(148): fgetcsv(resource (stream), 0, ';')
 2 SYSTEMPATH/CodeIgniter.php(933): App\Controllers\Entry->multipro('1MT1-A')
 3 SYSTEMPATH/CodeIgniter.php(507): CodeIgniter\CodeIgniter->runController(Object(App\Controllers\Entry))
 4 SYSTEMPATH/CodeIgniter.php(354): CodeIgniter\CodeIgniter->handleRequest(null, Object(Config\Cache), false)
 5 SYSTEMPATH/Boot.php(363): CodeIgniter\CodeIgniter->run()
 6 SYSTEMPATH/Boot.php(68): CodeIgniter\Boot::runCodeIgniter(Object(CodeIgniter\CodeIgniter))
 7 FCPATH/index.php(59): CodeIgniter\Boot::bootWeb(Object(Config\Paths))
 8 SYSTEMPATH/rewrite.php(44): require_once('/Users/diego/Documents/GitHub/propedia26/public/index.php')
DEBUG - 2026-08-30 18:22:31 --> Session: Class initialized using 'CodeIgniter\Session\Handlers\FileHandler' driver.
WARNING - 2026-08-30 18:22:52 --> [DEPRECATED] fgetcsv(): the $escape parameter must be provided as its default value will change in APPPATH/Controllers/Entry.php on line 148.
 1 APPPATH/Controllers/Entry.php(148): fgetcsv(resource (stream), 0, ';')
 2 SYSTEMPATH/CodeIgniter.php(933): App\Controllers\Entry->multipro('1MT1-A')
 3 SYSTEMPATH/CodeIgniter.php(507): CodeIgniter\CodeIgniter->runController(Object(App\Controllers\Entry))
 4 SYSTEMPATH/CodeIgniter.php(354): CodeIgniter\CodeIgniter->handleRequest(null, Object(Config\Cache), false)
 5 SYSTEMPATH/Boot.php(363): CodeIgniter\CodeIgniter->run()
 6 SYSTEMPATH/Boot.php(68): CodeIgniter\Boot::runCodeIgniter(Object(CodeIgniter\CodeIgniter))
 7 FCPATH/index.php(59): CodeIgniter\Boot::bootWeb(Object(Config\Paths))
 8 SYSTEMPATH/rewrite.php(44): require_once('/Users/diego/Documents/GitHub/propedia26/public/index.php')
DEBUG - 2026-08-30 18:22:52 --> Session: Class initialized using 'CodeIgniter\Session\Handlers\FileHandler' driver.
WARNING - 2026-08-30 18:23:00 --> [DEPRECATED] fgetcsv(): the $escape parameter must be provided as its default value will change in APPPATH/Controllers/Entry.php on line 148.
 1 APPPATH/Controllers/Entry.php(148): fgetcsv(resource (stream), 0, ';')
 2 SYSTEMPATH/CodeIgniter.php(933): App\Controllers\Entry->multipro('1MT1-A')
 3 SYSTEMPATH/CodeIgniter.php(507): CodeIgniter\CodeIgniter->runController(Object(App\Controllers\Entry))
 4 SYSTEMPATH/CodeIgniter.php(354): CodeIgniter\CodeIgniter->handleRequest(null, Object(Config\Cache), false)
 5 SYSTEMPATH/Boot.php(363): CodeIgniter\CodeIgniter->run()
 6 SYSTEMPATH/Boot.php(68): CodeIgniter\Boot::runCodeIgniter(Object(CodeIgniter\CodeIgniter))
 7 FCPATH/index.php(59): CodeIgniter\Boot::bootWeb(Object(Config\Paths))
 8 SYSTEMPATH/rewrite.php(44): require_once('/Users/diego/Documents/GitHub/propedia26/public/index.php')
DEBUG - 2026-08-30 18:23:00 --> Session: Class initialized using 'CodeIgniter\Session\Handlers\FileHandler' driver.
WARNING - 2026-08-30 18:23:08 --> [DEPRECATED] fgetcsv(): the $escape parameter must be provided as its default value will change in APPPATH/Controllers/Entry.php on line 148.
 1 APPPATH/Controllers/Entry.php(148): fgetcsv(resource (stream), 0, ';')
 2 SYSTEMPATH/CodeIgniter.php(933): App\Controllers\Entry->multipro('1MT1-A')
 3 SYSTEMPATH/CodeIgniter.php(507): CodeIgniter\CodeIgniter->runController(Object(App\Controllers\Entry))
 4 SYSTEMPATH/CodeIgniter.php(354): CodeIgniter\CodeIgniter->handleRequest(null, Object(Config\Cache), false)
 5 SYSTEMPATH/Boot.php(363): CodeIgniter\CodeIgniter->run()
 6 SYSTEMPATH/Boot.php(68): CodeIgniter\Boot::runCodeIgniter(Object(CodeIgniter\CodeIgniter))
 7 FCPATH/index.php(59): CodeIgniter\Boot::bootWeb(Object(Config\Paths))
 8 SYSTEMPATH/rewrite.php(44): require_once('/Users/diego/Documents/GitHub/propedia26/public/index.php')
DEBUG - 2026-08-30 18:23:08 --> Session: Class initialized using 'CodeIgniter\Session\Handlers\FileHandler' driver.
WARNING - 2026-08-30 18:23:14 --> [DEPRECATED] fgetcsv(): the $escape parameter must be provided as its default value will change in APPPATH/Controllers/Entry.php on line 148.
 1 APPPATH/Controllers/Entry.php(148): fgetcsv(resource (stream), 0, ';')
 2 SYSTEMPATH/CodeIgniter.php(933): App\Controllers\Entry->multipro('1MT1-A')
 3 SYSTEMPATH/CodeIgniter.php(507): CodeIgniter\CodeIgniter->runController(Object(App\Controllers\Entry))
 4 SYSTEMPATH/CodeIgniter.php(354): CodeIgniter\CodeIgniter->handleRequest(null, Object(Config\Cache), false)
 5 SYSTEMPATH/Boot.php(363): CodeIgniter\CodeIgniter->run()
 6 SYSTEMPATH/Boot.php(68): CodeIgniter\Boot::runCodeIgniter(Object(CodeIgniter\CodeIgniter))
 7 FCPATH/index.php(59): CodeIgniter\Boot::bootWeb(Object(Config\Paths))
 8 SYSTEMPATH/rewrite.php(44): require_once('/Users/diego/Documents/GitHub/propedia26/public/index.php')
DEBUG - 2026-08-30 18:23:14 --> Session: Class initialized using 'CodeIgniter\Session\Handlers\FileHandler' driver.
WARNING - 2026-08-30 18:23:38 --> [DEPRECATED] fgetcsv(): the $escape parameter must be provided as its default value will change in APPPATH/Controllers/Entry.php on line 148.
 1 APPPATH/Controllers/Entry.php(148): fgetcsv(resource (stream), 0, ';')
 2 SYSTEMPATH/CodeIgniter.php(933): App\Controllers\Entry->multipro('1MT1-A')
 3 SYSTEMPATH/CodeIgniter.php(507): CodeIgniter\CodeIgniter->runController(Object(App\Controllers\Entry))
 4 SYSTEMPATH/CodeIgniter.php(354): CodeIgniter\CodeIgniter->handleRequest(null, Object(Config\Cache), false)
 5 SYSTEMPATH/Boot.php(363): CodeIgniter\CodeIgniter->run()
 6 SYSTEMPATH/Boot.php(68): CodeIgniter\Boot::runCodeIgniter(Object(CodeIgniter\CodeIgniter))
 7 FCPATH/index.php(59): CodeIgniter\Boot::bootWeb(Object(Config\Paths))
 8 SYSTEMPATH/rewrite.php(44): require_once('/Users/diego/Documents/GitHub/propedia26/public/index.php')
DEBUG - 2026-08-30 18:23:38 --> Session: Class initialized using 'CodeIgniter\Session\Handlers\FileHandler' driver.
WARNING - 2026-08-30 18:24:00 --> [DEPRECATED] fgetcsv(): the $escape parameter must be provided as its default value will change in APPPATH/Controllers/Entry.php on line 148.
 1 APPPATH/Controllers/Entry.php(148): fgetcsv(resource (stream), 0, ';')
 2 SYSTEMPATH/CodeIgniter.php(933): App\Controllers\Entry->multipro('1MT1-A')
 3 SYSTEMPATH/CodeIgniter.php(507): CodeIgniter\CodeIgniter->runController(Object(App\Controllers\Entry))
 4 SYSTEMPATH/CodeIgniter.php(354): CodeIgniter\CodeIgniter->handleRequest(null, Object(Config\Cache), false)
 5 SYSTEMPATH/Boot.php(363): CodeIgniter\CodeIgniter->run()
 6 SYSTEMPATH/Boot.php(68): CodeIgniter\Boot::runCodeIgniter(Object(CodeIgniter\CodeIgniter))
 7 FCPATH/index.php(59): CodeIgniter\Boot::bootWeb(Object(Config\Paths))
 8 SYSTEMPATH/rewrite.php(44): require_once('/Users/diego/Documents/GitHub/propedia26/public/index.php')
DEBUG - 2026-08-30 18:24:00 --> Session: Class initialized using 'CodeIgniter\Session\Handlers\FileHandler' driver.
WARNING - 2026-08-30 18:24:40 --> [DEPRECATED] fgetcsv(): the $escape parameter must be provided as its default value will change in APPPATH/Controllers/Entry.php on line 148.
 1 APPPATH/Controllers/Entry.php(148): fgetcsv(resource (stream), 0, ';')
 2 SYSTEMPATH/CodeIgniter.php(933): App\Controllers\Entry->multipro('1MT1-A')
 3 SYSTEMPATH/CodeIgniter.php(507): CodeIgniter\CodeIgniter->runController(Object(App\Controllers\Entry))
 4 SYSTEMPATH/CodeIgniter.php(354): CodeIgniter\CodeIgniter->handleRequest(null, Object(Config\Cache), false)
 5 SYSTEMPATH/Boot.php(363): CodeIgniter\CodeIgniter->run()
 6 SYSTEMPATH/Boot.php(68): CodeIgniter\Boot::runCodeIgniter(Object(CodeIgniter\CodeIgniter))
 7 FCPATH/index.php(59): CodeIgniter\Boot::bootWeb(Object(Config\Paths))
 8 SYSTEMPATH/rewrite.php(44): require_once('/Users/diego/Documents/GitHub/propedia26/public/index.php')
DEBUG - 2026-08-30 18:24:40 --> Session: Class initialized using 'CodeIgniter\Session\Handlers\FileHandler' driver.
WARNING - 2026-08-30 18:24:47 --> [DEPRECATED] fgetcsv(): the $escape parameter must be provided as its default value will change in APPPATH/Controllers/Entry.php on line 148.
 1 APPPATH/Controllers/Entry.php(148): fgetcsv(resource (stream), 0, ';')
 2 SYSTEMPATH/CodeIgniter.php(933): App\Controllers\Entry->multipro('1MT1-A')
 3 SYSTEMPATH/CodeIgniter.php(507): CodeIgniter\CodeIgniter->runController(Object(App\Controllers\Entry))
 4 SYSTEMPATH/CodeIgniter.php(354): CodeIgniter\CodeIgniter->handleRequest(null, Object(Config\Cache), false)
 5 SYSTEMPATH/Boot.php(363): CodeIgniter\CodeIgniter->run()
 6 SYSTEMPATH/Boot.php(68): CodeIgniter\Boot::runCodeIgniter(Object(CodeIgniter\CodeIgniter))
 7 FCPATH/index.php(59): CodeIgniter\Boot::bootWeb(Object(Config\Paths))
 8 SYSTEMPATH/rewrite.php(44): require_once('/Users/diego/Documents/GitHub/propedia26/public/index.php')
DEBUG - 2026-08-30 18:24:47 --> Session: Class initialized using 'CodeIgniter\Session\Handlers\FileHandler' driver.
WARNING - 2026-08-30 18:25:38 --> [DEPRECATED] fgetcsv(): the $escape parameter must be provided as its default value will change in APPPATH/Controllers/Entry.php on line 148.
 1 APPPATH/Controllers/Entry.php(148): fgetcsv(resource (stream), 0, ';')
 2 SYSTEMPATH/CodeIgniter.php(933): App\Controllers\Entry->multipro('1MT1-A')
 3 SYSTEMPATH/CodeIgniter.php(507): CodeIgniter\CodeIgniter->runController(Object(App\Controllers\Entry))
 4 SYSTEMPATH/CodeIgniter.php(354): CodeIgniter\CodeIgniter->handleRequest(null, Object(Config\Cache), false)
 5 SYSTEMPATH/Boot.php(363): CodeIgniter\CodeIgniter->run()
 6 SYSTEMPATH/Boot.php(68): CodeIgniter\Boot::runCodeIgniter(Object(CodeIgniter\CodeIgniter))
 7 FCPATH/index.php(59): CodeIgniter\Boot::bootWeb(Object(Config\Paths))
 8 SYSTEMPATH/rewrite.php(44): require_once('/Users/diego/Documents/GitHub/propedia26/public/index.php')
DEBUG - 2026-08-30 18:25:38 --> Session: Class initialized using 'CodeIgniter\Session\Handlers\FileHandler' driver.
WARNING - 2026-08-30 18:27:02 --> [DEPRECATED] fgetcsv(): the $escape parameter must be provided as its default value will change in APPPATH/Controllers/Entry.php on line 148.
 1 APPPATH/Controllers/Entry.php(148): fgetcsv(resource (stream), 0, ';')
 2 SYSTEMPATH/CodeIgniter.php(933): App\Controllers\Entry->multipro('1MT1-A')
 3 SYSTEMPATH/CodeIgniter.php(507): CodeIgniter\CodeIgniter->runController(Object(App\Controllers\Entry))
 4 SYSTEMPATH/CodeIgniter.php(354): CodeIgniter\CodeIgniter->handleRequest(null, Object(Config\Cache), false)
 5 SYSTEMPATH/Boot.php(363): CodeIgniter\CodeIgniter->run()
 6 SYSTEMPATH/Boot.php(68): CodeIgniter\Boot::runCodeIgniter(Object(CodeIgniter\CodeIgniter))
 7 FCPATH/index.php(59): CodeIgniter\Boot::bootWeb(Object(Config\Paths))
 8 SYSTEMPATH/rewrite.php(44): require_once('/Users/diego/Documents/GitHub/propedia26/public/index.php')
DEBUG - 2026-08-30 18:27:02 --> Session: Class initialized using 'CodeIgniter\Session\Handlers\FileHandler' driver.
WARNING - 2026-08-30 18:27:36 --> [DEPRECATED] fgetcsv(): the $escape parameter must be provided as its default value will change in APPPATH/Controllers/Entry.php on line 148.
 1 APPPATH/Controllers/Entry.php(148): fgetcsv(resource (stream), 0, ';')
 2 SYSTEMPATH/CodeIgniter.php(933): App\Controllers\Entry->multipro('1MT1-A')
 3 SYSTEMPATH/CodeIgniter.php(507): CodeIgniter\CodeIgniter->runController(Object(App\Controllers\Entry))
 4 SYSTEMPATH/CodeIgniter.php(354): CodeIgniter\CodeIgniter->handleRequest(null, Object(Config\Cache), false)
 5 SYSTEMPATH/Boot.php(363): CodeIgniter\CodeIgniter->run()
 6 SYSTEMPATH/Boot.php(68): CodeIgniter\Boot::runCodeIgniter(Object(CodeIgniter\CodeIgniter))
 7 FCPATH/index.php(59): CodeIgniter\Boot::bootWeb(Object(Config\Paths))
 8 SYSTEMPATH/rewrite.php(44): require_once('/Users/diego/Documents/GitHub/propedia26/public/index.php')
DEBUG - 2026-08-30 18:27:36 --> Session: Class initialized using 'CodeIgniter\Session\Handlers\FileHandler' driver.
WARNING - 2026-08-30 18:27:47 --> [DEPRECATED] fgetcsv(): the $escape parameter must be provided as its default value will change in APPPATH/Controllers/Entry.php on line 148.
 1 APPPATH/Controllers/Entry.php(148): fgetcsv(resource (stream), 0, ';')
 2 SYSTEMPATH/CodeIgniter.php(933): App\Controllers\Entry->multipro('1MT1-A')
 3 SYSTEMPATH/CodeIgniter.php(507): CodeIgniter\CodeIgniter->runController(Object(App\Controllers\Entry))
 4 SYSTEMPATH/CodeIgniter.php(354): CodeIgniter\CodeIgniter->handleRequest(null, Object(Config\Cache), false)
 5 SYSTEMPATH/Boot.php(363): CodeIgniter\CodeIgniter->run()
 6 SYSTEMPATH/Boot.php(68): CodeIgniter\Boot::runCodeIgniter(Object(CodeIgniter\CodeIgniter))
 7 FCPATH/index.php(59): CodeIgniter\Boot::bootWeb(Object(Config\Paths))
 8 SYSTEMPATH/rewrite.php(44): require_once('/Users/diego/Documents/GitHub/propedia26/public/index.php')
DEBUG - 2026-08-30 18:27:47 --> Session: Class initialized using 'CodeIgniter\Session\Handlers\FileHandler' driver.
WARNING - 2026-08-30 18:28:16 --> [DEPRECATED] fgetcsv(): the $escape parameter must be provided as its default value will change in APPPATH/Controllers/Entry.php on line 148.
 1 APPPATH/Controllers/Entry.php(148): fgetcsv(resource (stream), 0, ';')
 2 SYSTEMPATH/CodeIgniter.php(933): App\Controllers\Entry->multipro('1MT1-A')
 3 SYSTEMPATH/CodeIgniter.php(507): CodeIgniter\CodeIgniter->runController(Object(App\Controllers\Entry))
 4 SYSTEMPATH/CodeIgniter.php(354): CodeIgniter\CodeIgniter->handleRequest(null, Object(Config\Cache), false)
 5 SYSTEMPATH/Boot.php(363): CodeIgniter\CodeIgniter->run()
 6 SYSTEMPATH/Boot.php(68): CodeIgniter\Boot::runCodeIgniter(Object(CodeIgniter\CodeIgniter))
 7 FCPATH/index.php(59): CodeIgniter\Boot::bootWeb(Object(Config\Paths))
 8 SYSTEMPATH/rewrite.php(44): require_once('/Users/diego/Documents/GitHub/propedia26/public/index.php')
DEBUG - 2026-08-30 18:28:16 --> Session: Class initialized using 'CodeIgniter\Session\Handlers\FileHandler' driver.
WARNING - 2026-08-30 18:29:45 --> [DEPRECATED] fgetcsv(): the $escape parameter must be provided as its default value will change in APPPATH/Controllers/Entry.php on line 148.
 1 APPPATH/Controllers/Entry.php(148): fgetcsv(resource (stream), 0, ';')
 2 SYSTEMPATH/CodeIgniter.php(933): App\Controllers\Entry->multipro('1MT1-A')
 3 SYSTEMPATH/CodeIgniter.php(507): CodeIgniter\CodeIgniter->runController(Object(App\Controllers\Entry))
 4 SYSTEMPATH/CodeIgniter.php(354): CodeIgniter\CodeIgniter->handleRequest(null, Object(Config\Cache), false)
 5 SYSTEMPATH/Boot.php(363): CodeIgniter\CodeIgniter->run()
 6 SYSTEMPATH/Boot.php(68): CodeIgniter\Boot::runCodeIgniter(Object(CodeIgniter\CodeIgniter))
 7 FCPATH/index.php(59): CodeIgniter\Boot::bootWeb(Object(Config\Paths))
 8 SYSTEMPATH/rewrite.php(44): require_once('/Users/diego/Documents/GitHub/propedia26/public/index.php')
DEBUG - 2026-08-30 18:29:45 --> Session: Class initialized using 'CodeIgniter\Session\Handlers\FileHandler' driver.
WARNING - 2026-08-30 18:31:07 --> [DEPRECATED] fgetcsv(): the $escape parameter must be provided as its default value will change in APPPATH/Controllers/Entry.php on line 148.
 1 APPPATH/Controllers/Entry.php(148): fgetcsv(resource (stream), 0, ';')
 2 SYSTEMPATH/CodeIgniter.php(933): App\Controllers\Entry->multipro('1MT1-A')
 3 SYSTEMPATH/CodeIgniter.php(507): CodeIgniter\CodeIgniter->runController(Object(App\Controllers\Entry))
 4 SYSTEMPATH/CodeIgniter.php(354): CodeIgniter\CodeIgniter->handleRequest(null, Object(Config\Cache), false)
 5 SYSTEMPATH/Boot.php(363): CodeIgniter\CodeIgniter->run()
 6 SYSTEMPATH/Boot.php(68): CodeIgniter\Boot::runCodeIgniter(Object(CodeIgniter\CodeIgniter))
 7 FCPATH/index.php(59): CodeIgniter\Boot::bootWeb(Object(Config\Paths))
 8 SYSTEMPATH/rewrite.php(44): require_once('/Users/diego/Documents/GitHub/propedia26/public/index.php')
DEBUG - 2026-08-30 18:31:07 --> Session: Class initialized using 'CodeIgniter\Session\Handlers\FileHandler' driver.
WARNING - 2026-08-30 18:31:13 --> [DEPRECATED] fgetcsv(): the $escape parameter must be provided as its default value will change in APPPATH/Controllers/Entry.php on line 148.
 1 APPPATH/Controllers/Entry.php(148): fgetcsv(resource (stream), 0, ';')
 2 SYSTEMPATH/CodeIgniter.php(933): App\Controllers\Entry->multipro('1MT1-A')
 3 SYSTEMPATH/CodeIgniter.php(507): CodeIgniter\CodeIgniter->runController(Object(App\Controllers\Entry))
 4 SYSTEMPATH/CodeIgniter.php(354): CodeIgniter\CodeIgniter->handleRequest(null, Object(Config\Cache), false)
 5 SYSTEMPATH/Boot.php(363): CodeIgniter\CodeIgniter->run()
 6 SYSTEMPATH/Boot.php(68): CodeIgniter\Boot::runCodeIgniter(Object(CodeIgniter\CodeIgniter))
 7 FCPATH/index.php(59): CodeIgniter\Boot::bootWeb(Object(Config\Paths))
 8 SYSTEMPATH/rewrite.php(44): require_once('/Users/diego/Documents/GitHub/propedia26/public/index.php')
DEBUG - 2026-08-30 18:31:13 --> Session: Class initialized using 'CodeIgniter\Session\Handlers\FileHandler' driver.
WARNING - 2026-08-30 18:32:34 --> [DEPRECATED] fgetcsv(): the $escape parameter must be provided as its default value will change in APPPATH/Controllers/Entry.php on line 148.
 1 APPPATH/Controllers/Entry.php(148): fgetcsv(resource (stream), 0, ';')
 2 SYSTEMPATH/CodeIgniter.php(933): App\Controllers\Entry->multipro('1MT1-A')
 3 SYSTEMPATH/CodeIgniter.php(507): CodeIgniter\CodeIgniter->runController(Object(App\Controllers\Entry))
 4 SYSTEMPATH/CodeIgniter.php(354): CodeIgniter\CodeIgniter->handleRequest(null, Object(Config\Cache), false)
 5 SYSTEMPATH/Boot.php(363): CodeIgniter\CodeIgniter->run()
 6 SYSTEMPATH/Boot.php(68): CodeIgniter\Boot::runCodeIgniter(Object(CodeIgniter\CodeIgniter))
 7 FCPATH/index.php(59): CodeIgniter\Boot::bootWeb(Object(Config\Paths))
 8 SYSTEMPATH/rewrite.php(44): require_once('/Users/diego/Documents/GitHub/propedia26/public/index.php')
DEBUG - 2026-08-30 18:32:34 --> Session: Class initialized using 'CodeIgniter\Session\Handlers\FileHandler' driver.
WARNING - 2026-08-30 18:34:20 --> [DEPRECATED] fgetcsv(): the $escape parameter must be provided as its default value will change in APPPATH/Controllers/Entry.php on line 148.
 1 APPPATH/Controllers/Entry.php(148): fgetcsv(resource (stream), 0, ';')
 2 SYSTEMPATH/CodeIgniter.php(933): App\Controllers\Entry->multipro('1MT1-A')
 3 SYSTEMPATH/CodeIgniter.php(507): CodeIgniter\CodeIgniter->runController(Object(App\Controllers\Entry))
 4 SYSTEMPATH/CodeIgniter.php(354): CodeIgniter\CodeIgniter->handleRequest(null, Object(Config\Cache), false)
 5 SYSTEMPATH/Boot.php(363): CodeIgniter\CodeIgniter->run()
 6 SYSTEMPATH/Boot.php(68): CodeIgniter\Boot::runCodeIgniter(Object(CodeIgniter\CodeIgniter))
 7 FCPATH/index.php(59): CodeIgniter\Boot::bootWeb(Object(Config\Paths))
 8 SYSTEMPATH/rewrite.php(44): require_once('/Users/diego/Documents/GitHub/propedia26/public/index.php')
DEBUG - 2026-08-30 18:34:20 --> Session: Class initialized using 'CodeIgniter\Session\Handlers\FileHandler' driver.
DEBUG - 2026-08-30 18:35:17 --> Session: Class initialized using 'CodeIgniter\Session\Handlers\FileHandler' driver.
WARNING - 2026-08-30 18:35:58 --> [DEPRECATED] fgetcsv(): the $escape parameter must be provided as its default value will change in APPPATH/Controllers/Entry.php on line 148.
 1 APPPATH/Controllers/Entry.php(148): fgetcsv(resource (stream), 0, ';')
 2 SYSTEMPATH/CodeIgniter.php(933): App\Controllers\Entry->multipro('1MT1-A')
 3 SYSTEMPATH/CodeIgniter.php(507): CodeIgniter\CodeIgniter->runController(Object(App\Controllers\Entry))
 4 SYSTEMPATH/CodeIgniter.php(354): CodeIgniter\CodeIgniter->handleRequest(null, Object(Config\Cache), false)
 5 SYSTEMPATH/Boot.php(363): CodeIgniter\CodeIgniter->run()
 6 SYSTEMPATH/Boot.php(68): CodeIgniter\Boot::runCodeIgniter(Object(CodeIgniter\CodeIgniter))
 7 FCPATH/index.php(59): CodeIgniter\Boot::bootWeb(Object(Config\Paths))
 8 SYSTEMPATH/rewrite.php(44): require_once('/Users/diego/Documents/GitHub/propedia26/public/index.php')
DEBUG - 2026-08-30 18:35:58 --> Session: Class initialized using 'CodeIgniter\Session\Handlers\FileHandler' driver.
WARNING - 2026-08-30 18:38:30 --> [DEPRECATED] fgetcsv(): the $escape parameter must be provided as its default value will change in APPPATH/Controllers/Entry.php on line 148.
 1 APPPATH/Controllers/Entry.php(148): fgetcsv(resource (stream), 0, ';')
 2 SYSTEMPATH/CodeIgniter.php(933): App\Controllers\Entry->multipro('1MT1-A')
 3 SYSTEMPATH/CodeIgniter.php(507): CodeIgniter\CodeIgniter->runController(Object(App\Controllers\Entry))
 4 SYSTEMPATH/CodeIgniter.php(354): CodeIgniter\CodeIgniter->handleRequest(null, Object(Config\Cache), false)
 5 SYSTEMPATH/Boot.php(363): CodeIgniter\CodeIgniter->run()
 6 SYSTEMPATH/Boot.php(68): CodeIgniter\Boot::runCodeIgniter(Object(CodeIgniter\CodeIgniter))
 7 FCPATH/index.php(59): CodeIgniter\Boot::bootWeb(Object(Config\Paths))
 8 SYSTEMPATH/rewrite.php(44): require_once('/Users/diego/Documents/GitHub/propedia26/public/index.php')
DEBUG - 2026-08-30 18:38:30 --> Session: Class initialized using 'CodeIgniter\Session\Handlers\FileHandler' driver.
WARNING - 2026-08-30 18:38:42 --> [DEPRECATED] fgetcsv(): the $escape parameter must be provided as its default value will change in APPPATH/Controllers/Entry.php on line 148.
 1 APPPATH/Controllers/Entry.php(148): fgetcsv(resource (stream), 0, ';')
 2 SYSTEMPATH/CodeIgniter.php(933): App\Controllers\Entry->multipro('1MT1-A')
 3 SYSTEMPATH/CodeIgniter.php(507): CodeIgniter\CodeIgniter->runController(Object(App\Controllers\Entry))
 4 SYSTEMPATH/CodeIgniter.php(354): CodeIgniter\CodeIgniter->handleRequest(null, Object(Config\Cache), false)
 5 SYSTEMPATH/Boot.php(363): CodeIgniter\CodeIgniter->run()
 6 SYSTEMPATH/Boot.php(68): CodeIgniter\Boot::runCodeIgniter(Object(CodeIgniter\CodeIgniter))
 7 FCPATH/index.php(59): CodeIgniter\Boot::bootWeb(Object(Config\Paths))
 8 SYSTEMPATH/rewrite.php(44): require_once('/Users/diego/Documents/GitHub/propedia26/public/index.php')
DEBUG - 2026-08-30 18:38:42 --> Session: Class initialized using 'CodeIgniter\Session\Handlers\FileHandler' driver.
WARNING - 2026-08-30 18:39:38 --> [DEPRECATED] fgetcsv(): the $escape parameter must be provided as its default value will change in APPPATH/Controllers/Entry.php on line 148.
 1 APPPATH/Controllers/Entry.php(148): fgetcsv(resource (stream), 0, ';')
 2 SYSTEMPATH/CodeIgniter.php(933): App\Controllers\Entry->multipro('1MT1-A')
 3 SYSTEMPATH/CodeIgniter.php(507): CodeIgniter\CodeIgniter->runController(Object(App\Controllers\Entry))
 4 SYSTEMPATH/CodeIgniter.php(354): CodeIgniter\CodeIgniter->handleRequest(null, Object(Config\Cache), false)
 5 SYSTEMPATH/Boot.php(363): CodeIgniter\CodeIgniter->run()
 6 SYSTEMPATH/Boot.php(68): CodeIgniter\Boot::runCodeIgniter(Object(CodeIgniter\CodeIgniter))
 7 FCPATH/index.php(59): CodeIgniter\Boot::bootWeb(Object(Config\Paths))
 8 SYSTEMPATH/rewrite.php(44): require_once('/Users/diego/Documents/GitHub/propedia26/public/index.php')
DEBUG - 2026-08-30 18:39:38 --> Session: Class initialized using 'CodeIgniter\Session\Handlers\FileHandler' driver.
DEBUG - 2026-08-30 18:40:09 --> Session: Class initialized using 'CodeIgniter\Session\Handlers\FileHandler' driver.
WARNING - 2026-08-30 18:40:11 --> [DEPRECATED] fgetcsv(): the $escape parameter must be provided as its default value will change in APPPATH/Controllers/Entry.php on line 148.
 1 APPPATH/Controllers/Entry.php(148): fgetcsv(resource (stream), 0, ';')
 2 SYSTEMPATH/CodeIgniter.php(933): App\Controllers\Entry->multipro('1MT1-A')
 3 SYSTEMPATH/CodeIgniter.php(507): CodeIgniter\CodeIgniter->runController(Object(App\Controllers\Entry))
 4 SYSTEMPATH/CodeIgniter.php(354): CodeIgniter\CodeIgniter->handleRequest(null, Object(Config\Cache), false)
 5 SYSTEMPATH/Boot.php(363): CodeIgniter\CodeIgniter->run()
 6 SYSTEMPATH/Boot.php(68): CodeIgniter\Boot::runCodeIgniter(Object(CodeIgniter\CodeIgniter))
 7 FCPATH/index.php(59): CodeIgniter\Boot::bootWeb(Object(Config\Paths))
 8 SYSTEMPATH/rewrite.php(44): require_once('/Users/diego/Documents/GitHub/propedia26/public/index.php')
DEBUG - 2026-08-30 18:40:11 --> Session: Class initialized using 'CodeIgniter\Session\Handlers\FileHandler' driver.
WARNING - 2026-08-30 19:19:09 --> [DEPRECATED] fgetcsv(): the $escape parameter must be provided as its default value will change in APPPATH/Controllers/Entry.php on line 148.
 1 APPPATH/Controllers/Entry.php(148): fgetcsv(resource (stream), 0, ';')
 2 SYSTEMPATH/CodeIgniter.php(933): App\Controllers\Entry->multipro('1MT1-A')
 3 SYSTEMPATH/CodeIgniter.php(507): CodeIgniter\CodeIgniter->runController(Object(App\Controllers\Entry))
 4 SYSTEMPATH/CodeIgniter.php(354): CodeIgniter\CodeIgniter->handleRequest(null, Object(Config\Cache), false)
 5 SYSTEMPATH/Boot.php(363): CodeIgniter\CodeIgniter->run()
 6 SYSTEMPATH/Boot.php(68): CodeIgniter\Boot::runCodeIgniter(Object(CodeIgniter\CodeIgniter))
 7 FCPATH/index.php(59): CodeIgniter\Boot::bootWeb(Object(Config\Paths))
 8 SYSTEMPATH/rewrite.php(44): require_once('/Users/diego/Documents/GitHub/propedia26/public/index.php')
DEBUG - 2026-08-30 19:19:09 --> Session: Class initialized using 'CodeIgniter\Session\Handlers\FileHandler' driver.
WARNING - 2026-08-30 19:19:09 --> [DEPRECATED] fgetcsv(): the $escape parameter must be provided as its default value will change in APPPATH/Controllers/Entry.php on line 148.
 1 APPPATH/Controllers/Entry.php(148): fgetcsv(resource (stream), 0, ';')
 2 SYSTEMPATH/CodeIgniter.php(933): App\Controllers\Entry->multipro('1MT1-A')
 3 SYSTEMPATH/CodeIgniter.php(507): CodeIgniter\CodeIgniter->runController(Object(App\Controllers\Entry))
 4 SYSTEMPATH/CodeIgniter.php(354): CodeIgniter\CodeIgniter->handleRequest(null, Object(Config\Cache), false)
 5 SYSTEMPATH/Boot.php(363): CodeIgniter\CodeIgniter->run()
 6 SYSTEMPATH/Boot.php(68): CodeIgniter\Boot::runCodeIgniter(Object(CodeIgniter\CodeIgniter))
 7 FCPATH/index.php(59): CodeIgniter\Boot::bootWeb(Object(Config\Paths))
 8 SYSTEMPATH/rewrite.php(44): require_once('/Users/diego/Documents/GitHub/propedia26/public/index.php')
DEBUG - 2026-08-30 19:19:09 --> Session: Class initialized using 'CodeIgniter\Session\Handlers\FileHandler' driver.
WARNING - 2026-08-30 19:19:32 --> [DEPRECATED] fgetcsv(): the $escape parameter must be provided as its default value will change in APPPATH/Controllers/Entry.php on line 148.
 1 APPPATH/Controllers/Entry.php(148): fgetcsv(resource (stream), 0, ';')
 2 SYSTEMPATH/CodeIgniter.php(933): App\Controllers\Entry->multipro('1MT1-A')
 3 SYSTEMPATH/CodeIgniter.php(507): CodeIgniter\CodeIgniter->runController(Object(App\Controllers\Entry))
 4 SYSTEMPATH/CodeIgniter.php(354): CodeIgniter\CodeIgniter->handleRequest(null, Object(Config\Cache), false)
 5 SYSTEMPATH/Boot.php(363): CodeIgniter\CodeIgniter->run()
 6 SYSTEMPATH/Boot.php(68): CodeIgniter\Boot::runCodeIgniter(Object(CodeIgniter\CodeIgniter))
 7 FCPATH/index.php(59): CodeIgniter\Boot::bootWeb(Object(Config\Paths))
 8 SYSTEMPATH/rewrite.php(44): require_once('/Users/diego/Documents/GitHub/propedia26/public/index.php')
DEBUG - 2026-08-30 19:19:32 --> Session: Class initialized using 'CodeIgniter\Session\Handlers\FileHandler' driver.
DEBUG - 2026-08-30 19:54:25 --> Session: Class initialized using 'CodeIgniter\Session\Handlers\FileHandler' driver.
DEBUG - 2026-08-30 19:54:45 --> Session: Class initialized using 'CodeIgniter\Session\Handlers\FileHandler' driver.
